5.8708e-11,6.3838e-11,1.8425e-11
5.3953e-11,6.0805e-11,2.1155e-11
5.7998e-11,5.9624e-11,1.8143e-11
6.1681e-11,5.8928e-11,1.3314e-11
6.9319e-11,5.399e-11,6.389e-12
6.962e-11,6.016e-11,8.4309e-12
5.979e-11,5.6525e-11,1.3973e-11
6.3003e-11,5.3082e-11,1.1504e-11
5.9906e-11,6.1127e-11,1.5044e-11
6.5414e-11,5.1823e-11,7.8686e-12
6.7928e-11,5.1631e-11,4.3426e-12
5.16e-11,5.8429e-11,2.1703e-11
6.3815e-11,5.2315e-11,1.0882e-11
4.3025e-11,5.2259e-11,2.1054e-11
4.8094e-11,5.5255e-11,2.7792e-11
4.9176e-11,5.803e-11,1.8722e-11
5.3867e-11,5.766e-11,1.4195e-11
5.4527e-11,5.7122e-11,1.9574e-11
6.244e-11,5.1575e-11,1.0023e-11
4.4553e-11,5.5609e-11,2.1797e-11
4.7781e-11,5.5086e-11,2.0132e-11
4.6925e-11,5.1097e-11,2.2199e-11
5.1244e-11,5.4105e-11,1.8525e-11
5.9057e-11,5.2756e-11,1.3108e-11
6.3681e-11,5.5255e-11,1.3286e-11
6.1617e-11,5.1053e-11,1.503e-11
4.732e-11,4.5252e-11,3.3069e-11
4.9162e-11,5.6222e-11,3.0613e-11
4.0947e-11,5.2906e-11,2.3257e-11
6.0296e-11,5.8118e-11,2.0507e-11
4.6053e-11,5.1269e-11,2.286e-11
5.6037e-11,4.7788e-11,1.3692e-11
5.9266e-11,5.3815e-11,1.6715e-11
5.8889e-11,5.3056e-11,1.325e-11
4.611e-11,4.8514e-11,3.4191e-11
5.017e-11,6.0512e-11,1.3756e-11
4.8636e-11,5.5705e-11,1.2673e-11
6.6123e-11,5.9623e-11,8.5676e-12
4.5095e-11,5.2835e-11,1.8918e-11
5.6986e-11,4.8433e-11,1.1634e-11
6.1879e-11,5.0741e-11,1.42e-11
4.5765e-11,4.4311e-11,2.7092e-11
4.4434e-11,4.7928e-11,2.2507e-11
5.7411e-11,5.4398e-11,2.9354e-11
3.9681e-11,5.1926e-11,2.2484e-11
5.167e-11,5.498e-11,2.4045e-11
5.42e-11,4.7986e-11,1.8222e-11
4.9909e-11,4.5981e-11,3.0849e-11
4.438e-11,4.3192e-11,3.1628e-11
3.8191e-11,4.6825e-11,2.1725e-11
4.9137e-11,5.6283e-11,1.9107e-11
4.844e-11,5.7002e-11,1.5373e-11
4.2832e-11,5.082e-11,2.164e-11
6.0066e-11,5.1386e-11,6.0484e-12
6.0949e-11,5.0815e-11,3.4316e-12
6.3363e-11,5.1321e-11,2.7135e-12
5.2401e-11,5.0515e-11,1.358e-11
6.2207e-11,4.8108e-11,5.8899e-12
7.0929e-11,4.4293e-11,2.1871e-12
6.2967e-11,4.5672e-11,9.259e-12
7.0891e-11,4.4422e-11,3.7068e-12
5.81e-11,5.072e-11,1.6142e-11
6.201e-11,4.3109e-11,1.2391e-11
4.3716e-11,4.2702e-11,3.2186e-11
3.7235e-11,4.5399e-11,2.2095e-11
4.599e-11,5.3451e-11,2.0536e-11
4.9926e-11,5.1056e-11,1.3156e-11
6.5661e-11,4.323e-11,3.986e-12
4.7165e-11,5.2272e-11,3.5178e-11
5.5163e-11,5.0039e-11,2.1962e-11
5.7143e-11,5.276e-11,1.1503e-11
6.4025e-11,4.4086e-11,6.5204e-12
5.2496e-11,4.7941e-11,1.6595e-11
7.8196e-11,4.1123e-11,4.1165e-12
5.3949e-11,3.9173e-11,3.6783e-11
4.5818e-11,4.3938e-11,2.3826e-11
4.8017e-11,5.0129e-11,3.9936e-11
5.1055e-11,5.0499e-11,3.3997e-11
4.1646e-11,4.6299e-11,2.5791e-11
4.0187e-11,4.3649e-11,2.0313e-11
4.2344e-11,4.4333e-11,1.7216e-11
4.2023e-11,4.4324e-11,1.5607e-11
4.0543e-11,4.476e-11,1.9764e-11
6.0681e-11,4.3155e-11,7.5608e-12
5.0779e-11,4.866e-11,8.7565e-12
5.0708e-11,4.7257e-11,1.8938e-11
5.7764e-11,4.9474e-11,1.2927e-11
5.7226e-11,3.72e-11,3.6743e-11
5.4926e-11,3.7329e-11,3.1184e-11
3.5603e-11,4.4016e-11,1.9172e-11
6.0585e-11,3.2084e-11,3.7941e-11
3.4753e-11,4.2442e-11,2.0284e-11
5.3173e-11,4.9145e-11,1.7414e-11
6.182e-11,4.2113e-11,7.3887e-12
5.0326e-11,4.7247e-11,1.4862e-11
6.4251e-11,4.2585e-11,5.9905e-12
7.375e-11,4.4835e-11,7.4595e-12
7.0287e-11,4.6358e-11,6.3295e-12
5.7946e-11,3.8386e-11,8.1786e-12
7.3588e-11,4.1669e-11,3.9471e-12
3.8912e-11,4.3259e-11,2.4588e-11
4.7498e-11,4.7112e-11,1.718e-11
3.7401e-11,4.7766e-11,1.5848e-11
6.3525e-11,4.2389e-11,6.6573e-12
5.5265e-11,3.5099e-11,3.214e-11
5.0603e-11,3.6265e-11,3.1263e-11
3.8374e-11,3.3628e-11,3.2678e-11
3.8201e-11,4.4247e-11,2.3223e-11
5.7947e-11,4.7103e-11,1.9561e-11
6.4006e-11,4.3604e-11,1.1819e-11
7.1384e-11,3.9705e-11,9.042e-12
7.6369e-11,4.0641e-11,9.682e-12
7.8114e-11,3.8441e-11,5.7317e-12
6.0549e-11,2.8714e-11,4.1772e-11
5.4657e-11,3.4248e-11,3.186e-11
4.0188e-11,4.271e-11,3.2335e-11
4.6152e-11,4.4647e-11,3.7081e-11
3.9243e-11,3.8484e-11,3.0037e-11
6.9329e-11,4.6539e-11,1.2187e-11
3.7578e-11,4.2323e-11,1.642e-11
3.7647e-11,4.004e-11,1.7698e-11
4.6277e-11,3.9426e-11,1.5569e-11
4.8669e-11,3.0948e-11,2.8959e-11
4.2925e-11,3.9723e-11,2.9539e-11
4.1149e-11,3.5676e-11,3.3408e-11
3.4734e-11,4.201e-11,2.0454e-11
6.4128e-11,4.5913e-11,1.4253e-11
4.1264e-11,4.2291e-11,1.3793e-11
4.9465e-11,3.6349e-11,3.7758e-11
3.6901e-11,3.9465e-11,2.1259e-11
4.2355e-11,3.989e-11,3.4853e-11
3.3934e-11,4.2372e-11,2.4614e-11
4.205e-11,4.4802e-11,1.3875e-11
4.7542e-11,4.1109e-11,1.467e-11
6.9127e-11,4.3606e-11,1.4582e-11
6.1279e-11,4.3331e-11,4.5087e-12
5.6204e-11,4.1173e-11,9.874e-12
5.7823e-11,2.8251e-11,3.6336e-11
5.8572e-11,2.7198e-11,3.955e-11
5.2123e-11,3.2912e-11,2.9754e-11
4.2691e-11,3.0695e-11,2.6257e-11
3.1266e-11,3.8996e-11,1.8776e-11
3.2676e-11,3.4783e-11,1.7887e-11
4.7304e-11,4.066e-11,1.3456e-11
4.0628e-11,3.6455e-11,1.7954e-11
4.162e-11,3.7067e-11,1.5611e-11
4.2503e-11,3.74e-11,1.2608e-11
4.3685e-11,4.2031e-11,1.7571e-11
4.865e-11,3.9041e-11,1.6886e-11
5.1491e-11,4.323e-11,1.5893e-11
5.5785e-11,3.6116e-11,1.1813e-11
5.5191e-11,2.6705e-11,3.6078e-11
4.1426e-11,3.2379e-11,2.4318e-11
3.8707e-11,3.9872e-11,3.0546e-11
4.6034e-11,3.9225e-11,2.7641e-11
2.8697e-11,3.9904e-11,1.8948e-11
3.7474e-11,4.4135e-11,1.3323e-11
5.266e-11,4.4351e-11,9.1571e-12
5.7343e-11,4.2934e-11,9.8233e-12
5.61e-11,4.0372e-11,7.7211e-12
5.5798e-11,3.869e-11,1.0166e-11
5.6853e-11,2.742e-11,4.2034e-11
4.2062e-11,3.0041e-11,2.6006e-11
3.8394e-11,3.8118e-11,1.891e-11
2.9348e-11,4.1646e-11,1.8201e-11
3.3328e-11,3.875e-11,2.2167e-11
5.9768e-11,4.0766e-11,1.4202e-11
4.1414e-11,4.4338e-11,1.0904e-11
3.8752e-11,3.9877e-11,1.0878e-11
3.794e-11,4.0693e-11,1.6495e-11
4.8181e-11,4.1788e-11,1.2192e-11
5.3378e-11,3.6546e-11,4.1971e-12
4.6507e-11,3.7996e-11,2.2236e-11
4.1616e-11,3.6878e-11,1.3957e-11
4.207e-11,4.0843e-11,1.5583e-11
7.1468e-11,3.8191e-11,8.8992e-12
4.4491e-11,3.782e-11,1.397e-11
5.5907e-11,3.8217e-11,8.8785e-12
5.6412e-11,3.1147e-11,3.9325e-11
3.6409e-11,3.3233e-11,1.8035e-11
3.6839e-11,3.0866e-11,2.0922e-11
4.003e-11,3.5399e-11,3.2761e-11
3.0873e-11,3.1932e-11,2.2708e-11
3.3015e-11,3.1804e-11,2.3716e-11
6.3898e-11,3.8834e-11,9.8553e-12
4.2703e-11,3.8799e-11,1.6043e-11
4.2897e-11,3.7489e-11,8.2222e-12
6.9455e-11,3.653e-11,8.3576e-12
4.2683e-11,3.8658e-11,1.6172e-11
5.7764e-11,3.1955e-11,5.3469e-12
5.8772e-11,3.1148e-11,3.9912e-12
5.5836e-11,3.2319e-11,1.1417e-11
6.1068e-11,2.1881e-11,4.0331e-11
5.6999e-11,2.3627e-11,3.5943e-11
5.6906e-11,2.6374e-11,3.5814e-11
5.3105e-11,2.8342e-11,3.1456e-11
4.4497e-11,3.0182e-11,2.7407e-11
4.5212e-11,2.7751e-11,2.9315e-11
3.7628e-11,2.9943e-11,1.9662e-11
5.1644e-11,3.8788e-11,1.5767e-11
3.0148e-11,3.5451e-11,1.5873e-11
3.0688e-11,3.4992e-11,1.5432e-11
3.3913e-11,3.8482e-11,1.6386e-11
3.4884e-11,3.9309e-11,1.4455e-11
3.8462e-11,3.8906e-11,1.6739e-11
4.3148e-11,3.7327e-11,1.5424e-11
4.8506e-11,3.5972e-11,8.5313e-12
5.8526e-11,3.2394e-11,4.1196e-12
5.5476e-11,3.7046e-11,9.7893e-12
5.5675e-11,2.3803e-11,3.7223e-11
4.8594e-11,2.9549e-11,3.4804e-11
3.4283e-11,3.0992e-11,2.147e-11
2.7968e-11,3.0262e-11,2.2186e-11
5.9599e-11,3.5533e-11,8.9084e-12
4.3952e-11,3.7064e-11,1.2389e-11
5.0415e-11,3.6612e-11,8.7115e-12
6.0667e-11,2.155e-11,4.3349e-11
4.5949e-11,2.6743e-11,2.9316e-11
4.6181e-11,3.3565e-11,4.2554e-11
3.4388e-11,2.8619e-11,2.8801e-11
3.2604e-11,3.0645e-11,2.5239e-11
3.3916e-11,4.2569e-11,1.9008e-11
4.2836e-11,3.1121e-11,1.294e-11
3.6134e-11,3.9225e-11,1.2981e-11
3.482e-11,3.9878e-11,1.298e-11
3.7054e-11,4.1743e-11,1.3864e-11
4.1372e-11,3.6303e-11,1.2859e-11
5.0548e-11,3.1149e-11,1.2755e-11
5.3439e-11,3.1538e-11,1.0774e-11
6.2573e-11,1.9419e-11,4.5123e-11
4.1229e-11,2.4909e-11,2.5616e-11
5.6668e-11,2.8503e-11,4.4281e-11
3.6512e-11,2.7894e-11,2.1214e-11
3.53e-11,2.8436e-11,2.017e-11
3.204e-11,3.2253e-11,1.954e-11
4.0474e-11,3.8972e-11,1.6346e-11
2.8098e-11,3.4745e-11,1.8374e-11
5.1594e-11,3.6007e-11,8.9689e-12
3.6351e-11,3.992e-11,1.5155e-11
3.6699e-11,3.6661e-11,1.428e-11
4.091e-11,3.7986e-11,1.5244e-11
4.6078e-11,3.2701e-11,9.9443e-12
4.587e-11,3.7296e-11,1.2406e-11
5.9766e-11,2.0342e-11,4.4264e-11
4.5176e-11,2.4295e-11,2.7283e-11
4.2404e-11,2.1945e-11,2.8201e-11
4.3699e-11,2.6176e-11,2.7155e-11
5.0352e-11,3.2507e-11,4.5218e-11
3.3336e-11,3.0303e-11,2.3801e-11
4.7898e-11,3.7702e-11,1.5519e-11
2.6812e-11,3.2224e-11,1.536e-11
3.8509e-11,2.9883e-11,1.59e-11
5.1774e-11,3.5116e-11,1.4227e-11
3.1797e-11,3.4217e-11,1.7462e-11
3.3413e-11,3.3827e-11,1.5305e-11
2.8214e-11,6.0143e-11,6.9764e-11
3.9916e-11,3.7019e-11,1.7513e-11
3.8052e-11,3.7213e-11,1.2047e-11
6.2217e-11,1.8276e-11,4.4181e-11
5.3316e-11,2.2464e-11,3.6414e-11
6.4476e-11,2.4713e-11,4.3351e-11
6.3094e-11,2.6027e-11,4.0314e-11
5.6135e-11,2.9238e-11,4.6105e-11
3.9604e-11,2.3634e-11,3.4335e-11
3.5553e-11,2.6068e-11,2.9316e-11
2.7513e-11,3.3769e-11,1.6188e-11
3.2471e-11,3.0089e-11,2.387e-11
3.9116e-11,3.7556e-11,1.743e-11
2.5084e-11,3.0513e-11,1.6647e-11
3.4436e-11,5.1288e-11,6.6281e-11
5.1009e-11,3.8966e-11,1.4192e-11
4.3097e-11,3.4724e-11,1.0102e-11
2.8917e-11,3.5453e-11,1.5121e-11
5.0794e-11,3.5113e-11,1.1586e-11
3.1034e-11,3.113e-11,1.4022e-11
3.0361e-11,3.0042e-11,1.3366e-11
3.427e-11,3.2336e-11,1.757e-11
3.3618e-11,3.3739e-11,1.5758e-11
3.3877e-11,3.5475e-11,1.5964e-11
2.6493e-11,5.3961e-11,6.1656e-11
3.8077e-11,3.0145e-11,1.4068e-11
5.1843e-11,3.1642e-11,1.1628e-11
5.013e-11,3.3702e-11,1.1723e-11
5.1996e-11,2.1768e-11,3.8815e-11
5.1084e-11,2.2315e-11,3.7623e-11
4.7217e-11,2.2552e-11,3.1588e-11
3.7649e-11,2.6866e-11,2.2038e-11
5.0099e-11,2.7583e-11,3.8922e-11
3.4667e-11,2.7514e-11,2.2396e-11
3.5033e-11,2.7959e-11,2.2248e-11
4.2019e-11,2.9699e-11,3.1525e-11
3.9272e-11,3.3312e-11,3.3057e-11
3.3967e-11,3.6099e-11,2.813e-11
3.5622e-11,2.7596e-11,2.6747e-11
3.9572e-11,3.4068e-11,2.0046e-11
3.4918e-11,4.7635e-11,6.5866e-11
3.231e-11,3.2341e-11,1.9099e-11
3.4389e-11,3.5699e-11,1.6087e-11
3.3234e-11,3.3799e-11,1.4168e-11
3.7179e-11,2.8402e-11,1.1582e-11
3.4505e-11,3.4098e-11,1.5245e-11
3.3658e-11,3.4872e-11,1.2608e-11
2.6067e-11,5.5196e-11,6.1981e-11
4.0852e-11,3.7642e-11,1.2234e-11
4.3191e-11,3.104e-11,7.3799e-12
2.0809e-11,5.5968e-11,5.6394e-11
2.0229e-11,5.7648e-11,4.9747e-11
5.2964e-11,2.3091e-11,3.6548e-11
6.2923e-11,2.5497e-11,4.3498e-11
6.0479e-11,2.3023e-11,4.0805e-11
4.9841e-11,2.3195e-11,4.7792e-11
4.8389e-11,2.4829e-11,2.7177e-11
4.182e-11,2.1565e-11,3.1338e-11
4.0813e-11,3.2013e-11,3.3732e-11
2.8487e-11,3.1644e-11,1.3513e-11
3.3447e-11,2.8544e-11,2.2884e-11
2.5041e-11,2.8314e-11,1.857e-11
3.1803e-11,3.0252e-11,2.0391e-11
3.139e-11,2.8289e-11,2.1815e-11
3.1392e-11,4.4703e-11,5.914e-11
3.3138e-11,3.2053e-11,1.0301e-11
2.924e-11,5.3776e-11,6.4662e-11
3.098e-11,4.5929e-11,5.4094e-11
2.9953e-11,5.9969e-11,6.7703e-11
2.5471e-11,4.9637e-11,5.7839e-11
4.7244e-11,3.2893e-11,6.744e-12
2.604e-11,6.2996e-11,6.0924e-11
5.1615e-11,2.0879e-11,4.073e-11
6.5311e-11,2.3276e-11,4.7076e-11
5.7308e-11,2.5386e-11,4.3844e-11
5.5374e-11,2.418e-11,5.0605e-11
3.8278e-11,2.5092e-11,2.4079e-11
5.9425e-11,2.4538e-11,4.4178e-11
3.7559e-11,2.3018e-11,1.9806e-11
6.2134e-11,2.57e-11,4.3066e-11
5.5571e-11,2.8501e-11,4.1774e-11
3.2118e-11,2.4044e-11,1.9499e-11
3.9369e-11,2.4684e-11,2.8613e-11
3.8231e-11,3.1679e-11,2.4975e-11
4.1209e-11,3.954e-11,5.0059e-11
3.4208e-11,5.4547e-11,6.5058e-11
3.3468e-11,3.1883e-11,1.7371e-11
3.0672e-11,3.2685e-11,1.6244e-11
2.6774e-11,5.6836e-11,5.5853e-11
4.2263e-11,3.5056e-11,1.709e-11
2.5838e-11,4.5514e-11,4.9041e-11
2.1512e-11,4.8228e-11,5.2947e-11
4.6293e-11,3.5998e-11,1.2422e-11
5.9027e-11,2.71e-11,3.6031e-11
4.3368e-11,2.4738e-11,2.6459e-11
6.3741e-11,2.4246e-11,4.0848e-11
5.9116e-11,2.4763e-11,4.2127e-11
3.6327e-11,2.6289e-11,2.1378e-11
4.8439e-11,2.3324e-11,4.0554e-11
4.0814e-11,4.0452e-11,5.4135e-11
4.0971e-11,3.0046e-11,2.6443e-11
3.7491e-11,4.5826e-11,5.6201e-11
2.7771e-11,3.2752e-11,1.3947e-11
2.5578e-11,3.2059e-11,1.2653e-11
3.1322e-11,2.991e-11,1.2464e-11
2.757e-11,3.7665e-11,5.2534e-11
2.8001e-11,2.8831e-11,1.3413e-11
4.5532e-11,3.2575e-11,1.1302e-11
2.5726e-11,2.7794e-11,1.4758e-11
2.699e-11,4.1188e-11,5.0962e-11
2.8368e-11,4.0284e-11,5.1207e-11
2.2498e-11,4.639e-11,5.1158e-11
4.6683e-11,3.0769e-11,1.2447e-11
4.9044e-11,3.3028e-11,9.6292e-12
2.4503e-11,6.1577e-11,4.5522e-11
5.3372e-11,2.1917e-11,3.9323e-11
5.1905e-11,2.2122e-11,3.7992e-11
6.4298e-11,2.1382e-11,4.2328e-11
3.3098e-11,2.7129e-11,1.7523e-11
4.2921e-11,4.2608e-11,5.6519e-11
4.7323e-11,2.3801e-11,2.381e-11
3.6495e-11,2.3249e-11,2.5886e-11
2.6593e-11,2.9543e-11,1.3702e-11
3.7938e-11,1.9806e-11,2.7604e-11
3.8471e-11,3.0495e-11,2.2387e-11
4.1666e-11,3.7756e-11,4.8361e-11
2.578e-11,4.2442e-11,4.2526e-11
2.6544e-11,3.2924e-11,1.3103e-11
2.8066e-11,3.4218e-11,1.3433e-11
2.9092e-11,2.9571e-11,1.0792e-11
2.7605e-11,4.0378e-11,5.0705e-11
2.7248e-11,5.0672e-11,6.3256e-11
4.0028e-11,3.1149e-11,1.2938e-11
4.7456e-11,3.2585e-11,8.624e-12
2.0567e-11,5.3264e-11,4.5847e-11
2.0176e-11,5.8457e-11,4.4473e-11
2.1301e-11,5.584e-11,4.2746e-11
5.6247e-11,1.9229e-11,3.8152e-11
5.2156e-11,1.9623e-11,3.6605e-11
6.2613e-11,2.0156e-11,4.0451e-11
4.5165e-11,2.4229e-11,2.9388e-11
5.9707e-11,2.3e-11,4.39e-11
4.8726e-11,2.3909e-11,4.9693e-11
4.1529e-11,2.5098e-11,2.4614e-11
5.2668e-11,2.1243e-11,3.9013e-11
5.875e-11,2.6102e-11,4.2109e-11
3.3292e-11,1.8559e-11,1.9481e-11
4.6579e-11,2.0793e-11,3.0083e-11
4.4199e-11,3.9559e-11,5.6779e-11
4.5171e-11,1.8916e-11,3.305e-11
4.4075e-11,4.0575e-11,5.3844e-11
3.192e-11,2.8458e-11,1.5726e-11
3.7815e-11,1.8362e-11,2.891e-11
3.6654e-11,3.1578e-11,4.2867e-11
3.1738e-11,3.7623e-11,4.5047e-11
3.824e-11,1.8315e-11,2.6682e-11
2.7654e-11,2.0004e-11,2.5049e-11
2.6222e-11,3.1464e-11,1.3126e-11
2.9995e-11,3.1752e-11,1.6588e-11
2.8411e-11,3.2221e-11,1.5025e-11
2.3337e-11,2.8901e-11,1.489e-11
4.2308e-11,3.2567e-11,1.3133e-11
2.53e-11,2.8776e-11,1.535e-11
1.4702e-11,4.6988e-11,4.8841e-11
2.5925e-11,4.4889e-11,4.9095e-11
1.5336e-11,5.0157e-11,4.0458e-11
2.0539e-11,5.5151e-11,4.2272e-11
2.1058e-11,5.023e-11,4.0845e-11
4.8883e-11,2.077e-11,3.3813e-11
5.4597e-11,1.821e-11,3.2377e-11
5.3332e-11,2.692e-11,3.3454e-11
5.1769e-11,2.316e-11,3.5329e-11
5.3668e-11,2.9123e-11,4.8276e-11
4.6031e-11,2.2944e-11,4.7784e-11
4.6549e-11,2.6885e-11,3.5234e-11
4.5132e-11,2.1477e-11,3.8303e-11
4.167e-11,4.2343e-11,5.4212e-11
3.2139e-11,3.7915e-11,4.4937e-11
3.0041e-11,2.7112e-11,1.9806e-11
3.4097e-11,4.9234e-11,6.0353e-11
3.1172e-11,3.4729e-11,4.0859e-11
3.1189e-11,3.7313e-11,3.9161e-11
2.9189e-11,2.5314e-11,2.1034e-11
2.8637e-11,5.3e-11,6.2579e-11
2.3108e-11,4.2232e-11,5.3519e-11
3.3908e-11,3.2083e-11,1.5118e-11
1.4582e-11,4.5414e-11,4.8452e-11
1.3509e-11,4.4467e-11,4.2774e-11
4.0448e-11,3.058e-11,9.1675e-12
2.597e-11,6.6751e-11,5.8324e-11
2.3327e-11,5.957e-11,5.5315e-11
1.1397e-11,5.0453e-11,3.9779e-11
1.5692e-11,4.7696e-11,3.7462e-11
1.427e-11,5.1939e-11,4.0527e-11
2.2721e-11,5.3558e-11,3.8045e-11
1.375e-11,5.2041e-11,3.8711e-11
5.5284e-11,2.8107e-11,3.9814e-11
6.3326e-11,2.2369e-11,4.0568e-11
5.1158e-11,1.9749e-11,2.9045e-11
3.3014e-11,2.5563e-11,1.9178e-11
3.3637e-11,1.7587e-11,2.0247e-11
4.6052e-11,2.0257e-11,3.0741e-11
3.5798e-11,1.991e-11,2.6927e-11
3.1208e-11,2.0995e-11,2.3847e-11
3.8007e-11,3.2148e-11,4.3663e-11
3.5701e-11,2.2667e-11,2.3191e-11
3.8357e-11,4.3427e-11,5.8084e-11
3.6414e-11,2.1008e-11,2.4512e-11
3.7218e-11,2.7684e-11,2.333e-11
3.9091e-11,1.7307e-11,3.0261e-11
3.6123e-11,3e-11,1.6563e-11
2.9235e-11,2.5396e-11,2.1944e-11
2.4415e-11,4.0255e-11,4.3067e-11
2.0507e-11,3.4238e-11,3.5644e-11
2.5672e-11,2.4695e-11,1.9846e-11
3.6634e-11,2.9342e-11,1.0347e-11
3.9905e-11,3.2043e-11,1.2727e-11
4.5051e-11,3.5561e-11,1.1515e-11
4.3247e-11,2.968e-11,1.271e-11
1.9155e-11,5.7543e-11,4.0604e-11
5.4675e-11,1.6925e-11,3.6901e-11
4.5104e-11,2.0619e-11,3.3304e-11
6.145e-11,1.9458e-11,3.7594e-11
5.3474e-11,2.7478e-11,3.572e-11
4.8878e-11,2.6288e-11,3.8014e-11
4.2726e-11,2.2432e-11,3.8444e-11
4.787e-11,2.5458e-11,3.109e-11
4.4326e-11,3.6473e-11,5.2587e-11
4.1259e-11,1.9791e-11,3.5619e-11
2.297e-11,2.6466e-11,1.5594e-11
3.0603e-11,3.5121e-11,3.8504e-11
3.0647e-11,3.9177e-11,3.9801e-11
1.98e-11,3.3598e-11,3.4806e-11
2.4498e-11,2.2917e-11,2.0083e-11
2.6045e-11,2.8383e-11,1.5932e-11
2.4764e-11,2.6945e-11,1.2499e-11
2.1164e-11,3.529e-11,3.2264e-11
3.6908e-11,2.6908e-11,1.004e-11
1.4815e-11,3.7569e-11,3.6251e-11
4.1857e-11,3.115e-11,8.2122e-12
4.1918e-11,2.9294e-11,1.4433e-11
1.7264e-11,4.2059e-11,3.5061e-11
1.0618e-11,4.7918e-11,3.867e-11
1.0627e-11,4.5058e-11,3.7812e-11
1.3555e-11,5.1961e-11,3.8103e-11
1.8668e-11,5.8133e-11,3.9846e-11
1.8298e-11,5.9208e-11,4.0589e-11
5.1058e-11,2.6446e-11,3.501e-11
4.7623e-11,2.1664e-11,4.1066e-11
4.8246e-11,2.2662e-11,3.7532e-11
5.9547e-11,2.0285e-11,3.6171e-11
4.6297e-11,2.1439e-11,3.6885e-11
4.4936e-11,1.7331e-11,3.0534e-11
3.495e-11,1.884e-11,1.9716e-11
3.6259e-11,1.935e-11,2.5445e-11
4.3929e-11,2.6277e-11,2.5972e-11
2.681e-11,2.416e-11,1.6871e-11
3.0248e-11,2.2556e-11,3.352e-11
3.2299e-11,2.9327e-11,1.7841e-11
2.7406e-11,2.0531e-11,2.547e-11
1.95e-11,4.3014e-11,4.0225e-11
2.6766e-11,3.0134e-11,1.3876e-11
2.5794e-11,2.6591e-11,1.9591e-11
2.5731e-11,2.8996e-11,1.9398e-11
1.3829e-11,4.6658e-11,3.8786e-11
1.3909e-11,4.141e-11,3.3704e-11
1.3573e-11,3.8819e-11,3.1803e-11
4.6272e-11,2.8442e-11,8.1226e-12
2.6267e-11,5.9315e-11,5.7481e-11
1.2632e-11,4.5004e-11,3.5891e-11
4.3788e-11,3.5116e-11,1.2317e-11
2.1182e-11,6.1551e-11,4.7886e-11
2.4025e-11,6.1584e-11,4.4871e-11
4.6311e-11,1.6762e-11,3.1423e-11
5.9673e-11,1.9061e-11,3.6903e-11
4.3646e-11,2.1437e-11,3.8035e-11
4.2982e-11,2.0991e-11,2.8645e-11
4.0071e-11,2.7442e-11,4.4141e-11
5.0515e-11,2.03e-11,3.6635e-11
4.1801e-11,2.7827e-11,2.6434e-11
3.406e-11,2.5984e-11,3.9268e-11
3.3481e-11,2.2541e-11,2.206e-11
3.605e-11,2.1169e-11,3.366e-11
2.3018e-11,2.0917e-11,1.9072e-11
2.3736e-11,2.3585e-11,1.4103e-11
2.2684e-11,2.304e-11,2.6763e-11
2.1997e-11,3.4439e-11,3.2848e-11
2.4888e-11,2.1361e-11,1.7565e-11
2.0796e-11,3.193e-11,3.4057e-11
1.4831e-11,3.511e-11,3.1994e-11
2.6454e-11,2.9559e-11,1.4341e-11
2.6772e-11,4.8932e-11,5.0648e-11
4.3325e-11,2.3883e-11,7.3848e-12
1.2307e-11,3.2943e-11,2.8452e-11
4.5184e-11,2.8156e-11,6.2345e-12
1.1971e-11,4.2696e-11,3.0427e-11
2.3389e-11,5.8345e-11,5.5838e-11
3.504e-11,3.1516e-11,1.5509e-11
4.0685e-11,3.151e-11,9.8127e-12
3.821e-11,3.418e-11,1.6017e-11
4.2547e-11,3.2075e-11,9.1057e-12
1.8763e-11,6.2879e-11,5.3685e-11
2.2941e-11,4.1942e-11,3.7481e-11
5.078e-11,2.567e-11,3.8394e-11
4.5919e-11,1.9113e-11,3.4224e-11
4.1051e-11,1.9479e-11,2.8701e-11
4.5876e-11,2.1102e-11,3.3506e-11
3.8927e-11,2.1127e-11,2.2809e-11
3.9685e-11,1.9323e-11,3.086e-11
4.0555e-11,2.2722e-11,3.1285e-11
3.7774e-11,2.1868e-11,3.7079e-11
3.2528e-11,1.929e-11,1.8583e-11
3.9782e-11,2.3052e-11,3.8253e-11
3.1167e-11,2.1022e-11,1.8319e-11
3.4023e-11,2.2945e-11,2.4316e-11
2.6227e-11,1.8081e-11,2.3023e-11
3.083e-11,2.5499e-11,1.8718e-11
2.4251e-11,2.4207e-11,1.6685e-11
2.8701e-11,1.9119e-11,2.8375e-11
2.1787e-11,2.1196e-11,1.8463e-11
3.1096e-11,3.0061e-11,3.8536e-11
2.1055e-11,2.336e-11,1.4843e-11
2.2245e-11,2.0722e-11,2.1944e-11
2.4641e-11,2.8311e-11,2.9129e-11
2.4034e-11,2.8154e-11,1.3064e-11
2.396e-11,2.1369e-11,1.5068e-11
2.4467e-11,3.978e-11,4.0242e-11
2.8876e-11,2.5405e-11,1.7825e-11
1.8283e-11,3.1461e-11,2.8863e-11
1.6256e-11,3.932e-11,3.4831e-11
1.2492e-11,3.5632e-11,3.1075e-11
1.1979e-11,3.4895e-11,3.0837e-11
9.9061e-12,3.9673e-11,2.7581e-11
4.9134e-11,2.5648e-11,5.2208e-12
1.7141e-11,4.0039e-11,3.0006e-11
5.1242e-11,2.3772e-11,5.4518e-12
1.1643e-11,4.1979e-11,3.0636e-11
3.8895e-11,3.3984e-11,1.3895e-11
6.8714e-11,2.5047e-11,9.4701e-12
7.1849e-11,2.5664e-11,8.7015e-12
7.0827e-11,2.6344e-11,1.2083e-11
1.0365e-11,4.5354e-11,3.9958e-11
1.0972e-11,4.0086e-11,3.4125e-11
2.3496e-11,4.2933e-11,3.5936e-11
1.5191e-11,4.1545e-11,3.2077e-11
7.1095e-11,2.9787e-11,1.465e-11
7.2306e-11,2.8911e-11,1.1284e-11
1.3126e-11,4.5292e-11,3.7401e-11
5.0052e-11,2.5934e-11,4.1538e-11
4.4184e-11,2.3627e-11,3.1155e-11
4.553e-11,2.3927e-11,3.5295e-11
3.4222e-11,1.7937e-11,2.1908e-11
4.1128e-11,2.0902e-11,2.7351e-11
4.0846e-11,2.059e-11,2.5231e-11
3.3646e-11,1.8516e-11,2.4505e-11
3.4979e-11,2.7808e-11,4.1238e-11
3.1143e-11,2.6763e-11,4.0585e-11
3.5553e-11,1.6079e-11,2.3989e-11
3.675e-11,3.5815e-11,4.6079e-11
3.449e-11,3.3426e-11,4.3173e-11
3.0151e-11,2.6057e-11,1.7352e-11
3.3393e-11,4.1513e-11,5.3979e-11
2.6075e-11,3.7664e-11,4.3387e-11
2.6276e-11,2.7276e-11,1.6707e-11
2.4391e-11,2.7625e-11,3.2376e-11
2.1397e-11,2.2539e-11,1.4999e-11
2.5221e-11,1.8612e-11,2.4233e-11
2.3053e-11,2.6339e-11,2.8194e-11
2.3314e-11,2.8859e-11,1.0524e-11
2.7475e-11,3.7355e-11,4.485e-11
2.2885e-11,1.6105e-11,2.1985e-11
3.1067e-11,2.2795e-11,1.0626e-11
1.5923e-11,2.9248e-11,2.537e-11
2.3307e-11,2.6871e-11,1.7887e-11
2.5491e-11,4.6142e-11,4.9079e-11
2.9338e-11,2.9011e-11,1.5282e-11
3.6597e-11,2.5324e-11,9.3466e-12
1.3309e-11,3.6644e-11,4.0331e-11
8.4642e-12,3.7853e-11,2.6901e-11
1.4348e-11,3.4874e-11,3.7233e-11
1.9913e-11,3.6171e-11,3.4007e-11
1.5525e-11,6.2681e-11,5.7851e-11
6.3194e-11,2.391e-11,7.9672e-12
1.3369e-11,4.0912e-11,3.6415e-11
7.1125e-11,2.6131e-11,1.0621e-11
1.7996e-11,3.5764e-11,2.8885e-11
2.088e-11,4.3608e-11,3.2954e-11
2.014e-11,6.1383e-11,4.1448e-11
6.8609e-11,2.5261e-11,1.2687e-11
7.3021e-11,3.2084e-11,1.3762e-11
5.3293e-11,1.5832e-11,4.3913e-11
4.6905e-11,1.5523e-11,3.1364e-11
4.4896e-11,2.3891e-11,3.3535e-11
4.1569e-11,1.7802e-11,3.0936e-11
4.5671e-11,2.2979e-11,3.9682e-11
4.4144e-11,2.3956e-11,4.4099e-11
5.506e-11,2.3053e-11,3.5628e-11
3.0132e-11,1.8337e-11,1.7697e-11
3.2139e-11,2.0902e-11,2.1988e-11
3.6907e-11,3.6881e-11,5.1564e-11
3.1166e-11,2.6904e-11,4.0528e-11
2.8998e-11,2.4518e-11,2.2648e-11
2.6596e-11,2.1662e-11,1.8715e-11
2.9407e-11,2.8099e-11,3.7374e-11
2.1828e-11,1.9959e-11,1.7806e-11
2.9153e-11,2.753e-11,3.6756e-11
2.7094e-11,1.9447e-11,2.6945e-11
2.1863e-11,2.395e-11,1.4681e-11
2.044e-11,2.2585e-11,1.3591e-11
2.4429e-11,1.5416e-11,2.3239e-11
2.2677e-11,1.6751e-11,2.2406e-11
2.2248e-11,2.5854e-11,1.3055e-11
2.1759e-11,1.9044e-11,1.6351e-11
2.1863e-11,2.6008e-11,1.1582e-11
2.2899e-11,2.8187e-11,1.3565e-11
1.8239e-11,3.9017e-11,3.979e-11
3.2693e-11,2.4478e-11,9.6956e-12
2.4259e-11,5.427e-11,5.9545e-11
3.4454e-11,3.1224e-11,1.3612e-11
6.2351e-11,2.2106e-11,1.0138e-11
1.6723e-11,3.5751e-11,2.9666e-11
1.6237e-11,3.4066e-11,3.0868e-11
6.9376e-11,2.4442e-11,9.4077e-12
6.6183e-11,2.3133e-11,1.5858e-11
4.9959e-11,1.6993e-11,4.3119e-11
5.3818e-11,1.4902e-11,4.0513e-11
4.9316e-11,1.6924e-11,3.7624e-11
5.2182e-11,1.7758e-11,3.1568e-11
3.9688e-11,1.3844e-11,2.9264e-11
4.1429e-11,1.187e-11,2.7775e-11
4.2573e-11,2.3617e-11,3.0243e-11
4.1168e-11,2.3174e-11,4.2382e-11
3.3971e-11,1.5462e-11,2.0058e-11
4.891e-11,1.9459e-11,3.0484e-11
5.7004e-11,2.2044e-11,3.2337e-11
3.4399e-11,1.5578e-11,2.4532e-11
3.2564e-11,1.7214e-11,2.2758e-11
2.8657e-11,2.0677e-11,2.0486e-11
2.7311e-11,2.0583e-11,2.7873e-11
2.073e-11,2.0402e-11,1.6194e-11
2.1248e-11,2.3708e-11,1.5176e-11
2.2294e-11,3.3173e-11,3.8667e-11
2.1728e-11,1.9676e-11,1.2853e-11
2.5145e-11,2.2116e-11,1.782e-11
1.4517e-11,2.1466e-11,2.3685e-11
2.6969e-11,5.3347e-11,6.1406e-11
2.318e-11,3.5945e-11,4.5175e-11
1.5503e-11,3.494e-11,3.4975e-11
2.4938e-11,4.5414e-11,4.9341e-11
1.3695e-11,3.4144e-11,2.87e-11
1.2526e-11,3.6525e-11,2.6593e-11
8.4492e-12,3.2994e-11,2.4327e-11
4.802e-11,2.2656e-11,7.0537e-12
1.3785e-11,6.434e-11,5.6098e-11
6.0428e-11,2.3684e-11,1.02e-11
5.9955e-11,2.4286e-11,1.3288e-11
5.4761e-11,2.0428e-11,6.2931e-12
6.8034e-11,2.7213e-11,1.3481e-11
5.458e-11,2.1161e-11,8.1434e-12
6.5087e-11,3.1113e-11,1.8608e-11
6.0272e-11,2.2194e-11,6.3214e-12
6.1026e-11,2.1374e-11,8.5846e-12
7.4612e-11,2.6638e-11,9.9967e-12
6.9389e-11,3.197e-11,1.5056e-11
2.3101e-11,4.4496e-11,3.4002e-11
6.7436e-11,2.9853e-11,1.5695e-11
4.3886e-11,2.8085e-11,4.4491e-11
4.3307e-11,1.8451e-11,3.2168e-11
3.9639e-11,1.7645e-11,2.9345e-11
3.6036e-11,2.1133e-11,2.3011e-11
4.7287e-11,2.0217e-11,3.0143e-11
4.077e-11,1.9488e-11,2.6769e-11
2.8332e-11,2.7538e-11,3.6777e-11
2.7469e-11,2.622e-11,3.5258e-11
2.5035e-11,1.9356e-11,1.9997e-11
2.692e-11,2.1369e-11,1.8212e-11
2.4107e-11,3.2933e-11,3.9264e-11
2.3184e-11,1.7185e-11,2.119e-11
2.004e-11,2.4096e-11,1.4198e-11
2.2816e-11,2.0274e-11,1.8411e-11
2.0932e-11,1.9141e-11,1.8557e-11
2.0679e-11,3.0119e-11,3.0317e-11
2.0922e-11,1.5986e-11,1.937e-11
2.1646e-11,2.1192e-11,1.6052e-11
1.1347e-11,2.8876e-11,2.7302e-11
1.6486e-11,3.8266e-11,4.166e-11
2.4505e-11,2.7785e-11,1.4237e-11
1.545e-11,3.118e-11,3.6366e-11
4.4114e-11,2.2064e-11,7.7318e-12
1.4796e-11,6.0521e-11,5.4916e-11
5.4441e-11,2.2057e-11,7.9691e-12
3.6316e-11,3.3974e-11,1.4743e-11
6.8852e-11,2.9289e-11,1.4519e-11
6.2238e-11,3.1468e-11,2.1494e-11
6.8195e-11,2.5641e-11,1.0944e-11
1.695e-11,3.1795e-11,2.9084e-11
6.2964e-11,2.3117e-11,1.2454e-11
6.215e-11,2.4265e-11,1.7132e-11
2.5044e-11,3.5677e-11,3.2182e-11
1.5926e-11,3.8275e-11,3.1404e-11
5.0267e-11,3.9338e-11,1.8607e-11
6.8397e-11,3.2899e-11,1.2461e-11
6.1999e-11,2.1721e-11,9.9266e-12
4.3025e-11,1.124e-11,2.9669e-11
4.3387e-11,2.162e-11,3.3565e-11
4.5834e-11,1.3174e-11,2.9346e-11
4.4901e-11,2.5536e-11,4.7903e-11
4.1999e-11,2.4623e-11,4.4572e-11
3.3733e-11,2.28e-11,3.8747e-11
3.4153e-11,2.2815e-11,3.9542e-11
2.9093e-11,1.6865e-11,1.8874e-11
3.1967e-11,1.6136e-11,2.0949e-11
2.6741e-11,1.8937e-11,2.038e-11
4.4037e-11,2.0998e-11,2.5798e-11
3.0433e-11,2.3559e-11,2.3526e-11
3.4985e-11,3.9014e-11,5.0327e-11
2.3279e-11,1.6701e-11,1.9903e-11
2.0022e-11,2.0916e-11,2.7968e-11
3.1381e-11,4.6679e-11,5.7228e-11
2.8707e-11,4.0583e-11,4.9913e-11
2.3779e-11,1.6444e-11,1.9963e-11
2.5828e-11,1.9953e-11,1.8545e-11
1.4832e-11,3.1903e-11,3.1212e-11
2.1444e-11,2.1787e-11,1.8833e-11
1.5869e-11,1.7136e-11,1.8921e-11
2.7383e-11,5.3749e-11,5.5923e-11
3.1414e-11,2.3825e-11,8.9473e-12
1.5237e-11,1.7066e-11,1.926e-11
2.2276e-11,2.5546e-11,1.6155e-11
1.8168e-11,3.1926e-11,3.4668e-11
3.0723e-11,2.8738e-11,1.6094e-11
1.8397e-11,3.8591e-11,3.19e-11
5.8554e-11,2.3799e-11,1.2692e-11
8.4455e-12,4.1757e-11,3.1343e-11
6.9371e-11,3.0248e-11,1.9349e-11
6.6254e-11,2.6677e-11,1.3948e-11
6.2442e-11,2.9937e-11,1.5799e-11
1.5678e-11,3.8756e-11,2.9777e-11
6.1681e-11,3.5353e-11,1.9672e-11
1.2701e-11,4.2216e-11,3.0625e-11
1.7888e-11,3.1954e-11,2.8586e-11
4.3111e-11,4.2611e-11,1.9851e-11
1.7123e-11,3.3365e-11,3.0619e-11
4.9108e-11,2.3582e-11,4.2437e-11
4.5255e-11,2.2985e-11,3.8666e-11
5.487e-11,1.7832e-11,3.4541e-11
3.3387e-11,1.5841e-11,3.157e-11
6.2192e-11,1.6997e-11,3.8134e-11
3.342e-11,1.4242e-11,2.0257e-11
2.8842e-11,1.5831e-11,2.0072e-11
3.0775e-11,1.7939e-11,1.8619e-11
2.6304e-11,1.821e-11,2.0059e-11
2.8111e-11,1.5539e-11,2.7366e-11
2.8193e-11,2.225e-11,3.3437e-11
2.1619e-11,2.1109e-11,2.7444e-11
2.2077e-11,1.5528e-11,1.7659e-11
2.1638e-11,1.9724e-11,1.7905e-11
2.0907e-11,2.1118e-11,1.3222e-11
2.5793e-11,3.22e-11,3.914e-11
2.2029e-11,2.4406e-11,1.6736e-11
1.3991e-11,1.8475e-11,1.9618e-11
1.5009e-11,1.7424e-11,1.7357e-11
1.9893e-11,2.3923e-11,1.5479e-11
3.4148e-11,2.1096e-11,9.8501e-12
1.9097e-11,2.2232e-11,1.5894e-11
1.1442e-11,2.8812e-11,2.2099e-11
1.1086e-11,2.6918e-11,2.1436e-11
4.1872e-11,2.2141e-11,8.0631e-12
8.7053e-12,3.1525e-11,2.4069e-11
5.2217e-11,2.4377e-11,1.3909e-11
1.5067e-11,4.9679e-11,4.5242e-11
9.7512e-12,3.6419e-11,2.9689e-11
1.17e-11,3.091e-11,2.4392e-11
1.1591e-11,4.2065e-11,3.6295e-11
1.1174e-11,4.5435e-11,3.24e-11
5.667e-11,3.7876e-11,2.0534e-11
5.6477e-11,3.7131e-11,1.8562e-11
9.0902e-12,3.6134e-11,2.906e-11
5.5355e-11,3.8396e-11,2.0154e-11
6.6995e-11,2.3878e-11,7.9896e-12
6.2932e-11,2.5897e-11,1.6418e-11
5.8125e-11,3.2007e-11,1.8622e-11
4.9381e-11,2.2411e-11,4.2558e-11
5.9012e-11,1.5158e-11,4.0006e-11
4.2355e-11,1.9047e-11,3.8449e-11
4.5071e-11,2.4895e-11,4.3729e-11
4.4465e-11,2.817e-11,4.7606e-11
4.252e-11,1.2882e-11,3.0798e-11
3.4299e-11,1.8474e-11,2.6407e-11
5.9179e-11,1.6319e-11,3.7102e-11
4.3995e-11,1.158e-11,2.9022e-11
3.2434e-11,1.421e-11,1.9766e-11
3.1491e-11,2.1043e-11,3.6941e-11
2.9313e-11,1.6507e-11,1.9332e-11
3.4793e-11,1.8486e-11,3.2569e-11
2.8139e-11,1.6399e-11,1.8561e-11
3.1224e-11,2.0892e-11,3.7297e-11
3.7955e-11,3.5049e-11,4.7105e-11
3.1142e-11,1.8383e-11,3.209e-11
3.2221e-11,2.7344e-11,4.0263e-11
3.593e-11,3.0531e-11,4.2365e-11
3.341e-11,1.4349e-11,2.483e-11
3.0629e-11,1.8211e-11,3.1138e-11
2.3787e-11,2.0072e-11,2.648e-11
2.2005e-11,2.0372e-11,1.4796e-11
2.5094e-11,1.3412e-11,2.4329e-11
2.122e-11,2.0594e-11,1.7225e-11
1.9107e-11,2.2721e-11,1.2508e-11
2.1014e-11,2.0544e-11,1.662e-11
1.9275e-11,2.0034e-11,1.8284e-11
2.335e-11,2.1672e-11,1.5108e-11
1.4342e-11,1.6909e-11,1.7213e-11
2.0059e-11,1.7506e-11,1.7103e-11
1.5808e-11,1.6556e-11,2.1013e-11
1.3799e-11,3.1376e-11,3.6591e-11
1.215e-11,2.6235e-11,2.3575e-11
1.0977e-11,2.1867e-11,2.0434e-11
1.1661e-11,3.2652e-11,3.4769e-11
1.07e-11,3.3848e-11,2.707e-11
3.6694e-11,3.5182e-11,1.2708e-11
1.0592e-11,4.7154e-11,3.7745e-11
3.681e-11,3.4284e-11,1.1993e-11
5.1978e-11,1.9342e-11,5.5817e-12
6.6898e-12,3.4821e-11,2.6483e-11
1.0677e-11,6.1952e-11,5.0703e-11
9.0835e-12,3.8439e-11,2.7257e-11
6.2404e-11,3.4235e-11,1.609e-11
6.1638e-11,3.3856e-11,1.7091e-11
9.4912e-12,3.5334e-11,2.6714e-11
6.5058e-11,3.2456e-11,1.1287e-11
5.5984e-11,2.2432e-11,1.0092e-11
5.0224e-11,3.7111e-11,1.8708e-11
1.1376e-11,3.0918e-11,2.6188e-11
1.6055e-11,4.2638e-11,3.2901e-11
5.0787e-11,3.6348e-11,1.5979e-11
4.5218e-11,1.847e-11,3.9048e-11
4.6223e-11,1.4027e-11,3.8639e-11
4.4231e-11,2.1453e-11,3.7682e-11
4.2682e-11,2.2308e-11,3.5444e-11
5.5916e-11,1.6337e-11,3.5632e-11
4.5052e-11,3.0152e-11,4.6956e-11
3.3487e-11,1.3482e-11,2.1749e-11
4.9397e-11,1.6617e-11,2.7893e-11
3.1968e-11,2.1653e-11,3.7481e-11
2.7314e-11,1.5307e-11,1.9467e-11
3.0285e-11,1.2854e-11,2.0798e-11
3.1599e-11,2.1937e-11,3.8724e-11
3.2116e-11,2.5556e-11,4.1976e-11
3.0513e-11,2.5016e-11,3.6921e-11
2.4547e-11,1.3351e-11,2.3704e-11
2.2356e-11,1.7035e-11,2.3354e-11
1.9878e-11,2.2248e-11,1.5152e-11
3.3445e-11,5.1263e-11,5.9473e-11
1.9189e-11,2.3339e-11,1.5559e-11
2.0915e-11,1.9982e-11,1.6292e-11
1.8998e-11,2.1811e-11,2.6009e-11
1.9995e-11,2.3115e-11,1.4401e-11
2.4577e-11,1.9675e-11,1.2257e-11
2.6092e-11,3.3059e-11,4.0561e-11
1.5982e-11,2.4643e-11,2.4841e-11
1.3877e-11,2.2118e-11,2.2786e-11
1.5246e-11,1.7688e-11,1.9383e-11
2.3894e-11,2.557e-11,1.477e-11
2.902e-11,2.2526e-11,8.074e-12
1.0821e-11,2.8172e-11,2.159e-11
1.0311e-11,2.9832e-11,2.2605e-11
9.525e-12,2.7911e-11,2.1745e-11
1.5228e-11,4.2922e-11,4.1374e-11
4.9502e-11,2.2543e-11,7.0453e-12
1.1056e-11,3.0347e-11,2.5208e-11
5.2865e-11,4.3163e-11,2.0122e-11
1.0682e-11,3.3796e-11,2.57e-11
1.2374e-11,5.9617e-11,4.0988e-11
4.2298e-11,4.3052e-11,1.9382e-11
1.6091e-11,5.5408e-11,3.6742e-11
6.1996e-11,3.2889e-11,1.6668e-11
1.2597e-11,4.2071e-11,3.0989e-11
5.9468e-11,2.081e-11,8.8987e-12
5.0857e-11,1.4041e-11,4.451e-11
4.0579e-11,2.2177e-11,3.4943e-11
4.4043e-11,2.9212e-11,5.0585e-11
3.7421e-11,1.7502e-11,3.1009e-11
3.7302e-11,1.4374e-11,2.9047e-11
4.1392e-11,2.7063e-11,4.894e-11
3.5429e-11,1.7157e-11,2.7404e-11
3.3002e-11,1.6022e-11,2.1819e-11
5.644e-11,1.6032e-11,3.35e-11
3.133e-11,1.6994e-11,2.2761e-11
3.3114e-11,1.1469e-11,2.1342e-11
3.5435e-11,2.8242e-11,4.5161e-11
4.4653e-11,2.6992e-11,2.2134e-11
3.7483e-11,3.6659e-11,4.5956e-11
4.1311e-11,2.9753e-11,2.1844e-11
2.0902e-11,2.0269e-11,1.3975e-11
2.488e-11,1.3268e-11,2.1864e-11
2.0546e-11,2.0131e-11,1.6471e-11
1.6771e-11,1.6582e-11,2.2658e-11
2.1876e-11,1.8544e-11,1.215e-11
1.8721e-11,1.4776e-11,1.8062e-11
1.8043e-11,1.8171e-11,1.9141e-11
1.8787e-11,1.4675e-11,1.9944e-11
1.9821e-11,1.6279e-11,1.7445e-11
1.4805e-11,3.1332e-11,2.5502e-11
2.2652e-11,1.9936e-11,1.5252e-11
2.4592e-11,4.1941e-11,4.7889e-11
3.6311e-11,2.0732e-11,9.1024e-12
1.2054e-11,2.5844e-11,2.6339e-11
1.4133e-11,1.4559e-11,1.685e-11
1.4663e-11,1.6559e-11,1.656e-11
1.3489e-11,2.8499e-11,3.4403e-11
1.7457e-11,6.1373e-11,6.2465e-11
9.8509e-12,2.151e-11,2.0399e-11
5.2836e-11,2.6527e-11,1.1203e-11
2.787e-11,2.8429e-11,1.5016e-11
5.9835e-11,2.6473e-11,1.4307e-11
4.1245e-11,2.132e-11,9.1469e-12
8.9036e-12,3.3601e-11,2.7311e-11
4.8891e-11,2.2929e-11,7.388e-12
4.969e-11,1.9232e-11,6.7819e-12
9.639e-12,2.7406e-11,2.284e-11
1.0463e-11,3.5214e-11,2.8743e-11
1.5848e-11,4.3065e-11,3.2364e-11
1.0724e-11,3.4607e-11,2.6393e-11
5.2055e-11,2.0629e-11,6.3809e-12
1.302e-11,3.89e-11,2.7361e-11
1.4769e-11,4.2287e-11,2.8903e-11
5.9057e-11,2.0372e-11,7.8487e-12
6.0406e-11,3.2271e-11,1.7181e-11
3.7861e-11,3.8886e-11,1.8244e-11
3.2605e-11,4.1233e-11,1.8171e-11
4.5507e-11,2.0014e-11,4.0888e-11
4.6371e-11,1.9803e-11,4.3172e-11
4.3323e-11,1.2317e-11,3.0035e-11
3.6959e-11,1.2411e-11,2.8337e-11
3.8912e-11,1.1261e-11,2.8651e-11
3.633e-11,2.1082e-11,3.6308e-11
5.3791e-11,1.579e-11,3.0643e-11
5.9749e-11,1.9521e-11,3.5633e-11
3.2406e-11,1.7806e-11,3.5425e-11
2.7114e-11,1.4303e-11,2.0522e-11
3.9185e-11,3.5292e-11,4.5894e-11
2.7239e-11,1.439e-11,1.9653e-11
3.797e-11,2.844e-11,2.0177e-11
2.1354e-11,1.8115e-11,1.5851e-11
2.2848e-11,1.9372e-11,1.6332e-11
2.397e-11,1.8611e-11,2.9846e-11
2.2486e-11,1.3768e-11,2.0256e-11
2.1411e-11,2.5435e-11,2.8849e-11
1.7861e-11,1.4862e-11,2.1781e-11
2.0637e-11,2.4678e-11,2.7483e-11
1.6371e-11,1.6853e-11,2.2764e-11
3.0035e-11,2.4196e-11,1.1651e-11
2.4153e-11,2.9911e-11,3.3895e-11
1.8949e-11,1.8199e-11,2.0939e-11
2.4916e-11,2.0945e-11,1.1239e-11
3.7217e-11,2.4103e-11,9.0884e-12
2.5373e-11,1.7355e-11,1.2241e-11
1.3147e-11,2.5402e-11,2.8642e-11
2.6922e-11,2.3946e-11,1.5529e-11
3.862e-11,2.1015e-11,8.3136e-12
2.9064e-11,2.272e-11,7.6709e-12
1.1435e-11,2.8062e-11,2.2431e-11
2.9697e-11,2.3044e-11,7.8131e-12
2.5727e-11,2.5258e-11,1.4795e-11
1.5078e-11,4.3518e-11,4.2968e-11
1.2577e-11,1.9481e-11,1.8642e-11
1.3739e-11,3.0039e-11,2.2576e-11
5.7352e-11,2.3307e-11,1.0177e-11
5.3707e-11,3.357e-11,2.1242e-11
2.9321e-11,3.0995e-11,1.3302e-11
1.2624e-11,3.7951e-11,2.6701e-11
7.3998e-12,3.1807e-11,2.7072e-11
1.5519e-11,3.8722e-11,2.7598e-11
3.6909e-11,4.0816e-11,1.8459e-11
1.4362e-11,3.7906e-11,3.2105e-11
3.4664e-11,3.9392e-11,1.8278e-11
4.5396e-11,1.924e-11,4.303e-11
5.328e-11,1.5049e-11,3.5537e-11
3.6736e-11,1.2623e-11,3.0138e-11
3.8747e-11,2.1617e-11,3.8173e-11
4.7685e-11,1.1541e-11,3.2163e-11
3.61e-11,2.263e-11,3.8297e-11
3.4368e-11,1.8551e-11,2.7736e-11
6.3225e-11,1.924e-11,3.5714e-11
3.0366e-11,1.3805e-11,2.2472e-11
2.9677e-11,1.7286e-11,3.002e-11
2.9513e-11,1.5681e-11,3.0058e-11
2.6281e-11,1.3774e-11,2.6771e-11
5.8485e-11,3.0787e-11,2.9744e-11
2.6671e-11,2.0861e-11,3.3208e-11
4.1827e-11,1.7304e-11,2.5358e-11
4.6692e-11,2.6715e-11,2.4316e-11
2.8436e-11,1.6072e-11,1.7736e-11
2.4153e-11,1.4781e-11,1.5756e-11
2.2995e-11,1.4891e-11,2.4458e-11
2.1953e-11,1.6912e-11,2.8493e-11
1.9175e-11,1.7695e-11,1.7079e-11
2.1539e-11,1.8318e-11,1.5585e-11
3.2288e-11,2.135e-11,1.742e-11
3.5506e-11,4.2587e-11,5.102e-11
3.0858e-11,2.1598e-11,1.656e-11
2.0674e-11,1.5532e-11,2.0821e-11
2.0443e-11,1.973e-11,1.6016e-11
2.5508e-11,2.3334e-11,1.218e-11
3.2208e-11,4.6903e-11,5.6155e-11
2.0527e-11,1.7216e-11,2.2534e-11
1.9422e-11,2.318e-11,2.6174e-11
1.8933e-11,1.6353e-11,1.9385e-11
2.0192e-11,2.0819e-11,1.4978e-11
1.953e-11,2.2094e-11,1.2848e-11
2.9041e-11,2.3756e-11,1.043e-11
1.4112e-11,2.6736e-11,3.0635e-11
4.061e-11,2.3761e-11,9.2163e-12
2.5007e-11,2.2034e-11,1.559e-11
1.4519e-11,1.4209e-11,1.7747e-11
1.1601e-11,1.6722e-11,1.681e-11
4.8554e-11,2.6194e-11,1.0038e-11
2.1943e-11,2.3771e-11,1.8022e-11
8.7636e-12,5.7106e-11,4.9444e-11
4.9942e-11,4.2415e-11,2.0013e-11
4.2512e-11,3.9338e-11,2.1659e-11
5.3223e-11,3.4498e-11,1.7545e-11
1.1911e-11,4.0007e-11,2.8388e-11
4.8023e-11,3.3412e-11,1.6661e-11
9.3964e-12,3.3278e-11,2.7634e-11
5.3253e-11,1.8986e-11,7.2471e-12
3.6516e-11,4.0017e-11,1.7914e-11
4.5174e-11,2.6032e-11,4.7538e-11
4.2458e-11,2.3032e-11,4.2677e-11
4.752e-11,1.3999e-11,3.2304e-11
3.7242e-11,2.2841e-11,3.962e-11
3.4245e-11,1.0764e-11,2.5152e-11
5.549e-11,1.4222e-11,3.3478e-11
3.3682e-11,1.8564e-11,3.3152e-11
3.658e-11,3.1525e-11,4.5718e-11
4.9597e-11,2.6714e-11,2.5551e-11
4.8808e-11,3.301e-11,2.8026e-11
2.223e-11,1.7283e-11,2.8756e-11
3.4012e-11,3.9042e-11,4.7766e-11
2.2294e-11,1.4979e-11,2.1116e-11
3.4508e-11,3.3075e-11,1.7235e-11
2.3048e-11,1.5094e-11,2.1932e-11
2.2707e-11,1.3465e-11,1.9922e-11
3.5647e-11,4.9652e-11,5.6996e-11
2.0211e-11,1.6827e-11,2.3323e-11
1.7967e-11,1.7402e-11,1.8932e-11
2.0216e-11,1.746e-11,2.3153e-11
2.3335e-11,1.9521e-11,1.5845e-11
2.5011e-11,2.3488e-11,1.5468e-11
3.0468e-11,4.448e-11,5.3266e-11
1.8712e-11,1.7656e-11,1.9311e-11
3.3617e-11,2.3652e-11,1.0185e-11
2.2363e-11,2.3812e-11,1.451e-11
2.1115e-11,6.0174e-11,6.1281e-11
1.383e-11,1.5513e-11,1.6679e-11
4.0938e-11,2.8151e-11,1.1279e-11
2.0526e-11,2.1679e-11,1.7915e-11
2.5943e-11,2.6677e-11,1.4631e-11
3.8267e-11,2.0575e-11,7.79e-12
2.9336e-11,3.1766e-11,1.1429e-11
5.1044e-11,2.5238e-11,1.505e-11
5.7038e-12,6.4456e-11,4.8185e-11
4.9979e-11,3.3529e-11,1.8368e-11
8.6467e-12,4.0082e-11,3.1461e-11
7.6536e-12,3.0178e-11,2.843e-11
5.0429e-11,3.1729e-11,2.019e-11
3.6713e-11,3.8964e-11,1.7046e-11
1.279e-11,3.3122e-11,2.9362e-11
1.0195e-11,2.9173e-11,2.806e-11
9.9897e-12,4.4863e-11,3.4295e-11
1.2258e-11,3.1866e-11,3.2125e-11
5.8425e-11,2.8164e-11,1.8652e-11
2.9596e-11,3.9523e-11,1.8863e-11
4.3889e-11,1.8909e-11,4.2762e-11
5.4257e-11,1.4205e-11,4.1001e-11
4.4893e-11,1.8334e-11,4.2112e-11
4.2694e-11,1.9439e-11,3.9698e-11
4.2069e-11,1.0541e-11,2.9258e-11
3.0845e-11,1.6857e-11,3.056e-11
3.209e-11,1.3449e-11,2.5215e-11
3.4048e-11,9.9714e-12,2.3044e-11
3.0018e-11,1.3832e-11,2.2778e-11
3.3273e-11,2.5811e-11,4.3655e-11
5.1951e-11,1.5685e-11,3.0252e-11
4.2451e-11,1.5944e-11,2.5746e-11
2.3469e-11,1.3278e-11,2.4704e-11
2.8082e-11,1.944e-11,3.3048e-11
3.5556e-11,3.1768e-11,4.1446e-11
2.5333e-11,1.3203e-11,1.6557e-11
4.0953e-11,2.22e-11,2.4493e-11
3.6779e-11,3.3984e-11,2.2613e-11
2.2419e-11,1.5229e-11,2.0789e-11
3.183e-11,2.7576e-11,2.0239e-11
2.643e-11,2.4217e-11,3.3416e-11
2.0082e-11,1.572e-11,2.0375e-11
2.4878e-11,2.4118e-11,1.5075e-11
2.1965e-11,1.8109e-11,1.7263e-11
2.564e-11,2.4531e-11,1.6023e-11
2.0319e-11,1.8752e-11,1.4898e-11
1.8009e-11,1.7294e-11,1.17e-11
1.8022e-11,1.4498e-11,1.6387e-11
2.544e-11,5.6161e-11,5.7121e-11
2.2407e-11,2.1846e-11,1.4182e-11
3.8349e-11,2.7622e-11,1.1276e-11
1.1962e-11,2.85e-11,2.6268e-11
1.2183e-11,3.7487e-11,3.8039e-11
3.7263e-11,2.2618e-11,1.4084e-11
1.1866e-11,2.2642e-11,1.9299e-11
1.1023e-11,3.3388e-11,3.0811e-11
1.3092e-11,3.1887e-11,3.0387e-11
3.0075e-11,1.6842e-11,1.031e-11
3.1876e-11,1.7651e-11,1.1835e-11
1.2886e-11,2.8118e-11,2.1867e-11
1.0502e-11,2.2569e-11,2.0477e-11
5.1229e-11,3.1441e-11,1.4121e-11
1.3336e-11,2.265e-11,1.9631e-11
9.9998e-12,1.8414e-11,2.0485e-11
6.8527e-12,3.1671e-11,2.4821e-11
4.1102e-11,4.0002e-11,2.3707e-11
9.8323e-12,2.9573e-11,2.4615e-11
4.7261e-11,1.9305e-11,5.9308e-12
8.2132e-12,2.6274e-11,2.2639e-11
8.6724e-12,2.8479e-11,2.6123e-11
5.2006e-11,1.9536e-11,8.4678e-12
5.711e-11,2.2936e-11,1.1969e-11
5.4155e-11,2.0883e-11,8.5569e-12
5.244e-11,1.891e-11,9.4613e-12
5.3574e-11,2.7944e-11,2.0964e-11
3.3891e-11,3.6453e-11,1.722e-11
4.8239e-11,1.354e-11,4.6705e-11
4.8735e-11,1.1341e-11,4.4259e-11
5.0932e-11,1.3461e-11,3.8334e-11
4.0203e-11,1.1272e-11,3.3191e-11
4.59e-11,2.868e-11,4.7422e-11
4.1004e-11,1.0069e-11,2.9375e-11
4.2316e-11,1.031e-11,2.9656e-11
3.0729e-11,1.3839e-11,2.6651e-11
3.3547e-11,2.6227e-11,4.0007e-11
2.6161e-11,1.5088e-11,2.7386e-11
3.6517e-11,3.0312e-11,4.4164e-11
2.4635e-11,1.3587e-11,2.6506e-11
3.2195e-11,1.3986e-11,2.0077e-11
5.9162e-11,3.2202e-11,3.0247e-11
5.247e-11,3.6644e-11,2.9571e-11
2.5653e-11,1.4937e-11,2.2323e-11
3.2431e-11,1.9649e-11,1.8247e-11
2.0601e-11,1.7469e-11,1.7468e-11
3.4398e-11,3.1571e-11,2.1125e-11
2.8428e-11,2.2508e-11,1.9309e-11
2.6168e-11,3.2194e-11,3.781e-11
2.128e-11,2.4648e-11,3.0566e-11
1.6907e-11,1.9843e-11,2.3756e-11
1.759e-11,1.4661e-11,1.8257e-11
1.8627e-11,1.8243e-11,1.4295e-11
1.9023e-11,1.6733e-11,1.4263e-11
2.5996e-11,5.7619e-11,5.5922e-11
1.5278e-11,2.9818e-11,3.3954e-11
1.8524e-11,2.4672e-11,1.4719e-11
3.5666e-11,2.9021e-11,1.6567e-11
2.1292e-11,2.083e-11,1.1729e-11
1.0809e-11,1.4932e-11,1.6639e-11
3.095e-11,1.9406e-11,1.0167e-11
9.9818e-12,1.5287e-11,1.5285e-11
1.6069e-11,1.7391e-11,1.531e-11
3.3318e-11,1.991e-11,1.2749e-11
5.1268e-11,2.8054e-11,1.4788e-11
9.4873e-12,3.3573e-11,2.8884e-11
1.7241e-11,1.7788e-11,1.4551e-11
9.1333e-12,2.2784e-11,2.0123e-11
4.3384e-11,4.4439e-11,2.7267e-11
2.9404e-11,2.9299e-11,1.3047e-11
4.097e-11,5.3415e-11,2.9047e-11
9.6149e-12,4.4368e-11,3.8227e-11
7.2392e-12,6.4532e-11,5.2768e-11
5.0472e-11,2.5492e-11,1.7579e-11
3.9459e-11,3.6948e-11,2.051e-11
4.6076e-11,1.8766e-11,6.2828e-12
5.1297e-11,2.7192e-11,2.2203e-11
4.8201e-11,2.9441e-11,1.8467e-11
1.2582e-11,2.1783e-11,1.9566e-11
3.6179e-11,4.3956e-11,2.3021e-11
4.0359e-11,3.6428e-11,1.8141e-11
1.1592e-11,2.7313e-11,2.6419e-11
9.3342e-12,3.7101e-11,2.8969e-11
4.8747e-11,3.13e-11,1.7979e-11
9.443e-12,3.1137e-11,2.9278e-11
4.7704e-11,1.2494e-11,4.6764e-11
5.0879e-11,1.1536e-11,4.5136e-11
4.1239e-11,1.6684e-11,3.9599e-11
4.0055e-11,1.6064e-11,3.8189e-11
4.0436e-11,2.752e-11,4.5266e-11
3.3315e-11,1.5385e-11,3.0626e-11
3.0612e-11,1.4211e-11,2.6661e-11
3.0549e-11,1.1099e-11,2.1295e-11
3.7793e-11,1.1729e-11,2.3142e-11
2.7099e-11,2.436e-11,3.5908e-11
2.9945e-11,1.127e-11,1.8339e-11
4.6353e-11,2.5537e-11,2.4192e-11
2.401e-11,1.3138e-11,2.0574e-11
4.7746e-11,2.0142e-11,2.5507e-11
3.6991e-11,3.7976e-11,2.3464e-11
2.0937e-11,1.9506e-11,2.6629e-11
2.0321e-11,1.9951e-11,1.6482e-11
1.9815e-11,1.5641e-11,1.9215e-11
2.3448e-11,2.7495e-11,3.3208e-11
1.961e-11,1.5203e-11,1.3731e-11
2.2546e-11,2.6141e-11,3.1769e-11
1.6228e-11,1.5864e-11,1.7185e-11
1.9778e-11,1.9781e-11,1.3699e-11
2.0252e-11,2.0392e-11,1.2781e-11
2.0001e-11,2.0287e-11,1.3369e-11
1.289e-11,1.3144e-11,1.7061e-11
1.3578e-11,2.8713e-11,3.2585e-11
2.0108e-11,4.4881e-11,4.5607e-11
3.2662e-11,1.8801e-11,9.1893e-12
8.9042e-12,3.1399e-11,2.8719e-11
4.4717e-11,3.2695e-11,2.0736e-11
3.7141e-11,1.9623e-11,6.7208e-12
3.9246e-11,1.9736e-11,1.0318e-11
2.0124e-11,2.385e-11,1.6428e-11
2.4621e-11,2.7869e-11,1.6364e-11
5.1472e-11,2.4006e-11,1.0318e-11
4.4218e-11,3.5136e-11,2.3528e-11
5.085e-11,2.1039e-11,8.8546e-12
9.1178e-12,3.2516e-11,2.5504e-11
7.027e-12,5.552e-11,4.1574e-11
6.8424e-12,2.6232e-11,2.4023e-11
9.5851e-12,2.5234e-11,2.2589e-11
5.2736e-11,2.3459e-11,1.2909e-11
9.6941e-12,4.5149e-11,3.2875e-11
5.4309e-11,2.0324e-11,7.4686e-12
4.9176e-11,2.2762e-11,1.5305e-11
5.0212e-11,1.1653e-11,5.1415e-11
4.33e-11,1.3845e-11,4.2703e-11
4.2891e-11,1.9332e-11,4.0848e-11
5.873e-11,1.6134e-11,3.2466e-11
2.8136e-11,1.3598e-11,2.646e-11
3.3146e-11,2.3914e-11,3.9168e-11
3.4567e-11,2.8615e-11,4.1963e-11
3.4345e-11,2.842e-11,4.0908e-11
2.3842e-11,1.3907e-11,2.1064e-11
2.5013e-11,2.3393e-11,3.1635e-11
3.8073e-11,3.7573e-11,4.5956e-11
2.3286e-11,1.6625e-11,2.5335e-11
3.8638e-11,3.9532e-11,4.8779e-11
1.8444e-11,1.6576e-11,2.4119e-11
1.8915e-11,1.63e-11,2.4555e-11
1.6666e-11,1.7388e-11,1.7016e-11
2.4576e-11,2.3954e-11,1.8664e-11
1.9751e-11,1.4267e-11,1.7053e-11
1.5771e-11,1.8164e-11,2.2363e-11
1.6065e-11,2.2285e-11,2.187e-11
1.7231e-11,2.1363e-11,1.5392e-11
2.8486e-11,5.6399e-11,5.7924e-11
2.3764e-11,4.3106e-11,4.7509e-11
1.6725e-11,2.013e-11,1.6803e-11
1.8668e-11,1.6665e-11,1.3688e-11
1.0647e-11,2.197e-11,2.0319e-11
3.2007e-11,2.8097e-11,1.5104e-11
1.3592e-11,2.7161e-11,3.1284e-11
1.0591e-11,2.116e-11,2.3739e-11
1.2088e-11,3.8622e-11,3.985e-11
1.6141e-11,1.8783e-11,1.7109e-11
1.1571e-11,5.9108e-11,5.3635e-11
3.8749e-11,1.7972e-11,7.2364e-12
4.314e-11,2.2022e-11,9.7556e-12
8.3866e-12,2.3695e-11,2.227e-11
1.0466e-11,3.0449e-11,2.8868e-11
1.0337e-11,4.3092e-11,3.4529e-11
3.8497e-11,3.4743e-11,1.6939e-11
5.2477e-11,2.689e-11,1.4283e-11
8.9104e-12,2.7798e-11,2.713e-11
8.7706e-12,2.7972e-11,2.9701e-11
1.3465e-11,2.5428e-11,2.6297e-11
5.5359e-11,2.0734e-11,1.2289e-11
5.166e-11,2.7518e-11,1.3529e-11
2.6855e-11,3.8142e-11,1.8946e-11
4.8144e-11,1.103e-11,4.6869e-11
4.061e-11,1.6679e-11,3.9438e-11
3.6812e-11,1.2635e-11,3.5834e-11
3.4945e-11,1.0825e-11,3.4391e-11
3.5066e-11,1.0417e-11,3.0604e-11
3.2479e-11,1.3009e-11,2.9368e-11
2.8039e-11,1.2685e-11,2.4697e-11
2.8061e-11,1.0985e-11,2.0548e-11
5.7671e-11,1.6348e-11,3.0262e-11
2.8767e-11,1.0054e-11,1.9437e-11
4.4632e-11,1.1133e-11,2.604e-11
4.7522e-11,1.3453e-11,2.6339e-11
6.5711e-11,3.0452e-11,3.3956e-11
2.708e-11,1.5454e-11,2.899e-11
2.4265e-11,1.4663e-11,2.197e-11
2.2488e-11,1.2056e-11,2.0673e-11
2.2179e-11,2.0078e-11,2.8878e-11
3.5425e-11,1.9183e-11,2.0334e-11
3.9367e-11,4.8656e-11,3.5906e-11
2.0898e-11,1.8562e-11,2.6622e-11
1.9911e-11,1.2563e-11,1.6627e-11
2.1007e-11,2.3853e-11,2.8004e-11
1.9137e-11,1.3419e-11,1.8398e-11
1.8414e-11,1.7528e-11,1.441e-11
2.0014e-11,1.6034e-11,1.7751e-11
2.5523e-11,2.9169e-11,1.4985e-11
1.9873e-11,1.7746e-11,1.4301e-11
2.3865e-11,2.2993e-11,1.4316e-11
1.8714e-11,1.5201e-11,1.2517e-11
1.7541e-11,1.2567e-11,1.8035e-11
1.1896e-11,2.4217e-11,2.2088e-11
1.5264e-11,1.4299e-11,1.9873e-11
1.8685e-11,1.5408e-11,1.1875e-11
1.078e-11,2.2831e-11,2.4478e-11
1.0867e-11,2.0767e-11,1.7498e-11
1.5915e-11,5.8898e-11,6.1495e-11
3.0366e-11,1.8287e-11,8.8928e-12
3.9506e-11,4.2782e-11,3.22e-11
7.5095e-12,2.3571e-11,2.418e-11
4.3255e-11,2.1825e-11,8.1381e-12
4.215e-11,2.1791e-11,1.0239e-11
1.2163e-11,2.593e-11,1.9506e-11
1.3202e-11,2.2871e-11,2.2067e-11
8.8622e-12,2.3238e-11,2.3018e-11
2.0719e-11,3.0105e-11,1.2742e-11
1.0779e-11,2.991e-11,2.4258e-11
5.4246e-12,4.8652e-11,3.9042e-11
3.3466e-11,4.3645e-11,2.4021e-11
6.6896e-12,6.0306e-11,4.5737e-11
1.1793e-11,3.5636e-11,2.9723e-11
6.0459e-12,2.6528e-11,2.3569e-11
5.3704e-11,2.4092e-11,1.1529e-11
7.5419e-12,2.8577e-11,2.6014e-11
7.8518e-12,4.8226e-11,3.9548e-11
4.0444e-11,1.8564e-11,1.0152e-11
1.0853e-11,4.9159e-11,3.895e-11
4.8913e-11,2.2406e-11,1.5419e-11
7.5598e-12,4.3646e-11,3.3915e-11
2.6139e-11,3.8262e-11,1.996e-11
3.1187e-11,3.4286e-11,1.7004e-11
4.7944e-11,1.0599e-11,4.4995e-11
4.5503e-11,1.1016e-11,4.2036e-11
4.3265e-11,1.8373e-11,4.2072e-11
4.0173e-11,1.045e-11,3.7615e-11
4.1319e-11,1.7147e-11,3.9916e-11
3.1987e-11,1.214e-11,3.0297e-11
3.284e-11,8.7447e-12,2.2807e-11
4.0428e-11,1.1686e-11,2.6574e-11
2.6009e-11,1.1105e-11,1.9844e-11
5.7949e-11,1.3431e-11,3.5217e-11
2.9725e-11,1.0183e-11,1.9246e-11
3.4539e-11,1.2724e-11,2.101e-11
3.8923e-11,1.2528e-11,2.3218e-11
2.6419e-11,1.9052e-11,3.2571e-11
2.559e-11,1.3781e-11,2.736e-11
2.2016e-11,1.2545e-11,2.032e-11
5.2098e-11,2.7844e-11,2.4381e-11
2.5139e-11,1.2684e-11,1.5935e-11
3.9521e-11,4.0747e-11,3.9256e-11
3.4617e-11,4.6137e-11,3.444e-11
2.172e-11,1.8315e-11,2.5559e-11
1.9065e-11,1.5995e-11,1.5434e-11
1.6788e-11,1.9033e-11,1.6565e-11
1.7408e-11,1.1597e-11,1.7725e-11
1.5481e-11,1.167e-11,1.6483e-11
1.3933e-11,1.7863e-11,2.0013e-11
1.813e-11,1.6433e-11,1.5386e-11
1.136e-11,2.1845e-11,2.0706e-11
2.0165e-11,3.3227e-11,3.7102e-11
2.9177e-11,2.6562e-11,1.3747e-11
2.6732e-11,2.1186e-11,1.5069e-11
1.3944e-11,2.7051e-11,3.23e-11
2.4062e-11,1.6818e-11,9.1547e-12
8.5633e-12,2.2911e-11,2.2146e-11
4.1023e-11,2.7518e-11,2.0238e-11
3.9081e-11,5.0891e-11,2.5532e-11
3.5289e-11,2.2002e-11,1.7843e-11
4.0522e-11,4.0894e-11,2.8728e-11
1.3432e-11,2.163e-11,1.812e-11
1.1639e-11,5.5279e-11,5.1445e-11
3.2635e-11,5.6916e-11,3.0266e-11
1.067e-11,2.2014e-11,2.2758e-11
1.452e-11,1.7364e-11,1.8932e-11
1.3188e-11,2.5887e-11,2.0499e-11
1.279e-11,2.9815e-11,2.2762e-11
4.4637e-11,1.9782e-11,1.0486e-11
4.2747e-11,2.0836e-11,1.385e-11
9.8393e-12,2.4169e-11,2.0537e-11
4.6646e-11,2.9373e-11,1.6579e-11
1.0021e-11,3.0175e-11,2.5246e-11
5.3628e-11,2.0671e-11,8.6823e-12
4.6845e-11,1.0847e-11,4.8802e-11
4.4344e-11,9.4471e-12,4.4506e-11
4.0147e-11,1.2362e-11,4.1223e-11
3.8877e-11,1.0353e-11,3.6767e-11
4.6252e-11,2.2462e-11,4.6925e-11
3.7663e-11,1.0595e-11,3.5155e-11
3.7977e-11,1.5888e-11,3.7671e-11
4.3589e-11,2.4415e-11,4.5636e-11
3.1104e-11,1.1825e-11,3.0048e-11
2.9166e-11,1.0408e-11,2.5385e-11
2.7105e-11,1.184e-11,2.4135e-11
3.0997e-11,1.992e-11,3.629e-11
3.2409e-11,8.9041e-12,2.1473e-11
7.7164e-11,2.9422e-11,3.5642e-11
2.6182e-11,9.6925e-12,2.1003e-11
5.4041e-11,1.9878e-11,3.1936e-11
6.2517e-11,3.6842e-11,3.3493e-11
3.7855e-11,3.623e-11,4.4956e-11
4.1832e-11,4.1032e-11,2.7806e-11
3.7868e-11,1.2986e-11,2.3611e-11
3.6085e-11,4.2725e-11,4.8545e-11
1.7014e-11,1.4352e-11,2.281e-11
3.4594e-11,4.5222e-11,4.9393e-11
1.8799e-11,1.8355e-11,1.5136e-11
1.736e-11,1.5362e-11,1.8035e-11
1.5297e-11,1.2368e-11,1.6384e-11
3.1554e-11,5.062e-11,5.6113e-11
1.7701e-11,1.7919e-11,1.2596e-11
2.4309e-11,2.6382e-11,1.2247e-11
1.6396e-11,2.0004e-11,1.734e-11
1.8915e-11,2.2241e-11,1.4106e-11
2.1311e-11,2.6375e-11,1.2316e-11
3.2787e-11,2.7886e-11,2.0806e-11
1.9909e-11,2.5398e-11,1.3972e-11
1.0127e-11,1.2551e-11,1.6857e-11
1.7555e-11,2.1788e-11,1.6003e-11
1.0905e-11,2.0704e-11,2.2729e-11
1.8677e-11,2.3204e-11,1.5932e-11
8.4999e-12,2.1779e-11,2.3631e-11
8.8535e-12,1.8883e-11,1.8783e-11
1.5253e-11,1.5286e-11,1.5232e-11
1.5708e-11,1.7579e-11,1.458e-11
3.0825e-11,1.8379e-11,1.0345e-11
3.6301e-11,2.4977e-11,8.6524e-12
3.7908e-11,3.5304e-11,2.6322e-11
2.4088e-11,2.738e-11,1.5073e-11
3.7126e-11,1.985e-11,1.4349e-11
7.1642e-12,5.3777e-11,4.9155e-11
1.1986e-11,1.9818e-11,2.0698e-11
1.1517e-11,2.535e-11,2.4619e-11
4.6304e-11,2.6081e-11,1.5105e-11
1.4975e-11,2.0849e-11,2.4197e-11
6.0133e-12,2.5084e-11,2.398e-11
8.2413e-12,2.3955e-11,2.2919e-11
9.8021e-12,2.4199e-11,2.4956e-11
4.5252e-11,8.9469e-12,4.5458e-11
4.4111e-11,9.7091e-12,4.3876e-11
4.0796e-11,1.0391e-11,3.9525e-11
4.4533e-11,2.1234e-11,4.5511e-11
3.6911e-11,1.1549e-11,3.0441e-11
4.2876e-11,1.3014e-11,3.1789e-11
2.9722e-11,1.5522e-11,3.0813e-11
2.6748e-11,1.4529e-11,2.4237e-11
2.9705e-11,1.2201e-11,2.7639e-11
7.502e-11,3.1276e-11,3.7522e-11
5.1057e-11,1.241e-11,2.8543e-11
4.2901e-11,1.0107e-11,2.5877e-11
2.8523e-11,2.1835e-11,3.4352e-11
2.3002e-11,9.374e-12,1.8629e-11
4.5414e-11,3.0026e-11,2.4896e-11
2.0245e-11,1.3206e-11,2.3582e-11
1.935e-11,1.2924e-11,1.8065e-11
3.67e-11,2.2789e-11,1.9267e-11
3.4451e-11,3.6344e-11,4.4437e-11
2.7425e-11,1.2983e-11,1.8111e-11
3.0291e-11,2.7839e-11,1.7116e-11
2.1649e-11,1.0093e-11,1.9227e-11
1.8119e-11,1.4173e-11,1.5613e-11
2.4395e-11,2.8227e-11,3.484e-11
1.5142e-11,2.0912e-11,1.4636e-11
1.7427e-11,1.3883e-11,1.6909e-11
1.9168e-11,1.5323e-11,1.49e-11
1.7841e-11,1.8065e-11,1.4897e-11
1.3909e-11,2.2525e-11,2.7633e-11
1.9957e-11,1.6836e-11,1.2529e-11
1.0776e-11,1.3863e-11,1.6543e-11
2.0011e-11,2.0933e-11,1.7097e-11
3.0428e-11,4.4778e-11,3.1735e-11
1.6835e-11,2.0136e-11,1.8269e-11
2.1966e-11,2.1716e-11,1.0184e-11
3.8405e-11,3.4627e-11,1.3504e-11
2.9733e-11,2.1054e-11,1.2209e-11
2.3453e-11,2.1984e-11,1.3028e-11
9.0169e-12,3.237e-11,3.5398e-11
1.2913e-11,1.8358e-11,1.5226e-11
1.4407e-11,2.2932e-11,1.8261e-11
2.3903e-11,2.7564e-11,1.5536e-11
3.5037e-11,2.2271e-11,1.238e-11
4.1481e-11,1.8928e-11,1.0775e-11
7.5785e-12,1.9865e-11,1.7094e-11
1.0665e-11,2.0912e-11,2.0258e-11
7.32e-12,1.9203e-11,1.7468e-11
9.7851e-12,2.2917e-11,2.4173e-11
4.5237e-11,2.3664e-11,1.6718e-11
4.8183e-11,1.8505e-11,8.1132e-12
5.1212e-11,2.0156e-11,1.0165e-11
3.4899e-11,2.8765e-11,1.6894e-11
4.3852e-11,1.7168e-11,4.3341e-11
4.1501e-11,2.1246e-11,4.3351e-11
3.5688e-11,8.0213e-12,3.0335e-11
2.992e-11,1.0415e-11,2.7579e-11
3.7918e-11,2.0285e-11,4.0452e-11
3.8866e-11,9.488e-12,2.8783e-11
4.901e-11,1.3037e-11,3.199e-11
2.4508e-11,9.333e-12,2.1218e-11
4.5398e-11,1.2679e-11,2.8841e-11
7.5926e-11,2.4452e-11,3.5087e-11
2.186e-11,1.0822e-11,1.8968e-11
2.1133e-11,1.1784e-11,2.3417e-11
3.1651e-11,2.7227e-11,3.6486e-11
2.1014e-11,1.7909e-11,2.5758e-11
1.7213e-11,1.4572e-11,2.1265e-11
2.136e-11,1.766e-11,2.4721e-11
1.7599e-11,1.5187e-11,2.1705e-11
1.8207e-11,1.2661e-11,1.7069e-11
2.2495e-11,1.0203e-11,1.7871e-11
3.6628e-11,5.9074e-11,4.1891e-11
3.9734e-11,6.1381e-11,4.8562e-11
2.1201e-11,1.9179e-11,1.5742e-11
1.5563e-11,1.6748e-11,1.259e-11
3.4404e-11,5.8777e-11,4.2382e-11
1.4577e-11,1.2497e-11,1.5564e-11
2.1771e-11,2.7373e-11,1.4645e-11
1.224e-11,1.4766e-11,1.7697e-11
1.5712e-11,1.494e-11,1.7263e-11
1.7731e-11,1.5201e-11,1.4603e-11
2.2946e-11,5.6366e-11,5.9637e-11
1.5161e-11,1.1962e-11,1.8613e-11
2.8119e-11,2.7372e-11,1.9193e-11
3.2751e-11,3.5548e-11,1.4081e-11
3.8871e-11,5.1603e-11,2.684e-11
3.8307e-11,3.5273e-11,2.0486e-11
1.0574e-11,1.2197e-11,1.7e-11
2.2828e-11,1.655e-11,8.9103e-12
2.1653e-11,2.0521e-11,1.0659e-11
1.2418e-11,1.3867e-11,1.7252e-11
3.5199e-11,5.9865e-11,3.4417e-11
2.3479e-11,2.2724e-11,1.2297e-11
3.2883e-11,4.9537e-11,2.9512e-11
8.7715e-12,1.977e-11,1.7117e-11
3.1346e-11,2.1238e-11,7.8226e-12
3.9898e-11,4.1393e-11,2.1971e-11
3.6239e-11,4.6244e-11,2.2465e-11
4.0106e-11,2.3568e-11,9.0561e-12
4.915e-11,2.3642e-11,1.4881e-11
5.6167e-12,5.0995e-11,4.0858e-11
8.947e-12,2.7238e-11,2.5335e-11
1.1798e-11,2.0404e-11,1.9419e-11
2.6349e-11,3.4122e-11,2.0527e-11
4.4058e-11,1.9808e-11,9.328e-12
8.2477e-12,4.4049e-11,3.9184e-11
1.1334e-11,2.1169e-11,2.4844e-11
4.5695e-11,2.2218e-11,1.1816e-11
4.0295e-11,2.6788e-11,1.2618e-11
4.5912e-11,1.0093e-11,4.7017e-11
4.6592e-11,8.6898e-12,4.7903e-11
3.9994e-11,9.0009e-12,4.2456e-11
3.9714e-11,1.1347e-11,4.2259e-11
3.796e-11,1.2e-11,3.995e-11
3.2888e-11,1.3998e-11,3.2571e-11
2.796e-11,1.423e-11,2.7605e-11
2.6984e-11,1.3995e-11,2.8243e-11
2.4424e-11,1.4878e-11,2.581e-11
5.4528e-11,1.9027e-11,3.0921e-11
5.0653e-11,2.6528e-11,2.4212e-11
2.8713e-11,2.2395e-11,3.2606e-11
4.4857e-11,5.2262e-11,4.5803e-11
4.205e-11,5.3129e-11,4.6825e-11
3.1857e-11,1.2163e-11,2.0366e-11
3.3155e-11,3.627e-11,4.3464e-11
2.0422e-11,1.2503e-11,1.4412e-11
2.1525e-11,1.8279e-11,1.5363e-11
1.611e-11,1.0955e-11,1.7527e-11
3.1571e-11,4.8708e-11,3.4602e-11
3.3338e-11,4.6563e-11,3.0311e-11
1.2616e-11,1.5196e-11,1.8296e-11
1.8332e-11,1.9127e-11,1.2922e-11
1.3936e-11,1.11e-11,1.6463e-11
1.9499e-11,1.9284e-11,1.2014e-11
1.7442e-11,1.5026e-11,1.397e-11
1.0962e-11,2.0071e-11,2.0958e-11
1.7682e-11,1.94e-11,1.4043e-11
1.3488e-11,1.596e-11,1.9349e-11
8.7193e-12,1.8394e-11,1.8995e-11
3.5209e-11,2.8031e-11,1.6881e-11
3.1863e-11,6.0713e-11,3.3534e-11
1.3477e-11,1.9595e-11,1.8028e-11
2.4967e-11,2.2184e-11,1.472e-11
2.6142e-11,2.4757e-11,1.0351e-11
1.2274e-11,1.6544e-11,1.6069e-11
2.2181e-11,2.2909e-11,1.4251e-11
3.8791e-11,3.6458e-11,2.1318e-11
3.801e-11,2.865e-11,1.8251e-11
6.5196e-12,2.2596e-11,2.2894e-11
3.6135e-11,3.343e-11,2.1288e-11
6.4846e-12,2.1647e-11,2.161e-11
1.286e-11,1.7278e-11,1.6472e-11
5.9811e-12,2.3731e-11,1.7361e-11
1.2561e-11,1.4811e-11,1.9987e-11
1.0839e-11,3.1612e-11,2.8448e-11
3.1614e-11,3.2998e-11,1.9637e-11
4.6074e-11,1.9755e-11,1.8122e-11
4.7992e-11,2.2147e-11,1.245e-11
4.2924e-11,2.3045e-11,1.7572e-11
9.4268e-12,4.1656e-11,3.4016e-11
8.5357e-12,3.4797e-11,3.1364e-11
4.6678e-11,8.3862e-12,4.8405e-11
4.3423e-11,8.395e-12,4.5088e-11
4.3077e-11,8.457e-12,4.6377e-11
4.6029e-11,1.7007e-11,4.5461e-11
3.507e-11,1.0379e-11,3.538e-11
3.1368e-11,7.8309e-12,3.0712e-11
3.0413e-11,7.2365e-12,2.8752e-11
3.0178e-11,1.3464e-11,3.0108e-11
4.2483e-11,1.1921e-11,3.1863e-11
2.677e-11,1.0049e-11,2.616e-11
4.3539e-11,1.0945e-11,2.8852e-11
2.6819e-11,1.3366e-11,2.665e-11
2.2962e-11,8.7373e-12,1.8873e-11
2.1442e-11,1.1815e-11,2.3823e-11
2.0738e-11,9.4062e-12,1.8549e-11
2.982e-11,2.4821e-11,3.5458e-11
4.9272e-11,1.3426e-11,2.3966e-11
4.3931e-11,1.3427e-11,2.1932e-11
4.3026e-11,1.7252e-11,2.4569e-11
4.2557e-11,1.3431e-11,2.2052e-11
4.6999e-11,4.3885e-11,3.2455e-11
3.5479e-11,4.9355e-11,4.601e-11
1.6634e-11,1.4458e-11,2.0705e-11
2.9115e-11,3.0738e-11,2.8523e-11
3.2319e-11,4.6725e-11,2.7602e-11
1.6623e-11,1.3094e-11,1.4794e-11
1.8795e-11,1.3517e-11,2.0924e-11
1.9395e-11,1.8105e-11,1.31e-11
1.4551e-11,1.0776e-11,1.6031e-11
1.8776e-11,1.7435e-11,1.4225e-11
2.1458e-11,2.708e-11,1.479e-11
2.7121e-11,3.132e-11,2.9016e-11
1.5281e-11,1.4261e-11,1.6633e-11
3.3045e-11,6.3284e-11,4.3891e-11
1.4819e-11,1.5352e-11,1.9092e-11
1.2582e-11,1.3686e-11,1.7245e-11
1.4289e-11,1.2861e-11,1.6702e-11
1.726e-11,1.5134e-11,1.3657e-11
1.9332e-11,4.8373e-11,5.1536e-11
1.418e-11,1.3252e-11,1.732e-11
1.8516e-11,2.0784e-11,1.3478e-11
1.1007e-11,1.9008e-11,1.8454e-11
2.119e-11,2.2418e-11,1.5034e-11
2.2803e-11,2.4825e-11,1.5417e-11
2.9923e-11,2.0656e-11,1.2784e-11
1.985e-11,2.1814e-11,1.6614e-11
1.2052e-11,1.3948e-11,1.697e-11
2.5912e-11,1.9858e-11,1.3967e-11
3.656e-11,2.0934e-11,1.0645e-11
1.4376e-11,2.3789e-11,2.4485e-11
3.6471e-11,2.7655e-11,1.7581e-11
1.2558e-11,2.4258e-11,2.4613e-11
3.6367e-11,4.0972e-11,2.3808e-11
8.0895e-12,2.3781e-11,1.7482e-11
7.2783e-12,2.1775e-11,1.988e-11
1.2159e-11,2.0294e-11,1.9515e-11
7.8778e-12,4.3246e-11,3.6713e-11
4.9834e-11,1.9936e-11,1.316e-11
6.9425e-12,4.5892e-11,3.861e-11
3.9607e-11,2.334e-11,2.0097e-11
8.2382e-12,2.3978e-11,2.0327e-11
2.4499e-11,3.5736e-11,2.1846e-11
4.9427e-11,2.4475e-11,1.2373e-11
4.3469e-11,2.1854e-11,1.161e-11
4.0362e-11,2.0804e-11,5.9688e-12
3.4354e-11,2.6731e-11,1.607e-11
2.4139e-11,3.3367e-11,1.9628e-11
3.8913e-11,1.1272e-11,4.1707e-11
3.0265e-11,1.2914e-11,2.9477e-11
3.2078e-11,1.3865e-11,3.1753e-11
3.8172e-11,1.1624e-11,3.0579e-11
3.4607e-11,9.4654e-12,2.7953e-11
2.5366e-11,9.4879e-12,1.95e-11
2.2734e-11,1.3161e-11,2.481e-11
5.492e-11,1.3782e-11,2.6637e-11
2.9914e-11,2.6427e-11,3.519e-11
2.2629e-11,1.4885e-11,2.6131e-11
2.0873e-11,1.7328e-11,2.544e-11
1.6969e-11,1.2651e-11,1.4428e-11
2.7576e-11,1.3804e-11,2.3417e-11
2.7582e-11,1.8569e-11,1.8154e-11
1.735e-11,1.5174e-11,1.4326e-11
1.5768e-11,1.1846e-11,1.9247e-11
1.701e-11,1.4834e-11,1.2594e-11
2.8636e-11,5.3912e-11,3.9808e-11
2.4654e-11,3.7934e-11,2.0875e-11
1.6101e-11,1.4928e-11,1.0596e-11
1.6179e-11,1.5066e-11,1.441e-11
1.1083e-11,1.3047e-11,1.5837e-11
1.4613e-11,1.2422e-11,1.7705e-11
9.5206e-12,1.8449e-11,1.9634e-11
2.9927e-11,4.971e-11,2.9714e-11
2.1923e-11,1.9536e-11,1.4247e-11
3.4339e-11,2.0494e-11,1.5679e-11
3.2516e-11,2.0819e-11,1.8374e-11
1.3573e-11,1.7703e-11,1.4018e-11
7.3027e-12,2.0511e-11,2.1831e-11
5.4594e-12,2.1648e-11,1.8387e-11
8.7532e-12,2.0184e-11,1.7192e-11
1.2244e-11,1.5774e-11,1.4606e-11
2.8834e-11,3.462e-11,2.28e-11
4.264e-11,2.5008e-11,1.4368e-11
3.932e-11,2.2766e-11,1.9468e-11
4.6553e-11,2.4374e-11,1.3739e-11
4.0446e-11,1.91e-11,1.354e-11
4.9427e-11,2.3312e-11,1.1525e-11
9.3756e-12,2.5011e-11,2.1023e-11
4.5019e-11,1.841e-11,7.3614e-12
4.636e-11,2.2824e-11,1.2593e-11
3.9398e-11,8.1529e-12,4.127e-11
3.2697e-11,7.3505e-12,3.0138e-11
2.9455e-11,1.3341e-11,2.9566e-11
3.8805e-11,1.0472e-11,2.7699e-11
3.4409e-11,2.2633e-11,4.0519e-11
2.6017e-11,7.6218e-12,2.0632e-11
2.0112e-11,9.076e-12,1.7484e-11
2.2829e-11,8.3043e-12,1.7183e-11
2.3872e-11,1.798e-11,2.9975e-11
1.9964e-11,1.1319e-11,1.7148e-11
1.9618e-11,1.2388e-11,2.1592e-11
3.0133e-11,2.7201e-11,3.4683e-11
4.647e-11,4.2681e-11,3.7061e-11
4.6605e-11,5.0805e-11,4.7269e-11
1.7794e-11,1.6158e-11,2.065e-11
3.4344e-11,5.7862e-11,4.4031e-11
2.9223e-11,3.2735e-11,3.9334e-11
2.1432e-11,2.7196e-11,1.7125e-11
2.9394e-11,4.6114e-11,4.9962e-11
1.3481e-11,1.3042e-11,1.6688e-11
2.0251e-11,2.6084e-11,1.5429e-11
1.6261e-11,1.4958e-11,1.7611e-11
3.0695e-11,5.9374e-11,3.5311e-11
1.1172e-11,1.6368e-11,1.8592e-11
2.4129e-11,5.0669e-11,5.5199e-11
1.6636e-11,1.4724e-11,1.6762e-11
1.2769e-11,1.355e-11,1.766e-11
1.5745e-11,2.2667e-11,2.456e-11
1.5826e-11,1.8171e-11,1.916e-11
1.323e-11,1.3924e-11,1.8169e-11
3.3633e-11,2.3995e-11,1.4476e-11
2.2271e-11,2.032e-11,1.2532e-11
9.5547e-12,1.4672e-11,1.4634e-11
2.4448e-11,2.0617e-11,1.2901e-11
2.8065e-11,5.2959e-11,3.269e-11
2.9723e-11,3.5693e-11,2.4312e-11
1.0398e-11,1.3307e-11,1.5995e-11
1.4447e-11,2.2349e-11,1.643e-11
4.4633e-12,2.4342e-11,2.254e-11
5.3459e-12,2.4225e-11,2.3281e-11
1.1664e-11,1.9599e-11,1.8619e-11
4.6356e-11,2.1229e-11,1.2553e-11
2.4227e-11,3.9194e-11,2.4553e-11
8.6283e-12,1.3917e-11,1.6505e-11
2.4664e-11,3.6674e-11,2.0631e-11
8.8807e-12,2.148e-11,2.1103e-11
3.6613e-11,1.9105e-11,1.4024e-11
3.31e-11,2.5825e-11,1.6263e-11
4.4608e-11,2.3403e-11,1.3993e-11
2.9628e-11,2.9763e-11,1.7071e-11
4.1369e-11,2.0867e-11,7.4442e-12
4.0313e-11,2.3221e-11,1.7837e-11
3.993e-11,2.1206e-11,6.4476e-12
4.6266e-11,1.6196e-11,4.49e-11
3.0441e-11,1.0609e-11,3.038e-11
3.2503e-11,7.2548e-12,3.0065e-11
4.0423e-11,2.5983e-11,4.4288e-11
2.6262e-11,1.3247e-11,2.673e-11
3.0761e-11,9.5996e-12,2.2273e-11
3.9166e-11,1.2027e-11,2.8179e-11
6.7715e-11,2.0482e-11,3.2532e-11
3.5791e-11,9.2096e-12,2.3823e-11
3.0221e-11,8.5914e-12,2.0492e-11
4.4265e-11,1.194e-11,2.2787e-11
3.8301e-11,2.8851e-11,2.151e-11
1.8361e-11,1.6758e-11,2.2773e-11
3.8558e-11,5.71e-11,5.299e-11
2.0361e-11,2.4006e-11,1.1941e-11
1.7732e-11,1.7597e-11,1.3121e-11
1.4187e-11,1.4108e-11,1.7699e-11
2.2701e-11,3.1721e-11,1.8788e-11
1.7129e-11,2.8272e-11,3.2208e-11
1.4421e-11,2.2209e-11,2.4504e-11
2.4975e-11,4.645e-11,5.0618e-11
1.4068e-11,1.9759e-11,1.8061e-11
1.1271e-11,1.6111e-11,1.5462e-11
1.4006e-11,1.3938e-11,1.4705e-11
1.612e-11,1.5598e-11,1.4213e-11
2.5539e-11,3.9908e-11,2.1389e-11
1.5646e-11,1.8765e-11,1.5417e-11
1.0303e-11,1.1828e-11,1.5697e-11
1.6844e-11,2.2048e-11,1.3776e-11
1.0356e-11,1.1536e-11,1.477e-11
1.1047e-11,2.4612e-11,2.6488e-11
1.0723e-11,2.2835e-11,2.1545e-11
2.553e-11,2.4444e-11,1.3862e-11
1.8805e-11,2.276e-11,1.4368e-11
8.5079e-12,3.6742e-11,3.9333e-11
8.7818e-12,2.265e-11,1.7175e-11
8.2492e-12,2.3984e-11,2.1803e-11
7.4904e-12,1.9478e-11,1.6995e-11
1.2054e-11,5.4063e-11,5.1851e-11
6.5089e-12,4.7473e-11,4.5234e-11
7.7678e-12,1.7839e-11,1.7116e-11
9.6246e-12,2.1841e-11,2.2609e-11
4.0253e-11,1.8923e-11,1.0432e-11
8.9484e-12,1.9637e-11,2.283e-11
3.012e-11,2.5671e-11,1.7923e-11
4.5698e-11,2.3482e-11,1.4503e-11
2.2476e-11,3.3168e-11,2.0879e-11
8.391e-12,2.0737e-11,2.4516e-11
7.3649e-12,2.75e-11,2.554e-11
3.2582e-11,1.2288e-11,3.172e-11
4.0858e-11,2.4535e-11,4.4887e-11
3.209e-11,1.834e-11,3.3647e-11
2.889e-11,8.5052e-12,2.6297e-11
2.9269e-11,1.2948e-11,2.9446e-11
3.5063e-11,2.0668e-11,3.9464e-11
3.3156e-11,7.1387e-12,2.4135e-11
2.3338e-11,8.8361e-12,2.3125e-11
2.9861e-11,1.8734e-11,3.4492e-11
6.4472e-11,2.0545e-11,3.2887e-11
2.3906e-11,1.5812e-11,2.7388e-11
2.2406e-11,9.3626e-12,1.6802e-11
2.6269e-11,2.1073e-11,3.1821e-11
5.9204e-11,3.2404e-11,3.1908e-11
1.8707e-11,1.0842e-11,1.6381e-11
2.732e-11,2.3302e-11,3.2602e-11
5.3353e-11,4.1828e-11,3.8305e-11
4.5871e-11,5.1685e-11,3.8901e-11
1.6454e-11,1.2533e-11,1.4645e-11
1.909e-11,1.9373e-11,2.3996e-11
1.5162e-11,1.112e-11,1.6234e-11
2.6418e-11,4.1018e-11,2.4064e-11
1.7884e-11,1.322e-11,1.718e-11
2.2053e-11,1.3187e-11,1.4471e-11
1.734e-11,1.9253e-11,2.3156e-11
2.7304e-11,3.6949e-11,2.7121e-11
2.083e-11,2.1402e-11,2.7856e-11
2.981e-11,4.1942e-11,4.819e-11
1.4696e-11,1.2147e-11,1.5094e-11
1.3941e-11,1.3059e-11,1.5821e-11
2.6867e-11,5.2807e-11,3.8777e-11
1.4289e-11,1.2649e-11,1.5372e-11
2.2488e-11,4.3824e-11,2.8556e-11
1.7487e-11,2.053e-11,1.2071e-11
1.8545e-11,1.6218e-11,1.095e-11
1.7237e-11,1.6609e-11,1.2092e-11
1.5346e-11,4.0725e-11,4.4215e-11
1.3081e-11,3.6482e-11,3.9314e-11
1.5156e-11,1.9747e-11,1.2755e-11
8.184e-12,4.2419e-11,4.0314e-11
7.9511e-12,1.8624e-11,1.5965e-11
3.4621e-11,2.4375e-11,1.1475e-11
1.4108e-11,1.5469e-11,1.593e-11
2.9273e-11,2.439e-11,2.0881e-11
2.3192e-11,3.6364e-11,1.9277e-11
6.2263e-12,1.4067e-11,1.6657e-11
1.1435e-11,2.1614e-11,1.8918e-11
3.8191e-11,2.534e-11,1.0416e-11
8.5384e-12,3.9154e-11,3.4799e-11
1.557e-11,2.4284e-11,2.1775e-11
2.87e-11,2.4564e-11,1.7883e-11
2.1241e-11,3.5819e-11,2.4285e-11
1.4686e-11,2.1014e-11,2.0273e-11
1.1939e-11,1.8816e-11,1.9619e-11
4.1811e-11,1.2984e-11,4.2359e-11
3.8225e-11,1.1101e-11,4.0134e-11
3.6669e-11,1.8846e-11,3.8016e-11
3.0293e-11,7.3648e-12,2.8642e-11
4.193e-11,2.4451e-11,4.6241e-11
3.0223e-11,1.7394e-11,3.3521e-11
3.5315e-11,2.3732e-11,4.0205e-11
2.9056e-11,7.0604e-12,2.1306e-11
3.3309e-11,2.2531e-11,3.8283e-11
2.3047e-11,8.0466e-12,1.9808e-11
2.6782e-11,7.9006e-12,1.9546e-11
3.1982e-11,9.7945e-12,2.3524e-11
1.9916e-11,8.4897e-12,1.8222e-11
2.9849e-11,1.3261e-11,1.9726e-11
5.2796e-11,2.0999e-11,2.4176e-11
2.346e-11,1.7144e-11,2.733e-11
4.8116e-11,1.2138e-11,2.3303e-11
3.8775e-11,2.856e-11,2.0684e-11
4.2403e-11,2.8087e-11,2.5247e-11
1.9082e-11,1.5664e-11,2.3566e-11
1.5619e-11,1.1529e-11,1.8414e-11
1.7127e-11,1.0564e-11,1.5606e-11
3.1092e-11,3.4277e-11,4.1807e-11
1.9113e-11,1.3232e-11,1.8105e-11
2.9999e-11,3.3342e-11,4.01e-11
1.657e-11,1.7717e-11,2.1963e-11
1.3547e-11,1.5211e-11,1.1214e-11
1.8301e-11,2.0528e-11,1.1943e-11
2.2174e-11,4.0022e-11,2.6662e-11
1.4392e-11,2.0809e-11,2.3318e-11
1.002e-11,1.2603e-11,1.3218e-11
1.1865e-11,1.6203e-11,1.4215e-11
9.2078e-12,3.9335e-11,3.9343e-11
7.9818e-12,2.1986e-11,1.7847e-11
1.0938e-11,1.1151e-11,1.3377e-11
2.8975e-11,3.2913e-11,2.241e-11
1.3687e-11,2.0902e-11,1.3383e-11
2.8864e-11,2.3375e-11,1.8461e-11
2.0425e-11,2.7035e-11,2.1205e-11
3.696e-11,2.0931e-11,1.3761e-11
1.2065e-11,2.055e-11,2.037e-11
7.007e-12,2.5715e-11,2.4325e-11
9.3374e-12,2.8882e-11,2.6735e-11
1.0027e-11,2.9811e-11,2.7584e-11
8.0982e-12,2.0631e-11,2.1555e-11
7.2911e-12,3.8564e-11,3.6343e-11
6.4686e-12,2.3356e-11,2.4201e-11
2.6961e-11,8.2184e-12,2.5542e-11
2.5813e-11,6.182e-12,2.3694e-11
2.636e-11,7.1687e-12,2.0409e-11
2.7987e-11,6.7278e-12,2.1386e-11
7.0115e-11,2.8955e-11,3.2375e-11
3.1006e-11,2.5015e-11,3.6694e-11
1.9806e-11,1.1156e-11,1.8919e-11
2.904e-11,2.3841e-11,3.3864e-11
6.8713e-11,4.1581e-11,3.8943e-11
1.6147e-11,1.2743e-11,1.938e-11
2.2039e-11,2.089e-11,2.6594e-11
1.3956e-11,1.1989e-11,1.7915e-11
1.7572e-11,1.1997e-11,1.6753e-11
2.4549e-11,9.7696e-12,1.6385e-11
2.2386e-11,2.1354e-11,1.6436e-11
2.801e-11,3.7786e-11,4.4475e-11
1.8161e-11,1.5e-11,1.6791e-11
1.9627e-11,2.1715e-11,1.0404e-11
2.7606e-11,5.4556e-11,3.358e-11
1.5385e-11,1.4348e-11,9.2092e-12
2.0264e-11,2.7189e-11,1.5348e-11
1.8133e-11,2.1023e-11,1.1029e-11
2.6416e-11,5.1032e-11,3.2868e-11
1.5372e-11,1.7066e-11,1.5064e-11
8.0582e-12,1.6979e-11,1.7117e-11
9.1288e-12,1.8131e-11,1.7819e-11
9.4534e-12,1.2098e-11,1.3781e-11
8.4417e-12,2.06e-11,1.8515e-11
6.9406e-12,1.8131e-11,1.6272e-11
9.2009e-12,2.5114e-11,2.5415e-11
1.6383e-11,1.5972e-11,1.6913e-11
8.1632e-12,5.13e-11,4.8482e-11
1.0553e-11,2.6701e-11,2.4539e-11
7.7603e-12,1.9948e-11,2.1585e-11
3.9441e-11,2.2773e-11,1.8065e-11
2.8185e-11,2.3916e-11,1.778e-11
3.9603e-11,1.9703e-11,1.2261e-11
3.3806e-11,2.0897e-11,2.001e-11
1.0245e-11,4.2504e-11,3.8688e-11
1.0557e-11,2.2343e-11,2.0307e-11
1.0297e-11,2.7542e-11,2.7124e-11
9.3e-12,1.9087e-11,2.051e-11
4.3795e-11,2.6713e-11,1.4407e-11
4.5871e-11,1.2899e-11,4.5738e-11
4.0644e-11,1.0288e-11,4.3187e-11
3.9628e-11,1.195e-11,4.2076e-11
3.2464e-11,8.3142e-12,3.3057e-11
2.8058e-11,7.3749e-12,2.8425e-11
2.36e-11,7.7029e-12,2.2839e-11
2.1751e-11,9.3466e-12,2.1616e-11
6.9743e-11,1.7988e-11,3.6139e-11
7.9734e-11,3.188e-11,3.8819e-11
1.9741e-11,9.1826e-12,1.8283e-11
2.6803e-11,2.2626e-11,3.1276e-11
2.708e-11,2.4932e-11,3.232e-11
1.873e-11,1.6864e-11,2.4406e-11
3.6092e-11,1.9764e-11,1.7128e-11
1.5922e-11,1.3132e-11,1.9312e-11
2.3687e-11,2.1458e-11,2.8746e-11
2.4711e-11,1.0579e-11,1.8957e-11
2.3631e-11,9.4801e-12,1.8792e-11
1.6332e-11,1.2072e-11,1.5539e-11
2.044e-11,9.3255e-12,1.744e-11
1.633e-11,1.1716e-11,1.491e-11
1.4096e-11,1.1388e-11,1.4232e-11
2.6836e-11,3.0746e-11,3.0043e-11
1.7129e-11,1.7966e-11,2.2323e-11
2.7478e-11,2.874e-11,3.5411e-11
1.8492e-11,1.7905e-11,2.4194e-11
2.1355e-11,3.1622e-11,2.1531e-11
1.7757e-11,2.7358e-11,1.8843e-11
1.2726e-11,1.8792e-11,2.1141e-11
1.0062e-11,9.683e-12,1.3099e-11
2.1541e-11,3.6213e-11,3.007e-11
1.0046e-11,1.1958e-11,1.278e-11
2.3822e-11,3.335e-11,2.4926e-11
1.0047e-11,2.0371e-11,1.8972e-11
1.458e-11,1.8292e-11,1.3578e-11
1.123e-11,1.2357e-11,1.2657e-11
2.3097e-11,3.9209e-11,2.6162e-11
1.0631e-11,2.0974e-11,1.7109e-11
2.5973e-11,2.2474e-11,1.9454e-11
4.8575e-11,2.0159e-11,1.064e-11
7.6863e-12,4.1701e-11,3.7822e-11
3.7122e-11,1.9869e-11,1.5864e-11
9.0385e-12,2.1269e-11,2.2137e-11
4.1613e-11,2.6868e-11,1.0477e-11
4.7561e-11,2.5243e-11,1.8809e-11
1.3086e-11,1.6172e-11,1.863e-11
1.5552e-11,1.8195e-11,2.3325e-11
1.778e-11,2.961e-11,2.1145e-11
7.8466e-12,1.9211e-11,2.1825e-11
4.2164e-11,1.3973e-11,4.2255e-11
4.367e-11,2.3923e-11,4.669e-11
2.535e-11,7.3634e-12,2.6042e-11
2.5109e-11,1.0106e-11,2.5564e-11
2.5828e-11,5.8453e-12,2.3158e-11
2.3701e-11,1.0398e-11,2.4313e-11
7.2508e-11,2.09e-11,3.7985e-11
1.9684e-11,7.6834e-12,1.8304e-11
2.2101e-11,6.1228e-12,1.8942e-11
2.1847e-11,1.2806e-11,2.0041e-11
2.7644e-11,6.6184e-12,2.0425e-11
2.9425e-11,2.3345e-11,3.4925e-11
1.8801e-11,8.0862e-12,1.7238e-11
6.4806e-11,3.4442e-11,3.8744e-11
2.4848e-11,9.3898e-12,1.6173e-11
4.0717e-11,1.4112e-11,2.2136e-11
4.4879e-11,4.877e-11,4.9194e-11
2.5729e-11,9.9914e-12,1.9497e-11
2.0116e-11,9.3902e-12,1.5754e-11
2.431e-11,1.1814e-11,1.4928e-11
1.4658e-11,1.0975e-11,1.5443e-11
3.1805e-11,4.2818e-11,4.9239e-11
1.3265e-11,1.3809e-11,1.139e-11
1.5951e-11,2.51e-11,2.8457e-11
1.7891e-11,2.6832e-11,1.5365e-11
2.5603e-11,5.3564e-11,3.9688e-11
2.1981e-11,4.456e-11,3.1563e-11
2.4102e-11,3.5139e-11,2.7644e-11
2.4318e-11,4.4925e-11,3.2426e-11
1.6836e-11,3.6021e-11,3.6677e-11
7.9598e-12,1.4624e-11,1.754e-11
6.5712e-12,1.8261e-11,1.9162e-11
7.958e-12,2.6363e-11,2.6489e-11
2.974e-11,2.1834e-11,1.5823e-11
7.6032e-12,4.699e-11,4.4637e-11
8.1814e-12,1.6292e-11,1.7933e-11
8.1614e-12,1.6077e-11,1.7031e-11
3.7009e-11,1.9992e-11,1.1823e-11
7.7409e-12,1.8557e-11,1.8104e-11
3.2533e-11,2.0088e-11,1.9218e-11
6.6468e-12,1.9493e-11,1.854e-11
2.9362e-11,2.1012e-11,1.6342e-11
7.2304e-12,1.8197e-11,1.8595e-11
4.196e-11,2.1293e-11,1.773e-11
1.1805e-11,1.6353e-11,1.9208e-11
3.4534e-11,2.1301e-11,1.5748e-11
1.0724e-11,4.4154e-11,4.3087e-11
2.0388e-11,2.3744e-11,1.6957e-11
4.0287e-11,2.9945e-11,1.3187e-11
1.2773e-11,1.8981e-11,2.3493e-11
2.2755e-11,8.4764e-12,2.2643e-11
5.3494e-11,1.3831e-11,2.8677e-11
2.084e-11,1.1751e-11,2.1931e-11
1.8957e-11,1.1601e-11,1.6133e-11
1.9506e-11,8.6589e-12,1.8798e-11
3.2984e-11,2.8698e-11,3.7244e-11
3.3089e-11,2.9851e-11,3.6675e-11
4.5748e-11,2.6204e-11,2.4951e-11
1.8484e-11,1.5226e-11,2.214e-11
2.1144e-11,3.0062e-11,1.5815e-11
1.961e-11,1.8806e-11,2.5067e-11
1.3847e-11,1.5534e-11,1.4088e-11
3.0588e-11,5.9499e-11,5.5069e-11
2.1559e-11,1.3789e-11,1.2005e-11
3.0194e-11,4.3987e-11,4.8936e-11
1.4133e-11,1.6221e-11,9.3659e-12
1.6093e-11,2.1494e-11,1.5442e-11
1.3648e-11,1.4136e-11,1.0724e-11
1.3729e-11,1.8279e-11,2.15e-11
1.7131e-11,3.2711e-11,3.4686e-11
1.0217e-11,9.3662e-12,1.3526e-11
7.7891e-12,1.1626e-11,1.47e-11
1.7516e-11,4.9786e-11,5.0661e-11
1.5454e-11,1.8981e-11,1.4004e-11
7.889e-12,2.4736e-11,2.6579e-11
1.6195e-11,5.5751e-11,5.2884e-11
1.8786e-11,1.8988e-11,2.0341e-11
2.5611e-11,2.2851e-11,2.2336e-11
1.015e-11,1.6628e-11,1.6607e-11
2.3177e-11,2.4102e-11,1.9355e-11
1.0266e-11,1.6953e-11,1.5598e-11
2.9972e-11,1.9626e-11,2.2282e-11
2.7444e-11,2.1209e-11,1.8229e-11
4.702e-11,2.7493e-11,1.944e-11
4.0342e-11,1.8421e-11,9.3616e-12
9.626e-12,1.6026e-11,1.7984e-11
1.9989e-11,2.1654e-11,1.5896e-11
4.1278e-11,2.3342e-11,1.5064e-11
3.9784e-11,2.2746e-11,1.4576e-11
1.7109e-11,2.7298e-11,1.9964e-11
1.1146e-11,1.7506e-11,2.1844e-11
1.209e-11,1.5184e-11,2.013e-11
7.6802e-12,2.0867e-11,2.4093e-11
4.1551e-11,1.0434e-11,4.3179e-11
3.9882e-11,1.3923e-11,4.0346e-11
3.3408e-11,1.3034e-11,3.5656e-11
3.7747e-11,1.501e-11,3.8905e-11
3.464e-11,9.0319e-12,2.8531e-11
2.6454e-11,9.0325e-12,2.5536e-11
2.3308e-11,7.4103e-12,2.2181e-11
8.5364e-11,2.9291e-11,4.1568e-11
5.5642e-11,1.4025e-11,3.2035e-11
2.0367e-11,8.7737e-12,2.0138e-11
2.1e-11,7.386e-12,1.8506e-11
2.1547e-11,6.3656e-12,1.8232e-11
4.7524e-11,1.2708e-11,2.8059e-11
2.4276e-11,6.1459e-12,1.9156e-11
1.9291e-11,7.1936e-12,1.6619e-11
2.2704e-11,7.345e-12,1.7996e-11
1.9249e-11,8.9742e-12,1.6816e-11
2.0783e-11,9.0517e-12,1.785e-11
1.6439e-11,1.2764e-11,1.4547e-11
4.3388e-11,5.6342e-11,5.5572e-11
2.8285e-11,2.601e-11,3.3017e-11
2.5965e-11,5.2849e-11,3.8605e-11
2.0913e-11,4.566e-11,3.9402e-11
1.2412e-11,1.3123e-11,9.6189e-12
1.2468e-11,1.7963e-11,2.0882e-11
2.3125e-11,3.3254e-11,2.421e-11
1.9603e-11,4.4233e-11,4.8255e-11
9.6889e-12,1.5925e-11,1.4451e-11
1.1567e-11,2.3789e-11,2.4758e-11
2.5141e-11,2.081e-11,1.8845e-11
9.3248e-12,1.4483e-11,1.6448e-11
1.2904e-11,3.1272e-11,3.1768e-11
2.0962e-11,3.512e-11,2.7186e-11
3.9964e-11,2.6897e-11,2.4666e-11
2.0189e-11,3.3646e-11,2.6759e-11
4.0833e-11,2.4401e-11,1.2144e-11
3.897e-11,2.3739e-11,1.2468e-11
3.6733e-11,2.0806e-11,1.4192e-11
4.354e-11,2.0563e-11,2.065e-11
4.1952e-11,3.1861e-11,1.5944e-11
3.2504e-11,5.7113e-12,3.3803e-11
3.1908e-11,6.6159e-12,3.4052e-11
3.2942e-11,8.0742e-12,3.5457e-11
3.923e-11,2.2541e-11,4.2521e-11
2.0896e-11,7.5632e-12,1.9805e-11
2.1513e-11,8.3328e-12,1.9393e-11
4.9566e-11,1.5669e-11,2.4143e-11
6.4743e-11,4.2742e-11,4.6103e-11
2.4189e-11,2.1134e-11,2.8106e-11
2.2671e-11,2.0311e-11,2.7221e-11
1.4467e-11,1.2734e-11,1.8485e-11
2.3809e-11,9.9676e-12,1.5613e-11
1.3374e-11,8.8813e-12,1.3927e-11
2.1897e-11,4.0544e-11,3.659e-11
3.0722e-11,3.9168e-11,4.369e-11
1.409e-11,2.0058e-11,1.5351e-11
1.3335e-11,1.14e-11,1.6636e-11
1.2558e-11,1.2307e-11,1.4385e-11
1.1091e-11,1.122e-11,1.3366e-11
1.1607e-11,1.641e-11,1.925e-11
2.4085e-11,4.7961e-11,4.1045e-11
1.4607e-11,2.5025e-11,2.8324e-11
1.0587e-11,1.8718e-11,2.136e-11
2.0115e-11,5.097e-11,5.0609e-11
9.3074e-12,1.3969e-11,1.3998e-11
1.8377e-11,4.8359e-11,4.776e-11
1.7153e-11,4.7881e-11,4.7419e-11
9.6629e-12,1.9161e-11,1.9291e-11
7.2473e-12,1.6433e-11,1.5189e-11
1.3061e-11,1.4149e-11,1.7364e-11
5.7178e-12,1.5377e-11,1.6585e-11
7.7209e-12,1.417e-11,1.6997e-11
2.1142e-11,4.1376e-11,3.1199e-11
2.7911e-11,2.7005e-11,1.6364e-11
2.9215e-11,2.8302e-11,1.5155e-11
1.0259e-11,1.3912e-11,1.5954e-11
7.8835e-12,1.8052e-11,1.6998e-11
8.4336e-12,1.2974e-11,1.3582e-11
3.318e-11,3.5936e-11,2.2812e-11
6.4292e-12,1.5656e-11,1.9456e-11
9.2639e-12,2.1435e-11,1.934e-11
1.7011e-11,2.3782e-11,2.2412e-11
9.8661e-12,1.6606e-11,1.8544e-11
1.894e-11,2.1056e-11,1.6326e-11
8.8911e-12,1.9253e-11,1.7326e-11
2.6015e-11,1.8979e-11,1.66e-11
8.8249e-12,1.9934e-11,2.05e-11
3.5428e-11,2.3692e-11,1.6934e-11
8.6265e-12,2.0894e-11,2.0685e-11
3.7542e-11,2.5024e-11,1.4565e-11
1.8101e-11,2.3238e-11,1.8736e-11
3.6254e-11,1.7323e-11,1.0697e-11
3.098e-11,1.9669e-11,1.7025e-11
3.1981e-11,1.9389e-11,1.4703e-11
1.3699e-11,3.8333e-11,3.5199e-11
3.4046e-11,1.0493e-11,3.64e-11
3.4556e-11,8.5254e-12,3.2458e-11
2.5709e-11,6.1185e-12,2.5651e-11
3.9296e-11,9.1357e-12,3.2109e-11
3.775e-11,2.1427e-11,4.1212e-11
2.6032e-11,7.2871e-12,2.4329e-11
3.3554e-11,8.6785e-12,2.7293e-11
3.607e-11,1.0355e-11,2.8841e-11
6.1302e-11,1.5458e-11,3.5445e-11
2.1758e-11,7.1019e-12,1.9394e-11
2.0809e-11,1.4281e-11,2.5251e-11
1.891e-11,7.9131e-12,1.875e-11
3.0644e-11,2.4436e-11,3.5176e-11
3.1943e-11,8.7623e-12,2.1007e-11
4.211e-11,9.2376e-12,2.2406e-11
3.2456e-11,2.9435e-11,3.7386e-11
1.7616e-11,8.779e-12,1.7494e-11
1.7526e-11,8.4365e-12,1.635e-11
3.3379e-11,3.187e-11,3.8343e-11
1.7259e-11,8.0532e-12,1.5931e-11
1.7178e-11,1.0004e-11,1.6058e-11
4.0817e-11,3.8895e-11,3.4742e-11
4.2001e-11,4.9094e-11,5.4873e-11
1.402e-11,9.7951e-12,1.6629e-11
2.9744e-11,2.9447e-11,3.8084e-11
1.6439e-11,8.2249e-12,1.6734e-11
1.8432e-11,1.2675e-11,1.4606e-11
2.011e-11,2.095e-11,1.3188e-11
2.6213e-11,5.7837e-11,5.0524e-11
2.3373e-11,5.1699e-11,4.5536e-11
2.2918e-11,5.1448e-11,4.4363e-11
2.9079e-11,4.739e-11,4.9054e-11
1.1983e-11,9.7658e-12,1.4753e-11
1.1775e-11,1.0949e-11,1.5398e-11
1.7664e-11,3.3442e-11,2.174e-11
7.9126e-12,1.5146e-11,1.5576e-11
1.2837e-11,1.3742e-11,1.7946e-11
6.9191e-12,1.3508e-11,1.6893e-11
8.5905e-12,1.1492e-11,1.4646e-11
1.1257e-11,2.7629e-11,2.9059e-11
8.5279e-12,1.1956e-11,1.4671e-11
1.8848e-11,3.4209e-11,2.7619e-11
1.5114e-11,4.7143e-11,4.3116e-11
5.9906e-12,1.5078e-11,1.8657e-11
1.5578e-11,2.1414e-11,1.5137e-11
3.426e-11,3.143e-11,1.6324e-11
2.5592e-11,2.1572e-11,1.4852e-11
1.7841e-11,3.0217e-11,2.6324e-11
4.407e-11,3.8416e-11,2.3914e-11
2.4262e-11,1.9585e-11,1.8761e-11
4.2324e-11,2.0389e-11,1.6602e-11
1.0833e-11,1.7793e-11,1.9689e-11
1.1834e-11,2.5477e-11,2.6135e-11
3.8709e-11,3.808e-11,1.7561e-11
2.7805e-11,8.6839e-12,2.8009e-11
3.1686e-11,1.5743e-11,3.1493e-11
2.3e-11,7.2442e-12,2.3167e-11
2.8539e-11,1.7401e-11,3.1211e-11
2.7513e-11,1.7196e-11,3.0627e-11
4.0965e-11,1.2466e-11,2.7088e-11
2.6102e-11,2.178e-11,3.1158e-11
4.9733e-11,2.5376e-11,2.7403e-11
6.1745e-11,4.0276e-11,4.3495e-11
1.6601e-11,9.6594e-12,1.7323e-11
1.9154e-11,9.0394e-12,1.6132e-11
2.891e-11,9.548e-12,2.0592e-11
5.6172e-11,3.9997e-11,4.3447e-11
4.2449e-11,1.3057e-11,2.245e-11
2.0206e-11,1.6183e-11,2.4714e-11
1.6639e-11,7.5907e-12,1.5533e-11
2.33e-11,2.1511e-11,2.8123e-11
1.5179e-11,1.1929e-11,1.5048e-11
2.554e-11,1.0747e-11,1.4524e-11
3.0475e-11,5.0832e-11,5.1039e-11
3.1574e-11,3.622e-11,4.2711e-11
2.3558e-11,1.8991e-11,1.3572e-11
2.291e-11,4.0138e-11,3.5353e-11
2.9074e-11,5.6129e-11,5.0287e-11
2.9639e-11,4.0854e-11,4.1039e-11
1.2821e-11,1.1649e-11,1.5541e-11
9.9126e-12,1.0139e-11,1.4767e-11
1.0407e-11,1.7105e-11,1.9988e-11
7.8764e-12,1.4707e-11,1.5651e-11
7.0736e-12,1.4216e-11,1.3558e-11
1.2891e-11,1.332e-11,1.7841e-11
2.0082e-11,3.9415e-11,3.1322e-11
2.1172e-11,2.8717e-11,2.234e-11
2.0251e-11,5.2645e-11,4.9537e-11
9.369e-12,1.6e-11,1.7403e-11
1.9982e-11,2.3262e-11,1.8444e-11
1.0908e-11,2.5355e-11,2.8251e-11
9.5323e-12,1.2852e-11,1.6344e-11
1.5907e-11,2.3349e-11,2.4111e-11
7.9296e-12,1.9832e-11,1.8419e-11
1.2816e-11,1.431e-11,1.5795e-11
1.0253e-11,1.5915e-11,1.6398e-11
2.2128e-11,2.5956e-11,1.9276e-11
1.1407e-11,1.4393e-11,1.663e-11
3.663e-11,1.8081e-11,1.5619e-11
2.3367e-11,1.8288e-11,1.7977e-11
1.0277e-11,1.6397e-11,1.6921e-11
3.3522e-11,2.2516e-11,1.6532e-11
1.2228e-11,1.6163e-11,1.8577e-11
3.7955e-11,1.8804e-11,1.3262e-11
4.0707e-11,4.751e-11,2.6009e-11
3.6222e-11,2.8079e-11,1.648e-11
3.658e-11,8.6581e-12,3.9448e-11
4.3825e-11,1.8558e-11,4.4326e-11
3.5154e-11,1.2857e-11,3.8826e-11
3.995e-11,1.9357e-11,4.1795e-11
2.6865e-11,1.6025e-11,2.8989e-11
7.5114e-11,2.895e-11,4.1856e-11
2.6624e-11,1.6179e-11,2.9723e-11
2.03e-11,8.5007e-12,1.9097e-11
1.9648e-11,1.1708e-11,2.1999e-11
4.2976e-11,1.2434e-11,2.6223e-11
4.3132e-11,1.3494e-11,2.6467e-11
3.0269e-11,9.4511e-12,2.2831e-11
3.8444e-11,1.1175e-11,2.2641e-11
3.239e-11,2.9256e-11,3.7168e-11
3.6734e-11,8.7366e-12,2.1168e-11
1.7203e-11,1.1574e-11,1.8597e-11
3.5927e-11,1.1865e-11,2.2581e-11
3.074e-11,8.5056e-12,1.902e-11
4.0115e-11,1.8847e-11,1.9143e-11
3.5334e-11,4.1335e-11,3.3071e-11
2.2735e-11,1.8894e-11,2.5562e-11
1.4065e-11,1.1864e-11,1.9626e-11
1.6616e-11,9.9979e-12,1.3598e-11
2.5281e-11,5.4873e-11,4.924e-11
1.1853e-11,1.3005e-11,1.3632e-11
2.0781e-11,4.3424e-11,3.7515e-11
2.2334e-11,4.195e-11,3.4705e-11
1.9681e-11,3.9762e-11,3.4564e-11
1.04e-11,1.8575e-11,1.6735e-11
1.884e-11,3.4463e-11,2.5161e-11
1.3978e-11,3.8557e-11,3.7121e-11
9.9233e-12,1.286e-11,1.4105e-11
2.6683e-11,1.7522e-11,2.1345e-11
9.0184e-12,1.1705e-11,1.2802e-11
1.4122e-11,1.362e-11,1.4401e-11
1.0236e-11,1.4417e-11,2.0816e-11
9.5271e-12,1.7002e-11,1.3303e-11
1.5434e-11,5.5462e-11,5.0145e-11
1.2736e-11,1.5943e-11,2.0257e-11
1.5804e-11,2.5839e-11,2.3075e-11
1.6024e-11,2.4307e-11,1.5897e-11
6.9538e-12,1.3587e-11,1.4439e-11
3.3924e-11,2.1432e-11,1.2642e-11
3.2752e-11,2.1919e-11,1.5369e-11
3.2444e-11,1.8882e-11,1.4779e-11
1.4637e-11,4.6775e-11,4.0069e-11
1.1158e-11,1.7571e-11,1.8235e-11
3.9822e-11,2.0108e-11,1.0351e-11
3.2353e-11,3.8464e-11,4.3716e-11
3.3297e-11,8.5332e-12,3.5049e-11
2.9758e-11,9.3719e-12,3.2105e-11
3.9504e-11,1.602e-11,4.175e-11
4.1403e-11,1.7711e-11,4.1935e-11
3.3904e-11,1.3062e-11,3.324e-11
2.9824e-11,7.9195e-12,3.1045e-11
3.5406e-11,1.6378e-11,3.7317e-11
3.1513e-11,7.2433e-12,2.9529e-11
3.3081e-11,9.258e-12,3.2313e-11
3.7817e-11,9.6334e-12,3.3054e-11
5.9271e-11,1.4926e-11,3.489e-11
5.1398e-11,1.2079e-11,2.8684e-11
7.3478e-11,3.1511e-11,3.9561e-11
2.844e-11,1.9576e-11,3.2823e-11
6.1375e-11,2.1337e-11,2.9319e-11
2.1741e-11,1.5401e-11,2.65e-11
1.6459e-11,8.8232e-12,1.6891e-11
3.1779e-11,7.6835e-12,2.1549e-11
2.0303e-11,5.8411e-12,1.7139e-11
1.6657e-11,1.2438e-11,1.8479e-11
4.1099e-11,3.0588e-11,3.0586e-11
1.9542e-11,1.5539e-11,2.3571e-11
1.4247e-11,1.0228e-11,1.7304e-11
3.9551e-11,4.558e-11,4.4443e-11
2.5002e-11,8.7157e-12,1.6851e-11
2.9874e-11,3.1862e-11,3.7584e-11
3.2658e-11,3.5154e-11,4.2176e-11
2.5395e-11,1.1371e-11,1.7952e-11
1.4408e-11,1.2132e-11,1.4069e-11
1.4481e-11,1.0803e-11,1.5549e-11
1.9394e-11,9.3076e-12,1.7074e-11
1.3762e-11,1.4493e-11,1.8925e-11
1.5706e-11,1.2584e-11,1.2012e-11
2.1114e-11,4.5048e-11,4.2777e-11
1.3237e-11,9.3983e-12,1.3998e-11
2.2518e-11,4.6728e-11,4.5629e-11
1.7232e-11,1.9349e-11,2.2462e-11
3.1334e-11,5.0373e-11,4.9103e-11
1.1234e-11,1.058e-11,1.5414e-11
1.234e-11,1.9539e-11,2.2847e-11
1.0193e-11,1.1065e-11,1.4632e-11
1.7642e-11,3.0531e-11,2.6051e-11
1.6359e-11,3.4645e-11,3.5878e-11
8.1284e-12,1.3166e-11,1.529e-11
1.1021e-11,1.911e-11,2.1185e-11
6.3559e-12,1.747e-11,1.2179e-11
1.2017e-11,1.1942e-11,1.4525e-11
2.755e-11,1.7115e-11,1.8096e-11
8.9208e-12,2.123e-11,1.951e-11
1.472e-11,2.1434e-11,2.2503e-11
1.8529e-11,2.4327e-11,1.862e-11
3.3743e-11,1.8326e-11,1.4708e-11
6.6634e-12,1.8374e-11,1.7936e-11
1.935e-11,5.3166e-11,4.3611e-11
7.0985e-12,1.3689e-11,1.4885e-11
3.0108e-11,3.2946e-11,1.5467e-11
1.8899e-11,1.8488e-11,1.6521e-11
3.2318e-11,9.1293e-12,3.2523e-11
3.995e-11,2.4342e-11,4.4236e-11
3.5969e-11,2.0101e-11,3.9699e-11
2.3379e-11,6.8574e-12,2.1883e-11
7.6316e-11,2.9656e-11,4.1901e-11
2.0598e-11,8.1334e-12,1.7975e-11
2.0214e-11,8.3829e-12,1.8623e-11
5.5411e-11,2.0202e-11,2.7136e-11
3.298e-11,2.9496e-11,3.815e-11
2.2787e-11,1.6282e-11,2.7759e-11
1.8001e-11,1.1737e-11,2.0066e-11
3.6504e-11,3.3786e-11,4.117e-11
3.1443e-11,8.6759e-12,1.9796e-11
5.5602e-11,3.3103e-11,3.9055e-11
2.6345e-11,9.6036e-12,2.0368e-11
3.1515e-11,2.9627e-11,3.6068e-11
2.4219e-11,2.1353e-11,2.7162e-11
3.2688e-11,2.5253e-11,2.1734e-11
2.4464e-11,2.2962e-11,3.017e-11
2.8545e-11,4.0249e-11,3.9086e-11
1.2285e-11,1.059e-11,1.6925e-11
1.6724e-11,1.8122e-11,2.1668e-11
1.5084e-11,8.9292e-12,1.6131e-11
1.401e-11,1.4945e-11,1.8595e-11
1.8639e-11,3.1258e-11,3.0569e-11
1.4541e-11,2.9401e-11,2.6725e-11
1.1179e-11,1.4459e-11,1.0051e-11
1.5955e-11,3.2045e-11,3.1141e-11
1.7865e-11,3.2468e-11,2.3393e-11
3.0891e-11,5.3065e-11,5.4153e-11
9.2657e-12,1.1858e-11,1.2315e-11
1.5537e-11,3.1304e-11,2.1544e-11
9.3472e-12,1.0125e-11,1.3604e-11
1.6091e-11,3.0478e-11,2.3083e-11
1.3095e-11,1.5952e-11,1.7885e-11
6.8964e-12,1.1927e-11,1.2219e-11
9.9294e-12,1.2694e-11,1.4372e-11
1.7735e-11,3.5172e-11,2.4117e-11
1.2038e-11,2.1656e-11,2.4373e-11
8.4311e-12,1.865e-11,1.3339e-11
8.1377e-12,1.5212e-11,1.5006e-11
1.4059e-11,2.148e-11,2.268e-11
1.8268e-11,3.2538e-11,3.1149e-11
3.2235e-11,1.6171e-11,1.1995e-11
7.1161e-12,1.6788e-11,1.7556e-11
1.2174e-11,1.6067e-11,1.8414e-11
1.469e-11,2.7077e-11,2.7595e-11
2.6985e-11,1.8179e-11,1.8161e-11
1.1714e-11,1.6481e-11,1.7549e-11
2.3336e-11,1.8113e-11,1.7433e-11
4.1066e-11,1.9355e-11,1.4294e-11
4.2925e-11,6.9533e-12,4.4919e-11
3.5414e-11,9.3849e-12,3.7488e-11
3.1206e-11,8.0118e-12,3.3196e-11
2.4519e-11,3.3432e-12,2.6084e-11
2.6003e-11,6.1758e-12,2.6313e-11
3.2679e-11,9.0558e-12,2.7657e-11
5.8076e-11,1.2706e-11,3.4888e-11
5.157e-11,1.1303e-11,3.1942e-11
2.7595e-11,1.0349e-11,2.3531e-11
3.5108e-11,2.8843e-11,4.096e-11
3.1479e-11,8.2602e-12,2.4059e-11
2.0436e-11,1.2712e-11,2.2931e-11
4.7024e-11,1.9683e-11,2.4983e-11
1.9814e-11,4.8375e-12,1.7527e-11
1.7156e-11,6.7029e-12,1.6252e-11
1.5662e-11,8.9973e-12,1.5362e-11
2.9415e-11,3.5681e-11,3.262e-11
2.9234e-11,3.0743e-11,3.5093e-11
1.5528e-11,1.6782e-11,2.1336e-11
2.2057e-11,4.6928e-11,4.295e-11
2.1771e-11,2.6123e-11,2.9166e-11
1.1212e-11,8.8379e-12,1.471e-11
1.4669e-11,3.5576e-11,2.6694e-11
1.7346e-11,2.1493e-11,2.4462e-11
1.0494e-11,1.0376e-11,1.3943e-11
3.092e-11,4.312e-11,4.4311e-11
1.4465e-11,3.1768e-11,1.954e-11
3.0991e-11,5.0909e-11,5.0914e-11
7.4704e-12,1.0055e-11,1.1259e-11
1.8996e-11,3.8674e-11,3.5244e-11
1.023e-11,1.4767e-11,1.6478e-11
2.4989e-11,5.841e-11,4.9978e-11
1.0309e-11,1.5169e-11,1.5665e-11
2.7828e-11,1.7033e-11,1.7395e-11
8.1742e-12,1.2496e-11,1.4867e-11
1.2661e-11,1.8426e-11,1.6596e-11
9.1186e-12,1.9666e-11,2.1983e-11
2.952e-11,1.7784e-11,1.602e-11
1.3459e-11,2.2154e-11,2.3441e-11
1.2815e-11,2.1042e-11,1.9055e-11
3.473e-11,1.6336e-11,1.0721e-11
9.9615e-12,1.4468e-11,1.6963e-11
1.0832e-11,1.6189e-11,1.6723e-11
3.6781e-11,9.9255e-12,3.9907e-11
3.4464e-11,5.7149e-12,3.7475e-11
3.6854e-11,1.0561e-11,3.2946e-11
3.3697e-11,9.5952e-12,3.0873e-11
2.4153e-11,4.2373e-12,2.5012e-11
2.5641e-11,4.9755e-12,2.6404e-11
2.1249e-11,4.6141e-12,2.1235e-11
2.2697e-11,1.1755e-11,2.3664e-11
3.5569e-11,8.8039e-12,2.593e-11
6.518e-11,2.5958e-11,3.6588e-11
1.9533e-11,9.4981e-12,1.9661e-11
3.2148e-11,9.4449e-12,2.3018e-11
1.7453e-11,7.4454e-12,1.6604e-11
1.9824e-11,6.0944e-12,1.8897e-11
1.7409e-11,7.5962e-12,1.6879e-11
2.63e-11,2.1858e-11,2.9477e-11
3.3941e-11,1.1359e-11,1.8744e-11
1.4417e-11,1.2755e-11,1.9357e-11
3.1499e-11,3.4703e-11,3.8746e-11
1.5787e-11,8.0633e-12,1.5423e-11
3.0003e-11,3.1635e-11,3.679e-11
1.4759e-11,1.2711e-11,1.4563e-11
2.7345e-11,1.8362e-11,1.5312e-11
1.5359e-11,9.5899e-12,1.491e-11
1.6875e-11,1.2415e-11,1.3253e-11
1.2007e-11,7.7361e-12,1.4981e-11
1.4081e-11,1.6578e-11,1.2449e-11
1.5378e-11,1.6381e-11,2.0593e-11
1.4168e-11,1.4899e-11,1.9193e-11
2.2575e-11,2.9414e-11,3.0154e-11
9.1769e-12,9.6635e-12,1.2695e-11
1.0842e-11,1.107e-11,1.3632e-11
1.2161e-11,3.1925e-11,2.0965e-11
2.0638e-11,3.0576e-11,3.1605e-11
1.0025e-11,1.6047e-11,1.7271e-11
7.0882e-12,9.4982e-12,1.0963e-11
7.7149e-12,1.0731e-11,1.2448e-11
1.0003e-11,1.3671e-11,1.3465e-11
7.183e-12,1.214e-11,1.3536e-11
1.5275e-11,1.5351e-11,1.7806e-11
1.8255e-11,3.4942e-11,3.284e-11
6.0246e-12,1.3493e-11,1.3876e-11
9.2998e-12,1.313e-11,1.6185e-11
1.0581e-11,1.2988e-11,1.3631e-11
1.6412e-11,2.9319e-11,2.489e-11
2.0222e-11,1.9864e-11,1.9396e-11
2.0909e-11,1.9495e-11,1.828e-11
1.8689e-11,3.5163e-11,3.2223e-11
1.4721e-11,2.0598e-11,2.2e-11
1.3094e-11,2.0711e-11,2.2571e-11
1.6823e-11,1.7844e-11,1.5357e-11
2.0833e-11,1.6338e-11,1.6656e-11
1.149e-11,1.8221e-11,2.0012e-11
7.7144e-12,1.6259e-11,1.7308e-11
1.0584e-11,1.4813e-11,1.4966e-11
4.2461e-11,8.7767e-12,4.6451e-11
3.6538e-11,3.5209e-12,3.7941e-11
3.6783e-11,8.4356e-12,3.8999e-11
3.2484e-11,8.5695e-12,3.2468e-11
2.6153e-11,5.0771e-12,2.6385e-11
2.5034e-11,5.9117e-12,2.5529e-11
3.6398e-11,2.0261e-11,4.1297e-11
2.2866e-11,5.7814e-12,2.2832e-11
2.2927e-11,1.1389e-11,2.1767e-11
2.1858e-11,1.068e-11,2.1653e-11
4.0003e-11,1.1692e-11,2.9465e-11
4.2172e-11,1.2185e-11,2.9491e-11
1.8972e-11,6.9267e-12,1.8322e-11
2.6915e-11,9.0434e-12,2.2147e-11
1.7763e-11,7.82e-12,1.8124e-11
2.5005e-11,7.4887e-12,2.1003e-11
1.5771e-11,1.0392e-11,1.79e-11
1.8112e-11,1.4378e-11,2.1527e-11
1.6937e-11,5.5302e-12,1.6006e-11
2.0668e-11,2.0063e-11,2.5499e-11
1.6527e-11,7.6218e-12,1.7037e-11
2.4338e-11,9.6071e-12,1.7744e-11
3.4142e-11,2.4288e-11,2.1568e-11
2.963e-11,1.4491e-11,1.7328e-11
2.3356e-11,1.3165e-11,1.4659e-11
1.575e-11,7.5348e-12,1.6877e-11
1.5858e-11,8.1315e-12,1.59e-11
1.4731e-11,8.694e-12,1.587e-11
2.0068e-11,2.3369e-11,2.6524e-11
1.6033e-11,1.5903e-11,1.2155e-11
2.2209e-11,2.7931e-11,2.8977e-11
1.1878e-11,2.503e-11,2.2463e-11
1.7166e-11,3.0717e-11,3.1381e-11
6.231e-12,1.3224e-11,1.2612e-11
1.9812e-11,1.779e-11,1.9711e-11
8.0624e-12,1.2703e-11,1.0856e-11
6.6331e-12,1.5296e-11,1.3457e-11
2.1393e-11,1.6742e-11,1.3825e-11
1.8601e-11,3.1518e-11,3.1924e-11
1.428e-11,1.9236e-11,2.2602e-11
8.3514e-12,1.617e-11,1.8298e-11
9.7359e-12,1.5863e-11,1.7305e-11
8.7944e-12,1.5445e-11,1.6482e-11
2.0892e-11,1.9067e-11,1.3898e-11
9.4961e-12,1.4646e-11,1.4762e-11
2.8995e-11,1.5404e-11,1.3685e-11
1.7937e-11,4.2032e-11,3.7323e-11
2.533e-11,6.1033e-11,4.5584e-11
2.8765e-11,1.7321e-11,1.9504e-11
1.599e-11,2.8845e-11,2.9456e-11
1.5473e-11,1.7993e-11,1.7826e-11
1.435e-11,2.2758e-11,2.1943e-11
1.9315e-11,5.6538e-11,4.2396e-11
8.0418e-12,1.5142e-11,1.5356e-11
2.7552e-11,1.776e-11,1.3247e-11
1.8822e-11,3.184e-11,3.0497e-11
3.2722e-11,1.835e-11,1.533e-11
4.1047e-11,5.8626e-12,4.2858e-11
4.0208e-11,1.0982e-11,4.2694e-11
3.5094e-11,7.2729e-12,3.8159e-11
3.4126e-11,9.5205e-12,3.4305e-11
3.846e-11,1.0215e-11,3.4184e-11
2.6374e-11,5.0171e-12,2.7584e-11
3.8271e-11,2.2432e-11,4.2543e-11
2.4772e-11,1.3043e-11,2.592e-11
2.3788e-11,1.0387e-11,2.7489e-11
2.1714e-11,3.788e-12,2.1846e-11
2.3108e-11,1.2648e-11,2.3324e-11
2.1843e-11,7.1441e-12,2.0993e-11
2.0221e-11,5.6938e-12,1.9941e-11
2.4999e-11,7.2093e-12,2.1839e-11
2.4595e-11,1.3157e-11,2.6642e-11
3.6725e-11,9.0933e-12,2.7115e-11
2.5536e-11,8.4336e-12,2.2165e-11
2.1888e-11,8.0418e-12,2.0158e-11
5.352e-11,1.9617e-11,2.5559e-11
5.6629e-11,2.7649e-11,3.3989e-11
1.8863e-11,8.0363e-12,1.6883e-11
3.5227e-11,3.2537e-11,3.9031e-11
1.7121e-11,1.0808e-11,1.7877e-11
1.6647e-11,9.5593e-12,1.706e-11
1.5827e-11,8.856e-12,1.6254e-11
1.7688e-11,6.1668e-12,1.6416e-11
4.1248e-11,1.3748e-11,2.124e-11
2.8024e-11,1.1045e-11,1.5968e-11
1.5638e-11,1.404e-11,1.9764e-11
1.284e-11,1.041e-11,1.6125e-11
2.4874e-11,3.5955e-11,3.6117e-11
1.3941e-11,1.4414e-11,1.8394e-11
1.4915e-11,2.5771e-11,2.6692e-11
3.0533e-11,3.3323e-11,3.512e-11
1.2012e-11,1.4377e-11,1.0858e-11
1.7527e-11,2.114e-11,2.3629e-11
9.306e-12,7.2662e-12,1.2055e-11
8.2473e-12,1.3035e-11,1.3665e-11
1.1707e-11,2.9177e-11,1.8863e-11
7.3601e-12,1.0247e-11,1.1171e-11
1.1215e-11,1.5513e-11,1.6202e-11
9.129e-12,8.751e-12,1.1678e-11
2.5682e-11,4.3467e-11,4.1329e-11
1.9303e-11,3.0612e-11,3.0625e-11
1.1053e-11,1.5902e-11,1.8103e-11
7.7181e-12,1.123e-11,1.3266e-11
2.034e-11,4.0403e-11,3.5712e-11
2.0107e-11,3.8034e-11,3.4312e-11
7.1585e-12,1.4854e-11,1.6311e-11
1.286e-11,1.8466e-11,1.7123e-11
1.4337e-11,2.1602e-11,2.4541e-11
9.4477e-12,1.6901e-11,1.5019e-11
1.5812e-11,1.694e-11,1.5391e-11
3.6966e-11,8.4065e-12,3.8234e-11
3.4422e-11,5.3368e-12,3.7447e-11
3.3698e-11,4.7362e-12,3.6552e-11
2.4998e-11,8.579e-12,2.4371e-11
2.4074e-11,6.0666e-12,2.3167e-11
2.2428e-11,3.6502e-12,2.3018e-11
5.3428e-11,2.0057e-11,2.816e-11
1.8975e-11,7.3781e-12,1.8005e-11
3.6638e-11,3.2286e-11,4.1452e-11
2.1291e-11,7.3857e-12,1.7696e-11
4.4989e-11,1.442e-11,2.3507e-11
2.5384e-11,2.2696e-11,2.9267e-11
3.9225e-11,1.7044e-11,2.0895e-11
1.7046e-11,6.6923e-12,2.0567e-11
1.2985e-11,1.2684e-11,1.6927e-11
1.4808e-11,1.4489e-11,1.899e-11
1.604e-11,9.1874e-12,1.5635e-11
1.3526e-11,1.3963e-11,1.7502e-11
1.4939e-11,1.252e-11,1.6778e-11
1.0909e-11,8.4821e-12,1.5017e-11
1.6014e-11,1.6953e-11,2.0947e-11
1.2082e-11,2.3374e-11,2.3256e-11
1.0463e-11,2.2067e-11,2.4457e-11
1.7678e-11,2.4625e-11,2.7352e-11
8.645e-12,1.1245e-11,1.4653e-11
8.7684e-12,1.0075e-11,1.4626e-11
1.5314e-11,1.7529e-11,1.9866e-11
1.1367e-11,1.981e-11,1.6313e-11
8.3562e-12,1.1131e-11,1.1676e-11
1.4913e-11,1.8299e-11,2.0464e-11
8.2411e-12,1.4999e-11,1.5101e-11
1.2534e-11,1.6976e-11,1.8666e-11
2.7605e-11,3.3173e-11,3.113e-11
8.1794e-12,1.5021e-11,1.5729e-11
9.9893e-12,1.4955e-11,1.5251e-11
9.2393e-12,1.7991e-11,1.4606e-11
1.5634e-11,2.4395e-11,2.6445e-11
1.6665e-11,1.4343e-11,1.4944e-11
2.1369e-11,1.457e-11,1.618e-11
1.0665e-11,1.8147e-11,1.8399e-11
1.5603e-11,2.4686e-11,2.6307e-11
3.6686e-11,6.7487e-12,3.7641e-11
3.3586e-11,4.1765e-12,3.4502e-11
3.9836e-11,9.6985e-12,3.8565e-11
3.5786e-11,9.6804e-12,3.536e-11
3.1641e-11,5.9511e-12,3.475e-11
2.8427e-11,7.8388e-12,2.9907e-11
3.6841e-11,9.2576e-12,3.408e-11
2.5315e-11,1.1132e-11,2.7453e-11
3.4114e-11,1.8385e-11,3.7384e-11
2.4134e-11,8.312e-12,2.3667e-11
2.6049e-11,1.2335e-11,2.8428e-11
5.5404e-11,1.5776e-11,3.9408e-11
2.0002e-11,6.0237e-12,1.9431e-11
2.3452e-11,1.9347e-11,2.8225e-11
1.6873e-11,4.2602e-12,1.6436e-11
1.8282e-11,5.5113e-12,1.7652e-11
5.8537e-11,4.4926e-11,5.2937e-11
5.3744e-11,4.4181e-11,5.285e-11
1.4865e-11,6.3522e-12,1.4945e-11
3.4643e-11,3.3989e-11,3.9223e-11
1.2707e-11,1.2581e-11,1.6931e-11
1.6088e-11,7.9006e-12,1.6283e-11
2.75e-11,4.0994e-11,4.8424e-11
1.374e-11,1.0557e-11,1.1628e-11
1.3044e-11,1.3905e-11,1.3162e-11
1.8368e-11,2.2927e-11,2.4989e-11
1.6384e-11,3.6095e-11,3.7614e-11
1.3282e-11,2.5699e-11,2.1872e-11
8.648e-12,1.175e-11,1.4345e-11
8.6992e-12,1.0266e-11,1.2375e-11
9.4097e-12,1.4429e-11,1.4061e-11
8.1218e-12,1.3908e-11,1.2373e-11
7.6912e-12,1.397e-11,1.225e-11
7.8228e-12,1.1191e-11,1.2774e-11
1.6253e-11,2.9469e-11,3.1143e-11
2.1609e-11,1.5053e-11,1.4966e-11
2.6512e-11,4.7411e-11,3.5641e-11
1.4843e-11,1.581e-11,1.608e-11
1.3062e-11,1.9155e-11,1.8301e-11
1.4314e-11,1.9415e-11,2.3896e-11
2.4227e-11,2.4972e-11,1.9606e-11
2.2448e-11,2.6385e-11,1.7618e-11
3.4328e-11,4.8652e-12,3.4991e-11
2.7415e-11,8.383e-12,2.7717e-11
3.5042e-11,1.8924e-11,3.8405e-11
2.2722e-11,7.4154e-12,2.2068e-11
2.7105e-11,7.7803e-12,2.5056e-11
5.5321e-11,1.7734e-11,4.0322e-11
3.3314e-11,2.0282e-11,3.7716e-11
2.3208e-11,1.2989e-11,2.4705e-11
1.9236e-11,1.2168e-11,2.1156e-11
1.9835e-11,1.2813e-11,2.3245e-11
2.1417e-11,6.2265e-12,1.8708e-11
1.6879e-11,9.5916e-12,1.6875e-11
2.8412e-11,7.5361e-12,1.959e-11
3.0356e-11,2.874e-11,3.4098e-11
1.8182e-11,1.5132e-11,2.1998e-11
1.7508e-11,8.3881e-12,1.7538e-11
1.6312e-11,1.3564e-11,1.8946e-11
4.397e-11,4.2545e-11,4.8115e-11
3.8431e-11,3.7879e-11,4.323e-11
1.2745e-11,1.0927e-11,1.606e-11
1.4915e-11,7.5073e-12,1.5206e-11
1.944e-11,2.6534e-11,2.2386e-11
2.3828e-11,4.3015e-11,4.1464e-11
3.4732e-11,4.2239e-11,4.1566e-11
1.1003e-11,1.3151e-11,1.1477e-11
1.084e-11,8.6775e-12,1.2369e-11
9.1731e-12,8.2349e-12,1.1592e-11
1.4355e-11,2.7197e-11,2.1744e-11
1.6299e-11,3.67e-11,3.749e-11
2.0191e-11,2.8498e-11,3.2647e-11
1.16e-11,2.6279e-11,2.1011e-11
2.5717e-11,3.358e-11,3.247e-11
1.208e-11,1.3252e-11,1.5145e-11
1.5147e-11,2.9949e-11,2.6723e-11
9.9795e-12,1.5095e-11,1.5028e-11
1.0369e-11,1.5002e-11,1.4583e-11
1.1785e-11,1.4131e-11,1.2926e-11
1.1427e-11,1.6554e-11,1.7289e-11
1.2496e-11,2.5782e-11,2.6442e-11
1.3489e-11,1.7243e-11,1.9021e-11
1.1676e-11,1.323e-11,1.3932e-11
1.4063e-11,1.664e-11,1.8052e-11
1.5429e-11,1.7552e-11,1.8539e-11
1.7433e-11,1.4534e-11,1.922e-11
3.8178e-11,3.9361e-11,2.2746e-11
9.8658e-12,1.3779e-11,1.408e-11
1.0085e-11,1.9311e-11,1.9746e-11
1.3556e-11,1.9306e-11,2.0401e-11
1.4645e-11,2.0523e-11,2.1385e-11
1.966e-11,2.1606e-11,1.4341e-11
2.2072e-11,1.4399e-11,1.2859e-11
4.3342e-11,9.6307e-12,3.9945e-11
4.0064e-11,1.1909e-11,4.1336e-11
3.0023e-11,3.2336e-12,3.0192e-11
3.5352e-11,1.5825e-11,3.8505e-11
2.5227e-11,9.0494e-12,2.6914e-11
4.9844e-11,1.4133e-11,3.6599e-11
2.6052e-11,1.4731e-11,2.7708e-11
3.3297e-11,2.3554e-11,3.915e-11
1.9801e-11,9.2678e-12,1.8957e-11
2.171e-11,5.8516e-12,1.894e-11
1.6798e-11,9.3322e-12,1.8539e-11
2.9071e-11,7.7936e-12,2.0883e-11
1.7524e-11,5.053e-12,1.6517e-11
1.9049e-11,8.2078e-12,1.9034e-11
4.7967e-11,3.7688e-11,4.1695e-11
3.6383e-11,2.0549e-11,2.0562e-11
4.821e-11,4.7344e-11,5.5611e-11
3.1843e-11,1.9369e-11,1.7337e-11
1.5275e-11,6.3771e-12,1.5066e-11
1.5722e-11,9.4272e-12,1.6522e-11
3.503e-11,2.0162e-11,1.9332e-11
2.5278e-11,2.8128e-11,2.1713e-11
1.6609e-11,7.6507e-12,1.483e-11
1.372e-11,1.0321e-11,1.5919e-11
1.0407e-11,7.922e-12,1.2905e-11
1.1824e-11,1.5869e-11,1.1056e-11
2.2326e-11,2.8618e-11,3.12e-11
1.8343e-11,2.1377e-11,2.3751e-11
1.5736e-11,1.854e-11,2.196e-11
1.1893e-11,1.3465e-11,1.1571e-11
1.1707e-11,1.3741e-11,1.4049e-11
3.0132e-11,4.2221e-11,3.8923e-11
7.7778e-12,7.4574e-12,1.2913e-11
3.2376e-11,4.6051e-11,4.4258e-11
1.3549e-11,2.5574e-11,2.7119e-11
8.2411e-12,1.725e-11,1.7156e-11
3.1317e-11,4.9002e-11,4.5293e-11
1.4053e-11,1.6454e-11,1.8451e-11
1.0794e-11,1.7828e-11,1.976e-11
9.8944e-12,1.4874e-11,2.0205e-11
1.3075e-11,2.0774e-11,1.8573e-11
7.8083e-12,1.3942e-11,1.326e-11
1.1696e-11,2.1048e-11,2.0251e-11
1.517e-11,2.8718e-11,3.0888e-11
1.02e-11,1.7159e-11,1.6298e-11
9.2732e-12,1.5832e-11,1.4398e-11
2.3556e-11,3.6777e-11,3.1788e-11
1.5753e-11,1.4032e-11,1.66e-11
2.22e-11,3.3122e-11,2.9607e-11
8.5439e-12,1.4661e-11,1.414e-11
1.9913e-11,2.2855e-11,2.9102e-11
1.4985e-11,2.7632e-11,3.0336e-11
1.3262e-11,1.5547e-11,1.7062e-11
2.4517e-11,3.9594e-11,3.1903e-11
2.3636e-11,1.4833e-11,1.3642e-11
2.222e-11,2.4535e-11,1.8568e-11
3.0668e-11,2.8332e-11,2.1816e-11
3.8528e-11,8.3423e-12,4.0957e-11
3.7171e-11,9.8303e-12,3.5404e-11
3.5322e-11,1.5022e-11,3.887e-11
3.2531e-11,1.4434e-11,3.6705e-11
3.5774e-11,1.0932e-11,3.3646e-11
2.4876e-11,6.6964e-12,2.5199e-11
3.3561e-11,1.0593e-11,3.1812e-11
2.7223e-11,8.7855e-12,2.7035e-11
2.0922e-11,9.4784e-12,2.1084e-11
1.8712e-11,8.0229e-12,1.823e-11
4.0523e-11,1.5365e-11,2.7984e-11
6.1884e-11,3.2749e-11,3.8802e-11
3.5562e-11,3.1687e-11,4.1073e-11
1.7098e-11,1.0067e-11,1.7176e-11
1.7854e-11,1.1563e-11,2.0573e-11
1.6058e-11,8.1814e-12,1.6865e-11
4.9568e-11,4.394e-11,5.2358e-11
1.6433e-11,8.3606e-12,1.5313e-11
1.4461e-11,1.2886e-11,1.7242e-11
3.7037e-11,4.5464e-11,5.5236e-11
1.5059e-11,6.5339e-12,1.5101e-11
1.9626e-11,1.925e-11,2.3938e-11
2.1521e-11,2.3628e-11,2.7493e-11
1.4398e-11,1.0789e-11,1.499e-11
1.6974e-11,1.7321e-11,1.2761e-11
1.7934e-11,2.0928e-11,2.2606e-11
1.2626e-11,2.3527e-11,1.9085e-11
1.0678e-11,1.4837e-11,1.4873e-11
1.4603e-11,1.6333e-11,1.8058e-11
1.2511e-11,1.7774e-11,2.1151e-11
8.3456e-12,1.4028e-11,1.2633e-11
2.209e-11,1.4236e-11,1.5739e-11
7.7206e-12,1.0173e-11,1.2067e-11
1.0349e-11,1.8308e-11,1.8513e-11
1.8288e-11,2.4247e-11,2.6878e-11
1.0943e-11,2.2273e-11,2.2395e-11
1.184e-11,1.9214e-11,1.675e-11
2.955e-11,5.5483e-11,4.3798e-11
2.5725e-11,4.2021e-11,3.4906e-11
1.5432e-11,1.9269e-11,2.0573e-11
1.3704e-11,2.1968e-11,2.389e-11
3.0686e-11,2.8708e-11,1.9439e-11
3.2597e-11,2.0686e-11,2.0526e-11
3.8256e-11,1.2213e-11,3.7154e-11
3.9881e-11,9.5902e-12,3.6807e-11
3.8831e-11,1.7899e-11,4.0593e-11
3.4244e-11,1.1713e-11,2.9489e-11
5.8208e-11,2.1564e-11,3.9491e-11
2.5038e-11,1.4251e-11,2.7878e-11
2.2186e-11,1.2209e-11,2.4557e-11
5.1068e-11,2.3254e-11,3.367e-11
1.9951e-11,5.9475e-12,1.8595e-11
2.0908e-11,6.4433e-12,1.8183e-11
5.4272e-11,3.5907e-11,3.8838e-11
1.9085e-11,7.6011e-12,1.7558e-11
1.5907e-11,5.3683e-12,1.6391e-11
1.4907e-11,4.0706e-12,1.4676e-11
4.5347e-11,4.1136e-11,4.5428e-11
1.5866e-11,1.3354e-11,1.8773e-11
3.0527e-11,2.9654e-11,3.4351e-11
2.0176e-11,1.0349e-11,1.9958e-11
1.5413e-11,7.529e-12,1.4969e-11
3.3266e-11,3.2178e-11,3.4761e-11
3.2441e-11,2.9803e-11,3.4896e-11
2.9693e-11,3.061e-11,3.4157e-11
2.4174e-11,2.6059e-11,2.4444e-11
1.4566e-11,1.4896e-11,1.9687e-11
1.7865e-11,2.7266e-11,3.308e-11
3.593e-11,4.5478e-11,4.3622e-11
1.1661e-11,1.5479e-11,1.0748e-11
1.1849e-11,1.2102e-11,1.276e-11
2.0318e-11,2.4868e-11,2.6523e-11
1.5117e-11,3.5567e-11,3.7206e-11
3.057e-11,4.278e-11,4.007e-11
7.2415e-12,9.0007e-12,1.1664e-11
7.4228e-12,1.0204e-11,1.2883e-11
1.2806e-11,3.0015e-11,3.0034e-11
8.2523e-12,1.3094e-11,1.3423e-11
1.1951e-11,1.5199e-11,1.4461e-11
1.9254e-11,2.6173e-11,2.7836e-11
8.0331e-12,1.2467e-11,1.4108e-11
8.4325e-12,1.18e-11,1.1015e-11
6.6814e-12,9.8413e-12,1.0986e-11
1.1288e-11,1.1743e-11,1.2165e-11
9.1645e-12,1.4174e-11,1.641e-11
1.5189e-11,1.2557e-11,1.4731e-11
4.3216e-11,1.0176e-11,4.6102e-11
3.7061e-11,6.2441e-12,3.8429e-11
3.068e-11,6.0891e-12,3.1108e-11
3.3939e-11,1.6482e-11,3.6014e-11
3.7495e-11,1.2036e-11,3.3298e-11
2.9705e-11,1.461e-11,2.9732e-11
3.5876e-11,1.1196e-11,3.292e-11
3.5841e-11,1.2122e-11,3.1161e-11
3.7008e-11,2.5209e-11,4.1171e-11
2.3699e-11,5.7789e-12,2.071e-11
3.6459e-11,2.7413e-11,4.0745e-11
1.9662e-11,6.0259e-12,1.8845e-11
3.3435e-11,2.7114e-11,3.7552e-11
2.1218e-11,1.3087e-11,2.3915e-11
1.9762e-11,1.427e-11,2.3236e-11
2.0775e-11,7.0524e-12,1.8126e-11
3.0629e-11,2.7292e-11,3.4077e-11
1.7974e-11,1.0934e-11,1.9969e-11
3.8359e-11,1.1445e-11,2.0296e-11
1.6028e-11,1.0697e-11,1.774e-11
1.6141e-11,5.1103e-12,1.6485e-11
1.5468e-11,7.3339e-12,1.8677e-11
1.5486e-11,5.1356e-12,1.4939e-11
2.3696e-11,1.3204e-11,1.6679e-11
2.0696e-11,1.1405e-11,1.6696e-11
1.3923e-11,8.3003e-12,1.3706e-11
1.4719e-11,1.3915e-11,1.8724e-11
2.8005e-11,2.693e-11,2.2131e-11
2.906e-11,2.9478e-11,3.2479e-11
2.5198e-11,1.632e-11,1.7483e-11
2.9854e-11,3.9806e-11,4.8386e-11
3.1989e-11,3.4205e-11,3.7499e-11
1.391e-11,8.2158e-12,1.3673e-11
1.2857e-11,1.8609e-11,2.2247e-11
1.3675e-11,2.3293e-11,1.9072e-11
1.2209e-11,2.5134e-11,2.3909e-11
8.74e-12,9.959e-12,1.2278e-11
1.2215e-11,2.6122e-11,2.7959e-11
1.7182e-11,1.8664e-11,2.3159e-11
1.6536e-11,1.7674e-11,2.1337e-11
9.5872e-12,1.3807e-11,1.3362e-11
1.0872e-11,1.4779e-11,1.4507e-11
8.6969e-12,9.1997e-12,1.0687e-11
1.6912e-11,2.1761e-11,2.1746e-11
3.1764e-11,4.8136e-11,4.3359e-11
1.6922e-11,2.089e-11,2.0936e-11
9.5319e-12,1.41e-11,1.2828e-11
1.3461e-11,2.9709e-11,3.251e-11
1.2253e-11,1.9335e-11,1.9246e-11
8.7089e-12,1.2812e-11,1.4479e-11
9.2909e-12,1.186e-11,1.1669e-11
1.5178e-11,1.3784e-11,1.5791e-11
1.6881e-11,2.0177e-11,2.0972e-11
1.8481e-11,1.4029e-11,1.5546e-11
3.9829e-11,7.5812e-12,4.2356e-11
3.6496e-11,8.289e-12,3.2268e-11
3.9963e-11,1.7207e-11,4.2846e-11
3.3077e-11,6.3209e-12,3.2048e-11
3.8561e-11,1.1445e-11,3.5403e-11
3.619e-11,1.1386e-11,3.4352e-11
2.2381e-11,6.1912e-12,2.2006e-11
2.5559e-11,1.4293e-11,2.7828e-11
1.9491e-11,5.9285e-12,1.9193e-11
2.6468e-11,7.3476e-12,2.1662e-11
3.0321e-11,9.833e-12,2.6372e-11
1.8099e-11,4.8884e-12,1.7701e-11
2.2084e-11,1.649e-11,2.6417e-11
1.8972e-11,1.1089e-11,2.0029e-11
1.6128e-11,1.0893e-11,1.7705e-11
1.8153e-11,7.0308e-12,1.7126e-11
1.2945e-11,7.1966e-12,1.3789e-11
3.6555e-11,3.9197e-11,4.1198e-11
1.4025e-11,1.0782e-11,1.4696e-11
2.1062e-11,2.2262e-11,2.4409e-11
1.9503e-11,4.0161e-11,4.4976e-11
1.5454e-11,3.1131e-11,3.0333e-11
1.4966e-11,3.0344e-11,2.8988e-11
3.4017e-11,4.4575e-11,4.0654e-11
9.9484e-12,1.043e-11,1.2583e-11
1.0605e-11,1.0477e-11,1.2508e-11
1.1158e-11,1.2843e-11,1.2711e-11
7.426e-12,8.3083e-12,1.1715e-11
1.0338e-11,1.0063e-11,1.1035e-11
1.624e-11,1.9809e-11,1.9099e-11
1.1357e-11,1.8545e-11,1.8366e-11
1.0067e-11,1.2649e-11,1.2753e-11
1.0801e-11,1.2599e-11,1.1706e-11
8.4963e-12,1.2415e-11,1.3153e-11
1.2617e-11,1.2812e-11,1.8808e-11
9.8693e-12,1.1308e-11,1.0794e-11
8.4768e-12,1.094e-11,9.9362e-12
1.2359e-11,1.5969e-11,1.2694e-11
1.347e-11,1.2221e-11,1.8735e-11
1.2491e-11,3.043e-11,3.333e-11
1.6347e-11,1.6737e-11,1.4743e-11
1.3774e-11,1.6468e-11,1.6147e-11
1.6197e-11,1.3297e-11,1.4093e-11
1.7197e-11,1.2994e-11,1.6614e-11
3.0855e-11,4.898e-11,3.9564e-11
1.7404e-11,1.5086e-11,1.5135e-11
1.1203e-11,1.6139e-11,1.5507e-11
2.3655e-11,1.6664e-11,1.4463e-11
4.1482e-11,1.2921e-11,4.3612e-11
4.3932e-11,9.8606e-12,3.8121e-11
3.8742e-11,1.917e-11,4.3688e-11
3.7496e-11,1.8303e-11,3.9479e-11
2.8349e-11,7.8881e-12,2.8745e-11
2.5214e-11,6.1751e-12,2.266e-11
2.4078e-11,9.2582e-12,2.2951e-11
2.7833e-11,1.0017e-11,2.4879e-11
3.4474e-11,1.0736e-11,2.8925e-11
3.3249e-11,2.0517e-11,3.7088e-11
5.2912e-11,2.0097e-11,4.073e-11
2.4156e-11,1.3988e-11,2.6329e-11
1.9211e-11,6.1259e-12,1.8826e-11
1.9351e-11,9.4816e-12,1.884e-11
3.4081e-11,2.6824e-11,3.7909e-11
2.2219e-11,1.4281e-11,2.6123e-11
2.2745e-11,8.4909e-12,2.0955e-11
1.7532e-11,5.2336e-12,1.6511e-11
1.7392e-11,4.2297e-12,1.6701e-11
1.6982e-11,3.6427e-12,1.6573e-11
1.8039e-11,1.0083e-11,1.975e-11
1.7443e-11,5.5723e-12,1.7461e-11
1.5209e-11,8.2979e-12,1.6308e-11
4.4388e-11,2.6098e-11,3.0055e-11
1.7569e-11,6.0132e-12,1.5578e-11
3.4859e-11,3.2795e-11,3.7528e-11
1.5412e-11,4.1509e-12,1.5211e-11
3.1889e-11,1.7877e-11,1.895e-11
1.3939e-11,8.5369e-12,1.4419e-11
1.938e-11,7.7878e-12,1.6017e-11
2.7905e-11,1.5908e-11,2.1771e-11
2.0838e-11,1.4831e-11,1.5395e-11
3.5114e-11,3.9274e-11,4.0134e-11
1.637e-11,1.2314e-11,1.3442e-11
1.9232e-11,3.6962e-11,4.0564e-11
1.4655e-11,2.1686e-11,2.116e-11
1.7208e-11,4.0896e-11,4.546e-11
1.6309e-11,1.8048e-11,2.0178e-11
7.638e-12,8.0042e-12,1.0179e-11
3.4729e-11,4.623e-11,4.4122e-11
8.5429e-12,9.642e-12,1.0698e-11
1.6492e-11,1.8208e-11,2.0232e-11
1.8683e-11,2.3237e-11,2.1747e-11
6.3496e-12,1.4551e-11,1.4954e-11
6.8385e-12,1.4094e-11,1.8274e-11
2.64e-11,3.1522e-11,3.0637e-11
8.2585e-12,1.4395e-11,1.4606e-11
1.7296e-11,2.1537e-11,2.0549e-11
8.6e-12,1.3178e-11,1.1205e-11
1.1842e-11,1.4761e-11,1.5097e-11
8.9598e-12,1.265e-11,1.1835e-11
1.2643e-11,1.2032e-11,2.0272e-11
1.138e-11,1.2419e-11,1.345e-11
1.2661e-11,1.1667e-11,1.2389e-11
1.1989e-11,2.3901e-11,2.5977e-11
1.6351e-11,1.2719e-11,1.3652e-11
1.8395e-11,1.4525e-11,1.2805e-11
1.8165e-11,1.2266e-11,1.3001e-11
1.5946e-11,1.2271e-11,1.5871e-11
3.5404e-11,3.0142e-11,1.7576e-11
1.7315e-11,1.4662e-11,1.1983e-11
1.8236e-11,1.3292e-11,1.42e-11
3.7591e-11,9.2478e-12,3.8854e-11
2.9797e-11,6.8115e-12,2.8122e-11
2.9272e-11,9.3946e-12,2.9835e-11
2.3215e-11,6.014e-12,2.5165e-11
2.9669e-11,1.4693e-11,3.076e-11
2.7475e-11,1.0749e-11,2.8256e-11
2.2146e-11,6.2367e-12,2.1397e-11
2.1532e-11,8.3396e-12,2.0254e-11
3.0766e-11,1.0566e-11,2.7182e-11
2.9938e-11,9.7813e-12,2.7861e-11
5.509e-11,2.0414e-11,3.9898e-11
2.0037e-11,7.6562e-12,1.9764e-11
1.9777e-11,6.615e-12,1.8976e-11
1.7437e-11,4.1371e-12,1.7507e-11
1.9575e-11,5.8199e-12,1.7022e-11
1.6251e-11,9.1748e-12,1.7264e-11
1.5387e-11,8.4687e-12,1.6216e-11
1.7148e-11,5.5921e-12,1.5482e-11
1.4622e-11,5.741e-12,1.4443e-11
3.2886e-11,3.1218e-11,3.6311e-11
1.3522e-11,8.1518e-12,1.4333e-11
3.4269e-11,2.7491e-11,3.169e-11
2.5811e-11,9.4593e-12,1.6134e-11
1.6834e-11,1.0274e-11,1.5404e-11
1.5786e-11,6.8619e-12,1.5721e-11
2.2896e-11,2.0586e-11,1.5931e-11
1.5385e-11,1.0735e-11,1.1685e-11
1.4618e-11,2.4307e-11,2.556e-11
2.2039e-11,4.1202e-11,4.6184e-11
1.2393e-11,1.4784e-11,1.8391e-11
1.7102e-11,2.0147e-11,2.2177e-11
9.194e-12,1.8404e-11,2.1442e-11
1.9332e-11,2.3546e-11,2.2049e-11
3.6585e-11,4.7756e-11,4.4751e-11
1.8286e-11,2.4553e-11,2.2718e-11
1.3082e-11,3.6348e-11,3.8236e-11
7.7581e-12,1.5609e-11,1.8096e-11
1.2066e-11,1.6288e-11,1.3143e-11
1.2771e-11,1.9923e-11,1.7807e-11
1.7943e-11,2.1331e-11,1.7341e-11
2.3723e-11,2.5301e-11,2.3801e-11
2.7234e-11,3.501e-11,3.056e-11
8.8693e-12,1.4212e-11,1.1853e-11
9.8815e-12,1.7961e-11,1.608e-11
1.599e-11,1.2075e-11,1.329e-11
4.1995e-11,5.6804e-12,4.4226e-11
4.0508e-11,1.2113e-11,4.2977e-11
4.1604e-11,9.3998e-12,3.6428e-11
3.5073e-11,1.2178e-11,3.6273e-11
3.5181e-11,9.0746e-12,3.3827e-11
3.2157e-11,7.89e-12,3.2407e-11
3.1806e-11,8.4792e-12,3.1701e-11
2.6262e-11,5.2313e-12,2.6431e-11
2.4135e-11,4.6288e-12,2.6061e-11
2.7689e-11,1.2505e-11,2.8483e-11
2.2592e-11,6.4973e-12,2.2062e-11
3.8226e-11,1.2138e-11,3.2288e-11
3.6184e-11,1.1952e-11,3.1954e-11
4.9235e-11,1.8827e-11,3.9801e-11
5.2626e-11,1.866e-11,3.5865e-11
1.903e-11,5.3498e-12,1.8396e-11
2.1726e-11,5.6914e-12,1.9481e-11
1.8269e-11,8.9287e-12,1.8799e-11
2.3578e-11,6.5997e-12,1.9821e-11
3.0187e-11,1.1264e-11,2.2864e-11
3.6466e-11,1.6347e-11,2.4694e-11
1.6376e-11,5.1101e-12,1.597e-11
1.6846e-11,6.7223e-12,1.5811e-11
2.0362e-11,6.1215e-12,1.7227e-11
4.3297e-11,2.9657e-11,3.5883e-11
4.1748e-11,2.9314e-11,3.6247e-11
1.38e-11,6.1958e-12,1.374e-11
1.3143e-11,8.7505e-12,1.4014e-11
1.3821e-11,8.2585e-12,1.3573e-11
2.8448e-11,2.0447e-11,2.3783e-11
3.2068e-11,3.2711e-11,3.5239e-11
3.0257e-11,3.0599e-11,3.3007e-11
1.4283e-11,8.1082e-12,1.6482e-11
1.8527e-11,1.8784e-11,2.1496e-11
1.6292e-11,1.6428e-11,1.9048e-11
1.1516e-11,8.2437e-12,1.4751e-11
1.1051e-11,2.0586e-11,1.8638e-11
1.93e-11,4.3067e-11,4.8283e-11
1.3831e-11,1.6077e-11,1.6804e-11
1.585e-11,1.7556e-11,1.8444e-11
6.9488e-12,1.3596e-11,1.4129e-11
1.1092e-11,1.361e-11,1.3649e-11
9.0737e-12,2.0785e-11,2.2765e-11
1.0372e-11,1.2528e-11,1.4941e-11
1.054e-11,1.8542e-11,1.4182e-11
1.1735e-11,2.0123e-11,1.4892e-11
1.7941e-11,2.307e-11,1.8784e-11
1.4829e-11,1.1583e-11,1.5839e-11
3.4371e-11,5.1797e-11,4.1326e-11
9.0451e-12,1.3916e-11,1.126e-11
3.0486e-11,3.6019e-11,2.9169e-11
2.4168e-11,2.5639e-11,2.3858e-11
1.8574e-11,1.2366e-11,1.3663e-11
3.9202e-11,5.5074e-12,4.1836e-11
3.5154e-11,7.1234e-12,3.7721e-11
3.4882e-11,7.3519e-12,3.129e-11
3.563e-11,8.7645e-12,3.3504e-11
2.4651e-11,3.2222e-12,2.6108e-11
2.3572e-11,9.3915e-12,2.5502e-11
3.7584e-11,2.3503e-11,4.1866e-11
2.2508e-11,7.1303e-12,2.2163e-11
2.0514e-11,9.0321e-12,2.0063e-11
2.436e-11,1.4215e-11,2.6106e-11
1.8556e-11,4.3563e-12,1.8818e-11
2.2553e-11,6.3166e-12,1.9622e-11
3.4778e-11,1.8369e-11,2.6935e-11
2.5474e-11,9.0104e-12,2.1483e-11
1.4984e-11,8.7683e-12,1.4915e-11
1.5554e-11,5.7689e-12,1.5325e-11
3.6893e-11,4.148e-11,4.9997e-11
3.2078e-11,3.2263e-11,3.497e-11
1.4799e-11,1.3487e-11,1.8122e-11
2.2693e-11,2.37e-11,2.0431e-11
2.2403e-11,2.3124e-11,2.1126e-11
1.4371e-11,9.5953e-12,1.2509e-11
1.1637e-11,1.3451e-11,1.5945e-11
3.1423e-11,3.651e-11,3.5758e-11
1.1481e-11,1.3308e-11,1.5885e-11
1.7643e-11,2.0691e-11,2.1805e-11
9.5135e-12,1.205e-11,1.2187e-11
1.0749e-11,1.5325e-11,1.2873e-11
8.8238e-12,1.5062e-11,1.7539e-11
9.5744e-12,2.8344e-11,2.9093e-11
1.2484e-11,1.3846e-11,1.338e-11
1.0047e-11,1.3703e-11,1.7533e-11
2.0415e-11,2.8292e-11,2.5579e-11
1.1111e-11,1.4247e-11,1.1809e-11
9.7755e-12,1.7463e-11,1.1777e-11
1.0775e-11,3.2281e-11,3.4161e-11
1.1558e-11,1.8097e-11,1.3527e-11
1.0898e-11,1.8011e-11,2.1126e-11
1.2628e-11,1.9688e-11,1.4267e-11
1.1363e-11,1.8532e-11,1.5541e-11
1.0355e-11,1.4885e-11,1.2007e-11
3.3035e-11,4.7907e-12,3.3839e-11
3.2281e-11,6.0105e-12,3.228e-11
3.5391e-11,1.2698e-11,3.6592e-11
2.4316e-11,3.0629e-12,2.4511e-11
2.6774e-11,1.0377e-11,2.6776e-11
2.2642e-11,7.5308e-12,2.2486e-11
3.6378e-11,1.3534e-11,3.173e-11
4.4323e-11,1.7276e-11,3.6677e-11
4.624e-11,1.836e-11,3.9164e-11
5.0596e-11,1.9054e-11,3.9294e-11
2.0291e-11,5.404e-12,1.9933e-11
1.815e-11,6.2804e-12,1.8158e-11
1.6638e-11,8.0494e-12,1.6339e-11
1.6852e-11,5.7773e-12,1.5666e-11
2.7955e-11,1.0385e-11,2.1238e-11
1.4616e-11,9.72e-12,1.5897e-11
1.4218e-11,5.6043e-12,1.3753e-11
3.452e-11,3.3249e-11,3.7114e-11
3.5571e-11,2.6934e-11,3.1993e-11
3.2569e-11,3.0672e-11,3.4148e-11
3.7786e-11,4.0392e-11,4.8116e-11
1.6273e-11,6.3014e-12,1.6375e-11
2.8995e-11,2.95e-11,3.1311e-11
2.2559e-11,1.9808e-11,1.6453e-11
1.7955e-11,2.0678e-11,2.4316e-11
1.4642e-11,1.0365e-11,1.1359e-11
2.0831e-11,2.0204e-11,2.1991e-11
1.417e-11,1.6219e-11,1.7923e-11
1.2833e-11,9.5968e-12,1.1704e-11
8.1652e-12,1.7828e-11,1.907e-11
1.5032e-11,4.0195e-11,4.3849e-11
1.602e-11,1.9617e-11,1.8408e-11
1.0043e-11,3.0455e-11,2.9722e-11
3.6952e-11,4.3973e-11,4.1672e-11
1.26e-11,1.7555e-11,1.5937e-11
1.237e-11,1.902e-11,1.4541e-11
3.7894e-11,5.0231e-11,4.2939e-11
1.2843e-11,1.2661e-11,1.612e-11
1.5009e-11,2.2364e-11,1.729e-11
1.1367e-11,1.5626e-11,1.3812e-11
1.2271e-11,1.1663e-11,1.5298e-11
1.0447e-11,1.6034e-11,1.832e-11
1.1151e-11,1.9409e-11,1.3765e-11
1.3351e-11,1.2944e-11,1.4189e-11
1.6933e-11,1.2032e-11,1.6698e-11
7.6785e-12,1.5841e-11,1.7383e-11
9.8621e-12,9.8504e-12,1.3812e-11
2.1988e-11,3.2875e-11,3.278e-11
1.8696e-11,1.5635e-11,1.2056e-11
3.9451e-11,1.8251e-11,3.9659e-11
3.7411e-11,9.3786e-12,3.4761e-11
2.7911e-11,1.3072e-11,3.1779e-11
2.3522e-11,6.4684e-12,2.4706e-11
2.3516e-11,7.8155e-12,2.2707e-11
2.5401e-11,7.1703e-12,2.4301e-11
3.6693e-11,1.3904e-11,3.3262e-11
2.4095e-11,1.1088e-11,2.561e-11
2.1236e-11,9.7891e-12,2.0734e-11
2.3687e-11,1.475e-11,2.5058e-11
3.8201e-11,1.5084e-11,2.9837e-11
4.5401e-11,2.019e-11,3.4018e-11
1.6656e-11,4.9452e-12,1.6094e-11
3.0249e-11,1.4359e-11,2.2653e-11
1.7035e-11,4.2666e-12,1.5549e-11
1.6847e-11,5.63e-12,1.655e-11
1.6108e-11,6.3205e-12,1.5874e-11
2.4493e-11,9.3201e-12,1.8899e-11
2.4965e-11,9.8051e-12,1.8305e-11
3.5332e-11,2.6731e-11,3.125e-11
1.7492e-11,1.538e-11,2.1075e-11
4.2643e-11,3.4048e-11,4.2568e-11
4.5569e-11,3.6938e-11,4.8001e-11
1.6012e-11,1.3845e-11,1.9006e-11
3.1611e-11,2.9312e-11,3.2607e-11
1.3217e-11,7.2909e-12,1.3647e-11
2.0521e-11,1.3596e-11,1.8371e-11
2.071e-11,1.3347e-11,1.5381e-11
1.8117e-11,1.8501e-11,2.0981e-11
2.6407e-11,4.029e-11,4.6658e-11
1.2371e-11,1.8461e-11,1.8108e-11
2.8121e-11,2.885e-11,2.7717e-11
1.7303e-11,4.2837e-11,4.5195e-11
9.2255e-12,2.6382e-11,2.7803e-11
1.4209e-11,4.091e-11,4.1784e-11
9.7612e-12,1.2497e-11,1.2088e-11
8.7536e-12,2.752e-11,2.6608e-11
8.0667e-12,9.8236e-12,9.9999e-12
1.2473e-11,1.5236e-11,1.1929e-11
1.0038e-11,1.5783e-11,1.806e-11
1.0961e-11,3.846e-11,4.1696e-11
1.4039e-11,1.4695e-11,1.5697e-11
1.6592e-11,1.2107e-11,1.3419e-11
1.3973e-11,1.3456e-11,1.3368e-11
1.8784e-11,2.814e-11,1.9958e-11
2.174e-11,2.7809e-11,2.0562e-11
7.4923e-12,1.5604e-11,1.6766e-11
1.9276e-11,1.6486e-11,1.3553e-11
3.8534e-11,5.4862e-12,4.0055e-11
4.7552e-11,8.9178e-12,3.9853e-11
3.3033e-11,5.5032e-12,3.3089e-11
4.4438e-11,8.7414e-12,3.7966e-11
3.7231e-11,1.5998e-11,3.801e-11
2.8613e-11,6.4227e-12,2.9261e-11
2.7169e-11,3.7793e-12,2.577e-11
3.1245e-11,6.1378e-12,2.9156e-11
3.6627e-11,1.0113e-11,3.1857e-11
2.9713e-11,1.0923e-11,2.9002e-11
2.74e-11,5.6232e-12,2.6566e-11
3.6836e-11,1.9236e-11,3.8862e-11
4.2879e-11,1.6216e-11,3.7809e-11
3.5394e-11,2.1115e-11,3.8877e-11
3.4093e-11,1.4722e-11,3.2401e-11
3.7142e-11,2.4339e-11,4.1754e-11
3.636e-11,2.4523e-11,4.0711e-11
1.9741e-11,4.7744e-12,2.0673e-11
1.9359e-11,4.9547e-12,1.9477e-11
1.9964e-11,7.8554e-12,1.9219e-11
2.8649e-11,1.8702e-11,3.1676e-11
3.1878e-11,1.1423e-11,2.5484e-11
2.3709e-11,1.7748e-11,2.7612e-11
1.722e-11,1.0794e-11,1.8502e-11
1.8886e-11,1.5262e-11,2.3097e-11
1.6294e-11,7.2655e-12,1.6003e-11
1.4875e-11,9.0607e-12,1.4378e-11
1.6012e-11,7.9453e-12,1.6226e-11
2.0236e-11,6.6747e-12,1.6676e-11
3.0919e-11,1.6057e-11,2.0443e-11
3.3399e-11,1.6971e-11,2.1673e-11
2.2624e-11,2.2219e-11,2.6326e-11
1.5683e-11,9.1422e-12,1.4201e-11
2.799e-11,1.6362e-11,1.7896e-11
2.2588e-11,1.7375e-11,2.0254e-11
1.2802e-11,8.7842e-12,1.3611e-11
2.0426e-11,1.3826e-11,1.4517e-11
1.411e-11,9.3671e-12,1.4626e-11
1.7043e-11,1.1262e-11,1.3245e-11
2.35e-11,3.7673e-11,4.1933e-11
1.2335e-11,1.3194e-11,1.4991e-11
1.3985e-11,1.4475e-11,2.1341e-11
2.1836e-11,1.7967e-11,1.8936e-11
1.2335e-11,2.1249e-11,2.5222e-11
1.3346e-11,1.719e-11,1.7981e-11
1.614e-11,1.7608e-11,1.6598e-11
1.2816e-11,1.718e-11,1.7317e-11
2.9477e-11,3.195e-11,2.7125e-11
9.5945e-12,1.3092e-11,1.3637e-11
1.1536e-11,1.49e-11,1.4074e-11
1.0375e-11,1.2694e-11,1.3962e-11
1.0345e-11,1.306e-11,1.4013e-11
1.2558e-11,1.8947e-11,1.424e-11
2.0054e-11,2.3778e-11,1.7712e-11
1.0042e-11,1.3617e-11,1.6916e-11
9.2172e-12,3.3149e-11,3.5807e-11
1.1821e-11,1.2489e-11,1.4298e-11
1.2866e-11,2.2366e-11,1.4018e-11
2.5169e-11,3.4679e-11,2.864e-11
8.3784e-12,1.011e-11,1.3683e-11
1.4154e-11,1.7244e-11,2.1121e-11
4.4811e-11,7.7394e-12,4.2504e-11
2.7184e-11,3.4012e-12,2.6008e-11
3.7416e-11,9.3941e-12,3.323e-11
3.3088e-11,9.1713e-12,2.9533e-11
3.126e-11,1.4318e-11,3.3839e-11
2.8347e-11,8.1519e-12,2.6574e-11
3.835e-11,2.6644e-11,4.3178e-11
3.6259e-11,2.5225e-11,4.0636e-11
2.7575e-11,1.5239e-11,2.9539e-11
1.9373e-11,1.0615e-11,1.9447e-11
3.3284e-11,1.2092e-11,2.6185e-11
4.3826e-11,1.9472e-11,3.3957e-11
4.7137e-11,2.2734e-11,3.8915e-11
1.7451e-11,5.7008e-12,1.6872e-11
1.8299e-11,6.786e-12,1.7938e-11
3.3392e-11,1.6704e-11,2.4017e-11
1.5236e-11,1.2016e-11,1.5849e-11
1.541e-11,8.6056e-12,1.4005e-11
1.478e-11,4.3424e-12,1.4503e-11
3.4691e-11,2.9703e-11,3.6849e-11
2.8254e-11,1.9489e-11,2.2261e-11
1.2687e-11,9.6888e-12,1.3536e-11
1.7165e-11,7.6512e-12,1.5853e-11
1.7964e-11,1.0779e-11,1.4495e-11
1.7529e-11,8.3996e-12,1.4678e-11
1.9166e-11,1.3843e-11,1.5757e-11
2.284e-11,1.9854e-11,2.327e-11
2.564e-11,2.3634e-11,2.6721e-11
1.4914e-11,9.5748e-12,1.4597e-11
1.462e-11,5.9571e-12,1.5517e-11
1.5385e-11,1.0473e-11,1.2102e-11
1.3153e-11,1.4054e-11,1.577e-11
1.185e-11,9.6862e-12,1.3656e-11
2.2772e-11,2.2828e-11,2.4123e-11
1.2077e-11,9.5722e-12,1.2679e-11
1.3781e-11,2.4773e-11,2.7291e-11
1.3508e-11,1.5948e-11,1.6572e-11
9.4278e-12,1.1843e-11,1.3414e-11
9.352e-12,1.1972e-11,1.1256e-11
9.8044e-12,1.0848e-11,1.137e-11
1.2455e-11,1.6475e-11,1.5961e-11
1.6508e-11,1.8487e-11,1.5346e-11
1.4427e-11,3.857e-11,4.1099e-11
2.2026e-11,3.1427e-11,2.3401e-11
1.0041e-11,1.2949e-11,1.5629e-11
7.71e-12,3.0492e-11,2.9919e-11
9.9357e-12,1.4556e-11,1.2629e-11
1.2309e-11,1.8397e-11,2.2108e-11
1.205e-11,1.4984e-11,1.0624e-11
1.3891e-11,1.0675e-11,1.2585e-11
7.3572e-12,2.1585e-11,2.1752e-11
1.2425e-11,1.3986e-11,1.5163e-11
4.3365e-11,8.2033e-12,4.3739e-11
3.7029e-11,6.0868e-12,3.6302e-11
3.8513e-11,7.9903e-12,3.8496e-11
3.5598e-11,9.5044e-12,3.4902e-11
3.742e-11,1.381e-11,3.8191e-11
3.7436e-11,1.6254e-11,3.8423e-11
3.6622e-11,1.4996e-11,3.7753e-11
3.0708e-11,4.8338e-12,3.1231e-11
2.7913e-11,5.248e-12,2.8235e-11
3.0193e-11,8.5173e-12,2.7737e-11
2.7989e-11,9.2026e-12,2.7049e-11
2.615e-11,1.4765e-11,2.6325e-11
2.0669e-11,4.7125e-12,2.1491e-11
2.0745e-11,8.8837e-12,1.9531e-11
1.8325e-11,6.5133e-12,1.8899e-11
2.515e-11,8.6794e-12,2.1937e-11
1.8693e-11,3.7943e-12,1.9261e-11
1.8178e-11,8.1873e-12,1.7246e-11
1.8382e-11,6.8573e-12,1.7086e-11
1.7105e-11,6.4478e-12,1.6761e-11
4.5842e-11,2.4553e-11,3.566e-11
3.5104e-11,3.2676e-11,3.9623e-11
1.5482e-11,9.348e-12,1.7202e-11
1.5161e-11,9.1417e-12,1.4341e-11
1.5111e-11,1.119e-11,1.6522e-11
1.41e-11,9.9902e-12,1.5652e-11
1.6385e-11,8.6846e-12,1.4916e-11
1.4729e-11,9.0248e-12,1.6383e-11
1.9908e-11,1.0235e-11,1.5187e-11
4.0546e-11,4.0214e-11,5.184e-11
1.2938e-11,9.2496e-12,1.4202e-11
2.8278e-11,1.9343e-11,2.309e-11
2.6628e-11,1.8782e-11,2.2496e-11
1.3182e-11,1.0622e-11,1.5065e-11
2.3107e-11,1.9888e-11,2.2761e-11
1.4836e-11,7.9214e-12,1.6593e-11
1.224e-11,6.2552e-12,1.3693e-11
1.8299e-11,1.0234e-11,1.6634e-11
1.3654e-11,9.9855e-12,2.0237e-11
1.4639e-11,8.8102e-12,1.2801e-11
3.2209e-11,3.3589e-11,3.2984e-11
1.3456e-11,9.4188e-12,1.572e-11
1.6644e-11,1.8982e-11,1.9587e-11
1.6963e-11,1.4741e-11,2.202e-11
2.7177e-11,2.9516e-11,3.0606e-11
2.3002e-11,4.093e-11,4.5741e-11
9.8131e-12,1.835e-11,2.1262e-11
1.2146e-11,2.9105e-11,2.8907e-11
9.2715e-12,1.1769e-11,1.1034e-11
8.436e-12,2.5524e-11,2.5707e-11
5.7281e-12,1.2909e-11,1.4307e-11
1.1319e-11,1.4251e-11,1.1673e-11
5.9486e-12,1.2588e-11,1.6174e-11
8.3392e-12,1.6265e-11,1.5127e-11
1.0938e-11,1.5041e-11,1.2562e-11
9.5517e-12,3.9815e-11,4.119e-11
1.1696e-11,1.693e-11,1.2777e-11
9.6683e-12,1.3705e-11,1.0968e-11
1.2832e-11,1.3888e-11,1.4565e-11
1.1508e-11,1.1053e-11,1.3525e-11
7.0336e-12,1.5924e-11,1.7369e-11
1.5357e-11,1.3341e-11,1.8771e-11
6.3417e-12,2.0174e-11,2.1318e-11
4.3149e-11,7.1815e-12,3.9967e-11
4.361e-11,9.1408e-12,3.7833e-11
3.6413e-11,1.5353e-11,3.7114e-11
2.7878e-11,3.2876e-12,2.6678e-11
2.7401e-11,3.7915e-12,2.7936e-11
3.4888e-11,8.661e-12,3.0555e-11
3.7374e-11,1.1616e-11,3.3492e-11
2.2585e-11,5.2615e-12,2.081e-11
4.2418e-11,1.8305e-11,3.8263e-11
4.4215e-11,1.8322e-11,3.8856e-11
1.9142e-11,1.0261e-11,1.8439e-11
3.7587e-11,2.8454e-11,4.2074e-11
2.6427e-11,1.7489e-11,2.874e-11
4.587e-11,2.2376e-11,3.9033e-11
1.774e-11,6.0532e-12,1.6232e-11
3.1647e-11,2.8313e-11,3.5401e-11
1.5763e-11,9.0814e-12,1.666e-11
2.9081e-11,2.4598e-11,3.1864e-11
1.639e-11,1.5605e-11,1.9717e-11
1.6232e-11,8.2184e-12,1.5937e-11
2.0241e-11,9.6498e-12,1.4612e-11
1.5456e-11,1.0824e-11,1.3636e-11
1.4525e-11,6.1192e-12,1.5639e-11
1.4557e-11,1.0595e-11,1.5659e-11
1.9514e-11,2.3664e-11,2.5393e-11
1.3791e-11,1.5311e-11,1.6628e-11
1.2313e-11,7.9224e-12,1.3214e-11
1.3161e-11,9.0772e-12,1.4794e-11
1.1994e-11,1.1303e-11,1.2496e-11
2.3119e-11,3.9131e-11,4.4492e-11
2.9447e-11,2.9273e-11,2.7597e-11
1.2992e-11,1.415e-11,1.4926e-11
9.5472e-12,1.8353e-11,1.7328e-11
1.3611e-11,1.6715e-11,1.6442e-11
3.8548e-11,4.4613e-11,3.835e-11
1.0933e-11,2.5037e-11,2.5715e-11
2.4865e-11,2.5532e-11,2.0276e-11
7.7933e-12,9.9085e-12,9.3537e-12
7.6805e-12,1.0313e-11,9.0177e-12
9.2786e-12,1.3041e-11,1.0912e-11
3.6928e-11,4.8698e-11,3.7713e-11
1.6521e-11,2.6524e-11,1.7962e-11
7.8244e-12,2.8048e-11,2.7177e-11
3.7013e-11,4.7123e-11,3.897e-11
1.1078e-11,1.1252e-11,7.8168e-12
8.1721e-12,3.7149e-11,3.8018e-11
9.5303e-12,1.1358e-11,8.0379e-12
1.1929e-11,1.5294e-11,1.4978e-11
1.261e-11,1.9139e-11,1.3689e-11
1.2939e-11,1.82e-11,9.9922e-12
8.5735e-12,1.3155e-11,9.0659e-12
1.1141e-11,1.23e-11,1.3526e-11
1.3152e-11,1.0866e-11,1.4151e-11
8.2966e-12,1.7359e-11,1.738e-11
1.7407e-11,1.8295e-11,1.9337e-11
4.6274e-11,9.5733e-12,4.4278e-11
4.3224e-11,9.5339e-12,4.2279e-11
3.1227e-11,4.5654e-12,3.1126e-11
4.259e-11,1.1154e-11,3.6758e-11
2.3703e-11,6.3323e-12,2.2739e-11
2.0265e-11,8.4953e-12,2.0892e-11
4.6016e-11,2.2738e-11,4.0557e-11
4.7094e-11,2.4022e-11,4.3819e-11
1.787e-11,1.3304e-11,1.8949e-11
3.3405e-11,3.0861e-11,3.7723e-11
1.5159e-11,4.0317e-12,1.4615e-11
1.8472e-11,8.2462e-12,1.7473e-11
2.1251e-11,1.9268e-11,2.4375e-11
1.3724e-11,7.7123e-12,1.6332e-11
1.2924e-11,1.0494e-11,1.428e-11
2.1014e-11,1.6393e-11,2.1064e-11
1.5404e-11,7.7851e-12,1.4314e-11
1.4962e-11,8.8402e-12,1.2713e-11
1.3473e-11,5.6605e-12,1.4118e-11
2.7496e-11,3.597e-11,4.2732e-11
1.2954e-11,1.3774e-11,1.4993e-11
1.4444e-11,9.4195e-12,1.2837e-11
1.0493e-11,1.2769e-11,1.3843e-11
3.8108e-11,4.3789e-11,3.7132e-11
1.0213e-11,1.2338e-11,1.0924e-11
1.4871e-11,2.1978e-11,1.8595e-11
1.2337e-11,1.4338e-11,1.2785e-11
1.0614e-11,1.5233e-11,1.1842e-11
8.114e-12,2.7948e-11,2.5621e-11
1.0098e-11,1.3616e-11,9.8506e-12
6.5049e-12,1.1326e-11,1.5262e-11
2.9783e-11,3.8952e-11,2.7421e-11
9.0251e-12,1.1223e-11,1.322e-11
6.5412e-12,1.1166e-11,1.5825e-11
1.0861e-11,4.1217e-11,4.3319e-11
1.3859e-11,2.1113e-11,1.3601e-11
1.1018e-11,1.1118e-11,1.3223e-11
1.0978e-11,1.0853e-11,1.3715e-11
1.4066e-11,2.4798e-11,1.4941e-11
1.241e-11,2.0535e-11,1.2891e-11
9.7983e-12,1.3174e-11,1.2976e-11
1.3235e-11,1.1512e-11,1.2226e-11
5.1845e-12,1.9601e-11,2.0217e-11
1.3829e-11,1.3748e-11,1.7145e-11
1.1141e-11,1.07e-11,1.1178e-11
3.9136e-11,4.3683e-12,3.8153e-11
3.7513e-11,3.0039e-12,4.0613e-11
4.4943e-11,8.6927e-12,3.9584e-11
4.1956e-11,1.5216e-11,4.3272e-11
3.8843e-11,1.0071e-11,3.3743e-11
3.2489e-11,1.5517e-11,3.1254e-11
3.4042e-11,9.7066e-12,2.9945e-11
2.3528e-11,9.9028e-12,2.3827e-11
2.1206e-11,4.5099e-12,2.0751e-11
3.9288e-11,1.7966e-11,3.4875e-11
2.6423e-11,1.7908e-11,2.8339e-11
4.1167e-11,1.8894e-11,3.5547e-11
3.3196e-11,1.3856e-11,2.727e-11
4.8917e-11,2.4642e-11,4.3167e-11
1.7786e-11,8.7881e-12,1.7051e-11
1.6948e-11,7.0614e-12,1.6576e-11
1.6383e-11,1.4137e-11,1.6084e-11
1.8647e-11,1.6056e-11,2.1407e-11
1.8728e-11,1.7549e-11,2.2928e-11
1.698e-11,1.6289e-11,2.0439e-11
3.2396e-11,3.2643e-11,3.4744e-11
1.5435e-11,5.6304e-12,1.4675e-11
2.5116e-11,1.7788e-11,2.0494e-11
1.4825e-11,9.2799e-12,1.4651e-11
1.5913e-11,8.9507e-12,1.43e-11
2.5388e-11,2.2933e-11,2.5545e-11
1.1463e-11,8.3989e-12,1.232e-11
1.4774e-11,1.1182e-11,1.4492e-11
1.9823e-11,1.5751e-11,2.0118e-11
3.1207e-11,2.8371e-11,2.8563e-11
1.7328e-11,1.7096e-11,1.8372e-11
1.4034e-11,1.1286e-11,1.8511e-11
1.3413e-11,1.4437e-11,1.5851e-11
1.8373e-11,9.6498e-12,1.3689e-11
1.9314e-11,1.9529e-11,2.0836e-11
1.3842e-11,2.0505e-11,2.5057e-11
1.0506e-11,1.9149e-11,1.6004e-11
1.8828e-11,2.0825e-11,1.9164e-11
3.2142e-11,4.072e-11,3.0592e-11
1.0101e-11,9.8316e-12,1.319e-11
2.4931e-11,2.653e-11,2.0293e-11
1.1687e-11,1.5822e-11,1.4078e-11
1.1697e-11,1.6482e-11,1.3391e-11
1.1732e-11,1.3805e-11,1.2396e-11
1.1376e-11,1.651e-11,1.2795e-11
7.9599e-12,1.3434e-11,1.7226e-11
3.1563e-11,4.3336e-11,3.1824e-11
1.4113e-11,1.466e-11,1.3187e-11
6.4535e-12,1.7969e-11,1.9097e-11
1.1469e-11,1.2997e-11,1.2937e-11
1.0882e-11,1.3936e-11,1.0772e-11
9.1416e-12,1.3699e-11,8.6966e-12
6.184e-12,3.0591e-11,2.9657e-11
1.3029e-11,1.5935e-11,1.2634e-11
9.0331e-12,1.0791e-11,1.6269e-11
9.8644e-12,1.1072e-11,1.5963e-11
5.1987e-12,2.8235e-11,2.7611e-11
8.3604e-12,1.0344e-11,1.4705e-11
6.0514e-12,1.8172e-11,1.893e-11
4.2209e-11,3.9723e-12,4.6712e-11
3.8952e-11,1.0346e-11,3.7985e-11
3.1822e-11,5.71e-12,3.428e-11
3.3842e-11,9.7673e-12,3.1946e-11
3.0347e-11,4.2279e-12,3.104e-11
2.9266e-11,1.4682e-11,3.188e-11
3.3391e-11,1.24e-11,3.2091e-11
2.2418e-11,7.7431e-12,2.0329e-11
1.9665e-11,7.9772e-12,1.9145e-11
3.2243e-11,1.8881e-11,3.2997e-11
1.9613e-11,6.065e-12,1.8391e-11
1.9484e-11,7.1628e-12,2.0123e-11
2.5558e-11,8.1731e-12,2.2529e-11
2.9279e-11,1.7705e-11,3.0309e-11
2.5561e-11,1.1253e-11,2.3981e-11
3.5523e-11,1.6878e-11,3.2135e-11
2.3985e-11,1.5636e-11,2.5429e-11
2.9965e-11,2.4122e-11,3.1792e-11
3.4445e-11,3.2648e-11,3.8227e-11
1.8244e-11,1.799e-11,2.1827e-11
1.8188e-11,8.1343e-12,1.5399e-11
1.5338e-11,8.543e-12,1.7332e-11
3.341e-11,3.1449e-11,3.2189e-11
1.36e-11,1.0118e-11,1.7162e-11
3.5194e-11,3.3799e-11,3.4388e-11
1.375e-11,5.4025e-12,1.3887e-11
2.7097e-11,4.0834e-11,4.6199e-11
3.4447e-11,4.0436e-11,3.6668e-11
3.277e-11,4.3737e-11,3.3914e-11
1.1561e-11,1.032e-11,1.1104e-11
9.4705e-12,1.0314e-11,1.4109e-11
1.1096e-11,1.1628e-11,1.2381e-11
9.7878e-12,1.6411e-11,1.2635e-11
2.9819e-11,3.932e-11,2.6243e-11
7.7053e-12,1.224e-11,1.2692e-11
9.4629e-12,1.5025e-11,1.5301e-11
3.1235e-11,4.2977e-11,2.9299e-11
2.0871e-11,3.0436e-11,2.008e-11
6.0652e-12,2.386e-11,2.2674e-11
1.0291e-11,1.7967e-11,1.6271e-11
1.405e-11,2.0912e-11,1.3659e-11
1.1236e-11,1.7623e-11,1.196e-11
1.0938e-11,1.2822e-11,1.109e-11
1.116e-11,1.5087e-11,1.1298e-11
6.5709e-12,1.2906e-11,1.48e-11
9.1573e-12,9.8357e-12,1.3942e-11
1.7263e-11,2.9079e-11,1.5515e-11
4.2198e-11,4.6208e-12,4.5902e-11
4.7686e-11,8.7515e-12,4.1398e-11
3.3655e-11,7.1841e-12,3.7634e-11
3.6268e-11,7.6903e-12,3.5313e-11
3.1862e-11,8.9278e-12,3.1063e-11
2.8441e-11,8.2049e-12,2.6934e-11
2.6332e-11,6.3242e-12,2.6797e-11
2.5802e-11,1.1936e-11,2.605e-11
2.4143e-11,6.1186e-12,2.4054e-11
3.0089e-11,1.1353e-11,2.8039e-11
3.7119e-11,1.6686e-11,3.5223e-11
3.4088e-11,2.4047e-11,3.7175e-11
1.8376e-11,6.666e-12,1.696e-11
1.7991e-11,8.4357e-12,1.7368e-11
2.8671e-11,1.5184e-11,2.5313e-11
4.8775e-11,2.6877e-11,4.4311e-11
2.1476e-11,8.2857e-12,1.7488e-11
1.4775e-11,1.2827e-11,1.4916e-11
2.8725e-11,1.8558e-11,2.7687e-11
1.5208e-11,4.5477e-12,1.4715e-11
1.522e-11,1.0356e-11,1.6501e-11
1.6178e-11,7.0992e-12,1.5831e-11
2.2002e-11,1.2826e-11,1.6948e-11
1.474e-11,9.4097e-12,1.6048e-11
2.589e-11,1.7605e-11,2.3013e-11
1.2837e-11,7.7994e-12,1.5871e-11
1.4711e-11,7.5359e-12,1.4427e-11
3.4101e-11,3.9041e-11,4.8987e-11
1.2975e-11,1.0944e-11,1.4568e-11
1.4628e-11,5.4336e-12,1.517e-11
1.4749e-11,8.8996e-12,1.4276e-11
1.1685e-11,1.0245e-11,1.3867e-11
1.5985e-11,7.4257e-12,1.4143e-11
2.191e-11,2.2352e-11,2.4456e-11
1.2125e-11,5.195e-12,1.3122e-11
1.2862e-11,6.4673e-12,1.494e-11
1.3682e-11,1.7704e-11,1.6269e-11
3.3741e-11,3.7351e-11,3.4353e-11
1.3869e-11,2.4997e-11,2.4145e-11
1.3005e-11,1.557e-11,1.7194e-11
2.3823e-11,2.6949e-11,2.4003e-11
2.9441e-11,3.7559e-11,2.9646e-11
2.633e-11,2.7058e-11,1.9673e-11
1.1276e-11,1.3685e-11,1.0942e-11
9.7905e-12,1.0299e-11,1.3707e-11
8.7469e-12,4.0163e-11,3.7749e-11
8.8717e-12,1.2368e-11,1.0557e-11
6.1499e-12,1.0128e-11,1.3809e-11
9.1419e-12,4.1735e-11,4.0365e-11
9.221e-12,1.0118e-11,8.6765e-12
9.8107e-12,1.4603e-11,1.1785e-11
1.1039e-11,1.1648e-11,1.2405e-11
1.0691e-11,1.1949e-11,1.1105e-11
1.1821e-11,1.2738e-11,1.1824e-11
3.1704e-11,4.5075e-11,2.5824e-11
4.7943e-12,1.9598e-11,1.9811e-11
1.9256e-11,3.1175e-11,1.6939e-11
7.6375e-12,1.3701e-11,1.5269e-11
4.5917e-11,9.0964e-12,4.0338e-11
4.2318e-11,1.4638e-11,4.3298e-11
3.3678e-11,4.1052e-12,3.3067e-11
3.2561e-11,5.7216e-12,3.407e-11
3.1561e-11,4.7208e-12,3.2653e-11
2.9075e-11,6.9761e-12,2.5996e-11
3.4335e-11,8.3736e-12,3.0395e-11
2.8209e-11,1.042e-11,2.5866e-11
3.7787e-11,2.0555e-11,3.8206e-11
2.0887e-11,5.4342e-12,2.1356e-11
3.1942e-11,1.3053e-11,2.9377e-11
2.462e-11,1.2676e-11,2.4545e-11
1.8502e-11,4.9833e-12,1.8581e-11
4.4089e-11,2.6645e-11,4.3098e-11
1.7227e-11,1.0954e-11,1.7475e-11
1.6685e-11,8.9161e-12,1.566e-11
3.4411e-11,2.056e-11,3.1266e-11
2.4281e-11,1.414e-11,2.164e-11
2.1882e-11,9.0335e-12,1.7802e-11
1.4754e-11,1.1877e-11,1.4723e-11
3.5278e-11,3.4857e-11,3.6803e-11
2.2369e-11,1.638e-11,2.2818e-11
1.6039e-11,1.1378e-11,1.354e-11
1.4608e-11,9.9443e-12,1.5353e-11
1.4417e-11,8.218e-12,1.3495e-11
1.4988e-11,6.113e-12,1.5036e-11
1.2941e-11,1.3435e-11,1.4497e-11
2.4843e-11,3.793e-11,4.142e-11
1.7448e-11,1.8254e-11,1.7525e-11
1.5289e-11,3.727e-11,3.6457e-11
1.0588e-11,1.1409e-11,1.2268e-11
1.0598e-11,2.5089e-11,2.5877e-11
9.0972e-12,1.3918e-11,1.075e-11
8.5035e-12,1.2512e-11,1.3818e-11
6.8694e-12,1.2368e-11,1.6778e-11
7.9204e-12,1.384e-11,1.843e-11
8.746e-12,3.9589e-11,3.8568e-11
6.2302e-12,2.0147e-11,1.9872e-11
1.0932e-11,1.2602e-11,1.2321e-11
6.4624e-12,3.4706e-11,3.2921e-11
3.2166e-11,4.4033e-11,2.6256e-11
1.2339e-11,1.2795e-11,1.2706e-11
9.503e-12,1.1789e-11,1.5044e-11
5.6719e-12,1.1388e-11,1.2817e-11
7.8554e-12,1.5535e-11,1.6669e-11
4.3101e-11,4.8951e-12,4.5139e-11
4.7913e-11,8.9619e-12,4.135e-11
3.5301e-11,6.6744e-12,3.6799e-11
3.4295e-11,8.1333e-12,3.062e-11
2.531e-11,7.8783e-12,2.7286e-11
3.3901e-11,8.6056e-12,3.007e-11
3.6403e-11,1.8422e-11,3.6854e-11
2.7677e-11,1.4139e-11,2.7424e-11
2.2932e-11,9.1948e-12,2.475e-11
3.1717e-11,1.184e-11,2.9145e-11
2.8324e-11,8.7345e-12,2.5461e-11
3.4045e-11,2.161e-11,3.3592e-11
3.4209e-11,1.917e-11,3.38e-11
2.3968e-11,7.1035e-12,2.135e-11
2.652e-11,9.9516e-12,2.4924e-11
2.0127e-11,5.8069e-12,1.7828e-11
1.9571e-11,4.987e-12,1.9066e-11
3.9686e-11,1.8182e-11,3.6567e-11
1.8169e-11,6.925e-12,1.6501e-11
1.7586e-11,4.3072e-12,1.7821e-11
1.7586e-11,8.8321e-12,1.8516e-11
1.6811e-11,7.0773e-12,1.7923e-11
1.5431e-11,7.3922e-12,1.4489e-11
1.5558e-11,8.2756e-12,1.4532e-11
1.7197e-11,6.4231e-12,1.5196e-11
3.1722e-11,1.9204e-11,3.0795e-11
3.9198e-11,2.554e-11,3.8317e-11
2.9745e-11,2.6631e-11,3.1865e-11
1.6531e-11,5.3455e-12,1.6253e-11
2.1711e-11,1.2094e-11,1.5709e-11
1.4143e-11,6.9235e-12,1.3338e-11
1.6845e-11,9.066e-12,1.7439e-11
2.7406e-11,2.2678e-11,2.9772e-11
1.8569e-11,1.1389e-11,1.6199e-11
2.3235e-11,2.0039e-11,2.5291e-11
1.5752e-11,1.0872e-11,1.45e-11
1.3211e-11,6.1063e-12,1.271e-11
1.1911e-11,1.3272e-11,1.7837e-11
1.4759e-11,3.5199e-11,3.3933e-11
1.2582e-11,1.3857e-11,1.2989e-11
9.6217e-12,1.0983e-11,1.0024e-11
1.1243e-11,3.9616e-11,3.7314e-11
7.4171e-12,1.2479e-11,1.3365e-11
1.3895e-11,1.8971e-11,1.4433e-11
2.6209e-11,4.6306e-11,3.0865e-11
1.5074e-11,2.4883e-11,1.417e-11
1.483e-11,2.2085e-11,1.3708e-11
6.6842e-12,3.664e-11,3.4934e-11
6.0158e-12,3.1186e-11,3.0049e-11
5.0801e-12,3.1495e-11,2.9399e-11
9.9994e-12,1.2769e-11,1.1516e-11
1.1989e-11,1.4129e-11,1.0338e-11
2.9771e-11,4.7802e-11,2.5121e-11
1.0176e-11,1.0737e-11,1.3698e-11
5.5268e-12,1.6418e-11,1.7817e-11
4.4449e-11,7.6041e-12,4.1891e-11
4.3905e-11,9.0348e-12,4.1043e-11
4.9407e-11,9.1664e-12,4.39e-11
4.0551e-11,1.4206e-11,4.1686e-11
4.1658e-11,1.7596e-11,4.4874e-11
3.8645e-11,2.0771e-11,3.8814e-11
2.5298e-11,7.3204e-12,2.1286e-11
2.5027e-11,7.4339e-12,2.3199e-11
2.3156e-11,1.1361e-11,2.2356e-11
2.1776e-11,1.1275e-11,2.1919e-11
1.9122e-11,8.7618e-12,1.8663e-11
1.9091e-11,7.7088e-12,1.9998e-11
1.7394e-11,9.4729e-12,1.7188e-11
2.072e-11,9.4333e-12,1.9462e-11
1.7105e-11,4.0334e-12,1.7248e-11
3.0918e-11,2.0999e-11,2.9117e-11
1.53e-11,8.242e-12,1.4365e-11
1.6012e-11,7.202e-12,1.6638e-11
3.0764e-11,2.3372e-11,3.0438e-11
1.5854e-11,5.4853e-12,1.6691e-11
2.6718e-11,2.1521e-11,2.7441e-11
1.5453e-11,6.3909e-12,1.4869e-11
1.3102e-11,8.9569e-12,1.5797e-11
1.3865e-11,8.0314e-12,1.4819e-11
3.9269e-11,4.1905e-11,4.8693e-11
1.2749e-11,6.383e-12,1.3477e-11
3.094e-11,3.6866e-11,4.2243e-11
1.5647e-11,6.5009e-12,1.338e-11
2.209e-11,2.281e-11,2.3859e-11
2.1423e-11,2.2099e-11,2.2979e-11
2.3015e-11,3.6292e-11,3.7161e-11
2.4752e-11,2.6634e-11,2.519e-11
3.3909e-11,3.755e-11,3.2561e-11
1.0973e-11,1.0912e-11,1.0787e-11
1.1604e-11,3.3472e-11,3.2447e-11
1.2698e-11,2.8593e-11,2.7734e-11
8.7493e-12,2.4036e-11,2.3512e-11
1.1549e-11,1.2621e-11,1.2197e-11
2.3054e-11,3.8246e-11,2.2905e-11
6.0832e-12,1.2438e-11,1.4634e-11
1.5566e-11,2.0113e-11,1.3972e-11
1.3335e-11,1.3399e-11,1.4004e-11
2.0541e-11,3.7699e-11,1.9476e-11
1.1103e-11,1.7222e-11,1.5398e-11
7.899e-12,9.227e-12,1.4693e-11
9.0277e-12,1.0491e-11,1.5465e-11
4.5326e-11,1.0802e-11,4.4249e-11
4.0471e-11,1.1411e-11,4.0376e-11
3.3643e-11,7.2257e-12,3.12e-11
3.6144e-11,7.4325e-12,3.3799e-11
4.1849e-11,1.3478e-11,3.6966e-11
3.8632e-11,1.1355e-11,3.4299e-11
2.24e-11,6.1179e-12,2.0023e-11
3.3717e-11,1.7499e-11,3.2978e-11
2.5577e-11,1.405e-11,2.5158e-11
1.8748e-11,4.4724e-12,1.8794e-11
2.1896e-11,7.9505e-12,2.1082e-11
2.0784e-11,9.3913e-12,1.9962e-11
1.7377e-11,5.1648e-12,1.5674e-11
1.9315e-11,9.1358e-12,1.9223e-11
2.1478e-11,1.0947e-11,1.9943e-11
2.2527e-11,2.0222e-11,2.4695e-11
1.6077e-11,7.1024e-12,1.6015e-11
3.5833e-11,3.6085e-11,3.8354e-11
1.3569e-11,9.562e-12,1.4141e-11
1.2857e-11,9.6729e-12,1.3631e-11
1.4816e-11,6.4169e-12,1.4601e-11
1.6688e-11,8.5916e-12,1.6139e-11
1.5754e-11,7.8873e-12,1.7357e-11
1.2638e-11,1.0664e-11,1.5141e-11
1.4614e-11,1.561e-11,1.6334e-11
1.187e-11,4.5687e-12,1.189e-11
1.35e-11,1.3682e-11,1.4608e-11
2.9441e-11,2.9854e-11,2.8289e-11
1.2476e-11,1.5958e-11,1.7425e-11
1.9634e-11,3.0939e-11,3.4384e-11
3.2043e-11,3.1868e-11,3.3293e-11
1.0139e-11,1.1948e-11,1.1225e-11
1.3128e-11,4.3094e-11,4.0082e-11
8.5689e-12,2.272e-11,2.2375e-11
3.1597e-11,3.7697e-11,2.5055e-11
6.236e-12,1.1433e-11,1.2517e-11
1.765e-11,3.1269e-11,1.6699e-11
3.442e-11,5.2145e-11,3.1203e-11
1.2569e-11,1.4559e-11,1.2281e-11
1.1336e-11,1.3842e-11,1.1686e-11
1.2121e-11,1.2701e-11,1.0073e-11
1.2369e-11,1.4103e-11,1.5329e-11
4.3448e-11,9.0416e-12,3.9731e-11
3.2589e-11,3.856e-12,3.2191e-11
3.578e-11,1.3709e-11,3.726e-11
3.7776e-11,1.7714e-11,3.8108e-11
3.0974e-11,6.0044e-12,3.0309e-11
2.7281e-11,5.666e-12,2.7206e-11
3.839e-11,2.1715e-11,3.8605e-11
3.6037e-11,2.016e-11,3.5922e-11
2.1747e-11,6.9514e-12,2.3205e-11
2.0177e-11,5.3989e-12,1.719e-11
3.7186e-11,1.8476e-11,3.4954e-11
4.0014e-11,1.942e-11,3.7977e-11
1.9617e-11,6.807e-12,1.8657e-11
2.7269e-11,1.1904e-11,2.3883e-11
3.1438e-11,1.6164e-11,2.8809e-11
2.5674e-11,1.3756e-11,2.2935e-11
1.4964e-11,5.5414e-12,1.3401e-11
1.5709e-11,7.8541e-12,1.6265e-11
1.4603e-11,9.1644e-12,1.478e-11
1.4718e-11,9.9965e-12,1.4853e-11
1.3918e-11,1.4301e-11,1.5112e-11
1.6342e-11,1.1064e-11,1.5486e-11
3.2383e-11,3.9778e-11,4.5584e-11
3.1267e-11,3.0479e-11,3.0377e-11
2.9706e-11,3.4791e-11,3.273e-11
1.8018e-11,4.4608e-11,4.3978e-11
1.0514e-11,1.5465e-11,1.759e-11
1.2889e-11,1.4689e-11,1.3273e-11
1.3803e-11,3.768e-11,3.6395e-11
1.091e-11,1.296e-11,1.1663e-11
8.5592e-12,1.1702e-11,9.4044e-12
9.6046e-12,1.1879e-11,1.0711e-11
8.9352e-12,1.3076e-11,8.839e-12
9.5701e-12,1.2499e-11,8.2602e-12
9.141e-12,1.2517e-11,9.2426e-12
1.6227e-11,1.4669e-11,1.2469e-11
7.8369e-12,1.0525e-11,1.3793e-11
8.9404e-12,9.5374e-12,1.5861e-11
5.1438e-12,1.9936e-11,2.0845e-11
3.2584e-11,5.5069e-12,3.4223e-11
3.2911e-11,8.7814e-12,3.0479e-11
3.8657e-11,8.86e-12,3.616e-11
4.3772e-11,1.346e-11,3.8279e-11
2.5873e-11,6.0737e-12,2.567e-11
2.8136e-11,6.0955e-12,2.7373e-11
2.5707e-11,5.0147e-12,2.4739e-11
2.5259e-11,7.4889e-12,2.1057e-11
2.1266e-11,4.7575e-12,2.0183e-11
2.0697e-11,5.8037e-12,2.0093e-11
2.0037e-11,6.0031e-12,1.7227e-11
1.8597e-11,6.8213e-12,1.7236e-11
1.7156e-11,8.0546e-12,1.5955e-11
1.6609e-11,7.4622e-12,1.5562e-11
1.6153e-11,7.5677e-12,1.5336e-11
3.4122e-11,1.9938e-11,3.5294e-11
3.1196e-11,2.7792e-11,3.3033e-11
3.3579e-11,2.5111e-11,3.499e-11
2.5616e-11,2.5102e-11,2.7728e-11
1.2938e-11,6.2076e-12,1.237e-11
2.9277e-11,2.864e-11,2.836e-11
1.2299e-11,1.4033e-11,1.3939e-11
1.3843e-11,1.4832e-11,1.5329e-11
2.2403e-11,4.5547e-11,4.5022e-11
1.1343e-11,1.5697e-11,1.5706e-11
1.0361e-11,1.1837e-11,1.1304e-11
1.1109e-11,1.2715e-11,1.1162e-11
3.3032e-11,4.0148e-11,2.6652e-11
1.0527e-11,1.9776e-11,2.0596e-11
1.1028e-11,4.0054e-11,3.6216e-11
1.5196e-11,1.8902e-11,1.3751e-11
1.5159e-11,2.0892e-11,1.4276e-11
1.2216e-11,1.5377e-11,1.1562e-11
8.7442e-12,1.2869e-11,1.1348e-11
2.7441e-11,5.3111e-11,3.0518e-11
6.7241e-12,2.5848e-11,2.4874e-11
1.2405e-11,1.0121e-11,1.0032e-11
1.2088e-11,1.0358e-11,9.8782e-12
1.3209e-11,1.584e-11,1.1094e-11
8.3692e-12,1.3944e-11,1.7089e-11
1.3772e-11,1.5682e-11,1.06e-11
1.7123e-11,3.2183e-11,1.5164e-11
1.0845e-11,1.2556e-11,8.898e-12
5.8275e-12,1.2356e-11,1.2778e-11
7.9211e-12,1.4497e-11,2.1042e-11
4.0004e-11,4.7337e-12,4.1092e-11
3.8433e-11,8.2101e-12,3.6163e-11
2.7984e-11,5.7275e-12,2.801e-11
2.6906e-11,1.1554e-11,2.6286e-11
2.848e-11,1.4529e-11,2.7918e-11
2.1639e-11,4.8877e-12,1.9039e-11
3.6682e-11,1.8617e-11,3.4939e-11
3.574e-11,1.8388e-11,3.4102e-11
2.2788e-11,1.0087e-11,2.1494e-11
1.9729e-11,1.0094e-11,1.9204e-11
2.5711e-11,1.4372e-11,2.356e-11
2.6875e-11,1.8652e-11,2.7412e-11
1.7527e-11,7.7934e-12,1.6547e-11
3.91e-11,2.5911e-11,4.2259e-11
2.9785e-11,2.5537e-11,3.1083e-11
1.6339e-11,6.7529e-12,1.588e-11
1.5693e-11,1.3109e-11,1.6566e-11
2.3981e-11,2.1697e-11,2.4769e-11
1.5299e-11,1.3395e-11,1.6053e-11
1.5841e-11,8.3276e-12,1.7269e-11
3.5442e-11,3.2787e-11,4.3915e-11
1.3364e-11,1.135e-11,1.3853e-11
1.9308e-11,1.8111e-11,2.3035e-11
1.7842e-11,2.0777e-11,2.0503e-11
1.6148e-11,1.8167e-11,1.811e-11
1.2985e-11,1.4796e-11,1.4688e-11
2.3534e-11,3.9434e-11,4.1913e-11
1.3177e-11,1.7427e-11,2.0794e-11
1.301e-11,1.5186e-11,1.4071e-11
1.0984e-11,2.1113e-11,2.3647e-11
7.0604e-12,2.3607e-11,2.3114e-11
6.6565e-12,1.0279e-11,1.2319e-11
2.0535e-11,3.7368e-11,1.9221e-11
9.4031e-12,1.4154e-11,1.4093e-11
8.847e-12,1.1301e-11,7.9125e-12
1.0111e-11,1.2684e-11,1.1795e-11
2.3114e-11,4.1488e-11,1.8066e-11
4.9139e-12,1.3486e-11,1.6229e-11
7.3392e-12,1.7066e-11,1.8349e-11
1.214e-11,1.4525e-11,1.0854e-11
6.5547e-12,2.4232e-11,2.3907e-11
2.4706e-11,4.6139e-11,2.3371e-11
1.4935e-11,1.4189e-11,1.0655e-11
1.7396e-11,2.3927e-11,1.3594e-11
1.0143e-11,1.0223e-11,1.5852e-11
1.1916e-11,1.6512e-11,1.1619e-11
4.3366e-11,5.7402e-12,4.586e-11
3.7394e-11,4.3237e-12,3.5505e-11
3.8396e-11,8.1444e-12,3.3528e-11
3.3202e-11,8.4657e-12,3.0546e-11
4.0115e-11,1.7287e-11,4.0511e-11
3.2144e-11,6.5168e-12,3.1145e-11
4.1894e-11,1.4295e-11,3.7298e-11
2.0928e-11,6.2634e-12,1.787e-11
3.478e-11,1.8145e-11,3.3645e-11
1.8453e-11,7.302e-12,1.744e-11
1.9403e-11,6.1309e-12,2.0584e-11
3.3289e-11,2.5258e-11,3.4788e-11
1.8479e-11,9.5834e-12,1.799e-11
3.247e-11,2.5992e-11,3.5795e-11
1.6757e-11,1.1444e-11,1.5679e-11
1.9232e-11,1.338e-11,1.8591e-11
1.5796e-11,1.2304e-11,1.635e-11
2.3629e-11,2.0929e-11,2.4181e-11
1.7054e-11,1.48e-11,1.8951e-11
2.6522e-11,1.4778e-11,2.4474e-11
2.6838e-11,1.5135e-11,2.5471e-11
1.5706e-11,9.5484e-12,1.5426e-11
2.6827e-11,2.615e-11,2.823e-11
2.2654e-11,2.3885e-11,2.4337e-11
1.7425e-11,1.7604e-11,2.2331e-11
1.4384e-11,1.0185e-11,1.2478e-11
2.0037e-11,2.1245e-11,2.0357e-11
2.2577e-11,2.4561e-11,2.3419e-11
3.3659e-11,4.7846e-11,2.7227e-11
4.797e-12,1.1102e-11,1.2125e-11
4.4903e-12,1.133e-11,1.3657e-11
1.2585e-11,1.6484e-11,1.169e-11
1.1816e-11,1.4088e-11,1.0342e-11
6.4849e-12,1.1081e-11,1.1926e-11
2.3627e-11,4.1727e-11,2.0572e-11
9.0418e-12,1.0096e-11,9.5053e-12
6.8361e-12,1.113e-11,1.403e-11
7.4351e-12,1.4889e-11,1.6605e-11
1.1719e-11,1.4509e-11,1.0902e-11
6.8589e-12,1.0507e-11,1.2488e-11
4.6142e-12,9.337e-12,1.3825e-11
6.4847e-12,1.1148e-11,1.6289e-11
3.9501e-11,5.5128e-12,4.0159e-11
3.951e-11,1.1022e-11,3.4763e-11
3.4087e-11,9.2305e-12,3.1421e-11
2.9681e-11,5.5132e-12,2.6109e-11
3.8414e-11,1.5204e-11,3.4093e-11
3.2666e-11,2.0237e-11,3.2119e-11
2.8955e-11,1.8492e-11,2.9031e-11
1.9708e-11,9.6355e-12,1.9473e-11
2.7764e-11,1.5985e-11,2.7342e-11
2.4903e-11,1.1541e-11,2.2117e-11
2.4936e-11,1.7908e-11,2.5609e-11
2.0495e-11,1.2738e-11,2.0433e-11
1.8333e-11,7.627e-12,1.8953e-11
2.0686e-11,1.1867e-11,1.9549e-11
2.1965e-11,1.2436e-11,2.0602e-11
3.419e-11,3.2855e-11,3.6257e-11
2.4681e-11,2.1478e-11,2.5452e-11
3.2954e-11,3.0422e-11,4.1669e-11
1.4434e-11,1.0787e-11,1.3582e-11
1.7543e-11,1.7693e-11,1.7771e-11
1.987e-11,2.6413e-11,2.9599e-11
3.1823e-11,3.1705e-11,3.1291e-11
1.3487e-11,1.0002e-11,1.2408e-11
2.2423e-11,2.4455e-11,2.3891e-11
2.1266e-11,4.7341e-11,4.6647e-11
9.3018e-12,1.5581e-11,1.7762e-11
1.0421e-11,1.972e-11,2.2612e-11
3.3871e-11,4.501e-11,3.0664e-11
2.4849e-11,3.4688e-11,2.4068e-11
2.3111e-11,2.8853e-11,2.0083e-11
1.2181e-11,2.1217e-11,2.3229e-11
1.1632e-11,3.9995e-11,3.7735e-11
9.9998e-12,1.2104e-11,9.5244e-12
1.2577e-11,9.1279e-12,7.7574e-12
1.1095e-11,1.0025e-11,6.8846e-12
8.1665e-12,1.7288e-11,1.9427e-11
1.2814e-11,1.617e-11,1.1985e-11
5.2621e-12,1.3085e-11,1.5652e-11
1.0236e-11,1.2906e-11,9.0909e-12
1.363e-11,1.7761e-11,1.3309e-11
1.1226e-11,1.1871e-11,1.171e-11
1.1823e-11,1.4173e-11,1.2328e-11
6.5462e-12,1.7753e-11,1.976e-11
1.699e-11,2.7182e-11,1.5597e-11
7.2709e-12,1.3081e-11,1.5555e-11
1.7668e-11,2.8916e-11,1.5763e-11
9.6509e-12,8.8483e-12,8.6909e-12
8.2084e-12,1.0056e-11,1.7299e-11
6.6538e-12,2.2786e-11,2.2516e-11
3.0733e-11,5.5738e-11,2.2206e-11
1.3234e-11,1.3925e-11,1.3205e-11
7.2352e-12,1.2472e-11,1.1992e-11
6.1567e-12,1.2058e-11,1.3111e-11
1.3227e-11,1.71e-11,1.8827e-11
4.5161e-11,6.7657e-12,4.8178e-11
4.055e-11,4.9554e-12,4.0962e-11
4.7532e-11,8.7566e-12,4.5238e-11
3.7823e-11,6.588e-12,4.0862e-11
3.8832e-11,7.0246e-12,3.8859e-11
4.0937e-11,1.1866e-11,3.7292e-11
3.9547e-11,1.3206e-11,3.9618e-11
3.5799e-11,1.2946e-11,3.5987e-11
3.1585e-11,7.6444e-12,3.4087e-11
2.8815e-11,6.1839e-12,2.9361e-11
4.0345e-11,1.0347e-11,3.5888e-11
3.4423e-11,1.6349e-11,3.4982e-11
3.0383e-11,8.9934e-12,2.5063e-11
3.1058e-11,1.1557e-11,2.865e-11
2.3031e-11,7.2623e-12,2.2368e-11
2.173e-11,4.9238e-12,1.9607e-11
2.5183e-11,1.3839e-11,2.4768e-11
3.3723e-11,1.7385e-11,3.1392e-11
3.3573e-11,1.7199e-11,3.1781e-11
1.8044e-11,8.3197e-12,1.7124e-11
1.7632e-11,8.2517e-12,1.7378e-11
1.8266e-11,8.6996e-12,1.74e-11
1.9024e-11,1.1603e-11,1.8173e-11
3.2455e-11,2.5415e-11,3.8022e-11
3.1995e-11,3.2802e-11,4.5828e-11
1.9819e-11,2.1534e-11,2.2694e-11
3.3212e-11,3.8387e-11,4.9072e-11
1.429e-11,1.348e-11,1.587e-11
1.7592e-11,1.6322e-11,1.8554e-11
2.476e-11,2.9991e-11,3.5354e-11
1.4254e-11,1.2503e-11,1.368e-11
1.5963e-11,1.79e-11,1.8223e-11
2.7723e-11,3.4991e-11,3.9764e-11
1.7761e-11,1.8271e-11,2.0275e-11
1.933e-11,2.5967e-11,2.9299e-11
1.5709e-11,2.6989e-11,3.2516e-11
1.5301e-11,1.3214e-11,1.5335e-11
1.202e-11,1.2843e-11,1.3501e-11
1.3983e-11,1.3252e-11,1.5093e-11
1.6527e-11,4.2273e-11,3.9883e-11
1.6115e-11,1.8816e-11,1.5626e-11
3.3061e-11,4.0758e-11,2.8951e-11
3.7226e-11,4.9605e-11,3.0936e-11
1.5462e-11,1.7934e-11,1.5044e-11
6.3829e-12,1.2335e-11,1.0676e-11
1.1388e-11,3.8401e-11,3.6567e-11
1.064e-11,9.7874e-12,6.6952e-12
2.1044e-11,3.176e-11,1.8041e-11
1.026e-11,1.3436e-11,9.7499e-12
9.7428e-12,1.0765e-11,1.2838e-11
3.4641e-11,6.588e-11,3.1222e-11
6.2409e-12,1.2218e-11,1.4639e-11
9.0447e-12,1.0372e-11,7.614e-12
1.0561e-11,1.3651e-11,9.0524e-12
3.5534e-11,6.8644e-12,3.5996e-11
2.8475e-11,5.977e-12,2.8811e-11
3.8304e-11,2.1673e-11,3.5812e-11
2.3717e-11,8.1869e-12,2.1262e-11
2.4284e-11,7.7605e-12,2.4451e-11
3.186e-11,2.1199e-11,3.1931e-11
1.9852e-11,6.8723e-12,1.9587e-11
3.6476e-11,2.137e-11,3.7409e-11
2.3252e-11,1.4199e-11,2.2838e-11
2.5231e-11,1.3542e-11,2.4407e-11
2.9364e-11,1.8781e-11,3.1043e-11
1.9182e-11,1.2775e-11,1.8627e-11
2.7643e-11,2.7044e-11,2.9423e-11
3.1612e-11,3.1484e-11,3.1415e-11
1.4179e-11,9.8005e-12,1.3776e-11
3.4676e-11,3.5944e-11,3.5488e-11
1.7446e-11,1.9756e-11,1.9473e-11
3.1001e-11,3.0204e-11,2.9381e-11
1.3016e-11,1.2814e-11,1.3539e-11
2.2557e-11,4.2933e-11,4.5405e-11
1.3827e-11,1.6829e-11,1.9914e-11
1.0472e-11,1.273e-11,1.2874e-11
1.1779e-11,1.3225e-11,1.4408e-11
2.4245e-11,2.7292e-11,2.4957e-11
1.1874e-11,1.3337e-11,1.0602e-11
1.055e-11,1.1799e-11,1.275e-11
1.0223e-11,1.1904e-11,1.3788e-11
8.2894e-12,1.6801e-11,1.8807e-11
1.534e-11,1.7909e-11,1.3314e-11
4.5499e-12,1.0588e-11,1.2793e-11
6.9593e-12,2.0669e-11,1.9929e-11
9.6164e-12,9.1399e-12,7.8753e-12
6.4228e-12,1.2259e-11,1.4906e-11
1.0104e-11,1.441e-11,9.9143e-12
6.9824e-12,1.4522e-11,1.0918e-11
2.1922e-11,3.8339e-11,1.8015e-11
1.3894e-11,1.887e-11,1.5526e-11
5.621e-12,1.0211e-11,1.3215e-11
7.9925e-12,1.3943e-11,1.6703e-11
8.6384e-12,1.2594e-11,1.2363e-11
3.4699e-11,9.2295e-12,3.4058e-11
3.5822e-11,9.1519e-12,3.2894e-11
3.2866e-11,8.3714e-12,3.1641e-11
2.9482e-11,1.2302e-11,2.8768e-11
3.4462e-11,9.9798e-12,3.1095e-11
2.6938e-11,5.5915e-12,2.728e-11
2.622e-11,6.685e-12,2.5956e-11
2.5206e-11,9.0002e-12,2.3334e-11
3.8745e-11,2.2076e-11,3.6547e-11
2.8679e-11,8.2154e-12,2.6759e-11
2.3895e-11,9.4859e-12,2.3205e-11
2.5085e-11,8.0862e-12,2.4555e-11
2.3099e-11,8.3735e-12,1.9833e-11
3.8833e-11,2.5085e-11,3.7286e-11
2.7829e-11,1.5992e-11,2.7192e-11
3.7611e-11,1.951e-11,3.6684e-11
1.9156e-11,1.2896e-11,1.8685e-11
1.96e-11,7.9411e-12,1.9012e-11
2.5235e-11,1.4134e-11,2.4194e-11
3.2595e-11,2.4076e-11,3.1651e-11
1.8124e-11,1.1203e-11,1.8057e-11
2.9536e-11,2.0762e-11,2.8089e-11
1.9153e-11,1.1196e-11,1.9053e-11
2.9156e-11,2.5589e-11,3.074e-11
3.7083e-11,3.5814e-11,3.9487e-11
1.7098e-11,9.1572e-12,1.6534e-11
3.299e-11,2.358e-11,3.8101e-11
1.8627e-11,1.0331e-11,1.8829e-11
3.0271e-11,2.0655e-11,3.3032e-11
2.2949e-11,1.7544e-11,2.6291e-11
2.9321e-11,2.3982e-11,3.5679e-11
2.7301e-11,2.3884e-11,3.4702e-11
2.0595e-11,2.1399e-11,2.2253e-11
1.4705e-11,1.2601e-11,1.6843e-11
1.649e-11,1.5722e-11,1.8538e-11
1.6151e-11,1.1155e-11,1.6173e-11
1.3226e-11,1.0212e-11,1.3207e-11
2.5833e-11,3.2176e-11,3.722e-11
1.8551e-11,2.1254e-11,2.0412e-11
1.5436e-11,1.572e-11,1.471e-11
1.6424e-11,1.962e-11,2.1991e-11
2.7041e-11,2.8771e-11,2.7904e-11
1.7255e-11,1.9388e-11,1.6355e-11
2.5652e-11,2.9639e-11,2.2419e-11
1.2201e-11,1.4419e-11,1.0964e-11
9.6334e-12,3.8799e-11,3.5846e-11
1.0709e-11,9.5759e-12,9.664e-12
1.7742e-11,2.502e-11,1.5281e-11
9.4022e-12,9.9799e-12,9.8029e-12
9.2217e-12,1.1282e-11,1.1528e-11
9.7609e-12,8.8025e-12,9.0275e-12
3.204e-11,6.3276e-11,2.4454e-11
1.3479e-11,1.39e-11,1.5779e-11
5.0877e-12,2.6321e-11,2.6276e-11
5.3456e-12,9.7908e-12,1.5053e-11
1.3238e-11,1.6118e-11,1.3084e-11
1.4051e-11,1.9847e-11,2.3566e-11
4.5935e-11,9.8869e-12,4.2615e-11
4.2672e-11,1.4137e-11,4.2697e-11
3.6004e-11,1.0172e-11,3.3592e-11
3.5965e-11,7.6815e-12,3.0938e-11
4.2135e-11,1.0999e-11,4.0193e-11
3.0746e-11,7.9645e-12,2.9451e-11
3.3521e-11,1.0187e-11,3.236e-11
2.9623e-11,6.4125e-12,2.5963e-11
3.5526e-11,1.7808e-11,3.4563e-11
2.4113e-11,9.1965e-12,2.0594e-11
2.3694e-11,1.1202e-11,2.2146e-11
2.9809e-11,1.7417e-11,2.8178e-11
3.5954e-11,2.3654e-11,3.3776e-11
2.6915e-11,1.4609e-11,2.5584e-11
2.0247e-11,8.3734e-12,1.9815e-11
2.1094e-11,1.1937e-11,2.0761e-11
2.4964e-11,1.4003e-11,2.3908e-11
2.3889e-11,1.3359e-11,2.289e-11
2.2874e-11,1.4129e-11,2.2066e-11
1.7966e-11,8.029e-12,1.7426e-11
1.7352e-11,8.9488e-12,1.6215e-11
1.6435e-11,1.0033e-11,1.6477e-11
1.5978e-11,1.0725e-11,1.5667e-11
1.9793e-11,3.1781e-11,3.5503e-11
1.6951e-11,1.4877e-11,1.7095e-11
3.1845e-11,3.1747e-11,3.0221e-11
1.1236e-11,1.2595e-11,1.4913e-11
3.5089e-11,3.7522e-11,3.091e-11
1.3579e-11,1.4855e-11,1.2202e-11
8.5414e-12,1.7892e-11,1.9631e-11
1.0428e-11,1.2434e-11,9.6545e-12
2.3939e-11,4.186e-11,2.1691e-11
2.1982e-11,3.2287e-11,1.854e-11
1.1953e-11,1.5307e-11,9.542e-12
1.0842e-11,1.4429e-11,9.5338e-12
8.2435e-12,1.1696e-11,1.1791e-11
7.5883e-12,3.3569e-11,3.3168e-11
5.4224e-12,9.913e-12,1.6285e-11
9.4801e-12,9.617e-12,8.0585e-12
8.3474e-12,1.0366e-11,7.78e-12
5.8165e-12,1.7173e-11,1.8903e-11
6.3037e-12,1.5766e-11,1.9249e-11
1.2078e-11,1.1944e-11,8.9198e-12
6.407e-12,1.2526e-11,1.0709e-11
3.893e-11,6.8182e-12,3.3887e-11
3.179e-11,8.9291e-12,3.2993e-11
2.8077e-11,6.6461e-12,2.748e-11
2.5171e-11,8.9097e-12,2.1567e-11
2.3007e-11,9.5098e-12,2.3046e-11
2.5982e-11,1.0396e-11,2.5108e-11
3.8921e-11,1.9859e-11,3.9937e-11
2.306e-11,1.3379e-11,2.2096e-11
3.2169e-11,2.3285e-11,3.0264e-11
3.5651e-11,3.0498e-11,3.7392e-11
1.8281e-11,1.1699e-11,1.9706e-11
3.4385e-11,3.6462e-11,3.4935e-11
2.1228e-11,2.497e-11,3.061e-11
1.614e-11,1.8759e-11,2.0965e-11
1.2603e-11,1.3088e-11,1.1494e-11
1.4016e-11,2.348e-11,2.4877e-11
1.7306e-11,1.8243e-11,1.5119e-11
1.2999e-11,2.9587e-11,2.8694e-11
1.3865e-11,9.3526e-12,7.4813e-12
1.0833e-11,1.28e-11,7.543e-12
3.2475e-11,5.8749e-11,2.7405e-11
9.4399e-12,1.4605e-11,1.3799e-11
1.1736e-11,1.47e-11,9.4993e-12
9.3807e-12,1.3281e-11,1.1948e-11
1.1499e-11,1.3249e-11,8.4435e-12
9.0319e-12,1.2881e-11,1.4693e-11
4.759e-11,7.7062e-12,4.6907e-11
4.8076e-11,6.7813e-12,4.4657e-11
4.2967e-11,8.8392e-12,4.4001e-11
3.8437e-11,1.2905e-11,2.9797e-11
3.9097e-11,1.1612e-11,3.5026e-11
2.9124e-11,9.4643e-12,2.8685e-11
2.5777e-11,8.252e-12,2.6238e-11
4.1673e-11,2.3491e-11,3.7901e-11
2.5555e-11,7.531e-12,2.0487e-11
2.5617e-11,6.4566e-12,2.2762e-11
2.5071e-11,1.2116e-11,2.3735e-11
3.9015e-11,2.4456e-11,3.562e-11
2.0418e-11,8.7623e-12,1.9951e-11
1.9573e-11,9.0694e-12,1.8846e-11
1.8483e-11,1.0587e-11,1.8549e-11
3.3675e-11,2.1213e-11,3.7374e-11
3.757e-11,3.4854e-11,3.9653e-11
1.7532e-11,9.2256e-12,1.7852e-11
1.5917e-11,9.8343e-12,1.7045e-11
1.5968e-11,1.4473e-11,1.6462e-11
1.4831e-11,9.8215e-12,1.4567e-11
1.7548e-11,1.539e-11,1.5653e-11
1.7393e-11,1.6783e-11,1.7818e-11
1.1819e-11,9.3707e-12,1.0287e-11
1.1538e-11,8.63e-12,1.3227e-11
1.4669e-11,1.4975e-11,1.8018e-11
2.0149e-11,3.1235e-11,3.4647e-11
9.8054e-12,1.4043e-11,1.4854e-11
1.0802e-11,1.1646e-11,1.2757e-11
1.1154e-11,1.3012e-11,9.641e-12
3.1473e-11,3.8741e-11,2.569e-11
8.3522e-12,1.9033e-11,2.0319e-11
9.2228e-12,3.4528e-11,3.2609e-11
1.2892e-11,1.6116e-11,1.2507e-11
1.1454e-11,1.317e-11,1.3178e-11
1.0026e-11,1.1673e-11,9.8722e-12
9.0635e-12,9.7298e-12,8.2175e-12
9.7867e-12,1.2317e-11,1.2593e-11
9.3777e-12,1.2992e-11,8.3193e-12
2.3488e-11,4.4406e-11,2.016e-11
1.2835e-11,1.5858e-11,1.0898e-11
1.2671e-11,1.3837e-11,1.4082e-11
7.7964e-12,1.2612e-11,1.4283e-11
5.6211e-12,1.1136e-11,1.3657e-11
1.1921e-11,1.3516e-11,1.0998e-11
4.6895e-11,8.9599e-12,4.7079e-11
4.3442e-11,8.036e-12,3.9112e-11
3.7666e-11,6.5183e-12,3.5126e-11
3.0083e-11,8.631e-12,2.5455e-11
4.209e-11,1.778e-11,3.7359e-11
4.1253e-11,2.2741e-11,3.8105e-11
1.9593e-11,9.0732e-12,1.8902e-11
3.4666e-11,1.826e-11,3.2894e-11
3.2954e-11,1.8016e-11,3.0971e-11
3.1207e-11,2.1317e-11,2.8243e-11
2.498e-11,1.3524e-11,2.3814e-11
3.997e-11,3.0275e-11,3.9478e-11
3.1152e-11,2.0504e-11,2.75e-11
1.7862e-11,1.1362e-11,1.9207e-11
1.5543e-11,1.0201e-11,1.5026e-11
2.3365e-11,2.5277e-11,2.391e-11
1.3522e-11,1.1225e-11,1.2922e-11
1.4158e-11,1.0363e-11,1.5179e-11
2.1966e-11,2.7022e-11,3.2385e-11
1.3765e-11,1.172e-11,1.5218e-11
1.2381e-11,1.0706e-11,1.083e-11
1.903e-11,2.4337e-11,2.9067e-11
1.42e-11,1.3557e-11,1.5372e-11
1.2265e-11,1.203e-11,1.2945e-11
1.3307e-11,1.388e-11,1.2275e-11
1.3711e-11,1.7791e-11,1.9527e-11
3.8734e-11,4.2173e-11,3.5974e-11
1.607e-11,4.2748e-11,4.1143e-11
1.4621e-11,3.8669e-11,3.8504e-11
1.1032e-11,1.0176e-11,1.1374e-11
1.8403e-11,1.9427e-11,1.6002e-11
2.7852e-11,3.5907e-11,2.3977e-11
1.3542e-11,1.5777e-11,1.1053e-11
1.1985e-11,1.0529e-11,1.1578e-11
1.0271e-11,1.2794e-11,1.0869e-11
1.9846e-11,2.3981e-11,1.7005e-11
9.2515e-12,1.096e-11,7.1217e-12
1.7535e-11,2.3469e-11,1.4921e-11
9.9142e-12,1.2834e-11,1.4245e-11
9.1561e-12,1.6763e-11,1.5258e-11
1.0447e-11,1.2404e-11,1.0601e-11
4.8106e-12,1.0768e-11,1.4309e-11
2.5076e-11,4.4079e-11,1.8497e-11
1.0409e-11,1.2177e-11,1.3496e-11
5.7303e-12,1.623e-11,1.7929e-11
6.6482e-12,1.1018e-11,1.7305e-11
4.0272e-12,1.0527e-11,1.0528e-11
5.4188e-12,1.1412e-11,1.3593e-11
4.3703e-11,7.6524e-12,4.2215e-11
4.3495e-11,9.0683e-12,4.2889e-11
3.6494e-11,7.4699e-12,3.7116e-11
4.133e-11,1.1901e-11,4.0437e-11
2.6403e-11,7.5297e-12,2.3888e-11
4.2071e-11,1.9166e-11,3.7146e-11
4.324e-11,2.8266e-11,3.9017e-11
3.5506e-11,2.3416e-11,3.1846e-11
3.5656e-11,1.9295e-11,3.5853e-11
3.0498e-11,1.7474e-11,3.0465e-11
2.2768e-11,1.7708e-11,2.2323e-11
2.3746e-11,1.6413e-11,2.4339e-11
2.5755e-11,2.1422e-11,2.4102e-11
1.7311e-11,1.1559e-11,1.7338e-11
3.4583e-11,3.3351e-11,3.4658e-11
1.4729e-11,1.0821e-11,1.3644e-11
1.6234e-11,1.376e-11,1.5163e-11
1.4925e-11,9.1218e-12,1.3695e-11
2.0013e-11,1.7332e-11,2.5567e-11
1.5135e-11,1.3795e-11,1.5668e-11
1.4122e-11,1.8204e-11,2.206e-11
3.2234e-11,3.5672e-11,3.418e-11
1.1379e-11,1.2139e-11,1.2788e-11
1.6252e-11,2.2766e-11,2.6529e-11
1.1108e-11,1.6506e-11,1.6925e-11
1.3206e-11,2.9776e-11,3.0336e-11
2.3792e-11,2.3378e-11,1.9584e-11
1.5446e-11,1.7501e-11,1.4095e-11
2.3473e-11,2.2941e-11,1.8995e-11
3.811e-11,4.9888e-11,3.276e-11
9.354e-12,9.8361e-12,9.1486e-12
1.0458e-11,1.2311e-11,1.0719e-11
7.4819e-12,1.2881e-11,1.2463e-11
3.8195e-11,5.6293e-11,3.2729e-11
3.9091e-11,5.8299e-11,3.1922e-11
6.0138e-12,1.0762e-11,1.2759e-11
2.7973e-11,3.79e-11,2.3615e-11
1.2358e-11,1.4427e-11,8.9769e-12
1.178e-11,1.0733e-11,1.1993e-11
1.486e-11,1.7402e-11,1.3863e-11
1.4142e-11,1.1816e-11,1.3486e-11
6.0764e-12,1.55e-11,1.6839e-11
1.0455e-11,9.9633e-12,9.2947e-12
1.501e-11,1.5987e-11,1.654e-11
7.0217e-12,3.6202e-11,3.6678e-11
1.055e-11,1.0811e-11,6.6643e-12
1.233e-11,1.346e-11,9.0638e-12
1.4549e-11,9.9006e-12,1.3264e-11
7.7193e-12,2.9653e-11,3.0138e-11
9.6246e-12,1.276e-11,1.9884e-11
4.4003e-11,6.9598e-12,4.1182e-11
3.3947e-11,5.7351e-12,2.7872e-11
4.1324e-11,1.2311e-11,3.9014e-11
3.3131e-11,5.8572e-12,2.7139e-11
3.191e-11,9.4116e-12,2.719e-11
3.5758e-11,1.921e-11,3.3715e-11
2.2115e-11,8.7572e-12,2.0142e-11
3.1217e-11,1.6417e-11,2.904e-11
2.3805e-11,9.2097e-12,2.4614e-11
2.5696e-11,1.4433e-11,2.479e-11
2.836e-11,1.5368e-11,2.6881e-11
2.4506e-11,1.442e-11,2.2544e-11
2.1696e-11,1.1033e-11,2.0378e-11
2.0432e-11,9.6206e-12,1.9926e-11
1.937e-11,1.169e-11,1.9326e-11
1.7753e-11,1.0906e-11,1.8186e-11
1.9614e-11,1.1157e-11,1.9312e-11
2.0186e-11,1.2049e-11,2.0058e-11
1.7186e-11,1.02e-11,1.9003e-11
3.4871e-11,3.535e-11,3.5337e-11
1.5077e-11,1.0784e-11,1.3387e-11
1.3574e-11,9.9018e-12,1.2805e-11
1.3258e-11,1.1753e-11,1.2589e-11
1.6673e-11,1.1467e-11,1.4774e-11
2.5953e-11,2.7344e-11,3.3991e-11
1.2109e-11,9.4722e-12,1.1122e-11
3.5271e-11,3.6801e-11,3.5187e-11
1.2804e-11,1.0295e-11,1.3565e-11
3.134e-11,3.4365e-11,3.2918e-11
1.6427e-11,2.638e-11,2.9795e-11
1.9801e-11,2.1613e-11,1.8749e-11
3.5033e-11,3.4922e-11,3.1622e-11
1.4432e-11,1.5856e-11,1.2819e-11
1.8153e-11,3.7241e-11,3.7843e-11
1.7732e-11,4.1475e-11,4.2687e-11
4.1342e-11,4.8552e-11,3.5726e-11
6.8799e-12,1.0721e-11,1.252e-11
9.5612e-12,1.0125e-11,1.0361e-11
9.8587e-12,1.1615e-11,1.1943e-11
1.4746e-11,1.276e-11,7.3296e-12
2.1084e-11,2.6343e-11,1.7371e-11
1.5025e-11,1.2026e-11,9.9031e-12
1.4733e-11,1.6831e-11,1.1861e-11
9.7224e-12,1.3071e-11,1.063e-11
1.1751e-11,1.356e-11,1.2147e-11
5.7981e-12,1.5531e-11,1.807e-11
8.3988e-12,3.5023e-11,3.5349e-11
1.0052e-11,1.1077e-11,1.013e-11
1.4854e-11,1.5948e-11,1.2139e-11
1.0729e-11,1.1953e-11,1.2731e-11
1.3225e-11,1.1758e-11,1.2029e-11
1.6261e-11,2.031e-11,1.264e-11
7.3306e-12,1.1265e-11,1.1633e-11
7.0255e-12,1.0482e-11,1.3044e-11
3.9006e-11,6.3269e-12,3.3465e-11
3.5177e-11,7.6912e-12,3.3946e-11
3.1216e-11,6.1821e-12,2.8992e-11
3.7278e-11,1.0503e-11,3.5261e-11
2.3065e-11,9.7625e-12,2.157e-11
3.0233e-11,1.1784e-11,2.936e-11
3.0207e-11,1.4372e-11,2.744e-11
2.287e-11,1.3384e-11,2.1651e-11
3.5853e-11,2.038e-11,4.0047e-11
3.4298e-11,2.1247e-11,3.8887e-11
2.8333e-11,2.3174e-11,2.8156e-11
2.861e-11,2.3978e-11,2.7194e-11
1.3784e-11,9.6486e-12,1.5182e-11
1.8458e-11,1.4749e-11,1.5448e-11
1.6359e-11,1.1625e-11,1.5045e-11
1.5478e-11,9.6463e-12,1.4467e-11
1.3713e-11,1.225e-11,1.5874e-11
1.3128e-11,1.0232e-11,1.1696e-11
1.1281e-11,9.4943e-12,9.1947e-12
2.389e-11,2.1537e-11,1.9454e-11
2.4774e-11,2.3118e-11,1.9755e-11
2.7542e-11,2.6635e-11,2.2771e-11
9.888e-12,9.8876e-12,8.5001e-12
9.3528e-12,1.4451e-11,1.1089e-11
1.9337e-11,2.0199e-11,1.871e-11
8.8673e-12,1.0438e-11,1.0964e-11
2.8007e-11,5.0761e-11,2.1256e-11
8.4596e-12,2.7689e-11,2.7651e-11
8.5917e-12,3.299e-11,3.3346e-11
6.6571e-12,1.1586e-11,1.4942e-11
3.2852e-11,6.5496e-11,2.5125e-11
5.4286e-12,1.3619e-11,1.5455e-11
6.5674e-12,1.0891e-11,9.904e-12
1.1364e-11,1.1963e-11,1.0119e-11
7.7851e-12,1.0881e-11,9.8937e-12
7.393e-12,1.2079e-11,1.6573e-11
7.8387e-12,2.5356e-11,2.6298e-11
4.8779e-11,8.4553e-12,4.6339e-11
5.0421e-11,1.4599e-11,4.7687e-11
3.9535e-11,8.657e-12,3.9754e-11
4.1773e-11,1.7098e-11,4.1174e-11
3.1685e-11,9.1789e-12,2.5265e-11
3.5014e-11,1.9692e-11,3.2737e-11
4.4072e-11,1.9946e-11,3.8935e-11
2.6896e-11,8.3658e-12,2.5608e-11
3.0551e-11,1.879e-11,2.9768e-11
2.1836e-11,9.1169e-12,2.016e-11
4.1135e-11,3.2322e-11,3.9871e-11
1.9321e-11,1.1297e-11,1.8348e-11
2.2741e-11,1.5082e-11,2.04e-11
2.4499e-11,1.6693e-11,2.3746e-11
2.2669e-11,1.403e-11,2.3348e-11
3.567e-11,3.4446e-11,3.6123e-11
1.7305e-11,1.2309e-11,1.6434e-11
1.5518e-11,1.1311e-11,1.5956e-11
1.6025e-11,1.3461e-11,1.7449e-11
1.6045e-11,1.359e-11,1.7348e-11
2.3815e-11,2.4199e-11,3.2432e-11
2.0552e-11,2.2293e-11,2.8282e-11
3.6949e-11,3.9278e-11,3.7123e-11
2.8275e-11,3.0729e-11,2.9563e-11
1.9015e-11,1.7756e-11,2.4889e-11
1.5563e-11,1.5783e-11,1.7367e-11
1.2697e-11,1.0163e-11,1.1267e-11
1.3981e-11,1.3119e-11,1.3774e-11
1.625e-11,1.8147e-11,2.0506e-11
1.413e-11,1.3208e-11,1.6837e-11
1.2886e-11,1.1549e-11,1.2519e-11
1.146e-11,1.2818e-11,1.2874e-11
1.3133e-11,2.1142e-11,2.4066e-11
1.2244e-11,1.9965e-11,2.2529e-11
3.6903e-11,3.7119e-11,3.0999e-11
1.5099e-11,3.7689e-11,3.8015e-11
3.5706e-11,3.7244e-11,2.9275e-11
8.1463e-12,1.3847e-11,1.2456e-11
5.8891e-12,1.0454e-11,1.0536e-11
1.4776e-11,1.7008e-11,1.2092e-11
9.4785e-12,1.0677e-11,5.8876e-12
1.1953e-11,1.4577e-11,1.1713e-11
9.9083e-12,1.2043e-11,6.7333e-12
1.1382e-11,1.2872e-11,1.2544e-11
1.2574e-11,1.3366e-11,1.3826e-11
5.817e-12,1.1236e-11,1.3122e-11
6.237e-12,1.0535e-11,9.4286e-12
1.0237e-11,1.4647e-11,8.8445e-12
8.1839e-12,1.2506e-11,1.0351e-11
7.7227e-12,1.2027e-11,1.0023e-11
9.666e-12,1.1396e-11,1.5327e-11
5.3105e-12,1.3127e-11,1.4127e-11
5.0341e-11,8.4615e-12,4.6966e-11
3.7755e-11,1.2888e-11,3.4891e-11
3.0154e-11,1.2256e-11,2.8117e-11
3.3608e-11,1.3457e-11,3.0666e-11
3.9743e-11,1.8863e-11,3.6083e-11
4.4176e-11,2.6678e-11,3.9091e-11
4.0109e-11,2.029e-11,3.7555e-11
2.7037e-11,1.3444e-11,2.5289e-11
2.5432e-11,1.2473e-11,2.3001e-11
4.2745e-11,2.596e-11,3.8328e-11
3.191e-11,1.7367e-11,2.8714e-11
2.2277e-11,7.7394e-12,1.9359e-11
2.1451e-11,7.8472e-12,1.8328e-11
2.2362e-11,1.2284e-11,2.235e-11
1.648e-11,7.7025e-12,1.4549e-11
2.3625e-11,1.6566e-11,2.5335e-11
2.0812e-11,1.8662e-11,1.9338e-11
1.939e-11,1.6692e-11,1.8875e-11
2.1276e-11,1.4443e-11,1.8997e-11
2.6284e-11,3.0491e-11,3.6917e-11
2.203e-11,2.4684e-11,2.3717e-11
1.3372e-11,1.0837e-11,1.46e-11
1.2438e-11,1.0443e-11,1.0743e-11
1.4035e-11,1.2942e-11,1.6336e-11
1.1892e-11,9.0428e-12,1.0001e-11
1.6969e-11,2.2083e-11,2.6665e-11
2.8227e-11,2.9334e-11,2.7648e-11
1.0668e-11,1.2343e-11,1.3106e-11
1.7977e-11,3.2035e-11,3.4575e-11
1.7113e-11,2.8102e-11,3.0947e-11
1.4561e-11,1.1905e-11,1.4064e-11
1.2911e-11,1.4054e-11,1.015e-11
1.6046e-11,3.8289e-11,3.8795e-11
1.1635e-11,1.0269e-11,9.3955e-12
3.0717e-11,2.8118e-11,2.3454e-11
6.9702e-12,1.0704e-11,1.0753e-11
1.2598e-11,1.4461e-11,9.6152e-12
3.9437e-11,6.5784e-11,3.1533e-11
6.9135e-12,1.338e-11,1.1734e-11
9.2297e-12,1.2316e-11,1.6712e-11
3.3831e-11,6.3698e-11,2.6058e-11
1.1058e-11,1.139e-11,1.2011e-11
6.8017e-12,1.6681e-11,1.7541e-11
1.9983e-11,2.6067e-11,1.6381e-11
9.0003e-12,1.2154e-11,9.3927e-12
1.7357e-11,1.9707e-11,1.3189e-11
1.2438e-11,1.6001e-11,8.6676e-12
6.5384e-12,1.4229e-11,1.731e-11
1.1217e-11,1.6725e-11,8.357e-12
8.7409e-12,1.1798e-11,8.5157e-12
8.3658e-12,1.3886e-11,1.5374e-11
4.2673e-11,9.1868e-12,4.1423e-11
4.2772e-11,1.3088e-11,4.0628e-11
3.9631e-11,1.115e-11,3.2143e-11
3.7217e-11,1.1361e-11,2.8051e-11
3.6009e-11,9.3043e-12,3.1115e-11
4.2232e-11,1.5139e-11,3.8948e-11
3.2027e-11,1.094e-11,2.9725e-11
3.8429e-11,1.4775e-11,3.5029e-11
2.7952e-11,6.5041e-12,2.3994e-11
2.6945e-11,6.261e-12,2.2968e-11
4.1438e-11,2.0378e-11,3.8361e-11
2.4783e-11,9.7412e-12,2.2313e-11
2.8766e-11,1.4843e-11,2.6811e-11
3.169e-11,1.6767e-11,3.0129e-11
2.2959e-11,1.2207e-11,1.9098e-11
2.0677e-11,7.6619e-12,1.7322e-11
3.6322e-11,2.434e-11,3.4351e-11
2.2238e-11,1.2689e-11,2.1078e-11
1.9389e-11,1.1298e-11,1.8215e-11
1.8614e-11,7.7736e-12,1.5978e-11
3.9116e-11,3.0936e-11,3.6401e-11
1.8558e-11,8.0972e-12,1.6365e-11
1.865e-11,1.03e-11,1.7039e-11
1.7022e-11,1.0755e-11,1.5774e-11
2.3988e-11,2.002e-11,2.86e-11
1.5143e-11,1.1749e-11,1.4143e-11
1.5948e-11,1.2358e-11,1.4822e-11
2.86e-11,3.0182e-11,3.7684e-11
1.5481e-11,1.1183e-11,1.4064e-11
1.6506e-11,1.5781e-11,1.7917e-11
1.9321e-11,1.94e-11,2.3731e-11
1.1841e-11,9.7615e-12,9.968e-12
1.3295e-11,1.0793e-11,1.2404e-11
1.1669e-11,8.7992e-12,1.0073e-11
2.5081e-11,2.5049e-11,2.223e-11
1.7087e-11,3.3602e-11,3.5985e-11
3.745e-11,3.4607e-11,3.131e-11
1.1192e-11,9.4688e-12,7.1599e-12
1.0402e-11,1.1291e-11,9.484e-12
1.051e-11,1.1546e-11,1.017e-11
3.1421e-11,3.4636e-11,2.5451e-11
9.8346e-12,9.8009e-12,9.1541e-12
7.5787e-12,1.2215e-11,9.5082e-12
2.0487e-11,2.2654e-11,1.8962e-11
1.0126e-11,9.7327e-12,9.2676e-12
9.4909e-12,2.6368e-11,2.7028e-11
1.7939e-11,1.9189e-11,1.3879e-11
3.1814e-11,5.2011e-11,2.2395e-11
1.755e-11,1.918e-11,1.3634e-11
5.6641e-12,1.1468e-11,1.1311e-11
2.6877e-11,3.901e-11,1.9811e-11
9.7316e-12,9.8524e-12,5.9755e-12
8.4657e-12,1.149e-11,7.7702e-12
1.1142e-11,1.3689e-11,1.5119e-11
3.9919e-11,1.1085e-11,3.8391e-11
2.9629e-11,7.4823e-12,2.6183e-11
3.4456e-11,1.9357e-11,3.0875e-11
3.5581e-11,2.1027e-11,3.2442e-11
3.759e-11,1.9801e-11,3.5505e-11
2.6419e-11,1.1517e-11,2.5217e-11
2.448e-11,1.0301e-11,2.138e-11
3.8294e-11,2.3744e-11,3.3213e-11
2.1845e-11,1.1602e-11,2.0202e-11
2.2942e-11,1.2468e-11,2.1281e-11
1.9296e-11,8.5791e-12,1.6291e-11
4.223e-11,3.65e-11,4.3219e-11
1.6351e-11,9.9815e-12,1.5772e-11
1.9007e-11,9.7167e-12,1.7428e-11
1.6123e-11,8.8228e-12,1.5209e-11
3.2683e-11,2.1623e-11,3.7702e-11
2.4957e-11,1.7068e-11,2.6044e-11
2.7481e-11,2.1787e-11,3.173e-11
2.49e-11,1.8364e-11,2.7637e-11
1.7003e-11,1.4418e-11,1.8479e-11
1.483e-11,1.1132e-11,1.7224e-11
1.5485e-11,1.3365e-11,1.4443e-11
2.4061e-11,2.5549e-11,3.3649e-11
1.6983e-11,1.3825e-11,1.448e-11
1.2459e-11,1.009e-11,9.0985e-12
1.4913e-11,2.0004e-11,1.9243e-11
1.4294e-11,1.4532e-11,1.1324e-11
1.1336e-11,1.473e-11,1.4799e-11
2.9748e-11,2.7675e-11,2.5316e-11
1.5883e-11,1.7089e-11,1.2297e-11
1.379e-11,3.0899e-11,3.2333e-11
9.0689e-12,1.6466e-11,1.8257e-11
7.7412e-12,1.1078e-11,1.0737e-11
2.2461e-11,2.1986e-11,1.9743e-11
7.3043e-12,1.2481e-11,1.4933e-11
2.7408e-11,3.1979e-11,2.2429e-11
3.4004e-11,5.9609e-11,2.5139e-11
6.5686e-12,1.4292e-11,1.5376e-11
7.2761e-12,2.1799e-11,2.3364e-11
1.9379e-11,2.3223e-11,1.5715e-11
9.1263e-12,1.0297e-11,4.872e-12
2.0254e-11,2.5711e-11,1.5885e-11
1.1259e-11,1.1316e-11,1.3172e-11
8.9872e-12,1.014e-11,5.0742e-12
8.1661e-12,1.5897e-11,1.8285e-11
8.6771e-12,9.5569e-12,4.7836e-12
8.5527e-12,1.3126e-11,1.0562e-11
6.8252e-12,1.2961e-11,1.4581e-11
7.5097e-12,1.2275e-11,6.7102e-12
7.2389e-12,1.3643e-11,1.4889e-11
5.2147e-11,1.0703e-11,4.3843e-11
4.6386e-11,1.2049e-11,4.2721e-11
4.7979e-11,1.6556e-11,4.5488e-11
3.9488e-11,2.0049e-11,3.6539e-11
3.6357e-11,1.0936e-11,3.2548e-11
2.3771e-11,9.6041e-12,1.9238e-11
3.0326e-11,1.7874e-11,2.9102e-11
2.2375e-11,1.0193e-11,1.8296e-11
2.0823e-11,1.0877e-11,1.7422e-11
2.277e-11,1.1071e-11,2.1547e-11
2.8433e-11,1.7792e-11,2.586e-11
1.7208e-11,9.1528e-12,1.5726e-11
2.0811e-11,1.5018e-11,1.9032e-11
1.9624e-11,1.285e-11,1.7973e-11
1.5223e-11,8.0595e-12,1.3223e-11
2.3481e-11,1.5811e-11,2.5469e-11
2.2354e-11,1.6e-11,2.5246e-11
1.5071e-11,1.0515e-11,1.492e-11
2.2813e-11,1.7573e-11,2.5309e-11
2.1455e-11,2.8895e-11,3.4728e-11
2.8903e-11,3e-11,2.7324e-11
1.8069e-11,3.5942e-11,3.8169e-11
1.4858e-11,2.3652e-11,2.6181e-11
1.1568e-11,1.0644e-11,1.0565e-11
1.1441e-11,1.107e-11,1.0534e-11
1.1627e-11,1.3472e-11,9.6073e-12
1.6212e-11,1.9057e-11,1.318e-11
9.201e-12,8.9752e-12,8.4971e-12
2.292e-11,2.7634e-11,1.751e-11
1.1189e-11,1.5497e-11,7.8962e-12
7.8118e-12,2.0484e-11,2.1719e-11
1.8991e-11,2.2739e-11,1.4875e-11
1.6389e-11,1.9822e-11,1.2434e-11
8.4393e-12,3.7361e-11,3.9392e-11
2.1243e-11,2.6841e-11,1.6866e-11
5.7678e-12,1.0482e-11,8.8641e-12
7.0934e-12,1.8537e-11,2.0523e-11
2.5708e-11,2.9044e-11,1.6801e-11
7.9513e-12,3.2395e-11,3.3969e-11
5.1511e-11,1.4565e-11,4.8951e-11
4.5827e-11,1.5808e-11,3.7483e-11
4.2224e-11,1.4008e-11,4.0252e-11
3.9128e-11,1.4014e-11,3.1508e-11
3.9184e-11,2.0889e-11,3.664e-11
3.2288e-11,1.5653e-11,2.9393e-11
2.815e-11,1.0001e-11,2.3036e-11
2.8421e-11,1.288e-11,2.7129e-11
2.8018e-11,1.151e-11,2.6164e-11
3.5365e-11,2.0628e-11,3.1984e-11
2.3722e-11,1.2516e-11,2.1283e-11
1.8335e-11,7.4617e-12,1.6098e-11
2.0838e-11,1.2123e-11,2.1277e-11
4.2812e-11,3.4978e-11,4.1493e-11
1.9322e-11,9.3576e-12,1.6368e-11
4.1684e-11,3.7401e-11,4.2601e-11
2.4878e-11,1.7157e-11,2.6819e-11
1.8892e-11,1.2537e-11,1.7335e-11
1.7997e-11,1.2381e-11,1.6997e-11
1.8185e-11,1.3237e-11,1.9465e-11
2.5116e-11,2.1326e-11,3.2006e-11
1.3935e-11,9.9469e-12,1.3957e-11
1.7103e-11,1.4432e-11,1.8829e-11
1.3379e-11,8.7445e-12,1.2623e-11
1.5271e-11,1.173e-11,1.3975e-11
1.533e-11,1.1173e-11,1.2893e-11
1.3684e-11,8.9331e-12,1.1519e-11
1.4712e-11,1.1716e-11,1.4249e-11
1.7257e-11,1.4752e-11,1.7629e-11
2.2242e-11,2.8565e-11,3.4274e-11
1.9794e-11,2.7574e-11,3.2048e-11
1.5582e-11,1.4443e-11,1.1233e-11
1.2813e-11,1.5295e-11,1.6415e-11
3.2581e-11,2.9986e-11,2.8314e-11
1.0845e-11,1.7111e-11,1.8633e-11
9.2766e-12,1.2023e-11,1.204e-11
1.0172e-11,9.7384e-12,5.5618e-12
9.5882e-12,9.0776e-12,5.9897e-12
1.0145e-11,3.0031e-11,3.0635e-11
1.1941e-11,1.6949e-11,9.3554e-12
1.202e-11,1.3875e-11,7.7983e-12
8.6879e-12,9.5033e-12,5.4098e-12
8.8538e-12,1.0728e-11,4.4004e-12
7.5815e-12,1.6364e-11,1.7773e-11
4.4078e-11,1.686e-11,4.1367e-11
3.3347e-11,1.3791e-11,3.2984e-11
2.6877e-11,8.4189e-12,2.2245e-11
2.7238e-11,1.278e-11,2.4625e-11
4.33e-11,2.5651e-11,3.6716e-11
2.3728e-11,9.0682e-12,1.9018e-11
2.5629e-11,1.3451e-11,2.3164e-11
3.5283e-11,2.0608e-11,3.4319e-11
3.8106e-11,2.8096e-11,3.6055e-11
2.2167e-11,1.5823e-11,2.0419e-11
1.7258e-11,7.6334e-12,1.4564e-11
2.1411e-11,1.4594e-11,1.8742e-11
2.0562e-11,1.3998e-11,1.7902e-11
2.4375e-11,1.6155e-11,2.6453e-11
2.7376e-11,2.1483e-11,3.2194e-11
2.9028e-11,2.2138e-11,3.4592e-11
1.7214e-11,1.2204e-11,1.6832e-11
1.7697e-11,1.4626e-11,1.6569e-11
1.6022e-11,1.0844e-11,1.5496e-11
2.2263e-11,1.8437e-11,2.052e-11
1.7514e-11,1.4977e-11,1.6179e-11
1.6345e-11,1.2421e-11,1.4823e-11
3.6584e-11,3.6273e-11,3.492e-11
1.4918e-11,1.2298e-11,1.2282e-11
1.7498e-11,1.6403e-11,1.6991e-11
1.7286e-11,1.6331e-11,1.6417e-11
1.5546e-11,1.4699e-11,1.3035e-11
1.292e-11,9.1583e-12,9.0548e-12
1.2028e-11,1.7686e-11,1.9448e-11
1.5087e-11,2.2377e-11,2.4187e-11
1.3933e-11,1.3765e-11,1.0553e-11
1.8281e-11,3.3884e-11,3.5189e-11
4.4119e-11,4.3943e-11,3.5552e-11
1.8469e-11,1.9514e-11,1.461e-11
2.7379e-11,2.6481e-11,2.2549e-11
4.2617e-11,5.4562e-11,3.2853e-11
1.0795e-11,1.34e-11,1.1799e-11
2.9887e-11,3.398e-11,2.4573e-11
9.4039e-12,1.3469e-11,1.0929e-11
1.0209e-11,1.0858e-11,5.5485e-12
9.8533e-12,1.0962e-11,3.8035e-12
6.0378e-12,1.0637e-11,8.4205e-12
8.6636e-12,9.3937e-12,4.5737e-12
1.6631e-11,2.1455e-11,1.3029e-11
1.0209e-11,1.0761e-11,5.912e-12
5.7223e-11,1.3061e-11,4.716e-11
4.9996e-11,1.6001e-11,4.6155e-11
5.0112e-11,1.6447e-11,4.6521e-11
4.9275e-11,2.1292e-11,4.2281e-11
4.4928e-11,1.6245e-11,3.6822e-11
4.3492e-11,2.1834e-11,4.0142e-11
4.6075e-11,2.3971e-11,4.0642e-11
3.5433e-11,1.4495e-11,3.1491e-11
2.8751e-11,9.6024e-12,2.3777e-11
3.2552e-11,1.5965e-11,2.9439e-11
2.3392e-11,1.0802e-11,2.0144e-11
3.8836e-11,2.1946e-11,3.804e-11
2.1106e-11,1.0473e-11,1.8022e-11
3.5948e-11,2.0842e-11,3.6942e-11
4.2084e-11,2.942e-11,3.7354e-11
2.2779e-11,1.2983e-11,2.1649e-11
2.1723e-11,1.2532e-11,1.9741e-11
1.8717e-11,8.6061e-12,1.6346e-11
1.9061e-11,1.4175e-11,1.6422e-11
1.7249e-11,1.0206e-11,1.5833e-11
2.5467e-11,1.7627e-11,2.867e-11
1.5406e-11,7.9124e-12,1.3523e-11
1.7755e-11,1.1524e-11,1.6643e-11
1.5209e-11,9.0439e-12,1.3837e-11
3.3388e-11,3.1971e-11,3.1512e-11
1.7908e-11,1.293e-11,1.4786e-11
1.4095e-11,9.863e-12,1.3606e-11
1.3836e-11,1.0928e-11,1.2931e-11
1.2769e-11,1.5202e-11,1.5709e-11
1.8651e-11,3.453e-11,3.631e-11
2.5228e-11,2.4527e-11,1.9981e-11
1.1959e-11,1.5963e-11,1.6608e-11
1.7275e-11,2.9191e-11,3.2381e-11
1.1862e-11,1.7461e-11,1.8544e-11
2.6094e-11,2.4861e-11,2.274e-11
1.0569e-11,9.6444e-12,8.7518e-12
1.1921e-11,1.8234e-11,1.9222e-11
1.2036e-11,1.1848e-11,8.9073e-12
1.0254e-11,1.1188e-11,6.0438e-12
1.4114e-11,1.1078e-11,1.0159e-11
1.6695e-11,2.0247e-11,1.1711e-11
1.0072e-11,1.08e-11,1.1538e-11
2.8894e-11,3.6489e-11,2.1289e-11
9.6461e-12,2.9426e-11,3.0288e-11
1.0824e-11,1.4154e-11,7.7033e-12
1.1043e-11,1.372e-11,9.487e-12
1.4313e-11,1.8754e-11,1.0306e-11
4.2833e-11,1.2722e-11,3.7344e-11
4.9556e-11,1.9479e-11,4.2799e-11
3.6909e-11,1.483e-11,3.4517e-11
4.5442e-11,2.4808e-11,3.9481e-11
3.5065e-11,1.4474e-11,3.096e-11
3.0423e-11,1.182e-11,2.7371e-11
3.1882e-11,1.4089e-11,2.9353e-11
3.3953e-11,1.9575e-11,3.032e-11
2.4691e-11,1.2131e-11,2.1903e-11
2.8518e-11,1.6663e-11,2.6117e-11
2.6609e-11,1.425e-11,2.5567e-11
4.1364e-11,3.6387e-11,4.0228e-11
2.9235e-11,1.9233e-11,3.2999e-11
2.0391e-11,1.3816e-11,1.7775e-11
3.6729e-11,3.1977e-11,3.2689e-11
1.7311e-11,1.0842e-11,1.5729e-11
1.7687e-11,1.1306e-11,1.5593e-11
1.9658e-11,1.5013e-11,2.1895e-11
1.4672e-11,1.1857e-11,1.5559e-11
2.8448e-11,2.8006e-11,2.6769e-11
1.4907e-11,1.0564e-11,1.1986e-11
3.9169e-11,4.1441e-11,3.6904e-11
2.6471e-11,2.5594e-11,2.3792e-11
1.4071e-11,1.1278e-11,1.364e-11
1.3759e-11,1.4142e-11,1.7051e-11
2.7145e-11,2.6015e-11,2.2191e-11
1.7256e-11,3.0178e-11,3.3002e-11
3.2375e-11,2.9688e-11,2.6156e-11
1.3896e-11,2.2407e-11,2.3356e-11
1.0071e-11,9.4152e-12,1.0436e-11
1.361e-11,1.2289e-11,1.0604e-11
8.6661e-12,9.5054e-12,6.817e-12
1.2164e-11,1.1009e-11,9.0849e-12
8.5667e-12,1.0424e-11,6.43e-12
8.9527e-12,1.2726e-11,1.3499e-11
7.9854e-12,1.2039e-11,1.3437e-11
1.2482e-11,1.7778e-11,9.0364e-12
1.0883e-11,1.1439e-11,9.9124e-12
1.1159e-11,1.2871e-11,1.0376e-11
9.1174e-12,3.8821e-11,4.1706e-11
2.8891e-11,3.7397e-11,2.0517e-11
1.0422e-11,9.9307e-12,9.3994e-12
8.9454e-12,3.4707e-11,3.7692e-11
1.5574e-11,2.1037e-11,1.1791e-11
7.1021e-12,2.0737e-11,2.2951e-11
5.4263e-11,1.1221e-11,4.5184e-11
5.2421e-11,1.5476e-11,4.6943e-11
5.0211e-11,1.3316e-11,4.2657e-11
4.6748e-11,1.2347e-11,3.8614e-11
4.9157e-11,1.7354e-11,4.4304e-11
4.3444e-11,1.539e-11,3.7611e-11
4.3441e-11,1.5008e-11,4.1189e-11
4.0387e-11,1.0754e-11,3.2366e-11
4.3517e-11,1.7366e-11,3.7195e-11
3.933e-11,1.5674e-11,3.4503e-11
3.1958e-11,1.4317e-11,2.8197e-11
2.5989e-11,1.2446e-11,2.2697e-11
2.4657e-11,1.1514e-11,2.1486e-11
2.8333e-11,1.3023e-11,2.5293e-11
4.0881e-11,2.2746e-11,3.8213e-11
2.884e-11,1.4814e-11,2.7597e-11
2.4358e-11,1.1295e-11,2.0008e-11
2.5362e-11,1.4247e-11,2.563e-11
2.3156e-11,1.3718e-11,2.1219e-11
1.83e-11,8.7404e-12,1.5318e-11
1.6988e-11,9.5308e-12,1.6066e-11
1.6416e-11,8.6136e-12,1.4913e-11
1.9007e-11,1.2511e-11,1.5789e-11
2.8106e-11,1.9007e-11,3.0865e-11
1.8203e-11,1.2237e-11,1.7647e-11
1.9011e-11,1.2692e-11,1.8076e-11
1.7982e-11,1.174e-11,1.5956e-11
1.7375e-11,1.3654e-11,1.5246e-11
1.6355e-11,1.2694e-11,1.8114e-11
1.4553e-11,9.4446e-12,1.2418e-11
1.4895e-11,9.8032e-12,1.2771e-11
1.7488e-11,1.4658e-11,2.0026e-11
1.4077e-11,9.2333e-12,1.1337e-11
1.3784e-11,1.5745e-11,1.6748e-11
4.5174e-11,4.1483e-11,4.0031e-11
1.0259e-11,9.7431e-12,6.3653e-12
1.3416e-11,1.6811e-11,1.1589e-11
3.8434e-11,3.3831e-11,2.8766e-11
2.5695e-11,2.5333e-11,2.2918e-11
1.1777e-11,1.1851e-11,1.1614e-11
1.0193e-11,9.4068e-12,4.5854e-12
1.8793e-11,2.1793e-11,1.4573e-11
8.0782e-12,1.2712e-11,1.3686e-11
1.2429e-11,1.6569e-11,9.1371e-12
1.8433e-11,2.3241e-11,1.3173e-11
8.1492e-12,2.5317e-11,2.7812e-11
1.1423e-11,1.4205e-11,7.1658e-12
6.6609e-12,1.0898e-11,8.4404e-12
4.7452e-11,1.3117e-11,4.0641e-11
4.3144e-11,1.1342e-11,3.5072e-11
3.4235e-11,1.21e-11,2.6987e-11
4.1757e-11,1.7905e-11,3.5569e-11
3.1286e-11,1.384e-11,2.8385e-11
2.3932e-11,1.0544e-11,2.1383e-11
2.2809e-11,1.4065e-11,2.0289e-11
2.026e-11,1.3081e-11,1.7485e-11
2.1409e-11,1.2241e-11,1.8119e-11
3.1024e-11,2.0043e-11,3.6115e-11
1.725e-11,9.896e-12,1.794e-11
1.8664e-11,1.3561e-11,1.617e-11
3.6812e-11,2.9882e-11,3.3546e-11
3.3747e-11,2.8631e-11,3.0356e-11
3.0653e-11,2.6297e-11,2.7311e-11
1.6766e-11,1.1138e-11,1.4784e-11
1.3765e-11,1.0048e-11,1.2868e-11
1.6803e-11,1.1875e-11,1.3631e-11
2.1413e-11,2.0862e-11,1.7712e-11
3.3079e-11,3.2351e-11,2.7474e-11
1.4253e-11,1.7022e-11,1.9022e-11
1.2913e-11,1.5973e-11,1.2892e-11
1.4981e-11,1.453e-11,1.0854e-11
1.2163e-11,1.8522e-11,1.9087e-11
1.1948e-11,1.0485e-11,9.3836e-12
1.0012e-11,1.3206e-11,1.1917e-11
9.0644e-12,1.0919e-11,1.1878e-11
9.8785e-12,1.1729e-11,1.1638e-11
7.7425e-12,1.0986e-11,1.0768e-11
1.4744e-11,3.0442e-11,3.0471e-11
8.7863e-12,1.3102e-11,1.2893e-11
1.1644e-11,1.2509e-11,7.463e-12
2.8993e-11,3.0804e-11,2.2807e-11
1.08e-11,1.4276e-11,5.912e-12
1.1402e-11,1.5173e-11,8.6349e-12
1.5698e-11,2.3101e-11,1.1508e-11
4.9911e-11,1.6652e-11,4.0395e-11
4.3882e-11,1.4881e-11,3.4506e-11
4.2796e-11,1.495e-11,3.5328e-11
3.7375e-11,1.1596e-11,2.903e-11
3.5582e-11,1.1225e-11,2.8915e-11
3.3347e-11,1.232e-11,2.592e-11
3.4223e-11,1.3172e-11,2.7843e-11
3.1188e-11,1.3952e-11,2.777e-11
2.6299e-11,1.2404e-11,2.1998e-11
3.8171e-11,2.3938e-11,3.1879e-11
2.8012e-11,1.6155e-11,2.7189e-11
2.5449e-11,1.3974e-11,2.2731e-11
3.2326e-11,2.0043e-11,3.5428e-11
1.8235e-11,1.4374e-11,1.7586e-11
1.8843e-11,1.2639e-11,1.6548e-11
1.5859e-11,1.3458e-11,1.4163e-11
2.536e-11,2.3569e-11,2.2842e-11
1.6066e-11,1.4588e-11,1.5232e-11
1.4892e-11,1.2962e-11,1.4148e-11
1.487e-11,1.2523e-11,1.4541e-11
1.5188e-11,1.2393e-11,1.1533e-11
1.2675e-11,1.3863e-11,1.5965e-11
1.4436e-11,1.0646e-11,1.1196e-11
2.5399e-11,2.7392e-11,2.4124e-11
1.3579e-11,1.3952e-11,1.5535e-11
1.2557e-11,1.7227e-11,1.8093e-11
1.3098e-11,1.2656e-11,1.212e-11
1.2377e-11,1.2115e-11,8.0955e-12
1.0957e-11,1.3649e-11,1.1747e-11
9.2834e-12,1.1514e-11,1.1568e-11
4.9429e-11,4.4253e-11,4.0477e-11
9.3841e-12,1.1127e-11,9.4872e-12
8.9329e-12,1.441e-11,1.1083e-11
7.4295e-12,1.1563e-11,9.914e-12
1.0564e-11,1.1384e-11,4.7225e-12
8.5034e-12,1.221e-11,9.2465e-12
1.1622e-11,3.819e-11,3.9819e-11
7.9863e-12,1.2387e-11,1.5298e-11
1.1011e-11,9.8816e-12,9.1158e-12
1.1438e-11,1.217e-11,8.476e-12
1.1885e-11,1.2494e-11,8.9953e-12
1.2148e-11,1.5066e-11,1.0346e-11
7.1852e-12,1.3413e-11,1.2257e-11
2.6045e-11,2.9518e-11,2.0812e-11
7.6214e-12,1.3099e-11,1.564e-11
9.5467e-12,3.4519e-11,3.6876e-11
1.1567e-11,1.383e-11,6.2789e-12
7.989e-12,1.3262e-11,1.0113e-11
9.687e-12,2.2852e-11,2.4646e-11
5.1907e-11,1.7767e-11,4.1772e-11
3.5925e-11,1.3567e-11,3.1167e-11
3.6172e-11,1.4913e-11,3.3283e-11
4.4284e-11,2.453e-11,3.7944e-11
3.667e-11,1.794e-11,3.2679e-11
2.6518e-11,9.9129e-12,2.0861e-11
2.654e-11,1.2965e-11,2.3944e-11
3.9708e-11,2.3675e-11,3.3164e-11
2.1201e-11,1.2754e-11,1.7986e-11
3.9187e-11,2.7118e-11,3.3733e-11
2.1846e-11,1.2516e-11,1.8495e-11
2.3097e-11,1.4514e-11,2.1102e-11
2.0058e-11,1.2242e-11,1.7798e-11
2.599e-11,1.8513e-11,2.9922e-11
1.651e-11,1.4436e-11,1.5281e-11
1.5509e-11,1.0208e-11,1.4306e-11
1.8062e-11,1.2831e-11,2.0159e-11
1.5851e-11,8.5561e-12,1.2623e-11
1.5653e-11,9.769e-12,1.3272e-11
2.3442e-11,2.2656e-11,1.9521e-11
1.357e-11,1.4632e-11,1.3146e-11
1.3591e-11,1.4406e-11,1.3203e-11
1.5854e-11,1.8533e-11,1.3343e-11
4.1994e-11,3.4757e-11,3.4371e-11
1.1955e-11,1.3706e-11,7.1058e-12
1.0534e-11,1.0436e-11,8.2725e-12
8.4821e-12,1.2957e-11,1.1666e-11
9.3055e-12,1.2994e-11,1.1914e-11
9.7911e-12,1.2198e-11,1.5986e-11
1.3393e-11,3.2532e-11,3.2981e-11
1.2011e-11,1.2157e-11,8.6615e-12
8.9271e-12,1.2677e-11,1.1696e-11
1.072e-11,2.49e-11,2.7079e-11
9.5727e-12,1.1294e-11,9.728e-12
1.1591e-11,1.1474e-11,6.3547e-12
8.2132e-12,1.1721e-11,9.4033e-12
7.7386e-12,1.2704e-11,1.5481e-11
8.9231e-12,2.0177e-11,2.038e-11
2.5607e-11,2.9093e-11,1.9852e-11
1.1881e-11,1.5026e-11,7.2832e-12
6.9294e-12,1.3863e-11,1.3213e-11
7.6776e-12,1.1286e-11,9.9267e-12
1.276e-11,1.2877e-11,7.969e-12
8.4129e-12,1.1302e-11,1.1603e-11
7.9676e-12,1.506e-11,1.2991e-11
4.4238e-11,1.6609e-11,4.0805e-11
3.0765e-11,1.4091e-11,2.8057e-11
3.741e-11,2.0893e-11,3.4897e-11
2.6953e-11,1.3377e-11,2.2795e-11
2.8517e-11,1.6041e-11,2.4814e-11
2.6673e-11,1.4828e-11,2.3145e-11
2.4981e-11,1.4866e-11,2.1817e-11
2.4941e-11,1.3804e-11,2.4372e-11
2.0251e-11,1.1706e-11,1.8223e-11
1.8775e-11,1.0385e-11,1.7371e-11
2.1157e-11,1.6224e-11,2.1463e-11
1.7801e-11,1.2809e-11,1.7283e-11
1.9807e-11,1.3965e-11,1.8422e-11
1.5695e-11,9.3129e-12,1.3031e-11
2.3293e-11,1.7358e-11,1.9549e-11
2.125e-11,1.5015e-11,1.788e-11
1.6022e-11,1.141e-11,1.3598e-11
1.8167e-11,1.5789e-11,1.5626e-11
2.1875e-11,1.6658e-11,2.5024e-11
1.4836e-11,8.6823e-12,1.2114e-11
1.4678e-11,8.8061e-12,1.1483e-11
1.3823e-11,1.2637e-11,1.3117e-11
1.4883e-11,1.7177e-11,1.6138e-11
1.5341e-11,1.5129e-11,1.377e-11
2.2838e-11,2.3693e-11,1.8762e-11
1.9342e-11,2.6546e-11,2.9364e-11
1.3377e-11,1.7727e-11,1.8534e-11
1.5779e-11,1.3468e-11,1.0784e-11
2.2018e-11,2.4509e-11,1.8749e-11
1.2419e-11,2.0357e-11,2.2384e-11
1.0873e-11,9.497e-12,6.2074e-12
1.3149e-11,1.1853e-11,9.1188e-12
8.5402e-12,1.2216e-11,9.191e-12
8.7768e-12,1.4034e-11,9.8751e-12
8.149e-12,1.2926e-11,1.2153e-11
2.1087e-11,2.5816e-11,1.6246e-11
8.9796e-12,1.801e-11,1.689e-11
1.9588e-11,2.666e-11,1.4029e-11
2.7542e-11,3.0594e-11,2.2048e-11
7.5579e-12,1.1096e-11,9.3878e-12
1.3688e-11,2.0419e-11,8.62e-12
9.2679e-12,1.2267e-11,8.0336e-12
7.4572e-12,1.1062e-11,8.3166e-12
9.4941e-12,1.0926e-11,1.1934e-11
9.1642e-12,1.112e-11,1.2123e-11
1.036e-11,3.7974e-11,4.0994e-11
8.6836e-12,1.1309e-11,7.622e-12
7.6037e-12,1.0738e-11,1.0597e-11
6.2072e-12,1.0466e-11,7.6512e-12
8.0137e-12,1.344e-11,1.3139e-11
7.9782e-12,1.1203e-11,9.5796e-12
4.404e-11,1.4577e-11,3.7728e-11
3.1818e-11,1.7378e-11,2.7318e-11
2.7581e-11,1.3967e-11,2.4447e-11
2.7482e-11,1.1963e-11,2.2166e-11
3.0843e-11,1.6339e-11,2.7303e-11
3.2258e-11,1.909e-11,2.9288e-11
3.1845e-11,2.0044e-11,3.3585e-11
3.3746e-11,2.2031e-11,3.5158e-11
1.9564e-11,1.1286e-11,1.5852e-11
1.7727e-11,1.0099e-11,1.7359e-11
2.1407e-11,1.3934e-11,2.0285e-11
1.7909e-11,1.0868e-11,1.537e-11
2.3939e-11,1.6761e-11,2.4862e-11
3.2205e-11,2.5738e-11,2.6558e-11
2.5059e-11,2.2205e-11,2.6519e-11
1.6541e-11,1.5349e-11,1.515e-11
1.8593e-11,1.2576e-11,1.4419e-11
1.65e-11,1.2515e-11,1.5982e-11
2.7426e-11,2.4963e-11,2.2968e-11
2.1584e-11,1.7442e-11,1.7166e-11
1.6008e-11,1.1397e-11,1.2736e-11
1.8909e-11,1.4256e-11,1.4245e-11
1.6838e-11,1.307e-11,1.5824e-11
1.7118e-11,1.1475e-11,1.5818e-11
1.4398e-11,1.5084e-11,1.9026e-11
2.4645e-11,2.4869e-11,2.037e-11
2.1291e-11,2.3903e-11,2.8125e-11
2.1364e-11,2.5777e-11,3.013e-11
1.4657e-11,1.0708e-11,1.0432e-11
1.3902e-11,1.6778e-11,1.8294e-11
2.7324e-11,2.8609e-11,2.1699e-11
1.5676e-11,2.1167e-11,2.2714e-11
5.8912e-11,4.7157e-11,4.9778e-11
1.0866e-11,8.8893e-12,7.2909e-12
5.3658e-11,4.1879e-11,4.0234e-11
1.1236e-11,1.2149e-11,1.0781e-11
8.9544e-12,1.1913e-11,1.0575e-11
8.9695e-12,1.2362e-11,1.0454e-11
1.353e-11,3.1197e-11,3.0932e-11
1.447e-11,3.0891e-11,3.0515e-11
1.0757e-11,1.3568e-11,1.1135e-11
9.9516e-12,2.1162e-11,2.1806e-11
1.2889e-11,2.8172e-11,2.6417e-11
1.0427e-11,1.1728e-11,1.3037e-11
1.1614e-11,1.1534e-11,1.068e-11
2.7228e-11,2.9608e-11,2.3062e-11
1.0536e-11,1.4894e-11,1.5619e-11
1.0496e-11,2.7756e-11,3.0359e-11
2.6226e-11,2.7976e-11,2.1094e-11
1.183e-11,1.5845e-11,5.7643e-12
8.9829e-12,1.1644e-11,7.9363e-12
5.2761e-11,1.6272e-11,4.3116e-11
5.1271e-11,1.7841e-11,4.1963e-11
4.5779e-11,1.9874e-11,3.6827e-11
4.5754e-11,2.2119e-11,3.911e-11
3.9746e-11,1.7317e-11,3.1335e-11
4.0391e-11,1.9018e-11,3.572e-11
4.3784e-11,2.2986e-11,3.8016e-11
3.6047e-11,1.6699e-11,3.1942e-11
3.3004e-11,2.1605e-11,3.1231e-11
2.4208e-11,2.0951e-11,2.4431e-11
3.5134e-11,2.3228e-11,3.7911e-11
3.3108e-11,2.2712e-11,3.6372e-11
1.6698e-11,9.6607e-12,1.5277e-11
1.8717e-11,1.4428e-11,1.6515e-11
1.8717e-11,1.2588e-11,1.9126e-11
2.9815e-11,2.723e-11,2.5565e-11
2.3228e-11,1.8436e-11,1.8191e-11
1.6643e-11,1.3092e-11,1.6008e-11
1.4465e-11,1.161e-11,1.4069e-11
3.1129e-11,3.0798e-11,2.7266e-11
3.9311e-11,4.0992e-11,3.3326e-11
1.4178e-11,1.3945e-11,1.3515e-11
1.5557e-11,1.5881e-11,1.7944e-11
2.1615e-11,2.9247e-11,3.2745e-11
1.4491e-11,1.0477e-11,9.7267e-12
2.0671e-11,2.2029e-11,1.7247e-11
1.2536e-11,1.4713e-11,1.2653e-11
1.6475e-11,1.4561e-11,1.1059e-11
4.2512e-11,3.8527e-11,3.5125e-11
1.5379e-11,1.3411e-11,1.0405e-11
1.6222e-11,2.4934e-11,2.5987e-11
1.5236e-11,1.3951e-11,1.0706e-11
2.8473e-11,2.8952e-11,2.2908e-11
1.1232e-11,1.0265e-11,9.5569e-12
5.7087e-11,4.4518e-11,4.4294e-11
1.5861e-11,2.4979e-11,2.6105e-11
1.204e-11,1.142e-11,6.2884e-12
1.0362e-11,2.0313e-11,1.9189e-11
1.0129e-11,9.6724e-12,6.0753e-12
1.6549e-11,1.6635e-11,1.2623e-11
1.0142e-11,1.7525e-11,1.1283e-11
1.0174e-11,9.8913e-12,6.9022e-12
4.5519e-11,4.0388e-11,3.4484e-11
9.6587e-12,1.3489e-11,1.2711e-11
8.5728e-12,1.3236e-11,1.3738e-11
3.647e-11,3.652e-11,3.2614e-11
1.0862e-11,2.4007e-11,2.4879e-11
9.9293e-12,1.2733e-11,8.6737e-12
1.2209e-11,4.025e-11,4.1874e-11
1.1404e-11,1.1298e-11,8.8171e-12
1.3478e-11,2.2661e-11,2.1824e-11
1.1623e-11,1.0232e-11,7.2704e-12
1.1654e-11,1.1899e-11,7.8868e-12
9.8865e-12,1.2381e-11,1.3945e-11
7.4626e-12,1.0776e-11,1.0537e-11
8.6812e-12,1.239e-11,5.7467e-12
9.877e-12,1.493e-11,1.5331e-11
5.3276e-11,1.7739e-11,4.3502e-11
5.4519e-11,1.7395e-11,4.6134e-11
4.4805e-11,1.6305e-11,3.559e-11
4.3882e-11,1.7482e-11,3.7586e-11
4.3002e-11,1.9245e-11,3.8376e-11
3.3129e-11,1.6723e-11,2.9306e-11
3.5284e-11,1.689e-11,3.1566e-11
3.7311e-11,1.997e-11,3.5935e-11
3.7931e-11,2.2105e-11,3.6983e-11
3.0092e-11,1.7432e-11,2.7703e-11
2.6951e-11,1.3052e-11,2.2256e-11
2.8683e-11,1.6516e-11,2.4448e-11
2.6776e-11,1.7294e-11,2.6303e-11
2.4466e-11,1.4653e-11,2.3657e-11
2.2839e-11,1.4404e-11,2.0021e-11
2.7957e-11,1.9457e-11,2.6622e-11
1.9579e-11,1.3181e-11,2.0484e-11
2.89e-11,2.3091e-11,3.2317e-11
2.8626e-11,2.4444e-11,3.4598e-11
4.2268e-11,3.9547e-11,3.7948e-11
2.0365e-11,1.4617e-11,1.5893e-11
1.6883e-11,1.3648e-11,1.6333e-11
2.4626e-11,2.2962e-11,3.0818e-11
1.3508e-11,1.033e-11,1.1162e-11
1.7942e-11,1.3086e-11,1.3085e-11
1.7439e-11,1.2536e-11,1.2857e-11
2.1156e-11,3.099e-11,3.27e-11
1.3047e-11,1.4283e-11,1.2995e-11
6.1568e-11,4.7149e-11,4.8211e-11
1.5774e-11,1.8491e-11,1.1213e-11
1.6814e-11,3.4534e-11,3.3861e-11
1.3251e-11,1.626e-11,8.6418e-12
9.378e-12,1.1599e-11,8.9852e-12
9.9994e-12,9.3839e-12,4.9462e-12
1.0091e-11,9.527e-12,7.1674e-12
9.6297e-12,1.3696e-11,1.0941e-11
8.5037e-12,1.3442e-11,1.2275e-11
3.2089e-11,3.5129e-11,2.7627e-11
9.5684e-12,2.0014e-11,1.8795e-11
1.0779e-11,1.2281e-11,6.1622e-12
9.9613e-12,1.0816e-11,8.4448e-12
8.3094e-12,1.3488e-11,9.76e-12
8.5559e-12,1.1914e-11,7.621e-12
8.9344e-12,1.2389e-11,8.5489e-12
1.0086e-11,1.0465e-11,6.3369e-12
7.4694e-12,1.1968e-11,1.0576e-11
9.767e-12,1.2367e-11,1.0759e-11
5.4102e-11,1.5544e-11,4.529e-11
4.7414e-11,1.4852e-11,3.7532e-11
4.6525e-11,1.7921e-11,3.7635e-11
3.9429e-11,2.0829e-11,3.4973e-11
3.3261e-11,1.497e-11,2.5751e-11
2.7568e-11,1.2062e-11,2.1836e-11
2.3713e-11,1.1446e-11,1.9081e-11
2.8559e-11,1.8061e-11,2.3206e-11
2.7673e-11,1.6403e-11,2.3963e-11
4.2831e-11,3.2478e-11,3.7417e-11
2.3764e-11,1.3782e-11,2.0396e-11
2.5665e-11,1.6294e-11,1.9324e-11
1.9373e-11,1.228e-11,1.7321e-11
3.6057e-11,2.4922e-11,3.8309e-11
2.4249e-11,1.5891e-11,2.1409e-11
1.9438e-11,1.1999e-11,1.6119e-11
4.3501e-11,3.8562e-11,3.8925e-11
1.8896e-11,1.5497e-11,1.6612e-11
1.8378e-11,1.2509e-11,1.5973e-11
1.7716e-11,1.3058e-11,1.6648e-11
1.5406e-11,1.0033e-11,1.2829e-11
1.748e-11,1.5078e-11,1.5554e-11
1.6953e-11,1.2406e-11,1.5196e-11
1.6357e-11,1.5416e-11,1.4764e-11
2.2564e-11,1.9035e-11,1.7103e-11
1.3687e-11,1.1765e-11,1.1411e-11
2.2802e-11,2.5529e-11,3.0043e-11
1.6254e-11,1.9155e-11,2.1855e-11
1.4609e-11,1.0665e-11,9.1929e-12
1.378e-11,1.3837e-11,1.3339e-11
2.5858e-11,2.7573e-11,1.9683e-11
2.5152e-11,2.6965e-11,1.8813e-11
1.9759e-11,2.2876e-11,1.66e-11
4.6606e-11,4.2878e-11,3.6618e-11
1.5794e-11,2.7318e-11,2.663e-11
2.4561e-11,2.925e-11,2.1397e-11
1.1518e-11,1.9018e-11,1.6869e-11
4.3635e-11,3.7087e-11,3.0997e-11
9.8669e-12,1.3173e-11,9.8252e-12
1.0959e-11,1.0798e-11,5.7662e-12
9.4682e-12,1.7495e-11,9.5206e-12
9.3918e-12,1.2288e-11,9.2757e-12
4.7135e-11,4.382e-11,3.5964e-11
1.1878e-11,1.4072e-11,7.5434e-12
4.3741e-11,4.4607e-11,3.5717e-11
8.6623e-12,1.2137e-11,9.7369e-12
2.9764e-11,3.713e-11,2.527e-11
1.133e-11,2.7431e-11,2.9266e-11
8.4504e-12,1.2175e-11,8.1154e-12
1.011e-11,1.0627e-11,7.4891e-12
9.6444e-12,1.2836e-11,8.2832e-12
1.116e-11,1.1241e-11,6.5474e-12
8.2582e-12,1.1799e-11,9.136e-12
1.2801e-11,3.6303e-11,3.7349e-11
8.4098e-12,1.513e-11,1.2089e-11
4.2914e-11,1.5574e-11,3.3393e-11
3.2839e-11,1.2936e-11,2.5771e-11
3.0164e-11,1.571e-11,2.6506e-11
3.8694e-11,2.3132e-11,3.7845e-11
2.8674e-11,1.7829e-11,2.4901e-11
3.7346e-11,2.2855e-11,3.9008e-11
2.9298e-11,1.6861e-11,2.5007e-11
2.8608e-11,1.6605e-11,2.9021e-11
2.4337e-11,1.5565e-11,2.182e-11
1.8588e-11,1.3453e-11,1.5353e-11
2.6376e-11,2.2281e-11,2.7741e-11
2.5158e-11,1.5712e-11,2.2237e-11
2.3363e-11,1.614e-11,2.2877e-11
2.6536e-11,2.3275e-11,2.906e-11
1.7425e-11,1.3811e-11,1.4172e-11
1.5821e-11,1.1051e-11,1.7931e-11
1.8027e-11,1.696e-11,2.2906e-11
4.4634e-11,4.6233e-11,4.0307e-11
4.3731e-11,4.561e-11,3.8531e-11
2.1136e-11,1.6065e-11,1.516e-11
1.5264e-11,1.5567e-11,1.3707e-11
1.3678e-11,1.1755e-11,1.4251e-11
1.6831e-11,1.6788e-11,1.9904e-11
1.4954e-11,1.0947e-11,9.8809e-12
4.159e-11,4.2954e-11,3.7288e-11
4.9284e-11,4.8933e-11,4.4013e-11
3.0982e-11,3.3088e-11,2.6867e-11
2.8027e-11,3.0332e-11,2.2636e-11
2.3912e-11,2.5415e-11,1.808e-11
1.3458e-11,1.9265e-11,1.678e-11
1.1376e-11,1.0092e-11,8.3819e-12
1.0021e-11,1.0309e-11,7.5679e-12
4.0788e-11,3.7937e-11,3.0279e-11
1.2696e-11,1.5994e-11,7.9888e-12
1.265e-11,1.2046e-11,9.5532e-12
1.0713e-11,1.1037e-11,7.262e-12
1.3168e-11,1.4959e-11,8.9949e-12
5.002e-11,4.3423e-11,4.0003e-11
9.6454e-12,1.3134e-11,1.0593e-11
7.9743e-12,1.2145e-11,9.675e-12
1.5095e-11,3.6996e-11,3.7711e-11
1.0483e-11,1.0431e-11,4.7027e-12
9.7477e-12,1.0071e-11,7.1205e-12
1.1403e-11,1.0404e-11,8.3415e-12
1.384e-11,1.8162e-11,7.2429e-12
9.176e-12,1.2211e-11,1.1829e-11
8.7793e-12,1.1821e-11,9.1443e-12
1.1534e-11,1.1376e-11,1.0443e-11
1.0022e-11,1.5441e-11,1.5234e-11
4.6031e-11,2.1334e-11,4.0394e-11
4.2728e-11,2.0234e-11,3.7835e-11
4.351e-11,2.4678e-11,3.6349e-11
2.9195e-11,1.5014e-11,2.2887e-11
3.9872e-11,2.3504e-11,3.8689e-11
2.3588e-11,1.1335e-11,1.8986e-11
3.8038e-11,2.3329e-11,3.2421e-11
2.2096e-11,1.2406e-11,1.8409e-11
3.5919e-11,2.3676e-11,3.0665e-11
4.124e-11,3.0569e-11,3.5065e-11
3.1603e-11,2.0947e-11,2.6499e-11
2.1655e-11,1.3838e-11,1.8058e-11
2.7953e-11,2.413e-11,3.4925e-11
4.2773e-11,3.6607e-11,3.778e-11
1.69e-11,1.1687e-11,1.3763e-11
1.4553e-11,1.0111e-11,1.2014e-11
1.9052e-11,1.413e-11,1.2698e-11
2.1225e-11,2.0981e-11,2.6084e-11
1.4463e-11,1.0428e-11,1.1091e-11
1.4114e-11,1.4726e-11,1.6871e-11
2.4059e-11,2.5004e-11,2.9453e-11
2.3787e-11,3.4439e-11,3.7198e-11
1.3474e-11,1.7232e-11,1.7576e-11
1.1598e-11,1.4074e-11,1.3168e-11
1.3395e-11,1.7006e-11,1.6785e-11
1.1643e-11,1.0455e-11,9.5115e-12
1.1734e-11,1.0785e-11,8.2509e-12
2.4283e-11,2.9582e-11,1.7647e-11
1.7696e-11,3.6272e-11,3.5958e-11
1.2207e-11,1.201e-11,7.1669e-12
1.2875e-11,2.5293e-11,2.6451e-11
1.6022e-11,2.521e-11,1.0804e-11
1.4179e-11,1.6103e-11,7.8948e-12
1.2996e-11,1.1447e-11,7.9368e-12
1.1228e-11,1.2616e-11,5.3954e-12
1.0274e-11,1.0501e-11,5.5993e-12
1.2346e-11,1.9828e-11,2.1093e-11
9.5366e-12,1.344e-11,4.9548e-12
1.0129e-11,1.8596e-11,1.8203e-11
5.5926e-11,1.8053e-11,4.5386e-11
5.0155e-11,2.0653e-11,3.9978e-11
3.0818e-11,1.5827e-11,2.4668e-11
2.5828e-11,1.4148e-11,2.133e-11
2.9821e-11,1.7985e-11,2.2793e-11
2.3769e-11,1.5604e-11,2.1002e-11
2.156e-11,1.3737e-11,1.6794e-11
2.585e-11,1.6809e-11,1.9853e-11
2.2945e-11,1.5788e-11,1.9735e-11
1.9434e-11,1.4325e-11,1.7557e-11
2.2635e-11,1.6349e-11,1.9259e-11
3.3104e-11,2.4688e-11,2.7862e-11
1.923e-11,1.3117e-11,1.6173e-11
1.7046e-11,1.2853e-11,1.466e-11
2.6797e-11,2.6024e-11,3.4484e-11
1.5339e-11,1.1261e-11,1.1223e-11
2.392e-11,2.4458e-11,3.1189e-11
1.6403e-11,1.3657e-11,1.4492e-11
1.4718e-11,1.0418e-11,1.4361e-11
3.8796e-11,3.986e-11,3.301e-11
1.522e-11,1.6615e-11,1.727e-11
1.5482e-11,1.3628e-11,9.2087e-12
2.2145e-11,2.4601e-11,1.627e-11
1.3788e-11,1.8512e-11,1.7468e-11
1.1649e-11,1.4599e-11,1.354e-11
1.3128e-11,1.7405e-11,1.7083e-11
1.0037e-11,1.0392e-11,6.9699e-12
9.7302e-12,1.2541e-11,8.8342e-12
1.7944e-11,3.5783e-11,3.5435e-11
2.2859e-11,2.9229e-11,1.5974e-11
1.2444e-11,1.2982e-11,8.4412e-12
8.7318e-12,1.1849e-11,8.2636e-12
9.3442e-12,1.2099e-11,8.91e-12
1.1392e-11,1.3241e-11,8.6453e-12
4.0749e-11,4.5194e-11,2.9484e-11
8.8578e-12,1.4123e-11,7.5996e-12
2.6971e-11,3.8257e-11,1.9588e-11
9.5543e-12,1.3635e-11,7.2949e-12
1.0408e-11,1.327e-11,6.5188e-12
1.0219e-11,1.1158e-11,8.7114e-12
1.0548e-11,1.1354e-11,6.4632e-12
1.0426e-11,1.2776e-11,7.3082e-12
1.226e-11,1.0852e-11,7.5905e-12
8.0252e-12,1.2148e-11,7.558e-12
1.3957e-11,3.7713e-11,3.7485e-11
5.0051e-11,1.7901e-11,3.8621e-11
4.9053e-11,1.9344e-11,4.1934e-11
4.0491e-11,2.3117e-11,3.4058e-11
3.9787e-11,2.0703e-11,3.4351e-11
3.2541e-11,1.561e-11,2.591e-11
3.703e-11,1.9277e-11,3.2002e-11
3.0078e-11,1.6479e-11,2.4493e-11
3.2102e-11,1.8126e-11,2.734e-11
3.9899e-11,2.4856e-11,3.3303e-11
2.2581e-11,1.5125e-11,1.9671e-11
2.6099e-11,1.6982e-11,1.9917e-11
3.1637e-11,2.363e-11,3.4341e-11
1.818e-11,1.2959e-11,1.4765e-11
1.9167e-11,1.3934e-11,1.6297e-11
1.8126e-11,1.1928e-11,1.5093e-11
3.0208e-11,2.4786e-11,3.4045e-11
3.3062e-11,2.6023e-11,3.7065e-11
2.0748e-11,2.1359e-11,2.6055e-11
3.5894e-11,3.5139e-11,2.8451e-11
1.9213e-11,1.4639e-11,1.2432e-11
2.022e-11,1.5855e-11,1.5164e-11
2.5528e-11,3.5778e-11,3.7371e-11
1.5486e-11,1.8636e-11,1.9605e-11
2.4188e-11,2.585e-11,1.7404e-11
3.6776e-11,3.794e-11,2.8515e-11
1.5098e-11,1.4058e-11,8.8385e-12
1.179e-11,1.4337e-11,1.2935e-11
1.7393e-11,2.486e-11,2.6536e-11
4.6698e-11,4.4704e-11,3.5834e-11
2.0066e-11,3.4492e-11,3.4843e-11
1.2712e-11,9.9577e-12,9.2067e-12
1.1834e-11,1.2235e-11,1.1359e-11
2.6813e-11,3.654e-11,1.9444e-11
1.1498e-11,1.0473e-11,4.7253e-12
4.5834e-11,4.7086e-11,3.468e-11
1.0582e-11,1.1655e-11,8.5331e-12
9.2368e-12,1.4251e-11,1.2203e-11
4.4121e-11,4.6732e-11,3.2218e-11
9.3672e-12,1.0879e-11,7.3033e-12
1.5253e-11,3.9018e-11,3.9576e-11
9.5845e-12,1.4541e-11,1.469e-11
1.9916e-11,3.232e-11,1.365e-11
1.0952e-11,1.1329e-11,6.0404e-12
8.5164e-12,1.3442e-11,7.549e-12
1.1658e-11,1.5147e-11,9.4637e-12
7.8949e-12,1.3588e-11,1.1307e-11
1.3567e-11,2.7824e-11,2.7407e-11
4.9815e-11,2.1826e-11,4.1252e-11
3.6614e-11,1.6723e-11,3.0639e-11
3.969e-11,2.0451e-11,3.4251e-11
3.4272e-11,1.8299e-11,2.7504e-11
3.987e-11,2.0752e-11,3.6039e-11
4.1019e-11,2.5029e-11,3.4297e-11
2.2817e-11,1.2984e-11,1.8181e-11
3.1162e-11,2.0021e-11,2.5756e-11
2.3665e-11,1.5324e-11,2.0397e-11
2.7861e-11,1.9754e-11,3.2321e-11
2.2322e-11,1.7806e-11,2.5272e-11
3.3423e-11,2.6386e-11,3.7528e-11
1.6874e-11,1.4658e-11,1.4582e-11
2.2782e-11,1.9185e-11,2.5291e-11
1.992e-11,1.7454e-11,2.2846e-11
1.827e-11,1.5361e-11,1.5302e-11
2.2989e-11,2.3282e-11,2.8793e-11
3.2039e-11,2.7558e-11,2.3672e-11
1.9281e-11,1.3842e-11,1.7076e-11
4.6061e-11,4.6188e-11,3.9014e-11
2.635e-11,2.2479e-11,1.8329e-11
1.5468e-11,1.1852e-11,1.2777e-11
2.4557e-11,2.665e-11,3.0993e-11
1.9262e-11,1.517e-11,1.4616e-11
3.4023e-11,3.6512e-11,2.806e-11
2.6397e-11,2.5681e-11,1.9039e-11
5.9658e-11,5.1937e-11,4.9088e-11
1.8268e-11,2.468e-11,2.6553e-11
1.5376e-11,1.513e-11,8.6446e-12
1.3338e-11,1.6429e-11,1.5437e-11
1.0706e-11,1.0223e-11,6.6172e-12
1.3343e-11,2.0766e-11,1.5928e-11
9.8253e-12,1.2092e-11,6.898e-12
1.1836e-11,1.2139e-11,8.9159e-12
9.7053e-12,1.4047e-11,1.1746e-11
1.5293e-11,3.5572e-11,3.5412e-11
8.6151e-12,1.2066e-11,7.4546e-12
1.4676e-11,1.6973e-11,1.6505e-11
1.0494e-11,1.1252e-11,4.8974e-12
1.3392e-11,2.3729e-11,2.3189e-11
1.5054e-11,3.8534e-11,3.8804e-11
1.1723e-11,1.3199e-11,6.9524e-12
1.2151e-11,2.5918e-11,2.6403e-11
4.5131e-11,2.038e-11,3.8961e-11
4.0777e-11,1.8386e-11,3.1963e-11
3.9485e-11,1.7568e-11,3.1568e-11
4.2916e-11,2.1768e-11,3.7289e-11
4.4186e-11,2.3681e-11,3.6309e-11
4.2234e-11,2.3227e-11,3.3385e-11
3.2489e-11,1.4867e-11,2.6173e-11
3.439e-11,2.1828e-11,3.0119e-11
3.7096e-11,2.2951e-11,3.8101e-11
3.0668e-11,2.0699e-11,3.3214e-11
3.9913e-11,2.836e-11,3.3508e-11
2.7055e-11,1.9592e-11,2.9821e-11
4.4767e-11,3.7393e-11,3.7085e-11
4.1463e-11,3.5113e-11,3.3872e-11
3.5261e-11,2.7889e-11,2.7205e-11
2.7724e-11,1.7257e-11,2.3801e-11
2.9882e-11,2.3111e-11,2.2491e-11
2.8105e-11,2.5749e-11,3.4287e-11
2.0694e-11,1.4672e-11,1.4774e-11
2.0648e-11,1.5274e-11,1.3811e-11
1.5236e-11,1.4866e-11,1.405e-11
3.2951e-11,2.9223e-11,2.6312e-11
1.4182e-11,1.0338e-11,1.033e-11
1.6526e-11,1.634e-11,1.928e-11
1.8138e-11,1.9475e-11,2.0748e-11
1.3725e-11,1.6485e-11,1.5142e-11
2.0737e-11,2.5624e-11,2.7856e-11
4.7774e-11,4.9533e-11,4.1367e-11
2.3732e-11,3.8371e-11,3.9345e-11
5.5039e-11,5.1237e-11,4.527e-11
1.4008e-11,1.6252e-11,1.5265e-11
1.4139e-11,2.1049e-11,1.6931e-11
9.6592e-12,1.2662e-11,8.8422e-12
4.7462e-11,5.2405e-11,3.5799e-11
9.85e-12,1.2914e-11,9.4424e-12
3.104e-11,4.1341e-11,2.5007e-11
2.8925e-11,4.1337e-11,2.1694e-11
1.0331e-11,1.2118e-11,1.0315e-11
9.159e-12,1.3716e-11,1.0139e-11
8.7916e-12,1.3311e-11,9.8943e-12
1.0328e-11,9.6486e-12,5.9733e-12
4.4976e-11,2.016e-11,3.6929e-11
4.2023e-11,2.0905e-11,3.3994e-11
3.2777e-11,1.633e-11,2.5412e-11
3.2218e-11,2.0052e-11,2.627e-11
3.2698e-11,2.0756e-11,2.7374e-11
3.4383e-11,2.1219e-11,2.825e-11
2.7739e-11,1.6609e-11,2.3404e-11
2.3968e-11,1.3699e-11,1.9318e-11
2.365e-11,1.6121e-11,2.1279e-11
2.4904e-11,1.697e-11,2.5588e-11
2.6387e-11,1.7337e-11,2.1113e-11
3.984e-11,3.0161e-11,3.2231e-11
3.2119e-11,2.647e-11,3.9083e-11
2.5198e-11,1.6415e-11,2.3188e-11
3.2223e-11,2.661e-11,3.7706e-11
2.8849e-11,2.0673e-11,2.1641e-11
2.6391e-11,1.8362e-11,2.0294e-11
2.2511e-11,1.5582e-11,1.817e-11
1.9145e-11,1.6025e-11,1.6524e-11
3.0969e-11,3.0261e-11,3.8122e-11
1.7906e-11,1.7005e-11,1.4739e-11
1.5916e-11,1.6229e-11,1.7982e-11
1.4631e-11,1.112e-11,1.0663e-11
1.5828e-11,1.7226e-11,1.8895e-11
2.0122e-11,1.5542e-11,1.3802e-11
1.7366e-11,1.9223e-11,2.0144e-11
1.4659e-11,1.2256e-11,9.5078e-12
1.6086e-11,1.9317e-11,1.9757e-11
1.2746e-11,1.4625e-11,1.4195e-11
1.7978e-11,2.1642e-11,2.3208e-11
1.7001e-11,1.4463e-11,9.9049e-12
2.0177e-11,2.7396e-11,2.9127e-11
2.1753e-11,3.252e-11,3.4524e-11
2.4063e-11,3.7789e-11,3.9135e-11
1.5596e-11,1.3836e-11,9.1558e-12
2.1284e-11,3.646e-11,3.6545e-11
1.7032e-11,3.0617e-11,2.9386e-11
1.8067e-11,3.5076e-11,3.3671e-11
1.2523e-11,1.266e-11,6.8749e-12
1.0207e-11,1.23e-11,8.2201e-12
9.6832e-12,1.2501e-11,8.1925e-12
1.3257e-11,1.8642e-11,1.6165e-11
1.1202e-11,1.0972e-11,6.5451e-12
1.3366e-11,2.0607e-11,2.001e-11
3.8448e-11,5.5533e-11,2.7346e-11
3.2227e-11,5.1272e-11,2.3074e-11
1.2412e-11,1.39e-11,7.4402e-12
1.0234e-11,1.5422e-11,1.4877e-11
2.3726e-11,3.7639e-11,1.5024e-11
4.5188e-11,1.8326e-11,3.7213e-11
4.4185e-11,1.991e-11,3.4836e-11
4.4257e-11,2.4801e-11,3.5851e-11
4.1715e-11,2.1478e-11,3.4306e-11
4.7977e-11,2.7513e-11,3.8679e-11
3.6002e-11,2.0938e-11,2.9166e-11
2.5431e-11,1.6075e-11,2.2584e-11
4.1812e-11,2.7802e-11,3.4276e-11
3.0861e-11,2.0066e-11,2.474e-11
2.7367e-11,1.7557e-11,2.102e-11
3.4617e-11,2.6442e-11,2.7676e-11
3.9003e-11,3.0392e-11,2.9995e-11
2.2094e-11,1.5633e-11,1.6129e-11
1.7122e-11,1.2619e-11,1.3569e-11
2.2947e-11,1.6156e-11,1.5624e-11
1.7334e-11,1.199e-11,1.2109e-11
2.6804e-11,2.5504e-11,3.1027e-11
1.8078e-11,1.565e-11,1.8135e-11
1.498e-11,1.6116e-11,1.551e-11
2.0827e-11,1.5923e-11,1.3739e-11
1.4533e-11,1.225e-11,9.0002e-12
1.9462e-11,1.6314e-11,1.2617e-11
4.413e-11,4.7941e-11,3.6086e-11
2.3245e-11,2.9609e-11,3.187e-11
1.3403e-11,1.5685e-11,1.4307e-11
2.1038e-11,2.2606e-11,1.3311e-11
2.1555e-11,2.5411e-11,1.4226e-11
3.5755e-11,4.2368e-11,2.6751e-11
1.847e-11,2.9693e-11,2.8664e-11
1.0086e-11,1.3502e-11,8.917e-12
2.5489e-11,3.5252e-11,1.8535e-11
1.6556e-11,2.1566e-11,9.7848e-12
9.3674e-12,1.2726e-11,8.3799e-12
1.1708e-11,1.2235e-11,7.9947e-12
1.0846e-11,9.6152e-12,4.6786e-12
1.1468e-11,9.5946e-12,5.5491e-12
1.2027e-11,1.4122e-11,4.7855e-12
1.0904e-11,1.3307e-11,6.7426e-12
9.4687e-12,1.2011e-11,7.8395e-12
1.0097e-11,9.8291e-12,3.6191e-12
8.1296e-12,1.1137e-11,9.3834e-12
5.2396e-11,2.2535e-11,4.3818e-11
4.7284e-11,2.0889e-11,3.9048e-11
4.6725e-11,2.2378e-11,4.0832e-11
3.7716e-11,1.6259e-11,3.1177e-11
3.9381e-11,2.0561e-11,3.2616e-11
4.2323e-11,2.3489e-11,3.3386e-11
3.5165e-11,1.7648e-11,2.8578e-11
4.2877e-11,2.3831e-11,3.6926e-11
3.8647e-11,2.1758e-11,3.3949e-11
2.8084e-11,1.6599e-11,2.2536e-11
3.346e-11,2.3936e-11,2.9931e-11
2.3233e-11,1.3729e-11,1.8579e-11
2.9964e-11,1.8656e-11,3.0012e-11
2.4799e-11,1.6001e-11,1.9076e-11
2.7426e-11,1.9389e-11,2.0762e-11
4.212e-11,3.3994e-11,3.2634e-11
1.8418e-11,1.2429e-11,1.3049e-11
1.7646e-11,1.3399e-11,1.3846e-11
1.9502e-11,1.5385e-11,1.7823e-11
1.6814e-11,1.5665e-11,1.4332e-11
2.4188e-11,1.7666e-11,1.6796e-11
2.9901e-11,3.0882e-11,3.8152e-11
1.8454e-11,1.3579e-11,1.3215e-11
1.5134e-11,1.332e-11,1.4942e-11
1.5972e-11,1.6616e-11,1.4721e-11
3.0353e-11,2.5769e-11,2.0315e-11
1.8151e-11,1.4598e-11,1.314e-11
1.3304e-11,1.5088e-11,1.414e-11
1.8493e-11,1.5052e-11,1.1574e-11
1.4748e-11,1.8149e-11,1.7295e-11
3.0882e-11,4.1923e-11,2.6065e-11
1.8966e-11,3.2897e-11,3.1903e-11
1.1528e-11,9.9198e-12,5.0343e-12
1.2369e-11,1.6567e-11,1.3745e-11
1.2599e-11,1.2776e-11,7.6247e-12
1.0165e-11,1.199e-11,8.331e-12
1.1403e-11,1.2243e-11,6.9547e-12
1.02e-11,1.2713e-11,1.0455e-11
9.3503e-12,1.1551e-11,6.906e-12
1.2156e-11,1.41e-11,1.0748e-11
1.0801e-11,1.6121e-11,1.5478e-11
9.6659e-12,1.1809e-11,8.5675e-12
9.5666e-12,1.1804e-11,8.201e-12
1.2781e-11,1.7832e-11,1.6478e-11
2.435e-11,3.9094e-11,1.5322e-11
1.7562e-11,2.2437e-11,9.8306e-12
1.1145e-11,1.1338e-11,5.5564e-12
1.0391e-11,1.2481e-11,5.5151e-12
9.6451e-12,1.338e-11,8.3694e-12
8.072e-12,1.1972e-11,6.5352e-12
9.8455e-12,1.1477e-11,9.3745e-12
1.5832e-11,3.3614e-11,3.2433e-11
4.6708e-11,2.1623e-11,3.7349e-11
4.7408e-11,2.4853e-11,3.9631e-11
4.4857e-11,2.4562e-11,3.6541e-11
4.0717e-11,2.075e-11,3.3219e-11
4.6266e-11,2.5015e-11,3.8081e-11
2.4577e-11,1.5764e-11,1.9343e-11
2.3875e-11,1.7182e-11,2.0254e-11
2.8119e-11,1.9388e-11,2.3154e-11
4.4919e-11,3.3791e-11,3.5835e-11
4.4523e-11,3.7661e-11,3.3641e-11
2.2342e-11,1.5685e-11,1.4736e-11
1.9097e-11,1.5926e-11,1.58e-11
1.8393e-11,1.6686e-11,1.5617e-11
5.0074e-11,4.7456e-11,3.9909e-11
1.5809e-11,1.4423e-11,1.4288e-11
2.4533e-11,1.8536e-11,1.6263e-11
1.8261e-11,1.3668e-11,1.1765e-11
1.6209e-11,1.804e-11,1.6917e-11
1.8032e-11,1.411e-11,1.14e-11
1.5448e-11,1.5013e-11,1.3394e-11
4.0338e-11,4.1618e-11,3.0484e-11
3.001e-11,2.794e-11,2.0211e-11
2.0759e-11,2.1891e-11,2.3199e-11
2.8929e-11,2.8333e-11,1.9027e-11
1.9732e-11,2.2616e-11,2.3694e-11
2.7196e-11,2.6793e-11,1.7398e-11
1.3262e-11,1.5745e-11,1.2281e-11
2.2097e-11,2.0752e-11,1.2738e-11
1.978e-11,2.5494e-11,2.4415e-11
1.6582e-11,1.4838e-11,8.6961e-12
1.6935e-11,2.1021e-11,1.9943e-11
2.201e-11,3.6183e-11,3.5337e-11
5.588e-11,5.6877e-11,4.4743e-11
1.3202e-11,1.1697e-11,1.0222e-11
1.2315e-11,1.0544e-11,8.038e-12
1.0839e-11,1.39e-11,9.8388e-12
1.5217e-11,1.6936e-11,7.8113e-12
1.2839e-11,1.9456e-11,1.7185e-11
9.7126e-12,1.3288e-11,1.021e-11
1.6928e-11,3.4171e-11,3.3259e-11
1.1085e-11,9.4557e-12,4.3107e-12
1.003e-11,1.0518e-11,5.0838e-12
9.9968e-12,1.5e-11,1.3707e-11
1.6908e-11,3.6068e-11,3.5241e-11
1.0417e-11,1.1681e-11,3.7655e-12
9.4824e-12,1.05e-11,4.3824e-12
1.4487e-11,2.5831e-11,2.4055e-11
7.892e-12,1.3061e-11,7.0087e-12
1.2157e-11,2.0164e-11,1.7799e-11
1.6878e-11,3.5371e-11,3.4507e-11
1.0199e-11,1.1971e-11,1.1979e-11
4.564e-11,2.4178e-11,3.9575e-11
4.4672e-11,2.4514e-11,3.6142e-11
3.3447e-11,1.7671e-11,2.6387e-11
4.3573e-11,2.6573e-11,3.4936e-11
3.8267e-11,2.4457e-11,3.786e-11
4.0916e-11,2.4656e-11,3.7951e-11
2.6828e-11,1.6253e-11,2.1661e-11
4.5415e-11,3.7716e-11,3.4417e-11
3.2473e-11,2.8876e-11,3.7618e-11
2.4959e-11,1.926e-11,2.6339e-11
3.4344e-11,2.765e-11,2.4704e-11
1.718e-11,1.3277e-11,1.3082e-11
2.3341e-11,1.6913e-11,1.8117e-11
2.8772e-11,2.6537e-11,3.4539e-11
1.577e-11,1.3797e-11,1.415e-11
2.8218e-11,2.6501e-11,3.1662e-11
1.714e-11,1.1927e-11,1.1014e-11
1.5974e-11,1.4568e-11,1.006e-11
1.795e-11,1.8936e-11,1.8828e-11
3.7713e-11,4.063e-11,2.7137e-11
1.3404e-11,1.5863e-11,1.5173e-11
1.7463e-11,1.4728e-11,1.161e-11
5.6321e-11,6.0058e-11,4.6335e-11
1.3336e-11,1.6187e-11,1.4466e-11
2.0215e-11,2.5006e-11,2.2689e-11
1.9417e-11,2.8924e-11,2.7421e-11
2.4292e-11,3.0377e-11,1.7019e-11
2.1337e-11,2.672e-11,2.1635e-11
1.0385e-11,1.3024e-11,9.6453e-12
4.1156e-11,5.9454e-11,2.6307e-11
9.7533e-12,1.3125e-11,9.9094e-12
1.1995e-11,1.2192e-11,5.4267e-12
8.7366e-12,1.2261e-11,7.4181e-12
3.9498e-11,6.2456e-11,2.6833e-11
2.1763e-11,3.3194e-11,1.353e-11
1.2755e-11,1.2827e-11,5.7753e-12
8.8669e-12,1.1685e-11,5.5623e-12
1.0977e-11,1.4072e-11,6.0557e-12
8.9536e-12,1.2827e-11,9.7424e-12
1.3264e-11,2.2802e-11,2.1597e-11
1.0257e-11,1.4208e-11,1.1301e-11
5.1184e-11,2.3226e-11,4.1199e-11
5.1349e-11,2.2781e-11,4.1196e-11
4.6628e-11,2.402e-11,4.0343e-11
4.4537e-11,2.3378e-11,3.6868e-11
4.0818e-11,2.1796e-11,3.3643e-11
4.4852e-11,2.5946e-11,3.5596e-11
4.3426e-11,2.5316e-11,3.399e-11
4.0603e-11,2.4535e-11,3.3334e-11
4.1935e-11,2.4331e-11,3.783e-11
3.9551e-11,2.4041e-11,3.6883e-11
3.9759e-11,2.2861e-11,3.3341e-11
2.9287e-11,1.7117e-11,2.4028e-11
2.8992e-11,1.8005e-11,2.417e-11
3.1715e-11,2.0956e-11,2.6893e-11
2.6406e-11,1.5864e-11,2.2332e-11
3.958e-11,2.6169e-11,3.199e-11
2.4017e-11,1.4505e-11,1.8502e-11
2.3057e-11,1.6444e-11,1.735e-11
2.1497e-11,1.3732e-11,1.638e-11
2.5653e-11,2.0281e-11,1.9543e-11
3.1692e-11,2.3709e-11,3.4354e-11
1.9615e-11,1.4157e-11,1.4388e-11
1.8568e-11,1.7054e-11,1.8088e-11
1.6868e-11,1.2361e-11,1.1115e-11
1.9491e-11,2.0514e-11,2.2237e-11
2.405e-11,2.4781e-11,2.7596e-11
2.6467e-11,2.2009e-11,1.6318e-11
1.733e-11,1.254e-11,1.0024e-11
3.026e-11,2.6308e-11,1.8712e-11
1.6362e-11,1.1648e-11,9.457e-12
1.5078e-11,1.6355e-11,1.3019e-11
2.4098e-11,2.1311e-11,1.3713e-11
1.531e-11,1.4383e-11,1.2777e-11
5.2301e-11,5.5822e-11,4.3611e-11
2.3813e-11,3.1346e-11,3.1937e-11
4.3981e-11,5.3066e-11,3.4531e-11
1.9641e-11,2.8093e-11,2.5977e-11
1.2995e-11,1.8029e-11,1.5661e-11
1.1985e-11,1.4467e-11,1.0443e-11
5.382e-11,6.6685e-11,4.225e-11
1.1731e-11,1.2308e-11,5.3072e-12
1.1954e-11,1.3836e-11,1.0582e-11
1.4367e-11,1.4999e-11,5.7143e-12
4.473e-11,6.4641e-11,2.9624e-11
1.0208e-11,1.2433e-11,1.177e-11
8.5313e-12,1.228e-11,6.6711e-12
1.1237e-11,1.0644e-11,3.1101e-12
9.062e-12,1.2137e-11,8.5872e-12
5.0124e-11,2.3415e-11,4.0876e-11
4.2794e-11,2.1025e-11,3.283e-11
4.5571e-11,2.4339e-11,3.5703e-11
4.693e-11,2.6176e-11,3.9652e-11
4.23e-11,2.2314e-11,3.2404e-11
4.4892e-11,2.5527e-11,3.5531e-11
4.1732e-11,2.2558e-11,3.3652e-11
4.2913e-11,2.7307e-11,3.4265e-11
3.7774e-11,2.3845e-11,2.8735e-11
2.4947e-11,1.5659e-11,1.9388e-11
3.5991e-11,2.3563e-11,3.4588e-11
2.3769e-11,1.5174e-11,1.8661e-11
4.0483e-11,2.8151e-11,3.2026e-11
4.5282e-11,3.3618e-11,3.5238e-11
3.3475e-11,2.4832e-11,3.4703e-11
2.6034e-11,1.8563e-11,1.9405e-11
2.9766e-11,2.591e-11,3.4047e-11
2.9872e-11,2.3471e-11,3.0415e-11
2.9803e-11,2.64e-11,3.4391e-11
2.347e-11,1.9702e-11,2.3899e-11
2.0247e-11,1.5945e-11,1.861e-11
1.514e-11,1.3223e-11,1.2833e-11
4.8955e-11,4.8796e-11,3.8219e-11
2.017e-11,1.5361e-11,1.2497e-11
2.8019e-11,2.8063e-11,3.335e-11
1.6635e-11,1.1806e-11,1.0794e-11
1.7779e-11,1.7563e-11,1.8229e-11
1.4537e-11,1.465e-11,1.3917e-11
1.557e-11,1.112e-11,9.7095e-12
1.4702e-11,1.6668e-11,1.3867e-11
1.3454e-11,1.431e-11,1.1287e-11
2.2242e-11,2.7281e-11,2.7411e-11
2.1253e-11,3.1238e-11,3.0307e-11
2.1075e-11,2.6213e-11,2.2499e-11
1.7765e-11,2.395e-11,2.3017e-11
1.2927e-11,1.7572e-11,1.52e-11
1.2862e-11,1.1373e-11,5.308e-12
1.2944e-11,1.1425e-11,5.5068e-12
1.2653e-11,1.1218e-11,4.6908e-12
1.8041e-11,2.8146e-11,2.5603e-11
3.5197e-11,6.0039e-11,2.2918e-11
7.9944e-12,1.2258e-11,7.0796e-12
1.0471e-11,1.2532e-11,8.7876e-12
1.1824e-11,1.1941e-11,4.8736e-12
8.8194e-12,1.1248e-11,4.4656e-12
1.0399e-11,1.4443e-11,1.1141e-11
4.7856e-11,2.703e-11,3.8028e-11
3.4228e-11,1.998e-11,2.6416e-11
3.8302e-11,2.3284e-11,2.95e-11
4.1009e-11,2.7421e-11,3.2744e-11
2.3957e-11,1.5748e-11,1.9358e-11
2.5404e-11,1.717e-11,1.9192e-11
3.5688e-11,2.4254e-11,2.6599e-11
4.9505e-11,3.8348e-11,3.7798e-11
3.3582e-11,2.4659e-11,3.3548e-11
2.3622e-11,1.6322e-11,1.6977e-11
2.3648e-11,2.0498e-11,2.4465e-11
1.8332e-11,1.2902e-11,1.3709e-11
1.7997e-11,1.617e-11,1.5208e-11
1.5992e-11,1.2029e-11,1.1705e-11
1.7757e-11,1.6761e-11,1.5303e-11
2.2185e-11,2.0988e-11,2.3803e-11
2.7094e-11,2.9198e-11,3.2778e-11
2.5546e-11,2.6725e-11,2.984e-11
4.4585e-11,4.6951e-11,3.25e-11
2.0811e-11,1.6125e-11,1.1378e-11
1.561e-11,1.5141e-11,1.2967e-11
1.6368e-11,1.1874e-11,8.8153e-12
1.5728e-11,1.5948e-11,1.3872e-11
1.4403e-11,1.5137e-11,1.2169e-11
2.5014e-11,2.9746e-11,3.1262e-11
1.3779e-11,1.5174e-11,1.1502e-11
1.5491e-11,1.5252e-11,1.3327e-11
1.4604e-11,1.5709e-11,1.4116e-11
2.6615e-11,3.2742e-11,3.3826e-11
1.4481e-11,1.5345e-11,1.1786e-11
1.3366e-11,1.5513e-11,1.2406e-11
1.3145e-11,1.1322e-11,5.5743e-12
1.3269e-11,1.1392e-11,6.1212e-12
1.4911e-11,1.5113e-11,6.0992e-12
1.3526e-11,1.3967e-11,6.9229e-12
1.8949e-11,3.4109e-11,3.2132e-11
1.0761e-11,1.1153e-11,1.2477e-11
1.3785e-11,1.3562e-11,9.1763e-12
3.8515e-11,6.4077e-11,2.6567e-11
1.1551e-11,1.121e-11,5.1813e-12
1.8674e-11,3.3146e-11,3.1975e-11
9.5144e-12,1.2882e-11,9.8457e-12
1.0418e-11,1.3079e-11,5.5561e-12
1.7067e-11,1.8764e-11,9.5293e-12
1.2108e-11,1.2313e-11,7.808e-12
9.8978e-12,1.3334e-11,5.1526e-12
9.1171e-12,1.3628e-11,9.3276e-12
1.0149e-11,1.2248e-11,9.5384e-12
8.5677e-12,1.1782e-11,8.9047e-12
1.0114e-11,1.2365e-11,1.0121e-11
4.926e-11,2.5064e-11,3.9867e-11
4.8235e-11,2.5929e-11,3.8691e-11
3.7718e-11,1.9377e-11,2.9852e-11
4.1059e-11,2.5089e-11,3.2681e-11
3.4259e-11,1.9362e-11,2.5402e-11
4.6755e-11,2.8581e-11,3.5021e-11
3.2621e-11,1.8736e-11,2.5027e-11
3.7097e-11,2.475e-11,2.8557e-11
4.0011e-11,2.7152e-11,3.7626e-11
2.6251e-11,1.699e-11,2.0945e-11
3.5526e-11,2.2349e-11,3.3191e-11
2.1876e-11,1.6434e-11,1.7077e-11
4.2036e-11,3.153e-11,3.1984e-11
2.6917e-11,2.2728e-11,2.6702e-11
2.5408e-11,2.0778e-11,2.6178e-11
2.6926e-11,2.2292e-11,2.497e-11
1.8174e-11,1.3234e-11,1.2825e-11
3.1562e-11,2.326e-11,2.0115e-11
2.2674e-11,1.6036e-11,1.4523e-11
1.6259e-11,1.2881e-11,1.2309e-11
1.889e-11,1.7261e-11,1.6221e-11
1.5761e-11,1.3424e-11,1.335e-11
2.369e-11,1.8032e-11,1.3841e-11
2.3978e-11,2.8475e-11,2.993e-11
5.1122e-11,6.1458e-11,4.0179e-11
3.0452e-11,3.7642e-11,2.236e-11
5.1917e-11,6.6306e-11,3.9695e-11
1.0767e-11,1.4612e-11,1.1099e-11
1.2523e-11,1.8138e-11,1.4968e-11
2.5642e-11,3.8785e-11,1.7888e-11
3.6902e-11,6.2126e-11,2.5504e-11
1.204e-11,1.1324e-11,6.4143e-12
1.2008e-11,1.1415e-11,4.2192e-12
9.4379e-12,1.3294e-11,9.9438e-12
1.0591e-11,1.2808e-11,6.0125e-12
9.0671e-12,1.2001e-11,7.6288e-12
4.7993e-11,2.4897e-11,3.8537e-11
4.8728e-11,2.7581e-11,3.7243e-11
5.0272e-11,2.9577e-11,3.9541e-11
4.681e-11,2.9404e-11,3.9177e-11
4.4033e-11,2.5414e-11,3.3607e-11
4.4408e-11,2.8311e-11,3.4504e-11
3.3974e-11,2.1062e-11,2.5142e-11
4.4674e-11,2.9081e-11,3.448e-11
4.1771e-11,2.6472e-11,3.2328e-11
2.8856e-11,1.8708e-11,2.2134e-11
3.8935e-11,2.6319e-11,3.646e-11
4.0596e-11,2.7952e-11,3.1316e-11
2.4557e-11,1.9247e-11,2.201e-11
2.4711e-11,1.6434e-11,1.853e-11
3.0457e-11,2.2426e-11,2.3605e-11
3.0354e-11,2.0111e-11,2.1487e-11
2.6969e-11,2.2423e-11,2.0953e-11
3.25e-11,2.2879e-11,2.9412e-11
4.6e-11,3.4855e-11,3.4502e-11
2.0871e-11,1.8301e-11,1.9499e-11
4.286e-11,3.3272e-11,2.8847e-11
1.7308e-11,1.3328e-11,1.2914e-11
5.1599e-11,4.629e-11,3.7296e-11
1.704e-11,1.2213e-11,1.1971e-11
1.5345e-11,1.3304e-11,1.0451e-11
4.3449e-11,4.21e-11,2.91e-11
2.0881e-11,2.1382e-11,2.3227e-11
2.4559e-11,1.9174e-11,1.338e-11
1.635e-11,1.158e-11,9.9665e-12
2.9693e-11,3.109e-11,1.888e-11
2.3882e-11,2.3321e-11,1.3148e-11
1.2665e-11,1.5615e-11,1.1627e-11
1.3559e-11,1.3207e-11,5.8659e-12
1.2925e-11,1.2594e-11,5.9578e-12
1.6676e-11,1.8215e-11,8.4482e-12
1.0115e-11,1.329e-11,9.9036e-12
1.3612e-11,1.2076e-11,6.4808e-12
1.3954e-11,1.4335e-11,1.0385e-11
1.535e-11,1.5984e-11,6.4155e-12
1.1552e-11,1.0091e-11,6.3214e-12
1.0928e-11,1.1426e-11,5.2435e-12
9.3997e-12,1.266e-11,1.0232e-11
1.8308e-11,3.222e-11,3.003e-11
2.6023e-11,3.6772e-11,1.4697e-11
9.615e-12,1.3913e-11,1.0351e-11
2.6653e-11,3.7802e-11,1.4886e-11
8.753e-12,1.1866e-11,9.9811e-12
9.9073e-12,1.413e-11,1.1638e-11
9.6115e-12,1.345e-11,9.8586e-12
9.9627e-12,1.3539e-11,9.2963e-12
1.2411e-11,1.9613e-11,1.7166e-11
1.0131e-11,1.3154e-11,9.8968e-12
4.6806e-11,2.4019e-11,3.8011e-11
4.1622e-11,2.5057e-11,3.1824e-11
3.5556e-11,2.2259e-11,2.885e-11
3.3353e-11,2.0582e-11,2.569e-11
2.3089e-11,1.645e-11,1.7386e-11
2.8139e-11,2.0834e-11,2.1698e-11
2.5781e-11,1.8169e-11,1.6949e-11
3.2176e-11,2.4303e-11,2.1854e-11
2.7096e-11,1.9983e-11,1.6899e-11
5.0229e-11,4.899e-11,3.5552e-11
1.5852e-11,1.3142e-11,1.0946e-11
4.6607e-11,4.6564e-11,3.2006e-11
1.8421e-11,1.3063e-11,1.0829e-11
1.4838e-11,1.7798e-11,1.3197e-11
2.6144e-11,3.007e-11,3.1957e-11
1.5063e-11,1.6141e-11,1.2886e-11
1.5108e-11,1.6025e-11,1.1374e-11
1.21e-11,1.4345e-11,1.0666e-11
1.8328e-11,2.4855e-11,2.3726e-11
1.5903e-11,2.0632e-11,1.6338e-11
2.5684e-11,3.3589e-11,1.5944e-11
1.3829e-11,1.3248e-11,7.0545e-12
2.2292e-11,2.7505e-11,1.1966e-11
1.5143e-11,2.0766e-11,1.7693e-11
1.1844e-11,1.0323e-11,5.1237e-12
9.8648e-12,1.3838e-11,9.2787e-12
1.0768e-11,1.3267e-11,1.0791e-11
1.8492e-11,2.2107e-11,9.8858e-12
1.0222e-11,1.3641e-11,9.4013e-12
1.6255e-11,2.2723e-11,2.1195e-11
1.5593e-11,1.7086e-11,6.6294e-12
1.2504e-11,1.1664e-11,4.6328e-12
1.9406e-11,3.6078e-11,3.3332e-11
3.8744e-11,6.6097e-11,2.6618e-11
1.0689e-11,1.5333e-11,7.1571e-12
3.8679e-11,6.7261e-11,2.5287e-11
1.1405e-11,9.9005e-12,7.8975e-12
1.0207e-11,1.3366e-11,1.004e-11
1.167e-11,1.0369e-11,5.2096e-12
9.3955e-12,1.2506e-11,8.3082e-12
4.5903e-11,2.4184e-11,3.4231e-11
3.7479e-11,2.2875e-11,2.9107e-11
4.7486e-11,2.8092e-11,3.6219e-11
3.3187e-11,2.1804e-11,2.4924e-11
3.286e-11,2.2979e-11,2.7737e-11
3.0035e-11,2.1642e-11,2.0113e-11
2.4401e-11,1.7041e-11,1.6821e-11
2.7111e-11,1.9626e-11,1.6943e-11
4.913e-11,4.095e-11,3.2531e-11
2.4849e-11,2.2754e-11,2.6088e-11
1.6427e-11,1.3039e-11,1.1832e-11
1.7051e-11,1.7698e-11,1.5251e-11
1.4154e-11,1.5629e-11,1.2132e-11
1.3063e-11,1.4879e-11,1.1634e-11
1.4512e-11,1.6989e-11,1.2099e-11
1.3711e-11,1.6125e-11,1.131e-11
3.6446e-11,4.4914e-11,2.5136e-11
1.505e-11,1.3526e-11,8.0888e-12
2.7284e-11,3.7107e-11,1.7548e-11
1.2466e-11,1.1226e-11,5.6466e-12
2.2126e-11,2.6235e-11,1.1519e-11
9.9185e-12,1.3893e-11,9.1359e-12
1.4888e-11,1.8961e-11,1.5533e-11
1.1635e-11,1.0403e-11,5.4908e-12
2.0118e-11,3.555e-11,3.1902e-11
2.054e-11,2.5273e-11,1.1965e-11
9.9244e-12,1.4008e-11,1.0258e-11
1.0303e-11,1.0696e-11,5.9572e-12
1.0011e-11,1.4644e-11,8.3128e-12
1.3476e-11,2.0596e-11,1.8389e-11
1.6299e-11,2.7571e-11,2.3898e-11
5.0353e-11,2.5389e-11,3.9051e-11
3.8151e-11,2.4633e-11,3.1301e-11
3.2663e-11,2.3106e-11,2.4248e-11
3.1819e-11,2.1526e-11,2.3912e-11
3.1373e-11,2.191e-11,2.2276e-11
3.3946e-11,2.2738e-11,2.4213e-11
2.6509e-11,1.8574e-11,1.9614e-11
2.6614e-11,1.9477e-11,1.7766e-11
2.6718e-11,2.4198e-11,2.3022e-11
3.5856e-11,2.64e-11,2.2123e-11
5.4146e-11,4.3666e-11,3.5941e-11
3.2895e-11,2.4058e-11,1.882e-11
1.8786e-11,1.2543e-11,1.1649e-11
2.4549e-11,2.5356e-11,2.6122e-11
2.8049e-11,2.1975e-11,1.5717e-11
1.7155e-11,1.3373e-11,1.1234e-11
2.3211e-11,1.9335e-11,1.2635e-11
2.1497e-11,1.8713e-11,1.189e-11
1.57e-11,1.7206e-11,1.4418e-11
1.2228e-11,1.5213e-11,1.0821e-11
1.4682e-11,1.3077e-11,7.8169e-12
1.532e-11,1.7201e-11,1.296e-11
1.4244e-11,1.5213e-11,4.8553e-12
1.9044e-11,2.683e-11,2.1517e-11
1.2166e-11,1.0829e-11,6.8497e-12
1.1755e-11,1.0369e-11,4.799e-12
1.1816e-11,1.579e-11,1.6066e-11
1.6525e-11,1.7026e-11,6.5156e-12
2.002e-11,3.2246e-11,3.0165e-11
3.6806e-11,5.8632e-11,2.2769e-11
1.1568e-11,1.0846e-11,5.3514e-12
9.9838e-12,1.326e-11,1.0717e-11
1.9845e-11,3.6552e-11,3.2645e-11
1.0008e-11,1.2768e-11,7.5757e-12
1.8613e-11,1.9083e-11,9.7666e-12
1.5887e-11,1.4894e-11,5.4453e-12
1.2277e-11,1.0974e-11,3.9225e-12
9.3296e-12,1.2899e-11,7.7623e-12
1.2889e-11,1.7343e-11,1.4739e-11
1.1368e-11,1.3231e-11,7.7332e-12
1.0585e-11,1.541e-11,1.2256e-11
1.9343e-11,3.2739e-11,2.9577e-11
8.8247e-12,1.2225e-11,8.22e-12
1.8608e-11,3.0721e-11,2.7858e-11
5.1059e-11,2.5481e-11,3.8558e-11
4.1664e-11,2.4538e-11,3.2398e-11
4.4356e-11,2.7776e-11,3.4097e-11
4.3131e-11,2.6393e-11,3.0298e-11
3.5232e-11,2.2952e-11,2.4238e-11
2.8011e-11,2.382e-11,2.3827e-11
3.5977e-11,2.4312e-11,2.415e-11
2.1084e-11,1.4055e-11,1.386e-11
5.2371e-11,4.2792e-11,3.5132e-11
2.3793e-11,1.9188e-11,1.8686e-11
3.9044e-11,3.0005e-11,2.4234e-11
2.2154e-11,1.6282e-11,1.3391e-11
1.813e-11,1.6108e-11,1.5917e-11
2.6316e-11,2.5359e-11,2.849e-11
3.3127e-11,2.5929e-11,2.1081e-11
1.8678e-11,1.3257e-11,1.1142e-11
2.3781e-11,2.5915e-11,2.5868e-11
1.9053e-11,1.5866e-11,9.5523e-12
2.1863e-11,2.519e-11,2.5014e-11
1.9049e-11,1.5974e-11,9.5841e-12
1.4311e-11,1.4603e-11,1.2042e-11
1.817e-11,2.0464e-11,1.8942e-11
2.0462e-11,2.3926e-11,2.2338e-11
1.4062e-11,1.539e-11,1.1174e-11
1.5167e-11,1.8368e-11,1.5408e-11
2.1963e-11,2.7532e-11,2.5668e-11
1.9776e-11,2.903e-11,2.5909e-11
9.9561e-12,1.3043e-11,7.9333e-12
1.2833e-11,1.0933e-11,5.6962e-12
1.1226e-11,1.3917e-11,1.0543e-11
1.6714e-11,1.7161e-11,5.9942e-12
9.4805e-12,1.2074e-11,7.464e-12
1.3399e-11,1.4059e-11,2.9522e-12
1.5106e-11,1.4079e-11,4.9018e-12
1.1318e-11,1.0541e-11,6.6977e-12
1.2228e-11,1.7877e-11,1.3364e-11
4.8867e-11,3.2011e-11,3.8886e-11
4.2238e-11,2.5516e-11,3.1902e-11
3.8637e-11,2.332e-11,2.9101e-11
3.8891e-11,2.5787e-11,3.0739e-11
3.4665e-11,2.1798e-11,2.6567e-11
3.7026e-11,2.5035e-11,2.6458e-11
2.4844e-11,1.7509e-11,1.7464e-11
3.7004e-11,2.549e-11,3.1166e-11
2.2687e-11,1.6312e-11,1.6566e-11
2.8309e-11,1.9796e-11,1.9235e-11
3.9134e-11,2.669e-11,2.5874e-11
2.0129e-11,1.8245e-11,1.7077e-11
2.0298e-11,1.867e-11,1.6576e-11
2.2383e-11,2.223e-11,2.179e-11
2.3516e-11,1.7735e-11,1.6071e-11
1.8184e-11,1.4262e-11,1.0409e-11
2.1152e-11,2.1941e-11,2.0477e-11
2.103e-11,2.3069e-11,2.1925e-11
2.9019e-11,2.447e-11,1.6347e-11
1.6268e-11,1.2674e-11,8.0701e-12
1.9779e-11,2.3197e-11,2.1327e-11
1.6626e-11,1.9363e-11,1.6378e-11
2.279e-11,2.1456e-11,1.0794e-11
1.592e-11,1.8624e-11,1.5296e-11
2.5787e-11,2.8772e-11,1.4991e-11
2.0792e-11,2.251e-11,1.0379e-11
1.5736e-11,2.1013e-11,1.7748e-11
4.234e-11,6.4338e-11,2.766e-11
1.4818e-11,1.5925e-11,5.2048e-12
2.9548e-11,4.1703e-11,1.8434e-11
1.4415e-11,1.5767e-11,4.7839e-12
1.1311e-11,1.1738e-11,5.7045e-12
1.0368e-11,1.421e-11,9.6771e-12
9.7828e-12,1.2786e-11,6.7524e-12
2.2363e-11,2.6108e-11,1.0723e-11
1.223e-11,1.6177e-11,1.6278e-11
1.4725e-11,1.4774e-11,1.2985e-11
1.1711e-11,1.4929e-11,1.1344e-11
1.2523e-11,1.1843e-11,5.2682e-12
9.3582e-12,1.2422e-11,7.1934e-12
1.2383e-11,1.1084e-11,3.885e-12
1.8272e-11,1.6869e-11,7.1496e-12
9.6135e-12,1.2923e-11,7.6464e-12
2.0032e-11,3.3558e-11,3.0047e-11
1.0962e-11,1.4508e-11,5.9701e-12
9.8543e-12,1.3616e-11,8.4668e-12
1.256e-11,1.5411e-11,8.4829e-12
5.3663e-11,3.1074e-11,3.7836e-11
3.2942e-11,2.1299e-11,2.5824e-11
3.4324e-11,2.18e-11,2.3117e-11
3.6862e-11,2.9373e-11,2.6565e-11
2.9718e-11,2.0898e-11,2.1653e-11
4.0539e-11,2.7839e-11,2.9386e-11
3.8623e-11,2.6156e-11,2.6181e-11
3.1607e-11,2.2824e-11,2.2299e-11
2.8774e-11,2.0315e-11,1.9199e-11
2.8205e-11,2.8232e-11,3.0077e-11
2.0938e-11,1.5904e-11,1.211e-11
2.4093e-11,2.3229e-11,2.4373e-11
3.4874e-11,2.9138e-11,2.4402e-11
2.4442e-11,2.6529e-11,2.6034e-11
1.6591e-11,1.2845e-11,8.2454e-12
1.4723e-11,1.6827e-11,1.2532e-11
2.7712e-11,2.3902e-11,1.5223e-11
3.67e-11,3.5139e-11,2.114e-11
3.8514e-11,3.8615e-11,2.2529e-11
1.8219e-11,1.5684e-11,9.2931e-12
3.5176e-11,4.1719e-11,2.2232e-11
3.9404e-11,5.251e-11,2.4841e-11
4.2407e-11,6.5623e-11,2.6775e-11
1.3581e-11,1.4175e-11,8.9234e-12
4.0306e-11,6.4384e-11,2.662e-11
1.233e-11,1.7069e-11,1.3672e-11
1.5164e-11,2.0939e-11,1.7293e-11
1.9099e-11,1.7746e-11,7.3972e-12
2.8235e-11,3.7425e-11,1.5345e-11
1.5881e-11,1.4824e-11,6.3558e-12
9.101e-12,1.3106e-11,8.251e-12
4.8599e-11,3.1394e-11,3.815e-11
4.8108e-11,3.0999e-11,3.5836e-11
5.1765e-11,3.1397e-11,3.5964e-11
4.6407e-11,3.0556e-11,3.4237e-11
3.6656e-11,2.4643e-11,2.5738e-11
3.4904e-11,2.3186e-11,2.3958e-11
4.1147e-11,2.8201e-11,3.1316e-11
3.1688e-11,2.4623e-11,2.2015e-11
3.2619e-11,2.2907e-11,2.3851e-11
3.1254e-11,2.4025e-11,2.4851e-11
2.3519e-11,2.0284e-11,1.6746e-11
4.1641e-11,2.9882e-11,2.7116e-11
2.4234e-11,1.6947e-11,1.5285e-11
2.4065e-11,2.0977e-11,1.9223e-11
2.823e-11,2.4342e-11,2.5916e-11
3.9243e-11,2.8756e-11,2.4017e-11
2.3296e-11,2.1131e-11,2.1437e-11
2.669e-11,2.7008e-11,2.6899e-11
3.637e-11,3.7968e-11,2.1004e-11
1.3779e-11,1.6812e-11,1.3398e-11
1.6845e-11,2.054e-11,1.7063e-11
1.3388e-11,1.687e-11,1.3637e-11
1.4725e-11,1.9307e-11,1.6011e-11
2.2193e-11,3.138e-11,2.7735e-11
1.9913e-11,2.2912e-11,8.6656e-12
3.7245e-11,5.5514e-11,2.2218e-11
1.3372e-11,1.114e-11,5.4531e-12
1.9459e-11,2.1631e-11,9.9792e-12
1.5936e-11,1.7348e-11,7.0684e-12
1.2283e-11,1.3314e-11,7.6605e-12
1.0119e-11,1.3575e-11,8.8209e-12
1.0118e-11,1.3809e-11,8.8674e-12
9.5769e-12,1.3015e-11,7.0204e-12
3.0088e-11,3.7886e-11,1.6225e-11
1.2384e-11,1.0807e-11,2.4052e-12
2.7181e-11,3.2243e-11,1.3543e-11
1.0401e-11,1.3312e-11,7.3866e-12
1.9702e-11,3.1043e-11,2.7884e-11
1.4324e-11,2.0913e-11,1.845e-11
1.9791e-11,3.1624e-11,2.8676e-11
4.3324e-11,2.6045e-11,3.3274e-11
4.5442e-11,3.2469e-11,3.4798e-11
5.1263e-11,3.0108e-11,3.5956e-11
3.3555e-11,2.3663e-11,2.425e-11
3.2774e-11,2.2562e-11,2.3142e-11
3.6172e-11,2.9528e-11,2.6043e-11
4.0748e-11,2.9658e-11,2.7033e-11
2.1648e-11,1.7347e-11,1.5843e-11
2.0738e-11,1.7171e-11,1.5682e-11
4.4151e-11,3.2844e-11,2.5914e-11
2.6322e-11,2.0228e-11,1.908e-11
2.954e-11,2.2254e-11,1.7074e-11
2.5971e-11,2.0295e-11,1.3915e-11
2.5682e-11,2.8163e-11,2.7456e-11
2.4885e-11,2.8749e-11,2.6712e-11
2.0827e-11,1.8325e-11,1.0134e-11
1.3935e-11,1.5276e-11,1.1449e-11
3.3826e-11,3.6256e-11,1.8477e-11
2.5045e-11,2.6749e-11,1.2559e-11
1.4051e-11,1.2261e-11,5.6604e-12
1.2222e-11,1.4887e-11,1.0335e-11
1.3904e-11,1.8404e-11,1.3845e-11
1.2538e-11,1.5261e-11,1.0933e-11
1.8912e-11,3.0093e-11,2.708e-11
9.3772e-12,1.3887e-11,7.8684e-12
1.2971e-11,1.8659e-11,1.5697e-11
2.0586e-11,3.1394e-11,2.8599e-11
1.9783e-11,3.0131e-11,2.7377e-11
4.62e-11,2.8888e-11,3.6783e-11
4.9713e-11,3.0804e-11,3.6744e-11
4.3104e-11,3.0458e-11,3.4135e-11
4.7217e-11,2.991e-11,3.4768e-11
4.5827e-11,3.0247e-11,3.2419e-11
4.0118e-11,2.7978e-11,3.3139e-11
3.8407e-11,2.7697e-11,2.9489e-11
3.7523e-11,2.6079e-11,3.142e-11
2.9491e-11,2.3087e-11,2.2132e-11
2.5243e-11,1.8282e-11,1.5375e-11
1.9841e-11,1.739e-11,1.7743e-11
2.282e-11,1.6228e-11,1.281e-11
2.8179e-11,2.8464e-11,2.9293e-11
2.2732e-11,2.1246e-11,1.7984e-11
4.5029e-11,3.5763e-11,2.7635e-11
2.7303e-11,2.0955e-11,1.5695e-11
2.7055e-11,2.8084e-11,2.6376e-11
3.3766e-11,2.8336e-11,1.8776e-11
1.6812e-11,1.2707e-11,9.6136e-12
1.6482e-11,1.9011e-11,1.4146e-11
1.6792e-11,1.3209e-11,1.0289e-11
1.7512e-11,1.3326e-11,8.9938e-12
1.5449e-11,1.8028e-11,1.3891e-11
1.9388e-11,1.9206e-11,1.032e-11
1.7333e-11,2.0129e-11,8.2553e-12
2.8728e-11,3.5761e-11,1.6932e-11
1.3946e-11,1.7433e-11,1.2047e-11
1.1096e-11,1.4681e-11,9.8466e-12
1.2999e-11,1.1277e-11,2.7927e-12
1.1199e-11,1.3167e-11,7.5172e-12
4.868e-11,2.7291e-11,3.5522e-11
4.2443e-11,2.8526e-11,3.0407e-11
4.1116e-11,2.9341e-11,3.0955e-11
3.6012e-11,2.6473e-11,2.4735e-11
2.7773e-11,2.2084e-11,2.0889e-11
2.3753e-11,1.9386e-11,1.6722e-11
4.0416e-11,2.8521e-11,2.4668e-11
2.9392e-11,2.0595e-11,1.7657e-11
3.0702e-11,2.6955e-11,2.872e-11
2.1227e-11,1.6206e-11,1.2267e-11
2.1621e-11,1.5337e-11,1.2142e-11
4.3178e-11,3.4026e-11,2.6082e-11
1.8296e-11,1.4912e-11,1.1947e-11
1.734e-11,1.2735e-11,9.4334e-12
1.6702e-11,1.5891e-11,1.1726e-11
1.7206e-11,1.3057e-11,7.9525e-12
2.6547e-11,2.6064e-11,1.3071e-11
2.0843e-11,2.0726e-11,1.1368e-11
1.4171e-11,1.7406e-11,1.122e-11
1.5663e-11,1.4894e-11,6.312e-12
2.8989e-11,3.4317e-11,1.5212e-11
1.4962e-11,1.4411e-11,8.1485e-12
1.5456e-11,2.0217e-11,1.6118e-11
1.7058e-11,2.0014e-11,8.9102e-12
1.2367e-11,1.2963e-11,7.2213e-12
1.1763e-11,1.3811e-11,5.4484e-12
1.7498e-11,1.7836e-11,6.534e-12
1.0518e-11,1.4556e-11,7.6597e-12
1.8138e-11,1.8093e-11,7.0998e-12
1.2183e-11,1.5392e-11,9.6819e-12
1.2497e-11,1.5905e-11,1.077e-11
1.9948e-11,1.9027e-11,7.2976e-12
1.4102e-11,1.1979e-11,6.8857e-12
2.1601e-11,2.1431e-11,9.394e-12
5.0783e-11,2.949e-11,3.7212e-11
4.2809e-11,2.8197e-11,3.273e-11
4.0646e-11,2.9664e-11,2.8193e-11
4.5212e-11,3.1588e-11,3.1598e-11
4.5951e-11,3.2852e-11,3.2711e-11
2.9116e-11,2.268e-11,2.3037e-11
2.8156e-11,1.9578e-11,1.9846e-11
2.9253e-11,2.039e-11,1.9066e-11
3.7766e-11,2.7627e-11,2.8815e-11
3.8582e-11,2.7175e-11,2.4203e-11
3.9511e-11,2.8236e-11,2.418e-11
4.6867e-11,3.3594e-11,2.7879e-11
3.241e-11,2.6483e-11,2.8961e-11
3.2534e-11,2.4319e-11,1.9534e-11
2.9313e-11,3.073e-11,3.1714e-11
3.3888e-11,2.9691e-11,1.8292e-11
2.118e-11,1.7056e-11,1.0194e-11
2.0072e-11,2.1434e-11,1.74e-11
1.6286e-11,1.3457e-11,1.2258e-11
1.5665e-11,1.5914e-11,1.2328e-11
1.4109e-11,1.6763e-11,1.175e-11
3.4887e-11,4.0388e-11,1.8277e-11
2.3748e-11,2.5764e-11,1.0702e-11
2.2753e-11,3.2239e-11,2.8579e-11
2.4612e-11,3.5003e-11,3.1368e-11
1.5878e-11,1.7035e-11,4.456e-12
1.485e-11,1.9632e-11,1.6483e-11
1.5325e-11,1.5966e-11,7.4921e-12
1.1868e-11,1.452e-11,8.3402e-12
4.3115e-11,2.9241e-11,3.3067e-11
4.8173e-11,3.2195e-11,3.6354e-11
3.3829e-11,2.2919e-11,2.3519e-11
4.1467e-11,3.0421e-11,3.0725e-11
3.9986e-11,2.8121e-11,2.5491e-11
2.8635e-11,2.0944e-11,1.8022e-11
2.6759e-11,1.9808e-11,1.4711e-11
3.7162e-11,2.8661e-11,2.2441e-11
2.5222e-11,1.883e-11,1.356e-11
2.1265e-11,1.6466e-11,1.2887e-11
2.5452e-11,2.017e-11,1.3956e-11
1.819e-11,1.7727e-11,1.4063e-11
1.8022e-11,1.8249e-11,1.4849e-11
3.5752e-11,3.1194e-11,1.9055e-11
2.7779e-11,3.1607e-11,2.9688e-11
2.0473e-11,2.2496e-11,1.82e-11
1.6604e-11,1.3332e-11,1.1085e-11
2.1405e-11,1.9225e-11,9.6691e-12
2.4059e-11,3.0061e-11,2.699e-11
3.5256e-11,3.9438e-11,1.8568e-11
2.4795e-11,2.6607e-11,1.1713e-11
2.0884e-11,2.1376e-11,9.3186e-12
1.5881e-11,1.6441e-11,5.2307e-12
2.872e-11,3.3478e-11,1.4333e-11
1.2324e-11,1.627e-11,1.0221e-11
1.8884e-11,1.9158e-11,6.3718e-12
1.7193e-11,2.4562e-11,1.9232e-11
3.3272e-11,3.8066e-11,1.6189e-11
1.3662e-11,1.1542e-11,5.4411e-12
2.0457e-11,2.7988e-11,2.3056e-11
1.8477e-11,2.4991e-11,2.0454e-11
1.485e-11,1.764e-11,1.1573e-11
1.3525e-11,1.6798e-11,9.7536e-12
2.1894e-11,2.0358e-11,8.0292e-12
1.3992e-11,1.2382e-11,3.025e-12
1.2217e-11,1.3959e-11,5.7345e-12
4.9702e-11,2.9665e-11,3.707e-11
5.1926e-11,3.5039e-11,3.7574e-11
4.5084e-11,3.1822e-11,3.2498e-11
4.0081e-11,2.8432e-11,2.7367e-11
3.865e-11,2.7873e-11,2.8989e-11
3.9251e-11,2.903e-11,2.671e-11
2.61e-11,1.8391e-11,1.4242e-11
4.9427e-11,3.6748e-11,2.7947e-11
2.5809e-11,2.1284e-11,1.9275e-11
2.3309e-11,2.3598e-11,1.8925e-11
3.5315e-11,2.8978e-11,1.9413e-11
1.9552e-11,1.5919e-11,1.2683e-11
2.6228e-11,2.1044e-11,1.3933e-11
3.3782e-11,2.8883e-11,1.7976e-11
1.635e-11,1.6062e-11,1.2581e-11
3.057e-11,3.0655e-11,1.5817e-11
2.0561e-11,2.4478e-11,7.6276e-12
1.7273e-11,2.0671e-11,7.0593e-12
1.452e-11,1.2705e-11,4.3626e-12
2.422e-11,3.5519e-11,3.1184e-11
2.6411e-11,2.8874e-11,1.1562e-11
1.2256e-11,1.604e-11,1.0264e-11
3.3745e-11,3.822e-11,1.6134e-11
1.5095e-11,2.1819e-11,1.7054e-11
1.149e-11,1.567e-11,8.0771e-12
2.0961e-11,2.7968e-11,2.2147e-11
1.0971e-11,1.3901e-11,9.5875e-12
1.4988e-11,1.4259e-11,6.1214e-12
5.1659e-11,3.4995e-11,3.6725e-11
3.5823e-11,2.7239e-11,2.5757e-11
4.8205e-11,3.4555e-11,3.3601e-11
4.3844e-11,3.1424e-11,3.4148e-11
3.9608e-11,3.0546e-11,3.4919e-11
3.611e-11,2.6462e-11,2.3678e-11
4.2682e-11,3.0616e-11,2.5598e-11
3.017e-11,2.4243e-11,2.2959e-11
4.7675e-11,3.548e-11,2.7666e-11
2.2021e-11,2.049e-11,1.8298e-11
2.3685e-11,1.6287e-11,1.1244e-11
3.0399e-11,3.2592e-11,3.1978e-11
1.8426e-11,2.0346e-11,1.4843e-11
3.9098e-11,3.3824e-11,2.0993e-11
2.1663e-11,1.8013e-11,1.0155e-11
2.1826e-11,1.8834e-11,1.0111e-11
1.778e-11,1.968e-11,1.4483e-11
1.7131e-11,1.3207e-11,7.5589e-12
1.4701e-11,1.3138e-11,4.9179e-12
1.5173e-11,1.4123e-11,4.2739e-12
1.6967e-11,1.8072e-11,3.9198e-12
2.8752e-11,2.8987e-11,1.271e-11
1.43e-11,1.1826e-11,5.0866e-12
1.7862e-11,1.8355e-11,6.2707e-12
1.3101e-11,1.7667e-11,1.1667e-11
1.5911e-11,1.4773e-11,5.0033e-12
4.3753e-11,2.9137e-11,3.0774e-11
3.9143e-11,3.3176e-11,3.1063e-11
4.0346e-11,3.1896e-11,3.0947e-11
3.7323e-11,2.7299e-11,2.7339e-11
2.9301e-11,2.0721e-11,1.7158e-11
1.9588e-11,1.4381e-11,1.0174e-11
2.4676e-11,2.4472e-11,2.206e-11
2.8979e-11,2.5517e-11,1.4325e-11
2.1532e-11,1.6406e-11,9.9564e-12
1.8373e-11,1.4618e-11,9.9823e-12
1.5697e-11,1.8115e-11,1.2523e-11
2.6026e-11,2.784e-11,1.3204e-11
2.3283e-11,2.4335e-11,1.0447e-11
1.5697e-11,1.8124e-11,1.2989e-11
3.7813e-11,4.076e-11,1.9461e-11
1.8195e-11,1.7131e-11,7.3371e-12
2.3612e-11,3.0821e-11,2.5261e-11
1.4204e-11,1.8046e-11,1.2657e-11
1.4791e-11,1.7948e-11,1.2617e-11
1.582e-11,2.0958e-11,1.638e-11
1.4127e-11,1.2183e-11,4.2747e-12
1.5642e-11,1.4422e-11,4.4634e-12
1.4895e-11,1.852e-11,1.2538e-11
1.5331e-11,1.8531e-11,1.264e-11
5.1488e-11,3.4568e-11,3.4974e-11
4.6868e-11,3.4698e-11,3.3806e-11
3.2729e-11,2.6093e-11,2.4016e-11
3.1141e-11,2.2756e-11,1.9397e-11
4.778e-11,3.4e-11,3.0265e-11
4.4733e-11,3.3142e-11,3.3224e-11
3.8974e-11,2.8542e-11,2.188e-11
3.6578e-11,2.6973e-11,2.2734e-11
3.4996e-11,2.9864e-11,3.0953e-11
2.6649e-11,2.0951e-11,1.5465e-11
3.4489e-11,3.3097e-11,3.36e-11
3.0238e-11,2.2738e-11,1.6663e-11
4.6794e-11,3.6406e-11,2.5258e-11
3.833e-11,3.0914e-11,2.1811e-11
3.66e-11,3.1049e-11,1.9921e-11
1.5716e-11,1.6493e-11,1.0959e-11
2.7605e-11,3.4314e-11,2.9711e-11
1.6835e-11,1.3977e-11,7.7768e-12
2.0734e-11,2.4192e-11,1.8612e-11
1.5719e-11,1.4267e-11,7.2733e-12
2.1359e-11,2.7049e-11,2.1122e-11
3.6298e-11,4.2995e-11,1.8407e-11
2.3342e-11,2.7411e-11,1.0736e-11
2.031e-11,2.4497e-11,2.0781e-11
2.2133e-11,2.6267e-11,9.1505e-12
1.4525e-11,1.8333e-11,1.2454e-11
2.0338e-11,2.6506e-11,2.0407e-11
2.3176e-11,3.1706e-11,2.6577e-11
1.6427e-11,2.0702e-11,1.4377e-11
1.5114e-11,1.8382e-11,1.2758e-11
2.3528e-11,2.7213e-11,9.2135e-12
1.201e-11,1.4392e-11,7.7263e-12
1.8521e-11,1.9734e-11,4.3661e-12
2.3039e-11,3.4608e-11,3.0466e-11
2.4501e-11,3.5886e-11,3.3336e-11
1.9479e-11,2.8371e-11,2.4678e-11
2.0689e-11,3.1643e-11,2.8523e-11
4.814e-11,3.3286e-11,3.5654e-11
5.0103e-11,3.6238e-11,3.5014e-11
3.4771e-11,2.5728e-11,2.4335e-11
3.7759e-11,2.9619e-11,2.3054e-11
4.9724e-11,3.4901e-11,3.1243e-11
4.8239e-11,3.4537e-11,3.1625e-11
3.9082e-11,3.1243e-11,2.998e-11
4.9709e-11,3.4794e-11,2.8692e-11
2.7827e-11,2.2908e-11,1.9603e-11
2.8834e-11,1.9532e-11,1.4686e-11
2.9976e-11,2.2598e-11,1.6073e-11
2.9214e-11,3.3349e-11,3.0418e-11
4.811e-11,4.1023e-11,2.6348e-11
2.4285e-11,1.952e-11,1.1327e-11
3.2195e-11,3.184e-11,1.8369e-11
2.0607e-11,2.2914e-11,1.7341e-11
2.5623e-11,3.1723e-11,2.7977e-11
3.5345e-11,3.6941e-11,1.8398e-11
4.254e-11,4.3683e-11,2.0973e-11
1.6718e-11,1.4765e-11,8.7174e-12
1.639e-11,1.9864e-11,1.3627e-11
2.2137e-11,2.6618e-11,8.0895e-12
2.5424e-11,3.0235e-11,1.0209e-11
1.2989e-11,1.4383e-11,7.164e-12
1.6691e-11,1.3799e-11,4.9305e-12
1.4161e-11,1.6351e-11,8.7523e-12
1.5289e-11,1.9358e-11,1.3483e-11
1.3422e-11,1.4103e-11,5.921e-12
1.2677e-11,1.6342e-11,1.0205e-11
1.2176e-11,1.4802e-11,7.6565e-12
1.2732e-11,1.5672e-11,1.1018e-11
1.5108e-11,1.304e-11,4.3724e-12
2.0777e-11,2.7881e-11,2.1247e-11
2.4488e-11,2.5988e-11,6.8068e-12
1.3933e-11,1.7064e-11,6.1797e-12
2.5178e-11,3.7001e-11,3.4129e-11
1.8443e-11,2.3774e-11,1.7848e-11
2.3096e-11,3.4773e-11,3.1562e-11
4.7291e-11,3.1253e-11,3.3476e-11
4.59e-11,3.403e-11,3.3988e-11
4.3955e-11,2.9823e-11,3.0694e-11
4.45e-11,3.0303e-11,3.146e-11
4.2809e-11,3.0675e-11,2.688e-11
4.0977e-11,3.2254e-11,3.3656e-11
2.7484e-11,2.3985e-11,2.172e-11
3.3559e-11,2.7633e-11,2.4975e-11
3.575e-11,2.8009e-11,2.7319e-11
2.6158e-11,2.2061e-11,2.0297e-11
3.8758e-11,3.186e-11,3.4503e-11
3.3898e-11,2.924e-11,3.0374e-11
2.3601e-11,2.2008e-11,1.8923e-11
3.851e-11,3.0371e-11,2.1461e-11
2.4483e-11,1.7908e-11,1.3822e-11
2.4039e-11,1.668e-11,1.1356e-11
4.0085e-11,3.5401e-11,2.1495e-11
2.8805e-11,3.1966e-11,2.8961e-11
2.0237e-11,1.8464e-11,1.2882e-11
1.8788e-11,1.8558e-11,1.3402e-11
3.9381e-11,3.8181e-11,1.9946e-11
1.9238e-11,1.5091e-11,8.8553e-12
1.8668e-11,1.5586e-11,8.53e-12
1.9923e-11,2.0332e-11,7.7165e-12
1.7268e-11,1.5491e-11,1.1093e-11
2.6308e-11,3.1727e-11,1.1379e-11
2.0993e-11,2.3554e-11,1.9277e-11
1.3504e-11,1.5762e-11,8.7855e-12
1.2552e-11,1.5321e-11,8.1296e-12
1.2888e-11,1.5848e-11,8.1531e-12
3.7444e-11,3.8808e-11,1.6405e-11
2.6844e-11,2.7248e-11,1.0355e-11
1.7085e-11,1.7048e-11,4.028e-12
1.4501e-11,1.6998e-11,1.0635e-11
2.0259e-11,2.0922e-11,4.783e-12
1.2819e-11,1.5779e-11,7.4165e-12
1.3363e-11,1.7183e-11,1.096e-11
1.4114e-11,1.4144e-11,7.5331e-12
3.7773e-11,2.9016e-11,2.7141e-11
3.9032e-11,3.0586e-11,2.9943e-11
5.1417e-11,3.6437e-11,3.012e-11
3.6033e-11,2.6966e-11,1.9757e-11
3.0039e-11,2.2229e-11,1.6578e-11
3.951e-11,2.9156e-11,2.1218e-11
2.2619e-11,2.2729e-11,1.6564e-11
5.2234e-11,5.0928e-11,2.7623e-11
1.8889e-11,1.5855e-11,1.0224e-11
3.9488e-11,4.08e-11,1.9944e-11
2.0127e-11,1.6918e-11,8.1771e-12
2.9424e-11,3.7318e-11,3.0725e-11
1.8682e-11,1.4559e-11,7.0353e-12
4.424e-11,5.1033e-11,2.3027e-11
1.6994e-11,1.9792e-11,1.3128e-11
1.9403e-11,2.0862e-11,6.298e-12
2.5265e-11,3.398e-11,2.6957e-11
3.0549e-11,3.5243e-11,1.4539e-11
2.3397e-11,3.1939e-11,2.5087e-11
1.3211e-11,1.5875e-11,9.561e-12
2.7529e-11,2.9401e-11,9.873e-12
1.7274e-11,1.6694e-11,4.7754e-12
2.1634e-11,2.296e-11,4.1606e-12
1.8624e-11,1.812e-11,5.5891e-12
1.6158e-11,1.3813e-11,4.7273e-12
4.2032e-11,3.053e-11,2.9483e-11
4.9304e-11,3.6974e-11,3.1802e-11
4.004e-11,3.2072e-11,3.0852e-11
4.0366e-11,2.8949e-11,2.4619e-11
3.7555e-11,3.0467e-11,3.0715e-11
4.7011e-11,3.608e-11,2.979e-11
3.9959e-11,3.0856e-11,2.8422e-11
3.4695e-11,2.4473e-11,1.8875e-11
2.4661e-11,2.1253e-11,1.6978e-11
2.6491e-11,2.5251e-11,2.2278e-11
3.1287e-11,3.1454e-11,2.8711e-11
5.083e-11,4.3793e-11,2.7362e-11
3.8477e-11,3.4677e-11,2.0101e-11
2.1554e-11,1.6213e-11,1.0883e-11
2.4968e-11,2.0151e-11,1.1056e-11
5.0404e-11,4.6172e-11,2.7281e-11
2.7591e-11,2.5186e-11,1.3569e-11
3.0296e-11,3.6927e-11,3.1401e-11
5.235e-11,5.3683e-11,2.8373e-11
1.8512e-11,1.7548e-11,1.1839e-11
2.8316e-11,3.2321e-11,1.3185e-11
2.6047e-11,3.3114e-11,2.6942e-11
3.364e-11,3.9232e-11,1.5603e-11
3.2166e-11,3.7137e-11,1.3643e-11
1.3608e-11,1.6174e-11,8.7959e-12
1.4536e-11,1.7239e-11,1.0856e-11
1.4475e-11,1.6486e-11,8.1473e-12
1.3935e-11,1.5712e-11,8.0247e-12
1.5205e-11,1.9246e-11,1.1446e-11
1.5696e-11,1.3339e-11,5.0179e-12
1.3997e-11,1.7053e-11,9.8442e-12
1.3779e-11,1.6737e-11,7.7619e-12
1.461e-11,1.6641e-11,9.0704e-12
1.6519e-11,1.9623e-11,1.4438e-11
4.527e-11,3.1529e-11,3.1394e-11
4.4636e-11,3.1982e-11,2.5713e-11
3.2843e-11,2.9169e-11,2.6152e-11
3.887e-11,3.0689e-11,2.816e-11
3.7187e-11,3.0148e-11,2.7482e-11
3.5175e-11,2.906e-11,2.6599e-11
4.8535e-11,3.7612e-11,2.6493e-11
3.1209e-11,3.1734e-11,2.7122e-11
2.5175e-11,2.4279e-11,1.9229e-11
5.3076e-11,4.8836e-11,2.772e-11
2.4247e-11,2.1182e-11,1.0729e-11
5.5473e-11,5.4061e-11,2.9977e-11
1.9779e-11,1.7613e-11,6.873e-12
1.5602e-11,1.8187e-11,1.137e-11
2.3604e-11,2.7094e-11,1.052e-11
4.2621e-11,4.812e-11,1.9664e-11
1.5103e-11,1.8477e-11,1.1523e-11
2.267e-11,2.4518e-11,1.9346e-11
1.5323e-11,1.6298e-11,7.8735e-12
2.1793e-11,2.4221e-11,1.8716e-11
1.3525e-11,1.6596e-11,8.2822e-12
1.4312e-11,1.6502e-11,8.1751e-12
2.3523e-11,3.2075e-11,2.5899e-11
1.6552e-11,1.4126e-11,4.6927e-12
2.0392e-11,2.6812e-11,2.1868e-11
2.0259e-11,2.0637e-11,4.1796e-12
1.3961e-11,1.7095e-11,8.1314e-12
4.032e-11,2.9215e-11,2.7417e-11
3.3269e-11,2.532e-11,2.3272e-11
3.2748e-11,2.7727e-11,2.4805e-11
5.0232e-11,3.8968e-11,2.8588e-11
3.4049e-11,2.8498e-11,2.6952e-11
4.7622e-11,3.5833e-11,2.651e-11
3.5878e-11,2.5185e-11,1.8308e-11
4.3425e-11,3.5118e-11,2.3251e-11
3.581e-11,3.4027e-11,3.1132e-11
1.9849e-11,1.6933e-11,7.0072e-12
4.8762e-11,5.4337e-11,2.3742e-11
1.8035e-11,1.4711e-11,8.6043e-12
1.7084e-11,2.0202e-11,1.6621e-11
1.7858e-11,1.5485e-11,6.5925e-12
2.6553e-11,3.2442e-11,8.451e-12
2.4496e-11,3.3442e-11,2.5645e-11
2.3765e-11,2.6619e-11,7.9888e-12
1.9825e-11,1.9563e-11,5.3101e-12
3.9196e-11,4.2587e-11,1.5452e-11
2.8114e-11,3.921e-11,3.3661e-11
1.9764e-11,2.2902e-11,1.6291e-11
4.4711e-11,3.2124e-11,2.8905e-11
3.9217e-11,2.8653e-11,2.5625e-11
3.4632e-11,2.8062e-11,2.3537e-11
3.2027e-11,2.5039e-11,1.8449e-11
2.9083e-11,2.5833e-11,2.322e-11
3.8188e-11,3.564e-11,3.3093e-11
4.2164e-11,3.9619e-11,2.1778e-11
2.0908e-11,2.2719e-11,1.5235e-11
3.5296e-11,4.1332e-11,1.6617e-11
2.492e-11,2.8842e-11,9.932e-12
1.8749e-11,2.211e-11,1.4679e-11
1.9971e-11,1.7379e-11,7.7063e-12
1.9014e-11,1.5402e-11,7.7161e-12
1.6305e-11,1.7921e-11,1.185e-11
1.4641e-11,1.7604e-11,1.0221e-11
4.0262e-11,4.3551e-11,1.7727e-11
1.4693e-11,1.8799e-11,1.1797e-11
1.7434e-11,2.1878e-11,1.4214e-11
1.9736e-11,2.2393e-11,1.5521e-11
2.2135e-11,2.4523e-11,4.007e-12
1.4641e-11,1.6945e-11,9.9086e-12
4.9453e-11,3.7312e-11,2.763e-11
3.7432e-11,2.5991e-11,2.2047e-11
4.4291e-11,3.3425e-11,2.4515e-11
3.478e-11,2.5213e-11,1.9161e-11
4.279e-11,3.1569e-11,2.366e-11
4.1068e-11,3.4411e-11,3.1809e-11
3.7246e-11,3.5455e-11,3.2435e-11
2.6711e-11,2.0318e-11,1.4245e-11
2.5594e-11,2.4358e-11,1.8699e-11
2.4281e-11,2.2866e-11,1.8242e-11
5.4773e-11,4.8546e-11,2.9348e-11
3.4079e-11,3.2084e-11,1.8288e-11
2.9571e-11,3.2218e-11,2.5244e-11
3.3039e-11,3.6948e-11,3.082e-11
1.913e-11,2.0425e-11,1.4076e-11
1.9493e-11,2.098e-11,1.4328e-11
2.6424e-11,3.0632e-11,1.0814e-11
1.8716e-11,1.9604e-11,1.2833e-11
2.0682e-11,1.8062e-11,7.1567e-12
2.471e-11,2.9428e-11,9.0058e-12
3.2008e-11,3.9485e-11,1.3116e-11
4.2535e-11,4.9354e-11,1.8058e-11
3.1741e-11,3.8482e-11,1.213e-11
1.6719e-11,2.0323e-11,1.6093e-11
1.526e-11,1.9076e-11,1.1088e-11
2.7416e-11,3.6531e-11,2.9495e-11
3.432e-11,3.7212e-11,1.1371e-11
2.8704e-11,3.8237e-11,3.3132e-11
2.5405e-11,3.4581e-11,2.82e-11
2.1086e-11,2.3028e-11,1.5623e-11
3.6565e-11,2.8061e-11,2.6177e-11
3.6538e-11,3.175e-11,2.8377e-11
3.3477e-11,2.4167e-11,1.7201e-11
3.0311e-11,2.3547e-11,1.4302e-11
2.3923e-11,2.3338e-11,1.8655e-11
5.1482e-11,4.6935e-11,2.7459e-11
5.5581e-11,5.1286e-11,2.8655e-11
4.5753e-11,4.5093e-11,2.3567e-11
2.732e-11,2.8808e-11,2.3212e-11
2.3702e-11,1.8514e-11,1.0159e-11
2.6553e-11,2.8113e-11,2.3659e-11
3.2519e-11,3.7929e-11,3.1425e-11
2.2079e-11,2.4831e-11,1.6772e-11
2.9038e-11,3.6269e-11,1.269e-11
1.9705e-11,2.2646e-11,1.3822e-11
1.7304e-11,2.0991e-11,1.2228e-11
2.3411e-11,2.6019e-11,1.9325e-11
1.5962e-11,1.7178e-11,7.6824e-12
2.8521e-11,3.2542e-11,9.0736e-12
2.8506e-11,3.6948e-11,2.9268e-11
2.5386e-11,2.837e-11,5.3786e-12
2.3063e-11,2.2864e-11,2.863e-12
2.1611e-11,1.9737e-11,2.9889e-12
1.8226e-11,1.5321e-11,4.5347e-12
1.629e-11,1.7352e-11,1.2486e-11
2.1897e-11,2.0671e-11,4.9026e-12
2.0329e-11,2.2413e-11,1.5196e-11
2.0707e-11,2.3685e-11,1.7651e-11
4.3836e-11,3.2125e-11,2.9727e-11
4.1854e-11,3.3783e-11,3.1772e-11
4.6375e-11,3.7415e-11,2.4858e-11
4.671e-11,3.7619e-11,2.4267e-11
4.6273e-11,5.1582e-11,2.2339e-11
4.3233e-11,5.042e-11,2.128e-11
2.7872e-11,3.4386e-11,2.5693e-11
2.4515e-11,2.9182e-11,2.1657e-11
4.6671e-11,5.7136e-11,2.1233e-11
2.074e-11,1.8358e-11,7.3223e-12
2.0837e-11,1.6577e-11,5.1483e-12
2.2697e-11,2.9085e-11,2.1021e-11
1.7501e-11,2.1858e-11,1.3862e-11
2.0822e-11,1.7045e-11,6.0252e-12
2.0687e-11,2.278e-11,1.7507e-11
4.747e-11,3.6043e-11,3.1336e-11
5.0189e-11,3.5805e-11,2.8687e-11
4.9468e-11,3.606e-11,3.0922e-11
4.2662e-11,3.021e-11,2.4746e-11
4.0841e-11,3.2494e-11,3.0617e-11
5.143e-11,3.9291e-11,2.8134e-11
3.0556e-11,2.5304e-11,1.9628e-11
3.7918e-11,3.5953e-11,3.1388e-11
3.9502e-11,3.7259e-11,2.0044e-11
2.6704e-11,2.3771e-11,1.7125e-11
2.4426e-11,2.2248e-11,1.5921e-11
3.7879e-11,3.9743e-11,1.8632e-11
3.7566e-11,4.5344e-11,1.761e-11
3.1036e-11,3.8417e-11,1.3712e-11
2.4864e-11,2.2089e-11,8.5463e-12
2.5341e-11,2.7901e-11,8.9775e-12
2.5227e-11,2.88e-11,2.1387e-11
2.0391e-11,1.8702e-11,7.9886e-12
2.9521e-11,3.8026e-11,2.7606e-11
3.12e-11,3.8122e-11,9.2343e-12
3.0203e-11,3.9273e-11,3.1403e-11
1.7772e-11,2.1975e-11,1.3863e-11
2.1057e-11,2.4504e-11,1.6367e-11
2.5846e-11,3.1398e-11,2.324e-11
1.5996e-11,1.944e-11,6.9543e-12
2.5313e-11,3.2597e-11,2.5068e-11
2.3753e-11,2.7034e-11,2.1433e-11
2.2355e-11,2.5667e-11,1.8551e-11
4.8772e-11,3.5766e-11,2.7849e-11
4.5366e-11,3.3682e-11,2.7714e-11
4.6989e-11,3.632e-11,2.5834e-11
3.9478e-11,3.186e-11,2.8918e-11
3.82e-11,3.1152e-11,2.8635e-11
3.6918e-11,3.0874e-11,2.7772e-11
3.6324e-11,3.2737e-11,2.7213e-11
3.9757e-11,3.6962e-11,3.2284e-11
3.0324e-11,2.5511e-11,1.9126e-11
3.3104e-11,2.8536e-11,2.6035e-11
3.8041e-11,2.9752e-11,1.858e-11
3.1848e-11,2.988e-11,2.4886e-11
2.6531e-11,2.0492e-11,1.4011e-11
2.7139e-11,2.2682e-11,1.1356e-11
3.4481e-11,3.6258e-11,1.6918e-11
3.0578e-11,3.2268e-11,2.6218e-11
2.4851e-11,2.522e-11,8.1205e-12
2.1605e-11,2.5267e-11,1.6052e-11
2.1042e-11,1.9668e-11,1.0287e-11
2.3022e-11,1.9763e-11,7.3597e-12
2.6299e-11,3.1051e-11,9.003e-12
2.3297e-11,2.2419e-11,5.5717e-12
2.0922e-11,1.6513e-11,5.3678e-12
1.8102e-11,2.2467e-11,1.4035e-11
3.9243e-11,4.7403e-11,1.3146e-11
2.6387e-11,3.2309e-11,2.4832e-11
2.9547e-11,3.8018e-11,2.8872e-11
4.0236e-11,3.0928e-11,2.5471e-11
5.1099e-11,4.0156e-11,2.6739e-11
3.5865e-11,2.886e-11,2.6563e-11
3.5804e-11,3.2193e-11,2.7593e-11
3.1015e-11,2.5121e-11,2.271e-11
3.0304e-11,2.5395e-11,1.2973e-11
2.574e-11,2.0107e-11,1.1067e-11
3.596e-11,3.9619e-11,1.6592e-11
2.3598e-11,2.1697e-11,7.8239e-12
2.0653e-11,2.0588e-11,1.1521e-11
2.9152e-11,3.5107e-11,2.5329e-11
3.112e-11,3.6318e-11,2.6736e-11
2.141e-11,2.4665e-11,1.471e-11
2.359e-11,2.0122e-11,6.9379e-12
2.596e-11,2.9796e-11,2.1617e-11
1.9831e-11,2.2666e-11,1.7056e-11
2.7438e-11,3.1032e-11,5.4373e-12
2.5424e-11,2.7473e-11,2.1316e-11
1.7557e-11,2.0548e-11,1.1775e-11
2.5414e-11,2.9837e-11,2.2324e-11
1.6943e-11,2.0662e-11,8.1826e-12
4.7828e-11,3.7914e-11,2.5324e-11
4.8703e-11,3.719e-11,2.5716e-11
4.2008e-11,3.3352e-11,2.9818e-11
4.1306e-11,3.3928e-11,3.0997e-11
3.7015e-11,2.7785e-11,2.2958e-11
4.0753e-11,3.5674e-11,2.9738e-11
2.9442e-11,2.6904e-11,1.8955e-11
3.0148e-11,3.4682e-11,2.6625e-11
3.4148e-11,3.7014e-11,3.0122e-11
3.6622e-11,4.4584e-11,1.6278e-11
2.2743e-11,2.1754e-11,1.2386e-11
4.1069e-11,5.1595e-11,1.9023e-11
3.0215e-11,3.4336e-11,2.5141e-11
2.3299e-11,2.7511e-11,1.7053e-11
2.2486e-11,2.6498e-11,1.605e-11
2.1272e-11,2.5843e-11,1.5211e-11
2.4287e-11,2.0635e-11,6.8716e-12
3.9223e-11,5.0347e-11,1.4362e-11
2.7246e-11,3.0515e-11,2.1836e-11
2.426e-11,1.9622e-11,5.6722e-12
1.777e-11,2.0723e-11,9.0293e-12
1.7917e-11,2.083e-11,8.6677e-12
2.2467e-11,1.8233e-11,5.5496e-12
1.7338e-11,2.0187e-11,1.1959e-11
2.0076e-11,1.9864e-11,5.6667e-12
1.8261e-11,2.2081e-11,7.0067e-12
1.9835e-11,2.3938e-11,1.4612e-11
2.4032e-11,2.5823e-11,1.6456e-11
4.7778e-11,3.4701e-11,2.4254e-11
4.0516e-11,2.9781e-11,2.2435e-11
4.3029e-11,3.0425e-11,2.1728e-11
3.856e-11,3.227e-11,2.7746e-11
4.1935e-11,3.6435e-11,3.085e-11
3.8504e-11,2.8388e-11,2.0252e-11
4.1577e-11,3.4169e-11,2.9096e-11
4.2581e-11,3.159e-11,2.0187e-11
3.9698e-11,3.5661e-11,3.0632e-11
3.3141e-11,3.0438e-11,2.6542e-11
3.344e-11,2.4655e-11,1.5126e-11
3.3291e-11,2.3573e-11,1.7047e-11
3.0269e-11,2.5378e-11,2.121e-11
3.101e-11,2.3641e-11,1.4061e-11
3.0183e-11,2.4419e-11,1.3139e-11
2.9153e-11,2.748e-11,1.796e-11
2.8219e-11,2.4594e-11,2.0139e-11
3.3083e-11,3.4111e-11,2.6156e-11
2.8965e-11,2.3562e-11,1.1785e-11
3.0053e-11,3.2856e-11,2.4282e-11
2.4658e-11,2.0499e-11,1.1585e-11
4.0425e-11,5.0546e-11,1.7731e-11
2.6457e-11,2.1192e-11,1.0026e-11
2.9083e-11,3.0389e-11,9.8385e-12
4.391e-11,5.6525e-11,1.9574e-11
2.7442e-11,2.8554e-11,7.1076e-12
2.3912e-11,2.8497e-11,1.903e-11
3.0448e-11,3.4384e-11,5.2862e-12
1.7319e-11,2.0327e-11,1.0338e-11
1.7669e-11,2.0792e-11,1.0248e-11
1.7412e-11,2.1018e-11,1.023e-11
2.1782e-11,2.5757e-11,1.7201e-11
2.0776e-11,1.9841e-11,5.3316e-12
4.2278e-11,3.7533e-11,3.163e-11
3.5198e-11,2.8096e-11,1.6468e-11
3.6846e-11,3.3941e-11,2.6565e-11
4.1805e-11,4.1103e-11,1.9279e-11
3.4645e-11,3.0424e-11,1.5695e-11
3.3157e-11,3.3111e-11,2.417e-11
3.2923e-11,3.5228e-11,1.3591e-11
2.0676e-11,2.2688e-11,1.3121e-11
4.0478e-11,5.3104e-11,1.4122e-11
3.3539e-11,4.1079e-11,1.4016e-11
2.8261e-11,2.4492e-11,6.9689e-12
2.8951e-11,3.3751e-11,2.325e-11
2.3092e-11,1.8349e-11,6.7138e-12
2.8775e-11,2.8762e-11,4.55e-12
2.0398e-11,2.2395e-11,1.3724e-11
2.1413e-11,2.614e-11,1.5592e-11
2.9657e-11,3.2567e-11,2.3179e-11
4.1208e-11,3.5687e-11,3.0321e-11
5.292e-11,4.0478e-11,2.605e-11
4.1459e-11,3.4062e-11,2.9453e-11
3.61e-11,3.0555e-11,2.501e-11
2.9848e-11,2.5884e-11,1.0659e-11
4.2338e-11,5.5578e-11,1.6697e-11
3.2139e-11,3.6492e-11,2.6883e-11
2.5557e-11,2.0165e-11,7.3562e-12
2.5516e-11,2.0349e-11,6.4149e-12
2.4813e-11,2.0638e-11,6.7385e-12
2.4947e-11,2.0504e-11,5.6012e-12
4.931e-11,3.5485e-11,2.6229e-11
4.1001e-11,3.0448e-11,2.3764e-11
4.4742e-11,3.252e-11,2.2093e-11
4.9347e-11,3.8488e-11,2.3699e-11
4.2595e-11,3.8351e-11,3.0845e-11
4.1254e-11,3.588e-11,2.9503e-11
3.5897e-11,3.1114e-11,2.4924e-11
3.5377e-11,2.9949e-11,2.499e-11
3.279e-11,2.543e-11,1.4838e-11
3.3881e-11,2.6201e-11,1.5096e-11
3.256e-11,2.8625e-11,1.2933e-11
2.7182e-11,2.9744e-11,1.9367e-11
2.3239e-11,2.5383e-11,1.4454e-11
2.9371e-11,2.9471e-11,7.7328e-12
3.1936e-11,3.6311e-11,9.7078e-12
2.6249e-11,3.0991e-11,2.1197e-11
3.6696e-11,4.3804e-11,1.1353e-11
3.3933e-11,3.8908e-11,2.7914e-11
3.4652e-11,3.9098e-11,2.7966e-11
3.0885e-11,3.3116e-11,2.3446e-11
2.6688e-11,2.1366e-11,7.3636e-12
2.221e-11,2.4642e-11,1.5094e-11
2.2165e-11,2.5634e-11,1.543e-11
5.1945e-11,4.0409e-11,2.4273e-11
3.584e-11,2.8095e-11,1.7914e-11
4.3022e-11,3.8842e-11,2.0058e-11
3.5143e-11,3.515e-11,2.639e-11
3.0698e-11,2.5077e-11,1.2266e-11
3.2721e-11,3.3572e-11,1.014e-11
3.0779e-11,2.3708e-11,1.0465e-11
2.6781e-11,2.3743e-11,1.1611e-11
2.2848e-11,2.5534e-11,1.2628e-11
3.2942e-11,3.7474e-11,8.5601e-12
2.6643e-11,2.5286e-11,1.1283e-11
2.9761e-11,2.691e-11,6.0423e-12
2.7222e-11,2.3842e-11,7.9949e-12
2.3468e-11,2.7397e-11,1.5519e-11
2.7726e-11,2.2904e-11,6.4618e-12
3.4105e-11,3.7536e-11,2.6024e-11
4.6617e-11,3.5282e-11,2.6349e-11
4.736e-11,3.4636e-11,2.3745e-11
4.7816e-11,3.5299e-11,2.5392e-11
4.3961e-11,3.2279e-11,2.0998e-11
4.4219e-11,3.3503e-11,2.0487e-11
3.8196e-11,3.0549e-11,1.6696e-11
3.8779e-11,3.0549e-11,1.7015e-11
4.6901e-11,4.3225e-11,2.1344e-11
4.2446e-11,3.6989e-11,1.8811e-11
3.5421e-11,3.2569e-11,2.2424e-11
3.6756e-11,3.7212e-11,2.8601e-11
3.5092e-11,3.4453e-11,2.3771e-11
3.1615e-11,2.91e-11,2.0487e-11
3.3706e-11,3.1201e-11,1.1661e-11
3.0599e-11,3.3495e-11,2.2277e-11
3.1827e-11,2.8297e-11,9.971e-12
3.356e-11,3.444e-11,6.339e-12
2.8347e-11,3.2324e-11,2.0936e-11
2.4897e-11,2.9355e-11,1.965e-11
2.1293e-11,2.4542e-11,1.1736e-11
4.8286e-11,4.3493e-11,2.1285e-11
3.8434e-11,3.5156e-11,2.7688e-11
4.1605e-11,4.6237e-11,1.5795e-11
2.7501e-11,2.6683e-11,1.8433e-11
2.9156e-11,2.9002e-11,1.8959e-11
2.8264e-11,2.9355e-11,1.9324e-11
2.5791e-11,2.8763e-11,1.8756e-11
2.8859e-11,3.2184e-11,2.115e-11
3.9528e-11,4.681e-11,7.2512e-12
3.428e-11,3.5804e-11,5.2027e-12
3.194e-11,2.8221e-11,5.7634e-12
2.2347e-11,2.3619e-11,1.6763e-11
2.9673e-11,3.1122e-11,2.1192e-11
2.7279e-11,3.1326e-11,2.0063e-11
5.0137e-11,3.8225e-11,2.3246e-11
3.8466e-11,3.1144e-11,1.6118e-11
3.1785e-11,3.1933e-11,2.0833e-11
3.2217e-11,3.525e-11,2.2581e-11
3.5866e-11,3.4208e-11,1.0171e-11
3.4788e-11,2.5612e-11,1.1149e-11
3.4968e-11,3.0457e-11,9.3971e-12
2.7185e-11,2.9268e-11,1.9538e-11
3.5686e-11,3.2271e-11,1.0913e-11
3.5151e-11,3.4225e-11,6.3797e-12
3.038e-11,2.8315e-11,8.8113e-12
2.4493e-11,2.6774e-11,1.8684e-11
3.0747e-11,2.5304e-11,5.3263e-12
2.6995e-11,2.6616e-11,7.0533e-12
2.3404e-11,2.6232e-11,1.2811e-11
3.9529e-11,3.0835e-11,1.8941e-11
4.6417e-11,4.2045e-11,1.9024e-11
3.423e-11,3.2047e-11,2.108e-11
4.1518e-11,4.8474e-11,1.4315e-11
2.9028e-11,2.8638e-11,1.8587e-11
3.4002e-11,3.5112e-11,2.3137e-11
3.2347e-11,3.3915e-11,2.243e-11
2.5913e-11,2.9386e-11,2.0023e-11
4.2989e-11,3.2921e-11,1.9869e-11
4.2555e-11,3.5596e-11,2.2894e-11
4.0578e-11,3.1264e-11,1.8092e-11
4.5152e-11,3.7049e-11,1.8343e-11
4.0179e-11,3.8533e-11,2.5716e-11
3.9032e-11,3.2159e-11,1.6134e-11
3.3103e-11,3.2056e-11,2.2664e-11
3.8249e-11,3.9298e-11,2.7122e-11
3.6041e-11,3.861e-11,2.5604e-11
3.8593e-11,3.6888e-11,1.0146e-11
4.279e-11,5.0404e-11,1.2154e-11
2.8415e-11,3.2267e-11,2.1353e-11
3.7986e-11,3.9161e-11,6.5838e-12
3.7299e-11,4.0182e-11,5.9536e-12
3.2366e-11,2.7681e-11,7.6549e-12
2.647e-11,2.9903e-11,8.3104e-12
4.8005e-11,3.5723e-11,2.4344e-11
4.8069e-11,3.7066e-11,2.271e-11
4.9061e-11,3.7894e-11,2.5974e-11
4.0636e-11,4.0868e-11,2.7318e-11
4.3687e-11,4.3021e-11,1.4085e-11
3.8722e-11,2.9202e-11,1.5757e-11
4.3874e-11,4.9528e-11,1.4378e-11
3.9786e-11,3.532e-11,1.1366e-11
2.8303e-11,2.9774e-11,1.3478e-11
4.3225e-11,5.0921e-11,8.2498e-12
2.6733e-11,2.8385e-11,1.896e-11
3.6869e-11,3.6383e-11,7.1891e-12
4.9881e-11,4.2762e-11,2.0002e-11
3.7268e-11,3.5575e-11,2.3279e-11
4.1743e-11,3.553e-11,1.606e-11
3.4619e-11,3.3941e-11,1.8888e-11
4.238e-11,4.531e-11,1.0145e-11
2.8142e-11,3.1807e-11,1.4325e-11
4.2175e-11,4.7278e-11,8.4537e-12
2.9638e-11,3.2521e-11,2.0137e-11
3.383e-11,3.9016e-11,2.4355e-11
3.4751e-11,2.8299e-11,7.1474e-12
4.6708e-11,3.6887e-11,2.4127e-11
4.1593e-11,3.5661e-11,1.6712e-11
4.2045e-11,3.2704e-11,1.6978e-11
4.0784e-11,3.1299e-11,1.6896e-11
4.0653e-11,3.0893e-11,1.3881e-11
4.0854e-11,3.2e-11,1.1799e-11
3.7303e-11,4.0598e-11,2.5022e-11
3.6968e-11,3.9513e-11,2.5122e-11
3.3181e-11,3.2178e-11,7.6372e-12
4.5455e-11,3.6147e-11,2.0252e-11
4.7454e-11,3.7556e-11,2.0863e-11
3.7266e-11,3.714e-11,2.4772e-11
4.3872e-11,3.4493e-11,1.5378e-11
4.2212e-11,3.2972e-11,1.0877e-11
4.7471e-11,5.3315e-11,8.6676e-12
2.9406e-11,3.227e-11,1.949e-11
4.3063e-11,4.2516e-11,7.4178e-12
2.8935e-11,3.163e-11,1.9343e-11
3.0685e-11,3.3002e-11,2.1405e-11
3.3113e-11,3.5193e-11,8.5488e-12
5.0618e-11,4.3833e-11,1.9955e-11
5.1759e-11,4.494e-11,1.9305e-11
4.9338e-11,4.5084e-11,1.5743e-11
3.9419e-11,3.8534e-11,2.5194e-11
4.5936e-11,4.0788e-11,1.2293e-11
4.6039e-11,3.2557e-11,1.3057e-11
4.3983e-11,3.3812e-11,1.0024e-11
3.5795e-11,3.9188e-11,2.5081e-11
4.6305e-11,4.1289e-11,8.8307e-12
4.0478e-11,3.4057e-11,8.938e-12
3.1046e-11,3.6126e-11,1.3457e-11
4.0376e-11,3.4055e-11,8.745e-12
4.9703e-11,4.2638e-11,1.9575e-11
5.1937e-11,4.4095e-11,1.8833e-11
5.0654e-11,4.6042e-11,1.6549e-11
4.5352e-11,3.6086e-11,1.7673e-11
4.9934e-11,3.627e-11,1.6122e-11
3.4767e-11,3.7434e-11,2.0562e-11
3.3365e-11,3.4166e-11,1.8091e-11
4.4546e-11,3.4936e-11,1.1449e-11
3.5829e-11,3.3927e-11,1.5104e-11
3.5529e-11,3.8486e-11,2.5162e-11
3.6589e-11,4.1556e-11,2.6143e-11
3.4145e-11,3.7364e-11,2.2959e-11
3.6402e-11,3.9537e-11,2.575e-11
4.7141e-11,4.4964e-11,8.2715e-12
4.6997e-11,4.1989e-11,8.4148e-12
4.9363e-11,3.967e-11,2.3768e-11
4.8952e-11,4.1072e-11,2.3919e-11
4.7843e-11,3.8242e-11,1.8321e-11
4.2071e-11,4.19e-11,2.5773e-11
4.8966e-11,3.8614e-11,1.4894e-11
5.1505e-11,5.5294e-11,9.2147e-12
4.5023e-11,3.6953e-11,1.0394e-11
3.3737e-11,3.7648e-11,2.1811e-11
3.1496e-11,3.4791e-11,1.9983e-11
5.4262e-11,5.1611e-11,1.1945e-11
3.682e-11,3.8309e-11,2.4074e-11
5.3011e-11,3.8155e-11,1.5299e-11
3.6375e-11,3.9688e-11,2.1931e-11
4.8699e-11,3.8412e-11,1.4143e-11
4.0745e-11,3.8936e-11,1.6209e-11
3.5311e-11,3.908e-11,2.0522e-11
3.8049e-11,4.0519e-11,1.1335e-11
3.7102e-11,3.9559e-11,1.2166e-11
5.1401e-11,4.1767e-11,1.8491e-11
5.5833e-11,5.1888e-11,1.3681e-11
5.2946e-11,4.3611e-11,1.0569e-11
4.8377e-11,4.0627e-11,1.1124e-11
4.8091e-11,3.8488e-11,8.6209e-12
3.8785e-11,4.1065e-11,2.0717e-11
3.8142e-11,4.1629e-11,2.2402e-11
3.778e-11,4.1836e-11,2.1565e-11
4.4352e-11,4.3507e-11,2.1666e-11
4.9109e-11,4.4201e-11,2.3207e-11
4.7645e-11,4.5652e-11,2.373e-11
4.8437e-11,4.6675e-11,1.9096e-11
4.5137e-11,4.7804e-11,1.6888e-11
4.7281e-11,5.0395e-11,1.9164e-11
4.6444e-11,5.0435e-11,2.189e-11
5.2763e-11,6.0657e-11,1.6344e-11
5.754e-11,6.0995e-11,1.2402e-11
5.292e-11,5.8322e-11,1.4832e-11
5.4804e-11,5.88e-11,1.2359e-11
4.8586e-11,5.8376e-11,1.8886e-11
5.5237e-11,5.3801e-11,9.0522e-12
4.4353e-11,5.9473e-11,2.4763e-11
5.0992e-11,5.7422e-11,1.4582e-11
5.2611e-11,5.3508e-11,1.2564e-11
5.6688e-11,5.9795e-11,1.4371e-11
5.1018e-11,5.5207e-11,1.0351e-11
4.781e-11,6.2301e-11,3.0163e-11
5.255e-11,4.7697e-11,1.2321e-11
5.6628e-11,5.909e-11,1.2066e-11
3.969e-11,5.8046e-11,2.1454e-11
5.2605e-11,5.9093e-11,3.3647e-11
5.2161e-11,6.2573e-11,2.7546e-11
5.2114e-11,4.8225e-11,1.3339e-11
4.7791e-11,5.272e-11,1.4066e-11
5.2514e-11,4.9501e-11,9.5551e-12
5.3256e-11,5.2594e-11,9.2483e-12
4.0384e-11,5.3474e-11,2.1793e-11
4.9488e-11,5.2805e-11,1.3683e-11
5.3546e-11,5.0717e-11,8.249e-12
3.8545e-11,5.3057e-11,2.2857e-11
3.7739e-11,5.1439e-11,2.6158e-11
3.8389e-11,5.7825e-11,2.3639e-11
4.3914e-11,6.129e-11,2.2584e-11
4.1591e-11,6.2036e-11,2.3289e-11
4.1293e-11,6.1066e-11,2.3919e-11
4.9198e-11,5.9977e-11,2.4515e-11
5.5863e-11,4.6163e-11,5.777e-12
4.7215e-11,5.115e-11,1.5247e-11
4.6446e-11,6.4494e-11,2.1221e-11
4.3602e-11,5.9768e-11,2.6025e-11
4.7023e-11,5.6339e-11,2.7008e-11
4.8403e-11,5.4803e-11,3.0429e-11
4.7353e-11,5.687e-11,2.9512e-11
6.2229e-11,5.256e-11,4.0614e-11
6.4902e-11,3.9779e-11,4.6156e-12
5.393e-11,4.5381e-11,6.5263e-12
5.9086e-11,4.565e-11,3.1097e-12
4.5686e-11,5.2004e-11,1.083e-11
3.7943e-11,5.4958e-11,1.7047e-11
5.2814e-11,5.6147e-11,8.1079e-12
5.4005e-11,5.6751e-11,3.4622e-11
6.6269e-11,3.7626e-11,3.5043e-12
6.1975e-11,3.9698e-11,6.7437e-12
4.9712e-11,4.6614e-11,1.3067e-11
5.1376e-11,4.9515e-11,8.2148e-12
4.7476e-11,5.1019e-11,1.2518e-11
4.6428e-11,5.7682e-11,2.0342e-11
5.9028e-11,5.1522e-11,3.2662e-11
6.2675e-11,5.0771e-11,4.4624e-11
4.0222e-11,5.5045e-11,1.5356e-11
3.7365e-11,5.0212e-11,2.663e-11
6.4913e-11,5.102e-11,3.7163e-11
6.496e-11,3.7575e-11,2.3685e-12
5.3682e-11,4.3955e-11,6.5524e-12
4.0341e-11,5.2051e-11,1.8963e-11
3.6866e-11,4.4017e-11,1.7891e-11
3.3833e-11,4.6166e-11,2.1007e-11
4.8534e-11,5.1661e-11,1.1731e-11
5.4212e-11,5.2429e-11,3.7235e-11
6.0801e-11,4.6447e-11,3.4257e-11
6.7145e-11,4.4022e-11,4.4249e-11
6.8815e-11,3.8714e-11,3.4087e-12
4.5962e-11,5.04e-11,3.0552e-11
4.5723e-11,4.9921e-11,2.708e-11
5.0923e-11,4.935e-11,2.7168e-11
7.0486e-11,4.3744e-11,4.332e-11
4.4004e-11,4.4822e-11,1.3357e-11
3.6944e-11,5.1108e-11,2.1926e-11
5.13e-11,5.1854e-11,3.0881e-11
5.0546e-11,5.4257e-11,2.6084e-11
5.7369e-11,4.4322e-11,3.3174e-11
6.2222e-11,4.3254e-11,3.986e-11
7.1517e-11,3.9879e-11,4.4491e-11
7.0856e-11,3.8373e-11,4.8996e-12
3.5952e-11,4.8426e-11,1.5479e-11
3.6825e-11,4.8765e-11,1.4385e-11
4.2399e-11,5.115e-11,9.2555e-12
5.376e-11,4.9017e-11,1.4012e-11
3.9611e-11,4.7821e-11,2.6749e-11
5.5246e-11,4.5364e-11,3.88e-11
5.0925e-11,5.5227e-11,2.6061e-11
6.2104e-11,3.989e-11,3.9998e-11
5.8848e-11,4.4084e-11,9.244e-12
4.1552e-11,4.45e-11,1.2531e-11
4.7798e-11,4.6977e-11,1.3466e-11
5.4943e-11,4.9846e-11,1.6062e-11
3.8377e-11,4.7108e-11,1.8229e-11
5.7915e-11,4.6099e-11,4.3768e-11
6.5668e-11,3.8596e-11,4.3769e-11
6.3045e-11,3.7105e-11,4.2619e-11
5.9089e-11,4.2779e-11,3.2865e-11
7.4397e-11,3.1655e-11,4.7716e-11
3.5394e-11,4.1855e-11,1.4988e-11
3.9107e-11,4.8055e-11,1.0664e-11
4.9534e-11,4.7574e-11,1.8597e-11
5.2756e-11,4.3726e-11,3.4979e-11
6.9907e-11,3.6511e-11,4.4132e-11
6.5238e-11,4.1212e-11,9.0393e-12
3.3404e-11,4.711e-11,1.6126e-11
3.1964e-11,5.0943e-11,1.846e-11
3.678e-11,4.16e-11,1.9462e-11
4.0346e-11,4.1511e-11,2.8195e-11
6.1759e-11,3.5083e-11,3.4351e-12
6.5017e-11,4.1625e-11,7.9844e-12
6.2331e-11,4.1002e-11,5.9359e-12
3.5332e-11,4.1648e-11,1.5456e-11
3.5975e-11,4.1923e-11,1.4375e-11
5.8165e-11,4.2904e-11,1.4717e-11
3.7704e-11,4.0247e-11,2.169e-11
5.8605e-11,3.771e-11,3.9159e-11
6.9507e-11,3.4601e-11,6.2956e-12
4.6269e-11,3.5969e-11,1.1365e-11
6.5377e-11,4.0128e-11,9.0382e-12
5.2558e-11,4.2333e-11,1.5675e-11
4.978e-11,4.5977e-11,1.6928e-11
3.9876e-11,4.6472e-11,2.0536e-11
4.4322e-11,3.9481e-11,2.5219e-11
5.2976e-11,3.361e-11,3.1456e-11
6.1476e-11,3.7711e-11,3.2028e-11
3.6892e-11,3.7799e-11,1.1497e-11
6.5976e-11,3.9541e-11,1.6874e-11
3.7058e-11,4.1587e-11,1.113e-11
5.3536e-11,4.1654e-11,1.6056e-11
3.4604e-11,3.7445e-11,1.7859e-11
3.3555e-11,4.1321e-11,1.7989e-11
5.3975e-11,3.7636e-11,3.5037e-11
5.2198e-11,3.566e-11,2.88e-11
6.3854e-11,3.2198e-11,4.1035e-11
6.7204e-11,2.8896e-11,4.2299e-11
7.0366e-11,2.7041e-11,4.8021e-11
4.6202e-11,3.1611e-11,9.9769e-12
5.4229e-11,3.4179e-11,6.7066e-12
4.5713e-11,3.5223e-11,1.0375e-11
6.1597e-11,3.2849e-11,7.5761e-12
6.6968e-11,4.4172e-11,1.6576e-11
6.1215e-11,4.2873e-11,1.5943e-11
3.3774e-11,4.1558e-11,1.7023e-11
3.3552e-11,3.994e-11,1.7789e-11
4.5835e-11,4.3674e-11,2.2467e-11
5.0029e-11,3.3538e-11,3.2229e-11
4.7139e-11,3.1267e-11,7.1316e-12
6.0162e-11,2.9103e-11,4.8215e-12
3.1801e-11,3.9968e-11,1.88e-11
3.3083e-11,4.0873e-11,1.687e-11
4.4697e-11,3.508e-11,2.5228e-11
4.4052e-11,3.3221e-11,2.8307e-11
5.7723e-11,2.6812e-11,3.5011e-11
4.6667e-11,3.4817e-11,1.1078e-11
5.207e-11,2.8399e-11,7.1653e-12
6.1326e-11,2.9182e-11,4.7179e-12
6.2724e-11,2.8975e-11,7.7023e-12
3.6946e-11,3.6447e-11,8.3837e-12
4.3089e-11,3.679e-11,1.1656e-11
6.0076e-11,4.1953e-11,1.5012e-11
3.2255e-11,3.8505e-11,1.6225e-11
3.9621e-11,4.2852e-11,2.013e-11
4.7213e-11,2.5842e-11,3.2343e-11
5.0668e-11,2.9788e-11,2.9366e-11
5.5723e-11,2.5925e-11,3.6598e-11
4.7692e-11,3.2969e-11,7.608e-12
5.9245e-11,2.8629e-11,4.6385e-12
3.7861e-11,3.4239e-11,1.1722e-11
2.9959e-11,3.2979e-11,1.5921e-11
6.4144e-11,4.1862e-11,1.3483e-11
2.8699e-11,3.1936e-11,1.9641e-11
2.9309e-11,3.258e-11,1.8537e-11
4.4041e-11,3.9841e-11,1.3324e-11
3.1377e-11,3.5481e-11,1.5551e-11
3.4094e-11,3.5315e-11,2.4137e-11
4.2077e-11,3.4497e-11,2.4246e-11
6.9066e-11,2.8935e-11,5.1809e-11
6.202e-11,3.0016e-11,3.8389e-11
3.888e-11,3.0977e-11,8.2691e-12
3.0674e-11,3.9398e-11,1.4522e-11
3.0212e-11,3.4383e-11,1.5976e-11
3.0154e-11,3.5213e-11,1.4282e-11
3.4246e-11,3.3372e-11,9.7646e-12
3.1297e-11,3.6881e-11,1.4318e-11
3.2589e-11,3.8406e-11,1.0814e-11
3.186e-11,3.7065e-11,2.0152e-11
3.4314e-11,3.6405e-11,2.1081e-11
4.7673e-11,3.4276e-11,2.7741e-11
6.2094e-11,3.3276e-11,4.3894e-11
6.9431e-11,3.0794e-11,5.2028e-11
6.5473e-11,2.6736e-11,4.3075e-11
3.884e-11,3.5639e-11,1.0469e-11
5.7754e-11,2.7794e-11,7.2161e-12
3.245e-11,3.3645e-11,1.1597e-11
3.6577e-11,3.6139e-11,8.2608e-12
3.0242e-11,3.3679e-11,1.4212e-11
5.6902e-11,3.5691e-11,7.7934e-12
4.4217e-11,3.8914e-11,1.3385e-11
3.9404e-11,3.8479e-11,1.5839e-11
3.179e-11,3.3325e-11,1.6731e-11
4.0553e-11,3.1087e-11,2.8092e-11
4.7939e-11,2.4027e-11,3.1811e-11
4.3638e-11,2.9191e-11,5.7346e-12
2.957e-11,3.1441e-11,1.382e-11
3.1892e-11,3.5896e-11,1.1056e-11
5.8551e-11,3.552e-11,1.3222e-11
3.0651e-11,3.5878e-11,1.229e-11
2.6784e-11,2.9148e-11,2.0831e-11
4.1861e-11,3.1765e-11,2.4339e-11
4.1379e-11,3.2787e-11,2.1011e-11
4.3085e-11,2.5101e-11,3.1065e-11
6.7259e-11,2.8471e-11,4.1753e-11
6.9931e-11,3.1865e-11,5.1187e-11
7.087e-11,2.562e-11,5.421e-11
4.554e-11,3.1457e-11,1.0684e-11
5.4083e-11,2.7293e-11,5.455e-12
4.2544e-11,3.2152e-11,9.014e-12
3.1682e-11,3.248e-11,1.7126e-11
4.458e-11,2.992e-11,2.6394e-11
4.0387e-11,3.2432e-11,2.298e-11
4.2914e-11,2.9015e-11,2.6406e-11
5.5161e-11,3.7006e-11,3.2942e-11
6.4113e-11,1.9599e-11,4.4497e-11
4.0883e-11,3.7389e-11,8.092e-12
4.5287e-11,3.1892e-11,6.3555e-12
2.8879e-11,3.1358e-11,1.7472e-11
4.974e-11,3.8451e-11,1.3572e-11
3.4583e-11,2.8332e-11,2.254e-11
3.6926e-11,3.2662e-11,2.4092e-11
4.3778e-11,3.1704e-11,1.3206e-11
4.7684e-11,2.6333e-11,7.5479e-12
2.8463e-11,3.5185e-11,1.1499e-11
2.9597e-11,3.2604e-11,1.6944e-11
3.6925e-11,3.1076e-11,1.2647e-11
3.289e-11,2.7638e-11,2.0546e-11
3.4475e-11,3.0012e-11,2.3295e-11
5.2029e-11,3.3297e-11,3.2083e-11
4.4348e-11,2.4562e-11,3.0268e-11
4.3526e-11,2.9558e-11,8.3854e-12
3.3484e-11,2.9631e-11,1.6367e-11
3.2655e-11,3.4251e-11,1.0464e-11
3.2658e-11,3.2549e-11,1.2404e-11
3.3032e-11,2.7787e-11,1.8751e-11
3.4481e-11,3.2076e-11,1.7712e-11
3.4335e-11,3.0801e-11,1.9099e-11
3.2299e-11,2.6653e-11,2.2673e-11
4.2171e-11,2.6569e-11,3.2118e-11
4.3391e-11,2.638e-11,2.7994e-11
4.5574e-11,2.5338e-11,2.8654e-11
4.7236e-11,2.4481e-11,2.952e-11
4.6811e-11,2.161e-11,2.5631e-11
4.7463e-11,2.526e-11,2.9866e-11
6.9823e-11,2.6761e-11,4.8367e-11
5.7006e-11,1.8599e-11,3.9788e-11
4.0529e-11,2.9216e-11,1.0784e-11
3.9385e-11,2.8989e-11,6.2573e-12
2.8765e-11,3.6033e-11,1.0573e-11
4.8839e-11,3.9842e-11,1.3989e-11
4.7915e-11,3.9411e-11,1.3819e-11
3.3726e-11,2.545e-11,2.1579e-11
3.1216e-11,2.6967e-11,1.8984e-11
4.0539e-11,3.2042e-11,2.2019e-11
4.7837e-11,3.8406e-11,2.5695e-11
4.0668e-11,3.0125e-11,2.2138e-11
4.3619e-11,2.1757e-11,2.4879e-11
6.3706e-11,2.6663e-11,4.1782e-11
6.9006e-11,2.5157e-11,5.0237e-11
3.6179e-11,2.8479e-11,1.0962e-11
2.6593e-11,3.0376e-11,9.877e-12
2.5436e-11,2.9406e-11,1.2928e-11
2.8686e-11,2.3797e-11,1.4363e-11
3.8531e-11,2.9523e-11,1.2638e-11
2.9443e-11,2.7503e-11,1.4067e-11
3.6065e-11,3.2126e-11,2.0052e-11
3.5789e-11,3.1582e-11,2.259e-11
3.4888e-11,2.8001e-11,2.3975e-11
3.7016e-11,2.7059e-11,2.2843e-11
4.901e-11,1.2232e-11,4.6562e-11
4.7067e-11,2.797e-11,3.2134e-11
6.4555e-11,2.0467e-11,3.9429e-11
7.0926e-11,1.9326e-11,4.5583e-11
6.0647e-11,1.8943e-11,3.9165e-11
6.1385e-11,1.6884e-11,4.2182e-11
2.0161e-11,4.9493e-11,6.4422e-11
3.0402e-11,3.3983e-11,1.3035e-11
2.4794e-11,2.7343e-11,1.4822e-11
2.6589e-11,5.3014e-11,5.7402e-11
4.101e-11,3.1697e-11,1.5025e-11
2.7015e-11,2.7504e-11,2.0131e-11
2.7347e-11,2.8439e-11,1.3453e-11
3.2714e-11,2.56e-11,2.0724e-11
3.3339e-11,2.9748e-11,1.9148e-11
4.1773e-11,2.2871e-11,2.5946e-11
4.6054e-11,1.3918e-11,3.8159e-11
6.4473e-11,2.4992e-11,4.5667e-11
5.2389e-11,1.2704e-11,5.1913e-11
5.2888e-11,1.3186e-11,4.7784e-11
3.2113e-11,3.2278e-11,9.7347e-12
3.0933e-11,3.478e-11,1.1534e-11
2.7378e-11,5.2848e-11,5.9517e-11
2.6103e-11,5.2672e-11,5.4241e-11
3.9759e-11,3.2552e-11,1.8748e-11
2.4973e-11,2.225e-11,2.1931e-11
4.0697e-11,5.2735e-11,6.2497e-11
2.8957e-11,2.601e-11,1.5067e-11
3.0101e-11,2.531e-11,2.1334e-11
3.0018e-11,2.5202e-11,1.9315e-11
3.705e-11,2.6541e-11,1.8833e-11
3.9057e-11,2.4632e-11,2.3002e-11
4.3851e-11,1.4192e-11,3.4502e-11
4.4088e-11,1.3903e-11,4.2691e-11
4.5907e-11,1.6439e-11,4.5407e-11
4.384e-11,2.6327e-11,3.1338e-11
4.5032e-11,2.2758e-11,3.2538e-11
5.1463e-11,1.1827e-11,5.1473e-11
4.5345e-11,2.3295e-11,3.8072e-11
7.2671e-11,2.2055e-11,5.0679e-11
7.1985e-11,1.8511e-11,4.7552e-11
5.8574e-11,1.5639e-11,4.3362e-11
2.651e-11,4.1977e-11,6.0612e-11
2.7679e-11,4.8219e-11,6.0188e-11
3.4625e-11,2.9441e-11,1.1305e-11
1.6527e-11,4.5923e-11,5.9633e-11
1.6467e-11,4.638e-11,5.5053e-11
2.8338e-11,3.2568e-11,1.4192e-11
2.352e-11,2.5952e-11,1.6696e-11
2.3832e-11,2.4575e-11,1.2424e-11
2.4501e-11,2.4967e-11,1.5639e-11
3.8906e-11,5.0526e-11,6.0478e-11
3.1528e-11,2.2305e-11,2.0915e-11
3.3545e-11,1.5946e-11,2.8629e-11
4.128e-11,1.7673e-11,2.606e-11
4.8395e-11,2.4529e-11,3.1654e-11
4.203e-11,1.4871e-11,3.3417e-11
5.9828e-11,2.186e-11,4.0781e-11
4.9391e-11,1.9038e-11,2.434e-11
4.8155e-11,1.489e-11,3.9333e-11
5.02e-11,1.2736e-11,4.5788e-11
4.6448e-11,2.5268e-11,3.562e-11
1.7411e-11,4.4755e-11,6.3991e-11
2.2026e-11,4.7116e-11,5.6687e-11
2.0225e-11,5.304e-11,5.7954e-11
3.17e-11,2.5246e-11,8.8865e-12
2.6872e-11,2.2723e-11,1.6453e-11
2.4042e-11,2.3554e-11,1.6473e-11
4.2571e-11,3.6802e-11,1.5335e-11
3.0941e-11,2.2078e-11,2.0028e-11
2.447e-11,2.2115e-11,2.1044e-11
3.944e-11,3.5353e-11,1.6994e-11
4.4024e-11,4.0591e-11,5.3221e-11
3.6306e-11,1.1798e-11,2.9659e-11
4.7461e-11,4.5226e-11,5.6503e-11
3.8721e-11,2.1573e-11,2.1711e-11
3.4051e-11,1.4265e-11,2.9743e-11
4.5028e-11,4.2488e-11,5.5665e-11
3.6091e-11,1.094e-11,3.1117e-11
4.2827e-11,1.0496e-11,3.5836e-11
3.4707e-11,2.4017e-11,2.2011e-11
3.7939e-11,1.5149e-11,3.4332e-11
3.8939e-11,1.3467e-11,3.2799e-11
3.8952e-11,1.4913e-11,3.8175e-11
5.1163e-11,1.9385e-11,3.2073e-11
4.4183e-11,1.6614e-11,2.7456e-11
4.6226e-11,2.2487e-11,2.7498e-11
4.8998e-11,1.3083e-11,5.3641e-11
4.3958e-11,2.304e-11,3.6893e-11
1.7473e-11,4.8223e-11,6.0428e-11
1.734e-11,4.6656e-11,5.9618e-11
3.6215e-11,2.8313e-11,1.0121e-11
2.3026e-11,4.593e-11,5.0819e-11
2.4497e-11,3.0344e-11,1.3446e-11
2.5742e-11,5.0469e-11,5.2159e-11
2.9675e-11,3.6031e-11,3.961e-11
2.9135e-11,2.5425e-11,1.6744e-11
2.2678e-11,2.4625e-11,1.7058e-11
2.3173e-11,2.2718e-11,1.5281e-11
3.7559e-11,4.557e-11,4.7865e-11
4.6555e-11,4.5782e-11,5.2516e-11
3.5436e-11,1.6881e-11,2.7867e-11
5.0618e-11,5.0027e-11,6.1036e-11
5.2748e-11,4.3389e-11,5.7249e-11
5.7438e-11,3.3194e-11,4.8946e-11
3.7984e-11,1.8974e-11,2.5087e-11
4.1041e-11,1.8717e-11,2.7414e-11
4.2321e-11,1.3728e-11,3.8838e-11
3.9166e-11,2.0766e-11,2.9055e-11
5.8503e-11,1.7326e-11,3.9692e-11
4.3811e-11,2.0054e-11,3.0528e-11
4.327e-11,1.6839e-11,3.1886e-11
7.057e-11,2.2149e-11,4.6137e-11
4.3487e-11,2.4048e-11,3.2136e-11
5.5101e-11,1.9286e-11,3.3947e-11
5.1834e-11,2.0531e-11,3.2209e-11
3.521e-11,4.5715e-11,4.8952e-11
3.5099e-11,2.9507e-11,9.3984e-12
3.3946e-11,2.7622e-11,1.0366e-11
2.7375e-11,6.1016e-11,5.9598e-11
2.6187e-11,2.747e-11,1.6962e-11
3.5261e-11,5.453e-11,6.0036e-11
2.7297e-11,2.8803e-11,1.5991e-11
2.7659e-11,3.0432e-11,1.7183e-11
3.3008e-11,2.8205e-11,1.222e-11
2.7226e-11,2.5773e-11,1.7692e-11
2.7652e-11,2.815e-11,1.3812e-11
4.4445e-11,3.8276e-11,4.294e-11
3.6024e-11,1.4674e-11,2.9849e-11
4.7896e-11,5.5611e-11,6.2539e-11
3.1988e-11,1.7682e-11,2.5077e-11
4.1156e-11,2.9437e-11,2.4892e-11
3.7465e-11,2.2553e-11,4.035e-11
3.8255e-11,1.2514e-11,3.2437e-11
4.4726e-11,1.9271e-11,2.7433e-11
3.8655e-11,1.1702e-11,3.4993e-11
3.4405e-11,2.5608e-11,1.9309e-11
5.5143e-11,2.8144e-11,3.5179e-11
4.325e-11,1.857e-11,4.2041e-11
4.339e-11,1.2739e-11,3.5699e-11
4.4221e-11,2.0118e-11,4.4321e-11
3.9532e-11,1.8999e-11,2.4395e-11
4.0674e-11,2.3259e-11,2.7623e-11
4.7375e-11,1.9852e-11,3.3555e-11
4.3153e-11,2.3764e-11,3.4414e-11
5.0122e-11,1.9907e-11,3.3227e-11
5.7064e-11,1.3494e-11,3.6799e-11
2.434e-11,4.3518e-11,5.6023e-11
2.34e-11,4.1342e-11,5.3095e-11
2.739e-11,5.8669e-11,6.0588e-11
1.5108e-11,4.2414e-11,5.7381e-11
2.9415e-11,3.456e-11,1.364e-11
2.5143e-11,2.5676e-11,8.306e-12
1.8383e-11,4.2233e-11,3.9595e-11
2.5753e-11,2.0548e-11,1.7048e-11
3.8735e-11,4.9917e-11,5.9508e-11
2.6149e-11,2.4861e-11,1.8056e-11
2.7519e-11,2.3725e-11,1.8621e-11
3.6802e-11,2.507e-11,3.9055e-11
3.5704e-11,1.5185e-11,3.0616e-11
4.5193e-11,2.2472e-11,2.8044e-11
3.7905e-11,1.8811e-11,2.5378e-11
3.6416e-11,1.7822e-11,2.4913e-11
4.2454e-11,1.894e-11,2.4789e-11
5.5662e-11,3.617e-11,5.1528e-11
4.7966e-11,2.6587e-11,4.937e-11
3.628e-11,1.9914e-11,2.2768e-11
4.8482e-11,1.6381e-11,2.5254e-11
4.68e-11,1.406e-11,4.3192e-11
6.6829e-11,2.1192e-11,4.3224e-11
4.938e-11,1.4811e-11,2.8048e-11
4.6524e-11,2.4156e-11,4.0623e-11
7.6508e-11,2.9615e-11,1.8515e-11
8.2657e-11,2.9877e-11,1.5992e-11
2.9e-11,4.3223e-11,5.346e-11
3.1483e-11,3.1632e-11,1.0721e-11
3.4475e-11,2.9212e-11,9.4638e-12
1.6692e-11,3.653e-11,4.4005e-11
2.1612e-11,2.1794e-11,1.6381e-11
2.0284e-11,4.0781e-11,3.7115e-11
2.5579e-11,2.8739e-11,3.5443e-11
2.1675e-11,2.4987e-11,1.5849e-11
2.609e-11,2.7488e-11,1.8251e-11
3.9954e-11,4.9276e-11,6.4034e-11
2.4074e-11,3.885e-11,3.0814e-11
2.5683e-11,1.915e-11,2.0911e-11
2.7519e-11,1.2988e-11,2.2892e-11
2.6825e-11,2.7342e-11,1.5349e-11
2.9035e-11,1.8162e-11,2.2296e-11
3.8614e-11,2.3467e-11,3.5775e-11
3.6693e-11,2.1026e-11,3.5549e-11
3.9132e-11,2.5974e-11,3.827e-11
3.271e-11,2.2106e-11,2.1662e-11
3.5472e-11,1.6448e-11,3.419e-11
4.0596e-11,1.8185e-11,2.6145e-11
5.2254e-11,2.9686e-11,3.1969e-11
3.6682e-11,1.2179e-11,3.4788e-11
5.6581e-11,2.7865e-11,3.2871e-11
3.5573e-11,1.9178e-11,2.6314e-11
3.556e-11,1.3485e-11,3.4088e-11
3.8753e-11,1.8007e-11,2.2202e-11
4.0924e-11,1.8578e-11,2.6984e-11
4.438e-11,1.5293e-11,2.9023e-11
4.2818e-11,2.3962e-11,3.4815e-11
4.8983e-11,2.0797e-11,3.4549e-11
4.9117e-11,2.2713e-11,3.9359e-11
5.2353e-11,1.3515e-11,4.1305e-11
5.9049e-11,1.4284e-11,4.5896e-11
7.5924e-11,2.8677e-11,1.7387e-11
1.7449e-11,4.9792e-11,5.2046e-11
2.6346e-11,3.8882e-11,5.2837e-11
3.1289e-11,5.0074e-11,5.1034e-11
2.9169e-11,4.4593e-11,5.4809e-11
2.8769e-11,3.0286e-11,1.1245e-11
1.3071e-11,4.5157e-11,4.6441e-11
2.6737e-11,3.2678e-11,1.4264e-11
1.535e-11,3.4763e-11,3.7757e-11
2.3973e-11,2.8294e-11,1.3321e-11
2.2607e-11,2.911e-11,1.2708e-11
2.8564e-11,2.4681e-11,1.0759e-11
2.1792e-11,2.897e-11,1.4324e-11
2.404e-11,5.1566e-11,5.2866e-11
2.1994e-11,2.3012e-11,1.7215e-11
3.453e-11,4.5416e-11,4.9892e-11
2.1133e-11,2.4285e-11,1.7146e-11
2.1423e-11,2.2563e-11,1.2342e-11
2.6219e-11,2.6709e-11,1.4777e-11
2.3662e-11,1.9289e-11,1.8834e-11
2.1672e-11,2.142e-11,1.7705e-11
3.3955e-11,3.2362e-11,1.7223e-11
3.1875e-11,3.1089e-11,3.2254e-11
2.6055e-11,1.3843e-11,2.1831e-11
2.7217e-11,2.1196e-11,1.7789e-11
3.4968e-11,1.4715e-11,2.8935e-11
3.3655e-11,1.6738e-11,3.1523e-11
3.2967e-11,1.8104e-11,2.2704e-11
3.6488e-11,2.2907e-11,3.6801e-11
2.9936e-11,1.9741e-11,2.3254e-11
3.8203e-11,3.2204e-11,4.8468e-11
4.9443e-11,4.5703e-11,6.0685e-11
5.1377e-11,4.325e-11,5.7641e-11
4.8105e-11,2.6686e-11,4.9196e-11
4.416e-11,1.7349e-11,3.3922e-11
6.8874e-11,2.0973e-11,4.4669e-11
5.1202e-11,2.4704e-11,5.6208e-11
7.0064e-11,2.0631e-11,4.7706e-11
4.9542e-11,2.3038e-11,5.2646e-11
5.1763e-11,1.9107e-11,4.4582e-11
4.5276e-11,1.8659e-11,3.8016e-11
4.4867e-11,2.3041e-11,4.0786e-11
5.4989e-11,1.2318e-11,4.4971e-11
1.7276e-11,4.4175e-11,4.6814e-11
1.7288e-11,4.537e-11,4.641e-11
1.243e-11,4.2185e-11,4.8958e-11
1.1766e-11,4.1073e-11,4.2734e-11
2.3959e-11,5.9047e-11,5.8429e-11
2.279e-11,3.8315e-11,4.4618e-11
2.2782e-11,5.3626e-11,5.3112e-11
2.1225e-11,2.2139e-11,1.557e-11
2.1582e-11,1.5247e-11,1.9493e-11
2.215e-11,1.3936e-11,2.0952e-11
3.0542e-11,4.0564e-11,4.2426e-11
2.6292e-11,2.5757e-11,1.5115e-11
3.8108e-11,3.0182e-11,2.411e-11
3.4724e-11,1.7272e-11,2.2855e-11
4.5077e-11,2.3825e-11,2.8943e-11
3.3247e-11,1.4115e-11,2.8625e-11
4.6886e-11,3.6347e-11,5.3112e-11
4.5589e-11,2.4412e-11,4.3395e-11
3.6288e-11,1.7312e-11,2.5071e-11
3.8414e-11,1.8271e-11,2.7266e-11
4.0238e-11,1.8591e-11,2.881e-11
6.4639e-11,2.0467e-11,4.1684e-11
3.9094e-11,1.7092e-11,3.2968e-11
5.3155e-11,1.6177e-11,3.3597e-11
4.5764e-11,1.7985e-11,3.6519e-11
4.6204e-11,1.7711e-11,4.1333e-11
1.9667e-11,4.142e-11,4.1974e-11
1.6182e-11,4.3357e-11,4.8572e-11
6.9497e-11,2.8764e-11,1.3497e-11
2.851e-11,4.2386e-11,4.6242e-11
2.6107e-11,4.4345e-11,5.1272e-11
1.6428e-11,3.7716e-11,4.3975e-11
1.4164e-11,3.7944e-11,4.4618e-11
3.4005e-11,2.9713e-11,1.0387e-11
1.2882e-11,4.3657e-11,4.5371e-11
2.4204e-11,4.2081e-11,4.8822e-11
2.2447e-11,2.2811e-11,1.5626e-11
2.4493e-11,1.3557e-11,1.8548e-11
2.3185e-11,1.2765e-11,2.4085e-11
3.0149e-11,3.0625e-11,1.5185e-11
3.1018e-11,3.0901e-11,1.7695e-11
4.2526e-11,5.0577e-11,5.7001e-11
2.7274e-11,2.298e-11,3.1663e-11
2.7062e-11,1.6755e-11,2.1128e-11
3.43e-11,2.305e-11,2.0392e-11
4.0876e-11,2.8713e-11,2.2848e-11
4.2101e-11,4.4914e-11,5.696e-11
3.0786e-11,2.1477e-11,2.0794e-11
3.1659e-11,1.759e-11,2.0939e-11
2.9033e-11,1.4235e-11,3.0642e-11
3.773e-11,1.7224e-11,2.1406e-11
3.3843e-11,1.6957e-11,2.3874e-11
3.8139e-11,1.3111e-11,2.6456e-11
5.052e-11,2.5889e-11,5.067e-11
4.228e-11,1.2007e-11,2.845e-11
5.9172e-11,1.357e-11,3.4923e-11
6.5064e-11,1.9384e-11,4.3316e-11
4.704e-11,1.9188e-11,3.4228e-11
4.1243e-11,2.0407e-11,3.4968e-11
4.6793e-11,1.9828e-11,3.32e-11
4.2023e-11,1.9612e-11,3.7349e-11
6.6919e-11,1.8623e-11,4.753e-11
5.8773e-11,1.3527e-11,4.2498e-11
5.1165e-11,1.1826e-11,4.2073e-11
7.2765e-11,3.3139e-11,1.9858e-11
1.2799e-11,4.2275e-11,5.2496e-11
2.209e-11,4.3272e-11,4.5434e-11
1.5399e-11,3.3393e-11,3.4044e-11
2.1958e-11,2.3411e-11,1.4774e-11
1.9346e-11,3.0041e-11,2.5913e-11
2.0999e-11,2.041e-11,1.8049e-11
2.7587e-11,2.4404e-11,2.7923e-11
2.3038e-11,1.386e-11,2.4245e-11
3.8488e-11,5.1483e-11,5.7182e-11
2.8408e-11,1.9289e-11,2.0297e-11
2.8047e-11,1.9388e-11,1.9944e-11
3.7023e-11,5.4034e-11,5.1212e-11
2.4752e-11,1.3045e-11,2.3547e-11
2.8896e-11,1.3162e-11,2.6556e-11
3.7599e-11,1.4483e-11,2.3308e-11
5.3977e-11,2.8191e-11,3.2488e-11
3.804e-11,2.1859e-11,3.7227e-11
5.1568e-11,1.8358e-11,3.2038e-11
4.7736e-11,2.6535e-11,4.8412e-11
3.5355e-11,1.7002e-11,2.0939e-11
4.5649e-11,2.1098e-11,4.5864e-11
4.4067e-11,1.5278e-11,3.4624e-11
4.9099e-11,1.6328e-11,4.155e-11
6.3347e-11,1.4721e-11,4.5774e-11
4.5652e-11,1.8692e-11,4.2338e-11
4.9135e-11,1.3568e-11,4.1399e-11
1.505e-11,4.3112e-11,4.6932e-11
7.5135e-11,2.6415e-11,1.1854e-11
1.1585e-11,3.9152e-11,4.1531e-11
1.4947e-11,4.393e-11,4.7081e-11
1.2873e-11,3.6119e-11,4.5248e-11
2.5129e-11,4.465e-11,4.7903e-11
2.5549e-11,4.776e-11,5.0476e-11
2.235e-11,5.8967e-11,5.467e-11
1.15e-11,3.3845e-11,3.8493e-11
1.2083e-11,3.8381e-11,4.1237e-11
1.1575e-11,3.4943e-11,3.6469e-11
1.2575e-11,2.7957e-11,2.9447e-11
2.3889e-11,2.7587e-11,1.159e-11
1.348e-11,3.0932e-11,3.0598e-11
1.5994e-11,3.623e-11,3.078e-11
1.5553e-11,2.4988e-11,2.239e-11
2.2583e-11,2.6452e-11,1.4056e-11
1.9212e-11,3.9266e-11,3.9055e-11
1.9667e-11,3.7685e-11,3.536e-11
2.0187e-11,2.1799e-11,1.6171e-11
1.9805e-11,3.7237e-11,3.4684e-11
2.0316e-11,1.9735e-11,1.8415e-11
2.9124e-11,1.8163e-11,2.7368e-11
2.1814e-11,2.0049e-11,1.6068e-11
3.1334e-11,3.4408e-11,3.7159e-11
3.3766e-11,2.9431e-11,2.1513e-11
4.4101e-11,4.3367e-11,5.4998e-11
3.303e-11,2.9683e-11,3.5437e-11
2.9264e-11,1.0902e-11,2.5254e-11
4.5384e-11,4.0058e-11,5.1182e-11
5.0331e-11,2.5453e-11,2.8451e-11
3.2341e-11,1.6825e-11,2.2132e-11
4.3966e-11,2.3669e-11,4.714e-11
3.6831e-11,1.4085e-11,3.3072e-11
4.2347e-11,1.4505e-11,4.1486e-11
3.6879e-11,1.3103e-11,2.7114e-11
4.0055e-11,1.1016e-11,2.8427e-11
4.8108e-11,2.3665e-11,4.9696e-11
6.7768e-11,1.9958e-11,4.5544e-11
6.4964e-11,2.5319e-11,1.7107e-11
1.5122e-11,3.9632e-11,4.906e-11
2.5521e-11,4.2984e-11,4.3657e-11
2.3312e-11,3.9768e-11,4.6745e-11
2.6747e-11,3.8487e-11,4.7165e-11
1.2735e-11,3.8553e-11,4.2255e-11
1.0811e-11,3.5152e-11,4.0948e-11
1.2583e-11,4.1904e-11,4.3783e-11
2.038e-11,4.7092e-11,4.2377e-11
1.9208e-11,1.8191e-11,1.9641e-11
1.4889e-11,3.0836e-11,2.9839e-11
1.6573e-11,2.6119e-11,2.2403e-11
1.9551e-11,1.2396e-11,1.9925e-11
2.4855e-11,1.3462e-11,1.7628e-11
2.6875e-11,2.3889e-11,2.5363e-11
2.0481e-11,1.2509e-11,2.1462e-11
1.9808e-11,2.1176e-11,1.225e-11
3.9483e-11,4.9708e-11,5.6303e-11
3.1734e-11,4.2019e-11,4.6932e-11
2.4754e-11,1.7192e-11,1.907e-11
2.6834e-11,1.9753e-11,1.5706e-11
2.9291e-11,1.0014e-11,2.5591e-11
2.6114e-11,1.5436e-11,1.9946e-11
2.6957e-11,1.6434e-11,2.0113e-11
4.375e-11,2.7391e-11,2.4304e-11
2.7913e-11,1.3896e-11,3.0287e-11
3.3414e-11,1.8382e-11,1.895e-11
5.7407e-11,2.4888e-11,3.2165e-11
5.5076e-11,2.3955e-11,3.2832e-11
3.2202e-11,1.4976e-11,2.4235e-11
5.3542e-11,1.8222e-11,3.3569e-11
3.31e-11,1.6949e-11,2.3849e-11
3.8438e-11,1.3642e-11,3.0023e-11
3.6561e-11,1.4984e-11,2.517e-11
4.0834e-11,1.5093e-11,2.8514e-11
3.8818e-11,1.4791e-11,3.3159e-11
4.1753e-11,1.3693e-11,3.1808e-11
4.3062e-11,1.8241e-11,3.9832e-11
1.6682e-11,3.966e-11,3.7327e-11
6.8406e-11,2.7814e-11,1.501e-11
7.0074e-11,3.4821e-11,1.6371e-11
1.3072e-11,3.6947e-11,4.134e-11
1.6501e-11,3.695e-11,4.4883e-11
1.4675e-11,4.0473e-11,4.3021e-11
1.4118e-11,4.1319e-11,4.4713e-11
1.2511e-11,4.0225e-11,4.9749e-11
1.5782e-11,3.9386e-11,4.4152e-11
1.3112e-11,3.0058e-11,3.4716e-11
1.3842e-11,3.0197e-11,2.7789e-11
2.2546e-11,1.5249e-11,1.9015e-11
3.2263e-11,5.1271e-11,5.6117e-11
1.9604e-11,3.005e-11,2.4024e-11
2.3463e-11,3.4567e-11,2.8928e-11
2.0538e-11,1.7496e-11,1.3678e-11
2.0482e-11,1.6806e-11,1.4765e-11
3.0676e-11,3.9647e-11,4.1776e-11
2.5611e-11,1.9652e-11,1.6541e-11
3.2653e-11,2.7742e-11,2.0809e-11
3.0673e-11,2.6436e-11,3.8103e-11
2.6926e-11,1.8406e-11,1.8881e-11
3.0907e-11,1.944e-11,3.5635e-11
3.1712e-11,1.5085e-11,2.2559e-11
3.5191e-11,1.774e-11,3.6431e-11
3.4304e-11,1.5613e-11,2.2482e-11
3.4519e-11,1.7825e-11,2.7452e-11
3.9755e-11,1.4942e-11,3.257e-11
6.1919e-11,1.6321e-11,4.0756e-11
3.7798e-11,1.7266e-11,3.2175e-11
4.6873e-11,1.2948e-11,3.8594e-11
4.5908e-11,1.5521e-11,4.2266e-11
1.5574e-11,3.9188e-11,4.0899e-11
1.2839e-11,4.0747e-11,4.2622e-11
6.592e-11,2.3768e-11,1.5242e-11
1.8604e-11,3.3667e-11,3.607e-11
6.5388e-11,2.3424e-11,1.1769e-11
2.1602e-11,4.0286e-11,4.1521e-11
5.3417e-11,4.2422e-11,1.5284e-11
5.0035e-11,4.6135e-11,1.6607e-11
1.0051e-11,3.7069e-11,3.8651e-11
1.1714e-11,3.2652e-11,4.1039e-11
1.3594e-11,3.582e-11,3.9644e-11
1.2284e-11,2.7021e-11,3.2664e-11
2.0624e-11,2.2652e-11,1.4366e-11
2.6295e-11,5.6857e-11,5.077e-11
1.8847e-11,1.6076e-11,2.0175e-11
1.7978e-11,1.5132e-11,2.01e-11
2.0152e-11,1.3616e-11,2.1417e-11
2.1201e-11,1.7566e-11,1.8248e-11
2.0711e-11,1.7238e-11,1.9363e-11
2.236e-11,1.8615e-11,1.5517e-11
2.8677e-11,1.8587e-11,1.6829e-11
2.533e-11,1.4e-11,2.7834e-11
2.9535e-11,1.4682e-11,2.1748e-11
2.4316e-11,1.3223e-11,2.9861e-11
3.1307e-11,1.0698e-11,2.5254e-11
3.7794e-11,2.474e-11,3.6264e-11
3.5187e-11,1.219e-11,2.1511e-11
3.9281e-11,1.3803e-11,2.2664e-11
5.3689e-11,2.2401e-11,3.0486e-11
2.9665e-11,1.8476e-11,2.1144e-11
4.7878e-11,3.5263e-11,4.82e-11
4.1238e-11,1.7627e-11,2.9379e-11
4.0733e-11,1.4053e-11,3.3024e-11
3.7891e-11,1.7831e-11,3.4779e-11
4.1125e-11,1.2878e-11,3.6437e-11
2.1052e-11,3.4335e-11,3.6832e-11
6.6469e-11,2.2732e-11,1.0321e-11
1.6504e-11,4.0581e-11,4.037e-11
1.5086e-11,3.6182e-11,3.9114e-11
4.7653e-11,4.1755e-11,1.4509e-11
4.665e-11,4.4208e-11,1.6682e-11
6.2198e-11,2.6112e-11,1.8854e-11
6.4802e-11,3.2953e-11,1.6565e-11
1.0697e-11,3.4331e-11,3.4556e-11
1.5065e-11,2.771e-11,3.5146e-11
2.0638e-11,3.6221e-11,4.1154e-11
2.6735e-11,2.5773e-11,1.4506e-11
1.4582e-11,3.7188e-11,4.468e-11
2.5782e-11,2.929e-11,1.148e-11
1.3029e-11,2.9111e-11,3.3869e-11
1.4856e-11,2.6927e-11,3.1212e-11
1.4728e-11,1.9149e-11,2.355e-11
1.92e-11,1.949e-11,2.096e-11
1.9579e-11,1.607e-11,1.5543e-11
2.9112e-11,3.6863e-11,4.3286e-11
2.3899e-11,2.9693e-11,3.6391e-11
2.4713e-11,2.7439e-11,3.1394e-11
2.2538e-11,1.0844e-11,2.2256e-11
4.3433e-11,4.1282e-11,5.3525e-11
3.5911e-11,2.852e-11,3.3848e-11
3.5343e-11,2.2961e-11,3.7004e-11
3.7403e-11,1.1543e-11,2.1601e-11
3.477e-11,1.1188e-11,2.051e-11
3.0494e-11,1.6837e-11,2.3967e-11
2.9537e-11,1.7443e-11,2.2229e-11
3.8928e-11,2.0458e-11,4.3223e-11
3.7555e-11,1.1744e-11,2.8305e-11
3.6762e-11,1.8038e-11,3.2472e-11
3.6935e-11,1.3364e-11,3.2969e-11
6.138e-11,1.5728e-11,4.1694e-11
5.3794e-11,1.1899e-11,4.0748e-11
5.7049e-11,1.2503e-11,4.2531e-11
6.3735e-11,3.51e-11,1.7382e-11
1.8415e-11,3.882e-11,4.0105e-11
1.6113e-11,2.9878e-11,3.7202e-11
1.9368e-11,2.468e-11,3.1302e-11
1.7441e-11,2.6973e-11,3.2489e-11
2.6695e-11,2.6413e-11,1.667e-11
1.3229e-11,2.7373e-11,3.4399e-11
1.338e-11,3.588e-11,3.8331e-11
1.6086e-11,3.4756e-11,3.3577e-11
2.1511e-11,2.6408e-11,1.4616e-11
1.5733e-11,2.1418e-11,2.2699e-11
2.2518e-11,1.219e-11,1.8093e-11
2.4812e-11,1.4105e-11,2.4205e-11
2.119e-11,1.9171e-11,1.5176e-11
2.4926e-11,1.989e-11,2.8828e-11
3.0622e-11,1.0254e-11,2.4426e-11
2.4758e-11,1.1028e-11,2.3081e-11
2.7325e-11,1.8143e-11,1.6743e-11
3.6434e-11,2.2591e-11,2.2504e-11
4.7285e-11,2.4173e-11,2.5822e-11
2.7168e-11,1.0453e-11,2.5271e-11
3.0363e-11,1.0365e-11,2.4859e-11
6.2597e-11,2.4159e-11,3.4131e-11
3.1016e-11,1.0408e-11,2.86e-11
3.5523e-11,1.8459e-11,4.0065e-11
4.1966e-11,1.8778e-11,4.168e-11
4.5873e-11,1.0926e-11,3.3566e-11
6.1152e-11,2.8514e-11,1.8597e-11
6.1291e-11,3.1535e-11,1.3464e-11
4.3515e-11,4.713e-11,1.8713e-11
1.0158e-11,3.1541e-11,3.2841e-11
6.0614e-11,3.3825e-11,1.5862e-11
5.9529e-11,3.5224e-11,1.8084e-11
1.4523e-11,3.2989e-11,4.357e-11
5.2539e-11,2.9819e-11,2.0489e-11
5.9941e-11,3.1821e-11,1.2547e-11
2.0812e-11,2.4562e-11,3.0172e-11
2.2572e-11,2.4221e-11,1.2561e-11
1.7004e-11,1.5585e-11,1.9557e-11
2.3501e-11,2.331e-11,1.749e-11
1.9565e-11,1.9286e-11,2.5992e-11
1.5257e-11,2.3831e-11,2.1761e-11
1.5918e-11,3.2541e-11,2.7622e-11
1.665e-11,1.3358e-11,1.807e-11
1.7654e-11,3.3504e-11,3.8521e-11
1.9147e-11,3.235e-11,3.6005e-11
1.7213e-11,2.4066e-11,2.4013e-11
2.0092e-11,1.8042e-11,1.8365e-11
1.8386e-11,2.4868e-11,2.554e-11
2.1911e-11,1.0484e-11,1.9082e-11
3.9438e-11,4.4722e-11,5.29e-11
2.3553e-11,1.8669e-11,1.6181e-11
2.399e-11,1.8578e-11,1.5587e-11
2.872e-11,3.0157e-11,3.4771e-11
2.5059e-11,1.9763e-11,1.6281e-11
2.489e-11,1.9547e-11,1.7125e-11
3.1477e-11,2.2637e-11,3.7633e-11
2.3255e-11,1.3322e-11,2.7173e-11
4.3415e-11,4.103e-11,5.3755e-11
2.6495e-11,1.1105e-11,2.1669e-11
3.4031e-11,2.1346e-11,3.4985e-11
3.7244e-11,2.4723e-11,3.7442e-11
4.5365e-11,3.4345e-11,4.8532e-11
4.2762e-11,2.9746e-11,4.4918e-11
2.9366e-11,1.0631e-11,2.8505e-11
4.3392e-11,1.4516e-11,2.8178e-11
4.4303e-11,2.6756e-11,4.7086e-11
3.8231e-11,1.5829e-11,3.74e-11
4.4059e-11,1.4498e-11,4.5186e-11
1.7802e-11,3.3225e-11,3.6377e-11
6.4699e-11,2.6014e-11,1.2673e-11
3.5801e-11,4.9903e-11,1.7765e-11
1.7644e-11,2.9838e-11,3.087e-11
1.4083e-11,2.8888e-11,3.9372e-11
1.4204e-11,5.2902e-11,5.2286e-11
5.842e-11,3.3485e-11,1.8255e-11
1.189e-11,3.2096e-11,3.7407e-11
1.746e-11,1.6074e-11,2.0695e-11
2.4942e-11,2.3822e-11,1.8576e-11
1.1029e-11,2.826e-11,2.679e-11
2.6357e-11,6.1913e-11,5.7522e-11
2.4611e-11,2.0333e-11,1.2417e-11
1.7303e-11,1.9847e-11,1.8212e-11
1.635e-11,2.7287e-11,3.1561e-11
2.0562e-11,3.3214e-11,3.5448e-11
2.098e-11,2.0231e-11,2.1109e-11
1.8658e-11,2.2919e-11,1.408e-11
1.9852e-11,1.2094e-11,1.7944e-11
2.229e-11,1.088e-11,2.1295e-11
2.3734e-11,1.3871e-11,2.2698e-11
2.8599e-11,2.988e-11,3.1603e-11
2.0789e-11,1.1374e-11,2.2569e-11
4.2745e-11,3.8436e-11,5.0098e-11
2.4214e-11,1.7123e-11,1.7553e-11
4.4407e-11,1.6682e-11,2.4621e-11
2.9077e-11,9.9149e-12,2.3625e-11
2.743e-11,9.4836e-12,2.639e-11
2.455e-11,1.3683e-11,2.3401e-11
2.9462e-11,1.3283e-11,2.3158e-11
4.2216e-11,1.5489e-11,2.6993e-11
3.2285e-11,1.0906e-11,2.8882e-11
3.0385e-11,1.1308e-11,2.0768e-11
6.2645e-11,1.9791e-11,3.6857e-11
3.2465e-11,1.0372e-11,2.3065e-11
3.1414e-11,1.1867e-11,2.7939e-11
3.143e-11,1.1823e-11,2.6518e-11
3.5366e-11,1.4036e-11,2.907e-11
3.5617e-11,1.509e-11,2.9396e-11
3.2521e-11,1.1322e-11,2.8586e-11
4.1365e-11,9.223e-12,3.2414e-11
4.1313e-11,1.8537e-11,2.9623e-11
4.7894e-11,1.6581e-11,3.4002e-11
4.515e-11,1.5327e-11,3.9585e-11
6.2521e-11,2.1253e-11,7.0956e-12
3.9461e-11,4.2893e-11,1.6504e-11
1.3054e-11,4.192e-11,4.0594e-11
6.3121e-11,2.6465e-11,1.0432e-11
1.6838e-11,2.9495e-11,3.2909e-11
6.2008e-11,3.113e-11,1.3522e-11
9.9319e-12,3.1294e-11,3.3593e-11
1.0974e-11,2.7944e-11,3.7661e-11
5.2876e-11,4.1776e-11,1.836e-11
3.7793e-11,5.0622e-11,1.9736e-11
1.5522e-11,2.8723e-11,3.0155e-11
5.2247e-11,4.2403e-11,1.9016e-11
5.7506e-11,3.3985e-11,1.8192e-11
5.3419e-11,3.7926e-11,1.9199e-11
1.2038e-11,3.2968e-11,4.2896e-11
5.4208e-11,2.4338e-11,1.3564e-11
1.7192e-11,3.0304e-11,3.5791e-11
1.0173e-11,2.4825e-11,3.0777e-11
1.0319e-11,2.4887e-11,2.9785e-11
4.1688e-11,2.6666e-11,1.9544e-11
1.5488e-11,5.1839e-11,4.5357e-11
1.6849e-11,3.9221e-11,3.2192e-11
1.4133e-11,1.5102e-11,1.7546e-11
1.9812e-11,2.0721e-11,1.3598e-11
1.7387e-11,1.4594e-11,1.5378e-11
1.6788e-11,1.3182e-11,1.6489e-11
2.1759e-11,3.4479e-11,3.7807e-11
2.2068e-11,1.961e-11,1.4126e-11
2.8033e-11,2.2884e-11,1.1821e-11
1.7375e-11,2.8025e-11,3.238e-11
3.3022e-11,5.7172e-11,5.797e-11
3.2876e-11,5.7364e-11,5.8425e-11
2.5528e-11,3.7898e-11,4.0235e-11
2.2069e-11,1.1155e-11,2.0338e-11
2.0555e-11,9.7741e-12,1.9383e-11
2.5353e-11,2.8568e-11,2.6124e-11
2.573e-11,1.2289e-11,1.6672e-11
2.1197e-11,1.1192e-11,2.3985e-11
3.588e-11,2.9626e-11,4.1943e-11
2.4111e-11,1.3468e-11,1.8531e-11
2.441e-11,1.2845e-11,1.9357e-11
2.7668e-11,9.6294e-12,2.2597e-11
5.9234e-11,2.2313e-11,3.0939e-11
2.9472e-11,1.106e-11,2.5218e-11
5.1526e-11,1.6146e-11,3.3288e-11
5.062e-11,1.3385e-11,3.2149e-11
2.9295e-11,1.123e-11,2.5843e-11
3.7038e-11,1.6857e-11,3.2585e-11
4.0107e-11,1.514e-11,3.5642e-11
5.604e-11,1.3069e-11,4.1161e-11
4.2753e-11,1.0519e-11,3.8224e-11
1.0854e-11,3.4581e-11,3.3811e-11
1.5357e-11,3.555e-11,3.6897e-11
1.6142e-11,2.9174e-11,3.3105e-11
1.7887e-11,2.9106e-11,3.0568e-11
1.3904e-11,4.1632e-11,4.2769e-11
1.0952e-11,5.111e-11,5.1577e-11
3.0031e-11,5.4047e-11,2.145e-11
5.4948e-11,2.373e-11,1.2095e-11
5.9173e-11,3.1775e-11,1.7013e-11
5.266e-11,2.7461e-11,1.6336e-11
4.604e-11,2.8737e-11,1.7482e-11
4.4391e-11,2.5062e-11,1.317e-11
1.6853e-11,1.5154e-11,1.9814e-11
1.8248e-11,3.6976e-11,3.8832e-11
1.8582e-11,3.1162e-11,3.3949e-11
2.5186e-11,2.1304e-11,1.3264e-11
1.8875e-11,3.0774e-11,3.3628e-11
1.6903e-11,1.3829e-11,1.7946e-11
2.3952e-11,3.2677e-11,3.056e-11
2.3984e-11,2.0284e-11,2.3843e-11
2.1233e-11,1.7217e-11,1.4629e-11
1.9926e-11,2.1201e-11,2.4485e-11
3.7142e-11,3.5053e-11,4.4054e-11
2.3603e-11,1.8629e-11,2.7235e-11
2.299e-11,1.0174e-11,1.9582e-11
2.3319e-11,1.8588e-11,1.5522e-11
3.8709e-11,3.6326e-11,4.6999e-11
2.8639e-11,2.8908e-11,3.5198e-11
2.5185e-11,1.0121e-11,2.1314e-11
3.2475e-11,1.251e-11,1.7321e-11
2.5666e-11,1.0878e-11,2.2482e-11
2.4479e-11,1.2265e-11,2.4119e-11
5.9352e-11,1.8507e-11,3.6817e-11
4.8863e-11,1.5347e-11,3.3832e-11
4.7135e-11,1.5463e-11,3.7709e-11
4.2995e-11,1.4222e-11,3.9124e-11
4.6665e-11,1.649e-11,4.1174e-11
4.6792e-11,1.0595e-11,4.1957e-11
1.5289e-11,3.2521e-11,3.1768e-11
1.7202e-11,3.0976e-11,3.1352e-11
5.537e-11,3.3467e-11,1.8613e-11
1.4102e-11,3.3091e-11,3.3188e-11
5.538e-11,3.4924e-11,1.3941e-11
1.7369e-11,3.1768e-11,3.3008e-11
5.2696e-11,2.1528e-11,1.3907e-11
1.626e-11,2.8602e-11,3.3256e-11
1.065e-11,3.3579e-11,3.9052e-11
1.4082e-11,2.7879e-11,3.4927e-11
1.0165e-11,2.4896e-11,3.3648e-11
5.1301e-11,2.727e-11,1.7947e-11
3.6799e-11,2.1763e-11,1.2421e-11
1.3523e-11,5.283e-11,4.9457e-11
3.7191e-11,2.1839e-11,1.0294e-11
2.9926e-11,2.0041e-11,1.0587e-11
1.3724e-11,1.2342e-11,1.7555e-11
1.1191e-11,2.4565e-11,2.692e-11
1.2807e-11,2.6825e-11,2.9166e-11
1.5111e-11,1.2262e-11,1.8879e-11
2.9842e-11,2.8349e-11,1.5674e-11
1.8734e-11,1.9534e-11,1.2998e-11
2.3349e-11,2.1616e-11,1.3173e-11
2.4742e-11,3.227e-11,3.041e-11
1.9846e-11,1.6769e-11,1.679e-11
1.7462e-11,1.7294e-11,1.4898e-11
1.7832e-11,1.6242e-11,1.3463e-11
1.7995e-11,1.8177e-11,1.6744e-11
2.588e-11,1.3843e-11,1.4422e-11
2.2891e-11,1.5289e-11,2.5373e-11
2.1729e-11,1.0928e-11,2.0712e-11
2.8979e-11,1.2258e-11,1.6045e-11
2.2938e-11,1.3421e-11,1.8178e-11
2.8487e-11,1.2555e-11,1.8283e-11
3.0656e-11,1.09e-11,2.5515e-11
2.8831e-11,1.046e-11,2.4264e-11
3.0378e-11,1.0295e-11,2.6779e-11
3.2022e-11,7.5546e-12,2.7203e-11
3.9499e-11,1.5138e-11,2.9815e-11
4.6647e-11,1.0021e-11,3.6968e-11
3.597e-11,1.2285e-11,3.3627e-11
5.4953e-11,3.0733e-11,1.5661e-11
1.0913e-11,3.2603e-11,3.5104e-11
1.8132e-11,3.0003e-11,3.0644e-11
4.2141e-11,3.7912e-11,1.7252e-11
6.0788e-11,2.935e-11,1.3604e-11
1.5269e-11,2.6298e-11,3.3085e-11
5.2958e-11,1.9359e-11,8.4431e-12
5.3732e-11,3.8669e-11,1.7431e-11
1.0168e-11,5.3019e-11,5.0352e-11
5.2573e-11,4.0601e-11,1.8419e-11
1.0126e-11,3.2315e-11,3.2223e-11
1.013e-11,2.3182e-11,3.1349e-11
1.2405e-11,2.4619e-11,2.9821e-11
2.0355e-11,2.2438e-11,1.7933e-11
3.3884e-11,2.075e-11,9.0239e-12
3.1405e-11,2.1576e-11,1.0617e-11
9.3698e-12,2.2447e-11,2.6697e-11
3.9635e-11,2.6248e-11,1.3984e-11
1.3975e-11,3.0705e-11,3.6273e-11
2.3694e-11,6.8539e-11,5.4877e-11
1.768e-11,3.3226e-11,3.4956e-11
2.2983e-11,1.9848e-11,1.0427e-11
2.4762e-11,5.6958e-11,5.3842e-11
3.2126e-11,2.6401e-11,1.2368e-11
2.0757e-11,1.8679e-11,1.1984e-11
1.6409e-11,1.897e-11,1.756e-11
3.1794e-11,5.0383e-11,5.5038e-11
2.8795e-11,2.9124e-11,1.6179e-11
1.789e-11,1.5302e-11,1.2416e-11
2.8657e-11,2.8554e-11,3.0529e-11
1.8781e-11,1.726e-11,1.6248e-11
2.2273e-11,1.198e-11,1.6517e-11
2.0244e-11,1.1395e-11,2.1085e-11
2.8194e-11,1.4269e-11,3.0146e-11
2.7013e-11,1.4081e-11,2.6757e-11
2.9303e-11,1.1347e-11,2.4464e-11
5.4123e-11,1.9401e-11,2.8715e-11
3.529e-11,1.1941e-11,2.1769e-11
5.6058e-11,4.0618e-11,3.46e-11
3.9662e-11,2.6489e-11,4.2441e-11
5.4862e-11,1.5833e-11,3.6262e-11
2.7638e-11,1.1281e-11,2.4252e-11
5.1841e-11,1.5295e-11,3.2701e-11
2.8166e-11,1.1727e-11,2.5236e-11
3.0049e-11,7.9536e-12,2.3637e-11
3.3722e-11,1.3141e-11,3.1494e-11
3.1646e-11,1.0905e-11,2.6129e-11
3.1749e-11,7.4789e-12,2.8592e-11
3.0797e-11,1.064e-11,2.9705e-11
3.4755e-11,7.8203e-12,3.169e-11
5.0195e-11,1.1379e-11,3.8487e-11
4.451e-11,1.2977e-11,4.0125e-11
4.8767e-11,1.4198e-11,3.7966e-11
4.4803e-11,9.7625e-12,4.3214e-11
6.4961e-11,2.6749e-11,1.0115e-11
5.23e-11,2.4786e-11,1.9285e-11
9.9277e-12,3.6936e-11,3.6257e-11
1.7215e-11,2.9418e-11,2.9878e-11
5.2982e-11,1.8951e-11,7.3668e-12
4.3492e-11,3.72e-11,1.6082e-11
4.29e-11,3.8381e-11,1.6249e-11
1.039e-11,3.4571e-11,4.1788e-11
1.3409e-11,2.4694e-11,3.2088e-11
1.7515e-11,1.8258e-11,2.6693e-11
4.7318e-11,2.1534e-11,1.0069e-11
3.4383e-11,5.0464e-11,2.0442e-11
8.6935e-12,2.6459e-11,3.1957e-11
4.9174e-11,4.1669e-11,1.8819e-11
1.5264e-11,3.6197e-11,3.4135e-11
1.928e-11,2.3826e-11,1.2425e-11
1.7722e-11,1.6304e-11,1.547e-11
2.4536e-11,2.0848e-11,1.0921e-11
2.6226e-11,3.6411e-11,4.2483e-11
1.6253e-11,1.6792e-11,1.2017e-11
1.5921e-11,2.3574e-11,2.423e-11
2.9093e-11,2.9756e-11,1.8611e-11
2.5318e-11,2.7847e-11,1.6246e-11
2.6419e-11,3.7198e-11,4.0458e-11
3.5471e-11,3.2557e-11,4.1536e-11
3.1533e-11,2.616e-11,3.7938e-11
2.379e-11,2.2508e-11,2.6692e-11
2.9154e-11,2.7257e-11,2.04e-11
3.3944e-11,3.6138e-11,1.9681e-11
3.5073e-11,2.9629e-11,2.6458e-11
4.2055e-11,2.7417e-11,2.484e-11
2.9502e-11,1.2475e-11,1.8071e-11
3.7195e-11,2.8274e-11,4.1101e-11
2.9153e-11,1.5077e-11,3.2414e-11
6.0556e-11,1.9748e-11,3.721e-11
3.1751e-11,1.2657e-11,3.1011e-11
3.0539e-11,1.0131e-11,2.5608e-11
4.7017e-11,1.1209e-11,3.3128e-11
3.9592e-11,1.5255e-11,3.3169e-11
4.6681e-11,9.5281e-12,4.3315e-11
1.0659e-11,2.6063e-11,2.9465e-11
1.4393e-11,2.7769e-11,3.0318e-11
9.8266e-12,3.267e-11,3.1212e-11
5.363e-11,1.9398e-11,9.9526e-12
3.834e-11,3.7799e-11,1.4045e-11
1.5484e-11,2.8145e-11,3.3828e-11
9.9246e-12,3.7775e-11,3.7918e-11
7.2833e-12,4.6953e-11,4.5072e-11
2.8414e-11,5.2495e-11,2.1331e-11
4.101e-11,4.2564e-11,1.9705e-11
4.4907e-11,2.7002e-11,2.1123e-11
2.2082e-11,2.4287e-11,1.2929e-11
2.2048e-11,2.4563e-11,1.259e-11
1.421e-11,2.66e-11,3.2168e-11
1.9804e-11,1.9973e-11,2.085e-11
1.3744e-11,1.2891e-11,1.701e-11
3.9678e-11,3.2201e-11,1.7537e-11
2.2447e-11,6.7091e-11,5.4087e-11
2.0411e-11,3.2759e-11,3.0445e-11
1.2369e-11,2.1637e-11,2.2586e-11
1.536e-11,1.5208e-11,1.8566e-11
2.7162e-11,2.8501e-11,2.0378e-11
1.5696e-11,2.2344e-11,2.3717e-11
1.7188e-11,1.4721e-11,1.2487e-11
1.671e-11,1.988e-11,1.2821e-11
4.0959e-11,4.77e-11,5.5509e-11
3.3848e-11,2.8678e-11,3.9864e-11
3.695e-11,2.6654e-11,2.1771e-11
3.7649e-11,2.9011e-11,2.8698e-11
2.3835e-11,1.1395e-11,2.5037e-11
3.154e-11,1.7125e-11,3.1105e-11
2.543e-11,1.275e-11,2.7251e-11
5.5632e-11,4.1062e-11,3.1809e-11
5.4627e-11,4.425e-11,4.0435e-11
5.8529e-11,4.4186e-11,3.9571e-11
2.7732e-11,1.1069e-11,2.4265e-11
3.7177e-11,1.0482e-11,2.2756e-11
3.0156e-11,1.1735e-11,2.9461e-11
2.5598e-11,1.0257e-11,1.9879e-11
2.8913e-11,1.0403e-11,2.6797e-11
6.1374e-11,1.8849e-11,3.4914e-11
2.8261e-11,9.3556e-12,2.5686e-11
6.0245e-11,1.8292e-11,3.6939e-11
3.3647e-11,1.2859e-11,3.2712e-11
2.9051e-11,1.1632e-11,2.7526e-11
5.8205e-11,1.642e-11,3.8518e-11
4.531e-11,9.7453e-12,3.6095e-11
4.4371e-11,1.2028e-11,3.8599e-11
4.5158e-11,7.7168e-12,4.5939e-11
5.6633e-11,2.6006e-11,1.7363e-11
4.1869e-11,3.5182e-11,1.6002e-11
4.9009e-11,3.4759e-11,1.99e-11
2.115e-11,1.7359e-11,2.4005e-11
3.2297e-11,4.9968e-11,2.1226e-11
9.4313e-12,2.3416e-11,2.8739e-11
1.4637e-11,2.8211e-11,3.4221e-11
4.2468e-11,3.6804e-11,2.1458e-11
3.3311e-11,1.7844e-11,7.5474e-12
3.2268e-11,6.1883e-11,2.6181e-11
1.694e-11,3.419e-11,3.1975e-11
3.0928e-11,2.0165e-11,8.9057e-12
1.7595e-11,6.1445e-11,5.2325e-11
1.2297e-11,2.2946e-11,2.8585e-11
1.1967e-11,2.1664e-11,2.6058e-11
1.3667e-11,2.2093e-11,2.6323e-11
1.5519e-11,1.4756e-11,1.7781e-11
2.2438e-11,1.9637e-11,9.9202e-12
1.544e-11,1.4329e-11,1.6482e-11
1.7279e-11,1.8301e-11,1.584e-11
1.9089e-11,1.7973e-11,1.0784e-11
1.6123e-11,1.6966e-11,1.174e-11
1.4139e-11,1.0761e-11,1.8366e-11
1.8625e-11,1.8543e-11,1.5971e-11
2.8397e-11,3.5488e-11,1.8667e-11
1.6725e-11,1.6788e-11,1.5893e-11
1.9828e-11,1.4751e-11,1.6251e-11
3.8869e-11,5.1776e-11,5.7691e-11
1.87e-11,1.1669e-11,1.8129e-11
1.8263e-11,1.1778e-11,1.7492e-11
2.157e-11,1.8753e-11,1.3833e-11
2.5738e-11,2.6172e-11,1.7315e-11
3.3162e-11,3.5474e-11,2.4122e-11
2.5517e-11,1.7432e-11,2.913e-11
4.3727e-11,2.6262e-11,2.5294e-11
3.6619e-11,2.7057e-11,3.9888e-11
2.4069e-11,1.1526e-11,1.6366e-11
5.0646e-11,1.7122e-11,3.0295e-11
3.8111e-11,2.7667e-11,4.1853e-11
6.2531e-11,2.7884e-11,3.3037e-11
3.5618e-11,2.2832e-11,3.835e-11
5.5237e-11,1.7729e-11,3.3671e-11
2.8445e-11,1.3417e-11,2.9926e-11
2.9124e-11,9.6202e-12,2.6195e-11
3.0994e-11,7.1295e-12,2.4007e-11
5.9796e-11,1.9794e-11,3.998e-11
3.9779e-11,1.4429e-11,3.5701e-11
4.4704e-11,1.7522e-11,3.9409e-11
4.2267e-11,1.0021e-11,3.3659e-11
3.875e-11,8.6565e-12,3.5195e-11
4.6566e-11,1.3679e-11,3.64e-11
4.7137e-11,9.4679e-12,4.0845e-11
4.3833e-11,6.9075e-12,4.1946e-11
9.6689e-12,2.9891e-11,3.0904e-11
5.4746e-11,2.7302e-11,1.6095e-11
4.9516e-11,2.9629e-11,1.6485e-11
1.4764e-11,2.9134e-11,3.3596e-11
1.4973e-11,2.7598e-11,2.6048e-11
4.5093e-11,3.4936e-11,2.0431e-11
1.3659e-11,2.296e-11,3.0733e-11
4.4866e-11,3.4689e-11,1.9323e-11
4.381e-11,2.8807e-11,1.6184e-11
1.3286e-11,2.5595e-11,3.0692e-11
1.7191e-11,1.6365e-11,1.7212e-11
4.5734e-11,2.0926e-11,8.2152e-12
1.5287e-11,1.4896e-11,2.1653e-11
1.5064e-11,2.497e-11,3.1127e-11
8.6514e-12,2.0758e-11,2.6632e-11
3.3616e-11,2.134e-11,1.1233e-11
4.4152e-11,3.6969e-11,1.7214e-11
1.775e-11,4.1389e-11,3.7125e-11
2.6297e-11,5.7068e-11,5.504e-11
1.7165e-11,2.1483e-11,2.4555e-11
1.7965e-11,1.5849e-11,1.3499e-11
1.6171e-11,1.7606e-11,1.1352e-11
1.8779e-11,1.6768e-11,1.4524e-11
2.2013e-11,1.1042e-11,1.6714e-11
1.9703e-11,1.7149e-11,1.3925e-11
3.2282e-11,4.3926e-11,2.9534e-11
2.8372e-11,2.5779e-11,1.9529e-11
3.827e-11,4.5047e-11,2.8935e-11
3.8207e-11,3.1677e-11,4.2584e-11
4.191e-11,3.3048e-11,4.6268e-11
4.0766e-11,3.108e-11,4.4471e-11
2.3641e-11,1.2335e-11,1.5466e-11
2.2963e-11,1.1494e-11,1.6405e-11
2.8129e-11,1.0707e-11,1.7718e-11
2.9255e-11,1.8038e-11,3.2777e-11
5.4778e-11,1.7696e-11,3.2788e-11
3.3099e-11,2.0983e-11,3.6897e-11
5.6929e-11,1.7521e-11,3.3449e-11
2.843e-11,8.8171e-12,2.4786e-11
3.0441e-11,1.0406e-11,2.5829e-11
3.4128e-11,1.2314e-11,3.0304e-11
3.8177e-11,1.8788e-11,3.9613e-11
3.1873e-11,6.9901e-12,2.6451e-11
3.0561e-11,1.3435e-11,2.9595e-11
3.697e-11,1.3321e-11,3.3973e-11
4.184e-11,1.3176e-11,3.6373e-11
4.6276e-11,9.0876e-12,4.0651e-11
5.4404e-11,2.1922e-11,1.2193e-11
5.1183e-11,1.8631e-11,8.8492e-12
1.0452e-11,3.9408e-11,3.553e-11
5.0758e-11,1.8693e-11,8.9359e-12
3.5232e-11,3.7435e-11,1.7772e-11
1.5376e-11,2.0532e-11,3.184e-11
1.0514e-11,5.4719e-11,5.1008e-11
4.4889e-11,2.7968e-11,1.5726e-11
1.1309e-11,3.3148e-11,3.4121e-11
1.5952e-11,1.6582e-11,2.2132e-11
3.6493e-11,1.807e-11,7.2922e-12
1.7662e-11,4.4731e-11,4.3625e-11
3.0424e-11,5.0784e-11,2.2831e-11
8.9847e-12,1.9932e-11,2.5914e-11
1.1379e-11,5.1924e-11,4.2621e-11
1.5686e-11,1.3429e-11,1.6252e-11
1.6143e-11,1.6971e-11,1.7207e-11
3.5982e-11,4.6775e-11,2.4071e-11
9.1835e-12,2.2017e-11,2.5591e-11
3.0394e-11,6.2619e-11,2.7657e-11
1.9435e-11,1.8303e-11,2.353e-11
3.7248e-11,2.4287e-11,1.5074e-11
1.8189e-11,4.0851e-11,3.6336e-11
3.6447e-11,3.3e-11,2.2368e-11
1.9645e-11,2.0978e-11,1.1908e-11
1.9846e-11,3.2498e-11,2.9931e-11
1.6001e-11,1.8935e-11,2.3437e-11
1.2309e-11,1.7883e-11,2.0865e-11
3.6956e-11,4.19e-11,2.2119e-11
1.6126e-11,1.443e-11,1.2577e-11
2.9676e-11,3.1604e-11,1.6986e-11
1.7189e-11,1.3179e-11,1.9756e-11
2.3979e-11,3.5472e-11,3.6057e-11
1.7893e-11,8.3521e-12,1.7929e-11
3.1677e-11,2.5543e-11,3.3976e-11
3.3764e-11,3.9015e-11,2.9654e-11
2.4523e-11,1.0078e-11,1.4585e-11
3.7364e-11,2.6055e-11,2.7924e-11
4.3216e-11,2.2312e-11,2.172e-11
2.2645e-11,1.1021e-11,1.7124e-11
5.1202e-11,3.8752e-11,3.4486e-11
3.9804e-11,1.1548e-11,2.4927e-11
6.9274e-11,3.3779e-11,3.6625e-11
6.8111e-11,3.8185e-11,4.1672e-11
2.5584e-11,9.3387e-12,2.3694e-11
3.4405e-11,1.7825e-11,3.5975e-11
2.8458e-11,9.2724e-12,2.6319e-11
6.1426e-11,1.8776e-11,3.6639e-11
3.455e-11,8.1424e-12,3.4519e-11
4.2204e-11,6.4908e-12,4.1357e-11
4.2119e-11,7.4703e-12,4.2682e-11
4.6747e-11,7.1885e-12,4.3835e-11
1.2158e-11,2.7694e-11,2.4388e-11
5.7537e-11,2.0137e-11,9.9045e-12
1.3444e-11,2.2985e-11,2.696e-11
1.0329e-11,2.3969e-11,3.534e-11
2.5329e-11,4.6258e-11,2.1793e-11
1.1404e-11,2.5193e-11,2.4778e-11
3.8377e-11,4.357e-11,2.0911e-11
1.2024e-11,1.9249e-11,2.9398e-11
3.7107e-11,1.8121e-11,7.2054e-12
4.004e-11,2.5356e-11,1.8709e-11
1.531e-11,1.6691e-11,2.5912e-11
1.7769e-11,1.8184e-11,1.4655e-11
1.9674e-11,2.1945e-11,1.4887e-11
1.649e-11,1.8383e-11,1.6816e-11
2.9568e-11,2.0812e-11,1.2895e-11
3.3385e-11,4.811e-11,2.7374e-11
1.1802e-11,2.0243e-11,2.7868e-11
2.8654e-11,6.0202e-11,2.7802e-11
2.1766e-11,1.7035e-11,1.0595e-11
1.4808e-11,1.5282e-11,1.0235e-11
3.3294e-11,4.0354e-11,2.5025e-11
1.3489e-11,8.9829e-12,1.5959e-11
1.8997e-11,2.3449e-11,1.4873e-11
1.5878e-11,1.5544e-11,1.109e-11
1.7868e-11,2.287e-11,1.469e-11
1.7687e-11,1.4842e-11,1.2987e-11
2.1325e-11,2.4081e-11,1.4009e-11
2.1853e-11,2.0759e-11,1.2886e-11
2.6388e-11,2.2038e-11,2.7578e-11
2.9863e-11,2.3374e-11,3.2936e-11
3.3832e-11,2.4819e-11,1.9476e-11
4.0502e-11,3.0133e-11,4.3535e-11
2.2962e-11,1.091e-11,2.4637e-11
5.7924e-11,2.5183e-11,3.0139e-11
3.143e-11,1.562e-11,3.3047e-11
2.3854e-11,1.1885e-11,2.2472e-11
6.887e-11,3.1438e-11,3.6871e-11
3.7045e-11,1.9663e-11,3.7621e-11
5.6858e-11,1.7872e-11,3.8338e-11
2.9508e-11,8.0789e-12,2.7744e-11
4.2648e-11,1.7954e-11,4.0547e-11
3.8137e-11,6.7684e-12,3.5212e-11
3.9326e-11,7.3482e-12,3.6774e-11
4.1186e-11,8.9917e-12,3.7948e-11
4.0571e-11,5.7207e-12,3.9549e-11
6.9017e-12,2.4475e-11,2.6147e-11
1.721e-11,2.5588e-11,2.6589e-11
7.1942e-12,2.5253e-11,2.6659e-11
9.5441e-12,2.5673e-11,2.7087e-11
6.9388e-12,2.7492e-11,2.8893e-11
8.0005e-12,4.1112e-11,3.5528e-11
1.4814e-11,2.3688e-11,2.7009e-11
3.9244e-11,3.0132e-11,1.4974e-11
9.5369e-12,2.6387e-11,3.0576e-11
1.0323e-11,2.0695e-11,3.7008e-11
1.7519e-11,1.4594e-11,2.0646e-11
2.2796e-11,2.4398e-11,1.4788e-11
3.7843e-11,4.0663e-11,1.8255e-11
3.3021e-11,1.8948e-11,1.2103e-11
3.9204e-11,2.1507e-11,1.4561e-11
1.7897e-11,2.019e-11,1.1548e-11
2.0705e-11,1.5225e-11,2.2706e-11
3.0987e-11,2.7704e-11,2.2164e-11
1.6183e-11,1.3392e-11,2.092e-11
2.5798e-11,2.1395e-11,1.4988e-11
1.519e-11,1.6601e-11,2.3218e-11
3.324e-11,3.9452e-11,1.9354e-11
2.6488e-11,3.6003e-11,2.353e-11
1.5879e-11,1.5224e-11,1.8512e-11
2.8331e-11,2.6034e-11,2.8714e-11
1.614e-11,1.3314e-11,1.2618e-11
1.6295e-11,1.7763e-11,1.3493e-11
3.4321e-11,5.9402e-11,3.6495e-11
1.4083e-11,1.1004e-11,2.0866e-11
3.7909e-11,7.3098e-11,4.0229e-11
1.8084e-11,1.1245e-11,1.8602e-11
2.4824e-11,3.0347e-11,1.9838e-11
2.1181e-11,1.2037e-11,1.8107e-11
3.9012e-11,6.4559e-11,4.0596e-11
4.2086e-11,3.8928e-11,4.6617e-11
3.8601e-11,6.2915e-11,3.7504e-11
3.6745e-11,4.7007e-11,3.983e-11
4.0711e-11,6.6245e-11,4.2878e-11
2.7217e-11,2.206e-11,3.1671e-11
3.9493e-11,2.9058e-11,4.2067e-11
2.5659e-11,9.0154e-12,1.8706e-11
3.6134e-11,2.6237e-11,3.9486e-11
4.5719e-11,1.2878e-11,2.7615e-11
3.072e-11,1.3521e-11,2.8297e-11
2.6205e-11,9.5662e-12,2.4087e-11
2.6372e-11,7.4282e-12,2.4871e-11
4.2635e-11,1.2058e-11,2.9475e-11
2.6787e-11,8.1937e-12,2.4766e-11
4.0275e-11,6.267e-12,3.9137e-11
9.9324e-12,2.6482e-11,2.5308e-11
1.1674e-11,1.9577e-11,2.8495e-11
7.4484e-12,2.4115e-11,3.0234e-11
1.055e-11,2.0622e-11,3.0583e-11
9.849e-12,1.7432e-11,3.0405e-11
2.3284e-11,4.6986e-11,2.3381e-11
3.1293e-11,2.3589e-11,7.5068e-12
2.8969e-11,4.4786e-11,2.0009e-11
1.1604e-11,1.6154e-11,2.3321e-11
2.8009e-11,1.8859e-11,9.2118e-12
1.899e-11,2.1951e-11,1.1815e-11
2.7352e-11,5.945e-11,2.8296e-11
3.7027e-11,4.3567e-11,2.4775e-11
1.3104e-11,2.0021e-11,2.2155e-11
1.6555e-11,2.3139e-11,1.5378e-11
1.4695e-11,1.6838e-11,9.8932e-12
2.1813e-11,2.5675e-11,2.7497e-11
1.5057e-11,1.6731e-11,1.2539e-11
3.3795e-11,4.116e-11,2.6381e-11
3.4363e-11,5.9481e-11,3.8375e-11
3.9353e-11,6.2994e-11,3.6324e-11
3.9186e-11,4.6792e-11,4.9756e-11
1.9822e-11,9.9411e-12,1.8714e-11
2.1046e-11,2.3324e-11,1.8165e-11
3.0321e-11,2.53e-11,3.0786e-11
1.6812e-11,8.6406e-12,1.781e-11
1.7656e-11,9.7166e-12,1.7768e-11
2.8581e-11,4.2859e-11,3.4247e-11
2.2016e-11,2.238e-11,2.5489e-11
2.1017e-11,1.0516e-11,1.566e-11
2.8469e-11,4.0749e-11,2.6318e-11
2.1578e-11,1.0519e-11,1.2899e-11
3.1173e-11,2.4756e-11,1.903e-11
4.1017e-11,6.8018e-11,5.1561e-11
3.5726e-11,4.6138e-11,4.1183e-11
2.1809e-11,1.0823e-11,2.2626e-11
3.938e-11,4.497e-11,3.2632e-11
4.0203e-11,3.5025e-11,3.2545e-11
3.3671e-11,2.3636e-11,3.6399e-11
3.4272e-11,1.0226e-11,2.2867e-11
6.8288e-11,2.9052e-11,3.6437e-11
5.8242e-11,1.7369e-11,3.5889e-11
2.8895e-11,7.8824e-12,2.6894e-11
4.0723e-11,1.7699e-11,4.0911e-11
3.4322e-11,4.5892e-12,3.5132e-11
3.9799e-11,4.2744e-12,4.0797e-11
4.3346e-11,6.4172e-12,4.2575e-11
3.645e-11,3.1417e-11,2.0046e-11
1.2525e-11,2.1559e-11,2.569e-11
2.2801e-11,4.1338e-11,2.0858e-11
1.0882e-11,2.2762e-11,2.5806e-11
3.7846e-11,3.0143e-11,1.6686e-11
6.1171e-12,2.9338e-11,3.1758e-11
4.7513e-11,2.5412e-11,1.4567e-11
3.0152e-11,3.6462e-11,1.8107e-11
2.4418e-11,4.1134e-11,1.9151e-11
3.9404e-11,2.0064e-11,1.4794e-11
2.2285e-11,4.6169e-11,2.299e-11
8.3368e-12,2.0232e-11,2.5122e-11
2.5367e-11,2.2945e-11,1.5719e-11
3.5254e-11,1.9391e-11,1.4052e-11
4.3889e-11,2.2572e-11,1.1659e-11
4.091e-11,1.9928e-11,1.3297e-11
9.7154e-12,2.8138e-11,2.7538e-11
1.4061e-11,2.4388e-11,2.7737e-11
2.3514e-11,2.2527e-11,9.2139e-12
2.2652e-11,2.4588e-11,1.3388e-11
1.124e-11,2.1252e-11,2.4521e-11
1.5404e-11,1.9317e-11,2.2957e-11
2.1507e-11,2.0703e-11,1.0232e-11
2.7886e-11,5.8602e-11,2.6758e-11
2.5675e-11,2.4633e-11,1.4161e-11
3.5361e-11,4.3534e-11,2.7113e-11
1.66e-11,1.9017e-11,1.4461e-11
3.3198e-11,4.1858e-11,2.2909e-11
1.7295e-11,1.905e-11,1.4464e-11
1.5566e-11,1.5464e-11,1.4902e-11
1.7854e-11,1.5082e-11,1.1354e-11
1.9883e-11,3.1792e-11,2.9631e-11
1.4669e-11,1.5174e-11,1.1512e-11
1.6293e-11,2.1727e-11,2.2379e-11
3.6222e-11,6.0139e-11,5.4995e-11
1.3768e-11,1.3908e-11,2.1168e-11
1.5532e-11,2.685e-11,1.4134e-11
3.4574e-11,5.2693e-11,2.7646e-11
3.5441e-11,7.2564e-11,4.312e-11
1.7727e-11,1.0598e-11,1.7338e-11
2.2746e-11,2.4996e-11,2.8688e-11
1.6547e-11,1.2139e-11,1.8977e-11
2.7146e-11,1.9725e-11,2.5373e-11
4.1524e-11,3.2811e-11,4.5459e-11
4.4512e-11,4.6621e-11,3.5435e-11
1.9522e-11,1.0338e-11,1.8795e-11
4.7759e-11,2.0466e-11,2.4074e-11
5.2468e-11,5.0404e-11,5.0236e-11
2.5429e-11,1.5735e-11,2.765e-11
2.1152e-11,8.551e-12,2.18e-11
3.6838e-11,1.0113e-11,2.3491e-11
3.1562e-11,1.95e-11,3.462e-11
6.5034e-11,3.889e-11,4.2419e-11
6.7736e-11,2.8071e-11,3.6825e-11
2.2138e-11,8.5093e-12,2.2363e-11
3.1064e-11,1.756e-11,3.5186e-11
5.1313e-11,1.4328e-11,3.5655e-11
4.8281e-11,1.514e-11,3.6077e-11
4.0778e-11,1.2106e-11,3.6594e-11
4.2813e-11,5.8432e-12,4.2623e-11
4.5647e-11,4.711e-12,4.5025e-11
1.1046e-11,2.7913e-11,2.8142e-11
1.0667e-11,2.2296e-11,2.5136e-11
1.2836e-11,2.7626e-11,3.24e-11
1.7149e-11,2.0301e-11,2.4742e-11
4.537e-11,2.6633e-11,1.648e-11
2.4214e-11,3.6589e-11,1.9032e-11
2.0967e-11,3.8394e-11,1.9912e-11
9.8738e-12,2.0833e-11,3.0046e-11
3.9413e-11,2.0675e-11,9.1846e-12
4.3011e-11,2.6656e-11,2.1654e-11
9.8977e-12,4.7493e-11,4.4685e-11
1.3257e-11,2.0271e-11,2.7832e-11
9.9613e-12,2.4478e-11,2.9162e-11
1.7524e-11,2.1345e-11,2.3104e-11
4.3213e-11,2.0503e-11,1.5762e-11
1.1383e-11,5.4587e-11,4.9107e-11
1.0252e-11,1.9412e-11,3.0933e-11
1.324e-11,1.4171e-11,2.1553e-11
2.8383e-11,1.7745e-11,1.2525e-11
1.2323e-11,2.1447e-11,2.9603e-11
2.0416e-11,2.0067e-11,1.2984e-11
3.0822e-11,1.8232e-11,8.0172e-12
3.1753e-11,4.0394e-11,2.252e-11
2.2355e-11,1.8557e-11,1.0492e-11
1.2865e-11,3.3681e-11,2.9624e-11
3.0771e-11,2.8629e-11,1.9385e-11
3.0234e-11,3.1276e-11,1.7914e-11
1.4728e-11,4.2727e-11,3.4634e-11
1.7996e-11,1.7896e-11,1.4825e-11
1.6014e-11,2.0155e-11,1.0597e-11
2.8993e-11,6.0038e-11,5.2661e-11
1.6964e-11,2.2983e-11,2.4738e-11
1.7551e-11,2.4168e-11,2.7918e-11
1.4293e-11,1.2001e-11,1.5529e-11
1.6226e-11,1.937e-11,1.2407e-11
1.446e-11,1.5779e-11,1.6353e-11
3.5554e-11,4.9523e-11,5.0495e-11
1.5529e-11,1.1672e-11,2.0454e-11
1.5556e-11,1.8736e-11,1.5221e-11
1.864e-11,1.2342e-11,1.5692e-11
3.9386e-11,7.9988e-11,5.2555e-11
1.9479e-11,1.1645e-11,1.5416e-11
1.9751e-11,8.1035e-12,1.7276e-11
2.0655e-11,9.543e-12,2.2244e-11
4.3731e-11,3.2926e-11,2.9366e-11
6.2214e-11,2.3489e-11,3.2262e-11
2.3159e-11,1.0825e-11,2.2971e-11
2.8897e-11,1.286e-11,2.8304e-11
2.7768e-11,9.8104e-12,2.6269e-11
2.5646e-11,7.4098e-12,2.5431e-11
5.3907e-11,1.6097e-11,3.6069e-11
2.5745e-11,5.7433e-12,2.6222e-11
3.7082e-11,9.8792e-12,3.6147e-11
4.0862e-11,6.7631e-12,4.1108e-11
4.2215e-11,2.2418e-11,1.1547e-11
7.5606e-12,2.2126e-11,2.4957e-11
5.1353e-11,1.9223e-11,1.0045e-11
1.1679e-11,2.0824e-11,3.2323e-11
2.8698e-11,3.5274e-11,1.7991e-11
3.8068e-11,2.5181e-11,1.6069e-11
8.4958e-12,3.9521e-11,3.7753e-11
1.4454e-11,2.2004e-11,2.526e-11
1.8575e-11,1.7075e-11,2.066e-11
1.2437e-11,2.3828e-11,2.9987e-11
1.137e-11,2.1021e-11,3.3314e-11
1.9105e-11,2.0844e-11,1.4231e-11
1.9496e-11,1.9123e-11,1.274e-11
1.1344e-11,2.4752e-11,2.596e-11
1.1149e-11,3.1029e-11,2.8182e-11
3.4318e-11,3.227e-11,2.1628e-11
1.3862e-11,2.2485e-11,2.593e-11
1.878e-11,2.4248e-11,1.5938e-11
1.4689e-11,2.0687e-11,2.2912e-11
2.6659e-11,3.2276e-11,2.1575e-11
1.6436e-11,2.0143e-11,1.9022e-11
1.1489e-11,1.6048e-11,2.0148e-11
2.939e-11,4.0309e-11,2.2237e-11
2.537e-11,3.2348e-11,2.1769e-11
1.8036e-11,1.6639e-11,1.3074e-11
2.9356e-11,5.2534e-11,3.228e-11
2.1823e-11,2.9838e-11,1.5863e-11
2.1719e-11,2.1675e-11,2.4491e-11
2.2137e-11,1.5676e-11,1.5277e-11
1.5989e-11,1.0903e-11,1.8852e-11
4.2754e-11,4.2857e-11,4.7843e-11
1.8156e-11,1.348e-11,2.2399e-11
4.2064e-11,7.4869e-11,6.1244e-11
2.0225e-11,1.5095e-11,1.664e-11
3.9801e-11,4.4555e-11,3.6808e-11
2.7266e-11,1.7876e-11,3.0536e-11
2.4629e-11,1.1376e-11,2.559e-11
5.6525e-11,2.2159e-11,2.8694e-11
2.45e-11,1.1109e-11,2.4932e-11
3.1792e-11,7.7924e-12,2.0119e-11
3.3214e-11,8.9426e-12,2.2595e-11
4.5235e-11,1.2442e-11,3.0269e-11
3.6164e-11,8.8913e-12,2.4634e-11
2.9471e-11,7.2165e-12,2.9144e-11
4.4363e-11,9.6771e-12,3.4112e-11
4.7353e-11,1.3011e-11,3.7354e-11
4.04e-11,1.406e-11,3.732e-11
4.8156e-11,1.1031e-11,3.6418e-11
4.1785e-11,8.5611e-12,4.079e-11
4.1909e-11,2.6135e-11,1.7482e-11
4.0528e-11,2.0269e-11,8.5699e-12
4.6868e-11,1.9728e-11,8.8902e-12
3.2625e-11,2.9864e-11,1.9435e-11
1.0608e-11,1.943e-11,2.4958e-11
1.1897e-11,2.2372e-11,3.1486e-11
4.1157e-11,2.1766e-11,1.5454e-11
2.4945e-11,3.4559e-11,1.6786e-11
9.0892e-12,1.9495e-11,3.0506e-11
3.9197e-11,2.3741e-11,1.4452e-11
6.6765e-12,2.2106e-11,2.5006e-11
2.1316e-11,1.7387e-11,1.7926e-11
1.8479e-11,1.8382e-11,1.7537e-11
9.7597e-12,2.4596e-11,2.6538e-11
1.9018e-11,1.9827e-11,1.5857e-11
2.2216e-11,2.1791e-11,1.5902e-11
2.6074e-11,4.3185e-11,2.1485e-11
9.41e-12,2.6321e-11,2.6103e-11
1.3918e-11,2.3408e-11,1.9546e-11
2.4358e-11,2.5016e-11,1.5328e-11
1.0602e-11,2.0235e-11,2.332e-11
1.4404e-11,4.1601e-11,3.3648e-11
1.2452e-11,1.2273e-11,1.4985e-11
2.9609e-11,5.2646e-11,2.5591e-11
1.3998e-11,1.1278e-11,1.7326e-11
1.3467e-11,1.437e-11,1.9895e-11
2.1907e-11,2.3374e-11,1.2733e-11
2.2358e-11,1.6935e-11,2.0008e-11
3.3515e-11,3.5802e-11,2.3132e-11
1.5907e-11,1.6256e-11,2.0124e-11
1.9054e-11,2.0108e-11,2.5956e-11
1.8837e-11,1.6538e-11,2.0224e-11
1.5549e-11,1.9915e-11,1.4328e-11
1.8765e-11,1.485e-11,1.8425e-11
2.2716e-11,3.5985e-11,2.4495e-11
2.1219e-11,2.7174e-11,1.9178e-11
2.8336e-11,4.9865e-11,4.0539e-11
2.4158e-11,2.8248e-11,2.1709e-11
4.0436e-11,7.0624e-11,5.6713e-11
1.8713e-11,1.1496e-11,2.2245e-11
3.6969e-11,1.7943e-11,2.0206e-11
5.5653e-11,5.0571e-11,5.7978e-11
3.3898e-11,2.2061e-11,3.7261e-11
3.3091e-11,1.8982e-11,3.7253e-11
2.6581e-11,9.7172e-12,2.6272e-11
3.0323e-11,7.8175e-12,2.2244e-11
3.2406e-11,1.6349e-11,3.4015e-11
3.4218e-11,1.4591e-11,3.4426e-11
2.859e-11,5.6201e-12,3.0331e-11
6.6768e-12,2.4186e-11,2.6244e-11
8.2525e-12,2.3304e-11,2.7469e-11
4.6684e-11,1.9262e-11,1.0134e-11
2.244e-11,3.0936e-11,1.7975e-11
4.1218e-11,2.1616e-11,1.2846e-11
8.2299e-12,3.1819e-11,3.1866e-11
3.1279e-11,3.0323e-11,2.0073e-11
1.1091e-11,1.8424e-11,2.4129e-11
7.0907e-12,3.556e-11,3.5208e-11
3.5126e-11,1.7013e-11,6.6216e-12
1.8033e-11,1.8226e-11,2.0694e-11
1.1132e-11,1.9206e-11,2.3762e-11
2.2492e-11,1.6543e-11,1.6943e-11
9.3694e-12,2.56e-11,2.6312e-11
2.2128e-11,2.1064e-11,1.396e-11
1.0036e-11,2.2585e-11,2.4099e-11
1.1198e-11,1.9528e-11,2.3332e-11
1.5153e-11,1.3331e-11,1.6882e-11
2.0976e-11,2.4321e-11,1.1832e-11
1.4175e-11,1.3527e-11,1.9545e-11
2.9668e-11,2.5356e-11,1.1553e-11
1.3312e-11,1.8894e-11,2.1841e-11
1.604e-11,1.8328e-11,1.2623e-11
2.3727e-11,2.5157e-11,1.3957e-11
2.0346e-11,3.6465e-11,3.0838e-11
1.3435e-11,1.398e-11,1.0552e-11
1.6574e-11,1.8615e-11,1.2398e-11
1.6386e-11,1.5446e-11,1.9913e-11
1.2597e-11,1.2666e-11,1.5964e-11
2.3224e-11,3.0366e-11,2.1028e-11
3.0149e-11,6.7872e-11,3.5779e-11
2.5772e-11,5.1949e-11,3.4614e-11
2.8484e-11,7.1901e-11,3.8043e-11
3.0612e-11,4.5376e-11,2.9293e-11
1.855e-11,1.0791e-11,1.9409e-11
2.2297e-11,3.575e-11,2.7063e-11
2.6882e-11,4.7861e-11,3.9167e-11
2.8309e-11,2.1837e-11,2.9875e-11
3.292e-11,7.5834e-11,4.9864e-11
2.5879e-11,1.1929e-11,1.8926e-11
3.5892e-11,7.7043e-11,5.8221e-11
2.889e-11,2.221e-11,1.858e-11
4.0722e-11,3.0548e-11,4.1437e-11
3.5842e-11,2.6105e-11,3.7476e-11
1.7927e-11,8.5179e-12,1.7829e-11
2.5077e-11,2.0619e-11,2.8904e-11
1.8288e-11,1.1206e-11,1.888e-11
4.6578e-11,1.8377e-11,2.5961e-11
1.9136e-11,7.2471e-12,2.042e-11
5.6961e-11,4.7921e-11,5.6613e-11
3.0898e-11,2.016e-11,3.4592e-11
2.038e-11,8.4884e-12,2.0765e-11
3.6253e-11,9.5324e-12,2.3343e-11
6.6636e-11,2.7096e-11,3.5407e-11
2.7412e-11,1.1406e-11,2.7311e-11
3.641e-11,1.0018e-11,2.6565e-11
6.7036e-11,2.1539e-11,3.5166e-11
3.0065e-11,1.1828e-11,2.9936e-11
3.6282e-11,1.5874e-11,3.6168e-11
3.0126e-11,6.2858e-12,2.9665e-11
3.7084e-11,1.353e-11,3.5207e-11
3.0908e-11,5.0236e-12,3.3274e-11
4.1107e-11,1.1718e-11,4.0434e-11
3.6698e-11,6.1807e-12,3.701e-11
3.9192e-11,3.0287e-12,4.1305e-11
3.9566e-11,4.7126e-12,4.2096e-11
1.113e-11,2.3024e-11,2.4298e-11
4.4371e-11,1.8777e-11,9.586e-12
8.7792e-12,2.433e-11,2.6806e-11
5.3688e-11,1.9003e-11,8.2504e-12
3.9932e-11,2.028e-11,9.157e-12
2.1953e-11,3.1773e-11,1.8084e-11
4.0299e-11,1.9464e-11,1.1123e-11
1.9406e-11,3.4679e-11,2.021e-11
8.5508e-12,1.8966e-11,2.4974e-11
3.4015e-11,2.6722e-11,1.6025e-11
1.0433e-11,3.2913e-11,3.2719e-11
1.4594e-11,1.6268e-11,2.5989e-11
1.1042e-11,3.3137e-11,3.2788e-11
2.8891e-11,2.3712e-11,1.0793e-11
9.7918e-12,2.0901e-11,2.2865e-11
1.1567e-11,2.58e-11,2.538e-11
2.3956e-11,2.2714e-11,1.4216e-11
8.6982e-12,2.1688e-11,2.1256e-11
1.3307e-11,2.7514e-11,2.7623e-11
1.7213e-11,1.7386e-11,2.5675e-11
2.1152e-11,4.6475e-11,2.8015e-11
2.829e-11,2.5237e-11,1.2631e-11
2.6404e-11,3.3894e-11,2.6046e-11
1.8142e-11,5.2272e-11,4.3059e-11
1.2019e-11,1.3081e-11,1.7671e-11
1.7632e-11,1.8499e-11,1.5494e-11
2.156e-11,5.6047e-11,4.4907e-11
1.525e-11,1.3427e-11,1.4247e-11
2.5509e-11,2.9905e-11,2.0838e-11
1.3672e-11,1.4812e-11,1.086e-11
2.7209e-11,6.7123e-11,3.7354e-11
1.5096e-11,1.4827e-11,1.8449e-11
1.7751e-11,1.8749e-11,1.5375e-11
2.9811e-11,2.6417e-11,3.0723e-11
2.4451e-11,1.65e-11,1.6285e-11
1.6689e-11,1.0807e-11,1.2075e-11
2.3616e-11,1.3231e-11,1.594e-11
2.0707e-11,7.8747e-12,1.4055e-11
3.8488e-11,1.6686e-11,2.1475e-11
2.5871e-11,2.065e-11,2.9283e-11
4.9793e-11,5.7863e-11,5.7503e-11
3.4009e-11,2.4696e-11,3.5624e-11
3.9923e-11,2.3342e-11,2.391e-11
2.068e-11,1.2018e-11,1.5894e-11
2.1122e-11,6.1599e-12,1.7003e-11
2.1647e-11,9.1831e-12,2.2763e-11
2.5644e-11,7.929e-12,1.6604e-11
5.5755e-11,1.9777e-11,2.9025e-11
2.6287e-11,7.3574e-12,1.7946e-11
2.0811e-11,7.64e-12,2.1057e-11
2.1908e-11,7.8899e-12,2.2197e-11
2.8271e-11,1.5005e-11,3.0341e-11
7.4368e-11,2.89e-11,4.143e-11
7.6386e-11,2.2586e-11,3.9777e-11
2.3275e-11,6.695e-12,2.4014e-11
2.8975e-11,1.0667e-11,2.8108e-11
2.7589e-11,7.5523e-12,2.4634e-11
3.4099e-11,1.5291e-11,3.5548e-11
3.745e-11,2.4535e-11,1.1349e-11
3.8827e-11,2.4788e-11,1.7028e-11
4.1942e-11,2.167e-11,1.4833e-11
2.5649e-11,2.826e-11,1.5059e-11
4.3552e-11,2.164e-11,1.7644e-11
3.8417e-11,2.4697e-11,1.6737e-11
1.8887e-11,3.5352e-11,2.0587e-11
4.3547e-11,2.3771e-11,1.9167e-11
4.3682e-11,1.9448e-11,1.0657e-11
1.1012e-11,1.8897e-11,2.8055e-11
3.5892e-11,2.6582e-11,1.9796e-11
1.2446e-11,5.1396e-11,4.8373e-11
1.1782e-11,4.5842e-11,4.278e-11
1.1834e-11,2.2569e-11,2.4084e-11
2.1293e-11,2.0042e-11,1.2474e-11
1.3421e-11,1.377e-11,1.8691e-11
1.5294e-11,2.9471e-11,2.8996e-11
1.4857e-11,1.7473e-11,1.3867e-11
2.6457e-11,4.9092e-11,2.6185e-11
1.7276e-11,1.8818e-11,2.2731e-11
1.6037e-11,2.3204e-11,2.386e-11
1.8392e-11,2.8334e-11,1.9507e-11
2.4148e-11,5.4722e-11,3.1304e-11
2.7053e-11,6.1458e-11,3.0138e-11
2.9102e-11,5.8758e-11,3.3991e-11
1.9784e-11,3.3207e-11,2.0235e-11
2.1404e-11,3.5433e-11,2.8894e-11
3.8615e-11,3.7042e-11,4.2306e-11
2.1147e-11,1.953e-11,2.4788e-11
2.3903e-11,4.3897e-11,3.0679e-11
2.194e-11,9.2454e-12,1.6788e-11
2.5855e-11,1.2245e-11,1.8234e-11
4.1267e-11,2.3368e-11,2.5677e-11
1.6045e-11,8.5373e-12,1.7672e-11
3.5573e-11,2.515e-11,3.7412e-11
2.9895e-11,1.8506e-11,3.202e-11
2.5294e-11,1.518e-11,2.7931e-11
5.7677e-11,2.7244e-11,3.3094e-11
2.3079e-11,6.7932e-12,1.8481e-11
3.5088e-11,2.2333e-11,3.9188e-11
2.6078e-11,8.0326e-12,2.6325e-11
4.0694e-11,1.0297e-11,3.2591e-11
3.5039e-11,7.4245e-12,3.1283e-11
4.1662e-11,1.1129e-11,3.4771e-11
3.9571e-11,1.3359e-11,3.9349e-11
3.705e-11,7.6863e-12,3.3582e-11
4.1639e-11,7.114e-12,4.2212e-11
9.1686e-12,2.1475e-11,2.3752e-11
3.7185e-11,2.4455e-11,1.7675e-11
1.0012e-11,2.2801e-11,3.1038e-11
3.8429e-11,2.241e-11,1.453e-11
4.1449e-11,2.7074e-11,1.6047e-11
3.9085e-11,2.5304e-11,1.307e-11
1.1351e-11,1.6972e-11,2.292e-11
2.4028e-11,2.5262e-11,1.8057e-11
1.543e-11,2.1976e-11,2.4386e-11
4.3367e-11,2.2747e-11,1.8791e-11
9.2422e-12,2.5858e-11,2.8496e-11
1.1845e-11,2.245e-11,3.2032e-11
1.7791e-11,3.4365e-11,1.9326e-11
1.3559e-11,4.2825e-11,4.1099e-11
2.8544e-11,1.8512e-11,2.1435e-11
1.0295e-11,2.1218e-11,2.3018e-11
1.174e-11,4.9502e-11,4.6387e-11
8.8721e-12,2.0837e-11,2.2486e-11
7.2362e-12,2.0505e-11,2.1728e-11
2.0084e-11,1.8727e-11,2.0906e-11
2.1826e-11,2.2963e-11,1.2874e-11
1.6696e-11,1.7999e-11,1.5585e-11
1.0056e-11,2.0033e-11,2.0266e-11
1.1415e-11,1.0282e-11,1.6102e-11
2.4156e-11,5.7427e-11,4.9526e-11
2.7488e-11,3.8088e-11,3.6349e-11
2.1251e-11,3.9251e-11,2.7837e-11
2.3954e-11,2.8804e-11,2.9485e-11
2.1551e-11,3.4847e-11,2.8755e-11
1.439e-11,1.2945e-11,1.5092e-11
2.5393e-11,5.4574e-11,3.9987e-11
2.0509e-11,2.5983e-11,1.8155e-11
2.7714e-11,5.8306e-11,4.3073e-11
1.8567e-11,1.0709e-11,1.6908e-11
2.0289e-11,2.1942e-11,1.687e-11
2.8264e-11,5.7858e-11,4.9582e-11
2.2204e-11,3.3432e-11,2.7578e-11
2.3099e-11,1.2474e-11,1.5899e-11
2.9451e-11,1.4226e-11,1.762e-11
2.6825e-11,4.4446e-11,4.5796e-11
1.7755e-11,1.2542e-11,2.1786e-11
1.6078e-11,1.1194e-11,1.7642e-11
3.6274e-11,3.3356e-11,2.5462e-11
2.2961e-11,1.7211e-11,2.6197e-11
4.1538e-11,3.0713e-11,4.235e-11
5.294e-11,6.0242e-11,6.4604e-11
4.6355e-11,4.5575e-11,3.7683e-11
4.4872e-11,1.7219e-11,2.5332e-11
5.8994e-11,4.3452e-11,5.4803e-11
2.1813e-11,5.1301e-12,1.6996e-11
2.263e-11,1.0554e-11,2.3455e-11
2.391e-11,7.5759e-12,2.1668e-11
2.2861e-11,4.8229e-12,2.3332e-11
2.9369e-11,1.1209e-11,2.845e-11
3.6105e-11,1.2855e-11,3.6849e-11
3.3245e-11,5.7879e-12,3.2878e-11
4.0997e-11,7.8401e-12,3.615e-11
1.5276e-11,1.6652e-11,2.0889e-11
1.8517e-11,1.7781e-11,3.0895e-11
3.2355e-11,2.4436e-11,1.5796e-11
3.2853e-11,2.6471e-11,1.9724e-11
1.7108e-11,1.7883e-11,1.9859e-11
1.5335e-11,1.3734e-11,1.8316e-11
1.7034e-11,1.9206e-11,2.0476e-11
1.6675e-11,1.7075e-11,1.9849e-11
2.1058e-11,1.9174e-11,1.3456e-11
2.7589e-11,2.4565e-11,1.489e-11
2.4294e-11,2.324e-11,1.6413e-11
1.4983e-11,1.7379e-11,2.2162e-11
2.3288e-11,4.9885e-11,2.6855e-11
2.3759e-11,2.8434e-11,1.5197e-11
2.5283e-11,3.6786e-11,2.5063e-11
2.3303e-11,5.1755e-11,2.8456e-11
2.0815e-11,2.4025e-11,1.4741e-11
1.9586e-11,1.7496e-11,1.5025e-11
2.5721e-11,6.3725e-11,3.7438e-11
2.5151e-11,6.3209e-11,4.0443e-11
1.4217e-11,2.0277e-11,1.5062e-11
1.8255e-11,7.8621e-12,1.6023e-11
3.9883e-11,4.5675e-11,4.9351e-11
2.1361e-11,1.3293e-11,2.2725e-11
1.6052e-11,1.2715e-11,1.9554e-11
2.8271e-11,2.7128e-11,2.27e-11
1.7297e-11,9.9014e-12,1.2785e-11
2.8574e-11,4.5204e-11,4.1136e-11
1.8751e-11,8.3796e-12,1.3197e-11
1.6917e-11,8.2721e-12,1.6773e-11
3.8792e-11,4.2184e-11,4.5543e-11
4.0226e-11,1.8706e-11,2.4325e-11
5.3753e-11,3.0512e-11,3.2637e-11
2.4937e-11,1.6183e-11,2.7861e-11
2.0461e-11,9.1937e-12,2.1886e-11
2.2014e-11,5.6699e-12,1.8231e-11
2.1387e-11,6.1876e-12,1.9694e-11
7.1969e-11,2.0752e-11,3.7636e-11
3.1014e-11,1.3011e-11,3.0233e-11
3.7961e-11,1.1902e-11,3.8168e-11
1.0408e-11,2.0275e-11,2.2101e-11
3.6926e-11,2.0651e-11,1.3438e-11
1.3275e-11,1.6736e-11,2.6268e-11
1.341e-11,1.6287e-11,2.4348e-11
8.9164e-12,1.9244e-11,2.2848e-11
4.3099e-11,2.1964e-11,1.8086e-11
1.1379e-11,2.2033e-11,2.5047e-11
1.3556e-11,1.8985e-11,2.6225e-11
2.6555e-11,2.5534e-11,1.6132e-11
1.6592e-11,3.2458e-11,3.3025e-11
9.9601e-12,1.8736e-11,2.1244e-11
2.2415e-11,2.9256e-11,1.9413e-11
1.8901e-11,4.1406e-11,2.4538e-11
2.0305e-11,2.4333e-11,1.78e-11
2.7377e-11,2.5328e-11,1.0799e-11
2.4396e-11,2.192e-11,1.5807e-11
1.5307e-11,2.0365e-11,1.8135e-11
2.3508e-11,5.4707e-11,5.0616e-11
2.3621e-11,5.8056e-11,5.1607e-11
2.359e-11,5.712e-11,3.266e-11
2.1861e-11,2.8519e-11,2.6793e-11
1.8841e-11,1.8231e-11,2.0999e-11
1.2406e-11,1.5199e-11,1.5973e-11
1.2684e-11,2.0198e-11,1.3302e-11
1.4563e-11,1.5714e-11,1.6129e-11
3.2741e-11,2.8289e-11,3.1828e-11
4.0985e-11,5.0753e-11,5.3413e-11
3.7948e-11,3.755e-11,4.1591e-11
2.1384e-11,4.096e-11,3.1268e-11
2.2419e-11,1.4017e-11,2.3373e-11
2.1323e-11,3.2188e-11,2.6449e-11
1.8666e-11,9.6289e-12,1.4476e-11
2.9747e-11,5.2606e-11,4.7342e-11
4.3137e-11,3.9162e-11,4.5703e-11
3.483e-11,6.5445e-11,6.4172e-11
2.1076e-11,1.4834e-11,2.4314e-11
3.5164e-11,2.4095e-11,3.5862e-11
2.1491e-11,1.3873e-11,2.4617e-11
1.804e-11,7.5007e-12,1.7415e-11
2.3137e-11,1.0897e-11,2.4773e-11
3.0967e-11,9.5173e-12,1.9028e-11
3.1601e-11,1.2293e-11,2.2642e-11
2.3263e-11,9.1301e-12,2.2873e-11
1.9054e-11,7.5938e-12,2.1032e-11
2.0426e-11,5.9954e-12,2.2752e-11
2.2199e-11,1.0925e-11,2.2866e-11
2.7907e-11,1.1027e-11,2.7462e-11
2.8156e-11,6.0142e-12,2.4712e-11
3.6579e-11,9.4466e-12,3.1021e-11
3.5436e-11,7.4007e-12,3.672e-11
1.6743e-11,2.3802e-11,2.335e-11
1.4145e-11,2.0163e-11,2.2558e-11
4.0117e-11,2.2635e-11,1.6328e-11
2.0667e-11,2.4407e-11,1.5318e-11
2.3769e-11,2.417e-11,1.5474e-11
7.7218e-12,1.8157e-11,2.2602e-11
2.306e-11,2.3907e-11,1.5222e-11
1.683e-11,3.3171e-11,1.9763e-11
9.3371e-12,3.2256e-11,3.3669e-11
1.135e-11,1.8059e-11,2.0877e-11
1.6098e-11,2.0054e-11,2.2828e-11
1.5242e-11,1.8981e-11,2.427e-11
1.5554e-11,1.423e-11,1.8784e-11
2.5082e-11,2.2743e-11,1.444e-11
3.1834e-11,2.4662e-11,1.7539e-11
1.0286e-11,2.2083e-11,2.197e-11
1.3146e-11,2.0886e-11,2.2322e-11
2.072e-11,5.987e-11,5.0173e-11
1.8601e-11,1.8745e-11,1.8043e-11
1.8913e-11,4.3446e-11,2.8376e-11
2.2377e-11,3.4609e-11,2.4808e-11
2.1265e-11,3.4923e-11,2.274e-11
1.4832e-11,2.5334e-11,2.0109e-11
1.9008e-11,3.2184e-11,3.0091e-11
2.2889e-11,5.7556e-11,4.0987e-11
3.5682e-11,4.4438e-11,4.5065e-11
1.5166e-11,1.3905e-11,1.3803e-11
1.4093e-11,1.9975e-11,1.5926e-11
1.7414e-11,1.0692e-11,1.6963e-11
2.2731e-11,5.0226e-11,4.1456e-11
2.2848e-11,1.5203e-11,2.3502e-11
2.0661e-11,8.5203e-12,1.3308e-11
1.5959e-11,1.272e-11,1.9974e-11
3.0999e-11,2.2027e-11,2.3929e-11
3.8834e-11,1.821e-11,2.0457e-11
1.5907e-11,8.2054e-12,1.7349e-11
1.7564e-11,5.1641e-12,1.7293e-11
3.3728e-11,2.5218e-11,3.5691e-11
2.1642e-11,1.3868e-11,2.3633e-11
1.8129e-11,5.9815e-12,1.7689e-11
5.3327e-11,5.217e-11,6.5368e-11
3.2671e-11,2.2663e-11,3.4808e-11
2.0534e-11,5.8126e-12,1.9907e-11
3.3002e-11,2.0491e-11,3.5856e-11
2.0466e-11,6.9134e-12,2.0543e-11
3.0548e-11,1.0446e-11,2.3492e-11
7.4624e-11,3.1383e-11,4.4044e-11
2.4994e-11,5.1646e-12,2.2239e-11
2.8573e-11,3.6098e-12,3.0309e-11
3.294e-11,4.1418e-12,3.447e-11
3.3674e-11,5.0391e-12,3.5732e-11
3.3875e-11,4.8713e-12,3.6117e-11
4.1602e-11,8.7016e-12,4.2109e-11
2.0452e-11,1.8816e-11,2.1003e-11
3.6334e-11,2.2227e-11,1.5709e-11
1.0865e-11,2.7223e-11,3.16e-11
2.1815e-11,2.4419e-11,1.8342e-11
1.359e-11,2.2404e-11,2.4165e-11
2.0032e-11,2.8385e-11,1.7475e-11
2.4139e-11,2.8088e-11,1.6665e-11
1.3966e-11,1.7917e-11,2.6499e-11
2.2871e-11,2.234e-11,2.2351e-11
1.5545e-11,5.7215e-11,5.1609e-11
9.9086e-12,1.8562e-11,2.021e-11
1.724e-11,2.1876e-11,1.8656e-11
2.0126e-11,3.6246e-11,2.1983e-11
1.3322e-11,2.0553e-11,2.0961e-11
2.0088e-11,2.8015e-11,1.7964e-11
2.0405e-11,3.641e-11,2.1319e-11
1.9439e-11,1.9074e-11,1.9538e-11
1.6955e-11,2.3591e-11,2.1503e-11
1.8723e-11,3.7118e-11,2.3364e-11
1.6662e-11,2.3609e-11,2.312e-11
1.9049e-11,3.9113e-11,3.2567e-11
2.0724e-11,2.5236e-11,2.4076e-11
1.7179e-11,2.0929e-11,1.9559e-11
2.0888e-11,3.4043e-11,2.429e-11
2.8403e-11,4.2179e-11,3.9767e-11
1.2696e-11,1.0002e-11,1.7496e-11
1.8402e-11,1.7815e-11,2.0684e-11
1.206e-11,1.2719e-11,1.79e-11
2.0762e-11,5.1371e-11,3.6053e-11
1.4877e-11,1.3587e-11,1.4405e-11
1.8376e-11,3.2739e-11,3.3283e-11
1.5869e-11,7.4419e-12,1.5654e-11
1.9868e-11,1.5338e-11,2.1853e-11
3.2589e-11,2.3445e-11,3.3065e-11
2.2316e-11,8.2175e-12,1.6774e-11
3.0533e-11,4.7927e-11,5.382e-11
3.386e-11,6.0578e-11,6.1453e-11
3.4531e-11,2.7027e-11,2.6013e-11
1.7756e-11,9.2284e-12,1.7686e-11
2.4312e-11,1.6151e-11,2.5865e-11
4.8919e-11,5.6471e-11,7.0549e-11
1.9823e-11,5.6573e-12,1.5696e-11
3.7319e-11,2.726e-11,3.8955e-11
2.2898e-11,1.5186e-11,2.5977e-11
3.4277e-11,2.4275e-11,3.6494e-11
3.7579e-11,1.2036e-11,2.4205e-11
2.2955e-11,9.4299e-12,2.281e-11
4.3875e-11,1.4641e-11,2.8449e-11
6.6084e-11,3.388e-11,4.1175e-11
6.8608e-11,2.4316e-11,3.829e-11
3.1515e-11,1.6162e-11,3.5083e-11
2.6529e-11,5.1212e-12,2.2346e-11
3.0597e-11,7.5633e-12,2.5816e-11
2.9919e-11,4.9005e-12,3.1741e-11
3.4924e-11,7.3316e-12,3.1361e-11
3.8963e-11,1.0872e-11,3.9946e-11
3.5933e-11,7.9162e-12,3.3931e-11
3.7961e-11,4.587e-12,3.9483e-11
4.299e-11,2.6367e-11,1.1593e-11
4.0035e-11,3.0616e-11,1.5268e-11
7.0229e-12,1.8737e-11,1.9308e-11
3.8865e-11,1.8149e-11,1.025e-11
1.6505e-11,1.857e-11,3.2353e-11
3.4945e-11,2.2497e-11,1.5606e-11
3.6275e-11,1.9514e-11,1.2183e-11
1.1107e-11,2.9842e-11,3.0099e-11
2.1094e-11,2.3182e-11,1.6792e-11
3.9537e-11,2.0434e-11,1.4921e-11
1.6776e-11,3.4597e-11,2.5984e-11
1.1956e-11,1.8514e-11,2.1851e-11
1.3098e-11,1.7438e-11,2.1149e-11
1.3109e-11,1.6725e-11,1.9889e-11
1.2418e-11,1.8721e-11,2.0011e-11
2.2429e-11,2.4779e-11,1.1835e-11
2.0883e-11,2.5088e-11,1.9193e-11
1.8797e-11,5.8403e-11,5.3607e-11
1.0513e-11,1.811e-11,2.0496e-11
1.3722e-11,2.053e-11,2.239e-11
2.3551e-11,5.9575e-11,5.0678e-11
1.0774e-11,1.2152e-11,1.9179e-11
1.4742e-11,2.7046e-11,1.8864e-11
1.1971e-11,1.1277e-11,1.8321e-11
1.3613e-11,2.3543e-11,2.1361e-11
1.3887e-11,2.1083e-11,1.6593e-11
2.1019e-11,3.9205e-11,2.7848e-11
2.0018e-11,8.007e-12,1.7523e-11
1.9307e-11,4.405e-11,3.4717e-11
1.3239e-11,1.0323e-11,1.2385e-11
2.6525e-11,1.4676e-11,1.7019e-11
1.6893e-11,8.4486e-12,2.0253e-11
2.6698e-11,8.0574e-12,1.7579e-11
4.2891e-11,1.3341e-11,2.5548e-11
6.9089e-11,3.6202e-11,4.5628e-11
3.4557e-11,1.8252e-11,3.8174e-11
3.1811e-11,9.1694e-12,3.1737e-11
3.4185e-11,5.4933e-12,3.5883e-11
3.5186e-11,3.398e-12,3.8595e-11
1.1083e-11,1.9328e-11,2.3564e-11
4.3732e-11,2.0238e-11,2.3511e-11
6.2413e-12,1.7194e-11,2.0279e-11
4.148e-11,2.0157e-11,1.9417e-11
3.1294e-11,2.3451e-11,2.0465e-11
1.68e-11,3.1425e-11,2.0741e-11
9.8399e-12,2.4551e-11,2.6481e-11
1.0258e-11,2.0574e-11,2.1388e-11
1.6357e-11,1.7049e-11,2.1394e-11
3.4603e-11,2.1241e-11,1.6322e-11
2.4606e-11,2.5834e-11,1.3309e-11
1.2772e-11,1.4874e-11,2.0725e-11
3.3002e-11,2.2809e-11,1.7028e-11
9.5633e-12,2.1821e-11,2.0331e-11
1.4083e-11,1.8599e-11,1.8319e-11
1.8658e-11,2.7864e-11,2.0614e-11
1.6223e-11,1.9547e-11,2.2259e-11
2.3614e-11,2.6468e-11,1.9667e-11
9.7707e-12,1.6167e-11,1.8421e-11
1.4755e-11,1.9564e-11,2.079e-11
1.4755e-11,2.1252e-11,2.0367e-11
1.9556e-11,3.9264e-11,3.6124e-11
1.1199e-11,1.2037e-11,1.9551e-11
1.3124e-11,1.4082e-11,1.8024e-11
1.5018e-11,1.2022e-11,1.8256e-11
1.7286e-11,2.2832e-11,2.034e-11
2.6008e-11,3.2038e-11,3.0777e-11
1.3715e-11,2.8552e-11,1.7871e-11
1.1946e-11,1.8894e-11,1.3066e-11
1.3899e-11,1.5399e-11,1.3267e-11
2.8938e-11,2.7617e-11,3.0015e-11
2.4617e-11,1.3418e-11,1.6465e-11
2.051e-11,2.3547e-11,2.4364e-11
1.9862e-11,1.8161e-11,1.5874e-11
1.7237e-11,6.9419e-12,1.5628e-11
2.8953e-11,4.7973e-11,5.035e-11
3.1648e-11,4.6533e-11,5.6611e-11
3.3528e-11,4.3344e-11,5.0737e-11
2.1941e-11,1.4183e-11,2.4305e-11
1.7935e-11,6.8665e-12,1.863e-11
2.136e-11,7.3474e-12,1.5988e-11
3.2263e-11,1.194e-11,2.2672e-11
3.8329e-11,1.4169e-11,2.2682e-11
3.9638e-11,1.5649e-11,2.5669e-11
4.055e-11,1.225e-11,2.6489e-11
4.121e-11,1.4592e-11,2.961e-11
4.3572e-11,1.5314e-11,3.051e-11
2.6276e-11,8.6917e-12,2.0843e-11
2.5132e-11,1.0358e-11,2.5001e-11
2.927e-11,8.1838e-12,2.8339e-11
3.5452e-11,5.9315e-12,3.6279e-11
4.2467e-11,1.0559e-11,4.326e-11
3.9755e-11,4.5931e-12,4.1044e-11
1.113e-11,1.9411e-11,2.0465e-11
9.6464e-12,2.3259e-11,2.1985e-11
3.5926e-11,3.3381e-11,1.506e-11
4.138e-11,1.8671e-11,1.5511e-11
1.0743e-11,1.7778e-11,1.8731e-11
4.0872e-11,2.0396e-11,1.5935e-11
1.1314e-11,2.2647e-11,2.8789e-11
1.3522e-11,2.2028e-11,2.1674e-11
1.005e-11,1.9288e-11,2.3942e-11
3.3455e-11,2.3606e-11,1.2155e-11
3.1663e-11,2.9346e-11,1.9823e-11
7.4438e-12,1.9655e-11,1.9854e-11
2.3242e-11,2.2594e-11,1.2626e-11
1.7682e-11,4.1538e-11,2.9275e-11
9.9227e-12,1.8103e-11,1.8597e-11
1.5264e-11,2.0744e-11,2.3883e-11
1.7196e-11,3.5378e-11,2.4657e-11
1.4877e-11,2.0536e-11,2.1663e-11
2.8096e-11,4.7399e-11,4.0825e-11
1.3494e-11,2.5422e-11,1.9992e-11
1.7157e-11,4.5273e-11,3.4834e-11
2.094e-11,5.0356e-11,3.9272e-11
2.1508e-11,1.805e-11,2.4332e-11
1.4986e-11,2.7477e-11,1.945e-11
3.9856e-11,3.8444e-11,4.2647e-11
1.6455e-11,2.8381e-11,2.0028e-11
2.5325e-11,1.9119e-11,2.6929e-11
2.5856e-11,1.9383e-11,2.7587e-11
1.6296e-11,1.0026e-11,1.425e-11
4.2702e-11,5.2387e-11,6.3415e-11
3.6612e-11,2.6374e-11,3.84e-11
4.7535e-11,2.5718e-11,2.9511e-11
3.5219e-11,1.1829e-11,2.4482e-11
3.147e-11,5.9447e-12,3.1648e-11
3.1394e-11,4.467e-12,3.5188e-11
4.0001e-11,4.7863e-12,4.2095e-11
1.8971e-11,2.4272e-11,2.9005e-11
4.2064e-11,3.2925e-11,1.7108e-11
8.677e-12,1.823e-11,1.8697e-11
1.0404e-11,1.8101e-11,1.9526e-11
1.0572e-11,1.8632e-11,1.9841e-11
2.9336e-11,2.0547e-11,1.4332e-11
7.9321e-12,1.8615e-11,2.0256e-11
3.0652e-11,2.8564e-11,1.9019e-11
1.3327e-11,3.8482e-11,3.659e-11
2.9543e-11,2.2298e-11,1.4889e-11
2.7438e-11,2.5379e-11,1.9333e-11
1.1056e-11,3.1782e-11,3.2185e-11
1.815e-11,1.9152e-11,2.5379e-11
1.4269e-11,4.6737e-11,4.3707e-11
1.4201e-11,1.9723e-11,2.0449e-11
1.9401e-11,5.5088e-11,5.037e-11
1.393e-11,1.6048e-11,1.6708e-11
1.4494e-11,1.7684e-11,1.7111e-11
1.5193e-11,3.2207e-11,3.061e-11
1.4261e-11,1.7781e-11,1.8304e-11
1.6226e-11,1.3646e-11,1.9415e-11
1.4039e-11,1.9008e-11,1.9777e-11
1.4798e-11,1.8765e-11,1.872e-11
1.6351e-11,3.8095e-11,3.0173e-11
2.0431e-11,5.2713e-11,4.0056e-11
1.6564e-11,9.0934e-12,1.6483e-11
1.2972e-11,1.4376e-11,1.4074e-11
3.7573e-11,4.5323e-11,4.6142e-11
1.484e-11,2.5426e-11,1.843e-11
3.1664e-11,3.0924e-11,3.4167e-11
1.508e-11,8.643e-12,1.6697e-11
4.1541e-11,4.3569e-11,4.8561e-11
1.3924e-11,1.07e-11,1.274e-11
2.5606e-11,1.2227e-11,1.6036e-11
2.2506e-11,3.3486e-11,3.0673e-11
4.2296e-11,3.1282e-11,4.3556e-11
3.72e-11,2.7044e-11,3.8097e-11
1.8205e-11,5.0008e-12,1.4574e-11
1.9475e-11,1.1352e-11,2.0353e-11
2.0635e-11,5.7134e-12,1.531e-11
6.1196e-11,3.461e-11,4.7503e-11
3.089e-11,1.7797e-11,3.3253e-11
2.4855e-11,1.2474e-11,2.5527e-11
3.4629e-11,2.0508e-11,3.8488e-11
2.2251e-11,3.5914e-12,2.3138e-11
2.2955e-11,4.5914e-12,2.4804e-11
2.413e-11,5.6405e-12,2.2342e-11
2.5892e-11,5.5693e-12,2.818e-11
2.6179e-11,7.0093e-12,2.6766e-11
1.0155e-11,1.8017e-11,1.8303e-11
4.5365e-11,2.0496e-11,2.349e-11
1.0214e-11,1.6299e-11,1.8817e-11
9.2357e-12,1.8532e-11,2.228e-11
1.0623e-11,2.1418e-11,2.6432e-11
3.0587e-11,1.8946e-11,1.566e-11
1.1013e-11,3.7032e-11,3.5665e-11
9.0111e-12,1.9323e-11,2.143e-11
3.5215e-11,2.5232e-11,2.3446e-11
1.7922e-11,1.7153e-11,2.2695e-11
1.4558e-11,1.5913e-11,1.9674e-11
1.8675e-11,1.9355e-11,2.9173e-11
9.1817e-12,1.9611e-11,2.1632e-11
1.2294e-11,2.0217e-11,2.4734e-11
2.5336e-11,2.2759e-11,1.4119e-11
1.6297e-11,2.7339e-11,1.7135e-11
2.1547e-11,5.0221e-11,4.4474e-11
1.3923e-11,3.014e-11,2.8209e-11
1.0493e-11,1.5909e-11,2.07e-11
1.8158e-11,2.454e-11,1.8451e-11
1.2516e-11,1.6104e-11,1.9017e-11
1.171e-11,9.9823e-12,1.7953e-11
1.6497e-11,2.0432e-11,1.9519e-11
1.0531e-11,7.7578e-12,1.6304e-11
1.904e-11,4.4476e-11,3.1299e-11
2.44e-11,2.6026e-11,2.5381e-11
1.3891e-11,9.6576e-12,1.9595e-11
2.5836e-11,2.2359e-11,2.629e-11
3.4425e-11,2.7515e-11,3.3979e-11
1.768e-11,1.2873e-11,2.0442e-11
1.6719e-11,1.2212e-11,2.1007e-11
2.575e-11,1.6236e-11,2.0805e-11
1.4746e-11,1.5317e-11,1.6149e-11
1.4315e-11,7.3347e-12,1.8041e-11
1.5641e-11,1.0646e-11,1.8861e-11
3.3111e-11,1.5871e-11,1.9974e-11
1.6126e-11,1.1861e-11,1.5102e-11
1.7624e-11,9.9716e-12,2.0193e-11
3.0758e-11,9.738e-12,2.3427e-11
6.7343e-11,3.0349e-11,4.6292e-11
1.9936e-11,7.6246e-12,2.113e-11
3.5275e-11,1.6279e-11,3.7037e-11
3.3088e-11,5.419e-12,3.511e-11
3.5605e-11,2.3921e-12,3.9512e-11
3.7503e-11,1.8281e-11,8.0266e-12
3.8633e-11,3.6968e-11,2.6149e-11
3.864e-11,2.9318e-11,1.6466e-11
9.6526e-12,1.7558e-11,1.8582e-11
1.033e-11,1.8515e-11,2.2374e-11
1.4009e-11,1.9648e-11,2.4815e-11
1.1023e-11,2.0446e-11,2.1515e-11
1.5626e-11,2.8794e-11,2.3876e-11
2.449e-11,3.5228e-11,2.3426e-11
1.5981e-11,2.4471e-11,1.8321e-11
1.5211e-11,2.8986e-11,2.5573e-11
1.1196e-11,1.8751e-11,2.0276e-11
1.6462e-11,1.4787e-11,2.1262e-11
8.8854e-12,1.6253e-11,2.0737e-11
1.7184e-11,1.6953e-11,2.6421e-11
1.0426e-11,2.0757e-11,2.4537e-11
1.5111e-11,2.643e-11,1.7828e-11
1.8783e-11,5.2833e-11,4.8881e-11
2.7244e-11,1.9943e-11,1.906e-11
1.7157e-11,3.4958e-11,2.8917e-11
1.3101e-11,1.4304e-11,1.6547e-11
8.7336e-12,1.5855e-11,1.8288e-11
1.5788e-11,3.8418e-11,2.8154e-11
1.8573e-11,4.5677e-11,3.8364e-11
3.1738e-11,3.0557e-11,3.4409e-11
2.4046e-11,1.836e-11,2.2782e-11
3.5574e-11,3.3517e-11,3.9886e-11
1.5743e-11,1.3089e-11,1.3718e-11
2.3928e-11,1.6967e-11,2.5502e-11
1.6286e-11,9.0825e-12,1.2999e-11
1.9759e-11,8.2151e-12,1.549e-11
2.2663e-11,1.1206e-11,1.4842e-11
2.0233e-11,3.1125e-11,3.3195e-11
4.0203e-11,3.0222e-11,3.8376e-11
1.458e-11,9.8235e-12,1.5652e-11
1.3993e-11,5.2354e-12,1.6538e-11
4.1018e-11,3.1246e-11,4.0485e-11
2.7792e-11,9.4658e-12,2.009e-11
1.6874e-11,4.4541e-12,1.8413e-11
1.8346e-11,8.8859e-12,2.0049e-11
1.7905e-11,7.2023e-12,1.7124e-11
1.8002e-11,5.5931e-12,1.9908e-11
4.549e-11,1.3105e-11,2.7195e-11
2.0701e-11,5.4e-12,1.8569e-11
5.6104e-11,1.5896e-11,3.0803e-11
1.9944e-11,5.6742e-12,2.1466e-11
2.4116e-11,4.6889e-12,2.6782e-11
3.519e-11,1.2617e-11,3.663e-11
2.7417e-11,6.9534e-12,2.9953e-11
7.4193e-12,1.5951e-11,1.7209e-11
1.2238e-11,1.6092e-11,2.1223e-11
3.3107e-11,1.7557e-11,1.3592e-11
1.9404e-11,1.4979e-11,2.1062e-11
2.7137e-11,1.8847e-11,1.5178e-11
2.582e-11,2.1378e-11,1.7191e-11
2.1284e-11,2.2317e-11,1.5269e-11
1.6401e-11,3.0779e-11,2.3555e-11
2.1624e-11,2.4174e-11,1.9625e-11
1.9294e-11,3.6248e-11,2.8181e-11
1.4704e-11,3.5703e-11,2.6856e-11
1.6459e-11,2.1146e-11,2.0372e-11
1.8003e-11,4.1411e-11,3.2687e-11
1.7493e-11,4.2317e-11,3.2605e-11
1.5021e-11,3.7516e-11,3.1883e-11
1.3627e-11,1.0098e-11,2.1101e-11
1.3728e-11,3.3248e-11,2.6134e-11
4.1514e-11,4.637e-11,4.7104e-11
1.3731e-11,3.3188e-11,3.2346e-11
1.8237e-11,1.4329e-11,1.5676e-11
1.502e-11,7.354e-12,1.3699e-11
2.325e-11,2.3172e-11,2.733e-11
2.2756e-11,2.4024e-11,3.0319e-11
1.8807e-11,2.9371e-11,2.9099e-11
1.4238e-11,5.352e-12,1.6181e-11
3.9288e-11,3.6063e-11,4.0367e-11
2.9727e-11,9.2807e-12,2.0608e-11
4.2665e-11,1.3682e-11,2.3022e-11
1.8953e-11,1.0013e-11,2.0264e-11
4.5772e-11,2.2554e-11,2.6273e-11
3.4709e-11,2.2974e-11,3.5943e-11
4.335e-11,1.5755e-11,2.746e-11
2.1655e-11,1.024e-11,2.2941e-11
2.01e-11,4.9195e-12,1.6376e-11
5.2709e-11,3.0074e-11,3.3517e-11
1.7787e-11,5.4395e-12,1.9445e-11
1.9043e-11,4.2813e-12,1.8279e-11
4.0049e-11,1.1352e-11,2.6651e-11
5.5677e-11,1.5576e-11,3.0006e-11
5.7938e-11,1.3637e-11,3.2723e-11
2.4419e-11,4.8904e-12,2.6754e-11
3.0944e-11,6.6391e-12,3.2939e-11
3.36e-11,4.8956e-12,3.4823e-11
3.8842e-11,9.8842e-12,4.0097e-11
3.9255e-11,1.1937e-11,4.0866e-11
1.0779e-11,1.5829e-11,1.7078e-11
4.2215e-11,2.1114e-11,9.2827e-12
1.0133e-11,2.2275e-11,1.9225e-11
3.169e-11,3.7724e-11,3.6233e-11
1.0535e-11,1.8672e-11,1.9486e-11
1.5178e-11,2.3158e-11,2.6532e-11
2.6901e-11,1.8524e-11,1.5423e-11
1.0524e-11,1.9964e-11,1.8425e-11
1.9439e-11,2.3333e-11,2.9502e-11
1.2433e-11,2.4848e-11,2.4645e-11
2.1267e-11,1.8387e-11,1.7671e-11
1.6092e-11,2.4539e-11,1.6533e-11
1.3921e-11,2.5325e-11,2.3606e-11
1.1934e-11,2.1701e-11,2.1198e-11
1.429e-11,3.154e-11,2.2675e-11
1.6133e-11,1.1815e-11,2.0604e-11
1.2259e-11,1.4609e-11,1.6661e-11
1.6496e-11,1.7142e-11,2.0354e-11
1.9275e-11,2.3435e-11,2.1102e-11
1.4956e-11,2.8637e-11,2.3945e-11
1.3421e-11,2.7907e-11,2.2479e-11
2.7955e-11,3.062e-11,3.0488e-11
1.6733e-11,1.0816e-11,1.4136e-11
1.9825e-11,1.3739e-11,2.1497e-11
1.4636e-11,5.4117e-12,1.4714e-11
1.8531e-11,1.0049e-11,1.2342e-11
2.2952e-11,3.759e-11,4.9701e-11
2.4321e-11,3.1129e-11,3.9834e-11
2.8509e-11,2.3604e-11,2.5836e-11
2.3512e-11,1.5532e-11,2.4866e-11
1.5083e-11,9.4947e-12,1.8166e-11
3.5836e-11,4.271e-11,5.8442e-11
1.7762e-11,1.1274e-11,1.9752e-11
1.6782e-11,7.9754e-12,1.7946e-11
2.0064e-11,1.176e-11,2.2126e-11
2.5911e-11,1.4737e-11,2.8629e-11
3.2142e-11,1.8092e-11,3.4045e-11
2.9824e-11,7.8852e-12,2.3899e-11
6.6562e-11,1.7854e-11,3.6689e-11
2.9522e-11,8.2382e-12,2.5373e-11
2.2602e-11,5.8296e-12,2.4837e-11
3.3124e-11,8.3792e-12,2.871e-11
3.0915e-11,5.873e-12,3.2768e-11
3.7258e-11,2.7281e-12,4.2118e-11
3.9239e-11,4.3369e-12,4.2598e-11
1.2909e-11,1.5051e-11,2.0283e-11
3.3717e-11,2.1931e-11,1.5072e-11
1.1325e-11,1.6513e-11,1.9019e-11
1.4318e-11,2.4617e-11,2.1093e-11
3.4921e-11,3.0816e-11,2.2513e-11
2.38e-11,2.0959e-11,1.7782e-11
1.6433e-11,2.7337e-11,2.184e-11
1.9396e-11,1.9376e-11,1.7766e-11
1.1271e-11,2.1374e-11,2.1954e-11
1.6891e-11,3.0891e-11,2.3401e-11
1.5198e-11,1.4766e-11,1.4158e-11
1.4019e-11,1.7681e-11,2.0983e-11
1.619e-11,1.2172e-11,1.9834e-11
2.2011e-11,4.1813e-11,3.6913e-11
3.072e-11,5.5657e-11,4.9083e-11
1.6344e-11,3.7435e-11,3.2638e-11
1.417e-11,1.0458e-11,1.5752e-11
1.5258e-11,1.0661e-11,2.0185e-11
1.3904e-11,1.2744e-11,1.555e-11
2.8735e-11,2.8318e-11,3.0285e-11
1.2696e-11,1.9882e-11,1.3663e-11
1.6491e-11,8.2401e-12,1.3292e-11
2.5009e-11,4.567e-11,5.4913e-11
2.3566e-11,2.6551e-11,2.8548e-11
2.474e-11,4.1576e-11,5.5604e-11
1.9365e-11,1.2791e-11,2.1381e-11
1.6275e-11,1.1899e-11,1.7623e-11
1.7057e-11,7.0891e-12,1.7685e-11
1.5797e-11,6.8205e-12,1.7755e-11
3.7708e-11,2.8131e-11,3.6127e-11
1.9082e-11,1.2546e-11,2.0971e-11
3.2974e-11,3.8966e-11,5.377e-11
2.7756e-11,2.0973e-11,2.9513e-11
3.8832e-11,2.928e-11,4.1369e-11
2.7237e-11,9.2721e-12,1.8515e-11
4.0706e-11,2.9159e-11,4.2531e-11
3.3395e-11,2.2117e-11,3.3325e-11
1.8908e-11,1.0825e-11,2.0717e-11
1.8576e-11,4.5237e-12,1.4171e-11
2.5382e-11,1.628e-11,2.7414e-11
1.7527e-11,4.9859e-12,1.73e-11
4.1493e-11,1.4232e-11,2.286e-11
1.7986e-11,5.1096e-12,1.4878e-11
2.65e-11,6.6363e-12,2.0427e-11
4.6031e-11,1.3005e-11,2.9991e-11
6.1563e-11,3.1047e-11,4.405e-11
3.1786e-11,8.5895e-12,2.6183e-11
6.1139e-11,2.1654e-11,4.0535e-11
6.0337e-11,2.3906e-11,3.8622e-11
2.3295e-11,5.2714e-12,2.4489e-11
3.5457e-11,1.0669e-11,3.0611e-11
4.026e-11,1.1936e-11,3.2683e-11
3.1741e-11,9.3222e-12,3.0971e-11
3.2322e-11,5.647e-12,3.4118e-11
3.7424e-11,3.579e-12,4.0458e-11
1.32e-11,1.4445e-11,1.9355e-11
1.1782e-11,1.5697e-11,1.6463e-11
1.8404e-11,1.8639e-11,1.5957e-11
2.8937e-11,1.7291e-11,1.5951e-11
2.3605e-11,1.7044e-11,1.5222e-11
1.5513e-11,1.9833e-11,2.3867e-11
2.0889e-11,2.4022e-11,2.266e-11
2.6418e-11,1.7758e-11,2.1614e-11
2.3253e-11,1.7636e-11,1.3868e-11
1.1324e-11,1.8983e-11,2.0507e-11
1.8435e-11,3.0717e-11,2.062e-11
1.6644e-11,1.9564e-11,1.6682e-11
1.5253e-11,1.9832e-11,1.6652e-11
1.581e-11,1.5582e-11,1.3788e-11
1.724e-11,2.2178e-11,2.1455e-11
1.2693e-11,2.544e-11,2.6943e-11
2.4801e-11,2.2067e-11,2.4899e-11
2.7676e-11,2.4666e-11,2.9097e-11
1.5222e-11,1.9744e-11,1.3959e-11
2.4322e-11,1.9259e-11,2.4777e-11
3.7066e-11,3.211e-11,3.7375e-11
2.433e-11,1.7446e-11,2.4423e-11
2.0558e-11,1.5165e-11,1.892e-11
1.7176e-11,1.1336e-11,1.8223e-11
2.2917e-11,2.9734e-11,3.0102e-11
1.4463e-11,7.0668e-12,1.2359e-11
2.2759e-11,1.713e-11,2.075e-11
1.3986e-11,8.3715e-12,1.8579e-11
3.5055e-11,2.5146e-11,2.8401e-11
3.5172e-11,1.446e-11,2.3543e-11
2.545e-11,1.7655e-11,2.6939e-11
2.6894e-11,8.5551e-12,1.8236e-11
3.1535e-11,1.9052e-11,3.1472e-11
1.7847e-11,5.7916e-12,1.4841e-11
2.1695e-11,1.2778e-11,2.3628e-11
3.3249e-11,2.0924e-11,3.3615e-11
3.185e-11,1.8975e-11,3.2176e-11
1.7582e-11,6.2825e-12,2.0498e-11
5.0517e-11,2.1688e-11,3.4116e-11
2.1751e-11,1.031e-11,2.286e-11
3.912e-11,1.1308e-11,2.7903e-11
5.7152e-11,2.3654e-11,3.5132e-11
4.5379e-11,1.4812e-11,3.1433e-11
2.8275e-11,1.4395e-11,3.0821e-11
3.3497e-11,1.8305e-11,3.5162e-11
2.4537e-11,8.3431e-12,2.5314e-11
2.7756e-11,1.1971e-11,3.2831e-11
3.665e-11,1.8576e-11,3.9773e-11
2.4676e-11,4.0298e-12,2.4012e-11
3.2955e-11,7.9062e-12,3.3017e-11
3.3553e-11,5.0439e-12,3.7759e-11
3.4594e-11,4.8929e-12,3.8717e-11
1.0893e-11,1.7681e-11,1.9011e-11
9.4044e-12,1.5827e-11,1.7616e-11
1.2316e-11,1.6734e-11,1.9843e-11
1.1499e-11,1.7866e-11,1.6869e-11
1.1548e-11,1.6858e-11,1.6176e-11
1.6682e-11,1.8961e-11,1.6043e-11
1.1952e-11,2.2368e-11,2.114e-11
1.3552e-11,1.8984e-11,1.552e-11
1.1802e-11,2.3713e-11,2.2808e-11
1.6554e-11,1.6883e-11,2.0055e-11
1.72e-11,1.9617e-11,2.1574e-11
2.6014e-11,1.8052e-11,2.0918e-11
1.5068e-11,1.6903e-11,1.4314e-11
2.0371e-11,1.5062e-11,2.0934e-11
2.6591e-11,2.7571e-11,1.7128e-11
1.1584e-11,1.8836e-11,2.3169e-11
9.7029e-12,1.5548e-11,1.6471e-11
1.2097e-11,1.7662e-11,2.128e-11
1.0008e-11,1.7281e-11,1.9737e-11
1.4247e-11,2.0921e-11,2.1425e-11
2.305e-11,4.3279e-11,3.8059e-11
2.543e-11,4.3193e-11,3.6102e-11
1.2712e-11,1.3188e-11,1.9214e-11
1.1265e-11,1.0116e-11,1.6444e-11
2.2651e-11,1.7123e-11,2.302e-11
2.3904e-11,1.795e-11,2.5825e-11
3.96e-11,3.2628e-11,4.0711e-11
2.8501e-11,1.625e-11,2.086e-11
2.3105e-11,9.5091e-12,1.6322e-11
1.4487e-11,8.6219e-12,1.7334e-11
3.1047e-11,2.59e-11,3.6045e-11
3.283e-11,3.9699e-11,5.322e-11
4.0358e-11,3.7228e-11,5.0769e-11
3.9505e-11,3.3212e-11,4.4536e-11
1.6538e-11,4.5886e-12,1.3155e-11
3.1683e-11,1.8525e-11,3.2e-11
4.6429e-11,1.3936e-11,2.5181e-11
5.9466e-11,3.2683e-11,4.6988e-11
1.9947e-11,8.4945e-12,2.1956e-11
2.0731e-11,6.483e-12,2.2388e-11
2.5575e-11,1.2265e-11,2.7099e-11
6.5295e-11,2.3976e-11,4.1834e-11
3.4724e-11,1.8756e-11,3.5575e-11
3.4692e-11,1.3754e-11,3.6732e-11
2.8211e-11,7.7166e-12,3.0519e-11
3.0946e-11,6.9338e-12,3.2788e-11
1.0705e-11,1.7593e-11,1.9145e-11
1.4724e-11,1.8441e-11,2.1578e-11
9.2887e-12,1.7049e-11,1.6997e-11
1.2997e-11,2.6236e-11,2.5636e-11
1.8808e-11,3.0951e-11,2.9258e-11
2.62e-11,1.6763e-11,1.3507e-11
1.4224e-11,1.7363e-11,2.0679e-11
1.7758e-11,2.3887e-11,1.8239e-11
1.54e-11,2.7437e-11,2.4938e-11
1.9453e-11,1.5187e-11,2.0918e-11
1.8088e-11,1.7899e-11,1.9383e-11
1.9215e-11,1.7329e-11,1.9404e-11
1.0698e-11,1.6996e-11,1.9877e-11
1.9477e-11,1.7354e-11,1.648e-11
2.2163e-11,1.3827e-11,2.2832e-11
1.9416e-11,2.0774e-11,1.5377e-11
1.2968e-11,1.1887e-11,2.4365e-11
1.9613e-11,2.1515e-11,2.1329e-11
2.9311e-11,3.8187e-11,3.2956e-11
3.7763e-11,5.2549e-11,4.6741e-11
3.1654e-11,3.2121e-11,3.0664e-11
1.4654e-11,2.9528e-11,2.9404e-11
1.3232e-11,1.703e-11,1.3062e-11
1.353e-11,1.1388e-11,1.6255e-11
2.0681e-11,1.3223e-11,1.4461e-11
2.0779e-11,2.3907e-11,2.3363e-11
1.3236e-11,5.9418e-12,1.2159e-11
2.3295e-11,3.5144e-11,4.592e-11
3.3171e-11,2.2215e-11,3.0764e-11
1.7021e-11,9.1585e-12,1.2055e-11
1.4444e-11,5.4093e-12,1.5595e-11
2.9996e-11,3.8126e-11,5.4917e-11
1.3883e-11,5.8894e-12,1.7134e-11
1.405e-11,7.2171e-12,1.8828e-11
3.5771e-11,3.1451e-11,3.8905e-11
2.2619e-11,8.6177e-12,1.7973e-11
3.3451e-11,1.9605e-11,2.1224e-11
1.6042e-11,6.1279e-12,1.3873e-11
3.2008e-11,1.3436e-11,1.9982e-11
1.7067e-11,9.9e-12,1.7692e-11
2.5546e-11,9.0298e-12,1.8245e-11
1.8443e-11,6.4776e-12,1.9101e-11
5.8328e-11,3.4518e-11,4.4789e-11
2.7109e-11,8.107e-12,2.2689e-11
5.7253e-11,1.613e-11,3.5527e-11
2.8552e-11,6.5943e-12,2.6878e-11
3.4381e-11,7.029e-12,3.5523e-11
3.5263e-11,5.3974e-12,3.7713e-11
2.6817e-11,1.6583e-11,1.1526e-11
1.0595e-11,1.7956e-11,1.9212e-11
1.456e-11,1.4289e-11,1.7084e-11
1.1266e-11,1.6976e-11,1.6589e-11
1.1741e-11,1.9836e-11,2.3222e-11
1.5472e-11,1.8587e-11,2.4715e-11
1.3614e-11,1.5871e-11,1.4362e-11
1.086e-11,1.7968e-11,1.9117e-11
1.0277e-11,1.8567e-11,2.073e-11
1.512e-11,2.5512e-11,2.2018e-11
2.2099e-11,3.5055e-11,2.1283e-11
1.2744e-11,2.6241e-11,2.1639e-11
2.0006e-11,2.1246e-11,1.7119e-11
1.4423e-11,1.7434e-11,1.5444e-11
1.5332e-11,1.4771e-11,1.8343e-11
1.1289e-11,2.5391e-11,2.2616e-11
2.3982e-11,3.4725e-11,3.0075e-11
1.0584e-11,2.4276e-11,2.4077e-11
1.0144e-11,2.4408e-11,2.4714e-11
1.7961e-11,1.8088e-11,1.9306e-11
1.6955e-11,8.2816e-12,1.8092e-11
1.4497e-11,1.7055e-11,1.3981e-11
1.4197e-11,1.0608e-11,1.7014e-11
1.2828e-11,8.8333e-12,1.4447e-11
1.383e-11,1.5644e-11,1.301e-11
2.2783e-11,1.6683e-11,2.4446e-11
2.0994e-11,1.6328e-11,2.4101e-11
1.9331e-11,1.8139e-11,1.5655e-11
1.8659e-11,1.8287e-11,2.4611e-11
1.5274e-11,8.5521e-12,1.7543e-11
3.1293e-11,1.5915e-11,1.9096e-11
1.5644e-11,6.6925e-12,1.5286e-11
1.6733e-11,7.8121e-12,1.7696e-11
1.4477e-11,5.1621e-12,1.6748e-11
3.3494e-11,1.1487e-11,1.9047e-11
4.2774e-11,3.6795e-11,5.5493e-11
1.6045e-11,6.9261e-12,1.7625e-11
2.1515e-11,7.0747e-12,1.6398e-11
3.6015e-11,2.4553e-11,3.7207e-11
1.7064e-11,3.6541e-12,1.7914e-11
4.9615e-11,1.8129e-11,2.7316e-11
1.8425e-11,7.1708e-12,1.929e-11
2.1315e-11,7.1321e-12,2.3159e-11
2.4256e-11,6.9092e-12,2.2482e-11
3.606e-11,1.1633e-11,3.2043e-11
3.182e-11,1.3995e-11,3.5038e-11
2.5449e-11,5.0118e-12,2.8557e-11
2.8813e-11,5.7529e-12,2.8421e-11
2.9789e-11,6.2899e-12,2.9323e-11
3.2083e-11,6.7715e-12,3.3803e-11
3.7598e-11,5.8966e-12,3.9007e-11
3.5755e-11,5.031e-12,3.9893e-11
1.509e-11,2.4703e-11,2.5542e-11
1.2612e-11,1.9296e-11,1.7089e-11
1.4688e-11,1.8881e-11,1.8922e-11
1.6812e-11,1.6091e-11,1.5322e-11
1.1678e-11,1.7661e-11,1.8973e-11
1.362e-11,1.6997e-11,1.9388e-11
1.8449e-11,2.2563e-11,2.3567e-11
1.2167e-11,1.8063e-11,1.5852e-11
1.2829e-11,1.7171e-11,1.8111e-11
9.7744e-12,1.6076e-11,1.6974e-11
2.2692e-11,5.2874e-11,4.5084e-11
1.0302e-11,1.5462e-11,1.7044e-11
1.1791e-11,1.6344e-11,2.1711e-11
2.5407e-11,3.2639e-11,2.9308e-11
3.1633e-11,6.3046e-11,5.1208e-11
9.1666e-12,1.589e-11,1.7384e-11
1.4185e-11,1.7205e-11,1.6416e-11
1.5167e-11,1.3633e-11,1.862e-11
1.0003e-11,1.2554e-11,1.8674e-11
1.1469e-11,2.3883e-11,2.1288e-11
1.0433e-11,1.1946e-11,1.6693e-11
1.6334e-11,1.5941e-11,1.8079e-11
1.8264e-11,1.9143e-11,1.9612e-11
3.5004e-11,4.352e-11,3.7053e-11
1.9071e-11,1.9269e-11,2.0297e-11
3.3371e-11,3.2689e-11,3.1553e-11
1.1109e-11,2.633e-11,2.6254e-11
1.3541e-11,2.7209e-11,3.2741e-11
1.2596e-11,6.1585e-12,1.2731e-11
2.0553e-11,1.7101e-11,2.4325e-11
1.2267e-11,5.1409e-12,1.1437e-11
1.8179e-11,3.9081e-11,4.32e-11
3.8147e-11,3.4171e-11,3.8928e-11
1.5206e-11,5.9497e-12,1.2176e-11
3.7425e-11,2.9541e-11,3.7313e-11
3.9883e-11,3.1715e-11,4.1502e-11
1.5e-11,9.1671e-12,1.6872e-11
1.6e-11,7.3283e-12,1.5098e-11
2.4214e-11,1.0537e-11,1.6407e-11
3.2388e-11,3.8503e-11,5.5857e-11
3.5642e-11,1.595e-11,2.2346e-11
3.691e-11,2.6782e-11,3.8687e-11
1.5099e-11,6.8539e-12,1.5755e-11
3.5356e-11,2.3655e-11,3.5479e-11
1.6858e-11,5.2676e-12,1.7206e-11
1.9746e-11,6.1842e-12,1.552e-11
1.9931e-11,5.9446e-12,1.6849e-11
4.5899e-11,1.7231e-11,2.5769e-11
3.3729e-11,2.0587e-11,3.5707e-11
5.5427e-11,1.8873e-11,3.4641e-11
2.5895e-11,7.0203e-12,2.4673e-11
2.4195e-11,4.766e-12,2.6828e-11
3.2761e-11,1.1972e-11,3.4957e-11
3.8789e-11,7.793e-12,4.0078e-11
4.042e-11,8.4323e-12,4.1239e-11
8.1689e-12,1.7741e-11,1.8111e-11
1.2701e-11,1.8529e-11,1.8474e-11
1.1451e-11,1.727e-11,1.5264e-11
2.6676e-11,2.5875e-11,1.7103e-11
1.1747e-11,2.4889e-11,2.5757e-11
1.6728e-11,1.7602e-11,2.1627e-11
1.655e-11,1.5888e-11,1.5321e-11
2.2693e-11,4.5821e-11,3.8061e-11
1.0286e-11,1.6642e-11,1.6221e-11
2.4051e-11,4.7602e-11,3.8616e-11
2.7628e-11,5.6881e-11,4.5107e-11
2.9023e-11,6.2187e-11,5.025e-11
1.6444e-11,1.7017e-11,1.9632e-11
1.5359e-11,1.5803e-11,1.4351e-11
1.6726e-11,2.7934e-11,2.2494e-11
1.5099e-11,1.2782e-11,1.7418e-11
2.3203e-11,2.0918e-11,1.5325e-11
2.147e-11,1.7803e-11,1.4826e-11
1.341e-11,1.5798e-11,2.151e-11
2.9201e-11,4.3429e-11,3.4589e-11
1.5008e-11,1.7913e-11,2.1807e-11
1.2212e-11,2.608e-11,2.7519e-11
1.5768e-11,1.3843e-11,1.5525e-11
1.9511e-11,4.0329e-11,4.7891e-11
1.7163e-11,1.1105e-11,1.3335e-11
2.2258e-11,1.3635e-11,1.8493e-11
1.5171e-11,6.6865e-12,1.1897e-11
1.4736e-11,5.9311e-12,1.54e-11
1.6701e-11,9.2533e-12,1.8472e-11
2.9022e-11,1.4222e-11,1.8983e-11
3.4964e-11,2.2945e-11,3.4086e-11
1.8586e-11,6.9781e-12,1.5393e-11
2.4242e-11,7.1666e-12,1.7443e-11
1.6968e-11,6.663e-12,1.732e-11
4.7596e-11,1.7585e-11,2.6521e-11
4.8114e-11,2.6774e-11,3.9509e-11
1.9065e-11,3.504e-12,1.8537e-11
5.672e-11,2.7108e-11,3.8804e-11
5.4448e-11,1.913e-11,3.544e-11
4.1391e-11,1.277e-11,3.2685e-11
5.0734e-11,1.7116e-11,3.5615e-11
2.83e-11,1.1587e-11,3.0488e-11
2.9303e-11,6.5776e-12,2.8972e-11
2.9804e-11,5.8622e-12,2.9322e-11
1.0328e-11,1.9791e-11,1.7374e-11
1.7166e-11,1.4954e-11,1.817e-11
9.4267e-12,1.9088e-11,2.0086e-11
2.7342e-11,1.4011e-11,2.5215e-11
1.2662e-11,1.6926e-11,1.6573e-11
1.3647e-11,2.0069e-11,1.7488e-11
2.1485e-11,1.516e-11,1.7488e-11
1.8581e-11,1.4891e-11,1.6132e-11
1.4257e-11,1.8182e-11,1.8124e-11
2.3431e-11,4.1747e-11,3.475e-11
1.0943e-11,1.7412e-11,1.8856e-11
1.0824e-11,1.8036e-11,1.9239e-11
9.3171e-12,1.385e-11,1.6258e-11
1.3868e-11,2.3391e-11,2.3422e-11
1.322e-11,1.6923e-11,1.8506e-11
1.4449e-11,1.7033e-11,2.224e-11
1.1629e-11,1.9099e-11,1.7702e-11
2.0855e-11,3.0508e-11,2.7722e-11
1.1932e-11,1.2283e-11,1.6749e-11
1.9769e-11,2.6349e-11,2.2059e-11
1.7054e-11,1.6449e-11,1.8458e-11
1.2756e-11,3.0938e-11,3.1475e-11
1.3999e-11,3.1068e-11,3.3668e-11
1.262e-11,2.4481e-11,2.896e-11
1.1642e-11,2.2804e-11,2.6965e-11
2.3282e-11,3.1493e-11,4.6991e-11
1.5273e-11,9.0433e-12,1.4454e-11
2.2317e-11,1.4005e-11,1.6036e-11
4.023e-11,3.4222e-11,5.4782e-11
4.3046e-11,3.6442e-11,5.945e-11
2.2653e-11,6.5437e-12,1.6486e-11
3.2214e-11,1.3832e-11,2.2687e-11
1.6597e-11,7.4742e-12,1.8702e-11
2.5917e-11,1.007e-11,2.1081e-11
3.3932e-11,1.0971e-11,2.338e-11
2.0966e-11,7.5096e-12,2.1835e-11
5.2337e-11,2.8404e-11,4.0419e-11
3.0699e-11,1.0891e-11,2.5682e-11
4.5045e-11,1.2903e-11,2.9214e-11
2.0806e-11,7.5435e-12,2.1666e-11
4.5314e-11,1.3873e-11,3.5285e-11
2.5951e-11,5.2816e-12,2.7713e-11
2.6302e-11,3.2646e-11,2.8397e-11
1.517e-11,2.1589e-11,2.3833e-11
2.421e-11,1.4485e-11,1.9669e-11
2.3707e-11,1.5707e-11,1.2442e-11
2.16e-11,1.3943e-11,1.3347e-11
1.0476e-11,1.8848e-11,1.9264e-11
1.7342e-11,1.4044e-11,1.6687e-11
1.2593e-11,2.0188e-11,1.8013e-11
1.1713e-11,1.7734e-11,2.0133e-11
1.7632e-11,2.79e-11,2.5268e-11
2.4998e-11,4.5329e-11,3.5973e-11
1.1317e-11,1.5239e-11,1.5254e-11
1.3859e-11,1.4929e-11,1.626e-11
1.2013e-11,2.9889e-11,2.8541e-11
1.56e-11,3.4016e-11,3.6152e-11
1.7736e-11,7.9469e-12,1.6766e-11
1.1013e-11,2.2688e-11,2.3564e-11
1.3021e-11,1.4879e-11,1.7272e-11
1.6394e-11,1.569e-11,1.9752e-11
3.9811e-11,5.309e-11,4.5208e-11
1.7809e-11,2.8952e-11,3.8831e-11
1.6297e-11,1.1174e-11,1.9281e-11
2.4505e-11,3.9534e-11,5.4891e-11
1.3203e-11,7.6263e-12,1.1607e-11
2.3888e-11,3.1021e-11,4.5602e-11
2.8651e-11,2.8474e-11,3.9041e-11
1.6823e-11,8.0107e-12,1.7746e-11
2.6881e-11,1.4077e-11,1.9065e-11
3.6095e-11,3.1435e-11,4.0781e-11
3.9531e-11,1.9505e-11,2.8618e-11
1.7757e-11,6.3964e-12,1.8913e-11
2.0474e-11,7.2326e-12,1.7266e-11
2.3866e-11,7.3106e-12,2.2191e-11
2.4569e-11,1.1617e-11,2.5847e-11
2.0087e-11,7.7245e-12,1.7235e-11
3.7768e-11,1.1599e-11,3.1145e-11
3.0839e-11,9.7815e-12,3.0014e-11
2.9605e-11,9.2357e-12,3.1761e-11
3.6542e-11,1.7807e-11,3.9214e-11
3.0624e-11,9.5564e-12,3.2865e-11
3.5224e-11,1.4006e-11,3.6705e-11
3.3349e-11,9.0165e-12,3.4776e-11
3.1305e-11,8.4896e-12,3.3805e-11
3.1437e-11,4.4759e-12,3.3813e-11
2.9381e-11,2.752e-11,1.798e-11
1.933e-11,1.7276e-11,2.6033e-11
1.1074e-11,1.8061e-11,1.8851e-11
9.7498e-12,1.6323e-11,1.5697e-11
2.3101e-11,2.169e-11,1.9028e-11
1.5535e-11,2.4863e-11,2.2651e-11
1.4278e-11,1.728e-11,1.7673e-11
1.2929e-11,1.7067e-11,2.1315e-11
1.4558e-11,2.7375e-11,2.8382e-11
9.9435e-12,1.4895e-11,1.8146e-11
1.7222e-11,1.7182e-11,2.112e-11
1.6097e-11,1.2351e-11,1.6899e-11
1.4944e-11,3.4984e-11,3.6093e-11
3.7065e-11,5.1058e-11,4.1138e-11
3.9905e-11,5.0045e-11,4.1999e-11
1.369e-11,1.3444e-11,1.4482e-11
2.2258e-11,1.6924e-11,2.421e-11
2.1903e-11,1.61e-11,2.2294e-11
1.4088e-11,8.2344e-12,1.1823e-11
2.4549e-11,1.9179e-11,2.5572e-11
1.4013e-11,7.7026e-12,1.2154e-11
1.7872e-11,1.1123e-11,1.6185e-11
1.5882e-11,8.3288e-12,1.7885e-11
1.5792e-11,4.581e-12,1.57e-11
3.0263e-11,1.2722e-11,2.0301e-11
3.567e-11,1.8039e-11,2.5736e-11
1.823e-11,6.5822e-12,1.9363e-11
3.2858e-11,1.9201e-11,3.3342e-11
3.0554e-11,1.013e-11,2.3152e-11
4.6962e-11,2.5794e-11,3.6181e-11
2.0518e-11,8.7316e-12,2.086e-11
2.1003e-11,5.9039e-12,1.9824e-11
3.4222e-11,4.8505e-12,3.634e-11
3.74e-11,3.0306e-12,4.0478e-11
8.3066e-12,1.5954e-11,1.3477e-11
9.7896e-12,1.5819e-11,1.5517e-11
9.8675e-12,1.5805e-11,1.5467e-11
1.0454e-11,1.6243e-11,1.6425e-11
2.5362e-11,2.8465e-11,2.4133e-11
2.9079e-11,2.7813e-11,1.5156e-11
1.9955e-11,1.3346e-11,1.2957e-11
1.2981e-11,1.9088e-11,1.6989e-11
8.4869e-12,1.7016e-11,1.3695e-11
1.1078e-11,1.9799e-11,1.7281e-11
1.1883e-11,2.2512e-11,2.4835e-11
2.5403e-11,3.4587e-11,2.8111e-11
1.8894e-11,2.5406e-11,1.8828e-11
2.2574e-11,1.4598e-11,1.2635e-11
3.1495e-11,6.2196e-11,4.4758e-11
8.9898e-12,2.1394e-11,2.2179e-11
9.5275e-12,1.646e-11,1.8882e-11
1.3072e-11,1.7759e-11,1.9927e-11
1.1885e-11,1.6765e-11,2.1714e-11
1.48e-11,1.3431e-11,1.5774e-11
1.211e-11,2.0387e-11,1.9845e-11
1.5942e-11,3.4578e-11,3.8042e-11
1.1424e-11,1.0776e-11,1.3554e-11
1.2619e-11,1.5536e-11,1.8842e-11
9.4578e-12,2.4287e-11,2.4108e-11
1.553e-11,3.5399e-11,3.9601e-11
2.3352e-11,2.6521e-11,2.1858e-11
1.5827e-11,1.2416e-11,1.5566e-11
1.3621e-11,2.4537e-11,2.3456e-11
8.7078e-12,1.9677e-11,2.4369e-11
1.6803e-11,3.7561e-11,4.3586e-11
1.6274e-11,3.5289e-11,4.0861e-11
1.365e-11,1.2979e-11,1.4856e-11
1.3208e-11,2.2481e-11,2.9663e-11
1.3336e-11,1.2927e-11,1.4349e-11
1.5429e-11,1.3905e-11,1.5827e-11
1.9228e-11,3.4339e-11,4.266e-11
1.5506e-11,1.0756e-11,1.7802e-11
1.316e-11,6.9639e-12,1.1284e-11
3.9425e-11,2.95e-11,3.6342e-11
1.3271e-11,4.8549e-12,1.4741e-11
1.3008e-11,4.0957e-12,1.3969e-11
1.6678e-11,6.6949e-12,1.3589e-11
2.324e-11,2.3033e-11,3.8494e-11
1.4036e-11,5.4943e-12,1.3386e-11
2.773e-11,3.2547e-11,4.7557e-11
2.3587e-11,1.9693e-11,2.3345e-11
2.6539e-11,1.8468e-11,2.6545e-11
2.1211e-11,1.5012e-11,2.3132e-11
3.7166e-11,3.8144e-11,5.7856e-11
2.1869e-11,9.5886e-12,1.82e-11
3.8994e-11,3.6728e-11,5.8118e-11
3.7303e-11,2.3432e-11,3.5987e-11
2.0869e-11,1.1476e-11,2.2231e-11
1.9754e-11,1.1725e-11,2.1668e-11
3.7375e-11,2.56e-11,3.7332e-11
3.2812e-11,1.3661e-11,2.1639e-11
1.6747e-11,6.1522e-12,1.6795e-11
2.1757e-11,8.334e-12,1.9647e-11
2.3275e-11,8.567e-12,2.027e-11
3.6535e-11,1.4863e-11,2.3581e-11
3.3206e-11,1.1012e-11,2.4464e-11
2.8029e-11,1.5911e-11,2.8653e-11
4.6452e-11,1.5968e-11,3.0934e-11
2.8353e-11,9.1381e-12,2.6045e-11
4.2712e-11,1.2931e-11,3.0398e-11
4.6246e-11,1.3693e-11,3.2264e-11
2.9592e-11,1.3897e-11,3.0834e-11
3.5153e-11,1.6017e-11,3.6316e-11
2.9249e-11,7.1911e-12,3.2043e-11
3.041e-11,7.7232e-12,3.2115e-11
3.0762e-11,7.2315e-12,3.3527e-11
3.3269e-11,4.5461e-12,3.5355e-11
3.4498e-11,6.4135e-12,3.3485e-11
3.5282e-11,4.5652e-12,3.7688e-11
3.6609e-11,4.6341e-12,3.9766e-11
1.1237e-11,1.6656e-11,1.7241e-11
1.6619e-11,1.6748e-11,2.0795e-11
1.9688e-11,1.3666e-11,1.3745e-11
9.7455e-12,1.9473e-11,1.8846e-11
1.4793e-11,1.8855e-11,1.7862e-11
1.4938e-11,1.6716e-11,1.7561e-11
1.351e-11,2.0247e-11,2.1525e-11
1.2168e-11,2.6322e-11,2.9198e-11
2.1967e-11,2.1346e-11,1.6049e-11
1.0449e-11,1.6551e-11,1.5103e-11
3.3921e-11,6.6689e-11,4.7021e-11
1.2844e-11,1.3278e-11,1.7912e-11
1.5027e-11,1.2559e-11,1.4884e-11
1.0961e-11,1.5945e-11,1.9036e-11
1.13e-11,1.8161e-11,1.8962e-11
1.1896e-11,1.4018e-11,1.4664e-11
3.4015e-11,5.8033e-11,4.3971e-11
1.2386e-11,1.4816e-11,1.8603e-11
1.3032e-11,1.5786e-11,1.8545e-11
1.9431e-11,2.1103e-11,2.1695e-11
1.602e-11,1.6642e-11,1.866e-11
3.4004e-11,3.8645e-11,3.277e-11
1.8465e-11,1.4923e-11,2.0164e-11
1.1903e-11,1.0561e-11,1.6761e-11
2.4493e-11,2.0247e-11,2.5291e-11
1.2924e-11,8.9425e-12,1.2541e-11
1.6687e-11,8.4987e-12,1.2961e-11
3.3503e-11,2.0908e-11,2.8896e-11
1.7371e-11,1.1305e-11,1.8152e-11
1.3757e-11,5.918e-12,1.3159e-11
1.6554e-11,1.0176e-11,1.415e-11
2.1946e-11,2.3299e-11,3.4422e-11
2.8022e-11,2.5732e-11,3.8966e-11
3.8052e-11,2.4961e-11,3.4588e-11
2.4805e-11,9.9321e-12,1.7278e-11
3.0245e-11,1.885e-11,2.9984e-11
1.9545e-11,6.8051e-12,1.6226e-11
1.7474e-11,9.7057e-12,1.6011e-11
3.7285e-11,2.5143e-11,3.7352e-11
2.1252e-11,7.9084e-12,1.9569e-11
2.699e-11,1.6468e-11,2.7583e-11
2.0259e-11,9.3489e-12,2.1022e-11
2.196e-11,5.8537e-12,2.3822e-11
3.1963e-11,1.4792e-11,3.2777e-11
2.441e-11,6.3636e-12,2.2579e-11
4.0126e-11,1.1951e-11,3.2644e-11
3.4724e-11,1.5558e-11,3.5957e-11
3.0335e-11,7.6884e-12,3.2472e-11
3.7867e-11,1.0713e-11,3.8272e-11
3.894e-11,8.1448e-12,4.0624e-11
3.3933e-11,6.6184e-12,3.554e-11
3.6128e-11,6.6827e-12,3.4805e-11
9.7869e-12,1.4748e-11,1.4498e-11
3.0576e-11,1.9098e-11,1.8335e-11
1.3928e-11,1.9781e-11,2.0684e-11
1.2551e-11,2.0655e-11,1.9082e-11
1.095e-11,1.8618e-11,1.4941e-11
1.0529e-11,2.4799e-11,2.6763e-11
9.562e-12,2.3193e-11,2.3966e-11
1.0677e-11,1.824e-11,1.8267e-11
2.0204e-11,2.7626e-11,2.4674e-11
8.3584e-12,2.1294e-11,2.1157e-11
1.0756e-11,1.5957e-11,1.828e-11
1.4312e-11,1.6981e-11,2.5728e-11
8.4395e-12,1.384e-11,1.9108e-11
1.1038e-11,1.0931e-11,1.483e-11
1.5876e-11,3.4877e-11,3.8684e-11
3.5755e-11,4.5633e-11,3.8072e-11
1.5783e-11,3.7348e-11,4.2124e-11
2.2589e-11,2.0303e-11,2.2597e-11
1.8743e-11,1.543e-11,2.1765e-11
1.137e-11,9.2648e-12,1.3871e-11
1.4918e-11,9.4774e-12,1.409e-11
1.4774e-11,1.1786e-11,1.3057e-11
1.2491e-11,7.0391e-12,1.1889e-11
1.3013e-11,9.5988e-12,1.2398e-11
1.3498e-11,6.0719e-12,1.338e-11
1.516e-11,9.9379e-12,1.7461e-11
1.5296e-11,1.7609e-11,2.1126e-11
1.3718e-11,5.9944e-12,1.1985e-11
1.4723e-11,7.2904e-12,1.3761e-11
2.1426e-11,1.4818e-11,2.1658e-11
1.3891e-11,6.3427e-12,1.4353e-11
3.7443e-11,2.4319e-11,3.3374e-11
1.3797e-11,7.6444e-12,1.5336e-11
1.3007e-11,8.1796e-12,1.4784e-11
2.3531e-11,1.5677e-11,1.8138e-11
2.5502e-11,1.6416e-11,2.4762e-11
2.5324e-11,1.0231e-11,1.7574e-11
1.5929e-11,7.3351e-12,1.8886e-11
1.6229e-11,8.5086e-12,1.8019e-11
2.22e-11,1.2498e-11,2.3477e-11
1.6306e-11,5.4812e-12,1.8029e-11
1.8704e-11,6.5229e-12,1.5932e-11
3.7197e-11,1.7105e-11,2.6626e-11
3.5984e-11,2.3027e-11,3.5627e-11
1.8804e-11,4.9512e-12,1.5532e-11
2.0615e-11,9.1299e-12,2.1322e-11
3.1002e-11,1.6387e-11,3.2541e-11
2.8082e-11,1.5613e-11,2.8303e-11
2.0529e-11,6.2042e-12,1.8804e-11
2.9335e-11,1.0495e-11,2.7263e-11
4.4859e-11,1.6184e-11,3.21e-11
4.2428e-11,1.35e-11,3.2896e-11
3.0996e-11,1.4387e-11,3.2507e-11
2.8228e-11,7.6693e-12,2.8454e-11
3.1394e-11,1.2061e-11,3.2824e-11
3.1718e-11,7.2458e-12,3.3926e-11
3.9305e-11,1.0261e-11,4.0145e-11
2.7082e-11,1.5501e-11,1.5001e-11
1.1658e-11,1.3997e-11,1.5586e-11
1.5843e-11,1.1925e-11,1.4709e-11
1.1777e-11,1.7443e-11,1.4941e-11
9.7972e-12,1.5591e-11,1.8751e-11
2.8063e-11,4.5875e-11,3.4108e-11
1.1004e-11,1.2975e-11,1.5833e-11
8.2119e-12,1.9142e-11,1.912e-11
3.4809e-11,5.8143e-11,4.1332e-11
1.2853e-11,1.3524e-11,1.8422e-11
1.2175e-11,7.1822e-12,1.4367e-11
3.8753e-11,5.1539e-11,3.9402e-11
1.4594e-11,1.6156e-11,1.7581e-11
3.3628e-11,3.6402e-11,3.2467e-11
1.1744e-11,2.1934e-11,2.3123e-11
1.702e-11,1.31e-11,1.3924e-11
1.5721e-11,2.7867e-11,3.3672e-11
1.2393e-11,6.6037e-12,1.0654e-11
2.2315e-11,3.8423e-11,4.7279e-11
1.6018e-11,1.0469e-11,1.373e-11
3.502e-11,2.3529e-11,3.0894e-11
1.759e-11,2.0823e-11,3.4466e-11
1.7155e-11,1.4084e-11,2.071e-11
1.9293e-11,1.4353e-11,1.826e-11
2.1337e-11,1.4549e-11,2.2505e-11
1.321e-11,5.0608e-12,1.3965e-11
3.199e-11,3.5203e-11,5.0097e-11
1.4182e-11,7.5779e-12,1.5846e-11
2.0591e-11,1.1062e-11,1.565e-11
2.5891e-11,1.7123e-11,2.5009e-11
3.5711e-11,2.4056e-11,3.5882e-11
1.7359e-11,7.5121e-12,1.6187e-11
2.4261e-11,1.054e-11,2.7108e-11
3.5711e-11,1.2075e-11,3.7203e-11
2.9514e-11,5.1284e-12,3.0952e-11
3.2838e-11,1.0359e-11,3.545e-11
3.2004e-11,7.8023e-12,3.2284e-11
3.4419e-11,6.0456e-12,3.5217e-11
1.6549e-11,1.7835e-11,2.7149e-11
2.1346e-11,1.373e-11,1.7608e-11
9.0566e-12,1.2902e-11,1.4584e-11
1.6373e-11,2.018e-11,1.7109e-11
1.2586e-11,1.2585e-11,1.634e-11
1.2721e-11,1.942e-11,1.6804e-11
2.4423e-11,3.3414e-11,2.4749e-11
1.6506e-11,2.2345e-11,2.033e-11
8.8374e-12,1.288e-11,1.5176e-11
1.3376e-11,3.2481e-11,3.5465e-11
3.5346e-11,6.2105e-11,4.302e-11
1.2361e-11,1.571e-11,1.8791e-11
1.2426e-11,3.2296e-11,3.4259e-11
1.1949e-11,1.4698e-11,1.6532e-11
6.7124e-12,1.1675e-11,1.7856e-11
1.3961e-11,1.4411e-11,2.025e-11
1.1479e-11,1.3046e-11,1.6696e-11
1.3134e-11,1.4969e-11,1.687e-11
8.9088e-12,1.6877e-11,2.1154e-11
8.3157e-12,1.6882e-11,2.0965e-11
1.62e-11,1.4471e-11,1.9766e-11
1.5308e-11,3.5733e-11,3.9245e-11
1.2624e-11,1.8233e-11,2.5817e-11
1.6514e-11,1.3523e-11,1.8683e-11
3.6509e-11,3.5983e-11,3.3936e-11
1.2775e-11,1.625e-11,2.5132e-11
1.2607e-11,8.8163e-12,1.3926e-11
1.3379e-11,2.0128e-11,2.8795e-11
1.4418e-11,2.141e-11,3.0349e-11
1.7643e-11,1.2539e-11,1.2514e-11
1.4111e-11,1.0941e-11,1.4384e-11
2.7921e-11,2.2426e-11,2.7002e-11
2.602e-11,3.7634e-11,4.9884e-11
2.0168e-11,1.3605e-11,1.9687e-11
1.5351e-11,1.0171e-11,1.7771e-11
1.2378e-11,4.1938e-12,1.3149e-11
1.4853e-11,6.1707e-12,1.4512e-11
1.9655e-11,2.265e-11,3.6116e-11
2.2582e-11,2.5842e-11,3.8639e-11
1.3264e-11,6.2375e-12,1.193e-11
2.2379e-11,2.0629e-11,3.4695e-11
1.4634e-11,8.4737e-12,1.6681e-11
3.2342e-11,3.9022e-11,5.4095e-11
2.0749e-11,1.3275e-11,2.0976e-11
3.9535e-11,2.7257e-11,3.6379e-11
1.3394e-11,6.5954e-12,1.5452e-11
3.2056e-11,3.0756e-11,4.7904e-11
1.4663e-11,5.0381e-12,1.4621e-11
1.4765e-11,5.1825e-12,1.6369e-11
1.5536e-11,4.4322e-12,1.2909e-11
1.8011e-11,8.2207e-12,1.8682e-11
2.6502e-11,1.6036e-11,2.793e-11
2.7141e-11,1.5474e-11,2.829e-11
2.8614e-11,1.0068e-11,2.3029e-11
2.444e-11,1.3804e-11,2.4902e-11
1.8499e-11,6.5603e-12,2.0517e-11
2.4063e-11,1.0155e-11,2.4268e-11
3.1767e-11,1.6845e-11,3.2648e-11
2.0808e-11,6.1744e-12,2.2175e-11
2.2063e-11,6.5424e-12,1.9962e-11
2.3023e-11,6.7638e-12,2.1316e-11
2.3396e-11,6.2254e-12,2.3913e-11
2.469e-11,6.0312e-12,2.2324e-11
3.6914e-11,1.213e-11,3.8746e-11
3.3235e-11,7.4193e-12,3.5804e-11
3.541e-11,6.2941e-12,3.3229e-11
2.9321e-11,1.5018e-11,1.2764e-11
1.0049e-11,1.4934e-11,1.5184e-11
1.3288e-11,1.6984e-11,2.667e-11
1.6208e-11,2.1407e-11,1.7905e-11
1.5828e-11,1.7544e-11,1.586e-11
8.3429e-12,1.7605e-11,1.8e-11
1.5779e-11,2.0832e-11,1.7209e-11
1.8996e-11,2.824e-11,2.3575e-11
1.7229e-11,2.6072e-11,2.0612e-11
1.2544e-11,1.2502e-11,1.7774e-11
1.2373e-11,1.1131e-11,1.7009e-11
3.2708e-11,3.4455e-11,3.0461e-11
1.1935e-11,1.0119e-11,1.4152e-11
1.7521e-11,1.422e-11,1.2725e-11
1.251e-11,5.2828e-12,1.2914e-11
1.861e-11,1.1135e-11,1.5364e-11
2.8506e-11,3.9138e-11,5.3008e-11
2.8085e-11,1.6926e-11,2.7136e-11
2.0829e-11,1.3934e-11,2.0965e-11
1.6257e-11,1.0572e-11,1.6823e-11
1.4194e-11,5.7741e-12,1.386e-11
1.6755e-11,9.2614e-12,1.7426e-11
1.5738e-11,4.9578e-12,1.3855e-11
3.7231e-11,2.9424e-11,4.5006e-11
3.7185e-11,2.5226e-11,3.6861e-11
2.8447e-11,1.6226e-11,2.1152e-11
1.5805e-11,3.359e-12,1.4551e-11
2.338e-11,1.4679e-11,2.4864e-11
4.4153e-11,3.333e-11,4.763e-11
4.2924e-11,2.9529e-11,4.3507e-11
4.4224e-11,2.962e-11,4.7823e-11
2.8919e-11,1.0681e-11,2.3998e-11
2.9878e-11,1.1061e-11,2.5686e-11
2.3372e-11,7.1991e-12,2.3496e-11
3.2897e-11,7.3332e-12,3.5472e-11
3.0388e-11,7.0532e-12,3.0196e-11
3.7009e-11,9.7886e-12,3.8135e-11
3.5343e-11,6.545e-12,3.4874e-11
1.073e-11,1.7518e-11,1.356e-11
1.5768e-11,1.9105e-11,2.3682e-11
1.6594e-11,1.4788e-11,1.2038e-11
1.7784e-11,1.3275e-11,1.4684e-11
1.7823e-11,2.4046e-11,1.9357e-11
1.0969e-11,1.8846e-11,1.7011e-11
1.0536e-11,1.5959e-11,1.7866e-11
1.2923e-11,1.2371e-11,1.8041e-11
7.8226e-12,1.3534e-11,1.4647e-11
1.1714e-11,1.5868e-11,1.6982e-11
2.3989e-11,2.9154e-11,2.2458e-11
9.9786e-12,1.6509e-11,1.7927e-11
1.0526e-11,1.0885e-11,1.6417e-11
8.5959e-12,1.0378e-11,1.4447e-11
1.0181e-11,3.1249e-11,3.2906e-11
3.2851e-11,5.3109e-11,3.7483e-11
1.74e-11,1.5349e-11,1.9073e-11
1.177e-11,1.1268e-11,1.6711e-11
1.1121e-11,1.2508e-11,1.2039e-11
2.709e-11,3.8348e-11,3.0105e-11
1.0162e-11,1.4262e-11,1.5345e-11
2.6963e-11,4.3871e-11,3.2144e-11
1.6153e-11,2.2865e-11,1.809e-11
8.2426e-12,2.3371e-11,2.2767e-11
4.1521e-11,6.1309e-11,4.6259e-11
3.1448e-11,4.0156e-11,3.1782e-11
1.4377e-11,1.4515e-11,1.4653e-11
1.0846e-11,2.6417e-11,2.6814e-11
1.3251e-11,8.558e-12,1.6071e-11
7.596e-12,1.2114e-11,1.5236e-11
1.1398e-11,9.742e-12,1.6458e-11
1.3569e-11,1.6001e-11,1.6988e-11
1.8377e-11,1.9791e-11,2.0003e-11
2.4215e-11,2.339e-11,2.4481e-11
1.6329e-11,1.3453e-11,1.922e-11
1.9521e-11,2.2308e-11,2.2126e-11
1.8029e-11,1.5793e-11,2.1428e-11
1.9717e-11,3.1976e-11,3.8387e-11
1.4623e-11,7.2054e-12,1.3985e-11
1.324e-11,8.5452e-12,1.3131e-11
2.597e-11,2.0425e-11,2.5835e-11
1.359e-11,9.5972e-12,1.3549e-11
1.6347e-11,1.3517e-11,2.1022e-11
1.2471e-11,5.4986e-12,1.1034e-11
1.7739e-11,1.0671e-11,1.3721e-11
1.7321e-11,7.7312e-12,1.3561e-11
1.5637e-11,1.0279e-11,1.6444e-11
1.3313e-11,6.8281e-12,1.6537e-11
3.0847e-11,2.3923e-11,3.2416e-11
1.5722e-11,6.4753e-12,1.4631e-11
3.8289e-11,2.4507e-11,3.53e-11
4.1202e-11,2.8503e-11,4.0559e-11
2.5213e-11,1.496e-11,2.6091e-11
4.5283e-11,2.7325e-11,4.0543e-11
2.1897e-11,9.4526e-12,2.258e-11
2.1502e-11,7.9557e-12,2.2177e-11
3.1162e-11,1.6363e-11,3.3714e-11
2.3691e-11,8.9974e-12,2.4009e-11
2.1359e-11,6.1496e-12,2.3081e-11
2.5287e-11,8.8547e-12,2.6715e-11
3.5502e-11,1.3652e-11,3.7563e-11
3.1556e-11,9.6922e-12,3.3944e-11
3.8964e-11,7.1578e-12,3.6786e-11
1.7362e-11,1.4515e-11,2.0571e-11
2.4364e-11,2.8537e-11,2.2712e-11
1.3986e-11,2.3662e-11,1.7556e-11
1.48e-11,1.5334e-11,1.5317e-11
8.1715e-12,1.0008e-11,1.4111e-11
1.7588e-11,2.5548e-11,2.0077e-11
1.211e-11,1.2895e-11,1.6155e-11
1.8514e-11,2.8177e-11,2.1612e-11
1.0808e-11,3.4149e-11,3.4405e-11
1.0652e-11,2.5411e-11,2.7004e-11
1.2445e-11,1.4086e-11,1.8982e-11
9.214e-12,1.5611e-11,2.2981e-11
9.608e-12,1.7007e-11,2.0991e-11
3.0921e-11,2.9887e-11,3.1754e-11
4.1167e-11,3.665e-11,3.7555e-11
1.7903e-11,1.3739e-11,1.9559e-11
1.4721e-11,7.0634e-12,1.4058e-11
1.5027e-11,1.3026e-11,1.5295e-11
1.4721e-11,1.2451e-11,1.6949e-11
1.547e-11,1.0508e-11,1.4283e-11
1.7045e-11,1.3859e-11,1.5229e-11
1.9412e-11,2.0338e-11,2.3871e-11
1.8113e-11,1.8998e-11,2.7455e-11
3.3163e-11,3.9152e-11,5.1569e-11
1.7343e-11,7.7676e-12,1.8192e-11
1.9165e-11,1.2246e-11,2.0561e-11
3.1146e-11,1.8966e-11,2.7273e-11
3.9675e-11,3.1457e-11,4.569e-11
1.7542e-11,8.5361e-12,1.927e-11
2.8635e-11,1.4811e-11,2.2689e-11
2.85e-11,1.6418e-11,2.7911e-11
1.7497e-11,5.5604e-12,1.598e-11
2.8611e-11,1.2761e-11,2.8454e-11
2.4716e-11,5.2985e-12,2.5986e-11
3.8483e-11,1.3768e-11,3.4941e-11
3.2561e-11,1.397e-11,3.4178e-11
3.6114e-11,1.2281e-11,3.8407e-11
1.2294e-11,1.6686e-11,1.4735e-11
2.2421e-11,2.2596e-11,2.9474e-11
1.1956e-11,1.4212e-11,1.3751e-11
1.3199e-11,2.2187e-11,1.4884e-11
1.0263e-11,1.66e-11,1.939e-11
1.6504e-11,2.3193e-11,1.7198e-11
1.2973e-11,1.4188e-11,1.149e-11
1.2057e-11,1.0856e-11,1.4359e-11
1.1826e-11,1.1895e-11,1.1781e-11
1.1504e-11,1.896e-11,1.3975e-11
1.1686e-11,1.5268e-11,1.8111e-11
1.1386e-11,1.8321e-11,1.4066e-11
1.1369e-11,3.4015e-11,3.5529e-11
1.2575e-11,1.6125e-11,1.6819e-11
1.2903e-11,1.5434e-11,1.5317e-11
8.9186e-12,1.1273e-11,1.6585e-11
3.2782e-11,4.1147e-11,3.1775e-11
9.6534e-12,2.2989e-11,2.4469e-11
1.8957e-11,2.3646e-11,2.1721e-11
1.1851e-11,2.9701e-11,3.0777e-11
2.3664e-11,2.2274e-11,2.3755e-11
1.707e-11,1.4137e-11,1.9921e-11
9.7013e-12,1.4155e-11,2.073e-11
1.1291e-11,9.0227e-12,1.314e-11
1.7662e-11,1.3661e-11,2.0247e-11
2.6677e-11,2.1435e-11,2.7055e-11
1.4984e-11,7.6657e-12,1.2758e-11
1.9653e-11,2.025e-11,3.0833e-11
2.9683e-11,3.8462e-11,4.8046e-11
3.4092e-11,3.6001e-11,5.1162e-11
1.4066e-11,6.1378e-12,1.3293e-11
1.5421e-11,7.0593e-12,1.2896e-11
1.5912e-11,7.0616e-12,1.4971e-11
1.5903e-11,5.2762e-12,1.8102e-11
1.7099e-11,5.0971e-12,1.3452e-11
1.7779e-11,5.6267e-12,1.5376e-11
4.3739e-11,2.944e-11,4.4816e-11
1.8474e-11,3.838e-12,1.5988e-11
3.976e-11,2.2713e-11,3.2759e-11
4.4479e-11,2.6654e-11,3.9131e-11
2.9534e-11,1.5591e-11,3.1959e-11
2.0049e-11,4.3638e-12,1.7271e-11
2.9467e-11,1.5633e-11,3.0237e-11
3.0783e-11,1.7336e-11,3.1447e-11
2.1428e-11,7.7771e-12,2.346e-11
2.4335e-11,1.0038e-11,2.5428e-11
4.1387e-11,1.7771e-11,3.601e-11
2.3262e-11,4.7059e-12,2.4188e-11
3.0461e-11,1.107e-11,3.0306e-11
2.6022e-11,9.1353e-12,2.2461e-11
2.5473e-11,7.9765e-12,2.905e-11
3.6775e-11,1.4331e-11,3.4467e-11
3.0359e-11,9.1213e-12,3.1738e-11
3.5526e-11,7.0583e-12,3.2817e-11
3.8728e-11,6.7673e-12,3.6223e-11
1.8316e-11,1.5671e-11,1.3487e-11
1.409e-11,2.0901e-11,1.557e-11
2.2141e-11,3.0407e-11,3.0609e-11
1.3883e-11,2.3931e-11,1.5112e-11
1.0918e-11,1.3889e-11,9.5596e-12
1.3999e-11,1.5306e-11,1.4133e-11
1.0232e-11,1.4424e-11,1.1237e-11
1.187e-11,1.2519e-11,1.2272e-11
9.1718e-12,1.0543e-11,1.2816e-11
5.4614e-12,1.4838e-11,1.6422e-11
2.4775e-11,3.3041e-11,2.2644e-11
1.3072e-11,1.7812e-11,1.3033e-11
9.8761e-12,9.6383e-12,1.3578e-11
1.422e-11,1.9763e-11,1.3952e-11
8.9019e-12,1.3261e-11,1.7494e-11
1.8533e-11,2.4533e-11,1.7272e-11
1.4584e-11,2.2691e-11,1.8335e-11
2.5328e-11,3.2468e-11,2.5562e-11
1.5983e-11,1.9699e-11,1.5743e-11
1.7461e-11,2.4025e-11,1.7412e-11
1.4939e-11,1.815e-11,1.5902e-11
1.3938e-11,1.2885e-11,1.2977e-11
7.3808e-12,1.3788e-11,1.5153e-11
1.7337e-11,2.1722e-11,1.5396e-11
1.3442e-11,1.2374e-11,1.3359e-11
6.9675e-12,1.114e-11,1.575e-11
1.6832e-11,1.5923e-11,1.5685e-11
1.1933e-11,1.8588e-11,1.5276e-11
1.3232e-11,1.6592e-11,1.7267e-11
3.8303e-11,5.2091e-11,3.8235e-11
1.1507e-11,2.9888e-11,3e-11
7.0617e-12,1.1326e-11,1.6807e-11
1.3632e-11,1.7208e-11,1.7004e-11
8.0894e-12,1.9771e-11,2.1605e-11
3.7953e-11,3.9271e-11,3.3199e-11
1.5852e-11,1.6146e-11,2.2255e-11
1.0131e-11,1.5516e-11,1.9802e-11
1.4655e-11,8.7501e-12,1.191e-11
1.1803e-11,1.4189e-11,2.1131e-11
1.1516e-11,7.4612e-12,1.3556e-11
1.4673e-11,1.2216e-11,1.6113e-11
2.8221e-11,2.3765e-11,2.9011e-11
1.7298e-11,1.4248e-11,2.2954e-11
2.927e-11,3.6712e-11,4.5152e-11
3.0902e-11,3.6107e-11,4.8538e-11
1.7297e-11,1.0795e-11,1.8107e-11
3.7222e-11,2.4088e-11,3.4409e-11
1.4833e-11,6.3791e-12,1.2862e-11
3.1065e-11,2.2872e-11,3.1048e-11
1.5278e-11,7.6973e-12,1.349e-11
2.2739e-11,1.3741e-11,2.2933e-11
1.6485e-11,1.0805e-11,1.3637e-11
1.8284e-11,8.8925e-12,1.6235e-11
3.1531e-11,1.9279e-11,2.7178e-11
1.7802e-11,5.8699e-12,1.875e-11
1.9791e-11,4.9891e-12,1.8739e-11
4.4217e-11,2.0573e-11,3.7072e-11
2.4796e-11,8.6232e-12,2.7726e-11
2.3741e-11,4.5252e-12,2.4517e-11
3.1854e-11,1.3342e-11,3.3571e-11
2.6265e-11,4.1609e-12,2.7131e-11
3.1457e-11,7.9524e-12,3.0764e-11
3.4593e-11,7.3741e-12,3.3177e-11
3.8976e-11,1.0515e-11,4.0118e-11
1.7081e-11,2.6653e-11,1.8199e-11
1.3377e-11,1.3492e-11,9.8854e-12
7.4635e-12,2.0704e-11,2.092e-11
1.5909e-11,1.6766e-11,1.7267e-11
1.295e-11,1.5099e-11,1.946e-11
7.9245e-12,9.7934e-12,1.396e-11
1.2235e-11,1.2672e-11,1.2369e-11
9.4703e-12,2.8249e-11,2.8042e-11
1.054e-11,3.4364e-11,3.4507e-11
2.5153e-11,3.5331e-11,2.6312e-11
6.4013e-12,1.1677e-11,1.6141e-11
9.7175e-12,2.1603e-11,2.2734e-11
1.3854e-11,1.6605e-11,1.7253e-11
1.3802e-11,1.3126e-11,1.1796e-11
9.4461e-12,1.3289e-11,2.1955e-11
1.668e-11,1.3284e-11,1.7615e-11
1.2709e-11,8.7276e-12,1.0802e-11
1.2349e-11,9.2948e-12,1.3073e-11
1.8115e-11,1.3401e-11,1.7236e-11
1.8497e-11,1.9317e-11,2.9378e-11
1.6732e-11,1.2614e-11,1.8083e-11
1.7895e-11,1.7095e-11,2.7289e-11
3.9863e-11,2.7135e-11,3.6202e-11
1.4598e-11,9.3297e-12,1.7007e-11
4.0777e-11,2.8139e-11,3.6429e-11
1.4271e-11,7.6457e-12,1.5394e-11
1.5862e-11,9.1355e-12,1.4875e-11
1.7576e-11,1.222e-11,1.9098e-11
1.3746e-11,4.7837e-12,1.131e-11
2.0867e-11,1.7869e-11,1.9172e-11
3.1173e-11,2.3466e-11,2.8663e-11
1.6793e-11,8.9394e-12,1.6955e-11
2.2928e-11,1.1961e-11,2.2022e-11
3.9847e-11,2.2572e-11,3.4135e-11
2.199e-11,5.3135e-12,1.9131e-11
3.7116e-11,1.4563e-11,3.2502e-11
2.701e-11,1.1339e-11,2.9037e-11
3.5147e-11,1.4222e-11,3.84e-11
1.0902e-11,1.6539e-11,1.3931e-11
1.124e-11,1.3226e-11,1.4246e-11
1.483e-11,2.5047e-11,1.5956e-11
1.7482e-11,1.9485e-11,1.4427e-11
9.3412e-12,9.6293e-12,1.3495e-11
5.6723e-12,1.8948e-11,1.9588e-11
8.8612e-12,1.0285e-11,1.4881e-11
1.3409e-11,1.6804e-11,1.3357e-11
2.0457e-11,2.8517e-11,1.7789e-11
1.5237e-11,1.9899e-11,1.4368e-11
7.9165e-12,9.9998e-12,1.3986e-11
2.8362e-11,3.9167e-11,2.8968e-11
3.3265e-11,5.1171e-11,3.6647e-11
1.0816e-11,3.7555e-11,3.7634e-11
1.5316e-11,2.2283e-11,1.7079e-11
1.1083e-11,1.5183e-11,1.6482e-11
1.3814e-11,2.1554e-11,1.6493e-11
2.5149e-11,3.2375e-11,2.8456e-11
4.1748e-11,5.6031e-11,4.5514e-11
8.1303e-12,1.1784e-11,1.5381e-11
1.1967e-11,3.0042e-11,2.9256e-11
4.1105e-11,3.8836e-11,3.7902e-11
3.6166e-11,2.6913e-11,3.0242e-11
1.6483e-11,1.2873e-11,1.8348e-11
1.6073e-11,1.2588e-11,1.7024e-11
3.595e-11,2.2309e-11,2.9851e-11
1.3875e-11,7.057e-12,1.3645e-11
1.3633e-11,8.411e-12,1.5217e-11
1.3069e-11,6.4996e-12,1.3105e-11
2.3257e-11,2.6321e-11,3.5342e-11
1.4708e-11,9.2736e-12,1.5981e-11
1.3119e-11,4.7358e-12,1.1664e-11
2.8239e-11,3.1142e-11,4.1481e-11
2.2817e-11,1.9887e-11,2.9641e-11
1.6085e-11,9.2694e-12,1.7406e-11
2.2777e-11,1.3577e-11,1.944e-11
2.3026e-11,1.3316e-11,1.8635e-11
1.6255e-11,6.0263e-12,1.7338e-11
1.7202e-11,7.3378e-12,1.5005e-11
2.0267e-11,8.6187e-12,2.0438e-11
3.4072e-11,2.0813e-11,3.5172e-11
2.3724e-11,1.1914e-11,2.4955e-11
3.2677e-11,1.8897e-11,3.3836e-11
3.9045e-11,2.717e-11,4.0457e-11
2.9338e-11,1.2783e-11,2.5945e-11
2.0989e-11,8.3671e-12,2.2257e-11
1.9454e-11,4.2606e-12,1.66e-11
2.0696e-11,5.515e-12,2.1386e-11
2.2472e-11,7.7629e-12,2.3334e-11
2.2019e-11,5.9371e-12,2.4176e-11
2.7295e-11,1.1577e-11,2.7958e-11
2.7469e-11,4.4399e-12,2.7105e-11
3.0014e-11,9.4473e-12,3.207e-11
2.852e-11,6.9745e-12,2.6852e-11
3.2634e-11,1.1566e-11,3.559e-11
3.0885e-11,6.8446e-12,2.7742e-11
3.6067e-11,8.1409e-12,3.4522e-11
3.8219e-11,8.1008e-12,4.0504e-11
1.2328e-11,1.9292e-11,2.1931e-11
1.7796e-11,1.9558e-11,1.3783e-11
1.2217e-11,1.7706e-11,1.0333e-11
9.4787e-12,1.2039e-11,1.6751e-11
1.3451e-11,1.9367e-11,1.1153e-11
1.9819e-11,2.6127e-11,1.6e-11
2.1707e-11,2.557e-11,1.6621e-11
1.8707e-11,2.9179e-11,2.0168e-11
7.3526e-12,1.7109e-11,1.7482e-11
3.7499e-11,5.4369e-11,4.0843e-11
1.368e-11,2.0961e-11,1.6481e-11
8.6548e-12,1.1858e-11,1.501e-11
1.2259e-11,3.1765e-11,3.0529e-11
1.6061e-11,2.331e-11,1.9724e-11
1.5074e-11,1.4523e-11,1.4939e-11
9.235e-12,1.4807e-11,2.23e-11
3.565e-11,3.6479e-11,3.2096e-11
1.3308e-11,1.5981e-11,1.6555e-11
1.7559e-11,1.6694e-11,1.8792e-11
1.2077e-11,8.9897e-12,1.1994e-11
1.2966e-11,7.9525e-12,1.3528e-11
1.2445e-11,8.7692e-12,1.049e-11
1.6419e-11,1.4944e-11,1.7276e-11
1.2348e-11,9.2869e-12,1.3165e-11
1.3658e-11,5.2819e-12,1.1841e-11
3.6427e-11,2.3436e-11,3.341e-11
1.3732e-11,7.3495e-12,1.3459e-11
1.5021e-11,4.8288e-12,1.2629e-11
2.8021e-11,2.4793e-11,3.796e-11
1.4863e-11,4.8418e-12,1.5165e-11
1.5566e-11,7.4973e-12,1.2931e-11
3.3328e-11,2.1054e-11,3.4436e-11
2.1462e-11,1.0745e-11,2.1686e-11
2.0126e-11,7.2614e-12,2.0407e-11
2.0746e-11,6.9732e-12,2.1533e-11
2.3949e-11,1.0494e-11,2.4862e-11
2.6636e-11,4.9894e-12,2.5922e-11
2.7151e-11,7.4853e-12,2.5771e-11
2.7609e-11,4.7604e-12,2.7633e-11
2.7124e-11,4.2248e-12,2.7046e-11
3.1768e-11,1.1319e-11,3.5259e-11
3.0031e-11,6.3434e-12,2.9551e-11
3.7364e-11,1.4039e-11,4.0101e-11
1.1468e-11,1.4573e-11,1.1472e-11
1.2975e-11,2.1018e-11,1.3199e-11
1.9562e-11,3.3342e-11,2.0888e-11
1.5918e-11,1.6324e-11,1.4976e-11
1.1639e-11,1.7564e-11,1.6847e-11
1.312e-11,1.7237e-11,1.2081e-11
1.7643e-11,2.0009e-11,1.371e-11
1.389e-11,1.9511e-11,1.1445e-11
4.317e-12,2.451e-11,2.3831e-11
1.4667e-11,2.404e-11,1.6326e-11
1.2028e-11,9.7394e-12,1.273e-11
2.6082e-11,3.1016e-11,2.3712e-11
6.8765e-12,9.477e-12,1.3209e-11
1.7981e-11,2.5383e-11,1.7932e-11
8.3806e-12,2.7543e-11,2.5772e-11
3.099e-11,3.451e-11,3.1284e-11
1.2902e-11,2.8026e-11,2.7268e-11
1.0893e-11,1.438e-11,2.1592e-11
1.9252e-11,3.1709e-11,3.5924e-11
1.2099e-11,1.4854e-11,2.4734e-11
2.3198e-11,2.1973e-11,2.4071e-11
1.0453e-11,1.3204e-11,1.8469e-11
3.9466e-11,3.5615e-11,3.6031e-11
1.3537e-11,1.1424e-11,1.6479e-11
1.1422e-11,1.0423e-11,1.179e-11
1.4764e-11,1.4636e-11,2.0755e-11
1.2291e-11,8.1289e-12,1.1849e-11
1.4444e-11,1.1285e-11,1.6412e-11
1.3745e-11,9.5604e-12,1.5623e-11
1.2794e-11,6.53e-12,1.1656e-11
1.4557e-11,7.9849e-12,1.6736e-11
1.7398e-11,1.0918e-11,1.5467e-11
2.6269e-11,1.8299e-11,2.6572e-11
1.4968e-11,4.739e-12,1.298e-11
2.8378e-11,2.1028e-11,2.9241e-11
1.5432e-11,4.634e-12,1.3535e-11
2.1163e-11,1.2356e-11,1.7965e-11
2.1818e-11,1.5291e-11,2.3483e-11
2.0669e-11,1.0993e-11,1.8106e-11
3.4542e-11,2.2185e-11,3.4929e-11
1.9783e-11,9.9186e-12,1.9404e-11
3.2102e-11,1.7014e-11,2.7478e-11
3.4719e-11,1.9978e-11,3.1727e-11
2.1323e-11,1.0908e-11,2.2316e-11
1.9682e-11,8.709e-12,2.1036e-11
2.1725e-11,9.206e-12,2.2731e-11
2.91e-11,1.3772e-11,2.6571e-11
2.2593e-11,9.2906e-12,2.3431e-11
2.2215e-11,8.8721e-12,2.3418e-11
3.9455e-11,1.6802e-11,3.4364e-11
2.152e-11,7.7114e-12,2.3693e-11
3.1446e-11,1.4373e-11,3.2406e-11
2.7697e-11,4.7238e-12,2.6906e-11
1.3572e-11,2.2471e-11,1.3834e-11
2.5596e-11,3.7303e-11,2.6692e-11
8.0286e-12,1.2414e-11,1.336e-11
5.3194e-12,2.8334e-11,2.7046e-11
1.6079e-11,2.2516e-11,1.4145e-11
1.5894e-11,1.566e-11,1.2095e-11
7.1677e-12,8.6768e-12,1.4009e-11
7.0285e-12,9.7581e-12,1.4725e-11
9.389e-12,1.0971e-11,1.6193e-11
8.1816e-12,9.9742e-12,1.4735e-11
1.1562e-11,1.3443e-11,1.2613e-11
8.8354e-12,1.0978e-11,1.6358e-11
7.6708e-12,3.9885e-11,3.8136e-11
2.2491e-11,2.6854e-11,1.954e-11
1.6904e-11,2.4094e-11,1.9812e-11
7.6161e-12,1.0503e-11,1.3423e-11
1.1155e-11,3.7428e-11,3.4045e-11
3.6201e-11,4.8786e-11,3.8791e-11
1.2472e-11,3.6849e-11,3.4462e-11
1.7476e-11,2.4399e-11,2.0605e-11
1.3483e-11,1.5822e-11,1.5512e-11
3.0491e-11,3.5143e-11,3.1673e-11
1.8831e-11,1.9044e-11,2.0198e-11
1.3292e-11,1.5477e-11,2.4944e-11
2.539e-11,1.8657e-11,2.4734e-11
1.9349e-11,1.2931e-11,1.4878e-11
4.1231e-11,2.8992e-11,3.7893e-11
1.31e-11,1.1431e-11,1.4292e-11
4.0158e-11,2.6521e-11,3.6579e-11
1.5907e-11,8.1281e-12,1.5874e-11
2.6292e-11,1.7245e-11,2.7082e-11
1.481e-11,5.8848e-12,1.4908e-11
1.6214e-11,6.9126e-12,1.7406e-11
2.6148e-11,1.3614e-11,2.3274e-11
1.6594e-11,4.3601e-12,1.7027e-11
2.4325e-11,1.26e-11,2.46e-11
2.577e-11,1.2128e-11,2.3453e-11
3.2641e-11,1.7007e-11,2.9546e-11
1.8257e-11,4.5992e-12,1.8521e-11
2.5718e-11,1.2151e-11,2.4605e-11
2.7369e-11,1.2945e-11,2.6549e-11
2.6128e-11,6.624e-12,2.2702e-11
3.1524e-11,9.9585e-12,3.3778e-11
2.8853e-11,7.9232e-12,2.8231e-11
3.1683e-11,1.1256e-11,3.4342e-11
3.3664e-11,1.314e-11,3.6149e-11
3.1879e-11,8.3065e-12,3.058e-11
3.2085e-11,7.0942e-12,3.1063e-11
3.8418e-11,6.793e-12,3.2733e-11
1.1278e-11,1.0361e-11,1.164e-11
9.8032e-12,1.524e-11,9.8912e-12
2.4834e-11,3.7014e-11,2.497e-11
1.0157e-11,9.9209e-12,1.4701e-11
1.4819e-11,1.9246e-11,1.1524e-11
2.821e-11,3.6755e-11,2.347e-11
1.5813e-11,1.6702e-11,1.2696e-11
9.418e-12,1.0113e-11,1.3821e-11
7.8814e-12,1.5985e-11,1.743e-11
1.3803e-11,1.9069e-11,1.7016e-11
1.5796e-11,2.4556e-11,1.8578e-11
7.9156e-12,1.0145e-11,1.6067e-11
2.3338e-11,2.2924e-11,2.0911e-11
1.4483e-11,1.6259e-11,2.2788e-11
3.6744e-11,3.208e-11,3.033e-11
1.5142e-11,1.5883e-11,1.8229e-11
1.9333e-11,3.1819e-11,3.5443e-11
2.0026e-11,1.9415e-11,2.1673e-11
1.1779e-11,7.5788e-12,1.0135e-11
1.1709e-11,8.7194e-12,1.1752e-11
2.0272e-11,2.758e-11,3.474e-11
1.3664e-11,4.7506e-12,1.18e-11
1.7819e-11,1.05e-11,1.5294e-11
1.7491e-11,1.1126e-11,1.6127e-11
1.596e-11,8.232e-12,1.5031e-11
1.7673e-11,1.0285e-11,1.676e-11
3.2579e-11,2.0963e-11,3.1421e-11
1.5279e-11,5.3462e-12,1.2241e-11
2.3473e-11,1.4334e-11,2.1315e-11
2.4168e-11,1.3735e-11,2.5639e-11
2.0235e-11,9.781e-12,1.973e-11
2.1069e-11,1.0156e-11,2.0158e-11
1.8482e-11,9.5096e-12,1.9865e-11
3.6805e-11,2.3197e-11,3.4003e-11
2.1892e-11,9.5667e-12,2.2861e-11
2.2035e-11,9.6196e-12,2.3351e-11
2.1166e-11,6.4118e-12,1.7185e-11
2.7662e-11,1.4023e-11,2.7503e-11
2.3776e-11,7.032e-12,2.4186e-11
3.8236e-11,1.6521e-11,3.6442e-11
3.4385e-11,1.6134e-11,3.642e-11
3.5494e-11,1.2831e-11,3.7899e-11
3.2142e-11,1.045e-11,3.0273e-11
3.3131e-11,7.4185e-12,3.0881e-11
1.418e-11,1.46e-11,1.2818e-11
2.2711e-11,3.2813e-11,2.105e-11
1.4714e-11,2.2073e-11,8.5473e-12
2.1702e-11,3.2456e-11,1.7107e-11
1.0185e-11,1.0661e-11,1.3322e-11
1.5998e-11,2.3262e-11,1.5054e-11
8.0244e-12,9.6027e-12,1.205e-11
2.3066e-11,3.6425e-11,2.0585e-11
1.0556e-11,1.1454e-11,1.7873e-11
7.0524e-12,8.9303e-12,1.3919e-11
2.9561e-11,3.9337e-11,2.5816e-11
3.3426e-11,5.0124e-11,3.5511e-11
3.0717e-11,4.3743e-11,2.9896e-11
6.8015e-12,2.7943e-11,2.6607e-11
6.5585e-12,3.0002e-11,2.8305e-11
9.7039e-12,4.6222e-11,4.2811e-11
2.7265e-11,3.6167e-11,2.6297e-11
1.6481e-11,1.6661e-11,1.6764e-11
1.5338e-11,1.5014e-11,1.5599e-11
4.6809e-12,1.0194e-11,1.505e-11
9.7081e-12,2.9039e-11,2.6283e-11
6.7272e-12,1.0107e-11,1.5077e-11
2.6935e-11,3.1407e-11,2.8834e-11
1.3683e-11,1.7426e-11,1.7661e-11
1.7558e-11,4.5867e-11,4.238e-11
2.0167e-11,4.5723e-11,4.5311e-11
1.0973e-11,8.0493e-12,1.1211e-11
1.8228e-11,2.5879e-11,3.0119e-11
1.3102e-11,7.6019e-12,1.032e-11
1.4656e-11,1.4739e-11,2.1333e-11
1.7177e-11,1.4394e-11,1.8983e-11
1.3044e-11,6.6545e-12,1.3657e-11
2.1196e-11,2.8581e-11,3.4498e-11
1.3538e-11,9.1094e-12,1.2267e-11
1.4835e-11,9.996e-12,1.5747e-11
1.2974e-11,7.9547e-12,1.4637e-11
1.2745e-11,5.9167e-12,1.1082e-11
2.8045e-11,2.1139e-11,2.8868e-11
2.4883e-11,1.6907e-11,2.4761e-11
2.0882e-11,1.4478e-11,2.2776e-11
2.6342e-11,1.7627e-11,2.614e-11
3.5907e-11,3.0388e-11,4.3393e-11
2.1822e-11,1.0091e-11,2.0634e-11
1.7919e-11,5.158e-12,1.4821e-11
2.8114e-11,1.3181e-11,2.7343e-11
2.2387e-11,6.6713e-12,1.866e-11
3.0764e-11,1.5147e-11,3.2985e-11
2.4403e-11,8.7235e-12,2.8081e-11
2.3761e-11,7.5131e-12,2.0132e-11
3.499e-11,1.8116e-11,3.6693e-11
3.4763e-11,1.2055e-11,3.7028e-11
3.7101e-11,1.2694e-11,3.9032e-11
3.7266e-11,1.0243e-11,3.7247e-11
4.079e-11,8.188e-12,3.5185e-11
3.9799e-11,8.2893e-12,3.6372e-11
1.2343e-11,1.352e-11,1.0737e-11
1.2381e-11,1.7487e-11,1.151e-11
9.2552e-12,1.0303e-11,8.7566e-12
1.2519e-11,1.7831e-11,1.5128e-11
2.1544e-11,3.425e-11,2.0234e-11
5.0908e-12,3.0216e-11,2.8376e-11
9.7142e-12,1.0684e-11,1.9018e-11
1.8647e-11,2.1717e-11,1.5172e-11
2.1062e-11,2.1116e-11,1.5113e-11
9.1738e-12,1.0825e-11,1.7039e-11
6.5231e-12,3.5974e-11,3.3586e-11
8.5118e-12,2.0906e-11,1.9808e-11
1.6387e-11,1.6218e-11,1.4321e-11
1.7276e-11,1.6755e-11,1.9122e-11
2.1247e-11,3.4208e-11,2.1561e-11
1.5987e-11,1.8467e-11,1.2915e-11
2.9735e-11,4.0455e-11,2.9216e-11
4.5298e-12,9.7681e-12,1.3997e-11
7.5677e-12,1.2089e-11,1.5382e-11
2.219e-11,4.262e-11,4.183e-11
1.1624e-11,7.6093e-12,1.3357e-11
2.2386e-11,2.2684e-11,2.4508e-11
1.3732e-11,6.7259e-12,1.4167e-11
3.9107e-11,3.2271e-11,3.4422e-11
3.9597e-11,3.2019e-11,3.4593e-11
1.1941e-11,6.4349e-12,1.2906e-11
1.2226e-11,5.4355e-12,1.2207e-11
1.3185e-11,5.6692e-12,1.1033e-11
1.1141e-11,5.6016e-12,1.2395e-11
1.6302e-11,1.3173e-11,1.7724e-11
1.6982e-11,1.1718e-11,1.4168e-11
1.8747e-11,1.6151e-11,1.9957e-11
1.3193e-11,6.0283e-12,1.538e-11
1.3205e-11,6.0238e-12,1.3746e-11
1.6505e-11,9.9449e-12,1.5836e-11
2.4456e-11,2.4682e-11,3.0927e-11
2.1529e-11,2.0368e-11,2.5602e-11
1.9564e-11,1.2518e-11,2.0964e-11
1.7983e-11,9.2653e-12,1.7925e-11
1.4375e-11,5.191e-12,1.2081e-11
1.5519e-11,6.043e-12,1.25e-11
2.6508e-11,1.7657e-11,2.6324e-11
1.9162e-11,1.0648e-11,2.0547e-11
3.2435e-11,2.0698e-11,3.2934e-11
2.2035e-11,1.0055e-11,2.2411e-11
2.3431e-11,6.8338e-12,2.2437e-11
3.2354e-11,1.6277e-11,3.2789e-11
3.0423e-11,1.3882e-11,3.1005e-11
3.3738e-11,1.5385e-11,3.4373e-11
3.6724e-11,1.6976e-11,3.8641e-11
3.0005e-11,8.714e-12,3.0162e-11
2.9259e-11,8.1356e-12,2.418e-11
3.1896e-11,9.6713e-12,2.8722e-11
3.2251e-11,8.8935e-12,3.0608e-11
1.6712e-11,1.395e-11,1.3945e-11
1.4141e-11,2.1939e-11,1.3761e-11
9.6157e-12,1.2561e-11,1.3301e-11
1.2384e-11,1.5491e-11,1.0862e-11
3.9389e-12,3.4964e-11,3.3422e-11
1.3508e-11,1.9443e-11,1.062e-11
1.2337e-11,1.0121e-11,1.5613e-11
1.3784e-11,1.8671e-11,1.3781e-11
2.9832e-11,3.9835e-11,2.605e-11
1.918e-11,3.0474e-11,1.6771e-11
8.6589e-12,4.7215e-11,4.4275e-11
1.9926e-11,3.1646e-11,1.891e-11
1.9949e-11,1.981e-11,1.357e-11
1.2773e-11,1.5887e-11,1.5413e-11
8.4695e-12,2.9924e-11,2.7888e-11
1.4492e-11,1.938e-11,1.6692e-11
1.3832e-11,1.4469e-11,1.7348e-11
1.4084e-11,4.6756e-11,3.9128e-11
1.6268e-11,1.5443e-11,1.5639e-11
1.1238e-11,1.3006e-11,1.8915e-11
2.3435e-11,3.8769e-11,3.9077e-11
1.2587e-11,6.1565e-12,1.0358e-11
1.6679e-11,2.1403e-11,2.7983e-11
2.058e-11,2.769e-11,3.2643e-11
1.4642e-11,1.1409e-11,1.4485e-11
2.2083e-11,1.7079e-11,2.1785e-11
1.1399e-11,5.9161e-12,1.157e-11
1.1466e-11,5.1812e-12,1.0145e-11
1.5513e-11,9.6668e-12,1.5724e-11
1.804e-11,1.2987e-11,1.8639e-11
1.9482e-11,1.7747e-11,2.4808e-11
3.8339e-11,2.6411e-11,3.509e-11
1.2886e-11,4.521e-12,1.2697e-11
2.0555e-11,1.6271e-11,2.186e-11
1.8121e-11,1.0651e-11,1.6308e-11
1.9799e-11,1.3358e-11,2.0348e-11
1.4656e-11,5.8562e-12,1.2479e-11
3.259e-11,3.0908e-11,4.2647e-11
2.2286e-11,1.2368e-11,2.1387e-11
2.0635e-11,9.7633e-12,2.1446e-11
1.7599e-11,7.5171e-12,1.9082e-11
2.5754e-11,1.4058e-11,2.6014e-11
1.7805e-11,8.4322e-12,1.6496e-11
1.821e-11,5.5604e-12,1.5344e-11
1.8816e-11,7.6167e-12,1.7135e-11
1.8823e-11,5.6046e-12,1.5679e-11
2.1333e-11,1.2184e-11,2.4254e-11
2.4385e-11,1.0803e-11,2.4934e-11
2.6473e-11,1.0703e-11,2.8486e-11
3.671e-11,1.6777e-11,3.6378e-11
2.7436e-11,7.1578e-12,2.6514e-11
2.8366e-11,1.0206e-11,2.7409e-11
3.7625e-11,9.2658e-12,3.939e-11
3.6429e-11,9.389e-12,3.351e-11
1.0402e-11,1.4168e-11,1.4146e-11
1.8467e-11,2.9019e-11,1.7319e-11
1.6626e-11,2.8633e-11,1.8702e-11
2.5311e-11,3.7635e-11,2.0212e-11
2.9537e-11,4.1237e-11,2.2572e-11
1.2879e-11,1.6586e-11,9.7019e-12
3.0516e-11,4.2282e-11,2.474e-11
9.2795e-12,1.5416e-11,1.6517e-11
1.5935e-11,1.837e-11,1.2653e-11
1.4689e-11,1.1934e-11,1.4227e-11
1.6029e-11,1.7534e-11,1.5765e-11
3.0948e-11,4.4028e-11,3.0113e-11
6.6433e-12,1.1848e-11,1.5021e-11
1.4488e-11,1.6627e-11,1.7774e-11
6.5212e-12,8.7356e-12,1.3211e-11
1.9912e-11,2.887e-11,1.8974e-11
1.4038e-11,1.4584e-11,1.4766e-11
2.1484e-11,2.7328e-11,2.0674e-11
3.3745e-11,3.7258e-11,3.1811e-11
3.3604e-11,3.4946e-11,3.0611e-11
1.4868e-11,1.6478e-11,1.5869e-11
1.7888e-11,2.1135e-11,2.0423e-11
1.5012e-11,1.6144e-11,1.6343e-11
1.3723e-11,1.2633e-11,1.5035e-11
1.2054e-11,5.3046e-12,1.0803e-11
1.1995e-11,5.0367e-12,1.0627e-11
1.5369e-11,1.114e-11,1.6392e-11
1.6102e-11,8.0672e-12,1.5397e-11
2.7628e-11,2.1586e-11,2.7647e-11
2.3143e-11,2.3489e-11,3.0296e-11
1.7396e-11,1.0327e-11,1.7127e-11
1.3961e-11,7.2442e-12,1.3753e-11
1.583e-11,1.0574e-11,1.6172e-11
3.4104e-11,2.0863e-11,3.1701e-11
1.5163e-11,5.7588e-12,1.3105e-11
2.7809e-11,1.8126e-11,2.6379e-11
3.0665e-11,2.0084e-11,3.0625e-11
1.6059e-11,5.6482e-12,1.3253e-11
2.4097e-11,1.4321e-11,2.4396e-11
1.7175e-11,6.437e-12,1.7842e-11
2.0491e-11,1.0134e-11,2.1076e-11
3.7184e-11,2.3631e-11,3.754e-11
3.7205e-11,2.2565e-11,3.6812e-11
2.7827e-11,1.378e-11,2.6252e-11
3.6638e-11,2.2399e-11,3.5749e-11
3.1917e-11,1.5189e-11,3.0849e-11
3.2923e-11,1.5128e-11,3.264e-11
2.5711e-11,8.9613e-12,2.6456e-11
3.0818e-11,7.7888e-12,2.9279e-11
3.5426e-11,1.3005e-11,3.7477e-11
3.5577e-11,1.1939e-11,3.667e-11
3.517e-11,8.6932e-12,3.6612e-11
9.6449e-12,1.1867e-11,1.7002e-11
1.3694e-11,1.9606e-11,1.3641e-11
1.7754e-11,2.9922e-11,1.7667e-11
9.9474e-12,1.517e-11,1.5372e-11
1.3805e-11,1.2733e-11,1.0337e-11
1.4018e-11,1.6987e-11,1.3691e-11
2.7223e-11,4.7818e-11,2.6972e-11
1.2161e-11,1.4124e-11,1.4901e-11
1.362e-11,1.8664e-11,1.2164e-11
1.2666e-11,1.4701e-11,1.6328e-11
5.9747e-12,3.919e-11,3.5982e-11
1.6888e-11,2.2906e-11,1.3944e-11
1.9877e-11,3.1649e-11,1.7088e-11
8.5428e-12,9.4067e-12,1.291e-11
1.6013e-11,1.7085e-11,1.7587e-11
8.428e-12,2.1416e-11,2.0903e-11
1.3996e-11,1.5081e-11,1.5161e-11
1.0866e-11,2.8408e-11,2.5804e-11
1.794e-11,2.5464e-11,1.8258e-11
1.5755e-11,3.171e-11,3.0127e-11
2.4843e-11,2.6138e-11,2.3001e-11
3.8333e-11,3.6691e-11,3.5765e-11
2.539e-11,2.6286e-11,2.6495e-11
1.627e-11,2.1464e-11,2.6597e-11
2.8073e-11,3.9674e-11,4.1514e-11
1.2008e-11,8.1017e-12,1.1298e-11
2.5781e-11,3.5542e-11,3.8049e-11
1.1827e-11,6.0063e-12,1.0948e-11
1.2832e-11,6.4732e-12,1.1717e-11
2.0441e-11,1.2646e-11,2.1941e-11
3.3046e-11,2.1214e-11,3.0885e-11
1.7182e-11,1.1306e-11,1.726e-11
3.4228e-11,3.4253e-11,4.3781e-11
3.2509e-11,2.0256e-11,3.0775e-11
2.7699e-11,2.3218e-11,3.2761e-11
1.5611e-11,6.479e-12,1.3585e-11
1.7194e-11,8.6124e-12,1.6554e-11
1.9153e-11,1.1139e-11,1.8432e-11
2.5365e-11,1.4486e-11,2.4677e-11
2.773e-11,1.6069e-11,2.7932e-11
2.69e-11,1.4963e-11,2.6688e-11
1.8345e-11,6.6392e-12,1.5835e-11
1.8518e-11,6.7005e-12,1.6228e-11
2.9657e-11,1.9827e-11,2.9933e-11
2.0504e-11,8.2097e-12,1.9253e-11
3.3824e-11,1.7797e-11,3.3347e-11
2.4173e-11,6.0906e-12,2.0513e-11
2.4582e-11,8.6376e-12,2.5253e-11
2.7492e-11,1.1765e-11,2.8952e-11
3.1099e-11,7.8009e-12,2.8896e-11
3.2114e-11,7.4766e-12,3.2426e-11
3.4229e-11,1.1806e-11,3.4595e-11
1.1876e-11,1.4035e-11,1.8177e-11
5.4194e-12,1.08e-11,1.1536e-11
1.0721e-11,1.5045e-11,1.0487e-11
1.3886e-11,1.6718e-11,9.8897e-12
3.3967e-11,5.2341e-11,2.9181e-11
1.2517e-11,1.4842e-11,1.1951e-11
1.2034e-11,1.3863e-11,1.1751e-11
4.4959e-12,4.4505e-11,4.1232e-11
1.4787e-11,1.9209e-11,1.4245e-11
3.5966e-11,4.9621e-11,3.6331e-11
1.7269e-11,1.9681e-11,2.1386e-11
3.8449e-11,5.0723e-11,3.9286e-11
1.9218e-11,2.7909e-11,1.9054e-11
1.6637e-11,4.7248e-11,4.1407e-11
1.4879e-11,4.4512e-11,3.8743e-11
2.0108e-11,4.0011e-11,3.7403e-11
3.9724e-11,3.7865e-11,3.725e-11
1.2943e-11,1.4503e-11,1.9626e-11
2.8476e-11,4.1492e-11,4.3892e-11
1.2953e-11,6.6834e-12,1.1865e-11
1.3973e-11,8.4833e-12,1.2453e-11
1.3183e-11,7.4376e-12,1.2031e-11
1.4118e-11,7.0085e-12,1.4028e-11
1.5895e-11,7.6026e-12,1.6413e-11
1.7642e-11,1.0859e-11,1.6778e-11
2.3353e-11,1.8374e-11,2.6123e-11
1.6288e-11,5.9934e-12,1.3653e-11
1.7165e-11,7.2683e-12,1.8187e-11
1.944e-11,8.7438e-12,1.9892e-11
2.5381e-11,1.3814e-11,2.4209e-11
2.7951e-11,1.4546e-11,2.8889e-11
3.5073e-11,1.8955e-11,3.6102e-11
2.0812e-11,5.8674e-12,1.9809e-11
2.3534e-11,7.9548e-12,1.9816e-11
3.4494e-11,1.6044e-11,3.317e-11
3.5663e-11,1.9723e-11,3.6031e-11
2.5008e-11,1.0017e-11,2.6958e-11
3.1747e-11,1.3983e-11,3.2836e-11
3.0723e-11,1.3559e-11,3.3248e-11
3.7954e-11,1.5889e-11,3.9066e-11
1.195e-11,1.4839e-11,1.2658e-11
1.3057e-11,1.6796e-11,1.1775e-11
3.9877e-12,1.1388e-11,1.4651e-11
5.5094e-12,1.6237e-11,1.7896e-11
1.4791e-11,1.2992e-11,1.7502e-11
1.9516e-11,3.1134e-11,1.73e-11
1.9247e-11,3.0215e-11,1.7132e-11
4.4404e-12,1.1606e-11,1.4576e-11
1.1407e-11,1.4486e-11,1.0094e-11
8.3628e-12,2.6304e-11,2.4683e-11
1.3205e-11,1.6064e-11,1.3107e-11
1.2344e-11,1.4149e-11,1.0206e-11
1.582e-11,2.0205e-11,1.5923e-11
1.6996e-11,2.331e-11,1.4995e-11
1.2246e-11,1.4513e-11,1.2139e-11
1.035e-11,3.8983e-11,3.4107e-11
1.8469e-11,2.6786e-11,1.7599e-11
1.2922e-11,1.324e-11,1.1962e-11
6.351e-12,9.3275e-12,1.2826e-11
1.3273e-11,1.3796e-11,1.2589e-11
5.5113e-12,9.9953e-12,1.4032e-11
9.0553e-12,2.1652e-11,2.135e-11
1.3389e-11,2.7741e-11,2.6432e-11
2.5264e-11,2.9247e-11,2.732e-11
2.0451e-11,4.0308e-11,3.7178e-11
1.6309e-11,2.6356e-11,2.8339e-11
1.522e-11,2.3477e-11,2.6416e-11
1.528e-11,2.2998e-11,2.5369e-11
1.2994e-11,1.6027e-11,2.1844e-11
1.0905e-11,8.1817e-12,1.1879e-11
1.2889e-11,1.2437e-11,1.2896e-11
1.3518e-11,1.0873e-11,1.3692e-11
1.9339e-11,2.2371e-11,2.7411e-11
1.407e-11,1.1025e-11,1.3682e-11
1.3745e-11,1.0009e-11,1.2664e-11
1.4063e-11,6.1094e-12,1.3711e-11
3.4157e-11,2.3013e-11,3.109e-11
1.312e-11,7.4623e-12,1.1193e-11
2.1677e-11,1.5547e-11,2.1469e-11
1.7376e-11,1.0889e-11,1.6465e-11
3.1144e-11,1.9897e-11,2.939e-11
1.7859e-11,1.1041e-11,1.7039e-11
1.7594e-11,1.1908e-11,1.5597e-11
2.3175e-11,1.3115e-11,2.3486e-11
3.5353e-11,2.1023e-11,3.5527e-11
2.7083e-11,9.0447e-12,2.1942e-11
2.9302e-11,1.0176e-11,2.3635e-11
3.5721e-11,1.4616e-11,3.6575e-11
3.3049e-11,1.4537e-11,3.4582e-11
3.3837e-11,1.3026e-11,3.5053e-11
3.4972e-11,1.4731e-11,3.6002e-11
3.6538e-11,1.0744e-11,3.8656e-11
4.031e-11,9.6591e-12,4.1993e-11
1.0657e-11,1.3752e-11,1.7726e-11
9.4111e-12,1.1281e-11,1.095e-11
2.1963e-11,4.1007e-11,2.1905e-11
2.4666e-11,4.5693e-11,2.1251e-11
1.0025e-11,1.2425e-11,7.5125e-12
1.3033e-11,1.1821e-11,6.2701e-12
1.3364e-11,1.8748e-11,1.1974e-11
6.0572e-12,1.0531e-11,1.5998e-11
5.9215e-12,9.0244e-12,1.567e-11
1.8779e-11,3.0201e-11,1.7194e-11
1.1569e-11,1.4538e-11,1.1192e-11
3.0452e-12,3.9281e-11,3.6525e-11
2.5772e-11,3.8146e-11,1.9868e-11
8.1035e-12,1.0446e-11,9.9758e-12
5.3053e-12,8.8482e-12,1.2054e-11
1.4669e-11,1.7021e-11,1.2773e-11
9.8832e-12,4.665e-11,4.2435e-11
1.4381e-11,1.6924e-11,1.6853e-11
2.5061e-11,3.4886e-11,2.1309e-11
1.2777e-11,1.396e-11,1.1614e-11
1.9e-11,2.7047e-11,1.7725e-11
3.5479e-11,4.6705e-11,3.5249e-11
2.4813e-11,3.4831e-11,2.5319e-11
2.6678e-11,3.7086e-11,2.7407e-11
2.1141e-11,2.9237e-11,2.3556e-11
1.9251e-11,2.193e-11,1.9347e-11
1.792e-11,2.9421e-11,3.0053e-11
1.2715e-11,6.585e-12,1.2371e-11
1.2918e-11,8.4918e-12,1.168e-11
2.8721e-11,4.0837e-11,4.2728e-11
1.5071e-11,1.1443e-11,1.5045e-11
2.059e-11,1.7582e-11,2.1745e-11
1.3622e-11,8.9881e-12,1.28e-11
1.4483e-11,1.4477e-11,1.3964e-11
2.0614e-11,1.5627e-11,1.9975e-11
1.7285e-11,1.1545e-11,1.6946e-11
2.1049e-11,1.3389e-11,1.98e-11
1.803e-11,1.0068e-11,1.7836e-11
3.0566e-11,2.0288e-11,2.9019e-11
3.5087e-11,2.2445e-11,3.5191e-11
2.52e-11,1.2782e-11,2.5243e-11
2.0678e-11,8.5078e-12,1.8902e-11
3.7432e-11,2.1637e-11,3.689e-11
3.6729e-11,1.8409e-11,3.6785e-11
2.6918e-11,9.2242e-12,2.9246e-11
4.4821e-11,1.0064e-11,3.5576e-11
1.3107e-11,1.8846e-11,1.2976e-11
1.8422e-11,2.9151e-11,1.671e-11
9.9358e-12,1.2725e-11,8.7757e-12
1.2067e-11,1.2032e-11,1.6229e-11
1.1237e-11,1.5971e-11,1.0687e-11
4.3133e-12,1.1649e-11,1.4645e-11
5.1105e-12,9.8471e-12,1.29e-11
4.7055e-12,3.2734e-11,3.0564e-11
1.7184e-11,2.4293e-11,1.4045e-11
1.3439e-11,1.6055e-11,1.1258e-11
1.3235e-11,1.5183e-11,1.1326e-11
6.4765e-12,9.6949e-12,1.5924e-11
1.1361e-11,1.1046e-11,1.4307e-11
9.294e-12,3.0249e-11,2.7046e-11
7.3811e-12,1.241e-11,1.791e-11
1.5639e-11,2.0512e-11,1.3956e-11
3.1965e-11,4.0171e-11,3.0137e-11
2.0519e-11,2.9186e-11,2.1401e-11
1.1058e-11,1.0625e-11,1.1526e-11
1.656e-11,1.7083e-11,2.1757e-11
1.1636e-11,1.076e-11,1.2768e-11
2.5511e-11,2.1622e-11,2.5054e-11
2.8634e-11,2.3758e-11,2.756e-11
1.5523e-11,1.1298e-11,1.4935e-11
2.6397e-11,3.0157e-11,3.6495e-11
1.5622e-11,9.9047e-12,1.4858e-11
1.7045e-11,9.0173e-12,1.5813e-11
3.6838e-11,2.6255e-11,3.4176e-11
1.4999e-11,7.0948e-12,1.4938e-11
1.8489e-11,1.1013e-11,1.7794e-11
1.772e-11,1.135e-11,1.6892e-11
1.6466e-11,7.0969e-12,1.5499e-11
1.8094e-11,7.8785e-12,1.8524e-11
3.1115e-11,2.4513e-11,3.3899e-11
1.9372e-11,8.7135e-12,2.0808e-11
2.9238e-11,1.793e-11,2.8573e-11
2.1657e-11,9.839e-12,2.2147e-11
2.9094e-11,1.5844e-11,2.8192e-11
3.2175e-11,1.8698e-11,3.3228e-11
2.1689e-11,1.0371e-11,2.2751e-11
2.219e-11,9.6229e-12,2.2142e-11
2.7645e-11,1.3779e-11,2.8319e-11
2.814e-11,1.0488e-11,2.2274e-11
3.3007e-11,1.3356e-11,3.1277e-11
4.3507e-11,1.0072e-11,3.8191e-11
2.0675e-11,3.6176e-11,1.8184e-11
1.3092e-11,1.7353e-11,1.5304e-11
1.1578e-11,1.0365e-11,9.4887e-12
1.1328e-11,1.2996e-11,8.0958e-12
4.7179e-12,9.9513e-12,1.3161e-11
5.8932e-12,1.7622e-11,1.937e-11
2.7051e-11,4.3201e-11,2.126e-11
1.5544e-11,1.7286e-11,1.2682e-11
1.305e-11,1.4174e-11,1.4969e-11
1.8145e-11,2.7403e-11,1.5096e-11
1.1512e-11,1.158e-11,7.8014e-12
1.6704e-11,1.8999e-11,1.5774e-11
5.5388e-12,2.1418e-11,2.0807e-11
2.8095e-11,3.9742e-11,2.2419e-11
2.775e-11,3.8275e-11,2.1182e-11
5.8137e-12,9.9955e-12,1.4197e-11
3.6514e-11,5.3263e-11,3.481e-11
1.9895e-11,2.816e-11,1.8428e-11
1.2541e-11,2.0773e-11,2.1935e-11
1.4252e-11,2.3312e-11,2.4589e-11
1.8847e-11,2.2035e-11,1.8387e-11
1.6206e-11,1.6665e-11,1.902e-11
2.7744e-11,4.2991e-11,4.2069e-11
2.1765e-11,1.9164e-11,2.3473e-11
1.48e-11,1.1787e-11,1.5533e-11
1.6431e-11,1.6412e-11,2.0366e-11
1.7932e-11,1.5137e-11,1.8469e-11
1.8292e-11,9.4861e-12,1.6681e-11
3.7185e-11,2.559e-11,3.422e-11
1.4917e-11,6.8344e-12,1.4331e-11
1.636e-11,1.2009e-11,1.5258e-11
3.2201e-11,3.2775e-11,4.3006e-11
1.7429e-11,1.1628e-11,1.6837e-11
2.0294e-11,1.3021e-11,1.9217e-11
1.6106e-11,1.2418e-11,1.4227e-11
1.8929e-11,8.9825e-12,1.8246e-11
1.8543e-11,7.3807e-12,1.6011e-11
2.8689e-11,1.6693e-11,2.7324e-11
2.0951e-11,9.2608e-12,2.2838e-11
2.7706e-11,1.1693e-11,2.8278e-11
3.0427e-11,1.4864e-11,3.1055e-11
3.9902e-11,1.6039e-11,3.9715e-11
3.1387e-11,8.4813e-12,2.543e-11
3.5716e-11,1.1542e-11,3.33e-11
3.9738e-11,1.4643e-11,4.143e-11
3.7427e-11,1.0249e-11,3.6392e-11
1.3157e-11,1.6582e-11,1.2568e-11
1.2014e-11,1.6796e-11,1.8506e-11
2.8437e-11,5.6723e-11,2.6626e-11
8.8216e-12,1.084e-11,1.7661e-11
1.089e-11,1.1115e-11,6.7601e-12
5.5504e-12,9.624e-12,1.4516e-11
7.3066e-12,2.8631e-11,2.7053e-11
2.2948e-11,3.0224e-11,1.8251e-11
2.4908e-11,3.2732e-11,2.0895e-11
1.7188e-11,2.2724e-11,1.4531e-11
1.2697e-11,1.304e-11,9.6302e-12
1.2785e-11,1.5626e-11,1.2105e-11
3.2345e-11,4.9993e-11,2.4311e-11
8.0664e-12,4.9095e-11,4.3884e-11
1.0762e-11,4.7794e-11,4.2229e-11
3.4719e-11,5.2638e-11,2.8884e-11
5.5154e-12,1.1047e-11,1.5146e-11
9.7588e-12,2.2582e-11,2.2003e-11
2.7358e-11,3.6786e-11,2.1553e-11
2.4093e-11,2.949e-11,2.3552e-11
1.7808e-11,2.1303e-11,2.6746e-11
1.7525e-11,2.1498e-11,2.6933e-11
1.7535e-11,2.0716e-11,2.4038e-11
1.2209e-11,9.8654e-12,1.2437e-11
3.8398e-11,3.1846e-11,3.7359e-11
3.6563e-11,3.0686e-11,3.5172e-11
1.5173e-11,1.5475e-11,2.0451e-11
2.749e-11,2.2489e-11,2.6907e-11
2.0384e-11,1.3074e-11,1.9983e-11
1.4673e-11,7.1958e-12,1.3808e-11
1.6411e-11,1.1766e-11,1.568e-11
2.1254e-11,1.2786e-11,2.043e-11
1.7007e-11,1.091e-11,1.4451e-11
1.7267e-11,1.17e-11,1.4391e-11
1.6869e-11,1.2065e-11,1.5696e-11
1.8674e-11,6.8414e-12,1.8424e-11
3.3173e-11,2.0856e-11,3.6481e-11
2.3205e-11,1.0981e-11,2.3689e-11
1.9167e-11,8.87e-12,1.8528e-11
2.3683e-11,1.2094e-11,2.3913e-11
3.0388e-11,1.7499e-11,3.0443e-11
2.5507e-11,1.1315e-11,2.6827e-11
2.1692e-11,7.053e-12,1.8942e-11
2.6351e-11,8.1399e-12,2.1481e-11
3.7944e-11,1.5692e-11,3.8426e-11
4.7795e-11,1.1125e-11,3.684e-11
1.2759e-11,1.8949e-11,1.0504e-11
1.0517e-11,1.7958e-11,1.0811e-11
1.3012e-11,1.7459e-11,1.246e-11
1.0865e-11,9.7908e-12,7.2893e-12
4.2212e-12,9.0573e-12,1.3458e-11
1.0946e-11,1.1076e-11,7.3123e-12
1.0975e-11,1.0254e-11,9.7071e-12
6.3712e-12,1.1448e-11,1.4907e-11
1.2604e-11,1.2402e-11,7.8382e-12
1.8882e-11,2.7419e-11,1.6019e-11
5.7532e-12,1.1568e-11,1.5519e-11
7.3935e-12,1.0316e-11,1.3628e-11
8.1931e-12,3.7314e-11,3.3795e-11
6.9659e-12,4.3023e-11,3.9277e-11
4.7921e-12,9.7768e-12,1.3867e-11
6.9089e-12,2.0462e-11,2.0155e-11
1.1549e-11,4.3929e-11,3.8359e-11
7.9442e-12,8.8835e-12,1.1341e-11
3.5468e-11,4.6408e-11,2.8433e-11
1.4593e-11,3.0514e-11,2.8198e-11
1.1464e-11,1.7957e-11,2.1478e-11
1.2151e-11,1.8419e-11,2.1888e-11
1.8213e-11,1.818e-11,1.8398e-11
1.515e-11,1.5289e-11,1.9575e-11
1.8728e-11,1.8532e-11,2.3951e-11
2.0466e-11,2.3312e-11,2.8685e-11
1.3609e-11,1.0966e-11,1.3873e-11
3.2736e-11,2.0961e-11,2.9319e-11
2.7266e-11,2.5075e-11,3.2482e-11
2.657e-11,1.2823e-11,2.5298e-11
2.3207e-11,1.2287e-11,2.3025e-11
2.0604e-11,1.0491e-11,1.8373e-11
3.3797e-11,1.8521e-11,3.4311e-11
2.8479e-11,1.2745e-11,2.7421e-11
2.8844e-11,1.1075e-11,2.8892e-11
3.0632e-11,1.6477e-11,2.9796e-11
3.5495e-11,1.3269e-11,3.5728e-11
3.3004e-11,9.885e-12,2.5729e-11
4.0942e-11,1.341e-11,4.1362e-11
4.1888e-11,1.1334e-11,3.4382e-11
4.0049e-11,9.4362e-12,3.095e-11
4.0524e-11,1.1597e-11,4.0543e-11
4.7275e-11,1.1184e-11,3.5847e-11
1.3337e-11,1.7285e-11,1.4029e-11
9.9555e-12,1.1572e-11,6.6924e-12
1.118e-11,1.4938e-11,9.6565e-12
6.5415e-12,1.2324e-11,1.569e-11
9.0087e-12,1.2101e-11,1.5952e-11
1.2047e-11,1.1688e-11,7.8707e-12
2.5565e-11,3.7412e-11,2.1485e-11
1.0582e-11,1.0397e-11,5.4594e-12
6.9922e-12,3.1718e-11,3.0066e-11
3.5242e-11,5.7379e-11,2.7438e-11
1.105e-11,9.6509e-12,7.0448e-12
1.0716e-11,1.3859e-11,1.8994e-11
5.4643e-12,9.8312e-12,1.2189e-11
1.5595e-11,1.9167e-11,1.1827e-11
5.8232e-12,2.1e-11,2.0696e-11
8.0076e-12,1.0394e-11,1.2675e-11
6.0474e-12,1.1725e-11,1.6853e-11
3.0853e-11,4.4838e-11,2.5535e-11
4.7012e-12,9.2726e-12,1.2868e-11
6.3155e-12,8.6745e-12,1.1994e-11
5.0328e-12,1.1026e-11,1.6513e-11
1.4579e-11,1.8633e-11,1.4443e-11
7.2277e-12,9.5818e-12,1.2709e-11
1.7991e-11,2.0222e-11,1.39e-11
3.452e-11,3.8244e-11,2.8865e-11
1.1262e-11,1.4311e-11,1.6026e-11
1.6125e-11,1.6401e-11,1.4532e-11
1.8807e-11,2.1359e-11,1.7748e-11
1.6565e-11,1.5485e-11,1.5855e-11
1.8524e-11,2.3817e-11,2.7661e-11
1.1804e-11,1.0462e-11,1.2652e-11
2.5533e-11,2.748e-11,2.5728e-11
1.7216e-11,1.7738e-11,2.265e-11
1.8027e-11,1.9888e-11,2.6786e-11
2.0903e-11,1.3107e-11,1.9365e-11
2.8367e-11,2.8432e-11,3.5841e-11
1.6794e-11,1.1459e-11,1.6529e-11
1.6727e-11,1.2689e-11,1.6093e-11
3.9166e-11,2.7977e-11,3.7426e-11
2.2156e-11,1.0162e-11,2.1492e-11
1.8326e-11,6.9998e-12,1.4588e-11
2.0944e-11,8.7018e-12,2.2003e-11
2.1765e-11,1.1617e-11,2.2146e-11
2.682e-11,1.2958e-11,2.8718e-11
3.8253e-11,1.84e-11,3.6185e-11
2.6867e-11,1.1123e-11,2.672e-11
2.9003e-11,8.3491e-12,2.5629e-11
2.929e-11,9.1564e-12,2.395e-11
4.1647e-11,1.1433e-11,3.3776e-11
4.2696e-11,1.0085e-11,3.4129e-11
1.0614e-11,1.5337e-11,1.2308e-11
1.0683e-11,1.4203e-11,8.5067e-12
6.2536e-12,1.2597e-11,1.0071e-11
1.3628e-11,1.6934e-11,1.1686e-11
1.0125e-11,1.2684e-11,6.7436e-12
7.7968e-12,1.097e-11,9.5088e-12
1.4726e-11,1.5733e-11,1.2393e-11
6.4524e-12,1.2384e-11,1.4936e-11
5.0847e-12,1.0889e-11,1.5282e-11
1.2998e-11,1.6186e-11,8.3793e-12
9.9505e-12,9.5472e-12,1.0129e-11
1.4093e-11,1.7876e-11,1.0443e-11
5.7061e-12,1.082e-11,1.5744e-11
1.6159e-11,2.0691e-11,1.3791e-11
1.5819e-11,1.9076e-11,1.4323e-11
5.3577e-12,1.0374e-11,1.4165e-11
1.6217e-11,1.6107e-11,1.1687e-11
2.2472e-11,2.5459e-11,1.8036e-11
1.4496e-11,3.1334e-11,2.8701e-11
1.497e-11,2.9765e-11,2.7237e-11
1.1575e-11,2.4243e-11,2.4937e-11
1.602e-11,1.5042e-11,1.4602e-11
9.7789e-12,1.2824e-11,1.7602e-11
1.2161e-11,1.7783e-11,2.0529e-11
1.8044e-11,2.3325e-11,2.668e-11
1.0977e-11,1.34e-11,1.8187e-11
2.5917e-11,2.3984e-11,2.6086e-11
2.7047e-11,3.0389e-11,3.6226e-11
2.3624e-11,2.4644e-11,3.2081e-11
1.4796e-11,1.0944e-11,1.3947e-11
1.7093e-11,1.2977e-11,1.7152e-11
1.7225e-11,9.0179e-12,1.7479e-11
1.7427e-11,1.2402e-11,1.6373e-11
1.835e-11,7.5856e-12,1.8333e-11
1.753e-11,8.0326e-12,1.6785e-11
1.9148e-11,1.2175e-11,2.0535e-11
3.0307e-11,2.1966e-11,3.5039e-11
2.239e-11,1.0442e-11,2.1392e-11
1.9086e-11,1.112e-11,1.8122e-11
2.0032e-11,7.9551e-12,1.9854e-11
2.9919e-11,1.3848e-11,2.793e-11
3.0041e-11,8.5183e-12,2.3535e-11
3.15e-11,8.716e-12,2.8505e-11
3.785e-11,1.3738e-11,3.323e-11
3.9997e-11,1.2753e-11,3.9375e-11
2.4658e-11,4.1017e-11,1.9223e-11
2.836e-11,5.1549e-11,2.4968e-11
9.0621e-12,1.441e-11,1.3281e-11
1.4664e-11,1.7709e-11,1.3995e-11
1.1946e-11,1.5629e-11,1.0668e-11
9.7765e-12,1.2347e-11,1.2844e-11
4.6076e-12,1.1124e-11,1.5176e-11
1.6331e-11,1.61e-11,1.5544e-11
5.1569e-12,1.0749e-11,1.254e-11
1.1909e-11,1.0473e-11,7.2343e-12
1.0502e-11,1.0873e-11,1.2801e-11
7.7124e-12,9.8973e-12,1.0404e-11
1.096e-11,9.8748e-12,1.0354e-11
1.3913e-11,1.6114e-11,1.11e-11
1.3025e-11,1.1499e-11,9.9002e-12
6.4381e-12,8.29e-12,1.0972e-11
3.9615e-11,5.81e-11,3.0056e-11
1.254e-11,1.1255e-11,8.72e-12
2.6717e-11,3.1198e-11,2.0535e-11
9.8263e-12,1.7403e-11,1.8309e-11
1.8613e-11,2.3463e-11,1.8242e-11
1.6765e-11,4.0784e-11,3.6299e-11
9.9804e-12,1.413e-11,1.5578e-11
1.1229e-11,1.6711e-11,1.9238e-11
2.5519e-11,3.108e-11,2.534e-11
1.6575e-11,1.5782e-11,1.45e-11
2.1402e-11,3.6264e-11,3.4939e-11
1.7505e-11,1.7375e-11,1.7918e-11
9.7314e-12,8.2479e-12,1.0608e-11
3.7171e-11,3.6644e-11,3.667e-11
1.4141e-11,1.5117e-11,2.0054e-11
1.769e-11,1.8561e-11,2.4288e-11
2.4935e-11,3.3492e-11,3.5864e-11
2.697e-11,3.4566e-11,3.9294e-11
2.9451e-11,2.5335e-11,2.8394e-11
3.6416e-11,2.5999e-11,3.2927e-11
1.814e-11,7.7651e-12,1.7385e-11
2.015e-11,1.269e-11,2.1988e-11
1.8233e-11,7.1601e-12,1.3848e-11
3.6788e-11,2.1769e-11,3.2995e-11
2.5823e-11,1.2122e-11,2.5805e-11
4.278e-11,2.3853e-11,3.879e-11
3.8201e-11,1.9594e-11,3.4603e-11
3.528e-11,1.8843e-11,3.6551e-11
3.7894e-11,1.8397e-11,3.4745e-11
2.5405e-11,1.1705e-11,2.1914e-11
2.9621e-11,1.2118e-11,3.0549e-11
3.1677e-11,1.2732e-11,3.3002e-11
2.9314e-11,1.0938e-11,2.876e-11
3.9706e-11,1.4905e-11,3.9662e-11
4.3183e-11,1.28e-11,3.4157e-11
4.1372e-11,9.8313e-12,3.2924e-11
4.615e-11,1.1827e-11,3.5757e-11
1.1683e-11,1.4074e-11,1.0819e-11
1.2142e-11,1.1958e-11,1.0685e-11
1.6927e-11,2.432e-11,1.6733e-11
1.2241e-11,1.5508e-11,1.0255e-11
1.2283e-11,1.2505e-11,1.3934e-11
1.1856e-11,1.4375e-11,1.7671e-11
8.2207e-12,3.2516e-11,3.0951e-11
3.2281e-11,5.021e-11,2.6079e-11
2.9125e-11,4.0383e-11,2.1199e-11
6.3552e-12,1.0734e-11,1.8971e-11
1.9326e-11,2.3992e-11,2.0807e-11
1.5239e-11,1.6102e-11,1.2145e-11
9.3933e-12,2.0775e-11,2.1395e-11
2.1135e-11,4.6124e-11,4.1472e-11
1.0279e-11,1.316e-11,1.6814e-11
2.8832e-11,3.0817e-11,2.7982e-11
1.0714e-11,9.0393e-12,1.1293e-11
1.1446e-11,1.011e-11,1.2375e-11
2.589e-11,3.235e-11,3.6903e-11
1.3392e-11,9.7606e-12,1.3956e-11
4.1143e-11,3.087e-11,3.7413e-11
2.9259e-11,2.5302e-11,2.7818e-11
2.2438e-11,1.5803e-11,1.9793e-11
1.5189e-11,1.0904e-11,1.3873e-11
1.716e-11,8.7063e-12,1.372e-11
2.822e-11,2.0764e-11,3.1931e-11
2.013e-11,1.1348e-11,1.9829e-11
1.9898e-11,8.9543e-12,1.923e-11
1.8167e-11,1.1728e-11,1.6503e-11
3.3067e-11,1.6898e-11,2.9005e-11
2.3089e-11,1.0651e-11,2.1526e-11
2.8227e-11,1.777e-11,2.7974e-11
3.5541e-11,1.9339e-11,3.6793e-11
3.3232e-11,1.843e-11,3.3663e-11
2.5565e-11,1.0288e-11,2.0797e-11
2.4687e-11,8.1486e-12,1.9447e-11
3.1173e-11,1.1554e-11,2.4544e-11
3.6013e-11,9.1064e-12,2.9511e-11
4.123e-11,1.1292e-11,3.1099e-11
3.9949e-11,9.6658e-12,3.3339e-11
8.2814e-12,1.3673e-11,1.0062e-11
3.1754e-11,5.1828e-11,2.4099e-11
7.8191e-12,1.1742e-11,1.4077e-11
1.7723e-11,2.0126e-11,1.4792e-11
1.3259e-11,1.1852e-11,9.229e-12
2.6456e-11,4.3691e-11,2.2014e-11
6.7733e-12,1.7875e-11,1.9087e-11
1.1013e-11,1.348e-11,8.6417e-12
6.3325e-12,1.0111e-11,1.7746e-11
6.8572e-12,1.7271e-11,1.8997e-11
2.9621e-11,3.7395e-11,2.0729e-11
1.2347e-11,1.5383e-11,1.7613e-11
1.5787e-11,1.55e-11,1.3901e-11
1.6991e-11,4.0547e-11,3.8796e-11
1.3586e-11,2.3932e-11,2.5109e-11
9.1799e-12,1.0214e-11,1.2306e-11
2.9359e-11,3.1757e-11,2.8302e-11
1.9394e-11,2.9604e-11,3.083e-11
1.952e-11,2.2557e-11,2.8382e-11
1.9567e-11,2.2679e-11,2.8715e-11
1.236e-11,8.9352e-12,1.2615e-11
2.4385e-11,1.9296e-11,2.0886e-11
2.5413e-11,1.9205e-11,2.2572e-11
3.1126e-11,2.2399e-11,2.7872e-11
1.3098e-11,1.0889e-11,1.3784e-11
2.0136e-11,1.5737e-11,2.178e-11
2.8809e-11,2.1235e-11,2.6109e-11
2.1218e-11,1.3945e-11,2.0519e-11
2.3608e-11,1.7224e-11,2.4243e-11
2.069e-11,1.4023e-11,2.1027e-11
2.6276e-11,2.1956e-11,3.1275e-11
3.8891e-11,2.703e-11,3.508e-11
3.3256e-11,2.1974e-11,3.0923e-11
1.6655e-11,1.1315e-11,1.5999e-11
4.1492e-11,2.7711e-11,3.7793e-11
2.5837e-11,1.6187e-11,2.659e-11
3.0427e-11,2.0464e-11,3.3669e-11
2.5124e-11,1.2963e-11,2.2675e-11
2.3129e-11,1.4666e-11,2.2983e-11
1.9365e-11,8.5726e-12,1.6866e-11
1.9343e-11,9.7726e-12,1.594e-11
2.1211e-11,7.4675e-12,1.8541e-11
2.9339e-11,1.268e-11,2.9257e-11
3.1768e-11,1.8852e-11,3.1895e-11
3.1324e-11,1.5804e-11,2.9858e-11
3.2837e-11,1.7089e-11,3.2296e-11
2.8217e-11,8.1381e-12,2.1985e-11
3.9249e-11,1.3944e-11,3.2454e-11
4.3313e-11,1.0924e-11,4.194e-11
4.4157e-11,1.1331e-11,3.494e-11
1.5883e-11,1.6202e-11,9.4979e-12
2.7183e-11,4.6165e-11,2.2019e-11
1.2554e-11,1.5963e-11,1.2146e-11
8.3933e-12,2.7722e-11,2.7233e-11
9.8341e-12,1.1345e-11,1.1394e-11
7.5318e-12,1.7856e-11,2.1445e-11
1.0231e-11,2.794e-11,2.7635e-11
8.6426e-12,1.4209e-11,1.646e-11
2.171e-11,3.1545e-11,1.8862e-11
4.644e-11,7.6076e-11,3.7876e-11
3.8413e-11,5.4445e-11,2.6065e-11
6.7035e-12,1.1175e-11,1.5155e-11
1.2863e-11,1.3276e-11,1.2213e-11
1.1729e-11,3.387e-11,2.9905e-11
9.1338e-12,1.704e-11,1.7532e-11
1.1586e-11,1.314e-11,1.701e-11
1.3155e-11,2.4896e-11,2.5561e-11
3.9939e-11,4.5488e-11,3.263e-11
1.2355e-11,2.0725e-11,2.3675e-11
1.0744e-11,1.3363e-11,1.6362e-11
2.5453e-11,2.5144e-11,1.9963e-11
1.2981e-11,1.5191e-11,1.9701e-11
2.9936e-11,3.0982e-11,2.8357e-11
2.0264e-11,1.9349e-11,1.7566e-11
3.3232e-11,3.0936e-11,3.3294e-11
1.9023e-11,1.2492e-11,1.661e-11
1.8118e-11,1.5019e-11,1.9517e-11
2.4687e-11,1.832e-11,2.2215e-11
4.1716e-11,3.2654e-11,3.8328e-11
1.94e-11,1.0773e-11,1.6195e-11
2.1021e-11,2.0216e-11,2.5596e-11
2.8328e-11,1.6846e-11,2.4328e-11
1.8498e-11,8.7902e-12,1.5117e-11
2.8754e-11,1.5458e-11,2.536e-11
3.2014e-11,1.7602e-11,2.7838e-11
2.7991e-11,1.7633e-11,2.6725e-11
2.8981e-11,1.2004e-11,2.843e-11
2.6569e-11,9.7406e-12,2.5699e-11
3.3263e-11,1.3493e-11,2.8949e-11
3.1631e-11,1.107e-11,2.8679e-11
3.2768e-11,1.1631e-11,2.5849e-11
4.1856e-11,1.2082e-11,3.8544e-11
4.6384e-11,1.3341e-11,3.6033e-11
1.2854e-11,1.4112e-11,1.3869e-11
1.567e-11,1.4305e-11,8.8778e-12
6.9469e-12,9.4573e-12,8.7133e-12
1.0871e-11,1.1306e-11,8.3291e-12
8.0044e-12,1.0635e-11,7.4456e-12
5.1538e-12,1.1014e-11,1.3125e-11
1.033e-11,1.238e-11,7.4181e-12
9.9379e-12,1.5094e-11,1.0702e-11
1.7063e-11,2.1085e-11,1.6544e-11
1.6732e-11,2.1242e-11,1.5855e-11
1.2454e-11,1.291e-11,1.2761e-11
1.2107e-11,1.3098e-11,1.3562e-11
2.9479e-11,3.4729e-11,2.3288e-11
3.5902e-11,5.2657e-11,3.0442e-11
1.9231e-11,2.2097e-11,1.5133e-11
1.2685e-11,1.4453e-11,1.7943e-11
1.1729e-11,2.0842e-11,2.3413e-11
1.754e-11,3.8698e-11,3.668e-11
2.6729e-11,3.3791e-11,2.4277e-11
1.893e-11,3.1487e-11,3.1552e-11
2.2384e-11,2.391e-11,2.1613e-11
2.4216e-11,3.5324e-11,3.7682e-11
1.21e-11,9.6632e-12,1.1297e-11
1.3509e-11,1.3849e-11,1.378e-11
1.771e-11,1.0371e-11,1.4416e-11
1.4766e-11,1.5508e-11,1.9664e-11
1.4891e-11,9.4955e-12,1.3485e-11
3.4812e-11,2.4062e-11,3.1837e-11
3.5624e-11,2.3971e-11,3.2355e-11
2.5205e-11,1.6651e-11,2.5278e-11
2.9066e-11,1.3582e-11,2.6287e-11
3.4063e-11,1.9964e-11,3.2965e-11
3.5687e-11,1.7832e-11,3.0619e-11
3.0064e-11,1.2815e-11,2.8583e-11
4.1289e-11,1.977e-11,3.6394e-11
3.4115e-11,1.0664e-11,3.044e-11
3.8359e-11,1.372e-11,3.0588e-11
4.0127e-11,1.5128e-11,3.95e-11
3.755e-11,1.0094e-11,3.6096e-11
1.666e-11,1.9273e-11,1.1189e-11
1.4154e-11,1.2588e-11,1.5017e-11
1.1696e-11,1.3389e-11,1.1163e-11
1.0635e-11,1.2709e-11,1.2142e-11
3.5478e-11,5.8348e-11,2.7664e-11
1.3179e-11,1.8547e-11,9.2084e-12
8.8604e-12,2.7291e-11,2.666e-11
1.2491e-11,1.3158e-11,1.0204e-11
5.5208e-12,2.1078e-11,2.2622e-11
3.5463e-11,5.4919e-11,2.7307e-11
1.0008e-11,1.4269e-11,1.3867e-11
5.1485e-12,1.1916e-11,1.7421e-11
8.0253e-12,1.0891e-11,9.2091e-12
4.791e-11,7.5004e-11,3.7462e-11
1.1186e-11,1.2187e-11,7.7307e-12
7.3144e-12,2.1209e-11,2.3676e-11
8.29e-12,2.3799e-11,2.3766e-11
7.081e-12,1.4101e-11,1.5662e-11
1.2109e-11,1.268e-11,9.5483e-12
9.4071e-12,2.5991e-11,2.5829e-11
6.0644e-12,8.7358e-12,9.3601e-12
7.5947e-12,9.1548e-12,9.3685e-12
7.9597e-12,1.9741e-11,2.0653e-11
4.5185e-11,6.6448e-11,3.2799e-11
2.3184e-11,2.5675e-11,1.5901e-11
1.0881e-11,2.4011e-11,2.3837e-11
4.038e-11,4.6289e-11,3.1097e-11
2.0612e-11,3.7605e-11,3.7606e-11
1.0445e-11,1.0567e-11,1.2288e-11
1.1704e-11,1.3239e-11,1.4493e-11
1.1158e-11,9.4991e-12,1.0849e-11
1.7323e-11,2.2838e-11,2.5985e-11
2.4725e-11,3.477e-11,3.6613e-11
1.3734e-11,1.4315e-11,1.6769e-11
3.7856e-11,3.2979e-11,3.4052e-11
1.7955e-11,1.0785e-11,1.4674e-11
2.3658e-11,1.8846e-11,1.9672e-11
1.8029e-11,1.7107e-11,2.2091e-11
1.6944e-11,1.5521e-11,1.9929e-11
1.667e-11,1.0733e-11,1.5546e-11
2.2933e-11,1.5944e-11,1.9409e-11
1.6576e-11,7.7128e-12,1.2884e-11
1.7555e-11,1.0584e-11,1.3481e-11
2.0049e-11,1.2013e-11,1.7996e-11
2.601e-11,1.2015e-11,2.5595e-11
3.5789e-11,2.0018e-11,3.4057e-11
3.0764e-11,1.239e-11,2.3706e-11
1.007e-11,1.079e-11,9.4958e-12
1.7424e-11,2.0237e-11,1.2299e-11
1.0381e-11,1.3599e-11,7.8014e-12
1.0923e-11,1.0902e-11,6.9305e-12
5.5905e-12,9.6257e-12,8.4193e-12
8.1963e-12,1.2678e-11,1.1908e-11
3.9125e-11,6.3156e-11,3.1811e-11
1.2357e-11,1.6672e-11,1.5796e-11
1.4356e-11,1.8414e-11,2.0008e-11
7.7115e-12,1.3931e-11,1.8384e-11
4.3274e-11,6.0498e-11,3.0947e-11
3.2242e-11,3.8553e-11,2.2655e-11
1.4887e-11,1.6122e-11,1.2405e-11
2.3343e-11,2.5863e-11,1.6492e-11
2.6538e-11,3.0502e-11,2.0899e-11
3.3653e-11,4.1117e-11,2.6706e-11
1.7399e-11,3.0257e-11,3.1678e-11
1.7206e-11,3.2158e-11,3.3495e-11
1.1442e-11,1.2696e-11,1.3416e-11
9.6186e-12,1.0452e-11,1.3522e-11
1.3287e-11,1.5665e-11,1.9567e-11
2.8712e-11,2.6603e-11,2.4055e-11
1.0353e-11,9.4014e-12,1.0719e-11
1.8538e-11,2.4102e-11,2.7793e-11
2.2249e-11,3.2504e-11,3.5068e-11
1.2333e-11,1.3178e-11,1.487e-11
2.0556e-11,2.4361e-11,2.8887e-11
1.8857e-11,1.2306e-11,1.5021e-11
1.2136e-11,9.2229e-12,1.1733e-11
1.8124e-11,1.6724e-11,2.0652e-11
1.8766e-11,1.7585e-11,2.2326e-11
2.1108e-11,1.4402e-11,1.5587e-11
1.8784e-11,1.4354e-11,1.9434e-11
1.5841e-11,8.2167e-12,1.2192e-11
2.5928e-11,1.8176e-11,2.5328e-11
1.9911e-11,1.0003e-11,1.7588e-11
2.0217e-11,1.3385e-11,1.9929e-11
2.1824e-11,1.1087e-11,2.0378e-11
3.0591e-11,1.5435e-11,2.5764e-11
4.4055e-11,2.5641e-11,3.718e-11
3.4566e-11,2.1263e-11,3.4729e-11
2.947e-11,1.462e-11,2.8507e-11
3.4198e-11,1.0325e-11,2.9825e-11
4.2781e-11,1.5247e-11,3.5013e-11
4.7493e-11,1.517e-11,3.6141e-11
2.4181e-11,3.3874e-11,1.8351e-11
1.1343e-11,1.01e-11,4.2093e-12
2.0738e-11,2.167e-11,1.484e-11
1.2146e-11,1.2335e-11,1.1016e-11
1.3024e-11,1.1867e-11,8.9081e-12
5.7624e-12,1.1225e-11,1.4917e-11
2.2705e-11,2.629e-11,1.5263e-11
5.4609e-12,1.0594e-11,1.4824e-11
9.285e-12,2.8419e-11,2.8122e-11
1.4497e-11,1.5591e-11,1.1473e-11
1.371e-11,1.765e-11,9.8312e-12
8.58e-12,1.0742e-11,1.0357e-11
1.2483e-11,1.5645e-11,8.4696e-12
8.1522e-12,1.225e-11,8.3153e-12
4.7919e-11,7.4273e-11,3.7179e-11
1.761e-11,2.1963e-11,1.6189e-11
1.4781e-11,1.487e-11,1.0474e-11
7.1367e-12,1.4475e-11,1.5315e-11
1.7762e-11,2.1825e-11,1.7479e-11
6.777e-12,1.6827e-11,1.828e-11
1.0725e-11,1.002e-11,6.2407e-12
1.1099e-11,3.3435e-11,3.1992e-11
1.3658e-11,1.6115e-11,1.3119e-11
7.5462e-12,1.2215e-11,1.4525e-11
1.3002e-11,3.5014e-11,3.1506e-11
1.1363e-11,1.3597e-11,1.4395e-11
4.4632e-11,4.9714e-11,3.3696e-11
1.1568e-11,1.4082e-11,1.5089e-11
1.3646e-11,1.7244e-11,1.7419e-11
3.9086e-11,4.2462e-11,3.6781e-11
9.643e-12,8.3228e-12,1.0217e-11
1.3342e-11,1.3663e-11,1.5583e-11
2.7331e-11,2.449e-11,2.1287e-11
1.0869e-11,8.186e-12,9.8091e-12
1.1874e-11,1.0104e-11,1.2048e-11
2.0843e-11,1.4138e-11,1.6054e-11
1.2109e-11,9.1279e-12,1.2068e-11
2.4575e-11,2.6984e-11,3.2142e-11
1.8761e-11,1.6074e-11,2.1538e-11
2.1178e-11,1.1509e-11,1.716e-11
1.7958e-11,1.3979e-11,1.9083e-11
2.5309e-11,2.3508e-11,3.0045e-11
2.5896e-11,2.304e-11,3.2181e-11
1.7508e-11,1.2924e-11,1.7366e-11
2.5184e-11,1.7949e-11,2.4699e-11
3.6496e-11,2.4585e-11,3.1855e-11
2.7478e-11,1.4497e-11,2.2501e-11
2.6692e-11,1.2681e-11,2.1918e-11
1.9677e-11,9.9971e-12,1.7013e-11
2.4583e-11,1.1615e-11,2.1281e-11
2.9178e-11,1.3852e-11,2.552e-11
3.9153e-11,2.1717e-11,3.287e-11
2.4325e-11,1.4557e-11,2.1542e-11
2.9224e-11,1.2214e-11,2.6973e-11
2.4318e-11,1.053e-11,2.053e-11
3.1559e-11,1.8218e-11,2.786e-11
4.5682e-11,1.9079e-11,4.033e-11
4.4171e-11,1.2966e-11,4.2032e-11
4.3958e-11,1.3542e-11,3.6846e-11
2.0123e-11,2.1706e-11,1.4222e-11
1.4268e-11,1.1832e-11,9.4392e-12
1.0594e-11,1.3069e-11,8.8509e-12
1.3214e-11,1.151e-11,7.0826e-12
6.816e-12,1.2796e-11,1.4552e-11
1.4431e-11,1.6566e-11,1.5977e-11
7.4424e-12,2.3443e-11,2.4162e-11
1.1653e-11,1.0664e-11,1.4498e-11
8.8433e-12,1.3208e-11,1.6305e-11
1.1668e-11,1.0196e-11,9.505e-12
1.1211e-11,1.0088e-11,9.0073e-12
1.5239e-11,2.196e-11,1.5904e-11
5.7139e-11,7.9186e-11,4.3844e-11
1.115e-11,9.6457e-12,9.2292e-12
1.5714e-11,1.8762e-11,1.2144e-11
2.6778e-11,2.9901e-11,1.9577e-11
1.0348e-11,2.5375e-11,2.4325e-11
3.9472e-11,4.6398e-11,2.91e-11
1.0855e-11,2.2681e-11,2.3932e-11
2.5002e-11,2.5946e-11,1.8504e-11
1.0663e-11,1.2661e-11,1.3509e-11
3.9835e-11,4.1019e-11,3.3038e-11
1.9287e-11,2.721e-11,3.0239e-11
1.4425e-11,1.4238e-11,1.6655e-11
2.0556e-11,2.8265e-11,3.146e-11
1.7851e-11,1.1839e-11,1.314e-11
1.1043e-11,7.693e-12,1.0141e-11
1.7449e-11,1.0928e-11,1.3581e-11
2.2407e-11,1.6618e-11,1.8119e-11
1.4355e-11,1.2779e-11,1.5578e-11
3.2479e-11,2.8052e-11,2.7642e-11
1.9228e-11,1.8702e-11,2.4866e-11
1.4432e-11,8.5379e-12,1.1479e-11
2.329e-11,2.1386e-11,2.9422e-11
1.5872e-11,8.4093e-12,1.1626e-11
1.6097e-11,8.0966e-12,1.2207e-11
1.8342e-11,9.7436e-12,1.5699e-11
3.7391e-11,2.5949e-11,3.2239e-11
4.0391e-11,2.4247e-11,3.3706e-11
2.4012e-11,1.1442e-11,2.0631e-11
2.6324e-11,9.5029e-12,2.3605e-11
4.2023e-11,1.6029e-11,3.924e-11
3.961e-11,1.4351e-11,3.1887e-11
2.1027e-11,2.2701e-11,1.503e-11
1.2137e-11,1.8674e-11,8.6601e-12
9.159e-12,1.326e-11,8.1219e-12
1.3295e-11,1.3092e-11,1.1577e-11
7.3201e-12,1.103e-11,1.257e-11
7.6645e-12,1.1504e-11,1.4565e-11
1.0116e-11,1.0012e-11,8.6404e-12
1.3258e-11,1.1327e-11,1.4855e-11
1.4232e-11,1.992e-11,1.1372e-11
7.6207e-12,2.5403e-11,2.6595e-11
2.0012e-11,2.2445e-11,1.4304e-11
9.8317e-12,1.2302e-11,1.0301e-11
6.79e-12,9.3689e-12,1.2799e-11
1.3663e-11,1.5292e-11,9.5164e-12
1.1283e-11,1.2996e-11,6.9314e-12
7.752e-12,1.2857e-11,1.45e-11
1.3256e-11,1.4217e-11,8.4867e-12
7.1201e-12,1.2286e-11,1.3996e-11
1.0955e-11,3.0622e-11,3.0112e-11
1.2001e-11,3.2844e-11,3.1788e-11
5.3084e-11,6.9031e-11,3.7856e-11
1.2148e-11,3.5961e-11,3.4437e-11
4.1719e-11,4.9859e-11,3.253e-11
1.074e-11,1.4126e-11,1.4814e-11
1.6593e-11,1.5504e-11,1.1612e-11
3.0949e-11,3.4301e-11,2.5732e-11
1.3707e-11,1.3936e-11,1.542e-11
1.5915e-11,1.5993e-11,1.8456e-11
3.0274e-11,2.9607e-11,2.6142e-11
1.9973e-11,2.5789e-11,3.0522e-11
2.314e-11,2.6965e-11,3.1126e-11
4.2244e-11,3.8992e-11,3.8128e-11
2.4185e-11,1.7579e-11,2.0258e-11
3.4514e-11,3.0276e-11,3.0649e-11
1.8967e-11,1.0114e-11,1.4024e-11
2.4678e-11,1.5399e-11,1.832e-11
2.1454e-11,1.3391e-11,1.5174e-11
1.4007e-11,1.0936e-11,1.3199e-11
1.4909e-11,1.034e-11,1.437e-11
1.5119e-11,9.9419e-12,1.3445e-11
1.7155e-11,8.4852e-12,1.2797e-11
2.3514e-11,1.7086e-11,2.411e-11
2.1629e-11,1.4056e-11,1.9076e-11
2.5842e-11,1.1983e-11,2.0957e-11
2.5058e-11,1.2397e-11,2.1989e-11
2.9452e-11,1.9236e-11,3.0044e-11
2.7216e-11,1.2646e-11,2.286e-11
2.2428e-11,1.012e-11,1.9632e-11
2.1362e-11,1.1377e-11,1.8002e-11
2.6668e-11,1.7213e-11,2.6226e-11
3.0852e-11,1.8426e-11,2.9027e-11
2.8568e-11,1.6764e-11,2.6567e-11
3.4001e-11,1.9758e-11,3.2722e-11
3.4354e-11,1.8162e-11,3.0131e-11
3.1984e-11,9.9919e-12,2.6642e-11
3.6443e-11,1.3687e-11,2.8147e-11
3.8101e-11,1.341e-11,3.1883e-11
4.5258e-11,1.5906e-11,4.2228e-11
4.076e-11,1.3404e-11,3.4155e-11
4.4704e-11,1.5442e-11,3.5131e-11
4.8511e-11,1.6088e-11,3.8e-11
1.5139e-11,1.3672e-11,1.0099e-11
1.4428e-11,1.277e-11,1.2244e-11
7.4739e-12,1.1568e-11,1.1744e-11
1.087e-11,1.2186e-11,1.2972e-11
8.0767e-12,1.1212e-11,1.2744e-11
4.3474e-11,5.8041e-11,3.222e-11
1.159e-11,1.2307e-11,7.6867e-12
9.419e-12,1.0439e-11,1.2776e-11
2.6207e-11,2.8498e-11,2.2272e-11
1.1505e-11,1.2849e-11,6.283e-12
1.0332e-11,1.1686e-11,9.2672e-12
1.3609e-11,1.2659e-11,1.04e-11
1.167e-11,9.9772e-12,1.0429e-11
8.9748e-12,2.2417e-11,2.3559e-11
1.0157e-11,1.8474e-11,1.9839e-11
4.3889e-11,5.2096e-11,3.4842e-11
4.4559e-11,4.895e-11,2.8767e-11
2.2502e-11,2.4057e-11,1.7847e-11
1.1575e-11,1.3107e-11,1.3606e-11
9.2475e-12,8.5079e-12,9.8729e-12
1.0363e-11,9.2973e-12,1.0006e-11
1.4371e-11,1.3872e-11,1.5842e-11
1.4742e-11,1.805e-11,2.0986e-11
2.4662e-11,2.1532e-11,1.9377e-11
1.6906e-11,1.8141e-11,2.205e-11
2.4363e-11,1.8914e-11,1.9339e-11
2.4279e-11,2.7626e-11,3.3271e-11
2.3189e-11,2.2785e-11,3.0972e-11
1.7204e-11,9.0612e-12,1.281e-11
1.9259e-11,1.37e-11,1.792e-11
2.5083e-11,1.2075e-11,2.0487e-11
3.0542e-11,1.6929e-11,2.3733e-11
2.7604e-11,1.6708e-11,2.5679e-11
4.305e-11,2.543e-11,3.4835e-11
3.4057e-11,1.6373e-11,3.0482e-11
3.7737e-11,1.6275e-11,3.2755e-11
2.8357e-11,1.1999e-11,2.2253e-11
3.0491e-11,1.3434e-11,2.4691e-11
3.8511e-11,1.578e-11,3.5858e-11
4.0726e-11,1.7131e-11,3.4483e-11
4.6503e-11,1.461e-11,3.3578e-11
1.4398e-11,1.6435e-11,8.6684e-12
1.1053e-11,1.102e-11,1.3534e-11
8.5712e-12,1.1096e-11,1.0729e-11
1.0717e-11,1.0247e-11,9.9218e-12
1.3021e-11,1.1665e-11,1.2796e-11
1.6426e-11,2.2195e-11,1.5269e-11
1.0365e-11,1.3154e-11,1.1143e-11
6.9947e-12,1.2054e-11,8.619e-12
2.0082e-11,2.3247e-11,1.5541e-11
1.2479e-11,1.1576e-11,1.0464e-11
5.6003e-11,6.9239e-11,4.0836e-11
1.3115e-11,1.2845e-11,9.6903e-12
9.4813e-12,1.3304e-11,1.685e-11
5.8711e-11,7.6511e-11,4.3758e-11
8.6144e-12,1.2949e-11,1.6385e-11
3.5258e-11,4.0204e-11,2.5164e-11
1.2221e-11,1.6189e-11,1.751e-11
1.1472e-11,1.2518e-11,1.4924e-11
1.9096e-11,1.5685e-11,1.17e-11
3.8477e-11,4.1077e-11,2.692e-11
2.728e-11,2.6788e-11,1.9407e-11
1.7812e-11,2.048e-11,2.2888e-11
1.2968e-11,1.3799e-11,1.4586e-11
1.1313e-11,1.078e-11,1.1955e-11
1.4605e-11,1.7739e-11,2.2359e-11
1.3732e-11,1.5137e-11,1.8028e-11
2.8836e-11,2.4567e-11,2.1304e-11
1.9785e-11,1.3496e-11,1.3839e-11
1.8261e-11,1.267e-11,1.2745e-11
1.4763e-11,1.5522e-11,1.8261e-11
1.3691e-11,1.2218e-11,1.5488e-11
2.0412e-11,2.4521e-11,2.9122e-11
1.8325e-11,1.0485e-11,1.3118e-11
2.3165e-11,2.6363e-11,3.1792e-11
1.5019e-11,1.1146e-11,1.3159e-11
3.7942e-11,2.82e-11,3.2271e-11
2.5758e-11,1.4815e-11,1.9694e-11
1.8076e-11,1.362e-11,1.6324e-11
2.2531e-11,1.3408e-11,1.8741e-11
2.058e-11,1.5026e-11,1.9122e-11
2.0225e-11,1.0569e-11,1.7218e-11
2.3283e-11,1.0521e-11,1.8796e-11
2.9254e-11,1.4946e-11,2.5675e-11
2.5956e-11,1.551e-11,2.3596e-11
3.9912e-11,2.0412e-11,3.2437e-11
3.575e-11,1.2518e-11,3.2548e-11
3.4276e-11,1.1266e-11,2.8563e-11
4.0394e-11,1.362e-11,3.7014e-11
4.3494e-11,1.7354e-11,3.4918e-11
1.5049e-11,2.0951e-11,1.1509e-11
2.323e-11,2.7881e-11,1.6671e-11
1.2444e-11,1.2026e-11,7.3853e-12
8.4163e-12,1.0017e-11,9.4388e-12
3.1881e-11,4.3087e-11,2.6589e-11
8.2741e-12,1.4654e-11,1.6879e-11
6.9318e-12,1.103e-11,1.1382e-11
9.3603e-12,1.0795e-11,8.4105e-12
1.9413e-11,2.3221e-11,1.4855e-11
5.5209e-11,6.2234e-11,3.7957e-11
2.7068e-11,2.9303e-11,2.2265e-11
1.6618e-11,1.7924e-11,1.2453e-11
4.1761e-11,4.5961e-11,3.0478e-11
1.1534e-11,1.1659e-11,1.2123e-11
1.0784e-11,8.6397e-12,9.7942e-12
3.827e-11,3.5817e-11,2.9003e-11
1.4297e-11,1.5958e-11,1.8612e-11
2.1005e-11,1.4598e-11,1.4491e-11
2.6587e-11,2.325e-11,2.0954e-11
2.5473e-11,2.7604e-11,3.3915e-11
4.167e-11,3.6706e-11,3.5794e-11
1.9039e-11,1.1384e-11,1.5178e-11
1.9522e-11,1.6026e-11,1.9483e-11
2.8656e-11,2.0945e-11,2.2601e-11
2.1415e-11,1.1918e-11,1.702e-11
1.6371e-11,8.653e-12,1.1733e-11
2.1512e-11,1.8452e-11,2.284e-11
2.5213e-11,2.134e-11,2.8298e-11
4.2911e-11,2.4368e-11,3.343e-11
2.4224e-11,1.1049e-11,2.0468e-11
3.5532e-11,1.5966e-11,3.1058e-11
3.0588e-11,1.4234e-11,2.5299e-11
4.3585e-11,1.9094e-11,3.7479e-11
4.8254e-11,2.1393e-11,3.9022e-11
3.6392e-11,1.6013e-11,3.0673e-11
1.5922e-11,2.1488e-11,1.181e-11
8.4186e-12,1.0442e-11,8.3617e-12
7.2877e-12,1.4143e-11,1.5694e-11
2.1407e-11,2.4491e-11,1.5628e-11
4.831e-11,6.3092e-11,3.7248e-11
9.492e-12,9.3711e-12,1.1295e-11
1.2423e-11,1.2973e-11,7.3634e-12
1.4431e-11,1.7763e-11,1.243e-11
1.0761e-11,1.3218e-11,6.7255e-12
1.163e-11,1.0271e-11,6.5278e-12
1.0858e-11,1.012e-11,8.5713e-12
9.4089e-12,2.3464e-11,2.4199e-11
1.1797e-11,1.0231e-11,7.9749e-12
1.5885e-11,1.7256e-11,1.1853e-11
3.5684e-11,3.9757e-11,2.4992e-11
1.513e-11,3.3697e-11,3.3574e-11
1.8464e-11,1.5627e-11,1.2226e-11
2.0367e-11,1.9452e-11,1.3916e-11
1.9437e-11,1.8075e-11,1.304e-11
1.5393e-11,2.2392e-11,2.2568e-11
4.5998e-11,4.9936e-11,3.5155e-11
2.7204e-11,2.7106e-11,1.9428e-11
1.2225e-11,1.0426e-11,1.019e-11
1.1888e-11,1.288e-11,1.5079e-11
1.4468e-11,1.3861e-11,1.5698e-11
2.6455e-11,1.9683e-11,2.0846e-11
1.9324e-11,1.1528e-11,1.2983e-11
2.2989e-11,2.6476e-11,3.1749e-11
1.396e-11,9.8127e-12,9.968e-12
3.492e-11,2.9604e-11,2.8404e-11
1.8767e-11,1.1031e-11,1.3758e-11
1.4816e-11,1.0305e-11,1.3875e-11
1.8722e-11,9.6295e-12,1.3402e-11
4.3647e-11,3.0669e-11,3.6036e-11
3.1529e-11,2.2041e-11,3.3989e-11
3.1732e-11,1.5484e-11,2.4298e-11
2.4152e-11,1.4335e-11,2.1308e-11
2.4594e-11,1.2667e-11,1.9327e-11
3.8082e-11,1.883e-11,3.1203e-11
2.7394e-11,1.1246e-11,2.1298e-11
3.2915e-11,1.9058e-11,2.6274e-11
4.5291e-11,2.2732e-11,3.6345e-11
4.5438e-11,1.983e-11,3.8767e-11
4.2215e-11,1.7678e-11,3.6943e-11
4.1075e-11,1.489e-11,3.65e-11
1.1432e-11,1.3276e-11,8.55e-12
6.5101e-12,9.8109e-12,1.1407e-11
1.2586e-11,1.6546e-11,9.994e-12
1.0327e-11,1.1352e-11,1.0538e-11
8.1129e-12,1.1473e-11,1.078e-11
1.1129e-11,1.2304e-11,4.9253e-12
1.5079e-11,1.998e-11,1.1709e-11
1.138e-11,1.3453e-11,1.1323e-11
1.0315e-11,1.2497e-11,1.2123e-11
7.8294e-12,1.3559e-11,1.345e-11
1.171e-11,1.1486e-11,8.5816e-12
1.1622e-11,1.1549e-11,6.4382e-12
4.1234e-11,4.5454e-11,3.2537e-11
6.6581e-12,1.1309e-11,1.0756e-11
1.0147e-11,1.1036e-11,9.5525e-12
5.7632e-11,6.6204e-11,4.089e-11
5.4362e-11,5.9233e-11,3.7628e-11
1.0902e-11,1.1154e-11,9.627e-12
1.3709e-11,1.3611e-11,9.1993e-12
1.9854e-11,2.3152e-11,1.4182e-11
1.7171e-11,1.9827e-11,1.2998e-11
1.3118e-11,2.8843e-11,2.9348e-11
2.5057e-11,2.7416e-11,1.9053e-11
1.494e-11,3.7756e-11,3.7117e-11
1.058e-11,1.9844e-11,2.0973e-11
1.5305e-11,3.8505e-11,3.6469e-11
1.9144e-11,1.7701e-11,1.279e-11
1.4043e-11,2.1899e-11,2.2255e-11
1.2661e-11,1.3405e-11,1.3461e-11
1.2202e-11,1.8707e-11,1.9097e-11
1.5194e-11,1.0132e-11,1.253e-11
3.0299e-11,3.3314e-11,2.3544e-11
1.5774e-11,9.3577e-12,1.1522e-11
1.856e-11,2.2219e-11,2.3245e-11
1.0623e-11,1.0029e-11,1.0393e-11
1.274e-11,1.2369e-11,1.4626e-11
1.207e-11,9.9157e-12,1.0831e-11
3.012e-11,2.4852e-11,2.369e-11
1.757e-11,1.2661e-11,1.6481e-11
1.462e-11,1.0798e-11,1.05e-11
2.2449e-11,2.1323e-11,2.6824e-11
2.5082e-11,1.3816e-11,1.8337e-11
3.4342e-11,2.2887e-11,2.809e-11
2.5966e-11,1.2661e-11,2.0244e-11
3.6471e-11,1.7902e-11,2.7687e-11
2.9261e-11,1.4067e-11,2.4638e-11
3.6896e-11,2.001e-11,3.0574e-11
3.2445e-11,1.5018e-11,2.7218e-11
3.9356e-11,1.6818e-11,3.4485e-11
4.0752e-11,1.604e-11,3.2611e-11
4.4022e-11,1.7404e-11,3.5366e-11
8.9846e-12,1.2234e-11,5.2324e-12
7.6137e-12,1.2943e-11,8.2515e-12
7.3449e-12,1.1571e-11,1.052e-11
6.9422e-12,1.3581e-11,1.3518e-11
5.9688e-12,1.0187e-11,9.1359e-12
7.8422e-12,2.1037e-11,2.2422e-11
8.9318e-12,9.1319e-12,9.8206e-12
2.2515e-11,2.5335e-11,1.7109e-11
1.2029e-11,1.2281e-11,8.3634e-12
4.6269e-11,4.4621e-11,2.7688e-11
1.4471e-11,2.8488e-11,2.8069e-11
1.4777e-11,1.0985e-11,1.0123e-11
1.5182e-11,9.271e-12,9.4271e-12
1.0895e-11,1.0327e-11,1.0693e-11
2.8301e-11,2.4837e-11,1.9334e-11
1.6953e-11,1.1817e-11,1.3481e-11
3.4979e-11,3.538e-11,2.7241e-11
2.9191e-11,2.4546e-11,2.0794e-11
1.9009e-11,1.0382e-11,1.3292e-11
2.1681e-11,1.609e-11,1.5182e-11
1.5385e-11,1.4417e-11,1.6685e-11
1.9685e-11,1.0588e-11,1.2308e-11
1.4735e-11,1.4259e-11,1.1072e-11
1.772e-11,9.5322e-12,1.1581e-11
2.0367e-11,1.1116e-11,1.4058e-11
1.8101e-11,9.6966e-12,1.2255e-11
3.266e-11,2.5905e-11,2.6609e-11
2.1457e-11,1.0704e-11,1.582e-11
2.6395e-11,2.2536e-11,2.9052e-11
3.8909e-11,2.4027e-11,3.0231e-11
4.4338e-11,2.7079e-11,3.5151e-11
2.8645e-11,1.299e-11,2.4514e-11
4.8618e-11,2.4695e-11,3.7284e-11
3.9271e-11,1.653e-11,3.3884e-11
3.6582e-11,1.4361e-11,3.0416e-11
4.1489e-11,1.816e-11,3.3653e-11
3.0138e-11,3.2853e-11,2.2567e-11
2.7345e-11,3.0137e-11,1.9701e-11
1.1396e-11,1.6687e-11,8.2947e-12
1.1243e-11,1.2008e-11,8.5881e-12
1.6033e-11,2.1063e-11,1.3252e-11
2.6013e-11,2.9201e-11,2.1241e-11
8.5293e-12,1.1992e-11,1.4243e-11
4.2711e-11,4.5079e-11,3.4635e-11
9.2213e-12,1.2218e-11,1.044e-11
7.2352e-12,8.8412e-12,9.3734e-12
1.216e-11,1.1681e-11,6.3652e-12
4.3578e-11,4.4362e-11,3.4593e-11
8.6649e-12,9.9248e-12,9.5412e-12
6.4971e-12,1.1993e-11,1.1028e-11
1.1754e-11,1.1304e-11,5.3598e-12
1.1177e-11,1.0825e-11,6.767e-12
7.3283e-12,9.3469e-12,8.518e-12
3.6059e-11,3.4516e-11,2.4906e-11
1.1322e-11,1.0789e-11,8.5213e-12
1.1698e-11,1.367e-11,7.9273e-12
1.4848e-11,3.4811e-11,3.4539e-11
5.3403e-11,5.3937e-11,3.5275e-11
1.3826e-11,2.4664e-11,2.4721e-11
1.2392e-11,1.7181e-11,1.6932e-11
2.239e-11,2.1462e-11,1.6273e-11
4.3987e-11,4.6589e-11,3.1171e-11
1.4377e-11,2.0631e-11,2.2635e-11
1.64e-11,1.2267e-11,9.5426e-12
1.2334e-11,9.2884e-12,1.1152e-11
1.1694e-11,1.032e-11,1.1765e-11
1.3002e-11,1.1497e-11,1.2956e-11
1.338e-11,1.1494e-11,1.2859e-11
1.8667e-11,2.1912e-11,2.4718e-11
1.9116e-11,1.0416e-11,1.2675e-11
1.5267e-11,1.1267e-11,9.8228e-12
1.593e-11,1.5527e-11,1.6986e-11
1.8867e-11,1.0169e-11,1.1989e-11
2.2038e-11,2.3718e-11,2.8296e-11
2.0454e-11,1.0855e-11,1.2639e-11
1.676e-11,9.5347e-12,1.0422e-11
1.5188e-11,1.2358e-11,1.1473e-11
1.9388e-11,1.7989e-11,2.0645e-11
1.9331e-11,1.2823e-11,1.3634e-11
1.8121e-11,9.4909e-12,1.2011e-11
2.9316e-11,2.3266e-11,3.1288e-11
2.2539e-11,1.2617e-11,1.7341e-11
2.5144e-11,1.5786e-11,2.2009e-11
2.5422e-11,1.7264e-11,2.3732e-11
2.2393e-11,1.3692e-11,1.9726e-11
2.8688e-11,1.493e-11,2.3167e-11
3.0592e-11,1.7251e-11,2.612e-11
3.0531e-11,1.3576e-11,2.459e-11
4.9201e-11,2.1264e-11,4.1286e-11
3.6149e-11,1.5871e-11,3.0145e-11
3.7681e-11,1.5673e-11,2.9309e-11
3.8276e-11,1.497e-11,3.3901e-11
1.5016e-11,2.2246e-11,1.2867e-11
1.1564e-11,1.4745e-11,5.9746e-12
7.6533e-12,1.0488e-11,6.4192e-12
6.8784e-12,1.0317e-11,1.0153e-11
2.9925e-11,3.2782e-11,2.3734e-11
7.8254e-12,2.1316e-11,2.2522e-11
1.2342e-11,1.5372e-11,1.1555e-11
1.2461e-11,1.2418e-11,1.1458e-11
1.018e-11,1.4777e-11,1.6376e-11
2.9327e-11,2.9641e-11,1.8923e-11
1.6232e-11,1.9763e-11,1.2107e-11
7.4776e-12,1.434e-11,1.3808e-11
7.3041e-12,8.7068e-12,7.8283e-12
1.0021e-11,1.2168e-11,1.588e-11
1.1067e-11,1.0953e-11,8.4993e-12
5.9322e-11,5.9889e-11,3.8103e-11
3.2787e-11,3.6475e-11,2.4636e-11
1.744e-11,1.4318e-11,1.1285e-11
1.0447e-11,1.1783e-11,1.1331e-11
1.2039e-11,2.0275e-11,2.2182e-11
1.0738e-11,1.2698e-11,1.236e-11
1.5578e-11,2.8063e-11,2.8622e-11
1.1249e-11,1.2435e-11,1.1817e-11
1.4868e-11,1.2098e-11,8.6334e-12
2.9356e-11,2.8949e-11,2.0387e-11
1.602e-11,1.1133e-11,9.168e-12
4.8527e-11,5.2085e-11,3.561e-11
3.0068e-11,2.9114e-11,2.1402e-11
1.6099e-11,1.4967e-11,1.5965e-11
2.1489e-11,1.1983e-11,1.4393e-11
4.4521e-11,3.7281e-11,3.3794e-11
1.7473e-11,1.281e-11,1.3128e-11
1.7603e-11,1.5572e-11,1.7595e-11
1.7922e-11,1.663e-11,1.8682e-11
1.7209e-11,1.5183e-11,1.8188e-11
2.2854e-11,2.3837e-11,2.8108e-11
1.4049e-11,1.047e-11,1.3534e-11
2.2629e-11,2.0109e-11,2.3712e-11
2.3928e-11,2.3772e-11,2.8981e-11
4.1212e-11,3.4657e-11,3.3259e-11
3.148e-11,1.9212e-11,2.252e-11
2.2238e-11,1.2961e-11,1.6287e-11
1.9449e-11,1.2459e-11,1.7348e-11
2.6648e-11,1.928e-11,2.6101e-11
4.496e-11,3.2012e-11,3.6977e-11
3.8597e-11,2.218e-11,2.8012e-11
3.1664e-11,2.309e-11,3.2588e-11
3.4781e-11,2.4456e-11,3.4511e-11
2.4305e-11,1.1658e-11,1.9041e-11
4.4425e-11,2.3172e-11,3.3214e-11
4.1956e-11,1.9844e-11,3.6937e-11
3.9991e-11,1.7743e-11,3.4336e-11
4.7325e-11,2.1038e-11,4.0238e-11
4.3272e-11,1.527e-11,3.8405e-11
1.5811e-11,2.3276e-11,1.3083e-11
9.2889e-12,1.2993e-11,1.3278e-11
7.8138e-12,1.0545e-11,1.2609e-11
5.1035e-11,5.5983e-11,3.8248e-11
1.2081e-11,1.139e-11,4.8591e-12
1.2005e-11,1.2258e-11,1.279e-11
8.2806e-12,1.2509e-11,9.2603e-12
1.0017e-11,1.0529e-11,6.8194e-12
8.2692e-12,9.5187e-12,9.1872e-12
1.3376e-11,1.3383e-11,6.8347e-12
1.4341e-11,1.4731e-11,8.9391e-12
5.585e-11,5.4251e-11,3.3799e-11
1.2232e-11,1.3393e-11,1.4584e-11
1.8012e-11,2.0228e-11,1.3836e-11
1.3167e-11,2.1755e-11,2.3309e-11
3.6267e-11,3.6849e-11,2.6068e-11
1.1297e-11,2.1631e-11,2.1815e-11
1.4405e-11,2.6046e-11,2.4971e-11
4.305e-11,4.3202e-11,2.8997e-11
1.6945e-11,2.9488e-11,3.0699e-11
1.9861e-11,1.6103e-11,1.2879e-11
1.9075e-11,2.9989e-11,3.206e-11
1.8639e-11,2.7293e-11,2.8492e-11
1.7855e-11,1.3628e-11,1.0802e-11
2.671e-11,2.1008e-11,1.8011e-11
3.0327e-11,2.6376e-11,2.0433e-11
1.4762e-11,1.5645e-11,1.5966e-11
1.7594e-11,1.9712e-11,2.1012e-11
3.6138e-11,3.5914e-11,2.6567e-11
1.681e-11,1.0929e-11,1.036e-11
1.5078e-11,1.071e-11,1.0983e-11
2.3333e-11,1.7699e-11,1.5438e-11
1.761e-11,1.2117e-11,1.1426e-11
4.7254e-11,4.4379e-11,3.6864e-11
1.9047e-11,1.0275e-11,1.136e-11
1.4563e-11,1.1885e-11,1.0284e-11
1.4809e-11,1.4492e-11,1.5195e-11
1.9982e-11,1.0415e-11,1.2892e-11
4.4316e-11,3.6292e-11,3.5394e-11
2.4592e-11,1.2584e-11,1.7427e-11
3.7013e-11,2.3808e-11,2.7766e-11
3.0415e-11,2.1621e-11,2.6745e-11
2.8689e-11,1.3996e-11,2.2016e-11
3.4408e-11,1.5951e-11,2.8174e-11
4.8452e-11,1.7523e-11,4.0414e-11
1.116e-11,1.4259e-11,6.7864e-12
3.2773e-11,3.4771e-11,2.4761e-11
9.8465e-12,1.1706e-11,7.0805e-12
9.1343e-12,1.3513e-11,8.4573e-12
1.8976e-11,2.6434e-11,1.327e-11
1.0193e-11,1.3948e-11,6.3652e-12
7.8239e-12,1.1878e-11,7.6553e-12
1.022e-11,1.5943e-11,1.077e-11
1.2876e-11,1.5168e-11,7.6179e-12
8.8208e-12,1.7558e-11,1.9392e-11
1.6889e-11,2.3391e-11,1.2042e-11
1.3753e-11,1.635e-11,8.7729e-12
1.3454e-11,1.5718e-11,8.8114e-12
5.027e-11,5.248e-11,3.7033e-11
1.7144e-11,2.1557e-11,1.5705e-11
1.0909e-11,1.3932e-11,1.1675e-11
1.169e-11,3.1556e-11,3.2854e-11
7.4959e-12,1.3015e-11,1.0538e-11
6.945e-12,1.2595e-11,1.0682e-11
9.8011e-12,1.4585e-11,1.3578e-11
1.1193e-11,1.9539e-11,1.9911e-11
1.8736e-11,2.2277e-11,1.3626e-11
1.2457e-11,2.2561e-11,2.3923e-11
1.561e-11,2.6129e-11,2.5006e-11
1.4947e-11,3.4077e-11,3.4917e-11
1.6064e-11,2.9255e-11,2.9905e-11
5.7655e-11,5.7817e-11,3.9154e-11
9.8944e-12,1.2476e-11,1.196e-11
1.4684e-11,9.595e-12,7.4416e-12
2.7488e-11,2.6802e-11,1.7675e-11
2.6397e-11,2.2962e-11,1.6405e-11
3.1483e-11,3.0824e-11,2.12e-11
2.1267e-11,1.7212e-11,1.4939e-11
1.2753e-11,1.3961e-11,1.4521e-11
2.3518e-11,1.782e-11,1.8059e-11
1.9142e-11,2.9784e-11,3.1548e-11
1.431e-11,1.703e-11,1.6985e-11
4.5808e-11,4.4712e-11,3.2953e-11
1.8316e-11,2.3533e-11,2.4848e-11
3.7585e-11,3.5934e-11,2.7185e-11
1.6381e-11,1.0132e-11,9.2949e-12
2.1164e-11,1.1796e-11,1.3412e-11
2.1003e-11,2.2163e-11,2.4712e-11
2.5248e-11,1.6313e-11,1.6972e-11
1.8446e-11,1.2669e-11,1.6984e-11
1.8286e-11,1.4573e-11,1.7774e-11
4.1187e-11,3.2426e-11,3.192e-11
3.0162e-11,2.4798e-11,3.1082e-11
4.1403e-11,3.1084e-11,3.2063e-11
3.5297e-11,2.332e-11,2.5911e-11
1.8733e-11,1.185e-11,1.5443e-11
3.6616e-11,2.4129e-11,2.7533e-11
2.4948e-11,1.2374e-11,1.6933e-11
4.5891e-11,3.253e-11,3.5537e-11
3.8826e-11,2.3038e-11,2.7739e-11
3.1458e-11,1.5239e-11,2.4255e-11
4.15e-11,2.5638e-11,3.0597e-11
3.1672e-11,1.622e-11,2.532e-11
2.854e-11,1.3605e-11,2.0159e-11
3.2346e-11,2.2995e-11,2.9981e-11
3.4722e-11,2.2599e-11,3.086e-11
2.7875e-11,1.5788e-11,2.2692e-11
2.9279e-11,1.5072e-11,2.3124e-11
3.6007e-11,1.7298e-11,2.801e-11
3.492e-11,1.5001e-11,2.7479e-11
4.7633e-11,1.8315e-11,4.1064e-11
2.2591e-11,2.8042e-11,1.534e-11
1.0417e-11,1.0074e-11,7.7446e-12
3.0137e-11,3.2739e-11,2.2465e-11
1.0982e-11,1.0916e-11,6.6582e-12
9.8448e-12,1.1957e-11,1.1482e-11
8.3274e-12,1.2224e-11,8.1497e-12
8.5605e-12,1.6993e-11,1.8474e-11
9.1519e-12,1.2118e-11,5.2878e-12
9.1376e-12,1.1774e-11,9.6371e-12
2.2605e-11,2.7309e-11,1.5784e-11
1.2044e-11,3.2739e-11,3.3548e-11
2.126e-11,2.6698e-11,1.4903e-11
7.3958e-12,1.0647e-11,1.0638e-11
1.0217e-11,1.1728e-11,1.2588e-11
1.3879e-11,1.5837e-11,8.2684e-12
1.1602e-11,1.2397e-11,1.0477e-11
6.9488e-12,9.4848e-12,8.6959e-12
1.3621e-11,3.4649e-11,3.6053e-11
1.1054e-11,9.387e-12,5.5618e-12
1.2904e-11,1.2561e-11,6.8368e-12
1.0326e-11,1.1069e-11,8.5095e-12
1.0142e-11,1.0221e-11,8.0221e-12
1.2704e-11,1.9059e-11,1.9202e-11
1.4592e-11,3.3949e-11,3.4559e-11
2.1239e-11,2.3249e-11,1.4847e-11
1.7315e-11,3.4419e-11,3.3559e-11
2.6751e-11,2.582e-11,1.6622e-11
1.2519e-11,2.155e-11,2.1187e-11
1.4871e-11,1.833e-11,1.8075e-11
1.5953e-11,2.5368e-11,2.5058e-11
1.6857e-11,2.3603e-11,2.4315e-11
1.1886e-11,9.3712e-12,1.0971e-11
1.5529e-11,9.8667e-12,1.0195e-11
2.5875e-11,1.9106e-11,1.6838e-11
5.1308e-11,5.0934e-11,3.6929e-11
4.4115e-11,4.3055e-11,3.2015e-11
3.0795e-11,2.3421e-11,2.1119e-11
1.3958e-11,1.2671e-11,1.4968e-11
2.6727e-11,1.6128e-11,1.757e-11
1.8729e-11,1.0733e-11,1.1481e-11
2.5325e-11,1.3059e-11,1.845e-11
2.612e-11,2.2477e-11,2.8183e-11
3.5996e-11,2.5271e-11,2.7613e-11
3.542e-11,1.96e-11,2.3834e-11
3.0002e-11,1.4698e-11,2.0995e-11
3.5531e-11,2.0324e-11,2.9434e-11
3.4108e-11,1.9566e-11,2.8186e-11
3.3452e-11,1.5004e-11,2.8039e-11
3.6327e-11,2.2083e-11,3.1738e-11
3.9596e-11,1.7367e-11,3.0978e-11
1.8736e-11,2.6696e-11,1.2607e-11
1.3368e-11,1.6984e-11,1.0417e-11
9.668e-12,1.1329e-11,4.8371e-12
1.4871e-11,1.8962e-11,8.9009e-12
9.9046e-12,1.2616e-11,1.026e-11
9.0282e-12,1.1234e-11,5.2318e-12
1.2266e-11,1.1905e-11,1.3564e-11
2.8956e-11,3.2827e-11,2.1439e-11
7.9341e-12,1.1306e-11,8.4802e-12
7.7051e-12,1.3335e-11,1.2008e-11
1.0635e-11,1.1771e-11,1.2446e-11
3.1047e-11,3.3299e-11,2.2129e-11
1.3416e-11,1.5459e-11,8.2466e-12
4.1867e-11,3.9494e-11,2.6831e-11
1.3598e-11,1.53e-11,7.7555e-12
1.0801e-11,1.9917e-11,1.9936e-11
1.1483e-11,1.0553e-11,6.2483e-12
4.1438e-11,4.3083e-11,3.187e-11
9.2896e-12,1.2161e-11,1.1782e-11
1.6765e-11,2.131e-11,2.2083e-11
9.3561e-12,1.2782e-11,1.258e-11
9.3834e-12,1.2442e-11,1.2564e-11
9.7616e-12,1.2894e-11,1.246e-11
1.5826e-11,1.8829e-11,1.8063e-11
3.9208e-11,3.7337e-11,2.3776e-11
1.0049e-11,1.1715e-11,1.1602e-11
1.673e-11,2.1954e-11,2.2292e-11
5.095e-11,4.9952e-11,3.521e-11
2.7364e-11,2.0728e-11,1.7248e-11
1.6522e-11,1.1754e-11,8.8144e-12
1.9745e-11,1.1721e-11,1.1241e-11
1.5463e-11,1.2331e-11,1.0907e-11
2.4514e-11,2.8669e-11,2.985e-11
1.8519e-11,1.0871e-11,1.1609e-11
2.0613e-11,2.3184e-11,2.3828e-11
1.5014e-11,1.1332e-11,1.0566e-11
2.066e-11,1.2355e-11,1.5034e-11
1.7361e-11,1.3577e-11,1.652e-11
1.8654e-11,1.1904e-11,1.1707e-11
2.0357e-11,1.2259e-11,1.6406e-11
2.2882e-11,1.1935e-11,1.7006e-11
3.4176e-11,2.4947e-11,3.2203e-11
3.9878e-11,2.0557e-11,2.812e-11
4.2701e-11,1.7774e-11,3.6481e-11
2.2281e-11,3.1707e-11,1.5257e-11
1.1664e-11,1.3512e-11,1.3144e-11
2.5294e-11,3.3347e-11,1.8533e-11
1.1153e-11,1.2466e-11,8.9338e-12
8.7602e-12,1.3281e-11,7.9092e-12
9.588e-12,1.1786e-11,1.1822e-11
7.7214e-12,1.3685e-11,1.2953e-11
1.0988e-11,1.1524e-11,6.8642e-12
9.4353e-12,1.3033e-11,9.3656e-12
1.8465e-11,2.4169e-11,1.4422e-11
1.3844e-11,1.4602e-11,6.2524e-12
1.2208e-11,1.0692e-11,9.3165e-12
1.277e-11,2.5148e-11,2.5198e-11
1.1133e-11,2.223e-11,2.2731e-11
8.8678e-12,1.3118e-11,1.3717e-11
2.8976e-11,3.2434e-11,1.8997e-11
1.5931e-11,3.6071e-11,3.5043e-11
1.5527e-11,3.0406e-11,2.9993e-11
9.2278e-12,1.158e-11,1.1448e-11
1.334e-11,1.5827e-11,1.5289e-11
1.2865e-11,2.0102e-11,1.9234e-11
1.0452e-11,1.1664e-11,1.2395e-11
1.7249e-11,3.1277e-11,3.0742e-11
1.5173e-11,1.0453e-11,8.8505e-12
1.4125e-11,1.7898e-11,1.7408e-11
2.1044e-11,1.3739e-11,1.2602e-11
1.6209e-11,1.35e-11,9.7026e-12
4.8601e-11,4.2762e-11,3.3566e-11
1.7002e-11,1.1309e-11,1.152e-11
2.9863e-11,2.1215e-11,2.0961e-11
2.7482e-11,2.7944e-11,3.1877e-11
2.5361e-11,1.3487e-11,1.5897e-11
1.8892e-11,1.5768e-11,1.8538e-11
2.4083e-11,2.0853e-11,2.5107e-11
3.8742e-11,2.6805e-11,2.9128e-11
3.1344e-11,1.7253e-11,2.0721e-11
2.1036e-11,1.4108e-11,1.8998e-11
2.3448e-11,1.7701e-11,2.2395e-11
3.3291e-11,2.1279e-11,2.8531e-11
3.6137e-11,2.3347e-11,3.1725e-11
3.0406e-11,1.6961e-11,2.4664e-11
5.0813e-11,2.3753e-11,3.9148e-11
3.5341e-11,1.6088e-11,2.7961e-11
1.4653e-11,1.865e-11,1.3322e-11
1.3311e-11,1.6499e-11,1.0224e-11
8.613e-12,1.0409e-11,6.184e-12
1.0708e-11,1.0029e-11,5.5928e-12
2.6242e-11,3.4219e-11,1.9777e-11
9.1302e-12,1.2428e-11,1.0887e-11
9.2532e-12,1.0778e-11,6.9659e-12
1.0766e-11,1.0717e-11,3.9486e-12
9.0884e-12,1.1059e-11,1.177e-11
5.3087e-11,4.6289e-11,3.887e-11
2.881e-11,3.4796e-11,2.0694e-11
8.242e-12,1.1179e-11,6.7012e-12
9.6293e-12,1.6409e-11,1.6274e-11
2.4268e-11,3.1003e-11,1.8183e-11
7.9513e-12,1.0427e-11,9.5238e-12
1.4168e-11,3.6867e-11,3.8215e-11
1.1717e-11,1.0385e-11,8.417e-12
1.4314e-11,3.0454e-11,2.969e-11
1.3755e-11,2.0288e-11,2.0555e-11
1.1821e-11,1.2975e-11,1.2254e-11
2.0203e-11,1.6539e-11,1.282e-11
1.0441e-11,1.0557e-11,1.0262e-11
1.4968e-11,1.632e-11,1.628e-11
1.5176e-11,1.1352e-11,8.2237e-12
1.1361e-11,1.1997e-11,1.2621e-11
1.8828e-11,1.2224e-11,1.0008e-11
1.9448e-11,1.2405e-11,1.1256e-11
2.0189e-11,1.3203e-11,1.2532e-11
1.2592e-11,1.0737e-11,1.0551e-11
1.1232e-11,1.1252e-11,1.0954e-11
1.794e-11,2.1438e-11,2.1153e-11
1.9841e-11,2.5255e-11,2.6701e-11
2.0084e-11,1.3346e-11,1.1642e-11
2.0367e-11,2.4019e-11,2.594e-11
5.0428e-11,4.6243e-11,3.5478e-11
2.5945e-11,3.0244e-11,3.1676e-11
2.3684e-11,1.409e-11,1.672e-11
2.2446e-11,2.4403e-11,2.6361e-11
1.45e-11,1.2851e-11,1.4258e-11
1.7019e-11,1.1489e-11,1.3512e-11
2.4572e-11,1.3299e-11,1.5876e-11
2.8039e-11,2.5687e-11,3.036e-11
3.0763e-11,1.5137e-11,2.0851e-11
3.0591e-11,1.5024e-11,2.2465e-11
4.0366e-11,2.1161e-11,2.7784e-11
2.9076e-11,1.9978e-11,2.4728e-11
3.4944e-11,2.3268e-11,3.1463e-11
4.8654e-11,2.5518e-11,3.4149e-11
4.2203e-11,1.9925e-11,3.0286e-11
3.6132e-11,1.8388e-11,2.81e-11
4.6525e-11,2.0759e-11,3.9168e-11
4.0902e-11,2.0601e-11,3.1946e-11
1.2554e-11,1.3357e-11,6.6618e-12
7.7067e-12,1.044e-11,7.2522e-12
9.5599e-12,1.529e-11,1.4343e-11
1.1855e-11,3.25e-11,3.2243e-11
1.2742e-11,3.4943e-11,3.5124e-11
8.9043e-12,1.1246e-11,1.1229e-11
9.4337e-12,1.1323e-11,7.8615e-12
8.9415e-12,1.3507e-11,1.3637e-11
8.3058e-12,1.2049e-11,8.3187e-12
7.8863e-12,1.0507e-11,9.5798e-12
1.1434e-11,1.276e-11,1.2407e-11
1.9009e-11,1.615e-11,1.1304e-11
1.0506e-11,1.1687e-11,1.0882e-11
1.03e-11,1.1445e-11,1.1847e-11
9.8037e-12,1.0578e-11,1.0728e-11
1.8262e-11,1.1761e-11,9.4568e-12
1.3302e-11,1.4815e-11,1.472e-11
1.5889e-11,1.8703e-11,1.839e-11
1.2093e-11,1.1947e-11,1.2072e-11
2.5357e-11,2.0013e-11,2.026e-11
2.3699e-11,1.7498e-11,1.483e-11
2.4833e-11,1.8358e-11,1.6338e-11
1.762e-11,1.8412e-11,1.8677e-11
3.7813e-11,3.2201e-11,2.4908e-11
3.3398e-11,2.5595e-11,2.2403e-11
2.5106e-11,2.7063e-11,2.9221e-11
3.0717e-11,2.1896e-11,2.1054e-11
2.6553e-11,1.5386e-11,1.8563e-11
3.8211e-11,2.0525e-11,2.5826e-11
3.2831e-11,2.5217e-11,3.0448e-11
4.0491e-11,2.1801e-11,2.7363e-11
2.8033e-11,1.7159e-11,2.3253e-11
3.3456e-11,2.3229e-11,2.9356e-11
3.7418e-11,2.9457e-11,3.387e-11
4.1447e-11,2.0626e-11,2.9141e-11
4.9314e-11,2.4113e-11,3.6747e-11
4.8851e-11,2.1431e-11,4.0013e-11
2.1407e-11,3.4756e-11,1.463e-11
1.8246e-11,2.59e-11,1.0655e-11
1.1616e-11,1.0993e-11,6.4458e-12
1.2395e-11,1.4028e-11,9.0703e-12
1.08e-11,1.1403e-11,4.2038e-12
8.5632e-12,1.1632e-11,7.9731e-12
8.9731e-12,1.0937e-11,1.1823e-11
9.6516e-12,1.3039e-11,1.3754e-11
9.37e-12,1.5423e-11,1.441e-11
4.8566e-11,4.4447e-11,3.5405e-11
1.4277e-11,1.6629e-11,7.7993e-12
9.9788e-12,1.1288e-11,1.0227e-11
1.1099e-11,2.4624e-11,2.5462e-11
1.7324e-11,2.2913e-11,1.4049e-11
8.5056e-12,1.1175e-11,6.0719e-12
1.7238e-11,2.031e-11,9.3689e-12
1.3203e-11,1.2688e-11,6.7073e-12
1.1955e-11,9.6365e-12,8.7713e-12
1.2665e-11,3.0078e-11,3.0034e-11
2.8948e-11,3.5103e-11,1.9756e-11
1.9585e-11,1.547e-11,1.1854e-11
1.0013e-11,1.0702e-11,1.0103e-11
2.3126e-11,1.9748e-11,1.3146e-11
2.018e-11,3.2595e-11,3.3957e-11
2.1617e-11,3.151e-11,3.2427e-11
1.7748e-11,1.1374e-11,8.9184e-12
1.7842e-11,2.0298e-11,2.0221e-11
1.2149e-11,1.2816e-11,1.2819e-11
2.1716e-11,2.7633e-11,2.9259e-11
1.9262e-11,1.2203e-11,1.2764e-11
2.3027e-11,2.6322e-11,2.739e-11
1.4273e-11,1.1984e-11,1.3508e-11
2.3168e-11,2.3841e-11,2.5477e-11
4.7194e-11,3.9916e-11,3.3127e-11
2.1239e-11,1.3991e-11,1.3085e-11
2.6559e-11,1.8518e-11,2.3618e-11
3.4583e-11,2.3769e-11,2.891e-11
3.6286e-11,1.9571e-11,2.645e-11
4.9871e-11,2.5851e-11,3.5422e-11
4.45e-11,2.168e-11,3.2437e-11
4.1643e-11,1.9009e-11,3.2031e-11
4.8066e-11,2.332e-11,3.7965e-11
3.8929e-11,1.7914e-11,3.0731e-11
4.0537e-11,1.9208e-11,3.2903e-11
1.1649e-11,1.3499e-11,5.7285e-12
2.7283e-11,4.2341e-11,1.9496e-11
9.5815e-12,1.1486e-11,9.4104e-12
9.0808e-12,1.1675e-11,7.5404e-12
1.1885e-11,1.409e-11,1.4665e-11
1.1581e-11,1.0471e-11,9.2338e-12
2.8014e-11,3.7065e-11,2.0376e-11
9.3729e-12,1.2627e-11,1.191e-11
1.6329e-11,1.9748e-11,8.5413e-12
8.7785e-12,1.0569e-11,8.9686e-12
1.1472e-11,1.378e-11,1.1721e-11
8.8118e-12,1.2614e-11,9.374e-12
9.566e-12,1.1403e-11,6.5782e-12
1.0931e-11,1.3004e-11,9.5651e-12
1.175e-11,1.1107e-11,4.7993e-12
3.1146e-11,3.5252e-11,2.2136e-11
1.0185e-11,1.2098e-11,1.2943e-11
1.2379e-11,1.5794e-11,1.5396e-11
1.7596e-11,3.0854e-11,3.0747e-11
1.723e-11,1.2635e-11,7.9611e-12
1.5824e-11,2.3888e-11,2.2724e-11
3.232e-11,2.9934e-11,1.9091e-11
2.422e-11,1.8272e-11,1.7205e-11
1.1536e-11,1.0762e-11,1.0532e-11
2.3445e-11,1.6547e-11,1.3229e-11
1.4554e-11,1.3095e-11,1.3361e-11
1.9268e-11,1.2423e-11,1.2809e-11
1.7799e-11,1.1554e-11,9.5988e-12
1.7006e-11,1.2452e-11,1.0434e-11
2.5253e-11,2.7092e-11,2.824e-11
2.6125e-11,1.5221e-11,1.8013e-11
3.5768e-11,2.6303e-11,2.4427e-11
2.5327e-11,2.4897e-11,2.8457e-11
3.5745e-11,1.847e-11,2.385e-11
2.7157e-11,1.461e-11,1.7867e-11
3.3269e-11,2.2802e-11,2.8763e-11
3.3081e-11,2.2207e-11,2.6617e-11
3.2029e-11,1.9782e-11,2.6239e-11
2.9325e-11,1.6887e-11,2.3458e-11
4.2353e-11,2.1801e-11,3.1249e-11
3.6854e-11,1.8627e-11,2.9018e-11
3.8991e-11,1.921e-11,3.0439e-11
3.8315e-11,2.0974e-11,3.2266e-11
4.809e-11,2.33e-11,3.8455e-11
2.711e-11,4.3733e-11,1.9235e-11
1.5939e-11,1.8115e-11,6.7253e-12
1.2171e-11,1.4144e-11,4.1329e-12
1.2211e-11,1.3835e-11,6.5732e-12
8.6281e-12,1.1242e-11,8.4064e-12
9.182e-12,1.3306e-11,1.2936e-11
9.3618e-12,1.6697e-11,1.5261e-11
9.741e-12,1.7636e-11,1.7265e-11
3.9336e-11,4.4316e-11,3.034e-11
8.5143e-12,1.11e-11,6.3388e-12
7.113e-12,1.0451e-11,8.0592e-12
1.4273e-11,1.5348e-11,9.0269e-12
1.6349e-11,1.8074e-11,8.1186e-12
1.3502e-11,3.5177e-11,3.4972e-11
8.276e-12,1.1244e-11,6.8514e-12
2.0719e-11,2.9407e-11,1.2745e-11
1.1075e-11,1.1613e-11,8.811e-12
6.2506e-11,5.3731e-11,4.6475e-11
4.1862e-11,4.2223e-11,2.7859e-11
1.0818e-11,1.1936e-11,1.0715e-11
1.3666e-11,1.9743e-11,1.9405e-11
1.3407e-11,1.4346e-11,1.429e-11
5.3827e-11,5.424e-11,3.7519e-11
4.8709e-11,4.4201e-11,3.0236e-11
3.7975e-11,3.1919e-11,2.2238e-11
2.0324e-11,1.3581e-11,1.3497e-11
1.1617e-11,1.236e-11,1.189e-11
2.3335e-11,1.7586e-11,1.3251e-11
1.4762e-11,1.7214e-11,1.6812e-11
1.5088e-11,1.1919e-11,9.2452e-12
4.1161e-11,3.5367e-11,2.6734e-11
1.3339e-11,1.2019e-11,1.12e-11
2.7331e-11,2.0323e-11,1.6795e-11
1.4891e-11,1.3284e-11,1.4522e-11
2.2965e-11,1.4951e-11,1.5802e-11
2.6738e-11,1.7631e-11,1.6615e-11
1.9467e-11,1.9105e-11,2.0321e-11
2.0941e-11,1.2273e-11,1.3084e-11
2.19e-11,1.926e-11,2.1169e-11
2.5791e-11,2.6067e-11,2.818e-11
1.6589e-11,1.307e-11,1.5237e-11
2.4018e-11,1.7015e-11,2.0851e-11
2.1544e-11,1.3018e-11,1.4687e-11
3.2598e-11,2.6054e-11,3.2238e-11
4.0734e-11,2.1457e-11,2.8784e-11
3.4196e-11,1.8684e-11,2.2377e-11
3.2677e-11,2.1728e-11,2.8993e-11
3.4019e-11,2.3318e-11,2.8356e-11
4.4326e-11,2.1622e-11,3.1564e-11
4.8691e-11,2.3949e-11,3.6313e-11
4.2559e-11,2.0922e-11,3.2697e-11
2.0766e-11,3.2808e-11,1.4055e-11
8.9985e-12,1.3058e-11,1.0618e-11
1.0326e-11,1.0513e-11,4.8091e-12
1.1855e-11,1.2082e-11,6.8942e-12
2.3316e-11,3.3484e-11,1.5351e-11
1.2406e-11,2.1131e-11,2.2221e-11
1.1569e-11,1.2615e-11,1.0912e-11
9.0918e-12,1.2585e-11,1.1097e-11
8.735e-12,1.1546e-11,8.8616e-12
1.3286e-11,1.2952e-11,6.9821e-12
8.0851e-12,1.0816e-11,7.1635e-12
9.7077e-12,1.0971e-11,6.835e-12
8.7055e-12,1.1121e-11,8.2121e-12
9.0798e-12,1.3021e-11,1.2519e-11
1.657e-11,1.9587e-11,8.3385e-12
8.6977e-12,1.2074e-11,1.0144e-11
1.6304e-11,2.9893e-11,2.9601e-11
9.1905e-12,1.1773e-11,1.0576e-11
1.0765e-11,9.6258e-12,4.8389e-12
5.7523e-11,5.428e-11,4.0475e-11
1.3047e-11,1.9925e-11,1.926e-11
1.0638e-11,1.1883e-11,1.0757e-11
4.6227e-11,4.6396e-11,3.1969e-11
3.2234e-11,2.9889e-11,1.9393e-11
1.5675e-11,1.2607e-11,7.6176e-12
2.1984e-11,3.1763e-11,3.1352e-11
3.1474e-11,2.3077e-11,1.8694e-11
1.8027e-11,1.3144e-11,1.1211e-11
1.3074e-11,1.219e-11,1.1164e-11
1.71e-11,1.2862e-11,9.5323e-12
2.0018e-11,2.07e-11,2.1177e-11
2.297e-11,1.408e-11,1.1664e-11
2.6368e-11,1.7664e-11,1.6172e-11
1.6797e-11,1.6788e-11,1.6944e-11
1.5532e-11,1.2165e-11,1.3713e-11
1.7945e-11,1.6708e-11,1.7379e-11
1.6265e-11,1.4471e-11,1.4408e-11
2.5132e-11,1.3393e-11,1.3892e-11
2.3593e-11,1.3693e-11,1.3178e-11
2.3594e-11,1.382e-11,1.4891e-11
2.3127e-11,1.3734e-11,1.5389e-11
2.7714e-11,1.6059e-11,1.9799e-11
3.2409e-11,1.6793e-11,2.2576e-11
3.7801e-11,2.1e-11,3.067e-11
3.9368e-11,1.9875e-11,3.1971e-11
4.1981e-11,2.2615e-11,3.4949e-11
1.1872e-11,1.262e-11,6.4933e-12
8.4039e-12,1.1581e-11,8.0765e-12
2.5521e-11,3.8556e-11,1.6221e-11
4.7204e-11,4.9664e-11,3.4733e-11
1.0302e-11,1.076e-11,7.8797e-12
1.0601e-11,1.1036e-11,1.0733e-11
2.9665e-11,3.9592e-11,2.1203e-11
1.3925e-11,1.4889e-11,9.9285e-12
8.6046e-12,1.0118e-11,8.6598e-12
1.0206e-11,1.0941e-11,7.7283e-12
8.7536e-12,1.0541e-11,8.7741e-12
2.2155e-11,2.9224e-11,1.4756e-11
1.2131e-11,1.8834e-11,1.755e-11
1.5747e-11,2.6706e-11,2.6326e-11
1.272e-11,2.0481e-11,1.939e-11
1.2642e-11,1.1576e-11,9.9301e-12
6.1826e-11,5.9714e-11,4.5398e-11
1.5071e-11,1.1843e-11,7.4159e-12
1.8699e-11,2.4869e-11,2.5014e-11
4.7342e-11,4.1333e-11,2.7864e-11
4.6826e-11,3.5362e-11,2.7087e-11
1.5359e-11,1.2192e-11,9.4482e-12
1.5136e-11,1.2572e-11,1.2743e-11
1.617e-11,1.4924e-11,1.5476e-11
4.9267e-11,4.1056e-11,3.1603e-11
2.8916e-11,1.9976e-11,1.839e-11
2.2774e-11,1.388e-11,1.2085e-11
2.1198e-11,2.2869e-11,2.3175e-11
4.7184e-11,3.7926e-11,3.1603e-11
1.8553e-11,1.4657e-11,1.7339e-11
4.2882e-11,3.1539e-11,2.9931e-11
2.6623e-11,1.5523e-11,1.5576e-11
2.3547e-11,1.3977e-11,1.5047e-11
2.8258e-11,1.5425e-11,1.6717e-11
4.2129e-11,2.786e-11,2.8662e-11
4.1818e-11,2.5588e-11,2.704e-11
3.5036e-11,1.8541e-11,2.224e-11
3.4797e-11,2.2603e-11,3.0457e-11
3.9929e-11,2.0263e-11,3.0726e-11
3.8975e-11,2.2959e-11,3.2502e-11
8.533e-12,1.143e-11,6.6435e-12
8.1567e-12,1.1272e-11,6.5058e-12
7.7752e-12,1.0758e-11,7.0644e-12
1.0905e-11,1.1345e-11,8.114e-12
2.9327e-11,4.5601e-11,2.0031e-11
1.5464e-11,1.5053e-11,5.6272e-12
9.714e-12,1.0918e-11,9.9723e-12
5.286e-11,5.252e-11,4.0558e-11
1.2749e-11,2.1542e-11,2.0419e-11
9.9892e-12,1.017e-11,4.7182e-12
9.4273e-12,1.2572e-11,8.3547e-12
1.1926e-11,1.8201e-11,1.9022e-11
9.4018e-12,1.2453e-11,7.162e-12
1.0885e-11,1.1007e-11,6.5112e-12
1.2141e-11,1.7883e-11,1.8264e-11
2.8296e-11,3.1507e-11,1.7931e-11
2.0715e-11,1.8079e-11,1.3799e-11
5.8163e-11,5.7043e-11,4.2823e-11
1.8206e-11,3.2729e-11,3.1254e-11
2.3404e-11,1.8517e-11,1.2919e-11
1.5437e-11,1.1389e-11,9.7523e-12
1.0284e-11,1.1513e-11,1.1282e-11
2.6742e-11,2.1224e-11,1.4581e-11
1.4449e-11,1.652e-11,1.6054e-11
2.7455e-11,1.8499e-11,1.4749e-11
1.5666e-11,1.2026e-11,9.1586e-12
1.9214e-11,2.1766e-11,2.0797e-11
2.0014e-11,2.2554e-11,2.2367e-11
3.9843e-11,3.1414e-11,2.5778e-11
3.789e-11,2.9611e-11,2.3548e-11
2.4541e-11,2.6841e-11,2.8039e-11
2.7111e-11,2.843e-11,3.0033e-11
1.7875e-11,1.3917e-11,1.6206e-11
2.0414e-11,1.6322e-11,1.7222e-11
2.4824e-11,2.0554e-11,2.3234e-11
2.8973e-11,1.6335e-11,1.6768e-11
3.4024e-11,1.7414e-11,1.9612e-11
2.9775e-11,1.6893e-11,1.7261e-11
4.0268e-11,2.2367e-11,2.4951e-11
2.5136e-11,1.4902e-11,1.6799e-11
3.5846e-11,1.7765e-11,2.1822e-11
3.5589e-11,2.8236e-11,3.357e-11
3.3786e-11,2.2269e-11,2.7692e-11
3.3187e-11,1.7295e-11,2.2105e-11
3.9827e-11,2.2385e-11,3.2713e-11
4.2039e-11,2.211e-11,3.3311e-11
4.786e-11,2.4708e-11,3.5987e-11
2.444e-11,4.1643e-11,1.6704e-11
1.2938e-11,1.3023e-11,7.4873e-12
8.6792e-12,1.1795e-11,6.7375e-12
1.7394e-11,2.1423e-11,1.0377e-11
1.0274e-11,1.0614e-11,1.2e-11
1.0762e-11,1.5256e-11,1.3841e-11
9.5673e-12,1.2728e-11,9.0215e-12
1.5396e-11,3.7266e-11,3.6637e-11
8.7389e-12,1.0178e-11,4.74e-12
1.4806e-11,1.6144e-11,9.2604e-12
1.0707e-11,1.4283e-11,1.3482e-11
1.1071e-11,9.5097e-12,5.7163e-12
1.0654e-11,1.4029e-11,1.2087e-11
9.8548e-12,1.1657e-11,9.8697e-12
1.6003e-11,2.5677e-11,2.411e-11
4.0744e-11,4.8346e-11,2.9913e-11
2.0702e-11,2.438e-11,1.3743e-11
1.4344e-11,1.664e-11,7.6194e-12
1.5525e-11,2.7387e-11,2.5907e-11
2.3047e-11,2.0713e-11,1.2148e-11
1.1462e-11,1.4712e-11,1.2693e-11
1.6353e-11,1.195e-11,9.317e-12
1.5369e-11,2.051e-11,1.8662e-11
5.3089e-11,5.0301e-11,3.4344e-11
2.0717e-11,1.4462e-11,1.4199e-11
1.74e-11,1.1646e-11,8.2513e-12
2.6584e-11,1.9844e-11,1.4847e-11
2.1448e-11,1.3647e-11,1.1741e-11
1.5753e-11,1.4677e-11,1.4174e-11
1.7419e-11,1.5553e-11,1.6119e-11
3.2941e-11,2.3026e-11,2.0605e-11
2.327e-11,1.4925e-11,1.5179e-11
4.4232e-11,3.106e-11,3.0227e-11
2.3443e-11,1.7483e-11,1.9988e-11
4.2652e-11,2.1237e-11,2.792e-11
3.8398e-11,2.1334e-11,2.4948e-11
3.4717e-11,2.0506e-11,2.7269e-11
4.8681e-11,2.4363e-11,3.3891e-11
3.7967e-11,2.065e-11,2.8587e-11
1.8577e-11,2.4555e-11,1.0201e-11
9.951e-12,1.2724e-11,9.6998e-12
2.2406e-11,3.2061e-11,1.354e-11
1.0665e-11,1.0863e-11,1.0697e-11
1.4473e-11,1.3542e-11,9.0474e-12
2.6494e-11,3.8821e-11,1.762e-11
1.9566e-11,2.3804e-11,1.4287e-11
1.1741e-11,9.9854e-12,5.8437e-12
1.3553e-11,1.9011e-11,1.8086e-11
1.4403e-11,1.6095e-11,1.6343e-11
1.7876e-11,2.2648e-11,2.104e-11
1.8169e-11,2.2653e-11,2.2226e-11
1.5129e-11,1.9151e-11,1.8063e-11
2.9705e-11,2.4692e-11,1.6601e-11
1.5662e-11,1.1965e-11,9.3569e-12
1.7259e-11,1.1575e-11,8.0609e-12
1.7614e-11,1.3531e-11,1.0502e-11
2.0158e-11,1.2542e-11,1.056e-11
2.2329e-11,1.5455e-11,1.1846e-11
1.618e-11,1.2847e-11,9.6506e-12
1.8473e-11,1.8471e-11,1.7999e-11
2.3984e-11,1.4574e-11,1.3455e-11
1.9788e-11,1.8571e-11,1.9509e-11
4.9307e-11,4.0026e-11,3.1381e-11
4.6779e-11,3.7288e-11,3.0126e-11
1.874e-11,1.5827e-11,1.415e-11
2.2521e-11,1.4861e-11,1.2705e-11
2.1976e-11,1.3506e-11,1.2215e-11
2.3206e-11,1.5121e-11,1.2902e-11
3.2001e-11,1.9539e-11,1.9247e-11
4.7065e-11,3.5227e-11,3.1593e-11
3.03e-11,2.7882e-11,3.0859e-11
4.477e-11,3.1879e-11,2.9952e-11
4.287e-11,2.6113e-11,2.7286e-11
3.0493e-11,2.4712e-11,2.7533e-11
5.187e-11,2.5697e-11,3.6343e-11
4.0948e-11,2.2057e-11,3.4151e-11
2.368e-11,3.4192e-11,1.4568e-11
1.8503e-11,2.3797e-11,9.9452e-12
1.5877e-11,1.7229e-11,7.2367e-12
8.7962e-12,1.1228e-11,5.8487e-12
9.3702e-12,1.1754e-11,7.9666e-12
8.0217e-12,1.1472e-11,6.8469e-12
7.9687e-12,1.1279e-11,6.5679e-12
1.3961e-11,1.3719e-11,8.9497e-12
1.0386e-11,1.2658e-11,8.4153e-12
7.6645e-12,1.2186e-11,8.0655e-12
1.1263e-11,1.105e-11,9.7315e-12
3.1339e-11,5.2119e-11,2.1438e-11
1.0887e-11,1.5817e-11,1.3632e-11
1.483e-11,3.3144e-11,3.2305e-11
1.3369e-11,1.1105e-11,7.9463e-12
1.1906e-11,2.0191e-11,1.7861e-11
8.5679e-12,1.1447e-11,9.454e-12
1.1679e-11,1.4395e-11,1.3342e-11
1.5258e-11,1.2787e-11,7.9868e-12
1.5135e-11,2.7176e-11,2.6448e-11
1.2603e-11,2.2013e-11,1.9995e-11
8.2939e-12,1.0376e-11,8.6816e-12
8.8828e-12,1.0564e-11,7.6319e-12
9.949e-12,1.0959e-11,6.8154e-12
2.0122e-11,2.3232e-11,1.2983e-11
1.556e-11,2.4799e-11,2.3823e-11
1.7052e-11,2.9049e-11,2.7729e-11
1.1813e-11,1.6167e-11,1.4608e-11
3.2325e-11,3.5726e-11,2.1371e-11
2.4813e-11,2.2483e-11,1.5251e-11
1.2711e-11,1.4398e-11,1.3581e-11
5.3437e-11,4.8006e-11,3.244e-11
2.0901e-11,2.7506e-11,2.7664e-11
1.7474e-11,2.0871e-11,2.0304e-11
1.9503e-11,1.2447e-11,1.0861e-11
1.6897e-11,1.24e-11,8.756e-12
1.6284e-11,1.2576e-11,1.026e-11
1.7971e-11,1.8586e-11,1.7989e-11
2.3191e-11,2.6395e-11,2.6381e-11
2.0596e-11,1.4195e-11,1.0399e-11
2.499e-11,2.5854e-11,2.5842e-11
2.0043e-11,1.4519e-11,1.1363e-11
1.7312e-11,1.3402e-11,1.1666e-11
2.5978e-11,2.5556e-11,2.6761e-11
1.9948e-11,1.7047e-11,1.8194e-11
3.2853e-11,2.1914e-11,2.0509e-11
4.5431e-11,3.4317e-11,3.0243e-11
3.7026e-11,2.5323e-11,2.3803e-11
2.42e-11,1.8951e-11,2.1326e-11
4.009e-11,2.111e-11,2.344e-11
2.6079e-11,1.9306e-11,2.218e-11
4.4808e-11,2.5399e-11,2.7974e-11
3.2474e-11,2.2494e-11,2.6784e-11
3.6614e-11,2.1997e-11,3.0871e-11
4.9018e-11,2.5492e-11,3.3829e-11
4.9388e-11,2.5775e-11,3.4415e-11
1.2366e-11,1.243e-11,7.5914e-12
9.3796e-12,1.0922e-11,5.2134e-12
9.6929e-12,1.1276e-11,5.602e-12
1.2266e-11,1.1707e-11,4.1517e-12
1.8894e-11,2.1622e-11,1.1343e-11
8.9799e-12,1.119e-11,4.8892e-12
1.2185e-11,1.2934e-11,5.7934e-12
1.4029e-11,1.5812e-11,1.5403e-11
8.9786e-12,1.1369e-11,8.2901e-12
9.6477e-12,1.1375e-11,8.4937e-12
2.2177e-11,2.715e-11,1.2939e-11
9.6839e-12,1.2407e-11,6.7096e-12
8.9451e-12,1.1171e-11,8.5807e-12
1.0577e-11,1.2757e-11,7.6771e-12
1.5999e-11,1.3179e-11,8.1252e-12
2.9534e-11,3.6122e-11,1.9417e-11
1.7736e-11,2.714e-11,2.6304e-11
1.5408e-11,1.1713e-11,7.1074e-12
1.957e-11,2.8853e-11,2.8084e-11
5.0522e-11,4.6725e-11,3.2365e-11
1.2552e-11,1.3187e-11,1.1593e-11
1.2938e-11,1.3464e-11,1.2618e-11
2.3014e-11,3.4658e-11,3.2771e-11
5.2623e-11,4.9811e-11,3.2775e-11
2.3029e-11,3.3337e-11,3.1658e-11
1.4004e-11,1.2375e-11,9.2502e-12
1.6124e-11,1.3164e-11,9.4857e-12
1.4608e-11,1.3125e-11,1.0529e-11
1.4441e-11,1.3607e-11,1.2536e-11
4.7981e-11,3.5413e-11,2.6888e-11
4.4899e-11,3.2614e-11,2.5149e-11
2.9127e-11,2.143e-11,1.7843e-11
2.8202e-11,2.0358e-11,1.8944e-11
1.6748e-11,1.3654e-11,1.1089e-11
1.7687e-11,1.5873e-11,1.5877e-11
2.0018e-11,2.4177e-11,2.3488e-11
2.9571e-11,2.9744e-11,3.0464e-11
2.8949e-11,1.6138e-11,1.6234e-11
3.6596e-11,2.3695e-11,2.1384e-11
2.6566e-11,2.1341e-11,2.3462e-11
2.4209e-11,1.8616e-11,2.0258e-11
4.7914e-11,3.1636e-11,3.1206e-11
3.4632e-11,1.8653e-11,2.2705e-11
3.8556e-11,2.4172e-11,3.1575e-11
4.0575e-11,2.35e-11,2.9809e-11
1.7339e-11,1.9334e-11,8.3426e-12
1.8968e-11,2.198e-11,1.0816e-11
9.4967e-12,1.1275e-11,5.2953e-12
7.8618e-12,1.1063e-11,6.1042e-12
9.2934e-12,1.2144e-11,9.6109e-12
9.6807e-12,1.286e-11,7.1928e-12
9.236e-12,1.1224e-11,9.909e-12
1.1284e-11,1.4584e-11,1.3528e-11
3.6064e-11,5.8231e-11,2.5411e-11
2.2149e-11,2.9636e-11,1.3702e-11
1.3857e-11,1.3079e-11,7.651e-12
3.1962e-11,4.8342e-11,2.1715e-11
1.5212e-11,1.865e-11,6.7576e-12
1.0052e-11,1.2217e-11,6.6266e-12
1.2817e-11,1.9216e-11,1.768e-11
4.1524e-11,5.1633e-11,3.1046e-11
1.5139e-11,1.4515e-11,6.094e-12
1.9358e-11,2.1897e-11,1.2745e-11
2.3414e-11,1.7811e-11,1.202e-11
1.2626e-11,1.269e-11,1.198e-11
1.3032e-11,1.4381e-11,1.2509e-11
3.4045e-11,2.6389e-11,1.8577e-11
2.2249e-11,3.0712e-11,2.87e-11
2.3783e-11,1.6975e-11,1.228e-11
1.4247e-11,1.2333e-11,8.8115e-12
2.1833e-11,2.9079e-11,2.8675e-11
3.2024e-11,2.5101e-11,1.7604e-11
1.8652e-11,1.9902e-11,1.8687e-11
2.2218e-11,2.5015e-11,2.549e-11
2.5687e-11,1.5195e-11,1.2906e-11
3.3799e-11,2.3217e-11,1.9407e-11
2.6664e-11,2.8525e-11,2.8623e-11
3.1406e-11,1.9358e-11,1.9126e-11
3.2263e-11,2.6672e-11,2.9647e-11
3.8572e-11,2.6319e-11,3.1198e-11
4.8823e-11,2.7328e-11,3.1505e-11
3.505e-11,2.3544e-11,2.8863e-11
5.2387e-11,2.5899e-11,3.4937e-11
3.2805e-11,5.7526e-11,2.2218e-11
1.3294e-11,2.4106e-11,2.1615e-11
3.1212e-11,5.0417e-11,2.0684e-11
1.8352e-11,3.8619e-11,3.8156e-11
9.9682e-12,1.3117e-11,9.9823e-12
1.0103e-11,1.2211e-11,1.0057e-11
1.3934e-11,2.2686e-11,2.0076e-11
4.4686e-11,6.0987e-11,3.2137e-11
1.9545e-11,2.2929e-11,1.339e-11
1.0718e-11,1.1815e-11,1.0134e-11
2.2004e-11,2.4147e-11,1.2926e-11
1.3677e-11,1.6994e-11,1.5402e-11
1.3667e-11,1.7643e-11,1.6038e-11
1.3184e-11,1.677e-11,1.4741e-11
2.8324e-11,2.5909e-11,1.6194e-11
1.858e-11,1.3609e-11,8.5567e-12
2.2961e-11,1.7787e-11,1.229e-11
1.2602e-11,1.2301e-11,1.1904e-11
2.802e-11,2.25e-11,1.5233e-11
1.9016e-11,1.4336e-11,9.577e-12
2.6766e-11,1.9185e-11,1.3917e-11
1.7233e-11,1.433e-11,8.6796e-12
1.6665e-11,1.9774e-11,1.8625e-11
1.5128e-11,1.5522e-11,1.4413e-11
2.803e-11,2.0862e-11,1.5455e-11
1.6651e-11,1.4499e-11,1.1146e-11
1.744e-11,1.3774e-11,1.1551e-11
2.1914e-11,1.4387e-11,1.0866e-11
2.6721e-11,2.8772e-11,2.924e-11
4.573e-11,3.4646e-11,2.8645e-11
2.3055e-11,1.5959e-11,1.5549e-11
4.5005e-11,3.153e-11,2.8285e-11
3.1394e-11,2.0546e-11,1.8633e-11
2.6545e-11,2.0971e-11,2.3138e-11
3.133e-11,1.7884e-11,2.0516e-11
3.4029e-11,2.1614e-11,2.6288e-11
5.0911e-11,2.8075e-11,3.2357e-11
3.2355e-11,2.1618e-11,2.4797e-11
3.6109e-11,2.155e-11,2.8203e-11
4.4769e-11,2.2819e-11,2.7689e-11
4.7469e-11,2.4968e-11,3.2382e-11
1.5095e-11,1.3838e-11,1.0342e-11
1.3294e-11,1.3e-11,7.7588e-12
1.1506e-11,1.2247e-11,9.3816e-12
1.164e-11,1.2427e-11,4.7234e-12
1.1953e-11,1.1631e-11,6.779e-12
8.6416e-12,1.2143e-11,1.0163e-11
1.043e-11,1.4154e-11,1.1763e-11
1.1343e-11,1.058e-11,4.1055e-12
1.7873e-11,3.639e-11,3.4481e-11
8.3486e-12,1.223e-11,7.5025e-12
1.8966e-11,3.6577e-11,3.5101e-11
9.1997e-12,1.2851e-11,9.4944e-12
4.7789e-11,6.3092e-11,3.5927e-11
1.2956e-11,1.1196e-11,6.9978e-12
9.2494e-12,1.1544e-11,7.1686e-12
1.6708e-11,2.1004e-11,1.9393e-11
3.8104e-11,3.9776e-11,2.5542e-11
1.2469e-11,1.3951e-11,1.3123e-11
2.282e-11,1.761e-11,1.2589e-11
1.3319e-11,1.2786e-11,8.7027e-12
2.1435e-11,2.8364e-11,2.8531e-11
4.7751e-11,3.9337e-11,2.6843e-11
2.3535e-11,1.7138e-11,1.199e-11
1.6422e-11,1.8091e-11,1.5826e-11
1.9326e-11,1.3479e-11,1.1085e-11
1.9979e-11,1.3664e-11,1.0241e-11
4.9347e-11,3.726e-11,2.8797e-11
1.5966e-11,1.3783e-11,1.3355e-11
3.1399e-11,2.3054e-11,1.8086e-11
2.1996e-11,2.49e-11,2.3285e-11
1.7797e-11,1.6517e-11,1.5458e-11
3.7364e-11,2.6108e-11,2.1896e-11
2.3649e-11,1.729e-11,1.6494e-11
3.8694e-11,2.3769e-11,2.2426e-11
3.7818e-11,2.7167e-11,3.0906e-11
3.6149e-11,2.2942e-11,2.8886e-11
4.7944e-11,2.5218e-11,2.8692e-11
4.016e-11,2.5784e-11,3.1742e-11
4.3929e-11,2.4527e-11,3.1066e-11
8.89e-12,1.2455e-11,9.9344e-12
8.4905e-12,1.179e-11,7.8896e-12
9.57e-12,1.2446e-11,8.5174e-12
1.7212e-11,1.6857e-11,7.8156e-12
1.0318e-11,1.2403e-11,5.1593e-12
2.5109e-11,3.8361e-11,1.4754e-11
8.3567e-12,1.2387e-11,8.5251e-12
1.558e-11,1.3189e-11,6.0198e-12
1.5918e-11,1.3158e-11,7.3115e-12
1.9815e-11,3.8627e-11,3.6923e-11
1.0118e-11,1.2301e-11,5.0734e-12
9.42e-12,1.1807e-11,6.523e-12
1.3669e-11,1.3328e-11,7.4503e-12
1.8597e-11,1.831e-11,8.4174e-12
9.8602e-12,1.2194e-11,8.1617e-12
4.507e-11,6.0251e-11,3.4799e-11
2.1378e-11,2.1028e-11,1.0374e-11
3.6398e-11,4.7334e-11,2.4656e-11
2.5142e-11,2.9195e-11,1.3842e-11
1.2661e-11,1.5113e-11,1.3741e-11
1.2805e-11,1.4744e-11,1.3258e-11
1.6112e-11,1.2777e-11,6.4416e-12
5.0596e-11,4.9029e-11,3.2627e-11
2.5185e-11,1.9691e-11,1.4843e-11
1.5086e-11,1.6478e-11,1.4616e-11
2.4591e-11,2.837e-11,2.9172e-11
4.0833e-11,3.0883e-11,2.4533e-11
2.1197e-11,1.4436e-11,1.0318e-11
1.9438e-11,1.7857e-11,1.5275e-11
4.2811e-11,3.1774e-11,2.6148e-11
2.6471e-11,1.6749e-11,1.3308e-11
2.7711e-11,1.9639e-11,1.5181e-11
2.3779e-11,1.7654e-11,1.604e-11
2.9517e-11,2.8169e-11,2.8705e-11
4.4191e-11,3.1385e-11,2.7008e-11
2.4535e-11,1.9432e-11,2.0098e-11
2.6206e-11,1.7384e-11,1.6256e-11
2.7167e-11,1.9188e-11,1.7228e-11
2.9687e-11,1.9932e-11,1.8878e-11
4.3393e-11,2.4314e-11,2.5282e-11
5.3692e-11,2.7744e-11,3.2139e-11
3.863e-11,2.4383e-11,3.1269e-11
5.4873e-11,2.8691e-11,3.4637e-11
5.3559e-11,3.0472e-11,3.2971e-11
4.7567e-11,2.608e-11,3.298e-11
2.2561e-11,2.8551e-11,1.0924e-11
1.577e-11,1.5442e-11,8.0541e-12
1.2831e-11,1.4139e-11,5.5175e-12
9.999e-12,1.2585e-11,5.6178e-12
1.0253e-11,1.1823e-11,6.7924e-12
9.9307e-12,1.224e-11,5.2634e-12
1.9181e-11,3.7586e-11,3.4976e-11
2.5284e-11,3.7112e-11,1.5216e-11
1.0575e-11,1.4108e-11,1.2135e-11
1.3423e-11,1.0835e-11,1.0089e-11
1.9762e-11,2.0061e-11,1.0924e-11
9.3503e-12,1.1672e-11,5.1275e-12
1.5908e-11,1.5004e-11,7.8973e-12
1.3071e-11,1.0879e-11,8.5111e-12
1.0629e-11,1.2762e-11,9.4421e-12
1.629e-11,1.5447e-11,6.8255e-12
1.0271e-11,1.26e-11,9.1874e-12
1.0425e-11,1.2738e-11,9.3936e-12
1.9811e-11,1.8686e-11,8.5428e-12
2.913e-11,3.6292e-11,1.7013e-11
3.4899e-11,4.2173e-11,2.1968e-11
3.7048e-11,4.01e-11,2.2728e-11
1.8615e-11,1.602e-11,1.0927e-11
1.2819e-11,1.2336e-11,7.8097e-12
3.4133e-11,2.957e-11,1.8985e-11
1.6123e-11,1.2635e-11,6.2516e-12
1.2401e-11,1.3184e-11,9.6118e-12
4.1776e-11,3.4312e-11,2.5051e-11
2.2745e-11,2.9469e-11,2.8527e-11
2.2699e-11,2.7211e-11,2.6304e-11
1.8039e-11,1.3411e-11,1.0234e-11
5.7167e-11,4.9974e-11,3.4273e-11
1.7775e-11,1.4564e-11,1.1161e-11
2.059e-11,1.3819e-11,1.1414e-11
1.9261e-11,1.3365e-11,1.0156e-11
3.2737e-11,2.5661e-11,1.7878e-11
2.0737e-11,1.3366e-11,9.9109e-12
2.5422e-11,2.8982e-11,2.9463e-11
2.1189e-11,1.4677e-11,1.142e-11
2.2048e-11,1.5283e-11,1.13e-11
2.1617e-11,2.0749e-11,2.0247e-11
4.779e-11,3.5808e-11,3.03e-11
1.933e-11,1.7665e-11,1.5936e-11
3.0248e-11,1.8738e-11,1.5853e-11
3.7155e-11,2.2825e-11,2.0799e-11
3.2667e-11,2.671e-11,2.8193e-11
2.8835e-11,1.9539e-11,1.7604e-11
3.1502e-11,2.478e-11,2.6182e-11
5.12e-11,2.7365e-11,3.0573e-11
4.812e-11,2.6512e-11,3.1511e-11
1.1933e-11,1.2328e-11,1.0762e-11
1.9017e-11,1.8853e-11,7.806e-12
1.0412e-11,1.2026e-11,6.38e-12
9.5959e-12,1.3183e-11,9.6817e-12
9.0839e-12,1.1916e-11,6.4334e-12
8.6773e-12,1.1488e-11,6.7982e-12
4.639e-11,7.4195e-11,3.2532e-11
1.8931e-11,1.885e-11,9.091e-12
1.8457e-11,1.7841e-11,7.6942e-12
1.6117e-11,1.5264e-11,5.9932e-12
1.0525e-11,1.2646e-11,1.0231e-11
2.0963e-11,1.8993e-11,1.2185e-11
2.8506e-11,2.3114e-11,1.3653e-11
2.1405e-11,1.8085e-11,9.5715e-12
1.2991e-11,1.2422e-11,8.1537e-12
1.2283e-11,1.3569e-11,1.0117e-11
5.6013e-11,5.2334e-11,3.567e-11
1.3154e-11,1.2336e-11,1.2139e-11
2.0593e-11,1.4954e-11,9.6854e-12
1.8936e-11,1.2918e-11,9.6128e-12
2.357e-11,2.6991e-11,2.6692e-11
5.262e-11,4.13e-11,3.1588e-11
2.4902e-11,2.4619e-11,2.4508e-11
2.4158e-11,1.6457e-11,1.2301e-11
3.192e-11,2.9933e-11,3.0359e-11
3.1936e-11,1.9515e-11,1.8182e-11
3.8689e-11,2.2664e-11,2.1068e-11
3.1238e-11,2.2021e-11,2.1208e-11
3.8633e-11,2.1649e-11,2.2407e-11
3.6162e-11,2.3331e-11,2.6642e-11
3.5414e-11,2.4534e-11,2.8631e-11
2.3921e-11,2.8678e-11,1.0516e-11
1.1549e-11,1.3586e-11,5.9829e-12
1.0085e-11,1.4702e-11,7.885e-12
1.3786e-11,2.1476e-11,1.883e-11
2.1355e-11,2.3461e-11,1.0135e-11
4.1428e-11,7.1095e-11,2.618e-11
9.3928e-12,1.1462e-11,6.6015e-12
1.5863e-11,1.5528e-11,5.4505e-12
1.5049e-11,1.4926e-11,6.6085e-12
2.6154e-11,3.4633e-11,1.48e-11
1.4481e-11,2.1147e-11,1.914e-11
1.4175e-11,1.4011e-11,5.4044e-12
4.7057e-11,6.0557e-11,3.5403e-11
2.0058e-11,3.0202e-11,2.8175e-11
5.3434e-11,5.8695e-11,3.7786e-11
1.1862e-11,1.3218e-11,9.3095e-12
1.3457e-11,1.4539e-11,1.2433e-11
2.0771e-11,1.7376e-11,1.0287e-11
1.4162e-11,1.3497e-11,9.3742e-12
1.4051e-11,1.2534e-11,1.0697e-11
1.4053e-11,1.3953e-11,1.2113e-11
2.2019e-11,2.6402e-11,2.6321e-11
1.757e-11,1.2616e-11,9.8039e-12
1.4948e-11,1.4603e-11,9.8426e-12
4.4084e-11,3.302e-11,2.5392e-11
1.8522e-11,1.4738e-11,8.8321e-12
3.2841e-11,2.6841e-11,1.7402e-11
2.5625e-11,2.9182e-11,2.8199e-11
2.1812e-11,1.5523e-11,1.0435e-11
1.9448e-11,1.7609e-11,1.5655e-11
2.0521e-11,1.7514e-11,1.5502e-11
4.727e-11,3.5921e-11,2.7879e-11
2.8934e-11,1.99e-11,1.6538e-11
3.5136e-11,2.1904e-11,1.7972e-11
2.9556e-11,2.0457e-11,1.726e-11
3.3079e-11,2.6734e-11,2.781e-11
4.4116e-11,2.5322e-11,2.521e-11
3.941e-11,2.5135e-11,3.0718e-11
1.4548e-11,1.457e-11,4.6712e-12
1.432e-11,1.4552e-11,5.3949e-12
1.286e-11,1.2051e-11,6.1719e-12
3.0705e-11,4.5789e-11,1.6642e-11
1.2922e-11,1.2404e-11,3.1964e-12
9.0156e-12,1.2508e-11,9.6055e-12
1.05e-11,1.1211e-11,5.2356e-12
1.6513e-11,1.6187e-11,5.7341e-12
1.1508e-11,1.1312e-11,6.7537e-12
1.6932e-11,1.6806e-11,6.489e-12
1.3206e-11,1.295e-11,4.4639e-12
1.031e-11,1.1763e-11,8.3479e-12
4.9877e-11,6.4676e-11,3.802e-11
4.1325e-11,4.8974e-11,2.7581e-11
3.1331e-11,3.1096e-11,1.7109e-11
1.7087e-11,1.6679e-11,8.4506e-12
1.3763e-11,1.3023e-11,1.0952e-11
5.7112e-11,5.4949e-11,3.7899e-11
3.1102e-11,2.618e-11,1.545e-11
1.5542e-11,1.3373e-11,9.226e-12
4.5215e-11,3.4826e-11,2.4307e-11
1.7427e-11,1.9223e-11,1.7344e-11
1.7821e-11,1.4408e-11,8.8363e-12
2.0832e-11,1.4865e-11,1.1212e-11
4.039e-11,3.0532e-11,2.2216e-11
1.9695e-11,1.9623e-11,1.8085e-11
2.8577e-11,2.0875e-11,1.5212e-11
3.1465e-11,2.3331e-11,1.595e-11
2.2656e-11,1.6164e-11,1.105e-11
2.255e-11,1.736e-11,1.3535e-11
2.1927e-11,1.7574e-11,1.7812e-11
2.5045e-11,2.1704e-11,2.176e-11
3.61e-11,2.4675e-11,1.9518e-11
3.0475e-11,2.0412e-11,1.6223e-11
2.8561e-11,2.2767e-11,2.3424e-11
3.4451e-11,2.1495e-11,1.9145e-11
5.4243e-11,2.9758e-11,3.1475e-11
3.8946e-11,2.6201e-11,2.7671e-11
5.2958e-11,3.1386e-11,3.0389e-11
2.2104e-11,2.5127e-11,9.0784e-12
9.1979e-12,1.2581e-11,8.3981e-12
1.5165e-11,1.6041e-11,4.0144e-12
1.341e-11,2.0989e-11,1.7397e-11
1.5352e-11,1.5565e-11,4.1606e-12
3.3224e-11,5.1166e-11,1.8191e-11
2.0208e-11,2.1229e-11,1.01e-11
2.0176e-11,3.5191e-11,3.1228e-11
2.2925e-11,2.3406e-11,1.4892e-11
1.5097e-11,1.5184e-11,8.6799e-12
1.5986e-11,1.6077e-11,8.6877e-12
1.4654e-11,1.8577e-11,1.5467e-11
1.4801e-11,1.7233e-11,1.4671e-11
2.0414e-11,3.0318e-11,2.8479e-11
2.1631e-11,2.0179e-11,1.0509e-11
3.7811e-11,3.7117e-11,2.08e-11
1.5512e-11,1.4579e-11,6.1841e-12
1.2679e-11,1.4344e-11,9.7e-12
1.3983e-11,1.6241e-11,1.3885e-11
1.5596e-11,1.4624e-11,6.0726e-12
1.3689e-11,1.3326e-11,8.6772e-12
2.1925e-11,3.1951e-11,2.9198e-11
1.3598e-11,1.2897e-11,1.0149e-11
1.7975e-11,2.1292e-11,2.063e-11
2.3571e-11,2.9678e-11,2.8908e-11
5.2079e-11,3.9959e-11,2.8326e-11
1.7716e-11,1.4942e-11,9.2284e-12
4.4815e-11,3.3967e-11,2.4249e-11
2.22e-11,1.6031e-11,1.1836e-11
1.7073e-11,1.6471e-11,1.3349e-11
2.5849e-11,2.9146e-11,2.7849e-11
2.9944e-11,2.3315e-11,1.491e-11
2.314e-11,1.6462e-11,1.0798e-11
2.5491e-11,1.8112e-11,1.2825e-11
2.4152e-11,2.5845e-11,2.5018e-11
1.8935e-11,1.5934e-11,1.4336e-11
2.6604e-11,2.794e-11,2.6946e-11
2.2445e-11,1.8424e-11,1.6311e-11
2.8701e-11,2.0208e-11,1.4875e-11
4.6441e-11,3.4282e-11,2.7643e-11
4.4157e-11,2.9367e-11,2.5086e-11
3.8674e-11,2.4809e-11,2.039e-11
3.7575e-11,2.4143e-11,2.4861e-11
5.0214e-11,2.9294e-11,3.1992e-11
3.3504e-11,4.8834e-11,1.809e-11
1.2054e-11,1.0967e-11,8.1132e-12
9.4053e-12,1.3285e-11,6.7107e-12
3.4613e-11,5.864e-11,1.9951e-11
1.6924e-11,2.5607e-11,2.3214e-11
2.3637e-11,2.5632e-11,1.1304e-11
1.9989e-11,3.3812e-11,2.9432e-11
1.1403e-11,1.1046e-11,6.156e-12
1.6693e-11,2.3368e-11,2.0324e-11
1.0673e-11,1.312e-11,8.6253e-12
1.4007e-11,1.7305e-11,1.4101e-11
1.4264e-11,1.7733e-11,1.473e-11
2.2203e-11,1.994e-11,9.0107e-12
1.6731e-11,2.2683e-11,1.9724e-11
1.9081e-11,2.6943e-11,2.4655e-11
1.803e-11,2.2185e-11,2.0983e-11
2.1655e-11,2.8418e-11,2.7546e-11
1.426e-11,1.3212e-11,1.0127e-11
3.4903e-11,2.7988e-11,1.7785e-11
1.8148e-11,1.643e-11,1.3555e-11
1.7324e-11,1.6362e-11,1.3238e-11
1.9636e-11,1.5653e-11,1.1885e-11
1.9656e-11,1.5869e-11,1.1915e-11
2.1302e-11,1.6401e-11,1.0955e-11
2.0122e-11,1.5578e-11,1.2287e-11
2.4125e-11,2.6452e-11,2.5671e-11
4.3069e-11,3.2621e-11,2.5129e-11
2.2655e-11,1.8053e-11,1.741e-11
3.8399e-11,2.7021e-11,2.0738e-11
2.7627e-11,2.0065e-11,1.6353e-11
3.2415e-11,2.1561e-11,1.6493e-11
3.6189e-11,2.3849e-11,1.9985e-11
3.9668e-11,2.24e-11,2.032e-11
3.0884e-11,2.6488e-11,2.6732e-11
4.7682e-11,3.2627e-11,2.7829e-11
4.4642e-11,2.6248e-11,2.5196e-11
2.7094e-11,3.0631e-11,1.2162e-11
1.5947e-11,1.5305e-11,4.0166e-12
9.2132e-12,1.1794e-11,6.7542e-12
1.6296e-11,1.5647e-11,5.9311e-12
1.052e-11,1.1616e-11,1.0204e-11
1.5823e-11,1.6096e-11,3.5151e-12
1.3652e-11,1.3826e-11,3.7662e-12
1.3124e-11,1.3107e-11,8.8825e-12
1.6501e-11,1.6892e-11,5.314e-12
1.5613e-11,1.6045e-11,5.8221e-12
3.0058e-11,3.7638e-11,1.6587e-11
4.2653e-11,6.7362e-11,2.6624e-11
1.134e-11,1.3758e-11,1.1819e-11
1.4915e-11,1.7956e-11,1.4179e-11
1.5388e-11,2.032e-11,1.7249e-11
4.808e-11,7.5565e-11,3.2842e-11
1.3915e-11,1.7727e-11,1.4221e-11
1.6455e-11,1.602e-11,5.4179e-12
2.0437e-11,2.9451e-11,2.656e-11
1.8651e-11,2.5081e-11,2.2208e-11
1.3949e-11,1.3032e-11,9.5723e-12
2.7837e-11,2.3304e-11,1.2728e-11
2.4889e-11,2.2454e-11,1.1093e-11
1.5923e-11,1.4312e-11,1.0591e-11
1.5867e-11,1.4755e-11,8.4655e-12
1.6646e-11,1.5324e-11,8.9694e-12
1.8328e-11,1.394e-11,8.2236e-12
2.4441e-11,1.9602e-11,1.0665e-11
3.9544e-11,3.1151e-11,2.0959e-11
1.6908e-11,1.6636e-11,1.5952e-11
4.7011e-11,3.452e-11,2.5916e-11
1.6868e-11,1.6095e-11,1.2631e-11
1.8879e-11,1.5894e-11,1.231e-11
2.7777e-11,3.0824e-11,2.961e-11
2.6158e-11,2.7336e-11,2.6179e-11
2.749e-11,2.864e-11,2.7041e-11
3.4849e-11,2.3501e-11,1.8286e-11
2.9045e-11,2.1916e-11,1.9423e-11
3.1323e-11,2.5303e-11,2.5272e-11
3.1913e-11,2.479e-11,2.4658e-11
5.3654e-11,3.268e-11,3.0214e-11
2.6976e-11,2.9715e-11,1.1791e-11
9.4402e-12,1.3379e-11,8.8101e-12
1.4941e-11,1.9688e-11,1.579e-11
1.1082e-11,1.363e-11,9.6502e-12
1.3597e-11,1.9158e-11,1.5703e-11
1.6116e-11,2.3894e-11,2.0781e-11
2.6392e-11,2.3877e-11,1.1967e-11
1.5919e-11,1.5226e-11,9.4507e-12
1.7591e-11,1.7407e-11,1.389e-11
4.5358e-11,3.5235e-11,2.3788e-11
2.4658e-11,1.8102e-11,1.1455e-11
2.1199e-11,1.6825e-11,1.1208e-11
2.9187e-11,3.0901e-11,2.8787e-11
2.4911e-11,2.3443e-11,2.1999e-11
2.5479e-11,1.8635e-11,1.3507e-11
4.5201e-11,3.4965e-11,2.5397e-11
2.9042e-11,2.1453e-11,1.4419e-11
4.6453e-11,3.5368e-11,2.629e-11
3.3185e-11,2.4335e-11,1.9183e-11
3.0052e-11,2.4585e-11,2.5177e-11
3.1261e-11,2.7304e-11,2.7024e-11
3.3032e-11,2.9414e-11,2.8283e-11
3.3795e-11,2.8111e-11,2.748e-11
4.9576e-11,3.2019e-11,2.7819e-11
3.5664e-11,2.6846e-11,2.8396e-11
5.3732e-11,3.2405e-11,3.0493e-11
3.8856e-11,2.6019e-11,2.3539e-11
1.9831e-11,1.8813e-11,6.5804e-12
1.0882e-11,1.268e-11,4.8112e-12
1.7848e-11,1.7465e-11,6.2995e-12
1.1959e-11,1.5697e-11,1.1925e-11
3.8209e-11,5.5411e-11,2.0596e-11
1.4273e-11,1.8981e-11,1.4983e-11
3.9282e-11,6.0258e-11,2.1734e-11
3.1541e-11,3.8857e-11,1.503e-11
1.3909e-11,1.3933e-11,8.0454e-12
2.223e-11,3.6342e-11,3.201e-11
1.2661e-11,1.2404e-11,6.6508e-12
4.6893e-11,7.4878e-11,3.0298e-11
1.7259e-11,2.2277e-11,1.9122e-11
2.2782e-11,2.1786e-11,8.5174e-12
1.5524e-11,1.827e-11,1.4698e-11
2.176e-11,3.1203e-11,2.8544e-11
4.5404e-11,5.7627e-11,2.888e-11
3.608e-11,3.9634e-11,1.952e-11
4.0224e-11,4.3277e-11,2.181e-11
3.5386e-11,3.2441e-11,1.7821e-11
1.6116e-11,1.4465e-11,7.9372e-12
2.3223e-11,2.0264e-11,1.0428e-11
4.5324e-11,3.5199e-11,2.3223e-11
1.7166e-11,1.4943e-11,1.3361e-11
2.3504e-11,2.2008e-11,2.0865e-11
2.3606e-11,2.1557e-11,2.0374e-11
3.4231e-11,2.5599e-11,1.7112e-11
2.7771e-11,2.4203e-11,2.2406e-11
2.6595e-11,2.1929e-11,2.0526e-11
3.475e-11,2.8452e-11,2.7268e-11
4.0972e-11,2.3983e-11,2.158e-11
3.4978e-11,2.4156e-11,2.408e-11
5.3638e-11,3.2101e-11,2.8728e-11
4.6873e-11,2.9704e-11,2.643e-11
4.7363e-11,3.0097e-11,3.0189e-11
1.4507e-11,1.4216e-11,2.4062e-12
1.8471e-11,1.7414e-11,4.9158e-12
9.3016e-12,1.3219e-11,8.2112e-12
9.2564e-12,1.2496e-11,6.6327e-12
1.1799e-11,1.4909e-11,9.9362e-12
2.2998e-11,2.1597e-11,8.2012e-12
1.8736e-11,2.6379e-11,2.2367e-11
1.735e-11,2.2416e-11,1.8555e-11
2.4668e-11,2.4151e-11,1.1809e-11
1.2343e-11,1.1512e-11,6.2961e-12
1.5866e-11,1.9366e-11,1.4923e-11
1.1433e-11,1.4124e-11,9.085e-12
2.5529e-11,2.6161e-11,1.1034e-11
1.5075e-11,1.7422e-11,1.3868e-11
2.4033e-11,2.2226e-11,1.1746e-11
1.4225e-11,1.5163e-11,9.2741e-12
1.4404e-11,1.6354e-11,1.2939e-11
1.6979e-11,1.3584e-11,6.9748e-12
3.6842e-11,3.2589e-11,1.8578e-11
1.5946e-11,1.7647e-11,1.4868e-11
1.6544e-11,1.5092e-11,9.1789e-12
2.2012e-11,2.5442e-11,2.3263e-11
1.8479e-11,1.732e-11,1.496e-11
4.4266e-11,3.5813e-11,2.2347e-11
1.8797e-11,1.8302e-11,1.423e-11
2.0653e-11,1.7509e-11,1.5314e-11
2.8475e-11,2.2167e-11,1.3134e-11
4.2896e-11,3.3966e-11,2.272e-11
2.7055e-11,2.3755e-11,2.1801e-11
4.7027e-11,3.486e-11,2.6225e-11
4.5279e-11,3.0116e-11,2.4299e-11
5.1487e-11,3.2169e-11,3.223e-11
1.8698e-11,1.7555e-11,5.5529e-12
1.0941e-11,1.3513e-11,7.1318e-12
1.5021e-11,2.0007e-11,1.5352e-11
1.143e-11,1.1721e-11,5.5205e-12
1.1448e-11,1.1954e-11,4.6686e-12
2.1183e-11,3.3015e-11,2.8483e-11
2.064e-11,3.0863e-11,2.5467e-11
1.4379e-11,1.4901e-11,6.6574e-12
1.8285e-11,2.3372e-11,2.0009e-11
2.4222e-11,3.508e-11,3.0145e-11
2.0278e-11,2.6443e-11,2.3061e-11
1.3287e-11,1.3589e-11,9.5796e-12
1.6697e-11,1.6383e-11,8.2635e-12
1.5965e-11,1.4034e-11,7.1421e-12
1.4797e-11,1.455e-11,1.0499e-11
1.6204e-11,1.816e-11,1.4788e-11
5.2101e-11,4.6345e-11,2.8009e-11
2.1706e-11,1.7826e-11,9.0824e-12
3.4422e-11,2.7679e-11,1.7128e-11
2.7924e-11,2.1946e-11,1.3005e-11
2.5554e-11,2.5438e-11,2.3449e-11
2.4149e-11,2.0974e-11,1.287e-11
3.1062e-11,2.3886e-11,1.5348e-11
2.6403e-11,2.6011e-11,2.491e-11
4.0494e-11,3.1229e-11,2.1057e-11
4.0513e-11,2.5915e-11,2.0933e-11
4.8337e-11,3.0458e-11,2.5172e-11
3.7336e-11,2.682e-11,2.6304e-11
5.3029e-11,3.2821e-11,2.8202e-11
2.3649e-11,2.1295e-11,7.6206e-12
1.4297e-11,1.3751e-11,4.5286e-12
1.1336e-11,1.4043e-11,7.2181e-12
1.108e-11,1.514e-11,8.6723e-12
1.562e-11,1.9185e-11,1.3956e-11
1.3196e-11,1.204e-11,2.3001e-12
1.1944e-11,1.2307e-11,6.0253e-12
4.2827e-11,6.0495e-11,2.2909e-11
3.4128e-11,3.8768e-11,1.5734e-11
1.1514e-11,1.3285e-11,5.9959e-12
1.0046e-11,1.3102e-11,7.3547e-12
2.5416e-11,2.4483e-11,1.0295e-11
3.4625e-11,4.3297e-11,1.6623e-11
1.607e-11,1.8409e-11,1.4315e-11
2.3393e-11,3.092e-11,2.726e-11
1.5804e-11,1.4084e-11,7.636e-12
1.9922e-11,2.183e-11,1.802e-11
1.6149e-11,1.495e-11,7.4117e-12
1.5506e-11,1.4937e-11,9.6911e-12
5.3544e-11,4.971e-11,2.8938e-11
1.691e-11,1.5496e-11,8.8001e-12
2.2966e-11,2.7819e-11,2.5601e-11
2.5857e-11,2.1338e-11,1.2554e-11
2.2254e-11,1.8176e-11,8.6639e-12
2.1435e-11,1.7317e-11,9.7831e-12
2.149e-11,2.2904e-11,1.8714e-11
2.3926e-11,2.6348e-11,2.4942e-11
2.6546e-11,2.1854e-11,2.1051e-11
4.4079e-11,3.4956e-11,2.3312e-11
3.4272e-11,2.4915e-11,1.7226e-11
3.0472e-11,2.9634e-11,2.6778e-11
3.8378e-11,2.7628e-11,1.9622e-11
3.0063e-11,2.6202e-11,2.3433e-11
5.0514e-11,3.415e-11,2.6984e-11
3.8368e-11,2.798e-11,2.6401e-11
2.0534e-11,1.9629e-11,5.4744e-12
2.0698e-11,1.9619e-11,6.941e-12
1.2014e-11,1.5246e-11,1.041e-11
1.0575e-11,1.3939e-11,8.0785e-12
2.5748e-11,2.5785e-11,1.0626e-11
1.3538e-11,1.269e-11,4.5935e-12
1.0979e-11,1.4285e-11,5.7006e-12
2.2505e-11,3.4773e-11,3.0336e-11
2.0716e-11,2.087e-11,6.5533e-12
1.1172e-11,1.4435e-11,9.3962e-12
1.5305e-11,1.5892e-11,5.4569e-12
1.3328e-11,1.5785e-11,1.1864e-11
4.1634e-11,5.8523e-11,2.3485e-11
1.7715e-11,1.5112e-11,6.6849e-12
1.5657e-11,1.569e-11,1.0411e-11
1.9104e-11,2.0869e-11,1.633e-11
1.8695e-11,1.4893e-11,7.6007e-12
1.868e-11,1.744e-11,1.1513e-11
4.7041e-11,3.7969e-11,2.3153e-11
3.0139e-11,2.4684e-11,1.4679e-11
1.7198e-11,1.5364e-11,1.0624e-11
2.11e-11,2.2615e-11,1.7746e-11
1.9998e-11,2.0632e-11,1.5848e-11
3.5329e-11,2.8881e-11,1.7928e-11
2.3678e-11,1.8474e-11,1.0283e-11
2.2289e-11,1.9895e-11,1.5794e-11
2.2929e-11,2.012e-11,1.5399e-11
2.8647e-11,2.4479e-11,2.1943e-11
4.7474e-11,3.0027e-11,2.5268e-11
2.7358e-11,2.6351e-11,1.0393e-11
1.435e-11,1.9407e-11,1.5985e-11
1.4079e-11,1.2849e-11,2.563e-12
1.4399e-11,1.9489e-11,1.5591e-11
4.6195e-11,6.3159e-11,2.446e-11
1.1527e-11,1.3689e-11,9.909e-12
4.3145e-11,5.8945e-11,2.2706e-11
1.1293e-11,1.3661e-11,6.2134e-12
1.3159e-11,1.535e-11,1.1646e-11
2.4959e-11,2.4394e-11,1.0124e-11
1.5646e-11,1.3492e-11,9.1416e-12
1.2708e-11,1.4853e-11,1.0415e-11
1.5779e-11,1.486e-11,6.622e-12
1.4319e-11,1.4849e-11,9.263e-12
4.8572e-11,4.9791e-11,2.5703e-11
1.8509e-11,1.6558e-11,7.3324e-12
2.4786e-11,3.096e-11,2.6913e-11
1.8072e-11,2.0065e-11,1.5219e-11
1.6152e-11,1.4984e-11,7.0916e-12
1.7026e-11,1.4022e-11,6.6708e-12
2.2736e-11,1.8398e-11,9.2097e-12
4.2668e-11,3.5953e-11,2.2112e-11
2.6327e-11,2.2023e-11,1.2363e-11
2.0316e-11,2.0874e-11,1.7879e-11
4.6455e-11,3.8424e-11,2.2441e-11
3.6667e-11,3.1893e-11,1.7535e-11
2.748e-11,3.0336e-11,2.6162e-11
2.0224e-11,1.6622e-11,1.3278e-11
2.1912e-11,1.9329e-11,1.4615e-11
2.6941e-11,1.9508e-11,1.2146e-11
2.6629e-11,2.1132e-11,1.3157e-11
2.613e-11,2.2412e-11,2.1269e-11
4.3273e-11,3.4581e-11,2.2889e-11
3.2825e-11,2.4051e-11,1.7932e-11
3.4593e-11,2.6804e-11,2.3009e-11
4.8202e-11,3.2544e-11,2.5531e-11
4.7956e-11,3.3045e-11,2.639e-11
2.6062e-11,2.3266e-11,8.1983e-12
2.1559e-11,2.1759e-11,6.1654e-12
1.1196e-11,1.4509e-11,9.3129e-12
1.1814e-11,1.6732e-11,8.8539e-12
1.5703e-11,1.9413e-11,1.3618e-11
1.7921e-11,1.8361e-11,7.4331e-12
1.7336e-11,2.6017e-11,2.087e-11
1.1528e-11,1.3544e-11,5.4175e-12
1.2847e-11,1.2279e-11,4.9208e-12
1.1096e-11,1.3538e-11,6.2011e-12
1.1701e-11,1.4549e-11,9.248e-12
3.3019e-11,3.4181e-11,1.3458e-11
1.8912e-11,2.0497e-11,7.032e-12
4.9817e-11,6.6164e-11,2.7187e-11
1.5061e-11,1.3339e-11,6.2898e-12
4.0675e-11,3.8332e-11,1.871e-11
2.2009e-11,2.1695e-11,8.4861e-12
2.6985e-11,3.2867e-11,2.8246e-11
3.7968e-11,3.4784e-11,1.768e-11
1.791e-11,1.5843e-11,1.0943e-11
1.7915e-11,1.5661e-11,1.1184e-11
2.7431e-11,3.1902e-11,2.8059e-11
2.1174e-11,1.8921e-11,9.0384e-12
2.2446e-11,1.8461e-11,1.4438e-11
3.1666e-11,2.3536e-11,1.6967e-11
4.8232e-11,3.6721e-11,2.5363e-11
3.412e-11,2.7949e-11,2.5433e-11
3.2526e-11,2.6088e-11,2.2974e-11
3.7041e-11,2.9002e-11,2.4767e-11
1.2952e-11,1.2183e-11,3.9469e-12
3.8461e-11,3.9967e-11,1.8022e-11
2.1755e-11,2.7025e-11,2.3792e-11
1.06e-11,1.3956e-11,7.0853e-12
4.3889e-11,5.2247e-11,2.0269e-11
1.6557e-11,2.0046e-11,1.7215e-11
3.5105e-11,3.6749e-11,1.3835e-11
1.6337e-11,1.4095e-11,7.2806e-12
1.5745e-11,1.796e-11,1.2591e-11
1.3905e-11,1.4751e-11,7.7471e-12
4.1041e-11,3.8135e-11,1.8655e-11
2.1818e-11,1.9935e-11,7.6776e-12
1.7723e-11,1.5816e-11,1.1392e-11
2.3769e-11,1.9725e-11,9.264e-12
1.8665e-11,1.6608e-11,1.1384e-11
2.2075e-11,2.0079e-11,1.2433e-11
2.302e-11,2.2447e-11,1.8848e-11
3.3038e-11,2.5865e-11,1.469e-11
4.3726e-11,3.5576e-11,2.2209e-11
4.0123e-11,3.1701e-11,1.9441e-11
2.8892e-11,2.2099e-11,1.9298e-11
3.3574e-11,2.9029e-11,2.5934e-11
3.1656e-11,2.4315e-11,2.0059e-11
4.5222e-11,3.3145e-11,2.2871e-11
3.1869e-11,2.5425e-11,2.0043e-11
4.0376e-11,3.0363e-11,2.1582e-11
4.358e-11,3.2458e-11,2.4953e-11
3.0183e-11,2.8198e-11,1.1429e-11
1.142e-11,1.4127e-11,8.3102e-12
1.5816e-11,1.5909e-11,5.3258e-12
2.0685e-11,3.152e-11,2.6474e-11
2.5848e-11,2.4241e-11,8.9876e-12
1.1429e-11,1.4194e-11,4.9708e-12
2.3301e-11,2.3516e-11,6.5979e-12
1.1481e-11,1.4393e-11,6.2356e-12
1.9981e-11,2.8795e-11,2.2569e-11
3.718e-11,3.7683e-11,1.5328e-11
1.7136e-11,1.7128e-11,6.327e-12
1.6003e-11,1.8164e-11,1.2297e-11
1.9076e-11,1.7251e-11,4.4097e-12
1.3116e-11,1.6021e-11,9.5432e-12
1.8085e-11,1.815e-11,4.5348e-12
1.52e-11,1.4348e-11,5.9954e-12
1.3894e-11,1.5423e-11,8.4585e-12
2.7926e-11,3.8155e-11,3.1788e-11
4.2259e-11,4.1653e-11,1.8628e-11
1.5076e-11,1.8205e-11,1.129e-11
2.3339e-11,2.8776e-11,2.3099e-11
2.9344e-11,2.9501e-11,1.267e-11
1.4755e-11,1.534e-11,8.0529e-12
1.5086e-11,1.7388e-11,1.1645e-11
2.3824e-11,2.871e-11,2.3009e-11
2.4042e-11,2.3966e-11,9.6495e-12
2.6922e-11,3.1487e-11,2.6256e-11
1.761e-11,1.9122e-11,1.0174e-11
1.9728e-11,1.8443e-11,1.4356e-11
1.9218e-11,1.7834e-11,1.1626e-11
3.3429e-11,2.8614e-11,1.48e-11
2.9031e-11,3.0707e-11,2.6727e-11
2.7253e-11,2.9374e-11,2.5219e-11
2.7032e-11,2.1111e-11,1.1984e-11
4.6619e-11,3.8167e-11,2.3868e-11
2.9378e-11,3.056e-11,2.613e-11
2.7125e-11,2.0198e-11,1.2139e-11
2.754e-11,2.3115e-11,1.3226e-11
2.6486e-11,2.1686e-11,1.8165e-11
2.6334e-11,2.0426e-11,1.931e-11
3.2723e-11,2.9026e-11,2.6347e-11
3.0067e-11,2.6825e-11,2.4482e-11
3.6363e-11,2.5868e-11,1.8e-11
4.0106e-11,2.9635e-11,2.0418e-11
3.6364e-11,2.7682e-11,1.9651e-11
4.3404e-11,3.1832e-11,2.623e-11
2.903e-11,2.6049e-11,8.5171e-12
1.9054e-11,1.949e-11,3.6862e-12
1.8328e-11,1.845e-11,3.2068e-12
1.3366e-11,1.2946e-11,3.3704e-12
1.5052e-11,1.2648e-11,3.8979e-12
1.1372e-11,1.4169e-11,5.8952e-12
1.9625e-11,2.0428e-11,5.9835e-12
1.6863e-11,2.0106e-11,1.5518e-11
1.1192e-11,1.4498e-11,7.1658e-12
1.4814e-11,1.787e-11,1.1402e-11
4.6803e-11,5.3116e-11,2.1441e-11
2.0759e-11,2.9817e-11,2.3599e-11
2.2844e-11,3.5682e-11,2.877e-11
1.208e-11,1.5019e-11,7.0731e-12
1.7098e-11,2.1315e-11,1.6232e-11
2.3641e-11,3.5051e-11,2.9268e-11
1.5512e-11,1.4354e-11,5.0196e-12
1.6212e-11,1.8403e-11,1.2646e-11
2.3468e-11,2.9896e-11,2.3746e-11
1.6504e-11,1.5788e-11,8.8803e-12
1.4333e-11,1.5442e-11,9.5712e-12
1.523e-11,1.7389e-11,1.0287e-11
2.5637e-11,2.5932e-11,1.0525e-11
1.6002e-11,1.6184e-11,7.6486e-12
2.8396e-11,3.5681e-11,2.924e-11
3.332e-11,3.11e-11,1.44e-11
2.2723e-11,1.8128e-11,9.8208e-12
2.4175e-11,2.0704e-11,1.061e-11
2.1585e-11,2.4028e-11,2.0503e-11
2.2278e-11,1.8318e-11,1.0684e-11
2.3248e-11,2.0309e-11,1.3055e-11
2.23e-11,1.9392e-11,1.4527e-11
2.5101e-11,1.9599e-11,1.8769e-11
2.6061e-11,2.1338e-11,1.2936e-11
3.0252e-11,2.8143e-11,2.3968e-11
3.0179e-11,2.6634e-11,2.2847e-11
3.2099e-11,2.3735e-11,1.4806e-11
4.277e-11,3.2808e-11,2.1002e-11
4.7171e-11,3.6277e-11,2.3877e-11
3.5222e-11,2.7606e-11,1.9183e-11
4.2206e-11,2.9736e-11,2.1822e-11
1.5995e-11,1.4004e-11,5.688e-12
1.1841e-11,1.5071e-11,6.4381e-12
1.3053e-11,1.3919e-11,5.0762e-12
2.7028e-11,3.5654e-11,2.9283e-11
1.338e-11,1.6405e-11,9.5377e-12
2.6178e-11,3.6002e-11,2.9725e-11
4.1078e-11,4.3874e-11,1.8097e-11
2.6961e-11,3.3633e-11,2.6757e-11
1.6915e-11,1.4206e-11,6.4024e-12
1.5759e-11,1.8194e-11,1.2312e-11
4.577e-11,4.6468e-11,2.0724e-11
2.4212e-11,2.4544e-11,9.7114e-12
5.3356e-11,5.7114e-11,2.4462e-11
1.8578e-11,2.1717e-11,1.3779e-11
2.3442e-11,2.1246e-11,7.9622e-12
2.0587e-11,1.9495e-11,1.215e-11
4.8413e-11,4.0534e-11,2.4053e-11
2.3661e-11,2.0266e-11,1.4816e-11
2.7425e-11,2.1817e-11,1.2627e-11
2.4141e-11,2.1764e-11,1.6518e-11
2.5395e-11,2.0413e-11,1.7444e-11
2.6155e-11,2.1372e-11,1.823e-11
2.599e-11,2.4825e-11,1.8238e-11
2.769e-11,2.1895e-11,1.3397e-11
3.2235e-11,2.7489e-11,2.2912e-11
3.1931e-11,2.5818e-11,1.9014e-11
3.2565e-11,2.7314e-11,2.2464e-11
1.3496e-11,1.4209e-11,4.6371e-12
1.8309e-11,1.6659e-11,2.8402e-12
1.2356e-11,1.506e-11,9.6148e-12
2.712e-11,2.5973e-11,8.299e-12
1.3287e-11,1.6481e-11,9.6478e-12
1.9967e-11,2.4005e-11,8.8126e-12
1.6852e-11,1.495e-11,7.3042e-12
1.8375e-11,2.0998e-11,1.4071e-11
2.6612e-11,3.7027e-11,2.9973e-11
4.9109e-11,5.6399e-11,2.2392e-11
1.3786e-11,1.5713e-11,8.9181e-12
1.5322e-11,1.6232e-11,1.0202e-11
1.6119e-11,1.6432e-11,1.0722e-11
2.3982e-11,2.6514e-11,1.9666e-11
3.3915e-11,3.2063e-11,1.6277e-11
2.3599e-11,2.0274e-11,1.0551e-11
4.4041e-11,3.9233e-11,2.0503e-11
2.4084e-11,1.873e-11,9.3358e-12
3.0473e-11,3.2525e-11,2.6464e-11
3.6395e-11,2.9742e-11,1.6411e-11
2.8679e-11,2.8966e-11,2.3581e-11
3.0091e-11,2.4314e-11,1.3069e-11
4.5758e-11,4.0265e-11,2.1906e-11
2.5046e-11,2.0563e-11,1.7786e-11
3.045e-11,2.3807e-11,1.3206e-11
4.6069e-11,3.9464e-11,2.2565e-11
3.0443e-11,2.4954e-11,2.0545e-11
3.3661e-11,2.4861e-11,1.7974e-11
2.9738e-11,2.456e-11,1.9302e-11
3.6855e-11,2.8546e-11,1.8188e-11
3.4654e-11,3.0549e-11,2.4704e-11
3.7001e-11,3.0322e-11,2.2046e-11
4.5848e-11,3.4421e-11,2.376e-11
3.0283e-11,2.8362e-11,7.532e-12
1.2108e-11,1.4657e-11,8.4834e-12
1.314e-11,1.7004e-11,1.0084e-11
3.2938e-11,3.0698e-11,1.1304e-11
4.2222e-11,4.2109e-11,1.7077e-11
1.9272e-11,2.3144e-11,1.7114e-11
1.2838e-11,1.6156e-11,7.594e-12
1.3033e-11,1.6262e-11,8.264e-12
1.7541e-11,2.1414e-11,1.6184e-11
2.9792e-11,3.1979e-11,1.0527e-11
2.8831e-11,3.1038e-11,9.0571e-12
1.5178e-11,1.6636e-11,1.0273e-11
4.9017e-11,5.0953e-11,2.063e-11
1.8851e-11,2.2077e-11,1.6223e-11
2.4974e-11,2.3815e-11,8.1702e-12
3.0945e-11,3.1708e-11,1.2785e-11
1.858e-11,1.9592e-11,1.0605e-11
2.4837e-11,2.2741e-11,1.4333e-11
5.0318e-11,4.4206e-11,2.4249e-11
4.6358e-11,4.0328e-11,2.2221e-11
3.3288e-11,3.0169e-11,2.5914e-11
3.3527e-11,2.5513e-11,1.7642e-11
2.9118e-11,2.5467e-11,2.1529e-11
4.2616e-11,3.4562e-11,1.9834e-11
4.1024e-11,3.2745e-11,1.8808e-11
4.4139e-11,3.5288e-11,2.0832e-11
3.643e-11,3.0318e-11,2.4554e-11
4.2317e-11,3.2794e-11,2.405e-11
1.3015e-11,1.5688e-11,6.5901e-12
3.0934e-11,2.8583e-11,7.9892e-12
1.4871e-11,1.8503e-11,1.2249e-11
1.5492e-11,1.5238e-11,6.3681e-12
3.5958e-11,3.5405e-11,1.0806e-11
1.851e-11,1.6275e-11,5.9454e-12
2.7695e-11,3.7073e-11,2.9687e-11
1.5765e-11,1.7732e-11,1.1931e-11
1.7686e-11,1.8761e-11,1.141e-11
2.5462e-11,2.2869e-11,1.088e-11
3.1183e-11,2.8113e-11,1.2933e-11
4.8988e-11,4.3879e-11,2.2312e-11
2.2411e-11,1.957e-11,1.4469e-11
3.6487e-11,3.0616e-11,1.5872e-11
2.8337e-11,2.2614e-11,1.1621e-11
2.7669e-11,2.2941e-11,1.2125e-11
2.6114e-11,2.1205e-11,1.7235e-11
2.7991e-11,2.3302e-11,1.9648e-11
3.2622e-11,2.7005e-11,1.6781e-11
3.1369e-11,2.5634e-11,1.629e-11
3.3412e-11,3.0168e-11,2.4479e-11
3.3374e-11,2.7773e-11,2.0827e-11
3.4126e-11,2.8737e-11,2.294e-11
3.5207e-11,3.0204e-11,2.4016e-11
4.4793e-11,3.4273e-11,2.2135e-11
4.2863e-11,3.3124e-11,2.2465e-11
1.3574e-11,1.726e-11,1.0313e-11
1.7888e-11,2.1674e-11,1.5247e-11
1.4234e-11,1.8618e-11,1.164e-11
3.5066e-11,3.5412e-11,1.0092e-11
1.8065e-11,1.4885e-11,4.2249e-12
2.3692e-11,2.9369e-11,2.2059e-11
1.8239e-11,1.5957e-11,5.2795e-12
1.4471e-11,1.6588e-11,8.7674e-12
1.6143e-11,1.7816e-11,1.0647e-11
2.0833e-11,1.8934e-11,6.7149e-12
1.871e-11,1.7816e-11,9.8415e-12
2.0856e-11,2.0308e-11,1.2526e-11
2.0737e-11,1.9445e-11,1.2317e-11
2.3688e-11,2.0317e-11,9.2712e-12
4.2896e-11,3.9408e-11,1.7843e-11
3.2183e-11,3.1882e-11,2.6912e-11
2.5406e-11,2.2495e-11,1.5705e-11
3.2575e-11,3.3506e-11,2.7832e-11
4.9006e-11,4.2572e-11,2.2657e-11
2.9379e-11,2.5887e-11,2.1089e-11
2.8977e-11,2.6508e-11,2.1639e-11
2.9475e-11,2.5138e-11,1.4754e-11
3.5324e-11,2.9835e-11,2.0937e-11
3.9075e-11,3.3003e-11,2.2723e-11
2.0166e-11,1.8647e-11,2.6081e-12
1.4166e-11,1.7408e-11,6.8979e-12
1.8664e-11,2.1374e-11,1.2353e-11
2.2103e-11,2.2813e-11,3.218e-12
2.3152e-11,2.8352e-11,2.1051e-11
4.8589e-11,4.939e-11,2.0118e-11
1.4023e-11,1.6739e-11,7.3044e-12
2.0657e-11,2.5139e-11,1.8243e-11
4.9812e-11,5.0549e-11,1.9672e-11
1.3457e-11,1.7448e-11,7.3297e-12
1.3609e-11,1.7259e-11,9.7934e-12
1.4848e-11,1.6866e-11,7.7766e-12
1.8613e-11,2.1956e-11,1.3853e-11
2.0065e-11,2.3501e-11,1.4983e-11
1.5685e-11,1.7441e-11,7.5039e-12
2.0837e-11,2.149e-11,1.5685e-11
2.4495e-11,2.086e-11,9.9553e-12
2.1703e-11,2.008e-11,1.111e-11
2.6526e-11,2.1319e-11,9.5096e-12
5.0932e-11,4.5392e-11,2.4193e-11
2.7902e-11,2.5032e-11,1.9916e-11
3.8373e-11,3.0234e-11,1.6314e-11
2.9111e-11,2.5255e-11,2.0436e-11
3.3538e-11,3.0465e-11,2.4215e-11
4.6062e-11,3.8873e-11,2.0227e-11
3.5374e-11,3.0738e-11,2.4618e-11
3.7358e-11,3.0149e-11,1.7002e-11
3.3864e-11,2.9117e-11,2.1281e-11
3.6597e-11,3.1205e-11,2.0945e-11
4.9299e-11,3.8394e-11,2.5123e-11
2.2716e-11,2.3312e-11,8.6033e-12
1.7444e-11,1.6142e-11,3.9986e-12
1.5561e-11,1.7392e-11,1.025e-11
1.8678e-11,2.2645e-11,1.5639e-11
1.4046e-11,1.7765e-11,7.8513e-12
1.7989e-11,2.1477e-11,1.2276e-11
3.7367e-11,3.8859e-11,1.1414e-11
1.4731e-11,1.7486e-11,6.837e-12
1.4775e-11,1.9053e-11,1.0522e-11
2.3661e-11,2.7253e-11,1.9854e-11
2.5892e-11,2.8175e-11,2.122e-11
2.8384e-11,3.1499e-11,2.4101e-11
5.1039e-11,4.8484e-11,2.1924e-11
2.7827e-11,2.4917e-11,1.01e-11
2.048e-11,1.9949e-11,1.2443e-11
2.1978e-11,2.0966e-11,1.1524e-11
2.3145e-11,2.0894e-11,1.3051e-11
5.2242e-11,4.8214e-11,2.3811e-11
4.4008e-11,3.8408e-11,1.8634e-11
2.6254e-11,2.3139e-11,1.1402e-11
2.7999e-11,2.4291e-11,1.215e-11
3.4511e-11,3.0259e-11,2.3196e-11
4.3047e-11,3.577e-11,2.465e-11
2.4174e-11,2.4526e-11,3.7975e-12
1.4845e-11,1.7879e-11,8.4279e-12
3.1477e-11,3.4697e-11,8.2669e-12
2.8154e-11,3.1693e-11,6.421e-12
1.4401e-11,1.8409e-11,8.0462e-12
3.9333e-11,4.2476e-11,1.0754e-11
1.7778e-11,1.7877e-11,6.9174e-12
2.8723e-11,3.2334e-11,1.0012e-11
2.2028e-11,1.9332e-11,7.3707e-12
2.226e-11,1.8919e-11,7.1618e-12
2.3005e-11,1.902e-11,6.7568e-12
2.0095e-11,1.8832e-11,1.0487e-11
2.1118e-11,1.9201e-11,1.0902e-11
2.6034e-11,2.0794e-11,8.3589e-12
2.2996e-11,2.3592e-11,1.6602e-11
4.3732e-11,3.9662e-11,1.7768e-11
2.5931e-11,2.5148e-11,1.9857e-11
2.5557e-11,2.233e-11,1.7457e-11
4.6771e-11,4.175e-11,2.052e-11
3.0396e-11,2.5704e-11,1.9498e-11
4.5781e-11,3.7247e-11,2.1268e-11
4.7301e-11,3.8422e-11,2.3367e-11
4.6458e-11,3.7621e-11,2.298e-11
1.8134e-11,1.8217e-11,5.1535e-12
2.0022e-11,2.3568e-11,1.5523e-11
2.3365e-11,2.862e-11,2.1814e-11
4.718e-11,4.7959e-11,1.5685e-11
4.5844e-11,4.704e-11,1.5e-11
3.0453e-11,3.4978e-11,7.5535e-12
2.5615e-11,2.8862e-11,6.6907e-12
2.5852e-11,3.0811e-11,2.3074e-11
4.3523e-11,4.5441e-11,1.3597e-11
3.7175e-11,4.0159e-11,1.2724e-11
1.9073e-11,1.9654e-11,1.0554e-11
2.9647e-11,3.1444e-11,2.3707e-11
2.2324e-11,2.0779e-11,1.4782e-11
2.4807e-11,2.1046e-11,1.0172e-11
3.87e-11,3.3363e-11,1.4757e-11
3.6613e-11,3.1371e-11,1.3615e-11
2.7309e-11,2.746e-11,2.148e-11
3.8698e-11,3.13e-11,1.5084e-11
3.1598e-11,2.75e-11,2.0045e-11
4.3352e-11,3.6128e-11,2.0977e-11
4.7054e-11,3.8338e-11,2.2361e-11
1.7097e-11,2.0067e-11,6.2426e-12
2.7703e-11,3.0026e-11,4.3676e-12
4.0036e-11,4.1991e-11,9.8247e-12
4.4004e-11,4.3189e-11,1.2747e-11
2.3381e-11,2.8536e-11,2.2356e-11
1.5775e-11,2.0184e-11,8.076e-12
1.4726e-11,1.844e-11,1.0749e-11
2.7197e-11,3.1375e-11,8.291e-12
2.7847e-11,3.4493e-11,2.4517e-11
1.8787e-11,1.881e-11,8.4511e-12
1.5757e-11,1.8586e-11,9.0306e-12
3.3234e-11,3.853e-11,1.0259e-11
2.5303e-11,2.3197e-11,8.047e-12
5.253e-11,5.4393e-11,1.9099e-11
2.9164e-11,3.271e-11,2.3723e-11
2.3114e-11,2.0487e-11,8.8047e-12
2.4363e-11,2.0707e-11,9.195e-12
3.1911e-11,3.3213e-11,2.5719e-11
2.59e-11,2.3304e-11,1.4984e-11
3.4959e-11,3.504e-11,2.6954e-11
3.1973e-11,2.8364e-11,1.6944e-11
3.235e-11,2.7883e-11,2.0992e-11
3.3477e-11,2.859e-11,2.1559e-11
4.5791e-11,3.7201e-11,1.9174e-11
3.9394e-11,3.4233e-11,2.091e-11
4.2641e-11,3.5858e-11,2.3817e-11
2.5262e-11,2.6547e-11,2.3966e-12
2.362e-11,2.0223e-11,3.9792e-12
1.7756e-11,2.1419e-11,6.3574e-12
3.4419e-11,3.6981e-11,8.9388e-12
1.5677e-11,1.9344e-11,6.7702e-12
1.5531e-11,1.8512e-11,8.579e-12
1.8721e-11,2.2262e-11,1.2096e-11
2.0315e-11,2.3384e-11,1.3557e-11
1.5871e-11,1.9049e-11,1.2428e-11
3.6089e-11,4.1135e-11,1.1102e-11
5.4543e-11,5.5872e-11,2.0899e-11
2.4768e-11,2.3231e-11,1.4417e-11
2.7374e-11,2.4989e-11,1.8885e-11
2.8014e-11,2.5091e-11,1.6531e-11
3.2078e-11,3.2354e-11,2.4072e-11
4.1295e-11,3.3778e-11,1.5244e-11
3.8643e-11,3.1062e-11,1.7863e-11
4.0237e-11,3.4426e-11,2.2506e-11
4.5508e-11,3.9188e-11,2.3266e-11
4.4645e-11,3.8431e-11,2.4337e-11
2.0167e-11,1.9848e-11,5.6505e-12
2.4455e-11,2.2046e-11,4.1274e-12
3.8272e-11,4.1099e-11,8.5858e-12
1.6745e-11,1.9173e-11,9.7396e-12
2.5445e-11,2.2885e-11,2.7789e-12
4.1379e-11,4.4637e-11,1.0256e-11
1.5566e-11,1.9376e-11,1.1183e-11
2.0405e-11,2.3698e-11,1.258e-11
4.1709e-11,4.5893e-11,1.0842e-11
2.1572e-11,1.9114e-11,7.1889e-12
2.8187e-11,3.0045e-11,7.0868e-12
2.5925e-11,2.0614e-11,7.8752e-12
1.9342e-11,2.1205e-11,1.0022e-11
2.5718e-11,2.063e-11,8.2102e-12
2.0435e-11,2.1114e-11,1.2898e-11
2.0333e-11,2.1734e-11,1.2498e-11
2.0778e-11,2.2243e-11,1.0548e-11
2.8297e-11,3.0157e-11,2.2093e-11
3.6429e-11,3.0542e-11,1.2541e-11
3.3136e-11,3.2903e-11,2.6213e-11
3.6495e-11,2.8182e-11,1.4271e-11
3.7406e-11,2.879e-11,1.4809e-11
3.802e-11,3.107e-11,1.5823e-11
3.5424e-11,2.8755e-11,2.275e-11
3.8192e-11,3.2315e-11,2.0445e-11
4.4436e-11,3.717e-11,1.9411e-11
4.253e-11,3.7112e-11,2.2159e-11
2.5871e-11,2.4833e-11,7.3774e-12
2.7696e-11,2.9965e-11,2.0221e-12
1.8305e-11,2.1675e-11,1.3761e-11
2.5522e-11,2.9382e-11,2.1102e-11
2.9415e-11,3.5506e-11,2.5544e-11
5.0524e-11,5.5411e-11,1.5221e-11
2.9248e-11,3.5371e-11,2.4801e-11
1.7455e-11,2.1422e-11,1.2552e-11
2.2455e-11,2.6852e-11,1.876e-11
2.3189e-11,2.7053e-11,1.9869e-11
1.9898e-11,2.2731e-11,1.0122e-11
2.9198e-11,3.3017e-11,2.2902e-11
4.8011e-11,5.1012e-11,1.6396e-11
2.2357e-11,2.3523e-11,1.0461e-11
2.942e-11,2.3518e-11,1.3122e-11
3.1681e-11,3.0701e-11,2.1841e-11
3.1933e-11,2.7524e-11,1.9535e-11
3.7662e-11,2.9561e-11,1.575e-11
3.4772e-11,2.9384e-11,1.8097e-11
3.8071e-11,3.2577e-11,1.7985e-11
4.0907e-11,3.5583e-11,1.9416e-11
2.1405e-11,1.8543e-11,5.0534e-12
1.9056e-11,2.2332e-11,1.4036e-11
2.3388e-11,2.6764e-11,1.7226e-11
3.182e-11,3.5854e-11,4.5292e-12
2.892e-11,3.0554e-11,3.3205e-12
2.0467e-11,2.436e-11,1.4455e-11
1.8124e-11,2.2594e-11,1.4586e-11
3.1237e-11,3.6988e-11,2.6261e-11
2.6028e-11,2.3022e-11,4.6324e-12
1.8295e-11,2.1548e-11,1.2104e-11
4.0535e-11,4.5505e-11,1.0884e-11
3.1347e-11,3.4697e-11,2.5081e-11
5.1994e-11,5.7455e-11,1.5493e-11
4.5743e-11,5.0513e-11,1.3628e-11
1.9804e-11,2.1401e-11,1.2782e-11
3.446e-11,3.232e-11,1.2729e-11
2.9764e-11,3.066e-11,2.2161e-11
4.8741e-11,4.8943e-11,1.7564e-11
4.6083e-11,4.3021e-11,1.601e-11
2.6716e-11,2.6419e-11,1.4829e-11
3.1342e-11,3.1821e-11,2.1205e-11
3.6348e-11,2.8564e-11,1.5279e-11
3.4145e-11,3.0203e-11,2.1162e-11
3.8655e-11,3.0096e-11,1.5046e-11
3.4272e-11,2.9403e-11,1.5967e-11
3.3322e-11,2.7385e-11,2.0199e-11
3.5977e-11,3.0137e-11,1.7286e-11
3.5168e-11,2.9372e-11,2.1796e-11
3.6151e-11,3.0856e-11,2.3046e-11
3.8328e-11,3.2352e-11,1.8811e-11
3.7021e-11,3.1139e-11,1.965e-11
3.9992e-11,3.4768e-11,2.1949e-11
2.4913e-11,1.9689e-11,3.7361e-12
2.6002e-11,2.0219e-11,4.1931e-12
1.8669e-11,2.1053e-11,9.3937e-12
3.6839e-11,4.1404e-11,7.2657e-12
3.6293e-11,4.2152e-11,6.5947e-12
2.2887e-11,2.6225e-11,1.6624e-11
2.3362e-11,2.754e-11,1.9375e-11
3.1806e-11,3.1343e-11,8.4152e-12
3.2043e-11,2.7613e-11,9.3244e-12
2.6656e-11,2.4051e-11,9.6505e-12
2.2671e-11,2.3773e-11,1.3504e-11
2.507e-11,2.5315e-11,1.2091e-11
3.1819e-11,3.2898e-11,2.3899e-11
3.0666e-11,2.9849e-11,2.1703e-11
3.4306e-11,3.4146e-11,2.3817e-11
4.8864e-11,4.2255e-11,1.7474e-11
3.7159e-11,3.1215e-11,2.3923e-11
3.6902e-11,3.1377e-11,1.9756e-11
3.8919e-11,3.3069e-11,1.8113e-11
3.9922e-11,3.3818e-11,2.0466e-11
4.3662e-11,3.8161e-11,2.0239e-11
3.019e-11,3.052e-11,1.0533e-12
2.7665e-11,2.2232e-11,3.0228e-12
3.1791e-11,3.6157e-11,2.5522e-11
5.0135e-11,5.5675e-11,1.1547e-11
2.6767e-11,2.2535e-11,8.0829e-12
4.8106e-11,5.4309e-11,1.0752e-11
1.8996e-11,2.1968e-11,1.1795e-11
2.83e-11,3.2306e-11,2.193e-11
2.9657e-11,2.3774e-11,7.8975e-12
3.3825e-11,3.7302e-11,8.2103e-12
3.0876e-11,3.0263e-11,7.72e-12
3.8138e-11,4.0244e-11,1.3178e-11
3.3431e-11,3.1959e-11,2.2244e-11
3.0164e-11,2.7803e-11,1.7908e-11
3.4756e-11,3.4539e-11,2.4805e-11
3.207e-11,2.5694e-11,1.2353e-11
3.3693e-11,2.8955e-11,2.1755e-11
2.6301e-11,3.0665e-11,2.0526e-11
2.847e-11,2.1435e-11,6.8607e-12
2.4777e-11,2.4756e-11,7.1322e-12
2.139e-11,2.5732e-11,1.53e-11
2.997e-11,2.8437e-11,5.9473e-12
2.6663e-11,3.1495e-11,2.0238e-11
4.898e-11,5.4824e-11,1.2152e-11
2.3336e-11,2.6021e-11,1.2261e-11
3.15e-11,2.583e-11,1.1876e-11
3.2226e-11,3.1526e-11,1.9837e-11
2.6281e-11,2.4283e-11,6.3891e-12
2.991e-11,2.7885e-11,2.0817e-12
2.9853e-11,2.7029e-11,6.7541e-12
2.2996e-11,2.6605e-11,1.5616e-11
2.0104e-11,2.2966e-11,1.0037e-11
2.871e-11,3.1981e-11,1.9731e-11
3.7422e-11,4.1673e-11,4.1296e-12
2.8833e-11,2.3049e-11,7.1197e-12
4.5906e-11,5.2439e-11,8.8451e-12
3.4208e-11,3.775e-11,2.5616e-11
2.6319e-11,3.0412e-11,1.6142e-11
3.1554e-11,2.7733e-11,6.4712e-12
2.2793e-11,2.6186e-11,1.4284e-11
2.2858e-11,2.736e-11,1.4778e-11
3.9644e-11,4.4831e-11,1.1141e-11
2.3253e-11,2.5964e-11,1.4281e-11
2.1535e-11,2.4574e-11,1.2065e-11
2.5354e-11,2.7204e-11,1.148e-11
3.0973e-11,2.825e-11,1.9264e-11
3.427e-11,2.8239e-11,1.7337e-11
4.2007e-11,3.3719e-11,1.6415e-11
4.003e-11,3.2422e-11,1.7163e-11
4.2958e-11,3.6805e-11,2.1134e-11
2.8008e-11,2.224e-11,4.3865e-12
2.0506e-11,2.4104e-11,1.3281e-11
2.8556e-11,3.2948e-11,2.2194e-11
4.2621e-11,4.906e-11,8.6438e-12
3.2412e-11,3.7597e-11,2.3924e-11
3.183e-11,3.5386e-11,2.2439e-11
4.4166e-11,5.058e-11,1.1054e-11
2.4018e-11,2.8038e-11,1.4957e-11
2.4337e-11,2.8609e-11,1.2022e-11
3.9927e-11,4.1024e-11,1.1807e-11
2.6789e-11,2.634e-11,1.6712e-11
4.142e-11,3.4042e-11,1.3011e-11
3.2896e-11,2.8965e-11,1.9835e-11
3.5934e-11,3.1548e-11,2.1805e-11
3.746e-11,3.1482e-11,1.9986e-11
3.8366e-11,3.3263e-11,2.2633e-11
2.2605e-11,2.7357e-11,9.0344e-12
3.571e-11,3.3501e-11,4.6367e-12
2.2182e-11,2.5801e-11,1.3428e-11
3.9397e-11,4.4124e-11,6.577e-12
3.061e-11,3.4227e-11,2.1714e-11
2.3876e-11,2.7645e-11,1.6025e-11
2.39e-11,2.9152e-11,1.1771e-11
3.8227e-11,3.3286e-11,1.3121e-11
3.3955e-11,2.8185e-11,1.6967e-11
3.7239e-11,3.2982e-11,2.1938e-11
4.1335e-11,3.4231e-11,2.0564e-11
2.551e-11,2.9405e-11,1.9857e-11
2.4751e-11,2.7531e-11,7.7184e-12
2.8349e-11,3.2621e-11,1.781e-11
3.5886e-11,3.7045e-11,5.0835e-12
4.5114e-11,5.2705e-11,9.2439e-12
2.3053e-11,2.6566e-11,1.7757e-11
4.7443e-11,5.396e-11,1.0997e-11
3.5271e-11,2.8388e-11,6.1518e-12
3.3031e-11,2.5609e-11,5.1664e-12
2.5785e-11,3.0763e-11,1.0511e-11
2.8869e-11,3.4668e-11,2.1106e-11
2.8877e-11,3.3365e-11,2.0646e-11
2.5998e-11,3.1715e-11,1.8513e-11
3.3544e-11,2.7698e-11,1.412e-11
3.6703e-11,3.2592e-11,2.1742e-11
4.4658e-11,3.7082e-11,2.2077e-11
2.3902e-11,2.6634e-11,1.8662e-11
2.6895e-11,2.7585e-11,1.9922e-11
2.8396e-11,3.3554e-11,2.0613e-11
3.3958e-11,2.7784e-11,7.1045e-12
2.5467e-11,2.9337e-11,1.279e-11
3.5206e-11,3.731e-11,2.2634e-11
3.6916e-11,3.6425e-11,2.2492e-11
3.1279e-11,2.9844e-11,1.8017e-11
4.1899e-11,3.4737e-11,1.4919e-11
4.5141e-11,3.8127e-11,1.6717e-11
4.7012e-11,3.8687e-11,1.7211e-11
4.6807e-11,3.8399e-11,1.8121e-11
2.8189e-11,3.252e-11,2.0812e-11
4.167e-11,3.3624e-11,5.3721e-12
4.3535e-11,4.5046e-11,4.2502e-12
3.9529e-11,3.1929e-11,7.0891e-12
3.4956e-11,2.8465e-11,8.7113e-12
2.6493e-11,3.0204e-11,1.9271e-11
3.9876e-11,3.001e-11,9.2185e-12
3.2601e-11,3.3282e-11,2.0394e-11
3.5193e-11,3.3632e-11,2.0828e-11
3.7868e-11,3.4091e-11,1.725e-11
4.0835e-11,3.4513e-11,1.5131e-11
4.1738e-11,3.5873e-11,1.8792e-11
4.6126e-11,3.7911e-11,2.1865e-11
2.5365e-11,2.7231e-11,1.6635e-11
3.4672e-11,2.9714e-11,7.1871e-12
2.6879e-11,2.9058e-11,2.0982e-11
4.0965e-11,3.3448e-11,3.5192e-12
3.0389e-11,3.5809e-11,2.137e-11
3.3267e-11,3.7844e-11,2.3054e-11
3.8165e-11,2.9534e-11,9.1257e-12
2.6614e-11,3.1846e-11,1.2161e-11
2.6992e-11,3.1553e-11,1.4088e-11
4.6506e-11,4.7523e-11,5.5904e-12
4.1957e-11,3.0682e-11,6.9072e-12
4.1114e-11,3.1298e-11,7.725e-12
3.9481e-11,3.007e-11,8.4303e-12
3.2333e-11,3.5902e-11,2.0944e-11
3.2227e-11,3.3585e-11,1.9655e-11
4.7696e-11,4.5885e-11,1.2021e-11
3.5231e-11,3.2103e-11,1.3784e-11
4.8509e-11,4.5037e-11,1.329e-11
4.4369e-11,3.8719e-11,1.3927e-11
3.2443e-11,3.521e-11,9.0954e-12
3.8019e-11,2.938e-11,7.4005e-12
2.7641e-11,3.0014e-11,1.7609e-11
3.3918e-11,3.9965e-11,2.3052e-11
3.3278e-11,3.6403e-11,1.0175e-11
4.4668e-11,4.0118e-11,5.1007e-12
3.297e-11,3.6202e-11,1.0278e-11
3.2822e-11,3.9441e-11,2.1524e-11
2.672e-11,3.1979e-11,1.4075e-11
2.6944e-11,3.1152e-11,1.7135e-11
4.4973e-11,3.5317e-11,1.4104e-11
3.8164e-11,3.7085e-11,2.2087e-11
3.8449e-11,3.6544e-11,2.0351e-11
2.956e-11,3.2688e-11,2.2227e-11
3.5389e-11,3.8924e-11,1.1144e-11
3.2837e-11,3.8645e-11,2.259e-11
3.4253e-11,3.9453e-11,2.2265e-11
2.8999e-11,3.3391e-11,2.1345e-11
4.1126e-11,3.3912e-11,1.0004e-11
3.4473e-11,3.7305e-11,2.1505e-11
3.3217e-11,3.6539e-11,2.1275e-11
4.7574e-11,4.2523e-11,1.1776e-11
3.4622e-11,3.6205e-11,1.7167e-11
5.1692e-11,4.5261e-11,1.4257e-11
4.8634e-11,3.9399e-11,1.7033e-11
4.4245e-11,3.8674e-11,2.0666e-11
4.4256e-11,3.2758e-11,4.9741e-12
3.2485e-11,3.4431e-11,1.8808e-11
3.1367e-11,3.2737e-11,1.9456e-11
3.1241e-11,3.6265e-11,1.5398e-11
3.8866e-11,3.8277e-11,1.2262e-11
4.8909e-11,4.2702e-11,1.053e-11
3.7754e-11,3.9186e-11,2.3653e-11
4.5795e-11,3.8919e-11,1.4426e-11
3.9349e-11,3.8647e-11,2.3477e-11
4.4334e-11,3.9728e-11,1.8686e-11
4.9977e-11,4.1502e-11,1.7314e-11
4.6775e-11,3.4573e-11,8.0175e-12
5.0377e-11,3.6836e-11,8.0938e-12
3.3344e-11,3.9229e-11,1.3287e-11
4.4853e-11,3.5673e-11,1.0729e-11
3.2283e-11,3.7e-11,1.6192e-11
5.0226e-11,4.7912e-11,8.5728e-12
4.7354e-11,3.9204e-11,1.2144e-11
4.2839e-11,3.7529e-11,1.2433e-11
5.0478e-11,4.2471e-11,1.6657e-11
4.367e-11,4.0836e-11,2.2085e-11
4.8873e-11,3.5629e-11,6.208e-12
3.3891e-11,3.8846e-11,1.956e-11
3.3235e-11,3.6057e-11,1.9754e-11
5.2294e-11,3.739e-11,7.8428e-12
3.1566e-11,3.5903e-11,2.163e-11
4.8478e-11,3.6863e-11,1.0593e-11
3.225e-11,3.6456e-11,2.1058e-11
5.3361e-11,4.3915e-11,1.4314e-11
3.5488e-11,3.7249e-11,2.0312e-11
3.6694e-11,4.2996e-11,1.3881e-11
3.604e-11,3.9558e-11,2.0374e-11
4.8102e-11,4.2473e-11,1.3047e-11
5.464e-11,4.2953e-11,1.3467e-11
3.9989e-11,4.2505e-11,1.897e-11
3.9253e-11,4.4333e-11,1.4333e-11
4.1396e-11,4.5624e-11,1.44e-11
5.5252e-11,4.6472e-11,1.0734e-11
5.2938e-11,4.5342e-11,1.4817e-11
5.4366e-11,3.9469e-11,1.0244e-11
5.4159e-11,4.6786e-11,1.4205e-11
5.3062e-11,4.7053e-11,1.5165e-11
4.205e-11,4.7574e-11,1.4193e-11
6.4301e-11,4.8663e-11,1.0399e-11
4.4184e-11,4.8493e-11,1.4437e-11
5.9199e-11,4.458e-11,1.3779e-11
4.6634e-11,4.839e-11,1.5986e-11
4.4815e-11,4.8243e-11,1.8664e-11
6.4354e-11,4.6244e-11,1.2838e-11
4.7922e-11,4.9999e-11,1.7881e-11
