3.8083e-11,6.5454e-11,2.8118e-11
4.16e-11,6.4346e-11,2.195e-11
4.3629e-11,7.0173e-11,2.8933e-11
4.8006e-11,7.5179e-11,2.1884e-11
3.8413e-11,6.2305e-11,2.2024e-11
5.0139e-11,7.8366e-11,1.9004e-11
4.4444e-11,6.79e-11,2.0876e-11
2.0875e-11,4.8039e-11,5.1496e-11
1.8758e-11,5.5831e-11,4.4026e-11
1.302e-11,5.847e-11,4.0891e-11
1.8625e-11,5.6582e-11,4.4117e-11
4.6442e-11,7.2278e-11,2.1025e-11
2.1755e-11,5.1205e-11,4.4219e-11
2.0173e-11,4.8593e-11,4.8828e-11
1.5055e-11,5.7791e-11,3.8821e-11
1.4323e-11,5.2683e-11,4.1487e-11
1.2447e-11,6.1653e-11,3.9051e-11
1.5684e-11,5.2902e-11,4.7727e-11
1.7052e-11,6.5071e-11,3.6827e-11
3.4368e-11,5.8032e-11,2.5175e-11
3.4971e-11,5.8815e-11,2.0394e-11
4.9676e-11,7.3199e-11,1.795e-11
2.3111e-11,4.6986e-11,4.5902e-11
2.1543e-11,4.7082e-11,4.9472e-11
1.5745e-11,5.9501e-11,3.5067e-11
1.5684e-11,6.0333e-11,3.7104e-11
1.5978e-11,6.3125e-11,3.6045e-11
4.1326e-11,6.158e-11,3.6809e-11
3.5008e-11,6.1566e-11,2.0978e-11
4.5379e-11,6.6503e-11,2.0804e-11
6.0707e-11,6.7661e-11,1.4316e-11
1.2922e-11,4.8272e-11,4.3542e-11
1.4361e-11,6.3906e-11,3.4865e-11
1.6947e-11,6.1658e-11,3.7155e-11
3.2036e-11,5.6522e-11,2.0126e-11
4.3851e-11,6.9777e-11,2.0037e-11
5.1439e-11,6.7386e-11,2.1123e-11
1.7294e-11,5.2114e-11,3.5921e-11
1.6421e-11,5.3284e-11,4.8226e-11
1.3691e-11,5.6444e-11,3.9215e-11
4.1666e-11,5.7712e-11,3.2956e-11
3.5945e-11,5.4175e-11,2.1884e-11
5.4979e-11,6.7286e-11,1.8074e-11
7.0955e-11,6.4637e-11,1.1921e-11
6.8728e-11,6.8117e-11,1.1186e-11
1.2616e-11,5.0591e-11,3.6319e-11
1.2915e-11,5.0043e-11,4.5481e-11
1.572e-11,5.775e-11,3.2019e-11
4.8686e-11,4.884e-11,4.4206e-11
4.8528e-11,4.8249e-11,4.7027e-11
3.2943e-11,5.9746e-11,1.8311e-11
2.6617e-11,4.4386e-11,4.6016e-11
6.2343e-11,6.2525e-11,1.2299e-11
1.5384e-11,3.9514e-11,3.7122e-11
1.4301e-11,5.301e-11,3.4303e-11
3.1543e-11,5.6766e-11,2.0909e-11
3.6046e-11,6.5543e-11,1.9515e-11
4.6176e-11,6.9843e-11,1.6529e-11
2.1131e-11,4.3229e-11,4.7191e-11
1.4396e-11,3.7402e-11,3.7616e-11
9.7542e-12,5.6024e-11,3.3132e-11
1.114e-11,4.7436e-11,4.7476e-11
1.4444e-11,5.419e-11,3.1014e-11
1.1123e-11,5.2954e-11,3.5913e-11
3.7652e-11,5.2522e-11,2.9427e-11
3.7276e-11,5.507e-11,1.8607e-11
2.9024e-11,4.3664e-11,4.7529e-11
2.8646e-11,5.0912e-11,4.0317e-11
2.4277e-11,4.0043e-11,4.5691e-11
7.1643e-11,5.8517e-11,9.5621e-12
1.4131e-11,4.7788e-11,3.0036e-11
1.3356e-11,4.5604e-11,4.9263e-11
1.039e-11,5.0663e-11,2.8546e-11
1.3491e-11,4.0613e-11,3.4124e-11
9.8856e-12,5.0303e-11,3.5874e-11
4.952e-11,4.4584e-11,3.9411e-11
4.7009e-11,4.843e-11,3.8991e-11
3.0384e-11,4.8627e-11,2.3697e-11
3.6026e-11,5.8571e-11,1.9395e-11
2.86e-11,4.2545e-11,4.6105e-11
1.6854e-11,4.1682e-11,3.551e-11
1.9914e-11,4.6223e-11,4.9721e-11
1.4953e-11,4.3607e-11,4.5537e-11
2.1638e-11,3.3307e-11,3.1164e-11
1.1004e-11,5.73e-11,3.0254e-11
1.4336e-11,4.9882e-11,3.0039e-11
5.2511e-11,4.3132e-11,4.1064e-11
5.5301e-11,4.1222e-11,4.5053e-11
3.6788e-11,4.3234e-11,3.2475e-11
3.0828e-11,5.2032e-11,2.1954e-11
3.1435e-11,5.7443e-11,1.6824e-11
3.3049e-11,4.09e-11,4.5662e-11
2.8111e-11,4.6858e-11,2.1983e-11
3.2341e-11,4.0539e-11,4.5676e-11
2.9924e-11,5.3373e-11,2.0333e-11
2.975e-11,4.1928e-11,3.7483e-11
5.655e-11,5.6105e-11,1.4775e-11
6.4106e-11,6.1731e-11,9.0975e-12
8.5958e-12,4.7323e-11,4.7906e-11
1.1372e-11,4.6276e-11,3.982e-11
1.141e-11,4.7706e-11,3.0831e-11
3.7314e-11,5.2284e-11,2.7372e-11
3.1758e-11,4.687e-11,2.7133e-11
2.7726e-11,4.541e-11,2.3729e-11
3.8637e-11,5.4483e-11,1.9477e-11
3.7751e-11,5.3523e-11,1.4061e-11
2.36e-11,4.2011e-11,3.4892e-11
1.6858e-11,3.6007e-11,3.6538e-11
1.4079e-11,4.4004e-11,2.8656e-11
1.348e-11,4.0442e-11,2.9681e-11
1.1824e-11,3.4869e-11,2.7284e-11
9.5529e-12,5.0674e-11,4.9366e-11
7.4903e-12,4.4706e-11,4.6163e-11
8.7517e-12,4.3086e-11,3.8642e-11
9.0178e-12,4.3748e-11,3.8951e-11
1.4671e-11,4.6895e-11,3.0693e-11
4.6421e-11,4.5812e-11,3.4667e-11
3.3538e-11,3.8773e-11,2.8211e-11
3.036e-11,3.7986e-11,4.3753e-11
3.4033e-11,3.8024e-11,3.6911e-11
2.5799e-11,3.5882e-11,3.7206e-11
2.6999e-11,3.773e-11,3.549e-11
6.0751e-11,5.4984e-11,9.2964e-12
1.9615e-11,4.5723e-11,3.134e-11
1.9899e-11,4.0413e-11,2.9102e-11
1.4219e-11,3.5162e-11,3.3856e-11
1.045e-11,4.4172e-11,4.0005e-11
8.7716e-12,4.3776e-11,3.4747e-11
7.7348e-12,4.3167e-11,3.6641e-11
3.2064e-11,4.6346e-11,2.7424e-11
3.704e-11,5.0511e-11,2.4792e-11
3.5244e-11,3.5968e-11,4.4886e-11
3.94e-11,5.5416e-11,2.3003e-11
4.4556e-11,5.5423e-11,2.9502e-11
3.1545e-11,4.3152e-11,3.701e-11
4.2368e-11,5.7538e-11,1.106e-11
6.3453e-11,5.9514e-11,8.7074e-12
1.6166e-11,3.308e-11,3.3954e-11
6.3489e-12,5.3161e-11,2.3929e-11
9.8757e-12,4.2529e-11,3.6472e-11
5.9665e-11,2.2668e-11,2.3398e-11
5.7062e-11,2.546e-11,2.5171e-11
3.1965e-11,4.657e-11,2.2982e-11
3.1412e-11,3.9547e-11,4.5571e-11
4.4798e-11,5.4401e-11,2.6723e-11
3.2251e-11,3.6398e-11,3.7674e-11
3.1159e-11,5.2289e-11,2.2336e-11
2.7763e-11,3.8276e-11,3.2871e-11
5.2173e-11,5.2155e-11,1.5663e-11
7.1757e-11,5.3049e-11,8.6523e-12
1.949e-11,3.5594e-11,3.6441e-11
4.6923e-11,5.3581e-11,1.6618e-11
1.5797e-11,4.1597e-11,2.4902e-11
1.6028e-11,2.9984e-11,3.2502e-11
8.7082e-12,4.648e-11,2.5454e-11
1.13e-11,4.0452e-11,3.504e-11
8.2634e-12,4.4515e-11,4.0901e-11
7.8003e-12,4.2547e-11,2.9828e-11
1.1321e-11,3.8927e-11,2.9712e-11
9.7643e-12,3.8244e-11,3.232e-11
6.1042e-11,2.3288e-11,4.0321e-11
5.6296e-11,3.5551e-11,4.128e-11
4.5929e-11,3.043e-11,3.3267e-11
5.2788e-11,2.6338e-11,4.4102e-11
5.2539e-11,4.0243e-11,4.0334e-11
4.0147e-11,3.5413e-11,3.0763e-11
6.0285e-11,1.9211e-11,2.1231e-11
5.5968e-11,2.1655e-11,2.2635e-11
4.8862e-11,2.5053e-11,2.2477e-11
3.2028e-11,3.6405e-11,4.7258e-11
4.7998e-11,2.4946e-11,2.0693e-11
2.7234e-11,4.1005e-11,2.9001e-11
4.0703e-11,5.1144e-11,3.0419e-11
2.8045e-11,4.1512e-11,1.9999e-11
2.6459e-11,4.4144e-11,2.4828e-11
2.6785e-11,3.8506e-11,3.9887e-11
2.5297e-11,3.8146e-11,3.8825e-11
2.387e-11,3.357e-11,3.3179e-11
2.3958e-11,4.2922e-11,2.7606e-11
2.0094e-11,3.4374e-11,3.14e-11
7.1626e-11,5.1483e-11,4.2871e-12
4.9381e-11,5.4301e-11,1.2e-11
1.0439e-11,3.229e-11,3.4651e-11
1.3103e-11,4.1738e-11,2.6393e-11
1.4389e-11,3.574e-11,3.1329e-11
9.2647e-12,3.8362e-11,2.7701e-11
1.2669e-11,4.7665e-11,2.46e-11
7.0061e-12,4.359e-11,2.629e-11
6.7332e-12,3.9884e-11,3.4363e-11
6.678e-11,1.185e-11,3.1292e-11
5.4405e-11,2.3735e-11,4.6312e-11
5.8107e-11,1.9633e-11,2.0846e-11
3.89e-11,4.5071e-11,3.4687e-11
3.1591e-11,4.3836e-11,2.5929e-11
3.1327e-11,4.8032e-11,2.1985e-11
2.4483e-11,3.9373e-11,2.7201e-11
2.7909e-11,3.9657e-11,4.1543e-11
4.38e-11,5.4318e-11,1.5925e-11
3.2901e-11,3.9129e-11,3.2296e-11
3.0364e-11,4.9858e-11,1.4759e-11
2.9017e-11,4.0312e-11,1.7966e-11
3.2021e-11,4.4665e-11,1.3755e-11
3.9711e-11,5.0691e-11,1.6817e-11
2.6116e-11,4.5047e-11,4.7464e-11
4.9189e-11,5.1808e-11,1.1174e-11
1.6616e-11,3.8053e-11,2.8449e-11
2.4236e-11,4.8151e-11,4.5883e-11
5.4693e-11,5.3405e-11,8.3394e-12
5.1721e-11,5.695e-11,1.4447e-11
1.674e-11,5.1547e-11,5.0654e-11
8.2745e-12,3.8376e-11,3.9338e-11
8.3419e-12,4.105e-11,2.2752e-11
5.6406e-12,3.5231e-11,2.8819e-11
8.7393e-12,4.1152e-11,3.7037e-11
6.8195e-11,1.4531e-11,3.0137e-11
6.6784e-11,1.8049e-11,2.2487e-11
6.3602e-11,1.0832e-11,3.0844e-11
6.3956e-11,1.2479e-11,2.8455e-11
6.7712e-11,1.8771e-11,2.1383e-11
6.0575e-11,1.2577e-11,3.1566e-11
6.0861e-11,1.3386e-11,3.4634e-11
4.5215e-11,3.1736e-11,3.1043e-11
4.2461e-11,3.2894e-11,3.0124e-11
5.4678e-11,1.8825e-11,3.5363e-11
3.8958e-11,3.449e-11,4.7295e-11
3.6455e-11,3.681e-11,4.5233e-11
4.303e-11,2.7388e-11,2.0298e-11
3.2868e-11,4.7968e-11,2.078e-11
2.8863e-11,3.1987e-11,2.3107e-11
3.686e-11,3.3934e-11,1.8319e-11
2.238e-11,4.0607e-11,2.0396e-11
4.6523e-11,5.1759e-11,1.8193e-11
2.8713e-11,4.1625e-11,1.5241e-11
2.7025e-11,3.991e-11,1.7297e-11
3.5725e-11,4.6649e-11,1.4004e-11
2.4279e-11,4.2994e-11,4.6656e-11
4.6745e-11,5.1977e-11,1.2525e-11
3.5903e-11,4.6467e-11,1.5553e-11
1.6564e-11,4.2785e-11,2.2546e-11
9.4885e-12,3.1367e-11,2.564e-11
1.3292e-11,4.7814e-11,2.1969e-11
6.0225e-12,4.4172e-11,2.3164e-11
1.9881e-11,4.4753e-11,2.2545e-11
1.0117e-11,3.3825e-11,2.7458e-11
6.6625e-11,1.4003e-11,3.1085e-11
5.9634e-11,1.2335e-11,3.4643e-11
3.3455e-11,3.3278e-11,2.6547e-11
4.2323e-11,3.1051e-11,3.8004e-11
5.2811e-11,1.2214e-11,2.4909e-11
4.5341e-11,2.2461e-11,3.0343e-11
3.3796e-11,4.0208e-11,4.416e-11
3.1128e-11,3.7949e-11,2.8825e-11
3.4522e-11,3.6713e-11,3.5166e-11
4.2001e-11,2.7464e-11,1.8012e-11
2.7269e-11,4.2999e-11,2.0003e-11
2.4987e-11,3.6964e-11,1.8241e-11
2.2054e-11,3.7987e-11,2.5578e-11
2.2194e-11,4.0792e-11,2.502e-11
6.5045e-11,4.1082e-11,1.0657e-11
2.1136e-11,5.0105e-11,5.1054e-11
5.5476e-11,5.0916e-11,1.3987e-11
1.0395e-11,3.9038e-11,2.0936e-11
8.4112e-12,3.1821e-11,3.1405e-11
6.0433e-11,2.5648e-11,3.9281e-11
6.4468e-11,2.5302e-11,3.3335e-11
5.6986e-11,2.6294e-11,3.5915e-11
6.2869e-11,1.3156e-11,3.0772e-11
5.5489e-11,2.3618e-11,3.3187e-11
4.8201e-11,1.903e-11,4.2798e-11
5.4662e-11,1.0809e-11,3.3491e-11
4.064e-11,2.521e-11,4.8973e-11
5.6457e-11,1.0741e-11,3.0101e-11
3.6173e-11,3.0918e-11,4.7837e-11
5.3838e-11,1.0673e-11,2.7825e-11
5.3703e-11,2.4616e-11,2.349e-11
3.0607e-11,2.9833e-11,4.6431e-11
5.1985e-11,1.5406e-11,2.2705e-11
3.8142e-11,4.1901e-11,3.3356e-11
5.0916e-11,1.0756e-11,2.5293e-11
3.686e-11,3.9568e-11,3.5338e-11
3.0801e-11,3.5486e-11,4.1411e-11
4.3186e-11,2.6561e-11,3.0247e-11
2.993e-11,3.6139e-11,4.2588e-11
4.0946e-11,3.6515e-11,2.9024e-11
2.7486e-11,4.0857e-11,1.8235e-11
2.842e-11,2.8718e-11,2.0702e-11
2.0746e-11,2.8098e-11,3.2305e-11
2.9499e-11,4.4118e-11,1.9355e-11
2.264e-11,3.2468e-11,3.495e-11
2.6544e-11,3.9161e-11,4.0357e-11
4.8096e-11,5.1556e-11,9.445e-12
6.1211e-11,4.1036e-11,1.2418e-11
2.4214e-11,4.6323e-11,4.6323e-11
1.3795e-11,2.6013e-11,2.3382e-11
5.4368e-11,5.0253e-11,1.2703e-11
1.9369e-11,5.0368e-11,5.161e-11
1.2925e-11,4.6607e-11,4.6436e-11
1.442e-11,3.6989e-11,2.5051e-11
1.3083e-11,4.2807e-11,2.078e-11
1.4438e-11,4.072e-11,1.9937e-11
1.0809e-11,2.9358e-11,3.3205e-11
9.4049e-12,5.1572e-11,4.8564e-11
1.0503e-11,3.8687e-11,3.5143e-11
6.8235e-12,3.4513e-11,3.1346e-11
9.2327e-12,3.4542e-11,2.8096e-11
6.1805e-11,2.2554e-11,3.8364e-11
6.2103e-11,2.2175e-11,3.2033e-11
5.0575e-11,3.0106e-11,3.4518e-11
5.6061e-11,1.1534e-11,2.9909e-11
4.6134e-11,2.6709e-11,3.2313e-11
4.9762e-11,3.9406e-11,4.0863e-11
3.2109e-11,3.0843e-11,4.465e-11
5.7821e-11,1.4578e-11,2.124e-11
3.8822e-11,2.6501e-11,3.3222e-11
3.3056e-11,3.2235e-11,3.9188e-11
3.0176e-11,3.4533e-11,4.1174e-11
2.7799e-11,2.7554e-11,3.5316e-11
3.7166e-11,4.4946e-11,1.9053e-11
2.641e-11,4.1159e-11,1.8708e-11
3.0001e-11,3.2477e-11,2.4964e-11
3.408e-11,4.5737e-11,1.3275e-11
3.5885e-11,4.8753e-11,1.309e-11
7.0599e-11,4.7144e-11,8.5709e-12
2.2704e-11,4.2062e-11,4.6214e-11
4.7083e-11,5.0951e-11,8.4307e-12
1.5614e-11,3.0235e-11,2.2783e-11
5.4324e-11,4.9657e-11,1.4353e-11
7.3519e-12,2.5263e-11,2.3943e-11
7.5552e-12,4.3548e-11,2.0192e-11
5.4223e-12,4.0715e-11,2.0312e-11
9.4445e-12,4.5148e-11,2.3434e-11
8.8972e-12,3.2088e-11,2.5708e-11
6.3097e-11,2.2854e-11,3.9071e-11
5.9698e-11,2.518e-11,3.4454e-11
5.5799e-11,2.8651e-11,3.4823e-11
5.7949e-11,1.4437e-11,2.9913e-11
5.458e-11,3.1437e-11,3.4925e-11
4.7116e-11,3.0594e-11,2.8743e-11
3.0315e-11,3.0084e-11,4.0419e-11
4.518e-11,2.2414e-11,2.5828e-11
3.9716e-11,2.9522e-11,2.9924e-11
3.793e-11,3.5143e-11,3.0306e-11
3.3078e-11,3.1648e-11,3.9381e-11
5.0575e-11,1.5051e-11,2.0252e-11
4.6118e-11,1.5615e-11,2.034e-11
2.6944e-11,3.5015e-11,2.6961e-11
3.4595e-11,4.1264e-11,2.8645e-11
3.54e-11,4.1721e-11,2.6905e-11
2.5551e-11,3.7067e-11,2.4414e-11
2.7854e-11,2.875e-11,2.1977e-11
2.9663e-11,4.1327e-11,2.5125e-11
2.8656e-11,3.0841e-11,2.9639e-11
3.2541e-11,4.3242e-11,2.16e-11
3.1287e-11,2.0466e-11,2.1197e-11
3.1496e-11,2.8622e-11,1.8047e-11
2.8988e-11,4.5391e-11,1.6764e-11
2.4267e-11,4.2593e-11,1.6526e-11
3.3243e-11,2.5623e-11,1.6419e-11
2.5403e-11,3.6118e-11,1.7593e-11
3.0925e-11,3.0537e-11,2.033e-11
6.0329e-11,4.9225e-11,8.407e-12
1.8048e-11,3.1263e-11,2.5583e-11
6.8886e-11,5.1174e-11,8.654e-12
4.7715e-11,4.5551e-11,1.0034e-11
1.3299e-11,2.5031e-11,2.9098e-11
5.6978e-11,4.8973e-11,6.588e-12
7.1111e-11,4.7736e-11,3.4774e-12
1.0998e-11,3.0351e-11,2.0958e-11
9.4477e-12,2.6725e-11,2.0437e-11
1.3175e-11,3.1965e-11,3.2199e-11
5.7997e-11,2.0906e-11,2.9764e-11
6.3121e-11,1.7674e-11,2.2576e-11
6.379e-11,1.8461e-11,2.12e-11
4.2245e-11,1.7824e-11,4.1969e-11
3.7934e-11,2.5753e-11,4.2242e-11
5.2462e-11,9.7454e-12,2.8075e-11
4.4311e-11,2.6129e-11,2.5911e-11
4.2562e-11,2.4638e-11,2.5536e-11
5.2211e-11,3.7941e-11,4.4423e-11
4.2325e-11,2.6837e-11,3.1283e-11
3.5096e-11,2.7644e-11,2.4623e-11
4.7532e-11,1.6212e-11,2.0133e-11
4.1573e-11,2.4458e-11,2.1452e-11
3.417e-11,3.9297e-11,4.3552e-11
4.653e-11,1.2096e-11,2.2274e-11
4.1036e-11,9.3009e-12,2.2981e-11
2.6814e-11,2.6803e-11,2.2087e-11
3.64e-11,4.6311e-11,2.7076e-11
2.8201e-11,3.6852e-11,4.0164e-11
3.677e-11,1.02e-11,2.5201e-11
2.4262e-11,3.0352e-11,3.36e-11
2.3383e-11,3.6865e-11,1.8774e-11
3.9548e-11,1.2534e-11,2.2025e-11
2.3385e-11,3.8627e-11,2.0529e-11
4.8927e-11,4.5293e-11,1.3465e-11
2.697e-11,4.305e-11,4.3736e-11
1.6003e-11,2.8851e-11,2.4111e-11
3.5669e-11,3.9061e-11,2.0019e-11
1.7984e-11,3.3826e-11,2.0956e-11
3.7957e-11,4.4843e-11,1.544e-11
5.0299e-11,4.7861e-11,1.3892e-11
5.2288e-11,4.8619e-11,1.3714e-11
1.1077e-11,3.8716e-11,1.9626e-11
1.0072e-11,4.8147e-11,4.6075e-11
8.7334e-12,3.0879e-11,2.4994e-11
7.2343e-12,2.7622e-11,2.2902e-11
4.8119e-12,4.8858e-11,4.3992e-11
7.781e-12,3.0041e-11,2.8829e-11
4.1625e-12,3.6102e-11,1.9894e-11
6.3614e-11,2.1191e-11,3.7417e-11
5.9192e-11,2.5372e-11,3.8274e-11
5.0333e-11,2.8192e-11,2.899e-11
5.1401e-11,2.8e-11,2.8753e-11
4.8713e-11,1.3291e-11,3.0858e-11
5.2791e-11,1.888e-11,2.1381e-11
4.1645e-11,2.0546e-11,2.5925e-11
3.9625e-11,3.7581e-11,3.2333e-11
4.0921e-11,9.2412e-12,2.2518e-11
3.32e-11,2.3677e-11,2.2683e-11
3.3982e-11,1.361e-11,2.2501e-11
2.2497e-11,3.5873e-11,1.7582e-11
2.0819e-11,3.9508e-11,1.7933e-11
2.1047e-11,2.5423e-11,3.0204e-11
2.8256e-11,2.801e-11,1.6589e-11
2.412e-11,4.0116e-11,1.4845e-11
3.7547e-11,4.2451e-11,1.3881e-11
2.6719e-11,3.3041e-11,1.8671e-11
2.4436e-11,4.188e-11,1.9021e-11
3.1064e-11,2.7084e-11,1.4266e-11
2.67e-11,3.549e-11,2.277e-11
5.1856e-11,4.6379e-11,1.0309e-11
2.7664e-11,4.4847e-11,1.5677e-11
1.8943e-11,3.2946e-11,2.0495e-11
1.4702e-11,3.8061e-11,1.8653e-11
1.615e-11,2.9968e-11,3.1165e-11
1.1897e-11,3.0918e-11,3.1482e-11
4.9867e-11,4.8551e-11,1.3855e-11
1.1645e-11,3.2034e-11,3.2334e-11
1.087e-11,3.3991e-11,1.8238e-11
1.0203e-11,3.2192e-11,3.2593e-11
7.3024e-12,3.6989e-11,1.9425e-11
7.4201e-12,3.0218e-11,2.6435e-11
5.769e-12,3.8022e-11,3.479e-11
6.6662e-12,3.4564e-11,3.3313e-11
6.4486e-12,2.9551e-11,2.3754e-11
5.7878e-11,2.0589e-11,3.3949e-11
4.7503e-11,2.0274e-11,3.0045e-11
5.162e-11,1.5927e-11,2.1868e-11
4.5521e-11,2.3261e-11,2.7196e-11
5.7837e-11,3.8986e-11,4.4241e-11
3.4057e-11,2.8152e-11,2.2898e-11
3.2719e-11,2.935e-11,3.5626e-11
3.6172e-11,2.9476e-11,2.5437e-11
3.9969e-11,2.2058e-11,2.026e-11
4.1971e-11,9.6443e-12,2.3995e-11
3.9264e-11,2.2873e-11,1.9211e-11
2.923e-11,2.6308e-11,3.3122e-11
2.9903e-11,4.1402e-11,2.3246e-11
4.069e-11,9.3309e-12,2.1626e-11
3.0931e-11,4.0045e-11,4.3169e-11
3.1361e-11,2.481e-11,1.8318e-11
3.3855e-11,1.7188e-11,2.317e-11
4.0419e-11,1.2409e-11,2.0388e-11
3.4631e-11,2.7018e-11,2.5025e-11
2.7525e-11,2.7074e-11,1.7491e-11
2.0999e-11,3.9939e-11,1.7471e-11
3.1923e-11,1.6425e-11,1.8273e-11
1.9656e-11,2.2824e-11,2.766e-11
2.1804e-11,2.9561e-11,3.4616e-11
3.0896e-11,2.5941e-11,1.3933e-11
2.9409e-11,2.5729e-11,2.0816e-11
1.5788e-11,2.5459e-11,2.8534e-11
4.347e-11,4.2206e-11,1.1931e-11
2.2982e-11,3.2327e-11,1.8477e-11
2.0195e-11,2.4678e-11,2.9708e-11
1.6048e-11,2.9528e-11,2.0807e-11
4.6215e-11,4.2518e-11,1.4909e-11
5.8403e-11,4.9041e-11,1.2809e-11
5.1844e-11,5.004e-11,1.2304e-11
1.2163e-11,3.8331e-11,1.8176e-11
8.3664e-12,2.8109e-11,2.2568e-11
6.6565e-12,3.7655e-11,3.4501e-11
6.6548e-12,2.8493e-11,2.82e-11
8.2611e-12,2.5506e-11,2.3166e-11
7.9626e-12,3.0826e-11,2.9442e-11
5.5097e-11,2.1157e-11,3.7008e-11
5.8672e-11,2.6682e-11,3.4624e-11
5.1888e-11,1.5962e-11,3.2352e-11
4.6824e-11,1.5747e-11,2.5336e-11
4.3472e-11,1.629e-11,2.2616e-11
3.1051e-11,3.2479e-11,2.5367e-11
3.0646e-11,3.0115e-11,1.84e-11
3.1846e-11,2.1806e-11,1.8912e-11
2.2459e-11,3.5391e-11,2.1206e-11
2.3172e-11,2.7316e-11,3.0095e-11
3.0235e-11,1.0152e-11,2.0594e-11
1.7118e-11,2.3084e-11,2.9495e-11
2.9606e-11,1.889e-11,1.5694e-11
5.7427e-11,4.5315e-11,1.2854e-11
1.8927e-11,2.7425e-11,3.1678e-11
2.5105e-11,3.957e-11,4.1478e-11
2.2925e-11,2.4899e-11,1.5875e-11
6.7357e-11,4.2231e-11,8.5791e-12
1.2435e-11,2.2267e-11,2.7844e-11
2.5117e-11,4.8937e-11,4.7062e-11
5.194e-11,4.7381e-11,1.1128e-11
8.759e-12,2.0266e-11,2.0451e-11
1.2768e-11,3.6051e-11,1.8769e-11
6.8525e-12,5.1588e-11,4.5494e-11
7.5803e-12,2.6151e-11,2.0337e-11
8.3507e-12,3.1089e-11,2.3413e-11
5.2361e-11,1.689e-11,3.4582e-11
5.4681e-11,2.0373e-11,3.172e-11
5.017e-11,1.6254e-11,3.6993e-11
5.7297e-11,2.6272e-11,3.4569e-11
5.8641e-11,1.8802e-11,2.603e-11
5.5492e-11,1.7637e-11,2.3467e-11
4.9354e-11,2.6624e-11,2.7919e-11
5.7108e-11,1.8943e-11,2.2095e-11
3.6272e-11,2.7136e-11,4.8233e-11
4.4356e-11,1.2254e-11,3.0286e-11
5.3009e-11,3.0288e-11,3.5711e-11
4.1148e-11,1.923e-11,2.5719e-11
3.6808e-11,1.9434e-11,3.0454e-11
2.8294e-11,2.6279e-11,3.1993e-11
3.2316e-11,3.3206e-11,3.0433e-11
2.6568e-11,2.434e-11,3.1699e-11
2.5e-11,2.5907e-11,3.123e-11
3.8606e-11,1.8595e-11,2.5551e-11
3.6161e-11,1.6655e-11,2.2309e-11
3.2373e-11,1.8823e-11,1.8951e-11
2.07e-11,3.4014e-11,1.9692e-11
3.1246e-11,3.6515e-11,2.4244e-11
3.6708e-11,3.9688e-11,2.3586e-11
1.5999e-11,2.1081e-11,2.7727e-11
1.7238e-11,2.7052e-11,2.51e-11
2.8732e-11,3.0145e-11,1.9789e-11
3.257e-11,3.9e-11,1.2346e-11
2.2905e-11,3.1487e-11,1.9309e-11
6.431e-11,4.1308e-11,1.1756e-11
4.3189e-11,4.2764e-11,1.087e-11
1.3567e-11,2.5778e-11,2.8078e-11
2.1672e-11,4.7674e-11,4.6461e-11
1.7206e-11,4.0652e-11,3.993e-11
4.5995e-11,4.2568e-11,1.3697e-11
2.5186e-12,2.3354e-11,2.2408e-11
5.5175e-12,2.4188e-11,2.324e-11
3.8175e-12,4.393e-11,3.6152e-11
5.9023e-12,2.5568e-11,2.5092e-11
4.8265e-11,1.6774e-11,2.8098e-11
5.9785e-11,2.6141e-11,3.4628e-11
6.8584e-11,2.8234e-11,4.2811e-11
4.2116e-11,1.2938e-11,3.4732e-11
3.797e-11,2.7413e-11,5.0353e-11
4.057e-11,1.1603e-11,3.2454e-11
4.618e-11,1.5024e-11,2.5235e-11
5.4845e-11,3.4778e-11,3.7551e-11
3.2531e-11,1.9814e-11,2.7025e-11
3.3825e-11,3.4696e-11,4.0364e-11
4.667e-11,1.1302e-11,2.0887e-11
3.8755e-11,1.7009e-11,1.9053e-11
3.1903e-11,3.0268e-11,2.4287e-11
2.6542e-11,2.551e-11,2.0867e-11
3.8947e-11,1.7597e-11,1.6458e-11
2.921e-11,3.5926e-11,3.9683e-11
3.223e-11,1.2437e-11,2.0725e-11
2.762e-11,2.7558e-11,1.379e-11
4.4844e-11,4.1602e-11,1.5865e-11
2.8204e-11,1.7025e-11,1.6588e-11
1.3304e-11,2.2346e-11,2.4785e-11
2.259e-11,3.8374e-11,4.0246e-11
3.3815e-11,4.2127e-11,1.4172e-11
1.83e-11,3.38e-11,1.8419e-11
4.2138e-11,4.2381e-11,1.1101e-11
1.3395e-11,3.3261e-11,1.6939e-11
1.1777e-11,2.2099e-11,2.4816e-11
1.1944e-11,2.8827e-11,1.7604e-11
4.7397e-11,4.533e-11,1.1594e-11
5.6123e-11,4.7629e-11,1.0721e-11
9.1098e-12,3.2244e-11,3.0742e-11
6.5812e-12,2.4975e-11,2.0891e-11
4.2458e-12,3.2574e-11,2.1622e-11
4.6355e-12,3.3336e-11,2.3221e-11
6.8676e-12,2.3905e-11,2.5711e-11
5.6485e-11,1.9898e-11,3.53e-11
5.6723e-11,1.8831e-11,3.6415e-11
5.4044e-11,1.8351e-11,2.7525e-11
5.476e-11,2.1122e-11,3.2682e-11
4.6683e-11,1.8932e-11,2.6737e-11
5.3446e-11,2.1752e-11,3.0084e-11
5.4949e-11,1.698e-11,2.443e-11
5.4435e-11,1.692e-11,2.2939e-11
4.7318e-11,1.2838e-11,2.4191e-11
3.5182e-11,2.1906e-11,4.1603e-11
4.154e-11,1.1072e-11,2.9225e-11
3.8272e-11,2.8844e-11,4.7828e-11
4.0455e-11,1.888e-11,2.4365e-11
6.2881e-11,2.8797e-11,3.8969e-11
4.5876e-11,1.6698e-11,1.7807e-11
4.0418e-11,2.5113e-11,2.6729e-11
4.0623e-11,1.45e-11,2.5505e-11
3.2877e-11,3.6075e-11,4.2124e-11
2.8145e-11,2.4051e-11,2.7174e-11
3.8919e-11,1.5944e-11,1.7458e-11
3.6018e-11,1.064e-11,1.8662e-11
3.7008e-11,2.0088e-11,1.4694e-11
2.04e-11,2.6897e-11,3.1353e-11
2.9161e-11,2.1323e-11,1.9399e-11
2.7426e-11,3.5661e-11,1.4324e-11
2.807e-11,1.6372e-11,1.7253e-11
2.8055e-11,2.0694e-11,1.7999e-11
2.4544e-11,1.697e-11,1.6668e-11
2.19e-11,2.7379e-11,1.6087e-11
3.5694e-11,3.8764e-11,1.1534e-11
2.4691e-11,3.2936e-11,1.5028e-11
5.5894e-11,3.5578e-11,9.719e-12
1.7284e-11,2.8579e-11,1.7008e-11
4.0645e-11,4.4107e-11,1.0814e-11
1.126e-11,2.3636e-11,2.6854e-11
1.7134e-11,4.6209e-11,4.4455e-11
8.6587e-12,3.1537e-11,1.9328e-11
6.8015e-12,2.7973e-11,1.7124e-11
5.0921e-12,2.5663e-11,2.3972e-11
1.027e-11,2.8256e-11,1.9101e-11
6.6431e-12,3.3723e-11,3.1238e-11
8.1711e-12,3.1028e-11,3.0179e-11
7.631e-12,4.6542e-11,3.6626e-11
7.7674e-12,3.1117e-11,3.0216e-11
5.5876e-11,1.8798e-11,3.499e-11
5.3887e-11,1.9573e-11,3.3953e-11
4.7071e-11,1.5677e-11,3.3341e-11
4.9189e-11,2.0052e-11,2.6444e-11
4.2276e-11,1.1989e-11,3.643e-11
3.9157e-11,1.213e-11,3.6146e-11
4.3641e-11,1.2135e-11,2.7128e-11
3.3809e-11,2.7249e-11,4.1124e-11
5.7582e-11,3.3109e-11,4.0595e-11
3.1747e-11,2.3495e-11,2.12e-11
2.1285e-11,2.2612e-11,2.7513e-11
2.9646e-11,3.4125e-11,2.385e-11
3.4025e-11,1.5449e-11,1.9365e-11
3.1018e-11,1.554e-11,1.6394e-11
2.0467e-11,3.3457e-11,1.8796e-11
2.0461e-11,2.8205e-11,3.2918e-11
2.2244e-11,2.7694e-11,3.2269e-11
1.3689e-11,2.2046e-11,2.6194e-11
2.6807e-11,1.2301e-11,1.6034e-11
2.2581e-11,3.6364e-11,1.4583e-11
2.2407e-11,2.5354e-11,1.5368e-11
2.7738e-11,1.0241e-11,1.5553e-11
2.2992e-11,2.1557e-11,1.2768e-11
1.3759e-11,2.0555e-11,2.1986e-11
2.0354e-11,4.0037e-11,4.0595e-11
2.0509e-11,4.883e-11,4.7752e-11
8.7551e-12,2.0268e-11,1.7998e-11
3.2367e-11,3.8647e-11,1.4299e-11
3.6775e-11,4.2638e-11,1.17e-11
8.677e-12,2.413e-11,1.755e-11
5.548e-11,4.3146e-11,1.1691e-11
8.1691e-12,3.7513e-11,1.6204e-11
6.8093e-12,5.1393e-11,4.2114e-11
6.0429e-12,2.6346e-11,2.2183e-11
5.5551e-11,1.8285e-11,3.4661e-11
4.6889e-11,1.6306e-11,3.001e-11
5.2616e-11,1.7574e-11,2.6973e-11
5.2099e-11,1.7702e-11,2.6946e-11
6.7643e-11,2.6893e-11,4.1847e-11
7.5923e-11,3.0639e-11,4.516e-11
4.3884e-11,1.9692e-11,2.2927e-11
3.8446e-11,1.1416e-11,3.216e-11
4.2263e-11,1.8907e-11,2.8378e-11
4.3892e-11,1.4099e-11,2.4711e-11
4.3453e-11,1.4786e-11,2.2278e-11
2.9166e-11,1.8826e-11,3.2446e-11
4.0475e-11,1.406e-11,2.3957e-11
4.0385e-11,2.0579e-11,2.2325e-11
3.3803e-11,3.1644e-11,3.879e-11
3.5803e-11,3.1424e-11,2.8716e-11
3.435e-11,3.0743e-11,2.6229e-11
2.2503e-11,2.3801e-11,2.9009e-11
2.598e-11,2.4786e-11,1.8293e-11
3.3761e-11,1.2355e-11,1.9092e-11
1.7492e-11,3.1011e-11,1.846e-11
1.8155e-11,3.1151e-11,1.9015e-11
2.7863e-11,1.1653e-11,1.8834e-11
3.5166e-11,3.3034e-11,1.7062e-11
1.5099e-11,2.2352e-11,2.0884e-11
1.778e-11,2.548e-11,1.8689e-11
1.5995e-11,2.281e-11,2.5588e-11
2.4293e-11,1.0669e-11,1.7978e-11
1.2725e-11,1.8659e-11,2.0668e-11
1.2376e-11,2.5414e-11,1.8575e-11
5.1017e-11,4.6251e-11,1.0533e-11
4.3511e-11,4.171e-11,1.2866e-11
1.6794e-11,5.4955e-11,5.1818e-11
4.5304e-12,2.1437e-11,2.1578e-11
4.9606e-12,2.8634e-11,1.7933e-11
6.5477e-12,2.1495e-11,1.7589e-11
6.3945e-12,3.4468e-11,1.9729e-11
4.9859e-12,3.4508e-11,1.9829e-11
6.2448e-12,2.6046e-11,2.5749e-11
5.0423e-11,1.8872e-11,3.4961e-11
5.4594e-11,1.9168e-11,3.5078e-11
4.8286e-11,1.9322e-11,2.7475e-11
4.1221e-11,1.5818e-11,3.8489e-11
4.2256e-11,1.6532e-11,3.7909e-11
4.0437e-11,1.5119e-11,3.3938e-11
5.9516e-11,2.3153e-11,3.6159e-11
3.7786e-11,1.7797e-11,3.9934e-11
3.9591e-11,2.6755e-11,4.8986e-11
3.3666e-11,1.6789e-11,3.44e-11
3.1333e-11,1.5549e-11,3.1139e-11
6.5749e-11,3.1517e-11,4.3648e-11
3.603e-11,1.9043e-11,1.8415e-11
3.0954e-11,2.6106e-11,1.8605e-11
2.9993e-11,2.688e-11,3.425e-11
3.3372e-11,2.319e-11,1.8085e-11
2.8911e-11,2.332e-11,1.9076e-11
3.4612e-11,1.0171e-11,2.0949e-11
2.4979e-11,3.2287e-11,1.2553e-11
1.5116e-11,2.2403e-11,2.1014e-11
2.0136e-11,2.7687e-11,1.5447e-11
1.3168e-11,2.8313e-11,1.9373e-11
2.2458e-11,2.3661e-11,1.4463e-11
5.8071e-11,3.7638e-11,1.0795e-11
4.3636e-11,3.2349e-11,1.3241e-11
3.2939e-11,3.8108e-11,1.2137e-11
1.7263e-11,3.0811e-11,1.5965e-11
3.7708e-11,3.8655e-11,1.0278e-11
2.2589e-11,2.2657e-11,1.6048e-11
2.0963e-11,3.4794e-11,3.7793e-11
8.3903e-12,1.8473e-11,2.3223e-11
3.8984e-11,4.4264e-11,1.0559e-11
2.533e-11,2.958e-11,1.4342e-11
1.3174e-11,2.1578e-11,1.8686e-11
9.6236e-12,3.6046e-11,1.4916e-11
8.878e-12,3.5358e-11,3.5947e-11
5.3058e-11,4.1834e-11,9.801e-12
9.5851e-12,3.1338e-11,2.7917e-11
7.7612e-12,3.4522e-11,1.6589e-11
6.2422e-12,3.6283e-11,1.5932e-11
5.8991e-12,2.9993e-11,1.8516e-11
5.6867e-12,2.4212e-11,2.3109e-11
5.7169e-12,2.6048e-11,2.5935e-11
5.5456e-11,1.6871e-11,4.245e-11
6.3593e-11,2.1882e-11,3.9876e-11
4.2815e-11,1.2061e-11,2.3636e-11
4.3453e-11,1.3282e-11,2.11e-11
4.4934e-11,1.5915e-11,2.0585e-11
4.3763e-11,1.6561e-11,1.9645e-11
3.6478e-11,1.9009e-11,2.4126e-11
2.5884e-11,1.8785e-11,2.9655e-11
2.8789e-11,1.9929e-11,2.2895e-11
3.4561e-11,1.0458e-11,2.0872e-11
3.6665e-11,1.8353e-11,1.8266e-11
1.8906e-11,1.8263e-11,2.3536e-11
2.3845e-11,2.6757e-11,3.124e-11
2.1648e-11,2.6512e-11,1.44e-11
2.8701e-11,3.8583e-11,4.0356e-11
2.1537e-11,2.8366e-11,3.0696e-11
3.0142e-11,1.0012e-11,1.6242e-11
2.788e-11,8.7788e-12,2.0663e-11
2.7602e-11,3.7835e-11,3.962e-11
1.8785e-11,3.1304e-11,1.5719e-11
2.5174e-11,3.6101e-11,1.3596e-11
1.9073e-11,3.263e-11,1.3114e-11
1.6827e-11,2.2012e-11,1.6903e-11
1.2258e-11,1.7725e-11,2.0603e-11
1.1846e-11,2.4702e-11,1.8762e-11
2.0367e-11,9.3326e-12,1.4551e-11
3.4657e-11,3.8388e-11,1.0269e-11
2.0236e-11,1.3611e-11,1.2288e-11
1.5912e-11,2.9264e-11,1.6889e-11
1.3194e-11,2.1719e-11,1.7653e-11
2.6438e-11,4.6752e-11,4.7527e-11
4.023e-11,3.6358e-11,1.2126e-11
3.9655e-11,4.1398e-11,1.3249e-11
4.2376e-11,3.791e-11,9.8852e-12
9.2149e-12,2.0813e-11,2.6322e-11
1.4446e-11,3.1572e-11,3.2525e-11
9.4292e-12,2.4093e-11,2.5851e-11
9.2981e-12,3.3771e-11,1.4371e-11
7.9156e-12,4.0685e-11,3.7491e-11
7.3681e-12,3.2707e-11,1.5562e-11
4.9038e-12,3.2074e-11,2.0559e-11
1.0853e-11,5.3663e-11,3.862e-11
9.4255e-12,3.3754e-11,3.0156e-11
5.5649e-12,2.2822e-11,2.2847e-11
5.1797e-11,1.6898e-11,3.7842e-11
5.0165e-11,1.7905e-11,3.3463e-11
5.6373e-11,1.798e-11,3.5993e-11
4.3321e-11,1.7678e-11,3.6794e-11
3.7958e-11,1.353e-11,3.6393e-11
4.2095e-11,1.574e-11,2.4427e-11
3.5767e-11,1.106e-11,2.8314e-11
3.6497e-11,2.4665e-11,4.6306e-11
4.0694e-11,1.3313e-11,2.2181e-11
3.6477e-11,2.6296e-11,4.3045e-11
3.702e-11,1.8322e-11,2.1308e-11
3.0149e-11,2.1665e-11,3.64e-11
2.3445e-11,1.671e-11,2.7602e-11
2.8245e-11,2.0606e-11,2.1014e-11
3.2005e-11,1.1202e-11,2.4382e-11
3.5967e-11,9.8799e-12,1.8306e-11
2.5613e-11,2.1669e-11,1.9264e-11
2.9331e-11,7.9387e-12,2.1233e-11
2.0341e-11,2.0979e-11,2.6443e-11
2.8779e-11,2.0836e-11,1.4742e-11
2.5367e-11,3.4826e-11,1.6304e-11
2.404e-11,3.2248e-11,1.1972e-11
2.2892e-11,3.1553e-11,1.4127e-11
2.4788e-11,3.2135e-11,1.1583e-11
2.7017e-11,9.9137e-12,1.81e-11
2.3124e-11,2.1788e-11,1.6445e-11
1.3737e-11,1.978e-11,1.85e-11
1.5486e-11,2.0568e-11,1.7788e-11
2.2435e-11,2.0279e-11,1.4095e-11
2.0854e-11,3.2701e-11,1.6419e-11
2.3181e-11,1.7603e-11,1.2714e-11
1.4452e-11,2.4789e-11,1.4322e-11
1.4718e-11,2.4228e-11,1.4163e-11
2.2124e-11,2.3004e-11,1.5536e-11
5.3592e-11,4.2407e-11,1.1773e-11
5.3944e-11,4.2022e-11,8.6524e-12
9.9909e-12,3.4181e-11,2.9177e-11
6.4988e-12,2.7964e-11,1.7159e-11
7.218e-12,2.3445e-11,1.7339e-11
6.0611e-12,2.0408e-11,2.0792e-11
5.6621e-12,2.9748e-11,1.8778e-11
7.557e-12,2.5245e-11,1.7857e-11
4.4542e-12,2.1013e-11,2.186e-11
5.6412e-11,1.6772e-11,4.085e-11
4.4234e-11,2.0696e-11,2.9574e-11
4.5631e-11,1.7037e-11,2.5635e-11
4.4151e-11,1.1892e-11,2.516e-11
3.709e-11,1.4207e-11,3.2003e-11
4.1227e-11,2.3064e-11,4.8212e-11
3.4362e-11,1.2167e-11,2.9655e-11
3.366e-11,1.5987e-11,3.7013e-11
3.943e-11,1.8111e-11,2.1516e-11
4.3357e-11,1.6086e-11,2.5052e-11
3.5172e-11,1.9207e-11,2.2703e-11
3.6951e-11,9.8208e-12,2.2244e-11
3.7418e-11,1.6346e-11,1.6352e-11
3.4619e-11,1.8012e-11,1.7099e-11
2.6015e-11,2.084e-11,1.9443e-11
2.2099e-11,1.7243e-11,2.5359e-11
2.4806e-11,1.7698e-11,2.2652e-11
3.5315e-11,3.3296e-11,2.5451e-11
2.7809e-11,2.0963e-11,1.4584e-11
2.3245e-11,1.8097e-11,2.1415e-11
2.7765e-11,2.0336e-11,1.3478e-11
2.1913e-11,2.3226e-11,1.8515e-11
1.7667e-11,2.7601e-11,1.781e-11
1.705e-11,2.0701e-11,1.8109e-11
2.0412e-11,2.2197e-11,1.3594e-11
2.278e-11,3.7672e-11,1.4755e-11
1.0557e-11,1.7357e-11,1.8036e-11
1.2408e-11,2.0934e-11,1.9869e-11
1.8409e-11,1.8929e-11,1.6471e-11
1.0105e-11,2.0126e-11,2.4597e-11
1.3941e-11,2.6371e-11,1.6622e-11
7.2983e-12,2.8077e-11,1.5565e-11
8.4838e-12,1.9264e-11,2.0528e-11
8.1091e-12,2.1668e-11,2.2023e-11
4.6574e-11,3.986e-11,1.0513e-11
4.9814e-11,4.0918e-11,8.7981e-12
1.1066e-11,3.3076e-11,1.8735e-11
7.9519e-12,3.4276e-11,1.7444e-11
6.2998e-12,2.632e-11,1.6985e-11
6.8202e-12,2.7257e-11,1.5016e-11
6.3681e-12,2.648e-11,1.5961e-11
7.8339e-12,1.911e-11,2.0111e-11
6.9991e-12,3.805e-11,3.1342e-11
7.4258e-12,1.681e-11,1.8911e-11
6.4516e-12,2.4399e-11,2.3589e-11
9.4403e-12,2.1976e-11,2.0309e-11
6.8419e-12,2.8187e-11,2.8183e-11
4.7898e-11,1.6167e-11,3.323e-11
4.7536e-11,1.5752e-11,3.312e-11
4.444e-11,1.7623e-11,3.0316e-11
4.4127e-11,1.6501e-11,2.6855e-11
3.9385e-11,1.201e-11,2.32e-11
5.2227e-11,2.2698e-11,2.7856e-11
6.1968e-11,2.2539e-11,3.2595e-11
3.8527e-11,1.2301e-11,2.1082e-11
3.5597e-11,9.4033e-12,2.4714e-11
2.675e-11,1.1758e-11,2.673e-11
2.9825e-11,9.0701e-12,2.0314e-11
2.9098e-11,1.8321e-11,2.4412e-11
2.297e-11,1.7364e-11,2.7201e-11
3.357e-11,3.313e-11,3.9022e-11
2.2892e-11,1.6099e-11,2.2672e-11
1.7585e-11,1.7778e-11,2.3513e-11
2.7196e-11,1.3491e-11,1.8228e-11
2.5094e-11,2.803e-11,1.8116e-11
1.5191e-11,1.9438e-11,2.1496e-11
2.0792e-11,2.2389e-11,1.6868e-11
2.5914e-11,1.0357e-11,1.6941e-11
1.6443e-11,2.1859e-11,2.6422e-11
1.9841e-11,2.9507e-11,1.32e-11
2.4866e-11,3.1663e-11,1.4362e-11
1.9536e-11,2.7575e-11,3.1884e-11
1.7686e-11,2.4323e-11,2.8795e-11
2.0109e-11,2.8018e-11,1.342e-11
2.0283e-11,3.0179e-11,1.2695e-11
2.2628e-11,3.7402e-11,1.4036e-11
2.0347e-11,9.3438e-12,1.5415e-11
1.9357e-11,3.2144e-11,3.4932e-11
1.974e-11,2.0865e-11,1.8159e-11
2.1442e-11,4.0085e-11,4.0663e-11
1.412e-11,2.721e-11,1.5372e-11
2.5104e-11,4.8012e-11,4.7494e-11
1.2399e-11,2.7817e-11,1.6512e-11
3.5269e-11,4.4327e-11,9.7241e-12
7.3654e-12,2.8315e-11,1.4244e-11
1.2315e-11,2.2319e-11,1.3898e-11
8.9953e-12,2.6576e-11,2.4279e-11
5.2878e-11,4.1908e-11,9.5948e-12
1.2184e-11,3.1968e-11,2.7466e-11
7.4296e-12,1.6835e-11,2.0176e-11
9.2851e-12,2.0786e-11,1.7108e-11
7.5685e-12,2.7229e-11,1.5731e-11
7.4783e-12,3.9831e-11,3.224e-11
1.4112e-11,4.8908e-11,3.6461e-11
5.9866e-12,2.4755e-11,1.8625e-11
4.5742e-11,1.8305e-11,3.0811e-11
3.7193e-11,1.6052e-11,3.129e-11
3.7994e-11,1.4224e-11,3.6446e-11
3.2404e-11,1.1279e-11,2.6877e-11
5.7313e-11,2.2094e-11,3.0862e-11
7.7764e-11,2.9991e-11,4.5246e-11
3.0775e-11,2.2815e-11,3.5304e-11
2.7131e-11,1.9267e-11,3.3113e-11
3.1028e-11,1.0194e-11,2.3604e-11
3.3405e-11,1.6211e-11,1.6871e-11
4.0174e-11,3.1518e-11,2.8445e-11
3.0856e-11,8.9587e-12,1.7336e-11
2.874e-11,1.476e-11,1.6121e-11
2.684e-11,2.0418e-11,1.283e-11
2.8145e-11,9.1291e-12,2.0282e-11
3.0515e-11,2.8756e-11,1.9442e-11
2.5568e-11,8.4059e-12,1.8221e-11
2.0779e-11,1.4934e-11,1.6821e-11
2.2731e-11,3.3331e-11,1.3121e-11
2.0125e-11,2.9697e-11,1.2726e-11
2.1683e-11,3.2885e-11,1.1557e-11
1.5723e-11,1.8982e-11,1.4409e-11
1.9621e-11,2.381e-11,1.6837e-11
2.424e-11,4.1156e-11,1.3327e-11
2.1377e-11,3.1744e-11,1.4554e-11
1.2999e-11,2.4355e-11,1.3403e-11
1.4942e-11,1.279e-11,1.3341e-11
7.8562e-12,1.6094e-11,2.0895e-11
1.7611e-11,5.4563e-11,4.2585e-11
1.3899e-11,3.6132e-11,2.9844e-11
9.7101e-12,2.1889e-11,1.8092e-11
4.9457e-12,1.7676e-11,2.0368e-11
3.8813e-12,2.7235e-11,1.6282e-11
6.8857e-12,3.0333e-11,1.7056e-11
7.6954e-12,1.9157e-11,2.016e-11
4.105e-11,1.6271e-11,3.6046e-11
5.6944e-11,1.9704e-11,3.418e-11
3.9997e-11,1.1634e-11,2.6003e-11
4.2546e-11,1.4388e-11,2.6985e-11
3.0149e-11,1.2286e-11,2.9789e-11
2.9724e-11,1.2709e-11,2.9021e-11
3.763e-11,1.8329e-11,2.4787e-11
2.9615e-11,1.6953e-11,3.1356e-11
3.881e-11,1.1209e-11,1.9407e-11
3.9229e-11,1.419e-11,1.7949e-11
3.2302e-11,8.4296e-12,2.1411e-11
2.7384e-11,1.7085e-11,3.0981e-11
3.4077e-11,2.5088e-11,3.8143e-11
3.2618e-11,9.3517e-12,2.1281e-11
4.8479e-11,2.149e-11,3.0096e-11
2.9464e-11,1.0658e-11,1.9795e-11
4.3369e-11,2.338e-11,2.6414e-11
3.3335e-11,1.0251e-11,1.6307e-11
2.7023e-11,8.8135e-12,1.6747e-11
2.6721e-11,1.3003e-11,1.6344e-11
2.0683e-11,2.2245e-11,1.765e-11
2.5411e-11,1.7577e-11,1.7836e-11
2.0109e-11,1.5903e-11,1.6029e-11
2.0782e-11,1.856e-11,1.5421e-11
1.8514e-11,3.1544e-11,1.1721e-11
1.9742e-11,2.8394e-11,1.2583e-11
2.0165e-11,2.3308e-11,1.1255e-11
1.7257e-11,1.7162e-11,1.7478e-11
1.8928e-11,1.5389e-11,1.4358e-11
2.2414e-11,3.2366e-11,1.3101e-11
2.4471e-11,3.3867e-11,1.2159e-11
2.4273e-11,2.8425e-11,1.1752e-11
2.0316e-11,4.691e-11,4.351e-11
9.6807e-12,2.9793e-11,2.5641e-11
1.4665e-11,5.0569e-11,3.732e-11
6.9549e-12,1.7739e-11,1.7838e-11
4.3195e-12,1.9992e-11,1.8597e-11
4.5808e-11,1.3802e-11,3.722e-11
5.0867e-11,1.5087e-11,3.8742e-11
5.4799e-11,1.8523e-11,3.3897e-11
3.6728e-11,1.2038e-11,2.554e-11
4.0417e-11,1.1411e-11,2.7015e-11
3.6994e-11,1.1774e-11,2.4509e-11
7.8311e-11,2.6526e-11,4.3797e-11
3.663e-11,1.0881e-11,2.3038e-11
3.7363e-11,1.2809e-11,1.8715e-11
3.5678e-11,1.1822e-11,2.1573e-11
7.6703e-11,2.854e-11,4.2096e-11
3.4338e-11,1.0588e-11,2.16e-11
2.7303e-11,1.6682e-11,2.4239e-11
3.5327e-11,3.1287e-11,3.8274e-11
3.8391e-11,1.7617e-11,2.4638e-11
2.7366e-11,2.3454e-11,3.2327e-11
3.7567e-11,1.7955e-11,2.3099e-11
2.8436e-11,1.4023e-11,1.9431e-11
4.1954e-11,2.3944e-11,2.3981e-11
3.3124e-11,3.6162e-11,4.0423e-11
3.2824e-11,3.9639e-11,4.2516e-11
2.5889e-11,2.0858e-11,1.3387e-11
1.77e-11,2.5063e-11,2.0653e-11
2.4191e-11,1.2169e-11,1.7431e-11
1.7166e-11,2.1892e-11,2.5076e-11
2.8585e-11,1.0439e-11,1.8517e-11
1.8962e-11,2.2706e-11,1.4798e-11
1.8873e-11,2.6072e-11,1.3418e-11
2.0299e-11,1.9191e-11,1.338e-11
2.0148e-11,1.7118e-11,1.4019e-11
1.5053e-11,2.3608e-11,1.3575e-11
1.5038e-11,1.104e-11,1.4166e-11
2.4526e-11,3.3583e-11,1.158e-11
1.0026e-11,1.8184e-11,1.9966e-11
1.356e-11,1.6102e-11,1.5028e-11
1.2357e-11,2.25e-11,1.4988e-11
8.6987e-12,2.8901e-11,1.8331e-11
1.714e-11,5.0319e-11,4.0257e-11
8.6037e-12,2.4549e-11,1.6489e-11
6.6633e-12,1.7348e-11,2.0508e-11
1.0645e-11,3.8682e-11,3.1994e-11
7.6773e-12,2.7876e-11,2.7026e-11
9.6427e-12,3.6451e-11,3.0967e-11
8.0178e-12,3.1774e-11,2.8579e-11
6.0321e-12,1.8138e-11,2.0045e-11
6.7398e-12,1.7869e-11,1.994e-11
4.1409e-11,1.4433e-11,3.2013e-11
3.8812e-11,1.3882e-11,3.3171e-11
3.9213e-11,2.1868e-11,4.5017e-11
5.9738e-11,2.5964e-11,3.1038e-11
6.6919e-11,2.5077e-11,4.2348e-11
2.5053e-11,1.3429e-11,2.7316e-11
2.727e-11,1.2956e-11,2.3308e-11
3.4745e-11,3.2529e-11,4.0993e-11
3.2629e-11,1.1456e-11,1.6243e-11
2.8018e-11,8.7027e-12,1.7858e-11
3.3233e-11,7.9697e-12,1.7544e-11
3.3647e-11,3.7544e-11,4.1193e-11
2.9123e-11,9.5638e-12,1.8183e-11
2.8004e-11,1.0272e-11,1.6176e-11
1.9201e-11,1.8241e-11,2.0042e-11
1.9575e-11,1.7607e-11,1.8331e-11
1.6448e-11,1.8892e-11,2.305e-11
1.4821e-11,1.5285e-11,1.8522e-11
2.7112e-11,1.215e-11,1.4797e-11
2.6285e-11,3.6997e-11,3.8988e-11
1.8765e-11,2.3917e-11,1.4019e-11
1.8102e-11,2.5893e-11,1.3583e-11
1.9403e-11,2.7645e-11,3.1229e-11
2.2698e-11,2.2061e-11,1.0682e-11
1.1725e-11,2.2771e-11,1.3585e-11
1.6204e-11,1.0875e-11,1.4912e-11
2.336e-11,3.1862e-11,1.1156e-11
2.6381e-11,3.5116e-11,1.1901e-11
1.0734e-11,2.6659e-11,1.533e-11
8.9371e-12,1.9905e-11,2.0697e-11
1.1996e-11,2.5703e-11,1.2887e-11
6.2906e-12,1.5715e-11,1.941e-11
4.7647e-12,2.4185e-11,1.4532e-11
1.3235e-11,4.0684e-11,3.3268e-11
1.0873e-11,3.4868e-11,2.9916e-11
7.3656e-12,1.7526e-11,2.0449e-11
5.2922e-11,1.596e-11,4.0647e-11
3.9656e-11,1.1381e-11,2.7723e-11
7.5278e-11,2.5087e-11,3.9754e-11
7.0463e-11,2.5313e-11,3.9871e-11
3.609e-11,1.6119e-11,3.7856e-11
3.4776e-11,1.6223e-11,3.5855e-11
3.3909e-11,1.1732e-11,2.0929e-11
3.4685e-11,1.164e-11,1.7942e-11
3.318e-11,1.1373e-11,1.6777e-11
6.3164e-11,2.4132e-11,3.9365e-11
2.441e-11,1.876e-11,2.847e-11
2.5202e-11,2.0968e-11,3.0124e-11
2.7124e-11,7.983e-12,1.739e-11
2.3292e-11,1.009e-11,1.8022e-11
1.9725e-11,2.0461e-11,1.5763e-11
3.1842e-11,3.2375e-11,1.7117e-11
1.8914e-11,2.0369e-11,1.5828e-11
1.7058e-11,1.4593e-11,1.5738e-11
1.8576e-11,2.1482e-11,1.4842e-11
2.244e-11,1.2912e-11,1.6691e-11
1.7904e-11,2.6321e-11,1.4594e-11
1.8649e-11,2.4906e-11,1.3489e-11
1.8768e-11,2.5781e-11,1.3139e-11
2.3908e-11,3.6904e-11,3.9642e-11
1.9206e-11,3.124e-11,1.3552e-11
1.3518e-11,2.1725e-11,1.3035e-11
4.2947e-11,2.9568e-11,7.2795e-12
1.4244e-11,2.2786e-11,2.5176e-11
2.2368e-11,2.3357e-11,1.0805e-11
1.7839e-11,1.8491e-11,1.1864e-11
1.2464e-11,2.7638e-11,1.4765e-11
1.3658e-11,1.3015e-11,1.5107e-11
7.7677e-12,2.5373e-11,1.8462e-11
1.2335e-11,3.0507e-11,2.5556e-11
5.1669e-12,2.4056e-11,1.7252e-11
7.4076e-12,2.2872e-11,1.7426e-11
8.1791e-12,2.6584e-11,2.7902e-11
4.2277e-11,1.3366e-11,3.4423e-11
5.6493e-11,1.7453e-11,3.9517e-11
3.6955e-11,1.3496e-11,3.3612e-11
3.6682e-11,1.0898e-11,2.6381e-11
3.5114e-11,1.405e-11,3.1826e-11
3.5996e-11,1.3829e-11,2.2501e-11
3.2208e-11,8.6943e-12,1.9022e-11
2.6542e-11,1.266e-11,2.3475e-11
2.2632e-11,1.2512e-11,1.9669e-11
3.0824e-11,1.6413e-11,2.0055e-11
3.0063e-11,2.5513e-11,3.3587e-11
3.8355e-11,1.634e-11,2.2702e-11
5.655e-11,2.7632e-11,3.5462e-11
3.1532e-11,2.3702e-11,2.1635e-11
2.5175e-11,1.2546e-11,1.9076e-11
1.7539e-11,1.6441e-11,1.9067e-11
2.6983e-11,3.3145e-11,3.5683e-11
2.8742e-11,3.7464e-11,3.9282e-11
1.9009e-11,1.9527e-11,1.5831e-11
2.4267e-11,1.3717e-11,1.5455e-11
1.7729e-11,2.3321e-11,1.2476e-11
1.3795e-11,1.817e-11,1.7077e-11
1.635e-11,2.2496e-11,2.4915e-11
1.8187e-11,3.0748e-11,1.0465e-11
3.5259e-11,2.6258e-11,1.6813e-11
2.0529e-11,1.8188e-11,1.2821e-11
1.8618e-11,2.0057e-11,1.2841e-11
1.9344e-11,2.7314e-11,1.2871e-11
1.8569e-11,1.8686e-11,1.3708e-11
3.6003e-11,2.8891e-11,9.1064e-12
1.6506e-11,2.1571e-11,1.4327e-11
2.0418e-11,2.458e-11,1.0013e-11
3.5717e-11,2.8455e-11,9.526e-12
2.0963e-11,3.2367e-11,1.1498e-11
2.0746e-11,2.9484e-11,1.1454e-11
4.4559e-11,3.0939e-11,6.1144e-12
2.4967e-11,3.4866e-11,1.2152e-11
1.4154e-11,3.1696e-11,3.0935e-11
1.708e-11,3.9593e-11,3.3392e-11
9.8591e-12,2.1219e-11,1.2821e-11
1.0816e-11,2.1121e-11,1.3931e-11
8.1938e-12,2.5723e-11,1.6866e-11
5.7934e-12,1.444e-11,1.4556e-11
8.2832e-12,2.5536e-11,1.7943e-11
4.3736e-12,2.7734e-11,1.5925e-11
1.2291e-11,2.0203e-11,2.1022e-11
1.6755e-11,3.0723e-11,1.6696e-11
1.0467e-11,2.9364e-11,2.9958e-11
4.2139e-11,1.2464e-11,3.6268e-11
4.0293e-11,1.1992e-11,3.6877e-11
3.9582e-11,1.4218e-11,3.1042e-11
3.4836e-11,1.2548e-11,3.2536e-11
3.2698e-11,9.2108e-12,2.3485e-11
3.5637e-11,2.0408e-11,3.8182e-11
3.2963e-11,2.3255e-11,3.7713e-11
2.4773e-11,1.4318e-11,2.411e-11
2.3301e-11,1.2928e-11,2.325e-11
2.4334e-11,1.4704e-11,2.7997e-11
2.3236e-11,1.8237e-11,2.6666e-11
5.858e-11,2.7468e-11,3.7447e-11
3.4045e-11,2.1274e-11,2.0089e-11
2.0547e-11,1.4946e-11,2.2404e-11
5.2614e-11,2.9036e-11,3.304e-11
2.1328e-11,1.06e-11,1.7697e-11
2.4839e-11,2.3917e-11,2.8226e-11
2.1041e-11,1.08e-11,1.7907e-11
2.9016e-11,3.0071e-11,3.4487e-11
2.156e-11,1.0856e-11,1.6592e-11
1.6184e-11,1.5719e-11,2.0882e-11
1.6977e-11,1.3959e-11,1.6869e-11
1.9349e-11,1.9847e-11,1.5235e-11
2.4314e-11,2.147e-11,1.8753e-11
2.6512e-11,9.6257e-12,1.3696e-11
2.2104e-11,1.3558e-11,1.7828e-11
2.49e-11,3.7899e-11,4.0467e-11
1.7626e-11,1.3911e-11,1.7092e-11
1.708e-11,1.8553e-11,1.6461e-11
1.6006e-11,1.0521e-11,1.6734e-11
1.2866e-11,1.9037e-11,2.1632e-11
2.0188e-11,2.9302e-11,1.1271e-11
1.3947e-11,8.4799e-12,1.251e-11
1.3016e-11,2.3532e-11,1.6921e-11
1.8249e-11,1.6923e-11,1.2429e-11
6.5133e-12,2.5581e-11,1.9489e-11
1.5161e-11,2.0139e-11,1.6795e-11
8.9154e-12,1.3782e-11,1.6945e-11
3.7014e-11,1.0028e-11,2.7662e-11
4.0366e-11,1.0578e-11,3.0698e-11
3.0825e-11,1.2893e-11,2.9793e-11
3.293e-11,1.3775e-11,2.1806e-11
4.5383e-11,1.5325e-11,2.7348e-11
3.0081e-11,1.055e-11,1.7356e-11
3.1533e-11,1.3091e-11,1.731e-11
2.1146e-11,1.057e-11,2.3606e-11
2.9839e-11,1.4702e-11,2.003e-11
4.8918e-11,2.8573e-11,2.8818e-11
2.092e-11,1.9066e-11,2.4495e-11
1.7209e-11,1.5678e-11,2.1756e-11
3.1769e-11,2.4694e-11,2.4949e-11
1.9539e-11,2.2202e-11,1.5657e-11
1.666e-11,2.4539e-11,1.4323e-11
1.7683e-11,2.0909e-11,1.3542e-11
3.1143e-11,2.6237e-11,2.0406e-11
2.8974e-11,4.0269e-11,4.1749e-11
1.3702e-11,1.2872e-11,1.6213e-11
1.5835e-11,1.5799e-11,2.0828e-11
1.5542e-11,2.4915e-11,1.4794e-11
2.3885e-11,1.033e-11,1.4312e-11
1.9939e-11,1.842e-11,1.2783e-11
1.6937e-11,2.2514e-11,1.307e-11
2.5387e-11,2.7352e-11,1.0757e-11
1.7021e-11,1.3764e-11,1.8751e-11
3.4641e-11,2.6818e-11,1.3083e-11
1.7894e-11,3.0836e-11,1.3305e-11
1.6705e-11,2.716e-11,1.5122e-11
1.2e-11,1.6579e-11,1.958e-11
2.1777e-11,3.6065e-11,3.707e-11
1.3948e-11,2.3005e-11,2.532e-11
1.2387e-11,1.6546e-11,1.5042e-11
2.3729e-11,3.3897e-11,1.2183e-11
4.6187e-11,3.1701e-11,8.712e-12
1.9794e-11,2.0297e-11,1.1189e-11
2.2929e-11,2.8189e-11,1.3902e-11
7.1071e-12,1.7409e-11,1.3438e-11
6.3685e-12,1.5533e-11,1.6776e-11
6.5604e-12,1.2981e-11,1.4647e-11
6.7126e-12,1.6414e-11,1.6258e-11
4.21e-11,1.0042e-11,3.6247e-11
3.8285e-11,1.2535e-11,3.6806e-11
3.7449e-11,1.2385e-11,3.5107e-11
3.6643e-11,1.0227e-11,3.4857e-11
5.2292e-11,1.7186e-11,3.9009e-11
3.2925e-11,1.1543e-11,3.1411e-11
3.7787e-11,2.1524e-11,3.9322e-11
2.6149e-11,1.055e-11,2.5591e-11
2.4331e-11,1.0673e-11,2.1727e-11
2.9535e-11,1.2066e-11,1.8782e-11
2.2687e-11,1.0845e-11,2.5555e-11
6.3051e-11,2.7679e-11,3.81e-11
1.7793e-11,1.2333e-11,1.9076e-11
1.9357e-11,1.1532e-11,1.906e-11
1.5158e-11,1.2728e-11,1.6064e-11
1.8737e-11,2.0526e-11,1.4399e-11
2.1913e-11,2.0739e-11,1.8997e-11
1.6088e-11,2.3183e-11,1.223e-11
1.9176e-11,2.2618e-11,1.6633e-11
1.7931e-11,1.4465e-11,2.0071e-11
1.2354e-11,1.55e-11,1.5798e-11
1.8352e-11,1.7454e-11,1.5257e-11
1.7319e-11,2.312e-11,1.4616e-11
1.4313e-11,2.737e-11,1.2569e-11
1.785e-11,3.2816e-11,9.1399e-12
2.0739e-11,1.0312e-11,1.244e-11
1.4979e-11,2.2992e-11,1.6822e-11
1.4836e-11,2.4127e-11,1.6017e-11
1.2964e-11,2.0128e-11,2.4022e-11
3.8423e-11,2.5948e-11,9.9291e-12
1.6764e-11,2.6784e-11,1.2876e-11
1.1776e-11,1.5491e-11,1.9029e-11
8.6543e-12,1.8576e-11,1.8048e-11
9.739e-12,1.2957e-11,1.519e-11
1.6486e-11,4.3629e-11,3.2589e-11
8.0302e-12,1.5494e-11,1.4234e-11
8.7088e-12,1.3426e-11,1.4702e-11
1.7169e-11,4.2642e-11,3.3375e-11
1.1917e-11,2.5385e-11,2.6185e-11
1.3107e-11,3.1246e-11,2.9357e-11
4.1622e-11,9.4878e-12,4.0834e-11
3.5292e-11,9.9679e-12,2.5734e-11
3.8753e-11,1.5172e-11,3.6425e-11
3.722e-11,2.0953e-11,3.8924e-11
3.1753e-11,1.4683e-11,1.6087e-11
2.9577e-11,9.6587e-12,1.7694e-11
3.071e-11,1.2088e-11,1.8788e-11
3.1993e-11,2.25e-11,3.5219e-11
2.0966e-11,1.4163e-11,2.4138e-11
1.6164e-11,1.7267e-11,1.8297e-11
1.9157e-11,1.3999e-11,1.6715e-11
1.9248e-11,2.096e-11,1.701e-11
1.5101e-11,1.6984e-11,2.0577e-11
2.0104e-11,1.8652e-11,1.1022e-11
1.7146e-11,2.4622e-11,1.3988e-11
2.5185e-11,2.5407e-11,1.2824e-11
1.5793e-11,1.852e-11,2.0627e-11
1.5986e-11,1.6339e-11,1.8165e-11
1.5136e-11,2.4758e-11,1.4432e-11
1.9104e-11,8.4021e-12,1.2295e-11
2.4092e-11,3.6057e-11,3.7948e-11
1.48e-11,1.7682e-11,1.9948e-11
1.5554e-11,1.4484e-11,1.2154e-11
1.6617e-11,1.0138e-11,1.1532e-11
1.5655e-11,2.114e-11,1.5454e-11
1.755e-11,2.6555e-11,1.1985e-11
2.6976e-11,4.1358e-11,4.2511e-11
1.4155e-11,9.1395e-12,1.1862e-11
4.6024e-11,2.5858e-11,8.8473e-12
4.989e-11,2.5816e-11,9.2193e-12
2.3005e-11,2.4397e-11,1.3371e-11
1.4683e-11,1.4273e-11,1.6459e-11
2.4164e-11,4.6918e-11,3.7645e-11
1.2106e-11,9.9964e-12,1.2122e-11
1.1797e-11,1.9332e-11,1.5247e-11
7.1481e-11,2.275e-11,8.3767e-12
6.2505e-12,1.2624e-11,1.5326e-11
6.9172e-11,2.1223e-11,6.3075e-12
8.1142e-12,2.1935e-11,1.7415e-11
9.0193e-12,2.3586e-11,1.7365e-11
8.82e-12,2.089e-11,2.4315e-11
3.5024e-11,1.0994e-11,3.4116e-11
4.5933e-11,1.4889e-11,3.5015e-11
3.0855e-11,8.933e-12,2.5993e-11
3.0489e-11,8.1531e-12,2.6469e-11
2.6844e-11,8.5374e-12,2.3149e-11
1.8589e-11,1.3995e-11,1.6064e-11
1.7504e-11,1.8469e-11,1.4416e-11
1.7607e-11,2.2034e-11,1.5429e-11
1.9523e-11,2.1486e-11,1.4957e-11
1.3333e-11,1.1905e-11,1.695e-11
1.5993e-11,2.446e-11,1.5095e-11
1.7355e-11,2.1654e-11,1.2466e-11
1.6477e-11,2.2295e-11,1.3887e-11
1.8792e-11,2.3014e-11,2.5513e-11
2.5546e-11,2.1979e-11,1.5584e-11
2.1521e-11,1.0885e-11,1.5792e-11
2.4275e-11,2.0921e-11,1.5015e-11
1.5849e-11,1.7252e-11,1.7742e-11
2.2683e-11,3.3275e-11,3.515e-11
1.6528e-11,2.4823e-11,1.2867e-11
1.7507e-11,2.8456e-11,1.2646e-11
2.9866e-11,4.7547e-11,4.5166e-11
1.9661e-11,2.5931e-11,1.5038e-11
1.5063e-11,1.445e-11,1.1894e-11
1.4062e-11,1.0933e-11,1.2874e-11
8.7684e-12,2.603e-11,1.669e-11
1.4127e-11,1.3164e-11,1.6483e-11
8.7066e-12,1.3952e-11,1.383e-11
6.9467e-11,2.2352e-11,1.094e-11
7.2434e-11,1.9445e-11,9.05e-12
4.2027e-12,2.3392e-11,1.4599e-11
6.9117e-11,2.1938e-11,5.8597e-12
6.8619e-11,2.1091e-11,6.3818e-12
9.5072e-12,1.4329e-11,1.6944e-11
4.2022e-11,8.2139e-12,4.1703e-11
3.9287e-11,9.7773e-12,3.8586e-11
3.2109e-11,1.3709e-11,2.928e-11
6.344e-11,2.0357e-11,3.919e-11
3.5469e-11,1.0129e-11,2.8321e-11
3.7205e-11,1.423e-11,2.3995e-11
2.7019e-11,1.2777e-11,2.8252e-11
4.6936e-11,1.5427e-11,2.5489e-11
2.6228e-11,6.7225e-12,1.6859e-11
2.0507e-11,1.1376e-11,2.1472e-11
2.4551e-11,8.3245e-12,1.6906e-11
2.4295e-11,1.2407e-11,1.6233e-11
2.0463e-11,1.1431e-11,2.1226e-11
1.8096e-11,1.2263e-11,2.1377e-11
3.2365e-11,1.9755e-11,2.3128e-11
3.1953e-11,2.9593e-11,2.1187e-11
1.4186e-11,1.2284e-11,1.7848e-11
1.7135e-11,2.0239e-11,1.3045e-11
1.6296e-11,2.0983e-11,1.5938e-11
1.7193e-11,2.3816e-11,1.1775e-11
1.4149e-11,2.8347e-11,1.0457e-11
1.4014e-11,2.8427e-11,1.1026e-11
1.2915e-11,1.6562e-11,1.887e-11
1.6636e-11,2.749e-11,1.3888e-11
1.9041e-11,9.9088e-12,1.3281e-11
2.3433e-11,3.1447e-11,1.1376e-11
3.9259e-11,2.4913e-11,1.039e-11
4.8397e-11,2.4514e-11,1.1321e-11
2.0914e-11,2.6451e-11,1.3542e-11
5.6392e-11,2.1054e-11,7.9051e-12
5.446e-11,2.6304e-11,8.5157e-12
6.0537e-11,2.0797e-11,1.0444e-11
7.0622e-11,1.8981e-11,7.8385e-12
8.8553e-12,1.6239e-11,1.6466e-11
1.8831e-11,2.9704e-11,2.5258e-11
2.2894e-11,4.6665e-11,3.4857e-11
7.3471e-11,1.9882e-11,5.4136e-12
1.8747e-11,4.0042e-11,3.2262e-11
8.2246e-12,1.6254e-11,1.8545e-11
5.1026e-12,1.7097e-11,1.6512e-11
1.0463e-11,1.5044e-11,1.6326e-11
4.2288e-11,7.6048e-12,4.1248e-11
3.1929e-11,1.1729e-11,3.1956e-11
3.8381e-11,1.3441e-11,3.0635e-11
5.2203e-11,1.9725e-11,2.507e-11
2.7699e-11,9.6722e-12,1.9874e-11
2.071e-11,7.4605e-12,1.6761e-11
2.3e-11,1.3403e-11,1.5079e-11
2.6191e-11,1.4941e-11,1.423e-11
2.2044e-11,1.6038e-11,2.4851e-11
1.4659e-11,1.5249e-11,1.7517e-11
1.7057e-11,2.2041e-11,1.4398e-11
1.9421e-11,2.0303e-11,1.828e-11
1.7275e-11,2.1643e-11,1.1982e-11
1.6448e-11,2.3925e-11,1.2039e-11
1.6293e-11,2.4618e-11,1.1477e-11
1.4846e-11,2.3927e-11,1.4303e-11
1.6267e-11,2.3602e-11,1.5864e-11
2.0205e-11,2.8658e-11,1.0991e-11
1.2708e-11,1.6626e-11,1.9337e-11
1.4692e-11,2.097e-11,1.4353e-11
1.1269e-11,1.7809e-11,2.0244e-11
1.4824e-11,2.105e-11,1.4333e-11
3.301e-11,4.8646e-11,4.5429e-11
5.8415e-11,2.0804e-11,7.2348e-12
1.286e-11,9.5965e-12,1.1162e-11
2.2198e-11,2.9961e-11,1.1129e-11
1.1019e-11,2.0025e-11,1.75e-11
9.9816e-12,1.6276e-11,1.5477e-11
6.3397e-12,2.2996e-11,1.7484e-11
1.0536e-11,1.2211e-11,1.4261e-11
1.2477e-11,1.6066e-11,1.6229e-11
9.119e-12,1.7032e-11,1.5164e-11
8.9472e-12,1.445e-11,1.2893e-11
6.7325e-11,2.0607e-11,6.0171e-12
7.308e-11,1.9717e-11,7.3386e-12
4.9141e-12,1.5644e-11,1.6273e-11
3.6597e-11,1.0136e-11,3.7675e-11
3.5728e-11,9.3321e-12,3.5446e-11
3.7195e-11,1.0042e-11,3.1092e-11
6.4412e-11,1.9581e-11,3.7286e-11
6.0799e-11,1.8953e-11,3.4297e-11
2.8701e-11,7.9589e-12,2.5546e-11
3.6762e-11,1.4344e-11,3.437e-11
3.7043e-11,1.519e-11,3.3745e-11
2.9529e-11,1.0649e-11,2.1031e-11
3.7542e-11,1.691e-11,3.7779e-11
3.4932e-11,2.7351e-11,3.7336e-11
2.3305e-11,7.1129e-12,1.5541e-11
1.9272e-11,7.597e-12,1.8478e-11
1.9473e-11,1.4273e-11,2.2879e-11
5.5121e-11,2.7156e-11,2.9167e-11
4.6171e-11,2.2868e-11,2.4932e-11
3.4524e-11,2.8713e-11,2.0989e-11
1.9317e-11,1.0359e-11,1.875e-11
1.6188e-11,1.7024e-11,2.0158e-11
2.0775e-11,2.4207e-11,2.7723e-11
2.4199e-11,3.373e-11,3.6524e-11
2.926e-11,4.0336e-11,4.0186e-11
1.7667e-11,2.5433e-11,2.9134e-11
1.7574e-11,1.1105e-11,1.3225e-11
1.5456e-11,2.6873e-11,1.2521e-11
2.4225e-11,2.0784e-11,1.271e-11
2.5961e-11,3.6879e-11,3.7709e-11
4.0744e-11,2.5558e-11,8.5797e-12
1.0174e-11,1.6434e-11,1.2361e-11
2.4601e-11,3.2951e-11,1.4468e-11
1.3771e-11,2.4026e-11,2.3328e-11
1.2399e-11,2.4092e-11,2.2679e-11
5.9401e-11,2.398e-11,5.1245e-12
8.3727e-12,1.7625e-11,1.2517e-11
6.6714e-11,2.1318e-11,8.9058e-12
8.0953e-12,1.5603e-11,1.5409e-11
6.3825e-12,2.4134e-11,1.9623e-11
9.4211e-12,1.9408e-11,1.2855e-11
3.5189e-11,7.637e-12,3.7047e-11
2.6581e-11,6.8251e-12,2.3298e-11
2.604e-11,1.0379e-11,1.9378e-11
3.0572e-11,2.0169e-11,3.2506e-11
3.4723e-11,1.4209e-11,2.0549e-11
2.6685e-11,1.4414e-11,1.7078e-11
2.1421e-11,9.2823e-12,1.7256e-11
2.3263e-11,1.3537e-11,1.4304e-11
5.1845e-11,2.1866e-11,3.0546e-11
2.3405e-11,2.0678e-11,1.3751e-11
1.2185e-11,1.341e-11,1.5838e-11
1.346e-11,1.7242e-11,1.9327e-11
1.4224e-11,2.4172e-11,1.3139e-11
1.4377e-11,2.5133e-11,1.3862e-11
1.4656e-11,1.9427e-11,1.4801e-11
1.8073e-11,2.6338e-11,1.1587e-11
1.9945e-11,2.7905e-11,1.1264e-11
1.9574e-11,2.5078e-11,1.4046e-11
4.0953e-11,2.426e-11,7.4905e-12
5.099e-11,2.2337e-11,9.1955e-12
9.6507e-12,1.5927e-11,1.3028e-11
2.0439e-11,2.6823e-11,1.4131e-11
1.999e-11,2.1922e-11,1.5375e-11
2.6434e-11,3.4739e-11,1.4101e-11
5.021e-11,2.1726e-11,7.1576e-12
1.2112e-11,1.8713e-11,1.7301e-11
5.8618e-11,2.0289e-11,8.479e-12
6.1312e-11,2.0395e-11,1.5118e-11
1.5351e-11,3.0469e-11,2.628e-11
5.7998e-11,2.2662e-11,6.4404e-12
1.481e-11,2.3267e-11,2.2827e-11
6.0694e-11,2.425e-11,7.6226e-12
6.5348e-11,2.0225e-11,6.4048e-12
1.2856e-11,2.1691e-11,2.0158e-11
6.5101e-11,2.0094e-11,7.8178e-12
1.2658e-11,1.8384e-11,1.9562e-11
6.2262e-12,1.2384e-11,1.5657e-11
3.8802e-11,1.4186e-11,3.5392e-11
2.7858e-11,6.8835e-12,2.4069e-11
2.6002e-11,7.5989e-12,2.362e-11
2.787e-11,7.965e-12,2.2294e-11
2.9176e-11,1.0323e-11,2.8746e-11
3.4541e-11,1.3318e-11,2.5137e-11
2.4589e-11,6.7076e-12,1.795e-11
2.3016e-11,9.7965e-12,2.4082e-11
3.0936e-11,1.8317e-11,3.3158e-11
3.9519e-11,3.2293e-11,4.2289e-11
3.6574e-11,1.8805e-11,2.3445e-11
1.6129e-11,1.3855e-11,1.8555e-11
1.3555e-11,1.3299e-11,1.6181e-11
1.8734e-11,9.4835e-12,1.6986e-11
2.0019e-11,2.2039e-11,1.8438e-11
1.678e-11,1.1062e-11,1.2764e-11
1.245e-11,1.6629e-11,1.9222e-11
1.9656e-11,2.5274e-11,1.234e-11
2.3167e-11,2.055e-11,1.056e-11
1.9022e-11,2.9528e-11,1.0521e-11
2.2129e-11,3.1444e-11,1.0374e-11
2.6279e-11,2.0514e-11,1.1131e-11
1.3213e-11,1.8123e-11,2.1365e-11
1.8738e-11,2.205e-11,1.4917e-11
4.5356e-11,2.4087e-11,7.5349e-12
3.9247e-11,2.8296e-11,8.5771e-12
1.2456e-11,1.1188e-11,1.0673e-11
3.0252e-11,3.6509e-11,1.1931e-11
3.803e-11,2.8134e-11,8.8745e-12
1.1568e-11,1.5189e-11,1.2347e-11
8.9551e-12,1.9267e-11,1.5e-11
1.2328e-11,2.1022e-11,2.0796e-11
2.3025e-11,2.5735e-11,1.3986e-11
1.4848e-11,2.5065e-11,2.0786e-11
2.4827e-11,4.6266e-11,3.3895e-11
1.7076e-11,3.1776e-11,2.8289e-11
1.6174e-11,1.9201e-11,2.0169e-11
8.9139e-12,1.272e-11,1.4767e-11
7.1669e-11,2.0686e-11,9.0318e-12
8.1585e-12,1.6951e-11,1.3582e-11
7.3431e-11,2.1142e-11,9.3524e-12
6.9731e-11,2.0697e-11,1.7483e-11
8.4563e-12,1.5153e-11,1.3599e-11
3.7463e-11,1.4794e-11,3.6373e-11
3.2197e-11,1.009e-11,2.4809e-11
6.6736e-11,2.4124e-11,3.5331e-11
1.8146e-11,8.0257e-12,1.7323e-11
2.1287e-11,6.6372e-12,1.5087e-11
1.6212e-11,1.0627e-11,1.8861e-11
1.406e-11,1.294e-11,1.5919e-11
1.4553e-11,1.2014e-11,1.5999e-11
2.2063e-11,2.7185e-11,2.9079e-11
2.6936e-11,3.6761e-11,3.8305e-11
1.4683e-11,2.1982e-11,1.2154e-11
1.3544e-11,2.0992e-11,1.7356e-11
1.5775e-11,2.649e-11,1.2571e-11
1.5034e-11,1.2623e-11,1.2336e-11
3.3377e-11,2.2322e-11,8.5972e-12
1.5846e-11,2.1851e-11,1.6007e-11
1.7973e-11,2.1635e-11,1.4616e-11
4.979e-11,2.0869e-11,1.1009e-11
1.7327e-11,2.5223e-11,1.0987e-11
2.2457e-11,3.2875e-11,3.0368e-11
2.1478e-11,2.8834e-11,1.4899e-11
2.4652e-11,3.6532e-11,3.0911e-11
1.3285e-11,2.0357e-11,2.0515e-11
1.4723e-11,1.4798e-11,1.2287e-11
2.3727e-11,2.7651e-11,1.3119e-11
5.281e-11,2.0032e-11,9.8691e-12
6.4983e-11,1.9743e-11,1.1046e-11
2.5957e-11,4.3093e-11,3.293e-11
9.3562e-12,1.246e-11,1.3554e-11
2.4595e-11,4.7352e-11,3.5032e-11
5.9191e-12,1.7076e-11,1.635e-11
3.5087e-12,2.1137e-11,1.7425e-11
1.2291e-11,2.0265e-11,2.0958e-11
4.0038e-11,6.0748e-12,4.04e-11
3.8814e-11,9.9965e-12,3.9511e-11
3.1592e-11,1.0088e-11,3.1805e-11
4.5929e-11,1.6613e-11,3.8137e-11
5.0354e-11,1.6612e-11,3.3487e-11
2.7516e-11,7.3658e-12,2.2496e-11
4.0715e-11,2.0005e-11,3.9696e-11
2.595e-11,7.7476e-12,2.0368e-11
2.6239e-11,9.7738e-12,2.4058e-11
2.3982e-11,7.1666e-12,1.7096e-11
2.3159e-11,1.0762e-11,1.7439e-11
2.3163e-11,7.0984e-12,1.6277e-11
3.4558e-11,1.9913e-11,3.634e-11
2.0147e-11,7.6797e-12,2.1154e-11
5.1448e-11,1.8349e-11,2.6425e-11
6.5007e-11,2.4097e-11,3.4988e-11
5.8286e-11,1.9791e-11,2.8138e-11
2.4365e-11,1.1362e-11,1.5744e-11
2.0375e-11,1.2787e-11,1.6641e-11
5.5075e-11,2.3395e-11,2.7819e-11
1.316e-11,1.2687e-11,1.601e-11
1.7515e-11,9.9125e-12,1.5893e-11
1.2979e-11,1.1133e-11,1.5316e-11
1.7601e-11,1.3534e-11,1.4658e-11
2.4145e-11,2.0917e-11,1.9746e-11
2.4979e-11,2.0078e-11,1.173e-11
1.5936e-11,1.9423e-11,1.2746e-11
1.4428e-11,2.6719e-11,1.141e-11
3.0376e-11,2.0976e-11,9.729e-12
1.9432e-11,3.174e-11,9.8897e-12
2.1078e-11,2.7521e-11,1.4073e-11
2.1537e-11,2.4901e-11,1.3659e-11
2.7749e-11,3.9557e-11,3.6693e-11
2.1887e-11,2.6636e-11,1.4488e-11
1.311e-11,1.8259e-11,2.3169e-11
2.0366e-11,3.2108e-11,1.0098e-11
5.3988e-11,2.3313e-11,5.5618e-12
5.5604e-11,2.2798e-11,5.086e-12
6.8117e-11,1.9693e-11,1.4394e-11
7.8237e-12,1.2048e-11,1.3353e-11
1.046e-11,1.5472e-11,1.486e-11
5.7166e-12,1.793e-11,1.4435e-11
1.0839e-11,2.0255e-11,1.939e-11
1.2405e-11,1.9816e-11,2.097e-11
3.3045e-11,1.1441e-11,3.1486e-11
4.6646e-11,1.7274e-11,2.7634e-11
2.2239e-11,7.2341e-12,1.5975e-11
2.2862e-11,1.011e-11,1.9478e-11
2.6118e-11,1.2427e-11,2.7055e-11
2.1805e-11,6.1817e-12,1.6437e-11
3.6095e-11,2.3733e-11,3.7979e-11
2.1292e-11,7.5669e-12,1.7612e-11
1.4838e-11,9.6186e-12,1.8459e-11
1.6008e-11,1.2224e-11,1.8584e-11
1.4076e-11,1.0869e-11,1.6647e-11
1.3553e-11,1.9731e-11,1.3205e-11
1.5291e-11,1.3509e-11,1.5587e-11
1.3877e-11,2.3185e-11,1.2784e-11
1.5606e-11,2.6451e-11,1.1723e-11
1.3049e-11,1.6814e-11,1.4876e-11
1.6088e-11,2.8358e-11,1.024e-11
2.3406e-11,3.1911e-11,3.4936e-11
1.5558e-11,1.6353e-11,1.0382e-11
1.7525e-11,2.4204e-11,2.7867e-11
1.8801e-11,2.3537e-11,1.3757e-11
1.9763e-11,2.7637e-11,1.6206e-11
2.4798e-11,2.5196e-11,1.9583e-11
1.2272e-11,1.6582e-11,1.3831e-11
2.1887e-11,2.5303e-11,1.4469e-11
2.2153e-11,2.4325e-11,1.5156e-11
7.4983e-12,1.7101e-11,1.3776e-11
1.4198e-11,1.2794e-11,1.1626e-11
7.1233e-12,1.7577e-11,1.4054e-11
5.1675e-11,2.2017e-11,5.6234e-12
6.1111e-11,1.9133e-11,1.7387e-11
6.3291e-11,1.9412e-11,8.6294e-12
6.9946e-11,2.1972e-11,1.8366e-11
6.8017e-11,1.9505e-11,1.3432e-11
6.7235e-11,1.97e-11,1.7794e-11
7.1552e-11,2.2014e-11,1.533e-11
7.2485e-12,1.1503e-11,1.2671e-11
7.0604e-11,2.0839e-11,1.6981e-11
1.553e-11,2.2296e-11,2.0457e-11
6.2881e-11,1.9547e-11,1.3837e-11
8.2087e-12,1.1144e-11,1.3933e-11
8.5661e-12,1.6227e-11,1.683e-11
1.2988e-11,1.8312e-11,1.9391e-11
3.5973e-11,8.8846e-12,3.7032e-11
3.3574e-11,1.0016e-11,3.3537e-11
3.1585e-11,7.2601e-12,3.0927e-11
3.3391e-11,1.2337e-11,3.0191e-11
2.8502e-11,6.9109e-12,2.7337e-11
6.8107e-11,2.3033e-11,3.4791e-11
4.1531e-11,2.7645e-11,4.3878e-11
2.1164e-11,8.067e-12,1.9893e-11
2.9763e-11,1.0178e-11,1.8896e-11
3.0979e-11,1.2678e-11,1.9067e-11
1.784e-11,7.5748e-12,1.8213e-11
3.9096e-11,3.6199e-11,4.4085e-11
2.1656e-11,1.6966e-11,2.5235e-11
1.2667e-11,1.0467e-11,1.5012e-11
3.0121e-11,3.8522e-11,4.2376e-11
1.589e-11,1.8042e-11,1.3772e-11
2.7747e-11,3.7607e-11,3.8811e-11
3.002e-11,2.132e-11,1.1599e-11
1.7985e-11,2.5784e-11,9.8956e-12
2.2096e-11,2.6014e-11,1.2981e-11
3.3492e-11,4.0943e-11,4.1111e-11
1.3741e-11,1.3597e-11,1.5733e-11
1.1706e-11,1.2382e-11,1.2292e-11
2.2351e-11,2.0649e-11,1.7303e-11
6.7507e-12,1.2364e-11,1.1044e-11
7.9976e-12,1.1534e-11,1.3018e-11
8.2691e-12,1.0604e-11,1.4149e-11
6.4502e-11,1.7512e-11,7.7679e-12
6.9533e-11,2.3442e-11,1.5211e-11
7.1124e-11,2.1714e-11,1.402e-11
5.8077e-11,1.9649e-11,6.8748e-12
7.2981e-11,2.1612e-11,1.5355e-11
6.8202e-11,1.9635e-11,1.448e-11
1.4685e-11,1.8526e-11,1.8834e-11
4.1221e-11,6.4695e-12,4.2586e-11
3.5169e-11,6.279e-12,3.6099e-11
3.0827e-11,9.2945e-12,3.1176e-11
2.5655e-11,5.7458e-12,2.4971e-11
2.4602e-11,9.6876e-12,2.3978e-11
2.4279e-11,7.6191e-12,2.0398e-11
2.2299e-11,6.1876e-12,1.9772e-11
3.9211e-11,2.398e-11,4.0756e-11
6.9894e-11,2.4691e-11,2.9788e-11
3.9625e-11,3.1143e-11,4.2013e-11
1.8701e-11,1.0036e-11,2.0648e-11
1.4748e-11,1.0857e-11,1.7916e-11
1.4924e-11,1.1379e-11,1.7099e-11
3.5798e-11,3.74e-11,4.3512e-11
1.877e-11,1.2304e-11,1.6967e-11
2.0973e-11,2.2707e-11,2.523e-11
2.8825e-11,3.7128e-11,3.9831e-11
1.8038e-11,1.7691e-11,1.534e-11
1.9464e-11,1.9472e-11,1.0517e-11
2.3266e-11,2.753e-11,9.2238e-12
3.2916e-11,2.0367e-11,9.3138e-12
2.0395e-11,2.7041e-11,1.3586e-11
3.8361e-11,2.1241e-11,7.9579e-12
1.3742e-11,2.0791e-11,1.1376e-11
2.0833e-11,2.9792e-11,1.1753e-11
3.9679e-11,1.9905e-11,1.1663e-11
3.7514e-11,1.9827e-11,8.7364e-12
9.0724e-12,1.4147e-11,1.1931e-11
3.8716e-11,2.8849e-11,7.4987e-12
1.1832e-11,1.6513e-11,1.9676e-11
7.8554e-12,1.5291e-11,1.0348e-11
4.617e-11,3.0448e-11,7.4783e-12
8.2575e-12,1.5865e-11,1.3235e-11
6.5627e-11,1.9355e-11,1.1147e-11
6.6018e-11,2.0629e-11,1.5112e-11
2.3992e-11,4.4323e-11,3.2717e-11
7.5885e-12,1.061e-11,1.2084e-11
1.9136e-11,3.3914e-11,2.7211e-11
6.8585e-12,1.4741e-11,1.3948e-11
5.3172e-12,1.5318e-11,1.3667e-11
1.0468e-11,1.4282e-11,1.5656e-11
9.4116e-12,1.2337e-11,1.4945e-11
9.9378e-12,1.0822e-11,1.384e-11
3.9998e-11,9.5374e-12,4.3772e-11
4.0203e-11,6.3648e-12,3.9708e-11
3.7894e-11,1.0708e-11,3.6493e-11
4.0632e-11,1.6028e-11,3.6299e-11
5.3702e-11,1.7082e-11,3.027e-11
3.598e-11,1.9126e-11,3.6331e-11
3.0714e-11,1.1442e-11,2.9928e-11
2.0114e-11,7.5257e-12,1.407e-11
1.8999e-11,1.0873e-11,1.2642e-11
2.0404e-11,1.5162e-11,2.446e-11
1.8329e-11,1.0823e-11,1.2865e-11
1.9275e-11,1.7044e-11,1.5817e-11
1.5085e-11,1.7721e-11,1.9612e-11
1.7104e-11,2.327e-11,1.0618e-11
1.6491e-11,1.9139e-11,1.6364e-11
1.3813e-11,9.3781e-12,1.4145e-11
2.7354e-11,2.9412e-11,9.3196e-12
1.1572e-11,1.5506e-11,1.3817e-11
3.336e-11,3.2897e-11,7.7893e-12
7.9284e-12,1.7687e-11,1.1615e-11
8.7226e-12,2.0961e-11,1.7559e-11
8.5001e-12,1.3491e-11,1.2367e-11
5.6744e-11,2.1075e-11,1.46e-11
6.8582e-12,1.434e-11,1.2961e-11
5.3963e-11,2.127e-11,7.9611e-12
5.5743e-11,2.1574e-11,8.5107e-12
7.842e-12,1.1857e-11,1.3944e-11
2.5277e-11,4.5782e-12,2.2552e-11
2.4351e-11,5.1746e-12,2.3502e-11
2.5951e-11,9.2068e-12,2.372e-11
2.2007e-11,8.2494e-12,2.0634e-11
6.1042e-11,1.9505e-11,2.9998e-11
2.4819e-11,1.0092e-11,2.5806e-11
3.3086e-11,1.8453e-11,3.4746e-11
1.9723e-11,1.0203e-11,1.6371e-11
4.2588e-11,1.3903e-11,2.2207e-11
1.7624e-11,7.6259e-12,1.8388e-11
2.8731e-11,9.572e-12,1.766e-11
3.4734e-11,2.7464e-11,3.6679e-11
3.0048e-11,2.6152e-11,3.3307e-11
2.1296e-11,2.0207e-11,2.404e-11
1.2742e-11,7.6878e-12,1.3783e-11
1.714e-11,1.5251e-11,1.4702e-11
2.0353e-11,1.6692e-11,1.7219e-11
3.0469e-11,1.8215e-11,1.7611e-11
1.8853e-11,1.0437e-11,1.2277e-11
1.431e-11,1.416e-11,1.7188e-11
1.6574e-11,1.7518e-11,1.3512e-11
1.9036e-11,1.863e-11,1.0689e-11
1.4435e-11,2.417e-11,1.0882e-11
2.123e-11,1.82e-11,1.1972e-11
1.6931e-11,2.5175e-11,1.3821e-11
1.5608e-11,2.5144e-11,9.8436e-12
1.5052e-11,2.9761e-11,1.0445e-11
2.2908e-11,2.8764e-11,8.0592e-12
1.9783e-11,2.6916e-11,1.2601e-11
2.3088e-11,2.7335e-11,1.1015e-11
4.5408e-11,1.7489e-11,1.5751e-11
3.7392e-11,1.9364e-11,8.3146e-12
3.8242e-11,1.9385e-11,9.4185e-12
1.7046e-11,1.9758e-11,1.4164e-11
8.3057e-12,1.6199e-11,1.1043e-11
7.9834e-12,1.3769e-11,1.294e-11
4.2762e-11,3.4765e-11,6.7218e-12
1.4785e-11,2.3022e-11,1.8579e-11
8.5861e-12,1.0869e-11,1.2521e-11
1.047e-11,1.3206e-11,1.4689e-11
8.8269e-12,1.323e-11,1.1615e-11
3.0812e-11,7.2713e-12,3.2733e-11
2.925e-11,8.9487e-12,3.2721e-11
2.9728e-11,5.9483e-12,3.1232e-11
3.6261e-11,1.23e-11,3.3233e-11
3.3439e-11,1.2004e-11,3.0125e-11
4.6964e-11,1.6043e-11,2.9686e-11
3.6703e-11,1.2562e-11,2.5464e-11
2.3561e-11,1.0237e-11,2.518e-11
2.9988e-11,3.0555e-11,3.552e-11
1.2791e-11,7.9077e-12,1.4355e-11
2.2876e-11,1.5155e-11,1.4401e-11
1.8303e-11,2.2967e-11,2.5589e-11
1.3214e-11,1.1987e-11,1.5637e-11
1.6173e-11,1.8816e-11,1.5447e-11
2.5255e-11,2.0468e-11,1.494e-11
2.1853e-11,3.0286e-11,3.3439e-11
1.404e-11,2.8992e-11,1.0641e-11
3.1937e-11,1.9537e-11,1.693e-11
2.6447e-11,3.3649e-11,3.5702e-11
1.2706e-11,1.6513e-11,1.2247e-11
1.1853e-11,8.4761e-12,1.1443e-11
2.1747e-11,2.7975e-11,1.1739e-11
1.2606e-11,1.4497e-11,1.5591e-11
1.2075e-11,1.6344e-11,1.6267e-11
4.4e-11,1.6895e-11,7.9783e-12
1.1658e-11,1.6613e-11,1.9744e-11
5.8077e-12,1.8769e-11,1.1899e-11
1.3081e-11,9.6866e-12,1.5188e-11
6.6721e-11,2.7111e-11,1.4842e-11
6.59e-11,2.635e-11,1.5981e-11
1.0724e-11,1.1198e-11,1.2831e-11
5.2663e-11,2.8032e-11,9.691e-12
5.3292e-11,2.0724e-11,7.9256e-12
5.3557e-11,2.8802e-11,5.4013e-12
6.3681e-11,1.9935e-11,1.6635e-11
5.9576e-11,2.4348e-11,1.0649e-11
6.2363e-11,2.2263e-11,1.6082e-11
7.6616e-12,1.2242e-11,1.1388e-11
8.3722e-12,1.436e-11,1.3667e-11
9.7795e-12,1.1818e-11,1.4139e-11
3.9656e-11,6.3596e-12,4.0883e-11
3.8932e-11,1.294e-11,3.631e-11
4.1543e-11,1.454e-11,3.4641e-11
2.7855e-11,8.5226e-12,2.6711e-11
2.2495e-11,6.0867e-12,2.2601e-11
2.7434e-11,9.8415e-12,2.708e-11
2.3445e-11,7.3735e-12,2.3472e-11
2.2115e-11,7.7296e-12,2.0206e-11
2.2707e-11,7.4363e-12,2.1116e-11
3.8184e-11,1.3236e-11,2.1467e-11
1.785e-11,5.4766e-12,1.4774e-11
1.8201e-11,7.3129e-12,1.2785e-11
1.8402e-11,6.9194e-12,1.5178e-11
6.8297e-11,2.5445e-11,2.6184e-11
5.0148e-11,1.8963e-11,2.1878e-11
3.1336e-11,3.8292e-11,4.2468e-11
3.584e-11,1.8362e-11,1.9388e-11
1.3658e-11,1.2956e-11,1.6084e-11
2.8606e-11,3.6193e-11,3.9545e-11
1.9934e-11,1.7949e-11,1.3269e-11
1.1646e-11,1.426e-11,1.5986e-11
1.3837e-11,2.2905e-11,1.4698e-11
3.5673e-11,1.8579e-11,1.8088e-11
2.6095e-11,3.0301e-11,3.1397e-11
3.0819e-11,1.6226e-11,1.3208e-11
2.5719e-11,3.1008e-11,3.2053e-11
2.8668e-11,3.1288e-11,9.9484e-12
1.5154e-11,1.3849e-11,1.4272e-11
4.3321e-11,2.1312e-11,9.0984e-12
2.0725e-11,3.224e-11,2.6011e-11
1.1477e-11,1.6376e-11,1.341e-11
1.0426e-11,1.1575e-11,1.3598e-11
5.8905e-11,2.2644e-11,1.8944e-11
4.6014e-11,3.7102e-11,1.0459e-11
9.2342e-12,1.1145e-11,1.4661e-11
5.9191e-11,1.8951e-11,2.1419e-11
1.5025e-11,2.1869e-11,1.8024e-11
8.7233e-12,1.1098e-11,1.1691e-11
5.7913e-11,1.7193e-11,1.543e-11
5.5078e-11,2.9588e-11,6.4471e-12
7.1846e-12,9.802e-12,1.1243e-11
3.813e-11,7.052e-12,4.0045e-11
3.5223e-11,1.0795e-11,3.0939e-11
3.2523e-11,1.0573e-11,2.9781e-11
4.1323e-11,1.8176e-11,3.9591e-11
2.5662e-11,7.4992e-12,2.4949e-11
2.0593e-11,5.8972e-12,2.1409e-11
2.0982e-11,6.8868e-12,2.0238e-11
2.0564e-11,6.4371e-12,1.9976e-11
2.0172e-11,8.298e-12,1.8923e-11
2.2284e-11,5.8492e-12,1.8376e-11
1.9701e-11,9.073e-12,1.6651e-11
1.7681e-11,4.4723e-12,1.622e-11
2.0547e-11,9.4405e-12,2.0634e-11
1.7693e-11,7.9431e-12,1.4921e-11
3.6314e-11,2.3775e-11,3.7669e-11
3.4204e-11,1.0738e-11,2.0263e-11
1.7217e-11,4.8888e-12,1.4394e-11
2.1311e-11,9.119e-12,1.4969e-11
2.1138e-11,1.5279e-11,2.3233e-11
3.109e-11,3.5786e-11,3.976e-11
1.2948e-11,1.5866e-11,1.4141e-11
1.6326e-11,1.8476e-11,1.1439e-11
1.8551e-11,2.1366e-11,1.2125e-11
1.4236e-11,1.3118e-11,1.5437e-11
2.3558e-11,2.1717e-11,1.8693e-11
1.1144e-11,1.3474e-11,1.4991e-11
2.9983e-11,2.4951e-11,1.3445e-11
2.0813e-11,1.8579e-11,1.131e-11
1.4084e-11,2.3789e-11,1.3987e-11
1.6226e-11,1.5043e-11,1.2384e-11
4.3581e-11,1.8299e-11,8.6845e-12
4.8163e-11,2.1352e-11,1.4776e-11
1.256e-11,1.6568e-11,1.9329e-11
7.9817e-12,1.4018e-11,9.7376e-12
2.9441e-11,3.0906e-11,1.363e-11
7.4705e-12,1.1602e-11,1.0759e-11
1.9761e-11,2.0443e-11,1.3949e-11
1.3457e-11,1.0464e-11,1.3009e-11
4.6307e-11,2.6274e-11,8.7842e-12
1.1367e-11,1.0855e-11,1.663e-11
5.0769e-11,1.9635e-11,9.3238e-12
5.4424e-11,2.4556e-11,1.63e-11
2.3314e-11,4.0597e-11,2.9042e-11
8.5679e-12,1.4649e-11,1.4118e-11
1.4489e-11,1.8486e-11,1.7736e-11
4.0463e-11,7.9081e-12,4.1965e-11
3.4642e-11,8.3083e-12,3.8316e-11
2.6282e-11,5.3147e-12,2.7904e-11
2.5705e-11,6.144e-12,2.6759e-11
2.5461e-11,7.4102e-12,2.4867e-11
2.8832e-11,1.1712e-11,2.8618e-11
2.1914e-11,8.3181e-12,2.0965e-11
1.7967e-11,4.6645e-12,1.6862e-11
1.751e-11,6.1545e-12,1.5425e-11
1.8675e-11,6.991e-12,1.9102e-11
2.3418e-11,7.5082e-12,1.7166e-11
1.7349e-11,7.7019e-12,1.3397e-11
5.1446e-11,1.6339e-11,2.4763e-11
1.5418e-11,7.9843e-12,1.7794e-11
1.6151e-11,6.102e-12,1.3112e-11
1.4628e-11,1.0876e-11,1.1306e-11
2.1561e-11,2.5708e-11,2.9689e-11
2.453e-11,2.9998e-11,3.4346e-11
1.3635e-11,1.2797e-11,1.5618e-11
1.1617e-11,1.4312e-11,1.5987e-11
2.8649e-11,3.5907e-11,3.8809e-11
1.4639e-11,1.0366e-11,1.2017e-11
2.9357e-11,3.7596e-11,3.4912e-11
4.2766e-11,2.1588e-11,1.6879e-11
3.7198e-11,1.7695e-11,1.2591e-11
5.3549e-11,1.7334e-11,1.2067e-11
6.1116e-11,2.4834e-11,2.1498e-11
5.5749e-11,2.2302e-11,1.6836e-11
6.0217e-12,1.2757e-11,1.092e-11
3.1738e-11,3.9238e-11,1.5842e-11
6.5695e-12,1.2709e-11,1.1792e-11
1.8927e-11,3.1814e-11,2.356e-11
5.5805e-11,1.6166e-11,1.0264e-11
7.7506e-12,1.0655e-11,1.1639e-11
7.2377e-12,1.1779e-11,1.1708e-11
5.2883e-11,2.4996e-11,1.5803e-11
3.6638e-11,5.7609e-12,3.9401e-11
3.4845e-11,4.8204e-12,3.6707e-11
3.6942e-11,1.2504e-11,3.9655e-11
3.587e-11,1.3149e-11,3.4159e-11
2.7521e-11,6.65e-12,2.8235e-11
4.2936e-11,1.8881e-11,4.0455e-11
2.0389e-11,5.2475e-12,1.87e-11
2.4754e-11,5.9172e-12,2.1628e-11
4.8701e-11,1.6796e-11,3.0928e-11
2.9246e-11,1.0909e-11,2.3916e-11
1.79e-11,6.6162e-12,1.6128e-11
3.0209e-11,1.9628e-11,3.2446e-11
2.2713e-11,1.2646e-11,2.4559e-11
2.1037e-11,1.4294e-11,2.3215e-11
1.2361e-11,7.5184e-12,1.4148e-11
1.5644e-11,1.233e-11,1.7241e-11
1.3314e-11,1.1447e-11,1.6127e-11
1.2245e-11,7.323e-12,1.2935e-11
2.1701e-11,1.3193e-11,1.5851e-11
2.911e-11,2.288e-11,1.571e-11
2.751e-11,2.8491e-11,1.6496e-11
1.9058e-11,2.1937e-11,1.4885e-11
1.1903e-11,1.4021e-11,1.5456e-11
1.3884e-11,9.9535e-12,1.3855e-11
2.1267e-11,2.0844e-11,1.3938e-11
3.8065e-11,2.235e-11,1.147e-11
1.5035e-11,1.8428e-11,1.7831e-11
4.2653e-11,2.1958e-11,1.9002e-11
1.3546e-11,1.828e-11,1.8933e-11
1.152e-11,1.6017e-11,1.4606e-11
3.4174e-11,3.372e-11,1.3739e-11
2.1137e-11,1.487e-11,1.5055e-11
5.0064e-11,2.9196e-11,1.9365e-11
2.303e-11,4.0148e-11,2.8415e-11
4.7703e-11,2.6839e-11,8.088e-12
1.1748e-11,1.754e-11,1.4621e-11
8.4626e-12,1.1678e-11,1.4446e-11
1.2192e-11,1.605e-11,1.4618e-11
1.4315e-11,1.9809e-11,1.7881e-11
1.2798e-11,1.3126e-11,1.423e-11
3.7429e-11,1.2387e-11,4.0608e-11
3.663e-11,1.6987e-11,3.5858e-11
2.1431e-11,8.1912e-12,2.1263e-11
1.914e-11,1.1991e-11,1.952e-11
6.8243e-11,2.4533e-11,2.7589e-11
1.6939e-11,7.1524e-12,1.4569e-11
1.5482e-11,6.4973e-12,1.4756e-11
2.876e-11,1.0669e-11,1.9306e-11
1.9848e-11,1.3698e-11,2.3407e-11
1.4398e-11,6.0456e-12,1.2389e-11
1.4624e-11,9.6195e-12,1.285e-11
1.1779e-11,6.5422e-12,1.2745e-11
1.2207e-11,7.7075e-12,1.2722e-11
1.6526e-11,1.4672e-11,1.2047e-11
3.1384e-11,1.6666e-11,1.5937e-11
1.3233e-11,1.2485e-11,1.5525e-11
3.0367e-11,2.3125e-11,1.6788e-11
2.3146e-11,2.1421e-11,2.0964e-11
1.3778e-11,1.6452e-11,1.7784e-11
1.1101e-11,1.426e-11,1.4814e-11
4.4793e-11,2.0936e-11,2.0988e-11
2.5814e-11,3.2593e-11,3.3175e-11
2.3493e-11,3.1648e-11,2.8847e-11
2.1925e-11,3.0223e-11,2.4883e-11
5.2024e-11,1.9424e-11,1.6739e-11
2.0534e-11,1.4418e-11,1.4479e-11
4.9197e-11,1.6768e-11,8.4242e-12
4.9613e-11,3.2782e-11,1.8275e-11
4.3102e-11,3.4235e-11,1.9358e-11
5.0704e-11,2.8947e-11,1.4241e-11
1.0988e-11,1.0867e-11,1.5737e-11
1.0385e-11,1.1025e-11,1.1577e-11
8.7558e-12,1.2563e-11,1.1863e-11
1.3761e-11,1.8052e-11,1.5907e-11
6.0895e-11,2.0693e-11,1.1421e-11
7.5984e-12,1.1166e-11,1.1227e-11
4.4312e-11,2.7395e-11,1.3021e-11
1.2148e-11,1.2011e-11,1.3585e-11
3.9376e-11,1.1002e-11,4.1938e-11
3.2513e-11,3.7426e-12,3.4734e-11
3.9578e-11,1.4144e-11,3.6774e-11
3.001e-11,9.5025e-12,3.0188e-11
2.4462e-11,6.248e-12,2.5847e-11
2.3252e-11,4.7116e-12,2.5681e-11
2.2557e-11,6.3018e-12,2.3819e-11
2.0827e-11,4.1716e-12,2.1909e-11
2.416e-11,1.0485e-11,2.2904e-11
1.814e-11,7.4707e-12,1.8505e-11
3.2993e-11,1.1054e-11,2.3235e-11
2.6054e-11,1.0515e-11,2.0876e-11
5.0972e-11,1.8296e-11,2.7205e-11
1.6625e-11,7.9443e-12,1.3795e-11
6.8048e-11,2.2794e-11,2.4922e-11
1.4477e-11,7.065e-12,1.4686e-11
6.5888e-11,2.3057e-11,2.9282e-11
1.5489e-11,7.3462e-12,1.3175e-11
1.5807e-11,1.0637e-11,1.4997e-11
1.3934e-11,8.5785e-12,1.6563e-11
1.5139e-11,7.7114e-12,1.0962e-11
1.3919e-11,1.1754e-11,1.6469e-11
4.1245e-11,1.7807e-11,1.9366e-11
3.2715e-11,3.2143e-11,2.0023e-11
2.1773e-11,1.9379e-11,1.406e-11
2.5359e-11,2.7535e-11,1.5616e-11
1.8981e-11,1.548e-11,1.0959e-11
1.3868e-11,1.0936e-11,1.0834e-11
1.2302e-11,1.512e-11,1.5025e-11
1.7007e-11,2.1242e-11,2.2772e-11
4.1926e-11,2.116e-11,1.8219e-11
2.8112e-11,3.6959e-11,3.3062e-11
3.8657e-11,1.615e-11,1.8762e-11
3.5473e-11,3.8079e-11,1.2395e-11
5.1685e-11,1.7187e-11,1.0177e-11
9.0455e-12,1.0555e-11,1.2282e-11
1.1756e-11,1.1766e-11,1.4268e-11
1.3855e-11,9.7647e-12,2.0483e-11
7.345e-12,1.2693e-11,1.1869e-11
4.0548e-11,3.5334e-11,2.1726e-11
2.3406e-11,4.0493e-11,2.8394e-11
4.8776e-11,2.8271e-11,1.7156e-11
5.3361e-11,1.9626e-11,5.4641e-12
1.2108e-11,1.2919e-11,1.1838e-11
5.0577e-11,3.7355e-11,8.7426e-12
5.5447e-11,1.6253e-11,1.5531e-11
1.1213e-11,1.5341e-11,1.3829e-11
6.2634e-12,1.2364e-11,1.0606e-11
4.2489e-11,2.6529e-11,1.4312e-11
3.4009e-11,5.6149e-12,3.6626e-11
2.8099e-11,3.1022e-12,3.0322e-11
3.51e-11,8.5272e-12,3.4603e-11
3.1234e-11,6.3482e-12,3.2877e-11
3.6922e-11,1.2947e-11,3.8345e-11
3.3616e-11,1.1518e-11,3.3909e-11
2.8011e-11,9.4281e-12,2.8914e-11
2.698e-11,7.5104e-12,2.6355e-11
2.321e-11,6.7766e-12,2.3162e-11
2.9598e-11,1.375e-11,2.9958e-11
1.734e-11,7.069e-12,1.692e-11
5.4876e-11,1.9075e-11,2.9367e-11
6.1751e-11,2.0661e-11,2.9936e-11
5.2376e-11,1.9026e-11,2.8367e-11
3.6285e-11,2.1993e-11,3.7239e-11
1.6816e-11,8.9295e-12,1.839e-11
1.9399e-11,1.041e-11,1.5141e-11
5.855e-11,2.0074e-11,2.5388e-11
1.6096e-11,8.7964e-12,1.5734e-11
1.4127e-11,1.0435e-11,1.3143e-11
1.3572e-11,1.0334e-11,1.5295e-11
1.4233e-11,7.9001e-12,1.3388e-11
1.637e-11,1.1695e-11,2.0251e-11
3.787e-11,3.3979e-11,2.1103e-11
3.8094e-11,3.3817e-11,2.383e-11
1.7769e-11,1.6247e-11,1.9852e-11
2.7109e-11,1.3048e-11,1.6629e-11
1.2092e-11,8.7784e-12,1.3672e-11
3.1317e-11,3.896e-11,2.0643e-11
2.1358e-11,1.9159e-11,1.3946e-11
2.6889e-11,2.9854e-11,1.7055e-11
1.4506e-11,9.7244e-12,1.2524e-11
3.3971e-11,1.5869e-11,1.5198e-11
1.2108e-11,1.5397e-11,1.5131e-11
1.0119e-11,1.0971e-11,8.4893e-12
4.0135e-11,1.6495e-11,9.7424e-12
8.5381e-12,1.0384e-11,1.0449e-11
2.6497e-11,3.4822e-11,3.0536e-11
4.9894e-11,2.8176e-11,1.7739e-11
9.3365e-12,1.0018e-11,9.707e-12
4.9437e-11,1.8151e-11,1.7073e-11
1.2058e-11,1.7566e-11,1.4091e-11
1.2029e-11,1.1386e-11,1.1288e-11
3.9233e-11,3.4014e-11,2.0585e-11
4.9476e-11,3.7101e-11,1.0325e-11
5.6503e-11,1.7406e-11,1.5094e-11
7.2242e-12,1.4428e-11,1.1687e-11
5.4504e-11,4.111e-11,1.3436e-11
3.7998e-11,6.4161e-12,4.0401e-11
3.7474e-11,1.1935e-11,3.9032e-11
3.6336e-11,6.913e-12,3.635e-11
3.2349e-11,1.1045e-11,3.5594e-11
2.6893e-11,5.4187e-12,2.7944e-11
3.6676e-11,8.5176e-12,3.4298e-11
3.7197e-11,1.2218e-11,3.5708e-11
3.1866e-11,8.1865e-12,3.178e-11
3.0103e-11,8.2843e-12,2.9931e-11
1.9519e-11,4.4481e-12,1.9253e-11
1.7801e-11,5.2538e-12,1.7935e-11
1.9202e-11,3.9332e-12,1.872e-11
2.3676e-11,1.0624e-11,2.4268e-11
1.797e-11,6.6978e-12,1.5046e-11
5.9887e-11,2.1638e-11,3.1857e-11
4.5552e-11,1.6166e-11,2.5704e-11
2.5295e-11,1.0362e-11,1.8932e-11
1.735e-11,1.0288e-11,1.4552e-11
1.4951e-11,5.7628e-12,1.2631e-11
1.2721e-11,1.0578e-11,1.4643e-11
5.1832e-11,3.308e-11,2.3368e-11
1.4323e-11,6.8917e-12,1.036e-11
1.1801e-11,9.7587e-12,1.4375e-11
3.2064e-11,4.2646e-11,2.5604e-11
1.1693e-11,1.337e-11,1.3269e-11
1.2028e-11,1.0659e-11,1.0581e-11
1.4059e-11,1.0451e-11,1.0334e-11
3.4295e-11,2.1273e-11,2.1198e-11
3.5282e-11,2.1489e-11,2.4856e-11
1.9699e-11,2.5037e-11,2.5709e-11
1.165e-11,1.3621e-11,1.3469e-11
3.8879e-11,2.1732e-11,1.7294e-11
4.3576e-11,1.6841e-11,1.4341e-11
1.2652e-11,1.0515e-11,1.1021e-11
1.1788e-11,1.0349e-11,1.1759e-11
4.5875e-11,1.5729e-11,1.1755e-11
3.2347e-11,3.2259e-11,1.7423e-11
4.0647e-11,3.7589e-11,9.58e-12
4.9409e-11,1.5605e-11,1.2232e-11
1.8964e-11,2.0678e-11,2.5076e-11
5.3423e-11,2.0161e-11,1.4487e-11
4.1835e-11,3.7649e-11,2.1413e-11
3.9714e-11,3.9527e-11,1.3921e-11
8.572e-12,9.2266e-12,1.0975e-11
1.1204e-11,8.2904e-12,1.1996e-11
4.3997e-11,2.7292e-11,2.021e-11
4.4634e-11,5.05e-11,2.0847e-11
4.9989e-11,5.3931e-11,1.8262e-11
5.3241e-11,1.5762e-11,1.5838e-11
5.4386e-11,5.7602e-11,1.8629e-11
5.6389e-11,2.4406e-11,1.142e-11
5.5691e-11,4.0834e-11,1.1215e-11
7.4446e-12,1.0449e-11,1.0828e-11
1.5372e-11,2.196e-11,1.7993e-11
3.2732e-11,5.167e-12,3.2895e-11
3.2251e-11,4.6056e-12,3.4871e-11
2.5279e-11,5.0608e-12,2.8014e-11
2.1876e-11,5.3271e-12,2.3364e-11
2.19e-11,5.6534e-12,2.226e-11
1.9966e-11,4.4044e-12,2.1454e-11
2.5329e-11,8.1447e-12,2.4497e-11
2.5696e-11,1.072e-11,2.6607e-11
1.7988e-11,1.0116e-11,1.7599e-11
2.0051e-11,9.6787e-12,1.9678e-11
2.6015e-11,8.7744e-12,2.1532e-11
3.067e-11,1.7744e-11,3.2248e-11
3.0198e-11,2.0009e-11,3.1898e-11
1.532e-11,9.9645e-12,1.695e-11
1.6183e-11,9.2798e-12,1.1153e-11
1.5913e-11,1.0686e-11,1.3822e-11
3.1069e-11,2.244e-11,3.0675e-11
3.8628e-11,3.2701e-11,4.0366e-11
3.3137e-11,2.9318e-11,3.6612e-11
1.2606e-11,9.2319e-12,1.423e-11
1.3774e-11,7.1516e-12,1.1677e-11
1.7623e-11,1.3297e-11,1.7841e-11
4.7187e-11,2.721e-11,2.3041e-11
2.3143e-11,2.1448e-11,2.5639e-11
1.9343e-11,1.1033e-11,1.3611e-11
3.3634e-11,4.4951e-11,2.7512e-11
2.4923e-11,2.1715e-11,1.7438e-11
2.3583e-11,2.7241e-11,1.5347e-11
3.0361e-11,2.0724e-11,1.6751e-11
2.0667e-11,2.5808e-11,2.2511e-11
8.6565e-12,9.0708e-12,1.0188e-11
6.9144e-12,1.0544e-11,1.0639e-11
2.6894e-11,4.1445e-11,3.0391e-11
5.2343e-11,2.0453e-11,1.3253e-11
1.2302e-11,1.7772e-11,1.4471e-11
6.7008e-12,1.2546e-11,1.0405e-11
9.5319e-12,1.1594e-11,1.2801e-11
4.7777e-11,3.7025e-11,9.9205e-12
5.34e-11,1.7219e-11,2.014e-11
5.5489e-11,1.7287e-11,1.5286e-11
7.6267e-12,1.034e-11,1.2371e-11
3.6218e-11,2.8027e-11,1.5376e-11
6.9649e-12,1.0741e-11,1.1079e-11
6.3054e-11,6.9873e-11,1.9946e-11
5.6966e-11,5.4861e-11,2.9723e-11
6.1867e-11,4.4787e-11,1.4924e-11
5.9863e-11,5.451e-11,8.3048e-12
3.3124e-11,6.1607e-12,3.3939e-11
2.2892e-11,4.1305e-12,2.3626e-11
2.6674e-11,9.5519e-12,2.8731e-11
1.6184e-11,4.6157e-12,1.4648e-11
1.5737e-11,1.0242e-11,1.1889e-11
1.849e-11,1.2086e-11,1.989e-11
1.3497e-11,6.8503e-12,1.1334e-11
5.2949e-11,2.8512e-11,2.7084e-11
2.0467e-11,1.5197e-11,2.0444e-11
1.1972e-11,5.3612e-12,1.2083e-11
1.1501e-11,9.8475e-12,1.394e-11
3.9082e-11,2.0218e-11,2.0929e-11
1.2622e-11,1.0644e-11,1.5285e-11
1.1299e-11,8.835e-12,1.2982e-11
2.414e-11,1.3879e-11,1.6238e-11
2.7226e-11,1.3662e-11,1.5767e-11
1.4567e-11,1.2862e-11,1.5409e-11
9.8701e-12,1.1397e-11,1.1996e-11
1.859e-11,2.2328e-11,2.2999e-11
1.9828e-11,2.0304e-11,2.0675e-11
1.2536e-11,1.2719e-11,1.2808e-11
1.8582e-11,1.4377e-11,1.0877e-11
3.1951e-11,1.5681e-11,1.6805e-11
4.2163e-11,2.8746e-11,2.3482e-11
1.3185e-11,1.201e-11,1.3606e-11
8.3662e-12,1.2047e-11,1.2514e-11
4.8695e-11,2.5872e-11,2.358e-11
1.1929e-11,1.0737e-11,1.0312e-11
4.8175e-11,2.1712e-11,1.6662e-11
9.825e-12,1.318e-11,1.1702e-11
8.545e-12,1.0397e-11,1.0316e-11
7.8529e-12,1.3472e-11,1.0411e-11
4.8217e-11,2.1155e-11,2.0867e-11
1.3343e-11,2.0659e-11,1.524e-11
1.9196e-11,1.7019e-11,1.8115e-11
5.011e-11,1.4863e-11,9.5333e-12
4.5892e-11,2.8331e-11,1.6233e-11
2.2655e-11,3.7277e-11,2.5687e-11
4.1493e-11,3.3997e-11,1.4036e-11
1.0149e-11,1.4577e-11,9.3936e-12
1.8941e-11,1.6438e-11,1.5036e-11
4.9286e-11,2.9451e-11,1.2738e-11
5.7207e-11,1.7598e-11,1.261e-11
3.7993e-11,2.4148e-11,1.7172e-11
7.1534e-12,1.1442e-11,1.251e-11
3.7949e-11,2.2711e-11,1.4032e-11
1.8362e-11,2.2237e-11,2.349e-11
4.1644e-11,1.3401e-11,3.9187e-11
3.3626e-11,1.4243e-11,3.2908e-11
2.737e-11,1.1957e-11,2.793e-11
2.5066e-11,1.0225e-11,2.3676e-11
3.8066e-11,1.3581e-11,3.036e-11
4.399e-11,1.6559e-11,2.9993e-11
1.5593e-11,6.8565e-12,1.4998e-11
2.4921e-11,1.008e-11,2.1217e-11
3.7349e-11,2.6922e-11,3.7073e-11
1.5814e-11,1.034e-11,1.1602e-11
1.5811e-11,9.6687e-12,1.3157e-11
1.384e-11,8.2962e-12,1.2006e-11
1.5844e-11,8.4968e-12,1.1791e-11
4.0148e-11,3.5785e-11,4.2533e-11
1.3601e-11,9.6199e-12,1.3013e-11
2.6442e-11,2.2688e-11,2.859e-11
3.6901e-11,3.562e-11,3.9868e-11
1.1195e-11,9.2256e-12,1.3423e-11
3.5833e-11,1.9554e-11,2.0136e-11
4.3666e-11,3.616e-11,2.8577e-11
1.3876e-11,6.7348e-12,9.6322e-12
1.5102e-11,8.9328e-12,1.0882e-11
1.8374e-11,2.1654e-11,2.1713e-11
1.0023e-11,9.5725e-12,1.1514e-11
1.2835e-11,1.2146e-11,1.2602e-11
3.313e-11,3.2244e-11,1.5966e-11
8.5622e-12,1.1075e-11,1.1109e-11
8.652e-12,1.0119e-11,1.0192e-11
9.323e-12,1.2584e-11,8.6761e-12
1.1177e-11,1.1279e-11,1.0655e-11
5.2039e-11,1.5209e-11,8.5388e-12
4.538e-11,1.5112e-11,1.2797e-11
1.089e-11,9.5688e-12,9.5617e-12
3.6899e-11,2.3784e-11,1.8529e-11
3.6524e-11,2.4481e-11,1.8135e-11
1.6411e-11,2.427e-11,1.8503e-11
5.2708e-11,2.2579e-11,7.6286e-12
4.7841e-11,1.9391e-11,1.2495e-11
3.5578e-11,2.3972e-11,1.7304e-11
8.464e-12,9.391e-12,1.1032e-11
3.6579e-11,2.7632e-11,1.4394e-11
1.1946e-11,1.5021e-11,1.3592e-11
4.5439e-11,2.1478e-11,1.3639e-11
3.6794e-11,8.3277e-12,3.6256e-11
3.7995e-11,1.6276e-11,3.6289e-11
2.8839e-11,1.049e-11,2.8804e-11
3.1131e-11,1.2062e-11,2.883e-11
3.6651e-11,1.2839e-11,2.8509e-11
4.6281e-11,1.6891e-11,2.9969e-11
5.9085e-11,2.5469e-11,2.1853e-11
1.8246e-11,1.215e-11,1.942e-11
1.3976e-11,9.0225e-12,1.1984e-11
1.1039e-11,8.6769e-12,1.2436e-11
2.667e-11,2.0592e-11,1.4877e-11
1.8393e-11,1.7951e-11,1.6305e-11
1.1408e-11,1.0205e-11,1.1466e-11
2.6254e-11,3.3588e-11,3.3262e-11
1.235e-11,1.5262e-11,1.4366e-11
1.1816e-11,1.2861e-11,1.2331e-11
3.155e-11,1.5336e-11,1.8273e-11
1.4065e-11,1.9965e-11,1.6234e-11
1.727e-11,2.7746e-11,1.8443e-11
4.8766e-11,2.0289e-11,1.8951e-11
1.0705e-11,1.3816e-11,1.1284e-11
1.4654e-11,1.3114e-11,1.4993e-11
8.7613e-12,1.4334e-11,1.2179e-11
1.4144e-11,1.1172e-11,1.6543e-11
3.7452e-11,3.2065e-11,2.135e-11
4.7543e-11,2.5989e-11,8.1375e-12
8.7055e-12,1.3564e-11,1.694e-11
1.0433e-11,1.4078e-11,1.2651e-11
4.5329e-11,2.1472e-11,1.2541e-11
4.3773e-11,2.0117e-11,1.1123e-11
6.4863e-12,9.4417e-12,1.1074e-11
3.754e-11,2.2019e-11,1.3405e-11
2.9123e-11,1.9758e-11,1.7154e-11
3.9291e-11,9.9958e-12,3.7808e-11
2.7685e-11,6.4474e-12,3.168e-11
2.7829e-11,4.9252e-12,2.9748e-11
4.0874e-11,1.3583e-11,3.9441e-11
1.8183e-11,5.8383e-12,1.8308e-11
2.9691e-11,1.1484e-11,2.8667e-11
1.8716e-11,6.3838e-12,1.8594e-11
1.9809e-11,6.9246e-12,2.0393e-11
3.2234e-11,1.2303e-11,2.5425e-11
1.7897e-11,7.818e-12,1.7082e-11
1.4366e-11,9.0581e-12,1.2371e-11
1.475e-11,7.2401e-12,1.6294e-11
1.446e-11,6.7399e-12,1.4321e-11
1.6479e-11,9.3391e-12,1.8754e-11
1.4571e-11,5.8237e-12,1.2232e-11
1.3545e-11,8.255e-12,1.519e-11
1.3539e-11,6.0048e-12,9.9941e-12
3.8605e-11,2.3802e-11,1.9214e-11
3.5411e-11,3.0734e-11,1.9206e-11
2.3094e-11,1.1827e-11,1.4562e-11
2.8091e-11,2.127e-11,1.6064e-11
2.2168e-11,2.3342e-11,2.5372e-11
2.6004e-11,1.2769e-11,2.0052e-11
1.3082e-11,1.4654e-11,1.2877e-11
1.1192e-11,1.0881e-11,1.056e-11
2.1804e-11,1.8398e-11,1.5997e-11
1.029e-11,1.6265e-11,1.4355e-11
2.4895e-11,3.8215e-11,2.6162e-11
2.2317e-11,2.5788e-11,1.7961e-11
2.4255e-11,2.3657e-11,1.5969e-11
8.7258e-12,8.9275e-12,9.147e-12
3.3171e-11,4.3063e-11,3.7308e-11
1.5782e-11,1.9219e-11,1.7107e-11
4.0043e-11,2.7718e-11,2.4637e-11
1.3894e-11,1.026e-11,1.1786e-11
3.7246e-11,1.9429e-11,1.2793e-11
4.0923e-11,3.2382e-11,2.2235e-11
2.7059e-11,4.1008e-11,2.9806e-11
7.9287e-12,8.6153e-12,1.1282e-11
2.0261e-11,3.2476e-11,2.2444e-11
1.3853e-11,1.4759e-11,1.3017e-11
3.2288e-11,4.0179e-11,2.666e-11
1.3904e-11,2.1256e-11,1.5162e-11
9.7459e-12,9.9541e-12,9.8143e-12
4.8947e-11,1.4386e-11,1.4618e-11
9.0004e-12,8.835e-12,9.3235e-12
1.8216e-11,2.7712e-11,1.8449e-11
5.2068e-11,1.8757e-11,1.3486e-11
4.4093e-11,1.6516e-11,1.7393e-11
8.3008e-12,8.733e-12,9.4521e-12
3.6558e-11,2.26e-11,1.4842e-11
5.9514e-11,5.5712e-11,2.623e-11
4.0568e-11,4.3213e-12,4.2299e-11
4.1676e-11,3.8311e-12,4.3419e-11
3.4241e-11,9.5203e-12,3.3612e-11
3.9049e-11,1.3822e-11,3.9471e-11
2.4211e-11,8.3511e-12,2.2197e-11
1.7528e-11,7.3113e-12,1.8164e-11
1.8806e-11,1.0612e-11,2.1472e-11
2.913e-11,2.063e-11,2.9456e-11
1.3806e-11,7.7711e-12,1.4203e-11
1.4272e-11,7.9912e-12,1.3732e-11
1.0844e-11,8.3752e-12,1.3273e-11
4.3292e-11,2.063e-11,2.0768e-11
1.0752e-11,5.87e-12,1.1954e-11
1.3558e-11,7.0968e-12,1.0636e-11
4.3349e-11,1.9514e-11,1.9934e-11
1.201e-11,8.9373e-12,1.417e-11
2.9368e-11,2.1016e-11,1.6024e-11
1.0397e-11,7.4133e-12,1.1166e-11
1.6131e-11,1.0721e-11,1.2785e-11
1.778e-11,1.0216e-11,1.4844e-11
1.2852e-11,1.5217e-11,1.3384e-11
1.5943e-11,1.0245e-11,1.4476e-11
9.6617e-12,9.5816e-12,1.0576e-11
1.598e-11,1.3934e-11,1.3194e-11
1.0143e-11,1.1965e-11,1.1836e-11
2.2434e-11,1.5916e-11,1.5891e-11
3.2033e-11,4.1796e-11,3.5343e-11
7.7822e-12,1.1235e-11,8.8614e-12
9.0796e-12,1.0444e-11,8.6502e-12
7.6783e-12,8.3176e-12,1.0523e-11
2.0103e-11,1.9668e-11,1.1724e-11
1.1409e-11,1.1071e-11,1.078e-11
4.6136e-11,1.9424e-11,1.2205e-11
1.3084e-11,9.9489e-12,8.8839e-12
2.6901e-11,3.0975e-11,1.4497e-11
1.0163e-11,1.4843e-11,1.37e-11
5.3219e-11,3.0493e-11,1.043e-11
2.1702e-11,3.0225e-12,2.2805e-11
2.7295e-11,9.5237e-12,2.9425e-11
1.7726e-11,6.8351e-12,1.847e-11
2.0282e-11,7.5561e-12,1.7534e-11
1.4462e-11,1.0589e-11,1.6535e-11
1.9918e-11,1.0526e-11,2.1654e-11
1.632e-11,1.0512e-11,1.3622e-11
1.2962e-11,6.2723e-12,1.3148e-11
1.756e-11,1.0519e-11,1.9603e-11
1.3131e-11,8.0004e-12,1.1254e-11
1.2173e-11,6.0535e-12,1.2211e-11
6.9697e-11,3.7345e-11,2.9556e-11
6.5079e-11,3.6008e-11,2.8902e-11
1.3106e-11,1.0459e-11,1.4667e-11
1.4364e-11,1.0009e-11,1.312e-11
1.1933e-11,1.3133e-11,1.1641e-11
1.8094e-11,1.1687e-11,1.6991e-11
2.2679e-11,1.2201e-11,1.8486e-11
2.3243e-11,1.2114e-11,1.7144e-11
1.5995e-11,1.173e-11,1.8872e-11
2.6525e-11,1.9276e-11,1.5707e-11
3.2514e-11,5.3599e-11,2.5526e-11
1.0779e-11,1.0604e-11,1.028e-11
1.7937e-11,1.4092e-11,1.5754e-11
3.1399e-11,4.0117e-11,3.5469e-11
1.5649e-11,1.5728e-11,1.5172e-11
4.0307e-11,3.5307e-11,2.6578e-11
2.6562e-11,3.8539e-11,2.8179e-11
1.0248e-11,1.0972e-11,1.1651e-11
2.4051e-11,3.8367e-11,2.5175e-11
3.9532e-11,2.9327e-11,2.3027e-11
8.2865e-12,9.656e-12,9.4155e-12
1.3101e-11,1.3537e-11,1.1688e-11
8.2308e-12,7.4286e-12,1.7374e-11
3.065e-11,3.5053e-11,1.8583e-11
4.0645e-11,2.1318e-11,1.5908e-11
2.0025e-11,3.0728e-11,2.0216e-11
1.0106e-11,8.6585e-12,9.706e-12
4.8376e-11,2.8969e-11,9.232e-12
1.8338e-11,2.1643e-11,1.7066e-11
8.8652e-12,1.2709e-11,1.159e-11
2.5121e-11,2.1549e-11,1.4383e-11
1.3038e-11,1.5425e-11,1.3508e-11
4.084e-11,5.2693e-12,4.2471e-11
2.388e-11,5.4022e-12,2.5011e-11
2.8244e-11,1.0256e-11,3.0382e-11
1.3967e-11,4.3587e-12,1.321e-11
1.4982e-11,8.5015e-12,1.5935e-11
1.6828e-11,8.732e-12,1.7215e-11
1.9078e-11,9.6376e-12,2.073e-11
1.3891e-11,6.4356e-12,1.3976e-11
1.5506e-11,6.617e-12,1.5015e-11
6.6227e-11,3.5221e-11,2.6862e-11
5.9961e-11,2.8485e-11,2.6425e-11
1.3881e-11,5.8538e-12,1.0599e-11
5.5118e-11,2.4018e-11,2.3441e-11
4.0026e-11,3.8563e-11,4.1408e-11
4.5298e-11,2.0932e-11,2.1578e-11
4.5277e-11,1.9647e-11,1.9532e-11
3.9424e-11,3.1653e-11,2.5123e-11
3.3264e-11,3.2799e-11,3.2462e-11
1.4433e-11,6.7904e-12,1.0715e-11
1.5587e-11,1.0809e-11,1.603e-11
2.0781e-11,2.7184e-11,1.5207e-11
8.975e-12,8.353e-12,8.7994e-12
1.4216e-11,1.4625e-11,1.3976e-11
1.0224e-11,9.7941e-12,9.8068e-12
1.8884e-11,1.807e-11,1.3492e-11
3.5298e-11,4.4888e-11,3.813e-11
1.002e-11,9.7274e-12,9.1821e-12
2.6241e-11,1.8169e-11,1.0769e-11
2.954e-11,3.7433e-11,3.1948e-11
2.759e-11,1.7952e-11,1.5892e-11
1.0801e-11,1.2217e-11,1.0646e-11
2.7082e-11,4.3322e-11,2.872e-11
7.6517e-12,8.369e-12,8.3459e-12
3.0665e-11,3.691e-11,2.3346e-11
1.3379e-11,1.5334e-11,1.2148e-11
4.2323e-11,1.4352e-11,1.5733e-11
4.5254e-11,1.5117e-11,9.9824e-12
3.2902e-11,2.7158e-11,1.551e-11
9.0893e-12,9.3878e-12,1.0824e-11
2.5251e-11,3.0676e-11,1.4984e-11
8.6343e-12,8.3283e-12,9.8069e-12
4.6094e-11,2.155e-11,1.198e-11
8.4807e-12,9.4696e-12,1.0224e-11
1.1512e-11,1.2215e-11,1.1883e-11
1.1425e-11,1.1391e-11,1.204e-11
3.6753e-11,2.347e-12,3.8836e-11
2.8801e-11,5.3636e-12,2.9845e-11
2.0287e-11,7.6585e-12,1.8862e-11
4.1655e-11,2.961e-11,3.9313e-11
1.4967e-11,4.1907e-12,1.523e-11
1.9117e-11,1.2255e-11,2.0878e-11
1.2737e-11,4.6363e-12,1.2674e-11
1.4656e-11,6.1044e-12,1.176e-11
4.0416e-11,3.1864e-11,3.6126e-11
3.9508e-11,3.1641e-11,3.349e-11
2.2118e-11,1.786e-11,2.112e-11
5.7338e-11,2.7141e-11,2.4603e-11
5.6595e-11,3.9722e-11,3.8262e-11
1.0776e-11,8.7993e-12,1.2775e-11
1.0511e-11,7.2884e-12,1.2245e-11
4.6525e-11,2.3064e-11,2.0714e-11
1.2919e-11,1.4816e-11,1.4016e-11
2.969e-11,2.0645e-11,1.7861e-11
1.2021e-11,7.8365e-12,1.3556e-11
1.7606e-11,2.1387e-11,1.359e-11
1.071e-11,9.8327e-12,1.1674e-11
9.2727e-12,9.5234e-12,9.9058e-12
2.0034e-11,2.447e-11,2.0704e-11
3.2131e-11,2.4562e-11,2.1265e-11
3.2558e-11,2.9299e-11,2.1586e-11
3.4041e-11,3.2836e-11,2.9877e-11
8.3913e-12,8.089e-12,8.0984e-12
9.6857e-12,9.8975e-12,1.0678e-11
3.9696e-11,1.8564e-11,1.2388e-11
3.8295e-11,2.1407e-11,1.713e-11
1.4275e-11,1.6552e-11,1.2673e-11
2.3919e-11,2.6815e-11,1.2077e-11
1.0279e-11,9.469e-12,9.6823e-12
1.8489e-11,2.0615e-11,1.662e-11
3.9979e-11,3.8555e-12,4.2478e-11
3.9026e-11,5.3589e-12,4.1648e-11
2.449e-11,7.6068e-12,2.5398e-11
2.1487e-11,4.9726e-12,2.1989e-11
2.0087e-11,6.4451e-12,2.0503e-11
1.7918e-11,6.1229e-12,1.8693e-11
2.5884e-11,9.7534e-12,2.4276e-11
1.5597e-11,6.215e-12,1.6023e-11
2.3934e-11,8.9602e-12,2.303e-11
1.4925e-11,6.1145e-12,1.4713e-11
1.4239e-11,5.4727e-12,1.4566e-11
1.6741e-11,9.3211e-12,1.8344e-11
1.4179e-11,5.989e-12,1.3033e-11
4.0008e-11,3.2401e-11,3.613e-11
1.1775e-11,6.4209e-12,1.261e-11
2.1807e-11,1.4917e-11,2.0383e-11
7.1218e-11,4.0728e-11,3.253e-11
1.3477e-11,5.6256e-12,1.0806e-11
1.2313e-11,7.5578e-12,1.1952e-11
1.3141e-11,5.9936e-12,1.279e-11
4.8087e-11,2.1237e-11,2.1509e-11
1.1087e-11,9.1714e-12,1.2429e-11
4.2177e-11,1.9553e-11,2.0432e-11
4.9399e-11,5.0151e-11,3.7443e-11
1.7506e-11,1.0294e-11,1.7679e-11
1.0855e-11,4.3616e-12,1.087e-11
1.1867e-11,7.0915e-12,1.1543e-11
3.164e-11,4.3171e-11,2.353e-11
2.7849e-11,1.2248e-11,1.5299e-11
3.1598e-11,5.2515e-11,3.0483e-11
1.0001e-11,1.0839e-11,9.5301e-12
1.8021e-11,1.0734e-11,1.584e-11
2.2295e-11,2.8096e-11,1.847e-11
2.1231e-11,1.7169e-11,1.4636e-11
2.8583e-11,5.3595e-11,3.194e-11
1.8558e-11,2.5567e-11,1.7161e-11
2.1354e-11,3.4929e-11,2.2913e-11
2.3672e-11,2.7094e-11,2.2862e-11
1.5283e-11,1.5379e-11,1.1875e-11
9.4311e-12,9.5901e-12,1.1179e-11
3.8215e-11,3.5934e-11,2.271e-11
3.8113e-11,3.4773e-11,2.6349e-11
1.2469e-11,9.77e-12,1.0925e-11
9.3207e-12,9.2135e-12,8.2905e-12
3.8777e-11,3.9328e-11,2.5821e-11
3.4754e-11,3.9334e-11,2.5199e-11
8.9844e-12,9.0964e-12,9.2423e-12
1.7349e-11,2.8039e-11,1.8268e-11
8.566e-12,1.1916e-11,9.475e-12
4.5067e-11,1.4407e-11,1.1814e-11
7.9136e-12,8.7864e-12,9.7989e-12
1.2106e-11,1.1419e-11,9.9851e-12
1.0669e-11,8.9531e-12,8.8432e-12
9.2333e-12,9.2298e-12,9.3673e-12
1.6158e-11,1.9528e-11,1.4766e-11
1.0071e-11,1.0227e-11,9.8206e-12
9.2985e-12,1.4262e-11,1.0387e-11
3.0401e-11,8.2077e-12,3.1105e-11
2.9114e-11,3.3407e-12,3.0659e-11
3.3138e-11,5.2704e-12,3.3984e-11
2.9019e-11,1.0591e-11,3.0105e-11
2.3662e-11,8.9011e-12,2.4084e-11
1.744e-11,6.2641e-12,1.7647e-11
1.4115e-11,5.2119e-12,1.4125e-11
2.5997e-11,1.7203e-11,2.6567e-11
1.9141e-11,1.0278e-11,1.9697e-11
3.0871e-11,1.3868e-11,2.1886e-11
1.8466e-11,1.2884e-11,1.8366e-11
1.4545e-11,6.8199e-12,1.1271e-11
2.1457e-11,1.3981e-11,2.0382e-11
3.4777e-11,1.427e-11,2.0601e-11
6.593e-11,3.7825e-11,2.7842e-11
1.301e-11,6.5523e-12,1.1963e-11
1.4993e-11,9.9736e-12,1.3846e-11
3.7724e-11,3.1608e-11,2.1127e-11
3.6829e-11,4.7006e-11,2.1639e-11
1.7711e-11,9.4212e-12,1.6449e-11
1.1545e-11,1.0389e-11,1.0716e-11
2.2295e-11,2.8357e-11,2.6082e-11
2.2013e-11,2.083e-11,1.8593e-11
2.5105e-11,4.1027e-11,3.6785e-11
2.0937e-11,2.406e-11,2.1372e-11
1.1624e-11,1.098e-11,1.053e-11
3.4546e-11,4.4692e-11,3.5261e-11
2.4806e-11,1.7703e-11,1.5164e-11
9.0097e-12,9.3603e-12,9.1683e-12
8.4337e-12,1.268e-11,7.9571e-12
7.6995e-12,1.1206e-11,7.0848e-12
3.0899e-11,2.5344e-11,1.481e-11
2.8586e-11,2.5396e-11,1.9437e-11
3.2136e-11,2.2354e-11,2.4523e-11
1.051e-11,1.0787e-11,7.7897e-12
1.7902e-11,2.0994e-11,1.7343e-11
1.0518e-11,1.0338e-11,1.0199e-11
4.122e-11,1.3929e-11,1.7763e-11
1.0392e-11,9.6687e-12,9.2283e-12
1.3221e-11,1.5494e-11,1.164e-11
4.1373e-11,1.6547e-11,1.7313e-11
4.431e-11,1.4164e-11,1.1118e-11
4.1178e-11,1.6789e-11,1.8702e-11
4.0791e-11,3.8131e-11,2.0016e-11
1.298e-11,1.3494e-11,1.1042e-11
1.0405e-11,1.1092e-11,1.026e-11
3.3182e-11,1.9716e-11,1.1945e-11
1.1917e-11,1.2182e-11,1.1516e-11
2.4002e-11,9.82e-12,2.7744e-11
2.5944e-11,8.5876e-12,2.7661e-11
2.7668e-11,8.5923e-12,2.9981e-11
1.7694e-11,4.8213e-12,1.7412e-11
1.8013e-11,6.174e-12,1.823e-11
1.6578e-11,6.144e-12,1.7913e-11
3.955e-11,2.4123e-11,3.926e-11
3.6937e-11,2.1541e-11,3.6452e-11
2.6657e-11,1.7758e-11,2.7608e-11
4.0996e-11,3.1766e-11,3.5797e-11
2.7719e-11,1.1571e-11,1.8545e-11
2.7784e-11,2.0065e-11,2.6645e-11
1.1213e-11,5.1017e-12,1.1002e-11
1.0995e-11,5.0962e-12,1.0265e-11
1.0721e-11,5.5948e-12,1.218e-11
4.7493e-11,4.3163e-11,4.9674e-11
2.2599e-11,1.9307e-11,2.0881e-11
1.087e-11,7.5805e-12,1.0009e-11
1.0252e-11,7.4214e-12,1.1305e-11
2.1262e-11,9.7847e-12,1.5262e-11
2.1541e-11,1.0337e-11,1.5362e-11
1.0119e-11,1.0168e-11,1.0538e-11
2.3082e-11,3.9595e-11,2.3154e-11
1.1067e-11,1.0511e-11,1.0722e-11
2.0188e-11,3.1323e-11,2.3563e-11
8.8643e-12,9.1498e-12,7.6374e-12
2.0628e-11,2.5123e-11,1.9601e-11
1.1251e-11,1.0288e-11,9.5288e-12
1.4734e-11,1.8683e-11,1.2931e-11
7.4113e-12,7.1659e-12,1.3467e-11
4.1932e-11,1.4316e-11,1.4808e-11
2.681e-11,2.5728e-11,1.4891e-11
2.4617e-11,3.0403e-11,1.39e-11
4.5219e-11,1.3699e-11,9.5332e-12
8.2137e-12,9.0859e-12,8.3007e-12
3.7638e-11,1.7137e-11,1.6572e-11
7.5513e-12,7.954e-12,8.9946e-12
1.648e-11,2.1076e-11,1.486e-11
2.3131e-11,2.7888e-11,1.505e-11
1.5073e-11,1.7149e-11,1.3359e-11
3.1409e-11,1.9592e-11,1.2699e-11
9.5433e-12,9.9147e-12,8.6894e-12
9.393e-12,1.3871e-11,1.1602e-11
3.0461e-11,6.3853e-12,3.1343e-11
2.7767e-11,2.9723e-12,2.8844e-11
2.7883e-11,1.0671e-11,2.9941e-11
2.1815e-11,7.8612e-12,2.3399e-11
1.942e-11,5.2606e-12,1.9193e-11
3.0522e-11,1.3088e-11,2.9241e-11
2.1651e-11,6.8253e-12,2.4056e-11
1.8702e-11,6.6582e-12,1.9114e-11
3.5405e-11,2.1147e-11,3.3367e-11
1.6214e-11,7.4744e-12,1.5431e-11
2.4304e-11,8.9756e-12,2.0963e-11
3.7362e-11,1.2818e-11,2.3135e-11
1.3241e-11,6.5431e-12,1.3372e-11
2.1141e-11,9.1713e-12,1.8087e-11
1.3091e-11,5.0526e-12,1.2761e-11
1.2281e-11,5.0935e-12,1.2015e-11
1.1163e-11,5.2754e-12,1.0793e-11
1.1803e-11,5.8226e-12,1.1084e-11
1.2464e-11,3.9444e-12,1.0757e-11
1.8419e-11,1.5172e-11,1.7928e-11
1.0278e-11,8.8203e-12,1.1269e-11
1.3313e-11,1.1438e-11,1.334e-11
1.0472e-11,7.8645e-12,1.0652e-11
4.1318e-11,4.6692e-11,3.8811e-11
1.3966e-11,9.7299e-12,1.4713e-11
9.7268e-12,8.6582e-12,8.6607e-12
9.9383e-12,1.1001e-11,1.0282e-11
3.6346e-11,4.5595e-11,3.6427e-11
2.836e-11,2.4518e-11,2.3221e-11
3.1828e-11,3.9517e-11,2.727e-11
7.9226e-12,9.0913e-12,7.9992e-12
1.1246e-11,1.2003e-11,1.0375e-11
2.5883e-11,3.6686e-11,2.0228e-11
8.5451e-12,1.0546e-11,8.4596e-12
4.1734e-11,1.6356e-11,1.0317e-11
3.7124e-11,1.6675e-11,1.646e-11
2.3689e-11,2.6517e-11,1.2955e-11
1.9342e-11,2.2398e-11,1.7191e-11
2.9881e-11,6.2394e-12,2.9789e-11
3.3329e-11,8.2598e-12,3.3832e-11
3.3943e-11,1.5138e-11,3.1571e-11
3.1235e-11,1.1016e-11,3.1119e-11
1.8844e-11,4.5243e-12,1.9625e-11
2.0902e-11,8.2391e-12,2.2294e-11
3.3099e-11,1.8214e-11,3.0772e-11
1.5313e-11,7.005e-12,1.4581e-11
2.2046e-11,9.8433e-12,1.884e-11
1.8908e-11,7.9741e-12,1.6087e-11
3.2443e-11,1.5957e-11,2.2939e-11
3.5997e-11,2.7453e-11,3.0875e-11
1.6953e-11,1.2027e-11,1.6134e-11
1.3004e-11,9.1533e-12,1.42e-11
3.59e-11,3.0296e-11,3.2161e-11
1.0035e-11,7.7955e-12,1.0433e-11
1.1063e-11,7.9917e-12,1.6324e-11
3.6635e-11,2.2456e-11,1.8352e-11
1.372e-11,1.2801e-11,1.2529e-11
1.0713e-11,7.5494e-12,1.0657e-11
1.3776e-11,6.3989e-12,1.3011e-11
9.835e-12,1.4744e-11,1.3219e-11
9.4881e-12,8.777e-12,9.7867e-12
3.9148e-11,4.7665e-11,3.7139e-11
1.0718e-11,8.9889e-12,1.0297e-11
1.6867e-11,3.0501e-11,1.5942e-11
9.4106e-12,1.0338e-11,7.8663e-12
2.9326e-11,3.4357e-11,2.1096e-11
2.6702e-11,2.4668e-11,1.5668e-11
2.9052e-11,2.6433e-11,2.6674e-11
9.0062e-12,9.9218e-12,8.3943e-12
7.8196e-12,8.2539e-12,6.9333e-12
1.4067e-11,1.657e-11,1.1642e-11
2.0829e-11,3.0225e-11,1.8085e-11
3.311e-11,1.8086e-11,2.4619e-11
8.0545e-12,9.6571e-12,9.7211e-12
4.6996e-11,2.8076e-11,1.4446e-11
8.4839e-12,8.411e-12,9.614e-12
3.5537e-11,6.3217e-12,3.7789e-11
3.4735e-11,5.5263e-12,3.4338e-11
3.2625e-11,7.5182e-12,3.3446e-11
2.5829e-11,5.7011e-12,2.5621e-11
2.2311e-11,5.7725e-12,2.3253e-11
2.1453e-11,5.6363e-12,2.296e-11
2.0358e-11,7.1719e-12,2.0173e-11
2.2014e-11,9.749e-12,2.2741e-11
1.8801e-11,9.5668e-12,1.7802e-11
3.3628e-11,1.3463e-11,2.6325e-11
2.9205e-11,2.0334e-11,2.7127e-11
2.2646e-11,8.4453e-12,1.8943e-11
2.4651e-11,2.0518e-11,2.4197e-11
1.8115e-11,7.6285e-12,1.7167e-11
1.7241e-11,1.2172e-11,1.6739e-11
2.5342e-11,2.0884e-11,2.174e-11
1.15e-11,4.2365e-12,1.1693e-11
1.5873e-11,1.2537e-11,1.727e-11
1.3603e-11,1.0323e-11,1.4134e-11
4.8756e-11,5.1962e-11,5.9288e-11
1.1777e-11,8.3465e-12,1.0047e-11
3.8054e-11,3.6587e-11,3.2926e-11
1.2825e-11,4.8715e-12,1.1819e-11
4.3007e-11,4.3127e-11,3.6048e-11
9.6539e-12,6.4815e-12,1.257e-11
1.0742e-11,6.7124e-12,1.1671e-11
1.0923e-11,8.4615e-12,1.0386e-11
1.5593e-11,1.1046e-11,1.2285e-11
2.4335e-11,1.1693e-11,1.3846e-11
3.3842e-11,5.0683e-11,3.9974e-11
3.3125e-11,6.3882e-11,3.7564e-11
3.6121e-11,4.3579e-11,3.2681e-11
1.4e-11,1.5039e-11,1.1732e-11
8.9882e-12,9.3786e-12,7.161e-12
2.469e-11,2.3174e-11,1.3674e-11
2.9766e-11,3.2674e-11,2.2908e-11
9.2277e-12,1.1278e-11,8.1919e-12
1.1434e-11,1.1383e-11,1.0191e-11
1.2164e-11,1.3062e-11,1.1432e-11
1.2863e-11,1.4571e-11,1.1025e-11
2.9048e-11,3.2488e-11,2.2292e-11
2.927e-11,4.3888e-11,2.9474e-11
1.2028e-11,1.415e-11,1.03e-11
2.7933e-11,4.2746e-11,2.5848e-11
8.5589e-12,9.637e-12,8.3679e-12
3.5216e-11,1.699e-11,1.3467e-11
1.2843e-11,1.4843e-11,1.1721e-11
2.988e-11,2.3577e-11,1.6233e-11
7.2697e-12,1.1239e-11,8.9892e-12
4.1761e-11,1.3758e-11,1.6834e-11
2.2609e-11,2.9594e-11,1.7182e-11
1.1639e-11,1.1843e-11,1.0309e-11
2.6107e-11,1.726e-11,1.5195e-11
9.4699e-12,9.1681e-12,9.9887e-12
2.4633e-11,2.7552e-11,1.0918e-11
1.3482e-11,1.4198e-11,1.4811e-11
1.1278e-11,1.1078e-11,9.2345e-12
3.8422e-11,3.9629e-12,4.0406e-11
3.6505e-11,8.3644e-12,3.6866e-11
3.4784e-11,1.0266e-11,3.5461e-11
3.5526e-11,1.7924e-11,3.1813e-11
3.3539e-11,1.4669e-11,3.1137e-11
1.6398e-11,7.8774e-12,1.809e-11
1.6407e-11,3.9924e-12,1.6667e-11
2.7303e-11,1.2018e-11,2.6815e-11
1.5604e-11,5.9518e-12,1.6712e-11
3.3498e-11,1.3602e-11,2.6764e-11
1.6688e-11,9.7962e-12,1.7306e-11
1.687e-11,6.7445e-12,1.5821e-11
3.0058e-11,2.3991e-11,2.6071e-11
2.4858e-11,1.1561e-11,1.9745e-11
1.2212e-11,6.2206e-12,1.2319e-11
1.1134e-11,6.9233e-12,1.4225e-11
9.7307e-12,7.781e-12,1.0062e-11
3.0681e-11,1.7747e-11,1.4924e-11
1.0605e-11,1.0172e-11,1.2405e-11
1.3988e-11,1.2495e-11,1.1589e-11
1.3754e-11,8.3851e-12,1.3069e-11
2.2009e-11,1.0903e-11,1.358e-11
1.704e-11,1.3098e-11,1.1913e-11
1.6645e-11,2.8539e-11,1.8567e-11
3.4067e-11,3.8509e-11,2.978e-11
1.4837e-11,2.7245e-11,1.4582e-11
3.3925e-11,4.5843e-11,3.0148e-11
3.4187e-11,4.9652e-11,3.3477e-11
2.319e-11,2.2021e-11,1.4029e-11
9.353e-12,9.139e-12,8.335e-12
6.6043e-12,9.6823e-12,7.8898e-12
9.0627e-12,1.0499e-11,1.4675e-11
3.6351e-11,1.6153e-11,1.5145e-11
2.1148e-11,2.7813e-11,1.7388e-11
2.1032e-11,2.7405e-11,1.7126e-11
2.4803e-11,2.2904e-11,1.5344e-11
3.9919e-11,4.8026e-12,4.2826e-11
3.1934e-11,7.1079e-12,3.1899e-11
3.0633e-11,7.2039e-12,3.2168e-11
3.6694e-11,1.636e-11,3.3724e-11
3.0535e-11,1.4284e-11,2.978e-11
2.0486e-11,6.5293e-12,2.18e-11
2.6034e-11,1.0772e-11,2.7881e-11
1.5504e-11,5.112e-12,1.7702e-11
2.8272e-11,1.1615e-11,2.5785e-11
1.5108e-11,8.9834e-12,1.6801e-11
1.3031e-11,3.8267e-12,1.5745e-11
1.9564e-11,8.3405e-12,1.7698e-11
3.1602e-11,1.3421e-11,2.2231e-11
1.2296e-11,6.3203e-12,1.2513e-11
1.1588e-11,2.8428e-12,1.263e-11
1.5374e-11,6.3972e-12,1.4746e-11
6.6804e-11,3.7932e-11,3.9605e-11
1.2391e-11,9.5634e-12,1.3337e-11
2.5303e-11,1.1136e-11,1.8962e-11
1.9626e-11,1.4453e-11,1.5496e-11
1.3806e-11,8.0006e-12,1.2187e-11
2.7897e-11,4.4364e-11,2.4811e-11
3.4291e-11,3.3121e-11,2.5493e-11
3.9547e-11,4.3237e-11,3.3936e-11
1.15e-11,1.1653e-11,1.2145e-11
1.8503e-11,1.5554e-11,1.3021e-11
2.8602e-11,5.0438e-11,3.6628e-11
1.9543e-11,3.5951e-11,1.8597e-11
1.3521e-11,1.3919e-11,1.1343e-11
1.0727e-11,1.2215e-11,9.908e-12
1.3686e-11,1.4547e-11,1.2061e-11
1.8187e-11,1.883e-11,1.461e-11
9.1524e-12,8.9658e-12,6.6276e-12
2.6558e-11,3.7381e-11,2.5012e-11
1.0323e-11,1.027e-11,8.0417e-12
2.9626e-11,2.3516e-11,1.5562e-11
1.0794e-11,1.0255e-11,9.0615e-12
1.2558e-11,1.3439e-11,1.0589e-11
2.413e-11,2.9726e-11,1.8691e-11
2.2461e-11,2.8429e-11,1.9129e-11
9.085e-12,9.2095e-12,8.7293e-12
1.9523e-11,2.3398e-11,1.2516e-11
3.8836e-11,1.6186e-11,1.3208e-11
9.1183e-12,8.7927e-12,9.0275e-12
1.8608e-11,2.1444e-11,1.5437e-11
1.5183e-11,2.0676e-11,1.4119e-11
3.6687e-11,3.3232e-12,3.9081e-11
3.4617e-11,5.2426e-12,3.3762e-11
2.8859e-11,6.6195e-12,3.1953e-11
3.5757e-11,9.1435e-12,3.6362e-11
3.1009e-11,6.5574e-12,3.1751e-11
1.8143e-11,7.5302e-12,1.9015e-11
1.7152e-11,5.1586e-12,1.8293e-11
2.4013e-11,1.081e-11,2.6893e-11
2.0057e-11,9.4213e-12,1.919e-11
3.3755e-11,1.8618e-11,3.0285e-11
2.3961e-11,9.5915e-12,2.3677e-11
2.5337e-11,9.9886e-12,2.3961e-11
1.869e-11,1.0594e-11,1.8313e-11
2.6619e-11,1.0281e-11,2.3233e-11
1.5911e-11,9.2734e-12,1.6529e-11
5.2206e-11,1.7261e-11,2.0996e-11
1.3503e-11,1.1531e-11,1.5212e-11
6.6423e-11,4.6359e-11,3.6009e-11
1.7451e-11,7.3419e-12,1.4271e-11
4.4941e-11,6.0695e-11,5.4511e-11
1.0525e-11,5.0643e-12,1.0054e-11
1.0156e-11,7.767e-12,1.3556e-11
2.911e-11,4.4438e-11,2.4598e-11
1.683e-11,1.5506e-11,1.4411e-11
1.1118e-11,7.9787e-12,1.0784e-11
1.5918e-11,8.6961e-12,1.4859e-11
2.3155e-11,1.2737e-11,1.4417e-11
1.0247e-11,8.537e-12,8.756e-12
3.4278e-11,5.7617e-11,4.8298e-11
1.1468e-11,1.138e-11,1.1407e-11
2.0707e-11,3.5796e-11,3.012e-11
1.1109e-11,9.1874e-12,1.0035e-11
2.1653e-11,3.405e-11,2.7958e-11
2.1551e-11,2.1552e-11,1.6722e-11
2.4483e-11,1.9901e-11,1.7198e-11
1.1915e-11,1.1157e-11,9.6867e-12
9.2948e-12,8.7678e-12,6.655e-12
2.3772e-11,3.2965e-11,2.8261e-11
3.8974e-11,4.2946e-11,3.0477e-11
3.4465e-11,5.1762e-11,3.4568e-11
1.6804e-11,1.5311e-11,1.251e-11
2.7204e-11,3.1246e-11,2.2819e-11
2.9783e-11,4.5832e-11,3.118e-11
2.0722e-11,2.775e-11,1.761e-11
1.9949e-11,2.427e-11,1.573e-11
2.8336e-11,3.288e-11,2.3146e-11
1.0119e-11,9.6423e-12,9.3833e-12
8.781e-12,9.0935e-12,8.5542e-12
3.0379e-11,1.6054e-11,1.9789e-11
3.2314e-11,1.6341e-11,1.7826e-11
9.3939e-12,9.6269e-12,8.1016e-12
3.8212e-11,1.3556e-11,1.5506e-11
2.142e-11,2.9139e-11,1.8841e-11
2.3049e-11,1.6687e-11,1.6853e-11
2.4983e-11,2.1275e-11,1.2e-11
1.8325e-11,1.8547e-11,1.635e-11
1.1248e-11,1.0668e-11,9.5709e-12
1.7706e-11,1.9256e-11,1.4367e-11
2.4424e-11,4.4998e-12,2.5359e-11
1.8511e-11,4.774e-12,2.0142e-11
3.5089e-11,1.6568e-11,3.1204e-11
1.7354e-11,3.1163e-12,1.7903e-11
1.1297e-11,7.1954e-12,1.2252e-11
5.0776e-11,2.4616e-11,2.4062e-11
2.5841e-11,1.1924e-11,1.9886e-11
5.9785e-11,4.3726e-11,3.1079e-11
1.6933e-11,9.4252e-12,1.886e-11
3.8233e-11,5.7072e-11,4.809e-11
3.6251e-11,3.2818e-11,2.228e-11
1.5086e-11,8.2662e-12,1.151e-11
1.0126e-11,6.3798e-12,9.401e-12
1.4293e-11,1.2834e-11,1.1679e-11
1.0243e-11,4.5382e-12,8.7173e-12
1.2461e-11,8.206e-12,1.3825e-11
9.5494e-12,8.6798e-12,1.2918e-11
3.103e-11,5.7483e-11,3.7262e-11
1.6562e-11,2.2879e-11,2.2139e-11
1.2243e-11,1.1736e-11,1.2553e-11
1.7746e-11,2.1643e-11,1.4984e-11
3.1531e-11,5.7297e-11,3.6085e-11
2.4092e-11,3.2982e-11,2.5317e-11
2.7356e-11,2.9153e-11,2.3344e-11
2.0723e-11,2.2659e-11,1.722e-11
9.0097e-12,9.8036e-12,7.4748e-12
2.5163e-11,3.1386e-11,1.959e-11
9.2237e-12,8.8487e-12,8.5701e-12
9.5648e-12,1.0199e-11,7.6674e-12
8.3508e-12,8.5281e-12,7.2962e-12
2.8647e-11,3.3535e-11,2.2169e-11
2.9514e-11,4.1283e-11,2.2477e-11
2.5585e-11,3.7429e-11,2.2703e-11
3.7904e-11,1.4083e-11,1.5104e-11
3.2267e-11,1.5559e-11,1.8321e-11
3.1327e-11,1.5714e-11,2.0155e-11
7.7546e-12,8.1918e-12,8.3631e-12
1.8758e-11,2.4188e-11,1.5875e-11
1.3844e-11,1.5706e-11,1.1396e-11
1.3553e-11,1.9465e-11,1.8208e-11
1.2383e-11,1.2696e-11,9.0681e-12
1.4926e-11,1.4581e-11,1.1418e-11
3.5895e-11,3.8223e-12,3.9748e-11
3.2885e-11,4.4999e-12,3.2939e-11
2.1803e-11,6.7069e-12,2.3033e-11
2.2361e-11,8.6345e-12,2.3721e-11
4.9579e-11,1.6718e-11,2.8395e-11
2.2085e-11,1.5288e-11,1.9363e-11
1.4883e-11,9.2725e-12,1.5437e-11
1.2077e-11,6.2987e-12,1.3522e-11
2.584e-11,9.9532e-12,1.8927e-11
4.8531e-11,1.7904e-11,2.2633e-11
5.4335e-11,1.8591e-11,2.3225e-11
4.4799e-11,1.6186e-11,2.1429e-11
2.5985e-11,2.2022e-11,2.0998e-11
3.0422e-11,1.2437e-11,1.9237e-11
5.6989e-11,2.7999e-11,2.5023e-11
5.0915e-11,2.5938e-11,2.2955e-11
1.0244e-11,6.3986e-12,1.1322e-11
4.4723e-11,2.3139e-11,1.9597e-11
4.8608e-11,3.2223e-11,3.3213e-11
4.909e-11,5.5923e-11,5.1248e-11
9.8027e-12,7.2932e-12,1.2244e-11
3.2941e-11,4.6364e-11,3.0669e-11
3.8305e-11,5.8415e-11,4.8923e-11
9.6016e-12,8.6799e-12,1.0237e-11
1.1486e-11,1.0187e-11,1.0621e-11
2.3809e-11,1.2178e-11,1.4009e-11
1.3372e-11,1.4476e-11,1.4205e-11
3.1152e-11,2.7234e-11,2.1499e-11
2.1224e-11,1.9317e-11,1.6284e-11
2.9983e-11,6.2161e-11,4.5249e-11
2.7397e-11,2.1625e-11,1.7053e-11
2.8797e-11,2.6939e-11,2.5238e-11
2.5825e-11,1.9857e-11,2.9958e-11
2.7125e-11,3.2688e-11,2.4543e-11
9.1039e-12,8.4839e-12,1.0836e-11
1.4619e-11,1.8311e-11,1.2556e-11
3.0087e-11,4.5659e-11,2.818e-11
9.7124e-12,8.0755e-12,8.8612e-12
9.8427e-12,9.9249e-12,8.945e-12
2.7897e-11,1.5703e-11,1.8497e-11
7.9612e-12,9.2978e-12,1.1844e-11
6.538e-12,7.2236e-12,8.7396e-12
2.6905e-11,3.9497e-11,2.3799e-11
1.0047e-11,9.2709e-12,1.0007e-11
1.7885e-11,2.3275e-11,1.4635e-11
2.881e-11,1.5521e-11,1.2443e-11
1.6943e-11,1.5941e-11,1.4289e-11
1.2476e-11,9.4009e-12,8.5844e-12
1.0421e-11,1.1268e-11,1.2469e-11
2.0599e-11,2.2621e-11,1.661e-11
3.12e-11,7.7599e-12,2.8755e-11
3.6954e-11,1.5736e-11,3.4262e-11
2.0994e-11,3.9868e-12,2.0257e-11
2.394e-11,9.7922e-12,2.6522e-11
3.8944e-11,2.3778e-11,3.2425e-11
2.0561e-11,1.1148e-11,1.9156e-11
1.7273e-11,8.4702e-12,1.8913e-11
3.6271e-11,2.6182e-11,3.0516e-11
7.1589e-11,3.323e-11,2.7147e-11
1.1489e-11,7.1725e-12,1.2168e-11
2.019e-11,1.6851e-11,1.9021e-11
2.5971e-11,1.2141e-11,2.0159e-11
4.9436e-11,2.4123e-11,2.2582e-11
1.0535e-11,4.8671e-12,1.0877e-11
2.8189e-11,1.0966e-11,1.7525e-11
2.1416e-11,1.7621e-11,1.691e-11
1.0221e-11,6.9023e-12,9.3972e-12
3.4877e-11,4.4847e-11,2.1806e-11
9.3266e-12,7.6349e-12,9.0391e-12
9.6173e-12,6.8032e-12,8.5092e-12
2.6234e-11,4.0432e-11,3.1145e-11
3.0738e-11,5.9655e-11,4.954e-11
3.52e-11,6.4638e-11,5.0089e-11
2.8315e-11,5.5313e-11,3.6146e-11
2.1654e-11,4.5287e-11,3.2138e-11
3.1879e-11,5.2127e-11,3.9106e-11
3.0939e-11,3.4507e-11,2.5933e-11
2.8022e-11,5.2513e-11,3.0876e-11
2.1569e-11,3.0888e-11,2.5011e-11
2.6748e-11,2.8357e-11,2.0436e-11
2.3558e-11,3.058e-11,1.9605e-11
1.1087e-11,1.081e-11,7.8023e-12
2.8917e-11,4.2103e-11,2.2849e-11
2.6838e-11,1.9999e-11,1.7132e-11
3.1321e-11,1.4318e-11,1.6892e-11
1.4451e-11,1.6786e-11,1.1315e-11
3.7373e-11,1.407e-11,1.76e-11
3.8431e-11,1.4555e-11,2.0044e-11
1.031e-11,9.1922e-12,7.4028e-12
1.8125e-11,2.1142e-11,1.4235e-11
1.3892e-11,1.5642e-11,1.0904e-11
1.9922e-11,2.2774e-11,1.6041e-11
3.426e-11,5.7773e-12,3.6988e-11
2.6329e-11,6.4634e-12,2.8099e-11
3.2249e-11,1.227e-11,3.2617e-11
4.1953e-11,1.8351e-11,3.7784e-11
1.8354e-11,8.6318e-12,1.9598e-11
2.0186e-11,9.5249e-12,2.07e-11
1.2382e-11,8.7782e-12,1.4584e-11
1.2509e-11,5.6325e-12,1.2611e-11
1.256e-11,4.0018e-12,1.1596e-11
8.105e-11,4.4517e-11,3.7957e-11
1.1976e-11,4.2075e-12,1.0798e-11
1.1975e-11,8.5774e-12,1.3766e-11
2.2929e-11,9.7294e-12,1.9166e-11
1.076e-11,5.3718e-12,1.0308e-11
1.968e-11,1.5085e-11,1.8389e-11
1.1316e-11,5.943e-12,1.0672e-11
1.1078e-11,5.2428e-12,1.3297e-11
2.1756e-11,1.6832e-11,1.8676e-11
2.1808e-11,7.706e-12,1.6165e-11
3.57e-11,2.8668e-11,2.892e-11
1.3594e-11,1.1045e-11,1.3301e-11
5.5639e-11,4.3856e-11,4.882e-11
1.2505e-11,9.5702e-12,1.2281e-11
1.5162e-11,1.2418e-11,1.332e-11
2.3336e-11,9.3881e-12,1.6231e-11
4.2215e-11,2.2387e-11,2.0213e-11
1.4021e-11,8.8848e-12,1.7362e-11
2.2707e-11,1.7854e-11,1.6089e-11
1.4359e-11,1.0913e-11,1.163e-11
8.6536e-12,7.7909e-12,1.1766e-11
2.107e-11,4.6711e-11,2.6755e-11
2.9016e-11,2.2361e-11,1.5728e-11
1.4503e-11,1.2411e-11,1.1579e-11
2.2134e-11,4.4418e-11,2.1413e-11
1.09e-11,1.1378e-11,9.5014e-12
1.0224e-11,6.5245e-12,9.4864e-12
2.6424e-11,3.8722e-11,2.3038e-11
1.473e-11,1.3914e-11,1.0687e-11
1.0281e-11,9.6331e-12,7.7038e-12
1.823e-11,1.8004e-11,2.1852e-11
2.9563e-11,6.0364e-11,4.6271e-11
2.9097e-11,3.5143e-11,3.1255e-11
1.5772e-11,1.6806e-11,1.1611e-11
1.1956e-11,1.2958e-11,9.7902e-12
8.8099e-12,1.023e-11,8.2917e-12
1.1559e-11,1.2915e-11,1.1357e-11
2.8717e-11,1.4235e-11,1.8049e-11
6.7217e-12,8.9524e-12,8.6834e-12
3.0011e-11,1.4699e-11,1.6242e-11
2.3735e-11,1.9341e-11,1.2512e-11
8.2047e-12,7.2945e-12,8.5437e-12
2.7407e-11,1.3847e-11,1.2582e-11
1.0057e-11,9.9918e-12,7.5787e-12
3.6183e-11,4.807e-12,4.0174e-11
3.1103e-11,3.8287e-12,3.0369e-11
2.4566e-11,9.661e-12,2.4724e-11
2.9091e-11,1.1585e-11,2.9944e-11
1.941e-11,5.68e-12,1.9883e-11
1.6227e-11,8.0418e-12,1.7164e-11
1.7054e-11,8.3624e-12,1.9948e-11
3.2926e-11,2.3688e-11,2.8874e-11
3.7962e-11,2.6592e-11,3.0344e-11
4.1051e-11,1.3785e-11,2.8149e-11
1.9584e-11,8.3727e-12,1.9373e-11
6.7533e-11,3.1882e-11,2.7644e-11
7.3015e-11,3.659e-11,3.2878e-11
7.5832e-11,5.1762e-11,4.0488e-11
1.2171e-11,1.1634e-11,1.3965e-11
3.5843e-11,1.1313e-11,2.1517e-11
1.241e-11,7.4247e-12,1.2454e-11
1.1178e-11,6.346e-12,1.1611e-11
1.7706e-11,1.3877e-11,1.7058e-11
1.0894e-11,8.9036e-12,1.1729e-11
1.1243e-11,8.5807e-12,1.159e-11
1.2557e-11,9.8689e-12,1.0365e-11
1.8688e-11,8.4312e-12,1.647e-11
1.3148e-11,1.0915e-11,1.2748e-11
3.4084e-11,1.8105e-11,1.6438e-11
1.2602e-11,1.1535e-11,1.1906e-11
1.118e-11,1.2887e-11,1.1955e-11
3.2732e-11,2.756e-11,1.9342e-11
2.2647e-11,2.0413e-11,1.6852e-11
1.0526e-11,7.908e-12,1.0627e-11
1.0699e-11,1.8481e-11,1.1596e-11
2.295e-11,3.803e-11,2.9563e-11
3.0064e-11,5.9855e-11,4.6157e-11
1.7923e-11,1.6835e-11,1.4186e-11
1.7139e-11,1.6671e-11,1.3424e-11
9.2428e-12,1.0761e-11,7.7641e-12
1.0737e-11,1.0536e-11,7.5496e-12
2.643e-11,5.2915e-11,3.2425e-11
8.603e-12,8.8779e-12,6.0394e-12
1.088e-11,1.0355e-11,1.0542e-11
1.7226e-11,1.9162e-11,1.3006e-11
2.6061e-11,1.395e-11,1.9257e-11
2.075e-11,2.8073e-11,2.1075e-11
8.602e-12,8.0617e-12,9.0193e-12
7.1217e-12,8.0125e-12,8.5424e-12
6.8232e-12,6.4019e-12,6.9421e-12
9.9654e-12,8.9752e-12,9.5778e-12
1.1046e-11,2.0422e-11,2.1724e-11
2.9683e-11,1.0275e-11,3.2905e-11
3.9342e-11,1.4616e-11,3.6646e-11
3.1331e-11,1.2972e-11,3.2524e-11
3.3746e-11,1.1555e-11,3.3172e-11
2.7319e-11,8.7977e-12,2.7837e-11
2.3163e-11,7.8305e-12,2.5067e-11
2.8658e-11,1.2525e-11,2.7171e-11
1.5914e-11,8.6064e-12,1.7562e-11
2.497e-11,1.3941e-11,2.3443e-11
2.9647e-11,1.1514e-11,2.3954e-11
1.2479e-11,4.849e-12,1.2494e-11
1.1961e-11,8.7617e-12,1.3824e-11
1.2338e-11,5.0596e-12,1.1583e-11
1.2221e-11,7.7796e-12,9.3815e-12
1.2167e-11,9.1283e-12,1.2443e-11
1.0121e-11,6.9284e-12,1.1151e-11
1.4673e-11,8.3415e-12,1.6594e-11
4.5648e-11,4.5683e-11,2.884e-11
1.0522e-11,9.1927e-12,9.9057e-12
2.6952e-11,2.2768e-11,1.7946e-11
1.9708e-11,9.9507e-12,1.2991e-11
3.7224e-11,3.47e-11,2.6798e-11
1.0111e-11,1.0149e-11,7.5376e-12
2.2359e-11,4.0774e-11,3.492e-11
1.3731e-11,3.1348e-11,2.1022e-11
2.6533e-11,5.1431e-11,3.4946e-11
2.8369e-11,4.6645e-11,3.2284e-11
1.4235e-11,1.5795e-11,1.2162e-11
1.4437e-11,1.3141e-11,1.0541e-11
1.0409e-11,1.0072e-11,6.8313e-12
1.933e-11,2.3387e-11,1.5724e-11
2.4663e-11,3.8901e-11,2.0081e-11
2.9021e-11,4.1122e-11,2.5914e-11
2.6209e-11,1.2965e-11,1.861e-11
2.2535e-11,3.3625e-11,2.2113e-11
7.6479e-12,7.7472e-12,6.0248e-12
1.7922e-11,2.0089e-11,1.814e-11
2.1947e-11,3.2808e-11,2.377e-11
1.3053e-11,1.2637e-11,8.5412e-12
9.7911e-12,8.738e-12,7.0298e-12
2.3208e-11,2.8779e-11,2.364e-11
3.2257e-11,1.4885e-11,1.188e-11
1.7429e-11,1.9459e-11,1.2632e-11
1.1681e-11,1.3e-11,9.3281e-12
3.1653e-11,7.6348e-12,3.4121e-11
3.7823e-11,1.3484e-11,3.6288e-11
2.5092e-11,6.7387e-12,2.7404e-11
2.635e-11,1.0678e-11,2.8195e-11
2.998e-11,1.2766e-11,2.8246e-11
2.2775e-11,8.585e-12,2.4956e-11
2.3047e-11,9.6638e-12,2.51e-11
1.7889e-11,7.3079e-12,1.7674e-11
1.995e-11,8.8602e-12,2.105e-11
1.4979e-11,8.3646e-12,1.4017e-11
2.7111e-11,1.0444e-11,2.5611e-11
1.4295e-11,8.0031e-12,1.5476e-11
1.7675e-11,1.0804e-11,1.6395e-11
1.2188e-11,4.268e-12,1.2964e-11
1.4913e-11,5.9487e-12,1.6807e-11
3.3495e-11,2.3161e-11,2.4997e-11
3.2582e-11,1.1347e-11,2.3145e-11
3.6972e-11,1.1818e-11,2.2739e-11
1.3325e-11,9.214e-12,1.4021e-11
1.3523e-11,6.9002e-12,1.517e-11
7.4584e-11,4.9368e-11,4.327e-11
1.2589e-11,1.0941e-11,1.2809e-11
4.2563e-11,3.1785e-11,2.9336e-11
6.9171e-11,4.6399e-11,4.5891e-11
1.2948e-11,7.5804e-12,1.6338e-11
1.1322e-11,6.7811e-12,1.2602e-11
1.0524e-11,5.0777e-12,1.2878e-11
9.9738e-12,8.0403e-12,1.1095e-11
3.1939e-11,2.5951e-11,2.5244e-11
4.4614e-11,3.7499e-11,4.3236e-11
9.4134e-12,5.7633e-12,1.0969e-11
1.7221e-11,7.0913e-12,1.6616e-11
1.041e-11,6.702e-12,1.2216e-11
9.6297e-12,6.5731e-12,1.0296e-11
9.9708e-12,6.5027e-12,1.1115e-11
3.9089e-11,5.7789e-11,5.2289e-11
9.5081e-12,9.2439e-12,1.0055e-11
8.775e-12,8.3924e-12,1.1437e-11
1.821e-11,1.4001e-11,1.1976e-11
3.1441e-11,5.1483e-11,4.7965e-11
1.2161e-11,9.9501e-12,1.4089e-11
1.1589e-11,6.7251e-12,7.2217e-12
3.8198e-11,3.4936e-11,2.6592e-11
1.2141e-11,1.2758e-11,1.0343e-11
1.6205e-11,1.0994e-11,1.3786e-11
1.4565e-11,1.4456e-11,1.0808e-11
2.3246e-11,2.0832e-11,1.6581e-11
1.0335e-11,9.5678e-12,7.6591e-12
1.3523e-11,1.627e-11,1.1557e-11
2.8712e-11,5.3889e-11,4.3284e-11
1.8449e-11,3.001e-11,2.8987e-11
1.9788e-11,2.7318e-11,2.5309e-11
8.9249e-12,9.7204e-12,6.7051e-12
1.8263e-11,2.0685e-11,1.4072e-11
1.917e-11,2.2307e-11,1.5206e-11
1.6863e-11,2.06e-11,1.8422e-11
2.325e-11,1.4243e-11,1.5253e-11
2.9111e-11,1.2641e-11,1.4702e-11
1.4622e-11,1.3746e-11,9.2827e-12
1.5962e-11,2.164e-11,1.5893e-11
1.8704e-11,2.0918e-11,1.3704e-11
2.6323e-11,1.1634e-11,1.5544e-11
1.7291e-11,1.8389e-11,1.2274e-11
3.3891e-11,5.463e-12,3.4676e-11
2.7092e-11,6.8257e-12,2.914e-11
3.0644e-11,1.183e-11,3.107e-11
1.9157e-11,7.7221e-12,2.1612e-11
1.6275e-11,5.4716e-12,1.7872e-11
1.3548e-11,6.5339e-12,1.358e-11
1.4146e-11,9.0817e-12,1.4116e-11
2.2173e-11,1.5095e-11,2.0076e-11
1.2472e-11,4.558e-12,1.3253e-11
5.5684e-11,1.9186e-11,2.7707e-11
7.6262e-11,4.0606e-11,3.8496e-11
1.2706e-11,1.0172e-11,1.1774e-11
2.711e-11,1.1678e-11,1.9086e-11
1.969e-11,8.0041e-12,1.8202e-11
2.2789e-11,8.6369e-12,1.8419e-11
5.2255e-11,2.758e-11,2.5228e-11
1.1165e-11,6.1703e-12,1.1254e-11
5.2964e-11,3.8694e-11,3.1982e-11
1.0503e-11,7.2251e-12,1.1072e-11
2.6372e-11,1.712e-11,1.5055e-11
3.5984e-11,4.093e-11,3.5048e-11
1.4385e-11,7.5903e-12,1.4171e-11
1.0996e-11,5.0946e-12,1.0921e-11
9.4806e-12,7.8272e-12,1.1969e-11
9.4898e-12,8.2064e-12,1.0269e-11
1.5385e-11,8.9545e-12,1.2344e-11
2.0519e-11,3.6777e-11,2.6545e-11
2.9053e-11,2.2231e-11,1.5856e-11
1.154e-11,1.4021e-11,1.4791e-11
3.942e-11,3.7896e-11,2.8667e-11
1.9041e-11,2.554e-11,2.1397e-11
3.5844e-11,3.85e-11,2.7933e-11
1.1176e-11,1.121e-11,8.0205e-12
2.3708e-11,4.6774e-11,3.0945e-11
2.4094e-11,1.5727e-11,2.0646e-11
2.0525e-11,3.4575e-11,2.0199e-11
1.4343e-11,1.5563e-11,1.0934e-11
2.1171e-11,3.5629e-11,2.4093e-11
1.7507e-11,1.9556e-11,1.7279e-11
2.2094e-11,1.3439e-11,2.0216e-11
8.5606e-12,8.0592e-12,7.9708e-12
9.0049e-12,9.0972e-12,7.5243e-12
2.1942e-11,2.5955e-11,2.1052e-11
2.6267e-11,1.4982e-11,1.7874e-11
3.171e-11,5.1904e-12,3.1898e-11
3.5832e-11,1.2435e-11,3.4864e-11
3.3205e-11,1.1225e-11,3.4059e-11
3.2996e-11,1.0788e-11,3.3446e-11
4.0811e-11,2.0665e-11,3.3666e-11
1.7583e-11,6.3322e-12,1.9027e-11
2.884e-11,1.4002e-11,2.6594e-11
1.9567e-11,9.2293e-12,2.0261e-11
3.0334e-11,1.795e-11,2.5866e-11
1.356e-11,6.9107e-12,1.4039e-11
5.8482e-11,2.0579e-11,3.2211e-11
1.7326e-11,1.3988e-11,1.7112e-11
1.7668e-11,8.2275e-12,1.7795e-11
2.9798e-11,1.2425e-11,2.0617e-11
6.167e-11,3.5563e-11,3.4903e-11
1.1038e-11,6.632e-12,1.2067e-11
1.2864e-11,9.6806e-12,1.0767e-11
1.1023e-11,9.1493e-12,1.1832e-11
1.0589e-11,4.9158e-12,1.1977e-11
1.0288e-11,5.4119e-12,1.3203e-11
1.3337e-11,8.6216e-12,9.5199e-12
1.027e-11,4.3838e-12,8.2738e-12
4.2851e-11,2.8815e-11,2.6492e-11
3.1576e-11,2.4488e-11,2.0594e-11
9.5965e-12,8.3278e-12,1.2147e-11
4.0084e-11,5.938e-11,5.9448e-11
9.0344e-12,8.3974e-12,1.1324e-11
8.8828e-12,1.0008e-11,1.4456e-11
2.462e-11,2.545e-11,1.9956e-11
1.1095e-11,6.9175e-12,8.1861e-12
3.2555e-11,6.291e-11,4.911e-11
1.9043e-11,3.7248e-11,2.2819e-11
2.9967e-11,6.2361e-11,4.2791e-11
3.7026e-11,3.2694e-11,2.4297e-11
3.5653e-11,3.0329e-11,2.2059e-11
1.9472e-11,1.4334e-11,1.2746e-11
1.1785e-11,1.5597e-11,1.0323e-11
3.2948e-11,6.1822e-11,4.6431e-11
1.0256e-11,8.3743e-12,7.9623e-12
4.2922e-11,3.9458e-11,3.0406e-11
2.049e-11,1.7566e-11,1.2487e-11
1.0429e-11,9.6068e-12,7.8901e-12
1.6346e-11,2.7505e-11,3.0433e-11
1.5416e-11,2.6251e-11,1.9717e-11
1.0851e-11,1.0069e-11,8.8422e-12
2.0416e-11,3.3773e-11,3.9297e-11
1.2992e-11,1.4176e-11,1.6116e-11
2.3752e-11,4.7588e-11,3.8941e-11
3.0576e-11,5.2152e-11,4.27e-11
2.6793e-11,5.2806e-11,3.9675e-11
1.0762e-11,9.868e-12,6.5197e-12
1.5467e-11,1.475e-11,1.0753e-11
2.7514e-11,3.3403e-11,2.1107e-11
1.4454e-11,1.5864e-11,1.0123e-11
2.1889e-11,4.2108e-11,2.6527e-11
2.9552e-11,3.6871e-11,2.2838e-11
1.5333e-11,1.7459e-11,1.0205e-11
1.6057e-11,1.8921e-11,1.7814e-11
3.0258e-11,3.7648e-11,2.3428e-11
8.4e-12,7.103e-12,7.0253e-12
7.5597e-12,7.9778e-12,6.5859e-12
2.2866e-11,2.5969e-11,1.5072e-11
1.5052e-11,1.656e-11,9.9064e-12
6.7627e-12,9.9865e-12,8.8859e-12
2.0753e-11,2.4268e-11,1.7801e-11
8.6578e-12,9.2461e-12,7.352e-12
2.6686e-11,1.2375e-11,1.8311e-11
1.0919e-11,1.0543e-11,8.5518e-12
3.7327e-11,9.1357e-12,3.8235e-11
4.1918e-11,1.6638e-11,3.8173e-11
2.7399e-11,1.2189e-11,3.0494e-11
2.1605e-11,8.3133e-12,2.4522e-11
1.5387e-11,6.4664e-12,1.7283e-11
5.6e-11,2.0281e-11,3.3284e-11
1.2643e-11,4.9107e-12,1.2207e-11
7.3186e-11,3.8448e-11,3.9626e-11
1.2084e-11,9.6193e-12,1.2817e-11
7.1797e-11,3.6923e-11,3.6991e-11
5.0558e-11,2.7264e-11,2.7062e-11
4.0283e-11,3.2431e-11,2.9563e-11
2.7014e-11,1.9984e-11,1.8284e-11
3.5751e-11,2.2235e-11,2.1071e-11
1.0511e-11,5.0267e-12,8.1842e-12
1.4457e-11,1.2685e-11,1.2441e-11
1.0318e-11,7.8054e-12,1.0515e-11
3.0763e-11,1.3668e-11,1.5808e-11
1.0665e-11,4.6463e-12,9.1899e-12
9.6015e-12,5.0181e-12,1.0108e-11
3.0863e-11,2.391e-11,1.5813e-11
3.784e-11,4.0898e-11,3.157e-11
4.3317e-11,5.4379e-11,5.5587e-11
2.6455e-11,2.2584e-11,1.7081e-11
3.8812e-11,3.4254e-11,2.434e-11
1.4123e-11,7.1701e-12,1.5956e-11
1.6901e-11,1.6431e-11,1.3506e-11
1.2002e-11,1.942e-11,1.5384e-11
1.2648e-11,1.367e-11,1.8312e-11
1.8793e-11,3.3717e-11,3.8647e-11
2.1455e-11,4.2843e-11,3.0051e-11
1.4916e-11,1.3819e-11,9.0384e-12
2.0734e-11,3.4638e-11,2.5588e-11
2.5238e-11,1.4647e-11,1.3618e-11
2.3633e-11,1.3064e-11,1.8241e-11
1.2199e-11,1.2314e-11,9.2167e-12
2.2855e-11,2.6088e-11,1.4574e-11
1.0988e-11,1.1955e-11,7.6019e-12
7.7628e-12,7.5285e-12,6.4699e-12
1.5191e-11,1.8768e-11,1.7385e-11
1.6754e-11,1.8377e-11,1.4133e-11
8.901e-12,9.3335e-12,5.6775e-12
9.4214e-12,1.0208e-11,7.5606e-12
1.9109e-11,1.7759e-11,7.3858e-12
6.5093e-12,7.876e-12,7.4615e-12
3.4339e-11,1.2833e-11,3.5223e-11
3.3161e-11,1.3144e-11,3.3049e-11
2.9722e-11,8.8624e-12,3.1275e-11
2.8506e-11,1.1574e-11,3.0706e-11
3.5454e-11,1.9395e-11,2.893e-11
2.3103e-11,1.1745e-11,2.2787e-11
2.9526e-11,1.7111e-11,2.4342e-11
2.2675e-11,1.0216e-11,2.3982e-11
3.9174e-11,1.7035e-11,2.9277e-11
4.2952e-11,1.6958e-11,3.2106e-11
1.4759e-11,5.8503e-12,1.6705e-11
3.8401e-11,2.9656e-11,2.7451e-11
6.4587e-11,4.4717e-11,4.3461e-11
4.1117e-11,3.1383e-11,2.7786e-11
1.0966e-11,4.7436e-12,9.5643e-12
1.9571e-11,1.6717e-11,1.4275e-11
1.6557e-11,1.2728e-11,1.8645e-11
3.4152e-11,2.9159e-11,2.0659e-11
1.8497e-11,1.491e-11,1.1896e-11
3.7705e-11,3.3046e-11,2.338e-11
1.0155e-11,6.6367e-12,1.2685e-11
1.0285e-11,6.1283e-12,1.1299e-11
1.0594e-11,9.5873e-12,1.235e-11
1.3153e-11,1.2566e-11,1.2065e-11
4.4224e-11,4.0034e-11,2.9864e-11
1.7116e-11,2.4017e-11,2.414e-11
2.3706e-11,2.224e-11,1.3976e-11
2.6953e-11,2.8758e-11,1.9369e-11
1.2015e-11,1.1376e-11,9.111e-12
3.1593e-11,4.026e-11,2.5094e-11
9.7046e-12,9.8737e-12,7.2479e-12
1.7003e-11,2.529e-11,2.1772e-11
1.5892e-11,1.8136e-11,1.009e-11
1.6342e-11,2.3913e-11,1.9992e-11
1.7232e-11,1.4325e-11,1.7203e-11
9.3176e-12,9.7738e-12,5.7062e-12
9.1518e-12,8.0994e-12,5.8017e-12
1.292e-11,1.4158e-11,8.4806e-12
3.895e-11,8.47e-12,3.8683e-11
3.9005e-11,1.1934e-11,3.934e-11
3.9511e-11,1.0332e-11,3.9839e-11
2.3855e-11,8.2937e-12,2.4105e-11
1.9971e-11,7.6786e-12,2.3506e-11
2.0192e-11,7.72e-12,2.2686e-11
2.7881e-11,1.306e-11,2.9854e-11
1.5864e-11,7.0496e-12,1.5e-11
1.5199e-11,9.7662e-12,1.6294e-11
1.4712e-11,5.0114e-12,1.574e-11
4.2074e-11,1.4337e-11,3.1246e-11
3.3275e-11,2.2565e-11,2.6214e-11
1.3503e-11,7.1244e-12,1.3966e-11
1.1883e-11,3.7357e-12,1.1768e-11
1.44e-11,6.1228e-12,1.6557e-11
1.3523e-11,6.244e-12,1.0121e-11
1.0901e-11,5.8372e-12,1.3848e-11
3.4295e-11,1.4191e-11,2.1563e-11
1.1855e-11,7.3083e-12,1.1262e-11
1.0612e-11,4.9689e-12,9.7392e-12
9.9994e-12,4.1748e-12,1.075e-11
1.3742e-11,1.0516e-11,1.2812e-11
1.0683e-11,6.8233e-12,1.2708e-11
3.3243e-11,2.9619e-11,2.2089e-11
3.4865e-11,3.0725e-11,2.275e-11
1.6836e-11,7.8205e-12,1.3874e-11
3.4651e-11,2.3503e-11,1.6566e-11
2.9697e-11,3.3336e-11,3.6404e-11
9.6056e-12,6.1832e-12,8.336e-12
1.9708e-11,1.3733e-11,1.4392e-11
9.024e-12,5.8665e-12,7.6693e-12
3.5851e-11,2.9954e-11,2.2029e-11
1.8036e-11,3.2507e-11,2.7465e-11
1.2116e-11,1.2603e-11,1.0501e-11
1.2522e-11,1.0693e-11,1.2754e-11
1.5638e-11,1.1969e-11,1.2543e-11
1.2318e-11,1.8571e-11,1.6735e-11
4.1269e-11,3.7133e-11,2.783e-11
2.4927e-11,2.2684e-11,1.7323e-11
2.4056e-11,2.7548e-11,3.4884e-11
1.6097e-11,1.5878e-11,1.0195e-11
1.0002e-11,1.08e-11,7.2558e-12
2.5657e-11,2.8556e-11,1.5617e-11
1.5591e-11,1.417e-11,1.9581e-11
1.2758e-11,1.3447e-11,8.6775e-12
1.5705e-11,1.6302e-11,8.8069e-12
2.177e-11,1.2812e-11,1.4687e-11
1.3652e-11,1.3576e-11,1.302e-11
1.9769e-11,2.4004e-11,1.8695e-11
2.353e-11,1.5722e-11,1.4417e-11
1.6625e-11,1.188e-11,1.412e-11
8.5363e-12,7.9928e-12,6.1447e-12
2.1903e-11,1.9191e-11,2.2098e-11
3.275e-11,8.86e-12,3.3548e-11
3.2487e-11,1.2068e-11,3.3763e-11
2.693e-11,9.0528e-12,2.6697e-11
2.5383e-11,8.7926e-12,2.517e-11
2.5386e-11,7.9793e-12,2.6269e-11
2.0752e-11,8.1541e-12,2.2026e-11
2.5006e-11,1.2837e-11,2.3522e-11
2.5691e-11,1.115e-11,2.7654e-11
1.5555e-11,5.6035e-12,1.6492e-11
2.794e-11,1.2459e-11,2.6992e-11
1.3849e-11,4.3743e-12,1.51e-11
1.8624e-11,8.0672e-12,1.9488e-11
2.4907e-11,1.2399e-11,2.5515e-11
4.9624e-11,1.9059e-11,3.2454e-11
1.3102e-11,4.2085e-12,1.3394e-11
5.5218e-11,2.5492e-11,3.5783e-11
2.3677e-11,9.1748e-12,2.0105e-11
1.2181e-11,7.9592e-12,1.1146e-11
1.5871e-11,7.9741e-12,1.8193e-11
1.1771e-11,6.772e-12,1.564e-11
9.7385e-12,4.0925e-12,1.0475e-11
2.8286e-11,2.1304e-11,1.861e-11
1.1654e-11,9.622e-12,1.0639e-11
1.0671e-11,7.5889e-12,9.4844e-12
1.6245e-11,1.4459e-11,1.2937e-11
3.1329e-11,2.7921e-11,2.0462e-11
1.0305e-11,4.1419e-12,7.8666e-12
2.7056e-11,3.0569e-11,2.7788e-11
1.699e-11,1.6254e-11,1.2382e-11
8.7586e-12,1.0994e-11,9.4205e-12
1.7738e-11,1.6157e-11,1.1796e-11
2.0063e-11,1.6665e-11,1.236e-11
2.4192e-11,4.4956e-11,3.1474e-11
8.7358e-12,8.4953e-12,1.4427e-11
1.0329e-11,1.1726e-11,7.1007e-12
1.0085e-11,8.2398e-12,1.5861e-11
2.1496e-11,3.5092e-11,3.8555e-11
2.83e-11,5.327e-11,4.8791e-11
3.9701e-11,3.8439e-11,2.7532e-11
1.9582e-11,1.9498e-11,1.507e-11
1.2219e-11,1.1346e-11,6.9179e-12
1.6986e-11,1.8046e-11,1.1427e-11
1.5258e-11,3.0414e-11,2.5074e-11
1.5793e-11,2.8775e-11,2.5267e-11
1.5157e-11,1.3303e-11,1.8757e-11
2.0191e-11,2.1321e-11,1.1156e-11
8.218e-12,8.8941e-12,5.4099e-12
2.706e-11,3.2076e-11,1.8406e-11
1.9217e-11,1.103e-11,2.2247e-11
3.049e-11,1.3463e-11,1.4781e-11
2.7004e-11,1.2949e-11,1.7521e-11
1.2965e-11,1.3406e-11,1.2814e-11
1.9458e-11,2.3238e-11,1.8202e-11
3.3288e-11,1.2097e-11,3.6371e-11
2.9858e-11,9.2871e-12,2.9936e-11
2.1041e-11,3.8713e-12,1.9505e-11
2.6126e-11,1.193e-11,2.4552e-11
2.0558e-11,5.926e-12,1.8835e-11
1.8196e-11,1.4538e-11,1.9326e-11
2.2629e-11,9.9685e-12,2.5149e-11
3.8727e-11,2.5856e-11,2.9024e-11
5.3936e-11,2.4856e-11,3.7338e-11
1.9116e-11,8.9035e-12,2.1796e-11
5.1694e-11,2.3249e-11,3.1497e-11
1.2603e-11,4.7786e-12,1.1227e-11
1.1675e-11,7.9616e-12,1.2751e-11
5.2727e-11,2.9234e-11,3.4047e-11
1.9808e-11,1.6271e-11,1.6175e-11
1.0317e-11,5.2876e-12,1.0422e-11
3.5182e-11,2.0136e-11,2.081e-11
3.2588e-11,1.8265e-11,2.0304e-11
3.8925e-11,2.4583e-11,2.4887e-11
1.1796e-11,6.5916e-12,1.2905e-11
4.5435e-11,4.6997e-11,4.8123e-11
9.6124e-12,4.4439e-12,8.5692e-12
4.6147e-11,5.8336e-11,5.5305e-11
1.1179e-11,9.2499e-12,1.4323e-11
3.3595e-11,5.7095e-11,5.2946e-11
3.8743e-11,3.3133e-11,2.5336e-11
1.0231e-11,8.7054e-12,8.6758e-12
1.8892e-11,3.7938e-11,2.7954e-11
1.0505e-11,9.9737e-12,9.1806e-12
1.1384e-11,1.5334e-11,1.1826e-11
9.8906e-12,1.0386e-11,9.05e-12
2.0817e-11,2.3794e-11,1.4424e-11
1.7631e-11,2.0796e-11,2.3515e-11
3.4269e-11,3.853e-11,2.3624e-11
2.1073e-11,3.6841e-11,2.7397e-11
9.2491e-12,1.2285e-11,7.4711e-12
1.4207e-11,1.3657e-11,1.993e-11
1.8366e-11,1.5122e-11,1.6082e-11
8.9204e-12,8.674e-12,4.6825e-12
1.4668e-11,1.6269e-11,1.3443e-11
1.4452e-11,1.6652e-11,1.4145e-11
2.4386e-11,1.3712e-11,1.4791e-11
8.7239e-12,7.6061e-12,5.048e-12
1.3599e-11,1.569e-11,8.7618e-12
8.9479e-12,1.128e-11,9.024e-12
3.5803e-11,9.661e-12,3.3362e-11
3.9146e-11,9.9461e-12,3.8373e-11
2.7463e-11,9.6825e-12,2.6777e-11
2.8282e-11,9.5558e-12,2.836e-11
2.6292e-11,1.2188e-11,2.9649e-11
3.4205e-11,1.4265e-11,3.0746e-11
2.29e-11,4.7502e-12,2.1559e-11
3.6562e-11,2.0023e-11,2.9454e-11
1.8979e-11,6.638e-12,1.905e-11
2.4014e-11,1.2821e-11,2.1261e-11
2.5556e-11,1.1567e-11,2.7836e-11
2.7607e-11,1.2362e-11,2.8331e-11
1.6564e-11,9.72e-12,1.6931e-11
2.1837e-11,1.0043e-11,2.5211e-11
1.4525e-11,5.6099e-12,1.5672e-11
1.4149e-11,7.4857e-12,1.2611e-11
1.3234e-11,4.9285e-12,1.2341e-11
1.2191e-11,8.7519e-12,1.1432e-11
4.1455e-11,2.1436e-11,2.4221e-11
1.4747e-11,7.8096e-12,1.6177e-11
3.1195e-11,1.1652e-11,1.9633e-11
1.1795e-11,8.0533e-12,1.5682e-11
3.0922e-11,1.8623e-11,2.0833e-11
2.7276e-11,1.0163e-11,1.7401e-11
9.3194e-12,5.7381e-12,9.3099e-12
1.0453e-11,8.6227e-12,1.4561e-11
2.9082e-11,1.8272e-11,1.6412e-11
2.765e-11,3.8476e-11,4.0116e-11
1.1395e-11,1.1061e-11,9.5044e-12
1.0329e-11,9.9406e-12,9.6972e-12
1.0544e-11,1.0084e-11,8.7966e-12
9.0724e-12,8.0874e-12,1.3557e-11
9.8577e-12,9.0168e-12,7.519e-12
2.7581e-11,2.3128e-11,1.4303e-11
1.9165e-11,1.7681e-11,1.1751e-11
9.5204e-12,1.5057e-11,1.4967e-11
1.047e-11,1.1491e-11,1.0567e-11
1.0417e-11,1.1001e-11,1.0089e-11
1.579e-11,1.505e-11,1.0776e-11
9.5531e-12,1.2748e-11,1.1856e-11
1.3539e-11,1.231e-11,1.8476e-11
1.0084e-11,1.1461e-11,1.4089e-11
9.7795e-12,1.0473e-11,6.9645e-12
1.926e-11,2.7758e-11,3.634e-11
2.0617e-11,3.378e-11,2.6269e-11
2.1902e-11,3.5013e-11,2.8209e-11
1.992e-11,2.0725e-11,1.3861e-11
1.998e-11,3.6862e-11,3.0427e-11
2.0881e-11,3.9964e-11,3.2662e-11
9.1323e-12,9.2421e-12,4.9299e-12
8.5073e-12,9.4126e-12,5.7243e-12
1.8025e-11,2.7694e-11,2.0517e-11
1.9386e-11,2.1714e-11,1.2375e-11
1.6134e-11,1.7687e-11,1.0408e-11
1.8174e-11,1.2844e-11,1.7209e-11
1.8154e-11,1.1751e-11,1.7408e-11
3.0547e-11,3.8192e-11,2.094e-11
2.8849e-11,3.4858e-11,1.9497e-11
1.7741e-11,2.1173e-11,1.1567e-11
9.723e-12,7.7876e-12,8.1915e-12
2.2126e-11,1.572e-11,1.257e-11
8.4164e-12,6.0798e-12,7.2588e-12
1.3102e-11,1.7883e-11,1.8898e-11
1.5127e-11,1.5176e-11,9.018e-12
8.3266e-12,6.4664e-12,8.9095e-12
7.9926e-12,6.8834e-12,4.8593e-12
2.4232e-11,6.2615e-12,2.467e-11
2.7697e-11,1.0316e-11,2.7133e-11
2.4757e-11,1.0579e-11,2.6457e-11
3.576e-11,1.3075e-11,3.0749e-11
3.8709e-11,2.5954e-11,2.882e-11
3.3472e-11,2.2009e-11,2.6343e-11
1.8529e-11,1.148e-11,1.6664e-11
1.4099e-11,6.7149e-12,1.4372e-11
3.3414e-11,2.5381e-11,2.7331e-11
1.751e-11,8.8883e-12,2.0529e-11
1.4019e-11,1.0164e-11,1.3794e-11
3.9006e-11,2.1351e-11,2.6441e-11
1.056e-11,6.8888e-12,1.1254e-11
5.3505e-11,3.9062e-11,4.127e-11
1.5272e-11,1.245e-11,1.2997e-11
1.019e-11,5.3981e-12,9.9928e-12
1.6854e-11,1.0692e-11,1.7437e-11
3.3056e-11,1.8881e-11,2.2262e-11
9.9323e-12,5.8305e-12,7.9078e-12
3.0818e-11,3.1769e-11,2.7469e-11
1.057e-11,9.1993e-12,1.4799e-11
3.6823e-11,3.1903e-11,2.315e-11
9.3187e-12,7.2944e-12,7.8324e-12
8.2632e-12,7.4714e-12,9.2992e-12
8.3875e-12,9.8967e-12,1.2771e-11
9.4239e-12,8.4797e-12,6.8939e-12
2.1985e-11,3.4222e-11,3.7748e-11
8.7033e-12,6.6571e-12,1.1617e-11
2.6929e-11,5.5141e-11,5.066e-11
1.0984e-11,7.8327e-12,1.3351e-11
2.2192e-11,3.7576e-11,4.1585e-11
3.3624e-11,3.1184e-11,2.035e-11
2.0365e-11,4.1561e-11,3.5723e-11
2.2324e-11,4.3612e-11,3.532e-11
2.1986e-11,4.222e-11,3.3682e-11
8.8038e-12,9.7459e-12,6.1988e-12
2.2326e-11,1.5051e-11,1.721e-11
3.4031e-11,3.9628e-11,2.4949e-11
1.1009e-11,1.2014e-11,8.6264e-12
1.1707e-11,1.2466e-11,8.148e-12
9.8603e-12,9.1266e-12,6.8626e-12
2.2361e-11,2.4731e-11,1.4568e-11
1.1616e-11,1.1007e-11,9.6864e-12
7.8578e-12,6.1347e-12,3.8421e-12
1.4404e-11,1.6626e-11,1.3911e-11
1.416e-11,1.462e-11,8.6357e-12
9.161e-12,7.9373e-12,5.289e-12
1.5485e-11,1.1609e-11,1.4606e-11
3.8519e-11,1.3041e-11,3.9059e-11
4.008e-11,1.3866e-11,3.8565e-11
2.54e-11,6.3484e-12,2.3978e-11
2.1624e-11,1.0083e-11,2.1707e-11
2.2845e-11,1.3075e-11,1.9417e-11
1.511e-11,5.7401e-12,1.6694e-11
1.8537e-11,9.6111e-12,2.1996e-11
1.5754e-11,8.0217e-12,1.7455e-11
1.2064e-11,6.0101e-12,1.2608e-11
1.1862e-11,5.8337e-12,1.362e-11
1.0749e-11,9.1936e-12,1.1525e-11
2.8745e-11,1.6605e-11,2.2398e-11
3.0939e-11,1.7977e-11,2.1578e-11
4.5855e-11,4.8962e-11,5.1407e-11
1.6768e-11,1.5169e-11,1.3054e-11
3.2527e-11,2.9392e-11,2.2327e-11
3.4992e-11,3.975e-11,3.6403e-11
9.6421e-12,6.2549e-12,9.2183e-12
1.139e-11,5.7852e-12,1.0549e-11
8.7126e-12,6.9992e-12,1.188e-11
9.5204e-12,7.2506e-12,1.2002e-11
7.4195e-12,7.746e-12,1.2896e-11
1.1083e-11,1.2094e-11,1.3824e-11
1.0348e-11,9.6848e-12,1.2544e-11
1.0257e-11,9.3432e-12,7.7627e-12
2.6692e-11,5.0229e-11,4.6682e-11
1.1222e-11,7.585e-12,1.2461e-11
1.224e-11,1.1676e-11,1.2648e-11
1.1919e-11,1.194e-11,7.8517e-12
1.5251e-11,3.1867e-11,3.1114e-11
1.2012e-11,2.4368e-11,2.6203e-11
3.12e-11,3.3387e-11,1.9308e-11
1.1029e-11,1.0675e-11,7.932e-12
1.5515e-11,1.8605e-11,2.2415e-11
2.3606e-11,2.7741e-11,1.6571e-11
1.1054e-11,1.221e-11,6.8602e-12
9.3538e-12,9.6612e-12,5.0271e-12
2.153e-11,2.3436e-11,1.364e-11
9.7823e-12,1.0224e-11,6.5258e-12
1.6402e-11,2.7169e-11,2.6048e-11
1.2504e-11,1.367e-11,1.2683e-11
7.6677e-12,6.4188e-12,4.7544e-12
1.0067e-11,1.0591e-11,6.5312e-12
9.0266e-12,7.9563e-12,7.0326e-12
6.8397e-12,5.2557e-12,5.7028e-12
1.1001e-11,1.2142e-11,7.7181e-12
6.3073e-12,6.8474e-12,5.3094e-12
3.7028e-11,1.381e-11,3.6759e-11
2.4831e-11,1.1492e-11,2.7401e-11
2.4681e-11,7.8702e-12,2.6515e-11
3.2033e-11,1.2002e-11,3.2963e-11
4.4308e-11,2.349e-11,3.3487e-11
2.163e-11,7.0257e-12,2.0639e-11
2.1822e-11,8.9484e-12,2.0965e-11
2.0143e-11,1.0432e-11,1.9008e-11
3.1787e-11,1.1506e-11,2.8639e-11
1.4501e-11,5.389e-12,1.1045e-11
1.3297e-11,7.4145e-12,1.4465e-11
1.5739e-11,7.1376e-12,1.8894e-11
2.5403e-11,1.0994e-11,2.3015e-11
1.1144e-11,1.0748e-11,1.2704e-11
1.3903e-11,1.0075e-11,1.2745e-11
1.1303e-11,6.797e-12,1.0069e-11
1.067e-11,6.9318e-12,1.1024e-11
1.162e-11,8.7446e-12,1.1704e-11
1.0901e-11,6.2987e-12,1.6658e-11
9.9234e-12,6.4981e-12,8.5826e-12
1.0895e-11,8.391e-12,9.1822e-12
1.2446e-11,8.8203e-12,1.5003e-11
1.7062e-11,9.497e-12,1.4351e-11
1.0758e-11,8.3428e-12,1.2249e-11
1.2026e-11,9.1398e-12,1.313e-11
1.5375e-11,1.2848e-11,1.3184e-11
1.3435e-11,1.2857e-11,9.834e-12
9.4756e-12,1.3543e-11,1.3224e-11
1.1433e-11,1.0559e-11,1.0557e-11
2.9392e-11,2.5303e-11,1.6152e-11
1.9602e-11,3.9434e-11,4.0482e-11
1.4915e-11,1.4558e-11,1.1037e-11
1.023e-11,9.6151e-12,7.0251e-12
1.0365e-11,9.5774e-12,6.4643e-12
1.1587e-11,1.1332e-11,1.3903e-11
3.485e-11,2.8604e-11,1.8732e-11
1.0721e-11,1.1347e-11,8.5573e-12
3.1521e-11,3.3223e-11,1.9394e-11
2.7577e-11,2.8517e-11,1.5496e-11
1.2308e-11,2.3052e-11,2.2645e-11
2.6432e-11,2.6716e-11,1.3526e-11
1.6787e-11,2.9466e-11,2.5255e-11
1.5123e-11,1.6998e-11,9.6984e-12
8.959e-12,1.0481e-11,6.2846e-12
1.4927e-11,1.493e-11,1.9545e-11
3.444e-11,3.8821e-11,2.1637e-11
8.4118e-12,8.6698e-12,5.2187e-12
1.7415e-11,1.4516e-11,1.275e-11
1.9213e-11,1.0298e-11,2.1517e-11
1.7515e-11,1.9855e-11,1.0365e-11
9.4916e-12,7.1545e-12,5.7775e-12
2.0231e-11,1.2124e-11,1.3841e-11
8.3788e-12,6.346e-12,7.0298e-12
1.1799e-11,1.9859e-11,2.0833e-11
1.2743e-11,1.357e-11,7.0229e-12
4.1961e-11,1.0234e-11,3.9753e-11
3.7085e-11,1.008e-11,3.4823e-11
3.1798e-11,7.6385e-12,2.7671e-11
4.5314e-11,2.1191e-11,3.4399e-11
1.6435e-11,6.3736e-12,1.4798e-11
1.6586e-11,8.8299e-12,1.6285e-11
2.1071e-11,1.4462e-11,1.7052e-11
1.452e-11,6.8833e-12,1.9127e-11
4.4349e-11,2.0371e-11,3.5109e-11
1.2856e-11,6.1104e-12,1.3556e-11
2.399e-11,1.0729e-11,2.402e-11
1.1521e-11,6.9394e-12,1.2991e-11
1.0575e-11,8.0428e-12,1.1292e-11
1.1705e-11,6.2382e-12,9.5572e-12
1.0426e-11,7.2824e-12,1.1452e-11
2.0424e-11,1.8746e-11,1.6896e-11
1.1438e-11,9.0706e-12,1.0704e-11
1.9651e-11,1.0665e-11,1.7096e-11
1.8641e-11,9.9627e-12,1.5086e-11
3.5205e-11,3.9503e-11,4.8737e-11
3.7863e-11,3.2566e-11,2.3884e-11
9.8908e-12,1.1095e-11,1.0626e-11
2.1057e-11,3.2538e-11,2.9092e-11
1.4348e-11,1.437e-11,1.0334e-11
7.3627e-12,6.4353e-12,1.1013e-11
9.1821e-12,8.291e-12,1.181e-11
1.2193e-11,9.1367e-12,1.0857e-11
7.9112e-12,1.161e-11,1.0262e-11
2.219e-11,3.1782e-11,3.7826e-11
1.8791e-11,3.973e-11,3.211e-11
1.3757e-11,2.206e-11,2.1231e-11
3.45e-11,3.8621e-11,2.0797e-11
9.1892e-12,8.4742e-12,7.0591e-12
1.4457e-11,2.2718e-11,2.2014e-11
3.125e-11,3.3953e-11,1.7538e-11
9.5933e-12,7.7657e-12,4.9737e-12
1.7499e-11,2.7641e-11,2.5184e-11
1.4843e-11,1.6338e-11,1.4716e-11
1.3823e-11,1.3883e-11,1.5146e-11
1.1552e-11,1.2508e-11,6.6831e-12
1.0998e-11,1.7663e-11,1.7777e-11
1.7207e-11,1.053e-11,1.4563e-11
8.3891e-12,7.5518e-12,5.3728e-12
6.0828e-12,5.5996e-12,3.1963e-12
8.0868e-12,6.4186e-12,6.0274e-12
3.5124e-11,1.062e-11,3.5011e-11
3.1764e-11,9.2345e-12,2.8157e-11
2.6474e-11,9.0878e-12,2.7123e-11
2.8677e-11,1.0768e-11,2.9931e-11
2.9493e-11,1.0887e-11,3.0727e-11
2.3354e-11,9.0441e-12,2.1405e-11
2.4028e-11,1.0751e-11,2.2077e-11
2.0514e-11,7.4496e-12,1.9063e-11
2.0288e-11,9.6252e-12,2.2472e-11
3.343e-11,2.1846e-11,2.7165e-11
1.6901e-11,6.3959e-12,1.4623e-11
2.8487e-11,1.9522e-11,2.1798e-11
1.5215e-11,9.3223e-12,1.3131e-11
3.5245e-11,1.7116e-11,3.0241e-11
1.2933e-11,7.6966e-12,1.3565e-11
1.328e-11,8.8449e-12,1.1804e-11
1.4165e-11,7.6224e-12,1.8101e-11
3.5562e-11,1.9151e-11,2.7541e-11
2.6891e-11,2.1637e-11,1.8811e-11
1.036e-11,6.606e-12,1.3052e-11
3.0307e-11,2.9434e-11,2.8407e-11
3.3576e-11,3.6645e-11,3.8012e-11
2.6962e-11,1.7603e-11,1.7647e-11
9.7204e-12,8.1419e-12,1.3415e-11
3.644e-11,4.9685e-11,5.8385e-11
1.0377e-11,6.8613e-12,1.2104e-11
9.9862e-12,7.6916e-12,1.46e-11
2.0022e-11,2.874e-11,3.1701e-11
4.0806e-11,3.4357e-11,2.3981e-11
9.3143e-12,8.0113e-12,1.2409e-11
1.0556e-11,8.8155e-12,6.6487e-12
1.5215e-11,3.0806e-11,3.0494e-11
2.6195e-11,2.5474e-11,1.7672e-11
9.9544e-12,9.1343e-12,1.3008e-11
1.5013e-11,2.5438e-11,3.4164e-11
1.1061e-11,1.1481e-11,6.8205e-12
1.9064e-11,1.9469e-11,1.9366e-11
1.4505e-11,1.6095e-11,9.4753e-12
1.7841e-11,3.5396e-11,3.0404e-11
2.014e-11,2.3828e-11,1.1542e-11
8.5517e-12,6.9717e-12,7.186e-12
2.4267e-11,2.7527e-11,1.5318e-11
2.35e-11,2.6497e-11,1.4932e-11
1.8243e-11,2.7251e-11,2.7482e-11
1.5569e-11,1.0258e-11,1.8915e-11
6.8961e-12,5.9897e-12,5.9266e-12
1.0205e-11,9.5509e-12,6.0499e-12
1.1588e-11,1.1888e-11,7.759e-12
6.0858e-12,1.0363e-11,6.2879e-12
3.973e-11,1.4017e-11,4.176e-11
3.5313e-11,1.2017e-11,3.8336e-11
3.1786e-11,8.6828e-12,2.8465e-11
3.6936e-11,1.396e-11,3.6581e-11
2.9351e-11,1.2798e-11,2.9988e-11
2.5224e-11,7.1147e-12,2.3688e-11
2.9015e-11,1.4949e-11,2.5725e-11
1.9489e-11,6.8363e-12,1.7747e-11
1.4686e-11,1.1382e-11,1.4589e-11
3.5144e-11,2.5308e-11,2.6885e-11
1.3585e-11,7.3549e-12,1.1915e-11
1.3042e-11,6.4944e-12,1.2432e-11
3.1288e-11,1.5194e-11,2.7963e-11
3.5913e-11,2.8557e-11,2.77e-11
1.1005e-11,5.7695e-12,8.9171e-12
4.2646e-11,2.4777e-11,3.4756e-11
4.8261e-11,2.6867e-11,3.8735e-11
4.043e-11,3.227e-11,3.2796e-11
1.2374e-11,9.6511e-12,1.1769e-11
3.3054e-11,2.8623e-11,3.2911e-11
8.5204e-12,6.4856e-12,1.0636e-11
3.0719e-11,2.6733e-11,1.8765e-11
1.0634e-11,1.3009e-11,1.3094e-11
1.5526e-11,1.7115e-11,1.1821e-11
8.7604e-12,7.2677e-12,1.0414e-11
7.4767e-12,8.5947e-12,1.2839e-11
2.9292e-11,2.5512e-11,1.5787e-11
8.1263e-12,6.5218e-12,1.0989e-11
1.0762e-11,8.3041e-12,1.3698e-11
1.5511e-11,1.5115e-11,9.6291e-12
1.2407e-11,1.2287e-11,1.1321e-11
1.0493e-11,9.6184e-12,6.0701e-12
2.0823e-11,2.0409e-11,1.2899e-11
3.3758e-11,3.2424e-11,1.8319e-11
1.8541e-11,2.0089e-11,1.1285e-11
1.4118e-11,2.0566e-11,2.0383e-11
1.6612e-11,2.7802e-11,2.1357e-11
1.3791e-11,1.3737e-11,7.9483e-12
1.541e-11,1.6245e-11,9.0972e-12
1.264e-11,2.3505e-11,2.1762e-11
1.8077e-11,2.7126e-11,2.7099e-11
2.1293e-11,2.373e-11,1.2771e-11
1.8535e-11,2.1082e-11,1.0508e-11
1.0396e-11,9.7343e-12,5.6505e-12
1.7139e-11,2.7248e-11,2.7375e-11
6.6016e-12,5.5869e-12,3.0584e-12
1.5754e-11,1.1268e-11,1.6987e-11
1.0981e-11,9.4635e-12,1.1441e-11
1.4545e-11,1.289e-11,1.3566e-11
4.0015e-11,1.3965e-11,3.9818e-11
4.5894e-11,1.5236e-11,3.9155e-11
4.4633e-11,1.5288e-11,3.9135e-11
2.915e-11,9.3121e-12,2.7767e-11
3.5643e-11,1.3466e-11,3.4616e-11
3.423e-11,1.2727e-11,3.409e-11
2.8287e-11,7.7753e-12,2.5591e-11
3.0694e-11,1.5446e-11,2.6714e-11
1.8023e-11,6.9049e-12,1.8004e-11
1.5843e-11,7.6861e-12,1.4587e-11
2.534e-11,1.1443e-11,2.6473e-11
1.629e-11,7.5573e-12,1.3692e-11
1.5603e-11,7.1809e-12,1.8724e-11
1.3526e-11,7.3079e-12,1.4426e-11
3.8742e-11,2.9254e-11,2.8426e-11
1.1748e-11,5.2784e-12,1.1397e-11
2.0542e-11,1.3468e-11,1.7749e-11
2.8084e-11,2.5633e-11,2.5509e-11
1.5535e-11,1.3364e-11,1.2198e-11
1.2258e-11,1.0824e-11,1.1974e-11
4.094e-11,3.8243e-11,4.2888e-11
2.3379e-11,1.5923e-11,1.7052e-11
2.3344e-11,2.146e-11,2.099e-11
1.056e-11,7.1474e-12,1.3223e-11
8.2785e-12,6.2322e-12,1.0403e-11
9.4217e-12,6.9127e-12,1.2235e-11
3.1623e-11,4.2505e-11,5.248e-11
2.2222e-11,2.0034e-11,1.3924e-11
3.5349e-11,3.2083e-11,2.2688e-11
8.314e-12,6.3305e-12,9.9006e-12
1.233e-11,8.7809e-12,1.2006e-11
2.2677e-11,2.177e-11,2.5306e-11
1.7755e-11,2.9001e-11,2.4443e-11
2.7108e-11,4.5765e-11,4.9594e-11
1.3302e-11,7.779e-12,1.3021e-11
2.0018e-11,1.9307e-11,1.2774e-11
1.5193e-11,2.6195e-11,2.3299e-11
1.0512e-11,8.7326e-12,6.3877e-12
1.7661e-11,3.0649e-11,3.6322e-11
1.3642e-11,2.0573e-11,2.6115e-11
1.4084e-11,2.9009e-11,3.4331e-11
1.6731e-11,1.945e-11,2.6652e-11
1.285e-11,2.0875e-11,2.8616e-11
1.2514e-11,2.1529e-11,2.4123e-11
1.3266e-11,1.1792e-11,1.7556e-11
8.1932e-12,7.9605e-12,4.675e-12
2.2997e-11,2.6342e-11,1.3914e-11
1.1594e-11,2.1175e-11,1.9125e-11
7.7226e-12,6.0658e-12,3.0606e-12
2.047e-11,1.312e-11,2.4965e-11
5.3806e-12,7.2168e-12,7.6003e-12
1.4656e-11,1.2877e-11,1.399e-11
1.1563e-11,1.1949e-11,7.6174e-12
8.5408e-12,8.9801e-12,5.7768e-12
6.225e-12,9.228e-12,5.1429e-12
3.7087e-11,1.1289e-11,3.5761e-11
2.9005e-11,1.0912e-11,2.9203e-11
2.7727e-11,8.5578e-12,2.5019e-11
1.8713e-11,8.916e-12,2.0656e-11
1.5618e-11,7.0323e-12,1.8975e-11
1.4839e-11,7.0693e-12,1.4014e-11
1.8862e-11,1.3672e-11,1.7097e-11
4.5269e-11,2.4022e-11,3.7712e-11
4.3786e-11,2.542e-11,3.6619e-11
2.8735e-11,1.3691e-11,2.5525e-11
2.7825e-11,2.2412e-11,1.864e-11
1.3373e-11,7.4966e-12,1.7536e-11
1.366e-11,1.0286e-11,1.3841e-11
3.9714e-11,2.7189e-11,3.4019e-11
1.6495e-11,9.2983e-12,1.7856e-11
1.6589e-11,1.4816e-11,1.2947e-11
3.1774e-11,2.8528e-11,2.1853e-11
2.2445e-11,2.082e-11,1.7488e-11
9.4565e-12,8.2859e-12,1.1894e-11
1.9091e-11,1.8028e-11,2.683e-11
9.1399e-12,6.3382e-12,1.1718e-11
8.9099e-12,8.26e-12,1.25e-11
1.0642e-11,8.5087e-12,1.2957e-11
2.1232e-11,3.2734e-11,4.2296e-11
1.0809e-11,1.6221e-11,1.7301e-11
1.2323e-11,1.2226e-11,9.1944e-12
1.8249e-11,1.7989e-11,1.0535e-11
8.7542e-12,7.8509e-12,1.1679e-11
1.3526e-11,1.7254e-11,2.3104e-11
1.3177e-11,2.7896e-11,3.2758e-11
1.5019e-11,2.0411e-11,2.7841e-11
1.1236e-11,1.6381e-11,2.2157e-11
1.3225e-11,1.2143e-11,1.5707e-11
7.5748e-12,6.6715e-12,3.8955e-12
1.4364e-11,1.2745e-11,1.4289e-11
1.143e-11,1.8792e-11,1.6642e-11
1.2259e-11,9.2681e-12,1.5505e-11
1.374e-11,2.4451e-11,2.3638e-11
8.8632e-12,8.7247e-12,6.0888e-12
7.4658e-12,8.2652e-12,4.5215e-12
2.6098e-11,9.7178e-12,2.5161e-11
2.3483e-11,9.5869e-12,2.218e-11
2.3844e-11,9.8954e-12,2.3052e-11
2.2909e-11,9.1378e-12,2.3016e-11
2.0515e-11,6.838e-12,1.8303e-11
1.8419e-11,7.8933e-12,1.8215e-11
3.4233e-11,2.1979e-11,2.639e-11
1.6231e-11,7.8719e-12,1.7132e-11
1.3673e-11,6.852e-12,1.3351e-11
3.7043e-11,1.7492e-11,3.4409e-11
3.7032e-11,3.0581e-11,2.5146e-11
2.3479e-11,1.136e-11,2.2018e-11
1.9902e-11,9.6231e-12,1.9431e-11
3.5462e-11,3.0875e-11,2.2775e-11
1.7105e-11,1.5879e-11,1.3432e-11
1.987e-11,9.9343e-12,1.5786e-11
3.7998e-11,3.0104e-11,4.2574e-11
3.2568e-11,2.6663e-11,3.2908e-11
8.6904e-12,6.7051e-12,1.1586e-11
2.1149e-11,2.3943e-11,3.2332e-11
1.6499e-11,1.0555e-11,1.3846e-11
2.9033e-11,4.619e-11,5.2915e-11
1.3909e-11,1.6084e-11,2.1792e-11
1.3847e-11,9.2732e-12,1.4166e-11
1.5209e-11,1.0349e-11,1.5039e-11
1.9664e-11,3.3808e-11,4.1507e-11
1.1485e-11,1.1836e-11,7.7467e-12
1.0923e-11,1.8276e-11,2.0273e-11
3.8868e-11,3.7225e-11,2.214e-11
1.9903e-11,2.0661e-11,1.1558e-11
1.467e-11,3.612e-11,4.0857e-11
1.6357e-11,1.7465e-11,2.182e-11
1.1113e-11,1.4975e-11,2.2083e-11
8.7335e-12,9.4146e-12,5.5266e-12
1.0262e-11,1.0035e-11,5.8e-12
1.7871e-11,1.1966e-11,1.4993e-11
1.7874e-11,2.0673e-11,1.0015e-11
9.1253e-12,9.0926e-12,5.1557e-12
6.8358e-12,6.0139e-12,3.7977e-12
9.0354e-12,9.0211e-12,4.2698e-12
1.603e-11,1.74e-11,8.5673e-12
1.3941e-11,2.7883e-11,2.7181e-11
8.1462e-12,6.7446e-12,5.5472e-12
1.4642e-11,1.1232e-11,8.8124e-12
3.6777e-11,8.8367e-12,3.216e-11
3.9949e-11,1.5037e-11,3.9562e-11
3.6197e-11,9.6581e-12,3.3156e-11
4.1699e-11,1.3382e-11,3.7222e-11
3.4708e-11,1.2142e-11,3.0429e-11
2.0432e-11,1.1489e-11,1.8793e-11
2.2868e-11,1.4053e-11,2.4807e-11
2.3201e-11,1.5845e-11,1.9032e-11
3.7015e-11,2.793e-11,2.681e-11
3.6004e-11,2.1222e-11,3.3969e-11
3.3755e-11,2.5598e-11,2.3865e-11
1.275e-11,5.702e-12,1.112e-11
1.4707e-11,9.1929e-12,1.8517e-11
2.3393e-11,2.003e-11,1.8682e-11
1.358e-11,1.094e-11,1.337e-11
1.6689e-11,8.6558e-12,1.793e-11
4.1282e-11,3.644e-11,4.7318e-11
2.8567e-11,2.4488e-11,3.1866e-11
2.3917e-11,1.9001e-11,2.4562e-11
1.341e-11,1.2096e-11,1.0811e-11
3.1456e-11,4.2156e-11,5.7398e-11
1.0668e-11,1.0347e-11,1.1936e-11
3.2211e-11,2.9198e-11,1.8736e-11
1.1093e-11,9.645e-12,7.796e-12
1.0321e-11,1.7541e-11,1.5387e-11
2.4162e-11,4.8218e-11,5.2236e-11
1.7179e-11,1.6905e-11,1.0956e-11
1.0321e-11,8.9328e-12,1.2736e-11
1.1995e-11,1.1377e-11,1.0594e-11
3.5587e-11,3.514e-11,2.1395e-11
1.3993e-11,3.4224e-11,3.8675e-11
2.4986e-11,2.5786e-11,1.5067e-11
1.3695e-11,2.9939e-11,3.1866e-11
1.649e-11,1.8907e-11,9.6793e-12
1.0794e-11,1.089e-11,1.6045e-11
1.187e-11,1.1244e-11,1.7236e-11
1.4962e-11,1.6426e-11,8.6737e-12
1.8601e-11,1.0939e-11,1.7286e-11
6.3962e-12,5.5227e-12,2.5256e-12
1.1159e-11,2.3423e-11,2.0948e-11
6.5696e-12,5.5947e-12,3.4576e-12
1.8578e-11,1.4339e-11,1.3976e-11
1.4409e-11,1.0242e-11,1.3652e-11
7.0814e-12,6.5666e-12,5.5814e-12
8.4793e-12,6.2114e-12,9.832e-12
1.1621e-11,8.4743e-12,1.4591e-11
8.831e-12,8.1999e-12,6.1182e-12
3.8058e-11,1.1735e-11,3.4372e-11
3.2961e-11,1.262e-11,3.4251e-11
2.9806e-11,8.8964e-12,2.5776e-11
3.5629e-11,1.1922e-11,3.0655e-11
3.9832e-11,1.91e-11,3.353e-11
2.2036e-11,7.9099e-12,1.9177e-11
2.349e-11,9.7581e-12,2.346e-11
2.2641e-11,1.1003e-11,2.3565e-11
3.3331e-11,2.3185e-11,2.5114e-11
1.8721e-11,1.0696e-11,1.6983e-11
4.0811e-11,1.9539e-11,3.737e-11
1.384e-11,8.2574e-12,1.4668e-11
2.2009e-11,1.2625e-11,2.3436e-11
1.3029e-11,6.1957e-12,1.1805e-11
2.0209e-11,1.0141e-11,1.9702e-11
2.896e-11,1.7853e-11,2.8186e-11
3.5161e-11,3.0793e-11,2.3475e-11
1.2342e-11,6.7938e-12,1.6204e-11
1.366e-11,8.0689e-12,1.592e-11
1.2868e-11,7.7448e-12,1.5287e-11
2.3994e-11,2.0265e-11,2.2391e-11
1.6744e-11,9.7584e-12,1.4126e-11
2.1931e-11,1.9788e-11,2.0467e-11
1.207e-11,7.9054e-12,8.7443e-12
1.9383e-11,1.8271e-11,1.9594e-11
1.6628e-11,1.6529e-11,1.1161e-11
1.5194e-11,2.0591e-11,2.7496e-11
1.3206e-11,1.8503e-11,2.6704e-11
1.0013e-11,1.0345e-11,1.3121e-11
2.0327e-11,4.4236e-11,4.7079e-11
1.0638e-11,1.1053e-11,8.368e-12
9.9199e-12,9.7291e-12,6.0481e-12
8.0675e-12,7.359e-12,4.216e-12
1.2152e-11,1.0833e-11,1.4211e-11
1.0647e-11,2.0355e-11,1.9438e-11
9.0804e-12,9.7116e-12,5.9722e-12
7.531e-12,1.6585e-11,1.5991e-11
1.5602e-11,3.2722e-11,3.1675e-11
7.1021e-12,5.1447e-12,6.5032e-12
1.4694e-11,1.2148e-11,1.8721e-11
7.1032e-12,5.4541e-12,3.4841e-12
8.4734e-12,7.9619e-12,5.214e-12
5.3624e-12,7.1199e-12,1.0185e-11
4.1945e-11,1.3582e-11,4.0115e-11
4.5448e-11,1.2085e-11,4.2786e-11
4.1256e-11,1.0335e-11,3.695e-11
3.9627e-11,1.2977e-11,3.6098e-11
3.7827e-11,1.358e-11,3.801e-11
4.0587e-11,1.0205e-11,3.661e-11
2.7278e-11,1.0733e-11,2.5026e-11
2.6153e-11,1.1731e-11,2.9022e-11
2.639e-11,1.488e-11,2.3084e-11
2.5041e-11,1.2363e-11,2.2401e-11
2.1492e-11,9.1608e-12,2.0036e-11
1.9821e-11,7.8558e-12,1.7109e-11
3.0323e-11,1.4707e-11,3.1626e-11
3.1671e-11,2.0162e-11,2.4837e-11
2.5603e-11,1.1415e-11,2.7308e-11
3.2112e-11,1.4198e-11,3.1825e-11
3.4298e-11,1.4799e-11,3.361e-11
1.8271e-11,1.1348e-11,1.5712e-11
1.7223e-11,8.5619e-12,1.3895e-11
2.211e-11,1.5095e-11,1.7445e-11
2.4523e-11,1.1043e-11,2.5661e-11
2.3575e-11,1.0611e-11,2.4942e-11
1.8607e-11,1.35e-11,1.4678e-11
1.442e-11,6.7182e-12,1.3268e-11
2.0682e-11,1.0203e-11,2.3279e-11
2.5368e-11,1.2579e-11,2.5612e-11
1.3932e-11,6.5676e-12,1.1096e-11
1.1674e-11,8.8948e-12,1.005e-11
1.3655e-11,7.0841e-12,1.0459e-11
1.5255e-11,1.2186e-11,1.1671e-11
3.4326e-11,3.0099e-11,2.2566e-11
1.591e-11,1.311e-11,1.1865e-11
1.268e-11,8.8665e-12,1.6052e-11
4.1233e-11,3.3277e-11,4.491e-11
3.7912e-11,3.1833e-11,4.1197e-11
2.748e-11,2.3421e-11,2.8797e-11
3.4093e-11,2.5701e-11,3.2761e-11
2.2437e-11,1.8343e-11,2.1638e-11
2.609e-11,2.7672e-11,3.2725e-11
2.4055e-11,2.2764e-11,1.4406e-11
1.4653e-11,1.4035e-11,1.0704e-11
1.2468e-11,1.143e-11,1.7177e-11
1.7222e-11,2.2956e-11,3.2488e-11
1.0861e-11,9.3809e-12,6.5571e-12
1.0841e-11,1.6595e-11,1.7427e-11
9.9877e-12,1.0751e-11,6.1431e-12
9.5806e-12,9.3633e-12,4.7126e-12
9.9268e-12,1.1175e-11,5.6003e-12
9.4017e-12,1.4522e-11,2.2741e-11
9.3547e-12,1.5803e-11,2.3058e-11
2.0349e-11,2.3171e-11,1.0257e-11
1.3679e-11,2.1211e-11,2.0855e-11
1.6003e-11,1.7764e-11,7.6151e-12
1.7291e-11,1.1132e-11,1.6998e-11
9.9064e-12,1.5231e-11,1.4732e-11
1.1925e-11,9.0668e-12,1.6385e-11
1.6206e-11,1.2418e-11,1.3481e-11
1.7527e-11,1.9271e-11,8.5617e-12
9.3533e-12,9.3983e-12,4.6105e-12
5.61e-12,5.4172e-12,3.14e-12
7.4268e-12,1.6058e-11,1.5555e-11
8.6984e-12,7.1557e-12,6.3018e-12
4.3596e-11,1.127e-11,3.9883e-11
4.3248e-11,1.078e-11,3.6593e-11
4.0552e-11,1.0447e-11,3.4254e-11
4.0171e-11,1.1447e-11,3.6299e-11
4.0915e-11,1.674e-11,3.5501e-11
3.715e-11,1.2322e-11,3.1986e-11
4.3928e-11,1.9352e-11,3.7842e-11
3.0589e-11,1.2941e-11,3.0825e-11
2.8105e-11,1.4623e-11,2.497e-11
2.4159e-11,1.273e-11,2.1479e-11
2.9949e-11,1.49e-11,3.1087e-11
3.4287e-11,2.373e-11,2.5343e-11
2.3911e-11,1.7144e-11,2.1155e-11
3.1879e-11,1.4882e-11,3.2005e-11
2.3789e-11,1.1229e-11,2.3769e-11
2.3107e-11,1.1636e-11,2.5846e-11
2.1065e-11,1.1034e-11,2.4724e-11
3.5541e-11,3.0192e-11,2.3795e-11
1.4548e-11,7.9895e-12,1.8721e-11
2.4631e-11,2.1371e-11,1.8605e-11
2.1355e-11,1.9192e-11,1.5746e-11
2.693e-11,1.388e-11,2.1724e-11
2.1478e-11,1.7687e-11,2.38e-11
1.5659e-11,1.5276e-11,1.2654e-11
1.166e-11,9.1994e-12,7.612e-12
1.2106e-11,1.0196e-11,8.341e-12
1.275e-11,1.2147e-11,9.1707e-12
1.2257e-11,1.3364e-11,1.7674e-11
1.9998e-11,4.357e-11,4.8707e-11
1.0333e-11,9.325e-12,7.5833e-12
1.4123e-11,1.4357e-11,1.9388e-11
1.6616e-11,1.5685e-11,2.4477e-11
1.8414e-11,1.772e-11,2.684e-11
9.6329e-12,1.0064e-11,5.6194e-12
1.48e-11,3.6779e-11,3.7845e-11
1.6783e-11,3.776e-11,3.5407e-11
2.4444e-11,2.9017e-11,1.3981e-11
8.1252e-12,8.1348e-12,5.1625e-12
1.545e-11,1.0313e-11,1.535e-11
9.7156e-12,9.2227e-12,5.1549e-12
1.4769e-11,1.2164e-11,1.265e-11
8.4477e-12,7.5153e-12,4.575e-12
2.4092e-11,2.9163e-11,1.3938e-11
6.7717e-12,5.2075e-12,3.6297e-12
2.1306e-11,2.349e-11,9.3122e-12
1.1922e-11,1.1903e-11,8.3356e-12
9.5065e-12,9.2344e-12,6.9187e-12
9.2593e-12,9.0827e-12,4.5127e-12
8.7946e-12,1.0083e-11,1.5499e-11
8.6494e-12,7.1612e-12,6.892e-12
9.1717e-12,9.3515e-12,6.7276e-12
1.552e-11,1.7237e-11,8.3743e-12
3.2901e-11,9.6295e-12,2.8759e-11
2.8801e-11,1.1529e-11,2.9019e-11
3.3407e-11,1.3823e-11,3.2695e-11
2.0812e-11,1.0127e-11,2.266e-11
2.9732e-11,1.3847e-11,3.0871e-11
2.0373e-11,1.2465e-11,2.4046e-11
1.4133e-11,9.7698e-12,1.3352e-11
1.3868e-11,8.334e-12,1.227e-11
1.1761e-11,6.7629e-12,1.5345e-11
2.0832e-11,1.9989e-11,1.4101e-11
1.8277e-11,1.685e-11,1.2626e-11
2.0522e-11,1.4993e-11,1.9876e-11
1.4302e-11,1.2913e-11,9.1479e-12
1.1676e-11,8.1801e-12,7.2782e-12
2.6797e-11,3.0012e-11,4.1411e-11
1.6002e-11,1.5439e-11,1.233e-11
1.0897e-11,8.4282e-12,6.5331e-12
1.3247e-11,1.1176e-11,1.5633e-11
1.8399e-11,1.9259e-11,2.9588e-11
2.7106e-11,4.4805e-11,5.2337e-11
2.3606e-11,2.2667e-11,1.438e-11
1.8021e-11,1.8164e-11,1.1524e-11
1.6698e-11,3.2915e-11,4.1791e-11
1.3336e-11,1.8193e-11,2.511e-11
3.5492e-11,3.8663e-11,1.9045e-11
1.009e-11,9.3407e-12,4.9475e-12
3.1309e-11,3.4886e-11,1.6965e-11
9.097e-12,9.803e-12,5.321e-12
1.0481e-11,9.9499e-12,5.4924e-12
1.0482e-11,1.9891e-11,2.6446e-11
1.2457e-11,1.3581e-11,6.6296e-12
1.3601e-11,1.4924e-11,7.0622e-12
1.4723e-11,2.5426e-11,2.4238e-11
9.2218e-12,9.6832e-12,4.4361e-12
1.0757e-11,1.1516e-11,1.625e-11
1.0508e-11,2.5452e-11,2.2804e-11
8.4555e-12,7.209e-12,4.1025e-12
9.1002e-12,7.9468e-12,6.1414e-12
9.3564e-12,6.8095e-12,3.8359e-12
7.2047e-12,5.7577e-12,4.5012e-12
1.0022e-11,1.1542e-11,1.2852e-11
1.3364e-11,3.5875e-11,3.3956e-11
7.3183e-12,1.8413e-11,1.6774e-11
8.7853e-12,5.7948e-12,6.0002e-12
6.3639e-12,7.0189e-12,7.0425e-12
1.4215e-11,1.2176e-11,1.7632e-11
1.3522e-11,1.2539e-11,1.5531e-11
7.427e-12,1.2622e-11,1.2372e-11
3.4677e-11,1.3526e-11,3.3436e-11
2.3515e-11,1.232e-11,2.0141e-11
1.8006e-11,9.3085e-12,1.706e-11
2.6423e-11,1.3689e-11,2.7304e-11
1.558e-11,1.0531e-11,1.6562e-11
3.4046e-11,2.615e-11,2.4073e-11
1.8013e-11,1.0947e-11,2.1018e-11
1.8817e-11,1.5003e-11,1.4225e-11
1.3259e-11,7.9856e-12,1.0905e-11
3.5513e-11,2.5944e-11,3.6557e-11
2.6407e-11,2.4254e-11,1.7683e-11
2.6962e-11,2.4642e-11,1.8591e-11
2.0524e-11,1.9305e-11,1.3961e-11
1.1314e-11,9.3583e-12,7.4902e-12
1.323e-11,1.1887e-11,1.716e-11
1.6352e-11,1.1159e-11,1.2036e-11
1.9655e-11,3.8124e-11,4.6571e-11
1.2189e-11,1.1524e-11,1.2822e-11
1.0011e-11,1.0707e-11,1.165e-11
1.081e-11,1.0074e-11,1.059e-11
1.0585e-11,1.1496e-11,1.5159e-11
1.453e-11,1.5183e-11,8.5414e-12
1.6059e-11,1.7006e-11,9.3691e-12
1.4771e-11,1.5581e-11,9.0783e-12
2.6785e-11,2.9786e-11,1.1968e-11
1.4786e-11,9.8591e-12,1.5443e-11
1.4312e-11,3.8591e-11,3.3544e-11
1.2626e-11,1.0856e-11,1.9837e-11
1.4654e-11,1.287e-11,1.2613e-11
1.3846e-11,3.9571e-11,3.4858e-11
9.4655e-12,9.5635e-12,5.501e-12
9.2691e-12,8.8554e-12,8.2169e-12
9.7249e-12,1.1486e-11,1.2804e-11
7.9572e-12,6.3293e-12,5.1813e-12
8.9369e-12,7.3079e-12,7.9265e-12
9.0689e-12,9.4637e-12,5.496e-12
7.2158e-12,5.9049e-12,4.2191e-12
1.165e-11,1.3461e-11,1.9253e-11
8.3371e-12,6.8852e-12,7.5139e-12
7.5823e-12,4.9513e-12,3.57e-12
8.603e-12,7.7197e-12,8.1976e-12
8.2146e-12,8.5125e-12,8.1904e-12
3.3323e-11,1.256e-11,2.8006e-11
3.1641e-11,1.2146e-11,2.6734e-11
3.963e-11,2.0965e-11,3.3519e-11
4.5368e-11,2.4897e-11,3.5983e-11
2.3548e-11,1.2967e-11,2.1329e-11
2.9093e-11,1.8598e-11,2.32e-11
2.2174e-11,1.1563e-11,1.8209e-11
3.5249e-11,1.5244e-11,3.2969e-11
1.9327e-11,1.0877e-11,2.0484e-11
1.503e-11,7.741e-12,1.2311e-11
1.5022e-11,8.7028e-12,1.295e-11
2.1719e-11,1.5254e-11,1.6208e-11
1.4333e-11,8.8089e-12,1.3336e-11
1.414e-11,9.9795e-12,1.728e-11
2.522e-11,1.4352e-11,2.6453e-11
3.1255e-11,2.1185e-11,3.4002e-11
3.1907e-11,2.8891e-11,2.1859e-11
1.3536e-11,9.732e-12,9.1321e-12
1.2477e-11,7.0499e-12,8.4743e-12
2.9771e-11,1.7843e-11,2.6971e-11
1.8503e-11,1.1124e-11,1.961e-11
1.3402e-11,1.0964e-11,8.4358e-12
1.1013e-11,7.3455e-12,1.4915e-11
1.2764e-11,8.901e-12,7.5121e-12
1.1813e-11,9.0204e-12,7.8241e-12
1.7949e-11,1.2085e-11,1.6627e-11
3.0593e-11,2.9745e-11,2.0028e-11
2.1542e-11,2.17e-11,1.4183e-11
1.8328e-11,1.8044e-11,1.2823e-11
1.4809e-11,1.3769e-11,9.6139e-12
1.1142e-11,7.4621e-12,6.1908e-12
2.9333e-11,2.9001e-11,1.8963e-11
3.1689e-11,2.992e-11,1.8836e-11
3.1776e-11,3.0541e-11,1.8963e-11
1.12e-11,8.6362e-12,7.4851e-12
1.0778e-11,1.2436e-11,1.9814e-11
1.3268e-11,2.2795e-11,3.0716e-11
2.4184e-11,2.788e-11,1.2731e-11
1.3378e-11,1.3831e-11,6.9119e-12
1.8055e-11,1.9592e-11,9.9789e-12
9.2943e-12,9.1987e-12,4.7426e-12
1.2351e-11,1.3586e-11,6.2257e-12
9.0715e-12,1.0038e-11,6.5319e-12
1.0795e-11,1.0762e-11,5.5613e-12
1.4528e-11,1.4752e-11,7.0787e-12
7.3569e-12,8.7966e-12,5.4373e-12
9.2182e-12,1.2099e-11,1.4104e-11
7.6776e-12,6.6425e-12,4.126e-12
6.2426e-12,8.1243e-12,7.9825e-12
1.1546e-11,3.3638e-11,3.1275e-11
1.0549e-11,2.693e-11,2.4928e-11
7.2858e-12,5.2803e-12,3.2823e-12
6.3011e-12,5.6451e-12,3.039e-12
9.3742e-12,6.3996e-12,5.7941e-12
7.5307e-12,1.3631e-11,1.2611e-11
4.332e-11,1.5978e-11,4.5472e-11
4.1381e-11,1.2219e-11,3.5941e-11
4.5692e-11,1.4483e-11,3.7931e-11
2.9807e-11,1.4359e-11,2.9216e-11
2.8769e-11,1.4909e-11,2.9766e-11
2.116e-11,1.3211e-11,1.9072e-11
2.1939e-11,1.2599e-11,2.5156e-11
1.7364e-11,1.2262e-11,2.0974e-11
1.5694e-11,9.6549e-12,1.322e-11
3.2023e-11,1.8132e-11,3.3643e-11
3.1281e-11,2.4767e-11,2.0898e-11
1.4211e-11,1.3089e-11,1.4718e-11
2.9715e-11,2.0086e-11,3.2684e-11
1.3128e-11,8.8735e-12,1.5153e-11
2.7875e-11,2.4241e-11,1.8186e-11
1.3392e-11,1.0081e-11,1.1299e-11
1.2732e-11,7.4183e-12,6.8231e-12
2.3082e-11,2.1673e-11,1.679e-11
9.8884e-12,6.826e-12,1.3505e-11
2.8098e-11,3.1334e-11,4.7745e-11
2.6758e-11,3.3402e-11,4.5957e-11
1.6371e-11,1.5533e-11,1.677e-11
1.1114e-11,8.8363e-12,7.557e-12
1.1399e-11,9.9819e-12,7.9122e-12
3.3189e-11,3.6241e-11,1.8628e-11
1.0399e-11,1.0917e-11,6.2821e-12
1.0879e-11,1.0789e-11,9.0349e-12
2.1469e-11,2.4904e-11,1.2587e-11
1.6093e-11,3.4061e-11,3.2576e-11
2.2176e-11,2.5538e-11,1.0434e-11
1.7864e-11,3.0913e-11,2.9326e-11
1.4293e-11,2.4134e-11,2.3053e-11
9.4448e-12,2.6846e-11,2.5603e-11
1.2563e-11,2.9667e-11,2.5925e-11
7.7931e-12,1.2064e-11,1.675e-11
8.9352e-12,1.3142e-11,1.7907e-11
8.0772e-12,7.099e-12,2.7727e-12
1.5691e-11,1.8177e-11,7.2626e-12
2.0271e-11,2.2643e-11,8.5825e-12
1.4485e-11,1.6605e-11,6.7966e-12
7.9947e-12,6.6199e-12,3.6975e-12
8.1963e-12,6.4332e-12,5.1385e-12
7.2875e-12,9.1865e-12,1.6745e-11
9.7075e-12,1.0612e-11,2.0418e-11
8.6698e-12,8.502e-12,1.5913e-11
8.4543e-12,2.2132e-11,1.9038e-11
8.3674e-12,6.7006e-12,6.4645e-12
1.5389e-11,1.6835e-11,9.233e-12
4.7609e-11,1.4632e-11,4.1106e-11
4.6209e-11,1.3713e-11,4.034e-11
3.7495e-11,1.6995e-11,3.2297e-11
3.3456e-11,1.1808e-11,2.945e-11
4.6157e-11,2.4107e-11,3.6597e-11
3.1846e-11,1.3307e-11,3.0859e-11
2.1813e-11,9.9641e-12,1.851e-11
3.0924e-11,1.5426e-11,3.1601e-11
2.0377e-11,1.1031e-11,1.8084e-11
2.0967e-11,1.3707e-11,1.6025e-11
2.9265e-11,2.3255e-11,2.0634e-11
3.8156e-11,3.0822e-11,2.5751e-11
1.4046e-11,8.8059e-12,1.5356e-11
1.3422e-11,8.2911e-12,1.3675e-11
1.7723e-11,1.095e-11,1.972e-11
2.0734e-11,1.8917e-11,1.4029e-11
1.2294e-11,8.6947e-12,1.7107e-11
1.3672e-11,1.0001e-11,1.7056e-11
2.21e-11,2.1105e-11,1.4998e-11
1.0004e-11,8.3248e-12,1.3205e-11
1.1775e-11,7.7606e-12,7.3742e-12
1.5979e-11,1.4603e-11,9.296e-12
1.3814e-11,1.1196e-11,1.497e-11
2.285e-11,3.049e-11,4.2045e-11
1.3256e-11,1.0944e-11,1.5547e-11
1.4329e-11,1.5491e-11,1.5646e-11
1.7808e-11,2.5458e-11,3.5301e-11
1.1441e-11,7.7219e-12,6.8296e-12
1.1312e-11,7.9299e-12,7.1728e-12
1.203e-11,1.2257e-11,1.4437e-11
1.5857e-11,1.6096e-11,9.8341e-12
1.4726e-11,1.1545e-11,1.8167e-11
1.4684e-11,1.8081e-11,2.749e-11
1.0987e-11,7.5513e-12,5.8075e-12
1.143e-11,9.8712e-12,9.4854e-12
1.0322e-11,1.0651e-11,6.2079e-12
3.142e-11,3.6387e-11,1.6759e-11
9.4487e-12,1.3339e-11,1.7601e-11
1.31e-11,1.4372e-11,7.1882e-12
1.9732e-11,2.3132e-11,1.1609e-11
1.2137e-11,1.3356e-11,6.1804e-12
8.115e-12,5.8808e-12,2.7739e-12
7.7238e-12,5.1069e-12,4.5434e-12
8.1077e-12,1.2899e-11,1.3607e-11
9.432e-12,7.8334e-12,8.7787e-12
7.0385e-12,1.2086e-11,1.8085e-11
1.1616e-11,2.9093e-11,2.5025e-11
1.0532e-11,1.2998e-11,1.3042e-11
2.6095e-11,3.1603e-11,1.095e-11
8.3892e-12,7.36e-12,5.0196e-12
9.8353e-12,1.0808e-11,1.0202e-11
7.8828e-12,6.2304e-12,3.584e-12
6.2449e-12,7.8682e-12,8.8298e-12
8.4649e-12,1.2782e-11,1.4351e-11
1.7827e-11,2.0268e-11,9.6751e-12
4.3779e-11,1.5064e-11,3.5823e-11
3.5002e-11,1.4638e-11,3.2839e-11
2.6666e-11,1.3558e-11,2.3757e-11
2.8541e-11,1.2416e-11,2.5823e-11
2.7974e-11,1.468e-11,2.3412e-11
2.1277e-11,9.8937e-12,1.92e-11
1.8272e-11,9.3867e-12,1.5926e-11
2.9888e-11,2.0082e-11,2.2777e-11
3.3268e-11,1.6167e-11,3.2159e-11
1.6432e-11,8.4436e-12,1.3499e-11
2.6742e-11,1.3857e-11,2.724e-11
1.3094e-11,8.5335e-12,1.5993e-11
1.3746e-11,9.6942e-12,1.3216e-11
2.4068e-11,1.3785e-11,2.6404e-11
1.871e-11,1.1213e-11,2.1789e-11
1.2434e-11,8.6437e-12,1.1248e-11
1.1442e-11,1.1542e-11,1.1295e-11
1.3848e-11,9.36e-12,1.2676e-11
2.6027e-11,2.3791e-11,1.8303e-11
1.3138e-11,8.6681e-12,8.9382e-12
1.1422e-11,7.9934e-12,7.2865e-12
1.53e-11,1.2414e-11,1.6435e-11
1.8059e-11,1.8712e-11,2.6666e-11
2.0928e-11,2.138e-11,1.2078e-11
1.1363e-11,7.5951e-12,7.4936e-12
1.2929e-11,1.2878e-11,2.0014e-11
1.355e-11,1.3878e-11,8.3725e-12
1.0725e-11,7.9426e-12,8.0357e-12
1.99e-11,2.1569e-11,1.1812e-11
3.0646e-11,3.4064e-11,1.7816e-11
1.8432e-11,2.0724e-11,9.0179e-12
8.6156e-12,1.4339e-11,1.7493e-11
1.3713e-11,1.4959e-11,7.9468e-12
1.5268e-11,3.1247e-11,3.1085e-11
1.03e-11,9.3297e-12,6.4183e-12
1.4125e-11,4.2089e-11,3.5475e-11
9.4089e-12,8.5061e-12,4.9626e-12
1.6053e-11,1.8456e-11,7.4973e-12
1.258e-11,1.0706e-11,1.2899e-11
1.3592e-11,4.5243e-11,3.8924e-11
9.5443e-12,2.2041e-11,1.8249e-11
1.3806e-11,1.4558e-11,7.1844e-12
9.358e-12,9.4525e-12,1.7654e-11
5.249e-12,6.5873e-12,4.4639e-12
2.6432e-11,3.1908e-11,1.1387e-11
7.3028e-12,2.3273e-11,2.2414e-11
1.416e-11,1.4784e-11,6.8569e-12
7.3903e-12,8.4842e-12,1.2651e-11
3.6987e-11,1.5655e-11,3.3278e-11
3.5311e-11,1.6059e-11,3.2103e-11
2.9391e-11,1.273e-11,2.7096e-11
4.6128e-11,2.7428e-11,3.6188e-11
2.5867e-11,1.0691e-11,2.2262e-11
2.8021e-11,1.1584e-11,2.4645e-11
2.5081e-11,1.168e-11,2.2583e-11
3.3509e-11,1.6326e-11,3.4091e-11
2.211e-11,1.217e-11,1.9761e-11
1.9653e-11,1.0747e-11,1.6613e-11
1.8589e-11,1.0989e-11,1.5671e-11
1.7284e-11,9.9905e-12,1.4164e-11
3.5266e-11,2.0222e-11,3.8954e-11
1.7903e-11,1.1063e-11,1.2957e-11
2.6523e-11,1.3719e-11,2.6971e-11
2.6202e-11,2.0228e-11,1.8258e-11
1.5867e-11,1.0435e-11,1.0037e-11
1.8969e-11,1.5521e-11,1.5389e-11
1.443e-11,9.3063e-12,1.797e-11
1.2742e-11,7.5176e-12,8.7315e-12
1.1846e-11,9.254e-12,7.409e-12
9.6785e-12,7.1053e-12,1.2821e-11
3.3569e-11,3.1325e-11,2.1668e-11
2.8665e-11,3.0526e-11,4.5003e-11
1.2597e-11,1.1884e-11,1.7749e-11
2.324e-11,2.189e-11,1.432e-11
1.2064e-11,7.1087e-12,5.6906e-12
1.8333e-11,2.5904e-11,3.4576e-11
3.2277e-11,3.1102e-11,2.0141e-11
1.3739e-11,1.2888e-11,1.9075e-11
1.2816e-11,1.1374e-11,1.3833e-11
1.4986e-11,1.5376e-11,9.1846e-12
1.4938e-11,1.5503e-11,9.0253e-12
1.4348e-11,1.8651e-11,2.5935e-11
1.0758e-11,7.765e-12,6.2269e-12
1.8774e-11,2.0235e-11,1.2136e-11
9.961e-12,7.6143e-12,7.5555e-12
1.0058e-11,8.6722e-12,6.8026e-12
1.1247e-11,2.0192e-11,2.5388e-11
1.0803e-11,9.345e-12,5.3053e-12
9.7672e-12,1.5237e-11,1.7421e-11
1.7064e-11,3.9095e-11,3.5347e-11
1.0025e-11,1.1129e-11,5.3581e-12
3.3897e-11,3.8502e-11,1.589e-11
8.7623e-12,8.5411e-12,4.3639e-12
1.2365e-11,2.957e-11,2.5052e-11
1.0351e-11,1.5069e-11,1.6582e-11
1.0583e-11,1.1371e-11,4.9158e-12
6.0142e-12,2.3034e-11,2.1106e-11
2.6767e-11,3.0361e-11,1.1511e-11
1.1005e-11,1.3011e-11,1.3332e-11
7.7868e-12,2.4789e-11,2.3112e-11
1.7504e-11,2.0136e-11,8.5358e-12
7.4982e-12,5.0598e-12,2.5919e-12
5.7411e-12,1.0405e-11,1.2035e-11
7.6867e-12,1.261e-11,1.4854e-11
7.6495e-12,6.5453e-12,5.2338e-12
1.6141e-11,1.7805e-11,9.0564e-12
4.9004e-12,8.0784e-12,7.7968e-12
5.1612e-12,7.7079e-12,8.3137e-12
2.4545e-11,1.1229e-11,2.0473e-11
3.1903e-11,1.5372e-11,3.0823e-11
4.1493e-11,2.8972e-11,3.1394e-11
3.1191e-11,1.7308e-11,3.1096e-11
1.9495e-11,1.0662e-11,1.5867e-11
2.5557e-11,1.9859e-11,1.8666e-11
1.9367e-11,1.1611e-11,1.5641e-11
2.0068e-11,1.3163e-11,1.4577e-11
1.7312e-11,9.9085e-12,1.8942e-11
1.9085e-11,1.2049e-11,1.3515e-11
1.5602e-11,1.0517e-11,1.504e-11
2.0089e-11,1.2936e-11,1.4144e-11
1.3771e-11,8.5001e-12,1.2928e-11
1.2312e-11,8.6171e-12,1.5261e-11
1.2897e-11,8.4079e-12,9.1599e-12
1.2067e-11,8.0067e-12,8.831e-12
1.2136e-11,1.0592e-11,1.6098e-11
3.1825e-11,2.9712e-11,1.9544e-11
1.3851e-11,1.2529e-11,1.8239e-11
2.0487e-11,1.9767e-11,2.4911e-11
2.2187e-11,2.2252e-11,1.2855e-11
1.4186e-11,1.3257e-11,8.1192e-12
3.0193e-11,2.9524e-11,1.8434e-11
1.128e-11,6.8746e-12,9.9722e-12
1.6112e-11,3.1085e-11,3.3677e-11
1.4457e-11,3.3444e-11,3.6374e-11
1.4292e-11,1.4837e-11,8.1835e-12
1.1999e-11,1.8415e-11,2.4751e-11
1.1683e-11,1.2886e-11,6.2103e-12
3.1405e-11,3.8102e-11,1.4839e-11
1.0652e-11,1.7189e-11,1.7728e-11
2.9243e-11,3.4401e-11,1.244e-11
9.7481e-12,2.6308e-11,2.3186e-11
8.6481e-12,7.6402e-12,4.1642e-12
1.7703e-11,2.0308e-11,8.4068e-12
1.2974e-11,1.4083e-11,6.0538e-12
8.23e-12,1.6363e-11,1.7127e-11
1.0984e-11,4.395e-11,3.6753e-11
1.1604e-11,1.1831e-11,5.2151e-12
8.4256e-12,5.492e-12,5.405e-12
7.5339e-12,7.3778e-12,1.4063e-11
8.6652e-12,1.4847e-11,1.5926e-11
8.7591e-12,7.0755e-12,4.9277e-12
8.5751e-12,9.3645e-12,1.2455e-11
4.119e-11,1.681e-11,3.7709e-11
3.3775e-11,1.9601e-11,2.866e-11
3.3267e-11,1.4272e-11,2.9978e-11
4.3285e-11,2.4878e-11,3.3611e-11
2.3589e-11,1.1661e-11,2.1638e-11
3.7446e-11,2.3741e-11,2.9035e-11
2.4823e-11,1.2092e-11,2.3845e-11
2.6849e-11,1.5421e-11,2.237e-11
2.167e-11,1.2735e-11,1.8161e-11
1.9484e-11,1.2937e-11,1.5572e-11
3.4238e-11,1.8055e-11,3.5716e-11
2.6202e-11,1.376e-11,2.6847e-11
1.819e-11,1.2633e-11,1.2177e-11
2.2816e-11,1.3278e-11,2.3978e-11
1.285e-11,8.5473e-12,1.3715e-11
1.295e-11,1.1382e-11,1.1196e-11
1.41e-11,8.6789e-12,9.373e-12
1.2227e-11,8.3624e-12,1.0252e-11
1.1106e-11,8.9172e-12,1.055e-11
1.9982e-11,1.5014e-11,2.4313e-11
1.6264e-11,1.299e-11,2.0755e-11
1.1583e-11,1.1111e-11,1.1443e-11
1.5165e-11,1.0563e-11,8.9102e-12
1.4183e-11,1.0329e-11,1.0475e-11
1.8765e-11,1.5418e-11,2.2214e-11
2.0976e-11,2.3307e-11,3.5153e-11
1.6406e-11,2.2812e-11,3.3085e-11
1.3552e-11,1.349e-11,8.2702e-12
1.2076e-11,1.3425e-11,1.9414e-11
1.7542e-11,3.1577e-11,3.714e-11
2.7782e-11,2.7787e-11,1.4869e-11
1.9239e-11,2.0011e-11,1.1914e-11
1.2586e-11,2.3246e-11,2.559e-11
2.9774e-11,3.4049e-11,1.5547e-11
1.5257e-11,1.6638e-11,7.6586e-12
1.0341e-11,8.8496e-12,5.8373e-12
1.8307e-11,3.5871e-11,3.4621e-11
9.9963e-12,8.6333e-12,4.797e-12
1.6173e-11,1.8063e-11,7.4539e-12
2.8842e-11,3.3906e-11,1.3284e-11
1.4734e-11,4.347e-11,3.6279e-11
9.5431e-12,1.0156e-11,1.8914e-11
1.0769e-11,1.0347e-11,4.7388e-12
2.7042e-11,2.9955e-11,1.1376e-11
2.7282e-11,3.0469e-11,1.1345e-11
1.0586e-11,1.0059e-11,5.9471e-12
6.2146e-12,9.4522e-12,1.3688e-11
7.8078e-12,1.388e-11,1.2688e-11
7.3948e-12,1.0029e-11,1.3622e-11
1.9632e-11,2.3092e-11,9.8035e-12
1.6192e-11,1.6391e-11,7.9007e-12
1.0807e-11,9.2541e-12,5.1089e-12
7.8286e-12,6.2416e-12,7.0131e-12
9.214e-12,8.4729e-12,4.6295e-12
4.5897e-11,1.5918e-11,3.8264e-11
3.653e-11,1.664e-11,3.3601e-11
4.1839e-11,1.8648e-11,3.6035e-11
4.3089e-11,1.9317e-11,3.6712e-11
4.2903e-11,2.1184e-11,3.5653e-11
2.9504e-11,1.5512e-11,2.7066e-11
2.9738e-11,1.4338e-11,2.6354e-11
2.7466e-11,1.4809e-11,2.5315e-11
3.4658e-11,1.7577e-11,3.5177e-11
4.0921e-11,2.8871e-11,2.8176e-11
3.4627e-11,2.6856e-11,2.2894e-11
2.3387e-11,1.2566e-11,2.3898e-11
1.3999e-11,8.6131e-12,1.2475e-11
2.9012e-11,1.6902e-11,3.2508e-11
1.424e-11,8.7353e-12,1.0743e-11
2.3974e-11,1.5086e-11,2.7023e-11
1.3604e-11,1.0073e-11,1.082e-11
2.0145e-11,1.2546e-11,2.2581e-11
1.3928e-11,9.8633e-12,1.0064e-11
1.7122e-11,1.1749e-11,2.062e-11
2.3412e-11,1.409e-11,2.4044e-11
1.7211e-11,1.3069e-11,1.9305e-11
1.6349e-11,1.2427e-11,2.0896e-11
1.497e-11,9.2648e-12,8.7249e-12
1.7987e-11,1.4586e-11,2.2616e-11
1.6261e-11,1.2728e-11,1.0019e-11
1.3206e-11,8.5221e-12,8.1484e-12
1.5088e-11,1.3023e-11,1.9072e-11
1.2427e-11,9.8454e-12,8.506e-12
1.1505e-11,1.017e-11,1.5442e-11
1.6464e-11,1.3931e-11,9.728e-12
1.9192e-11,1.8267e-11,2.5887e-11
1.7038e-11,1.3043e-11,1.7259e-11
2.3659e-11,2.6616e-11,3.6955e-11
2.5387e-11,2.5688e-11,1.5164e-11
1.0255e-11,6.9892e-12,6.4762e-12
1.0268e-11,9.7779e-12,5.7141e-12
1.5199e-11,1.6684e-11,7.5512e-12
7.4546e-12,1.1956e-11,1.8102e-11
1.1526e-11,1.3218e-11,5.2737e-12
1.0649e-11,1.1588e-11,5.8588e-12
9.7745e-12,1.594e-11,1.9219e-11
1.5874e-11,2.5576e-11,2.2111e-11
7.4755e-12,5.4873e-12,3.4121e-12
7.4449e-12,5.7431e-12,8.6734e-12
1.0441e-11,1.23e-11,1.2218e-11
7.1702e-12,6.2521e-12,3.8015e-12
1.2198e-11,4.582e-11,3.8104e-11
9.2044e-12,8.3975e-12,6.1067e-12
6.9984e-12,1.4943e-11,1.396e-11
7.9732e-12,1.5012e-11,1.3883e-11
8.5199e-12,5.4881e-12,6.2215e-12
7.6202e-12,7.8066e-12,1.2652e-11
8.4606e-12,9.457e-12,6.5732e-12
1.1711e-11,1.0398e-11,6.2813e-12
8.6928e-12,6.3114e-12,5.8682e-12
6.2071e-12,1.0001e-11,1.5574e-11
6.4131e-12,7.2843e-12,8.0844e-12
4.6263e-11,1.7765e-11,3.7825e-11
2.5166e-11,1.5113e-11,2.0545e-11
2.9663e-11,1.6512e-11,3.0294e-11
2.2298e-11,1.1067e-11,2.1659e-11
3.3664e-11,2.0391e-11,3.9308e-11
2.3918e-11,1.3988e-11,2.685e-11
2.6041e-11,2.0348e-11,1.6105e-11
2.2361e-11,1.7931e-11,1.3863e-11
1.3039e-11,9.1351e-12,1.2878e-11
1.6184e-11,9.8373e-12,1.8702e-11
2.7443e-11,2.0056e-11,3.3288e-11
2.196e-11,2.0455e-11,1.3487e-11
2.0714e-11,1.4913e-11,2.4827e-11
1.2376e-11,1.0079e-11,9.5474e-12
9.7927e-12,8.3285e-12,1.2705e-11
2.0869e-11,1.8413e-11,1.2882e-11
2.0733e-11,1.9063e-11,2.639e-11
2.7706e-11,2.7141e-11,1.7006e-11
1.1435e-11,1.0862e-11,1.3559e-11
2.9898e-11,2.9114e-11,1.7745e-11
8.3514e-12,1.1565e-11,1.2929e-11
8.5231e-12,6.4688e-12,1.0881e-11
1.4381e-11,1.8239e-11,2.3183e-11
1.6705e-11,3.1958e-11,3.5705e-11
1.7205e-11,3.9474e-11,3.8874e-11
9.8885e-12,1.6756e-11,2.2183e-11
1.3542e-11,4.4153e-11,3.7526e-11
7.5749e-12,1.3057e-11,1.8626e-11
1.2733e-11,3.8111e-11,3.1649e-11
1.6624e-11,2.512e-11,2.1471e-11
8.038e-12,5.5471e-12,6.6232e-12
9.3804e-12,8.6188e-12,4.5538e-12
7.6064e-12,5.5362e-12,6.3981e-12
1.0911e-11,1.0946e-11,4.6174e-12
6.0734e-12,2.8082e-11,2.3753e-11
4.8961e-12,1.7224e-11,1.6002e-11
7.6159e-12,1.0511e-11,1.2564e-11
7.427e-12,7.6579e-12,6.8861e-12
7.6167e-12,5.3592e-12,2.4266e-12
1.2083e-11,1.0756e-11,8.8796e-12
1.558e-11,1.5699e-11,8.0167e-12
4.3397e-11,1.8958e-11,3.868e-11
4.6441e-11,1.8924e-11,3.564e-11
2.7352e-11,1.5529e-11,2.4794e-11
2.6776e-11,1.3963e-11,2.5735e-11
2.1248e-11,1.1604e-11,1.8589e-11
2.574e-11,1.748e-11,1.6885e-11
1.6057e-11,1.0286e-11,1.3065e-11
2.6622e-11,1.5635e-11,2.8907e-11
3.3851e-11,3.2514e-11,2.1652e-11
3.0051e-11,2.1561e-11,3.6398e-11
2.3797e-11,2.1648e-11,1.4713e-11
2.1795e-11,1.7844e-11,1.4758e-11
3.1301e-11,2.9846e-11,1.9614e-11
1.315e-11,1.1262e-11,1.1682e-11
1.3467e-11,7.5319e-12,7.5416e-12
1.2697e-11,8.5223e-12,1.0176e-11
1.0303e-11,1.1207e-11,1.2353e-11
1.0286e-11,1.0596e-11,1.4521e-11
1.4322e-11,1.1666e-11,1.7898e-11
1.5998e-11,1.3858e-11,2.1246e-11
3.0233e-11,3.299e-11,4.3858e-11
1.2107e-11,7.1046e-12,6.665e-12
1.1675e-11,6.5965e-12,6.7711e-12
1.6827e-11,3.353e-11,3.1741e-11
1.0113e-11,1.0095e-11,4.7197e-12
9.0902e-12,1.4269e-11,1.3011e-11
3.0211e-11,3.2151e-11,1.5507e-11
1.2969e-11,1.2857e-11,6.0846e-12
1.8831e-11,4.0896e-11,3.7774e-11
8.3604e-12,1.2963e-11,1.734e-11
1.451e-11,4.1732e-11,3.6124e-11
1.6466e-11,1.8408e-11,7.9085e-12
9.3719e-12,8.7685e-12,5.2647e-12
7.4796e-12,1.0553e-11,1.7864e-11
9.3732e-12,1.0992e-11,2.0846e-11
1.4533e-11,1.5988e-11,6.703e-12
7.9513e-12,2.4353e-11,2.0088e-11
8.1475e-12,1.9078e-11,1.6968e-11
1.0331e-11,4.5359e-11,3.777e-11
6.3686e-12,1.0395e-11,1.2152e-11
8.1602e-12,6.1363e-12,4.7062e-12
5.0496e-12,1.7594e-11,1.6172e-11
2.8168e-11,3.2019e-11,1.1883e-11
5.9568e-12,6.9797e-12,1.1064e-11
4.4934e-12,6.7908e-12,8.5815e-12
4.0324e-12,7.2302e-12,1.1045e-11
7.5366e-12,8.345e-12,6.2531e-12
1.6734e-11,1.6806e-11,7.8268e-12
5.7182e-12,1.1496e-11,1.5762e-11
1.0515e-11,8.8786e-12,3.9896e-12
4.1445e-11,1.7463e-11,3.6284e-11
3.9358e-11,1.788e-11,3.5223e-11
4.3772e-11,1.9562e-11,3.6018e-11
3.9509e-11,1.8205e-11,3.149e-11
3.6552e-11,1.7313e-11,2.8051e-11
4.0345e-11,2.2774e-11,3.1517e-11
2.9767e-11,1.6127e-11,2.5426e-11
4.4205e-11,2.8549e-11,3.2388e-11
2.776e-11,1.5989e-11,1.9278e-11
3.9918e-11,2.683e-11,2.9214e-11
2.4972e-11,1.6596e-11,1.709e-11
2.1747e-11,1.2898e-11,1.9217e-11
3.1928e-11,1.7226e-11,3.1914e-11
3.6782e-11,2.1305e-11,4.0488e-11
1.6886e-11,1.1103e-11,1.7291e-11
1.7831e-11,1.1406e-11,1.2607e-11
1.5671e-11,1.0746e-11,1.0864e-11
2.0181e-11,1.365e-11,1.2421e-11
2.9979e-11,2.6961e-11,1.7594e-11
1.5756e-11,1.0453e-11,1.0634e-11
2.3829e-11,1.7741e-11,3.0777e-11
1.475e-11,9.1985e-12,7.7255e-12
1.2184e-11,9.262e-12,1.5155e-11
2.0128e-11,1.5286e-11,2.5337e-11
1.1176e-11,8.0915e-12,9.8595e-12
1.0988e-11,7.5961e-12,1.0233e-11
3.0739e-11,2.8202e-11,4.0424e-11
1.9043e-11,1.6394e-11,1.0833e-11
1.0952e-11,8.8459e-12,1.3629e-11
9.6405e-12,1.1798e-11,1.3707e-11
2.8184e-11,3.5233e-11,4.7443e-11
2.1522e-11,2.0176e-11,2.7772e-11
9.7161e-12,8.901e-12,1.2132e-11
9.5875e-12,8.3777e-12,1.1344e-11
1.1858e-11,6.7941e-12,7.7638e-12
8.4726e-12,7.3404e-12,1.0497e-11
2.0736e-11,2.182e-11,1.1508e-11
1.5079e-11,3.873e-11,3.8619e-11
3.0006e-11,3.0634e-11,1.5332e-11
1.0471e-11,1.0782e-11,1.325e-11
1.1721e-11,2.2861e-11,2.4273e-11
1.1147e-11,1.0969e-11,8.3982e-12
9.1265e-12,1.0893e-11,1.4532e-11
1.4575e-11,1.5944e-11,7.0856e-12
1.596e-11,1.9452e-11,1.0667e-11
1.9564e-11,2.2063e-11,1.009e-11
1.8753e-11,2.1079e-11,9.3956e-12
1.9811e-11,2.221e-11,1.0011e-11
7.9641e-12,6.3538e-12,3.8502e-12
8.5e-12,6.4027e-12,6.0752e-12
8.1479e-12,7.1589e-12,5.2647e-12
9.9651e-12,1.1013e-11,8.3755e-12
7.3355e-12,5.6502e-12,5.1593e-12
8.886e-12,7.2098e-12,5.1117e-12
9.6513e-12,8.5102e-12,4.4074e-12
1.2483e-11,1.1685e-11,4.7801e-12
8.531e-12,1.5073e-11,1.6724e-11
7.6368e-12,4.0804e-11,3.4707e-11
9.7545e-12,1.0289e-11,2.9089e-12
2.5232e-11,2.6945e-11,1.1199e-11
4.7293e-12,6.7021e-12,9.3599e-12
5.3701e-12,6.3229e-12,7.5155e-12
6.1808e-12,8.4738e-12,4.2438e-12
4.1732e-12,1.0307e-11,1.0989e-11
9.3368e-12,8.4248e-12,4.3684e-12
9.0866e-12,6.4484e-12,5.2245e-12
1.2598e-11,1.1028e-11,7.9493e-12
1.0117e-11,7.8821e-12,5.2952e-12
3.961e-11,1.755e-11,3.2602e-11
4.5991e-11,2.3347e-11,3.8439e-11
3.4436e-11,2.3457e-11,2.4118e-11
2.4234e-11,1.4171e-11,2.1709e-11
2.3902e-11,1.5108e-11,2.5859e-11
1.6237e-11,1.1044e-11,1.7534e-11
2.9277e-11,2.1161e-11,3.7158e-11
1.198e-11,9.7814e-12,1.1668e-11
1.316e-11,1.2338e-11,9.604e-12
1.2971e-11,1.0187e-11,8.4244e-12
2.9802e-11,2.6605e-11,3.6094e-11
1.1358e-11,1.0611e-11,1.4389e-11
1.3452e-11,1.3799e-11,1.623e-11
8.8328e-12,8.4395e-12,1.0473e-11
1.3317e-11,1.257e-11,1.5156e-11
1.4758e-11,1.4582e-11,8.3471e-12
2.5591e-11,2.547e-11,1.2989e-11
1.2386e-11,2.4574e-11,2.539e-11
2.2073e-11,2.4902e-11,1.1591e-11
8.5455e-12,1.0868e-11,1.4633e-11
1.4218e-11,1.7263e-11,7.115e-12
8.3278e-12,9.0717e-12,5.1991e-12
9.8115e-12,7.3691e-12,4.5483e-12
7.6266e-12,7.7052e-12,6.3825e-12
1.5311e-11,1.5852e-11,6.9562e-12
2.8946e-11,3.2132e-11,1.2119e-11
2.5283e-11,2.6507e-11,1.1227e-11
6.4509e-12,2.7193e-11,2.2679e-11
7.4593e-12,3.2388e-11,2.6795e-11
8.7173e-12,7.6764e-12,3.9981e-12
4.8508e-12,8.0331e-12,1.2733e-11
7.1116e-12,7.25e-12,1.2167e-11
3.5926e-12,8.3198e-12,1.0261e-11
4.8268e-12,1.2519e-11,1.4948e-11
8.1202e-12,1.5759e-11,1.5676e-11
8.585e-12,6.8995e-12,4.4041e-12
9.74e-12,8.3449e-12,3.6443e-12
7.6942e-12,1.0681e-11,8.0748e-12
3.5432e-11,1.6979e-11,3.1668e-11
3.4192e-11,1.8093e-11,3.4214e-11
2.5794e-11,1.9176e-11,2.0768e-11
3.1177e-11,1.4594e-11,2.6766e-11
2.245e-11,1.3685e-11,2.419e-11
1.9341e-11,1.1786e-11,1.797e-11
2.6058e-11,1.6149e-11,2.8639e-11
2.0569e-11,1.2193e-11,1.2721e-11
3.5259e-11,2.0332e-11,3.8244e-11
3.1616e-11,1.8721e-11,3.4894e-11
3.4914e-11,2.1823e-11,4.0287e-11
2.8164e-11,2.1236e-11,1.6788e-11
1.8909e-11,1.2635e-11,1.4827e-11
2.8585e-11,1.7924e-11,3.2249e-11
1.4528e-11,9.885e-12,1.2974e-11
2.3001e-11,1.3782e-11,2.1721e-11
3.1143e-11,2.8175e-11,1.7859e-11
1.3616e-11,1.1736e-11,9.2926e-12
3.0636e-11,2.3016e-11,3.7607e-11
1.181e-11,9.549e-12,1.4685e-11
1.3323e-11,9.971e-12,1.7248e-11
1.913e-11,1.4146e-11,9.7863e-12
1.3112e-11,8.6268e-12,9.6883e-12
1.1692e-11,1.0542e-11,1.0342e-11
2.3603e-11,2.2458e-11,1.3904e-11
1.1404e-11,8.8203e-12,9.6895e-12
1.4777e-11,1.3237e-11,2.036e-11
1.8684e-11,1.6605e-11,2.2066e-11
1.098e-11,1.0172e-11,1.4081e-11
1.0544e-11,1.0085e-11,1.416e-11
9.4352e-12,9.3747e-12,1.2053e-11
7.9418e-12,7.2972e-12,1.0076e-11
8.6473e-12,1.0417e-11,1.2348e-11
1.3583e-11,1.3461e-11,6.6656e-12
1.2636e-11,1.9635e-11,2.1474e-11
1.5977e-11,1.7745e-11,7.5484e-12
9.6866e-12,2.4211e-11,2.2714e-11
1.7157e-11,1.8279e-11,8.0609e-12
1.2695e-11,1.303e-11,6.1276e-12
9.5225e-12,1.1082e-11,6.007e-12
8.7278e-12,3.5294e-11,2.8191e-11
8.7874e-12,5.4713e-12,4.0799e-12
6.4765e-12,5.4026e-12,3.9246e-12
4.5846e-12,2.1592e-11,1.8694e-11
4.1346e-12,2.196e-11,1.8761e-11
5.5092e-12,9.8602e-12,1.5898e-11
6.7769e-12,6.9299e-12,6.8299e-12
1.7914e-11,1.8056e-11,7.8053e-12
7.9689e-12,1.374e-11,1.6296e-11
8.5883e-12,6.2023e-12,4.1582e-12
6.7053e-12,9.4058e-12,7.9829e-12
4.4187e-11,1.9588e-11,3.8198e-11
4.1346e-11,1.9036e-11,3.4539e-11
4.0124e-11,1.8921e-11,3.5364e-11
3.5959e-11,1.6503e-11,2.8392e-11
4.4004e-11,2.2873e-11,3.2672e-11
3.4526e-11,1.828e-11,3.3497e-11
2.3766e-11,1.4907e-11,1.4822e-11
1.8587e-11,1.3853e-11,1.7473e-11
1.7124e-11,1.1083e-11,1.328e-11
1.5805e-11,1.2261e-11,1.2268e-11
2.741e-11,2.0184e-11,1.5897e-11
2.3978e-11,1.6739e-11,1.5646e-11
1.9624e-11,1.3045e-11,1.5922e-11
2.6058e-11,1.7981e-11,3.1855e-11
3.2083e-11,2.8284e-11,2.0155e-11
1.9766e-11,1.3526e-11,2.4981e-11
2.7854e-11,2.0616e-11,3.6069e-11
1.3406e-11,9.2746e-12,1.2007e-11
1.3465e-11,1.0404e-11,1.6749e-11
1.5573e-11,1.1832e-11,1.9533e-11
1.3638e-11,1.1899e-11,1.7655e-11
3.0282e-11,2.8315e-11,1.8873e-11
1.4045e-11,1.259e-11,1.8075e-11
3.1704e-11,3.676e-11,4.7855e-11
1.2875e-11,7.8733e-12,6.9095e-12
2.1646e-11,2.6481e-11,3.1764e-11
2.5181e-11,3.5415e-11,4.3161e-11
1.5094e-11,1.0112e-11,8.2932e-12
1.3054e-11,8.5713e-12,6.6013e-12
1.4312e-11,1.1109e-11,9.9283e-12
1.4833e-11,1.3111e-11,9.013e-12
1.048e-11,1.0227e-11,1.159e-11
8.2293e-12,8.8593e-12,1.0879e-11
1.5922e-11,1.7697e-11,2.0333e-11
1.1641e-11,7.2736e-12,7.4977e-12
1.2291e-11,7.4943e-12,6.8913e-12
9.1888e-12,9.7954e-12,1.2521e-11
1.1745e-11,6.592e-12,5.6266e-12
1.9503e-11,2.1359e-11,1.0503e-11
1.2726e-11,2.2326e-11,2.5405e-11
9.3611e-12,1.1164e-11,1.2348e-11
7.1154e-12,1.0232e-11,1.3292e-11
9.7186e-12,8.6491e-12,4.4657e-12
7.1002e-12,1.1149e-11,1.4135e-11
9.4279e-12,2.4313e-11,2.3127e-11
1.3968e-11,1.5438e-11,7.034e-12
9.2884e-12,2.7974e-11,2.5201e-11
8.3535e-12,3.3242e-11,2.7082e-11
8.4265e-12,9.3446e-12,6.7757e-12
8.2771e-12,6.5793e-12,5.5582e-12
7.4873e-12,2.0718e-11,1.7222e-11
7.5497e-12,1.0848e-11,1.3687e-11
7.6251e-12,4.2688e-11,3.4376e-11
1.167e-11,9.4519e-12,6.6469e-12
7.0757e-12,1.3608e-11,1.8661e-11
8.2004e-12,7.3839e-12,5.0893e-12
8.0883e-12,7.3711e-12,1.1772e-11
1.3465e-11,1.1619e-11,6.8121e-12
6.3532e-12,7.2133e-12,9.6121e-12
7.56e-12,5.2687e-12,4.1517e-12
7.4061e-12,5.018e-12,2.3638e-12
3.196e-11,1.7263e-11,2.7409e-11
4.2315e-11,2.4729e-11,2.9389e-11
2.8009e-11,1.6581e-11,2.3404e-11
2.2247e-11,1.3047e-11,1.9261e-11
2.0197e-11,1.3132e-11,1.7517e-11
3.4189e-11,1.8654e-11,3.1234e-11
3.6898e-11,2.1229e-11,3.8584e-11
2.1465e-11,1.2825e-11,1.474e-11
1.9881e-11,1.3298e-11,1.7933e-11
2.2126e-11,1.1778e-11,1.7655e-11
3.7485e-11,2.9168e-11,2.3064e-11
1.5355e-11,1.1538e-11,1.1736e-11
1.6017e-11,1.4586e-11,1.6926e-11
2.7741e-11,1.8011e-11,3.2302e-11
3.2242e-11,2.2742e-11,4.0187e-11
1.8494e-11,1.3308e-11,2.3576e-11
2.5293e-11,1.9334e-11,3.2572e-11
1.3573e-11,8.9383e-12,8.2273e-12
1.3318e-11,8.9981e-12,7.5425e-12
1.7105e-11,1.668e-11,2.2016e-11
1.3655e-11,8.2317e-12,9.5599e-12
1.3291e-11,8.2102e-12,6.8036e-12
9.3818e-12,1.0033e-11,1.1224e-11
8.1278e-12,8.297e-12,1.0342e-11
1.0094e-11,9.9569e-12,1.1465e-11
1.8217e-11,2.4149e-11,2.8121e-11
1.8349e-11,1.9796e-11,1.0734e-11
1.2146e-11,8.6134e-12,7.4851e-12
1.1523e-11,1.4705e-11,1.5617e-11
1.8536e-11,2.0723e-11,8.5214e-12
1.586e-11,1.7866e-11,7.7043e-12
2.4023e-11,2.6144e-11,1.0513e-11
8.3979e-12,6.544e-12,3.4517e-12
8.4762e-12,7.2013e-12,5.4755e-12
9.2094e-12,3.609e-11,2.8643e-11
7.2707e-12,6.7823e-12,4.9976e-12
5.9609e-12,9.5025e-12,1.303e-11
8.7435e-12,3.2452e-11,2.6071e-11
1.1945e-11,1.0541e-11,5.3802e-12
5.8159e-12,3.7555e-11,3.2229e-11
1.6218e-11,1.5754e-11,7.2958e-12
6.1032e-12,1.4334e-11,1.4849e-11
7.2017e-12,7.4635e-12,3.8796e-12
6.0569e-12,6.0089e-12,4.9404e-12
2.6583e-11,1.6451e-11,2.4814e-11
2.3937e-11,1.4597e-11,2.0074e-11
2.5268e-11,1.5579e-11,2.4606e-11
2.1269e-11,1.2549e-11,1.7678e-11
2.9373e-11,1.7204e-11,2.7246e-11
2.1747e-11,1.4834e-11,1.7078e-11
2.0622e-11,1.3965e-11,1.4404e-11
1.9613e-11,1.2663e-11,1.8094e-11
2.5495e-11,1.6243e-11,2.7875e-11
1.6108e-11,1.292e-11,1.771e-11
1.4431e-11,1.2039e-11,1.5426e-11
1.5742e-11,1.1057e-11,1.8428e-11
2.5534e-11,1.8953e-11,1.3843e-11
2.6093e-11,2.1116e-11,1.619e-11
1.8176e-11,1.1757e-11,1.1482e-11
2.6383e-11,2.0803e-11,3.3893e-11
1.8634e-11,1.5796e-11,1.9732e-11
1.8948e-11,1.3961e-11,1.0442e-11
3.0344e-11,2.452e-11,3.652e-11
1.4896e-11,8.6693e-12,7.5173e-12
1.5223e-11,1.2277e-11,1.9561e-11
1.4925e-11,1.2599e-11,1.9324e-11
1.4017e-11,1.1919e-11,1.7658e-11
3.0168e-11,3.2721e-11,4.3787e-11
1.2107e-11,9.8185e-12,1.0382e-11
1.4418e-11,1.2552e-11,1.8705e-11
1.9479e-11,1.7866e-11,2.5224e-11
2.0965e-11,2.0939e-11,2.7485e-11
3.167e-11,3.9448e-11,4.702e-11
2.0665e-11,1.7938e-11,1.1176e-11
9.1941e-12,1.0041e-11,1.2224e-11
1.3781e-11,1.4116e-11,1.9451e-11
1.1397e-11,7.4842e-12,8.4257e-12
1.1053e-11,1.038e-11,1.4314e-11
1.3615e-11,1.1838e-11,1.5677e-11
2.1185e-11,2.7429e-11,3.1471e-11
1.4536e-11,1.2612e-11,1.0491e-11
1.163e-11,7.6809e-12,8.6254e-12
8.8686e-12,9.2917e-12,1.1427e-11
2.8173e-11,2.6631e-11,1.2959e-11
1.0404e-11,1.495e-11,1.5819e-11
1.6389e-11,1.8006e-11,7.8531e-12
1.0911e-11,1.109e-11,5.5408e-12
1.7936e-11,1.9919e-11,8.3983e-12
4.8319e-12,1.0258e-11,1.6336e-11
5.3336e-12,1.3075e-11,1.5105e-11
5.227e-12,8.5702e-12,1.32e-11
8.6079e-12,7.9867e-12,5.3728e-12
6.3725e-12,7.0693e-12,6.8906e-12
7.2048e-12,2.3645e-11,1.9292e-11
4.2919e-11,2.0986e-11,3.4991e-11
4.0657e-11,2.282e-11,2.9884e-11
3.6805e-11,2.0683e-11,2.602e-11
3.5613e-11,2.1721e-11,2.6337e-11
3.4014e-11,1.8887e-11,3.1405e-11
4.1748e-11,3.0956e-11,2.5538e-11
2.1897e-11,1.3233e-11,1.9669e-11
2.2919e-11,1.3879e-11,1.5292e-11
2.301e-11,1.2935e-11,1.7812e-11
2.9217e-11,1.9711e-11,3.0759e-11
2.9056e-11,1.7472e-11,2.7796e-11
1.883e-11,1.2847e-11,1.9579e-11
2.229e-11,1.3594e-11,2.1708e-11
3.2001e-11,2.5256e-11,3.871e-11
2.2904e-11,1.9651e-11,1.2101e-11
1.6929e-11,1.0222e-11,9.1425e-12
1.4782e-11,1.4847e-11,2.0912e-11
1.2404e-11,8.1068e-12,7.588e-12
9.3708e-12,1.1689e-11,1.2222e-11
1.2481e-11,9.2434e-12,7.6975e-12
8.8377e-12,9.9416e-12,1.1533e-11
1.8304e-11,2.6669e-11,2.9401e-11
1.129e-11,8.5936e-12,8.4365e-12
1.2991e-11,7.8616e-12,6.6815e-12
1.7622e-11,2.2926e-11,2.5014e-11
1.2464e-11,1.5396e-11,1.6451e-11
1.2267e-11,1.4238e-11,9.1581e-12
1.1706e-11,1.9892e-11,2.0824e-11
2.6855e-11,2.6106e-11,1.2506e-11
1.2162e-11,2.7245e-11,2.6247e-11
1.0383e-11,1.5478e-11,1.5469e-11
1.3135e-11,1.4742e-11,6.3927e-12
1.0835e-11,3.1321e-11,2.5257e-11
8.6635e-12,6.1957e-12,3.0494e-12
8.1914e-12,8.4632e-12,7.1526e-12
5.7127e-12,1.1932e-11,1.3186e-11
1.1317e-11,1.0351e-11,1.4946e-11
7.3257e-12,1.947e-11,1.7858e-11
7.6259e-12,5.2454e-12,2.3374e-12
1.0952e-11,1.4056e-11,1.4246e-11
7.5584e-12,1.4339e-11,1.8465e-11
7.3333e-12,4.3746e-11,3.5271e-11
6.2305e-12,1.7101e-11,1.7028e-11
1.0431e-11,9.1498e-12,3.2264e-12
5.2053e-12,9.6114e-12,1.6433e-11
6.992e-12,1.6904e-11,1.6251e-11
6.1875e-12,2.2864e-11,1.8364e-11
8.2426e-12,9.6117e-12,5.5956e-12
5.9477e-12,6.6385e-12,6.3702e-12
8.1329e-12,7.1661e-12,6.1034e-12
6.1845e-12,5.8738e-12,4.1916e-12
7.0618e-12,6.0069e-12,4.7097e-12
3.3894e-11,1.8091e-11,2.6243e-11
2.7691e-11,1.8808e-11,2.4583e-11
4.3024e-11,2.7453e-11,2.8986e-11
3.2063e-11,1.8588e-11,3.0179e-11
2.8389e-11,2.2681e-11,2.0507e-11
3.5437e-11,1.9958e-11,3.5703e-11
2.1331e-11,1.2244e-11,1.7841e-11
1.9157e-11,1.6533e-11,1.7227e-11
2.024e-11,1.2876e-11,1.7407e-11
2.1624e-11,1.3754e-11,1.3044e-11
1.7846e-11,1.2125e-11,1.336e-11
1.4238e-11,1.0422e-11,1.4738e-11
1.8446e-11,1.0982e-11,9.8879e-12
1.43e-11,9.1209e-12,1.0869e-11
2.6161e-11,2.1707e-11,3.3814e-11
2.1647e-11,1.6729e-11,1.0883e-11
2.0055e-11,1.8421e-11,2.575e-11
9.9144e-12,8.968e-12,1.135e-11
1.4766e-11,1.0653e-11,7.746e-12
1.6039e-11,1.5081e-11,2.0785e-11
1.2682e-11,8.9589e-12,7.1886e-12
1.7818e-11,1.9847e-11,2.3502e-11
1.1866e-11,8.4089e-12,6.736e-12
8.7585e-12,1.0941e-11,1.1975e-11
1.4404e-11,1.6739e-11,1.8327e-11
1.1712e-11,9.1949e-12,8.4444e-12
9.0794e-12,1.0611e-11,1.1985e-11
2.6718e-11,2.6087e-11,1.3418e-11
1.6541e-11,1.5643e-11,9.6956e-12
1.1822e-11,7.0163e-12,4.7985e-12
1.2128e-11,7.1046e-12,5.1905e-12
2.3054e-11,2.3664e-11,1.2044e-11
9.9177e-12,1.5825e-11,1.6592e-11
1.2367e-11,1.3549e-11,5.6217e-12
1.0316e-11,1.056e-11,5.1158e-12
1.0755e-11,3.3703e-11,2.8483e-11
2.4737e-11,2.6896e-11,1.0939e-11
2.318e-11,2.5368e-11,1.0725e-11
1.287e-11,4.363e-11,3.2817e-11
1.139e-11,1.2348e-11,5.4054e-12
2.2754e-11,2.39e-11,1.0282e-11
7.2052e-12,5.8709e-12,4.8154e-12
8.4384e-12,9.5144e-12,7.504e-12
7.5214e-12,1.0123e-11,1.1264e-11
8.3938e-12,7.2604e-12,3.0439e-12
5.7429e-12,9.4731e-12,1.2413e-11
9.329e-12,1.9104e-11,1.7e-11
2.2622e-11,2.3061e-11,1.0547e-11
1.207e-11,1.1523e-11,5.6887e-12
6.3353e-12,8.9188e-12,1.3351e-11
5.6736e-12,2.9597e-11,2.4018e-11
2.0043e-11,1.9488e-11,8.6933e-12
2.0251e-11,1.9891e-11,8.8835e-12
3.8185e-12,3.0567e-11,2.5815e-11
4.6887e-12,1.509e-11,1.4269e-11
6.77e-12,7.0201e-12,6.2718e-12
5.611e-12,6.8356e-12,7.6137e-12
3.8281e-11,2.1979e-11,3.3991e-11
3.7014e-11,1.9301e-11,3.1779e-11
4.4582e-11,2.5632e-11,2.8761e-11
3.1826e-11,1.9715e-11,2.5047e-11
3.814e-11,2.4413e-11,2.397e-11
2.9786e-11,1.871e-11,2.7219e-11
3.2231e-11,2.0021e-11,3.299e-11
1.531e-11,1.0841e-11,1.4376e-11
1.5469e-11,1.1804e-11,1.7677e-11
1.5486e-11,1.1569e-11,1.8123e-11
3.3538e-11,2.9054e-11,1.86e-11
1.8887e-11,1.5014e-11,2.3559e-11
1.5948e-11,1.3571e-11,9.3285e-12
3.0578e-11,2.9252e-11,1.7441e-11
1.455e-11,1.2502e-11,8.6898e-12
2.8762e-11,3.7901e-11,4.4252e-11
2.6484e-11,3.4526e-11,3.8471e-11
2.2496e-11,2.1782e-11,1.2349e-11
9.45e-12,1.0769e-11,1.2441e-11
1.3572e-11,8.4222e-12,6.9521e-12
8.9832e-12,1.1041e-11,1.2246e-11
9.4973e-12,9.0233e-12,1.0601e-11
1.9446e-11,3.5991e-11,3.5162e-11
2.1227e-11,2.1762e-11,1.1541e-11
2.3991e-11,2.339e-11,1.2111e-11
2.2716e-11,2.3074e-11,1.0868e-11
7.4032e-12,1.1518e-11,1.1168e-11
7.262e-12,1.1569e-11,1.0962e-11
1.0678e-11,1.8641e-11,1.7503e-11
1.3352e-11,4.35e-11,3.5056e-11
7.3717e-12,1.1909e-11,1.2135e-11
1.7514e-11,1.9045e-11,7.8431e-12
1.1385e-11,4.8406e-11,3.645e-11
8.7871e-12,9.1799e-12,4.7753e-12
8.5581e-12,7.8397e-12,4.1327e-12
8.8826e-12,9.9963e-12,1.3917e-11
7.7874e-12,1.8984e-11,1.8415e-11
7.5376e-12,7.7078e-12,8.1572e-12
7.9476e-12,7.8059e-12,1.0832e-11
6.5415e-12,2.5002e-11,1.9537e-11
7.8003e-12,5.9738e-12,6.3998e-12
7.8094e-12,5.8769e-12,4.1673e-12
7.9527e-12,5.8119e-12,5.3448e-12
6.8258e-12,5.6658e-12,2.7773e-12
5.3296e-12,9.27e-12,1.3597e-11
6.8833e-12,1.8281e-11,1.6673e-11
1.0771e-11,6.7991e-12,4.8293e-12
5.9099e-12,8.1417e-12,9.4086e-12
3.9924e-12,3.1616e-11,2.6784e-11
3.6973e-12,3.5961e-11,3.0353e-11
6.3866e-12,7.3834e-12,7.2741e-12
4.2098e-11,2.1471e-11,3.4737e-11
3.8543e-11,2.1263e-11,3.2461e-11
3.8658e-11,2.2287e-11,2.9844e-11
3.9335e-11,2.3769e-11,2.8897e-11
3.3284e-11,1.9372e-11,2.521e-11
3.3436e-11,1.872e-11,2.7092e-11
4.5041e-11,2.6249e-11,2.8812e-11
2.7965e-11,1.8368e-11,2.6045e-11
2.5263e-11,1.5651e-11,1.3533e-11
2.538e-11,1.6704e-11,1.3924e-11
3.2681e-11,2.7583e-11,1.7641e-11
2.3729e-11,1.7745e-11,1.1307e-11
1.3085e-11,9.8962e-12,1.4335e-11
1.4595e-11,1.3326e-11,8.6248e-12
1.5723e-11,1.3026e-11,9.7078e-12
2.8829e-11,2.6145e-11,1.6885e-11
1.4046e-11,1.3518e-11,1.7653e-11
1.7518e-11,1.1572e-11,8.075e-12
1.5407e-11,1.5897e-11,2.0984e-11
9.6982e-12,1.146e-11,1.2329e-11
9.2011e-12,8.9542e-12,1.0833e-11
1.8256e-11,1.5852e-11,9.1032e-12
1.3056e-11,1.3875e-11,1.6948e-11
1.6747e-11,3.8424e-11,3.4652e-11
2.5372e-11,2.4866e-11,1.2444e-11
1.2401e-11,8.1228e-12,5.0393e-12
1.2645e-11,9.8306e-12,6.1856e-12
1.2041e-11,9.5061e-12,6.2017e-12
1.6035e-11,3.6687e-11,3.1005e-11
1.1804e-11,1.0299e-11,5.4602e-12
1.0629e-11,2.2106e-11,2.2651e-11
9.4086e-12,8.5141e-12,4.7864e-12
8.5084e-12,6.3941e-12,4.4735e-12
2.3946e-11,2.5279e-11,1.1221e-11
7.85e-12,3.3912e-11,2.6599e-11
9.6156e-12,4.3886e-11,3.386e-11
6.9526e-12,1.028e-11,1.0845e-11
7.2934e-12,5.9681e-12,4.3896e-12
9.8691e-12,1.1362e-11,5.0255e-12
8.7931e-12,8.0422e-12,4.566e-12
1.1348e-11,9.9851e-12,3.3775e-12
8.8292e-12,7.8323e-12,4.2038e-12
6.9951e-12,6.5286e-12,9.7338e-12
6.7187e-12,6.5798e-12,5.565e-12
5.3643e-12,9.0603e-12,1.1686e-11
5.4923e-12,8.9652e-12,1.2796e-11
5.5225e-12,6.8528e-12,7.4302e-12
6.5054e-12,6.002e-12,4.2541e-12
6.5173e-12,1.0406e-11,1.2942e-11
7.0635e-12,7.3026e-12,6.0684e-12
3.3021e-11,1.9467e-11,2.6841e-11
3.508e-11,2.3346e-11,2.3341e-11
3.123e-11,2.0176e-11,2.9016e-11
3.0244e-11,2.0636e-11,2.2278e-11
2.9519e-11,1.9164e-11,2.2218e-11
3.0824e-11,1.6816e-11,2.5171e-11
3.3069e-11,2.1202e-11,1.8649e-11
2.8441e-11,1.8967e-11,1.9288e-11
2.8024e-11,1.7364e-11,2.6126e-11
2.1238e-11,1.371e-11,1.9267e-11
2.0387e-11,1.32e-11,1.6098e-11
1.7761e-11,1.2497e-11,1.0831e-11
1.6352e-11,1.264e-11,1.8585e-11
2.9222e-11,2.4149e-11,3.7484e-11
1.1725e-11,1.0632e-11,1.3643e-11
1.5532e-11,1.292e-11,1.8284e-11
2.096e-11,1.6894e-11,1.0302e-11
1.5632e-11,1.4201e-11,1.9542e-11
9.7541e-12,9.787e-12,1.1695e-11
2.0952e-11,3.5722e-11,3.5035e-11
1.8289e-11,2.1393e-11,2.4345e-11
1.3784e-11,1.0088e-11,6.6405e-12
1.1894e-11,8.3578e-12,8.8622e-12
1.191e-11,7.9884e-12,8.1285e-12
1.0093e-11,1.1732e-11,1.3188e-11
9.3641e-12,1.2844e-11,1.4902e-11
1.0712e-11,7.4874e-12,5.5357e-12
1.0694e-11,7.0446e-12,6.1923e-12
1.5333e-11,4.204e-11,3.298e-11
8.4074e-12,1.4502e-11,1.3293e-11
8.1897e-12,1.4069e-11,1.3766e-11
8.7176e-12,1.1479e-11,1.4541e-11
9.7459e-12,2.1746e-11,2.182e-11
7.7089e-12,6.8993e-12,5.5615e-12
7.2487e-12,6.8143e-12,3.6903e-12
6.6187e-12,8.8487e-12,1.1187e-11
1.0137e-11,3.3869e-11,2.7476e-11
8.8306e-12,9.9817e-12,1.4355e-11
6.4743e-12,2.3057e-11,2.0541e-11
1.2494e-11,1.3737e-11,5.5614e-12
8.1692e-12,7.6322e-12,3.6171e-12
7.4983e-12,5.8133e-12,3.7913e-12
6.9221e-12,7.1732e-12,7.5646e-12
6.5833e-12,8.9847e-12,1.2161e-11
7.2984e-12,5.5712e-12,2.8403e-12
5.6991e-12,7.6273e-12,9.09e-12
1.2482e-11,1.0765e-11,4.4749e-12
4.4408e-12,4.2457e-11,3.4677e-11
5.8253e-12,7.7486e-12,1.0148e-11
7.0065e-12,1.213e-11,1.5047e-11
7.4319e-12,5.906e-12,4.0364e-12
6.4195e-12,6.685e-12,7.2291e-12
5.6257e-12,1.7988e-11,1.6259e-11
6.0334e-12,1.4063e-11,1.5005e-11
1.4974e-11,1.335e-11,5.791e-12
7.854e-12,5.7123e-12,6.007e-12
7.5693e-12,5.6175e-12,4.9803e-12
7.3051e-12,6.0327e-12,4.7758e-12
3.8919e-11,2.2253e-11,2.9539e-11
4.0231e-11,2.4237e-11,2.9081e-11
3.6162e-11,2.2433e-11,2.5722e-11
2.5991e-11,1.9386e-11,2.2041e-11
3.1748e-11,1.9189e-11,3.0176e-11
2.425e-11,1.599e-11,1.9734e-11
2.7961e-11,1.731e-11,2.5046e-11
3.8675e-11,2.2366e-11,3.6475e-11
3.332e-11,2.2568e-11,3.4258e-11
2.0103e-11,1.3548e-11,1.4842e-11
1.9443e-11,1.2418e-11,1.1911e-11
1.8348e-11,1.2587e-11,1.8323e-11
2.5744e-11,1.9622e-11,3.3085e-11
2.559e-11,2.0645e-11,3.4115e-11
2.1427e-11,1.3018e-11,1.023e-11
1.2694e-11,1.1351e-11,1.5115e-11
1.1885e-11,1.123e-11,1.4515e-11
1.2852e-11,1.1635e-11,1.5401e-11
1.6087e-11,1.2608e-11,1.8696e-11
1.1994e-11,1.2203e-11,1.4709e-11
1.8357e-11,2.0102e-11,2.1638e-11
1.1107e-11,9.4112e-12,1.2198e-11
1.08e-11,1.2671e-11,1.2906e-11
1.8825e-11,2.1418e-11,2.4767e-11
1.3901e-11,8.6406e-12,6.8523e-12
1.1869e-11,9.2818e-12,8.3172e-12
1.3394e-11,1.5197e-11,1.8423e-11
2.1717e-11,4.2942e-11,3.8946e-11
1.1193e-11,8.7873e-12,8.3488e-12
1.835e-11,3.4704e-11,3.1735e-11
1.1929e-11,8.2694e-12,7.7108e-12
1.3856e-11,1.1971e-11,6.8859e-12
1.3772e-11,9.6524e-12,6.6401e-12
1.395e-11,8.8105e-12,6.2285e-12
1.8263e-11,4.3116e-11,3.5758e-11
1.0721e-11,6.8711e-12,4.5983e-12
1.5087e-11,1.7221e-11,6.704e-12
1.1741e-11,2.8333e-11,2.562e-11
1.3663e-11,5.1549e-11,3.8847e-11
1.8731e-11,2.0525e-11,8.3055e-12
1.0778e-11,5.0396e-11,3.9674e-11
9.2232e-12,7.1689e-12,3.6653e-12
6.0948e-12,8.2879e-12,8.6051e-12
9.5514e-12,4.6153e-11,3.5635e-11
8.387e-12,8.0161e-12,1.0002e-11
6.8756e-12,1.0091e-11,1.0326e-11
9.2381e-12,1.93e-11,1.6626e-11
9.7881e-12,1.5537e-11,1.8018e-11
6.5565e-12,3.6253e-11,2.8064e-11
2.4901e-11,2.4995e-11,1.1441e-11
1.0645e-11,1.5965e-11,1.7613e-11
5.8147e-12,6.9882e-12,6.4843e-12
6.9472e-12,7.4338e-12,1.0546e-11
7.7618e-12,6.7689e-12,6.1951e-12
5.1919e-12,1.7186e-11,1.5679e-11
3.8844e-11,2.1381e-11,3.1576e-11
3.4154e-11,2.0371e-11,2.6679e-11
4.1331e-11,2.6658e-11,2.6507e-11
3.8804e-11,2.5045e-11,2.3606e-11
4.5211e-11,3.0095e-11,2.8459e-11
2.9913e-11,1.9265e-11,2.6997e-11
2.2706e-11,1.6727e-11,2.3809e-11
2.2617e-11,1.6581e-11,2.315e-11
1.7254e-11,1.2e-11,1.278e-11
1.7846e-11,1.2921e-11,1.7923e-11
2.6376e-11,2.3778e-11,3.4068e-11
2.7286e-11,2.4162e-11,1.4363e-11
1.3228e-11,1.0004e-11,9.8244e-12
1.7533e-11,1.66e-11,2.2448e-11
1.0318e-11,9.0573e-12,1.1456e-11
1.0573e-11,1.1633e-11,1.3091e-11
1.0183e-11,1.0912e-11,1.2617e-11
1.8366e-11,2.5238e-11,2.5662e-11
2.277e-11,2.2131e-11,1.2239e-11
1.1407e-11,9.4361e-12,8.7275e-12
1.7669e-11,2.7788e-11,2.7458e-11
1.052e-11,1.4322e-11,1.4358e-11
1.2659e-11,1.2041e-11,5.7196e-12
1.6346e-11,1.7331e-11,7.7793e-12
1.0129e-11,7.1473e-12,3.9524e-12
1.3357e-11,5.0439e-11,3.8341e-11
9.9114e-12,1.5133e-11,1.7673e-11
9.5254e-12,1.8669e-11,1.7463e-11
1.6796e-11,1.7808e-11,9.2988e-12
1.2121e-11,1.293e-11,5.401e-12
8.5221e-12,7.8874e-12,6.1994e-12
6.7894e-12,6.577e-12,5.12e-12
2.0337e-11,2.0778e-11,9.0459e-12
2.6837e-11,2.6555e-11,1.2242e-11
7.1986e-12,7.9448e-12,6.4378e-12
7.7383e-12,4.8358e-11,3.7267e-11
2.4791e-11,2.4139e-11,1.1106e-11
6.767e-12,6.3777e-12,8.7626e-12
6.909e-12,8.2635e-12,9.497e-12
1.0677e-11,9.1231e-12,3.4975e-12
1.0493e-11,8.8031e-12,4.3291e-12
7.0505e-12,6.9872e-12,6.9987e-12
7.0555e-12,7.5192e-12,9.5352e-12
3.8577e-11,2.2056e-11,3.1457e-11
3.3683e-11,2.0985e-11,2.4876e-11
3.3112e-11,2.0948e-11,2.6982e-11
2.9891e-11,1.9424e-11,2.2546e-11
3.278e-11,2.0168e-11,3.1482e-11
3.6963e-11,2.3209e-11,3.5138e-11
3.1395e-11,2.0539e-11,2.977e-11
3.206e-11,2.1808e-11,3.1756e-11
3.0529e-11,2.3158e-11,1.6401e-11
1.6808e-11,1.3967e-11,1.6419e-11
1.9937e-11,1.2908e-11,1.8525e-11
1.4771e-11,1.2116e-11,1.7167e-11
1.5437e-11,1.2254e-11,1.0793e-11
3.0272e-11,2.8511e-11,1.6522e-11
1.8923e-11,1.2095e-11,9.4784e-12
1.7689e-11,1.1762e-11,1.0404e-11
1.9175e-11,2.4567e-11,2.5893e-11
1.3934e-11,2.0063e-11,1.9852e-11
1.7444e-11,3.2029e-11,2.9591e-11
1.1405e-11,1.8784e-11,1.7928e-11
1.0396e-11,7.3201e-12,3.9144e-12
2.2011e-11,2.3342e-11,1.151e-11
1.4938e-11,4.844e-11,3.9052e-11
2.5504e-11,2.7485e-11,1.0943e-11
8.7729e-12,1.295e-11,1.4721e-11
1.1127e-11,3.9648e-11,3.247e-11
8.2315e-12,6.7711e-12,8.053e-12
7.1037e-12,6.6912e-12,5.7499e-12
7.1753e-12,9.4158e-12,9.3369e-12
6.1561e-12,7.0877e-12,6.8316e-12
7.2208e-12,6.7322e-12,5.9157e-12
7.6007e-12,7.5073e-12,7.6062e-12
7.2814e-12,8.3173e-12,9.1821e-12
5.0243e-12,4.2249e-11,3.3727e-11
8.1018e-12,6.166e-12,3.6841e-12
8.8911e-12,5.6992e-12,5.1805e-12
6.0042e-12,7.4836e-12,8.1618e-12
8.7106e-12,5.7152e-12,4.1859e-12
8.1009e-12,6.2975e-12,4.563e-12
6.6963e-12,1.3215e-11,1.5352e-11
8.0155e-12,5.9389e-12,2.9729e-12
6.6266e-12,1.427e-11,1.6356e-11
9.0056e-12,6.9931e-12,4.5657e-12
1.6326e-11,1.4409e-11,6.268e-12
3.763e-11,2.2343e-11,3.0292e-11
3.8922e-11,2.3287e-11,2.8045e-11
3.0239e-11,2.11e-11,2.9876e-11
4.3129e-11,3.0325e-11,2.3927e-11
3.7199e-11,2.3538e-11,1.9997e-11
2.9825e-11,1.8912e-11,2.1031e-11
2.355e-11,1.6153e-11,1.8174e-11
2.9439e-11,2.1538e-11,2.8884e-11
2.7791e-11,1.825e-11,1.4788e-11
2.1502e-11,1.3537e-11,1.3867e-11
3.172e-11,2.1232e-11,3.6709e-11
3.0598e-11,2.2265e-11,3.6264e-11
1.9066e-11,1.3011e-11,1.2939e-11
2.6238e-11,2.1509e-11,3.2824e-11
2.0061e-11,1.9274e-11,2.6474e-11
1.6292e-11,1.184e-11,1.6655e-11
1.8214e-11,1.2522e-11,9.8448e-12
1.2168e-11,1.2649e-11,1.4755e-11
2.9557e-11,3.0815e-11,3.9207e-11
2.7081e-11,3.0517e-11,3.604e-11
2.6506e-11,2.426e-11,1.4461e-11
2.3009e-11,2.8554e-11,3.1437e-11
2.2938e-11,1.9735e-11,1.1671e-11
1.9351e-11,2.2647e-11,2.5195e-11
1.497e-11,9.452e-12,6.6201e-12
2.4977e-11,2.4338e-11,1.346e-11
1.5623e-11,2.8463e-11,2.6171e-11
1.085e-11,1.2262e-11,1.2247e-11
1.1683e-11,8.2216e-12,6.7475e-12
8.4705e-12,1.1466e-11,1.1044e-11
1.0133e-11,8.0876e-12,4.2406e-12
8.2693e-12,1.2965e-11,1.3896e-11
9.3763e-12,2.9143e-11,2.6604e-11
9.5814e-12,3.3697e-11,2.5778e-11
1.0455e-11,1.0263e-11,3.5707e-12
8.0912e-12,7.6867e-12,5.7656e-12
7.4063e-12,1.8021e-11,1.7424e-11
1.7306e-11,1.6612e-11,6.2947e-12
7.752e-12,2.6814e-11,2.3283e-11
1.1328e-11,1.0036e-11,4.3888e-12
6.9911e-12,6.3075e-12,7.705e-12
7.0113e-12,7.1635e-12,7.6175e-12
9.2489e-12,3.0746e-11,2.4931e-11
1.521e-11,1.376e-11,5.2271e-12
5.2091e-12,3.1132e-11,2.502e-11
4.3551e-11,2.5553e-11,3.1566e-11
3.9442e-11,2.2165e-11,3.032e-11
3.1723e-11,1.9533e-11,2.3742e-11
3.5147e-11,2.3393e-11,2.2266e-11
3.103e-11,1.8399e-11,2.1111e-11
3.1739e-11,2.1585e-11,2.8276e-11
3.3746e-11,2.3434e-11,3.3713e-11
3.438e-11,2.0844e-11,3.1842e-11
2.2566e-11,1.5208e-11,2.0495e-11
3.5829e-11,2.5418e-11,1.8123e-11
2.2329e-11,1.4241e-11,1.3637e-11
2.4353e-11,1.8395e-11,2.8984e-11
3.3453e-11,2.8088e-11,1.7603e-11
1.7843e-11,1.253e-11,1.1856e-11
1.7016e-11,1.253e-11,1.7798e-11
1.9971e-11,1.8184e-11,2.4017e-11
3.5346e-11,3.2061e-11,1.9806e-11
3.2585e-11,3.0622e-11,1.7678e-11
1.9085e-11,1.9807e-11,2.5056e-11
1.5469e-11,1.6759e-11,1.9551e-11
1.0361e-11,9.4107e-12,1.0931e-11
2.6585e-11,2.5199e-11,1.4038e-11
1.431e-11,1.6611e-11,1.8714e-11
1.3504e-11,1.0904e-11,8.5636e-12
1.5801e-11,1.1929e-11,1.0208e-11
1.0947e-11,1.4688e-11,1.4931e-11
1.6788e-11,1.4935e-11,7.2656e-12
1.9482e-11,4.587e-11,4.0027e-11
1.6347e-11,1.5754e-11,7.3057e-12
9.9723e-12,1.4408e-11,1.6041e-11
1.3265e-11,2.3133e-11,2.1013e-11
1.2892e-11,9.1781e-12,9.48e-12
8.8758e-12,8.3675e-12,8.4581e-12
1.6051e-11,1.4792e-11,8.4567e-12
9.393e-12,1.1097e-11,1.2286e-11
9.2145e-12,8.5274e-12,8.1586e-12
9.5841e-12,1.0725e-11,1.0699e-11
1.1882e-11,1.2488e-11,1.4566e-11
1.3499e-11,3.0945e-11,2.6737e-11
1.8572e-11,2.0563e-11,8.2889e-12
9.6371e-12,1.192e-11,1.2764e-11
1.1525e-11,3.2858e-11,2.6458e-11
1.2658e-11,1.4645e-11,5.9247e-12
2.7699e-11,2.7151e-11,1.2396e-11
8.9033e-12,9.9327e-12,1.031e-11
7.3739e-12,6.4198e-12,5.4223e-12
7.6292e-12,6.5416e-12,4.2848e-12
5.9306e-12,1.0628e-11,1.2891e-11
7.1774e-12,1.1659e-11,1.4052e-11
7.6922e-12,1.6916e-11,1.5538e-11
1.7742e-11,1.6387e-11,7.0816e-12
5.9606e-12,7.6103e-12,8.2555e-12
6.6361e-12,1.7549e-11,1.6598e-11
8.7446e-12,6.8578e-12,3.9744e-12
4.588e-12,3.4515e-11,2.7909e-11
1.0077e-11,7.3283e-12,7.3673e-12
4.2175e-11,2.9186e-11,2.3118e-11
2.9994e-11,2.096e-11,1.8689e-11
2.7773e-11,2.1832e-11,3.2645e-11
1.6876e-11,1.4464e-11,1.4683e-11
1.9165e-11,1.4343e-11,1.2201e-11
1.8242e-11,1.2951e-11,1.2083e-11
2.0393e-11,1.5046e-11,2.2748e-11
2.2442e-11,2.2009e-11,2.9789e-11
2.7295e-11,2.4503e-11,1.3481e-11
1.9734e-11,1.347e-11,9.3326e-12
1.0665e-11,1.0548e-11,1.2201e-11
1.2268e-11,1.1927e-11,1.3642e-11
1.9187e-11,1.493e-11,9.7707e-12
1.0032e-11,1.0072e-11,9.8893e-12
1.8878e-11,4.5003e-11,3.8635e-11
8.958e-12,8.3842e-12,8.16e-12
8.185e-12,9.7976e-12,9.0944e-12
2.0689e-11,2.2217e-11,9.264e-12
8.3019e-12,1.1235e-11,1.163e-11
2.6026e-11,2.6939e-11,1.1987e-11
1.4519e-11,4.4345e-11,3.6467e-11
1.1866e-11,1.2388e-11,7.0836e-12
9.6081e-12,1.335e-11,1.3132e-11
9.4094e-12,1.1931e-11,1.3509e-11
8.5772e-12,2.3287e-11,1.9853e-11
8.3003e-12,2.3652e-11,2.0677e-11
9.2754e-12,9.8177e-12,3.8753e-12
6.4613e-12,8.0543e-12,9.0376e-12
6.202e-12,8.0929e-12,8.2141e-12
7.4466e-12,6.6326e-12,4.441e-12
8.5015e-12,7.5857e-12,7.1237e-12
8.7402e-12,9.1366e-12,9.6574e-12
8.844e-12,6.7411e-12,8.3228e-12
4.9769e-12,3.7421e-11,3.0086e-11
1.8958e-11,1.6704e-11,6.4962e-12
1.0543e-11,7.7455e-12,3.5838e-12
3.3753e-11,2.2722e-11,1.8336e-11
3.9895e-11,2.7992e-11,2.1285e-11
2.5563e-11,1.7754e-11,1.3768e-11
1.7086e-11,1.2835e-11,1.7658e-11
2.6109e-11,2.089e-11,1.2966e-11
1.8794e-11,1.3572e-11,1.0278e-11
2.3974e-11,1.7464e-11,1.2817e-11
1.4241e-11,1.3754e-11,1.5331e-11
2.8485e-11,3.1683e-11,3.9451e-11
2.4141e-11,2.048e-11,1.1969e-11
2.0271e-11,1.3881e-11,9.2715e-12
1.2929e-11,1.117e-11,1.1785e-11
1.4681e-11,1.5396e-11,1.8796e-11
1.7055e-11,1.2123e-11,1.0331e-11
1.8647e-11,1.9534e-11,2.3718e-11
1.3774e-11,9.9232e-12,9.9629e-12
1.3246e-11,1.0677e-11,1.1412e-11
2.0575e-11,4.6329e-11,4.0587e-11
1.5619e-11,1.2643e-11,6.5513e-12
1.2731e-11,9.424e-12,6.3636e-12
1.6025e-11,2.5504e-11,2.5338e-11
1.7682e-11,3.6989e-11,3.2722e-11
1.0917e-11,1.5789e-11,1.677e-11
1.2481e-11,1.159e-11,6.9324e-12
1.0146e-11,1.3165e-11,1.2071e-11
1.1522e-11,1.371e-11,1.4019e-11
1.1794e-11,1.3914e-11,1.4367e-11
1.3427e-11,4.2222e-11,3.4322e-11
9.4069e-12,1.2981e-11,1.4013e-11
8.4333e-12,1.1779e-11,1.3289e-11
8.9784e-12,1.6638e-11,1.8147e-11
1.3573e-11,1.5744e-11,5.2921e-12
2.4566e-11,2.5128e-11,1.0994e-11
7.2008e-12,7.3371e-12,7.3001e-12
9.5432e-12,9.9048e-12,4.5643e-12
6.8234e-12,1.7575e-11,1.5922e-11
1.0226e-11,2.1753e-11,2.0099e-11
8.094e-12,8.909e-12,7.8311e-12
9.5217e-12,6.5686e-12,2.2883e-12
1.1679e-11,9.2823e-12,4.0104e-12
4.0061e-11,2.39e-11,3.1182e-11
4.0368e-11,2.4128e-11,3.1737e-11
4.33e-11,2.6558e-11,3.106e-11
4.0431e-11,2.554e-11,2.9289e-11
3.1189e-11,2.0623e-11,2.2094e-11
3.9191e-11,2.7302e-11,2.0472e-11
2.4018e-11,1.7977e-11,1.5759e-11
2.0713e-11,2.0072e-11,2.0247e-11
2.062e-11,1.4426e-11,1.834e-11
2.7109e-11,1.8113e-11,1.353e-11
2.4497e-11,1.721e-11,1.258e-11
1.6966e-11,1.2666e-11,1.4331e-11
2.7345e-11,1.925e-11,1.2803e-11
2.8938e-11,2.4176e-11,3.5261e-11
1.9414e-11,1.5879e-11,2.1199e-11
2.8625e-11,2.6732e-11,3.6287e-11
1.7259e-11,1.2036e-11,8.997e-12
1.5559e-11,1.469e-11,1.8412e-11
1.4992e-11,1.0325e-11,7.8498e-12
1.1976e-11,1.4336e-11,1.5031e-11
1.4299e-11,9.9688e-12,6.978e-12
1.3073e-11,1.0287e-11,8.9753e-12
1.2435e-11,1.6011e-11,1.5649e-11
1.4455e-11,1.0062e-11,6.362e-12
9.2985e-12,9.9856e-12,8.891e-12
8.5074e-12,1.1127e-11,1.0511e-11
7.8008e-12,9.6104e-12,9.5236e-12
8.5694e-12,1.0612e-11,1.0246e-11
7.713e-12,1.0947e-11,1.1175e-11
1.4537e-11,1.674e-11,5.3208e-12
2.6376e-11,2.7164e-11,1.1204e-11
9.1431e-12,3.0211e-11,2.6577e-11
1.2929e-11,1.4453e-11,4.5756e-12
1.3389e-11,1.4481e-11,4.1743e-12
9.5374e-12,7.5213e-12,3.5827e-12
9.352e-12,1.1592e-11,9.8063e-12
6.7067e-12,6.8013e-12,6.211e-12
9.5985e-12,7.6134e-12,5.6123e-12
5.9019e-12,1.3378e-11,1.5524e-11
7.5262e-12,3.9611e-11,3.2464e-11
2.2658e-11,2.1655e-11,9.2512e-12
1.0289e-11,1.0067e-11,1.3972e-11
7.4815e-12,7.9933e-12,8.3113e-12
2.7264e-11,2.1401e-11,2.142e-11
2.5571e-11,1.8345e-11,2.3661e-11
3.5936e-11,2.4217e-11,1.7245e-11
3.6913e-11,2.8428e-11,2.097e-11
3.531e-11,2.9552e-11,1.8814e-11
1.8713e-11,1.3397e-11,1.6376e-11
3.0867e-11,2.9704e-11,3.8539e-11
2.9217e-11,2.9253e-11,3.6956e-11
1.4265e-11,1.3298e-11,1.5578e-11
2.3465e-11,1.7159e-11,1.1939e-11
2.4127e-11,2.679e-11,3.1507e-11
2.2059e-11,1.6607e-11,1.073e-11
1.6735e-11,1.3329e-11,9.7228e-12
1.1265e-11,1.2233e-11,1.2697e-11
1.588e-11,1.8681e-11,2.0535e-11
2.6917e-11,2.4702e-11,1.2734e-11
1.3455e-11,1.1286e-11,1.0413e-11
2.5182e-11,3.4023e-11,3.6692e-11
1.2483e-11,1.1448e-11,1.119e-11
1.256e-11,1.4797e-11,1.5101e-11
1.3007e-11,1.0816e-11,1.0511e-11
1.4641e-11,9.7938e-12,6.555e-12
1.8487e-11,3.9646e-11,3.3569e-11
1.9735e-11,1.9075e-11,9.5649e-12
1.2086e-11,1.1107e-11,8.3877e-12
9.4218e-12,1.0092e-11,9.6062e-12
9.5976e-12,1.2532e-11,1.0898e-11
9.9766e-12,9.2802e-12,9.9374e-12
1.2876e-11,8.76e-12,6.6935e-12
8.9143e-12,9.0422e-12,7.8952e-12
1.0258e-11,1.1902e-11,1.1126e-11
1.1964e-11,1.6617e-11,1.7865e-11
1.531e-11,1.754e-11,7.276e-12
8.0977e-12,1.1653e-11,1.2159e-11
9.4182e-12,2.7427e-11,2.3246e-11
1.5952e-11,1.8115e-11,5.8555e-12
2.5961e-11,2.6494e-11,1.0718e-11
7.8326e-12,7.116e-12,7.2259e-12
7.0362e-12,6.7003e-12,6.9039e-12
6.0943e-12,1.22e-11,1.3793e-11
6.7411e-12,2.4333e-11,2.1761e-11
1.0588e-11,7.7693e-12,2.6002e-12
1.4694e-11,1.2812e-11,4.3765e-12
7.7432e-12,7.5743e-12,5.6545e-12
8.0899e-12,8.0338e-12,6.0513e-12
7.1496e-12,1.3711e-11,1.6111e-11
1.8742e-11,1.6924e-11,5.8019e-12
4.29e-11,2.777e-11,2.7685e-11
3.9621e-11,2.5517e-11,2.6363e-11
3.492e-11,2.3264e-11,2.5455e-11
3.0911e-11,2.1131e-11,2.2759e-11
4.3831e-11,2.7902e-11,2.2407e-11
3.4164e-11,2.3236e-11,3.8471e-11
2.1771e-11,1.565e-11,1.9931e-11
3.0027e-11,2.1823e-11,3.2468e-11
3.3785e-11,2.3862e-11,3.9308e-11
1.9735e-11,1.6744e-11,1.7339e-11
1.9388e-11,1.5146e-11,1.6801e-11
2.0826e-11,1.6369e-11,2.1635e-11
1.8513e-11,1.4746e-11,1.5392e-11
2.9848e-11,2.0582e-11,1.3673e-11
2.5067e-11,1.8607e-11,2.7937e-11
1.9198e-11,1.3087e-11,1.2897e-11
2.1496e-11,1.3745e-11,1.1396e-11
2.9287e-11,2.6241e-11,1.4499e-11
1.2168e-11,1.301e-11,1.2985e-11
1.7611e-11,1.2157e-11,1.0762e-11
2.3055e-11,3.2999e-11,3.3539e-11
1.3517e-11,1.6867e-11,1.7477e-11
1.6956e-11,1.9488e-11,2.1691e-11
1.5463e-11,1.2788e-11,1.3082e-11
1.3159e-11,1.0837e-11,8.9235e-12
1.0865e-11,1.0166e-11,1.0079e-11
1.9891e-11,3.8784e-11,3.4229e-11
1.1701e-11,9.5782e-12,6.549e-12
1.6798e-11,2.6947e-11,2.7038e-11
9.3055e-12,1.0597e-11,9.6014e-12
2.2498e-11,2.3615e-11,9.6507e-12
9.1855e-12,1.2266e-11,1.0796e-11
9.4788e-12,9.7049e-12,9.7463e-12
1.247e-11,9.8478e-12,6.4117e-12
1.3186e-11,1.7252e-11,1.8817e-11
1.077e-11,9.5708e-12,4.0888e-12
1.049e-11,1.1608e-11,4.3429e-12
8.0937e-12,7.091e-12,3.4797e-12
8.2046e-12,7.8046e-12,6.3456e-12
7.4248e-12,8.3653e-12,6.4145e-12
8.1671e-12,8.4317e-12,8.432e-12
8.3816e-12,8.0284e-12,4.4467e-12
7.8177e-12,9.0576e-12,7.4828e-12
7.6304e-12,9.5473e-12,9.0779e-12
8.5371e-12,1.061e-11,1.1459e-11
9.8853e-12,8.5535e-12,7.0083e-12
6.7769e-12,1.0198e-11,1.3128e-11
6.7512e-12,1.0278e-11,1.3137e-11
1.4655e-11,1.4129e-11,5.4386e-12
7.6992e-12,6.9669e-12,4.1123e-12
2.6396e-11,2.4851e-11,1.0659e-11
1.1111e-11,7.9392e-12,2.9533e-12
8.7464e-12,9.2435e-12,9.8337e-12
2.5549e-11,2.5403e-11,9.8336e-12
1.0367e-11,7.5824e-12,2.3604e-12
7.0145e-12,7.6061e-12,8.1835e-12
7.1541e-12,1.5876e-11,1.8111e-11
2.2646e-11,2.3559e-11,8.5908e-12
7.9974e-12,9.9833e-12,1.272e-11
1.3355e-11,1.1607e-11,3.0303e-12
7.8943e-12,1.0136e-11,4.3692e-12
4.0946e-11,2.7889e-11,2.5407e-11
4.2218e-11,2.7273e-11,2.4415e-11
2.9723e-11,1.9515e-11,2.1061e-11
2.7629e-11,1.7719e-11,2.011e-11
3.6415e-11,2.4726e-11,1.8499e-11
2.7965e-11,1.7799e-11,1.9164e-11
2.7634e-11,2.1247e-11,2.6188e-11
3.1726e-11,2.3111e-11,3.6634e-11
2.7369e-11,1.8105e-11,1.3892e-11
3.156e-11,2.4724e-11,1.5659e-11
3.1264e-11,2.2331e-11,1.4563e-11
2.7734e-11,1.847e-11,1.304e-11
1.7963e-11,1.4064e-11,1.4408e-11
1.4411e-11,1.4126e-11,1.586e-11
3.274e-11,3.0066e-11,1.6953e-11
3.1132e-11,2.8376e-11,1.6006e-11
2.0714e-11,1.663e-11,1.0151e-11
1.0174e-11,1.3235e-11,1.2836e-11
9.0805e-12,1.0401e-11,9.5989e-12
9.8714e-12,9.4723e-12,1.0409e-11
1.1052e-11,8.8951e-12,6.3706e-12
1.1414e-11,1.2231e-11,1.2028e-11
9.2322e-12,8.8922e-12,7.0697e-12
7.9932e-12,9.1889e-12,9.1369e-12
1.0956e-11,9.1019e-12,7.122e-12
2.2018e-11,2.7087e-11,1.2184e-11
1.0068e-11,9.0937e-12,7.4288e-12
1.0022e-11,8.6849e-12,6.7432e-12
1.0482e-11,1.056e-11,4.8665e-12
2.7562e-11,3.0468e-11,1.1834e-11
8.2784e-12,1.1548e-11,1.3415e-11
1.2026e-11,2.9741e-11,2.947e-11
9.7502e-12,9.0723e-12,2.8227e-12
7.7004e-12,9.4766e-12,8.2146e-12
9.0609e-12,3.986e-11,3.3376e-11
9.3283e-12,1.0597e-11,9.9677e-12
2.5969e-11,2.56e-11,1.0493e-11
9.0642e-12,9.968e-12,1.346e-11
9.2937e-12,7.1346e-12,7.7916e-12
7.7326e-12,2.8242e-11,2.4895e-11
8.3077e-12,3.3912e-11,2.8591e-11
7.8607e-12,3.64e-11,3.0696e-11
1.2569e-11,9.7247e-12,3.1491e-12
8.894e-12,1.0391e-11,1.2899e-11
1.2779e-11,9.5313e-12,3.5826e-12
7.765e-12,7.1845e-12,4.5049e-12
6.7744e-12,1.5282e-11,1.7683e-11
1.4317e-11,1.2405e-11,4.5838e-12
3.1649e-11,2.0253e-11,2.4177e-11
3.163e-11,1.9544e-11,2.5889e-11
2.8472e-11,1.9832e-11,1.9588e-11
2.7519e-11,1.7531e-11,2.4262e-11
2.1763e-11,1.7695e-11,1.9376e-11
2.2537e-11,1.5884e-11,1.3586e-11
2.3172e-11,2.4437e-11,3.1119e-11
2.4178e-11,1.7416e-11,1.2167e-11
1.3422e-11,1.1699e-11,7.9338e-12
1.2018e-11,1.4962e-11,1.4691e-11
2.0207e-11,3.9838e-11,3.4436e-11
1.5856e-11,1.9867e-11,2.0226e-11
9.8306e-12,1.0867e-11,1.046e-11
1.0141e-11,9.1018e-12,7.1902e-12
9.0528e-12,9.8008e-12,9.1737e-12
1.1401e-11,1.0595e-11,6.7338e-12
9.9494e-12,9.4316e-12,9.5034e-12
1.0905e-11,1.3039e-11,1.2585e-11
8.2876e-12,8.9407e-12,8.544e-12
1.4407e-11,1.6444e-11,7.4522e-12
1.5906e-11,4.5223e-11,3.717e-11
1.0006e-11,9.4449e-12,6.1872e-12
1.0719e-11,9.5921e-12,4.3644e-12
2.721e-11,3.0195e-11,1.1737e-11
1.5898e-11,1.7885e-11,5.5809e-12
1.1748e-11,1.4323e-11,3.9102e-12
6.9934e-12,7.8764e-12,6.7404e-12
1.7504e-11,1.8088e-11,4.9364e-12
1.8579e-11,1.7801e-11,5.1938e-12
1.2041e-11,9.4756e-12,3.1449e-12
7.8766e-12,7.2791e-12,5.5511e-12
7.29e-12,8.1458e-12,7.8486e-12
8.1249e-12,7.5505e-12,6.3449e-12
7.7188e-12,1.1592e-11,1.4022e-11
7.6427e-12,6.6454e-12,7.2869e-12
8.9314e-12,1.4729e-11,1.6884e-11
1.6682e-11,1.4909e-11,4.1263e-12
3.5138e-11,2.4128e-11,2.7075e-11
3.7908e-11,2.4948e-11,2.6599e-11
3.3464e-11,2.1818e-11,2.2964e-11
3.3492e-11,2.1591e-11,2.3206e-11
2.7995e-11,2.1866e-11,2.4821e-11
3.2279e-11,2.1458e-11,2.7838e-11
3.2127e-11,2.2243e-11,1.7512e-11
2.841e-11,1.9691e-11,2.7772e-11
3.2684e-11,2.3132e-11,3.5345e-11
3.8178e-11,3.0882e-11,2.1288e-11
2.6279e-11,1.83e-11,1.4647e-11
2.822e-11,1.947e-11,1.3866e-11
2.4369e-11,1.7065e-11,1.1994e-11
1.9087e-11,1.9572e-11,2.2697e-11
2.9528e-11,2.8689e-11,3.6221e-11
2.6258e-11,2.8128e-11,3.3837e-11
2.8437e-11,2.4721e-11,1.3835e-11
2.9977e-11,2.7258e-11,1.4332e-11
1.4489e-11,1.1822e-11,1.1174e-11
1.4587e-11,1.2379e-11,1.0945e-11
2.7123e-11,3.7254e-11,3.7064e-11
2.0897e-11,2.6611e-11,2.7685e-11
2.2649e-11,3.4219e-11,3.328e-11
1.2786e-11,1.5371e-11,1.4699e-11
1.0303e-11,1.0502e-11,1.0394e-11
2.2821e-11,2.1251e-11,1.1983e-11
1.3708e-11,1.2468e-11,8.5113e-12
1.1243e-11,1.4017e-11,1.2297e-11
2.0431e-11,3.3862e-11,3.1412e-11
1.7246e-11,1.6689e-11,7.416e-12
9.1633e-12,1.0401e-11,9.2146e-12
1.1556e-11,1.2028e-11,1.1475e-11
1.3959e-11,1.2013e-11,7.3539e-12
9.5269e-12,8.9197e-12,7.0097e-12
8.5507e-12,8.9946e-12,8.1856e-12
1.1787e-11,1.6143e-11,1.6903e-11
1.1639e-11,1.5896e-11,1.764e-11
1.2197e-11,1.96e-11,2.0334e-11
8.6281e-12,9.0747e-12,8.1972e-12
1.0302e-11,1.3496e-11,1.3491e-11
2.0621e-11,2.4037e-11,1.1474e-11
1.4762e-11,3.6112e-11,3.2079e-11
1.4491e-11,4.3942e-11,3.7599e-11
9.5529e-12,1.5842e-11,1.5677e-11
9.7069e-12,7.9906e-12,4.7771e-12
8.8158e-12,9.6017e-12,6.0394e-12
7.6663e-12,9.238e-12,8.4381e-12
1.1994e-11,9.0032e-12,3.6463e-12
8.7485e-12,1.5772e-11,1.7046e-11
7.5312e-12,2.484e-11,2.214e-11
7.1795e-12,9.6203e-12,1.0085e-11
7.506e-12,6.3829e-12,3.8898e-12
2.3889e-11,2.4189e-11,8.7731e-12
8.6503e-12,9.5977e-12,1.0858e-11
3.6896e-11,2.6008e-11,2.5582e-11
3.2208e-11,2.0583e-11,2.2873e-11
3.5969e-11,2.4364e-11,2.0674e-11
2.6179e-11,1.7131e-11,1.947e-11
2.8074e-11,2.2428e-11,2.7838e-11
3.19e-11,2.3163e-11,3.4885e-11
3.5923e-11,2.8288e-11,1.9303e-11
3.1863e-11,2.3423e-11,1.5081e-11
2.0076e-11,1.6368e-11,2.0603e-11
2.067e-11,1.461e-11,1.3871e-11
1.7143e-11,1.6865e-11,1.8504e-11
1.7774e-11,1.6791e-11,1.9689e-11
2.2153e-11,2.5042e-11,3.0816e-11
3.4293e-11,3.03e-11,1.7798e-11
1.6733e-11,1.1576e-11,1.003e-11
1.8486e-11,2.0883e-11,2.3638e-11
1.7261e-11,2.1169e-11,2.3593e-11
1.3525e-11,1.585e-11,1.5848e-11
1.863e-11,2.1733e-11,2.2969e-11
1.5399e-11,2.0092e-11,2.0293e-11
1.1859e-11,1.1155e-11,9.2359e-12
8.9174e-12,9.3705e-12,8.4425e-12
9.8423e-12,1.2266e-11,1.163e-11
1.139e-11,1.0749e-11,6.9095e-12
1.1819e-11,1.6772e-11,1.8143e-11
2.764e-11,3.0778e-11,1.2626e-11
1.1623e-11,1.0867e-11,5.6838e-12
8.7291e-12,9.2457e-12,6.9738e-12
1.0198e-11,1.6052e-11,1.5385e-11
1.0643e-11,8.6247e-12,3.8756e-12
1.18e-11,2.8053e-11,2.6846e-11
1.0422e-11,2.3104e-11,2.334e-11
1.0963e-11,2.7257e-11,2.5042e-11
6.9631e-12,7.3929e-12,5.6366e-12
9.5207e-12,1.9874e-11,1.9439e-11
1.0199e-11,2.9276e-11,2.6729e-11
1.4663e-11,1.5935e-11,4.9814e-12
7.064e-12,7.6189e-12,6.3351e-12
7.5152e-12,8.0946e-12,6.1986e-12
8.049e-12,7.5817e-12,5.6608e-12
2.5204e-11,2.3339e-11,8.2695e-12
9.1978e-12,6.7235e-12,5.2401e-12
9.0818e-12,7.1426e-12,6.9703e-12
8.4381e-12,8.0829e-12,6.2959e-12
1.1221e-11,1.0462e-11,1.0945e-11
8.2995e-12,1.6042e-11,1.9214e-11
7.6311e-12,8.892e-12,6.7105e-12
7.6126e-12,8.4497e-12,7.0564e-12
7.6664e-12,8.9447e-12,7.1648e-12
8.5907e-12,6.5565e-12,4.1389e-12
8.8513e-12,1.1099e-11,1.331e-11
3.6265e-11,2.5409e-11,2.4976e-11
3.3231e-11,2.4058e-11,2.2472e-11
3.4376e-11,2.3954e-11,1.7607e-11
3.7684e-11,2.9813e-11,2.0792e-11
2.756e-11,2.5826e-11,3.4477e-11
2.4304e-11,2.5535e-11,3.2427e-11
3.3388e-11,2.8697e-11,1.7246e-11
2.5899e-11,1.945e-11,1.1854e-11
1.3826e-11,1.6498e-11,1.4525e-11
1.3812e-11,1.777e-11,1.461e-11
1.7626e-11,2.0257e-11,2.2045e-11
1.5129e-11,1.8052e-11,1.8753e-11
2.0569e-11,1.822e-11,1.0095e-11
1.7472e-11,2.2081e-11,2.2517e-11
2.9506e-11,3.1049e-11,1.2559e-11
9.5623e-12,9.3588e-12,7.6498e-12
1.8745e-11,2.7258e-11,2.6187e-11
1.2419e-11,1.3306e-11,5.4144e-12
1.4286e-11,3.7034e-11,3.6164e-11
1.0964e-11,2.1243e-11,2.0991e-11
7.8539e-12,7.7559e-12,5.9411e-12
7.9624e-12,8.3565e-12,7.6978e-12
9.7301e-12,4.2917e-11,3.554e-11
9.7466e-12,7.6247e-12,5.4799e-12
2.3754e-11,2.3252e-11,7.1858e-12
1.3022e-11,1.2143e-11,2.8435e-12
8.5846e-12,8.8548e-12,9.2053e-12
8.1484e-12,9.744e-12,9.7363e-12
8.0891e-12,8.4018e-12,4.6037e-12
1.2804e-11,1.1751e-11,3.4661e-12
6.9391e-12,2.3286e-11,2.098e-11
8.2089e-12,1.6028e-11,1.7186e-11
2.759e-11,2.6887e-11,9.8842e-12
1.9536e-11,1.8799e-11,5.2665e-12
2.1706e-11,2.2926e-11,6.995e-12
8.0802e-12,9.0833e-12,7.3617e-12
7.784e-12,7.6938e-12,6.9085e-12
1.0258e-11,7.6899e-12,4.1329e-12
7.4786e-12,6.9394e-12,5.6511e-12
1.0284e-11,9.4946e-12,1.2114e-11
3.3274e-11,2.6201e-11,2.4865e-11
3.3427e-11,2.3792e-11,2.3175e-11
3.0113e-11,2.0593e-11,2.5933e-11
3.3439e-11,2.3624e-11,3.0696e-11
3.4175e-11,2.4984e-11,3.2936e-11
2.7441e-11,1.8518e-11,1.8024e-11
2.7321e-11,2.3057e-11,3.0638e-11
3.1722e-11,2.3612e-11,1.57e-11
2.2104e-11,1.641e-11,1.2995e-11
1.7288e-11,1.6382e-11,1.822e-11
2.0418e-11,2.0255e-11,2.3034e-11
2.0283e-11,1.9963e-11,2.3035e-11
2.835e-11,2.0569e-11,1.3569e-11
2.1213e-11,1.512e-11,1.0763e-11
1.5605e-11,1.4104e-11,1.5391e-11
1.7722e-11,2.0295e-11,2.1682e-11
1.4066e-11,1.2975e-11,1.1719e-11
1.7463e-11,1.2301e-11,9.9296e-12
1.3677e-11,1.6493e-11,1.6783e-11
1.8516e-11,1.3742e-11,9.8993e-12
1.3459e-11,1.6084e-11,1.5437e-11
2.0516e-11,1.4989e-11,9.0389e-12
2.3448e-11,2.8269e-11,3.0139e-11
2.0809e-11,1.5538e-11,1.1951e-11
1.7246e-11,1.2922e-11,9.4346e-12
2.0903e-11,2.6617e-11,2.6851e-11
1.1156e-11,1.1574e-11,1.0354e-11
2.811e-11,2.881e-11,1.309e-11
1.4772e-11,1.1554e-11,7.3414e-12
1.0476e-11,9.8528e-12,7.9187e-12
1.6602e-11,1.6982e-11,6.6968e-12
1.0079e-11,9.9113e-12,7.7504e-12
1.7733e-11,1.9048e-11,6.7753e-12
1.7267e-11,2.9866e-11,2.7549e-11
2.1139e-11,2.4369e-11,1.0696e-11
1.5134e-11,4.1175e-11,3.6106e-11
9.371e-12,1.0862e-11,7.997e-12
1.0418e-11,9.3883e-12,5.0723e-12
1.7589e-11,2.0743e-11,6.6814e-12
2.0476e-11,2.1847e-11,8.0234e-12
1.9839e-11,2.0293e-11,5.5382e-12
8.0039e-12,8.1334e-12,7.7712e-12
9.5145e-12,4.1504e-11,3.5405e-11
8.1659e-12,2.1544e-11,1.9713e-11
1.0253e-11,3.9603e-11,3.3556e-11
8.0195e-12,1.4911e-11,1.5772e-11
7.9352e-12,1.2854e-11,1.4229e-11
1.1472e-11,1.5546e-11,1.6542e-11
3.8428e-11,2.5802e-11,2.7306e-11
3.8082e-11,2.5911e-11,2.613e-11
3.4694e-11,2.5071e-11,2.5253e-11
3.5713e-11,2.4201e-11,2.8813e-11
3.372e-11,2.2667e-11,2.0637e-11
2.9641e-11,1.8717e-11,2.2801e-11
2.6122e-11,1.7575e-11,2.1752e-11
2.8531e-11,2.0695e-11,1.4886e-11
3.1301e-11,2.2669e-11,1.5523e-11
1.7458e-11,1.7546e-11,1.867e-11
2.2184e-11,1.6172e-11,1.0837e-11
1.4246e-11,1.5789e-11,1.6745e-11
1.6015e-11,1.8947e-11,1.9559e-11
2.0057e-11,2.6679e-11,2.776e-11
2.225e-11,1.8686e-11,9.8688e-12
1.2372e-11,1.181e-11,1.0504e-11
1.2904e-11,1.7027e-11,1.4445e-11
1.0574e-11,1.0399e-11,7.1864e-12
1.7786e-11,1.6922e-11,7.2756e-12
3.0774e-11,3.3664e-11,1.4481e-11
1.248e-11,1.6565e-11,1.5005e-11
1.7895e-11,2.4686e-11,2.6722e-11
1.2019e-11,1.3776e-11,1.176e-11
9.7056e-12,1.0932e-11,1.0357e-11
2.1533e-11,2.4875e-11,9.5654e-12
9.5153e-12,1.0354e-11,9.6472e-12
9.4699e-12,9.573e-12,8.4809e-12
1.2191e-11,1.8768e-11,1.791e-11
1.1137e-11,1.1294e-11,7.5723e-12
1.1175e-11,1.0862e-11,5.663e-12
1.0347e-11,8.8328e-12,4.5245e-12
1.1682e-11,1.5782e-11,1.4592e-11
1.1357e-11,1.0398e-11,2.6413e-12
8.902e-12,8.4424e-12,6.461e-12
8.2676e-12,8.5378e-12,7.8142e-12
8.8044e-12,9.5723e-12,6.7442e-12
7.8964e-12,7.4509e-12,4.9447e-12
7.5956e-12,8.3195e-12,7.5244e-12
3.1425e-11,3.0091e-11,1.0966e-11
7.6443e-12,7.2883e-12,5.6605e-12
1.0429e-11,7.379e-12,2.6118e-12
3.7459e-11,2.6656e-11,2.3648e-11
2.6851e-11,2.2259e-11,2.6011e-11
3.0572e-11,2.3291e-11,2.9243e-11
2.9215e-11,1.8586e-11,1.7525e-11
2.5019e-11,1.8585e-11,2.2105e-11
1.9118e-11,1.7761e-11,1.9892e-11
2.2837e-11,2.5153e-11,2.8698e-11
1.4639e-11,1.6976e-11,1.7603e-11
2.2575e-11,1.685e-11,1.2082e-11
1.9417e-11,2.6937e-11,2.739e-11
1.516e-11,2.3666e-11,2.3471e-11
1.9806e-11,2.1636e-11,7.7445e-12
1.0108e-11,1.0415e-11,7.3566e-12
1.0761e-11,1.3748e-11,1.2987e-11
1.8131e-11,2.4998e-11,2.6124e-11
1.0013e-11,1.0311e-11,7.8287e-12
2.8459e-11,3.1732e-11,1.3378e-11
1.2629e-11,1.0521e-11,6.5042e-12
1.5875e-11,3.4498e-11,3.079e-11
1.0019e-11,1.1424e-11,9.8764e-12
1.5855e-11,3.7216e-11,3.2123e-11
1.4467e-11,1.5608e-11,6.561e-12
9.562e-12,1.0888e-11,9.2963e-12
1.2028e-11,2.135e-11,2.1173e-11
9.9519e-12,1.0705e-11,1.094e-11
9.7659e-12,1.1409e-11,9.9605e-12
9.1829e-12,1.0329e-11,7.1475e-12
1.3542e-11,1.5604e-11,4.9006e-12
1.4893e-11,3.7326e-11,3.6716e-11
1.1533e-11,2.1313e-11,2.0261e-11
1.0377e-11,8.6009e-12,5.81e-12
8.5325e-12,9.5041e-12,6.5782e-12
7.983e-12,7.9208e-12,4.9883e-12
2.3462e-11,2.3866e-11,7.0617e-12
8.6619e-12,1.1485e-11,1.1338e-11
7.9496e-12,8.2899e-12,7.1682e-12
8.9664e-12,1.0728e-11,1.1085e-11
9.9066e-12,1.2738e-11,1.2095e-11
8.7688e-12,1.2719e-11,1.3007e-11
8.9642e-12,7.6148e-12,4.0732e-12
8.0795e-12,7.1615e-12,6.5191e-12
3.6073e-11,2.5528e-11,3.0649e-11
3.5851e-11,2.4416e-11,2.6501e-11
3.6967e-11,2.6895e-11,2.3906e-11
3.694e-11,2.5542e-11,2.3135e-11
3.1449e-11,2.2126e-11,2.1598e-11
2.849e-11,1.9601e-11,2.3118e-11
3.1637e-11,2.3048e-11,1.6293e-11
2.7532e-11,2.3985e-11,2.917e-11
1.9749e-11,1.654e-11,1.4031e-11
2.5757e-11,2.0645e-11,1.2897e-11
1.9243e-11,1.3837e-11,1.1519e-11
2.3266e-11,2.6374e-11,3.0234e-11
1.7589e-11,1.3936e-11,1.2221e-11
1.6311e-11,2.0831e-11,2.0959e-11
2.2891e-11,1.7468e-11,1.1563e-11
2.1056e-11,1.6395e-11,9.0798e-12
1.5302e-11,1.3651e-11,9.5983e-12
1.1707e-11,1.2186e-11,8.8189e-12
1.8078e-11,1.5216e-11,7.2408e-12
1.5435e-11,1.9532e-11,1.8425e-11
1.2285e-11,1.1219e-11,7.0665e-12
1.0806e-11,1.3294e-11,9.8058e-12
1.0485e-11,1.0797e-11,7.9903e-12
1.2482e-11,1.6885e-11,1.5293e-11
1.7518e-11,2.5437e-11,2.4408e-11
1.5674e-11,1.7043e-11,6.9712e-12
2.0884e-11,2.4772e-11,8.2652e-12
2.089e-11,2.4927e-11,7.6499e-12
1.3082e-11,3.0685e-11,2.8669e-11
1.2288e-11,1.4323e-11,1.5386e-11
1.0792e-11,8.9878e-12,6.5087e-12
2.226e-11,2.6162e-11,8.7012e-12
8.2561e-12,8.7717e-12,7.9502e-12
7.7632e-12,7.9636e-12,6.885e-12
1.6458e-11,1.7543e-11,4.545e-12
1.1287e-11,8.4259e-12,5.713e-12
9.6577e-12,1.0265e-11,1.0116e-11
8.8795e-12,1.2241e-11,1.2111e-11
8.9323e-12,1.5213e-11,1.5915e-11
9.0705e-12,3.591e-11,3.1747e-11
8.2433e-12,9.874e-12,9.1308e-12
1.1199e-11,1.4712e-11,1.9508e-11
7.9732e-12,7.2897e-12,5.6288e-12
8.6378e-12,1.0223e-11,1.0847e-11
8.9181e-12,1.3775e-11,1.4471e-11
9.9234e-12,7.6626e-12,6.1276e-12
8.9395e-12,7.6137e-12,4.4369e-12
3.4758e-11,2.4341e-11,2.8703e-11
3.6609e-11,2.5587e-11,3.1163e-11
3.275e-11,2.3933e-11,2.9015e-11
3.6789e-11,2.614e-11,1.9649e-11
3.7355e-11,2.7106e-11,1.9381e-11
2.8079e-11,1.8602e-11,1.6884e-11
2.6168e-11,2.0098e-11,2.3033e-11
3.3657e-11,2.4599e-11,1.7683e-11
2.8351e-11,2.159e-11,2.6377e-11
2.6858e-11,2.6702e-11,3.0779e-11
2.9076e-11,2.1384e-11,1.4472e-11
2.9515e-11,2.2257e-11,1.4378e-11
1.816e-11,1.8382e-11,1.8671e-11
1.3293e-11,1.2692e-11,1.0955e-11
2.2063e-11,2.7237e-11,2.82e-11
2.6466e-11,2.3753e-11,1.2548e-11
1.6866e-11,1.4241e-11,9.6939e-12
1.4664e-11,1.9643e-11,1.8676e-11
1.3342e-11,1.3048e-11,1.0611e-11
1.6796e-11,1.2801e-11,7.5577e-12
1.3226e-11,1.2086e-11,7.1342e-12
1.1143e-11,1.2237e-11,7.7427e-12
1.1747e-11,1.1564e-11,9.0727e-12
1.3388e-11,1.7684e-11,1.5513e-11
1.6475e-11,4.1404e-11,3.756e-11
1.2655e-11,1.7466e-11,1.5794e-11
2.7692e-11,3.0517e-11,1.0283e-11
1.1255e-11,1.767e-11,1.7525e-11
8.4584e-12,9.9149e-12,5.8969e-12
1.4251e-11,1.464e-11,6.5853e-12
1.205e-11,2.2232e-11,2.2068e-11
3.1011e-11,3.2629e-11,1.038e-11
7.9387e-12,8.1807e-12,7.6526e-12
3.2039e-11,3.3336e-11,1.0304e-11
8.878e-12,9.6733e-12,8.1428e-12
1.2152e-11,1.0277e-11,3.0733e-12
1.1086e-11,3.9576e-11,3.5956e-11
9.6307e-12,9.1612e-12,6.9784e-12
2.9812e-11,2.9374e-11,8.3302e-12
1.5052e-11,1.2446e-11,2.2168e-12
8.3037e-12,9.331e-12,8.5204e-12
9.8864e-12,2.3852e-11,2.4087e-11
8.9833e-12,1.0422e-11,1.0391e-11
1.2499e-11,8.3364e-12,4.0153e-12
4.0036e-11,2.7264e-11,2.9325e-11
3.4842e-11,2.387e-11,2.1637e-11
3.781e-11,2.8602e-11,3.5317e-11
3.527e-11,2.4645e-11,2.0534e-11
3.0744e-11,2.1068e-11,2.1117e-11
2.4176e-11,2.1285e-11,1.9894e-11
2.7954e-11,1.8564e-11,1.4328e-11
2.5715e-11,2.3711e-11,2.7848e-11
2.7411e-11,1.9998e-11,1.4719e-11
1.7765e-11,1.7276e-11,1.6223e-11
2.9416e-11,2.3264e-11,1.4327e-11
2.4483e-11,2.6956e-11,3.1753e-11
1.6333e-11,1.6004e-11,1.29e-11
1.3343e-11,1.4869e-11,1.4718e-11
1.8552e-11,1.4027e-11,9.5854e-12
2.5704e-11,2.5617e-11,1.1333e-11
1.2765e-11,1.366e-11,8.865e-12
1.318e-11,1.8412e-11,1.7994e-11
1.2738e-11,1.2656e-11,6.4451e-12
1.3244e-11,1.107e-11,4.9649e-12
1.0066e-11,1.1913e-11,1.0129e-11
1.1253e-11,1.2706e-11,1.08e-11
1.435e-11,1.9476e-11,1.7418e-11
1.4581e-11,1.6549e-11,4.4566e-12
1.1462e-11,1.0654e-11,5.2723e-12
1.2117e-11,1.4019e-11,1.6277e-11
1.5324e-11,2.2139e-11,2.2117e-11
1.5644e-11,1.8071e-11,5.2379e-12
1.088e-11,9.7425e-12,6.4227e-12
1.0891e-11,1.7362e-11,1.6303e-11
1.3112e-11,1.5722e-11,1.7184e-11
1.0769e-11,3.98e-11,3.6087e-11
1.2261e-11,1.6308e-11,1.8839e-11
9.8968e-12,1.9322e-11,1.933e-11
9.6809e-12,3.1891e-11,3.0559e-11
9.4681e-12,1.0661e-11,1.0077e-11
8.7859e-12,7.8173e-12,5.878e-12
3.3032e-11,2.3825e-11,2.3774e-11
3.2766e-11,2.3174e-11,2.2964e-11
3.4833e-11,2.6474e-11,3.3024e-11
3.1577e-11,2.1158e-11,1.9128e-11
2.4116e-11,2.0026e-11,2.2748e-11
2.7787e-11,2.1964e-11,1.3321e-11
2.6782e-11,2.7069e-11,3.2319e-11
2.979e-11,2.4903e-11,1.3776e-11
2.1516e-11,1.6772e-11,1.0366e-11
1.73e-11,1.4111e-11,9.7968e-12
1.319e-11,1.7511e-11,1.6888e-11
1.7263e-11,2.0046e-11,1.9206e-11
1.1409e-11,1.1801e-11,1.1155e-11
1.6589e-11,2.0143e-11,1.7903e-11
1.5681e-11,1.341e-11,6.8757e-12
1.0686e-11,1.193e-11,7.7185e-12
1.6846e-11,2.1026e-11,2.068e-11
1.9214e-11,3.5489e-11,3.4797e-11
1.7769e-11,4e-11,3.5965e-11
1.5764e-11,3.481e-11,3.297e-11
1.6926e-11,1.9349e-11,6.4356e-12
1.4127e-11,1.7817e-11,2.0113e-11
1.197e-11,3.7272e-11,3.558e-11
9.6117e-12,1.7579e-11,1.8248e-11
8.4179e-12,8.2475e-12,5.3273e-12
1.0167e-11,1.2895e-11,1.1493e-11
1.4597e-11,1.029e-11,2.9336e-12
9.8145e-12,1.5185e-11,1.6605e-11
1.0769e-11,2.6666e-11,2.7743e-11
3.2965e-11,2.5625e-11,2.7379e-11
3.1126e-11,2.1354e-11,2.1239e-11
3.188e-11,2.1811e-11,1.736e-11
2.6564e-11,1.8217e-11,1.4677e-11
2.6764e-11,2.1544e-11,1.2687e-11
2.5932e-11,2.0315e-11,1.2097e-11
1.5941e-11,1.6338e-11,1.3822e-11
1.8261e-11,1.4348e-11,9.4811e-12
1.4722e-11,1.724e-11,1.7419e-11
1.4324e-11,1.9493e-11,1.8631e-11
1.6715e-11,2.1603e-11,2.0877e-11
3.4623e-11,3.881e-11,1.532e-11
1.1146e-11,1.1884e-11,1.0956e-11
1.4883e-11,2.0111e-11,1.8351e-11
1.3259e-11,1.6473e-11,1.6407e-11
1.4555e-11,2.2865e-11,2.1296e-11
1.341e-11,1.5816e-11,1.4117e-11
1.1641e-11,1.0236e-11,4.3477e-12
3.5572e-11,3.7333e-11,1.1078e-11
1.3191e-11,1.6085e-11,1.6342e-11
1.1843e-11,1.5401e-11,1.5359e-11
2.3142e-11,2.3221e-11,5.7291e-12
1.2195e-11,1.7456e-11,1.835e-11
1.0403e-11,1.464e-11,1.3844e-11
1.6951e-11,1.5534e-11,4.8081e-12
8.8883e-12,8.4849e-12,5.3048e-12
9.0426e-12,8.615e-12,7.393e-12
8.4896e-12,8.069e-12,6.448e-12
9.3007e-12,1.051e-11,8.7638e-12
3.4733e-11,2.4526e-11,2.1291e-11
3.1412e-11,2.4221e-11,2.7854e-11
3.0753e-11,2.1701e-11,1.942e-11
2.9879e-11,2.3448e-11,1.4428e-11
2.4784e-11,1.9522e-11,1.3752e-11
3.0173e-11,2.622e-11,1.3469e-11
2.6211e-11,3.0003e-11,3.0922e-11
1.9232e-11,2.4908e-11,2.4104e-11
1.8143e-11,1.5491e-11,9.2355e-12
1.3453e-11,1.3595e-11,1.1502e-11
3.4169e-11,3.7641e-11,1.479e-11
3.1837e-11,3.39e-11,1.2291e-11
1.9546e-11,2.8569e-11,2.7761e-11
1.8613e-11,1.6616e-11,7.9526e-12
1.227e-11,1.444e-11,1.3081e-11
1.3401e-11,1.6037e-11,1.5199e-11
3.0992e-11,3.5855e-11,1.2956e-11
1.3087e-11,1.4347e-11,1.3112e-11
1.7955e-11,2.2692e-11,2.2039e-11
1.3872e-11,1.5036e-11,1.3687e-11
1.0773e-11,1.3651e-11,1.293e-11
3.0371e-11,3.5412e-11,1.1466e-11
3.4862e-11,3.9196e-11,1.2889e-11
1.534e-11,2.7078e-11,2.8425e-11
1.3067e-11,1.2138e-11,6.2206e-12
1.2776e-11,1.6042e-11,1.522e-11
1.2551e-11,1.7729e-11,1.8314e-11
1.1713e-11,1.4959e-11,1.3986e-11
8.8618e-12,8.8193e-12,7.3318e-12
1.178e-11,8.5543e-12,3.1492e-12
9.3434e-12,1.088e-11,8.73e-12
9.402e-12,1.0837e-11,9.127e-12
3.1474e-11,2.2148e-11,2.1643e-11
3.1916e-11,2.63e-11,1.5446e-11
2.1792e-11,2.477e-11,2.5667e-11
1.9159e-11,1.6168e-11,1.0931e-11
1.5867e-11,1.7595e-11,1.61e-11
1.7008e-11,1.6716e-11,1.2797e-11
1.6578e-11,1.6114e-11,1.251e-11
1.5979e-11,1.9434e-11,1.8943e-11
2.3926e-11,3.0452e-11,3.0355e-11
3.1228e-11,2.8689e-11,1.3914e-11
2.0822e-11,2.6055e-11,2.5544e-11
2.1008e-11,2.6057e-11,2.4874e-11
1.5629e-11,1.9683e-11,1.8593e-11
1.5447e-11,1.3941e-11,9.0645e-12
2.1046e-11,3.1582e-11,2.8394e-11
1.4076e-11,1.6009e-11,1.4894e-11
1.783e-11,1.617e-11,7.1353e-12
1.0946e-11,1.2816e-11,1.127e-11
1.0673e-11,1.1561e-11,7.1376e-12
2.5333e-11,2.8773e-11,9.4835e-12
1.015e-11,1.1705e-11,8.3129e-12
1.4467e-11,1.428e-11,5.6899e-12
1.3215e-11,1.2144e-11,6.9087e-12
2.2245e-11,2.5426e-11,5.2522e-12
1.4519e-11,2.2562e-11,2.2997e-11
9.3417e-12,1.0323e-11,7.6945e-12
9.0082e-12,8.9518e-12,5.3725e-12
1.253e-11,3.9417e-11,3.6989e-11
1.2624e-11,9.5498e-12,3.643e-12
1.1861e-11,1.2309e-11,1.0831e-11
1.324e-11,2.2541e-11,2.1322e-11
1.6942e-11,1.3206e-11,1.307e-12
9.5875e-12,1.2133e-11,1.3265e-11
1.3013e-11,3.2687e-11,3.1298e-11
3.614e-11,2.6803e-11,2.981e-11
3.6156e-11,2.6833e-11,2.0354e-11
2.1322e-11,1.7561e-11,1.649e-11
2.078e-11,2.2045e-11,2.2652e-11
3.0443e-11,2.4809e-11,1.467e-11
2.149e-11,2.3961e-11,2.4234e-11
2.475e-11,1.8906e-11,1.2413e-11
3.3701e-11,2.9188e-11,1.5987e-11
2.3487e-11,2.9508e-11,2.9115e-11
3.2433e-11,3.0693e-11,1.3329e-11
2.133e-11,2.7689e-11,2.6387e-11
2.5577e-11,2.5528e-11,1.0106e-11
1.1956e-11,1.2214e-11,1.0563e-11
2.266e-11,2.3046e-11,9.332e-12
2.0371e-11,2.5707e-11,2.4462e-11
1.8261e-11,1.594e-11,7.2309e-12
3.6146e-11,4.0303e-11,1.2839e-11
1.3502e-11,1.8871e-11,1.6473e-11
1.501e-11,1.9443e-11,1.9234e-11
1.5693e-11,2.3558e-11,2.0054e-11
8.7773e-12,9.5132e-12,6.7551e-12
2.1053e-11,2.1679e-11,4.3257e-12
9.1819e-12,8.7213e-12,6.3061e-12
1.1809e-11,2.707e-11,2.4534e-11
9.3612e-12,9.3612e-12,6.6633e-12
1.3213e-11,3.8723e-11,3.8396e-11
9.8152e-12,9.9197e-12,5.5152e-12
9.0905e-12,1.0163e-11,7.9369e-12
9.4443e-12,1.0889e-11,8.8467e-12
9.6577e-12,8.9111e-12,6.0756e-12
9.4818e-12,1.0061e-11,7.3812e-12
9.0996e-12,8.2468e-12,6.6092e-12
1.026e-11,1.139e-11,8.5712e-12
1.269e-11,2.7492e-11,2.8315e-11
3.7651e-11,2.6177e-11,2.1899e-11
4.0091e-11,2.7115e-11,2.2293e-11
3.5045e-11,2.8516e-11,2.9324e-11
3.5937e-11,2.9333e-11,3.2683e-11
3.4552e-11,2.7323e-11,3.2655e-11
3.4291e-11,2.4959e-11,1.8306e-11
3.3243e-11,2.5417e-11,1.6692e-11
2.8029e-11,2.0744e-11,1.3754e-11
2.7303e-11,2.2111e-11,1.3991e-11
3.2601e-11,2.7194e-11,1.5773e-11
2.965e-11,2.4785e-11,1.3664e-11
1.8041e-11,1.6455e-11,1.2296e-11
2.4757e-11,2.9815e-11,3.1804e-11
2.3486e-11,2.9214e-11,2.9399e-11
2.3892e-11,3.0417e-11,2.8676e-11
2.5474e-11,2.211e-11,1.1608e-11
1.2839e-11,1.2823e-11,1.0567e-11
1.7366e-11,1.5679e-11,7.5875e-12
2.0841e-11,2.9581e-11,2.7952e-11
1.3834e-11,1.4382e-11,1.0048e-11
1.2473e-11,1.4735e-11,8.2793e-12
1.2745e-11,1.4239e-11,8.546e-12
1.6677e-11,1.5198e-11,8.3097e-12
1.0645e-11,1.1887e-11,6.9493e-12
1.0666e-11,1.2419e-11,8.2892e-12
1.0065e-11,1.1666e-11,8.4117e-12
2.4709e-11,3.0184e-11,6.9454e-12
2.7744e-11,3.2806e-11,7.2566e-12
3.8882e-11,4.1644e-11,1.0608e-11
2.9225e-11,3.2463e-11,7.8164e-12
8.7991e-12,9.5537e-12,7.4243e-12
2.2279e-11,2.4465e-11,3.297e-12
2.5133e-11,2.9989e-11,7.3251e-12
1.2324e-11,9.7382e-12,4.8937e-12
1.1477e-11,1.2348e-11,1.1783e-11
9.9451e-12,1.0575e-11,9.3893e-12
1.065e-11,1e-11,5.2883e-12
1.1203e-11,9.6128e-12,4.6116e-12
1.3804e-11,3.5682e-11,3.4577e-11
1.0165e-11,1.3022e-11,1.2546e-11
1.1775e-11,1.9805e-11,1.8477e-11
9.8945e-12,1.0671e-11,7.2782e-12
3.6392e-11,2.9772e-11,3.1168e-11
3.8132e-11,2.8831e-11,3.4825e-11
3.3997e-11,2.3972e-11,1.9155e-11
2.4378e-11,2.3007e-11,2.3969e-11
2.1827e-11,1.9697e-11,1.7573e-11
2.2927e-11,1.8788e-11,1.6775e-11
2.6997e-11,2.0534e-11,1.33e-11
2.2808e-11,2.6047e-11,2.6135e-11
3.1099e-11,2.6337e-11,1.4357e-11
1.7425e-11,1.8086e-11,1.5826e-11
1.5995e-11,1.5901e-11,1.2748e-11
1.8066e-11,2.1759e-11,2.0724e-11
1.8738e-11,2.5173e-11,2.4643e-11
1.5846e-11,1.7754e-11,1.4594e-11
1.6447e-11,1.4712e-11,8.1966e-12
2.2242e-11,3.3217e-11,3.3021e-11
2.0706e-11,3.3844e-11,3.041e-11
1.9429e-11,2.9814e-11,2.8587e-11
1.231e-11,1.2681e-11,6.1925e-12
1.3827e-11,1.7426e-11,1.6049e-11
2.2453e-11,2.8122e-11,7.3829e-12
1.7618e-11,2.104e-11,1.9915e-11
1.858e-11,3.2758e-11,3.3591e-11
3.6858e-11,4.0656e-11,1.1224e-11
1.391e-11,1.3357e-11,6.2403e-12
1.6949e-11,2.4156e-11,2.0335e-11
1.4824e-11,1.9933e-11,1.914e-11
1.5242e-11,2.011e-11,1.8414e-11
1.5758e-11,3.201e-11,3.0496e-11
1.8095e-11,2.8516e-11,2.4884e-11
1.5597e-11,1.4394e-11,3.6598e-12
2.6536e-11,2.9598e-11,5.0141e-12
1.0092e-11,1.0863e-11,7.5096e-12
1.4598e-11,1.128e-11,3.3446e-12
9.9761e-12,1.0888e-11,9.3743e-12
9.3429e-12,8.9754e-12,5.9383e-12
1.2242e-11,1.3462e-11,1.2362e-11
3.327e-11,3.3383e-11,7.499e-12
1.196e-11,3.488e-11,3.369e-11
1.2843e-11,2.1199e-11,1.9938e-11
1.0362e-11,1.1023e-11,7.5017e-12
1.0599e-11,1.2208e-11,8.6498e-12
3.3155e-11,2.462e-11,2.5603e-11
3.1311e-11,2.2827e-11,1.6922e-11
2.5642e-11,2.3809e-11,2.4405e-11
2.559e-11,2.4113e-11,2.4637e-11
2.6106e-11,1.8997e-11,1.4908e-11
2.2977e-11,2.82e-11,2.8661e-11
2.2802e-11,1.7425e-11,1.1748e-11
2.1393e-11,1.9281e-11,1.3669e-11
1.8956e-11,2.0866e-11,2.1031e-11
1.8456e-11,2.0351e-11,1.7642e-11
1.687e-11,1.9618e-11,1.904e-11
3.0191e-11,2.6716e-11,1.2904e-11
1.5503e-11,1.4816e-11,8.9486e-12
1.3357e-11,1.5294e-11,1.2935e-11
1.4534e-11,1.4493e-11,8.7727e-12
1.4052e-11,1.3881e-11,8.6446e-12
2.3377e-11,3.0618e-11,2.9219e-11
2.3641e-11,2.514e-11,1.0052e-11
2.4976e-11,2.7228e-11,1.0002e-11
2.0918e-11,2.827e-11,2.6307e-11
2.3073e-11,3.5587e-11,3.2196e-11
3.3753e-11,3.874e-11,1.2917e-11
1.2466e-11,1.2594e-11,7.5957e-12
1.0629e-11,1.2117e-11,8.4017e-12
1.1415e-11,1.1707e-11,7.0559e-12
1.024e-11,1.1641e-11,6.6837e-12
1.1565e-11,1.248e-11,6.113e-12
1.8565e-11,2.6448e-11,2.2812e-11
1.4737e-11,1.3623e-11,4.8869e-12
9.2503e-12,9.9712e-12,8.5708e-12
3.7302e-11,3.9092e-11,7.3845e-12
9.7582e-12,9.5698e-12,6.2919e-12
1.357e-11,1.0317e-11,5.45e-12
2.8731e-11,2.9739e-11,4.8144e-12
1.1685e-11,1.0467e-11,4.835e-12
1.3204e-11,1.0065e-11,3.8923e-12
1.3847e-11,3.4891e-11,3.4155e-11
1.029e-11,1.1444e-11,8.4477e-12
9.8173e-12,1.0069e-11,7.6795e-12
1.1324e-11,1.9288e-11,1.7753e-11
3.8164e-11,2.7795e-11,2.1622e-11
3.4106e-11,2.8311e-11,2.708e-11
3.3927e-11,3.0161e-11,3.2102e-11
3.232e-11,2.987e-11,3.1826e-11
2.5622e-11,2.3042e-11,1.9523e-11
2.4224e-11,2.2768e-11,2.2637e-11
2.3927e-11,2.3531e-11,2.2808e-11
2.4433e-11,1.9516e-11,1.5251e-11
2.9046e-11,2.4158e-11,1.5002e-11
2.1283e-11,2.0337e-11,1.6795e-11
2.1569e-11,1.8281e-11,1.4867e-11
2.1698e-11,1.9147e-11,1.3523e-11
2.7836e-11,2.4398e-11,1.3492e-11
3.3752e-11,3.0852e-11,1.4285e-11
1.6529e-11,1.6045e-11,1.2733e-11
2.0412e-11,2.4671e-11,2.3618e-11
3.4844e-11,3.2988e-11,1.4358e-11
2.7109e-11,2.1923e-11,1.2453e-11
2.8857e-11,2.5826e-11,1.2017e-11
1.7247e-11,1.6132e-11,1.007e-11
2.3682e-11,1.9758e-11,1.0826e-11
1.4932e-11,1.3992e-11,1.2482e-11
1.3959e-11,1.5614e-11,1.2263e-11
3.6038e-11,4.1155e-11,1.6595e-11
2.1593e-11,2.7773e-11,2.5204e-11
1.4793e-11,1.4739e-11,7.8765e-12
1.263e-11,1.2974e-11,7.819e-12
1.4233e-11,1.4668e-11,7.2206e-12
2.1967e-11,2.5939e-11,8.1773e-12
1.176e-11,1.239e-11,7.2334e-12
1.1059e-11,1.3079e-11,7.2407e-12
1.2379e-11,1.2033e-11,6.528e-12
1.7681e-11,3.4526e-11,3.2156e-11
1.5396e-11,2.342e-11,2.0544e-11
1.4261e-11,1.1848e-11,5.8683e-12
1.9903e-11,1.8309e-11,2.7063e-12
1.0546e-11,1.1408e-11,8.3011e-12
1.4686e-11,1.0765e-11,4.4296e-12
1.0334e-11,1.0111e-11,6.8975e-12
1.3954e-11,3.1071e-11,3.101e-11
3.5274e-11,3.0136e-11,3.0966e-11
3.8077e-11,2.6065e-11,1.968e-11
2.9603e-11,2.4298e-11,2.186e-11
2.7571e-11,2.9181e-11,2.9012e-11
2.4573e-11,2.3798e-11,2.2774e-11
2.4945e-11,2.1227e-11,1.7215e-11
2.1983e-11,2.0827e-11,1.7235e-11
2.2635e-11,2.5752e-11,2.3329e-11
2.3588e-11,1.9695e-11,1.2045e-11
1.6169e-11,1.8089e-11,1.5846e-11
2.0503e-11,1.8721e-11,1.0196e-11
1.694e-11,1.6118e-11,1.0129e-11
2.0176e-11,2.656e-11,2.3678e-11
3.539e-11,4.1563e-11,1.3449e-11
1.3744e-11,1.7493e-11,1.4884e-11
2.4199e-11,3.6045e-11,3.4212e-11
1.9246e-11,1.6977e-11,7.4367e-12
3.6267e-11,4.0317e-11,1.1382e-11
3.701e-11,4.1637e-11,1.0951e-11
2.0186e-11,2.2724e-11,6.113e-12
1.1948e-11,1.2794e-11,6.5027e-12
1.3351e-11,1.4642e-11,1.1942e-11
1.2793e-11,1.4086e-11,1.1095e-11
1.3832e-11,2.1003e-11,1.668e-11
3.4467e-11,3.7894e-11,5.8613e-12
1.2224e-11,1.1636e-11,6.1182e-12
1.2819e-11,1.4163e-11,1.2074e-11
1.0164e-11,1.152e-11,8.3819e-12
1.3169e-11,1.8915e-11,1.6871e-11
1.2889e-11,2.6077e-11,2.2456e-11
1.042e-11,9.9922e-12,6.5231e-12
1.4888e-11,2.0106e-11,1.8451e-11
1.095e-11,1.205e-11,8.7311e-12
1.1135e-11,1.1991e-11,8.3303e-12
3.2271e-11,2.649e-11,2.4887e-11
3.5008e-11,2.78e-11,1.7797e-11
2.7149e-11,2.1537e-11,1.6147e-11
2.7529e-11,2.7845e-11,2.7949e-11
2.1627e-11,1.9926e-11,1.6628e-11
2.4397e-11,3.003e-11,2.9506e-11
2.3991e-11,3.0485e-11,2.8903e-11
2.0741e-11,2.704e-11,2.5297e-11
3.4788e-11,3.9574e-11,1.5398e-11
2.7791e-11,2.7786e-11,1.212e-11
1.5755e-11,2.0353e-11,1.8778e-11
2.3693e-11,3.1948e-11,2.8675e-11
1.6048e-11,1.6306e-11,9.8239e-12
1.4365e-11,1.5643e-11,1.3158e-11
1.6286e-11,1.6259e-11,8.4818e-12
1.5737e-11,2.0011e-11,1.7804e-11
1.3995e-11,1.5184e-11,1.2049e-11
1.3992e-11,3.3249e-11,3.0745e-11
1.0434e-11,1.1687e-11,7.9368e-12
1.2939e-11,1.1861e-11,5.5492e-12
1.4723e-11,2.3692e-11,2.201e-11
1.1729e-11,1.0541e-11,6.269e-12
1.3546e-11,1.5424e-11,1.3597e-11
1.7258e-11,1.1839e-11,3.1265e-12
1.1543e-11,1.229e-11,8.4451e-12
1.3604e-11,1.5034e-11,1.4934e-11
3.896e-11,2.8674e-11,1.9827e-11
3.5544e-11,2.6268e-11,1.9828e-11
3.0614e-11,2.638e-11,2.5036e-11
3.0649e-11,2.4946e-11,2.2847e-11
2.7584e-11,2.3479e-11,2.3339e-11
1.9507e-11,1.8769e-11,1.6578e-11
2.4692e-11,3.0439e-11,2.8768e-11
2.5904e-11,2.2156e-11,1.2524e-11
1.7357e-11,1.7416e-11,1.1481e-11
1.3613e-11,1.6101e-11,1.2474e-11
2.1953e-11,2.9394e-11,2.5883e-11
1.4044e-11,1.4999e-11,8.7657e-12
2.1928e-11,2.9933e-11,2.6619e-11
1.5917e-11,1.6562e-11,8.8184e-12
1.5685e-11,1.6261e-11,7.5909e-12
1.614e-11,1.6438e-11,7.6702e-12
1.1585e-11,1.29e-11,8.5671e-12
1.4549e-11,1.6574e-11,1.2959e-11
1.5371e-11,2.1317e-11,1.7695e-11
1.4485e-11,1.9165e-11,1.7511e-11
1.6782e-11,1.4236e-11,5.172e-12
1.0657e-11,1.2146e-11,8.5743e-12
3.0878e-11,3.0505e-11,2.8184e-12
1.4481e-11,3.6493e-11,3.386e-11
1.1567e-11,1.0688e-11,1.034e-11
1.2667e-11,1.3329e-11,1.2404e-11
2.4891e-11,2.0024e-11,3.8824e-12
2.8735e-11,2.2669e-11,1.6214e-11
2.9789e-11,2.4799e-11,1.4968e-11
2.4781e-11,2.8112e-11,2.7415e-11
1.512e-11,1.5504e-11,1.014e-11
1.8316e-11,2.0747e-11,1.7411e-11
1.7821e-11,1.795e-11,1.0334e-11
1.4345e-11,1.5237e-11,1.0028e-11
2.5832e-11,2.333e-11,1.0773e-11
1.3765e-11,1.4899e-11,9.9e-12
1.1999e-11,1.3673e-11,9.8686e-12
3.614e-11,4.3293e-11,7.4638e-12
1.4647e-11,1.4793e-11,6.5355e-12
1.5123e-11,1.7002e-11,1.3366e-11
1.2636e-11,1.3542e-11,6.4117e-12
1.2486e-11,1.5045e-11,1.1338e-11
1.3174e-11,1.4177e-11,1.2315e-11
1.6692e-11,2.1723e-11,1.8665e-11
1.3964e-11,1.7982e-11,1.5423e-11
1.5977e-11,3.7505e-11,3.4671e-11
1.2492e-11,1.1232e-11,6.2344e-12
1.1377e-11,1.0908e-11,9.0565e-12
1.281e-11,1.4478e-11,1.1055e-11
1.2089e-11,1.1104e-11,8.5991e-12
3.6246e-11,3.1919e-11,3.1261e-11
3.2611e-11,2.7583e-11,1.5706e-11
2.4179e-11,2.952e-11,2.7479e-11
2.0874e-11,1.9774e-11,2.006e-11
1.5629e-11,1.8281e-11,1.2666e-11
3.3656e-11,3.5572e-11,1.1876e-11
1.7458e-11,1.7625e-11,9.9927e-12
2.1118e-11,2.6366e-11,2.2447e-11
1.9657e-11,2.6303e-11,2.3132e-11
1.4633e-11,1.6209e-11,8.635e-12
1.4111e-11,1.546e-11,1.4528e-11
1.3511e-11,1.4575e-11,6.8421e-12
1.8819e-11,3.4735e-11,3.1674e-11
1.9823e-11,1.8205e-11,4.641e-12
1.0948e-11,1.1929e-11,8.3393e-12
1.3405e-11,1.4898e-11,1.2454e-11
1.0572e-11,1.2632e-11,8.7918e-12
1.585e-11,2.3162e-11,1.9928e-11
1.7549e-11,2.8641e-11,2.4201e-11
1.3567e-11,1.3295e-11,6.648e-12
2.1343e-11,1.7e-11,2.3585e-12
2.0214e-11,1.4699e-11,3.6671e-12
1.4503e-11,1.9149e-11,1.6472e-11
1.5386e-11,3.3025e-11,3.0828e-11
1.1343e-11,1.0789e-11,8.1495e-12
1.4638e-11,1.6573e-11,1.2954e-11
1.5246e-11,2.6319e-11,2.1895e-11
3.6323e-11,2.7987e-11,1.8165e-11
3.031e-11,2.5595e-11,2.2433e-11
3.3301e-11,2.9493e-11,1.7304e-11
3.2343e-11,2.7068e-11,1.6608e-11
2.9011e-11,2.5384e-11,1.4449e-11
2.1536e-11,1.9401e-11,1.2946e-11
2.0713e-11,2.0748e-11,1.2589e-11
1.8231e-11,2.3502e-11,2.3392e-11
2.262e-11,2.1513e-11,1.0867e-11
3.6239e-11,3.9921e-11,1.306e-11
1.4291e-11,1.5346e-11,1.1199e-11
2.369e-11,2.0208e-11,9.1958e-12
1.6195e-11,1.9549e-11,1.5167e-11
1.9647e-11,1.8905e-11,9.306e-12
3.9684e-11,4.5354e-11,8.7429e-12
3.4423e-11,4.1024e-11,7.4914e-12
1.5459e-11,1.8494e-11,1.5656e-11
1.6462e-11,1.9818e-11,1.614e-11
1.2704e-11,1.5149e-11,1.126e-11
1.2672e-11,1.521e-11,1.1304e-11
1.8053e-11,3.9173e-11,3.5826e-11
1.1333e-11,1.36e-11,9.2125e-12
3.7046e-11,3.7607e-11,3.3061e-12
1.184e-11,1.1871e-11,7.7997e-12
2.2649e-11,1.7741e-11,2.8464e-12
1.3287e-11,1.2334e-11,7.029e-12
1.7668e-11,3.3806e-11,3.0371e-11
1.1403e-11,1.1328e-11,8.8677e-12
1.149e-11,1.0748e-11,8.2912e-12
3.0774e-11,2.6839e-11,2.2333e-11
3.504e-11,2.7942e-11,1.8343e-11
2.6257e-11,2.8565e-11,2.7429e-11
2.2905e-11,2.1483e-11,1.7539e-11
2.9288e-11,2.596e-11,1.5049e-11
2.6673e-11,2.31e-11,1.4579e-11
2.6762e-11,2.3247e-11,1.3635e-11
2.4507e-11,2.8739e-11,2.6767e-11
2.9762e-11,2.5205e-11,1.3122e-11
3.3596e-11,2.9328e-11,1.3286e-11
1.8491e-11,2.1342e-11,1.7641e-11
1.836e-11,2.4313e-11,2.2133e-11
2.4179e-11,2.9203e-11,2.4861e-11
4.0447e-11,4.6437e-11,1.0525e-11
1.857e-11,2.3885e-11,2.076e-11
1.8379e-11,2.2786e-11,2.1213e-11
1.2208e-11,1.3553e-11,8.4793e-12
1.2269e-11,1.5063e-11,1.1273e-11
1.6276e-11,1.762e-11,7.9005e-12
1.2722e-11,1.4906e-11,1.3671e-11
2.1309e-11,2.1076e-11,4.585e-12
2.298e-11,2.4278e-11,6.2113e-12
1.658e-11,1.5649e-11,6.6724e-12
1.1355e-11,1.365e-11,9.0399e-12
1.0914e-11,1.2325e-11,8.2758e-12
3.6459e-11,3.8124e-11,4.0016e-12
1.2729e-11,1.5517e-11,1.091e-11
1.2708e-11,1.4048e-11,7.3588e-12
1.296e-11,1.5836e-11,1.1515e-11
1.8701e-11,3.9671e-11,3.5548e-11
1.2342e-11,1.1708e-11,7.8376e-12
1.305e-11,1.4333e-11,9.2563e-12
1.268e-11,1.1751e-11,7.8119e-12
3.3878e-11,2.8278e-11,2.549e-11
3.3942e-11,3.0445e-11,2.8241e-11
3.0721e-11,2.5591e-11,1.9764e-11
2.726e-11,2.4195e-11,2.1078e-11
3.5633e-11,3.0558e-11,1.7329e-11
2.9271e-11,2.5911e-11,1.8296e-11
2.9823e-11,2.5672e-11,1.655e-11
3.1783e-11,2.7834e-11,1.2597e-11
2.5786e-11,2.1901e-11,1.1959e-11
2.417e-11,2.1765e-11,1.1495e-11
2.0244e-11,2.1117e-11,1.014e-11
3.6079e-11,4.2696e-11,7.0575e-12
1.3036e-11,1.5893e-11,1.1241e-11
1.6005e-11,2.1385e-11,1.7809e-11
3.2818e-11,3.7415e-11,3.5529e-12
1.2628e-11,1.3865e-11,7.4134e-12
1.5508e-11,1.8953e-11,1.5173e-11
1.9996e-11,3.5547e-11,3.0293e-11
1.8183e-11,3.0159e-11,2.5006e-11
3.6067e-11,3.512e-11,2.6011e-12
1.4254e-11,1.3738e-11,8.0011e-12
1.3128e-11,1.4922e-11,9.7815e-12
2.9124e-11,2.5443e-11,2.391e-12
2.689e-11,2.1365e-11,2.1178e-12
3.4469e-11,3.1623e-11,2.8113e-11
3.3741e-11,2.9007e-11,2.557e-11
3.0895e-11,3.1186e-11,2.6737e-11
2.5365e-11,2.3976e-11,1.8614e-11
3.4403e-11,3.104e-11,1.7323e-11
2.4583e-11,2.4004e-11,1.5021e-11
3.2499e-11,2.9344e-11,1.5652e-11
1.8134e-11,2.0261e-11,1.7198e-11
3.7969e-11,3.5417e-11,1.4184e-11
1.9311e-11,1.8917e-11,1.136e-11
3.7441e-11,3.7731e-11,1.3405e-11
1.5273e-11,1.6398e-11,1.2867e-11
3.2211e-11,3.1555e-11,9.6333e-12
1.4371e-11,1.6898e-11,1.387e-11
1.852e-11,1.8046e-11,7.2657e-12
2.1046e-11,3.2358e-11,2.6488e-11
2.2452e-11,3.6506e-11,3.137e-11
1.6003e-11,1.8429e-11,1.4398e-11
2.4215e-11,2.1398e-11,5.7464e-12
2.051e-11,3.3596e-11,2.8419e-11
3.4977e-11,3.6049e-11,3.0804e-12
1.3738e-11,1.6727e-11,1.122e-11
1.3326e-11,1.3624e-11,8.476e-12
2.5296e-11,2.0576e-11,3.6246e-12
1.3329e-11,1.2818e-11,8.1317e-12
1.692e-11,1.3955e-11,5.8348e-12
1.8493e-11,2.716e-11,2.3956e-11
3.1506e-11,2.8199e-11,2.3017e-11
3.1213e-11,2.9217e-11,2.2207e-11
3.1163e-11,3.2162e-11,2.9617e-11
2.9345e-11,2.7004e-11,2.1983e-11
2.6753e-11,2.9262e-11,2.6041e-11
2.7365e-11,2.3375e-11,1.6056e-11
3.6155e-11,3.0301e-11,1.6737e-11
3.3002e-11,3.0314e-11,1.5527e-11
2.317e-11,2.3936e-11,1.5545e-11
2.5589e-11,2.8955e-11,2.6334e-11
2.0061e-11,2.1126e-11,1.3941e-11
1.88e-11,1.9127e-11,1.1277e-11
1.7564e-11,2.0344e-11,1.5358e-11
2.5929e-11,3.2186e-11,2.6812e-11
3.8071e-11,4.228e-11,9.2021e-12
1.4979e-11,1.6748e-11,8.9839e-12
1.4511e-11,1.6621e-11,1.1156e-11
2.0394e-11,2.6248e-11,2.297e-11
2.0481e-11,2.5509e-11,2.0801e-11
2.1262e-11,2.5473e-11,2.3432e-11
1.4066e-11,1.6031e-11,1.3075e-11
1.3048e-11,1.5796e-11,9.8864e-12
1.222e-11,1.3845e-11,8.876e-12
1.8066e-11,2.1379e-11,1.7839e-11
1.8375e-11,2.424e-11,2.0291e-11
3.2385e-11,2.9298e-11,2.8524e-12
2.8777e-11,2.3015e-11,2.5595e-12
3.0984e-11,2.5459e-11,2.0802e-12
1.4204e-11,1.5641e-11,1.1309e-11
3.3645e-11,3.1203e-11,2.5058e-11
3.3553e-11,2.9603e-11,2.1415e-11
2.7028e-11,2.6828e-11,2.0952e-11
2.7727e-11,2.8567e-11,2.4614e-11
3.6268e-11,3.0612e-11,1.6443e-11
2.4666e-11,2.8029e-11,2.4187e-11
3.8418e-11,3.5171e-11,1.4384e-11
3.1822e-11,2.5982e-11,1.3399e-11
4.0339e-11,3.779e-11,1.4379e-11
3.9739e-11,4.0358e-11,1.3053e-11
3.4013e-11,3.2208e-11,1.2306e-11
2.7262e-11,3.3204e-11,2.7967e-11
3.7007e-11,3.6922e-11,1.0549e-11
2.2362e-11,2.6701e-11,2.1995e-11
2.531e-11,2.4114e-11,5.7372e-12
1.8495e-11,1.9767e-11,9.3085e-12
1.463e-11,1.5558e-11,8.9256e-12
1.3347e-11,1.5046e-11,9.3342e-12
1.6311e-11,1.996e-11,1.51e-11
1.6484e-11,2.0159e-11,1.5234e-11
1.4975e-11,1.7723e-11,1.1658e-11
1.7513e-11,2.1129e-11,1.7684e-11
2.9504e-11,2.3796e-11,2.1385e-12
2.598e-11,1.8902e-11,5.3222e-12
1.466e-11,1.6653e-11,1.1671e-11
3.3876e-11,3.0159e-11,2.6026e-11
3.3471e-11,3.0433e-11,2.4322e-11
3.3139e-11,2.9734e-11,2.1198e-11
3.0053e-11,2.9011e-11,2.1486e-11
3.1125e-11,2.9662e-11,2.4403e-11
2.9687e-11,3.1909e-11,2.7603e-11
3.1458e-11,2.8197e-11,1.6058e-11
2.5607e-11,2.871e-11,2.5536e-11
2.2021e-11,2.2705e-11,1.5178e-11
2.3946e-11,2.2828e-11,1.3441e-11
1.9825e-11,1.863e-11,1.5541e-11
2.027e-11,2.1142e-11,1.7454e-11
1.9072e-11,2.277e-11,1.8957e-11
2.7085e-11,3.2281e-11,2.7177e-11
2.4527e-11,2.9125e-11,2.5347e-11
2.5798e-11,2.4119e-11,1.3086e-11
2.4862e-11,3.0847e-11,2.5599e-11
2.4904e-11,3.2206e-11,2.6462e-11
1.8533e-11,2.0296e-11,1.0176e-11
1.5403e-11,1.8172e-11,1.2138e-11
2.0576e-11,2.6153e-11,2.1278e-11
1.4403e-11,1.6238e-11,9.4887e-12
2.3787e-11,3.6028e-11,2.978e-11
1.7815e-11,1.8071e-11,9.6914e-12
2.0083e-11,1.7512e-11,5.3798e-12
1.4473e-11,1.6813e-11,1.1846e-11
1.4336e-11,1.4461e-11,1.1167e-11
3.5442e-11,3.1513e-11,2.4899e-12
1.5672e-11,1.5538e-11,1.1091e-11
1.9228e-11,3.2829e-11,2.833e-11
1.7395e-11,2.0092e-11,1.5224e-11
2.5447e-11,1.8961e-11,5.4231e-12
3.442e-11,3.3082e-11,2.7367e-11
3.1773e-11,3.2235e-11,2.9824e-11
2.2316e-11,2.2196e-11,1.504e-11
1.9844e-11,2.0377e-11,1.5189e-11
1.8614e-11,2.0617e-11,1.6195e-11
2.2572e-11,2.7771e-11,2.3974e-11
1.8628e-11,2.2073e-11,1.8128e-11
2.1005e-11,2.2489e-11,1.0697e-11
2.6178e-11,3.2996e-11,2.7758e-11
1.5417e-11,1.7452e-11,9.7607e-12
1.5374e-11,1.7303e-11,9.6089e-12
1.9688e-11,2.3988e-11,2.1184e-11
3.8403e-11,4.299e-11,3.9661e-12
1.9697e-11,2.3545e-11,1.7812e-11
1.8709e-11,2.2638e-11,1.9929e-11
2.4945e-11,2.3114e-11,7.4413e-12
1.3629e-11,1.4667e-11,9.9383e-12
1.8251e-11,2.4133e-11,2.3053e-11
1.5181e-11,1.4946e-11,9.4607e-12
1.5611e-11,1.4818e-11,1.0974e-11
3.4622e-11,3.0149e-11,2.5218e-11
2.9176e-11,2.7975e-11,2.0072e-11
2.9115e-11,3.2345e-11,2.9689e-11
2.4904e-11,2.5062e-11,1.6245e-11
3.0732e-11,2.9229e-11,1.5742e-11
2.7123e-11,2.5522e-11,1.4197e-11
1.9244e-11,2.0194e-11,1.5131e-11
2.951e-11,2.7168e-11,1.3164e-11
1.7701e-11,1.9793e-11,1.1021e-11
3.4724e-11,3.5373e-11,7.9118e-12
3.6735e-11,3.9835e-11,6.5684e-12
2.2114e-11,2.1218e-11,7.7051e-12
2.024e-11,2.4992e-11,2.1576e-11
1.55e-11,1.7351e-11,1.2444e-11
2.1366e-11,2.9183e-11,2.4174e-11
3.8682e-11,4.2276e-11,3.2953e-12
2.0416e-11,2.0328e-11,9.014e-12
2.3327e-11,3.7561e-11,3.0973e-11
1.5273e-11,1.7229e-11,1.1719e-11
3.5258e-11,3.1895e-11,2.9132e-12
1.793e-11,2.0556e-11,1.4371e-11
1.6359e-11,1.6417e-11,1.002e-11
2.4173e-11,1.9448e-11,5.1678e-12
1.7592e-11,1.7371e-11,1.0435e-11
1.5239e-11,1.6023e-11,1.1435e-11
3.0769e-11,2.1814e-11,4.1612e-12
3.5432e-11,3.2272e-11,2.571e-11
3.3178e-11,3.2542e-11,2.4992e-11
3.2912e-11,2.8945e-11,1.7052e-11
2.6055e-11,2.5937e-11,1.667e-11
2.4567e-11,2.6674e-11,2.0814e-11
2.2279e-11,2.4801e-11,2e-11
3.2573e-11,2.9604e-11,1.4311e-11
2.0827e-11,2.4537e-11,2.007e-11
1.6561e-11,1.903e-11,1.2134e-11
1.5413e-11,1.806e-11,1.1731e-11
3.8218e-11,4.1023e-11,4.3335e-12
1.7906e-11,2.1042e-11,1.403e-11
1.7384e-11,1.9099e-11,9.9453e-12
2.7288e-11,2.4523e-11,5.6916e-12
1.7287e-11,1.9139e-11,1.0422e-11
2.5864e-11,3.8875e-11,3.0804e-11
1.806e-11,2.0393e-11,1.5085e-11
2.3168e-11,3.347e-11,2.78e-11
1.588e-11,1.8747e-11,1.2197e-11
1.6224e-11,1.9115e-11,1.2374e-11
1.6275e-11,1.7197e-11,1.1872e-11
3.7227e-11,3.0617e-11,2.5403e-12
2.0928e-11,2.7875e-11,2.3668e-11
3.2777e-11,3.0462e-11,1.6901e-11
2.8868e-11,2.7203e-11,1.5351e-11
2.7554e-11,2.7685e-11,1.7102e-11
2.6586e-11,2.723e-11,1.682e-11
2.4918e-11,2.359e-11,1.8554e-11
2.4373e-11,2.5379e-11,1.4252e-11
1.9711e-11,2.2746e-11,1.676e-11
2.3459e-11,2.3518e-11,1.2315e-11
1.9891e-11,2.2433e-11,1.7078e-11
2.2963e-11,2.8409e-11,2.2015e-11
3.1965e-11,3.0565e-11,1.0447e-11
3.4169e-11,3.4807e-11,7.8862e-12
1.5555e-11,1.8091e-11,1.1604e-11
1.702e-11,2.0761e-11,1.3455e-11
1.5906e-11,1.8896e-11,1.222e-11
2.4323e-11,3.1103e-11,2.5625e-11
1.8044e-11,2.009e-11,1.0266e-11
2.4983e-11,3.9482e-11,3.139e-11
1.6147e-11,1.7606e-11,1.1939e-11
2.283e-11,2.8554e-11,2.5111e-11
2.2303e-11,3.6377e-11,2.9992e-11
1.9083e-11,1.6674e-11,7.7968e-12
3.0919e-11,2.9357e-11,1.6491e-11
3.3379e-11,2.9492e-11,1.6906e-11
2.7706e-11,2.6926e-11,1.9666e-11
1.7952e-11,1.9546e-11,1.4838e-11
3.6642e-11,3.6803e-11,1.058e-11
2.3413e-11,2.6577e-11,1.1862e-11
1.8343e-11,2.1106e-11,1.343e-11
3.7277e-11,3.8541e-11,9.5224e-12
2.0497e-11,2.2387e-11,1.1284e-11
1.6807e-11,1.9284e-11,1.2079e-11
3.804e-11,4.086e-11,7.7188e-12
3.044e-11,2.8764e-11,7.9091e-12
1.8935e-11,2.1143e-11,1.0629e-11
1.7903e-11,1.9964e-11,1.3983e-11
1.9135e-11,2.2534e-11,1.6247e-11
1.9308e-11,1.985e-11,1.0429e-11
1.7522e-11,1.7894e-11,1.4027e-11
1.9785e-11,2.1938e-11,1.414e-11
2.1157e-11,2.569e-11,2.0017e-11
1.9434e-11,2.1347e-11,1.3594e-11
2.6353e-11,2.9598e-11,2.243e-11
2.5757e-11,2.9734e-11,2.3466e-11
2.4324e-11,2.6962e-11,1.9933e-11
2.364e-11,2.7512e-11,2.0098e-11
2.6399e-11,3.2223e-11,2.4915e-11
1.9834e-11,2.1615e-11,1.5482e-11
2.1492e-11,2.4494e-11,1.2686e-11
2.1549e-11,2.5867e-11,1.8799e-11
2.0166e-11,2.2865e-11,1.6663e-11
2.3359e-11,2.5581e-11,2.0976e-11
1.6807e-11,1.8259e-11,1.2358e-11
2.6147e-11,3.2985e-11,2.8196e-11
1.8944e-11,2.0599e-11,1.2216e-11
1.782e-11,2.0015e-11,1.3117e-11
3.9484e-11,3.4528e-11,3.4405e-12
1.7307e-11,1.8689e-11,1.3221e-11
2.4328e-11,3.3459e-11,2.7919e-11
2.536e-11,3.8977e-11,3.1931e-11
4.1695e-11,3.591e-11,3.589e-12
4.1197e-11,3.4571e-11,4.0933e-12
2.0295e-11,1.8332e-11,9.3611e-12
2.0168e-11,1.9964e-11,1.1842e-11
2.3878e-11,3.275e-11,2.7081e-11
2.8037e-11,2.7267e-11,2.1079e-11
2.7616e-11,2.9607e-11,2.2097e-11
3.4922e-11,3.3294e-11,1.5184e-11
2.5743e-11,3.0403e-11,2.4335e-11
2.1229e-11,2.2161e-11,1.2093e-11
2.8098e-11,2.8021e-11,9.9455e-12
2.7443e-11,3.3002e-11,2.9714e-11
1.8007e-11,2.0066e-11,1.2268e-11
2.5357e-11,3.0852e-11,2.6314e-11
3.2601e-11,2.5287e-11,4.7948e-12
1.8674e-11,1.8568e-11,1.286e-11
2.3293e-11,2.7836e-11,2.2567e-11
2.8876e-11,2.7811e-11,1.98e-11
2.3656e-11,2.9361e-11,2.1961e-11
2.1851e-11,2.4502e-11,1.8366e-11
3.4656e-11,3.2721e-11,1.4714e-11
2.4071e-11,2.4399e-11,1.4076e-11
2.1023e-11,2.3373e-11,1.4865e-11
2.5085e-11,2.9883e-11,2.2925e-11
2.0891e-11,2.3163e-11,1.7532e-11
2.476e-11,2.9831e-11,2.2812e-11
3.8795e-11,3.882e-11,1.184e-11
3.3613e-11,3.2966e-11,1.214e-11
3.1269e-11,3.1866e-11,1.3747e-11
2.1306e-11,2.2956e-11,1.3201e-11
3.6915e-11,3.7121e-11,9.5602e-12
1.8882e-11,2.2343e-11,1.5094e-11
2.3962e-11,2.587e-11,1.2965e-11
1.9534e-11,2.162e-11,1.5207e-11
2.1208e-11,2.3381e-11,1.5739e-11
2.7625e-11,2.411e-11,8.4059e-12
1.8643e-11,1.9712e-11,1.4097e-11
3.2115e-11,2.5639e-11,5.3615e-12
2.6105e-11,3.6797e-11,3.1409e-11
2.4703e-11,3.021e-11,2.4277e-11
1.8353e-11,1.9173e-11,1.323e-11
1.8433e-11,1.9784e-11,1.4962e-11
3.1508e-11,2.5136e-11,6.3146e-12
2.6282e-11,2.2859e-11,9.9919e-12
3.1244e-11,3.022e-11,2.2706e-11
2.9654e-11,2.9199e-11,1.5203e-11
2.491e-11,3.0486e-11,2.1762e-11
3.2145e-11,3.3511e-11,1.5528e-11
2.384e-11,2.9005e-11,2.1392e-11
2.5398e-11,2.5962e-11,1.3071e-11
2.2375e-11,2.3802e-11,1.3758e-11
1.9495e-11,2.1437e-11,1.3969e-11
1.9978e-11,2.1033e-11,1.2624e-11
2.8771e-11,3.6183e-11,3.0402e-11
2.4524e-11,2.7397e-11,2.2457e-11
2.1589e-11,2.0548e-11,1.155e-11
2.1103e-11,2.4113e-11,1.6123e-11
2.0388e-11,2.3798e-11,1.5192e-11
2.4674e-11,2.7607e-11,2.0028e-11
2.6803e-11,3.3941e-11,2.8302e-11
2.1152e-11,2.3945e-11,1.605e-11
3.2137e-11,3.1277e-11,2.3179e-11
2.6349e-11,2.8208e-11,1.8967e-11
2.8789e-11,2.9167e-11,1.4671e-11
2.4433e-11,2.5424e-11,1.4812e-11
2.4921e-11,2.6343e-11,1.5025e-11
2.4242e-11,2.7509e-11,1.9e-11
2.7346e-11,2.4512e-11,9.1629e-12
2.3215e-11,2.3364e-11,1.069e-11
2.131e-11,2.4476e-11,1.571e-11
2.0676e-11,2.112e-11,1.3028e-11
2.1031e-11,2.3033e-11,1.5397e-11
2.8296e-11,3.6622e-11,3.0737e-11
2.3839e-11,2.2516e-11,1.2193e-11
2.1364e-11,2.1244e-11,1.4075e-11
2.0716e-11,2.3417e-11,1.5914e-11
3.2241e-11,3.1051e-11,2.4579e-11
2.8359e-11,2.9924e-11,2.2937e-11
2.9796e-11,3.0675e-11,1.5009e-11
2.2236e-11,2.3833e-11,1.6513e-11
3.1811e-11,3.4036e-11,1.467e-11
3.2449e-11,3.2285e-11,1.2914e-11
3.009e-11,3.3036e-11,1.368e-11
3.886e-11,3.7683e-11,9.8862e-12
3.0326e-11,3.343e-11,1.33e-11
2.0698e-11,2.2727e-11,1.4927e-11
2.357e-11,2.5221e-11,1.7972e-11
4.0789e-11,3.5771e-11,5.6666e-12
2.1695e-11,2.448e-11,1.6328e-11
2.7089e-11,2.9571e-11,2.1291e-11
3.4294e-11,2.8473e-11,8.3073e-12
2.3031e-11,2.2933e-11,1.4568e-11
2.2315e-11,2.2451e-11,1.4938e-11
2.1859e-11,2.4932e-11,1.6524e-11
3.4492e-11,3.1944e-11,2.4672e-11
2.903e-11,3.0283e-11,2.0397e-11
2.6248e-11,2.7008e-11,1.9772e-11
3.0541e-11,3.0255e-11,1.5133e-11
3.9732e-11,3.8555e-11,1.3826e-11
2.8034e-11,3.0448e-11,1.4607e-11
2.4176e-11,2.6907e-11,1.852e-11
2.418e-11,2.6744e-11,1.8124e-11
2.2465e-11,2.4315e-11,1.5671e-11
4.1261e-11,3.547e-11,7.5324e-12
3.3716e-11,2.8863e-11,8.2403e-12
2.6914e-11,2.9789e-11,2.0965e-11
2.8223e-11,3.1302e-11,2.2346e-11
2.2374e-11,2.5497e-11,1.6182e-11
2.5845e-11,2.9104e-11,1.9399e-11
3.2569e-11,3.2445e-11,2.4936e-11
2.8642e-11,2.9938e-11,2.2786e-11
2.668e-11,3.0549e-11,2.0759e-11
3.4926e-11,3.5872e-11,1.3535e-11
2.3474e-11,2.5679e-11,1.7675e-11
4.5177e-11,3.7314e-11,7.0005e-12
2.3967e-11,2.731e-11,1.7261e-11
3.0333e-11,2.8668e-11,1.2147e-11
2.8211e-11,3.1227e-11,2.15e-11
3.1258e-11,3.3128e-11,2.1626e-11
2.8989e-11,2.9673e-11,2.1917e-11
2.7992e-11,2.8698e-11,1.4763e-11
3.3472e-11,3.7544e-11,1.4699e-11
3.7788e-11,3.8127e-11,1.3228e-11
2.6213e-11,2.9442e-11,1.9813e-11
2.4812e-11,2.7729e-11,1.7607e-11
2.6311e-11,2.9389e-11,1.8414e-11
2.3783e-11,2.5582e-11,1.6067e-11
2.5108e-11,2.8324e-11,1.7739e-11
2.8238e-11,2.753e-11,1.5095e-11
2.3316e-11,2.5934e-11,1.7964e-11
3.1408e-11,2.9433e-11,1.3098e-11
2.3936e-11,2.5141e-11,1.8907e-11
3.4213e-11,3.4816e-11,1.6956e-11
2.821e-11,3.1613e-11,2.1263e-11
2.9162e-11,2.9385e-11,1.6261e-11
2.5972e-11,2.9859e-11,2.0155e-11
2.9095e-11,3.1948e-11,2.1401e-11
3.8103e-11,3.7191e-11,1.1772e-11
4.3237e-11,3.8587e-11,9.2423e-12
2.8983e-11,3.0895e-11,2.0235e-11
2.8471e-11,2.8248e-11,1.629e-11
3.0219e-11,2.9479e-11,1.626e-11
2.495e-11,2.7485e-11,1.8973e-11
3.0178e-11,2.8704e-11,1.646e-11
3.0555e-11,3.3409e-11,1.7771e-11
2.8152e-11,3.1262e-11,2.041e-11
2.6442e-11,2.9407e-11,1.8606e-11
2.6195e-11,2.7181e-11,2.0149e-11
3.4799e-11,3.6459e-11,2.3478e-11
3.4467e-11,3.725e-11,2.0403e-11
3.0557e-11,3.4285e-11,1.8509e-11
3.3526e-11,3.4906e-11,1.7072e-11
3.057e-11,3.2725e-11,2.3393e-11
2.9766e-11,3.2512e-11,2.1345e-11
2.7209e-11,3.0585e-11,2.0232e-11
2.7682e-11,3.0909e-11,1.9844e-11
2.8206e-11,3.0998e-11,2.0316e-11
2.6951e-11,3.0193e-11,2.0401e-11
3.5323e-11,3.7856e-11,2.3954e-11
3.0779e-11,3.3575e-11,2.0255e-11
2.7615e-11,3.0462e-11,2.0159e-11
3.4928e-11,3.5271e-11,1.9293e-11
2.9048e-11,3.2521e-11,2.1116e-11
2.8867e-11,3.1454e-11,2.0869e-11
3.2925e-11,3.597e-11,2.121e-11
3.0656e-11,3.2629e-11,2.228e-11
3.0921e-11,3.2675e-11,2.2109e-11
3.5248e-11,3.5438e-11,1.9311e-11
3.0604e-11,3.3862e-11,2.2058e-11
3.0899e-11,3.378e-11,2.2202e-11
3.7149e-11,3.9972e-11,2.3193e-11
5.4142e-11,7.7906e-11,2.5894e-11
5.0868e-11,7.8077e-11,2.9337e-11
5.6372e-11,7.7377e-11,2.8234e-11
4.8304e-11,7.2275e-11,2.6752e-11
3.9769e-11,7.79e-11,2.7526e-11
6.0826e-11,7.718e-11,2.5572e-11
4.2288e-11,7.8888e-11,2.3996e-11
3.8239e-11,8.787e-11,2.2891e-11
7.3984e-11,7.3808e-11,1.3503e-11
3.9978e-11,7.9556e-11,2.3974e-11
3.4527e-11,7.3594e-11,2.564e-11
3.6765e-11,7.151e-11,2.3504e-11
3.6559e-11,6.8628e-11,2.4066e-11
7.4087e-11,6.8922e-11,1.3224e-11
7.0139e-11,7.3533e-11,1.2644e-11
7.6524e-11,7.2832e-11,8.2329e-12
3.9138e-11,7.8565e-11,2.0481e-11
4.0399e-11,7.855e-11,2.0785e-11
5.7067e-11,6.9937e-11,3.6643e-11
6.6095e-11,6.3515e-11,1.435e-11
7.141e-11,7.1381e-11,9.5368e-12
5.5487e-11,6.7994e-11,2.067e-11
4.5092e-11,7.1875e-11,2.0748e-11
3.8099e-11,7.5342e-11,1.694e-11
4.6556e-11,7.3669e-11,2.6912e-11
4.4519e-11,6.3209e-11,2.7432e-11
5.2213e-11,6.1682e-11,2.7841e-11
5.5924e-11,5.494e-11,3.2421e-11
6.5549e-11,5.2301e-11,3.8297e-11
4.3033e-11,6.4872e-11,2.7118e-11
3.4933e-11,6.6256e-11,2.4845e-11
3.4534e-11,6.0125e-11,2.7101e-11
6.0222e-11,4.2002e-11,3.6658e-11
8.7517e-11,6.2974e-11,1.001e-11
5.1834e-11,6.4706e-11,1.5479e-11
4.6673e-11,6.5526e-11,2.6898e-11
4.9157e-11,4.9484e-11,3.0973e-11
7.0082e-11,4.8418e-11,4.5561e-11
7.4131e-11,4.4274e-11,4.1483e-11
7.3542e-11,5.348e-11,1.5669e-11
5.6129e-11,6.4956e-11,1.3432e-11
5.0019e-11,6.3147e-11,1.3996e-11
3.3318e-11,6.4126e-11,2.391e-11
3.7152e-11,7.4794e-11,1.5407e-11
3.2701e-11,5.4999e-11,2.4423e-11
3.4206e-11,5.8382e-11,2.3046e-11
4.4107e-11,5.4868e-11,2.6194e-11
5.1315e-11,6.6246e-11,2.4486e-11
4.5562e-11,5.7906e-11,2.3793e-11
3.2166e-11,5.1772e-11,2.5304e-11
3.137e-11,5.1894e-11,2.5172e-11
6.2165e-11,5.3773e-11,3.651e-11
5.594e-11,6.3751e-11,1.0969e-11
3.4091e-11,5.9919e-11,1.9286e-11
3.3915e-11,4.9378e-11,2.2283e-11
3.2458e-11,6.4104e-11,2.0202e-11
4.8027e-11,6.4022e-11,3.348e-11
4.518e-11,5.2797e-11,2.9342e-11
8.6894e-11,5.9046e-11,4.863e-12
8.2538e-11,5.8896e-11,3.0547e-12
4.8131e-11,6.201e-11,1.838e-11
4.3264e-11,5.9961e-11,2.1402e-11
4.9847e-11,5.7758e-11,1.6888e-11
3.2904e-11,5.6114e-11,2.3149e-11
4.4752e-11,5.9045e-11,1.584e-11
3.176e-11,5.1504e-11,2.3775e-11
4.0688e-11,6.9671e-11,2.5824e-11
3.2145e-11,4.4441e-11,2.2642e-11
4.5353e-11,6.4477e-11,2.8111e-11
3.4853e-11,5.2222e-11,2.2641e-11
5.1357e-11,3.8794e-11,3.4256e-11
6.908e-11,3.5054e-11,3.9672e-11
8.549e-11,5.2783e-11,8.2416e-12
7.04e-11,5.1928e-11,1.4992e-11
4.3235e-11,6.6319e-11,1.9433e-11
3.2131e-11,4.286e-11,2.5741e-11
6.989e-11,3.953e-11,3.8818e-11
7.5176e-11,5.2207e-11,1.1929e-11
6.1642e-11,5.8537e-11,1.164e-11
6.9743e-11,5.2972e-11,8.2113e-12
4.4794e-11,5.4428e-11,2.5604e-11
3.4057e-11,4.6042e-11,2.1588e-11
3.839e-11,5.2222e-11,2.3827e-11
5.8242e-11,5.8359e-11,4.3039e-11
7.143e-11,3.3618e-11,3.7049e-11
6.8254e-11,5.866e-11,1.1779e-11
6.1551e-11,5.9107e-11,8.3525e-12
3.1443e-11,5.526e-11,2.1187e-11
3.6633e-11,6.5253e-11,1.4957e-11
3.9913e-11,3.0524e-11,2.2185e-11
4.1666e-11,3.1824e-11,1.9117e-11
4.0719e-11,2.9097e-11,2.3693e-11
4.2945e-11,5.3182e-11,2.3484e-11
5.1735e-11,6.0728e-11,2.6862e-11
3.8501e-11,4.2924e-11,2.3645e-11
3.7269e-11,4.2414e-11,2.4666e-11
7.4613e-11,4.4848e-11,5.1181e-11
7.6414e-11,4.6842e-11,4.6077e-11
4.9833e-11,1.9065e-11,3.3649e-11
2.8758e-11,5.3268e-11,2.2146e-11
4.5208e-11,6.5104e-11,2.0828e-11
3.6741e-11,2.8989e-11,2.0606e-11
3.7942e-11,3.2177e-11,1.9989e-11
4.9262e-11,4.1604e-11,2.4386e-11
4.5008e-11,3.329e-11,2.9859e-11
5.001e-11,2.4903e-11,2.7862e-11
7.1075e-11,2.9854e-11,3.5746e-11
5.12e-11,5.4741e-11,1.3993e-11
3.2579e-11,5.0563e-11,1.8356e-11
4.5359e-11,6.0117e-11,3.4283e-11
4.4956e-11,2.6483e-11,1.5944e-11
4.127e-11,2.1083e-11,2.2021e-11
3.4961e-11,3.9282e-11,2.2238e-11
4.2566e-11,3.0507e-11,2.9143e-11
4.4871e-11,1.5771e-11,3.6904e-11
4.6104e-11,1.6572e-11,4.2599e-11
5.0328e-11,1.8577e-11,3.18e-11
6.3352e-11,4.821e-11,1.2706e-11
5.5702e-11,5.5209e-11,1.3146e-11
4.0835e-11,4.8607e-11,2.0899e-11
4.653e-11,5.9348e-11,1.006e-11
5.4131e-11,4.6086e-11,1.834e-11
3.3124e-11,3.4855e-11,2.1531e-11
3.1178e-11,3.7019e-11,2.0847e-11
3.2241e-11,4.1099e-11,2.2215e-11
3.1339e-11,3.8447e-11,2.5842e-11
2.8247e-11,3.8306e-11,2.2792e-11
3.7502e-11,3.2366e-11,1.8936e-11
4.908e-11,5.3635e-11,3.4188e-11
3.8036e-11,1.5344e-11,2.7261e-11
3.3173e-11,3.9336e-11,2.0008e-11
4.427e-11,2.0515e-11,2.3532e-11
3.3784e-11,3.6319e-11,2.3719e-11
3.9266e-11,3.4125e-11,2.3418e-11
4.35e-11,4.303e-11,2.1609e-11
4.4422e-11,2.4497e-11,2.324e-11
4.8386e-11,2.3033e-11,2.5053e-11
7.7785e-11,4.0363e-11,4.851e-11
4.6796e-11,2.4635e-11,2.7765e-11
5.2996e-11,3.7338e-11,2.7088e-11
5.0735e-11,1.908e-11,3.3005e-11
6.9295e-11,2.931e-11,3.3936e-11
4.4441e-11,4.7649e-11,1.2223e-11
2.8198e-11,4.8483e-11,1.7275e-11
5.05e-11,5.5912e-11,1.6055e-11
3.3756e-11,3.6843e-11,1.9084e-11
2.6005e-11,5.1028e-11,2.0726e-11
2.895e-11,5.674e-11,1.8671e-11
2.916e-11,3.7472e-11,2.4941e-11
3.2605e-11,2.3718e-11,2.395e-11
4.0668e-11,2.0315e-11,2.2616e-11
3.3807e-11,3.0296e-11,2.5316e-11
3.7839e-11,1.9142e-11,3.3212e-11
3.9972e-11,1.5555e-11,3.2806e-11
4.0307e-11,1.942e-11,2.6896e-11
3.5926e-11,3.2419e-11,2.1722e-11
3.3775e-11,2.1485e-11,3.694e-11
7.6258e-11,4.1958e-11,5.7558e-11
4.5978e-11,2.8408e-11,2.7401e-11
4.3448e-11,2.6805e-11,2.4962e-11
5.3635e-11,2.6317e-11,3.2712e-11
8.3881e-11,3.7114e-11,5.3019e-11
5.901e-11,2.749e-11,4.7851e-11
8.0026e-11,4.2716e-11,4.5727e-12
3.8678e-11,3.4288e-11,1.3005e-11
3.5864e-11,2.6203e-11,1.9184e-11
4.2884e-11,5.1977e-11,2.8545e-11
3.426e-11,3.171e-11,1.7368e-11
2.9199e-11,4.807e-11,1.5248e-11
3.4081e-11,1.8549e-11,2.7999e-11
3.6462e-11,3.3843e-11,1.7874e-11
3.6347e-11,3.3621e-11,1.9475e-11
3.465e-11,2.8127e-11,2.4834e-11
3.7562e-11,3.319e-11,2.395e-11
3.4132e-11,2.1342e-11,3.9585e-11
4.4578e-11,1.5231e-11,4.2495e-11
4.8899e-11,2.226e-11,2.7738e-11
5.5731e-11,2.6187e-11,4.8531e-11
1.4959e-11,4.2919e-11,3.5319e-11
1.6967e-11,4.1271e-11,3.5292e-11
7.8457e-11,3.857e-11,3.4991e-12
4.6635e-11,5.0109e-11,1.7806e-11
3.052e-11,4.4976e-11,1.9543e-11
2.493e-11,4.1469e-11,1.9649e-11
2.6875e-11,5.1954e-11,1.9392e-11
3.5872e-11,3.3093e-11,1.3296e-11
3.4881e-11,2.7573e-11,1.7987e-11
2.9001e-11,4.77e-11,1.6155e-11
3.2627e-11,2.0485e-11,2.177e-11
2.71e-11,3.6119e-11,2.2831e-11
4.6524e-11,4.8645e-11,3.1654e-11
2.9061e-11,4.0305e-11,1.8857e-11
3.2607e-11,1.6889e-11,2.5572e-11
2.8342e-11,1.8249e-11,2.9567e-11
2.8766e-11,1.935e-11,3.0934e-11
3.4715e-11,1.9342e-11,1.9961e-11
4.2638e-11,1.9509e-11,2.2783e-11
3.2607e-11,2.7887e-11,4.3892e-11
4.003e-11,3.0064e-11,2.3584e-11
3.5579e-11,3.0857e-11,2.2815e-11
8.5401e-11,3.6783e-11,5.3625e-11
3.9725e-11,3.3241e-11,2.5292e-11
4.2669e-11,3.047e-11,2.9149e-11
5.1324e-11,3.0876e-11,3.9419e-11
5.2409e-11,2.7669e-11,4.1046e-11
1.5887e-11,3.8333e-11,3.3442e-11
5.6708e-11,4.7012e-11,1.5598e-11
6.4477e-11,4.5485e-11,5.5642e-12
3.7487e-11,4.1448e-11,1.5074e-11
5.3173e-11,5.3325e-11,8.2289e-12
3.0402e-11,3.7272e-11,1.7293e-11
2.8781e-11,4.7535e-11,1.9927e-11
3.1149e-11,2.1664e-11,1.8986e-11
3.1128e-11,1.8726e-11,2.2431e-11
3.0227e-11,1.9909e-11,2.1407e-11
3.698e-11,3.3104e-11,1.5663e-11
3.1893e-11,3.0977e-11,2.158e-11
3.7376e-11,2.5634e-11,1.7485e-11
3.9582e-11,2.1246e-11,2.0415e-11
4.3976e-11,3.5628e-11,2.2144e-11
4.0739e-11,3.3896e-11,2.2643e-11
3.8556e-11,2.1588e-11,2.0652e-11
3.8353e-11,2.9914e-11,2.1013e-11
3.5005e-11,3.1812e-11,2.1288e-11
3.8562e-11,2.7735e-11,2.3974e-11
3.6363e-11,3.2375e-11,2.3799e-11
8.851e-11,3.1745e-11,5.0216e-11
5.889e-11,2.5607e-11,2.7519e-11
4.2972e-11,2.0013e-11,2.7028e-11
4.2822e-11,2.812e-11,3.3175e-11
5.575e-11,2.5159e-11,3.9445e-11
5.8742e-11,2.4584e-11,4.6173e-11
1.396e-11,3.8233e-11,3.2653e-11
1.572e-11,4.1565e-11,3.3789e-11
1.515e-11,3.9242e-11,3.4732e-11
1.8188e-11,4.0394e-11,3.5185e-11
1.7471e-11,3.6464e-11,3.8432e-11
2.1151e-11,3.93e-11,4.25e-11
1.7831e-11,4.1232e-11,3.6109e-11
1.7441e-11,3.7953e-11,3.7195e-11
3.7226e-11,3.9798e-11,1.5115e-11
5.9854e-11,5.777e-11,1.0783e-11
2.4992e-11,4.5985e-11,1.5649e-11
2.4932e-11,4.2249e-11,1.8808e-11
2.4899e-11,3.8077e-11,2.6598e-11
2.3942e-11,4.718e-11,1.4395e-11
3.4257e-11,4.2336e-11,2.1102e-11
2.8395e-11,1.8162e-11,2.877e-11
2.8585e-11,1.8963e-11,2.8941e-11
5.7618e-11,4.5429e-11,3.6528e-11
2.9953e-11,3.5346e-11,1.7225e-11
2.7934e-11,3.0146e-11,4.065e-11
2.6511e-11,2.9694e-11,3.9047e-11
3.0733e-11,3.1029e-11,2.0393e-11
2.7371e-11,2.0273e-11,3.1605e-11
3.9958e-11,2.1469e-11,2.1527e-11
3.3148e-11,1.5177e-11,2.8033e-11
4.3962e-11,3.3348e-11,2.2226e-11
3.8669e-11,2.467e-11,2.1998e-11
6.4953e-11,3.9526e-11,2.7513e-11
7.183e-11,3.0384e-11,3.3534e-11
4.1791e-11,1.4658e-11,3.8487e-11
4.1081e-11,2.7087e-11,3.1815e-11
5.4191e-11,2.6332e-11,3.6256e-11
1.4583e-11,3.7816e-11,2.9859e-11
5.6301e-11,4.6918e-11,1.7463e-11
5.676e-11,4.6773e-11,1.1696e-11
5.5891e-11,4.859e-11,8.0752e-12
1.6885e-11,3.819e-11,3.7588e-11
3.1706e-11,3.2971e-11,1.5556e-11
2.8729e-11,3.0169e-11,1.8352e-11
3.2347e-11,5.0152e-11,1.4783e-11
5.5141e-11,5.5722e-11,1.6978e-11
4.7763e-11,4.8972e-11,2.0924e-11
2.5501e-11,3.3992e-11,3.5251e-11
2.4617e-11,2.6817e-11,3.086e-11
3.3395e-11,4.0983e-11,2.9651e-11
2.5152e-11,3.5227e-11,1.9342e-11
3.0098e-11,1.8334e-11,2.2435e-11
4.148e-11,4.667e-11,2.3645e-11
4.1482e-11,4.5754e-11,3.3113e-11
3.6901e-11,2.501e-11,1.3245e-11
4.2104e-11,3.1627e-11,2.3592e-11
3.9898e-11,2.311e-11,2.4185e-11
3.4925e-11,2.2801e-11,4.5312e-11
4.065e-11,2.2651e-11,2.404e-11
7.8924e-11,2.6639e-11,3.9783e-11
8.7871e-11,2.9413e-11,4.5601e-11
4.2084e-11,2.0242e-11,2.9638e-11
4.418e-11,2.3993e-11,3.6699e-11
1.3169e-11,3.6518e-11,3.2626e-11
5.2331e-11,4.1856e-11,8.0328e-12
1.5682e-11,3.4664e-11,3.3941e-11
2.6873e-11,4.5924e-11,1.2994e-11
2.9568e-11,4.9401e-11,1.5417e-11
4.0618e-11,4.2364e-11,1.6401e-11
2.3705e-11,4.4691e-11,1.484e-11
2.2434e-11,3.5751e-11,4.5281e-11
2.4787e-11,4.0998e-11,1.7133e-11
2.2323e-11,3.3428e-11,3.3292e-11
1.7723e-11,2.8272e-11,3.3304e-11
3.0927e-11,2.0102e-11,1.6859e-11
2.1992e-11,3.0427e-11,3.1551e-11
2.7055e-11,1.3527e-11,2.4053e-11
2.9115e-11,2.1236e-11,1.8261e-11
2.6115e-11,3.4778e-11,4.2578e-11
2.7635e-11,1.9519e-11,1.914e-11
2.5637e-11,2.6727e-11,3.6561e-11
3.3201e-11,1.4424e-11,2.4206e-11
7.9017e-11,4.7306e-11,5.5203e-11
2.7869e-11,2.9551e-11,4.4859e-11
3.451e-11,2.3823e-11,2.2609e-11
3.5096e-11,2.9593e-11,2.1428e-11
5.54e-11,2.5827e-11,2.7713e-11
5.8806e-11,2.7185e-11,2.9438e-11
3.9779e-11,2.506e-11,2.2996e-11
4.3182e-11,2.1338e-11,2.8292e-11
3.6207e-11,1.7512e-11,2.9058e-11
5.4432e-11,2.3635e-11,2.6678e-11
4.0273e-11,1.9182e-11,3.6087e-11
1.4026e-11,3.3772e-11,3.0942e-11
7.6589e-11,3.6837e-11,2.6134e-12
1.8928e-11,3.3721e-11,3.053e-11
6.4653e-11,3.556e-11,5.3547e-12
1.8102e-11,4.13e-11,4.0131e-11
5.9669e-11,3.9323e-11,7.2388e-12
5.0176e-11,4.1346e-11,8.6253e-12
3.5047e-11,4.4548e-11,1.6818e-11
1.8692e-11,3.4491e-11,3.368e-11
2.604e-11,4.3562e-11,1.3797e-11
1.9318e-11,3.4386e-11,3.7533e-11
2.5504e-11,4.0925e-11,1.6001e-11
2.8927e-11,4.7182e-11,1.2771e-11
2.9496e-11,2.3876e-11,1.5329e-11
2.9686e-11,2.5057e-11,1.5011e-11
2.5778e-11,1.5372e-11,2.6042e-11
2.2311e-11,2.2894e-11,2.7539e-11
2.3393e-11,4.7439e-11,1.3602e-11
2.0874e-11,3.1367e-11,3.5718e-11
2.873e-11,2.0094e-11,1.8536e-11
3.0043e-11,4.0176e-11,2.5041e-11
2.2763e-11,3.2679e-11,4.0366e-11
3.4365e-11,5.0099e-11,2.3317e-11
2.4037e-11,2.5529e-11,2.9975e-11
2.6494e-11,1.3791e-11,2.5158e-11
2.8215e-11,3.4184e-11,4.5328e-11
3.6305e-11,3.5459e-11,2.1748e-11
3.3322e-11,2.3453e-11,1.9174e-11
2.8661e-11,2.8964e-11,3.9576e-11
3.1449e-11,2.6263e-11,2.2265e-11
2.9713e-11,1.3817e-11,2.8419e-11
3.5603e-11,2.84e-11,2.3536e-11
4.9522e-11,2.5853e-11,2.4784e-11
5.409e-11,2.3813e-11,2.4479e-11
3.8252e-11,1.7259e-11,3.3888e-11
7.1132e-11,2.6916e-11,3.4743e-11
4.564e-11,2.5234e-11,3.0046e-11
4.8038e-11,2.4064e-11,3.1545e-11
1.2265e-11,3.0728e-11,3.0448e-11
1.0243e-11,3.5551e-11,2.9611e-11
1.3561e-11,3.4529e-11,3.1004e-11
4.8936e-11,3.647e-11,9.2227e-12
3.6624e-11,4.0359e-11,1.566e-11
6.7368e-11,3.9666e-11,4.8524e-12
1.6421e-11,4.5384e-11,4.0746e-11
1.748e-11,3.9324e-11,3.8542e-11
1.9167e-11,3.4234e-11,2.7059e-11
3.6267e-11,3.7589e-11,1.5029e-11
2.0548e-11,4.8931e-11,4.6215e-11
1.7951e-11,3.3316e-11,2.7086e-11
1.8723e-11,3.348e-11,2.7818e-11
3.3379e-11,4.9676e-11,1.4568e-11
2.5177e-11,3.8022e-11,2.0879e-11
2.5015e-11,3.8197e-11,4.053e-11
1.722e-11,3.2032e-11,3.2417e-11
2.3439e-11,1.4666e-11,2.5281e-11
1.6286e-11,3.0151e-11,3.1704e-11
2.0859e-11,2.061e-11,2.5386e-11
2.7549e-11,3.7362e-11,1.3567e-11
2.0182e-11,1.988e-11,2.5307e-11
2.1528e-11,3.5691e-11,1.5796e-11
2.3838e-11,2.5786e-11,2.9887e-11
2.6261e-11,1.4026e-11,2.5671e-11
3.2111e-11,3.8678e-11,2.7078e-11
2.4483e-11,2.5312e-11,2.9762e-11
5.6608e-11,4.4529e-11,3.6156e-11
2.6352e-11,1.8358e-11,2.8423e-11
2.6178e-11,2.7442e-11,3.2174e-11
3.4577e-11,2.2783e-11,1.6087e-11
3.7306e-11,2.6642e-11,2.0121e-11
3.3686e-11,1.7497e-11,3.1109e-11
4.3588e-11,1.8827e-11,2.6407e-11
4.0885e-11,1.8993e-11,3.3188e-11
4.2072e-11,2.4376e-11,3.5852e-11
5.0769e-11,1.9611e-11,4.7917e-11
9.3894e-12,3.2965e-11,2.7454e-11
1.0105e-11,3.7767e-11,2.6087e-11
9.4714e-12,3.5546e-11,2.6376e-11
1.2917e-11,3.085e-11,2.9225e-11
5.5591e-11,4.535e-11,1.2093e-11
1.3092e-11,3.9693e-11,2.7145e-11
1.8443e-11,3.3364e-11,3.2076e-11
1.5955e-11,3.5939e-11,2.6953e-11
3.8612e-11,4.0919e-11,1.6996e-11
1.5254e-11,3.4858e-11,2.7249e-11
3.5196e-11,3.9295e-11,1.4209e-11
6.0782e-11,3.9697e-11,8.8064e-12
2.5411e-11,4.8684e-11,4.65e-11
2.7501e-11,4.0907e-11,1.6478e-11
2.4518e-11,4.3327e-11,4.1701e-11
2.5519e-11,1.8702e-11,2.4994e-11
5.0277e-11,4.778e-11,2.0422e-11
2.7079e-11,1.3603e-11,2.3451e-11
2.4306e-11,1.9326e-11,2.6161e-11
2.3095e-11,2.916e-11,3.3419e-11
2.7517e-11,2.9372e-11,3.4747e-11
3.3816e-11,3.191e-11,4.5037e-11
2.9931e-11,2.9105e-11,3.9609e-11
3.2741e-11,2.1187e-11,1.9444e-11
2.8505e-11,2.7391e-11,4.2688e-11
3.2354e-11,2.3473e-11,1.9264e-11
3.6371e-11,2.1906e-11,2.0851e-11
3.8159e-11,1.9197e-11,3.9763e-11
3.9211e-11,2.7301e-11,2.9974e-11
8.8505e-12,3.185e-11,3.2935e-11
1.071e-11,3.8663e-11,2.6269e-11
5.1073e-11,4.3796e-11,1.0528e-11
5.1078e-11,4.3968e-11,1.2227e-11
1.4392e-11,4.7383e-11,4.096e-11
7.1413e-11,3.5338e-11,5.6056e-12
6.9544e-11,3.9423e-11,6.9332e-12
1.36e-11,3.1711e-11,2.863e-11
1.4866e-11,3.4985e-11,2.6865e-11
2.9777e-11,3.534e-11,2.2403e-11
1.8228e-11,5.1064e-11,4.5243e-11
1.77e-11,3.1044e-11,3.1238e-11
3.5187e-11,3.0497e-11,1.2738e-11
6.1026e-11,4.8572e-11,1.2665e-11
1.6581e-11,3.0224e-11,2.7274e-11
1.8709e-11,2.6732e-11,2.6135e-11
1.9048e-11,2.6967e-11,2.8271e-11
2.7315e-11,1.8869e-11,2.0547e-11
3.0294e-11,2.5054e-11,1.3158e-11
4.4845e-11,4.4236e-11,2.6939e-11
2.2616e-11,3.2808e-11,1.6496e-11
3.8848e-11,4.5142e-11,2.9408e-11
2.5728e-11,1.3876e-11,2.5106e-11
3.3751e-11,3.3562e-11,4.7352e-11
2.812e-11,1.3075e-11,2.7544e-11
3.3258e-11,2.4331e-11,2.0119e-11
2.7879e-11,2.226e-11,3.7716e-11
2.7631e-11,1.5725e-11,3.4307e-11
3.2959e-11,1.4905e-11,2.3046e-11
8.9796e-11,3.5559e-11,5.6209e-11
3.4555e-11,2.5941e-11,2.3838e-11
3.3252e-11,1.9809e-11,4.0152e-11
3.6757e-11,2.2284e-11,2.9135e-11
9.834e-12,3.1872e-11,3.2783e-11
8.5964e-12,3.0777e-11,2.5035e-11
1.2148e-11,2.8008e-11,2.5853e-11
5.6538e-11,4.5445e-11,1.2457e-11
4.7025e-11,4.3439e-11,1.4763e-11
5.3062e-11,4.4079e-11,1.1675e-11
1.0502e-11,3.6919e-11,2.4932e-11
1.3083e-11,4.9182e-11,4.1368e-11
1.0886e-11,3.4092e-11,2.5813e-11
1.2753e-11,4.0027e-11,3.601e-11
3.8891e-11,4.0037e-11,1.9602e-11
1.126e-11,3.739e-11,2.7923e-11
1.3629e-11,3.2316e-11,2.5521e-11
1.2494e-11,2.7955e-11,2.9143e-11
1.525e-11,2.8434e-11,2.5122e-11
3.2397e-11,2.6838e-11,1.5718e-11
3.6117e-11,3.1003e-11,1.124e-11
1.4159e-11,2.6998e-11,2.4582e-11
2.4705e-11,4.2809e-11,1.004e-11
2.1817e-11,2.5581e-11,2.5248e-11
1.5819e-11,2.9043e-11,2.927e-11
1.5142e-11,2.7499e-11,2.7798e-11
1.6575e-11,2.8755e-11,2.6819e-11
1.6658e-11,2.2214e-11,2.349e-11
2.3248e-11,2.1502e-11,1.8609e-11
2.5132e-11,3.3433e-11,1.6286e-11
2.2404e-11,3.9229e-11,4.0497e-11
2.281e-11,1.4629e-11,2.4436e-11
2.8714e-11,3.8028e-11,4.5266e-11
2.6187e-11,2.5912e-11,3.565e-11
6.4388e-11,4.3526e-11,4.0315e-11
3.5856e-11,2.6433e-11,2.0461e-11
3.5462e-11,2.7042e-11,1.9331e-11
7.547e-11,3.9999e-11,4.4187e-11
2.8572e-11,2.5208e-11,1.9992e-11
3.3398e-11,2.2248e-11,1.86e-11
3.6583e-11,2.2122e-11,2.0775e-11
3.8078e-11,2.1766e-11,2.288e-11
3.2486e-11,2.1253e-11,2.1203e-11
3.3469e-11,1.9913e-11,2.022e-11
3.5174e-11,2.1631e-11,2.1694e-11
3.5863e-11,2.4535e-11,2.8511e-11
4.1526e-11,1.9955e-11,3.4566e-11
8.3146e-12,3.3782e-11,2.5159e-11
8.5582e-12,3.1439e-11,3.2969e-11
1.1863e-11,3.3638e-11,3.1102e-11
1.1244e-11,4.1457e-11,3.6277e-11
5.3304e-11,3.7929e-11,1.5274e-11
1.3894e-11,3.2636e-11,2.8192e-11
1.1412e-11,3.4291e-11,2.5864e-11
1.2182e-11,3.1349e-11,2.4886e-11
1.3992e-11,3.1182e-11,2.6145e-11
1.3635e-11,3.1813e-11,2.5276e-11
3.2871e-11,3.8661e-11,1.9311e-11
4.8888e-11,3.4714e-11,8.5212e-12
2.321e-11,1.2471e-11,1.898e-11
1.8642e-11,2.5735e-11,2.5406e-11
3.9749e-11,3.7105e-11,1.6692e-11
2.1928e-11,1.3327e-11,2.0649e-11
2.4345e-11,2.857e-11,1.5816e-11
3.477e-11,4.3915e-11,1.5646e-11
3.1528e-11,4.251e-11,1.2783e-11
2.0135e-11,2.0641e-11,2.5231e-11
2.5415e-11,1.2276e-11,2.1392e-11
2.5721e-11,1.9594e-11,1.8365e-11
3.6626e-11,4.3269e-11,2.2857e-11
2.2621e-11,1.1507e-11,2.1191e-11
4.399e-11,4.4053e-11,2.6796e-11
4.4686e-11,3.8398e-11,2.1334e-11
2.8925e-11,1.5979e-11,1.9329e-11
6.9314e-11,4.4492e-11,3.9732e-11
5.7832e-11,3.8576e-11,3.5314e-11
6.9368e-11,3.2058e-11,3.6e-11
2.9897e-11,2.1555e-11,2.0123e-11
8.3955e-11,3.703e-11,5.0321e-11
2.6583e-11,2.4676e-11,3.808e-11
2.5919e-11,2.053e-11,3.4701e-11
2.7154e-11,1.5501e-11,3.0248e-11
3.2992e-11,2.1417e-11,1.9195e-11
8.2676e-11,3.1841e-11,4.1785e-11
3.3477e-11,2.439e-11,2.0537e-11
7.6878e-11,2.5643e-11,3.9544e-11
3.6459e-11,1.8477e-11,3.2845e-11
3.5818e-11,1.7865e-11,2.9278e-11
3.5648e-11,1.8641e-11,3.482e-11
3.6915e-11,2.136e-11,3.5195e-11
4.1457e-11,1.8416e-11,3.6442e-11
5.211e-11,1.7892e-11,4.4181e-11
8.6658e-12,2.8127e-11,3.0454e-11
1.0033e-11,2.7336e-11,2.5369e-11
7.8509e-12,2.6936e-11,2.4845e-11
7.7905e-12,2.8012e-11,2.4374e-11
1.3189e-11,2.7908e-11,2.5671e-11
5.6959e-11,3.2623e-11,5.6815e-12
1.1942e-11,2.9533e-11,2.5682e-11
4.0458e-11,3.9676e-11,6.7129e-12
1.6433e-11,2.911e-11,3.128e-11
2.1691e-11,1.3031e-11,2.1556e-11
4.8689e-11,4.6718e-11,1.4675e-11
2.3657e-11,1.3491e-11,2.3674e-11
4.6676e-11,4.6643e-11,1.8739e-11
2.3786e-11,1.4953e-11,2.1413e-11
2.6785e-11,1.9031e-11,1.8923e-11
2.9341e-11,2.3464e-11,1.2113e-11
2.092e-11,2.3026e-11,2.7346e-11
2.4844e-11,1.9479e-11,1.6521e-11
2.604e-11,2.2541e-11,1.7454e-11
2.5736e-11,2.3862e-11,3.7828e-11
2.8286e-11,1.8387e-11,2.0525e-11
4.8667e-11,2.6394e-11,2.4798e-11
8.3708e-11,3.2811e-11,4.3766e-11
6.6631e-11,2.3524e-11,3.407e-11
3.0131e-11,1.7955e-11,3.416e-11
3.2213e-11,1.626e-11,2.5159e-11
3.2941e-11,1.8131e-11,3.5591e-11
3.5951e-11,1.9971e-11,2.6121e-11
3.8247e-11,1.8661e-11,3.1686e-11
4.5924e-11,1.7509e-11,4.5693e-11
7.7298e-12,3.0333e-11,2.5553e-11
8.669e-12,3.4942e-11,2.5259e-11
6.8314e-12,2.8137e-11,2.9743e-11
1.2676e-11,3.1576e-11,3.0455e-11
5.7859e-11,4.3573e-11,1.4238e-11
1.0447e-11,2.8761e-11,2.3518e-11
4.2559e-11,4.173e-11,1.116e-11
1.3063e-11,3.0253e-11,2.3292e-11
1.5408e-11,5.3007e-11,4.4908e-11
6.2885e-11,2.9928e-11,8.3191e-12
1.3793e-11,2.9277e-11,2.5135e-11
2.7617e-11,3.9248e-11,1.0719e-11
2.436e-11,1.4607e-11,2.2119e-11
2.164e-11,1.5118e-11,2.2299e-11
1.9746e-11,1.7684e-11,2.2484e-11
1.7161e-11,2.7255e-11,2.4851e-11
1.5565e-11,2.559e-11,2.4725e-11
2.8679e-11,3.9297e-11,1.1933e-11
2.2727e-11,2.9752e-11,1.6384e-11
2.0457e-11,1.6584e-11,1.8531e-11
2.3395e-11,2.1893e-11,3.0675e-11
2.2741e-11,2.5217e-11,2.7142e-11
2.3561e-11,3.1767e-11,1.2169e-11
1.9555e-11,3.1762e-11,1.6003e-11
2.3929e-11,2.5486e-11,1.2743e-11
2.2962e-11,2.6458e-11,1.5799e-11
2.8195e-11,2.5322e-11,3.6363e-11
2.7542e-11,2.1764e-11,1.6276e-11
4.0071e-11,2.239e-11,2.2153e-11
2.79e-11,2.1014e-11,1.825e-11
9.1407e-11,3.0857e-11,4.386e-11
8.7873e-11,2.4916e-11,4.575e-11
3.2061e-11,2.174e-11,2.2841e-11
2.9731e-11,2.317e-11,2.3452e-11
3.908e-11,1.4852e-11,2.9495e-11
4.9796e-11,2.0581e-11,3.3186e-11
4.0284e-11,1.7774e-11,3.4371e-11
5.2128e-11,1.7623e-11,3.7897e-11
5.9869e-11,1.9127e-11,4.0004e-11
5.0097e-11,1.6488e-11,4.6706e-11
5.8635e-12,2.5062e-11,2.4023e-11
5.6031e-11,4.2893e-11,1.5743e-11
1.1822e-11,3.391e-11,2.2994e-11
8.8974e-12,2.7259e-11,2.325e-11
8.2208e-12,2.7522e-11,2.5693e-11
1.0052e-11,3.3103e-11,2.2722e-11
5.1833e-11,4.6456e-11,1.6587e-11
3.8761e-11,3.9615e-11,1.2126e-11
4.3399e-11,3.4117e-11,1.0258e-11
1.2467e-11,2.958e-11,2.5301e-11
3.0362e-11,3.4064e-11,1.3496e-11
2.5644e-11,2.0389e-11,1.888e-11
2.4458e-11,2.355e-11,1.423e-11
1.3662e-11,2.6776e-11,2.5585e-11
1.2734e-11,2.6053e-11,2.4768e-11
2.6781e-11,2.4217e-11,1.7403e-11
1.9766e-11,3.181e-11,1.7488e-11
1.8343e-11,3.4776e-11,1.5096e-11
2.1832e-11,2.7479e-11,1.4521e-11
1.5802e-11,2.2402e-11,2.7217e-11
2.1656e-11,1.256e-11,2.009e-11
1.772e-11,3.2857e-11,1.739e-11
2.0747e-11,1.4243e-11,1.9211e-11
4.2698e-11,4.5629e-11,1.6603e-11
1.96e-11,2.4858e-11,3.0995e-11
2.5495e-11,2.4779e-11,1.1359e-11
2.33e-11,2.1356e-11,1.4928e-11
2.5618e-11,1.1209e-11,2.2635e-11
6.6727e-11,3.8502e-11,3.4006e-11
2.3932e-11,1.5934e-11,2.7313e-11
2.4067e-11,1.6223e-11,3.1715e-11
3.7117e-11,1.8064e-11,2.0378e-11
3.0731e-11,1.8813e-11,1.9967e-11
5.12e-11,1.7234e-11,2.5056e-11
3.1971e-11,1.5802e-11,3.0202e-11
3.7821e-11,1.8214e-11,2.867e-11
3.7415e-11,1.6424e-11,3.0702e-11
5.9251e-11,1.9083e-11,3.7455e-11
5.7733e-11,1.5809e-11,4.6344e-11
9.4775e-12,2.7064e-11,2.9964e-11
9.5875e-12,3.0283e-11,2.3277e-11
1.2439e-11,2.7128e-11,2.1784e-11
5.7312e-11,2.8566e-11,8.3681e-12
1.2088e-11,2.4237e-11,2.3077e-11
1.6325e-11,2.6286e-11,2.2739e-11
1.6473e-11,2.6039e-11,2.3089e-11
1.2169e-11,2.1417e-11,2.0775e-11
2.5889e-11,2.3934e-11,1.6445e-11
5.4459e-11,3.595e-11,1.2613e-11
1.5297e-11,3.2509e-11,3.0821e-11
1.3282e-11,2.6411e-11,2.5203e-11
2.0303e-11,3.5034e-11,3.6905e-11
1.7009e-11,2.404e-11,2.8896e-11
1.7559e-11,3.1876e-11,1.4362e-11
4.0896e-11,4.6101e-11,1.3603e-11
3.0281e-11,3.7512e-11,1.4122e-11
2.3949e-11,3.4756e-11,3.9118e-11
4.5938e-11,4.36e-11,2.2329e-11
2.0236e-11,2.0563e-11,2.8509e-11
2.1733e-11,2.2827e-11,1.3186e-11
2.7728e-11,3.0494e-11,3.9168e-11
3.7915e-11,3.3296e-11,1.8434e-11
3.1432e-11,2.7982e-11,3.8144e-11
2.4696e-11,1.208e-11,2.281e-11
3.0646e-11,2.5768e-11,3.8139e-11
3.0576e-11,2.7011e-11,3.6164e-11
2.4515e-11,1.6091e-11,3.1822e-11
4.5266e-11,1.6893e-11,1.9991e-11
5.2071e-11,2.0218e-11,2.0769e-11
3.7016e-11,1.8116e-11,1.8048e-11
5.408e-11,2.2874e-11,2.7229e-11
2.8066e-11,1.4422e-11,2.144e-11
7.8576e-11,2.4801e-11,3.9734e-11
3.1983e-11,1.5957e-11,2.7158e-11
3.3069e-11,1.4705e-11,2.7714e-11
4.7489e-11,1.5921e-11,4.8778e-11
1.1774e-11,2.5891e-11,2.3134e-11
1.1174e-11,3.5205e-11,2.2546e-11
8.8107e-12,2.523e-11,2.1856e-11
5.4827e-11,3.8208e-11,1.0925e-11
5.307e-11,4.2072e-11,1.7119e-11
8.4345e-12,2.6268e-11,1.997e-11
1.3573e-11,3.0653e-11,2.1238e-11
8.5634e-12,3.4221e-11,2.8149e-11
4.3532e-11,4.0608e-11,1.3856e-11
4.371e-11,4.1712e-11,1.1921e-11
1.2457e-11,2.5403e-11,2.4152e-11
1.1434e-11,2.5901e-11,2.1312e-11
1.0735e-11,2.4908e-11,2.0957e-11
3.1332e-11,3.1993e-11,1.3719e-11
1.4121e-11,2.1157e-11,2.1779e-11
1.2552e-11,2.6826e-11,2.5255e-11
2.6959e-11,1.9981e-11,1.443e-11
2.4863e-11,1.269e-11,1.8792e-11
1.8006e-11,1.577e-11,2.1632e-11
1.411e-11,2.4611e-11,2.5085e-11
1.1152e-11,2.381e-11,2.2546e-11
2.4054e-11,4.5246e-11,4.4253e-11
4.1306e-11,3.5795e-11,1.2289e-11
1.7422e-11,2.7531e-11,3.0665e-11
2.189e-11,1.3333e-11,1.7035e-11
2.0821e-11,1.4895e-11,1.638e-11
1.6731e-11,2.1856e-11,2.7518e-11
1.7667e-11,2.2559e-11,2.7914e-11
1.8594e-11,1.2194e-11,1.9886e-11
4.2985e-11,3.0317e-11,2.6458e-11
4.3257e-11,4.0602e-11,2.7429e-11
2.4984e-11,1.5693e-11,2.0275e-11
1.8199e-11,1.705e-11,2.4584e-11
1.978e-11,1.8098e-11,2.6165e-11
5.5501e-11,2.8605e-11,2.7756e-11
2.647e-11,1.3229e-11,1.8953e-11
2.6393e-11,1.4287e-11,1.7617e-11
2.9039e-11,2.3189e-11,3.6452e-11
2.9884e-11,1.7013e-11,2.1135e-11
7.1191e-11,2.2235e-11,3.4362e-11
3.4256e-11,1.6544e-11,3.0014e-11
5.4993e-11,1.5189e-11,3.9503e-11
5.3833e-12,2.2071e-11,2.3882e-11
1.0754e-11,3.2768e-11,2.108e-11
6.0998e-12,2.1107e-11,2.1997e-11
8.431e-12,2.7663e-11,2.1425e-11
4.3136e-11,4.2108e-11,1.0206e-11
2.6788e-11,1.4799e-11,1.4979e-11
1.3749e-11,2.1221e-11,2.0264e-11
3.8178e-11,3.3082e-11,8.5896e-12
4.7979e-11,3.4241e-11,7.038e-12
2.5564e-11,2.8135e-11,1.1686e-11
1.7986e-11,1.6262e-11,2.0036e-11
1.5017e-11,2.0325e-11,2.4694e-11
1.8634e-11,2.9416e-11,3.3293e-11
2.0264e-11,2.8975e-11,1.7063e-11
2.4952e-11,3.6415e-11,1.1371e-11
2.3904e-11,2.0387e-11,1.4528e-11
2.0549e-11,2.5817e-11,1.468e-11
1.9076e-11,3.4587e-11,1.288e-11
1.7059e-11,1.7794e-11,2.3022e-11
2.0414e-11,1.8862e-11,2.3462e-11
1.8528e-11,1.8818e-11,2.3931e-11
2.9044e-11,3.3192e-11,2.063e-11
2.6293e-11,1.7757e-11,1.4857e-11
2.6873e-11,2.665e-11,3.5886e-11
5.877e-11,3.597e-11,2.8197e-11
2.4603e-11,2.0355e-11,1.3449e-11
3.2346e-11,1.455e-11,2.0242e-11
2.9707e-11,2.3784e-11,3.5862e-11
2.6001e-11,1.4088e-11,2.0628e-11
2.7568e-11,1.3693e-11,2.1308e-11
2.882e-11,1.71e-11,1.9188e-11
4.3626e-11,1.1616e-11,3.273e-11
5.7358e-11,1.5822e-11,3.9037e-11
4.5398e-11,1.2905e-11,4.5271e-11
6.3168e-11,4.1176e-11,1.2856e-11
6.9164e-12,2.7556e-11,2.0885e-11
1.0312e-11,2.9357e-11,2.1346e-11
1.0579e-11,2.8457e-11,2.5787e-11
1.2306e-11,2.7189e-11,1.9651e-11
4.8915e-11,4.305e-11,1.0156e-11
8.9972e-12,3.2652e-11,2.6916e-11
3.771e-11,4.0043e-11,1.2447e-11
1.1893e-11,2.8378e-11,2.7142e-11
9.0077e-12,2.4835e-11,2.0428e-11
1.17e-11,3.5425e-11,3.1171e-11
3.4993e-11,3.3664e-11,8.1859e-12
9.4464e-12,2.39e-11,2.1694e-11
2.4414e-11,2.2487e-11,1.5672e-11
2.8537e-11,3.5093e-11,8.9661e-12
2.1622e-11,3.2072e-11,1.3571e-11
2.3793e-11,2.8865e-11,1.0303e-11
2.331e-11,2.9164e-11,9.9104e-12
2.2817e-11,3.6439e-11,3.9627e-11
1.7687e-11,3.0986e-11,1.271e-11
1.8049e-11,1.2467e-11,2.0042e-11
2.0343e-11,2.6172e-11,1.3401e-11
1.7252e-11,2.8956e-11,1.159e-11
2.1817e-11,2.3189e-11,3.1747e-11
2.2396e-11,2.5116e-11,3.2097e-11
3.2783e-11,2.9542e-11,2.2477e-11
1.8507e-11,1.7568e-11,2.3565e-11
2.0925e-11,1.1606e-11,1.6996e-11
3.3343e-11,2.2687e-11,2.0781e-11
2.0209e-11,1.8199e-11,2.4135e-11
3.255e-11,2.9782e-11,1.5411e-11
2.1381e-11,1.7597e-11,2.1532e-11
2.3889e-11,1.6585e-11,1.4485e-11
2.3554e-11,1.5111e-11,1.8943e-11
2.6746e-11,2.418e-11,3.2795e-11
2.6113e-11,1.2857e-11,1.9146e-11
9.0441e-11,2.9674e-11,3.933e-11
2.45e-11,1.4273e-11,2.0127e-11
3.0999e-11,1.4017e-11,2.3074e-11
8.6191e-11,2.5345e-11,3.9327e-11
3.3046e-11,1.5731e-11,2.9754e-11
3.4502e-11,1.6897e-11,3.1092e-11
3.7993e-11,1.5232e-11,3.8489e-11
5.786e-11,3.8879e-11,9.5031e-12
1.0685e-11,3.9168e-11,3.2852e-11
1.327e-11,2.472e-11,2.0643e-11
1.5325e-11,5.0925e-11,4.2297e-11
1.045e-11,2.8717e-11,1.9594e-11
9.4357e-12,2.936e-11,2.4193e-11
1.3181e-11,2.3065e-11,2.0181e-11
3.1705e-11,3.0209e-11,1.8185e-11
1.1047e-11,2.2769e-11,1.9658e-11
1.8242e-11,1.2274e-11,1.8135e-11
1.7528e-11,1.3767e-11,2.0121e-11
2.5663e-11,2.5697e-11,1.4486e-11
2.7479e-11,2.9882e-11,7.9187e-12
2.9829e-11,2.8881e-11,8.0444e-12
2.4098e-11,2.7095e-11,1.1442e-11
1.8679e-11,1.1827e-11,1.9021e-11
1.7375e-11,2.7448e-11,1.7108e-11
1.4496e-11,2.2194e-11,2.1881e-11
1.8661e-11,1.1226e-11,1.8514e-11
2.9962e-11,3.2553e-11,4.2148e-11
1.992e-11,1.3023e-11,1.52e-11
2.0926e-11,1.0932e-11,1.7799e-11
1.808e-11,1.251e-11,2.0527e-11
3.0038e-11,2.4556e-11,3.6731e-11
5.8723e-11,2.2521e-11,2.424e-11
2.9002e-11,2.2805e-11,3.6422e-11
3.8239e-11,1.1521e-11,3.0007e-11
3.6121e-11,1.471e-11,3.3718e-11
7.3387e-12,2.5247e-11,2.2533e-11
5.7504e-12,2.3362e-11,2.0173e-11
5.5143e-11,3.833e-11,1.192e-11
5.8939e-11,4.3703e-11,1.0649e-11
5.559e-11,3.7825e-11,8.5408e-12
1.3124e-11,2.4357e-11,1.8707e-11
1.2851e-11,4.9227e-11,3.7518e-11
6.5405e-12,2.0094e-11,1.8618e-11
4.653e-11,3.5378e-11,1.1322e-11
4.0314e-11,3.4133e-11,1.3737e-11
1.1148e-11,3.046e-11,2.7672e-11
1.0639e-11,2.1197e-11,1.8646e-11
2.8709e-11,2.7688e-11,1.9004e-11
2.3894e-11,1.328e-11,1.7477e-11
1.1499e-11,1.9162e-11,2.1214e-11
2.4145e-11,2.9073e-11,9.3903e-12
1.0071e-11,2.1446e-11,2.0945e-11
1.5146e-11,2.3605e-11,2.6337e-11
1.4672e-11,1.2391e-11,1.7597e-11
2.2476e-11,1.9534e-11,1.3696e-11
1.7721e-11,1.4275e-11,2.1052e-11
1.6587e-11,2.7597e-11,1.1557e-11
1.6887e-11,2.6886e-11,1.4775e-11
4.3503e-11,2.916e-11,2.3621e-11
1.944e-11,1.243e-11,1.5351e-11
6.8129e-11,2.6382e-11,3.2012e-11
8.2964e-11,3.1126e-11,3.104e-11
3.0352e-11,2.6611e-11,3.626e-11
3.0172e-11,1.9685e-11,3.4656e-11
2.4021e-11,1.3036e-11,1.9493e-11
2.542e-11,1.2454e-11,2.2926e-11
2.5639e-11,1.1433e-11,2.157e-11
2.8403e-11,1.4034e-11,2.1167e-11
6.4515e-11,2.3139e-11,2.9202e-11
2.6373e-11,1.7304e-11,2.0813e-11
3.1861e-11,1.892e-11,3.4884e-11
1.306e-11,2.8844e-11,1.9643e-11
5.1428e-12,2.4861e-11,2.3815e-11
9.871e-12,2.6526e-11,1.9921e-11
5.0947e-12,1.9525e-11,2.0922e-11
1.4518e-11,2.2686e-11,2.0164e-11
1.3672e-11,1.9403e-11,1.9787e-11
4.272e-11,3.4412e-11,1.549e-11
7.2477e-12,2.4267e-11,1.8316e-11
1.4446e-11,2.0509e-11,1.9291e-11
1.4431e-11,1.7872e-11,1.8754e-11
3.6085e-11,4.1255e-11,1.1288e-11
9.4179e-12,2.6647e-11,1.9458e-11
2.0489e-11,1.7372e-11,1.6272e-11
1.0353e-11,1.7008e-11,1.8075e-11
1.7597e-11,2.741e-11,3.0495e-11
1.9097e-11,2.8649e-11,1.7996e-11
1.6039e-11,2.5405e-11,1.4815e-11
2.6987e-11,3.0614e-11,1.2913e-11
1.7036e-11,1.3634e-11,2.0051e-11
1.6415e-11,2.8125e-11,1.0768e-11
3.7577e-11,4.2093e-11,1.6561e-11
3.0842e-11,3.4013e-11,4.2673e-11
4.1606e-11,2.7425e-11,2.3286e-11
1.8496e-11,1.7415e-11,2.4689e-11
2.1694e-11,1.3611e-11,2.1099e-11
7.7594e-11,3.0279e-11,2.7606e-11
2.4481e-11,1.214e-11,2.0106e-11
3.0604e-11,2.3967e-11,3.754e-11
2.6559e-11,1.5489e-11,3.0049e-11
2.9119e-11,1.6829e-11,3.2398e-11
2.9864e-11,1.806e-11,3.3077e-11
2.6913e-11,1.4584e-11,2.3407e-11
2.6207e-11,1.2816e-11,2.3358e-11
3.0494e-11,1.7652e-11,3.1533e-11
3.0381e-11,1.177e-11,2.7485e-11
7.356e-12,2.2711e-11,2.0862e-11
1.0267e-11,4.3431e-11,3.3564e-11
7.5022e-12,2.6066e-11,2.1788e-11
1.0619e-11,2.5327e-11,1.818e-11
1.5727e-11,1.6638e-11,2.1226e-11
1.1933e-11,1.955e-11,2.1328e-11
1.495e-11,2.3169e-11,1.9609e-11
1.2076e-11,2.7413e-11,2.6799e-11
2.8783e-11,3.3182e-11,1.08e-11
1.6483e-11,1.0784e-11,1.5766e-11
1.3028e-11,1.7161e-11,1.7617e-11
2.2218e-11,2.9922e-11,1.3721e-11
1.074e-11,1.7684e-11,2.0448e-11
1.6784e-11,2.0803e-11,1.7647e-11
1.4358e-11,2.0811e-11,2.437e-11
1.6935e-11,2.1166e-11,1.9916e-11
1.9179e-11,1.9562e-11,1.4436e-11
2.7717e-11,3.0839e-11,1.3335e-11
1.5945e-11,2.6846e-11,1.1933e-11
4.039e-11,3.3061e-11,2.7187e-11
2.5419e-11,2.1688e-11,1.6739e-11
1.812e-11,1.044e-11,1.9411e-11
7.093e-11,3.8732e-11,3.5769e-11
7.0339e-11,3.2469e-11,3.3113e-11
2.9679e-11,2.227e-11,3.3483e-11
1.9083e-11,1.2016e-11,1.6722e-11
2.9376e-11,2.2956e-11,3.4816e-11
2.7728e-11,1.3531e-11,2.2298e-11
3.0514e-11,1.6211e-11,3.274e-11
3.0909e-11,1.8036e-11,3.1578e-11
3.2778e-11,1.2287e-11,3.3776e-11
3.6156e-11,1.2635e-11,3.5272e-11
4.4585e-11,1.1998e-11,4.568e-11
7.7973e-12,2.6321e-11,1.897e-11
9.3901e-12,2.8612e-11,2.1118e-11
5.3232e-11,3.7248e-11,1.0533e-11
9.061e-12,1.7258e-11,1.792e-11
9.7957e-12,1.897e-11,1.9611e-11
4.9924e-11,3.6018e-11,1.0819e-11
3.4702e-11,3.2278e-11,1.4342e-11
1.0416e-11,1.7203e-11,1.8831e-11
2.2772e-11,1.1037e-11,1.552e-11
2.0838e-11,1.1848e-11,1.7356e-11
1.9853e-11,1.1363e-11,1.6714e-11
1.8689e-11,4.4205e-11,3.8316e-11
2.0188e-11,1.2155e-11,1.516e-11
2.3938e-11,4.3823e-11,4.2768e-11
1.7335e-11,2.2186e-11,1.553e-11
1.8153e-11,2.8327e-11,1.7921e-11
1.7953e-11,2.1645e-11,1.8456e-11
2.4998e-11,2.6379e-11,3.3727e-11
2.058e-11,1.9156e-11,2.5876e-11
1.5506e-11,1.1538e-11,1.6967e-11
2.8572e-11,2.0271e-11,1.7772e-11
3.197e-11,1.9163e-11,1.3802e-11
1.9776e-11,1.2729e-11,1.7773e-11
2.5548e-11,2.0308e-11,3.1048e-11
2.9312e-11,1.9819e-11,3.3238e-11
3.1943e-11,1.6657e-11,3.3864e-11
6.2018e-11,1.708e-11,3.6009e-11
3.516e-11,1.4096e-11,3.5251e-11
5.8651e-12,2.4128e-11,1.8291e-11
1.2471e-11,2.9055e-11,1.9521e-11
6.5485e-12,1.7813e-11,1.8298e-11
6.7239e-12,2.3951e-11,1.814e-11
1.0255e-11,2.6955e-11,2.0848e-11
6.7687e-12,2.2139e-11,1.7536e-11
1.2473e-11,2.9562e-11,2.567e-11
1.658e-11,1.2237e-11,1.8372e-11
3.6178e-11,3.8105e-11,1.1559e-11
1.8295e-11,1.4136e-11,2.5411e-11
1.2559e-11,2.6807e-11,2.6235e-11
1.2769e-11,2.6953e-11,2.6522e-11
1.8747e-11,2.1718e-11,1.7034e-11
1.6764e-11,2.8057e-11,1.24e-11
1.6506e-11,2.7696e-11,1.2013e-11
1.8535e-11,2.0332e-11,1.8078e-11
1.0445e-11,1.4796e-11,1.647e-11
1.1396e-11,1.5865e-11,1.8353e-11
1.6703e-11,1.8366e-11,1.8574e-11
3.2922e-11,3.6721e-11,1.1021e-11
1.2543e-11,1.6193e-11,1.7827e-11
3.4786e-11,3.7783e-11,1.4126e-11
1.5029e-11,1.6316e-11,1.8106e-11
1.6249e-11,1.388e-11,1.4698e-11
2.6907e-11,2.0219e-11,1.2113e-11
3.3561e-11,3.1964e-11,4.2871e-11
1.7492e-11,1.5233e-11,2.1904e-11
2.4393e-11,1.608e-11,1.3581e-11
1.9472e-11,1.1072e-11,2.1392e-11
7.6583e-11,3.7663e-11,3.3064e-11
2.5834e-11,1.3774e-11,1.4329e-11
2.265e-11,1.5016e-11,1.5131e-11
3.8766e-11,1.2532e-11,2.1134e-11
2.9664e-11,2.2952e-11,3.6693e-11
8.0756e-11,2.4339e-11,3.021e-11
8.0568e-11,2.4111e-11,3.3273e-11
2.3427e-11,1.0977e-11,2.0173e-11
4.5288e-11,1.1785e-11,2.2738e-11
3.9508e-11,1.0565e-11,2.4693e-11
2.8101e-11,1.2124e-11,2.4576e-11
3.0753e-11,1.2952e-11,2.6951e-11
3.4909e-11,1.734e-11,3.452e-11
3.5802e-11,1.376e-11,3.2819e-11
4.0788e-11,1.0754e-11,3.9414e-11
4.6663e-11,1.3567e-11,4.3125e-11
5.8183e-12,2.4103e-11,2.1113e-11
8.7147e-12,2.7947e-11,2.0361e-11
5.8369e-12,1.7542e-11,1.9963e-11
6.2835e-12,2.2469e-11,2.311e-11
8.9995e-12,2.8887e-11,2.0663e-11
4.8563e-11,3.5343e-11,1.3427e-11
4.8788e-11,3.5786e-11,1.1077e-11
1.2222e-11,2.0974e-11,2.187e-11
2.4309e-11,3.0091e-11,1.3133e-11
9.8933e-12,1.7777e-11,1.9352e-11
1.5215e-11,1.8992e-11,1.8301e-11
1.3537e-11,1.1636e-11,1.5292e-11
1.7166e-11,1.0381e-11,1.4464e-11
1.1971e-11,1.6871e-11,1.6656e-11
1.5414e-11,2.007e-11,2.4289e-11
2.6709e-11,3.3785e-11,3.9089e-11
1.5327e-11,2.3047e-11,1.5588e-11
1.5453e-11,1.4548e-11,1.4054e-11
2.5909e-11,2.9075e-11,3.6447e-11
1.8265e-11,1.8169e-11,2.5349e-11
5.2195e-11,2.6277e-11,2.3175e-11
5.5825e-11,3.5786e-11,2.3652e-11
2.6867e-11,2.2114e-11,3.3016e-11
5.5449e-11,2.0104e-11,2.8648e-11
1.9658e-11,9.304e-12,1.8483e-11
1.9003e-11,1.2942e-11,2.3355e-11
4.9069e-11,1.6239e-11,2.3835e-11
6.7356e-11,1.9474e-11,2.811e-11
2.464e-11,1.3349e-11,2.5773e-11
2.7901e-11,1.9647e-11,2.9909e-11
4.9587e-11,1.2951e-11,2.5881e-11
3.1063e-11,9.6838e-12,2.4451e-11
2.8255e-11,1.2673e-11,2.7604e-11
4.1918e-11,1.002e-11,2.7908e-11
3.1474e-11,9.2765e-12,2.6817e-11
4.6567e-11,1.0879e-11,2.8977e-11
3.8458e-11,1.4361e-11,3.2426e-11
3.879e-11,1.313e-11,3.688e-11
7.8268e-12,2.9941e-11,2.2603e-11
5.1429e-12,1.8501e-11,1.7001e-11
9.2003e-12,1.6075e-11,1.7356e-11
1.152e-11,2.286e-11,1.8909e-11
2.4474e-11,2.1896e-11,1.631e-11
9.6939e-12,2.348e-11,2.0863e-11
3.3646e-11,3.0326e-11,1.9959e-11
1.9002e-11,1.7672e-11,2.1215e-11
2.1566e-11,2.3982e-11,1.2171e-11
1.034e-11,1.7306e-11,1.78e-11
1.7453e-11,2.287e-11,1.4673e-11
1.6476e-11,2.0847e-11,1.5335e-11
1.3844e-11,1.7381e-11,1.6932e-11
2.1065e-11,2.2669e-11,1.6748e-11
1.5166e-11,1.5443e-11,1.7093e-11
3.1054e-11,2.8353e-11,1.7754e-11
1.8598e-11,1.2295e-11,1.647e-11
2.8495e-11,2.7569e-11,1.7672e-11
3.7556e-11,3.405e-11,2.1738e-11
1.6365e-11,1.6251e-11,2.3277e-11
3.1248e-11,3.1267e-11,4.0622e-11
1.8628e-11,1.5982e-11,2.3405e-11
1.7495e-11,1.0281e-11,1.8583e-11
1.7016e-11,9.97e-12,1.8306e-11
3.1097e-11,2.7891e-11,3.8483e-11
2.5536e-11,1.1822e-11,1.659e-11
2.7166e-11,2.1109e-11,3.2282e-11
2.7143e-11,2.1073e-11,3.3656e-11
4.8083e-11,1.4069e-11,2.4876e-11
6.4085e-11,1.7976e-11,3.147e-11
2.77e-11,1.2276e-11,2.7166e-11
3.7156e-11,1.0527e-11,4.1259e-11
3.7992e-11,1.0224e-11,4.0357e-11
4.723e-12,1.8092e-11,1.6858e-11
9.4863e-12,2.1707e-11,2.1402e-11
6.0438e-12,1.5824e-11,1.7009e-11
5.3787e-12,1.854e-11,1.6128e-11
1.0472e-11,3.8874e-11,2.7931e-11
9.5122e-12,1.7379e-11,1.7235e-11
8.3961e-12,1.7067e-11,1.6664e-11
2.5002e-11,1.1638e-11,1.4195e-11
1.2219e-11,1.4052e-11,1.6093e-11
1.6933e-11,1.4106e-11,2.2228e-11
1.9239e-11,2.2231e-11,1.3256e-11
1.3065e-11,1.7365e-11,1.7953e-11
1.6898e-11,2.0233e-11,1.4418e-11
1.681e-11,2.059e-11,1.4276e-11
1.6643e-11,1.9737e-11,1.5451e-11
2.3114e-11,2.1615e-11,1.7072e-11
3.7373e-11,2.973e-11,1.7945e-11
1.6514e-11,1.2215e-11,1.7928e-11
1.5721e-11,1.5844e-11,1.8146e-11
2.6119e-11,1.5906e-11,1.6669e-11
1.7033e-11,1.004e-11,1.8291e-11
2.0179e-11,1.6832e-11,1.1705e-11
2.0137e-11,1.1984e-11,2.0757e-11
2.903e-11,2.3906e-11,3.5886e-11
1.922e-11,1.716e-11,1.4674e-11
2.1341e-11,1.0409e-11,1.9943e-11
6.7832e-11,1.9051e-11,3.1971e-11
2.207e-11,1.0851e-11,2.1952e-11
4.9099e-11,1.1653e-11,2.8736e-11
9.6509e-12,1.4689e-11,1.874e-11
6.8001e-12,2.0236e-11,1.7706e-11
5.314e-11,2.6978e-11,4.4139e-12
2.8274e-11,2.6623e-11,1.3596e-11
1.57e-11,1.8249e-11,2.1139e-11
1.5018e-11,1.5405e-11,2.0048e-11
8.0255e-12,1.7045e-11,1.5556e-11
3.638e-11,2.4561e-11,5.3294e-12
1.4077e-11,1.2807e-11,1.671e-11
1.0307e-11,1.9724e-11,1.8962e-11
1.4559e-11,2.9993e-11,2.7255e-11
9.7736e-12,1.5858e-11,1.6607e-11
1.1182e-11,1.7949e-11,1.9605e-11
8.5469e-12,1.5365e-11,1.6464e-11
1.431e-11,2.5019e-11,1.0028e-11
1.489e-11,2.4863e-11,9.9826e-12
1.6553e-11,2.2367e-11,1.5932e-11
1.6624e-11,2.2757e-11,2.5559e-11
1.5383e-11,2.2594e-11,1.1239e-11
2.8321e-11,4.1626e-11,4.2379e-11
1.393e-11,2.2231e-11,1.4726e-11
1.6903e-11,1.0314e-11,1.7201e-11
1.7716e-11,8.6351e-12,1.6231e-11
2.2779e-11,1.8253e-11,2.8571e-11
1.948e-11,1.2541e-11,1.4813e-11
1.8837e-11,1.2217e-11,2.2277e-11
2.0788e-11,1.0541e-11,2.0286e-11
3.1897e-11,8.6986e-12,1.9598e-11
2.3659e-11,9.0917e-12,2.0329e-11
5.7889e-11,1.6087e-11,3.4044e-11
3.6089e-11,1.3309e-11,3.1803e-11
5.5037e-11,1.4499e-11,3.7636e-11
3.7424e-11,1.3774e-11,3.4671e-11
6.2325e-12,1.6892e-11,2.0268e-11
8.8558e-12,2.4993e-11,1.8148e-11
1.9967e-11,1.1546e-11,1.9248e-11
1.5334e-11,4.5741e-11,3.3725e-11
1.1134e-11,1.6123e-11,1.8986e-11
9.029e-12,1.8133e-11,1.7202e-11
4.4243e-11,2.5404e-11,5.7274e-12
8.9263e-12,1.9203e-11,1.824e-11
2.1415e-11,4.7795e-11,4.1158e-11
1.3502e-11,2.8275e-11,2.5639e-11
1.018e-11,1.5612e-11,1.8144e-11
8.3816e-12,1.4144e-11,1.566e-11
2.296e-11,4.2042e-11,3.7967e-11
1.7975e-11,2.5614e-11,1.4655e-11
1.2631e-11,1.5205e-11,1.6856e-11
1.9456e-11,2.2164e-11,1.3198e-11
8.5746e-12,1.4151e-11,1.573e-11
1.139e-11,1.3117e-11,1.5341e-11
1.8293e-11,2.01e-11,1.4448e-11
1.6699e-11,1.9098e-11,1.4811e-11
1.4525e-11,2.4498e-11,9.402e-12
1.6139e-11,2.2182e-11,1.4841e-11
1.1111e-11,1.2334e-11,1.491e-11
1.7748e-11,2.2019e-11,1.2912e-11
1.3863e-11,1.7405e-11,2.106e-11
1.5024e-11,1.0075e-11,1.4803e-11
1.4754e-11,1.8606e-11,1.4879e-11
1.3892e-11,1.1723e-11,1.4169e-11
1.9383e-11,1.6335e-11,1.5016e-11
3.1091e-11,3.5256e-11,1.4157e-11
1.9535e-11,2.0092e-11,1.3728e-11
3.7528e-11,3.7979e-11,1.2967e-11
2.8779e-11,3.2523e-11,3.9444e-11
3.3074e-11,1.8799e-11,2.2799e-11
3.2943e-11,3.9537e-11,4.6113e-11
4.162e-11,2.0695e-11,1.9534e-11
2.992e-11,2.6763e-11,3.7037e-11
1.8138e-11,1.0753e-11,1.9231e-11
2.0454e-11,1.6849e-11,1.1595e-11
1.7722e-11,8.5926e-12,1.645e-11
2.0057e-11,1.5838e-11,2.3456e-11
3.0828e-11,2.3672e-11,3.6725e-11
1.9686e-11,1.0294e-11,1.7328e-11
2.3222e-11,1.6769e-11,2.8197e-11
1.9132e-11,1.247e-11,1.6438e-11
2.3787e-11,1.4716e-11,2.7289e-11
6.2118e-11,1.5188e-11,3.3551e-11
2.3272e-11,1.0825e-11,2.3797e-11
5.9482e-11,1.6841e-11,2.9308e-11
2.3894e-11,8.5948e-12,2.3853e-11
2.4725e-11,8.977e-12,2.5036e-11
2.6588e-11,1.1086e-11,2.8547e-11
3.3735e-11,1.5057e-11,3.5998e-11
3.7017e-11,1.2663e-11,3.2574e-11
3.5585e-11,1.2721e-11,3.5369e-11
8.1315e-12,2.5143e-11,2.0586e-11
8.1573e-11,2.7241e-11,1.6133e-11
5.3631e-12,1.3616e-11,1.7839e-11
8.6522e-12,2.072e-11,2.0914e-11
7.4623e-12,2.0849e-11,1.6982e-11
8.5007e-12,1.451e-11,1.6866e-11
1.2494e-11,1.558e-11,1.8858e-11
1.4799e-11,1.3625e-11,1.9424e-11
5.4344e-11,2.1398e-11,8.8012e-12
9.109e-12,1.9127e-11,1.7506e-11
1.3275e-11,3.8445e-11,2.9863e-11
8.8257e-12,1.8159e-11,1.6312e-11
8.4614e-12,1.2876e-11,1.5219e-11
3.7414e-11,2.3702e-11,5.5091e-12
1.4027e-11,1.4828e-11,1.6633e-11
8.9255e-12,1.3635e-11,1.5347e-11
1.128e-11,1.4145e-11,1.7601e-11
1.8122e-11,1.5602e-11,1.1493e-11
1.6347e-11,2.1036e-11,1.1343e-11
1.794e-11,8.5793e-12,1.5716e-11
1.5149e-11,1.6531e-11,1.3521e-11
2.018e-11,1.9934e-11,1.135e-11
1.945e-11,1.9966e-11,1.211e-11
3.7945e-11,3.2713e-11,2.0365e-11
1.417e-11,1.3683e-11,1.8763e-11
5.3429e-11,2.466e-11,2.7231e-11
4.289e-11,1.9469e-11,2.0255e-11
5.7562e-11,3.6925e-11,2.127e-11
5.0898e-11,2.8082e-11,2.0721e-11
1.6332e-11,8.9618e-12,1.5088e-11
1.9954e-11,1.4787e-11,2.1821e-11
1.837e-11,1.0439e-11,1.4249e-11
1.9411e-11,1.5618e-11,2.469e-11
5.2994e-11,1.3811e-11,2.8031e-11
2.2181e-11,9.6084e-12,2.1226e-11
2.6105e-11,8.2606e-12,2.1061e-11
3.3796e-11,9.0029e-12,2.371e-11
2.727e-11,9.3042e-12,2.7515e-11
3.3111e-11,1.4631e-11,3.4988e-11
3.4592e-11,1.2178e-11,3.3394e-11
4.2764e-11,1.0333e-11,4.2625e-11
3.8573e-11,9.967e-12,4.306e-11
8.2123e-11,2.6007e-11,1.3989e-11
8.0276e-11,2.6998e-11,1.8388e-11
8.1451e-11,2.6053e-11,1.026e-11
6.0166e-12,1.8103e-11,1.8329e-11
4.8218e-12,1.2744e-11,1.6154e-11
6.3444e-12,1.4937e-11,1.7203e-11
1.4381e-11,4.4501e-11,3.3393e-11
1.3471e-11,1.7691e-11,1.9745e-11
7.8009e-12,2.0729e-11,1.7774e-11
1.7919e-11,5.006e-11,3.7117e-11
1.1432e-11,1.5071e-11,1.7901e-11
9.9228e-12,1.2949e-11,1.4074e-11
8.5974e-12,1.53e-11,1.5082e-11
1.5903e-11,3.2239e-11,2.9054e-11
9.2946e-12,1.6623e-11,1.7135e-11
2.8367e-11,2.1147e-11,8.2528e-12
2.3109e-11,3.2443e-11,1.1729e-11
2.5941e-11,4.9876e-11,4.3075e-11
1.4039e-11,9.8113e-12,1.6616e-11
3.3304e-11,2.2722e-11,5.9806e-12
1.1768e-11,1.2696e-11,1.5372e-11
1.9819e-11,2.2567e-11,1.2115e-11
1.6343e-11,2.5854e-11,2.5365e-11
2.1214e-11,2.3331e-11,1.2579e-11
1.6489e-11,2.7019e-11,1.3443e-11
1.8291e-11,2.6918e-11,2.7202e-11
1.8786e-11,1.4319e-11,1.4009e-11
1.817e-11,1.4683e-11,1.1772e-11
2.1432e-11,3.1741e-11,3.1904e-11
2.6131e-11,3.5746e-11,3.6821e-11
1.7704e-11,2.0959e-11,1.389e-11
1.8637e-11,2.0446e-11,1.0338e-11
1.7294e-11,1.7276e-11,2.2e-11
1.4216e-11,1.8799e-11,1.5606e-11
1.3182e-11,1.0148e-11,1.6773e-11
2.4733e-11,1.4067e-11,1.4699e-11
1.4588e-11,1.29e-11,1.8947e-11
2.5762e-11,1.4333e-11,1.5571e-11
2.7704e-11,2.4296e-11,3.3844e-11
1.9374e-11,1.2035e-11,1.4501e-11
1.4649e-11,9.2559e-12,1.5943e-11
1.9851e-11,1.3111e-11,1.3027e-11
2.9695e-11,1.1283e-11,1.847e-11
2.7753e-11,2.1054e-11,3.4284e-11
7.0291e-11,2.0852e-11,2.6764e-11
2.384e-11,9.6277e-12,1.4522e-11
2.3439e-11,1.6673e-11,2.783e-11
2.4709e-11,1.7026e-11,2.9157e-11
2.2144e-11,9.241e-12,1.8411e-11
2.4354e-11,7.9361e-12,2.2558e-11
5.0279e-11,1.5138e-11,3.2462e-11
4.521e-11,1.3649e-11,3.0571e-11
4.9988e-11,1.3453e-11,3.3626e-11
3.5776e-11,1.2665e-11,3.4816e-11
4.0462e-11,8.3873e-12,4.1343e-11
4.1128e-11,1.2847e-11,4.1327e-11
4.3097e-11,9.8183e-12,4.5856e-11
3.9566e-11,8.943e-12,4.3129e-11
5.4318e-12,1.2504e-11,1.5877e-11
6.6755e-12,2.0412e-11,1.6385e-11
8.3648e-12,2.2613e-11,2.1835e-11
8.396e-12,2.3867e-11,2.1561e-11
7.0144e-11,2.1823e-11,8.6347e-12
1.3508e-11,3.4652e-11,2.7201e-11
7.1738e-12,1.8508e-11,1.7492e-11
5.0402e-11,2.0322e-11,7.8035e-12
8.4258e-12,2.1088e-11,1.6718e-11
2.5024e-11,2.7107e-11,1.6945e-11
3.7443e-11,2.2638e-11,5.3822e-12
2.0195e-11,5.094e-11,4.0877e-11
8.9633e-12,1.4057e-11,1.47e-11
1.8143e-11,3.6229e-11,2.9446e-11
8.8396e-12,1.4103e-11,1.4412e-11
8.8519e-12,1.223e-11,1.3813e-11
2.2571e-11,3.1701e-11,1.1911e-11
3.0449e-11,2.2135e-11,6.5831e-12
1.7359e-11,1.4609e-11,1.8752e-11
3.1e-11,2.2155e-11,8.5932e-12
9.956e-12,1.2552e-11,1.5436e-11
1.1614e-11,1.1686e-11,1.4718e-11
1.5775e-11,2.0336e-11,1.3982e-11
1.1125e-11,1.2978e-11,1.5423e-11
1.5956e-11,2.3661e-11,9.5666e-12
1.4188e-11,1.0817e-11,1.3206e-11
1.7866e-11,1.9975e-11,1.0179e-11
1.43e-11,1.3614e-11,1.6974e-11
1.345e-11,1.2762e-11,1.7855e-11
1.9414e-11,1.1769e-11,1.3811e-11
6.0557e-11,3.5769e-11,2.354e-11
2.9366e-11,2.6756e-11,3.5792e-11
1.5462e-11,9.9204e-12,1.6435e-11
4.3504e-11,1.5139e-11,2.2284e-11
1.8318e-11,8.9058e-12,1.7649e-11
1.9865e-11,8.1216e-12,1.4332e-11
2.4484e-11,1.6674e-11,2.8806e-11
2.829e-11,1.65e-11,3.2314e-11
2.8677e-11,8.2089e-12,2.329e-11
2.5795e-11,7.619e-12,2.573e-11
4.6982e-11,1.3265e-11,3.4837e-11
3.1825e-11,1.0496e-11,3.1468e-11
3.8148e-11,1.0258e-11,3.9793e-11
8.4592e-12,1.2905e-11,1.6639e-11
6.8054e-11,2.0163e-11,6.468e-12
7.185e-12,1.4659e-11,1.9311e-11
8.0695e-12,2.2399e-11,1.8223e-11
7.6922e-11,2.7708e-11,1.7366e-11
8.3192e-12,2.3378e-11,1.8297e-11
5.4264e-12,1.7676e-11,1.4942e-11
6.1367e-11,2.0449e-11,8.0749e-12
7.1255e-11,2.2155e-11,1.0479e-11
1.2022e-11,1.7736e-11,1.9739e-11
7.1733e-12,2.1155e-11,1.8598e-11
1.1862e-11,1.5113e-11,1.7248e-11
1.9486e-11,1.2813e-11,2.1851e-11
5.4366e-11,2.154e-11,9.529e-12
2.6489e-11,2.295e-11,1.5615e-11
7.3048e-12,1.7608e-11,1.4926e-11
1.203e-11,2.526e-11,2.2805e-11
8.837e-12,1.5753e-11,1.5322e-11
8.3263e-12,1.5611e-11,1.5292e-11
2.6688e-11,3.0625e-11,1.1727e-11
7.6971e-12,1.3703e-11,1.446e-11
2.2588e-11,2.4915e-11,1.7258e-11
9.3917e-12,1.1517e-11,1.4664e-11
1.1682e-11,1.4204e-11,1.7917e-11
1.9044e-11,2.7499e-11,1.4196e-11
1.4203e-11,1.4506e-11,1.7063e-11
2.6444e-11,4.6168e-11,4.0536e-11
1.2995e-11,9.4253e-12,1.5946e-11
2.0585e-11,2.7293e-11,1.6583e-11
2.0111e-11,3.068e-11,2.9146e-11
1.5662e-11,2.3388e-11,1.4626e-11
1.4152e-11,2.1782e-11,9.5034e-12
1.5971e-11,1.7455e-11,1.5618e-11
1.5333e-11,1.7629e-11,2.2501e-11
1.8813e-11,1.8144e-11,1.1455e-11
1.4358e-11,1.3835e-11,1.6924e-11
1.972e-11,1.8069e-11,2.5134e-11
5.5223e-11,2.8002e-11,2.1483e-11
1.5512e-11,9.9317e-12,1.2799e-11
1.6167e-11,8.9222e-12,1.5508e-11
5.6563e-11,1.942e-11,2.1048e-11
2.8424e-11,1.093e-11,1.4943e-11
8.0297e-11,2.5088e-11,3.3537e-11
2.3974e-11,1.6038e-11,2.8669e-11
1.7154e-11,9.3615e-12,1.5535e-11
2.0691e-11,9.1385e-12,1.9464e-11
2.4436e-11,1.0911e-11,2.4093e-11
3.3246e-11,1.9409e-11,3.9519e-11
3.1002e-11,1.5204e-11,3.3559e-11
4.1748e-11,9.408e-12,3.1282e-11
3.3564e-11,9.6772e-12,3.5506e-11
4.0375e-11,1.0322e-11,4.0985e-11
3.8501e-11,8.8508e-12,4.4595e-11
7.5243e-12,1.6625e-11,1.5413e-11
9.3501e-12,2.1847e-11,1.8538e-11
5.4278e-12,2.2181e-11,1.69e-11
7.3424e-11,2.4052e-11,9.1033e-12
7.9481e-12,2.0793e-11,1.8032e-11
7.172e-11,2.5311e-11,1.0886e-11
7.7462e-11,2.6614e-11,1.1251e-11
1.3269e-11,1.8994e-11,1.7521e-11
8.3422e-12,1.9243e-11,1.8429e-11
5.1029e-11,2.0633e-11,5.1438e-12
8.2623e-12,1.5381e-11,1.4524e-11
8.5407e-12,1.3505e-11,1.4799e-11
2.5601e-11,2.6262e-11,1.5408e-11
1.8291e-11,2.2487e-11,1.4575e-11
3.9134e-11,2.3507e-11,1.0221e-11
1.7578e-11,2.0499e-11,1.542e-11
1.7855e-11,2.3587e-11,1.5546e-11
1.3577e-11,1.7714e-11,1.2311e-11
1.5905e-11,2.1114e-11,1.1742e-11
2.0248e-11,2.1254e-11,2.644e-11
1.6931e-11,1.7964e-11,1.1546e-11
3.7366e-11,2.839e-11,1.7439e-11
4.0813e-11,2.3071e-11,1.3614e-11
3.2496e-11,1.659e-11,1.9874e-11
1.4981e-11,8.3829e-12,1.5715e-11
1.9371e-11,1.0656e-11,1.2438e-11
1.6444e-11,1.0129e-11,1.4044e-11
1.5763e-11,1.1707e-11,1.1356e-11
1.5598e-11,1.0466e-11,1.1914e-11
4.5389e-11,1.3498e-11,2.303e-11
2.7773e-11,2.1866e-11,3.529e-11
3.6079e-11,9.4644e-12,1.9268e-11
2.3725e-11,9.9454e-12,1.5832e-11
2.032e-11,1.2211e-11,2.197e-11
7.7971e-11,2.4221e-11,2.9015e-11
2.4744e-11,1.1281e-11,2.4618e-11
2.4202e-11,1.1321e-11,2.3733e-11
3.3568e-11,1.7792e-11,3.7987e-11
3.5289e-11,1.2789e-11,3.2068e-11
4.4806e-11,1.3097e-11,3.8081e-11
3.0248e-11,7.7169e-12,3.1388e-11
3.9711e-11,1.2264e-11,3.8707e-11
7.0255e-11,1.9763e-11,1.1909e-11
5.461e-12,1.8135e-11,1.6567e-11
7.4654e-11,2.2923e-11,9.3499e-12
6.6905e-11,1.9865e-11,4.9944e-12
1.4163e-11,2.6837e-11,2.3723e-11
7.2093e-12,1.9454e-11,1.5593e-11
5.0853e-11,2.0235e-11,4.7926e-12
1.863e-11,4.8898e-11,3.6412e-11
2.2873e-11,1.9221e-11,2.279e-11
1.9904e-11,1.2428e-11,1.5296e-11
1.6735e-11,1.0471e-11,1.664e-11
1.9874e-11,2.2664e-11,1.3427e-11
1.6979e-11,2.0076e-11,1.5314e-11
1.9671e-11,2.3571e-11,1.3557e-11
2.092e-11,1.4213e-11,1.2491e-11
1.5573e-11,1.761e-11,1.0802e-11
2.7106e-11,3.6369e-11,3.6673e-11
2.9365e-11,3.6248e-11,3.8527e-11
1.2568e-11,1.1269e-11,1.4631e-11
1.8523e-11,1.1435e-11,1.2731e-11
5.535e-11,3.4175e-11,2.3711e-11
1.4581e-11,1.0528e-11,1.7583e-11
6.3867e-11,2.4333e-11,2.841e-11
5.4694e-11,1.9087e-11,2.4198e-11
3.2755e-11,2.8435e-11,3.7437e-11
1.9144e-11,9.5513e-12,1.4038e-11
6.1673e-11,1.7726e-11,2.3962e-11
2.568e-11,1.9259e-11,3.2748e-11
2.1554e-11,1.4329e-11,2.6448e-11
3.2728e-11,8.5933e-12,1.8757e-11
2.6794e-11,2.0235e-11,3.407e-11
2.0669e-11,1.2338e-11,2.2085e-11
2.3752e-11,1.4451e-11,2.8894e-11
1.938e-11,8.9823e-12,1.9209e-11
2.6343e-11,1.3903e-11,2.8512e-11
2.9163e-11,1.4506e-11,3.1496e-11
3.1248e-11,1.7149e-11,3.4567e-11
3.1327e-11,1.5125e-11,3.3567e-11
3.477e-11,1.3572e-11,3.6399e-11
3.7913e-11,1.1958e-11,3.4063e-11
3.3226e-11,1.1839e-11,3.2834e-11
3.8565e-11,1.1814e-11,3.792e-11
3.8469e-11,8.1842e-12,4.5562e-11
7.8457e-11,2.1095e-11,7.9723e-12
7.3986e-11,2.1925e-11,1.1784e-11
6.8091e-11,1.9428e-11,9.5012e-12
6.4611e-11,2.1113e-11,6.7679e-12
7.2791e-11,2.2675e-11,8.1497e-12
7.0655e-11,3.1719e-11,1.2854e-11
5.432e-12,1.6889e-11,1.5442e-11
8.3093e-12,2.2992e-11,2.3034e-11
7.1975e-11,3.1546e-11,1.0503e-11
8.2779e-12,2.0691e-11,1.8453e-11
7.0848e-12,1.8556e-11,1.686e-11
5.6704e-11,2.15e-11,8.4243e-12
2.0344e-11,1.4882e-11,1.9443e-11
4.9618e-11,2.033e-11,4.9753e-12
6.8841e-12,1.2831e-11,1.4277e-11
1.4254e-11,1.0943e-11,1.5944e-11
7.2569e-12,1.7149e-11,1.4019e-11
2.2497e-11,2.4876e-11,1.6141e-11
3.1478e-11,3.183e-11,1.0682e-11
1.4298e-11,2.7006e-11,2.3769e-11
1.0202e-11,1.9471e-11,1.7935e-11
1.7648e-11,1.239e-11,1.5486e-11
2.3501e-11,3.1022e-11,1.16e-11
2.6408e-11,4.7257e-11,4.0884e-11
1.916e-11,2.1673e-11,1.343e-11
2.5295e-11,1.9984e-11,7.1207e-12
1.2858e-11,1.8171e-11,1.4794e-11
1.2379e-11,1.8413e-11,1.4787e-11
2.5343e-11,2.397e-11,1.0496e-11
2.8196e-11,3.9878e-11,3.8647e-11
1.2257e-11,1.8813e-11,1.5624e-11
1.6585e-11,1.6379e-11,1.1923e-11
1.369e-11,1.3374e-11,1.3961e-11
1.7236e-11,1.7052e-11,1.1816e-11
3.0476e-11,1.6639e-11,1.8652e-11
1.5409e-11,9.5545e-12,1.2964e-11
6.6264e-11,2.5431e-11,2.7492e-11
2.1471e-11,1.6483e-11,2.5991e-11
5.4374e-11,1.2808e-11,2.6174e-11
2.9959e-11,2.4017e-11,3.8971e-11
1.8778e-11,8.7482e-12,1.5269e-11
1.6892e-11,9.2644e-12,1.5314e-11
3.6756e-11,8.943e-12,2.0851e-11
2.0752e-11,7.7936e-12,1.6144e-11
2.6136e-11,1.6018e-11,3.2803e-11
1.9697e-11,8.0765e-12,1.8967e-11
2.4955e-11,1.4741e-11,2.9571e-11
2.0306e-11,8.7819e-12,2.1616e-11
2.4054e-11,1.2341e-11,2.5651e-11
2.6816e-11,8.4165e-12,2.3157e-11
2.6976e-11,6.921e-12,2.265e-11
3.2153e-11,7.4438e-12,2.8806e-11
3.6738e-11,1.3924e-11,3.8259e-11
3.2661e-11,8.2017e-12,3.4433e-11
3.8267e-11,8.8988e-12,4.3257e-11
6.9947e-11,1.8202e-11,4.072e-12
5.8183e-12,1.9903e-11,1.5237e-11
6.7793e-11,1.8765e-11,6.5497e-12
7.0518e-11,3.0806e-11,1.2082e-11
7.0538e-11,2.2983e-11,8.8485e-12
6.3542e-11,2.0288e-11,1.0147e-11
1.5046e-11,1.5878e-11,1.7208e-11
5.7368e-12,1.1949e-11,1.3702e-11
7.9194e-12,1.7905e-11,1.6352e-11
5.8549e-11,1.8947e-11,5.3027e-12
6.5755e-12,1.5197e-11,1.468e-11
1.7828e-11,1.128e-11,1.9269e-11
1.6782e-11,4.026e-11,3.1251e-11
6.0245e-12,1.4906e-11,1.3845e-11
6.4188e-12,1.4871e-11,1.3643e-11
5.025e-11,2.1965e-11,1.2221e-11
2.2999e-11,2.5131e-11,1.5356e-11
1.1105e-11,2.0213e-11,1.7963e-11
3.3285e-11,2.1046e-11,6.5527e-12
1.2046e-11,1.3735e-11,1.6623e-11
1.8493e-11,2.2572e-11,1.1582e-11
2.3509e-11,2.1381e-11,1.3544e-11
2.6247e-11,3.9192e-11,3.4894e-11
1.7474e-11,2.633e-11,8.3643e-12
1.6225e-11,2.4623e-11,1.4279e-11
1.4111e-11,2.2835e-11,1.4196e-11
1.3835e-11,1.1368e-11,1.5818e-11
2.5142e-11,2.3432e-11,1.112e-11
1.1766e-11,1.1588e-11,1.5595e-11
2.2682e-11,2.5857e-11,2.9997e-11
1.382e-11,1.2341e-11,1.388e-11
1.5164e-11,1.4482e-11,1.3873e-11
3.2071e-11,3.5207e-11,4.0365e-11
1.1019e-11,1.0086e-11,1.4676e-11
6.461e-11,2.3244e-11,2.9415e-11
1.5115e-11,7.6048e-12,1.394e-11
7.2981e-11,2.2856e-11,3.5603e-11
1.7912e-11,7.5854e-12,1.4813e-11
8.3156e-11,2.3963e-11,3.3697e-11
2.2395e-11,9.3231e-12,1.7649e-11
2.0059e-11,8.7603e-12,2.0884e-11
2.2725e-11,6.4353e-12,2.4558e-11
6.8759e-11,1.7929e-11,9.4163e-12
7.3388e-11,2.1074e-11,1.1465e-11
6.6147e-11,2.2063e-11,8.507e-12
5.4059e-12,1.809e-11,1.5191e-11
8.3729e-12,1.3038e-11,1.5479e-11
5.7849e-11,2.1408e-11,1.5798e-11
1.0201e-11,1.5263e-11,1.8579e-11
7.7256e-12,1.3126e-11,1.3637e-11
1.8476e-11,1.3939e-11,1.8759e-11
1.7448e-11,1.4656e-11,1.8767e-11
2.5557e-11,2.4838e-11,1.4178e-11
3.9174e-11,3.3071e-11,1.0528e-11
3.717e-11,3.5446e-11,7.9567e-12
6.1745e-12,1.0878e-11,1.2427e-11
2.7471e-11,2.7444e-11,1.4781e-11
2.6593e-11,2.9194e-11,1.3797e-11
2.2038e-11,2.5681e-11,1.5551e-11
1.6748e-11,1.2752e-11,1.4084e-11
2.1241e-11,1.9574e-11,1.5712e-11
1.1452e-11,1.5e-11,1.757e-11
1.2172e-11,1.3022e-11,1.5028e-11
2.0588e-11,2.2734e-11,2.6072e-11
1.8195e-11,1.5177e-11,1.2407e-11
1.3185e-11,1.1926e-11,1.3085e-11
1.7991e-11,1.5676e-11,2.2099e-11
2.223e-11,1.7904e-11,2.582e-11
3.0965e-11,2.8705e-11,3.5886e-11
1.3933e-11,1.167e-11,1.7919e-11
5.6835e-11,2.5335e-11,2.1073e-11
1.6875e-11,1.1792e-11,1.2423e-11
1.5323e-11,1.0401e-11,1.2758e-11
1.5211e-11,9.7911e-12,1.0757e-11
5.6007e-11,2.2923e-11,2.6467e-11
2.0561e-11,1.5657e-11,2.5531e-11
3.0207e-11,2.537e-11,3.6798e-11
2.3022e-11,9.7749e-12,1.3771e-11
2.0929e-11,1.6498e-11,2.6677e-11
6.3218e-11,1.8858e-11,2.6287e-11
1.9796e-11,1.0289e-11,2.2177e-11
2.0706e-11,9.6339e-12,2.1903e-11
2.3122e-11,9.4616e-12,2.3335e-11
3.6083e-11,1.1496e-11,3.3576e-11
6.2406e-12,1.795e-11,1.4364e-11
7.34e-11,2.6277e-11,1.1289e-11
1.4742e-11,2.1774e-11,2.1476e-11
1.3698e-11,3.0655e-11,2.7406e-11
7.3907e-12,1.6538e-11,1.6083e-11
9.0648e-12,1.5824e-11,1.696e-11
5.2893e-12,1.2471e-11,1.2775e-11
6.8852e-11,2.7906e-11,1.2535e-11
2.9125e-11,2.6997e-11,2.1773e-11
3.7473e-11,3.8636e-11,1.2949e-11
9.3212e-12,1.2631e-11,1.3246e-11
4.5148e-11,1.8487e-11,5.2101e-12
2.6978e-11,2.6276e-11,1.2987e-11
2.7692e-11,2.6839e-11,1.2702e-11
3.7686e-11,3.5314e-11,8.0468e-12
4.4134e-11,1.8578e-11,6.4155e-12
3.5558e-11,3.3814e-11,1.1196e-11
1.5397e-11,3.3975e-11,2.5931e-11
2.0315e-11,2.0591e-11,1.3642e-11
1.3002e-11,1.0653e-11,1.7323e-11
1.8649e-11,2.127e-11,1.2435e-11
2.068e-11,2.6554e-11,1.3868e-11
2.3266e-11,4.0337e-11,3.6851e-11
1.436e-11,2.3044e-11,1.3469e-11
1.222e-11,1.7157e-11,1.0321e-11
1.6897e-11,2.0616e-11,2.213e-11
2.6428e-11,2.4722e-11,1.4287e-11
2.1503e-11,2.1804e-11,2.6442e-11
1.1543e-11,1.1189e-11,1.4042e-11
1.2387e-11,1.0857e-11,1.5693e-11
1.2448e-11,1.0244e-11,1.5145e-11
4.9283e-11,2.3843e-11,1.8623e-11
1.5998e-11,9.7466e-12,1.171e-11
1.5265e-11,1.0356e-11,1.5474e-11
1.6359e-11,8.9431e-12,1.2382e-11
2.7951e-11,1.9403e-11,3.2725e-11
2.5197e-11,1.6535e-11,2.9071e-11
3.3122e-11,9.3255e-12,2.2207e-11
7.0333e-11,1.8443e-11,2.9844e-11
3.0556e-11,1.0495e-11,2.6233e-11
3.0688e-11,7.1071e-12,2.7838e-11
3.1556e-11,7.9767e-12,3.6184e-11
2.9837e-11,8.6502e-12,3.4685e-11
3.7732e-11,6.959e-12,4.0568e-11
6.5253e-12,1.2925e-11,1.3711e-11
7.0204e-11,2.5596e-11,9.4331e-12
7.382e-12,1.2063e-11,1.4969e-11
6.0591e-12,1.1908e-11,1.404e-11
6.2781e-11,2.0366e-11,3.2244e-12
6.7622e-12,1.5523e-11,1.7273e-11
6.4362e-11,3.1525e-11,1.3461e-11
5.7518e-11,2.2416e-11,2.0973e-11
5.7749e-11,2.3093e-11,1.9345e-11
1.4166e-11,3.2995e-11,2.7199e-11
1.802e-11,1.0349e-11,1.7834e-11
4.4192e-11,3.2799e-11,1.3689e-11
4.7473e-11,2.151e-11,3.5211e-12
6.6777e-11,2.8966e-11,1.8108e-11
9.5747e-12,1.352e-11,1.7187e-11
1.4903e-11,9.9587e-12,1.8081e-11
3.9829e-11,4.0709e-11,1.1579e-11
2.0658e-11,4.3782e-11,3.3861e-11
6.1215e-11,3.1732e-11,2.1972e-11
2.2008e-11,2.1287e-11,1.9153e-11
3.7152e-11,2.662e-11,1.4319e-11
2.2531e-11,2.4832e-11,1.5029e-11
2.711e-11,3.1334e-11,9.4557e-12
2.113e-11,1.9846e-11,1.5737e-11
3.8625e-11,2.7683e-11,7.6167e-12
2.0511e-11,3.098e-11,2.8914e-11
1.1154e-11,1.3295e-11,2.0694e-11
1.4238e-11,2.1003e-11,1.1999e-11
1.2831e-11,1.6875e-11,8.426e-12
3.1967e-11,3.816e-11,3.9861e-11
1.4107e-11,1.2734e-11,1.8275e-11
1.4013e-11,1.1114e-11,1.7823e-11
1.445e-11,8.5419e-12,1.2704e-11
1.3795e-11,8.5471e-12,1.4358e-11
3.3011e-11,2.8309e-11,3.7317e-11
1.7996e-11,1.3177e-11,2.108e-11
1.7134e-11,1.3649e-11,2.0117e-11
2.7697e-11,1.0416e-11,1.4189e-11
6.3067e-11,2.2003e-11,2.9509e-11
1.8072e-11,1.2802e-11,2.2396e-11
1.6064e-11,8.5248e-12,1.3123e-11
1.8194e-11,7.2453e-12,1.5465e-11
2.276e-11,8.564e-12,2.1951e-11
3.2105e-11,1.3124e-11,2.9957e-11
3.3871e-11,1.5271e-11,3.7759e-11
3.4792e-11,1.1878e-11,3.4671e-11
3.1755e-11,8.4493e-12,3.4493e-11
6.7359e-11,2.9799e-11,1.1889e-11
6.1695e-11,2.0347e-11,3.4438e-12
1.0499e-11,1.4307e-11,1.6593e-11
1.0191e-11,1.4334e-11,1.8039e-11
5.9333e-12,1.1065e-11,1.3275e-11
1.5957e-11,2.7098e-11,2.5401e-11
5.1801e-11,2.7362e-11,6.9053e-12
7.6288e-12,1.5375e-11,1.6072e-11
7.2915e-12,1.2422e-11,1.4253e-11
4.1766e-11,3.8307e-11,1.3656e-11
6.6654e-11,4.1546e-11,1.2183e-11
8.7342e-12,1.3354e-11,1.6002e-11
2.108e-11,1.83e-11,1.5499e-11
4.7964e-11,2.8497e-11,1.3332e-11
1.9435e-11,2.5334e-11,1.6942e-11
2.8732e-11,2.0139e-11,8.6819e-12
2.8444e-11,1.7695e-11,9.4971e-12
2.4853e-11,2.111e-11,1.1063e-11
1.8037e-11,2.5084e-11,1.8659e-11
2.3039e-11,2.7235e-11,1.0899e-11
2.431e-11,2.1279e-11,1.3424e-11
1.6224e-11,2.6047e-11,2.426e-11
1.2631e-11,1.8317e-11,1.8396e-11
1.0742e-11,1.2233e-11,1.4775e-11
2.7875e-11,2.7938e-11,9.6028e-12
1.1494e-11,1.247e-11,1.3858e-11
1.5296e-11,1.6057e-11,1.8574e-11
1.4898e-11,1.4064e-11,1.189e-11
2.8016e-11,2.9464e-11,3.3474e-11
2.8433e-11,2.7396e-11,3.3226e-11
1.3291e-11,8.6659e-12,1.5073e-11
1.4619e-11,1.1027e-11,1.4491e-11
1.304e-11,9.2777e-12,1.5157e-11
1.5124e-11,1.4212e-11,9.8206e-12
2.7808e-11,2.2723e-11,3.2872e-11
5.1784e-11,1.5613e-11,2.3643e-11
1.9114e-11,8.6558e-12,1.2894e-11
1.736e-11,1.1404e-11,1.935e-11
1.6883e-11,1.0501e-11,1.9302e-11
5.4711e-11,1.4829e-11,2.8919e-11
2.9437e-11,2.3186e-11,3.7709e-11
1.7155e-11,8.6603e-12,1.7366e-11
7.1632e-11,1.9052e-11,2.8489e-11
3.676e-11,9.2366e-12,2.1169e-11
1.7915e-11,7.1491e-12,1.6663e-11
1.9699e-11,7.1054e-12,1.9132e-11
2.7823e-11,1.1054e-11,2.6547e-11
6.7886e-11,2.9594e-11,8.8803e-12
6.0003e-11,3.102e-11,1.6538e-11
6.2361e-11,3.2991e-11,1.2559e-11
5.8586e-11,2.0275e-11,6.3397e-12
5.911e-11,2.0145e-11,4.955e-12
4.7194e-11,4.3634e-11,1.2272e-11
7.7478e-12,1.8864e-11,2.3833e-11
1.5634e-11,2.4225e-11,2.3037e-11
7.7396e-12,1.3986e-11,1.4625e-11
5.6924e-11,1.978e-11,1.5748e-11
6.1102e-11,2.7343e-11,9.9478e-12
8.9029e-12,1.1119e-11,1.2587e-11
3.0582e-11,3.1303e-11,1.024e-11
4.0436e-11,2.3555e-11,1.6592e-11
4.4456e-11,3.0228e-11,1.7289e-11
1.9506e-11,3.4184e-11,2.7299e-11
1.4482e-11,1.0999e-11,1.7077e-11
1.88e-11,2.272e-11,1.089e-11
2.0787e-11,2.5963e-11,1.5695e-11
2.2405e-11,2.6562e-11,9.8164e-12
1.6143e-11,2.5238e-11,2.3596e-11
3.3425e-11,2.9221e-11,1.5988e-11
1.3411e-11,1.887e-11,1.8795e-11
9.4144e-12,9.1011e-12,1.2439e-11
1.1029e-11,1.1123e-11,1.3306e-11
1.3568e-11,1.6116e-11,1.3044e-11
1.9444e-11,1.3995e-11,1.1985e-11
1.7141e-11,1.7847e-11,2.1426e-11
1.5841e-11,1.4187e-11,1.9612e-11
2.9978e-11,3.0234e-11,3.5325e-11
2.8623e-11,2.6529e-11,3.297e-11
1.6331e-11,1.2379e-11,1.2376e-11
2.9015e-11,2.5214e-11,3.2475e-11
1.39e-11,9.1141e-12,1.21e-11
1.4773e-11,1.2286e-11,1.0698e-11
7.4301e-11,1.9696e-11,3.4126e-11
1.6524e-11,7.6437e-12,1.4474e-11
2.7212e-11,1.8953e-11,3.3914e-11
1.87e-11,9.297e-12,1.8465e-11
3.6229e-11,8.4511e-12,2.4702e-11
3.5173e-11,8.8074e-12,2.735e-11
2.7957e-11,9.6737e-12,2.787e-11
3.4763e-11,1.5303e-11,3.9278e-11
3.7429e-11,1.277e-11,3.7282e-11
6.9096e-12,1.1124e-11,1.3343e-11
6.2881e-11,2.0302e-11,8.2934e-12
8.7301e-12,1.7104e-11,2.1991e-11
1.594e-11,2.7125e-11,2.4453e-11
6.5325e-12,9.7522e-12,1.3144e-11
4.659e-11,2.9459e-11,1.0592e-11
1.0232e-11,1.3628e-11,1.4525e-11
5.6421e-11,2.939e-11,1.7967e-11
4.4359e-11,1.8452e-11,7.9344e-12
4.9127e-11,2.2584e-11,1.3147e-11
9.5793e-12,1.3848e-11,1.7671e-11
1.5449e-11,2.5256e-11,2.2563e-11
1.6798e-11,1.5435e-11,1.901e-11
2.4279e-11,4.5897e-11,3.6763e-11
4.2168e-11,3.0335e-11,1.5585e-11
2.7986e-11,2.152e-11,8.8123e-12
3.3849e-11,2.7998e-11,1.1805e-11
1.7282e-11,1.8673e-11,1.2346e-11
2.3526e-11,2.0285e-11,1.1405e-11
1.4601e-11,2.1298e-11,9.0814e-12
1.1496e-11,1.235e-11,1.9137e-11
1.6027e-11,1.5568e-11,1.1628e-11
1.9423e-11,1.8796e-11,1.3046e-11
2.4413e-11,2.7428e-11,1.3765e-11
1.4818e-11,1.3436e-11,1.8699e-11
1.2334e-11,1.181e-11,1.3376e-11
1.2722e-11,1.2177e-11,1.6765e-11
3.2039e-11,2.741e-11,3.5756e-11
1.4012e-11,9.9103e-12,1.0896e-11
2.5446e-11,1.0702e-11,1.658e-11
1.9713e-11,1.5372e-11,2.4265e-11
5.5953e-11,1.5679e-11,2.6076e-11
2.9016e-11,2.3539e-11,3.6252e-11
2.917e-11,8.9746e-12,1.6328e-11
4.0675e-11,1.0604e-11,2.0979e-11
1.5993e-11,8.7788e-12,1.5389e-11
2.8739e-11,9.6295e-12,1.7289e-11
2.3578e-11,1.4501e-11,2.7774e-11
2.3081e-11,1.4057e-11,2.9983e-11
6.1319e-11,1.4849e-11,3.1556e-11
2.6887e-11,1.5425e-11,3.235e-11
2.7858e-11,7.4781e-12,2.7471e-11
3.2238e-11,1.0779e-11,3.3048e-11
8.4786e-12,1.6482e-11,1.3617e-11
7.2949e-12,1.2578e-11,1.3501e-11
1.5208e-11,2.4206e-11,2.2977e-11
6.1199e-11,3.0926e-11,1.3589e-11
7.5508e-12,1.6994e-11,2.1068e-11
4.8212e-11,3.421e-11,6.9624e-12
4.6925e-11,5.1526e-11,1.7517e-11
5.4876e-11,3.7383e-11,2.0505e-11
4.1787e-11,2.6639e-11,9.6318e-12
7.9348e-12,1.4816e-11,1.3649e-11
2.0784e-11,2.6599e-11,1.5579e-11
2.7323e-11,1.7504e-11,7.6738e-12
7.7236e-12,9.6553e-12,1.1406e-11
1.6735e-11,1.549e-11,1.4524e-11
1.0999e-11,1.4863e-11,1.5244e-11
1.5638e-11,1.6978e-11,1.0679e-11
7.5726e-12,9.1949e-12,1.1765e-11
1.7553e-11,1.6604e-11,1.0675e-11
8.8393e-12,8.6157e-12,1.4067e-11
3.0819e-11,3.8674e-11,3.8625e-11
2.0998e-11,2.0726e-11,2.3131e-11
1.7066e-11,1.5918e-11,1.1923e-11
1.4016e-11,1.2331e-11,1.6761e-11
2.4736e-11,2.3305e-11,1.4387e-11
1.3329e-11,1.468e-11,9.9679e-12
3.208e-11,3.6417e-11,3.8982e-11
3.2143e-11,2.4724e-11,1.7261e-11
3.0562e-11,2.2737e-11,1.735e-11
2.7831e-11,2.5373e-11,3.0983e-11
1.7216e-11,1.2902e-11,2.176e-11
1.4913e-11,8.309e-12,1.6769e-11
7.0359e-11,1.9127e-11,3.0683e-11
2.6883e-11,2.1578e-11,3.3236e-11
6.3207e-11,1.7163e-11,2.9032e-11
2.8271e-11,9.2451e-12,1.6948e-11
6.2118e-11,1.5028e-11,2.9579e-11
4.062e-11,9.021e-12,2.5994e-11
2.6051e-11,8.8777e-12,2.4841e-11
5.6847e-11,2.5276e-11,6.5105e-12
6.6026e-11,2.4582e-11,7.8716e-12
5.3873e-11,3.3204e-11,4.3142e-12
6.1269e-11,2.0404e-11,1.1108e-11
7.4175e-12,1.3678e-11,1.3823e-11
5.828e-11,3.0634e-11,1.6113e-11
1.3605e-11,1.4227e-11,1.7159e-11
1.08e-11,1.3964e-11,1.7264e-11
9.2017e-12,1.1928e-11,1.3462e-11
6.6458e-12,1.4893e-11,1.8738e-11
5.2568e-11,1.7899e-11,8.5302e-12
8.6596e-12,1.4206e-11,1.635e-11
1.1564e-11,8.7162e-12,1.563e-11
2.7385e-11,2.358e-11,1.8801e-11
3.7996e-11,2.1028e-11,1.1235e-11
1.0689e-11,1.8009e-11,1.556e-11
3.4241e-11,2.295e-11,7.8605e-12
1.6339e-11,1.9223e-11,2.6857e-11
1.8535e-11,2.9653e-11,2.7298e-11
2.7407e-11,1.7817e-11,9.4719e-12
1.2038e-11,9.597e-12,1.3776e-11
1.6425e-11,1.6233e-11,1.8099e-11
1.6982e-11,1.6892e-11,1.6211e-11
2.127e-11,2.5576e-11,8.8026e-12
2.1162e-11,2.0732e-11,8.7645e-12
2.727e-11,3.9553e-11,3.8592e-11
1.8953e-11,1.5789e-11,8.8003e-12
1.9969e-11,2.4269e-11,2.4566e-11
2.0244e-11,2.1333e-11,1.1907e-11
1.4266e-11,1.5144e-11,1.3101e-11
1.0973e-11,1.5348e-11,8.9512e-12
1.9413e-11,1.4463e-11,1.0531e-11
2.4387e-11,2.1137e-11,2.6484e-11
2.9094e-11,2.5725e-11,3.2824e-11
1.3005e-11,1.0732e-11,1.6107e-11
1.3993e-11,8.9831e-12,1.1597e-11
3.7299e-11,1.0648e-11,2.0097e-11
3.5064e-11,1.2962e-11,1.9496e-11
1.4405e-11,1.0391e-11,1.7489e-11
3.452e-11,1.086e-11,1.9175e-11
1.453e-11,7.9033e-12,1.32e-11
1.74e-11,1.0743e-11,1.9422e-11
2.1354e-11,6.6076e-12,1.737e-11
2.2735e-11,1.7412e-11,2.7185e-11
2.3743e-11,1.3327e-11,2.7769e-11
2.6525e-11,5.8211e-12,2.6076e-11
2.7547e-11,7.758e-12,2.6892e-11
5.915e-12,1.3519e-11,1.2204e-11
5.6298e-11,3.4493e-11,4.4132e-12
5.2141e-12,1.4517e-11,1.4815e-11
5.5968e-11,2.7638e-11,6.794e-12
6.1519e-11,2.9163e-11,9.7013e-12
6.026e-11,3.012e-11,1.2762e-11
1.54e-11,2.4305e-11,2.1869e-11
5.6175e-11,3.2771e-11,1.6748e-11
3.9399e-11,5.5321e-11,1.5992e-11
9.6655e-12,1.1406e-11,1.4617e-11
4.0237e-11,3.0263e-11,1.3e-11
4.3087e-11,1.9357e-11,1.2097e-11
1.1586e-11,1.65e-11,1.9026e-11
4.5666e-11,2.0429e-11,8.2335e-12
4.2658e-11,2.3005e-11,1.2367e-11
2.6946e-11,2.4185e-11,8.5205e-12
4.751e-11,3.5435e-11,1.5268e-11
3.662e-11,2.0638e-11,1.5849e-11
4.4781e-11,3.6565e-11,1.8584e-11
8.8103e-12,9.1573e-12,1.1844e-11
3.7993e-11,3.0342e-11,2.1122e-11
1.8107e-11,1.6649e-11,1.6707e-11
2.3787e-11,1.8113e-11,1.1885e-11
4.0658e-11,3.395e-11,1.4742e-11
4.0991e-11,3.5066e-11,1.7705e-11
1.3378e-11,1.3522e-11,1.6412e-11
1.5844e-11,1.9512e-11,1.9203e-11
8.8956e-12,8.5906e-12,1.2501e-11
1.455e-11,1.6425e-11,1.1532e-11
2.5655e-11,3.3154e-11,3.2918e-11
2.239e-11,3.0023e-11,2.0678e-11
1.5139e-11,1.5574e-11,1.8256e-11
1.3165e-11,1.7193e-11,9.5607e-12
3.2181e-11,2.8537e-11,1.2634e-11
2.6984e-11,2.2389e-11,2.9768e-11
4.4173e-11,2.8487e-11,1.7541e-11
1.2623e-11,1.0295e-11,1.6435e-11
1.3148e-11,8.2992e-12,1.0574e-11
1.3927e-11,7.1376e-12,1.3114e-11
3.3279e-11,9.4656e-12,2.1431e-11
2.4102e-11,1.6577e-11,2.9651e-11
1.8322e-11,7.9984e-12,1.7568e-11
2.4435e-11,6.3116e-12,1.8533e-11
2.8245e-11,1.6409e-11,3.0943e-11
1.9873e-11,9.4333e-12,1.9038e-11
2.1081e-11,8.5466e-12,2.0333e-11
2.3105e-11,6.6101e-12,2.5448e-11
2.4545e-11,8.4702e-12,2.3793e-11
2.5527e-11,7.5418e-12,2.4709e-11
3.3934e-11,1.3648e-11,3.8038e-11
3.2037e-11,7.7067e-12,3.448e-11
3.4423e-11,6.4571e-12,4.0541e-11
6.1551e-11,1.9293e-11,2.0856e-11
6.0678e-11,1.9975e-11,1.5019e-11
5.3899e-11,3.2705e-11,7.5029e-12
8.2718e-12,9.887e-12,1.2247e-11
6.7334e-12,1.205e-11,1.2747e-11
8.557e-12,1.0698e-11,1.2596e-11
1.0483e-11,1.3333e-11,1.3145e-11
1.2798e-11,1.0817e-11,1.4092e-11
5.0288e-11,1.6805e-11,5.1313e-12
3.7299e-11,3.4434e-11,9.8317e-12
1.9412e-11,3.4044e-11,2.7032e-11
4.3616e-11,4.8842e-11,1.6415e-11
7.067e-12,1.398e-11,1.2572e-11
8.0659e-12,1.0724e-11,1.1729e-11
5.1336e-11,4.5817e-11,1.4949e-11
6.7252e-12,9.0357e-12,1.0532e-11
7.0315e-12,9.5538e-12,1.1045e-11
1.3373e-11,1.0983e-11,1.3931e-11
7.7712e-12,1.211e-11,1.5788e-11
1.7979e-11,1.6211e-11,1.4918e-11
2.0628e-11,1.7774e-11,1.4787e-11
9.0251e-12,8.0106e-12,1.3187e-11
1.0667e-11,7.5036e-12,1.4844e-11
7.9736e-12,9.2793e-12,1.1507e-11
7.3994e-12,1.1761e-11,1.2635e-11
9.0972e-12,7.857e-12,1.4133e-11
2.2154e-11,1.7044e-11,7.6485e-12
1.9728e-11,1.6031e-11,7.4967e-12
1.0972e-11,1.3339e-11,1.4523e-11
1.2285e-11,1.442e-11,1.531e-11
1.9452e-11,1.994e-11,2.2878e-11
1.4347e-11,1.8426e-11,8.3092e-12
1.5033e-11,1.7183e-11,9.8393e-12
1.4561e-11,1.2102e-11,1.754e-11
1.4657e-11,1.1976e-11,1.7849e-11
1.2361e-11,1.1365e-11,1.6586e-11
1.2551e-11,1.1066e-11,9.5081e-12
3.3897e-11,2.5499e-11,1.2763e-11
2.2079e-11,2.0207e-11,2.6246e-11
1.967e-11,1.8026e-11,2.3809e-11
1.4564e-11,1.1385e-11,1.2613e-11
1.3041e-11,9.7033e-12,1.4321e-11
1.3045e-11,8.7948e-12,1.0454e-11
1.8672e-11,8.7074e-12,1.4565e-11
1.321e-11,7.0993e-12,1.2205e-11
1.4673e-11,6.3887e-12,1.3321e-11
1.3515e-11,7.4703e-12,1.6066e-11
1.4792e-11,8.2753e-12,1.3462e-11
1.4727e-11,7.4443e-12,1.2453e-11
2.4422e-11,1.7432e-11,3.0527e-11
2.1086e-11,1.1753e-11,2.617e-11
2.2344e-11,1.1212e-11,2.4665e-11
1.978e-11,4.9124e-12,2.0232e-11
3.337e-11,8.8591e-12,3.0682e-11
3.5284e-11,8.4625e-12,3.1561e-11
3.1622e-11,8.901e-12,3.647e-11
3.4712e-11,8.7207e-12,3.9804e-11
5.5919e-11,2.4371e-11,9.6202e-12
6.443e-11,1.703e-11,1.2864e-11
5.7991e-11,3.4479e-11,4.3258e-12
5.8884e-11,2.5975e-11,4.102e-12
3.7421e-11,4.2137e-11,1.2993e-11
1.4762e-11,2.0766e-11,2.1264e-11
1.0291e-11,1.306e-11,1.2626e-11
1.221e-11,1.2324e-11,1.5711e-11
5.2547e-11,1.8739e-11,1.0998e-11
8.5584e-12,9.5541e-12,1.3091e-11
4.868e-11,3.5218e-11,1.1032e-11
7.8886e-12,1.1261e-11,1.2101e-11
8.8376e-12,1.1197e-11,1.2181e-11
4.2704e-11,4.2239e-11,1.6702e-11
9.2326e-12,1.1306e-11,1.4577e-11
1.7378e-11,2.8233e-11,2.3512e-11
9.1394e-12,1.1798e-11,1.2417e-11
6.9905e-12,1.3802e-11,1.2809e-11
4.5274e-11,1.7397e-11,6.5183e-12
4.6555e-11,2.4147e-11,1.8734e-11
4.4375e-11,4.7312e-11,1.4604e-11
9.6904e-12,1.392e-11,1.4831e-11
2.2593e-11,2.057e-11,1.3498e-11
9.9716e-12,1.4552e-11,1.5069e-11
1.6081e-11,1.9111e-11,2.2739e-11
1.6759e-11,2.0374e-11,1.9709e-11
1.8466e-11,1.5145e-11,1.3554e-11
1.3041e-11,2.0266e-11,1.7529e-11
4.1046e-11,3.7157e-11,2.1838e-11
1.4744e-11,2.1447e-11,1.9584e-11
2.6488e-11,2.2574e-11,1.2749e-11
4.051e-11,3.7277e-11,2.0101e-11
2.1916e-11,2.8089e-11,2.6869e-11
9.9554e-12,1.0595e-11,1.5181e-11
1.972e-11,2.1153e-11,8.0825e-12
2.3333e-11,3.0687e-11,1.894e-11
1.3809e-11,1.1883e-11,1.5e-11
1.0665e-11,1.5346e-11,1.0439e-11
4.345e-11,3.2757e-11,1.9371e-11
3.0248e-11,7.9623e-12,1.5661e-11
1.3826e-11,7.1097e-12,1.2864e-11
1.6326e-11,6.7524e-12,1.4114e-11
3.9861e-11,9.43e-12,2.2623e-11
4.2508e-11,1.042e-11,2.528e-11
2.5978e-11,1.3467e-11,2.9944e-11
2.3691e-11,1.2267e-11,2.7625e-11
3.5602e-11,7.4063e-12,2.7325e-11
3.4071e-11,7.1677e-12,2.7838e-11
3.1214e-11,1.2797e-11,3.3356e-11
3.0435e-11,8.6319e-12,3.0109e-11
3.2603e-11,7.2147e-12,3.6828e-11
3.5863e-11,6.9876e-12,3.9781e-11
4.4888e-11,3.3715e-11,1.29e-11
3.5321e-11,4.287e-11,1.2438e-11
9.7143e-12,1.017e-11,1.2171e-11
1.1132e-11,1.1617e-11,1.4277e-11
3.6541e-11,3.8673e-11,1.9549e-11
5.4461e-11,3.2883e-11,1.7814e-11
4.4694e-11,4.4231e-11,1.2355e-11
1.8122e-11,1.1586e-11,1.5869e-11
7.1666e-12,1.1986e-11,1.2572e-11
5.1522e-11,1.948e-11,1.0237e-11
4.5601e-11,4.7608e-11,1.804e-11
1.5681e-11,2.0259e-11,2.0773e-11
8.9026e-12,1.1204e-11,1.4043e-11
1.6354e-11,1.4295e-11,1.3381e-11
3.1316e-11,2.1617e-11,1.6285e-11
1.5051e-11,1.8507e-11,1.7799e-11
8.3699e-12,8.4488e-12,1.0934e-11
1.5107e-11,1.507e-11,1.0554e-11
1.026e-11,1.1162e-11,1.4858e-11
1.8879e-11,2.3359e-11,1.0526e-11
1.3206e-11,1.2367e-11,1.3639e-11
1.2767e-11,9.2504e-12,1.6146e-11
4.8415e-11,2.6486e-11,1.8263e-11
4.4074e-11,4.0404e-11,1.686e-11
4.7063e-11,4.0438e-11,1.7052e-11
3.0723e-11,2.573e-11,3.3479e-11
1.2734e-11,7.4826e-12,1.0518e-11
3.0468e-11,2.5067e-11,3.4318e-11
2.1625e-11,8.7517e-12,1.3484e-11
1.4411e-11,6.4823e-12,1.2814e-11
2.0599e-11,5.6319e-12,1.9812e-11
2.1053e-11,8.4727e-12,2.1016e-11
2.7975e-11,1.5747e-11,3.5231e-11
2.8227e-11,9.8879e-12,2.8302e-11
3.7756e-11,8.7543e-12,3.6431e-11
3.8735e-11,7.2841e-12,4.4391e-11
5.8704e-11,3.857e-11,1.1181e-11
1.0528e-11,1.1901e-11,1.382e-11
4.5571e-11,3.4515e-11,1.2203e-11
8.4876e-12,1.2071e-11,1.3432e-11
5.3965e-11,2.0911e-11,1.1275e-11
4.2765e-11,3.3227e-11,1.1988e-11
3.3251e-11,5.0686e-11,1.517e-11
4.8514e-11,2.1388e-11,1.5063e-11
1.3489e-11,1.9019e-11,1.6012e-11
1.4542e-11,1.1297e-11,1.6905e-11
4.0672e-11,1.8349e-11,1.2743e-11
6.3976e-12,9.3521e-12,1.1006e-11
4.8978e-11,3.7156e-11,2.1942e-11
7.0668e-12,1.0994e-11,1.242e-11
6e-12,8.6488e-12,1.0402e-11
7.2614e-12,9.6848e-12,1.2696e-11
2.0289e-11,3.017e-11,2.6281e-11
1.4926e-11,2.326e-11,1.9048e-11
3.4073e-11,2.0622e-11,1.6774e-11
1.2387e-11,1.701e-11,1.7501e-11
3.4043e-11,3.4049e-11,1.5077e-11
1.3305e-11,1.1841e-11,1.4541e-11
2.8252e-11,2.7636e-11,1.4842e-11
8.6509e-12,9.1297e-12,1.3353e-11
9.494e-12,7.8419e-12,1.2602e-11
1.4923e-11,1.4948e-11,1.282e-11
1.8419e-11,9.9407e-12,1.3572e-11
2.8079e-11,3.438e-11,2.269e-11
3.7534e-11,2.0872e-11,1.5558e-11
1.2666e-11,9.8806e-12,1.5709e-11
1.2734e-11,8.0354e-12,1.3477e-11
5.1689e-11,3.2136e-11,2.4727e-11
1.3498e-11,8.802e-12,1.7951e-11
1.3937e-11,9.2298e-12,1.2074e-11
3.2629e-11,2.6889e-11,3.5283e-11
1.5081e-11,8.1205e-12,1.1483e-11
1.7448e-11,1.3316e-11,2.1872e-11
1.4844e-11,4.717e-12,1.2721e-11
1.9292e-11,9.3743e-12,1.8826e-11
1.8187e-11,8.2499e-12,1.9515e-11
1.7384e-11,6.4592e-12,1.5802e-11
2.1568e-11,5.8049e-12,1.8957e-11
2.5915e-11,1.2524e-11,2.916e-11
3.5518e-11,7.9831e-12,3.1009e-11
3.3487e-11,8.4308e-12,3.4426e-11
3.8377e-11,8.6325e-12,3.8988e-11
3.6557e-11,6.2233e-12,4.0341e-11
3.861e-11,5.6642e-12,4.3355e-11
5.7474e-11,1.859e-11,1.8164e-11
9.0409e-12,1.4112e-11,1.3231e-11
5.1139e-11,1.8411e-11,9.489e-12
5.0284e-11,3.2784e-11,8.5985e-12
5.1349e-11,2.8011e-11,1.0773e-11
4.569e-11,3.9677e-11,2.6006e-11
6.027e-12,1.2004e-11,1.3771e-11
9.3126e-12,1.1841e-11,1.371e-11
3.2099e-11,5.528e-11,1.6142e-11
4.846e-11,3.4539e-11,1.8698e-11
1.6018e-11,1.5267e-11,1.8699e-11
2.5305e-11,2.1944e-11,1.7638e-11
7.5302e-12,9.6361e-12,1.2067e-11
7.1291e-12,1.0399e-11,1.2922e-11
1.9358e-11,2.9654e-11,2.5912e-11
1.3077e-11,1.1218e-11,1.6304e-11
3.6548e-11,2.3889e-11,1.4781e-11
1.2851e-11,1.1711e-11,1.7929e-11
3.8788e-11,2.9688e-11,1.7196e-11
2.8132e-11,2.3375e-11,1.1604e-11
1.1018e-11,1.1859e-11,1.7522e-11
1.0076e-11,1.07e-11,1.0368e-11
1.4383e-11,1.5215e-11,1.4544e-11
3.5145e-11,3.5025e-11,1.7682e-11
8.8151e-12,9.1993e-12,1.3147e-11
2.9783e-11,3.4227e-11,3.6147e-11
1.0119e-11,1.5205e-11,9.014e-12
1.2968e-11,1.0347e-11,1.7666e-11
1.4801e-11,7.5992e-12,1.3651e-11
4.7648e-11,1.1164e-11,2.4531e-11
4.7494e-11,1.1304e-11,2.6843e-11
2.5826e-11,1.0944e-11,2.624e-11
3.1153e-11,1.3074e-11,3.3326e-11
8.8108e-12,1.2376e-11,1.2317e-11
5.3314e-11,3.8132e-11,7.8902e-12
4.9165e-11,2.7741e-11,1.2654e-11
6.7663e-12,1.4134e-11,1.1839e-11
4.294e-11,3.1836e-11,1.2767e-11
4.4413e-11,4.2299e-11,2.0527e-11
4.2778e-11,3.2271e-11,1.3397e-11
3.2247e-11,4.1501e-11,1.3478e-11
1.6801e-11,8.9101e-12,1.5939e-11
4.2745e-11,2.2278e-11,1.5044e-11
3.9997e-11,1.9026e-11,1.2853e-11
4.9043e-11,2.6989e-11,1.1345e-11
4.1701e-11,3.6491e-11,1.8363e-11
3.1172e-11,5.5555e-11,1.5727e-11
4.9967e-11,3.1269e-11,1.7784e-11
1.3075e-11,1.9618e-11,1.5723e-11
9.3198e-12,1.2479e-11,1.1666e-11
6.9166e-12,8.3e-12,1.1429e-11
3.98e-11,4.8016e-11,2.1512e-11
8.5469e-12,9.0503e-12,1.5711e-11
1.4346e-11,1.9555e-11,1.9789e-11
6.0225e-12,9.8526e-12,1.0744e-11
2.107e-11,2.4275e-11,2.3364e-11
1.1111e-11,1.2691e-11,1.3066e-11
9.5846e-12,9.8916e-12,1.1189e-11
1.6162e-11,1.812e-11,1.777e-11
2.4762e-11,2.8841e-11,2.8541e-11
9.3457e-12,8.2799e-12,1.0525e-11
2.3349e-11,3.0369e-11,1.3648e-11
2.1393e-11,1.894e-11,2.3168e-11
4.1961e-11,4.2543e-11,2.7099e-11
2.5444e-11,2.3699e-11,2.8578e-11
1.176e-11,8.0818e-12,1.4465e-11
1.3289e-11,1.0889e-11,1.7877e-11
6.0191e-11,4.6134e-11,2.5109e-11
5.4329e-11,3.9722e-11,2.379e-11
1.3623e-11,8.5941e-12,1.2416e-11
6.1002e-11,3.1025e-11,2.4727e-11
1.4481e-11,8.4719e-12,1.3903e-11
1.3901e-11,6.387e-12,1.2394e-11
3.3535e-11,8.0375e-12,1.7634e-11
3.3774e-11,9.3016e-12,2.4537e-11
2.6818e-11,1.276e-11,2.9726e-11
2.575e-11,4.3812e-12,2.7107e-11
2.7258e-11,7.9e-12,3.0752e-11
3.5387e-11,1.167e-11,3.6623e-11
5.554e-11,4.0215e-11,9.3916e-12
5.8625e-11,3.5836e-11,8.6769e-12
5.7955e-11,1.7702e-11,1.2926e-11
5.4678e-11,2.0152e-11,1.8904e-11
8.1541e-12,1.2821e-11,1.2222e-11
5.7175e-11,1.8233e-11,1.5089e-11
1.3056e-11,1.3638e-11,1.4385e-11
5.1726e-11,3.767e-11,1.0353e-11
5.1083e-11,1.7703e-11,8.8952e-12
5.5465e-11,1.6205e-11,9.3048e-12
8.4665e-12,9.8992e-12,1.1553e-11
8.3109e-12,9.4515e-12,1.0807e-11
1.2565e-11,1.568e-11,1.5891e-11
4.7306e-11,3.856e-11,1.83e-11
9.1411e-12,1.016e-11,1.175e-11
6.7924e-12,1.0054e-11,1.1402e-11
6.3806e-12,8.5689e-12,1.03e-11
7.6276e-12,1.0033e-11,1.1742e-11
1.6685e-11,1.0165e-11,1.4613e-11
4.4012e-11,1.7652e-11,1.3611e-11
2.0905e-11,3.1524e-11,2.6895e-11
6.86e-12,9.4912e-12,1.0804e-11
1.3901e-11,2.057e-11,1.6854e-11
2.3581e-11,2.1434e-11,1.9074e-11
2.8473e-11,5.538e-11,1.7547e-11
2.3533e-11,3.714e-11,2.9604e-11
1.5082e-11,2.0043e-11,1.9456e-11
7.2005e-12,9.0464e-12,9.9669e-12
8.1095e-12,8.5752e-12,9.6585e-12
8.5261e-12,1.1255e-11,1.2478e-11
2.6814e-11,3.3939e-11,3.3723e-11
1.0536e-11,1.169e-11,1.29e-11
3.188e-11,4.5353e-11,1.601e-11
1.5695e-11,1.5118e-11,8.9027e-12
1.0255e-11,1.0279e-11,1.0901e-11
2.3585e-11,2.4056e-11,2.6479e-11
1.0457e-11,1.5292e-11,8.3811e-12
1.0492e-11,1.0238e-11,1.1175e-11
2.3547e-11,3.0701e-11,1.496e-11
2.8954e-11,2.6391e-11,3.2485e-11
1.1287e-11,7.5197e-12,1.3635e-11
1.1719e-11,7.7559e-12,1.2596e-11
1.5322e-11,1.1031e-11,1.0912e-11
4.9469e-11,2.3201e-11,2.0027e-11
7.0199e-11,4.4444e-11,3.1672e-11
7.7576e-11,4.5444e-11,2.9527e-11
1.5031e-11,6.7506e-12,1.3064e-11
2.9663e-11,7.3959e-12,1.5929e-11
1.8026e-11,6.4566e-12,1.3492e-11
1.4899e-11,4.3122e-12,1.3349e-11
4.2717e-11,1.0376e-11,2.3217e-11
2.0545e-11,5.8057e-12,1.5293e-11
2.6493e-11,6.5349e-12,1.9168e-11
2.5857e-11,1.7813e-11,3.1304e-11
1.6521e-11,5.9648e-12,1.4654e-11
3.9443e-11,1.0066e-11,2.3936e-11
2.9625e-11,1.8063e-11,3.588e-11
2.6319e-11,1.3579e-11,2.869e-11
2.1297e-11,8.333e-12,2.099e-11
1.9089e-11,7.4274e-12,2.0198e-11
3.3063e-11,7.442e-12,2.9846e-11
2.2511e-11,5.5352e-12,2.2852e-11
3.3591e-11,1.3071e-11,3.4787e-11
3.666e-11,1.2473e-11,3.8927e-11
3.9836e-11,9.2574e-12,3.8566e-11
6.0214e-11,4.1977e-11,1.2243e-11
8.3688e-12,9.6218e-12,1.1046e-11
4.8436e-11,2.144e-11,1.551e-11
8.5916e-12,1.0277e-11,1.2114e-11
5.6258e-11,2.555e-11,1.2731e-11
5.7299e-11,2.3187e-11,1.4569e-11
4.6519e-11,2.589e-11,1.4314e-11
9.8725e-12,1.2259e-11,1.3872e-11
2.8369e-11,4.0846e-11,1.2763e-11
4.3241e-11,4.7983e-11,2.4751e-11
7.3417e-12,9.5176e-12,1.1415e-11
3.9731e-11,3.2054e-11,1.2933e-11
8.0192e-12,1.0965e-11,1.2552e-11
1.7723e-11,1.2445e-11,1.5906e-11
4.6206e-11,1.9992e-11,1.1944e-11
9.0249e-12,1.3064e-11,1.7202e-11
1.9064e-11,2.5466e-11,2.2265e-11
1.6521e-11,1.6091e-11,1.6571e-11
2.0549e-11,2.106e-11,1.7232e-11
7.051e-12,9.4783e-12,1.1039e-11
7.159e-12,9.9508e-12,1.1699e-11
6.5304e-12,9.5027e-12,1.0371e-11
1.2511e-11,1.8268e-11,1.7399e-11
1.053e-11,8.8536e-12,1.0751e-11
1.4299e-11,1.2618e-11,1.5139e-11
1.3122e-11,1.913e-11,1.8563e-11
6.2601e-12,8.4868e-12,1.0088e-11
6.842e-12,8.1079e-12,1.0267e-11
1.2112e-11,1.0145e-11,1.5587e-11
8.9514e-12,1.0414e-11,1.2307e-11
8.2081e-12,8.9751e-12,1.2659e-11
2.8672e-11,4.6076e-11,1.6275e-11
3.2869e-11,3.4417e-11,3.7253e-11
2.9425e-11,3.8428e-11,1.9684e-11
2.9261e-11,2.6598e-11,3.1549e-11
1.2287e-11,9.5629e-12,1.5932e-11
2.9704e-11,2.7784e-11,3.3545e-11
2.0047e-11,1.8801e-11,2.3628e-11
2.1763e-11,2.0852e-11,2.613e-11
1.2371e-11,7.8562e-12,1.4702e-11
6.3551e-11,4.4679e-11,3.2258e-11
3.185e-11,2.6951e-11,3.5234e-11
1.638e-11,6.7731e-12,1.2538e-11
1.591e-11,7.4491e-12,1.3143e-11
1.4605e-11,5.5095e-12,1.1667e-11
2.872e-11,2.2653e-11,3.3568e-11
2.2073e-11,1.4548e-11,2.6386e-11
3.0239e-11,2.2547e-11,3.5243e-11
3.1426e-11,2.2134e-11,3.9458e-11
2.5552e-11,1.5838e-11,3.0601e-11
2.357e-11,5.0511e-12,2.4685e-11
2.7808e-11,7.5475e-12,2.8178e-11
2.6557e-11,5.8703e-12,2.4949e-11
2.5168e-11,4.2889e-12,2.7345e-11
3.4788e-11,8.0602e-12,3.6437e-11
5.4428e-11,2.4365e-11,8.2249e-12
9.1183e-12,1.1455e-11,1.1152e-11
5.8114e-11,5.1332e-11,1.4574e-11
5.157e-11,3.036e-11,8.0488e-12
5.9647e-12,1.154e-11,1.0986e-11
4.9577e-11,3.9936e-11,1.4644e-11
3.2768e-11,3.5216e-11,1.2047e-11
9.0756e-12,1.0826e-11,1.1646e-11
1.2267e-11,1.4514e-11,1.5198e-11
1.7712e-11,1.1524e-11,1.5752e-11
8.8018e-12,1.2298e-11,1.8037e-11
8.4173e-12,8.968e-12,1.0542e-11
9.0589e-12,8.8905e-12,1.1797e-11
7.6281e-12,7.5496e-12,1.3046e-11
8.1364e-12,1.0508e-11,1.0438e-11
1.456e-11,2.1267e-11,1.9297e-11
4.3063e-11,3.2855e-11,9.8315e-12
8.2394e-12,9.1405e-12,1.0836e-11
1.1661e-11,1.0852e-11,1.549e-11
8.9874e-12,1.075e-11,1.3654e-11
3.6224e-11,3.4799e-11,1.8844e-11
2.3408e-11,2.1948e-11,9.7773e-12
1.2066e-11,1.226e-11,1.3226e-11
1.173e-11,1.1647e-11,1.2927e-11
3.0595e-11,3.0173e-11,3.2965e-11
1.4125e-11,9.0645e-12,1.2451e-11
1.1627e-11,9.792e-12,1.0494e-11
1.4223e-11,1.3869e-11,1.7099e-11
3.7301e-11,4.1373e-11,3.5398e-11
4.1937e-11,3.1541e-11,1.5922e-11
1.4296e-11,1.0363e-11,1.6822e-11
2.9301e-11,2.4003e-11,3.1756e-11
2.2441e-11,7.304e-12,1.3098e-11
1.3907e-11,7.2023e-12,1.1861e-11
7.3483e-11,4.2758e-11,2.7058e-11
7.0055e-11,2.0495e-11,2.2211e-11
3.1247e-11,7.4892e-12,1.7094e-11
1.8328e-11,1.1548e-11,2.3466e-11
2.6952e-11,2.082e-11,3.167e-11
1.607e-11,5.8264e-12,1.3911e-11
2.2163e-11,5.6401e-12,1.9071e-11
1.9246e-11,7.4633e-12,1.9501e-11
2.1346e-11,5.3115e-12,1.9229e-11
2.9338e-11,5.6577e-12,3.2148e-11
3.2823e-11,8.378e-12,3.5092e-11
3.3646e-11,9.3473e-12,3.41e-11
6.0057e-11,4.2991e-11,1.2624e-11
5.5053e-11,4.2256e-11,1.5379e-11
5.0739e-11,2.3548e-11,1.3056e-11
5.9469e-11,5.4073e-11,9.7478e-12
6.4187e-11,6.9656e-11,2.0415e-11
5.5291e-11,1.7763e-11,1.2497e-11
4.72e-11,2.137e-11,1.4107e-11
7.9515e-12,1.0371e-11,1.2488e-11
2.665e-11,3.4355e-11,1.1901e-11
5.0393e-11,2.0002e-11,1.8586e-11
3.7902e-11,3.0942e-11,1.2631e-11
8.8233e-12,1.1228e-11,1.0875e-11
2.2797e-11,3.4689e-11,2.6518e-11
2.6904e-11,5.5174e-11,1.9299e-11
2.6412e-11,4.0931e-11,3.1981e-11
2.771e-11,2.5569e-11,1.3291e-11
2.7568e-11,6.5468e-11,2.371e-11
2.4177e-11,3.0842e-11,2.77e-11
9.9261e-12,7.5902e-12,1.1214e-11
2.5121e-11,3.4957e-11,2.0321e-11
2.6009e-11,4.5291e-11,1.8668e-11
8.4638e-12,8.4629e-12,1.1109e-11
2.5766e-11,2.7222e-11,2.8435e-11
2.415e-11,3.3022e-11,1.1156e-11
1.4307e-11,1.3736e-11,1.6625e-11
1.2029e-11,1.2549e-11,1.3551e-11
1.5984e-11,1.4367e-11,1.7472e-11
2.5844e-11,3.8841e-11,2.253e-11
1.7553e-11,1.6209e-11,1.9182e-11
1.2327e-11,9.484e-12,1.0237e-11
1.4981e-11,1.4519e-11,1.7478e-11
3.5868e-11,2.145e-11,1.3336e-11
1.2336e-11,1.1916e-11,1.6214e-11
1.1776e-11,8.846e-12,1.471e-11
1.3801e-11,6.2806e-12,1.1282e-11
1.2042e-11,8.0321e-12,1.402e-11
6.1868e-11,2.225e-11,2.2265e-11
5.223e-11,2.4881e-11,2.1183e-11
1.5057e-11,6.3233e-12,1.1855e-11
1.3325e-11,7.5704e-12,1.4166e-11
2.9796e-11,2.4656e-11,3.2888e-11
6.6095e-11,1.9737e-11,2.1804e-11
1.4585e-11,8.4285e-12,1.5351e-11
3.1947e-11,2.682e-11,3.4926e-11
1.8618e-11,1.1403e-11,2.3306e-11
2.793e-11,7.8537e-12,2.1573e-11
2.0587e-11,1.1558e-11,2.3906e-11
2.4092e-11,5.885e-12,1.9785e-11
3.241e-11,2.0259e-11,3.8053e-11
2.6287e-11,9.8812e-12,2.5728e-11
3.3007e-11,8.0452e-12,3.1876e-11
2.8199e-11,8.2429e-12,3.023e-11
3.4095e-11,1.1827e-11,3.5469e-11
3.5373e-11,3.7158e-12,3.817e-11
8.9073e-12,1.0142e-11,1.1026e-11
3.5509e-11,2.7134e-11,1.1197e-11
5.327e-11,1.6139e-11,9.851e-12
8.6908e-12,9.4729e-12,1.0763e-11
2.1813e-11,2.6855e-11,2.1122e-11
1.8452e-11,1.5791e-11,1.4962e-11
4.3276e-11,2.6921e-11,1.6823e-11
6.857e-12,8.421e-12,9.8609e-12
2.0568e-11,2.6479e-11,2.068e-11
9.49e-12,8.776e-12,1.1872e-11
1.7256e-11,2.5655e-11,1.9889e-11
2.6284e-11,5.2125e-11,1.7244e-11
2.448e-11,3.7504e-11,2.7249e-11
8.0873e-12,9.1483e-12,1.0864e-11
1.6326e-11,2.0433e-11,1.892e-11
6.6002e-12,8.3669e-12,1.0051e-11
1.0418e-11,1.3332e-11,1.3062e-11
3.7101e-11,3.2922e-11,2.2364e-11
2.1734e-11,2.5709e-11,2.3657e-11
2.7025e-11,7.2814e-11,2.5352e-11
2.6827e-11,3.6874e-11,3.402e-11
7.8485e-12,6.9638e-12,1.1275e-11
2.7487e-11,3.2754e-11,1.4378e-11
1.2486e-11,1.274e-11,1.397e-11
9.5262e-12,9.8104e-12,1.1935e-11
2.8937e-11,3.0859e-11,3.2503e-11
1.5355e-11,1.3433e-11,1.7102e-11
2.1029e-11,1.385e-11,1.1519e-11
2.0816e-11,1.2606e-11,1.3584e-11
1.2614e-11,1.0097e-11,9.8917e-12
4.9291e-11,5.3476e-11,3.4343e-11
1.3394e-11,5.8977e-12,1.1926e-11
4.9363e-11,2.3922e-11,2.0237e-11
2.3799e-11,6.9282e-12,1.2825e-11
1.294e-11,7.181e-12,1.122e-11
6.7272e-11,4.3571e-11,3.28e-11
6.3707e-11,3.2309e-11,2.7556e-11
1.471e-11,8.6257e-12,1.2284e-11
6.7369e-11,1.8952e-11,2.6565e-11
1.8308e-11,1.1954e-11,2.3115e-11
3.5662e-11,8.9465e-12,2.1956e-11
3.1949e-11,7.8397e-12,2.2476e-11
1.7111e-11,8.2241e-12,1.7564e-11
1.9707e-11,5.8033e-12,1.8718e-11
2.7175e-11,6.36e-12,2.4551e-11
2.8944e-11,6.9738e-12,2.5862e-11
2.5349e-11,1.1355e-11,2.706e-11
3.0217e-11,9.5409e-12,3.0629e-11
2.8135e-11,6.9582e-12,2.672e-11
3.5502e-11,1.0433e-11,3.4767e-11
3.9541e-11,5.6867e-12,4.2789e-11
5.5407e-11,3.1421e-11,1.1918e-11
5.0267e-11,1.5958e-11,1.1718e-11
2.7767e-11,2.1005e-11,1.4911e-11
4.9985e-11,2.9895e-11,6.6832e-12
2.6337e-11,2.0637e-11,1.9288e-11
7.7046e-12,1.0507e-11,1.1471e-11
2.2912e-11,1.6204e-11,1.4414e-11
4.5451e-11,2.4041e-11,1.4472e-11
3.6597e-11,2.596e-11,1.1035e-11
2.4993e-11,3.2611e-11,1.1302e-11
8.3666e-12,9.8524e-12,1.1686e-11
7.4812e-12,1.0457e-11,1.066e-11
1.4269e-11,1.2357e-11,1.568e-11
4.2414e-11,2.613e-11,1.4759e-11
3.286e-11,3.2472e-11,1.6455e-11
1.3885e-11,1.7281e-11,1.5474e-11
9.6716e-12,9.5806e-12,1.0009e-11
3.0518e-11,4.9406e-11,1.5784e-11
1.7824e-11,1.9707e-11,2.2337e-11
2.8214e-11,4.4069e-11,1.9254e-11
1.0192e-11,1.3571e-11,1.2081e-11
1.4699e-11,1.2106e-11,1.4085e-11
2.716e-11,5.2539e-11,2.1126e-11
3.1775e-11,3.695e-11,1.7498e-11
2.7016e-11,6.4542e-11,2.5564e-11
8.6599e-12,8.1352e-12,1.1098e-11
1.6176e-11,1.9139e-11,1.2983e-11
2.3961e-11,4.5017e-11,2.6335e-11
1.4825e-11,1.4086e-11,1.5254e-11
1.1989e-11,1.3018e-11,1.4362e-11
2.6731e-11,4.971e-11,3.2386e-11
2.0178e-11,1.1782e-11,1.2975e-11
1.2335e-11,1.1011e-11,1.5774e-11
1.2476e-11,6.4021e-12,1.2205e-11
1.3196e-11,1.0054e-11,1.7151e-11
5.2652e-11,3.0002e-11,1.9907e-11
4.3583e-11,1.8698e-11,1.771e-11
2.4414e-11,6.5883e-12,1.314e-11
7.0855e-11,3.996e-11,2.6374e-11
5.6982e-11,1.5446e-11,1.9741e-11
2.1482e-11,1.7158e-11,2.5229e-11
1.456e-11,6.061e-12,1.2173e-11
1.5079e-11,5.4193e-12,1.4162e-11
1.9222e-11,6.3167e-12,1.6171e-11
1.7495e-11,7.1683e-12,1.595e-11
1.8082e-11,7.0562e-12,1.8298e-11
1.864e-11,5.1895e-12,1.9641e-11
3.0756e-11,1.7974e-11,3.7357e-11
3.0544e-11,1.066e-11,3.0729e-11
3.8072e-11,5.8805e-12,3.946e-11
3.8949e-11,1.0574e-11,3.9355e-11
3.8784e-11,5.8252e-12,4.2308e-11
4.564e-11,2.1019e-11,9.3117e-12
1.3138e-11,1.92e-11,1.6175e-11
1.2055e-11,1.0734e-11,1.2402e-11
6.0035e-12,1.1173e-11,1.2068e-11
5.3023e-11,1.8037e-11,1.4427e-11
1.7614e-11,2.2829e-11,1.8927e-11
1.3711e-11,1.4628e-11,1.3514e-11
7.7928e-12,8.3873e-12,1.2122e-11
6.329e-12,7.8565e-12,1.234e-11
7.8445e-12,8.4677e-12,1.1451e-11
2.5967e-11,4.2891e-11,1.2717e-11
6.5245e-12,7.641e-12,1.2386e-11
1.2945e-11,1.1872e-11,1.395e-11
2.6012e-11,3.7852e-11,1.4244e-11
1.4828e-11,1.9661e-11,1.7926e-11
1.0525e-11,1.3396e-11,1.2644e-11
1.4882e-11,1.4321e-11,1.301e-11
2.6245e-11,5.323e-11,2.2679e-11
2.7029e-11,6.5171e-11,2.4102e-11
7.557e-12,8.5407e-12,1.0046e-11
3.3322e-11,3.2884e-11,2.5429e-11
9.3615e-12,8.9193e-12,1.1554e-11
8.8675e-12,7.6024e-12,9.7656e-12
1.0192e-11,8.863e-12,1.2162e-11
2.8177e-11,4.6882e-11,2.8396e-11
1.4697e-11,2.0407e-11,1.0938e-11
2.1106e-11,3.5532e-11,2.4531e-11
1.4111e-11,1.3228e-11,1.5974e-11
3.0764e-11,2.154e-11,1.2215e-11
1.3237e-11,1.314e-11,1.6981e-11
4.124e-11,1.8462e-11,1.5852e-11
1.2764e-11,7.1565e-12,1.0451e-11
1.3507e-11,9.1369e-12,1.2713e-11
1.344e-11,7.1921e-12,1.3643e-11
1.8294e-11,1.5386e-11,2.2199e-11
2.5401e-11,6.5802e-12,1.4342e-11
4.5744e-11,1.1327e-11,2.371e-11
1.5299e-11,7.2863e-12,1.3802e-11
2.1472e-11,6.406e-12,1.7093e-11
4.8952e-11,1.1451e-11,2.3722e-11
3.2997e-11,2.3462e-11,3.7448e-11
1.8129e-11,5.5731e-12,1.497e-11
3.0818e-11,2.0661e-11,3.553e-11
3.4279e-11,9.6969e-12,3.3357e-11
5.2093e-11,1.6291e-11,7.2342e-12
5.157e-11,3.0117e-11,6.8028e-12
6.0423e-12,9.8724e-12,1.0514e-11
4.6228e-11,1.7385e-11,8.4623e-12
5.7107e-12,1.0156e-11,1.1456e-11
3.686e-11,2.2569e-11,1.3859e-11
6.9029e-12,1.1546e-11,1.3101e-11
4.1729e-11,2.441e-11,1.2642e-11
2.2334e-11,2.2445e-11,1.6393e-11
4.0651e-11,2.522e-11,1.4198e-11
8.0648e-12,9.6614e-12,1.2294e-11
9.0619e-12,9.8242e-12,9.2165e-12
1.0427e-11,1.0032e-11,9.3299e-12
2.7628e-11,4.1976e-11,3.3023e-11
2.4036e-11,3.4933e-11,2.8462e-11
1.1853e-11,1.1187e-11,1.33e-11
3.4587e-11,4.1454e-11,2.3236e-11
7.9661e-12,7.4566e-12,9.4103e-12
3.034e-11,4.2287e-11,2.759e-11
1.4764e-11,1.6494e-11,1.4842e-11
9.4284e-12,7.5498e-12,9.5273e-12
1.3955e-11,1.2053e-11,1.3899e-11
2.6872e-11,4.5589e-11,2.6685e-11
1.7876e-11,1.8247e-11,1.9857e-11
3.2165e-11,3.147e-11,3.3136e-11
3.242e-11,3.0036e-11,3.2778e-11
2.9483e-11,6.4775e-11,2.1086e-11
3.125e-11,5.4206e-11,2.5187e-11
1.9246e-11,1.1633e-11,1.3652e-11
1.437e-11,1.0256e-11,1.0897e-11
1.0997e-11,1.0471e-11,1.1061e-11
3.5386e-11,2.0643e-11,1.2858e-11
4.4758e-11,3.2665e-11,2.1502e-11
5.3199e-11,4.7549e-11,2.3773e-11
1.3206e-11,5.725e-12,1.0783e-11
1.4537e-11,7.596e-12,1.219e-11
1.3406e-11,9.6021e-12,1.2122e-11
2.5488e-11,2.0653e-11,2.8692e-11
5.7575e-11,1.6703e-11,2.4413e-11
2.4644e-11,6.6972e-12,1.5147e-11
4.2284e-11,1.0998e-11,2.063e-11
1.6997e-11,8.487e-12,1.3347e-11
5.0988e-11,1.3764e-11,2.687e-11
8.2737e-11,2.9745e-11,3.3585e-11
8.5845e-11,2.5057e-11,2.9882e-11
2.5151e-11,1.3721e-11,3.0345e-11
2.371e-11,1.1556e-11,2.4902e-11
2.8696e-11,1.1035e-11,2.8897e-11
2.5052e-11,3.4912e-12,2.7172e-11
3.2899e-11,5.0177e-12,3.5107e-11
3.8202e-11,5.4421e-12,4.0172e-11
5.8837e-11,5.2271e-11,2.7854e-11
2.5709e-11,1.9665e-11,1.6279e-11
7.3475e-12,1.0248e-11,1.2595e-11
1.4506e-11,1.8451e-11,1.6709e-11
4.3531e-11,2.2574e-11,1.1774e-11
8.723e-12,1.0987e-11,1.2366e-11
1.2118e-11,1.2736e-11,1.1747e-11
8.7805e-12,1.225e-11,1.4957e-11
9.2622e-12,8.6376e-12,1.1455e-11
2.274e-11,4.5675e-11,1.3232e-11
2.3544e-11,3.535e-11,2.4192e-11
1.4029e-11,1.6927e-11,1.3722e-11
2.6414e-11,4.1412e-11,3.0361e-11
1.1732e-11,1.5665e-11,1.3958e-11
2.6324e-11,4.2945e-11,2.051e-11
2.7906e-11,3.6579e-11,2.2129e-11
2.7433e-11,4.8837e-11,2.7649e-11
8.588e-12,8.8248e-12,9.6042e-12
3.0215e-11,2.7393e-11,2.8161e-11
1.821e-11,1.6092e-11,1.8818e-11
1.1624e-11,1.0668e-11,1.2066e-11
1.6798e-11,1.164e-11,1.2254e-11
1.191e-11,8.2169e-12,1.1181e-11
1.6165e-11,1.5247e-11,1.787e-11
1.1093e-11,1.0072e-11,1.012e-11
2.4886e-11,2.0819e-11,2.4941e-11
1.5124e-11,1.4535e-11,1.6978e-11
4.0439e-11,2.873e-11,1.5176e-11
1.3148e-11,5.7042e-12,1.0025e-11
2.9486e-11,2.6574e-11,3.2218e-11
1.2387e-11,8.4e-12,1.3065e-11
4.6093e-11,3.5171e-11,2.6704e-11
1.9663e-11,5.8521e-12,1.2577e-11
1.9076e-11,1.554e-11,2.2409e-11
1.3451e-11,7.912e-12,1.3938e-11
1.7504e-11,1.3431e-11,2.0143e-11
6.377e-11,2.691e-11,2.6521e-11
1.7142e-11,8.1191e-12,1.7501e-11
4.2666e-11,1.1238e-11,2.7281e-11
2.6941e-11,1.6444e-11,3.2507e-11
2.4283e-11,1.4921e-11,2.745e-11
3.2734e-11,1.9703e-11,3.899e-11
2.2474e-11,3.4259e-12,2.3355e-11
2.9742e-11,8.487e-12,2.8931e-11
3.0614e-11,6.7492e-12,3.0442e-11
4.1648e-11,5.7123e-12,4.484e-11
4.3403e-11,1.9042e-11,1.0817e-11
4.6723e-11,1.6217e-11,9.0647e-12
1.0276e-11,1.6008e-11,1.1745e-11
2.7791e-11,2.6773e-11,1.3114e-11
2.2563e-11,3.524e-11,1.5221e-11
4.0605e-11,2.4114e-11,1.765e-11
2.3497e-11,2.2635e-11,1.4384e-11
7.124e-12,1.1261e-11,1.0871e-11
7.5875e-12,8.864e-12,9.3951e-12
7.1968e-12,8.1992e-12,1.2081e-11
2.5772e-11,3.5685e-11,1.0644e-11
7.965e-12,8.8976e-12,9.1905e-12
2.299e-11,3.4701e-11,2.5627e-11
1.4146e-11,1.1817e-11,1.5825e-11
1.2072e-11,1.5239e-11,1.5384e-11
9.6887e-12,9.3815e-12,8.8735e-12
1.8407e-11,2.8645e-11,1.9993e-11
1.2369e-11,8.8112e-12,1.1245e-11
1.7661e-11,1.8455e-11,1.8211e-11
1.0865e-11,9.7824e-12,1.1977e-11
2.3869e-11,2.3468e-11,1.583e-11
1.6951e-11,1.6162e-11,1.8709e-11
1.4287e-11,9.7216e-12,1.0798e-11
3.2964e-11,6.9229e-11,4.2109e-11
2.9445e-11,5.0653e-11,1.4909e-11
3.2991e-11,2.9536e-11,3.4457e-11
4.4681e-11,4.3745e-11,1.9458e-11
5.2046e-11,5.8163e-11,4.8701e-11
1.3203e-11,7.7741e-12,1.4888e-11
1.451e-11,8.2979e-12,1.3558e-11
5.9892e-11,2.3587e-11,2.2508e-11
6.3561e-11,4.3583e-11,3.8846e-11
2.8501e-11,9.046e-12,1.7434e-11
1.3579e-11,6.1778e-12,1.2311e-11
8.108e-11,3.1399e-11,3.3369e-11
4.3736e-11,1.1626e-11,2.6234e-11
1.7957e-11,9.3436e-12,1.925e-11
2.6124e-11,5.4737e-12,2.6914e-11
2.6047e-11,9.6096e-12,2.6461e-11
3.1344e-11,8.5546e-12,3.3131e-11
3.0449e-11,6.3106e-12,3.1855e-11
2.8767e-11,6.9746e-12,2.9799e-11
3.3305e-11,2.9969e-12,3.6164e-11
4.9668e-11,2.9212e-11,7.7102e-12
2.2512e-11,2.3027e-11,1.3448e-11
3.2131e-11,2.3047e-11,1.0335e-11
4.2995e-11,2.1671e-11,1.1986e-11
2.8422e-11,2.5123e-11,1.2264e-11
4.0066e-11,2.3378e-11,1.6676e-11
2.1753e-11,3.2857e-11,1.4666e-11
2.5719e-11,3.3626e-11,1.0324e-11
2.2304e-11,4.1357e-11,1.2778e-11
7.0734e-12,8.4122e-12,1.1877e-11
1.8395e-11,2.5345e-11,1.8816e-11
2.3038e-11,3.6078e-11,1.4086e-11
8.9753e-12,7.8515e-12,1.1883e-11
1.1075e-11,1.2845e-11,1.2476e-11
2.3872e-11,5.528e-11,1.5707e-11
1.1117e-11,8.1411e-12,1.0334e-11
2.2657e-11,5.4473e-11,1.7393e-11
1.4766e-11,1.8296e-11,1.4629e-11
2.007e-11,2.6663e-11,2.1888e-11
2.2662e-11,3.8068e-11,1.6285e-11
8.4693e-12,9.248e-12,9.6475e-12
1.7509e-11,2.7996e-11,2.1841e-11
2.7536e-11,7.1308e-11,4.0163e-11
2.9326e-11,4.8678e-11,2.3631e-11
1.6552e-11,2.8979e-11,1.4008e-11
2.651e-11,6.9201e-11,3.4316e-11
2.814e-11,7.4124e-11,3.4748e-11
2.1575e-11,4.3634e-11,2.6484e-11
2.8076e-11,3.2561e-11,1.7807e-11
3.2712e-11,3.1199e-11,3.2964e-11
3.0297e-11,2.6304e-11,2.9443e-11
1.6343e-11,6.8237e-12,1.0887e-11
2.841e-11,2.4699e-11,2.9336e-11
1.3926e-11,5.6751e-12,1.2517e-11
5.8507e-11,1.9098e-11,2.6129e-11
1.3907e-11,6.7585e-12,1.1837e-11
1.4222e-11,4.0265e-12,1.3407e-11
1.5711e-11,7.6794e-12,1.4554e-11
1.5924e-11,7.83e-12,1.3969e-11
2.4055e-11,1.8375e-11,2.617e-11
8.1432e-11,2.2864e-11,3.144e-11
1.7559e-11,7.1096e-12,1.6458e-11
2.3248e-11,1.2813e-11,2.8013e-11
2.7118e-11,1.3415e-11,3.117e-11
2.1565e-11,6.4399e-12,2.2832e-11
2.7471e-11,6.5024e-12,2.6561e-11
2.9879e-11,1.3831e-11,3.3436e-11
3.0421e-11,8.7663e-12,3.13e-11
2.7664e-11,4.5598e-12,3.1491e-11
3.3804e-11,4.5651e-12,3.6135e-11
3.8978e-11,1.0772e-11,3.6165e-11
4.3056e-11,1.6236e-11,1.2907e-11
1.0595e-11,1.4582e-11,1.0802e-11
4.3238e-11,1.747e-11,1.283e-11
4.2307e-11,1.8883e-11,1.5967e-11
4.2239e-11,4.559e-11,1.3433e-11
1.6013e-11,2.0043e-11,1.6253e-11
1.0146e-11,1.0463e-11,1.0685e-11
2.1298e-11,2.7302e-11,1.9887e-11
3.2379e-11,2.9136e-11,1.1896e-11
1.129e-11,1.4333e-11,1.1421e-11
6.6281e-12,8.6454e-12,9.7785e-12
1.2887e-11,1.7103e-11,1.4382e-11
7.0689e-12,9.2506e-12,9.7383e-12
1.0604e-11,1.3803e-11,1.4061e-11
2.2197e-11,5.6279e-11,2.0513e-11
1.1263e-11,1.4412e-11,1.3959e-11
1.3984e-11,1.4219e-11,9.7415e-12
1.8105e-11,2.6872e-11,1.3171e-11
1.261e-11,9.1283e-12,1.0928e-11
1.2637e-11,2.1392e-11,1.1143e-11
2.8903e-11,4.6204e-11,1.7211e-11
9.854e-12,9.1731e-12,1.0363e-11
2.9283e-11,2.6733e-11,2.7604e-11
2.2581e-11,2.4179e-11,1.3096e-11
2.6569e-11,6.0456e-11,2.3412e-11
2.7822e-11,7.2715e-11,3.4293e-11
1.0649e-11,1.1033e-11,8.2727e-12
2.6916e-11,2.4592e-11,1.3657e-11
1.3583e-11,8.3494e-12,1.2683e-11
1.268e-11,6.2971e-12,8.9651e-12
1.1606e-11,7.1477e-12,9.6358e-12
3.295e-11,6.8057e-11,4.4036e-11
1.1869e-11,9.5728e-12,1.3585e-11
3.2826e-11,7.3883e-11,5.1207e-11
1.2625e-11,6.2222e-12,1.0255e-11
1.4346e-11,8.7266e-12,1.208e-11
1.4457e-11,7.8742e-12,1.181e-11
2.7772e-11,9.3686e-12,1.5958e-11
1.3042e-11,7.1896e-12,1.2432e-11
2.6668e-11,2.2423e-11,2.9557e-11
4.6745e-11,1.2085e-11,2.1466e-11
3.9371e-11,9.9882e-12,2.5455e-11
2.1906e-11,1.115e-11,2.3082e-11
2.0827e-11,7.8011e-12,1.9648e-11
2.0333e-11,7.0728e-12,1.8345e-11
3.3849e-11,1.9641e-11,3.8709e-11
2.567e-11,1.2817e-11,2.8593e-11
3.2666e-11,7.7438e-12,3.6891e-11
3.7902e-11,1.0291e-11,3.7997e-11
3.7178e-11,2.729e-12,3.9808e-11
3.8186e-11,5.578e-12,4.0012e-11
6.2978e-12,9.3304e-12,8.8933e-12
4.1643e-11,2.1649e-11,1.1949e-11
4.0888e-11,2.2196e-11,1.1473e-11
9.8624e-12,9.665e-12,1.2696e-11
6.4585e-12,9.8854e-12,9.8319e-12
4.1075e-11,1.8693e-11,1.6323e-11
2.986e-11,2.5295e-11,1.4336e-11
2.517e-11,3.9642e-11,2.0351e-11
7.7514e-12,8.9977e-12,1.4323e-11
6.5872e-12,8.047e-12,8.9284e-12
1.3682e-11,1.5958e-11,1.3857e-11
8.9137e-12,8.3911e-12,1.026e-11
7.0642e-12,9.0388e-12,9.5532e-12
2.2788e-11,5.5388e-11,1.8508e-11
1.096e-11,1.3606e-11,1.2886e-11
1.8759e-11,2.6428e-11,1.5143e-11
2.9418e-11,6.3438e-11,2.8037e-11
1.6993e-11,2.7005e-11,2.0496e-11
1.5096e-11,2.7075e-11,1.6857e-11
2.8017e-11,6.2718e-11,3.0485e-11
8.8227e-12,1.1282e-11,1.0725e-11
8.6658e-12,9.5256e-12,1.1087e-11
2.4789e-11,6.7624e-11,4.2117e-11
1.8351e-11,1.6053e-11,1.2452e-11
1.0861e-11,8.7188e-12,8.5095e-12
1.531e-11,8.9075e-12,1.2596e-11
3.4246e-11,7.5252e-11,4.6792e-11
2.3933e-11,3.4482e-11,1.4144e-11
3.6175e-11,7.5399e-11,4.8628e-11
3.1989e-11,2.879e-11,2.0936e-11
1.221e-11,9.8189e-12,1.3895e-11
1.1626e-11,5.1073e-12,1.0527e-11
1.1911e-11,7.5092e-12,1.3225e-11
4.5687e-11,6.1212e-11,4.7258e-11
1.2998e-11,9.2937e-12,1.1307e-11
4.304e-11,1.7993e-11,1.8132e-11
1.3359e-11,9.4172e-12,1.224e-11
1.3732e-11,7.6945e-12,1.1576e-11
1.3985e-11,9.801e-12,1.2136e-11
5.9801e-11,4.5314e-11,5.3097e-11
1.6022e-11,4.9959e-12,1.3447e-11
3.9705e-11,1.101e-11,1.8764e-11
4.8954e-11,1.8632e-11,2.0024e-11
1.357e-11,6.0509e-12,1.2001e-11
5.9917e-11,2.1206e-11,2.5159e-11
4.7348e-11,1.207e-11,2.5024e-11
2.9536e-11,2.1965e-11,3.2298e-11
1.7046e-11,5.8117e-12,1.4353e-11
2.3675e-11,1.5486e-11,2.8551e-11
3.3173e-11,1.4375e-11,3.5855e-11
3.2529e-11,1.3259e-11,3.4397e-11
3.3994e-11,5.3462e-12,3.4705e-11
3.0657e-11,6.2798e-12,3.3762e-11
4.1997e-11,4.4009e-11,2.6867e-11
8.5198e-12,8.201e-12,8.9927e-12
1.149e-11,1.1677e-11,1.1473e-11
2.5143e-11,2.4352e-11,1.248e-11
8.9087e-12,8.77e-12,1.0074e-11
3.9001e-11,2.0665e-11,9.9804e-12
1.0199e-11,1.1695e-11,1.1132e-11
3.7905e-11,2.466e-11,1.1758e-11
8.6297e-12,7.8103e-12,1.1895e-11
2.1888e-11,3.3889e-11,1.2715e-11
6.7679e-12,8.2835e-12,9.1769e-12
7.1507e-12,7.9291e-12,1.1176e-11
2.9515e-11,5.4527e-11,2.3782e-11
7.915e-12,9.4539e-12,8.9627e-12
1.6113e-11,1.5602e-11,1.4345e-11
2.8279e-11,2.9718e-11,2.6677e-11
1.7478e-11,2.9317e-11,2.737e-11
1.0535e-11,9.6094e-12,1.2092e-11
2.7937e-11,7.2463e-11,4.3228e-11
1.1225e-11,9.9558e-12,1.2805e-11
1.0265e-11,8.3845e-12,1.09e-11
1.8638e-11,3.4391e-11,3.019e-11
3.0524e-11,6.0697e-11,2.3002e-11
2.9476e-11,6.0911e-11,2.6074e-11
1.8201e-11,1.6307e-11,1.8221e-11
2.5953e-11,5.0023e-11,2.7991e-11
1.2461e-11,8.805e-12,1.0906e-11
1.0131e-11,6.5457e-12,8.6979e-12
1.4794e-11,6.4227e-12,1.0587e-11
1.1282e-11,8.0167e-12,1.3466e-11
2.222e-11,1.9909e-11,2.3868e-11
1.1603e-11,7.0218e-12,1.2028e-11
1.436e-11,6.9741e-12,1.3492e-11
5.1095e-11,1.789e-11,2.1336e-11
6.2707e-11,4.6177e-11,4.6784e-11
2.7416e-11,2.0734e-11,2.8989e-11
2.1546e-11,1.7298e-11,2.278e-11
1.5299e-11,7.3982e-12,1.3692e-11
1.6148e-11,6.3655e-12,1.5042e-11
7.6509e-11,2.2261e-11,3.0826e-11
2.4568e-11,6.5934e-12,2.1058e-11
2.5295e-11,6.9985e-12,2.4e-11
3.3148e-11,2.2617e-11,3.8371e-11
3.4836e-11,9.2488e-12,2.8985e-11
2.685e-11,6.6949e-12,2.5234e-11
3.0511e-11,1.7438e-11,3.6708e-11
2.9058e-11,1.2604e-11,3.0528e-11
2.4638e-11,8.4913e-12,2.3046e-11
3.7301e-11,2.1334e-11,1.0331e-11
3.6626e-11,1.999e-11,1.1188e-11
6.5731e-12,8.2833e-12,1.0339e-11
3.6471e-11,2.4304e-11,1.0034e-11
1.2698e-11,1.263e-11,1.2051e-11
8.5629e-12,1.2465e-11,1.4041e-11
2.0793e-11,3.0529e-11,1.5845e-11
2.1015e-11,2.351e-11,1.3008e-11
1.4606e-11,1.5801e-11,1.2248e-11
2.9812e-11,2.1829e-11,1.523e-11
8.7095e-12,7.8202e-12,1.1249e-11
2.8318e-11,5.406e-11,2.3027e-11
2.2755e-11,5.0959e-11,1.8591e-11
7.9295e-12,8.2037e-12,9.9691e-12
1.3668e-11,1.6125e-11,1.5619e-11
1.9267e-11,3.4966e-11,1.838e-11
1.1011e-11,1.0959e-11,1.2865e-11
2.7808e-11,2.5673e-11,2.3517e-11
1.695e-11,3.6718e-11,1.5365e-11
1.151e-11,1.0489e-11,1.2391e-11
8.7756e-12,8.4423e-12,1.1864e-11
2.7187e-11,7.232e-11,4.3668e-11
1.5752e-11,7.9698e-12,1.1805e-11
1.2986e-11,7.385e-12,1.0532e-11
2.494e-11,4.984e-11,3.241e-11
1.662e-11,1.4638e-11,1.7081e-11
1.2009e-11,1.1538e-11,1.3806e-11
1.1712e-11,5.4059e-12,1.0103e-11
1.1197e-11,6.7514e-12,1.2281e-11
1.2124e-11,5.5081e-12,1.059e-11
1.1159e-11,8.2873e-12,1.1614e-11
2.7039e-11,1.071e-11,1.4777e-11
2.1396e-11,7.5644e-12,1.454e-11
3.4564e-11,1.076e-11,1.8363e-11
4.5019e-11,1.7088e-11,1.9094e-11
6.0165e-11,4.4028e-11,3.5151e-11
1.4719e-11,4.5231e-12,1.3e-11
2.1275e-11,5.2366e-12,1.7982e-11
2.132e-11,5.5285e-12,2.1842e-11
1.9329e-11,7.5772e-12,1.9749e-11
2.5013e-11,7.5296e-12,2.2394e-11
5.1377e-11,4.0313e-11,1.2848e-11
9.3331e-12,8.6368e-12,8.1723e-12
1.2782e-11,1.0508e-11,1.2372e-11
1.6153e-11,1.8365e-11,1.3661e-11
2.7804e-11,2.4272e-11,1.5226e-11
3.0814e-11,2.0477e-11,1.3983e-11
1.0612e-11,9.4006e-12,1.4834e-11
8.5198e-12,7.9066e-12,1.1593e-11
2.5358e-11,2.6186e-11,1.6477e-11
7.0047e-12,7.2732e-12,8.5715e-12
2.2243e-11,5.0244e-11,1.8612e-11
2.744e-11,3.5184e-11,2.6671e-11
7.9206e-12,7.9253e-12,9.3089e-12
3.099e-11,3.7866e-11,3.2788e-11
1.9372e-11,4.7552e-11,2.0743e-11
2.6744e-11,6.5923e-11,2.9622e-11
8.5625e-12,1.0531e-11,9.9378e-12
3.1532e-11,3.634e-11,3.176e-11
1.2088e-11,1.1649e-11,1.2564e-11
2.4102e-11,6.0075e-11,3.4357e-11
1.0952e-11,8.6686e-12,8.5815e-12
2.4758e-11,2.2413e-11,2.2601e-11
2.7408e-11,2.3996e-11,2.5177e-11
1.8833e-11,1.6623e-11,1.9707e-11
1.4755e-11,7.1356e-12,1.0091e-11
2.5206e-11,3.437e-11,1.9108e-11
1.2524e-11,9.8982e-12,1.3742e-11
2.6439e-11,4.4693e-11,2.9316e-11
3.8486e-11,5.7159e-11,4.3966e-11
1.2536e-11,7.3258e-12,1.1014e-11
2.9232e-11,1.0336e-11,1.4115e-11
1.2174e-11,7.6457e-12,1.2261e-11
1.2771e-11,7.2178e-12,1.248e-11
2.7969e-11,2.6287e-11,3.0339e-11
1.4404e-11,1.1333e-11,1.6497e-11
4.777e-11,5.2697e-11,6.2856e-11
1.5422e-11,9.1978e-12,1.4061e-11
1.6086e-11,9.4881e-12,1.819e-11
1.3882e-11,5.6566e-12,1.1703e-11
3.1164e-11,9.6973e-12,2.0705e-11
4.3064e-11,1.0544e-11,2.1075e-11
2.1567e-11,6.2853e-12,1.7049e-11
1.6567e-11,4.3182e-12,1.4712e-11
2.0222e-11,1.0365e-11,2.1825e-11
1.6915e-11,5.0368e-12,1.3823e-11
2.2996e-11,7.1799e-12,2.2698e-11
2.3827e-11,5.7625e-12,2.3889e-11
2.13e-11,6.276e-12,1.9869e-11
2.0736e-11,9.5458e-12,2.1355e-11
4.2312e-11,1.4782e-11,1.0789e-11
7.9044e-12,9.4851e-12,1.1445e-11
4.0449e-11,1.643e-11,1.3827e-11
1.0104e-11,9.142e-12,8.6178e-12
3.6171e-11,1.9022e-11,1.2463e-11
2.5415e-11,2.8305e-11,2.1887e-11
1.9752e-11,2.2421e-11,1.2593e-11
6.7323e-12,8.3429e-12,8.1763e-12
1.127e-11,1.1625e-11,9.7332e-12
7.9728e-12,1.047e-11,1.0402e-11
1.2434e-11,1.4893e-11,1.1553e-11
3.8141e-11,2.4114e-11,1.924e-11
9.3759e-12,8.771e-12,8.3057e-12
1.9111e-11,2.424e-11,1.7063e-11
1.9394e-11,2.143e-11,1.6275e-11
8.0257e-12,8.2133e-12,8.6614e-12
7.9273e-12,9.3154e-12,8.4265e-12
9.4325e-12,8.1581e-12,8.6567e-12
1.8556e-11,4.4541e-11,2.0399e-11
1.7567e-11,4.6166e-11,2.5067e-11
1.71e-11,3.4826e-11,1.5299e-11
1.6161e-11,3.5124e-11,2.241e-11
2.2505e-11,4.1479e-11,2.2756e-11
1.3609e-11,1.6163e-11,1.0956e-11
2.1193e-11,5.7711e-11,3.7276e-11
2.4052e-11,2.1506e-11,2.1318e-11
9.4559e-12,8.5159e-12,1.1446e-11
1.445e-11,1.5285e-11,1.0336e-11
1.9573e-11,4.5417e-11,3.3865e-11
3.0039e-11,7.1596e-11,4.5631e-11
1.1283e-11,1.1026e-11,1.2075e-11
1.421e-11,9.2258e-12,1.0297e-11
1.154e-11,5.9407e-12,1.0463e-11
1.3735e-11,1.215e-11,1.65e-11
3.0002e-11,1.6715e-11,1.3706e-11
4.2948e-11,1.734e-11,1.7375e-11
1.1595e-11,7.0385e-12,1.1358e-11
1.9739e-11,7.3051e-12,1.3262e-11
4.9242e-11,4.5904e-11,4.4856e-11
1.427e-11,5.4028e-12,1.3411e-11
5.341e-11,3.9919e-11,3.7788e-11
1.3079e-11,8.7017e-12,1.06e-11
1.9723e-11,1.525e-11,2.1609e-11
5.7185e-11,2.0942e-11,2.7819e-11
3.4567e-11,9.0046e-12,2.3981e-11
1.6344e-11,5.9172e-12,1.4828e-11
7.3661e-11,2.5873e-11,3.5885e-11
1.8241e-11,4.773e-12,1.5897e-11
2.6896e-11,6.7345e-12,2.4457e-11
1.9443e-11,6.516e-12,1.726e-11
2.7498e-11,6.8485e-12,2.6519e-11
1.9306e-11,5.2804e-12,1.9999e-11
3.1238e-11,8.7526e-12,2.813e-11
3.0177e-11,1.4618e-11,3.4566e-11
2.1845e-11,4.8843e-12,2.4077e-11
2.9676e-11,6.529e-12,2.879e-11
3.3594e-11,8.3415e-12,3.1415e-11
3.4396e-11,7.7116e-12,3.2931e-11
4.6704e-11,2.8121e-11,1.4017e-11
3.7288e-11,1.6004e-11,1.3943e-11
3.4604e-11,1.4569e-11,1.8245e-11
7.4369e-12,9.3285e-12,1.0665e-11
8.6641e-12,8.7524e-12,9.1412e-12
1.519e-11,1.611e-11,1.299e-11
2.5318e-11,2.1184e-11,1.2562e-11
1.8793e-11,2.6821e-11,1.5281e-11
2.1458e-11,2.4686e-11,1.7854e-11
2.3667e-11,2.5227e-11,1.8565e-11
7.2987e-12,8.7306e-12,8.659e-12
1.9557e-11,3.6365e-11,1.1563e-11
1.9366e-11,2.3531e-11,1.629e-11
1.2486e-11,1.4212e-11,1.1415e-11
8.2223e-12,8.0702e-12,8.9561e-12
2.2613e-11,4.0173e-11,1.6462e-11
1.8671e-11,3.7589e-11,1.7027e-11
7.5026e-12,7.5807e-12,7.6391e-12
1.0297e-11,1.093e-11,9.8278e-12
2.6583e-11,5.1737e-11,2.3067e-11
8.7017e-12,8.9147e-12,8.7287e-12
2.2201e-11,2.6248e-11,1.9889e-11
1.1304e-11,1.2576e-11,1.0584e-11
3.2714e-11,4.1407e-11,3.3958e-11
1.7575e-11,1.8666e-11,1.5873e-11
1.0231e-11,1.172e-11,1.0896e-11
9.1243e-12,9.139e-12,9.8596e-12
1.0709e-11,1.6566e-11,1.1517e-11
1.6112e-11,2.1625e-11,1.2639e-11
1.0735e-11,1.1021e-11,1.0649e-11
1.1572e-11,6.0769e-12,9.5513e-12
1.0389e-11,8.6167e-12,1.1276e-11
3.2337e-11,2.8395e-11,3.2246e-11
2.4859e-11,9.3969e-12,1.281e-11
1.377e-11,1.019e-11,1.4678e-11
2.9707e-11,2.5736e-11,3.0591e-11
4.6247e-11,1.9152e-11,2.4393e-11
1.2412e-11,6.1973e-12,1.2306e-11
1.8639e-11,1.3259e-11,2.022e-11
1.8782e-11,6.046e-12,1.5192e-11
1.5661e-11,7.0362e-12,1.3683e-11
2.6401e-11,1.0762e-11,2.0059e-11
1.5484e-11,7.7384e-12,1.3314e-11
1.7558e-11,5.5006e-12,1.4637e-11
7.7022e-11,2.219e-11,3.5114e-11
1.9684e-11,4.7751e-12,1.8635e-11
3.3283e-11,2.343e-11,3.5722e-11
1.704e-11,2.4751e-12,1.7177e-11
2.1406e-11,6.95e-12,2.0519e-11
2.2144e-11,7.2386e-12,2.1451e-11
2.131e-11,8.0456e-12,1.9341e-11
2.309e-11,5.6499e-12,2.4008e-11
2.5051e-11,6.7709e-12,2.813e-11
2.4823e-11,1.0152e-11,2.5551e-11
3.2703e-11,1.339e-11,3.323e-11
1.7421e-11,2.2736e-11,1.5142e-11
1.1055e-11,1.0439e-11,1.0899e-11
8.5441e-12,8.2917e-12,8.9442e-12
1.102e-11,1.1078e-11,9.1559e-12
1.7138e-11,2.338e-11,1.3831e-11
7.5631e-12,9.0955e-12,7.5543e-12
3.0047e-11,3.5289e-11,3.0182e-11
2.1155e-11,2.5306e-11,1.8481e-11
7.9012e-12,8.6261e-12,8.3904e-12
2.7041e-11,6.0922e-11,3.3385e-11
9.4654e-12,1.1279e-11,9.7357e-12
1.7636e-11,3.375e-11,1.6664e-11
9.9027e-12,1.1417e-11,9.6766e-12
2.4034e-11,6.0931e-11,2.6512e-11
8.5058e-12,7.2838e-12,1.0047e-11
1.8096e-11,2.9405e-11,2.592e-11
1.9537e-11,4.1413e-11,2.8624e-11
1.8759e-11,1.6225e-11,1.4426e-11
2.7064e-11,6.5727e-11,4.1483e-11
2.0647e-11,1.5333e-11,1.3192e-11
2.7155e-11,6.8942e-11,4.048e-11
1.2978e-11,9.2383e-12,1.1519e-11
2.0649e-11,5.9154e-11,3.3788e-11
2.9386e-11,6.061e-11,5.4648e-11
2.2929e-11,1.9509e-11,1.222e-11
2.8924e-11,6.0742e-11,5.2568e-11
1.0764e-11,9.6158e-12,1.1469e-11
3.3946e-11,2.8639e-11,3.0782e-11
1.1438e-11,9.3692e-12,1.2648e-11
1.1856e-11,7.4035e-12,1.1275e-11
1.5605e-11,7.6067e-12,1.4053e-11
1.6557e-11,4.6017e-12,1.3889e-11
1.9067e-11,6.9264e-12,1.8612e-11
1.6853e-11,5.0387e-12,1.3626e-11
3.4479e-11,2.1158e-11,3.7932e-11
2.4185e-11,9.9043e-12,2.4307e-11
2.6986e-11,6.442e-12,2.635e-11
2.9709e-11,7.2193e-12,2.8544e-11
3.3426e-11,9.2324e-12,3.1668e-11
3.6443e-11,1.6367e-11,4.1473e-11
2.3076e-11,1.8008e-11,1.2584e-11
1.0865e-11,1.0602e-11,9.6612e-12
1.8652e-11,2.6289e-11,1.6664e-11
1.9033e-11,1.9509e-11,1.2833e-11
6.0578e-12,6.2583e-12,7.6109e-12
2.7944e-11,1.9323e-11,1.4824e-11
1.7843e-11,2.1353e-11,1.2101e-11
1.4249e-11,1.7914e-11,1.3623e-11
1.9417e-11,2.9043e-11,1.6912e-11
1.2367e-11,1.0881e-11,9.5615e-12
9.8489e-12,1.0848e-11,7.4375e-12
8.2629e-12,7.0922e-12,8.5082e-12
9.5432e-12,8.5837e-12,9.1638e-12
2.4394e-11,5.8974e-11,3.2233e-11
8.6981e-12,8.8677e-12,1.0626e-11
9.6893e-12,9.8868e-12,1.2308e-11
1.7483e-11,1.6443e-11,1.5981e-11
2.5157e-11,2.3382e-11,2.2954e-11
9.9921e-12,9.6017e-12,1.0542e-11
2.0156e-11,1.6096e-11,1.5036e-11
1.7304e-11,3.0609e-11,2.125e-11
1.8549e-11,4.0568e-11,2.7237e-11
1.5742e-11,7.8052e-12,1.0625e-11
1.1253e-11,4.6834e-12,9.3924e-12
2.548e-11,3.5173e-11,2.9033e-11
3.1645e-11,2.9723e-11,3.2523e-11
3.7247e-11,2.2076e-11,2.5058e-11
2.1384e-11,1.9599e-11,2.3418e-11
1.2763e-11,9.6742e-12,1.2989e-11
1.3776e-11,5.5003e-12,1.2027e-11
1.3466e-11,5.1736e-12,1.1686e-11
1.4472e-11,7.9046e-12,1.2447e-11
4.7759e-11,1.8225e-11,2.3683e-11
2.1091e-11,1.3987e-11,2.2532e-11
1.6058e-11,7.6021e-12,1.3834e-11
7.3042e-11,2.8182e-11,3.6078e-11
1.6164e-11,4.0446e-12,1.5595e-11
3.5067e-11,2.3868e-11,3.667e-11
3.2509e-11,9.0508e-12,3.046e-11
2.4265e-11,4.6545e-12,2.7038e-11
3.3463e-11,1.3635e-11,3.5406e-11
2.8361e-11,8.7088e-12,2.5273e-11
3.2705e-11,6.9012e-12,3.0243e-11
3.2135e-11,7.6621e-12,3.1295e-11
3.2042e-11,5.1117e-12,3.3314e-11
1.0714e-11,1.1662e-11,1.2266e-11
4.1064e-11,1.6188e-11,1.4976e-11
1.0751e-11,1.3741e-11,9.0892e-12
1.1303e-11,1.064e-11,1.03e-11
1.7569e-11,2.3763e-11,1.4501e-11
1.7946e-11,2.0321e-11,1.2885e-11
8.7315e-12,7.6747e-12,9.0884e-12
1.6192e-11,2.4297e-11,1.2387e-11
2.4266e-11,3.4286e-11,2.5165e-11
1.8521e-11,2.8012e-11,1.8709e-11
7.79e-12,7.9815e-12,9.2795e-12
2.7896e-11,3.5445e-11,2.4239e-11
1.1401e-11,1.2498e-11,9.5686e-12
1.0347e-11,9.7826e-12,1.0279e-11
3.0049e-11,3.8444e-11,2.765e-11
9.7911e-12,1.0944e-11,1.0436e-11
3.3749e-11,3.5389e-11,2.9827e-11
9.0806e-12,9.4709e-12,9.4136e-12
1.4107e-11,1.4963e-11,1.0251e-11
1.8519e-11,2.8423e-11,2.5424e-11
1.1915e-11,1.3687e-11,1.3545e-11
1.0987e-11,8.4236e-12,1.1441e-11
2.168e-11,3.9306e-11,1.7627e-11
1.5303e-11,1.9609e-11,1.223e-11
1.558e-11,3.0161e-11,2.2965e-11
2.0627e-11,1.0706e-11,1.1443e-11
3.2258e-11,3.0097e-11,3.0922e-11
1.2924e-11,7.1496e-12,1.2001e-11
1.9221e-11,1.6427e-11,1.9647e-11
2.6657e-11,7.7995e-12,1.5104e-11
1.9771e-11,7.5811e-12,1.3863e-11
1.6165e-11,5.4982e-12,1.3833e-11
1.5925e-11,7.1536e-12,1.5855e-11
1.4698e-11,5.8556e-12,1.3221e-11
1.7569e-11,6.7908e-12,1.434e-11
1.591e-11,5.4174e-12,1.4182e-11
2.8048e-11,2.0846e-11,2.8084e-11
2.1393e-11,6.7665e-12,1.8646e-11
1.8487e-11,8.4479e-12,1.9429e-11
2.068e-11,5.2626e-12,1.9769e-11
3.1082e-11,8.5904e-12,2.9021e-11
1.9629e-11,6.9229e-12,1.9979e-11
3.0589e-11,1.5696e-11,3.3676e-11
2.8768e-11,1.269e-11,3.0631e-11
3.5926e-11,1.7093e-11,4.0006e-11
3.7026e-11,1.5681e-11,4.0656e-11
2.8417e-11,1.107e-11,2.5917e-11
2.4866e-11,3.6451e-12,2.7198e-11
2.7301e-11,4.1405e-12,2.7627e-11
3.2883e-11,9.5441e-12,3.0949e-11
3.2238e-11,1.5302e-11,1.4631e-11
2.4838e-11,1.7719e-11,1.2219e-11
9.6624e-12,9.9706e-12,8.4348e-12
7.2912e-12,7.6239e-12,8.0475e-12
3.101e-11,1.7505e-11,1.746e-11
1.0561e-11,1.031e-11,1.1719e-11
1.2019e-11,1.1688e-11,9.5204e-12
6.9771e-12,6.6655e-12,7.9774e-12
7.3249e-12,7.8168e-12,8.018e-12
7.246e-12,8.1693e-12,8.2919e-12
2.6049e-11,2.3751e-11,1.279e-11
8.8014e-12,8.937e-12,7.1986e-12
9.1989e-12,8.9545e-12,7.7876e-12
1.6348e-11,4.2386e-11,2.4033e-11
1.7744e-11,3.1436e-11,1.9039e-11
1.3428e-11,1.2524e-11,1.3025e-11
2.4886e-11,5.8044e-11,3.34e-11
1.659e-11,2.9239e-11,2.4317e-11
1.1335e-11,8.4432e-12,9.8072e-12
2.6012e-11,6.0495e-11,4.1976e-11
1.1751e-11,8.7332e-12,8.6724e-12
1.3404e-11,8.709e-12,1.2283e-11
1.6928e-11,3.7693e-11,2.7399e-11
2.4949e-11,5.1404e-11,3.7208e-11
1.4973e-11,1.3597e-11,1.4944e-11
1.9751e-11,3.8723e-11,3.8266e-11
1.9939e-11,1.6332e-11,1.8825e-11
3.0788e-11,6.6717e-11,5.1762e-11
2.4596e-11,1.3018e-11,1.2867e-11
2.7422e-11,1.3525e-11,1.3899e-11
3.1381e-11,3.7458e-11,3.1613e-11
1.9641e-11,7.7363e-12,1.4836e-11
1.6476e-11,1.2557e-11,1.7345e-11
1.8599e-11,6.9654e-12,1.5407e-11
2.9915e-11,9.0189e-12,1.9968e-11
6.3306e-11,1.8395e-11,3.121e-11
3.4197e-11,8.8946e-12,2.5637e-11
6.5525e-11,2.3717e-11,3.5229e-11
1.9059e-11,5.4452e-12,1.8478e-11
2.542e-11,1.2903e-11,2.7684e-11
2.2479e-11,6.4997e-12,2.2843e-11
3.6336e-11,9.4695e-12,3.3814e-11
3.2447e-11,5.9859e-12,3.3872e-11
2.9485e-11,1.6464e-11,1.1831e-11
1.276e-11,1.9439e-11,1.9254e-11
9.6456e-12,1.07e-11,1.1612e-11
2.9457e-11,1.7509e-11,1.9731e-11
1.5704e-11,1.6417e-11,1.0696e-11
8.1032e-12,7.2964e-12,8.613e-12
1.5267e-11,1.4646e-11,1.2239e-11
2.3337e-11,2.3756e-11,1.8152e-11
1.4422e-11,1.5441e-11,1.0689e-11
2.6381e-11,3.1422e-11,2.2962e-11
8.8852e-12,9.6876e-12,8.461e-12
1.5651e-11,4.2483e-11,1.9675e-11
1.3177e-11,1.2625e-11,1.0738e-11
8.9886e-12,6.5999e-12,9.4599e-12
9.194e-12,7.0685e-12,9.237e-12
1.2714e-11,1.9556e-11,1.2772e-11
1.3266e-11,1.9733e-11,1.1823e-11
1.065e-11,1.9347e-11,1.4438e-11
2.4741e-11,2.3562e-11,2.3532e-11
1.2057e-11,8.4486e-12,1.2809e-11
1.2238e-11,7.0775e-12,1.0249e-11
1.148e-11,8.4311e-12,1.0678e-11
1.6552e-11,3.8047e-11,2.3413e-11
1.3725e-11,1.2437e-11,1.3601e-11
1.4231e-11,1.2858e-11,1.4154e-11
2.7147e-11,5.2278e-11,4.15e-11
1.0728e-11,8.6905e-12,1.0505e-11
1.9668e-11,1.7963e-11,1.9102e-11
1.4002e-11,1.1689e-11,1.3986e-11
1.238e-11,7.6883e-12,1.1283e-11
1.3171e-11,7.2102e-12,1.0577e-11
1.3612e-11,6.784e-12,1.1388e-11
2.3237e-11,7.2211e-12,1.4243e-11
1.5501e-11,1.0939e-11,1.4533e-11
5.3254e-11,2.6629e-11,3.8007e-11
1.9159e-11,1.3886e-11,2.1645e-11
1.4892e-11,2.9814e-12,1.2868e-11
1.8519e-11,7.0012e-12,1.5064e-11
1.6423e-11,4.3306e-12,1.3439e-11
1.3919e-11,4.2288e-12,1.1231e-11
1.325e-11,4.9847e-12,1.2169e-11
3.9636e-11,1.0649e-11,2.1844e-11
2.8768e-11,2.225e-11,2.9772e-11
3.9208e-11,1.1649e-11,2.5334e-11
1.5822e-11,2.8892e-12,1.5595e-11
1.8248e-11,7.8262e-12,1.8938e-11
2.0916e-11,6.5988e-12,1.9724e-11
1.9617e-11,6.7094e-12,1.6933e-11
1.6976e-11,3.2668e-12,1.7702e-11
2.1351e-11,7.3939e-12,2.1174e-11
2.1253e-11,4.6763e-12,2.4241e-11
2.5167e-11,2.3304e-12,2.7233e-11
3.4237e-11,1.2023e-11,3.4054e-11
3.4113e-11,9.7724e-12,3.3252e-11
1.3084e-11,2.073e-11,1.5439e-11
1.7747e-11,1.7175e-11,1.1615e-11
2.0919e-11,1.8492e-11,1.2491e-11
1.0789e-11,1.0924e-11,9.4124e-12
9.8144e-12,9.7429e-12,6.7706e-12
1.7137e-11,1.8791e-11,1.3921e-11
8.9457e-12,9.3126e-12,7.2767e-12
1.513e-11,2.5255e-11,1.2374e-11
1.4417e-11,2.7833e-11,1.7325e-11
1.484e-11,1.7113e-11,1.2223e-11
1.4982e-11,1.7322e-11,1.2646e-11
8.7171e-12,9.7261e-12,7.4933e-12
1.5941e-11,3.7558e-11,2.2445e-11
2.0444e-11,3.8412e-11,2.5467e-11
2.3554e-11,4.6941e-11,3.0731e-11
1.406e-11,3.6011e-11,2.4117e-11
2.1433e-11,2.4216e-11,2.0101e-11
2.9109e-11,2.9593e-11,2.4274e-11
2.2606e-11,5.3012e-11,3.4398e-11
1.6513e-11,4.6546e-11,2.5963e-11
2.2562e-11,4.7323e-11,3.1524e-11
1.0781e-11,7.7994e-12,8.4041e-12
2.3743e-11,5.1928e-11,4.6551e-11
1.0871e-11,7.2389e-12,1.046e-11
1.1298e-11,8.1459e-12,9.1852e-12
1.705e-11,1.8202e-11,1.2752e-11
1.8732e-11,1.8246e-11,1.362e-11
2.8039e-11,5.0224e-11,4.9305e-11
1.1544e-11,6.2167e-12,9.4943e-12
3.3444e-11,2.9868e-11,3.1139e-11
1.1592e-11,1.0591e-11,1.175e-11
1.1858e-11,6.316e-12,1.053e-11
2.9822e-11,2.7935e-11,2.3939e-11
1.2331e-11,5.1304e-12,9.9022e-12
3.6848e-11,3.5505e-11,3.4003e-11
1.8962e-11,6.4068e-12,1.3482e-11
1.3205e-11,5.223e-12,1.1048e-11
2.346e-11,2.1121e-11,2.2864e-11
1.4549e-11,6.1551e-12,1.12e-11
4.128e-11,3.4851e-11,3.7619e-11
1.4963e-11,4.9776e-12,1.1796e-11
2.4801e-11,7.7685e-12,1.7611e-11
1.4004e-11,8.1365e-12,1.2501e-11
1.304e-11,5.2388e-12,1.1522e-11
5.1727e-11,1.9076e-11,2.657e-11
4.4577e-11,1.1775e-11,2.6172e-11
1.8048e-11,8.7289e-12,1.6263e-11
2.0858e-11,5.8057e-12,1.9402e-11
2.9096e-11,4.9591e-12,2.8617e-11
3.2059e-11,7.5063e-12,3.1722e-11
3.283e-11,7.6192e-12,3.312e-11
1.1028e-11,7.9381e-12,1.0073e-11
2.2037e-11,1.6875e-11,1.1006e-11
2.1371e-11,1.6869e-11,1.1633e-11
2.4328e-11,2.8509e-11,1.88e-11
1.5377e-11,1.5952e-11,1.0611e-11
1.4779e-11,2.4915e-11,1.4612e-11
2.7191e-11,3.3814e-11,2.187e-11
2.1148e-11,3.1192e-11,2.1323e-11
8.9263e-12,9.7853e-12,7.2727e-12
7.407e-12,7.907e-12,7.1851e-12
7.6855e-12,7.7063e-12,7.2066e-12
1.3474e-11,1.5993e-11,1.1296e-11
1.5556e-11,3.4366e-11,1.803e-11
1.5208e-11,3.4992e-11,1.8385e-11
2.0649e-11,4.4518e-11,2.9136e-11
2.5592e-11,2.4989e-11,1.979e-11
1.1195e-11,9.148e-12,1.0317e-11
1.6065e-11,4.3935e-11,2.8333e-11
1.0092e-11,8.0487e-12,1.2252e-11
1.9761e-11,1.9984e-11,1.9299e-11
1.7739e-11,1.2984e-11,1.1507e-11
1.69e-11,8.7406e-12,1.0979e-11
1.3879e-11,1.2341e-11,1.3293e-11
2.4753e-11,1.9072e-11,1.7049e-11
2.7844e-11,2.5435e-11,2.6148e-11
1.3267e-11,4.9363e-12,1.0251e-11
3.025e-11,2.6509e-11,2.1776e-11
3.7271e-11,4.9347e-11,5.8923e-11
3.6917e-11,2.0494e-11,2.1021e-11
1.3232e-11,5.9795e-12,1.0301e-11
1.477e-11,5.4431e-12,1.298e-11
2.9007e-11,2.5286e-11,2.7957e-11
1.3379e-11,4.7361e-12,1.0739e-11
4.59e-11,1.6594e-11,2.2235e-11
1.4747e-11,3.8339e-12,1.1694e-11
1.4268e-11,3.198e-12,1.2048e-11
1.6313e-11,1.1787e-11,1.6604e-11
1.7081e-11,1.066e-11,1.8272e-11
1.6071e-11,4.0883e-12,1.33e-11
3.0069e-11,7.5657e-12,2.2233e-11
1.4898e-11,5.3323e-12,1.4246e-11
1.6102e-11,7.3669e-12,1.3857e-11
3.1387e-11,7.7621e-12,2.4629e-11
3.8856e-11,9.27e-12,2.5953e-11
1.9052e-11,9.4297e-12,1.9179e-11
1.9099e-11,8.5411e-12,1.7665e-11
2.9553e-11,7.9554e-12,2.8645e-11
2.7273e-11,6.4427e-12,2.621e-11
3.3097e-11,7.2774e-12,3.172e-11
3.1541e-11,5.9271e-12,3.3239e-11
3.788e-11,9.929e-12,4.1649e-11
2.079e-11,2.1793e-11,1.8013e-11
9.1312e-12,9.5333e-12,6.7191e-12
1.0379e-11,1.1396e-11,7.5236e-12
2.0552e-11,2.3668e-11,1.7315e-11
1.4882e-11,2.2479e-11,1.8943e-11
2.371e-11,1.9841e-11,1.7778e-11
1.4197e-11,2.3958e-11,1.3689e-11
1.7064e-11,1.8614e-11,1.4119e-11
2.1311e-11,2.7736e-11,2.0605e-11
9.0299e-12,9.961e-12,7.5045e-12
1.1225e-11,1.2841e-11,9.0844e-12
1.6447e-11,2.366e-11,1.8212e-11
3.02e-11,3.6678e-11,2.5031e-11
1.0743e-11,1.1706e-11,8.6269e-12
2.7263e-11,3.2336e-11,2.2758e-11
9.0019e-12,8.352e-12,7.3192e-12
1.3703e-11,3.3172e-11,2.1782e-11
1.2599e-11,3.4195e-11,2.2233e-11
9.1604e-12,1.1048e-11,8.724e-12
1.152e-11,1.8123e-11,1.1496e-11
1.5798e-11,1.6771e-11,1.4667e-11
1.0393e-11,6.3534e-12,7.9707e-12
2.4902e-11,2.2826e-11,2.101e-11
1.0951e-11,9.4854e-12,9.4528e-12
1.7065e-11,1.6674e-11,1.6216e-11
1.1846e-11,6.44e-12,9.0147e-12
1.1089e-11,9.1115e-12,1.0483e-11
1.6721e-11,1.7698e-11,1.5107e-11
1.1138e-11,5.397e-12,8.6527e-12
2.2438e-11,1.2224e-11,1.2241e-11
2.4008e-11,1.311e-11,1.2821e-11
2.8068e-11,4.6644e-11,4.825e-11
3.1284e-11,2.814e-11,2.9395e-11
2.6681e-11,1.1355e-11,1.5505e-11
1.4887e-11,1.1489e-11,1.2881e-11
1.5243e-11,6.1844e-12,1.2452e-11
1.2591e-11,6.5279e-12,1.0397e-11
2.7347e-11,2.4156e-11,2.541e-11
2.2834e-11,2.1796e-11,2.2656e-11
3.0243e-11,1.085e-11,1.5764e-11
1.3321e-11,5.494e-12,1.0658e-11
4.2847e-11,3.3639e-11,3.594e-11
1.5237e-11,6.1354e-12,1.2729e-11
1.6271e-11,3.7188e-12,1.3807e-11
1.9033e-11,8.0674e-12,1.7709e-11
4.508e-11,1.0909e-11,2.9562e-11
1.7994e-11,2.3479e-12,1.7472e-11
2.6116e-11,1.061e-11,2.6974e-11
2.4811e-11,9.9803e-12,2.4828e-11
2.7544e-11,7.8096e-12,2.557e-11
3.1152e-11,6.5236e-12,2.9359e-11
3.3978e-11,7.4209e-12,3.1216e-11
3.1471e-11,6.4009e-12,3.3218e-11
3.5763e-11,4.8426e-12,3.7653e-11
8.4131e-12,8.4757e-12,7.2461e-12
2.9772e-11,1.5633e-11,1.6967e-11
3.1131e-11,1.6678e-11,1.1761e-11
2.0191e-11,1.6465e-11,1.1748e-11
1.4339e-11,1.7251e-11,1.2971e-11
9.4919e-12,1.0088e-11,7.6065e-12
6.7309e-12,6.5011e-12,5.8169e-12
7.6862e-12,7.2925e-12,8.2665e-12
7.6984e-12,9.4131e-12,7.8338e-12
1.1782e-11,1.2439e-11,7.8396e-12
1.0356e-11,8.6463e-12,6.5479e-12
2.2073e-11,2.4403e-11,1.6578e-11
2.0042e-11,2.1869e-11,1.638e-11
9.2031e-12,8.4387e-12,8.2811e-12
1.0441e-11,1.7633e-11,1.2326e-11
9.3608e-12,1.3419e-11,9.8475e-12
1.3706e-11,1.3767e-11,1.2939e-11
2.633e-11,5.5445e-11,4.751e-11
1.1121e-11,5.4128e-12,9.5355e-12
3.0157e-11,2.8377e-11,2.7194e-11
1.086e-11,7.7927e-12,8.8731e-12
1.2401e-11,6.0883e-12,9.8723e-12
2.1287e-11,1.1601e-11,1.3289e-11
1.2511e-11,8.5227e-12,9.8964e-12
1.1555e-11,5.6544e-12,8.9773e-12
1.1078e-11,5.6096e-12,9.2247e-12
1.797e-11,9.4256e-12,1.3354e-11
2.5592e-11,9.1805e-12,1.4981e-11
1.3471e-11,8.3275e-12,1.0623e-11
1.3549e-11,6.2354e-12,1.1258e-11
1.3103e-11,5.8374e-12,9.5673e-12
1.3726e-11,2.8364e-12,1.0875e-11
4.808e-11,4.0118e-11,4.348e-11
2.0979e-11,1.649e-11,2.1721e-11
1.8723e-11,6.6309e-12,1.5951e-11
4.3362e-11,1.492e-11,2.2533e-11
1.8411e-11,7.389e-12,1.7403e-11
1.4313e-11,3.8804e-12,1.3057e-11
2.259e-11,1.3812e-11,2.298e-11
3.2094e-11,2.3609e-11,3.112e-11
4.4864e-11,1.0448e-11,2.8482e-11
3.1136e-11,7.7076e-12,2.7734e-11
2.8537e-11,7.5716e-12,2.8534e-11
2.1625e-11,5.9972e-12,2.3437e-11
2.1608e-11,7.7584e-12,1.8377e-11
3.0221e-11,5.3479e-12,3.1973e-11
3.5118e-11,7.794e-12,3.3332e-11
3.7404e-11,9.4484e-12,4.2111e-11
2.7888e-11,1.3044e-11,1.7802e-11
9.3448e-12,6.7634e-12,9.0091e-12
1.0248e-11,1.0717e-11,7.4402e-12
7.7965e-12,7.075e-12,9.2494e-12
1.4169e-11,1.7657e-11,1.4087e-11
1.5626e-11,1.475e-11,1.0822e-11
1.5677e-11,2.1927e-11,2.3513e-11
6.9498e-12,6.1959e-12,5.6993e-12
6.5374e-12,6.5084e-12,6.3181e-12
1.1357e-11,1.1669e-11,8.9616e-12
2.4428e-11,1.9405e-11,1.4953e-11
2.0164e-11,2.7018e-11,1.9857e-11
1.954e-11,2.6284e-11,2.1334e-11
3.1495e-11,3.6817e-11,2.4308e-11
1.8085e-11,2.0966e-11,1.4771e-11
1.19e-11,1.284e-11,8.5469e-12
8.6598e-12,9.1416e-12,8.2675e-12
1.418e-11,3.1571e-11,1.8323e-11
1.3047e-11,1.4348e-11,1.0464e-11
1.2783e-11,3.1269e-11,2.0076e-11
3.47e-11,3.4881e-11,2.8484e-11
1.1907e-11,3.1882e-11,2.3803e-11
1.6468e-11,1.7685e-11,1.5322e-11
1.1206e-11,8.1933e-12,8.224e-12
1.1561e-11,1.1029e-11,1.2077e-11
1.216e-11,1.6769e-11,1.2956e-11
1.1395e-11,5.8129e-12,8.7037e-12
1.1137e-11,6.0362e-12,9.7088e-12
1.2983e-11,9.6504e-12,1.1398e-11
1.4225e-11,1.0314e-11,1.0738e-11
2.2985e-11,3.0855e-11,3.9874e-11
2.1369e-11,3.3345e-11,2.8651e-11
3.5436e-11,4.3046e-11,4.745e-11
2.0004e-11,1.7669e-11,1.9194e-11
2.4967e-11,1.7251e-11,1.7523e-11
2.1507e-11,1.8233e-11,1.5108e-11
1.2293e-11,5.053e-12,9.0223e-12
2.4112e-11,2.3449e-11,2.2245e-11
2.2319e-11,2.2707e-11,2.0672e-11
1.3402e-11,5.4541e-12,1.3349e-11
1.2387e-11,5.4186e-12,9.9653e-12
1.7063e-11,4.9945e-12,1.4031e-11
1.4075e-11,3.1963e-12,1.1624e-11
3.0027e-11,2.4263e-11,2.726e-11
3.2249e-11,2.6849e-11,3.022e-11
1.6354e-11,9.1713e-12,1.5546e-11
3.4543e-11,2.7069e-11,3.3333e-11
6.2553e-11,2.5375e-11,3.9057e-11
1.9191e-11,5.8241e-12,1.8836e-11
5.8752e-11,2.034e-11,3.7242e-11
2.4502e-11,7.7052e-12,2.4828e-11
1.9189e-11,6.5072e-12,2.0458e-11
2.6133e-11,6.5241e-12,2.4801e-11
2.7528e-11,6.0337e-12,2.6437e-11
2.5814e-11,9.3715e-12,2.6063e-11
2.8443e-11,1.0447e-11,2.6915e-11
2.9609e-11,5.2889e-12,3.0387e-11
6.1616e-12,6.4165e-12,5.9967e-12
1.075e-11,1.0258e-11,7.8124e-12
1.1797e-11,9.1063e-12,7.2319e-12
3.1072e-11,1.609e-11,1.154e-11
2.0249e-11,2.3019e-11,1.6063e-11
1.3564e-11,1.9695e-11,1.6494e-11
1.4114e-11,2.1626e-11,1.9821e-11
1.754e-11,1.6727e-11,1.6415e-11
1.7931e-11,1.9286e-11,1.2573e-11
2.4413e-11,2.8321e-11,1.94e-11
8.4374e-12,8.2553e-12,6.5291e-12
1.0186e-11,1.1471e-11,8.7093e-12
1.9863e-11,4.0191e-11,3.315e-11
1.2907e-11,7.894e-12,8.5121e-12
1.085e-11,1.0026e-11,1.0364e-11
1.239e-11,1.1858e-11,9.8391e-12
1.1922e-11,8.7519e-12,1.0241e-11
2.0887e-11,4.3367e-11,3.5826e-11
1.7923e-11,9.8997e-12,1.2924e-11
1.5844e-11,1.1065e-11,1.1218e-11
1.1315e-11,1.0294e-11,9.8654e-12
1.1436e-11,8.5405e-12,9.012e-12
1.1298e-11,5.62e-12,8.4471e-12
2.3673e-11,2.1356e-11,1.4602e-11
2.7961e-11,2.5461e-11,2.456e-11
1.1875e-11,1.1429e-11,1.1164e-11
1.1435e-11,4.0404e-12,8.2466e-12
3.1701e-11,4.132e-11,5.2593e-11
1.21e-11,7.4141e-12,9.6381e-12
1.4252e-11,6.9759e-12,1.1909e-11
1.3218e-11,6.305e-12,1.0898e-11
1.3252e-11,4.1898e-12,1.1295e-11
1.3159e-11,6.9537e-12,1.2009e-11
2.117e-11,1.8655e-11,2.0793e-11
1.3723e-11,5.365e-12,1.2158e-11
1.8539e-11,8.1202e-12,1.5176e-11
1.3054e-11,6.6771e-12,1.1564e-11
4.2099e-11,3.8258e-11,4.5746e-11
1.3434e-11,4.9344e-12,1.0795e-11
1.6818e-11,4.78e-12,1.3472e-11
1.3814e-11,6.0728e-12,1.1696e-11
2.7959e-11,9.1494e-12,2.0501e-11
1.7328e-11,9.4809e-12,1.7044e-11
2.2785e-11,1.3588e-11,2.2666e-11
1.9334e-11,5.9936e-12,1.7762e-11
2.2766e-11,1.434e-11,2.401e-11
2.1691e-11,5.0452e-12,2.0799e-11
2.2046e-11,8.8516e-12,2.1196e-11
4.3378e-11,1.0055e-11,3.4114e-11
2.1234e-11,5.8086e-12,1.9781e-11
3.8025e-11,1.7038e-11,3.9177e-11
3.5721e-11,1.5985e-11,3.7554e-11
2.5611e-11,3.6092e-12,2.5947e-11
2.6081e-11,6.6419e-12,2.6443e-11
3.1318e-11,6.966e-12,2.918e-11
3.2694e-11,8.6267e-12,3.2634e-11
1.682e-11,1.6865e-11,5.5301e-12
2.8316e-11,1.356e-11,1.6879e-11
7.659e-12,8.4745e-12,7.7447e-12
1.2161e-11,1.2751e-11,8.7438e-12
1.8829e-11,1.6265e-11,1.2349e-11
7.2052e-12,8.2167e-12,5.9693e-12
8.1095e-12,7.6896e-12,8.3435e-12
2.7601e-11,3.1869e-11,2.1533e-11
2.8909e-11,3.4132e-11,2.2668e-11
1.5208e-11,1.7923e-11,1.4976e-11
1.5425e-11,1.7154e-11,1.5436e-11
8.3812e-12,8.0928e-12,6.6602e-12
8.6327e-12,1.1758e-11,9.188e-12
1.2852e-11,1.4799e-11,9.2995e-12
1.3073e-11,1.4356e-11,9.8271e-12
1.1714e-11,1.1978e-11,1.1323e-11
1.2158e-11,1.2431e-11,1.2616e-11
3.1945e-11,3.1752e-11,2.7382e-11
2.0079e-11,3.8126e-11,3.0991e-11
1.1729e-11,1.1873e-11,1.1777e-11
1.6251e-11,3.0395e-11,2.957e-11
1.2326e-11,6.0701e-12,7.952e-12
1.4345e-11,3.2735e-11,2.5024e-11
1.2111e-11,6.0556e-12,7.9574e-12
1.3631e-11,1.1676e-11,1.1777e-11
1.185e-11,6.4588e-12,9.0407e-12
1.8523e-11,2.8097e-11,3.2704e-11
1.6643e-11,1.5263e-11,1.5398e-11
1.1493e-11,5.7244e-12,9.5454e-12
1.6955e-11,9.9794e-12,1.2984e-11
1.4218e-11,5.7697e-12,1.0868e-11
1.1579e-11,3.6638e-12,8.9701e-12
3.0042e-11,1.4083e-11,1.5352e-11
2.9324e-11,2.5194e-11,2.2188e-11
3.3023e-11,3.3646e-11,4.2809e-11
1.8805e-11,7.0717e-12,1.6479e-11
2.5434e-11,9.3578e-12,1.9886e-11
4.741e-11,2.6363e-11,3.5061e-11
2.392e-11,6.6377e-12,2.035e-11
5.9609e-11,2.2589e-11,3.7461e-11
1.6345e-11,6.1729e-12,1.4568e-11
2.8222e-11,1.8564e-11,2.6132e-11
2.5409e-11,1.583e-11,2.4017e-11
1.7518e-11,6.5104e-12,1.5335e-11
4.0856e-11,1.3165e-11,3.2847e-11
1.8841e-11,5.7034e-12,1.7726e-11
2.2352e-11,4.8039e-12,2.1205e-11
3.3677e-11,1.5086e-11,3.3863e-11
2.5654e-11,8.1921e-12,2.3037e-11
3.6557e-11,6.777e-12,3.9073e-11
2.3916e-11,2.3873e-11,1.4074e-11
8.5512e-12,8.0058e-12,7.1523e-12
1.8461e-11,1.9079e-11,1.2243e-11
1.9802e-11,1.4771e-11,1.1101e-11
2.0372e-11,1.5183e-11,1.1107e-11
7.881e-12,7.5447e-12,7.728e-12
2.7827e-11,3.0815e-11,1.9562e-11
1.6841e-11,1.7504e-11,1.0366e-11
9.9282e-12,1.2188e-11,8.6285e-12
9.9417e-12,1.1914e-11,7.771e-12
1.0585e-11,1.6142e-11,1.4984e-11
9.2112e-12,1.0836e-11,7.2875e-12
1.4413e-11,2.765e-11,2.0593e-11
1.0312e-11,1.1644e-11,7.7708e-12
1.3318e-11,1.379e-11,1.2056e-11
3.3651e-11,3.4373e-11,2.7859e-11
1.9358e-11,1.952e-11,1.6646e-11
2.3067e-11,3.7398e-11,3.1645e-11
1.1631e-11,8.6733e-12,9.8277e-12
1.7454e-11,2.6356e-11,3.0886e-11
1.185e-11,9.6309e-12,1.0969e-11
1.3357e-11,8.6711e-12,1.2695e-11
1.3481e-11,5.5107e-12,1.1399e-11
3.3644e-11,4.2402e-11,5.4902e-11
2.8473e-11,3.8302e-11,4.4785e-11
1.8409e-11,7.9828e-12,1.3857e-11
1.171e-11,4.1741e-12,9.8759e-12
1.3041e-11,6.8852e-12,1.1815e-11
3.3227e-11,1.8076e-11,2.5606e-11
1.6121e-11,8.1715e-12,1.3411e-11
1.5037e-11,5.3055e-12,1.3233e-11
1.4488e-11,5.4271e-12,1.29e-11
1.6619e-11,8.3643e-12,1.3528e-11
1.8424e-11,5.4439e-12,1.7382e-11
1.8801e-11,5.7143e-12,1.8567e-11
1.8562e-11,7.7213e-12,1.7084e-11
2.0753e-11,4.9123e-12,1.9038e-11
3.5882e-11,1.8946e-11,3.4088e-11
2.4285e-11,4.9686e-12,2.2988e-11
3.8181e-11,1.8863e-11,3.7302e-11
2.5541e-11,9.1029e-12,2.7034e-11
3.9343e-11,7.4464e-12,3.584e-11
3.8817e-11,1.2185e-11,3.8693e-11
1.5091e-11,1.9017e-11,1.988e-11
2.3267e-11,2.3415e-11,1.4343e-11
1.0321e-11,1.0929e-11,7.8008e-12
1.6123e-11,1.5039e-11,1.0742e-11
2.5014e-11,2.5966e-11,1.6992e-11
1.5374e-11,1.6982e-11,1.1554e-11
2.729e-11,3.017e-11,1.8801e-11
9.1487e-12,1.0335e-11,6.8602e-12
2.7929e-11,3.2494e-11,2.0755e-11
8.1601e-12,9.2423e-12,6.6489e-12
2.4583e-11,3.0514e-11,3.4153e-11
2.6956e-11,2.9937e-11,1.8625e-11
8.8245e-12,1.106e-11,9.5872e-12
1.544e-11,2.6857e-11,1.8378e-11
8.9915e-12,1.0483e-11,7.2951e-12
1.0399e-11,1.1416e-11,8.8779e-12
8.7872e-12,8.3844e-12,7.2157e-12
1.4474e-11,2.6657e-11,2.1294e-11
8.8829e-12,8.7342e-12,7.4186e-12
1.93e-11,2.0718e-11,1.6008e-11
1.813e-11,1.8094e-11,1.4752e-11
1.3025e-11,1.6524e-11,1.0947e-11
2.1748e-11,3.4689e-11,2.6144e-11
1.1317e-11,7.3693e-12,1.1516e-11
1.4985e-11,2.8155e-11,2.5446e-11
2.3439e-11,4.1132e-11,4.5292e-11
1.93e-11,1.9975e-11,1.6713e-11
1.4307e-11,3.1978e-11,2.1164e-11
1.2053e-11,6.663e-12,1.0235e-11
2.5519e-11,4.3413e-11,5.0691e-11
2.4968e-11,4.003e-11,4.6765e-11
3.1682e-11,2.7632e-11,2.4164e-11
2.0395e-11,1.2808e-11,1.2655e-11
1.9798e-11,2.5773e-11,3.4064e-11
2.2438e-11,1.3354e-11,1.2129e-11
1.3036e-11,7.7222e-12,9.0502e-12
1.203e-11,6.7929e-12,8.5614e-12
2.7065e-11,2.2132e-11,2.6355e-11
1.3432e-11,7.1535e-12,8.9486e-12
1.2694e-11,6.8304e-12,9.8545e-12
1.3824e-11,5.8749e-12,1.2183e-11
3.7812e-11,2.6181e-11,3.2884e-11
1.3698e-11,6.6751e-12,1.1372e-11
4.4993e-11,3.4629e-11,5.182e-11
2.11e-11,7.551e-12,1.8238e-11
3.9354e-11,1.3847e-11,2.4583e-11
1.5543e-11,5.5074e-12,1.3051e-11
5.1166e-11,1.7718e-11,3.4109e-11
2.0417e-11,5.9064e-12,2.0046e-11
2.9256e-11,1.6655e-11,2.7689e-11
6.0884e-11,1.9222e-11,4.0777e-11
1.848e-11,6.0035e-12,1.8556e-11
3.955e-11,9.9619e-12,3.5087e-11
2.1133e-11,7.4631e-12,2.0289e-11
2.4178e-11,8.0585e-12,2.3639e-11
2.5762e-11,8.1631e-12,2.7219e-11
3.2817e-11,1.3924e-11,3.1795e-11
3.6366e-11,1.2512e-11,3.499e-11
3.5868e-11,8.6636e-12,3.3736e-11
3.7011e-11,8.6485e-12,3.413e-11
7.4497e-12,1.0427e-11,8.7546e-12
1.1671e-11,1.2206e-11,9.3327e-12
7.6307e-12,7.2595e-12,5.8823e-12
1.3727e-11,1.3842e-11,1.206e-11
1.007e-11,8.5382e-12,1.0093e-11
8.4324e-12,8.5455e-12,5.7998e-12
7.333e-12,9.2637e-12,6.3732e-12
8.462e-12,7.3057e-12,7.9496e-12
1.1869e-11,1.1649e-11,7.6068e-12
1.7211e-11,1.9384e-11,1.2551e-11
2.9025e-11,3.3706e-11,2.1721e-11
1.6012e-11,1.7245e-11,9.3868e-12
1.4568e-11,1.5729e-11,1.6641e-11
9.3828e-12,1.0573e-11,8.6237e-12
8.7189e-12,1.0173e-11,7.8365e-12
1.5531e-11,2.555e-11,2.1131e-11
1.6944e-11,1.8836e-11,1.2006e-11
1.3288e-11,2.2441e-11,2.2432e-11
1.141e-11,1.6036e-11,1.1118e-11
1.1012e-11,9.7846e-12,9.4111e-12
1.172e-11,1.7909e-11,1.3337e-11
1.1424e-11,8.0858e-12,1.328e-11
1.139e-11,9.7425e-12,9.6648e-12
9.8832e-12,6.1903e-12,9.5976e-12
1.068e-11,7.6704e-12,1.1716e-11
1.1799e-11,1.0418e-11,8.698e-12
1.2582e-11,1.1378e-11,9.0799e-12
1.2649e-11,1.0884e-11,1.0746e-11
2.9871e-11,3.9116e-11,4.5209e-11
1.2143e-11,9.8752e-12,1.0373e-11
2.2636e-11,1.9953e-11,1.8352e-11
1.3262e-11,8.147e-12,1.0815e-11
1.2446e-11,8.4852e-12,9.5104e-12
1.2926e-11,4.35e-12,1.0364e-11
1.3417e-11,8.5483e-12,1.1659e-11
1.4091e-11,7.7768e-12,9.6243e-12
2.0188e-11,1.6882e-11,1.7048e-11
1.4795e-11,7.1122e-12,1.2099e-11
1.3495e-11,6.494e-12,1.1386e-11
1.6566e-11,6.187e-12,1.5548e-11
1.5559e-11,6.1406e-12,1.3269e-11
4.7248e-11,2.2783e-11,3.4543e-11
1.4778e-11,3.3252e-12,1.4908e-11
1.5115e-11,3.2145e-12,1.4636e-11
4.1035e-11,1.2474e-11,3.3287e-11
2.9027e-11,8.6822e-12,2.8228e-11
2.9882e-11,7.6927e-12,2.7896e-11
3.105e-11,7.8878e-12,2.9686e-11
1.82e-11,5.579e-12,1.9459e-11
1.9911e-11,5.5465e-12,1.9619e-11
2.1263e-11,5.1425e-12,2.0643e-11
3.2711e-11,9.7494e-12,3.1241e-11
2.6684e-11,6.4095e-12,2.424e-11
2.9283e-11,1.2459e-11,2.751e-11
2.5688e-11,9.9679e-12,2.5413e-11
3.7301e-11,1.1891e-11,3.7044e-11
3.4346e-11,4.7563e-12,3.4905e-11
4.0376e-11,1.3285e-11,3.861e-11
3.5772e-11,7.5511e-12,3.6708e-11
2.0963e-11,1.2366e-11,1.5275e-11
1.5193e-11,2.0663e-11,2.2248e-11
1.1717e-11,1.2512e-11,8.0909e-12
1.1106e-11,1.0235e-11,8.7078e-12
1.8568e-11,1.9622e-11,1.11e-11
2.4893e-11,1.6696e-11,1.728e-11
2.6327e-11,3.0374e-11,4.189e-11
8.2507e-12,9.0631e-12,8.8682e-12
1.2843e-11,1.3652e-11,7.7689e-12
2.5597e-11,3.1811e-11,4.328e-11
1.4693e-11,1.575e-11,1.5506e-11
1.8507e-11,2.9602e-11,3.0051e-11
8.7516e-12,9.9666e-12,6.2086e-12
9.2501e-12,9.2064e-12,7.9451e-12
1.0909e-11,2.708e-11,1.7123e-11
1.1336e-11,2.51e-11,2.1682e-11
1.0517e-11,1.0452e-11,8.6487e-12
9.9702e-12,9.8858e-12,9.0556e-12
9.3887e-12,1.6473e-11,1.273e-11
1.5306e-11,1.3136e-11,1.1932e-11
1.7356e-11,1.747e-11,1.4342e-11
1.2271e-11,8.2575e-12,8.0899e-12
1.0277e-11,5.8953e-12,9.0901e-12
1.358e-11,6.1073e-12,9.5523e-12
1.6775e-11,1.625e-11,1.4598e-11
1.3735e-11,8.2339e-12,1.067e-11
1.3702e-11,8.0922e-12,9.71e-12
2.0445e-11,2.3701e-11,3.5346e-11
1.3312e-11,5.5648e-12,1.1327e-11
2.481e-11,1.9986e-11,2.4379e-11
1.248e-11,6.0138e-12,1.0519e-11
1.3736e-11,9.6741e-12,1.1688e-11
1.2745e-11,3.3212e-12,1.0083e-11
1.58e-11,1.1528e-11,1.3174e-11
1.4118e-11,1.0114e-11,1.1842e-11
1.3674e-11,5.1925e-12,1.1348e-11
1.5137e-11,1.0594e-11,1.3764e-11
3.1979e-11,2.7121e-11,2.7102e-11
1.8108e-11,1.3855e-11,1.7708e-11
3.4138e-11,2.4602e-11,3.0493e-11
3.1726e-11,8.7965e-12,3.05e-11
2.9056e-11,5.6383e-12,2.7379e-11
3.398e-11,7.2694e-12,3.5143e-11
4.1313e-11,7.9159e-12,3.6144e-11
3.6724e-11,4.7276e-12,3.7597e-11
9.7547e-12,1.0047e-11,5.4883e-12
2.2856e-11,1.3339e-11,1.8338e-11
1.358e-11,1.2893e-11,9.3971e-12
2.3398e-11,1.6172e-11,2.0633e-11
7.3258e-12,7.379e-12,6.2982e-12
2.1003e-11,1.3526e-11,1.8114e-11
2.4226e-11,1.6599e-11,2.0615e-11
2.2938e-11,2.5493e-11,1.6028e-11
1.1252e-11,1.7623e-11,1.5326e-11
1.5576e-11,1.6192e-11,1.2808e-11
8.8571e-12,1.1563e-11,1.0174e-11
1.9549e-11,2.1879e-11,1.4502e-11
1.6723e-11,2.7563e-11,2.6819e-11
1.0585e-11,1.7536e-11,1.777e-11
1.5973e-11,2.7596e-11,2.6295e-11
1.2734e-11,1.3013e-11,8.6487e-12
1.1587e-11,1.1283e-11,8.7512e-12
1.7938e-11,3.0723e-11,2.9856e-11
2.104e-11,2.3028e-11,1.7142e-11
9.2862e-12,8.9706e-12,7.8593e-12
1.2282e-11,9.7471e-12,1.3725e-11
1.0576e-11,1.2295e-11,1.2627e-11
1.1205e-11,1.5548e-11,1.0908e-11
3.0358e-11,2.8219e-11,2.4005e-11
1.0533e-11,1.0683e-11,9.3536e-12
1.4458e-11,2.7744e-11,2.0711e-11
1.3163e-11,4.2531e-12,8.5393e-12
1.4167e-11,1.6231e-11,1.6619e-11
1.2686e-11,7.2719e-12,1.2743e-11
1.6114e-11,1.0139e-11,1.0942e-11
1.4728e-11,7.083e-12,1.1446e-11
1.2587e-11,9.1965e-12,1.0751e-11
2.3579e-11,2.1948e-11,2.0452e-11
1.6846e-11,8.7912e-12,1.3188e-11
1.2424e-11,8.6144e-12,1.0607e-11
2.575e-11,1.5527e-11,2.4036e-11
1.4321e-11,5.0951e-12,1.1725e-11
1.3021e-11,4.3564e-12,1.1143e-11
1.6225e-11,6.5944e-12,1.5054e-11
4.5118e-11,3.2483e-11,5.2912e-11
2.217e-11,8.4756e-12,1.7535e-11
1.6535e-11,1.2245e-11,1.6451e-11
3.1405e-11,1.0179e-11,2.1543e-11
4.526e-11,1.9294e-11,3.566e-11
2.0787e-11,1.3837e-11,1.8798e-11
3.522e-11,1.0791e-11,2.7769e-11
1.7886e-11,5.8577e-12,1.6498e-11
5.4419e-11,2.124e-11,4.1763e-11
3.4237e-11,8.9514e-12,3.1973e-11
3.9667e-11,2.3715e-11,3.561e-11
2.782e-11,1.0055e-11,2.6599e-11
2.6392e-11,5.4255e-12,2.4758e-11
3.4808e-11,9.7787e-12,3.2233e-11
3.3289e-11,1.2547e-11,3.1402e-11
1.5099e-11,1.7081e-11,9.6278e-12
1.1795e-11,1.2159e-11,1.1085e-11
2.0321e-11,2.4241e-11,2.8158e-11
7.5415e-12,7.3505e-12,6.8762e-12
2.0258e-11,2.2369e-11,1.3771e-11
7.959e-12,7.5743e-12,5.5087e-12
8.7769e-12,6.7345e-12,6.2143e-12
9.7416e-12,1.498e-11,1.3065e-11
1.3872e-11,1.4988e-11,8.2154e-12
8.87e-12,8.4382e-12,6.5235e-12
3.4363e-11,3.4421e-11,2.5309e-11
1.4346e-11,2.5965e-11,2.4049e-11
8.5852e-12,1.7391e-11,2.1304e-11
1.326e-11,2.0642e-11,2.0061e-11
1.6276e-11,1.7977e-11,1.2031e-11
1.0735e-11,1.0044e-11,1.0105e-11
3.1358e-11,3.1508e-11,2.4744e-11
1.9228e-11,3.2547e-11,3.3968e-11
1.6268e-11,8.1338e-12,1.338e-11
1.1398e-11,6.8803e-12,1.0632e-11
1.2048e-11,6.4073e-12,1.1803e-11
1.0142e-11,5.2928e-12,8.3165e-12
1.1211e-11,6.3485e-12,9.7029e-12
1.1055e-11,6.8199e-12,8.5157e-12
1.4597e-11,1.2965e-11,1.1486e-11
2.3847e-11,2.2006e-11,2.1859e-11
1.5773e-11,1.0276e-11,1.1594e-11
2.5713e-11,2.4447e-11,2.7255e-11
1.492e-11,1.2689e-11,1.2601e-11
2.498e-11,1.9319e-11,1.5545e-11
1.632e-11,8.8744e-12,1.4498e-11
1.5559e-11,8.2308e-12,1.3283e-11
1.2964e-11,5.2807e-12,1.1085e-11
1.2803e-11,7.0525e-12,1.0742e-11
1.4298e-11,7.501e-12,1.1247e-11
1.4091e-11,8.5386e-12,1.1115e-11
1.4251e-11,1.3975e-11,1.3147e-11
2.0448e-11,1.5102e-11,1.7392e-11
1.5072e-11,1.052e-11,1.3734e-11
1.5798e-11,9.3489e-12,1.2403e-11
1.7856e-11,8.8533e-12,1.9449e-11
1.9698e-11,1.2924e-11,1.7649e-11
2.5446e-11,8.6413e-12,2.1748e-11
4.8126e-11,1.4275e-11,3.7768e-11
3.1643e-11,1.0409e-11,3.0529e-11
2.4514e-11,4.95e-12,2.5373e-11
3.6289e-11,1.2099e-11,3.5974e-11
3.6308e-11,1.2332e-11,3.6262e-11
3.3343e-11,7.5873e-12,3.3489e-11
3.0961e-11,8.4519e-12,3.0419e-11
3.4518e-11,6.8949e-12,3.565e-11
3.723e-11,9.1413e-12,3.744e-11
2.2839e-11,1.6533e-11,2.0932e-11
7.2813e-12,9.4777e-12,5.7828e-12
1.4927e-11,1.5112e-11,8.151e-12
8.1231e-12,6.9314e-12,9.2688e-12
1.8421e-11,1.4444e-11,1.4764e-11
1.8757e-11,2.1954e-11,2.5621e-11
1.155e-11,1.9724e-11,1.9981e-11
1.5535e-11,1.6692e-11,9.7272e-12
2.3333e-11,3.1392e-11,3.8534e-11
1.3687e-11,1.4759e-11,7.6409e-12
1.5585e-11,1.5726e-11,1.2198e-11
1.5281e-11,1.5361e-11,1.24e-11
2.2459e-11,3.2699e-11,4.1015e-11
2.1538e-11,3.4896e-11,4.6292e-11
9.8595e-12,1.6307e-11,1.6752e-11
1.1485e-11,2.0771e-11,2.0912e-11
1.9297e-11,3.0792e-11,3.1608e-11
1.814e-11,3.0129e-11,3.0015e-11
1.5681e-11,1.7933e-11,1.0791e-11
1.2491e-11,2.1917e-11,1.684e-11
1.1959e-11,1.1963e-11,1.0153e-11
1.8813e-11,3.1307e-11,3.3147e-11
9.5141e-12,1.626e-11,1.4376e-11
1.322e-11,6.6166e-12,1.0411e-11
1.2966e-11,5.7729e-12,1.1655e-11
1.775e-11,2.7654e-11,3.5714e-11
1.0639e-11,9.1777e-12,8.6483e-12
1.7101e-11,2.1562e-11,2.1227e-11
2.9417e-11,2.7202e-11,2.2475e-11
1.2873e-11,1.1039e-11,9.7733e-12
1.2636e-11,8.457e-12,1.0075e-11
3.2037e-11,2.3872e-11,3.8629e-11
2.5576e-11,1.166e-11,1.7211e-11
1.3201e-11,4.7354e-12,1.0104e-11
1.4623e-11,5.1981e-12,1.2617e-11
4.4611e-11,2.6637e-11,4.4746e-11
3.6452e-11,1.5606e-11,2.573e-11
2.6563e-11,2.0601e-11,2.2659e-11
1.5351e-11,7.0872e-12,1.3382e-11
2.6322e-11,1.666e-11,2.1468e-11
3.2897e-11,1.0504e-11,2.7491e-11
3.578e-11,1.2962e-11,3.0015e-11
1.7199e-11,5.3777e-12,1.5908e-11
1.7899e-11,4.2689e-12,1.6301e-11
4.4371e-11,2.5967e-11,3.7235e-11
2.2451e-11,6.5025e-12,2.3449e-11
2.4552e-11,1.018e-11,2.343e-11
2.1565e-11,6.1599e-12,2.0722e-11
3.6861e-11,1.5262e-11,3.2567e-11
3.961e-11,1.372e-11,4.0422e-11
1.5901e-11,1.5825e-11,8.7947e-12
7.0569e-12,5.9885e-12,4.1424e-12
8.2708e-12,8.0518e-12,5.5531e-12
1.6422e-11,1.3054e-11,1.6331e-11
1.8974e-11,2.1176e-11,1.1611e-11
7.4822e-12,6.8017e-12,5.2512e-12
1.932e-11,2.8816e-11,3.2521e-11
9.7207e-12,1.4793e-11,1.282e-11
9.4541e-12,1.0271e-11,6.723e-12
1.7581e-11,2.7029e-11,2.9427e-11
2.9712e-11,3.1657e-11,1.9565e-11
1.1362e-11,1.1992e-11,8.0209e-12
1.1455e-11,1.1323e-11,8.1867e-12
3.8623e-11,3.5941e-11,2.6211e-11
1.0961e-11,1.8705e-11,1.9199e-11
1.2573e-11,1.29e-11,8.6426e-12
1.4164e-11,1.4141e-11,1.072e-11
9.9415e-12,2.0349e-11,1.9125e-11
1.7458e-11,2.6721e-11,2.755e-11
1.0005e-11,9.1612e-12,7.873e-12
1.1252e-11,8.8591e-12,1.236e-11
1.7945e-11,1.7553e-11,1.4038e-11
3.1879e-11,3.0249e-11,2.5944e-11
1.3382e-11,7.206e-12,1.2288e-11
1.2511e-11,5.3755e-12,1.0927e-11
1.2545e-11,7.433e-12,1.0837e-11
1.2279e-11,1.6485e-11,1.2745e-11
1.4004e-11,1.0268e-11,8.8249e-12
1.1065e-11,6.655e-12,9.0697e-12
1.1492e-11,6.91e-12,9.3388e-12
1.2019e-11,7.4324e-12,1.0228e-11
1.8019e-11,1.2372e-11,1.2502e-11
2.3261e-11,2.2303e-11,2.6217e-11
1.2852e-11,1.1325e-11,1.1785e-11
1.2795e-11,1.1014e-11,1.0226e-11
1.9962e-11,1.0827e-11,1.522e-11
1.2963e-11,7.6951e-12,1.1029e-11
1.2966e-11,5.385e-12,9.636e-12
1.4504e-11,6.1856e-12,1.1422e-11
3.8642e-11,3.3196e-11,4.8209e-11
1.2795e-11,4.3303e-12,1.039e-11
3.9795e-11,2.0939e-11,3.7483e-11
3.4264e-11,1.3931e-11,2.828e-11
3.7077e-11,2.7362e-11,3.0565e-11
1.8754e-11,5.3129e-12,1.6266e-11
5.1681e-11,1.9572e-11,4.1463e-11
2.1129e-11,5.0526e-12,1.8093e-11
4.0939e-11,1.1515e-11,3.8385e-11
2.6268e-11,6.0568e-12,2.3517e-11
2.6348e-11,7.0065e-12,2.3574e-11
4.2586e-11,1.8642e-11,3.8586e-11
3.1358e-11,8.7898e-12,2.7116e-11
3.6494e-11,7.3071e-12,3.2502e-11
3.3513e-11,1.0745e-11,3.7256e-11
4.0297e-11,8.2876e-12,3.5568e-11
3.66e-11,9.1956e-12,3.8072e-11
4.2967e-11,8.5332e-12,3.8591e-11
7.1258e-12,6.0939e-12,6.5267e-12
9.5175e-12,1.2384e-11,1.141e-11
1.7862e-11,1.3546e-11,1.4397e-11
2.382e-11,2.6265e-11,1.3802e-11
2.7774e-11,3.0131e-11,1.6973e-11
1.3125e-11,1.4852e-11,8.6785e-12
9.4423e-12,1.0651e-11,6.6669e-12
9.9639e-12,1.5194e-11,1.5424e-11
2.4863e-11,2.6431e-11,1.5046e-11
3.5296e-11,3.6888e-11,2.3806e-11
1.3389e-11,1.436e-11,7.7223e-12
1.0221e-11,1.0656e-11,6.9236e-12
1.1356e-11,1.0748e-11,8.4728e-12
1.2367e-11,1.9105e-11,1.657e-11
1.0794e-11,1.8903e-11,1.7835e-11
1.5791e-11,1.6963e-11,1.1855e-11
1.6004e-11,2.3892e-11,2.8778e-11
1.2087e-11,1.6679e-11,2.5251e-11
1.8742e-11,2.8341e-11,2.9482e-11
1.5201e-11,1.3336e-11,1.074e-11
9.9599e-12,1.491e-11,1.5904e-11
1.1193e-11,6.3978e-12,9.8904e-12
1.1264e-11,9.1247e-12,7.5665e-12
1.2086e-11,1.1451e-11,9.0712e-12
1.2118e-11,7.6237e-12,1.0638e-11
1.4203e-11,1.0956e-11,9.0522e-12
1.3141e-11,7.8675e-12,7.8324e-12
2.2509e-11,2.2199e-11,1.7249e-11
1.3272e-11,1.1813e-11,9.3614e-12
1.6163e-11,9.6057e-12,1.1267e-11
1.4583e-11,7.8413e-12,1.4278e-11
1.19e-11,4.7853e-12,9.0603e-12
1.5585e-11,8.2534e-12,1.6382e-11
1.3643e-11,5.6911e-12,9.9037e-12
3.2045e-11,1.8201e-11,2.8532e-11
1.299e-11,4.0888e-12,1.048e-11
3.0009e-11,1.3966e-11,2.5198e-11
3.5255e-11,1.9189e-11,2.9993e-11
3.6034e-11,3.1258e-11,2.7807e-11
1.4522e-11,6.1135e-12,1.0758e-11
3.2927e-11,1.5297e-11,2.6034e-11
1.5783e-11,1.1222e-11,1.2567e-11
2.3604e-11,8.7062e-12,2.1353e-11
1.7181e-11,8.7728e-12,1.5447e-11
1.8797e-11,8.4459e-12,2.2619e-11
4.0199e-11,1.3415e-11,3.7865e-11
2.8651e-11,9.8447e-12,2.6402e-11
1.2354e-11,1.2526e-11,1.0321e-11
7.9679e-12,9.4009e-12,6.5442e-12
1.0001e-11,8.3335e-12,8.505e-12
1.0528e-11,8.9403e-12,7.3556e-12
7.4384e-12,5.6322e-12,3.6739e-12
8.76e-12,7.973e-12,6.1444e-12
1.1566e-11,1.2972e-11,9.9804e-12
2.0209e-11,2.3344e-11,1.2248e-11
1.9549e-11,1.341e-11,1.6089e-11
2.1343e-11,2.4267e-11,1.3682e-11
1.3619e-11,1.4818e-11,7.0716e-12
7.3415e-12,6.4361e-12,5.7166e-12
1.0388e-11,1.3467e-11,1.17e-11
2.0447e-11,3.6296e-11,4.1965e-11
1.1527e-11,2.4652e-11,2.3396e-11
7.6696e-12,6.7918e-12,5.3038e-12
1.0214e-11,1.2612e-11,1.0718e-11
9.1594e-12,1.187e-11,1.3637e-11
2.7831e-11,2.9782e-11,1.6444e-11
1.0002e-11,1.5828e-11,2.0685e-11
1.5666e-11,2.7595e-11,2.6708e-11
1.4212e-11,1.3771e-11,1.0395e-11
2.0504e-11,2.2102e-11,1.7293e-11
1.4992e-11,1.3564e-11,1.0438e-11
1.6465e-11,2.4475e-11,3.222e-11
2.4302e-11,2.2199e-11,1.7184e-11
1.4091e-11,1.4223e-11,1.3816e-11
1.7145e-11,1.641e-11,2.5736e-11
1.242e-11,9.2954e-12,7.9442e-12
2.0483e-11,2.9643e-11,3.9453e-11
1.1541e-11,8.5202e-12,1.1668e-11
1.4739e-11,1.8672e-11,2.095e-11
2.282e-11,2.5021e-11,3.6126e-11
1.5144e-11,9.666e-12,1.3695e-11
1.177e-11,7.7202e-12,9.7425e-12
1.2797e-11,1.1246e-11,1.0351e-11
1.6586e-11,1.1335e-11,1.4372e-11
2.5764e-11,2.422e-11,2.1867e-11
1.343e-11,6.8702e-12,8.0748e-12
2.1017e-11,1.495e-11,2.8542e-11
1.2272e-11,5.4705e-12,9.5476e-12
3.0358e-11,2.7734e-11,2.3434e-11
3.4065e-11,1.8327e-11,3.403e-11
4.2942e-11,2.9823e-11,4.8723e-11
4.3773e-11,2.4555e-11,4.3306e-11
3.6938e-11,1.9364e-11,3.1349e-11
1.4412e-11,6.3335e-12,1.3433e-11
1.6092e-11,9.1402e-12,1.4611e-11
1.8237e-11,4.6678e-12,1.573e-11
1.8928e-11,6.0682e-12,1.7698e-11
3.1775e-11,1.8168e-11,2.5905e-11
3.4184e-11,9.9341e-12,3.3315e-11
2.369e-11,5.8921e-12,2.1678e-11
3.8404e-11,1.1005e-11,3.713e-11
2.4352e-11,1.1342e-11,2.499e-11
3.2765e-11,6.6564e-12,2.9244e-11
2.9988e-11,9.7078e-12,2.7742e-11
3.0055e-11,9.8863e-12,2.8264e-11
3.4528e-11,9.7097e-12,3.7722e-11
4.0555e-11,1.3251e-11,4.0666e-11
4.0163e-11,9.3143e-12,3.974e-11
1.7166e-11,1.056e-11,1.3861e-11
1.0306e-11,1.2353e-11,1.0761e-11
7.5821e-12,8.9051e-12,9.4489e-12
1.7526e-11,1.9596e-11,1.0268e-11
1.9676e-11,2.1745e-11,1.1123e-11
1.0099e-11,1.0803e-11,7.367e-12
9.9171e-12,1.4262e-11,1.7904e-11
1.4633e-11,2.5243e-11,2.6296e-11
1.372e-11,2.82e-11,2.5867e-11
3.3325e-11,3.4198e-11,2.3361e-11
1.7721e-11,1.8045e-11,1.331e-11
1.1221e-11,1.0808e-11,8.3711e-12
1.0023e-11,9.8729e-12,1.0375e-11
1.1174e-11,1.4323e-11,1.1671e-11
9.7181e-12,9.9796e-12,1.135e-11
1.0567e-11,1.1506e-11,1.1886e-11
1.1021e-11,6.1063e-12,9.3871e-12
1.8523e-11,1.0194e-11,1.592e-11
1.59e-11,1.3827e-11,1.276e-11
1.2228e-11,7.8481e-12,1.0892e-11
1.3105e-11,7.963e-12,7.5777e-12
1.1985e-11,4.8663e-12,9.2328e-12
1.258e-11,1.0845e-11,9.488e-12
1.3006e-11,6.5074e-12,7.3565e-12
1.5149e-11,8.4039e-12,1.1129e-11
2.174e-11,2.2501e-11,3.2604e-11
1.9032e-11,1.6831e-11,1.594e-11
2.0726e-11,8.8845e-12,1.6069e-11
1.3814e-11,6.2327e-12,9.6687e-12
2.7635e-11,2.3499e-11,2.2941e-11
1.5849e-11,6.874e-12,1.2177e-11
1.8207e-11,1.3185e-11,1.475e-11
1.7084e-11,1.0793e-11,1.3309e-11
1.5783e-11,8.2601e-12,1.4313e-11
1.6312e-11,8.3457e-12,1.376e-11
1.5655e-11,5.6899e-12,1.4441e-11
1.8662e-11,4.9953e-12,1.5006e-11
4.4998e-11,1.7226e-11,4.0837e-11
1.7619e-11,1.2276e-11,1.6698e-11
1.8313e-11,7.8293e-12,2.1822e-11
3.7612e-11,1.286e-11,3.6038e-11
3.607e-11,1.1153e-11,3.3632e-11
3.1222e-11,1.3794e-11,2.6858e-11
3.2637e-11,7.9886e-12,2.7073e-11
3.9751e-11,1.6406e-11,3.6365e-11
2.9945e-11,9.7491e-12,2.937e-11
3.9481e-11,8.1533e-12,3.4713e-11
3.9686e-11,9.5073e-12,3.4565e-11
3.8888e-11,9.133e-12,3.8312e-11
6.9121e-12,9.4092e-12,1.3629e-11
1.7402e-11,1.3697e-11,1.1704e-11
1.746e-11,1.5932e-11,1.8709e-11
1.8691e-11,2.1916e-11,1.0151e-11
7.933e-12,7.2764e-12,9.1504e-12
1.0335e-11,1.2979e-11,1.1233e-11
2.4889e-11,2.767e-11,1.3495e-11
1.1163e-11,1.4176e-11,1.7983e-11
2.4384e-11,2.7622e-11,1.536e-11
8.3304e-12,6.6203e-12,5.7834e-12
7.9168e-12,1.4117e-11,1.5351e-11
1.1035e-11,1.9855e-11,2.0273e-11
1.1279e-11,1.0777e-11,8.5938e-12
1.1005e-11,1.1747e-11,1.2159e-11
1.15e-11,8.5726e-12,7.6679e-12
1.6163e-11,1.4022e-11,1.2893e-11
1.1736e-11,9.0216e-12,7.3468e-12
2.4016e-11,2.2781e-11,1.8893e-11
1.2075e-11,5.5111e-12,1.0135e-11
1.5475e-11,1.261e-11,2.1409e-11
1.4663e-11,1.4273e-11,1.7816e-11
1.7925e-11,1.5561e-11,1.9356e-11
1.6727e-11,1.429e-11,1.9339e-11
3.1938e-11,3.0042e-11,2.2792e-11
2.7886e-11,2.5065e-11,2.1851e-11
1.8102e-11,8.4972e-12,1.5944e-11
1.509e-11,7.4171e-12,1.2216e-11
1.7424e-11,6.9618e-12,1.682e-11
1.6016e-11,1.2726e-11,1.4357e-11
1.7096e-11,6.0345e-12,1.5325e-11
1.9257e-11,8.968e-12,1.7299e-11
4.7331e-11,2.2804e-11,3.6658e-11
3.0153e-11,7.074e-12,2.4867e-11
3.5743e-11,8.9772e-12,3.4941e-11
3.8522e-11,6.9829e-12,4.0372e-11
9.8699e-12,8.0288e-12,7.4607e-12
9.519e-12,9.2739e-12,1.0442e-11
8.1988e-12,5.7536e-12,6.2394e-12
6.5257e-12,5.7651e-12,4.9791e-12
9.1624e-12,7.5299e-12,7.0686e-12
7.5108e-12,5.7489e-12,5.4126e-12
7.9485e-12,5.7759e-12,7.7539e-12
1.9678e-11,4.068e-11,4.5406e-11
1.5464e-11,1.687e-11,8.9154e-12
7.7867e-12,1.1718e-11,1.1554e-11
2.0567e-11,2.3098e-11,1.1398e-11
1.8572e-11,2.1594e-11,1.2394e-11
1.6666e-11,1.8718e-11,1.1004e-11
1.7086e-11,2.0757e-11,2.2193e-11
1.0988e-11,8.1411e-12,7.6459e-12
1.1076e-11,7.4951e-12,6.6963e-12
1.1497e-11,8.9017e-12,8.07e-12
1.5307e-11,2.1376e-11,2.9234e-11
1.3781e-11,1.1481e-11,1.1549e-11
1.5635e-11,1.4015e-11,1.1697e-11
2.2192e-11,3.1254e-11,3.843e-11
3.1826e-11,3.2467e-11,4.3364e-11
3.6e-11,3.5188e-11,4.8142e-11
1.6191e-11,7.6723e-12,1.6236e-11
1.4959e-11,8.221e-12,1.4324e-11
1.5181e-11,8.019e-12,1.4501e-11
2.7364e-11,1.6069e-11,2.7131e-11
3.9001e-11,2.6229e-11,4.4304e-11
1.8194e-11,7.1495e-12,1.6265e-11
2.2796e-11,1.4354e-11,1.9577e-11
1.9557e-11,6.9062e-12,1.4304e-11
1.9504e-11,5.3377e-12,1.6501e-11
4.2794e-11,1.5189e-11,3.8457e-11
2.7438e-11,1.2273e-11,2.1525e-11
3.6898e-11,1.2194e-11,3.6824e-11
4.5409e-11,2.908e-11,3.7154e-11
3.3513e-11,1.0709e-11,3.1404e-11
2.8098e-11,1.0033e-11,2.5994e-11
3.5512e-11,1.0745e-11,3.4231e-11
3.0447e-11,1.0688e-11,3.0744e-11
3.4665e-11,9.2736e-12,3.5598e-11
1.0249e-11,8.8048e-12,5.5801e-12
1.0032e-11,1.1958e-11,5.9259e-12
1.2399e-11,1.3789e-11,6.5186e-12
9.5308e-12,6.9422e-12,1.072e-11
9.614e-12,1.2807e-11,1.1584e-11
1.589e-11,1.7891e-11,7.643e-12
6.828e-12,7.699e-12,1.1771e-11
9.4863e-12,1.2978e-11,1.8515e-11
7.0905e-12,6.5146e-12,6.354e-12
2.2458e-11,2.5142e-11,1.0698e-11
1.188e-11,1.2257e-11,1.047e-11
8.2323e-12,6.1213e-12,5.5567e-12
1.3604e-11,2.6691e-11,2.7947e-11
8.4186e-12,7.6745e-12,6.9215e-12
9.4502e-12,6.8369e-12,5.3089e-12
9.7095e-12,1.4941e-11,1.9725e-11
1.5065e-11,3.691e-11,3.1192e-11
1.0408e-11,1.1005e-11,8.0562e-12
1.7703e-11,3.3685e-11,3.0421e-11
1.0406e-11,1.0388e-11,7.317e-12
1.1595e-11,1.1672e-11,7.9093e-12
1.4449e-11,1.1607e-11,1.4814e-11
1.3624e-11,1.3346e-11,8.7386e-12
1.2208e-11,9.2614e-12,1.1209e-11
1.1539e-11,1.3061e-11,1.2281e-11
1.1166e-11,1.0032e-11,1.2161e-11
1.5266e-11,1.5029e-11,2.4566e-11
1.9302e-11,3.1971e-11,3.6753e-11
1.4216e-11,1.2594e-11,9.9176e-12
1.5253e-11,1.2016e-11,9.7349e-12
2.03e-11,1.5013e-11,1.7437e-11
1.774e-11,1.8127e-11,2.0834e-11
1.5845e-11,9.5139e-12,1.4355e-11
2.0367e-11,1.5974e-11,1.5519e-11
2.8451e-11,1.5104e-11,3.0445e-11
1.4552e-11,8.6681e-12,1.0594e-11
1.6463e-11,6.6555e-12,1.3203e-11
3.4557e-11,1.2187e-11,2.9655e-11
1.456e-11,7.1564e-12,1.3056e-11
1.5914e-11,7.3914e-12,1.6618e-11
3.3406e-11,1.1421e-11,3.2278e-11
2.5208e-11,7.4823e-12,2.3084e-11
4.1292e-11,2.1625e-11,3.1873e-11
4.0495e-11,1.8863e-11,3.3386e-11
2.2212e-11,7.2526e-12,2.1686e-11
2.8441e-11,7.6814e-12,2.759e-11
3.446e-11,8.9661e-12,3.1057e-11
4.3552e-11,9.4571e-12,3.6117e-11
1.2415e-11,1.2741e-11,6.4504e-12
8.7783e-12,7.9771e-12,4.9858e-12
8.1449e-12,7.6618e-12,4.8563e-12
8.3144e-12,8.2316e-12,4.3027e-12
6.9831e-12,5.1319e-12,4.4342e-12
6.4675e-12,6.0043e-12,4.0448e-12
1.5499e-11,1.4524e-11,1.8641e-11
8.2441e-12,7.6281e-12,5.8983e-12
1.2516e-11,1.2351e-11,1.3316e-11
6.7452e-12,7.0993e-12,7.7023e-12
1.0694e-11,1.8299e-11,1.4211e-11
1.7597e-11,3.7383e-11,4.0385e-11
1.001e-11,1.422e-11,1.287e-11
1.7572e-11,1.9671e-11,1.0171e-11
1.0438e-11,2.4545e-11,2.1241e-11
1.0045e-11,7.5992e-12,7.0611e-12
8.811e-12,7.8993e-12,4.2942e-12
8.8656e-12,7.913e-12,6.1152e-12
2.9984e-11,3.0832e-11,1.8164e-11
1.0445e-11,1.068e-11,7.1338e-12
1.7598e-11,3.2596e-11,2.9063e-11
1.0115e-11,7.0022e-12,6.0465e-12
1.734e-11,1.7864e-11,1.1223e-11
1.1841e-11,8.8075e-12,1.046e-11
1.2364e-11,1.2881e-11,1.193e-11
1.6566e-11,1.8155e-11,2.6566e-11
2.786e-11,3.353e-11,3.8759e-11
2.9164e-11,2.6938e-11,2.0029e-11
3.4379e-11,3.5331e-11,4.4473e-11
1.4468e-11,7.8898e-12,8.8738e-12
1.6667e-11,7.8232e-12,1.5558e-11
1.7361e-11,1.4173e-11,1.2238e-11
1.9767e-11,8.1294e-12,2.1227e-11
1.6461e-11,7.5539e-12,1.372e-11
3.2853e-11,2.6286e-11,2.4586e-11
2.4272e-11,9.2686e-12,2.393e-11
1.8298e-11,7.2045e-12,1.6084e-11
1.6174e-11,6.0062e-12,1.4365e-11
2.3639e-11,9.1379e-12,2.3784e-11
2.098e-11,8.8743e-12,2.0304e-11
4.5231e-11,2.6882e-11,3.5803e-11
4.1553e-11,2.1028e-11,3.3227e-11
2.0858e-11,8.6501e-12,2.1947e-11
2.7507e-11,9.8468e-12,2.4723e-11
3.4174e-11,1.0173e-11,3.2543e-11
3.684e-11,1.001e-11,3.6415e-11
3.9445e-11,1.0948e-11,3.9722e-11
1.1624e-11,9.1665e-12,1.7187e-11
1.0299e-11,8.8854e-12,1.0281e-11
8.8071e-12,8.0524e-12,6.6936e-12
1.0905e-11,1.3404e-11,1.2133e-11
1.0129e-11,1.3723e-11,1.192e-11
1.2591e-11,1.4745e-11,6.4375e-12
9.9235e-12,9.9679e-12,5.8702e-12
8.0514e-12,8.4067e-12,5.048e-12
8.0423e-12,6.8417e-12,5.8954e-12
1.0858e-11,1.393e-11,1.7817e-11
1.1084e-11,1.3537e-11,1.2271e-11
1.5811e-11,4.0111e-11,3.8486e-11
2.4601e-11,2.7601e-11,1.5894e-11
1.1683e-11,1.9533e-11,1.9431e-11
2.6066e-11,2.8098e-11,1.5502e-11
1.5236e-11,2.5255e-11,2.2742e-11
8.7328e-12,1.2818e-11,1.4116e-11
1.1775e-11,1.4531e-11,2.0196e-11
1.9733e-11,1.8848e-11,1.2252e-11
1.0771e-11,7.6897e-12,8.8966e-12
9.4303e-12,1.3549e-11,1.8446e-11
1.2237e-11,1.1454e-11,9.6399e-12
8.4793e-12,1.5722e-11,1.5793e-11
2.7338e-11,2.6107e-11,1.8763e-11
2.774e-11,2.6382e-11,3.5401e-11
1.7994e-11,1.2591e-11,1.7072e-11
1.792e-11,9.4471e-12,1.5957e-11
1.3575e-11,6.3057e-12,1.3282e-11
3.5303e-11,3.1088e-11,2.6279e-11
2.1413e-11,1.729e-11,1.5676e-11
3.3997e-11,3.0131e-11,2.5056e-11
3.8394e-11,3.2526e-11,3.0985e-11
2.8402e-11,1.2781e-11,2.629e-11
1.8219e-11,6.4812e-12,1.7373e-11
2.3337e-11,8.3692e-12,2.3537e-11
1.7917e-11,7.6282e-12,1.4977e-11
2.1383e-11,8.8046e-12,2.1228e-11
2.1062e-11,8.4354e-12,1.8546e-11
3.7063e-11,1.2225e-11,3.6621e-11
2.3456e-11,9.1316e-12,2.0807e-11
2.132e-11,6.2695e-12,2.1782e-11
3.0775e-11,9.1439e-12,2.6042e-11
4.7793e-11,2.0533e-11,3.5951e-11
2.7684e-11,7.763e-12,2.8438e-11
4.3653e-11,1.6619e-11,3.8589e-11
1.5812e-11,1.2612e-11,1.301e-11
1.0291e-11,1.0695e-11,4.9014e-12
9.1607e-12,8.5553e-12,5.3635e-12
5.8344e-12,7.74e-12,6.4759e-12
1.6856e-11,1.2754e-11,1.524e-11
1.7191e-11,1.2724e-11,1.5614e-11
9.3069e-12,2.0325e-11,1.9344e-11
7.4824e-12,1.3201e-11,1.2155e-11
1.5276e-11,1.6881e-11,7.3472e-12
9.3621e-12,1.9649e-11,1.8252e-11
1.4536e-11,1.6125e-11,7.2641e-12
2.1187e-11,2.4007e-11,1.127e-11
9.6833e-12,8.7799e-12,6.0604e-12
7.7629e-12,5.6815e-12,5.3182e-12
1.2162e-11,2.4445e-11,2.5026e-11
8.6235e-12,8.46e-12,4.5356e-12
1.2348e-11,2.5402e-11,2.3334e-11
8.4877e-12,7.7781e-12,6.1421e-12
1.4943e-11,3.658e-11,3.0614e-11
1.0984e-11,1.5806e-11,1.6317e-11
2.4076e-11,2.5052e-11,1.3169e-11
7.7409e-12,1.3198e-11,1.4112e-11
1.2865e-11,1.2894e-11,8.23e-12
9.9064e-12,1.9354e-11,2.2176e-11
8.5416e-12,1.1785e-11,1.5437e-11
9.1323e-12,1.219e-11,1.5688e-11
1.3507e-11,2.4607e-11,2.66e-11
1.2274e-11,1.3472e-11,2.0819e-11
2.8114e-11,3.663e-11,3.7561e-11
3.2527e-11,3.2985e-11,2.4615e-11
1.3063e-11,7.3402e-12,6.8123e-12
2.9475e-11,2.7267e-11,2.0387e-11
1.8566e-11,1.4539e-11,1.6271e-11
1.6293e-11,8.0865e-12,1.4582e-11
2.8222e-11,2.6179e-11,2.0089e-11
1.4147e-11,6.6487e-12,1.2527e-11
1.3972e-11,6.1566e-12,1.4039e-11
3.07e-11,2.7081e-11,2.286e-11
1.7891e-11,1.0919e-11,1.279e-11
3.0966e-11,1.192e-11,2.9347e-11
1.5812e-11,6.0952e-12,1.3618e-11
3.8865e-11,3.1971e-11,2.8445e-11
1.7321e-11,7.6429e-12,1.4457e-11
2.0005e-11,8.0304e-12,1.728e-11
2.1277e-11,8.2827e-12,2.0952e-11
3.9483e-11,1.2802e-11,3.8762e-11
2.1542e-11,7.1158e-12,2.1539e-11
2.9046e-11,8.0819e-12,2.3696e-11
2.863e-11,7.857e-12,2.6997e-11
4.4581e-11,1.6884e-11,3.9066e-11
3.7661e-11,1.1394e-11,3.3512e-11
3.372e-11,7.9483e-12,3.3035e-11
3.3883e-11,9.015e-12,3.475e-11
3.7693e-11,9.7576e-12,3.3343e-11
3.6401e-11,8.5066e-12,3.5337e-11
4.5217e-11,1.1992e-11,4.3749e-11
9.182e-12,6.5788e-12,8.5656e-12
8.9544e-12,1.9338e-11,1.9133e-11
1.2101e-11,2.586e-11,2.5646e-11
1.695e-11,1.2493e-11,1.679e-11
1.4074e-11,1.546e-11,7.0711e-12
8.1666e-12,6.564e-12,3.8515e-12
1.3903e-11,3.4873e-11,3.42e-11
7.554e-12,1.8159e-11,1.6887e-11
9.0731e-12,8.2589e-12,4.5205e-12
9.5809e-12,1.4635e-11,1.24e-11
1.0378e-11,1.2974e-11,1.2448e-11
7.4021e-12,1.1406e-11,1.3921e-11
1.0245e-11,2.4319e-11,2.1231e-11
9.0363e-12,8.2652e-12,5.9648e-12
2.4558e-11,2.7823e-11,1.4924e-11
1.4007e-11,1.5058e-11,7.7957e-12
9.158e-12,8.6401e-12,8.196e-12
1.7878e-11,4.3881e-11,3.6727e-11
1.366e-11,1.6054e-11,2.0391e-11
2.3153e-11,2.4698e-11,1.7041e-11
1.0778e-11,8.8066e-12,8.6416e-12
1.2838e-11,1.5672e-11,2.1943e-11
1.1399e-11,9.3106e-12,1.0298e-11
2.4675e-11,2.4321e-11,1.5557e-11
9.4857e-12,1.5502e-11,1.6615e-11
3.0959e-11,4.6478e-11,4.2957e-11
1.6033e-11,1.8937e-11,2.6777e-11
2.2598e-11,2.0872e-11,1.6958e-11
1.391e-11,1.473e-11,2.096e-11
2.4772e-11,1.9582e-11,3.1291e-11
3.8288e-11,3.866e-11,4.6929e-11
1.5196e-11,7.4985e-12,1.494e-11
2.0504e-11,1.311e-11,2.1684e-11
2.0285e-11,1.5292e-11,1.5258e-11
2.0439e-11,8.6506e-12,1.72e-11
2.6819e-11,8.617e-12,2.3733e-11
3.6959e-11,2.0956e-11,2.924e-11
2.3256e-11,7.2436e-12,1.9831e-11
2.9419e-11,9.9318e-12,2.8376e-11
3.6248e-11,1.1762e-11,3.3451e-11
2.5459e-11,9.8725e-12,2.3576e-11
2.5172e-11,7.9112e-12,2.0744e-11
4.0321e-11,1.7419e-11,3.1494e-11
3.5377e-11,1.2308e-11,3.5028e-11
3.0395e-11,9.345e-12,2.9343e-11
9.7383e-12,6.9884e-12,4.9586e-12
8.388e-12,1.1623e-11,1.276e-11
8.8103e-12,8.1067e-12,8.2379e-12
5.7583e-12,8.1371e-12,6.9962e-12
1.4414e-11,1.5867e-11,6.9005e-12
1.3375e-11,1.4067e-11,1.4487e-11
2.3473e-11,2.6902e-11,1.3107e-11
8.2485e-12,1.4503e-11,1.4019e-11
7.4576e-12,1.3839e-11,1.1639e-11
1.0533e-11,1.1645e-11,5.2915e-12
1.0631e-11,1.1238e-11,5.2447e-12
2.1733e-11,2.4424e-11,1.21e-11
5.7102e-12,1.3476e-11,1.2686e-11
1.1493e-11,1.579e-11,1.6287e-11
1.0244e-11,7.2638e-12,7.3421e-12
2.8731e-11,2.8493e-11,1.8466e-11
2.2094e-11,2.1559e-11,1.4654e-11
1.7204e-11,2.0224e-11,2.5051e-11
9.6818e-12,1.2502e-11,1.3608e-11
1.8597e-11,3.2819e-11,3.1703e-11
1.5849e-11,1.481e-11,1.2168e-11
1.2591e-11,9.0789e-12,7.3871e-12
1.2652e-11,1.5094e-11,1.8544e-11
1.4937e-11,7.1023e-12,1.4245e-11
3.7746e-11,3.6493e-11,4.7743e-11
1.5683e-11,8.1848e-12,1.6573e-11
4.0333e-11,3.8502e-11,5.0405e-11
1.6906e-11,8.2303e-12,1.6242e-11
1.7208e-11,8.2307e-12,1.5951e-11
1.6402e-11,8.3389e-12,1.3768e-11
1.6617e-11,1.0331e-11,1.4105e-11
2.0452e-11,8.3024e-12,1.8446e-11
2.1378e-11,7.8749e-12,1.7653e-11
2.9656e-11,1.7003e-11,2.0906e-11
2.8546e-11,8.2545e-12,2.5106e-11
3.4403e-11,9.9267e-12,3.0327e-11
8.7395e-12,8.9149e-12,1.5052e-11
8.2894e-12,9.4916e-12,6.77e-12
1.0427e-11,2.6379e-11,2.5815e-11
1.4448e-11,1.5856e-11,6.752e-12
9.3378e-12,7.3138e-12,4.833e-12
2.0073e-11,2.3003e-11,8.5653e-12
1.3195e-11,3.9679e-11,4.1461e-11
6.1958e-12,1.1685e-11,1.5103e-11
9.8091e-12,1.4999e-11,1.3824e-11
6.783e-12,1.1632e-11,1.1879e-11
9.4541e-12,8.0163e-12,7.4105e-12
6.7187e-12,1.4834e-11,1.4812e-11
8.7625e-12,5.805e-12,4.7606e-12
9.9683e-12,9.9238e-12,5.3589e-12
2.9167e-11,3.143e-11,1.3855e-11
1.2556e-11,1.4217e-11,9.191e-12
1.0264e-11,7.7703e-12,7.5484e-12
1.1954e-11,1.4186e-11,1.9046e-11
3.0575e-11,3.1815e-11,1.9913e-11
2.3149e-11,2.4227e-11,1.5495e-11
1.3994e-11,1.3858e-11,1.2457e-11
1.9847e-11,3.35e-11,3.2166e-11
2.1221e-11,2.6091e-11,3.1072e-11
1.3111e-11,8.1036e-12,6.3045e-12
1.4159e-11,1.093e-11,7.7039e-12
2.2157e-11,2.529e-11,3.0981e-11
1.5894e-11,1.4498e-11,1.0612e-11
1.4096e-11,6.7637e-12,1.2489e-11
2.5972e-11,1.6321e-11,2.9962e-11
2.9854e-11,2.7559e-11,2.0756e-11
1.4455e-11,9.7512e-12,1.0403e-11
1.9289e-11,1.4742e-11,1.5127e-11
2.0346e-11,1.2037e-11,1.3763e-11
2.0966e-11,1.2433e-11,1.4833e-11
2.4657e-11,1.0098e-11,2.4598e-11
2.5634e-11,1.5767e-11,1.9274e-11
2.0051e-11,1.0161e-11,1.5012e-11
1.8731e-11,1.0677e-11,1.508e-11
2.7256e-11,8.9384e-12,2.2354e-11
2.447e-11,8.0365e-12,2.3709e-11
3.6229e-11,1.086e-11,3.4816e-11
4.1916e-11,1.4858e-11,3.7977e-11
4.1418e-11,1.0204e-11,3.5912e-11
4.4842e-11,1.7198e-11,4.077e-11
4.2889e-11,1.2206e-11,4.0483e-11
7.4272e-12,7.571e-12,5.772e-12
7.286e-12,7.9014e-12,4.5484e-12
1.3997e-11,1.5352e-11,6.8456e-12
7.8803e-12,6.6002e-12,7.8729e-12
7.8883e-12,2.2434e-11,2.1065e-11
8.5016e-12,6.8179e-12,4.2539e-12
7.9787e-12,6.2632e-12,5.4889e-12
8.5184e-12,1.2044e-11,1.2059e-11
8.8749e-12,8.118e-12,5.4658e-12
1.7031e-11,1.9055e-11,8.307e-12
9.7639e-12,7.8804e-12,5.0839e-12
7.4709e-12,1.1004e-11,1.6936e-11
9.9897e-12,1.0499e-11,1.8327e-11
2.3129e-11,2.597e-11,1.069e-11
8.9347e-12,8.2517e-12,4.6366e-12
7.8964e-12,1.6533e-11,1.6739e-11
2.3577e-11,2.6982e-11,1.259e-11
2.2559e-11,2.5566e-11,1.1802e-11
1.5644e-11,4.5447e-11,3.6547e-11
3.1965e-11,3.4435e-11,1.6298e-11
3.1267e-11,3.3477e-11,1.5867e-11
2.8332e-11,2.8015e-11,1.6975e-11
3.4404e-11,3.391e-11,2.2989e-11
1.1677e-11,7.8663e-12,5.8852e-12
3.1306e-11,3.1566e-11,2.1451e-11
2.4307e-11,4.0805e-11,3.7253e-11
1.2826e-11,8.6904e-12,6.5133e-12
1.3104e-11,8.1671e-12,7.4458e-12
3.0062e-11,2.7433e-11,2.0161e-11
1.7025e-11,1.4792e-11,2.3896e-11
1.4701e-11,7.2509e-12,1.2628e-11
1.5765e-11,1.1529e-11,1.0332e-11
1.8273e-11,1.0222e-11,1.7514e-11
1.4551e-11,8.7318e-12,9.7886e-12
1.5463e-11,7.8302e-12,1.0062e-11
2.2484e-11,1.4187e-11,2.5397e-11
2.5227e-11,1.6127e-11,2.921e-11
1.6324e-11,1.0545e-11,1.2552e-11
2.1628e-11,1.2041e-11,2.1033e-11
2.894e-11,2.7788e-11,2.0086e-11
1.7351e-11,1.2097e-11,1.1752e-11
3.685e-11,2.5346e-11,4.3945e-11
1.454e-11,8.3356e-12,1.1495e-11
1.6821e-11,6.4171e-12,1.0885e-11
2.1148e-11,1.0821e-11,2.0761e-11
1.4937e-11,7.2949e-12,1.1608e-11
2.6926e-11,2.21e-11,2.0342e-11
2.1672e-11,1.0717e-11,1.588e-11
3.7094e-11,1.2154e-11,3.5751e-11
2.2026e-11,1.0118e-11,1.7768e-11
2.4336e-11,7.5308e-12,1.9879e-11
3.7006e-11,1.1229e-11,3.1958e-11
3.3593e-11,1.0604e-11,3.4975e-11
3.5528e-11,1.1367e-11,3.3318e-11
7.3583e-12,5.6794e-12,4.0339e-12
1.1967e-11,1.2074e-11,6.2895e-12
7.729e-12,1.0123e-11,1.114e-11
7.3451e-12,7.6843e-12,5.3396e-12
7.8387e-12,5.5916e-12,4.1781e-12
6.4692e-12,1.0609e-11,1.2217e-11
1.1722e-11,1.2774e-11,5.9576e-12
1.1031e-11,8.313e-12,8.8312e-12
1.1802e-11,8.49e-12,7.3675e-12
1.3814e-11,1.1693e-11,9.7834e-12
1.4242e-11,1.2007e-11,1.678e-11
1.6765e-11,1.8168e-11,2.4793e-11
2.031e-11,2.2545e-11,3.2152e-11
1.7206e-11,1.5869e-11,1.3223e-11
1.4638e-11,7.5182e-12,1.2484e-11
1.5502e-11,1.12e-11,8.8137e-12
1.4645e-11,1.0402e-11,8.4113e-12
1.7775e-11,1.4748e-11,1.2475e-11
2.9385e-11,2.8196e-11,1.8992e-11
1.3768e-11,8.083e-12,1.2637e-11
1.8218e-11,1.009e-11,1.7502e-11
1.9833e-11,1.2661e-11,1.9508e-11
1.3415e-11,5.9397e-12,9.5311e-12
1.6485e-11,7.0408e-12,1.4472e-11
2.2507e-11,1.3584e-11,1.435e-11
2.4268e-11,1.5293e-11,1.6411e-11
1.8778e-11,9.8547e-12,1.8338e-11
2.0496e-11,8.5446e-12,2.0277e-11
3.3363e-11,2.6838e-11,2.3313e-11
2.265e-11,8.0355e-12,2.124e-11
3.2235e-11,1.4172e-11,3.4491e-11
3.9458e-11,2.7223e-11,2.6044e-11
4.454e-11,2.6914e-11,3.265e-11
2.2725e-11,9.2273e-12,2.0965e-11
3.9163e-11,1.35e-11,3.802e-11
2.5168e-11,1.1559e-11,2.2986e-11
2.2803e-11,9.5602e-12,2.0815e-11
4.1414e-11,1.7493e-11,3.2024e-11
3.0581e-11,1.0012e-11,2.4297e-11
2.7289e-11,1.2454e-11,2.6731e-11
3.3951e-11,9.9989e-12,2.682e-11
3.3856e-11,1.0502e-11,3.284e-11
7.3971e-12,9.7121e-12,1.8316e-11
1.0231e-11,3.088e-11,3.2873e-11
7.9481e-12,6.201e-12,3.7917e-12
1.7847e-11,2.0382e-11,8.7288e-12
1.6588e-11,1.8634e-11,7.4081e-12
7.2809e-12,5.8574e-12,6.8217e-12
9.1512e-12,9.5909e-12,1.5109e-11
5.3341e-12,1.4232e-11,1.3251e-11
1.2879e-11,4.1713e-11,4.2403e-11
2.0472e-11,2.292e-11,8.3241e-12
9.8788e-12,2.9129e-11,2.7439e-11
7.9511e-12,5.8073e-12,4.938e-12
6.8307e-12,1.611e-11,1.6086e-11
1.052e-11,1.125e-11,4.7196e-12
1.2762e-11,2.8644e-11,2.3686e-11
2.9934e-11,3.2366e-11,1.3903e-11
1.1194e-11,2.0886e-11,2.0783e-11
1.7197e-11,1.7667e-11,1.0455e-11
1.5706e-11,1.7271e-11,9.9851e-12
1.2295e-11,1.451e-11,1.8319e-11
3.2832e-11,3.2914e-11,2.1172e-11
1.4323e-11,1.4245e-11,1.0847e-11
1.472e-11,1.1398e-11,8.5038e-12
1.3853e-11,8.6264e-12,6.1873e-12
1.3692e-11,8.8735e-12,6.5452e-12
1.3781e-11,7.4652e-12,1.2279e-11
1.4421e-11,7.2829e-12,7.1276e-12
1.5804e-11,1.1216e-11,9.3361e-12
2.4227e-11,2.3098e-11,1.7263e-11
1.6428e-11,9.9459e-12,1.0486e-11
1.3845e-11,5.9367e-12,8.8484e-12
1.5828e-11,8.0236e-12,9.0364e-12
1.7079e-11,9.0842e-12,1.7425e-11
2.6565e-11,1.5362e-11,2.8626e-11
1.4217e-11,5.8911e-12,1.0716e-11
1.5531e-11,8.4058e-12,1.6293e-11
2.0186e-11,9.701e-12,2.1155e-11
3.4185e-11,1.6269e-11,3.5688e-11
2.2497e-11,1.035e-11,2.3534e-11
1.5146e-11,7.6886e-12,1.2608e-11
1.8363e-11,8.3082e-12,1.5578e-11
2.962e-11,8.1235e-12,2.5942e-11
3.9716e-11,1.7739e-11,3.392e-11
3.2653e-11,1.3375e-11,3.2801e-11
7.845e-12,8.0438e-12,1.0276e-11
7.7161e-12,8.7518e-12,1.3806e-11
5.6851e-12,1.3951e-11,1.0894e-11
8.8908e-12,8.2239e-12,5.4036e-12
1.4206e-11,1.5344e-11,6.556e-12
8.8817e-12,6.572e-12,4.9548e-12
8.8578e-12,1.1517e-11,1.188e-11
1.3532e-11,1.4467e-11,5.9684e-12
9.3294e-12,8.0408e-12,6.9798e-12
4.6286e-12,1.3126e-11,1.2682e-11
1.6089e-11,1.7683e-11,8.3989e-12
8.937e-12,2.6361e-11,2.471e-11
8.2843e-12,7.6191e-12,5.8287e-12
7.6983e-12,6.4204e-12,4.403e-12
8.1405e-12,7.1274e-12,4.2036e-12
1.419e-11,4.5668e-11,4.0543e-11
5.9831e-12,1.1937e-11,1.2938e-11
9.6259e-12,3.0789e-11,2.562e-11
1.99e-11,2.19e-11,1.0916e-11
3.3668e-11,3.62e-11,1.7471e-11
1.4875e-11,2.0095e-11,1.9721e-11
1.0665e-11,1.2206e-11,1.531e-11
1.9395e-11,1.9114e-11,1.1156e-11
1.1255e-11,9.9637e-12,1.0045e-11
1.4083e-11,1.4381e-11,1.0251e-11
1.3745e-11,1.2351e-11,8.9771e-12
1.378e-11,1.2158e-11,9.0152e-12
1.8848e-11,2.2443e-11,2.7032e-11
1.9776e-11,3.39e-11,3.4206e-11
3.0483e-11,4.3394e-11,4.0083e-11
1.9808e-11,2.3352e-11,2.7637e-11
1.3372e-11,1.3947e-11,1.437e-11
1.3705e-11,8.7187e-12,8.1992e-12
1.4304e-11,1.3953e-11,1.6136e-11
1.4561e-11,9.3112e-12,8.9786e-12
1.6707e-11,1.4503e-11,2.0437e-11
1.4377e-11,6.4428e-12,8.5491e-12
1.5834e-11,7.0414e-12,1.3318e-11
1.7824e-11,1.0586e-11,1.8326e-11
1.9783e-11,1.1246e-11,2.0536e-11
1.581e-11,8.0863e-12,8.7857e-12
1.7171e-11,1.115e-11,1.2931e-11
1.6571e-11,9.2635e-12,1.1424e-11
1.9313e-11,9.5598e-12,1.9964e-11
2.1371e-11,1.0239e-11,1.8997e-11
2.8925e-11,1.5412e-11,3.1392e-11
1.706e-11,1.1059e-11,1.6462e-11
3.7846e-11,1.7664e-11,3.9615e-11
1.7057e-11,9.9706e-12,1.5868e-11
1.8779e-11,8.5111e-12,1.561e-11
3.9888e-11,2.6449e-11,2.6341e-11
2.8193e-11,9.3531e-12,2.1845e-11
3.3537e-11,1.345e-11,3.3048e-11
4.4451e-11,1.0861e-11,3.3894e-11
3.9618e-11,1.1579e-11,3.8799e-11
6.2733e-12,9.7907e-12,1.2395e-11
6.0954e-12,7.6272e-12,8.5494e-12
5.5768e-12,8.6074e-12,1.0301e-11
1.0202e-11,1.0281e-11,5.46e-12
7.1205e-12,5.6978e-12,4.0568e-12
7.6176e-12,7.2276e-12,5.7877e-12
7.0328e-12,7.4906e-12,8.0265e-12
1.5836e-11,1.746e-11,7.0421e-12
4.0895e-12,1.2801e-11,1.2075e-11
7.9043e-12,6.1793e-12,6.4243e-12
7.432e-12,8.1137e-12,5.9359e-12
9.4074e-12,1.3062e-11,1.7183e-11
7.848e-12,1.6086e-11,1.3934e-11
1.0689e-11,3.4285e-11,2.5537e-11
1.4108e-11,1.35e-11,1.5415e-11
1.1842e-11,1.2626e-11,1.488e-11
3.1365e-11,3.198e-11,1.8144e-11
1.4533e-11,3.5505e-11,2.8598e-11
2.3787e-11,2.6453e-11,1.4831e-11
1.4243e-11,1.2525e-11,8.2459e-12
1.5307e-11,1.365e-11,1.522e-11
1.597e-11,1.3318e-11,2.2482e-11
1.1796e-11,8.9024e-12,1.0906e-11
1.4903e-11,7.8093e-12,6.8971e-12
1.5577e-11,8.7571e-12,1.3075e-11
1.424e-11,7.5669e-12,1.1237e-11
1.9848e-11,1.1433e-11,2.0812e-11
3.0376e-11,2.6834e-11,2.0269e-11
2.07e-11,9.9578e-12,1.8371e-11
2.8747e-11,1.2105e-11,2.9662e-11
2.4208e-11,1.1121e-11,2.1583e-11
2.374e-11,8.1008e-12,2.19e-11
2.9416e-11,1.1292e-11,2.6697e-11
3.5448e-11,1.0449e-11,2.6928e-11
3.9997e-11,1.2364e-11,3.4306e-11
4.4761e-11,1.3235e-11,3.4444e-11
8.3771e-12,6.9463e-12,5.1203e-12
6.4389e-12,1.0337e-11,1.3667e-11
6.6929e-12,9.6835e-12,1.5696e-11
9.8923e-12,1.3054e-11,1.1463e-11
8.1596e-12,2.2753e-11,2.0527e-11
1.1654e-11,1.1958e-11,5.9948e-12
5.5226e-12,1.3824e-11,1.3012e-11
1.0499e-11,2.3663e-11,2.1719e-11
9.4955e-12,2.9855e-11,2.5356e-11
5.485e-12,1.193e-11,1.2982e-11
9.5154e-12,5.8149e-12,6.2055e-12
8.4682e-12,6.6715e-12,5.128e-12
8.584e-12,7.6131e-12,7.7883e-12
1.1584e-11,3.5029e-11,2.7115e-11
8.7052e-12,6.3677e-12,6.2703e-12
2.9805e-11,2.9382e-11,1.6242e-11
1.9968e-11,1.9703e-11,1.1267e-11
1.3454e-11,1.436e-11,1.6897e-11
1.5598e-11,1.6115e-11,1.9652e-11
1.2622e-11,1.0008e-11,6.2475e-12
1.4266e-11,8.3081e-12,6.3965e-12
1.1243e-11,8.4548e-12,1.1666e-11
2.7144e-11,2.513e-11,1.6533e-11
1.5256e-11,7.8997e-12,8.5441e-12
2.0236e-11,1.8295e-11,1.3689e-11
1.6599e-11,9.4927e-12,9.4333e-12
1.4872e-11,7.2662e-12,8.4049e-12
2.995e-11,2.7042e-11,2.047e-11
1.6015e-11,9.2336e-12,1.5862e-11
3.9516e-11,2.0004e-11,4.3113e-11
1.7857e-11,8.0141e-12,1.3273e-11
2.1023e-11,8.8861e-12,2.0414e-11
1.9199e-11,8.1085e-12,1.5761e-11
1.9494e-11,8.2068e-12,1.7871e-11
2.4391e-11,8.636e-12,1.9116e-11
3.7821e-11,1.3231e-11,3.5998e-11
2.7253e-11,9.7304e-12,2.4148e-11
2.8729e-11,1.451e-11,2.7302e-11
3.8516e-11,1.0802e-11,2.8965e-11
3.5087e-11,1.1127e-11,3.1075e-11
3.7116e-11,1.148e-11,3.0758e-11
6.2796e-12,7.8995e-12,9.1532e-12
5.9121e-12,5.8352e-12,5.1586e-12
9.9263e-12,1.1483e-11,1.5478e-11
7.0269e-12,5.4769e-12,4.071e-12
6.672e-12,1.2076e-11,9.5004e-12
8.7211e-12,6.8671e-12,5.5446e-12
8.4859e-12,8.8123e-12,4.7787e-12
4.9793e-12,1.5269e-11,1.4006e-11
8.6603e-12,8.3253e-12,6.2454e-12
5.1021e-12,1.0916e-11,1.2106e-11
1.3303e-11,1.3825e-11,6.0643e-12
4.7127e-12,1.162e-11,1.2701e-11
1.3472e-11,4.3465e-11,3.7417e-11
9.699e-12,5.9056e-12,6.6345e-12
8.9448e-12,6.3636e-12,4.4165e-12
9.2067e-12,8.5045e-12,4.9198e-12
8.1508e-12,6.4502e-12,4.4646e-12
8.2665e-12,6.019e-12,3.4722e-12
8.6912e-12,7.1947e-12,5.9172e-12
3.1832e-11,3.2392e-11,1.4049e-11
1.1244e-11,1.1545e-11,6.2729e-12
2.0911e-11,4.681e-11,3.7214e-11
1.5996e-11,1.5844e-11,8.7919e-12
1.3955e-11,7.632e-12,1.1443e-11
1.3279e-11,7.8898e-12,9.0748e-12
1.2746e-11,9.0813e-12,1.2402e-11
1.3626e-11,9.1456e-12,9.2309e-12
3.0675e-11,3.0291e-11,4.312e-11
1.4645e-11,7.6455e-12,9.3174e-12
2.8671e-11,2.1768e-11,3.5979e-11
3.3975e-11,2.0205e-11,3.743e-11
2.892e-11,2.5088e-11,1.9717e-11
1.7863e-11,8.5267e-12,1.2212e-11
2.0144e-11,1.1383e-11,1.3734e-11
3.5938e-11,1.6836e-11,3.8277e-11
3.8027e-11,2.9382e-11,2.4875e-11
2.6373e-11,1.7492e-11,1.5563e-11
1.977e-11,8.5971e-12,1.5961e-11
2.1691e-11,9.7838e-12,1.7278e-11
2.4794e-11,1.161e-11,2.163e-11
3.5247e-11,1.2487e-11,3.3424e-11
4.7457e-11,2.3041e-11,3.4003e-11
8.3526e-12,8.5193e-12,1.1067e-11
1.1806e-11,1.1505e-11,5.1065e-12
6.2259e-12,9.0652e-12,1.2574e-11
6.5783e-12,1.022e-11,7.9469e-12
7.8644e-12,1.0252e-11,1.3929e-11
6.3364e-12,1.765e-11,1.5919e-11
9.7162e-12,9.6725e-12,4.9668e-12
5.3241e-12,1.188e-11,1.2956e-11
9.9431e-12,2.2498e-11,2.1227e-11
8.3877e-12,1.3783e-11,1.5407e-11
9.4233e-12,2.1518e-11,1.9984e-11
2.4123e-11,2.4195e-11,1.0645e-11
1.0487e-11,9.7188e-12,5.3642e-12
1.7664e-11,4.9667e-11,3.5263e-11
1.0881e-11,9.0721e-12,7.3444e-12
1.6038e-11,3.0305e-11,2.8225e-11
1.0948e-11,8.9747e-12,7.3518e-12
1.3287e-11,1.3841e-11,1.5905e-11
2.1502e-11,2.0212e-11,1.3508e-11
1.8851e-11,1.7212e-11,1.9374e-11
1.5674e-11,8.0603e-12,7.5482e-12
1.6897e-11,1.2327e-11,1.1618e-11
2.1363e-11,1.7958e-11,2.5744e-11
1.6731e-11,9.1942e-12,9.2817e-12
1.6397e-11,9.2403e-12,1.0199e-11
1.6053e-11,9.7908e-12,9.0606e-12
3.1007e-11,3.0974e-11,3.5303e-11
1.9359e-11,1.6274e-11,1.1858e-11
1.6554e-11,8.4174e-12,1.0034e-11
3.655e-11,3.0284e-11,4.3235e-11
1.7641e-11,1.1014e-11,1.0929e-11
1.7369e-11,9.4631e-12,1.0553e-11
3.7065e-11,2.2399e-11,4.2353e-11
3.1736e-11,2.618e-11,2.1368e-11
1.696e-11,7.6389e-12,1.2187e-11
3.1326e-11,1.6366e-11,3.3733e-11
1.847e-11,9.1632e-12,1.3894e-11
4.1151e-11,3.0397e-11,2.6708e-11
4.7926e-11,1.9724e-11,3.7113e-11
4.1879e-11,1.1921e-11,3.1582e-11
7.4879e-12,8.0106e-12,7.7002e-12
8.3676e-12,8.2113e-12,1.1789e-11
7.5641e-12,5.7175e-12,3.2388e-12
8.6422e-12,6.3447e-12,4.9995e-12
9.0555e-12,3.0697e-11,3.1355e-11
6.6324e-12,9.9686e-12,8.1214e-12
7.1221e-12,9.3583e-12,1.0893e-11
7.489e-12,1.042e-11,1.3836e-11
7.4791e-12,5.8923e-12,4.9612e-12
9.0361e-12,1.4551e-11,1.5934e-11
5.5177e-12,1.1254e-11,1.0799e-11
7.7069e-12,6.8317e-12,4.5699e-12
8.3378e-12,1.2026e-11,1.2966e-11
8.5032e-12,6.4716e-12,6.0502e-12
1.1448e-11,3.2993e-11,2.7229e-11
3.1777e-11,3.3733e-11,1.3713e-11
1.1051e-11,1.0692e-11,6.6122e-12
2.7436e-11,2.7162e-11,1.264e-11
1.0084e-11,8.553e-12,4.6271e-12
2.0339e-11,4.1527e-11,3.5431e-11
1.1567e-11,8.762e-12,6.3002e-12
1.1615e-11,1.8682e-11,2.1369e-11
1.3557e-11,8.1101e-12,7.9409e-12
2.9415e-11,2.7787e-11,1.6858e-11
1.0864e-11,1.013e-11,1.1644e-11
1.5619e-11,1.4e-11,9.0863e-12
1.4118e-11,1.0761e-11,9.901e-12
1.4261e-11,1.5618e-11,1.7311e-11
1.422e-11,9.2636e-12,6.3984e-12
1.3367e-11,9.487e-12,1.1963e-11
1.6518e-11,1.2889e-11,1.4581e-11
1.5701e-11,9.2009e-12,7.4827e-12
1.3469e-11,8.0484e-12,1.2257e-11
1.3855e-11,6.8927e-12,1.0665e-11
1.8459e-11,9.1441e-12,1.6514e-11
1.8716e-11,9.2616e-12,1.8441e-11
2.0359e-11,1.0748e-11,2.0747e-11
2.2332e-11,1.0913e-11,2.1687e-11
2.5226e-11,2.0609e-11,1.4442e-11
3.3248e-11,1.7183e-11,3.7607e-11
2.2614e-11,9.4601e-12,2.2632e-11
2.3035e-11,1.2899e-11,1.4329e-11
1.9424e-11,9.4215e-12,1.4338e-11
2.2626e-11,9.0601e-12,2.0904e-11
2.2514e-11,9.4726e-12,2.0576e-11
2.1209e-11,9.7069e-12,1.6362e-11
2.3201e-11,8.6219e-12,1.7375e-11
2.9588e-11,1.1395e-11,2.7361e-11
3.5517e-11,1.4618e-11,3.6725e-11
4.3831e-11,2.7147e-11,3.0122e-11
4.9152e-11,2.4538e-11,3.4078e-11
3.4907e-11,1.1046e-11,3.0763e-11
2.8748e-11,1.1004e-11,2.9957e-11
3.3015e-11,1.1166e-11,2.6325e-11
3.2912e-11,1.2575e-11,2.4737e-11
4.3424e-11,1.7677e-11,3.6797e-11
8.4154e-12,8.4411e-12,8.033e-12
1.1457e-11,1.079e-11,5.4553e-12
9.9919e-12,8.6625e-12,8.8716e-12
7.9495e-12,8.7351e-12,1.2951e-11
9.6329e-12,1.0775e-11,1.5832e-11
1.4123e-11,1.3334e-11,6.2245e-12
6.8745e-12,1.2456e-11,1.3848e-11
5.7236e-12,1.1714e-11,1.5967e-11
9.2783e-12,9.7177e-12,1.2223e-11
4.7831e-12,9.078e-12,1.2907e-11
9.9073e-12,8.4384e-12,5.2222e-12
2.3439e-11,2.5123e-11,1.2234e-11
8.2374e-12,7.5689e-12,3.8568e-12
1.0741e-11,2.2539e-11,2.082e-11
1.3972e-11,1.4341e-11,6.946e-12
1.2258e-11,1.2167e-11,7.5585e-12
1.8758e-11,1.9827e-11,9.5752e-12
1.0955e-11,1.012e-11,5.54e-12
1.7038e-11,1.6967e-11,8.3598e-12
1.9867e-11,5.0343e-11,3.6285e-11
1.0521e-11,9.203e-12,4.9733e-12
1.2939e-11,1.7741e-11,1.9139e-11
3.294e-11,3.1538e-11,1.5638e-11
1.0227e-11,8.5661e-12,6.6628e-12
1.01e-11,1.6128e-11,1.7699e-11
1.8359e-11,2.9961e-11,2.8674e-11
1.1783e-11,9.3072e-12,5.6895e-12
9.5752e-12,7.3898e-12,9.2736e-12
1.3367e-11,8.2778e-12,5.6688e-12
1.386e-11,1.0825e-11,6.6786e-12
1.0591e-11,9.3727e-12,1.1036e-11
1.4497e-11,1.0992e-11,6.533e-12
1.2239e-11,1.0807e-11,1.1906e-11
1.811e-11,2.1272e-11,2.4719e-11
2.0683e-11,1.9474e-11,1.3448e-11
1.4468e-11,1.2042e-11,1.3496e-11
1.5515e-11,9.0711e-12,1.2283e-11
1.7134e-11,1.3218e-11,1.5568e-11
1.3268e-11,7.408e-12,8.5893e-12
1.727e-11,1.3247e-11,1.833e-11
1.9129e-11,1.3499e-11,1.9862e-11
3.5224e-11,2.7874e-11,4.2188e-11
2.6636e-11,1.7138e-11,2.8995e-11
3.4351e-11,3.0532e-11,2.3607e-11
2.8539e-11,2.3522e-11,1.8426e-11
1.9511e-11,1.0841e-11,1.2277e-11
2.9753e-11,2.4085e-11,1.8932e-11
2.5181e-11,1.86e-11,1.5214e-11
3.0958e-11,2.5334e-11,2.0436e-11
2.2422e-11,1.3255e-11,1.4268e-11
3.2128e-11,1.3451e-11,3.3527e-11
2.3605e-11,1.1223e-11,1.725e-11
2.2455e-11,1.0894e-11,2.0638e-11
3.7074e-11,1.341e-11,3.4278e-11
3.1276e-11,1.4003e-11,2.4489e-11
4.2825e-11,2.0115e-11,3.4595e-11
3.8294e-11,1.2831e-11,3.5573e-11
4.3084e-11,1.422e-11,3.313e-11
8.4148e-12,6.7505e-12,2.9752e-12
8.3197e-12,9.2915e-12,1.4191e-11
6.5104e-12,1.9166e-11,1.8518e-11
5.6722e-12,6.6446e-12,8.1091e-12
4.2985e-12,7.2226e-12,1.1101e-11
7.4953e-12,3.0568e-11,3.0699e-11
1.1205e-11,1.0956e-11,5.1676e-12
8.5817e-12,6.8177e-12,3.6256e-12
6.2099e-12,8.7181e-12,8.2514e-12
8.3717e-12,9.771e-12,1.2888e-11
8.0588e-12,3.3701e-11,3.3601e-11
7.5728e-12,6.4385e-12,6.3831e-12
7.086e-12,1.3056e-11,1.6228e-11
5.7573e-12,1.7709e-11,1.6624e-11
9.6146e-12,9.9915e-12,1.3189e-11
7.8197e-12,6.381e-12,6.3468e-12
8.6077e-12,5.583e-12,5.8298e-12
5.1545e-12,9.0723e-12,1.2209e-11
1.0885e-11,1.0293e-11,5.1005e-12
2.0576e-11,2.2088e-11,9.2052e-12
8.2522e-12,6.9068e-12,5.048e-12
3.1437e-11,3.4211e-11,1.2391e-11
8.7137e-12,6.6876e-12,4.9822e-12
5.2533e-12,1.3262e-11,1.3934e-11
1.6098e-11,1.5477e-11,7.044e-12
1.0385e-11,6.6776e-12,6.6642e-12
9.7555e-12,8.4076e-12,4.6493e-12
2.0051e-11,4.2168e-11,3.4919e-11
2.3018e-11,2.1557e-11,1.2235e-11
1.3673e-11,1.2607e-11,8.9294e-12
1.0581e-11,8.4797e-12,5.6307e-12
9.5675e-12,1.5534e-11,1.3155e-11
1.8155e-11,3.1792e-11,2.9937e-11
1.6013e-11,2.6207e-11,2.6937e-11
1.0883e-11,1.5343e-11,1.3267e-11
1.8921e-11,3.7273e-11,3.4405e-11
2.2688e-11,4.4735e-11,3.9072e-11
1.3208e-11,8.1291e-12,7.6632e-12
2.5478e-11,2.4173e-11,1.583e-11
1.182e-11,1.3832e-11,1.2889e-11
1.519e-11,1.3112e-11,1.4488e-11
1.3768e-11,7.9954e-12,5.9685e-12
1.2029e-11,1.2106e-11,1.2644e-11
1.4376e-11,1.4385e-11,1.566e-11
3.1591e-11,3.007e-11,1.795e-11
1.2852e-11,9.6707e-12,1.1208e-11
1.5448e-11,8.2955e-12,6.6472e-12
1.5003e-11,1.1934e-11,1.0039e-11
1.7518e-11,1.0861e-11,1.6558e-11
1.5131e-11,1.0191e-11,1.3056e-11
2.0527e-11,9.5386e-12,1.1404e-11
2.0206e-11,1.3808e-11,1.2123e-11
2.4034e-11,1.8699e-11,1.581e-11
1.794e-11,9.1909e-12,1.1721e-11
3.4766e-11,2.0426e-11,3.9104e-11
3.0438e-11,1.6647e-11,3.3402e-11
1.9834e-11,9.9935e-12,1.6572e-11
2.4335e-11,1.0976e-11,1.9686e-11
3.0731e-11,1.4939e-11,2.2649e-11
3.0168e-11,1.1535e-11,2.4778e-11
3.597e-11,1.2354e-11,3.0831e-11
4.6313e-11,2.1892e-11,3.6503e-11
4.1385e-11,1.3409e-11,3.9496e-11
3.8022e-11,1.3233e-11,3.4695e-11
4.3773e-11,1.576e-11,4.3086e-11
6.0766e-12,8.0552e-12,5.8884e-12
6.6086e-12,5.7374e-12,5.4793e-12
7.7071e-12,5.8137e-12,3.4834e-12
6.8039e-12,6.4701e-12,4.6836e-12
3.7111e-12,1.2646e-11,1.4596e-11
8.7655e-12,7.8742e-12,8.8864e-12
9.1026e-12,1.2093e-11,1.3647e-11
7.5215e-12,1.1138e-11,1.475e-11
6.0582e-12,1.403e-11,1.5609e-11
5.8812e-12,2.43e-11,2.2279e-11
9.0141e-12,8.3062e-12,3.9117e-12
5.9214e-12,1.3596e-11,1.26e-11
9.6676e-12,3.1255e-11,2.567e-11
1.048e-11,8.2832e-12,5.81e-12
1.0363e-11,1.5813e-11,1.5952e-11
1.1523e-11,1.7573e-11,1.9101e-11
1.0995e-11,8.1625e-12,5.5074e-12
1.1019e-11,9.0194e-12,1.0712e-11
1.475e-11,8.2181e-12,8.8899e-12
1.447e-11,1.125e-11,7.3618e-12
3.2435e-11,3.12e-11,1.8296e-11
1.5466e-11,9.1513e-12,6.6049e-12
1.6162e-11,1.4012e-11,9.3405e-12
1.783e-11,1.5744e-11,2.0594e-11
2.2691e-11,2.1401e-11,1.4763e-11
3.1416e-11,2.9655e-11,1.7972e-11
1.3488e-11,9.7426e-12,8.1623e-12
2.9902e-11,2.8184e-11,1.7305e-11
2.2868e-11,2.0893e-11,1.5018e-11
1.3668e-11,8.0326e-12,9.569e-12
1.7908e-11,1.0147e-11,8.8994e-12
1.9019e-11,1.4304e-11,1.4893e-11
1.4627e-11,1.0348e-11,1.5422e-11
2.2589e-11,1.8758e-11,1.5201e-11
1.7436e-11,1.0433e-11,1.5987e-11
1.8604e-11,1.1376e-11,1.633e-11
1.9849e-11,1.0596e-11,9.6914e-12
3.8466e-11,2.7652e-11,4.5453e-11
1.8307e-11,9.2509e-12,1.6147e-11
1.8552e-11,7.9935e-12,1.6679e-11
2.2085e-11,1.2043e-11,2.2693e-11
2.5598e-11,1.2698e-11,2.5335e-11
2.2003e-11,1.1898e-11,1.2942e-11
2.9166e-11,1.2752e-11,2.5848e-11
2.6798e-11,1.0657e-11,2.1992e-11
3.0134e-11,1.2887e-11,2.4444e-11
3.1023e-11,1.1194e-11,2.9268e-11
2.5859e-11,1.136e-11,2.5133e-11
2.5832e-11,1.1372e-11,2.1685e-11
3.4987e-11,1.325e-11,2.6023e-11
4.0595e-11,1.2486e-11,3.0933e-11
3.9687e-11,1.3898e-11,3.5407e-11
4.4053e-11,1.4173e-11,3.3658e-11
4.5798e-11,1.4919e-11,4.3075e-11
6.9355e-12,3.0258e-11,2.9905e-11
1.5546e-11,1.4967e-11,7.0186e-12
6.4537e-12,5.5012e-12,3.5018e-12
1.7593e-11,1.9041e-11,7.9616e-12
9.3157e-12,8.3243e-12,9.3484e-12
6.781e-12,6.0682e-12,3.1292e-12
1.5962e-11,1.6897e-11,7.1466e-12
6.9207e-12,2.35e-11,2.1937e-11
7.6733e-12,1.1231e-11,1.3266e-11
8.8877e-12,1.6492e-11,1.6121e-11
7.8166e-12,6.9376e-12,4.9861e-12
1.3183e-11,1.2547e-11,6.8041e-12
1.1071e-11,2.1864e-11,2.0817e-11
1.1526e-11,1.0834e-11,6.3487e-12
1.0069e-11,7.3208e-12,7.6333e-12
1.1749e-11,2.3144e-11,2.179e-11
1.4387e-11,1.4149e-11,6.6215e-12
1.5056e-11,1.5127e-11,6.8214e-12
1.101e-11,2.8374e-11,2.5591e-11
1.0049e-11,9.0485e-12,5.5735e-12
1.0219e-11,2.7578e-11,2.5239e-11
1.0762e-11,1.3071e-11,1.6511e-11
1.9633e-11,3.7209e-11,3.5211e-11
1.2758e-11,7.5078e-12,7.1159e-12
9.5359e-12,7.3864e-12,9.2181e-12
2.1013e-11,4.225e-11,4.051e-11
1.4022e-11,2.2504e-11,2.4536e-11
1.7237e-11,2.9715e-11,3.1376e-11
9.6301e-12,7.3184e-12,8.7741e-12
2.1548e-11,2.0336e-11,1.2161e-11
1.2513e-11,1.142e-11,1.1563e-11
1.5809e-11,8.577e-12,1.2073e-11
1.1477e-11,1.0043e-11,1.1392e-11
1.5597e-11,8.0317e-12,8.2869e-12
1.3366e-11,1.0282e-11,8.7125e-12
2.3466e-11,2.6398e-11,2.8591e-11
1.3678e-11,8.2737e-12,9.3751e-12
1.4962e-11,1.1902e-11,9.9764e-12
3.1853e-11,2.8895e-11,1.9764e-11
1.5966e-11,9.771e-12,1.4765e-11
3.5766e-11,2.3738e-11,4.0504e-11
3.6235e-11,3.2362e-11,2.3078e-11
1.7781e-11,8.2064e-12,1.5334e-11
2.3237e-11,1.3508e-11,1.3171e-11
2.8556e-11,1.2209e-11,2.4003e-11
2.6739e-11,1.2663e-11,2.2114e-11
3.4989e-11,1.5377e-11,2.9377e-11
3.9359e-11,1.5021e-11,3.4736e-11
3.6096e-11,1.6122e-11,2.7401e-11
4.1883e-11,1.5837e-11,3.7521e-11
4.3335e-11,2.3948e-11,3.4285e-11
4.4502e-11,1.8909e-11,3.6452e-11
3.9463e-11,1.489e-11,3.5923e-11
6.7723e-12,6.2994e-12,6.2389e-12
7.4844e-12,7.0386e-12,6.2445e-12
7.8516e-12,9.5285e-12,1.336e-11
8.5023e-12,7.1688e-12,9.32e-12
5.8952e-12,7.9822e-12,1.0047e-11
1.3044e-11,1.2177e-11,4.9449e-12
3.2403e-12,1.9786e-11,1.914e-11
6.6664e-12,3.3498e-11,3.2962e-11
6.1601e-12,6.8507e-12,6.4204e-12
8.9354e-12,9.2824e-12,1.2487e-11
6.0259e-12,3.3694e-11,3.2971e-11
1.0586e-11,1.0157e-11,1.3378e-11
2.1588e-11,2.398e-11,1.0027e-11
1.0501e-11,1.068e-11,1.5365e-11
1.1905e-11,1.1535e-11,5.5078e-12
8.2191e-12,7.0935e-12,6.2314e-12
8.5408e-12,7.7636e-12,4.1327e-12
1.0328e-11,9.7418e-12,5.4833e-12
7.6186e-12,6.9047e-12,5.2441e-12
7.9848e-12,1.7746e-11,1.6751e-11
8.8996e-12,1.7386e-11,1.5408e-11
9.0766e-12,1.2878e-11,1.5302e-11
9.6143e-12,1.0395e-11,1.3967e-11
3.2482e-11,3.5023e-11,1.2814e-11
9.7709e-12,2.3944e-11,2.3515e-11
2.4402e-11,2.2866e-11,1.2113e-11
1.1848e-11,9.8013e-12,5.8723e-12
1.8329e-11,3.1787e-11,3.1716e-11
1.2033e-11,1.2237e-11,7.0813e-12
2.1849e-11,4.146e-11,3.9004e-11
1.2692e-11,7.7456e-12,5.4228e-12
9.3686e-12,7.2613e-12,8.702e-12
9.8907e-12,7.8883e-12,1.0121e-11
1.492e-11,8.076e-12,1.1139e-11
1.3405e-11,1.0382e-11,1.1526e-11
1.5062e-11,9.9477e-12,9.0821e-12
1.4786e-11,8.9443e-12,8.4086e-12
1.4721e-11,9.681e-12,8.7341e-12
2.1337e-11,1.1971e-11,1.9001e-11
3.6351e-11,3.5556e-11,4.7269e-11
2.3552e-11,1.9019e-11,1.545e-11
1.8092e-11,1.2934e-11,1.6312e-11
2.2071e-11,1.4718e-11,2.348e-11
3.9146e-11,3.2783e-11,4.7945e-11
1.9278e-11,1.1621e-11,2.0287e-11
2.8596e-11,2.5401e-11,1.7063e-11
2.1821e-11,1.3601e-11,1.3315e-11
3.9657e-11,2.8003e-11,4.6337e-11
2.4177e-11,1.392e-11,2.6329e-11
2.0481e-11,9.4994e-12,1.7151e-11
1.9378e-11,1.2148e-11,1.6221e-11
2.4192e-11,1.0416e-11,2.3506e-11
2.7391e-11,1.069e-11,2.2131e-11
3.235e-11,1.5986e-11,2.5294e-11
3.746e-11,1.3111e-11,3.4692e-11
3.3787e-11,1.3449e-11,2.5337e-11
3.6317e-11,1.2523e-11,3.3732e-11
3.5228e-11,1.2551e-11,2.6142e-11
4.4229e-11,1.8937e-11,3.5576e-11
4.5393e-11,1.6767e-11,3.8698e-11
7.1069e-12,7.402e-12,6.7938e-12
5.8763e-12,6.7028e-12,7.998e-12
3.5907e-12,2.3763e-11,2.2511e-11
8.0749e-12,6.5973e-12,2.902e-12
6.8203e-12,6.2259e-12,3.3458e-12
1.0289e-11,9.0164e-12,5.5727e-12
5.7197e-12,7.9655e-12,8.4454e-12
1.1265e-11,1.1956e-11,1.5483e-11
6.9108e-12,1.2026e-11,1.4391e-11
8.0078e-12,7.3479e-12,5.3365e-12
1.0108e-11,1.3591e-11,1.5773e-11
7.8828e-12,6.6585e-12,3.6573e-12
9.6275e-12,7.8608e-12,3.9543e-12
1.275e-11,1.2133e-11,7.6285e-12
1.0718e-11,2.5474e-11,2.5216e-11
1.9206e-11,1.7603e-11,1.0356e-11
1.2713e-11,8.9085e-12,5.4642e-12
1.2006e-11,1.6262e-11,1.3568e-11
1.2758e-11,1.2314e-11,1.2455e-11
1.9527e-11,1.7724e-11,1.1351e-11
1.4915e-11,1.2165e-11,7.3783e-12
1.4687e-11,9.5736e-12,7.8618e-12
1.247e-11,1.0255e-11,1.1666e-11
1.766e-11,9.3143e-12,7.4454e-12
1.4016e-11,9.5508e-12,1.4136e-11
2.899e-11,2.685e-11,1.7615e-11
1.8323e-11,9.7313e-12,1.5717e-11
3.5465e-11,3.1326e-11,2.1989e-11
3.413e-11,2.6794e-11,2.2544e-11
2.5837e-11,1.2364e-11,2.5688e-11
3.2165e-11,2.6686e-11,1.716e-11
2.8424e-11,1.2587e-11,2.5883e-11
3.0118e-11,1.3328e-11,2.627e-11
2.6084e-11,1.3113e-11,1.8182e-11
3.0025e-11,1.1935e-11,2.6422e-11
3.0262e-11,1.4231e-11,2.314e-11
3.6567e-11,1.3325e-11,2.6655e-11
3.8433e-11,1.4125e-11,2.895e-11
7.5488e-12,6.569e-12,8.1347e-12
6.8705e-12,1.0045e-11,1.3576e-11
8.0555e-12,1.1007e-11,1.2487e-11
7.6157e-12,7.7487e-12,5.4751e-12
4.4492e-12,1.3631e-11,1.3754e-11
1.7662e-11,1.9192e-11,8.3943e-12
7.2556e-12,8.3311e-12,1.0782e-11
7.9413e-12,1.4626e-11,1.6018e-11
2.6466e-11,2.8481e-11,1.0366e-11
9.4737e-12,8.2177e-12,3.5428e-12
7.2015e-12,5.9386e-12,6.4018e-12
8.0145e-12,1.0651e-11,1.3034e-11
4.4377e-12,1.2765e-11,1.4767e-11
7.1303e-12,1.1037e-11,9.0332e-12
2.8856e-11,2.9842e-11,1.097e-11
5.9075e-12,9.5793e-12,1.0745e-11
7.2708e-12,1.1762e-11,1.3479e-11
7.8533e-12,9.8716e-12,1.2509e-11
1.1916e-11,1.1169e-11,6.5865e-12
9.3263e-12,7.2269e-12,5.5023e-12
1.0699e-11,1.3972e-11,1.513e-11
1.4467e-11,3.0132e-11,3.0929e-11
1.3646e-11,1.1815e-11,7.1955e-12
1.3216e-11,1.0213e-11,6.1589e-12
1.2713e-11,1.7544e-11,1.6258e-11
2.0621e-11,3.6764e-11,3.7383e-11
3.0167e-11,2.8576e-11,1.6438e-11
1.1032e-11,1.04e-11,1.1124e-11
1.9067e-11,2.4801e-11,2.8747e-11
1.5876e-11,1.1041e-11,8.0914e-12
1.5859e-11,8.7546e-12,6.3621e-12
1.1292e-11,9.5353e-12,1.1239e-11
1.8715e-11,2.0728e-11,2.4411e-11
2.6707e-11,3.3762e-11,3.8292e-11
2.0095e-11,1.7425e-11,1.3042e-11
1.6639e-11,1.2619e-11,1.488e-11
2.1777e-11,1.7382e-11,1.2838e-11
1.9907e-11,1.5125e-11,1.1213e-11
2.0543e-11,1.2797e-11,1.999e-11
3.9123e-11,3.4033e-11,4.8287e-11
2.7016e-11,1.5718e-11,2.9637e-11
2.1185e-11,1.0748e-11,1.2478e-11
2.5828e-11,1.2465e-11,1.7238e-11
3.7468e-11,1.775e-11,4.0787e-11
2.5627e-11,1.5606e-11,1.6351e-11
3.4609e-11,1.5661e-11,3.5687e-11
4.1534e-11,3.1276e-11,2.8611e-11
4.0833e-11,1.5339e-11,3.7952e-11
6.4473e-12,6.9454e-12,1.0537e-11
8.1279e-12,6.215e-12,7.6091e-12
6.7744e-12,5.8488e-12,4.9581e-12
9.4794e-12,1.1969e-11,1.6327e-11
5.4268e-12,8.016e-12,1.0813e-11
1.4495e-11,1.3759e-11,6.1597e-12
8.2921e-12,6.0223e-12,4.17e-12
1.0909e-11,9.989e-12,7.2275e-12
7.8809e-12,6.3113e-12,3.7972e-12
6.3177e-12,1.502e-11,1.6802e-11
2.7744e-11,2.9754e-11,1.0905e-11
8.0505e-12,6.6786e-12,5.3976e-12
8.1927e-12,5.7439e-12,4.5804e-12
1.0926e-11,1.0475e-11,4.8666e-12
8.6065e-12,7.6606e-12,4.8432e-12
1.6499e-11,1.6401e-11,6.5529e-12
5.8659e-12,9.7866e-12,9.6541e-12
3.0024e-11,2.9923e-11,1.1251e-11
9.0733e-12,6.7654e-12,5.6506e-12
1.1594e-11,2.7002e-11,2.6694e-11
3.3112e-11,3.1506e-11,1.5721e-11
2.3412e-11,2.1411e-11,1.2803e-11
1.1491e-11,1.9029e-11,1.9174e-11
3.2087e-11,3.1965e-11,1.5451e-11
1.3389e-11,8.3282e-12,8.0329e-12
9.0344e-12,7.6449e-12,8.8462e-12
1.6665e-11,1.7124e-11,1.6277e-11
1.5241e-11,1.0505e-11,8.1423e-12
1.171e-11,1.1978e-11,1.2424e-11
1.6695e-11,9.492e-12,7.3672e-12
1.471e-11,1.2667e-11,1.1485e-11
1.2977e-11,8.8867e-12,1.2571e-11
1.6837e-11,1.1355e-11,1.4727e-11
2.4779e-11,2.1522e-11,1.7008e-11
3.4268e-11,3.7903e-11,4.625e-11
2.3273e-11,1.1791e-11,1.9564e-11
2.4992e-11,1.7532e-11,1.5027e-11
2.1481e-11,1.0698e-11,1.329e-11
3.1625e-11,1.6659e-11,3.5195e-11
2.9988e-11,1.6665e-11,1.9053e-11
3.2126e-11,1.4505e-11,2.851e-11
3.7111e-11,1.509e-11,3.468e-11
3.8251e-11,2.4362e-11,2.5384e-11
3.4659e-11,1.3005e-11,2.4422e-11
3.3452e-11,1.7187e-11,2.8325e-11
5.1316e-11,2.579e-11,3.7689e-11
4.0866e-11,1.6806e-11,3.0353e-11
5.4515e-11,2.5815e-11,4.1925e-11
5.3482e-11,2.3155e-11,4.1209e-11
4.0004e-11,1.6309e-11,3.4355e-11
5.4647e-12,2.9913e-11,2.7868e-11
9.6028e-12,9.073e-12,3.2222e-12
7.3091e-12,6.6062e-12,5.3246e-12
1.1358e-11,1.0774e-11,7.1715e-12
7.2099e-12,5.5678e-12,3.2515e-12
7.2603e-12,1.2623e-11,1.3994e-11
7.7536e-12,9.0395e-12,7.1135e-12
6.2425e-12,9.1661e-12,1.2446e-11
6.2367e-12,8.7606e-12,1.0644e-11
7.8489e-12,7.1382e-12,6.1954e-12
8.3135e-12,7.0623e-12,6.1746e-12
5.6109e-12,1.9156e-11,2.3284e-11
1.9501e-11,2.0224e-11,7.5187e-12
5.6829e-12,1.6349e-11,1.847e-11
6.2056e-12,1.8533e-11,2.235e-11
4.2011e-12,1.2816e-11,1.4386e-11
8.9854e-12,1.4537e-11,1.5152e-11
9.0196e-12,2.909e-11,2.8117e-11
9.5087e-12,7.8427e-12,7.7593e-12
8.5105e-12,6.6834e-12,5.7325e-12
9.496e-12,7.4575e-12,5.6199e-12
1.1764e-11,3.6741e-11,3.2836e-11
1.8088e-11,1.7215e-11,8.7118e-12
3.0507e-11,2.9046e-11,1.3621e-11
1.1102e-11,1.6006e-11,1.5482e-11
1.2074e-11,2.3204e-11,2.4582e-11
1.492e-11,1.3599e-11,7.3429e-12
1.3343e-11,1.1457e-11,6.6787e-12
1.2911e-11,1.8281e-11,1.4001e-11
9.8919e-12,8.5659e-12,8.8116e-12
1.728e-11,2.9575e-11,3.0211e-11
1.5181e-11,2.1083e-11,2.0409e-11
1.5851e-11,9.2103e-12,8.0791e-12
1.7175e-11,1.9048e-11,2.0079e-11
1.9976e-11,2.5911e-11,2.8753e-11
3.0637e-11,2.8651e-11,1.6813e-11
1.5616e-11,1.023e-11,8.0247e-12
1.3731e-11,1.178e-11,1.4914e-11
1.7291e-11,1.0283e-11,7.4947e-12
2.1758e-11,2.8966e-11,3.2198e-11
1.4342e-11,9.4538e-12,1.2758e-11
2.1269e-11,1.9204e-11,1.0697e-11
2.7876e-11,3.5286e-11,4.174e-11
3.3431e-11,3.1908e-11,2.1449e-11
2.6174e-11,2.3664e-11,3.0515e-11
3.0953e-11,3.3642e-11,4.2337e-11
2.1586e-11,1.2931e-11,1.1002e-11
1.9558e-11,1.0371e-11,8.9448e-12
3.1113e-11,2.7123e-11,1.898e-11
2.2598e-11,1.4373e-11,1.3697e-11
3.112e-11,2.526e-11,1.762e-11
2.801e-11,1.9005e-11,1.5404e-11
3.7415e-11,2.857e-11,2.2139e-11
2.6282e-11,1.338e-11,1.7802e-11
2.6281e-11,1.1318e-11,1.9733e-11
3.1137e-11,1.5051e-11,2.5713e-11
3.5101e-11,1.657e-11,2.6781e-11
5.3869e-11,2.2115e-11,4.3648e-11
8.4314e-12,8.5965e-12,9.3437e-12
1.1585e-11,1.3511e-11,1.6916e-11
4.761e-12,6.8831e-12,9.1334e-12
1.6841e-11,1.6185e-11,7.345e-12
7.5294e-12,5.3309e-12,4.0041e-12
5.9623e-12,3.0952e-11,3.0604e-11
7.5645e-12,5.9258e-12,4.3609e-12
7.6618e-12,6.097e-12,6.6113e-12
8.4438e-12,1.4257e-11,1.3805e-11
9.5053e-12,8.3723e-12,1.0594e-11
1.5852e-11,1.5865e-11,6.4144e-12
8.6734e-12,7.9445e-12,4.5504e-12
7.4868e-12,1.0252e-11,9.973e-12
6.3296e-12,9.2749e-12,9.5998e-12
1.0219e-11,3.1036e-11,3.0204e-11
2.3585e-11,2.2643e-11,1.0913e-11
1.2687e-11,2.811e-11,2.8008e-11
1.2838e-11,2.0589e-11,1.9809e-11
1.289e-11,1.1441e-11,6.2368e-12
1.1914e-11,1.1032e-11,7.2821e-12
1.3123e-11,9.0953e-12,6.0917e-12
1.405e-11,1.1455e-11,1.2153e-11
3.1077e-11,2.9106e-11,1.5852e-11
2.1173e-11,1.9175e-11,1.1926e-11
2.7301e-11,2.4965e-11,1.4762e-11
1.1635e-11,1.195e-11,1.405e-11
2.5245e-11,2.3631e-11,1.4662e-11
1.2253e-11,1.1806e-11,1.419e-11
1.487e-11,1.3397e-11,1.7015e-11
1.8225e-11,1.4763e-11,1.7618e-11
1.2452e-11,8.4228e-12,1.1263e-11
1.2056e-11,1.0241e-11,1.2015e-11
2.5199e-11,2.4034e-11,1.3619e-11
1.6698e-11,1.1913e-11,1.5112e-11
1.8796e-11,1.2395e-11,9.944e-12
3.4928e-11,3.2174e-11,2.1667e-11
3.5281e-11,3.0933e-11,2.186e-11
1.9491e-11,9.5994e-12,1.4354e-11
3.1585e-11,1.8042e-11,3.5659e-11
2.5332e-11,1.3936e-11,1.3005e-11
2.9334e-11,1.8503e-11,1.5906e-11
2.2451e-11,1.2302e-11,1.83e-11
2.3956e-11,1.1268e-11,1.8993e-11
3.0024e-11,1.6125e-11,2.6157e-11
4.3229e-11,2.9423e-11,2.611e-11
4.0198e-11,1.6362e-11,3.2611e-11
3.2518e-11,1.7213e-11,2.6126e-11
3.5763e-11,1.6404e-11,2.8666e-11
5.116e-11,2.2868e-11,4.1691e-11
7.6745e-12,6.8522e-12,7.3929e-12
8.1369e-12,1.0584e-11,1.2872e-11
4.2585e-12,1.2336e-11,1.2651e-11
6.3424e-12,1.685e-11,1.7221e-11
8.6515e-12,1.5465e-11,1.4613e-11
3.0059e-11,3.0641e-11,1.1129e-11
8.0391e-12,2.3667e-11,2.3819e-11
1.1788e-11,3.5951e-11,3.635e-11
1.1658e-11,1.1714e-11,6.0934e-12
1.2944e-11,2.7964e-11,2.7827e-11
1.1531e-11,1.0334e-11,6.2442e-12
1.058e-11,1.6869e-11,1.9763e-11
3.5387e-11,3.4205e-11,1.6102e-11
1.1622e-11,9.411e-12,7.436e-12
1.1261e-11,1.3688e-11,1.2306e-11
2.2316e-11,1.9947e-11,1.2381e-11
2.8881e-11,2.6977e-11,1.4518e-11
1.6947e-11,2.184e-11,2.2866e-11
1.243e-11,1.0434e-11,1.2464e-11
1.0797e-11,9.1717e-12,1.0597e-11
1.7457e-11,1.1181e-11,8.4089e-12
1.311e-11,1.0606e-11,1.321e-11
2.2144e-11,2.4201e-11,2.7072e-11
1.3291e-11,8.3779e-12,1.06e-11
2.9865e-11,2.8575e-11,1.7264e-11
2.5385e-11,2.5748e-11,3.0175e-11
2.4138e-11,2.2146e-11,1.3146e-11
1.6931e-11,1.194e-11,1.6231e-11
3.0381e-11,2.8851e-11,1.8487e-11
3.2501e-11,1.8979e-11,3.4574e-11
3.445e-11,1.8786e-11,3.8104e-11
2.6858e-11,1.3777e-11,2.3648e-11
3.7848e-11,2.903e-11,2.5037e-11
2.6877e-11,1.4617e-11,2.2794e-11
3.0742e-11,1.6333e-11,2.0052e-11
4.2409e-11,1.5706e-11,3.2942e-11
4.9115e-11,2.673e-11,3.2479e-11
4.245e-11,1.5703e-11,3.6609e-11
4.2404e-11,1.9257e-11,3.5601e-11
5.0748e-12,3.464e-11,3.4075e-11
9.2531e-12,9.1096e-12,3.0394e-12
7.6064e-12,8.6592e-12,9.5568e-12
7.5344e-12,7.073e-12,5.8584e-12
6.1231e-12,1.2983e-11,1.254e-11
2.6919e-11,2.8537e-11,1.0253e-11
2.0457e-11,2.1389e-11,1.0621e-11
9.2861e-12,8.195e-12,6.8626e-12
5.2459e-12,3.3146e-11,3.2735e-11
8.1302e-12,7.1986e-12,4.1306e-12
8.679e-12,8.9101e-12,1.2859e-11
8.0123e-12,7.1328e-12,4.0659e-12
7.91e-12,6.6714e-12,4.46e-12
1.6958e-11,1.706e-11,6.7492e-12
7.4582e-12,7.4228e-12,8.4625e-12
8.6023e-12,1.7576e-11,1.8192e-11
2.6749e-11,2.7415e-11,9.5072e-12
9.8255e-12,9.723e-12,4.6228e-12
1.055e-11,3.8054e-11,3.8165e-11
6.5043e-12,7.43e-12,8.4458e-12
9.2077e-12,7.7443e-12,6.1466e-12
5.9058e-12,1.1017e-11,1.139e-11
1.0414e-11,1.009e-11,1.0934e-11
9.3455e-12,2.9518e-11,2.9983e-11
1.2147e-11,1.3995e-11,1.1765e-11
1.3916e-11,2.716e-11,2.7304e-11
1.6284e-11,2.7874e-11,2.761e-11
2.0217e-11,2.6871e-11,2.7759e-11
1.2517e-11,1.0424e-11,1.2369e-11
2.2064e-11,2.8101e-11,2.8825e-11
2.0776e-11,2.2086e-11,2.3793e-11
3.0371e-11,2.2833e-11,3.3779e-11
2.0982e-11,1.1141e-11,1.0155e-11
2.4748e-11,1.8401e-11,1.5294e-11
1.9303e-11,1.0562e-11,1.7084e-11
3.188e-11,1.9236e-11,3.3231e-11
3.6574e-11,3.1099e-11,2.2911e-11
2.4079e-11,1.1745e-11,1.3714e-11
2.4451e-11,1.3704e-11,2.2517e-11
4.3644e-11,1.738e-11,3.6366e-11
4.4351e-11,1.6193e-11,3.4971e-11
4.496e-11,1.8612e-11,3.6216e-11
7.8664e-12,5.4852e-12,4.2903e-12
7.0209e-12,8.6321e-12,1.2198e-11
7.5889e-12,5.3157e-12,2.6697e-12
6.9378e-12,9.9982e-12,1.2148e-11
4.1701e-12,3.2533e-11,3.2432e-11
4.0727e-12,3.3009e-11,3.2354e-11
8.2862e-12,9.337e-12,9.6861e-12
6.6926e-12,2.3158e-11,2.4017e-11
7.6446e-12,6.7368e-12,4.2998e-12
7.3149e-12,6.4595e-12,3.3752e-12
6.8103e-12,1.9576e-11,2.0646e-11
8.6927e-12,8.1436e-12,5.4229e-12
8.8882e-12,8.5448e-12,4.7256e-12
1.5139e-11,1.4713e-11,6.3253e-12
1.0519e-11,1.0497e-11,5.1753e-12
9.5876e-12,8.3073e-12,1.0106e-11
1.0899e-11,3.6933e-11,3.6558e-11
9.6561e-12,8.7525e-12,4.3727e-12
1.5955e-11,1.5062e-11,6.9803e-12
1.2013e-11,1.0326e-11,6.7255e-12
1.0438e-11,1.49e-11,1.5422e-11
1.0373e-11,1.289e-11,1.2819e-11
1.5673e-11,3.4863e-11,3.5792e-11
1.1847e-11,9.8395e-12,8.9205e-12
1.145e-11,8.6286e-12,8.7178e-12
3.1802e-11,2.8788e-11,1.6851e-11
1.2075e-11,9.0873e-12,1.1301e-11
1.1199e-11,8.4223e-12,1.0493e-11
1.3042e-11,9.2089e-12,1.142e-11
1.2159e-11,9.4256e-12,1.1962e-11
1.9601e-11,1.0376e-11,1.2813e-11
2.3775e-11,1.6425e-11,1.2051e-11
1.9729e-11,1.1555e-11,1.6537e-11
2.0279e-11,1.1045e-11,1.6682e-11
2.2861e-11,1.3829e-11,1.51e-11
3.3413e-11,1.7656e-11,2.913e-11
3.5585e-11,1.8797e-11,3.7254e-11
3.4074e-11,1.7634e-11,2.6391e-11
3.6864e-11,1.8227e-11,3.6758e-11
3.6433e-11,1.8729e-11,3.6014e-11
3.9578e-11,1.5699e-11,2.8823e-11
8.793e-12,5.8817e-12,3.2508e-12
6.8722e-12,8.3184e-12,9.8602e-12
2.637e-11,2.8182e-11,1.1578e-11
7.6168e-12,5.3852e-12,2.3607e-12
7.2439e-12,7.2102e-12,6.0574e-12
6.1952e-12,8.0442e-12,1.2412e-11
8.0544e-12,6.6855e-12,3.4323e-12
4.1839e-12,2.2874e-11,2.3249e-11
8.2334e-12,8.0019e-12,5.7676e-12
6.9407e-12,1.2183e-11,1.3065e-11
8.7047e-12,1.9386e-11,1.9164e-11
1.0684e-11,1.11e-11,5.535e-12
1.6248e-11,1.5398e-11,7.0911e-12
9.0703e-12,2.5304e-11,2.6105e-11
1.5643e-11,2.2269e-11,2.4057e-11
1.429e-11,2.8627e-11,2.8028e-11
1.3122e-11,1.5653e-11,1.4634e-11
1.4784e-11,1.0444e-11,6.6518e-12
1.5788e-11,1.229e-11,8.1943e-12
1.1161e-11,8.9434e-12,1.0126e-11
2.2133e-11,2.9779e-11,2.9803e-11
2.1835e-11,2.8742e-11,2.855e-11
1.4846e-11,9.4416e-12,1.0592e-11
2.7748e-11,2.6902e-11,3.1163e-11
3.4428e-11,2.8466e-11,3.855e-11
1.801e-11,1.0478e-11,1.5614e-11
2.2975e-11,1.4256e-11,1.0521e-11
3.103e-11,2.2193e-11,3.4121e-11
3.5837e-11,2.792e-11,3.9786e-11
2.9306e-11,2.3859e-11,1.3759e-11
2.9436e-11,1.9988e-11,1.6827e-11
3.3919e-11,1.8245e-11,3.2729e-11
3.3139e-11,1.8733e-11,3.471e-11
3.0164e-11,1.681e-11,1.6037e-11
3.8745e-11,2.7258e-11,2.1949e-11
3.3171e-11,2.0601e-11,1.904e-11
4.3292e-11,2.6199e-11,2.4852e-11
4.2054e-11,1.7437e-11,3.3587e-11
4.4994e-11,1.9698e-11,3.8367e-11
3.2854e-11,1.8239e-11,2.4904e-11
3.8672e-11,1.4492e-11,3.0748e-11
3.8444e-11,1.5406e-11,2.91e-11
4.592e-11,1.6923e-11,3.7161e-11
3.7162e-11,1.8322e-11,2.7761e-11
4.4534e-11,2.4032e-11,2.952e-11
4.1202e-11,1.8989e-11,3.0808e-11
5.3863e-11,2.5145e-11,3.9824e-11
7.9289e-12,6.3095e-12,3.4676e-12
6.6117e-12,1.0155e-11,1.0406e-11
2.5272e-11,2.5835e-11,1.1504e-11
9.114e-12,7.4835e-12,2.37e-12
8.9022e-12,9.0413e-12,9.2751e-12
7.9789e-12,1.0061e-11,7.8092e-12
7.8783e-12,1.0955e-11,1.2902e-11
1.4577e-11,1.5213e-11,5.4916e-12
1.0692e-11,1.0407e-11,4.2973e-12
7.4689e-12,7.271e-12,5.118e-12
8.0326e-12,7.0111e-12,5.5784e-12
8.3872e-12,6.9254e-12,3.0617e-12
1.5253e-11,1.4892e-11,6.3141e-12
6.4753e-12,8.6354e-12,1.0174e-11
9.8173e-12,2.1759e-11,1.9575e-11
2.6212e-11,2.5156e-11,1.1218e-11
1.6169e-11,2.3348e-11,2.255e-11
1.1921e-11,9.3539e-12,8.8589e-12
1.7082e-11,3.8396e-11,3.6687e-11
3.1907e-11,3.104e-11,1.4665e-11
1.268e-11,9.5552e-12,7.7643e-12
1.8361e-11,1.6597e-11,9.4877e-12
1.973e-11,1.7642e-11,1.045e-11
1.2968e-11,9.1435e-12,9.9749e-12
1.8521e-11,1.6171e-11,8.9064e-12
1.6364e-11,1.0968e-11,7.6222e-12
1.91e-11,1.8571e-11,2.1013e-11
1.4123e-11,9.6227e-12,1.1031e-11
1.3664e-11,1.2341e-11,1.4263e-11
1.8156e-11,1.4969e-11,1.9723e-11
2.0154e-11,1.6453e-11,1.216e-11
2.6345e-11,2.3722e-11,1.3893e-11
2.3831e-11,1.9822e-11,1.2025e-11
1.8922e-11,1.3255e-11,1.2472e-11
1.8957e-11,1.0918e-11,1.4974e-11
1.9954e-11,1.1588e-11,1.7483e-11
1.9584e-11,1.2593e-11,1.7769e-11
3.0654e-11,1.8219e-11,3.3607e-11
2.4949e-11,1.3937e-11,1.3044e-11
4.1109e-11,2.209e-11,4.3238e-11
2.8778e-11,1.3831e-11,2.3178e-11
2.7594e-11,1.5642e-11,2.4338e-11
3.0388e-11,1.5496e-11,2.4649e-11
4.0377e-11,1.7462e-11,3.0871e-11
3.4255e-11,1.5753e-11,2.3338e-11
3.5493e-11,1.4744e-11,2.5567e-11
3.3944e-11,1.618e-11,2.8694e-11
3.7807e-11,1.9007e-11,2.7986e-11
6.4005e-12,6.9554e-12,5.8218e-12
1.3944e-11,1.2146e-11,4.4786e-12
1.4162e-11,1.2378e-11,4.7032e-12
7.0532e-12,6.7523e-12,4.9086e-12
7.999e-12,9.5691e-12,9.2542e-12
1.6761e-11,1.5739e-11,7.495e-12
7.721e-12,6.2208e-12,2.0522e-12
7.5381e-12,6.1244e-12,3.2913e-12
1.3599e-11,1.2589e-11,6.7911e-12
7.7341e-12,7.0804e-12,6.9733e-12
9.6233e-12,7.929e-12,8.8672e-12
6.5504e-12,1.9146e-11,1.7503e-11
6.1694e-12,3.1405e-11,3.1387e-11
8.045e-12,3.7218e-11,3.8133e-11
8.7294e-12,7.5645e-12,3.3174e-12
7.8583e-12,7.6212e-12,4.9638e-12
8.9153e-12,7.2768e-12,6.3698e-12
8.1609e-12,1.8784e-11,1.7343e-11
1.1091e-11,2.675e-11,2.6783e-11
1.5988e-11,2.2693e-11,2.0642e-11
1.5429e-11,1.4656e-11,7.448e-12
1.193e-11,2.83e-11,2.904e-11
1.0105e-11,1.3442e-11,1.2427e-11
3.3597e-11,3.0085e-11,1.393e-11
1.19e-11,2.1601e-11,2.2045e-11
1.3108e-11,1.0001e-11,6.0229e-12
1.0431e-11,1.2752e-11,1.3716e-11
1.9993e-11,1.8089e-11,1.0511e-11
1.3553e-11,8.9029e-12,8.3428e-12
1.3137e-11,9.155e-12,7.6179e-12
1.0809e-11,8.5778e-12,8.7183e-12
1.787e-11,2.1966e-11,1.9249e-11
1.663e-11,2.0949e-11,2.0064e-11
1.767e-11,1.376e-11,1.7556e-11
1.83e-11,1.3719e-11,1.5235e-11
1.4807e-11,1.0624e-11,1.119e-11
2.0025e-11,1.3458e-11,1.8875e-11
2.2146e-11,1.1929e-11,2.1073e-11
3.9818e-11,2.356e-11,4.3093e-11
3.8554e-11,2.1566e-11,4.1139e-11
2.5419e-11,1.1876e-11,2.0201e-11
2.9299e-11,1.2994e-11,2.2705e-11
3.0814e-11,1.5957e-11,2.7456e-11
4.3672e-11,1.8818e-11,3.5527e-11
3.8885e-11,1.4953e-11,2.817e-11
4.838e-11,1.9408e-11,3.717e-11
7.6738e-12,8.5233e-12,7.8209e-12
1.1055e-11,9.0843e-12,3.0225e-12
1.0261e-11,7.1231e-12,3.1022e-12
1.9409e-11,1.9231e-11,8.42e-12
1.0071e-11,7.821e-12,6.1553e-12
6.719e-12,6.2657e-12,4.5934e-12
6.7609e-12,1.5431e-11,1.7012e-11
7.1355e-12,7.3166e-12,4.7619e-12
8.4726e-12,8.1397e-12,7.9284e-12
1.0263e-11,2.4517e-11,2.5296e-11
7.4019e-12,7.0885e-12,4.1427e-12
7.2696e-12,8.1292e-12,6.2121e-12
8.954e-12,4.2028e-11,4.3536e-11
9.7075e-12,2.989e-11,2.8797e-11
1.729e-11,1.7391e-11,6.9021e-12
8.9653e-12,7.7896e-12,6.083e-12
8.6392e-12,6.7471e-12,3.8535e-12
9.3073e-12,2.1938e-11,2.3099e-11
1.596e-11,1.567e-11,7.718e-12
1.4286e-11,1.9245e-11,1.5958e-11
9.979e-12,1.4443e-11,1.3442e-11
1.1169e-11,8.6483e-12,5.4949e-12
1.7406e-11,3.9947e-11,3.7738e-11
3.5888e-11,3.173e-11,1.5861e-11
1.2616e-11,1.0364e-11,6.558e-12
1.231e-11,9.0513e-12,6.6713e-12
9.5611e-12,1.2139e-11,1.2786e-11
1.8667e-11,4.1269e-11,3.9645e-11
1.2748e-11,8.9491e-12,8.6132e-12
1.1676e-11,8.8659e-12,7.7822e-12
1.4249e-11,1.7138e-11,1.5115e-11
2.6345e-11,2.4362e-11,1.3755e-11
2.5707e-11,2.3674e-11,1.3029e-11
1.8573e-11,1.7788e-11,9.1459e-12
1.5389e-11,1.1279e-11,7.1915e-12
1.3782e-11,1.0264e-11,8.2643e-12
3.215e-11,2.9328e-11,1.5659e-11
1.4366e-11,1.0133e-11,8.027e-12
2.0531e-11,1.9308e-11,2.2325e-11
3.0037e-11,2.8758e-11,1.7369e-11
1.9822e-11,1.7337e-11,2.2973e-11
2.0451e-11,1.6079e-11,1.1705e-11
2.3096e-11,1.4586e-11,1.0917e-11
1.9231e-11,1.1053e-11,1.7745e-11
2.6353e-11,1.6929e-11,2.4659e-11
3.1909e-11,2.0603e-11,3.7895e-11
3.3025e-11,2.7226e-11,1.7971e-11
2.7294e-11,1.6449e-11,1.275e-11
2.9026e-11,1.7742e-11,2.5598e-11
3.7755e-11,3.0901e-11,2.2996e-11
3.5199e-11,1.929e-11,3.1919e-11
3.9144e-11,2.5058e-11,2.1801e-11
4.1832e-11,2.0397e-11,3.6549e-11
3.5385e-11,2.1104e-11,2.3187e-11
3.6439e-11,1.9127e-11,2.7671e-11
4.0308e-11,1.5681e-11,3.3176e-11
3.96e-11,1.7307e-11,3.3564e-11
4.6518e-11,1.8403e-11,3.4685e-11
8.4521e-12,7.553e-12,8.9629e-12
1.1419e-11,9.5539e-12,4.8448e-12
7.8848e-12,8.4317e-12,5.0572e-12
7.4428e-12,7.7652e-12,4.4258e-12
1.0212e-11,8.3935e-12,4.3717e-12
7.1458e-12,4.2643e-11,4.3202e-11
7.3211e-12,6.4746e-12,3.4921e-12
5.5882e-12,1.9005e-11,1.6728e-11
7.72e-12,1.3497e-11,1.6172e-11
1.2833e-11,1.208e-11,7.5851e-12
8.0988e-12,6.4712e-12,4.2541e-12
8.8326e-12,8.0759e-12,5.7678e-12
7.8765e-12,7.5288e-12,5.4324e-12
1.8779e-11,1.8873e-11,8.1976e-12
7.1955e-12,7.7081e-12,5.5628e-12
7.1118e-12,9.7082e-12,1.0787e-11
9.7123e-12,2.9149e-11,2.7512e-11
7.6104e-12,8.194e-12,7.3449e-12
2.5754e-11,2.4316e-11,9.6039e-12
8.629e-12,1.8055e-11,1.5342e-11
1.5642e-11,1.5178e-11,7.2255e-12
1.6102e-11,2.0258e-11,1.5678e-11
1.0582e-11,2.1832e-11,1.9453e-11
1.4037e-11,2.7936e-11,2.7197e-11
1.0751e-11,8.4435e-12,5.5685e-12
1.1921e-11,9.2307e-12,5.9456e-12
9.0969e-12,1.2294e-11,1.2691e-11
1.1544e-11,9.5031e-12,8.6622e-12
1.2377e-11,9.0347e-12,7.1277e-12
1.4625e-11,1.1218e-11,6.3558e-12
1.5647e-11,1.1335e-11,7.9092e-12
1.8252e-11,2.2095e-11,2.0407e-11
2.2292e-11,2.3632e-11,2.3254e-11
1.7857e-11,1.2301e-11,8.5026e-12
1.5322e-11,1.0454e-11,8.992e-12
1.4393e-11,1.0561e-11,1.187e-11
2.2768e-11,2.1509e-11,1.423e-11
2.8e-11,2.2151e-11,2.8805e-11
2.8178e-11,2.3442e-11,2.9652e-11
3.5245e-11,2.8979e-11,4.189e-11
2.9571e-11,1.8387e-11,1.389e-11
2.732e-11,1.732e-11,2.3225e-11
3.2804e-11,2.2924e-11,1.6361e-11
3.5182e-11,1.5017e-11,2.2142e-11
3.9706e-11,2.3981e-11,2.386e-11
4.2073e-11,2.383e-11,2.855e-11
9.443e-12,8.2602e-12,1.0353e-11
8.1693e-12,1.544e-11,1.5162e-11
5.7773e-12,1.4194e-11,1.5708e-11
6.6922e-12,1.623e-11,1.7394e-11
9.7163e-12,7.1992e-12,3.9633e-12
4.3977e-12,3.975e-11,3.8967e-11
7.4027e-12,7.9234e-12,6.5578e-12
8.8436e-12,1.3146e-11,1.4819e-11
2.3297e-11,2.3316e-11,1.0262e-11
6.1993e-12,1.9945e-11,1.7378e-11
8.2575e-12,1.1871e-11,1.0816e-11
7.7071e-12,2.1205e-11,1.9651e-11
7.2825e-12,2.206e-11,2.1421e-11
1.2062e-11,1.1896e-11,5.2694e-12
8.7694e-12,1.0544e-11,1.1262e-11
1.0052e-11,9.0434e-12,5.5183e-12
8.7552e-12,6.9565e-12,4.6269e-12
2.7818e-11,2.6031e-11,1.0647e-11
1.3803e-11,1.3174e-11,7.0053e-12
1.2674e-11,1.3126e-11,1.3867e-11
1.004e-11,1.2564e-11,1.2402e-11
1.3154e-11,1.0296e-11,5.8829e-12
1.4634e-11,1.0933e-11,7.728e-12
2.0672e-11,3.9833e-11,3.6892e-11
1.3247e-11,1.4981e-11,1.4394e-11
1.6061e-11,1.0577e-11,7.5487e-12
1.5602e-11,1.0956e-11,7.4655e-12
1.81e-11,1.2487e-11,9.0096e-12
2.1827e-11,1.4007e-11,9.4962e-12
2.1394e-11,1.2944e-11,9.6712e-12
2.9114e-11,2.1094e-11,3.2645e-11
2.5551e-11,1.7794e-11,1.3057e-11
1.9958e-11,1.2387e-11,1.7496e-11
3.5035e-11,2.4594e-11,3.6759e-11
3.2521e-11,2.667e-11,1.6463e-11
2.616e-11,1.6719e-11,2.2166e-11
4.1506e-11,3.1393e-11,2.3424e-11
2.96e-11,1.7036e-11,1.7211e-11
2.9037e-11,1.5255e-11,1.8006e-11
4.1701e-11,2.0858e-11,3.463e-11
4.5242e-11,2.3713e-11,3.9397e-11
3.7892e-11,1.831e-11,2.3692e-11
3.9496e-11,1.5515e-11,2.9676e-11
7.0309e-12,8.0059e-12,7.0758e-12
7.4979e-12,7.8616e-12,6.0068e-12
7.6065e-12,6.518e-12,3.9486e-12
7.0786e-12,4.2993e-11,4.3693e-11
4.7131e-12,2.855e-11,2.7841e-11
2.7091e-11,2.7843e-11,1.1567e-11
7.0419e-12,1.541e-11,1.7111e-11
1.125e-11,9.1102e-12,3.8104e-12
8.6475e-12,9.5878e-12,7.2973e-12
1.1693e-11,3.0159e-11,2.9864e-11
9.0815e-12,9.0906e-12,6.0937e-12
9.0428e-12,2.1189e-11,1.7766e-11
2.9903e-11,2.8788e-11,1.2048e-11
1.1293e-11,2.1704e-11,1.8637e-11
1.2096e-11,2.0582e-11,1.7432e-11
9.2372e-12,1.0035e-11,9.541e-12
1.151e-11,9.4693e-12,7.3896e-12
1.3826e-11,1.1325e-11,6.6065e-12
1.2656e-11,1.1337e-11,1.0915e-11
1.9761e-11,3.6351e-11,3.5812e-11
1.5749e-11,1.0992e-11,7.2416e-12
1.5709e-11,1.2764e-11,1.3476e-11
2.219e-11,2.1234e-11,1.2232e-11
1.5895e-11,1.2864e-11,1.3841e-11
1.6554e-11,1.141e-11,7.7784e-12
1.7283e-11,1.3043e-11,8.0732e-12
2.8006e-11,2.6421e-11,1.4936e-11
1.8132e-11,1.4103e-11,1.8383e-11
1.6867e-11,1.1414e-11,1.0265e-11
1.5321e-11,1.4838e-11,1.5693e-11
1.6504e-11,1.1976e-11,1.0972e-11
2.7546e-11,2.3039e-11,2.9004e-11
3.1443e-11,3.0952e-11,3.3923e-11
3.349e-11,2.5387e-11,3.5616e-11
2.6894e-11,1.601e-11,1.2995e-11
4.155e-11,3.0534e-11,2.311e-11
3.417e-11,1.8413e-11,2.8206e-11
3.7505e-11,1.7408e-11,2.59e-11
3.7857e-11,1.4839e-11,2.9143e-11
4.4378e-11,2.6444e-11,2.6671e-11
3.9771e-11,2.0083e-11,2.775e-11
4.4797e-11,2.6454e-11,2.9468e-11
7.7845e-12,6.5801e-12,3.2068e-12
7.3009e-12,7.6841e-12,5.6597e-12
1.325e-11,1.1279e-11,5.0906e-12
7.5515e-12,8.1547e-12,6.7766e-12
7.0421e-12,8.3372e-12,7.2752e-12
6.107e-12,1.1093e-11,1.2429e-11
5.2097e-12,3.4605e-11,3.4041e-11
2.704e-11,2.7576e-11,1.1759e-11
2.5297e-11,2.5099e-11,9.9154e-12
8.549e-12,8.0651e-12,6.0625e-12
8.8593e-12,1.3039e-11,1.3685e-11
8.0208e-12,1.4136e-11,1.4614e-11
1.0776e-11,1.0148e-11,6.1563e-12
8.2728e-12,8.9103e-12,6.842e-12
8.2018e-12,9.5605e-12,8.5491e-12
3.0746e-11,2.9539e-11,1.1478e-11
1.3817e-11,3.364e-11,3.4551e-11
1.1216e-11,1.8155e-11,1.6973e-11
1.0843e-11,8.7694e-12,5.7888e-12
9.6233e-12,1.0221e-11,9.4319e-12
3.3252e-11,3.0182e-11,1.5495e-11
1.3834e-11,1.1246e-11,8.802e-12
8.8208e-12,1.0205e-11,1.1665e-11
1.1161e-11,1.1446e-11,1.1736e-11
1.2052e-11,1.4009e-11,1.3414e-11
1.602e-11,2.0506e-11,1.7984e-11
1.6801e-11,1.2157e-11,7.8666e-12
1.4932e-11,1.2962e-11,1.3337e-11
1.4501e-11,1.2661e-11,1.3861e-11
2.1852e-11,1.8751e-11,1.1355e-11
1.4212e-11,1.0566e-11,1.2075e-11
2.8002e-11,2.0847e-11,1.5841e-11
1.907e-11,1.279e-11,1.5539e-11
3.6776e-11,2.0873e-11,3.5419e-11
2.9105e-11,1.5582e-11,2.1409e-11
4.2886e-11,2.2145e-11,3.6369e-11
4.0338e-11,1.6982e-11,3.0403e-11
3.9815e-11,1.8477e-11,3.2169e-11
5.0446e-11,3.0924e-11,3.1696e-11
5.2224e-11,3.1513e-11,3.2418e-11
4.8362e-11,2.7441e-11,3.363e-11
7.4245e-12,7.6012e-12,5.7031e-12
7.1973e-12,8.5149e-12,6.4864e-12
1.826e-11,1.6126e-11,5.674e-12
6.3322e-12,1.5253e-11,1.6338e-11
2.309e-11,2.3229e-11,1.0055e-11
1.6933e-11,1.7667e-11,5.9352e-12
8.6926e-12,1.3375e-11,1.3733e-11
1.0856e-11,8.3889e-12,5.498e-12
8.9622e-12,1.0144e-11,5.7645e-12
8.5306e-12,7.9594e-12,5.316e-12
7.0334e-12,9.1064e-12,1.0531e-11
8.357e-12,7.9173e-12,5.4229e-12
7.6018e-12,8.4059e-12,6.8332e-12
1.5795e-11,3.2764e-11,3.134e-11
2.9015e-11,2.783e-11,1.2266e-11
9.087e-12,1.087e-11,1.0715e-11
1.1068e-11,1.2866e-11,1.0033e-11
1.0856e-11,9.4934e-12,8.0025e-12
1.1291e-11,9.9452e-12,8.6071e-12
1.034e-11,1.0831e-11,1.0552e-11
1.2973e-11,1.0095e-11,8.0772e-12
2.0808e-11,4.4666e-11,4.3005e-11
2.0803e-11,3.1861e-11,2.6923e-11
1.5959e-11,1.1421e-11,7.3216e-12
3.0957e-11,2.765e-11,1.5207e-11
3.4949e-11,3.0779e-11,1.8274e-11
1.8088e-11,1.429e-11,8.8281e-12
1.2169e-11,1.0846e-11,1.0437e-11
3.3914e-11,3.0805e-11,1.8614e-11
2.0999e-11,1.9726e-11,2.2578e-11
3.193e-11,2.9533e-11,1.7884e-11
1.8111e-11,1.2823e-11,1.7016e-11
1.8573e-11,1.3658e-11,1.7745e-11
2.451e-11,1.8473e-11,2.7653e-11
2.8036e-11,1.6401e-11,2.3189e-11
2.7795e-11,1.5105e-11,1.688e-11
2.7202e-11,1.7233e-11,2.2144e-11
3.8591e-11,2.1792e-11,3.5634e-11
3.1554e-11,1.8045e-11,2.5942e-11
3.3738e-11,1.8788e-11,2.86e-11
3.9803e-11,2.0119e-11,2.8148e-11
4.4008e-11,2.3507e-11,3.0628e-11
5.0864e-11,2.8753e-11,3.4474e-11
7.9766e-12,9.4374e-12,6.2097e-12
8.1025e-12,6.4732e-12,4.54e-12
7.6452e-12,8.4339e-12,6.3324e-12
8.4073e-12,6.8002e-12,3.2426e-12
7.2669e-12,1.1826e-11,1.3232e-11
8.3884e-12,7.1651e-12,5.5927e-12
7.1838e-12,4.4477e-11,4.4253e-11
9.4347e-12,2.3043e-11,2.1668e-11
9.6226e-12,3.0053e-11,2.9446e-11
8.1782e-12,8.4617e-12,6.2715e-12
1.1168e-11,1.3833e-11,1.3428e-11
8.5952e-12,9.1224e-12,5.5707e-12
3.3994e-11,3.1808e-11,1.3571e-11
2.0528e-11,1.9613e-11,1.0524e-11
1.1883e-11,1.0782e-11,5.7793e-12
9.7267e-12,1.1418e-11,1.108e-11
1.5758e-11,2.2038e-11,1.7291e-11
2.526e-11,2.3201e-11,1.204e-11
1.1248e-11,1.0255e-11,9.0106e-12
1.0972e-11,1.2855e-11,1.2517e-11
1.1466e-11,1.0079e-11,9.4382e-12
1.3959e-11,2.4057e-11,1.9268e-11
2.1501e-11,4.4211e-11,4.0528e-11
1.191e-11,1.0255e-11,8.5595e-12
1.4398e-11,1.148e-11,1.013e-11
1.5385e-11,1.2582e-11,7.886e-12
1.3804e-11,1.3104e-11,1.3073e-11
1.6452e-11,1.3558e-11,8.162e-12
1.3247e-11,1.2651e-11,1.3603e-11
1.4805e-11,1.7995e-11,1.8262e-11
1.9807e-11,1.6755e-11,9.3651e-12
1.7359e-11,2.067e-11,1.9658e-11
2.3662e-11,3.0022e-11,2.8222e-11
1.2527e-11,1.0446e-11,1.1186e-11
2.6556e-11,2.4517e-11,1.3682e-11
2.3423e-11,1.9702e-11,1.1343e-11
1.5296e-11,1.2141e-11,1.3373e-11
2.299e-11,1.577e-11,1.0054e-11
3.4525e-11,3.4118e-11,4.0207e-11
2.5314e-11,1.5711e-11,1.2237e-11
2.5508e-11,1.5638e-11,1.2857e-11
3.0925e-11,2.3453e-11,3.4772e-11
3.1221e-11,2.5858e-11,1.6125e-11
3.4794e-11,2.9213e-11,1.7699e-11
3.1853e-11,2.5222e-11,1.4675e-11
2.0854e-11,1.3731e-11,1.5114e-11
3.3087e-11,2.6289e-11,1.607e-11
2.2718e-11,1.3345e-11,1.8131e-11
3.5017e-11,2.4325e-11,1.6634e-11
3.8894e-11,2.3559e-11,3.56e-11
3.2734e-11,1.9496e-11,2.6168e-11
4.807e-11,3.2206e-11,2.5705e-11
5.2789e-11,3.268e-11,3.1436e-11
4.2139e-11,2.4403e-11,2.8295e-11
4.8668e-11,2.7679e-11,3.3107e-11
8.2579e-12,7.3715e-12,4.5264e-12
8.2733e-12,8.0214e-12,7.2589e-12
7.5876e-12,6.9927e-12,7.9234e-12
1.4674e-11,1.3371e-11,5.8582e-12
7.6335e-12,1.0014e-11,1.1315e-11
1.7794e-11,1.84e-11,6.1332e-12
8.8402e-12,6.7788e-12,4.9955e-12
8.2218e-12,4.2166e-11,4.2426e-11
8.2582e-12,8.4502e-12,5.1602e-12
3.3029e-11,3.2079e-11,1.4135e-11
3.2398e-11,3.1417e-11,1.3385e-11
1.2038e-11,1.1012e-11,5.3408e-12
1.1458e-11,9.2211e-12,5.7512e-12
1.7832e-11,3.7226e-11,3.1119e-11
1.0293e-11,9.2341e-12,7.0591e-12
1.2173e-11,1.0215e-11,5.9187e-12
1.7176e-11,3.0862e-11,2.6344e-11
1.3045e-11,1.0011e-11,6.6451e-12
1.0504e-11,9.7857e-12,8.4625e-12
1.1407e-11,1.0224e-11,8.8289e-12
9.7057e-12,1.156e-11,8.9972e-12
1.774e-11,3.5466e-11,3.2689e-11
1.0451e-11,1.0154e-11,1.0204e-11
8.8459e-12,1.0933e-11,1.0154e-11
9.4208e-12,1.1714e-11,1.1184e-11
1.3642e-11,1.4399e-11,1.2832e-11
1.7803e-11,1.454e-11,8.9196e-12
1.7062e-11,1.2041e-11,8.5318e-12
1.549e-11,1.7806e-11,1.8708e-11
2.8902e-11,2.7064e-11,1.5915e-11
1.4869e-11,1.1414e-11,1.1517e-11
2.3947e-11,2.0718e-11,1.1258e-11
2.0328e-11,1.6868e-11,2.2394e-11
2.2591e-11,1.4524e-11,1.9729e-11
2.6422e-11,1.6801e-11,2.5288e-11
2.9998e-11,1.9483e-11,3.0037e-11
3.2863e-11,2.3872e-11,1.471e-11
3.768e-11,2.8014e-11,1.8619e-11
4.0462e-11,3.216e-11,2.2179e-11
3.9486e-11,2.1483e-11,3.5349e-11
4.1734e-11,2.9364e-11,1.9909e-11
3.2477e-11,2.025e-11,2.3026e-11
4.501e-11,2.9046e-11,2.5427e-11
4.5014e-11,2.7301e-11,2.6783e-11
1.027e-11,1.2953e-11,1.5978e-11
8.615e-12,6.6617e-12,3.9963e-12
1.662e-11,1.4838e-11,4.6524e-12
7.8981e-12,7.2139e-12,6.2637e-12
6.6662e-12,1.5264e-11,1.6223e-11
7.9531e-12,8.6345e-12,4.1252e-12
1.1491e-11,8.9605e-12,1.1754e-11
7.1935e-12,9.8124e-12,9.2048e-12
1.9509e-11,1.9344e-11,7.0954e-12
1.1293e-11,9.4218e-12,4.3539e-12
9.8828e-12,8.6024e-12,6.2212e-12
3.1462e-11,3.1308e-11,1.255e-11
2.3448e-11,2.4124e-11,9.869e-12
1.0752e-11,9.7941e-12,5.0103e-12
1.505e-11,3.7483e-11,3.5977e-11
1.0766e-11,9.371e-12,4.7146e-12
1.342e-11,1.3715e-11,7.8168e-12
1.1598e-11,2.1428e-11,1.9715e-11
2.029e-11,2.0194e-11,9.6274e-12
1.1107e-11,1.7247e-11,1.5678e-11
1.5963e-11,3.0137e-11,2.4295e-11
1.0577e-11,9.281e-12,6.9583e-12
1.3249e-11,1.0722e-11,9.447e-12
1.0945e-11,1.0018e-11,8.1739e-12
1.2171e-11,1.0776e-11,9.9125e-12
1.9503e-11,2.7943e-11,2.4804e-11
1.6585e-11,1.2912e-11,8.9878e-12
3.4457e-11,3.218e-11,1.8798e-11
1.4359e-11,1.2313e-11,1.4062e-11
1.886e-11,1.3951e-11,1.042e-11
2.7481e-11,2.4987e-11,2.8883e-11
3.1496e-11,2.6413e-11,3.5791e-11
2.2566e-11,1.3964e-11,1.4428e-11
3.4005e-11,2.2414e-11,1.7857e-11
3.123e-11,1.6196e-11,1.7045e-11
3.7982e-11,2.11e-11,2.1175e-11
3.7431e-11,1.8368e-11,2.3587e-11
4.2191e-11,2.1673e-11,2.682e-11
4.5831e-11,2.7418e-11,2.8225e-11
8.1471e-12,7.2279e-12,7.139e-12
1.9193e-11,1.7433e-11,7.8725e-12
9.7882e-12,9.144e-12,4.3997e-12
7.9965e-12,9.1577e-12,1.1135e-11
8.5286e-12,9.1263e-12,1.147e-11
1.9983e-11,2.0304e-11,6.827e-12
2.9964e-11,2.9838e-11,1.163e-11
8.1314e-12,1.1016e-11,1.1211e-11
3.147e-11,3.2666e-11,1.2638e-11
9.0581e-12,7.4582e-12,3.8218e-12
7.9432e-12,9.3482e-12,5.8184e-12
7.4827e-12,9.7535e-12,1.0809e-11
1.8047e-11,1.8573e-11,6.1109e-12
7.7512e-12,9.8321e-12,1.0537e-11
2.0159e-11,2.0784e-11,9.0539e-12
1.1434e-11,1.0011e-11,5.3154e-12
2.9965e-11,2.9513e-11,1.4315e-11
1.5145e-11,1.6224e-11,1.726e-11
1.4572e-11,2.1678e-11,1.9715e-11
9.6997e-12,1.0787e-11,1.0048e-11
2.3057e-11,2.1406e-11,1.3399e-11
1.2701e-11,1.5505e-11,1.5239e-11
3.113e-11,2.8117e-11,1.4533e-11
1.0334e-11,1.2264e-11,1.0005e-11
3.3784e-11,3.0564e-11,1.6791e-11
1.8961e-11,3.0882e-11,2.6845e-11
1.5468e-11,1.1996e-11,7.9466e-12
3.1246e-11,2.8601e-11,1.684e-11
2.0097e-11,1.4389e-11,8.8377e-12
2.148e-11,1.8236e-11,1.0598e-11
2.5715e-11,3.2797e-11,3.0783e-11
1.5436e-11,1.2948e-11,1.1179e-11
1.6258e-11,1.5424e-11,1.7451e-11
1.5614e-11,1.2688e-11,1.1023e-11
2.8671e-11,2.6913e-11,1.5517e-11
2.7507e-11,2.4247e-11,2.8339e-11
2.3114e-11,1.4835e-11,1.135e-11
1.7191e-11,1.54e-11,1.5161e-11
2.6468e-11,1.7982e-11,1.2038e-11
3.6366e-11,2.8689e-11,1.8765e-11
2.146e-11,1.6066e-11,1.7155e-11
2.8366e-11,2.1605e-11,3.1599e-11
3.0442e-11,1.8899e-11,2.5762e-11
3.0134e-11,1.7546e-11,2.5527e-11
3.1955e-11,1.7565e-11,2.6389e-11
2.9978e-11,1.8834e-11,2.518e-11
3.3996e-11,2.0546e-11,2.3017e-11
3.9863e-11,1.8763e-11,3.1647e-11
8.5803e-12,9.6144e-12,1.0318e-11
1.6261e-11,1.5426e-11,5.0693e-12
1.2079e-11,9.8839e-12,3.2871e-12
9.5896e-12,1.1635e-11,1.3043e-11
8.6808e-12,9.7911e-12,1.0542e-11
8.2172e-12,8.4407e-12,7.4734e-12
1.0202e-11,3.344e-11,3.2195e-11
9.5158e-12,4.4209e-11,4.7083e-11
8.7701e-12,9.2336e-12,4.9158e-12
8.8411e-12,1.0602e-11,7.3822e-12
1.8306e-11,1.8744e-11,6.9456e-12
1.2122e-11,4.1412e-11,4.2361e-11
8.5867e-12,8.5418e-12,5.2585e-12
1.4856e-11,3.4214e-11,2.9318e-11
2.5824e-11,2.5943e-11,1.1098e-11
1.2458e-11,1.1775e-11,5.2399e-12
9.3288e-12,9.695e-12,7.7202e-12
1.0608e-11,1.1829e-11,1.1572e-11
1.0352e-11,1.6516e-11,1.498e-11
1.3186e-11,2.0109e-11,1.8261e-11
1.0333e-11,1.0357e-11,1.0449e-11
9.4953e-12,1.1256e-11,1.0479e-11
1.2258e-11,1.332e-11,1.3143e-11
1.9903e-11,3.3598e-11,2.8292e-11
2.065e-11,4.1683e-11,3.8003e-11
2.0455e-11,3.4817e-11,3.0538e-11
1.417e-11,1.3216e-11,6.974e-12
1.3768e-11,1.1401e-11,7.7737e-12
3.3782e-11,3.1415e-11,1.6348e-11
3.0118e-11,2.7511e-11,1.462e-11
2.4189e-11,3.3515e-11,3.098e-11
2.0729e-11,1.3925e-11,8.8309e-12
2.2605e-11,2.3631e-11,2.6024e-11
2.5164e-11,1.8823e-11,2.5901e-11
2.9778e-11,2.5715e-11,1.4339e-11
1.9514e-11,1.5229e-11,1.3538e-11
2.836e-11,2.2557e-11,1.2998e-11
2.7859e-11,1.8902e-11,2.8433e-11
2.9504e-11,1.763e-11,1.8341e-11
2.7754e-11,1.6504e-11,1.8956e-11
3.5885e-11,1.8841e-11,2.5593e-11
3.6295e-11,1.7273e-11,2.7793e-11
3.96e-11,1.9529e-11,3.0277e-11
4.6421e-11,2.8816e-11,2.6398e-11
4.1935e-11,2.3336e-11,2.6005e-11
8.1082e-12,6.8718e-12,4.558e-12
1.02e-11,7.347e-12,2.0298e-12
8.2807e-12,7.2022e-12,4.6241e-12
9.0536e-12,9.548e-12,5.103e-12
1.1754e-11,8.8652e-12,2.5125e-12
6.6017e-12,3.7567e-11,3.7099e-11
8.8224e-12,9.0168e-12,8.154e-12
8.299e-12,7.5206e-12,5.2672e-12
1.6072e-11,1.6505e-11,5.2685e-12
9.2856e-12,1.5799e-11,1.505e-11
8.5888e-12,8.6003e-12,5.7918e-12
1.1486e-11,2.0687e-11,1.8455e-11
2.9721e-11,2.892e-11,1.3516e-11
1.1801e-11,1.0724e-11,4.8838e-12
1.073e-11,9.8491e-12,5.6105e-12
1.5873e-11,1.4985e-11,9.3045e-12
9.691e-12,1.0234e-11,7.7768e-12
1.0394e-11,1.0758e-11,8.4418e-12
1.1805e-11,1.3045e-11,1.2902e-11
1.1676e-11,1.1518e-11,9.5171e-12
9.3393e-12,1.1982e-11,8.928e-12
1.4861e-11,1.3147e-11,7.5641e-12
1.1421e-11,1.465e-11,1.2974e-11
1.5987e-11,1.2468e-11,7.6475e-12
2.5431e-11,3.6417e-11,3.3172e-11
3.3216e-11,2.9741e-11,1.7971e-11
2.003e-11,1.3717e-11,9.1832e-12
2.5872e-11,2.332e-11,1.315e-11
1.5834e-11,1.4384e-11,1.4769e-11
3.1302e-11,2.7661e-11,1.5423e-11
1.7813e-11,1.5712e-11,1.6688e-11
2.8112e-11,1.8079e-11,2.5967e-11
2.2937e-11,1.6789e-11,1.8033e-11
2.8114e-11,2.0826e-11,2.9401e-11
3.1745e-11,2.3521e-11,3.5391e-11
3.0947e-11,1.9829e-11,1.5606e-11
3.48e-11,2.3304e-11,1.5796e-11
3.3324e-11,1.9715e-11,2.1288e-11
3.4718e-11,2.2541e-11,2.4543e-11
4.323e-11,2.2926e-11,3.489e-11
8.4102e-12,8.9437e-12,8.4707e-12
8.7832e-12,9.0946e-12,8.0371e-12
1.2797e-11,1.1039e-11,3.6832e-12
9.5156e-12,1.9836e-11,2.0251e-11
5.9251e-12,3.8356e-11,3.7978e-11
1.0857e-11,7.9033e-12,6.9747e-12
8.424e-12,1.0894e-11,1.1382e-11
9.8474e-12,1.8778e-11,2.0024e-11
8.2761e-12,7.6132e-12,6.5358e-12
2.6341e-11,2.6925e-11,9.7065e-12
8.1e-12,8.4857e-12,7.5967e-12
2.9635e-11,3.1266e-11,1.0896e-11
1.9219e-11,1.9381e-11,5.4171e-12
2.4564e-11,2.5627e-11,1.0074e-11
2.8008e-11,2.7448e-11,1.0358e-11
1.092e-11,9.5081e-12,3.2041e-12
9.9995e-12,1.5585e-11,1.6542e-11
1.9294e-11,2.7045e-11,2.6778e-11
1.6797e-11,1.762e-11,6.8543e-12
1.6019e-11,1.6583e-11,6.5508e-12
1.1899e-11,1.0701e-11,6.1588e-12
1.2407e-11,1.8869e-11,1.5925e-11
9.5555e-12,1.0433e-11,7.8943e-12
9.5114e-12,1.0657e-11,8.4195e-12
1.3203e-11,2.3482e-11,2.0905e-11
2.054e-11,3.9309e-11,3.7152e-11
1.3996e-11,1.1499e-11,7.1454e-12
1.1406e-11,1.0602e-11,8.422e-12
2.2497e-11,2.0867e-11,1.1176e-11
1.897e-11,1.7035e-11,8.9128e-12
1.4969e-11,2.1516e-11,2.0293e-11
2.1172e-11,2.3981e-11,2.224e-11
1.3027e-11,1.5384e-11,1.524e-11
1.3356e-11,1.5772e-11,1.5797e-11
1.351e-11,1.2931e-11,1.255e-11
1.8879e-11,1.5747e-11,9.566e-12
1.1918e-11,1.3507e-11,1.444e-11
2.3007e-11,2.4594e-11,2.5285e-11
2.3735e-11,2.0369e-11,1.2365e-11
1.8002e-11,1.3214e-11,1.3174e-11
2.3081e-11,2.2144e-11,2.5754e-11
1.687e-11,1.6387e-11,1.6138e-11
1.6892e-11,1.4214e-11,1.4695e-11
2.805e-11,2.1285e-11,1.3201e-11
2.9382e-11,2.4728e-11,1.369e-11
1.8722e-11,1.569e-11,1.4426e-11
3.8049e-11,2.4731e-11,1.9034e-11
2.6961e-11,1.9649e-11,2.1641e-11
2.6586e-11,2.026e-11,2.1917e-11
3.3348e-11,2.2387e-11,3.0779e-11
2.9531e-11,1.6961e-11,2.3224e-11
4.0768e-11,2.046e-11,2.7175e-11
1.263e-11,1.0171e-11,3.9988e-12
9.0363e-12,7.0613e-12,3.3301e-12
9.3871e-12,9.5017e-12,9.0667e-12
7.9763e-12,6.9643e-12,4.1921e-12
9.8589e-12,1.4556e-11,1.5918e-11
9.0661e-12,2.6669e-11,2.6744e-11
8.5139e-12,8.7478e-12,7.2456e-12
1.6514e-11,1.6684e-11,5.5747e-12
8.8478e-12,9.5014e-12,7.3302e-12
2.6961e-11,2.7065e-11,1.0598e-11
1.1527e-11,1.2913e-11,1.3236e-11
1.2002e-11,1.1082e-11,6.4938e-12
1.313e-11,1.19e-11,6.4972e-12
2.0005e-11,3.7176e-11,3.1498e-11
1.9165e-11,2.4395e-11,2.1666e-11
2.1186e-11,1.9371e-11,1.2063e-11
1.2354e-11,1.5456e-11,1.3999e-11
2.7409e-11,4.1354e-11,3.513e-11
1.5782e-11,1.5938e-11,1.7e-11
1.7396e-11,1.3671e-11,1.3216e-11
2.315e-11,1.5968e-11,1.2472e-11
1.9811e-11,1.8518e-11,2.177e-11
3.0254e-11,2.0449e-11,3.0106e-11
3.5942e-11,2.2531e-11,1.7109e-11
3.3535e-11,1.968e-11,2.023e-11
3.5563e-11,1.8281e-11,2.1621e-11
4.1372e-11,2.3598e-11,3.0787e-11
7.8132e-12,1.004e-11,9.7594e-12
9.3445e-12,6.9157e-12,3.3878e-12
2.2187e-11,2.193e-11,6.6271e-12
1.1669e-11,1.3278e-11,1.2998e-11
1.0274e-11,1.4909e-11,1.6345e-11
9.5963e-12,2.1992e-11,2.2549e-11
9.7503e-12,4.6648e-11,4.6204e-11
9.1906e-12,1.1715e-11,1.205e-11
8.8987e-12,9.6052e-12,5.4985e-12
1.812e-11,1.8855e-11,8.2014e-12
2.5192e-11,2.5546e-11,1.3005e-11
1.7485e-11,2.6723e-11,2.3455e-11
2.3054e-11,2.2975e-11,1.0083e-11
1.1594e-11,1.7337e-11,1.6123e-11
2.3731e-11,2.2872e-11,1.1032e-11
1.3696e-11,1.59e-11,1.4594e-11
1.4341e-11,1.225e-11,7.6926e-12
2.1426e-11,1.9184e-11,1.2186e-11
1.3506e-11,1.1712e-11,9.344e-12
2.2663e-11,2.6256e-11,2.5403e-11
2.6048e-11,3.392e-11,3.2117e-11
2.3102e-11,2.6176e-11,2.8249e-11
2.6241e-11,2.1203e-11,1.4405e-11
2.6684e-11,2.0486e-11,1.1601e-11
1.8547e-11,1.9196e-11,1.7905e-11
2.0391e-11,1.8175e-11,2.1752e-11
2.9174e-11,2.4616e-11,1.3635e-11
2.8769e-11,2.3276e-11,1.3411e-11
2.9305e-11,2.133e-11,1.5347e-11
3.3248e-11,2.323e-11,1.5067e-11
3.6092e-11,2.5089e-11,1.6751e-11
4.0794e-11,2.8e-11,1.8537e-11
3.5564e-11,2.2772e-11,3.1466e-11
4.2048e-11,2.275e-11,3.0018e-11
4.7381e-11,2.4888e-11,3.785e-11
1.4597e-11,1.1547e-11,3.0071e-12
1.1665e-11,7.9416e-12,2.2229e-12
9.0163e-12,7.8474e-12,4.4158e-12
8.4217e-12,7.4002e-12,5.5965e-12
1.182e-11,8.0438e-12,3.6446e-12
1.3053e-11,2.6197e-11,2.6663e-11
1.0345e-11,1.3267e-11,1.3128e-11
8.4202e-12,9.3323e-12,9.2071e-12
1.357e-11,1.3134e-11,4.7652e-12
2.1257e-11,2.3524e-11,8.554e-12
1.068e-11,1.6099e-11,1.6715e-11
1.7181e-11,1.7833e-11,6.0806e-12
2.0025e-11,2.1111e-11,8.3852e-12
3.3047e-11,3.3114e-11,1.3286e-11
3.4054e-11,3.4176e-11,1.4438e-11
9.9767e-12,1.0909e-11,8.6325e-12
1.3237e-11,2.2726e-11,1.9862e-11
1.7847e-11,1.7345e-11,9.0594e-12
1.0402e-11,1.4025e-11,1.1549e-11
2.6987e-11,2.4913e-11,1.314e-11
2.2957e-11,3.9759e-11,3.3091e-11
2.2897e-11,4.0208e-11,3.4155e-11
2.4647e-11,4.4079e-11,3.7518e-11
2.2266e-11,3.5695e-11,3.0612e-11
1.3736e-11,1.5858e-11,1.545e-11
1.3721e-11,1.5213e-11,1.6245e-11
2.4725e-11,2.5537e-11,2.9072e-11
2.7173e-11,2.4142e-11,1.3588e-11
2.3038e-11,1.9882e-11,2.1754e-11
2.9658e-11,1.7816e-11,1.5e-11
3.4075e-11,2.0706e-11,1.6803e-11
3.2882e-11,2.3346e-11,1.9019e-11
3.856e-11,2.7055e-11,1.6857e-11
3.5777e-11,2.4525e-11,3.3316e-11
4.0411e-11,2.3328e-11,3.4031e-11
4.211e-11,2.3112e-11,2.3068e-11
3.9578e-11,2.1109e-11,2.538e-11
4.001e-11,2.3169e-11,3.2188e-11
8.6022e-12,1.1187e-11,1.031e-11
8.8519e-12,8.804e-12,6.557e-12
8.716e-12,1.0614e-11,9.7302e-12
9.228e-12,4.4261e-11,4.3555e-11
9.268e-12,8.8641e-12,5.7337e-12
1.2228e-11,1.0414e-11,3.6938e-12
2.0962e-11,2.0952e-11,5.9986e-12
1.1112e-11,1.5771e-11,1.6241e-11
1.4854e-11,1.4281e-11,6.9324e-12
1.1284e-11,1.069e-11,6.073e-12
3.2659e-11,3.2292e-11,1.3787e-11
1.2252e-11,1.2055e-11,6.8997e-12
1.2756e-11,1.1357e-11,5.9639e-12
1.6399e-11,1.4872e-11,6.9317e-12
1.1368e-11,1.0891e-11,7.3602e-12
1.0494e-11,1.3394e-11,1.1465e-11
1.7021e-11,1.452e-11,7.7189e-12
1.3949e-11,1.2652e-11,8.4046e-12
1.3107e-11,1.2292e-11,9.8721e-12
2.4333e-11,4.1804e-11,3.5803e-11
1.9174e-11,1.6317e-11,9.5672e-12
1.5605e-11,1.8503e-11,1.9562e-11
1.345e-11,1.309e-11,1.136e-11
2.0774e-11,1.7181e-11,1.1103e-11
2.2906e-11,2.0804e-11,1.1536e-11
1.9687e-11,1.7904e-11,1.9959e-11
1.9437e-11,1.9799e-11,2.0687e-11
2.2026e-11,1.8972e-11,2.1746e-11
3.2644e-11,2.5548e-11,3.5757e-11
3.1527e-11,2.1396e-11,2.7687e-11
8.4277e-12,7.6487e-12,5.1287e-12
9.4043e-12,1.511e-11,1.4415e-11
9.3709e-12,1.5323e-11,1.5512e-11
1.1777e-11,3.5738e-11,3.4811e-11
8.7428e-12,8.3636e-12,7.0612e-12
9.1737e-12,8.5985e-12,6.5935e-12
8.8072e-12,1.0039e-11,7.0884e-12
8.7263e-12,1.0953e-11,9.4962e-12
1.0485e-11,8.2775e-12,4.0164e-12
2.178e-11,2.1352e-11,5.9226e-12
1.2624e-11,1.2256e-11,5.471e-12
1.7206e-11,3.0225e-11,2.5711e-11
1.0331e-11,1.1083e-11,8.5887e-12
1.1135e-11,1.4339e-11,1.207e-11
1.5897e-11,1.9545e-11,2.0261e-11
2.5108e-11,3.7795e-11,3.3371e-11
2.3115e-11,3.1306e-11,2.9765e-11
1.817e-11,1.8353e-11,1.7215e-11
2.1517e-11,2.1996e-11,2.4044e-11
2.7924e-11,2.5464e-11,1.3867e-11
2.5034e-11,2.6692e-11,3.0058e-11
1.8395e-11,1.5983e-11,1.5356e-11
2.185e-11,2.2078e-11,2.6819e-11
2.0746e-11,2.0246e-11,2.102e-11
3.415e-11,3.0712e-11,1.8535e-11
2.0783e-11,1.6411e-11,1.7899e-11
3.4822e-11,2.6133e-11,3.9241e-11
3.0615e-11,2.1777e-11,2.5234e-11
1.6711e-11,1.3217e-11,2.6939e-12
8.7022e-12,7.6896e-12,4.8384e-12
9.5817e-12,1.0393e-11,1.024e-11
2.5023e-11,2.4004e-11,6.2373e-12
1.0026e-11,1.0181e-11,1.0025e-11
8.5286e-12,8.473e-12,6.55e-12
1.1297e-11,2.2102e-11,2.344e-11
1.0434e-11,8.6797e-12,4.9545e-12
9.0633e-12,1.0882e-11,9.9074e-12
1.047e-11,1.3704e-11,1.2193e-11
9.5182e-12,1.2167e-11,1.0766e-11
1.3336e-11,2.6377e-11,2.508e-11
3.3635e-11,3.4419e-11,1.097e-11
2.1915e-11,2.3694e-11,7.615e-12
1.4323e-11,2.3249e-11,2.3661e-11
1.3503e-11,1.8113e-11,1.749e-11
1.3224e-11,1.9395e-11,1.7653e-11
1.4761e-11,1.3115e-11,7.7774e-12
1.4651e-11,1.2749e-11,9.1549e-12
1.8585e-11,2.307e-11,2.2806e-11
2.3104e-11,3.4522e-11,3.1928e-11
3.3587e-11,3.0874e-11,1.8113e-11
2.8214e-11,2.2511e-11,2.531e-11
3.6178e-11,2.4785e-11,2.4133e-11
4.2345e-11,2.6249e-11,3.6412e-11
3.8373e-11,2.3609e-11,2.975e-11
4.0784e-11,2.5645e-11,3.0555e-11
4.215e-11,2.5359e-11,3.3582e-11
9.4759e-12,1.3169e-11,1.3022e-11
9.7008e-12,1.0561e-11,7.4456e-12
1.2701e-11,3.5679e-11,3.4676e-11
1.2272e-11,9.2474e-12,7.9473e-12
1.0211e-11,8.72e-12,4.0436e-12
1.5254e-11,1.3251e-11,3.4156e-12
9.8898e-12,1.5896e-11,1.5596e-11
1.3921e-11,4.7295e-11,4.6705e-11
1.5708e-11,4.8632e-11,4.7705e-11
1.578e-11,1.4819e-11,5.3202e-12
1.3649e-11,1.1984e-11,5.1878e-12
1.0283e-11,1.1352e-11,7.1177e-12
1.6737e-11,1.4932e-11,8.8685e-12
1.2385e-11,1.667e-11,1.5957e-11
1.1907e-11,1.3846e-11,1.0483e-11
1.9962e-11,1.7244e-11,1.0071e-11
1.9204e-11,2.3171e-11,2.2042e-11
3.4557e-11,3.3313e-11,1.8218e-11
2.5154e-11,1.904e-11,1.2699e-11
3.5191e-11,3.1824e-11,1.913e-11
3.4098e-11,2.6503e-11,3.8783e-11
2.3651e-11,2.1961e-11,2.2812e-11
3.8817e-11,2.5502e-11,3.4277e-11
1.0278e-11,1.1635e-11,1.237e-11
2.2162e-11,2.1298e-11,5.4423e-12
1.0293e-11,1.3611e-11,1.259e-11
9.7016e-12,1.0085e-11,7.382e-12
9.8013e-12,1.1211e-11,7.1461e-12
9.3211e-12,9.3114e-12,6.6931e-12
1.0717e-11,1.0824e-11,5.4661e-12
9.8823e-12,1.0313e-11,6.1216e-12
1.0484e-11,1.36e-11,1.22e-11
3.0172e-11,3.2963e-11,9.1368e-12
1.3729e-11,2.4045e-11,2.2554e-11
1.2132e-11,1.1595e-11,5.4622e-12
1.9044e-11,3.4166e-11,2.917e-11
1.2495e-11,1.4922e-11,1.268e-11
2.0687e-11,3.4892e-11,3.016e-11
1.2545e-11,1.622e-11,1.4395e-11
3.0564e-11,2.733e-11,1.5505e-11
1.8451e-11,2.0411e-11,2.1464e-11
1.5909e-11,1.4094e-11,1.0274e-11
2.0143e-11,1.7756e-11,1.168e-11
1.7428e-11,2.0648e-11,2.1225e-11
2.2034e-11,1.6788e-11,1.0766e-11
2.6759e-11,2.7538e-11,3.1551e-11
2.7347e-11,2.7563e-11,3.1707e-11
3.3267e-11,3.0707e-11,1.7193e-11
3.0859e-11,2.5513e-11,1.423e-11
2.1418e-11,1.8862e-11,1.7914e-11
2.6639e-11,2.6279e-11,3.0387e-11
2.8173e-11,2.5577e-11,3.2533e-11
3.5003e-11,2.5617e-11,1.7315e-11
3.8402e-11,2.6709e-11,1.7065e-11
3.3961e-11,2.4857e-11,3.1508e-11
3.6616e-11,2.4845e-11,2.7913e-11
4.1729e-11,2.5246e-11,2.7164e-11
1.5208e-11,1.1485e-11,4.269e-12
9.3473e-12,1.1111e-11,8.0731e-12
1.0278e-11,1.4188e-11,1.3385e-11
1.0098e-11,1.0607e-11,7.7794e-12
1.239e-11,1.6166e-11,1.6274e-11
1.6207e-11,4.199e-11,4.1519e-11
1.2079e-11,9.6219e-12,4.3687e-12
1.1229e-11,1.4104e-11,1.2478e-11
1.0523e-11,1.0641e-11,6.6329e-12
1.139e-11,1.4571e-11,1.29e-11
1.2089e-11,1.0855e-11,5.7291e-12
1.1601e-11,1.6948e-11,1.6736e-11
1.7177e-11,1.6581e-11,6.5896e-12
1.3631e-11,1.6764e-11,1.5147e-11
1.2973e-11,1.2707e-11,7.4569e-12
1.4334e-11,2.2109e-11,1.969e-11
1.5542e-11,1.4486e-11,8.8837e-12
2.5168e-11,2.2408e-11,1.3204e-11
1.3671e-11,1.5478e-11,1.3328e-11
1.7014e-11,2.0158e-11,1.8955e-11
2.4612e-11,1.9657e-11,1.349e-11
2.6287e-11,1.9922e-11,1.3089e-11
2.5173e-11,1.8975e-11,1.4766e-11
2.5107e-11,2.5041e-11,2.8528e-11
2.7597e-11,2.6682e-11,3.1511e-11
3.0873e-11,2.7864e-11,3.5451e-11
3.947e-11,2.4207e-11,2.046e-11
4.2697e-11,2.8221e-11,2.287e-11
4.3901e-11,2.9763e-11,2.2512e-11
4.3802e-11,2.6087e-11,3.28e-11
1.035e-11,1.1277e-11,8.7699e-12
1.0208e-11,1.0833e-11,6.8966e-12
1.5125e-11,3.8775e-11,3.8347e-11
2.7355e-11,2.7992e-11,7.027e-12
1.7386e-11,3.0989e-11,3.1088e-11
9.8605e-12,1.1302e-11,8.4018e-12
1.8351e-11,3.4459e-11,3.4873e-11
1.0826e-11,1.0837e-11,6.8194e-12
1.0258e-11,1.1892e-11,9.4829e-12
1.0379e-11,1.2989e-11,1.0062e-11
2.1494e-11,2.2124e-11,5.9609e-12
1.0097e-11,1.1849e-11,9.2923e-12
1.0978e-11,1.4992e-11,1.3429e-11
1.102e-11,1.39e-11,1.0638e-11
1.2146e-11,1.2227e-11,7.7911e-12
1.5112e-11,1.3403e-11,6.1235e-12
1.9064e-11,3.5668e-11,3.0054e-11
3.5688e-11,3.5178e-11,1.3944e-11
1.3862e-11,1.8111e-11,1.6597e-11
3.3765e-11,3.3192e-11,1.4113e-11
1.3283e-11,1.5716e-11,1.3223e-11
1.2945e-11,1.4488e-11,1.0736e-11
2.0179e-11,1.6474e-11,1.0771e-11
2.4394e-11,1.9522e-11,1.21e-11
2.1901e-11,2.3406e-11,2.5258e-11
3.0592e-11,2.1822e-11,1.4225e-11
2.5705e-11,2.1628e-11,2.1847e-11
4.481e-11,3.0291e-11,2.3559e-11
3.6522e-11,2.6418e-11,3.3524e-11
3.7416e-11,2.4838e-11,3.0751e-11
9.5448e-12,9.1671e-12,8.0524e-12
1.12e-11,1.0891e-11,7.0003e-12
1.1581e-11,9.7135e-12,4.546e-12
2.8101e-11,2.8405e-11,6.1483e-12
1.0868e-11,1.017e-11,6.9232e-12
1.59e-11,1.343e-11,5.1714e-12
3.4027e-11,3.6742e-11,9.7223e-12
2.5334e-11,2.6622e-11,7.1951e-12
1.9674e-11,3.535e-11,3.5511e-11
1.6365e-11,2.504e-11,2.4005e-11
3.5132e-11,3.781e-11,9.8005e-12
3.1351e-11,3.2347e-11,1.0454e-11
3.2818e-11,3.3641e-11,1.1283e-11
1.4595e-11,1.3841e-11,8.0038e-12
2.6367e-11,2.421e-11,1.2984e-11
2.0869e-11,2.6728e-11,2.6825e-11
2.0154e-11,2.4293e-11,2.4805e-11
1.8475e-11,1.9038e-11,1.8535e-11
3.1336e-11,2.6276e-11,2.9459e-11
3.7647e-11,2.5437e-11,2.395e-11
1.1418e-11,1.0196e-11,6.3656e-12
1.0323e-11,1.1632e-11,8.8277e-12
1.0552e-11,1.1757e-11,8.6198e-12
1.147e-11,1.1744e-11,1.112e-11
1.0878e-11,1.2162e-11,9.3673e-12
2.0253e-11,1.7471e-11,4.1612e-12
1.2601e-11,2.3014e-11,2.2554e-11
1.793e-11,3.3632e-11,3.3836e-11
1.9168e-11,1.8986e-11,5.8017e-12
1.1213e-11,1.1293e-11,1.0211e-11
1.2258e-11,1.6504e-11,1.4951e-11
1.4004e-11,1.184e-11,4.6938e-12
1.0223e-11,1.1209e-11,6.4841e-12
1.9123e-11,3.5182e-11,3.4856e-11
1.1738e-11,1.4887e-11,1.3587e-11
1.9985e-11,2.0882e-11,6.935e-12
1.3664e-11,1.3735e-11,6.2964e-12
1.4978e-11,2.2171e-11,2.1369e-11
2.5938e-11,2.7068e-11,1.0003e-11
1.5293e-11,2.2275e-11,2.3706e-11
3.1526e-11,3.1006e-11,1.4084e-11
2.0754e-11,3.6522e-11,3.3562e-11
1.7031e-11,1.5954e-11,1.0031e-11
2.3946e-11,2.8064e-11,2.8968e-11
2.282e-11,1.9405e-11,1.1751e-11
2.3202e-11,1.729e-11,1.4543e-11
2.3678e-11,2.4342e-11,2.5081e-11
2.9728e-11,2.9165e-11,3.2358e-11
2.7621e-11,2.2505e-11,2.1149e-11
3.2014e-11,2.3869e-11,2.2891e-11
3.2362e-11,2.7546e-11,3.0682e-11
3.9703e-11,3.0235e-11,3.5626e-11
1.0766e-11,1.3051e-11,8.5431e-12
1.1296e-11,1.2088e-11,1.1445e-11
1.0008e-11,9.3812e-12,7.6398e-12
2.7633e-11,2.7526e-11,5.3367e-12
2.5994e-11,2.5986e-11,5.2134e-12
2.3651e-11,2.3434e-11,4.7888e-12
3.1968e-11,3.2719e-11,8.0067e-12
1.3176e-11,2.0643e-11,1.9588e-11
1.0194e-11,1.0525e-11,6.0971e-12
1.0961e-11,1.2183e-11,1.0031e-11
1.1352e-11,1.1423e-11,9.4015e-12
3.2694e-11,3.4902e-11,8.7346e-12
1.3561e-11,1.2955e-11,6.8928e-12
1.261e-11,1.3102e-11,1.0415e-11
1.5969e-11,1.9877e-11,1.7867e-11
2.1473e-11,3.6721e-11,3.3903e-11
1.3486e-11,1.3581e-11,9.7764e-12
3.1698e-11,3.1978e-11,1.3482e-11
1.5535e-11,1.7949e-11,1.4978e-11
1.8523e-11,1.6242e-11,9.9329e-12
1.729e-11,2.0411e-11,1.9221e-11
3.0776e-11,2.7133e-11,1.531e-11
1.6278e-11,1.7675e-11,1.6547e-11
1.885e-11,1.6202e-11,1.3504e-11
2.0387e-11,1.9471e-11,1.5893e-11
2.5723e-11,2.067e-11,1.4847e-11
3.674e-11,2.6669e-11,1.8191e-11
3.4826e-11,2.411e-11,1.699e-11
3.616e-11,2.5231e-11,2.1579e-11
3.8141e-11,2.8384e-11,3.0346e-11
4.1769e-11,2.897e-11,2.7308e-11
4.1111e-11,3.0401e-11,3.3028e-11
3.5288e-11,3.6585e-11,8.1992e-12
1.0122e-11,1.0473e-11,6.447e-12
1.1131e-11,1.3312e-11,9.2323e-12
1.1207e-11,1.3466e-11,9.8128e-12
1.1181e-11,1.223e-11,8.0998e-12
1.8138e-11,2.8279e-11,2.767e-11
1.5205e-11,2.3238e-11,2.2537e-11
3.495e-11,3.4781e-11,1.345e-11
1.7266e-11,2.4867e-11,2.3406e-11
2.5237e-11,2.4223e-11,1.0692e-11
1.4515e-11,1.4458e-11,1.0066e-11
2.2518e-11,3.7575e-11,3.4899e-11
2.2429e-11,3.6729e-11,3.4605e-11
1.9162e-11,1.8129e-11,1.0617e-11
1.8978e-11,1.6519e-11,1.0804e-11
1.5588e-11,1.7858e-11,1.436e-11
1.6174e-11,1.8136e-11,1.3877e-11
2.2877e-11,2.7554e-11,2.8409e-11
3.6444e-11,3.2277e-11,1.8648e-11
3.3965e-11,3.0594e-11,1.7771e-11
2.0632e-11,2.0172e-11,1.9255e-11
2.9369e-11,2.3489e-11,1.5537e-11
2.5841e-11,2.5666e-11,2.5074e-11
2.5352e-11,2.1909e-11,1.97e-11
2.976e-11,2.8728e-11,2.8345e-11
4.6346e-11,3.2182e-11,3.2395e-11
1.0841e-11,1.027e-11,8.7352e-12
1.0813e-11,1.0789e-11,8.3339e-12
1.0896e-11,1.0286e-11,6.2802e-12
1.1555e-11,1.2744e-11,1.0917e-11
3.165e-11,3.1039e-11,6.2215e-12
1.1022e-11,1.0975e-11,6.2598e-12
1.1284e-11,1.3321e-11,9.9306e-12
1.2475e-11,1.3516e-11,1.1208e-11
1.1319e-11,1.215e-11,9.0964e-12
1.2033e-11,1.4055e-11,1.2844e-11
1.6114e-11,2.2035e-11,1.9064e-11
1.7269e-11,2.9246e-11,2.8795e-11
1.3574e-11,1.4466e-11,8.679e-12
1.5109e-11,1.8748e-11,1.5658e-11
1.6803e-11,1.6299e-11,8.6853e-12
1.6429e-11,1.7576e-11,1.3399e-11
3.3619e-11,2.9485e-11,1.6704e-11
3.0234e-11,2.7084e-11,1.5204e-11
2.0358e-11,1.8583e-11,1.6399e-11
2.11e-11,2.3535e-11,2.2624e-11
2.484e-11,2.056e-11,1.4621e-11
2.944e-11,2.2435e-11,1.5629e-11
2.1856e-11,2.268e-11,2.0966e-11
2.7165e-11,2.8705e-11,2.9761e-11
2.338e-11,2.1755e-11,2.0526e-11
3.2126e-11,2.3511e-11,1.6636e-11
3.4371e-11,2.5536e-11,1.8803e-11
3.2879e-11,2.3944e-11,1.8745e-11
3.1411e-11,2.8781e-11,2.8727e-11
4.1269e-11,3.1326e-11,2.0915e-11
4.0926e-11,2.8343e-11,2.2062e-11
3.6046e-11,2.9214e-11,3.0479e-11
3.6688e-11,2.7791e-11,2.6101e-11
1.6389e-11,1.1834e-11,4.6584e-12
1.0959e-11,9.8775e-12,6.3965e-12
1.5307e-11,1.1862e-11,4.5954e-12
1.2689e-11,1.6155e-11,1.3521e-11
2.9247e-11,3.0959e-11,7.1879e-12
1.4624e-11,1.4702e-11,8.1543e-12
2.1179e-11,3.4353e-11,3.1396e-11
1.6358e-11,1.6477e-11,9.3145e-12
1.8344e-11,2.2092e-11,1.8457e-11
1.6707e-11,1.6659e-11,9.9065e-12
1.4666e-11,1.6886e-11,1.3298e-11
1.8119e-11,2.1887e-11,1.8962e-11
2.1094e-11,3.4078e-11,3.3083e-11
3.4904e-11,3.2185e-11,1.5537e-11
2.1346e-11,1.9234e-11,1.0984e-11
1.602e-11,1.515e-11,1.2311e-11
3.2125e-11,2.9656e-11,1.5197e-11
2.216e-11,2.8264e-11,2.7975e-11
2.5715e-11,3.3917e-11,3.4953e-11
1.9684e-11,2.4688e-11,2.3251e-11
1.9724e-11,2.4015e-11,2.2326e-11
2.6074e-11,2.3032e-11,1.2868e-11
3.5046e-11,3.0403e-11,1.7643e-11
2.2265e-11,2.1606e-11,1.8693e-11
2.362e-11,2.6819e-11,2.5614e-11
3.5299e-11,2.8036e-11,1.8806e-11
3.4999e-11,2.7365e-11,1.9002e-11
3.058e-11,2.7072e-11,2.705e-11
3.9332e-11,3.0246e-11,1.9855e-11
3.9393e-11,2.8465e-11,2.4666e-11
4.3378e-11,2.9387e-11,3.5127e-11
4.5844e-11,3.1836e-11,3.0332e-11
1.0809e-11,1.0732e-11,8.0197e-12
1.2059e-11,1.0584e-11,7.936e-12
2.3725e-11,1.9735e-11,3.529e-12
1.2784e-11,1.0894e-11,6.1987e-12
1.453e-11,2.5248e-11,2.1582e-11
1.1124e-11,1.1815e-11,8.2211e-12
1.6647e-11,2.7333e-11,2.5141e-11
1.1358e-11,1.2073e-11,6.9846e-12
1.191e-11,1.298e-11,9.4296e-12
1.4495e-11,1.8964e-11,1.5158e-11
1.3943e-11,1.3663e-11,7.9208e-12
1.4974e-11,1.8628e-11,1.4896e-11
1.8973e-11,1.7976e-11,8.9459e-12
1.7774e-11,2.1291e-11,1.7164e-11
2.9628e-11,2.7913e-11,1.2716e-11
2.115e-11,1.8602e-11,1.0396e-11
1.7572e-11,1.7277e-11,1.0191e-11
1.8287e-11,1.7158e-11,1.0825e-11
1.8892e-11,1.8456e-11,1.6865e-11
2.0788e-11,1.912e-11,1.4326e-11
3.1237e-11,2.6092e-11,1.7374e-11
3.1046e-11,2.3794e-11,1.9347e-11
2.9785e-11,2.8271e-11,2.6008e-11
3.8883e-11,2.7307e-11,2.1239e-11
4.0435e-11,2.8599e-11,2.1237e-11
4.3747e-11,3.2092e-11,2.999e-11
2.2904e-11,1.8572e-11,3.2134e-12
1.3542e-11,2.0145e-11,1.6781e-11
2.8096e-11,2.7035e-11,4.833e-12
1.7893e-11,3.3782e-11,3.3941e-11
1.7907e-11,1.4192e-11,5.3094e-12
2.0306e-11,1.7773e-11,5.3893e-12
1.2853e-11,1.3891e-11,8.6998e-12
1.2913e-11,1.5454e-11,1.2628e-11
1.5782e-11,2.3607e-11,2.0671e-11
1.3852e-11,1.3547e-11,8.3393e-12
1.5922e-11,2.0762e-11,1.6885e-11
1.4292e-11,1.6051e-11,1.318e-11
2.0881e-11,2.9763e-11,2.9207e-11
1.5665e-11,1.5395e-11,1.0579e-11
2.3316e-11,2.7588e-11,2.4697e-11
2.5625e-11,3.3877e-11,3.4328e-11
2.227e-11,1.9828e-11,1.3137e-11
3.261e-11,2.7568e-11,1.9005e-11
2.5931e-11,3.105e-11,2.9996e-11
2.7945e-11,2.4239e-11,1.7267e-11
2.5072e-11,2.799e-11,2.5053e-11
2.8596e-11,2.2429e-11,1.7397e-11
3.0259e-11,2.3642e-11,1.8145e-11
2.7294e-11,2.6964e-11,2.6168e-11
2.3865e-11,1.983e-11,5.9948e-12
1.4525e-11,1.192e-11,5.916e-12
1.4841e-11,2.2677e-11,2.0336e-11
1.3046e-11,1.4845e-11,1.1417e-11
1.1793e-11,1.3246e-11,8.3628e-12
1.8757e-11,1.4958e-11,4.6751e-12
3.5438e-11,3.623e-11,7.1382e-12
2e-11,3.5186e-11,3.4186e-11
2.8734e-11,3.0322e-11,7.1103e-12
2.0989e-11,1.8773e-11,6.0235e-12
1.6577e-11,2.146e-11,1.7358e-11
1.5225e-11,1.5306e-11,8.8275e-12
1.6398e-11,1.8364e-11,1.4256e-11
1.8051e-11,1.6765e-11,1.0729e-11
1.9989e-11,1.8378e-11,1.1243e-11
2.278e-11,2.9412e-11,2.8276e-11
3.0376e-11,2.8475e-11,1.433e-11
1.9419e-11,1.8054e-11,1.1982e-11
2.0848e-11,2.5596e-11,2.3173e-11
2.2344e-11,2.6382e-11,2.3476e-11
2.572e-11,2.1465e-11,1.4213e-11
2.6034e-11,2.9179e-11,2.7044e-11
2.773e-11,3.0901e-11,2.8918e-11
3.4823e-11,2.6936e-11,1.8713e-11
3.2095e-11,2.5894e-11,2.3467e-11
3.585e-11,2.677e-11,2.2502e-11
3.6927e-11,3.0754e-11,3.0634e-11
1.5853e-11,1.2706e-11,5.6809e-12
1.1844e-11,1.1769e-11,8.5627e-12
1.5259e-11,1.604e-11,1.2822e-11
2.0821e-11,3.8413e-11,3.7991e-11
1.4006e-11,1.6723e-11,1.2295e-11
3.3827e-11,3.4497e-11,7.1241e-12
1.9739e-11,1.6212e-11,5.5446e-12
1.3002e-11,1.4601e-11,1.1713e-11
2.0931e-11,3.3666e-11,3.2599e-11
1.5096e-11,1.4714e-11,8.2557e-12
1.6212e-11,1.8958e-11,1.443e-11
1.4972e-11,1.5173e-11,1.0476e-11
2.1084e-11,1.9538e-11,1.1092e-11
1.89e-11,2.0371e-11,1.5693e-11
3.4689e-11,3.1748e-11,1.5615e-11
2.2972e-11,3.0528e-11,2.8905e-11
1.9266e-11,1.8612e-11,1.172e-11
3.3139e-11,3.1641e-11,1.5711e-11
1.9019e-11,1.831e-11,1.3746e-11
2.1217e-11,2.2738e-11,1.8674e-11
2.9293e-11,2.6835e-11,1.4564e-11
2.1961e-11,2.3996e-11,1.9883e-11
3.181e-11,2.7231e-11,1.8034e-11
3.0148e-11,2.431e-11,1.7756e-11
3.0249e-11,3.284e-11,2.9736e-11
3.8384e-11,2.9504e-11,2.0889e-11
1.4001e-11,1.6784e-11,1.3604e-11
1.4759e-11,1.7757e-11,1.4189e-11
1.4848e-11,2.0586e-11,1.6765e-11
1.7897e-11,3.192e-11,2.989e-11
1.5077e-11,1.6969e-11,1.3414e-11
1.5882e-11,1.9233e-11,1.4992e-11
1.3385e-11,1.3782e-11,8.9732e-12
1.4194e-11,1.6494e-11,1.3259e-11
1.4504e-11,1.5786e-11,9.061e-12
2.1645e-11,3.3384e-11,3.2245e-11
1.3838e-11,1.5887e-11,8.7783e-12
2.095e-11,2.9088e-11,2.6844e-11
2.2192e-11,2.8928e-11,2.7329e-11
1.995e-11,2.1143e-11,1.7424e-11
2.4791e-11,2.7729e-11,2.3411e-11
2.3299e-11,2.2338e-11,1.4253e-11
3.0584e-11,2.4889e-11,1.9952e-11
3.0431e-11,3.1949e-11,2.8933e-11
3.4078e-11,2.8048e-11,2.3855e-11
3.6818e-11,3.0284e-11,2.7327e-11
1.6693e-11,2.8377e-11,2.3128e-11
1.2622e-11,1.2867e-11,8.8094e-12
1.3148e-11,1.4997e-11,9.1864e-12
2.1163e-11,3.753e-11,3.5648e-11
1.3279e-11,1.4945e-11,1.0379e-11
1.4857e-11,1.692e-11,1.3549e-11
2.2395e-11,3.6827e-11,3.4436e-11
2.329e-11,2.1051e-11,8.9909e-12
3.1445e-11,3.0737e-11,9.6242e-12
1.4206e-11,1.6496e-11,9.0855e-12
1.6459e-11,1.6666e-11,9.4813e-12
1.7087e-11,1.9178e-11,1.4872e-11
1.6633e-11,1.9317e-11,1.4067e-11
2.0618e-11,2.3956e-11,1.9094e-11
2.1309e-11,1.9898e-11,1.1693e-11
1.7222e-11,1.6962e-11,1.1031e-11
2.1994e-11,2.0508e-11,1.2113e-11
1.9528e-11,2.0009e-11,1.2387e-11
2.8787e-11,2.5626e-11,1.3304e-11
2.341e-11,2.1963e-11,1.2365e-11
1.8324e-11,1.7852e-11,1.1907e-11
2.37e-11,2.7221e-11,2.3041e-11
3.19e-11,2.7375e-11,1.8115e-11
2.7564e-11,2.3379e-11,1.8957e-11
2.8522e-11,2.3962e-11,2.1932e-11
3.9257e-11,3.012e-11,2.2171e-11
3.6769e-11,3.0136e-11,2.7461e-11
2.0438e-11,1.5055e-11,5.5665e-12
1.3778e-11,1.2342e-11,8.7098e-12
1.3688e-11,1.4231e-11,9.1066e-12
2.3641e-11,1.9568e-11,5.3486e-12
1.827e-11,2.8895e-11,2.5153e-11
3.3004e-11,3.3275e-11,7.2069e-12
2.3434e-11,1.9442e-11,6.069e-12
3.0951e-11,3.0869e-11,7.2229e-12
1.7168e-11,1.9356e-11,1.6888e-11
1.9072e-11,2.3379e-11,1.7996e-11
2.7554e-11,2.6768e-11,7.8827e-12
1.531e-11,1.6381e-11,9.7462e-12
1.5823e-11,1.594e-11,1.0546e-11
2.8876e-11,2.6156e-11,1.0481e-11
2.1056e-11,2.0796e-11,9.9512e-12
1.5582e-11,1.8497e-11,1.3458e-11
2.0019e-11,2.4319e-11,1.8806e-11
2.1991e-11,2.1407e-11,1.0245e-11
1.7226e-11,1.796e-11,1.0185e-11
2.3013e-11,3.1068e-11,2.9174e-11
2.2164e-11,2.0915e-11,1.1973e-11
1.9034e-11,1.9332e-11,1.2125e-11
1.9195e-11,1.8955e-11,1.2313e-11
2.4911e-11,2.8862e-11,2.4634e-11
2.8957e-11,2.7383e-11,1.4747e-11
2.5797e-11,2.4055e-11,1.3631e-11
2.5961e-11,2.247e-11,1.6147e-11
2.9304e-11,2.3433e-11,2.1103e-11
3.0623e-11,2.6781e-11,2.4978e-11
3.5184e-11,3.0517e-11,2.8317e-11
1.4081e-11,1.3557e-11,8.4809e-12
1.4849e-11,1.6898e-11,1.2141e-11
1.7599e-11,2.7866e-11,2.2089e-11
1.646e-11,2.5737e-11,2.0042e-11
1.5899e-11,1.7217e-11,1.3453e-11
1.6847e-11,2.0359e-11,1.587e-11
1.4357e-11,1.4325e-11,8.6156e-12
2.5661e-11,2.2917e-11,6.8549e-12
1.4817e-11,1.5375e-11,9.2597e-12
1.5357e-11,1.6988e-11,9.4663e-12
1.5391e-11,1.8077e-11,1.1438e-11
1.5686e-11,1.748e-11,1.2509e-11
2.009e-11,2.8655e-11,2.3201e-11
1.5913e-11,1.8328e-11,1.2558e-11
3.2777e-11,3.1727e-11,1.1538e-11
2.0769e-11,2.467e-11,1.9205e-11
2.071e-11,2.4647e-11,1.9212e-11
1.6513e-11,1.8939e-11,1.2837e-11
2.7504e-11,2.4504e-11,1.2644e-11
2.5716e-11,3.0559e-11,2.7099e-11
2.2426e-11,2.0385e-11,1.5273e-11
2.4527e-11,2.5796e-11,2.0821e-11
2.8142e-11,2.6091e-11,2.2504e-11
3.3096e-11,2.651e-11,1.9261e-11
3.2437e-11,2.7578e-11,2.1973e-11
3.3953e-11,2.9462e-11,2.7059e-11
3.5379e-11,2.9823e-11,2.6258e-11
4.0217e-11,3.4828e-11,3.2123e-11
2.5972e-11,1.8804e-11,5.3362e-12
1.3742e-11,1.4731e-11,9.5421e-12
1.5052e-11,1.7408e-11,1.2038e-11
1.9206e-11,3.1046e-11,2.5405e-11
3.1141e-11,2.7571e-11,5.5487e-12
1.4484e-11,1.7196e-11,1.0242e-11
2.0902e-11,2.6424e-11,2.1912e-11
2.1478e-11,1.8914e-11,8.7518e-12
1.5508e-11,1.7952e-11,1.242e-11
3.2913e-11,3.4426e-11,7.9625e-12
2.709e-11,2.4598e-11,7.7334e-12
2.1275e-11,2.9249e-11,2.3114e-11
2.2076e-11,3.0172e-11,2.4059e-11
1.8728e-11,1.7632e-11,1.0971e-11
1.6189e-11,1.8248e-11,1.2381e-11
1.7963e-11,1.8404e-11,1.1969e-11
2.0569e-11,2.0118e-11,1.1909e-11
2.4685e-11,3.0305e-11,2.4975e-11
2.6536e-11,3.1585e-11,2.6861e-11
2.1003e-11,2.1692e-11,1.3067e-11
3.0673e-11,2.8766e-11,1.4615e-11
3.254e-11,2.9257e-11,1.5409e-11
2.9777e-11,2.6655e-11,1.6685e-11
2.3506e-11,2.1744e-11,1.7845e-11
3.1538e-11,2.7837e-11,1.7664e-11
2.9773e-11,2.793e-11,2.3771e-11
3.3384e-11,2.8231e-11,1.9986e-11
3.8902e-11,3.43e-11,3.0637e-11
2.196e-11,3.1965e-11,2.5374e-11
1.6945e-11,1.9288e-11,1.3185e-11
1.5803e-11,1.6059e-11,1.1509e-11
1.6186e-11,1.8588e-11,1.276e-11
2.1728e-11,1.9657e-11,9.2709e-12
1.7471e-11,1.7613e-11,9.9843e-12
1.6238e-11,1.6762e-11,1.1671e-11
2.8247e-11,2.5842e-11,1.0537e-11
1.6734e-11,1.9274e-11,1.2003e-11
1.707e-11,1.9478e-11,1.3018e-11
1.807e-11,1.9759e-11,1.447e-11
1.754e-11,1.9668e-11,1.681e-11
1.7355e-11,2.0462e-11,1.3945e-11
1.7215e-11,1.9152e-11,1.2478e-11
2.721e-11,3.3732e-11,2.8673e-11
3.1067e-11,2.8205e-11,1.4199e-11
2.2509e-11,2.4513e-11,1.8761e-11
3.3417e-11,3.0309e-11,1.5997e-11
2.6821e-11,3.1553e-11,2.6283e-11
2.9468e-11,2.7909e-11,1.7025e-11
2.693e-11,2.9497e-11,2.3925e-11
2.7686e-11,2.5997e-11,2.1768e-11
3.5183e-11,3.0511e-11,2.7163e-11
3.6489e-11,3.1343e-11,2.8365e-11
1.9178e-11,1.5902e-11,6.7922e-12
2.7972e-11,2.2833e-11,6.1031e-12
3.3338e-11,2.9815e-11,5.9404e-12
1.7079e-11,1.9714e-11,1.3229e-11
1.6518e-11,1.7784e-11,1.1315e-11
1.8255e-11,1.9867e-11,1.6722e-11
3.7215e-11,3.5085e-11,1.1638e-11
1.7789e-11,1.9391e-11,1.2485e-11
2.4651e-11,2.2654e-11,1.3328e-11
2.7962e-11,3.1993e-11,2.6514e-11
2.8788e-11,2.5089e-11,1.6873e-11
2.9168e-11,2.7473e-11,1.7202e-11
3.0109e-11,2.6105e-11,1.844e-11
2.9065e-11,2.384e-11,1.7715e-11
3.3146e-11,3.0546e-11,1.912e-11
3.9313e-11,3.2958e-11,2.9455e-11
3.1889e-11,2.5635e-11,4.2782e-12
3.298e-11,2.7979e-11,4.5148e-12
2.8029e-11,2.2267e-11,6.4749e-12
1.6778e-11,1.8737e-11,1.1957e-11
2.0424e-11,3.1642e-11,2.5143e-11
1.5405e-11,1.6277e-11,1.0717e-11
2.1864e-11,3.1825e-11,2.4653e-11
2.0143e-11,1.9805e-11,1.0164e-11
2.0805e-11,2.245e-11,1.6326e-11
2.5183e-11,2.6904e-11,2.1869e-11
2.6585e-11,2.8375e-11,2.2706e-11
2.9051e-11,3.1443e-11,2.6413e-11
1.5853e-11,1.5466e-11,1.075e-11
1.8943e-11,1.9306e-11,1.0028e-11
1.9006e-11,2.0513e-11,1.6578e-11
2.7475e-11,2.4821e-11,1.0358e-11
3.6484e-11,3.4105e-11,1.1664e-11
3.7328e-11,3.5359e-11,1.2064e-11
3.7261e-11,3.4753e-11,1.2609e-11
3.1914e-11,3.0265e-11,1.5185e-11
3.3219e-11,3.1608e-11,1.557e-11
2.5139e-11,2.5174e-11,1.4258e-11
2.6248e-11,2.6201e-11,1.5018e-11
2.5629e-11,2.5938e-11,2.0465e-11
3.5379e-11,3.2158e-11,2.7026e-11
3.7084e-11,3.2562e-11,2.8677e-11
2.7579e-11,2.2157e-11,6.6544e-12
2.9491e-11,2.2362e-11,4.5969e-12
2.1043e-11,2.9334e-11,2.2518e-11
1.9274e-11,2.5608e-11,2.0287e-11
2.0484e-11,2.2976e-11,1.7559e-11
2.0963e-11,2.4388e-11,1.8591e-11
1.9663e-11,2.1258e-11,1.6211e-11
2.7648e-11,2.3054e-11,8.6188e-12
1.7879e-11,1.8934e-11,1.2244e-11
2.0948e-11,2.446e-11,1.895e-11
2.4733e-11,2.9194e-11,2.2376e-11
2.1355e-11,2.2378e-11,1.4133e-11
2.7614e-11,2.5479e-11,1.5019e-11
2.8128e-11,2.8227e-11,2.2244e-11
3.2571e-11,2.9071e-11,1.89e-11
3.6568e-11,3.3305e-11,2.9759e-11
3.5054e-11,2.8759e-11,5.5413e-12
1.9267e-11,2.1485e-11,1.6056e-11
2.1091e-11,1.9686e-11,1.0294e-11
3.4998e-11,3.2984e-11,9.5486e-12
2.1714e-11,2.334e-11,1.7228e-11
2.9196e-11,2.6836e-11,1.6302e-11
3.0178e-11,2.7355e-11,2.0144e-11
2.9186e-11,2.8181e-11,2.2787e-11
1.8513e-11,1.8615e-11,1.3778e-11
1.758e-11,1.7095e-11,1.3373e-11
2.6475e-11,2.2155e-11,8.0412e-12
2.2722e-11,2.1237e-11,1.1188e-11
2.4376e-11,3.4938e-11,2.5421e-11
1.9565e-11,1.9963e-11,1.1465e-11
2.8415e-11,2.6481e-11,1.3196e-11
2.1914e-11,2.1863e-11,1.3858e-11
4.0814e-11,3.7264e-11,1.3425e-11
3.9969e-11,3.552e-11,1.3423e-11
3.1465e-11,2.9768e-11,1.5096e-11
2.7483e-11,2.5467e-11,1.4879e-11
2.4866e-11,2.3037e-11,1.542e-11
2.8927e-11,2.6748e-11,1.5749e-11
2.9645e-11,3.0018e-11,2.2699e-11
3.3134e-11,2.834e-11,2.1142e-11
3.1694e-11,2.9421e-11,2.2305e-11
1.9308e-11,1.7783e-11,1.0102e-11
2.8213e-11,2.3658e-11,7.9896e-12
2.4635e-11,3.5184e-11,2.6238e-11
2.3954e-11,3.8488e-11,2.6438e-11
3.8359e-11,3.3701e-11,8.8472e-12
1.8556e-11,1.9996e-11,1.4294e-11
2.4325e-11,3.0882e-11,2.2977e-11
4.0108e-11,3.6579e-11,1.1704e-11
3.2462e-11,3.0168e-11,1.4416e-11
3.3205e-11,2.9698e-11,1.3966e-11
2.4846e-11,2.7008e-11,2.1563e-11
2.7027e-11,2.9897e-11,2.3024e-11
2.3723e-11,2.4136e-11,1.5183e-11
2.4691e-11,2.3201e-11,1.5484e-11
2.514e-11,2.6415e-11,2.1332e-11
3.0942e-11,3.1492e-11,2.5141e-11
3.1094e-11,2.8272e-11,1.9112e-11
3.1689e-11,3.176e-11,2.3039e-11
2.3983e-11,2.1414e-11,1.0852e-11
2.1199e-11,2.2903e-11,1.5795e-11
2.3129e-11,2.8364e-11,2.1682e-11
2.3418e-11,2.1755e-11,1.1267e-11
2.066e-11,2.1957e-11,1.582e-11
2.0151e-11,1.999e-11,1.3863e-11
2.4826e-11,2.4325e-11,1.3928e-11
2.6335e-11,2.7737e-11,2.2591e-11
2.994e-11,2.8657e-11,1.7796e-11
2.8562e-11,2.9433e-11,2.1319e-11
3.1348e-11,3.0353e-11,2.2706e-11
2.4887e-11,2.6619e-11,1.9666e-11
3.911e-11,3.2987e-11,9.1245e-12
2.6331e-11,3.049e-11,2.296e-11
3.1519e-11,2.8159e-11,1.4368e-11
2.5198e-11,2.895e-11,2.0282e-11
2.9227e-11,3.3805e-11,2.5738e-11
3.7118e-11,3.3853e-11,1.7013e-11
2.4822e-11,2.4377e-11,1.7716e-11
2.6885e-11,2.7073e-11,1.8981e-11
3.1939e-11,2.8875e-11,1.9246e-11
3.229e-11,3.1152e-11,1.9163e-11
2.9882e-11,2.8431e-11,2.0682e-11
2.4952e-11,3.0346e-11,2.2694e-11
2.6958e-11,3.4535e-11,2.4817e-11
2.262e-11,2.4001e-11,1.7519e-11
2.5008e-11,2.6699e-11,1.9423e-11
2.5411e-11,2.7658e-11,2.1743e-11
2.7338e-11,2.9477e-11,2.3482e-11
3.8745e-11,3.4687e-11,1.2441e-11
2.6478e-11,2.8025e-11,2.2953e-11
2.6061e-11,2.7066e-11,1.8619e-11
3.6414e-11,3.4327e-11,1.6201e-11
2.6156e-11,2.6004e-11,1.4857e-11
3.331e-11,3.1004e-11,1.8172e-11
3.1102e-11,3.2979e-11,2.4006e-11
2.7361e-11,2.4824e-11,1.2712e-11
2.8454e-11,2.6136e-11,1.1533e-11
2.684e-11,2.4283e-11,1.2001e-11
3.2273e-11,2.8321e-11,9.8554e-12
2.2041e-11,2.2801e-11,1.6273e-11
2.7013e-11,3.4571e-11,2.4994e-11
2.3685e-11,2.6227e-11,1.7746e-11
2.6243e-11,2.7716e-11,2.1651e-11
2.6941e-11,2.5402e-11,1.3999e-11
3.6047e-11,3.3502e-11,1.4778e-11
3.1976e-11,2.8245e-11,1.4209e-11
3.8562e-11,3.5529e-11,1.4203e-11
3.2131e-11,3.4684e-11,2.6799e-11
2.632e-11,2.6838e-11,1.9409e-11
3.2072e-11,3.0125e-11,2.0515e-11
3.3843e-11,3.1202e-11,2.1535e-11
2.9671e-11,2.7453e-11,1.1916e-11
2.548e-11,2.738e-11,1.8597e-11
2.4511e-11,2.6905e-11,1.8514e-11
3.5179e-11,3.1499e-11,1.2727e-11
2.3342e-11,2.4297e-11,1.7737e-11
2.6319e-11,2.7336e-11,1.7448e-11
3.1023e-11,3.2143e-11,2.5642e-11
3.1993e-11,3.581e-11,2.7198e-11
2.6634e-11,3.0079e-11,2.034e-11
2.7228e-11,3.0166e-11,2.1728e-11
2.9591e-11,3.1741e-11,2.3754e-11
3.0539e-11,3.2537e-11,2.4841e-11
3.1605e-11,3.3188e-11,2.4791e-11
3.1093e-11,3.3837e-11,2.5462e-11
3.6207e-11,3.4969e-11,2.1254e-11
2.248e-11,2.3551e-11,1.9626e-11
3.0977e-11,2.8988e-11,1.2262e-11
2.3015e-11,2.2237e-11,1.3834e-11
2.34e-11,2.4147e-11,1.8901e-11
2.8283e-11,3.0743e-11,2.1083e-11
2.8707e-11,2.5688e-11,1.4334e-11
2.7506e-11,3.1306e-11,2.0865e-11
2.7883e-11,3.0812e-11,2.2183e-11
2.6017e-11,2.7346e-11,1.9355e-11
2.5934e-11,2.7742e-11,1.8699e-11
4.0226e-11,3.8179e-11,1.6829e-11
3.1764e-11,3.1659e-11,2.5371e-11
3.2675e-11,3.1625e-11,1.8823e-11
3.803e-11,3.4478e-11,2.148e-11
2.8327e-11,2.6014e-11,1.4586e-11
2.3875e-11,2.4435e-11,1.9762e-11
2.4234e-11,2.6223e-11,2.0431e-11
2.4486e-11,2.5376e-11,1.8983e-11
2.7301e-11,2.9762e-11,1.9957e-11
2.9446e-11,3.1243e-11,2.3762e-11
3.7514e-11,3.4069e-11,1.5388e-11
2.5568e-11,2.6559e-11,1.9092e-11
4.0627e-11,3.818e-11,1.4966e-11
2.6138e-11,2.7625e-11,1.9337e-11
3.1511e-11,3.3921e-11,2.3837e-11
3.4288e-11,3.3168e-11,2.0538e-11
3.9675e-11,3.6042e-11,2.2659e-11
2.5175e-11,2.6469e-11,2.0894e-11
2.7929e-11,3.0282e-11,2.0478e-11
3.7349e-11,3.4358e-11,1.4278e-11
2.6169e-11,2.7669e-11,1.9152e-11
2.8603e-11,3.07e-11,2.0106e-11
2.9295e-11,3.059e-11,1.8407e-11
3.0504e-11,3.2005e-11,1.9073e-11
3.3796e-11,3.5509e-11,2.4853e-11
2.8156e-11,2.9638e-11,2.0855e-11
3.8436e-11,3.4217e-11,1.451e-11
3.7523e-11,3.299e-11,1.5262e-11
3.6908e-11,3.6844e-11,2.1489e-11
3.9373e-11,3.836e-11,2.2984e-11
4.0026e-11,3.6192e-11,1.6285e-11
3.1477e-11,3.2155e-11,2.3229e-11
3.0379e-11,3.1514e-11,2.1434e-11
3.2306e-11,3.1706e-11,2.3178e-11
3.3989e-11,3.3904e-11,1.9444e-11
2.9407e-11,3.1329e-11,2.3025e-11
3.4371e-11,3.1841e-11,1.774e-11
3.4897e-11,3.6616e-11,2.1091e-11
3.3342e-11,3.2843e-11,2.006e-11
3.6324e-11,3.476e-11,2.0556e-11
3.7531e-11,3.6272e-11,2.1478e-11
3.5312e-11,3.5891e-11,2.1853e-11
