6.5583e-11,3.8514e-11,6.3657e-12
6.3947e-11,3.5776e-11,9.676e-12
6.4604e-11,3.3754e-11,1.3129e-11
6.3772e-11,3.5322e-11,6.1462e-12
6.3201e-11,3.3099e-11,1.3824e-11
6.71e-11,3.8242e-11,3.9369e-12
6.1853e-11,3.5994e-11,1.7235e-11
6.2465e-11,3.6872e-11,1.8998e-11
6.1797e-11,3.3312e-11,1.479e-11
5.6034e-11,3.4265e-11,5.8988e-12
5.678e-11,4.0363e-11,1.9893e-11
5.8756e-11,3.8753e-11,2.1512e-11
6.2097e-11,3.694e-11,1.8983e-11
5.6858e-11,3.3537e-11,3.3734e-12
5.7784e-11,4.1597e-11,1.6732e-11
5.8265e-11,3.5771e-11,1.4724e-11
6.1642e-11,3.6756e-11,1.6148e-11
6.2689e-11,3.7576e-11,4.5636e-12
5.9442e-11,3.2452e-11,1.3471e-11
5.9477e-11,3.769e-11,2.8966e-12
5.8795e-11,3.5264e-11,1.1844e-11
5.9994e-11,3.6256e-11,1.0857e-11
5.3529e-11,3.0325e-11,3.4015e-12
5.239e-11,3.9113e-11,1.981e-11
5.2294e-11,3.5542e-11,1.9554e-11
5.4818e-11,3.089e-11,1.1953e-11
4.9477e-11,3.5581e-11,2.4197e-11
5.0264e-11,3.8521e-11,2.3724e-11
4.7333e-11,3.6111e-11,2.0845e-11
4.7224e-11,3.8271e-11,2.1084e-11
5.2463e-11,3.5857e-11,1.2911e-11
4.8983e-11,3.5154e-11,2.0451e-11
5.6069e-11,4.2789e-11,2.0421e-11
4.3434e-11,3.5016e-11,2.0929e-11
4.3882e-11,3.6854e-11,2.3241e-11
5.134e-11,4.5673e-11,2.3763e-11
4.4083e-11,3.4534e-11,2.3299e-11
5.0892e-11,3.9222e-11,1.8902e-11
5.4631e-11,4.1327e-11,2.1566e-11
4.9535e-11,3.2645e-11,1.3966e-11
4.9194e-11,3.0253e-11,4.5638e-12
4.3855e-11,3.7134e-11,2.8895e-11
4.0336e-11,3.4765e-11,2.5883e-11
3.8846e-11,3.5777e-11,2.6373e-11
4.0424e-11,4.0194e-11,2.2658e-11
4.0527e-11,3.6852e-11,1.9502e-11
4.1137e-11,3.159e-11,2.0863e-11
4.7213e-11,3.6821e-11,1.6912e-11
4.6264e-11,4.2968e-11,2.4971e-11
5.2219e-11,2.9245e-11,1.089e-11
5.1815e-11,3.2924e-11,7.9295e-12
5.3771e-11,3.1879e-11,6.5976e-12
4.3497e-11,4.1999e-11,3.3539e-11
4.1215e-11,3.3789e-11,2.693e-11
4.2944e-11,3.5602e-11,3.1725e-11
5.0883e-11,4.1525e-11,2.2807e-11
4.6637e-11,2.8465e-11,1.3759e-11
5.1912e-11,3.2113e-11,5.8154e-12
4.3068e-11,4.1855e-11,3.6012e-11
4.3643e-11,4.4029e-11,3.2115e-11
3.6605e-11,4.0828e-11,2.4748e-11
4.8193e-11,3.2047e-11,1.1596e-11
4.8701e-11,3.3064e-11,1.3381e-11
3.6894e-11,3.4279e-11,2.6133e-11
4.1312e-11,4.0058e-11,3.081e-11
3.8752e-11,4.1625e-11,2.0435e-11
4.0573e-11,2.9821e-11,1.6638e-11
5.4233e-11,3.8055e-11,1.7552e-11
4.3995e-11,2.9912e-11,1.2916e-11
5.1341e-11,3.4382e-11,1.2586e-11
4.5546e-11,2.9133e-11,1.4926e-11
4.9996e-11,3.271e-11,1.1509e-11
4.5723e-11,4.1887e-11,3.1357e-11
4.0829e-11,3.3119e-11,3.5015e-11
4.2207e-11,3.3646e-11,3.3772e-11
3.6184e-11,3.3338e-11,2.4596e-11
3.5255e-11,3.6049e-11,2.6757e-11
4.1187e-11,3.8779e-11,2.6791e-11
3.6076e-11,3.4276e-11,1.9735e-11
3.6476e-11,2.8403e-11,1.7122e-11
4.2306e-11,2.6477e-11,9.5694e-12
4.4551e-11,2.7729e-11,1.2301e-11
4.7148e-11,2.7748e-11,6.9306e-12
4.7792e-11,2.7228e-11,5.0506e-12
3.9069e-11,3.9366e-11,2.7187e-11
4.1886e-11,3.6681e-11,3.7269e-11
3.3585e-11,2.6801e-11,2.0364e-11
4.4523e-11,3.7422e-11,2.6099e-11
5.0667e-11,3.695e-11,2.4085e-11
4.9246e-11,3.4173e-11,1.7555e-11
5.0311e-11,3.3753e-11,1.1322e-11
4.8231e-11,3.1467e-11,8.0694e-12
4.8651e-11,3.1404e-11,7.6417e-12
4.8282e-11,2.9635e-11,1.0877e-11
3.8737e-11,2.8132e-11,3.042e-11
3.6932e-11,3.8978e-11,2.8014e-11
4.0187e-11,3.4177e-11,2.8675e-11
3.5117e-11,3.0881e-11,2.704e-11
3.4349e-11,3.2998e-11,1.945e-11
3.327e-11,3.4014e-11,2.2233e-11
5.0537e-11,3.7224e-11,2.143e-11
4.0737e-11,2.9944e-11,1.5401e-11
3.9578e-11,2.5576e-11,1.0521e-11
4.4609e-11,3.1554e-11,1.3204e-11
4.4807e-11,2.8056e-11,1.0138e-11
4.6322e-11,3.269e-11,1.2932e-11
4.3288e-11,3.7477e-11,2.868e-11
3.6461e-11,4.0892e-11,2.6048e-11
3.9705e-11,3.3979e-11,3.2501e-11
3.8288e-11,3.439e-11,2.9159e-11
4.072e-11,4.0592e-11,4.5788e-11
3.7856e-11,4.0845e-11,2.4605e-11
3.7441e-11,2.6927e-11,1.2548e-11
3.8099e-11,2.626e-11,1.2949e-11
4.1317e-11,2.4973e-11,1.0319e-11
4.707e-11,3.0261e-11,7.6644e-12
4.1411e-11,3.7935e-11,2.945e-11
3.3837e-11,3.1586e-11,2.3993e-11
3.2546e-11,3.8381e-11,2.267e-11
3.7862e-11,3.6307e-11,2.261e-11
3.7692e-11,2.8694e-11,1.4912e-11
4.1252e-11,2.8751e-11,1.4295e-11
4.194e-11,2.8196e-11,1.3962e-11
3.9419e-11,2.509e-11,9.8433e-12
4.3587e-11,3.6263e-11,1.7135e-11
4.5872e-11,2.7583e-11,6.6272e-12
4.7282e-11,3.2544e-11,3.5028e-11
3.3989e-11,3.8799e-11,2.5312e-11
3.3171e-11,2.9758e-11,2.3812e-11
3e-11,2.6289e-11,2.0442e-11
3.5956e-11,4.0166e-11,2.2025e-11
3.6431e-11,2.3895e-11,1.3308e-11
4.5177e-11,3.2535e-11,1.1707e-11
4.4266e-11,2.8064e-11,8.7863e-12
3.9221e-11,2.8959e-11,1.6885e-11
3.9668e-11,3.2283e-11,3.2119e-11
3.263e-11,2.8111e-11,2.6953e-11
3.4747e-11,4.0125e-11,3.0633e-11
3.008e-11,3.675e-11,2.559e-11
3.0335e-11,3.7674e-11,2.2848e-11
3.1077e-11,3.8085e-11,2.0839e-11
3.4204e-11,3.4104e-11,1.8143e-11
3.8572e-11,2.1738e-11,7.2024e-12
4.1621e-11,2.6938e-11,1.1533e-11
3.9789e-11,2.8908e-11,2.8947e-11
3.7195e-11,2.8968e-11,2.9306e-11
4.2876e-11,3.4658e-11,3.7611e-11
3.5768e-11,2.8751e-11,2.4595e-11
3.0648e-11,2.8532e-11,2.0836e-11
3.0148e-11,2.8085e-11,2.1611e-11
2.9429e-11,2.9461e-11,1.9157e-11
4.3235e-11,3.9185e-11,2.8143e-11
3.4127e-11,2.774e-11,1.485e-11
3.0361e-11,2.6396e-11,1.7374e-11
3.1165e-11,2.5484e-11,1.4709e-11
3.8758e-11,3.4961e-11,1.6584e-11
4.1738e-11,3.3442e-11,2.1007e-11
3.2962e-11,2.8737e-11,1.5047e-11
3.4349e-11,3.0445e-11,1.8191e-11
3.8701e-11,3.083e-11,1.6332e-11
4.0715e-11,3.1253e-11,3.3343e-11
4.3558e-11,3.4136e-11,4.5431e-11
3.9357e-11,3.9407e-11,4.2021e-11
2.9088e-11,2.7398e-11,2.1714e-11
3.0522e-11,2.8154e-11,1.4458e-11
4.4085e-11,3.3914e-11,2.439e-11
3.1277e-11,3.2663e-11,1.4612e-11
3.1857e-11,3.3756e-11,2.1633e-11
3.1579e-11,2.8273e-11,1.4756e-11
4.3071e-11,3.3746e-11,1.5527e-11
3.5678e-11,3.5479e-11,1.7497e-11
5.3126e-11,2.7602e-11,3.5913e-11
5.7e-11,2.5904e-11,4.4995e-11
4.7901e-11,3.2546e-11,4.0687e-11
3.6304e-11,3.1104e-11,3.0181e-11
3.2451e-11,4.0368e-11,2.6027e-11
2.9631e-11,2.7706e-11,2.1961e-11
3.0989e-11,2.8776e-11,2.4873e-11
3.3322e-11,3.5001e-11,1.6944e-11
3.1216e-11,3.2229e-11,2.0364e-11
4.1009e-11,2.8751e-11,9.9539e-12
3.5212e-11,2.7286e-11,1.1043e-11
3.7187e-11,2.5455e-11,1.2057e-11
3.7934e-11,2.753e-11,1.2321e-11
3.8376e-11,3.0051e-11,1.7759e-11
4.0317e-11,2.2927e-11,6.5536e-12
5.2498e-11,3.0455e-11,4.8661e-11
4.0514e-11,2.5931e-11,2.7432e-11
4.3163e-11,2.658e-11,3.5555e-11
3.38e-11,3.2872e-11,2.3148e-11
3.0373e-11,3.3483e-11,1.9086e-11
3.181e-11,2.716e-11,1.6919e-11
5.7677e-11,2.723e-11,3.924e-11
5.5403e-11,2.8889e-11,3.7331e-11
5.5466e-11,2.5099e-11,4.6107e-11
4.6377e-11,3.0989e-11,3.0757e-11
3.5942e-11,2.9294e-11,2.6181e-11
3.8592e-11,2.4667e-11,2.6288e-11
4.1288e-11,2.649e-11,3.5671e-11
2.8312e-11,2.6684e-11,2.2962e-11
2.7608e-11,2.5909e-11,1.8137e-11
3.0226e-11,3.3695e-11,2.1716e-11
3.5768e-11,3.3748e-11,2.1477e-11
2.9676e-11,2.554e-11,1.4368e-11
3.8258e-11,2.7648e-11,1.3917e-11
3.4384e-11,2.9872e-11,1.7486e-11
3.3915e-11,2.2048e-11,8.4949e-12
3.8344e-11,2.8581e-11,1.1215e-11
3.8104e-11,2.8045e-11,1.2597e-11
1.1016e-11,3.3694e-11,3.8054e-11
4.4342e-11,3.0146e-11,1.1773e-11
5.2356e-11,2.9893e-11,4.8016e-11
2.7434e-11,2.485e-11,2.0773e-11
3.8273e-11,3.4926e-11,2.851e-11
2.7984e-11,3.2362e-11,2.0773e-11
3.037e-11,3.2061e-11,1.4445e-11
3.3126e-11,2.8674e-11,1.0828e-11
3.9102e-11,2.7157e-11,7.6612e-12
4.2813e-11,3.0883e-11,1.4668e-11
6.2726e-11,2.475e-11,4.2317e-11
4.4137e-11,3.3037e-11,2.8772e-11
3.8225e-11,2.6971e-11,3.1394e-11
4.8706e-11,3.4766e-11,5.0669e-11
3.4583e-11,3.0481e-11,2.4209e-11
3.818e-11,3.6343e-11,3.2955e-11
2.5948e-11,2.2674e-11,1.5365e-11
3.1839e-11,2.9507e-11,1.2242e-11
1.8671e-11,4.1703e-11,4.5244e-11
3.4895e-11,2.0664e-11,9.7876e-12
3.4175e-11,2.3172e-11,7.7957e-12
1.48e-11,3.9949e-11,4.8222e-11
3.6175e-11,3.111e-11,1.3836e-11
3.6776e-11,2.359e-11,5.9671e-12
7.655e-12,3.1546e-11,3.512e-11
5.0052e-11,3.0159e-11,3.1236e-11
4.653e-11,2.503e-11,3.4524e-11
3.6608e-11,3.1094e-11,2.4676e-11
3.3494e-11,2.0317e-11,2.2684e-11
2.8156e-11,2.6406e-11,1.8313e-11
2.8675e-11,2.3426e-11,1.2511e-11
3.1781e-11,2.7827e-11,1.4409e-11
3.3245e-11,2.8543e-11,1.3939e-11
5.9902e-11,2.4602e-11,4.0729e-11
3.8726e-11,2.4553e-11,2.6199e-11
3.314e-11,1.9845e-11,2.6842e-11
3.439e-11,2.7382e-11,3.4857e-11
2.6188e-11,3.2682e-11,1.9565e-11
2.5048e-11,2.6416e-11,1.849e-11
2.8202e-11,2.2192e-11,1.244e-11
2.5393e-11,4.3102e-11,4.7108e-11
1.6197e-11,4.2446e-11,4.9271e-11
3.3777e-11,2.0822e-11,8.2635e-12
1.3488e-11,3.5355e-11,3.7983e-11
1.318e-11,3.631e-11,3.7593e-11
6.7629e-12,3.3205e-11,3.5969e-11
5.0382e-12,3.0087e-11,3.2008e-11
9.1912e-12,3.01e-11,3.2941e-11
5.6747e-11,2.9694e-11,4.0023e-11
5.2715e-11,2.9672e-11,3.4527e-11
4.4077e-11,1.7963e-11,3.1529e-11
5.1003e-11,3.0738e-11,5.197e-11
3.158e-11,3.2376e-11,2.4028e-11
3.8459e-11,1.9495e-11,3.0212e-11
3.185e-11,2.6102e-11,2.7209e-11
2.8587e-11,2.0943e-11,1.9929e-11
2.5634e-11,3.0584e-11,1.775e-11
2.6019e-11,2.5751e-11,1.202e-11
2.4159e-11,2.1245e-11,1.7727e-11
2.6937e-11,2.4269e-11,1.0801e-11
1.9894e-11,3.6701e-11,4.0795e-11
3.5515e-11,2.1643e-11,6.4691e-12
1.1268e-11,3.8316e-11,4.2971e-11
3.4347e-11,2.1356e-11,7.7283e-12
8.6889e-12,3.1092e-11,3.2457e-11
8.8303e-12,3.8795e-11,3.8719e-11
1.1011e-11,3.7134e-11,4.264e-11
6.6689e-12,3.176e-11,3.4586e-11
5.6291e-11,2.8731e-11,3.7563e-11
5.8664e-11,2.2231e-11,4.4059e-11
5.1247e-11,2.0616e-11,3.4037e-11
3.7788e-11,3.344e-11,2.3902e-11
3.9126e-11,3.1094e-11,2.6236e-11
3.5085e-11,2.9574e-11,2.4084e-11
3.9298e-11,2.338e-11,2.5306e-11
4.4262e-11,1.7805e-11,3.0964e-11
3.6717e-11,1.9095e-11,2.5484e-11
4.2641e-11,3.3276e-11,4.0865e-11
3.6194e-11,1.8528e-11,2.7246e-11
3.3245e-11,2.3927e-11,2.2751e-11
3.0127e-11,3.1126e-11,2.2392e-11
3.8013e-11,2.5588e-11,3.4663e-11
2.4395e-11,2.4517e-11,1.7176e-11
2.5914e-11,2.9934e-11,4.228e-11
2.329e-11,2.239e-11,1.661e-11
2.6263e-11,2.9099e-11,1.841e-11
2.4758e-11,2.341e-11,1.5256e-11
2.5679e-11,2.6144e-11,1.9049e-11
2.4493e-11,1.9411e-11,1.5961e-11
2.6719e-11,2.8708e-11,1.7982e-11
2.5444e-11,2.5241e-11,1.6148e-11
2.6737e-11,4.0529e-11,4.472e-11
3.0204e-11,3.2332e-11,1.6297e-11
2.9414e-11,2.2165e-11,8.5369e-12
1.3451e-11,3.3565e-11,3.5845e-11
3.0802e-11,2.45e-11,1.1973e-11
9.0373e-12,3.0237e-11,3.1351e-11
3.8244e-11,2.7546e-11,1.405e-11
1.0787e-11,3.811e-11,4.2807e-11
9.0362e-12,3.844e-11,4.3316e-11
9.9001e-12,3.734e-11,3.8831e-11
6.8189e-12,2.7692e-11,2.9302e-11
7.794e-12,3.5497e-11,3.8098e-11
7.3191e-11,2.4364e-11,5.0745e-11
6.7598e-11,2.411e-11,4.8406e-11
5.7279e-11,2.2238e-11,4.1767e-11
3.9337e-11,3.2202e-11,2.6641e-11
4.2724e-11,1.7682e-11,3.0107e-11
4.4102e-11,1.7723e-11,3.1645e-11
4.5594e-11,2.6908e-11,4.1817e-11
3.0605e-11,2.4047e-11,2.7999e-11
3.6931e-11,2.4316e-11,2.9688e-11
2.441e-11,2.9994e-11,1.9654e-11
2.4007e-11,2.2873e-11,1.5897e-11
2.9028e-11,3.3318e-11,4.8792e-11
2.3559e-11,2.2176e-11,1.2832e-11
2.3832e-11,1.9234e-11,1.6325e-11
2.7758e-11,2.6724e-11,1.8807e-11
2.8187e-11,3.3834e-11,1.7324e-11
2.0794e-11,4.3709e-11,4.9151e-11
3.5886e-11,3.208e-11,1.4955e-11
3.5674e-11,2.3022e-11,1.2148e-11
8.3609e-12,3.0904e-11,3.2287e-11
1.1888e-11,3.5191e-11,4.0434e-11
9.5787e-12,3.8485e-11,3.9048e-11
9.4111e-12,4.2494e-11,4.3559e-11
6.4937e-12,2.9536e-11,2.7526e-11
5.5401e-11,2.724e-11,3.9513e-11
4.4977e-11,2.3012e-11,3.0816e-11
3.6239e-11,3.2971e-11,2.5409e-11
3.8713e-11,3.0448e-11,2.5961e-11
3.3638e-11,3.0169e-11,2.492e-11
2.7244e-11,3.1168e-11,2.3376e-11
3.383e-11,1.8342e-11,2.7918e-11
3.3212e-11,2.5892e-11,3.3038e-11
2.7835e-11,3.0435e-11,1.9791e-11
2.4879e-11,3.1881e-11,2.025e-11
3.0846e-11,2.7609e-11,4.5544e-11
2.5794e-11,2.8741e-11,2.1457e-11
2.4719e-11,2.1854e-11,1.491e-11
2.9051e-11,2.6877e-11,2.7863e-11
2.4702e-11,2.3892e-11,2.0676e-11
2.9055e-11,4.2867e-11,5.0007e-11
2.8416e-11,4.6023e-11,5.1049e-11
2.5196e-11,3.2806e-11,4.2569e-11
2.7909e-11,2.7398e-11,1.7168e-11
2.6057e-11,2.4653e-11,1.2532e-11
1.834e-11,4.4282e-11,4.2268e-11
3.3358e-11,2.8304e-11,1.2475e-11
3.0857e-11,1.9213e-11,9.3079e-12
3.16e-11,1.8891e-11,8.3801e-12
3.5017e-11,2.1567e-11,7.3688e-12
3.5436e-11,2.2595e-11,9.1503e-12
8.0225e-12,2.691e-11,2.8481e-11
1.0579e-11,4.3138e-11,4.3393e-11
6.6344e-12,3.2051e-11,3.1663e-11
9.4492e-12,3.252e-11,3.5322e-11
7.0641e-11,2.1028e-11,4.7238e-11
6.608e-11,2.175e-11,4.1172e-11
4.7497e-11,2.3532e-11,3.3267e-11
4.5755e-11,2.6535e-11,3.2845e-11
4.3238e-11,2.7563e-11,2.8555e-11
3.5778e-11,2.9537e-11,2.5e-11
4.8916e-11,1.8403e-11,3.0088e-11
3.4316e-11,2.4025e-11,2.6909e-11
3.0924e-11,2.9693e-11,2.5934e-11
5.1721e-11,2.7068e-11,4.7273e-11
3.0494e-11,2.679e-11,2.2379e-11
2.8527e-11,2.3216e-11,2.689e-11
2.5741e-11,2.878e-11,2.5226e-11
2.7408e-11,1.9037e-11,2.5132e-11
3.3041e-11,3.3108e-11,4.3656e-11
2.5525e-11,2.8605e-11,2.2747e-11
2.7295e-11,3.3744e-11,4.3458e-11
2.5482e-11,2.6188e-11,1.9823e-11
2.4272e-11,2.8454e-11,1.7995e-11
2.7216e-11,2.8001e-11,1.5565e-11
2.1111e-11,2.9767e-11,3.8193e-11
1.437e-11,2.9186e-11,2.9294e-11
3.6095e-11,2.2797e-11,9.1984e-12
7.2736e-12,3.096e-11,3.2052e-11
8.253e-12,3.8647e-11,4.3201e-11
4.5796e-11,2.1611e-11,3.5711e-11
4.0924e-11,1.9354e-11,3.3788e-11
3.4844e-11,2.2987e-11,2.8223e-11
3.7139e-11,1.6845e-11,2.5994e-11
3.0775e-11,2.7766e-11,2.5107e-11
4.8193e-11,2.602e-11,4.4646e-11
3.0853e-11,1.848e-11,3.346e-11
3.1426e-11,2.2971e-11,2.268e-11
3.0172e-11,2.9279e-11,2.0828e-11
2.5176e-11,2.0871e-11,2.6963e-11
2.6821e-11,1.8748e-11,2.3298e-11
2.4157e-11,2.0365e-11,2.66e-11
2.4942e-11,2.9954e-11,2.0944e-11
2.531e-11,3.0334e-11,1.9506e-11
2.0774e-11,1.6564e-11,1.5053e-11
2.7626e-11,3.0237e-11,1.4193e-11
2.2024e-11,1.6852e-11,1.1219e-11
2.6588e-11,2.8793e-11,1.6533e-11
2.5013e-11,2.4712e-11,1.6085e-11
2.3681e-11,1.7022e-11,1.2038e-11
2.3374e-11,1.6442e-11,1.373e-11
1.4103e-11,3.346e-11,3.1258e-11
3.0541e-11,2.4698e-11,1.174e-11
3.5441e-11,2.8003e-11,1.3346e-11
3.8436e-11,2.669e-11,1.0043e-11
5.926e-12,2.6666e-11,2.6994e-11
3.5807e-11,2.3237e-11,8.6606e-12
5.6228e-12,3.2575e-11,2.9903e-11
3.3945e-11,2.4554e-11,7.9807e-12
6.1589e-12,3.2707e-11,3.1634e-11
5.9421e-11,2.3224e-11,4.1351e-11
5.0702e-11,2.3663e-11,3.4364e-11
4.7496e-11,2.4878e-11,3.3942e-11
3.981e-11,2.1001e-11,3.4581e-11
3.6233e-11,1.4807e-11,4.2584e-11
3.4443e-11,2.4533e-11,2.9776e-11
4.095e-11,1.6463e-11,2.7287e-11
3.0742e-11,2.7144e-11,2.3819e-11
2.8913e-11,2.3785e-11,2.4188e-11
3.3823e-11,1.7241e-11,2.1538e-11
3.199e-11,1.7953e-11,2.1715e-11
3.9112e-11,1.5143e-11,2.7604e-11
3.0433e-11,1.8146e-11,2.3691e-11
2.6423e-11,2.5275e-11,2.212e-11
2.4944e-11,2.2036e-11,2.4758e-11
2.3902e-11,2.9976e-11,1.8851e-11
2.3812e-11,2.2158e-11,2.1403e-11
3.4738e-11,4.5151e-11,5.4525e-11
2.4504e-11,2.2982e-11,2.0087e-11
2.3378e-11,2.4512e-11,1.6432e-11
2.4552e-11,2.4551e-11,2.0436e-11
2.2884e-11,2.8297e-11,1.5312e-11
2.6155e-11,2.971e-11,1.5145e-11
2.709e-11,2.5674e-11,1.5049e-11
1.9475e-11,4.2369e-11,4.5029e-11
1.9749e-11,3.5087e-11,3.6124e-11
2.9474e-11,2.66e-11,1.3275e-11
2.7113e-11,1.7454e-11,1.0446e-11
1.4215e-11,3.4104e-11,3.3995e-11
2.9875e-11,1.9252e-11,1.007e-11
1.5047e-11,4.2491e-11,4.1851e-11
3.3246e-11,1.9045e-11,6.5274e-12
3.3188e-11,1.979e-11,5.2682e-12
1.5308e-11,4.6179e-11,4.3689e-11
6.713e-12,3.0019e-11,2.6502e-11
3.9419e-11,2.6606e-11,1.1774e-11
1.2175e-11,4.23e-11,4.4304e-11
3.5483e-11,2.2712e-11,9.2616e-12
3.5341e-11,2.0949e-11,1.0085e-11
3.4544e-11,2.1223e-11,9.2222e-12
5.7001e-12,3.1617e-11,3.0372e-11
5.3396e-11,2.2813e-11,3.7187e-11
4.0033e-11,1.9245e-11,3.2244e-11
5.9438e-11,2.7198e-11,4.6732e-11
3.1961e-11,1.5239e-11,3.7564e-11
3.5356e-11,1.6932e-11,2.3191e-11
2.5781e-11,2.5229e-11,2.166e-11
3.2044e-11,2.4976e-11,3.2991e-11
2.3015e-11,1.617e-11,2.9249e-11
3.1179e-11,2.3912e-11,4.0218e-11
2.8337e-11,2.2752e-11,3.7866e-11
2.5665e-11,2.477e-11,1.9174e-11
1.9164e-11,2.4898e-11,3.1055e-11
2.6604e-11,2.8349e-11,1.7861e-11
2.7618e-11,1.8189e-11,8.7743e-12
1.4384e-11,3.9384e-11,3.8551e-11
1.5904e-11,4.8875e-11,4.6415e-11
1.0256e-11,2.3832e-11,2.4178e-11
3.4008e-11,2.9724e-11,1.4571e-11
3.413e-11,2.7433e-11,1.2829e-11
3.5787e-11,2.286e-11,1.0989e-11
9.9707e-12,4.4992e-11,4.9545e-11
3.1118e-11,2.4521e-11,9.5872e-12
3.2766e-11,2.4166e-11,8.0956e-12
7.1335e-11,1.8959e-11,4.8647e-11
6.8507e-11,2.0577e-11,4.5303e-11
4.661e-11,2.9284e-11,3.2809e-11
4.1344e-11,2.4689e-11,3.3085e-11
3.8655e-11,2.2212e-11,3.2417e-11
4.6702e-11,1.6747e-11,4.9641e-11
5.9553e-11,2.5906e-11,5.0485e-11
3.3998e-11,1.4435e-11,4.0251e-11
3.5355e-11,1.6484e-11,2.4102e-11
4.2639e-11,2.3981e-11,3.4731e-11
2.8996e-11,1.8482e-11,3.1484e-11
2.7652e-11,1.9383e-11,2.9694e-11
3.7645e-11,1.5282e-11,2.607e-11
3.8593e-11,1.5099e-11,2.6883e-11
2.5316e-11,2.3613e-11,2.3196e-11
2.5602e-11,1.4487e-11,3.2188e-11
3.4526e-11,3.343e-11,3.2201e-11
2.986e-11,2.0269e-11,3.774e-11
3.3258e-11,4.1759e-11,5.2108e-11
2.3192e-11,2.2487e-11,2.2316e-11
2.4339e-11,2.4337e-11,1.7715e-11
2.2018e-11,1.8712e-11,1.3789e-11
2.1893e-11,4.898e-11,5.0057e-11
2.6151e-11,1.7501e-11,9.168e-12
2.7933e-11,2.8166e-11,1.5912e-11
2.6848e-11,1.9537e-11,1.1071e-11
1.8826e-11,4.2496e-11,3.8148e-11
9.5902e-12,2.2793e-11,2.3287e-11
1.0681e-11,4.4413e-11,5.064e-11
8.8306e-12,4.743e-11,4.623e-11
7.0483e-12,3.0819e-11,2.8596e-11
3.5837e-11,2.2276e-11,9.5983e-12
6.148e-12,2.45e-11,2.2373e-11
3.2197e-11,2.5386e-11,8.9668e-12
5.9107e-12,3.0596e-11,2.7141e-11
2.8495e-11,2.8982e-11,9.0048e-12
1.0851e-11,4.3874e-11,4.1366e-11
3.3047e-11,2.2216e-11,8.1401e-12
2.9329e-11,2.8702e-11,8.0975e-12
4.3086e-11,2.4992e-11,3.2807e-11
4.6249e-11,2.167e-11,5.1942e-11
4.0539e-11,1.8831e-11,3.1692e-11
4.7859e-11,1.9324e-11,3.1066e-11
6.5299e-11,2.5205e-11,5.2534e-11
4.9543e-11,1.9363e-11,3.3455e-11
3.4411e-11,2.2744e-11,2.8242e-11
5.2691e-11,1.4875e-11,3.407e-11
3.1081e-11,2.1949e-11,2.3366e-11
3.4259e-11,2.1142e-11,2.3483e-11
2.5052e-11,1.3796e-11,3.2577e-11
2.4406e-11,1.6552e-11,2.928e-11
2.3498e-11,1.7695e-11,2.7593e-11
2.3851e-11,2.2122e-11,2.3679e-11
3.2263e-11,2.4869e-11,4.0597e-11
2.1926e-11,1.5449e-11,1.7755e-11
2.4595e-11,2.1647e-11,3.4541e-11
2.4694e-11,2.078e-11,3.4498e-11
2.1502e-11,2.0369e-11,2.2204e-11
2.3321e-11,3.0568e-11,3.8724e-11
2.5186e-11,2.8391e-11,1.7596e-11
1.8992e-11,4.5015e-11,5.1882e-11
1.5101e-11,4.4065e-11,4.2393e-11
3.1152e-11,1.6e-11,8.2858e-12
3.3978e-11,1.9518e-11,8.9821e-12
5.9962e-12,2.5226e-11,2.2032e-11
7.7998e-12,2.2529e-11,2.0446e-11
3.4667e-11,2.1498e-11,9.4761e-12
6.1728e-12,2.7518e-11,2.5702e-11
6.2404e-11,2.1218e-11,4.4289e-11
6.4037e-11,1.7738e-11,4.5505e-11
5.0253e-11,2.1645e-11,3.8516e-11
4.9981e-11,1.7745e-11,5.2592e-11
4.027e-11,1.9987e-11,2.9184e-11
3.3713e-11,2.858e-11,2.3397e-11
3.484e-11,1.8507e-11,2.9887e-11
3.625e-11,2.1679e-11,2.5313e-11
3.8759e-11,1.4785e-11,2.4483e-11
4.0326e-11,1.8962e-11,2.9858e-11
2.7314e-11,2.2546e-11,2.2866e-11
3.6914e-11,2.7729e-11,3.3111e-11
2.693e-11,1.5697e-11,3.3898e-11
2.2827e-11,1.4371e-11,3.2052e-11
2.1286e-11,2.1791e-11,1.3533e-11
3.2533e-11,3.4301e-11,4.3324e-11
2.0307e-11,1.8457e-11,2.386e-11
2.0379e-11,1.4072e-11,2.5604e-11
2.2332e-11,1.5422e-11,2.9846e-11
2.0763e-11,2.1194e-11,1.6061e-11
2.2559e-11,2.3429e-11,1.5343e-11
2.2959e-11,3.8109e-11,3.8968e-11
2.0888e-11,4.736e-11,4.8662e-11
2.696e-11,2.0278e-11,1.0028e-11
3.1391e-11,2.4081e-11,9.3984e-12
3.2891e-11,1.6126e-11,5.9562e-12
3.374e-11,2.0811e-11,1.1324e-11
1.0478e-11,4.9581e-11,4.8157e-11
3.4454e-11,2.123e-11,1.0937e-11
3.4981e-11,2.2844e-11,1.0296e-11
3.5309e-11,1.9291e-11,7.7604e-12
1.4461e-11,3.8808e-11,3.9723e-11
5.0001e-12,2.3939e-11,1.9864e-11
3.3977e-11,1.7549e-11,6.2149e-12
3.2511e-11,1.8729e-11,9.504e-12
2.9412e-11,2.7722e-11,7.8467e-12
6.0885e-11,2.0823e-11,4.4664e-11
2.9616e-11,1.5673e-11,3.3887e-11
2.8141e-11,2.4012e-11,2.2565e-11
4.1332e-11,2.9672e-11,4.7249e-11
3.8954e-11,3.07e-11,3.2784e-11
3.5741e-11,2.5349e-11,4.2918e-11
2.3288e-11,2.0973e-11,1.9059e-11
2.0617e-11,2.2107e-11,1.5977e-11
2.4859e-11,1.5357e-11,3.3583e-11
2.2642e-11,2.3532e-11,1.7213e-11
1.8257e-11,1.6405e-11,1.1548e-11
2.091e-11,2.0196e-11,1.1543e-11
2.0257e-11,2.018e-11,1.9751e-11
2.1577e-11,2.2909e-11,1.4144e-11
2.4319e-11,2.6178e-11,1.6269e-11
2.5454e-11,2.0357e-11,9.6104e-12
2.668e-11,1.938e-11,1.0986e-11
2.9024e-11,2.002e-11,8.8592e-12
1.3204e-11,2.8238e-11,2.7373e-11
1.2882e-11,2.8042e-11,2.6876e-11
3.1477e-11,2.8519e-11,1.2342e-11
2.8953e-11,1.6026e-11,8.666e-12
3.1362e-11,1.8494e-11,6.1998e-12
3.2778e-11,2.2496e-11,7.5404e-12
1.0788e-11,3.7377e-11,3.1657e-11
3.2875e-11,2.5887e-11,1.1701e-11
3.4613e-11,2.6431e-11,1.0354e-11
3.3416e-11,2.1931e-11,9.5468e-12
3.0901e-11,2.6527e-11,9.3805e-12
3.2905e-11,1.7951e-11,7.5117e-12
9.163e-12,3.5331e-11,3.1812e-11
3.2466e-11,1.6815e-11,8.9059e-12
1.0664e-11,4.6421e-11,4.2711e-11
6.8945e-12,2.612e-11,2.4313e-11
1.1896e-11,3.3973e-11,3.2903e-11
5.2065e-11,2.0346e-11,3.669e-11
3.4844e-11,2.3144e-11,2.9467e-11
3.8555e-11,1.8563e-11,4.4083e-11
4.2926e-11,1.3187e-11,2.852e-11
3.3537e-11,2.2136e-11,2.1554e-11
4.1355e-11,2.8474e-11,4.6578e-11
2.7256e-11,2.405e-11,2.0662e-11
2.4508e-11,2.038e-11,2.5195e-11
3.4806e-11,1.7469e-11,3.0179e-11
3.4664e-11,2.5369e-11,4.1615e-11
3.0741e-11,2.1288e-11,3.8052e-11
2.4508e-11,1.2494e-11,2.7402e-11
3.73e-11,4.693e-11,5.4578e-11
2.1611e-11,2.1013e-11,2.1211e-11
2.0291e-11,1.5995e-11,1.5404e-11
1.8645e-11,1.516e-11,2.3476e-11
3.0031e-11,4.6496e-11,5.0507e-11
2.135e-11,2.2105e-11,3.0159e-11
1.99e-11,1.4682e-11,1.3005e-11
2.0258e-11,2.161e-11,1.8094e-11
1.297e-11,2.109e-11,2.2423e-11
1.4588e-11,3.176e-11,2.9759e-11
1.5859e-11,4.5122e-11,4.3831e-11
1.5587e-11,4.9474e-11,4.8348e-11
1.0646e-11,3.2993e-11,2.8216e-11
8.6665e-12,2.9429e-11,2.3111e-11
8.2508e-12,3.984e-11,3.7862e-11
9.0943e-12,3.6085e-11,3.4519e-11
3.3992e-11,2.1011e-11,9.3142e-12
3.2911e-11,2.1737e-11,8.7435e-12
3.133e-11,2.6626e-11,9.0189e-12
1.0094e-11,3.4386e-11,2.989e-11
3.1851e-11,1.8103e-11,9.5538e-12
2.5964e-11,2.9839e-11,9.4037e-12
3.308e-11,1.8315e-11,6.3791e-12
3.1923e-11,1.8534e-11,9.931e-12
1.2123e-11,3.6332e-11,3.4249e-11
6.1098e-11,1.9012e-11,4.4523e-11
6.0319e-11,1.934e-11,4.1496e-11
5.8853e-11,1.6158e-11,3.9091e-11
4.7504e-11,2.4654e-11,3.4432e-11
4.0659e-11,2.6015e-11,3.0557e-11
4.6054e-11,2.2914e-11,3.9953e-11
4.2949e-11,1.9702e-11,3.6627e-11
4.9856e-11,1.4576e-11,3.3863e-11
4.4942e-11,2.4147e-11,5.0742e-11
3.2814e-11,1.8261e-11,2.7052e-11
5.3861e-11,2.4741e-11,4.628e-11
3.2302e-11,1.9547e-11,2.3108e-11
4.3343e-11,1.398e-11,2.9809e-11
4.2743e-11,3.3935e-11,4.8542e-11
2.6149e-11,1.5011e-11,2.6684e-11
2.5232e-11,2.1749e-11,2.2654e-11
2.6492e-11,1.3689e-11,2.2236e-11
2.0212e-11,1.3918e-11,2.8025e-11
1.7634e-11,1.6481e-11,1.1975e-11
1.8307e-11,1.3992e-11,2.5829e-11
1.8829e-11,1.6302e-11,1.2959e-11
2.2235e-11,2.5257e-11,1.5055e-11
2.4424e-11,2.5676e-11,1.7766e-11
2.7875e-11,1.9322e-11,1.0571e-11
1.1151e-11,1.8595e-11,1.9299e-11
2.8651e-11,1.7934e-11,7.1743e-12
3.3994e-11,2.7329e-11,1.3218e-11
3.1633e-11,2.836e-11,1.1377e-11
3.2213e-11,1.6061e-11,5.4052e-12
6.082e-12,2.113e-11,1.8695e-11
8.5059e-12,3.9188e-11,3.6935e-11
5.5634e-12,2.5878e-11,2.1645e-11
1.4875e-11,5.1884e-11,4.1876e-11
1.0734e-11,4.2107e-11,3.4111e-11
2.6687e-11,2.6371e-11,1.0882e-11
2.5199e-11,2.9219e-11,1.0579e-11
3.131e-11,1.6307e-11,7.0468e-12
9.7463e-12,3.3609e-11,3.0143e-11
7.0869e-12,3.2833e-11,3.0516e-11
5.7706e-11,1.8786e-11,4.4844e-11
5.6822e-11,1.8654e-11,4.0891e-11
3.5145e-11,1.5439e-11,3.1258e-11
3.3357e-11,1.4565e-11,3.5803e-11
2.7551e-11,1.5661e-11,2.568e-11
3.0375e-11,1.2616e-11,3.3077e-11
2.6445e-11,2.1469e-11,2.3018e-11
3.771e-11,1.0893e-11,2.3941e-11
3.7811e-11,3.7646e-11,4.5185e-11
2.4862e-11,1.5866e-11,3.2567e-11
2.2026e-11,1.8272e-11,1.3384e-11
2.1147e-11,1.3685e-11,1.4055e-11
1.9856e-11,1.9059e-11,1.5571e-11
2.6155e-11,3.4809e-11,3.7627e-11
1.8411e-11,2.1518e-11,1.8824e-11
2.0676e-11,1.8462e-11,1.2175e-11
1.987e-11,2.2555e-11,2.9277e-11
2.1946e-11,2.622e-11,1.2923e-11
2.2661e-11,2.0936e-11,1.5935e-11
2.2533e-11,2.1409e-11,1.2951e-11
1.888e-11,2.0831e-11,2.0387e-11
2.0888e-11,2.0723e-11,1.9096e-11
1.9862e-11,3.2318e-11,3.0816e-11
2.3103e-11,2.6152e-11,1.4853e-11
1.3272e-11,2.1267e-11,2.1893e-11
2.721e-11,1.8312e-11,7.5234e-12
2.8532e-11,1.7298e-11,7.8696e-12
9.1342e-12,2.0006e-11,1.8137e-11
3.1327e-11,2.7809e-11,1.1948e-11
3.0638e-11,1.7303e-11,7.7074e-12
3.2074e-11,2.2398e-11,1.2714e-11
7.3513e-12,1.9499e-11,1.7265e-11
6.1936e-12,2.9024e-11,2.275e-11
1.2759e-11,4.0324e-11,3.3718e-11
3.2347e-11,1.7003e-11,1.0335e-11
2.6465e-11,2.8506e-11,9.7177e-12
4.0873e-12,2.1667e-11,1.9136e-11
4.17e-12,2.1573e-11,1.9373e-11
1.5251e-11,4.9165e-11,3.8777e-11
4.9639e-11,2.0271e-11,3.9818e-11
6.2366e-11,1.3083e-11,4.6413e-11
6.5135e-11,1.408e-11,4.893e-11
4.7648e-11,2.2976e-11,4.0781e-11
3.0559e-11,2.262e-11,2.4812e-11
4.1777e-11,2.0558e-11,4.6663e-11
3.2824e-11,1.5952e-11,2.8188e-11
2.9399e-11,1.9446e-11,2.266e-11
4.3451e-11,3.0541e-11,3.5552e-11
3.5402e-11,1.9915e-11,3.9095e-11
2.9926e-11,1.5873e-11,3.4614e-11
3.7261e-11,3.447e-11,4.3862e-11
3.9227e-11,2.5072e-11,3.4327e-11
4.1352e-11,3.9167e-11,4.7442e-11
2.1325e-11,2.2908e-11,1.7064e-11
2.0875e-11,1.6153e-11,2.1719e-11
2.958e-11,3.5767e-11,4.0001e-11
1.7614e-11,1.7462e-11,2.1908e-11
2.6662e-11,3.0879e-11,3.6074e-11
1.7931e-11,1.2237e-11,2.3237e-11
1.8119e-11,1.9917e-11,1.9623e-11
1.9234e-11,2.1208e-11,1.6498e-11
1.9188e-11,1.9876e-11,1.4109e-11
1.9244e-11,1.9092e-11,1.1699e-11
1.6776e-11,1.8374e-11,2.2113e-11
2.1605e-11,2.6267e-11,1.3144e-11
1.9883e-11,3.3612e-11,3.5166e-11
2.238e-11,1.7245e-11,1.762e-11
1.5864e-11,1.6015e-11,2.4048e-11
1.7438e-11,3.8049e-11,3.8342e-11
2.8033e-11,2.0455e-11,1.321e-11
2.8085e-11,1.9434e-11,8.5018e-12
1.1681e-11,1.8695e-11,1.9299e-11
3.0453e-11,2.7079e-11,1.4901e-11
2.9798e-11,1.9705e-11,1.2537e-11
3.2624e-11,3.0459e-11,1.2128e-11
2.9542e-11,1.9897e-11,1.0919e-11
7.548e-12,1.9457e-11,1.7063e-11
3.2497e-11,2.225e-11,1.1273e-11
5.8603e-12,2.7877e-11,2.2735e-11
3.2113e-11,1.7456e-11,5.3191e-12
2.6956e-11,2.8518e-11,9.4599e-12
3.0906e-11,1.8187e-11,8.2932e-12
5.3874e-11,2.119e-11,4.1964e-11
3.4671e-11,1.4881e-11,3.7097e-11
4.6828e-11,1.7368e-11,3.6691e-11
4.6987e-11,2.6817e-11,4.2989e-11
3.8946e-11,3.1005e-11,4.5225e-11
2.3497e-11,2.0349e-11,2.1915e-11
3.4037e-11,2e-11,3.0728e-11
3.4399e-11,1.9783e-11,3.2038e-11
2.6898e-11,1.1143e-11,1.7553e-11
3.7131e-11,4.4547e-11,5.3131e-11
2.3113e-11,2.0673e-11,1.5659e-11
2.315e-11,1.6282e-11,1.6344e-11
3.1451e-11,4.3783e-11,5.6835e-11
2.1109e-11,1.2648e-11,2.5889e-11
1.9414e-11,2.0948e-11,1.7332e-11
2.9592e-11,4.3424e-11,4.9201e-11
1.9168e-11,2.1395e-11,1.5281e-11
2.1251e-11,2.1937e-11,1.6133e-11
1.7792e-11,1.5324e-11,1.4014e-11
1.9919e-11,1.9974e-11,1.6894e-11
1.7235e-11,1.8459e-11,2.015e-11
2.0156e-11,3.3044e-11,3.1005e-11
1.2561e-11,2.1329e-11,2.2855e-11
1.8762e-11,4.2069e-11,4.039e-11
1.8098e-11,4.9994e-11,4.8748e-11
1.226e-11,3.794e-11,3.1813e-11
1.2275e-11,5.0722e-11,4.898e-11
3.1927e-11,2.1775e-11,1.2407e-11
2.8599e-11,1.6995e-11,7.3789e-12
8.5566e-12,2.6411e-11,2.0654e-11
5.8203e-12,2.8685e-11,2.1094e-11
9.4409e-12,3.1481e-11,3.0513e-11
2.9265e-11,2.453e-11,1.2926e-11
6.3272e-12,2.695e-11,2.1684e-11
3.092e-11,1.7998e-11,7.3432e-12
2.9244e-11,2.353e-11,9.4365e-12
1.5642e-11,5.1942e-11,3.8804e-11
3.2034e-11,1.6872e-11,9.9545e-12
2.6226e-11,2.4307e-11,9.2929e-12
2.6734e-11,3.242e-11,1.2994e-11
2.8803e-11,2.329e-11,9.6932e-12
5.4767e-11,2.0567e-11,4.1569e-11
5.3518e-11,1.7429e-11,4.3225e-11
3.5815e-11,2.0016e-11,2.7191e-11
6.4292e-11,2.3579e-11,5.0342e-11
3.6801e-11,1.2594e-11,2.3165e-11
2.8492e-11,1.5355e-11,2.817e-11
2.9356e-11,1.3721e-11,1.9829e-11
2.8787e-11,1.6018e-11,3.2388e-11
2.8374e-11,1.2265e-11,3.0955e-11
3.1618e-11,1.0602e-11,2.0998e-11
2.4242e-11,1.3667e-11,2.8851e-11
2.1863e-11,1.1659e-11,2.4421e-11
1.9891e-11,1.9991e-11,1.6717e-11
2.864e-11,2.7151e-11,3.4604e-11
2.6066e-11,2.427e-11,3.2579e-11
1.8953e-11,1.9082e-11,1.4758e-11
1.9457e-11,1.3581e-11,1.2547e-11
2.6629e-11,4.0716e-11,4.5653e-11
1.9062e-11,1.9966e-11,1.7741e-11
1.9022e-11,1.4338e-11,1.1325e-11
1.4669e-11,1.1349e-11,2.1859e-11
1.9989e-11,2.0487e-11,1.628e-11
1.6216e-11,1.4931e-11,2.3739e-11
1.6085e-11,1.1783e-11,2.3985e-11
1.4173e-11,1.2503e-11,2.0129e-11
1.992e-11,1.8016e-11,1.0885e-11
2.0001e-11,1.7551e-11,1.5641e-11
2.2518e-11,2.0815e-11,1.6265e-11
2.0788e-11,2.4663e-11,1.5924e-11
1.3262e-11,1.2905e-11,2.1477e-11
2.3991e-11,4.7846e-11,4.7186e-11
2.0699e-11,2.2014e-11,1.677e-11
2.256e-11,2.5034e-11,1.5853e-11
2.2034e-11,1.7758e-11,1.1111e-11
2.8234e-11,2.0841e-11,1.2095e-11
2.9663e-11,2.3486e-11,1.1613e-11
2.7301e-11,2.7496e-11,1.3861e-11
9.9271e-12,2.247e-11,1.9707e-11
1.6098e-11,5.1368e-11,5.372e-11
3.2282e-11,2.1523e-11,1.2411e-11
1.3386e-11,4.9446e-11,5.307e-11
8.4701e-12,2.7818e-11,2.1843e-11
3.2162e-11,2.4451e-11,1.2692e-11
2.954e-11,1.7351e-11,9.1013e-12
6.631e-12,1.721e-11,1.606e-11
9.3331e-12,4.7661e-11,3.6883e-11
5.0195e-12,1.8536e-11,1.6931e-11
2.8567e-11,3.3162e-11,1.5301e-11
1.0555e-11,2.8793e-11,2.3446e-11
5.0293e-11,1.9604e-11,3.9524e-11
5.6353e-11,1.3442e-11,3.9925e-11
3.9731e-11,2.2698e-11,3.1877e-11
4.7031e-11,2.2915e-11,4.53e-11
3.8239e-11,1.5771e-11,3.2774e-11
4.5857e-11,2.2249e-11,4.355e-11
6.1399e-11,2.0014e-11,4.2754e-11
6.2361e-11,1.982e-11,4.4907e-11
3.0994e-11,1.4839e-11,2.805e-11
3.129e-11,1.3618e-11,3.3302e-11
2.932e-11,1.5562e-11,2.4718e-11
2.5681e-11,1.481e-11,2.4305e-11
2.8232e-11,1.3836e-11,3.0856e-11
2.6423e-11,1.2358e-11,2.8279e-11
2.6827e-11,1.1939e-11,2.9022e-11
2.9165e-11,1.3108e-11,2.1393e-11
3.6401e-11,3.534e-11,4.6432e-11
2.1601e-11,1.9421e-11,1.5293e-11
1.83e-11,1.8544e-11,1.6746e-11
1.8369e-11,2.0481e-11,1.7493e-11
1.5875e-11,1.4259e-11,2.1338e-11
1.948e-11,2.3237e-11,1.1921e-11
1.8428e-11,1.8426e-11,1.444e-11
1.8445e-11,1.8047e-11,1.3847e-11
1.8348e-11,1.3958e-11,1.1916e-11
1.9396e-11,1.2787e-11,1.3032e-11
2.3249e-11,2.2186e-11,1.9013e-11
2.7791e-11,4.5279e-11,5.291e-11
1.903e-11,1.9449e-11,1.6699e-11
1.8256e-11,1.9863e-11,1.5651e-11
1.8914e-11,2.0068e-11,1.7972e-11
1.8502e-11,1.9699e-11,1.8869e-11
1.6302e-11,1.9249e-11,2.4361e-11
1.7885e-11,1.8399e-11,1.8899e-11
2.0799e-11,2.4891e-11,1.6431e-11
1.362e-11,1.0862e-11,2.0413e-11
1.5501e-11,2.2273e-11,2.2714e-11
2.3043e-11,2.4481e-11,1.5198e-11
1.8713e-11,3.8398e-11,3.7795e-11
2.6442e-11,2.0659e-11,1.0687e-11
1.1537e-11,1.6354e-11,2.025e-11
1.4641e-11,1.5228e-11,1.994e-11
2.5171e-11,2.5493e-11,1.2197e-11
1.5341e-11,3.4205e-11,2.9694e-11
2.6128e-11,1.9315e-11,9.6608e-12
1.7224e-11,3.4616e-11,3.4874e-11
2.3933e-11,2.3858e-11,1.5576e-11
1.1639e-11,3.2659e-11,2.554e-11
9.6037e-12,3.818e-11,3.1787e-11
7.2853e-12,2.4177e-11,1.9289e-11
3.172e-11,2.2225e-11,9.9126e-12
2.7769e-11,2.5157e-11,1.3253e-11
2.7358e-11,2.1692e-11,1.1093e-11
5.4275e-12,2.0011e-11,1.7249e-11
3.101e-11,1.7945e-11,6.936e-12
3.0235e-11,1.7767e-11,7.8475e-12
2.7258e-11,1.9951e-11,1.0476e-11
5.7797e-11,1.1011e-11,4.0475e-11
6.175e-11,1.3191e-11,4.3226e-11
3.3442e-11,1.5573e-11,2.5317e-11
5.8047e-11,2.3037e-11,4.7774e-11
4.6642e-11,3.0357e-11,5.0127e-11
3.2543e-11,1.6428e-11,2.2781e-11
2.6155e-11,1.8166e-11,2.1361e-11
3.1342e-11,2.7353e-11,3.6643e-11
3.0956e-11,2.7726e-11,3.6167e-11
2.7758e-11,2.5353e-11,3.3455e-11
2.1677e-11,1.0795e-11,2.5625e-11
1.9072e-11,1.2857e-11,1.2997e-11
2.1046e-11,1.4996e-11,2.6974e-11
1.8834e-11,1.8992e-11,1.8532e-11
1.8962e-11,1.8139e-11,1.1776e-11
1.9176e-11,1.9319e-11,1.5758e-11
1.5241e-11,1.3825e-11,2.0348e-11
1.7695e-11,1.9223e-11,1.6625e-11
1.8985e-11,1.501e-11,1.326e-11
1.6083e-11,1.9391e-11,2.5322e-11
1.8157e-11,2.7531e-11,2.8119e-11
1.4686e-11,1.2567e-11,2.199e-11
2.2711e-11,2.0739e-11,1.4669e-11
1.8935e-11,2.2177e-11,1.3417e-11
2.7336e-11,1.9189e-11,1.541e-11
2.3896e-11,4.4218e-11,4.7643e-11
2.0865e-11,1.676e-11,1.1429e-11
3.0686e-11,2.5291e-11,1.3786e-11
1.2808e-11,2.1417e-11,2.266e-11
1.4297e-11,3.1707e-11,2.7817e-11
2.6732e-11,1.7569e-11,1.2422e-11
1.8512e-11,4.6195e-11,4.3283e-11
2.5474e-11,1.6057e-11,7.0271e-12
2.9921e-11,2.7407e-11,1.3907e-11
7.8804e-12,2.6087e-11,2.0664e-11
6.6977e-12,1.5968e-11,1.5596e-11
2.896e-11,1.7553e-11,1.1421e-11
8.2956e-12,1.7244e-11,1.6147e-11
2.889e-11,1.4928e-11,7.5162e-12
2.9127e-11,1.9174e-11,1.085e-11
2.6224e-11,2.3361e-11,1.0367e-11
2.3364e-11,2.5624e-11,1.195e-11
2.8479e-11,1.6289e-11,9.5396e-12
1.5863e-11,4.467e-11,3.4898e-11
2.3037e-11,2.6448e-11,1.1302e-11
1.1101e-11,2.9776e-11,2.6042e-11
2.8043e-11,1.9626e-11,9.3792e-12
7.1602e-12,3.1736e-11,3.0181e-11
4.4751e-11,1.9067e-11,3.6035e-11
4.4772e-11,1.1697e-11,3.1571e-11
3.395e-11,1.2177e-11,2.4448e-11
3.7047e-11,2.5224e-11,4.2246e-11
4.0041e-11,3.193e-11,4.6434e-11
3.3718e-11,3.3618e-11,4.4524e-11
2.2543e-11,1.1718e-11,1.5952e-11
1.9448e-11,1.1565e-11,2.4024e-11
1.9883e-11,1.261e-11,2.6278e-11
1.7898e-11,2.0565e-11,1.6874e-11
1.8817e-11,1.8168e-11,1.6364e-11
1.6779e-11,2.0622e-11,1.7968e-11
2.1385e-11,2.0655e-11,1.7237e-11
2.3037e-11,3.4987e-11,4.0285e-11
1.7846e-11,1.3183e-11,2.4165e-11
1.7475e-11,1.2949e-11,1.3171e-11
2.022e-11,1.8394e-11,9.9069e-12
1.7343e-11,1.7503e-11,2.3088e-11
2.5655e-11,1.9486e-11,1.2351e-11
2.0594e-11,2.136e-11,1.8953e-11
1.2696e-11,2.3545e-11,2.1038e-11
1.6701e-11,3.6541e-11,3.6035e-11
8.924e-12,1.4353e-11,1.7154e-11
2.3956e-11,1.3801e-11,8.9699e-12
3.1093e-11,2.129e-11,1.4587e-11
1.0248e-11,3.7164e-11,3.1529e-11
8.5697e-12,3.0041e-11,2.4925e-11
2.8989e-11,2.788e-11,1.3755e-11
8.2261e-12,2.5032e-11,1.9853e-11
8.1624e-12,3.6169e-11,3.0199e-11
6.6842e-12,2.3806e-11,1.7437e-11
2.9402e-11,1.7321e-11,8.0561e-12
1.4246e-11,5.4574e-11,4.4945e-11
6.7914e-12,3.0789e-11,2.3371e-11
2.9828e-11,3.3183e-11,1.859e-11
2.9428e-11,1.7605e-11,8.7796e-12
2.6226e-11,3.1141e-11,1.4315e-11
2.2432e-11,2.6126e-11,1.1292e-11
9.4775e-12,3.6016e-11,3.1731e-11
2.4255e-11,2.3135e-11,9.6079e-12
7.6071e-12,2.2835e-11,2.1073e-11
8.402e-12,3.6289e-11,3.3266e-11
5.3457e-11,1.8125e-11,4.2869e-11
4.9961e-11,2.022e-11,4.058e-11
6.1574e-11,1.4361e-11,4.1832e-11
4.743e-11,2.1231e-11,4.2235e-11
3.3776e-11,1.5243e-11,3.0866e-11
3.38e-11,1.6146e-11,2.7355e-11
3.0974e-11,1.3794e-11,2.5548e-11
4.2661e-11,2.8229e-11,4.7424e-11
4.0284e-11,2.4311e-11,4.2924e-11
2.6532e-11,1.5571e-11,2.3122e-11
2.4969e-11,1.7756e-11,2.0926e-11
3.2129e-11,1.9735e-11,3.5965e-11
4.3437e-11,1.4083e-11,3.2513e-11
3.1027e-11,2.3443e-11,3.5724e-11
1.9738e-11,2.2661e-11,1.607e-11
2.0377e-11,1.8319e-11,1.8407e-11
1.7617e-11,1.8672e-11,1.8154e-11
2.0919e-11,1.6917e-11,2.6312e-11
1.639e-11,1.1585e-11,2.3266e-11
2.7086e-11,4.398e-11,4.4192e-11
2.8181e-11,4.5646e-11,4.7686e-11
1.7701e-11,1.9215e-11,1.762e-11
1.7962e-11,1.8202e-11,1.8141e-11
1.9141e-11,2.3148e-11,2.7931e-11
1.6072e-11,1.3646e-11,2.2806e-11
2.1414e-11,1.9695e-11,1.2652e-11
2.174e-11,2.4981e-11,1.5393e-11
2.003e-11,1.5774e-11,1.0839e-11
1.2251e-11,1.0192e-11,1.8426e-11
1.9363e-11,2.2e-11,1.7509e-11
1.3182e-11,1.8497e-11,2.0276e-11
2.0885e-11,1.8366e-11,1.201e-11
2.0599e-11,2.18e-11,1.7782e-11
1.7012e-11,2.0207e-11,1.6767e-11
1.4207e-11,4.2126e-11,3.6292e-11
1.1029e-11,1.6714e-11,1.6849e-11
7.3063e-12,2.3733e-11,1.9045e-11
2.7781e-11,1.6754e-11,8.4266e-12
5.9939e-12,2.1942e-11,1.6652e-11
2.8746e-11,1.6926e-11,1.0114e-11
2.9424e-11,2.1219e-11,1.0723e-11
2.4825e-11,2.7895e-11,1.3185e-11
6.952e-12,2.361e-11,1.9034e-11
8.2911e-12,2.5654e-11,2.1254e-11
8.6512e-12,3.6699e-11,3.3281e-11
7.6551e-12,3.021e-11,2.9474e-11
5.543e-11,1.4018e-11,3.7592e-11
3.5639e-11,1.9296e-11,2.8728e-11
5.9196e-11,1.9291e-11,4.3295e-11
3.385e-11,1.2022e-11,2.3669e-11
2.6999e-11,1.7156e-11,2.2638e-11
2.9353e-11,1.6331e-11,2.0996e-11
4.6649e-11,1.8682e-11,4.1118e-11
2.5671e-11,1.4248e-11,1.9029e-11
1.9459e-11,1.4121e-11,2.196e-11
2.3628e-11,2.0379e-11,3.0115e-11
2.1808e-11,1.9556e-11,2.8546e-11
2.0347e-11,1.8675e-11,2.7059e-11
1.6025e-11,1.2121e-11,2.036e-11
1.6211e-11,1.8821e-11,1.8644e-11
1.7379e-11,1.9076e-11,1.6369e-11
1.5618e-11,1.2586e-11,1.9632e-11
1.3924e-11,1.1025e-11,2.1129e-11
1.7275e-11,2.0532e-11,1.6267e-11
1.8744e-11,2.1772e-11,1.4096e-11
2.3619e-11,3.7877e-11,3.7481e-11
1.8786e-11,2.2663e-11,1.4062e-11
2.7213e-11,2.121e-11,1.6225e-11
1.9844e-11,1.907e-11,1.4147e-11
1.6425e-11,1.7812e-11,1.6856e-11
1.1517e-11,1.6904e-11,1.8265e-11
1.7943e-11,2.0756e-11,1.8695e-11
2.2188e-11,1.574e-11,7.9804e-12
1.967e-11,2.1495e-11,1.6705e-11
2.941e-11,2.0653e-11,1.4258e-11
1.113e-11,2.916e-11,2.3002e-11
1.7177e-11,1.568e-11,1.754e-11
2.6397e-11,2.6391e-11,1.4627e-11
2.9883e-11,1.7056e-11,6.589e-12
7.8313e-12,3.4588e-11,2.8467e-11
1.2023e-11,1.7959e-11,1.6394e-11
6.9974e-12,1.6883e-11,1.5645e-11
2.8577e-11,1.4899e-11,8.0044e-12
7.2983e-12,1.7159e-11,1.5518e-11
1.212e-11,5.8686e-11,4.3652e-11
2.7878e-11,1.6395e-11,8.7706e-12
2.8751e-11,1.6179e-11,8.8127e-12
1.2926e-11,5.0353e-11,4.0276e-11
7.789e-12,3.1756e-11,3.0699e-11
4.2676e-11,1.3822e-11,3.7748e-11
4.411e-11,1.7556e-11,3.7742e-11
4.3311e-11,1.6643e-11,3.5301e-11
3.5769e-11,1.874e-11,3.1559e-11
4.3164e-11,2.0201e-11,3.7951e-11
3.3709e-11,1.566e-11,2.8372e-11
4.0472e-11,1.03e-11,2.8669e-11
3.5803e-11,1.433e-11,3.0393e-11
5.0225e-11,2.8965e-11,5.0708e-11
5.0067e-11,3.0876e-11,5.2048e-11
4.332e-11,1.2703e-11,2.9788e-11
4.3279e-11,3.1366e-11,4.6684e-11
4.2788e-11,1.6299e-11,3.2069e-11
4.4224e-11,1.5789e-11,3.6481e-11
3.6032e-11,2.4812e-11,3.8939e-11
3.0371e-11,1.2333e-11,3.0073e-11
2.5077e-11,1.7526e-11,1.8204e-11
3.1445e-11,2.7491e-11,2.5811e-11
2.2841e-11,1.7941e-11,2.1137e-11
2.044e-11,1.361e-11,2.5649e-11
1.571e-11,1.5152e-11,1.8034e-11
1.7275e-11,1.5632e-11,2.2158e-11
1.8356e-11,1.3093e-11,1.3632e-11
1.6859e-11,9.6776e-12,2.033e-11
1.6827e-11,1.8855e-11,1.2717e-11
2.275e-11,2.2141e-11,2.8523e-11
1.7633e-11,1.9598e-11,1.5827e-11
2.5479e-11,4.6745e-11,4.6824e-11
1.2192e-11,1.2706e-11,1.8018e-11
2.0051e-11,1.5518e-11,9.1734e-12
1.3946e-11,1.3428e-11,1.6927e-11
2.3525e-11,2.3725e-11,1.4178e-11
1.2465e-11,5.0082e-11,5.0071e-11
1.2247e-11,3.6368e-11,3.2255e-11
1.174e-11,3.1785e-11,2.3042e-11
1.1758e-11,1.8127e-11,1.5765e-11
7.5485e-12,1.9775e-11,1.5601e-11
2.4303e-11,2.3079e-11,1.3413e-11
7.6401e-12,2.4375e-11,2.0333e-11
4.3944e-12,1.9677e-11,1.5985e-11
2.9489e-11,1.7244e-11,8.0173e-12
2.7784e-11,1.8124e-11,9.1226e-12
2.1224e-11,2.3173e-11,1.02e-11
2.2573e-11,2.1276e-11,9.6277e-12
6.9417e-12,2.5108e-11,2.2088e-11
7.2251e-12,2.1309e-11,1.9925e-11
1.1243e-11,2.0231e-11,1.9658e-11
4.9191e-11,1.6183e-11,4.3641e-11
4.4087e-11,1.713e-11,3.7691e-11
4.2794e-11,1.6106e-11,3.5489e-11
4.0964e-11,1.1069e-11,3.4656e-11
4.1923e-11,1.7914e-11,3.8617e-11
3.5644e-11,1.4175e-11,3.1717e-11
3.2692e-11,1.1209e-11,2.319e-11
3.0316e-11,2.6938e-11,3.874e-11
3.5626e-11,3.9064e-11,5.4214e-11
3.5082e-11,3.077e-11,3.0637e-11
3.3274e-11,2.8104e-11,3.1784e-11
2.9433e-11,2.5148e-11,2.7005e-11
2.242e-11,1.4272e-11,2.7308e-11
3.0487e-11,2.6134e-11,2.4423e-11
1.6142e-11,1.428e-11,1.2817e-11
2.0635e-11,1.9752e-11,1.8149e-11
1.6694e-11,1.0969e-11,2.3528e-11
1.7098e-11,2.0885e-11,1.4174e-11
2.1082e-11,2.6753e-11,2.7076e-11
1.7319e-11,2.1304e-11,1.4196e-11
1.7762e-11,1.6829e-11,1.4322e-11
2.6822e-11,1.9677e-11,1.6624e-11
2.3676e-11,4.7064e-11,4.4573e-11
1.8868e-11,3.224e-11,3.0859e-11
1.4064e-11,1.8263e-11,1.9106e-11
9.8482e-12,1.0605e-11,1.7013e-11
1.8075e-11,1.8719e-11,1.5364e-11
2.3565e-11,1.727e-11,8.5006e-12
9.7509e-12,1.8479e-11,1.8297e-11
2.3225e-11,1.4298e-11,8.5804e-12
1.099e-11,2.9581e-11,2.1269e-11
1.1972e-11,3.0618e-11,2.603e-11
5.6873e-12,3.0357e-11,2.2846e-11
6.7917e-12,1.7904e-11,1.6545e-11
1.538e-11,3.755e-11,3.1515e-11
6.5466e-12,3.3719e-11,2.7815e-11
8.0419e-12,2.4712e-11,2.1989e-11
8.9878e-12,3.5819e-11,3.3894e-11
4.7304e-11,1.5154e-11,4.2089e-11
4.9946e-11,1.6309e-11,4.205e-11
4.5912e-11,1.0222e-11,3.7658e-11
5.1506e-11,9.8237e-12,3.9531e-11
4.537e-11,9.3129e-12,3.0948e-11
2.6987e-11,1.1943e-11,2.4613e-11
3.2847e-11,1.2257e-11,2.1519e-11
2.5695e-11,1.2622e-11,2.4042e-11
2.2714e-11,1.5456e-11,2.0053e-11
3.5695e-11,3.7122e-11,4.9362e-11
2.1317e-11,9.7761e-12,2.4185e-11
1.7078e-11,1.5108e-11,2.0068e-11
1.7276e-11,1.3995e-11,1.3299e-11
1.6416e-11,1.8804e-11,1.4189e-11
2.9385e-11,3.8438e-11,4.552e-11
1.9046e-11,1.7497e-11,1.8192e-11
1.6006e-11,1.2573e-11,2.0696e-11
1.8592e-11,1.2058e-11,1.3256e-11
2.3371e-11,1.8272e-11,2.2648e-11
2.3659e-11,2.2067e-11,1.9901e-11
2.5156e-11,3.1243e-11,3.4033e-11
1.9389e-11,2.3987e-11,2.6716e-11
1.6106e-11,1.252e-11,1.2918e-11
1.6989e-11,1.4207e-11,1.2393e-11
1.6902e-11,1.4746e-11,1.2128e-11
1.7424e-11,1.6704e-11,1.3073e-11
2.9187e-11,2.5936e-11,1.9129e-11
1.2672e-11,1.117e-11,1.8944e-11
1.5406e-11,2.0485e-11,2.1331e-11
2.6435e-11,2.0899e-11,1.4096e-11
2.1061e-11,2.3711e-11,1.4498e-11
1.2356e-11,3.2659e-11,2.6439e-11
1.0872e-11,1.9243e-11,1.8684e-11
2.7884e-11,1.9744e-11,1.4172e-11
1.2518e-11,1.1163e-11,1.533e-11
8.2425e-12,1.5628e-11,1.5403e-11
2.7614e-11,1.5024e-11,7.6918e-12
2.9341e-11,1.5005e-11,7.0513e-12
2.6304e-11,1.5244e-11,9.2133e-12
8.1599e-12,2.343e-11,1.7901e-11
6.6717e-12,1.87e-11,1.7391e-11
2.1317e-11,2.0314e-11,1.2014e-11
2.2331e-11,2.1668e-11,1.0795e-11
5.7901e-12,2.7738e-11,2.2723e-11
7.42e-12,2.9488e-11,2.7404e-11
5.3852e-11,1.121e-11,4.5384e-11
5.6275e-11,1.1458e-11,3.9917e-11
3.7511e-11,1.0422e-11,2.6968e-11
2.9687e-11,1.0824e-11,1.9392e-11
3.6141e-11,3.8512e-11,5.6503e-11
1.9103e-11,1.3051e-11,1.4362e-11
1.5905e-11,1.7002e-11,1.6353e-11
1.6206e-11,1.8432e-11,1.715e-11
2.4099e-11,1.7109e-11,2.2378e-11
2.4183e-11,1.7064e-11,2.2528e-11
1.6233e-11,1.29e-11,1.9436e-11
2.5802e-11,2.1591e-11,2.418e-11
1.8531e-11,9.3731e-12,2.1798e-11
2.4356e-11,2.2122e-11,2.245e-11
1.6122e-11,1.8806e-11,1.5115e-11
2.2501e-11,2.1543e-11,1.82e-11
1.7385e-11,1.3114e-11,1.1395e-11
1.2939e-11,9.4479e-12,1.8975e-11
1.6954e-11,1.3982e-11,1.1469e-11
2.8386e-11,2.8566e-11,1.8134e-11
1.8182e-11,1.4186e-11,1.1251e-11
1.5979e-11,2.7438e-11,2.7107e-11
1.788e-11,1.5337e-11,1.0658e-11
1.1856e-11,1.1866e-11,1.8159e-11
2.0619e-11,4.6716e-11,4.6909e-11
1.9351e-11,1.2977e-11,1.1321e-11
2.9997e-11,2.5269e-11,1.599e-11
1.6195e-11,1.7042e-11,1.6364e-11
1.8923e-11,3.9489e-11,3.8173e-11
1.0379e-11,1.8899e-11,1.8638e-11
1.1316e-11,2.1285e-11,1.8442e-11
2.3508e-11,1.7268e-11,8.29e-12
2.7405e-11,2.1345e-11,1.5686e-11
2.3469e-11,1.6363e-11,1.0247e-11
1.013e-11,2.0504e-11,1.7299e-11
1.0849e-11,2.9884e-11,2.7676e-11
2.492e-11,1.3256e-11,9.6688e-12
2.6727e-11,2.6015e-11,1.4256e-11
2.4334e-11,1.4172e-11,8.2e-12
6.3027e-12,1.8414e-11,1.4426e-11
2.5124e-11,1.4704e-11,9.287e-12
2.334e-11,2.4374e-11,1.7669e-11
6.4419e-12,5.1154e-11,4.3819e-11
4.1281e-12,2.6824e-11,2.1009e-11
2.4586e-11,2.761e-11,1.7502e-11
2.5185e-11,1.8434e-11,1.1044e-11
9.4392e-12,3.1332e-11,2.7405e-11
2.7067e-11,1.5916e-11,6.9816e-12
6.7703e-12,3.5321e-11,2.8475e-11
1.1878e-11,4.3883e-11,3.6598e-11
2.6237e-11,1.8016e-11,8.4553e-12
2.7314e-11,1.9809e-11,7.9872e-12
1.0025e-11,3.665e-11,3.252e-11
5.309e-11,1.1797e-11,4.6877e-11
5.2713e-11,1.0678e-11,4.3687e-11
4.9068e-11,1.5887e-11,4.3249e-11
4.7801e-11,1.1007e-11,3.7957e-11
5.1829e-11,2.6385e-11,4.8406e-11
3.3438e-11,1.4353e-11,2.7619e-11
4.6942e-11,1.4035e-11,3.2091e-11
5.5345e-11,1.7602e-11,4.0299e-11
3.6278e-11,2.0704e-11,3.8768e-11
3.1946e-11,1.9479e-11,3.4044e-11
4.2986e-11,1.4892e-11,3.4859e-11
2.1994e-11,1.3737e-11,2.0496e-11
3.9687e-11,3.4228e-11,4.7652e-11
1.8813e-11,1.2156e-11,2.2179e-11
3.4764e-11,3.8872e-11,5.362e-11
1.8104e-11,9.8988e-12,2.1835e-11
2.1309e-11,1.0712e-11,2.2919e-11
2.5481e-11,1.8645e-11,2.3808e-11
1.9629e-11,1.0083e-11,2.2084e-11
1.8077e-11,1.2436e-11,1.3768e-11
1.489e-11,1.5339e-11,1.6704e-11
2.2454e-11,1.9556e-11,1.8854e-11
1.6506e-11,1.3636e-11,1.2449e-11
1.5329e-11,1.8441e-11,1.5399e-11
1.6639e-11,1.2662e-11,1.395e-11
1.6402e-11,1.7561e-11,1.7074e-11
1.7641e-11,1.4462e-11,1.3062e-11
2.208e-11,1.8379e-11,1.8663e-11
2.4487e-11,4.4324e-11,4.2735e-11
1.7592e-11,1.2372e-11,1.1295e-11
2.9856e-11,2.3603e-11,2.0969e-11
2.0647e-11,1.9243e-11,1.1204e-11
9.647e-12,9.7642e-12,1.6242e-11
2.5159e-11,1.5728e-11,9.1841e-12
1.6753e-11,4.3102e-11,4.5191e-11
1.0641e-11,2.7398e-11,2.0776e-11
2.5008e-11,1.2956e-11,7.9092e-12
2.4293e-11,1.2786e-11,8.6687e-12
9.9406e-12,1.321e-11,1.5676e-11
2.3542e-11,2.0632e-11,1.6909e-11
2.564e-11,2.1011e-11,1.263e-11
6.9351e-12,5.6411e-11,5.4632e-11
8.2692e-12,1.6235e-11,1.4518e-11
2.4407e-11,1.7746e-11,1.1416e-11
6.9552e-12,2.2247e-11,1.7023e-11
2.4071e-11,1.8568e-11,1.1361e-11
5.3447e-12,2.6045e-11,2.0792e-11
2.9495e-11,3.1028e-11,2.1288e-11
2.9316e-11,3.0937e-11,1.9744e-11
2.6509e-11,2.7313e-11,1.7229e-11
6.6714e-12,1.8152e-11,1.6225e-11
2.8467e-11,1.6211e-11,9.1682e-12
1.0155e-11,3.9456e-11,3.4837e-11
2.6654e-11,1.6104e-11,8.7128e-12
5.7161e-12,2.7783e-11,2.5452e-11
5.5856e-11,1.1138e-11,4.95e-11
3.4884e-11,9.1252e-12,2.655e-11
2.3136e-11,1.4819e-11,2.0664e-11
2.1589e-11,1.473e-11,2.0084e-11
4.2142e-11,2.9708e-11,4.0153e-11
3.0627e-11,3.8685e-11,5.0483e-11
1.7186e-11,1.0576e-11,2.2434e-11
1.4843e-11,1.3218e-11,1.8088e-11
2.5414e-11,3.9642e-11,4.2068e-11
1.5837e-11,2.0642e-11,1.4782e-11
1.59e-11,1.3919e-11,1.1745e-11
1.6068e-11,2.106e-11,1.5004e-11
1.4624e-11,1.3578e-11,1.8155e-11
1.6041e-11,2.522e-11,2.6322e-11
1.3268e-11,1.5877e-11,1.9595e-11
2.8972e-11,2.2977e-11,2.2895e-11
1.7922e-11,1.4155e-11,1.2095e-11
1.872e-11,3.0019e-11,3.0032e-11
1.0108e-11,9.96e-12,1.7594e-11
1.9631e-11,1.7961e-11,1.1647e-11
9.7867e-12,9.9296e-12,1.674e-11
1.3952e-11,1.2739e-11,1.5899e-11
1.489e-11,1.5276e-11,1.6999e-11
1.546e-11,1.0807e-11,1.612e-11
1.155e-11,1.8786e-11,1.7843e-11
1.1306e-11,3.3369e-11,3.2407e-11
9.3972e-12,2.0747e-11,1.7396e-11
1.1337e-11,1.1901e-11,1.8463e-11
1.0348e-11,3.1032e-11,3.0071e-11
9.9103e-12,2.718e-11,2.0703e-11
2.4602e-11,2.5462e-11,1.7852e-11
4.6341e-12,2.1434e-11,1.5532e-11
6.9964e-12,3.1834e-11,2.5496e-11
2.4259e-11,1.9856e-11,1.0519e-11
7.0523e-12,1.5311e-11,1.4117e-11
1.523e-11,3.8369e-11,3.3298e-11
2.8196e-11,1.4482e-11,5.9539e-12
2.1881e-11,2.038e-11,1.0824e-11
2.1074e-11,1.9981e-11,1.1556e-11
7.3342e-12,2.2415e-11,1.9884e-11
2.9625e-11,1.4916e-11,5.7956e-12
6.3434e-12,2.1613e-11,2.0254e-11
5.3046e-12,2.4153e-11,2.2554e-11
1.0111e-11,4.1612e-11,3.5844e-11
5.8436e-12,1.7069e-11,1.6191e-11
8.5976e-12,2.2443e-11,2.1325e-11
8.1049e-12,3.1013e-11,3.1386e-11
7.0532e-12,2.7271e-11,2.6321e-11
4.8681e-11,1.2056e-11,4.6245e-11
4.737e-11,1.4003e-11,4.4178e-11
5.6608e-11,8.6547e-12,4.5618e-11
6.3332e-11,1.2157e-11,4.8265e-11
6.2112e-11,1.2443e-11,4.6891e-11
4.9032e-11,1.6227e-11,4.3398e-11
4.0379e-11,1.106e-11,3.5122e-11
4.6511e-11,2.3762e-11,4.399e-11
3.2726e-11,1.3281e-11,3.2022e-11
3.3919e-11,1.1104e-11,2.9147e-11
2.5291e-11,1.1916e-11,2.4074e-11
2.8239e-11,1.1286e-11,2.5626e-11
2.664e-11,9.8974e-12,1.8961e-11
3.1804e-11,2.2262e-11,3.5601e-11
2.5046e-11,9.9942e-12,2.5858e-11
3.6576e-11,3.7686e-11,5.2701e-11
3.8867e-11,2.3242e-11,3.219e-11
2.5561e-11,1.1356e-11,2.4827e-11
3.5602e-11,2.7943e-11,3.5186e-11
3.1223e-11,2.6358e-11,3.1568e-11
2.6539e-11,2.7535e-11,3.7955e-11
1.7533e-11,9.2021e-12,2.1271e-11
2.699e-11,1.5144e-11,2.3199e-11
1.7257e-11,9.1726e-12,2.1892e-11
2.3919e-11,2.1191e-11,2.2808e-11
1.6562e-11,1.5451e-11,1.4773e-11
1.9871e-11,1.0082e-11,1.5455e-11
2.9754e-11,4.2873e-11,4.6213e-11
1.4749e-11,1.8237e-11,1.5484e-11
1.8624e-11,9.4197e-12,1.4279e-11
1.7543e-11,1.8031e-11,1.597e-11
1.433e-11,1.635e-11,1.6077e-11
1.5944e-11,1.4496e-11,1.104e-11
1.4839e-11,1.4041e-11,2.0385e-11
1.6376e-11,1.6188e-11,1.0954e-11
1.7283e-11,1.4891e-11,1.3167e-11
1.6066e-11,1.171e-11,1.2392e-11
1.7606e-11,1.5064e-11,1.2403e-11
1.8548e-11,2.0231e-11,1.3105e-11
2.1498e-11,1.8151e-11,1.287e-11
2.3236e-11,1.8684e-11,1.2041e-11
1.2941e-11,2.1186e-11,1.9885e-11
1.8519e-11,1.6353e-11,9.637e-12
1.1236e-11,3.0112e-11,2.505e-11
9.8856e-12,2e-11,1.789e-11
1.1411e-11,1.6691e-11,1.6895e-11
2.2406e-11,2.4291e-11,1.4472e-11
2.3213e-11,1.6637e-11,9.9495e-12
2.2182e-11,1.5046e-11,9.6739e-12
1.6026e-11,1.633e-11,1.5294e-11
1.2274e-11,3.1367e-11,2.456e-11
2.5049e-11,2.3563e-11,1.6471e-11
2.3893e-11,1.4163e-11,7.3235e-12
2.7006e-11,1.6441e-11,7.806e-12
9.2038e-12,2.9801e-11,2.8159e-11
4.6905e-12,5.099e-11,4.4961e-11
2.8391e-11,1.5802e-11,7.2465e-12
3.4705e-11,3.7153e-11,3.0636e-11
9.3849e-12,2.6515e-11,2.2124e-11
2.5882e-11,1.5229e-11,1.1439e-11
2.3241e-11,1.7421e-11,1.2886e-11
2.9039e-12,1.9229e-11,1.5866e-11
2.4037e-11,1.7245e-11,1.0521e-11
2.4951e-11,1.7096e-11,9.2257e-12
7.4806e-12,3.4295e-11,3.336e-11
8.1816e-12,3.1691e-11,3.0248e-11
4.4752e-11,1.7741e-11,3.911e-11
5.0731e-11,2.3775e-11,4.6822e-11
4.513e-11,3.0806e-11,4.9319e-11
4.1793e-11,1.0368e-11,3.1406e-11
4.8141e-11,1.4574e-11,3.8482e-11
2.7465e-11,1.1541e-11,2.4783e-11
3.9235e-11,3.3624e-11,4.9793e-11
5.2548e-11,2.4296e-11,4.2822e-11
4.8381e-11,2.4578e-11,4.0135e-11
2.5778e-11,1.4471e-11,2.678e-11
2.8353e-11,8.434e-12,2.0122e-11
3.1834e-11,2.6789e-11,4.0323e-11
2.1699e-11,9.2201e-12,2.337e-11
2.2938e-11,1.0251e-11,1.7747e-11
1.5478e-11,1.4389e-11,1.7454e-11
1.5133e-11,1.2192e-11,2.3621e-11
1.5297e-11,1.9213e-11,1.3331e-11
1.8368e-11,1.2988e-11,1.7583e-11
1.3873e-11,1.6179e-11,1.652e-11
1.6655e-11,1.1126e-11,2.0004e-11
1.6723e-11,2.4457e-11,2.6192e-11
1.3853e-11,1.3369e-11,1.7688e-11
1.4059e-11,1.6077e-11,2.0078e-11
1.7539e-11,2.0842e-11,1.8163e-11
1.8053e-11,1.5986e-11,1.0686e-11
1.2039e-11,1.9668e-11,1.9162e-11
1.0924e-11,1.4581e-11,1.6871e-11
2.478e-11,1.9778e-11,1.9865e-11
1.7824e-11,2.0897e-11,1.8024e-11
1.411e-11,1.9191e-11,1.7502e-11
2.3604e-11,1.73e-11,1.0506e-11
1.5857e-11,5.4301e-11,5.5767e-11
1.8925e-11,1.8991e-11,1.7304e-11
1.0295e-11,3.8853e-11,3.3462e-11
2.4564e-11,2.3193e-11,1.2902e-11
2.5691e-11,1.4351e-11,8.894e-12
4.3052e-12,2.7622e-11,2.2811e-11
3.6896e-12,2.333e-11,2.0324e-11
5.4983e-12,3.1355e-11,2.6168e-11
2.3721e-11,1.8035e-11,9.3169e-12
6.3048e-12,1.4282e-11,1.3677e-11
7.3733e-12,3.5362e-11,2.9535e-11
2.7006e-11,1.5079e-11,7.2383e-12
3.2553e-11,3.3774e-11,2.6729e-11
2.5726e-11,1.6959e-11,7.9018e-12
5.0161e-12,2.957e-11,2.6238e-11
4.724e-11,1.0515e-11,4.5686e-11
4.4566e-11,1.4032e-11,3.8883e-11
4.6643e-11,1.5487e-11,4.0465e-11
5.3002e-11,1.3574e-11,3.7781e-11
3.4206e-11,8.0706e-12,2.6474e-11
2.7656e-11,1.2289e-11,2.689e-11
3.6527e-11,3.1286e-11,4.5938e-11
2.6674e-11,1.4658e-11,2.5712e-11
5.1302e-11,2.3496e-11,4.202e-11
4.8789e-11,2.9037e-11,4.5873e-11
4.4635e-11,2.8774e-11,4.3217e-11
1.9968e-11,9.2415e-12,2.1505e-11
1.9631e-11,8.841e-12,2.1618e-11
2.4716e-11,1.7689e-11,2.308e-11
2.1736e-11,2.3267e-11,2.9242e-11
2.6132e-11,1.3699e-11,2.3356e-11
2.0749e-11,2.2951e-11,2.8451e-11
1.4826e-11,1.5284e-11,1.7764e-11
1.6413e-11,1.4763e-11,1.4965e-11
2.6531e-11,4.237e-11,4.5521e-11
1.9125e-11,2.8865e-11,3.0655e-11
1.9058e-11,2.9776e-11,3.0997e-11
1.8266e-11,1.7455e-11,1.5682e-11
1.5017e-11,1.4057e-11,1.2418e-11
2.162e-11,3.9405e-11,4.0553e-11
1.3915e-11,1.7387e-11,2.0273e-11
1.6054e-11,1.5549e-11,2.0347e-11
1.558e-11,1.3171e-11,1.2788e-11
2.8584e-11,2.2732e-11,2.2567e-11
2.0874e-11,3.66e-11,3.7984e-11
2.3018e-11,4.6992e-11,4.8252e-11
1.7671e-11,2.0483e-11,1.6464e-11
1.946e-11,1.3303e-11,1.0404e-11
1.5195e-11,3.4821e-11,2.9511e-11
1.7228e-11,1.8232e-11,1.4647e-11
2.4135e-11,1.8882e-11,1.7432e-11
1.6807e-11,1.9846e-11,1.7887e-11
1.7818e-11,1.9417e-11,1.6898e-11
1.8981e-11,1.8064e-11,1.3912e-11
2.235e-11,1.8602e-11,1.2084e-11
1.2478e-11,3.7976e-11,3.4376e-11
7.9386e-12,1.0939e-11,1.4658e-11
7.4791e-12,1.8238e-11,1.469e-11
8.3901e-12,1.4757e-11,1.4637e-11
2.8122e-11,1.6567e-11,9.0884e-12
2.9839e-11,1.8781e-11,9.7759e-12
2.3954e-11,1.36e-11,9.1151e-12
2.4032e-11,1.789e-11,9.5612e-12
3.1694e-11,3.5639e-11,2.8066e-11
4.8059e-12,1.628e-11,1.4944e-11
4.289e-12,1.5776e-11,1.485e-11
4.1874e-12,1.8045e-11,1.5131e-11
2.0276e-11,1.7386e-11,1.1007e-11
6.8432e-12,2.5294e-11,2.222e-11
2.8792e-11,1.6134e-11,6.212e-12
5.5596e-12,1.6605e-11,1.5187e-11
6.5631e-12,1.667e-11,1.6951e-11
6.4386e-12,2.4494e-11,2.2657e-11
5.5588e-11,1.0335e-11,4.9071e-11
5.3206e-11,8.4536e-12,4.9072e-11
4.2331e-11,1.7363e-11,3.6629e-11
5.4991e-11,1.3741e-11,4.0714e-11
3.1896e-11,6.6132e-12,2.8122e-11
4.3733e-11,2.8647e-11,4.914e-11
2.7837e-11,7.777e-12,2.435e-11
3.1506e-11,1.5368e-11,3.0508e-11
2.98e-11,9.1585e-12,2.2448e-11
2.6998e-11,1.4421e-11,2.5899e-11
4.9827e-11,2.327e-11,4.179e-11
3.3158e-11,1.9058e-11,2.9287e-11
2.2038e-11,1.9216e-11,2.5688e-11
2.1037e-11,2.733e-11,3.0427e-11
1.511e-11,1.0988e-11,1.2973e-11
1.3871e-11,1.6276e-11,1.595e-11
1.293e-11,9.82e-12,1.8489e-11
1.3194e-11,1.5961e-11,1.6372e-11
1.6476e-11,1.0924e-11,1.5996e-11
1.4699e-11,1.0954e-11,1.4038e-11
1.8376e-11,1.6531e-11,1.6855e-11
2.2589e-11,4.3717e-11,4.4852e-11
1.776e-11,1.9877e-11,1.4483e-11
1.9761e-11,1.8488e-11,1.2281e-11
1.6865e-11,1.4812e-11,1.1328e-11
1.6838e-11,1.2799e-11,1.1097e-11
1.3589e-11,2.6979e-11,2.6708e-11
1.3486e-11,2.293e-11,2.2577e-11
1.9638e-11,2.084e-11,1.319e-11
2.2728e-11,1.8085e-11,1.1193e-11
1.7659e-11,1.4401e-11,1.0907e-11
2.1197e-11,1.8777e-11,1.3246e-11
2.3209e-11,1.5987e-11,1.0415e-11
1.4165e-11,4.9569e-11,5.3702e-11
2.5411e-11,1.7822e-11,9.4476e-12
7.8321e-12,1.8268e-11,1.4681e-11
7.9787e-12,1.0602e-11,1.3767e-11
2.9683e-11,3.4303e-11,2.4075e-11
6.5053e-12,5.3946e-11,4.662e-11
5.5256e-12,1.1403e-11,1.3777e-11
2.2139e-11,1.6474e-11,1.2415e-11
5.1324e-12,3.8072e-11,3.2251e-11
2.34e-11,1.4242e-11,1.0644e-11
2.0164e-11,2.076e-11,1.389e-11
6.4122e-12,2.1874e-11,1.9681e-11
8.2045e-12,3.2163e-11,2.9099e-11
1.1518e-11,4.3011e-11,4.1474e-11
4.9152e-12,2.0558e-11,1.8561e-11
4.8035e-12,2.831e-11,2.6103e-11
5.5572e-11,1.3877e-11,4.3119e-11
4.6434e-11,2.5603e-11,4.685e-11
5.3554e-11,1.4804e-11,4.3614e-11
3.2148e-11,1.3829e-11,2.8663e-11
3.7781e-11,1.765e-11,3.4794e-11
3.0796e-11,1.008e-11,2.7088e-11
3.4533e-11,1.6268e-11,3.191e-11
2.8968e-11,1.4425e-11,2.7577e-11
3.064e-11,6.91e-12,2.1466e-11
2.3642e-11,1.051e-11,2.2231e-11
3.7459e-11,3.3591e-11,4.6936e-11
5.0655e-11,2.5033e-11,4.3872e-11
3.1983e-11,2.5143e-11,3.5237e-11
2.9902e-11,2.3975e-11,3.3837e-11
2.1307e-11,1.1795e-11,2.3092e-11
2.7384e-11,1.7745e-11,2.4522e-11
2.413e-11,1.7914e-11,2.3327e-11
1.8588e-11,1.193e-11,2.2763e-11
2.4109e-11,2.0366e-11,2.482e-11
2.1208e-11,2.4215e-11,2.8815e-11
1.3692e-11,1.6227e-11,1.6007e-11
1.4281e-11,1.3511e-11,1.2187e-11
1.3416e-11,1.6296e-11,1.5005e-11
1.7079e-11,2.468e-11,2.6793e-11
1.6772e-11,2.6913e-11,2.8637e-11
1.4039e-11,1.1533e-11,1.9036e-11
1.5837e-11,2.4482e-11,2.6393e-11
1.5366e-11,1.3667e-11,1.3796e-11
2.013e-11,2.3157e-11,1.6045e-11
2.089e-11,3.5863e-11,3.7523e-11
1.6188e-11,1.3797e-11,1.2482e-11
1.6125e-11,1.4264e-11,1.1638e-11
1.9643e-11,2.0825e-11,1.4649e-11
1.6952e-11,1.4446e-11,1.1465e-11
1.7284e-11,1.5088e-11,1.1881e-11
1.967e-11,1.9587e-11,1.624e-11
1.3463e-11,1.6404e-11,1.7495e-11
1.0355e-11,1.5629e-11,1.6607e-11
2.3349e-11,1.9149e-11,2.0275e-11
2.2476e-11,1.521e-11,1.1571e-11
9.5706e-12,2.9305e-11,2.6888e-11
1.0778e-11,5.0999e-11,5.2152e-11
2.3795e-11,2.143e-11,1.5131e-11
2.3568e-11,1.7993e-11,1.0001e-11
4.2839e-12,2.0683e-11,1.5937e-11
2.8305e-11,2.9017e-11,2.1281e-11
7.8289e-12,1.6891e-11,1.5536e-11
2.2416e-11,1.6779e-11,9.7408e-12
4.7679e-12,5.3721e-11,4.7658e-11
3.3502e-12,1.5019e-11,1.4745e-11
2.6106e-11,1.479e-11,7.8331e-12
2.4373e-11,2.5579e-11,2.1642e-11
7.7743e-12,3.3074e-11,3.2559e-11
6.6645e-12,3.1466e-11,3.3239e-11
5.5102e-11,8.326e-12,5.0251e-11
4.9126e-11,1.7639e-11,4.2486e-11
3.8507e-11,1.0229e-11,3.6233e-11
4.5474e-11,2.1745e-11,4.299e-11
4.23e-11,1.6569e-11,3.7645e-11
3.9569e-11,1.3768e-11,3.4472e-11
3.4554e-11,6.3032e-12,3.1054e-11
3.7455e-11,8.9595e-12,3.2301e-11
3.1524e-11,1.0598e-11,2.8055e-11
3.7764e-11,6.8436e-12,2.661e-11
3.8809e-11,3.1864e-11,4.9784e-11
2.3294e-11,7.6789e-12,2.1831e-11
2.4594e-11,9.1213e-12,1.8694e-11
2.6657e-11,1.6603e-11,2.8112e-11
2.8285e-11,3.8092e-11,4.6188e-11
2.181e-11,1.4388e-11,2.1296e-11
2.2238e-11,1.6856e-11,2.2008e-11
1.882e-11,2.1388e-11,2.6928e-11
2.7015e-11,4.3315e-11,4.7801e-11
1.282e-11,1.354e-11,1.792e-11
1.6298e-11,1.3943e-11,1.5265e-11
1.318e-11,1.6136e-11,1.5122e-11
1.2068e-11,9.8223e-12,1.7799e-11
1.431e-11,1.7472e-11,1.3464e-11
1.9354e-11,3.351e-11,3.6522e-11
2.1696e-11,3.9636e-11,4.1503e-11
1.5126e-11,1.9863e-11,1.6449e-11
1.2865e-11,1.5254e-11,1.9769e-11
1.346e-11,1.0892e-11,1.728e-11
1.5348e-11,1.6544e-11,1.5687e-11
1.869e-11,1.8245e-11,1.2977e-11
1.7595e-11,1.6824e-11,1.2777e-11
1.4067e-11,1.0781e-11,1.5468e-11
1.3114e-11,1.4536e-11,1.6313e-11
1.8611e-11,4.5731e-11,4.8466e-11
1.3011e-11,1.7192e-11,1.6203e-11
2.0041e-11,4.3889e-11,4.6653e-11
2.2585e-11,1.6852e-11,1.1765e-11
1.5152e-11,1.4497e-11,1.8315e-11
1.1997e-11,4.6022e-11,4.7662e-11
2.3479e-11,2.4583e-11,1.6681e-11
9.7417e-12,3.1465e-11,2.9567e-11
2.4183e-11,2.4887e-11,1.5566e-11
5.0913e-12,3.6619e-11,3.282e-11
2.2276e-11,1.6863e-11,1.1472e-11
2.1755e-11,1.5844e-11,1.1002e-11
7.2218e-12,5.5081e-11,5.0148e-11
2.7864e-11,2.0017e-11,7.8487e-12
1.9815e-11,1.6945e-11,9.5149e-12
1.8244e-11,1.8012e-11,1.2545e-11
3.5538e-11,4.055e-11,3.9768e-11
1.6923e-11,1.7002e-11,1.1523e-11
5.0581e-12,2.1157e-11,2.0533e-11
4.9915e-11,6.7005e-12,4.6554e-11
4.1804e-11,1.3506e-11,4.0849e-11
3.8876e-11,5.5541e-12,3.6307e-11
4.7007e-11,1.5203e-11,4.1166e-11
4.9378e-11,1.3614e-11,4.1534e-11
4.2719e-11,2.6104e-11,4.6247e-11
4.38e-11,1.1113e-11,3.5646e-11
2.738e-11,1.0726e-11,2.5422e-11
2.9228e-11,8.2347e-12,2.2931e-11
3.5742e-11,2.1869e-11,3.7299e-11
3.1946e-11,1.9445e-11,3.2972e-11
2.22e-11,8.6581e-12,2.0246e-11
5.0782e-11,1.755e-11,3.8125e-11
2.5754e-11,2.4214e-11,3.5357e-11
2.1719e-11,1.2079e-11,2.3378e-11
2.9918e-11,1.5476e-11,2.5704e-11
2.3241e-11,2.7844e-11,3.3835e-11
1.9468e-11,2.0799e-11,2.7192e-11
2.7795e-11,4.016e-11,4.5247e-11
2.0447e-11,1.7911e-11,2.4621e-11
1.7534e-11,1.295e-11,2.2778e-11
2.7671e-11,4.033e-11,4.5081e-11
1.714e-11,9.2462e-12,1.5309e-11
4.0629e-11,3.5146e-11,3.898e-11
1.1996e-11,1.379e-11,1.6943e-11
2.2107e-11,1.8276e-11,1.9763e-11
1.3039e-11,9.6354e-12,1.7828e-11
1.541e-11,1.4115e-11,1.4535e-11
1.5123e-11,1.4137e-11,1.3827e-11
1.4703e-11,2.2614e-11,2.4625e-11
2.2622e-11,4.6316e-11,4.8378e-11
1.854e-11,1.9841e-11,1.608e-11
1.4682e-11,1.6277e-11,1.7505e-11
2.6717e-11,2.365e-11,2.7598e-11
1.1222e-11,1.4222e-11,1.8167e-11
1.6556e-11,1.588e-11,1.2408e-11
3.1103e-11,2.9902e-11,2.4523e-11
1.6258e-11,1.4289e-11,1.226e-11
1.0038e-11,1.0681e-11,1.5947e-11
1.689e-11,2.0475e-11,1.6285e-11
1.7622e-11,1.5572e-11,1.0459e-11
1.0229e-11,1.5404e-11,1.6575e-11
1.8562e-11,4.5052e-11,4.7885e-11
1.942e-11,1.8596e-11,1.2553e-11
7.5866e-12,1.2368e-11,1.4525e-11
2.4591e-11,2.6802e-11,2.2021e-11
1.4665e-11,1.4293e-11,1.795e-11
7.9299e-12,3.3712e-11,3.2329e-11
4.9162e-12,1.9234e-11,1.4471e-11
2.1993e-11,2.0604e-11,1.7173e-11
2.3455e-11,2.4765e-11,1.7689e-11
2.3427e-11,1.8515e-11,1.0289e-11
5.6919e-12,1.8183e-11,1.4949e-11
5.5102e-12,3.4498e-11,3.0747e-11
4.9898e-12,2.1283e-11,2.1822e-11
7.696e-12,2.1526e-11,2.0873e-11
2.4025e-11,1.4289e-11,1.2263e-11
5.402e-11,7.6741e-12,4.9975e-11
3.1038e-11,9.4498e-12,2.8727e-11
3.4018e-11,1.2542e-11,3.0172e-11
2.668e-11,6.6925e-12,2.5691e-11
4.2004e-11,2.8827e-11,4.7668e-11
2.943e-11,1.8379e-11,3.1424e-11
2.3255e-11,9.4781e-12,2.3263e-11
4.209e-11,1.5418e-11,3.5572e-11
2.5702e-11,1.9572e-11,2.9848e-11
3.0341e-11,2.7231e-11,4.079e-11
2.6422e-11,3.0065e-11,3.9263e-11
2.4345e-11,2.5488e-11,3.3368e-11
3.3256e-11,2.5089e-11,3.8569e-11
3.1107e-11,4.0633e-11,4.9639e-11
2.0676e-11,1.7387e-11,2.6414e-11
3.6071e-11,2.8787e-11,4.1723e-11
2.1285e-11,2.7357e-11,3.164e-11
1.5766e-11,9.9099e-12,1.3583e-11
2.6454e-11,4.1954e-11,4.4616e-11
1.3156e-11,1.2206e-11,1.8489e-11
1.3851e-11,1.2055e-11,1.8729e-11
2.8725e-11,2.5148e-11,2.5916e-11
2.229e-11,3.3027e-11,3.4537e-11
1.3858e-11,1.1287e-11,1.4883e-11
1.2477e-11,1.1237e-11,1.7842e-11
1.1502e-11,1.1605e-11,1.7266e-11
1.9504e-11,1.7862e-11,1.9776e-11
2.3627e-11,2.177e-11,2.0738e-11
2.6197e-11,2.3534e-11,2.9348e-11
3.3058e-11,3.0936e-11,2.7634e-11
2.4612e-11,2.2624e-11,1.8677e-11
3.177e-11,2.9068e-11,2.2743e-11
1.2278e-11,2.6094e-11,2.5106e-11
8.8002e-12,8.64e-12,1.5381e-11
1.9894e-11,1.4794e-11,1.247e-11
2.0118e-11,1.83e-11,1.2242e-11
1.8144e-11,4.1158e-11,4.4768e-11
1.0939e-11,1.6594e-11,1.6067e-11
3.2693e-11,4.3628e-11,3.544e-11
2.3327e-11,1.9916e-11,1.2162e-11
2.413e-11,2.4915e-11,1.6216e-11
2.4807e-11,2.5493e-11,1.5551e-11
1.0681e-11,1.9329e-11,1.8054e-11
3.1465e-11,3.934e-11,3.7087e-11
3.0596e-11,2.0678e-11,9.8229e-12
1.7154e-11,1.6124e-11,1.1747e-11
8.7123e-12,4.0227e-11,4.198e-11
6.9631e-12,2.9088e-11,3.299e-11
6.121e-12,2.4613e-11,2.8214e-11
5.3948e-11,7.5183e-12,5.3887e-11
4.4258e-11,1.2547e-11,4.3685e-11
3.6471e-11,9.2305e-12,3.4691e-11
3.5551e-11,6.6927e-12,3.1093e-11
2.696e-11,7.6689e-12,2.6079e-11
4.556e-11,1.3422e-11,3.7839e-11
2.7645e-11,6.851e-12,2.3642e-11
2.7271e-11,7.6436e-12,2.1993e-11
3.5854e-11,2.5461e-11,4.2633e-11
2.8468e-11,1.0494e-11,2.7447e-11
2.9116e-11,7.0761e-12,2.3257e-11
3.0903e-11,2.2985e-11,3.8142e-11
2.4704e-11,7.3298e-12,2.0319e-11
4.9897e-11,1.6325e-11,3.7985e-11
3.0918e-11,2.4775e-11,3.7917e-11
2.8668e-11,2.0938e-11,3.1024e-11
1.7936e-11,1.0041e-11,1.8964e-11
3.4506e-11,1.5773e-11,2.9257e-11
2.9983e-11,1.2282e-11,2.483e-11
2.1631e-11,9.0663e-12,1.8289e-11
1.9341e-11,1.7086e-11,2.3898e-11
1.9493e-11,2.1647e-11,2.8204e-11
3.2449e-11,3.0457e-11,4.1111e-11
4.4043e-11,4.2556e-11,5.2632e-11
2.2428e-11,3.2563e-11,3.5129e-11
2.2243e-11,2.0485e-11,2.381e-11
3.9455e-11,3.3058e-11,3.77e-11
1.253e-11,1.0251e-11,1.6691e-11
1.3518e-11,1.1728e-11,1.3851e-11
1.2195e-11,1.3314e-11,1.853e-11
2.1707e-11,4.251e-11,4.5823e-11
1.3711e-11,1.0683e-11,1.3846e-11
2.0751e-11,4.3899e-11,4.5097e-11
1.2542e-11,1.078e-11,1.7874e-11
1.9065e-11,4.3909e-11,4.7455e-11
1.4953e-11,1.6698e-11,1.6108e-11
9.3618e-12,2.2879e-11,2.0207e-11
1.3077e-11,1.3712e-11,1.8945e-11
1.0523e-11,1.8421e-11,1.542e-11
1.0792e-11,1.2189e-11,1.5539e-11
1.9977e-11,2.2105e-11,1.6204e-11
3.0556e-11,4.5876e-11,3.9406e-11
8.7859e-12,3.6438e-11,3.533e-11
1.4744e-11,1.3842e-11,1.5503e-11
2.2124e-11,2.0055e-11,1.7744e-11
3.0753e-11,4.3235e-11,3.8536e-11
2.9625e-11,3.7154e-11,3.498e-11
2.4187e-11,1.5477e-11,9.9318e-12
6.7939e-12,2.5171e-11,2.3556e-11
5.972e-12,2.1404e-11,2.0891e-11
5.2305e-12,1.4505e-11,1.4717e-11
1.0863e-11,3.8737e-11,3.8514e-11
1.9008e-11,2.3542e-11,2.3164e-11
2.431e-11,1.3765e-11,8.6977e-12
4.4011e-12,1.6783e-11,1.6692e-11
1.5909e-11,1.8953e-11,1.2933e-11
4.9336e-12,1.6863e-11,1.6448e-11
4.4778e-12,1.8067e-11,1.8523e-11
6.6684e-12,1.4645e-11,1.59e-11
5.6742e-12,2.389e-11,2.8505e-11
5.3278e-11,6.2731e-12,5.4014e-11
4.8939e-11,1.1343e-11,4.8938e-11
5.1297e-11,7.3018e-12,4.9833e-11
4.5552e-11,1.211e-11,4.5954e-11
5.2796e-11,8.1162e-12,4.6018e-11
4.7151e-11,1.604e-11,4.1769e-11
4.9421e-11,7.5591e-12,4.2287e-11
4.0705e-11,6.5852e-12,3.5093e-11
3.6979e-11,1.2133e-11,3.2803e-11
4.0447e-11,2.1719e-11,4.1846e-11
2.8191e-11,8.0515e-12,2.6468e-11
2.7523e-11,6.8491e-12,2.58e-11
2.3695e-11,8.2229e-12,2.0336e-11
4.3678e-11,1.4898e-11,3.3949e-11
1.8349e-11,9.5745e-12,1.8702e-11
1.9477e-11,8.3815e-12,1.6325e-11
3.0881e-11,2.7422e-11,4.1802e-11
3.6671e-11,1.5796e-11,3.1367e-11
3.318e-11,2.4983e-11,3.4489e-11
2.634e-11,2.9357e-11,3.945e-11
2.0623e-11,8.2579e-12,1.867e-11
3.5464e-11,2.5428e-11,4.2317e-11
1.6113e-11,1.0902e-11,1.4663e-11
3.6039e-11,3.1836e-11,4.3959e-11
1.8961e-11,8.2138e-12,1.6217e-11
2.217e-11,1.8656e-11,2.3778e-11
1.8545e-11,8.6362e-12,1.5708e-11
2.3805e-11,2.8217e-11,3.4034e-11
1.4999e-11,9.575e-12,1.6813e-11
2.2013e-11,3.1658e-11,3.5862e-11
2.288e-11,3.527e-11,3.9136e-11
1.9097e-11,1.6986e-11,1.8963e-11
2.8904e-11,2.4461e-11,2.8257e-11
2.3645e-11,1.9023e-11,2.7617e-11
1.914e-11,1.7388e-11,1.6555e-11
1.6605e-11,1.973e-11,1.7208e-11
1.7995e-11,1.7585e-11,1.902e-11
1.4681e-11,1.4294e-11,1.3317e-11
1.1979e-11,1.4201e-11,1.9022e-11
1.8831e-11,1.9791e-11,1.6916e-11
9.2608e-12,2.1221e-11,1.7638e-11
1.9826e-11,1.9454e-11,1.2522e-11
9.5668e-12,1.4151e-11,1.5499e-11
2.3446e-11,2.5348e-11,1.4699e-11
7.8419e-12,1.2977e-11,1.391e-11
5.5684e-12,1.7443e-11,1.3652e-11
6.3749e-12,3.1208e-11,3.0942e-11
1.7533e-11,1.4837e-11,1.1191e-11
1.8061e-11,1.5328e-11,1.0748e-11
5.7911e-12,1.6752e-11,1.503e-11
2.4457e-11,1.5255e-11,1.4421e-11
2.2514e-11,1.4452e-11,1.0954e-11
3.3758e-11,3.9609e-11,4.5123e-11
5.7817e-12,4.8519e-11,4.7187e-11
9.1167e-12,1.7682e-11,1.7102e-11
3.5833e-12,1.6019e-11,1.5418e-11
7.7311e-12,3.6622e-11,4.0787e-11
4.6299e-11,5.5975e-12,4.423e-11
4.1946e-11,6.5063e-12,3.6679e-11
2.3431e-11,8.6685e-12,2.0307e-11
2.4014e-11,9.2383e-12,2.3531e-11
2.0962e-11,7.6897e-12,2.1249e-11
2.3954e-11,1.3518e-11,2.3398e-11
2.1853e-11,2.259e-11,3.0308e-11
2.3273e-11,2.6797e-11,3.5323e-11
2.5564e-11,2.2025e-11,2.854e-11
1.8214e-11,1.3241e-11,1.8916e-11
4.5551e-11,4.2995e-11,5.8083e-11
2.7324e-11,2.684e-11,3.4346e-11
2.4545e-11,4.1051e-11,4.2366e-11
2.9273e-11,2.705e-11,3.5152e-11
1.3514e-11,1.0487e-11,1.435e-11
1.4356e-11,1.2901e-11,1.3389e-11
1.8205e-11,3.3116e-11,3.568e-11
1.6811e-11,1.6927e-11,1.4073e-11
1.4097e-11,1.4251e-11,1.6384e-11
2.3017e-11,2.1744e-11,1.7386e-11
1.999e-11,3.8388e-11,4.0414e-11
1.2587e-11,9.6643e-12,1.5924e-11
1.2507e-11,1.2933e-11,1.8128e-11
1.9072e-11,1.6848e-11,1.2424e-11
1.983e-11,1.9811e-11,1.6733e-11
9.5632e-12,9.2889e-12,1.534e-11
1.0034e-11,2.1097e-11,1.8807e-11
2.0389e-11,1.9533e-11,1.6513e-11
7.8538e-12,1.8804e-11,1.505e-11
1.8782e-11,2.0671e-11,1.8436e-11
8.2118e-12,2.6202e-11,2.5683e-11
1.4675e-11,1.18e-11,1.9988e-11
8.2806e-12,1.4795e-11,1.5309e-11
2.108e-11,1.5322e-11,1.2018e-11
2.0666e-11,1.5284e-11,1.0234e-11
2.7387e-11,2.1143e-11,1.0226e-11
6.2117e-12,1.3535e-11,1.334e-11
1.6739e-11,1.733e-11,1.2776e-11
7.5474e-12,3.4105e-11,3.94e-11
9.9992e-12,3.1101e-11,3.5621e-11
4.9573e-11,6.3026e-12,4.9971e-11
5.081e-11,4.9651e-12,5.0145e-11
4.4176e-11,6.6017e-12,4.4038e-11
4.4836e-11,6.6202e-12,4.3756e-11
4.6244e-11,6.6744e-12,4.3393e-11
4.6342e-11,8.1567e-12,4.3578e-11
4.1565e-11,8.5724e-12,3.6786e-11
3.1569e-11,1.0816e-11,2.838e-11
2.8268e-11,7.774e-12,2.6715e-11
3.8942e-11,1.0084e-11,3.455e-11
2.9196e-11,6.8074e-12,2.657e-11
3.2695e-11,1.7102e-11,3.3563e-11
3.9429e-11,2.8548e-11,4.6913e-11
2.0906e-11,8.0644e-12,2.0816e-11
3.0422e-11,1.2e-11,2.6234e-11
3.3123e-11,3.604e-11,4.8769e-11
3.5599e-11,2.5273e-11,4.2986e-11
3.818e-11,3.2666e-11,5.0468e-11
2.5426e-11,2.1453e-11,2.8805e-11
2.1355e-11,1.6703e-11,2.0786e-11
1.8382e-11,1.6631e-11,2.3287e-11
1.7803e-11,1.381e-11,2.1715e-11
1.6387e-11,7.2547e-12,1.4394e-11
1.7593e-11,1.491e-11,1.6846e-11
4.8201e-11,4.3283e-11,5.8572e-11
1.4615e-11,1.2221e-11,1.9348e-11
1.4387e-11,1.3358e-11,1.4142e-11
1.2398e-11,1.3067e-11,1.6592e-11
1.7414e-11,3.1225e-11,3.0185e-11
1.688e-11,2.663e-11,2.3081e-11
1.7465e-11,1.4851e-11,1.5911e-11
1.1375e-11,8.8779e-12,1.573e-11
1.5744e-11,4.4996e-11,4.8096e-11
9.3377e-12,2.5401e-11,2.4251e-11
8.3558e-12,9.2657e-12,1.3872e-11
1.9374e-11,1.6729e-11,1.1529e-11
1.0088e-11,5.6756e-11,4.9348e-11
3.8851e-12,1.6604e-11,1.5318e-11
1.6543e-11,1.9773e-11,1.8481e-11
4.5946e-12,1.3684e-11,1.3823e-11
2.6396e-11,2.0848e-11,1.2611e-11
7.7895e-12,2.2386e-11,2.4271e-11
7.3992e-12,1.9172e-11,2.0341e-11
7.8306e-12,2.3876e-11,2.9895e-11
5.0262e-12,2.0935e-11,2.2565e-11
4.6299e-11,1.1148e-11,4.7429e-11
3.584e-11,8.9729e-12,3.6841e-11
4.2501e-11,1.6255e-11,4.0403e-11
3.0568e-11,7.8534e-12,2.4732e-11
6.4098e-11,2.0897e-11,5.1544e-11
5.3631e-11,1.6406e-11,4.1173e-11
1.9592e-11,6.3356e-12,2.067e-11
5.1948e-11,2.5887e-11,4.9591e-11
3.316e-11,3.0955e-11,4.7876e-11
3.3376e-11,1.4724e-11,3.0156e-11
4.1153e-11,1.9919e-11,3.8976e-11
2.3783e-11,1.8203e-11,2.7443e-11
3.0786e-11,3.9032e-11,5.0339e-11
2.016e-11,1.7723e-11,1.863e-11
2.1623e-11,3.2498e-11,3.7101e-11
1.5255e-11,1.3898e-11,1.6045e-11
1.3258e-11,1.0896e-11,1.4291e-11
1.8099e-11,1.7752e-11,1.98e-11
1.4035e-11,1.3147e-11,1.3089e-11
3.4871e-11,3.6612e-11,3.2041e-11
1.3739e-11,2.1331e-11,1.8814e-11
1.7594e-11,1.4832e-11,1.4036e-11
2.2975e-11,2.2375e-11,1.9621e-11
1.8461e-11,1.8929e-11,1.636e-11
1.8003e-11,2.0962e-11,1.6322e-11
1.6692e-11,4.944e-11,4.9274e-11
9.8086e-12,2.4543e-11,2.2945e-11
1.9398e-11,2.1516e-11,1.3625e-11
1.2568e-11,1.1259e-11,1.8634e-11
1.5625e-11,4.217e-11,4.2781e-11
2.432e-11,1.9355e-11,1.4839e-11
1.0166e-11,5.2444e-11,4.8178e-11
2.2479e-11,2.7505e-11,2.8485e-11
5.7973e-12,1.019e-11,1.3557e-11
2.2404e-11,1.4257e-11,1.2387e-11
2.9241e-11,2.1143e-11,9.7349e-12
1.1553e-11,1.6638e-11,1.5093e-11
2.0964e-11,1.6366e-11,1.006e-11
6.8115e-12,1.4879e-11,1.5493e-11
2.6183e-11,1.6838e-11,9.7401e-12
1.5276e-11,1.5615e-11,1.2271e-11
1.4727e-11,1.5529e-11,1.3654e-11
5.0863e-12,1.7389e-11,1.8581e-11
5.8246e-12,1.7793e-11,1.8715e-11
4.4335e-11,4.8595e-12,4.4064e-11
4.015e-11,8.6086e-12,4.1012e-11
4.722e-11,7.4902e-12,4.353e-11
4.6979e-11,1.5143e-11,4.2884e-11
2.8691e-11,1.1328e-11,2.7942e-11
3.7552e-11,3.0331e-11,4.7975e-11
1.9236e-11,9.2461e-12,1.8506e-11
2.8033e-11,2.0141e-11,3.1863e-11
3.3809e-11,3.4735e-11,4.9458e-11
1.8097e-11,9.0611e-12,1.5841e-11
2.51e-11,2.1856e-11,3.0945e-11
2.0857e-11,8.0369e-12,2.0509e-11
2.2406e-11,8.089e-12,2.1193e-11
3.3912e-11,1.4888e-11,2.9599e-11
3.5718e-11,3.0297e-11,4.5323e-11
3.7227e-11,3.1405e-11,5.0105e-11
1.9296e-11,1.4386e-11,2.2761e-11
1.811e-11,1.5928e-11,2.2932e-11
1.5411e-11,9.0753e-12,1.5018e-11
4.2567e-11,4.0248e-11,5.2968e-11
1.1814e-11,1.2488e-11,1.5996e-11
1.1675e-11,1.0471e-11,1.6895e-11
1.3545e-11,1.0798e-11,1.5221e-11
1.9674e-11,1.6905e-11,2.0513e-11
2.7391e-11,2.731e-11,3.2571e-11
1.3932e-11,2.2026e-11,1.9973e-11
1.5616e-11,1.6472e-11,1.3339e-11
1.0938e-11,2.3257e-11,1.9964e-11
1.2957e-11,1.4559e-11,1.8011e-11
1.8175e-11,2.1594e-11,1.7295e-11
1.664e-11,1.9073e-11,1.6607e-11
1.1163e-11,9.7606e-12,1.5567e-11
7.4905e-12,1.4233e-11,1.439e-11
6.1837e-12,1.2864e-11,1.3316e-11
1.1451e-11,4.3827e-11,4.2896e-11
2.0059e-11,2.0496e-11,1.5035e-11
1.8868e-11,1.4428e-11,1.2665e-11
5.8625e-12,1.5282e-11,1.4048e-11
2.0328e-11,1.3378e-11,9.4199e-12
1.6391e-11,1.5531e-11,1.1864e-11
6.4217e-12,2.656e-11,2.5687e-11
2.2376e-11,1.3351e-11,9.9768e-12
2.8104e-11,1.8943e-11,1.2415e-11
1.0866e-11,5.5496e-11,4.9602e-11
6.1415e-12,1.9327e-11,2.0695e-11
4.5015e-11,9.2259e-12,4.7161e-11
4.8251e-11,1.356e-11,4.4072e-11
4.7934e-11,1.4418e-11,4.3272e-11
4.0746e-11,4.8026e-12,4.0738e-11
3.9383e-11,1.0562e-11,3.9693e-11
3.9393e-11,7.335e-12,3.6778e-11
4.3351e-11,2.1628e-11,4.5923e-11
3.9366e-11,2.0257e-11,4.2775e-11
3.6527e-11,2.1359e-11,4.0946e-11
3.9541e-11,2.9351e-11,4.8147e-11
2.4792e-11,6.823e-12,2.1032e-11
3.5796e-11,2.7259e-11,4.2611e-11
2.4079e-11,6.2144e-12,2.01e-11
5.4073e-11,2.0017e-11,4.4706e-11
3.6928e-11,3.2912e-11,4.9665e-11
2.0664e-11,6.0257e-12,1.9064e-11
4.0721e-11,1.3251e-11,3.1749e-11
1.6586e-11,1.0734e-11,1.7996e-11
2.9625e-11,1.5285e-11,2.7716e-11
4.5226e-11,2.4278e-11,4.5393e-11
1.6772e-11,7.3698e-12,1.9868e-11
3.8172e-11,2.69e-11,4.2966e-11
2.101e-11,9.8567e-12,1.9355e-11
2.1307e-11,1.063e-11,1.9474e-11
2.6518e-11,3.3258e-11,4.205e-11
3.919e-11,3.8671e-11,5.6986e-11
2.2323e-11,2.0605e-11,3.3406e-11
2.9431e-11,2.6034e-11,4.169e-11
2.5906e-11,4.0498e-11,4.4568e-11
2.0622e-11,1.8449e-11,3.0181e-11
1.582e-11,7.7405e-12,1.5183e-11
2.0625e-11,3.6493e-11,3.8933e-11
1.2634e-11,1.24e-11,1.3396e-11
2.087e-11,2.0559e-11,3.0488e-11
1.2958e-11,1.1887e-11,1.3482e-11
1.3184e-11,2.4399e-11,2.4009e-11
1.1746e-11,1.1192e-11,1.6641e-11
8.3365e-12,1.9304e-11,1.6407e-11
1.7676e-11,1.9142e-11,1.6737e-11
1.3047e-11,1.2001e-11,1.6315e-11
1.196e-11,2.0419e-11,1.733e-11
2.3815e-11,2.0497e-11,1.286e-11
7.0902e-12,2.3072e-11,2.3155e-11
1.9801e-11,2.2518e-11,2.2578e-11
1.6113e-11,1.5442e-11,1.2347e-11
9.8329e-12,1.1641e-11,1.5376e-11
9.6819e-12,2.7324e-11,2.6562e-11
2.1208e-11,1.5909e-11,1.077e-11
1.5545e-11,1.5986e-11,1.271e-11
1.4887e-11,1.3949e-11,1.1172e-11
2.9001e-11,3.9336e-11,5.1155e-11
7.6595e-12,5.2371e-11,4.7656e-11
1.1815e-11,5.615e-11,5.0854e-11
3.4791e-11,2.8112e-11,1.175e-11
4.1415e-12,1.6e-11,1.7168e-11
6.6804e-12,1.7673e-11,1.9416e-11
4.2491e-11,9.0673e-12,4.4503e-11
4.5524e-11,1.3283e-11,4.1309e-11
4.1435e-11,1.6662e-11,3.9529e-11
3.677e-11,5.0998e-12,3.4223e-11
3.5207e-11,5.1207e-12,3.2824e-11
3.4195e-11,1.4102e-11,3.1434e-11
2.8259e-11,1.233e-11,2.58e-11
2.137e-11,7.7775e-12,2.1375e-11
5.5679e-11,1.6412e-11,4.3557e-11
2.3404e-11,6.0897e-12,1.9376e-11
2.5056e-11,1.4525e-11,2.6176e-11
1.7983e-11,1.0379e-11,2.0232e-11
2.4474e-11,1.4899e-11,2.5201e-11
2.9749e-11,1.1042e-11,2.5764e-11
2.6909e-11,4.3699e-11,4.6752e-11
1.4491e-11,9.0071e-12,1.4635e-11
2.4157e-11,4.0377e-11,4.2502e-11
3.4204e-11,4.1443e-11,4.9952e-11
2.5005e-11,2.6779e-11,3.5608e-11
3.4083e-11,3.5715e-11,3.9543e-11
1.1203e-11,2.3373e-11,2.0312e-11
1.2538e-11,1.3104e-11,1.8184e-11
1.2578e-11,2.5884e-11,2.6597e-11
1.1274e-11,2.2919e-11,1.9301e-11
1.0257e-11,1.4287e-11,1.6112e-11
1.0368e-11,2.5987e-11,2.3978e-11
1.2649e-11,1.3655e-11,1.5432e-11
1.1151e-11,1.1297e-11,1.5793e-11
1.0578e-11,1.4354e-11,1.4659e-11
1.9432e-11,2.0114e-11,1.8063e-11
1.9844e-11,2.1736e-11,1.333e-11
1.8773e-11,1.9117e-11,1.6221e-11
9.1017e-12,1.6946e-11,1.5139e-11
5.9225e-12,1.6653e-11,1.5329e-11
1.4943e-11,1.9626e-11,1.588e-11
1.8721e-11,2.4006e-11,1.5319e-11
1.5952e-11,6.3221e-11,5.452e-11
1.6883e-11,1.4927e-11,1.1677e-11
2.8971e-12,1.7074e-11,1.7491e-11
7.5673e-12,4.9348e-11,4.5838e-11
1.984e-11,2.6009e-11,3.3642e-11
1.374e-11,1.458e-11,1.3511e-11
4.2973e-12,1.6991e-11,1.8968e-11
4.9514e-12,1.637e-11,1.6182e-11
3.325e-11,2.6725e-11,1.3025e-11
9.7898e-12,4.8087e-11,4.5663e-11
4.4156e-12,1.8263e-11,2.1552e-11
5.9072e-12,2.4122e-11,2.6128e-11
1.0058e-11,3.1146e-11,3.3486e-11
3.947e-11,7.8762e-12,3.8045e-11
3.5748e-11,1.0981e-11,3.3931e-11
3.9935e-11,7.8001e-12,3.7655e-11
2.4867e-11,5.3919e-12,2.3756e-11
2.6109e-11,6.4221e-12,2.5577e-11
2.6365e-11,1.2084e-11,2.4396e-11
3.7313e-11,3.4191e-11,5.1701e-11
5.4481e-11,2.7468e-11,5.231e-11
2.4908e-11,2.1045e-11,3.1681e-11
3.4148e-11,1.1468e-11,2.8527e-11
1.5899e-11,7.1186e-12,1.82e-11
2.1004e-11,1.6894e-11,2.51e-11
1.5549e-11,8.2415e-12,1.7998e-11
1.5318e-11,6.755e-12,1.772e-11
1.9663e-11,7.2075e-12,1.6998e-11
2.0555e-11,9.0451e-12,1.9674e-11
1.7689e-11,8.7222e-12,1.6305e-11
1.6661e-11,1.2775e-11,1.7203e-11
1.7767e-11,2.3262e-11,2.6722e-11
1.7328e-11,1.7104e-11,2.3009e-11
1.4429e-11,1.2757e-11,1.5844e-11
1.5649e-11,1.2782e-11,1.6974e-11
2.1562e-11,4.3034e-11,4.2979e-11
2.106e-11,3.8133e-11,3.9375e-11
3.1741e-11,4.7136e-11,5.128e-11
1.0019e-11,1.5322e-11,1.547e-11
1.0164e-11,7.8265e-12,1.4759e-11
1.941e-11,2.1612e-11,2.2996e-11
1.4279e-11,1.2926e-11,2.0374e-11
1.513e-11,1.3996e-11,1.3076e-11
1.099e-11,3.2718e-11,3.1775e-11
4.6952e-12,1.6309e-11,1.4396e-11
5.6979e-12,1.0671e-11,1.3714e-11
1.7395e-11,1.5363e-11,1.2353e-11
6.2124e-12,1.5006e-11,1.3255e-11
2.7374e-11,1.9911e-11,1.2918e-11
4.5027e-12,1.4702e-11,1.3517e-11
2.1946e-11,3.1935e-11,3.9682e-11
6.8009e-12,3.8423e-11,3.8116e-11
3.1681e-11,2.3032e-11,1.5452e-11
1.3451e-11,1.3388e-11,1.0053e-11
3.3287e-11,1.1919e-11,3.1411e-11
3.9569e-11,6.4553e-12,3.6614e-11
2.6009e-11,5.6104e-12,2.7134e-11
2.5722e-11,4.5659e-12,2.7246e-11
3.3334e-11,1.6395e-11,3.4178e-11
3.5747e-11,2.1169e-11,3.915e-11
3.3078e-11,2.3056e-11,3.8872e-11
6.389e-11,2.0312e-11,5.1717e-11
2.6355e-11,1.0371e-11,2.4602e-11
2.0869e-11,6.6305e-12,2.0143e-11
5.7396e-11,2.7103e-11,5.4501e-11
2.7277e-11,2.3933e-11,3.9362e-11
2.0363e-11,1.4787e-11,2.2104e-11
2.0442e-11,1.3391e-11,2.2645e-11
2.3115e-11,1.977e-11,3.0177e-11
2.1706e-11,1.9171e-11,2.822e-11
2.6733e-11,1.1046e-11,2.3102e-11
1.5626e-11,6.7252e-12,1.7057e-11
4.3499e-11,3.2819e-11,5.8139e-11
2.6754e-11,1.5754e-11,2.4468e-11
4.6043e-11,3.7486e-11,6.744e-11
1.7102e-11,1.0117e-11,1.6841e-11
3.7399e-11,3.6362e-11,5.5272e-11
1.7e-11,1.7909e-11,2.2565e-11
4.0894e-11,4.8054e-11,7.0811e-11
1.314e-11,1.0291e-11,1.3831e-11
4.3293e-11,4.8315e-11,6.3289e-11
1.3466e-11,1.108e-11,1.6144e-11
1.3449e-11,1.4464e-11,1.4064e-11
9.7767e-12,1.177e-11,1.5988e-11
2.5823e-11,3.7451e-11,3.7888e-11
7.7116e-12,1.612e-11,1.3873e-11
7.8498e-12,1.1512e-11,1.3861e-11
1.5498e-11,2.4161e-11,1.7878e-11
9.1228e-12,2.6245e-11,2.5623e-11
7.7921e-12,1.5338e-11,1.6058e-11
7.2239e-12,1.1698e-11,1.3805e-11
1.7459e-11,1.4324e-11,1.2944e-11
2.6282e-11,2.7436e-11,2.0815e-11
1.1548e-11,4.2318e-11,4.028e-11
2.4935e-11,1.5902e-11,8.6694e-12
4.5596e-12,1.4975e-11,1.6185e-11
3.0022e-11,6.7695e-12,3.1302e-11
2.5903e-11,4.7068e-12,2.7273e-11
2.6501e-11,8.1991e-12,2.521e-11
3.7299e-11,2.2251e-11,4.0779e-11
5.8125e-11,1.7684e-11,4.7584e-11
3.0959e-11,2.3938e-11,4.0842e-11
1.4739e-11,1.0094e-11,1.6797e-11
1.8105e-11,6.5314e-12,1.6671e-11
2.8974e-11,2.0217e-11,3.4598e-11
1.658e-11,8.912e-12,1.6482e-11
1.8474e-11,2.1146e-11,2.7587e-11
1.3736e-11,8.9465e-12,1.4969e-11
1.5137e-11,7.7504e-12,1.495e-11
1.8045e-11,2.4735e-11,2.8576e-11
1.4148e-11,8.7587e-12,1.463e-11
1.1856e-11,1.4107e-11,1.4843e-11
3.4065e-11,4.7396e-11,5.9162e-11
2.9792e-11,4.4719e-11,5.5034e-11
2.0248e-11,4.4924e-11,4.5818e-11
1.0646e-11,1.0174e-11,1.8939e-11
2.2809e-11,5.0254e-11,5.2566e-11
8.1732e-12,2.007e-11,1.8596e-11
1.7658e-11,2.2965e-11,2.2162e-11
1.4655e-11,2.2954e-11,1.6793e-11
6.0567e-12,1.4839e-11,1.2767e-11
2.3121e-11,2.4538e-11,1.6769e-11
1.514e-11,1.3952e-11,1.3024e-11
1.4369e-11,1.8382e-11,1.6547e-11
6.7042e-12,1.3599e-11,1.3967e-11
2.6967e-11,2.8711e-11,1.8976e-11
1.6676e-11,1.5738e-11,1.2353e-11
1.9535e-11,2.7602e-11,2.9433e-11
1.8955e-11,6.6011e-11,5.6649e-11
1.7231e-11,1.4027e-11,9.7996e-12
8.5936e-12,3.9049e-11,3.746e-11
7.4305e-12,1.4947e-11,1.5485e-11
1.4888e-11,6.0324e-11,5.2413e-11
3.3757e-11,3.1518e-11,1.5651e-11
2.6205e-11,4.18e-11,5.2041e-11
6.5627e-12,1.2048e-11,1.3104e-11
6.5871e-12,1.4068e-11,1.4906e-11
1.1595e-11,3.6745e-11,3.6591e-11
1.2618e-11,3.3966e-11,3.4029e-11
3.7158e-11,3.3086e-11,1.8646e-11
1.5246e-11,5.6406e-11,5.0589e-11
1.2302e-11,3.2432e-11,3.3151e-11
8.0985e-12,1.607e-11,1.8621e-11
2.6501e-11,1.7461e-11,1.0569e-11
9.4312e-12,1.9565e-11,2.4904e-11
4.4174e-11,1.8766e-11,4.4441e-11
3.1551e-11,1.1627e-11,2.9905e-11
3.7831e-11,6.8019e-12,3.6297e-11
3.8034e-11,2.8298e-11,4.6752e-11
2.3023e-11,7.4563e-12,2.1579e-11
2.3564e-11,5.82e-12,2.104e-11
4.5741e-11,1.338e-11,3.8416e-11
2.6294e-11,1.1584e-11,2.3851e-11
2.6511e-11,1.5341e-11,2.7889e-11
2.0913e-11,6.1971e-12,2.1243e-11
5.8901e-11,2.395e-11,5.1073e-11
4.9109e-11,2.0779e-11,4.2598e-11
2.2006e-11,1.1811e-11,2.2514e-11
1.541e-11,9.9844e-12,1.4475e-11
2.9682e-11,1.6391e-11,2.6735e-11
1.4694e-11,7.5183e-12,1.6111e-11
1.3178e-11,1.0492e-11,1.6118e-11
1.2814e-11,1.1506e-11,1.6031e-11
1.2713e-11,7.928e-12,1.4097e-11
3.0754e-11,2.8538e-11,4.8677e-11
2.5703e-11,4.1239e-11,4.4411e-11
1.9373e-11,2.1237e-11,2.465e-11
2.327e-11,3.878e-11,4.0186e-11
1.3859e-11,1.3007e-11,1.475e-11
3.962e-11,5.4469e-11,6.7007e-11
1.2727e-11,1.1114e-11,1.3717e-11
1.3347e-11,1.1175e-11,1.4063e-11
1.3215e-11,2.237e-11,2.2449e-11
2.3816e-11,4.4992e-11,4.5483e-11
1.1292e-11,1.367e-11,1.6558e-11
2.0981e-11,4.6783e-11,4.7328e-11
7.1657e-12,1.6234e-11,1.3653e-11
8.0892e-12,2.1695e-11,2.1202e-11
1.149e-11,9.5533e-12,1.3687e-11
1.4943e-11,1.2955e-11,1.1377e-11
6.1657e-12,1.4845e-11,1.4164e-11
1.5564e-11,1.4751e-11,1.3853e-11
4.8886e-12,1.2607e-11,1.3947e-11
6.2444e-12,1.9131e-11,2.3468e-11
1.3138e-11,1.7795e-11,1.7478e-11
3.7149e-12,1.2706e-11,1.4049e-11
1.4187e-11,1.3493e-11,1.1218e-11
1.3618e-11,1.626e-11,1.2052e-11
5.2193e-12,1.5355e-11,1.633e-11
6.0154e-12,1.6973e-11,1.9038e-11
3.803e-11,8.1327e-12,3.8214e-11
2.6998e-11,8.2539e-12,2.7707e-11
3.4414e-11,1.5258e-11,3.3958e-11
2.5911e-11,4.9213e-12,2.7537e-11
2.9645e-11,5.9227e-12,2.9074e-11
4.2196e-11,1.1898e-11,3.753e-11
3.7767e-11,1.1484e-11,3.3059e-11
1.9807e-11,8.899e-12,2.0894e-11
2.0044e-11,7.5382e-12,1.8321e-11
3.907e-11,1.1608e-11,3.2036e-11
1.9402e-11,7.3654e-12,2.0288e-11
2.1849e-11,1.5272e-11,2.5222e-11
1.6357e-11,9.5349e-12,1.6337e-11
3.8181e-11,1.7487e-11,3.4893e-11
1.6601e-11,6.4687e-12,1.7117e-11
2.285e-11,2.5431e-11,3.3324e-11
1.4478e-11,6.8515e-12,1.6667e-11
1.9338e-11,1.1426e-11,1.9882e-11
2.0943e-11,1.0473e-11,1.938e-11
1.6377e-11,5.4769e-12,1.589e-11
3.8694e-11,4.7539e-11,6.9165e-11
2.1251e-11,4.0396e-11,4.0056e-11
1.0793e-11,1.0115e-11,1.4596e-11
1.0166e-11,1.4667e-11,1.5716e-11
1.0163e-11,1.5842e-11,1.459e-11
1.0957e-11,1.072e-11,1.7186e-11
1.2746e-11,2.6439e-11,2.4341e-11
2.1258e-11,5.1481e-11,4.8496e-11
7.2019e-12,1.6291e-11,1.413e-11
1.3973e-11,1.235e-11,1.2701e-11
2.1651e-11,2.5789e-11,2.1142e-11
1.3243e-11,1.6416e-11,1.5229e-11
2.0907e-11,3.213e-11,3.7238e-11
5.958e-12,1.4761e-11,1.4103e-11
6.8576e-12,1.9154e-11,2.0936e-11
1.258e-11,1.5212e-11,1.2264e-11
1.878e-11,3.2973e-11,4.001e-11
1.5288e-11,6.0219e-11,5.154e-11
2.7498e-11,2.6714e-11,1.4043e-11
3.6792e-11,3.4009e-11,2.1294e-11
3.6073e-11,3.6144e-11,1.411e-11
8.4039e-12,1.888e-11,2.4955e-11
3.6977e-11,7.7477e-12,3.8861e-11
3.0697e-11,6.0633e-12,3.2513e-11
3.2333e-11,7.3702e-12,3.2889e-11
3.14e-11,1.6169e-11,3.1493e-11
4.544e-11,1.2244e-11,4.0268e-11
2.5344e-11,1.0841e-11,2.3503e-11
3.7052e-11,2.9012e-11,4.7267e-11
1.9334e-11,7.2824e-12,2.1023e-11
2.2883e-11,8.7755e-12,2.2709e-11
2.1183e-11,4.781e-12,1.9181e-11
5.7694e-11,2.5927e-11,5.3318e-11
3.4444e-11,3.2589e-11,5.0664e-11
3.1815e-11,2.9979e-11,4.533e-11
4.7532e-11,2.5074e-11,5.0289e-11
2.9589e-11,2.9704e-11,4.4847e-11
2.1044e-11,2.0293e-11,3.0743e-11
1.4169e-11,8.7837e-12,1.563e-11
4.822e-11,3.9638e-11,6.8755e-11
2.0144e-11,1.2642e-11,2.1569e-11
2.5522e-11,2.0334e-11,3.409e-11
1.4537e-11,1.0636e-11,1.3095e-11
3.8838e-11,4.6661e-11,7.0406e-11
1.1089e-11,1.0575e-11,1.9024e-11
1.0176e-11,9.7173e-12,1.7676e-11
2.8004e-11,2.5186e-11,3.2588e-11
1.7013e-11,1.9089e-11,2.2527e-11
1.2235e-11,2.7315e-11,2.7192e-11
1.6519e-11,1.5323e-11,1.9107e-11
1.1491e-11,2.305e-11,2.1796e-11
1.7188e-11,1.58e-11,2.0665e-11
1.9882e-11,2.1985e-11,1.8966e-11
1.3795e-11,2.9507e-11,3.1333e-11
1.9669e-11,5.2065e-11,4.61e-11
1.0259e-11,1.5453e-11,1.5723e-11
1.64e-11,1.76e-11,1.236e-11
6.5865e-12,1.4533e-11,1.6426e-11
1.632e-11,1.8975e-11,1.2791e-11
1.2648e-11,2.1088e-11,2.3653e-11
9.8397e-12,1.5166e-11,1.772e-11
2.0089e-11,1.3409e-11,1.5383e-11
4.0074e-11,4.0024e-11,1.8831e-11
2.7591e-11,1.9813e-11,1.6112e-11
3.8602e-11,3.8011e-11,1.6169e-11
3.9318e-11,3.1811e-12,4.1303e-11
3.205e-11,2.1418e-12,3.2333e-11
3.1305e-11,8.4679e-12,3.2149e-11
3.5519e-11,7.127e-12,3.5533e-11
3.3173e-11,8.6036e-12,3.2486e-11
3.2382e-11,1.3414e-11,3.0388e-11
2.9257e-11,6.3899e-12,2.9054e-11
2.3999e-11,9.3586e-12,2.3822e-11
4.0652e-11,1.1177e-11,3.9034e-11
5.9897e-11,2.0163e-11,5.2428e-11
3.0001e-11,1.7598e-11,3.3919e-11
3.5699e-11,2.6413e-11,4.4168e-11
5.8337e-11,2.0626e-11,5.0933e-11
1.9645e-11,5.6391e-12,1.9026e-11
3.0498e-11,2.2694e-11,3.9354e-11
2.2198e-11,4.8421e-12,1.9552e-11
2.8656e-11,1.1656e-11,2.7461e-11
1.5221e-11,7.3498e-12,1.7163e-11
1.6009e-11,6.2814e-12,1.6285e-11
2.1807e-11,9.9041e-12,2.0327e-11
1.5374e-11,5.7313e-12,1.5408e-11
2.8594e-11,4.0372e-11,4.5383e-11
2.7596e-11,2.244e-11,3.8912e-11
1.3691e-11,8.9262e-12,1.4978e-11
1.4936e-11,8.4314e-12,1.6004e-11
1.5463e-11,1.136e-11,1.6139e-11
1.3218e-11,9.2104e-12,1.4032e-11
2.5401e-11,4.6748e-11,4.5884e-11
1.2662e-11,1.1565e-11,1.3076e-11
1.4614e-11,2.2153e-11,1.9224e-11
2.277e-11,4.8388e-11,4.7521e-11
1.9603e-11,4.5208e-11,4.4336e-11
1.1948e-11,1.4899e-11,1.831e-11
8.4749e-12,9.1498e-12,1.4101e-11
1.9848e-11,5.1501e-11,4.6392e-11
1.3039e-11,1.3187e-11,1.6e-11
1.5953e-11,1.8826e-11,1.5093e-11
1.5112e-11,1.9612e-11,1.4035e-11
1.1278e-11,1.4398e-11,1.2708e-11
7.141e-12,1.7457e-11,1.7816e-11
7.9126e-12,1.298e-11,1.5015e-11
8.6755e-12,1.5499e-11,1.6721e-11
2.4033e-11,4.5773e-11,5.7309e-11
2.9596e-11,2.9832e-11,1.6933e-11
1.1209e-11,1.334e-11,1.1884e-11
2.9842e-11,3.0964e-11,1.6925e-11
9.4807e-12,3.0734e-11,3.0363e-11
3.3989e-11,3.1659e-11,1.6901e-11
1.2885e-11,1.5317e-11,1.0951e-11
1.1823e-11,1.2589e-11,1.1368e-11
8.0229e-12,1.7248e-11,2.1739e-11
3.8157e-11,3.8222e-11,2.6288e-11
3.9784e-11,6.1316e-12,4.1262e-11
3.7567e-11,8.1702e-12,3.7355e-11
4.1726e-11,1.9836e-11,4.5348e-11
2.4441e-11,4.9573e-12,2.5596e-11
2.3471e-11,4.7778e-12,2.3935e-11
2.7459e-11,5.7714e-12,2.7503e-11
5.1988e-11,1.5056e-11,4.5849e-11
2.6302e-11,6.5716e-12,2.6595e-11
3.2058e-11,9.3645e-12,3.0511e-11
2.3702e-11,9.2848e-12,2.245e-11
2.3249e-11,1.3368e-11,2.4801e-11
2.2506e-11,8.4297e-12,2.1295e-11
2.2047e-11,8.3853e-12,2.1048e-11
3.0122e-11,2.8249e-11,4.3281e-11
2.4273e-11,2.0643e-11,3.2733e-11
3.8297e-11,2.2736e-11,4.4179e-11
1.6321e-11,6.8919e-12,1.649e-11
2.4325e-11,9.8183e-12,2.1758e-11
2.9263e-11,1.8344e-11,2.9772e-11
1.7785e-11,9.4235e-12,1.8897e-11
1.6001e-11,1.7363e-11,2.4554e-11
2.5676e-11,2.0567e-11,3.5815e-11
1.1892e-11,1.1889e-11,1.577e-11
1.7137e-11,1.9588e-11,2.4195e-11
1.2394e-11,1.1256e-11,1.3593e-11
2.1433e-11,4.0093e-11,3.886e-11
1.1947e-11,9.151e-12,1.5209e-11
2.5406e-11,2.5178e-11,3.5754e-11
2.453e-11,4.035e-11,5.0849e-11
2.1057e-11,4.0464e-11,3.8915e-11
1.3927e-11,2.2398e-11,2.1702e-11
8.8611e-12,1.2136e-11,1.3777e-11
7.8619e-12,1.8236e-11,1.447e-11
6.7832e-12,1.7838e-11,1.4876e-11
2.2279e-11,4.7801e-11,5.0247e-11
2.3545e-11,4.9206e-11,5.2303e-11
5.9482e-12,1.6867e-11,1.3588e-11
1.3913e-11,1.3283e-11,1.2516e-11
9.8165e-12,1.512e-11,1.6927e-11
9.4075e-12,1.5788e-11,1.6434e-11
1.1005e-11,1.3934e-11,1.2656e-11
7.8867e-12,1.3054e-11,1.5699e-11
5.4999e-12,1.3795e-11,1.5355e-11
3.3082e-11,4.1924e-11,2.5849e-11
2.9129e-11,2.7085e-11,1.9566e-11
7.7162e-12,1.7447e-11,2.2162e-11
4.2612e-11,7.4636e-12,4.3875e-11
4.1665e-11,3.4324e-12,4.4207e-11
4.1943e-11,7.7076e-12,4.1777e-11
3.6488e-11,1.6711e-11,3.8332e-11
2.9709e-11,9.2714e-12,3.1127e-11
3.9348e-11,2.6968e-11,4.5324e-11
2.9403e-11,1.1976e-11,2.7702e-11
2.9191e-11,9.2239e-12,3.0509e-11
2.7194e-11,6.8919e-12,2.774e-11
1.8515e-11,6.5841e-12,1.8046e-11
2.3663e-11,6.7953e-12,2.4838e-11
2.7748e-11,2.5791e-11,4.0657e-11
1.8761e-11,1.0604e-11,1.9419e-11
1.7825e-11,1.1078e-11,2.0468e-11
2.1328e-11,1.4479e-11,2.082e-11
2.4564e-11,1.1028e-11,2.1345e-11
1.7372e-11,1.4117e-11,1.929e-11
2.5427e-11,3.4841e-11,4.0357e-11
3.0101e-11,2.7725e-11,4.7285e-11
1.3603e-11,2.1992e-11,2.1447e-11
1.127e-11,1.2506e-11,1.7205e-11
1.6769e-11,2.8594e-11,2.8372e-11
1.5391e-11,1.5136e-11,2.0842e-11
1.356e-11,1.4143e-11,2.2147e-11
1.1495e-11,1.1664e-11,1.6472e-11
9.6547e-12,1.4497e-11,1.4446e-11
9.0218e-12,1.1243e-11,1.3718e-11
1.252e-11,1.0644e-11,1.3666e-11
6.0403e-12,1.4893e-11,1.3033e-11
6.3223e-12,1.729e-11,1.4295e-11
1.5847e-11,1.6222e-11,1.7364e-11
1.2218e-11,1.6422e-11,1.7829e-11
9.5076e-12,1.7253e-11,1.6229e-11
4.6097e-12,1.5779e-11,1.5229e-11
6.5492e-12,1.6984e-11,1.3399e-11
4.7323e-12,1.2802e-11,1.4157e-11
1.2484e-11,2.089e-11,2.327e-11
1.8722e-11,4.1597e-11,4.9127e-11
3.6433e-11,3.8332e-11,2.1117e-11
1.7963e-11,5.6811e-11,5.0151e-11
2.1391e-11,2.5176e-11,2.448e-11
1.704e-11,5.3227e-11,4.8681e-11
4.1577e-11,6.1489e-12,4.3514e-11
2.6693e-11,6.3831e-12,2.7882e-11
3.7557e-11,3.0082e-11,5.1056e-11
2.7531e-11,8.843e-12,2.8668e-11
4.849e-11,2.6103e-11,4.8925e-11
2.0277e-11,8.6134e-12,1.9753e-11
1.5654e-11,6.8988e-12,1.5922e-11
1.9528e-11,1.5746e-11,2.2301e-11
2.1673e-11,1.3001e-11,2.0814e-11
2.869e-11,2.2475e-11,3.724e-11
1.2977e-11,7.7728e-12,1.4892e-11
1.3764e-11,7.6555e-12,1.4611e-11
1.3175e-11,9.6962e-12,1.4998e-11
1.6641e-11,1.7298e-11,2.2653e-11
1.3523e-11,6.2463e-12,1.4525e-11
1.1398e-11,1.1212e-11,1.667e-11
9.8628e-12,1.0027e-11,1.4196e-11
1.3971e-11,1.2899e-11,1.8108e-11
1.2685e-11,1.7953e-11,2.0455e-11
1.4538e-11,3.1176e-11,2.8891e-11
1.631e-11,3.0679e-11,3.0266e-11
1.291e-11,1.2661e-11,1.5478e-11
1.5393e-11,1.4133e-11,1.2672e-11
1.6919e-11,1.7339e-11,1.9994e-11
9.2191e-12,1.843e-11,1.6565e-11
1.323e-11,1.3462e-11,1.6631e-11
1.9402e-11,1.8746e-11,1.9145e-11
1.4279e-11,4.0723e-11,3.5229e-11
1.249e-11,1.1106e-11,1.151e-11
1.1076e-11,1.53e-11,1.6585e-11
1.5325e-11,1.2795e-11,1.0602e-11
1.8816e-11,1.5498e-11,1.3745e-11
1.0247e-11,2.9382e-11,2.8203e-11
1.4489e-11,1.4502e-11,1.1392e-11
1.1052e-11,2.5292e-11,2.594e-11
5.8169e-12,1.3158e-11,1.5244e-11
4.6741e-12,1.4248e-11,1.5553e-11
1.8718e-11,1.4523e-11,1.2479e-11
8.2917e-12,1.5611e-11,1.9577e-11
7.987e-12,1.5943e-11,1.9838e-11
3.812e-11,5.8769e-12,4.0893e-11
3.5898e-11,1.0058e-11,3.7495e-11
4.2567e-11,1.6068e-11,4.1364e-11
3.6148e-11,1.1009e-11,3.5583e-11
3.4942e-11,8.6914e-12,3.6212e-11
3.8372e-11,1.4277e-11,3.7288e-11
2.862e-11,3.8119e-12,2.8897e-11
2.838e-11,7.6051e-12,2.8638e-11
2.4676e-11,6.0079e-12,2.5713e-11
3.8575e-11,2.3401e-11,4.3907e-11
2.9653e-11,1.1119e-11,2.722e-11
4.0832e-11,2.7972e-11,4.8445e-11
3.665e-11,1.1038e-11,3.6924e-11
2.4345e-11,8.9334e-12,2.3766e-11
1.84e-11,3.5891e-12,1.9591e-11
2.5876e-11,1.7347e-11,2.9666e-11
2.5297e-11,8.1067e-12,2.6306e-11
3.0606e-11,1.0858e-11,2.7114e-11
3.9113e-11,1.4854e-11,3.526e-11
1.9339e-11,6.3604e-12,1.8601e-11
1.771e-11,5.1439e-12,1.8839e-11
3.4076e-11,3.8609e-11,5.192e-11
1.56e-11,8.2052e-12,1.6119e-11
1.6991e-11,1.0969e-11,1.8434e-11
4.0562e-11,3.9444e-11,6.3425e-11
4.1499e-11,4.1873e-11,6.7111e-11
3.9058e-11,3.2308e-11,5.6136e-11
1.5797e-11,9.3425e-12,1.6031e-11
1.6598e-11,2.156e-11,2.6974e-11
1.5333e-11,1.4644e-11,1.9791e-11
1.2751e-11,6.5821e-12,1.4241e-11
1.576e-11,1.7733e-11,2.3571e-11
1.5082e-11,2.0973e-11,2.4189e-11
1.9955e-11,1.947e-11,3.2679e-11
1.7189e-11,3.0658e-11,3.0061e-11
1.206e-11,1.3955e-11,2.0703e-11
1.243e-11,1.3592e-11,1.5684e-11
1.6485e-11,3.5018e-11,3.2477e-11
1.0202e-11,1.0183e-11,1.3893e-11
1.0066e-11,1.6115e-11,1.3433e-11
6.8162e-12,1.7402e-11,1.3557e-11
1.4089e-11,1.3266e-11,1.2872e-11
2.3507e-11,6.0148e-11,5.4982e-11
7.0622e-12,1.9009e-11,1.9162e-11
1.0984e-11,1.3185e-11,1.5795e-11
1.4328e-11,1.4628e-11,1.1813e-11
1.2714e-11,1.6218e-11,1.7056e-11
1.0734e-11,1.2561e-11,1.1862e-11
1.0621e-11,1.2318e-11,1.376e-11
1.0668e-11,1.3802e-11,1.2737e-11
2.2169e-11,1.4238e-11,1.5243e-11
1.0213e-11,2.3472e-11,2.514e-11
7.1331e-12,1.3498e-11,1.6834e-11
2.253e-11,2.6091e-11,2.0126e-11
1.3686e-11,3.7166e-11,3.6211e-11
4.1093e-11,5.5598e-12,4.3578e-11
4.0214e-11,6.6699e-12,4.2326e-11
3.7434e-11,1.079e-11,3.769e-11
3.456e-11,1.0795e-11,3.3665e-11
2.394e-11,5.4007e-12,2.5145e-11
2.6634e-11,5.8921e-12,2.7378e-11
3.3947e-11,1.1396e-11,3.5864e-11
3.8557e-11,1.1337e-11,3.7395e-11
2.8055e-11,6.3016e-12,2.9526e-11
2.0262e-11,7.1536e-12,2.0055e-11
5.1368e-11,1.8581e-11,4.6847e-11
3.6007e-11,3.1882e-11,4.9856e-11
1.7483e-11,3.6013e-12,1.8139e-11
2.1571e-11,1.7904e-11,2.8104e-11
3.3268e-11,3.532e-11,4.9469e-11
2.3518e-11,2.22e-11,3.4917e-11
4.4179e-11,2.9618e-11,5.2254e-11
1.5706e-11,5.5784e-12,1.623e-11
4.3081e-11,2.9025e-11,5.2696e-11
2.365e-11,2.0306e-11,2.9217e-11
1.3742e-11,8.2422e-12,1.4813e-11
2.9886e-11,2.2383e-11,3.9659e-11
3.3012e-11,2.4301e-11,4.4816e-11
1.5759e-11,1.2015e-11,1.7978e-11
1.3172e-11,7.0462e-12,1.4659e-11
1.6563e-11,1.6041e-11,1.9434e-11
1.3886e-11,8.1654e-12,1.514e-11
2.6141e-11,3.0622e-11,4.7368e-11
2.5401e-11,2.9593e-11,4.5692e-11
1.2412e-11,8.5437e-12,1.343e-11
1.9509e-11,2.7703e-11,2.9557e-11
1.2136e-11,1.5909e-11,2.1278e-11
1.0537e-11,1.3104e-11,1.618e-11
1.0175e-11,1.5167e-11,1.5192e-11
1.9946e-11,4.4588e-11,4.8171e-11
1.4459e-11,3.0946e-11,2.8821e-11
1.0389e-11,1.4009e-11,1.5063e-11
8.9679e-12,1.3833e-11,1.393e-11
6.8039e-12,1.7013e-11,1.3972e-11
2.1262e-11,4.9875e-11,5.2395e-11
7.1746e-12,1.4329e-11,1.2635e-11
1.3004e-11,2.8536e-11,2.7913e-11
1.7938e-11,4.6732e-11,4.6847e-11
5.6517e-12,1.7402e-11,1.6121e-11
9.2199e-12,1.9651e-11,1.7266e-11
1.2903e-11,1.313e-11,1.5655e-11
1.2397e-11,1.1277e-11,1.2785e-11
8.8735e-12,1.0632e-11,1.5441e-11
1.2908e-11,1.3269e-11,1.2074e-11
1.3829e-11,3.4561e-11,3.5143e-11
1.36e-11,1.6184e-11,1.4044e-11
6.1981e-12,1.8639e-11,1.4722e-11
1.9209e-11,1.4585e-11,1.1479e-11
1.6858e-11,3.9137e-11,3.7075e-11
6.6068e-12,1.4086e-11,1.4691e-11
7.0877e-12,1.3871e-11,1.7183e-11
1.9021e-11,2.1515e-11,2.0913e-11
2.1728e-11,2.5486e-11,2.0318e-11
1.1884e-11,2.5272e-11,2.7089e-11
4.2139e-11,1.2994e-11,4.2475e-11
4.0513e-11,1.2032e-11,3.9049e-11
3.7569e-11,7.617e-12,3.9353e-11
3.2267e-11,9.3194e-12,3.4711e-11
4.3035e-11,1.7809e-11,4.4153e-11
4.0891e-11,1.6372e-11,4.1227e-11
3.2319e-11,6.8656e-12,3.1771e-11
4.0424e-11,1.6821e-11,4.1425e-11
2.597e-11,4.1828e-12,2.6922e-11
2.7063e-11,8.038e-12,2.7e-11
3.3237e-11,1.5939e-11,3.6033e-11
3.7532e-11,2.3046e-11,4.3057e-11
2.9145e-11,1.0042e-11,2.7393e-11
3.5071e-11,1.1019e-11,3.6984e-11
2.808e-11,7.1231e-12,2.9266e-11
2.8956e-11,1.6117e-11,3.0276e-11
2.0434e-11,8.7316e-12,1.9916e-11
2.0546e-11,5.6436e-12,2.0342e-11
2.2718e-11,9.7377e-12,2.231e-11
2.0163e-11,7.2199e-12,2.2189e-11
1.6673e-11,4.0747e-12,1.7123e-11
3.2718e-11,3.5479e-11,5.1157e-11
1.4903e-11,6.5665e-12,1.5799e-11
4.6367e-11,4.9566e-11,7.3072e-11
1.3121e-11,6.0137e-12,1.449e-11
1.4726e-11,1.6655e-11,2.2247e-11
1.1575e-11,7.9704e-12,1.436e-11
1.2843e-11,8.7993e-12,1.401e-11
1.8642e-11,1.8583e-11,3.0256e-11
1.8356e-11,3.7526e-11,3.4391e-11
1.4844e-11,1.4424e-11,2.1303e-11
9.141e-12,7.5429e-12,1.4596e-11
2.0398e-11,4.0828e-11,3.9527e-11
1.2515e-11,1.4411e-11,1.6028e-11
6.1616e-12,1.4347e-11,1.2684e-11
8.5946e-12,1.2055e-11,1.4325e-11
1.4207e-11,1.6706e-11,1.3633e-11
8.4764e-12,1.8243e-11,1.9615e-11
1.7486e-11,1.5023e-11,1.3689e-11
1.0801e-11,2.6816e-11,2.7423e-11
6.9854e-12,1.3279e-11,1.5439e-11
1.0983e-11,2.2232e-11,2.3446e-11
1.1152e-11,1.477e-11,1.4548e-11
9.2001e-12,1.4805e-11,1.4886e-11
1.4162e-11,1.5162e-11,1.8288e-11
2.4566e-11,1.6207e-11,1.5779e-11
3.5388e-11,8.4943e-12,3.8178e-11
3.8083e-11,9.2192e-12,4.034e-11
3.5128e-11,1.3001e-11,3.3997e-11
3.6456e-11,1.6967e-11,3.8601e-11
2.2114e-11,4.2752e-12,2.2649e-11
4.5912e-11,1.4171e-11,4.4043e-11
2.4754e-11,7.0343e-12,2.5624e-11
2.6776e-11,6.1286e-12,2.9003e-11
2.35e-11,7.1472e-12,2.2717e-11
3.4203e-11,9.7877e-12,3.3851e-11
4.4549e-11,1.4945e-11,4.1101e-11
2.109e-11,8.6305e-12,2.0526e-11
2.0443e-11,7.7086e-12,2.2551e-11
2.075e-11,5.8772e-12,1.9921e-11
2.4874e-11,1.5996e-11,2.6965e-11
2.8458e-11,2.2418e-11,3.6557e-11
1.7877e-11,6.2045e-12,1.9078e-11
1.6203e-11,5.7961e-12,1.6454e-11
1.6549e-11,1.0452e-11,1.7435e-11
3.3857e-11,3.8344e-11,5.1385e-11
1.9796e-11,1.1779e-11,2.0589e-11
4.8373e-11,3.3899e-11,5.7876e-11
1.7427e-11,1.1646e-11,1.7957e-11
1.4622e-11,7.0381e-12,1.516e-11
3.2618e-11,2.5092e-11,3.6873e-11
2.0782e-11,1.5643e-11,2.307e-11
1.4687e-11,6.294e-12,1.7357e-11
1.4509e-11,8.086e-12,1.4167e-11
1.4102e-11,7.3539e-12,1.6357e-11
2.2851e-11,3.47e-11,3.6621e-11
2.6897e-11,3.1068e-11,4.71e-11
1.2658e-11,8.8641e-12,1.4678e-11
1.4793e-11,2.0447e-11,2.3297e-11
1.6234e-11,8.7778e-12,1.5155e-11
1.2337e-11,9.0923e-12,1.3545e-11
1.2271e-11,1.1483e-11,1.5481e-11
2.027e-11,3.499e-11,3.4462e-11
2.3921e-11,4.3861e-11,4.1014e-11
1.9017e-11,4.2237e-11,4.4703e-11
9.2652e-12,1.2961e-11,1.2992e-11
9.7755e-12,1.6043e-11,1.4612e-11
1.3566e-11,1.888e-11,1.937e-11
9.924e-12,2.1244e-11,1.8981e-11
9.1242e-12,1.0662e-11,1.4352e-11
1.3938e-11,1.3721e-11,1.9336e-11
1.4557e-11,4.1606e-11,4.0983e-11
1.4736e-11,1.6977e-11,2.2346e-11
1.0823e-11,1.4458e-11,1.369e-11
9.2489e-12,2.116e-11,2.1058e-11
1.1343e-11,1.5795e-11,1.6246e-11
1.2875e-11,3.1424e-11,3.0578e-11
2.1676e-11,6.0401e-11,5.1739e-11
8.6841e-12,1.4302e-11,1.829e-11
1.2497e-11,1.3564e-11,1.352e-11
1.8423e-11,3.4548e-11,3.2708e-11
8.5216e-12,1.8244e-11,2.3371e-11
3.3805e-11,1.2607e-11,3.2737e-11
2.2891e-11,5.5757e-12,2.3574e-11
3.2306e-11,1.7848e-11,3.5499e-11
2.7162e-11,1.153e-11,2.5765e-11
3.9519e-11,2.7939e-11,4.9726e-11
2.1417e-11,6.3867e-12,2.1722e-11
2.8602e-11,8.4367e-12,3.203e-11
4.3342e-11,1.4482e-11,4.1239e-11
1.7552e-11,4.2942e-12,1.7318e-11
2.0337e-11,8.2477e-12,2.1967e-11
1.6405e-11,4.7463e-12,1.6217e-11
3.6188e-11,1.6588e-11,3.28e-11
3.1428e-11,1.5421e-11,3.0049e-11
2.1641e-11,2.3761e-11,3.1694e-11
2.1467e-11,1.6338e-11,2.3175e-11
1.9429e-11,1.0152e-11,1.8759e-11
1.4698e-11,1.3956e-11,1.9892e-11
1.4569e-11,7.8477e-12,1.5463e-11
1.6081e-11,8.6989e-12,1.5495e-11
1.4111e-11,1.3515e-11,1.8618e-11
2.7764e-11,3.9246e-11,4.3105e-11
2.485e-11,4.433e-11,4.2899e-11
1.8598e-11,3.1174e-11,3.0043e-11
2.2503e-11,4.0955e-11,4.5523e-11
9.5931e-12,7.4884e-12,1.4517e-11
2.1684e-11,5.362e-11,5.394e-11
2.4032e-11,5.2762e-11,4.7926e-11
7.215e-12,1.3042e-11,1.3652e-11
2.2116e-11,4.9253e-11,4.472e-11
9.4783e-12,2.4434e-11,2.1287e-11
7.1908e-12,1.131e-11,1.4043e-11
1.7679e-11,1.8574e-11,2.1035e-11
1.4345e-11,1.7794e-11,1.4374e-11
8.8365e-12,2.2425e-11,2.1475e-11
9.6024e-12,1.112e-11,1.4919e-11
1.3813e-11,1.2579e-11,1.1948e-11
9.7491e-12,1.5362e-11,2.0002e-11
1.4362e-11,1.2418e-11,1.149e-11
2.7023e-11,1.717e-11,1.6334e-11
2.3875e-11,2.3943e-11,1.5013e-11
3.2112e-11,4.4332e-11,2.6084e-11
4.3976e-11,1.4003e-11,4.182e-11
4.0032e-11,1.2468e-11,4.1444e-11
3.408e-11,7.2912e-12,3.5765e-11
3.0752e-11,1.235e-11,2.974e-11
3.2305e-11,1.7096e-11,3.532e-11
2.5063e-11,9.4564e-12,2.3352e-11
2.11e-11,6.6277e-12,2.1181e-11
2.5933e-11,8.0478e-12,3.0344e-11
3.7754e-11,3.083e-11,4.9876e-11
2.4791e-11,1.1597e-11,2.3573e-11
2.5479e-11,1.3616e-11,2.4352e-11
2.6244e-11,1.6324e-11,2.9981e-11
3.079e-11,2.4995e-11,4.2976e-11
2.129e-11,8.8474e-12,1.9556e-11
1.8998e-11,6.1843e-12,2.1127e-11
2.2645e-11,1.5108e-11,2.5103e-11
1.9361e-11,6.7923e-12,1.9942e-11
1.6746e-11,7.9349e-12,1.6755e-11
1.5383e-11,5.8128e-12,1.6794e-11
1.4506e-11,6.7652e-12,1.6919e-11
2.8365e-11,3.3988e-11,4.2604e-11
1.4975e-11,6.9536e-12,1.5925e-11
2.0349e-11,1.4327e-11,2.0503e-11
2.377e-11,1.3356e-11,2.4099e-11
4.8437e-11,4.4794e-11,6.9281e-11
4.8781e-11,5.1803e-11,7.5236e-11
1.5645e-11,1.2216e-11,1.773e-11
3.5287e-11,2.668e-11,4.5573e-11
1.6377e-11,1.6836e-11,2.4403e-11
4.4114e-11,4.9493e-11,7.0101e-11
1.9803e-11,1.323e-11,1.7649e-11
2.8473e-11,4.0823e-11,4.2993e-11
1.3119e-11,1.0652e-11,1.3532e-11
2.5658e-11,4.6384e-11,4.4764e-11
1.452e-11,1.482e-11,1.7723e-11
1.374e-11,1.7504e-11,2.3413e-11
1.6879e-11,2.6724e-11,2.8632e-11
8.8603e-12,1.555e-11,1.2823e-11
9.1485e-12,1.4764e-11,1.4061e-11
5.9126e-12,1.2505e-11,1.2733e-11
1.3006e-11,2.9681e-11,2.8012e-11
1.3091e-11,3.83e-11,3.7345e-11
1.1371e-11,1.0938e-11,1.5318e-11
8.0801e-12,1.6262e-11,1.7171e-11
7.1579e-12,1.4581e-11,1.58e-11
1.1354e-11,1.4378e-11,1.3636e-11
1.1424e-11,1.6133e-11,1.8896e-11
1.2533e-11,2.9362e-11,2.9189e-11
3.0794e-11,4.2124e-11,2.1822e-11
1.2381e-11,2.8884e-11,2.8422e-11
3.9203e-11,1.0913e-11,4.1268e-11
3.6269e-11,8.3489e-12,3.7723e-11
4.2132e-11,1.3435e-11,3.9977e-11
3.1666e-11,8.9665e-12,3.5894e-11
4.6547e-11,1.4759e-11,4.443e-11
3.4183e-11,1.0905e-11,3.6733e-11
3.7357e-11,2.6931e-11,4.6966e-11
2.0896e-11,7.0544e-12,2.1016e-11
2.2437e-11,7.6087e-12,2.1362e-11
2.2069e-11,6.5332e-12,2.4996e-11
4.5362e-11,1.6401e-11,4.2369e-11
3.036e-11,1.2908e-11,3.0516e-11
2.013e-11,8.1865e-12,2.0252e-11
3.0208e-11,1.0544e-11,3.0221e-11
1.8198e-11,5.7944e-12,1.7513e-11
1.8134e-11,1.0858e-11,1.7314e-11
2.0379e-11,1.004e-11,2.0019e-11
1.9848e-11,9.5406e-12,1.8855e-11
3.3157e-11,3.5756e-11,4.9485e-11
2.2426e-11,8.4561e-12,2.1811e-11
1.6839e-11,7.0981e-12,1.6407e-11
2.7121e-11,1.4244e-11,2.6912e-11
3.4827e-11,2.4065e-11,4.0955e-11
1.5379e-11,7.0887e-12,1.8222e-11
2.5609e-11,2.1636e-11,3.0091e-11
2.9121e-11,3.9544e-11,4.3705e-11
2.0552e-11,2.587e-11,3.1095e-11
1.551e-11,1.2927e-11,1.8851e-11
1.4026e-11,7.3881e-12,1.4039e-11
1.4405e-11,1.2775e-11,1.7378e-11
1.7156e-11,2.335e-11,2.6616e-11
1.3559e-11,1.0874e-11,1.3552e-11
1.267e-11,1.0449e-11,1.5884e-11
1.1667e-11,1.3315e-11,1.9028e-11
1.2662e-11,1.2913e-11,1.9293e-11
1.988e-11,3.0143e-11,3.7925e-11
1.5562e-11,1.5638e-11,1.777e-11
1.8762e-11,4.3137e-11,4.7328e-11
2.3036e-11,5.1872e-11,5.5268e-11
1.2485e-11,2.5706e-11,2.2225e-11
9.3474e-12,1.5618e-11,1.2842e-11
9.8793e-12,1.1158e-11,1.3504e-11
1.2125e-11,3.0805e-11,2.9602e-11
8.2036e-12,1.439e-11,1.4666e-11
1.2637e-11,2.5017e-11,2.24e-11
1.4606e-11,3.1206e-11,2.9141e-11
2.4243e-11,5.3634e-11,4.8256e-11
9.7748e-12,1.6006e-11,1.5153e-11
8.2599e-12,1.3999e-11,1.7344e-11
6.1104e-12,1.0513e-11,1.304e-11
9.4158e-12,9.8328e-12,1.2148e-11
9.2995e-12,1.3318e-11,1.4537e-11
1.3041e-11,1.601e-11,1.0918e-11
1.1557e-11,1.608e-11,1.9585e-11
3.4448e-11,9.7809e-12,3.6136e-11
3.5123e-11,7.8115e-12,3.616e-11
2.9717e-11,6.708e-12,3.0204e-11
3.0033e-11,8.8973e-12,3.2049e-11
3.2791e-11,1.4859e-11,3.3686e-11
2.834e-11,1.2521e-11,2.74e-11
2.0668e-11,6.6722e-12,2.0188e-11
4.8493e-11,1.7689e-11,4.6457e-11
2.4352e-11,1.1729e-11,2.2944e-11
2.2093e-11,6.7141e-12,2.4908e-11
1.9698e-11,8.3211e-12,2.1731e-11
3.563e-11,3.2267e-11,5.0291e-11
2.7782e-11,2.2272e-11,3.9307e-11
3.3745e-11,1.4386e-11,3.3518e-11
2.0396e-11,7.5504e-12,1.9703e-11
4.4232e-11,1.8363e-11,4.0451e-11
4.4798e-11,1.9683e-11,4.3238e-11
1.8295e-11,6.7488e-12,2.015e-11
2.556e-11,2.464e-11,3.7524e-11
2.1172e-11,8.4358e-12,2.0619e-11
2.2271e-11,2.1737e-11,3.2772e-11
1.4746e-11,5.2804e-12,1.5975e-11
1.4079e-11,7.2895e-12,1.5733e-11
3.7282e-11,2.8444e-11,4.628e-11
1.7767e-11,1.6875e-11,2.025e-11
3.0289e-11,4.4124e-11,4.762e-11
2.0049e-11,2.3003e-11,3.083e-11
1.1626e-11,6.3662e-12,1.4068e-11
1.2531e-11,7.3155e-12,1.4828e-11
1.9129e-11,3.1353e-11,2.972e-11
1.1228e-11,1.3376e-11,2.1922e-11
1.2611e-11,2.5669e-11,2.1064e-11
1.1316e-11,2.0905e-11,1.743e-11
1.4068e-11,1.9951e-11,2.6001e-11
2.4567e-11,4.9569e-11,4.6313e-11
1.6533e-11,3.1571e-11,2.7651e-11
1.0383e-11,2.2047e-11,1.8144e-11
1.3581e-11,2.9795e-11,2.5872e-11
1.1429e-11,2.3926e-11,2.1699e-11
1.9107e-11,5.258e-11,4.9407e-11
8.028e-12,1.3942e-11,1.3215e-11
1.0359e-11,1.2718e-11,1.4809e-11
1.0244e-11,1.229e-11,1.4688e-11
1.1202e-11,1.6225e-11,1.8577e-11
8.8838e-12,1.0531e-11,1.3819e-11
8.8031e-12,1.5243e-11,1.3918e-11
1.155e-11,2.0065e-11,1.9056e-11
1.1368e-11,1.2709e-11,1.3376e-11
1.318e-11,2.4501e-11,2.3655e-11
1.0944e-11,2.3657e-11,2.422e-11
1.081e-11,1.6508e-11,1.6996e-11
9.1661e-12,1.1577e-11,1.2097e-11
1.0902e-11,1.4659e-11,1.1844e-11
2.0889e-11,5.1632e-11,4.4858e-11
1.0546e-11,1.9277e-11,2.4961e-11
4.3157e-11,1.4144e-11,4.3175e-11
3.7393e-11,1.1506e-11,3.8856e-11
2.2138e-11,7.3107e-12,2.5552e-11
1.8739e-11,6.928e-12,2.0658e-11
2.864e-11,1.353e-11,2.9027e-11
1.7623e-11,6.7589e-12,1.853e-11
1.6482e-11,5.2582e-12,1.755e-11
2.0423e-11,1.0593e-11,1.9117e-11
1.883e-11,8.4266e-12,1.7664e-11
1.6085e-11,8.2346e-12,1.6414e-11
4.4805e-11,2.4147e-11,4.7421e-11
4.9335e-11,3.4589e-11,5.4516e-11
2.4513e-11,1.4799e-11,2.5554e-11
2.539e-11,1.4463e-11,2.5928e-11
4.4241e-11,3.0682e-11,4.9791e-11
1.797e-11,7.2407e-12,1.851e-11
3.086e-11,1.8943e-11,3.3419e-11
1.8302e-11,1.6619e-11,2.5931e-11
1.7697e-11,1.5913e-11,2.5072e-11
3.5592e-11,2.6101e-11,4.1482e-11
1.4304e-11,9.061e-12,1.7958e-11
2.3676e-11,1.7775e-11,3.0568e-11
1.8854e-11,2.4812e-11,2.8994e-11
1.3548e-11,6.375e-12,1.5558e-11
2.3454e-11,2.5425e-11,3.5042e-11
1.3928e-11,1.5447e-11,1.982e-11
1.3519e-11,9.1408e-12,1.6376e-11
2.5694e-11,3.9403e-11,4.055e-11
1.2617e-11,1.0788e-11,1.4327e-11
1.5744e-11,2.2932e-11,3.2433e-11
1.6933e-11,2.5554e-11,2.4788e-11
1.5113e-11,2.2017e-11,2.1865e-11
1.4527e-11,9.4474e-12,1.5065e-11
2.3479e-11,3.932e-11,4.8562e-11
1.6079e-11,3.6289e-11,3.6446e-11
1.1832e-11,1.7205e-11,1.4854e-11
1.5218e-11,3.1283e-11,2.8307e-11
1.3307e-11,1.4315e-11,1.6519e-11
1.0043e-11,1.1859e-11,1.6294e-11
2.6372e-11,6.2302e-11,5.5737e-11
1.2371e-11,1.2553e-11,1.2054e-11
1.1685e-11,1.3848e-11,1.2697e-11
2.3059e-11,1.7119e-11,1.3733e-11
1.2914e-11,2.3624e-11,2.7996e-11
3.9488e-11,1.3558e-11,3.8746e-11
2.703e-11,6.2149e-12,2.8439e-11
2.3616e-11,1.075e-11,2.2112e-11
2.7631e-11,1.4691e-11,2.9113e-11
2.1727e-11,6.8499e-12,2.4567e-11
4.1708e-11,1.6753e-11,4.0391e-11
1.8087e-11,5.3566e-12,2.086e-11
1.8636e-11,6.4316e-12,2.1803e-11
1.7582e-11,4.844e-12,1.8335e-11
1.6667e-11,5.5525e-12,1.7025e-11
1.5134e-11,8.397e-12,1.5984e-11
3.6175e-11,1.6524e-11,3.5004e-11
2.8692e-11,3.0501e-11,4.2691e-11
1.8838e-11,8.8138e-12,1.9761e-11
1.4344e-11,6.0353e-12,1.5497e-11
1.7934e-11,1.4744e-11,2.1388e-11
1.7212e-11,1.1266e-11,1.8975e-11
3.1537e-11,4.105e-11,4.8692e-11
1.6174e-11,1.297e-11,1.943e-11
1.3847e-11,5.3501e-12,1.3798e-11
3.3156e-11,3.0646e-11,4.9245e-11
1.2785e-11,7.0742e-12,1.4402e-11
1.5843e-11,2.0276e-11,2.4108e-11
2.838e-11,4.1398e-11,4.2079e-11
1.3459e-11,1.3751e-11,2.0551e-11
1.1697e-11,1.3579e-11,2.2387e-11
1.9142e-11,3.4581e-11,3.0349e-11
2.1574e-11,5.2506e-11,4.8002e-11
1.3387e-11,1.503e-11,1.2515e-11
1.047e-11,1.852e-11,1.9112e-11
2.3906e-11,5.0047e-11,4.3646e-11
9.9958e-12,1.2301e-11,1.2057e-11
1.1702e-11,1.9486e-11,1.9015e-11
9.9338e-12,1.1597e-11,1.2243e-11
1.2356e-11,1.4264e-11,1.5957e-11
9.9265e-12,1.6784e-11,1.7208e-11
7.2678e-12,1.3616e-11,1.7578e-11
1.6182e-11,1.5154e-11,2.6287e-11
8.2981e-12,1.5581e-11,1.4872e-11
7.7987e-12,1.2951e-11,1.2844e-11
1.0587e-11,1.9372e-11,2.4229e-11
1.5207e-11,2.7881e-11,2.5953e-11
2.0618e-11,1.4092e-11,1.4454e-11
4.007e-11,1.2886e-11,4.0421e-11
3.6045e-11,9.9839e-12,3.7986e-11
3.157e-11,7.1777e-12,3.2115e-11
3.439e-11,8.3047e-12,3.5603e-11
3.24e-11,1.0728e-11,3.634e-11
4.794e-11,1.6045e-11,4.59e-11
4.8279e-11,1.7877e-11,4.6915e-11
3.8359e-11,3.5915e-11,5.4194e-11
2.5701e-11,1.5724e-11,2.8214e-11
1.8072e-11,5.6387e-12,1.7913e-11
4.9732e-11,2.1348e-11,4.5971e-11
1.9954e-11,1.0349e-11,1.8836e-11
1.9012e-11,8.7491e-12,1.7803e-11
1.5768e-11,4.6049e-12,1.6038e-11
2.5603e-11,1.7703e-11,2.4271e-11
1.4515e-11,5.5904e-12,1.5525e-11
1.7901e-11,1.9931e-11,2.759e-11
1.2438e-11,7.4879e-12,1.4348e-11
1.3534e-11,6.8783e-12,1.5343e-11
1.271e-11,9.5365e-12,1.3617e-11
1.6744e-11,2.3357e-11,3.4273e-11
1.3047e-11,1.2841e-11,2.0554e-11
1.7868e-11,2.9921e-11,2.7145e-11
1.03e-11,1.1573e-11,1.8024e-11
1.8119e-11,3.2913e-11,2.8421e-11
1.7976e-11,3.3616e-11,4.0133e-11
2.7902e-11,5.2791e-11,4.8385e-11
2.5521e-11,5.1871e-11,4.7239e-11
2.4006e-11,4.6949e-11,4.3007e-11
8.1321e-12,1.1741e-11,1.3536e-11
9.9051e-12,2.027e-11,1.9888e-11
1.0927e-11,1.3983e-11,1.4384e-11
2.6825e-11,6.0349e-11,5.4773e-11
1.0215e-11,1.4012e-11,1.5599e-11
6.7922e-12,1.1377e-11,1.3583e-11
2.5058e-11,2.2336e-11,3.0448e-11
1.1911e-11,2.3333e-11,2.6765e-11
8.0417e-12,1.5585e-11,1.8288e-11
1.1139e-11,2.1168e-11,2.5021e-11
2.5904e-11,3.6328e-11,3.4705e-11
1.3694e-11,2.5827e-11,2.8863e-11
2.6866e-11,3.8238e-11,3.3056e-11
4.2204e-11,1.35e-11,4.2376e-11
3.0952e-11,6.0102e-12,3.1749e-11
2.7444e-11,7.0757e-12,2.8201e-11
2.7439e-11,7.2877e-12,2.8833e-11
2.7296e-11,7.5077e-12,2.6161e-11
2.9035e-11,8.0782e-12,3.3807e-11
4.0853e-11,1.4733e-11,4.0431e-11
2.237e-11,6.0874e-12,2.2733e-11
3.259e-11,2.3627e-11,3.741e-11
1.9909e-11,5.3562e-12,1.9273e-11
2.2193e-11,8.7553e-12,2.4773e-11
2.226e-11,7.5645e-12,2.5945e-11
2.3106e-11,7.84e-12,2.6123e-11
1.9179e-11,6.2922e-12,2.2171e-11
5.216e-11,2.5982e-11,5.1555e-11
4.8135e-11,2.677e-11,4.8672e-11
1.6314e-11,6.3089e-12,1.7255e-11
2.1207e-11,1.249e-11,2.2194e-11
2.8943e-11,1.3277e-11,2.6258e-11
2.6141e-11,1.5883e-11,2.7077e-11
1.8662e-11,1.4719e-11,2.3723e-11
1.5013e-11,6.9274e-12,1.5762e-11
2.3041e-11,1.4206e-11,2.3077e-11
1.7863e-11,1.4427e-11,2.1207e-11
2.6106e-11,2.7422e-11,3.8316e-11
1.3805e-11,5.493e-12,1.4611e-11
1.6117e-11,7.786e-12,1.8997e-11
2.7579e-11,1.7089e-11,2.5319e-11
1.7815e-11,7.7335e-12,1.7224e-11
4.0894e-11,4.5619e-11,7.0327e-11
1.4114e-11,6.0133e-12,1.3865e-11
1.9586e-11,1.1203e-11,2.0115e-11
2.444e-11,1.866e-11,3.0029e-11
2.9809e-11,4.1724e-11,4.446e-11
1.4225e-11,7.8249e-12,1.5874e-11
3.5356e-11,4.7803e-11,6.4376e-11
1.3268e-11,7.1453e-12,1.5098e-11
2.8346e-11,4.0375e-11,5.306e-11
2.5887e-11,4.8236e-11,4.4622e-11
9.6715e-12,1.0766e-11,1.6422e-11
1.1558e-11,2.135e-11,1.7211e-11
1.3171e-11,1.6198e-11,1.673e-11
1.2776e-11,1.3294e-11,1.8216e-11
1.5342e-11,3.2175e-11,3.3138e-11
8.9116e-12,1.9721e-11,1.404e-11
1.0048e-11,1.3717e-11,1.252e-11
7.4755e-12,1.3095e-11,1.4385e-11
1.6484e-11,5.5641e-11,5.2548e-11
1.2697e-11,4.2676e-11,4.146e-11
1.4996e-11,2.6248e-11,2.682e-11
8.6053e-12,1.6053e-11,1.7435e-11
7.6305e-12,1.2922e-11,1.5747e-11
8.995e-12,1.1964e-11,1.1379e-11
2.5106e-11,2.3314e-11,2.9032e-11
1.3329e-11,1.454e-11,1.4554e-11
9.4101e-12,1.9139e-11,1.7278e-11
9.8628e-12,1.5687e-11,1.7665e-11
2.4215e-11,2.907e-11,2.0063e-11
3.2283e-11,8.3773e-12,3.1649e-11
3.5262e-11,7.699e-12,3.5266e-11
3.0712e-11,1.0476e-11,3.0626e-11
4.1284e-11,1.3765e-11,4.2483e-11
3.8667e-11,1.3543e-11,4.0508e-11
3.3295e-11,9.8756e-12,3.7862e-11
4.7435e-11,1.6339e-11,4.6623e-11
3.6647e-11,2.5137e-11,4.4558e-11
3.4752e-11,2.9618e-11,4.9763e-11
1.6986e-11,5.195e-12,1.6982e-11
1.804e-11,4.981e-12,2.0176e-11
2.109e-11,1.7148e-11,2.7344e-11
2.4243e-11,1.1413e-11,2.51e-11
1.9726e-11,1.0489e-11,1.9089e-11
1.5234e-11,4.4762e-12,1.5418e-11
1.6695e-11,6.9973e-12,1.5888e-11
4.2144e-11,2.9861e-11,4.8832e-11
1.6795e-11,1.4873e-11,2.2385e-11
1.5423e-11,6.646e-12,1.6919e-11
1.3941e-11,5.9205e-12,1.4366e-11
1.7473e-11,1.2231e-11,2.0723e-11
3.9198e-11,5.3027e-11,6.8507e-11
1.5046e-11,1.1996e-11,1.6658e-11
1.4967e-11,6.8625e-12,1.6793e-11
1.2562e-11,1.0517e-11,1.4269e-11
1.4173e-11,1.4466e-11,1.9859e-11
1.408e-11,5.2074e-12,1.6053e-11
1.5227e-11,1.7154e-11,2.1352e-11
1.342e-11,1.6277e-11,1.8616e-11
1.3248e-11,1.0784e-11,1.6155e-11
2.709e-11,4.5656e-11,4.3735e-11
2.5803e-11,4.2303e-11,4.063e-11
1.2417e-11,2.1857e-11,1.8912e-11
2.4529e-11,3.9118e-11,4.6028e-11
2.4656e-11,4.6267e-11,4.2407e-11
1.1307e-11,2.2906e-11,1.7961e-11
1.6487e-11,3.419e-11,3.6248e-11
2.0867e-11,4.0236e-11,3.5994e-11
1.3237e-11,2.637e-11,2.3048e-11
1.2389e-11,2.8187e-11,3.0805e-11
1.3198e-11,1.317e-11,1.3896e-11
8.389e-12,1.8943e-11,1.4592e-11
1.7516e-11,5.5294e-11,5.0567e-11
1.7729e-11,5.6057e-11,5.5341e-11
9.4428e-12,1.7056e-11,1.9884e-11
7.3817e-12,1.5198e-11,1.419e-11
1.0539e-11,1.6947e-11,1.4416e-11
1.173e-11,1.4858e-11,1.3688e-11
1.2154e-11,4.3083e-11,4.1581e-11
2.6627e-11,5.5457e-11,4.9282e-11
7.9904e-12,1.4899e-11,1.4569e-11
1.6748e-11,2.4847e-11,2.5089e-11
2.574e-11,4.2019e-11,3.6837e-11
1.5376e-11,2.9512e-11,3.0882e-11
6.7712e-12,1.8517e-11,1.8295e-11
1.1843e-11,1.2102e-11,1.5922e-11
1.1526e-11,2.2625e-11,2.4537e-11
5.427e-12,1.5389e-11,1.6693e-11
9.7586e-12,1.3309e-11,1.612e-11
9.5974e-12,1.2027e-11,1.1626e-11
1.1286e-11,1.8101e-11,2.118e-11
3.8491e-11,1.033e-11,4.059e-11
3.1551e-11,6.6201e-12,3.147e-11
3.3146e-11,1.0828e-11,3.405e-11
2.9081e-11,8.6718e-12,3.0277e-11
2.7212e-11,8.2746e-12,2.8456e-11
2.8187e-11,8.6768e-12,2.735e-11
3.3851e-11,1.0656e-11,3.7967e-11
3.4425e-11,2.2532e-11,4.0081e-11
3.4336e-11,2.8441e-11,4.5613e-11
2.6411e-11,2.0871e-11,3.5345e-11
2.5585e-11,1.6448e-11,3.0321e-11
2.9265e-11,2.7719e-11,4.3261e-11
3.449e-11,3.3678e-11,5.0943e-11
5.3807e-11,3.074e-11,5.3345e-11
2.0062e-11,1.1782e-11,2.0617e-11
1.6652e-11,6.8258e-12,1.9244e-11
1.9862e-11,1.0324e-11,1.8233e-11
1.5583e-11,6.6518e-12,1.6868e-11
1.5251e-11,5.9717e-12,1.6904e-11
1.4251e-11,6.4981e-12,1.5014e-11
2.0944e-11,1.4019e-11,2.1426e-11
1.6801e-11,1.3479e-11,2.0553e-11
4.1194e-11,4.6356e-11,6.6895e-11
1.7944e-11,1.9982e-11,2.4897e-11
2.1719e-11,3.127e-11,3.205e-11
2.4505e-11,1.9514e-11,3.103e-11
1.4475e-11,9.1832e-12,1.4709e-11
1.8023e-11,2.5787e-11,2.6451e-11
1.3091e-11,9.5547e-12,1.4293e-11
1.2859e-11,7.7109e-12,1.6995e-11
2.1318e-11,2.5101e-11,3.5223e-11
1.416e-11,1.3234e-11,1.609e-11
2.5182e-11,4.1489e-11,3.953e-11
2.6872e-11,5.0869e-11,4.6371e-11
2.5094e-11,4.9831e-11,4.4071e-11
1.8094e-11,5.1055e-11,4.63e-11
1.4342e-11,3.211e-11,2.7764e-11
1.1841e-11,1.5394e-11,1.3273e-11
1.7803e-11,3.7582e-11,3.2468e-11
9.2319e-12,1.5694e-11,1.2508e-11
6.7715e-12,1.4619e-11,1.6134e-11
9.3213e-12,2.8996e-11,3.0787e-11
1.1812e-11,1.6189e-11,1.4819e-11
1.6616e-11,3.522e-11,3.6971e-11
1.3342e-11,1.1924e-11,1.3631e-11
2.5714e-11,5.0603e-11,4.525e-11
9.4148e-12,1.5211e-11,1.7401e-11
3.4774e-11,8.5353e-12,3.5454e-11
4.2765e-11,1.5573e-11,4.4326e-11
3.4627e-11,8.9066e-12,3.3494e-11
3.2767e-11,1.1749e-11,3.3503e-11
3.0414e-11,1.0898e-11,2.8659e-11
2.5112e-11,6.9807e-12,2.6094e-11
3.6308e-11,2.4534e-11,4.3214e-11
2.1334e-11,1.1154e-11,2.2315e-11
2.041e-11,7.2206e-12,1.9493e-11
2.4999e-11,1.5879e-11,2.9321e-11
4.9065e-11,2.5132e-11,5.0253e-11
3.2557e-11,3.0583e-11,4.6921e-11
3.1229e-11,2.9172e-11,4.5298e-11
1.6737e-11,6.1581e-12,1.6264e-11
1.998e-11,7.3249e-12,2.1963e-11
3.3355e-11,3.4567e-11,4.9811e-11
1.9676e-11,1.4423e-11,2.4927e-11
1.7828e-11,7.5356e-12,1.6286e-11
2.0244e-11,1.2004e-11,2.2123e-11
1.4633e-11,7.0666e-12,1.5006e-11
1.5298e-11,7.0759e-12,1.9033e-11
2.5166e-11,2.8586e-11,3.7977e-11
3.2924e-11,4.2503e-11,4.692e-11
1.7975e-11,1.9518e-11,2.7356e-11
1.3874e-11,6.8569e-12,1.4267e-11
1.3436e-11,5.7522e-12,1.5252e-11
1.9576e-11,1.4762e-11,2.0402e-11
1.313e-11,5.869e-12,1.5206e-11
1.9529e-11,2.1563e-11,2.8744e-11
1.6996e-11,1.7635e-11,2.1931e-11
1.3406e-11,8.7364e-12,1.3912e-11
1.7701e-11,3.943e-11,4.0943e-11
1.0959e-11,1.3775e-11,1.6578e-11
1.42e-11,2.8757e-11,2.3989e-11
1.1338e-11,2.2564e-11,2.5408e-11
1.0863e-11,1.4303e-11,1.3015e-11
9.9507e-12,1.9346e-11,1.4522e-11
2.7026e-11,5.4472e-11,4.8619e-11
1.1007e-11,1.5005e-11,1.355e-11
1.4849e-11,5.441e-11,4.9221e-11
9.4828e-12,1.5761e-11,1.3536e-11
1.3427e-11,1.9928e-11,1.8088e-11
1.1998e-11,2.3513e-11,2.3687e-11
8.8754e-12,1.4492e-11,1.2056e-11
1.1077e-11,1.4657e-11,1.3672e-11
6.55e-12,2.2851e-11,2.078e-11
1.7798e-11,4.0818e-11,3.9608e-11
1.1202e-11,3.4961e-11,3.5671e-11
1.2986e-11,1.3498e-11,1.415e-11
4.1722e-11,1.0364e-11,3.9777e-11
3.6062e-11,9.6768e-12,3.7676e-11
2.5001e-11,7.3834e-12,2.3281e-11
4.3201e-11,1.4279e-11,4.2479e-11
2.9593e-11,1.3214e-11,2.9143e-11
2.6201e-11,9.468e-12,2.5643e-11
4.1468e-11,1.5544e-11,4.1957e-11
2.3465e-11,9.2075e-12,2.2431e-11
2.0865e-11,9.8453e-12,1.9932e-11
2.1645e-11,9.4614e-12,2.1276e-11
3.1889e-11,3.0102e-11,4.4891e-11
1.6178e-11,8.4395e-12,1.9224e-11
2.224e-11,1.3158e-11,2.2161e-11
1.5201e-11,9.6526e-12,1.7019e-11
2.445e-11,1.2329e-11,2.2631e-11
2.6525e-11,1.8163e-11,3.0177e-11
2.6197e-11,1.6318e-11,2.5018e-11
1.4481e-11,1.0754e-11,1.6413e-11
2.6212e-11,3.4266e-11,3.8643e-11
1.7171e-11,1.3929e-11,2.0124e-11
1.4193e-11,5.3054e-12,1.4989e-11
2.4717e-11,2.0152e-11,3.0531e-11
1.781e-11,1.5918e-11,1.9943e-11
3.0267e-11,4.098e-11,5.4905e-11
1.2805e-11,5.6423e-12,1.4444e-11
2.5879e-11,3.146e-11,4.5076e-11
1.5283e-11,1.578e-11,1.8895e-11
2.17e-11,3.1918e-11,3.7829e-11
1.4636e-11,1.0249e-11,1.7761e-11
1.2972e-11,7.4611e-12,1.8249e-11
1.6082e-11,3.4039e-11,3.6688e-11
1.012e-11,1.2086e-11,1.8111e-11
9.7842e-12,1.3198e-11,1.2757e-11
9.9365e-12,1.3393e-11,1.4231e-11
1.1722e-11,4.0774e-11,3.9947e-11
1.0823e-11,2.1771e-11,2.2298e-11
2.8033e-11,5.3645e-11,4.576e-11
1.2677e-11,2.4079e-11,2.5356e-11
1.1016e-11,9.8274e-12,1.1869e-11
1.4468e-11,1.5478e-11,1.3492e-11
2.3102e-11,2.0197e-11,2.1174e-11
1.0151e-11,1.4766e-11,1.6642e-11
1.1521e-11,1.4734e-11,1.6807e-11
1.2083e-11,1.6641e-11,1.9947e-11
1.9551e-11,4.2223e-11,4.2439e-11
1.1387e-11,1.7031e-11,2.0409e-11
1.7404e-11,2.25e-11,2.5252e-11
1.2185e-11,1.7796e-11,2.1791e-11
3.6253e-11,1.063e-11,3.6147e-11
3.8425e-11,1.6348e-11,3.8438e-11
3.7564e-11,1.0501e-11,3.9881e-11
2.4349e-11,7.8345e-12,2.4057e-11
2.7587e-11,9.3159e-12,2.6555e-11
3.8636e-11,2.2906e-11,4.3083e-11
2.2825e-11,7.8717e-12,2.3559e-11
3.0672e-11,2.0299e-11,3.3921e-11
2.2804e-11,6.8466e-12,2.4627e-11
4.3549e-11,1.6348e-11,4.4082e-11
2.6339e-11,1.2633e-11,2.6422e-11
3.8113e-11,1.513e-11,3.9477e-11
2.103e-11,5.2162e-12,2.256e-11
3.1134e-11,1.1528e-11,3.3129e-11
2.0606e-11,8.6738e-12,2.0652e-11
2.4528e-11,1.2419e-11,2.4727e-11
2.1435e-11,1.2056e-11,2.1068e-11
1.8424e-11,6.1004e-12,1.8973e-11
5.2401e-11,3.0762e-11,5.579e-11
2.7111e-11,2.2096e-11,3.8411e-11
4.2329e-11,2.3657e-11,4.386e-11
2.4732e-11,1.1035e-11,2.5842e-11
2.3564e-11,2.2e-11,3.4012e-11
1.8199e-11,9.7107e-12,1.8546e-11
2.7841e-11,1.3354e-11,2.5387e-11
3.7534e-11,2.5141e-11,4.1103e-11
3.1252e-11,2.3805e-11,3.352e-11
1.4406e-11,8.3928e-12,1.7185e-11
1.4455e-11,1.2764e-11,1.9154e-11
1.3761e-11,1.096e-11,1.6097e-11
2.0681e-11,1.4492e-11,2.1076e-11
1.4541e-11,1.453e-11,1.788e-11
1.4533e-11,6.2156e-12,2.0769e-11
1.5573e-11,1.7591e-11,1.9373e-11
1.6647e-11,2.1201e-11,2.1204e-11
1.9178e-11,2.7675e-11,2.4796e-11
1.2974e-11,2.256e-11,2.0177e-11
1.2481e-11,2.2307e-11,1.9637e-11
2.0397e-11,3.2903e-11,2.8099e-11
1.0249e-11,1.2379e-11,1.321e-11
8.1508e-12,1.1331e-11,1.3464e-11
2.1078e-11,4.1427e-11,3.6231e-11
1.016e-11,1.2659e-11,1.4878e-11
1.3056e-11,1.2595e-11,1.5961e-11
9.381e-12,1.5184e-11,1.4991e-11
9.7218e-12,3.6977e-11,4.0498e-11
1.2983e-11,1.3792e-11,1.4592e-11
1.3902e-11,1.6383e-11,9.984e-12
1.3158e-11,1.4573e-11,1.7889e-11
4.0861e-11,8.7991e-12,4.0313e-11
3.4666e-11,1.1848e-11,3.3223e-11
3.0207e-11,1.3786e-11,3.0284e-11
2.705e-11,7.8095e-12,3.1792e-11
3.3065e-11,1.1091e-11,3.744e-11
2.6153e-11,9.7833e-12,2.7888e-11
2.5988e-11,1.0768e-11,2.4924e-11
2.6366e-11,2.2297e-11,3.3945e-11
1.7403e-11,7.9441e-12,1.9659e-11
3.6509e-11,1.6143e-11,3.5521e-11
1.9676e-11,1.8081e-11,2.8162e-11
1.8382e-11,1.6495e-11,2.3318e-11
1.7231e-11,9.4181e-12,1.7876e-11
2.3549e-11,2.6641e-11,3.5561e-11
1.6761e-11,1.1558e-11,1.7695e-11
1.618e-11,1.1262e-11,1.8026e-11
1.4063e-11,8.7507e-12,1.6049e-11
1.4206e-11,8.5146e-12,1.6482e-11
1.4849e-11,5.7039e-12,1.6076e-11
2.714e-11,3.4952e-11,3.8598e-11
1.3179e-11,5.1451e-12,1.4156e-11
2.1444e-11,2.0492e-11,2.5491e-11
2.2918e-11,3.3447e-11,3.1631e-11
1.3703e-11,9.4354e-12,1.419e-11
1.8156e-11,2.6438e-11,2.3277e-11
1.8103e-11,3.9719e-11,4.082e-11
1.1327e-11,1.8435e-11,2.3635e-11
9.6018e-12,1.3388e-11,1.1771e-11
1.4631e-11,3.1074e-11,2.7529e-11
1.8345e-11,3.5922e-11,3.2148e-11
7.9526e-12,1.8318e-11,1.5259e-11
1.5702e-11,3.3398e-11,2.9087e-11
1.1705e-11,4.0905e-11,3.9917e-11
1.1323e-11,3.9401e-11,3.8664e-11
9.4908e-12,1.4929e-11,1.4568e-11
1.3991e-11,1.2011e-11,1.1726e-11
6.9817e-12,2.5761e-11,2.4049e-11
9.8871e-12,3.6468e-11,3.7698e-11
2.9487e-11,5.4505e-11,4.5021e-11
1.0453e-11,1.5322e-11,1.3974e-11
1.2649e-11,1.867e-11,2.5177e-11
1.924e-11,3.9219e-11,3.858e-11
1.2357e-11,1.9491e-11,1.6976e-11
1.9816e-11,2.2032e-11,2.475e-11
4.0761e-11,1.1108e-11,4.0932e-11
3.8428e-11,9.2814e-12,3.8108e-11
4.2092e-11,1.6946e-11,4.3099e-11
4.2095e-11,1.7503e-11,4.3489e-11
4.2338e-11,1.5373e-11,4.3992e-11
3.3585e-11,1.3633e-11,3.327e-11
2.6751e-11,7.3268e-12,2.677e-11
2.515e-11,6.979e-12,2.6696e-11
2.9523e-11,1.5107e-11,3.0094e-11
2.015e-11,7.122e-12,1.854e-11
1.9625e-11,7.4211e-12,1.8557e-11
3.2872e-11,2.7176e-11,4.5211e-11
3.5184e-11,1.6404e-11,3.6906e-11
4.8992e-11,2.9261e-11,5.2585e-11
1.9351e-11,1.2703e-11,1.8793e-11
1.9823e-11,9.0447e-12,1.8587e-11
2.1498e-11,1.0401e-11,2.2525e-11
3.0536e-11,3.5993e-11,4.4332e-11
3.244e-11,3.8862e-11,4.6508e-11
2.1619e-11,2.4342e-11,3.1799e-11
1.6385e-11,1.0802e-11,1.8005e-11
1.5144e-11,8.2092e-12,1.7057e-11
1.6302e-11,1.732e-11,2.3062e-11
1.9412e-11,1.3661e-11,1.7519e-11
1.3649e-11,5.8746e-12,1.4304e-11
1.693e-11,1.3605e-11,1.6118e-11
2.5589e-11,3.4779e-11,3.4504e-11
1.7045e-11,1.6567e-11,2.4269e-11
9.9458e-12,1.3912e-11,1.2856e-11
8.3195e-12,1.2513e-11,1.364e-11
8.2543e-12,1.5639e-11,1.6894e-11
5.8264e-12,1.3323e-11,1.3766e-11
1.1804e-11,1.6013e-11,1.6331e-11
1.3641e-11,1.5379e-11,1.5361e-11
1.3539e-11,1.3536e-11,1.5801e-11
1.1914e-11,1.5527e-11,1.6115e-11
1.1662e-11,1.4935e-11,1.5723e-11
7.7107e-12,1.3559e-11,1.2633e-11
1.4474e-11,1.7618e-11,2.5265e-11
1.9817e-11,2.6633e-11,2.8113e-11
3.85e-11,1.1397e-11,3.7137e-11
3.6234e-11,1.2581e-11,3.6391e-11
3.1754e-11,1.1599e-11,3.6567e-11
2.4966e-11,8.0217e-12,2.3347e-11
2.9578e-11,1.2284e-11,2.8526e-11
3.7708e-11,2.4352e-11,4.2315e-11
3.1724e-11,1.8537e-11,3.518e-11
3.6394e-11,2.6366e-11,4.4734e-11
3.9373e-11,1.4973e-11,4.0529e-11
1.9408e-11,7.4016e-12,2.2646e-11
1.9241e-11,8.7208e-12,2.2842e-11
1.7077e-11,4.8046e-12,1.587e-11
2.0615e-11,1.5096e-11,2.5686e-11
1.8542e-11,1.6929e-11,2.6674e-11
3.9153e-11,3.0357e-11,4.6048e-11
3.2758e-11,3.884e-11,4.5804e-11
2.1458e-11,1.5347e-11,2.1825e-11
1.4553e-11,6.3967e-12,1.4341e-11
1.4483e-11,8.9175e-12,1.6015e-11
1.4711e-11,1.6274e-11,2.0411e-11
1.8917e-11,2.5556e-11,2.5921e-11
1.4797e-11,9.7213e-12,1.5598e-11
1.3751e-11,5.9224e-12,1.7165e-11
1.4693e-11,1.0166e-11,1.7347e-11
1.2645e-11,1.1396e-11,1.3855e-11
1.437e-11,1.535e-11,2.334e-11
1.8694e-11,3.0984e-11,2.5038e-11
2.5e-11,4.521e-11,4.0154e-11
8.7363e-12,1.6839e-11,1.3704e-11
1.0163e-11,2.7612e-11,2.731e-11
2.5508e-11,5.2861e-11,4.7204e-11
1.1094e-11,1.9736e-11,2.0841e-11
8.5947e-12,1.5747e-11,1.5667e-11
1.0357e-11,1.7147e-11,1.6634e-11
1.7098e-11,3.0998e-11,3.1946e-11
6.6822e-12,2.1912e-11,2.1255e-11
1.2085e-11,1.1885e-11,1.3213e-11
1.324e-11,1.8966e-11,2.2911e-11
7.5103e-12,1.508e-11,1.3243e-11
2.3471e-11,3.3744e-11,3.1572e-11
2.4235e-11,1.9912e-11,2.3309e-11
3.7959e-11,1.2424e-11,3.978e-11
3.5207e-11,9.6453e-12,3.3602e-11
3.3833e-11,9.488e-12,3.242e-11
4.0694e-11,1.1317e-11,4.1011e-11
3.7878e-11,1.2745e-11,3.9358e-11
2.9237e-11,7.4966e-12,2.8322e-11
3.9696e-11,1.8341e-11,4.1976e-11
3.7252e-11,1.2168e-11,4.1129e-11
2.8126e-11,7.4873e-12,2.794e-11
4.0126e-11,2.4325e-11,4.4442e-11
3.1339e-11,1.6838e-11,3.1944e-11
2.5381e-11,9.5773e-12,2.3668e-11
2.9418e-11,2.0226e-11,3.684e-11
2.2369e-11,8.1127e-12,2.1106e-11
2.414e-11,1.7284e-11,2.769e-11
4.6959e-11,2.0302e-11,4.633e-11
2.1089e-11,9.8168e-12,2.0714e-11
1.8662e-11,8.1532e-12,2.1894e-11
1.8233e-11,9.8121e-12,1.8831e-11
2.8575e-11,3.2998e-11,3.9715e-11
2.0585e-11,2.2565e-11,2.9683e-11
1.543e-11,6.3722e-12,1.5947e-11
2.8423e-11,3.2839e-11,3.8137e-11
1.4846e-11,7.8844e-12,1.732e-11
2.9474e-11,3.9486e-11,3.9749e-11
1.555e-11,1.5589e-11,1.9005e-11
1.3691e-11,5.3958e-12,1.8408e-11
1.2758e-11,6.3447e-12,1.3481e-11
1.5972e-11,2.07e-11,2.1097e-11
1.5976e-11,1.5177e-11,2.2509e-11
1.4994e-11,2.046e-11,1.9073e-11
1.3371e-11,2.2271e-11,1.7676e-11
1.0819e-11,1.3384e-11,1.2864e-11
2.2508e-11,4.9829e-11,4.8342e-11
1.0419e-11,1.5155e-11,1.3558e-11
1.3701e-11,3.1297e-11,3.182e-11
1.23e-11,1.6346e-11,1.4976e-11
9.5864e-12,1.347e-11,1.4757e-11
1.0539e-11,2.9289e-11,2.8702e-11
1.0158e-11,1.6745e-11,1.6507e-11
1.0817e-11,1.6836e-11,1.6926e-11
8.2906e-12,1.3261e-11,1.4627e-11
7.6138e-12,1.7384e-11,1.8016e-11
1.19e-11,4.0332e-11,3.9621e-11
1.0162e-11,1.5922e-11,1.8021e-11
1.3024e-11,1.7772e-11,1.4584e-11
2.3991e-11,2.1919e-11,2.1153e-11
4.1981e-11,1.4389e-11,4.4677e-11
3.586e-11,9.472e-12,3.6001e-11
3.1914e-11,8.5972e-12,3.2299e-11
3.8973e-11,1.3215e-11,4.2567e-11
4.5045e-11,1.5565e-11,4.5126e-11
2.7819e-11,1.3064e-11,2.6819e-11
2.1343e-11,4.9143e-12,1.9328e-11
3.7279e-11,3.1025e-11,4.9936e-11
2.5488e-11,1.0898e-11,2.4201e-11
2.107e-11,8.9967e-12,2.2173e-11
2.1642e-11,7.3745e-12,2.2476e-11
4.5201e-11,2.1068e-11,4.7326e-11
2.3782e-11,1.3599e-11,2.3543e-11
2.1078e-11,9.1246e-12,1.968e-11
2.0721e-11,8.6223e-12,2.4304e-11
3.1585e-11,1.4019e-11,3.3217e-11
3.4177e-11,3.2243e-11,4.8312e-11
1.7571e-11,8.6034e-12,2.0843e-11
3.4897e-11,3.6693e-11,5.0755e-11
4.4419e-11,3.1194e-11,5.2818e-11
3.6289e-11,3.7892e-11,5.1822e-11
2.2652e-11,2.3595e-11,3.2038e-11
3.7763e-11,3.5651e-11,4.9306e-11
1.8231e-11,9.7467e-12,1.9591e-11
2.9113e-11,2.2708e-11,3.2179e-11
1.4969e-11,7.3953e-12,1.6594e-11
1.7277e-11,1.2921e-11,1.9545e-11
1.3288e-11,5.3682e-12,1.4357e-11
1.4982e-11,8.7623e-12,1.5373e-11
1.344e-11,9.3219e-12,1.5524e-11
2.1491e-11,4.5782e-11,4.7383e-11
1.3602e-11,2.4513e-11,1.8863e-11
2.6866e-11,5.019e-11,4.4467e-11
2.2789e-11,4.4485e-11,3.8783e-11
1.0698e-11,1.9387e-11,1.5863e-11
1.0547e-11,1.8543e-11,1.4797e-11
9.3867e-12,1.7549e-11,1.4551e-11
9.6712e-12,3.3492e-11,3.2192e-11
1.4745e-11,2.3063e-11,2.2014e-11
9.3743e-12,1.5093e-11,1.3719e-11
2.304e-11,3.8133e-11,3.3616e-11
1.3999e-11,1.1933e-11,1.7538e-11
1.1069e-11,1.1209e-11,1.1846e-11
1.2139e-11,1.8948e-11,1.3384e-11
2.9006e-11,5.5957e-11,5.0499e-11
6.0936e-12,1.4547e-11,1.1713e-11
1.584e-11,2.3343e-11,2.7164e-11
2.3452e-11,3.6953e-11,3.42e-11
1.0549e-11,1.2231e-11,1.0277e-11
1.7438e-11,1.6612e-11,1.9547e-11
4.0243e-11,1.1936e-11,3.9453e-11
4.1633e-11,1.3372e-11,4.3722e-11
3.7383e-11,9.8216e-12,3.7807e-11
3.9838e-11,1.5107e-11,4.0851e-11
3.5816e-11,1.0466e-11,3.4473e-11
3.4979e-11,9.369e-12,3.6513e-11
3.2783e-11,1.3595e-11,3.1084e-11
2.8534e-11,9.7081e-12,2.8278e-11
3.4421e-11,1.1601e-11,3.7806e-11
3.79e-11,2.104e-11,4.1375e-11
2.2113e-11,5.3757e-12,1.9899e-11
2.3915e-11,7.9182e-12,2.6697e-11
2.9401e-11,1.3005e-11,3.2161e-11
3.4331e-11,1.2418e-11,3.6249e-11
2.1318e-11,1.1327e-11,2.234e-11
2.0831e-11,7.4155e-12,1.8363e-11
2.0201e-11,7.3238e-12,1.9724e-11
2.8002e-11,1.3479e-11,2.9172e-11
1.7834e-11,1.0815e-11,1.832e-11
1.8057e-11,1.0762e-11,1.897e-11
3.6562e-11,1.9562e-11,3.7481e-11
4.8319e-11,3.1694e-11,5.3074e-11
3.2723e-11,3.4144e-11,4.6869e-11
1.6899e-11,8.8365e-12,1.7377e-11
1.751e-11,1.077e-11,2.0146e-11
2.0969e-11,1.1583e-11,2.1597e-11
2.9294e-11,1.7659e-11,2.7705e-11
3.5684e-11,3.4391e-11,4.8111e-11
1.852e-11,1.2142e-11,1.8513e-11
2.0479e-11,2.2831e-11,2.777e-11
1.6443e-11,1.5114e-11,2.0325e-11
1.482e-11,8.8528e-12,1.8274e-11
2.3938e-11,2.9167e-11,3.0067e-11
1.634e-11,8.2992e-12,1.6809e-11
1.5463e-11,1.0999e-11,1.6427e-11
2.1993e-11,3.1838e-11,3.0108e-11
1.3087e-11,7.7806e-12,1.7546e-11
1.6528e-11,1.9653e-11,2.7292e-11
2.8643e-11,4.1787e-11,3.8809e-11
1.4871e-11,2.3945e-11,2.9452e-11
8.693e-12,1.5693e-11,1.3174e-11
9.5505e-12,2.1113e-11,1.7108e-11
8.9835e-12,1.673e-11,1.4831e-11
1.0512e-11,1.8982e-11,1.6274e-11
1.2165e-11,3.3906e-11,3.5559e-11
2.8108e-11,5.4431e-11,4.6357e-11
9.3901e-12,1.4149e-11,1.1883e-11
1.2394e-11,1.5695e-11,1.253e-11
1.2636e-11,1.7443e-11,1.7722e-11
2.4985e-11,4.158e-11,3.6602e-11
1.7006e-11,1.6527e-11,1.5979e-11
1.0836e-11,1.2406e-11,1.131e-11
1.5655e-11,1.5879e-11,1.6021e-11
1.4277e-11,1.7042e-11,2.4823e-11
9.4213e-12,1.6966e-11,1.3771e-11
1.3481e-11,1.5134e-11,1.6107e-11
3.8348e-11,1.0219e-11,3.8828e-11
2.9294e-11,8.8544e-12,3.1726e-11
3.2082e-11,1.1017e-11,3.2461e-11
3.2804e-11,1.2543e-11,3.3046e-11
3.2514e-11,9.0533e-12,3.4573e-11
2.4523e-11,6.8346e-12,2.5366e-11
3.8415e-11,2.8494e-11,4.933e-11
2.4859e-11,9.373e-12,2.3274e-11
4.3964e-11,1.9144e-11,4.5261e-11
2.3011e-11,9.7236e-12,2.583e-11
3.4474e-11,3.2191e-11,4.9061e-11
1.8602e-11,1.0036e-11,2.0662e-11
3.1885e-11,1.4833e-11,3.3089e-11
4.4821e-11,2.9462e-11,4.9477e-11
1.9563e-11,1.2005e-11,2.0585e-11
1.5693e-11,6.4764e-12,1.5512e-11
2.5179e-11,2.4975e-11,3.4773e-11
1.662e-11,1.4586e-11,2.0265e-11
1.6232e-11,1.1204e-11,1.7907e-11
1.4549e-11,8.9358e-12,1.5648e-11
1.5731e-11,7.8758e-12,1.727e-11
1.4629e-11,8.0132e-12,1.5806e-11
1.5314e-11,9.2715e-12,1.6901e-11
1.8541e-11,1.3655e-11,1.742e-11
1.4384e-11,7.2745e-12,1.45e-11
2.0055e-11,2.3197e-11,2.3926e-11
1.2834e-11,7.3211e-12,1.4593e-11
2.8092e-11,3.6951e-11,3.6414e-11
1.2991e-11,9.2335e-12,1.4493e-11
1.7027e-11,2.1059e-11,2.6497e-11
2.6072e-11,4.0092e-11,3.7339e-11
2.3975e-11,4.0578e-11,3.5607e-11
1.2444e-11,1.2942e-11,1.3881e-11
2.6303e-11,4.8148e-11,4.279e-11
2.0988e-11,4.16e-11,3.5344e-11
1.0982e-11,1.5659e-11,1.4654e-11
1.3095e-11,1.4986e-11,1.5681e-11
2.0283e-11,3.5437e-11,3.3049e-11
8.2354e-12,1.5087e-11,1.6372e-11
7.505e-12,1.4036e-11,1.5291e-11
1.3697e-11,1.8032e-11,1.3546e-11
1.4872e-11,2.2479e-11,2.4115e-11
8.4424e-12,1.4088e-11,1.3313e-11
7.113e-12,1.3323e-11,1.1216e-11
2.959e-11,4.8801e-11,4.3572e-11
1.267e-11,1.4949e-11,1.966e-11
3.8768e-11,1.1808e-11,3.9942e-11
3.5576e-11,9.8006e-12,3.6065e-11
3.9149e-11,1.2447e-11,3.8208e-11
4.2166e-11,1.8129e-11,4.4882e-11
3.341e-11,1.0513e-11,3.4423e-11
3.0053e-11,8.6464e-12,3.0665e-11
3.8237e-11,1.9331e-11,3.9173e-11
3.3976e-11,1.3562e-11,3.3518e-11
3.074e-11,1.0979e-11,3.4728e-11
3.0492e-11,1.4934e-11,3.2129e-11
4.016e-11,2.1513e-11,4.1211e-11
1.7824e-11,1.0074e-11,1.7362e-11
4.5961e-11,3.2481e-11,5.5895e-11
3.5418e-11,3.9649e-11,5.0394e-11
2.0431e-11,1.1787e-11,2.0578e-11
3.597e-11,2.5101e-11,4.0631e-11
3.243e-11,3.7663e-11,4.3959e-11
1.9691e-11,1.2803e-11,2.0459e-11
1.5898e-11,8.8137e-12,1.4291e-11
2.8736e-11,2.4741e-11,3.4463e-11
1.4467e-11,1.0243e-11,1.6193e-11
1.4414e-11,1.1004e-11,1.6978e-11
3.4937e-11,4.542e-11,4.6021e-11
1.3872e-11,9.3278e-12,1.5238e-11
1.248e-11,9.5377e-12,1.3821e-11
1.596e-11,1.0117e-11,1.4764e-11
1.4876e-11,1.973e-11,1.9008e-11
1.5382e-11,1.6419e-11,1.9293e-11
1.2289e-11,1.5043e-11,1.6527e-11
1.6452e-11,2.9179e-11,2.3558e-11
1.038e-11,1.4514e-11,1.3454e-11
1.9586e-11,3.5551e-11,2.9167e-11
1.0371e-11,1.2401e-11,1.5551e-11
1.1375e-11,1.4244e-11,1.3766e-11
1.1213e-11,1.6493e-11,1.5154e-11
9.1916e-12,1.4335e-11,1.7726e-11
7.8176e-12,1.636e-11,1.6885e-11
2.1676e-11,3.3688e-11,2.951e-11
6.0372e-12,1.4318e-11,1.3642e-11
6.9818e-12,1.4148e-11,1.4731e-11
1.462e-11,1.2853e-11,1.722e-11
8.5925e-12,3.6179e-11,4.028e-11
8.3816e-12,1.5631e-11,1.6922e-11
1.3255e-11,1.3377e-11,1.0595e-11
1.4173e-11,1.9143e-11,2.429e-11
1.5091e-11,1.5733e-11,1.6643e-11
1.6398e-11,2.321e-11,2.6364e-11
1.4292e-11,1.8475e-11,2.4417e-11
1.4982e-11,1.344e-11,1.7952e-11
2.0714e-11,3.2711e-11,3.6889e-11
4.3635e-11,1.235e-11,4.334e-11
4.0462e-11,1.0718e-11,3.9761e-11
4.2156e-11,1.2007e-11,4.2422e-11
4.5116e-11,1.3776e-11,4.2599e-11
4.2345e-11,1.3718e-11,4.0094e-11
2.745e-11,7.8078e-12,2.6914e-11
3.3202e-11,1.2237e-11,3.4929e-11
4.4553e-11,1.8036e-11,4.5301e-11
1.9819e-11,6.2697e-12,1.9596e-11
2.1272e-11,9.0295e-12,2.5517e-11
3.185e-11,1.57e-11,3.3621e-11
3.0463e-11,1.4037e-11,3.2164e-11
3.2308e-11,2.731e-11,4.3741e-11
2.5899e-11,2.165e-11,3.2134e-11
1.8627e-11,7.1313e-12,1.8716e-11
1.8179e-11,8.7054e-12,2.0923e-11
1.831e-11,9.1526e-12,2.1621e-11
3.4724e-11,3.731e-11,4.8234e-11
1.5333e-11,5.5714e-12,1.4327e-11
1.6647e-11,7.5086e-12,1.6834e-11
1.8793e-11,9.487e-12,1.4765e-11
1.7501e-11,1.6388e-11,2.1399e-11
1.5152e-11,8.3014e-12,1.5684e-11
1.7549e-11,1.724e-11,2.0377e-11
1.4723e-11,8.5974e-12,1.6485e-11
1.3438e-11,6.4482e-12,1.551e-11
2.0255e-11,1.6889e-11,2.0558e-11
1.464e-11,8.2554e-12,1.8306e-11
1.4833e-11,1.1135e-11,1.5147e-11
2.6371e-11,3.2331e-11,3.2447e-11
1.7658e-11,1.3829e-11,1.6757e-11
1.7941e-11,1.415e-11,1.7702e-11
2.2091e-11,1.9066e-11,2.7551e-11
1.4239e-11,1.915e-11,1.6397e-11
1.9885e-11,1.8357e-11,2.696e-11
1.7341e-11,2.513e-11,2.1438e-11
2.757e-11,5.153e-11,5.7867e-11
1.7772e-11,2.0239e-11,2.67e-11
1.2375e-11,1.5725e-11,1.5639e-11
1.027e-11,1.5524e-11,1.4124e-11
2.6298e-11,5.2174e-11,5.5503e-11
1.6853e-11,3.0832e-11,2.4176e-11
1.1056e-11,1.9231e-11,1.3404e-11
1.3484e-11,3.2688e-11,3.393e-11
1.6972e-11,5.0037e-11,4.6906e-11
2.3253e-11,4.2808e-11,3.6591e-11
9.5831e-12,1.3342e-11,1.3841e-11
2.0035e-11,3.6893e-11,3.1301e-11
2.044e-11,3.9718e-11,3.5404e-11
1.0773e-11,1.7336e-11,1.5838e-11
1.0193e-11,1.524e-11,1.356e-11
2.1152e-11,2.899e-11,3.127e-11
2.0263e-11,3.1092e-11,3.4008e-11
8.0874e-12,4.6112e-11,4.8165e-11
1.6392e-11,2.7403e-11,3.0502e-11
8.2063e-12,1.2716e-11,1.2129e-11
7.8126e-12,1.4672e-11,1.5732e-11
5.7247e-12,1.3111e-11,1.4195e-11
2.1534e-11,3.5323e-11,3.8158e-11
2.3348e-11,2.8888e-11,3.0714e-11
2.146e-11,3.3268e-11,3.6568e-11
1.1076e-11,1.2407e-11,1.5197e-11
4.59e-11,1.2465e-11,4.4309e-11
2.8196e-11,8.3962e-12,2.912e-11
4.1707e-11,2.0575e-11,4.2751e-11
3.9672e-11,1.4016e-11,4.2145e-11
3.212e-11,1.0116e-11,3.2361e-11
2.863e-11,9.2826e-12,2.8882e-11
2.8516e-11,9.029e-12,2.9803e-11
4.302e-11,1.5858e-11,4.2846e-11
2.643e-11,7.6193e-12,2.5804e-11
2.127e-11,7.6274e-12,2.1717e-11
2.6393e-11,2.0679e-11,3.1066e-11
1.6926e-11,1.1904e-11,1.7692e-11
1.7073e-11,1.3516e-11,1.6996e-11
1.3498e-11,9.4261e-12,1.4071e-11
1.8841e-11,1.6485e-11,1.8724e-11
1.2831e-11,1.0258e-11,1.4531e-11
1.3982e-11,9.4612e-12,1.5338e-11
2.1625e-11,2.6133e-11,3.5624e-11
2.5745e-11,2.9104e-11,3.9733e-11
3.074e-11,4.5589e-11,5.5055e-11
3.0053e-11,4.1414e-11,3.7911e-11
1.3108e-11,1.6817e-11,2.1834e-11
1.7122e-11,3.4601e-11,2.768e-11
1.2359e-11,2.5384e-11,1.9715e-11
1.0901e-11,1.7044e-11,1.3744e-11
1.6548e-11,2.8342e-11,2.3541e-11
1.7456e-11,3.1002e-11,2.7864e-11
7.134e-12,2.4739e-11,2.4693e-11
1.2079e-11,1.1389e-11,1.0081e-11
1.5404e-11,2.0753e-11,2.3017e-11
7.7542e-12,3.1952e-11,3.5583e-11
1.4419e-11,1.9956e-11,2.1845e-11
5.6603e-12,1.3933e-11,1.4276e-11
2.8912e-11,4.4746e-11,4.2742e-11
1.347e-11,1.487e-11,1.2038e-11
1.427e-11,1.085e-11,1.3507e-11
1.457e-11,1.7779e-11,2.1171e-11
1.5817e-11,1.6646e-11,1.8419e-11
2.3201e-11,2.7768e-11,3.0587e-11
4.3434e-11,1.49e-11,4.5134e-11
3.2019e-11,1.2065e-11,3.4386e-11
3.0202e-11,1.7796e-11,3.0712e-11
2.4651e-11,7.4144e-12,2.3966e-11
2.4922e-11,1.0764e-11,2.789e-11
2.3386e-11,1.2105e-11,2.5633e-11
1.968e-11,8.8225e-12,2.2452e-11
2.1036e-11,8.9632e-12,2.4818e-11
1.8553e-11,1.0094e-11,1.7324e-11
1.799e-11,8.7991e-12,1.6911e-11
2.1468e-11,1.983e-11,2.8024e-11
1.8353e-11,1.3474e-11,2.007e-11
2.3733e-11,1.3513e-11,2.4682e-11
1.6285e-11,1.1465e-11,1.7746e-11
2.617e-11,2.1749e-11,2.6596e-11
2.4231e-11,1.9962e-11,2.4455e-11
1.4643e-11,9.1735e-12,1.5405e-11
1.7395e-11,1.3493e-11,1.6899e-11
1.5107e-11,1.2022e-11,1.6363e-11
1.3815e-11,1.0349e-11,1.4308e-11
1.8513e-11,1.8178e-11,2.5504e-11
1.4915e-11,1.3836e-11,1.5961e-11
1.987e-11,3.1621e-11,2.5132e-11
2.7357e-11,5.3676e-11,5.6749e-11
1.3035e-11,1.3745e-11,1.4211e-11
1.7939e-11,3.2333e-11,3.4893e-11
2.0277e-11,3.8922e-11,4.1907e-11
1.9077e-11,3.3892e-11,2.7163e-11
1.3217e-11,1.8743e-11,1.3681e-11
1.8678e-11,1.7296e-11,1.3538e-11
9.5383e-12,1.3484e-11,1.394e-11
1.7425e-11,2.9343e-11,2.2278e-11
1.2689e-11,2.2104e-11,1.6086e-11
1.5389e-11,1.75e-11,1.7092e-11
2.939e-11,5.318e-11,4.5826e-11
3.1191e-11,5.7786e-11,5.1558e-11
1.9305e-11,2.5036e-11,2.0337e-11
1.3713e-11,2.621e-11,2.1188e-11
3.2486e-11,6.2018e-11,5.6196e-11
2.1818e-11,3.4466e-11,2.9174e-11
1.0096e-11,1.4249e-11,1.3953e-11
2.2046e-11,4.3052e-11,4.0457e-11
3.2319e-11,5.8247e-11,5.3347e-11
2.0765e-11,3.2424e-11,3.811e-11
8.5471e-12,1.537e-11,1.1451e-11
6.8146e-12,1.4993e-11,1.5812e-11
2.3231e-11,3.1847e-11,3.5006e-11
3.8453e-11,1.1767e-11,3.9124e-11
4.4908e-11,1.2662e-11,4.3819e-11
4.4042e-11,1.7226e-11,4.6811e-11
3.468e-11,1.2115e-11,3.5417e-11
4.0064e-11,1.5247e-11,3.9567e-11
3.2729e-11,1.0208e-11,3.1621e-11
3.137e-11,1.1155e-11,3.0703e-11
3.3891e-11,1.2579e-11,3.585e-11
3.5168e-11,1.4551e-11,3.7822e-11
2.937e-11,8.7616e-12,3.0766e-11
2.4579e-11,7.8064e-12,2.4268e-11
3.1029e-11,1.5731e-11,3.2606e-11
2.5511e-11,2.0232e-11,3.0599e-11
2.2442e-11,9.393e-12,2.6456e-11
1.7696e-11,6.1725e-12,1.6774e-11
2.9185e-11,1.5649e-11,3.0294e-11
3.197e-11,3.3364e-11,4.3699e-11
1.7843e-11,7.2752e-12,1.68e-11
1.7147e-11,6.7169e-12,1.578e-11
3.6107e-11,3.5868e-11,4.9988e-11
3.4861e-11,4.0688e-11,4.4079e-11
2.9971e-11,3.2902e-11,3.8084e-11
1.4979e-11,8.5319e-12,1.4678e-11
2.2041e-11,2.3499e-11,2.757e-11
1.8632e-11,1.5346e-11,1.8291e-11
2.2491e-11,2.4656e-11,2.76e-11
2.5958e-11,2.3697e-11,3.0386e-11
3.667e-11,4.5847e-11,4.7639e-11
1.3929e-11,8.9556e-12,1.5936e-11
2.4765e-11,2.9648e-11,2.9288e-11
1.7935e-11,1.8031e-11,1.7888e-11
1.5935e-11,1.8717e-11,1.6462e-11
1.4944e-11,9.9276e-12,2.0581e-11
2.1856e-11,2.8674e-11,2.439e-11
1.4533e-11,2.1545e-11,1.7261e-11
1.3626e-11,1.9174e-11,1.5989e-11
1.0744e-11,1.6291e-11,1.3525e-11
1.6103e-11,1.6784e-11,2.085e-11
1.926e-11,3.1492e-11,2.6515e-11
1.6928e-11,2.7008e-11,2.6812e-11
1.4192e-11,3.5879e-11,3.5894e-11
1.0085e-11,1.6373e-11,1.3738e-11
1.6962e-11,2.8885e-11,2.5664e-11
1.2345e-11,1.9254e-11,1.8223e-11
7.5713e-12,1.8811e-11,1.834e-11
7.302e-12,2.1054e-11,2.0251e-11
1.303e-11,1.2223e-11,1.1569e-11
6.2894e-12,3.9962e-11,4.2621e-11
1.8383e-11,2.2969e-11,2.3962e-11
1.5751e-11,1.3437e-11,1.3237e-11
1.6899e-11,1.3184e-11,1.5853e-11
1.0493e-11,1.3241e-11,1.6056e-11
2.3941e-11,3.4116e-11,3.6957e-11
4.1871e-11,1.4223e-11,4.4134e-11
3.9808e-11,1.1244e-11,3.8511e-11
3.8403e-11,1.1791e-11,3.8832e-11
4.1514e-11,1.4686e-11,4.2424e-11
4.4883e-11,1.8563e-11,4.7086e-11
2.9178e-11,1.0152e-11,3.0301e-11
3.0637e-11,1.1252e-11,2.9655e-11
3.2759e-11,1.567e-11,3.3574e-11
4.1034e-11,1.6337e-11,4.2733e-11
2.6264e-11,8.0647e-12,2.5973e-11
2.6655e-11,6.4531e-12,2.3589e-11
2.158e-11,7.022e-12,2.0003e-11
4.0312e-11,1.7313e-11,4.3138e-11
4.4132e-11,1.8991e-11,4.5636e-11
2.72e-11,1.4366e-11,2.8771e-11
3.4514e-11,1.6418e-11,3.6159e-11
1.8713e-11,8.9115e-12,1.6613e-11
1.8909e-11,7.7225e-12,1.7493e-11
1.9921e-11,1.8279e-11,2.1082e-11
1.8051e-11,8.1364e-12,1.6203e-11
1.8992e-11,1.1778e-11,2.0054e-11
1.6773e-11,6.6385e-12,1.5958e-11
1.6809e-11,1.0981e-11,1.7254e-11
2.0717e-11,2.015e-11,2.7564e-11
3.7836e-11,3.5948e-11,5.1262e-11
2.4572e-11,1.642e-11,2.5788e-11
1.9507e-11,1.4126e-11,2.0257e-11
2.5084e-11,2.1357e-11,2.528e-11
2.835e-11,3.2668e-11,3.5246e-11
1.8719e-11,1.4735e-11,1.8788e-11
1.323e-11,6.9038e-12,1.3606e-11
2.0671e-11,2.3254e-11,2.9451e-11
2.3904e-11,3.8151e-11,4.6374e-11
1.4742e-11,1.5135e-11,1.4685e-11
1.5264e-11,2.8507e-11,2.7251e-11
1.2631e-11,5.3588e-11,5.1897e-11
1.7393e-11,2.9669e-11,2.4815e-11
1.5762e-11,2.0413e-11,1.7594e-11
1.2966e-11,1.5363e-11,1.2599e-11
2.1828e-11,3.4984e-11,3.4115e-11
3.1163e-11,4.4889e-11,4.3821e-11
3.5202e-11,1.2349e-11,3.5201e-11
4.1873e-11,1.3202e-11,3.9931e-11
3.7311e-11,1.5222e-11,3.9383e-11
2.5494e-11,1.1271e-11,2.3889e-11
2.9328e-11,1.2586e-11,2.9273e-11
3.7674e-11,2.6902e-11,4.3104e-11
2.7413e-11,1.0941e-11,2.7083e-11
2.3474e-11,9.3691e-12,2.3188e-11
2.5754e-11,1.1576e-11,2.8241e-11
4.12e-11,2.1346e-11,4.5002e-11
3.7884e-11,1.8615e-11,4.1811e-11
2.052e-11,1.0959e-11,1.9915e-11
2.9072e-11,1.6178e-11,3.0335e-11
2.1868e-11,1.8044e-11,2.6755e-11
3.9308e-11,3.1641e-11,4.8164e-11
2.1824e-11,2.1424e-11,2.8884e-11
3.2846e-11,2.6428e-11,3.7054e-11
2.0349e-11,1.9451e-11,2.617e-11
1.6765e-11,8.0752e-12,1.9469e-11
1.5299e-11,8.4342e-12,1.4193e-11
1.6895e-11,9.5688e-12,1.6834e-11
2.9269e-11,2.9761e-11,4.2092e-11
2.1838e-11,1.8877e-11,2.0688e-11
3.4822e-11,4.5933e-11,4.4244e-11
2.925e-11,3.6327e-11,4.5796e-11
1.9634e-11,2.1574e-11,2.7377e-11
1.6225e-11,2.128e-11,1.9325e-11
2.2468e-11,2.9123e-11,3.7872e-11
2.505e-11,3.8023e-11,3.1505e-11
1.3727e-11,1.4725e-11,1.4767e-11
1.2754e-11,1.9166e-11,1.38e-11
3.0578e-11,5.6725e-11,4.872e-11
2.1945e-11,4.1111e-11,3.4695e-11
1.3892e-11,1.9596e-11,1.4611e-11
1.5242e-11,2.7343e-11,2.602e-11
7.8061e-12,1.2729e-11,1.116e-11
1.63e-11,1.3145e-11,1.1841e-11
7.128e-12,2.0042e-11,2.1485e-11
2.346e-11,2.8878e-11,3.2226e-11
1.4391e-11,1.3708e-11,1.3867e-11
9.9878e-12,1.7003e-11,1.7432e-11
1.5915e-11,1.3778e-11,1.2957e-11
3.2576e-11,4.9608e-11,4.7213e-11
1.5092e-11,1.3538e-11,1.3893e-11
3.4764e-11,5.3929e-11,5.0661e-11
6.9519e-12,1.6642e-11,1.3856e-11
1.6215e-11,1.3599e-11,1.5497e-11
4.1177e-11,1.3434e-11,4.3267e-11
4.7601e-11,1.3258e-11,4.5651e-11
3.8063e-11,1.2022e-11,3.8939e-11
4.2868e-11,2.116e-11,4.2469e-11
3.132e-11,8.8792e-12,2.8527e-11
3.2355e-11,1.1963e-11,3.0789e-11
2.875e-11,8.1712e-12,2.6004e-11
3.1282e-11,1.258e-11,3.0534e-11
2.5574e-11,9.435e-12,2.3788e-11
2.905e-11,1.0261e-11,3.1402e-11
3.0897e-11,1.2148e-11,3.3871e-11
3.8099e-11,1.5818e-11,4.0556e-11
2.8901e-11,1.1359e-11,3.1012e-11
1.9252e-11,7.497e-12,1.8314e-11
2.1305e-11,8.3806e-12,2.0774e-11
2.0451e-11,8.4861e-12,2.3327e-11
4.2073e-11,2.3905e-11,4.6298e-11
1.9085e-11,7.2786e-12,1.8199e-11
1.8814e-11,1.2057e-11,1.8248e-11
1.7484e-11,1.0436e-11,1.6115e-11
3.1351e-11,3.1792e-11,4.1268e-11
1.7113e-11,9.1127e-12,1.8736e-11
2.0883e-11,1.9454e-11,2.6578e-11
1.6787e-11,7.8503e-12,1.7354e-11
1.5433e-11,9.2538e-12,1.4211e-11
2.4065e-11,2.2804e-11,2.4447e-11
1.4997e-11,9.3806e-12,1.5887e-11
3.8218e-11,4.7322e-11,4.5784e-11
1.45e-11,7.8565e-12,1.5404e-11
1.818e-11,1.5194e-11,1.7889e-11
1.4916e-11,8.6631e-12,1.6062e-11
2.1486e-11,2.2955e-11,2.8174e-11
2.9248e-11,4.1096e-11,5.4218e-11
3.5523e-11,4.9107e-11,4.4332e-11
1.3096e-11,1.4323e-11,1.3463e-11
1.5395e-11,1.7537e-11,2.0799e-11
1.3848e-11,2.0037e-11,2.5191e-11
1.8124e-11,2.608e-11,2.6908e-11
1.9162e-11,3.3159e-11,2.4378e-11
1.6764e-11,5.1348e-11,4.997e-11
1.0805e-11,4.1993e-11,4.1398e-11
1.3588e-11,1.6093e-11,1.3701e-11
3.3172e-11,4.8283e-11,4.4181e-11
1.3402e-11,1.023e-11,9.5884e-12
8.1149e-12,1.3738e-11,1.172e-11
1.255e-11,1.629e-11,1.8183e-11
6.6391e-12,1.19e-11,1.0966e-11
6.7295e-12,1.6534e-11,1.4834e-11
1.9077e-11,2.1534e-11,2.5566e-11
3.515e-11,1.1055e-11,3.4749e-11
4.2572e-11,2.0258e-11,4.1603e-11
3.7573e-11,1.5099e-11,3.8707e-11
3.7097e-11,1.491e-11,3.8074e-11
4.2848e-11,1.6451e-11,4.4288e-11
2.6335e-11,8.9504e-12,2.5464e-11
3.2651e-11,1.6342e-11,3.2103e-11
2.8315e-11,9.4633e-12,2.8453e-11
2.8143e-11,1.1398e-11,2.7287e-11
2.6367e-11,1.0281e-11,2.7743e-11
3.4354e-11,2.8705e-11,4.4171e-11
2.7332e-11,1.2832e-11,2.8947e-11
1.8634e-11,9.8831e-12,1.8852e-11
2.3188e-11,1.1897e-11,2.3856e-11
3.0854e-11,2.2183e-11,3.4946e-11
1.83e-11,1.4265e-11,1.8688e-11
1.6227e-11,8.4971e-12,1.8937e-11
3.2299e-11,2.771e-11,3.6574e-11
1.5862e-11,9.4471e-12,1.5083e-11
1.5222e-11,8.7322e-12,1.5374e-11
2.3787e-11,2.0745e-11,2.4928e-11
3.494e-11,4.0352e-11,4.2045e-11
1.4879e-11,7.4058e-12,1.4491e-11
1.4424e-11,8.9712e-12,1.5259e-11
3.0038e-11,3.2404e-11,4.216e-11
1.6492e-11,1.3437e-11,1.5688e-11
1.3739e-11,1.0458e-11,1.306e-11
1.811e-11,1.5224e-11,1.7379e-11
2.9252e-11,4.0608e-11,5.1419e-11
1.6042e-11,2.0232e-11,1.9075e-11
3.6951e-11,5.2036e-11,4.7354e-11
1.6434e-11,1.7801e-11,2.0674e-11
2.3851e-11,3.2901e-11,3.7532e-11
2.9116e-11,5.292e-11,4.4204e-11
1.1134e-11,1.3107e-11,1.2511e-11
1.2011e-11,2.5239e-11,2.6898e-11
1.614e-11,2.1852e-11,1.6467e-11
3.4729e-11,6.3672e-11,5.5375e-11
1.3903e-11,2.1432e-11,1.7296e-11
9.6421e-12,1.969e-11,1.3499e-11
9.0649e-12,3.2488e-11,3.3063e-11
9.8054e-12,5.0134e-11,4.9616e-11
3.4115e-11,6.1821e-11,5.5002e-11
1.0781e-11,1.5941e-11,1.1936e-11
1.3936e-11,1.6915e-11,1.4527e-11
7.1637e-12,1.5021e-11,1.4755e-11
8.0569e-12,1.3964e-11,1.162e-11
1.228e-11,1.2123e-11,9.772e-12
6.9655e-12,1.6916e-11,1.6011e-11
7.2051e-12,2.154e-11,2.2214e-11
2.5779e-11,3.8554e-11,4.173e-11
2.7805e-11,3.9719e-11,4.0305e-11
2.3006e-11,2.3613e-11,2.5473e-11
2.1722e-11,2.1764e-11,2.5127e-11
1.0697e-11,1.4972e-11,1.0556e-11
4.131e-11,1.4243e-11,4.2124e-11
3.1879e-11,9.5158e-12,3.1394e-11
3.1898e-11,9.1375e-12,2.9949e-11
4.1391e-11,2.9896e-11,4.5804e-11
4.2631e-11,3.4475e-11,5.1352e-11
2.3583e-11,1.0601e-11,2.4987e-11
3.843e-11,1.9369e-11,4.2342e-11
2.7987e-11,1.2862e-11,2.9834e-11
3.9122e-11,2.3567e-11,4.3163e-11
3.0975e-11,1.7564e-11,3.1918e-11
1.8006e-11,7.8063e-12,1.6986e-11
1.9006e-11,9.9475e-12,1.933e-11
2.011e-11,9.9191e-12,2.2998e-11
2.5688e-11,1.6331e-11,2.7075e-11
2.8512e-11,2.6269e-11,3.3572e-11
2.3287e-11,2.2707e-11,2.9379e-11
2.0169e-11,1.345e-11,2.161e-11
3.0548e-11,3.1758e-11,3.8485e-11
1.8365e-11,1.3756e-11,1.9546e-11
1.8805e-11,1.4928e-11,1.8034e-11
3.5012e-11,4.2035e-11,3.9801e-11
2.946e-11,3.9267e-11,3.629e-11
1.9747e-11,2.7008e-11,2.3802e-11
2.5339e-11,3.7372e-11,4.6012e-11
1.4153e-11,1.724e-11,1.594e-11
1.8353e-11,2.5917e-11,1.926e-11
1.1123e-11,1.6954e-11,1.2751e-11
1.5688e-11,2.16e-11,1.6547e-11
1.2523e-11,1.8587e-11,1.2879e-11
2.6842e-11,4.5097e-11,3.7335e-11
1.5981e-11,1.8382e-11,1.4654e-11
1.7049e-11,1.7703e-11,1.4939e-11
1.5812e-11,1.4606e-11,1.491e-11
9.8812e-12,3.2066e-11,3.2374e-11
2.4787e-11,4.0509e-11,3.7552e-11
3.5838e-11,5.7091e-11,5.0841e-11
8.5953e-12,1.6224e-11,1.2866e-11
6.3009e-12,3.7272e-11,3.8917e-11
6.7421e-12,4.5309e-11,4.6699e-11
6.5066e-12,1.1965e-11,1.2777e-11
1.9744e-11,2.2979e-11,2.3173e-11
1.2706e-11,1.7481e-11,1.7295e-11
7.7581e-12,1.4871e-11,1.9566e-11
9.4826e-12,1.7597e-11,1.7073e-11
1.5184e-11,1.1378e-11,9.9825e-12
2.9231e-11,3.5189e-11,3.6979e-11
2.926e-11,3.4623e-11,3.6646e-11
4.2462e-11,1.1148e-11,4.1438e-11
3.8013e-11,1.286e-11,3.4123e-11
3.0737e-11,8.0552e-12,2.8983e-11
2.8941e-11,7.4873e-12,2.6776e-11
2.7481e-11,1.1762e-11,2.6038e-11
2.6913e-11,1.0545e-11,2.8143e-11
3.1793e-11,1.2799e-11,3.3519e-11
2.0907e-11,9.3408e-12,2.2148e-11
2.3961e-11,2.1835e-11,2.85e-11
1.8905e-11,8.4125e-12,1.6385e-11
1.7446e-11,1.0522e-11,1.7978e-11
2.4338e-11,1.4229e-11,2.5467e-11
3.556e-11,3.2455e-11,4.5324e-11
1.602e-11,8.0695e-12,1.9433e-11
3.3236e-11,3.3614e-11,4.9028e-11
1.5656e-11,7.9431e-12,1.789e-11
2.6322e-11,2.9526e-11,3.0742e-11
3.1331e-11,3.318e-11,4.0864e-11
1.6091e-11,1.3162e-11,1.8676e-11
1.6858e-11,1.7046e-11,1.6629e-11
1.7732e-11,2.0953e-11,1.8465e-11
1.6463e-11,1.9604e-11,2.0814e-11
2.438e-11,3.0926e-11,3.3839e-11
2.441e-11,3.4472e-11,3.6603e-11
1.4503e-11,2.1552e-11,2.4646e-11
3.4716e-11,6.2586e-11,5.3291e-11
1.6114e-11,2.2816e-11,1.6948e-11
1.5927e-11,2.5255e-11,1.9981e-11
9.2955e-12,1.3873e-11,1.3557e-11
1.0752e-11,2.8601e-11,2.9322e-11
1.3741e-11,1.294e-11,1.3463e-11
8.4074e-12,1.8052e-11,1.4079e-11
1.858e-11,2.7478e-11,2.9055e-11
1.2758e-11,1.2604e-11,9.0436e-12
1.5659e-11,1.1857e-11,8.2946e-12
8.5803e-12,1.3986e-11,1.4121e-11
7.4007e-12,2.3186e-11,2.4129e-11
3.714e-11,5.7018e-11,5.2357e-11
6.6019e-12,1.5754e-11,1.5539e-11
1.5441e-11,1.2057e-11,1.2034e-11
1.4975e-11,1.4073e-11,1.2199e-11
5.0366e-12,1.4464e-11,1.2897e-11
1.6981e-11,1.5469e-11,1.5907e-11
5.6787e-12,1.2856e-11,1.128e-11
7.8431e-12,1.456e-11,1.4357e-11
1.9809e-11,1.9748e-11,1.9887e-11
4.3125e-11,1.1769e-11,4.3738e-11
4.344e-11,1.1461e-11,4.2282e-11
4.3903e-11,1.6657e-11,4.0043e-11
3.6982e-11,9.9863e-12,3.6602e-11
3.6063e-11,1.0919e-11,3.6335e-11
3.662e-11,1.1807e-11,3.7604e-11
3.5636e-11,1.6474e-11,3.4944e-11
3.0906e-11,1.0507e-11,2.7191e-11
3.9968e-11,1.686e-11,4.3935e-11
4.0397e-11,1.6248e-11,4.3743e-11
3.3244e-11,1.3084e-11,3.4712e-11
2.3003e-11,8.8774e-12,2.4212e-11
2.0499e-11,9.1567e-12,1.8685e-11
2.3204e-11,1.1757e-11,2.1204e-11
3.5754e-11,3.1099e-11,4.5899e-11
2.5558e-11,1.1984e-11,2.7558e-11
2.6625e-11,1.6437e-11,2.929e-11
2.1508e-11,9.8978e-12,2.3118e-11
2.1957e-11,1.6943e-11,2.4962e-11
2.9214e-11,1.6808e-11,3.0712e-11
2.3072e-11,2.0189e-11,2.7659e-11
2.2005e-11,1.0645e-11,2.5e-11
1.9735e-11,1.0634e-11,2.0374e-11
3.4485e-11,3.5957e-11,4.4948e-11
1.7469e-11,9.8081e-12,1.5982e-11
2.9236e-11,2.113e-11,2.9768e-11
3.2816e-11,3.4027e-11,4.0255e-11
1.8001e-11,1.0533e-11,1.857e-11
3.2762e-11,3.4397e-11,4.0264e-11
1.5622e-11,7.6187e-12,1.4828e-11
3.6792e-11,4.4437e-11,4.255e-11
2.2951e-11,2.8557e-11,2.3437e-11
1.7685e-11,1.9798e-11,1.9667e-11
3.0805e-11,5.3914e-11,4.4536e-11
3.5023e-11,6.4256e-11,5.6693e-11
3.7923e-11,6.1026e-11,5.2106e-11
9.3662e-12,3.2616e-11,3.3291e-11
8.0345e-12,4.953e-11,5.0336e-11
3.3442e-11,5.3561e-11,5.3892e-11
6.6305e-12,3.0421e-11,3.1399e-11
1.7786e-11,1.9825e-11,2.224e-11
7.7863e-12,1.2498e-11,1.5632e-11
2.4616e-11,2.7886e-11,3.1027e-11
1.4515e-11,1.1052e-11,9.8792e-12
4.7438e-11,1.3534e-11,4.8477e-11
4.6372e-11,1.3239e-11,4.7739e-11
4.4848e-11,1.4662e-11,4.5607e-11
4.2394e-11,1.4306e-11,4.1371e-11
3.485e-11,1.0535e-11,3.3301e-11
3.1373e-11,1.0299e-11,3.0652e-11
4.1362e-11,1.7101e-11,4.2809e-11
4.0922e-11,2.2825e-11,4.1495e-11
3.7375e-11,1.651e-11,4.0506e-11
2.4539e-11,8.7303e-12,2.2698e-11
2.6663e-11,1.1612e-11,2.5557e-11
2.6009e-11,8.942e-12,2.4679e-11
2.5241e-11,9.8376e-12,2.3476e-11
2.8134e-11,1.7716e-11,2.9096e-11
2.4543e-11,1.1175e-11,2.2886e-11
2.965e-11,1.6913e-11,3.0671e-11
2.8761e-11,1.675e-11,2.9752e-11
3.5434e-11,3.707e-11,4.5566e-11
2.8787e-11,2.5774e-11,3.3e-11
1.8766e-11,1.2127e-11,1.8842e-11
2.952e-11,2.1621e-11,3.0085e-11
2.7838e-11,2.0932e-11,2.8466e-11
1.6564e-11,1.0417e-11,1.7019e-11
1.5897e-11,1.2047e-11,1.3833e-11
3.4945e-11,3.9518e-11,3.8255e-11
2.0253e-11,1.8206e-11,2.0326e-11
1.651e-11,1.2521e-11,1.4719e-11
1.4526e-11,1.2793e-11,1.6732e-11
3.342e-11,4.5052e-11,3.725e-11
1.7761e-11,2.2856e-11,2.3617e-11
1.4834e-11,1.9055e-11,1.8059e-11
2.4683e-11,3.4592e-11,3.5489e-11
1.3374e-11,1.5332e-11,1.5704e-11
1.448e-11,1.8173e-11,1.6557e-11
9.9758e-12,1.828e-11,1.9226e-11
1.2215e-11,1.0751e-11,8.3327e-12
1.6383e-11,1.232e-11,9.0505e-12
7.5167e-12,3.9446e-11,4.1051e-11
7.7036e-12,1.637e-11,1.5508e-11
5.6487e-12,1.4325e-11,1.268e-11
1.4495e-11,1.2244e-11,9.3739e-12
2.5592e-11,2.6101e-11,2.7177e-11
4.9538e-12,1.4222e-11,1.2648e-11
1.807e-11,1.545e-11,1.6061e-11
1.1066e-11,1.1426e-11,1.0508e-11
3.4052e-11,1.1475e-11,3.329e-11
3.7112e-11,1.3371e-11,3.7014e-11
3.965e-11,1.641e-11,3.8413e-11
4.7819e-11,2.8161e-11,4.9122e-11
3.9443e-11,1.6429e-11,3.8108e-11
2.6972e-11,9.0644e-12,2.4305e-11
3.2109e-11,1.181e-11,3.0414e-11
3.6301e-11,1.6125e-11,4.0118e-11
2.602e-11,9.9018e-12,2.541e-11
2.1786e-11,7.8523e-12,1.97e-11
3.9437e-11,3.5613e-11,5.0289e-11
3.4206e-11,1.8079e-11,3.5631e-11
1.8911e-11,7.7255e-12,1.7566e-11
1.9973e-11,1.0637e-11,1.9945e-11
2.9573e-11,2.2089e-11,2.9806e-11
1.7771e-11,8.4591e-12,1.6847e-11
2.45e-11,2.5842e-11,2.7712e-11
2.4421e-11,2.5114e-11,2.6795e-11
2.3419e-11,1.8865e-11,2.104e-11
3.9703e-11,5.0735e-11,4.6032e-11
2.314e-11,2.4651e-11,2.3147e-11
2.0378e-11,2.6526e-11,2.7605e-11
3.6638e-11,5.5108e-11,4.7403e-11
1.6407e-11,2.6526e-11,2.9638e-11
2.7283e-11,4.3726e-11,3.3483e-11
1.2414e-11,1.5184e-11,1.0623e-11
9.8362e-12,1.5627e-11,1.2812e-11
9.7072e-12,2.4308e-11,2.3602e-11
1.6723e-11,1.8162e-11,1.6514e-11
2.2256e-11,2.5201e-11,2.2584e-11
1.307e-11,1.0906e-11,6.4324e-12
1.0137e-11,1.2774e-11,1.3978e-11
1.4559e-11,1.2011e-11,1.0137e-11
2.4992e-11,2.4483e-11,2.6295e-11
1.6194e-11,1.3184e-11,1.2783e-11
2.451e-11,2.5501e-11,2.8079e-11
1.1293e-11,1.0051e-11,6.0017e-12
1.1491e-11,1.0907e-11,1.0135e-11
7.8774e-12,1.0797e-11,9.2418e-12
4.8635e-11,1.5489e-11,4.9e-11
4.7272e-11,1.3153e-11,4.6588e-11
4.1785e-11,1.139e-11,3.9696e-11
4.2273e-11,1.4365e-11,4.2214e-11
3.7818e-11,1.262e-11,3.8002e-11
3.3031e-11,1.061e-11,3.1915e-11
4.3929e-11,1.7752e-11,4.698e-11
4.4816e-11,1.7763e-11,4.6025e-11
4.016e-11,1.493e-11,4.1929e-11
3.6571e-11,1.3834e-11,3.7881e-11
4.1657e-11,1.7225e-11,4.4672e-11
2.6852e-11,9.8243e-12,2.427e-11
2.1872e-11,7.9301e-12,1.9127e-11
2.4549e-11,1.0285e-11,2.4132e-11
2.0517e-11,9.6995e-12,1.8794e-11
3.0187e-11,1.5846e-11,3.4359e-11
4.1114e-11,2.3261e-11,4.4869e-11
2.6486e-11,1.9411e-11,2.7945e-11
2.2252e-11,1.5252e-11,2.1597e-11
2.7966e-11,1.6421e-11,2.75e-11
1.831e-11,1.1085e-11,1.6825e-11
2.4153e-11,2.0523e-11,2.7076e-11
1.9669e-11,9.6449e-12,1.7715e-11
2.7985e-11,2.0928e-11,2.9289e-11
2.2156e-11,1.3872e-11,2.0536e-11
1.7536e-11,1.0419e-11,1.5581e-11
3.2116e-11,3.3852e-11,3.3428e-11
1.8893e-11,1.7018e-11,2.0376e-11
1.6533e-11,1.0807e-11,1.6435e-11
1.523e-11,1.2619e-11,1.531e-11
3.5668e-11,3.7775e-11,3.6302e-11
1.6033e-11,1.3789e-11,1.5023e-11
2.634e-11,2.1349e-11,2.431e-11
1.488e-11,1.3541e-11,1.5734e-11
2.3122e-11,2.3798e-11,2.5222e-11
1.5899e-11,1.4125e-11,1.4618e-11
1.6266e-11,1.9316e-11,1.7713e-11
1.363e-11,2.1727e-11,1.7378e-11
1.6499e-11,2.7379e-11,2.1058e-11
1.3416e-11,1.5222e-11,1.0793e-11
2.168e-11,4.0166e-11,3.2039e-11
1.5424e-11,2.1397e-11,1.7574e-11
1.3986e-11,1.3307e-11,1.3138e-11
1.3161e-11,3.7697e-11,3.5414e-11
2.1475e-11,3.0275e-11,2.7517e-11
1.4241e-11,1.3221e-11,1.2152e-11
6.4686e-12,3.9397e-11,4.0824e-11
1.5595e-11,1.562e-11,1.2573e-11
7.9507e-12,3.2966e-11,3.2275e-11
1.5467e-11,1.4403e-11,1.5432e-11
1.3997e-11,1.1889e-11,1.0237e-11
2.2534e-11,2.4705e-11,2.5433e-11
1.5141e-11,1.5655e-11,1.4583e-11
2.6102e-11,2.7821e-11,2.933e-11
2.3579e-11,2.3688e-11,2.3577e-11
4.7398e-11,1.2369e-11,4.5517e-11
4.6297e-11,1.4404e-11,4.4807e-11
3.6334e-11,1.3313e-11,3.2976e-11
3.1716e-11,1.0959e-11,3.0655e-11
4.1952e-11,1.7403e-11,4.3532e-11
3.411e-11,1.3805e-11,3.3324e-11
3.8088e-11,2.1751e-11,3.6412e-11
3.2655e-11,1.7346e-11,3.0368e-11
2.9726e-11,2.0735e-11,3.0853e-11
2.4435e-11,8.9386e-12,2.3767e-11
3.6551e-11,2.9826e-11,4.0667e-11
2.3752e-11,1.6205e-11,2.2069e-11
2.0974e-11,8.3627e-12,2.0189e-11
2.1182e-11,8.0425e-12,2.0729e-11
4.1514e-11,4.1886e-11,5.2254e-11
2.4353e-11,1.4279e-11,2.4484e-11
3.7239e-11,4.131e-11,4.1983e-11
1.997e-11,1.7638e-11,2.1354e-11
2.1955e-11,1.9844e-11,2.3002e-11
2.2396e-11,1.8652e-11,2.2847e-11
1.876e-11,1.039e-11,1.5026e-11
4.3776e-11,5.1761e-11,4.7869e-11
4.1711e-11,5.4767e-11,4.7384e-11
1.7103e-11,2.1979e-11,1.7333e-11
2.9651e-11,3.955e-11,3.1105e-11
2.22e-11,3.249e-11,3.6279e-11
1.8354e-11,2.5382e-11,1.8891e-11
2.0372e-11,3.2384e-11,3.3952e-11
1.5314e-11,3.9154e-11,3.8777e-11
1.5697e-11,1.2862e-11,1.075e-11
1.1948e-11,9.9182e-12,6.3328e-12
3.2385e-11,4.7432e-11,4.9988e-11
1.5533e-11,1.6712e-11,9.0629e-12
7.7366e-12,1.3369e-11,1.2009e-11
3.0033e-11,3.7337e-11,3.9458e-11
1.4463e-11,1.5287e-11,1.3902e-11
9.4316e-12,1.5775e-11,1.4301e-11
4.6435e-11,1.3316e-11,4.6947e-11
4.8629e-11,1.512e-11,4.9787e-11
4.2501e-11,1.2274e-11,4.2064e-11
4.5414e-11,1.877e-11,4.3467e-11
3.2137e-11,9.6209e-12,2.9684e-11
3.0144e-11,1.0034e-11,2.6875e-11
4.3991e-11,1.7555e-11,4.4561e-11
3.2155e-11,1.9306e-11,2.9215e-11
2.6092e-11,1.696e-11,2.507e-11
2.3336e-11,1.5705e-11,2.2462e-11
3.2087e-11,1.7027e-11,3.2554e-11
4.0648e-11,2.0663e-11,4.2035e-11
2.5428e-11,1.1775e-11,2.5296e-11
2.0724e-11,9.3268e-12,1.848e-11
3.8804e-11,2.4612e-11,4.0757e-11
2.5729e-11,1.4532e-11,2.687e-11
3.5722e-11,2.4339e-11,4.0058e-11
3.2972e-11,2.47e-11,3.4361e-11
4.0072e-11,4.4404e-11,4.7756e-11
2.5733e-11,1.7698e-11,2.4127e-11
1.9221e-11,1.5482e-11,1.747e-11
2.4869e-11,1.7812e-11,2.3807e-11
2.4283e-11,2.2717e-11,2.5981e-11
2.2092e-11,2.0793e-11,2.2724e-11
1.8753e-11,1.2973e-11,1.5584e-11
1.7483e-11,1.3129e-11,1.6106e-11
1.5267e-11,9.3921e-12,1.6181e-11
1.7819e-11,1.4222e-11,1.6206e-11
1.6753e-11,1.5114e-11,1.5561e-11
1.6243e-11,2.0546e-11,1.7232e-11
1.7327e-11,2.9181e-11,2.047e-11
1.4067e-11,1.7594e-11,1.26e-11
1.8038e-11,4.1354e-11,4.2413e-11
1.2766e-11,1.2733e-11,9.9121e-12
1.0265e-11,1.6526e-11,1.6282e-11
1.4384e-11,1.3585e-11,1.4483e-11
1.7723e-11,2.5316e-11,2.1308e-11
1.2001e-11,3.0466e-11,3.0033e-11
9.087e-12,2.0295e-11,1.7712e-11
2.0629e-11,1.8882e-11,1.496e-11
1.0051e-11,1.8095e-11,1.6513e-11
8.3899e-12,3.8128e-11,3.8006e-11
1.6392e-11,1.6358e-11,1.0506e-11
6.9334e-12,1.8442e-11,1.7211e-11
6.2018e-12,1.2217e-11,1.0613e-11
5.7397e-12,1.4579e-11,1.2292e-11
1.0319e-11,1.5039e-11,1.5519e-11
1.2402e-11,1.0219e-11,9.1926e-12
8.5699e-12,1.3269e-11,1.1899e-11
4.7744e-11,1.2005e-11,4.6659e-11
3.9141e-11,1.3057e-11,3.7851e-11
3.5835e-11,1.0494e-11,3.2552e-11
4.0485e-11,1.9125e-11,3.9067e-11
3.8702e-11,1.6723e-11,4.0425e-11
4.4399e-11,3.6784e-11,4.6838e-11
2.231e-11,1.1294e-11,2.255e-11
2.7585e-11,1.3456e-11,2.7857e-11
2.638e-11,1.8331e-11,2.5175e-11
3.5996e-11,1.8871e-11,3.7556e-11
2.0991e-11,9.7104e-12,2.0608e-11
2.4765e-11,2.0405e-11,2.5773e-11
2.4528e-11,2.015e-11,2.5627e-11
3.6208e-11,2.5783e-11,4.1783e-11
2.7127e-11,1.7656e-11,2.5183e-11
2.0845e-11,1.4399e-11,2.033e-11
4.1649e-11,4.6771e-11,4.6319e-11
4.5501e-11,4.9435e-11,4.789e-11
2.0674e-11,1.5309e-11,2.0275e-11
1.5768e-11,1.3148e-11,1.2903e-11
1.549e-11,1.3243e-11,1.3486e-11
2.2307e-11,2.6873e-11,3.0681e-11
1.5365e-11,1.6114e-11,1.5031e-11
1.9559e-11,2.6976e-11,2.1263e-11
2.7308e-11,3.5075e-11,4.0147e-11
3.4963e-11,5.4805e-11,4.4339e-11
2.8432e-11,4.3295e-11,3.4644e-11
2.2115e-11,3.3805e-11,3.565e-11
1.3478e-11,1.8552e-11,1.787e-11
1.59e-11,2.5346e-11,1.9682e-11
2.3896e-11,2.9926e-11,2.8091e-11
1.3859e-11,1.3813e-11,1.237e-11
1.2041e-11,1.5007e-11,1.5867e-11
1.2118e-11,2.7137e-11,2.5273e-11
1.3441e-11,3.5557e-11,3.5076e-11
9.8373e-12,1.2005e-11,1.1526e-11
3.2708e-11,3.942e-11,3.7152e-11
3.3946e-11,4.7562e-11,5.1464e-11
7.9406e-12,1.9986e-11,1.7724e-11
1.723e-11,1.3618e-11,1.494e-11
8.3066e-12,1.5263e-11,1.181e-11
1.5776e-11,1.5607e-11,1.4889e-11
2.3807e-11,1.6675e-11,1.6709e-11
1.1917e-11,1.0515e-11,1.1704e-11
1.0366e-11,1.3204e-11,7.8208e-12
4.6997e-11,1.2108e-11,4.6124e-11
4.717e-11,1.2073e-11,4.463e-11
4.9543e-11,1.6065e-11,4.9183e-11
4.9894e-11,1.8235e-11,4.9947e-11
4.6379e-11,1.4325e-11,4.7451e-11
4.1162e-11,1.475e-11,4.0786e-11
2.9166e-11,8.9333e-12,2.625e-11
3.0395e-11,1.0919e-11,2.6092e-11
3.9441e-11,1.6836e-11,3.9473e-11
2.6803e-11,9.2132e-12,2.4116e-11
2.7404e-11,1.578e-11,2.6463e-11
2.5688e-11,1.368e-11,2.418e-11
2.2674e-11,1.4658e-11,2.0585e-11
2.517e-11,1.3307e-11,2.4279e-11
2.1175e-11,1.1594e-11,2.1713e-11
4.2495e-11,4.2418e-11,5.0042e-11
4.3517e-11,4.672e-11,4.9554e-11
1.8289e-11,1.0502e-11,1.7329e-11
1.7397e-11,1.3761e-11,1.5717e-11
1.6862e-11,1.0884e-11,1.5104e-11
1.7309e-11,1.2592e-11,1.5177e-11
1.8962e-11,1.1115e-11,1.5356e-11
2.7839e-11,2.6695e-11,2.9298e-11
1.6201e-11,1.2218e-11,1.7306e-11
1.6917e-11,1.5924e-11,1.5063e-11
1.6922e-11,1.2485e-11,1.339e-11
2.9063e-11,3.0047e-11,3.4909e-11
1.7118e-11,1.5963e-11,1.5366e-11
1.5884e-11,1.5679e-11,1.3954e-11
1.7066e-11,1.6815e-11,1.3927e-11
4.4681e-11,6.2112e-11,5.1076e-11
1.6034e-11,1.5274e-11,1.454e-11
2.2365e-11,3.2747e-11,2.4494e-11
1.497e-11,1.6752e-11,1.4702e-11
2.9007e-11,3.862e-11,2.8439e-11
2.0628e-11,2.9146e-11,2.5596e-11
2.7574e-11,4.2624e-11,4.6193e-11
1.4522e-11,2.4098e-11,1.7688e-11
2.551e-11,3.4641e-11,2.4251e-11
1.436e-11,1.7108e-11,1.2774e-11
1.4823e-11,2.6928e-11,3.0782e-11
1.9837e-11,3.5685e-11,3.4795e-11
1.3178e-11,1.35e-11,9.0148e-12
1.5346e-11,1.6929e-11,1.3243e-11
1.2207e-11,1.7468e-11,1.4672e-11
1.0808e-11,1.7584e-11,1.4389e-11
1.3983e-11,5.0558e-11,4.7363e-11
1.5038e-11,1.7157e-11,1.4886e-11
1.6357e-11,1.8453e-11,1.482e-11
1.6497e-11,1.7807e-11,1.2012e-11
9.7452e-12,1.4176e-11,1.1973e-11
1.046e-11,1.7498e-11,1.6457e-11
7.8118e-12,1.1624e-11,1.1397e-11
5.6073e-12,1.2066e-11,1.1582e-11
7.2681e-12,1.3707e-11,1.2862e-11
5.0456e-11,2.2254e-11,4.8924e-11
3.6851e-11,1.0659e-11,3.2791e-11
3.5535e-11,1.0051e-11,3.2307e-11
5.0465e-11,3.0045e-11,4.9705e-11
3.0714e-11,1.1501e-11,2.6998e-11
3.2257e-11,1.3503e-11,3.3644e-11
3.3137e-11,1.9171e-11,2.9446e-11
2.3856e-11,8.8416e-12,2.1032e-11
3.3896e-11,2.3866e-11,2.9957e-11
2.4154e-11,1.2428e-11,2.1227e-11
3.4091e-11,1.66e-11,3.6782e-11
4.4123e-11,4.3296e-11,5.1307e-11
2.3119e-11,1.5015e-11,2.2242e-11
3.067e-11,1.5896e-11,3.1683e-11
3.9786e-11,2.2235e-11,4.3414e-11
2.427e-11,1.2305e-11,2.2894e-11
3.2646e-11,2.9668e-11,3.4771e-11
2.0248e-11,1.0463e-11,2.0336e-11
3.3529e-11,2.1052e-11,3.402e-11
2.4494e-11,1.4858e-11,2.4163e-11
3.2866e-11,3.2054e-11,3.7115e-11
1.9186e-11,1.2279e-11,1.6774e-11
3.3911e-11,2.9211e-11,3.6557e-11
1.9983e-11,1.7555e-11,1.8875e-11
2.5144e-11,2.127e-11,2.3614e-11
2.2996e-11,1.5402e-11,2.332e-11
1.9848e-11,1.3165e-11,1.9577e-11
1.7211e-11,1.089e-11,1.4403e-11
2.4995e-11,2.4341e-11,2.5771e-11
1.8597e-11,1.0412e-11,1.6031e-11
1.7636e-11,1.1275e-11,1.6326e-11
1.9601e-11,1.7543e-11,1.9177e-11
1.8136e-11,1.4222e-11,1.8039e-11
1.6051e-11,1.2541e-11,1.2661e-11
1.5106e-11,1.4433e-11,1.1377e-11
2.9549e-11,3.8e-11,3.0041e-11
1.5645e-11,1.6984e-11,1.3706e-11
1.7096e-11,1.58e-11,1.5937e-11
2.823e-11,3.7876e-11,3.6296e-11
3.0767e-11,4.2254e-11,4.3773e-11
1.7221e-11,1.9103e-11,1.5864e-11
1.4174e-11,1.9947e-11,1.6496e-11
3.2199e-11,4.9138e-11,3.6818e-11
1.4156e-11,1.9022e-11,1.7197e-11
1.9502e-11,3.3517e-11,2.9768e-11
1.88e-11,4.863e-11,4.7843e-11
1.0699e-11,1.791e-11,1.3104e-11
1.3536e-11,1.2434e-11,1.2051e-11
1.5344e-11,1.6255e-11,1.3479e-11
3.3892e-11,5.0892e-11,4.2013e-11
1.9696e-11,2.5339e-11,2.0599e-11
1.0346e-11,1.9041e-11,1.5693e-11
1.0356e-11,1.3413e-11,1.2658e-11
2.7491e-11,3.4929e-11,3.3255e-11
1.0704e-11,1.0198e-11,7.4341e-12
1.1019e-11,1.3153e-11,1.4518e-11
1.2475e-11,1.1994e-11,1.1315e-11
1.5984e-11,1.2481e-11,9.5906e-12
9.3978e-12,1.2032e-11,1.1807e-11
1.4687e-11,1.2654e-11,9.9243e-12
2.5215e-11,1.6755e-11,1.49e-11
2.6762e-11,2.6494e-11,2.4719e-11
4.8929e-11,1.3159e-11,4.8304e-11
5.066e-11,1.6067e-11,4.945e-11
4.5129e-11,2.1817e-11,4.2508e-11
3.0524e-11,9.5959e-12,2.7531e-11
3.1175e-11,9.485e-12,2.7889e-11
4.8174e-11,3.3604e-11,4.5402e-11
3.645e-11,2.4199e-11,3.2968e-11
4.7291e-11,3.9726e-11,4.9587e-11
2.1588e-11,1.0095e-11,2.0998e-11
2.1186e-11,1.085e-11,1.8426e-11
2.1473e-11,1.032e-11,1.8686e-11
3.4579e-11,2.0669e-11,3.4357e-11
3.0242e-11,2.4196e-11,2.8445e-11
2.5494e-11,1.5792e-11,2.5168e-11
2.2947e-11,1.6515e-11,2.0356e-11
4.3366e-11,4.4947e-11,4.6814e-11
3.3465e-11,3.3783e-11,3.6733e-11
1.7447e-11,1.228e-11,1.7294e-11
2.2508e-11,1.8231e-11,2.2103e-11
2.206e-11,2.11e-11,2.3085e-11
1.8338e-11,1.6073e-11,1.4188e-11
2.4123e-11,2.4407e-11,2.1182e-11
3.9194e-11,5.3154e-11,4.2482e-11
1.8252e-11,2.0651e-11,1.704e-11
3.0966e-11,4.6303e-11,4.9648e-11
2.517e-11,3.2548e-11,2.7459e-11
1.6566e-11,2.7674e-11,3.1432e-11
1.332e-11,1.9954e-11,1.6575e-11
3.6072e-11,5.9675e-11,4.6622e-11
1.7418e-11,5.3403e-11,5.1236e-11
1.1205e-11,1.5617e-11,1.3697e-11
1.3496e-11,1.2371e-11,1.3651e-11
1.0893e-11,2.6334e-11,2.519e-11
1.0271e-11,1.2748e-11,1.1964e-11
2.6655e-11,3.1015e-11,2.9319e-11
2.8276e-11,2.7616e-11,2.5461e-11
6.61e-12,1.302e-11,1.2351e-11
2.2206e-11,1.565e-11,1.6514e-11
1.0266e-11,1.613e-11,1.1997e-11
3.0208e-11,3.0243e-11,2.8642e-11
2.9073e-11,3.215e-11,3.1683e-11
4.9032e-11,1.3987e-11,4.3887e-11
4.6372e-11,1.1199e-11,4.434e-11
4.9999e-11,1.4185e-11,4.5987e-11
4.4062e-11,1.3803e-11,3.9382e-11
4.4616e-11,1.6036e-11,4.3861e-11
4.2845e-11,2.3605e-11,3.9504e-11
3.5664e-11,1.7107e-11,3.4971e-11
3.1459e-11,1.3285e-11,3.1593e-11
2.8948e-11,1.3922e-11,2.7372e-11
3.5593e-11,2.0819e-11,3.14e-11
3.4645e-11,2.0448e-11,3.0188e-11
2.5674e-11,1.5297e-11,2.3241e-11
3.8106e-11,1.925e-11,3.8231e-11
2.8478e-11,2.4155e-11,3.0069e-11
2.1068e-11,1.129e-11,1.7627e-11
3.8812e-11,2.812e-11,4.3088e-11
2.0828e-11,1.3781e-11,1.7067e-11
2.6439e-11,2.1673e-11,2.5436e-11
1.7699e-11,1.0173e-11,1.5931e-11
1.7088e-11,1.3224e-11,1.7249e-11
1.7392e-11,1.1115e-11,1.4734e-11
3.1754e-11,3.178e-11,3.6381e-11
2.1592e-11,1.7634e-11,2.179e-11
2.6594e-11,2.5433e-11,2.535e-11
3.0478e-11,3.4813e-11,3.8828e-11
2.2353e-11,2.3327e-11,2.1077e-11
1.5778e-11,1.5924e-11,1.2075e-11
2.9204e-11,4.3591e-11,4.1309e-11
2.6436e-11,4.4039e-11,4.3454e-11
2.643e-11,4.0649e-11,3.8285e-11
3.6867e-11,6.217e-11,5.0088e-11
1.1817e-11,1.7727e-11,1.4401e-11
2.3922e-11,3.5804e-11,2.8422e-11
9.9808e-12,1.3062e-11,1.2558e-11
3.5621e-11,5.4642e-11,4.24e-11
1.5803e-11,5.3708e-11,5.231e-11
2.1133e-11,2.1084e-11,1.6914e-11
8.6079e-12,2.4346e-11,2.0282e-11
8.685e-12,1.3086e-11,1.3838e-11
1.5868e-11,1.2061e-11,8.6455e-12
7.4136e-12,1.2613e-11,1.1684e-11
2.7156e-11,2.911e-11,2.574e-11
1.4416e-11,1.4909e-11,9.9978e-12
2.6672e-11,1.8639e-11,1.8081e-11
1.5509e-11,1.2826e-11,8.3263e-12
3.5324e-11,4.2511e-11,4.3116e-11
1.1163e-11,1.657e-11,1.3564e-11
4.65e-11,1.3087e-11,4.4907e-11
4.5715e-11,1.3794e-11,4.4157e-11
4.7053e-11,1.6888e-11,4.5137e-11
5.0176e-11,2.7569e-11,4.7577e-11
3.733e-11,1.4845e-11,3.4086e-11
3.6706e-11,1.2063e-11,3.5685e-11
3.0722e-11,1.3295e-11,2.6493e-11
2.7547e-11,1.2817e-11,2.5005e-11
2.6528e-11,1.6151e-11,2.3793e-11
2.4775e-11,1.1889e-11,2.1556e-11
3.9212e-11,3.1906e-11,3.7512e-11
2.1566e-11,1.077e-11,1.7247e-11
2.249e-11,1.3395e-11,2.0838e-11
2.3884e-11,1.4576e-11,2.3049e-11
2.1801e-11,1.4576e-11,1.964e-11
2.2693e-11,1.385e-11,2.205e-11
3.9497e-11,3.5006e-11,4.5233e-11
2.5692e-11,1.5773e-11,2.3722e-11
1.888e-11,1.4938e-11,1.4504e-11
2.1783e-11,1.7875e-11,1.824e-11
1.7678e-11,1.1141e-11,1.8606e-11
1.6905e-11,1.2631e-11,1.5782e-11
1.7292e-11,1.3338e-11,1.5781e-11
4.3531e-11,5.279e-11,4.32e-11
1.7198e-11,1.4115e-11,1.3498e-11
1.7031e-11,1.5735e-11,1.8057e-11
1.8472e-11,1.5821e-11,1.5891e-11
2.1019e-11,2.1586e-11,1.6783e-11
2.8501e-11,3.9179e-11,4.2266e-11
1.6141e-11,1.4748e-11,1.5922e-11
1.5852e-11,1.9948e-11,1.7085e-11
1.5303e-11,2.0493e-11,1.7427e-11
1.4543e-11,1.9896e-11,1.6495e-11
1.5358e-11,1.495e-11,1.0793e-11
3.3734e-11,5.4432e-11,4.4865e-11
1.8038e-11,1.7896e-11,1.595e-11
8.3288e-12,1.2633e-11,1.1671e-11
8.8785e-12,1.2776e-11,1.207e-11
1.0054e-11,1.9923e-11,1.5075e-11
2.4695e-11,2.461e-11,1.966e-11
1.1674e-11,1.167e-11,9.9192e-12
8.9708e-12,1.2749e-11,1.2415e-11
1.04e-11,2.4117e-11,1.9737e-11
1.0949e-11,1.3275e-11,9.9114e-12
3.2147e-11,3.3456e-11,2.9172e-11
3.5478e-11,4.1191e-11,4.1808e-11
4.5211e-11,1.3697e-11,3.9532e-11
3.1996e-11,1.3939e-11,3.0306e-11
2.9287e-11,1.1755e-11,2.6659e-11
2.9695e-11,1.4184e-11,2.6713e-11
2.8991e-11,1.1266e-11,2.5095e-11
3.1489e-11,1.3439e-11,3.2802e-11
4.1281e-11,3.107e-11,3.8583e-11
2.5717e-11,1.4352e-11,2.2308e-11
2.1979e-11,1.1256e-11,2.0297e-11
2.8478e-11,2.3478e-11,2.7617e-11
3.7142e-11,3.616e-11,4.1131e-11
2.7084e-11,2.2399e-11,2.4683e-11
2.5751e-11,2.2498e-11,2.1944e-11
2.2228e-11,1.5555e-11,2.2552e-11
4.7739e-11,5.2791e-11,4.8918e-11
2.111e-11,1.7323e-11,1.7221e-11
2.0186e-11,1.3608e-11,1.8531e-11
3.9106e-11,3.8994e-11,4.5231e-11
3.2088e-11,2.9408e-11,2.8169e-11
1.7391e-11,1.4344e-11,1.6473e-11
2.3699e-11,2.3234e-11,2.1589e-11
1.9273e-11,1.589e-11,1.193e-11
1.8273e-11,1.5427e-11,1.2241e-11
1.5757e-11,1.3269e-11,1.4167e-11
1.6244e-11,1.7707e-11,1.5416e-11
1.51e-11,1.9856e-11,1.5959e-11
1.6105e-11,1.5173e-11,9.6689e-12
2.1192e-11,4.6859e-11,4.4474e-11
1.6434e-11,1.5394e-11,9.8167e-12
2.8515e-11,4.0616e-11,3.3191e-11
1.4092e-11,1.342e-11,1.1749e-11
2.8448e-11,3.7921e-11,2.9361e-11
3.9206e-11,4.8969e-11,4.3496e-11
2.087e-11,1.7144e-11,1.441e-11
1.251e-11,2.1853e-11,1.7546e-11
9.8423e-12,1.14e-11,1.0618e-11
2.2505e-11,1.7288e-11,1.4744e-11
1.2601e-11,1.2427e-11,1.0999e-11
2.4666e-11,2.304e-11,2.0134e-11
1.764e-11,1.3324e-11,1.1379e-11
1.1757e-11,1.0593e-11,5.9584e-12
3.8755e-11,4.764e-11,4.6381e-11
4.7526e-11,1.4587e-11,4.1946e-11
5.2033e-11,1.5484e-11,4.8691e-11
4.8476e-11,1.5901e-11,4.6438e-11
4.1827e-11,1.7936e-11,3.8225e-11
3.7069e-11,1.3709e-11,3.2204e-11
4.1564e-11,2.2201e-11,3.904e-11
4.7149e-11,3.2739e-11,4.1161e-11
3.7717e-11,1.9825e-11,3.5395e-11
4.053e-11,3.0182e-11,3.6671e-11
2.5242e-11,1.3473e-11,2.1817e-11
4.0903e-11,2.064e-11,4.1601e-11
3.7578e-11,2.0306e-11,3.8576e-11
2.753e-11,1.4354e-11,2.5705e-11
2.3193e-11,1.2535e-11,2.0186e-11
2.3845e-11,1.6458e-11,2.0554e-11
2.3883e-11,1.7201e-11,1.9619e-11
2.9217e-11,2.2882e-11,2.9661e-11
1.7665e-11,1.1797e-11,1.5764e-11
1.7716e-11,1.0872e-11,1.5578e-11
1.7963e-11,1.5026e-11,1.18e-11
2.8526e-11,3.0187e-11,2.5759e-11
1.8651e-11,1.5178e-11,1.2298e-11
2.0022e-11,1.6992e-11,1.9549e-11
2.5387e-11,2.987e-11,3.0283e-11
1.6227e-11,1.7532e-11,1.5319e-11
3.278e-11,4.4548e-11,3.2798e-11
2.2512e-11,2.8264e-11,2.396e-11
1.5837e-11,1.6704e-11,1.4554e-11
1.9589e-11,2.4316e-11,1.6928e-11
1.5162e-11,1.7479e-11,1.4532e-11
1.4511e-11,1.7996e-11,1.4207e-11
2.8783e-11,4.4514e-11,3.086e-11
2.4284e-11,3.2157e-11,2.3841e-11
2.7959e-11,4.3377e-11,3.097e-11
1.7323e-11,2.6629e-11,2.2426e-11
2.4118e-11,3.4298e-11,3.0844e-11
1.0968e-11,1.3966e-11,1.2673e-11
1.911e-11,1.6659e-11,1.1849e-11
1.918e-11,1.3976e-11,1.1067e-11
9.8176e-12,1.2011e-11,1.0581e-11
1.1549e-11,1.2976e-11,1.1523e-11
4.1423e-11,5.2384e-11,4.8981e-11
1.5661e-11,1.4946e-11,6.689e-12
2.0824e-11,1.4317e-11,1.4322e-11
1.3086e-11,1.0909e-11,8.0406e-12
4.5967e-11,5.328e-11,5.2563e-11
1.2303e-11,1.1191e-11,7.3452e-12
1.1368e-11,1.315e-11,8.5469e-12
4.826e-11,1.7402e-11,4.5331e-11
3.7966e-11,1.2576e-11,3.1791e-11
5.2331e-11,3.1038e-11,5.0136e-11
4.7049e-11,1.7372e-11,4.4542e-11
3.561e-11,1.2652e-11,3.2115e-11
4.5068e-11,1.8933e-11,4.2665e-11
4.2001e-11,1.8203e-11,3.9795e-11
2.8963e-11,1.2193e-11,2.5333e-11
2.9745e-11,1.3152e-11,2.6178e-11
3.3525e-11,1.7223e-11,3.2775e-11
3.8996e-11,2.9286e-11,3.5125e-11
4.6993e-11,4.4521e-11,4.8043e-11
2.1426e-11,1.2531e-11,1.7024e-11
2.6675e-11,2.2094e-11,2.3317e-11
2.1906e-11,1.1549e-11,1.821e-11
3.4535e-11,2.7734e-11,2.9178e-11
2.0562e-11,1.2163e-11,1.7565e-11
3.9066e-11,3.8799e-11,4.6938e-11
3.4338e-11,3.1591e-11,3.1418e-11
2.0832e-11,1.3578e-11,1.8737e-11
1.8645e-11,1.1942e-11,1.6592e-11
3.211e-11,2.825e-11,2.6906e-11
2.5525e-11,2.4991e-11,2.396e-11
2.6061e-11,2.6e-11,2.513e-11
2.5904e-11,2.7876e-11,2.6127e-11
1.7697e-11,1.4796e-11,1.4401e-11
2.071e-11,2.0626e-11,1.4702e-11
2.9378e-11,3.6833e-11,3.4416e-11
1.97e-11,2.5059e-11,2.2949e-11
1.7661e-11,1.9873e-11,1.5131e-11
2.2765e-11,2.487e-11,2.2995e-11
1.8214e-11,1.8921e-11,2.1122e-11
1.7837e-11,3.0038e-11,2.7665e-11
4.075e-11,6.8882e-11,5.2386e-11
1.175e-11,1.2873e-11,1.262e-11
2.4115e-11,3.5114e-11,3.1294e-11
3.8742e-11,6.4724e-11,5.133e-11
3.2015e-11,5.0468e-11,3.8981e-11
1.7326e-11,1.7721e-11,1.2461e-11
1.0783e-11,1.3746e-11,1.211e-11
1.0841e-11,1.5287e-11,1.4223e-11
1.9412e-11,2.2059e-11,1.7657e-11
1.133e-11,1.2848e-11,1.1402e-11
1.7806e-11,1.8706e-11,1.2592e-11
2.053e-11,1.3885e-11,9.2839e-12
1.136e-11,2.1248e-11,1.6527e-11
1.9682e-11,1.3623e-11,1.2223e-11
1.4545e-11,2.2608e-11,2.0448e-11
2.6495e-11,2.6017e-11,2.1047e-11
9.0256e-12,1.7796e-11,1.3908e-11
2.0601e-11,1.3453e-11,1.3775e-11
1.1106e-11,1.1729e-11,1.2637e-11
8.9717e-12,1.2361e-11,1.2686e-11
1.8989e-11,1.2517e-11,1.1765e-11
2.4391e-11,1.6677e-11,1.6255e-11
5.3545e-11,1.3132e-11,4.7751e-11
4.9085e-11,1.396e-11,4.4826e-11
4.4174e-11,1.5977e-11,3.8536e-11
3.7791e-11,1.3225e-11,3.504e-11
3.6639e-11,1.3532e-11,3.308e-11
3.5627e-11,1.4263e-11,3.2622e-11
3.3682e-11,1.763e-11,3.0183e-11
3.0003e-11,1.2716e-11,2.6291e-11
3.4988e-11,1.4861e-11,3.2506e-11
2.8711e-11,1.3914e-11,2.4698e-11
3.6635e-11,1.8203e-11,3.719e-11
5.1087e-11,4.1846e-11,4.8187e-11
3.581e-11,2.7549e-11,3.1533e-11
3.9297e-11,2.066e-11,3.643e-11
3.4473e-11,2.0687e-11,3.4219e-11
2.3673e-11,1.6833e-11,1.9531e-11
2.6521e-11,1.5392e-11,2.5665e-11
2.21e-11,1.0868e-11,1.7252e-11
2.1907e-11,1.156e-11,1.6449e-11
3.6888e-11,2.668e-11,3.6329e-11
2.3684e-11,1.8313e-11,1.7934e-11
3.5555e-11,3.3422e-11,3.6888e-11
3.9848e-11,3.7239e-11,4.5514e-11
2.8539e-11,1.9565e-11,2.5221e-11
4.1162e-11,4.0867e-11,3.8104e-11
1.9889e-11,1.2707e-11,1.5766e-11
2.1752e-11,1.7204e-11,1.9476e-11
1.6461e-11,1.3951e-11,1.4753e-11
4.6666e-11,6.0076e-11,4.6485e-11
2.426e-11,2.5776e-11,1.9249e-11
3.0158e-11,4.1608e-11,3.8763e-11
2.0897e-11,2.1061e-11,1.4332e-11
1.5285e-11,1.3567e-11,1.3945e-11
1.8995e-11,2.232e-11,2.023e-11
2.5367e-11,3.866e-11,3.8671e-11
1.5065e-11,1.5119e-11,9.0726e-12
1.2558e-11,1.3287e-11,1.0337e-11
1.5397e-11,3.3356e-11,2.9003e-11
1.5046e-11,5.0239e-11,4.5507e-11
2.1706e-11,1.3973e-11,8.3149e-12
1.6124e-11,1.2855e-11,1.0439e-11
9.5461e-12,2.0702e-11,1.6701e-11
1.0104e-11,1.7533e-11,1.5192e-11
1.0829e-11,3.5518e-11,3.2058e-11
1.0051e-11,1.1473e-11,9.5281e-12
1.8039e-11,1.1667e-11,1.1013e-11
3.9005e-11,4.0643e-11,3.5472e-11
9.9854e-12,1.2371e-11,1.1032e-11
2.7778e-11,2.63e-11,2.2555e-11
9.1702e-12,1.564e-11,1.1023e-11
5.3604e-11,2.0396e-11,5.2402e-11
5.1573e-11,2.17e-11,4.8295e-11
3.9827e-11,1.2718e-11,3.4752e-11
4.1063e-11,1.5368e-11,3.8502e-11
4.0796e-11,1.5305e-11,3.7806e-11
3.7965e-11,1.6846e-11,3.3228e-11
2.9117e-11,2.0056e-11,2.635e-11
3.1167e-11,1.488e-11,2.6588e-11
3.9111e-11,2.0923e-11,3.79e-11
2.9303e-11,1.5485e-11,2.7683e-11
5.0346e-11,3.9975e-11,4.4456e-11
4.4097e-11,3.3791e-11,3.9657e-11
2.5871e-11,1.5711e-11,2.2243e-11
2.3881e-11,1.4069e-11,2.0067e-11
2.3641e-11,1.2643e-11,2.0158e-11
2.9926e-11,1.9827e-11,2.8881e-11
2.1516e-11,1.1885e-11,1.6345e-11
2.3384e-11,1.4773e-11,2.2514e-11
4.2068e-11,4.1448e-11,3.8361e-11
1.8066e-11,1.2166e-11,1.7413e-11
1.9336e-11,1.4127e-11,1.2931e-11
2.4681e-11,2.0411e-11,2.4514e-11
1.8361e-11,1.499e-11,1.1804e-11
3.3215e-11,4.1035e-11,4.1524e-11
2.4226e-11,3.1812e-11,2.7545e-11
3.0364e-11,3.7569e-11,3.656e-11
4.3734e-11,6.1092e-11,4.3945e-11
1.608e-11,2.1104e-11,1.6815e-11
2.9044e-11,3.7391e-11,3.7007e-11
2.7455e-11,3.8572e-11,2.84e-11
2.3852e-11,3.1969e-11,2.14e-11
3.8286e-11,5.3869e-11,3.6733e-11
1.0161e-11,1.1665e-11,1.0467e-11
2.1233e-11,5.1384e-11,4.8673e-11
1.1739e-11,1.6867e-11,1.4729e-11
1.4308e-11,1.3525e-11,8.3762e-12
1.6463e-11,1.3691e-11,8.8918e-12
1.3523e-11,2.2838e-11,1.9349e-11
4.357e-11,5.403e-11,4.5584e-11
1.9838e-11,1.4552e-11,1.3213e-11
8.3346e-12,1.0685e-11,8.872e-12
8.7083e-12,1.2675e-11,9.9566e-12
1.0061e-11,1.1232e-11,1.2494e-11
1.0945e-11,1.0996e-11,1.1032e-11
8.7954e-12,1.2783e-11,1.0715e-11
3.7492e-11,4.666e-11,4.1525e-11
1.5962e-11,1.2252e-11,5.2616e-12
9.9052e-12,1.1757e-11,1.5888e-11
2.5619e-11,1.8969e-11,1.8447e-11
4.9913e-11,1.3768e-11,4.2581e-11
5.0902e-11,1.4669e-11,4.4421e-11
4.9209e-11,1.7527e-11,4.5617e-11
3.8264e-11,1.3684e-11,3.3457e-11
4.8535e-11,2.8298e-11,4.4127e-11
4.5453e-11,1.9985e-11,4.0715e-11
4.811e-11,1.9641e-11,4.5801e-11
3.8193e-11,1.8101e-11,3.3272e-11
3.6368e-11,1.9156e-11,3.4339e-11
4.2161e-11,2.014e-11,4.0069e-11
2.9459e-11,1.1603e-11,2.4699e-11
2.7321e-11,1.135e-11,2.1437e-11
2.9228e-11,1.9852e-11,2.3406e-11
2.1751e-11,1.2703e-11,1.9952e-11
2.3059e-11,1.4432e-11,2.0469e-11
2.2189e-11,1.1675e-11,1.6171e-11
2.1088e-11,1.5052e-11,1.5655e-11
2.5998e-11,1.698e-11,2.4766e-11
2.5331e-11,1.6512e-11,2.2502e-11
3.0077e-11,2.36e-11,2.2017e-11
2.0473e-11,1.3123e-11,1.6712e-11
1.9191e-11,1.6216e-11,1.2911e-11
2.5706e-11,2.4903e-11,2.0266e-11
2.5213e-11,2.2377e-11,2.3662e-11
2.2666e-11,2.1845e-11,1.6306e-11
1.5345e-11,1.3701e-11,1.38e-11
1.5601e-11,2.4433e-11,1.9333e-11
1.0964e-11,1.2659e-11,9.169e-12
1.616e-11,3.3245e-11,2.6885e-11
2.4676e-11,3.1456e-11,2.2112e-11
1.1707e-11,1.3702e-11,1.4544e-11
1.5283e-11,3.3268e-11,2.7337e-11
2.0872e-11,1.9521e-11,1.4786e-11
1.7996e-11,2.6172e-11,2.1677e-11
3.6846e-11,5.115e-11,4.2685e-11
8.809e-12,1.5204e-11,1.1799e-11
2.4923e-11,1.8251e-11,1.6205e-11
9.0055e-12,1.2807e-11,1.2411e-11
4.6477e-11,5.6595e-11,4.9611e-11
7.5056e-12,1.1836e-11,1.1204e-11
3.2166e-11,3.3712e-11,2.5828e-11
9.4088e-12,1.0825e-11,6.377e-12
7.7825e-12,1.0802e-11,1.0055e-11
2.9398e-11,2.3318e-11,2.0186e-11
4.3681e-11,4.8584e-11,4.0398e-11
4.9537e-11,1.9919e-11,4.4673e-11
4.0191e-11,1.4924e-11,3.53e-11
4.7126e-11,1.9572e-11,4.082e-11
3.5415e-11,1.355e-11,3.0064e-11
3.4013e-11,1.5535e-11,3.02e-11
3.1179e-11,1.2231e-11,2.5453e-11
4.2087e-11,1.9884e-11,4.2848e-11
4.1198e-11,2.0982e-11,4.2654e-11
2.8644e-11,1.3882e-11,2.3964e-11
3.7102e-11,2.7454e-11,3.0986e-11
2.943e-11,1.4088e-11,2.5795e-11
5.225e-11,4.6084e-11,5.1572e-11
2.9418e-11,2.0805e-11,2.3062e-11
4.5856e-11,2.1904e-11,4.1997e-11
3.9839e-11,2.3376e-11,3.9484e-11
2.836e-11,1.6498e-11,2.4226e-11
3.4799e-11,2.5196e-11,2.5876e-11
2.201e-11,1.3703e-11,1.9725e-11
2.1853e-11,1.3243e-11,1.5704e-11
3.439e-11,3.0909e-11,3.6096e-11
2.2406e-11,1.7683e-11,1.9825e-11
5.3356e-11,5.8927e-11,4.9734e-11
1.8834e-11,1.354e-11,1.2369e-11
3.2015e-11,4.1007e-11,3.6665e-11
1.8374e-11,1.7315e-11,1.5475e-11
2.1688e-11,2.0943e-11,1.842e-11
1.5777e-11,1.4116e-11,1.3981e-11
1.593e-11,1.5732e-11,1.4288e-11
2.4772e-11,2.8379e-11,2.0236e-11
1.4162e-11,1.4221e-11,9.6042e-12
1.2176e-11,1.4722e-11,1.302e-11
1.5596e-11,1.5658e-11,1.134e-11
4.3029e-11,6.8048e-11,5.3042e-11
2.5894e-11,2.6862e-11,1.6557e-11
1.9794e-11,5.5274e-11,5.0872e-11
1.5129e-11,1.4423e-11,9.9343e-12
1.6632e-11,5.2105e-11,4.9624e-11
8.6192e-12,1.0779e-11,9.9698e-12
9.4339e-12,1.2124e-11,9.6282e-12
1.0655e-11,1.2983e-11,1.1241e-11
1.774e-11,4.261e-11,3.9712e-11
9.7082e-12,1.2375e-11,1.1475e-11
9.7212e-12,1.9074e-11,1.543e-11
9.6179e-12,2.1744e-11,1.8875e-11
1.1297e-11,1.1576e-11,1.4745e-11
8.7828e-12,1.1052e-11,1.1076e-11
5.097e-11,5.349e-11,4.4527e-11
5.6552e-11,1.5925e-11,4.8526e-11
5.6517e-11,1.5894e-11,4.8579e-11
5.2446e-11,1.631e-11,4.4081e-11
4.5194e-11,1.4707e-11,3.5834e-11
4.2113e-11,1.9594e-11,4.0057e-11
4.2113e-11,1.7319e-11,3.7704e-11
4.7277e-11,1.9823e-11,4.2113e-11
2.8062e-11,1.3391e-11,2.1319e-11
3.6733e-11,2.1649e-11,3.6396e-11
2.7185e-11,1.3354e-11,1.9486e-11
2.7137e-11,1.8245e-11,2.1491e-11
3.8482e-11,3.0606e-11,3.1059e-11
5.0625e-11,4.5898e-11,4.5041e-11
2.8714e-11,1.7621e-11,2.4534e-11
2.2275e-11,1.2954e-11,1.5321e-11
2.257e-11,1.4094e-11,1.9425e-11
1.9725e-11,1.3998e-11,1.8789e-11
1.9122e-11,1.3951e-11,1.902e-11
5.3244e-11,5.6772e-11,4.8945e-11
5.0231e-11,5.5303e-11,4.506e-11
2.7944e-11,3.3302e-11,3.3354e-11
2.7809e-11,3.1327e-11,2.3925e-11
4.4053e-11,5.3285e-11,3.9829e-11
2.0779e-11,2.3565e-11,2.186e-11
1.6458e-11,2.1448e-11,2.0247e-11
1.9208e-11,2.1028e-11,1.4508e-11
2.902e-11,4.4081e-11,4.0405e-11
1.9752e-11,3.6306e-11,3.1622e-11
1.0446e-11,1.2036e-11,1.1259e-11
2.1648e-11,5.0282e-11,4.7208e-11
2.746e-11,3.1932e-11,2.1415e-11
1.4898e-11,1.2182e-11,6.8488e-12
2.0539e-11,1.3924e-11,1.1432e-11
1.274e-11,1.442e-11,1.1753e-11
1.3686e-11,3.0907e-11,2.7675e-11
1.8177e-11,1.2261e-11,8.0893e-12
8.9396e-12,1.1056e-11,1.2017e-11
4.2272e-11,5.3032e-11,4.5442e-11
8.4727e-12,1.1396e-11,1.0844e-11
8.5015e-12,1.0799e-11,1.1334e-11
4.9867e-11,5.7564e-11,4.8059e-11
9.7798e-12,1.2526e-11,8.9731e-12
1.3704e-11,1.2219e-11,8.7768e-12
2.7912e-11,2.2668e-11,2.1834e-11
1.9428e-11,1.3346e-11,9.1588e-12
1.0245e-11,1.3155e-11,6.1214e-12
5.7049e-11,1.741e-11,4.8421e-11
3.8411e-11,1.3801e-11,3.2154e-11
4.995e-11,2.1145e-11,4.5178e-11
4.088e-11,2.0496e-11,3.576e-11
4.9465e-11,2.1226e-11,4.5052e-11
4.654e-11,3.2389e-11,3.9373e-11
4.5153e-11,2.2816e-11,4.3521e-11
3.1479e-11,1.2648e-11,2.5171e-11
3.1756e-11,1.778e-11,2.7625e-11
3.006e-11,1.2443e-11,2.2825e-11
3.0588e-11,1.4231e-11,2.4472e-11
2.804e-11,1.3891e-11,2.0486e-11
2.8313e-11,1.4087e-11,2.1538e-11
2.7364e-11,1.7245e-11,2.16e-11
2.9075e-11,1.6048e-11,2.0233e-11
2.356e-11,1.6557e-11,1.5659e-11
3.3e-11,2.6542e-11,2.6273e-11
2.3005e-11,1.4245e-11,1.7303e-11
3.7915e-11,3.0352e-11,3.8354e-11
2.1087e-11,1.4494e-11,1.549e-11
2.0936e-11,1.3771e-11,1.5014e-11
1.9221e-11,1.6093e-11,1.2479e-11
4.062e-11,4.3285e-11,3.7095e-11
1.9223e-11,1.5602e-11,1.7266e-11
2.5099e-11,2.3024e-11,2.1213e-11
2.1744e-11,2.0092e-11,2.0836e-11
2.1413e-11,2.0464e-11,1.4274e-11
1.6318e-11,1.4997e-11,1.4142e-11
1.5732e-11,1.4496e-11,1.3974e-11
2.1282e-11,2.4659e-11,1.5909e-11
1.5928e-11,1.6558e-11,7.8293e-12
2.0555e-11,3.5784e-11,3.0476e-11
2.6529e-11,3.4694e-11,2.9774e-11
1.5352e-11,1.3224e-11,1.0208e-11
2.1972e-11,2.07e-11,1.5704e-11
1.4557e-11,1.3477e-11,6.6393e-12
1.1164e-11,1.7818e-11,1.5732e-11
1.6972e-11,1.6328e-11,1.4647e-11
1.3888e-11,2.4809e-11,2.1558e-11
3.2494e-11,3.2707e-11,2.3973e-11
9.9191e-12,1.371e-11,1.5073e-11
9.9183e-12,1.4101e-11,1.4233e-11
2.6082e-11,1.8874e-11,1.7166e-11
8.9682e-12,1.1039e-11,1.0328e-11
1.7452e-11,1.4205e-11,7.4455e-12
1.4597e-11,1.309e-11,8.8018e-12
1.718e-11,1.2582e-11,6.0809e-12
5.1911e-11,1.9513e-11,4.692e-11
5.3614e-11,2.9348e-11,4.7779e-11
4.1497e-11,1.5879e-11,3.3807e-11
4.3406e-11,1.7585e-11,3.7144e-11
4.2096e-11,1.8126e-11,3.6257e-11
4.7877e-11,3.0905e-11,3.9854e-11
4.4517e-11,2.7658e-11,3.8131e-11
4.347e-11,3.0184e-11,3.5485e-11
3.7342e-11,2.0765e-11,3.2699e-11
2.8207e-11,2.0093e-11,2.3566e-11
4.075e-11,2.3067e-11,4.1248e-11
4.8931e-11,3.6169e-11,3.5209e-11
2.7671e-11,1.5977e-11,2.146e-11
2.7507e-11,1.3515e-11,2.3497e-11
2.6649e-11,1.4831e-11,2.1631e-11
2.462e-11,1.4511e-11,2.0511e-11
2.9036e-11,2.5362e-11,2.2807e-11
2.1127e-11,1.3606e-11,1.7453e-11
3.1515e-11,2.5847e-11,2.783e-11
1.9766e-11,1.3759e-11,1.5452e-11
4.7474e-11,4.465e-11,3.8473e-11
2.79e-11,2.3889e-11,2.4696e-11
2.3691e-11,1.8992e-11,1.7516e-11
1.6769e-11,1.4378e-11,1.5725e-11
1.9409e-11,1.7847e-11,1.32e-11
2.8457e-11,2.9944e-11,2.5122e-11
2.172e-11,2.3003e-11,2.3767e-11
2.2144e-11,2.0823e-11,1.7223e-11
1.4758e-11,1.3285e-11,1.4432e-11
1.5622e-11,1.7089e-11,1.5995e-11
4.6132e-11,7.2724e-11,5.2843e-11
2.6871e-11,4.2691e-11,3.9765e-11
1.7469e-11,3.1046e-11,2.6938e-11
2.4801e-11,2.1609e-11,1.4224e-11
3.2718e-11,3.793e-11,2.5074e-11
8.6269e-12,1.2564e-11,1.1316e-11
1.9872e-11,4.345e-11,3.7729e-11
2.1398e-11,1.5428e-11,1.0918e-11
1.8557e-11,1.5002e-11,1.0549e-11
1.2001e-11,1.7391e-11,1.1984e-11
9.7103e-12,1.3414e-11,1.0695e-11
1.8891e-11,4.5534e-11,4.2677e-11
1.6347e-11,1.5444e-11,9.5113e-12
1.5836e-11,3.0518e-11,2.5078e-11
1.9047e-11,1.3944e-11,9.1988e-12
1.2289e-11,1.3859e-11,1.5494e-11
1.1177e-11,2.2717e-11,1.8405e-11
1.1293e-11,1.9456e-11,1.7962e-11
9.5636e-12,1.1503e-11,9.316e-12
3.8836e-11,3.9412e-11,2.8704e-11
1.5434e-11,1.7276e-11,6.6423e-12
3.5537e-11,3.1875e-11,2.43e-11
4.04e-11,4.021e-11,2.9631e-11
9.9161e-12,1.0809e-11,1.0067e-11
5.9869e-11,1.7495e-11,4.9325e-11
5.4165e-11,1.7935e-11,4.3872e-11
4.897e-11,1.9846e-11,4.0416e-11
4.5608e-11,2.1012e-11,3.8934e-11
4.0495e-11,2.0618e-11,3.4177e-11
3.6779e-11,1.8478e-11,3.2368e-11
3.9661e-11,1.5612e-11,3.0603e-11
3.7968e-11,1.5125e-11,3.0145e-11
3.7345e-11,1.5541e-11,3.1048e-11
3.5468e-11,1.4464e-11,2.8128e-11
3.4196e-11,1.5474e-11,3.0494e-11
3.3705e-11,1.9912e-11,2.8681e-11
3.8874e-11,2.3025e-11,3.8025e-11
5.5333e-11,4.5324e-11,4.6705e-11
4.7384e-11,3.6583e-11,3.5277e-11
2.6274e-11,2.0027e-11,2.0383e-11
2.7045e-11,1.4512e-11,2.1113e-11
3.7477e-11,2.5792e-11,3.7162e-11
2.2599e-11,1.5048e-11,1.5468e-11
2.0188e-11,1.4662e-11,1.5331e-11
1.8479e-11,1.4676e-11,1.8322e-11
4.7575e-11,5.0182e-11,4.2346e-11
1.8915e-11,1.4454e-11,1.2557e-11
4.3004e-11,4.5713e-11,3.9494e-11
2.0367e-11,1.9005e-11,1.214e-11
1.4577e-11,1.3444e-11,1.3784e-11
4.7003e-11,6.3301e-11,4.3869e-11
2.1052e-11,2.117e-11,1.341e-11
2.8005e-11,4.1806e-11,3.9356e-11
1.1762e-11,1.4334e-11,1.1341e-11
1.0879e-11,1.4035e-11,1.283e-11
1.071e-11,1.4667e-11,1.4147e-11
1.2186e-11,1.4747e-11,5.1632e-12
2.2344e-11,1.5772e-11,1.1264e-11
2.2276e-11,1.5044e-11,1.3151e-11
1.7811e-11,1.6539e-11,9.1634e-12
1.8386e-11,3.6825e-11,3.1465e-11
2.1785e-11,1.441e-11,1.1423e-11
1.8685e-11,1.384e-11,7.0785e-12
1.0651e-11,1.2057e-11,1.2275e-11
1.3692e-11,1.2865e-11,6.2489e-12
1.1186e-11,1.29e-11,1.3099e-11
5.9918e-11,1.8419e-11,5.0176e-11
5.3836e-11,1.86e-11,4.4191e-11
4.7303e-11,1.843e-11,3.9698e-11
4.9995e-11,2.1186e-11,4.3156e-11
4.3847e-11,1.9677e-11,3.4938e-11
3.172e-11,1.87e-11,2.588e-11
3.2526e-11,1.6554e-11,2.5498e-11
4.2827e-11,2.2916e-11,4.1521e-11
3.5315e-11,2.7145e-11,2.3256e-11
2.8371e-11,1.4637e-11,2.2404e-11
2.6576e-11,1.5226e-11,1.8017e-11
2.5461e-11,1.4511e-11,1.8252e-11
2.5197e-11,1.578e-11,1.9313e-11
2.4191e-11,1.5862e-11,1.5828e-11
2.2501e-11,1.4722e-11,1.7042e-11
3.5063e-11,3.3659e-11,3.5551e-11
2.1804e-11,1.9405e-11,1.5545e-11
2.0821e-11,1.3669e-11,1.3874e-11
1.7983e-11,1.3977e-11,1.5538e-11
1.9241e-11,1.402e-11,1.7217e-11
4.8747e-11,4.8528e-11,3.9765e-11
2.356e-11,2.1358e-11,1.4245e-11
1.6466e-11,1.501e-11,1.5254e-11
2.2172e-11,2.4261e-11,2.4079e-11
2.6533e-11,3.0985e-11,2.7826e-11
4.9298e-11,7.1821e-11,4.9801e-11
1.6934e-11,1.9352e-11,1.1003e-11
1.5083e-11,1.4423e-11,7.4419e-12
9.7282e-12,1.2361e-11,1.0828e-11
2.569e-11,1.7942e-11,1.2554e-11
1.0444e-11,1.2949e-11,1.5966e-11
1.3704e-11,1.2845e-11,7.2948e-12
1.1862e-11,1.6869e-11,1.4747e-11
1.1512e-11,2.3245e-11,1.8843e-11
2.2841e-11,1.5423e-11,1.2614e-11
2.2816e-11,1.7282e-11,9.8636e-12
1.4769e-11,1.4164e-11,5.3673e-12
4.1064e-11,3.7886e-11,2.8053e-11
2.2586e-11,1.5872e-11,1.1553e-11
4.9948e-11,1.6484e-11,4.4612e-11
4.6021e-11,2.1033e-11,4.1415e-11
4.8791e-11,2.2843e-11,4.3575e-11
4.0446e-11,2.5731e-11,3.3195e-11
3.7471e-11,1.572e-11,2.8266e-11
4.219e-11,2.1441e-11,3.5512e-11
4.8312e-11,2.3207e-11,4.385e-11
3.7853e-11,2.1174e-11,3.2e-11
3.2297e-11,1.6391e-11,2.3317e-11
3.1907e-11,1.7476e-11,2.6632e-11
4.8632e-11,2.5677e-11,4.1042e-11
3.706e-11,2.8408e-11,2.5762e-11
2.6973e-11,1.5385e-11,1.8783e-11
2.4598e-11,1.5207e-11,1.9744e-11
3.6238e-11,2.7361e-11,2.6251e-11
2.248e-11,1.4625e-11,1.7142e-11
2.2327e-11,1.4277e-11,1.5893e-11
1.8435e-11,1.4259e-11,1.6335e-11
1.9053e-11,1.3818e-11,1.4868e-11
2.0434e-11,1.5332e-11,1.3803e-11
1.9357e-11,1.7119e-11,1.9011e-11
2.1868e-11,1.7518e-11,1.9663e-11
2.6062e-11,2.1529e-11,1.9007e-11
2.4024e-11,2.822e-11,2.6334e-11
2.9768e-11,3.175e-11,2.6677e-11
2.5956e-11,2.6019e-11,2.2553e-11
1.4479e-11,1.3372e-11,1.3228e-11
2.3749e-11,2.5146e-11,1.5886e-11
1.9939e-11,2.4995e-11,2.073e-11
1.6091e-11,1.6279e-11,1.1511e-11
2.5497e-11,2.9765e-11,1.7393e-11
4.1411e-11,5.5901e-11,3.3442e-11
4.4519e-11,6.6587e-11,4.2728e-11
1.2769e-11,1.2695e-11,1.1551e-11
1.2918e-11,1.2046e-11,8.0449e-12
1.2664e-11,1.3779e-11,7.473e-12
1.3125e-11,2.1113e-11,1.7853e-11
3.4727e-11,3.2263e-11,2.2926e-11
1.312e-11,1.8959e-11,1.6542e-11
2.5744e-11,1.4779e-11,1.0925e-11
9.2856e-12,1.4291e-11,1.3132e-11
1.0458e-11,1.2083e-11,6.8911e-12
1.0477e-11,1.0243e-11,6.3281e-12
5.5035e-11,2.3034e-11,4.6789e-11
5.4089e-11,2.1278e-11,4.3911e-11
5.1799e-11,2.176e-11,4.3712e-11
4.7074e-11,2.0707e-11,4.3653e-11
3.9259e-11,1.9163e-11,2.8686e-11
3.319e-11,1.5422e-11,2.3957e-11
4.2544e-11,2.3565e-11,3.8814e-11
3.1877e-11,2.7804e-11,2.4143e-11
2.9691e-11,1.6767e-11,2.3999e-11
4.1591e-11,2.3678e-11,3.4755e-11
2.7194e-11,1.7113e-11,1.7371e-11
5.6228e-11,5.1054e-11,4.7408e-11
2.6189e-11,1.6597e-11,1.6566e-11
2.942e-11,2.321e-11,1.9633e-11
2.4473e-11,2.2577e-11,2.1226e-11
2.2133e-11,1.9834e-11,1.5802e-11
3.5391e-11,2.9297e-11,3.2896e-11
4.4183e-11,4.074e-11,3.6253e-11
2.2275e-11,2.1413e-11,1.5112e-11
2.3539e-11,2.1054e-11,1.6963e-11
1.9673e-11,1.7103e-11,1.8257e-11
2.8278e-11,3.2373e-11,2.9326e-11
1.6363e-11,1.5189e-11,1.4778e-11
2.4947e-11,2.6733e-11,1.7276e-11
2.2269e-11,3.1561e-11,2.642e-11
1.7384e-11,1.8997e-11,1.1675e-11
1.2754e-11,1.3332e-11,1.2625e-11
9.2903e-12,1.2868e-11,1.1438e-11
4.0416e-11,4.9123e-11,3.5851e-11
3.2401e-11,2.9404e-11,2.0018e-11
9.6599e-12,1.2502e-11,1.0761e-11
1.1704e-11,1.3258e-11,1.1182e-11
1.1917e-11,1.2634e-11,6.7348e-12
1.0824e-11,1.2895e-11,8.4517e-12
2.4047e-11,1.7807e-11,1.5466e-11
2.9515e-11,2.3299e-11,1.6748e-11
1.0492e-11,1.5061e-11,1.3226e-11
1.1734e-11,1.2361e-11,1.255e-11
1.0914e-11,1.0735e-11,6.634e-12
1.9562e-11,1.3618e-11,8.2826e-12
5.8851e-11,1.9918e-11,4.6004e-11
5.1864e-11,2.6754e-11,4.5586e-11
5.119e-11,3.1066e-11,4.3853e-11
4.2661e-11,2.0174e-11,3.5471e-11
4.9142e-11,2.2237e-11,4.4019e-11
4.7636e-11,2.0642e-11,4.2679e-11
3.8198e-11,2.0292e-11,2.7689e-11
3.7502e-11,2.6437e-11,2.8316e-11
3.4218e-11,1.7723e-11,2.8625e-11
5.1534e-11,3.902e-11,4.0057e-11
3.2688e-11,1.6519e-11,2.2523e-11
5.414e-11,4.0411e-11,3.9304e-11
4.3721e-11,3.0889e-11,2.7167e-11
2.4372e-11,1.551e-11,2.1081e-11
2.5912e-11,1.7137e-11,1.7782e-11
3.2146e-11,2.2094e-11,2.8207e-11
3.9045e-11,2.6425e-11,3.5288e-11
2.5179e-11,1.537e-11,2.1822e-11
3.911e-11,2.9202e-11,3.6795e-11
3.1821e-11,2.4554e-11,1.9347e-11
2.4857e-11,1.5252e-11,1.602e-11
3.8682e-11,3.2012e-11,2.9375e-11
2.3763e-11,1.5802e-11,1.4767e-11
3.1371e-11,2.441e-11,1.8981e-11
2.1959e-11,1.4857e-11,1.7375e-11
2.7471e-11,2.2525e-11,2.6761e-11
3.4378e-11,3.2472e-11,3.4183e-11
2.9531e-11,2.3764e-11,2.7834e-11
2.132e-11,1.4287e-11,1.3118e-11
1.9663e-11,1.6561e-11,1.5613e-11
1.969e-11,1.8563e-11,1.8357e-11
2.1657e-11,2.18e-11,1.5083e-11
2.4815e-11,2.6574e-11,1.5928e-11
2.348e-11,2.405e-11,1.6541e-11
1.5509e-11,1.9448e-11,1.771e-11
3.7477e-11,4.619e-11,2.8616e-11
1.3997e-11,1.5231e-11,1.1012e-11
1.8244e-11,3.2456e-11,2.6061e-11
1.6344e-11,1.4875e-11,1.0434e-11
2.6173e-11,1.7948e-11,1.2462e-11
9.7597e-12,1.5405e-11,1.2612e-11
1.0501e-11,1.3813e-11,1.3136e-11
1.9957e-11,1.5375e-11,8.4183e-12
1.6691e-11,1.3945e-11,6.2849e-12
1.4163e-11,1.3077e-11,7.1664e-12
3.8121e-11,3.3688e-11,2.237e-11
1.0064e-11,1.5534e-11,1.3689e-11
1.9313e-11,1.4124e-11,5.7681e-12
2.3684e-11,1.3975e-11,8.8376e-12
4.6461e-11,5.1341e-11,3.5141e-11
6.0114e-11,2.3329e-11,4.763e-11
6.0781e-11,2.5538e-11,5.2179e-11
4.1057e-11,1.9288e-11,3.3867e-11
4.6728e-11,3.2159e-11,3.6088e-11
3.8531e-11,2.4778e-11,3.1777e-11
3.6605e-11,1.7709e-11,3.0548e-11
4.8339e-11,3.4908e-11,3.7894e-11
3.4321e-11,1.6263e-11,2.4611e-11
3.2693e-11,1.7592e-11,2.5331e-11
3.6384e-11,2.1168e-11,3.021e-11
3.6112e-11,2.1901e-11,3.0608e-11
3.6817e-11,2.4133e-11,3.2807e-11
4.6718e-11,3.5387e-11,2.8664e-11
4.5994e-11,3.4096e-11,2.8606e-11
5.3672e-11,4.3319e-11,3.8761e-11
2.7535e-11,2.2322e-11,1.6214e-11
2.2405e-11,1.8003e-11,2.1022e-11
1.9023e-11,1.5015e-11,1.684e-11
1.7206e-11,1.5352e-11,1.6916e-11
1.621e-11,1.46e-11,1.5711e-11
2.7626e-11,2.823e-11,2.3025e-11
2.2973e-11,2.4139e-11,1.4908e-11
2.0193e-11,2.1402e-11,1.1784e-11
1.6083e-11,1.805e-11,1.6846e-11
2.8303e-11,3.8162e-11,3.3416e-11
1.5272e-11,1.7864e-11,9.7397e-12
1.7542e-11,2.4122e-11,2.0046e-11
1.7418e-11,2.7038e-11,2.2339e-11
1.8633e-11,1.8863e-11,1.3626e-11
1.6335e-11,1.663e-11,6.2934e-12
1.5931e-11,1.5692e-11,6.9475e-12
1.005e-11,1.3871e-11,1.0811e-11
2.2893e-11,4.7147e-11,4.0345e-11
3.7381e-11,3.5251e-11,2.3327e-11
1.2856e-11,1.2937e-11,1.0646e-11
2.5348e-11,1.5364e-11,9.4917e-12
2.024e-11,4.6564e-11,4.1728e-11
1.9624e-11,1.446e-11,9.6557e-12
1.2298e-11,1.8855e-11,1.7356e-11
1.0487e-11,1.2295e-11,1.1319e-11
1.0683e-11,1.2646e-11,9.6382e-12
6.3385e-11,2.2137e-11,4.9239e-11
5.9193e-11,2.2291e-11,4.5261e-11
4.4475e-11,2.2085e-11,3.2562e-11
4.0922e-11,1.9489e-11,2.7046e-11
4.1361e-11,2.0715e-11,3.2642e-11
5.3904e-11,3.9978e-11,4.0059e-11
4.4944e-11,3.4123e-11,3.0837e-11
5.6698e-11,4.2391e-11,3.9328e-11
5.2977e-11,4.082e-11,3.7094e-11
3.2306e-11,2.0443e-11,2.953e-11
2.7585e-11,1.7276e-11,1.7742e-11
2.6366e-11,1.6777e-11,1.5707e-11
3.5806e-11,2.6613e-11,3.415e-11
2.6297e-11,1.6176e-11,1.9658e-11
3.1522e-11,2.389e-11,2.8975e-11
3.457e-11,2.5993e-11,3.0989e-11
3.3766e-11,3.4897e-11,3.7004e-11
3.3708e-11,2.6498e-11,2.1128e-11
3.1539e-11,3.3969e-11,3.2763e-11
2.1335e-11,2.1863e-11,1.3403e-11
1.4459e-11,1.6144e-11,1.468e-11
4.9379e-11,6.5015e-11,4.2384e-11
1.6979e-11,2.3685e-11,1.8974e-11
2.6827e-11,3.8015e-11,3.4862e-11
1.8876e-11,2.8093e-11,2.3699e-11
1.0168e-11,1.2852e-11,1.3891e-11
1.9058e-11,1.7771e-11,8.8352e-12
1.6591e-11,1.6615e-11,7.7867e-12
1.4639e-11,1.5387e-11,7.0622e-12
1.7938e-11,1.712e-11,1.1172e-11
1.7283e-11,1.6629e-11,8.4606e-12
1.3283e-11,1.3917e-11,7.942e-12
4.8984e-11,5.7592e-11,3.5955e-11
2.0795e-11,1.5724e-11,8.2642e-12
2.594e-11,1.4804e-11,1.0284e-11
2.0309e-11,1.4371e-11,8.0563e-12
3.1569e-11,2.0338e-11,1.8001e-11
4.9774e-11,5.8e-11,3.852e-11
6.2802e-11,2.6986e-11,5.1059e-11
5.1779e-11,2.5033e-11,3.9898e-11
4.3709e-11,2.0101e-11,3.0073e-11
4.897e-11,3.6119e-11,3.1304e-11
3.2362e-11,2.539e-11,1.9772e-11
5.1345e-11,3.7198e-11,3.2965e-11
3.1721e-11,2.4845e-11,1.9211e-11
2.697e-11,1.8907e-11,2.3033e-11
3.8022e-11,3.188e-11,3.7122e-11
6.2076e-11,5.658e-11,4.8536e-11
5.6046e-11,4.4324e-11,3.8319e-11
4.5416e-11,3.468e-11,3.1045e-11
2.7393e-11,2.4316e-11,1.555e-11
2.3921e-11,1.8935e-11,1.3548e-11
1.8336e-11,1.6194e-11,1.6178e-11
2.6524e-11,2.4587e-11,1.799e-11
2.9872e-11,3.899e-11,3.4581e-11
2.0565e-11,2.2975e-11,1.1407e-11
2.3069e-11,2.4942e-11,1.5886e-11
2.937e-11,4.2212e-11,3.705e-11
3.7093e-11,4.4416e-11,2.385e-11
2.5791e-11,2.4675e-11,1.3918e-11
1.8964e-11,1.9745e-11,9.4308e-12
1.2891e-11,1.3213e-11,1.0943e-11
1.6762e-11,2.6049e-11,2.1042e-11
3.7728e-11,4.4943e-11,2.4915e-11
1.2897e-11,1.3071e-11,9.3483e-12
1.2344e-11,1.2617e-11,9.212e-12
1.3057e-11,1.461e-11,9.8581e-12
1.1372e-11,1.3869e-11,1.0423e-11
1.5085e-11,1.5604e-11,7.6539e-12
1.0917e-11,1.5336e-11,1.3699e-11
1.2689e-11,1.3272e-11,7.5395e-12
2.1869e-11,3.4884e-11,2.9245e-11
2.38e-11,1.5986e-11,1.291e-11
9.4722e-12,1.2157e-11,9.9669e-12
1.3028e-11,2.259e-11,1.9496e-11
2.049e-11,5.1175e-11,4.5898e-11
1.6825e-11,1.3738e-11,4.5276e-12
1.7157e-11,1.4166e-11,5.6514e-12
1.0162e-11,1.5013e-11,1.4432e-11
1.9842e-11,1.4959e-11,4.8888e-12
1.0001e-11,1.3991e-11,1.2805e-11
3.2429e-11,2.0585e-11,1.8134e-11
1.8976e-11,1.4349e-11,9.6927e-12
2.8667e-11,1.8425e-11,1.5004e-11
2.003e-11,1.5201e-11,5.6741e-12
4.4637e-11,4.6282e-11,2.9717e-11
4.8552e-11,5.1619e-11,3.4742e-11
6.5278e-11,2.3127e-11,5.3668e-11
6.2722e-11,2.7599e-11,5.0013e-11
5.6501e-11,2.2204e-11,4.5084e-11
5.629e-11,2.2521e-11,4.3422e-11
4.9253e-11,2.1958e-11,3.6844e-11
5.0407e-11,3.4366e-11,3.8023e-11
4.3885e-11,2.116e-11,2.9311e-11
4.0543e-11,1.8783e-11,3.2976e-11
3.9734e-11,2.6483e-11,2.6979e-11
4.6854e-11,2.5991e-11,4.366e-11
5.2421e-11,3.8818e-11,3.5003e-11
3.5257e-11,1.8983e-11,2.4396e-11
3.3956e-11,2.6547e-11,2.0905e-11
3.7994e-11,2.2812e-11,3.1687e-11
4.251e-11,2.4308e-11,3.3774e-11
2.4952e-11,1.7949e-11,2.1894e-11
6.2537e-11,5.1842e-11,4.4117e-11
2.7079e-11,1.6757e-11,1.6704e-11
2.6664e-11,2.1202e-11,1.4725e-11
2.6341e-11,2.2164e-11,2.5862e-11
3.5354e-11,3.3261e-11,3.5481e-11
3.2265e-11,2.5078e-11,1.7399e-11
2.0243e-11,1.7689e-11,1.457e-11
2.2956e-11,1.7415e-11,1.326e-11
5.4881e-11,5.4902e-11,3.9829e-11
1.7587e-11,1.5314e-11,1.4944e-11
2.6455e-11,2.4748e-11,1.8157e-11
3.0594e-11,3.6362e-11,3.4942e-11
2.125e-11,2.1084e-11,1.9854e-11
1.5138e-11,1.5042e-11,1.3722e-11
1.7318e-11,2.069e-11,1.8569e-11
1.7942e-11,2.3971e-11,1.9347e-11
1.1977e-11,1.3873e-11,1.0182e-11
4.672e-11,5.9831e-11,3.6205e-11
1.0985e-11,1.5817e-11,1.1832e-11
2.5406e-11,1.7648e-11,1.1132e-11
9.7046e-12,1.44e-11,1.3493e-11
1.1697e-11,1.1631e-11,1.0788e-11
1.0509e-11,1.5757e-11,1.443e-11
1.4682e-11,2.5136e-11,2.2449e-11
1.407e-11,1.3266e-11,8.0673e-12
2.2303e-11,3.6645e-11,3.213e-11
1.1387e-11,1.208e-11,6.7502e-12
1.5074e-11,1.1817e-11,5.8269e-12
2.8418e-11,1.7613e-11,1.35e-11
1.0816e-11,1.434e-11,1.2828e-11
1.6745e-11,1.3741e-11,7.0739e-12
1.4443e-11,1.1341e-11,4.7707e-12
6.446e-11,3.2937e-11,5.3687e-11
4.8786e-11,2.6664e-11,3.5543e-11
4.8517e-11,2.4523e-11,4.243e-11
4.3123e-11,2.8075e-11,3.3032e-11
4.3246e-11,2.3305e-11,2.9518e-11
5.6662e-11,4.0998e-11,3.6768e-11
5.6999e-11,4.0977e-11,3.8691e-11
3.5073e-11,2.0031e-11,2.8868e-11
3.0194e-11,1.8609e-11,1.9021e-11
3.6097e-11,2.3036e-11,3.1152e-11
2.8177e-11,1.9037e-11,1.7246e-11
3.3909e-11,2.6087e-11,3.1746e-11
3.7622e-11,3.0354e-11,2.3529e-11
2.7552e-11,2.3327e-11,1.405e-11
5.3726e-11,4.3472e-11,3.5198e-11
3.2993e-11,2.8901e-11,2.9484e-11
3.3597e-11,3.3904e-11,3.4522e-11
2.3997e-11,2.0588e-11,2.2155e-11
2.2021e-11,1.8721e-11,1.409e-11
2.4293e-11,2.4141e-11,1.5546e-11
2.8114e-11,2.6777e-11,2.0178e-11
1.7697e-11,1.8177e-11,1.7354e-11
2.4075e-11,2.8135e-11,2.8012e-11
2.6682e-11,3.364e-11,3.1051e-11
5.1424e-11,6.3355e-11,4.2894e-11
2.2301e-11,2.9283e-11,2.8064e-11
2.3348e-11,2.4855e-11,1.4991e-11
4.0118e-11,4.9031e-11,2.6171e-11
1.8189e-11,1.899e-11,1.0573e-11
3.7491e-11,4.4544e-11,2.3281e-11
2.0778e-11,1.8916e-11,1.002e-11
1.2273e-11,1.5639e-11,1.4171e-11
2.1335e-11,1.7579e-11,9.1304e-12
1.0707e-11,1.3249e-11,8.4713e-12
1.3289e-11,1.8398e-11,1.6852e-11
4.3348e-11,3.7943e-11,2.3465e-11
2.6486e-11,1.7785e-11,1.2453e-11
1.3192e-11,1.2735e-11,1.1266e-11
1.0282e-11,1.2744e-11,1.2794e-11
1.5257e-11,2.7805e-11,2.3331e-11
1.794e-11,1.445e-11,7.1911e-12
1.5347e-11,1.2345e-11,6.7977e-12
1.6052e-11,1.4871e-11,9.7221e-12
1.3121e-11,1.2951e-11,6.0955e-12
1.3596e-11,1.3271e-11,9.1029e-12
2.506e-11,1.5498e-11,1.0079e-11
1.7023e-11,1.2955e-11,9.5416e-12
1.1456e-11,1.2581e-11,1.0156e-11
5.9842e-11,2.829e-11,4.6057e-11
5.7221e-11,3.3346e-11,4.6031e-11
5.1546e-11,2.2868e-11,3.6613e-11
5.505e-11,2.8989e-11,4.181e-11
5.7947e-11,3.7459e-11,4.8459e-11
4.0996e-11,1.9219e-11,2.953e-11
3.6015e-11,2.0633e-11,2.2207e-11
3.3838e-11,2.0341e-11,1.994e-11
3.5002e-11,2.0743e-11,2.0088e-11
4.5162e-11,2.7549e-11,3.7779e-11
3.3105e-11,2.3436e-11,1.9323e-11
3.2572e-11,2.7714e-11,2.0552e-11
2.2187e-11,1.7282e-11,1.6602e-11
2.5592e-11,1.8478e-11,1.6629e-11
2.2301e-11,1.6768e-11,1.5538e-11
3.6412e-11,3.2945e-11,3.4615e-11
2.6565e-11,2.1395e-11,1.4779e-11
6.2458e-11,5.6541e-11,4.7146e-11
3.2564e-11,3.1454e-11,3.1445e-11
2.6044e-11,2.4738e-11,1.451e-11
2.491e-11,2.5085e-11,1.6071e-11
3.1067e-11,2.8927e-11,1.7664e-11
3.0012e-11,3.4552e-11,3.2709e-11
3.7898e-11,4.487e-11,2.8579e-11
4.9692e-11,6.2366e-11,4.1191e-11
1.7026e-11,2.0905e-11,2.048e-11
1.1924e-11,1.4703e-11,8.7621e-12
1.8483e-11,3.0688e-11,2.4155e-11
1.1571e-11,1.1858e-11,7.8534e-12
1.209e-11,1.5956e-11,1.4628e-11
1.2772e-11,1.1755e-11,1.1604e-11
1.0045e-11,1.2633e-11,1.0139e-11
2.1939e-11,1.669e-11,8.2575e-12
1.4551e-11,1.4031e-11,9.3286e-12
1.1452e-11,1.2663e-11,8.4824e-12
1.4082e-11,1.9767e-11,1.8031e-11
1.302e-11,1.2168e-11,5.3165e-12
1.2038e-11,1.2828e-11,8.6845e-12
1.4883e-11,1.1639e-11,3.9012e-12
5.431e-11,5.8972e-11,3.6071e-11
6.3437e-11,2.619e-11,4.7658e-11
5.841e-11,2.4512e-11,4.2936e-11
6.0415e-11,2.681e-11,4.7512e-11
5.474e-11,2.3331e-11,4.1272e-11
5.4306e-11,2.5035e-11,4.0321e-11
4.6756e-11,2.4614e-11,3.1501e-11
4.0661e-11,2.1158e-11,3.0723e-11
4.1732e-11,3.3112e-11,2.6503e-11
4.3782e-11,2.4921e-11,3.875e-11
4.1347e-11,3.3645e-11,2.7988e-11
3.1707e-11,2.2992e-11,1.8862e-11
2.5918e-11,1.7036e-11,1.8954e-11
3.7507e-11,2.8476e-11,3.5219e-11
2.8904e-11,1.7016e-11,1.5784e-11
2.8727e-11,1.9078e-11,1.6553e-11
2.7168e-11,1.7376e-11,1.5238e-11
2.5574e-11,1.898e-11,1.5646e-11
2.8988e-11,2.5447e-11,1.6931e-11
2.1847e-11,1.7542e-11,1.9448e-11
2.1055e-11,1.6887e-11,1.876e-11
1.609e-11,1.5228e-11,1.3631e-11
1.5486e-11,1.4929e-11,1.397e-11
1.5907e-11,1.4903e-11,1.4742e-11
2.1981e-11,2.5523e-11,1.2341e-11
2.3929e-11,2.9238e-11,2.8333e-11
3.5245e-11,3.5195e-11,2.2594e-11
3.1145e-11,4.5431e-11,4.0196e-11
4.7326e-11,6.1055e-11,3.6638e-11
2.6102e-11,3.6645e-11,3.395e-11
1.2169e-11,1.4587e-11,9.3095e-12
2.4651e-11,3.4878e-11,3.0568e-11
1.1451e-11,1.3031e-11,9.249e-12
1.0863e-11,1.2752e-11,9.7212e-12
1.1188e-11,1.3692e-11,7.7835e-12
1.1523e-11,1.4264e-11,8.009e-12
1.2046e-11,1.5948e-11,1.1344e-11
6.0324e-11,6.7847e-11,3.6309e-11
1.2971e-11,1.4468e-11,6.7342e-12
1.0569e-11,1.2964e-11,1.2632e-11
1.7514e-11,3.2281e-11,2.8281e-11
1.3903e-11,2.043e-11,1.8e-11
1.291e-11,1.4041e-11,1.1239e-11
2.2193e-11,1.6952e-11,8.7896e-12
1.1619e-11,1.2587e-11,9.4831e-12
1.3286e-11,1.2053e-11,5.5946e-12
5.7006e-11,6.7277e-11,3.9834e-11
4.6162e-11,2.4057e-11,3.8671e-11
4.4631e-11,3.2315e-11,2.9478e-11
4.7584e-11,2.7534e-11,4.4969e-11
4.5327e-11,2.7413e-11,4.273e-11
3.5907e-11,2.4911e-11,2.0531e-11
3.2206e-11,2.0313e-11,2.2525e-11
3.711e-11,2.3613e-11,3.3283e-11
3.186e-11,1.7782e-11,2.044e-11
3.4371e-11,2.346e-11,3.0433e-11
2.9182e-11,2.3779e-11,2.927e-11
4.8283e-11,3.7739e-11,2.9864e-11
3.579e-11,2.8352e-11,3.3409e-11
2.3675e-11,1.7607e-11,1.95e-11
2.2071e-11,1.7107e-11,1.5492e-11
6.21e-11,5.391e-11,4.6196e-11
4.4659e-11,3.6763e-11,2.7886e-11
2.4543e-11,1.767e-11,1.5321e-11
2.3211e-11,1.7485e-11,1.2654e-11
5.8962e-11,5.5916e-11,4.2611e-11
5.0855e-11,5.0489e-11,3.8938e-11
2.0512e-11,1.7667e-11,1.1382e-11
2.8889e-11,2.7227e-11,1.768e-11
3.5037e-11,3.4068e-11,2.3472e-11
1.5611e-11,1.4534e-11,1.3729e-11
4.9915e-11,5.7395e-11,3.8369e-11
1.5638e-11,1.4385e-11,1.3397e-11
3.0121e-11,4.0087e-11,3.7505e-11
4.563e-11,4.9845e-11,3.0872e-11
1.6776e-11,1.8883e-11,1.7605e-11
2.9704e-11,4.3448e-11,3.7991e-11
3.2461e-11,3.2453e-11,1.6343e-11
2.4666e-11,3.4346e-11,2.9941e-11
1.2335e-11,1.3248e-11,9.6136e-12
4.441e-11,4.4831e-11,2.3965e-11
1.3741e-11,1.3652e-11,1.1067e-11
1.0632e-11,1.3029e-11,1.3097e-11
3.0018e-11,2.0099e-11,1.2463e-11
1.3562e-11,1.8143e-11,1.6349e-11
6.0939e-11,7.3168e-11,4.057e-11
4.9717e-11,4.9074e-11,3.0473e-11
2.7955e-11,1.8646e-11,1.2222e-11
1.1367e-11,1.4013e-11,1.2183e-11
1.6274e-11,2.1857e-11,1.9435e-11
5.4318e-11,4.9346e-11,2.898e-11
1.2472e-11,1.4159e-11,1.0341e-11
1.0295e-11,1.3776e-11,1.3139e-11
6.6168e-11,2.6867e-11,5.0773e-11
6.2792e-11,2.6343e-11,4.4733e-11
6.3047e-11,2.6079e-11,4.3176e-11
5.1134e-11,2.4752e-11,3.3431e-11
5.1856e-11,2.5569e-11,4.3686e-11
3.626e-11,2.0244e-11,2.8209e-11
3.5199e-11,2.2248e-11,3.0702e-11
3.7771e-11,2.2478e-11,3.1143e-11
4.2425e-11,2.6761e-11,3.7759e-11
2.7866e-11,1.8491e-11,2.0415e-11
3.4426e-11,2.5873e-11,1.954e-11
2.701e-11,1.9163e-11,1.7705e-11
2.8613e-11,1.8536e-11,1.5023e-11
5.2178e-11,4.171e-11,3.401e-11
3.2744e-11,2.6238e-11,2.9882e-11
4.0055e-11,3.4522e-11,2.6855e-11
4.4654e-11,3.7332e-11,2.7074e-11
2.5119e-11,2.0358e-11,1.4237e-11
1.9909e-11,1.8197e-11,1.6892e-11
2.2207e-11,1.7552e-11,1.2239e-11
1.7382e-11,1.5751e-11,1.6267e-11
2.3659e-11,2.6691e-11,1.3833e-11
3.708e-11,3.7206e-11,2.5439e-11
3.0241e-11,3.0847e-11,1.7078e-11
2.2064e-11,2.8482e-11,2.5828e-11
2.7396e-11,3.7292e-11,3.4543e-11
3.3005e-11,2.6004e-11,1.6076e-11
4.308e-11,3.9075e-11,2.097e-11
5.8416e-11,7.2665e-11,3.8941e-11
1.251e-11,1.4571e-11,1.0448e-11
5.0007e-11,4.9812e-11,2.863e-11
1.4552e-11,1.4141e-11,5.872e-12
1.1824e-11,1.65e-11,1.4956e-11
2.5092e-11,4.6017e-11,4.1743e-11
3.4073e-11,1.9821e-11,1.3635e-11
1.359e-11,1.3553e-11,5.3783e-12
6.645e-11,2.8371e-11,4.9165e-11
5.8445e-11,2.5145e-11,3.8877e-11
5.5945e-11,2.5585e-11,4.1911e-11
5.2155e-11,2.84e-11,3.0681e-11
4.4143e-11,2.2481e-11,2.9905e-11
4.3501e-11,2.2391e-11,3.0293e-11
4.0357e-11,2.1757e-11,2.6336e-11
3.7641e-11,2.0754e-11,2.5707e-11
4.6487e-11,3.5941e-11,2.6518e-11
3.8698e-11,2.5652e-11,2.5028e-11
3.4056e-11,2.1755e-11,2.7761e-11
4.7809e-11,3.0276e-11,4.079e-11
3.4321e-11,2.2745e-11,1.8998e-11
2.9485e-11,2.0275e-11,2.1763e-11
4.5357e-11,3.1585e-11,2.5592e-11
3.0701e-11,2.4016e-11,1.8918e-11
2.9322e-11,2.2186e-11,2.5798e-11
2.9985e-11,2.5795e-11,1.6093e-11
5.0222e-11,3.7328e-11,2.9648e-11
2.6086e-11,1.8253e-11,1.6305e-11
5.7068e-11,4.7535e-11,3.7722e-11
2.543e-11,2.0625e-11,1.5318e-11
5.3513e-11,4.8218e-11,3.6543e-11
3.7086e-11,3.3834e-11,2.2716e-11
1.852e-11,1.8854e-11,1.6402e-11
2.5693e-11,2.5857e-11,2.4474e-11
3.3934e-11,3.3467e-11,2.1848e-11
2.3793e-11,2.7199e-11,2.7761e-11
1.5147e-11,1.4753e-11,1.3241e-11
1.783e-11,2.0458e-11,1.834e-11
2.3616e-11,2.9825e-11,2.7544e-11
5.0431e-11,6.2898e-11,3.7565e-11
3.2878e-11,2.9569e-11,1.5464e-11
3.9793e-11,3.9767e-11,2.1286e-11
4.1041e-11,4.0785e-11,2.2264e-11
2.9353e-11,2.4768e-11,1.5147e-11
2.4305e-11,3.6218e-11,3.1123e-11
1.6582e-11,2.2764e-11,1.9633e-11
3.6075e-11,2.5341e-11,1.7635e-11
1.161e-11,1.2635e-11,7.0057e-12
1.8802e-11,3.1602e-11,2.7316e-11
4.5638e-11,3.3726e-11,2.3057e-11
1.189e-11,1.5923e-11,1.4999e-11
2.4096e-11,4.6132e-11,4.2302e-11
4.4018e-11,3.0338e-11,2.2224e-11
3.5628e-11,1.9538e-11,1.6886e-11
1.1354e-11,1.3113e-11,9.8064e-12
6.5009e-11,2.7151e-11,4.5517e-11
5.9984e-11,3.3303e-11,4.2828e-11
5.973e-11,3.1896e-11,3.9836e-11
5.9172e-11,4.1686e-11,4.0527e-11
5.2374e-11,2.6298e-11,3.5905e-11
5.0532e-11,2.5638e-11,3.9333e-11
5.1734e-11,3.8527e-11,3.3678e-11
4.1602e-11,2.2167e-11,2.6124e-11
4.1234e-11,2.1137e-11,2.5978e-11
3.9735e-11,2.2363e-11,2.3911e-11
3.9296e-11,2.2052e-11,2.2106e-11
3.815e-11,2.478e-11,2.1484e-11
4.6972e-11,3.7061e-11,2.6765e-11
3.9297e-11,2.2147e-11,2.1639e-11
3.6384e-11,2.6045e-11,1.8938e-11
4.3478e-11,3.2573e-11,2.3823e-11
4.9382e-11,3.6859e-11,2.9033e-11
3.4469e-11,2.6191e-11,1.8279e-11
3.5715e-11,2.8113e-11,2.0833e-11
3.4755e-11,2.7597e-11,1.799e-11
2.9189e-11,2.2733e-11,1.6196e-11
5.0097e-11,3.7493e-11,2.8138e-11
2.6664e-11,1.8002e-11,1.6172e-11
2.1455e-11,1.7394e-11,1.7321e-11
6.1021e-11,5.03e-11,3.8369e-11
2.2209e-11,2.0589e-11,2.1154e-11
2.0367e-11,1.8198e-11,1.4671e-11
1.8808e-11,1.7008e-11,1.3022e-11
1.8698e-11,1.7227e-11,1.2931e-11
1.7143e-11,1.5807e-11,1.2289e-11
1.7806e-11,1.6996e-11,1.1587e-11
1.9393e-11,2.0019e-11,1.8759e-11
1.7047e-11,1.6078e-11,1.1809e-11
1.5443e-11,1.5392e-11,1.3376e-11
1.8938e-11,2.2165e-11,1.9743e-11
5.2497e-11,6.2634e-11,3.3431e-11
1.9802e-11,2.3445e-11,2.462e-11
2.4239e-11,2.3791e-11,1.1656e-11
3.5093e-11,3.3066e-11,1.7855e-11
1.8241e-11,2.0201e-11,1.0199e-11
2.89e-11,2.5205e-11,1.3543e-11
1.9331e-11,2.8425e-11,2.4938e-11
3.888e-11,3.5348e-11,2.0651e-11
2.7626e-11,2.2726e-11,1.1426e-11
6.0745e-11,6.9493e-11,3.6551e-11
2.7377e-11,4.046e-11,3.5438e-11
1.0954e-11,1.3007e-11,1.1093e-11
1.9803e-11,3.3863e-11,2.9847e-11
1.5629e-11,1.4808e-11,8.7007e-12
1.6238e-11,1.5138e-11,1.0163e-11
1.678e-11,2.4039e-11,2.0846e-11
4.2513e-11,2.8434e-11,2.0909e-11
1.1729e-11,1.5035e-11,9.9725e-12
1.6986e-11,2.4921e-11,2.2074e-11
1.0955e-11,1.3169e-11,1.2895e-11
1.1428e-11,1.4096e-11,1.4939e-11
1.0767e-11,1.2862e-11,1.2384e-11
6.4781e-11,7.6051e-11,4.2288e-11
2.5987e-11,1.8179e-11,9.6986e-12
5.3708e-11,2.507e-11,3.8441e-11
4.7567e-11,3.6704e-11,2.6231e-11
3.7355e-11,2.2368e-11,2.3907e-11
5.1531e-11,3.9291e-11,2.8469e-11
3.3477e-11,1.9926e-11,2.2239e-11
5.1814e-11,3.9974e-11,3.2534e-11
3.1697e-11,2.4598e-11,1.9317e-11
3.7062e-11,3.0179e-11,3.5372e-11
2.5465e-11,1.8976e-11,1.5636e-11
3.2538e-11,2.5676e-11,2.972e-11
3.2811e-11,2.7066e-11,3.0907e-11
3.4923e-11,3.0904e-11,1.8196e-11
4.3735e-11,3.3282e-11,2.2929e-11
1.9996e-11,1.7215e-11,1.4272e-11
2.0933e-11,1.8479e-11,1.1379e-11
2.0231e-11,1.8229e-11,1.1493e-11
1.7743e-11,1.7899e-11,1.6888e-11
1.8221e-11,1.889e-11,1.2576e-11
2.8658e-11,2.8072e-11,1.5466e-11
2.5867e-11,3.0693e-11,2.8556e-11
4.6705e-11,5.2847e-11,2.8678e-11
2.5001e-11,2.5425e-11,1.1961e-11
1.7697e-11,2.0633e-11,9.6438e-12
3.7224e-11,2.8456e-11,1.4497e-11
1.5829e-11,1.3613e-11,1e-11
3.2975e-11,2.5486e-11,1.6869e-11
1.2456e-11,1.4826e-11,9.5907e-12
6.7064e-11,7.8631e-11,4.3146e-11
2.3715e-11,4.5148e-11,4.0227e-11
7.2281e-11,8.5503e-11,4.4525e-11
1.0949e-11,1.3813e-11,1.0685e-11
1.279e-11,1.3338e-11,1.0454e-11
6.2831e-11,3.0119e-11,4.2582e-11
6.5892e-11,3.1459e-11,4.7275e-11
5.9634e-11,3.192e-11,3.7704e-11
5.6819e-11,3.2312e-11,3.3822e-11
6.0925e-11,4.3854e-11,4.0185e-11
4.7693e-11,2.459e-11,3.2249e-11
5.3386e-11,4.1009e-11,3.1563e-11
4.6047e-11,2.5367e-11,3.5878e-11
4.5133e-11,2.864e-11,3.2168e-11
4.5004e-11,2.6627e-11,2.4591e-11
4.6186e-11,2.7988e-11,4.1891e-11
3.9987e-11,3.3434e-11,2.4231e-11
3.6083e-11,2.2019e-11,2.8062e-11
3.3568e-11,2.0504e-11,2.0807e-11
3.5522e-11,2.8055e-11,1.7655e-11
3.9694e-11,3.3901e-11,2.3238e-11
2.4791e-11,1.9065e-11,2.0314e-11
2.4285e-11,1.8878e-11,1.4509e-11
2.526e-11,1.8692e-11,2.0579e-11
2.4887e-11,1.9111e-11,2.0921e-11
1.9083e-11,1.7383e-11,1.4202e-11
2.1699e-11,1.8508e-11,1.1545e-11
2.1629e-11,2.2494e-11,2.0783e-11
2.0449e-11,2.0001e-11,1.2026e-11
1.6983e-11,1.5931e-11,1.2117e-11
2.9982e-11,2.9002e-11,1.2788e-11
1.5297e-11,1.8381e-11,1.5689e-11
1.6958e-11,2.1423e-11,1.8254e-11
1.9829e-11,2.2672e-11,1.1848e-11
1.5104e-11,1.9422e-11,1.6508e-11
1.7238e-11,2.1204e-11,7.0712e-12
1.58e-11,1.6904e-11,8.8359e-12
1.4709e-11,1.421e-11,5.7241e-12
2.0095e-11,3.2168e-11,2.7764e-11
3.188e-11,2.2935e-11,1.2481e-11
1.1396e-11,1.4414e-11,9.4878e-12
1.7717e-11,1.53e-11,1.0262e-11
5.16e-11,4.2513e-11,2.9356e-11
1.2311e-11,1.2586e-11,8.2332e-12
1.1724e-11,1.5744e-11,1.2357e-11
5.4729e-11,4.8083e-11,3.3933e-11
1.1916e-11,1.4795e-11,1.1871e-11
1.1634e-11,1.4819e-11,1.2139e-11
6.4634e-11,7.3466e-11,4.0077e-11
6.9626e-11,2.9965e-11,4.8828e-11
6.8267e-11,3.0859e-11,4.5111e-11
6.5413e-11,3.166e-11,4.3654e-11
5.775e-11,2.8435e-11,4.0801e-11
6.2494e-11,3.1136e-11,3.9164e-11
5.6215e-11,2.7186e-11,3.8656e-11
5.5261e-11,3.9378e-11,3.2542e-11
4.9788e-11,2.8684e-11,3.3251e-11
4.8967e-11,2.7152e-11,4.1385e-11
4.7321e-11,2.7e-11,2.6551e-11
4.3642e-11,2.3486e-11,2.4798e-11
4.1684e-11,2.8816e-11,2.3779e-11
3.247e-11,2.3585e-11,1.9921e-11
5.0356e-11,3.8108e-11,2.6885e-11
3.4397e-11,2.54e-11,1.802e-11
2.8577e-11,1.9777e-11,2.052e-11
2.6974e-11,2.0874e-11,2.309e-11
2.6416e-11,2.4719e-11,1.4671e-11
2.6261e-11,2.3891e-11,1.4084e-11
2.6313e-11,2.4364e-11,2.4814e-11
3.1567e-11,2.8877e-11,3.0628e-11
1.9455e-11,1.836e-11,1.3032e-11
2.6426e-11,2.97e-11,1.4204e-11
2.002e-11,1.7214e-11,1.1657e-11
1.8328e-11,1.7798e-11,1.2629e-11
2.154e-11,2.4749e-11,2.1741e-11
1.64e-11,1.6396e-11,1.4798e-11
5.2816e-11,6.1751e-11,3.4852e-11
2.4294e-11,2.6821e-11,1.1724e-11
1.6619e-11,1.8992e-11,1.6495e-11
4.7619e-11,5.2475e-11,2.4721e-11
5.7037e-11,6.7932e-11,3.6834e-11
1.4788e-11,1.8109e-11,1.532e-11
1.7033e-11,1.9137e-11,1.0438e-11
1.3755e-11,1.4261e-11,8.7605e-12
1.3122e-11,1.3533e-11,7.7909e-12
1.6857e-11,2.1327e-11,1.9434e-11
2.7235e-11,2.161e-11,1.1901e-11
6.9078e-11,6.9009e-11,3.608e-11
1.2024e-11,1.586e-11,1.4155e-11
1.3398e-11,1.7385e-11,1.6078e-11
7.3784e-11,8.6842e-11,4.4998e-11
3.0498e-11,1.9833e-11,1.1514e-11
1.2306e-11,1.2505e-11,7.7301e-12
5.3855e-11,3.863e-11,2.7496e-11
6.3765e-11,3.0343e-11,4.1077e-11
5.1557e-11,2.7927e-11,4.0217e-11
4.8703e-11,2.8052e-11,3.397e-11
4.1373e-11,2.4566e-11,3.2209e-11
4.7414e-11,2.7312e-11,4.0465e-11
5.1844e-11,4.1598e-11,2.8543e-11
4.5725e-11,2.9448e-11,4.308e-11
3.5447e-11,2.5681e-11,3.0015e-11
5.7741e-11,4.4111e-11,3.2564e-11
3.852e-11,2.3493e-11,2.2752e-11
3.3327e-11,2.0637e-11,2.0496e-11
3.9085e-11,3.1562e-11,2.3195e-11
2.8872e-11,2.7562e-11,1.4902e-11
2.7364e-11,2.6277e-11,1.4e-11
1.936e-11,1.7681e-11,1.2282e-11
3.3127e-11,3.541e-11,2.0773e-11
1.707e-11,1.7442e-11,1.1515e-11
1.6909e-11,1.721e-11,1.0922e-11
1.7663e-11,1.8042e-11,1.7273e-11
5.4421e-11,6.3506e-11,3.3883e-11
1.8733e-11,2.1948e-11,2.1547e-11
5.0872e-11,5.5069e-11,2.6594e-11
5.7708e-11,6.6896e-11,3.3877e-11
2.8612e-11,2.6515e-11,1.3904e-11
2.0196e-11,1.9548e-11,7.4231e-12
1.513e-11,1.6564e-11,1.3499e-11
1.3269e-11,1.4848e-11,1.2005e-11
1.327e-11,1.5923e-11,1.3071e-11
6.1405e-11,4.9745e-11,2.9345e-11
2.2027e-11,1.8531e-11,6.49e-12
1.262e-11,1.2873e-11,9.3306e-12
1.3079e-11,1.5321e-11,1.3985e-11
1.3209e-11,1.7212e-11,1.5608e-11
2.0446e-11,1.6354e-11,4.4368e-12
2.3698e-11,3.9759e-11,3.5493e-11
2.071e-11,1.7364e-11,6.3085e-12
1.2944e-11,1.3544e-11,1.0941e-11
5.2558e-11,4.0074e-11,3.1303e-11
1.1911e-11,1.5309e-11,1.1231e-11
6.0178e-11,5.1219e-11,3.1741e-11
6.609e-11,4.0067e-11,4.6383e-11
6.489e-11,3.5771e-11,4.0544e-11
6.7134e-11,4.2881e-11,4.4084e-11
6.3467e-11,3.84e-11,4.026e-11
5.0662e-11,2.8499e-11,3.2075e-11
4.921e-11,2.992e-11,3.1505e-11
4.7809e-11,2.7587e-11,3.0956e-11
5.5664e-11,4.4753e-11,3.1634e-11
4.2321e-11,2.4667e-11,2.3904e-11
4.0423e-11,2.4313e-11,2.8636e-11
3.9172e-11,2.2798e-11,2.3675e-11
3.1388e-11,2.1727e-11,2.2175e-11
3.3036e-11,2.2125e-11,2.1871e-11
3.7194e-11,2.8469e-11,3.461e-11
3.0039e-11,2.2118e-11,1.9816e-11
2.8433e-11,2.5528e-11,2.6432e-11
2.2919e-11,2.0858e-11,1.7348e-11
3.1059e-11,2.7815e-11,1.7478e-11
3.1557e-11,3.1305e-11,3.2501e-11
3.0074e-11,3.0536e-11,1.7196e-11
2.8704e-11,2.9802e-11,1.6106e-11
4.6795e-11,4.4024e-11,2.8854e-11
3.6838e-11,3.956e-11,2.5557e-11
1.7356e-11,1.6706e-11,1.21e-11
2.0047e-11,2.0207e-11,1.8845e-11
1.9267e-11,1.9184e-11,9.4377e-12
2.196e-11,2.6604e-11,1.2025e-11
1.9369e-11,1.8904e-11,9.6378e-12
4.2708e-11,3.2805e-11,1.7457e-11
1.5855e-11,2.0514e-11,1.7282e-11
2.1477e-11,2.0869e-11,9.322e-12
1.3407e-11,1.3341e-11,8.1409e-12
1.8818e-11,2.7401e-11,2.3617e-11
3.2354e-11,2.3759e-11,1.2764e-11
1.2951e-11,1.4498e-11,1.1024e-11
1.9049e-11,2.8446e-11,2.4633e-11
2.1885e-11,2.018e-11,9.2655e-12
1.679e-11,1.5343e-11,7.5642e-12
2.1945e-11,3.7103e-11,3.4489e-11
1.5576e-11,1.256e-11,5.6086e-12
1.5619e-11,1.2645e-11,5.4919e-12
1.3412e-11,1.5447e-11,1.3442e-11
1.258e-11,1.56e-11,1.2029e-11
1.3055e-11,1.709e-11,1.2923e-11
7.839e-11,8.7753e-11,4.6556e-11
1.8948e-11,3.2323e-11,2.8371e-11
4.9236e-11,2.7521e-11,2.0689e-11
3.0097e-11,2.0758e-11,1.0439e-11
4.7401e-11,2.7071e-11,2.0734e-11
6.2394e-11,4.6176e-11,3.7233e-11
4.7432e-11,2.8048e-11,3.3692e-11
5.1646e-11,3.0397e-11,2.7202e-11
4.8924e-11,3.962e-11,2.4834e-11
4.2813e-11,2.7363e-11,2.9518e-11
3.8625e-11,2.2988e-11,2.6706e-11
3.9022e-11,2.3384e-11,2.1288e-11
3.9713e-11,2.948e-11,3.7189e-11
5.8343e-11,4.5556e-11,3.4514e-11
3.1319e-11,2.6244e-11,2.8322e-11
2.9041e-11,2.3181e-11,2.6664e-11
2.3729e-11,2.1545e-11,1.3793e-11
2.2266e-11,1.9013e-11,1.3555e-11
5.0212e-11,4.6827e-11,2.9336e-11
2.2629e-11,2.3474e-11,2.179e-11
2.1182e-11,2.0405e-11,1.9092e-11
2.255e-11,2.5395e-11,2.2767e-11
2.2748e-11,2.5189e-11,1.2346e-11
1.9625e-11,2.0731e-11,1.1877e-11
2.0124e-11,1.7837e-11,1.4757e-11
2.1846e-11,2.5206e-11,1.2416e-11
2.5601e-11,2.9122e-11,1.2961e-11
2.6148e-11,2.917e-11,1.2678e-11
1.6967e-11,1.7925e-11,1.6384e-11
2.1622e-11,2.8363e-11,2.5171e-11
2.5227e-11,3.5136e-11,3.2136e-11
1.4591e-11,1.5989e-11,1.1516e-11
1.6835e-11,2.2294e-11,2.1193e-11
1.3631e-11,1.5166e-11,1.0572e-11
1.2976e-11,1.4771e-11,1.0636e-11
2.0767e-11,1.9515e-11,6.9525e-12
1.7058e-11,1.5576e-11,5.0547e-12
1.3896e-11,1.3467e-11,5.4188e-12
1.401e-11,1.7813e-11,1.6444e-11
2.7054e-11,4.5438e-11,4.0555e-11
1.3975e-11,1.5248e-11,1.1437e-11
2.7383e-11,4.8775e-11,4.3964e-11
1.4651e-11,2.0813e-11,1.8045e-11
2.4206e-11,1.9606e-11,6.2972e-12
1.3956e-11,1.3084e-11,9.6277e-12
2.0096e-11,2.9274e-11,2.7382e-11
1.3237e-11,1.341e-11,1.1388e-11
7.366e-11,6.9517e-11,3.7884e-11
6.5987e-11,3.2997e-11,4.0216e-11
4.6033e-11,2.7408e-11,3.0782e-11
4.5838e-11,2.8301e-11,3.9391e-11
5.6923e-11,4.4894e-11,3.292e-11
3.584e-11,2.316e-11,2.1014e-11
3.8902e-11,2.9137e-11,3.7172e-11
4.0862e-11,3.2376e-11,2.1081e-11
4.1519e-11,3.2459e-11,3.9825e-11
2.8173e-11,2.3909e-11,2.4439e-11
3.4545e-11,2.527e-11,2.8576e-11
3.6347e-11,3.1768e-11,1.7441e-11
2.9909e-11,2.2186e-11,1.5798e-11
2.9032e-11,2.3001e-11,1.431e-11
4.1099e-11,3.7611e-11,2.1603e-11
4.1015e-11,3.6181e-11,2.0809e-11
2.9065e-11,2.9418e-11,3.0053e-11
4.8981e-11,4.7829e-11,2.9196e-11
2.0549e-11,2.1305e-11,1.0834e-11
2.6623e-11,2.9417e-11,2.9493e-11
1.8942e-11,1.9772e-11,1.2628e-11
4.5017e-11,4.4349e-11,2.3775e-11
2.362e-11,2.9022e-11,1.3923e-11
1.8911e-11,1.8635e-11,1.2803e-11
3.026e-11,3.4514e-11,1.6137e-11
2.6552e-11,3.067e-11,1.4821e-11
3.813e-11,3.5723e-11,1.9668e-11
2.2474e-11,2.5543e-11,1.1491e-11
2.7552e-11,2.6137e-11,1.0221e-11
1.9662e-11,1.9692e-11,6.87e-12
1.3458e-11,1.5149e-11,1.0592e-11
1.6348e-11,2.1992e-11,2.0689e-11
1.5553e-11,1.6699e-11,1.2584e-11
6.4815e-11,5.4156e-11,2.966e-11
1.3752e-11,1.6965e-11,1.3309e-11
1.7642e-11,2.6732e-11,2.2028e-11
1.8165e-11,1.6569e-11,4.9464e-12
7.1627e-11,6.6407e-11,3.5852e-11
1.4344e-11,1.5033e-11,1.0883e-11
1.4775e-11,1.3498e-11,5.7887e-12
1.4274e-11,1.8663e-11,1.3974e-11
1.4541e-11,1.3109e-11,8.0737e-12
2.6915e-11,4.5829e-11,4.2132e-11
4.9174e-11,2.7232e-11,1.9952e-11
1.3816e-11,1.7321e-11,1.2617e-11
1.4762e-11,2.0635e-11,1.8228e-11
4.4851e-11,2.7327e-11,2.0791e-11
2.4676e-11,2.0293e-11,5.6734e-12
4.982e-11,2.7816e-11,3.3057e-11
5.46e-11,3.29e-11,2.8411e-11
4.4567e-11,2.9158e-11,3.4827e-11
5.103e-11,3.5668e-11,2.6034e-11
5.134e-11,2.9897e-11,2.6613e-11
4.1847e-11,3.0604e-11,3.7934e-11
4.1503e-11,2.6741e-11,2.001e-11
4.1298e-11,2.6845e-11,1.9697e-11
3.6888e-11,2.8096e-11,3.3499e-11
3.3887e-11,2.2077e-11,1.7264e-11
3.9155e-11,3.4106e-11,2.0301e-11
2.8234e-11,2.2271e-11,1.9255e-11
2.9435e-11,2.2686e-11,1.7339e-11
3.9169e-11,3.6539e-11,1.985e-11
4.6048e-11,4.1869e-11,2.599e-11
1.8756e-11,1.8689e-11,1.4347e-11
2.8575e-11,3.0494e-11,1.4517e-11
1.7965e-11,1.9754e-11,1.2364e-11
1.9581e-11,2.1277e-11,1.0425e-11
4.3222e-11,4.2326e-11,2.0837e-11
3.3269e-11,3.5084e-11,1.6655e-11
2.396e-11,2.6254e-11,1.1459e-11
2.6116e-11,3.3362e-11,3.1642e-11
1.3858e-11,1.5857e-11,1.1424e-11
2.9368e-11,2.4731e-11,1.1008e-11
1.3533e-11,1.5628e-11,1.0872e-11
5.474e-11,4.0612e-11,2.8922e-11
2.4873e-11,3.695e-11,3.2492e-11
6.5587e-11,4.4724e-11,2.8503e-11
2.6341e-11,4.3559e-11,3.9261e-11
4.8764e-11,2.6462e-11,1.8801e-11
1.4095e-11,1.4866e-11,1.2914e-11
6.9926e-11,3.439e-11,4.7214e-11
6.2397e-11,3.3948e-11,4.061e-11
5.8497e-11,3.5601e-11,3.138e-11
4.8004e-11,2.7888e-11,2.8532e-11
5.5642e-11,4.4509e-11,3.0863e-11
4.4446e-11,2.5585e-11,2.4194e-11
4.6343e-11,2.7396e-11,2.4979e-11
4.2939e-11,2.6679e-11,2.1375e-11
4.2731e-11,3.0449e-11,2.2219e-11
3.8137e-11,2.418e-11,2.3164e-11
4.0602e-11,3.0081e-11,3.772e-11
3.8082e-11,2.8112e-11,3.2955e-11
5.1182e-11,4.1734e-11,2.5155e-11
3.5526e-11,2.3604e-11,1.8046e-11
2.7879e-11,2.1857e-11,1.9823e-11
2.9962e-11,2.2823e-11,1.4369e-11
4.5133e-11,4.1592e-11,2.4639e-11
2.3594e-11,2.0859e-11,1.1666e-11
3.3206e-11,3.2908e-11,3.3903e-11
2.0357e-11,2.2257e-11,1.1307e-11
1.9487e-11,2.1133e-11,9.8067e-12
2.2248e-11,2.6588e-11,1.267e-11
1.8969e-11,2.1829e-11,1.0914e-11
4.3946e-11,3.9456e-11,1.9405e-11
2.4981e-11,2.5551e-11,9.9652e-12
1.3868e-11,1.6375e-11,1.2981e-11
4.7931e-11,3.1974e-11,2.1584e-11
1.5125e-11,1.544e-11,1.1721e-11
1.464e-11,1.8565e-11,1.6466e-11
5.1188e-11,3.3246e-11,2.564e-11
2.6395e-11,4.4898e-11,4.0934e-11
7.3012e-11,6.1485e-11,3.5572e-11
1.5499e-11,1.4224e-11,8.718e-12
5.5037e-11,3.2662e-11,4.0657e-11
5.0779e-11,3.2206e-11,3.5705e-11
4.7468e-11,2.9386e-11,2.9583e-11
4.4055e-11,2.7188e-11,2.883e-11
5.9609e-11,4.7762e-11,3.2274e-11
4.8925e-11,4.0726e-11,2.1961e-11
4.0541e-11,3.1102e-11,1.9531e-11
4.8821e-11,4.1277e-11,2.5859e-11
3.9969e-11,3.1432e-11,3.7668e-11
5.9565e-11,4.6264e-11,3.0905e-11
3.0239e-11,2.2391e-11,1.9239e-11
5.1299e-11,4.2434e-11,2.7509e-11
3.3668e-11,2.4153e-11,1.5708e-11
3.2641e-11,3.0246e-11,1.7691e-11
2.6789e-11,2.3763e-11,1.5236e-11
3.1469e-11,3.1324e-11,1.6074e-11
2.5066e-11,2.5386e-11,1.1951e-11
2.1912e-11,2.2635e-11,1.1839e-11
3.932e-11,3.7958e-11,1.9965e-11
2.8636e-11,3.1298e-11,3.3033e-11
1.8309e-11,2.0387e-11,1.5694e-11
4.431e-11,4.1268e-11,1.9022e-11
2.552e-11,2.7678e-11,1.2576e-11
2.8177e-11,3.2675e-11,3.2957e-11
3.8777e-11,3.5147e-11,1.6821e-11
5.2272e-11,4.6828e-11,2.3155e-11
1.6441e-11,1.9974e-11,1.6317e-11
1.9036e-11,2.3533e-11,1.9138e-11
2.7778e-11,4.0518e-11,3.6342e-11
1.4304e-11,1.6521e-11,1.2728e-11
1.5698e-11,1.5582e-11,6.3394e-12
1.635e-11,2.0978e-11,1.7432e-11
1.4509e-11,1.5537e-11,9.7153e-12
1.8604e-11,2.6132e-11,2.2547e-11
1.7937e-11,1.3673e-11,5.8888e-12
1.382e-11,1.6943e-11,1.5996e-11
1.8246e-11,2.5582e-11,2.1811e-11
3.9309e-11,2.5649e-11,1.5265e-11
1.8088e-11,1.4494e-11,5.5724e-12
1.5266e-11,1.6778e-11,1.4547e-11
5.5528e-11,3.8248e-11,2.8234e-11
5.3147e-11,3.1238e-11,2.6116e-11
5.6408e-11,4.5589e-11,2.9144e-11
3.8602e-11,2.9187e-11,3.3641e-11
4.4083e-11,3.9369e-11,2.7049e-11
3.3512e-11,2.5522e-11,1.9055e-11
3.4574e-11,2.5111e-11,1.9645e-11
3.4302e-11,2.4663e-11,1.6867e-11
3.7888e-11,3.6792e-11,2.2698e-11
3.4104e-11,3.6201e-11,1.8369e-11
2.6585e-11,2.1367e-11,1.3097e-11
2.8984e-11,2.7419e-11,2.7706e-11
2.6711e-11,2.6405e-11,2.5856e-11
1.8909e-11,2.0972e-11,1.6232e-11
4.0845e-11,3.8841e-11,1.9849e-11
2.4337e-11,2.5139e-11,2.3846e-11
2.0094e-11,1.8936e-11,1.1943e-11
2.9386e-11,3.9536e-11,3.6597e-11
1.5099e-11,1.677e-11,1.1482e-11
1.4243e-11,1.7001e-11,1.1475e-11
1.5815e-11,1.5685e-11,8.2411e-12
1.7013e-11,1.7192e-11,1.5579e-11
2.649e-11,2.8656e-11,8.8703e-12
7.671e-11,6.1235e-11,3.6254e-11
2.4328e-11,2.0824e-11,4.8256e-12
2.1573e-11,1.957e-11,6.3656e-12
1.4521e-11,1.6645e-11,1.4195e-11
1.5211e-11,1.6706e-11,1.3418e-11
1.5338e-11,1.4474e-11,7.9602e-12
5.805e-11,3.0495e-11,3.4467e-11
4.9893e-11,3.2439e-11,3.7054e-11
4.7759e-11,2.9737e-11,3.1211e-11
5.0265e-11,2.8613e-11,2.7512e-11
3.8525e-11,2.7837e-11,2.4731e-11
3.9013e-11,2.8413e-11,2.7908e-11
3.3395e-11,2.4347e-11,2.1543e-11
5.9779e-11,4.8368e-11,3.1342e-11
4.1414e-11,3.7738e-11,2.3593e-11
3.4488e-11,3.1634e-11,1.5803e-11
3.0127e-11,2.3392e-11,2.489e-11
5.0588e-11,4.8415e-11,2.9656e-11
3.2954e-11,3.2114e-11,3.4389e-11
4.34e-11,4.0807e-11,2.1843e-11
4.295e-11,4.1155e-11,2.0544e-11
4.2024e-11,3.8125e-11,2.0954e-11
2.3782e-11,2.3453e-11,2.0511e-11
2.0444e-11,2.0111e-11,1.7168e-11
2.9509e-11,3.3924e-11,1.5611e-11
1.8611e-11,1.8171e-11,1.4445e-11
2.0681e-11,2.3879e-11,1.1097e-11
1.7024e-11,1.9824e-11,1.272e-11
1.8094e-11,1.8651e-11,1.1488e-11
2.1125e-11,2.2853e-11,1.0922e-11
1.676e-11,1.9538e-11,1.2385e-11
3.3087e-11,3.4083e-11,1.5004e-11
2.9923e-11,4.1516e-11,3.9013e-11
1.5148e-11,1.8323e-11,1.2047e-11
1.5229e-11,1.7604e-11,1.3769e-11
1.8519e-11,2.6418e-11,2.2073e-11
5.4161e-11,3.6471e-11,2.6968e-11
1.4596e-11,1.6033e-11,1.1053e-11
5.5225e-11,3.4381e-11,2.6195e-11
1.4629e-11,1.5199e-11,7.7909e-12
1.3871e-11,1.6219e-11,1.0131e-11
2.3563e-11,3.5605e-11,3.194e-11
3.5295e-11,2.6608e-11,1.099e-11
1.9691e-11,1.4294e-11,5.996e-12
3.9933e-11,2.8056e-11,1.5289e-11
1.7598e-11,1.4083e-11,4.6298e-12
7.0022e-11,3.6689e-11,4.2339e-11
6.3558e-11,3.4472e-11,3.4448e-11
5.9019e-11,3.1932e-11,3.2583e-11
4.9271e-11,3.0414e-11,3.1103e-11
4.9519e-11,3.4301e-11,4.1767e-11
5.0532e-11,4.042e-11,2.4827e-11
3.5163e-11,2.6448e-11,2.5147e-11
2.991e-11,2.4437e-11,2.2134e-11
3.6426e-11,3.4054e-11,1.7784e-11
3.2528e-11,2.623e-11,2.8635e-11
3.0467e-11,2.7983e-11,1.7714e-11
4.8327e-11,4.8099e-11,2.6752e-11
2.4159e-11,2.2626e-11,1.213e-11
3.1836e-11,2.8587e-11,3.1586e-11
2.2152e-11,2.2153e-11,1.9511e-11
5.4984e-11,5.3064e-11,3.1814e-11
3.926e-11,3.9595e-11,1.8016e-11
2.2114e-11,2.1949e-11,1.2853e-11
1.8936e-11,1.9581e-11,1.2411e-11
2.8133e-11,2.9384e-11,1.4082e-11
1.727e-11,1.831e-11,1.0811e-11
2.8241e-11,2.9305e-11,1.3509e-11
1.8216e-11,2.1708e-11,1.737e-11
1.6341e-11,1.6034e-11,6.9869e-12
5.1739e-11,3.7444e-11,2.3693e-11
1.4824e-11,1.6581e-11,1.0161e-11
1.9839e-11,1.8077e-11,6.9721e-12
1.4829e-11,1.8132e-11,1.181e-11
1.8956e-11,2.3733e-11,1.9385e-11
7.774e-11,5.8036e-11,3.8353e-11
1.6606e-11,1.4466e-11,1.1921e-11
2.2275e-11,2.0145e-11,6.5339e-12
1.5305e-11,1.8469e-11,1.7319e-11
1.5592e-11,1.5747e-11,8.0321e-12
7.0538e-11,3.746e-11,4.1598e-11
6.2583e-11,3.4115e-11,3.6235e-11
5.8637e-11,3.3114e-11,2.9051e-11
5.197e-11,3.3678e-11,4.0295e-11
5.4845e-11,4.0132e-11,2.5209e-11
5.1894e-11,2.951e-11,2.8192e-11
4.7972e-11,2.9568e-11,2.605e-11
4.7773e-11,3.0142e-11,2.5161e-11
3.5238e-11,3.3142e-11,1.635e-11
3.4999e-11,3.8257e-11,2.1599e-11
2.7771e-11,3.1448e-11,1.4396e-11
2.2989e-11,2.38e-11,1.3388e-11
2.1085e-11,1.9858e-11,1.1603e-11
1.9308e-11,2.1328e-11,1.31e-11
1.9216e-11,2.0072e-11,1.2923e-11
5.4455e-11,5.1788e-11,2.7164e-11
2.086e-11,2.04e-11,1.3382e-11
1.7999e-11,1.9235e-11,1.3155e-11
1.7302e-11,2.0133e-11,1.3191e-11
5.3419e-11,4.9739e-11,2.3418e-11
2.0151e-11,2.098e-11,1.0394e-11
1.7512e-11,1.8695e-11,1.2685e-11
2.9316e-11,3.5795e-11,3.453e-11
2.6908e-11,3.3535e-11,3.1498e-11
3.2073e-11,3.0062e-11,1.0719e-11
2.9567e-11,4.1018e-11,3.7275e-11
3.0703e-11,4.4515e-11,3.9816e-11
1.5204e-11,1.8103e-11,1.362e-11
1.6556e-11,1.6152e-11,9.8787e-12
1.9642e-11,1.7534e-11,7.5054e-12
1.5268e-11,1.7103e-11,1.0592e-11
1.7359e-11,1.5604e-11,7.9794e-12
4.9526e-11,3.2606e-11,1.9995e-11
1.55e-11,1.748e-11,1.0896e-11
2.8476e-11,4.3664e-11,3.8406e-11
1.5392e-11,1.4128e-11,9.5852e-12
1.5179e-11,1.9239e-11,1.3594e-11
2.6208e-11,3.9628e-11,3.5675e-11
2.5859e-11,2.2247e-11,5.5911e-12
1.5292e-11,1.6031e-11,7.7439e-12
1.5274e-11,1.881e-11,1.1595e-11
2.9643e-11,2.523e-11,8.571e-12
6.9615e-11,3.5346e-11,4.1971e-11
5.4789e-11,3.2225e-11,3.1301e-11
5.3296e-11,3.0187e-11,3.1129e-11
6.16e-11,4.9702e-11,2.9179e-11
4.72e-11,3.2299e-11,3.7512e-11
3.6827e-11,2.8916e-11,2.5851e-11
3.3377e-11,2.6317e-11,2.0212e-11
5.1806e-11,4.7945e-11,2.9174e-11
3.5524e-11,3.4952e-11,1.87e-11
2.6311e-11,2.235e-11,1.8768e-11
2.2186e-11,2.1648e-11,1.4302e-11
2.8929e-11,3.1697e-11,3.2004e-11
2.3674e-11,2.7079e-11,1.2242e-11
2.9972e-11,3.4653e-11,3.5163e-11
2.2162e-11,2.5732e-11,1.0048e-11
5.0484e-11,3.4971e-11,2.1039e-11
1.6531e-11,1.6186e-11,8.1425e-12
2.0014e-11,1.8274e-11,8.7591e-12
7.7571e-11,6.2269e-11,3.832e-11
1.73e-11,1.667e-11,7.5319e-12
4.4137e-11,3.259e-11,1.5099e-11
1.5624e-11,1.7336e-11,1.123e-11
2.9105e-11,4.4349e-11,4.0724e-11
1.511e-11,1.3844e-11,8.8096e-12
5.2746e-11,3.313e-11,3.2596e-11
5.1674e-11,3.3006e-11,3.4111e-11
5.5815e-11,3.8933e-11,2.6127e-11
4.8788e-11,3.1427e-11,2.7788e-11
4.2649e-11,2.795e-11,2.2825e-11
4.7348e-11,3.9821e-11,2.0641e-11
4.4802e-11,3.967e-11,2.0925e-11
3.8065e-11,3.064e-11,3.3343e-11
3.7268e-11,2.8792e-11,3.1358e-11
2.8303e-11,2.4195e-11,1.8408e-11
4.0994e-11,4.1847e-11,2.1776e-11
2.4669e-11,2.4875e-11,1.492e-11
5.3015e-11,5.2386e-11,2.9129e-11
2.3833e-11,2.2364e-11,1.3487e-11
2.4111e-11,2.1463e-11,1.4563e-11
4.1875e-11,4.3542e-11,2.1105e-11
2.0518e-11,2.0946e-11,1.1087e-11
1.826e-11,2.03e-11,1.2979e-11
2.2584e-11,2.5318e-11,1.1475e-11
3.6336e-11,3.8993e-11,1.7752e-11
3.0865e-11,3.3409e-11,1.5164e-11
2.5903e-11,3.216e-11,1.1552e-11
1.8599e-11,1.9484e-11,1.2436e-11
6.3075e-11,5.3347e-11,2.9972e-11
3.2088e-11,4.2258e-11,3.9794e-11
2.0683e-11,2.0682e-11,7.3012e-12
3.0476e-11,3.9982e-11,3.7091e-11
4.3446e-11,3.3665e-11,1.5843e-11
2.5454e-11,2.6427e-11,9.7926e-12
1.6806e-11,1.979e-11,1.0237e-11
1.6882e-11,1.718e-11,9.6237e-12
8.0986e-11,5.7756e-11,3.9964e-11
1.5473e-11,1.5331e-11,9.1287e-12
2.0438e-11,2.899e-11,2.365e-11
1.7258e-11,1.8768e-11,1.5665e-11
1.8622e-11,1.4813e-11,5.4031e-12
5.9458e-11,3.4028e-11,3.0597e-11
5.7373e-11,4.8479e-11,2.9611e-11
4.7486e-11,3.073e-11,2.5529e-11
5.2972e-11,4.4303e-11,2.4466e-11
4.6345e-11,3.0338e-11,2.1775e-11
5.6399e-11,4.9695e-11,3.0589e-11
3.24e-11,2.6842e-11,2.1622e-11
3.0008e-11,2.5908e-11,2.0461e-11
3.008e-11,2.5699e-11,2.3723e-11
3.5118e-11,2.9853e-11,3.0167e-11
2.8683e-11,2.5096e-11,1.4913e-11
3.9048e-11,4.1829e-11,1.918e-11
2.3203e-11,2.3024e-11,1.5194e-11
2.8348e-11,2.5239e-11,2.4985e-11
2.4228e-11,2.2249e-11,1.4572e-11
2.4831e-11,2.2112e-11,1.1728e-11
3.1116e-11,3.421e-11,1.7699e-11
2.0098e-11,2.2622e-11,1.4478e-11
1.8481e-11,2.0269e-11,1.5239e-11
2.6847e-11,2.8204e-11,1.0445e-11
2.3111e-11,2.3928e-11,7.0784e-12
2.171e-11,2.1928e-11,5.7501e-12
1.6878e-11,1.6867e-11,1.1004e-11
1.716e-11,1.7295e-11,1.1746e-11
1.7419e-11,1.669e-11,7.4808e-12
4.7636e-11,3.5128e-11,1.7696e-11
1.6244e-11,1.8334e-11,1.2138e-11
1.6329e-11,1.5215e-11,1.0173e-11
1.7135e-11,1.9592e-11,1.4357e-11
2.5175e-11,3.4421e-11,2.8986e-11
6.6432e-11,3.6738e-11,3.7275e-11
5.5391e-11,3.3163e-11,3.459e-11
5.4967e-11,3.6919e-11,2.6286e-11
5.025e-11,3.1841e-11,2.7594e-11
4.7748e-11,3.1251e-11,2.5534e-11
4.9092e-11,3.5144e-11,3.9756e-11
5.1642e-11,4.4849e-11,2.4452e-11
3.3633e-11,2.9181e-11,2.3718e-11
3.1995e-11,2.8091e-11,2.2217e-11
3.3179e-11,2.6874e-11,1.7174e-11
3.8002e-11,3.2205e-11,3.4187e-11
3.3229e-11,2.6587e-11,1.633e-11
4.0358e-11,4.279e-11,2.1297e-11
2.857e-11,3.1157e-11,1.6388e-11
2.4501e-11,2.5705e-11,1.4914e-11
6.0216e-11,5.8366e-11,3.0489e-11
2.431e-11,2.6249e-11,1.2474e-11
2.0039e-11,2.1857e-11,1.3465e-11
3.1474e-11,3.4693e-11,1.6074e-11
2.342e-11,2.727e-11,1.0763e-11
1.9408e-11,2.0831e-11,1.3623e-11
2.3577e-11,2.7378e-11,9.5992e-12
3.3942e-11,3.4448e-11,1.2909e-11
2.2231e-11,2.3111e-11,9.0925e-12
2.2596e-11,2.5969e-11,2.1375e-11
7.8262e-11,5.7869e-11,3.5033e-11
7.4716e-11,5.1759e-11,3.5695e-11
1.717e-11,2.0071e-11,1.4416e-11
5.735e-11,3.9948e-11,2.6937e-11
2.5424e-11,2.3066e-11,8.1241e-12
1.8501e-11,1.625e-11,6.0233e-12
1.9747e-11,2.3047e-11,1.8828e-11
1.7258e-11,2.0468e-11,1.3866e-11
1.6459e-11,1.7353e-11,1.0911e-11
1.7317e-11,2.1834e-11,1.3089e-11
2.0443e-11,2.0926e-11,1.7938e-11
3.4413e-11,3.052e-11,9.1572e-12
2.5718e-11,2.3065e-11,4.9209e-12
3.4387e-11,3.1071e-11,8.7252e-12
6.2518e-11,3.6694e-11,3.4902e-11
6.0349e-11,4.2094e-11,2.9725e-11
4.8883e-11,3.5204e-11,2.1511e-11
4.2436e-11,3.0967e-11,1.957e-11
3.9682e-11,3.2152e-11,3.164e-11
3.5688e-11,2.7917e-11,2.0308e-11
5.0724e-11,4.7266e-11,2.3776e-11
3.8528e-11,2.867e-11,1.7331e-11
5.4691e-11,4.9683e-11,2.6719e-11
3.9584e-11,3.281e-11,3.3725e-11
3.5768e-11,3.0905e-11,1.6865e-11
4.8669e-11,5.0434e-11,2.5616e-11
2.8103e-11,3.0513e-11,1.4034e-11
2.3578e-11,2.47e-11,2.0321e-11
5.2386e-11,5.0597e-11,2.1513e-11
2.1079e-11,2.1618e-11,1.12e-11
2.4513e-11,2.3062e-11,1.3061e-11
1.9867e-11,2.1896e-11,1.2966e-11
2.0819e-11,2.2145e-11,1.8311e-11
2.1283e-11,2.3276e-11,1.7464e-11
2.7868e-11,3.3022e-11,1.2362e-11
6.0906e-11,4.716e-11,2.5798e-11
2.2484e-11,2.6693e-11,2.2109e-11
2.299e-11,2.4038e-11,8.7141e-12
5.4933e-11,3.9424e-11,2.4389e-11
1.7749e-11,2.1813e-11,1.344e-11
1.7648e-11,1.992e-11,1.6827e-11
6.7798e-11,3.7327e-11,3.6669e-11
6.1561e-11,3.5783e-11,3.1642e-11
5.2788e-11,3.4026e-11,2.6039e-11
4.7623e-11,3.1597e-11,2.4453e-11
5.3002e-11,4.842e-11,2.6229e-11
3.581e-11,2.7574e-11,2.3085e-11
3.5446e-11,2.8922e-11,1.8332e-11
3.9781e-11,3.4276e-11,3.514e-11
3.3067e-11,2.5818e-11,2.5245e-11
2.9252e-11,2.6768e-11,1.7385e-11
2.4699e-11,2.3157e-11,1.4808e-11
3.1264e-11,3.0455e-11,2.769e-11
3.1222e-11,3.6633e-11,1.6011e-11
2.3112e-11,2.1656e-11,1.4351e-11
2.523e-11,2.6157e-11,2.0992e-11
6.2641e-11,5.4892e-11,2.985e-11
2.1075e-11,2.2455e-11,1.202e-11
2.0526e-11,2.3576e-11,1.3388e-11
2.5731e-11,2.7093e-11,8.992e-12
4.1448e-11,4.2131e-11,2.0707e-11
1.9914e-11,2.2168e-11,1.6041e-11
1.9313e-11,2.1471e-11,1.6357e-11
2.8936e-11,3.8349e-11,3.4922e-11
3.3925e-11,4.4878e-11,3.863e-11
4.0704e-11,3.366e-11,1.3865e-11
1.7968e-11,1.7371e-11,1.091e-11
2.4414e-11,3.3525e-11,2.6421e-11
2.8085e-11,4.051e-11,3.4024e-11
1.9503e-11,2.1851e-11,1.5566e-11
1.7253e-11,1.8979e-11,1.1384e-11
4.9509e-11,3.592e-11,1.854e-11
7.0377e-11,3.8379e-11,3.6803e-11
6.0843e-11,3.6538e-11,3.485e-11
5.6722e-11,3.5283e-11,3.2311e-11
5.4296e-11,3.4609e-11,2.7974e-11
5.1128e-11,3.4117e-11,2.608e-11
3.2166e-11,2.7789e-11,1.6535e-11
3.1105e-11,2.7627e-11,1.6086e-11
2.8182e-11,2.5375e-11,1.4787e-11
4.6526e-11,4.8676e-11,2.3762e-11
2.3533e-11,2.5817e-11,1.4514e-11
2.4003e-11,2.4359e-11,1.676e-11
2.7305e-11,2.8447e-11,2.278e-11
2.3654e-11,2.4716e-11,1.9454e-11
2.1683e-11,2.2388e-11,1.4228e-11
3.8166e-11,4.2078e-11,1.888e-11
2.1951e-11,2.3447e-11,1.7945e-11
3.6883e-11,4.0567e-11,1.6403e-11
6.1894e-11,5.4416e-11,2.7163e-11
2.3974e-11,2.799e-11,2.2722e-11
1.9342e-11,2.2768e-11,1.5468e-11
2.038e-11,2.3517e-11,1.7484e-11
2.2427e-11,2.2702e-11,8.3529e-12
2.623e-11,3.1279e-11,2.5059e-11
3.3156e-11,4.4047e-11,3.9271e-11
2.8678e-11,3.4618e-11,2.7955e-11
2.777e-11,2.7628e-11,6.9924e-12
2.9349e-11,2.8368e-11,6.0799e-12
2.5321e-11,3.4264e-11,2.6507e-11
2.2644e-11,2.8371e-11,2.2513e-11
2.993e-11,2.8235e-11,6.2014e-12
2.7791e-11,2.4128e-11,4.9773e-12
6.7523e-11,4.0737e-11,3.081e-11
5.2135e-11,3.54e-11,3.371e-11
4.5454e-11,3.7538e-11,3.7127e-11
3.925e-11,3.2236e-11,2.1344e-11
3.229e-11,2.786e-11,1.7931e-11
3.1258e-11,2.8671e-11,2.294e-11
2.5592e-11,2.5215e-11,1.533e-11
4.5685e-11,4.7304e-11,2.0891e-11
2.3372e-11,2.6238e-11,1.4562e-11
3.3489e-11,3.9445e-11,1.7653e-11
2.8011e-11,3.0139e-11,2.458e-11
2.3796e-11,2.2061e-11,1.4385e-11
1.9869e-11,2.3773e-11,1.4941e-11
2.0549e-11,2.4666e-11,1.5531e-11
4.0942e-11,4.3347e-11,1.8943e-11
2.1871e-11,2.4929e-11,1.7901e-11
3.4515e-11,4.5939e-11,3.8414e-11
5.2023e-11,4.32e-11,2.2976e-11
2.2977e-11,1.9234e-11,4.8338e-12
2.3115e-11,1.9402e-11,4.7209e-12
1.8686e-11,1.7665e-11,8.1304e-12
2.1525e-11,2.4925e-11,2.0291e-11
2.9332e-11,4.0564e-11,3.4189e-11
5.3913e-11,4.287e-11,2.1895e-11
3.8145e-11,3.485e-11,1.1392e-11
2.5283e-11,2.152e-11,3.7224e-12
2.3389e-11,1.7799e-11,4.5526e-12
1.87e-11,1.8337e-11,1.0923e-11
4.3403e-11,3.3436e-11,3.1033e-11
3.7384e-11,3.4346e-11,3.1323e-11
2.8551e-11,2.7146e-11,1.8077e-11
4.2523e-11,4.568e-11,2.2475e-11
2.0654e-11,2.4245e-11,1.4795e-11
2.4116e-11,2.8625e-11,2.3275e-11
1.9263e-11,2.0009e-11,9.5527e-12
2.0159e-11,2.0922e-11,1.2137e-11
1.8279e-11,1.9291e-11,9.8948e-12
5.7109e-11,4.3727e-11,2.6621e-11
2.7902e-11,3.9781e-11,3.2214e-11
3.041e-11,4.3588e-11,3.5018e-11
2.3252e-11,1.9103e-11,5.319e-12
1.9442e-11,2.2258e-11,1.2596e-11
2.0634e-11,2.0354e-11,1.182e-11
2.4859e-11,3.1958e-11,2.6599e-11
3.3355e-11,3.1416e-11,8.3557e-12
2.3096e-11,1.7347e-11,4.0768e-12
2.0163e-11,2.0433e-11,1.0468e-11
5.2392e-11,4.1376e-11,2.0763e-11
7.3327e-11,4.1425e-11,3.8404e-11
7.1046e-11,4.0606e-11,3.4805e-11
5.8284e-11,3.8472e-11,2.7399e-11
5.9615e-11,4.7731e-11,2.7215e-11
4.5755e-11,3.6159e-11,2.974e-11
5.4622e-11,3.6398e-11,2.5969e-11
4.7899e-11,3.8259e-11,3.735e-11
5.3343e-11,4.4456e-11,2.5795e-11
4.0453e-11,3.0735e-11,2.1455e-11
3.7578e-11,3.0546e-11,2.8586e-11
4.4162e-11,4.4011e-11,1.9897e-11
4.0364e-11,4.0682e-11,1.8644e-11
5.1466e-11,5.2546e-11,2.585e-11
3.2085e-11,2.9263e-11,1.44e-11
5.1965e-11,5.3405e-11,2.5466e-11
3.7847e-11,3.676e-11,3.3337e-11
4.1196e-11,4.6433e-11,1.907e-11
2.834e-11,2.7653e-11,1.7229e-11
2.7742e-11,2.5046e-11,1.5769e-11
3.8027e-11,4.4884e-11,1.6948e-11
2.1238e-11,2.3557e-11,1.4045e-11
2.0497e-11,2.4092e-11,1.5045e-11
3.3415e-11,3.3479e-11,1.0802e-11
2.0124e-11,2.0852e-11,1.2392e-11
2.0843e-11,2.1926e-11,1.2735e-11
4.8721e-11,3.8855e-11,1.8654e-11
2.0529e-11,2.4397e-11,1.8892e-11
2.0926e-11,1.9529e-11,1.1935e-11
2.1027e-11,2.0078e-11,1.1843e-11
2.1882e-11,2.3471e-11,1.6611e-11
5.2033e-11,4.1688e-11,1.5253e-11
1.8008e-11,1.9424e-11,1.0907e-11
3.5194e-11,3.4001e-11,5.8848e-12
3.3156e-11,3.2466e-11,5.9715e-12
7.5038e-11,4.2349e-11,3.7869e-11
7.2165e-11,4.361e-11,3.5622e-11
6.3158e-11,3.7945e-11,3.1144e-11
5.8836e-11,4.47e-11,2.7608e-11
5.5309e-11,3.7444e-11,2.4887e-11
5.4812e-11,3.8181e-11,2.4184e-11
4.1416e-11,3.2252e-11,2.5624e-11
4.3294e-11,3.3306e-11,2.2737e-11
3.8572e-11,3.2767e-11,2.2006e-11
3.9562e-11,3.0887e-11,2.0439e-11
5.1086e-11,5.2242e-11,2.6414e-11
2.6931e-11,2.6961e-11,1.7125e-11
4.0481e-11,4.5415e-11,2.1517e-11
2.4887e-11,2.5922e-11,1.5138e-11
3.0995e-11,3.2842e-11,2.9868e-11
2.7282e-11,3.1084e-11,9.932e-12
4.4414e-11,4.3484e-11,1.4447e-11
5.5831e-11,4.4505e-11,1.9568e-11
2.0889e-11,2.4342e-11,1.5611e-11
2.413e-11,2.012e-11,4.7804e-12
2.0652e-11,2.0633e-11,9.1714e-12
2.1844e-11,2.6294e-11,1.5687e-11
3.3591e-11,3.2461e-11,7.8433e-12
5.1336e-11,3.7252e-11,3.0655e-11
5.8153e-11,4.3955e-11,2.843e-11
4.9913e-11,3.7237e-11,2.3205e-11
4.7206e-11,3.6965e-11,2.1162e-11
4.3288e-11,3.3841e-11,1.9813e-11
5.4567e-11,5.4672e-11,2.7216e-11
3.9063e-11,3.344e-11,2.0041e-11
3.9965e-11,4.447e-11,2.0214e-11
5.2349e-11,5.483e-11,2.5994e-11
2.9193e-11,3.0053e-11,1.6748e-11
3.0917e-11,2.8615e-11,1.6874e-11
3.4863e-11,4.0376e-11,1.6732e-11
2.87e-11,2.6417e-11,2.0765e-11
3.0135e-11,3.0267e-11,1.4143e-11
3.5127e-11,3.1591e-11,2.8703e-11
2.7628e-11,2.6599e-11,1.3838e-11
3.7217e-11,3.8055e-11,3.4126e-11
2.7546e-11,2.9112e-11,1.5294e-11
3.5993e-11,3.4572e-11,3.0859e-11
2.6791e-11,2.6458e-11,1.1455e-11
2.6069e-11,2.4099e-11,1.6927e-11
2.2687e-11,2.5421e-11,1.5632e-11
2.2719e-11,2.2814e-11,1.0811e-11
2.35e-11,2.2247e-11,1.3444e-11
2.4053e-11,2.4299e-11,1.5629e-11
2.6101e-11,3.0532e-11,2.4328e-11
2.1698e-11,2.4265e-11,1.4014e-11
1.9748e-11,1.997e-11,9.4041e-12
3.2978e-11,4.499e-11,3.6393e-11
4.2632e-11,4.1879e-11,9.3016e-12
2.3569e-11,1.8867e-11,4.6842e-12
5.6354e-11,3.9318e-11,2.6946e-11
5.8434e-11,4.0533e-11,2.581e-11
4.7501e-11,3.5447e-11,2.3048e-11
4.2268e-11,3.4584e-11,3.1055e-11
3.6917e-11,3.3703e-11,1.6932e-11
2.9959e-11,3.1255e-11,1.7683e-11
3.0968e-11,2.861e-11,1.7248e-11
4.142e-11,3.8867e-11,3.4389e-11
2.4259e-11,2.4321e-11,1.17e-11
2.3978e-11,2.4213e-11,1.1205e-11
2.279e-11,2.2846e-11,1.0509e-11
3.5262e-11,3.6449e-11,1.3485e-11
2.0577e-11,2.2954e-11,1.0877e-11
2.0526e-11,2.2107e-11,1.1866e-11
3.3219e-11,4.5217e-11,3.5382e-11
6.1872e-11,4.878e-11,2.1311e-11
3.8251e-11,3.6799e-11,6.7357e-12
2.0523e-11,1.8924e-11,9.6423e-12
4.0181e-11,3.9288e-11,7.5069e-12
5.6274e-11,3.9587e-11,2.6619e-11
5.337e-11,3.7569e-11,3.0907e-11
5.2782e-11,3.8427e-11,2.5491e-11
5.1121e-11,3.7823e-11,2.3203e-11
4.3243e-11,3.4797e-11,2.3634e-11
4.0382e-11,3.4734e-11,2.5325e-11
4.1497e-11,3.3692e-11,2.0957e-11
3.4327e-11,3.0824e-11,2.1643e-11
3.8266e-11,3.4672e-11,3.0079e-11
3.8456e-11,3.538e-11,3.0832e-11
4.5756e-11,5.2626e-11,2.2803e-11
3.7803e-11,3.5562e-11,3.1211e-11
4.8142e-11,5.3987e-11,2.4783e-11
2.9849e-11,3.1048e-11,1.7215e-11
2.8962e-11,2.7901e-11,2.1749e-11
3.0549e-11,2.9915e-11,2.379e-11
3.9591e-11,3.892e-11,3.3769e-11
3.3474e-11,4.0632e-11,1.4954e-11
3.6568e-11,3.6832e-11,3.1215e-11
2.6728e-11,2.5449e-11,1.6212e-11
3.5002e-11,3.721e-11,3.089e-11
5.3579e-11,5.2342e-11,2.0468e-11
2.4898e-11,2.4991e-11,1.1171e-11
2.4977e-11,2.3174e-11,1.4254e-11
2.3094e-11,2.4951e-11,1.5462e-11
2.966e-11,3.023e-11,8.6819e-12
2.5453e-11,2.6173e-11,1.6263e-11
2.25e-11,2.4852e-11,1.1451e-11
4.2041e-11,4.1001e-11,9.0283e-12
2.4599e-11,2.0636e-11,5.1681e-12
6.9224e-11,4.3353e-11,3.094e-11
5.9921e-11,4.5941e-11,2.8752e-11
4.891e-11,3.8552e-11,2.6638e-11
4.4112e-11,3.584e-11,2.7406e-11
5.0384e-11,4.3581e-11,2.1398e-11
4.3593e-11,3.5689e-11,2.9669e-11
4.248e-11,3.4726e-11,2.8544e-11
3.2841e-11,2.9617e-11,2.0709e-11
3.0455e-11,3.1734e-11,1.7922e-11
3.5254e-11,3.317e-11,2.9248e-11
2.9683e-11,2.8548e-11,1.7515e-11
2.6612e-11,2.5561e-11,1.5678e-11
3.7524e-11,3.9013e-11,3.2338e-11
3.1902e-11,3.3439e-11,2.8306e-11
2.3601e-11,2.6038e-11,1.5787e-11
2.6261e-11,3.0584e-11,2.3554e-11
6.1622e-11,5.0812e-11,2.2165e-11
3.2286e-11,4.2843e-11,3.2837e-11
2.3419e-11,2.8712e-11,1.647e-11
3.2725e-11,4.4918e-11,3.5081e-11
6.8628e-11,4.5011e-11,3.2067e-11
6.9143e-11,4.7045e-11,3.2185e-11
5.0203e-11,3.9097e-11,2.2726e-11
4.2337e-11,3.5902e-11,2.4509e-11
4.1447e-11,3.664e-11,1.7326e-11
3.9005e-11,3.7813e-11,1.5793e-11
3.0945e-11,2.8956e-11,1.4859e-11
3.2615e-11,3.7922e-11,1.4737e-11
5.1282e-11,5.126e-11,2.1594e-11
3.3957e-11,3.5334e-11,2.9298e-11
3.8185e-11,4.4227e-11,1.6642e-11
3.5015e-11,4.063e-11,1.6271e-11
2.6022e-11,2.5212e-11,1.1906e-11
2.3834e-11,2.452e-11,1.2025e-11
3.1032e-11,3.8784e-11,2.913e-11
3.5261e-11,3.2165e-11,3.9454e-12
4.2727e-11,4.4014e-11,9.2534e-12
3.3598e-11,3.0603e-11,4.6205e-12
5.8895e-11,4.8084e-11,2.783e-11
4.8393e-11,3.9865e-11,2.8363e-11
5.6786e-11,4.7714e-11,2.5435e-11
5.2191e-11,4.1047e-11,2.255e-11
4.62e-11,3.8881e-11,2.4173e-11
4.6517e-11,3.8033e-11,2.301e-11
3.9681e-11,3.5806e-11,2.9166e-11
3.7588e-11,4.141e-11,1.6191e-11
2.8023e-11,2.8548e-11,1.6917e-11
3.0645e-11,3.2568e-11,1.2405e-11
4.7486e-11,4.9344e-11,1.7272e-11
6.0277e-11,5.397e-11,2.135e-11
2.3969e-11,2.4539e-11,1.1463e-11
2.8402e-11,3.2277e-11,2.4288e-11
2.8176e-11,2.6059e-11,7.1721e-12
4.6974e-11,4.4827e-11,1.3895e-11
3.3077e-11,4.14e-11,3.1472e-11
2.4455e-11,2.9264e-11,1.7528e-11
3.4958e-11,4.7455e-11,3.5364e-11
2.858e-11,2.2586e-11,5.3787e-12
3.3683e-11,3.1055e-11,7.3342e-12
2.3113e-11,2.4553e-11,9.9665e-12
2.5095e-11,3.2354e-11,1.6725e-11
2.182e-11,2.1537e-11,1.103e-11
4.8499e-11,3.8175e-11,2.7732e-11
3.3662e-11,3.791e-11,1.3081e-11
2.8173e-11,2.9183e-11,1.4132e-11
3.0862e-11,3.2641e-11,1.1212e-11
3.6589e-11,4.1373e-11,1.4436e-11
2.9719e-11,2.7961e-11,1.0051e-11
3.2066e-11,3.0792e-11,6.9034e-12
2.6337e-11,2.4494e-11,1.4537e-11
2.6513e-11,2.5891e-11,1.5148e-11
3.909e-11,3.7139e-11,1.0199e-11
2.8465e-11,3.1791e-11,2.3156e-11
3.4072e-11,4.2952e-11,3.1836e-11
5.8319e-11,5.4119e-11,1.8288e-11
2.3124e-11,2.3794e-11,1.2274e-11
2.5838e-11,2.4145e-11,7.2188e-12
2.8323e-11,2.2599e-11,5.6872e-12
4.3317e-11,3.7406e-11,2.0983e-11
4.3003e-11,3.9163e-11,3.1165e-11
4.0721e-11,3.6671e-11,2.5993e-11
3.7618e-11,3.432e-11,2.3456e-11
3.8462e-11,3.5765e-11,2.5981e-11
4.5692e-11,5.1163e-11,2.1392e-11
3.7907e-11,4.4792e-11,1.5261e-11
2.8929e-11,2.8061e-11,1.7545e-11
2.7452e-11,2.9679e-11,1.5594e-11
5.6355e-11,5.3472e-11,2.2251e-11
4.4642e-11,4.8614e-11,1.7379e-11
2.7344e-11,3.0096e-11,1.6518e-11
2.7532e-11,3.1186e-11,1.6886e-11
5.2508e-11,5.2251e-11,1.8062e-11
3.3097e-11,3.546e-11,9.471e-12
2.8749e-11,3.1888e-11,2.0711e-11
2.9704e-11,3.4137e-11,2.6066e-11
2.4054e-11,2.4625e-11,1.389e-11
2.5959e-11,2.5744e-11,1.5973e-11
2.7028e-11,2.5971e-11,1.5114e-11
6.6061e-11,5.9117e-11,2.1544e-11
2.6304e-11,3.0998e-11,2.0432e-11
3.118e-11,2.4339e-11,3.5738e-12
2.4581e-11,2.5394e-11,1.4203e-11
4.2305e-11,4.2207e-11,7.0432e-12
2.498e-11,2.5793e-11,1.4852e-11
6.6877e-11,4.7965e-11,2.9902e-11
4.5707e-11,3.9642e-11,2.1473e-11
4.2094e-11,3.7653e-11,2.2328e-11
3.2637e-11,3.432e-11,2.0569e-11
3.5537e-11,3.5506e-11,2.7954e-11
3.4896e-11,3.9208e-11,1.2476e-11
3.3777e-11,3.6687e-11,2.4124e-11
2.9158e-11,2.7466e-11,1.7189e-11
3.7714e-11,4.2226e-11,1.3443e-11
2.8334e-11,2.5621e-11,1.6361e-11
2.8475e-11,2.6532e-11,1.1663e-11
2.5899e-11,2.7077e-11,1.2647e-11
4.3477e-11,4.5209e-11,1.1639e-11
2.9057e-11,3.0135e-11,1.7157e-11
6.7911e-11,5.8274e-11,2.276e-11
2.7592e-11,2.4661e-11,8.1434e-12
4.6177e-11,4.7604e-11,1.0745e-11
2.4951e-11,2.4338e-11,8.7935e-12
3.1103e-11,2.3319e-11,5.8079e-12
2.5662e-11,3.2625e-11,1.7098e-11
5.6057e-11,4.5106e-11,2.4116e-11
4.1893e-11,3.9838e-11,2.2705e-11
4.496e-11,4.9934e-11,2.0332e-11
4.0396e-11,3.8064e-11,2.791e-11
4.3526e-11,4.7936e-11,2.116e-11
3.1264e-11,3.3706e-11,1.8585e-11
2.9364e-11,2.8962e-11,1.8658e-11
2.9074e-11,2.7764e-11,1.7105e-11
3.3714e-11,3.5771e-11,2.7555e-11
3.053e-11,2.8191e-11,1.2521e-11
3.4953e-11,3.4148e-11,1.0524e-11
4.5794e-11,4.6533e-11,1.2372e-11
3.9783e-11,4.174e-11,1.2469e-11
6.4421e-11,5.9251e-11,2.0669e-11
3.45e-11,4.2956e-11,3.2573e-11
6.3972e-11,5.897e-11,2.1381e-11
2.6728e-11,3.2648e-11,1.9498e-11
4.6294e-11,4.7825e-11,8.3447e-12
4.921e-11,4.1043e-11,2.5103e-11
5.0586e-11,4.2923e-11,2.2216e-11
4.4315e-11,4.1296e-11,3.0393e-11
4.2789e-11,3.9242e-11,2.1463e-11
4.1769e-11,3.973e-11,2.3089e-11
3.7516e-11,3.7973e-11,2.0738e-11
4.5157e-11,5.0215e-11,2.155e-11
3.9233e-11,3.6792e-11,1.9525e-11
4.1507e-11,4.0484e-11,3.1851e-11
4.9671e-11,5.1995e-11,1.8077e-11
3.6088e-11,3.8685e-11,2.8958e-11
2.9561e-11,2.6442e-11,1.7408e-11
3.9111e-11,4.075e-11,1.0631e-11
3.3163e-11,3.8753e-11,3.0211e-11
2.9238e-11,3.4857e-11,2.2956e-11
2.887e-11,2.8739e-11,1.0461e-11
2.7537e-11,2.9146e-11,9.0493e-12
4.575e-11,4.0364e-11,2.4066e-11
4.6538e-11,4.0683e-11,2.4291e-11
4.4048e-11,4.0512e-11,2.9407e-11
4.4499e-11,4.1602e-11,1.9851e-11
4.1964e-11,3.9228e-11,1.9832e-11
4.1301e-11,3.8788e-11,1.7257e-11
4.6405e-11,4.2891e-11,3.4717e-11
4.4515e-11,4.1146e-11,3.2096e-11
3.6616e-11,3.3498e-11,2.2114e-11
3.0766e-11,2.916e-11,1.2215e-11
3.4288e-11,3.0647e-11,1.8402e-11
3.1967e-11,2.9499e-11,1.9219e-11
4.579e-11,4.814e-11,1.5312e-11
2.8657e-11,3.1257e-11,1.6108e-11
3.1065e-11,2.6202e-11,1.9218e-11
3.2524e-11,3.0164e-11,1.941e-11
2.9298e-11,2.7348e-11,1.7476e-11
2.8649e-11,2.7047e-11,9.1221e-12
5.1363e-11,4.3883e-11,2.3477e-11
4.7849e-11,4.3865e-11,2.0894e-11
4.5453e-11,4.1142e-11,1.9832e-11
4.7534e-11,4.2609e-11,3.1177e-11
4.68e-11,4.9733e-11,1.8415e-11
4.3489e-11,4.1897e-11,3.0486e-11
3.9697e-11,3.9228e-11,1.939e-11
4.2788e-11,4.768e-11,1.6765e-11
3.3212e-11,3.3137e-11,1.6234e-11
3.4958e-11,3.4324e-11,9.8971e-12
3.0194e-11,3.332e-11,1.7276e-11
3.2627e-11,2.9313e-11,1.9585e-11
3.0644e-11,2.9114e-11,1.8842e-11
3.2617e-11,2.8816e-11,9.6534e-12
2.7173e-11,2.8327e-11,1.194e-11
2.9805e-11,2.7541e-11,1.7666e-11
2.8909e-11,3.3188e-11,1.7284e-11
2.9035e-11,2.7911e-11,1.7375e-11
3.0358e-11,3.4449e-11,1.6819e-11
3.0339e-11,3.5974e-11,1.7289e-11
2.7199e-11,2.84e-11,1.6642e-11
3.4531e-11,2.7282e-11,5.662e-12
3.5614e-11,2.6669e-11,7.3976e-12
4.2812e-11,4.1582e-11,2.168e-11
4.3317e-11,4.12e-11,1.7635e-11
3.7415e-11,3.7331e-11,2.2167e-11
3.8668e-11,3.8343e-11,2.5048e-11
3.8518e-11,3.4393e-11,2.2244e-11
3.6715e-11,3.4745e-11,1.3297e-11
3.789e-11,4.1561e-11,3.078e-11
3.0465e-11,3.3933e-11,1.717e-11
3.9229e-11,4.6716e-11,3.4689e-11
4.7337e-11,4.8139e-11,1.2299e-11
4.2496e-11,3.91e-11,9.715e-12
3.7428e-11,4.5074e-11,3.3979e-11
3.3662e-11,3.8482e-11,2.8741e-11
4.0535e-11,3.5386e-11,5.3504e-12
4.9498e-11,5.0256e-11,8.2522e-12
2.928e-11,3.4112e-11,1.7461e-11
3.6459e-11,2.8237e-11,4.7788e-12
5.0537e-11,4.5894e-11,2.2728e-11
5.0354e-11,4.5422e-11,2.2725e-11
3.9076e-11,3.4259e-11,2.2631e-11
3.6585e-11,3.5657e-11,2.1618e-11
4.007e-11,3.8331e-11,1.656e-11
3.4338e-11,3.2484e-11,2.0882e-11
3.4415e-11,3.2519e-11,2.0945e-11
3.7132e-11,3.5089e-11,1.9584e-11
3.0352e-11,3.0119e-11,1.0537e-11
3.1371e-11,2.7166e-11,1.7402e-11
4.4135e-11,4.4835e-11,9.1936e-12
2.9601e-11,3.4185e-11,1.5322e-11
3.4733e-11,4.04e-11,2.8876e-11
2.8436e-11,3.1302e-11,1.6137e-11
3.0066e-11,3.1327e-11,1.8148e-11
3.5916e-11,2.8345e-11,4.4878e-12
3.9412e-11,3.1744e-11,3.2409e-12
4.7662e-11,4.4202e-11,2.0451e-11
4.6333e-11,4.3457e-11,1.9343e-11
4.8527e-11,4.9912e-11,1.8977e-11
4.5197e-11,4.2429e-11,2.0555e-11
4.6341e-11,4.3603e-11,2.9648e-11
3.8054e-11,3.7006e-11,2.2873e-11
3.9398e-11,3.5804e-11,2.3266e-11
3.7687e-11,3.833e-11,2.2208e-11
4.7029e-11,5.2997e-11,1.8066e-11
3.6065e-11,3.3637e-11,1.4396e-11
3.8744e-11,4.284e-11,3.1478e-11
4.7123e-11,4.6119e-11,6.9227e-12
3.4055e-11,4.0965e-11,1.9192e-11
2.8601e-11,2.86e-11,1.4689e-11
4.6614e-11,4.4209e-11,2.4318e-11
4.7589e-11,4.5066e-11,2.3751e-11
4.7551e-11,4.5234e-11,3.1199e-11
4.7293e-11,4.4266e-11,3.2994e-11
3.9473e-11,3.9528e-11,2.1761e-11
4.3071e-11,4.3633e-11,2.8303e-11
4.4491e-11,4.8178e-11,1.744e-11
4.3091e-11,4.2221e-11,1.5341e-11
4.8002e-11,5.2138e-11,1.6448e-11
4.5817e-11,4.8947e-11,1.3191e-11
3.7173e-11,3.7178e-11,2.0743e-11
3.6534e-11,3.7692e-11,2.1551e-11
3.2754e-11,3.4002e-11,1.8099e-11
5.6266e-11,5.6627e-11,1.4926e-11
4.7262e-11,4.6134e-11,1.0381e-11
4.7436e-11,4.6654e-11,8.8797e-12
4.3035e-11,3.6735e-11,6.9858e-12
4.4581e-11,4.136e-11,2.2262e-11
4.1691e-11,3.996e-11,2.5289e-11
4.9603e-11,5.4763e-11,1.6984e-11
5.5842e-11,5.7926e-11,1.5727e-11
3.4366e-11,3.6552e-11,2.0538e-11
3.7079e-11,3.2944e-11,9.8465e-12
6.5521e-11,6.5773e-11,1.7588e-11
3.3332e-11,3.1923e-11,1.8914e-11
3.8501e-11,4.4162e-11,2.813e-11
6.5729e-11,6.4825e-11,1.7039e-11
3.7369e-11,4.4057e-11,2.5566e-11
3.1762e-11,3.5317e-11,1.6243e-11
3.9885e-11,4.641e-11,3.4217e-11
3.781e-11,3.3329e-11,1.9998e-11
4.9836e-11,4.7664e-11,1.9415e-11
4.3525e-11,4.0203e-11,2.5012e-11
4.2247e-11,3.9835e-11,2.5318e-11
4.0776e-11,4.1202e-11,2.3741e-11
4.451e-11,4.0662e-11,2.5446e-11
4.321e-11,4.1431e-11,2.3356e-11
3.3676e-11,3.8428e-11,1.9526e-11
5.9127e-11,6.0337e-11,1.7434e-11
5.2891e-11,5.3479e-11,1.2266e-11
6.3379e-11,6.3015e-11,1.5008e-11
5.7235e-11,5.8322e-11,1.3094e-11
3.1728e-11,3.5411e-11,1.4411e-11
4.7186e-11,4.4666e-11,8.1037e-12
3.8605e-11,4.8168e-11,2.2331e-11
4.1539e-11,4.1603e-11,2.4714e-11
4.6988e-11,4.6727e-11,1.4962e-11
4.2944e-11,3.8184e-11,2.3655e-11
4.3957e-11,4.1175e-11,2.1627e-11
4.3246e-11,4.7167e-11,3.4531e-11
5.677e-11,5.6506e-11,1.0308e-11
4.8145e-11,4.6039e-11,8.6473e-12
3.2542e-11,3.8256e-11,1.5883e-11
4.7343e-11,4.6527e-11,2.6012e-11
5.0694e-11,4.9163e-11,1.8978e-11
4.7917e-11,4.2814e-11,2.7252e-11
5.1382e-11,5.1523e-11,1.8127e-11
4.2623e-11,4.0853e-11,2.3486e-11
4.6188e-11,4.2232e-11,2.5936e-11
4.5811e-11,4.0673e-11,2.5334e-11
4.5138e-11,3.6729e-11,2.6149e-11
4.1558e-11,3.8937e-11,1.5259e-11
4.2933e-11,4.392e-11,2.2995e-11
4.5537e-11,4.5522e-11,1.051e-11
4.7957e-11,4.7519e-11,9.4389e-12
3.6954e-11,3.5385e-11,1.4568e-11
5.6002e-11,5.5684e-11,1.035e-11
3.8048e-11,4.9019e-11,2.6473e-11
3.9122e-11,3.1188e-11,4.8135e-12
4.5213e-11,4.5338e-11,2.4375e-11
4.7639e-11,4.2966e-11,2.8244e-11
4.2519e-11,4.3914e-11,2.4685e-11
6.1186e-11,6.1251e-11,1.6457e-11
5.1836e-11,5.1678e-11,1.1638e-11
3.7534e-11,4.1881e-11,2.0796e-11
3.6597e-11,3.8679e-11,2.0185e-11
3.5852e-11,4.0707e-11,1.5406e-11
4.6011e-11,3.991e-11,7.8138e-12
3.8379e-11,4.8358e-11,2.291e-11
3.3271e-11,4.0795e-11,1.5657e-11
5.2549e-11,4.2904e-11,2.641e-11
4.8007e-11,4.389e-11,1.7819e-11
5.0625e-11,5.0322e-11,1.477e-11
4.8568e-11,4.3633e-11,1.4249e-11
4.5051e-11,4.6936e-11,2.5054e-11
4.0729e-11,3.8374e-11,1.3824e-11
4.162e-11,3.7651e-11,1.1931e-11
4.1e-11,3.7337e-11,1.1556e-11
6.0146e-11,6.0644e-11,1.2973e-11
4.3501e-11,3.7658e-11,1.0167e-11
4.3599e-11,3.6728e-11,2.5717e-11
4.3262e-11,5.2151e-11,3.3296e-11
4.3294e-11,5.297e-11,3.0764e-11
4.2403e-11,5.2371e-11,3.0731e-11
4.2383e-11,5.3758e-11,3.0557e-11
4.9969e-11,4.5986e-11,2.8129e-11
4.7235e-11,4.4533e-11,2.4923e-11
4.6912e-11,4.416e-11,2.7204e-11
4.3355e-11,4.1032e-11,2.5585e-11
4.8822e-11,3.907e-11,2.8056e-11
4.9256e-11,4.6872e-11,2.4658e-11
5.4642e-11,5.5262e-11,1.3103e-11
4.2182e-11,3.9453e-11,1.7836e-11
4.8808e-11,5.0261e-11,2.5483e-11
4.4799e-11,3.9115e-11,1.0795e-11
4.2777e-11,5.4283e-11,2.8999e-11
3.617e-11,3.5747e-11,2.0869e-11
4.1482e-11,4.3143e-11,2.5456e-11
5.5628e-11,5.6139e-11,1.4353e-11
4.4178e-11,4.3118e-11,1.971e-11
4.6558e-11,4.076e-11,1.1482e-11
5.0194e-11,4.5651e-11,1.1516e-11
5.4106e-11,5.3198e-11,1.2087e-11
4.5974e-11,6.0875e-11,2.76e-11
5.1212e-11,4.5263e-11,2.3712e-11
5.1393e-11,4.5555e-11,1.9407e-11
5.3562e-11,4.3256e-11,3.0462e-11
4.4462e-11,4.1811e-11,1.8092e-11
4.8894e-11,3.9776e-11,3.0115e-11
4.3949e-11,3.7357e-11,6.9653e-12
4.9782e-11,4.3591e-11,1.1895e-11
4.3047e-11,4.2959e-11,2.2912e-11
4.7033e-11,6.1345e-11,3.0627e-11
4.3529e-11,4.0135e-11,2.4588e-11
4.8254e-11,4.9843e-11,2.7411e-11
4.6652e-11,4.9673e-11,2.6821e-11
5.3828e-11,4.4771e-11,2.9813e-11
5.1907e-11,4.3309e-11,3.0087e-12
4.9734e-11,5.0573e-11,2.8582e-11
4.6789e-11,4.9194e-11,2.8866e-11
5.0804e-11,4.4027e-11,5.4139e-12
4.0757e-11,5.2725e-11,1.4281e-11
4.8326e-11,5.2492e-11,2.7268e-11
5.4419e-11,4.6497e-11,7.2215e-12
5.0424e-11,4.3367e-11,9.0923e-12
5.1976e-11,4.8561e-11,3.0098e-11
4.5837e-11,5.3185e-11,1.2627e-11
4.4046e-11,4.1632e-11,2.6377e-11
4.1534e-11,5.4698e-11,1.5573e-11
4.9702e-11,4.3394e-11,3.0898e-11
5.2445e-11,4.4898e-11,7.426e-12
4.374e-11,5.4128e-11,1.2835e-11
4.1444e-11,5.1739e-11,1.8238e-11
5.8425e-11,4.6231e-11,3.4282e-11
5.116e-11,5.8664e-11,2.9653e-11
5.0071e-11,5.5656e-11,2.826e-11
4.8617e-11,4.7757e-11,3.0298e-11
4.842e-11,6.249e-11,1.2973e-11
5.5288e-11,5.4328e-11,2.1443e-11
5.2554e-11,4.6487e-11,3.3734e-11
5.0383e-11,5.8158e-11,2.5565e-11
5.763e-11,6.1954e-11,2.887e-11
5.7654e-11,5.9331e-11,1.8594e-11
4.9782e-11,6.3551e-11,2.6329e-11
6.0748e-11,6.3194e-11,2.626e-11
5.9964e-11,6.5337e-11,3.0468e-11
5.494e-11,6.5218e-11,2.7123e-11
5.2056e-11,6.405e-11,2.5909e-11
5.2843e-11,7.3253e-11,1.8012e-11
6.0411e-11,8.0089e-11,2.4052e-11
5.8108e-11,8.1427e-11,2.128e-11
5.7663e-11,5.3644e-11,1.3758e-11
5.5569e-11,5.7198e-11,1.7165e-11
5.4923e-11,5.5742e-11,1.6432e-11
6.0693e-11,5.3994e-11,1.4147e-11
5.9103e-11,5.2204e-11,9.7752e-12
5.9028e-11,5.1815e-11,8.377e-12
5.7711e-11,5.1349e-11,9.5084e-12
5.4574e-11,5.215e-11,1.0721e-11
5.0247e-11,5.0184e-11,9.1234e-12
5.0011e-11,4.9343e-11,8.0547e-12
4.873e-11,5.6812e-11,1.704e-11
5.9347e-11,5.3586e-11,1.1791e-11
5.0674e-11,5.5807e-11,1.9863e-11
4.9142e-11,5.1971e-11,1.5937e-11
4.6326e-11,6.9039e-11,3.0294e-11
5.3298e-11,4.5744e-11,2.7412e-12
4.9823e-11,4.5543e-11,3.7714e-12
4.8603e-11,4.4695e-11,4.8423e-12
5.1674e-11,4.7999e-11,8.2035e-12
5.3868e-11,5.1891e-11,7.5907e-12
4.7235e-11,6.6062e-11,3.4209e-11
4.65e-11,6.5882e-11,3.8677e-11
4.7618e-11,4.3196e-11,6.8805e-12
4.8458e-11,4.4576e-11,3.5429e-12
4.8597e-11,4.8381e-11,8.0536e-12
4.8975e-11,4.9255e-11,1.0345e-11
4.7917e-11,4.9194e-11,1.1698e-11
5.1852e-11,5.0458e-11,6.3655e-12
5.6579e-11,5.1563e-11,1.4114e-11
4.2922e-11,5.6328e-11,2.1905e-11
4.4611e-11,5.0071e-11,2.4783e-11
4.7422e-11,4.3261e-11,2.3164e-12
4.6212e-11,4.2728e-11,4.0347e-12
4.3901e-11,4.1943e-11,5.8766e-12
4.6303e-11,4.4938e-11,3.8758e-12
5.5688e-11,5.4952e-11,2.6084e-11
5.4707e-11,5.5477e-11,2.5446e-11
4.1991e-11,5.9672e-11,2.6164e-11
4.1935e-11,5.996e-11,3.0675e-11
4.8534e-11,5.6671e-11,1.4289e-11
4.6179e-11,4.4468e-11,9.8177e-12
4.6638e-11,4.3289e-11,7.8563e-12
4.9947e-11,5.0426e-11,1.973e-11
5.4763e-11,5.6107e-11,3.3199e-11
4.2844e-11,5.1682e-11,3.0004e-11
3.9786e-11,4.5714e-11,1.1677e-11
4.6676e-11,4.5532e-11,1.73e-11
5.2719e-11,5.7456e-11,2.4544e-11
4.0209e-11,5.1947e-11,2.4616e-11
4.4841e-11,4.3532e-11,9.9115e-12
4.2247e-11,4.8926e-11,1.653e-11
4.6088e-11,4.5535e-11,1.4348e-11
4.0842e-11,5.3002e-11,1.6548e-11
4.2662e-11,4.9651e-11,1.5783e-11
3.861e-11,5.7861e-11,2.606e-11
4.5823e-11,4.7449e-11,2.56e-11
4.8937e-11,5.4573e-11,3.3816e-11
4.2478e-11,5.5071e-11,2.6215e-11
4.802e-11,6.7456e-11,3.5124e-11
5.0501e-11,6.2454e-11,4.0449e-11
4.2852e-11,4.1319e-11,4.1707e-12
4.2566e-11,4.9103e-11,1.4085e-11
4.4607e-11,4.5052e-11,6.3683e-12
4.1002e-11,4.63e-11,1.4274e-11
4.5246e-11,4.5808e-11,1.0641e-11
3.8851e-11,4.7369e-11,2.1522e-11
4.1296e-11,5.7751e-11,2.7495e-11
4.9157e-11,4.9742e-11,3.7367e-11
5.0588e-11,5.9263e-11,3.8819e-11
4.6498e-11,4.9138e-11,8.0054e-12
4.1852e-11,4.4763e-11,9.0444e-12
4.2759e-11,5.0676e-11,1.366e-11
3.7925e-11,5.3058e-11,2.1951e-11
4.6719e-11,5.5485e-11,1.6737e-11
4.6457e-11,5.7868e-11,3.0177e-11
4.1414e-11,4.3418e-11,2.1868e-11
4.1238e-11,4.5795e-11,2.6032e-11
4.8746e-11,5.1345e-11,3.5353e-11
4.8824e-11,4.7535e-11,3.2185e-11
5.0206e-11,4.9857e-11,3.5822e-11
4.7395e-11,5.4659e-11,2.9824e-11
4.0825e-11,4.7841e-11,1.2476e-11
3.9111e-11,5.5498e-11,1.7609e-11
3.6038e-11,4.2706e-11,1.4837e-11
4.2926e-11,5.6376e-11,2.9306e-11
5.5671e-11,5.8039e-11,4.8257e-11
3.9911e-11,3.5983e-11,2.3108e-12
3.791e-11,3.5436e-11,4.9844e-12
4.0379e-11,4.1127e-11,6.7383e-12
3.7964e-11,3.9206e-11,1.0115e-11
3.7059e-11,4.2234e-11,1.5082e-11
4.6313e-11,5.9842e-11,2.6114e-11
4.5358e-11,5.6758e-11,3.7276e-11
4.112e-11,4.7628e-11,2.595e-11
3.9508e-11,3.5716e-11,3.6605e-12
4.1667e-11,4.0813e-11,6.524e-12
3.6421e-11,3.6116e-11,6.9581e-12
3.7103e-11,5.5366e-11,1.7451e-11
3.533e-11,3.8564e-11,1.8935e-11
3.9505e-11,4.6937e-11,1.6351e-11
3.5426e-11,4.7785e-11,2.9238e-11
3.8795e-11,5.0093e-11,2.2711e-11
3.9864e-11,4.1225e-11,3.0204e-11
5.6162e-11,5.4572e-11,4.7336e-11
3.9485e-11,3.6313e-11,6.7759e-12
3.7734e-11,3.5488e-11,7.3417e-12
3.5039e-11,3.8908e-11,1.322e-11
3.9443e-11,4.3174e-11,1.7968e-11
3.8981e-11,4.9177e-11,2.7433e-11
4.0501e-11,3.701e-11,9.6541e-12
4.1412e-11,4.8434e-11,1.1813e-11
3.3824e-11,4.1846e-11,1.4282e-11
3.4345e-11,3.6334e-11,1.6004e-11
3.6722e-11,4.009e-11,1.4739e-11
3.5001e-11,4.0963e-11,1.3068e-11
3.9161e-11,3.9944e-11,2.243e-11
4.4403e-11,5.3141e-11,2.7778e-11
3.9287e-11,3.505e-11,7.6696e-12
3.7292e-11,3.5148e-11,4.0643e-12
3.6345e-11,4.0081e-11,1.6103e-11
3.5391e-11,4.2811e-11,1.7109e-11
3.6539e-11,4.7043e-11,2.0917e-11
3.7025e-11,4.5699e-11,1.8098e-11
3.6614e-11,4.4699e-11,1.828e-11
3.5719e-11,3.9039e-11,2.0881e-11
4.098e-11,3.9217e-11,3.6002e-11
4.7394e-11,5.3567e-11,3.1145e-11
3.7692e-11,3.6719e-11,9.8878e-12
3.5828e-11,3.3971e-11,4.0432e-12
3.8036e-11,4.0439e-11,9.2976e-12
3.33e-11,3.5433e-11,8.0086e-12
3.7534e-11,4.7297e-11,1.4235e-11
3.24e-11,4.1816e-11,1.1906e-11
4.0817e-11,5.1279e-11,1.9307e-11
3.5122e-11,4.4119e-11,2.0113e-11
3.2714e-11,3.6304e-11,1.7643e-11
3.1876e-11,3.5665e-11,2.0049e-11
3.4759e-11,4.5631e-11,2.0259e-11
3.8755e-11,4.6731e-11,1.8974e-11
4.9413e-11,4.4492e-11,4.0735e-11
5.6991e-11,4.5044e-11,4.8829e-11
3.9078e-11,3.5197e-11,6.6855e-12
3.7722e-11,4.1883e-11,1.1261e-11
4.2511e-11,5.0354e-11,1.3289e-11
3.2554e-11,3.4737e-11,2.0752e-11
3.908e-11,5.1918e-11,3.3204e-11
3.5389e-11,3.0024e-11,4.0683e-12
3.5006e-11,3.339e-11,3.6001e-12
3.2076e-11,3.3618e-11,7.0918e-12
3.673e-11,4.9226e-11,1.1425e-11
3.4322e-11,3.8735e-11,9.3057e-12
3.2332e-11,3.5661e-11,1.2742e-11
3.0971e-11,3.7699e-11,1.6868e-11
4.2726e-11,5.1005e-11,2.9384e-11
3.3109e-11,3.8088e-11,1.5604e-11
3.8437e-11,5.0953e-11,2.496e-11
3.5346e-11,3.9436e-11,1.5877e-11
3.7116e-11,5.1017e-11,3.0468e-11
3.6148e-11,3.812e-11,2.972e-11
5.4966e-11,4.292e-11,3.7462e-11
3.2072e-11,3.3826e-11,6.2577e-12
3.3315e-11,3.9142e-11,1.4548e-11
3.3921e-11,4.417e-11,1.9004e-11
3.4036e-11,4.2912e-11,1.6747e-11
4.3062e-11,4.1508e-11,3.0183e-11
4.3321e-11,4.0536e-11,2.9331e-11
4.8637e-11,4.3385e-11,3.6222e-11
5.4984e-11,4.4846e-11,4.433e-11
5.2162e-11,3.8564e-11,4.4626e-11
3.8324e-11,3.5676e-11,8.7358e-12
3.5034e-11,3.8885e-11,9.11e-12
3.0841e-11,3.3511e-11,6.7711e-12
3.4254e-11,3.7952e-11,9.2403e-12
3.3126e-11,3.9301e-11,1.3069e-11
3.2907e-11,3.7926e-11,1.2153e-11
3.3132e-11,3.2513e-11,1.8918e-11
3.1841e-11,3.7662e-11,1.5451e-11
3.8534e-11,3.6292e-11,3.599e-11
3.4873e-11,3.4768e-11,1.3742e-11
3.3948e-11,3.9234e-11,9.5113e-12
3.1882e-11,3.5752e-11,1.4809e-11
4.0444e-11,3.7853e-11,2.6665e-11
3.625e-11,3.0459e-11,5.8557e-12
3.7553e-11,3.4877e-11,1.3465e-11
3.2685e-11,2.8428e-11,4.9833e-12
2.8778e-11,3.1891e-11,7.4663e-12
3.2963e-11,3.9814e-11,1.4615e-11
3.6009e-11,5.5008e-11,2.3485e-11
3.4471e-11,4.8347e-11,2.4871e-11
3.896e-11,3.1384e-11,2.0428e-11
3.8614e-11,3.6549e-11,2.849e-11
3.7758e-11,3.5755e-11,2.0577e-11
3.8549e-11,4.4527e-11,3.1436e-11
4.6009e-11,3.732e-11,3.9031e-11
5.7765e-11,4.0007e-11,4.2684e-11
6.1393e-11,3.9165e-11,4.4832e-11
3.4412e-11,3.0424e-11,3.7495e-12
3.2164e-11,2.7954e-11,6.5077e-12
3.0414e-11,3.2226e-11,1.2468e-11
3.267e-11,3.7039e-11,1.3554e-11
3.5963e-11,4.9112e-11,3.2162e-11
3.28e-11,3.05e-11,2.2293e-11
4.0183e-11,3.8261e-11,3.2348e-11
6.6218e-11,3.7579e-11,4.4633e-11
6.8817e-11,3.8387e-11,4.5184e-11
6.1398e-11,3.9965e-11,4.702e-11
2.744e-11,3.1298e-11,8.6399e-12
2.9777e-11,3.8487e-11,8.8834e-12
2.7234e-11,2.7887e-11,1.2293e-11
2.7759e-11,3.247e-11,1.449e-11
2.8614e-11,3.3372e-11,1.2591e-11
3.3468e-11,3.8628e-11,2.1563e-11
4.5832e-11,3.4856e-11,3.1209e-11
5.2981e-11,3.8378e-11,4.3035e-11
3.8988e-11,3.6943e-11,3.0001e-11
5.2641e-11,3.2668e-11,5.0722e-11
3.2593e-11,2.89e-11,4.7719e-12
3.1039e-11,3.1794e-11,4.5323e-12
3.5479e-11,3.7969e-11,1.342e-11
2.98e-11,3.1827e-11,1.0913e-11
3.0299e-11,2.9417e-11,1.1094e-11
3.207e-11,4.2999e-11,1.9037e-11
2.6747e-11,2.7216e-11,1.7257e-11
2.7748e-11,4.0162e-11,1.8562e-11
2.9461e-11,3.255e-11,1.4857e-11
3.3967e-11,3.4323e-11,2.3711e-11
3.3164e-11,3.589e-11,2.3182e-11
3.6003e-11,3.2266e-11,2.7421e-11
4.8351e-11,3.9905e-11,2.8324e-11
4.6944e-11,3.3057e-11,4.288e-11
4.4677e-11,3.4482e-11,3.2678e-11
3.014e-11,2.5955e-11,7.03e-12
3.5438e-11,3.5015e-11,1.0699e-11
2.6942e-11,2.7494e-11,1.0695e-11
2.9792e-11,3.0364e-11,1.0689e-11
3.1728e-11,3.6922e-11,1.163e-11
2.7619e-11,3.269e-11,2.1313e-11
3.3659e-11,4.8464e-11,2.1271e-11
2.7914e-11,3.2545e-11,1.9154e-11
3.4358e-11,3.6451e-11,2.0827e-11
4.9146e-11,3.7361e-11,3.9162e-11
3.4923e-11,3.1933e-11,7.6128e-12
3.0589e-11,2.8677e-11,6.2968e-12
2.8515e-11,2.8317e-11,8.5044e-12
3.0312e-11,3.6251e-11,1.3106e-11
2.5667e-11,2.6934e-11,1.1757e-11
2.8042e-11,2.7493e-11,1.2213e-11
4.0342e-11,5.1273e-11,3.8972e-11
3.331e-11,2.8707e-11,1.9554e-11
3.4066e-11,2.9102e-11,2.6318e-11
3.7616e-11,3.0983e-11,2.5244e-11
5.9408e-11,4.2434e-11,5.0865e-11
4.3781e-11,3.4238e-11,3.1065e-11
6.8663e-11,3.7493e-11,4.8796e-11
5.0299e-11,3.5947e-11,3.8575e-11
3.2517e-11,2.9927e-11,5.1425e-12
3.0449e-11,2.9583e-11,6.1968e-12
2.5872e-11,2.6958e-11,8.9198e-12
2.7313e-11,2.7454e-11,9.5339e-12
3.0495e-11,3.1021e-11,1.1967e-11
2.7666e-11,3.7764e-11,2.4874e-11
2.8926e-11,3.2434e-11,1.5117e-11
2.9204e-11,2.8086e-11,1.4848e-11
3.7469e-11,4.3575e-11,3.4514e-11
4.5382e-11,3.6397e-11,4.0318e-11
3.354e-11,3.1529e-11,2.8423e-11
5.1547e-11,3.6521e-11,4.5809e-11
4.8051e-11,3.7348e-11,3.6869e-11
3.6456e-11,3.501e-11,7.7001e-12
2.5047e-11,2.857e-11,1.2096e-11
3.1654e-11,4.639e-11,1.9164e-11
2.5762e-11,3.3009e-11,1.2995e-11
2.73e-11,3.2845e-11,1.6571e-11
2.732e-11,2.861e-11,1.3287e-11
2.7892e-11,3.1921e-11,1.4804e-11
2.7671e-11,3.1032e-11,1.8218e-11
2.8721e-11,3.1664e-11,1.6252e-11
3.2063e-11,2.7427e-11,1.7818e-11
2.9447e-11,3.6251e-11,1.6958e-11
3.1147e-11,3.1407e-11,1.9906e-11
3.4286e-11,2.7118e-11,2.0702e-11
3.1305e-11,3.3166e-11,2.6744e-11
3.5812e-11,3.0891e-11,2.3256e-11
3.4117e-11,3.2118e-11,2.4113e-11
3.6139e-11,3.1548e-11,7.0602e-12
2.9568e-11,3.3101e-11,1.0207e-11
2.5877e-11,2.6998e-11,5.9249e-12
2.6084e-11,2.7522e-11,5.4254e-12
2.6765e-11,3.1408e-11,1.3648e-11
2.5878e-11,3.2311e-11,1.5037e-11
4.1273e-11,4.9196e-11,4.1849e-11
4.2666e-11,3.4244e-11,3.8685e-11
3.2868e-11,2.7388e-11,1.7968e-11
5.4025e-11,4.4129e-11,4.6787e-11
4.5543e-11,3.7166e-11,3.527e-11
6.6369e-11,3.5186e-11,4.6591e-11
3.4793e-11,3.2453e-11,8.6987e-12
3.4347e-11,3.2981e-11,9.8069e-12
3.0926e-11,3.0073e-11,8.595e-12
2.5166e-11,3.2083e-11,1.5507e-11
3.6079e-11,4.6997e-11,3.3094e-11
2.7028e-11,3.0637e-11,1.626e-11
3.024e-11,2.1992e-11,2.1181e-11
3.2858e-11,2.5505e-11,1.9064e-11
3.2211e-11,2.9698e-11,2.2489e-11
2.8876e-11,2.7711e-11,2.3553e-11
3.3618e-11,2.746e-11,1.9774e-11
3.0087e-11,3.1859e-11,1.6379e-11
3.4471e-11,2.2007e-11,2.6041e-11
3.2099e-11,3.1321e-11,2.0399e-11
3.4674e-11,3.0846e-11,2.8583e-11
4.1523e-11,4.1033e-11,3.355e-11
4.5852e-11,2.8077e-11,3.6549e-11
5.2548e-11,3.3857e-11,4.8394e-11
5.4821e-11,3.2056e-11,3.2685e-11
5.9092e-11,2.9685e-11,3.4851e-11
6.6571e-11,3.2905e-11,5.3642e-11
3.4562e-11,3.0688e-11,9.8399e-12
3.0998e-11,2.9732e-11,1.0862e-11
2.3799e-11,2.6296e-11,1.0423e-11
2.4297e-11,2.7162e-11,1.3646e-11
2.3403e-11,2.7998e-11,1.3125e-11
2.3504e-11,2.419e-11,1.6162e-11
2.5922e-11,2.4453e-11,1.4147e-11
2.6553e-11,3.1007e-11,1.5384e-11
3.4636e-11,2.5571e-11,2.0844e-11
3.3359e-11,2.5041e-11,2.0984e-11
3.2765e-11,2.4117e-11,2.1531e-11
2.7807e-11,2.7826e-11,2.2635e-11
4.7023e-11,3.4082e-11,4.0057e-11
3.7309e-11,3.4694e-11,3.4506e-11
5.3692e-11,3.1254e-11,3.3912e-11
4.1578e-11,2.9073e-11,2.5442e-11
4.2805e-11,3.5907e-11,3.4883e-11
6.601e-11,3.1969e-11,4.3872e-11
5.7826e-11,2.7749e-11,3.6586e-11
5.8618e-11,3.344e-11,3.8154e-11
5.8752e-11,3.6695e-11,5.5786e-11
3.0111e-11,3.0692e-11,1.5349e-11
2.5271e-11,2.9152e-11,1.319e-11
2.6432e-11,3.2164e-11,1.3147e-11
2.9466e-11,2.6809e-11,1.2916e-11
2.5861e-11,2.601e-11,2.1484e-11
2.8124e-11,2.9199e-11,1.913e-11
3.4064e-11,2.3656e-11,2.358e-11
2.9581e-11,3.0229e-11,2.5106e-11
3.5385e-11,2.2651e-11,2.7022e-11
4.811e-11,2.7539e-11,3.8186e-11
3.1864e-11,3.0116e-11,2.2687e-11
5.0787e-11,2.4885e-11,3.379e-11
4.5924e-11,2.8032e-11,2.5478e-11
3.8826e-11,3.3556e-11,3.1758e-11
5.1017e-11,3.5363e-11,4.1614e-11
1.845e-11,4.2356e-11,4.2993e-11
2.3205e-11,4.5176e-11,4.5583e-11
2.2389e-11,2.5189e-11,1.0933e-11
2.681e-11,2.7526e-11,1.3906e-11
2.37e-11,2.5664e-11,1.3237e-11
2.67e-11,2.3612e-11,1.428e-11
2.8292e-11,2.5655e-11,1.5393e-11
3.1877e-11,4.0813e-11,2.4608e-11
2.245e-11,2.9167e-11,1.3439e-11
2.24e-11,2.9604e-11,1.5582e-11
3.5923e-11,2.8477e-11,2.9441e-11
3.595e-11,3.3386e-11,2.7738e-11
3.6014e-11,2.9108e-11,4.7719e-11
3.4367e-11,2.8714e-11,2.67e-11
3.6318e-11,2.0054e-11,4.7445e-11
3.5308e-11,2.9285e-11,2.7955e-11
2.7992e-11,2.3185e-11,2.188e-11
3.7605e-11,1.7605e-11,4.7047e-11
3.2232e-11,3.045e-11,2.2275e-11
3.8472e-11,2.9316e-11,3.3843e-11
4.0789e-11,2.9731e-11,2.4453e-11
3.5948e-11,3.4869e-11,2.5279e-11
6.4859e-11,3.9004e-11,5.2354e-11
4.9678e-11,2.3494e-11,3.269e-11
5.3008e-11,2.9565e-11,4.6358e-11
6.1459e-11,3.0479e-11,4.6239e-11
3.3822e-11,3.2172e-11,1.3049e-11
2.0196e-11,4.383e-11,4.4918e-11
2.727e-11,2.6066e-11,7.1768e-12
3.3333e-11,3.3383e-11,1.081e-11
2.6797e-11,4.2828e-11,4.3165e-11
2.21e-11,2.5414e-11,9.2443e-12
2.4554e-11,2.8494e-11,3.4376e-11
2.3918e-11,3.6713e-11,3.9233e-11
2.8504e-11,3.0236e-11,4.2765e-11
2.1371e-11,3.3575e-11,1.5813e-11
2.6357e-11,2.4275e-11,1.6179e-11
2.764e-11,2.0159e-11,3.9404e-11
3.112e-11,2.0446e-11,2.3906e-11
3.0996e-11,2.1329e-11,2.2868e-11
3.2956e-11,2.2121e-11,2.3723e-11
3.7347e-11,1.5593e-11,3.5294e-11
3.4447e-11,3.044e-11,2.6073e-11
3.9503e-11,1.6567e-11,4.7452e-11
3.905e-11,2.1687e-11,2.8198e-11
4.3646e-11,2.2882e-11,2.9379e-11
3.7243e-11,2.4397e-11,2.8066e-11
6.4678e-11,4.0432e-11,4.8593e-11
4.0364e-11,2.7381e-11,3.5144e-11
6.058e-11,2.9662e-11,3.6964e-11
5.8361e-11,2.7254e-11,3.4823e-11
5.0317e-11,3.2533e-11,4.0143e-11
6.134e-11,3.2121e-11,3.9736e-11
3.6788e-11,2.4859e-11,1.1226e-11
3.4301e-11,2.1773e-11,1.0441e-11
3.4675e-11,2.8281e-11,8.8692e-12
3.1812e-11,2.9537e-11,8.0057e-12
3.0042e-11,2.858e-11,9.6709e-12
3.0656e-11,2.8926e-11,1.0336e-11
2.3894e-11,2.9598e-11,3.5775e-11
2.3766e-11,2.585e-11,1.4944e-11
2.9966e-11,2.842e-11,4.3285e-11
3.4763e-11,2.743e-11,2.809e-11
3.7849e-11,2.7744e-11,4.6734e-11
3.3507e-11,2.4945e-11,4.2987e-11
4.1023e-11,2.9613e-11,5.4913e-11
3.3192e-11,1.5558e-11,3.2024e-11
4.0207e-11,2.3763e-11,2.8964e-11
2.8494e-11,2.4382e-11,2.4117e-11
3.4066e-11,2.2431e-11,2.5202e-11
5.8573e-11,3.7593e-11,4.2147e-11
4.5597e-11,2.1809e-11,3.2304e-11
3.4309e-11,2.9051e-11,3.0448e-11
5.7458e-11,3.4657e-11,4.527e-11
4.6032e-11,3.2319e-11,3.0095e-11
4.5508e-11,3.223e-11,3.775e-11
6.3157e-11,2.8234e-11,5.1236e-11
6.3169e-11,3.0018e-11,5.8097e-11
5.9965e-11,3.0937e-11,5.5805e-11
3.3046e-11,2.3388e-11,9.3743e-12
3.176e-11,2.5909e-11,9.5471e-12
3.4398e-11,2.2283e-11,7.4787e-12
3.4687e-11,3.2541e-11,7.4627e-12
2.6551e-11,2.3216e-11,5.9876e-12
3.0191e-11,2.8099e-11,7.0464e-12
1.8748e-11,3.2971e-11,3.3622e-11
2.8194e-11,4.3087e-11,4.3983e-11
2.1513e-11,2.5155e-11,3.1711e-11
2.2476e-11,2.4949e-11,8.1268e-12
2.5008e-11,3.183e-11,3.6969e-11
2.5519e-11,3.8865e-11,4.1589e-11
2.6403e-11,4.328e-11,4.9024e-11
2.3724e-11,2.44e-11,1.2088e-11
2.6992e-11,2.2042e-11,1.3045e-11
2.5271e-11,2.3338e-11,3.5883e-11
2.7073e-11,3.1286e-11,1.995e-11
2.3269e-11,1.8477e-11,1.9316e-11
2.9426e-11,3.5174e-11,2.9045e-11
2.4656e-11,1.7365e-11,3.3483e-11
4.5798e-11,3.7904e-11,4.1522e-11
3.0157e-11,1.4087e-11,3.2272e-11
2.9991e-11,1.6635e-11,2.8459e-11
2.4071e-11,2.7406e-11,1.7375e-11
2.563e-11,2.616e-11,2.3805e-11
4.2062e-11,2.8107e-11,5.25e-11
3.5807e-11,1.9266e-11,2.5419e-11
2.9515e-11,2.3496e-11,2.7766e-11
4.0638e-11,1.5238e-11,4.0266e-11
3.7655e-11,2.0417e-11,2.8867e-11
4.4068e-11,1.4472e-11,4.5681e-11
4.4875e-11,2.429e-11,3.9632e-11
6.1717e-11,2.6638e-11,5.1045e-11
6.2552e-11,3.2685e-11,4.1062e-11
5.1887e-11,3.2592e-11,4.7008e-11
3.1521e-11,2.3563e-11,9.0934e-12
2.8352e-11,3.5869e-11,9.539e-12
2.8285e-11,3.7117e-11,1.08e-11
3.333e-11,2.1829e-11,1.2356e-11
3.5894e-11,3.2821e-11,7.946e-12
2.844e-11,2.1081e-11,5.8749e-12
3.5376e-11,3.278e-11,7.1523e-12
1.294e-11,3.8688e-11,4.2321e-11
3.0545e-11,2.5343e-11,5.29e-12
2.831e-11,2.3625e-11,5.4587e-12
2.7566e-11,2.7442e-11,1.3445e-11
2.7839e-11,3.1038e-11,1.3553e-11
2.3665e-11,2.4668e-11,3.2794e-11
2.3106e-11,2.4046e-11,1.6006e-11
2.2457e-11,2.0769e-11,1.363e-11
3.2123e-11,4.1694e-11,4.9885e-11
2.3643e-11,2.1149e-11,1.8204e-11
2.3687e-11,3.0171e-11,1.6245e-11
2.604e-11,1.3789e-11,3.4031e-11
3.0346e-11,2.5648e-11,3.7783e-11
2.4515e-11,1.405e-11,2.528e-11
2.3034e-11,1.8505e-11,2.1207e-11
2.577e-11,2.3605e-11,1.8163e-11
3.9961e-11,3.6708e-11,5.5755e-11
4.4362e-11,3.3611e-11,5.5205e-11
4.4454e-11,2.1753e-11,3.021e-11
3.1556e-11,2.8581e-11,2.5249e-11
4.7117e-11,3.0701e-11,3.7168e-11
3.1994e-11,1.8538e-11,6.0193e-12
3.2144e-11,1.9991e-11,6.9147e-12
3.1295e-11,1.9108e-11,6.9742e-12
3.3285e-11,2.7424e-11,7.5022e-12
3.18e-11,2.3867e-11,8.9881e-12
2.8069e-11,2.249e-11,7.7871e-12
2.6869e-11,2.2463e-11,9.2438e-12
1.6344e-11,4.0411e-11,3.9858e-11
2.9023e-11,2.8042e-11,6.9402e-12
2.6988e-11,2.3436e-11,4.7732e-12
3.1229e-11,2.8231e-11,1.0846e-11
1.5557e-11,2.5884e-11,2.5899e-11
2.3574e-11,2.2502e-11,9.7363e-12
1.8258e-11,2.9793e-11,2.8258e-11
1.6485e-11,3.24e-11,2.9626e-11
2.3528e-11,4.6638e-11,4.7e-11
2.3599e-11,2.4966e-11,1.0638e-11
2.7949e-11,2.6594e-11,1.2736e-11
2.0674e-11,2.0424e-11,1.2745e-11
3.3066e-11,4.4289e-11,5.1659e-11
2.9266e-11,3.7507e-11,4.625e-11
2.1106e-11,1.8325e-11,1.752e-11
2.2756e-11,1.9149e-11,1.5286e-11
2.5056e-11,2.3467e-11,3.4906e-11
2.7009e-11,2.4166e-11,3.6766e-11
2.0917e-11,2.7565e-11,1.325e-11
2.3561e-11,1.3092e-11,2.5424e-11
2.6098e-11,2.2783e-11,1.6594e-11
2.2503e-11,2.2533e-11,1.9646e-11
2.5682e-11,2.1926e-11,2.0044e-11
3.7458e-11,1.9286e-11,4.6201e-11
3.4351e-11,2.1517e-11,2.404e-11
2.9158e-11,2.1465e-11,2.5342e-11
3.3073e-11,1.9689e-11,2.5739e-11
3.4546e-11,1.8845e-11,2.6946e-11
3.9505e-11,1.9806e-11,2.8229e-11
4.5941e-11,2.0786e-11,3.4081e-11
5.5232e-11,2.8007e-11,4.4211e-11
5.2958e-11,2.5475e-11,3.6999e-11
5.8594e-11,2.5226e-11,3.9013e-11
6.0104e-11,2.6183e-11,5.3767e-11
2.9212e-11,3.715e-11,1.0856e-11
3.1098e-11,2.5855e-11,1.0231e-11
3.1801e-11,1.8577e-11,5.2028e-12
3.0615e-11,2.4096e-11,8.222e-12
2.86e-11,2.154e-11,8.6936e-12
1.2672e-11,3.7743e-11,4.2529e-11
3.1228e-11,2.6007e-11,5.5492e-12
3.2728e-11,3.177e-11,8.4041e-12
1.516e-11,3.5403e-11,4.2144e-11
1.8802e-11,2.9043e-11,2.7783e-11
2.1633e-11,2.1631e-11,1.2436e-11
2.0443e-11,2.3618e-11,2.9482e-11
2.1841e-11,2.1619e-11,1.0727e-11
2.3815e-11,2.4936e-11,1.5808e-11
2.3131e-11,2.4389e-11,1.6883e-11
1.9741e-11,1.6821e-11,2.0652e-11
2.2097e-11,2.33e-11,1.3551e-11
3.3288e-11,3.6983e-11,4.7932e-11
2.4742e-11,1.2437e-11,3.0951e-11
4.3072e-11,3.89e-11,3.9547e-11
2.6127e-11,1.5142e-11,2.5907e-11
2.3703e-11,2.2357e-11,1.8414e-11
3.8306e-11,3.7498e-11,5.2176e-11
4.0683e-11,3.5806e-11,5.5637e-11
2.9465e-11,2.1157e-11,2.2421e-11
3.11e-11,2.6239e-11,1.937e-11
5.6102e-11,3.3698e-11,4.2101e-11
5.7978e-11,2.8926e-11,4.3909e-11
4.9705e-11,1.7537e-11,4.1533e-11
4.9939e-11,2.0297e-11,3.2658e-11
5.373e-11,2.5223e-11,4.3947e-11
5.1695e-11,2.7363e-11,3.5778e-11
5.2979e-11,3.3901e-11,3.7735e-11
5.2904e-11,3.0465e-11,3.7818e-11
5.8332e-11,2.5009e-11,5.3135e-11
2.9318e-11,2.159e-11,4.5871e-12
3.3391e-11,2.5041e-11,1.18e-11
3.4116e-11,3.2748e-11,8.1463e-12
1.4727e-11,4.3233e-11,4.469e-11
2.1372e-11,2.1083e-11,1.3078e-11
2.6988e-11,2.5306e-11,1.2258e-11
2.1943e-11,3.4141e-11,3.671e-11
2.2527e-11,2.9312e-11,1.0487e-11
2.1038e-11,1.64e-11,2.9829e-11
2.0738e-11,1.2871e-11,2.4428e-11
2.1219e-11,1.6437e-11,1.9756e-11
3.7604e-11,4.1422e-11,5.3436e-11
2.7205e-11,1.8069e-11,1.7763e-11
2.9432e-11,2.8364e-11,2.4323e-11
3.0003e-11,2.2018e-11,2.4416e-11
2.7184e-11,1.599e-11,2.4432e-11
2.5783e-11,1.7276e-11,2.1719e-11
3.4455e-11,1.7981e-11,4.2837e-11
2.7668e-11,2.0731e-11,2.0255e-11
3.3452e-11,2.0862e-11,2.4634e-11
2.5524e-11,2.3006e-11,2.3961e-11
3.9419e-11,1.592e-11,4.1956e-11
3.5766e-11,2.1811e-11,2.6824e-11
4.542e-11,2.3196e-11,5.1703e-11
5.1021e-11,1.9835e-11,4.2171e-11
4.3114e-11,2.6064e-11,3.845e-11
4.769e-11,2.9361e-11,3.887e-11
5.9781e-11,2.5452e-11,4.647e-11
3.1559e-11,1.8068e-11,5.0772e-12
3.2845e-11,2.3757e-11,1.0271e-11
9.3689e-12,2.6245e-11,2.7298e-11
1.0817e-11,2.3221e-11,2.2999e-11
1.0202e-11,1.9979e-11,2.4209e-11
1.319e-11,3.0116e-11,2.9072e-11
3.0553e-11,2.821e-11,8.9778e-12
2.0744e-11,4.4369e-11,4.7757e-11
2.9304e-11,2.8484e-11,1.0364e-11
1.9131e-11,3.6888e-11,3.3208e-11
1.4325e-11,2.2096e-11,2.3519e-11
2.1271e-11,2.3453e-11,9.7013e-12
1.5892e-11,2.3656e-11,2.458e-11
2.6749e-11,2.7196e-11,1.4648e-11
1.7517e-11,1.9245e-11,2.6815e-11
1.7901e-11,2.0147e-11,2.6241e-11
2.0599e-11,2.4745e-11,1.4933e-11
2.2489e-11,2.3422e-11,1.4226e-11
4.7037e-11,4.1251e-11,4.0008e-11
3.6182e-11,2.0732e-11,2.7729e-11
2.5426e-11,2.0539e-11,2.2566e-11
3.3834e-11,1.497e-11,2.8011e-11
3.4377e-11,1.8279e-11,2.7512e-11
3.2867e-11,2.1488e-11,2.6459e-11
4.7094e-11,1.5079e-11,4.0938e-11
5.4271e-11,2.2511e-11,4.407e-11
5.5454e-11,2.4568e-11,5.161e-11
2.8046e-11,2.3627e-11,8.2468e-12
2.5879e-11,3.2472e-11,9.1243e-12
2.5874e-11,2.9039e-11,1.1374e-11
3.0703e-11,1.9533e-11,7.8455e-12
3.0584e-11,2.855e-11,1.3689e-11
7.978e-12,2.3633e-11,2.4563e-11
2.8215e-11,1.9932e-11,5.083e-12
1.1603e-11,3.8694e-11,3.8958e-11
1.2452e-11,2.6326e-11,2.4651e-11
2.6998e-11,2.284e-11,7.3749e-12
2.3984e-11,2.3141e-11,8.3191e-12
1.3582e-11,2.9663e-11,2.8204e-11
3.1067e-11,2.8527e-11,1.0984e-11
1.2603e-11,2.1008e-11,2.374e-11
1.9059e-11,2.8144e-11,2.7524e-11
1.9057e-11,2.6643e-11,2.8005e-11
2.9648e-11,4.8743e-11,4.6994e-11
2.3604e-11,3.5765e-11,3.8517e-11
2.2827e-11,3.0418e-11,1.1361e-11
2.1406e-11,1.9149e-11,1.1954e-11
1.7454e-11,1.6787e-11,1.8274e-11
1.8059e-11,1.5858e-11,1.9648e-11
1.9155e-11,1.1223e-11,2.4504e-11
1.9152e-11,1.2717e-11,2.4047e-11
2.6807e-11,2.6758e-11,3.6838e-11
2.1441e-11,2.1888e-11,1.7857e-11
2.2278e-11,2.0401e-11,1.7738e-11
3.1195e-11,2.429e-11,3.961e-11
2.3501e-11,1.8639e-11,1.6789e-11
3.7246e-11,3.4346e-11,3.2505e-11
2.2193e-11,2.2598e-11,1.6175e-11
3.2712e-11,1.8843e-11,2.3442e-11
4.1564e-11,2.1905e-11,4.5533e-11
2.9447e-11,2.0946e-11,2.464e-11
4.5625e-11,2.2241e-11,4.8364e-11
4.2267e-11,1.5342e-11,3.764e-11
4.8866e-11,1.8887e-11,4.5232e-11
3.5424e-11,2.0126e-11,3.0238e-11
3.4789e-11,2.0091e-11,2.9258e-11
5.0533e-11,2.1216e-11,4.1807e-11
5.448e-11,1.5846e-11,5.2506e-11
5.1807e-11,2.341e-11,4.339e-11
6.1874e-11,2.4966e-11,4.2943e-11
5.544e-11,2.628e-11,4.7653e-11
2.8869e-11,4.0436e-11,1.4819e-11
2.9879e-11,3.3881e-11,9.7913e-12
7.1157e-12,2.3358e-11,2.3429e-11
2.9888e-11,2.6471e-11,1.1257e-11
3.3611e-11,2.7463e-11,1.2961e-11
2.7042e-11,2.0251e-11,7.0657e-12
3.2678e-11,2.5876e-11,1.1438e-11
2.5061e-11,2.028e-11,8.0788e-12
2.5576e-11,2.3416e-11,9.2364e-12
2.6528e-11,2.258e-11,7.2471e-12
2.2605e-11,2.1738e-11,1.1114e-11
1.4671e-11,2.8798e-11,2.5379e-11
2.5585e-11,2.8821e-11,1.0134e-11
2.4962e-11,4.4297e-11,4.2738e-11
1.9742e-11,1.9679e-11,1.0923e-11
2.5992e-11,2.4388e-11,1.359e-11
2.4225e-11,2.9137e-11,3.5193e-11
1.9154e-11,1.5958e-11,2.7366e-11
1.7165e-11,1.147e-11,2.1603e-11
2.1458e-11,1.7621e-11,1.3188e-11
1.9672e-11,1.384e-11,2.4577e-11
1.985e-11,1.8694e-11,1.4489e-11
1.9074e-11,2.5381e-11,1.6144e-11
1.8237e-11,1.3953e-11,1.8117e-11
2.1339e-11,2.0031e-11,1.3622e-11
2.6413e-11,2.0108e-11,3.4424e-11
2.4005e-11,1.1669e-11,2.4674e-11
2.8219e-11,1.4405e-11,3.4669e-11
2.9236e-11,1.9448e-11,2.4053e-11
4.5155e-11,2.5414e-11,3.7462e-11
4.888e-11,2.9711e-11,6.126e-11
3.4269e-11,1.7715e-11,2.8015e-11
3.841e-11,2.0267e-11,2.5986e-11
3.6587e-11,1.9113e-11,3.4093e-11
2.4783e-11,2.6654e-11,8.7467e-12
3.0615e-11,1.8747e-11,7.1039e-12
2.4285e-11,3.1286e-11,9.4036e-12
2.8856e-11,1.7318e-11,7.369e-12
2.9005e-11,4.1561e-11,1.3947e-11
6.6371e-12,2.4088e-11,2.4387e-11
2.9234e-11,3.5385e-11,1.1053e-11
3.1326e-11,2.8134e-11,1.4033e-11
1.1034e-11,3.0337e-11,2.7996e-11
2.6919e-11,1.8883e-11,6.777e-12
8.7732e-12,2.3868e-11,2.4544e-11
1.1536e-11,3.1517e-11,3.3088e-11
2.222e-11,2.1956e-11,9.4423e-12
2.8135e-11,3.02e-11,9.1492e-12
1.3837e-11,1.6177e-11,2.2731e-11
1.665e-11,1.736e-11,1.5412e-11
1.6434e-11,1.2589e-11,2.3345e-11
2.8082e-11,3.2068e-11,3.9948e-11
1.9959e-11,2.0576e-11,1.6518e-11
1.9769e-11,2.3395e-11,1.3298e-11
2.1783e-11,1.1248e-11,2.6045e-11
2.1448e-11,1.351e-11,2.1406e-11
2.3888e-11,1.0945e-11,2.5579e-11
2.5602e-11,1.5084e-11,1.8598e-11
3.474e-11,2.3388e-11,4.2325e-11
3.616e-11,1.6645e-11,2.5335e-11
2.3635e-11,2.1861e-11,1.8681e-11
2.8932e-11,1.6913e-11,2.7202e-11
2.9308e-11,2.2825e-11,2.2331e-11
2.8357e-11,2.3271e-11,2.2843e-11
4.9979e-11,2.4453e-11,5.6299e-11
4.3978e-11,1.5265e-11,3.5695e-11
3.4512e-11,2.2555e-11,3.0394e-11
5.8145e-11,2.5251e-11,4.6614e-11
5.1393e-11,1.7957e-11,3.8974e-11
5.454e-11,2.4026e-11,4.2037e-11
4.9228e-11,2.7332e-11,4.1677e-11
8.3307e-12,2.5353e-11,2.6081e-11
2.8167e-11,1.9772e-11,1.1306e-11
7.3557e-12,2.1061e-11,2.0377e-11
6.5597e-12,2.3414e-11,2.4077e-11
9.6207e-12,1.9407e-11,2.1035e-11
2.9474e-11,2.9243e-11,1.1804e-11
2.6954e-11,2.4209e-11,1.3481e-11
1.4858e-11,4.4735e-11,4.3615e-11
1.058e-11,2.3796e-11,2.2431e-11
1.0391e-11,1.7904e-11,2.3915e-11
2.8783e-11,2.7528e-11,8.9262e-12
1.9544e-11,4.2693e-11,4.1711e-11
1.6722e-11,2.2982e-11,2.4153e-11
1.8907e-11,2.215e-11,1.169e-11
2.0675e-11,2.2974e-11,1.2373e-11
2.0182e-11,1.8957e-11,1.4771e-11
2.2795e-11,3.36e-11,3.3005e-11
3.567e-11,4.1966e-11,5.0883e-11
3.6685e-11,3.7535e-11,5.1836e-11
1.9984e-11,2.1101e-11,1.8544e-11
3.2167e-11,2.0267e-11,3.7186e-11
3.0547e-11,1.4153e-11,3.1831e-11
2.7275e-11,1.1475e-11,2.5101e-11
5.2153e-11,2.8708e-11,3.8134e-11
3.7227e-11,1.6397e-11,2.7561e-11
5.0819e-11,2.7223e-11,6.0934e-11
3.9877e-11,1.8048e-11,3.043e-11
5.562e-11,1.7824e-11,4.846e-11
2.89e-11,1.7742e-11,7.4619e-12
1.2349e-11,3.8656e-11,4.0468e-11
1.0424e-11,3.0118e-11,2.8495e-11
8.6833e-12,1.7585e-11,1.8276e-11
1.6467e-11,3.5784e-11,3.7592e-11
1.0186e-11,1.5479e-11,1.8406e-11
1.6047e-11,3.5266e-11,3.6751e-11
2.331e-11,2.1601e-11,8.0817e-12
2.0003e-11,3.6944e-11,3.4166e-11
2.0446e-11,2.3987e-11,1.1507e-11
1.9894e-11,2.2791e-11,1.3431e-11
1.6222e-11,1.8144e-11,1.4064e-11
1.4383e-11,1.3597e-11,1.6561e-11
2.0253e-11,2.6456e-11,1.4335e-11
1.6003e-11,1.5104e-11,2.421e-11
2.8084e-11,3.2079e-11,3.7201e-11
2.9959e-11,3.5062e-11,3.8856e-11
2.3226e-11,2.2373e-11,3.2381e-11
1.8054e-11,1.4745e-11,1.9432e-11
2.0093e-11,1.1274e-11,2.2263e-11
1.9261e-11,1.2299e-11,2.0075e-11
2.4425e-11,1.8976e-11,3.1871e-11
2.8435e-11,2.2351e-11,3.5964e-11
1.8462e-11,2.1502e-11,1.6971e-11
1.8626e-11,2.099e-11,1.6615e-11
2.1697e-11,1.5314e-11,1.9582e-11
3.0377e-11,1.4884e-11,3.6848e-11
3.9211e-11,3.4042e-11,5.309e-11
3.7789e-11,1.8939e-11,4.114e-11
2.9023e-11,1.8366e-11,2.0924e-11
3.0697e-11,1.7597e-11,2.5403e-11
5.0923e-11,1.8393e-11,5.004e-11
5.7226e-11,2.1364e-11,5.4159e-11
5.7279e-11,2.4085e-11,4.5549e-11
5.3116e-11,2.3039e-11,4.2132e-11
6.165e-11,2.3123e-11,4.3307e-11
6.8313e-11,2.0045e-11,5.2302e-11
2.4013e-11,2.4086e-11,8.2522e-12
7.5835e-12,2.1739e-11,2.2775e-11
2.9344e-11,1.7908e-11,7.7421e-12
2.8395e-11,1.6822e-11,6.4218e-12
7.2611e-12,2.1765e-11,2.0864e-11
2.6195e-11,2.7092e-11,1.0129e-11
2.4705e-11,2.0657e-11,9.6784e-12
2.7428e-11,3.0183e-11,1.5639e-11
1.7901e-11,4.7369e-11,4.4093e-11
2.2871e-11,2.2982e-11,1.2407e-11
2.198e-11,1.8088e-11,6.7846e-12
1.4912e-11,3.013e-11,2.8239e-11
1.2289e-11,1.4277e-11,2.095e-11
2.0827e-11,2.5611e-11,1.0593e-11
1.7189e-11,2.0664e-11,1.5521e-11
1.8694e-11,2.135e-11,1.5428e-11
2.5108e-11,4.3327e-11,4.3926e-11
1.5039e-11,1.2079e-11,2.104e-11
1.4363e-11,1.3474e-11,1.7561e-11
1.4609e-11,1.1803e-11,1.8111e-11
1.988e-11,2.0652e-11,1.0252e-11
1.8656e-11,2.0449e-11,1.4551e-11
1.9792e-11,2.1398e-11,1.1697e-11
1.9359e-11,1.9223e-11,1.0232e-11
3.0247e-11,4.203e-11,4.5596e-11
2.0428e-11,2.2599e-11,1.35e-11
2.6796e-11,3.0284e-11,3.671e-11
1.86e-11,1.9933e-11,1.5555e-11
1.8836e-11,1.7973e-11,1.3807e-11
1.8427e-11,1.8287e-11,1.6093e-11
1.8104e-11,2.1847e-11,1.4729e-11
1.948e-11,2.0058e-11,1.6876e-11
2.157e-11,1.9796e-11,1.8481e-11
3.3451e-11,2.2232e-11,3.8684e-11
2.4458e-11,1.4881e-11,2.2334e-11
2.1852e-11,2.0404e-11,1.9188e-11
2.5578e-11,1.6855e-11,2.2422e-11
3.5931e-11,1.7142e-11,3.6717e-11
5.1802e-11,2.3342e-11,4.2779e-11
3.4799e-11,1.8462e-11,3.4782e-11
5.5304e-11,2.3384e-11,4.6247e-11
4.6525e-11,1.9882e-11,4.3919e-11
5.7115e-11,2.2331e-11,4.1218e-11
2.7918e-11,1.9808e-11,1.0742e-11
2.8988e-11,1.7342e-11,6.8078e-12
3.0408e-11,1.8257e-11,5.1068e-12
2.8026e-11,2.1427e-11,9.679e-12
2.5874e-11,2.6885e-11,1.0541e-11
2.4256e-11,2.0001e-11,7.5735e-12
1.281e-11,2.5534e-11,2.2779e-11
2.5445e-11,2.5563e-11,1.2739e-11
2.7265e-11,2.7138e-11,1.023e-11
1.6161e-11,3.5578e-11,3.6263e-11
1.3853e-11,1.9001e-11,2.1042e-11
1.7961e-11,3.3528e-11,3.1567e-11
1.8487e-11,1.8237e-11,9.1783e-12
2.3309e-11,4.5244e-11,4.8599e-11
1.3763e-11,1.6212e-11,2.0325e-11
1.9228e-11,2.5032e-11,2.5312e-11
2.0922e-11,2.1564e-11,1.4117e-11
2.5935e-11,4.5589e-11,5.0222e-11
2.0693e-11,2.6568e-11,1.2182e-11
2.6267e-11,4.3836e-11,4.4339e-11
2.9672e-11,4.3946e-11,4.7011e-11
1.7067e-11,1.6427e-11,2.3914e-11
1.9426e-11,1.8251e-11,1.1771e-11
1.7442e-11,1.2577e-11,2.3658e-11
1.9548e-11,1.7665e-11,1.1895e-11
3.28e-11,4.1632e-11,5.0445e-11
1.8596e-11,1.0096e-11,2.3592e-11
2.4009e-11,2.3198e-11,3.2796e-11
1.796e-11,1.2034e-11,1.8901e-11
1.9341e-11,1.4128e-11,1.402e-11
1.9204e-11,1.7401e-11,1.2951e-11
1.7492e-11,2.1016e-11,1.5233e-11
3.4432e-11,2.8453e-11,4.4696e-11
2.5508e-11,1.7467e-11,2.155e-11
3.2501e-11,1.8408e-11,3.8595e-11
2.4909e-11,1.7669e-11,2.1051e-11
3.8772e-11,2.6335e-11,4.8501e-11
3.1113e-11,1.4582e-11,2.5351e-11
4.6275e-11,2.8128e-11,3.9961e-11
3.5591e-11,1.5531e-11,2.7971e-11
3.7876e-11,1.4212e-11,3.4402e-11
4.4966e-11,1.9743e-11,3.6595e-11
3.8896e-11,1.8646e-11,2.8428e-11
5.6621e-11,2.089e-11,5.0986e-11
4.6009e-11,1.7891e-11,4.2299e-11
4.8508e-11,1.6908e-11,4.2433e-11
2.7944e-11,1.9874e-11,7.3571e-12
3.0637e-11,1.8335e-11,4.3964e-12
6.4486e-12,1.8459e-11,1.848e-11
2.7749e-11,1.6706e-11,6.0814e-12
1.0946e-11,2.6187e-11,2.7171e-11
1.1231e-11,3.0923e-11,3.0028e-11
1.0523e-11,2.5315e-11,2.3685e-11
2.3326e-11,1.775e-11,8.4262e-12
1.8825e-11,1.8211e-11,1.0162e-11
1.3998e-11,1.8827e-11,2.1486e-11
2.2172e-11,2.2976e-11,1.1972e-11
1.3299e-11,1.4e-11,1.956e-11
2.096e-11,2.3765e-11,9.6014e-12
1.5009e-11,1.3867e-11,2.0267e-11
1.6043e-11,2.114e-11,2.3064e-11
1.8286e-11,2.1497e-11,1.2694e-11
1.5022e-11,1.7212e-11,1.4751e-11
1.3513e-11,1.1345e-11,1.959e-11
2.9652e-11,3.4364e-11,4.1058e-11
3.0178e-11,4.1568e-11,4.7513e-11
1.7253e-11,1.8927e-11,1.5242e-11
1.8404e-11,1.4355e-11,1.6408e-11
1.9497e-11,1.0041e-11,2.3484e-11
2.0712e-11,1.2537e-11,2.4744e-11
1.7841e-11,1.3337e-11,1.7837e-11
1.8745e-11,1.2361e-11,1.8677e-11
2.8479e-11,1.9965e-11,3.4639e-11
2.7378e-11,1.731e-11,2.3366e-11
3.3645e-11,2.2668e-11,2.9011e-11
2.4061e-11,1.4262e-11,2.1752e-11
2.3275e-11,1.452e-11,2.1536e-11
4.1031e-11,2.5257e-11,3.6532e-11
4.0422e-11,3.4205e-11,5.4701e-11
2.5558e-11,1.5973e-11,2.1827e-11
2.8467e-11,1.5343e-11,2.5081e-11
4.9705e-11,2.6781e-11,6.1997e-11
2.9043e-11,1.7808e-11,2.6958e-11
4.3413e-11,1.657e-11,3.3395e-11
3.4703e-11,1.7947e-11,3.0942e-11
5.6826e-11,2.4422e-11,4.0932e-11
4.4706e-11,1.3778e-11,3.8058e-11
5.6018e-11,2.2387e-11,4.7965e-11
6.0868e-11,2.5126e-11,4.9119e-11
5.5348e-11,1.986e-11,4.643e-11
6.0655e-11,2.1202e-11,4.6567e-11
6.3528e-11,1.7897e-11,4.8607e-11
2.9494e-11,1.7029e-11,6.7631e-12
2.7102e-11,1.6781e-11,6.858e-12
2.5259e-11,3.2693e-11,1.4417e-11
2.6476e-11,1.717e-11,6.2505e-12
2.8222e-11,3.9552e-11,1.5781e-11
7.5624e-12,1.5154e-11,1.7702e-11
2.3102e-11,1.7584e-11,6.9364e-12
3.2749e-11,2.906e-11,1.8208e-11
2.8044e-11,2.6765e-11,9.7786e-12
2.0194e-11,3.1114e-11,3.0241e-11
2.254e-11,2.2863e-11,1.39e-11
1.9719e-11,2.4166e-11,1.2088e-11
1.7145e-11,1.8681e-11,1.0517e-11
1.7468e-11,2.2083e-11,2.4092e-11
1.6162e-11,1.8983e-11,1.3493e-11
1.3546e-11,1.1309e-11,1.8247e-11
2.8798e-11,4.3807e-11,4.2026e-11
1.6353e-11,1.3337e-11,2.1351e-11
1.9827e-11,2.0636e-11,1.0359e-11
1.8498e-11,1.9111e-11,2.526e-11
1.6536e-11,1.9778e-11,1.6101e-11
1.8284e-11,2.2631e-11,1.497e-11
1.7377e-11,1.568e-11,1.2729e-11
3.0711e-11,3.4923e-11,4.3087e-11
3.051e-11,2.5669e-11,4.0251e-11
2.3164e-11,1.2863e-11,2.1694e-11
3.7309e-11,3.3403e-11,5.1143e-11
2.001e-11,2.1463e-11,1.7659e-11
2.3635e-11,1.332e-11,2.2397e-11
2.4189e-11,1.3894e-11,2.2364e-11
2.2767e-11,1.7974e-11,1.8637e-11
2.6875e-11,1.7956e-11,1.9916e-11
3.5157e-11,1.744e-11,3.2305e-11
5.4369e-11,2.0071e-11,4.3398e-11
4.3921e-11,1.2844e-11,3.7572e-11
5.6379e-11,2.1915e-11,4.8774e-11
6.3305e-11,2.3266e-11,5.2675e-11
6.1651e-11,1.863e-11,5.2344e-11
2.0765e-11,2.4178e-11,1.0151e-11
2.2833e-11,2.9946e-11,1.0969e-11
2.4721e-11,3.3884e-11,1.6013e-11
1.1147e-11,2.6145e-11,2.3712e-11
7.8946e-12,1.7833e-11,1.7745e-11
7.341e-12,1.4613e-11,1.8102e-11
2.8642e-11,2.4892e-11,1.0133e-11
1.1751e-11,3.6784e-11,3.4621e-11
2.3656e-11,2.0406e-11,9.7971e-12
1.1565e-11,3.078e-11,2.9669e-11
1.7823e-11,5.003e-11,4.9556e-11
9.7442e-12,1.4611e-11,1.6637e-11
2.6632e-11,2.4439e-11,1.2389e-11
2.6687e-11,2.673e-11,1.3115e-11
1.4923e-11,3.9445e-11,3.6804e-11
2.0595e-11,2.3015e-11,1.1536e-11
2.5125e-11,2.5683e-11,1.452e-11
1.9091e-11,1.8262e-11,9.5945e-12
1.4986e-11,2.7438e-11,2.4094e-11
2.2762e-11,2.1895e-11,1.1432e-11
1.7692e-11,3.3785e-11,3.0445e-11
1.1857e-11,1.1832e-11,1.6212e-11
1.5966e-11,1.2265e-11,2.054e-11
1.7614e-11,2.6116e-11,2.6557e-11
2.0347e-11,1.8282e-11,1.2155e-11
1.7011e-11,2.2046e-11,1.4159e-11
2.1489e-11,2.6175e-11,1.5898e-11
1.9782e-11,1.991e-11,2.7382e-11
1.7481e-11,1.6437e-11,2.4491e-11
2.2727e-11,2.713e-11,1.7587e-11
2.7541e-11,2.8423e-11,2.0257e-11
2.2542e-11,1.5965e-11,2.6624e-11
1.8421e-11,1.6905e-11,1.3954e-11
1.8708e-11,1.8112e-11,1.4051e-11
1.8377e-11,1.7105e-11,1.333e-11
2.1719e-11,1.4701e-11,1.5603e-11
1.7417e-11,1.7202e-11,1.7585e-11
2.912e-11,2.6765e-11,3.9311e-11
2.3672e-11,1.1037e-11,2.4828e-11
3.6427e-11,3.7824e-11,5.5825e-11
3.5497e-11,2.9905e-11,4.7117e-11
2.1363e-11,1.796e-11,1.747e-11
3.4175e-11,1.6035e-11,3.4588e-11
4.6171e-11,2.5307e-11,3.9327e-11
2.5348e-11,1.6638e-11,2.572e-11
3.2879e-11,1.606e-11,2.6868e-11
2.7996e-11,1.9791e-11,2.477e-11
5.3793e-11,2.1699e-11,5.1462e-11
5.1721e-11,2.0197e-11,4.5845e-11
4.2724e-11,1.4589e-11,3.2766e-11
3.6793e-11,1.7632e-11,3.4042e-11
4.3572e-11,1.3275e-11,3.3981e-11
5.7543e-11,1.6523e-11,4.5333e-11
5.8884e-11,1.4674e-11,5.1649e-11
3.0809e-11,1.8158e-11,6.4081e-12
5.2947e-12,2.3275e-11,2.141e-11
2.6548e-11,2.1636e-11,1.0839e-11
9.2101e-12,2.1413e-11,2.1077e-11
6.9624e-12,1.6916e-11,1.7484e-11
2.2554e-11,2.2368e-11,1.1883e-11
2.8457e-11,1.9237e-11,5.2017e-12
2.3283e-11,1.8599e-11,8.4926e-12
2.8005e-11,1.8896e-11,6.7413e-12
1.4573e-11,4.4973e-11,4.6259e-11
1.3206e-11,3.9509e-11,4.1045e-11
1.5932e-11,2.8301e-11,2.9755e-11
1.9164e-11,1.654e-11,8.0656e-12
1.8311e-11,4.6582e-11,4.1892e-11
1.7686e-11,2.0331e-11,1.2993e-11
1.1659e-11,1.189e-11,1.6892e-11
1.9898e-11,2.2638e-11,1.4419e-11
1.4711e-11,1.1459e-11,2.0083e-11
1.866e-11,2.204e-11,1.4397e-11
1.7196e-11,2.0393e-11,2.3845e-11
1.5809e-11,1.0063e-11,1.9799e-11
1.5641e-11,1.9201e-11,1.6553e-11
1.8073e-11,1.3996e-11,1.3563e-11
2.8235e-11,3.8045e-11,4.4718e-11
1.9844e-11,1.328e-11,2.3354e-11
2.6926e-11,2.6808e-11,1.833e-11
2.9142e-11,3.3219e-11,4.1858e-11
1.7082e-11,1.4395e-11,1.7216e-11
1.8115e-11,1.7598e-11,1.2774e-11
2.1272e-11,1.2817e-11,2.5348e-11
1.8003e-11,1.7116e-11,1.739e-11
3.759e-11,2.8442e-11,2.9692e-11
3.7458e-11,3.8298e-11,5.4194e-11
2.1856e-11,1.3924e-11,2.0393e-11
3.3623e-11,1.4621e-11,2.646e-11
4.9116e-11,2.7064e-11,5.8407e-11
5.4383e-11,2.2479e-11,4.3591e-11
4.0715e-11,1.6123e-11,3.9845e-11
5.0492e-11,1.8053e-11,4.9317e-11
2.3964e-11,1.99e-11,9.6847e-12
2.2723e-11,3.0497e-11,1.3545e-11
2.8362e-11,3.3968e-11,1.6842e-11
3.3253e-11,4.0635e-11,2.3812e-11
2.7638e-11,1.6946e-11,4.8206e-12
8.5384e-12,2.4481e-11,2.4507e-11
1.0749e-11,3.2968e-11,3.108e-11
2.6372e-11,2.8372e-11,1.0556e-11
9.2647e-12,1.4483e-11,1.6394e-11
2.6236e-11,2.6804e-11,1.0429e-11
2.7051e-11,2.6532e-11,9.6587e-12
2.0609e-11,1.6994e-11,7.9076e-12
1.506e-11,2.4972e-11,2.3256e-11
1.2359e-11,2.1871e-11,2.0567e-11
1.588e-11,2.8378e-11,2.4876e-11
1.3878e-11,2.4136e-11,2.1436e-11
1.377e-11,1.4667e-11,1.5772e-11
1.7819e-11,1.5738e-11,9.5432e-12
2.0166e-11,2.1511e-11,1.066e-11
1.6354e-11,3.5269e-11,3.6895e-11
1.6795e-11,1.6767e-11,1.0922e-11
1.154e-11,1.1268e-11,1.7378e-11
1.6063e-11,2.3292e-11,2.4098e-11
1.2799e-11,1.3862e-11,1.8475e-11
1.5382e-11,1.0114e-11,2.0332e-11
1.4672e-11,1.0405e-11,1.953e-11
2.5349e-11,2.7149e-11,1.6999e-11
1.7814e-11,1.2873e-11,2.1814e-11
1.6884e-11,1.8332e-11,1.5768e-11
1.991e-11,1.5315e-11,1.2544e-11
2.9214e-11,3.2398e-11,4.1019e-11
1.6428e-11,1.8257e-11,1.5065e-11
2.1753e-11,1.4342e-11,1.5046e-11
1.7334e-11,1.6602e-11,1.8608e-11
1.7098e-11,1.4574e-11,1.3529e-11
3.7844e-11,2.783e-11,3.0863e-11
2.6339e-11,1.2199e-11,2.8055e-11
2.1476e-11,1.2834e-11,2.0809e-11
2.6717e-11,1.1642e-11,2.3745e-11
2.7194e-11,1.155e-11,2.3552e-11
3.0343e-11,1.3802e-11,2.8162e-11
4.0598e-11,2.0448e-11,3.5914e-11
3.9679e-11,1.5396e-11,3.2032e-11
3.4692e-11,1.5796e-11,2.6302e-11
3.2179e-11,1.7257e-11,3.1222e-11
3.8716e-11,1.2533e-11,3.1804e-11
5.3013e-11,2.0895e-11,4.5127e-11
4.4513e-11,1.7754e-11,4.0619e-11
4.057e-11,1.2565e-11,3.5099e-11
4.2275e-11,1.2112e-11,3.8258e-11
4.8901e-11,1.7082e-11,4.681e-11
4.771e-11,1.5777e-11,4.7682e-11
5.2745e-11,1.6982e-11,4.2734e-11
2.5479e-11,1.8449e-11,1.1581e-11
8.0066e-12,2.4451e-11,2.1298e-11
2.6188e-11,1.6242e-11,6.2921e-12
3.4366e-11,5.0344e-11,2.7254e-11
2.7585e-11,3.9527e-11,1.9369e-11
7.4702e-12,1.8195e-11,1.7288e-11
1.1972e-11,3.5294e-11,3.3628e-11
2.0471e-11,1.7237e-11,9.0432e-12
1.1537e-11,2.2058e-11,2.07e-11
2.6131e-11,2.2711e-11,1.0457e-11
1.0588e-11,1.6481e-11,1.7942e-11
9.7707e-12,1.1645e-11,1.6021e-11
1.5935e-11,3.327e-11,3.6897e-11
1.1482e-11,1.7e-11,1.8478e-11
1.53e-11,1.3654e-11,1.8894e-11
1.7677e-11,1.7848e-11,1.224e-11
2.3438e-11,4.4324e-11,5.1469e-11
1.9332e-11,1.9405e-11,1.2837e-11
1.7136e-11,1.4598e-11,1.2202e-11
1.8684e-11,2.0092e-11,1.2589e-11
1.8521e-11,1.5224e-11,2.3654e-11
1.8386e-11,2.3447e-11,1.3438e-11
1.4609e-11,1.0145e-11,1.9354e-11
2.5996e-11,3.4865e-11,4.1483e-11
2.2292e-11,2.1461e-11,1.709e-11
2.3176e-11,2.6913e-11,1.9204e-11
2.8672e-11,2.8021e-11,2.3937e-11
2.3818e-11,1.1123e-11,2.4722e-11
1.9739e-11,1.2662e-11,1.8425e-11
2.0198e-11,1.392e-11,1.9075e-11
2.6959e-11,1.2144e-11,2.9231e-11
3.2829e-11,1.5869e-11,3.4588e-11
4.3872e-11,2.2753e-11,5.0822e-11
4.1992e-11,1.397e-11,3.3847e-11
3.4641e-11,1.2436e-11,3.2046e-11
5.0749e-11,1.8424e-11,4.563e-11
5.0106e-11,1.5868e-11,4.7893e-11
6.1107e-11,1.4124e-11,4.8698e-11
6.2151e-11,1.7632e-11,5.0762e-11
2.3194e-11,1.7857e-11,1.134e-11
1.9552e-11,2.1183e-11,9.6809e-12
7.6544e-12,1.6677e-11,1.7708e-11
7.487e-12,1.5036e-11,1.635e-11
2.9736e-11,2.1696e-11,9.354e-12
9.2229e-12,2.7468e-11,2.7078e-11
2.5752e-11,3.2068e-11,1.3542e-11
1.6302e-11,4.6986e-11,4.6163e-11
2.5081e-11,3.222e-11,1.4489e-11
2.4666e-11,3.4207e-11,1.7566e-11
2.5108e-11,1.9744e-11,7.9308e-12
1.0637e-11,2.6203e-11,2.5536e-11
9.4907e-12,1.2016e-11,1.5766e-11
2.7247e-11,3.322e-11,1.5849e-11
1.4806e-11,2.9742e-11,2.9403e-11
3.0773e-11,2.8447e-11,1.552e-11
1.2861e-11,2.1559e-11,1.9763e-11
1.0551e-11,1.7288e-11,1.8369e-11
2.6398e-11,2.5172e-11,1.1662e-11
1.0194e-11,1.1676e-11,1.6508e-11
1.3586e-11,2.3337e-11,2.1132e-11
1.2623e-11,1.172e-11,1.6349e-11
1.881e-11,2.1332e-11,1.5025e-11
1.7124e-11,1.6268e-11,1.0386e-11
1.8233e-11,1.8258e-11,1.4484e-11
2.1567e-11,2.364e-11,2.697e-11
2.9177e-11,3.8914e-11,4.4138e-11
1.6122e-11,1.5554e-11,1.4849e-11
1.5444e-11,1.3862e-11,1.4543e-11
1.4942e-11,1.784e-11,1.6129e-11
1.9201e-11,1.3512e-11,1.4077e-11
2.5342e-11,3.4073e-11,4.0955e-11
1.9297e-11,1.3063e-11,2.3065e-11
2.1432e-11,2.0741e-11,1.8012e-11
1.919e-11,1.2692e-11,1.6026e-11
1.9278e-11,1.448e-11,1.4273e-11
4.1038e-11,2.8971e-11,2.5339e-11
2.0171e-11,9.157e-12,2.0853e-11
2.7282e-11,2.3341e-11,3.7474e-11
3.6064e-11,3.5349e-11,5.361e-11
2.6479e-11,1.4826e-11,2.1599e-11
3.3546e-11,2.0847e-11,3.038e-11
4.3659e-11,3.0419e-11,5.3826e-11
3.8433e-11,1.6472e-11,3.9979e-11
4.302e-11,2.2101e-11,3.56e-11
4.3845e-11,1.9558e-11,3.6682e-11
5.0914e-11,1.6409e-11,4.0782e-11
5.8347e-11,2.2811e-11,4.8232e-11
5.3163e-11,1.5449e-11,5.3018e-11
3.0376e-11,1.6908e-11,7.1813e-12
3.2976e-11,4.1525e-11,3.0847e-11
6.2211e-12,2.1902e-11,1.954e-11
7.1043e-12,2.8415e-11,2.5031e-11
2.6936e-11,2.2884e-11,9.3978e-12
8.6012e-12,1.4058e-11,1.6559e-11
2.5199e-11,2.2268e-11,1.0542e-11
2.1015e-11,1.7527e-11,8.1444e-12
1.8033e-11,2.0339e-11,1.3509e-11
2.4811e-11,2.036e-11,8.1523e-12
1.2899e-11,3.4334e-11,3.5086e-11
9.1298e-12,1.0081e-11,1.5261e-11
1.9812e-11,1.8112e-11,1.0196e-11
1.1666e-11,1.4349e-11,1.8083e-11
1.6897e-11,1.6504e-11,1.1233e-11
1.9512e-11,1.7821e-11,9.4572e-12
1.7119e-11,3.1784e-11,2.9793e-11
2.2146e-11,2.393e-11,1.7775e-11
1.6194e-11,1.6812e-11,1.187e-11
1.7982e-11,1.7499e-11,1.3559e-11
1.7766e-11,2.0758e-11,1.1861e-11
1.915e-11,2.2529e-11,1.5854e-11
2.9757e-11,4.1628e-11,5.0384e-11
1.9131e-11,1.4396e-11,2.3463e-11
1.7659e-11,1.219e-11,2.1487e-11
1.4747e-11,1.2984e-11,1.4611e-11
1.8287e-11,1.2925e-11,1.5465e-11
2.6437e-11,2.4187e-11,1.9301e-11
1.6109e-11,1.6647e-11,1.7263e-11
1.8389e-11,1.4405e-11,1.8186e-11
5.4711e-11,3.58e-11,3.9148e-11
3.588e-11,3.4192e-11,5.1239e-11
3.2746e-11,2.4399e-11,3.997e-11
2.2071e-11,1.16e-11,2.1676e-11
3.5911e-11,1.6401e-11,3.4749e-11
4.0226e-11,1.3122e-11,3.4143e-11
3.304e-11,9.7632e-12,2.8043e-11
2.9353e-11,1.451e-11,2.327e-11
3.4534e-11,1.2778e-11,3.0099e-11
5.2871e-11,2.1577e-11,5.0434e-11
4.0495e-11,1.1168e-11,3.8334e-11
3.9398e-11,1.2043e-11,3.5335e-11
5.0486e-11,1.8367e-11,4.6806e-11
5.315e-11,1.6652e-11,5.5464e-11
2.1169e-11,2.0076e-11,9.1865e-12
2.0339e-11,2.6989e-11,1.4233e-11
3.3473e-11,4.5015e-11,2.8739e-11
3.3625e-11,4.9604e-11,3.0857e-11
7.7003e-12,1.5057e-11,1.6743e-11
3.6067e-11,5.2691e-11,3.5512e-11
3.4985e-11,5.0675e-11,3.1144e-11
1.1739e-11,1.5662e-11,1.8595e-11
1.2048e-11,3.0697e-11,3.2767e-11
1.8116e-11,2.5708e-11,2.508e-11
1.6432e-11,3.6664e-11,3.6654e-11
2.336e-11,2.5536e-11,1.1624e-11
1.4067e-11,2.4295e-11,2.2157e-11
2.3671e-11,2.719e-11,1.4775e-11
1.9077e-11,2.8024e-11,2.8931e-11
2.1328e-11,3.0625e-11,3.2727e-11
1.8124e-11,1.6257e-11,1.0278e-11
1.7145e-11,1.4371e-11,1.2014e-11
2.6031e-11,4.102e-11,4.3867e-11
1.7205e-11,2.3904e-11,2.5986e-11
1.61e-11,1.9082e-11,1.3467e-11
1.9453e-11,2.135e-11,2.7255e-11
1.8896e-11,2.0374e-11,2.6591e-11
1.6385e-11,1.3288e-11,1.3223e-11
2.8816e-11,3.3479e-11,4.4698e-11
3.5071e-11,3.2462e-11,2.8502e-11
3.2448e-11,3.6017e-11,4.8862e-11
2.4021e-11,2.2191e-11,3.2377e-11
1.9919e-11,9.2585e-12,2.1955e-11
4.8358e-11,3.5026e-11,3.6166e-11
2.2111e-11,1.1447e-11,2.0622e-11
6.5203e-11,3.6607e-11,4.2843e-11
3.7033e-11,1.8534e-11,3.3301e-11
2.7505e-11,1.1727e-11,2.3891e-11
3.0282e-11,9.6533e-12,2.5391e-11
4.6557e-11,1.8224e-11,4.6354e-11
4.3139e-11,1.7005e-11,3.7061e-11
3.8635e-11,1.5144e-11,3.2424e-11
3.6319e-11,1.242e-11,3.017e-11
3.017e-11,1.3025e-11,2.7266e-11
5.2913e-11,2.1016e-11,4.437e-11
4.0253e-11,1.2731e-11,3.9072e-11
4.1054e-11,1.4262e-11,3.9883e-11
5.3989e-11,2.0224e-11,4.6724e-11
5.3749e-11,1.8841e-11,4.6382e-11
5.0836e-11,1.6618e-11,4.4419e-11
5.1743e-11,1.2904e-11,4.9886e-11
2.1252e-11,1.8047e-11,1.043e-11
7.3582e-12,2.3725e-11,2.2052e-11
6.3606e-12,2.1161e-11,1.9063e-11
8.4727e-12,1.8549e-11,1.8682e-11
1.3901e-11,4.3709e-11,4.2609e-11
7.2912e-12,1.1292e-11,1.5338e-11
2.2105e-11,1.605e-11,8.2847e-12
2.9514e-11,4.2794e-11,2.2091e-11
8.5503e-12,2.2531e-11,2.3579e-11
2.1672e-11,2.398e-11,1.0975e-11
2.0473e-11,1.664e-11,9.3466e-12
2.4492e-11,3.3179e-11,1.8081e-11
2.2925e-11,1.9417e-11,1.1763e-11
1.201e-11,2.8941e-11,2.6673e-11
1.4817e-11,2.3042e-11,2.2977e-11
8.7386e-12,1.3244e-11,1.6024e-11
8.673e-12,9.9898e-12,1.4985e-11
2.4522e-11,3.3812e-11,1.9346e-11
1.3713e-11,2.1995e-11,1.9932e-11
1.3907e-11,1.3916e-11,1.8953e-11
1.3202e-11,1.3013e-11,1.8257e-11
1.2339e-11,1.0974e-11,1.5507e-11
1.5967e-11,2.2259e-11,2.4922e-11
1.6479e-11,1.5332e-11,1.2485e-11
2.4114e-11,2.9153e-11,1.7951e-11
1.3664e-11,1.1543e-11,1.7396e-11
1.5881e-11,1.0156e-11,2.0729e-11
1.5252e-11,1.5885e-11,1.4684e-11
2.0146e-11,1.62e-11,1.7863e-11
1.6057e-11,1.601e-11,1.7058e-11
2.3871e-11,1.9303e-11,1.9182e-11
3.8662e-11,3.7423e-11,3.2997e-11
2.6855e-11,2.4862e-11,3.618e-11
2.1333e-11,8.6794e-12,2.0352e-11
2.2733e-11,8.7326e-12,2.2539e-11
2.9437e-11,2.2433e-11,3.6872e-11
5.9189e-11,3.0235e-11,3.2853e-11
2.0288e-11,1.0021e-11,2.0177e-11
4.5239e-11,2.7345e-11,5.3414e-11
2.7211e-11,1.2191e-11,2.6986e-11
3.7905e-11,1.4401e-11,3.1117e-11
5.253e-11,2.1146e-11,4.6446e-11
5.0031e-11,1.8366e-11,4.3255e-11
4.6733e-11,1.4139e-11,3.8316e-11
5.0313e-11,1.2882e-11,4.3813e-11
5.1476e-12,1.7579e-11,1.6724e-11
2.0248e-11,2.2097e-11,1.1146e-11
2.4133e-11,1.8265e-11,9.318e-12
6.1233e-12,1.5178e-11,1.6235e-11
3.236e-11,2.4319e-11,1.0122e-11
2.3718e-11,1.6085e-11,6.797e-12
2.0517e-11,1.7071e-11,9.9112e-12
1.8621e-11,2.006e-11,1.4191e-11
1.0393e-11,2.3543e-11,2.1673e-11
1.3037e-11,1.3367e-11,1.6811e-11
1.3861e-11,2.4456e-11,2.5749e-11
2.6576e-11,2.902e-11,2.0151e-11
1.1371e-11,1.2015e-11,1.5985e-11
2.525e-11,2.4424e-11,1.0609e-11
1.9779e-11,4.6419e-11,4.4602e-11
1.7678e-11,2.1104e-11,1.4762e-11
1.1799e-11,1.7639e-11,1.8654e-11
2.0872e-11,2.0515e-11,1.0096e-11
1.7316e-11,2.0752e-11,1.2495e-11
1.6782e-11,3.1417e-11,3.4131e-11
2.2459e-11,2.8152e-11,2.1057e-11
1.6736e-11,1.4667e-11,1.0392e-11
1.2712e-11,1.3459e-11,1.5172e-11
1.891e-11,2.0789e-11,1.3432e-11
1.7804e-11,1.56e-11,1.1557e-11
1.8619e-11,2.6271e-11,2.7367e-11
1.5903e-11,1.4541e-11,1.2748e-11
1.5483e-11,1.0855e-11,1.9663e-11
1.6512e-11,1.464e-11,1.1764e-11
2.2406e-11,2.386e-11,2.0161e-11
1.6148e-11,1.6318e-11,1.3429e-11
1.3675e-11,1.4937e-11,1.7753e-11
1.5438e-11,1.4237e-11,1.3136e-11
2.6012e-11,3.3603e-11,3.8844e-11
2.2227e-11,2.4017e-11,1.7178e-11
2.1619e-11,2.5248e-11,2.9198e-11
1.933e-11,2.0371e-11,2.6696e-11
1.5178e-11,1.6829e-11,1.6271e-11
2.355e-11,1.6289e-11,2.06e-11
2.6478e-11,1.724e-11,3.0134e-11
2.8992e-11,1.8926e-11,3.3134e-11
4.7941e-11,2.8092e-11,2.5055e-11
3.1398e-11,2.828e-11,4.4454e-11
6.7934e-11,4.2775e-11,5.3202e-11
1.8231e-11,1.4815e-11,1.9803e-11
6.2071e-11,3.2217e-11,3.8057e-11
3.5083e-11,1.2177e-11,2.8948e-11
3.353e-11,9.2357e-12,2.7271e-11
2.8744e-11,1.0094e-11,2.4821e-11
3.9423e-11,1.2477e-11,3.2637e-11
2.955e-11,1.1671e-11,2.5828e-11
3.9486e-11,1.2448e-11,3.0959e-11
3.5292e-11,1.1566e-11,3.1464e-11
5.2466e-11,1.242e-11,4.371e-11
5.0607e-11,1.5894e-11,5.2352e-11
2.1091e-11,1.5986e-11,9.4432e-12
2.9356e-11,4.0284e-11,2.719e-11
7.7141e-12,2.535e-11,2.574e-11
2.9231e-11,2.1165e-11,1.0156e-11
2.8729e-11,2.1108e-11,9.7072e-12
1.1529e-11,2.8798e-11,2.8618e-11
7.4656e-12,1.1173e-11,1.5583e-11
2.2107e-11,2.372e-11,1.3135e-11
1.3206e-11,2.1002e-11,2.1306e-11
2.1401e-11,1.9511e-11,1.0164e-11
2.2973e-11,2.1851e-11,1.1998e-11
2.2783e-11,2.2524e-11,1.1637e-11
1.3515e-11,1.6447e-11,1.4179e-11
1.2681e-11,2.1213e-11,2.0572e-11
2.3141e-11,2.4883e-11,1.6379e-11
1.7787e-11,1.9945e-11,1.1664e-11
2.6784e-11,2.798e-11,1.5066e-11
2.0773e-11,2.1342e-11,1.0601e-11
1.3107e-11,1.4676e-11,1.4946e-11
1.6369e-11,1.9755e-11,1.2065e-11
1.8255e-11,2.4416e-11,1.6131e-11
1.787e-11,1.8517e-11,1.2489e-11
1.7661e-11,1.2827e-11,1.2239e-11
1.5978e-11,2.0732e-11,2.2699e-11
1.424e-11,1.3349e-11,1.3083e-11
1.7506e-11,1.9098e-11,1.5855e-11
1.4387e-11,1.1095e-11,1.8535e-11
1.5753e-11,1.5507e-11,1.51e-11
2.0045e-11,1.5445e-11,1.78e-11
3.031e-11,3.219e-11,2.344e-11
1.9237e-11,9.3776e-12,2.1082e-11
4.9685e-11,4.3764e-11,4.1303e-11
4.8769e-11,2.7432e-11,2.6689e-11
1.7414e-11,1.5734e-11,1.9334e-11
3.4517e-11,2.4264e-11,4.3229e-11
3.0501e-11,1.1577e-11,2.9484e-11
4.5702e-11,1.527e-11,4.7398e-11
5.7623e-11,1.4723e-11,5.1863e-11
5.6097e-11,9.9725e-12,5.8048e-11
2.2183e-11,1.7428e-11,1.1945e-11
4.7199e-12,1.7226e-11,1.7069e-11
1.7671e-11,1.7444e-11,1.0301e-11
9.1284e-12,1.8192e-11,1.7591e-11
6.822e-12,1.6897e-11,1.6454e-11
1.8104e-11,2.3654e-11,1.305e-11
5.7432e-12,1.2179e-11,1.5063e-11
2.201e-11,1.6544e-11,8.7467e-12
9.2294e-12,1.4044e-11,1.6263e-11
2.7971e-11,2.4507e-11,9.6577e-12
8.5911e-12,1.7704e-11,1.763e-11
1.0622e-11,3.1092e-11,3.1291e-11
2.8556e-11,4.1827e-11,2.4425e-11
1.767e-11,2.0023e-11,1.414e-11
2.2161e-11,1.9783e-11,9.8587e-12
1.8517e-11,1.7782e-11,1.0592e-11
2.3222e-11,2.304e-11,1.2061e-11
2.1713e-11,2.1158e-11,1.2687e-11
2.169e-11,2.0855e-11,1.1968e-11
1.1373e-11,1.1192e-11,1.6044e-11
1.6907e-11,1.6132e-11,9.288e-12
1.3142e-11,1.5796e-11,1.4409e-11
1.9195e-11,1.8759e-11,1.5265e-11
2.0637e-11,2.2631e-11,1.2077e-11
1.546e-11,1.7441e-11,1.2082e-11
1.9205e-11,2.6372e-11,2.8705e-11
1.7555e-11,1.1209e-11,1.9316e-11
1.4114e-11,1.0638e-11,1.8055e-11
1.5605e-11,1.1218e-11,1.9374e-11
1.4723e-11,1.2784e-11,1.7623e-11
1.7666e-11,1.5451e-11,1.501e-11
1.7176e-11,1.7912e-11,1.3018e-11
1.4036e-11,1.4229e-11,1.4149e-11
1.7228e-11,1.5435e-11,1.3745e-11
3.1094e-11,3.6145e-11,4.5315e-11
1.4805e-11,1.5398e-11,1.4409e-11
3.2689e-11,3.4925e-11,4.8312e-11
1.946e-11,1.0288e-11,2.1165e-11
3.2015e-11,1.913e-11,2.2565e-11
3.5835e-11,2.2958e-11,2.6904e-11
3.039e-11,2.7203e-11,4.3436e-11
6.2248e-11,3.1201e-11,4.086e-11
2.938e-11,8.6475e-12,2.4268e-11
2.3704e-11,1.541e-11,2.3639e-11
2.3079e-11,8.7834e-12,2.5016e-11
4.3749e-11,1.7484e-11,3.844e-11
4.0545e-11,1.1374e-11,3.2358e-11
5.2357e-11,1.4468e-11,4.801e-11
4.8312e-11,9.6032e-12,4.2837e-11
5.5424e-11,1.454e-11,5.0744e-11
4.3523e-11,1.2236e-11,4.3318e-11
5.3628e-11,1.456e-11,5.7423e-11
5.8288e-12,1.8578e-11,1.84e-11
1.8352e-11,1.7567e-11,9.6599e-12
2.1343e-11,2.7078e-11,1.8347e-11
4.884e-12,1.8377e-11,1.8889e-11
2.3739e-11,1.6008e-11,1.2917e-11
1.868e-11,1.842e-11,1.2724e-11
2.0017e-11,1.6306e-11,1.0389e-11
1.2244e-11,2.5361e-11,2.6276e-11
3.4975e-11,5.0419e-11,4.3679e-11
2.7711e-11,3.8172e-11,1.6683e-11
1.8184e-11,2.0954e-11,1.8446e-11
2.9415e-11,4.4631e-11,3.1833e-11
1.92e-11,4.6715e-11,4.7905e-11
1.5441e-11,3.4158e-11,3.6753e-11
8.2542e-12,1.5308e-11,1.6225e-11
2.1014e-11,2.2955e-11,1.3787e-11
3.028e-11,4.222e-11,2.8421e-11
1.5636e-11,1.58e-11,9.4128e-12
1.6333e-11,1.6922e-11,1.1114e-11
1.2568e-11,1.3326e-11,1.5497e-11
1.9763e-11,2.0741e-11,1.2406e-11
2.3863e-11,2.6905e-11,1.7998e-11
2.2478e-11,2.8368e-11,2.1618e-11
1.4608e-11,1.6767e-11,1.1014e-11
1.1246e-11,9.4115e-12,1.6243e-11
2.4231e-11,3.7508e-11,4.246e-11
1.5832e-11,1.0348e-11,1.8237e-11
1.5445e-11,1.9665e-11,1.2753e-11
1.5077e-11,1.6171e-11,1.253e-11
1.6286e-11,2.2111e-11,2.4519e-11
1.6233e-11,2.02e-11,2.2626e-11
1.4246e-11,1.3113e-11,1.389e-11
1.5445e-11,1.1153e-11,1.8609e-11
2.9642e-11,3.7137e-11,4.6174e-11
1.8921e-11,1.421e-11,1.6695e-11
1.6883e-11,1.6263e-11,1.4758e-11
3.6959e-11,3.7471e-11,4.9489e-11
1.9704e-11,9.0578e-12,2.0386e-11
1.7484e-11,1.1255e-11,1.8306e-11
6.2511e-11,4.1543e-11,5.6094e-11
2.7922e-11,8.8036e-12,2.2966e-11
2.0864e-11,1.3139e-11,2.2586e-11
3.5419e-11,1.648e-11,3.1426e-11
3.7484e-11,1.4589e-11,3.3677e-11
3.8887e-11,1.6218e-11,3.2196e-11
3.3947e-11,1.2533e-11,3.0968e-11
3.2375e-11,1.0432e-11,2.9162e-11
3.4212e-11,1.0424e-11,3.1635e-11
3.4297e-11,8.7537e-12,3.323e-11
4.2445e-11,1.2665e-11,3.3415e-11
4.8796e-11,8.8945e-12,4.5446e-11
5.3437e-11,9.6697e-12,4.9037e-11
2.3653e-11,1.6543e-11,1.0415e-11
2.9332e-11,2.2823e-11,1.1466e-11
1.7479e-11,1.903e-11,9.4659e-12
3.1873e-11,4.156e-11,3.8062e-11
1.8782e-11,2.6896e-11,1.5019e-11
7.4416e-12,2.2248e-11,2.4241e-11
7.1114e-12,1.3443e-11,1.5303e-11
9.4374e-12,1.7162e-11,1.7655e-11
9.8963e-12,2.416e-11,2.6584e-11
1.5427e-11,1.6523e-11,1.395e-11
2.2348e-11,2.3881e-11,1.1962e-11
2.3933e-11,2.5525e-11,1.2997e-11
2.0099e-11,2.4685e-11,1.3402e-11
2.3459e-11,2.5918e-11,1.4276e-11
2.2065e-11,2.2184e-11,1.2558e-11
1.0595e-11,1.3379e-11,1.6159e-11
1.4976e-11,3.2851e-11,3.3365e-11
1.8315e-11,1.7847e-11,1.4277e-11
1.6298e-11,2.8631e-11,2.9998e-11
1.478e-11,1.6116e-11,1.528e-11
2.2919e-11,2.5749e-11,2.2309e-11
1.7313e-11,1.6826e-11,1.1282e-11
1.3855e-11,1.5321e-11,1.4305e-11
1.4506e-11,1.4694e-11,1.6683e-11
2.8382e-11,4.2209e-11,4.9816e-11
2.6502e-11,3.9485e-11,4.6066e-11
1.8883e-11,2.4673e-11,2.7724e-11
1.4072e-11,1.0997e-11,1.777e-11
1.3261e-11,9.2807e-12,1.9178e-11
2.1842e-11,1.1528e-11,2.3303e-11
2.2887e-11,1.488e-11,2.6046e-11
1.9875e-11,8.7138e-12,2.1708e-11
3.4784e-11,1.8213e-11,3.4174e-11
2.4078e-11,1.0053e-11,2.3816e-11
2.8482e-11,8.6127e-12,2.3242e-11
2.5903e-11,9.4059e-12,2.4095e-11
4.2758e-11,2.6777e-11,5.2622e-11
3.935e-11,1.8039e-11,4.0063e-11
4.5108e-11,1.8997e-11,4.1541e-11
3.4952e-11,8.6124e-12,2.9249e-11
4.8297e-11,1.969e-11,4.1004e-11
3.0093e-11,3.5575e-11,3.8127e-11
2.7204e-11,2.0275e-11,1.2215e-11
3.0113e-11,1.6748e-11,1.1923e-11
6.9065e-12,1.7104e-11,1.7986e-11
4.6853e-12,1.7427e-11,1.8409e-11
7.383e-12,1.9643e-11,2.1813e-11
2.1745e-11,1.6506e-11,1.0512e-11
7.0526e-12,1.3456e-11,1.4964e-11
1.9703e-11,1.6041e-11,1.2466e-11
1.8254e-11,1.8892e-11,1.1956e-11
1.7891e-11,1.9835e-11,1.0011e-11
8.7362e-12,1.8767e-11,1.7347e-11
1.106e-11,1.9481e-11,1.7341e-11
2.727e-11,2.0719e-11,1.0461e-11
1.5732e-11,1.8123e-11,1.8796e-11
1.5028e-11,1.0836e-11,1.6265e-11
1.8487e-11,2.2638e-11,1.2509e-11
2.232e-11,2.3953e-11,1.2537e-11
1.752e-11,2.0338e-11,1.2319e-11
1.5263e-11,1.6145e-11,9.4841e-12
2.0448e-11,1.915e-11,1.1492e-11
1.3298e-11,1.2209e-11,1.611e-11
2.1137e-11,4.1432e-11,4.6004e-11
1.2499e-11,1.2859e-11,1.5911e-11
1.5693e-11,1.884e-11,1.5546e-11
1.2722e-11,1.5275e-11,1.8199e-11
1.6962e-11,2.3028e-11,2.5774e-11
2.1551e-11,2.5315e-11,2.0948e-11
1.9018e-11,2.2024e-11,2.5228e-11
1.6821e-11,2.0825e-11,2.3417e-11
1.6787e-11,1.0521e-11,1.8297e-11
1.4345e-11,1.1386e-11,1.6428e-11
1.9713e-11,1.7094e-11,1.6716e-11
2.5183e-11,2.9357e-11,2.1681e-11
1.6386e-11,1.0931e-11,1.6869e-11
2.7202e-11,2.6604e-11,3.627e-11
2.0629e-11,9.7243e-12,2.2261e-11
3.7092e-11,2.1647e-11,2.8872e-11
6.1581e-11,3.4647e-11,5.0832e-11
3.8954e-11,3.231e-11,5.2605e-11
2.8842e-11,1.2426e-11,2.9548e-11
3.2237e-11,1.1746e-11,3.0065e-11
2.6117e-11,9.4659e-12,2.7234e-11
4.1144e-11,1.4349e-11,3.7403e-11
4.4208e-11,1.5284e-11,3.8905e-11
4.1326e-11,1.6001e-11,3.9728e-11
5.0995e-11,8.484e-12,5.5785e-11
2.4022e-11,1.5831e-11,9.5755e-12
1.5315e-11,1.7558e-11,1.0225e-11
1.9956e-11,2.5409e-11,1.8578e-11
3.1778e-11,4.0936e-11,4.7218e-11
9.4132e-12,1.3394e-11,1.4737e-11
6.8738e-12,1.0925e-11,1.6328e-11
1.9924e-11,2.9959e-11,2.3493e-11
7.8839e-12,1.9707e-11,1.7992e-11
1.0124e-11,2.0454e-11,2.1957e-11
1.0961e-11,2.383e-11,2.6777e-11
1.3526e-11,1.7052e-11,1.3601e-11
1.3339e-11,1.8487e-11,1.7943e-11
1.969e-11,2.3856e-11,1.1887e-11
1.2278e-11,1.4478e-11,2.0027e-11
1.5572e-11,1.7155e-11,1.1051e-11
1.1807e-11,2.7573e-11,2.6258e-11
2.13e-11,2.1897e-11,1.6145e-11
1.761e-11,1.6841e-11,1.1843e-11
2.7513e-11,4.0727e-11,2.8227e-11
1.774e-11,2.9818e-11,3.2268e-11
1.4423e-11,1.6808e-11,1.0607e-11
1.6393e-11,2.8151e-11,2.9762e-11
2.5804e-11,4.2079e-11,5.0278e-11
1.2148e-11,1.0117e-11,1.8048e-11
1.411e-11,1.3741e-11,1.2887e-11
1.4533e-11,1.8636e-11,1.3242e-11
1.5445e-11,1.877e-11,1.5023e-11
1.3944e-11,1.67e-11,1.2645e-11
2.0644e-11,2.4286e-11,1.9755e-11
1.5661e-11,2.0215e-11,2.1966e-11
1.5525e-11,1.0475e-11,1.796e-11
2.2177e-11,3.2128e-11,2.6507e-11
1.4552e-11,9.0222e-12,1.7116e-11
1.5049e-11,1.1972e-11,1.4008e-11
2.9099e-11,3.6781e-11,4.4312e-11
2.0034e-11,1.6583e-11,1.7128e-11
3.0563e-11,3.4327e-11,4.2844e-11
2.0797e-11,2.2728e-11,2.8768e-11
1.9102e-11,1.1067e-11,2.0156e-11
3.9217e-11,2.2683e-11,3.0054e-11
1.8441e-11,8.1695e-12,1.9652e-11
2.9205e-11,1.44e-11,2.79e-11
4.4742e-11,2.2067e-11,4.0457e-11
7.0764e-11,3.4122e-11,4.9773e-11
2.8009e-11,1.1089e-11,2.4041e-11
4.2831e-11,2.0505e-11,4.967e-11
4.0213e-11,1.845e-11,3.8688e-11
3.9162e-11,1.6023e-11,3.4834e-11
2.9903e-11,1.1322e-11,3.281e-11
4.6501e-11,1.7349e-11,4.7414e-11
5.3736e-11,1.4343e-11,5.0075e-11
5.1527e-11,7.6386e-12,5.2033e-11
2.1027e-11,1.667e-11,1.041e-11
3.0017e-11,2.352e-11,1.2079e-11
3.0898e-11,2.4829e-11,1.1573e-11
2.8796e-11,2.0265e-11,1.0881e-11
2.1995e-11,1.8792e-11,1.0999e-11
6.8507e-12,1.4757e-11,1.7775e-11
2.4333e-11,3.2217e-11,2.718e-11
8.9412e-12,1.509e-11,1.8401e-11
2.0249e-11,1.3979e-11,7.5919e-12
1.7353e-11,1.8783e-11,9.8808e-12
8.3481e-12,1.8131e-11,1.9943e-11
2.1604e-11,1.8952e-11,1.2173e-11
7.2527e-12,9.3507e-12,1.4838e-11
1.0399e-11,1.138e-11,1.3303e-11
1.0639e-11,1.056e-11,1.6591e-11
1.4081e-11,1.5267e-11,1.5763e-11
1.7859e-11,2.3317e-11,1.4038e-11
1.218e-11,2.304e-11,2.2595e-11
2.0512e-11,2.8146e-11,1.9506e-11
2.1493e-11,4.7583e-11,4.6772e-11
1.9671e-11,2.1806e-11,1.5006e-11
1.5887e-11,1.8372e-11,1.063e-11
1.7061e-11,2.5312e-11,1.9875e-11
2.3631e-11,3.141e-11,2.0883e-11
1.1183e-11,1.6833e-11,1.7034e-11
1.9671e-11,1.8892e-11,1.1051e-11
1.5143e-11,2.0245e-11,1.3079e-11
1.7417e-11,3.0576e-11,3.5237e-11
1.352e-11,1.1627e-11,1.8288e-11
1.809e-11,1.5466e-11,1.6305e-11
2.2448e-11,3.8003e-11,3.387e-11
1.3855e-11,1.419e-11,1.2998e-11
2.5755e-11,4.0654e-11,4.9431e-11
1.3319e-11,1.435e-11,1.1895e-11
2.178e-11,3.1576e-11,2.5197e-11
1.3257e-11,1.3481e-11,1.7449e-11
1.7704e-11,2.0406e-11,2.4936e-11
1.4959e-11,1.0131e-11,1.7228e-11
1.63e-11,1.0414e-11,1.4462e-11
1.8374e-11,1.2437e-11,1.5761e-11
2.6916e-11,3.0275e-11,2.7818e-11
3.3968e-11,3.7227e-11,4.667e-11
2.7531e-11,2.3436e-11,3.6538e-11
3.8326e-11,3.4361e-11,5.1578e-11
1.5703e-11,1.1262e-11,1.633e-11
2.4281e-11,8.3328e-12,2.0396e-11
2.6742e-11,1.0834e-11,2.4604e-11
3.1464e-11,1.1884e-11,3.0648e-11
4.4342e-11,1.9411e-11,4.4291e-11
3.6681e-11,1.5137e-11,3.3634e-11
4.6385e-11,1.8652e-11,4.2336e-11
4.6566e-11,1.7486e-11,4.4643e-11
4.7041e-11,7.8256e-12,4.3243e-11
5.1495e-11,8.3905e-12,5.7982e-11
2.1857e-11,1.608e-11,1.2228e-11
2.0656e-11,1.5885e-11,1.3584e-11
1.9236e-11,2.5295e-11,2.2259e-11
1.8103e-11,1.6903e-11,9.9071e-12
9.0834e-12,1.6811e-11,1.7732e-11
1.8518e-11,1.8152e-11,1.1257e-11
9.0972e-12,1.718e-11,1.7298e-11
1.945e-11,1.5913e-11,1.0405e-11
2.8818e-11,2.6366e-11,1.1703e-11
9.3801e-12,1.0445e-11,1.4439e-11
7.3126e-12,1.0428e-11,1.4144e-11
1.0876e-11,1.1958e-11,1.2938e-11
2.3527e-11,2.3826e-11,1.5469e-11
1.9046e-11,2.2399e-11,1.4392e-11
1.7506e-11,1.8644e-11,1.3601e-11
1.9805e-11,3.2378e-11,2.2381e-11
1.8039e-11,1.5221e-11,1.6902e-11
1.2405e-11,1.3448e-11,1.7297e-11
2.8834e-11,4.4381e-11,3.8641e-11
1.4941e-11,1.5774e-11,1.3089e-11
1.3594e-11,1.7335e-11,1.309e-11
1.3213e-11,1.385e-11,1.1995e-11
1.7048e-11,1.3777e-11,2.0168e-11
1.4729e-11,1.0752e-11,1.7527e-11
1.5159e-11,9.3516e-12,1.8319e-11
1.3121e-11,1.3233e-11,1.8069e-11
1.3961e-11,1.0066e-11,1.5734e-11
1.5681e-11,1.1551e-11,1.3551e-11
2.3463e-11,2.3015e-11,3.3081e-11
2.9301e-11,2.7483e-11,3.9543e-11
2.0409e-11,1.0546e-11,2.0729e-11
1.6382e-11,9.7928e-12,1.7427e-11
6.1544e-11,3.4954e-11,4.5642e-11
4.3501e-11,2.5615e-11,5.4437e-11
4.4873e-11,1.9534e-11,4.4251e-11
4.232e-11,1.4069e-11,3.9304e-11
3.9408e-11,7.6611e-12,4.195e-11
4.0746e-11,1.5319e-11,4.4328e-11
5.2648e-11,1.0675e-11,4.8652e-11
5.3147e-11,1.0286e-11,5.8673e-11
5.5132e-11,8.9893e-12,6.0583e-11
2.1438e-11,1.6417e-11,1.2036e-11
1.708e-11,1.5959e-11,9.5691e-12
1.4798e-11,1.8157e-11,1.2881e-11
2.9487e-11,1.9839e-11,1.0886e-11
1.6191e-11,2.212e-11,1.9362e-11
2.6726e-11,1.9257e-11,8.6488e-12
8.9875e-12,1.4421e-11,1.7803e-11
2.1338e-11,1.9287e-11,1.0684e-11
1.6219e-11,1.7461e-11,1.3326e-11
1.7867e-11,2.8011e-11,2.2327e-11
2.8084e-11,4.1033e-11,4.0831e-11
1.9935e-11,2.1368e-11,1.7485e-11
2.456e-11,2.4747e-11,1.1041e-11
2.0761e-11,2.1488e-11,1.1793e-11
1.7645e-11,2.5109e-11,1.6359e-11
1.7752e-11,1.9937e-11,1.3685e-11
1.2867e-11,1.5899e-11,1.1075e-11
1.5993e-11,1.8049e-11,1.4979e-11
2.5395e-11,3.1255e-11,3.9093e-11
2.2749e-11,2.8106e-11,3.5651e-11
2.4191e-11,3.0149e-11,3.7689e-11
2.2236e-11,2.601e-11,3.0268e-11
1.8028e-11,1.4029e-11,1.555e-11
2.0409e-11,2.0076e-11,2.7604e-11
3.7445e-11,4.8839e-11,4.1999e-11
2.5432e-11,1.6712e-11,1.8732e-11
3.4712e-11,3.461e-11,3.0386e-11
2.8631e-11,2.4801e-11,3.7443e-11
2.0598e-11,1.3371e-11,2.2764e-11
2.3145e-11,1.9233e-11,3.1024e-11
3.8008e-11,3.4104e-11,5.0617e-11
2.425e-11,1.2025e-11,2.4394e-11
1.6695e-11,1.159e-11,1.7811e-11
4.7663e-11,2.7582e-11,3.4866e-11
2.4012e-11,7.685e-12,1.9985e-11
3.7684e-11,1.6256e-11,3.3817e-11
2.1063e-11,7.9297e-12,1.9944e-11
2.2339e-11,8.7665e-12,2.1439e-11
2.2948e-11,8.1477e-12,2.2277e-11
3.0213e-11,1.0305e-11,2.6063e-11
3.4009e-11,1.0872e-11,2.9045e-11
2.4701e-11,1.1149e-11,2.6269e-11
3.5747e-11,1.3781e-11,3.4025e-11
2.8676e-11,1.3433e-11,3.0241e-11
4.0594e-11,1.5047e-11,3.6835e-11
3.8052e-11,1.4155e-11,4.0536e-11
4.1988e-11,1.5751e-11,4.4207e-11
4.6569e-11,9.6678e-12,4.2478e-11
5.9639e-12,1.4662e-11,1.4863e-11
5.8342e-12,1.4902e-11,1.4613e-11
1.7776e-11,2.0313e-11,1.4342e-11
2.1224e-11,1.5422e-11,1.0945e-11
7.2133e-12,1.4074e-11,1.4969e-11
2.1765e-11,1.6996e-11,1.105e-11
5.7848e-12,1.2201e-11,1.426e-11
1.328e-11,1.0871e-11,1.5549e-11
2.5756e-11,2.6747e-11,1.3178e-11
7.5353e-12,1.0343e-11,1.4244e-11
1.7492e-11,2.1743e-11,1.7309e-11
2.4689e-11,2.3036e-11,1.5183e-11
2.9943e-11,4.7086e-11,4.7474e-11
2.2525e-11,2.2331e-11,1.5272e-11
9.3888e-12,2.0442e-11,2.1138e-11
1.3384e-11,2.8473e-11,2.8538e-11
1.9062e-11,2.1889e-11,1.6407e-11
1.1284e-11,1.0845e-11,1.4069e-11
1.6889e-11,3.7168e-11,3.8398e-11
2.154e-11,2.793e-11,1.7982e-11
1.307e-11,1.5521e-11,1.7443e-11
1.683e-11,1.8656e-11,1.3315e-11
1.9751e-11,2.967e-11,2.0248e-11
1.2354e-11,1.2744e-11,1.6821e-11
3.4398e-11,5.4295e-11,4.502e-11
1.3415e-11,1.8132e-11,1.6542e-11
1.2856e-11,1.0948e-11,1.7896e-11
1.6492e-11,2.0001e-11,2.2018e-11
1.3958e-11,1.0315e-11,1.6591e-11
1.7059e-11,1.5073e-11,1.5851e-11
2.974e-11,2.9848e-11,2.8881e-11
1.7856e-11,1.3275e-11,1.5188e-11
1.3558e-11,1.2506e-11,1.4254e-11
1.5358e-11,1.2692e-11,1.4776e-11
3.0485e-11,3.3149e-11,4.192e-11
3.4003e-11,3.5798e-11,4.5029e-11
3.9658e-11,5.0778e-11,4.623e-11
1.5949e-11,9.1833e-12,1.7753e-11
3.2161e-11,2.9789e-11,4.4752e-11
2.5047e-11,1.4755e-11,2.6515e-11
3.4756e-11,3.1987e-11,4.7709e-11
1.6012e-11,1.1064e-11,1.7506e-11
2.5097e-11,1.2563e-11,2.5013e-11
2.9497e-11,1.5165e-11,2.7774e-11
2.7202e-11,2.179e-11,3.8025e-11
6.2752e-11,4.3673e-11,5.9635e-11
3.3717e-11,1.7683e-11,3.5542e-11
1.9128e-11,9.1985e-12,2.1162e-11
2.3026e-11,7.1712e-12,2.2564e-11
2.7766e-11,1.0408e-11,2.3343e-11
3.0526e-11,1.1328e-11,2.8366e-11
3.9451e-11,2.4771e-11,5.2323e-11
3.6034e-11,1.5143e-11,3.912e-11
3.4513e-11,9.2187e-12,3.6184e-11
4.8351e-11,1.2518e-11,5.2722e-11
5.0649e-11,1.0078e-11,5.6733e-11
2.0184e-11,1.4341e-11,1.0705e-11
2.0646e-11,1.5905e-11,1.0639e-11
1.4668e-11,1.6287e-11,1.1297e-11
2.996e-11,4.0063e-11,5.1155e-11
1.0599e-11,1.5377e-11,1.7312e-11
3.2721e-11,2.9623e-11,1.2982e-11
2.9729e-11,2.7104e-11,9.919e-12
2.2867e-11,1.4725e-11,9.5816e-12
1.9629e-11,1.6102e-11,1.0845e-11
7.6815e-12,1.1885e-11,1.5255e-11
7.1567e-12,1.1274e-11,1.4905e-11
2.8454e-11,2.5744e-11,1.4872e-11
1.6936e-11,5.3281e-11,5.2949e-11
1.3791e-11,2.7931e-11,3.1035e-11
8.8879e-12,1.7503e-11,1.7287e-11
1.1348e-11,2.5264e-11,2.5396e-11
2.3504e-11,4.9573e-11,4.917e-11
1.1998e-11,1.3654e-11,1.6581e-11
1.2621e-11,1.4557e-11,1.7614e-11
1.057e-11,8.9163e-12,1.4896e-11
1.1909e-11,1.3735e-11,1.6608e-11
1.1981e-11,1.4771e-11,1.2135e-11
2.0351e-11,3.4096e-11,4.0079e-11
2.1562e-11,2.6856e-11,2.563e-11
1.2926e-11,1.0846e-11,1.6267e-11
2.8588e-11,4.2602e-11,5.1606e-11
1.9125e-11,2.0839e-11,2.5074e-11
1.4173e-11,1.1498e-11,1.952e-11
2.1792e-11,3.2487e-11,3.4537e-11
3.8285e-11,5.1638e-11,4.6034e-11
1.4832e-11,9.1734e-12,1.4934e-11
2.0609e-11,1.9969e-11,2.7734e-11
1.8492e-11,1.2212e-11,1.7083e-11
3.4349e-11,3.5534e-11,3.5041e-11
1.4271e-11,9.8503e-12,1.4698e-11
2.1238e-11,1.7506e-11,2.7727e-11
2.7975e-11,1.1879e-11,2.7228e-11
6.1688e-11,3.1461e-11,4.9552e-11
4.2841e-11,1.8907e-11,3.8623e-11
3.8913e-11,2.4548e-11,4.7811e-11
2.0664e-11,7.3796e-12,2.2781e-11
4.3003e-11,2.0102e-11,4.6519e-11
2.789e-11,6.7326e-12,2.5924e-11
4.3941e-11,1.8415e-11,4.7021e-11
4.0771e-11,1.4524e-11,3.8561e-11
4.1671e-11,1.6105e-11,3.8064e-11
5.2896e-11,9.8878e-12,4.7994e-11
5.3123e-11,5.0931e-12,5.7133e-11
3.2753e-11,2.5662e-11,1.0505e-11
2.1918e-11,2.8257e-11,3.0784e-11
2.1531e-11,1.5061e-11,1.1263e-11
8.5188e-12,1.4511e-11,1.4685e-11
1.9163e-11,1.5085e-11,1.2915e-11
1.575e-11,1.653e-11,1.0831e-11
2.8773e-11,2.4969e-11,1.0024e-11
2.7464e-11,4.0712e-11,4.8052e-11
1.7661e-11,1.5925e-11,1.3728e-11
2.7067e-11,1.9477e-11,9.8824e-12
1.3255e-11,1.803e-11,1.3046e-11
5.3348e-12,1.6257e-11,1.6384e-11
1.6095e-11,2.4987e-11,1.9954e-11
5.596e-12,1.2012e-11,1.4313e-11
2.3065e-11,2.7163e-11,1.225e-11
1.5939e-11,5.2195e-11,4.9828e-11
1.3769e-11,3.5338e-11,3.6833e-11
2.4597e-11,3.8332e-11,3.5729e-11
2.4178e-11,2.3026e-11,1.5238e-11
1.6232e-11,2.0836e-11,1.7423e-11
1.3908e-11,1.6805e-11,1.6157e-11
2.6913e-11,4.9201e-11,5.0357e-11
2.4807e-11,4.9993e-11,5.3134e-11
1.6156e-11,1.7632e-11,1.3278e-11
2.7176e-11,4.9191e-11,5.4296e-11
1.1314e-11,8.4482e-12,1.5589e-11
1.2355e-11,1.9631e-11,1.1647e-11
1.3163e-11,1.7717e-11,1.7808e-11
2.7661e-11,4.7587e-11,4.158e-11
1.3271e-11,1.5082e-11,1.4343e-11
2.0854e-11,2.7101e-11,2.8867e-11
1.522e-11,9.5528e-12,1.8023e-11
1.3827e-11,9.1108e-12,1.699e-11
1.2518e-11,1.0488e-11,1.4281e-11
1.3918e-11,1.0611e-11,1.4061e-11
1.7668e-11,1.9118e-11,2.479e-11
1.7134e-11,1.9464e-11,1.7229e-11
1.6821e-11,1.2611e-11,1.7689e-11
3.0641e-11,3.7317e-11,4.5494e-11
1.8034e-11,1.7223e-11,2.4766e-11
4.5133e-11,5.8729e-11,6.4586e-11
3.8211e-11,4.743e-11,4.7661e-11
1.5019e-11,8.3342e-12,1.4882e-11
2.5522e-11,3.4191e-11,2.8601e-11
2.3425e-11,2.2569e-11,2.9791e-11
3.5889e-11,3.1786e-11,4.851e-11
1.7634e-11,7.8784e-12,1.887e-11
2.1576e-11,6.2469e-12,1.9328e-11
1.9477e-11,7.3607e-12,2.0083e-11
2.397e-11,9.1922e-12,2.5057e-11
3.571e-11,1.4584e-11,3.2948e-11
3.3205e-11,7.5488e-12,2.8711e-11
3.0121e-11,6.6047e-12,2.7709e-11
4.5781e-11,1.549e-11,4.1547e-11
4.3393e-11,1.538e-11,4.7317e-11
4.6802e-11,1.3413e-11,5.0343e-11
4.762e-11,1.2166e-11,5.2984e-11
4.8601e-11,7.0189e-12,5.4395e-11
5.2838e-11,7.396e-12,6.0266e-11
2.7692e-11,1.8853e-11,1.1124e-11
6.3234e-12,1.1997e-11,1.3505e-11
2.2933e-11,1.9889e-11,1.3304e-11
4.9697e-12,1.6825e-11,1.6872e-11
2.925e-11,2.1461e-11,1.3424e-11
1.9056e-11,1.5246e-11,1.1384e-11
7.2467e-12,1.7602e-11,2.1862e-11
1.3045e-11,1.8181e-11,1.2971e-11
1.1677e-11,1.2502e-11,1.3943e-11
6.6841e-12,1.8994e-11,2.1831e-11
1.2353e-11,1.6537e-11,1.3604e-11
1.8535e-11,1.9575e-11,1.5639e-11
1.1483e-11,2.9865e-11,3.3003e-11
1.1737e-11,1.08e-11,1.4674e-11
2.0569e-11,2.7615e-11,2.0976e-11
2.4212e-11,4.0798e-11,4.2701e-11
7.9799e-12,1.7895e-11,1.8297e-11
8.8402e-12,1.6402e-11,1.6297e-11
9.1802e-12,1.4567e-11,1.5724e-11
1.4571e-11,1.5645e-11,1.6447e-11
2.2661e-11,5.0955e-11,5.2455e-11
1.2446e-11,1.4264e-11,1.723e-11
2.5137e-11,4.4538e-11,4.4933e-11
1.4418e-11,1.0911e-11,1.8595e-11
1.5221e-11,1.6068e-11,1.3482e-11
1.1249e-11,8.4501e-12,1.5774e-11
3.0853e-11,5.5226e-11,5.3491e-11
1.4918e-11,1.2185e-11,1.5112e-11
1.3081e-11,1.4033e-11,1.5873e-11
3.8351e-11,4.4417e-11,4.3234e-11
1.4231e-11,1.1341e-11,1.3935e-11
1.498e-11,1.2463e-11,1.3481e-11
2.5676e-11,4.0243e-11,3.8562e-11
2.1795e-11,2.4645e-11,3.0121e-11
1.7976e-11,1.7039e-11,2.461e-11
1.4935e-11,7.9127e-12,1.5323e-11
1.6989e-11,9.5789e-12,1.6775e-11
2.0842e-11,1.8493e-11,2.5697e-11
3.3052e-11,3.408e-11,4.3905e-11
3.6305e-11,3.6672e-11,4.7185e-11
1.7156e-11,6.6695e-12,1.6903e-11
2.3259e-11,1.2472e-11,2.0917e-11
2.4214e-11,1.444e-11,2.4943e-11
4.2945e-11,2.1892e-11,3.3092e-11
2.7509e-11,1.1641e-11,2.6879e-11
2.061e-11,9.2299e-12,2.1237e-11
5.5184e-11,2.8188e-11,4.6911e-11
3.1078e-11,1.456e-11,3.2255e-11
2.2728e-11,6.4178e-12,2.5645e-11
3.6339e-11,1.1242e-11,3.128e-11
3.0049e-11,7.8949e-12,2.5371e-11
3.4888e-11,1.0941e-11,2.8706e-11
3.2421e-11,1.2771e-11,3.2657e-11
3.8674e-11,4.9891e-12,3.882e-11
5.1568e-11,1.2263e-11,4.8712e-11
4.093e-11,1.0471e-11,4.7266e-11
5.2907e-11,4.9535e-12,5.1797e-11
4.869e-11,1.3845e-11,5.4286e-11
5.4359e-11,5.1307e-12,5.1984e-11
5.2849e-11,5.0966e-12,5.5608e-11
3.7378e-11,2.9432e-11,1.7316e-11
2.638e-11,1.7172e-11,9.7871e-12
3.204e-11,3.0735e-11,2.038e-11
7.2607e-12,1.5734e-11,1.5992e-11
8.8611e-12,1.2053e-11,1.3793e-11
2.1363e-11,1.4394e-11,8.7697e-12
1.8288e-11,1.5131e-11,1.347e-11
6.1237e-12,1.8594e-11,1.9769e-11
7.2778e-12,1.5024e-11,1.9306e-11
1.9978e-11,2.0341e-11,1.5877e-11
1.2006e-11,2.2502e-11,2.5085e-11
1.5528e-11,1.8295e-11,1.6081e-11
8.2603e-12,1.0737e-11,1.4106e-11
1.1208e-11,2.2505e-11,2.4879e-11
8.4469e-12,1.3965e-11,1.5398e-11
1.1792e-11,1.2903e-11,1.7433e-11
1.0756e-11,9.1613e-12,1.4968e-11
3.0451e-11,5.2747e-11,5.333e-11
1.1459e-11,1.0405e-11,1.5038e-11
3.11e-11,5.3843e-11,5.0119e-11
2.556e-11,3.9745e-11,4.605e-11
1.3383e-11,1.3721e-11,1.5127e-11
1.3726e-11,1.4574e-11,1.3406e-11
4.0809e-11,6.285e-11,6.7285e-11
1.8378e-11,1.9071e-11,2.5304e-11
2.8664e-11,2.998e-11,3.8431e-11
1.5323e-11,9.4606e-12,1.5647e-11
2.9737e-11,2.7862e-11,3.8878e-11
1.6263e-11,1.0413e-11,1.7584e-11
2.0691e-11,1.1886e-11,2.1016e-11
3.6904e-11,2.5259e-11,3.4868e-11
2.6395e-11,1.2872e-11,2.4813e-11
2.045e-11,9.5075e-12,1.7194e-11
2.0204e-11,1.0408e-11,2.0145e-11
2.8993e-11,1.4356e-11,2.9649e-11
2.1986e-11,6.943e-12,2.3248e-11
3.1422e-11,1.3084e-11,3.055e-11
3.0604e-11,7.5732e-12,2.5809e-11
2.6169e-11,5.056e-12,3.0297e-11
4.1022e-11,1.7628e-11,4.0455e-11
3.6629e-11,8.7052e-12,3.2791e-11
3.4599e-11,2.5532e-11,1.2864e-11
3.8675e-11,3.5598e-11,1.8365e-11
2.6093e-11,3.895e-11,4.9869e-11
1.262e-11,1.5937e-11,1.2651e-11
1.3303e-11,1.4578e-11,9.8298e-12
1.3817e-11,2.2784e-11,1.8645e-11
3.1408e-11,2.7775e-11,1.1478e-11
3.5489e-11,3.2848e-11,1.5591e-11
1.7169e-11,1.1818e-11,1.9516e-11
2.9574e-11,3.0926e-11,1.8105e-11
6.8196e-12,1.4231e-11,1.5063e-11
1.4346e-11,2.2936e-11,1.9806e-11
8.361e-12,1.0394e-11,1.6339e-11
2.3364e-11,5.7742e-11,5.343e-11
1.5497e-11,1.7052e-11,1.5578e-11
8.8194e-12,1.3774e-11,1.6403e-11
1.6122e-11,1.6981e-11,1.5088e-11
8.0545e-12,1.0862e-11,1.4235e-11
1.4393e-11,1.5458e-11,1.6205e-11
1.3348e-11,1.4527e-11,1.6137e-11
1.2749e-11,1.2645e-11,1.5146e-11
2.0845e-11,2.9545e-11,3.4427e-11
1.2443e-11,1.7843e-11,1.2894e-11
1.925e-11,3.0124e-11,2.9186e-11
1.3831e-11,1.0654e-11,1.4065e-11
1.363e-11,9.956e-12,1.407e-11
1.4928e-11,1.1622e-11,1.3153e-11
2.0308e-11,2.2971e-11,2.8245e-11
2.6795e-11,3.4493e-11,3.6826e-11
1.5839e-11,7.0645e-12,1.5734e-11
1.5263e-11,8.9309e-12,1.6584e-11
1.541e-11,8.7612e-12,1.6662e-11
2.0386e-11,1.2194e-11,1.9303e-11
1.6523e-11,1.3808e-11,1.9156e-11
2.918e-11,2.3651e-11,4.1003e-11
3.8105e-11,2.6273e-11,3.6835e-11
2.0391e-11,8.8648e-12,1.7867e-11
3.6252e-11,1.5407e-11,3.2369e-11
1.8797e-11,9.6318e-12,1.9237e-11
3.0497e-11,1.123e-11,3.0798e-11
3.5551e-11,1.1063e-11,3.0996e-11
3.5561e-11,1.1829e-11,3.6569e-11
4.2409e-11,1.7511e-11,4.2865e-11
3.9658e-11,1.5556e-11,4.1926e-11
3.789e-11,9.7815e-12,3.5994e-11
3.9344e-11,7.5035e-12,3.5659e-11
4.4511e-11,1.7126e-11,4.6056e-11
4.9379e-11,8.0669e-12,5.5094e-11
1.6813e-11,1.4517e-11,1.2125e-11
1.45e-11,1.454e-11,1.0012e-11
5.7127e-12,1.6147e-11,1.9094e-11
3.5366e-11,3.1153e-11,1.2877e-11
1.3839e-11,1.4807e-11,1.1796e-11
1.8057e-11,1.5982e-11,1.2155e-11
1.206e-11,1.7384e-11,1.3094e-11
9.2955e-12,1.3297e-11,1.6359e-11
2.6641e-11,3.3364e-11,1.2852e-11
7.3538e-12,1.6755e-11,1.8755e-11
6.5536e-12,1.3502e-11,1.493e-11
2.7873e-11,2.7107e-11,1.3519e-11
2.6233e-11,2.5557e-11,1.1135e-11
1.0395e-11,1.9942e-11,2.4461e-11
8.5262e-12,1.757e-11,2.1302e-11
1.1004e-11,2.0331e-11,2.1561e-11
9.5305e-12,1.7429e-11,1.6282e-11
1.0627e-11,9.0963e-12,1.697e-11
1.7806e-11,2.6074e-11,3.0913e-11
1.9503e-11,3.233e-11,3.5537e-11
1.9087e-11,1.648e-11,1.8812e-11
1.1375e-11,1.5208e-11,1.4382e-11
1.5354e-11,2.1684e-11,2.3551e-11
2.9346e-11,4.2284e-11,5.0371e-11
2.0535e-11,2.7136e-11,3.1767e-11
1.3616e-11,9.8322e-12,1.4583e-11
1.8774e-11,2.3489e-11,2.5495e-11
3.2647e-11,3.8969e-11,4.7975e-11
1.7553e-11,2.2222e-11,2.1834e-11
1.6914e-11,1.5154e-11,2.2187e-11
2.3908e-11,3.1187e-11,3.2842e-11
2.1402e-11,2.5023e-11,2.7296e-11
5.3445e-11,5.5358e-11,6.847e-11
2.0477e-11,1.0817e-11,2.1475e-11
2.7745e-11,1.2989e-11,2.3195e-11
2.4313e-11,1.0943e-11,2.2346e-11
2.3579e-11,8.0795e-12,2.0579e-11
4.8706e-11,2.4855e-11,4.2124e-11
5.3145e-11,2.2279e-11,4.9039e-11
3.9619e-11,2.1575e-11,4.7899e-11
3.1644e-11,9.7315e-12,2.7594e-11
3.2071e-11,1.274e-11,3.483e-11
3.9129e-11,7.8258e-12,3.405e-11
4.227e-11,1.2373e-11,4.6016e-11
5.3108e-11,4.774e-12,5.1009e-11
3.7771e-11,3.4345e-11,1.9906e-11
2.2543e-11,1.3939e-11,1.7515e-11
1.7878e-11,1.599e-11,1.3308e-11
1.4709e-11,2.336e-11,2.4281e-11
1.7382e-11,1.7677e-11,1.1538e-11
3.065e-11,3.4361e-11,2.1535e-11
7.2678e-12,9.8326e-12,1.3597e-11
1.5129e-11,1.586e-11,1.5372e-11
1.3129e-11,2.5872e-11,2.9408e-11
1.6465e-11,1.4802e-11,1.4216e-11
2.1903e-11,2.2998e-11,1.5364e-11
8.0915e-12,1.3635e-11,1.7238e-11
1.5653e-11,1.8013e-11,1.6664e-11
9.3107e-12,1.7602e-11,1.6469e-11
1.9293e-11,2.8247e-11,3.3029e-11
1.1938e-11,1.1758e-11,1.7867e-11
1.835e-11,2.6212e-11,3.1255e-11
2.7302e-11,4.5255e-11,4.8468e-11
1.1129e-11,9.1634e-12,1.4369e-11
1.1799e-11,1.575e-11,1.8005e-11
1.8934e-11,2.6531e-11,2.8877e-11
1.3158e-11,1.0245e-11,1.7423e-11
1.3728e-11,1.5872e-11,1.827e-11
1.5181e-11,9.5205e-12,1.6049e-11
1.2854e-11,9.1788e-12,1.3871e-11
1.9311e-11,1.9823e-11,2.5706e-11
1.8309e-11,1.7522e-11,1.735e-11
1.6216e-11,1.1241e-11,1.6037e-11
4.793e-11,6.1064e-11,8.134e-11
1.4326e-11,9.5223e-12,1.5945e-11
2.4372e-11,2.208e-11,3.2454e-11
2.6629e-11,1.9169e-11,3.2625e-11
2.7739e-11,7.1931e-12,2.4763e-11
2.4931e-11,9.6211e-12,2.6104e-11
5.5953e-11,2.363e-11,4.9479e-11
3.3886e-11,1.3211e-11,3.2678e-11
4.445e-11,1.2754e-11,4.91e-11
3.2185e-11,4.0051e-11,3.0282e-11
1.7986e-11,1.5706e-11,1.3146e-11
3.1363e-11,2.493e-11,1.5401e-11
1.8039e-11,1.4624e-11,1.0653e-11
1.3839e-11,1.4175e-11,1.1195e-11
1.0909e-11,1.4344e-11,1.1717e-11
1.0627e-11,1.5267e-11,1.2423e-11
6.1256e-12,1.5687e-11,1.6301e-11
1.0997e-11,1.2297e-11,1.5282e-11
7.4401e-12,1.6147e-11,2.0011e-11
5.662e-12,1.6342e-11,1.7938e-11
6.5753e-12,1.9411e-11,2.273e-11
6.0252e-12,1.3836e-11,1.6044e-11
6.9661e-12,1.3259e-11,1.4789e-11
6.5084e-12,1.3211e-11,1.6012e-11
6.7835e-12,1.0099e-11,1.4747e-11
1.6336e-11,1.4608e-11,1.1697e-11
1.3387e-11,1.4558e-11,1.041e-11
1.6844e-11,2.9067e-11,2.7612e-11
6.8973e-12,1.519e-11,1.656e-11
1.391e-11,2.4956e-11,2.3037e-11
1.3443e-11,2.9363e-11,2.9357e-11
1.3154e-11,2.0606e-11,2.0255e-11
1.502e-11,2.8455e-11,3.2293e-11
1.4378e-11,2.3061e-11,2.4119e-11
1.2649e-11,1.1618e-11,1.5703e-11
1.2745e-11,9.4055e-12,1.6965e-11
1.0675e-11,1.4452e-11,1.3997e-11
1.208e-11,1.5426e-11,1.8017e-11
2.1599e-11,3.348e-11,3.8691e-11
1.2372e-11,1.4801e-11,1.6844e-11
1.3665e-11,1.5345e-11,1.5503e-11
1.5721e-11,1.5962e-11,1.6714e-11
1.313e-11,7.5554e-12,1.3688e-11
1.3373e-11,7.4441e-12,1.3872e-11
1.4635e-11,1.058e-11,1.3848e-11
3.3717e-11,3.909e-11,4.7954e-11
3.1791e-11,3.5389e-11,4.4679e-11
1.5453e-11,8.8575e-12,1.638e-11
1.5734e-11,8.4164e-12,1.6613e-11
1.5324e-11,1.0339e-11,1.6493e-11
5.4032e-11,5.2596e-11,6.88e-11
4.1886e-11,3.1467e-11,4.1563e-11
1.5268e-11,7.5385e-12,1.6779e-11
3.3288e-11,1.8112e-11,2.7629e-11
2.2077e-11,1.3476e-11,2.2967e-11
4.8508e-11,3.5761e-11,4.7612e-11
2.4008e-11,9.4724e-12,2.4792e-11
2.6274e-11,9.5493e-12,2.3381e-11
2.8872e-11,1.0095e-11,2.484e-11
5.472e-11,2.7113e-11,4.7627e-11
2.4305e-11,7.5061e-12,2.5307e-11
3.205e-11,1.3096e-11,3.4996e-11
2.9667e-11,5.957e-12,3.5181e-11
4.615e-11,1.6348e-11,4.8869e-11
4.0723e-11,6.0158e-12,4.7423e-11
4.3438e-11,9.1538e-12,4.8795e-11
4.6239e-11,6.4244e-12,5.3326e-11
2.4921e-11,2.0411e-11,1.8442e-11
2.7293e-11,2.253e-11,1.4258e-11
5.9351e-12,1.4464e-11,1.6982e-11
1.8653e-11,3.069e-11,3.4097e-11
5.0606e-12,1.432e-11,1.6954e-11
2.4188e-11,5.1099e-11,5.4032e-11
6.3097e-12,1.4264e-11,1.8127e-11
1.7598e-11,2.0784e-11,2.039e-11
1.7222e-11,2.5582e-11,1.8095e-11
1.5749e-11,3.3389e-11,3.5289e-11
7.1607e-12,1.0614e-11,1.4434e-11
1.9877e-11,3.8248e-11,3.76e-11
3.0517e-11,4.7611e-11,5.2167e-11
1.2041e-11,1.1121e-11,1.7198e-11
1.2085e-11,1.1276e-11,1.7679e-11
1.2722e-11,1.0096e-11,1.581e-11
1.6752e-11,1.102e-11,1.3535e-11
1.1968e-11,1.0597e-11,1.3412e-11
1.2948e-11,9.7461e-12,1.3496e-11
3.3225e-11,4.2198e-11,4.8665e-11
1.2856e-11,8.0216e-12,1.3652e-11
1.3463e-11,7.7931e-12,1.4346e-11
1.4116e-11,6.7658e-12,1.4639e-11
2.0722e-11,1.1508e-11,1.7433e-11
2.4387e-11,1.1465e-11,2.0073e-11
1.8784e-11,7.0851e-12,1.7e-11
2.0312e-11,7.5894e-12,1.8179e-11
3.3412e-11,2.6284e-11,4.5372e-11
1.9897e-11,1.0784e-11,2.1769e-11
1.9589e-11,7.5179e-12,1.6556e-11
3.3125e-11,2.3432e-11,4.2514e-11
5.5364e-11,3.5862e-11,5.2933e-11
2.3646e-11,6.3333e-12,2.0047e-11
2.3688e-11,6.888e-12,2.2381e-11
4.5362e-11,1.8401e-11,4.0324e-11
2.7963e-11,1.1805e-11,3.0275e-11
3.9922e-11,1.7598e-11,4.4971e-11
4.6365e-11,5.6779e-12,4.448e-11
4.332e-11,8.016e-12,4.8562e-11
3.213e-11,3.8624e-11,2.4083e-11
3.583e-11,3.7695e-11,2.4155e-11
1.5571e-11,1.3336e-11,1.0155e-11
9.7284e-12,1.4379e-11,1.3831e-11
1.0202e-11,2.1641e-11,2.0004e-11
1.2775e-11,1.3623e-11,1.0778e-11
8.0462e-12,1.1406e-11,1.4296e-11
2.9388e-11,3.1961e-11,2.0135e-11
6.9139e-12,1.9197e-11,2.1881e-11
1.0408e-11,1.4826e-11,1.8413e-11
6.4456e-12,1.3846e-11,1.498e-11
2.8358e-11,3.0247e-11,2.0709e-11
1.3438e-11,1.7144e-11,1.3757e-11
9.0843e-12,1.8527e-11,2.2648e-11
2.1068e-11,4.6106e-11,4.9732e-11
1.502e-11,3.1607e-11,2.9997e-11
1.6176e-11,4.5478e-11,4.3307e-11
1.729e-11,3.3931e-11,3.4189e-11
1.4635e-11,1.3632e-11,1.4433e-11
1.2716e-11,2.0259e-11,2.6174e-11
1.1938e-11,1.0891e-11,1.67e-11
1.1752e-11,1.0742e-11,1.5885e-11
3.3724e-11,4.6515e-11,5.3066e-11
1.2583e-11,1.2294e-11,1.663e-11
1.3284e-11,9.1629e-12,1.8284e-11
1.3729e-11,1.5492e-11,1.2614e-11
2.1475e-11,3.9724e-11,4.1848e-11
1.3602e-11,8.0074e-12,1.7185e-11
1.3933e-11,8.4858e-12,1.6974e-11
3.881e-11,5.4154e-11,6.1804e-11
2.9247e-11,3.0154e-11,3.8662e-11
1.4048e-11,6.7096e-12,1.4401e-11
1.6601e-11,9.9958e-12,1.6202e-11
1.5411e-11,8.6221e-12,1.6291e-11
1.9351e-11,8.5241e-12,1.6823e-11
3.6142e-11,1.7589e-11,2.9381e-11
2.0084e-11,8.6501e-12,2.1188e-11
2.1096e-11,9.177e-12,2.2645e-11
5.7267e-11,3.732e-11,5.8781e-11
2.2182e-11,9.3769e-12,2.3581e-11
2.3421e-11,9.6457e-12,2.4321e-11
3.9576e-11,1.5888e-11,3.1169e-11
2.7623e-11,9.155e-12,2.7922e-11
2.3299e-11,9.0031e-12,2.6229e-11
2.299e-11,8.4169e-12,2.5653e-11
4.0435e-11,1.9517e-11,4.5746e-11
3.0132e-11,1.2938e-11,2.8705e-11
2.9873e-11,6.1196e-12,2.6605e-11
3.0605e-11,1.2118e-11,3.443e-11
2.7948e-11,1.0684e-11,3.0781e-11
4.095e-11,1.556e-11,4.1312e-11
4.1254e-11,8.3549e-12,3.6514e-11
3.5852e-11,9.0283e-12,4.2141e-11
3.5923e-11,1.0185e-11,3.8119e-11
1.7174e-11,1.4974e-11,1.1068e-11
7.4055e-12,1.4206e-11,1.7814e-11
1.4492e-11,1.375e-11,1.2926e-11
5.195e-12,1.3588e-11,1.7402e-11
6.864e-12,1.9998e-11,2.2688e-11
1.782e-11,2.991e-11,3.1779e-11
1.7334e-11,3.2157e-11,3.5317e-11
8.1123e-12,1.5146e-11,1.7698e-11
2.5269e-11,5.6088e-11,5.2521e-11
1.5538e-11,1.9316e-11,1.3783e-11
1.3025e-11,2.96e-11,2.839e-11
1.9817e-11,3.9001e-11,4.0389e-11
2.2002e-11,3.6217e-11,3.9138e-11
9.3906e-12,1.8301e-11,1.8916e-11
1.2248e-11,1.3337e-11,1.4435e-11
1.319e-11,1.801e-11,2.1575e-11
1.1874e-11,1.6765e-11,1.7543e-11
9.4135e-12,7.2391e-12,1.4316e-11
1.3357e-11,1.0798e-11,1.6303e-11
1.498e-11,1.9428e-11,2.0491e-11
1.4676e-11,1.04e-11,1.9015e-11
3.2301e-11,5.1617e-11,6.4442e-11
1.6721e-11,1.5702e-11,2.0971e-11
1.4282e-11,1.6869e-11,1.5596e-11
3.0725e-11,3.5935e-11,4.269e-11
1.7703e-11,1.5334e-11,2.299e-11
1.4967e-11,9.5071e-12,1.6772e-11
3.0795e-11,3.1624e-11,4.0927e-11
1.5637e-11,8.0392e-12,1.5926e-11
1.6058e-11,7.1448e-12,1.5464e-11
1.8438e-11,8.7488e-12,1.8609e-11
4.7627e-11,4.557e-11,5.7198e-11
3.0743e-11,2.5816e-11,3.8486e-11
1.9797e-11,8.5076e-12,1.8151e-11
4.8064e-11,4.082e-11,5.531e-11
3.3364e-11,2.5539e-11,4.3468e-11
1.7933e-11,4.748e-12,1.6411e-11
1.8663e-11,9.0292e-12,1.9676e-11
2.4839e-11,1.5186e-11,2.625e-11
1.6651e-11,8.0114e-12,1.8004e-11
1.7161e-11,8.1679e-12,1.8518e-11
3.5294e-11,2.2294e-11,4.3823e-11
1.802e-11,6.0689e-12,1.94e-11
2.343e-11,9.0776e-12,2.4681e-11
2.5036e-11,1.0087e-11,2.3071e-11
3.7072e-11,2.3041e-11,4.5401e-11
3.4409e-11,1.778e-11,3.7481e-11
2.7841e-11,9.9135e-12,2.5572e-11
2.1729e-11,9.8916e-12,2.5027e-11
5.7077e-11,2.6969e-11,4.8657e-11
2.3159e-11,5.488e-12,2.6327e-11
3.9672e-11,1.5244e-11,4.1988e-11
3.344e-11,3.7513e-12,3.2509e-11
5.4587e-11,8.926e-12,5.1458e-11
4.5351e-11,8.2171e-12,5.3039e-11
1.7586e-11,1.6416e-11,1.5107e-11
3.271e-11,4.334e-11,2.489e-11
9.0444e-12,1.3392e-11,1.4264e-11
1.0165e-11,1.3001e-11,1.3857e-11
1.6457e-11,1.7423e-11,1.9941e-11
7.7467e-12,1.5743e-11,2.329e-11
4.9359e-12,1.0213e-11,1.4051e-11
2.0046e-11,2.2591e-11,1.6607e-11
2.2627e-11,5.4513e-11,6.2203e-11
9.0058e-12,1.2091e-11,1.763e-11
1.1798e-11,1.4013e-11,1.4852e-11
1.8168e-11,2.1161e-11,1.2974e-11
1.7471e-11,2.1756e-11,1.3771e-11
1.3211e-11,1.4252e-11,1.4909e-11
8.6703e-12,1.9345e-11,2.082e-11
1.4701e-11,1.9889e-11,2.2215e-11
2.2308e-11,4.9748e-11,5.1653e-11
2.2232e-11,3.8697e-11,3.954e-11
9.3929e-12,1.5408e-11,1.6308e-11
9.4656e-12,1.1251e-11,1.5056e-11
1.2573e-11,1.2906e-11,1.7934e-11
1.1377e-11,1.0428e-11,1.2422e-11
1.2959e-11,8.6587e-12,1.4291e-11
2.6423e-11,3.1708e-11,3.8603e-11
1.3294e-11,1.2005e-11,1.3216e-11
2.9206e-11,5.6839e-11,6.4762e-11
2.1997e-11,2.3925e-11,2.9756e-11
1.4579e-11,9.0475e-12,1.8005e-11
2.3534e-11,3.452e-11,4.0806e-11
1.4725e-11,9.2159e-12,1.5804e-11
2.1774e-11,2.0603e-11,2.8802e-11
3.9227e-11,6.1934e-11,7.4268e-11
2.5993e-11,2.3113e-11,3.0526e-11
1.4285e-11,7.8235e-12,1.706e-11
1.4974e-11,6.5643e-12,1.6191e-11
2.7967e-11,2.7159e-11,3.4112e-11
1.71e-11,7.5315e-12,1.5977e-11
1.5682e-11,7.9315e-12,1.6017e-11
4.9336e-11,4.1378e-11,5.7407e-11
1.845e-11,8.9744e-12,1.9671e-11
2.0764e-11,8.9748e-12,1.8925e-11
1.9781e-11,8.427e-12,2.1604e-11
5.7418e-11,4.0454e-11,5.9448e-11
3.1409e-11,2.3472e-11,4.0417e-11
3.1067e-11,1.1564e-11,2.7207e-11
1.8148e-11,5.7249e-12,1.9874e-11
2.4063e-11,9.5955e-12,2.6153e-11
3.8074e-11,2.6071e-11,4.8457e-11
1.9538e-11,6.1498e-12,2.1143e-11
2.5785e-11,6.3534e-12,2.0292e-11
3.0653e-11,1.2634e-11,2.8971e-11
2.0157e-11,5.8524e-12,2.2896e-11
3.8931e-11,2.0342e-11,4.691e-11
2.9721e-11,1.3654e-11,2.9419e-11
5.0426e-11,2.0814e-11,4.4317e-11
3.2885e-11,1.1787e-11,3.1684e-11
3.7338e-11,1.4912e-11,3.9941e-11
3.46e-11,5.9717e-12,3.4353e-11
4.3708e-11,3.3631e-12,4.8307e-11
1.8918e-11,1.3383e-11,1.2617e-11
4.2819e-11,3.9128e-11,2.5128e-11
1.2042e-11,1.309e-11,1.2996e-11
1.0517e-11,1.3769e-11,1.2758e-11
2.297e-11,2.8186e-11,1.8167e-11
7.809e-12,1.3905e-11,1.5165e-11
1.0197e-11,2.5155e-11,2.543e-11
7.3039e-12,1.2106e-11,1.3909e-11
8.3542e-12,1.4708e-11,1.8992e-11
4.9042e-12,1.0166e-11,1.4747e-11
1.205e-11,2.434e-11,2.6197e-11
7.3637e-12,1.4373e-11,1.7245e-11
8.8275e-12,9.5509e-12,1.3714e-11
1.477e-11,2.7012e-11,2.9405e-11
9.9315e-12,1.3816e-11,1.5944e-11
1.204e-11,1.3372e-11,1.4165e-11
2.1688e-11,5.1792e-11,5.5844e-11
8.3294e-12,1.1848e-11,1.3585e-11
8.6179e-12,1.7072e-11,1.8303e-11
2.5525e-11,5.6321e-11,5.4004e-11
1.1823e-11,2.0954e-11,2.4205e-11
7.91e-12,1.4285e-11,1.5326e-11
8.8439e-12,9.1387e-12,1.5019e-11
2.3415e-11,4.9736e-11,5.0471e-11
8.9772e-12,8.6964e-12,1.4868e-11
1.3898e-11,1.1075e-11,1.4239e-11
3.0618e-11,5.1272e-11,5.3843e-11
2.5172e-11,4.1339e-11,4.3417e-11
1.1045e-11,1.2979e-11,1.6382e-11
1.4342e-11,2.5532e-11,2.9334e-11
1.2773e-11,8.4031e-12,1.6276e-11
2.6405e-11,5.6832e-11,6.2322e-11
2.5722e-11,3.0638e-11,3.7627e-11
1.2948e-11,9.9806e-12,1.5843e-11
1.2382e-11,1.1425e-11,1.5897e-11
1.4479e-11,1.8888e-11,1.9611e-11
1.9466e-11,2.4877e-11,2.8222e-11
1.4514e-11,9.8648e-12,1.8104e-11
1.558e-11,1.4479e-11,1.9569e-11
1.2025e-11,8.0244e-12,1.3086e-11
1.8907e-11,2.1723e-11,2.6013e-11
2.0726e-11,2.2347e-11,2.8584e-11
2.1026e-11,3.4008e-11,3.6495e-11
1.606e-11,8.0436e-12,1.7089e-11
2.635e-11,3.798e-11,3.5348e-11
2.2845e-11,2.0897e-11,2.9915e-11
1.4282e-11,8.4722e-12,1.5858e-11
2.3695e-11,1.3127e-11,1.9974e-11
2.021e-11,1.2609e-11,2.131e-11
1.6507e-11,4.5559e-12,1.4752e-11
2.0441e-11,8.7237e-12,1.8835e-11
2.5018e-11,1.2416e-11,2.4201e-11
5.1794e-11,3.379e-11,5.2268e-11
1.8095e-11,8e-12,2.0166e-11
2.7068e-11,9.934e-12,2.5791e-11
2.0797e-11,5.2525e-12,1.9035e-11
2.0645e-11,7.3352e-12,2.2472e-11
2.4919e-11,9.9461e-12,2.6714e-11
2.8691e-11,1.0756e-11,2.8916e-11
2.3641e-11,5.6152e-12,1.92e-11
3.5131e-11,1.3376e-11,3.5583e-11
2.0215e-11,6.2991e-12,2.2476e-11
4.2102e-11,1.4105e-11,3.8364e-11
2.5136e-11,4.4708e-12,2.4738e-11
2.2781e-11,5.8326e-12,2.5457e-11
2.9762e-11,4.3937e-12,2.8547e-11
3.1662e-11,7.0044e-12,2.7737e-11
3.8253e-11,1.5051e-11,4.0322e-11
3.9955e-11,1.4922e-11,4.3731e-11
5.2403e-11,7.0411e-12,5.0822e-11
4.1858e-11,6.7929e-12,4.867e-11
2.5308e-11,1.6948e-11,1.6588e-11
1.4084e-11,1.415e-11,1.2025e-11
3.0956e-11,3.3541e-11,2.3193e-11
1.2e-11,1.4223e-11,1.2002e-11
9.2521e-12,2.0842e-11,2.0224e-11
1.202e-11,1.3759e-11,1.0164e-11
8.8593e-12,2.2662e-11,2.2783e-11
7.9353e-12,2.005e-11,2.1717e-11
1.1146e-11,1.0547e-11,1.5254e-11
1.4433e-11,1.3271e-11,1.2517e-11
9.954e-12,2.4474e-11,2.0409e-11
8.9783e-12,1.3339e-11,1.2075e-11
9.0352e-12,1.9346e-11,1.6689e-11
6.8345e-12,8.7924e-12,1.2972e-11
7.7642e-12,1.7881e-11,1.9606e-11
1.0651e-11,2.1118e-11,2.4138e-11
1.8413e-11,4.0975e-11,3.9312e-11
1.0531e-11,1.77e-11,2.1272e-11
8.0733e-12,9.9041e-12,1.4573e-11
1.2506e-11,1.5697e-11,2.3006e-11
1.5971e-11,2.698e-11,2.8505e-11
1.3e-11,9.5585e-12,1.43e-11
3.0624e-11,4.9344e-11,5.056e-11
1.3074e-11,1.6117e-11,2.0993e-11
1.3034e-11,1.1006e-11,1.5279e-11
1.2715e-11,1.3287e-11,1.6496e-11
1.2691e-11,2.0587e-11,2.0504e-11
1.2375e-11,8.7551e-12,1.5805e-11
1.132e-11,1.1029e-11,1.5337e-11
2.8032e-11,6.0461e-11,6.7452e-11
1.7058e-11,1.6274e-11,1.9272e-11
1.1279e-11,1.0527e-11,1.3082e-11
2.1596e-11,2.3215e-11,2.9199e-11
2.1969e-11,1.3413e-11,2.0199e-11
2.7549e-11,2.8065e-11,3.7075e-11
3.48e-11,3.213e-11,4.5531e-11
1.91e-11,1.3473e-11,2.2294e-11
2.2321e-11,1.0481e-11,1.9639e-11
2.1912e-11,1.1051e-11,2.1647e-11
2.0054e-11,7.4595e-12,1.7601e-11
1.7097e-11,4.9352e-12,1.5375e-11
1.6611e-11,7.5538e-12,1.799e-11
2.6585e-11,1.2137e-11,2.4057e-11
2.065e-11,8.6886e-12,2.2711e-11
2.2094e-11,5.8582e-12,1.8693e-11
3.6655e-11,1.9058e-11,3.0656e-11
1.9768e-11,4.4308e-12,1.9177e-11
3.5577e-11,1.4173e-11,2.8861e-11
1.9463e-11,6.2816e-12,2.1878e-11
2.735e-11,8.9295e-12,2.8969e-11
3.1115e-11,9.536e-12,3.3246e-11
5.0099e-11,1.997e-11,4.5207e-11
4.1218e-11,2.0443e-11,4.5526e-11
2.5276e-11,8.9289e-12,2.8343e-11
2.958e-11,1.2343e-11,3.4361e-11
3.6307e-11,1.4932e-11,3.827e-11
3.9268e-11,1.2005e-11,3.9546e-11
3.3521e-11,1.0028e-11,3.646e-11
4.5149e-11,9.2064e-12,4.4678e-11
4.9807e-11,9.593e-12,4.8274e-11
5.0743e-11,7.3484e-12,4.711e-11
4.4076e-11,1.0365e-11,5.0526e-11
1.5802e-11,1.3589e-11,1.2129e-11
1.3545e-11,1.4321e-11,1.2572e-11
1.5405e-11,2.086e-11,1.6174e-11
7.6144e-12,1.3864e-11,1.7945e-11
5.862e-12,1.2352e-11,1.5079e-11
1.1334e-11,1.4427e-11,1.3517e-11
2.0998e-11,5.6464e-11,6.3805e-11
1.4548e-11,1.3765e-11,1.2887e-11
7.3892e-12,9.9336e-12,1.7222e-11
1.1688e-11,1.0119e-11,1.465e-11
1.1444e-11,1.8658e-11,2.1701e-11
1.0593e-11,1.2797e-11,1.6715e-11
2.3081e-11,3.7588e-11,3.9429e-11
1.3214e-11,1.4616e-11,1.4519e-11
1.1832e-11,9.4784e-12,1.5252e-11
1.2935e-11,1.1625e-11,1.5101e-11
2.1685e-11,1.6683e-11,1.8969e-11
2.47e-11,4.893e-11,5.3134e-11
1.1999e-11,8.0242e-12,1.5103e-11
1.6195e-11,1.8849e-11,2.2947e-11
1.1911e-11,7.828e-12,1.2954e-11
1.372e-11,9.8767e-12,1.4715e-11
3.3503e-11,6.1302e-11,7.429e-11
1.1704e-11,8.7022e-12,1.383e-11
1.3565e-11,8.8254e-12,1.5363e-11
2.2035e-11,3.4273e-11,3.7431e-11
1.3834e-11,7.512e-12,1.592e-11
1.4033e-11,9.0298e-12,1.6822e-11
1.5954e-11,9.9637e-12,1.6567e-11
2.0683e-11,1.2552e-11,2.1547e-11
1.794e-11,4.2116e-12,1.565e-11
2.4197e-11,1.1585e-11,2.2667e-11
3.303e-11,2.4091e-11,4.0824e-11
1.9709e-11,6.7116e-12,2.1038e-11
2.7011e-11,1.039e-11,2.8843e-11
2.9499e-11,1.1886e-11,3.1154e-11
4.0499e-11,2.3197e-11,4.9545e-11
3.0108e-11,1.1084e-11,2.7377e-11
2.7415e-11,1.0043e-11,2.905e-11
3.0091e-11,1.1064e-11,3.2023e-11
2.9043e-11,5.2697e-12,2.5831e-11
2.6824e-11,5.1843e-12,2.7432e-11
3.9633e-11,1.7007e-11,4.2858e-11
2.5986e-11,1.0325e-11,2.8961e-11
3.2589e-11,1.1509e-11,3.4469e-11
3.5767e-11,8.5748e-12,3.2052e-11
2.8819e-11,8.2039e-12,3.2433e-11
2.8844e-11,1.0715e-11,3.3509e-11
3.1039e-11,1.1055e-11,3.5244e-11
4.2268e-11,3.4226e-12,4.1371e-11
4.0583e-11,1.0247e-11,4.6981e-11
4.074e-11,7.3863e-12,4.6494e-11
4.5653e-11,8.2412e-12,5.3073e-11
1.3734e-11,1.3064e-11,1.2559e-11
3.0726e-11,2.4156e-11,1.8365e-11
7.1882e-12,1.3678e-11,1.7383e-11
1.636e-11,5.4906e-11,5.5486e-11
7.535e-12,1.5835e-11,2.0827e-11
1.2524e-11,1.2424e-11,1.6853e-11
1.4101e-11,1.3059e-11,1.5875e-11
1.0741e-11,1.3634e-11,1.3088e-11
2.3091e-11,4.7371e-11,4.4528e-11
1.0695e-11,1.5846e-11,1.6884e-11
2.83e-11,5.5623e-11,5.1443e-11
1.2785e-11,1.8012e-11,2.0389e-11
1.2143e-11,1.1896e-11,1.7089e-11
1.9902e-11,2.4993e-11,2.5565e-11
3.0073e-11,4.8849e-11,4.7893e-11
8.5515e-12,1.7355e-11,1.7583e-11
1.1268e-11,1.8143e-11,2.1333e-11
1.0653e-11,1.03e-11,1.4639e-11
1.132e-11,1.1876e-11,1.6726e-11
9.337e-12,9.2722e-12,1.4324e-11
1.0773e-11,1.0265e-11,1.496e-11
1.4553e-11,1.2292e-11,1.3061e-11
1.5505e-11,2.0014e-11,2.0425e-11
1.4487e-11,1.0858e-11,1.6674e-11
1.6136e-11,1.5423e-11,1.9234e-11
1.3901e-11,8.66e-12,1.4736e-11
1.4839e-11,1.6437e-11,1.9401e-11
1.415e-11,8.1353e-12,1.5756e-11
1.2827e-11,9.211e-12,1.5534e-11
3.3397e-11,3.5026e-11,4.2917e-11
2.3248e-11,2.2028e-11,3.1345e-11
1.3921e-11,6.1196e-12,1.5825e-11
2.1524e-11,1.3025e-11,1.9544e-11
3.3273e-11,2.88e-11,4.3982e-11
3.0649e-11,1.7603e-11,2.8568e-11
1.7782e-11,7.9107e-12,2.0385e-11
2.4198e-11,8.4721e-12,2.4243e-11
3.7902e-11,2.5104e-11,4.7816e-11
2.0887e-11,8.6816e-12,2.3117e-11
2.3507e-11,5.7088e-12,1.9481e-11
1.9986e-11,6.8067e-12,2.1576e-11
3.9778e-11,1.3071e-11,3.7077e-11
3.7907e-11,1.8564e-11,4.0881e-11
3.0484e-11,9.1249e-12,3.2949e-11
3.714e-11,1.1409e-11,3.719e-11
3.9543e-11,6.5539e-12,3.7993e-11
3.7973e-11,1.1023e-11,4.1491e-11
4.6363e-11,3.0709e-12,4.6593e-11
4.3746e-11,5.0446e-12,4.9986e-11
4.8517e-11,2.6264e-12,5.0092e-11
4.9043e-11,3.7661e-12,5.5375e-11
2.6851e-11,2.8004e-11,1.5915e-11
1.3102e-11,1.6082e-11,1.2503e-11
8.7721e-12,1.5069e-11,1.6256e-11
7.9826e-12,1.4388e-11,1.857e-11
7.1964e-12,1.4382e-11,1.9007e-11
1.2863e-11,4.4577e-11,3.9154e-11
1.0162e-11,3.1668e-11,2.9434e-11
7.2675e-12,1.3073e-11,1.4384e-11
1.2292e-11,1.6686e-11,1.6722e-11
1.0962e-11,1.0621e-11,1.3242e-11
9.0066e-12,1.3415e-11,1.3176e-11
2.333e-11,4.712e-11,4.392e-11
1.6854e-11,3.0348e-11,3.1648e-11
8.4363e-12,1.1018e-11,1.5375e-11
9.0102e-12,1.1808e-11,1.5969e-11
1.1165e-11,1.2405e-11,1.4777e-11
8.0132e-12,1.6768e-11,1.7325e-11
1.1753e-11,1.2704e-11,1.552e-11
8.4528e-12,1.4761e-11,1.6243e-11
1.9464e-11,2.7323e-11,2.7987e-11
1.7697e-11,2.7797e-11,2.9802e-11
8.3705e-12,1.7211e-11,1.7362e-11
1.1966e-11,1.4913e-11,1.599e-11
1.2776e-11,1.3706e-11,1.6767e-11
1.9072e-11,5.3221e-11,5.0372e-11
1.0804e-11,1.0799e-11,1.4152e-11
9.9057e-12,1.3591e-11,1.503e-11
1.7355e-11,2.1651e-11,2.1756e-11
1.2306e-11,7.9544e-12,1.475e-11
1.2865e-11,8.4479e-12,1.5489e-11
2.7917e-11,5.6913e-11,6.6158e-11
2.7404e-11,3.0771e-11,3.5302e-11
1.2279e-11,9.9258e-12,1.4964e-11
2.6341e-11,2.9014e-11,3.3496e-11
1.3097e-11,8.0388e-12,1.4798e-11
2.0474e-11,3.0747e-11,3.9035e-11
1.6678e-11,1.4752e-11,2.053e-11
2.9863e-11,5.8134e-11,6.2133e-11
1.2228e-11,6.9055e-12,1.4163e-11
1.591e-11,1.6873e-11,2.114e-11
1.8474e-11,1.6611e-11,2.437e-11
1.5236e-11,1.6407e-11,1.8644e-11
3.1987e-11,3.312e-11,4.045e-11
1.4219e-11,8.2108e-12,1.6026e-11
1.3827e-11,7.9807e-12,1.5458e-11
3.4955e-11,3.6183e-11,4.4544e-11
3.0964e-11,2.6874e-11,3.7474e-11
1.4965e-11,6.7182e-12,1.7458e-11
2.646e-11,1.4922e-11,2.4984e-11
2.8439e-11,1.9002e-11,3.2234e-11
1.7776e-11,7.4138e-12,2.0301e-11
2.2954e-11,8.8867e-12,2.5265e-11
3.8561e-11,2.0213e-11,4.0745e-11
3.5938e-11,1.779e-11,3.8816e-11
5.8971e-11,2.4756e-11,4.84e-11
2.5383e-11,3.775e-12,2.7651e-11
3.2151e-11,3.8041e-12,3.0258e-11
3.9719e-11,1.5264e-11,4.0647e-11
3.155e-11,1.127e-11,3.5552e-11
4.0257e-11,7.2381e-12,3.8789e-11
3.0103e-11,3.9537e-11,2.1654e-11
1.0025e-11,1.2301e-11,1.5174e-11
9.306e-12,1.2146e-11,1.0413e-11
2.3144e-11,3.4861e-11,2.5071e-11
1.7392e-11,5.8633e-11,6.3196e-11
9.0143e-12,1.3492e-11,1.5586e-11
2.7888e-11,3.1677e-11,2.3047e-11
1.2894e-11,1.3753e-11,2.6576e-11
9.3566e-12,2.0704e-11,1.9772e-11
9.2899e-12,1.3486e-11,1.6679e-11
9.5884e-12,1.0651e-11,1.368e-11
9.8202e-12,1.1051e-11,1.4868e-11
8.3469e-12,1.5898e-11,1.5849e-11
8.531e-12,1.1432e-11,1.623e-11
1.611e-11,4.8411e-11,4.4145e-11
1.7464e-11,3.1747e-11,3.1491e-11
7.8632e-12,1.4923e-11,1.4933e-11
1.3976e-11,3.9366e-11,3.7674e-11
1.0416e-11,1.3234e-11,1.4935e-11
1.4284e-11,1.5918e-11,1.464e-11
1.4603e-11,1.47e-11,1.7104e-11
1.5967e-11,2.1956e-11,2.3315e-11
3.3611e-11,4.766e-11,5.1334e-11
1.1758e-11,1.3072e-11,1.5501e-11
1.2662e-11,1.1099e-11,1.515e-11
1.2001e-11,1.3829e-11,1.5954e-11
1.452e-11,1.5565e-11,1.9368e-11
1.9905e-11,3.012e-11,3.767e-11
1.257e-11,9.2043e-12,1.4411e-11
1.2258e-11,8.3843e-12,1.4359e-11
1.3281e-11,8.0875e-12,1.3977e-11
1.4268e-11,6.2793e-12,1.4748e-11
1.3226e-11,8.7864e-12,1.5982e-11
1.3613e-11,6.4988e-12,1.5496e-11
4.0845e-11,3.874e-11,5.6794e-11
2.6042e-11,1.9695e-11,2.6046e-11
2.3315e-11,1.7308e-11,2.7879e-11
1.972e-11,7.8338e-12,1.7391e-11
3.6758e-11,2.1957e-11,3.5246e-11
2.3712e-11,1.0098e-11,2.021e-11
1.6983e-11,5.6689e-12,1.7827e-11
1.7508e-11,5.8704e-12,1.8861e-11
2.4974e-11,6.1502e-12,2.005e-11
2.5364e-11,5.9757e-12,2.157e-11
2.3028e-11,5.1633e-12,2.0075e-11
2.8546e-11,9.0979e-12,2.4485e-11
3.6816e-11,1.0518e-11,3.4931e-11
4.8147e-11,1.6689e-11,4.2052e-11
2.8944e-11,7.2706e-12,2.7129e-11
3.0278e-11,6.324e-12,2.6488e-11
3.0043e-11,7.4197e-12,3.3115e-11
3.2394e-11,5.7949e-12,3.6914e-11
3.6605e-11,1.2665e-11,3.9606e-11
3.8071e-11,4.5383e-12,3.6266e-11
4.337e-11,9.9235e-12,4.2179e-11
3.9442e-11,1.2999e-11,4.1924e-11
4.8741e-11,6.3564e-12,5.5591e-11
8.9188e-12,1.2577e-11,1.1867e-11
2.0753e-11,1.2104e-11,1.2469e-11
9.2313e-12,1.225e-11,1.318e-11
9.683e-12,1.2981e-11,1.4008e-11
1.0965e-11,1.4523e-11,1.5391e-11
1.0198e-11,1.2765e-11,1.4947e-11
1.5052e-11,6.0856e-11,5.6834e-11
1.1438e-11,1.2233e-11,1.5992e-11
1.197e-11,2.3714e-11,2.3874e-11
1.1546e-11,2.1403e-11,2.2056e-11
6.4561e-12,1.3827e-11,1.6193e-11
1.8273e-11,6.2311e-11,6.0811e-11
1.4601e-11,2.861e-11,3.0117e-11
7.6259e-12,1.2281e-11,1.1855e-11
1.7375e-11,3.4185e-11,3.3569e-11
1.4187e-11,2.6366e-11,2.8122e-11
7.7362e-12,1.3369e-11,1.5726e-11
1.7818e-11,2.9105e-11,3.0251e-11
1.5049e-11,1.338e-11,1.5022e-11
3.5899e-11,4.449e-11,5.1171e-11
1.7986e-11,3.4218e-11,3.9116e-11
1.5067e-11,1.6478e-11,2.0149e-11
2.0685e-11,3.8776e-11,4.6442e-11
1.2357e-11,8.7957e-12,1.5056e-11
1.3263e-11,7.8018e-12,1.4205e-11
1.5256e-11,8.4229e-12,1.7561e-11
3.2063e-11,3.325e-11,4.5137e-11
3.4318e-11,2.7914e-11,4.4016e-11
1.8516e-11,4.8759e-12,1.6042e-11
3.128e-11,2.5203e-11,4.0259e-11
2.0248e-11,9.99e-12,2.1416e-11
1.7855e-11,8.437e-12,2.1555e-11
4.6059e-11,3.632e-11,5.0148e-11
4.6875e-11,2.6206e-11,4.0862e-11
3.2147e-11,1.2058e-11,3.2772e-11
3.2951e-11,1.0133e-11,3.0854e-11
3.1004e-11,6.6334e-12,3.3879e-11
3.4654e-11,1.0189e-11,4.1056e-11
4.4624e-11,3.4629e-12,4.7167e-11
7.9927e-12,1.198e-11,1.1279e-11
9.4284e-12,1.3935e-11,1.6763e-11
8.7902e-12,1.4657e-11,1.8234e-11
9.7786e-12,3.1996e-11,2.9611e-11
1.0594e-11,2.0248e-11,2.3563e-11
8.0205e-12,1.275e-11,1.0353e-11
1.1184e-11,1.8195e-11,2.1331e-11
1.2467e-11,3.1599e-11,3.1048e-11
1.8171e-11,2.8845e-11,3.015e-11
2.3196e-11,3.2937e-11,3.6861e-11
3.3285e-11,4.2346e-11,4.6593e-11
1.2163e-11,1.5928e-11,2.0614e-11
1.1616e-11,9.5646e-12,1.4296e-11
2.0835e-11,4.0492e-11,4.812e-11
2.2531e-11,2.3574e-11,2.7641e-11
2.0845e-11,2.2239e-11,2.6307e-11
1.2307e-11,7.8771e-12,1.4904e-11
3.4408e-11,3.5467e-11,4.1907e-11
1.9134e-11,1.4314e-11,2.2942e-11
1.8835e-11,8.0979e-12,2.2285e-11
1.842e-11,4.7499e-12,1.6844e-11
3.2217e-11,1.978e-11,3.2061e-11
2.6813e-11,1.8925e-11,3.2366e-11
5.0191e-11,4.0837e-11,5.7869e-11
1.7179e-11,6.6386e-12,1.887e-11
3.8831e-11,2.6413e-11,3.839e-11
3.6848e-11,2.3649e-11,3.4946e-11
1.8809e-11,7.1157e-12,1.9867e-11
3.1271e-11,1.3142e-11,3.0445e-11
2.2397e-11,9.5268e-12,2.5718e-11
2.1848e-11,8.3156e-12,2.5192e-11
2.2495e-11,8.1186e-12,2.6523e-11
2.9243e-11,5.6294e-12,2.6365e-11
2.8412e-11,5.4602e-12,2.6453e-11
3.4843e-11,1.071e-11,3.253e-11
3.1245e-11,7.684e-12,2.7506e-11
4.2372e-11,2.0373e-12,4.3406e-11
6.4553e-12,1.2662e-11,1.3168e-11
1.4763e-11,1.4861e-11,1.5678e-11
1.0053e-11,1.4088e-11,1.5285e-11
2.9649e-11,3.0508e-11,1.9793e-11
1.2853e-11,2.6458e-11,2.8639e-11
1.0364e-11,4.911e-11,4.502e-11
8.4867e-12,1.3535e-11,1.1781e-11
2.585e-11,4.3431e-11,4.0842e-11
1.3308e-11,1.3016e-11,1.749e-11
1.4235e-11,1.3503e-11,1.4609e-11
9.4789e-12,1.0287e-11,1.3031e-11
1.0363e-11,8.3954e-12,1.3761e-11
1.4082e-11,1.196e-11,1.4774e-11
7.9386e-12,1.3082e-11,1.5317e-11
1.0607e-11,1.4053e-11,1.6419e-11
2.1278e-11,2.7362e-11,2.9393e-11
1.2869e-11,1.2629e-11,1.4568e-11
8.7815e-12,1.4795e-11,1.7114e-11
1.1997e-11,7.6043e-12,1.3627e-11
1.7342e-11,2.4282e-11,3.1362e-11
2.78e-11,3.008e-11,3.5354e-11
2.0004e-11,2.0861e-11,2.8966e-11
1.3647e-11,8.6445e-12,1.4697e-11
1.3043e-11,8.1229e-12,1.4831e-11
3.0674e-11,3.1786e-11,4.438e-11
1.3064e-11,6.9572e-12,1.4805e-11
1.8706e-11,1.419e-11,2.2252e-11
2.3723e-11,2.2318e-11,2.9241e-11
2.4944e-11,2.0767e-11,3.1128e-11
1.3705e-11,6.6757e-12,1.6521e-11
2.7808e-11,2.0833e-11,2.8385e-11
2.9169e-11,2.1266e-11,2.9214e-11
2.7582e-11,2.057e-11,3.0971e-11
2.0842e-11,9.3283e-12,1.8006e-11
2.1939e-11,1.2487e-11,2.2011e-11
1.5989e-11,6.8368e-12,1.8284e-11
1.7332e-11,3.8969e-12,1.843e-11
4.9685e-11,3.7645e-11,5.5071e-11
4.9244e-11,3.8066e-11,5.7016e-11
1.9818e-11,7.8289e-12,2.3539e-11
1.9278e-11,7.881e-12,2.0747e-11
2.3896e-11,8.6808e-12,2.5989e-11
3.0266e-11,1.2863e-11,3.0616e-11
4.0933e-11,2.4133e-11,4.3606e-11
3.6983e-11,1.8787e-11,3.8579e-11
2.2444e-11,7.4913e-12,2.621e-11
2.4797e-11,6.3102e-12,2.2769e-11
3.8548e-11,1.1636e-11,3.6345e-11
4.0773e-11,2.0854e-11,4.196e-11
5.0524e-11,2.0678e-11,4.4315e-11
3.7679e-11,1.7009e-11,3.9072e-11
3.6333e-11,4.9758e-12,3.6957e-11
4.0369e-11,8.4569e-12,4.5976e-11
4.6311e-11,7.9776e-12,5.3161e-11
4.9661e-11,5.2276e-12,5.5725e-11
1.8367e-11,2.2424e-11,2.0976e-11
9.1809e-12,1.2708e-11,1.2788e-11
1.2714e-11,2.1946e-11,2.5469e-11
1.4552e-11,2.0438e-11,2.5061e-11
9.7664e-12,1.6369e-11,2.2213e-11
1.2696e-11,1.4325e-11,1.6742e-11
1.279e-11,1.4262e-11,1.368e-11
1.1281e-11,2.2021e-11,2.0337e-11
1.6566e-11,2.4995e-11,2.7364e-11
1.025e-11,1.8424e-11,1.3712e-11
1.0714e-11,2.0259e-11,2.2369e-11
8.3885e-12,1.5929e-11,1.7922e-11
1.0915e-11,2.0513e-11,2.1753e-11
1.0155e-11,3.7151e-11,3.4609e-11
2.2664e-11,3.3678e-11,3.3864e-11
1.2855e-11,2.5291e-11,2.4029e-11
1.2438e-11,1.0757e-11,1.4131e-11
3.3243e-11,4.9491e-11,5.141e-11
9.9044e-12,1.3269e-11,1.4857e-11
1.7227e-11,2.3097e-11,2.403e-11
1.1142e-11,8.6002e-12,1.4792e-11
1.0014e-11,9.0427e-12,1.2493e-11
3.143e-11,3.6424e-11,4.1482e-11
1.0532e-11,8.4688e-12,1.3334e-11
1.0137e-11,8.6121e-12,1.2639e-11
1.9004e-11,2.0072e-11,2.3281e-11
1.8109e-11,1.8975e-11,2.649e-11
1.084e-11,7.6019e-12,1.3921e-11
3.021e-11,2.9613e-11,3.5812e-11
1.6754e-11,1.6338e-11,2.1349e-11
2.1169e-11,2.2094e-11,2.6315e-11
3.3429e-11,3.488e-11,4.7341e-11
3.5369e-11,3.4792e-11,4.2577e-11
1.6417e-11,7.6963e-12,1.7198e-11
2.1807e-11,1.5816e-11,2.5619e-11
1.8948e-11,7.7454e-12,1.6663e-11
1.5945e-11,8.1748e-12,1.9304e-11
1.7245e-11,7.1915e-12,1.948e-11
2.7395e-11,1.4162e-11,2.6733e-11
4.7493e-11,2.7767e-11,4.4655e-11
1.8677e-11,8.5508e-12,1.9021e-11
4.4137e-11,2.6982e-11,4.1224e-11
2.4022e-11,7.8627e-12,2.767e-11
3.409e-11,9.7277e-12,3.516e-11
3.8024e-11,1.1873e-11,3.702e-11
3.7399e-11,1.121e-11,3.8502e-11
3.3756e-11,1.2546e-11,3.5221e-11
3.8405e-11,1.2415e-11,3.9984e-11
1.0147e-11,1.4314e-11,1.5139e-11
8.8038e-12,1.4601e-11,1.294e-11
1.2126e-11,5.961e-11,5.3462e-11
8.9687e-12,1.4902e-11,1.6156e-11
2.3655e-11,4.2269e-11,4.0208e-11
1.9319e-11,3.5977e-11,3.5591e-11
7.4939e-12,1.2065e-11,1.1893e-11
1.3386e-11,5.115e-11,4.4466e-11
7.1401e-12,1.2984e-11,1.4508e-11
8.4866e-12,1.6879e-11,1.807e-11
3.2569e-11,5.2915e-11,4.8909e-11
1.3201e-11,1.0505e-11,1.4808e-11
1.1522e-11,3.3244e-11,3.2288e-11
1.9438e-11,6.2791e-11,5.6083e-11
3.6125e-11,5.0221e-11,5.4406e-11
1.3891e-11,1.6161e-11,2.3363e-11
1.2616e-11,9.4255e-12,1.5215e-11
1.01e-11,8.0993e-12,1.288e-11
1.0643e-11,8.8107e-12,1.4401e-11
1.2381e-11,8.9285e-12,1.6173e-11
2.4286e-11,2.6074e-11,3.8143e-11
1.6528e-11,9.3333e-12,1.8913e-11
3.2837e-11,2.9274e-11,4.1289e-11
4.8205e-11,5.119e-11,6.7588e-11
2.5724e-11,2.0527e-11,3.3174e-11
4.0893e-11,3.9288e-11,5.5711e-11
3.8243e-11,3.1255e-11,4.7785e-11
3.9791e-11,3.1636e-11,4.5778e-11
2.3261e-11,1.249e-11,2.2112e-11
1.9676e-11,9.589e-12,2.3632e-11
3.3453e-11,1.6955e-11,3.5143e-11
2.8224e-11,9.8422e-12,2.4994e-11
2.7398e-11,5.2919e-12,2.4472e-11
3.0421e-11,1.0513e-11,3.3132e-11
5.4379e-11,2.4938e-11,4.8728e-11
2.8583e-11,9.0001e-12,3.0581e-11
3.7429e-11,1.3865e-11,3.7043e-11
3.4916e-11,1.0408e-11,3.7256e-11
3.7419e-11,1.19e-11,3.4819e-11
3.0363e-11,6.1348e-12,3.1422e-11
3.7122e-11,6.852e-12,3.4659e-11
3.4609e-11,6.7055e-12,3.8511e-11
4.1799e-11,8.657e-12,3.9064e-11
4.8317e-11,7.1901e-12,5.3274e-11
2.4646e-11,2.4377e-11,2.3816e-11
6.2987e-12,1.1083e-11,1.2628e-11
9.0817e-12,1.8174e-11,2.0511e-11
5.717e-12,1.3778e-11,1.3461e-11
1.3228e-11,1.9505e-11,2.2476e-11
1.0017e-11,4.4405e-11,4.0691e-11
1.051e-11,1.0201e-11,1.7517e-11
7.1618e-12,1.166e-11,1.1111e-11
1.1765e-11,1.3776e-11,1.4106e-11
1.0071e-11,1.7385e-11,2.0624e-11
7.9827e-12,1.4567e-11,1.6053e-11
8.82e-12,1.3193e-11,1.3111e-11
9.8648e-12,1.7407e-11,1.9514e-11
2.9153e-11,4.8027e-11,4.4257e-11
9.8687e-12,1.2597e-11,1.3284e-11
1.8683e-11,5.8378e-11,4.9945e-11
1.4069e-11,1.1313e-11,1.617e-11
1.0256e-11,1.1644e-11,1.5422e-11
2.0138e-11,2.5693e-11,2.7052e-11
8.7974e-12,1.3327e-11,1.4832e-11
1.1758e-11,8.8564e-12,1.3204e-11
1.3335e-11,7.4243e-12,1.4425e-11
1.3612e-11,1.3176e-11,1.7432e-11
1.3257e-11,6.1875e-12,1.4144e-11
1.4182e-11,6.8649e-12,1.6416e-11
1.5009e-11,8.7897e-12,1.5867e-11
1.4789e-11,6.9206e-12,1.7381e-11
1.6188e-11,7.7595e-12,1.995e-11
3.0106e-11,2.2708e-11,3.3456e-11
1.9857e-11,8.1313e-12,1.7171e-11
1.5353e-11,7.6661e-12,1.8631e-11
1.6552e-11,3.6914e-12,1.6966e-11
1.5576e-11,6.4496e-12,1.9492e-11
2.9618e-11,2.0416e-11,3.4815e-11
3.0219e-11,1.3357e-11,2.8567e-11
2.1616e-11,7.8568e-12,2.4363e-11
2.1111e-11,5.7242e-12,2.2874e-11
3.4514e-11,1.5258e-11,3.4746e-11
3.0031e-11,1.1169e-11,3.2629e-11
3.218e-11,1.4259e-11,3.0263e-11
3.6671e-11,1.5932e-11,3.6944e-11
2.7135e-11,8.3641e-12,3.003e-11
2.6416e-11,6.9367e-12,2.9407e-11
2.737e-11,6.902e-12,3.0577e-11
3.8366e-11,1.4268e-11,3.6239e-11
4.4607e-11,7.5956e-12,4.9868e-11
1.6294e-11,1.2841e-11,1.6327e-11
1.1695e-11,1.3676e-11,1.1841e-11
9.2875e-12,1.536e-11,1.243e-11
1.2125e-11,1.7444e-11,2.1664e-11
8.4676e-12,1.4365e-11,1.8494e-11
1.9695e-11,1.8148e-11,1.8421e-11
1.4621e-11,1.4339e-11,1.9642e-11
1.3886e-11,2.6832e-11,2.7816e-11
1.1324e-11,1.7104e-11,2.0576e-11
1.1604e-11,1.7421e-11,1.6949e-11
1.8831e-11,1.3578e-11,1.4172e-11
8.6364e-12,8.4842e-12,1.6151e-11
1.0397e-11,6.0137e-11,5.058e-11
7.2553e-12,1.3726e-11,1.0723e-11
8.4163e-12,3.1384e-11,2.9584e-11
8.5036e-12,1.2249e-11,1.2548e-11
1.3263e-11,1.0813e-11,1.3689e-11
9.4829e-12,2.5462e-11,2.652e-11
9.419e-12,1.0714e-11,1.4701e-11
1.0809e-11,7.4322e-12,1.3357e-11
1.1896e-11,8.2473e-12,1.4695e-11
1.4429e-11,2.8821e-11,3.2402e-11
2.0283e-11,2.5933e-11,2.7259e-11
9.9937e-12,7.6604e-12,1.3045e-11
1.5232e-11,8.0067e-12,1.5986e-11
2.4276e-11,2.6329e-11,3.7927e-11
1.5e-11,1.4056e-11,1.871e-11
1.5505e-11,9.5982e-12,1.5821e-11
1.291e-11,6.7203e-12,1.5867e-11
1.4303e-11,6.5525e-12,1.8182e-11
1.8413e-11,9.2881e-12,1.709e-11
4.3395e-11,3.3837e-11,4.9737e-11
3.7105e-11,2.8417e-11,4.7451e-11
2.9616e-11,1.7881e-11,3.3744e-11
4.0788e-11,2.4155e-11,3.8492e-11
3.0629e-11,1.7589e-11,3.0846e-11
2.2588e-11,9.2464e-12,2.0221e-11
2.394e-11,6.7098e-12,2.5435e-11
4.1497e-11,2.1122e-11,4.1225e-11
6.077e-11,3.248e-11,5.169e-11
3.9137e-11,1.7346e-11,3.9911e-11
3.1076e-11,5.8716e-12,2.8756e-11
2.8169e-11,3.1662e-12,2.9114e-11
3.317e-11,1.1276e-11,3.6284e-11
4.2098e-11,1.2588e-11,4.1103e-11
4.2138e-11,5.9999e-12,4.0595e-11
4.1971e-11,6.4461e-12,4.4836e-11
2.5351e-11,3.3493e-11,2.1295e-11
5.2693e-12,1.1621e-11,1.2595e-11
9.8626e-12,1.0743e-11,1.3646e-11
9.2757e-12,1.2212e-11,1.479e-11
8.6217e-12,1.4066e-11,1.6943e-11
1.1117e-11,1.6517e-11,1.9569e-11
7.8295e-12,1.4133e-11,1.1841e-11
1.4126e-11,2.6542e-11,2.6859e-11
1.0078e-11,1.6167e-11,2.0382e-11
1.0327e-11,1.6757e-11,1.7406e-11
9.6778e-12,1.2226e-11,1.4973e-11
2.0179e-11,3.0653e-11,3.094e-11
8.0776e-12,1.3268e-11,1.3204e-11
1.4821e-11,2.6108e-11,2.5791e-11
1.2975e-11,1.1593e-11,1.4173e-11
1.1332e-11,9.5711e-12,1.3581e-11
1.5367e-11,5.2793e-11,4.9523e-11
1.5358e-11,3.1279e-11,3.4086e-11
1.0423e-11,2.0224e-11,2.6124e-11
3.1894e-11,3.8413e-11,4.2779e-11
1.4754e-11,1.339e-11,2.0856e-11
2.0527e-11,2.2682e-11,2.6614e-11
1.0207e-11,8.0809e-12,1.342e-11
1.0054e-11,7.9657e-12,1.284e-11
1.0182e-11,9.0326e-12,1.3739e-11
1.3455e-11,7.9195e-12,1.6655e-11
3.2966e-11,3.6312e-11,4.041e-11
1.4692e-11,6.8878e-12,1.5753e-11
1.2024e-11,7.1009e-12,1.5619e-11
1.5675e-11,8.7305e-12,1.4801e-11
1.5163e-11,6.8383e-12,1.5964e-11
2.3656e-11,2.4624e-11,3.5589e-11
1.6364e-11,5.7771e-12,1.463e-11
1.7616e-11,6.6809e-12,1.6098e-11
1.513e-11,7.6971e-12,1.8034e-11
1.904e-11,1.0517e-11,1.8918e-11
1.4038e-11,7.6704e-12,1.7466e-11
1.537e-11,9.157e-12,1.9166e-11
3.6192e-11,2.9302e-11,4.4773e-11
1.6633e-11,4.85e-12,1.5362e-11
2.3765e-11,1.582e-11,2.6094e-11
1.7036e-11,6.5246e-12,1.9114e-11
1.7782e-11,1.0638e-11,1.7387e-11
2.0028e-11,3.9106e-12,1.9883e-11
2.6069e-11,9.4995e-12,2.8566e-11
2.0886e-11,6.8112e-12,2.0355e-11
2.5797e-11,9.0932e-12,2.8966e-11
5.4997e-11,3.1384e-11,4.9933e-11
5.2637e-11,2.6227e-11,4.846e-11
3.2176e-11,1.3528e-11,2.976e-11
2.2891e-11,7.9594e-12,2.5631e-11
2.6495e-11,8.4365e-12,2.9159e-11
2.9206e-11,6.9553e-12,2.8747e-11
3.539e-11,1.3543e-11,3.3193e-11
3.2432e-11,1.1336e-11,3.5758e-11
3.7405e-11,1.0726e-11,3.3719e-11
3.0406e-11,7.3722e-12,3.31e-11
4.1372e-11,1.5506e-11,3.8352e-11
3.6924e-11,6.2229e-12,3.5468e-11
8.1927e-12,1.9095e-11,2.1793e-11
7.5053e-12,1.6595e-11,1.9739e-11
9.2255e-12,1.3983e-11,1.6491e-11
8.8571e-12,1.5092e-11,1.5993e-11
9.154e-12,1.2348e-11,1.197e-11
7.2072e-12,3.6296e-11,3.2252e-11
2.1048e-11,3.1502e-11,2.9816e-11
8.4691e-12,1.3483e-11,1.4377e-11
1.1263e-11,1.0872e-11,1.4072e-11
8.6231e-12,1.3875e-11,1.3618e-11
1.031e-11,1.3893e-11,1.3571e-11
1.2105e-11,1.4201e-11,1.666e-11
1.106e-11,1.1968e-11,1.3904e-11
1.4138e-11,2.7664e-11,2.7954e-11
1.6998e-11,5.9944e-11,5.398e-11
2.4184e-11,2.9259e-11,3.0225e-11
1.5638e-11,1.1316e-11,2.0187e-11
1.4441e-11,5.7442e-12,1.514e-11
2.6036e-11,3.6879e-11,5.0053e-11
1.3139e-11,8.2173e-12,1.6233e-11
1.5507e-11,1.0254e-11,1.5087e-11
1.6177e-11,5.6732e-12,1.5602e-11
1.4984e-11,7.3659e-12,1.7716e-11
2.0234e-11,1.4302e-11,2.3483e-11
4.6692e-11,3.913e-11,6.0956e-11
3.3638e-11,2.4924e-11,4.1465e-11
1.8154e-11,4.0792e-12,1.6689e-11
1.6346e-11,6.7772e-12,1.9146e-11
1.7607e-11,6.6723e-12,2.0475e-11
2.1503e-11,8.3003e-12,2.3833e-11
1.9317e-11,7.2075e-12,2.2631e-11
1.872e-11,7.2686e-12,2.2313e-11
2.2155e-11,8.4549e-12,2.5886e-11
1.8486e-11,8.3254e-12,2.2768e-11
2.594e-11,8.9058e-12,2.7949e-11
3.986e-11,2.1859e-11,4.1369e-11
3.7916e-11,1.6251e-11,3.7807e-11
4.028e-11,1.2164e-11,4.1873e-11
2.8622e-11,6.6162e-12,2.8875e-11
3.4635e-11,1.1255e-11,3.7811e-11
3.2793e-11,1.1687e-11,3.5826e-11
4.1911e-11,1.2981e-11,3.8809e-11
3.3809e-11,7.7167e-12,3.7888e-11
3.8723e-11,5.3433e-12,4.1842e-11
5.8884e-12,2.2363e-11,2.3967e-11
8.9651e-12,1.3179e-11,1.5327e-11
6.8597e-12,3.8263e-11,3.763e-11
9.7409e-12,1.2621e-11,1.6562e-11
1.1854e-11,1.8579e-11,2.0524e-11
9.2157e-12,1.201e-11,1.6292e-11
1.5894e-11,2.511e-11,2.5393e-11
8.1031e-12,5.0808e-11,4.5954e-11
1.0123e-11,1.5955e-11,1.9504e-11
1.3558e-11,1.7977e-11,2.3144e-11
2.2818e-11,3.7826e-11,3.4119e-11
1.5182e-11,1.9169e-11,2.4658e-11
6.5925e-12,1.2647e-11,1.4435e-11
8.193e-12,1.2912e-11,1.3834e-11
3.1171e-11,4.5342e-11,4.4091e-11
8.755e-12,1.0738e-11,1.3575e-11
3.5603e-11,5.1302e-11,4.9629e-11
1.1005e-11,1.3176e-11,1.6066e-11
1.4537e-11,4.4465e-11,4.7433e-11
1.4352e-11,7.8689e-12,1.4028e-11
1.2144e-11,1.7721e-11,2.6382e-11
1.089e-11,7.3533e-12,1.3324e-11
1.4783e-11,1.15e-11,1.5682e-11
1.2831e-11,1.211e-11,1.4528e-11
1.2703e-11,1.0164e-11,1.5284e-11
1.3539e-11,8.4484e-12,1.481e-11
2.0411e-11,1.6758e-11,2.3947e-11
1.3534e-11,8.1737e-12,1.5986e-11
2.1654e-11,1.9088e-11,2.6754e-11
1.4001e-11,5.3775e-12,1.5019e-11
4.8626e-11,5.026e-11,6.7885e-11
2.7819e-11,2.2676e-11,3.4972e-11
1.5666e-11,4.169e-12,1.602e-11
2.3172e-11,1.4444e-11,2.5713e-11
1.8747e-11,9.5595e-12,1.7933e-11
1.7139e-11,3.9408e-12,1.5766e-11
2.5136e-11,1.2948e-11,2.5011e-11
2.4276e-11,1.2324e-11,2.6811e-11
3.7824e-11,2.3502e-11,3.5679e-11
2.7214e-11,1.2694e-11,2.7096e-11
5.141e-11,3.1662e-11,4.6742e-11
3.2017e-11,1.5888e-11,3.1546e-11
1.941e-11,7.9953e-12,2.3366e-11
2.4415e-11,7.1964e-12,2.0801e-11
2.4629e-11,9.1042e-12,2.8295e-11
5.08e-11,2.661e-11,4.7823e-11
5.6192e-11,3.1659e-11,5.0877e-11
2.4609e-11,6.2544e-12,2.3837e-11
2.7798e-11,5.0969e-12,2.4054e-11
3.0824e-11,6.6748e-12,2.7403e-11
2.619e-11,7.3271e-12,2.879e-11
3.6378e-11,1.2184e-11,3.839e-11
4.2024e-11,1.2069e-11,3.8653e-11
4.2792e-11,5.0126e-12,4.528e-11
2.4058e-11,2.884e-11,1.797e-11
5.2164e-12,1.8861e-11,2.1524e-11
5.1667e-12,3.1095e-11,3.3398e-11
4.8415e-12,1.2844e-11,1.3933e-11
1.211e-11,1.2136e-11,1.4713e-11
7.3679e-12,1.3952e-11,1.5049e-11
1.685e-11,2.0891e-11,2.8258e-11
2.3379e-11,3.4947e-11,3.2547e-11
1.3009e-11,1.6593e-11,1.7456e-11
1.0925e-11,1.3601e-11,1.4746e-11
9.2538e-12,1.3521e-11,1.2553e-11
1.1471e-11,1.677e-11,1.9976e-11
1.2594e-11,5.437e-11,4.6994e-11
3.2367e-11,5.3892e-11,4.6722e-11
1.1022e-11,1.3913e-11,1.6153e-11
2.2654e-11,3.2904e-11,3.1614e-11
9.9184e-12,1.3636e-11,1.794e-11
3.0569e-11,4.0626e-11,4.1266e-11
1.674e-11,3.0864e-11,3.4541e-11
1.1965e-11,8.1898e-12,1.4263e-11
3.6981e-11,4.2257e-11,4.5558e-11
1.7954e-11,1.7431e-11,2.2031e-11
1.3033e-11,7.4112e-12,1.5066e-11
1.7484e-11,1.6829e-11,2.2117e-11
1.2284e-11,6.4589e-12,1.5847e-11
1.1567e-11,6.7038e-12,1.5448e-11
1.8658e-11,1.2657e-11,2.1791e-11
1.8238e-11,6.2977e-12,1.6614e-11
1.8716e-11,6.0763e-12,1.7335e-11
3.2979e-11,2.2711e-11,3.4302e-11
2.0349e-11,1.0099e-11,1.9349e-11
2.8834e-11,2.0647e-11,3.4729e-11
4.3636e-11,3.7052e-11,5.2519e-11
1.705e-11,6.491e-12,1.9852e-11
3.6239e-11,2.4558e-11,4.0915e-11
3.0756e-11,1.5128e-11,3.0528e-11
2.7889e-11,1.0236e-11,3.0844e-11
3.5911e-11,1.5714e-11,3.5294e-11
4.6753e-11,1.8246e-11,4.4926e-11
3.7412e-11,1.3858e-11,3.5608e-11
2.8559e-11,3.5486e-12,2.5436e-11
3.0256e-11,1.0342e-11,3.3491e-11
3.6968e-11,1.4335e-11,3.506e-11
3.7179e-11,1.1841e-11,3.9274e-11
3.0087e-11,7.6413e-12,3.229e-11
3.1296e-11,6.3863e-12,3.0243e-11
3.9357e-11,1.3186e-11,4.1487e-11
3.9107e-11,5.0525e-12,3.7175e-11
3.7634e-11,4.0828e-12,3.6254e-11
3.9915e-11,5.3297e-12,3.9528e-11
3.9253e-11,6.4102e-12,4.0249e-11
1.4415e-11,1.5232e-11,1.9765e-11
7.4728e-12,3.9469e-11,3.9474e-11
1.2488e-11,1.4193e-11,1.5326e-11
1.4448e-11,2.1069e-11,2.4686e-11
1.4477e-11,1.1625e-11,1.1714e-11
1.0581e-11,1.0423e-11,1.2598e-11
5.9407e-12,1.3205e-11,1.3224e-11
1.0922e-11,1.6416e-11,1.8496e-11
7.546e-12,1.3614e-11,1.4958e-11
2.9161e-11,5.0287e-11,4.4009e-11
2.7416e-11,3.6769e-11,3.7262e-11
3.6939e-11,4.7523e-11,5.1163e-11
3.5801e-11,4.5893e-11,4.9479e-11
1.7417e-11,5.0802e-11,5.1646e-11
9.634e-12,9.0741e-12,1.3337e-11
1.3891e-11,6.2288e-12,1.3015e-11
1.2936e-11,9.4017e-12,1.6518e-11
3.6042e-11,3.955e-11,4.2615e-11
1.3483e-11,7.6087e-12,1.351e-11
1.5338e-11,1.3009e-11,1.9836e-11
3.3951e-11,3.4929e-11,3.966e-11
1.2431e-11,6.7279e-12,1.5799e-11
1.5975e-11,8.8851e-12,1.4098e-11
2.7502e-11,2.1909e-11,3.4477e-11
1.5568e-11,7.2416e-12,1.4623e-11
4.2934e-11,3.6267e-11,5.459e-11
2.6101e-11,1.6018e-11,2.8018e-11
1.5369e-11,5.9295e-12,1.6544e-11
1.635e-11,6.3819e-12,1.9614e-11
2.1806e-11,6.0728e-12,2.0349e-11
2.1852e-11,5.2409e-12,2.3027e-11
2.1351e-11,5.1967e-12,2.2564e-11
3.0915e-11,1.1643e-11,3.3104e-11
2.9219e-11,1.2009e-11,2.5099e-11
3.804e-11,1.8785e-11,3.7742e-11
4.1861e-11,2.3276e-11,4.3206e-11
3.1845e-11,1.3267e-11,3.0753e-11
2.7848e-11,5.0197e-12,2.6226e-11
4.1442e-11,1.5381e-11,4.4487e-11
4.439e-11,1.7791e-11,4.5642e-11
2.9088e-11,7.8246e-12,3.0543e-11
3.7604e-11,1.1237e-11,3.3161e-11
3.8937e-11,1.2096e-11,3.5232e-11
3.0445e-11,2.9186e-12,3.0754e-11
3.7599e-11,8.0678e-12,4.077e-11
4.0781e-11,4.6858e-12,4.0286e-11
1.0322e-11,1.3284e-11,1.4681e-11
1.2623e-11,1.397e-11,1.7024e-11
2.2894e-11,2.0758e-11,3.4015e-11
1.4807e-11,1.5166e-11,1.5548e-11
1.4492e-11,1.5491e-11,1.5478e-11
1.5246e-11,1.5651e-11,1.7474e-11
1.1212e-11,1.4034e-11,1.5721e-11
1.0453e-11,4.4866e-11,3.9495e-11
2.555e-11,4.2267e-11,3.9021e-11
1.8311e-11,2.7713e-11,2.7661e-11
9.8675e-12,1.6377e-11,1.603e-11
9.5314e-12,1.7704e-11,2.2986e-11
8.8495e-12,1.0528e-11,1.2997e-11
1.0906e-11,1.6169e-11,1.766e-11
3.666e-11,4.4819e-11,4.7541e-11
1.4401e-11,1.0713e-11,2.0668e-11
1.7568e-11,1.7177e-11,2.0226e-11
2.7575e-11,5.0556e-11,5.5183e-11
1.3786e-11,1.2515e-11,1.5399e-11
1.8583e-11,1.6814e-11,2.111e-11
1.4997e-11,1.5549e-11,1.6982e-11
1.4912e-11,6.1669e-12,1.5383e-11
4.7446e-11,4.3153e-11,6.3726e-11
1.6387e-11,6.6211e-12,1.5369e-11
2.9597e-11,2.1319e-11,3.5292e-11
1.7671e-11,8.5874e-12,2.1109e-11
2.7027e-11,1.611e-11,2.9059e-11
2.1333e-11,5.4239e-12,2.2014e-11
2.9551e-11,1.1925e-11,2.7503e-11
2.5858e-11,7.1299e-12,2.1752e-11
4.2623e-11,2.2928e-11,4.3283e-11
3.4646e-11,1.7142e-11,3.4377e-11
2.8659e-11,1.3456e-11,3.2638e-11
2.5665e-11,3.6433e-12,2.4156e-11
2.6548e-11,3.4871e-12,2.5035e-11
3.3284e-11,1.299e-11,3.1417e-11
4.364e-11,1.6728e-11,4.7e-11
2.9938e-11,4.4692e-12,3.0378e-11
3.7603e-11,8.7244e-12,4.0171e-11
1.172e-11,1.4957e-11,1.8547e-11
7.1888e-12,1.2738e-11,1.5155e-11
7.3923e-12,1.5773e-11,1.7169e-11
1.0152e-11,9.0451e-12,1.3565e-11
2.0143e-11,2.4707e-11,2.5673e-11
1.8645e-11,2.4571e-11,2.8426e-11
1.1215e-11,1.5549e-11,1.9164e-11
6.7642e-12,1.6193e-11,1.6917e-11
7.7773e-12,1.3414e-11,1.1329e-11
5.0811e-12,1.6211e-11,1.7158e-11
1.7161e-11,2.1963e-11,2.6956e-11
7.1927e-12,2.9e-11,2.5979e-11
8.9293e-12,1.5621e-11,1.4247e-11
1.0777e-11,1.2645e-11,1.4474e-11
8.8503e-12,3.0765e-11,2.6737e-11
9.7278e-12,1.5025e-11,1.5776e-11
8.7342e-12,3.7585e-11,3.2465e-11
2.148e-11,3.1411e-11,3.0368e-11
7.8639e-12,1.5182e-11,1.5921e-11
1.6322e-11,4.7e-11,4.8093e-11
1.1528e-11,1.1457e-11,1.3024e-11
1.0652e-11,9.8959e-12,1.3541e-11
1.6158e-11,3.905e-11,4.7277e-11
3.4563e-11,4.0633e-11,4.3136e-11
1.8829e-11,1.9591e-11,2.3334e-11
1.2696e-11,8.3412e-12,1.3586e-11
1.6397e-11,7.5603e-12,1.5727e-11
2.5049e-11,2.5655e-11,3.7893e-11
1.5389e-11,4.254e-12,1.4333e-11
2.0924e-11,1.2982e-11,2.2418e-11
2.0436e-11,1.2485e-11,2.1737e-11
1.7577e-11,5.2001e-12,1.6229e-11
3.1892e-11,2.5759e-11,3.8801e-11
2.4097e-11,1.5407e-11,2.6135e-11
1.5369e-11,6.8313e-12,1.8912e-11
2.7114e-11,1.689e-11,3.072e-11
1.8548e-11,4.9752e-12,1.7986e-11
1.6877e-11,1.1796e-11,1.8058e-11
2.8237e-11,1.6389e-11,3.0942e-11
3.9257e-11,2.6709e-11,4.6352e-11
3.8439e-11,2.386e-11,4.2573e-11
3.8228e-11,2.2171e-11,4.0562e-11
2.625e-11,9.539e-12,2.5789e-11
2.4536e-11,9.4817e-12,2.7245e-11
2.2573e-11,5.6882e-12,2.2528e-11
3.1508e-11,7.5347e-12,2.7126e-11
3.3308e-11,1.4596e-11,3.1145e-11
3.1762e-11,3.8452e-12,3.1983e-11
1.3343e-11,1.4364e-11,1.5361e-11
7.0734e-12,1.3704e-11,1.1597e-11
2.2845e-11,1.8801e-11,3.272e-11
1.1903e-11,1.3081e-11,1.4313e-11
1.2645e-11,1.3011e-11,1.2417e-11
6.3506e-12,1.3509e-11,1.5035e-11
1.1481e-11,4.5666e-11,4.3862e-11
1.2198e-11,1.9186e-11,2.1068e-11
8.5963e-12,1.6962e-11,1.0784e-11
1.361e-11,1.8741e-11,2.2285e-11
8.2613e-12,4.6323e-11,4.0906e-11
2.25e-11,3.2786e-11,3.2703e-11
6.1514e-12,1.5726e-11,1.4567e-11
7.1115e-12,2.3736e-11,2.3359e-11
1.4231e-11,1.78e-11,2.0868e-11
8.0272e-12,5.5312e-11,4.7997e-11
1.049e-11,1.2712e-11,1.4642e-11
6.1103e-12,2.5251e-11,2.3147e-11
9.5367e-12,1.4362e-11,1.6745e-11
1.1786e-11,1.043e-11,1.195e-11
6.2992e-12,2.1809e-11,2.2074e-11
1.7947e-11,2.7849e-11,2.7443e-11
1.0551e-11,2.7991e-11,3.0359e-11
3.4808e-11,4.6117e-11,4.5666e-11
3.1274e-11,4.1931e-11,4.1549e-11
1.204e-11,9.3394e-12,1.4481e-11
3.2863e-11,3.4685e-11,3.9005e-11
2.5729e-11,2.5765e-11,3.0825e-11
1.4271e-11,1.2143e-11,1.7331e-11
1.5959e-11,5.9459e-12,1.5941e-11
1.6646e-11,7.0251e-12,1.4564e-11
1.6449e-11,7.7513e-12,1.6053e-11
1.602e-11,1.0627e-11,1.695e-11
2.5455e-11,1.5459e-11,2.6689e-11
2.0379e-11,6.2432e-12,2.0343e-11
1.9107e-11,8.5507e-12,2.1078e-11
3.5728e-11,2.0849e-11,3.8589e-11
2.4775e-11,9.3298e-12,2.1619e-11
2.6953e-11,7.5112e-12,2.2932e-11
2.8696e-11,6.5774e-12,2.4174e-11
2.8032e-11,8.3094e-12,2.9107e-11
3.0928e-11,5.9531e-12,2.8389e-11
3.3757e-11,9.4962e-12,3.4422e-11
4.1529e-11,1.4016e-11,4.296e-11
3.5411e-11,7.8133e-12,3.8261e-11
7.6056e-12,1.8446e-11,2.0493e-11
1.5518e-11,1.5331e-11,1.6575e-11
7.4975e-12,1.2985e-11,1.3165e-11
1.2369e-11,1.6204e-11,2.3641e-11
1.2892e-11,1.2516e-11,1.3896e-11
1.4248e-11,1.5352e-11,2.321e-11
4.7978e-12,1.413e-11,1.239e-11
6.0858e-12,1.45e-11,1.2059e-11
1.9577e-11,2.3991e-11,2.7262e-11
1.2255e-11,1.6054e-11,1.6986e-11
1.1186e-11,3.4033e-11,3.0497e-11
6.4217e-12,1.4701e-11,1.5903e-11
3.0507e-11,4.7052e-11,4.4182e-11
7.9046e-12,1.5725e-11,1.624e-11
3.4169e-11,4.54e-11,4.49e-11
1.2655e-11,3.966e-11,4.2777e-11
2.2046e-11,2.8777e-11,2.9045e-11
1.1956e-11,1.02e-11,1.4262e-11
1.0853e-11,8.2787e-12,1.3578e-11
2.3721e-11,2.5018e-11,2.7621e-11
1.2657e-11,8.8199e-12,1.5075e-11
3.2775e-11,3.3533e-11,3.8508e-11
1.1863e-11,1.0353e-11,1.5366e-11
1.3084e-11,1.0778e-11,1.5179e-11
1.4742e-11,9.7391e-12,1.535e-11
1.8314e-11,1.2398e-11,1.8888e-11
1.2808e-11,1.0484e-11,1.7386e-11
1.625e-11,1.2653e-11,1.9759e-11
1.7574e-11,6.9404e-12,1.559e-11
2.7847e-11,1.8126e-11,3.2274e-11
2.7628e-11,1.6608e-11,3.0069e-11
2.5364e-11,9.9594e-12,2.4211e-11
4.2649e-11,2.2023e-11,4.3813e-11
4.0182e-11,1.3161e-11,4.1539e-11
3.6522e-11,6.8233e-12,3.4242e-11
4.2063e-11,5.9185e-12,3.8021e-11
4.3581e-11,9.9591e-12,4.5906e-11
4.379e-11,8.3925e-12,4.5493e-11
1.2375e-11,1.8361e-11,1.3842e-11
1.3111e-11,1.1033e-11,1.0005e-11
4.9382e-12,1.6625e-11,1.8131e-11
1.1214e-11,1.3283e-11,1.4812e-11
3.646e-12,2.2133e-11,2.405e-11
1.0624e-11,1.2491e-11,1.3021e-11
1.5597e-11,1.3655e-11,1.7525e-11
6.8352e-12,1.4882e-11,1.6629e-11
4.9111e-12,4.2812e-11,4.1181e-11
4.4153e-12,3.7138e-11,3.5988e-11
1.3765e-11,1.9613e-11,2.3562e-11
5.4586e-12,1.3489e-11,1.4107e-11
1.4603e-11,1.8791e-11,2.0907e-11
6.3891e-12,1.7789e-11,1.6099e-11
5.7902e-12,4.0738e-11,3.6391e-11
9.7148e-12,1.2181e-11,1.4892e-11
9.1672e-12,4.7352e-11,4.157e-11
1.2242e-11,1.936e-11,1.8968e-11
1.1484e-11,5.2052e-11,4.7738e-11
1.2381e-11,1.5596e-11,1.7403e-11
3.9382e-11,5.3233e-11,5.2842e-11
1.3081e-11,1.2957e-11,1.3767e-11
2.2967e-11,3.0213e-11,3.0671e-11
1.881e-11,2.9346e-11,2.737e-11
1.3354e-11,1.9119e-11,2.1908e-11
2.3521e-11,2.9877e-11,3.0059e-11
1.5739e-11,1.8141e-11,1.999e-11
3.399e-11,3.5995e-11,3.9827e-11
1.1058e-11,7.3391e-12,1.3461e-11
1.1953e-11,1.0713e-11,1.4679e-11
1.4633e-11,1.1825e-11,1.7302e-11
2.6302e-11,4.969e-11,5.459e-11
1.36e-11,1.0951e-11,1.6606e-11
1.208e-11,6.6779e-12,1.4452e-11
1.2948e-11,6.9114e-12,1.5316e-11
2.1401e-11,2.2625e-11,2.9055e-11
1.4739e-11,9.3435e-12,1.541e-11
2.0216e-11,1.814e-11,2.7363e-11
2.8343e-11,2.7043e-11,3.2556e-11
1.7963e-11,9.9953e-12,1.7135e-11
1.7202e-11,1.0936e-11,1.7345e-11
1.755e-11,1.4977e-11,2.1547e-11
3.6073e-11,2.9365e-11,4.3406e-11
1.7647e-11,5.6193e-12,1.8362e-11
1.7423e-11,4.8191e-12,1.7678e-11
3.7117e-11,2.894e-11,4.3239e-11
2.1552e-11,7.0031e-12,1.8712e-11
1.8208e-11,6.4904e-12,1.9645e-11
1.7554e-11,8.3761e-12,1.7818e-11
2.3011e-11,3.6359e-12,2.047e-11
3.7206e-11,1.8009e-11,3.9336e-11
3.0115e-11,1.2828e-11,3.3642e-11
4.0129e-11,1.19e-11,3.9059e-11
1.053e-11,1.729e-11,1.8582e-11
6.622e-12,1.6756e-11,1.2702e-11
1.0273e-11,1.1625e-11,1.461e-11
1.7921e-11,1.8445e-11,2.5043e-11
6.2787e-12,1.3342e-11,1.2582e-11
1.3051e-11,1.2604e-11,1.3461e-11
1.2863e-11,1.4505e-11,1.5763e-11
2.8932e-11,4.7424e-11,4.3231e-11
5.0517e-12,2.5936e-11,2.456e-11
1.8162e-11,1.4019e-11,1.4216e-11
4.34e-12,2.5414e-11,2.382e-11
2.0428e-11,3.3862e-11,3.1623e-11
7.013e-12,1.6393e-11,1.1241e-11
9.1502e-12,4.1782e-11,3.9043e-11
2.0017e-11,2.9958e-11,2.9694e-11
7.8541e-12,1.8999e-11,1.4696e-11
1.6269e-11,5.0137e-11,5.0596e-11
1.531e-11,1.818e-11,1.8082e-11
1.4191e-11,1.7102e-11,1.7474e-11
1.1723e-11,1.0925e-11,1.4323e-11
2.6866e-11,2.8259e-11,2.9742e-11
1.4049e-11,1.207e-11,1.6641e-11
1.3006e-11,8.9705e-12,1.3626e-11
1.1109e-11,1.159e-11,1.4619e-11
1.1329e-11,9.26e-12,1.5112e-11
1.9578e-11,1.8053e-11,2.1154e-11
2.1177e-11,2.2429e-11,2.861e-11
2.565e-11,2.1543e-11,2.762e-11
1.7015e-11,1.2819e-11,2.3519e-11
1.8701e-11,1.2682e-11,1.9211e-11
1.7137e-11,1.2978e-11,2.2414e-11
1.8279e-11,9.7545e-12,1.776e-11
1.81e-11,1.0219e-11,1.779e-11
1.4511e-11,9.0508e-12,1.7904e-11
1.7291e-11,9.167e-12,1.6481e-11
3.8079e-11,3.3279e-11,4.6896e-11
1.8366e-11,1.0193e-11,2.2151e-11
3.8889e-11,2.9477e-11,4.7967e-11
1.8599e-11,8.9444e-12,2.1754e-11
3.1997e-11,2.3108e-11,3.2253e-11
1.7454e-11,6.7719e-12,1.9034e-11
1.6724e-11,8.6574e-12,2.1661e-11
1.9528e-11,9.4507e-12,2.4551e-11
2.0561e-11,9.8963e-12,2.4718e-11
1.8063e-11,5.2814e-12,1.7153e-11
1.8835e-11,7.8333e-12,2.1678e-11
2.1136e-11,8.9298e-12,2.3755e-11
2.1162e-11,5.4903e-12,2.0595e-11
2.2526e-11,8.5291e-12,2.7285e-11
3.1271e-11,1.4809e-11,3.1696e-11
4.4824e-11,2.2931e-11,4.9093e-11
3.1329e-11,6.0038e-12,2.9323e-11
2.9767e-11,6.7533e-12,2.6746e-11
3.084e-11,1.1362e-11,3.2836e-11
4.0246e-11,1.818e-11,3.8781e-11
4.142e-11,1.4221e-11,4.2222e-11
2.8393e-11,7.5062e-12,2.9136e-11
3.988e-11,1.2901e-11,4.2223e-11
3.4972e-11,5.3781e-12,3.3871e-11
4.342e-11,1.4027e-11,4.4229e-11
3.9024e-11,1.2972e-11,4.0555e-11
4.4291e-11,5.5334e-12,4.049e-11
4.198e-11,5.0098e-12,4.1512e-11
4.2602e-11,7.6724e-12,4.2832e-11
1.3847e-11,1.5857e-11,1.1764e-11
1.068e-11,1.2634e-11,1.3039e-11
1.0489e-11,1.0006e-11,9.9326e-12
1.3866e-11,1.8786e-11,2.0271e-11
5.2409e-12,1.2791e-11,1.1119e-11
4.6242e-12,1.4217e-11,1.272e-11
2.4854e-11,3.9381e-11,3.6666e-11
4.8987e-12,1.4275e-11,1.4064e-11
1.1176e-11,1.5253e-11,1.7975e-11
1.062e-11,1.2867e-11,1.6248e-11
1.068e-11,1.5221e-11,1.2597e-11
8.438e-12,1.3143e-11,1.3734e-11
3.5883e-11,5.8337e-11,5.009e-11
1.2862e-11,1.1013e-11,1.1395e-11
2.7189e-11,4.3636e-11,3.7712e-11
1.1256e-11,1.548e-11,1.6791e-11
3.7565e-11,4.9588e-11,4.8844e-11
1.4169e-11,1.4871e-11,1.7132e-11
1.4833e-11,2.799e-11,2.6755e-11
2.0382e-11,3.3018e-11,4.2518e-11
1.439e-11,1.7132e-11,1.804e-11
1.482e-11,1.4046e-11,1.716e-11
1.4163e-11,7.43e-12,1.4984e-11
2.2584e-11,1.8623e-11,2.5781e-11
1.7322e-11,8.2444e-12,1.4985e-11
1.6869e-11,5.3014e-12,1.6589e-11
3.804e-11,2.5912e-11,3.8114e-11
2.0469e-11,1.1349e-11,2.0581e-11
2.2823e-11,1.062e-11,2.1287e-11
2.0045e-11,5.6401e-12,1.8616e-11
2.0191e-11,5.3356e-12,1.9296e-11
2.0865e-11,6.9325e-12,2.0903e-11
3.2937e-11,1.5515e-11,3.5868e-11
2.1199e-11,8.0123e-12,2.1995e-11
2.7483e-11,1.2011e-11,3.2997e-11
3.7679e-11,2.1002e-11,3.9801e-11
3.1099e-11,1.4658e-11,3.1627e-11
3.5081e-11,1.6896e-11,3.554e-11
2.6874e-11,4.6863e-12,2.4878e-11
2.6456e-11,9.3425e-12,3.0463e-11
2.7642e-11,1.131e-11,3.0943e-11
3.8706e-11,1.1952e-11,3.9699e-11
3.5071e-11,1.2711e-11,3.7184e-11
3.8607e-11,1.1837e-11,3.7888e-11
1.1106e-11,1.1331e-11,1.3443e-11
1.0739e-11,1.8338e-11,1.6095e-11
1.2335e-11,1.1894e-11,1.1629e-11
1.057e-11,1.7254e-11,1.393e-11
6.7325e-12,1.4136e-11,1.3437e-11
1.448e-11,1.6045e-11,1.8843e-11
5.3335e-12,1.3603e-11,1.2093e-11
2.0081e-11,1.9048e-11,2.4149e-11
9.6333e-12,1.1511e-11,1.1733e-11
1.6324e-11,1.6199e-11,1.7204e-11
9.5965e-12,1.2287e-11,1.2544e-11
2.7627e-11,4.419e-11,3.8166e-11
1.0362e-11,1.3576e-11,1.394e-11
1.2104e-11,1.3027e-11,2.0928e-11
3.3556e-11,4.0873e-11,4.1115e-11
1.2064e-11,1.4441e-11,1.5615e-11
1.2882e-11,2.1611e-11,2.2121e-11
2.4662e-11,2.6622e-11,2.7505e-11
1.6602e-11,1.6077e-11,2.0314e-11
2.4778e-11,4.9231e-11,5.4304e-11
1.2821e-11,9.6404e-12,1.5614e-11
1.4317e-11,1.0522e-11,1.4914e-11
1.3427e-11,8.7979e-12,1.5179e-11
2.0747e-11,3.0992e-11,3.8632e-11
1.5199e-11,5.4431e-12,1.4473e-11
1.4673e-11,4.9944e-12,1.3956e-11
1.352e-11,1.1359e-11,1.5916e-11
2.1932e-11,2.4629e-11,3.3911e-11
1.8637e-11,1.7899e-11,2.5579e-11
1.8076e-11,9.3994e-12,1.6778e-11
1.7904e-11,8.7645e-12,1.4375e-11
1.658e-11,7.7394e-12,1.7388e-11
2.2211e-11,1.6006e-11,2.624e-11
2.7818e-11,2.1162e-11,3.2998e-11
2.1934e-11,1.0861e-11,2.0948e-11
1.6928e-11,1.0351e-11,2.0931e-11
2.7188e-11,1.7605e-11,3.1198e-11
3.0274e-11,1.8545e-11,3.396e-11
3.4057e-11,2.0267e-11,3.6775e-11
4.1419e-11,2.7952e-11,5.0558e-11
3.0525e-11,1.6555e-11,3.1076e-11
2.0084e-11,1.013e-11,2.0669e-11
2.126e-11,9.746e-12,2.6648e-11
2.8782e-11,1.312e-11,2.7982e-11
2.2136e-11,8.1003e-12,2.6478e-11
2.1579e-11,9.1005e-12,2.3448e-11
2.3544e-11,6.1051e-12,2.2253e-11
4.06e-11,2.108e-11,4.3154e-11
2.5682e-11,1.0771e-11,2.7058e-11
3.5573e-11,1.1606e-11,3.7974e-11
4.6715e-11,2.0795e-11,5.3591e-11
3.1972e-11,5.9257e-12,2.9284e-11
3.1101e-11,8.0212e-12,3.004e-11
3.8392e-11,8.9211e-12,3.4902e-11
3.7091e-11,1.2093e-11,3.9976e-11
3.152e-11,1.0149e-11,3.0569e-11
4.5221e-11,7.4655e-12,4.3782e-11
8.6928e-12,2.2814e-11,2.3869e-11
4.0805e-12,1.9064e-11,2.0195e-11
1.1887e-11,1.5212e-11,1.9247e-11
1.1014e-11,1.0981e-11,1.1285e-11
1.7077e-11,2.1521e-11,2.6337e-11
5.3262e-12,1.661e-11,1.3211e-11
1.0895e-11,1.3822e-11,1.3282e-11
2.0744e-11,2.9993e-11,3.1057e-11
1.8808e-11,2.6027e-11,2.9039e-11
1.5668e-11,1.3497e-11,1.1919e-11
8.6015e-12,1.8729e-11,1.5099e-11
1.4411e-11,3.5756e-11,3.6098e-11
2.2207e-11,2.9701e-11,2.9714e-11
2.9196e-11,4.2974e-11,3.9596e-11
1.5671e-11,2.0159e-11,2.4937e-11
1.4047e-11,8.541e-12,1.4665e-11
1.2489e-11,9.22e-12,1.5385e-11
3.09e-11,2.7251e-11,3.5779e-11
1.5873e-11,1.1464e-11,1.47e-11
2.4793e-11,1.8654e-11,2.8691e-11
1.5048e-11,8.6378e-12,1.5777e-11
1.7501e-11,5.5778e-12,1.6563e-11
1.7691e-11,6.0518e-12,1.603e-11
1.6618e-11,9.4648e-12,1.9206e-11
2.289e-11,1.3272e-11,2.1555e-11
1.657e-11,1.022e-11,2.0701e-11
2.7144e-11,1.6635e-11,2.9726e-11
3.1836e-11,1.9676e-11,3.5794e-11
1.9395e-11,1.0126e-11,2.3051e-11
3.9197e-11,2.2837e-11,4.0965e-11
3.8869e-11,2.4312e-11,4.3726e-11
2.1072e-11,9.9161e-12,2.2161e-11
2.5116e-11,9.7971e-12,2.8359e-11
2.6347e-11,9.8725e-12,2.4996e-11
3.4519e-11,1.6641e-11,3.5502e-11
2.2913e-11,6.1893e-12,2.0957e-11
2.5427e-11,9.1009e-12,2.8877e-11
3.8031e-11,1.9519e-11,4.1494e-11
4.5421e-11,2.1585e-11,5.2262e-11
3.1357e-11,8.5121e-12,2.9171e-11
3.7648e-11,1.2505e-11,4.0129e-11
4.3929e-11,1.8034e-11,4.9803e-11
3.1545e-11,1.0862e-11,3.1792e-11
3.8972e-11,1.2636e-11,4.0636e-11
3.2438e-11,8.9691e-12,3.1953e-11
1.5518e-11,1.5875e-11,1.8254e-11
1.3476e-11,1.5657e-11,1.4747e-11
1.1542e-11,1.7844e-11,1.3819e-11
7.5042e-12,1.4603e-11,1.4796e-11
5.6381e-12,3.1276e-11,3.4672e-11
6.6101e-12,1.598e-11,1.3564e-11
1.5743e-11,1.7508e-11,1.1597e-11
4.0388e-12,1.6278e-11,1.3511e-11
1.7952e-11,1.8378e-11,1.902e-11
2.0106e-11,2.896e-11,3.0676e-11
7.8086e-12,2.6472e-11,2.5259e-11
1.1542e-11,1.1741e-11,1.3502e-11
1.3987e-11,1.2183e-11,1.2436e-11
1.3291e-11,2.8979e-11,3.2551e-11
2.2796e-11,3.7497e-11,4.2496e-11
1.6757e-11,1.6373e-11,1.9746e-11
1.412e-11,1.0084e-11,1.32e-11
1.1765e-11,9.7356e-12,1.429e-11
1.1832e-11,1.0982e-11,1.5322e-11
3.564e-11,3.8465e-11,4.0397e-11
1.15e-11,1.0785e-11,1.4519e-11
1.5791e-11,1.5255e-11,2.145e-11
2.5542e-11,2.311e-11,2.799e-11
2.0342e-11,2.808e-11,3.5225e-11
1.324e-11,7.8532e-12,1.5073e-11
4.223e-11,3.8432e-11,4.7605e-11
1.6572e-11,9.5407e-12,1.7221e-11
2.7851e-11,2.2263e-11,3.1854e-11
1.3406e-11,9.0733e-12,1.7114e-11
1.4278e-11,8.4412e-12,1.7952e-11
1.5887e-11,6.239e-12,1.5539e-11
3.0669e-11,2.6195e-11,4.1416e-11
1.8465e-11,6.4147e-12,1.7821e-11
1.6891e-11,5.7656e-12,1.5284e-11
1.7327e-11,6.1276e-12,1.6149e-11
1.7026e-11,7.2167e-12,1.7257e-11
3.793e-11,2.4605e-11,4.2822e-11
1.8388e-11,9.6095e-12,2.3609e-11
2.3693e-11,7.6013e-12,1.9451e-11
2.9046e-11,1.3262e-11,2.9368e-11
2.159e-11,5.7895e-12,1.9944e-11
3.5869e-11,1.9748e-11,3.6891e-11
3.8317e-11,1.9127e-11,4.4917e-11
2.359e-11,1.0749e-11,2.6339e-11
2.774e-11,1.043e-11,2.8873e-11
2.9427e-11,9.9425e-12,3.2268e-11
4.0639e-11,1.3461e-11,4.0446e-11
3.5925e-11,8.2788e-12,3.2181e-11
3.166e-11,7.0448e-12,2.9151e-11
4.0883e-11,1.133e-11,3.6999e-11
3.5348e-11,1.6636e-11,3.6902e-11
4.2424e-11,7.61e-12,3.7892e-11
3.9793e-11,7.7168e-12,3.7402e-11
3.8203e-11,1.3744e-11,3.7981e-11
4.7321e-11,1.5319e-11,4.5534e-11
1.4293e-11,1.7581e-11,1.046e-11
1.555e-11,1.6408e-11,1.9204e-11
1.5879e-11,1.5603e-11,1.7467e-11
7.3331e-12,1.3787e-11,1.4372e-11
1.9496e-11,2.0736e-11,2.8287e-11
1.7884e-11,1.6584e-11,1.4944e-11
5.7376e-12,1.4191e-11,1.3042e-11
2.2612e-11,1.4684e-11,1.4955e-11
1.4265e-11,1.4613e-11,1.6635e-11
1.1811e-11,1.7261e-11,1.6118e-11
2.4327e-11,3.5188e-11,3.7756e-11
1.186e-11,1.2053e-11,1.4563e-11
4.7122e-12,1.7046e-11,1.3094e-11
8.5223e-12,1.9054e-11,1.9098e-11
1.1843e-11,1.2065e-11,1.5164e-11
3.5877e-11,5.7474e-11,5.2298e-11
1.2922e-11,1.4524e-11,1.4757e-11
1.1365e-11,1.4032e-11,1.4388e-11
5.402e-12,2.6061e-11,2.3857e-11
1.4152e-11,2.046e-11,2.3894e-11
1.3311e-11,2.0468e-11,2.1366e-11
1.5625e-11,1.2867e-11,1.1367e-11
9.6152e-12,1.3809e-11,1.448e-11
3.9417e-11,4.1931e-11,4.466e-11
2.8598e-11,4.8154e-11,5.6118e-11
1.6375e-11,7.9349e-12,1.6596e-11
1.8791e-11,1.4567e-11,2.1076e-11
2.1973e-11,1.4607e-11,2.1981e-11
1.603e-11,1.1165e-11,1.7723e-11
1.5066e-11,1.0634e-11,1.9099e-11
1.7226e-11,5.4293e-12,1.5465e-11
3.6318e-11,2.9046e-11,4.6529e-11
1.6244e-11,7.389e-12,1.8677e-11
2.9234e-11,2.0298e-11,3.4226e-11
1.7708e-11,9.2487e-12,2.3942e-11
2.0268e-11,6.9819e-12,1.7313e-11
2.4804e-11,8.8999e-12,2.1869e-11
3.7956e-11,1.9485e-11,4.4997e-11
3.5568e-11,1.4635e-11,3.507e-11
2.8386e-11,7.5811e-12,2.6516e-11
3.5377e-11,1.1627e-11,3.8854e-11
3.2057e-11,7.8822e-12,3.0799e-11
3.9026e-11,1.2666e-11,4.1483e-11
3.5323e-11,7.5969e-12,3.4226e-11
4.4107e-11,1.424e-11,4.5102e-11
4.6079e-11,1.5614e-11,4.3276e-11
4.3961e-11,5.9971e-12,4.1783e-11
7.505e-12,1.2502e-11,1.3287e-11
1.5279e-11,1.2028e-11,2.0883e-11
1.414e-11,1.3809e-11,1.2138e-11
7.552e-12,1.6602e-11,1.3887e-11
3.9361e-12,2.9052e-11,3.2678e-11
2.309e-11,1.5922e-11,1.6051e-11
2.3164e-11,3.2767e-11,3.606e-11
8.3071e-12,1.2753e-11,1.1765e-11
1.2401e-11,1.2428e-11,1.32e-11
7.6412e-12,2.1656e-11,1.9015e-11
1.1985e-11,1.2948e-11,1.6251e-11
7.5017e-12,1.5192e-11,1.1747e-11
6.6557e-12,3.5092e-11,3.3256e-11
1.9878e-11,2.8253e-11,2.993e-11
3.5834e-11,5.6353e-11,5.0059e-11
1.3511e-11,5.2892e-11,5.0987e-11
1.1014e-11,1.1409e-11,1.2895e-11
1.1576e-11,1.5671e-11,1.558e-11
1.97e-11,2.3225e-11,2.3717e-11
1.4923e-11,2.0825e-11,2.4772e-11
1.467e-11,9.5309e-12,1.3276e-11
2.3796e-11,4.9185e-11,5.2201e-11
1.3324e-11,6.7826e-12,1.2821e-11
1.4275e-11,1.1653e-11,1.5346e-11
3.4461e-11,3.2261e-11,3.8671e-11
1.7719e-11,1.0372e-11,1.7372e-11
2.5205e-11,1.9362e-11,2.7913e-11
1.919e-11,1.3216e-11,2.0059e-11
1.5867e-11,7.6393e-12,1.6476e-11
3.7102e-11,3.4538e-11,5.0231e-11
1.8644e-11,1.3587e-11,2.2275e-11
1.6986e-11,5.8502e-12,1.8283e-11
1.726e-11,8.9724e-12,1.6279e-11
1.6832e-11,1.0013e-11,2.0665e-11
3.3977e-11,2.2406e-11,4.0117e-11
4.2657e-11,3.1989e-11,5.0699e-11
1.7855e-11,1.0718e-11,2.4104e-11
3.6846e-11,2.686e-11,4.4586e-11
1.9865e-11,7.6443e-12,1.8138e-11
1.6714e-11,8.705e-12,2.067e-11
3.63e-11,2.2929e-11,4.2664e-11
4.088e-11,2.4769e-11,4.5854e-11
2.2862e-11,6.589e-12,2.1843e-11
2.8384e-11,1.1857e-11,2.7956e-11
3.2936e-11,9.8911e-12,2.9857e-11
2.8332e-11,7.6254e-12,2.6354e-11
3.1138e-11,7.5518e-12,2.9857e-11
4.3981e-11,1.1306e-11,3.9035e-11
4.2767e-11,8.7481e-12,3.7731e-11
4.0966e-11,7.4918e-12,3.6275e-11
7.6605e-12,1.7704e-11,1.5494e-11
1.846e-11,1.878e-11,2.4143e-11
6.7016e-12,3.5773e-11,3.9519e-11
3.9813e-12,2.4346e-11,2.4441e-11
1.5386e-11,1.3564e-11,1.6632e-11
5.8578e-12,1.8638e-11,1.6587e-11
8.0744e-12,1.4035e-11,1.2155e-11
6.1643e-12,1.4914e-11,1.235e-11
1.6539e-11,2.3107e-11,2.7126e-11
1.287e-11,1.3884e-11,1.5206e-11
1.3562e-11,1.4204e-11,1.4699e-11
1.2391e-11,1.1922e-11,1.1721e-11
1.0643e-11,1.5919e-11,1.4683e-11
1.2322e-11,1.5815e-11,1.5165e-11
1.4846e-11,1.7026e-11,1.8747e-11
4.0098e-11,4.6741e-11,4.7263e-11
1.515e-11,7.3903e-12,1.3304e-11
1.8706e-11,2.9757e-11,3.4919e-11
1.6244e-11,1.2153e-11,1.3939e-11
1.4229e-11,6.9088e-12,1.361e-11
1.4238e-11,5.5278e-12,1.2653e-11
1.4886e-11,8.1893e-12,1.3706e-11
1.5311e-11,1.2079e-11,1.6965e-11
3.1976e-11,2.8768e-11,3.6099e-11
1.2706e-11,1.1139e-11,1.6658e-11
1.3152e-11,9.7649e-12,1.6551e-11
1.4815e-11,1.2184e-11,1.7289e-11
1.6056e-11,7.4331e-12,1.6444e-11
2.6272e-11,1.8322e-11,2.971e-11
1.6266e-11,8.4416e-12,1.7758e-11
4.3418e-11,3.5477e-11,5.1755e-11
1.7634e-11,8.3833e-12,1.6622e-11
1.9133e-11,5.3952e-12,1.7285e-11
1.988e-11,6.4214e-12,1.8289e-11
1.9071e-11,8.0466e-12,2.1626e-11
2.1866e-11,1.0156e-11,2.0916e-11
4.1172e-11,9.9564e-12,4.0812e-11
4.5101e-11,6.5428e-12,4.3305e-11
4.6149e-11,7.4597e-12,4.3194e-11
4.7682e-11,7.6801e-12,4.5767e-11
1.7893e-11,1.7007e-11,1.6732e-11
9.87e-12,1.3605e-11,8.9728e-12
1.2935e-11,1.3074e-11,1.3582e-11
1.0066e-11,1.6807e-11,1.596e-11
2.2897e-11,3.1396e-11,3.4644e-11
1.4242e-11,1.5997e-11,1.7163e-11
1.2851e-11,1.4136e-11,1.1728e-11
2.1742e-11,1.9678e-11,2.2275e-11
2.2019e-11,1.8995e-11,2.1927e-11
2.5882e-11,3.6919e-11,4.0573e-11
3.517e-11,5.4802e-11,4.9134e-11
1.7093e-11,2.2358e-11,2.5458e-11
1.9902e-11,2.7553e-11,2.9628e-11
7.2737e-12,1.4729e-11,1.0934e-11
7.3639e-12,2.8203e-11,2.5152e-11
1.3244e-11,4.7245e-11,4.8925e-11
1.4341e-11,1.9108e-11,1.7897e-11
1.4737e-11,8.4209e-12,1.2403e-11
1.5356e-11,7.2198e-12,1.3057e-11
1.5061e-11,1.5925e-11,2.0993e-11
1.4676e-11,1.2511e-11,1.6082e-11
1.4782e-11,1.0523e-11,1.5273e-11
1.5126e-11,4.7109e-12,1.3513e-11
3.8558e-11,3.6529e-11,4.2162e-11
2.0495e-11,1.5863e-11,2.6088e-11
3.7201e-11,4.751e-11,6.028e-11
4.1862e-11,3.9464e-11,4.6103e-11
1.6258e-11,9.6256e-12,1.5441e-11
1.3271e-11,8.9113e-12,1.6836e-11
1.7749e-11,6.85e-12,1.5085e-11
1.7961e-11,7.7651e-12,1.7708e-11
4.0492e-11,3.2461e-11,5.2183e-11
3.9919e-11,3.0972e-11,4.5967e-11
2.2004e-11,7.7267e-12,1.9034e-11
4.0012e-11,2.639e-11,4.5218e-11
1.9571e-11,8.4473e-12,1.7845e-11
3.6814e-11,2.5678e-11,3.9139e-11
2.13e-11,8.611e-12,2.3188e-11
3.5384e-11,2.3526e-11,4.1856e-11
2.1826e-11,7.8627e-12,2.0856e-11
2.7249e-11,6.0007e-12,2.3984e-11
4.0812e-11,1.5215e-11,4.3211e-11
4.3236e-11,1.2933e-11,4.2714e-11
4.3045e-11,8.2362e-12,4.2107e-11
4.6405e-11,8.2176e-12,4.4843e-11
4.6071e-11,8.1057e-12,4.3411e-11
4.9623e-11,1.0359e-11,4.8448e-11
1.8741e-11,1.8017e-11,2.0318e-11
1.4418e-11,1.0405e-11,1.0751e-11
5.7109e-12,3.1811e-11,3.4935e-11
2.3004e-11,2.7999e-11,3.0634e-11
1.2157e-11,1.288e-11,1.3566e-11
1.4272e-11,1.807e-11,1.8345e-11
1.0799e-11,1.6753e-11,1.1447e-11
1.3094e-11,1.5056e-11,1.6489e-11
7.466e-12,4.8202e-11,4.7698e-11
1.0396e-11,1.4489e-11,1.5033e-11
1.7819e-11,2.2324e-11,2.2204e-11
1.9599e-11,2.6811e-11,2.4183e-11
3.3865e-11,4.4528e-11,4.1389e-11
3.6844e-11,3.9058e-11,3.9579e-11
2.036e-11,3.1717e-11,3.5771e-11
1.4433e-11,9.0387e-12,1.3982e-11
1.4738e-11,7.1769e-12,1.3168e-11
1.5112e-11,1.0265e-11,1.5275e-11
3.2488e-11,5.1437e-11,5.7707e-11
1.468e-11,8.6841e-12,1.4657e-11
1.3657e-11,1.0308e-11,1.6767e-11
1.6374e-11,6.193e-12,1.4677e-11
1.3571e-11,1.0006e-11,1.6666e-11
1.8024e-11,8.8392e-12,2.1327e-11
1.4069e-11,9.3304e-12,1.7403e-11
1.439e-11,9.5985e-12,1.8263e-11
3.1235e-11,2.2763e-11,3.5727e-11
2.9178e-11,1.9718e-11,3.3038e-11
3.2861e-11,2.2963e-11,3.7641e-11
2.6904e-11,6.0227e-12,2.4578e-11
2.6875e-11,8.0438e-12,2.4732e-11
3.0714e-11,7.0188e-12,2.701e-11
3.8287e-11,1.3894e-11,3.9915e-11
3.4885e-11,8.2089e-12,3.5936e-11
4.7504e-11,8.6014e-12,4.2367e-11
1.0424e-11,1.3695e-11,1.0984e-11
1.8685e-11,1.2707e-11,1.148e-11
2.0332e-11,2.269e-11,1.5738e-11
1.4451e-11,1.0567e-11,8.8951e-12
4.9568e-12,3.0316e-11,3.0884e-11
1.8465e-11,1.9406e-11,2.3128e-11
1.0614e-11,1.2694e-11,1.1989e-11
8.6744e-12,1.2563e-11,1.2373e-11
1.8666e-11,2.3736e-11,2.7715e-11
6.7262e-12,1.425e-11,1.1881e-11
2.2713e-11,2.9968e-11,3.2474e-11
1.3883e-11,2.6126e-11,2.5119e-11
2.647e-11,3.4835e-11,3.6534e-11
9.0893e-12,1.3052e-11,1.1223e-11
1.4875e-11,1.8232e-11,1.7713e-11
1.3187e-11,1.5879e-11,1.5109e-11
9.4967e-12,2.7037e-11,2.4252e-11
1.6053e-11,2.0641e-11,2.0181e-11
1.7464e-11,2.0255e-11,2.0338e-11
1.931e-11,1.603e-11,1.979e-11
2.1965e-11,2.4978e-11,2.5362e-11
2.1308e-11,4.1614e-11,4.1658e-11
2.4445e-11,4.6823e-11,5.2657e-11
1.164e-11,1.0525e-11,1.471e-11
1.3954e-11,8.727e-12,1.4317e-11
1.3168e-11,1.1156e-11,1.5258e-11
1.7204e-11,6.7982e-12,1.5591e-11
1.5498e-11,7.0624e-12,1.5684e-11
1.5455e-11,7.9702e-12,1.7049e-11
1.8528e-11,1.0271e-11,1.9506e-11
2.1992e-11,1.337e-11,2.2736e-11
1.9362e-11,1.379e-11,2.5113e-11
3.0202e-11,2.178e-11,3.5903e-11
2.6488e-11,1.701e-11,3.2919e-11
2.1359e-11,1.0321e-11,2.5806e-11
2.1895e-11,4.5007e-12,1.9043e-11
2.1746e-11,6.6857e-12,1.9148e-11
3.0711e-11,1.9252e-11,3.8427e-11
2.5612e-11,9.8397e-12,2.7542e-11
3.9067e-11,2.0746e-11,4.1236e-11
3.385e-11,1.8114e-11,3.627e-11
2.69e-11,8.0531e-12,2.3747e-11
3.763e-11,1.5755e-11,3.8597e-11
4.0763e-11,1.7845e-11,4.2143e-11
2.8695e-11,6.2356e-12,2.6124e-11
4.1458e-11,1.7168e-11,4.0583e-11
3.5826e-11,1.2517e-11,3.8389e-11
3.2559e-11,8.0844e-12,3.0095e-11
3.9732e-11,8.3828e-12,3.8726e-11
4.8621e-11,8.8989e-12,4.1586e-11
1.6752e-11,1.5338e-11,8.7621e-12
5.3402e-12,1.3551e-11,1.1369e-11
7.6823e-12,1.5638e-11,1.3225e-11
8.7758e-12,1.8594e-11,1.5521e-11
5.9923e-12,4.0979e-11,4.3463e-11
1.2942e-11,1.1339e-11,1.4598e-11
1.3078e-11,1.2033e-11,1.4112e-11
1.9722e-11,1.7057e-11,1.7071e-11
4.8432e-12,1.6892e-11,1.2485e-11
6.0982e-12,1.7128e-11,1.2027e-11
1.6017e-11,2.054e-11,2.1596e-11
7.6133e-12,2.4263e-11,2.1711e-11
3.9035e-11,5.7167e-11,5.4179e-11
2.4062e-11,3.2888e-11,3.3778e-11
8.6253e-12,3.8897e-11,3.6166e-11
3.7986e-11,5.3295e-11,5.119e-11
1.5836e-11,2.9441e-11,2.8188e-11
1.3861e-11,2.5782e-11,2.6101e-11
2.7282e-11,3.0857e-11,2.9767e-11
1.3227e-11,1.9964e-11,1.7825e-11
1.5042e-11,8.3166e-12,1.2707e-11
1.4264e-11,1.1606e-11,1.7101e-11
1.6602e-11,7.2252e-12,1.4146e-11
1.5033e-11,7.4534e-12,1.4532e-11
2.6017e-11,1.9421e-11,2.7381e-11
1.4362e-11,1.1468e-11,1.7502e-11
4.0008e-11,3.9769e-11,5.8741e-11
1.7327e-11,9.2689e-12,1.9582e-11
3.5283e-11,2.4133e-11,3.9259e-11
2.169e-11,9.0305e-12,2.067e-11
2.1272e-11,1.0198e-11,2.5208e-11
2.224e-11,6.7864e-12,1.9823e-11
2.3775e-11,1.1254e-11,2.8137e-11
2.6799e-11,1.3599e-11,3.2028e-11
2.4369e-11,1.1236e-11,2.5526e-11
4.1671e-11,2.2008e-11,4.5626e-11
2.9491e-11,7.4594e-12,2.7304e-11
3.351e-11,8.9977e-12,2.8073e-11
3.4827e-11,1.1528e-11,3.2634e-11
4.3885e-11,1.442e-11,4.0489e-11
4.1956e-11,1.4183e-11,4.3186e-11
4.7196e-11,1.6179e-11,4.3975e-11
4.5929e-11,1.5242e-11,4.3364e-11
1.4054e-11,1.1522e-11,8.7533e-12
1.4818e-11,1.1801e-11,1.1423e-11
7.4505e-12,1.3404e-11,1.0987e-11
2.0032e-11,1.8297e-11,2.0478e-11
1.6377e-11,1.0048e-11,6.3531e-12
7.5671e-12,1.3046e-11,1.2577e-11
1.7491e-11,1.5268e-11,1.596e-11
2.4666e-11,2.9062e-11,3.5378e-11
6.4044e-12,2.0429e-11,1.9772e-11
7.0679e-12,4.4315e-11,4.6175e-11
1.2096e-11,9.5934e-12,1.0064e-11
1.158e-11,1.0442e-11,1.0937e-11
1.6711e-11,1.8375e-11,1.9243e-11
2.2899e-11,3.0413e-11,3.2307e-11
1.3407e-11,1.5743e-11,1.6425e-11
1.2726e-11,1.4733e-11,1.3377e-11
1.0669e-11,1.1128e-11,1.0676e-11
4.066e-11,4.7381e-11,4.7385e-11
1.5708e-11,1.7969e-11,1.7517e-11
1.9689e-11,1.6317e-11,2.0308e-11
2.0115e-11,1.6691e-11,2.1388e-11
1.5473e-11,7.8108e-12,1.3099e-11
2.1693e-11,2.4624e-11,3.173e-11
2.702e-11,2.0722e-11,2.7839e-11
1.5074e-11,7.1111e-12,1.4767e-11
2.3649e-11,1.4583e-11,2.3241e-11
1.9729e-11,7.5015e-12,1.6806e-11
3.346e-11,2.2356e-11,4.1235e-11
3.1847e-11,1.7798e-11,3.163e-11
2.4209e-11,9.6206e-12,2.159e-11
3.0027e-11,1.5861e-11,3.1111e-11
4.2865e-11,2.3164e-11,4.648e-11
2.9801e-11,4.8261e-12,2.5845e-11
4.2388e-11,1.8445e-11,4.465e-11
3.5825e-11,1.0557e-11,3.0199e-11
3.4866e-11,1.4986e-11,3.5229e-11
3.737e-11,1.4036e-11,4.0107e-11
3.7904e-11,8.4374e-12,3.671e-11
3.4325e-11,5.3235e-12,3.1079e-11
3.6408e-11,6.1743e-12,3.3583e-11
3.499e-11,1.1318e-11,3.0343e-11
4.14e-11,1.4497e-11,4.2733e-11
4.0564e-11,8.4581e-12,3.8074e-11
8.6209e-12,1.4458e-11,1.2392e-11
1.1787e-11,1.7083e-11,1.4607e-11
1.7676e-11,1.6351e-11,1.6965e-11
6.8355e-12,1.4268e-11,1.1469e-11
8.6701e-12,1.2068e-11,1.2217e-11
6.634e-12,1.7916e-11,1.3937e-11
5.9322e-12,3.9717e-11,3.8217e-11
2.0352e-11,2.2686e-11,2.3287e-11
3.3883e-11,4.807e-11,4.6584e-11
3.7908e-11,5.5031e-11,5.1892e-11
1.728e-11,1.3973e-11,1.6665e-11
7.0929e-12,2.6821e-11,2.3513e-11
1.4511e-11,1.8267e-11,1.7163e-11
1.1864e-11,4.4467e-11,4.3656e-11
1.9804e-11,2.6382e-11,2.3835e-11
2.2416e-11,3.0569e-11,2.7574e-11
1.2983e-11,3.215e-11,3.1089e-11
2.6646e-11,2.9408e-11,2.9399e-11
3.0201e-11,3.0927e-11,3.308e-11
1.9007e-11,1.4898e-11,1.8398e-11
2.4185e-11,4.3144e-11,4.1245e-11
2.0647e-11,1.6171e-11,2.0083e-11
1.5175e-11,1.1588e-11,1.6524e-11
1.5436e-11,6.7943e-12,1.3406e-11
1.6079e-11,7.7217e-12,1.3283e-11
1.6667e-11,9.9207e-12,1.5047e-11
3.9073e-11,4.0884e-11,5.6812e-11
1.7663e-11,8.0535e-12,1.6242e-11
4.5778e-11,3.9892e-11,5.0881e-11
1.7922e-11,9.9526e-12,1.9542e-11
1.9734e-11,8.2944e-12,1.7763e-11
1.8988e-11,1.0002e-11,2.2238e-11
3.8588e-11,2.4601e-11,4.2591e-11
4.2233e-11,2.7209e-11,4.6892e-11
2.2086e-11,6.7766e-12,1.9403e-11
2.4901e-11,6.9443e-12,2.1229e-11
2.545e-11,8.3508e-12,2.3353e-11
3.06e-11,1.2538e-11,3.2658e-11
3.4407e-11,1.2923e-11,3.3733e-11
3.5353e-11,1.6293e-11,4.0353e-11
3.8488e-11,1.7462e-11,4.2282e-11
2.8992e-11,1.1092e-11,3.1953e-11
3.9331e-11,1.7796e-11,4.6057e-11
2.9113e-11,8.2853e-12,2.6837e-11
4.2248e-11,1.382e-11,3.8908e-11
3.71e-11,1.1345e-11,3.4308e-11
4.3021e-11,6.8395e-12,3.9205e-11
4.666e-11,6.8671e-12,4.3337e-11
4.8237e-11,1.112e-11,4.5895e-11
3.0618e-11,2.7149e-11,3.2579e-11
1.4956e-11,1.426e-11,1.3302e-11
6.5458e-12,1.5587e-11,1.2443e-11
7.902e-12,2.5432e-11,2.4054e-11
7.6268e-12,2.922e-11,2.9492e-11
2.2899e-11,2.4754e-11,2.6225e-11
1.2793e-11,1.0197e-11,1.5058e-11
3.0055e-11,4.1665e-11,4.5174e-11
7.2077e-12,2.0905e-11,1.5693e-11
8.4173e-12,1.4451e-11,1.5221e-11
1.2524e-11,1.6364e-11,1.3585e-11
3.8653e-11,5.6361e-11,5.1595e-11
2.1257e-11,2.7164e-11,2.6824e-11
1.1921e-11,5.5879e-11,5.1888e-11
2.8254e-11,3.7133e-11,3.6025e-11
1.1256e-11,2.0383e-11,1.4655e-11
1.2118e-11,2.2109e-11,1.6375e-11
1.164e-11,1.6479e-11,1.5315e-11
1.916e-11,1.5241e-11,1.8334e-11
1.401e-11,1.2928e-11,1.5768e-11
4.6864e-11,4.4754e-11,4.8972e-11
3.2597e-11,2.8143e-11,3.4534e-11
1.63e-11,8.1982e-12,1.4133e-11
1.6067e-11,8.5383e-12,1.3828e-11
1.4266e-11,1.2062e-11,1.6684e-11
1.7244e-11,8.5398e-12,1.8943e-11
1.9875e-11,1.6368e-11,2.5992e-11
2.7691e-11,2.099e-11,2.9844e-11
1.4504e-11,9.6621e-12,1.6745e-11
2.6661e-11,1.7978e-11,2.7439e-11
1.8455e-11,8.2437e-12,1.6372e-11
3.7629e-11,2.8042e-11,4.1767e-11
2.1967e-11,1.1155e-11,2.1147e-11
2.2905e-11,9.7419e-12,2.2048e-11
2.6203e-11,1.0247e-11,2.528e-11
2.3288e-11,8.887e-12,2.3832e-11
2.8659e-11,1.3446e-11,3.0252e-11
2.7293e-11,6.6899e-12,2.3781e-11
4.0798e-11,1.5714e-11,4.0224e-11
3.7719e-11,1.4097e-11,3.9055e-11
4.4455e-11,1.7567e-11,4.424e-11
3.94e-11,9.4936e-12,3.428e-11
4.296e-11,1.6526e-11,4.2949e-11
4.0904e-11,1.0397e-11,3.7012e-11
4.4416e-11,8.5365e-12,3.9172e-11
4.921e-11,7.0738e-12,4.6141e-11
8.3949e-12,1.292e-11,1.4395e-11
9.0828e-12,1.0543e-11,7.4184e-12
9.6927e-12,1.2762e-11,1.5798e-11
1.5157e-11,1.4203e-11,1.3376e-11
9.1377e-12,1.8386e-11,1.4616e-11
3.1079e-11,2.7605e-11,3.183e-11
2.2172e-11,2.1403e-11,2.3595e-11
1.2292e-11,1.4686e-11,1.372e-11
2.7133e-11,2.897e-11,3.3531e-11
1.4992e-11,1.5189e-11,7.3673e-12
5.3281e-12,2.1168e-11,1.7981e-11
1.1574e-11,9.1228e-12,9.6324e-12
1.8919e-11,1.3138e-11,1.1988e-11
1.7512e-11,1.4799e-11,1.3698e-11
7.4388e-12,2.8144e-11,2.2733e-11
1.5217e-11,1.57e-11,1.525e-11
7.5549e-12,1.3541e-11,1.2872e-11
3.1778e-11,4.4667e-11,4.3741e-11
1.145e-11,3.8138e-11,3.5488e-11
1.0631e-11,2.0762e-11,1.4725e-11
1.2059e-11,4.5441e-11,4.2971e-11
2.0833e-11,2.5583e-11,2.4992e-11
1.212e-11,1.5569e-11,1.4403e-11
1.3177e-11,2.0612e-11,1.7109e-11
1.5182e-11,3.6455e-11,3.3164e-11
1.4299e-11,1.5942e-11,1.6318e-11
4.3422e-11,4.4636e-11,4.6414e-11
1.5903e-11,8.0113e-12,1.5681e-11
1.3672e-11,1.0021e-11,1.5364e-11
3.4405e-11,4.2165e-11,5.2807e-11
1.4386e-11,1.0408e-11,1.6262e-11
3.6673e-11,2.7602e-11,3.8953e-11
1.8341e-11,7.5058e-12,1.7569e-11
1.8276e-11,6.5202e-12,1.6361e-11
1.7647e-11,1.1836e-11,1.4769e-11
3.7186e-11,2.7121e-11,4.0105e-11
1.9114e-11,8.8255e-12,1.6793e-11
2.4115e-11,1.1706e-11,2.3732e-11
2.0737e-11,1.0708e-11,1.8127e-11
2.7673e-11,1.3491e-11,2.8234e-11
2.622e-11,8.8422e-12,2.324e-11
2.7813e-11,6.9697e-12,2.3029e-11
3.6133e-11,1.4574e-11,3.7955e-11
4.135e-11,2.1375e-11,4.5757e-11
2.956e-11,1.164e-11,2.8048e-11
3.2646e-11,1.3219e-11,3.4291e-11
3.3048e-11,1.214e-11,2.8201e-11
3.4017e-11,5.9219e-12,2.9614e-11
4.0646e-11,1.0249e-11,3.7427e-11
4.691e-11,1.7408e-11,4.2928e-11
1.8916e-11,1.8134e-11,1.8058e-11
1.2112e-11,1.468e-11,1.276e-11
3.4185e-11,4.1087e-11,4.2618e-11
2.8446e-11,2.8746e-11,3.2146e-11
2.0342e-11,2.1686e-11,2.2788e-11
6.3403e-12,1.6333e-11,1.2606e-11
2.9774e-11,2.6945e-11,3.0696e-11
2.0315e-11,2.0194e-11,2.0089e-11
7.7933e-12,1.17e-11,1.3225e-11
1.2158e-11,1.0937e-11,1.0124e-11
2.6697e-11,3.436e-11,3.5184e-11
4.429e-11,5.6497e-11,5.3501e-11
1.1824e-11,1.6536e-11,1.4978e-11
1.5919e-11,2.0594e-11,1.8758e-11
1.9976e-11,4.6166e-11,4.3284e-11
1.6622e-11,2.0868e-11,1.9329e-11
1.4193e-11,1.7924e-11,1.8195e-11
4.2235e-11,4.8805e-11,4.6714e-11
2.4611e-11,3.7077e-11,4.0012e-11
1.4706e-11,9.6531e-12,1.5952e-11
2.3812e-11,2.7924e-11,3.288e-11
1.9712e-11,1.7206e-11,2.4707e-11
1.4823e-11,1.2495e-11,1.6847e-11
4.3324e-11,3.7632e-11,4.7925e-11
1.8349e-11,6.7075e-12,1.557e-11
1.8503e-11,7.1317e-12,1.4576e-11
3.395e-11,2.8253e-11,5.164e-11
2.0814e-11,1.1691e-11,2.2651e-11
2.406e-11,1.7469e-11,2.9687e-11
2.1901e-11,6.2689e-12,1.8517e-11
3.8919e-11,2.5668e-11,4.6444e-11
2.1972e-11,9.1772e-12,2.1852e-11
3.7915e-11,2.3557e-11,4.5766e-11
2.2961e-11,6.3215e-12,1.9313e-11
4.1884e-11,2.5025e-11,4.9173e-11
2.8407e-11,7.6397e-12,2.4308e-11
3.9377e-11,2.2008e-11,4.6246e-11
2.6817e-11,8.4952e-12,2.4e-11
3.8879e-11,2.1765e-11,4.5717e-11
3.4337e-11,1.6165e-11,3.7914e-11
2.978e-11,8.4607e-12,2.5727e-11
3.9597e-11,2.0177e-11,4.3719e-11
3.5027e-11,1.3713e-11,3.5979e-11
3.4802e-11,6.0919e-12,2.9993e-11
3.552e-11,1.5954e-11,3.7435e-11
4.9277e-11,1.0223e-11,4.4658e-11
1.4255e-11,1.067e-11,1.1809e-11
9.7267e-12,1.1879e-11,7.9731e-12
1.4795e-11,1.1183e-11,5.972e-12
1.9037e-11,1.72e-11,1.6281e-11
1.5643e-11,1.3201e-11,8.8391e-12
5.9968e-12,1.0831e-11,9.8516e-12
1.5279e-11,1.0606e-11,8.6628e-12
1.2085e-11,9.312e-12,8.8483e-12
2.5781e-11,2.5636e-11,2.5736e-11
2.9124e-11,3.7347e-11,3.7812e-11
1.2349e-11,1.0424e-11,1.0895e-11
1.833e-11,1.2458e-11,1.1656e-11
9.7393e-12,1.3177e-11,1.2822e-11
1.3607e-11,1.2541e-11,1.0748e-11
2.1888e-11,2.6259e-11,2.4054e-11
1.0749e-11,2.6875e-11,2.058e-11
3.2256e-11,4.2125e-11,4.0025e-11
1.5691e-11,1.6461e-11,1.6945e-11
1.6235e-11,1.5924e-11,1.4566e-11
4.3795e-11,5.1896e-11,4.9877e-11
2.1761e-11,1.8716e-11,2.1209e-11
1.8787e-11,1.8819e-11,1.9715e-11
1.5222e-11,1.0566e-11,1.3959e-11
1.9033e-11,1.486e-11,1.7676e-11
2.2344e-11,1.7223e-11,2.0808e-11
1.3221e-11,9.6457e-12,1.4678e-11
3.5897e-11,3.2224e-11,3.546e-11
2.3976e-11,2.6247e-11,3.1144e-11
3.2834e-11,3.6114e-11,4.9605e-11
1.5649e-11,1.0988e-11,1.8847e-11
1.5892e-11,1.1059e-11,1.8328e-11
3.2677e-11,2.4669e-11,4.9241e-11
2.0596e-11,6.283e-12,1.7299e-11
4.33e-11,3.0117e-11,4.6685e-11
3.7464e-11,2.4874e-11,4.5612e-11
2.482e-11,1.7894e-11,3.0209e-11
4.5984e-11,3.1271e-11,5.0399e-11
3.9979e-11,2.4935e-11,4.6977e-11
2.4568e-11,9.1557e-12,2.4232e-11
3.1301e-11,7.4535e-12,2.9928e-11
4.5303e-11,2.4057e-11,5.3056e-11
3.2656e-11,1.1308e-11,2.9297e-11
3.9104e-11,1.4612e-11,4.1234e-11
4.4581e-11,1.7193e-11,4.6698e-11
4.9438e-11,1.6445e-11,4.8587e-11
5.1527e-11,1.0309e-11,5.0063e-11
5.0109e-11,1.2303e-11,4.7195e-11
1.2285e-11,1.0694e-11,7.346e-12
6.4647e-12,1.0747e-11,1.2e-11
6.1905e-12,4.3579e-11,4.3699e-11
1.7284e-11,1.3994e-11,1.334e-11
1.1288e-11,1.1392e-11,9.3835e-12
2.5488e-11,3.1541e-11,3.2079e-11
1.6256e-11,1.6088e-11,1.3968e-11
1.014e-11,1.6104e-11,1.227e-11
1.742e-11,1.1785e-11,1.0724e-11
2.3564e-11,2.9801e-11,2.7695e-11
9.1421e-12,3.0251e-11,2.3702e-11
1.0127e-11,5.0698e-11,4.8534e-11
1.2571e-11,5.1472e-11,4.7213e-11
1.2818e-11,2.9072e-11,2.5786e-11
2.9969e-11,3.9072e-11,3.7221e-11
1.3032e-11,1.4524e-11,1.4269e-11
2.3487e-11,2.6867e-11,2.7223e-11
1.413e-11,1.0051e-11,1.4879e-11
4.5717e-11,4.5548e-11,4.4844e-11
1.59e-11,1.0645e-11,1.5312e-11
2.6024e-11,2.9235e-11,3.374e-11
1.9706e-11,1.2178e-11,1.7961e-11
1.7068e-11,1.0976e-11,1.7905e-11
2.0498e-11,1.7522e-11,2.4555e-11
1.4905e-11,1.3161e-11,1.6568e-11
3.1379e-11,1.9812e-11,3.0999e-11
2.4577e-11,1.1443e-11,2.5465e-11
4.6509e-11,2.9808e-11,5.137e-11
3.7306e-11,1.7176e-11,3.737e-11
2.7809e-11,7.9206e-12,2.3082e-11
2.6233e-11,1.2176e-11,2.767e-11
2.7962e-11,9.0204e-12,2.4231e-11
3.3921e-11,6.692e-12,2.8661e-11
3.5458e-11,1.546e-11,3.6807e-11
4.8829e-11,1.1607e-11,4.3235e-11
4.4915e-11,1.5533e-11,4.2667e-11
4.7806e-11,8.6586e-12,4.2665e-11
1.2573e-11,1.4857e-11,1.2991e-11
2.3979e-11,2.3162e-11,2.3979e-11
6.5835e-12,1.8048e-11,1.4667e-11
1.398e-11,1.3323e-11,7.8148e-12
9.8562e-12,1.2076e-11,9.5084e-12
8.0585e-12,1.7976e-11,1.3127e-11
7.5416e-12,1.5985e-11,1.1957e-11
1.1515e-11,1.1459e-11,8.9836e-12
8.4127e-12,2.1349e-11,1.6556e-11
7.9309e-12,2.0694e-11,1.5453e-11
1.94e-11,1.9425e-11,1.7264e-11
1.6702e-11,1.1771e-11,1.0517e-11
2.2704e-11,2.8208e-11,2.8397e-11
4.3167e-11,5.2691e-11,5.0234e-11
1.7473e-11,5.3456e-11,4.9591e-11
1.5698e-11,1.4655e-11,1.4451e-11
1.4065e-11,1.2214e-11,1.3026e-11
1.4287e-11,1.1034e-11,1.3217e-11
3.5331e-11,3.5296e-11,3.4979e-11
1.3506e-11,1.4702e-11,1.3287e-11
1.7548e-11,1.1422e-11,1.5737e-11
2.4227e-11,3.6265e-11,3.8191e-11
1.3626e-11,1.0628e-11,1.4847e-11
1.959e-11,1.7032e-11,2.1342e-11
4.0322e-11,3.9433e-11,4.1103e-11
1.7714e-11,1.2983e-11,1.7162e-11
2.1114e-11,1.2737e-11,1.9156e-11
2.4942e-11,2.0128e-11,3.2089e-11
2.1511e-11,1.1584e-11,2.0869e-11
2.9569e-11,2.1306e-11,3.6137e-11
2.0986e-11,1.0881e-11,2.0959e-11
2.7691e-11,1.5491e-11,3.1564e-11
3.1085e-11,1.3893e-11,3.2759e-11
2.9615e-11,1.2173e-11,2.9876e-11
3.836e-11,1.7965e-11,4.2143e-11
4.323e-11,1.5212e-11,4.1895e-11
3.8636e-11,1.2445e-11,3.5022e-11
1.4052e-11,1.5315e-11,1.346e-11
1.4067e-11,1.3508e-11,9.7406e-12
8.9905e-12,1.1523e-11,1.1106e-11
2.0779e-11,1.7047e-11,1.3748e-11
1.7533e-11,1.2239e-11,1.3289e-11
1.603e-11,1.3991e-11,1.1462e-11
8.5732e-12,2.0276e-11,1.6694e-11
3.0595e-11,2.4983e-11,2.3244e-11
7.8967e-12,3.4307e-11,3.7198e-11
2.5694e-11,2.7401e-11,2.4694e-11
1.5524e-11,1.3213e-11,1.3191e-11
6.356e-12,4.7591e-11,4.6588e-11
7.2828e-12,2.1274e-11,1.5988e-11
8.526e-12,1.8515e-11,1.3643e-11
1.6771e-11,1.2644e-11,1.1952e-11
1.0221e-11,3.3249e-11,2.4552e-11
1.3455e-11,4.9948e-11,4.0416e-11
2.9291e-11,3.9796e-11,3.6385e-11
1.2777e-11,3.4969e-11,2.6807e-11
1.2835e-11,5.273e-11,4.4888e-11
1.9922e-11,4.4512e-11,4.5657e-11
1.2494e-11,1.4462e-11,1.6213e-11
1.4355e-11,1.4106e-11,1.3578e-11
1.5416e-11,1.5322e-11,1.7941e-11
1.8632e-11,1.4504e-11,1.9535e-11
1.446e-11,1.1495e-11,1.5223e-11
2.1589e-11,1.3254e-11,1.9523e-11
2.4752e-11,2.0447e-11,2.9642e-11
4.2418e-11,3.3147e-11,4.5318e-11
1.8585e-11,1.1491e-11,1.9682e-11
3.5561e-11,2.8045e-11,5.1612e-11
3.4876e-11,2.3343e-11,3.4607e-11
1.9473e-11,1.3279e-11,2.206e-11
3.2295e-11,2.3927e-11,3.9911e-11
3.5476e-11,2.4092e-11,3.5902e-11
2.9149e-11,2.135e-11,3.3273e-11
2.1935e-11,1.1168e-11,2.2772e-11
2.3744e-11,1.0712e-11,2.2789e-11
2.6188e-11,1.1881e-11,2.7216e-11
4.649e-11,2.604e-11,5.1094e-11
3.0283e-11,1.2293e-11,3.1734e-11
4.2512e-11,2.0504e-11,4.6798e-11
4.1503e-11,1.7224e-11,4.2557e-11
4.8002e-11,1.256e-11,4.7135e-11
4.9557e-11,1.4706e-11,4.6028e-11
5.0585e-11,7.5989e-12,4.5691e-11
5.0897e-11,1.0926e-11,4.6164e-11
5.4957e-11,8.9867e-12,5.1221e-11
5.3413e-11,1.0036e-11,4.925e-11
1.7551e-11,1.2388e-11,9.5285e-12
8.2593e-12,1.3283e-11,1.2454e-11
1.4995e-11,1.486e-11,9.043e-12
3.0383e-11,2.766e-11,2.4344e-11
3.912e-11,4.906e-11,4.8236e-11
2.706e-11,2.966e-11,2.6378e-11
6.5931e-12,1.1225e-11,9.0974e-12
1.0666e-11,9.9108e-12,8.983e-12
7.768e-12,2.5863e-11,1.9538e-11
1.3029e-11,1.6049e-11,1.4335e-11
1.9086e-11,1.9766e-11,2.0125e-11
6.1256e-12,1.2554e-11,1.2312e-11
9.6618e-12,1.1911e-11,1.1271e-11
1.9491e-11,2.0815e-11,1.8693e-11
1.422e-11,1.1281e-11,8.9756e-12
1.1981e-11,1.1944e-11,1.0976e-11
8.9481e-12,1.2739e-11,1.2979e-11
1.156e-11,1.1532e-11,1.0877e-11
1.7829e-11,3.823e-11,3.1495e-11
1.8921e-11,5.1841e-11,4.9577e-11
1.7116e-11,1.503e-11,1.4409e-11
1.3717e-11,1.1696e-11,1.3831e-11
1.7954e-11,1.6334e-11,1.8294e-11
1.3537e-11,1.2344e-11,1.382e-11
1.4173e-11,1.4475e-11,1.8089e-11
1.5064e-11,1.1248e-11,1.6499e-11
2.9142e-11,3.0173e-11,3.763e-11
3.3191e-11,4.0371e-11,4.9524e-11
2.2555e-11,1.5759e-11,2.0539e-11
2.0946e-11,1.3419e-11,1.9201e-11
4.8985e-11,3.7089e-11,5.2902e-11
4.7949e-11,3.4889e-11,5.0755e-11
2.1326e-11,8.8993e-12,1.96e-11
2.5499e-11,1.0438e-11,2.5865e-11
4.7407e-11,2.7787e-11,4.9488e-11
4.3219e-11,2.1234e-11,4.5417e-11
3.105e-11,1.489e-11,3.5222e-11
3.9409e-11,1.9093e-11,4.1288e-11
4.329e-11,2.4886e-11,5.2354e-11
3.3638e-11,1.5737e-11,3.646e-11
4.3331e-11,2.2929e-11,4.9334e-11
3.2009e-11,8.0565e-12,2.6251e-11
4.4357e-11,1.6572e-11,4.6083e-11
3.9115e-11,8.1884e-12,3.5129e-11
5.1982e-11,1.0101e-11,4.8662e-11
1.1156e-11,1.2703e-11,1.1496e-11
8.0422e-12,1.1511e-11,1.1826e-11
9.0149e-12,1.2814e-11,1.6056e-11
1.7227e-11,1.194e-11,1.3092e-11
7.419e-12,1.9024e-11,1.4759e-11
7.7435e-12,2.0839e-11,1.7314e-11
8.9179e-12,2.7924e-11,2.3215e-11
2.8672e-11,2.952e-11,2.5485e-11
1.1815e-11,1.2077e-11,1.0652e-11
1.0703e-11,1.1481e-11,1.1926e-11
5.728e-12,1.2074e-11,1.0448e-11
3.8649e-11,4.8223e-11,4.6395e-11
2.0182e-11,1.5375e-11,1.4198e-11
1.2807e-11,1.144e-11,9.7834e-12
1.0469e-11,1.1307e-11,1.2132e-11
8.6927e-12,1.1252e-11,1.0655e-11
1.153e-11,1.5219e-11,1.3305e-11
1.5041e-11,3.8261e-11,3.5324e-11
2.6239e-11,3.4579e-11,3.1444e-11
1.7663e-11,4.7381e-11,4.084e-11
1.7502e-11,1.7171e-11,1.3959e-11
1.8825e-11,1.9366e-11,1.8546e-11
1.9154e-11,4.0208e-11,3.9595e-11
2.3637e-11,2.1746e-11,2.1842e-11
1.8537e-11,2.6028e-11,2.5926e-11
1.4674e-11,1.1828e-11,1.28e-11
1.5528e-11,1.2583e-11,1.2986e-11
1.3523e-11,1.0492e-11,1.4174e-11
1.5727e-11,1.2729e-11,1.5786e-11
2.7221e-11,2.3792e-11,3.5504e-11
3.1397e-11,2.3023e-11,3.1805e-11
1.5936e-11,1.2473e-11,1.7189e-11
3.2987e-11,2.8656e-11,4.5823e-11
5.0802e-11,3.8509e-11,5.248e-11
2.4155e-11,1.0122e-11,2.2042e-11
2.6398e-11,1.0655e-11,2.2305e-11
3.1043e-11,1.7036e-11,3.2241e-11
2.5378e-11,1.351e-11,1.9881e-11
2.7625e-11,1.1413e-11,2.4516e-11
3.0425e-11,1.1756e-11,2.6195e-11
4.4514e-11,1.9946e-11,4.7895e-11
3.7063e-11,1.6167e-11,3.1875e-11
4.0725e-11,9.992e-12,3.5514e-11
3.575e-11,9.8787e-12,3.1364e-11
4.8951e-11,1.0916e-11,4.509e-11
5.1329e-11,9.1384e-12,4.5985e-11
6.9171e-12,1.1497e-11,1.1605e-11
9.8956e-12,2.8916e-11,2.7658e-11
2.2914e-11,2.244e-11,1.9577e-11
7.7901e-12,1.3375e-11,1.2381e-11
7.5785e-12,1.2961e-11,1.2866e-11
1.8305e-11,1.0632e-11,7.8922e-12
8.9758e-12,1.6813e-11,1.3521e-11
6.8104e-12,1.4952e-11,1.2139e-11
1.1714e-11,2.782e-11,2.1979e-11
3.5411e-11,4.862e-11,4.5368e-11
8.5206e-12,2.5321e-11,1.9099e-11
2.0019e-11,1.9491e-11,1.5217e-11
1.6408e-11,1.6758e-11,1.2198e-11
1.9359e-11,1.788e-11,1.3982e-11
1.9718e-11,1.5818e-11,1.1296e-11
1.2555e-11,2.2411e-11,1.706e-11
1.2125e-11,2.3151e-11,1.7641e-11
3.9194e-11,4.8842e-11,4.5951e-11
4.4728e-11,5.4389e-11,5.1183e-11
1.544e-11,1.0623e-11,1.4045e-11
2.1605e-11,3.2127e-11,3.2634e-11
1.4972e-11,1.1196e-11,1.5154e-11
3.0046e-11,2.7299e-11,3.1201e-11
1.7809e-11,1.1177e-11,1.7057e-11
3.2689e-11,2.4041e-11,3.3873e-11
1.9963e-11,1.3298e-11,2.0284e-11
2.2526e-11,1.2836e-11,2.3184e-11
2.7602e-11,1.2695e-11,2.7905e-11
2.6701e-11,1.1008e-11,2.259e-11
4.8601e-11,3.0688e-11,5.1348e-11
4.6661e-11,2.6218e-11,4.8951e-11
3.0349e-11,9.4221e-12,2.3963e-11
4.0701e-11,1.5864e-11,4.0177e-11
3.7116e-11,8.2692e-12,3.1242e-11
3.4375e-11,1.0881e-11,2.9569e-11
4.0335e-11,1.5985e-11,4.139e-11
4.006e-11,1.7836e-11,4.1977e-11
4.6112e-11,1.9497e-11,4.6688e-11
3.9392e-11,9.5825e-12,3.3798e-11
4.1253e-11,1.5883e-11,4.2957e-11
3.5835e-11,1.046e-11,3.1923e-11
4.454e-11,1.7187e-11,4.4921e-11
4.5292e-11,1.7691e-11,4.4471e-11
5.1315e-11,8.6637e-12,4.626e-11
5.2936e-11,1.5926e-11,5.077e-11
1.1363e-11,1.2673e-11,9.3527e-12
1.294e-11,1.441e-11,8.4848e-12
1.2382e-11,1.2363e-11,1.2251e-11
2.1244e-11,1.1774e-11,1.0013e-11
2.2764e-11,2.2555e-11,2.0641e-11
1.3036e-11,1.1412e-11,8.9582e-12
7.7199e-12,1.1162e-11,1.2736e-11
8.5973e-12,1.3314e-11,1.4823e-11
1.2144e-11,1.2741e-11,1.1216e-11
7.1217e-12,1.2423e-11,1.0857e-11
2e-11,1.9201e-11,1.7527e-11
7.3345e-12,1.3085e-11,1.029e-11
8.7038e-12,1.8596e-11,1.3722e-11
8.3291e-12,1.9282e-11,1.3598e-11
2.0076e-11,1.6623e-11,1.3619e-11
2.818e-11,3.2382e-11,2.9057e-11
1.5967e-11,1.2268e-11,1.0229e-11
3.3869e-11,4.6452e-11,4.3704e-11
2.2965e-11,2.087e-11,1.6213e-11
3.6998e-11,4.9451e-11,4.6643e-11
1.3061e-11,1.6302e-11,1.6578e-11
1.364e-11,2.8847e-11,2.3432e-11
2.6143e-11,3.2552e-11,2.6412e-11
3.6064e-11,4.4324e-11,4.0354e-11
4.1908e-11,5.1445e-11,4.7925e-11
3.3529e-11,3.7945e-11,3.4166e-11
1.3882e-11,1.2235e-11,1.3264e-11
1.8617e-11,2.1544e-11,2.1808e-11
1.9332e-11,2.3405e-11,2.4986e-11
4.5633e-11,4.6396e-11,4.503e-11
1.6446e-11,1.2448e-11,1.5066e-11
1.5119e-11,1.0781e-11,1.4162e-11
1.9208e-11,1.8079e-11,2.1813e-11
1.6598e-11,1.207e-11,1.486e-11
2.8689e-11,2.5452e-11,3.5161e-11
1.6621e-11,1.5148e-11,1.607e-11
4.7443e-11,4.2071e-11,4.5465e-11
3.037e-11,3.2233e-11,4.4647e-11
2.0895e-11,1.8327e-11,2.3592e-11
1.8751e-11,1.2188e-11,1.9174e-11
1.8063e-11,1.0999e-11,1.8585e-11
2.3763e-11,2.1641e-11,2.6051e-11
2.9924e-11,1.621e-11,2.5935e-11
2.7405e-11,1.5356e-11,2.4654e-11
2.0463e-11,1.1076e-11,2.0698e-11
2.4821e-11,1.5842e-11,3.0226e-11
5.4708e-11,3.9398e-11,5.3737e-11
2.2677e-11,1.4554e-11,2.4791e-11
3.2346e-11,1.8204e-11,3.176e-11
2.3638e-11,9.5622e-12,1.8309e-11
3.5841e-11,1.9675e-11,3.3423e-11
2.3525e-11,1.0106e-11,1.9903e-11
4.1638e-11,2.5581e-11,4.1336e-11
2.5881e-11,6.777e-12,1.9342e-11
3.6746e-11,2.5035e-11,4.088e-11
3.805e-11,2.0458e-11,3.7222e-11
3.3302e-11,1.4844e-11,3.2598e-11
2.8233e-11,9.3412e-12,2.3012e-11
3.1442e-11,1.0322e-11,2.6841e-11
3.6055e-11,1.7104e-11,3.7756e-11
3.5268e-11,7.5644e-12,3.0678e-11
4.1858e-11,1.7139e-11,3.8193e-11
4.4236e-11,1.8965e-11,4.0748e-11
4.608e-11,1.0099e-11,4.252e-11
5.1503e-11,8.7773e-12,4.6482e-11
8.3192e-12,1.2997e-11,8.7746e-12
1.1412e-11,1.4044e-11,1.2149e-11
1.1587e-11,1.39e-11,9.8062e-12
1.0997e-11,1.1546e-11,1.3808e-11
2.2592e-11,2.0092e-11,2.0924e-11
1.408e-11,1.2465e-11,1.0142e-11
1.1108e-11,3.5481e-11,2.5397e-11
7.6106e-12,1.3953e-11,1.2939e-11
2.6398e-11,2.9059e-11,2.3432e-11
8.358e-12,1.2929e-11,1.2418e-11
8.2583e-12,2.441e-11,1.769e-11
7.5581e-12,1.324e-11,1.2816e-11
1.5001e-11,1.183e-11,1.3585e-11
1.5167e-11,1.4552e-11,1.407e-11
1.9311e-11,1.7044e-11,1.7684e-11
1.2902e-11,1.2579e-11,1.3089e-11
1.524e-11,1.2245e-11,1.4076e-11
1.4668e-11,1.1416e-11,1.3704e-11
2.4904e-11,1.9078e-11,2.3606e-11
2.34e-11,2.2419e-11,2.8091e-11
1.638e-11,1.1349e-11,1.5552e-11
2.8943e-11,2.2949e-11,3.077e-11
2.0795e-11,1.6432e-11,2.1533e-11
2.5348e-11,2.3276e-11,2.8389e-11
2.1518e-11,1.5117e-11,2.4189e-11
5.3265e-11,3.9426e-11,5.3119e-11
2.2954e-11,1.4746e-11,2.6031e-11
2.8116e-11,1.9897e-11,2.7882e-11
2.4374e-11,1.1151e-11,2.006e-11
2.3491e-11,8.3888e-12,1.9864e-11
2.5127e-11,1.2211e-11,1.8725e-11
2.8756e-11,1.4999e-11,2.7852e-11
5.5698e-11,3.4274e-11,5.2273e-11
3.833e-11,2.3045e-11,4.2379e-11
3.0009e-11,1.4381e-11,3.244e-11
3.9884e-11,2.4226e-11,4.7471e-11
3.4257e-11,1.5291e-11,3.5573e-11
4.5493e-11,1.3543e-11,4.5211e-11
3.8356e-11,1.0022e-11,3.1648e-11
4.4558e-11,9.7858e-12,4.0493e-11
4.1658e-11,1.5865e-11,3.5016e-11
4.4912e-11,1.6367e-11,4.0073e-11
5.1213e-11,1.0467e-11,4.8077e-11
5.0319e-11,1.2483e-11,4.5221e-11
5.6909e-11,9.2847e-12,4.9974e-11
2.7079e-11,2.3499e-11,2.0971e-11
2.5298e-11,1.5569e-11,1.6431e-11
1.3726e-11,1.2751e-11,6.3832e-12
3.5588e-11,4.2443e-11,3.7103e-11
9.0784e-12,5.0744e-11,4.7399e-11
1.4343e-11,1.0966e-11,6.3907e-12
9.5152e-12,9.952e-12,8.8748e-12
1.0149e-11,1.1997e-11,1.1613e-11
7.0723e-12,1.397e-11,1.2255e-11
1.0288e-11,3.1633e-11,2.4359e-11
8.0444e-12,1.613e-11,1.3185e-11
2.4718e-11,2.4289e-11,2.0594e-11
1.2351e-11,1.1041e-11,7.8996e-12
3.8757e-11,5.525e-11,4.9182e-11
1.2403e-11,1.4486e-11,1.545e-11
8.5862e-12,1.3303e-11,1.2521e-11
1.8027e-11,1.9473e-11,1.6524e-11
1.3889e-11,1.8413e-11,1.8017e-11
2.1136e-11,5.1867e-11,4.9534e-11
2.2643e-11,4.3518e-11,3.9728e-11
2.8688e-11,2.7136e-11,2.7009e-11
1.5413e-11,1.6793e-11,1.7364e-11
1.5113e-11,1.228e-11,1.5753e-11
1.6298e-11,1.0172e-11,1.3093e-11
1.6739e-11,1.238e-11,1.6141e-11
3.3049e-11,3.9022e-11,4.8587e-11
1.7659e-11,1.2501e-11,1.6656e-11
2.824e-11,1.802e-11,2.4632e-11
2.1184e-11,1.2937e-11,2.0766e-11
2.4615e-11,8.0517e-12,2.1332e-11
2.6966e-11,1.2946e-11,2.7106e-11
2.9608e-11,1.4576e-11,3.126e-11
3.6899e-11,1.0666e-11,3.0649e-11
4.3911e-11,1.2975e-11,4.2466e-11
5.0856e-11,1.9195e-11,4.6414e-11
4.9373e-11,1.4122e-11,4.6381e-11
8.8038e-12,1.3987e-11,9.6198e-12
1.0803e-11,3.6004e-11,3.1459e-11
7.4733e-12,1.1052e-11,8.8305e-12
3.7866e-11,4.8775e-11,4.3145e-11
1.7304e-11,1.1248e-11,1.1002e-11
8.7938e-12,1.2988e-11,9.9351e-12
9.8579e-12,1.202e-11,9.9646e-12
1.9151e-11,1.4991e-11,1.4157e-11
1.1735e-11,4.9482e-11,4.1855e-11
8.7017e-12,2.3281e-11,1.6408e-11
4.03e-11,5.6345e-11,4.8265e-11
1.8855e-11,1.4732e-11,1.0918e-11
2.3291e-11,2.7092e-11,2.199e-11
3.762e-11,4.9783e-11,4.6022e-11
3.6072e-11,4.1467e-11,3.4087e-11
2.8466e-11,3.4895e-11,2.9954e-11
1.6507e-11,1.5149e-11,1.2472e-11
1.7271e-11,1.5527e-11,1.4427e-11
2.2728e-11,2.0073e-11,1.7489e-11
1.3575e-11,1.3118e-11,1.3383e-11
2.5678e-11,1.9203e-11,2.7809e-11
1.9387e-11,1.3185e-11,1.8785e-11
3.3162e-11,2.6317e-11,3.8614e-11
3.8463e-11,2.5347e-11,3.3917e-11
4.9979e-11,3.4711e-11,4.6452e-11
2.75e-11,1.5927e-11,2.4579e-11
4.505e-11,2.9489e-11,5.0266e-11
2.4829e-11,1.3666e-11,2.4004e-11
3.6973e-11,2.7775e-11,3.9401e-11
2.9925e-11,1.7573e-11,2.9187e-11
2.4791e-11,1.2665e-11,2.5079e-11
2.9209e-11,1.4806e-11,3.0146e-11
2.7749e-11,1.4033e-11,2.703e-11
3.1061e-11,1.0225e-11,2.4323e-11
4.2675e-11,2.0834e-11,4.2886e-11
4.2725e-11,1.7914e-11,4.1278e-11
4.5725e-11,1.9571e-11,4.3796e-11
4.9065e-11,1.9264e-11,4.8191e-11
5.1457e-11,2.143e-11,5.2283e-11
5.5685e-11,1.5619e-11,5.3169e-11
1.1338e-11,3.6981e-11,3.3783e-11
1.9352e-11,1.2498e-11,1.0758e-11
1.0453e-11,1.1517e-11,8.622e-12
1.9016e-11,1.3363e-11,1.1241e-11
8.8611e-12,1.0415e-11,6.535e-12
7.4029e-12,1.3154e-11,1.247e-11
3.6655e-11,2.7505e-11,2.2604e-11
9.5906e-12,9.9711e-12,9.162e-12
9.7375e-12,1.1612e-11,1.2121e-11
1.7664e-11,1.21e-11,1.3426e-11
1.3852e-11,1.1416e-11,7.5857e-12
8.5505e-12,1.2104e-11,1.1528e-11
3.3873e-11,3.4953e-11,2.7951e-11
1.1944e-11,1.2525e-11,1.0931e-11
9.0064e-12,1.3672e-11,1.1995e-11
2.7542e-11,3.0723e-11,2.3481e-11
1.7831e-11,4.9188e-11,4.4287e-11
3.2077e-11,3.7302e-11,3.3133e-11
1.4161e-11,1.2488e-11,1.2824e-11
1.5692e-11,1.2865e-11,1.5127e-11
1.5468e-11,1.2046e-11,1.5089e-11
1.5943e-11,1.188e-11,1.1842e-11
5.169e-11,4.9793e-11,4.9672e-11
1.8025e-11,1.2684e-11,1.9298e-11
2.2198e-11,1.7456e-11,2.3183e-11
2.2833e-11,1.6388e-11,2.4263e-11
2.2297e-11,1.0439e-11,1.7295e-11
4.608e-11,3.0644e-11,4.981e-11
3.4732e-11,2.2058e-11,3.032e-11
2.393e-11,1.3653e-11,2.2353e-11
3.2358e-11,2.5054e-11,3.572e-11
4.2319e-11,2.8582e-11,4.3108e-11
2.4056e-11,1.2838e-11,2.41e-11
3.0791e-11,9.164e-12,2.5281e-11
5.1621e-11,2.2179e-11,5.2368e-11
3.8939e-11,1.5005e-11,3.4953e-11
4.1434e-11,9.1516e-12,3.2809e-11
5.1281e-11,1.619e-11,5.1725e-11
5.5612e-11,1.0126e-11,4.9143e-11
8.0758e-12,1.1216e-11,8.4953e-12
2.2145e-11,1.5335e-11,1.5345e-11
1.1481e-11,1.1207e-11,1.1158e-11
2.9792e-11,3.2335e-11,2.6367e-11
1.1234e-11,2.2917e-11,1.606e-11
8.674e-12,1.0794e-11,8.1107e-12
1.6027e-11,3.9177e-11,3.1531e-11
1.1077e-11,5.2977e-11,4.59e-11
1.2992e-11,5.1919e-11,4.2846e-11
2.1985e-11,1.1934e-11,7.5601e-12
1.0229e-11,1.7976e-11,1.5259e-11
2.5346e-11,2.5662e-11,2.0054e-11
1.3252e-11,1.1533e-11,7.3122e-12
1.0886e-11,1.1668e-11,7.881e-12
2.9752e-11,3.7592e-11,2.9897e-11
1.7186e-11,1.4482e-11,1.1276e-11
1.4721e-11,3.7031e-11,2.9097e-11
2.9229e-11,3.5748e-11,2.8309e-11
1.7851e-11,3.9919e-11,3.0658e-11
1.823e-11,3.9065e-11,2.983e-11
2.2439e-11,2.0476e-11,1.525e-11
1.6733e-11,1.8216e-11,1.8615e-11
1.8101e-11,1.7732e-11,1.938e-11
1.5985e-11,1.2513e-11,1.3927e-11
1.6837e-11,1.5888e-11,1.6857e-11
1.4891e-11,1.3173e-11,1.4294e-11
3.1664e-11,4.2537e-11,4.6452e-11
2.007e-11,1.5898e-11,2.1118e-11
1.7962e-11,1.0611e-11,1.4626e-11
5.4772e-11,4.9951e-11,4.9633e-11
2.1338e-11,1.9014e-11,2.3209e-11
2.6515e-11,2.2072e-11,2.5614e-11
2.11e-11,1.7382e-11,2.1691e-11
2.5731e-11,1.9113e-11,2.2504e-11
4.9246e-11,3.7464e-11,4.6335e-11
1.9854e-11,1.1491e-11,1.8151e-11
1.941e-11,1.0686e-11,1.6967e-11
2.3756e-11,1.8056e-11,2.336e-11
3.7427e-11,2.5448e-11,3.4393e-11
2.0173e-11,1.3706e-11,1.8881e-11
3.5448e-11,2.6791e-11,3.9994e-11
4.03e-11,2.8904e-11,4.2131e-11
2.5716e-11,1.2444e-11,2.5007e-11
3.2956e-11,1.6101e-11,3.1715e-11
3.4137e-11,1.4157e-11,3.1097e-11
3.5922e-11,1.0766e-11,3.1513e-11
5.4548e-11,1.0449e-11,4.5893e-11
1.6702e-11,1.2661e-11,1.1598e-11
2.9841e-11,2.4151e-11,2.0485e-11
1.8809e-11,1.2139e-11,1.2006e-11
1.8535e-11,1.1838e-11,1.1283e-11
1.0075e-11,1.14e-11,8.8243e-12
7.86e-12,1.3535e-11,1.2822e-11
4.5208e-11,6.481e-11,5.092e-11
9.1927e-12,1.2009e-11,1.1402e-11
1.0642e-11,2.6381e-11,2.2142e-11
1.0247e-11,1.5011e-11,9.2189e-12
4.1622e-11,4.9351e-11,3.9086e-11
8.0601e-12,1.2712e-11,1.2269e-11
3.4399e-11,4.6324e-11,3.8059e-11
2.7282e-11,3.1967e-11,2.6416e-11
9.3158e-12,1.2079e-11,1.3126e-11
4.4057e-11,6.1539e-11,5.3914e-11
1.8063e-11,1.4851e-11,1.1189e-11
1.0586e-11,1.1782e-11,9.4169e-12
4.6251e-11,6.2225e-11,5.6553e-11
3.9204e-11,4.7337e-11,3.8493e-11
3.3731e-11,4.3907e-11,3.9002e-11
1.9271e-11,5.1303e-11,4.3672e-11
1.306e-11,1.9073e-11,1.5751e-11
1.5237e-11,2.9622e-11,2.2881e-11
1.5459e-11,2.4234e-11,2.0512e-11
2.3514e-11,5.3974e-11,5.0677e-11
2.4692e-11,5.2204e-11,4.7152e-11
4.0598e-11,4.5333e-11,3.9974e-11
2.4348e-11,2.1654e-11,1.7751e-11
2.555e-11,2.3339e-11,2.0901e-11
4.0453e-11,3.8253e-11,3.6641e-11
1.6941e-11,1.4393e-11,1.4343e-11
2.0463e-11,1.6614e-11,2.0818e-11
1.8427e-11,1.2024e-11,1.4574e-11
1.989e-11,1.7585e-11,2.1703e-11
1.7082e-11,1.4157e-11,1.6688e-11
4.1869e-11,3.6989e-11,4.991e-11
1.8679e-11,1.4195e-11,1.7574e-11
1.946e-11,1.4224e-11,1.936e-11
3.2856e-11,2.1372e-11,2.912e-11
2.1594e-11,1.5851e-11,2.0471e-11
2.2531e-11,1.0882e-11,1.8367e-11
2.384e-11,1.0661e-11,1.8031e-11
2.5381e-11,1.7468e-11,2.7326e-11
2.4389e-11,9.4176e-12,1.8561e-11
2.5473e-11,1.0873e-11,1.977e-11
2.8815e-11,1.966e-11,3.0653e-11
5.404e-11,3.3663e-11,4.9181e-11
2.9817e-11,1.1126e-11,2.1424e-11
3.1256e-11,9.9764e-12,2.3332e-11
2.9267e-11,1.0541e-11,2.2532e-11
3.6083e-11,1.7257e-11,3.2891e-11
2.9562e-11,1.1348e-11,2.5044e-11
3.2331e-11,1.1441e-11,2.7378e-11
3.5308e-11,1.7203e-11,3.5814e-11
4.8599e-11,2.0534e-11,4.9139e-11
4.5677e-11,1.9338e-11,4.2407e-11
5.4169e-11,1.7096e-11,4.8933e-11
2.1007e-11,1.4632e-11,1.1242e-11
1.8558e-11,1.2157e-11,1.1339e-11
1.0818e-11,1.6433e-11,1.6077e-11
1.1633e-11,1.098e-11,1.0312e-11
8.2961e-12,1.0908e-11,7.7524e-12
1.5393e-11,1.209e-11,8.6796e-12
1.1561e-11,1.3325e-11,1.1596e-11
1.4911e-11,1.1568e-11,7.3365e-12
1.694e-11,1.4045e-11,9.5233e-12
1.1535e-11,1.2751e-11,7.299e-12
8.6213e-12,1.4724e-11,1.2661e-11
1.5721e-11,4.1767e-11,3.207e-11
1.1763e-11,1.2268e-11,8.2781e-12
1.1044e-11,1.1199e-11,8.0229e-12
4.2963e-11,5.4758e-11,5.009e-11
1.7129e-11,2.1581e-11,1.8306e-11
2.9277e-11,3.0397e-11,2.5988e-11
1.5057e-11,1.3953e-11,1.274e-11
1.8767e-11,1.5362e-11,1.3352e-11
4.3758e-11,4.6916e-11,4.2072e-11
1.6691e-11,1.5695e-11,1.5342e-11
1.657e-11,1.4717e-11,1.5997e-11
1.9224e-11,1.3149e-11,1.6669e-11
2.4965e-11,1.9138e-11,2.0647e-11
2.807e-11,2.3119e-11,2.7772e-11
2.0833e-11,1.4104e-11,1.8459e-11
2.6868e-11,1.8554e-11,2.7383e-11
3.4543e-11,2.7238e-11,3.5372e-11
3.5795e-11,2.7831e-11,4.0449e-11
2.9193e-11,1.7831e-11,2.6645e-11
2.7567e-11,1.7358e-11,2.4662e-11
2.7776e-11,1.5075e-11,2.7996e-11
2.566e-11,1.4247e-11,2.3873e-11
2.6334e-11,1.3847e-11,2.4645e-11
2.8164e-11,1.1838e-11,2.1083e-11
2.8972e-11,9.838e-12,2.1286e-11
3.1416e-11,1.2521e-11,2.8025e-11
3.4195e-11,9.0508e-12,2.8742e-11
3.383e-11,1.0087e-11,2.8409e-11
5.3518e-11,2.8425e-11,5.0036e-11
4.2875e-11,1.8968e-11,4.0601e-11
4.9086e-11,2.1259e-11,4.942e-11
5.2382e-11,2.0528e-11,4.7026e-11
5.7846e-11,1.0733e-11,4.9766e-11
5.9029e-11,1.1168e-11,5.1786e-11
1.3704e-11,1.1852e-11,6.9543e-12
1.1473e-11,1.2322e-11,8.6416e-12
1.0087e-11,2.7287e-11,2.2211e-11
2.5101e-11,1.729e-11,1.571e-11
9.9733e-12,1.0837e-11,9.9858e-12
1.129e-11,1.2733e-11,7.4627e-12
1.0278e-11,1.1469e-11,8.7047e-12
3.1125e-11,2.9799e-11,2.3252e-11
1.9404e-11,1.2392e-11,1.1246e-11
9.1448e-12,1.2653e-11,1.1891e-11
3.6775e-11,4.1178e-11,2.7912e-11
7.8154e-12,1.2227e-11,1.0913e-11
1.2068e-11,3.4496e-11,3.1534e-11
2.4439e-11,1.8975e-11,1.3975e-11
2.0318e-11,1.3676e-11,1.008e-11
8.6673e-12,1.3369e-11,1.0746e-11
1.1515e-11,1.0724e-11,9.7795e-12
9.0667e-12,1.4243e-11,1.2744e-11
4.4361e-11,6.1138e-11,4.577e-11
1.5535e-11,4.1421e-11,3.5699e-11
1.1054e-11,1.1479e-11,9.9562e-12
8.7374e-12,1.4422e-11,1.2186e-11
1.6176e-11,5.4424e-11,4.4421e-11
4.8059e-11,6.2237e-11,5.3771e-11
2.0605e-11,4.9588e-11,4.1559e-11
2.475e-11,5.0551e-11,4.5365e-11
1.3921e-11,1.3231e-11,1.1952e-11
1.404e-11,1.2838e-11,1.1101e-11
1.5409e-11,1.4196e-11,1.3975e-11
2.1325e-11,2.3845e-11,2.592e-11
2.4587e-11,1.9362e-11,1.9768e-11
2.2169e-11,1.8802e-11,2.0611e-11
2.4516e-11,2.839e-11,3.1096e-11
2.7175e-11,2.8546e-11,3.1761e-11
2.8827e-11,3.995e-11,4.091e-11
1.855e-11,1.3644e-11,1.4428e-11
2.9195e-11,2.1672e-11,2.1827e-11
3.1005e-11,3.1968e-11,3.6015e-11
1.7155e-11,1.5102e-11,1.8126e-11
3.4665e-11,2.5434e-11,3.1306e-11
3.9542e-11,4.185e-11,5.2972e-11
2.0393e-11,1.1128e-11,1.4328e-11
1.9997e-11,1.1803e-11,1.5072e-11
4.3324e-11,2.9155e-11,3.7558e-11
2.3011e-11,1.2423e-11,1.7885e-11
5.349e-11,3.33e-11,4.6761e-11
3.2153e-11,1.2099e-11,2.4135e-11
5.0602e-11,2.6118e-11,4.75e-11
3.6771e-11,1.2795e-11,3.0667e-11
3.778e-11,1.0873e-11,3.2534e-11
4.3906e-11,2.0206e-11,4.4241e-11
4.3714e-11,1.0242e-11,3.5886e-11
5.2937e-11,1.4838e-11,4.8572e-11
5.1056e-11,1.0847e-11,4.2257e-11
5.3519e-11,1.135e-11,4.607e-11
5.8013e-11,1.3585e-11,5.1732e-11
5.6537e-11,1.2929e-11,4.9466e-11
8.8787e-12,1.4895e-11,1.3098e-11
1.1353e-11,1.6722e-11,1.5722e-11
1.8927e-11,1.1622e-11,7.936e-12
1.5027e-11,1.7628e-11,1.7129e-11
1.8671e-11,1.161e-11,8.0453e-12
8.4675e-12,1.2392e-11,8.9959e-12
8.5345e-12,1.2271e-11,8.7382e-12
1.5522e-11,4.2089e-11,3.3559e-11
7.6641e-12,1.1402e-11,9.9648e-12
1.92e-11,1.6724e-11,1.2212e-11
1.6519e-11,5.244e-11,4.0876e-11
4.4173e-11,5.3399e-11,4.6667e-11
2.0231e-11,1.696e-11,1.4607e-11
2.6312e-11,2.1639e-11,1.6301e-11
1.7932e-11,1.4962e-11,1.5079e-11
1.8687e-11,1.8923e-11,2.1329e-11
2.8039e-11,2.3572e-11,2.619e-11
1.6903e-11,1.3433e-11,1.3933e-11
1.8255e-11,1.5064e-11,1.3073e-11
3.2001e-11,3.1358e-11,3.2708e-11
3.9122e-11,4.1053e-11,4.6524e-11
3.4791e-11,2.5706e-11,3.0965e-11
1.7649e-11,1.4678e-11,1.672e-11
2.6818e-11,1.9732e-11,2.1526e-11
1.766e-11,1.5047e-11,1.7405e-11
2.1113e-11,1.7742e-11,2.2514e-11
2.0924e-11,1.2034e-11,1.4294e-11
3.9732e-11,3.0684e-11,4.1667e-11
2.0332e-11,1.4932e-11,2.0129e-11
3.1086e-11,2.3471e-11,2.9509e-11
2.3945e-11,1.5098e-11,2.3017e-11
2.5781e-11,1.1515e-11,1.949e-11
2.652e-11,1.0404e-11,1.9807e-11
5.4211e-11,3.1742e-11,4.4909e-11
3.827e-11,2.45e-11,4.0819e-11
4.5745e-11,2.1052e-11,4.2554e-11
5.3567e-11,2.3844e-11,5.0781e-11
5.2724e-11,2.0602e-11,5.041e-11
4.7404e-11,1.0576e-11,3.8084e-11
4.9179e-11,9.5889e-12,3.9106e-11
1.4312e-11,1.1905e-11,4.8403e-12
9.8342e-12,1.5375e-11,1.3705e-11
1.1562e-11,2.7739e-11,2.2617e-11
2.2614e-11,1.7215e-11,9.4971e-12
1.3943e-11,1.2385e-11,7.7161e-12
2.2235e-11,1.7875e-11,1.0201e-11
2.3733e-11,1.4761e-11,1.5553e-11
9.0277e-12,1.1415e-11,9.6708e-12
2.8718e-11,2.7045e-11,2.2094e-11
3.1463e-11,3.8782e-11,2.836e-11
2.1555e-11,1.5524e-11,8.9013e-12
4.019e-11,4.3708e-11,2.9323e-11
1.436e-11,1.2887e-11,6.5199e-12
1.7489e-11,3.1082e-11,2.2014e-11
8.2264e-12,1.225e-11,1.1863e-11
4.7151e-11,5.2009e-11,3.645e-11
1.3236e-11,2.7897e-11,2.2036e-11
1.1863e-11,1.4679e-11,8.1517e-12
1.417e-11,1.316e-11,9.0937e-12
3.2505e-11,3.5735e-11,2.6569e-11
2.1298e-11,1.7874e-11,1.4188e-11
1.8004e-11,2.8499e-11,2.428e-11
2.071e-11,1.7663e-11,1.7357e-11
4.5386e-11,5.1715e-11,4.4522e-11
2.6723e-11,2.2132e-11,1.7863e-11
3.6062e-11,3.3677e-11,3.0588e-11
2.7595e-11,2.3686e-11,2.0267e-11
2.8634e-11,2.5463e-11,2.7513e-11
2.9763e-11,3.4911e-11,3.5827e-11
1.7383e-11,1.3161e-11,1.298e-11
1.6533e-11,1.606e-11,1.6465e-11
1.7259e-11,1.4637e-11,1.7402e-11
3.052e-11,2.2304e-11,2.3458e-11
1.7519e-11,1.4461e-11,1.734e-11
2.2031e-11,1.8749e-11,1.7107e-11
2.4171e-11,1.8899e-11,1.9626e-11
2.2334e-11,1.2617e-11,1.7224e-11
2.2793e-11,1.6982e-11,1.9578e-11
2.3723e-11,1.1979e-11,1.8896e-11
2.3335e-11,1.661e-11,2.0845e-11
2.6041e-11,1.1847e-11,1.8745e-11
4.0367e-11,2.9969e-11,4.7006e-11
3.3242e-11,2.557e-11,3.6687e-11
2.8992e-11,1.7598e-11,2.9329e-11
2.7911e-11,1.6438e-11,2.3659e-11
3.212e-11,1.3968e-11,2.379e-11
4.7984e-11,2.3306e-11,4.2211e-11
3.7521e-11,1.0556e-11,3.1143e-11
4.1661e-11,1.9808e-11,4.0205e-11
4.3052e-11,1.937e-11,4.0777e-11
5.2568e-11,2.1252e-11,5.0899e-11
5.1585e-11,1.8837e-11,4.4901e-11
5.2265e-11,1.7122e-11,4.4581e-11
5.9441e-11,1.4103e-11,5.376e-11
5.8338e-11,1.4203e-11,5.1201e-11
1.1087e-11,1.0403e-11,7.4474e-12
1.2153e-11,2.2366e-11,1.9926e-11
1.6439e-11,4.7296e-11,4.0819e-11
2.8671e-11,1.6984e-11,1.4867e-11
9.722e-12,1.4441e-11,1.311e-11
1.901e-11,1.2447e-11,6.3085e-12
4.7232e-11,6.5543e-11,4.6655e-11
1.6531e-11,4.5769e-11,3.8599e-11
4.4739e-11,6.0102e-11,4.3607e-11
1.0108e-11,1.2757e-11,1.1894e-11
1.5616e-11,1.254e-11,6.7368e-12
3.0064e-11,2.5712e-11,1.898e-11
1.2361e-11,1.0879e-11,7.6327e-12
8.9626e-12,1.4397e-11,1.3341e-11
1.6093e-11,2.9952e-11,2.3145e-11
1.6716e-11,5.4275e-11,4.3974e-11
1.9055e-11,1.3435e-11,9.5768e-12
1.1612e-11,1.4496e-11,1.3783e-11
2.0089e-11,1.8265e-11,1.3034e-11
1.6152e-11,3.8732e-11,3.1189e-11
1.9259e-11,3.1606e-11,2.3157e-11
3.165e-11,3.1653e-11,2.1658e-11
2.1308e-11,4.5333e-11,3.8262e-11
1.3517e-11,1.4436e-11,1.4594e-11
2.3447e-11,3.8904e-11,3.2973e-11
1.7887e-11,1.5861e-11,1.1762e-11
1.3808e-11,1.5119e-11,1.5772e-11
1.4667e-11,1.6146e-11,1.7118e-11
2.6108e-11,2.0377e-11,1.9295e-11
2.1079e-11,2.0128e-11,1.8778e-11
3.1653e-11,3.7633e-11,4.0674e-11
2.1982e-11,1.8116e-11,2.1112e-11
2.1987e-11,2.0492e-11,2.4043e-11
2.2787e-11,1.1489e-11,1.7389e-11
3.2913e-11,2.3929e-11,2.6328e-11
2.3009e-11,1.6848e-11,2.2309e-11
2.7083e-11,1.9266e-11,2.5228e-11
2.5122e-11,1.3915e-11,1.9941e-11
2.323e-11,1.6405e-11,2.1896e-11
2.5181e-11,1.5888e-11,2.3791e-11
2.7751e-11,1.9056e-11,2.6744e-11
2.743e-11,1.1803e-11,1.9507e-11
4.8135e-11,3.2455e-11,4.4163e-11
2.9661e-11,1.1378e-11,2.1073e-11
2.7246e-11,1.5299e-11,2.5181e-11
3.2294e-11,1.7594e-11,3.3013e-11
5.4522e-11,3.04e-11,4.5696e-11
3.2558e-11,1.7622e-11,3.1002e-11
4.7739e-11,2.7382e-11,4.485e-11
3.6036e-11,1.4819e-11,3.075e-11
5.2438e-11,1.7221e-11,5.0106e-11
5.0573e-11,1.3124e-11,4.2679e-11
4.5523e-11,1.6168e-11,3.9311e-11
6.0139e-11,1.1411e-11,5.0951e-11
5.7773e-11,1.1709e-11,4.9346e-11
6.0806e-11,1.6535e-11,5.1938e-11
1.2394e-11,1.7716e-11,1.6162e-11
1.3284e-11,2.9915e-11,2.674e-11
1.6739e-11,1.2646e-11,6.6618e-12
3.4886e-11,3.6168e-11,2.6455e-11
2.9019e-11,2.6338e-11,2.1031e-11
1.8595e-11,1.332e-11,8.1259e-12
1.5608e-11,1.3212e-11,6.3783e-12
4.1564e-11,5.8049e-11,4.0808e-11
4.2609e-11,5.5991e-11,3.7416e-11
8.8995e-12,1.3394e-11,1.0936e-11
9.1954e-12,1.1438e-11,1.037e-11
8.3019e-12,1.1979e-11,1.1232e-11
1.0992e-11,1.1842e-11,8.2175e-12
1.2522e-11,2.742e-11,2.0862e-11
1.3968e-11,1.3696e-11,1.2127e-11
1.2816e-11,1.5259e-11,8.4878e-12
1.3725e-11,1.3415e-11,1.0863e-11
1.3012e-11,1.4509e-11,1.4242e-11
4.9947e-11,6.2718e-11,5.2255e-11
1.5326e-11,1.5728e-11,1.7507e-11
2.2174e-11,2.3761e-11,2.7333e-11
1.7368e-11,1.5852e-11,1.9868e-11
2.0908e-11,2.2509e-11,2.5067e-11
2.2822e-11,2.0299e-11,1.9875e-11
2.296e-11,1.7512e-11,2.0816e-11
1.6838e-11,1.5717e-11,1.8092e-11
2.545e-11,2.3062e-11,2.6106e-11
2.0045e-11,1.8113e-11,1.6736e-11
1.9993e-11,1.7358e-11,1.6093e-11
2.1102e-11,1.3139e-11,1.4679e-11
2.1795e-11,1.7745e-11,2.1965e-11
2.2062e-11,1.1958e-11,1.6092e-11
2.4782e-11,1.6254e-11,2.0887e-11
2.5736e-11,1.5551e-11,2.1782e-11
3.3265e-11,1.5963e-11,2.6198e-11
3.9996e-11,1.9391e-11,3.7142e-11
3.5527e-11,1.3953e-11,2.7151e-11
3.703e-11,1.985e-11,3.3924e-11
4.5022e-11,2.1436e-11,4.3138e-11
4.2195e-11,1.2976e-11,3.5068e-11
5.0211e-11,2.1234e-11,5.0109e-11
5.6632e-11,2.0829e-11,5.4308e-11
5.6664e-11,1.5656e-11,5.0532e-11
1.593e-11,1.6444e-11,8.1008e-12
1.5154e-11,5.2519e-11,4.7127e-11
2.0313e-11,1.349e-11,7.1652e-12
1.3026e-11,2.5436e-11,2.0742e-11
2.8202e-11,1.6409e-11,1.3759e-11
1.6594e-11,4.198e-11,3.4087e-11
1.2992e-11,1.2605e-11,1.1038e-11
1.6591e-11,1.4328e-11,6.7549e-12
2.6318e-11,1.8986e-11,1.4133e-11
1.3766e-11,1.26e-11,1.0097e-11
1.7772e-11,3.5849e-11,2.7903e-11
1.1055e-11,1.2395e-11,8.2523e-12
1.6991e-11,3.7458e-11,2.9404e-11
2.1781e-11,4.4609e-11,3.5766e-11
3.2765e-11,3.3159e-11,2.405e-11
1.4785e-11,1.4553e-11,1.5332e-11
3.5657e-11,3.2823e-11,2.5782e-11
1.6059e-11,1.4188e-11,1.1826e-11
1.6988e-11,1.2976e-11,1.2143e-11
2.3509e-11,2.4585e-11,2.8743e-11
1.8753e-11,1.5805e-11,1.2927e-11
1.8533e-11,1.3489e-11,1.3207e-11
3.2964e-11,2.4107e-11,2.6569e-11
3.8894e-11,3.167e-11,3.3901e-11
1.705e-11,1.5701e-11,1.7407e-11
3.4776e-11,2.5932e-11,2.8326e-11
4.7851e-11,3.8949e-11,4.4503e-11
2.3156e-11,1.7794e-11,1.9237e-11
2.1007e-11,1.4954e-11,1.8617e-11
5.3245e-11,3.8385e-11,4.4438e-11
2.5234e-11,1.2617e-11,1.5964e-11
4.1718e-11,2.8147e-11,3.3001e-11
2.5038e-11,1.2589e-11,1.923e-11
5.3934e-11,3.8047e-11,4.7608e-11
4.2305e-11,3.0491e-11,4.4277e-11
2.6315e-11,1.4607e-11,2.2015e-11
2.988e-11,1.2712e-11,2.2987e-11
2.6522e-11,1.5661e-11,2.4037e-11
3.2779e-11,2.247e-11,3.0533e-11
3.0822e-11,1.4887e-11,2.7521e-11
4.0051e-11,2.5989e-11,3.9914e-11
5.6989e-11,3.2133e-11,4.8371e-11
5.1336e-11,2.5306e-11,4.5972e-11
4.1203e-11,1.2836e-11,3.0108e-11
4.6282e-11,1.4426e-11,3.9985e-11
5.0399e-11,1.052e-11,3.9732e-11
1.3818e-11,1.9517e-11,1.8001e-11
1.4683e-11,1.2212e-11,8.6682e-12
1.12e-11,1.643e-11,1.5463e-11
8.6432e-12,1.4225e-11,1.4648e-11
1.0601e-11,1.2785e-11,9.4227e-12
3.3514e-11,2.4406e-11,2.0526e-11
1.3035e-11,1.2527e-11,1.033e-11
9.0338e-12,1.4851e-11,1.3531e-11
1.3194e-11,2.4858e-11,2.0853e-11
1.0698e-11,2.0399e-11,1.7259e-11
1.1804e-11,2.2369e-11,1.9122e-11
1.403e-11,1.1551e-11,6.4488e-12
1.7198e-11,1.288e-11,7.4929e-12
8.6569e-12,1.4516e-11,1.2025e-11
1.1805e-11,2.682e-11,2.2324e-11
2.0897e-11,1.5317e-11,9.5715e-12
1.8563e-11,4.0841e-11,3.3423e-11
3.0993e-11,2.8656e-11,2.2044e-11
1.2428e-11,1.533e-11,1.5315e-11
4.7846e-11,5.2569e-11,3.9173e-11
2.1859e-11,2.6655e-11,2.7731e-11
1.9209e-11,2.0898e-11,2.1128e-11
2.0769e-11,2.11e-11,2.0744e-11
3.575e-11,2.9988e-11,2.9513e-11
1.7943e-11,1.3661e-11,1.3409e-11
5.5865e-11,4.548e-11,4.9782e-11
2.768e-11,2.0892e-11,2.3436e-11
4.7576e-11,3.87e-11,5.0525e-11
2.7425e-11,2.0291e-11,2.4797e-11
5.2928e-11,3.5756e-11,4.8447e-11
5.5179e-11,3.5546e-11,4.978e-11
2.9593e-11,1.5263e-11,2.5954e-11
3.2706e-11,1.6645e-11,2.2738e-11
4.2774e-11,2.2898e-11,3.9883e-11
3.6819e-11,1.7031e-11,3.0599e-11
3.8367e-11,1.9359e-11,3.7018e-11
4.0181e-11,1.2712e-11,3.1344e-11
4.1371e-11,1.7983e-11,3.5253e-11
4.9188e-11,1.9184e-11,4.411e-11
5.5212e-11,2.2831e-11,4.8504e-11
4.9184e-11,1.7532e-11,4.0327e-11
6.0117e-11,1.4704e-11,5.0794e-11
1.4851e-11,3.4393e-11,3.1638e-11
1.1276e-11,1.3035e-11,7.8004e-12
1.129e-11,1.2082e-11,8.4751e-12
8.1019e-12,1.1466e-11,1.12e-11
8.4062e-12,1.2201e-11,1.1584e-11
4.3556e-11,5.0003e-11,3.1951e-11
9.4285e-12,1.1186e-11,9.1504e-12
8.2112e-12,1.1578e-11,9.8606e-12
2.052e-11,1.4099e-11,6.4095e-12
1.6785e-11,1.2495e-11,4.6587e-12
4.3904e-11,4.7705e-11,2.9312e-11
9.2904e-12,1.4998e-11,1.3651e-11
5.5302e-11,7.8408e-11,4.7369e-11
9.0429e-12,1.4574e-11,1.3205e-11
1.7432e-11,1.3181e-11,9.2082e-12
1.4195e-11,1.2814e-11,6.9921e-12
9.0461e-12,1.2603e-11,1.155e-11
2.8869e-11,1.5188e-11,1.1319e-11
1.1347e-11,1.9199e-11,1.5697e-11
1.0823e-11,1.6754e-11,1.5033e-11
4.8557e-11,5.1843e-11,3.0889e-11
8.9896e-12,1.4928e-11,1.3416e-11
1.8885e-11,4.4216e-11,3.5637e-11
1.3363e-11,1.3542e-11,1.0225e-11
2.3709e-11,1.9566e-11,1.5659e-11
1.2281e-11,1.7259e-11,1.5428e-11
1.4817e-11,1.9347e-11,1.8396e-11
1.541e-11,1.9122e-11,1.8689e-11
1.7472e-11,1.5848e-11,1.2861e-11
1.8337e-11,2.1998e-11,2.0874e-11
5.1201e-11,4.9785e-11,4.5521e-11
3.4261e-11,2.7329e-11,2.595e-11
2.1705e-11,1.9563e-11,2.2338e-11
2.4809e-11,2.2119e-11,2.113e-11
4.7574e-11,3.8014e-11,4.4557e-11
2.1714e-11,1.8182e-11,1.6132e-11
1.9652e-11,1.6225e-11,1.8261e-11
2.2516e-11,1.8263e-11,2.09e-11
2.3798e-11,1.2855e-11,1.5989e-11
3.3362e-11,2.5115e-11,2.5426e-11
2.4416e-11,1.2781e-11,1.588e-11
4.4376e-11,3.386e-11,4.5633e-11
2.3293e-11,1.5091e-11,1.9281e-11
3.5462e-11,2.7894e-11,3.8486e-11
3.5215e-11,2.3726e-11,3.0534e-11
3.4392e-11,2.3633e-11,2.9061e-11
3.8652e-11,2.8457e-11,4.2367e-11
3.13e-11,1.6696e-11,2.7323e-11
3.4406e-11,1.6453e-11,2.3643e-11
4.3584e-11,2.2179e-11,4.1354e-11
4.278e-11,1.3833e-11,3.5182e-11
5.7149e-11,2.3474e-11,5.2032e-11
5.5945e-11,1.5351e-11,4.7663e-11
6.0097e-11,1.5983e-11,5.0673e-11
5.7811e-11,1.7857e-11,4.8327e-11
6.1775e-11,1.2189e-11,5.0394e-11
1.242e-11,1.1051e-11,8.7247e-12
8.9811e-12,1.1693e-11,1.1796e-11
1.5412e-11,1.314e-11,7.836e-12
4.539e-11,5.4008e-11,3.3072e-11
1.8129e-11,5.43e-11,4.9379e-11
1.7473e-11,1.2726e-11,5.0914e-12
1.013e-11,1.4116e-11,1.121e-11
9.553e-12,1.5344e-11,1.3977e-11
1.8143e-11,5.7424e-11,5.0493e-11
1.7948e-11,1.4139e-11,7.1706e-12
4.3458e-11,5.2392e-11,3.2905e-11
1.8532e-11,1.4042e-11,8.527e-12
1.01e-11,1.2978e-11,1.1532e-11
1.4922e-11,1.2158e-11,1.0342e-11
4.9197e-11,6.5942e-11,4.3985e-11
5.8673e-11,8.2954e-11,5.544e-11
1.5718e-11,1.624e-11,8.484e-12
3.9103e-11,4.2328e-11,2.8741e-11
2.2283e-11,4.1211e-11,3.7286e-11
4.7096e-11,4.2585e-11,2.8509e-11
2.0105e-11,1.8232e-11,1.623e-11
1.3268e-11,1.5302e-11,1.5442e-11
2.3696e-11,2.8568e-11,2.8567e-11
2.3375e-11,2.076e-11,1.6413e-11
1.814e-11,1.3184e-11,1.2453e-11
4.1039e-11,3.3227e-11,3.2261e-11
2.1508e-11,1.5698e-11,1.4527e-11
5.451e-11,4.4334e-11,4.7161e-11
2.8931e-11,2.627e-11,3.2249e-11
3.83e-11,2.8735e-11,3.2943e-11
2.1045e-11,1.6563e-11,1.9518e-11
2.9116e-11,2.1581e-11,2.6965e-11
2.7533e-11,2.1987e-11,2.2206e-11
2.4712e-11,1.3858e-11,1.6744e-11
3.8756e-11,2.9113e-11,3.8494e-11
2.5707e-11,1.5608e-11,2.0126e-11
2.9216e-11,1.7008e-11,2.1664e-11
2.8556e-11,1.3299e-11,2.0379e-11
3.161e-11,1.3562e-11,1.9669e-11
3.0871e-11,1.6885e-11,2.4728e-11
3.7193e-11,2.8003e-11,3.5182e-11
3.0586e-11,1.7669e-11,2.7817e-11
4.0241e-11,2.7223e-11,3.9307e-11
4.3691e-11,2.483e-11,3.7164e-11
3.4315e-11,1.7819e-11,3.229e-11
4.4703e-11,2.3962e-11,4.2508e-11
4.5398e-11,1.353e-11,3.4203e-11
5.0433e-11,2.2579e-11,4.5045e-11
5.5819e-11,1.4892e-11,4.7521e-11
5.9162e-11,2.314e-11,4.9719e-11
5.8902e-11,1.5049e-11,4.8666e-11
2.4866e-11,1.5274e-11,8.126e-12
1.2502e-11,1.3208e-11,7.0359e-12
4.0313e-11,4.0362e-11,2.8267e-11
1.4122e-11,1.3173e-11,1.142e-11
3.5829e-11,2.4374e-11,1.9285e-11
1.3063e-11,1.1907e-11,7.3462e-12
1.3202e-11,1.1963e-11,7.5237e-12
1.38e-11,1.1013e-11,7.0918e-12
5.5844e-11,7.2481e-11,4.1095e-11
1.1054e-11,1.4984e-11,1.3803e-11
5.6543e-11,8.4792e-11,4.9332e-11
1.2059e-11,1.287e-11,9.2072e-12
9.5766e-12,1.291e-11,9.0629e-12
1.1583e-11,1.3336e-11,9.4836e-12
1.1233e-11,1.2041e-11,7.9493e-12
1.521e-11,1.4465e-11,8.6687e-12
3.9664e-11,4.2976e-11,2.762e-11
2.1744e-11,4.5585e-11,3.7512e-11
1.3658e-11,2.0815e-11,1.8337e-11
1.7983e-11,3.2481e-11,2.7953e-11
1.9835e-11,1.8793e-11,1.3649e-11
1.2591e-11,1.5914e-11,1.5628e-11
1.3212e-11,1.6346e-11,1.3527e-11
1.4291e-11,1.6639e-11,1.6778e-11
1.7764e-11,1.8147e-11,1.8186e-11
2.2235e-11,1.9947e-11,2.1569e-11
1.9617e-11,1.361e-11,1.5292e-11
2.0174e-11,1.5272e-11,1.627e-11
1.9545e-11,1.3698e-11,1.3586e-11
1.9914e-11,1.5988e-11,1.714e-11
5.6628e-11,4.1242e-11,4.3934e-11
2.297e-11,1.4151e-11,1.5741e-11
5.0888e-11,3.7234e-11,4.1032e-11
2.5822e-11,1.4626e-11,1.8264e-11
2.4319e-11,1.853e-11,2.3141e-11
4.2724e-11,3.0221e-11,3.5404e-11
3.4272e-11,2.734e-11,3.4357e-11
2.9587e-11,1.9269e-11,2.4152e-11
4.9634e-11,3.298e-11,3.8686e-11
3.333e-11,1.2593e-11,2.0548e-11
5.4497e-11,3.2523e-11,4.6791e-11
4.9245e-11,2.9225e-11,4.2151e-11
4.2278e-11,1.9905e-11,3.1682e-11
3.992e-11,2.0644e-11,3.7277e-11
4.1427e-11,2.0035e-11,3.721e-11
4.434e-11,2.4238e-11,4.2937e-11
4.5766e-11,2.1912e-11,4.3934e-11
5.4479e-11,1.7793e-11,4.7812e-11
5.4741e-11,2.0595e-11,4.5302e-11
6.2725e-11,1.4576e-11,5.1998e-11
6.4661e-11,1.2885e-11,5.3952e-11
6.6492e-11,1.3562e-11,5.5135e-11
1.4891e-11,1.3188e-11,9.2601e-12
1.3341e-11,2.984e-11,2.4904e-11
1.0505e-11,1.2642e-11,9.0074e-12
1.0016e-11,1.2703e-11,1.0573e-11
1.0218e-11,1.1188e-11,7.6251e-12
1.8977e-11,3.3821e-11,3.0744e-11
1.7938e-11,4.0501e-11,3.3841e-11
1.3659e-11,1.1345e-11,7.3479e-12
1.6072e-11,3.7415e-11,3.1842e-11
2.1426e-11,4.537e-11,3.6743e-11
1.115e-11,1.167e-11,8.4902e-12
1.0112e-11,1.2538e-11,1.1339e-11
3.013e-11,1.7364e-11,1.1679e-11
1.1277e-11,1.3744e-11,1.2088e-11
3.3633e-11,2.2664e-11,1.5656e-11
3.2521e-11,3.1629e-11,2.244e-11
1.1929e-11,1.4015e-11,1.0095e-11
1.5046e-11,1.4891e-11,9.8555e-12
1.3189e-11,1.2699e-11,8.5594e-12
2.2976e-11,4.8618e-11,4.0951e-11
5.6929e-11,7.1901e-11,5.2486e-11
1.9062e-11,2.7881e-11,2.4531e-11
1.879e-11,2.8888e-11,2.5295e-11
4.4978e-11,4.0822e-11,3.0057e-11
1.3772e-11,1.5557e-11,1.4085e-11
1.3889e-11,1.6465e-11,1.4971e-11
1.3932e-11,1.6551e-11,1.3523e-11
1.914e-11,1.376e-11,1.466e-11
2.3551e-11,2.1757e-11,2.2198e-11
3.4036e-11,3.1442e-11,3.6206e-11
2.3018e-11,1.6092e-11,1.6975e-11
3.663e-11,2.6748e-11,2.6751e-11
2.984e-11,2.413e-11,2.3854e-11
2.6625e-11,1.4327e-11,1.6733e-11
2.5443e-11,1.6837e-11,1.9201e-11
2.9655e-11,1.3867e-11,1.8382e-11
2.8937e-11,1.3677e-11,1.8074e-11
2.6718e-11,1.697e-11,2.1626e-11
4.5415e-11,3.0119e-11,3.1156e-11
5.559e-11,3.8542e-11,5.1012e-11
3.5443e-11,1.6479e-11,2.4725e-11
3.8087e-11,2.1073e-11,3.4598e-11
3.7525e-11,1.894e-11,3.4805e-11
6.3013e-11,1.7629e-11,5.3378e-11
1.6539e-11,1.2811e-11,7.48e-12
1.2831e-11,1.3324e-11,7.379e-12
1.2241e-11,1.4133e-11,1.2338e-11
9.9395e-12,1.3912e-11,1.3859e-11
1.0223e-11,1.2246e-11,1.0123e-11
1.0287e-11,1.2219e-11,9.5946e-12
1.1837e-11,1.3482e-11,1.3322e-11
1.1961e-11,1.3989e-11,1.3491e-11
1.2309e-11,1.1162e-11,6.8997e-12
2.4023e-11,1.819e-11,1.1922e-11
1.9763e-11,5.1575e-11,4.2078e-11
3.4459e-11,2.5868e-11,1.8648e-11
9.8416e-12,1.453e-11,1.0058e-11
1.0881e-11,1.2749e-11,9.5692e-12
1.4459e-11,1.5035e-11,8.5365e-12
1.1447e-11,1.2335e-11,8.4362e-12
1.3928e-11,1.519e-11,8.9105e-12
1.5507e-11,2.1779e-11,1.8419e-11
1.5352e-11,2.0752e-11,1.7932e-11
3.4225e-11,2.9561e-11,2.061e-11
1.2895e-11,1.5724e-11,1.3456e-11
1.7765e-11,2.3056e-11,2.1366e-11
1.2871e-11,1.6176e-11,1.3495e-11
1.9867e-11,1.8882e-11,1.373e-11
2.7178e-11,3.8955e-11,3.5521e-11
1.8513e-11,1.8944e-11,1.3371e-11
5.1901e-11,4.4591e-11,4.144e-11
2.4817e-11,2.2907e-11,1.8003e-11
1.9741e-11,1.5058e-11,1.6546e-11
1.9258e-11,1.754e-11,1.9579e-11
2.0317e-11,1.626e-11,1.7419e-11
3.0286e-11,2.7898e-11,3.3201e-11
2.2714e-11,1.5426e-11,1.5944e-11
2.3887e-11,1.9251e-11,1.8562e-11
4.048e-11,3.0077e-11,3.229e-11
2.645e-11,1.3964e-11,1.8186e-11
2.3229e-11,1.8161e-11,2.0339e-11
2.6199e-11,1.6815e-11,1.9355e-11
3.2454e-11,2.3047e-11,2.5224e-11
4.1049e-11,3.0798e-11,4.1543e-11
3.8933e-11,3.0746e-11,3.3266e-11
5.0947e-11,3.6018e-11,4.4024e-11
3.5774e-11,2.6311e-11,3.6746e-11
3.5135e-11,1.4124e-11,2.1054e-11
4.987e-11,3.375e-11,3.9576e-11
3.9068e-11,1.5168e-11,2.591e-11
4.0069e-11,1.8819e-11,3.6138e-11
4.6819e-11,2.6809e-11,4.4397e-11
5.5848e-11,2.7268e-11,4.8604e-11
5.926e-11,2.4215e-11,5.2561e-11
6.7103e-11,1.5652e-11,5.4668e-11
1.3853e-11,1.2916e-11,9.3063e-12
1.091e-11,1.358e-11,1.1307e-11
3.2868e-11,2.0587e-11,1.7973e-11
2.5377e-11,1.5896e-11,1.108e-11
2.7865e-11,1.7917e-11,1.5907e-11
1.1331e-11,1.3816e-11,1.055e-11
4.2387e-11,4.3195e-11,2.8883e-11
3.7878e-11,2.7349e-11,2.0247e-11
1.4942e-11,1.1626e-11,6.3065e-12
2.6915e-11,1.5103e-11,1.2212e-11
1.159e-11,1.5932e-11,1.5404e-11
1.2615e-11,1.1387e-11,7.2079e-12
3.1815e-11,2.0187e-11,1.622e-11
1.4633e-11,1.9831e-11,1.8429e-11
5.8748e-11,7.4968e-11,3.9528e-11
1.8922e-11,4.2286e-11,3.6587e-11
1.7347e-11,1.5549e-11,9.4487e-12
6.1199e-11,8.3615e-11,4.4469e-11
6.3255e-11,9.3329e-11,5.3715e-11
1.6223e-11,2.9486e-11,2.4768e-11
1.4026e-11,1.7345e-11,1.406e-11
1.8433e-11,1.933e-11,2.0438e-11
3.4907e-11,2.7284e-11,2.3314e-11
1.8681e-11,1.4362e-11,1.2254e-11
1.9442e-11,1.4001e-11,1.3918e-11
2.1647e-11,1.8582e-11,1.6601e-11
2.3414e-11,1.5685e-11,1.6398e-11
2.5336e-11,1.9844e-11,2.4464e-11
2.8226e-11,2.0332e-11,2.6084e-11
3.2571e-11,1.6953e-11,2.0809e-11
3.8601e-11,2.6903e-11,3.3322e-11
3.3086e-11,1.5317e-11,2.4676e-11
4.0333e-11,2.6315e-11,3.8827e-11
4.4426e-11,2.469e-11,3.7215e-11
4.2152e-11,1.3655e-11,3.0439e-11
4.2984e-11,1.679e-11,3.2908e-11
5.9477e-11,1.7481e-11,4.5272e-11
1.841e-11,1.413e-11,6.1402e-12
1.4277e-11,1.1446e-11,6.3015e-12
2.1984e-11,1.5643e-11,7.1389e-12
1.3627e-11,1.3524e-11,1.5559e-11
1.4207e-11,2.5282e-11,2.3677e-11
1.4078e-11,1.1172e-11,8.0802e-12
1.9375e-11,1.5401e-11,6.7344e-12
1.918e-11,1.4581e-11,7.161e-12
1.7872e-11,1.441e-11,6.0157e-12
3.0722e-11,1.737e-11,1.3359e-11
1.2454e-11,1.1365e-11,7.0518e-12
2.0487e-11,5.2871e-11,4.6494e-11
3.1946e-11,1.8385e-11,1.228e-11
1.5422e-11,3.1831e-11,2.7564e-11
2.0598e-11,5.506e-11,4.7726e-11
1.1871e-11,1.7951e-11,1.6286e-11
9.8061e-12,1.3894e-11,9.3745e-12
1.9686e-11,1.6398e-11,8.0914e-12
4.1662e-11,3.4889e-11,2.2179e-11
1.2966e-11,1.3861e-11,1.0923e-11
1.5641e-11,1.6026e-11,8.8761e-12
1.6575e-11,3.0428e-11,2.5764e-11
2.2826e-11,4.1002e-11,3.5148e-11
1.2743e-11,1.8245e-11,1.6669e-11
2.4332e-11,4.5742e-11,4.0816e-11
4.9694e-11,4.463e-11,2.7712e-11
1.2623e-11,1.653e-11,1.3474e-11
1.474e-11,1.4649e-11,1.3239e-11
1.4333e-11,1.6484e-11,1.5881e-11
2.9164e-11,2.4948e-11,1.9033e-11
2.2053e-11,2.0809e-11,1.4945e-11
1.404e-11,1.7783e-11,1.5761e-11
1.5378e-11,1.6889e-11,1.4608e-11
2.4369e-11,3.0884e-11,3.0961e-11
3.696e-11,2.8832e-11,2.6656e-11
2.1113e-11,1.4471e-11,1.4827e-11
3.6344e-11,2.8846e-11,2.4861e-11
2.3964e-11,1.7277e-11,1.7341e-11
2.4321e-11,2.1852e-11,2.5544e-11
2.7245e-11,2.0959e-11,2.173e-11
3.9975e-11,3.5089e-11,4.4674e-11
3.0842e-11,1.429e-11,1.9238e-11
4.3215e-11,3.0119e-11,3.5525e-11
4.001e-11,2.8592e-11,3.299e-11
3.4202e-11,1.4824e-11,2.2296e-11
3.2301e-11,1.823e-11,2.3205e-11
3.0585e-11,2.1183e-11,2.8479e-11
3.4455e-11,1.8937e-11,2.1028e-11
3.6636e-11,2.7279e-11,3.3589e-11
3.388e-11,1.7506e-11,2.4482e-11
4.0679e-11,2.5883e-11,3.2253e-11
3.9109e-11,1.8759e-11,3.0243e-11
4.6261e-11,2.5278e-11,4.4501e-11
5.0445e-11,2.0087e-11,3.8638e-11
5.9747e-11,2.4114e-11,4.9322e-11
5.5098e-11,2.3724e-11,4.8219e-11
1.7461e-11,3.6496e-11,3.1642e-11
1.4359e-11,1.1777e-11,6.5809e-12
1.2332e-11,1.368e-11,1.0917e-11
1.6566e-11,1.2216e-11,6.0566e-12
1.4036e-11,1.1086e-11,5.0893e-12
1.0381e-11,1.4695e-11,1.3065e-11
1.037e-11,1.3316e-11,9.7211e-12
2.1043e-11,1.6296e-11,8.4879e-12
4.1942e-11,3.5181e-11,2.3378e-11
5.0398e-11,5.9056e-11,3.3303e-11
1.1369e-11,1.5572e-11,1.1483e-11
1.0065e-11,1.2795e-11,9.2079e-12
1.2795e-11,1.2209e-11,7.8722e-12
2.0115e-11,4.6702e-11,4.1139e-11
1.6629e-11,1.5007e-11,6.7487e-12
1.0584e-11,1.3737e-11,1.0162e-11
1.8606e-11,3.4231e-11,3.0155e-11
1.5984e-11,2.4453e-11,2.0463e-11
7.2424e-11,9.4228e-11,5.2854e-11
4.7755e-11,4.3604e-11,2.5454e-11
1.3306e-11,1.2906e-11,7.7786e-12
1.7881e-11,2.6891e-11,2.2856e-11
6.6051e-11,7.3277e-11,4.2917e-11
3.8837e-11,3.0877e-11,2.0646e-11
2.3681e-11,3.6571e-11,3.4525e-11
5.9249e-11,5.8093e-11,4.6079e-11
2.2428e-11,2.4219e-11,2.5743e-11
1.8923e-11,2.0214e-11,2.1516e-11
1.8416e-11,1.736e-11,1.691e-11
2.5296e-11,2.059e-11,2.379e-11
4.8855e-11,3.9706e-11,3.7713e-11
2.1518e-11,1.7584e-11,1.7549e-11
2.4426e-11,1.4615e-11,1.6798e-11
2.3592e-11,1.7476e-11,1.8989e-11
2.9807e-11,2.0024e-11,2.3122e-11
3.2612e-11,2.2121e-11,2.3283e-11
2.8411e-11,2.1005e-11,2.5868e-11
3.5012e-11,1.6612e-11,2.413e-11
4.5316e-11,2.991e-11,4.2569e-11
4.1376e-11,1.7903e-11,2.6414e-11
3.9896e-11,1.8856e-11,2.692e-11
4.1752e-11,2.412e-11,3.7108e-11
4.3283e-11,2.4364e-11,3.9564e-11
4.7468e-11,2.4554e-11,3.7334e-11
4.6006e-11,2.5683e-11,4.0212e-11
4.7172e-11,1.8607e-11,3.0436e-11
4.705e-11,2.5038e-11,4.1091e-11
5.5089e-11,2.1953e-11,4.341e-11
5.0146e-11,2.3054e-11,3.1761e-11
6.2572e-11,2.5726e-11,5.2687e-11
4.052e-11,2.5144e-11,1.8981e-11
1.1521e-11,1.3558e-11,1.1085e-11
1.2346e-11,1.6026e-11,1.4983e-11
1.4203e-11,1.8523e-11,1.7738e-11
1.2372e-11,1.2894e-11,7.9999e-12
1.0779e-11,1.3279e-11,1.2055e-11
2.2444e-11,1.6466e-11,8.6128e-12
4.2691e-11,3.1839e-11,2.0685e-11
1.6701e-11,1.4215e-11,7.1263e-12
1.0154e-11,1.4887e-11,1.1947e-11
2.0482e-11,1.7956e-11,9.5748e-12
2.0366e-11,1.762e-11,9.2559e-12
1.3464e-11,1.3815e-11,9.0788e-12
1.1898e-11,1.3e-11,8.859e-12
7.433e-11,8.9982e-11,5.3163e-11
1.3433e-11,1.821e-11,1.6531e-11
1.379e-11,2.0496e-11,1.8576e-11
2.9696e-11,2.3353e-11,1.5353e-11
2.4846e-11,4.4906e-11,3.9885e-11
6.5337e-11,7.0181e-11,4.3511e-11
1.2294e-11,1.6557e-11,1.549e-11
1.415e-11,1.5777e-11,1.403e-11
1.9109e-11,1.9736e-11,1.3505e-11
3.4627e-11,2.8107e-11,2.068e-11
5.3345e-11,4.4941e-11,3.6188e-11
1.7578e-11,1.676e-11,1.6374e-11
2.7703e-11,2.59e-11,2.1702e-11
2.0593e-11,1.9219e-11,1.928e-11
3.5271e-11,3.411e-11,3.8717e-11
2.3233e-11,1.9114e-11,2.041e-11
4.2923e-11,3.128e-11,2.7285e-11
2.1829e-11,1.5622e-11,1.5163e-11
2.1162e-11,1.7199e-11,1.7812e-11
5.3083e-11,4.2287e-11,4.3034e-11
3.9795e-11,3.2204e-11,4.1264e-11
4.5248e-11,3.5378e-11,4.7329e-11
3.2101e-11,2.5715e-11,2.2485e-11
3.9797e-11,3.1769e-11,3.2054e-11
3.5915e-11,2.6371e-11,2.7993e-11
3.1292e-11,1.5739e-11,1.8514e-11
4.0649e-11,2.9482e-11,3.7954e-11
3.285e-11,2.2265e-11,3.0555e-11
3.9006e-11,2.7413e-11,3.4449e-11
3.8317e-11,2.0357e-11,2.8503e-11
3.9873e-11,1.8826e-11,2.7908e-11
3.8589e-11,2.0074e-11,3.1565e-11
3.9949e-11,2.0245e-11,3.2054e-11
4.4302e-11,2.515e-11,3.7362e-11
5.6745e-11,2.4033e-11,4.2019e-11
6.3882e-11,2.4061e-11,4.9482e-11
1.279e-11,1.1784e-11,8.2474e-12
1.2366e-11,1.4729e-11,1.38e-11
1.8308e-11,3.7931e-11,3.3498e-11
3.2361e-11,1.6961e-11,1.388e-11
5.9396e-11,6.2809e-11,3.4548e-11
1.1582e-11,1.3516e-11,1.2678e-11
1.1345e-11,1.3565e-11,8.5116e-12
1.8528e-11,3.5418e-11,3.1427e-11
5.9215e-11,6.6976e-11,3.4581e-11
1.2114e-11,1.3194e-11,1.0913e-11
1.2593e-11,1.3954e-11,1.3174e-11
5.2311e-11,4.2363e-11,2.4371e-11
1.1668e-11,1.6064e-11,1.2112e-11
1.8853e-11,1.6701e-11,6.5972e-12
1.3489e-11,1.5563e-11,1.2977e-11
1.304e-11,1.2689e-11,7.925e-12
1.1683e-11,1.4672e-11,9.7443e-12
1.8109e-11,1.7838e-11,1.0331e-11
2.0556e-11,1.8806e-11,9.7059e-12
6.2084e-11,5.6157e-11,3.1481e-11
1.6167e-11,1.7553e-11,1.04e-11
2.9321e-11,2.3059e-11,1.6438e-11
1.2958e-11,1.6602e-11,1.4497e-11
1.2353e-11,1.6158e-11,1.4169e-11
1.6259e-11,1.6713e-11,1.4989e-11
1.7952e-11,1.8045e-11,1.8408e-11
1.6696e-11,1.7316e-11,1.62e-11
1.5741e-11,1.8447e-11,1.7716e-11
2.345e-11,3.2808e-11,3.1159e-11
1.5271e-11,1.6112e-11,1.4949e-11
6.1215e-11,5.6933e-11,3.7177e-11
2.7483e-11,2.538e-11,1.8259e-11
5.9105e-11,5.1117e-11,4.5513e-11
2.1114e-11,1.7839e-11,1.5516e-11
2.9775e-11,3.1379e-11,3.5139e-11
4.8065e-11,3.5734e-11,3.6277e-11
2.926e-11,2.3375e-11,2.6385e-11
2.515e-11,1.955e-11,1.7338e-11
4.626e-11,3.5656e-11,3.5236e-11
2.7319e-11,1.7991e-11,2.0425e-11
2.9354e-11,1.7245e-11,1.9993e-11
2.8157e-11,1.9308e-11,2.0567e-11
5.4384e-11,4.2553e-11,4.6245e-11
3.4476e-11,2.1326e-11,2.8805e-11
4.6841e-11,2.7012e-11,4.2771e-11
5.2634e-11,2.4699e-11,4.0308e-11
4.8423e-11,2.4984e-11,3.534e-11
5.6947e-11,2.5818e-11,4.5832e-11
5.2561e-11,2.047e-11,3.5842e-11
5.941e-11,2.6078e-11,4.872e-11
6.9571e-11,1.9679e-11,5.6341e-11
2.8166e-11,1.8953e-11,1.1099e-11
1.2116e-11,1.2313e-11,7.5755e-12
1.2699e-11,1.4379e-11,1.0578e-11
1.2401e-11,1.3052e-11,8.8333e-12
1.0912e-11,1.4122e-11,9.8514e-12
1.2825e-11,1.3768e-11,9.6089e-12
2.1225e-11,1.7283e-11,6.3974e-12
1.053e-11,1.3758e-11,1.1085e-11
1.5058e-11,2.2675e-11,2.1625e-11
1.2245e-11,1.5074e-11,9.6295e-12
1.2968e-11,1.3691e-11,9.274e-12
2.3369e-11,1.8993e-11,8.4423e-12
1.1573e-11,1.6966e-11,1.4263e-11
1.0605e-11,1.3779e-11,1.2e-11
1.5034e-11,1.2862e-11,5.8601e-12
1.1763e-11,1.5779e-11,1.3741e-11
1.5749e-11,2.6469e-11,2.4787e-11
1.9648e-11,2.8766e-11,2.4444e-11
2.4341e-11,1.8986e-11,1.1991e-11
3.102e-11,2.4075e-11,1.6382e-11
6.6849e-11,5.74e-11,3.2625e-11
4.041e-11,2.7259e-11,1.754e-11
4.0325e-11,2.9189e-11,1.8525e-11
1.3358e-11,1.7663e-11,1.4639e-11
1.7837e-11,2.098e-11,2.1117e-11
5.471e-11,4.3816e-11,2.7289e-11
2.3222e-11,2.2638e-11,1.6927e-11
6.2934e-11,5.602e-11,4.3915e-11
5.1117e-11,4.1044e-11,3.2755e-11
2.8939e-11,2.8847e-11,3.14e-11
2.0626e-11,1.7981e-11,1.4742e-11
2.1609e-11,1.8644e-11,1.7866e-11
2.1954e-11,1.919e-11,1.7954e-11
3.8238e-11,3.5345e-11,4.3333e-11
2.3704e-11,1.6665e-11,1.665e-11
2.262e-11,1.8635e-11,1.7618e-11
4.2378e-11,3.3599e-11,2.7126e-11
2.5957e-11,2.1496e-11,1.9001e-11
2.8474e-11,1.8759e-11,1.8567e-11
3.6588e-11,2.87e-11,3.5111e-11
3.8106e-11,3.0152e-11,3.7809e-11
5.1714e-11,3.7996e-11,3.7765e-11
3.5519e-11,3.1499e-11,3.5212e-11
3.371e-11,2.389e-11,2.5405e-11
3.4097e-11,1.849e-11,2.2833e-11
3.5119e-11,1.6908e-11,2.2953e-11
3.9416e-11,2.3897e-11,2.5357e-11
4.1687e-11,2.9924e-11,4.0096e-11
4.5616e-11,3.3055e-11,4.4055e-11
3.8893e-11,2.1298e-11,3.0337e-11
4.3066e-11,2.1471e-11,3.0965e-11
4.758e-11,2.8228e-11,4.3138e-11
4.7069e-11,2.6011e-11,4.2369e-11
6.3542e-11,2.9722e-11,5.353e-11
5.6125e-11,2.2418e-11,3.713e-11
6.4907e-11,2.3018e-11,5.0991e-11
6.3513e-11,2.5059e-11,5.1449e-11
6.9222e-11,2.027e-11,4.991e-11
2.066e-11,1.6941e-11,1.0875e-11
1.198e-11,1.4106e-11,1.3247e-11
1.6658e-11,2.7056e-11,2.4327e-11
1.4479e-11,1.859e-11,1.708e-11
1.0886e-11,1.4346e-11,1.1386e-11
2.0283e-11,1.8815e-11,9.5537e-12
1.5504e-11,1.7344e-11,1.0356e-11
1.1124e-11,1.483e-11,1.2809e-11
6.0952e-11,4.8502e-11,2.4998e-11
2.2386e-11,2.1825e-11,1.1793e-11
1.5219e-11,1.4293e-11,8.8923e-12
2.985e-11,2.4683e-11,1.6553e-11
1.9535e-11,1.9015e-11,1.908e-11
2.2204e-11,3.0755e-11,3.0549e-11
5.9872e-11,5.2078e-11,3.9225e-11
2.116e-11,1.7317e-11,1.4951e-11
2.9603e-11,2.9154e-11,3.3174e-11
2.1767e-11,1.8806e-11,1.7876e-11
2.5242e-11,1.7545e-11,1.5915e-11
5.4031e-11,4.0253e-11,4.1659e-11
2.6718e-11,2.2425e-11,2.5574e-11
4.0325e-11,3.6564e-11,4.5007e-11
2.9029e-11,1.9376e-11,2.0203e-11
5.4373e-11,4.2147e-11,4.3231e-11
3.4831e-11,2.5404e-11,2.6665e-11
3.3729e-11,1.7364e-11,1.8994e-11
3.284e-11,1.9994e-11,2.4725e-11
3.5743e-11,2.7517e-11,3.3761e-11
3.6622e-11,2.2838e-11,2.9823e-11
4.9284e-11,2.8885e-11,4.3556e-11
5.2064e-11,2.6808e-11,3.4603e-11
6.5823e-11,3.4583e-11,5.2693e-11
6.4494e-11,2.7476e-11,5.1412e-11
6.7574e-11,2.5814e-11,5.101e-11
2.4729e-11,1.7108e-11,8.8885e-12
2.2359e-11,1.7917e-11,5.3237e-12
1.8046e-11,3.0748e-11,2.8342e-11
5.2015e-11,4.6591e-11,2.9611e-11
1.8619e-11,1.5909e-11,7.1517e-12
1.3223e-11,1.486e-11,1.5012e-11
1.2433e-11,1.5775e-11,8.9338e-12
1.0826e-11,1.4e-11,1.0764e-11
1.5593e-11,1.364e-11,6.5419e-12
6.296e-11,6.5918e-11,3.3639e-11
1.2118e-11,1.2404e-11,8.6543e-12
1.2676e-11,1.8167e-11,1.3114e-11
1.1699e-11,1.7134e-11,1.1377e-11
1.9999e-11,3.8623e-11,3.4186e-11
3.558e-11,2.6551e-11,1.903e-11
1.71e-11,2.3835e-11,2.1186e-11
4.2706e-11,3.035e-11,1.9501e-11
4.579e-11,3.41e-11,2.3672e-11
1.719e-11,1.7806e-11,1.5232e-11
2.0852e-11,2.1301e-11,1.522e-11
2.3979e-11,2.68e-11,2.8133e-11
1.9441e-11,2.0188e-11,2.0299e-11
1.8961e-11,1.8416e-11,1.501e-11
2.0134e-11,2.2873e-11,2.3301e-11
2.9912e-11,2.8841e-11,3.2435e-11
2.0198e-11,1.8512e-11,1.5772e-11
2.2244e-11,1.9424e-11,1.8143e-11
2.3611e-11,2.2759e-11,2.5086e-11
3.6727e-11,3.4772e-11,4.3079e-11
4.1181e-11,3.3563e-11,2.4731e-11
3.2174e-11,2.9917e-11,2.1026e-11
2.471e-11,1.8831e-11,1.8278e-11
3.139e-11,2.6052e-11,2.9826e-11
2.569e-11,1.988e-11,1.8941e-11
3.9228e-11,3.2149e-11,4.0385e-11
3.928e-11,3.2991e-11,3.229e-11
4.9608e-11,3.8683e-11,3.6696e-11
3.0902e-11,2.2339e-11,2.6735e-11
4.6385e-11,3.5007e-11,3.2682e-11
5.7633e-11,3.8092e-11,4.711e-11
4.1679e-11,2.5531e-11,3.421e-11
4.9856e-11,1.9987e-11,2.7214e-11
5.1916e-11,2.329e-11,3.2458e-11
4.834e-11,1.9897e-11,3.1369e-11
5.4011e-11,2.8428e-11,3.7379e-11
4.8674e-11,2.3344e-11,3.6599e-11
4.9881e-11,2.5864e-11,4.0109e-11
5.8267e-11,2.121e-11,3.7189e-11
6.099e-11,2.3427e-11,3.7791e-11
5.447e-11,2.6103e-11,4.2154e-11
6.961e-11,2.4248e-11,5.3122e-11
6.4784e-11,2.4293e-11,4.6092e-11
7.1886e-11,2.0902e-11,5.44e-11
1.9158e-11,1.6297e-11,6.3034e-12
3.5674e-11,2.1018e-11,1.6664e-11
4.6989e-11,3.629e-11,2.4882e-11
2.2387e-11,1.8049e-11,5.1537e-12
4.5202e-11,3.0568e-11,2.2083e-11
6.2436e-11,6.0862e-11,3.5122e-11
3.7343e-11,2.8828e-11,2.164e-11
2.7804e-11,1.9745e-11,1.106e-11
1.3647e-11,1.3527e-11,8.4846e-12
1.7413e-11,1.9648e-11,9.3913e-12
2.1083e-11,3.5887e-11,3.2259e-11
1.4596e-11,1.7498e-11,1.6165e-11
3.5087e-11,2.6877e-11,1.7159e-11
2.9043e-11,4.5755e-11,4.5209e-11
2.819e-11,3.986e-11,4.0387e-11
2.5835e-11,3.269e-11,3.4281e-11
2.7154e-11,3.5433e-11,3.7295e-11
1.5934e-11,1.6959e-11,1.3449e-11
3.2095e-11,2.9008e-11,2.0208e-11
1.7847e-11,1.7937e-11,1.4444e-11
2.3287e-11,1.9332e-11,1.8851e-11
2.5697e-11,1.8136e-11,1.5964e-11
3.4565e-11,2.8114e-11,3.488e-11
3.0876e-11,2.3658e-11,2.7484e-11
2.6318e-11,1.9713e-11,1.976e-11
2.7297e-11,2.158e-11,1.9882e-11
2.7093e-11,2.0271e-11,2.0569e-11
5.1549e-11,3.9078e-11,3.6288e-11
3.6637e-11,2.5032e-11,2.4413e-11
5.2902e-11,4.1567e-11,4.3098e-11
5.2762e-11,3.8013e-11,4.0362e-11
4.0583e-11,2.714e-11,3.457e-11
4.8282e-11,2.316e-11,3.3815e-11
5.4187e-11,2.0472e-11,3.1175e-11
6.4987e-11,2.1359e-11,4.8228e-11
7.0332e-11,2.372e-11,4.9211e-11
6.8858e-11,2.6748e-11,5.0473e-11
1.2753e-11,1.3079e-11,8.272e-12
1.9649e-11,1.5745e-11,4.4924e-12
1.292e-11,1.4994e-11,9.7916e-12
2.83e-11,2.0014e-11,1.0282e-11
1.7112e-11,1.3908e-11,1.125e-11
2.2546e-11,2.0103e-11,8.2191e-12
3.2781e-11,2.1281e-11,1.4865e-11
1.4873e-11,2.1727e-11,1.907e-11
1.5338e-11,1.2464e-11,7.6407e-12
1.6113e-11,2.283e-11,2.0319e-11
3.1929e-11,2.116e-11,1.3926e-11
1.5025e-11,1.5614e-11,9.8126e-12
1.478e-11,1.2594e-11,7.507e-12
1.1485e-11,1.7268e-11,1.1554e-11
2.7762e-11,2.0786e-11,1.1219e-11
1.1513e-11,1.7487e-11,1.1124e-11
2.426e-11,3.9914e-11,3.6719e-11
2.5844e-11,2.1524e-11,1.2874e-11
1.7224e-11,2.6335e-11,2.3382e-11
1.2145e-11,1.722e-11,1.1229e-11
3.6445e-11,2.6574e-11,1.9264e-11
1.8247e-11,1.953e-11,1.4744e-11
6.4154e-11,5.1689e-11,3.6931e-11
1.7111e-11,1.849e-11,1.4854e-11
2.7332e-11,2.5528e-11,1.8645e-11
2.2349e-11,2.0228e-11,1.9525e-11
3.2526e-11,3.0744e-11,3.2144e-11
2.7829e-11,1.9284e-11,1.9676e-11
2.8233e-11,2.1957e-11,2.3659e-11
2.8762e-11,2.3737e-11,2.5133e-11
3.4347e-11,2.0061e-11,2.3892e-11
3.7783e-11,2.4226e-11,2.8353e-11
3.9902e-11,2.3839e-11,2.5926e-11
4.3617e-11,2.0362e-11,2.4439e-11
4.2912e-11,1.994e-11,2.6295e-11
4.3077e-11,2.5771e-11,3.448e-11
5.2171e-11,2.6936e-11,3.4931e-11
5.4193e-11,2.1682e-11,2.8955e-11
4.4038e-11,2.3451e-11,3.2046e-11
4.8176e-11,2.8371e-11,4.0088e-11
6.3814e-11,2.6301e-11,4.3132e-11
6.5909e-11,2.653e-11,4.5712e-11
7.0436e-11,2.3809e-11,4.7493e-11
6.987e-11,2.8481e-11,5.1095e-11
4.1765e-11,2.2099e-11,1.6099e-11
2.1556e-11,1.7243e-11,4.4058e-12
2.5157e-11,2.0413e-11,9.7611e-12
1.28e-11,1.5528e-11,1.1751e-11
1.9628e-11,1.598e-11,5.4419e-12
2.0645e-11,3.451e-11,3.2615e-11
5.601e-11,5.3233e-11,3.235e-11
4.4209e-11,2.9354e-11,2.1559e-11
4.2667e-11,2.4247e-11,1.7494e-11
3.1042e-11,2.1206e-11,1.2536e-11
3.2726e-11,2.1769e-11,1.3083e-11
1.2783e-11,1.605e-11,1.2455e-11
1.2175e-11,1.5082e-11,1.3471e-11
1.2621e-11,1.5649e-11,1.0989e-11
1.2129e-11,1.6306e-11,1.074e-11
7.5672e-11,7.0311e-11,3.7312e-11
2.1177e-11,2.0984e-11,1.0996e-11
2.1816e-11,3.5431e-11,3.1773e-11
2.0276e-11,2.0429e-11,1.0388e-11
2.2287e-11,3.4378e-11,3.0912e-11
6.0638e-11,4.237e-11,2.4531e-11
1.5494e-11,1.8854e-11,1.6466e-11
1.4926e-11,1.9423e-11,1.6755e-11
6.6773e-11,5.2303e-11,3.6446e-11
1.9698e-11,1.7362e-11,1.259e-11
6.3994e-11,5.0911e-11,3.8019e-11
1.9893e-11,1.729e-11,1.3295e-11
1.9711e-11,1.9297e-11,1.4773e-11
2.1915e-11,1.6851e-11,1.4115e-11
2.4679e-11,2.0415e-11,1.8172e-11
2.4316e-11,2.0202e-11,1.8659e-11
4.9373e-11,3.7958e-11,3.2295e-11
2.5285e-11,2.5303e-11,2.5018e-11
3.0496e-11,2.5084e-11,2.7652e-11
2.8279e-11,2.1715e-11,2.195e-11
3.0814e-11,2.5906e-11,3.0439e-11
4.0081e-11,3.3383e-11,4.0651e-11
3.3582e-11,2.5119e-11,2.8943e-11
3.9427e-11,2.3701e-11,2.6535e-11
4.503e-11,2.8424e-11,3.5729e-11
5.8446e-11,2.9208e-11,4.0462e-11
6.5178e-11,3.7616e-11,4.9551e-11
5.6843e-11,2.4681e-11,3.6503e-11
6.9214e-11,2.7113e-11,4.7022e-11
6.8775e-11,2.7603e-11,4.7899e-11
7.5013e-11,2.5783e-11,5.296e-11
5.3783e-11,3.9065e-11,2.6574e-11
1.2619e-11,1.5224e-11,1.1713e-11
4.2879e-11,2.3758e-11,1.6914e-11
2.0435e-11,3.3741e-11,3.0631e-11
1.4151e-11,1.6931e-11,1.6409e-11
2.7568e-11,2.2496e-11,1.0446e-11
4.4529e-11,3.172e-11,2.1796e-11
6.5817e-11,7.1083e-11,3.603e-11
3.8841e-11,2.5553e-11,1.7138e-11
2.3425e-11,3.3957e-11,3.0033e-11
5.1591e-11,3.543e-11,2.068e-11
1.2333e-11,1.6647e-11,1.4442e-11
1.2736e-11,1.853e-11,1.2026e-11
2.4157e-11,3.7996e-11,3.4757e-11
2.3332e-11,2.7651e-11,2.7278e-11
6.7718e-11,5.4852e-11,3.6551e-11
1.6646e-11,1.7553e-11,1.3529e-11
1.9555e-11,2.3104e-11,2.0347e-11
1.8675e-11,1.9183e-11,1.5936e-11
2.2245e-11,2.1531e-11,2.0564e-11
2.2472e-11,2.0996e-11,2.0183e-11
2.2148e-11,1.845e-11,1.7725e-11
2.2877e-11,2.0238e-11,1.626e-11
2.3326e-11,1.8934e-11,1.8524e-11
5.0829e-11,3.932e-11,3.0892e-11
2.4254e-11,2.1014e-11,1.8282e-11
2.8698e-11,2.249e-11,2.1929e-11
3.3057e-11,2.1495e-11,2.3772e-11
4.0407e-11,3.1043e-11,3.7584e-11
4.2214e-11,3.755e-11,2.6927e-11
4.35e-11,2.843e-11,3.199e-11
6.1117e-11,4.4772e-11,4.6412e-11
5.8194e-11,4.2153e-11,4.5276e-11
4.5927e-11,3.153e-11,4.3977e-11
5.4233e-11,2.3088e-11,3.5015e-11
5.6913e-11,2.1777e-11,3.1501e-11
5.6864e-11,2.1801e-11,3.208e-11
1.8552e-11,1.3601e-11,5.9429e-12
1.2971e-11,1.5756e-11,1.1613e-11
3.2738e-11,2.257e-11,1.2739e-11
1.9712e-11,2.6995e-11,2.5549e-11
3.0169e-11,2.2269e-11,1.0908e-11
1.4508e-11,1.7201e-11,8.6919e-12
1.468e-11,1.942e-11,1.7379e-11
1.3132e-11,1.5175e-11,1.0287e-11
5.4806e-11,4.5052e-11,2.6006e-11
3.6517e-11,2.2968e-11,1.5094e-11
1.5777e-11,1.4092e-11,1.0054e-11
1.7221e-11,1.6529e-11,7.971e-12
6.3412e-11,4.19e-11,2.4109e-11
1.6411e-11,1.9871e-11,1.7226e-11
2.6996e-11,4.2533e-11,4.038e-11
2.361e-11,3.4947e-11,3.3982e-11
6.11e-11,4.5808e-11,3.3783e-11
2.9724e-11,2.9253e-11,1.9674e-11
2.2465e-11,1.9046e-11,1.7085e-11
3.047e-11,2.5942e-11,2.8794e-11
2.9858e-11,2.7441e-11,2.1051e-11
3.5322e-11,3.2225e-11,2.419e-11
3.5609e-11,2.7687e-11,2.0648e-11
3.369e-11,2.8675e-11,3.3891e-11
3.618e-11,2.0862e-11,2.6103e-11
3.7889e-11,2.4015e-11,2.2292e-11
4.0365e-11,2.4926e-11,2.5602e-11
3.5967e-11,2.8191e-11,3.2641e-11
5.6551e-11,4.0517e-11,4.179e-11
5.5594e-11,3.1317e-11,3.5965e-11
5.3632e-11,2.3479e-11,3.3944e-11
5.7114e-11,3.0112e-11,3.6154e-11
7.5135e-11,2.8089e-11,5.2656e-11
7.3288e-11,2.7673e-11,5.4882e-11
7.3155e-11,3.0126e-11,5.4275e-11
1.6415e-11,1.3443e-11,6.9079e-12
2.8028e-11,2.2058e-11,9.736e-12
2.8963e-11,2.2971e-11,8.9067e-12
1.5262e-11,1.2538e-11,7.6247e-12
1.3687e-11,1.4929e-11,1.0569e-11
1.6675e-11,1.3024e-11,7.3705e-12
5.6809e-11,4.6211e-11,2.8276e-11
1.8812e-11,1.491e-11,9.6515e-12
1.7697e-11,2.4548e-11,2.2526e-11
2.216e-11,3.3101e-11,3.1803e-11
1.531e-11,1.2966e-11,8.6027e-12
1.4808e-11,1.3759e-11,8.2929e-12
1.3532e-11,1.599e-11,1.0586e-11
1.2798e-11,1.5776e-11,1.392e-11
7.4328e-11,8.5548e-11,4.4076e-11
1.3102e-11,1.7332e-11,1.1991e-11
1.7068e-11,1.5056e-11,7.54e-12
1.4177e-11,1.5536e-11,9.7876e-12
1.8895e-11,2.0105e-11,9.0772e-12
1.9541e-11,2.0849e-11,8.5766e-12
2.0078e-11,2.5707e-11,2.3576e-11
9.1105e-11,7.9901e-11,4.2642e-11
1.4133e-11,1.5686e-11,1.3152e-11
1.6807e-11,2.4011e-11,2.0694e-11
1.78e-11,2.3355e-11,2.042e-11
1.7732e-11,2.0931e-11,1.8845e-11
3.2031e-11,2.8984e-11,1.7782e-11
1.798e-11,2e-11,1.6989e-11
2.4896e-11,2.4579e-11,2.4684e-11
2.48e-11,2.4604e-11,2.4924e-11
3.133e-11,2.8389e-11,3.1332e-11
2.6086e-11,2.1046e-11,1.8258e-11
4.9498e-11,3.9104e-11,3.0863e-11
2.7249e-11,2.1816e-11,1.667e-11
2.9614e-11,2.2333e-11,1.766e-11
2.7983e-11,2.0442e-11,1.6952e-11
3.7973e-11,2.468e-11,2.3774e-11
4.4246e-11,2.161e-11,2.3921e-11
4.3102e-11,2.3749e-11,2.5761e-11
4.7697e-11,2.8037e-11,3.5668e-11
4.0629e-11,2.4494e-11,2.9973e-11
3.9397e-11,3.1705e-11,3.553e-11
5.1053e-11,3.4432e-11,3.4591e-11
4.9561e-11,3.3513e-11,4.696e-11
6.6096e-11,4.0932e-11,4.5974e-11
6.4592e-11,2.7619e-11,3.9573e-11
6.7108e-11,3.1041e-11,4.3295e-11
6.3331e-11,2.8974e-11,4.6444e-11
4.2652e-11,2.5522e-11,1.5197e-11
5.4579e-11,3.6822e-11,2.5363e-11
1.4774e-11,1.2882e-11,8.2465e-12
1.4712e-11,1.5417e-11,1.102e-11
1.2967e-11,1.5487e-11,1.1183e-11
1.4218e-11,1.4303e-11,9.5562e-12
1.3423e-11,1.49e-11,9.5313e-12
1.3768e-11,1.7268e-11,1.2371e-11
1.5735e-11,2.0481e-11,1.8039e-11
5.4749e-11,4.2258e-11,2.4769e-11
3.3951e-11,2.5474e-11,1.3294e-11
1.9149e-11,1.7958e-11,6.2732e-12
1.4523e-11,1.6292e-11,1.0304e-11
1.7871e-11,2.5515e-11,2.2535e-11
1.7005e-11,2.2634e-11,1.9334e-11
1.4691e-11,1.6128e-11,1.3634e-11
2.0681e-11,2.7036e-11,2.4252e-11
1.7135e-11,2.1874e-11,1.9259e-11
2.5708e-11,3.9257e-11,3.8392e-11
1.7516e-11,1.9307e-11,1.7123e-11
2.8377e-11,4.2459e-11,4.2694e-11
3.2234e-11,2.7709e-11,1.7041e-11
3.1552e-11,2.7745e-11,1.6792e-11
2.0926e-11,2.3705e-11,2.3228e-11
1.7702e-11,1.8572e-11,1.366e-11
7.1043e-11,5.2951e-11,3.6198e-11
1.809e-11,2.1127e-11,1.7354e-11
2.3192e-11,2.401e-11,2.3848e-11
1.8818e-11,1.9017e-11,1.3321e-11
1.9743e-11,2.0769e-11,1.3504e-11
2.0923e-11,1.8621e-11,1.3576e-11
4.6326e-11,3.8346e-11,2.7488e-11
2.3318e-11,2.208e-11,1.5395e-11
3.3726e-11,2.8974e-11,3.2683e-11
4.2035e-11,3.6696e-11,3.226e-11
3.6363e-11,3.2447e-11,3.8093e-11
5.5584e-11,4.4962e-11,4.0382e-11
4.8976e-11,4.1206e-11,3.2182e-11
4.6172e-11,3.6615e-11,4.5751e-11
4.7833e-11,2.6209e-11,3.2426e-11
5.0107e-11,2.4539e-11,3.0962e-11
5.8537e-11,4.1399e-11,4.0833e-11
5.2121e-11,2.9825e-11,3.3039e-11
4.7555e-11,2.9143e-11,3.4391e-11
4.7985e-11,3.4797e-11,4.5458e-11
1.9953e-11,1.426e-11,4.1457e-12
1.6431e-11,1.9728e-11,1.6681e-11
1.4425e-11,1.5871e-11,1.3731e-11
1.4437e-11,1.3893e-11,9.3078e-12
2.2643e-11,3.365e-11,3.2006e-11
1.4944e-11,1.5238e-11,1.0582e-11
1.9816e-11,1.8955e-11,7.8014e-12
1.4554e-11,1.719e-11,1.52e-11
1.8617e-11,1.6988e-11,9.3243e-12
1.4456e-11,1.5426e-11,9.8972e-12
2.0953e-11,2.3446e-11,1.0427e-11
1.422e-11,1.555e-11,1.0294e-11
4.8097e-11,3.1692e-11,1.9965e-11
2.0676e-11,2.554e-11,2.1554e-11
2.1909e-11,2.6308e-11,2.315e-11
1.6274e-11,2.095e-11,1.6486e-11
7.5346e-11,5.6639e-11,3.3843e-11
1.6895e-11,1.8404e-11,1.2602e-11
1.7901e-11,1.8945e-11,1.1159e-11
2.2978e-11,2.5003e-11,2.4803e-11
1.8842e-11,1.8985e-11,1.4737e-11
2.3379e-11,2.2464e-11,2.1594e-11
2.3829e-11,2.2099e-11,1.5836e-11
2.6297e-11,2.3814e-11,1.8486e-11
3.5482e-11,3.0283e-11,3.438e-11
3.3466e-11,2.836e-11,3.1354e-11
4.5279e-11,4.1633e-11,2.8719e-11
3.173e-11,2.3742e-11,2.4142e-11
3.8082e-11,2.7197e-11,2.2987e-11
3.8393e-11,2.7725e-11,2.9131e-11
4.3587e-11,2.6635e-11,2.6913e-11
4.5537e-11,2.357e-11,2.5273e-11
3.9526e-11,2.5238e-11,2.8602e-11
6.1115e-11,4.6953e-11,4.5167e-11
4.8665e-11,2.7606e-11,3.291e-11
5.6223e-11,3.8131e-11,3.8642e-11
5.2031e-11,2.8164e-11,2.8623e-11
6.1469e-11,3.2693e-11,4.2258e-11
7.4785e-11,2.9259e-11,4.7792e-11
1.8006e-11,1.5977e-11,7.9369e-12
5.6805e-11,3.6855e-11,2.5592e-11
2.4909e-11,3.9728e-11,3.6417e-11
1.4768e-11,1.4009e-11,1.0541e-11
1.6302e-11,1.9252e-11,1.6342e-11
3.692e-11,2.6448e-11,1.3651e-11
2.7516e-11,4.4799e-11,4.2087e-11
2.5994e-11,4.2069e-11,3.8133e-11
2.065e-11,1.8671e-11,7.4565e-12
7.4329e-11,7.7414e-11,4.1028e-11
4.4886e-11,3.4249e-11,2.297e-11
7.8754e-11,6.554e-11,3.4922e-11
9.1382e-11,7.9789e-11,4.4758e-11
1.8134e-11,2.2899e-11,1.9975e-11
1.9798e-11,2.3298e-11,1.2078e-11
5.4128e-11,3.9216e-11,2.7276e-11
3.5166e-11,2.986e-11,1.9478e-11
2.4778e-11,2.7774e-11,2.6459e-11
1.7352e-11,1.9264e-11,1.5961e-11
2.7395e-11,3.1819e-11,3.2713e-11
2.111e-11,2.3505e-11,1.3906e-11
2.6591e-11,3.0918e-11,2.9756e-11
2.0892e-11,2.1603e-11,1.62e-11
5.6317e-11,4.3221e-11,3.1151e-11
2.5653e-11,2.3738e-11,1.7795e-11
3.4996e-11,3.5349e-11,3.9038e-11
2.8462e-11,2.476e-11,1.9785e-11
4.0872e-11,2.3221e-11,2.3538e-11
4.1454e-11,2.7222e-11,2.857e-11
4.806e-11,2.4315e-11,2.7104e-11
5.2859e-11,3.8083e-11,3.4991e-11
4.9158e-11,2.8888e-11,3.2457e-11
6.0838e-11,4.371e-11,4.1416e-11
5.572e-11,3.0264e-11,3.5066e-11
7.0117e-11,3.3456e-11,4.682e-11
7.3195e-11,2.8222e-11,4.7336e-11
7.3638e-11,2.8595e-11,4.7774e-11
3.6811e-11,2.685e-11,1.4501e-11
3.348e-11,2.635e-11,9.6478e-12
1.6198e-11,1.4136e-11,1.0051e-11
3.1648e-11,2.7208e-11,8.3704e-12
1.4435e-11,1.6456e-11,1.0413e-11
1.4141e-11,1.754e-11,1.4051e-11
1.6517e-11,1.9747e-11,1.658e-11
6.0769e-11,4.9379e-11,3.008e-11
5.1203e-11,3.9046e-11,2.4254e-11
7.422e-11,7.0779e-11,3.8215e-11
1.6028e-11,1.5138e-11,1.2266e-11
2.1078e-11,2.8517e-11,2.4702e-11
2.1304e-11,2.9137e-11,2.522e-11
2.5165e-11,3.7198e-11,3.3415e-11
2.2492e-11,2.4768e-11,1.1905e-11
5.1934e-11,3.4445e-11,2.2306e-11
8.6981e-11,6.6158e-11,4.0047e-11
3.4075e-11,3.0621e-11,1.8633e-11
2.0168e-11,2.3218e-11,1.2597e-11
1.8621e-11,2.0048e-11,1.1356e-11
2.1429e-11,2.4065e-11,1.394e-11
1.8154e-11,1.8858e-11,1.3113e-11
1.8361e-11,2.0175e-11,1.3353e-11
2.0072e-11,2.1417e-11,1.6315e-11
3.362e-11,3.3971e-11,3.737e-11
2.3305e-11,2.8256e-11,2.5363e-11
2.3122e-11,2.1895e-11,1.6712e-11
3.5376e-11,3.4272e-11,3.7381e-11
2.8939e-11,2.4987e-11,2.0898e-11
4.2796e-11,3.7798e-11,2.9712e-11
4.3963e-11,3.6547e-11,2.6357e-11
4.0111e-11,2.6603e-11,2.427e-11
4.5629e-11,3.6046e-11,2.426e-11
4.0379e-11,2.7409e-11,2.5231e-11
4.302e-11,2.6794e-11,2.6425e-11
5.5142e-11,4.4365e-11,4.0735e-11
5.63e-11,2.5812e-11,3.307e-11
5.0352e-11,3.6136e-11,4.0143e-11
5.6866e-11,3.1709e-11,3.2039e-11
6.9423e-11,2.5461e-11,4.1108e-11
7.2539e-11,2.9514e-11,4.5822e-11
7.1141e-11,3.209e-11,5.2148e-11
1.7401e-11,1.4651e-11,7.7644e-12
1.8197e-11,1.4565e-11,1.1133e-11
3.1397e-11,2.7919e-11,8.8452e-12
1.9906e-11,2.5207e-11,2.2047e-11
1.4548e-11,1.795e-11,1.2632e-11
1.8148e-11,2.1746e-11,1.9072e-11
1.8602e-11,2.3018e-11,2.0269e-11
1.5262e-11,1.5899e-11,1.0632e-11
1.9071e-11,1.6329e-11,7.7304e-12
1.4451e-11,1.9008e-11,1.3021e-11
1.6614e-11,1.9969e-11,1.6164e-11
2.3554e-11,2.4599e-11,9.6825e-12
3.894e-11,3.2148e-11,1.7953e-11
1.4825e-11,1.6244e-11,1.2192e-11
2.3255e-11,2.5577e-11,1.494e-11
1.8203e-11,1.9787e-11,1.1056e-11
1.7698e-11,1.8878e-11,1.1015e-11
1.7237e-11,1.9205e-11,1.4713e-11
2.6577e-11,3.2609e-11,3.0456e-11
2.3145e-11,2.5427e-11,1.6236e-11
1.8104e-11,2.0431e-11,1.7304e-11
2.1843e-11,2.4198e-11,1.4629e-11
4.1009e-11,3.5551e-11,2.4516e-11
1.9997e-11,2.074e-11,1.257e-11
2.621e-11,2.8556e-11,1.772e-11
1.9843e-11,2.2122e-11,1.689e-11
2.249e-11,2.2667e-11,1.6519e-11
2.1762e-11,2.1445e-11,1.544e-11
5.7484e-11,4.6079e-11,3.5876e-11
3.3951e-11,3.0015e-11,3.2802e-11
2.8832e-11,2.5086e-11,2.0417e-11
2.8647e-11,2.6892e-11,2.6527e-11
3.9619e-11,3.0137e-11,3.1602e-11
4.1741e-11,3.635e-11,4.2039e-11
4.3568e-11,2.7987e-11,2.6727e-11
5.0897e-11,3.0064e-11,3.0174e-11
5.5383e-11,3.5096e-11,3.0485e-11
5.884e-11,3.3172e-11,3.2701e-11
5.371e-11,3.6055e-11,3.3514e-11
5.3471e-11,3.6745e-11,4.6412e-11
5.4845e-11,3.5579e-11,4.5242e-11
7.8832e-11,3.079e-11,5.2226e-11
4.2333e-11,3.021e-11,1.5629e-11
1.968e-11,1.4115e-11,4.3205e-12
5.1978e-11,3.7276e-11,2.4663e-11
2.9144e-11,4.6288e-11,4.2453e-11
1.5481e-11,1.5974e-11,9.9096e-12
3.7243e-11,2.9453e-11,1.3296e-11
2.8385e-11,4.1467e-11,3.8863e-11
7.0778e-11,5.8932e-11,3.2221e-11
2.6169e-11,3.7631e-11,3.4983e-11
2.2198e-11,2.0934e-11,7.3185e-12
1.3892e-11,1.8739e-11,1.2642e-11
3.6102e-11,2.8713e-11,1.6056e-11
2.3848e-11,2.5928e-11,1.5384e-11
3.8281e-11,3.2576e-11,2.0396e-11
2.6257e-11,3.7458e-11,3.6635e-11
1.8088e-11,2.045e-11,1.3499e-11
2.8289e-11,3.237e-11,3.1941e-11
2.2592e-11,2.3259e-11,1.3964e-11
2.1282e-11,2.2688e-11,1.7375e-11
5.926e-11,4.5549e-11,3.371e-11
2.9205e-11,2.9786e-11,2.0611e-11
2.5973e-11,2.3253e-11,1.8969e-11
2.8816e-11,2.6086e-11,2.1594e-11
2.8126e-11,2.7515e-11,2.0501e-11
4.6405e-11,4.2433e-11,3.194e-11
2.8584e-11,2.3366e-11,1.9583e-11
3.2132e-11,2.4534e-11,1.9891e-11
5.1311e-11,4.6253e-11,3.3233e-11
3.1494e-11,2.6233e-11,2.2705e-11
4.3893e-11,3.8737e-11,2.9433e-11
4.587e-11,3.7566e-11,4.4733e-11
3.8457e-11,2.8401e-11,2.7644e-11
4.497e-11,3.3874e-11,3.8291e-11
4.6407e-11,2.9835e-11,3.1937e-11
5.6011e-11,3.3372e-11,3.0022e-11
5.6059e-11,2.733e-11,3.4453e-11
5.5471e-11,3.1162e-11,3.771e-11
6.7822e-11,3.1091e-11,3.7519e-11
1.6028e-11,1.5168e-11,8.1909e-12
1.5824e-11,1.7415e-11,1.5158e-11
2.4255e-11,2.0992e-11,4.8497e-12
2.4738e-11,2.0054e-11,5.5132e-12
1.5738e-11,1.7164e-11,1.1301e-11
2.469e-11,2.4633e-11,7.6983e-12
2.3835e-11,3.4009e-11,3.0356e-11
4.7998e-11,3.5189e-11,1.9079e-11
1.62e-11,1.8197e-11,1.1448e-11
1.7891e-11,2.4158e-11,2.0598e-11
2.6775e-11,2.7993e-11,1.5521e-11
4.6159e-11,3.4858e-11,2.3203e-11
1.8527e-11,2.077e-11,1.0357e-11
1.7629e-11,2.2629e-11,1.7716e-11
2.4501e-11,2.7231e-11,1.4986e-11
3.8059e-11,3.4747e-11,2.2429e-11
2.2693e-11,2.3719e-11,2.0552e-11
2.8053e-11,2.9635e-11,1.8744e-11
2.4404e-11,2.339e-11,1.7277e-11
6.0201e-11,4.8336e-11,3.7574e-11
3.7151e-11,3.6141e-11,2.8264e-11
3.6098e-11,3.2423e-11,2.5694e-11
3.7522e-11,3.141e-11,3.43e-11
4.5166e-11,4.0624e-11,3.0569e-11
5.0981e-11,4.7325e-11,3.3647e-11
4.9174e-11,4.3971e-11,3.4828e-11
5.4661e-11,3.2913e-11,3.6454e-11
7.2254e-11,3.6611e-11,4.7814e-11
1.6718e-11,1.5789e-11,7.899e-12
2.6694e-11,2.3323e-11,6.416e-12
2.3695e-11,3.1034e-11,2.831e-11
1.9191e-11,2.1726e-11,1.8382e-11
1.5904e-11,1.8119e-11,1.5101e-11
1.9332e-11,1.5474e-11,7.2842e-12
6.5383e-11,5.2853e-11,3.1677e-11
2.3542e-11,2.1493e-11,8.3363e-12
2.8142e-11,4.0807e-11,3.6586e-11
2.7813e-11,4.0955e-11,3.6597e-11
1.9975e-11,2.5047e-11,2.119e-11
3.571e-11,3.0372e-11,1.5186e-11
1.6765e-11,1.8924e-11,1.3225e-11
2.9101e-11,4.1875e-11,3.7404e-11
7.3035e-11,4.7496e-11,3.2395e-11
3.0386e-11,3.1053e-11,1.7049e-11
1.8312e-11,2.2544e-11,1.5682e-11
2.5672e-11,3.5377e-11,3.1525e-11
1.8363e-11,2.341e-11,1.628e-11
1.9089e-11,2.5148e-11,1.7301e-11
2.3654e-11,2.4068e-11,1.7986e-11
3.5205e-11,3.4869e-11,2.5313e-11
2.8777e-11,2.7723e-11,2.493e-11
3.0436e-11,2.9682e-11,2.9781e-11
3.6723e-11,2.5953e-11,2.3015e-11
3.82e-11,2.6315e-11,2.1486e-11
4.8823e-11,3.8804e-11,2.983e-11
4.7919e-11,3.6845e-11,4.2004e-11
5.1992e-11,3.6114e-11,4.1049e-11
6.453e-11,3.3502e-11,4.7048e-11
2.6244e-11,2.2292e-11,5.9389e-12
1.7785e-11,1.4912e-11,9.9739e-12
3.156e-11,4.5561e-11,4.1979e-11
2.3202e-11,1.7374e-11,8.2689e-12
1.9978e-11,2.3741e-11,1.9307e-11
2.043e-11,1.6526e-11,7.9543e-12
1.7067e-11,2.0121e-11,1.6285e-11
2.3886e-11,3.3236e-11,2.9407e-11
2.1209e-11,1.7031e-11,6.2587e-12
1.9046e-11,2.3491e-11,1.8435e-11
2.672e-11,3.8715e-11,3.3999e-11
1.8278e-11,1.7871e-11,1.2267e-11
2.1274e-11,2.0035e-11,9.9994e-12
1.9795e-11,2.5715e-11,2.1693e-11
2.2648e-11,2.6832e-11,2.3828e-11
7.6738e-11,4.9801e-11,3.5067e-11
2.1857e-11,2.4792e-11,1.2567e-11
1.8692e-11,2.3007e-11,1.6246e-11
4.8484e-11,3.9892e-11,2.8077e-11
2.1956e-11,2.3303e-11,1.6891e-11
2.1454e-11,2.1786e-11,1.3337e-11
5.6278e-11,4.5217e-11,3.1417e-11
3.2048e-11,3.2528e-11,2.321e-11
3.8751e-11,3.7783e-11,2.5305e-11
3.5118e-11,3.2849e-11,3.4177e-11
4.0663e-11,3.0388e-11,2.5671e-11
3.7555e-11,2.9845e-11,2.798e-11
4.2006e-11,3.134e-11,2.8723e-11
6.0132e-11,3.5656e-11,3.8437e-11
7.0004e-11,3.3381e-11,4.1684e-11
7.8451e-11,3.4598e-11,4.6468e-11
3.8018e-11,3.3473e-11,1.1089e-11
2.2571e-11,1.6493e-11,4.9007e-12
2.2319e-11,2.7107e-11,2.3098e-11
1.6891e-11,1.7064e-11,1.0331e-11
1.7139e-11,2.059e-11,1.3407e-11
1.7805e-11,2.1028e-11,1.693e-11
2.8178e-11,2.8129e-11,8.8498e-12
3.1203e-11,4.3167e-11,3.8671e-11
2.4607e-11,2.6676e-11,1.1546e-11
2.022e-11,1.9764e-11,1.1255e-11
5.2063e-11,3.9011e-11,2.6607e-11
2.8751e-11,3.6746e-11,3.1849e-11
2.7492e-11,3.0609e-11,1.6448e-11
1.9688e-11,2.1227e-11,1.4006e-11
2.0764e-11,2.3078e-11,1.5496e-11
2.1325e-11,2.2696e-11,1.7543e-11
4.3509e-11,4.2314e-11,2.8089e-11
3.4071e-11,3.38e-11,2.624e-11
3.3807e-11,3.2521e-11,2.2975e-11
3.0895e-11,2.8083e-11,2.3795e-11
4.2768e-11,3.8543e-11,4.2487e-11
3.909e-11,3.1003e-11,2.3968e-11
4.4236e-11,3.8395e-11,4.2048e-11
5.3236e-11,3.9994e-11,2.9195e-11
5.0964e-11,3.1626e-11,2.7865e-11
7.1794e-11,3.9219e-11,4.5261e-11
4.3486e-11,3.6332e-11,1.5409e-11
1.731e-11,1.5678e-11,9.9727e-12
1.6857e-11,2.0738e-11,1.3436e-11
3.397e-11,4.8667e-11,4.4964e-11
6.5212e-11,5.1508e-11,2.8506e-11
2.0023e-11,1.6498e-11,7.6964e-12
1.8262e-11,1.9113e-11,1.0797e-11
2.2301e-11,1.7179e-11,5.9752e-12
1.9772e-11,2.323e-11,2.0088e-11
1.6806e-11,1.9574e-11,1.2515e-11
5.6904e-11,4.1526e-11,2.6071e-11
2.8631e-11,4.184e-11,3.6714e-11
3.0492e-11,4.3108e-11,3.7053e-11
2.1294e-11,2.0963e-11,1.0522e-11
4.9342e-11,3.9043e-11,2.4744e-11
2.8222e-11,3.9344e-11,3.4946e-11
2.0003e-11,2.2838e-11,1.4459e-11
7.7951e-11,5.0781e-11,3.542e-11
1.9807e-11,2.4194e-11,1.6877e-11
2.0104e-11,2.4246e-11,1.6783e-11
2.4507e-11,2.4459e-11,1.7784e-11
2.9775e-11,2.97e-11,1.9483e-11
3.5989e-11,3.5965e-11,3.6534e-11
3e-11,2.7378e-11,2.2579e-11
3.2388e-11,2.6582e-11,2.0636e-11
5.5526e-11,5.0279e-11,3.7561e-11
3.499e-11,2.8579e-11,2.0928e-11
4.2068e-11,3.8579e-11,2.4672e-11
4.6627e-11,3.9161e-11,2.8027e-11
5.3769e-11,4.3291e-11,3.323e-11
5.0556e-11,3.1911e-11,2.8409e-11
5.7213e-11,3.5178e-11,3.4833e-11
8.0651e-11,3.6284e-11,5.2138e-11
3.1136e-11,2.9421e-11,7.0372e-12
3.0198e-11,2.7847e-11,5.9779e-12
2.2754e-11,2.7676e-11,2.2581e-11
6.0251e-11,4.3784e-11,2.6256e-11
3.8565e-11,3.5741e-11,1.2306e-11
3.4844e-11,3.3654e-11,1.3074e-11
6.8352e-11,5.4545e-11,3.1581e-11
5.7364e-11,4.3191e-11,2.4152e-11
1.7218e-11,2.169e-11,1.3856e-11
2.8552e-11,3.1454e-11,1.2097e-11
1.8092e-11,1.9015e-11,1.227e-11
2.4065e-11,3.0697e-11,2.5406e-11
7.6133e-11,5.1485e-11,3.5413e-11
2.0878e-11,2.0513e-11,1.1647e-11
1.9669e-11,2.1054e-11,1.3672e-11
6.9409e-11,4.8085e-11,3.2336e-11
3.0682e-11,4.048e-11,3.5291e-11
2.3779e-11,2.6349e-11,1.4189e-11
2.1179e-11,2.2563e-11,1.5106e-11
2.0109e-11,2.3546e-11,1.5516e-11
2.0131e-11,2.2159e-11,1.5433e-11
2.4275e-11,2.6934e-11,1.6512e-11
2.2827e-11,2.3499e-11,1.4895e-11
6.3676e-11,4.7681e-11,3.3479e-11
7.152e-11,5.0783e-11,3.5741e-11
2.2873e-11,2.6167e-11,1.6429e-11
3.1718e-11,3.3647e-11,3.2721e-11
3.7378e-11,3.5964e-11,3.6196e-11
3.6049e-11,2.8194e-11,2.2709e-11
5.0964e-11,4.0545e-11,4.102e-11
5.8381e-11,3.6825e-11,3.5529e-11
7.9292e-11,3.6589e-11,5.2514e-11
2.3299e-11,1.7426e-11,6.9676e-12
1.9744e-11,1.6167e-11,9.5264e-12
1.9954e-11,1.7668e-11,7.6817e-12
2.1079e-11,1.7391e-11,7.8967e-12
1.7978e-11,1.8586e-11,1.0939e-11
6.5186e-11,4.7457e-11,2.5568e-11
1.9283e-11,1.6999e-11,1.0466e-11
1.8607e-11,1.8909e-11,1.089e-11
1.8099e-11,2.1988e-11,1.3976e-11
2.7593e-11,2.8992e-11,9.2014e-12
2.2644e-11,2.2031e-11,1.0298e-11
3.0328e-11,3.2498e-11,1.5184e-11
3.0058e-11,3.5781e-11,3.1709e-11
5.5165e-11,5.0079e-11,3.8175e-11
3.5837e-11,3.3056e-11,2.0698e-11
3.0249e-11,3.059e-11,2.5669e-11
3.6887e-11,3.2708e-11,2.1519e-11
4.3038e-11,3.0445e-11,2.5434e-11
4.8257e-11,3.5369e-11,3.0786e-11
5.7983e-11,3.4074e-11,3.4844e-11
7.9458e-11,3.6843e-11,5.0137e-11
4.3631e-11,4.1732e-11,1.357e-11
2.7133e-11,3.5982e-11,3.0383e-11
2.0239e-11,2.3085e-11,1.6534e-11
2.0479e-11,1.8498e-11,8.0639e-12
1.9871e-11,1.7069e-11,9.6818e-12
1.8311e-11,2.2171e-11,1.3882e-11
2.2724e-11,2.6161e-11,2.2058e-11
1.9814e-11,2.1346e-11,1.3176e-11
2.445e-11,2.2187e-11,1.0801e-11
2.2018e-11,1.9528e-11,1.3478e-11
8.8937e-11,5.2948e-11,4.0057e-11
2.4323e-11,2.7612e-11,1.4446e-11
3.0715e-11,3.3851e-11,1.9826e-11
4.5063e-11,4.1344e-11,2.5844e-11
2.1946e-11,2.3918e-11,1.6722e-11
4.807e-11,4.4506e-11,2.9394e-11
3.3692e-11,3.7598e-11,3.5639e-11
2.6735e-11,2.7444e-11,2.4238e-11
5.1783e-11,4.9856e-11,3.9354e-11
4.1172e-11,3.7035e-11,3.3537e-11
4.4041e-11,3.5163e-11,3.5354e-11
4.0154e-11,3.2966e-11,2.3229e-11
4.846e-11,3.4622e-11,3.0711e-11
4.8782e-11,3.9894e-11,3.6874e-11
5.5347e-11,3.42e-11,3.2526e-11
5.4883e-11,3.6684e-11,3.4622e-11
5.8039e-11,3.727e-11,3.6486e-11
7.6844e-11,3.7778e-11,4.6006e-11
7.5192e-11,4.1018e-11,4.6572e-11
2.4317e-11,1.8685e-11,8.4252e-12
2.6285e-11,3.3994e-11,2.8057e-11
5.7411e-11,4.455e-11,2.1581e-11
1.9579e-11,2.2707e-11,1.5134e-11
2.8492e-11,2.5138e-11,7.9741e-12
1.8391e-11,2.0725e-11,1.2961e-11
1.8471e-11,2.1937e-11,1.3667e-11
4.4319e-11,4.3404e-11,1.7405e-11
3.6212e-11,4.8814e-11,4.3533e-11
2.5939e-11,2.127e-11,6.7285e-12
1.9318e-11,1.9344e-11,1.3005e-11
2.1051e-11,2.0955e-11,1.2854e-11
2.4035e-11,2.4025e-11,1.0404e-11
2.114e-11,2.2031e-11,1.312e-11
7.2784e-11,5.1362e-11,3.3643e-11
2.385e-11,2.7662e-11,2.2319e-11
2.26e-11,2.3395e-11,1.7624e-11
2.4929e-11,2.5851e-11,1.5802e-11
3.188e-11,2.9279e-11,2.0571e-11
3.4104e-11,3.1072e-11,2.4329e-11
3.6053e-11,3.1824e-11,2.7446e-11
5.2094e-11,4.6481e-11,3.1178e-11
3.9815e-11,3.3585e-11,2.253e-11
4.2996e-11,3.4731e-11,2.5312e-11
4.5613e-11,3.3398e-11,2.8023e-11
7.0118e-11,3.9027e-11,4.28e-11
4.2081e-11,4.0293e-11,1.296e-11
2.3721e-11,1.7691e-11,5.43e-12
6.5001e-11,5.3384e-11,2.8629e-11
3.4524e-11,3.5049e-11,7.0311e-12
1.9862e-11,2.219e-11,1.4285e-11
3.1816e-11,4.2111e-11,3.5861e-11
2.6254e-11,2.0698e-11,7.8539e-12
2.9893e-11,4.0629e-11,3.3512e-11
2.9484e-11,3.9289e-11,3.1667e-11
2.5423e-11,3.3287e-11,2.8372e-11
3.1823e-11,3.4702e-11,1.4936e-11
2.3479e-11,2.2013e-11,1.347e-11
2.0595e-11,2.626e-11,1.8395e-11
2.147e-11,2.3097e-11,1.4772e-11
2.3862e-11,2.3329e-11,1.2034e-11
3.7961e-11,3.9355e-11,2.2067e-11
2.3804e-11,2.8188e-11,2.2911e-11
3.3532e-11,3.4636e-11,3.2225e-11
5.2984e-11,4.9862e-11,3.6199e-11
3.4815e-11,3.3931e-11,3.0029e-11
4.1496e-11,3.3479e-11,2.95e-11
4.2978e-11,4.0506e-11,2.8871e-11
5.1504e-11,3.9496e-11,2.8507e-11
4.7785e-11,3.6538e-11,3.3059e-11
5.0798e-11,3.6843e-11,3.3171e-11
5.4147e-11,4.102e-11,4.266e-11
6.1435e-11,3.6615e-11,3.4705e-11
8.0307e-11,4.2071e-11,4.866e-11
2.6318e-11,3.2624e-11,2.7049e-11
3.1897e-11,3.0508e-11,7.1161e-12
2.5657e-11,1.862e-11,6.7909e-12
2.8329e-11,3.6648e-11,3.0184e-11
2.0176e-11,2.4181e-11,1.7855e-11
2.9874e-11,3.2315e-11,1.0528e-11
3.1833e-11,4.1168e-11,3.2029e-11
2.1155e-11,2.5247e-11,1.7127e-11
2.0751e-11,2.4467e-11,1.7353e-11
5.2169e-11,4.4738e-11,2.5107e-11
8.9813e-11,5.6135e-11,4.2235e-11
2.3877e-11,2.9243e-11,2.3272e-11
2.678e-11,2.7161e-11,1.273e-11
2.8284e-11,2.9548e-11,2.6768e-11
3.1189e-11,3.5074e-11,3.1139e-11
2.5705e-11,2.8237e-11,1.9751e-11
2.623e-11,2.8618e-11,2.0323e-11
3.6737e-11,3.8499e-11,3.6301e-11
2.7881e-11,2.7571e-11,2.0415e-11
3.2307e-11,3.2605e-11,2.1623e-11
2.847e-11,2.7952e-11,1.6747e-11
3.2332e-11,3.2611e-11,2.2525e-11
3.7611e-11,3.7187e-11,2.3973e-11
3.6075e-11,3.4671e-11,2.057e-11
4.8903e-11,4.6248e-11,3.2932e-11
3.9007e-11,3.4073e-11,2.4281e-11
5.4944e-11,4.9449e-11,3.5724e-11
5.4626e-11,4.6444e-11,3.6169e-11
6.1397e-11,3.8711e-11,3.5578e-11
3.6783e-11,3.6452e-11,7.0908e-12
3.1343e-11,4.1546e-11,3.4559e-11
6.5191e-11,5.6805e-11,2.8105e-11
2.7917e-11,2.4201e-11,8.179e-12
3.8756e-11,4.0616e-11,1.3483e-11
2.2121e-11,2.0626e-11,1.1663e-11
3.1949e-11,4.2755e-11,3.4268e-11
2.2866e-11,2.1276e-11,1.2202e-11
2.6561e-11,2.3016e-11,1.138e-11
2.5088e-11,3.1796e-11,2.3663e-11
2.4467e-11,2.4414e-11,1.4618e-11
2.7193e-11,2.7663e-11,1.4708e-11
2.5177e-11,2.6695e-11,1.8549e-11
3.3421e-11,3.7246e-11,3.1966e-11
3.3549e-11,3.8631e-11,3.3067e-11
2.6467e-11,2.6874e-11,1.6118e-11
3.1163e-11,3.0422e-11,1.8305e-11
3.4584e-11,3.4345e-11,2.4578e-11
2.8247e-11,2.9783e-11,1.9217e-11
5.4625e-11,5.2143e-11,3.9009e-11
5.4838e-11,5.245e-11,4.0921e-11
3.789e-11,3.5762e-11,2.2275e-11
3.9106e-11,3.5309e-11,2.3678e-11
3.845e-11,3.4619e-11,2.8104e-11
4.6109e-11,4.1455e-11,3.7871e-11
4.4907e-11,3.6159e-11,2.7733e-11
4.9431e-11,3.9329e-11,3.5448e-11
4.9082e-11,3.8847e-11,3.256e-11
6.0929e-11,4.1008e-11,3.8308e-11
5.975e-11,4.0221e-11,3.7562e-11
6.8851e-11,3.9854e-11,3.9495e-11
8.2077e-11,4.4283e-11,5.1261e-11
2.2849e-11,1.9041e-11,7.3087e-12
2.7783e-11,3.2571e-11,2.7321e-11
2.2047e-11,2.0083e-11,1.1465e-11
2.7656e-11,1.975e-11,7.8354e-12
3.6099e-11,4.8223e-11,4.157e-11
2.064e-11,2.3177e-11,1.3065e-11
4.0104e-11,4.3397e-11,1.3277e-11
3.4117e-11,4.5328e-11,3.7481e-11
2.7145e-11,3.1634e-11,2.7249e-11
2.2771e-11,1.9951e-11,1.2232e-11
2.8947e-11,2.8304e-11,9.9513e-12
8.1646e-11,5.9953e-11,3.6296e-11
2.2323e-11,2.6938e-11,1.9985e-11
2.5302e-11,2.3857e-11,1.3532e-11
2.166e-11,2.6934e-11,1.76e-11
2.5655e-11,3.3504e-11,2.5463e-11
2.3686e-11,2.4185e-11,1.527e-11
3.0126e-11,3.2875e-11,1.4402e-11
2.5028e-11,2.9648e-11,2.1906e-11
2.4764e-11,2.6533e-11,1.7992e-11
2.489e-11,2.7092e-11,1.8466e-11
2.4901e-11,3.0671e-11,2.3701e-11
5.1518e-11,4.772e-11,2.9879e-11
3.3618e-11,3.6278e-11,3.0999e-11
2.6682e-11,2.9894e-11,1.9337e-11
2.9349e-11,3.0029e-11,2.2447e-11
4.8461e-11,4.4375e-11,4.1071e-11
5.2662e-11,4.3872e-11,4.1645e-11
7.5665e-11,4.4422e-11,4.7078e-11
2.9101e-11,3.4067e-11,2.8533e-11
3.5976e-11,3.7348e-11,8.3145e-12
6.5075e-11,5.728e-11,2.8976e-11
3.3739e-11,3.5839e-11,9.4755e-12
3.0613e-11,2.8879e-11,8.5823e-12
2.3961e-11,2.285e-11,1.3695e-11
2.3577e-11,2.1693e-11,1.5046e-11
2.379e-11,2.2959e-11,1.5009e-11
3.0978e-11,3.9742e-11,3.1405e-11
3.2014e-11,3.5034e-11,2.0433e-11
2.4458e-11,2.6785e-11,1.755e-11
2.6226e-11,2.7243e-11,1.6455e-11
2.825e-11,2.9085e-11,1.9214e-11
3.6928e-11,3.8705e-11,2.2572e-11
4.4838e-11,4.4642e-11,3.1645e-11
4.5867e-11,3.827e-11,3.062e-11
5.3935e-11,4.2179e-11,3.0576e-11
5.1752e-11,3.9387e-11,3.1498e-11
3.5898e-11,3.4832e-11,6.3611e-12
2.3137e-11,2.113e-11,1.0231e-11
5.1245e-11,5.3485e-11,1.4511e-11
5.0657e-11,5.1364e-11,1.524e-11
2.9004e-11,2.0766e-11,4.7567e-12
2.9792e-11,2.2248e-11,6.9195e-12
6.1276e-11,5.9089e-11,2.355e-11
2.9983e-11,2.3871e-11,6.9668e-12
2.1813e-11,2.7361e-11,1.7235e-11
2.4078e-11,2.2987e-11,1.2574e-11
7.4534e-11,6.1651e-11,3.2157e-11
2.625e-11,3.2037e-11,2.5551e-11
2.4137e-11,2.906e-11,1.9708e-11
7.6794e-11,5.7752e-11,3.9736e-11
2.6823e-11,3.048e-11,2.1161e-11
2.5562e-11,2.6901e-11,1.6345e-11
3.6493e-11,3.9751e-11,2.2794e-11
3.8562e-11,4.059e-11,3.678e-11
3.1982e-11,3.3422e-11,1.9476e-11
2.8784e-11,2.9391e-11,1.8363e-11
2.9371e-11,3.1296e-11,1.9805e-11
3.1908e-11,3.1659e-11,1.8704e-11
3.8153e-11,3.7127e-11,3.2361e-11
4.5931e-11,4.3433e-11,3.0419e-11
3.879e-11,3.5941e-11,2.7123e-11
5.4427e-11,4.7366e-11,3.4289e-11
5.3432e-11,4.2878e-11,4.1697e-11
5.3779e-11,4.1461e-11,3.488e-11
6.5331e-11,4.3313e-11,4.2018e-11
2.5318e-11,1.9969e-11,6.1138e-12
2.6516e-11,2.8621e-11,2.3715e-11
2.2224e-11,1.9755e-11,1.1824e-11
2.3112e-11,2.9081e-11,1.6251e-11
6.4777e-11,6.4029e-11,2.6265e-11
2.3031e-11,2.453e-11,1.4258e-11
2.8822e-11,3.0848e-11,2.6233e-11
3.5013e-11,3.6044e-11,8.3773e-12
2.4365e-11,2.3235e-11,1.187e-11
2.3405e-11,2.0953e-11,1.2741e-11
3.5816e-11,4.5922e-11,3.5863e-11
2.4773e-11,2.4762e-11,1.5382e-11
3.3169e-11,3.6285e-11,1.5773e-11
2.5667e-11,3.0797e-11,2.3051e-11
2.6192e-11,2.7965e-11,1.7063e-11
3.6006e-11,4.2723e-11,3.6288e-11
2.5563e-11,2.7232e-11,1.8236e-11
3.7135e-11,4.206e-11,2.3138e-11
2.6717e-11,2.7484e-11,1.7557e-11
2.658e-11,2.889e-11,1.8891e-11
2.9207e-11,2.9652e-11,1.7077e-11
2.7788e-11,2.9807e-11,1.7721e-11
2.8746e-11,3.1114e-11,2.2168e-11
3.7996e-11,4.0546e-11,2.5205e-11
4.9106e-11,4.9439e-11,3.4296e-11
3.8259e-11,3.8707e-11,3.4827e-11
3.1981e-11,3.2858e-11,2.3385e-11
3.0328e-11,3.2314e-11,2.214e-11
4.0196e-11,3.8592e-11,2.3678e-11
3.9173e-11,3.4988e-11,2.7312e-11
5.282e-11,4.9211e-11,3.6223e-11
5.4845e-11,4.2129e-11,3.7684e-11
5.3893e-11,4.1605e-11,3.4337e-11
6.4903e-11,4.4169e-11,4.0658e-11
6.7892e-11,4.6642e-11,4.1072e-11
7.003e-11,4.2637e-11,4.1429e-11
6.7797e-11,4.7621e-11,4.1537e-11
2.8043e-11,2.2156e-11,6.6906e-12
2.3236e-11,3.0045e-11,1.7852e-11
2.9228e-11,2.149e-11,7.6889e-12
7.4323e-11,6.6913e-11,3.0628e-11
2.4734e-11,2.9902e-11,2.2637e-11
3.7713e-11,4.2967e-11,1.3282e-11
2.9115e-11,2.4563e-11,1.4693e-11
2.7126e-11,2.6527e-11,1.4617e-11
2.5939e-11,2.6927e-11,1.6298e-11
2.9751e-11,3.3793e-11,2.7026e-11
2.8335e-11,3.236e-11,2.1345e-11
3.6227e-11,3.6202e-11,2.6839e-11
3.2986e-11,3.2917e-11,2.4214e-11
3.1304e-11,3.1925e-11,2.296e-11
3.7265e-11,3.8793e-11,3.4758e-11
4.0983e-11,4.4867e-11,2.5475e-11
3.8154e-11,3.6284e-11,2.3679e-11
3.8815e-11,3.7668e-11,2.5262e-11
5.0543e-11,4.8095e-11,3.6996e-11
4.7844e-11,4.2561e-11,3.7826e-11
5.0687e-11,4.1697e-11,3.0516e-11
5.4703e-11,4.3503e-11,3.9816e-11
4.1795e-11,4.2071e-11,8.6324e-12
3.3586e-11,2.7562e-11,7.4051e-12
2.5658e-11,2.4102e-11,8.2729e-12
3.1292e-11,2.2697e-11,3.8258e-12
2.6362e-11,2.9057e-11,2.4447e-11
2.3543e-11,2.8985e-11,1.6879e-11
3.8104e-11,3.9355e-11,1.134e-11
2.4623e-11,3.0887e-11,1.7295e-11
2.3508e-11,2.0531e-11,1.3365e-11
2.8667e-11,2.1461e-11,8.0919e-12
3.6852e-11,3.9304e-11,1.0301e-11
2.6969e-11,3.2255e-11,2.2765e-11
3.2286e-11,2.9794e-11,1.0242e-11
2.5329e-11,2.9069e-11,1.8489e-11
3.6316e-11,4.1533e-11,3.5186e-11
2.8353e-11,2.7728e-11,1.8744e-11
2.7075e-11,2.8922e-11,1.8191e-11
3.293e-11,3.3051e-11,1.6463e-11
2.7721e-11,3.0026e-11,1.9304e-11
3.029e-11,2.8782e-11,1.6709e-11
6.0684e-11,5.4582e-11,3.4604e-11
5.2446e-11,5.1326e-11,3.3699e-11
3.2591e-11,3.6689e-11,2.8416e-11
3.3195e-11,3.3395e-11,2.3462e-11
3.4474e-11,3.5601e-11,2.3159e-11
3.7747e-11,3.5198e-11,2.413e-11
4.1169e-11,4.0662e-11,3.5032e-11
4.178e-11,3.9292e-11,2.7223e-11
4.7582e-11,4.0328e-11,3.1166e-11
5.1047e-11,4.5805e-11,4.1587e-11
5.6262e-11,4.6779e-11,4.3393e-11
6.9098e-11,4.7827e-11,4.2296e-11
7.2083e-11,4.605e-11,4.3848e-11
2.3962e-11,3.0463e-11,1.9044e-11
3.577e-11,4.293e-11,3.4185e-11
3.3198e-11,3.7339e-11,3.0814e-11
6.5384e-11,6.9182e-11,2.6646e-11
4.3834e-11,5.0396e-11,1.6614e-11
3.3939e-11,3.2962e-11,9.1267e-12
2.8814e-11,2.5439e-11,1.2898e-11
2.7111e-11,2.3897e-11,1.5333e-11
3.4589e-11,4.199e-11,3.3085e-11
3.7694e-11,4.735e-11,3.7446e-11
2.7275e-11,2.6185e-11,1.556e-11
3.7583e-11,4.2832e-11,1.8361e-11
3.4214e-11,3.3001e-11,1.2037e-11
3.2744e-11,3.1386e-11,1.1469e-11
2.9931e-11,2.7886e-11,1.8538e-11
7.5349e-11,6.1056e-11,3.8439e-11
3.007e-11,2.9864e-11,2.0066e-11
2.9632e-11,3.0093e-11,2.1006e-11
4.3145e-11,4.6026e-11,2.5638e-11
3.6262e-11,3.6972e-11,1.9264e-11
2.9069e-11,3.2475e-11,2.1047e-11
3.737e-11,3.9687e-11,2.1334e-11
3.7937e-11,3.9834e-11,2.1978e-11
4.0958e-11,4.2323e-11,2.5659e-11
4.3273e-11,4.4349e-11,3.8806e-11
4.7995e-11,4.7368e-11,3.2134e-11
4.7637e-11,4.5205e-11,2.8549e-11
4.7687e-11,4.224e-11,3.5493e-11
5.196e-11,4.3859e-11,3.4705e-11
5.2873e-11,4.2924e-11,3.3785e-11
6.0156e-11,4.4451e-11,3.3482e-11
6.3733e-11,4.6602e-11,4.0783e-11
4.4591e-11,4.8403e-11,8.0393e-12
2.6329e-11,2.4618e-11,8.2959e-12
5.3806e-11,6.1775e-11,1.6011e-11
2.7113e-11,2.3911e-11,9.1509e-12
2.6332e-11,2.3918e-11,9.5445e-12
2.5009e-11,2.2899e-11,1.4077e-11
3.8882e-11,4.6685e-11,3.6544e-11
2.534e-11,3.0489e-11,1.7608e-11
7.08e-11,7.0417e-11,3.185e-11
5.9415e-11,6.1335e-11,2.7072e-11
3.1655e-11,2.8532e-11,1.3311e-11
3.6625e-11,4.3685e-11,3.3545e-11
3.1089e-11,2.8881e-11,2.2758e-11
3.035e-11,3.1822e-11,2.1425e-11
3.3032e-11,3.3437e-11,2.2597e-11
5.2502e-11,5.2565e-11,3.2073e-11
3.3626e-11,3.3798e-11,2.2412e-11
3.9452e-11,4.0396e-11,3.0728e-11
3.9624e-11,4.039e-11,3.4553e-11
4.3592e-11,4.5633e-11,3.9894e-11
4.1799e-11,3.9964e-11,2.4979e-11
4.4213e-11,4.0893e-11,2.6731e-11
5.1097e-11,4.6953e-11,3.201e-11
4.8785e-11,4.2046e-11,3.0704e-11
5.8584e-11,4.5611e-11,3.4782e-11
6.5963e-11,4.6986e-11,4.0057e-11
2.7295e-11,3.3473e-11,1.7875e-11
3.6445e-11,3.1808e-11,6.7987e-12
2.7188e-11,2.5675e-11,1.4964e-11
3.8548e-11,4.1152e-11,1.1233e-11
4.7054e-11,5.5274e-11,1.5838e-11
2.8309e-11,2.5719e-11,1.5355e-11
6.4949e-11,6.9439e-11,2.9856e-11
4.2435e-11,4.9188e-11,1.9356e-11
3.1156e-11,2.6889e-11,1.3628e-11
2.9861e-11,2.917e-11,1.949e-11
3.2323e-11,3.007e-11,2.2663e-11
4.84e-11,5.1323e-11,2.7134e-11
3.7451e-11,3.9202e-11,2.0045e-11
3.354e-11,3.3855e-11,2.186e-11
3.4712e-11,3.4862e-11,2.5672e-11
4.0666e-11,3.8819e-11,3.007e-11
3.8585e-11,3.8539e-11,2.2886e-11
3.8501e-11,3.7981e-11,2.3129e-11
4.1609e-11,3.7972e-11,2.7964e-11
4.3018e-11,4.1217e-11,2.6811e-11
5.4084e-11,4.508e-11,3.353e-11
4.1458e-11,4.0109e-11,4.564e-12
3.4304e-11,2.5077e-11,5.4689e-12
2.9003e-11,2.5548e-11,9.2248e-12
2.6418e-11,2.9113e-11,1.4828e-11
2.6054e-11,2.6714e-11,1.6867e-11
2.6324e-11,2.7951e-11,1.7503e-11
3.8862e-11,4.3807e-11,3.5178e-11
4.3326e-11,4.9845e-11,1.283e-11
4.447e-11,5.1513e-11,1.4592e-11
3.894e-11,4.479e-11,3.7154e-11
3.1844e-11,3.6874e-11,2.7059e-11
3.1017e-11,2.872e-11,2.0106e-11
3.2943e-11,3.2906e-11,2.1585e-11
3.2542e-11,3.5096e-11,2.3743e-11
3.4793e-11,3.767e-11,2.6899e-11
4.1605e-11,4.4318e-11,3.8161e-11
3.4404e-11,3.298e-11,1.9517e-11
3.8726e-11,4.4689e-11,3.5249e-11
3.6215e-11,4.0619e-11,3.0339e-11
4.0863e-11,4.0433e-11,3.0442e-11
4.59e-11,4.539e-11,2.7315e-11
4.6369e-11,4.3341e-11,2.7105e-11
4.7678e-11,4.2785e-11,3.3026e-11
5.7906e-11,4.8963e-11,3.5825e-11
6.2156e-11,4.8635e-11,3.7698e-11
6.6666e-11,4.8491e-11,3.99e-11
2.921e-11,2.745e-11,9.1339e-12
2.7873e-11,2.7654e-11,1.0037e-11
2.9697e-11,3.6925e-11,2.392e-11
3.8977e-11,4.3311e-11,3.6366e-11
2.9284e-11,3.2271e-11,1.8034e-11
3.9849e-11,4.3515e-11,1.4011e-11
4.9296e-11,5.7153e-11,1.9793e-11
3.4536e-11,3.9755e-11,3.0492e-11
2.998e-11,3.0015e-11,1.6486e-11
3.3797e-11,3.9141e-11,2.9128e-11
3.4836e-11,4.0595e-11,2.9483e-11
5.3326e-11,5.6105e-11,2.9237e-11
3.4667e-11,3.0706e-11,1.7282e-11
3.4951e-11,3.21e-11,1.9041e-11
4.0637e-11,4.3906e-11,3.8234e-11
5.1664e-11,5.4129e-11,2.9813e-11
3.4461e-11,3.4955e-11,2.3042e-11
3.9968e-11,4.7308e-11,3.6838e-11
4.2181e-11,4.1835e-11,3.4807e-11
3.97e-11,3.9062e-11,2.5555e-11
4.3255e-11,4.074e-11,2.569e-11
4.6135e-11,4.267e-11,3.0089e-11
5.243e-11,4.4398e-11,3.3978e-11
2.7058e-11,2.8204e-11,1.1425e-11
4.225e-11,4.1563e-11,6.3498e-12
3.1411e-11,2.9573e-11,1.6359e-11
5.5015e-11,6.6564e-11,1.9613e-11
3.1956e-11,2.8702e-11,1.3831e-11
3.3428e-11,3.6881e-11,2.2733e-11
3.274e-11,3.7681e-11,2.8694e-11
3.4382e-11,2.9397e-11,1.8673e-11
7.335e-11,7.012e-11,3.5932e-11
3.5233e-11,3.1108e-11,1.7372e-11
3.5227e-11,3.5072e-11,2.3783e-11
4.17e-11,4.0011e-11,2.4668e-11
4.4896e-11,4.1308e-11,3.0396e-11
4.5165e-11,4.3238e-11,2.6308e-11
4.5423e-11,4.4175e-11,2.8744e-11
4.3265e-11,4.0927e-11,5.0304e-12
3.2638e-11,2.6226e-11,6.9784e-12
3.2665e-11,3.9726e-11,2.6722e-11
3.4788e-11,3.8634e-11,3.1671e-11
2.8257e-11,2.8052e-11,1.622e-11
3.0339e-11,2.8718e-11,1.3106e-11
4.8295e-11,5.644e-11,1.1584e-11
4.7404e-11,5.555e-11,1.2204e-11
2.8813e-11,2.8797e-11,1.6714e-11
2.9901e-11,3.4921e-11,2.1172e-11
4.1494e-11,4.4888e-11,1.5227e-11
3.3963e-11,3.4233e-11,2.2077e-11
3.3772e-11,3.25e-11,1.9731e-11
3.4894e-11,3.1036e-11,2.1064e-11
3.9149e-11,3.5913e-11,1.8012e-11
6.0937e-11,6.1962e-11,3.2767e-11
3.7093e-11,3.265e-11,1.624e-11
3.4295e-11,3.3356e-11,2.2037e-11
4.0772e-11,4.09e-11,2.0574e-11
3.5428e-11,3.3998e-11,2.156e-11
3.6305e-11,3.673e-11,2.594e-11
4.2365e-11,3.5506e-11,2.3014e-11
3.9725e-11,3.6556e-11,2.5166e-11
3.9781e-11,3.7001e-11,2.4327e-11
4.1905e-11,4.1401e-11,2.6393e-11
4.6099e-11,4.4756e-11,6.0873e-12
3.2342e-11,3.0183e-11,1.125e-11
5.6063e-11,7.1737e-11,1.4627e-11
4.3409e-11,4.4691e-11,9.0822e-12
3.9225e-11,3.06e-11,1.1427e-11
3.152e-11,3.8169e-11,2.3083e-11
3.4582e-11,3.4546e-11,2.1977e-11
4.5053e-11,4.7429e-11,2.0068e-11
4.2276e-11,3.9496e-11,1.6964e-11
6.3702e-11,6.3385e-11,3.5171e-11
4.5538e-11,4.7394e-11,4.2117e-11
3.5844e-11,3.6406e-11,2.2753e-11
4.3442e-11,4.2976e-11,2.2808e-11
4.16e-11,3.9043e-11,2.553e-11
4.3489e-11,4.1878e-11,2.9069e-11
4.4935e-11,4.2485e-11,2.4211e-11
4.6309e-11,4.3593e-11,3.3496e-11
4.5745e-11,4.3753e-11,2.9291e-11
4.3652e-11,4.1543e-11,5.5322e-12
5.7139e-11,7.3873e-11,1.6441e-11
5.2285e-11,6.6701e-11,1.3918e-11
4.0649e-11,4.3717e-11,3.708e-11
3.2905e-11,2.9877e-11,1.7536e-11
4.1769e-11,4.6796e-11,3.9148e-11
4.0261e-11,3.1875e-11,9.9684e-12
3.8778e-11,4.397e-11,3.5808e-11
3.4452e-11,4.3431e-11,2.575e-11
3.2632e-11,2.9886e-11,1.8782e-11
3.4122e-11,4.0841e-11,2.4264e-11
3.517e-11,4.0162e-11,2.4127e-11
3.7392e-11,4.4356e-11,3.1398e-11
3.7207e-11,4.1813e-11,3.1159e-11
4.6371e-11,5.1291e-11,3.9952e-11
3.7262e-11,3.8495e-11,2.4372e-11
4.0714e-11,4.1629e-11,2.7435e-11
3.8006e-11,2.8363e-11,4.9474e-12
3.3955e-11,4.1498e-11,2.7586e-11
5.8047e-11,7.2613e-11,1.7841e-11
3.4377e-11,4.3953e-11,2.5176e-11
3.7114e-11,4.4123e-11,3.2157e-11
3.4906e-11,3.0664e-11,2.0036e-11
4.7889e-11,5.4217e-11,1.8726e-11
4.0187e-11,3.2371e-11,1.6027e-11
3.6804e-11,3.443e-11,2.0349e-11
3.9462e-11,3.5795e-11,2.3784e-11
4.7159e-11,4.9362e-11,2.0183e-11
3.9253e-11,4.1972e-11,2.6878e-11
4.3872e-11,4.3238e-11,2.17e-11
4.7774e-11,5.1827e-11,4.2876e-11
5.1051e-11,4.7069e-11,3.8152e-11
5.151e-11,4.8017e-11,2.8258e-11
4.8876e-11,4.5864e-11,3.4538e-11
5.006e-11,5.4986e-11,8.5234e-12
3.4512e-11,4.3266e-11,2.7101e-11
4.9831e-11,5.8814e-11,1.4605e-11
3.5236e-11,3.3998e-11,1.9399e-11
3.9421e-11,3.3675e-11,1.6314e-11
4.27e-11,3.7884e-11,2.157e-11
4.228e-11,4.0503e-11,2.555e-11
4.337e-11,4.3117e-11,2.7844e-11
4.6129e-11,4.3877e-11,2.5192e-11
4.7093e-11,4.3014e-11,3.0252e-11
4.8548e-11,4.6639e-11,3.4489e-11
4.8138e-11,4.5365e-11,3.2542e-11
4.164e-11,3.1593e-11,4.2403e-12
3.4421e-11,3.2527e-11,1.013e-11
3.5654e-11,4.7865e-11,2.6077e-11
3.5525e-11,4.5753e-11,2.4098e-11
5.5292e-11,6.654e-11,1.2283e-11
3.6128e-11,2.9882e-11,2.0312e-11
3.4721e-11,3.3118e-11,1.8814e-11
3.9288e-11,3.2459e-11,2.3234e-11
4.2032e-11,3.7418e-11,2.1972e-11
4.8497e-11,5.0029e-11,1.9232e-11
4.3334e-11,3.8405e-11,2.3949e-11
4.0578e-11,3.694e-11,2.0337e-11
4.4493e-11,3.7954e-11,1.9987e-11
3.917e-11,3.751e-11,2.3419e-11
4.5824e-11,5.0107e-11,4.2119e-11
4.4976e-11,4.8388e-11,3.6185e-11
4.0882e-11,4.2338e-11,2.5607e-11
4.6926e-11,4.3277e-11,2.9292e-11
5.1435e-11,4.9626e-11,3.9855e-11
5.019e-11,4.7882e-11,2.7518e-11
4.9261e-11,4.759e-11,2.7461e-11
3.9589e-11,4.8621e-11,3.26e-11
3.5279e-11,3.4076e-11,2.0052e-11
3.7423e-11,4.7272e-11,3.0749e-11
3.5013e-11,3.5167e-11,2.071e-11
4.1001e-11,4.6785e-11,3.5544e-11
5.6108e-11,6.8794e-11,1.8259e-11
4.068e-11,3.314e-11,2.5254e-11
4.8847e-11,4.9821e-11,1.7566e-11
4.3635e-11,3.4567e-11,1.7266e-11
4.7529e-11,4.8287e-11,1.8128e-11
4.102e-11,3.7924e-11,2.1179e-11
4.4261e-11,4.655e-11,2.8895e-11
4.991e-11,4.1638e-11,2.769e-11
4.7938e-11,5.1035e-11,4.045e-11
4.5505e-11,4.4048e-11,2.2686e-11
4.3388e-11,4.16e-11,2.6774e-11
5.0016e-11,4.9161e-11,2.9674e-11
5.2978e-11,4.9739e-11,3.9759e-11
4.5167e-11,3.6471e-11,4.7151e-12
4.6216e-11,3.8284e-11,5.0231e-12
3.7381e-11,3.5654e-11,9.7702e-12
3.755e-11,4.8406e-11,2.6014e-11
5.8572e-11,7.2396e-11,1.5413e-11
3.9955e-11,3.3173e-11,2.3582e-11
3.9989e-11,3.7588e-11,2.3756e-11
4.258e-11,3.3864e-11,1.7062e-11
4.3285e-11,3.8721e-11,2.6901e-11
4.4697e-11,4.3629e-11,2.5216e-11
4.7076e-11,4.9457e-11,3.3909e-11
4.4729e-11,4.3347e-11,2.4881e-11
4.4848e-11,4.4324e-11,2.7171e-11
5.4138e-11,5.0407e-11,4.0077e-11
4.8944e-11,4.8253e-11,2.7383e-11
3.4056e-11,3.7885e-11,1.4788e-11
4.2405e-11,3.2439e-11,9.6656e-12
5.0694e-11,4.7787e-11,1.7494e-11
4.1922e-11,3.8725e-11,2.1666e-11
5.0589e-11,4.9226e-11,3.4502e-11
5.337e-11,5.097e-11,2.8998e-11
5.0573e-11,4.7285e-11,2.8538e-11
5.4912e-11,5.945e-11,5.3671e-12
5.3423e-11,5.7582e-11,5.1782e-12
3.5188e-11,3.5645e-11,1.7434e-11
3.5368e-11,3.3498e-11,1.8591e-11
4.266e-11,3.3862e-11,1.1404e-11
5.3627e-11,5.727e-11,1.1066e-11
4.9687e-11,4.6515e-11,8.6853e-12
5.0439e-11,4.2079e-11,1.0456e-11
4.622e-11,3.5569e-11,1.4705e-11
4.3908e-11,3.7634e-11,2.6641e-11
4.8751e-11,4.0259e-11,1.9269e-11
5.1443e-11,4.5787e-11,2.2359e-11
4.9088e-11,4.2377e-11,2.83e-11
4.9322e-11,4.8942e-11,2.7421e-11
4.9813e-11,4.2548e-11,6.1517e-12
4.0157e-11,4.9428e-11,2.5112e-11
4.5718e-11,5.0768e-11,2.7454e-11
4.1701e-11,4.2372e-11,2.3222e-11
4.6829e-11,4.6814e-11,2.6035e-11
5.1468e-11,4.3635e-11,1.9812e-11
5.1725e-11,4.4726e-11,2.1241e-11
4.9094e-11,4.4443e-11,2.4756e-11
5.2058e-11,5.0072e-11,2.9109e-11
4.4655e-11,3.4574e-11,6.4077e-12
5.1555e-11,4.1991e-11,1.3942e-11
5.3079e-11,4.4716e-11,1.3202e-11
5.247e-11,4.3354e-11,1.5256e-11
5.1532e-11,4.2248e-11,1.8112e-11
5.2205e-11,4.2398e-11,2.8141e-11
5.1401e-11,4.1701e-11,2.6726e-11
4.8368e-11,4.3276e-11,3.2064e-11
5.4707e-11,4.6139e-11,2.9785e-11
4.0772e-11,4.5412e-11,1.7268e-11
4.1067e-11,4.3565e-11,1.7705e-11
4.1883e-11,3.9712e-11,1.7386e-11
5.5977e-11,5.6412e-11,1.2765e-11
4.9754e-11,4.7352e-11,2.685e-11
5.5809e-11,5.4338e-11,1.8475e-11
4.4095e-11,3.9766e-11,1.2259e-11
6.0447e-11,6.5022e-11,8.5294e-12
4.5923e-11,5.0699e-11,2.6931e-11
4.6491e-11,5.277e-11,2.7759e-11
5.5394e-11,4.8166e-11,1.4847e-11
5.2326e-11,4.2393e-11,2.3681e-11
6.1599e-11,6.6299e-11,7.376e-12
5.7899e-11,5.6869e-11,8.2006e-12
4.4528e-11,4.3836e-11,1.513e-11
4.923e-11,4.4044e-11,1.4294e-11
4.7141e-11,4.8523e-11,2.7844e-11
5.6475e-11,5.0412e-11,8.903e-12
5.0484e-11,4.3984e-11,2.7679e-11
5.7469e-11,5.1388e-11,1.4734e-11
5.1676e-11,4.7761e-11,3.2423e-11
5.0015e-11,3.9385e-11,7.3573e-12
4.8935e-11,4.0124e-11,2.6936e-11
5.3439e-11,4.5573e-11,2.5479e-11
6.3637e-11,6.6664e-11,8.9686e-12
4.4097e-11,5.0434e-11,1.9275e-11
4.962e-11,3.9197e-11,2.5963e-11
6.0583e-11,5.306e-11,1.286e-11
5.1696e-11,4.5033e-11,3.2316e-11
5.2781e-11,4.6134e-11,2.4895e-11
5.4919e-11,4.9167e-11,3.3421e-11
5.4534e-11,4.8743e-11,3.6321e-11
5.1108e-11,4.2946e-11,1.3071e-11
5.6939e-11,4.5962e-11,1.2119e-11
4.7842e-11,5.2758e-11,2.2697e-11
5.8214e-11,4.4261e-11,1.6374e-11
5.3517e-11,5.0523e-11,1.9878e-11
5.2864e-11,4.9118e-11,2.9289e-11
6.2853e-11,5.5809e-11,1.1327e-11
5.2977e-11,4.9495e-11,3.3003e-11
5.43e-11,4.6064e-11,3.164e-11
6.425e-11,5.6279e-11,1.3346e-11
5.8456e-11,4.7812e-11,9.3097e-12
4.7966e-11,5.1778e-11,2.3141e-11
5.0905e-11,4.4883e-11,2.6664e-11
5.7099e-11,5.0706e-11,3.2906e-11
5.9625e-11,4.7517e-11,2.1679e-11
5.6711e-11,5.4822e-11,3.522e-11
5.6884e-11,5.3767e-11,3.604e-11
5.1567e-11,5.724e-11,2.5234e-11
5.4368e-11,5.6313e-11,2.7922e-11
6.2074e-11,5.2026e-11,3.4229e-11
6.4501e-11,4.933e-11,3.4699e-11
5.9757e-11,5.06e-11,1.3196e-11
5.9032e-11,5.3927e-11,1.7449e-11
6.3731e-11,5.4155e-11,2.2794e-11
5.9046e-11,5.0393e-11,3.4081e-11
6.5215e-11,5.1585e-11,1.5032e-11
6.4237e-11,4.8712e-11,3.8014e-11
6.7811e-11,5.4558e-11,2.215e-11
6.4969e-11,5.6815e-11,1.533e-11
6.7971e-11,5.6712e-11,1.4121e-11
7.0176e-11,5.8349e-11,1.8855e-11
