1.4102e-11,8.1194e-11,7.6828e-11
4.0845e-11,7.297e-11,9.3092e-11
2.4826e-11,7.9163e-11,7.8916e-11
2.8848e-11,8.5768e-11,8.7498e-11
1.2984e-11,7.5786e-11,7.0398e-11
1.4024e-11,7.7612e-11,7.7056e-11
4.7175e-11,7.8496e-11,8.0169e-11
4.1097e-11,1.0394e-10,6.2631e-11
3.9177e-11,1.0462e-10,6.3416e-11
2.6653e-11,9.9537e-11,6.2833e-11
1.5244e-11,8.2261e-11,8.1568e-11
7.7166e-11,8.5855e-11,8.7566e-11
7.486e-11,9.0098e-11,7.6835e-11
3.5922e-11,7.246e-11,8.1217e-11
3.8092e-11,8.9242e-11,6.9526e-11
5.3333e-11,7.9305e-11,9.846e-11
3.3747e-11,7.6259e-11,7.1122e-11
4.468e-11,1.1398e-10,5.4934e-11
2.335e-11,7.4641e-11,7.7135e-11
2.5861e-11,8.2597e-11,6.0436e-11
3.2777e-11,1.1569e-10,9.5284e-11
2.5829e-11,8.4563e-11,6.1188e-11
3.4463e-11,1.2579e-10,5.5657e-11
3.1972e-11,1.0873e-10,9.3223e-11
1.4278e-11,8.7419e-11,7.2219e-11
7.6405e-11,8.317e-11,8.3778e-11
5.0167e-11,7.6105e-11,7.9225e-11
6.8001e-11,1.2554e-10,5.1687e-11
3.6325e-11,8.2679e-11,5.632e-11
3.5673e-11,6.7586e-11,7.5129e-11
3.2406e-11,7.4374e-11,6.3348e-11
3.4816e-11,1.1478e-10,5.3331e-11
7.2353e-11,8.5254e-11,6.7416e-11
5.014e-11,7.534e-11,5.9241e-11
6.3901e-11,1.0605e-10,5.3205e-11
3.7782e-11,8.2446e-11,6.2737e-11
4.3792e-11,8.8317e-11,9.3624e-11
1.8759e-11,5.7656e-11,6.1444e-11
3.6572e-11,1.2735e-10,5.1405e-11
2.2815e-11,8.1701e-11,5.5541e-11
1.5889e-11,6.4276e-11,6.791e-11
1.9649e-11,1.1485e-10,5.5072e-11
6.7915e-11,8.4714e-11,5.4364e-11
4.8111e-11,7.6466e-11,9.2557e-11
3.0072e-11,6.2979e-11,6.6224e-11
3.7301e-11,1.0067e-10,9.66e-11
4.6311e-11,1.1313e-10,4.7565e-11
2.8078e-11,1.0984e-10,5.3927e-11
2.9091e-11,1.123e-10,5.0957e-11
2.7049e-11,1.3316e-10,5.2038e-11
2.3452e-11,1.3149e-10,5.0866e-11
1.716e-11,8.9394e-11,7.106e-11
6.081e-11,7.1307e-11,8.7815e-11
7.0124e-11,8.06e-11,6.4343e-11
7.1588e-11,8.6133e-11,6.0117e-11
4.123e-11,6.0733e-11,6.8615e-11
3.0564e-11,9.4684e-11,4.8095e-11
1.6513e-11,1.2671e-10,5.1416e-11
5.2465e-11,6.5545e-11,8.6235e-11
5.7504e-11,7.7065e-11,9.4051e-11
4.7248e-11,8.0191e-11,9.4792e-11
4.635e-11,9.8439e-11,4.4639e-11
3.868e-11,1.157e-10,4.6179e-11
1.8552e-11,5.9742e-11,5.674e-11
2.182e-11,6.7003e-11,5.5862e-11
2.298e-11,1.2854e-10,4.8811e-11
1.7233e-11,1.3129e-10,4.7955e-11
7.5098e-11,6.5355e-11,7.3196e-11
5.0991e-11,8.6826e-11,1.004e-10
6.329e-11,9.3339e-11,5.1476e-11
5.9206e-11,9.8556e-11,4.688e-11
2.799e-11,6.4407e-11,4.868e-11
3.7567e-11,9.5076e-11,4.5354e-11
3.4127e-11,1.1125e-10,9.4121e-11
2.7676e-11,5.4636e-11,5.7518e-11
1.8417e-11,5.9061e-11,4.7993e-11
2.7043e-11,1.4076e-10,8.6458e-11
3.1665e-11,1.1725e-10,4.6953e-11
2.2735e-11,9.4863e-11,5.1111e-11
8.0205e-11,8.1063e-11,5.694e-11
6.7494e-11,8.2536e-11,4.766e-11
3.9056e-11,9.2891e-11,4.186e-11
1.978e-11,5.0526e-11,4.7433e-11
2.9878e-11,1.0039e-10,4.4224e-11
1.0019e-11,7.4809e-11,4.9894e-11
2.1938e-11,1.2047e-10,4.2964e-11
6.7661e-11,5.9276e-11,8.2582e-11
6.4134e-11,6.4337e-11,8.5814e-11
8.0116e-11,8.1577e-11,5.2658e-11
2.8688e-11,4.8993e-11,6.0288e-11
3.188e-11,7.0511e-11,4.5718e-11
3.5709e-11,8.7296e-11,8.4942e-11
5.3809e-11,1.0324e-10,3.9556e-11
1.4256e-11,5.8365e-11,4.4127e-11
1.6081e-11,5.5732e-11,5.3691e-11
1.1702e-11,7.0969e-11,5.2251e-11
5.7404e-11,9.9016e-11,1.0268e-10
5.7076e-11,9.7224e-11,5.7409e-11
2.3484e-11,3.7093e-11,5.2432e-11
5.3798e-11,1.1226e-10,5.1423e-11
3.3458e-11,1.0661e-10,8.416e-11
2.7382e-11,8.2953e-11,4.4995e-11
1.4916e-11,5.0354e-11,5.1743e-11
3.1435e-11,6.9815e-11,4.8438e-11
1.6105e-11,7.2846e-11,5.8498e-11
3.2678e-11,1.0849e-10,4.5204e-11
1.499e-11,5.3668e-11,5.8163e-11
3.1781e-11,1.2324e-10,4.1416e-11
2.7189e-11,1.2543e-10,4.8899e-11
6.4913e-11,5.5457e-11,5.9907e-11
8.553e-11,5.2242e-11,5.5539e-11
7.2402e-11,7.872e-11,5.4828e-11
6.0372e-11,6.9612e-11,7.7879e-11
5.6155e-11,6.1874e-11,7.1494e-11
5.0535e-11,5.3052e-11,5.9862e-11
4.7969e-11,4.8977e-11,5.8294e-11
4.6823e-11,4.6186e-11,5.2791e-11
4.5661e-11,5.6711e-11,4.9011e-11
4.672e-11,7.7982e-11,4.4553e-11
7.0447e-11,7.6178e-11,3.9382e-11
5.3683e-11,7.5541e-11,3.6456e-11
2.5599e-11,6.9809e-11,4.2438e-11
2.5423e-11,1.0128e-10,7.6583e-11
3.3929e-11,8.5024e-11,3.7668e-11
3.4442e-11,1.1154e-10,6.1782e-11
1.3064e-11,5.1799e-11,4.4017e-11
3.5632e-11,1.0808e-10,4.3939e-11
2.9516e-11,4.6753e-11,4.4114e-11
1.0165e-11,9.0158e-11,5.684e-11
1.2249e-11,4.7065e-11,5.0021e-11
1.4035e-11,9.2434e-11,5.8384e-11
1.1528e-11,4.9193e-11,5.2182e-11
1.2813e-11,6.5525e-11,5.117e-11
8.9991e-11,4.4841e-11,6.7964e-11
8.7245e-11,5.326e-11,5.6083e-11
8.8528e-11,5.661e-11,4.8466e-11
5.7738e-11,5.8175e-11,4.66e-11
5.5897e-11,6.0958e-11,4.4771e-11
4.6388e-11,8.2154e-11,4.1942e-11
4.9121e-11,1.2509e-10,1.0173e-10
3.7712e-11,1.0136e-10,4.4662e-11
2.5908e-11,1.4486e-10,7.5807e-11
2.3769e-11,8.7786e-11,4.4967e-11
2.275e-11,1.166e-10,4.2767e-11
7.4019e-11,3.1436e-11,9.6629e-11
6.7547e-11,5.3991e-11,7.3477e-11
8.1126e-11,3.7827e-11,7.0454e-11
8.7007e-11,4.1074e-11,6.1712e-11
3.838e-11,4.8133e-11,5.9741e-11
7.1166e-11,7.3047e-11,5.0607e-11
2.9541e-11,5.4093e-11,4.0185e-11
4.2699e-11,8.24e-11,7.0914e-11
2.5802e-11,9.4346e-11,4.1949e-11
3.1222e-11,9.8847e-11,3.9528e-11
3.7931e-11,1.4437e-10,8.4824e-11
1.8663e-11,1.3307e-10,8.0922e-11
1.1117e-11,1.1004e-10,6.694e-11
2.9461e-11,9.9279e-11,4.0257e-11
2.9265e-11,1.0171e-10,3.9983e-11
6.8649e-11,3.6922e-11,1.0061e-10
7.5471e-11,6.0942e-11,8.3867e-11
5.85e-11,4.7714e-11,6.0673e-11
8.6136e-11,4.0605e-11,5.7076e-11
7.4704e-11,6.5207e-11,6.1067e-11
6.9044e-11,7.8899e-11,8.3408e-11
7.5575e-11,5.3414e-11,6.4706e-11
7.2478e-11,6.5221e-11,5.5919e-11
5.1232e-11,8.6929e-11,5.0388e-11
5.0619e-11,8.807e-11,4.6464e-11
2.9988e-11,5.9786e-11,3.677e-11
1.2402e-11,1.0961e-10,6.7337e-11
3.2657e-11,1.0459e-10,3.8342e-11
1.0426e-10,9.5539e-11,4.5005e-11
8.1704e-11,7.7903e-11,6.9642e-11
5.2815e-11,5.5007e-11,8.596e-11
6.2276e-11,5.9724e-11,9.4383e-11
5.2254e-11,5.4836e-11,8.6747e-11
7.1461e-11,5.1503e-11,6.2946e-11
7.0831e-11,3.2756e-11,6.8243e-11
7.937e-11,4.1706e-11,5.9246e-11
8.2601e-11,3.6347e-11,5.7719e-11
6.9235e-11,5.1588e-11,6.0374e-11
6.2092e-11,5.2305e-11,5.5392e-11
4.7806e-11,5.3004e-11,5.4553e-11
4.1443e-11,4.7719e-11,4.7827e-11
6.6256e-11,9.3413e-11,9.3161e-11
5.7641e-11,8.9583e-11,8.8227e-11
1.831e-11,6.8673e-11,3.6486e-11
2.4948e-11,1.4532e-10,6.6691e-11
2.7695e-11,1.0157e-10,4.114e-11
1.4877e-11,1.2668e-10,6.1239e-11
1.6831e-11,4.9587e-11,5.8209e-11
2.9372e-11,7.843e-11,3.9994e-11
1.8833e-11,1.2194e-10,4.1264e-11
2.0838e-11,1.1581e-10,3.9138e-11
1.3134e-11,5.7507e-11,4.6107e-11
2.6495e-11,8.1815e-11,3.9248e-11
1.2087e-10,8.6811e-11,5.8373e-11
1.1382e-10,9.2968e-11,5.9969e-11
7.0818e-11,5.7792e-11,7.7706e-11
8.1685e-11,3.182e-11,9.8827e-11
9.2875e-11,4.5711e-11,6.706e-11
8.9415e-11,4.7774e-11,6.5132e-11
6.8875e-11,2.5402e-11,9.0166e-11
5.7839e-11,6.7758e-11,8.4743e-11
5.8266e-11,4.711e-11,5.6508e-11
4.7276e-11,5.6878e-11,6.9462e-11
7.7448e-11,7.5733e-11,8.2879e-11
7.0284e-11,1.1746e-10,4.307e-11
7.2977e-11,1.3525e-10,5.3442e-11
1.1614e-10,1.4771e-10,6.8554e-11
1.2418e-10,1.4475e-10,8.0699e-11
2.563e-11,4.4972e-11,4.4559e-11
1.5642e-10,1.4662e-10,7.5094e-11
4.5919e-11,1.0414e-10,1.0102e-10
3.6919e-11,6.5349e-11,7.1159e-11
2.0972e-11,4.3883e-11,3.8518e-11
4.1652e-11,9.38e-11,3.7355e-11
4.1214e-11,9.365e-11,3.4984e-11
1.0961e-11,3.4636e-11,4.6393e-11
2.7497e-11,9.2034e-11,4.2357e-11
2.0532e-11,8.0738e-11,5.3754e-11
2.0319e-11,5.586e-11,4.1492e-11
8.559e-11,3.3486e-11,8.4149e-11
9.9554e-11,9.4085e-11,5.45e-11
9.8383e-11,1.0626e-10,3.2734e-11
7.8125e-11,8.263e-11,5.3747e-11
6.912e-11,3.0645e-11,9.9612e-11
7.1583e-11,2.7382e-11,9.1816e-11
8.0434e-11,3.9795e-11,6.4627e-11
5.7975e-11,5.7416e-11,8.3858e-11
9.8146e-11,8.7003e-11,4.0965e-11
6.815e-11,4.7945e-11,7.4193e-11
6.5719e-11,4.0517e-11,6.1656e-11
5.455e-11,4.3602e-11,6.9188e-11
6.3296e-11,2.0718e-11,7.9289e-11
9.3494e-11,1.2973e-10,5.0539e-11
3.752e-11,4.7587e-11,4.2098e-11
5.1885e-11,5.2545e-11,3.9359e-11
4.8111e-11,4.7833e-11,3.8024e-11
9.4696e-11,1.5346e-10,6.002e-11
7.6016e-11,3.2671e-11,5.2469e-11
3.3481e-11,4.5772e-11,3.689e-11
3.372e-11,5.016e-11,3.4203e-11
4.0549e-11,6.9633e-11,7.115e-11
2.6913e-11,3.4254e-11,4.132e-11
4.121e-11,6.7565e-11,3.3963e-11
6.5945e-11,6.258e-11,3.7394e-11
1.6183e-10,1.4444e-10,8.7276e-11
1.5577e-10,1.4377e-10,9.0593e-11
3.8407e-11,6.8093e-11,7.0745e-11
2.6063e-11,4.4327e-11,4.9916e-11
4.3146e-11,6.5515e-11,3.9185e-11
2.6037e-11,9.3348e-11,7.5577e-11
2.6002e-11,8.7839e-11,6.7524e-11
1.7911e-11,6.7648e-11,3.7122e-11
1.7349e-11,7.156e-11,3.7114e-11
2.9359e-11,8.9292e-11,3.936e-11
1.3624e-11,1.0005e-10,3.9105e-11
7.9877e-11,3.5364e-11,9.2973e-11
8.4248e-11,6.7663e-11,6.7397e-11
1.2209e-10,9.0662e-11,5.7568e-11
9.2262e-11,3.9759e-11,7.4459e-11
9.6029e-11,4.0756e-11,7.5539e-11
8.3257e-11,3.7353e-11,6.9086e-11
7.4138e-11,2.7214e-11,8.7347e-11
8.6978e-11,3.7374e-11,6.3536e-11
9.2208e-11,9.1517e-11,4.2224e-11
5.9394e-11,2.6637e-11,7.53e-11
7.5365e-11,9.9753e-11,3.78e-11
6.3899e-11,4.1345e-11,5.6643e-11
7.7021e-11,9.7232e-11,3.6843e-11
6.9745e-11,2.256e-11,6.69e-11
6.9464e-11,3.503e-11,5.4127e-11
6.1926e-11,2.5116e-11,8.1582e-11
6.3524e-11,1.2469e-10,5.187e-11
7.8261e-11,1.1364e-10,3.3151e-11
4.7637e-11,4.1814e-11,3.7522e-11
6.9637e-11,2.1595e-11,7.1593e-11
8.2862e-11,1.5414e-10,6.4993e-11
5.2053e-11,3.887e-11,4.1756e-11
6.1266e-11,1.0808e-10,1.0525e-10
6.5826e-11,4.3615e-11,7.1399e-11
3.5564e-11,6.0023e-11,2.9819e-11
4.6386e-11,6.4521e-11,4.3714e-11
5.0741e-11,1.1079e-10,1.0149e-10
2.6301e-11,7.7857e-11,3.5943e-11
2.2713e-11,7.4388e-11,3.5169e-11
1.4243e-11,3.7588e-11,3.6368e-11
2.5338e-11,1.0432e-10,6.9147e-11
1.9779e-11,3.8665e-11,3.8519e-11
1.7999e-11,6.052e-11,3.7546e-11
2.3772e-11,4.2277e-11,4.8829e-11
1.2074e-11,6.6495e-11,4.1597e-11
1.1074e-11,5.1357e-11,4.0229e-11
2.2525e-11,4.5813e-11,5.0319e-11
1.457e-11,5.8978e-11,4.0706e-11
2.8256e-11,6.0689e-11,3.7375e-11
1.2141e-10,8.5916e-11,5.5159e-11
9.414e-11,8.0208e-11,5.3569e-11
1.1762e-10,8.7375e-11,4.9994e-11
7.9928e-11,8.4595e-11,4.0325e-11
5.3307e-11,7.3887e-11,6.6889e-11
6.1844e-11,2.8944e-11,8.5374e-11
5.3277e-11,7.4957e-11,5.8395e-11
7.1232e-11,1.0298e-10,3.7982e-11
5.5693e-11,1.2029e-10,4.2224e-11
6.7456e-11,8.3441e-11,8.2697e-11
4.0085e-11,6.6868e-11,6.2271e-11
6.4296e-11,4.2104e-11,4.9878e-11
5.8917e-11,1.0232e-10,1.0002e-10
5.0824e-11,7.0192e-11,3.9912e-11
1.8233e-10,1.4008e-10,5.8494e-11
2.9667e-11,7.1792e-11,6.4632e-11
2.0479e-11,3.1848e-11,3.577e-11
5.4537e-11,6.1063e-11,5.2274e-11
1.7384e-11,3.3375e-11,3.1839e-11
3.1354e-11,5.7403e-11,2.9354e-11
1.9973e-11,5.3363e-11,3.803e-11
1.5357e-11,4.2436e-11,3.9063e-11
3.9621e-11,7.9794e-11,3.8447e-11
2.3755e-11,7.4412e-11,3.2862e-11
2.8055e-11,9.3075e-11,3.2317e-11
8.3015e-11,4.7677e-11,7.9348e-11
1.6133e-10,7.276e-11,6.3744e-11
9.0595e-11,3.6394e-11,7.3413e-11
8.3381e-11,4.4138e-11,7.1454e-11
6.9627e-11,4.0941e-11,5.8728e-11
1.1658e-10,9.7551e-11,4.1692e-11
6.7592e-11,3.4605e-11,6.0022e-11
7.543e-11,3.1598e-11,5.4364e-11
4.9297e-11,3.2629e-11,7.4696e-11
6.6426e-11,2.2518e-11,7.1131e-11
7.451e-11,1.2073e-10,3.2545e-11
4.876e-11,4.8794e-11,4.0392e-11
1.0837e-10,1.2385e-10,5.8516e-11
3.3163e-11,4.2384e-11,3.2583e-11
1.3993e-10,1.2443e-10,4.9554e-11
6.1573e-11,2.9711e-11,7.4082e-11
4.5425e-11,9.8451e-11,9.3861e-11
2.7551e-11,5.8929e-11,3.9291e-11
1.8016e-11,3.7753e-11,3.8334e-11
1.1374e-11,4.2347e-11,3.5527e-11
1.3461e-11,7.3419e-11,3.6462e-11
1.52e-11,3.9271e-11,4.4448e-11
1.4105e-11,9.6997e-11,3.4745e-11
8.0754e-11,3.3618e-11,8.1263e-11
9.0116e-11,5.8123e-11,6.1981e-11
6.6216e-11,3.734e-11,7.6624e-11
6.2799e-11,4.1558e-11,6.9107e-11
8.1302e-11,1.0911e-10,3.3939e-11
8.5024e-11,7.7954e-11,8.8312e-11
7.95e-11,8.1618e-11,8.8134e-11
6.4328e-11,1.4211e-10,3.5599e-11
8.055e-11,1.23e-10,3.0999e-11
6.5966e-11,8.689e-11,4.6925e-11
7.7365e-11,7.3987e-11,4.4848e-11
8.8212e-11,1.4895e-10,5.6672e-11
3.2925e-11,5.8601e-11,5.7858e-11
1.3299e-10,1.265e-10,4.5158e-11
2.8975e-11,4.4149e-11,2.709e-11
2.1731e-11,5.7833e-11,4.8069e-11
4.4187e-11,1.1918e-10,8.4883e-11
4.3988e-11,6.7809e-11,3.7955e-11
2.8035e-11,9.7134e-11,3.7498e-11
8.75e-11,4.8315e-11,7.1574e-11
1.4563e-10,7.4689e-11,5.3807e-11
5.9728e-11,3.9344e-11,8.0067e-11
7.1548e-11,6.2653e-11,7.7774e-11
7.9018e-11,6.784e-11,8.347e-11
5.2964e-11,4.153e-11,5.5e-11
4.5453e-11,3.6192e-11,4.7194e-11
3.9755e-11,7.8305e-11,7.3293e-11
9.3034e-11,8.5697e-11,4.0161e-11
5.9309e-11,3.1353e-11,4.6688e-11
6.0537e-11,3.4259e-11,4.735e-11
5.8726e-11,3.4433e-11,5.5461e-11
7.2992e-11,9.1517e-11,3.2602e-11
1.0826e-10,1.0983e-10,3.5848e-11
3.5257e-11,6.5586e-11,6.0852e-11
5.4346e-11,5.8318e-11,4.8777e-11
1.296e-10,1.2006e-10,6.9102e-11
4.9905e-11,6.293e-11,3.2719e-11
2.0925e-11,3.0387e-11,3.4776e-11
5.611e-11,4.8189e-11,5.2317e-11
1.7039e-10,1.1504e-10,5.0203e-11
2.3366e-11,4.7421e-11,3.1013e-11
4.4977e-11,1.1875e-10,9.6109e-11
2.3255e-11,4.8684e-11,3.6934e-11
4.4096e-11,1.1806e-10,8.9046e-11
1.4599e-11,5.2021e-11,4.1536e-11
1.8378e-11,4.4229e-11,3.3956e-11
2.9505e-11,1.066e-10,3.1713e-11
7.4209e-11,3.2309e-11,7.2712e-11
1.5276e-10,5.6437e-11,6.6477e-11
6.4889e-11,4.495e-11,5.4665e-11
1.6615e-10,5.934e-11,5.8333e-11
5.1419e-11,5.5926e-11,5.8866e-11
7.2646e-11,3.0509e-11,5.0239e-11
6.5443e-11,4.6211e-11,7.2287e-11
6.6966e-11,4.7164e-11,5.8362e-11
6.2865e-11,4.4386e-11,5.5066e-11
4.7465e-11,2.8271e-11,6.0599e-11
6.4723e-11,3.3225e-11,5.7702e-11
1.0337e-10,8.5476e-11,3.9094e-11
7.4558e-11,7.2957e-11,8.2843e-11
3.6665e-11,8.3033e-11,6.8059e-11
5.5194e-11,3.8862e-11,5.5395e-11
6.7227e-11,6.6619e-11,7.1384e-11
4.2595e-11,3.8295e-11,4.553e-11
5.8411e-11,7.534e-11,4.5483e-11
2.6259e-11,3.2198e-11,3.5964e-11
3.744e-11,6.936e-11,6.3194e-11
1.3524e-10,1.1818e-10,6.5282e-11
4.8288e-11,9.4732e-11,8.6845e-11
2.4001e-11,5.7308e-11,3.401e-11
2.9574e-11,7.0881e-11,2.8617e-11
2.9005e-11,5.2652e-11,4.3407e-11
2.8424e-11,8.3325e-11,3.5554e-11
2.1095e-11,5.7765e-11,3.863e-11
1.2131e-11,4.7258e-11,4.4647e-11
1.4385e-11,3.7834e-11,4.0128e-11
1.4864e-10,5.7049e-11,6.8542e-11
7.7663e-11,3.1691e-11,7.5071e-11
1.5892e-10,5.334e-11,6.583e-11
8.0317e-11,3.0151e-11,7.0408e-11
8.3485e-11,3.5989e-11,6.5927e-11
8.1531e-11,4.0349e-11,7.1716e-11
1.5173e-10,6.2723e-11,6.0002e-11
1.3906e-10,7.3581e-11,5.0125e-11
6.6771e-11,4.8502e-11,7.4518e-11
4.2581e-11,4.7395e-11,7.6707e-11
4.9303e-11,3.1172e-11,4.626e-11
5.0847e-11,3.3097e-11,5.1241e-11
4.7411e-11,1.0742e-10,3.0375e-11
5.7578e-11,1.9573e-11,4.6571e-11
5.8003e-11,8.1533e-11,7.4273e-11
4.6254e-11,3.8748e-11,5.5744e-11
1.5829e-10,7.5347e-11,3.1569e-11
1.9155e-10,8.2238e-11,2.3821e-11
1.4678e-10,8.2324e-11,4.3396e-11
1.66e-10,1.1979e-10,6.9083e-11
1.7293e-10,1.1657e-10,6.021e-11
2.2481e-11,4.1838e-11,3.293e-11
3.0793e-11,6.6198e-11,6.1696e-11
6.257e-11,3.6989e-11,4.3243e-11
3.0012e-11,7.4465e-11,3.2116e-11
2.3061e-11,5.1096e-11,4.9658e-11
1.9342e-11,3.9045e-11,3.6756e-11
2.3493e-11,7.7255e-11,3.0717e-11
1.8138e-11,5.5889e-11,3.606e-11
1.0455e-11,3.212e-11,3.5073e-11
2.8901e-11,8.8068e-11,3.4409e-11
1.0751e-10,5.1705e-11,6.5301e-11
1.0154e-10,7.6525e-11,4.845e-11
7.5685e-11,4.9751e-11,6.6448e-11
7.3703e-11,2.7232e-11,6.3211e-11
8.2644e-11,8.4676e-11,3.6524e-11
1.5796e-10,6.0796e-11,5.9348e-11
6.9153e-11,3.2434e-11,5.4383e-11
5.651e-11,6.2728e-11,7.1054e-11
1.6644e-10,5.529e-11,4.4641e-11
6.5438e-11,2.5546e-11,4.7327e-11
5.6211e-11,3.6839e-11,5.2367e-11
6.3891e-11,5.1042e-11,6.6638e-11
1.026e-10,6.8055e-11,3.6827e-11
3.6039e-11,9.6265e-11,5.1347e-11
6.9947e-11,8.594e-11,8.0481e-11
3.937e-11,5.2597e-11,4.2642e-11
5.8237e-11,1.1412e-10,5.2101e-11
4.059e-11,8.9571e-11,6.1633e-11
4.8719e-11,2.1886e-11,4.9313e-11
5.2328e-11,2.8877e-11,4.6193e-11
3.194e-11,4.9607e-11,4.6793e-11
1.0785e-10,1.2097e-10,5.9035e-11
3.666e-11,6.4757e-11,6.2061e-11
4.5835e-11,6.2518e-11,3.8453e-11
1.7547e-11,3.8241e-11,4.1394e-11
3.3835e-11,6.2092e-11,4.0359e-11
4.6195e-11,1.1151e-10,9.7738e-11
2.2366e-11,3.4337e-11,3.4226e-11
1.6386e-11,3.0016e-11,3.505e-11
2.6212e-11,9.6173e-11,6.1495e-11
1.2516e-11,4.7046e-11,3.6846e-11
1.4267e-10,4.0671e-11,6.4047e-11
7.9251e-11,3.5791e-11,6.6859e-11
7.6231e-11,3.4938e-11,6.4008e-11
1.0302e-10,6.0737e-11,6.816e-11
6.0714e-11,4.757e-11,5.089e-11
5.9808e-11,6.4532e-11,6.3582e-11
4.7242e-11,1.0326e-10,2.7824e-11
7.8039e-11,8.322e-11,3.5246e-11
3.3654e-11,3.0335e-11,3.6142e-11
4.2781e-11,4.9927e-11,4.6592e-11
7.4764e-11,8.2596e-11,3.8145e-11
3.9431e-11,4.3473e-11,2.7346e-11
3.6888e-11,3.9431e-11,2.6045e-11
4.7172e-11,4.0195e-11,4.0392e-11
3.9469e-11,4.5532e-11,4.9528e-11
5.0026e-11,2.3253e-11,7.1708e-11
4.0204e-11,5.602e-11,3.9865e-11
1.2892e-10,1.2615e-10,3.9036e-11
1.7838e-11,3.0805e-11,3.6314e-11
4.9513e-11,3.7703e-11,3.923e-11
3.7401e-11,6.3959e-11,6.1037e-11
1.4461e-11,3.3804e-11,3.6922e-11
3.4279e-11,6.4319e-11,4.133e-11
2.5269e-11,5.9023e-11,3.1033e-11
1.66e-11,4.8596e-11,4.0117e-11
1.9931e-11,4.7905e-11,3.2888e-11
1.7961e-11,8.8007e-11,3.277e-11
8.1846e-11,4.8405e-11,6.2421e-11
5.7096e-11,2.6645e-11,6.2929e-11
5.4032e-11,4.5944e-11,4.2156e-11
8.8619e-11,7.6651e-11,3.7769e-11
1.7799e-10,5.1667e-11,6.2631e-11
6.8883e-11,4.2005e-11,7.8106e-11
6.8695e-11,4.2211e-11,7.4581e-11
5.9788e-11,8.5591e-11,4.983e-11
5.3467e-11,2.9673e-11,5.8499e-11
5.2405e-11,8.4725e-11,5.5659e-11
9.396e-11,6.9927e-11,4.2353e-11
5.4393e-11,7.6293e-11,4.5265e-11
3.8057e-11,5.1707e-11,5.9184e-11
3.3554e-11,7.6528e-11,7.3697e-11
4.0232e-11,3.0795e-11,3.717e-11
7.808e-11,9.3169e-11,8.3188e-11
8.5421e-11,7.6976e-11,2.197e-11
5.4559e-11,7.3966e-11,6.1078e-11
5.7217e-11,7.5628e-11,5.5341e-11
2.7806e-11,3.1589e-11,3.4428e-11
3.8335e-11,1.2718e-10,7.2481e-11
4.0386e-11,1.4088e-10,5.1445e-11
6.9111e-11,1.2844e-10,7.4538e-11
6.8323e-11,6.1322e-11,5.2777e-11
6.7092e-11,3.0117e-11,3.5493e-11
9.9281e-11,1.2868e-10,5.3306e-11
5.7982e-11,1.0466e-10,9.849e-11
1.548e-10,7.6175e-11,2.3679e-11
2.0655e-10,7.4456e-11,1.8061e-11
1.7719e-11,3.4021e-11,3.9226e-11
2.6614e-11,6.481e-11,2.9184e-11
1.6771e-11,2.9477e-11,3.1244e-11
1.7366e-11,3.803e-11,4.0442e-11
3.0304e-11,5.2282e-11,3.6364e-11
5.4173e-11,1.1934e-10,1.0706e-10
1.7074e-11,4.2748e-11,3.3981e-11
2.8497e-11,1.0301e-10,6.9124e-11
3.5753e-11,7.6219e-11,5.9165e-11
3.5658e-11,9.8995e-11,6.8376e-11
2.4403e-11,8.8931e-11,5.402e-11
2.4066e-11,7.4634e-11,2.7857e-11
2.7143e-11,9.1137e-11,2.8356e-11
1.8784e-11,5.6835e-11,2.8523e-11
1.9175e-11,8.2454e-11,2.9283e-11
1.0222e-10,5.2715e-11,6.0439e-11
6.211e-11,3.3271e-11,5.5518e-11
1.2588e-10,5.1348e-11,4.6213e-11
5.9717e-11,2.8921e-11,5.0004e-11
5.4756e-11,2.2632e-11,5.6076e-11
8.1929e-11,8.5477e-11,2.6221e-11
5.6114e-11,3.4861e-11,6.1154e-11
5.7103e-11,3.3505e-11,5.647e-11
4.4329e-11,3.2108e-11,5.1512e-11
4.9116e-11,1.0801e-10,3.083e-11
6.0506e-11,7.2542e-11,5.2802e-11
5.2896e-11,3.9884e-11,5.4075e-11
5.0279e-11,3.0698e-11,5.9033e-11
4.3062e-11,9.4421e-11,3.6755e-11
4.2888e-11,3.5564e-11,5.431e-11
3.9131e-11,9.7429e-11,3.6635e-11
5.2177e-11,3.3179e-11,4.6287e-11
3.7108e-11,2.7872e-11,3.7563e-11
3.5794e-11,3.2712e-11,3.7354e-11
3.3943e-11,9.0995e-11,5.5227e-11
6.1257e-11,1.0217e-10,2.1186e-11
6.7936e-11,9.0088e-11,8.0095e-11
5.38e-11,1.1931e-10,6.7384e-11
6.6548e-11,1.1878e-10,4.4278e-11
5.642e-11,8.2429e-11,4.6424e-11
4.4039e-11,4.1643e-11,3.3551e-11
5.5888e-11,1.9666e-11,4.4372e-11
1.2301e-10,8.9884e-11,4.6736e-11
1.8528e-11,2.9631e-11,3.3195e-11
3.4464e-11,6.5202e-11,3.3544e-11
3.7225e-11,6.7737e-11,3.5562e-11
4.042e-11,9.0614e-11,7.3782e-11
2.2098e-11,6.7575e-11,4.5155e-11
1.6396e-11,5.7007e-11,4.2935e-11
1.3217e-10,3.7766e-11,7.5442e-11
7.0726e-11,2.8996e-11,6.3184e-11
1.139e-10,5.2161e-11,4.3105e-11
6.6618e-11,3.045e-11,6.3709e-11
1.8986e-10,4.8815e-11,7.5864e-11
7.2764e-11,7.4275e-11,3.8871e-11
1.1687e-10,7.4072e-11,4.9139e-11
4.5316e-11,4.4024e-11,5.4863e-11
8.5511e-11,5.119e-11,5.8581e-11
1.8429e-10,4.9812e-11,3.8479e-11
1.3697e-10,5.0308e-11,3.765e-11
5.4105e-11,4.0611e-11,5.8979e-11
3.7383e-11,2.6382e-11,4.227e-11
3.7909e-11,8.9364e-11,4.0944e-11
1.1917e-10,9.6324e-11,5.0863e-11
4.6365e-11,8.513e-11,2.4446e-11
9.4172e-11,8.9675e-11,4.1901e-11
6.26e-11,6.2654e-11,6.448e-11
3.4119e-11,1.1265e-10,4.8737e-11
3.7252e-11,1.1657e-10,3.4232e-11
5.2556e-11,6.9602e-11,2.6774e-11
3.4596e-11,2.6089e-11,3.1426e-11
3.6932e-11,1.1519e-10,3.4899e-11
5.7666e-11,7.5247e-11,3.3393e-11
4.8918e-11,7.3017e-11,5.3971e-11
8.9527e-11,8.792e-11,4.5602e-11
3.8849e-11,3.6993e-11,2.3048e-11
1.2357e-10,8.3874e-11,2.1528e-11
3.6104e-11,3.7866e-11,2.2706e-11
4.9867e-11,1.4326e-10,3.973e-11
3.5022e-11,4.0713e-11,3.734e-11
3.6107e-11,5.5253e-11,3.4673e-11
5.4776e-11,1.5059e-11,4.8425e-11
3.9602e-11,4.2915e-11,4.8167e-11
1.8704e-10,6.9784e-11,8.5951e-12
4.1388e-11,2.378e-11,5.663e-11
2.9365e-11,4.5797e-11,4.8591e-11
3.3224e-11,5.1981e-11,3.3412e-11
5.038e-11,4.3019e-11,2.8097e-11
4.9534e-11,5.2591e-11,2.813e-11
2.1374e-11,3.7033e-11,3.6281e-11
1.3768e-11,4.7236e-11,3.074e-11
3.2897e-11,6.0169e-11,3.3824e-11
3.986e-11,6.4224e-11,5.2873e-11
2.7911e-11,4.3275e-11,2.991e-11
2.4405e-11,9.378e-11,3.8819e-11
1.7619e-11,6.9545e-11,2.8365e-11
1.3804e-10,5.5968e-11,4.8502e-11
1.5176e-10,3.8391e-11,3.978e-11
3.826e-11,5.0254e-11,5.4622e-11
3.652e-11,5.2715e-11,4.9926e-11
5.2804e-11,8.7098e-11,6.4791e-11
8.6077e-11,5.3012e-11,3.7706e-11
5.4533e-11,3.1203e-11,4.6309e-11
5.0709e-11,1.9429e-11,3.6907e-11
4.5173e-11,8.7613e-11,4.5883e-11
3.218e-11,7.7505e-11,5.6337e-11
8.0131e-11,9.1063e-11,2.8947e-11
5.3612e-11,6.6392e-11,2.3256e-11
6.5446e-11,6.8009e-11,3.9824e-11
2.6074e-11,2.9324e-11,2.9413e-11
6.8907e-11,1.3796e-10,2.8667e-11
9.4612e-11,1.4399e-10,2.1404e-11
6.5354e-11,8.1995e-11,3.2426e-11
4.9457e-11,2.5818e-11,5.5484e-11
3.6052e-11,6.3203e-11,6.1709e-11
1.2656e-10,9.202e-11,3.4509e-11
4.0593e-11,2.6009e-11,5.2169e-11
3.7136e-11,5.5119e-11,2.7869e-11
2.8516e-11,4.4367e-11,3.3727e-11
4.6856e-11,5.2273e-11,4.0188e-11
2.1307e-11,4.9767e-11,3.6627e-11
3.6085e-11,5.902e-11,5.8903e-11
3.2389e-11,5.6739e-11,4.4355e-11
2.747e-11,6.5891e-11,5.3313e-11
1.9749e-11,5.1353e-11,4.1576e-11
1.911e-11,6.249e-11,3.2753e-11
3.2598e-11,7.3867e-11,4.3144e-11
2.2143e-11,4.2732e-11,4.287e-11
1.8203e-11,4.2189e-11,3.2214e-11
1.2627e-10,3.4716e-11,7.3263e-11
7.5745e-11,3.4488e-11,6.7045e-11
8.023e-11,4.5135e-11,5.428e-11
5.8852e-11,3.6217e-11,5.77e-11
5.6373e-11,3.4691e-11,6.6385e-11
4.9293e-11,2.4685e-11,4.1475e-11
1.187e-10,5.2877e-11,3.528e-11
5.3292e-11,2.9402e-11,5.1883e-11
8.1469e-11,6.6965e-11,4.2701e-11
5.4547e-11,2.2839e-11,4.8047e-11
4.529e-11,3.4087e-11,4.6523e-11
6.0926e-11,4.5202e-11,5.8414e-11
4.0843e-11,8.5747e-11,4.0821e-11
3.9391e-11,8.8881e-11,3.7688e-11
4.8332e-11,8.6792e-11,3.546e-11
6.6637e-11,6.1532e-11,6.5346e-11
4.1373e-11,8.2559e-11,4.1041e-11
4.1314e-11,9.2366e-11,2.3976e-11
4.4272e-11,9.3844e-11,2.1725e-11
4.0935e-11,2.2075e-11,4.3355e-11
4.0354e-11,1.2381e-10,4.7788e-11
6.0558e-11,1.3919e-10,3.449e-11
3.4433e-11,3.4032e-11,4.0632e-11
4.351e-11,6.6494e-11,6.9072e-11
1.1156e-10,1.2532e-10,3.8295e-11
1.502e-10,8.9305e-11,1.5653e-11
1.6757e-10,5.5913e-11,8.8904e-12
1.4961e-11,4.0853e-11,2.6076e-11
3.2183e-11,5.079e-11,2.617e-11
1.1273e-11,5.2379e-11,3.101e-11
2.6691e-11,4.0423e-11,2.7122e-11
1.7105e-11,6.1119e-11,2.6741e-11
8.3093e-11,3.2748e-11,6.6554e-11
1.8265e-10,3.2951e-11,6.8285e-11
6.9993e-11,2.7193e-11,6.478e-11
1.7633e-10,4.0559e-11,4.9e-11
5.6108e-11,2.1802e-11,4.5395e-11
4.969e-11,2.9531e-11,5.2736e-11
5.3624e-11,3.1636e-11,5.318e-11
6.6606e-11,4.0985e-11,7.1087e-11
4.8007e-11,5.4526e-11,6.8936e-11
6.6278e-11,4.9394e-11,6.6439e-11
4.0704e-11,1.9023e-11,7.5904e-11
1.1456e-10,9.8223e-11,5.8559e-11
5.3017e-11,3.5605e-11,4.8461e-11
5.3544e-11,3.2512e-11,3.5339e-11
7.8926e-11,7.9593e-11,7.649e-11
7.966e-11,1.2192e-10,3.8798e-11
4.5619e-11,4.1453e-11,3.0792e-11
4.0583e-11,1.9493e-11,6.9492e-11
3.8153e-11,1.0177e-10,2.1184e-11
4.3899e-11,2.4106e-11,3.3564e-11
7.1067e-11,1.3881e-10,3.2931e-11
3.1796e-11,4.3757e-11,4.1933e-11
1.076e-10,7.8641e-11,2.6257e-11
9.0436e-11,5.815e-11,3.7841e-11
1.1048e-10,5.944e-11,1.7147e-11
7.4305e-11,9.2051e-11,4.3347e-11
6.1453e-11,1.4137e-10,2.4865e-11
4.237e-11,6.6896e-11,6.48e-11
7.3522e-11,1.3104e-10,3.3943e-11
1.6244e-10,6.4905e-11,2.1661e-11
1.5697e-10,7.2429e-11,5.982e-12
5.6975e-11,1.0513e-10,1.0813e-10
3.1106e-11,3.789e-11,3.7703e-11
5.4484e-11,5.2542e-11,5.1021e-11
2.408e-11,4.2022e-11,4.3067e-11
2.2539e-11,4.3058e-11,4.5116e-11
2.977e-11,5.3371e-11,3.9159e-11
1.5697e-11,3.3806e-11,3.2126e-11
3.7848e-11,4.9378e-11,2.9451e-11
3.207e-11,6.751e-11,5.3324e-11
1.8894e-11,3.6346e-11,3.1798e-11
2.0713e-11,7.8318e-11,3.1224e-11
1.9498e-11,3.676e-11,3.428e-11
8.5493e-11,3.5218e-11,6.4686e-11
6.9593e-11,3.2613e-11,6.2594e-11
1.9141e-10,3.8954e-11,5.5498e-11
2.2319e-10,4.5952e-11,5.3492e-11
4.6795e-11,4.8719e-11,4.3893e-11
2.0119e-10,7.8176e-11,5.7566e-11
1.5221e-10,4.6763e-11,4.4837e-11
3.8015e-11,5.4328e-11,4.1626e-11
1.5794e-10,8.2266e-11,5.5961e-11
4.3379e-11,2.4981e-11,3.4823e-11
5.6118e-11,7.5322e-11,5.2228e-11
5.9318e-11,7.6583e-11,4.8607e-11
4.9171e-11,3.883e-11,5.1861e-11
6.9617e-11,5.7158e-11,6.9709e-11
3.9315e-11,2.4011e-11,4.1258e-11
3.4932e-11,8.3096e-11,3.6445e-11
4.0806e-11,4.1839e-11,4.1315e-11
3.2407e-11,7.0438e-11,4.2671e-11
6.1713e-11,6.2347e-11,6.0355e-11
3.4093e-11,1.6716e-11,5.1713e-11
8.0045e-11,1.0463e-10,3.9381e-11
4.7161e-11,2.0934e-11,5.123e-11
2.5114e-11,2.703e-11,3.0246e-11
5.1973e-11,1.234e-10,4.5441e-11
8.0048e-11,1.3713e-10,2.3799e-11
5.8372e-11,4.4422e-11,6.5099e-11
8.9259e-11,1.1911e-10,3.7758e-11
5.2853e-11,7.094e-11,6.6746e-11
1.2795e-10,1.5147e-10,3.2893e-11
1.3952e-10,1.101e-10,2.2771e-11
1.5082e-10,5.3943e-11,1.568e-11
1.5239e-10,5.9602e-11,4.6249e-11
1.617e-10,5.891e-11,4.0634e-11
3.6346e-11,6.2792e-11,6.3779e-11
1.0912e-10,1.2139e-10,6.9034e-11
1.9867e-11,5.3247e-11,4.2827e-11
1.8824e-11,3.2839e-11,3.2439e-11
7.2026e-11,2.9869e-11,6.4889e-11
1.6814e-10,3.0915e-11,7.4053e-11
1.9347e-10,3.1682e-11,6.7495e-11
7.0938e-11,3.0718e-11,6.6511e-11
6.7341e-11,3.4938e-11,6.5294e-11
6.2074e-11,3.1397e-11,5.7563e-11
4.9661e-11,3.3561e-11,5.1586e-11
2.0371e-10,4.1825e-11,5.0939e-11
4.2651e-11,2.0766e-11,3.9818e-11
5.8274e-11,5.1047e-11,4.2434e-11
6.9252e-11,4.1496e-11,6.9226e-11
7.4378e-11,5.0923e-11,7.6838e-11
1.3892e-10,7.3769e-11,4.3029e-11
3.698e-11,2.5093e-11,4.1278e-11
1.1226e-10,5.4982e-11,4.3627e-11
8.364e-11,4.9132e-11,3.1134e-11
8.8488e-11,4.794e-11,3.5806e-11
3.8676e-11,7.5994e-11,4.7722e-11
3.1812e-11,6.8341e-11,4.5243e-11
3.3431e-11,1e-10,2.0346e-11
3.7713e-11,9.1285e-11,2.5283e-11
7.8022e-11,1.0022e-10,2.6732e-11
4.4964e-11,1.6981e-11,5.0842e-11
3.9988e-11,5.5189e-11,5.1832e-11
2.5243e-11,3.5751e-11,3.2988e-11
3.6548e-11,4.2318e-11,4.1862e-11
4.7535e-11,6.5296e-11,5.7845e-11
5.4777e-11,9.9374e-11,1.0325e-10
1.7331e-10,5.6108e-11,2.9796e-11
1.5825e-10,1.2038e-10,3.911e-11
1.4694e-10,9.8675e-11,3.4333e-11
2.2184e-11,4.1983e-11,4.1914e-11
2.0682e-11,4.1529e-11,2.8269e-11
1.9635e-11,4.2233e-11,2.9607e-11
1.9697e-11,4.1178e-11,4.0797e-11
1.866e-11,5.9138e-11,2.6009e-11
1.3042e-11,3.3673e-11,2.9139e-11
1.7801e-11,6.8097e-11,2.9042e-11
1.9468e-11,3.7892e-11,3.8612e-11
7.7377e-11,2.9923e-11,7.1141e-11
7.5883e-11,3.1311e-11,7.0565e-11
7.0761e-11,2.7904e-11,6.4504e-11
1.1258e-10,4.6291e-11,4.7972e-11
1.3902e-10,4.168e-11,5.872e-11
8.9643e-11,4.1542e-11,6.0254e-11
7.5297e-11,4.1452e-11,7.8495e-11
4.9111e-11,2.1443e-11,4.2189e-11
5.2015e-11,2.7397e-11,5.5647e-11
9.2642e-11,5.8391e-11,4.0895e-11
3.6276e-11,5.8934e-11,4.209e-11
4.1715e-11,4.1592e-11,4.3556e-11
4.7843e-11,7.2192e-11,3.0798e-11
4.6193e-11,1.7883e-11,4.1509e-11
7.9457e-11,8.8737e-11,8.3825e-11
3.6606e-11,2.184e-11,3.5716e-11
2.952e-11,6.4422e-11,4.0799e-11
3.2924e-11,9.2023e-11,2.8582e-11
5.5194e-11,6.5181e-11,1.9002e-11
3.1916e-11,9.3434e-11,4.3896e-11
4.1186e-11,2.3514e-11,4.6493e-11
1.0752e-10,7.4829e-11,3.6243e-11
1.1014e-10,5.7189e-11,2.371e-11
8.2912e-11,1.1279e-10,6.0658e-11
9.3357e-11,9.965e-11,4.7249e-11
4.4327e-11,8.9535e-11,6.6592e-11
1.0092e-10,1.3124e-10,1.6077e-11
5.3769e-11,4.6213e-11,6.4155e-11
1.7987e-10,5.8572e-11,5.6652e-12
3.7908e-11,7.3838e-11,6.8951e-11
2.9697e-11,2.7881e-11,2.8047e-11
4.3243e-11,2.257e-11,5.7701e-11
4.2896e-11,2.4018e-11,5.3188e-11
4.6499e-11,1.0466e-10,9.1636e-11
1.5006e-10,1.0461e-10,5.4118e-11
2.8565e-11,6.1245e-11,5.3267e-11
3.0624e-11,7.9435e-11,2.7664e-11
1.1968e-11,4.7905e-11,2.4319e-11
1.6975e-11,3.553e-11,2.7655e-11
8.6797e-11,2.9144e-11,7.4707e-11
6.622e-11,3.0476e-11,5.8692e-11
7.3853e-11,3.6192e-11,6.7794e-11
1.0498e-10,4.5455e-11,4.9322e-11
2.1353e-10,8.1583e-11,7.0398e-11
5.6093e-11,3.1355e-11,5.7673e-11
7.1762e-11,3.8375e-11,7.491e-11
4.821e-11,2.507e-11,4.9151e-11
5.6603e-11,2.4544e-11,6.1232e-11
2.0125e-10,7.607e-11,5.2137e-11
2.1142e-10,8.8765e-11,7.2955e-11
2.2269e-10,1.003e-10,6.2623e-11
3.9181e-11,2.5376e-11,4.3382e-11
1.7314e-10,1.0913e-10,6.3104e-11
3.633e-11,2.9382e-11,3.9377e-11
8.2547e-11,4.9239e-11,2.9304e-11
3.3907e-11,8.8225e-11,2.9326e-11
9.2743e-11,1.1607e-10,4.1788e-11
3.8053e-11,3.8038e-11,3.9026e-11
2.9072e-11,3.505e-11,6.3992e-11
3.0423e-11,2.2043e-11,4.7005e-11
4.327e-11,8.1714e-11,3.6167e-11
2.824e-11,3.7032e-11,3.1974e-11
5.4931e-11,4.9479e-11,1.8216e-11
7.3487e-11,6.0808e-11,2.527e-11
7.366e-11,1.3219e-10,1.7899e-11
8.8899e-11,5.5514e-11,2.7652e-11
6.7284e-11,7.622e-11,1.5017e-11
4.8991e-11,6.1409e-11,5.7797e-11
6.026e-11,1.2596e-10,4.0603e-11
3.4631e-11,4.6799e-11,4.0113e-11
1.0871e-10,1.2829e-10,2.0914e-11
3.1211e-11,5.5482e-11,5.4578e-11
1.7162e-10,8.7627e-11,4.1617e-11
2.9757e-11,4.6292e-11,3.1885e-11
2.2177e-11,4.2983e-11,4.262e-11
1.4307e-11,3.4078e-11,3.1798e-11
1.8965e-11,6.5553e-11,2.7023e-11
7.8884e-11,3.3912e-11,7.3566e-11
7.5052e-11,2.973e-11,6.845e-11
1.4786e-10,2.9365e-11,6.2067e-11
7.99e-11,3.2217e-11,5.5137e-11
6.4319e-11,3.4111e-11,4.8529e-11
1.0349e-10,4.5364e-11,3.8825e-11
4.7557e-11,2.4737e-11,4.5805e-11
5.6118e-11,3.0466e-11,6.0223e-11
4.3735e-11,1.8153e-11,3.823e-11
1.4276e-10,9.9332e-11,4.6839e-11
1.2672e-10,3.9933e-11,2.9953e-11
1.0625e-10,1.0867e-10,5.8613e-11
2.8277e-11,5.5001e-11,5.4198e-11
3.2055e-11,1.3506e-11,4.1998e-11
3.0853e-11,8.9302e-11,2.6375e-11
2.5353e-11,2.4063e-11,2.7206e-11
4.1078e-11,1.3272e-11,3.8968e-11
4.3689e-11,5.3292e-11,1.7614e-11
3.9415e-11,8.6166e-11,2.8845e-11
3.7881e-11,6.9919e-11,2.1421e-11
4.0555e-11,2.9017e-11,2.164e-11
2.0843e-11,2.7455e-11,2.8659e-11
5.3391e-11,9.929e-11,4.3533e-11
5.305e-11,1.2101e-10,5.501e-11
6.0309e-11,4.3207e-11,5.1738e-11
4.7767e-11,8.5796e-11,5.8229e-11
2.044e-11,3.5562e-11,2.8293e-11
4.2139e-11,2.219e-11,2.7506e-11
2.1675e-11,3.7186e-11,3.1393e-11
4.1737e-11,2.8998e-11,3.1312e-11
1.6489e-10,5.3995e-11,3.3128e-11
1.1291e-10,1.3806e-10,3.4446e-11
2.9085e-11,5.8207e-11,2.7187e-11
3.5041e-11,9.0372e-11,6.4662e-11
2.4221e-11,5.8435e-11,3.2788e-11
2.2386e-11,5.549e-11,2.6541e-11
3.1018e-11,7.625e-11,2.4476e-11
1.5041e-11,4.1694e-11,2.5133e-11
1.7473e-11,5.8876e-11,2.4695e-11
9.2755e-11,2.7495e-11,7.3328e-11
7.4622e-11,2.7461e-11,6.9509e-11
5.7542e-11,3.136e-11,4.7554e-11
2.2599e-10,5.7153e-11,7.202e-11
5.3685e-11,2.5892e-11,5.3648e-11
4.7492e-11,2.716e-11,5.6465e-11
5.5844e-11,3.3202e-11,6.3052e-11
4.0428e-11,2.4915e-11,3.8928e-11
4.8022e-11,2.3854e-11,5.2053e-11
3.8499e-11,2.1922e-11,4.2972e-11
4.858e-11,5.6122e-11,4.1426e-11
1.0567e-10,3.99e-11,2.7644e-11
6.4493e-11,4.3618e-11,6.1054e-11
3.8145e-11,3.2333e-11,4.221e-11
3.311e-11,1.9736e-11,4.844e-11
2.9598e-11,6.1008e-11,2.5341e-11
2.8555e-11,6.3396e-11,4.1528e-11
3.685e-11,1.5803e-11,4.2461e-11
3.4265e-11,3.2951e-11,3.5266e-11
2.6501e-11,6.2728e-11,3.7546e-11
6.9836e-11,9.0552e-11,8.841e-11
5.696e-11,8.2999e-11,2.4241e-11
6.3258e-11,8.4666e-11,2.7444e-11
1.0624e-10,6.2644e-11,2.0035e-11
6.5767e-11,8.8797e-11,5.5709e-11
3.6834e-11,5.3478e-11,5.6305e-11
5.532e-11,1.1491e-10,5.3611e-11
9.3605e-11,5.4509e-11,2.9398e-11
1.106e-10,5.5568e-11,2.5336e-11
2.7465e-11,4.2899e-11,4.4122e-11
5.6149e-11,6.6934e-11,5.816e-11
5.696e-11,4.8606e-11,4.8882e-11
1.9551e-11,3.2168e-11,3.2088e-11
1.9831e-11,4.1109e-11,2.6287e-11
3.093e-11,3.6747e-11,2.8997e-11
4.5109e-11,2.6582e-11,3.8514e-11
1.9697e-11,2.7224e-11,2.7409e-11
3.907e-11,9.3886e-11,6.9884e-11
3.099e-11,5.628e-11,3.0733e-11
3.0175e-11,6.4931e-11,3.8928e-11
3.7373e-11,6.6672e-11,5.4796e-11
2.4041e-11,2.5512e-11,3.0691e-11
9.3352e-11,2.0699e-11,6.4355e-11
1.3046e-10,2.8907e-11,5.9065e-11
5.8716e-11,2.5284e-11,4.8331e-11
5.1274e-11,2.9862e-11,4.1943e-11
5.5423e-11,3.1573e-11,4.1814e-11
2.4582e-10,7.917e-11,8.4255e-11
5.068e-11,2.0187e-11,5.0433e-11
9.459e-11,4.5512e-11,4.3952e-11
2.2986e-10,7.4144e-11,7.5806e-11
9.6532e-11,3.5383e-11,3.6466e-11
4.1295e-11,2.7165e-11,4.1505e-11
1.9658e-10,8.8453e-11,7.1771e-11
4.1513e-11,6.788e-11,3.3764e-11
4.7776e-11,7.4175e-11,2.44e-11
3.3886e-11,7.0295e-11,1.691e-11
1.0555e-10,1.01e-10,4.7384e-11
3.1166e-11,2.0317e-11,2.7917e-11
3.3034e-11,1.8234e-11,3.1926e-11
2.5808e-11,3.9165e-11,4.882e-11
6.1041e-11,1.0601e-10,3.4213e-11
4.8605e-11,6.8345e-11,6.9669e-11
3.085e-11,1.614e-11,4.6481e-11
3.8195e-11,6.414e-11,4.527e-11
8.7626e-11,5.4775e-11,2.0472e-11
1.2442e-10,7.125e-11,9.4804e-12
3.0897e-11,3.8169e-11,1.9949e-11
2.7836e-11,3.6531e-11,3.8951e-11
1.1135e-10,5.3522e-11,1.9358e-11
8.0361e-11,1.3182e-10,2.9976e-11
3.0724e-11,3.223e-11,3.1691e-11
1.4683e-10,7.2952e-11,5.4117e-11
2.262e-11,3.775e-11,3.2649e-11
5.3889e-11,1.1104e-10,9.7232e-11
2.6813e-11,4.9338e-11,4.697e-11
3.0779e-11,6.1546e-11,6.608e-11
2.6298e-11,4.4254e-11,3.3386e-11
3.1235e-11,5.899e-11,4.4513e-11
2.1027e-11,2.7014e-11,2.542e-11
2.7002e-11,5.9831e-11,2.8178e-11
2.9285e-11,5.6867e-11,2.6065e-11
2.2061e-11,5.2556e-11,2.237e-11
2.6639e-11,2.5794e-11,3.0498e-11
1.5694e-11,5.619e-11,2.4839e-11
8.4578e-11,2.3661e-11,7.9027e-11
1.4979e-10,2.8148e-11,6.5357e-11
2.2988e-10,6.837e-11,9.1283e-11
9.8514e-11,4.378e-11,3.1586e-11
4.2447e-11,2.3985e-11,4.616e-11
1.911e-10,1.0097e-10,6.8685e-11
3.6611e-11,2.5516e-11,3.3875e-11
1.2157e-10,3.5164e-11,5.114e-11
1.5262e-10,9.3398e-11,5.6941e-11
7.181e-11,5.0595e-11,7.27e-11
3.1004e-11,2.9718e-11,4.42e-11
3.7661e-11,7.0329e-11,2.7882e-11
2.6931e-11,5.8106e-11,4.0828e-11
3.8877e-11,5.2231e-11,2.456e-11
3.6112e-11,3.2777e-11,3.5245e-11
5.9057e-11,7.7877e-11,1.8757e-11
3.454e-11,3.5599e-11,3.3938e-11
5.9908e-11,1.2366e-10,1.7683e-11
2.739e-11,2.5236e-11,4.6732e-11
3.7694e-11,4.139e-11,4.1737e-11
6.6161e-11,4.8966e-11,1.4258e-11
3.0624e-11,2.9777e-11,4.6085e-11
4.8481e-11,8.1521e-11,4.65e-11
3.2279e-11,2.8201e-11,4.2305e-11
6.3746e-11,8.4485e-11,3.2152e-11
4.4833e-11,6.853e-11,6.2472e-11
1.4502e-10,7.2408e-11,1.6029e-11
1.9355e-11,3.9204e-11,2.7585e-11
5.08e-11,6.3152e-11,4.5132e-11
4.2807e-11,1.8197e-11,4.4622e-11
1.7355e-10,6.0264e-11,1.2275e-11
1.8575e-10,5.7623e-11,1.4321e-11
7.622e-11,3.2753e-11,3.2729e-11
4.2093e-11,7.2944e-11,7.1586e-11
1.6615e-10,1.0244e-10,4.0154e-11
2.9236e-11,3.7903e-11,2.4253e-11
4.384e-11,1.858e-11,3.269e-11
3.0995e-11,5.3156e-11,2.1936e-11
3.0573e-11,5.3712e-11,4.1207e-11
3.5541e-11,6.4706e-11,5.3431e-11
3.4137e-11,5.066e-11,4.2489e-11
8.904e-11,2.4357e-11,7.6393e-11
7.1214e-11,3.1039e-11,6.8291e-11
7.2451e-11,2.665e-11,6.4943e-11
6.5944e-11,2.243e-11,5.8073e-11
5.4287e-11,2.0841e-11,4.6584e-11
8.597e-11,2.0306e-11,5.3592e-11
5.5659e-11,2.6973e-11,5.1059e-11
1.2835e-10,3.02e-11,5.3464e-11
5.1969e-11,2.4513e-11,4.42e-11
6.0152e-11,3.5784e-11,6.5027e-11
5.0968e-11,2.6537e-11,5.1277e-11
5.0022e-11,2.7422e-11,5.0522e-11
5.0274e-11,4.5294e-11,3.3536e-11
4.3726e-11,2.502e-11,4.5196e-11
6.8381e-11,4.1005e-11,7.2396e-11
3.6108e-11,1.9288e-11,4.0746e-11
1.0187e-10,3.441e-11,2.9508e-11
3.6462e-11,1.4926e-11,3.7026e-11
3.1785e-11,3.4131e-11,4.4996e-11
3.5649e-11,2.299e-11,3.9301e-11
3.2665e-11,2.6659e-11,3.6648e-11
4.2611e-11,5.0957e-11,1.8134e-11
3.5893e-11,3.0152e-11,3.4474e-11
3.2059e-11,9.4393e-11,1.8095e-11
4.7846e-11,5.6398e-11,2.3636e-11
6.4441e-11,6.4173e-11,6.209e-11
5.2434e-11,4.9596e-11,2.0434e-11
7.6311e-11,7.6892e-11,1.8362e-11
5.9846e-11,5.3023e-11,2.6596e-11
3.7689e-11,3.9926e-11,4.1712e-11
4.751e-11,6.1737e-11,6.3892e-11
3.2378e-11,5.0823e-11,5.1356e-11
1.3333e-10,6.3256e-11,3.2423e-11
4.555e-11,6.4853e-11,6.3531e-11
2.9337e-11,4.3063e-11,4.0816e-11
4.8331e-11,1.0216e-10,8.5603e-11
2.6419e-11,3.4512e-11,3.2883e-11
3.1151e-11,2.7893e-11,6.2467e-11
9.2616e-11,1.2657e-10,3.2884e-11
1.138e-10,1.1515e-10,3.6387e-11
1.5251e-11,4.0181e-11,2.5213e-11
4.1053e-11,8.7228e-11,6.6402e-11
1.2824e-11,4.4166e-11,2.6765e-11
2.9402e-11,3.7536e-11,3.3827e-11
1.9772e-11,3.4204e-11,2.5024e-11
8.1952e-11,2.5277e-11,6.1614e-11
1.4751e-10,2.7913e-11,7.1542e-11
6.0194e-11,3.2387e-11,5.4828e-11
1.4939e-10,3.3031e-11,6.138e-11
6.3502e-11,2.6809e-11,6.1955e-11
4.6646e-11,3.4456e-11,4.1259e-11
4.7893e-11,1.9011e-11,4.5524e-11
2.3719e-10,8.9156e-11,8.746e-11
2.0476e-10,8.7685e-11,8.431e-11
5.4083e-11,5.872e-11,3.7566e-11
1.6263e-10,8.5775e-11,4.1485e-11
4.8777e-11,2.6411e-11,5.2456e-11
3.2991e-11,1.9474e-11,3.6159e-11
1.3809e-10,3.1879e-11,6.2388e-11
3.8257e-11,7.2522e-11,2.1156e-11
3.5244e-11,2.7841e-11,3.7654e-11
2.37e-11,8.8648e-11,3.5171e-11
2.3333e-11,2.5723e-11,3.2309e-11
3.4842e-11,5.4987e-11,1.594e-11
7.2103e-11,7.2526e-11,7.171e-11
2.3971e-11,2.3028e-11,2.4126e-11
4.0193e-11,4.3341e-11,4.0972e-11
2.795e-11,2.8299e-11,2.7485e-11
7.3829e-11,8.825e-11,9.6178e-11
3.2775e-11,9.9139e-11,3.3611e-11
8.3601e-11,5.8885e-11,1.7091e-11
1.2759e-10,7.3169e-11,1.6578e-11
3.9355e-11,6.4249e-11,6.4455e-11
3.1282e-11,3.1878e-11,4.1227e-11
1.3224e-10,7.6471e-11,5.2839e-11
1.7675e-11,3.2801e-11,2.3418e-11
3.0089e-11,4.3619e-11,3.9615e-11
1.9134e-11,3.5364e-11,2.4018e-11
7.1829e-11,3.4026e-11,7.7958e-11
6.5157e-11,2.1166e-11,5.9849e-11
5.0151e-11,3.6087e-11,4.4324e-11
1.9351e-10,4.4138e-11,5.7858e-11
4.8608e-11,4.4571e-11,3.3399e-11
8.1152e-11,4.3291e-11,3.5356e-11
5.7305e-11,3.721e-11,6.1351e-11
4.2725e-11,2.6052e-11,4.652e-11
8.8701e-11,3.5975e-11,3.0282e-11
3.3888e-11,1.4701e-11,3.239e-11
9.2479e-11,3.5985e-11,4.9288e-11
6.7376e-11,5.5229e-11,3.0693e-11
9.5467e-11,5.1709e-11,3.4416e-11
3.4176e-11,1.6682e-11,2.9954e-11
2.848e-11,3.4911e-11,3.1904e-11
3.0764e-11,1.8417e-11,2.8875e-11
2.6567e-11,1.8984e-11,3.7094e-11
2.6541e-11,3.2436e-11,3.1945e-11
2.2547e-11,8.6521e-11,3.6604e-11
3.0065e-11,6.5612e-11,4.0191e-11
2.7952e-11,2.9128e-11,3.6949e-11
5.016e-11,5.164e-11,5.2292e-11
3.3691e-11,3.1686e-11,3.276e-11
8.7203e-11,8.5443e-11,3.1488e-11
3.2674e-11,3.7393e-11,4.0548e-11
1.8639e-11,2.7247e-11,2.3459e-11
9.8289e-11,6.3147e-11,3.605e-11
4.9714e-11,7.1166e-11,7.5149e-11
6.0713e-11,1.3116e-10,4.2608e-11
1.7732e-11,3.9665e-11,2.1482e-11
1.7402e-11,3.2929e-11,2.8899e-11
4.7394e-11,9.6906e-11,7.2052e-11
2.4207e-11,3.8654e-11,2.0025e-11
2.3407e-11,3.1211e-11,2.6938e-11
1.1602e-10,2.4511e-11,7.2612e-11
8.293e-11,1.9954e-11,6.3753e-11
6.2261e-11,2.0438e-11,5.7901e-11
6.3071e-11,2.0499e-11,5.8404e-11
1.4132e-10,2.8979e-11,7.2614e-11
6.8605e-11,3.1948e-11,6.9169e-11
5.5041e-11,2.4095e-11,5.286e-11
4.8442e-11,3.7332e-11,4.4616e-11
2.0183e-10,4.7586e-11,6.9452e-11
5.8698e-11,3.1822e-11,6.1279e-11
4.9464e-11,2.4929e-11,5.1075e-11
6.8989e-11,4.149e-11,7.2155e-11
7.3162e-11,3.7427e-11,3.8736e-11
1.7694e-10,7.5962e-11,7.4309e-11
3.489e-11,1.9982e-11,3.7546e-11
6.7079e-11,4.7264e-11,7.0632e-11
3.861e-11,5.7244e-11,1.7594e-11
3.4025e-11,2.5806e-11,3.5577e-11
3.0715e-11,2.1838e-11,2.6949e-11
3.145e-11,8.3771e-11,1.6352e-11
5.5644e-11,4.8841e-11,5.022e-11
2.557e-11,3.4683e-11,3.0661e-11
2.6412e-11,8.1832e-11,5.0063e-11
3.2391e-11,2.0224e-11,2.9264e-11
2.3823e-11,2.4697e-11,2.4638e-11
2.9159e-11,4.3075e-11,5.2382e-11
1.4842e-10,6.3694e-11,9.265e-12
3.8554e-11,5.9577e-11,5.8944e-11
1.3863e-10,6.2308e-11,3.5193e-11
4.5748e-11,5.4298e-11,6.1354e-11
1.1971e-10,6.3954e-11,2.8651e-11
3.0551e-11,3.7908e-11,3.596e-11
9.6017e-11,1.1489e-10,4.81e-11
1.1844e-10,1.1353e-10,3.3709e-11
2.4956e-11,3.8175e-11,2.6787e-11
2.1063e-11,2.9059e-11,2.9711e-11
1.4617e-11,3.8691e-11,2.2531e-11
7.6165e-11,2.3336e-11,7.4958e-11
1.03e-10,2.463e-11,6.52e-11
7.3267e-11,3.3001e-11,7.7002e-11
6.1882e-11,2.0266e-11,5.6408e-11
5.4935e-11,1.8617e-11,4.8451e-11
4.0283e-11,1.666e-11,3.5373e-11
2.3802e-10,9.9276e-11,7.2301e-11
5.1112e-11,4.5365e-11,2.9988e-11
5.5147e-11,2.935e-11,5.9607e-11
1.7608e-10,4.8028e-11,5.405e-11
8.5446e-11,3.3043e-11,2.5433e-11
5.4057e-11,3.5657e-11,5.8792e-11
5.7676e-11,3.6937e-11,6.0868e-11
3.5246e-11,2.2322e-11,3.9034e-11
2.6517e-11,1.5141e-11,2.6968e-11
3.9718e-11,6.0152e-11,3.4567e-11
3.5205e-11,4.472e-11,1.9925e-11
4.4063e-11,5.0352e-11,2.7667e-11
3.3087e-11,9.2301e-11,2.0028e-11
8.405e-11,1.2757e-10,2.872e-11
6.9928e-11,7.2949e-11,2.6577e-11
2.8853e-11,6.3577e-11,1.6326e-11
2.4045e-11,8.3688e-11,4.2998e-11
2.5356e-11,7.2014e-11,4.0196e-11
3.0387e-11,9.5696e-11,3.1659e-11
7.918e-11,7.5044e-11,8.3567e-11
3.1222e-11,5.2981e-11,2.2305e-11
7.515e-11,6.5478e-11,2.2066e-11
4.8769e-11,6.355e-11,4.8825e-11
2.2704e-11,2.1452e-11,2.5321e-11
7.1763e-11,5.6157e-11,3.0906e-11
2.354e-11,3.4067e-11,2.0458e-11
6.114e-11,9.6087e-11,3.03e-11
1.0139e-10,7.185e-11,5.0811e-11
6.889e-11,1.1172e-10,4.9983e-11
2.456e-11,2.868e-11,3.2361e-11
2.3761e-11,2.7451e-11,2.7309e-11
3.2981e-11,4.2932e-11,4.3422e-11
3.1217e-11,3.3419e-11,2.9396e-11
7.6581e-11,1.1791e-10,3.3763e-11
8.2689e-11,1.291e-10,2.6409e-11
3.5607e-11,2.488e-11,3.4921e-11
3.5558e-11,1.8669e-11,3.933e-11
4.3084e-11,4.1573e-11,3.9879e-11
3.4996e-11,4.1568e-11,4.0676e-11
1.9811e-11,3.3882e-11,3.7976e-11
8.4381e-11,2.5059e-11,5.6636e-11
1.6384e-10,4.2812e-11,7.315e-11
5.9992e-11,3.3119e-11,5.1389e-11
4.9231e-11,2.0562e-11,4.3519e-11
6.4334e-11,3.0854e-11,6.1476e-11
6.3536e-11,4.4906e-11,3.3169e-11
1.5758e-10,3.7303e-11,5.3527e-11
4.5441e-11,2.662e-11,5.0346e-11
1.1729e-10,2.9696e-11,3.4377e-11
1.1715e-10,9.3156e-11,4.8946e-11
5.3494e-11,5.5807e-11,1.9538e-11
3.3939e-11,6.1998e-11,2.7599e-11
2.2554e-11,9.0026e-11,2.8106e-11
6.7997e-11,3.6281e-11,4.0489e-11
3.0765e-11,2.8273e-11,3.2584e-11
2.8944e-11,2.7816e-11,2.8183e-11
2.635e-11,7.1e-11,5.7699e-11
6.541e-11,7.6759e-11,2.9834e-11
2.5052e-11,8.2296e-11,4.204e-11
7.3246e-11,7.4752e-11,7.2767e-11
2.6062e-11,7.2933e-11,3.5036e-11
5.2439e-11,7.2996e-11,1.5408e-11
7.354e-11,9.0173e-11,3.3799e-11
2.934e-11,7.4501e-11,3.6714e-11
2.5485e-11,4.7352e-11,5.2653e-11
2.9664e-11,6.0031e-11,3.8517e-11
5.4444e-11,7.0853e-11,1.5652e-11
6.032e-11,1.0213e-10,2.1393e-11
1.0714e-10,9.9085e-11,1.9774e-11
5.8161e-11,9.2782e-11,3.0178e-11
6.6468e-11,7.1673e-11,4.3643e-11
3.6078e-11,8.4701e-11,6.2459e-11
3.6126e-11,3.1828e-11,3.8003e-11
6.2995e-11,8.6858e-11,2.9141e-11
1.1082e-10,4.0885e-11,1.1352e-11
5.1135e-11,7.2427e-11,7.7147e-11
3.0533e-11,2.5941e-11,2.7495e-11
3.0546e-11,2.4215e-11,2.8997e-11
1.1353e-10,6.9507e-11,4.2212e-11
1.0677e-10,1.0906e-10,3.5133e-11
2.2296e-11,2.8474e-11,4.2447e-11
8.3777e-11,6.6039e-11,3.1056e-11
2.6245e-11,3.9466e-11,3.4842e-11
4.4903e-11,8.7466e-11,7.0703e-11
2.2987e-11,4.3998e-11,3.3087e-11
1.926e-11,2.9616e-11,3.1371e-11
1.9239e-11,4.1914e-11,3.1735e-11
1.8538e-10,5.0468e-11,7.6859e-11
2.1651e-10,8.0381e-11,8.897e-11
2.5318e-10,1.0116e-10,8.9188e-11
5.5689e-11,2.9811e-11,3.6634e-11
7.3114e-11,3.3703e-11,2.5694e-11
2.9907e-11,1.5555e-11,2.8917e-11
1.3772e-10,2.9947e-11,3.9708e-11
3.9865e-11,2.3899e-11,4.6171e-11
1.1508e-10,2.7706e-11,3.0694e-11
3.2836e-11,1.9853e-11,3.8453e-11
2.8687e-11,1.4348e-11,2.5212e-11
1.4554e-10,1.1004e-10,6.685e-11
1.2166e-10,1.272e-10,4.698e-11
3.6729e-11,5.833e-11,2.7511e-11
8.5084e-11,1.2779e-10,3.9044e-11
2.4476e-11,7.2201e-11,4.1859e-11
3.5115e-11,6.3591e-11,2.584e-11
3.071e-11,4.0808e-11,3.0509e-11
2.9226e-11,4.4031e-11,4.9301e-11
3.1527e-11,7.492e-11,2.8994e-11
8.7356e-11,1.0335e-10,2.9138e-11
9.0252e-11,9.0191e-11,1.16e-10
1.0172e-10,9.0169e-11,1.2053e-11
2.3028e-11,1.8121e-11,2.2454e-11
9.0996e-11,1.0052e-10,1.2793e-10
3.2842e-11,3.2178e-11,3.3103e-11
1.8958e-11,2.3904e-11,1.9763e-11
5.2869e-11,1.979e-11,2.3503e-11
4.8607e-11,6.5559e-11,6.642e-11
2.376e-11,2.8003e-11,3.4547e-11
1.1758e-10,1.1051e-10,2.4726e-11
3.8864e-11,1.9183e-11,2.572e-11
4.0199e-11,5.5616e-11,4.4528e-11
2.8006e-11,2.5774e-11,2.5221e-11
2.5823e-11,4.3057e-11,2.4251e-11
6.8939e-11,1.5909e-11,7.0673e-11
7.2551e-11,1.716e-11,7.3561e-11
6.7014e-11,2.7624e-11,6.7499e-11
7.4593e-11,3.0737e-11,4.0371e-11
3.7852e-11,3.4227e-11,3.5762e-11
7.1252e-11,4.058e-11,7.3108e-11
4.1002e-11,3.1188e-11,3.8312e-11
9.4402e-11,2.828e-11,3.0081e-11
1.964e-10,9.2268e-11,7.6821e-11
7.3541e-11,3.4077e-11,2.9808e-11
8.4275e-11,3.0907e-11,2.5677e-11
1.7452e-10,4.9246e-11,6.1512e-11
3.1898e-11,1.6778e-11,2.9516e-11
1.2862e-10,4.6778e-11,4.9218e-11
2.4424e-11,1.4425e-11,3.9583e-11
1.2678e-10,4.5302e-11,4.122e-11
2.96e-11,8.3507e-11,1.9202e-11
6.1119e-11,4.8143e-11,2.1406e-11
1.0934e-10,8.8886e-11,5.2662e-11
6.4888e-11,5.4317e-11,6.6108e-11
6.4401e-11,5.4534e-11,6.2461e-11
3.3357e-11,8.9261e-11,1.8545e-11
7.3327e-11,7.2101e-11,2.2693e-11
2.2648e-11,5.4522e-11,6.6131e-11
4.0096e-11,7.7637e-11,4.4348e-11
3.4996e-11,3.9007e-11,4.6184e-11
2.2938e-11,2.5234e-11,2.7206e-11
3.277e-11,1.5311e-11,2.4185e-11
3.8265e-11,3.8484e-11,4.4624e-11
7.3325e-11,9.0898e-11,3.3284e-11
3.6091e-11,1.5941e-11,5.8509e-11
3.8387e-11,3.6097e-11,5.0892e-11
9.6882e-11,1.1815e-10,2.7471e-11
1.1614e-10,9.4863e-11,3.9198e-11
4.7011e-11,7.7233e-11,7.2164e-11
2.2319e-11,2.8152e-11,3.0642e-11
2.0946e-11,3.97e-11,2.0452e-11
3.7116e-11,5.8332e-11,5.1177e-11
1.8709e-11,3.0497e-11,2.3218e-11
2.0967e-11,3.0599e-11,3.0347e-11
2.347e-11,2.9564e-11,2.394e-11
7.7245e-11,1.9194e-11,7.3255e-11
7.3634e-11,2.4766e-11,7.2903e-11
7.037e-11,2.2499e-11,7.0017e-11
1.214e-10,2.6193e-11,6.2347e-11
1.6193e-10,3.6379e-11,6.4375e-11
5.2296e-11,1.9408e-11,4.9234e-11
6.5304e-11,3.2166e-11,5.2929e-11
9.5181e-11,2.096e-11,4.5003e-11
4.9893e-11,2.2849e-11,4.452e-11
1.8189e-10,6.3154e-11,5.8293e-11
5.1884e-11,2.4537e-11,5.2511e-11
4.4065e-11,1.8686e-11,4.68e-11
8.4877e-11,2.4496e-11,3.506e-11
3.8633e-11,1.5746e-11,4.1776e-11
1.5898e-10,7.4271e-11,5.2913e-11
1.6493e-10,1.3392e-10,6.5045e-11
5.05e-11,5.0505e-11,2.6676e-11
2.3734e-11,6.8203e-11,5.6488e-11
2.1117e-11,7.0118e-11,4.8195e-11
4.5e-11,9.5642e-11,2.1706e-11
2.8187e-11,7.2139e-11,3.2452e-11
2.8846e-11,3.7279e-11,4.8752e-11
5.2955e-11,9.5872e-11,1.8541e-11
2.4324e-11,1.7434e-11,2.393e-11
5.2231e-11,5.3763e-11,6.9288e-11
6.7616e-11,3.7776e-11,1.9192e-11
1.1359e-10,8.6078e-11,1.1267e-11
5.7321e-11,6.2763e-11,8.0819e-11
3.1577e-11,1.7824e-11,1.8053e-11
1.1003e-10,4.3448e-11,1.5753e-11
7.4147e-11,4.278e-11,1.1648e-11
8.3277e-11,1.0628e-10,1.2175e-10
9.3929e-11,9.1692e-11,2.8008e-11
7.2722e-11,8.3627e-11,3.1455e-11
8.2834e-11,1.1935e-10,1.7909e-11
1.2093e-10,6.7009e-11,4.4143e-11
6.0949e-11,1.0045e-10,8.385e-11
2.396e-11,3.9532e-11,2.9783e-11
1.1812e-10,9.1484e-11,3.2612e-11
2.1829e-11,2.4847e-11,3.634e-11
4.192e-11,6.2317e-11,8.0162e-11
1.5888e-11,3.7214e-11,3.2035e-11
2.246e-11,3.3531e-11,3.2029e-11
2.7164e-11,4.315e-11,3.6297e-11
1.9027e-11,3.1253e-11,2.4339e-11
7.3397e-11,1.8698e-11,7.333e-11
1.0144e-10,2.2405e-11,6.7586e-11
4.7477e-11,2.0526e-11,4.0279e-11
4.7457e-11,3.1024e-11,4.8546e-11
2.5052e-10,1.0382e-10,8.7456e-11
2.1319e-10,1.0224e-10,7.3967e-11
3.5079e-11,1.8595e-11,3.9061e-11
1.2587e-10,5.2632e-11,6.0267e-11
3.5106e-11,5.7343e-11,1.5495e-11
7.2014e-11,6.2156e-11,7.509e-11
3.2636e-11,5.5295e-11,2.3157e-11
3.6604e-11,3.2024e-11,3.5628e-11
2.2039e-11,6.9105e-11,3.5756e-11
2.6997e-11,2.7467e-11,2.8637e-11
5.4181e-11,9.2467e-11,1.9431e-11
3.2456e-11,1.2568e-11,2.6374e-11
5.7503e-11,9.239e-11,2.019e-11
2.7825e-11,1.4362e-11,2.4497e-11
2.7005e-11,6.9465e-11,3.6607e-11
8.9372e-11,8.8261e-11,1.0998e-10
3.4853e-11,3.3942e-11,3.9089e-11
2.7081e-11,2.5168e-11,3.6612e-11
2.7229e-11,3.139e-11,3.3359e-11
5.8931e-11,5.9168e-11,6.5646e-11
6.6829e-11,9.6315e-11,2.7892e-11
7.0851e-11,9.2766e-11,2.5638e-11
3.6777e-11,3.8321e-11,4.2401e-11
1.2519e-10,6.9403e-11,3.9019e-11
4.6936e-11,6.556e-11,5.9591e-11
2.16e-11,3.6086e-11,3.2519e-11
6.8303e-11,8.6753e-11,4.5652e-11
1.1673e-10,8.8948e-11,2.2169e-11
5.3079e-11,1.0752e-10,5.2432e-11
4.1379e-11,3.3689e-11,3.4379e-11
1.8733e-11,3.5366e-11,2.6126e-11
1.9416e-11,3.1377e-11,2.1778e-11
2.275e-11,3.5251e-11,2.8224e-11
1.7807e-11,3.7863e-11,2.5093e-11
7.38e-11,1.734e-11,7.6784e-11
4.8213e-11,1.3385e-11,4.8473e-11
6.8354e-11,3.8267e-11,4.7091e-11
1.6283e-10,5.4708e-11,5.6373e-11
9.6065e-11,3.3746e-11,3.8967e-11
1.519e-10,5.571e-11,5.459e-11
2.8877e-11,2.8178e-11,2.9659e-11
3.1986e-11,1.8712e-11,3.9608e-11
2.7787e-11,1.6633e-11,2.8936e-11
1.4895e-10,8.8586e-11,4.7837e-11
2.2775e-11,1.1615e-11,3.4077e-11
2.4499e-11,1.1837e-11,2.4916e-11
4.8647e-11,5.2549e-11,3.6427e-11
3.7276e-11,2.9606e-11,3.9107e-11
6.8315e-11,5.7851e-11,6.5166e-11
7.5394e-11,1.2996e-10,4.2259e-11
5.3465e-11,7.0007e-11,1.6937e-11
5.0702e-11,7.3203e-11,2.7404e-11
2.3373e-11,6.9283e-11,3.5457e-11
3.7104e-11,3.8615e-11,3.4379e-11
3.0596e-11,5.1008e-11,6.4813e-11
3.9828e-11,3.4668e-11,4.0167e-11
9.8116e-11,1.0512e-10,1.7057e-11
3.8897e-11,4.6528e-11,5.0505e-11
4.8038e-11,6.6043e-11,6.0283e-11
5.5632e-11,4.8265e-11,2.9487e-11
1.117e-10,1.1568e-10,3.5851e-11
7.181e-11,9.4999e-11,3.6178e-11
1.8736e-11,3.0503e-11,3.152e-11
3.0425e-11,4.447e-11,3.8961e-11
4.4561e-11,4.8414e-11,3.7942e-11
1.9649e-11,2.386e-11,2.5941e-11
1.9823e-11,3.0966e-11,2.355e-11
1.966e-11,3.44e-11,2.3859e-11
6.8449e-11,1.591e-11,6.9423e-11
5.4611e-11,2.4262e-11,5.1352e-11
1.9018e-10,7.2068e-11,7.9794e-11
6.7116e-11,4.2314e-11,6.9889e-11
1.6908e-10,6.5857e-11,6.461e-11
5.9378e-11,3.6378e-11,6.1925e-11
3.6184e-11,3.87e-11,2.7341e-11
6.3179e-11,3.9011e-11,6.95e-11
2.1062e-10,1.0078e-10,7.8743e-11
2.9209e-11,1.5207e-11,3.2986e-11
2.6335e-11,2.354e-11,3.589e-11
1.6693e-10,1.2467e-10,5.8652e-11
2.3378e-11,1.3274e-11,3.5889e-11
6.0054e-11,4.3249e-11,6.1929e-11
3.0598e-11,3.6831e-11,2.5017e-11
2.6088e-11,3.6786e-11,4.9377e-11
2.5301e-11,6.4508e-11,4.915e-11
2.5806e-11,6.6972e-11,3.6143e-11
3.532e-11,4.6052e-11,3.1108e-11
3.3381e-11,6.4178e-11,3.9576e-11
2.1131e-11,2.9016e-11,3.0173e-11
9.6439e-11,8.8885e-11,1.5715e-11
2.8049e-11,2.5049e-11,2.434e-11
6.1555e-11,5.9576e-11,6.7105e-11
8.091e-11,9.6998e-11,1.0378e-10
7.8152e-11,8.6856e-11,1.0093e-10
3.0934e-11,3.5673e-11,3.1524e-11
5.2761e-11,4.7289e-11,2.8633e-11
7.3766e-11,1.0575e-10,9.8575e-11
2.322e-11,3.1557e-11,2.7198e-11
3.5473e-11,4.0543e-11,4.2198e-11
5.5494e-11,5.6783e-11,2.3579e-11
1.0966e-10,8.8301e-11,2.3741e-11
1.6499e-11,2.4895e-11,2.1241e-11
4.5304e-11,2.6006e-11,2.7679e-11
4.3317e-11,6.6414e-11,6.297e-11
3.6595e-11,8.2063e-11,6.3768e-11
6.1996e-11,1.0453e-10,4.3404e-11
2.8583e-11,2.5584e-11,3.4873e-11
2.8473e-11,3.4311e-11,3.0196e-11
2.5062e-11,3.1292e-11,2.7763e-11
7.8281e-11,1.7306e-11,8.016e-11
8.2006e-11,1.9769e-11,6.8595e-11
6.2744e-11,1.8929e-11,6.0903e-11
5.4399e-11,1.3814e-11,5.3617e-11
5.4703e-11,2.7175e-11,5.2919e-11
9.2859e-11,2.8224e-11,4.4635e-11
5.7212e-11,2.2207e-11,5.8946e-11
4.7005e-11,2.7112e-11,4.9842e-11
7.1937e-11,4.322e-11,7.4698e-11
5.9979e-11,2.7778e-11,6.0417e-11
4.6889e-11,2.4287e-11,4.5917e-11
3.7525e-11,2.237e-11,4.0742e-11
1.2437e-10,4.4619e-11,5.1902e-11
3.3864e-11,1.8768e-11,3.134e-11
2.8439e-11,3.0015e-11,2.5371e-11
2.6454e-11,2.5856e-11,3.5333e-11
1.8302e-10,8.3084e-11,5.6913e-11
1.64e-10,1.2686e-10,6.0143e-11
2.7e-11,1.3279e-11,2.3742e-11
3.7987e-11,3.0179e-11,3.8223e-11
2.4958e-11,4.9414e-11,2.6864e-11
2.3838e-11,6.9107e-11,3.0952e-11
4.7937e-11,6.5878e-11,1.6676e-11
1.8559e-11,6.8302e-11,3.9944e-11
1.9955e-11,6.6666e-11,4.374e-11
5.4529e-11,4.1799e-11,5.0402e-11
2.9353e-11,6.4288e-11,3.2778e-11
2.3273e-11,1.1181e-11,3.439e-11
2.3091e-11,2.3375e-11,2.4032e-11
3.2876e-11,7.8891e-11,4.3378e-11
4.7765e-11,3.6502e-11,1.358e-11
7.584e-11,5.5135e-11,1.2286e-11
3.1804e-11,5.2847e-11,6.7822e-11
4.8652e-11,3.6038e-11,1.2413e-11
1.7506e-11,3.2734e-11,2.7462e-11
4.3299e-11,6.8272e-11,2.8692e-11
4.2186e-11,4.7383e-11,5.1852e-11
3.512e-11,1.447e-11,1.9256e-11
2.3764e-11,2.7378e-11,2.81e-11
7.4842e-11,9.9194e-11,8.7791e-11
3.2797e-11,2.465e-11,2.1876e-11
3.6054e-11,8.306e-11,6.206e-11
2.0733e-11,3.9822e-11,2.163e-11
2.1075e-11,4.4709e-11,2.4854e-11
5.6447e-11,2.1534e-11,4.665e-11
3.2823e-11,4.4263e-11,3.6137e-11
1.7511e-11,2.6392e-11,2.3743e-11
1.0427e-10,2.5516e-11,5.5757e-11
6.6339e-11,2.1726e-11,6.889e-11
4.6474e-11,2.2893e-11,4.6271e-11
5.4447e-11,2.3365e-11,5.5084e-11
1.1548e-10,2.7963e-11,4.0917e-11
2.2807e-10,9.112e-11,8.3325e-11
3.7276e-11,2.4458e-11,4.2242e-11
3.4194e-11,2.5041e-11,3.6502e-11
1.1774e-10,1.3442e-10,4.3539e-11
2.2265e-11,5.675e-11,1.7407e-11
4.158e-11,3.6647e-11,3.9038e-11
2.9031e-11,4.5329e-11,1.5184e-11
7.8463e-11,1.2778e-10,3.732e-11
7.431e-11,6.3159e-11,7.3342e-11
1.7943e-11,6.7831e-11,3.7782e-11
2.2585e-11,6.4722e-11,3.4394e-11
5.2648e-11,6.5481e-11,2.7771e-11
5.6894e-11,5.5742e-11,7.0201e-11
2.6452e-11,2.5115e-11,3.1461e-11
5.403e-11,4.9273e-11,2.4875e-11
2.4401e-11,3.3575e-11,2.3803e-11
2.5141e-11,3.9104e-11,4.4744e-11
4.0528e-11,6.2022e-11,5.1205e-11
1.8738e-11,2.4949e-11,2.5814e-11
6.881e-11,1.1774e-10,3.4355e-11
3.6012e-11,4.5545e-11,3.7144e-11
1.8919e-11,3e-11,3.1965e-11
1.8145e-11,2.9429e-11,1.8654e-11
1.0129e-10,2.2657e-11,6.5212e-11
1.3767e-10,4.1356e-11,7.3954e-11
4.4575e-11,1.857e-11,4.3411e-11
5.4818e-11,2.024e-11,5.5786e-11
1.7524e-10,6.3692e-11,5.9711e-11
7.2816e-11,4.4492e-11,7.77e-11
1.0188e-10,2.4334e-11,3.6989e-11
1.2935e-10,4.1458e-11,5.4281e-11
6.8818e-11,4.7794e-11,7.7403e-11
2.5157e-11,1.4658e-11,3.1182e-11
7.0846e-11,5.0604e-11,7.6561e-11
1.5962e-10,1.2809e-10,4.5357e-11
7.4791e-11,6.6022e-11,7.5336e-11
2.2596e-11,5.0702e-11,1.8675e-11
5.516e-11,7.8405e-11,4.2124e-11
2.038e-11,3.7127e-11,2.9815e-11
6.2032e-11,1.0583e-10,7.3242e-11
5.2272e-11,3.9407e-11,2.3567e-11
3.41e-11,3.309e-11,3.4331e-11
6.0305e-11,5.8171e-11,1.7926e-11
3.0151e-11,2.5208e-11,4.6814e-11
4.5956e-11,9.8726e-11,3.1261e-11
1.6388e-11,3.1868e-11,2.5212e-11
1.7719e-11,3.2358e-11,2.7477e-11
7.2516e-11,9.3838e-11,3.8567e-11
2.5954e-11,2.296e-11,2.6039e-11
2.4865e-11,4.2525e-11,2.3503e-11
2.3533e-11,2.6234e-11,3.0304e-11
2.6451e-11,2.8435e-11,3.115e-11
2.3263e-11,2.2077e-11,1.9613e-11
3.1621e-11,2.433e-11,3.0252e-11
1.6893e-11,2.7257e-11,3.0731e-11
1.9755e-11,2.8557e-11,3.3357e-11
2.522e-11,3.8463e-11,3.0228e-11
2.8241e-11,3.1874e-11,2.8162e-11
7.3393e-11,1.2311e-11,7.2032e-11
6.8376e-11,1.8507e-11,7.2746e-11
1.2229e-10,3.5883e-11,7.7435e-11
5.449e-11,1.6879e-11,5.2177e-11
1.4016e-10,4.8992e-11,5.6838e-11
9.7357e-11,2.7786e-11,5.6273e-11
5.8604e-11,2.3918e-11,6.089e-11
9.1958e-11,3.2029e-11,5.7491e-11
2.1557e-10,7.267e-11,8.7977e-11
4.1796e-11,2.0139e-11,4.2426e-11
7.038e-11,1.5082e-11,3.5413e-11
3.8836e-11,1.2815e-11,4.0254e-11
7.0109e-11,3.8955e-11,6.9908e-11
1.6594e-10,6.0715e-11,5.5588e-11
1.8955e-10,8.2792e-11,6.2869e-11
6.7353e-11,3.8372e-11,6.9414e-11
3.5372e-11,2.8057e-11,4.2042e-11
3.83e-11,3.9244e-11,2.913e-11
3.514e-11,2.3175e-11,4.2114e-11
9.8544e-11,2.4326e-11,3.8718e-11
2.4491e-11,2.9173e-11,2.2991e-11
1.6565e-10,8.7416e-11,6.6802e-11
1.1325e-10,3.6123e-11,4.3526e-11
2.2758e-11,9.5078e-12,1.9643e-11
3.684e-11,2.911e-11,3.438e-11
2.1492e-11,1.79e-11,2.279e-11
1.8503e-11,6.2702e-11,3.0313e-11
2.5752e-11,6.0278e-11,1.604e-11
2.2969e-11,5.0787e-11,1.8553e-11
3.0973e-11,4.1893e-11,2.0676e-11
6.3878e-11,7.8714e-11,3.8473e-11
1.9768e-11,3.7401e-11,2.8292e-11
2.3857e-11,1.896e-11,2.4272e-11
2.9932e-11,3.2341e-11,3.6525e-11
5.7152e-11,9.5225e-11,3.3852e-11
7.6026e-11,5.6311e-11,6.715e-11
5.1251e-11,6.7755e-11,3.2418e-11
7.387e-11,7.2268e-11,7.9217e-11
2.5313e-11,2.3038e-11,3.0292e-11
2.4009e-11,2.6008e-11,3.585e-11
1.8404e-11,3.0808e-11,2.9781e-11
1.7477e-11,3.1172e-11,2.9801e-11
9.2475e-11,9.1134e-11,2.154e-11
1.9202e-11,2.4908e-11,2.3937e-11
2.004e-11,2.5324e-11,1.8257e-11
2.3528e-11,3.0796e-11,3.1556e-11
1.3358e-11,2.307e-11,2.1303e-11
6.8031e-11,1.516e-11,7.0556e-11
6.7323e-11,1.362e-11,7.0317e-11
6.2052e-11,1.832e-11,6.3806e-11
6.132e-11,1.843e-11,5.3045e-11
5.2444e-11,2.1211e-11,5.3079e-11
3.5286e-11,1.5194e-11,3.6832e-11
4.073e-11,3.2708e-11,2.9025e-11
9.5125e-11,1.5315e-11,2.9419e-11
1.2255e-10,3.7745e-11,6.605e-11
2.7989e-11,1.1019e-11,3.1202e-11
6.2605e-11,4.2168e-11,6.8448e-11
1.8534e-10,8.8123e-11,6.0552e-11
2.9294e-11,1.9151e-11,3.6133e-11
6.2209e-11,4.1863e-11,6.7194e-11
1.52e-10,6.486e-11,4.2041e-11
2.9896e-11,2.3558e-11,3.3787e-11
3.9363e-11,2.817e-11,4.1967e-11
6.5182e-11,5.4877e-11,6.9069e-11
2.0799e-11,5.7144e-11,1.8513e-11
7.0192e-11,6.053e-11,6.9548e-11
4.3972e-11,5.3466e-11,3.8039e-11
4.2774e-11,3.701e-11,3.9561e-11
4.0228e-11,3.3511e-11,3.6452e-11
2.4394e-11,1.9365e-11,2.389e-11
9.5457e-11,1.2764e-10,2.6356e-11
2.3196e-11,2.2105e-11,2.2844e-11
7.2701e-11,6.1341e-11,7.1727e-11
2.5302e-11,1.7051e-11,2.3829e-11
2.9471e-11,2.0896e-11,2.3161e-11
2.4018e-11,3.1771e-11,2.1466e-11
2.1137e-11,2.1135e-11,3.194e-11
3.0395e-11,2.6084e-11,3.3311e-11
5.288e-11,9.6058e-11,3.181e-11
5.3169e-11,7.025e-11,5.6333e-11
3.1932e-11,2.9134e-11,3.3747e-11
4.3422e-11,6.6252e-11,5.5647e-11
2.5821e-11,2.4516e-11,2.6409e-11
4.2831e-11,5.0603e-11,4.0698e-11
3.2463e-11,3.3833e-11,3.436e-11
2.572e-11,2.7716e-11,2.6244e-11
6.7856e-11,1.1411e-11,7.4004e-11
6.7836e-11,1.1435e-11,6.6555e-11
8.2584e-11,2.0466e-11,7.2891e-11
5.6369e-11,2.3473e-11,5.7052e-11
5.9875e-11,2.5187e-11,6.3134e-11
1.7142e-10,6.6008e-11,7.9462e-11
3.811e-11,1.9492e-11,3.4907e-11
6.1083e-11,2.9586e-11,5.8557e-11
1.7234e-10,6.8209e-11,6.9936e-11
3.535e-11,1.9575e-11,4.0688e-11
3.3404e-11,1.9032e-11,3.9956e-11
3.17e-11,1.7007e-11,3.4852e-11
1.0862e-10,4.0318e-11,5.405e-11
3.421e-11,2.0032e-11,3.5274e-11
1.3216e-10,7.216e-11,4.1479e-11
1.3269e-10,8.5542e-11,4.8864e-11
1.9032e-11,1.8529e-11,2.1402e-11
2.0695e-11,4.8522e-11,3.3725e-11
3.5574e-11,4.6264e-11,1.628e-11
2.6764e-11,7.9615e-11,2.9165e-11
3.5886e-11,3.104e-11,1.9865e-11
3.1818e-11,2.8435e-11,3.1829e-11
5.5113e-11,9.205e-11,4.3166e-11
5.2759e-11,1.0977e-10,2.939e-11
4.9711e-11,6.4723e-11,5.4362e-11
1.6797e-11,2.8671e-11,2.3741e-11
2.1059e-11,2.6342e-11,3.6372e-11
2.0631e-11,2.345e-11,2.3346e-11
4.8938e-11,5.7513e-11,4.3965e-11
5.1403e-11,6.8298e-11,4.072e-11
3.2598e-11,3.6015e-11,3.4038e-11
4.0144e-11,4.5822e-11,3.7296e-11
1.8259e-11,2.766e-11,2.4199e-11
2.0142e-11,2.4287e-11,3.1634e-11
7.172e-11,1.57e-11,6.4905e-11
5.2583e-11,1.5083e-11,5.5187e-11
5.4978e-11,2.577e-11,5.6926e-11
5.2677e-11,9.8984e-12,3.6996e-11
1.2714e-10,5.3321e-11,6.724e-11
1.3974e-10,3.7247e-11,6.6186e-11
6.5242e-11,3.9589e-11,6.8831e-11
6.2613e-11,3.498e-11,6.406e-11
3.1431e-11,1.6807e-11,4.4934e-11
3.3246e-11,4.5532e-11,2.5734e-11
6.5081e-11,1.6408e-11,3.123e-11
8.3386e-11,1.9755e-11,2.3427e-11
1.1029e-10,4.4205e-11,6.3893e-11
1.4459e-10,1.0549e-10,6.0326e-11
6.9787e-11,6.0202e-11,7.1234e-11
3.4989e-11,4.5697e-11,3.3817e-11
2.3481e-11,5.1285e-11,2.0032e-11
1.9574e-11,6.2716e-11,1.6952e-11
2.3502e-11,4.467e-11,1.5974e-11
4.0756e-11,3.231e-11,2.3117e-11
3.4925e-11,4.4928e-11,2.5782e-11
8.2398e-11,6.7269e-11,7.6934e-11
1.6705e-11,2.2597e-11,2.1903e-11
2.7363e-11,6.7955e-11,2.0244e-11
3.3803e-11,3.4414e-11,2.3709e-11
3.025e-11,8.639e-11,1.7671e-11
7.3685e-11,7.2753e-11,7.379e-11
2.389e-11,2.2777e-11,2.5767e-11
2.3608e-11,2.3053e-11,2.434e-11
1.6982e-11,2.1408e-11,2.0879e-11
7.1402e-11,1.1121e-10,2.5157e-11
1.997e-11,2.5551e-11,3.4366e-11
5.9315e-11,7.6799e-11,6.0055e-11
3.265e-11,3.4785e-11,3.2761e-11
1.753e-11,2.9107e-11,2.9649e-11
4.9082e-11,7.0271e-11,5.7357e-11
3.2492e-11,3.5712e-11,2.9414e-11
1.9603e-11,2.9932e-11,2.0147e-11
7.1746e-11,1.5147e-11,6.6213e-11
6.3682e-11,1.394e-11,6.6212e-11
6.2186e-11,1.2626e-11,6.4627e-11
5.3893e-11,1.1981e-11,5.6883e-11
1.0533e-10,3.8503e-11,7.0721e-11
5.2032e-11,1.7328e-11,5.007e-11
4.584e-11,1.5035e-11,4.2795e-11
8.6485e-11,1.8403e-11,4.0881e-11
1.4894e-10,5.8762e-11,6.5476e-11
1.6456e-10,5.9549e-11,7.0496e-11
3.3491e-11,3.9403e-11,2.5844e-11
2.4581e-11,1.0498e-11,2.6634e-11
6.6815e-11,1.9566e-11,2.0594e-11
2.6447e-11,2.9233e-11,2.262e-11
1.1734e-10,8.0521e-11,4.5574e-11
1.8489e-11,1.4126e-11,3.7892e-11
2.4678e-11,1.9032e-11,2.1669e-11
5.9289e-11,5.9894e-11,2.5989e-11
2.2179e-11,3.9626e-11,3.31e-11
3.1021e-11,2.7576e-11,2.9758e-11
6.9199e-11,8.2343e-11,2.4956e-11
1.8381e-11,2.0646e-11,2.2475e-11
4.8019e-11,9.5302e-11,2.7353e-11
2.4673e-11,2.4311e-11,2.2801e-11
7.3183e-11,8.5771e-11,4.7448e-11
3.1594e-11,3.0528e-11,2.9551e-11
6.5873e-11,1.0999e-10,3.5723e-11
7.2978e-11,1.0702e-10,3.9008e-11
2.5866e-11,2.6758e-11,2.5818e-11
6.3543e-11,2.9493e-11,3.0552e-11
1.3964e-11,2.4786e-11,2.2423e-11
7.2604e-11,1.2173e-11,7.6319e-11
5.9618e-11,1.2299e-11,6.2062e-11
6.2303e-11,1.4691e-11,5.8087e-11
5.4328e-11,1.8628e-11,5.1787e-11
6.0799e-11,2.6821e-11,6.4914e-11
3.4885e-11,2.0552e-11,2.8298e-11
1.3926e-10,3.8069e-11,5.0475e-11
6.2475e-11,3.691e-11,6.6311e-11
2.5948e-11,1.1968e-11,3.8546e-11
1.1702e-10,2.3865e-11,3.6436e-11
7.3229e-11,5.152e-11,7.8135e-11
5.563e-11,2.3454e-11,3.0806e-11
1.6188e-10,1.1833e-10,4.7734e-11
7.0865e-11,2.976e-11,2.7499e-11
8.1124e-11,3.3598e-11,2.4533e-11
1.802e-11,1.0979e-11,3.6237e-11
6.4383e-11,3.5721e-11,2.8974e-11
2.5225e-11,2.7891e-11,2.478e-11
2.7034e-11,5.9323e-11,4.3782e-11
2.305e-11,5.1914e-11,2.7187e-11
3.4208e-11,2.761e-11,2.831e-11
2.5953e-11,3.1722e-11,1.7936e-11
1.7177e-11,1.756e-11,2.8898e-11
5.3288e-11,4.9493e-11,5.6222e-11
7.0246e-11,7.873e-11,7.7314e-11
3.0166e-11,2.8549e-11,2.5949e-11
3.3627e-11,3.6829e-11,4.2311e-11
1.7444e-11,2.3812e-11,4.6496e-11
5.9353e-11,6.0589e-11,2.8282e-11
3.2357e-11,3.5674e-11,3.1256e-11
5.3229e-11,6.9234e-11,5.4677e-11
5.1752e-11,5.5482e-11,2.4887e-11
6.7687e-11,3.5725e-11,3.6003e-11
1.9649e-11,2.6274e-11,2.5625e-11
6.1499e-11,1.3883e-11,6.6601e-11
9.2121e-11,2.7346e-11,6.5995e-11
4.9568e-11,2.027e-11,4.9759e-11
5.6644e-11,1.91e-11,5.9721e-11
7.0401e-11,1.4885e-11,4.3984e-11
8.7349e-11,2.5821e-11,5.1037e-11
5.9005e-11,3.3875e-11,6.1913e-11
5.9514e-11,4.1916e-11,6.5151e-11
1.3896e-10,5.9886e-11,4.982e-11
6.9572e-11,5.2136e-11,7.4488e-11
6.0367e-11,4.8087e-11,6.7089e-11
1.1441e-10,7.7769e-11,4.7735e-11
4.072e-11,3.5235e-11,4.0173e-11
5.4353e-11,2.9663e-11,2.74e-11
5.3949e-11,4e-11,4.526e-11
3.0736e-11,3.7986e-11,1.8026e-11
6.1674e-11,3.3497e-11,2.4592e-11
7.8796e-11,6.4407e-11,7.3408e-11
1.7811e-11,5.5036e-11,4.4035e-11
1.7177e-11,1.435e-11,5.0949e-11
4.4542e-11,5.0378e-11,1.9058e-11
1.9387e-11,4.8261e-11,4.139e-11
2.3165e-11,6.3011e-11,5.965e-11
4.4684e-11,3.6164e-11,4.2724e-11
2.2062e-11,2.0456e-11,2.9468e-11
2.0477e-11,2.0338e-11,2.7577e-11
3.9194e-11,9.5602e-11,2.9035e-11
6.0109e-11,9.2673e-11,2.6886e-11
2.245e-11,1.6981e-11,3.3367e-11
2.1767e-11,2.4665e-11,3.3459e-11
5.3562e-11,2.8989e-11,2.4198e-11
3.4258e-11,2.7247e-11,3.314e-11
2.0075e-11,2.2276e-11,2.5166e-11
2.4683e-11,3.6979e-11,2.9453e-11
2.7463e-11,3.0092e-11,2.4734e-11
4.8857e-11,5.1652e-11,4.3578e-11
5.5698e-11,1.4602e-11,5.9823e-11
5.5461e-11,1.927e-11,5.8335e-11
4.835e-11,1.4745e-11,5.1928e-11
3.6712e-11,2.8827e-11,3.6833e-11
1.2973e-10,3.1705e-11,5.2631e-11
1.1888e-10,3.0525e-11,4.7818e-11
3.1748e-11,1.6691e-11,2.7391e-11
9.8317e-11,2.4114e-11,2.6573e-11
2.8784e-11,2.19e-11,3.374e-11
4.8443e-11,2.4119e-11,3.5168e-11
6.9724e-11,2.1669e-11,2.448e-11
5.0662e-11,2.3301e-11,2.8514e-11
4.3101e-11,2.7829e-11,2.435e-11
2.4836e-11,3.4542e-11,2.6343e-11
1.5547e-10,9.9427e-11,6.1306e-11
2.7742e-11,1.6422e-11,2.8591e-11
6.9169e-11,2.6118e-11,2.6494e-11
1.0825e-10,7.1949e-11,4.669e-11
1.1949e-10,9.3313e-11,3.477e-11
1.6659e-11,9.9043e-12,3.2628e-11
7.3771e-11,3.3565e-11,2.9071e-11
4.8748e-11,2.8797e-11,2.1685e-11
2.2426e-11,5.2101e-11,4.9808e-11
5.5306e-11,4.2366e-11,4.618e-11
2.0104e-11,1.1421e-11,3.3813e-11
5.0466e-11,4.1007e-11,4.4389e-11
2.7217e-11,2.3781e-11,2.4438e-11
1.3964e-11,1.4383e-11,3.3379e-11
2.6633e-11,2.4562e-11,2.386e-11
2.1733e-11,6.0712e-11,2.6906e-11
4.7889e-11,9.524e-11,1.9632e-11
2.943e-11,2.5074e-11,1.8272e-11
6.7403e-11,7.6438e-11,6.9104e-11
7.6461e-11,9.0309e-11,3.0623e-11
6.2432e-11,7.8466e-11,6.7858e-11
2.1969e-11,2.6089e-11,2.9555e-11
7.2915e-11,4.5077e-11,2.2265e-11
7.9182e-11,1.1014e-10,2.9873e-11
2.2516e-11,3.4035e-11,2.9798e-11
2.2794e-11,2.1444e-11,2.5555e-11
5.2665e-11,6.4452e-11,2.792e-11
1.2317e-11,2.2591e-11,1.7764e-11
2.1998e-11,2.3396e-11,2.3183e-11
1.9683e-11,2.6552e-11,2.3558e-11
7.6062e-11,9.2616e-12,7.3982e-11
7.007e-11,1.9718e-11,7.2349e-11
4.8514e-11,2.1979e-11,4.9567e-11
4.0335e-11,2.1486e-11,4.5011e-11
3.441e-11,2.6022e-11,3.2821e-11
3.496e-11,2.1163e-11,3.1613e-11
3.3419e-11,1.9897e-11,4.0285e-11
2.5354e-11,1.2043e-11,2.6039e-11
1.0414e-10,2.6946e-11,4.5063e-11
3.0602e-11,1.7627e-11,3.7103e-11
2.3825e-11,1.1466e-11,2.5717e-11
1.5005e-10,9.258e-11,5.3781e-11
1.1152e-10,2.439e-11,4.006e-11
1.2946e-10,6.2407e-11,4.901e-11
1.3266e-10,6.5961e-11,5.2131e-11
3.165e-11,2.779e-11,3.3614e-11
2.1527e-11,2.8567e-11,5.1497e-11
8.7162e-11,6.8113e-11,4.0445e-11
1.8182e-11,1.1314e-11,3.3032e-11
6.3489e-11,7.0089e-11,5.2227e-11
5.6001e-11,5.7335e-11,2.8035e-11
2.8293e-11,2.314e-11,5.1308e-11
2.3802e-11,2.2495e-11,2.5044e-11
3.6388e-11,2.8725e-11,3.1786e-11
3.0318e-11,2.7313e-11,2.6733e-11
7.7326e-11,6.331e-11,6.3591e-11
3.6618e-11,4.0584e-11,1.8624e-11
3.6845e-11,3.7629e-11,1.5697e-11
1.4463e-11,1.6658e-11,3.2754e-11
3.2738e-11,6.0419e-11,3.5052e-11
5.3375e-11,8.0023e-11,1.9254e-11
1.8507e-11,1.4333e-11,2.292e-11
1.938e-11,9.8668e-12,3.0331e-11
2.9329e-11,2.8432e-11,2.65e-11
2.7799e-11,7.0107e-11,5.6253e-11
1.4168e-11,1.9757e-11,2.6099e-11
2.7655e-11,2.5827e-11,3.0912e-11
4.2859e-11,5.1707e-11,4.0376e-11
1.7817e-11,2.2523e-11,1.9367e-11
4.039e-11,3.7173e-11,4.7444e-11
8.1325e-11,4.5351e-11,2.1141e-11
3.6352e-11,4.4141e-11,3.5756e-11
7.1994e-11,1.2634e-11,7.248e-11
7.9969e-11,2.5297e-11,6.6221e-11
6.9463e-11,2.0797e-11,5.7205e-11
3.5814e-11,1.9255e-11,4.2611e-11
3.6281e-11,1.7343e-11,4.164e-11
6.1377e-11,1.2573e-11,4.0129e-11
3.6119e-11,1.2758e-11,3.742e-11
4.7378e-11,2.4493e-11,4.6693e-11
3.9759e-11,2.2442e-11,4.1559e-11
2.7634e-11,1.8257e-11,2.5994e-11
1.5204e-10,6.9445e-11,6.5657e-11
2.5683e-11,1.4912e-11,2.5477e-11
1.607e-10,9.2456e-11,6.1002e-11
7.465e-11,5.1853e-11,7.5406e-11
1.691e-10,1.104e-10,4.9103e-11
2.4867e-11,1.8679e-11,2.9037e-11
2.1022e-11,2.0392e-11,2.7625e-11
1.9309e-11,3.3145e-11,2.4258e-11
3.826e-11,2.8132e-11,3.8276e-11
1.0688e-10,4.5291e-11,3.5804e-11
5.3491e-11,2.3545e-11,1.9261e-11
1.5766e-10,1.1523e-10,3.5197e-11
4.9489e-11,3.7548e-11,4.6311e-11
1.06e-10,1.1297e-10,4.0744e-11
3.0952e-11,2.1517e-11,1.8845e-11
1.469e-11,9.973e-12,3.6678e-11
6.357e-11,5.6057e-11,6.2227e-11
2.335e-11,4.262e-11,3.827e-11
3.9716e-11,4.5343e-11,3.7757e-11
4.3782e-11,3.8732e-11,3.3278e-11
2.7039e-11,2.898e-11,3.0227e-11
6.4713e-11,6.7943e-11,5.9867e-11
2.7198e-11,7.8523e-11,4.7923e-11
2.3663e-11,2.5325e-11,3.5257e-11
1.7402e-11,2.1377e-11,1.6109e-11
1.641e-11,2.2972e-11,2.2383e-11
5.164e-11,5.1221e-11,4.6593e-11
6.3264e-11,1.1524e-11,6.3813e-11
5.7699e-11,1.2183e-11,5.1444e-11
6.539e-11,2.1888e-11,5.7157e-11
5.224e-11,1.3604e-11,3.35e-11
4.4541e-11,2.2341e-11,4.6969e-11
4.1267e-11,1.8414e-11,2.8299e-11
3.3871e-11,1.1729e-11,3.6374e-11
1.4583e-10,5.4809e-11,5.9871e-11
3.7829e-11,2.5449e-11,4.2394e-11
2.5537e-11,1.5427e-11,2.7459e-11
9.003e-11,2.5754e-11,4.7074e-11
4.0032e-11,1.8178e-11,2.1728e-11
2.057e-11,1.5944e-11,2.4898e-11
2.8948e-11,3.5529e-11,2.0226e-11
1.1082e-10,6.428e-11,5.0845e-11
2.2664e-11,2.1013e-11,3.8e-11
1.0434e-10,6.7962e-11,4.7814e-11
5.949e-11,1.6996e-11,1.9881e-11
4.0898e-11,2.6724e-11,2.0316e-11
8.1602e-11,9.2918e-11,4.0474e-11
5.2612e-11,3.917e-11,4.4889e-11
4.2392e-11,3.5247e-11,4.0662e-11
1.5019e-11,3.9905e-11,3.0586e-11
1.6353e-11,3.9363e-11,2.9585e-11
2.203e-11,4.1823e-11,1.8745e-11
2.3394e-11,3.9189e-11,2.1202e-11
2.8118e-11,2.5437e-11,2.3983e-11
2.1317e-11,7.1051e-11,3.0668e-11
3.3562e-11,3.1969e-11,2.8659e-11
2.7671e-11,6.5846e-11,2.1013e-11
2.1839e-11,1.6598e-11,2.7984e-11
6.9957e-11,9.183e-11,1.8585e-11
3.2305e-11,3.6197e-11,3.1534e-11
2.1845e-11,1.823e-11,1.9229e-11
4.7153e-11,2.4789e-11,2.7718e-11
2.5768e-11,1.7446e-11,2.5405e-11
9.015e-11,8.2025e-11,4.6182e-11
9.0396e-11,4.9625e-11,2.888e-11
4.3236e-11,5.4876e-11,4.0215e-11
2.9981e-11,3.5489e-11,3.1883e-11
2.4852e-11,5.0156e-11,4.14e-11
2.0253e-11,2.0768e-11,1.8679e-11
3.8761e-11,7.8023e-12,4.0786e-11
4.1126e-11,1.2864e-11,4.1746e-11
3.4911e-11,8.2207e-12,3.6812e-11
3.8063e-11,1.6384e-11,3.6268e-11
4.6713e-11,1.3958e-11,3.588e-11
8.4599e-11,2.263e-11,5.9455e-11
2.9851e-11,2.5703e-11,2.9085e-11
5.0616e-11,2.5928e-11,5.0061e-11
2.6399e-11,2.6921e-11,2.6228e-11
1.5612e-10,6.0622e-11,7.049e-11
1.4667e-10,6.8451e-11,7.1617e-11
1.5668e-10,8.9891e-11,6.4314e-11
4.5175e-11,2.6176e-11,4.397e-11
4.4004e-11,3.2991e-11,4.6012e-11
2.1895e-11,3.0354e-11,4.2898e-11
1.8036e-11,2.385e-11,2.9076e-11
6.2003e-11,5.0529e-11,6.1894e-11
8.5242e-11,9.2148e-11,4.2844e-11
2.8103e-11,2.1602e-11,2.8331e-11
2.5607e-11,1.7667e-11,2.4701e-11
3.3429e-11,2.3308e-11,1.8315e-11
3.275e-11,4.4128e-11,1.34e-11
3.1808e-11,3.4379e-11,2.0753e-11
3.3639e-11,7.3065e-11,2.0836e-11
2.0665e-11,2.873e-11,1.8198e-11
3.0916e-11,2.1022e-11,1.7964e-11
1.9757e-11,2.4666e-11,3.2578e-11
1.8733e-11,2.3849e-11,4.125e-11
2.4064e-11,2.2568e-11,2.3294e-11
1.6946e-11,1.4993e-11,1.7109e-11
2.5151e-11,3.1728e-11,3.5759e-11
2.9213e-11,2.7839e-11,2.8701e-11
5.2657e-11,5.8188e-11,4.6733e-11
2.1825e-11,2.193e-11,2.3243e-11
2.5991e-11,6.3648e-11,4.0329e-11
2.368e-11,2.3038e-11,2.1527e-11
3.5028e-11,4.145e-11,3.5459e-11
1.7858e-11,2.2746e-11,2.2297e-11
6.1935e-11,1.0498e-11,6.4029e-11
4.2996e-11,8.8191e-12,4.5359e-11
5.5031e-11,1.4589e-11,4.3445e-11
6.1289e-11,2.7831e-11,6.4105e-11
3.8477e-11,1.1777e-11,3.8709e-11
3.694e-11,1.3915e-11,3.6616e-11
9.3862e-11,2.5006e-11,4.5233e-11
8.2889e-11,2.3194e-11,5.6755e-11
4.2402e-11,1.6179e-11,2.9161e-11
6.5147e-11,4.4558e-11,6.7467e-11
2.8328e-11,1.3371e-11,3.791e-11
2.0425e-11,1.7393e-11,1.9997e-11
6.0519e-11,4.471e-11,6.1055e-11
2.3093e-11,2.3249e-11,2.5098e-11
2.546e-11,2.6222e-11,2.6302e-11
1.5685e-10,1.0212e-10,4.3585e-11
5.8047e-11,4.7814e-11,5.6661e-11
5.1556e-11,2.1957e-11,2.5527e-11
1.143e-10,9.5943e-11,6.0901e-11
6.326e-11,5.6423e-11,3.7702e-11
1.7174e-11,1.1731e-11,2.127e-11
5.3411e-11,4.1522e-11,4.7346e-11
2.1784e-11,1.47e-11,2.7323e-11
3.068e-11,1.9931e-11,2.3449e-11
4.6556e-11,3.5972e-11,4.1199e-11
1.8202e-11,1.7369e-11,3.4628e-11
8.9305e-11,7.5095e-11,8.2606e-11
2.2936e-11,2.6805e-11,6.2168e-11
2.369e-11,3.218e-11,2.475e-11
2.3515e-11,3.0135e-11,6.0217e-11
3.4365e-11,5.2307e-11,4.4209e-11
2.0336e-11,1.8249e-11,3.8743e-11
1.6603e-11,2.2082e-11,1.9065e-11
1.8062e-11,2.5306e-11,2.1249e-11
2.707e-11,6.7097e-11,5.1137e-11
2.3519e-11,7.3563e-11,4.1774e-11
2.1481e-11,1.6529e-11,1.7642e-11
2.3171e-11,2.6949e-11,2.3204e-11
2.7686e-11,2.032e-11,1.9718e-11
1.9987e-11,1.7957e-11,2.708e-11
2.029e-11,2.4426e-11,2.2189e-11
1.5446e-11,1.917e-11,2.5729e-11
2.1359e-11,3.6875e-11,4.25e-11
3.8588e-11,1.5769e-11,3.773e-11
3.7596e-11,1.7981e-11,4.5332e-11
3.3143e-11,1.5724e-11,4.0952e-11
3.1371e-11,1.1493e-11,3.6839e-11
4.3477e-11,1.4508e-11,3.7991e-11
1.3808e-10,5.0778e-11,6.2793e-11
3.8991e-11,1.344e-11,3.4636e-11
4.8403e-11,1.2791e-11,2.9867e-11
3.0599e-11,1.9157e-11,3.1455e-11
2.0097e-11,2.5484e-11,2.2494e-11
1.0871e-10,7.1988e-11,4.2784e-11
2.2066e-11,1.4065e-11,2.1912e-11
2.164e-11,3.9503e-11,2.3305e-11
6.1688e-11,4.505e-11,4.88e-11
1.9293e-11,4.4462e-11,3.1128e-11
2.2765e-11,2.7831e-11,1.2629e-11
4.4271e-11,3.5196e-11,1.2914e-11
1.6191e-11,1.2576e-11,4.194e-11
2.884e-11,1.8155e-11,2.0154e-11
3.8798e-11,3.8709e-11,3.3469e-11
8.1154e-11,3.2158e-11,2.0267e-11
2.5346e-11,1.9165e-11,2.1906e-11
9.2214e-11,3.3402e-11,6.7668e-12
2.7024e-11,2.2559e-11,2.2114e-11
4.5779e-11,5.1893e-11,3.6144e-11
2.5888e-11,2.7726e-11,3.4388e-11
4.2132e-11,4.7865e-11,4.0887e-11
5.0389e-11,1.6087e-11,4.5096e-11
7.7725e-11,2.4278e-11,5.083e-11
6.6479e-11,1.6547e-11,4.2761e-11
3.9242e-11,9.2917e-12,3.5987e-11
3.5835e-11,1.8104e-11,3.8864e-11
4.2356e-11,2.1857e-11,4.1224e-11
4.577e-11,1.8886e-11,3.4577e-11
3.1788e-11,8.6186e-12,3.287e-11
5.7999e-11,1.9957e-11,4.1249e-11
2.4172e-11,1.1482e-11,2.6706e-11
1.0036e-10,2.7079e-11,4.2552e-11
1.626e-10,7.859e-11,6.5098e-11
4.8503e-11,1.1883e-11,2.5866e-11
5.5933e-11,3.9817e-11,5.9285e-11
1.5791e-10,9.552e-11,4.6227e-11
2.4596e-11,9.5156e-12,2.6631e-11
2.2305e-11,1.5092e-11,2.9955e-11
1.8284e-11,1.0685e-11,4.69e-11
4.486e-11,2.4957e-11,1.706e-11
2.4577e-11,2.0024e-11,3.2431e-11
1.9383e-11,2.4876e-11,2.7945e-11
3.4249e-11,2.0238e-11,3.4754e-11
2.5168e-11,4.2491e-11,1.7821e-11
2.0417e-11,2.8447e-11,1.1777e-11
1.7708e-11,4.7683e-11,4.9891e-11
5.7024e-11,5.8497e-11,1.4189e-11
8.3563e-11,3.5377e-11,1.5852e-11
1.0364e-10,3.478e-11,8.724e-12
1.0274e-10,5.2155e-11,1.2571e-11
4.9495e-11,5.1549e-11,3.9116e-11
5.0678e-11,5.4649e-11,4.1246e-11
2.843e-11,3.3453e-11,4.4875e-11
5.8429e-11,5.9965e-11,8.3582e-11
2.6462e-11,3.755e-11,2.523e-11
5.7328e-11,1.765e-11,5.9895e-11
5.6475e-11,9.9841e-12,6.3283e-11
4.9741e-11,1.1966e-11,5.2577e-11
4.4644e-11,1.3899e-11,4.8558e-11
6.4399e-11,2.861e-11,6.5388e-11
4.2901e-11,1.8561e-11,3.6954e-11
3.8949e-11,1.3767e-11,3.0874e-11
5.266e-11,1.5481e-11,3.0603e-11
7.4949e-11,2.8333e-11,4.2051e-11
2.58e-11,8.2754e-12,2.9773e-11
2.3256e-11,1.4947e-11,2.6211e-11
5.2815e-11,1.2012e-11,2.2227e-11
6.7272e-11,4.7999e-11,7.0115e-11
3.6319e-11,2.3765e-11,3.9555e-11
3.1502e-11,1.5132e-11,3.7938e-11
6.5565e-11,5.6225e-11,6.682e-11
1.9916e-11,2.735e-11,1.7177e-11
4.2202e-11,2.188e-11,2.0118e-11
4.1422e-11,3.2714e-11,3.7008e-11
2.7874e-11,2.6226e-11,2.3281e-11
7.8532e-11,6.7485e-11,7.4196e-11
1.9435e-11,2.0338e-11,1.9031e-11
3.548e-11,2.6264e-11,2.6824e-11
3.0613e-11,2.4008e-11,2.5143e-11
1.946e-11,2.8584e-11,4.9912e-11
3.0574e-11,3.7318e-11,1.4389e-11
6.0265e-11,5.2693e-11,4.8653e-11
3.4411e-11,2.9966e-11,2.7255e-11
3.8123e-11,3.7135e-11,3.2417e-11
1.6968e-11,2.018e-11,1.7012e-11
4.273e-11,4.2963e-11,4.1292e-11
2.0022e-11,8.7223e-11,3.8176e-11
5.7088e-11,2.4355e-11,1.5863e-11
2.1306e-11,9.004e-11,3.8381e-11
8.8216e-11,4.1092e-11,2.7711e-11
3.6551e-11,3.9576e-11,3.2296e-11
4.9126e-11,5.1071e-11,3.8632e-11
1.1403e-10,3.3524e-11,3.3872e-11
1.2279e-10,4.8092e-11,2.0546e-11
2.9833e-11,2.7985e-11,2.3137e-11
2.6456e-11,2.7371e-11,2.3706e-11
2.0933e-11,2.4346e-11,2.4287e-11
5.8457e-11,1.418e-11,5.6959e-11
5.4317e-11,1.4825e-11,5.6137e-11
6.1308e-11,2.734e-11,4.6008e-11
6.8246e-11,2.2801e-11,4.5337e-11
5.4086e-11,2.1275e-11,5.7267e-11
3.5784e-11,1.7586e-11,3.7555e-11
9.014e-11,2.9019e-11,5.6098e-11
4.2288e-11,2.1873e-11,4.7065e-11
8.1637e-11,2.2223e-11,3.0848e-11
7.5524e-11,1.98e-11,4.6041e-11
5.9406e-11,2.9616e-11,2.8193e-11
2.7438e-11,1.0159e-11,2.4195e-11
8.5267e-11,3.7868e-11,5.8804e-11
2.4913e-11,1.3581e-11,3.2984e-11
6.2527e-11,4.8625e-11,6.4208e-11
2.0808e-11,1.1141e-11,3.2515e-11
1.3955e-10,8.5064e-11,4.8901e-11
1.8141e-11,1.9814e-11,3.269e-11
2.283e-11,1.0673e-11,4.5993e-11
6.3266e-11,4.9493e-11,5.7405e-11
3.5953e-11,2.7178e-11,3.268e-11
2.6678e-11,2.2451e-11,3.7273e-11
3.2406e-11,2.537e-11,1.5247e-11
3.3681e-11,2.8891e-11,3.4135e-11
2.4214e-11,1.5142e-11,2.6843e-11
1.7267e-11,2.0528e-11,2.3936e-11
5.7727e-11,5.6763e-11,1.0554e-11
7.8851e-11,7.5884e-11,7.0368e-11
1.6224e-11,4.6761e-11,4.7588e-11
7.0778e-11,6.877e-11,5.8511e-11
4.3497e-11,4.8351e-11,3.9944e-11
7.1811e-11,3.4124e-11,1.5759e-11
5.8888e-11,7.3127e-11,2.1896e-11
1.9913e-11,1.7694e-11,3.0768e-11
3.759e-11,3.3637e-11,2.1508e-11
1.0043e-10,6.1829e-11,1.2548e-11
1.209e-10,7.286e-11,1.9744e-11
1.0807e-10,6.0723e-11,1.1992e-11
1.1487e-10,6.3358e-11,2.7973e-11
4.9954e-11,4.7085e-11,3.5691e-11
1.3262e-10,6.9466e-11,1.5046e-11
3.3448e-11,2.6163e-11,3.611e-11
6.1128e-11,6.354e-11,4.4955e-11
1.2425e-10,4.8242e-11,2.135e-11
1.722e-11,2.6847e-11,2.8578e-11
5.4302e-11,1.4487e-10,6.191e-11
4.6586e-11,5.1755e-11,4.4308e-11
1.5615e-11,1.7617e-11,1.5835e-11
2.9992e-11,4.6954e-11,1.9903e-11
2.3045e-11,2.5519e-11,2.4046e-11
5.8779e-11,1.1569e-11,6.0562e-11
6.1915e-11,1.1608e-11,7.1712e-11
4.9941e-11,1.5171e-11,4.944e-11
4.352e-11,1.1845e-11,4.6621e-11
8.3322e-11,2.4698e-11,5.4436e-11
4.3144e-11,1.0852e-11,3.2778e-11
2.9765e-11,8.2471e-12,3.3703e-11
1.183e-10,3.6528e-11,5.3682e-11
3.0571e-11,1.0125e-11,3.0167e-11
4.832e-11,2.6061e-11,4.7188e-11
3.1407e-11,1.5432e-11,3.7101e-11
3.0451e-11,1.6252e-11,3.374e-11
3.0094e-11,1.417e-11,2.648e-11
6.6148e-11,4.5554e-11,6.4886e-11
2.3527e-11,2.2607e-11,3.5958e-11
2.6983e-11,1.8609e-11,3.3181e-11
2.1664e-11,1.7715e-11,2.9549e-11
9.637e-11,6.3012e-11,3.8348e-11
3.908e-11,2.86e-11,2.2733e-11
1.9311e-11,3.1011e-11,2.5861e-11
7.3405e-11,6.5515e-11,7.0806e-11
2.6806e-11,3.865e-11,2.1217e-11
8.1327e-11,7.1304e-11,7.5674e-11
2.4661e-11,2.635e-11,1.6344e-11
2.0177e-11,2.5643e-11,4.2399e-11
2.8521e-11,4.2973e-11,2.7522e-11
4.7119e-11,6.1021e-11,2.0417e-11
2.3678e-11,2.2846e-11,2.2136e-11
2.3075e-11,2.6623e-11,3.0196e-11
5.5317e-11,4.0553e-11,2.308e-11
1.0418e-10,6.561e-11,3.2116e-11
8.2583e-11,3.8997e-11,8.0806e-12
4.3702e-11,4.8957e-11,3.9647e-11
9.4506e-11,4.1293e-11,2.6886e-11
4.5057e-11,2.2643e-11,2.1803e-11
3.3233e-11,6.0186e-11,3.3159e-11
1.2335e-10,4.956e-11,2.4332e-11
2.1759e-11,1.9603e-11,1.9449e-11
1.0811e-10,4.5341e-11,2.1509e-11
1.281e-10,5.0968e-11,1.0876e-11
1.3243e-10,4.2985e-11,9.0119e-12
2.3671e-11,2.3148e-11,2.5552e-11
3.9741e-11,4.8163e-11,2.6592e-11
1.4761e-10,4.3113e-11,2.0808e-11
6.4853e-11,1.5802e-11,6.0207e-11
5.1733e-11,1.6959e-11,4.7458e-11
7.9606e-11,2.5074e-11,5.3008e-11
7.74e-11,2.8227e-11,5.3971e-11
5.1419e-11,1.5995e-11,5.2904e-11
3.3744e-11,6.8872e-12,3.8621e-11
6.7228e-11,3.5115e-11,6.7428e-11
3.313e-11,8.5171e-12,3.6361e-11
2.7218e-11,8.4223e-12,2.8752e-11
7.046e-11,1.7718e-11,3.1573e-11
7.326e-11,3.2077e-11,4.8841e-11
5.0663e-11,2.0148e-11,2.2071e-11
5.5998e-11,4.1282e-11,5.5711e-11
4.5717e-11,1.5523e-11,1.9946e-11
6.6314e-11,5.3464e-11,6.4731e-11
9.2553e-11,5.7249e-11,3.7437e-11
6.3036e-11,4.9421e-11,5.6821e-11
2.1953e-11,1.8293e-11,2.7463e-11
1.946e-11,2.8149e-11,1.3714e-11
7.5468e-11,7.3533e-11,6.5414e-11
3.6917e-11,6.1896e-11,2.2216e-11
1.7591e-11,4.375e-11,4.0395e-11
5.9956e-11,6.1563e-11,2.9209e-11
6.5404e-11,5.1409e-11,1.5626e-11
4.1041e-11,4.4281e-11,3.559e-11
9.9392e-11,4.9127e-11,1.4363e-11
5.7511e-11,1.0538e-10,3.1504e-11
6.0754e-11,6.6176e-11,5.067e-11
1.1349e-10,7.0538e-11,1.2521e-11
1.0298e-10,3.9985e-11,1.1745e-11
2.7879e-11,3.1665e-11,2.413e-11
1.248e-10,3.0975e-11,1.5554e-11
1.8406e-11,2.2854e-11,2.2252e-11
6.2383e-11,6.4471e-11,4.3155e-11
1.7173e-11,1.6657e-11,1.426e-11
1.409e-10,3.5088e-11,3.7062e-11
8.0794e-11,1.366e-10,5.1453e-11
6.2778e-11,1.2359e-11,7.1087e-11
5.9544e-11,1.2127e-11,6.6498e-11
4.6844e-11,8.2384e-12,5.2554e-11
6.1158e-11,2.1833e-11,5.9497e-11
5.3414e-11,1.8601e-11,5.6259e-11
5.8211e-11,2.1845e-11,4.0349e-11
3.0789e-11,1.4713e-11,3.4874e-11
3.2695e-11,1.4524e-11,3.5805e-11
3.0851e-11,2.0979e-11,3.7648e-11
7.5134e-11,3.1262e-11,5.9498e-11
1.1951e-10,6.0203e-11,5.8444e-11
2.1806e-11,1.3459e-11,2.516e-11
2.3513e-11,1.5461e-11,2.3407e-11
5.0415e-11,4.8528e-11,5.3425e-11
3.0673e-11,2.0045e-11,2.8821e-11
2.4832e-11,1.4895e-11,2.4895e-11
6.6056e-11,5.5753e-11,6.3894e-11
2.2732e-11,2.423e-11,3.9179e-11
2.8479e-11,1.3697e-11,2.1929e-11
5.3779e-11,3.7234e-11,4.1987e-11
2.8803e-11,2.6421e-11,4.3778e-11
2.2013e-11,2.4588e-11,1.7078e-11
3.1843e-11,6.7704e-11,1.8878e-11
2.2061e-11,4.4865e-11,4.358e-11
5.1795e-11,4.7453e-11,4.784e-11
2.5073e-11,2.4746e-11,1.9526e-11
2.5058e-11,2.3186e-11,2.478e-11
6.9832e-11,6.0721e-11,2.5455e-11
2.6718e-11,2.6956e-11,2.5388e-11
1.6946e-11,1.3293e-11,2.0979e-11
6.5337e-11,2.2993e-11,2.2253e-11
1.7814e-11,1.6966e-11,2.0497e-11
1.0004e-10,4.1209e-11,1.7872e-11
9.4932e-11,4.5741e-11,1.2171e-11
9.516e-11,4.6111e-11,1.999e-11
5.597e-11,7.4912e-11,3.3441e-11
8.4961e-11,1.0882e-10,2.257e-11
1.3385e-11,2.4375e-11,3.164e-11
6.5755e-11,6.055e-11,6.4942e-11
1.0333e-10,2.4638e-11,2.4774e-11
6.2647e-11,7.5843e-11,3.1466e-11
3.3343e-11,3.3174e-11,2.8452e-11
5.7211e-11,1.6436e-11,5.4749e-11
4.5787e-11,3.5872e-12,4.8776e-11
6.6177e-11,2.23e-11,5.0118e-11
4.4681e-11,1.387e-11,5.5884e-11
4.785e-11,1.5269e-11,5.0063e-11
4.158e-11,2.0464e-11,3.8431e-11
6.2411e-11,3.0144e-11,6.0553e-11
2.9306e-11,7.6548e-12,2.9955e-11
4.5142e-11,2.7976e-11,4.4618e-11
6.2311e-11,2.357e-11,2.8329e-11
2.8615e-11,2.9909e-11,2.3334e-11
8.8116e-11,4.0776e-11,3.9101e-11
1.9735e-11,1.3558e-11,3.5837e-11
6.2705e-11,4.8816e-11,5.7987e-11
3.2762e-11,3.0845e-11,2.1762e-11
2.7392e-11,2.2184e-11,2.5298e-11
2.9461e-11,2.5194e-11,2.7412e-11
6.5275e-11,8.7273e-11,2.5851e-11
2.8528e-11,2.4951e-11,2.0966e-11
2.6816e-11,2.5001e-11,3.2781e-11
1.8898e-11,2.8048e-11,2.0506e-11
6.7936e-11,5.8632e-11,5.5162e-11
3.0953e-11,2.647e-11,3.3495e-11
2.367e-11,2.7536e-11,1.8801e-11
5.3296e-11,7.0886e-11,1.5192e-11
1.483e-11,1.2553e-11,1.9499e-11
6.5917e-11,2.198e-11,1.5416e-11
6.7892e-11,4.0156e-11,2.7779e-11
5.9812e-11,6.595e-11,4.9738e-11
2.1393e-11,1.6111e-11,2.759e-11
1.1311e-10,6.323e-11,2.0314e-11
9.1325e-11,5.0173e-11,3.7163e-11
4.1266e-11,2.8173e-11,2.4075e-11
3.0827e-11,2.5386e-11,1.83e-11
5.0388e-11,5.7214e-11,4.509e-11
7.2996e-11,1.474e-10,4.7061e-11
3.0535e-11,3.4535e-11,3.5266e-11
1.3423e-10,3.683e-11,1.9624e-11
4.3275e-11,5.5232e-11,6.1683e-11
3.3386e-11,8.5372e-11,7.1161e-11
8.6723e-11,1.347e-10,6.2276e-11
4.1754e-11,4.4456e-11,4.6877e-11
6.436e-11,7.2006e-12,7.4973e-11
5.0883e-11,5.5178e-12,5.4957e-11
4.6083e-11,1.7812e-11,4.8279e-11
4.1031e-11,1.8225e-11,4.6447e-11
4.2247e-11,2.1855e-11,4.3712e-11
3.5904e-11,1.6038e-11,3.8616e-11
5.8954e-11,2.0104e-11,2.8889e-11
2.6901e-11,5.8877e-12,2.4462e-11
5.5145e-11,3.541e-11,5.464e-11
6.9009e-11,2.0981e-11,3.9755e-11
8.2276e-11,2.581e-11,3.3267e-11
1.003e-10,5.816e-11,5.2277e-11
8.9935e-11,4.2391e-11,4.1792e-11
3.5914e-11,2.8144e-11,3.3123e-11
1.8738e-11,8.6361e-12,2.8329e-11
4.4743e-11,1.5672e-11,4.1128e-11
1.7699e-11,2.1196e-11,3.4582e-11
2.2193e-11,1.4929e-11,3.0237e-11
6.9299e-11,8.4411e-11,2.6028e-11
4.5228e-11,4.257e-11,4.1416e-11
3.9604e-11,7.5676e-11,3.4847e-11
2.6772e-11,3.9775e-11,7.3731e-11
2.9226e-11,6.8872e-11,1.8815e-11
1.9706e-11,2.9916e-11,2.9204e-11
5.2869e-11,6.3146e-11,1.6608e-11
6.2862e-11,2.1972e-11,1.6428e-11
5.2832e-11,5.2619e-11,3.9598e-11
1.7765e-11,1.2413e-11,1.8827e-11
6.9488e-11,7.3835e-11,5.2528e-11
9.9699e-11,5.5137e-11,2.0345e-11
2.2105e-11,2.8252e-11,1.8971e-11
8.1852e-11,4.7018e-11,3.6367e-11
1.0334e-10,5.4969e-11,2.0924e-11
1.2144e-10,6.2052e-11,2.1909e-11
7.6136e-11,1.0945e-10,3.2906e-11
9.1364e-11,4.5039e-11,1.686e-11
9.7133e-11,4.5706e-11,3.4384e-11
9.7954e-11,4.5105e-11,1.2863e-11
3.599e-11,4.0821e-11,3.0872e-11
4.094e-11,5.0799e-11,3.2922e-11
1.2332e-10,5.3674e-11,2.8846e-11
1.2869e-10,5.3793e-11,3.3635e-11
2.2168e-11,2.0258e-11,1.9949e-11
1.2993e-10,4.9354e-11,2.1755e-11
1.1889e-10,5.3127e-11,1.5396e-11
2.3259e-11,1.6714e-11,1.8236e-11
1.2823e-10,4.8796e-11,1.7647e-11
6.444e-11,9.6247e-12,6.3926e-11
5.5766e-11,1.4334e-11,6.8815e-11
6.6403e-11,2.2253e-11,7.1462e-11
6.1544e-11,2.0386e-11,5.9843e-11
4.8282e-11,1.5816e-11,5.6137e-11
4.0293e-11,6.3361e-12,4.5451e-11
4.4419e-11,1.382e-11,4.0864e-11
3.8521e-11,8.2855e-12,4.3477e-11
6.292e-11,2.9482e-11,6.229e-11
5.3384e-11,2.4905e-11,5.3632e-11
5.5326e-11,2.912e-11,5.1778e-11
5.3656e-11,3.3086e-11,5.1723e-11
3.4516e-11,1.2918e-11,4.8004e-11
5.6343e-11,3.5773e-11,5.4785e-11
2.8223e-11,1.6383e-11,3.5005e-11
2.5681e-11,1.3517e-11,2.9628e-11
2.4041e-11,1.4906e-11,2.7474e-11
3.0211e-11,2.1364e-11,2.5592e-11
2.3492e-11,2.3994e-11,2.206e-11
2.0552e-11,1.3245e-11,2.76e-11
2.6216e-11,2.1234e-11,2.3423e-11
4.277e-11,7.2379e-11,3.4104e-11
2.6796e-11,2.994e-11,3.6725e-11
3.6566e-11,2.2078e-11,3.3117e-11
4.0429e-11,7.9672e-11,2.5313e-11
2.7902e-11,2.3635e-11,2.7967e-11
2.6727e-11,3.4396e-11,1.6358e-11
4.2882e-11,3.2163e-11,2.0129e-11
3.9201e-11,4.31e-11,1.3214e-11
3.7606e-11,3.3526e-11,1.5921e-11
4.7972e-11,5.1127e-11,2.4306e-11
4.9431e-11,3.2075e-11,1.7717e-11
9.5878e-11,3.8609e-11,1.4485e-11
6.3873e-11,7.0992e-11,5.1185e-11
9.8396e-11,5.9189e-11,2.9576e-11
2.135e-11,1.8048e-11,1.7679e-11
1.0426e-10,6.3169e-11,1.851e-11
8.6218e-11,5.0286e-11,1.8193e-11
9.9854e-11,4.4395e-11,2.1001e-11
1.2143e-10,3.2469e-11,1.5122e-11
8.3996e-11,1.1778e-10,3.6181e-11
1.1827e-10,5.2082e-11,1.3275e-11
1.3918e-10,3.5798e-11,3.6567e-11
3.2921e-11,7.2328e-11,4.6117e-11
8.808e-11,1.4932e-10,2.2467e-11
4.6305e-11,1.9028e-11,4.812e-11
3.9923e-11,6.6093e-12,4.4631e-11
3.5346e-11,9.3696e-12,3.7181e-11
4.3991e-11,2.2205e-11,4.6683e-11
3.0383e-11,1.0687e-11,3.2735e-11
3.4525e-11,8.1086e-12,3.4156e-11
3.4484e-11,1.4482e-11,3.4115e-11
2.5634e-11,8.8692e-12,3.7197e-11
2.1651e-11,2.4799e-11,3.0866e-11
8.0689e-11,2.4113e-11,4.3866e-11
2.2755e-11,1.0817e-11,3.094e-11
2.929e-11,1.4945e-11,2.0458e-11
3.604e-11,2.7625e-11,3.4026e-11
2.679e-11,1.4732e-11,2.9469e-11
1.6356e-11,2.6707e-11,3.183e-11
3.4104e-11,2.6249e-11,3.1374e-11
4.0409e-11,3.6493e-11,2.0142e-11
4.7479e-11,4.5519e-11,4.2311e-11
4.1104e-11,9.3217e-11,2.5502e-11
2.9568e-11,4.1053e-11,1.1977e-11
2.7486e-11,2.9207e-11,2.0438e-11
3.7502e-11,4.0785e-11,1.4106e-11
6.0528e-11,5.2022e-11,2.442e-11
3.0129e-11,2.7538e-11,2.2181e-11
8.7219e-11,4.6526e-11,3.4526e-11
3.5829e-11,3.9509e-11,3.1893e-11
9.692e-11,2.3345e-11,1.7893e-11
1.0318e-10,2.3186e-11,1.6937e-11
1.0375e-10,3.1374e-11,2.2426e-11
9.6157e-11,4.837e-11,2.6966e-11
4.621e-11,4.3102e-11,3.1564e-11
1.0487e-10,1.3941e-10,3.5672e-11
5.7909e-11,6.2803e-12,6.2254e-11
5.8939e-11,1.4022e-11,6.6815e-11
5.8391e-11,1.9227e-11,5.5637e-11
4.3918e-11,1.1782e-11,4.4274e-11
4.1551e-11,2.1983e-11,4.0823e-11
5.8522e-11,1.3767e-11,4.0063e-11
3.7372e-11,1.9947e-11,4.5794e-11
5.9444e-11,1.8313e-11,3.1683e-11
4.9617e-11,1.5142e-11,2.7642e-11
5.9541e-11,1.7183e-11,4.1537e-11
6.0966e-11,2.49e-11,4.0085e-11
5.6793e-11,3.1965e-11,5.1981e-11
6.4225e-11,3.9846e-11,6.0857e-11
1.0215e-10,5.2618e-11,4.7466e-11
7.8338e-11,3.4131e-11,3.9686e-11
2.2373e-11,1.1098e-11,2.7521e-11
3.717e-11,2.3224e-11,3.6363e-11
6.5645e-11,4.2739e-11,3.8005e-11
2.2517e-11,1.8924e-11,2.4152e-11
1.0421e-10,8.5686e-11,3.2006e-11
2.141e-11,2.2158e-11,2.7211e-11
1.0522e-10,8.2177e-11,2.9781e-11
1.9789e-11,1.3975e-11,2.7003e-11
5.6462e-11,5.2514e-11,4.4683e-11
2.5934e-11,2.438e-11,2.2233e-11
2.9469e-11,2.9558e-11,2.9528e-11
2.6213e-11,4.2903e-11,1.7103e-11
2.7421e-11,2.4786e-11,2.9524e-11
6.5849e-11,7.3512e-11,1.7755e-11
2.3285e-11,1.968e-11,2.0116e-11
3.735e-11,2.2503e-11,1.797e-11
3.9886e-11,2.5513e-11,1.9701e-11
3.5441e-11,4.0194e-11,2.8986e-11
7.5014e-11,5.9619e-11,2.56e-11
7.2917e-11,5.82e-11,1.8849e-11
9.1168e-11,2.4907e-11,2.5025e-11
1.091e-10,5.8063e-11,3.262e-11
8.5054e-11,2.9974e-11,1.9301e-11
1.0129e-10,4.4217e-11,2.9061e-11
2.0473e-11,2.0594e-11,1.441e-11
1.0721e-10,4.6109e-11,9.1976e-12
2.5731e-11,1.8888e-11,2.6485e-11
1.0895e-10,4.3726e-11,1.4895e-11
1.7822e-11,3.0873e-11,1.9029e-11
4.6688e-11,5.2309e-11,4.0849e-11
3.1296e-11,3.3594e-11,3.6323e-11
4.2865e-11,3.4903e-11,3.2163e-11
9.4627e-11,4.4053e-11,1.9995e-11
9.867e-11,8.8462e-11,6.8016e-11
6.1779e-11,1.2261e-11,7.1711e-11
3.7095e-11,1.4456e-11,3.8933e-11
7.4119e-11,2.5201e-11,5.4017e-11
3.9079e-11,1.6528e-11,2.9553e-11
5.6667e-11,2.3902e-11,3.9427e-11
5.16e-11,2.7588e-11,4.828e-11
1.104e-10,3.6556e-11,6.0802e-11
3.032e-11,1.7389e-11,2.5011e-11
4.0094e-11,2.4726e-11,4.0693e-11
3.3991e-11,1.9203e-11,4.1504e-11
2.3773e-11,1.7361e-11,2.1517e-11
3.3057e-11,1.4599e-11,2.0628e-11
3.2567e-11,1.3164e-11,3.0825e-11
3.007e-11,1.5977e-11,2.5741e-11
4.3495e-11,2.1043e-11,2.4935e-11
2.541e-11,2.1304e-11,2.7982e-11
1.6036e-11,1.6887e-11,2.7018e-11
9.2155e-11,7.8074e-11,2.3916e-11
2.4594e-11,4.2919e-11,2.0216e-11
2.6537e-11,2.5734e-11,2.4931e-11
2.1477e-11,2.8491e-11,2.3559e-11
4.1685e-11,4.3957e-11,3.1622e-11
2.2934e-11,2.0646e-11,1.6007e-11
2.5917e-11,2.7865e-11,2.1787e-11
3.0235e-11,2.8914e-11,2.7836e-11
2.1124e-11,1.6785e-11,1.4344e-11
1.581e-11,1.8408e-11,3.0522e-11
7.2777e-11,7.0996e-11,1.7878e-11
7.4525e-11,2.6241e-11,1.4843e-11
8.3765e-11,6.5059e-11,1.2691e-11
6.6801e-11,5.9242e-11,1.5035e-11
9.0171e-11,8.3155e-11,2.4847e-11
9.1573e-11,2.9658e-11,9.876e-12
9.7222e-11,4.4537e-11,1.8886e-11
9.8098e-11,4.4457e-11,2.3711e-11
2.4693e-11,2.9199e-11,3.1307e-11
2.1879e-11,2.29e-11,1.8392e-11
8.7002e-11,1.1719e-10,3.1855e-11
9.5994e-11,3.3227e-11,1.0185e-11
1.044e-10,1.1227e-10,5.0501e-11
1.1697e-10,4.0588e-11,1.9652e-11
3.0981e-11,2.6948e-11,4.0984e-11
7.5106e-11,9.863e-11,6.3963e-11
8.9296e-11,1.4785e-10,3.7658e-11
5.113e-11,1.831e-11,5.0079e-11
6.5204e-11,2.4209e-11,6.8869e-11
4.7963e-11,1.8499e-11,5.3928e-11
4.416e-11,1.8045e-11,5.2079e-11
4.782e-11,2.182e-11,4.71e-11
2.4178e-11,9.7894e-12,3.1223e-11
5.6992e-11,3.1379e-11,4.9959e-11
3.5056e-11,1.456e-11,4.1109e-11
2.5748e-11,1.2871e-11,2.5653e-11
1.8664e-11,1.5165e-11,2.264e-11
8.8075e-11,4.281e-11,3.771e-11
2.0135e-11,2.0866e-11,2.0073e-11
3.0714e-11,1.5114e-11,2.8888e-11
2.8648e-11,1.505e-11,2.4762e-11
2.5093e-11,1.8569e-11,2.6577e-11
2.7665e-11,2.0957e-11,2.3223e-11
8.1328e-11,6.5676e-11,2.8443e-11
4.3555e-11,3.725e-11,3.5468e-11
2.2797e-11,4.2631e-11,1.8061e-11
7.1526e-11,7.8206e-11,5.9471e-11
7.7978e-11,8.7974e-11,6.226e-11
2.1915e-11,2.0531e-11,1.4584e-11
1.8425e-11,1.6483e-11,2.1756e-11
8.2717e-11,7.1615e-11,1.6282e-11
7.6995e-11,6.6304e-11,1.113e-11
7.1895e-11,5.9964e-11,1.2415e-11
9.8662e-11,3.2843e-11,1.6746e-11
1.1919e-10,5.3162e-11,1.3023e-11
1.1993e-10,4.779e-11,2.1233e-11
2.5502e-11,2.8941e-11,2.2679e-11
1.0863e-10,3.2304e-11,4.1374e-11
9.9389e-11,4.6156e-11,2.0588e-11
9.7519e-11,4.253e-11,1.5282e-11
1.3005e-10,6.1329e-11,2.2363e-11
6.3424e-11,9.7427e-12,7.119e-11
6.3386e-11,8.7646e-12,7.246e-11
5.591e-11,7.0885e-12,6.3514e-11
6.0988e-11,1.4163e-11,6.7276e-11
7.6075e-11,2.5105e-11,5.5849e-11
2.631e-11,9.9496e-12,3.3031e-11
2.9247e-11,1.8172e-11,2.7005e-11
5.0049e-11,2.099e-11,4.3336e-11
3.008e-11,8.8585e-12,3.4355e-11
7.3036e-11,4.884e-11,6.5435e-11
4.1106e-11,2.5258e-11,4.0111e-11
8.5492e-11,3.9401e-11,4.2657e-11
2.4315e-11,1.1504e-11,2.3064e-11
2.7194e-11,1.4501e-11,2.2466e-11
2.0015e-11,1.434e-11,2.0698e-11
4.5585e-11,3.0573e-11,3.6681e-11
2.6843e-11,1.9292e-11,2.4286e-11
2.4597e-11,1.6337e-11,2.5109e-11
2.8967e-11,1.9635e-11,2.8994e-11
1.8494e-11,2.819e-11,2.338e-11
2.7668e-11,2.1336e-11,2.3237e-11
1.6763e-11,1.6718e-11,2.2405e-11
3.39e-11,2.7983e-11,2.9423e-11
3.0667e-11,4.1406e-11,3.0257e-11
3.4397e-11,6.5467e-11,3.3773e-11
2.9761e-11,2.5601e-11,2.2739e-11
5.47e-11,7.8861e-11,2.0276e-11
7.4172e-11,6.7995e-11,1.2673e-11
6.541e-11,6.9547e-11,1.7761e-11
6.8882e-11,6.6811e-11,1.132e-11
2.6776e-11,2.5403e-11,2.1184e-11
2.5231e-11,1.6421e-11,1.8873e-11
8.1935e-11,8.293e-11,2.1033e-11
7.6774e-11,6.5929e-11,1.8269e-11
8.3682e-11,3.896e-11,2.7415e-11
2.0871e-11,2.1661e-11,1.8402e-11
1.0764e-10,8.0346e-11,2.6815e-11
2.3214e-11,3.0652e-11,2.0622e-11
9.6259e-11,3.073e-11,1.1212e-11
1.9838e-11,2.0515e-11,2.4527e-11
3.8529e-11,4.0988e-11,3.0898e-11
1.1622e-10,5.221e-11,2.0943e-11
8.7075e-11,6.9184e-11,2.9272e-11
9.2441e-11,5.3432e-11,1.0257e-11
1.0517e-10,2.7798e-11,1.8766e-11
1.0425e-10,9.8381e-11,2.3667e-11
6.8965e-11,1.4896e-10,5.5108e-11
5.2534e-11,1.7376e-11,5.7007e-11
5.3961e-11,9.5845e-12,6.1785e-11
5.8146e-11,1.8534e-11,6.2592e-11
4.8407e-11,7.6496e-12,5.5043e-11
6.2913e-11,2.2197e-11,5.1645e-11
4.5974e-11,1.5651e-11,3.3523e-11
4.0792e-11,1.8519e-11,4.7641e-11
2.9951e-11,7.5527e-12,3.3188e-11
7.3486e-11,3.5892e-11,4.6101e-11
3.8348e-11,1.4437e-11,2.7838e-11
3.7929e-11,1.4779e-11,3.0037e-11
1.3887e-10,7.9932e-11,3.8839e-11
2.9954e-11,1.379e-11,2.3314e-11
1.3136e-10,7.5322e-11,4.9598e-11
1.3047e-10,8.5234e-11,2.8685e-11
3.6553e-11,3.6045e-11,3.8203e-11
5.0085e-11,4.7465e-11,4.3167e-11
3.785e-11,3.2659e-11,2.961e-11
2.3679e-11,2.4613e-11,2.451e-11
3.2714e-11,6.8346e-11,1.4626e-11
2.6328e-11,2.1899e-11,2.075e-11
5.3882e-11,7.5257e-11,2.0126e-11
4.2261e-11,7.3857e-11,2.7591e-11
5.4044e-11,6.4984e-11,4.1955e-11
7.24e-11,8.6379e-11,6.1698e-11
3.4739e-11,3.1859e-11,2.3231e-11
2.8355e-11,3.0532e-11,2.1163e-11
1.9656e-11,2.1243e-11,1.6953e-11
5.8778e-11,4.74e-11,1.7507e-11
5.2576e-11,6.1118e-11,4.3497e-11
2.6173e-11,2.0484e-11,3.8197e-11
8.7868e-11,6.9986e-11,1.2062e-11
8.1537e-11,5.8763e-11,2.455e-11
1.7165e-11,2.2603e-11,2.4672e-11
2.128e-11,2.3354e-11,3.7367e-11
8.1595e-11,5.5822e-11,1.3197e-11
8.2171e-11,5.5546e-11,1.3798e-11
5.9869e-11,6.1833e-11,4.6097e-11
8.6911e-11,7.9633e-11,3.04e-11
9.105e-11,3.8121e-11,2.5422e-11
9.7717e-11,2.7033e-11,2.2312e-11
9.4505e-11,1.4596e-10,4.7402e-11
5.8286e-11,5.8822e-12,6.2053e-11
6.4997e-11,1.5536e-11,6.6668e-11
5.8166e-11,1.9397e-11,5.9857e-11
4.9081e-11,3.2173e-11,5.1222e-11
6.601e-11,2.1973e-11,5.3865e-11
3.9952e-11,1.7315e-11,4.5372e-11
4.9566e-11,1.6443e-11,3.8136e-11
3.1588e-11,1.4912e-11,3.2765e-11
3.1651e-11,8.365e-12,4.0023e-11
3.0226e-11,1.8467e-11,2.8442e-11
7.0704e-11,4.7247e-11,6.435e-11
3.3287e-11,1.6887e-11,2.6302e-11
6.314e-11,5.3431e-11,6.3809e-11
2.9312e-11,1.7896e-11,3.0833e-11
2.5607e-11,2.2024e-11,2.9167e-11
1.3329e-10,8.2463e-11,3.2866e-11
6.7779e-11,5.6811e-11,6.0537e-11
4.6629e-11,4.1874e-11,4.1976e-11
4.2742e-11,2.0179e-11,2.8358e-11
7.3347e-11,8.2746e-11,4.3512e-11
4.1425e-11,3.3839e-11,3.216e-11
6.8498e-11,7.2094e-11,5.8266e-11
5.0633e-11,4.8878e-11,4.417e-11
3.3424e-11,5.3285e-11,3.2682e-11
1.6821e-11,1.5948e-11,3.4642e-11
4.9502e-11,4.414e-11,1.2587e-11
3.9537e-11,4.4042e-11,3.1287e-11
6.8635e-11,6.5559e-11,9.6705e-12
2.1054e-11,2.1659e-11,2.5934e-11
2.7407e-11,2.6007e-11,2.1304e-11
2.12e-11,3.0317e-11,1.7916e-11
8.8823e-11,5.314e-11,1.4081e-11
8.6208e-11,4.0979e-11,1.3928e-11
3.5434e-11,2.3576e-11,2.5192e-11
9.8697e-11,2.8002e-11,3.5285e-11
9.6695e-11,3.7158e-11,3.3506e-11
6.3628e-11,1.3827e-11,6.5062e-11
6.2967e-11,1.4169e-11,6.6982e-11
4.39e-11,5.4345e-12,4.5172e-11
6.3798e-11,2.3198e-11,6.4841e-11
7.3446e-11,3.41e-11,6.9412e-11
6.6512e-11,2.0684e-11,5.5332e-11
3.5978e-11,1.134e-11,3.3449e-11
3.8545e-11,1.9399e-11,4.4095e-11
3.6338e-11,3.0718e-11,3.0624e-11
3.0118e-11,1.6042e-11,3.0918e-11
4.0433e-11,1.4118e-11,3.5729e-11
3.0414e-11,1.3611e-11,3.3512e-11
3.4361e-11,1.0851e-11,2.4457e-11
2.2331e-11,9.7876e-12,2.3476e-11
3.3624e-11,2.4883e-11,3.1142e-11
3.5184e-11,1.2582e-11,2.9214e-11
1.6077e-10,8.0017e-11,5.6466e-11
4.0348e-11,2.7247e-11,3.4105e-11
7.0693e-11,6.175e-11,6.6507e-11
2.4657e-11,1.1616e-11,3.1344e-11
1.1249e-10,6.8332e-11,3.3711e-11
7.7753e-11,7.199e-11,7.1025e-11
2.062e-11,1.8047e-11,1.8641e-11
6.1441e-11,7.3208e-11,4.9466e-11
2.1366e-11,2.2007e-11,2.1171e-11
8.8341e-11,6.082e-11,1.3814e-11
5.2555e-11,5.55e-11,4.2283e-11
2.1759e-11,2.2444e-11,1.9184e-11
1.3885e-11,1.6458e-11,3.0715e-11
2.6281e-11,2.2211e-11,2.0201e-11
9.8069e-11,2.3156e-11,3.1763e-11
4.2404e-11,1.1367e-10,5.9477e-11
9.853e-11,3.2526e-11,1.5795e-11
2.2369e-11,2.7721e-11,2.6101e-11
9.0948e-11,8.0296e-11,2.2855e-11
5.0877e-11,6.9776e-12,5.3367e-11
5.0461e-11,1.0378e-11,5.4227e-11
4.2741e-11,1.2552e-11,4.5027e-11
3.9554e-11,1.3738e-11,4.4133e-11
3.8455e-11,9.989e-12,4.0331e-11
6.3022e-11,2.7856e-11,5.7657e-11
3.3664e-11,1.8621e-11,3.6121e-11
4.9151e-11,1.8689e-11,4.3716e-11
5.4658e-11,2.3515e-11,4.104e-11
6.1865e-11,2.1458e-11,5.3392e-11
4.0408e-11,1.5019e-11,2.7696e-11
5.698e-11,2.1817e-11,4.7808e-11
1.4259e-10,6.4606e-11,4.2029e-11
2.2646e-11,1.4707e-11,3.3348e-11
1.3894e-10,6.2072e-11,4.0367e-11
4.7974e-11,2.8536e-11,3.6213e-11
1.4696e-10,7.6625e-11,4.9765e-11
3.0965e-11,1.7886e-11,3.8069e-11
1.2947e-10,7.9937e-11,4.3605e-11
2.2303e-11,1.6039e-11,2.6133e-11
1.1581e-10,8.1097e-11,3.6553e-11
2.2572e-11,1.7877e-11,1.8996e-11
2.4934e-11,1.8168e-11,2.7674e-11
1.5644e-11,1.4371e-11,1.872e-11
4.9085e-11,4.0836e-11,2.2893e-11
2.4976e-11,1.7148e-11,2.4273e-11
2.757e-11,2.1271e-11,2.7078e-11
4.1276e-11,4.2557e-11,3.4004e-11
2.6508e-11,2.7598e-11,1.9078e-11
2.5113e-11,2.0672e-11,2.0717e-11
6.3099e-11,6.6513e-11,1.4864e-11
5.8083e-11,6.2037e-11,1.6068e-11
3.8952e-11,4.268e-11,2.9674e-11
6.6409e-11,6.6049e-11,2.1511e-11
1.8794e-11,1.8081e-11,4.1302e-11
2.8827e-11,2.6764e-11,2.346e-11
1.0107e-10,2.9855e-11,1.7004e-11
9.2708e-11,3.379e-11,1.8729e-11
6.4893e-11,1.0569e-11,6.9181e-11
5.2419e-11,1.5588e-11,5.5476e-11
5.1413e-11,1.5444e-11,5.5839e-11
7.5363e-11,3.9072e-11,7.5667e-11
3.6534e-11,1.209e-11,3.6906e-11
3.0622e-11,2.1428e-11,3.4858e-11
3.5411e-11,9.9488e-12,3.8009e-11
4.2663e-11,1.5047e-11,2.6736e-11
2.2957e-11,1.2914e-11,2.5461e-11
2.4413e-11,1.664e-11,3.1077e-11
6.3801e-11,5.0064e-11,6.3469e-11
1.3298e-10,5.8052e-11,4.8949e-11
1.5325e-10,8.5493e-11,4.1863e-11
2.7912e-11,1.8153e-11,3.2249e-11
1.3282e-10,7.0268e-11,4.4257e-11
3.2932e-11,2.7781e-11,2.9004e-11
2.8248e-11,1.7021e-11,2.4084e-11
1.9767e-11,2.8894e-11,1.6504e-11
1.1061e-10,6.8618e-11,3.7469e-11
2.3694e-11,1.6509e-11,1.942e-11
3.5128e-11,3.7853e-11,4.1783e-11
8.1527e-11,7.7028e-11,7.3128e-11
5.128e-11,7.873e-11,3.4895e-11
4.7238e-11,7.4233e-11,2.7623e-11
3.1747e-11,4.4444e-11,2.1645e-11
3.7594e-11,3.751e-11,2.8172e-11
7.8354e-11,8.9507e-11,6.473e-11
2.2984e-11,2.0034e-11,2.3576e-11
4.9259e-11,7.3877e-11,1.8609e-11
3.8011e-11,7.489e-11,2.8572e-11
1.9714e-11,1.6062e-11,2.4295e-11
6.7905e-11,8.1508e-11,5.4648e-11
3.9428e-11,4.5141e-11,3.1763e-11
5.6314e-11,7.1171e-11,2.2297e-11
1.8618e-11,1.6415e-11,3.242e-11
6.1647e-11,6.9579e-11,2.2931e-11
1.6857e-11,1.6629e-11,1.6446e-11
1.0853e-10,4.8293e-11,1.3638e-11
2.1755e-11,2.2474e-11,2.4198e-11
1.742e-11,2.0765e-11,1.3757e-11
3.0155e-11,2.8486e-11,2.465e-11
9.0037e-11,4.3702e-11,2.2245e-11
5.3351e-11,7.8661e-12,5.3982e-11
4.9958e-11,1.9436e-11,5.3062e-11
4.4338e-11,1.5261e-11,4.458e-11
4.9357e-11,1.8695e-11,4.398e-11
5.433e-11,1.9029e-11,4.7388e-11
6.3439e-11,2.2942e-11,5.392e-11
6.1101e-11,2.1835e-11,5.0226e-11
1.9721e-11,8.0944e-12,2.0535e-11
1.568e-10,8.5391e-11,5.0057e-11
2.3775e-11,1.6542e-11,2.4843e-11
1.7612e-11,9.2618e-12,2.4606e-11
9.3024e-11,7.0081e-11,3.5484e-11
5.3903e-11,2.2313e-11,2.5185e-11
6.9367e-11,5.7639e-11,6.1588e-11
2.1843e-11,1.7129e-11,2.4777e-11
3.1024e-11,3.1371e-11,3.4859e-11
7.573e-11,5.534e-11,3.4097e-11
4.1541e-11,2.0567e-11,2.2562e-11
3.2788e-11,6.4769e-11,1.3573e-11
2.1391e-11,2.4079e-11,2.3144e-11
5.4866e-11,5.1761e-11,2.559e-11
6.8611e-11,4.5055e-11,2.5836e-11
7.4502e-11,4.4968e-11,2.8953e-11
1.4036e-11,1.3148e-11,2.479e-11
6.3015e-11,6.4437e-11,1.5554e-11
4.9833e-11,5.0181e-11,3.7963e-11
6.1979e-11,7.3348e-11,5.1899e-11
6.5153e-11,5.0787e-11,1.7882e-11
2.8055e-11,2.0731e-11,2.7177e-11
1.0487e-10,5.1639e-11,1.4374e-11
4.6967e-11,4.8818e-11,3.8173e-11
1.8301e-11,1.788e-11,2.1142e-11
1.9562e-11,3.7065e-11,2.6636e-11
8.3379e-11,5.1546e-11,1.1046e-11
1.3202e-11,1.0377e-11,2.068e-11
9.7152e-11,2.3053e-11,1.9547e-11
9.0069e-11,5.9561e-11,1.9632e-11
4.9677e-11,4.1721e-11,4.8324e-11
6.6288e-11,1.7179e-11,7.8949e-11
6.9928e-11,2.789e-11,6.9336e-11
4.4458e-11,1.8235e-11,5.1456e-11
6.2481e-11,2.2983e-11,5.0817e-11
5.8879e-11,3.0106e-11,5.063e-11
3.0666e-11,1.4732e-11,2.8606e-11
2.3031e-11,1.3094e-11,3.3058e-11
1.3344e-10,5.9822e-11,4.3292e-11
6.7896e-11,5.4643e-11,6.5423e-11
2.6414e-11,9.3781e-12,2.2428e-11
2.8343e-11,2.5835e-11,3.2125e-11
2.4332e-11,2.8009e-11,2.5164e-11
8.0324e-11,5.7599e-11,3.6256e-11
4.7167e-11,2.0362e-11,2.3232e-11
9.6957e-11,7.7999e-11,2.8707e-11
7.4054e-11,6.0219e-11,3.7054e-11
7.0822e-11,6.1985e-11,3.6837e-11
7.4305e-11,7.8639e-11,6.5988e-11
2.4914e-11,2.4359e-11,2.1118e-11
2.172e-11,2.2347e-11,1.8883e-11
7.3272e-11,8.4914e-11,5.8604e-11
4.8876e-11,7.2561e-11,1.8612e-11
5.5603e-11,5.1797e-11,1.1168e-11
6.61e-11,5.2891e-11,3.1354e-11
5.9666e-11,6.1877e-11,1.5397e-11
2.1631e-11,2.098e-11,2.0655e-11
5.9136e-11,7.1096e-11,2.4362e-11
1.3283e-11,1.3813e-11,2.5188e-11
6.6742e-11,6.2093e-11,1.4239e-11
6.6464e-11,5.1695e-11,2.492e-11
8.9554e-11,4.4433e-11,2.5861e-11
2.2646e-11,2.4979e-11,3.036e-11
1.7218e-11,1.9079e-11,2.0318e-11
9.4374e-11,2.3231e-11,3.398e-11
1.9026e-11,2.1479e-11,1.7185e-11
8.5334e-11,6.3492e-11,2.5791e-11
8.3729e-11,3.9825e-11,1.017e-11
5.506e-11,8.6304e-12,5.8443e-11
6.0359e-11,2.2647e-11,5.0544e-11
6.6892e-11,3.4481e-11,5.5073e-11
3.2115e-11,1.4581e-11,3.3266e-11
2.4934e-11,5.6991e-12,2.6328e-11
1.2466e-10,5.006e-11,5.0554e-11
2.6313e-11,1.9496e-11,2.8058e-11
2.1283e-11,1.5141e-11,2.3578e-11
1.9028e-11,1.0449e-11,2.1766e-11
2.633e-11,1.4526e-11,2.643e-11
4.108e-11,3.6944e-11,2.9403e-11
1.8687e-11,1.6993e-11,3.3459e-11
2.5869e-11,2.2215e-11,2.3026e-11
6.9308e-11,5.1953e-11,3.1846e-11
2.2091e-11,1.6539e-11,3.0394e-11
2.4994e-11,2.0654e-11,2.4384e-11
2.4421e-11,1.8943e-11,2.5026e-11
7.358e-11,6.7776e-11,6.5828e-11
3.9709e-11,3.445e-11,2.7096e-11
3.917e-11,7.2276e-11,1.7736e-11
1.6748e-11,1.3911e-11,2.0639e-11
4.1235e-11,4.7937e-11,3.3832e-11
6.2945e-11,6.1e-11,1.4015e-11
2.4914e-11,2.5667e-11,2.2244e-11
6.2835e-11,5.1505e-11,1.7702e-11
2.9208e-11,2.7702e-11,2.4401e-11
6.4114e-11,4.7264e-11,1.2745e-11
7.6175e-11,2.1992e-11,1.5522e-11
4.3471e-11,7.8637e-11,4.6286e-11
7.6784e-11,1.2803e-10,5.0373e-11
8.0977e-11,4.0854e-11,1.4745e-11
1.0377e-10,2.3619e-11,1.9549e-11
2.419e-11,2.1937e-11,2.2443e-11
6.5763e-11,6.5452e-12,6.4258e-11
6.2047e-11,1.2865e-11,6.9418e-11
7.0599e-11,2.0555e-11,7.4537e-11
5.972e-11,2.2367e-11,5.3781e-11
3.4166e-11,1.5522e-11,3.0996e-11
3.0415e-11,1.4624e-11,3.9787e-11
2.9513e-11,8.071e-12,2.605e-11
6.3419e-11,3.5882e-11,5.5771e-11
2.647e-11,1.4881e-11,3.3523e-11
2.5888e-11,1.1e-11,2.5021e-11
2.2542e-11,1.7035e-11,3.0529e-11
2.3578e-11,1.2635e-11,2.3873e-11
1.9232e-11,1.129e-11,2.822e-11
1.2975e-10,8.4305e-11,4.8813e-11
2.6235e-11,1.7734e-11,2.0418e-11
5.1276e-11,3.8043e-11,3.0179e-11
2.3564e-11,2.5354e-11,2.8699e-11
2.4238e-11,1.5745e-11,2.2483e-11
2.6177e-11,3.2054e-11,2.717e-11
1.8762e-11,2.1542e-11,1.8081e-11
4.1965e-11,4.7383e-11,1.816e-11
2.4952e-11,6.3768e-11,2.534e-11
2.0587e-11,1.9873e-11,1.8e-11
4.2109e-11,4.3206e-11,2.9305e-11
1.9367e-11,2.0312e-11,1.5961e-11
3.7629e-11,6.3281e-11,1.7048e-11
4.4246e-11,6.93e-11,1.6199e-11
4.8811e-11,7.512e-11,1.6677e-11
5.2436e-11,7.5221e-11,1.826e-11
6.5589e-11,6.2515e-11,1.6688e-11
6.1291e-11,6.8247e-11,4.9693e-11
5.9115e-11,5.9391e-11,2.2616e-11
2.2931e-11,2.2667e-11,2.6055e-11
6.7384e-11,2.681e-11,1.5881e-11
6.9815e-11,3.0539e-11,3.1322e-11
1.4292e-11,1.5204e-11,1.213e-11
7.0288e-11,4.3576e-11,1.3433e-11
7.2003e-11,4.3975e-11,1.5443e-11
8.6919e-11,3.632e-11,1.8714e-11
7.3185e-11,3.7175e-11,1.8804e-11
2.7985e-11,2.0861e-11,3.1724e-11
1.081e-10,3.7814e-11,3.4275e-11
7.9547e-11,9.5702e-11,3.2538e-11
6.5959e-11,9.2711e-12,7.135e-11
6.0835e-11,2.5156e-11,5.1471e-11
3.7922e-11,6.533e-12,4.0163e-11
3.7917e-11,1.4058e-11,3.8787e-11
3.9476e-11,2.0501e-11,3.4899e-11
4.5204e-11,2.887e-11,4.2165e-11
6.2244e-11,4.6152e-11,5.575e-11
1.9669e-11,1.3952e-11,2.3297e-11
1.1897e-10,6.6194e-11,4.0916e-11
1.9667e-11,1.4426e-11,1.8751e-11
6.9593e-11,5.6252e-11,6.2555e-11
5.9978e-11,3.1899e-11,2.9484e-11
4.0578e-11,4.2937e-11,3.5067e-11
4.2726e-11,3.7556e-11,3.6943e-11
4.5315e-11,6.3412e-11,2.3793e-11
5.6758e-11,5.089e-11,4.357e-11
2.4072e-11,2.9383e-11,2.2317e-11
5.2748e-11,5.6454e-11,4.1569e-11
3.9852e-11,4.8318e-11,1.9298e-11
5.5482e-11,6.8943e-11,4.909e-11
2.0874e-11,1.91e-11,1.5565e-11
3.7089e-11,3.5246e-11,2.7552e-11
6.3726e-11,6.3397e-11,1.8886e-11
5.7452e-11,5.3093e-11,1.332e-11
6.4012e-11,6.1765e-11,1.7937e-11
2.1883e-11,1.6971e-11,1.9942e-11
6.9666e-11,3.2556e-11,2.9017e-11
5.7992e-11,6.4995e-11,1.7435e-11
7.8967e-11,4.343e-11,1.7871e-11
8.6432e-11,3.4576e-11,1.8495e-11
5.9311e-11,7.8931e-12,6.4462e-11
6.0807e-11,1.1852e-11,6.1149e-11
3.6318e-11,1.4648e-11,3.524e-11
7.1619e-11,4.5091e-11,6.3017e-11
3.5347e-11,2.0277e-11,3.1386e-11
1.5072e-10,7.7284e-11,5.6982e-11
2.6245e-11,1.7947e-11,2.7309e-11
9.4492e-11,6.0251e-11,2.6868e-11
1.1206e-10,8.2616e-11,4.5043e-11
2.7127e-11,1.7456e-11,1.6968e-11
2.5536e-11,2.0967e-11,2.3845e-11
2.2707e-11,3.0978e-11,2.9822e-11
4.7477e-11,3.1344e-11,2.7769e-11
2.2807e-11,1.3576e-11,2.3644e-11
8.7633e-11,6.2588e-11,3.8193e-11
2.1849e-11,1.634e-11,2.2624e-11
4.53e-11,4.2183e-11,2.5377e-11
2.6023e-11,1.5579e-11,4.8945e-11
2.6581e-11,1.9435e-11,2.2125e-11
2.0936e-11,1.6759e-11,4.1338e-11
1.9271e-11,2.179e-11,2.6861e-11
4.4273e-11,4.2117e-11,3.6168e-11
1.7512e-11,1.4562e-11,2.6856e-11
1.5616e-11,1.2787e-11,1.7991e-11
4.2702e-11,4.509e-11,3.0989e-11
4.3409e-11,7.0773e-11,2.6222e-11
7.428e-11,6.1613e-11,2.2319e-11
5.3716e-11,5.6395e-11,2.0572e-11
2.2001e-11,4.4932e-11,3.028e-11
6.5265e-11,7.0588e-11,5.3548e-11
6.4155e-11,4.1148e-11,2.2308e-11
5.5916e-11,5.1846e-11,8.7564e-12
3.1255e-11,3.0028e-11,2.2906e-11
1.8039e-11,1.745e-11,1.933e-11
6.0251e-11,4.8129e-11,9.3269e-12
7.6025e-11,2.9749e-11,2.2229e-11
3.7889e-11,7.8557e-11,3.4128e-11
7.9337e-11,3.1798e-11,2.229e-11
7.4165e-11,3.1531e-11,2.662e-11
8.5355e-11,4.6939e-11,2.8156e-11
4.3068e-11,1.0901e-11,4.1691e-11
5.0444e-11,1.8829e-11,5.0497e-11
5.7168e-11,2.1492e-11,5.2083e-11
6.286e-11,2.3558e-11,5.1582e-11
4.0609e-11,1.7348e-11,3.9216e-11
7.381e-11,4.427e-11,6.2641e-11
2.8841e-11,1.3643e-11,2.7912e-11
9.8721e-11,3.4795e-11,5.2567e-11
6.0216e-11,4.8443e-11,5.3209e-11
6.1872e-11,5.0208e-11,5.3741e-11
2.7012e-11,1.359e-11,1.6912e-11
5.3702e-11,2.1857e-11,3.137e-11
7.6333e-11,6.6721e-11,6.8095e-11
3.5732e-11,3.3917e-11,3.117e-11
4.88e-11,5.297e-11,2.397e-11
3.4819e-11,7.2347e-11,3.5809e-11
4.2297e-11,7.155e-11,3.569e-11
6.0368e-11,7.5865e-11,5.3034e-11
1.7816e-11,1.657e-11,1.5663e-11
2.7469e-11,3.0021e-11,2.1012e-11
5.3263e-11,6.5351e-11,2.203e-11
7.9232e-11,5.522e-11,2.3698e-11
1.865e-11,4.9652e-11,2.4993e-11
5.3921e-11,5.133e-11,9.2362e-12
6.3049e-11,5.2189e-11,1.3684e-11
2.5389e-11,2.5426e-11,1.951e-11
1.8697e-11,1.9738e-11,1.2053e-11
7.7485e-11,2.9574e-11,2.1092e-11
2.8011e-11,2.2467e-11,4.2263e-11
5.9779e-11,1.2455e-11,6.5839e-11
5.2155e-11,9.412e-12,5.4908e-11
4.9052e-11,9.0049e-12,4.689e-11
7.0543e-11,2.474e-11,7.2007e-11
3.8035e-11,9.1952e-12,3.8901e-11
5.6651e-11,1.9317e-11,4.8996e-11
6.2813e-11,2.8419e-11,5.8042e-11
3.2781e-11,1.6876e-11,3.5322e-11
3.1391e-11,1.418e-11,3.257e-11
4.1867e-11,1.8521e-11,3.9654e-11
6.7085e-11,3.1473e-11,5.9238e-11
3.9025e-11,1.4818e-11,3.7264e-11
7.2533e-11,4.6232e-11,6.6808e-11
1.3316e-10,4.7125e-11,5.6751e-11
2.0469e-11,7.3067e-12,2.3916e-11
6.2263e-11,4.1978e-11,5.5694e-11
9.4521e-11,3.4662e-11,4.61e-11
4.4189e-11,2.7443e-11,4.0008e-11
8.7998e-11,4.5542e-11,3.701e-11
2.2043e-11,1.0663e-11,2.0365e-11
1.0306e-10,6.2299e-11,3.7608e-11
3.1644e-11,1.4781e-11,2.4274e-11
2.0229e-11,2.1115e-11,1.7766e-11
1.5105e-11,9.3319e-12,2.1809e-11
1.9987e-11,1.922e-11,3.8141e-11
2.565e-11,3.2008e-11,2.6631e-11
2.2212e-11,1.682e-11,2.1925e-11
6.9272e-11,7.1099e-11,2.555e-11
3.3153e-11,6.6702e-11,2.42e-11
5.5401e-11,5.1334e-11,4.3639e-11
3.1469e-11,5.0105e-11,2.2733e-11
3.7857e-11,7.0102e-11,2.2483e-11
3.6549e-11,7.0006e-11,2.7411e-11
6.049e-11,7.3653e-11,5.0889e-11
2.6358e-11,5.1313e-11,2.2209e-11
4.8287e-11,7.1922e-11,1.4251e-11
6.111e-11,6.5555e-11,4.7611e-11
1.8118e-11,1.5873e-11,1.903e-11
6.4532e-11,6.0867e-11,2.0941e-11
2.2711e-11,4.0208e-11,2.5494e-11
6.2884e-11,4.8805e-11,1.4454e-11
2.2601e-11,1.6512e-11,2.6799e-11
8.136e-11,3.8869e-11,1.3493e-11
3.4155e-11,9.0752e-11,3.1231e-11
4.1744e-11,7.1785e-11,6.1732e-11
8.677e-11,3.9295e-11,2.3032e-11
8.4118e-11,4.1385e-11,2.0717e-11
6.4497e-11,8.3128e-12,6.6742e-11
5.8289e-11,1.1812e-11,5.8389e-11
5.9555e-11,1.1158e-11,6.2974e-11
5.6397e-11,1.1297e-11,5.6789e-11
5.4658e-11,9.2831e-12,5.6543e-11
6.1562e-11,2.2647e-11,5.6113e-11
4.9494e-11,1.3203e-11,5.4597e-11
5.3109e-11,2.3909e-11,4.7602e-11
4.6251e-11,2.5011e-11,4.7695e-11
4.3958e-11,1.1031e-11,4.7404e-11
4.1434e-11,1.4867e-11,3.9102e-11
3.0961e-11,2.0186e-11,3.8845e-11
1.2572e-10,4.3167e-11,6.009e-11
8.2891e-11,3.4905e-11,3.9464e-11
6.9932e-11,4.3448e-11,3.0095e-11
1.7995e-11,2.956e-11,2.5239e-11
9.5011e-11,6.295e-11,3.6103e-11
3.008e-11,2.0313e-11,2.7879e-11
1.6354e-11,2.2522e-11,2.3956e-11
9.3032e-11,6.0488e-11,2.9407e-11
9.4688e-11,7.0275e-11,3.9699e-11
1.8823e-11,1.8032e-11,3.7956e-11
7.3713e-11,6.4923e-11,6.6677e-11
1.8185e-11,2.4509e-11,1.5854e-11
6.0124e-11,4.8818e-11,5.0345e-11
2.9451e-11,2.6335e-11,2.5678e-11
1.6195e-11,1.1626e-11,3.4979e-11
1.8887e-11,1.0407e-11,3.7811e-11
2.4749e-11,5.0284e-11,2.04e-11
4.542e-11,6.8951e-11,2.9015e-11
1.9099e-11,1.7659e-11,2.2653e-11
3.0511e-11,3.3179e-11,2.3523e-11
5.2196e-11,5.8666e-11,4.3531e-11
3.8629e-11,3.7222e-11,3.1888e-11
3.468e-11,3.0219e-11,2.7753e-11
5.4972e-11,6.8094e-11,2.6723e-11
4.3044e-11,4.1532e-11,3.3323e-11
1.7126e-11,1.7448e-11,1.5371e-11
2.5442e-11,1.9536e-11,2.7655e-11
5.0518e-11,4.8308e-11,1.6413e-11
6.8649e-11,3.6334e-11,3.271e-11
6.1345e-11,6.1822e-11,4.8557e-11
3.4377e-11,3.2952e-11,2.4995e-11
7.4944e-11,2.8405e-11,1.4194e-11
1.9089e-11,1.5678e-11,1.4695e-11
7.8497e-11,2.4712e-11,3.0132e-11
1.6065e-11,1.5791e-11,2.8276e-11
7.3962e-11,8.6379e-11,5.6101e-11
3.8416e-11,4.3047e-11,4.1368e-11
7.6134e-11,2.6149e-11,7.8245e-11
7.5511e-11,2.7603e-11,7.6177e-11
6.2653e-11,1.7284e-11,6.5393e-11
5.637e-11,1.7345e-11,5.3023e-11
5.2503e-11,1.6863e-11,5.1378e-11
4.1099e-11,1.3632e-11,4.3914e-11
3.4361e-11,1.042e-11,3.9944e-11
5.4525e-11,2.6043e-11,5.2779e-11
2.9918e-11,1.6505e-11,3.1543e-11
1.0007e-10,3.5003e-11,5.7066e-11
8.8119e-11,3.0438e-11,5.1069e-11
3.7964e-11,1.4194e-11,3.4615e-11
4.4908e-11,1.4954e-11,4.0269e-11
4.3212e-11,3.2907e-11,4.0068e-11
3.7538e-11,2.1689e-11,3.3429e-11
2.3969e-11,1.2565e-11,2.2019e-11
2.8615e-11,1.9037e-11,3.6145e-11
4.1452e-11,1.9896e-11,3.3688e-11
2.8661e-11,2.1472e-11,2.5185e-11
2.9596e-11,1.9284e-11,2.4649e-11
2.785e-11,1.3872e-11,2.5709e-11
9.4141e-11,7.4819e-11,3.5238e-11
5.3129e-11,4.8059e-11,3.1072e-11
2.0123e-11,2.2713e-11,2.0304e-11
3.3136e-11,3.0974e-11,3.011e-11
5.6326e-11,6.2833e-11,2.5628e-11
3.6172e-11,3.7012e-11,3.592e-11
6.0331e-11,5.6989e-11,5.3323e-11
3.4019e-11,5.2704e-11,2.112e-11
3.8292e-11,3.8923e-11,3.8348e-11
1.8246e-11,3.7852e-11,2.6361e-11
6.377e-11,7.956e-11,2.3146e-11
2.1822e-11,4.7003e-11,1.6033e-11
2.0008e-11,2.0864e-11,1.6331e-11
2.5656e-11,2.5051e-11,2.2034e-11
1.6022e-11,1.6409e-11,1.7038e-11
1.8913e-11,1.8013e-11,1.8214e-11
1.7504e-11,1.5876e-11,4.13e-11
6.2425e-11,6.4942e-11,4.8508e-11
5.5111e-11,6.571e-11,2.4632e-11
1.3383e-11,3.3001e-11,1.6381e-11
8.5328e-11,4.1889e-11,2.491e-11
6.8618e-11,4.5253e-11,1.5743e-11
2.3427e-11,2.2774e-11,1.8601e-11
8.6541e-11,3.8555e-11,2.0437e-11
1.82e-11,1.6403e-11,3.1078e-11
7.4374e-11,2.5715e-11,1.763e-11
1.6924e-11,1.7834e-11,2.6522e-11
5.1763e-11,8.2281e-12,5.1968e-11
5.6507e-11,1.9588e-11,5.151e-11
4.3151e-11,1.153e-11,4.5458e-11
5.3436e-11,1.8994e-11,5.614e-11
4.424e-11,1.7884e-11,4.5883e-11
4.4401e-11,2.2388e-11,4.1248e-11
3.8331e-11,1.5161e-11,3.4968e-11
4.3778e-11,2.1834e-11,3.5567e-11
4.5069e-11,2.1881e-11,3.8143e-11
2.1885e-11,1.0697e-11,2.7402e-11
3.5078e-11,2.823e-11,3.2878e-11
9.9467e-11,7.2029e-11,4.5285e-11
1.9747e-11,1.8692e-11,2.5438e-11
2.7544e-11,2.1356e-11,2.2808e-11
2.0645e-11,2.1996e-11,1.5913e-11
2.153e-11,2.6695e-11,3.1825e-11
6.2997e-11,5.4335e-11,4.9247e-11
2.8141e-11,2.8611e-11,2.4426e-11
2.6196e-11,4.5074e-11,2.6435e-11
1.9515e-11,1.9791e-11,2.689e-11
3.3387e-11,4.6443e-11,1.7453e-11
3.896e-11,5.6852e-11,3.3774e-11
4.1698e-11,4.2295e-11,2.9224e-11
1.3813e-11,1.6631e-11,2.8781e-11
4.9914e-11,6.9761e-11,2.6877e-11
6.3928e-11,6.6284e-11,5.1036e-11
2.0483e-11,2.1481e-11,1.6024e-11
5.359e-11,6.1223e-11,2.0133e-11
4.5001e-11,4.3141e-11,3.4993e-11
6.622e-11,2.0507e-11,3.1179e-11
4.9821e-11,1.5804e-11,5.8538e-11
5.0009e-11,1.7133e-11,5.1043e-11
6.1502e-11,2.3828e-11,5.7368e-11
4.7506e-11,2.3511e-11,4.3979e-11
3.1512e-11,1.3928e-11,3.498e-11
4.0089e-11,2.5482e-11,3.5629e-11
2.5655e-11,1.7702e-11,2.6796e-11
1.2219e-10,4.775e-11,6.3068e-11
2.3829e-11,1.2051e-11,2.4833e-11
1.3217e-10,6.1709e-11,6.7453e-11
7.7412e-11,2.7729e-11,4.5644e-11
3.9002e-11,2.5159e-11,2.9995e-11
1.0169e-10,4.4246e-11,4.5647e-11
2.7494e-11,1.526e-11,3.1043e-11
1.0551e-10,4.6428e-11,5.0353e-11
2.6661e-11,1.205e-11,2.9516e-11
2.1267e-11,1.4445e-11,2.2437e-11
6.8307e-11,5.4091e-11,2.764e-11
2.1322e-11,1.1895e-11,1.9769e-11
4.103e-11,3.0522e-11,2.6529e-11
2.1065e-11,1.173e-11,2.0732e-11
5.8372e-11,6.5028e-11,2.5813e-11
6.2217e-11,6.7354e-11,2.1095e-11
3.8413e-11,4.423e-11,3.6519e-11
1.9788e-11,2.0105e-11,1.8199e-11
3.3966e-11,6.7216e-11,1.7921e-11
3.5895e-11,3.6326e-11,2.4154e-11
5.864e-11,6.512e-11,4.668e-11
6.3765e-11,7.2124e-11,5.1398e-11
3.3474e-11,4.7898e-11,2.2956e-11
4.3941e-11,8.0905e-11,1.9632e-11
3.0987e-11,2.3365e-11,2.6075e-11
1.6982e-11,1.9119e-11,1.3607e-11
1.3124e-11,1.4504e-11,2.1817e-11
4.645e-11,6.7395e-11,2.3989e-11
2.4711e-11,2.5178e-11,2.0959e-11
2.2251e-11,1.6122e-11,2.1909e-11
7.1409e-11,3.5552e-11,1.4506e-11
2.2523e-11,2.0714e-11,1.7764e-11
7.4853e-11,3.7292e-11,2.6546e-11
2.1953e-11,2.2571e-11,2.3067e-11
6.1131e-11,1.0836e-11,6.7146e-11
6.7373e-11,2.0165e-11,6.8048e-11
5.0679e-11,1.4547e-11,5.3234e-11
4.0812e-11,1.3292e-11,4.4747e-11
3.1001e-11,1.462e-11,3.1053e-11
2.6039e-11,1.5132e-11,3.1764e-11
6.6699e-11,3.8936e-11,5.7813e-11
3.1046e-11,2.3048e-11,3.9748e-11
8.5136e-11,3.1834e-11,4.9232e-11
2.1571e-11,9.4583e-12,2.4271e-11
4.322e-11,1.8261e-11,3.6196e-11
2.4625e-11,1.7155e-11,2.1831e-11
8.626e-11,3.9702e-11,4.0887e-11
2.4846e-11,1.7076e-11,3.2983e-11
8.8084e-11,4.2681e-11,4.156e-11
2.4175e-11,1.0449e-11,2.5119e-11
2.1857e-11,1.0391e-11,2.1758e-11
2.4366e-11,1.7775e-11,3.1933e-11
1.7326e-11,1.8403e-11,1.9276e-11
2.111e-11,1.2149e-11,1.7066e-11
3.3092e-11,3.5144e-11,2.3298e-11
2.7808e-11,2.6365e-11,2.3456e-11
1.4049e-11,1.5398e-11,2.4321e-11
6.1291e-11,6.2987e-11,2.9204e-11
2.31e-11,4.4179e-11,1.781e-11
4.3279e-11,5.1207e-11,4.0379e-11
2.0562e-11,4.7122e-11,3.3073e-11
2.5597e-11,4.9157e-11,2.3414e-11
3.6029e-11,4.9959e-11,2.8529e-11
2.1835e-11,1.794e-11,1.7596e-11
3.7119e-11,6.0573e-11,2.4521e-11
5.2559e-11,7.1082e-11,2.937e-11
4.1793e-11,4.8588e-11,1.3039e-11
4.7533e-11,5.6285e-11,2.0605e-11
5.3666e-11,5.4603e-11,4.2004e-11
6.0751e-11,4.1713e-11,1.5248e-11
1.8135e-11,2.1887e-11,3.2895e-11
1.4898e-11,2.2729e-11,2.2211e-11
1.2712e-11,1.6439e-11,1.9467e-11
5.7409e-11,3.5951e-11,1.5869e-11
7.7593e-11,2.5658e-11,3.2566e-11
7.2455e-11,1.9928e-11,2.4796e-11
3.4145e-11,3.0611e-11,3.0677e-11
4.6259e-11,8.3602e-11,6.8516e-11
6.2568e-11,1.692e-11,6.2834e-11
4.8743e-11,1.9525e-11,5.0204e-11
5.0851e-11,1.5047e-11,5.2096e-11
4.6891e-11,2.2936e-11,4.4458e-11
4.0715e-11,1.6202e-11,3.9534e-11
7.4531e-11,3.5171e-11,6.2768e-11
4.0919e-11,1.9116e-11,3.8847e-11
6.519e-11,3.5091e-11,5.6065e-11
2.7111e-11,1.8364e-11,2.7436e-11
4.2933e-11,1.9432e-11,3.2234e-11
5.5161e-11,2.7586e-11,3.9081e-11
5.0791e-11,3.0455e-11,5.1078e-11
8.3221e-11,2.8289e-11,5.0652e-11
2.7417e-11,3.2437e-11,2.731e-11
2.6635e-11,2.3991e-11,2.9964e-11
4.2737e-11,1.9568e-11,3.6887e-11
2.2812e-11,1.2379e-11,2.0846e-11
4.3443e-11,4.6305e-11,2.9163e-11
2.879e-11,2.264e-11,2.5473e-11
2.3336e-11,1.0161e-11,2.3957e-11
1.7191e-11,1.8024e-11,1.7968e-11
2.8265e-11,2.3525e-11,1.8578e-11
4.1707e-11,3.7447e-11,3.5292e-11
1.6894e-11,1.5344e-11,2.4396e-11
2.2354e-11,4.4427e-11,2.9826e-11
2.9433e-11,4.8492e-11,2.459e-11
6.6222e-11,7.423e-11,5.7016e-11
4.3095e-11,6.9757e-11,2.1061e-11
6.4702e-11,7.8185e-11,5.5425e-11
2.824e-11,4.9142e-11,3.2908e-11
3.6797e-11,3.9168e-11,2.6906e-11
4.7266e-11,4.8177e-11,3.4938e-11
3.826e-11,3.8476e-11,2.6469e-11
4.6004e-11,5.3925e-11,1.7446e-11
1.9113e-11,2.2648e-11,1.5421e-11
4.3205e-11,4.4107e-11,2.5107e-11
2.3241e-11,1.3404e-11,1.6156e-11
4.6299e-11,5.5245e-11,3.8066e-11
4.9654e-11,9.3442e-11,9.1754e-11
6.9325e-11,1.3354e-11,6.72e-11
5.8006e-11,1.239e-11,5.25e-11
4.7886e-11,1.0009e-11,4.5327e-11
5.0225e-11,1.3242e-11,5.5777e-11
2.9609e-11,9.971e-12,3.6889e-11
4.9162e-11,2.1434e-11,4.3373e-11
7.3043e-11,3.7773e-11,5.9139e-11
2.9096e-11,1.8241e-11,3.3696e-11
7.0032e-11,3.7197e-11,5.6179e-11
3.6811e-11,1.7845e-11,3.1866e-11
2.9579e-11,1.1764e-11,3.231e-11
4.0848e-11,1.5311e-11,3.7393e-11
3.0228e-11,1.4601e-11,3.755e-11
4.3533e-11,1.4937e-11,3.9058e-11
2.4843e-11,1.7426e-11,3.4186e-11
3.3944e-11,1.9574e-11,4.0294e-11
6.5943e-11,3.8853e-11,5.4718e-11
2.8285e-11,1.9489e-11,2.401e-11
3.1314e-11,3.174e-11,2.7902e-11
4.195e-11,2.1577e-11,3.3323e-11
7.0664e-11,4.6466e-11,5.9312e-11
1.1743e-10,6.7077e-11,6.8829e-11
2.8609e-11,2.5316e-11,2.5966e-11
9.0466e-11,6.6262e-11,6.34e-11
2.7371e-11,2.0616e-11,2.6556e-11
2.2905e-11,2.9263e-11,2.9347e-11
7.9911e-11,6.4778e-11,5.0047e-11
1.3676e-11,1.6519e-11,2.287e-11
1.905e-11,2.0657e-11,2.0109e-11
2.4467e-11,2.6155e-11,2.4785e-11
1.8926e-11,2.6152e-11,2.058e-11
3.9194e-11,6.8269e-11,2.3098e-11
2.112e-11,4.8006e-11,2.7418e-11
5.6354e-11,6.5149e-11,4.4333e-11
2.4791e-11,4.6463e-11,2.789e-11
4.7494e-11,7.4925e-11,2.2504e-11
3.0365e-11,5.3816e-11,3.523e-11
3.8012e-11,3.7654e-11,2.6564e-11
2.9024e-11,6.0485e-11,2.3259e-11
4.0474e-11,4.4434e-11,3.1925e-11
4.3416e-11,7.9227e-11,2.0264e-11
1.4792e-11,1.7124e-11,1.3494e-11
2.4137e-11,2.7378e-11,1.5239e-11
2.3368e-11,3.1852e-11,2.8101e-11
4.4253e-11,4.5796e-11,1.7475e-11
1.7373e-11,1.6474e-11,1.7782e-11
2.9391e-11,2.6855e-11,2.2217e-11
5.0701e-11,4.9028e-11,3.8011e-11
4.4603e-11,4.0899e-11,3.2501e-11
4.7657e-11,5.8749e-11,5.0848e-11
4.9609e-11,6.073e-11,4.1581e-11
6.101e-11,3.8193e-11,1.3557e-11
6.8964e-11,2.0366e-11,6.761e-11
3.7504e-11,1.4635e-11,4.0188e-11
3.8655e-11,1.2847e-11,4.2441e-11
2.8175e-11,1.7161e-11,2.5868e-11
6.6111e-11,2.1353e-11,4.7849e-11
5.3008e-11,2.7034e-11,5.0164e-11
4.0044e-11,1.4742e-11,3.6294e-11
7.3141e-11,4.5523e-11,6.0523e-11
7.8329e-11,3.0955e-11,4.5948e-11
2.4916e-11,1.4892e-11,2.1717e-11
5.2627e-11,2.2358e-11,3.8748e-11
5.8839e-11,2.4843e-11,3.8421e-11
3.1813e-11,2.4611e-11,3.6906e-11
2.5175e-11,1.9048e-11,2.7886e-11
3.0995e-11,1.4473e-11,3.3379e-11
4.3535e-11,2.1618e-11,3.7808e-11
4.2975e-11,1.9042e-11,3.2832e-11
3.7386e-11,3.1035e-11,3.2441e-11
5.7577e-11,2.8166e-11,3.1478e-11
9.5083e-11,7.7325e-11,5.7513e-11
5.8055e-11,2.9338e-11,2.9816e-11
2.3875e-11,1.8597e-11,3.4843e-11
3.13e-11,2.6157e-11,2.7005e-11
1.9838e-11,1.5831e-11,2.2496e-11
4.3586e-11,3.5354e-11,3.5557e-11
2.9457e-11,3.331e-11,1.9981e-11
4.8279e-11,5.5877e-11,2.4426e-11
1.4945e-11,1.469e-11,2.0737e-11
3.2432e-11,4.446e-11,3.0564e-11
7.1157e-11,7.4337e-11,5.9246e-11
2.9269e-11,2.7718e-11,2.6566e-11
3.4018e-11,4.9045e-11,2.6115e-11
2.3999e-11,4.6062e-11,1.829e-11
3.6914e-11,6.8588e-11,2.4908e-11
3.64e-11,4.9014e-11,2.5873e-11
2.0224e-11,1.607e-11,2.1907e-11
2.0358e-11,1.6394e-11,2.9765e-11
2.9109e-11,5.9408e-11,2.3145e-11
3.1884e-11,6.0188e-11,2.6807e-11
4.9288e-11,8.3247e-11,3.0336e-11
4.812e-11,7.394e-11,2.803e-11
1.9008e-11,2.6523e-11,9.5473e-12
3.4768e-11,4.7652e-11,2.0295e-11
2.1196e-11,1.7735e-11,1.5206e-11
1.5819e-11,1.5105e-11,1.4766e-11
4.936e-11,4.9086e-11,3.7358e-11
2.3049e-11,3.8508e-11,2.7934e-11
6.9303e-11,4.3043e-11,1.6454e-11
2.4424e-11,3.2666e-11,2.32e-11
6.3076e-11,4.0817e-11,1.4924e-11
4.166e-11,4.8584e-11,3.3052e-11
7.3547e-11,2.2507e-11,2.5027e-11
7.0143e-11,1.5781e-11,6.6144e-11
6.9189e-11,1.0968e-11,6.0526e-11
5.2298e-11,1.3682e-11,5.7288e-11
4.9652e-11,2.6648e-11,4.5193e-11
4.8043e-11,1.6457e-11,5.7769e-11
4.4427e-11,2.3229e-11,4.1692e-11
5.5023e-11,2.2653e-11,4.5155e-11
4.9836e-11,1.9062e-11,4.2539e-11
4.9571e-11,3.3832e-11,4.4638e-11
4.1549e-11,1.8589e-11,4.1426e-11
3.5778e-11,2.3133e-11,3.9315e-11
7.1254e-11,2.2295e-11,4.621e-11
1.1183e-10,5.5878e-11,8.0591e-11
4.4665e-11,1.7597e-11,3.7182e-11
2.308e-11,2.1772e-11,2.7156e-11
2.2143e-11,1.9826e-11,2.6863e-11
6.9113e-11,2.8855e-11,3.9838e-11
6.7597e-11,3.8464e-11,3.931e-11
3.5164e-11,2.7518e-11,2.9107e-11
5.5489e-11,4.6345e-11,4.8094e-11
4.7437e-11,3.8949e-11,2.0798e-11
4.7431e-11,4.076e-11,4.0351e-11
2.0445e-11,1.6605e-11,2.7893e-11
2.6909e-11,2.3386e-11,2.2463e-11
4.4347e-11,4.3239e-11,2.0894e-11
2.1695e-11,1.7459e-11,1.9304e-11
2.4131e-11,1.7997e-11,1.7632e-11
5.5596e-11,7.5791e-11,3.0715e-11
4.3101e-11,7.4967e-11,2.9358e-11
5.4747e-11,7.4562e-11,2.8545e-11
4.5194e-11,7.6416e-11,2.9147e-11
3.1336e-11,3.544e-11,2.3726e-11
3.6896e-11,6.9211e-11,2.8109e-11
3.1849e-11,3.6086e-11,2.5272e-11
2.224e-11,4.5872e-11,2.3015e-11
4.6266e-11,8.2656e-11,3.1602e-11
2.6012e-11,2.664e-11,1.9593e-11
2.6129e-11,2.3851e-11,1.5451e-11
1.4735e-11,1.2482e-11,2.5001e-11
4.7778e-11,7.896e-11,2.7618e-11
3.3852e-11,3.269e-11,2.4292e-11
3.6203e-11,4.9155e-11,2.4099e-11
1.9424e-11,2.4359e-11,1.4437e-11
4.8992e-11,4.9731e-11,3.585e-11
5.0839e-11,7.4325e-11,2.3989e-11
5.3383e-11,3.6893e-11,1.4286e-11
5.4657e-11,2.3935e-11,3.2121e-11
5.5064e-11,4.0268e-11,3.1636e-11
6.4215e-11,1.1966e-11,6.7454e-11
7.4653e-11,2.4476e-11,7.3944e-11
4.173e-11,7.9681e-12,4.2086e-11
4.5902e-11,1.814e-11,4.4168e-11
4.0033e-11,1.4372e-11,4.3679e-11
3.6816e-11,1.6939e-11,4.1826e-11
3.2798e-11,2.1598e-11,3.4118e-11
5.8737e-11,2.1387e-11,4.7556e-11
3.0299e-11,2.2369e-11,3.1249e-11
2.9965e-11,1.2328e-11,3.5107e-11
7.784e-11,2.2588e-11,5.4135e-11
3.2926e-11,1.4215e-11,3.0617e-11
2.3898e-11,1.7308e-11,2.6911e-11
1.0894e-10,5.5252e-11,7.3894e-11
4.9543e-11,3.6814e-11,4.2515e-11
2.3405e-11,2.091e-11,2.3923e-11
1.8437e-11,1.522e-11,1.9273e-11
8.5777e-11,7.4794e-11,5.8976e-11
4.4339e-11,3.2062e-11,2.2727e-11
4.3405e-11,3.1197e-11,3.4273e-11
6.138e-11,6.133e-11,4.5178e-11
2.1563e-11,1.5804e-11,2.5265e-11
1.4493e-11,1.6396e-11,1.6335e-11
2.7076e-11,2.8866e-11,2.2e-11
2.2537e-11,1.7099e-11,3.7309e-11
3.1531e-11,1.3617e-11,2.0252e-11
5.3053e-11,7.3853e-11,3.6681e-11
3.9659e-11,5.8789e-11,2.7796e-11
2.5661e-11,4.7553e-11,3.701e-11
1.4724e-11,4.6094e-11,2.4848e-11
2.4874e-11,4.6945e-11,2.6607e-11
2.7127e-11,5.0515e-11,3.5393e-11
3.6611e-11,6.9122e-11,2.2928e-11
3.7428e-11,6.9892e-11,2.247e-11
4.1124e-11,7.6368e-11,2.3941e-11
1.7719e-11,2.3249e-11,1.6485e-11
3.7163e-11,4.0916e-11,2.2279e-11
3.4196e-11,4.7998e-11,2.2248e-11
4.1309e-11,6.0608e-11,2.2509e-11
4.5811e-11,4.521e-11,1.8156e-11
2.9952e-11,2.4337e-11,2.1032e-11
4.9272e-11,4.8698e-11,3.5845e-11
7.1731e-11,4.7358e-11,2.5505e-11
4.5638e-11,4.4851e-11,2.7657e-11
1.5795e-11,1.4199e-11,2.3862e-11
6.3207e-11,1.9141e-11,1.875e-11
4.7672e-11,1.8049e-11,5.1661e-11
4.7634e-11,1.4927e-11,4.4733e-11
4.0463e-11,1.5295e-11,4.4144e-11
3.7064e-11,1.0817e-11,4.0534e-11
6.0667e-11,1.9414e-11,5.12e-11
7.9904e-11,4.0115e-11,7.1027e-11
4.0594e-11,2.2644e-11,4.0001e-11
3.307e-11,1.5096e-11,3.932e-11
3.1378e-11,1.6585e-11,3.0872e-11
3.3363e-11,1.5609e-11,2.9315e-11
6.6566e-11,1.7834e-11,4.6314e-11
7.6088e-11,2.4528e-11,5.3389e-11
3.7472e-11,1.7005e-11,3.5282e-11
2.1084e-11,1.1704e-11,2.0119e-11
4.6815e-11,1.7617e-11,3.8544e-11
2.2832e-11,1.4824e-11,2.2503e-11
5.7786e-11,3.9176e-11,4.5154e-11
2.1665e-11,1.5838e-11,2.2741e-11
6.2885e-11,4.8409e-11,5.4718e-11
3.324e-11,2.5372e-11,2.4312e-11
2.2542e-11,2.1224e-11,2.6174e-11
2.6727e-11,1.6869e-11,2.7234e-11
7.2827e-11,6.3923e-11,6.3507e-11
2.8166e-11,2.4685e-11,2.6389e-11
1.7197e-11,2.7241e-11,1.473e-11
1.6242e-11,4.9218e-11,2.1984e-11
2.4481e-11,4.8264e-11,2.9052e-11
1.5242e-11,1.2769e-11,1.4624e-11
1.4735e-11,1.5478e-11,1.7308e-11
4.2131e-11,4.5908e-11,3.3334e-11
2.718e-11,2.8298e-11,1.8961e-11
4.5454e-11,5.0212e-11,3.6769e-11
1.7396e-11,1.8835e-11,2.3449e-11
4.0495e-11,4.2895e-11,2.7136e-11
1.9989e-11,2.4758e-11,2.1353e-11
4.0871e-11,4.2043e-11,2.1887e-11
1.6998e-11,1.7143e-11,2.4892e-11
2.3821e-11,1.8833e-11,1.8516e-11
2.5591e-11,1.7702e-11,1.6238e-11
2.9457e-11,2.7502e-11,1.857e-11
3.0029e-11,2.5059e-11,2.3281e-11
4.2809e-11,5.1208e-11,4.4159e-11
7.0421e-11,2.3411e-11,3.0353e-11
2.0847e-11,2.4527e-11,2.0092e-11
3.7177e-11,5.2848e-11,7.1238e-11
7.158e-11,9.4014e-12,7.0647e-11
4.8624e-11,1.5221e-11,4.8658e-11
7.3071e-11,2.7604e-11,7.1277e-11
5.8069e-11,1.8085e-11,4.965e-11
6.068e-11,2.5608e-11,5.5777e-11
4.5411e-11,1.7268e-11,4.3657e-11
6.4172e-11,1.7679e-11,5.1336e-11
7.5297e-11,3.6298e-11,5.6828e-11
3.554e-11,1.676e-11,3.4518e-11
6.3972e-11,2.0929e-11,4.8726e-11
3.2162e-11,2.4244e-11,3.0855e-11
6.139e-11,2.9902e-11,4.8916e-11
7.3698e-11,2.7391e-11,4.8266e-11
2.1943e-11,1.1822e-11,3.359e-11
2.4094e-11,1.1532e-11,2.3638e-11
3.7231e-11,1.456e-11,3.4834e-11
3.9375e-11,2.5583e-11,2.8707e-11
6.6025e-11,5.1167e-11,5.9106e-11
7.3312e-11,5.6872e-11,6.38e-11
2.4361e-11,1.3623e-11,2.2294e-11
1.9199e-11,1.3645e-11,2.1235e-11
7.238e-11,6.2233e-11,6.356e-11
2.1747e-11,1.7976e-11,2.5077e-11
6.6443e-11,7.7539e-11,5.8853e-11
1.68e-11,1.5575e-11,1.8587e-11
2.0729e-11,1.6286e-11,1.8118e-11
3.1835e-11,5.4916e-11,3.3938e-11
5.8075e-11,6.0719e-11,4.99e-11
3.2359e-11,3.313e-11,2.8343e-11
6.9014e-11,7.7298e-11,5.6255e-11
2.9851e-11,6.3111e-11,2.1996e-11
2.9873e-11,4.8593e-11,2.8914e-11
3.2083e-11,3.6132e-11,2.3982e-11
3.0732e-11,6.4073e-11,2.4169e-11
1.8192e-11,1.7459e-11,1.2918e-11
2.3929e-11,2.3077e-11,1.4211e-11
2.4797e-11,2.379e-11,1.4564e-11
1.3085e-11,1.1677e-11,1.4926e-11
3.8666e-11,6.125e-11,2.5041e-11
3.3633e-11,3.2139e-11,2.3239e-11
2.0069e-11,3.7394e-11,3.6072e-11
4.9308e-11,5.1683e-11,3.6314e-11
1.7279e-11,1.5565e-11,1.4784e-11
1.4989e-11,1.1517e-11,7.3801e-12
4.7168e-11,4.7232e-11,3.5027e-11
2.02e-11,1.5467e-11,1.4238e-11
4.7659e-11,6.558e-11,3.1727e-11
3.3877e-11,2.8174e-11,3.1623e-11
1.335e-11,1.0931e-11,2.537e-11
1.9673e-11,1.641e-11,1.41e-11
4.1028e-11,4.1461e-11,5.1662e-11
7.0802e-11,2.0391e-11,6.656e-11
4.9895e-11,1.655e-11,5.1467e-11
6.8408e-11,3.0177e-11,5.8435e-11
3.6594e-11,9.2842e-12,4.0053e-11
4.7344e-11,2.4003e-11,4.3065e-11
6.9921e-11,2.0941e-11,5.1365e-11
3.5368e-11,1.2001e-11,3.4499e-11
8.2818e-11,2.2667e-11,5.5127e-11
7.56e-11,2.312e-11,5.1342e-11
3.1899e-11,1.814e-11,3.1401e-11
3.639e-11,1.8604e-11,3.3336e-11
4.1121e-11,1.5185e-11,3.7425e-11
4.996e-11,2.1263e-11,3.2342e-11
2.9658e-11,1.585e-11,3.185e-11
2.5351e-11,1.7561e-11,3.4897e-11
3.2502e-11,2.1608e-11,3.5576e-11
2.2217e-11,1.4106e-11,2.9295e-11
1.7889e-11,9.3878e-12,2.5306e-11
1.8511e-11,1.2078e-11,2.1322e-11
8.9743e-11,8.1452e-11,7.5632e-11
2.6989e-11,1.8017e-11,2.7525e-11
1.8156e-11,1.457e-11,1.8042e-11
2.4068e-11,2.0806e-11,2.2604e-11
1.8672e-11,1.9889e-11,2.2649e-11
2.0324e-11,1.15e-11,2.3552e-11
3.2555e-11,5.4073e-11,3.2762e-11
2.1289e-11,4.0259e-11,2.2254e-11
1.9279e-11,1.8927e-11,1.5905e-11
3.5216e-11,5.709e-11,2.2178e-11
2.9363e-11,2.3271e-11,1.9882e-11
3.6842e-11,3.1577e-11,2.4503e-11
3.9468e-11,2.8151e-11,2.5026e-11
2.9522e-11,2.7347e-11,2.1749e-11
3.5018e-11,4.232e-11,5.273e-11
2.3444e-11,3.1284e-11,2.8467e-11
5.3344e-11,1.5225e-11,5.6669e-11
4.8877e-11,1.2833e-11,5.2003e-11
7.4588e-11,2.2031e-11,5.8188e-11
3.7598e-11,1.3326e-11,4.3033e-11
3.8959e-11,6.8798e-12,3.8138e-11
4.1017e-11,1.964e-11,4.9358e-11
7.7389e-11,3.7237e-11,6.9557e-11
4.3042e-11,2.2362e-11,3.8004e-11
2.734e-11,2.5366e-11,2.6349e-11
7.9192e-11,2.3817e-11,5.4106e-11
9.1863e-11,2.847e-11,6.3251e-11
2.8288e-11,1.4624e-11,2.9217e-11
2.4666e-11,1.104e-11,2.7236e-11
7.7968e-11,4.1222e-11,5.2385e-11
6.2335e-11,4.2201e-11,4.8988e-11
2.4162e-11,1.4219e-11,2.1933e-11
5.1706e-11,4.071e-11,3.637e-11
2.9423e-11,2.8649e-11,2.2779e-11
2.2052e-11,1.8332e-11,2.8059e-11
8.1902e-11,8.9026e-11,7.0319e-11
2.8937e-11,1.3692e-11,1.9444e-11
1.8889e-11,1.3275e-11,3.0088e-11
1.8012e-11,1.1419e-11,2.7706e-11
2.0305e-11,2.2098e-11,1.8524e-11
2.8695e-11,3.755e-11,2.0032e-11
2.0088e-11,1.3012e-11,1.654e-11
5.0352e-11,4.9152e-11,4.3542e-11
5.8339e-11,7.0205e-11,3.2272e-11
6.6658e-11,7.3266e-11,5.6207e-11
2.0689e-11,2.9698e-11,2.2112e-11
4.2622e-11,5.2644e-11,2.5059e-11
2.69e-11,3.0007e-11,2.2166e-11
2.9656e-11,3.0987e-11,2.096e-11
5.1514e-11,8.6692e-11,3.7421e-11
3.4617e-11,4.5117e-11,1.9443e-11
3.8585e-11,4.7535e-11,2.6183e-11
2.7516e-11,2.874e-11,3.8363e-11
3.3403e-11,3.1537e-11,2.2835e-11
4.656e-11,2.8466e-11,4.1936e-11
1.5353e-11,2.1716e-11,1.3876e-11
5.0726e-11,5.5463e-11,3.9338e-11
1.8589e-11,1.6816e-11,1.6855e-11
3.5598e-11,3.8327e-11,1.3577e-11
4.3299e-11,2.6855e-11,2.4684e-11
2.6772e-11,3.5064e-11,3.404e-11
6.8041e-11,1.1323e-11,6.3824e-11
6.1586e-11,1.2562e-11,5.8214e-11
5.3801e-11,1.1619e-11,4.7547e-11
3.8243e-11,8.3587e-12,3.6668e-11
3.274e-11,2.2828e-11,3.3746e-11
3.279e-11,1.5255e-11,3.4555e-11
3.1218e-11,1.2049e-11,3.2402e-11
3.3777e-11,1.5615e-11,3.2871e-11
2.4057e-11,7.6419e-12,2.6378e-11
2.979e-11,1.0941e-11,2.9642e-11
8.643e-11,2.6264e-11,6.0332e-11
2.9006e-11,2.2529e-11,3.2766e-11
2.5027e-11,1.4807e-11,2.6958e-11
2.6544e-11,1.6227e-11,3.1746e-11
3.1248e-11,1.0358e-11,3.1221e-11
4.9439e-11,1.922e-11,3.1911e-11
2.2879e-11,1.1717e-11,2.1862e-11
3.6368e-11,2.0904e-11,2.9553e-11
2.5534e-11,1.3157e-11,2.1022e-11
3.6773e-11,2.4709e-11,3.2226e-11
3.2874e-11,2.0693e-11,3.1489e-11
2.2363e-11,1.1107e-11,2.2094e-11
3.1545e-11,2.0073e-11,3.14e-11
8.0043e-11,7.987e-11,6.843e-11
6.5813e-11,5.2949e-11,5.7638e-11
1.9403e-11,1.9755e-11,1.6459e-11
5.422e-11,7.4913e-11,5.0499e-11
1.8261e-11,1.1353e-11,1.7222e-11
2.738e-11,4.0708e-11,2.1294e-11
5.1533e-11,4.9732e-11,4.1531e-11
3.1559e-11,1.7924e-11,2.6297e-11
1.9046e-11,4.0491e-11,2.5117e-11
6.067e-11,7.1982e-11,5.0831e-11
2.6478e-11,2.5202e-11,1.4709e-11
1.3884e-11,1.4279e-11,1.4169e-11
2.2588e-11,1.818e-11,1.3117e-11
4.5635e-11,4.1893e-11,2.0976e-11
2.3787e-11,1.9826e-11,1.3473e-11
1.5766e-11,2.7029e-11,1.791e-11
1.67e-11,2.1207e-11,2.2307e-11
3.705e-11,5.0207e-11,3.4404e-11
2.2665e-11,2.0026e-11,1.3636e-11
5.7597e-11,1.1074e-11,5.1974e-11
4.9988e-11,1.5893e-11,4.3857e-11
6.4274e-11,2.4497e-11,5.6825e-11
3.8151e-11,8.9678e-12,3.7209e-11
3.3937e-11,1.7352e-11,3.2901e-11
6.4438e-11,1.6319e-11,4.8816e-11
3.1566e-11,1.9355e-11,3.2711e-11
5.3742e-11,2.3936e-11,4.9431e-11
7.4174e-11,2.1948e-11,5.1786e-11
3.9504e-11,2.0067e-11,3.2673e-11
3.3941e-11,1.3658e-11,3.2826e-11
9.5644e-11,3.2398e-11,7.035e-11
2.7774e-11,1.5255e-11,2.9451e-11
7.1151e-11,3.9859e-11,5.3335e-11
9.5184e-11,6.4209e-11,7.8708e-11
3.6144e-11,2.2692e-11,3.6757e-11
7.9173e-11,7.6832e-11,7.8265e-11
7.343e-11,8.8318e-11,7.4716e-11
2.2078e-11,2.8007e-11,3.9665e-11
3.5181e-11,1.6335e-11,3.8139e-11
1.9896e-11,1.7241e-11,2.867e-11
3.4898e-11,1.5453e-11,3.4785e-11
7.4194e-11,6.9643e-11,5.977e-11
2.3819e-11,3.5383e-11,1.9046e-11
3.8546e-11,4.4965e-11,3.888e-11
1.7977e-11,1.4977e-11,1.5806e-11
2.1396e-11,2.0325e-11,1.9218e-11
4.7098e-11,6.4085e-11,3.028e-11
4.4864e-11,7.7157e-11,3.1821e-11
2.9167e-11,5.6557e-11,2.4569e-11
4.5036e-11,8.0622e-11,3.1692e-11
1.8975e-11,2.0879e-11,1.3936e-11
2.6613e-11,3.0482e-11,3.8594e-11
2.6038e-11,2.2624e-11,1.6916e-11
4.9209e-11,5.855e-11,4.1134e-11
4.1132e-11,3.9607e-11,1.4022e-11
1.8413e-11,2.0091e-11,2.8528e-11
2.8292e-11,2.9285e-11,1.5184e-11
5.5456e-11,3.0779e-11,3.1768e-11
3.3977e-11,5.8748e-11,4.005e-11
6.3485e-11,2.3349e-11,4.5677e-11
6.2339e-11,1.0235e-11,6.3121e-11
5.1153e-11,1.0709e-11,4.8087e-11
4.933e-11,1.9567e-11,5.9335e-11
4.0313e-11,1.933e-11,5.2104e-11
6.8983e-11,3.08e-11,6.2322e-11
6.0665e-11,2.8674e-11,5.4161e-11
3.4527e-11,2.0093e-11,3.5374e-11
3.866e-11,1.7292e-11,3.5934e-11
7.0028e-11,3.3613e-11,5.8713e-11
8.4184e-11,2.9769e-11,5.9592e-11
4.5101e-11,1.4807e-11,4.1862e-11
4.2482e-11,2.2239e-11,3.4298e-11
2.4719e-11,1.6921e-11,2.5934e-11
7.6575e-11,4.6671e-11,6.3296e-11
3.4492e-11,2.449e-11,3.384e-11
8.4433e-11,5.9957e-11,7.5331e-11
1.8155e-11,1.0321e-11,2.4188e-11
2.5208e-11,1.3383e-11,2.2164e-11
6.3114e-11,4.7635e-11,4.9802e-11
1.8077e-11,1.3507e-11,1.8229e-11
4.6743e-11,1.7162e-11,3.3313e-11
3.8206e-11,2.9649e-11,3.7739e-11
8.0421e-11,7.8663e-11,8.422e-11
2.9971e-11,2.4467e-11,2.5662e-11
2.7955e-11,2.9998e-11,2.3922e-11
2.6293e-11,1.3505e-11,2.2444e-11
5.3274e-11,4.7888e-11,4.6922e-11
2.8308e-11,2.4637e-11,2.2405e-11
2.3578e-11,1.7862e-11,1.6566e-11
2.8823e-11,1.6038e-11,3.0562e-11
1.7781e-11,2.0335e-11,1.3748e-11
7.8188e-11,7.2386e-11,6.2913e-11
2.3244e-11,1.3583e-11,2.3913e-11
1.9043e-11,1.9267e-11,1.5358e-11
5.2234e-11,4.5042e-11,4.4438e-11
2.4363e-11,2.11e-11,2.2251e-11
2.8269e-11,5.9769e-11,2.789e-11
4.4192e-11,7.5595e-11,3.6309e-11
2.381e-11,5.5297e-11,2.5154e-11
4.1506e-11,7.6633e-11,2.3745e-11
2.3067e-11,1.9328e-11,1.8772e-11
3.2238e-11,5.3853e-11,2.9316e-11
3.1045e-11,4.5136e-11,1.7285e-11
4.7361e-11,6.1255e-11,3.5661e-11
4.6702e-11,5.1783e-11,3.7379e-11
4.6987e-11,2.6352e-11,2.4142e-11
1.3703e-11,1.1583e-11,1.4791e-11
3.4597e-11,2.6366e-11,2.1039e-11
4.5606e-11,4.5369e-11,2.8966e-11
5.975e-11,1.1425e-11,5.9159e-11
6.2133e-11,1.646e-11,6.3434e-11
3.9021e-11,1.1906e-11,3.9628e-11
4.4411e-11,1.8858e-11,5.1814e-11
4.7924e-11,2.2526e-11,4.8901e-11
4.5966e-11,1.5463e-11,5.6248e-11
6.6087e-11,2.0682e-11,5.6647e-11
3.5172e-11,1.4599e-11,4.103e-11
3.2275e-11,1.3773e-11,2.9585e-11
3.3355e-11,1.325e-11,3.2223e-11
8.9664e-11,3.0297e-11,6.1013e-11
4.8501e-11,1.8352e-11,4.4252e-11
4.0849e-11,1.5294e-11,3.8717e-11
3.2813e-11,1.0506e-11,3.1238e-11
6.4213e-11,2.3464e-11,4.3726e-11
5.9738e-11,3.6137e-11,4.731e-11
7.8886e-11,3.388e-11,7.1649e-11
2.6573e-11,1.5335e-11,3.8667e-11
2.1559e-11,2.8536e-11,2.2796e-11
8.2317e-11,5.5575e-11,8.7969e-11
1.7891e-11,1.0176e-11,2.318e-11
3.097e-11,1.7733e-11,2.8952e-11
1.9107e-11,1.1995e-11,1.8855e-11
2.6167e-11,2.907e-11,2.323e-11
2.282e-11,1.0119e-11,2.6353e-11
2.3821e-11,1.4825e-11,2.5577e-11
7.196e-11,7.2926e-11,7.7689e-11
2.6839e-11,2.1937e-11,2.7402e-11
3.891e-11,3.3254e-11,3.9326e-11
4.4212e-11,3.8515e-11,3.9077e-11
2.5011e-11,1.4028e-11,1.8775e-11
3.7763e-11,3.3402e-11,4.1592e-11
4.1773e-11,3.7794e-11,3.6292e-11
2.199e-11,1.2696e-11,1.7762e-11
1.9061e-11,1.8536e-11,2.7456e-11
1.8802e-11,1.4827e-11,2.3135e-11
2.7284e-11,2.51e-11,2.4193e-11
4.1496e-11,3.3407e-11,1.7232e-11
1.8631e-11,2.3313e-11,1.4249e-11
3.665e-11,5.4664e-11,3.2741e-11
4.2716e-11,7.4706e-11,2.5606e-11
3.3579e-11,5.4355e-11,2.1789e-11
1.8764e-11,1.5057e-11,1.3401e-11
3.58e-11,4.1252e-11,1.7134e-11
2.3816e-11,2.3954e-11,3.2356e-11
4.2507e-11,4.1618e-11,3.0252e-11
2.5616e-11,2.7407e-11,1.8973e-11
4.5294e-11,4.3916e-11,3.305e-11
1.765e-11,2.9132e-11,3.602e-11
1.5706e-11,1.6523e-11,1.393e-11
4.6182e-11,2.5106e-11,2.0226e-11
2.067e-11,2.3312e-11,2.7437e-11
2.7631e-11,2.302e-11,4.5267e-11
5.0078e-11,2.2055e-11,4.6765e-11
4.5135e-11,1.3927e-11,5.3679e-11
5.0639e-11,2.45e-11,5.136e-11
3.7402e-11,2.4243e-11,4.0931e-11
7.4439e-11,3.4816e-11,6.3503e-11
4.5771e-11,1.7738e-11,4.2992e-11
3.2598e-11,1.5335e-11,2.9833e-11
5.7481e-11,1.8303e-11,4.6155e-11
6.9198e-11,3.691e-11,5.2756e-11
2.8162e-11,1.6473e-11,2.7027e-11
3.0493e-11,2.0878e-11,3.7927e-11
3.6161e-11,1.3789e-11,3.5775e-11
3.1563e-11,1.4574e-11,2.7963e-11
6.7076e-11,4.2134e-11,4.7183e-11
2.2801e-11,1.0133e-11,2.3319e-11
3.0145e-11,1.6951e-11,2.887e-11
4.0818e-11,1.6128e-11,3.5443e-11
1.8775e-11,1.1522e-11,1.7554e-11
2.83e-11,2.8189e-11,2.4493e-11
2.6062e-11,2.1928e-11,2.3561e-11
2.1546e-11,1.975e-11,2.2229e-11
3.7888e-11,3.1981e-11,4.1017e-11
2.7528e-11,3.7212e-11,2.4887e-11
6.1608e-11,6.5147e-11,6.1724e-11
1.9497e-11,1.3241e-11,2.0005e-11
2.7756e-11,2.6881e-11,2.4219e-11
1.8684e-11,2.0007e-11,2.2726e-11
3.2411e-11,3.0762e-11,2.898e-11
1.9108e-11,1.7301e-11,1.7399e-11
1.9427e-11,2.2508e-11,3.1531e-11
1.7324e-11,1.5472e-11,1.573e-11
2.7921e-11,2.1283e-11,1.6215e-11
2.4808e-11,5.2378e-11,2.6706e-11
2.2695e-11,2.0658e-11,1.7077e-11
2.4206e-11,1.9203e-11,2.7515e-11
2.0729e-11,2.9171e-11,2.0782e-11
2.4971e-11,4.3301e-11,1.6086e-11
1.9476e-11,1.3734e-11,1.2429e-11
3.0591e-11,4.4539e-11,2.8289e-11
3.1677e-11,4.5299e-11,3.0534e-11
3.7215e-11,3.4581e-11,3.138e-11
1.3943e-11,1.9021e-11,2.6953e-11
2.6212e-11,2.4834e-11,1.5235e-11
4.0938e-11,4.7048e-11,3.5205e-11
1.7889e-11,1.5331e-11,3.2956e-11
4.4033e-11,4.601e-11,2.0432e-11
1.8873e-11,2.3404e-11,1.4811e-11
3.5251e-11,2.8439e-11,2.03e-11
1.2789e-11,9.9109e-12,9.4096e-12
4.5305e-11,2.7349e-11,1.7106e-11
1.8947e-11,2.531e-11,2.6136e-11
4.3165e-11,2.7552e-11,2.6027e-11
2.3739e-11,1.7935e-11,3.5391e-11
5.2525e-11,2.6434e-11,4.8593e-11
5.7579e-11,2.2097e-11,5.3197e-11
4.6067e-11,2.2827e-11,5.8145e-11
3.6855e-11,1.3604e-11,4.4041e-11
3.97e-11,1.2922e-11,4.3988e-11
6.9019e-11,3.277e-11,5.7717e-11
7.5561e-11,3.5358e-11,6.4681e-11
7.644e-11,2.9328e-11,5.6283e-11
3.8224e-11,2.3496e-11,4.0881e-11
7.0234e-11,3.5792e-11,5.4589e-11
6.8215e-11,4.0084e-11,4.9894e-11
9.0763e-11,2.5881e-11,6.4624e-11
5.4519e-11,2.3653e-11,4.325e-11
5.2889e-11,2.1603e-11,4.114e-11
4.9009e-11,2.8152e-11,4.1853e-11
8.6308e-11,5.6257e-11,9.4754e-11
3.4746e-11,2.2736e-11,2.9994e-11
5.898e-11,4.218e-11,5.9104e-11
2.2185e-11,1.0494e-11,1.9726e-11
2.4542e-11,1.8665e-11,2.4051e-11
3.8689e-11,2.6583e-11,3.5011e-11
2.3694e-11,1.7169e-11,2.2386e-11
2.9212e-11,2.8908e-11,2.5996e-11
2.6304e-11,3.4907e-11,2.4688e-11
3.3183e-11,1.7679e-11,1.9885e-11
6.0524e-11,5.1947e-11,4.4603e-11
4.3679e-11,4.3466e-11,3.5012e-11
2.541e-11,2.2385e-11,1.9921e-11
1.7024e-11,1.5756e-11,1.7408e-11
1.7787e-11,2.2348e-11,2.4587e-11
1.6989e-11,1.4562e-11,2.365e-11
4.0454e-11,4.8666e-11,3.872e-11
3.4988e-11,3.6207e-11,2.8056e-11
1.4124e-11,3.1008e-11,2.2669e-11
4.9417e-11,8.1944e-11,4.4018e-11
1.1945e-11,1.1578e-11,1.5563e-11
1.7123e-11,1.5444e-11,2.1197e-11
1.9373e-11,1.4893e-11,1.753e-11
2.3138e-11,2.1589e-11,1.9404e-11
3.0996e-11,4.0013e-11,1.8376e-11
2.236e-11,2.2688e-11,2.7594e-11
2.2496e-11,1.2865e-11,1.5195e-11
1.4276e-11,1.8686e-11,1.4605e-11
4.9535e-11,5.0157e-11,3.4553e-11
1.3611e-11,1.4116e-11,2.6873e-11
2.3294e-11,2.9823e-11,2.9349e-11
1.7082e-11,1.7373e-11,1.7313e-11
4.7646e-11,4.6768e-11,3.4608e-11
1.6523e-11,1.7577e-11,1.7798e-11
3.1426e-11,2.4222e-11,2.1965e-11
3.781e-11,4.7711e-11,3.0178e-11
8.0195e-11,2.4e-11,8.1431e-11
5.6911e-11,1.6735e-11,6.2881e-11
6.2606e-11,2.2722e-11,6.0505e-11
4.8088e-11,1.686e-11,5.5378e-11
5.4149e-11,2.0738e-11,5.5947e-11
4.5611e-11,1.8776e-11,5.5105e-11
3.7426e-11,1.6628e-11,4.5409e-11
3.3461e-11,1.9208e-11,3.548e-11
3.5212e-11,1.3801e-11,3.7526e-11
6.6238e-11,3.5669e-11,5.4309e-11
2.6681e-11,1.2322e-11,2.9054e-11
2.77e-11,1.656e-11,3.0034e-11
3.757e-11,2.5152e-11,3.2769e-11
3.508e-11,1.7395e-11,2.9907e-11
3.8434e-11,1.6398e-11,3.2013e-11
7.2809e-11,6.7636e-11,8.8907e-11
4.1939e-11,3.2982e-11,3.2879e-11
7.7734e-11,5.9329e-11,6.1624e-11
1.9549e-11,1.4572e-11,1.7269e-11
2.1635e-11,2.4818e-11,1.9754e-11
3.603e-11,2.2316e-11,2.5024e-11
2.7799e-11,1.1023e-11,1.989e-11
5.302e-11,6.0348e-11,6.0093e-11
2.1445e-11,2.3087e-11,1.7754e-11
3.7379e-11,3.7586e-11,4.6444e-11
2.5679e-11,1.6485e-11,2.5007e-11
6.1606e-11,7.9592e-11,7.2074e-11
1.9251e-11,1.7831e-11,1.8683e-11
3.7276e-11,4.5337e-11,3.8169e-11
2.0967e-11,1.8567e-11,3.3006e-11
3.8425e-11,5.2109e-11,3.8713e-11
1.2506e-11,3.029e-11,2.1343e-11
1.8588e-11,2.512e-11,1.2956e-11
5.1038e-11,5.4257e-11,3.2639e-11
5.3106e-11,6.2014e-11,3.7151e-11
1.2564e-11,1.2482e-11,1.322e-11
2.4744e-11,1.5088e-11,1.6831e-11
1.6466e-11,1.9598e-11,1.8845e-11
2.1015e-11,4.1146e-11,1.4203e-11
2.9272e-11,4.2979e-11,3.026e-11
4.167e-11,5.4929e-11,3.5941e-11
2.7753e-11,4.144e-11,2.6824e-11
2.3556e-11,3.1194e-11,2.1611e-11
1.2313e-11,1.8926e-11,1.5045e-11
3.0824e-11,2.7301e-11,3.6189e-11
1.4786e-11,1.3764e-11,3.027e-11
4.3969e-11,4.1662e-11,3.0497e-11
1.3536e-11,2.0788e-11,1.8188e-11
7.5719e-11,2.6206e-11,6.9445e-11
5.4606e-11,1.61e-11,5.3923e-11
6.4349e-11,2.3381e-11,5.5506e-11
4.1545e-11,1.1451e-11,4.1044e-11
4.0354e-11,1.4394e-11,4.8003e-11
4.3577e-11,2.1025e-11,4.3138e-11
3.1014e-11,1.6699e-11,3.5751e-11
8.8806e-11,2.8432e-11,5.7793e-11
3.3781e-11,1.4879e-11,3.1388e-11
2.7333e-11,1.5685e-11,3.017e-11
3.2446e-11,1.7273e-11,2.9163e-11
2.5419e-11,1.5542e-11,2.628e-11
7.7821e-11,4.8795e-11,5.8177e-11
4.4595e-11,1.4198e-11,3.4253e-11
5.9742e-11,4.3288e-11,6.5484e-11
7.8659e-11,6.886e-11,9.7876e-11
2.6474e-11,1.626e-11,2.7801e-11
5.3041e-11,3.5959e-11,4.3903e-11
7.5573e-11,6.0418e-11,5.7984e-11
2.0757e-11,2.2805e-11,1.7365e-11
6.774e-11,7.1702e-11,5.5313e-11
3.854e-11,5.295e-11,5.1135e-11
4.2395e-11,4.2525e-11,3.233e-11
7.2542e-11,8.3672e-11,5.7576e-11
2.3425e-11,2.1919e-11,1.8793e-11
2.9033e-11,4.8743e-11,3.4567e-11
4.1658e-11,6.7997e-11,4.8403e-11
5.3279e-11,5.7617e-11,3.8318e-11
3.2501e-11,5.2208e-11,3.0555e-11
2.3432e-11,3.0434e-11,2.7119e-11
4.2166e-11,5.835e-11,4.0655e-11
3.9665e-11,5.3686e-11,3.6157e-11
1.4309e-11,2.0492e-11,1.1056e-11
3.5624e-11,2.5026e-11,2.6511e-11
3.9071e-11,3.3725e-11,2.8664e-11
3.2598e-11,1.9921e-11,3.8948e-11
3.9625e-11,3.4295e-11,2.2037e-11
2.9634e-11,3.2557e-11,3.1885e-11
1.5326e-11,2.2406e-11,1.6244e-11
1.4915e-11,1.4841e-11,1.469e-11
3.1281e-11,2.1711e-11,2.2125e-11
2.139e-11,2.2633e-11,3.3141e-11
7.203e-11,2.1742e-11,7.1927e-11
3.517e-11,1.7692e-11,4.069e-11
4.3318e-11,1.7318e-11,4.2195e-11
3.2249e-11,2.1745e-11,3.2871e-11
4.2773e-11,1.5396e-11,3.6161e-11
7.5857e-11,3.5047e-11,7.3978e-11
3.4653e-11,2.161e-11,3.2726e-11
2.7275e-11,1.7456e-11,2.5227e-11
2.6453e-11,1.9974e-11,2.6616e-11
6.166e-11,4.2263e-11,4.8021e-11
2.9229e-11,2.1663e-11,2.3944e-11
5.8505e-11,4.2556e-11,4.5913e-11
6.7097e-11,5.3139e-11,5.2204e-11
3.0067e-11,2.5163e-11,3.1083e-11
2.2183e-11,1.4776e-11,3.0878e-11
1.9613e-11,1.4075e-11,1.826e-11
2.0486e-11,1.6665e-11,1.8809e-11
2.05e-11,2.5901e-11,2.0162e-11
5.6866e-11,7.7637e-11,6.794e-11
1.5239e-11,1.5019e-11,1.9936e-11
3.8744e-11,6.1299e-11,3.4748e-11
6.88e-11,7.8723e-11,5.1664e-11
2.14e-11,2.4557e-11,1.7359e-11
5.033e-11,7.9976e-11,5.1991e-11
3.0646e-11,4.5985e-11,2.4484e-11
1.8795e-11,1.4236e-11,1.506e-11
5.7736e-11,6.3139e-11,3.8858e-11
3.5262e-11,4.1467e-11,1.7826e-11
1.5819e-11,1.3545e-11,1.784e-11
4.0853e-11,5.7162e-11,4.005e-11
2.1025e-11,1.8217e-11,2.5222e-11
5.7086e-11,5.9512e-11,3.8362e-11
6.5476e-11,7.0398e-11,4.5511e-11
1.2449e-11,1.6621e-11,5.9493e-12
1.799e-11,2.3021e-11,1.3853e-11
1.234e-11,2.0141e-11,1.2404e-11
2.3816e-11,3.0212e-11,1.7067e-11
1.0952e-11,1.3726e-11,1.3416e-11
2.5464e-11,1.9254e-11,2.3132e-11
5.1988e-11,3.0298e-11,1.955e-11
2.4524e-11,2.3535e-11,3.1089e-11
6.7476e-11,1.7754e-11,6.6601e-11
8.1656e-11,2.6041e-11,6.6346e-11
5.2236e-11,2.0487e-11,5.4697e-11
4.544e-11,1.7336e-11,4.4867e-11
5.0834e-11,2.5318e-11,4.8636e-11
5.1015e-11,2.0373e-11,4.5417e-11
4.15e-11,1.2774e-11,4.3962e-11
3.319e-11,1.326e-11,2.9747e-11
5.2276e-11,1.6962e-11,4.3503e-11
8.7285e-11,2.5945e-11,5.8e-11
6.8485e-11,3.6541e-11,5.8757e-11
4.2715e-11,2.7758e-11,4.0758e-11
3.1702e-11,2.1673e-11,2.9122e-11
2.6385e-11,1.3934e-11,2.7643e-11
5.7435e-11,2.971e-11,6.0174e-11
4.1191e-11,3.3235e-11,3.121e-11
2.1674e-11,1.4331e-11,1.7722e-11
4.2456e-11,2.011e-11,3.6587e-11
2.7914e-11,1.9101e-11,2.2881e-11
7.349e-11,5.6007e-11,5.8507e-11
5.9652e-11,4.2143e-11,4.5762e-11
6.3692e-11,5.8671e-11,8.439e-11
3.5725e-11,1.8898e-11,3.2052e-11
3.4219e-11,2.1182e-11,3.1089e-11
6.6635e-11,5.3711e-11,4.9666e-11
2.589e-11,2.1875e-11,2.2272e-11
2.5147e-11,1.7701e-11,1.858e-11
1.8258e-11,1.8252e-11,2.0026e-11
5.2732e-11,4.9948e-11,5.3719e-11
5.8103e-11,7.5856e-11,7.3321e-11
2.7111e-11,2.5926e-11,2.1192e-11
2.0698e-11,2.3862e-11,2.2665e-11
2.5057e-11,3.2631e-11,2.0886e-11
7.3577e-11,8.1506e-11,5.6421e-11
5.7477e-11,6.3457e-11,3.9328e-11
3.5466e-11,4.1744e-11,2.9256e-11
1.9055e-11,1.6777e-11,1.6715e-11
6.7916e-11,7.8562e-11,4.6437e-11
1.7315e-11,2.3097e-11,1.4588e-11
3.0277e-11,4.1407e-11,2.9759e-11
1.5097e-11,1.7093e-11,1.0387e-11
1.1393e-11,1.2452e-11,1.7931e-11
1.5957e-11,2.0256e-11,1.4475e-11
4.7946e-11,3.3672e-11,2.3032e-11
1.545e-11,1.1936e-11,1.4029e-11
2.3845e-11,1.639e-11,1.5572e-11
1.4917e-11,1.8702e-11,1.2579e-11
3.2592e-11,2.1719e-11,1.9587e-11
1.8833e-11,3.703e-11,3.6869e-11
6.0536e-11,1.4677e-11,5.7629e-11
4.8396e-11,1.7072e-11,5.3191e-11
6.5635e-11,2.7552e-11,5.4602e-11
3.7e-11,1.6338e-11,3.8421e-11
3.4028e-11,1.2506e-11,3.3203e-11
3.9434e-11,2.0752e-11,4.0025e-11
4.0817e-11,1.864e-11,4.01e-11
9.1619e-11,4.7556e-11,8.3279e-11
8.7705e-11,4.7408e-11,7.751e-11
3.8332e-11,2.332e-11,3.4637e-11
3.2263e-11,2.0844e-11,3.0513e-11
6.6491e-11,4.2679e-11,4.8332e-11
3.5725e-11,2.7111e-11,5.0971e-11
2.7128e-11,1.6432e-11,2.5858e-11
3.0574e-11,1.903e-11,3.083e-11
5.643e-11,3.545e-11,5.9483e-11
5.9861e-11,3.9285e-11,7.1971e-11
3.0011e-11,1.9587e-11,2.7385e-11
7.2485e-11,6.5494e-11,9.5271e-11
3.1676e-11,2.311e-11,2.4919e-11
1.8079e-11,2.2925e-11,1.7551e-11
3.2846e-11,3.1393e-11,5.2528e-11
6.1763e-11,4.9596e-11,4.4413e-11
2.2933e-11,2.3539e-11,2.2838e-11
3.8867e-11,4.1853e-11,5.1055e-11
1.7654e-11,2.2225e-11,1.8633e-11
5.5328e-11,4.9628e-11,3.8193e-11
3.3085e-11,4.2305e-11,3.8153e-11
2.7666e-11,4.3446e-11,3.8408e-11
1.875e-11,3.0642e-11,2.4645e-11
2.1246e-11,3.1068e-11,1.7793e-11
4.5395e-11,7.5226e-11,5.338e-11
4.6757e-11,4.951e-11,3.0913e-11
1.9659e-11,4.0895e-11,2.0028e-11
2.3512e-11,3.9407e-11,1.6731e-11
6.6171e-11,7.0773e-11,4.5376e-11
1.372e-11,1.3999e-11,1.9722e-11
5.8431e-11,6.0268e-11,3.8542e-11
4.359e-11,4.1544e-11,2.934e-11
1.4245e-11,1.4959e-11,1.3504e-11
3.831e-11,2.2086e-11,3.9527e-11
2.8798e-11,2.2044e-11,1.7405e-11
2.0428e-11,1.5183e-11,2.0022e-11
1.4902e-11,1.4068e-11,1.0272e-11
8.1786e-11,2.6761e-11,7.7561e-11
6.7399e-11,1.8949e-11,6.7593e-11
6.4182e-11,1.5912e-11,6.0227e-11
5.7848e-11,1.7568e-11,6.1547e-11
6.2875e-11,2.4479e-11,6.2095e-11
4.2106e-11,2.368e-11,3.6115e-11
4.1203e-11,1.4348e-11,4.2879e-11
3.0906e-11,1.5981e-11,3.3041e-11
3.3374e-11,1.0946e-11,3.2376e-11
2.8501e-11,1.4517e-11,2.9008e-11
4.4603e-11,1.8294e-11,4.2597e-11
3.3808e-11,2.9012e-11,3.0846e-11
6.3362e-11,5.2696e-11,6.9945e-11
4.4654e-11,1.4968e-11,3.5083e-11
5.4991e-11,2.8524e-11,5.6963e-11
4.9338e-11,2.7959e-11,4.9992e-11
6.5481e-11,4.2262e-11,7.6121e-11
2.7115e-11,1.6688e-11,2.6288e-11
4.127e-11,3.6091e-11,3.082e-11
2.0732e-11,1.8294e-11,1.6121e-11
3.616e-11,2.7435e-11,3.4493e-11
2.8017e-11,2.0373e-11,2.339e-11
3.0597e-11,3.1679e-11,5.0725e-11
6.831e-11,5.8881e-11,5.1738e-11
1.6039e-11,1.4839e-11,1.8487e-11
3.5833e-11,3.5407e-11,4.3562e-11
4.7413e-11,6.8451e-11,6.9525e-11
3.7065e-11,5.2528e-11,4.6311e-11
2.7757e-11,3.7045e-11,3.3581e-11
4.228e-11,6.762e-11,5.6396e-11
2.7461e-11,2.7272e-11,1.9427e-11
2.2769e-11,2.8401e-11,2.0191e-11
6.6374e-11,7.5805e-11,4.4713e-11
1.686e-11,1.1167e-11,1.0136e-11
4.6542e-11,4.8602e-11,3.2249e-11
2.1168e-11,2.1931e-11,1.1453e-11
2.064e-11,1.4181e-11,1.5789e-11
6.8567e-11,7.4826e-11,4.5323e-11
4.8107e-11,4.9635e-11,3.0205e-11
3.4246e-11,3.2791e-11,2.687e-11
4.3732e-11,4.4463e-11,2.6742e-11
2.5717e-11,2.7527e-11,2.4591e-11
2.2891e-11,1.9158e-11,1.7987e-11
2.0849e-11,1.7478e-11,1.7792e-11
2.2877e-11,1.9256e-11,1.9827e-11
3.9933e-11,4.2662e-11,4.2629e-11
2.4569e-11,1.8426e-11,1.5084e-11
2.5294e-11,1.9044e-11,1.2813e-11
2.5193e-11,2.9586e-11,2.7338e-11
7.65e-11,2.35e-11,7.0625e-11
6.9607e-11,1.6434e-11,7.1219e-11
5.3058e-11,1.8467e-11,4.914e-11
6.3189e-11,2.0093e-11,6.0166e-11
4.6981e-11,1.8645e-11,4.7336e-11
8.9314e-11,3.2754e-11,6.1248e-11
9.43e-11,3.2141e-11,6.1779e-11
7.1815e-11,4.0429e-11,5.7196e-11
7.5966e-11,5.206e-11,5.3664e-11
2.9695e-11,1.4501e-11,2.8752e-11
6.94e-11,6.4359e-11,9.363e-11
4.8566e-11,2.3995e-11,3.9116e-11
3.6082e-11,2.7679e-11,2.7465e-11
4.4485e-11,3.2816e-11,3.7322e-11
3.7009e-11,2.8033e-11,3.3429e-11
4.4999e-11,3.0868e-11,5.6582e-11
3.1993e-11,2.3997e-11,4.3142e-11
4.7671e-11,5.891e-11,6.8219e-11
2.7377e-11,2.6452e-11,4.2196e-11
1.6366e-11,1.6709e-11,1.7998e-11
2.7149e-11,2.5814e-11,2.5128e-11
2.1274e-11,2.2082e-11,2.1674e-11
2.6507e-11,2.7788e-11,2.6347e-11
2.5112e-11,2.5659e-11,2.6913e-11
1.729e-11,1.4414e-11,2.0975e-11
2.1832e-11,3.5262e-11,2.7813e-11
4.2089e-11,6.3978e-11,5.232e-11
2.6259e-11,4.1168e-11,2.6187e-11
1.8565e-11,1.5702e-11,1.421e-11
1.2436e-11,1.4406e-11,1.3596e-11
2.2003e-11,1.8591e-11,1.6849e-11
2.7942e-11,3.0009e-11,2.1616e-11
2.3263e-11,2.5297e-11,2.7113e-11
4.2169e-11,5.8927e-11,4.968e-11
1.8226e-11,1.4055e-11,1.3121e-11
2.0281e-11,3.5582e-11,2.0182e-11
3.738e-11,3.4633e-11,2.1592e-11
2.655e-11,2.7536e-11,2.1609e-11
3.8976e-11,3.6049e-11,2.5203e-11
4.8231e-11,2.9272e-11,2.1801e-11
1.4739e-11,2.5639e-11,1.4814e-11
2.2862e-11,2.6068e-11,2.48e-11
2.7858e-11,2.2147e-11,1.5317e-11
2.9894e-11,2.8572e-11,1.7594e-11
7.5115e-11,1.738e-11,7.2416e-11
6.2557e-11,1.694e-11,6.1278e-11
7.2162e-11,2.954e-11,7.1174e-11
4.8228e-11,1.3435e-11,4.8679e-11
4.7612e-11,1.4173e-11,4.6859e-11
6.9854e-11,3.5944e-11,5.9516e-11
7.3613e-11,3.3909e-11,6.3055e-11
4.363e-11,2.3971e-11,3.7067e-11
3.6146e-11,1.6707e-11,3.858e-11
3.4832e-11,2.0543e-11,3.2336e-11
4.9158e-11,2.746e-11,4.0324e-11
4.8613e-11,2.005e-11,4.3117e-11
2.7005e-11,1.5027e-11,2.5311e-11
2.5617e-11,2.3628e-11,2.7809e-11
3.3554e-11,1.8524e-11,2.7279e-11
2.7448e-11,1.7294e-11,2.2708e-11
3.273e-11,2.2383e-11,3.3366e-11
2.7807e-11,1.3845e-11,2.8002e-11
2.6815e-11,1.4583e-11,2.1942e-11
5.6636e-11,4.0324e-11,7.5902e-11
5.1803e-11,3.5445e-11,4.2306e-11
2.1753e-11,1.9818e-11,2.0192e-11
1.9823e-11,1.4882e-11,1.9129e-11
2.8522e-11,1.8886e-11,3.099e-11
1.8375e-11,1.9937e-11,1.8457e-11
2.0206e-11,2.4468e-11,2.4092e-11
5.016e-11,6.9847e-11,6.9879e-11
2.5477e-11,2.9659e-11,4.0079e-11
1.8134e-11,2.6885e-11,1.6738e-11
2.3173e-11,3.0841e-11,3.5184e-11
1.4939e-11,2.1947e-11,2.2308e-11
4.6115e-11,6.8881e-11,6.4074e-11
1.5931e-11,1.3716e-11,1.8377e-11
2.415e-11,3.6147e-11,2.8525e-11
5.6221e-11,5.9851e-11,3.5313e-11
1.7824e-11,2.2927e-11,1.2621e-11
2.3545e-11,4.0033e-11,3.0525e-11
3.051e-11,4.1329e-11,3.3644e-11
1.6041e-11,1.5634e-11,1.4096e-11
4.1879e-11,6.1597e-11,5.4617e-11
4.2472e-11,3.832e-11,2.6674e-11
3.1483e-11,2.7835e-11,1.7289e-11
4.0945e-11,5.413e-11,5.4694e-11
2.4378e-11,1.9871e-11,1.176e-11
2.393e-11,2.6587e-11,1.9951e-11
3.2391e-11,2.584e-11,1.6288e-11
2.1984e-11,1.8504e-11,1.9613e-11
3.0323e-11,2.9346e-11,2.2549e-11
2.1121e-11,2.0096e-11,2.2953e-11
8.3653e-11,2.5319e-11,7.9284e-11
8.0631e-11,2.3248e-11,7.6501e-11
5.1626e-11,1.6533e-11,5.229e-11
4.8178e-11,1.4376e-11,4.7893e-11
4.026e-11,1.8234e-11,3.8047e-11
3.9805e-11,1.4189e-11,4.0114e-11
5.7675e-11,1.8651e-11,5.1309e-11
3.0056e-11,1.9535e-11,3.0069e-11
4.372e-11,1.6907e-11,4.0206e-11
8.4626e-11,3.9424e-11,8.0386e-11
2.5502e-11,2.5771e-11,2.6587e-11
2.8471e-11,1.9559e-11,2.3162e-11
2.3758e-11,1.8865e-11,2.2025e-11
2.5598e-11,1.2825e-11,3.0177e-11
2.4989e-11,1.2698e-11,2.2705e-11
4.8958e-11,5.4701e-11,7.388e-11
4.5779e-11,5.2861e-11,6.7113e-11
6.44e-11,5.4341e-11,4.5751e-11
3.9925e-11,3.9708e-11,3.0987e-11
1.6842e-11,2.2534e-11,1.8717e-11
1.9897e-11,2.2546e-11,1.9577e-11
3.3095e-11,3.0643e-11,2.5872e-11
1.7583e-11,1.9368e-11,2.7048e-11
3.0376e-11,3.2122e-11,3.2991e-11
3.7356e-11,5.1855e-11,5.262e-11
7.1425e-11,7.287e-11,4.9671e-11
2.1393e-11,2.1033e-11,1.8372e-11
1.9188e-11,2.0117e-11,2.1578e-11
1.9903e-11,1.7816e-11,1.9115e-11
3.8733e-11,3.7976e-11,2.5979e-11
2.6206e-11,2.7091e-11,2.6699e-11
2.4353e-11,3.4337e-11,2.8915e-11
2.519e-11,4.312e-11,4.4272e-11
2.8995e-11,3.6865e-11,1.5595e-11
3.9636e-11,6.1763e-11,5.4159e-11
2.312e-11,2.1868e-11,1.7421e-11
1.6282e-11,1.4789e-11,2.2155e-11
5.18e-11,4.8486e-11,3.0803e-11
2.0034e-11,1.6371e-11,2.231e-11
2.598e-11,2.0653e-11,1.2895e-11
3.0931e-11,4.2338e-11,4.0101e-11
2.2684e-11,3.2584e-11,1.9334e-11
7.2541e-11,2.4588e-11,7.1441e-11
4.9681e-11,1.8767e-11,5.1391e-11
5.3382e-11,1.995e-11,5.0464e-11
7.9562e-11,3.6122e-11,5.9505e-11
7.9762e-11,3.4553e-11,5.9337e-11
6.1229e-11,3.369e-11,4.8789e-11
3.1837e-11,2.4695e-11,2.7267e-11
2.5942e-11,1.8436e-11,3.1966e-11
4.5725e-11,1.8212e-11,3.465e-11
2.4877e-11,2.7506e-11,2.7609e-11
5.3489e-11,2.1206e-11,4.8351e-11
6.701e-11,4.2624e-11,6.9031e-11
2.9114e-11,2.3514e-11,3.0217e-11
2.9404e-11,2.3344e-11,3.6657e-11
3.0706e-11,1.6983e-11,2.7629e-11
4.674e-11,2.4427e-11,3.6547e-11
2.8756e-11,2.4055e-11,4.0486e-11
7.1736e-11,4.839e-11,5.1572e-11
2.4889e-11,1.1589e-11,2.7732e-11
5.9146e-11,5.8068e-11,8.6967e-11
2.7572e-11,3.208e-11,4.1047e-11
1.7848e-11,1.4525e-11,1.6186e-11
1.8206e-11,1.8069e-11,1.9954e-11
2.5782e-11,2.9495e-11,4.0028e-11
5.7679e-11,4.8431e-11,4.2127e-11
2.7423e-11,2.676e-11,2.1815e-11
2.1261e-11,2.8475e-11,2.3652e-11
2.2643e-11,3.194e-11,3.677e-11
1.9526e-11,1.9936e-11,2.0686e-11
1.5768e-11,1.6228e-11,1.5896e-11
1.8828e-11,2.565e-11,1.527e-11
2.2486e-11,3.3455e-11,2.8342e-11
6.8962e-11,7.4628e-11,4.1885e-11
2.3968e-11,3.7381e-11,2.78e-11
1.9615e-11,2.5793e-11,1.0473e-11
1.4965e-11,1.7264e-11,9.3255e-12
1.6492e-11,2.9469e-11,3.4067e-11
3.1269e-11,2.9649e-11,1.7728e-11
3.9181e-11,5.9355e-11,5.4186e-11
3.7783e-11,3.6425e-11,2.1422e-11
2.7256e-11,2.6908e-11,2.0255e-11
1.8112e-11,2.403e-11,2.7235e-11
3.557e-11,5.0584e-11,5.2369e-11
1.7677e-11,2.1097e-11,1.2388e-11
3.2316e-11,3.1426e-11,2.3789e-11
2.2214e-11,1.8367e-11,2.356e-11
2.0086e-11,2.1222e-11,1.1671e-11
2.3925e-11,2.6034e-11,2.3021e-11
7.842e-11,2.3088e-11,7.4096e-11
7.5521e-11,1.9051e-11,7.2805e-11
5.2425e-11,1.8837e-11,4.9945e-11
6.3399e-11,2.3817e-11,5.9371e-11
5.7303e-11,2.3613e-11,5.6657e-11
3.855e-11,1.8449e-11,3.629e-11
6.9746e-11,2.877e-11,5.7722e-11
6.682e-11,3.5359e-11,5.3288e-11
6.9167e-11,4.0319e-11,5.5934e-11
3.1356e-11,2.8331e-11,2.7379e-11
2.8177e-11,3.9287e-11,3.2756e-11
7.8751e-11,3.864e-11,6.4865e-11
2.7521e-11,2.16e-11,2.9627e-11
3.6998e-11,2.7672e-11,3.4021e-11
7.4921e-11,5.5656e-11,5.0525e-11
3.6498e-11,2.8196e-11,3.229e-11
2.5023e-11,1.4651e-11,3.2767e-11
2.353e-11,1.199e-11,2.8329e-11
2.6893e-11,1.3589e-11,3.0398e-11
6.1358e-11,4.4246e-11,4.4612e-11
2.0412e-11,1.8022e-11,2.1964e-11
1.8341e-11,1.4183e-11,1.948e-11
4.6626e-11,4.9373e-11,7.3419e-11
2.413e-11,1.946e-11,3.2975e-11
1.8002e-11,1.7933e-11,1.7712e-11
2.1138e-11,2.9521e-11,2.8841e-11
2.0478e-11,2.6777e-11,2.6967e-11
7.5953e-11,7.8882e-11,4.9179e-11
6.5759e-11,7.1708e-11,4.3028e-11
2.1056e-11,2.7485e-11,1.7356e-11
1.6652e-11,2.0397e-11,1.2182e-11
1.8252e-11,2.1563e-11,1.9844e-11
1.7522e-11,1.2717e-11,2.008e-11
2.2222e-11,3.8408e-11,3.0259e-11
1.9023e-11,1.4551e-11,1.2034e-11
2.8236e-11,1.9799e-11,1.0114e-11
5.3705e-11,5.1587e-11,3.102e-11
1.9213e-11,2.116e-11,3.8603e-11
3.5388e-11,3.4739e-11,2.0678e-11
7.5576e-11,2.5739e-11,7.5905e-11
5.9575e-11,2.0277e-11,6.036e-11
5.6807e-11,2.1529e-11,6.1552e-11
5.2829e-11,1.9983e-11,4.5875e-11
4.5506e-11,1.5851e-11,4.901e-11
5.675e-11,1.9623e-11,5.2432e-11
3.9844e-11,1.8154e-11,3.864e-11
5.4966e-11,1.7778e-11,5.102e-11
7.4155e-11,2.7499e-11,5.8276e-11
8.3392e-11,3.2006e-11,6.214e-11
3.1143e-11,1.519e-11,3.023e-11
8.8215e-11,4.874e-11,8.4004e-11
5.9803e-11,3.9917e-11,4.5146e-11
5.6763e-11,3.3651e-11,4.9421e-11
2.3885e-11,1.8659e-11,1.9441e-11
2.2248e-11,1.7961e-11,1.8084e-11
6.3818e-11,4.5557e-11,4.5698e-11
3.6395e-11,2.6886e-11,3.3516e-11
5.3697e-11,5.286e-11,7.7284e-11
2.5478e-11,2.1104e-11,3.0689e-11
2.4661e-11,2.0571e-11,2.6273e-11
6.0246e-11,4.9891e-11,4.2115e-11
3.5454e-11,3.2238e-11,2.5898e-11
2.1374e-11,2.0206e-11,2.4835e-11
3.817e-11,3.6574e-11,2.6937e-11
2.1359e-11,2.0225e-11,2.4787e-11
1.7555e-11,1.566e-11,1.5102e-11
1.8396e-11,2.4689e-11,2.5502e-11
3.4343e-11,6.2904e-11,5.9546e-11
6.4157e-11,6.9169e-11,3.7675e-11
4.3571e-11,4.5106e-11,2.4147e-11
2.3124e-11,1.5954e-11,1.5713e-11
1.4902e-11,1.5408e-11,8.0291e-12
2.3494e-11,2.197e-11,1.265e-11
1.6982e-11,1.4348e-11,1.3099e-11
3.2095e-11,5.1386e-11,4.8592e-11
3.346e-11,3.3364e-11,2.0497e-11
1.6281e-11,2.4643e-11,1.3487e-11
1.8553e-11,1.5571e-11,1.598e-11
2.2174e-11,1.3233e-11,1.7716e-11
2.3054e-11,2.5237e-11,2.2337e-11
2.1033e-11,1.502e-11,2.4511e-11
2.2382e-11,2.1753e-11,3.7774e-11
1.7681e-11,1.5079e-11,7.062e-12
6.7449e-11,2.3447e-11,7.1205e-11
8.6303e-11,2.909e-11,8.0086e-11
5.7095e-11,1.7913e-11,5.5115e-11
6.2943e-11,2.0741e-11,6.5044e-11
6.5191e-11,2.0896e-11,5.9501e-11
4.3349e-11,1.5061e-11,4.2048e-11
8.4249e-11,3.4387e-11,5.9959e-11
8.8138e-11,3.5743e-11,6.3975e-11
3.4564e-11,2.2185e-11,3.2548e-11
2.9684e-11,1.2401e-11,3.2658e-11
8.7789e-11,4.9752e-11,7.9888e-11
4.3036e-11,2.1851e-11,4.1163e-11
4.7095e-11,1.7012e-11,3.8767e-11
7.6983e-11,3.6393e-11,6.159e-11
2.8601e-11,1.1128e-11,3.2186e-11
2.8098e-11,1.6753e-11,2.8684e-11
2.4316e-11,1.4322e-11,2.3578e-11
6.4462e-11,4.9859e-11,8.8658e-11
1.6407e-11,1.1669e-11,1.5662e-11
6.7734e-11,5.696e-11,4.6869e-11
4.1977e-11,4.48e-11,5.8925e-11
2.6491e-11,2.5025e-11,2.7639e-11
1.9085e-11,2.3105e-11,1.9972e-11
2.6438e-11,2.953e-11,5.0698e-11
2.4746e-11,3.1451e-11,4.1225e-11
6.9482e-11,7.1486e-11,4.5391e-11
1.8949e-11,2.8883e-11,3.4506e-11
2.0299e-11,3.017e-11,3.0023e-11
2.1253e-11,2.9989e-11,1.1734e-11
2.9764e-11,3.4492e-11,1.5942e-11
1.9981e-11,3.04e-11,2.7551e-11
3.1071e-11,3.965e-11,2.9864e-11
3.0485e-11,5.3595e-11,4.8606e-11
1.9495e-11,2.0732e-11,1.6742e-11
1.544e-11,1.3252e-11,1.5318e-11
1.5796e-11,1.8395e-11,1.0823e-11
1.5832e-11,1.0764e-11,1.1764e-11
4.1795e-11,4.2392e-11,2.8642e-11
2.9522e-11,2.604e-11,1.4198e-11
1.8484e-11,2.0923e-11,4.7167e-11
2.6024e-11,4.0061e-11,3.536e-11
1.8294e-11,1.4931e-11,8.4134e-12
1.5983e-11,2.4788e-11,7.8138e-12
3.5745e-11,6.0499e-11,6.1605e-11
4.0736e-11,3.5304e-11,2.1798e-11
1.616e-11,1.2525e-11,1.8022e-11
3.1603e-11,5.2703e-11,5.2031e-11
1.2845e-11,8.7367e-12,1.755e-11
1.412e-11,1.0716e-11,2.0783e-11
1.9087e-11,1.3028e-11,1.5754e-11
1.3253e-11,1.1632e-11,1.0683e-11
1.5521e-11,3.0713e-11,8.3023e-12
2.0551e-11,1.4741e-11,3.3863e-11
6.9405e-11,2.5782e-11,6.3796e-11
4.4535e-11,2.4257e-11,5.2166e-11
4.4555e-11,3.002e-11,4.8907e-11
4.5847e-11,1.7767e-11,4.9623e-11
8.2134e-11,3.7879e-11,6.9118e-11
3.9549e-11,2.2532e-11,3.7454e-11
4.5256e-11,2.8417e-11,3.7807e-11
8.8751e-11,4.2765e-11,7.0021e-11
2.9129e-11,2.1018e-11,3.7141e-11
3.1309e-11,1.8614e-11,3.1346e-11
2.9256e-11,2.9363e-11,3.7377e-11
2.3536e-11,1.0035e-11,2.3464e-11
2.1294e-11,1.6404e-11,2.6009e-11
1.6379e-11,1.1813e-11,1.7808e-11
3.3716e-11,3.0821e-11,2.5641e-11
2.7152e-11,2.4766e-11,3.9891e-11
2.2862e-11,3.7745e-11,3.5914e-11
2.7483e-11,2.9331e-11,2.1848e-11
1.8613e-11,1.8306e-11,2.3687e-11
2.9896e-11,2.9703e-11,1.9718e-11
4.3313e-11,4.3721e-11,2.6543e-11
4.1481e-11,7.3175e-11,7.5839e-11
2.7923e-11,2.489e-11,2.5181e-11
2.3708e-11,3.5268e-11,3.8561e-11
1.9134e-11,1.874e-11,2.3695e-11
1.93e-11,3.0644e-11,2.3882e-11
3.4562e-11,6.8374e-11,6.8468e-11
4.4501e-11,4.6099e-11,2.4657e-11
2.0638e-11,1.7965e-11,1.9281e-11
3.2682e-11,5.9284e-11,5.5043e-11
1.7182e-11,1.1406e-11,1.0504e-11
3.9894e-11,3.745e-11,2.0874e-11
1.8548e-11,2.1636e-11,4.8115e-11
1.7856e-11,2.0364e-11,4.4107e-11
1.5258e-11,2.7881e-11,3.1083e-11
1.7144e-11,1.1741e-11,1.3689e-11
2.0195e-11,1.6326e-11,1.9086e-11
2.075e-11,1.726e-11,1.9546e-11
2.7116e-11,2.3839e-11,2.7449e-11
1.247e-11,1.1768e-11,1.9622e-11
2.2517e-11,2.1759e-11,3.027e-11
1.5171e-11,2.6604e-11,7.7591e-12
2.9882e-11,2.7569e-11,2.8324e-11
6.5601e-11,3.1885e-11,5.8647e-11
5.1277e-11,2.0858e-11,5.7968e-11
5.7947e-11,2.7864e-11,4.4716e-11
4.0675e-11,1.6408e-11,3.8498e-11
4.3727e-11,2.2723e-11,4.0984e-11
4.4106e-11,1.889e-11,4.3498e-11
3.6988e-11,2.5069e-11,4.2053e-11
3.7793e-11,1.5714e-11,3.2587e-11
4.3802e-11,2.1981e-11,4.3133e-11
2.7807e-11,3.2572e-11,3.0529e-11
4.2456e-11,2.1061e-11,3.9176e-11
3.0514e-11,1.9754e-11,3.1579e-11
5.3883e-11,2.3508e-11,3.9508e-11
2.7816e-11,2.8055e-11,4.0174e-11
2.6155e-11,2.0096e-11,2.1709e-11
4.6907e-11,2.5836e-11,4.8758e-11
6.6265e-11,5.2702e-11,8.5628e-11
1.9179e-11,2.039e-11,1.657e-11
3.7616e-11,2.3437e-11,3.4021e-11
4.0237e-11,2.5767e-11,5.3303e-11
5.1059e-11,4.888e-11,7.4929e-11
6.4244e-11,5.4296e-11,4.3513e-11
5.0229e-11,4.3838e-11,3.3417e-11
1.9598e-11,2.0798e-11,2.1062e-11
4.648e-11,5.8149e-11,7.1891e-11
2.8012e-11,3.1758e-11,2.3112e-11
1.5322e-11,1.764e-11,2.0539e-11
3.9371e-11,5.8175e-11,7.0128e-11
2.9111e-11,2.643e-11,2.5557e-11
2.6097e-11,3.0899e-11,4.1656e-11
3.0599e-11,4.9038e-11,5.2676e-11
6.5522e-11,6.5906e-11,3.8167e-11
2.7092e-11,2.772e-11,2.6835e-11
3.252e-11,6.3689e-11,6.1406e-11
7.0019e-11,7.4673e-11,3.9787e-11
2.5114e-11,4.1094e-11,3.3268e-11
1.3515e-11,1.478e-11,2.2855e-11
1.8814e-11,1.7462e-11,2.1252e-11
5.2089e-11,5.4881e-11,2.7285e-11
6.5392e-11,7.0297e-11,3.7217e-11
2.9206e-11,5.4527e-11,5.0426e-11
4.2791e-11,3.9202e-11,2.413e-11
1.6695e-11,1.967e-11,3.4734e-11
1.9962e-11,1.8423e-11,8.695e-12
1.5081e-11,1.1782e-11,1.704e-11
1.4249e-11,2.1971e-11,2.5255e-11
3.3318e-11,6.2449e-11,5.9151e-11
2.0385e-11,1.8409e-11,1.0925e-11
2.5662e-11,2.9763e-11,2.8713e-11
2.7175e-11,2.5345e-11,2.4959e-11
1.8795e-11,1.7696e-11,1.6218e-11
1.5497e-11,1.2247e-11,8.5338e-12
2.0458e-11,2.0276e-11,3.1198e-11
2.1159e-11,1.5644e-11,1.6638e-11
6.8286e-11,2.1354e-11,6.8813e-11
5.8512e-11,2.1055e-11,5.6204e-11
5.0498e-11,2.3947e-11,4.6097e-11
5.9483e-11,2.2979e-11,5.3722e-11
7.1413e-11,3.5073e-11,5.8124e-11
4.3643e-11,2.7198e-11,3.851e-11
5.4364e-11,2.4196e-11,5.2536e-11
4.7334e-11,2.0992e-11,4.1167e-11
7.6951e-11,5.1206e-11,8.0378e-11
5.5381e-11,4.0015e-11,7.065e-11
3.9853e-11,2.837e-11,3.9555e-11
3.2077e-11,1.9881e-11,2.7108e-11
2.0842e-11,2.2493e-11,1.7344e-11
6.3041e-11,5.9356e-11,8.6705e-11
3.8872e-11,1.6857e-11,3.4252e-11
3.6341e-11,3.2548e-11,5.0149e-11
3.4496e-11,1.9045e-11,2.9744e-11
2.6765e-11,2.9572e-11,3.9852e-11
3.9304e-11,3.6906e-11,2.827e-11
2.6383e-11,2.6459e-11,3.2746e-11
1.5828e-11,1.3371e-11,1.8361e-11
1.52e-11,1.3318e-11,1.5569e-11
2.0385e-11,1.709e-11,2.2975e-11
4.4416e-11,7.5519e-11,7.6894e-11
5.8358e-11,5.9565e-11,3.7854e-11
1.9974e-11,3.5149e-11,3.613e-11
2.4698e-11,4.4819e-11,3.9875e-11
2.2608e-11,2.0888e-11,1.5307e-11
1.7038e-11,1.3908e-11,2.2133e-11
1.8299e-11,2.8525e-11,1.8081e-11
2.7711e-11,2.6139e-11,1.2797e-11
1.5983e-11,1.3255e-11,7.9369e-12
2.8733e-11,5.5259e-11,5.2046e-11
1.5578e-11,1.2155e-11,7.5811e-12
1.4461e-11,1.1768e-11,5.6087e-12
2.1278e-11,1.6379e-11,1.6657e-11
2.1552e-11,2.2282e-11,2.266e-11
7.0774e-11,2.3289e-11,6.9076e-11
5.6305e-11,2.2047e-11,5.0618e-11
5.6884e-11,2.1911e-11,5.0968e-11
4.1775e-11,1.68e-11,4.6014e-11
5.8061e-11,2.9185e-11,5.7669e-11
7.6466e-11,3.6361e-11,6.5346e-11
3.6308e-11,2.4349e-11,4.1702e-11
7.2281e-11,3.1257e-11,5.9656e-11
7.0264e-11,4.4617e-11,5.3032e-11
3.8266e-11,2.2632e-11,3.8365e-11
4.0893e-11,2.5454e-11,4.007e-11
9.1529e-11,4.3203e-11,7.1318e-11
7.1061e-11,4.5505e-11,5.255e-11
9.4507e-11,4.2339e-11,7.6905e-11
5.5402e-11,3.3236e-11,4.2238e-11
6.8979e-11,4.7274e-11,5.0919e-11
6.8274e-11,3.2295e-11,5.7171e-11
3.5145e-11,2.2562e-11,3.2504e-11
2.5164e-11,1.5402e-11,2.6285e-11
6.9231e-11,5.2586e-11,9.1596e-11
2.8239e-11,1.6999e-11,2.8474e-11
2.8461e-11,1.7451e-11,2.1932e-11
3.8034e-11,3.2444e-11,3.0551e-11
2.6208e-11,1.6631e-11,2.6141e-11
2.6984e-11,1.5751e-11,2.5063e-11
2.1859e-11,1.6776e-11,2.5776e-11
2.4694e-11,2.3752e-11,2.0363e-11
1.874e-11,2.5001e-11,2.4428e-11
1.6423e-11,1.3144e-11,1.7294e-11
5.4672e-11,7.0005e-11,7.9421e-11
4.141e-11,4.7695e-11,6.7756e-11
4.8881e-11,5.3872e-11,6.4238e-11
2.1003e-11,2.9779e-11,2.2114e-11
7.4388e-11,7.8503e-11,3.767e-11
3.3018e-11,3.4232e-11,1.7249e-11
1.6393e-11,1.9709e-11,1.7721e-11
3.4669e-11,3.2535e-11,1.5452e-11
1.2395e-11,1.3386e-11,1.3365e-11
1.914e-11,1.7358e-11,1.2028e-11
1.7541e-11,2.1909e-11,3.8589e-11
5.655e-11,5.9044e-11,2.927e-11
1.6103e-11,1.2581e-11,1.6409e-11
1.3588e-11,1.1731e-11,1.6792e-11
2.7941e-11,5.6394e-11,5.2356e-11
6.0551e-11,6.3272e-11,3.4556e-11
5.5501e-11,5.5544e-11,2.9898e-11
1.8852e-11,1.5391e-11,2.626e-11
4.0546e-11,3.597e-11,2.0743e-11
1.3074e-11,1.8652e-11,1.2781e-11
1.9712e-11,2.2741e-11,2.9031e-11
3.0394e-11,2.9214e-11,3.6373e-11
1.7098e-11,1.533e-11,1.8852e-11
1.9417e-11,2.627e-11,8.9227e-12
1.3437e-11,1.7225e-11,1.434e-11
1.7471e-11,1.7219e-11,2.0853e-11
8.4078e-11,3.0044e-11,7.7957e-11
8.2411e-11,3.0778e-11,7.3228e-11
5.6082e-11,4.1401e-11,6.0395e-11
5.9169e-11,2.1698e-11,5.5115e-11
5.8119e-11,3.4589e-11,5.1205e-11
6.445e-11,2.3941e-11,6.1536e-11
3.4263e-11,2.5068e-11,3.2085e-11
3.0769e-11,2.9634e-11,2.9404e-11
4.5722e-11,2.4406e-11,4.652e-11
4.0501e-11,2.4578e-11,3.9947e-11
6.2899e-11,4.4879e-11,4.6874e-11
5.2827e-11,3.7487e-11,4.1186e-11
3.6675e-11,2.2431e-11,2.7898e-11
3.2556e-11,2.3767e-11,2.627e-11
2.315e-11,2.1062e-11,2.5178e-11
5.9127e-11,4.189e-11,7.2879e-11
2.0835e-11,1.9956e-11,2.0297e-11
6.8893e-11,6.071e-11,9.1286e-11
4.0123e-11,3.4897e-11,3.2218e-11
3.5361e-11,2.7959e-11,2.7077e-11
2.0161e-11,2.426e-11,1.6998e-11
4.3459e-11,4.2883e-11,6.2673e-11
3.7743e-11,3.372e-11,2.9587e-11
2.8787e-11,1.1862e-11,1.8355e-11
5.6142e-11,4.8474e-11,7.7095e-11
2.2829e-11,1.5331e-11,2.5219e-11
4.1788e-11,2.9762e-11,4.8584e-11
4.3032e-11,3.5659e-11,4.2068e-11
1.6334e-11,1.4447e-11,2.0905e-11
1.6181e-11,1.4379e-11,2.0812e-11
1.5881e-11,1.2955e-11,2.0654e-11
2.3854e-11,2.842e-11,3.8166e-11
2.214e-11,3.6763e-11,3.8413e-11
2.3202e-11,1.8124e-11,1.7094e-11
7.4033e-11,7.8267e-11,3.9786e-11
6.7651e-11,7.1149e-11,3.5025e-11
3.0649e-11,6.4893e-11,6.1369e-11
1.2278e-11,1.492e-11,1.474e-11
1.1777e-11,1.3675e-11,1.2817e-11
1.5182e-11,1.8238e-11,1.3164e-11
1.2292e-11,8.1707e-12,1.0495e-11
1.6622e-11,1.1797e-11,2.2541e-11
1.6602e-11,1.0988e-11,5.7042e-12
1.1147e-11,1.3581e-11,9.5436e-12
1.7342e-11,1.1899e-11,1.7964e-11
9.5558e-12,1.0186e-11,8.7281e-12
5.8392e-11,2.2204e-11,5.9952e-11
4.9067e-11,2.291e-11,5.2779e-11
6.0836e-11,2.6112e-11,5.3964e-11
3.9145e-11,2.7594e-11,4.1373e-11
3.7772e-11,2.2479e-11,4.1645e-11
3.9058e-11,2.2404e-11,3.1714e-11
6.5102e-11,4.1882e-11,4.7528e-11
3.0707e-11,2.0078e-11,3.0276e-11
3.4524e-11,2.1382e-11,2.9271e-11
6.5117e-11,4.6038e-11,4.8113e-11
3.753e-11,1.8841e-11,3.5562e-11
6.7568e-11,4.8263e-11,8.6931e-11
2.4916e-11,1.0435e-11,2.1354e-11
6.3804e-11,5.7717e-11,8.3428e-11
2.6136e-11,2.701e-11,2.8326e-11
2.5428e-11,1.4814e-11,2.5535e-11
4.0797e-11,3.431e-11,5.7128e-11
2.4807e-11,2.1227e-11,2.3175e-11
5.4766e-11,5.1003e-11,3.5032e-11
1.4681e-11,1.5279e-11,1.4168e-11
1.5389e-11,1.0722e-11,1.3246e-11
4.969e-11,4.407e-11,3.8998e-11
1.7823e-11,1.942e-11,2.1371e-11
2.9001e-11,2.5652e-11,4.0405e-11
6.5431e-11,6.5127e-11,3.9636e-11
5.1923e-11,4.7808e-11,3.1621e-11
3.0662e-11,2.877e-11,1.9747e-11
3.3758e-11,2.6219e-11,3.7284e-11
2.3649e-11,4.8564e-11,4.5987e-11
3.0873e-11,7.0241e-11,5.9976e-11
2.5494e-11,2.7125e-11,1.2344e-11
1.3975e-11,1.0609e-11,7.9241e-12
1.4868e-11,1.0292e-11,1.9566e-11
1.9887e-11,2.9187e-11,2.1955e-11
2.5076e-11,4.7929e-11,4.9497e-11
2.9038e-11,6.3487e-11,6.5172e-11
3.0507e-11,2.5872e-11,1.7943e-11
1.9375e-11,1.259e-11,2.5575e-11
1.5241e-11,1.0959e-11,8.2295e-12
3.5297e-11,3.1928e-11,1.572e-11
2.6143e-11,3.6783e-11,3.904e-11
1.2666e-11,1.5386e-11,9.6567e-12
3.5525e-11,2.0762e-11,3.3599e-11
1.3222e-11,1.6485e-11,1.52e-11
2.6704e-11,2.3982e-11,3.3294e-11
7.27e-11,2.6038e-11,7.3801e-11
6.5047e-11,2.3029e-11,6.0969e-11
7.2185e-11,3.2129e-11,6.0765e-11
6.0256e-11,2.4594e-11,5.4944e-11
7.1035e-11,3.6351e-11,5.8379e-11
7.9297e-11,3.2523e-11,6.4623e-11
6.2491e-11,2.9251e-11,5.134e-11
6.8019e-11,3.8439e-11,6.1685e-11
2.4951e-11,1.6592e-11,2.3058e-11
2.8455e-11,2.4687e-11,2.7447e-11
3.6171e-11,2.2806e-11,2.8907e-11
2.6227e-11,1.4908e-11,2.6864e-11
2.5465e-11,1.5176e-11,2.4032e-11
6.7965e-11,5.6711e-11,9.3896e-11
2.525e-11,2.1234e-11,2.779e-11
2.5087e-11,1.6197e-11,2.5931e-11
4.2695e-11,3.7758e-11,6.0868e-11
2.6382e-11,2.3842e-11,1.928e-11
2.2218e-11,1.246e-11,2.4512e-11
3.045e-11,3.1148e-11,2.394e-11
1.9421e-11,1.3968e-11,1.9183e-11
2.3519e-11,2.3594e-11,2.5456e-11
6.5863e-11,5.8161e-11,4.2356e-11
3.8388e-11,6.0024e-11,6.6712e-11
1.8136e-11,1.9407e-11,2.1589e-11
6.2662e-11,5.7065e-11,3.6602e-11
1.8132e-11,1.9507e-11,1.2308e-11
3.1153e-11,3.6084e-11,4.5267e-11
2.3281e-11,3.6114e-11,3.7509e-11
3.6763e-11,3.6099e-11,2.4917e-11
2.0991e-11,2.2413e-11,2.8342e-11
2.2909e-11,2.3257e-11,1.4947e-11
7.1969e-11,7.636e-11,3.6396e-11
2.1534e-11,3.0766e-11,2.775e-11
1.8615e-11,1.6191e-11,1.0533e-11
3.8248e-11,3.6153e-11,1.8282e-11
1.7357e-11,2.4356e-11,1.7412e-11
3.1796e-11,2.4024e-11,2.5865e-11
2.3629e-11,2.7677e-11,1.8548e-11
1.0227e-11,2.2693e-11,1.8086e-11
2.9626e-11,2.6167e-11,1.6466e-11
2.1612e-11,1.9259e-11,3.4966e-11
1.9585e-11,2.1761e-11,2.8929e-11
1.605e-11,1.8595e-11,1.4769e-11
2.3233e-11,2.9836e-11,2.2972e-11
1.3633e-11,2.0681e-11,1.0578e-11
2.6625e-11,1.5998e-11,2.5901e-11
1.6216e-11,1.7904e-11,2.1566e-11
3.1939e-11,1.806e-11,3.2355e-11
7.3362e-11,2.6762e-11,7.1537e-11
6.6413e-11,2.6628e-11,6.4497e-11
6.5617e-11,2.9306e-11,6.5495e-11
7.4573e-11,3.3741e-11,6.3681e-11
6.1362e-11,2.4561e-11,5.1431e-11
5.0522e-11,2.4074e-11,4.5911e-11
6.7096e-11,2.2947e-11,5.9602e-11
7.7327e-11,4.458e-11,5.9162e-11
4.9944e-11,2.4166e-11,4.6934e-11
3.6748e-11,1.843e-11,4.6783e-11
3.7775e-11,3.0941e-11,3.9773e-11
7.228e-11,3.5519e-11,6.2835e-11
4.3109e-11,2.7377e-11,4.3223e-11
2.7883e-11,2.1719e-11,2.5409e-11
8.2034e-11,4.1582e-11,7.9673e-11
3.0604e-11,2.035e-11,3.1357e-11
3.7157e-11,2.684e-11,3.7267e-11
3.6645e-11,1.7468e-11,3.2089e-11
7.5029e-11,4.8855e-11,7.7184e-11
2.5495e-11,2.8935e-11,2.2524e-11
2.8342e-11,2.0864e-11,2.9916e-11
3.4313e-11,2.6505e-11,2.7707e-11
6.4473e-11,5.2372e-11,7.5859e-11
2.5907e-11,1.7211e-11,2.5279e-11
2.0201e-11,2.1946e-11,1.6199e-11
3.1021e-11,1.8497e-11,3.0062e-11
2.5114e-11,2.2388e-11,2.9315e-11
2.0432e-11,2.433e-11,1.6948e-11
2.6061e-11,1.5177e-11,1.9857e-11
6.0127e-11,7.4365e-11,8.0154e-11
5.8643e-11,5.4688e-11,3.722e-11
2.513e-11,2.2832e-11,1.9784e-11
1.855e-11,1.9535e-11,1.275e-11
2.466e-11,2.6103e-11,3.3338e-11
2.4371e-11,3.6741e-11,3.8158e-11
6.4516e-11,6.5446e-11,3.0144e-11
2.2914e-11,3.4621e-11,3.5176e-11
2.5584e-11,2.8902e-11,1.2351e-11
2.3481e-11,2.5417e-11,1.3213e-11
2.302e-11,2.4976e-11,1.5853e-11
2.112e-11,4.29e-11,3.3233e-11
1.6014e-11,2.2822e-11,3.5116e-11
2.0188e-11,1.8125e-11,1.3893e-11
4.2386e-11,3.9653e-11,2.1795e-11
5.3943e-11,5.2723e-11,2.5128e-11
2.1425e-11,1.0457e-11,1.3281e-11
1.2156e-11,9.61e-12,1.4161e-11
2.0486e-11,1.4198e-11,1.5593e-11
2.2941e-11,1.6704e-11,2.0906e-11
1.3952e-11,2.7474e-11,1.9597e-11
1.7089e-11,1.9603e-11,7.8004e-12
1.4379e-11,1.5037e-11,6.7567e-12
1.6571e-11,2.1655e-11,1.9505e-11
1.4231e-11,2.0296e-11,1.8813e-11
6.394e-11,2.365e-11,6.5404e-11
6.0211e-11,3.4667e-11,5.8602e-11
5.8855e-11,3.1608e-11,6.4999e-11
6.0015e-11,3.059e-11,5.9985e-11
3.9489e-11,1.5198e-11,3.0465e-11
2.5932e-11,2.3897e-11,2.2392e-11
3.5649e-11,1.8896e-11,2.8408e-11
2.3741e-11,1.4025e-11,2.1728e-11
3.0505e-11,2.1113e-11,3.3049e-11
3.6385e-11,2.2902e-11,4.1907e-11
2.1768e-11,1.5673e-11,2.7527e-11
4.0262e-11,2.653e-11,4.4176e-11
2.1418e-11,2.0283e-11,1.8045e-11
3.4949e-11,1.8302e-11,1.724e-11
2.188e-11,1.4479e-11,2.629e-11
2.3781e-11,2.1563e-11,2.3295e-11
2.4141e-11,1.5782e-11,2.1869e-11
2.5722e-11,2.9388e-11,2.7312e-11
2.132e-11,1.8239e-11,2.4315e-11
1.9086e-11,1.7656e-11,1.4072e-11
4.3897e-11,7.1755e-11,7.4051e-11
1.9157e-11,2.157e-11,1.8373e-11
1.4696e-11,1.7209e-11,2.5208e-11
2.926e-11,6.2087e-11,6.1983e-11
3.7302e-11,4.1514e-11,2.0699e-11
1.9701e-11,3.264e-11,3.7845e-11
2.1656e-11,1.5707e-11,1.7904e-11
1.6853e-11,2.1673e-11,2.8818e-11
3.1638e-11,7.8545e-11,6.7919e-11
2.1403e-11,1.8936e-11,1.4955e-11
1.7174e-11,2.3893e-11,2.8095e-11
1.7293e-11,3.2884e-11,2.6876e-11
1.7994e-11,1.7146e-11,1.8445e-11
1.6983e-11,1.3889e-11,1.1815e-11
1.5004e-11,2.0039e-11,3.698e-11
1.585e-11,1.7726e-11,1.5316e-11
3.6145e-11,3.5064e-11,1.4667e-11
1.2884e-11,1.3893e-11,1.175e-11
1.7214e-11,2.3966e-11,3.1072e-11
2.1293e-11,5.2094e-11,4.4886e-11
2.9433e-11,7.6084e-11,7.1951e-11
1.1587e-11,1.1486e-11,6.0048e-12
2.3264e-11,1.6849e-11,2.2545e-11
1.8625e-11,1.6074e-11,1.1156e-11
2.178e-11,5.0022e-11,5.0674e-11
1.7196e-11,1.3884e-11,1.3042e-11
1.4737e-11,1.0177e-11,1.5822e-11
5.5605e-11,5.363e-11,2.6634e-11
2.1445e-11,1.933e-11,1.313e-11
1.7313e-11,1.2154e-11,1.829e-11
2.1642e-11,1.9395e-11,9.8332e-12
1.6221e-11,1.2683e-11,1.4413e-11
1.7518e-11,1.409e-11,1.3296e-11
1.1572e-11,1.6183e-11,1.2756e-11
9.6431e-12,1.2651e-11,7.3868e-12
2.1413e-11,1.87e-11,1.7015e-11
7.263e-11,3.4299e-11,6.2684e-11
8.0408e-11,4.6568e-11,6.1422e-11
4.9549e-11,4.1637e-11,4.2625e-11
6.1777e-11,4.3086e-11,5.0162e-11
3.9967e-11,1.9029e-11,3.5404e-11
4.8614e-11,2.7514e-11,5.2349e-11
6.7392e-11,3.1847e-11,6.0987e-11
3.4317e-11,2.359e-11,3.6429e-11
2.9777e-11,2.4721e-11,2.7459e-11
4.4873e-11,2.2123e-11,4.5424e-11
3.3323e-11,2.4514e-11,3.44e-11
2.8099e-11,2.4766e-11,2.3758e-11
5.6621e-11,4.84e-11,3.8231e-11
4.8559e-11,2.5354e-11,4.9731e-11
2.1798e-11,2.7933e-11,1.6842e-11
3.5458e-11,3.5431e-11,6.0048e-11
2.0971e-11,1.544e-11,1.7851e-11
2.1133e-11,1.3321e-11,2.8228e-11
1.524e-11,1.6084e-11,1.2194e-11
1.6368e-11,1.6152e-11,2.591e-11
1.6896e-11,1.9568e-11,3.2533e-11
2.6828e-11,2.0708e-11,1.4119e-11
2.5388e-11,6.728e-11,6.0275e-11
3.0139e-11,7.8074e-11,6.7114e-11
2.2704e-11,2.1974e-11,1.5497e-11
1.6885e-11,1.7913e-11,1.2881e-11
2.0705e-11,4.2307e-11,3.0409e-11
2.0813e-11,1.6104e-11,9.9663e-12
1.9609e-11,1.8822e-11,7.1219e-12
2.3129e-11,2.0556e-11,2.467e-11
2.3422e-11,2.107e-11,2.2292e-11
2.8068e-11,6.9315e-11,6.9135e-11
1.3554e-11,2.815e-11,1.7536e-11
2.3124e-11,6.0741e-11,5.5769e-11
3.2697e-11,2.737e-11,2.6926e-11
1.6154e-11,3.6967e-11,3.7269e-11
2.1048e-11,4.4057e-11,4.1913e-11
1.2328e-11,1.5769e-11,1.2713e-11
2.0088e-11,1.8767e-11,1.6138e-11
1.1094e-11,1.5094e-11,1.2361e-11
2.2336e-11,2.1991e-11,2.0093e-11
1.7949e-11,2.5292e-11,2.1917e-11
6.1326e-11,2.5003e-11,5.8503e-11
5.3216e-11,2.5539e-11,6.5261e-11
5.0923e-11,2.9923e-11,4.8758e-11
5.4898e-11,2.8123e-11,6.0605e-11
3.7357e-11,1.6175e-11,2.835e-11
3.1113e-11,2.215e-11,2.3452e-11
4.6444e-11,3.7735e-11,3.3327e-11
2.7403e-11,1.9408e-11,2.1126e-11
4.2085e-11,3.8865e-11,5.1526e-11
3.4362e-11,3.1301e-11,2.8358e-11
2.3716e-11,1.4532e-11,1.7158e-11
2.3033e-11,1.5663e-11,1.7107e-11
1.9458e-11,1.9297e-11,2.0251e-11
2.8172e-11,1.9907e-11,4.2456e-11
2.2601e-11,2.0118e-11,2.3501e-11
2.2526e-11,1.688e-11,2.4836e-11
2.2191e-11,2.2317e-11,2.4873e-11
1.9368e-11,1.8776e-11,1.4325e-11
2.8594e-11,1.2976e-11,1.7569e-11
3.0259e-11,2.4123e-11,2.6361e-11
1.8426e-11,1.8693e-11,2.4792e-11
2.6265e-11,2.4741e-11,3.3597e-11
1.8691e-11,1.9482e-11,1.4406e-11
2.9883e-11,2.8914e-11,1.8919e-11
2.794e-11,2.7184e-11,3.6879e-11
1.9268e-11,1.8059e-11,1.3597e-11
1.9859e-11,3.0363e-11,3.7213e-11
1.6717e-11,2.8375e-11,2.2346e-11
1.8012e-11,1.6658e-11,1.3061e-11
6.4258e-11,6.5988e-11,2.9679e-11
6.8314e-11,7.3133e-11,3.03e-11
2.4286e-11,6.1983e-11,5.6225e-11
2.2351e-11,1.8913e-11,1.6513e-11
1.1065e-11,1.8518e-11,3.4889e-11
1.9929e-11,3.0207e-11,2.4246e-11
2.2886e-11,2.4018e-11,9.9166e-12
1.5333e-11,1.0565e-11,1.5271e-11
1.3088e-11,9.8553e-12,1.3406e-11
1.4757e-11,4.0085e-11,3.3822e-11
1.5959e-11,1.1458e-11,2.2851e-11
2.112e-11,6.1973e-11,5.598e-11
1.7303e-11,2.6966e-11,3.2655e-11
1.0296e-11,1.1954e-11,1.4989e-11
1.6347e-11,1.2252e-11,1.199e-11
2.2535e-11,1.9515e-11,1.8838e-11
1.9276e-11,1.7348e-11,2.6547e-11
6.7193e-11,2.7686e-11,5.6458e-11
3.815e-11,2.2867e-11,3.5694e-11
3.5645e-11,2.5539e-11,2.666e-11
2.875e-11,2.4572e-11,2.8788e-11
3.5815e-11,1.9016e-11,3.4141e-11
5.3234e-11,4.463e-11,3.602e-11
3.5526e-11,3.4545e-11,2.9411e-11
2.8713e-11,2.0593e-11,2.8768e-11
1.986e-11,1.6106e-11,1.6116e-11
3.3263e-11,2.0236e-11,3.1597e-11
5.6726e-11,4.9994e-11,3.877e-11
3.8678e-11,3.5008e-11,2.6991e-11
3.283e-11,1.9403e-11,1.8709e-11
3.2071e-11,3.9625e-11,4.8526e-11
1.8427e-11,1.9557e-11,2.1625e-11
2.361e-11,2.2699e-11,2.1423e-11
4.2943e-11,6.6485e-11,6.9332e-11
5.3623e-11,8.4409e-11,8.2951e-11
4.6638e-11,4.7533e-11,2.2077e-11
2.009e-11,1.9174e-11,1.2202e-11
2.5545e-11,2.614e-11,2.7883e-11
1.7429e-11,2.0187e-11,1.1325e-11
9.8769e-12,1.7121e-11,3.0746e-11
2.4254e-11,7.3426e-11,6.1928e-11
1.1553e-11,3.3492e-11,2.8561e-11
1.4021e-11,3.2097e-11,3.737e-11
1.4431e-11,1.1006e-11,8.3548e-12
2.4264e-11,3.9736e-11,1.9812e-11
1.9623e-11,2.2363e-11,4.089e-11
8.0865e-11,3.5791e-11,6.6624e-11
5.642e-11,2.7564e-11,5.9741e-11
5.0129e-11,2.8372e-11,6.1822e-11
6.8342e-11,2.7637e-11,6.5592e-11
5.059e-11,3.1114e-11,5.0859e-11
7.6833e-11,4.4615e-11,5.8739e-11
4.5465e-11,4.297e-11,4.6191e-11
4.7819e-11,2.4819e-11,4.2692e-11
5.0709e-11,3.4668e-11,4.6716e-11
4.4269e-11,2.3616e-11,4.6787e-11
4.6542e-11,3.2552e-11,4.4627e-11
5.1759e-11,2.7244e-11,4.9556e-11
6.1271e-11,5.1651e-11,4.1521e-11
4.6466e-11,3.325e-11,5.8858e-11
4.1806e-11,3.3269e-11,5.7022e-11
3.9004e-11,3.6009e-11,2.6101e-11
1.6829e-11,2.2222e-11,1.4719e-11
2.3333e-11,1.6472e-11,1.9132e-11
1.7737e-11,1.8716e-11,2.7948e-11
1.502e-11,1.8108e-11,2.5981e-11
3.8941e-11,7.8386e-11,7.3595e-11
1.6711e-11,1.7111e-11,1.8373e-11
3.5782e-11,3.4656e-11,1.644e-11
1.7455e-11,2.8743e-11,4.2484e-11
6.6937e-11,6.788e-11,2.7152e-11
1.7456e-11,2.2427e-11,1.0215e-11
1.9944e-11,1.8172e-11,2.8893e-11
1.7229e-11,2.0518e-11,9.5811e-12
1.3999e-11,2.3319e-11,1.0845e-11
1.8999e-11,3.8687e-11,4.1816e-11
4.7749e-11,4.742e-11,2.1277e-11
2.6179e-11,8.0068e-11,6.8293e-11
2.8066e-11,7.9342e-11,7.235e-11
1.7276e-11,1.6058e-11,1.7242e-11
2.0485e-11,1.8502e-11,9.5867e-12
1.2909e-11,2.871e-11,1.3967e-11
4.5786e-11,4.5718e-11,2.3383e-11
7.3544e-12,9.814e-12,1.8112e-11
1.2405e-11,1.6307e-11,2.2317e-11
1.6003e-11,1.4977e-11,2.7582e-11
1.2038e-11,1.047e-11,1.5846e-11
1.2745e-11,1.3093e-11,2.2831e-11
4.5402e-11,4.5492e-11,2.036e-11
1.3629e-11,2.3878e-11,2.3069e-11
1.1229e-11,2.2021e-11,1.8979e-11
2.2702e-11,2.1402e-11,2.2921e-11
7.1837e-11,3.0113e-11,6.3769e-11
6.1316e-11,2.6144e-11,5.6055e-11
6.6621e-11,2.6365e-11,5.4782e-11
5.6182e-11,3.1977e-11,5.2255e-11
4.7046e-11,2.4566e-11,4.8463e-11
3.6054e-11,2.3234e-11,3.3154e-11
5.6631e-11,2.9498e-11,5.7623e-11
4.0709e-11,3.4246e-11,3.7495e-11
4.6565e-11,2.856e-11,4.4761e-11
2.929e-11,2.5162e-11,3.3919e-11
5.535e-11,4.0998e-11,3.943e-11
4.8372e-11,3.1375e-11,5.0621e-11
3.6579e-11,2.7147e-11,3.2378e-11
5.0052e-11,3.7262e-11,5.2289e-11
3.4503e-11,2.5787e-11,2.5447e-11
2.6192e-11,2.2311e-11,3.4556e-11
3.0646e-11,1.9898e-11,3.1465e-11
2.4164e-11,1.7853e-11,1.9768e-11
4.891e-11,3.3348e-11,5.1061e-11
2.811e-11,1.7648e-11,3.6061e-11
3.1338e-11,2.4417e-11,2.4937e-11
3.9452e-11,3.7992e-11,5.7381e-11
2.0481e-11,1.8784e-11,2.2194e-11
1.9025e-11,1.8014e-11,2.0545e-11
4.5263e-11,5.9971e-11,6.0083e-11
2.5903e-11,1.9547e-11,2.4427e-11
1.6736e-11,2.1316e-11,2.921e-11
2.3052e-11,1.7816e-11,2.6634e-11
2.9028e-11,5.6755e-11,5.6249e-11
2.4304e-11,3.6884e-11,4.1245e-11
1.9034e-11,1.7285e-11,1.0862e-11
6.9924e-11,6.9829e-11,2.9413e-11
2.359e-11,2.4205e-11,1.99e-11
1.7469e-11,1.5954e-11,1.3618e-11
1.6213e-11,4.2994e-11,3.3887e-11
1.1541e-11,1.3677e-11,2.3203e-11
7.1454e-12,1.2689e-11,1.5109e-11
1.8392e-11,6.7394e-11,6.4776e-11
1.499e-11,1.6202e-11,2.1159e-11
1.824e-11,6.4291e-11,5.4491e-11
4.1625e-11,4.1934e-11,1.8117e-11
9.3575e-12,1.1635e-11,1.4294e-11
1.6904e-11,1.6709e-11,1.9588e-11
2.0661e-11,2.6324e-11,3.5167e-11
1.8991e-11,1.8723e-11,7.0336e-12
1.6538e-11,1.8287e-11,1.5769e-11
6.2857e-11,3.2076e-11,5.0811e-11
8.6096e-11,5.0587e-11,6.245e-11
5.4936e-11,2.1911e-11,4.1493e-11
4.3809e-11,3.0482e-11,4.0275e-11
4.7986e-11,4.5139e-11,4.0058e-11
5.6261e-11,2.853e-11,4.1407e-11
5.0523e-11,2.7681e-11,5.0706e-11
4.2214e-11,2.0458e-11,3.826e-11
5.452e-11,2.944e-11,5.5875e-11
4.1681e-11,2.4217e-11,3.4793e-11
4.5654e-11,2.7916e-11,4.9665e-11
5.3539e-11,4.2153e-11,6.3479e-11
2.5269e-11,1.9842e-11,2.7332e-11
3.0929e-11,3.0474e-11,3.3501e-11
4.4213e-11,2.9576e-11,4.7933e-11
6.2778e-11,5.4829e-11,4.3182e-11
2.061e-11,1.898e-11,3.2165e-11
4.823e-11,4.9443e-11,6.6391e-11
1.8496e-11,1.6515e-11,2.7463e-11
2.8019e-11,2.4262e-11,3.6983e-11
2.6285e-11,2.0053e-11,2.6818e-11
3.0555e-11,2.8339e-11,2.7884e-11
2.9781e-11,2.9257e-11,2.1636e-11
2.0588e-11,1.6099e-11,2.3964e-11
1.7696e-11,1.7393e-11,1.5735e-11
5.1454e-11,4.5822e-11,3.3693e-11
2.3045e-11,2.1386e-11,2.0384e-11
2.0374e-11,1.9736e-11,1.4509e-11
4.5389e-11,6.5339e-11,6.922e-11
1.9467e-11,2.8087e-11,1.942e-11
2.2578e-11,1.4165e-11,1.4458e-11
2.1141e-11,2.0246e-11,2.033e-11
5.015e-11,5.2348e-11,2.2735e-11
4.4348e-11,4.4117e-11,2.5114e-11
4.3731e-11,4.4658e-11,2.007e-11
1.7659e-11,1.9476e-11,1.4666e-11
1.6193e-11,1.4916e-11,1.1892e-11
2.7367e-11,2.6488e-11,3.042e-11
1.5209e-11,1.458e-11,1.7349e-11
2.2934e-11,2.4952e-11,9.2977e-12
1.9298e-11,2.3482e-11,1.2306e-11
1.2858e-11,1.5063e-11,1.2793e-11
1.1269e-11,2.1956e-11,2.8771e-11
8.3225e-12,1.0847e-11,1.6309e-11
1.2288e-11,1.0581e-11,1.5361e-11
1.4397e-11,1.0735e-11,4.5771e-12
2.4934e-11,1.5817e-11,2.6941e-11
1.5755e-11,1.3936e-11,1.2847e-11
1.1449e-11,2.0978e-11,1.6719e-11
1.305e-11,2.1471e-11,1.3059e-11
8.1661e-11,4.6793e-11,5.7356e-11
5.3078e-11,4.0818e-11,4.1822e-11
4.8723e-11,2.7023e-11,4.415e-11
5.0551e-11,3.5027e-11,5.3369e-11
5.055e-11,3.9124e-11,6.2188e-11
6.6201e-11,5.9885e-11,4.1484e-11
2.4819e-11,2.092e-11,2.8493e-11
2.3647e-11,1.5278e-11,1.9343e-11
3.1199e-11,2.4857e-11,2.148e-11
4.9552e-11,4.8416e-11,6.2534e-11
2.8017e-11,1.9248e-11,2.4995e-11
2.5492e-11,2.0559e-11,2.7402e-11
2.5212e-11,1.8418e-11,2.6105e-11
1.9943e-11,1.628e-11,1.9048e-11
1.9669e-11,2.1927e-11,1.5714e-11
2.075e-11,1.6901e-11,1.9186e-11
1.5559e-11,1.6656e-11,1.5062e-11
2.2399e-11,2.0374e-11,1.8762e-11
2.1729e-11,2.7559e-11,3.096e-11
2.1617e-11,1.3895e-11,2.9016e-11
2.4441e-11,2.0899e-11,1.5209e-11
6.22e-11,6.0304e-11,2.6381e-11
1.6508e-11,1.8049e-11,1.8298e-11
2.274e-11,1.6725e-11,2.1974e-11
1.3859e-11,1.3842e-11,5.006e-11
1.1138e-11,1.2439e-11,8.5325e-12
1.2491e-11,3.1171e-11,3.7346e-11
1.3904e-11,1.3262e-11,4.4232e-11
1.3608e-11,5.1705e-11,5.0187e-11
1.3567e-11,1.4239e-11,3.7176e-11
9.4241e-12,2.4802e-11,2.2381e-11
2.7986e-11,2.9397e-11,1.5041e-11
9.995e-12,1.1549e-11,1.302e-11
1.3754e-11,1.7176e-11,2.4517e-11
3.7017e-11,3.4001e-11,1.6582e-11
1.2921e-11,1.052e-11,1.7488e-11
1.43e-11,2.6329e-11,2.4994e-11
2.1649e-11,2.0536e-11,2.1092e-11
1.5023e-11,2.6409e-11,2.26e-11
1.4813e-11,1.4347e-11,7.0941e-12
1.4456e-11,2.1021e-11,2.7482e-11
9.1967e-12,1.8949e-11,1.7604e-11
7.2366e-11,3.1759e-11,6.5925e-11
6.9289e-11,3.6927e-11,5.8082e-11
8.5222e-11,4.9049e-11,6.4788e-11
5.1358e-11,3.8839e-11,4.5138e-11
4.6411e-11,2.9252e-11,3.8343e-11
7.3438e-11,4.3021e-11,5.4561e-11
3.5592e-11,2.3413e-11,3.3705e-11
5.0781e-11,2.8907e-11,5.2609e-11
3.2312e-11,2.4672e-11,3.7594e-11
6.2626e-11,4.2469e-11,4.3689e-11
3.1025e-11,2.4189e-11,2.8601e-11
2.7427e-11,1.8289e-11,2.92e-11
4.2305e-11,2.8373e-11,4.5271e-11
3.9049e-11,3.31e-11,3.149e-11
4.7197e-11,3.9351e-11,2.9637e-11
4.07e-11,3.8304e-11,4.7667e-11
3.3139e-11,2.7608e-11,2.2679e-11
2.3052e-11,1.5772e-11,1.6721e-11
2.6827e-11,2.0173e-11,3.1325e-11
2.4372e-11,1.8874e-11,1.6372e-11
2.3513e-11,2.2821e-11,2.4809e-11
2.5789e-11,2.1099e-11,2.7375e-11
3.6021e-11,3.2621e-11,4.16e-11
1.7714e-11,2.3252e-11,1.6841e-11
3.9998e-11,3.6852e-11,3.214e-11
2.5276e-11,4.4404e-11,5.0266e-11
1.9947e-11,2.5835e-11,2.759e-11
2.1178e-11,4.7e-11,4.6823e-11
1.8467e-11,1.8292e-11,3.0442e-11
1.5553e-11,1.653e-11,2.7027e-11
2.8998e-11,5.3928e-11,5.0842e-11
1.9132e-11,4.3696e-11,5.5021e-11
1.3274e-11,5.7396e-11,5.459e-11
1.6556e-11,6.4866e-11,6.1048e-11
4.858e-11,4.7827e-11,1.9592e-11
1.1931e-11,1.4245e-11,3.45e-11
4.881e-11,4.832e-11,1.9568e-11
1.4307e-11,1.4796e-11,1.0916e-11
1.2623e-11,1.2697e-11,2.0478e-11
1.1499e-11,1.3021e-11,1.275e-11
1.1666e-11,1.7553e-11,1.9549e-11
1.3508e-11,1.0241e-11,5.0712e-12
2.4721e-11,2.3352e-11,1.0104e-11
1.2496e-11,1.2233e-11,1.4257e-11
1.6415e-11,1.829e-11,9.8892e-12
1.1184e-11,1.2666e-11,1.328e-11
1.8313e-11,2.0581e-11,1.653e-11
1.0398e-11,1.4764e-11,2.5156e-11
1.613e-11,1.9198e-11,2.4798e-11
6.1675e-11,3.0062e-11,6.3432e-11
6.4107e-11,2.8954e-11,5.7691e-11
6.9632e-11,2.8534e-11,6.0364e-11
4.3472e-11,2.498e-11,4.0286e-11
6.3089e-11,2.8607e-11,5.3445e-11
5.09e-11,3.9046e-11,4.047e-11
3.8275e-11,1.905e-11,3.2309e-11
4.4472e-11,2.394e-11,4.1201e-11
4.5628e-11,2.8811e-11,4.8602e-11
2.7011e-11,2.1392e-11,2.8239e-11
2.8044e-11,1.8655e-11,3.0874e-11
2.9124e-11,1.8466e-11,1.9268e-11
3.0255e-11,2.3988e-11,2.0994e-11
2.2083e-11,2.8501e-11,2.0741e-11
2.4201e-11,1.913e-11,2.5041e-11
6.4598e-11,5.756e-11,4.4311e-11
3.3145e-11,3.4773e-11,2.0939e-11
6.2014e-11,5.6917e-11,3.5657e-11
4.8963e-11,6.0569e-11,6.1393e-11
2.3609e-11,1.7589e-11,2.8114e-11
1.593e-11,2.2228e-11,2.1934e-11
1.7387e-11,1.9273e-11,2.5569e-11
3.2686e-11,3.2406e-11,1.5666e-11
1.7839e-11,1.5902e-11,1.3107e-11
1.7793e-11,1.7877e-11,8.7595e-12
5.3691e-11,5.4134e-11,2.2421e-11
3.1117e-11,1.8301e-11,5.4474e-11
5.6207e-11,5.688e-11,2.2153e-11
3.2777e-11,3.2834e-11,1.2045e-11
1.3662e-11,5.8591e-11,5.4797e-11
8.3926e-12,1.1302e-11,3.5415e-11
1.2748e-11,3.7334e-11,3.6395e-11
1.0025e-11,1.3359e-11,1.3134e-11
2.3852e-11,2.7482e-11,2.4623e-11
1.1843e-11,1.3846e-11,1.6923e-11
2.4884e-11,2.4439e-11,9.6509e-12
1.2377e-11,1.5556e-11,1.4746e-11
1.9551e-11,1.464e-11,1.267e-11
1.3429e-11,2.1584e-11,1.3719e-11
5.1099e-12,1.9478e-11,1.6087e-11
1.6398e-11,1.3364e-11,1.0608e-11
1.756e-11,2.12e-11,2.5028e-11
6.1065e-11,3.5523e-11,5.6011e-11
7.0508e-11,3.0272e-11,5.8647e-11
4.9766e-11,2.9077e-11,4.7937e-11
6.6411e-11,4.0921e-11,4.957e-11
4.3858e-11,2.5243e-11,4.0187e-11
4.6367e-11,3.2097e-11,3.866e-11
4.2682e-11,3.7468e-11,5.1065e-11
5.6798e-11,3.5268e-11,4.1465e-11
6.8651e-11,4.5624e-11,4.894e-11
5.367e-11,3.187e-11,5.2254e-11
4.9404e-11,2.7715e-11,5.4441e-11
4.1814e-11,2.6463e-11,4.4831e-11
3.7892e-11,2.9848e-11,3.9889e-11
5.9304e-11,4.8131e-11,3.8922e-11
2.9156e-11,1.8465e-11,3.2737e-11
6.448e-11,4.5562e-11,7.1035e-11
3.3754e-11,3.1477e-11,3.6584e-11
6.2859e-11,5.6143e-11,3.9948e-11
2.8983e-11,2.0759e-11,2.7293e-11
5.3883e-11,5.3979e-11,7.1606e-11
3.5512e-11,3.8862e-11,4.4859e-11
2.4762e-11,2.1494e-11,2.8146e-11
5.1366e-11,5.7208e-11,6.688e-11
3.5199e-11,3.2697e-11,2.4021e-11
3.1549e-11,3.2143e-11,4.0768e-11
6.7868e-11,5.7299e-11,3.9436e-11
1.8518e-11,1.7254e-11,2.4046e-11
2.1747e-11,1.8423e-11,1.8581e-11
4.4303e-11,6.6135e-11,6.9067e-11
3.1458e-11,3.2257e-11,1.8327e-11
2.598e-11,2.345e-11,1.8483e-11
2.7238e-11,6.4148e-11,6.1538e-11
2.8473e-11,2.481e-11,2.1612e-11
2.3241e-11,1.7656e-11,2.1384e-11
1.9089e-11,4.5453e-11,4.8016e-11
1.2096e-11,8.7896e-12,8.0776e-12
1.7791e-11,1.7792e-11,8.2875e-12
1.0107e-11,8.4436e-12,8.2767e-12
1.144e-11,1.3117e-11,1.0178e-11
1.222e-11,1.5054e-11,1.0979e-11
9.2035e-12,2.0658e-11,2.2435e-11
7.9664e-12,2.8565e-11,2.9513e-11
2.891e-11,4.7955e-11,2.0528e-11
1.2108e-11,2.9232e-11,2.3734e-11
1.5674e-11,1.5473e-11,2.1674e-11
1.5626e-11,2.7169e-11,1.7117e-11
1.0321e-11,1.7188e-11,1.5946e-11
1.8416e-11,2.039e-11,2.7743e-11
1.9106e-11,1.489e-11,1.3921e-11
1.1313e-11,1.3082e-11,1.4409e-11
6.863e-11,3.56e-11,6.292e-11
8.1021e-11,5.0822e-11,6.3704e-11
6.4132e-11,3.0662e-11,5.215e-11
7.8682e-11,4.5717e-11,5.8788e-11
6.9022e-11,2.984e-11,5.7756e-11
6.892e-11,3.3754e-11,6.3678e-11
5.4097e-11,2.8908e-11,6.1908e-11
4.2746e-11,3.8108e-11,4.0792e-11
6.6229e-11,5.3384e-11,4.3168e-11
3.7074e-11,2.0987e-11,3.247e-11
2.9639e-11,1.7228e-11,2.5247e-11
4.4354e-11,2.9513e-11,4.245e-11
3.0474e-11,1.8126e-11,2.2203e-11
4.582e-11,3.7676e-11,3.2536e-11
4.2927e-11,4.0143e-11,3.671e-11
2.7243e-11,1.9899e-11,2.1897e-11
3.4314e-11,2.6712e-11,4.1557e-11
2.3014e-11,1.818e-11,2.282e-11
2.1897e-11,1.4121e-11,1.8455e-11
2.4855e-11,1.9662e-11,2.8815e-11
2.6257e-11,1.9373e-11,2.5661e-11
3.2255e-11,2.6961e-11,3.4747e-11
2.9936e-11,3.0874e-11,3.9705e-11
2.1509e-11,1.6146e-11,1.7554e-11
2.6752e-11,1.6344e-11,1.8838e-11
2.3691e-11,2.4301e-11,2.1189e-11
1.8731e-11,2.7104e-11,2.7362e-11
2.5565e-11,3.5223e-11,3.0962e-11
2.5978e-11,3.783e-11,3.8938e-11
2.321e-11,2.5263e-11,1.2575e-11
2.5689e-11,4.0125e-11,3.7852e-11
2.1499e-11,6.8758e-11,6.2084e-11
3.1166e-11,3.0519e-11,1.3804e-11
1.6068e-11,1.6302e-11,5.8161e-12
1.9256e-11,2.1309e-11,1.8125e-11
1.6001e-11,1.3446e-11,3.5798e-11
7.6642e-12,1.1568e-11,3.0712e-11
1.6048e-11,7.3172e-11,7.1667e-11
1.7636e-11,1.3689e-11,2.7069e-11
1.9341e-11,1.3642e-11,1.4455e-11
2.8371e-11,2.5525e-11,2.0086e-11
1.5283e-11,1.7484e-11,6.5763e-12
1.1491e-11,2.401e-11,2.0375e-11
6.9893e-11,3.8231e-11,6.1778e-11
7.7803e-11,3.1853e-11,6.1096e-11
7.127e-11,3.3765e-11,6.2983e-11
4.7671e-11,3.0855e-11,4.536e-11
6.4286e-11,2.9149e-11,5.1266e-11
6.4776e-11,4.5424e-11,4.4637e-11
6.1338e-11,4.4734e-11,4.1472e-11
3.7413e-11,3.3354e-11,3.9264e-11
5.9783e-11,4.7899e-11,3.9929e-11
6.445e-11,5.4348e-11,4.2385e-11
5.6034e-11,4.3076e-11,6.5112e-11
5.9844e-11,5.075e-11,3.8541e-11
2.3966e-11,2.1688e-11,2.6834e-11
2.0949e-11,2.393e-11,2.2202e-11
4.3094e-11,3.7922e-11,2.9658e-11
4.0888e-11,3.5707e-11,2.6677e-11
4.2021e-11,7.0317e-11,7.8173e-11
2.2047e-11,1.5375e-11,2.4392e-11
2.1727e-11,2.1235e-11,2.0633e-11
3.8766e-11,3.8189e-11,2.2151e-11
3.0631e-11,2.6643e-11,2.5662e-11
2.0545e-11,3.3537e-11,1.5758e-11
2.1901e-11,2.804e-11,3.3926e-11
2.82e-11,6.1495e-11,6.0445e-11
3.7494e-11,3.4794e-11,1.712e-11
2.3295e-11,2.8829e-11,2.8005e-11
2.1998e-11,3.4031e-11,3.5348e-11
2.5434e-11,7.9448e-11,7.0582e-11
1.4783e-11,2.2957e-11,2.8254e-11
2.6348e-11,4.9502e-11,5.7424e-11
2.2745e-11,2.1356e-11,1.1906e-11
2.1497e-11,6.2243e-11,5.5753e-11
1.3716e-11,1.1524e-11,1.1715e-11
3.3034e-11,3.3346e-11,1.2348e-11
2.9277e-11,2.7494e-11,1.1135e-11
1.955e-11,1.5496e-11,8.6967e-12
1.3093e-11,1.2619e-11,1.6881e-11
1.524e-11,3.9093e-11,4.1271e-11
1.9221e-11,2.4153e-11,1.878e-11
1.1143e-11,1.5956e-11,9.1615e-12
2.2381e-11,2.5376e-11,1.8103e-11
1.2035e-11,9.853e-12,6.0826e-12
1.829e-11,2.3774e-11,3.3251e-11
6.9715e-11,3.5915e-11,6.0735e-11
4.5513e-11,2.8497e-11,3.9656e-11
3.9442e-11,2.6782e-11,3.8262e-11
5.61e-11,3.8108e-11,5.851e-11
4.0762e-11,2.6638e-11,3.9881e-11
6.3908e-11,4.9577e-11,3.9591e-11
3.8052e-11,2.2566e-11,3.8474e-11
4.0589e-11,3.4158e-11,3.3247e-11
5.0925e-11,3.5001e-11,5.8936e-11
2.901e-11,2.0107e-11,2.1839e-11
3.4107e-11,2.8728e-11,2.7199e-11
2.9789e-11,2.0585e-11,2.6052e-11
6.3871e-11,5.4853e-11,3.9692e-11
3.4124e-11,3.685e-11,4.2026e-11
2.4182e-11,1.9078e-11,2.2764e-11
4.8281e-11,7.065e-11,7.7299e-11
2.67e-11,2.7032e-11,2.3974e-11
2.3451e-11,2.0409e-11,2.4994e-11
2.9316e-11,5.7122e-11,5.6236e-11
2.5116e-11,3.3731e-11,3.0203e-11
2.0881e-11,4.1311e-11,4.654e-11
1.4749e-11,3.6552e-11,4.1072e-11
2.3415e-11,2.158e-11,1.6935e-11
1.6894e-11,3.9737e-11,3.492e-11
1.8835e-11,2.3252e-11,9.5408e-12
1.5539e-11,7.113e-11,6.8309e-11
1.0583e-11,1.2487e-11,1.5911e-11
1.3034e-11,7.0284e-11,6.6313e-11
1.2803e-11,2.2633e-11,1.8779e-11
4.0546e-11,3.7905e-11,2.0711e-11
1.0134e-11,1.4901e-11,1.8364e-11
1.7265e-11,3.3757e-11,2.4063e-11
1.2284e-11,1.5972e-11,1.1376e-11
1.8577e-11,2.1884e-11,2.6189e-11
1.2491e-11,1.1951e-11,7.6307e-12
9.9224e-12,9.7633e-12,1.1563e-11
6.616e-11,3.434e-11,6.5806e-11
6.5469e-11,3.1558e-11,5.5321e-11
4.6858e-11,3.4729e-11,4.2643e-11
3.7785e-11,2.8246e-11,3.1745e-11
5.302e-11,3.2478e-11,5.9613e-11
2.9174e-11,2.1599e-11,2.5107e-11
2.7029e-11,2.7007e-11,2.694e-11
3.0374e-11,2.8443e-11,2.4458e-11
3.3145e-11,2.5159e-11,4.0236e-11
3.1817e-11,3.014e-11,3.021e-11
5.1858e-11,4.3582e-11,5.769e-11
3.6897e-11,3.2312e-11,2.6392e-11
2.8879e-11,2.8771e-11,2.2261e-11
2.3399e-11,1.8336e-11,1.7355e-11
5.0686e-11,5.0068e-11,6.0572e-11
3.3224e-11,3.0739e-11,3.5434e-11
2.6085e-11,2.3713e-11,3.0923e-11
2.975e-11,2.2484e-11,2.6153e-11
4.3074e-11,5.2373e-11,5.9821e-11
3.2311e-11,2.5064e-11,1.9893e-11
2.7559e-11,2.2912e-11,2.5656e-11
2.4542e-11,2.4538e-11,2.8817e-11
1.72e-11,1.7285e-11,2.2432e-11
2.208e-11,1.7713e-11,2.5798e-11
2.1321e-11,2.09e-11,1.9457e-11
1.875e-11,2.5802e-11,2.5405e-11
2.1796e-11,2.321e-11,1.9772e-11
1.9426e-11,3.0927e-11,3.5191e-11
2.198e-11,2.1513e-11,1.4682e-11
1.4706e-11,2.8754e-11,2.3776e-11
1.9777e-11,3.6732e-11,3.3939e-11
2.542e-11,3.9593e-11,4.6526e-11
2.2367e-11,2.434e-11,1.2809e-11
1.7989e-11,3.0029e-11,2.4108e-11
3.9317e-11,3.662e-11,2.3997e-11
1.9942e-11,4.0733e-11,4.8084e-11
6.112e-11,6.2653e-11,2.4715e-11
1.1249e-11,1.386e-11,8.0913e-12
2.1877e-11,2.8026e-11,4.5275e-11
1.7716e-11,1.3583e-11,1.0877e-11
1.0934e-11,1.8406e-11,1.7167e-11
9.3413e-12,5.2036e-11,4.9547e-11
1.2033e-11,4.8748e-11,4.6557e-11
9.0348e-12,9.7475e-12,1.0416e-11
2.2184e-11,2.2214e-11,2.6684e-11
8.9211e-12,9.6808e-12,8.3492e-12
1.2711e-11,1.1426e-11,2.1411e-11
8.7414e-12,1.669e-11,2.2868e-11
7.7755e-11,4.4052e-11,6.9973e-11
6.077e-11,3.3876e-11,6.2386e-11
6.0907e-11,3.5255e-11,5.5268e-11
7.009e-11,3.8012e-11,6.2153e-11
5.5596e-11,2.846e-11,4.6335e-11
6.461e-11,3.2084e-11,5.1939e-11
4.5489e-11,3.3664e-11,3.9669e-11
5.6105e-11,3.1563e-11,5.7217e-11
5.9012e-11,3.4457e-11,6.2784e-11
3.4982e-11,2.4967e-11,2.9258e-11
4.4793e-11,2.7404e-11,4.7463e-11
3.473e-11,2.4299e-11,3.0365e-11
3.9545e-11,2.0155e-11,3.1497e-11
4.2755e-11,2.8483e-11,3.8262e-11
4.2944e-11,3.6349e-11,3.1194e-11
3.8973e-11,1.9212e-11,2.9865e-11
6.0042e-11,4.1481e-11,6.8085e-11
2.4995e-11,2.058e-11,1.7629e-11
2.4459e-11,1.7264e-11,1.9146e-11
3.5892e-11,3.0239e-11,4.4661e-11
3.1406e-11,2.8129e-11,3.2116e-11
2.735e-11,2.6196e-11,3.6317e-11
2.9481e-11,2.6687e-11,2.7359e-11
3.6138e-11,2.8599e-11,4.2206e-11
3.223e-11,3.0946e-11,3.4556e-11
1.9945e-11,2.7435e-11,2.1592e-11
3.6737e-11,1.4653e-11,2.1664e-11
4.1105e-11,6.851e-11,8.1443e-11
2.4237e-11,3.0379e-11,2.8259e-11
3.5133e-11,5.1387e-11,5.316e-11
3.3312e-11,7.0666e-11,7.3058e-11
2.1576e-11,2.2593e-11,2.0694e-11
1.8341e-11,2.7103e-11,2.8562e-11
1.9705e-11,2.4722e-11,3.659e-11
2.4512e-11,7.4057e-11,6.7205e-11
1.8636e-11,1.6929e-11,1.5218e-11
2.0341e-11,2.9925e-11,3.4848e-11
6.1257e-11,6.2917e-11,2.3913e-11
1.7796e-11,1.8339e-11,2.241e-11
1.5032e-11,6.8636e-11,6.244e-11
1.0461e-11,5.0593e-11,5.062e-11
2.4147e-11,1.8281e-11,1.5492e-11
1.6654e-11,1.752e-11,9.8158e-12
8.796e-12,1.0101e-11,9.3513e-12
1.603e-11,1.1056e-11,1.5113e-11
6.2318e-11,3.5502e-11,5.4854e-11
6.2252e-11,3.9075e-11,5.4632e-11
7.3419e-11,5.5235e-11,4.7922e-11
4.8944e-11,3.8423e-11,4.4003e-11
4.8305e-11,3.0678e-11,5.2254e-11
6.5314e-11,5.2861e-11,4.1713e-11
3.7411e-11,2.7233e-11,3.8732e-11
3.0884e-11,2.401e-11,3.1269e-11
4.4893e-11,3.4729e-11,3.5986e-11
3.3935e-11,2.5682e-11,2.3198e-11
4.7198e-11,3.2614e-11,5.6309e-11
3.0534e-11,2.9566e-11,3.5221e-11
3.4286e-11,2.5357e-11,3.8124e-11
4.3561e-11,2.6104e-11,4.3174e-11
5.3926e-11,5.846e-11,7.3787e-11
2.8585e-11,2.8397e-11,3.2699e-11
2.3532e-11,3.1084e-11,2.7513e-11
2.0656e-11,1.904e-11,1.4668e-11
2.4303e-11,2.3119e-11,2.2676e-11
3.3286e-11,2.607e-11,2.5523e-11
1.8556e-11,2.2686e-11,2.568e-11
2.7414e-11,3.5741e-11,2.9938e-11
1.6739e-11,1.4782e-11,1.8401e-11
3.7074e-11,5.5146e-11,5.7342e-11
2.578e-11,3.4775e-11,2.7337e-11
6.032e-11,5.6895e-11,2.8328e-11
1.9307e-11,1.9171e-11,1.4443e-11
3.1912e-11,2.4014e-11,3.3671e-11
2.355e-11,6.5835e-11,5.9044e-11
4.548e-11,4.2693e-11,2.149e-11
1.749e-11,2.5975e-11,2.6914e-11
2.5392e-11,2.3406e-11,1.3666e-11
2.0966e-11,2.5415e-11,9.6274e-12
1.5775e-11,6.9763e-11,6.5227e-11
1.8163e-11,4.1002e-11,3.4301e-11
1.3479e-11,1.7583e-11,1.2517e-11
1.2833e-11,1.4496e-11,2.1396e-11
1.4914e-11,7.1408e-11,6.8508e-11
3.9962e-11,3.8474e-11,2.0734e-11
1.2002e-11,1.6602e-11,1.5174e-11
1.2593e-11,1.5299e-11,2.162e-11
2.0603e-11,2.7495e-11,3.1251e-11
2.729e-11,2.4482e-11,8.3376e-12
1.6957e-11,2.5896e-11,2.016e-11
1.6881e-11,2.8142e-11,1.9314e-11
1.2225e-11,9.9991e-12,7.1425e-12
1.8445e-11,1.8707e-11,9.413e-12
1.8273e-11,1.3737e-11,1.0433e-11
1.2929e-11,1.0165e-11,1.5851e-11
2.2587e-11,2.6433e-11,1.9882e-11
9.537e-12,8.5818e-12,6.9265e-12
6.2434e-11,3.4668e-11,5.6431e-11
5.9695e-11,3.4523e-11,5.1958e-11
6.5596e-11,4.4544e-11,5.7406e-11
3.8825e-11,2.8186e-11,3.3551e-11
7.1768e-11,5.1731e-11,4.6983e-11
6.0635e-11,3.6561e-11,6.244e-11
3.7598e-11,2.0538e-11,2.6515e-11
6.6357e-11,5.9202e-11,4.1178e-11
2.8506e-11,2.279e-11,3.0508e-11
2.9848e-11,2.9325e-11,3.4065e-11
3.9041e-11,3.0712e-11,3.1445e-11
4.2155e-11,3.6813e-11,2.7977e-11
2.5025e-11,1.5975e-11,1.7985e-11
3.0541e-11,2.6758e-11,3.2379e-11
2.6758e-11,1.8737e-11,2.1162e-11
2.6402e-11,1.9025e-11,2.5231e-11
2.6718e-11,2.1547e-11,1.6353e-11
1.7354e-11,2.1894e-11,1.7788e-11
3.5893e-11,1.971e-11,3.7697e-11
2.8529e-11,3.2607e-11,2.759e-11
3.3496e-11,3.2882e-11,2.8285e-11
2.6453e-11,2.1964e-11,2.4875e-11
7.263e-11,6.3284e-11,3.5949e-11
3.8166e-11,3.4547e-11,2.7914e-11
3.4251e-11,6.6242e-11,7.1056e-11
1.8408e-11,1.6216e-11,1.2545e-11
2.4124e-11,4.5719e-11,3.9984e-11
2.9942e-11,3.2054e-11,1.5009e-11
2.2016e-11,2.4721e-11,1.4999e-11
2.706e-11,7.6963e-11,7.0585e-11
1.756e-11,3.5616e-11,4.5384e-11
3.0068e-11,2.8336e-11,1.5273e-11
2.1688e-11,2.7003e-11,4.1647e-11
1.8343e-11,2.3815e-11,7.8431e-12
1.4296e-11,1.8938e-11,1.9361e-11
1.2324e-11,1.7821e-11,6.8122e-12
1.3286e-11,6.4284e-11,6.2759e-11
4.6636e-11,4.5263e-11,1.863e-11
1.7695e-11,1.0177e-11,2.178e-11
1.4737e-11,2.1747e-11,2.5156e-11
1.2792e-11,1.2178e-11,4.3463e-12
1.1623e-11,1.085e-11,7.08e-12
9.8738e-12,3.7273e-11,4.2186e-11
1.5705e-11,1.8694e-11,8.6751e-12
9.778e-12,1.03e-11,1.1974e-11
7.5764e-12,1.4418e-11,1.7597e-11
6.6698e-11,3.8604e-11,6.3021e-11
5.2215e-11,4.1499e-11,5.0843e-11
4.7157e-11,3.4386e-11,5.2394e-11
4.8524e-11,3.3582e-11,5.6194e-11
4.2046e-11,3.1937e-11,3.4005e-11
4.6576e-11,3.1105e-11,5.3435e-11
5.5802e-11,4.6156e-11,6.3969e-11
6.0409e-11,5.0859e-11,3.8187e-11
4.1107e-11,3.7022e-11,2.6684e-11
3.6301e-11,2.329e-11,2.8779e-11
3.6348e-11,2.3899e-11,3.4642e-11
2.4695e-11,2.0705e-11,2.3572e-11
2.8166e-11,1.9962e-11,2.8932e-11
1.8263e-11,1.4482e-11,1.8553e-11
3.8325e-11,2.8788e-11,3.5331e-11
1.4926e-11,1.5283e-11,1.456e-11
2.9526e-11,2.6805e-11,1.5955e-11
3.2143e-11,4.9433e-11,5.6856e-11
5.9419e-11,5.6708e-11,2.532e-11
1.7327e-11,3.6181e-11,4.3459e-11
1.9825e-11,6.0245e-11,6.3462e-11
2.4759e-11,2.2814e-11,1.5526e-11
2.9226e-11,2.9742e-11,1.1524e-11
1.5223e-11,6.4952e-11,6.514e-11
1.7814e-11,1.5536e-11,1.7245e-11
1.6309e-11,1.352e-11,1.2117e-11
1.3473e-11,1.8067e-11,2.0296e-11
1.8942e-11,1.9496e-11,1.6155e-11
1.7498e-11,1.3071e-11,5.4557e-12
1.774e-11,2.9213e-11,3.43e-11
1.3645e-11,1.153e-11,1.606e-11
3.0387e-11,2.6678e-11,1.0804e-11
1.7117e-11,1.7217e-11,2.1907e-11
2.0653e-11,1.7466e-11,7.929e-12
1.4832e-11,1.5797e-11,1.8277e-11
1.2014e-11,9.7581e-12,8.2134e-12
1.7283e-11,1.5417e-11,3.1586e-11
6.8993e-11,3.9409e-11,5.9423e-11
6.2037e-11,3.5009e-11,5.2476e-11
5.56e-11,4.0849e-11,5.0917e-11
5.991e-11,3.4807e-11,4.7598e-11
5.4463e-11,3.9569e-11,4.057e-11
5.1603e-11,3.6701e-11,5.8732e-11
7.2193e-11,5.4614e-11,4.6166e-11
4.0309e-11,2.5084e-11,3.2805e-11
5.3839e-11,4.2258e-11,3.6548e-11
4.9833e-11,3.8114e-11,3.4596e-11
4.45e-11,3.0685e-11,4.1994e-11
5.144e-11,4.3926e-11,3.7579e-11
4.3041e-11,3.3979e-11,5.3842e-11
5.8349e-11,4.9422e-11,3.7754e-11
4.7272e-11,3.733e-11,5.5973e-11
6.5675e-11,5.5873e-11,3.9651e-11
5.2471e-11,4.7214e-11,6.5035e-11
6.6902e-11,5.5381e-11,4.2215e-11
4.8258e-11,4.1869e-11,2.9691e-11
3.0903e-11,1.9582e-11,2.4895e-11
2.1799e-11,2.517e-11,2.3585e-11
4.8491e-11,4.0984e-11,3.1429e-11
1.8428e-11,1.5564e-11,1.6059e-11
3.3791e-11,4.0832e-11,4.2057e-11
3.3222e-11,2.934e-11,1.8482e-11
5.7624e-11,5.1809e-11,3.0163e-11
6.9573e-11,5.8957e-11,3.575e-11
1.4945e-11,1.1785e-11,1.4698e-11
2.0816e-11,2.5737e-11,2.3489e-11
2.4212e-11,2.194e-11,1.2847e-11
2.4489e-11,1.9843e-11,2.8358e-11
1.9038e-11,2.1158e-11,1.2952e-11
1.6384e-11,4.1103e-11,4.6328e-11
2.0802e-11,3.484e-11,3.5663e-11
2.7281e-11,5.0817e-11,5.177e-11
4.0145e-11,4.0797e-11,1.7428e-11
1.5488e-11,3.1988e-11,4.15e-11
6.3463e-11,6.6225e-11,2.5801e-11
4.5219e-11,4.5567e-11,1.7638e-11
1.6125e-11,2.0644e-11,2.3528e-11
1.7304e-11,2.3e-11,2.2655e-11
1.7822e-11,2.0843e-11,2.0113e-11
1.893e-11,3.345e-11,3.7825e-11
6.8133e-12,1.8727e-11,1.1957e-11
1.7508e-11,2.3083e-11,2.139e-11
1.6302e-11,1.7943e-11,2.1016e-11
2.9365e-11,1.7452e-11,1.6937e-11
1.588e-11,4.3138e-11,4.5286e-11
1.4554e-11,1.8232e-11,1.3745e-11
1.3526e-11,1.5146e-11,1.9667e-11
8.9331e-12,1.8736e-11,3.2146e-11
1.5409e-11,1.1857e-11,1.0879e-11
1.3568e-11,1.171e-11,1.1586e-11
7.6657e-11,5.0054e-11,7.0889e-11
7.9892e-11,5.2145e-11,6.5822e-11
7.1439e-11,3.6375e-11,5.639e-11
6.2028e-11,3.4466e-11,5.8628e-11
5.4272e-11,3.7514e-11,4.3118e-11
5.3742e-11,2.992e-11,5.0103e-11
4.2084e-11,3.1506e-11,3.507e-11
4.5279e-11,3.671e-11,4.9983e-11
5.7979e-11,3.7513e-11,5.8292e-11
4.3875e-11,4.0031e-11,3.4882e-11
3.0832e-11,2.7872e-11,3.1756e-11
3.7582e-11,2.6458e-11,2.7809e-11
5.6354e-11,4.4913e-11,6.9157e-11
4.701e-11,3.1416e-11,5.1048e-11
2.4608e-11,1.8119e-11,2.1147e-11
3.138e-11,1.9437e-11,3.157e-11
4.0519e-11,3.7915e-11,5.0034e-11
4.9498e-11,4.4981e-11,5.8909e-11
5.201e-11,5.5887e-11,6.5282e-11
5.4015e-11,5.9862e-11,6.8253e-11
4.4724e-11,3.939e-11,4.9138e-11
2.2255e-11,1.5677e-11,1.8515e-11
4.3842e-11,5.3284e-11,6.2825e-11
3.1307e-11,1.996e-11,2.53e-11
1.5785e-11,1.7826e-11,1.5434e-11
1.6301e-11,1.918e-11,2.0834e-11
3.2073e-11,5.4596e-11,6.3003e-11
1.4368e-11,1.2358e-11,1.268e-11
2.6894e-11,2.2325e-11,1.4226e-11
6.7922e-11,6.3722e-11,3.1185e-11
3.3565e-11,2.9216e-11,1.7003e-11
1.8191e-11,2.4718e-11,1.1387e-11
2.3042e-11,6.6801e-11,7.049e-11
1.8293e-11,3.9724e-11,4.0358e-11
1.466e-11,3.271e-11,3.9259e-11
2.8104e-11,2.5763e-11,1.2604e-11
2.1281e-11,2.2115e-11,1.2078e-11
2.2992e-11,2.0262e-11,9.8602e-12
1.4136e-11,4.517e-11,5.1914e-11
2.1807e-11,1.624e-11,2.078e-11
1.5398e-11,1.5046e-11,1.902e-11
1.1798e-11,2.0507e-11,1.3871e-11
1.4099e-11,1.6322e-11,1.9658e-11
1.4888e-11,1.1053e-11,1.348e-11
1.2725e-11,1.3356e-11,1.4642e-11
5.1009e-11,4.9105e-11,1.7995e-11
2.098e-11,1.8597e-11,1.9766e-11
2.389e-11,1.7449e-11,1.8469e-11
1.6098e-11,1.5657e-11,9.5036e-12
1.0482e-11,1.0261e-11,6.4004e-12
1.1017e-11,1.8758e-11,2.2962e-11
1.2367e-11,2.5067e-11,2.3364e-11
6.3486e-12,4.1672e-11,3.8353e-11
1.0896e-11,1.3877e-11,1.4277e-11
1.1993e-11,9.5998e-12,5.2868e-12
1.2003e-11,1.5021e-11,2.1472e-11
8.9267e-12,1.4041e-11,1.3298e-11
6.2694e-11,3.742e-11,5.1312e-11
5.5666e-11,3.3003e-11,4.1481e-11
4.6253e-11,3.2708e-11,3.993e-11
5.8873e-11,4.0909e-11,6.139e-11
4.151e-11,2.6935e-11,3.1e-11
3.7925e-11,2.4861e-11,3.1133e-11
4.0086e-11,2.8853e-11,3.0021e-11
3.126e-11,2.6129e-11,2.5955e-11
2.9443e-11,1.9921e-11,2.4532e-11
3.9131e-11,2.7421e-11,4.1868e-11
5.0364e-11,4.5336e-11,5.6517e-11
5.2532e-11,4.5394e-11,3.2236e-11
3.4153e-11,2.39e-11,2.5028e-11
4.2106e-11,4.1082e-11,5.1499e-11
6.2311e-11,5.2671e-11,3.5565e-11
3.4956e-11,3.002e-11,4.1768e-11
5.0182e-11,4.4848e-11,2.9369e-11
3.424e-11,3.2809e-11,1.7849e-11
3.4512e-11,3.5914e-11,2.4157e-11
1.9972e-11,2.017e-11,1.2642e-11
2.8075e-11,2.2907e-11,1.4845e-11
1.9567e-11,2.5947e-11,1.2215e-11
4.5161e-11,4.2186e-11,1.9513e-11
1.4719e-11,1.7646e-11,2.176e-11
2.7225e-11,5.4649e-11,6.0402e-11
1.8924e-11,2.7172e-11,1.2474e-11
4.545e-11,4.4241e-11,1.8678e-11
6.0586e-11,6.0795e-11,2.3647e-11
1.1215e-11,1.4847e-11,1.0077e-11
1.503e-11,1.3272e-11,1.0387e-11
1.0539e-11,1.1929e-11,1.2742e-11
1.3673e-11,9.2397e-12,1.3398e-11
2.0372e-11,1.5395e-11,1.8093e-11
8.0946e-12,1.238e-11,1.0369e-11
1.0623e-11,1.2628e-11,7.4988e-12
1.2521e-11,1.4133e-11,8.5433e-12
5.8628e-12,3.0273e-11,2.6105e-11
8.2666e-12,1.8347e-11,1.6507e-11
1.2779e-11,1.3275e-11,1.7285e-11
6.9712e-11,4.3697e-11,5.6045e-11
7.4969e-11,5.1442e-11,6.2759e-11
4.8126e-11,4.0647e-11,4.3892e-11
6.1723e-11,5.0139e-11,5.3447e-11
4.209e-11,3.4009e-11,3.2898e-11
4.1334e-11,3.4291e-11,3.2807e-11
3.7165e-11,2.5735e-11,3.5874e-11
4.3379e-11,4.6977e-11,3.1273e-11
6.8802e-11,5.6756e-11,4.4345e-11
5.1355e-11,3.8398e-11,6.4548e-11
4.3017e-11,3.4815e-11,3.0695e-11
3.0017e-11,2.3283e-11,2.5893e-11
3.7454e-11,3.4007e-11,2.8845e-11
4.4192e-11,3.7552e-11,5.5327e-11
5.1406e-11,4.4574e-11,3.2534e-11
4.7428e-11,6.0746e-11,6.9677e-11
4.0598e-11,3.7981e-11,3.8803e-11
3.5001e-11,3.1765e-11,4.2634e-11
3.4745e-11,2.8728e-11,2.2002e-11
2.6e-11,2.5539e-11,2.879e-11
2.2059e-11,1.8904e-11,1.9626e-11
2.4979e-11,2.4202e-11,3.3804e-11
2.2863e-11,2.4357e-11,2.364e-11
5.9021e-11,5.277e-11,2.795e-11
1.7018e-11,1.4472e-11,1.7612e-11
2.4368e-11,2.4757e-11,3.4644e-11
2.3013e-11,1.797e-11,2.1638e-11
1.6998e-11,1.9685e-11,2.543e-11
2.5071e-11,6.3415e-11,7.4622e-11
1.9273e-11,2.9544e-11,1.4834e-11
2.4013e-11,6.5224e-11,7.64e-11
1.8731e-11,1.8741e-11,2.659e-11
2.0737e-11,1.9406e-11,9.9697e-12
1.6875e-11,3.4037e-11,2.8506e-11
2.6963e-11,2.6336e-11,1.3197e-11
2.2008e-11,1.6917e-11,1.5531e-11
1.5645e-11,1.3495e-11,9.5479e-12
1.4096e-11,1.8649e-11,1.2486e-11
6.0724e-11,6.1067e-11,2.0254e-11
1.2487e-11,1.2673e-11,2.2474e-11
1.4404e-11,1.4514e-11,2.4727e-11
1.8887e-11,1.6652e-11,1.5649e-11
4.0833e-11,4.1195e-11,1.4368e-11
1.3248e-11,1.2915e-11,1.4784e-11
1.945e-11,3.9384e-11,3.8305e-11
1.5566e-11,2.7308e-11,2.4386e-11
1.9673e-11,1.5455e-11,9.6244e-12
9.2752e-12,1.7155e-11,1.5991e-11
1.3469e-11,2.059e-11,3.1552e-11
1.2056e-11,1.4091e-11,8.6342e-12
6.6714e-11,3.744e-11,6.1797e-11
6.2183e-11,4.5678e-11,4.5204e-11
4.6136e-11,3.0154e-11,4.009e-11
5.2178e-11,3.0273e-11,5.014e-11
5.1221e-11,3.2263e-11,4.053e-11
4.0579e-11,2.86e-11,4.0599e-11
6.6284e-11,5.5179e-11,4.2974e-11
3.0713e-11,2.5777e-11,3.1648e-11
6.6659e-11,5.5548e-11,4.0098e-11
3.0548e-11,2.3525e-11,2.5249e-11
2.8747e-11,2.012e-11,2.6192e-11
3.3261e-11,2.463e-11,3.5082e-11
4.1258e-11,3.6202e-11,2.9618e-11
4.2843e-11,2.4792e-11,3.5799e-11
5.3565e-11,4.6674e-11,6.2529e-11
2.558e-11,1.9238e-11,2.4909e-11
3.9008e-11,5.1477e-11,5.9032e-11
3.1064e-11,3.6764e-11,4.5138e-11
3.7495e-11,3.6167e-11,2.1738e-11
2.9763e-11,2.491e-11,1.769e-11
2.0319e-11,2.3823e-11,2.8956e-11
1.6402e-11,1.4737e-11,1.7794e-11
1.575e-11,1.7352e-11,1.979e-11
2.0493e-11,3.2017e-11,3.4787e-11
1.5077e-11,1.6293e-11,1.8736e-11
1.6143e-11,1.8043e-11,2.9034e-11
5.3576e-11,5.2605e-11,1.9345e-11
1.4665e-11,1.986e-11,1.7252e-11
9.7654e-12,1.5871e-11,1.239e-11
1.3258e-11,1.2144e-11,1.339e-11
2.0831e-11,1.6074e-11,1.806e-11
1.0717e-11,4.8052e-11,4.4601e-11
4.1163e-11,4.1401e-11,1.4459e-11
1.3794e-11,1.1827e-11,1.315e-11
1.3037e-11,1.621e-11,1.0906e-11
7.031e-12,3.0528e-11,2.5726e-11
1.8011e-11,1.8339e-11,2.6722e-11
1.5191e-11,1.2935e-11,2.0855e-11
1.3061e-11,1.3384e-11,1.3441e-11
1.4682e-11,1.4126e-11,1.9046e-11
1.217e-11,1.0599e-11,1.3421e-11
6.7792e-11,5.4143e-11,5.1803e-11
4.8954e-11,3.0112e-11,3.8433e-11
5.8555e-11,4.6874e-11,3.8103e-11
5.5612e-11,3.8087e-11,5.883e-11
4.6163e-11,3.4536e-11,3.4584e-11
4.9651e-11,4.2045e-11,3.1237e-11
4.6273e-11,3.3252e-11,3.487e-11
3.2595e-11,2.6979e-11,3.4324e-11
1.9182e-11,2.104e-11,2.3188e-11
2.2967e-11,2.045e-11,2.0966e-11
2.2219e-11,1.9449e-11,2.0965e-11
1.5007e-11,1.7152e-11,1.2359e-11
1.9884e-11,1.8146e-11,1.9944e-11
1.6516e-11,1.4792e-11,1.637e-11
2.2623e-11,3.2105e-11,2.2728e-11
2.9499e-11,4.815e-11,5.1356e-11
1.4776e-11,1.6849e-11,2.3408e-11
3.9452e-11,3.7172e-11,2.1467e-11
1.5211e-11,1.6621e-11,2.1624e-11
2.3228e-11,2.1198e-11,1.1855e-11
1.8991e-11,1.5702e-11,1.2437e-11
1.9287e-11,6.3948e-11,6.9432e-11
2.9706e-11,2.9068e-11,1.0795e-11
1.9927e-11,5.5074e-11,5.4067e-11
1.3543e-11,1.8026e-11,8.5562e-12
1.8415e-11,1.8798e-11,1.4245e-11
1.091e-11,1.6319e-11,1.2255e-11
1.2859e-11,2.3765e-11,2.3717e-11
1.753e-11,3.1616e-11,2.7172e-11
1.0133e-11,1.2782e-11,1.1773e-11
1.422e-11,1.7218e-11,1.0675e-11
2.1148e-11,2.0625e-11,1.2326e-11
1.7114e-11,5.0191e-11,4.5775e-11
2.4759e-11,2.1257e-11,8.0931e-12
1.5326e-11,2.0582e-11,1.0804e-11
1.9344e-11,2.0149e-11,1.7961e-11
6.2329e-11,3.2636e-11,4.6011e-11
5.5426e-11,4.02e-11,4.4887e-11
6.9157e-11,4.1084e-11,5.7899e-11
5.9403e-11,4.2295e-11,5.7411e-11
6.0615e-11,4.9894e-11,4.0818e-11
5.4659e-11,3.7465e-11,4.154e-11
4.5256e-11,4.5411e-11,3.2882e-11
4.7884e-11,3.4328e-11,5.5215e-11
3.3718e-11,2.5872e-11,3.2448e-11
3.985e-11,3.3004e-11,2.9294e-11
2.874e-11,2.3474e-11,2.669e-11
4.1067e-11,2.6602e-11,3.58e-11
5.3604e-11,5.8209e-11,7.1807e-11
2.8193e-11,2.1748e-11,2.1871e-11
2.8822e-11,2.5066e-11,1.8478e-11
3.2493e-11,2.7759e-11,1.8269e-11
2.731e-11,3.229e-11,3.2076e-11
4.5327e-11,3.6362e-11,2.5924e-11
3.4247e-11,2.9202e-11,1.9077e-11
1.7249e-11,1.784e-11,1.6331e-11
3.3082e-11,6.141e-11,6.75e-11
2.293e-11,2.2654e-11,2.2121e-11
3.2459e-11,5.8934e-11,6.2888e-11
2.657e-11,2.1525e-11,1.4943e-11
4.1241e-11,3.7143e-11,2.0166e-11
6.6695e-11,6.1061e-11,3.1168e-11
2.7773e-11,3.5834e-11,2.2072e-11
1.8592e-11,1.3959e-11,1.3983e-11
1.8166e-11,2.3009e-11,2.5771e-11
1.7311e-11,1.5535e-11,1.6776e-11
1.8233e-11,1.9717e-11,2.0005e-11
2.609e-11,3.172e-11,4.932e-11
2.7445e-11,5.491e-11,6.2953e-11
1.737e-11,2.7007e-11,3.2401e-11
1.91e-11,1.9819e-11,1.9718e-11
1.4674e-11,2.4174e-11,3.0655e-11
2.0164e-11,1.9997e-11,2.0988e-11
4.4343e-11,4.1942e-11,1.6997e-11
3.966e-11,3.9947e-11,1.4185e-11
1.4026e-11,1.3953e-11,9.1558e-12
1.5307e-11,1.7884e-11,1.5147e-11
3.6547e-11,2.0647e-11,1.9625e-11
1.6408e-11,1.629e-11,7.2651e-12
3.1178e-11,3.7538e-11,3.3905e-11
5.4018e-11,5.1322e-11,1.7459e-11
2.3052e-11,5.3791e-11,5.0932e-11
9.5708e-12,1.0653e-11,1.1787e-11
1.4708e-11,1.8237e-11,9.3784e-12
7.8538e-11,3.7933e-11,5.8002e-11
6.817e-11,4.9869e-11,4.9749e-11
5.8166e-11,3.4486e-11,4.6014e-11
5.6491e-11,3.4071e-11,4.9043e-11
3.7956e-11,4.2755e-11,3.2736e-11
4.0364e-11,3.6863e-11,2.7889e-11
2.9799e-11,2.3848e-11,2.0477e-11
2.489e-11,1.9288e-11,2.033e-11
4.6935e-11,6.1035e-11,6.9712e-11
2.376e-11,1.8805e-11,2.0482e-11
3.7896e-11,4.158e-11,4.9726e-11
2.9234e-11,2.888e-11,3.185e-11
3.649e-11,3.8927e-11,4.5744e-11
2.2802e-11,1.5647e-11,2.1922e-11
2.788e-11,3.1636e-11,3.0782e-11
3.1454e-11,4.122e-11,4.725e-11
3.2445e-11,5.3746e-11,6.41e-11
1.6912e-11,1.8025e-11,1.5733e-11
2.6732e-11,3.5067e-11,4.9641e-11
7.4423e-11,6.8613e-11,3.1847e-11
1.7882e-11,1.7562e-11,1.1842e-11
1.6821e-11,1.6912e-11,1.6869e-11
4.2843e-11,3.804e-11,2.0551e-11
6.906e-11,6.7641e-11,2.746e-11
2.4346e-11,4.7869e-11,5.6831e-11
1.9546e-11,1.7474e-11,1.3266e-11
2.9511e-11,2.6699e-11,1.257e-11
2.3548e-11,1.974e-11,1.1583e-11
6.6002e-11,6.7386e-11,2.2596e-11
2.4607e-11,2.3343e-11,1.0909e-11
2.2804e-11,2.0928e-11,8.7176e-12
1.2478e-11,4.011e-11,3.5058e-11
1.1474e-11,1.4482e-11,1.7885e-11
2.3864e-11,2.6515e-11,1.5863e-11
1.4223e-11,1.2102e-11,1.6792e-11
2.505e-11,2.2769e-11,1.2361e-11
1.7833e-11,1.9344e-11,1.0473e-11
4.4001e-11,4.2816e-11,1.4532e-11
1.1321e-11,1.1007e-11,1.4503e-11
1.3631e-11,1.5918e-11,1.2066e-11
3.274e-11,2.9352e-11,1.0587e-11
3.0723e-11,2.516e-11,9.6429e-12
1.0368e-11,1.2022e-11,1.2409e-11
1.7562e-11,1.5293e-11,1.6711e-11
1.9684e-11,1.6059e-11,8.4541e-12
1.438e-11,1.7498e-11,1.0198e-11
1.0485e-11,1.1465e-11,1.22e-11
1.1846e-11,1.2385e-11,2.013e-11
2.2195e-11,1.8147e-11,1.6584e-11
1.5804e-11,1.5347e-11,2.5514e-11
5.7446e-11,4.3403e-11,4.539e-11
6.7124e-11,4.2908e-11,5.7447e-11
5.7368e-11,3.9583e-11,4.8841e-11
4.5053e-11,3.0658e-11,3.64e-11
5.0531e-11,3.0737e-11,4.6975e-11
5.5556e-11,3.9048e-11,5.5504e-11
4.1715e-11,2.7355e-11,3.5988e-11
5.2711e-11,4.2973e-11,6.0357e-11
2.7284e-11,2.4084e-11,2.4285e-11
2.9684e-11,2.1544e-11,2.0934e-11
5.1291e-11,5.6366e-11,6.3047e-11
3.8425e-11,4.6374e-11,5.5794e-11
3.4782e-11,4.0839e-11,4.2029e-11
3.0184e-11,4.5308e-11,4.8926e-11
2.3588e-11,1.9085e-11,1.7957e-11
2.4702e-11,2.071e-11,2.8422e-11
1.6484e-11,2.3736e-11,1.3819e-11
2.9452e-11,2.3935e-11,1.655e-11
1.9856e-11,1.5315e-11,1.3966e-11
3.5278e-11,4.2147e-11,6.3991e-11
5.6489e-11,4.9907e-11,2.4971e-11
1.4124e-11,1.188e-11,1.045e-11
1.6394e-11,1.7728e-11,1.4878e-11
1.4673e-11,1.3682e-11,1.0782e-11
1.6652e-11,2.6795e-11,2.9558e-11
1.4574e-11,2.4885e-11,2.583e-11
6.6734e-11,6.6135e-11,2.4182e-11
1.5975e-11,1.7651e-11,2.7518e-11
1.524e-11,6.4655e-11,7.0644e-11
1.185e-11,1.3584e-11,1.6919e-11
1.1073e-11,2.1793e-11,1.1933e-11
1.3001e-11,1.4322e-11,1.8767e-11
2.361e-11,2.5409e-11,1.3975e-11
1.6032e-11,1.5463e-11,1.9968e-11
1.3114e-11,2.7049e-11,1.7369e-11
1.5081e-11,1.6404e-11,1.7729e-11
1.8111e-11,1.4314e-11,9.7965e-12
2.53e-11,2.2851e-11,9.4787e-12
1.0193e-11,1.2487e-11,1.4696e-11
1.8319e-11,1.5154e-11,1.5033e-11
1.2363e-11,1.8484e-11,1.9096e-11
7.104e-11,3.753e-11,6.0112e-11
6.5595e-11,3.774e-11,5.2758e-11
6.4234e-11,3.8601e-11,4.7193e-11
5.5953e-11,4.0119e-11,4.521e-11
6.3768e-11,3.2942e-11,5.162e-11
6.8564e-11,5.2756e-11,4.6191e-11
6.0988e-11,5.1129e-11,4.0842e-11
5.7018e-11,4.2719e-11,6.1861e-11
5.1064e-11,3.8085e-11,5.844e-11
5.2024e-11,4.506e-11,6.2842e-11
3.3517e-11,2.6853e-11,2.1872e-11
2.5082e-11,1.9286e-11,2.3253e-11
2.5733e-11,2.8275e-11,2.6147e-11
3.0501e-11,3.1216e-11,3.0893e-11
2.6562e-11,2.5193e-11,2.5713e-11
2.2735e-11,1.6543e-11,2.3003e-11
3.6253e-11,4.5913e-11,5.1798e-11
1.7623e-11,1.7465e-11,1.9199e-11
1.7834e-11,1.6754e-11,1.9275e-11
3.7227e-11,6.724e-11,7.6867e-11
2.4323e-11,1.9922e-11,2.0493e-11
2.7301e-11,4.1215e-11,5.022e-11
2.1275e-11,2.1653e-11,1.5792e-11
2.6447e-11,2.8224e-11,2.8563e-11
2.4777e-11,2.2476e-11,1.6039e-11
3.5549e-11,3.2442e-11,1.7725e-11
1.7868e-11,2.0525e-11,2.0611e-11
2.6805e-11,7.0117e-11,7.4621e-11
3.2321e-11,3.209e-11,1.1125e-11
2.4719e-11,5.1362e-11,5.506e-11
3.6676e-11,3.5922e-11,1.3223e-11
2.0959e-11,4.3774e-11,4.1096e-11
2.2846e-11,5.5796e-11,5.2041e-11
1.653e-11,1.8092e-11,8.8062e-12
6.0585e-11,5.6825e-11,2.0502e-11
5.3629e-11,5.0315e-11,1.7694e-11
1.7743e-11,4.3323e-11,3.1259e-11
1.0135e-11,1.1693e-11,1.1238e-11
1.8992e-11,1.8605e-11,1.5579e-11
1.474e-11,2.3558e-11,2.4302e-11
2.1417e-11,1.7717e-11,9.056e-12
1.9152e-11,2.9942e-11,3.7664e-11
6.4787e-11,4.802e-11,4.9384e-11
5.4768e-11,4.0522e-11,6.0747e-11
3.6448e-11,2.7815e-11,3.4802e-11
4.5351e-11,3.2452e-11,3.4517e-11
3.6618e-11,3.1019e-11,2.9742e-11
4.9676e-11,4.4176e-11,6.25e-11
4.2167e-11,3.7559e-11,4.1969e-11
4.1071e-11,4.0276e-11,4.7788e-11
3.3369e-11,3.5029e-11,4.3592e-11
3.1437e-11,4.2645e-11,5.1879e-11
3.2641e-11,5.2295e-11,5.1838e-11
2.4081e-11,2.095e-11,1.745e-11
5.2701e-11,4.5547e-11,2.6546e-11
3.1493e-11,6.0428e-11,6.3785e-11
2.246e-11,2.4385e-11,2.22e-11
3.711e-11,3.4995e-11,1.8601e-11
1.7125e-11,1.7623e-11,2.9367e-11
2.1698e-11,2.6098e-11,3.2965e-11
2.9632e-11,3.5597e-11,4.4041e-11
2.4958e-11,4.5283e-11,5.4356e-11
1.3706e-11,7.3659e-11,7.1537e-11
1.8253e-11,1.7792e-11,9.3003e-12
9.8117e-12,3.4832e-11,3.0972e-11
1.455e-11,1.5527e-11,1.7402e-11
1.8283e-11,4.8883e-11,3.5376e-11
1.4996e-11,2.7243e-11,2.6147e-11
1.1167e-11,4.5483e-11,4.1365e-11
5.8959e-11,3.8806e-11,4.4145e-11
5.8855e-11,4.1744e-11,5.4792e-11
5.6002e-11,4.6333e-11,5.4884e-11
6.8281e-11,5.3397e-11,4.208e-11
5.5255e-11,3.9717e-11,5.6177e-11
2.7612e-11,2.4811e-11,3.0164e-11
2.9884e-11,3.3625e-11,2.7989e-11
4.5388e-11,4.7806e-11,5.5597e-11
4.5548e-11,4.4498e-11,2.1903e-11
7.5224e-11,7.2753e-11,3.0502e-11
2.6514e-11,6.5456e-11,6.9721e-11
2.2342e-11,7.296e-11,7.8001e-11
1.7746e-11,2.1076e-11,2.8638e-11
1.5896e-11,1.5891e-11,2.0143e-11
2.243e-11,2.0289e-11,1.1694e-11
2.9242e-11,2.6456e-11,1.0561e-11
1.6891e-11,1.6657e-11,1.5776e-11
5.4691e-11,5.426e-11,1.466e-11
1.2182e-11,1.6544e-11,1.3645e-11
1.1666e-11,3.3092e-11,2.7999e-11
1.5242e-11,7.0949e-11,6.2517e-11
1.0465e-11,1.286e-11,2.0299e-11
1.9048e-11,2.9767e-11,2.8834e-11
6.0457e-11,4.6513e-11,5.7698e-11
4.4103e-11,4.1608e-11,4.1525e-11
5.4906e-11,4.3963e-11,5.8122e-11
6.2014e-11,5.3277e-11,3.8814e-11
4.4633e-11,3.7826e-11,4.6215e-11
3.0354e-11,3.3141e-11,2.9396e-11
4.5473e-11,3.7741e-11,2.5814e-11
3.4456e-11,2.6838e-11,3.1473e-11
3.2077e-11,3.6177e-11,3.4292e-11
3.22e-11,4.0266e-11,3.7794e-11
1.9445e-11,1.9603e-11,2.0697e-11
4.1525e-11,6.3307e-11,6.9925e-11
3.6502e-11,5.9765e-11,5.8464e-11
3.5172e-11,6.1489e-11,6.2322e-11
3.6948e-11,3.1232e-11,1.9579e-11
1.8468e-11,1.951e-11,1.2932e-11
2.0684e-11,2.5114e-11,1.2879e-11
2.6566e-11,3.427e-11,4.8975e-11
1.8427e-11,1.8225e-11,2.8636e-11
2.0924e-11,2.9829e-11,4.1725e-11
2.7138e-11,3.675e-11,4.8297e-11
1.98e-11,1.7167e-11,2.3808e-11
3.8335e-11,3.811e-11,1.378e-11
1.13e-11,1.4789e-11,1.8155e-11
1.06e-11,1.2646e-11,1.2771e-11
1.4891e-11,4.8702e-11,5.3722e-11
2.9591e-11,4.7238e-11,4.5412e-11
1.3742e-11,1.3661e-11,1.2534e-11
1.1166e-11,7.2922e-11,7.2908e-11
4.3279e-11,3.8268e-11,9.4005e-12
1.6539e-11,1.4375e-11,1.4266e-11
2.0741e-11,3.1534e-11,3.0317e-11
1.3689e-11,1.1195e-11,9.0302e-12
6.6585e-11,4.6402e-11,5.1551e-11
6.1137e-11,4.5136e-11,4.3843e-11
5.1162e-11,3.3986e-11,4.7865e-11
4.9671e-11,3.3432e-11,4.7714e-11
3.7704e-11,3.0183e-11,3.7151e-11
4.6543e-11,3.4718e-11,4.2295e-11
4.5647e-11,3.9541e-11,4.4161e-11
3.3896e-11,2.9597e-11,3.534e-11
3.0785e-11,2.6194e-11,3.1626e-11
3.7727e-11,3.381e-11,3.6277e-11
5.5129e-11,4.7014e-11,3.3582e-11
2.459e-11,2.2279e-11,2.0019e-11
2.737e-11,2.1761e-11,1.8687e-11
3.5556e-11,3.7848e-11,4.5033e-11
2.3314e-11,2.8183e-11,2.6213e-11
4.0683e-11,3.6925e-11,2.3546e-11
3.9267e-11,6.6105e-11,7.1922e-11
5.7275e-11,5.0414e-11,2.624e-11
2.1703e-11,2.1589e-11,2.3513e-11
1.7167e-11,1.7038e-11,1.7516e-11
1.761e-11,2.2582e-11,2.0779e-11
5.0273e-11,4.5123e-11,2.1416e-11
1.8085e-11,1.619e-11,1.3936e-11
1.902e-11,1.8241e-11,1.9595e-11
1.9138e-11,2.0255e-11,2.8906e-11
2.4365e-11,2.8639e-11,1.8414e-11
2.2515e-11,2.041e-11,9.2268e-12
2.7215e-11,4.7888e-11,4.8789e-11
1.8133e-11,2.0382e-11,9.9212e-12
1.786e-11,2.2481e-11,2.3521e-11
1.9172e-11,3.5497e-11,3.2816e-11
2.6844e-11,2.3186e-11,6.5145e-12
1.4012e-11,1.37e-11,1.428e-11
1.2092e-11,1.1441e-11,8.3396e-12
1.5552e-11,1.5104e-11,1.1732e-11
6.0931e-11,3.9353e-11,4.8892e-11
5.8895e-11,4.3636e-11,4.5132e-11
5.4365e-11,3.6469e-11,4.719e-11
4.5842e-11,4.4547e-11,4.3535e-11
4.0679e-11,2.7793e-11,3.2904e-11
4.5443e-11,3.8578e-11,4.6096e-11
2.5157e-11,2.0853e-11,2.1661e-11
3.8279e-11,3.0861e-11,3.5467e-11
3.9899e-11,3.9994e-11,5.2058e-11
2.4933e-11,2.2358e-11,2.187e-11
2.2806e-11,2.2966e-11,2.3782e-11
3.2784e-11,2.7615e-11,2.1758e-11
2.651e-11,2.4364e-11,2.9808e-11
2.8814e-11,3.8153e-11,3.5343e-11
4.349e-11,3.4515e-11,5.3869e-11
1.7589e-11,1.8866e-11,1.9786e-11
1.7745e-11,1.7004e-11,1.64e-11
3.5368e-11,3.3616e-11,3.7346e-11
2.1232e-11,2.5905e-11,3.4633e-11
1.6628e-11,2.313e-11,2.7105e-11
2.0634e-11,2.5033e-11,2.5818e-11
6.8863e-11,6.8225e-11,2.0511e-11
1.4766e-11,1.1866e-11,1.2438e-11
1.8121e-11,1.5026e-11,1.5066e-11
1.8157e-11,1.5979e-11,1.2417e-11
1.7502e-11,1.8863e-11,1.6356e-11
1.6373e-11,1.7032e-11,1.4418e-11
6.5787e-11,4.7885e-11,4.5637e-11
5.3796e-11,4.1242e-11,3.9341e-11
5.1603e-11,4.5605e-11,5.2255e-11
6.3035e-11,4.9373e-11,5.7599e-11
3.8784e-11,3.3958e-11,3.4505e-11
2.971e-11,3.223e-11,2.9519e-11
5.0559e-11,3.967e-11,3.0293e-11
2.7843e-11,2.2789e-11,1.9848e-11
1.8019e-11,1.7016e-11,1.6625e-11
1.9131e-11,1.7596e-11,1.8007e-11
2.4272e-11,2.3599e-11,3.4675e-11
1.8965e-11,1.8225e-11,1.3509e-11
5.1488e-11,4.4789e-11,2.3255e-11
2.7181e-11,4.0743e-11,5.5079e-11
7.0873e-11,6.7287e-11,2.7903e-11
2.1376e-11,1.7207e-11,2.2681e-11
5.6559e-11,5.2378e-11,2.1842e-11
1.7946e-11,1.6923e-11,1.1458e-11
1.5936e-11,1.7652e-11,1.7116e-11
1.8766e-11,1.8323e-11,2.0914e-11
3.155e-11,3.1763e-11,1.8523e-11
1.372e-11,1.433e-11,1.2169e-11
6.3596e-11,6.2653e-11,1.8586e-11
2.5141e-11,2.4651e-11,1.2733e-11
1.8431e-11,6.9739e-11,6.1827e-11
1.167e-11,7.0424e-11,6.6461e-11
4.8108e-11,4.2329e-11,1.0252e-11
1.2446e-11,1.4852e-11,8.4776e-12
2.1204e-11,1.7756e-11,6.1582e-12
1.6788e-11,1.2481e-11,7.9296e-12
1.4753e-11,1.401e-11,1.1453e-11
2.4573e-11,2.5831e-11,2.4161e-11
1.8461e-11,2.4814e-11,2.4893e-11
6.4026e-11,4.4837e-11,5.655e-11
6.9556e-11,5.2183e-11,4.4792e-11
5.6064e-11,4.544e-11,5.3537e-11
5.7273e-11,4.7846e-11,4.0413e-11
3.5709e-11,3.0324e-11,3.5061e-11
4.9067e-11,4.2205e-11,5.0005e-11
4.4022e-11,4.083e-11,4.6539e-11
3.6787e-11,3.4076e-11,3.5988e-11
4.504e-11,3.3687e-11,4.0311e-11
3.2053e-11,3.405e-11,3.8772e-11
3.902e-11,3.3228e-11,4.2439e-11
2.4005e-11,2.1741e-11,2.1145e-11
2.2119e-11,2.1805e-11,2.0508e-11
6.0414e-11,5.2085e-11,2.7462e-11
1.7675e-11,1.7726e-11,1.5057e-11
1.9495e-11,1.7537e-11,1.8335e-11
2.1093e-11,2.3302e-11,3.2267e-11
2.8484e-11,2.246e-11,1.5097e-11
1.645e-11,1.7749e-11,1.7287e-11
1.7785e-11,1.62e-11,1.9456e-11
7.1103e-11,6.9531e-11,1.9213e-11
2.4351e-11,2.2928e-11,1.1156e-11
1.1226e-11,1.3421e-11,1.4718e-11
1.876e-11,2.0996e-11,1.1879e-11
1.326e-11,1.5994e-11,1.2399e-11
1.4249e-11,2.2179e-11,1.6927e-11
2.1035e-11,2.2494e-11,1.0942e-11
3.817e-11,3.5277e-11,1.2238e-11
1.3589e-11,1.8549e-11,2.1644e-11
4.9894e-11,4.9857e-11,1.4504e-11
1.6568e-11,4.4897e-11,5.1859e-11
1.705e-11,1.359e-11,2.1067e-11
2.1715e-11,2.2452e-11,2.0115e-11
6.0312e-11,4.0577e-11,5.6263e-11
5.7092e-11,3.6657e-11,5.2234e-11
5.3173e-11,3.8895e-11,4.8997e-11
5.5409e-11,3.7886e-11,5.0831e-11
4.9838e-11,4.8019e-11,6.2154e-11
3.4052e-11,3.1221e-11,3.5735e-11
2.662e-11,2.1412e-11,1.7107e-11
6.8515e-11,5.8975e-11,2.8657e-11
1.8038e-11,1.7878e-11,1.6238e-11
1.884e-11,1.9848e-11,1.9504e-11
1.8505e-11,2.0439e-11,1.79e-11
1.7552e-11,1.8665e-11,1.8464e-11
1.882e-11,2.145e-11,2.7187e-11
1.9894e-11,1.7629e-11,1.3074e-11
2.0351e-11,2.5509e-11,2.5647e-11
4.3707e-11,4.5462e-11,4.3298e-11
1.8254e-11,1.8868e-11,1.3431e-11
3.0107e-11,5.6696e-11,5.7328e-11
4.2543e-11,4.4121e-11,1.4725e-11
2.8434e-11,6.0009e-11,5.4721e-11
1.4339e-11,1.8698e-11,1.5305e-11
1.2342e-11,1.2945e-11,1.358e-11
1.4816e-11,2.1463e-11,1.1574e-11
1.6194e-11,1.717e-11,1.8337e-11
5.6665e-11,4.1667e-11,5.1045e-11
6.7614e-11,4.88e-11,4.2156e-11
5.7066e-11,4.2534e-11,5.2885e-11
4.148e-11,2.7461e-11,2.9225e-11
3.7359e-11,2.961e-11,2.7e-11
4.9958e-11,5.137e-11,6.0896e-11
5.4439e-11,4.5787e-11,3.0481e-11
3.0386e-11,3.0842e-11,3.0118e-11
3.9644e-11,3.1572e-11,3.9569e-11
2.518e-11,2.915e-11,2.5279e-11
2.7267e-11,2.8811e-11,2.7124e-11
3.4148e-11,4.2872e-11,5.2737e-11
2.1363e-11,2.2254e-11,1.6041e-11
3.5582e-11,4.4982e-11,5.6426e-11
3.6372e-11,5.7826e-11,6.0927e-11
7.4476e-11,6.9717e-11,2.8376e-11
2.0403e-11,1.7632e-11,1.2797e-11
1.7884e-11,2.1504e-11,1.6313e-11
1.3262e-11,1.7102e-11,1.811e-11
1.8835e-11,4.673e-11,4.1551e-11
1.4879e-11,1.9381e-11,1.6099e-11
1.5399e-11,2.1841e-11,2.5651e-11
4.014e-11,3.6775e-11,1.1181e-11
1.231e-11,2.2072e-11,2.1947e-11
2.007e-11,1.5449e-11,1.8269e-11
1.5504e-11,2.106e-11,7.3359e-12
3.7002e-11,3.0304e-11,9.8352e-12
1.0566e-11,1.4348e-11,1.4506e-11
5.6998e-11,4.4562e-11,5.1452e-11
5.9325e-11,4.7802e-11,5.5492e-11
5.0324e-11,3.6461e-11,4.6207e-11
5.3351e-11,4.7566e-11,5.4567e-11
3.6612e-11,3.2789e-11,3.5425e-11
5.9579e-11,4.604e-11,3.557e-11
3.2136e-11,2.8755e-11,3.053e-11
6.5719e-11,5.4557e-11,3.5303e-11
3.1189e-11,2.605e-11,3.082e-11
4.3495e-11,4.2044e-11,5.168e-11
4.4771e-11,4.6543e-11,6.0711e-11
2.7203e-11,2.1194e-11,1.7206e-11
2.7175e-11,2.0315e-11,1.5306e-11
4.7449e-11,4.4259e-11,2.2926e-11
3.8106e-11,3.1572e-11,2.1857e-11
3.8525e-11,3.0287e-11,2.1929e-11
1.9118e-11,2.093e-11,2.1133e-11
4.4711e-11,4.3622e-11,1.9058e-11
6.8959e-11,6.6251e-11,2.474e-11
2.1456e-11,1.8695e-11,1.2514e-11
3.077e-11,2.9776e-11,1.337e-11
1.9679e-11,2.3891e-11,1.4571e-11
3.1466e-11,5.2281e-11,7.4727e-11
3.9332e-11,4.2081e-11,1.5743e-11
2.098e-11,2.996e-11,2.7656e-11
2.5769e-11,3.6467e-11,4.6131e-11
1.9478e-11,4.2498e-11,5.1738e-11
2.0661e-11,4.6777e-11,4.0508e-11
1.4327e-11,2.0153e-11,1.6465e-11
3.3376e-11,3.0645e-11,1.5554e-11
1.2086e-11,1.3655e-11,1.99e-11
1.4796e-11,1.9084e-11,8.2861e-12
1.0634e-11,1.5608e-11,1.2189e-11
1.5159e-11,1.7077e-11,1.4311e-11
5.3834e-11,4.2221e-11,4.9288e-11
4.4935e-11,3.7506e-11,4.5286e-11
5.6805e-11,5.2098e-11,5.4429e-11
6.6795e-11,5.1707e-11,4.117e-11
4.4395e-11,3.6548e-11,4.0665e-11
5.0677e-11,4.0274e-11,3.7104e-11
5.1159e-11,4.8671e-11,5.2453e-11
5.5663e-11,3.8934e-11,3.676e-11
4.5891e-11,3.5316e-11,4.5246e-11
4.414e-11,4.0034e-11,4.4725e-11
6.8288e-11,5.5397e-11,3.91e-11
5.1523e-11,5.0717e-11,5.0091e-11
6.0347e-11,4.9562e-11,3.4402e-11
4.4911e-11,3.4368e-11,2.5985e-11
5.0702e-11,3.9051e-11,2.9383e-11
2.8124e-11,2.4753e-11,1.9153e-11
3.7506e-11,3.9389e-11,4.7738e-11
2.1773e-11,1.865e-11,2.3824e-11
3.1966e-11,5.0317e-11,6.2259e-11
3.2134e-11,2.7778e-11,1.666e-11
3.6302e-11,5.1116e-11,6.4132e-11
1.9357e-11,1.8241e-11,1.6841e-11
1.8898e-11,2.414e-11,1.4706e-11
1.9455e-11,2.384e-11,1.7614e-11
2.3484e-11,3.2829e-11,3.4206e-11
3.1937e-11,4.5907e-11,4.8637e-11
1.7867e-11,2.2426e-11,2.0234e-11
4.0765e-11,4.0709e-11,1.5154e-11
2.1083e-11,4.8142e-11,3.904e-11
5.4619e-11,5.5061e-11,1.313e-11
2.1125e-11,1.7625e-11,1.4321e-11
5.4804e-11,5.5027e-11,1.122e-11
2.7152e-11,2.4249e-11,2.1381e-11
1.3498e-11,1.7567e-11,1.0676e-11
2.0401e-11,1.8745e-11,1.52e-11
1.2214e-11,1.2985e-11,1.2083e-11
1.9714e-11,3.9972e-11,4.6346e-11
1.2103e-11,1.8605e-11,1.7485e-11
1.352e-11,1.8994e-11,1.6425e-11
5.8493e-11,4.2124e-11,5.6889e-11
5.1827e-11,3.5801e-11,4.562e-11
5.0989e-11,3.8744e-11,5.2632e-11
4.887e-11,3.719e-11,4.8795e-11
4.9375e-11,3.6751e-11,4.6731e-11
5.1873e-11,3.7367e-11,4.0137e-11
4.2207e-11,3.1899e-11,3.8519e-11
4.0128e-11,4.453e-11,4.1002e-11
3.9003e-11,2.7802e-11,3.1044e-11
6.2759e-11,5.0673e-11,3.2697e-11
4.4952e-11,4.7359e-11,5.5683e-11
2.9522e-11,2.6563e-11,2.0236e-11
4.4895e-11,3.5755e-11,2.1417e-11
4.358e-11,3.3835e-11,2.165e-11
2.487e-11,2.5512e-11,3.055e-11
4.1673e-11,6.4263e-11,7.1334e-11
3.4736e-11,5.6493e-11,6.9899e-11
1.7939e-11,1.7539e-11,1.8348e-11
3.7363e-11,6.5985e-11,7.0844e-11
2.5282e-11,3.4488e-11,3.0971e-11
2.0449e-11,2.6128e-11,1.573e-11
1.803e-11,1.9131e-11,2.2849e-11
1.6671e-11,2.1976e-11,2.2415e-11
2.8805e-11,6.1214e-11,6.565e-11
1.633e-11,1.9363e-11,1.7613e-11
1.9745e-11,2.4359e-11,2.9588e-11
1.3777e-11,1.7698e-11,1.6266e-11
2.096e-11,2.1027e-11,1.8209e-11
2.3654e-11,3.8115e-11,4.0064e-11
1.9169e-11,2.5132e-11,2.1695e-11
5.6222e-11,5.6672e-11,1.3917e-11
3.7479e-11,3.5225e-11,1.0931e-11
3.4326e-11,3.1558e-11,1.0658e-11
2.0683e-11,1.8168e-11,1.2578e-11
2.1248e-11,1.841e-11,1.2415e-11
1.5407e-11,3.8338e-11,4.0663e-11
1.8641e-11,3.3304e-11,3.8133e-11
4.6029e-11,4.12e-11,9.8709e-12
1.8123e-11,1.9948e-11,2.2135e-11
1.3577e-11,6.6304e-11,6.5284e-11
4.8821e-11,5.0072e-11,1.2184e-11
1.2445e-11,1.4213e-11,1.3483e-11
1.4513e-11,1.518e-11,1.6699e-11
1.1576e-11,1.5586e-11,1.0826e-11
2.1272e-11,2.6948e-11,2.7074e-11
1.7107e-11,1.9427e-11,1.6055e-11
2.3131e-11,2.1981e-11,3.0884e-11
1.3844e-11,1.733e-11,1.7025e-11
1.7601e-11,2.5921e-11,1.5304e-11
2.1783e-11,2.3033e-11,2.9543e-11
1.1594e-11,3.1674e-11,3.1988e-11
5.5735e-11,4.171e-11,5.2317e-11
4.5486e-11,3.7671e-11,4.3035e-11
4.8937e-11,3.76e-11,4.7113e-11
4.3893e-11,4.0674e-11,4.5454e-11
6.9691e-11,5.9369e-11,3.659e-11
4.3499e-11,3.1392e-11,2.9735e-11
4.7284e-11,4.3679e-11,2.6909e-11
3.5064e-11,3.1587e-11,3.3945e-11
4.0927e-11,4.3773e-11,4.7852e-11
4.2822e-11,3.4589e-11,4.0627e-11
3.2883e-11,3.6009e-11,4.3093e-11
2.8062e-11,2.6703e-11,2.6744e-11
4.4984e-11,3.5717e-11,2.1562e-11
2.4536e-11,2.4448e-11,2.3692e-11
2.0658e-11,1.8703e-11,1.6581e-11
3.6829e-11,3.5287e-11,1.8478e-11
2.6468e-11,3.2755e-11,3.5694e-11
1.5334e-11,2.0786e-11,1.9707e-11
2.8128e-11,3.1254e-11,3.9309e-11
2.6575e-11,6.3602e-11,6.5521e-11
2.6494e-11,6.4771e-11,7.0028e-11
4.5312e-11,4.4754e-11,1.4187e-11
2.0898e-11,1.9249e-11,1.0612e-11
6.0271e-11,5.916e-11,1.4556e-11
1.8501e-11,2.8465e-11,2.5409e-11
1.3338e-11,1.8225e-11,1.3564e-11
1.7082e-11,1.9607e-11,1.4545e-11
1.4268e-11,1.5032e-11,1.9618e-11
5.2963e-11,3.9703e-11,5.0904e-11
5.296e-11,3.7836e-11,4.7851e-11
4.9318e-11,3.5722e-11,4.0541e-11
6.1171e-11,4.899e-11,3.7919e-11
4.3624e-11,3.5673e-11,4.1518e-11
3.869e-11,4.0765e-11,3.8279e-11
5.1761e-11,4.7304e-11,5.2688e-11
4.8477e-11,4.8736e-11,4.813e-11
5.236e-11,4.8264e-11,5.0528e-11
6.6361e-11,5.6764e-11,3.2655e-11
6.4479e-11,5.3509e-11,3.2137e-11
4.7984e-11,5.2821e-11,6.0119e-11
5.1389e-11,4.0945e-11,2.5468e-11
3.8016e-11,4.8526e-11,5.6504e-11
2.2907e-11,2.2714e-11,1.8792e-11
2.6181e-11,3.7227e-11,4.1052e-11
1.5353e-11,1.89e-11,1.583e-11
2.8342e-11,3.3174e-11,4.2627e-11
2.3815e-11,3.2448e-11,3.8971e-11
1.4441e-11,1.4148e-11,1.2379e-11
3.5494e-11,3.2627e-11,9.6568e-12
1.376e-11,1.8553e-11,1.9606e-11
1.5737e-11,2.0219e-11,2.6724e-11
1.4453e-11,6.7389e-11,6.6533e-11
1.5076e-11,5.7108e-11,5.8643e-11
1.2494e-11,1.7943e-11,1.182e-11
1.3388e-11,2.0549e-11,1.2763e-11
5.921e-11,4.3801e-11,4.7828e-11
5.7753e-11,4.2525e-11,4.6623e-11
6.1926e-11,4.5027e-11,4.2351e-11
4.6996e-11,4.6751e-11,4.9311e-11
6.0656e-11,4.6524e-11,3.6349e-11
2.8242e-11,2.8339e-11,3.0264e-11
2.9127e-11,3.2609e-11,3.0433e-11
4.2117e-11,4.5149e-11,5.2237e-11
2.2248e-11,2.4801e-11,1.7034e-11
2.68e-11,2.6394e-11,1.8826e-11
3.5025e-11,6.1915e-11,7.298e-11
1.9582e-11,2.2017e-11,1.7942e-11
2.9354e-11,5.2784e-11,5.7332e-11
3.1242e-11,3.2833e-11,3.5336e-11
6.373e-11,6.3955e-11,1.5854e-11
2.6339e-11,2.3535e-11,9.6795e-12
1.8029e-11,4.2427e-11,4.2516e-11
2.0148e-11,2.0764e-11,2.1919e-11
1.635e-11,1.6612e-11,1.3033e-11
5.5475e-11,4.1265e-11,4.6477e-11
6.0763e-11,4.5561e-11,5.0264e-11
5.8653e-11,5.0745e-11,5.8376e-11
3.0439e-11,2.8213e-11,2.9133e-11
4.4522e-11,4.508e-11,4.836e-11
5.1794e-11,4.3419e-11,2.9008e-11
2.4748e-11,2.5967e-11,2.6174e-11
1.9829e-11,2.2321e-11,1.99e-11
2.5895e-11,2.8904e-11,2.9454e-11
4.884e-11,4.4655e-11,2.2574e-11
3.6156e-11,3.6326e-11,1.7539e-11
3.1351e-11,5.346e-11,5.9112e-11
2.4552e-11,6.6454e-11,7.1093e-11
1.9135e-11,3.2518e-11,3.0921e-11
1.6421e-11,3.3788e-11,3.6664e-11
4.6444e-11,4.2209e-11,9.4087e-12
1.7404e-11,5.9728e-11,6.1674e-11
1.3267e-11,1.7621e-11,2.0888e-11
1.8228e-11,2.1716e-11,2.2016e-11
1.8922e-11,2.147e-11,2.1187e-11
1.6896e-11,4.7937e-11,5.0691e-11
1.7637e-11,4.7463e-11,4.9293e-11
1.5388e-11,1.618e-11,1.3955e-11
4.7764e-11,3.6188e-11,3.9763e-11
4.4613e-11,3.7446e-11,4.3862e-11
4.0842e-11,3.9342e-11,4.5724e-11
6.7505e-11,5.1687e-11,3.8276e-11
4.9265e-11,3.903e-11,3.1415e-11
4.6372e-11,3.5887e-11,2.8829e-11
4.4853e-11,3.132e-11,3.0985e-11
5.8091e-11,4.8382e-11,3.1958e-11
3.7869e-11,3.4242e-11,3.8589e-11
3.4485e-11,2.881e-11,2.3192e-11
4.9783e-11,5.3292e-11,6.2405e-11
2.3061e-11,2.2251e-11,1.7013e-11
2.3626e-11,2.4336e-11,2.4744e-11
4.7641e-11,4.4275e-11,2.2336e-11
3.4462e-11,4.0489e-11,5.169e-11
6.3026e-11,5.9866e-11,2.5348e-11
1.8915e-11,2.2589e-11,1.4809e-11
1.8642e-11,2.2625e-11,1.8446e-11
2.0612e-11,3.75e-11,3.6461e-11
3.0426e-11,2.8608e-11,9.7689e-12
2.0868e-11,7.269e-11,6.8011e-11
2.312e-11,3.7142e-11,4.0033e-11
1.4953e-11,1.9283e-11,2.0848e-11
5.8703e-11,5.5514e-11,9.2741e-12
3.0854e-11,2.8673e-11,1.2433e-11
3.3101e-11,2.7562e-11,6.5419e-12
1.529e-11,1.9727e-11,1.6316e-11
6.4476e-11,4.78e-11,5.3088e-11
7.1122e-11,5.2531e-11,4.6105e-11
4.9264e-11,4.6852e-11,5.0911e-11
4.538e-11,4.0536e-11,4.4536e-11
3.5193e-11,3.302e-11,3.4369e-11
4.6757e-11,4.3975e-11,4.7634e-11
4.4219e-11,4.1752e-11,4.5299e-11
3.2323e-11,3.1006e-11,2.8448e-11
3.1829e-11,3.0598e-11,2.8729e-11
2.9832e-11,2.6598e-11,2.2402e-11
4.7605e-11,3.9878e-11,2.519e-11
2.861e-11,2.8837e-11,2.7743e-11
4.2673e-11,3.8839e-11,4.5005e-11
2.5756e-11,3.0513e-11,3.0701e-11
3.6918e-11,3.9886e-11,5.0467e-11
5.1643e-11,4.8056e-11,2.4866e-11
2.0451e-11,2.1134e-11,1.8315e-11
1.6377e-11,1.9444e-11,1.6279e-11
1.686e-11,1.9567e-11,1.3944e-11
5.4575e-11,5.128e-11,1.2175e-11
4.2003e-11,3.9963e-11,1.3515e-11
2.014e-11,2.7535e-11,2.9063e-11
1.3958e-11,2.1727e-11,1.3976e-11
3.2641e-11,3.1069e-11,3.3398e-11
2.0035e-11,2.1e-11,1.644e-11
1.3612e-11,1.7056e-11,1.4675e-11
4.895e-11,4.212e-11,1.4082e-11
5.2148e-11,4.6375e-11,5.0016e-11
4.6564e-11,4.5036e-11,4.7346e-11
4.1119e-11,3.6132e-11,3.0631e-11
3.5821e-11,3.4222e-11,3.2913e-11
4.3537e-11,4.0549e-11,4.384e-11
3.4045e-11,3.0863e-11,2.8786e-11
5.1948e-11,5.2787e-11,6.3503e-11
4.9045e-11,4.8051e-11,5.2577e-11
2.7073e-11,2.7199e-11,2.3522e-11
3.1912e-11,3.3737e-11,3.507e-11
2.5183e-11,2.7682e-11,2.3178e-11
2.4185e-11,2.7863e-11,2.7876e-11
5.9527e-11,5.1508e-11,2.6635e-11
2.7764e-11,2.5425e-11,1.858e-11
3.8752e-11,4.8652e-11,5.8872e-11
6.7252e-11,6.5094e-11,2.5962e-11
2.0748e-11,2.1897e-11,1.924e-11
2.0932e-11,2.5753e-11,2.5659e-11
7.0271e-11,6.8863e-11,2.1477e-11
2.4628e-11,3.0673e-11,2.6233e-11
1.7005e-11,2.1675e-11,2.0747e-11
2.2521e-11,3.2006e-11,3.727e-11
7.0609e-11,6.9892e-11,1.8661e-11
3.26e-11,3.7451e-11,3.2802e-11
1.7383e-11,1.968e-11,1.4757e-11
3.0696e-11,2.7077e-11,1.1826e-11
1.6831e-11,1.7771e-11,1.1442e-11
6.5744e-11,6.2211e-11,1.0516e-11
1.643e-11,1.6766e-11,2.3233e-11
5.0442e-11,4.5125e-11,1.2817e-11
1.8822e-11,1.9729e-11,1.8869e-11
1.6822e-11,4.7061e-11,5.6738e-11
5.8365e-11,4.557e-11,4.8951e-11
5.367e-11,4.7181e-11,5.288e-11
4.679e-11,4.3304e-11,4.6702e-11
3.9321e-11,3.4506e-11,3.7858e-11
4.258e-11,5.723e-11,6.528e-11
3.3228e-11,2.8978e-11,2.1391e-11
5.891e-11,5.2724e-11,2.6118e-11
4.0658e-11,3.6389e-11,2.3183e-11
2.1907e-11,2.2766e-11,1.5184e-11
2.2928e-11,2.4991e-11,2.5203e-11
2.1102e-11,2.4826e-11,2.2575e-11
2.6656e-11,2.8012e-11,1.5485e-11
2.7215e-11,2.8013e-11,1.6875e-11
2.2375e-11,3.3569e-11,3.5275e-11
2.3351e-11,2.1244e-11,1.2293e-11
2.0053e-11,3.0675e-11,3.0625e-11
2.5674e-11,5.3171e-11,5.6842e-11
1.7806e-11,3.2427e-11,2.5976e-11
4.6257e-11,4.2678e-11,1.1465e-11
1.6948e-11,1.829e-11,2.1745e-11
1.4284e-11,2.0346e-11,1.8565e-11
6.4665e-11,5.6531e-11,1.2796e-11
5.4839e-11,4.722e-11,1.133e-11
1.697e-11,1.7946e-11,1.3099e-11
5.3337e-11,4.6952e-11,5.1926e-11
5.0752e-11,4.7956e-11,5.0419e-11
4.5812e-11,4.4255e-11,4.808e-11
7.0594e-11,5.9955e-11,4.2816e-11
5.7761e-11,5.0972e-11,3.6414e-11
3.7604e-11,3.7765e-11,3.6196e-11
4.2538e-11,3.9183e-11,3.1212e-11
3.2535e-11,3.4621e-11,3.9712e-11
2.7982e-11,2.8626e-11,2.7165e-11
4.0263e-11,5.5853e-11,6.5534e-11
2.0635e-11,2.5538e-11,2.0358e-11
6.0632e-11,5.8184e-11,2.4485e-11
2.019e-11,2.3051e-11,1.6435e-11
2.9064e-11,5.5685e-11,6.0923e-11
2.4626e-11,2.4192e-11,1.6508e-11
1.6933e-11,1.7876e-11,1.9842e-11
1.6774e-11,1.9112e-11,1.5971e-11
4.7568e-11,4.2758e-11,1.3837e-11
1.7556e-11,4.8801e-11,4.451e-11
1.5448e-11,1.9061e-11,1.8201e-11
5.8992e-11,4.993e-11,3.8028e-11
4.5901e-11,4.404e-11,4.5788e-11
4.1273e-11,3.4137e-11,3.1177e-11
3.6291e-11,3.6131e-11,2.6438e-11
5.1241e-11,5.2132e-11,5.5885e-11
4.1102e-11,4.3237e-11,4.4917e-11
3.0507e-11,3.4275e-11,2.4599e-11
2.8606e-11,3.1443e-11,2.7979e-11
3.1776e-11,3.5629e-11,2.5185e-11
3.1096e-11,2.8907e-11,2.6575e-11
5.067e-11,4.2348e-11,2.4403e-11
2.3315e-11,2.7334e-11,1.7189e-11
3.9593e-11,4.1794e-11,4.5456e-11
1.8888e-11,2.512e-11,1.7935e-11
2.2921e-11,2.8085e-11,2.4218e-11
7.3754e-11,7.4881e-11,2.4553e-11
3.3643e-11,4.7069e-11,5.4248e-11
4.3347e-11,4.4314e-11,1.8561e-11
2.7344e-11,3.878e-11,3.7116e-11
6.5184e-11,6.5564e-11,1.8083e-11
2.6656e-11,3.2345e-11,2.9841e-11
2.6807e-11,4.6996e-11,5.3042e-11
1.9964e-11,2.3231e-11,1.5193e-11
2.3994e-11,4.0135e-11,3.5166e-11
1.4922e-11,1.9319e-11,1.5113e-11
1.8038e-11,2.1158e-11,2.2732e-11
6.8531e-11,6.2948e-11,1.1817e-11
1.6442e-11,2.1075e-11,1.7352e-11
1.7168e-11,2.2554e-11,1.6683e-11
2.0512e-11,2.0599e-11,1.7551e-11
2.0275e-11,2.0038e-11,1.3078e-11
1.9433e-11,1.9785e-11,1.3999e-11
5.5077e-11,4.9708e-11,5.3022e-11
7.3751e-11,5.9166e-11,4.766e-11
7.1266e-11,5.8779e-11,4.4603e-11
5.6182e-11,4.5261e-11,3.7674e-11
4.1922e-11,4.1873e-11,4.3874e-11
3.0878e-11,3.1721e-11,2.9029e-11
4.154e-11,4.6432e-11,4.786e-11
2.6401e-11,3.1676e-11,2.5109e-11
2.7031e-11,3.2815e-11,2.5264e-11
4.0639e-11,5.1827e-11,5.8886e-11
7.0511e-11,6.9053e-11,2.4633e-11
2.0018e-11,2.2293e-11,1.6424e-11
2.6927e-11,2.6333e-11,1.3315e-11
2.153e-11,2.8488e-11,2.462e-11
1.7246e-11,1.9824e-11,1.7881e-11
2.393e-11,2.1844e-11,1.2711e-11
3.9133e-11,3.4193e-11,9.5453e-12
2.1678e-11,2.0416e-11,1.3266e-11
1.9923e-11,5.5419e-11,5.9984e-11
1.9443e-11,2.0895e-11,1.6402e-11
3.226e-11,2.5787e-11,1.2258e-11
1.5708e-11,2.0524e-11,1.4816e-11
2.3917e-11,3.4549e-11,2.3754e-11
5.2727e-11,4.5646e-11,5.2738e-11
6.9488e-11,5.8996e-11,4.2727e-11
6.8808e-11,5.5478e-11,4.0726e-11
4.8208e-11,4.3795e-11,4.9131e-11
5.2128e-11,4.3376e-11,3.7355e-11
4.977e-11,4.0864e-11,3.4489e-11
4.3309e-11,4.2517e-11,4.9419e-11
4.5169e-11,4.6935e-11,4.8005e-11
3.64e-11,3.8532e-11,3.4213e-11
3.3293e-11,3.4208e-11,3.1119e-11
2.8313e-11,2.9737e-11,2.4036e-11
3.9743e-11,4.7704e-11,5.1304e-11
3.2909e-11,4.4046e-11,4.3603e-11
2.9366e-11,2.9025e-11,1.9314e-11
3.5109e-11,5.0145e-11,6.0587e-11
2.0504e-11,2.5291e-11,2.404e-11
5.0447e-11,5.0824e-11,2.0689e-11
5.2958e-11,5.1801e-11,2.1489e-11
2.7345e-11,4.1647e-11,4.1915e-11
2.3932e-11,4.074e-11,3.5693e-11
2.0994e-11,2.1674e-11,1.7483e-11
2.5623e-11,2.6164e-11,1.3296e-11
1.7916e-11,3.4617e-11,2.6659e-11
2.0234e-11,2.0746e-11,1.5651e-11
2.3485e-11,3.768e-11,3.1205e-11
3.118e-11,2.5947e-11,1.3017e-11
2.7082e-11,5.9815e-11,5.9483e-11
2.2857e-11,5.5709e-11,5.3184e-11
2.2733e-11,2.1257e-11,1.6308e-11
1.731e-11,2.3121e-11,1.7225e-11
2.0117e-11,4.1524e-11,3.7013e-11
6.5624e-11,5.4443e-11,4.5715e-11
5.6739e-11,4.7581e-11,4.0002e-11
4.1543e-11,4.0158e-11,4.5318e-11
4.2217e-11,3.6118e-11,3.7585e-11
4.6193e-11,4.6069e-11,4.9068e-11
5.0025e-11,4.9753e-11,5.3431e-11
4.0455e-11,4.2856e-11,4.5526e-11
2.7671e-11,2.973e-11,2.4215e-11
3.9911e-11,4.22e-11,4.7992e-11
4.0896e-11,4.645e-11,4.8606e-11
3.996e-11,6.0311e-11,6.1999e-11
3.6783e-11,5.533e-11,5.7282e-11
3.0109e-11,4.908e-11,4.8714e-11
2.8091e-11,4.4641e-11,4.5158e-11
2.0427e-11,2.4071e-11,2.2899e-11
2.0778e-11,3.0089e-11,2.538e-11
3.6349e-11,3.4374e-11,1.3981e-11
3.4583e-11,2.9659e-11,1.4064e-11
4.6014e-11,4.1696e-11,1.2846e-11
2.447e-11,2.7949e-11,2.8163e-11
2.117e-11,3.0134e-11,2.2184e-11
7.0336e-11,5.6359e-11,4.6026e-11
5.388e-11,4.7508e-11,4.8825e-11
6.0992e-11,5.1567e-11,4.181e-11
4.5953e-11,4.5322e-11,4.5319e-11
4.2857e-11,3.745e-11,4.0475e-11
3.6189e-11,4.0879e-11,2.1616e-11
4.2507e-11,4.9769e-11,5.3325e-11
4.458e-11,4.1511e-11,2.0012e-11
3.2607e-11,3.0917e-11,2.0016e-11
2.3112e-11,2.6168e-11,1.9088e-11
2.6571e-11,2.9213e-11,1.6075e-11
2.2245e-11,2.6785e-11,2.6369e-11
2.1845e-11,2.6942e-11,2.5386e-11
1.8683e-11,2.3634e-11,1.8429e-11
4.1204e-11,3.9345e-11,1.5855e-11
2.3396e-11,3.9266e-11,3.5551e-11
1.9876e-11,2.5927e-11,1.922e-11
6.5322e-11,5.4626e-11,3.892e-11
5.6319e-11,4.7414e-11,3.4087e-11
4.358e-11,4.417e-11,4.6302e-11
4.6767e-11,4.9386e-11,3.212e-11
4.5818e-11,5.0262e-11,4.7194e-11
4.7369e-11,4.9927e-11,5.3117e-11
3.9993e-11,3.9709e-11,3.9345e-11
2.7707e-11,2.9447e-11,2.6177e-11
2.8067e-11,4.6736e-11,4.2859e-11
1.9793e-11,2.4695e-11,2.0107e-11
2.4067e-11,2.8123e-11,2.4105e-11
2.0483e-11,2.8926e-11,2.2979e-11
1.9491e-11,2.5064e-11,1.8174e-11
1.9473e-11,2.6954e-11,2.0629e-11
2.5891e-11,6.2157e-11,6.4614e-11
2.519e-11,5.6082e-11,5.2334e-11
5.5727e-11,5.3433e-11,1.6318e-11
2.296e-11,5.3587e-11,4.7604e-11
5.7298e-11,4.8781e-11,5.3584e-11
5.6655e-11,5.1661e-11,4.8128e-11
5.1644e-11,4.6382e-11,4.5384e-11
4.5637e-11,4.4561e-11,4.5816e-11
4.5986e-11,4.2256e-11,3.5792e-11
4.6315e-11,4.311e-11,3.7556e-11
4.9777e-11,5.0427e-11,5.1554e-11
4.2062e-11,5.1033e-11,5.0567e-11
2.588e-11,2.8264e-11,2.1322e-11
3.5025e-11,4.39e-11,4.4315e-11
2.7123e-11,3.3632e-11,3.7079e-11
3.6187e-11,4.7919e-11,4.811e-11
4.6841e-11,4.4767e-11,2.1332e-11
2.5965e-11,3.0758e-11,2.6464e-11
2.1097e-11,2.6269e-11,2.128e-11
3.0701e-11,3.2135e-11,1.5114e-11
3.272e-11,3.6027e-11,3.3916e-11
2.7295e-11,3.4329e-11,2.9167e-11
3.1581e-11,3.2431e-11,1.617e-11
2.6422e-11,2.6943e-11,1.8644e-11
5.9238e-11,5.3967e-11,3.6033e-11
4.4737e-11,4.5063e-11,4.7124e-11
6.6326e-11,5.6279e-11,3.3659e-11
4.1502e-11,4.5761e-11,4.4299e-11
6.0789e-11,5.1689e-11,2.8601e-11
2.5416e-11,3.1387e-11,2.9043e-11
3.252e-11,4.702e-11,4.0815e-11
2.874e-11,4.6896e-11,4.3925e-11
5.9454e-11,5.9302e-11,1.9639e-11
3.2017e-11,4.5106e-11,4.3031e-11
2.2188e-11,2.5207e-11,1.7255e-11
4.2454e-11,3.8977e-11,1.5986e-11
3.1894e-11,6.4435e-11,6.6338e-11
5.2264e-11,4.6989e-11,1.4111e-11
2.785e-11,2.6363e-11,1.633e-11
2.1672e-11,2.58e-11,2.1439e-11
2.4693e-11,2.902e-11,2.3725e-11
2.8499e-11,5.3013e-11,3.9737e-11
4.2703e-11,4.3987e-11,4.5738e-11
3.7511e-11,3.5447e-11,3.0942e-11
5.4568e-11,4.3757e-11,2.5609e-11
3.1579e-11,3.8418e-11,3.9884e-11
3.0334e-11,3.0194e-11,2.5568e-11
3.7956e-11,4.9274e-11,4.7126e-11
2.5775e-11,3.1816e-11,2.9771e-11
2.9885e-11,3.8799e-11,3.5833e-11
3.3574e-11,6.3567e-11,6.3281e-11
3.2539e-11,6.6215e-11,6.5513e-11
1.9896e-11,2.5637e-11,1.9349e-11
2.9079e-11,5.1508e-11,5.8597e-11
6.3686e-11,5.6221e-11,4.9422e-11
5.4353e-11,4.9056e-11,4.6439e-11
4.2263e-11,4.4199e-11,4.4496e-11
3.7242e-11,4.2192e-11,4.1535e-11
2.4381e-11,2.7736e-11,2.6313e-11
2.8564e-11,3.4454e-11,2.0077e-11
2.6872e-11,2.9491e-11,1.9787e-11
2.7759e-11,3.2697e-11,2.8351e-11
2.4956e-11,3.0968e-11,2.3982e-11
6.1025e-11,5.8611e-11,1.8013e-11
2.4469e-11,2.7673e-11,1.842e-11
2.3741e-11,2.9318e-11,2.4286e-11
4.5382e-11,3.8217e-11,1.5921e-11
3.2149e-11,2.9246e-11,1.9625e-11
2.9571e-11,3.8097e-11,3.8371e-11
6.6392e-11,5.5885e-11,5.2392e-11
5.917e-11,5.3676e-11,5.6573e-11
5.9106e-11,5.4275e-11,4.8822e-11
5.0124e-11,4.9079e-11,4.9658e-11
4.2105e-11,4.4202e-11,4.2428e-11
4.1499e-11,4.4218e-11,4.2322e-11
3.1918e-11,3.4702e-11,2.9243e-11
3.7087e-11,4.4733e-11,4.1613e-11
2.7715e-11,3.3263e-11,2.9314e-11
2.7661e-11,3.3735e-11,2.1099e-11
3.191e-11,4.028e-11,3.7762e-11
5.8739e-11,6.0032e-11,2.2477e-11
2.6372e-11,3.4151e-11,2.6916e-11
2.5443e-11,2.7901e-11,2.2581e-11
2.6666e-11,3.4235e-11,2.3715e-11
3.5685e-11,6.0249e-11,5.86e-11
3.1587e-11,5.3612e-11,4.8963e-11
3.3155e-11,6.7e-11,6.732e-11
5.3914e-11,4.5832e-11,1.7567e-11
2.4992e-11,2.9869e-11,2.0889e-11
4.348e-11,5.9625e-11,5.0364e-11
2.4223e-11,3.0123e-11,1.9645e-11
6.5092e-11,5.8547e-11,5.2266e-11
4.3905e-11,4.6376e-11,4.1716e-11
6.213e-11,5.1655e-11,2.9873e-11
4.1213e-11,4.282e-11,2.9713e-11
3.9455e-11,5.004e-11,4.4689e-11
3.0002e-11,3.1204e-11,2.4451e-11
2.937e-11,3.6255e-11,2.2526e-11
2.603e-11,2.7879e-11,2.1956e-11
2.8848e-11,5.7943e-11,5.7612e-11
2.7421e-11,2.75e-11,2.0309e-11
2.6092e-11,3.2095e-11,2.4876e-11
5.2472e-11,5.1717e-11,4.9596e-11
4.4138e-11,4.7557e-11,3.4226e-11
4.4526e-11,4.9223e-11,3.3816e-11
4.4434e-11,4.5171e-11,4.3223e-11
4.8007e-11,4.7747e-11,2.7946e-11
2.9916e-11,3.5185e-11,3.1365e-11
3.0678e-11,3.7406e-11,3.3506e-11
3.1576e-11,3.951e-11,2.9352e-11
3.819e-11,3.9719e-11,2.6384e-11
2.744e-11,3.0211e-11,2.3567e-11
2.7555e-11,3.3354e-11,2.9236e-11
2.9604e-11,3.2606e-11,2.3276e-11
2.9339e-11,3.6573e-11,2.9349e-11
3.2349e-11,4.1983e-11,4.3905e-11
5.0952e-11,5.1802e-11,4.4539e-11
5.2107e-11,5.4281e-11,4.5553e-11
4.752e-11,5.0019e-11,4.5528e-11
6.9351e-11,5.9115e-11,3.2652e-11
4.3053e-11,4.0798e-11,3.7516e-11
4.6676e-11,4.9012e-11,4.529e-11
7.2681e-11,6.0245e-11,3.293e-11
3.6719e-11,4.1424e-11,3.53e-11
3.6461e-11,3.9486e-11,2.9388e-11
3.0121e-11,3.4364e-11,3.0231e-11
2.7998e-11,3.3087e-11,2.278e-11
6.7445e-11,6.4859e-11,2.1724e-11
3.5752e-11,3.6176e-11,2.3006e-11
4.0972e-11,3.8347e-11,2.202e-11
2.9414e-11,4.654e-11,3.9938e-11
3.2025e-11,4.77e-11,3.9946e-11
3.1373e-11,3.0825e-11,2.251e-11
3.6204e-11,6.1772e-11,6.1218e-11
6.1001e-11,5.5368e-11,5.0932e-11
5.4124e-11,5.3747e-11,4.949e-11
5.035e-11,5.727e-11,3.7843e-11
4.4121e-11,4.1759e-11,3.768e-11
5.039e-11,5.338e-11,4.7719e-11
6.7439e-11,5.7376e-11,3.0951e-11
4.7037e-11,5.4759e-11,4.8046e-11
3.7706e-11,4.2587e-11,3.9191e-11
4.5972e-11,5.123e-11,4.8567e-11
3.9632e-11,4.2263e-11,2.7879e-11
2.9692e-11,3.3514e-11,2.9572e-11
3.0604e-11,3.2809e-11,2.7592e-11
3.8199e-11,3.8134e-11,2.2418e-11
4.491e-11,4.3562e-11,2.1414e-11
2.9843e-11,4.6689e-11,4.122e-11
3.2089e-11,3.2612e-11,2.3435e-11
3.1981e-11,5.137e-11,4.6769e-11
3.0133e-11,3.1787e-11,2.2598e-11
5.0481e-11,5.5437e-11,3.5741e-11
4.7068e-11,5.6654e-11,4.8776e-11
4.1444e-11,5.1552e-11,4.5095e-11
5.7916e-11,5.3334e-11,2.8171e-11
4.0211e-11,4.5791e-11,3.9201e-11
6.3705e-11,5.9731e-11,2.739e-11
5.2047e-11,4.8636e-11,2.5151e-11
3.6112e-11,5.7509e-11,5.1046e-11
3.2148e-11,3.7016e-11,3.1327e-11
2.9037e-11,3.6707e-11,2.686e-11
4.5315e-11,4.3217e-11,2.7754e-11
4.5681e-11,4.1594e-11,2.109e-11
5.1078e-11,4.8787e-11,2.3478e-11
4.0317e-11,5.4949e-11,5.0923e-11
4.6091e-11,4.2152e-11,2.2077e-11
4.6493e-11,4.157e-11,2.0939e-11
3.7284e-11,3.8831e-11,2.4689e-11
3.2829e-11,5.3066e-11,4.9768e-11
3.179e-11,3.5697e-11,2.4539e-11
3.0704e-11,3.5487e-11,2.7673e-11
3.4306e-11,3.8039e-11,3.0155e-11
4.0301e-11,5.0183e-11,4.4218e-11
3.8632e-11,4.6988e-11,3.642e-11
4.2347e-11,4.7013e-11,4.1633e-11
3.488e-11,4.0597e-11,3.2878e-11
6.6751e-11,5.8904e-11,3.0175e-11
4.2964e-11,5.18e-11,4.1908e-11
4.8522e-11,4.6857e-11,2.6257e-11
4.1489e-11,5.1097e-11,4.1173e-11
6.7271e-11,6.0515e-11,2.24e-11
3.3554e-11,4.0304e-11,2.5541e-11
4.4317e-11,6.436e-11,5.4676e-11
5.382e-11,4.733e-11,2.1726e-11
4.5134e-11,4.4008e-11,2.6352e-11
3.2353e-11,3.6962e-11,2.8703e-11
3.5469e-11,4.8569e-11,4.4069e-11
5.8088e-11,5.747e-11,4.2476e-11
5.2876e-11,5.6605e-11,3.9124e-11
5.2515e-11,5.1605e-11,4.3145e-11
4.9601e-11,5.3214e-11,3.7685e-11
4.9889e-11,5.6752e-11,4.9143e-11
6.5438e-11,5.6176e-11,3.018e-11
4.3434e-11,4.9118e-11,2.9656e-11
3.7094e-11,4.4726e-11,3.1635e-11
4.1489e-11,5.0104e-11,4.1244e-11
6.8268e-11,6.2357e-11,2.6156e-11
4.1343e-11,5.2389e-11,4.2688e-11
3.3011e-11,3.4523e-11,2.8193e-11
4.1256e-11,6.7666e-11,6.1635e-11
4.0993e-11,6.9834e-11,6.4114e-11
3.712e-11,3.8708e-11,2.9052e-11
3.0828e-11,3.8276e-11,2.7977e-11
3.8629e-11,4.3072e-11,3.5664e-11
5.641e-11,6.3097e-11,4.052e-11
4.4334e-11,5.1553e-11,4.2801e-11
6.0474e-11,5.8159e-11,3.1885e-11
4.093e-11,4.6083e-11,3.6981e-11
3.7629e-11,4.5125e-11,3.52e-11
3.844e-11,4.5373e-11,3.6546e-11
3.9135e-11,5.1913e-11,4.4621e-11
3.069e-11,3.8059e-11,2.9658e-11
4.1647e-11,4.4906e-11,2.8559e-11
3.1905e-11,4.0162e-11,2.9662e-11
3.7892e-11,4.2907e-11,3.4135e-11
4.1562e-11,5.2268e-11,4.8167e-11
3.8072e-11,4.0171e-11,3.0056e-11
3.9316e-11,5.2499e-11,4.8839e-11
3.1051e-11,3.8612e-11,3.4841e-11
5.6414e-11,5.8555e-11,4.3696e-11
5.9109e-11,6.0075e-11,4.5398e-11
5.5258e-11,6.0011e-11,4.1064e-11
4.7741e-11,5.0608e-11,4.1417e-11
5.6369e-11,5.9664e-11,3.4099e-11
4.5286e-11,5.0941e-11,4.2793e-11
4.0527e-11,4.7847e-11,4.083e-11
3.9455e-11,4.6216e-11,3.849e-11
5.595e-11,5.6623e-11,3.0944e-11
4.1538e-11,5.2365e-11,4.2137e-11
3.8749e-11,4.0358e-11,2.9993e-11
4.0451e-11,4.3095e-11,2.8183e-11
3.3131e-11,4.0975e-11,3.2316e-11
5.6427e-11,5.4408e-11,4.5122e-11
6.5728e-11,6.8473e-11,3.7924e-11
4.7219e-11,4.9794e-11,3.9607e-11
4.5564e-11,5.1789e-11,4.3319e-11
4.6203e-11,5.2777e-11,4.4566e-11
4.2586e-11,4.9679e-11,3.7152e-11
6.3579e-11,6.1194e-11,3.5641e-11
4.0651e-11,4.6719e-11,3.6818e-11
3.807e-11,4.357e-11,3.1324e-11
4.2118e-11,5.3778e-11,4.5005e-11
4.0686e-11,4.2989e-11,3.0523e-11
3.6964e-11,4.3254e-11,3.4234e-11
5.6831e-11,5.2389e-11,4.5768e-11
5.0316e-11,4.8645e-11,4.041e-11
5.2959e-11,5.3376e-11,4.2242e-11
5.402e-11,5.238e-11,4.4684e-11
6.064e-11,6.6596e-11,3.7536e-11
4.7027e-11,5.5237e-11,4.262e-11
4.2052e-11,4.7384e-11,3.4536e-11
5.0055e-11,5.5226e-11,3.6665e-11
4.4565e-11,5.012e-11,4.1832e-11
4.5213e-11,5.5348e-11,3.2217e-11
4.9949e-11,6.3394e-11,5.1614e-11
4.6241e-11,6.0817e-11,5.2995e-11
4.7595e-11,5.5648e-11,3.2452e-11
4.3186e-11,4.3739e-11,3.3577e-11
3.9684e-11,4.5044e-11,3.3936e-11
3.5439e-11,4.4774e-11,3.7568e-11
4.4367e-11,5.6501e-11,4.8638e-11
5.0072e-11,4.773e-11,3.8644e-11
4.7312e-11,4.9836e-11,3.4555e-11
4.6685e-11,4.7788e-11,3.5545e-11
4.6883e-11,5.3821e-11,4.1363e-11
4.6627e-11,5.3179e-11,4.007e-11
4.3683e-11,4.9909e-11,3.8499e-11
4.7698e-11,6.001e-11,5.158e-11
4.6133e-11,4.7626e-11,3.403e-11
4.2757e-11,5.3852e-11,4.4597e-11
3.764e-11,4.6313e-11,3.6454e-11
4.6337e-11,5.4015e-11,4.343e-11
5.8466e-11,6.6317e-11,4.1057e-11
5.8697e-11,6.4787e-11,4.0845e-11
5.5148e-11,6.041e-11,3.9681e-11
5.1387e-11,5.6306e-11,4.1179e-11
4.8919e-11,5.4959e-11,4.1835e-11
4.8665e-11,5.8662e-11,4.2999e-11
5.0772e-11,5.1523e-11,3.7859e-11
4.589e-11,4.7585e-11,3.797e-11
5.0845e-11,6.2497e-11,5.6239e-11
4.8023e-11,4.9231e-11,3.5922e-11
5.1295e-11,6.1626e-11,4.4799e-11
4.6973e-11,5.4306e-11,4.2281e-11
4.8461e-11,5.5562e-11,4.1434e-11
5.898e-11,5.1512e-11,4.3757e-11
5.7009e-11,5.5227e-11,4.2052e-11
5.726e-11,5.593e-11,3.9856e-11
5.1074e-11,5.7309e-11,4.2747e-11
5.2749e-11,6.2268e-11,4.2403e-11
5.3199e-11,5.6355e-11,4.0442e-11
5.1066e-11,5.8786e-11,4.5982e-11
5.1097e-11,5.8483e-11,4.3071e-11
4.8406e-11,5.6048e-11,4.3513e-11
6.12e-11,5.9685e-11,4.4154e-11
2.6093e-11,1.8854e-10,7.7588e-11
2.3963e-11,1.5615e-10,7.9514e-11
3.0338e-11,1.5567e-10,7.8471e-11
2.5755e-11,1.4624e-10,7.8382e-11
7.7371e-12,1.383e-10,8.311e-11
1.5942e-11,1.6569e-10,7.3312e-11
7.069e-11,1.4111e-10,9.2911e-11
7.9867e-11,1.3403e-10,1.0165e-10
7.8936e-11,1.3009e-10,1.0152e-10
8.6025e-12,1.3062e-10,8.1238e-11
8.1651e-12,1.2188e-10,7.9667e-11
1.9601e-11,1.0402e-10,8.4518e-11
3.8736e-11,1.1227e-10,8.3642e-11
4.8515e-11,1.2657e-10,7.3463e-11
3.3076e-11,1.173e-10,7.9979e-11
5.3606e-11,1.1581e-10,8.7229e-11
3.2796e-11,1.8861e-10,6.8805e-11
2.7503e-11,8.6257e-11,9.7947e-11
5.3032e-11,1.1112e-10,8.7381e-11
5.0387e-11,1.0345e-10,8.6581e-11
1.2078e-11,1.0147e-10,7.769e-11
1.1211e-11,1.549e-10,6.1587e-11
3.3297e-11,9.5602e-11,8.2056e-11
4.6021e-11,9.2211e-11,7.9815e-11
7.3187e-11,1.1233e-10,9.6179e-11
1.2714e-11,1.2832e-10,6.4898e-11
1.4897e-11,1.3104e-10,6.836e-11
2.0838e-11,1.7077e-10,5.725e-11
2.0819e-11,1.623e-10,5.8663e-11
3.0663e-11,1.4871e-10,6.1495e-11
1.8862e-11,7.9479e-11,9.8457e-11
3.3425e-11,8.4887e-11,8.9096e-11
5.3695e-11,1.4124e-10,8.0623e-11
1.5789e-11,1.5325e-10,5.4078e-11
1.6117e-11,8.465e-11,6.2633e-11
1.4952e-11,7.3462e-11,6.6526e-11
3.2379e-11,1.6009e-10,6.3801e-11
3.938e-11,8.5454e-11,7.5094e-11
7.3339e-11,1.0962e-10,9.6513e-11
1.9048e-11,1.2463e-10,6.6903e-11
3.4183e-11,1.6448e-10,6.1053e-11
1.8511e-11,1.2216e-10,6.4555e-11
2.0917e-11,1.5714e-10,5.4131e-11
2.0955e-11,1.1058e-10,5.3213e-11
2.5892e-11,7.1011e-11,7.1158e-11
4.022e-11,7.3035e-11,9.1485e-11
4.6154e-11,7.7384e-11,7.4663e-11
5.68e-11,7.5799e-11,8.3906e-11
2.2932e-11,1.4097e-10,6.0046e-11
2.1018e-11,1.6808e-10,5.7045e-11
7.1665e-12,8.1961e-11,8.5773e-11
1.6637e-11,1.4348e-10,4.8526e-11
1.1678e-11,7.0746e-11,5.7573e-11
6.239e-11,8.9005e-11,7.9886e-11
5.9951e-11,8.1887e-11,8.164e-11
1.8485e-11,1.4394e-10,4.3135e-11
1.1861e-11,8.6007e-11,8.4224e-11
1.8256e-11,1.4069e-10,4.8089e-11
2.1256e-11,8.83e-11,9.0182e-11
1.5743e-11,1.3704e-10,5.8343e-11
4.0851e-11,6.8314e-11,8.484e-11
4.2755e-11,6.4114e-11,5.9786e-11
5.2634e-11,7.7273e-11,8.4279e-11
2.0699e-11,9.8323e-11,6.0178e-11
9.0912e-12,7.4971e-11,5.8704e-11
1.9317e-11,5.8315e-11,5.4671e-11
2.2653e-11,6.4649e-11,6.4193e-11
3.8034e-11,8.5459e-11,9.9183e-11
4.3495e-11,7.0057e-11,8.486e-11
6.5904e-11,1.0765e-10,7.1402e-11
6.7156e-11,7.6614e-11,8.6551e-11
1.2431e-11,1.4039e-10,4.7605e-11
2.4177e-11,8.9288e-11,6.3013e-11
1.9131e-11,1.0216e-10,4.9884e-11
1.2803e-11,8.8381e-11,4.3319e-11
1.1103e-11,8.284e-11,4.025e-11
1.674e-11,1.0586e-10,4.6866e-11
2.7095e-11,1.271e-10,4.6491e-11
2.7099e-11,1.2848e-10,4.6759e-11
3.1603e-11,1.2265e-10,6.0034e-11
1.8539e-11,8.9838e-11,5.7798e-11
1.5969e-11,1.5339e-10,4.4662e-11
2.0319e-11,9.233e-11,4.674e-11
8.1716e-12,7.7759e-11,5.6247e-11
2.1329e-11,1.2473e-10,4.3438e-11
2.1643e-11,1.2004e-10,4.6346e-11
3.0911e-11,1.1288e-10,9.5374e-11
2.5003e-11,1.2068e-10,4.6057e-11
2.9993e-11,4.8661e-11,5.192e-11
3.12e-11,5.8803e-11,6.4121e-11
6.5853e-11,7.5188e-11,8.6738e-11
1.3751e-11,1.0223e-10,8.8527e-11
2.0155e-11,1.1001e-10,4.3283e-11
1.5682e-11,6.5326e-11,6.1636e-11
2.253e-11,1.0852e-10,4.7054e-11
2.866e-11,5.2398e-11,4.775e-11
5.0573e-11,9.7601e-11,9.8474e-11
7.461e-11,7.196e-11,6.6496e-11
6.8997e-11,6.8997e-11,7.1694e-11
7.9169e-11,8.8849e-11,6.9873e-11
1.2538e-11,1.3665e-10,4.5098e-11
1.8468e-11,1.4487e-10,4.0862e-11
1.4013e-11,8.7488e-11,8.2428e-11
2.2057e-11,9.2893e-11,4.0497e-11
1.5121e-11,5.476e-11,5.3295e-11
1.8066e-11,7.5817e-11,4.1307e-11
3.8165e-11,1.0846e-10,4.8741e-11
3.6153e-11,5.9165e-11,6.7013e-11
3.9363e-11,1.0406e-10,4.7184e-11
6.6043e-11,1.1289e-10,4.9514e-11
4.7949e-11,9.4347e-11,1.054e-10
7.3864e-11,7.6859e-11,6.3512e-11
6.5504e-11,6.2825e-11,7.6493e-11
1.7627e-11,8.2201e-11,5.2685e-11
1.2247e-11,1.0566e-10,8.6024e-11
1.2359e-11,9.2173e-11,4.2339e-11
2.0975e-11,5.1004e-11,4.5173e-11
1.8413e-11,1.4075e-10,4.7411e-11
1.5408e-11,5.4495e-11,5.1371e-11
3.4047e-11,8.594e-11,4.5293e-11
6.0038e-11,9.9725e-11,1.0388e-10
5.7062e-11,8.982e-11,5.8818e-11
7.2487e-11,7.2081e-11,7.1769e-11
7.4246e-11,6.4051e-11,7.0347e-11
1.3335e-11,1.0493e-10,8.135e-11
1.7601e-11,1.3488e-10,4.1563e-11
1.867e-11,7.454e-11,6.4747e-11
3.1171e-11,5.1819e-11,4.5337e-11
5.4126e-11,8.1381e-11,5.9836e-11
5.8255e-11,5.4922e-11,7.0704e-11
2.0199e-11,6.7454e-11,4.9929e-11
1.8424e-11,8.4369e-11,3.7338e-11
1.799e-11,5.7647e-11,6.2376e-11
2.8631e-11,6.8433e-11,5.8185e-11
2.6533e-11,6.6605e-11,3.6194e-11
1.9676e-11,1.1394e-10,3.611e-11
2.4948e-11,1.1957e-10,8.0957e-11
2.1873e-11,4.5267e-11,3.5465e-11
2.1161e-11,7.4741e-11,6.5558e-11
2.2603e-11,5.4784e-11,3.6527e-11
3.4215e-11,1.0817e-10,9.4117e-11
3.106e-11,7.7002e-11,3.9914e-11
3.4184e-11,4.5339e-11,5.7978e-11
5.4169e-11,8.6836e-11,9.0101e-11
4.8461e-11,6.8528e-11,5.5143e-11
3.955e-11,4.5371e-11,5.465e-11
6.5158e-11,5.6126e-11,7.442e-11
7.9724e-11,5.5562e-11,7.2439e-11
7.8749e-11,5.7263e-11,7.5987e-11
1.2929e-11,1.1059e-10,4.4278e-11
1.4619e-11,1.121e-10,8.1689e-11
1.6806e-11,1.2209e-10,4.325e-11
2.8012e-11,1.0818e-10,8.9285e-11
1.8947e-11,4.7648e-11,3.9221e-11
4.4127e-11,1.1955e-10,1.0856e-10
3.8022e-11,9.0201e-11,5.4444e-11
5.851e-11,8.6379e-11,5.3195e-11
3.4961e-11,4.6825e-11,5.4011e-11
3.9136e-11,4.3054e-11,5.4456e-11
6.8512e-11,5.3016e-11,6.9321e-11
1.3938e-11,5.2832e-11,5.8881e-11
2.9323e-11,8.6135e-11,3.4759e-11
2.3033e-11,1.0097e-10,3.6968e-11
1.5391e-11,1.1624e-10,3.7789e-11
1.9454e-11,1.1495e-10,7.8419e-11
3.2802e-11,7.5936e-11,5.8983e-11
1.3459e-11,1.1088e-10,3.5712e-11
2.8124e-11,6.6795e-11,6.1277e-11
3.7336e-11,8.6975e-11,4.6137e-11
2.4001e-11,5.985e-11,3.506e-11
6.209e-11,7.992e-11,4.6695e-11
5.9304e-11,8.4183e-11,4.8269e-11
3.5312e-11,5.3469e-11,4.6842e-11
4.6769e-11,6.2837e-11,6.8459e-11
6.9091e-11,4.9754e-11,6.4967e-11
5.1641e-11,4.6502e-11,6.4056e-11
5.5279e-11,4.6503e-11,6.5394e-11
7.1182e-11,5.3916e-11,6.7568e-11
7.972e-11,4.8234e-11,6.782e-11
1.5217e-11,5.997e-11,6.2503e-11
1.5987e-11,1.1115e-10,3.8947e-11
1.9477e-11,6.4338e-11,6.5774e-11
1.8426e-11,8.9489e-11,3.7631e-11
2.1968e-11,5.9026e-11,6.5475e-11
2.1818e-11,8.4465e-11,3.3491e-11
2.1263e-11,7.538e-11,3.5209e-11
2.46e-11,5.4487e-11,3.6968e-11
2.3729e-11,5.4819e-11,3.6359e-11
7.4069e-11,5.2877e-11,4.8338e-11
5.6649e-11,6.9123e-11,8.1906e-11
6.7694e-11,3.8992e-11,6.162e-11
6.9417e-11,4.85e-11,7.1224e-11
1.2061e-11,4.86e-11,5.7805e-11
1.9691e-11,5.9526e-11,6.4904e-11
1.5744e-11,7.4706e-11,4.0233e-11
9.1674e-12,4.5407e-11,5.4658e-11
2.0382e-11,1.2627e-10,4.0208e-11
2.7883e-11,3.9317e-11,3.9441e-11
1.6197e-11,1.0031e-10,3.5122e-11
1.8023e-11,4.8076e-11,4.5364e-11
3.1958e-11,8.2017e-11,3.4739e-11
2.7202e-11,8.309e-11,3.3209e-11
2.6295e-11,8.2249e-11,3.5362e-11
4.2267e-11,9.8296e-11,8.918e-11
6.0612e-11,7.0581e-11,3.8731e-11
5.2639e-11,1.0502e-10,9.7611e-11
2.8716e-11,7.5585e-11,4.3087e-11
4.8744e-11,7.9752e-11,8.0841e-11
5.6167e-11,5.1319e-11,5.1356e-11
4.7094e-11,5.1636e-11,5.9931e-11
5.4454e-11,4.4288e-11,6.1278e-11
5.8004e-11,4.2834e-11,5.9738e-11
6.8405e-11,4.3702e-11,5.6528e-11
5.5338e-11,4.6597e-11,6.49e-11
6.6145e-11,5.7063e-11,7.5199e-11
5.8816e-11,5.2022e-11,6.7764e-11
6.3266e-11,4.8178e-11,6.9328e-11
6.7814e-11,3.8669e-11,6.8432e-11
7.5642e-11,3.9508e-11,7.9635e-11
7.5556e-11,4.315e-11,8.4105e-11
2.1998e-11,1.005e-10,7.8245e-11
1.8882e-11,1.2172e-10,3.8005e-11
1.7661e-11,1.2276e-10,3.8234e-11
1.8455e-11,5.6872e-11,5.3174e-11
2.2255e-11,1.0766e-10,3.2792e-11
1.5269e-11,4.3755e-11,4.2756e-11
1.9971e-11,9.9843e-11,3.9315e-11
2.8342e-11,3.6544e-11,3.467e-11
2.442e-11,1.1167e-10,3.6977e-11
3.8686e-11,7.4448e-11,3.86e-11
5.0996e-11,9.1882e-11,8.7958e-11
3.4937e-11,7.0318e-11,4.1397e-11
3.6293e-11,3.2953e-11,4.5973e-11
5.0706e-11,6.1833e-11,6.8464e-11
5.0484e-11,5.9875e-11,5.2134e-11
6.9965e-11,3.0137e-11,5.095e-11
3.8416e-11,4.1624e-11,5.0909e-11
6.4361e-11,7.059e-11,7.1064e-11
9.2779e-11,2.4601e-11,7.2383e-11
9.1125e-11,2.7078e-11,7.7729e-11
1.5225e-11,5.6975e-11,5.7864e-11
2.6246e-11,7.9187e-11,3.3888e-11
1.5448e-11,7.5523e-11,5.6992e-11
1.6162e-11,6.4532e-11,3.0142e-11
2.5064e-11,9.4122e-11,3.1124e-11
1.6048e-11,3.9593e-11,2.768e-11
2.6586e-11,7.1269e-11,3.0245e-11
2.4958e-11,3.7191e-11,3.5443e-11
2.4478e-11,4.0856e-11,3.6418e-11
3.8712e-11,5.265e-11,4.665e-11
5.3107e-11,4.5957e-11,4.5881e-11
3.5849e-11,5.4711e-11,4.747e-11
5.9097e-11,7.7326e-11,7.6794e-11
3.402e-11,3.4162e-11,4.6868e-11
5.537e-11,5.9602e-11,6.3998e-11
5.212e-11,3.6504e-11,5.2842e-11
7.0294e-11,5.9326e-11,7.2007e-11
8.4991e-11,2.335e-11,5.3662e-11
7.2977e-11,3.2932e-11,6.2354e-11
8.0818e-11,3.4839e-11,8.0919e-11
1.7876e-11,1.0066e-10,3.3573e-11
2.2156e-11,5.7994e-11,6.1882e-11
2.0585e-11,1.0481e-10,3.9469e-11
2.2685e-11,8.5612e-11,6.2013e-11
2.0247e-11,4.4911e-11,5.1483e-11
2.8399e-11,1.0902e-10,7.7874e-11
2.7381e-11,1.0416e-10,7.4082e-11
1.9779e-11,5.9922e-11,4.8054e-11
3.1764e-11,1.0756e-10,8.5403e-11
1.4982e-11,4.1394e-11,2.5434e-11
1.9422e-11,6.3217e-11,3.3089e-11
4.0928e-11,9.9042e-11,9.0252e-11
3.0365e-11,5.6817e-11,5.4356e-11
3.1695e-11,3.5711e-11,3.88e-11
2.6757e-11,6.3478e-11,3.9025e-11
1.2723e-10,1.0055e-10,4.6226e-11
5.0367e-11,6.0698e-11,3.8468e-11
9.9044e-11,9.4063e-11,4.1188e-11
1.1298e-10,9.77e-11,4.6715e-11
8.6042e-11,2.1597e-11,4.1569e-11
6.0722e-11,4.9971e-11,6.5099e-11
6.791e-11,3.6563e-11,7.5181e-11
8.0195e-11,2.9536e-11,6.776e-11
7.0781e-11,4.1377e-11,7.96e-11
2.3815e-11,5.9081e-11,6.6857e-11
1.2029e-11,1.0823e-10,3.328e-11
2.4807e-11,6.4203e-11,6.3045e-11
2.076e-11,3.6295e-11,4.8972e-11
2.5377e-11,7.0961e-11,3.3925e-11
2.0495e-11,4.2539e-11,3.0175e-11
2.444e-11,5.3139e-11,4.4598e-11
1.347e-11,6.4269e-11,2.7981e-11
3.2804e-11,8.9854e-11,4.2342e-11
3.7982e-11,1.1335e-10,9.6695e-11
2.7713e-11,5.0104e-11,3.5958e-11
1.5207e-10,1.0086e-10,4.3861e-11
2.9228e-11,4.5583e-11,3.8256e-11
7.794e-11,9.9146e-11,4.0817e-11
8.4885e-11,2.2742e-11,5.902e-11
1.9419e-11,8.8392e-11,3.256e-11
1.8505e-11,4.4173e-11,4.8187e-11
2.7589e-11,1.0438e-10,7.8277e-11
3.8114e-11,4.6131e-11,3.1288e-11
2.5018e-11,8.4162e-11,2.8017e-11
2.8089e-11,1.0456e-10,7.44e-11
1.7185e-11,5.711e-11,4.5016e-11
1.814e-11,5.1207e-11,2.76e-11
2.0698e-11,2.9281e-11,3.2118e-11
2.8742e-11,2.7819e-11,3.2233e-11
6.0553e-11,6.474e-11,4.2333e-11
3.803e-11,6.4172e-11,4.8458e-11
1.2622e-10,9.07e-11,4.2839e-11
5.2633e-11,7.0866e-11,7.0152e-11
3.1908e-11,3.3711e-11,4.4956e-11
4.0115e-11,4.3122e-11,3.728e-11
6.1964e-11,3.2621e-11,4.4154e-11
9.5848e-11,9.8278e-11,4.3954e-11
4.0918e-11,3.9553e-11,4.1388e-11
6.6811e-11,9.1221e-11,3.9197e-11
7.494e-11,1.098e-10,4.2242e-11
6.5492e-11,7.9441e-11,4.5403e-11
7.1918e-11,6.8877e-11,8.1891e-11
4.8749e-11,3.2655e-11,5.2196e-11
9.1982e-11,9.3953e-11,4.6127e-11
9.0512e-11,2.4656e-11,6.7106e-11
1.4748e-11,4.0756e-11,3.936e-11
2.3815e-11,6.7498e-11,3.5173e-11
1.3605e-11,4.3845e-11,5.3142e-11
4.3193e-11,1.1024e-10,8.4752e-11
1.7745e-11,6.8133e-11,2.5672e-11
3.019e-11,1.0475e-10,7.5674e-11
1.876e-11,5.4534e-11,4.2774e-11
2.2255e-11,3.7744e-11,3.7473e-11
3.9586e-11,6.3505e-11,3.4387e-11
4.7194e-11,1.003e-10,9.814e-11
4.7705e-11,8.8483e-11,8.454e-11
3.9318e-11,3.9467e-11,4.9566e-11
5.7074e-11,3.063e-11,3.8897e-11
3.5058e-11,3.8244e-11,4.6372e-11
7.0491e-11,8.7258e-11,3.5617e-11
6.6114e-11,9.3816e-11,3.3988e-11
8.2802e-11,1.0525e-10,4.0573e-11
5.1976e-11,3.9917e-11,5.3909e-11
6.7597e-11,2.7476e-11,5.3491e-11
6.2874e-11,3.5833e-11,7.2375e-11
9.5293e-11,2.5408e-11,5.7959e-11
3.5257e-11,1.0555e-10,7.7615e-11
2.5428e-11,8.6738e-11,3.7952e-11
1.7924e-11,3.6437e-11,3.9021e-11
1.0665e-10,8.45e-11,2.9424e-11
4.1896e-11,4.3993e-11,3.1708e-11
6.4348e-11,6.765e-11,7.0042e-11
6.8319e-11,6.129e-11,7.0884e-11
8.6502e-11,1.1201e-10,4.7626e-11
6.6049e-11,5.1657e-11,6.4926e-11
5.5417e-11,4.4065e-11,5.5739e-11
5.8145e-11,2.2432e-11,5.5911e-11
1.0902e-10,2.6299e-11,5.3911e-11
6.5782e-11,3.2506e-11,7.2048e-11
1.1522e-10,4.329e-11,5.3482e-11
3.4375e-11,8.7419e-11,3.5249e-11
2.5764e-11,8.245e-11,6.6841e-11
1.3502e-11,8.8165e-11,2.9605e-11
1.5023e-11,3.0529e-11,2.904e-11
2.9029e-11,6.5067e-11,3.0328e-11
2.756e-11,7.1388e-11,3.9808e-11
2.01e-11,3.05e-11,3.5285e-11
2.2954e-11,3.3959e-11,2.8633e-11
2.3448e-11,4.6209e-11,2.934e-11
6.0192e-11,4.6088e-11,3.2706e-11
5.7827e-11,5.6699e-11,3.4282e-11
2.5253e-11,3.8729e-11,3.1416e-11
5.8059e-11,3.8955e-11,4.0587e-11
3.0973e-11,3.7858e-11,4.2386e-11
1.0293e-10,9.6182e-11,3.1313e-11
7.3265e-11,1.8811e-11,3.9803e-11
5.1067e-11,4.4245e-11,5.71e-11
5.6821e-11,6.7296e-11,4.1821e-11
5.7653e-11,2.2431e-11,4.0025e-11
7.7294e-11,7.7135e-11,4.0416e-11
1.0308e-10,2.0517e-11,3.4649e-11
5.4768e-11,2.8433e-11,6.1364e-11
1.1784e-10,7.4861e-11,5.207e-11
1.1783e-10,9.0063e-11,5.4187e-11
1.0026e-10,4.8536e-11,5.6045e-11
1.1799e-10,6.0712e-11,5.289e-11
2.672e-11,3.3219e-11,3.4212e-11
2.9725e-11,9.3285e-11,7.1819e-11
4.1664e-11,1.1209e-10,7.9353e-11
1.833e-11,7.4126e-11,2.4103e-11
3.3515e-11,6.0889e-11,3.3647e-11
2.1745e-11,2.9334e-11,3.6391e-11
2.6975e-11,3.2249e-11,3.7817e-11
1.5742e-10,9.0841e-11,2.7086e-11
4.9425e-11,6.3536e-11,6.6136e-11
5.7677e-11,2.3879e-11,4.3869e-11
4.4998e-11,5.4287e-11,5.1567e-11
5.8473e-11,3.1735e-11,3.6865e-11
5.3648e-11,6.5648e-11,6.4634e-11
5.5489e-11,2.8942e-11,3.5764e-11
4.295e-11,3.4329e-11,4.305e-11
1.0389e-10,2.3701e-11,3.1733e-11
1.0232e-10,9.7076e-11,6.1118e-11
5.9538e-11,3.7515e-11,5.7008e-11
7.2101e-11,1.8865e-11,4.1481e-11
9.1936e-11,2.6023e-11,3.9511e-11
1.5124e-10,7.1258e-11,6.6744e-11
1.1823e-10,5.3459e-11,4.1848e-11
1.5157e-10,6.8298e-11,6.0653e-11
1.0845e-10,2.7004e-11,5.166e-11
1.1867e-10,5.3826e-11,4.4992e-11
1.5914e-10,6.7962e-11,6.5056e-11
6.7997e-11,2.9398e-11,7.4579e-11
9.346e-11,3.3932e-11,6.0765e-11
7.274e-11,2.8954e-11,7.261e-11
1.1022e-10,5.3133e-11,5.1083e-11
1.149e-10,5.7936e-11,6.474e-11
1.5084e-11,8.3346e-11,2.93e-11
1.966e-11,8.638e-11,3.105e-11
1.7833e-11,9.2713e-11,2.6959e-11
1.9614e-11,7.6317e-11,3.9351e-11
1.6776e-11,3.635e-11,3.3753e-11
3.5165e-11,5.7061e-11,3.5866e-11
3.3107e-11,4.2524e-11,3.8287e-11
1.0305e-10,8.3602e-11,3.1407e-11
4.967e-11,8.1457e-11,8.3611e-11
1.0412e-10,7.6997e-11,3.989e-11
6.9373e-11,7.6428e-11,4.0329e-11
3.681e-11,3.2227e-11,3.1139e-11
7.4411e-11,1.3245e-11,3.275e-11
5.3297e-11,2.1355e-11,3.8034e-11
7.9917e-11,9.5904e-11,4.3247e-11
1.1203e-10,2.6906e-11,3.5303e-11
1.0861e-10,2.4619e-11,3.4161e-11
4.8048e-11,3.0831e-11,5.1595e-11
1.2841e-10,7.2192e-11,5.6371e-11
9.7917e-11,2.8539e-11,4.4812e-11
1.0823e-10,4.8678e-11,4.0809e-11
1.5187e-10,6.0009e-11,6.3438e-11
1.0119e-10,4.405e-11,5.0207e-11
3.5502e-11,2.9928e-11,3.095e-11
1.1376e-11,5.4378e-11,2.8166e-11
3.2945e-11,5.2207e-11,5.6076e-11
2.9288e-11,5.717e-11,3.194e-11
2.5193e-11,6.2256e-11,2.7153e-11
2.378e-11,5.5217e-11,3.3819e-11
1.5892e-11,6.1181e-11,2.6833e-11
3.2466e-11,5.6662e-11,3.0594e-11
3.5051e-11,5.5318e-11,3.6941e-11
4.1777e-11,9.6026e-11,8.6559e-11
2.8822e-11,5.228e-11,3.1047e-11
1.4727e-10,8.4674e-11,2.7837e-11
1.5764e-10,8.3494e-11,2.701e-11
4.7935e-11,5.9979e-11,6.1144e-11
4.2817e-11,3.6373e-11,2.8251e-11
5.4871e-11,7.5801e-11,7.7971e-11
3.9245e-11,3.074e-11,3.2141e-11
3.8148e-11,4.07e-11,4.2042e-11
1.0985e-10,1.1216e-10,3.0075e-11
1.0812e-10,2.4795e-11,3.3392e-11
7.1472e-11,6.5151e-11,3.4183e-11
1.1246e-10,2.8785e-11,3.1078e-11
4.1593e-11,3.3526e-11,4.3868e-11
5.3332e-11,4.3524e-11,5.4543e-11
9.6339e-11,3.3919e-11,3.7027e-11
8.6194e-11,7.0054e-11,4.2853e-11
5.3998e-11,4.4436e-11,5.4755e-11
1.0005e-10,2.3209e-11,3.2683e-11
9.963e-11,7.4829e-11,4.6618e-11
1.1538e-10,2.9555e-11,3.8984e-11
1.2451e-10,4.1066e-11,3.2407e-11
8.1547e-11,2.8207e-11,5.7243e-11
1.1937e-10,5.0911e-11,5.5319e-11
1.2178e-10,5.4846e-11,5.7646e-11
2.6792e-11,6.7927e-11,2.589e-11
1.4094e-11,6.9791e-11,2.8361e-11
3.5712e-11,9.2283e-11,7.9983e-11
1.6519e-11,7.1144e-11,2.9839e-11
1.9079e-11,3.381e-11,3.389e-11
1.897e-10,8.0626e-11,2.3581e-11
2.6516e-11,4.6849e-11,3.0225e-11
4.2001e-11,2.3495e-11,3.0306e-11
2.8791e-11,3.9502e-11,3.906e-11
1.1868e-10,7.7485e-11,2.255e-11
9.478e-11,2.0246e-11,2.8888e-11
6.757e-11,7.2286e-11,7.2678e-11
3.8295e-11,3.1991e-11,4.2821e-11
5.8446e-11,8.0315e-11,4.1012e-11
6.5845e-11,5.2158e-11,6.2648e-11
5.0357e-11,3.2293e-11,5.0419e-11
1.1951e-10,5.0357e-11,4.5051e-11
1.4405e-10,6.5684e-11,7.8229e-11
5.0728e-11,3.4969e-11,5.5891e-11
1.0082e-10,2.538e-11,3.8875e-11
7.2473e-11,4.8083e-11,6.8267e-11
1.1594e-10,6.9201e-11,5.0598e-11
1.5388e-10,6.3123e-11,7.246e-11
1.1643e-10,4.2469e-11,3.6537e-11
9.9614e-11,4.5214e-11,4.2984e-11
1.0088e-10,4.139e-11,4.0273e-11
2.8839e-11,6.3695e-11,6.0902e-11
2.8206e-11,3.5309e-11,4.7649e-11
2.5322e-11,2.9703e-11,5.1072e-11
3.1734e-11,8.1356e-11,7.2967e-11
2.6113e-11,3.9163e-11,3.2785e-11
1.8008e-11,5.5926e-11,2.7494e-11
1.6707e-11,4.2668e-11,4.3969e-11
1.928e-11,7.2974e-11,2.4512e-11
2.0801e-11,3.0251e-11,2.3079e-11
1.5325e-11,5.0802e-11,2.3063e-11
2.6724e-11,5.0193e-11,4.7785e-11
2.3396e-11,3.9896e-11,3.812e-11
4.253e-11,8.4304e-11,8.7642e-11
1.8796e-10,8.8188e-11,2.3522e-11
3.9602e-11,3.0932e-11,3.1314e-11
2.6156e-11,2.7304e-11,3.1862e-11
8.8464e-11,7.0222e-11,3.6624e-11
2.8029e-11,2.7737e-11,3.2328e-11
5.4738e-11,6.9354e-11,7.3128e-11
9.5794e-11,2.1624e-11,2.795e-11
3.5887e-11,2.5204e-11,3.7329e-11
5.1912e-11,4.0576e-11,5.2524e-11
9.3718e-11,9.4721e-11,5.1312e-11
1.0212e-10,2.6534e-11,3.6211e-11
6.9578e-11,5.8629e-11,6.8095e-11
1.0036e-10,6.0103e-11,5.0007e-11
9.1807e-11,2.1641e-11,3.1123e-11
1.1353e-10,5.5175e-11,3.6671e-11
6.6339e-11,1.8413e-11,4.5128e-11
1.0108e-10,4.5289e-11,3.9886e-11
1.1034e-10,5.2891e-11,5.8639e-11
1.0195e-10,4.3839e-11,6.3788e-11
1.3131e-11,8.0836e-11,2.622e-11
3.0655e-11,3.9453e-11,4.7497e-11
1.1443e-11,2.4878e-11,2.5212e-11
4.1031e-11,9.6059e-11,8.1389e-11
2.8928e-11,6.3699e-11,5.2348e-11
2.5218e-11,3.4915e-11,4.1376e-11
2.9201e-11,6.1542e-11,5.1493e-11
2.7129e-11,6.0716e-11,3.3304e-11
3.3665e-11,3.3467e-11,3.0443e-11
2.7122e-11,4.3479e-11,2.5752e-11
3.4667e-11,2.8098e-11,3.2489e-11
5.5761e-11,7.825e-11,8.3054e-11
5.7915e-11,6.4265e-11,2.5442e-11
7.278e-11,6.7921e-11,3.4555e-11
2.5825e-11,2.6167e-11,3.0821e-11
4.9084e-11,5.9224e-11,3.2136e-11
7.6154e-11,7.9874e-11,2.0917e-11
4.5764e-11,2.9261e-11,4.9532e-11
1.0395e-10,2.8327e-11,3.3278e-11
4.6272e-11,3.4373e-11,5.3299e-11
7.1483e-11,4.5954e-11,6.4907e-11
6.5745e-11,4.2837e-11,7.334e-11
1.4384e-10,5.5888e-11,6.251e-11
1.4771e-10,4.6105e-11,7.1163e-11
7.0868e-11,2.7886e-11,6.8533e-11
7.9313e-11,3.627e-11,5.8905e-11
3.0989e-11,6.1895e-11,5.755e-11
1.587e-11,5.3746e-11,3.5547e-11
2.0475e-11,4.0443e-11,2.8461e-11
2.2433e-11,8.0648e-11,3.0939e-11
2.2755e-11,7.9049e-11,3.04e-11
4.2279e-11,9.6315e-11,7.6738e-11
1.1325e-11,6.7125e-11,2.1909e-11
2.8336e-11,6.9197e-11,3.4105e-11
2.7841e-11,6.9139e-11,5.1052e-11
2.407e-11,3.7591e-11,2.3919e-11
1.318e-10,8.4698e-11,2.5705e-11
3.8737e-11,3.7783e-11,3.8411e-11
6.7662e-11,2.4233e-11,3.1152e-11
7.7174e-11,3.3014e-11,2.9302e-11
5.341e-11,5.1733e-11,2.9979e-11
3.6075e-11,3.361e-11,3.5975e-11
6.1389e-11,1.6363e-11,3.0234e-11
9.0097e-11,2.1187e-11,2.7269e-11
3.2963e-11,2.3314e-11,3.5824e-11
5.8462e-11,5.001e-11,6.1219e-11
4.4197e-11,1.866e-11,3.7069e-11
1.0082e-10,3.7678e-11,3.6047e-11
1.0682e-10,5.2712e-11,4.3535e-11
6.4016e-11,4.0314e-11,5.9272e-11
4.5426e-11,2.469e-11,4.6406e-11
7.5219e-11,5.2369e-11,7.1307e-11
1.4057e-10,4.6306e-11,6.5879e-11
1.1618e-10,4.0818e-11,6.5057e-11
9.7091e-11,3.4725e-11,7.1763e-11
1.8033e-11,6.8311e-11,2.6976e-11
1.6285e-11,4.1917e-11,3.3831e-11
2.6617e-11,3.3857e-11,2.8587e-11
2.1064e-11,4.0397e-11,3.2289e-11
1.9981e-11,3.8756e-11,2.4851e-11
4.1429e-11,9.2446e-11,7.5457e-11
2.5238e-11,4.7385e-11,3.8117e-11
1.5231e-10,7.1302e-11,3.3793e-11
1.8649e-10,7.4465e-11,1.4474e-11
1.3714e-10,8.4756e-11,2.4771e-11
2.511e-11,2.4071e-11,3.0169e-11
5.8031e-11,1.4372e-11,2.4629e-11
5.0855e-11,5.3992e-11,2.5707e-11
5.1743e-11,5.0965e-11,2.8902e-11
4.6977e-11,6.8525e-11,2.5525e-11
3.4707e-11,2.1711e-11,3.146e-11
6.829e-11,3.7432e-11,3.0777e-11
8.0799e-11,3.1996e-11,2.7632e-11
5.6212e-11,5.0057e-11,5.9576e-11
8.6193e-11,3.6509e-11,2.5661e-11
8.3802e-11,2.1069e-11,3.0893e-11
4.72e-11,1.7823e-11,3.3585e-11
6.9962e-11,5.7374e-11,6.9446e-11
1.065e-10,4.0394e-11,3.3169e-11
9.1177e-11,4.2143e-11,3.5399e-11
1.0965e-10,4.6072e-11,4.2349e-11
5.2499e-11,3.4491e-11,5.255e-11
7.4791e-11,1.8876e-11,3.9545e-11
1.6331e-10,5.4112e-11,7.398e-11
1.3842e-10,3.9659e-11,7.328e-11
1.3418e-10,3.8313e-11,8.3212e-11
1.1438e-10,3.5634e-11,7.3414e-11
1.2873e-10,3.4735e-11,7.7419e-11
1.7272e-11,3.1569e-11,3.3864e-11
4.1482e-11,6.4345e-11,5.9383e-11
1.8997e-11,3.4898e-11,2.9722e-11
1.6189e-11,4.455e-11,2.6158e-11
2.1016e-11,3.0105e-11,2.7642e-11
7.9744e-12,6.1985e-11,2.1347e-11
1.8635e-11,6.3348e-11,2.4198e-11
1.4181e-11,5.1382e-11,2.0433e-11
3.4026e-11,7.7457e-11,6.455e-11
2.5617e-11,5.2563e-11,4.0767e-11
1.8478e-11,5.9067e-11,2.1535e-11
2.8323e-11,5.7553e-11,2.417e-11
2.5183e-11,5.7026e-11,2.4422e-11
1.5623e-11,5.0969e-11,2.5956e-11
4.0605e-11,8.208e-11,8.3241e-11
1.8513e-10,7.3701e-11,1.3728e-11
2.7784e-11,3.1947e-11,3.3349e-11
3.2712e-11,2.6828e-11,3.3905e-11
6.0924e-11,4.7893e-11,2.3498e-11
9.2018e-11,8.6277e-11,1.8001e-11
7.589e-11,3.698e-11,2.7954e-11
4.2105e-11,4.0677e-11,4.6588e-11
5.3683e-11,5.0986e-11,2.7774e-11
5.7111e-11,1.6608e-11,2.787e-11
5.6945e-11,4.6322e-11,5.9622e-11
1.4448e-10,6.3266e-11,6.43e-11
9.057e-11,2.6164e-11,3.2316e-11
9.9356e-11,4.7814e-11,4.5464e-11
4.9043e-11,2.2649e-11,5.2196e-11
9.9383e-11,5.5045e-11,4.5137e-11
6.7631e-11,2.8186e-11,6.9393e-11
9.6089e-11,4.2786e-11,6.1477e-11
1.2293e-10,3.5883e-11,7.5126e-11
8.9034e-11,3.8151e-11,6.1903e-11
9.5982e-11,3.8548e-11,6.4763e-11
2.0972e-11,3.7069e-11,3.1214e-11
1.8579e-11,4.6034e-11,4.7617e-11
1.78e-11,6.3756e-11,2.3096e-11
1.9179e-11,3.4125e-11,3.1902e-11
2.0418e-11,5.314e-11,5.1141e-11
2.0414e-11,5.8554e-11,2.4784e-11
1.1744e-11,4.4065e-11,1.9923e-11
2.6654e-11,3.9004e-11,3.1658e-11
2.4909e-11,2.3012e-11,4.3092e-11
2.5779e-11,5.5128e-11,4.4533e-11
3.753e-11,2.1975e-11,2.9366e-11
6.6402e-11,2.6283e-11,2.3945e-11
2.6751e-11,3.1092e-11,3.242e-11
6.4541e-11,5.0561e-11,2.5749e-11
4.0166e-11,1.9322e-11,2.6419e-11
6.7488e-11,3.7638e-11,2.1564e-11
9.825e-11,8.7582e-11,1.5735e-11
5.0171e-11,5.1291e-11,2.5125e-11
6.719e-11,1.9122e-11,2.4572e-11
5.1157e-11,4.9207e-11,2.8267e-11
4.3515e-11,1.7187e-11,2.762e-11
5.7602e-11,2.0274e-11,2.5726e-11
6.4599e-11,1.5462e-11,3.0088e-11
6.7334e-11,4.0079e-11,2.8575e-11
6.4917e-11,5.1568e-11,3.098e-11
8.0371e-11,2.1922e-11,2.8122e-11
8.6635e-11,6.6627e-11,3.8589e-11
1.0199e-10,3.9479e-11,3.1033e-11
8.925e-11,3.4191e-11,3.4999e-11
5.144e-11,2.8597e-11,4.8781e-11
6.689e-11,4.5313e-11,6.1946e-11
1.0706e-10,4.8931e-11,4.4698e-11
7.7304e-11,3.2976e-11,4.0069e-11
8.6394e-11,3.7312e-11,4.2145e-11
1.1483e-10,4.0762e-11,5.5627e-11
1.082e-10,4.4296e-11,5.6866e-11
7.317e-11,3.1075e-11,7.2081e-11
1.178e-10,3.333e-11,7.5076e-11
1.8294e-11,4.0135e-11,3.3305e-11
1.9018e-11,6.5649e-11,2.5647e-11
2.2437e-11,6.24e-11,3.0922e-11
1.9909e-11,4.9522e-11,2.5286e-11
1.6197e-11,4.5845e-11,2.2191e-11
1.8621e-11,5.1093e-11,2.0268e-11
3.0612e-11,3.5697e-11,3.2028e-11
2.3368e-11,3.8015e-11,3.3633e-11
2.5948e-11,4.162e-11,3.1438e-11
4.5447e-11,8.2703e-11,8.4242e-11
3.5451e-11,1.5872e-11,3.4001e-11
1.9699e-10,7.3294e-11,1.3165e-11
7.138e-11,3.3964e-11,2.2434e-11
6.6834e-11,2.51e-11,2.5503e-11
1.581e-10,8.3294e-11,2.0465e-11
5.4971e-11,2.8824e-11,2.745e-11
5.5346e-11,7.0255e-11,7.4603e-11
2.7581e-11,3.1859e-11,3.2907e-11
5.4422e-11,1.6078e-11,2.6582e-11
4.9677e-11,5.5223e-11,2.2555e-11
2.7862e-11,2.4136e-11,3.2003e-11
8.3794e-11,7.5515e-11,3.663e-11
9.4077e-11,7.9291e-11,3.6297e-11
3.8008e-11,3.5558e-11,4.2167e-11
8.9444e-11,9.1424e-11,3.2641e-11
6.9694e-11,1.4846e-11,3.0012e-11
7.9511e-11,2.3038e-11,2.8688e-11
6.679e-11,6.0571e-11,7.1698e-11
6.6594e-11,5.7233e-11,7.0799e-11
7.8699e-11,3.7717e-11,3.4888e-11
6.8661e-11,1.7238e-11,3.2288e-11
4.0689e-11,1.8769e-11,3.9877e-11
1.0502e-10,4.1488e-11,4.2099e-11
3.9736e-11,2.1789e-11,4.1446e-11
8.7731e-11,3.2713e-11,3.6946e-11
9.5115e-11,3.0091e-11,4.4195e-11
7.4611e-11,5.0539e-11,6.769e-11
1.5717e-10,5.0939e-11,6.3925e-11
7.2681e-11,3.0721e-11,3.8644e-11
9.0997e-11,4.7928e-11,3.9918e-11
6.7885e-11,2.897e-11,6.5321e-11
7.8067e-11,4.4165e-11,7.0981e-11
1.2086e-10,3.1211e-11,7.1605e-11
1.946e-11,5.0796e-11,4.9453e-11
2.2658e-11,3.0399e-11,3.2012e-11
2.1181e-11,3.1272e-11,3.245e-11
2.308e-11,3.6659e-11,3.3705e-11
2.0732e-11,5.7293e-11,2.269e-11
2.626e-11,4.2274e-11,4.408e-11
2.2013e-11,3.1222e-11,2.4733e-11
2.77e-11,3.6331e-11,2.6729e-11
1.6835e-11,4.8151e-11,2.0967e-11
7.9372e-11,7.2657e-11,2.3081e-11
1.065e-10,7.5462e-11,3.1247e-11
4.6537e-11,8.4189e-11,8.3589e-11
3.125e-11,4.9895e-11,4.9972e-11
2.6027e-11,3.9755e-11,3.8039e-11
8.1688e-11,6.4293e-11,2.7761e-11
3.9065e-11,5.2633e-11,5.1275e-11
6.5609e-11,6.8397e-11,2.5492e-11
2.5567e-11,3.9284e-11,2.5296e-11
3.6272e-11,2.0285e-11,2.3929e-11
5.5123e-11,6.3119e-11,2.0778e-11
5.6622e-11,4.7813e-11,2.0612e-11
4.5638e-11,5.8559e-11,2.119e-11
8.2956e-11,8.3203e-11,1.7464e-11
4.0959e-11,2.2921e-11,3.02e-11
4.8774e-11,5.0061e-11,2.4801e-11
9.6758e-11,9.0809e-11,2.6838e-11
6.2784e-11,3.8369e-11,2.6545e-11
3.7685e-11,3.2536e-11,4.1701e-11
5.2271e-11,1.7581e-11,2.637e-11
3.3325e-11,1.6126e-11,2.877e-11
7.7898e-11,2.2776e-11,2.6465e-11
7.6838e-11,4.1358e-11,3.2876e-11
4.4995e-11,3.2594e-11,4.279e-11
1.0465e-10,7.5818e-11,6.2489e-11
3.458e-11,2.2397e-11,3.3207e-11
5.1514e-11,4.2868e-11,5.0983e-11
9.5747e-11,5.3742e-11,3.6153e-11
9.0021e-11,2.8906e-11,2.7637e-11
4.7044e-11,2.0137e-11,4.4968e-11
5.3217e-11,2.2553e-11,5.1397e-11
8.9651e-11,4.2636e-11,3.9068e-11
1.7485e-11,5.9281e-11,2.6791e-11
2.3443e-11,4.9645e-11,4.7514e-11
2.3282e-11,4.6009e-11,2.0807e-11
2.6534e-11,5.0235e-11,2.573e-11
1.6571e-11,3.0408e-11,2.2791e-11
1.9287e-11,4.4817e-11,2.4584e-11
3.7466e-11,7.0018e-11,6.0701e-11
2.6627e-11,2.2477e-11,3.3026e-11
3.8496e-11,2.2283e-11,2.8088e-11
2.5694e-11,4.2608e-11,3.9691e-11
2.2784e-11,3.4899e-11,3.1841e-11
9.2171e-11,6.7677e-11,2.5312e-11
3.2061e-11,2.2901e-11,2.6022e-11
4.1058e-11,4.2292e-11,2.7684e-11
1.6063e-10,7.0937e-11,1.6054e-11
6.1914e-11,5.3742e-11,2.4083e-11
4.1173e-11,5.3726e-11,2.5315e-11
5.8054e-11,5.0687e-11,2.4762e-11
6.9705e-11,1.5949e-11,2.9926e-11
6.092e-11,4.9564e-11,2.4976e-11
5.0409e-11,6.3249e-11,2.9128e-11
5.4581e-11,5.679e-11,6.2366e-11
6.0738e-11,6.3427e-11,6.8721e-11
8.8477e-11,9.5321e-11,4.383e-11
4.7574e-11,1.4261e-11,2.6701e-11
8.0772e-11,2.7426e-11,2.3898e-11
9.3006e-11,2.8418e-11,2.513e-11
5.9483e-11,3.9836e-11,3.1374e-11
6.2567e-11,4.8855e-11,3.3659e-11
8.3757e-11,3.4763e-11,2.6782e-11
5.2186e-11,3.9919e-11,5.565e-11
9.1162e-11,3.0921e-11,3.8112e-11
6.9535e-11,2.233e-11,3.1324e-11
8.2699e-11,3.2051e-11,3.5711e-11
9.7512e-11,3.9265e-11,4.2358e-11
1.3514e-10,4.1882e-11,5.0655e-11
7.3011e-11,4.8758e-11,6.258e-11
8.2789e-11,4.423e-11,3.6737e-11
9.3047e-11,2.8971e-11,4.2431e-11
8.8507e-11,4.3302e-11,7.2406e-11
7.1223e-11,2.8587e-11,6.975e-11
7.2733e-11,2.9051e-11,7.1644e-11
7.4047e-11,2.74e-11,6.9246e-11
8.5992e-11,3.1352e-11,7.1427e-11
1.4545e-11,2.7569e-11,2.7239e-11
2.2251e-11,4.7869e-11,2.3688e-11
1.4217e-11,5.976e-11,2.2105e-11
2.7672e-11,3.5505e-11,2.914e-11
1.2852e-11,3.2612e-11,2.0384e-11
2.647e-11,5.2212e-11,2.8679e-11
2.2814e-11,3.9152e-11,2.8857e-11
2.2222e-11,2.6002e-11,2.2873e-11
5.2134e-11,7.187e-11,1.6484e-11
5.6316e-11,2.5216e-11,2.3963e-11
1.6059e-10,7.0551e-11,1.8879e-11
2.4766e-11,2.8412e-11,3.0341e-11
5.5456e-11,7.4706e-11,8.0534e-11
4.1403e-11,6.1522e-11,2.1141e-11
4.6741e-11,1.9561e-11,2.7327e-11
4.664e-11,5.8496e-11,3.3372e-11
3.6103e-11,2.866e-11,3.7522e-11
5.9339e-11,7.6467e-11,3.6138e-11
3.1248e-11,2.4064e-11,3.442e-11
4.7387e-11,1.4431e-11,2.8046e-11
4.9601e-11,1.5783e-11,2.968e-11
8.5321e-11,7.1459e-11,5.3752e-11
1.0558e-10,8.6567e-11,5.7101e-11
8.0411e-11,2.6133e-11,2.632e-11
7.228e-11,2.4918e-11,2.7952e-11
7.6823e-11,3.7967e-11,3.0061e-11
7.9439e-11,3.1879e-11,3.1006e-11
4.7462e-11,1.6203e-11,4.3119e-11
1.3715e-10,4.7455e-11,5.9137e-11
1.0355e-10,3.6049e-11,4.9627e-11
7.3614e-11,3.1832e-11,4.856e-11
8.3308e-11,3.6098e-11,7.1623e-11
1.4235e-11,4.4537e-11,2.8347e-11
2.1462e-11,4.8828e-11,2.7284e-11
3.3681e-11,5.2229e-11,5.2228e-11
4.6635e-11,7.1072e-11,6.6593e-11
3.3131e-11,5.5911e-11,4.9356e-11
1.8303e-11,4.18e-11,2.7316e-11
2.2436e-11,3.3094e-11,3.0444e-11
4.0485e-11,7.3718e-11,6.5197e-11
2.3497e-11,4.6108e-11,2.1618e-11
2.6707e-11,1.9104e-11,2.7015e-11
2.1719e-11,4.9794e-11,2.2243e-11
4.8478e-11,7.8284e-11,8.2086e-11
5.8028e-11,5.0236e-11,2.4764e-11
3.4615e-11,5.3333e-11,2.383e-11
3.5844e-11,5.5809e-11,2.1757e-11
2.3489e-11,2.7172e-11,2.8204e-11
4.0725e-11,6.0056e-11,1.9183e-11
4.7178e-11,5.8475e-11,2.0124e-11
2.1951e-11,1.9296e-11,2.4662e-11
7.6131e-11,8.034e-11,2.2441e-11
3.8247e-11,5.0993e-11,2.8602e-11
3.3885e-11,2.847e-11,3.3799e-11
2.9229e-11,2.2196e-11,3.0956e-11
7.6972e-11,2.6902e-11,2.3977e-11
4.5989e-11,3.439e-11,4.5223e-11
3.891e-11,1.442e-11,3.114e-11
3.554e-11,2.7147e-11,3.7687e-11
1.0121e-10,4.4068e-11,4.8257e-11
6.1828e-11,5.2022e-11,6.5659e-11
7.5514e-11,3.1806e-11,2.9349e-11
5.4205e-11,4.5701e-11,5.4315e-11
6.8966e-11,2.3029e-11,3.0683e-11
4.9423e-11,3.4412e-11,4.6271e-11
5.7827e-11,2.2022e-11,3.8512e-11
8.3546e-11,2.9093e-11,3.8476e-11
8.5123e-11,2.6093e-11,4.6398e-11
1.4653e-11,3.8428e-11,2.3307e-11
1.8434e-11,5.2553e-11,2.5052e-11
4.1368e-11,7.2746e-11,6.751e-11
1.0961e-11,5.1851e-11,1.937e-11
1.832e-11,3.1516e-11,2.4448e-11
4.5675e-11,7.0522e-11,5.8706e-11
3.3846e-11,4.9204e-11,4.0551e-11
3.2904e-11,6.0267e-11,4.919e-11
1.8257e-11,3.6183e-11,2.9949e-11
2.1508e-11,4.0967e-11,2.109e-11
1.1348e-10,7.6998e-11,2.9216e-11
1.4226e-10,6.8884e-11,2.7113e-11
2.0059e-11,4.4445e-11,2.1927e-11
1.9363e-11,4.4278e-11,2.1529e-11
3.594e-11,1.339e-11,2.464e-11
1.8862e-10,6.8719e-11,2.2034e-11
2.843e-11,1.7092e-11,2.7367e-11
4.2052e-11,6.0094e-11,6.1366e-11
2.5986e-11,2.2216e-11,2.2513e-11
5.5503e-11,6.6303e-11,7.206e-11
5.2382e-11,4.2975e-11,2.0699e-11
2.8882e-11,1.971e-11,2.649e-11
4.0167e-11,3.458e-11,4.2705e-11
3.3511e-11,1.3801e-11,2.5097e-11
4.8281e-11,4.0971e-11,5.2031e-11
6.616e-11,2.7529e-11,2.6814e-11
7.8275e-11,3.3107e-11,3.2986e-11
6.6973e-11,2.2898e-11,2.7978e-11
8.7646e-11,3.1755e-11,3.1044e-11
7.4176e-11,3.0753e-11,2.8613e-11
7.0868e-11,3.1564e-11,2.9957e-11
1.2717e-10,6.015e-11,6.3073e-11
7.2829e-11,3.0098e-11,3.275e-11
9.1343e-11,4.1179e-11,3.7803e-11
5.8578e-11,3.6594e-11,5.4541e-11
7.6844e-11,4.1393e-11,3.5582e-11
5.2473e-11,1.9227e-11,5.1293e-11
5.8135e-11,2.3731e-11,5.4455e-11
6.9321e-11,3.106e-11,5.779e-11
7.5482e-11,2.9418e-11,7.0248e-11
4.8205e-11,5.9292e-11,5.4704e-11
2.4269e-11,1.5168e-11,2.7363e-11
2.7514e-11,2.22e-11,2.1978e-11
1.8774e-11,3.0826e-11,2.6599e-11
2.66e-11,3.3764e-11,2.183e-11
4.3238e-11,4.9854e-11,4.9349e-11
4.7386e-11,4.5397e-11,2.3458e-11
4.1147e-11,4.4048e-11,4.4984e-11
4.8242e-11,5.6844e-11,5.8828e-11
5.9845e-11,4.9148e-11,2.3764e-11
5.8633e-11,5.5997e-11,2.7804e-11
1.1032e-10,7.2327e-11,1.5639e-11
2.6846e-11,3.1131e-11,3.2149e-11
2.4519e-11,2.1806e-11,3.1064e-11
3.7185e-11,3.2466e-11,3.8323e-11
5.3812e-11,7.1493e-11,3.1548e-11
6.3566e-11,8.1893e-11,2.8046e-11
8.3461e-11,8.8977e-11,2.9196e-11
3.0263e-11,2.328e-11,3.5526e-11
3.0153e-11,1.7565e-11,3.1864e-11
4.4423e-11,3.9265e-11,4.7537e-11
5.6779e-11,7.4526e-11,2.9568e-11
3.9268e-11,3.2875e-11,4.2326e-11
5.0583e-11,1.9472e-11,2.6461e-11
6.9527e-11,5.8511e-11,3.6814e-11
6.2919e-11,3.3519e-11,2.8043e-11
7.6054e-11,3.4142e-11,2.7418e-11
3.582e-11,2.2847e-11,3.6071e-11
8.1234e-11,3.154e-11,2.882e-11
4.8537e-11,2.6153e-11,4.4578e-11
6.3171e-11,2.0867e-11,2.926e-11
6.5448e-11,3.2771e-11,3.4179e-11
6.6873e-11,3.0281e-11,3.4513e-11
1.3069e-10,3.8597e-11,5.5088e-11
1.4009e-10,3.8257e-11,5.7262e-11
4.968e-11,1.8444e-11,4.8223e-11
7.35e-11,4.3066e-11,4.4662e-11
1.2853e-10,3.5212e-11,6.5537e-11
6.2808e-11,2.876e-11,5.6402e-11
7.5988e-11,2.1016e-11,7.4045e-11
1.8929e-11,2.6416e-11,3.172e-11
1.5431e-11,3.3058e-11,2.5159e-11
1.9333e-11,4.6348e-11,2.0548e-11
1.1258e-11,4.5439e-11,2.9813e-11
2.0632e-11,3.3843e-11,2.9019e-11
5.0278e-11,8.2656e-11,6.9889e-11
2.3082e-11,2.8646e-11,2.0904e-11
1.8679e-11,2.9982e-11,1.8835e-11
2.3926e-11,3.2833e-11,2.4957e-11
2.6864e-11,2.6473e-11,2.5175e-11
2.6627e-11,2.6987e-11,2.6373e-11
8.3416e-11,7.516e-11,2.3872e-11
1.4166e-10,6.3604e-11,1.9023e-11
3.7985e-11,5.9694e-11,5.2466e-11
2.7667e-11,2.0634e-11,2.3671e-11
4.2031e-11,3.1577e-11,2.082e-11
4.2347e-11,7.0748e-11,2.1415e-11
3.9143e-11,6.7154e-11,2.0781e-11
1.3165e-10,6.1869e-11,3.1429e-11
2.6246e-11,2.0471e-11,2.304e-11
1.2499e-10,6.7234e-11,2.7306e-11
7.2219e-11,6.565e-11,1.7735e-11
3.8927e-11,1.2666e-11,2.1876e-11
5.6165e-11,3.436e-11,3.1822e-11
4.2363e-11,2.9179e-11,3.8082e-11
5.0178e-11,2.7309e-11,2.4091e-11
4.0871e-11,5.5657e-11,2.5615e-11
6.9541e-11,2.0771e-11,2.3818e-11
4.1803e-11,1.5478e-11,2.7336e-11
6.5162e-11,5.6015e-11,7.0434e-11
7.7677e-11,5.518e-11,3.9764e-11
9.156e-11,5.5575e-11,4.7682e-11
5.7534e-11,4.8321e-11,6.2146e-11
4.0493e-11,1.757e-11,2.8706e-11
4.6513e-11,3.3372e-11,4.729e-11
5.6154e-11,2.1103e-11,2.8225e-11
4.6008e-11,3.2779e-11,4.5338e-11
3.5179e-11,2.3245e-11,3.6799e-11
1.6096e-10,5.5774e-11,7.0816e-11
7.1372e-11,4.5407e-11,6.6473e-11
6.2834e-11,2.435e-11,4.2656e-11
5.4004e-11,2.1986e-11,4.4638e-11
1.1821e-10,3.014e-11,6.1497e-11
7.6442e-11,3.7001e-11,6.4599e-11
6.9469e-11,2.6266e-11,6.3473e-11
2.6101e-11,3.2367e-11,2.9943e-11
1.8436e-11,3.2584e-11,2.553e-11
2.0281e-11,3.8123e-11,2.1764e-11
2.293e-11,3.6296e-11,3.2587e-11
1.9168e-11,4.4062e-11,2.0674e-11
2.1468e-11,4.4608e-11,2.2136e-11
1.7976e-11,4.1133e-11,2.115e-11
1.7894e-11,2.7458e-11,2.9827e-11
1.3442e-11,4.3681e-11,2.0699e-11
8.4352e-12,4.3832e-11,1.8488e-11
1.1669e-11,4.3372e-11,1.8746e-11
1.8733e-11,3.3948e-11,2.0093e-11
4.6161e-11,7.6634e-11,6.7774e-11
1.1541e-11,3.9284e-11,1.9488e-11
2.5807e-11,3.0566e-11,2.9027e-11
8.8284e-11,8.0649e-11,1.8508e-11
3.5862e-11,6.0382e-11,4.9594e-11
2.4716e-11,2.198e-11,2.8842e-11
2.7919e-11,4.4639e-11,3.8487e-11
3.9399e-11,6.8622e-11,1.7629e-11
2.3486e-11,2.9518e-11,2.9287e-11
1.571e-10,5.5869e-11,2.1343e-11
3.6846e-11,5.1838e-11,2.0726e-11
3.339e-11,3.8586e-11,3.8136e-11
4.7097e-11,1.767e-11,2.6786e-11
1.0685e-10,6.2015e-11,2.2517e-11
5.0521e-11,5.5365e-11,1.8611e-11
4.9504e-11,5.0384e-11,5.7679e-11
2.4398e-11,1.8867e-11,2.5494e-11
2.4441e-11,1.6459e-11,2.487e-11
3.122e-11,2.4848e-11,3.2105e-11
2.8578e-11,1.6125e-11,2.825e-11
5.5676e-11,2.8195e-11,2.3143e-11
4.393e-11,3.3491e-11,4.1377e-11
5.711e-11,4.9554e-11,6.4392e-11
2.8317e-11,2.0271e-11,2.986e-11
6.2103e-11,1.7531e-11,2.477e-11
5.5665e-11,2.1858e-11,2.3393e-11
1.2362e-10,7.5618e-11,6.1686e-11
6.475e-11,1.689e-11,2.8915e-11
4.1946e-11,2.8867e-11,3.9431e-11
7.1495e-11,4.0039e-11,6.1138e-11
9.7187e-11,3.0703e-11,5.931e-11
6.7675e-11,2.0986e-11,6.4159e-11
4.4537e-11,6.3836e-11,6.444e-11
1.8294e-11,3.5618e-11,2.1708e-11
3.3365e-11,2.556e-11,2.9971e-11
4.2562e-11,6.8403e-11,6.3044e-11
1.8588e-11,4.3468e-11,2.0285e-11
8.7645e-11,7.8601e-11,1.8278e-11
1.1387e-10,8.1297e-11,1.9202e-11
2.4588e-11,2.6407e-11,2.0884e-11
2.2565e-11,1.6234e-11,2.6483e-11
2.0116e-11,1.6127e-11,3.004e-11
2.6139e-11,2.9099e-11,2.9694e-11
3.2625e-11,4.7408e-11,2.5454e-11
5.9499e-11,6.0634e-11,1.6728e-11
4.7178e-11,4.9029e-11,5.4693e-11
8.0403e-11,8.5907e-11,2.8862e-11
5.3383e-11,5.3375e-11,5.8997e-11
5.1284e-11,2.8258e-11,2.3817e-11
4.0415e-11,1.4434e-11,3.0401e-11
2.8717e-11,2.0314e-11,3.0674e-11
5.2905e-11,3.6431e-11,2.7259e-11
6.8686e-11,2.5519e-11,2.0823e-11
6.7047e-11,2.7195e-11,2.6675e-11
4.7083e-11,1.674e-11,2.7663e-11
3.8116e-11,2.7496e-11,4.0038e-11
5.0102e-11,1.5246e-11,2.7524e-11
1.0274e-10,3.2075e-11,4.3937e-11
5.5987e-11,3.6665e-11,5.0894e-11
8.5846e-11,2.7305e-11,3.5842e-11
1.6116e-10,4.8883e-11,7.4476e-11
7.8201e-11,4.2185e-11,6.337e-11
1.3004e-10,3.2086e-11,5.9291e-11
5.0524e-11,2.6618e-11,4.0902e-11
4.7011e-11,1.9633e-11,4.3329e-11
1.3234e-10,3.1307e-11,6.3549e-11
6.0224e-11,2.2502e-11,4.4529e-11
5.8585e-11,2.2557e-11,5.4774e-11
8.2245e-11,2.9376e-11,6.456e-11
9.7707e-11,2.0346e-11,7.4202e-11
1.3557e-11,1.7048e-11,1.8237e-11
2.499e-11,4.1599e-11,2.1188e-11
2.2784e-11,3.8279e-11,3.4187e-11
1.1324e-11,3.7455e-11,1.8186e-11
2.0372e-11,3.3854e-11,2.6583e-11
4.1269e-11,8.1724e-11,2.1814e-11
5.3243e-11,7.9363e-11,2.1813e-11
4.0675e-11,6.6178e-11,2.2052e-11
4.1466e-11,2.0012e-11,2.8498e-11
3.8014e-11,6.4855e-11,2.16e-11
1.8332e-11,3.0206e-11,2.4845e-11
4.6441e-11,2.4305e-11,1.9921e-11
3.7208e-11,4.4661e-11,1.8144e-11
3.6243e-11,4.4724e-11,3.9455e-11
2.0013e-11,2.8848e-11,2.5156e-11
1.2211e-10,5.9577e-11,1.7409e-11
1.1854e-10,6.2817e-11,2.3136e-11
6.0993e-11,5.9073e-11,1.6589e-11
4.5396e-11,3.2853e-11,2.2314e-11
3.0468e-11,2.6066e-11,3.189e-11
5.5863e-11,2.6878e-11,2.2205e-11
5.4867e-11,4.5814e-11,2.934e-11
3.1312e-11,2.4137e-11,3.2424e-11
7.3444e-11,7.1172e-11,3.8489e-11
6.0882e-11,3.3823e-11,2.5243e-11
4.4761e-11,2.1169e-11,2.7687e-11
5.7197e-11,1.9718e-11,2.312e-11
8.8746e-11,3.4224e-11,3.965e-11
4.6095e-11,3.4055e-11,4.5959e-11
3.5576e-11,1.2844e-11,3.2455e-11
3.4878e-11,1.6101e-11,3.3479e-11
7.0589e-11,2.7741e-11,3.235e-11
3.9586e-11,1.9618e-11,4.0301e-11
1.4254e-10,3.8308e-11,5.999e-11
1.6747e-10,5.6888e-11,8.0655e-11
5.61e-11,2.712e-11,3.2867e-11
4.761e-11,1.7543e-11,4.9355e-11
7.9771e-11,3.1484e-11,7.2416e-11
8.5574e-11,3.6283e-11,7.5238e-11
6.0592e-11,2.0318e-11,5.8798e-11
9.7275e-11,2.0698e-11,8.0992e-11
1.5223e-11,4.9811e-11,2.4653e-11
1.7026e-11,5.1422e-11,2.7038e-11
1.6935e-11,3.2528e-11,2.0819e-11
3.3598e-11,5.6551e-11,4.8847e-11
4.6435e-11,7.3328e-11,5.9743e-11
3.0542e-11,7.1743e-11,2.1129e-11
8.8057e-11,5.8998e-11,1.5257e-11
4.823e-11,6.4482e-11,6.2167e-11
1.1106e-10,5.8684e-11,1.7391e-11
6.9727e-11,5.4385e-11,2.7042e-11
3.9193e-11,1.5985e-11,2.5047e-11
4.8669e-11,4.5113e-11,1.9653e-11
5.0067e-11,3.9173e-11,2.6727e-11
2.5932e-11,1.6939e-11,2.8242e-11
5.5925e-11,2.7987e-11,2.0082e-11
2.4275e-11,1.714e-11,2.5868e-11
5.9347e-11,3.1726e-11,2.194e-11
4.2975e-11,3.4129e-11,4.3155e-11
5.08e-11,3.7563e-11,5.3007e-11
5.8749e-11,1.792e-11,2.5189e-11
5.7699e-11,3.0455e-11,3.1193e-11
4.5621e-11,2.43e-11,4.2925e-11
4.1992e-11,1.5454e-11,4.2811e-11
4.7646e-11,2.5095e-11,4.1455e-11
4.9386e-11,2.315e-11,4.509e-11
8.2956e-11,3.8918e-11,6.7662e-11
9.3002e-11,2.8303e-11,6.4182e-11
7.031e-11,2.2676e-11,7.1083e-11
2.3545e-11,2.9576e-11,2.4484e-11
1.8302e-11,3.032e-11,2.3772e-11
2.2758e-11,5.046e-11,1.7877e-11
8.8409e-11,7.7928e-11,1.4445e-11
2.2935e-11,3.756e-11,2.8343e-11
7.916e-11,7.2235e-11,1.9609e-11
1.2547e-10,6.6319e-11,1.098e-11
1.0913e-10,5.6788e-11,2.1215e-11
1.3693e-10,5.2337e-11,1.6245e-11
2.7394e-11,1.0523e-11,2.6327e-11
2.4705e-11,3.0247e-11,2.7552e-11
4.7877e-11,4.8583e-11,3.0179e-11
2.778e-11,3.0371e-11,3.2032e-11
9.8941e-11,6.8525e-11,2.3281e-11
3.317e-11,1.479e-11,2.6507e-11
3.3963e-11,3.7262e-11,3.962e-11
2.8945e-11,2.5635e-11,2.9923e-11
2.8655e-11,2.3788e-11,2.99e-11
3.9382e-11,1.6716e-11,2.4008e-11
8.0191e-11,8.2548e-11,3.8549e-11
4.4204e-11,2.6565e-11,2.2472e-11
5.2288e-11,4.9817e-11,6.0754e-11
5.6411e-11,2.7486e-11,2.1264e-11
3.0432e-11,2.1406e-11,3.1511e-11
6.093e-11,2.3021e-11,2.4428e-11
4.4852e-11,3.5909e-11,4.9106e-11
5.2144e-11,4.0353e-11,5.2288e-11
5.5989e-11,1.6034e-11,3.6102e-11
6.7862e-11,2.1514e-11,3.0957e-11
1.7539e-10,5.7684e-11,8.1122e-11
5.0205e-11,2.3455e-11,4.8605e-11
5.3747e-11,2.2209e-11,5.5637e-11
7.0493e-11,1.8048e-11,5.5342e-11
7.9022e-11,3.0801e-11,7.1595e-11
7.2106e-11,2.2587e-11,7.0423e-11
6.4321e-11,1.7366e-11,6.6066e-11
1.434e-11,3.844e-11,2.2472e-11
3.7125e-11,6.4607e-11,5.6084e-11
2.7032e-11,2.4636e-11,2.7556e-11
2.0175e-11,3.2298e-11,2.0931e-11
5.5989e-11,8.7156e-11,2.6673e-11
4.1839e-11,6.1747e-11,5.4598e-11
3.1081e-11,6.2706e-11,2.3679e-11
7.9133e-11,5.5059e-11,1.5468e-11
7.3188e-11,5.3644e-11,1.734e-11
2.6362e-11,2.9471e-11,2.7196e-11
3.6135e-11,4.2678e-11,2.1575e-11
6.3111e-11,5.3694e-11,1.5353e-11
1.3807e-10,6.1502e-11,2.1488e-11
2.4801e-11,1.2034e-11,2.0255e-11
5.0324e-11,5.442e-11,5.6662e-11
5.1738e-11,5.1668e-11,5.7481e-11
3.5085e-11,4.7448e-11,2.0583e-11
4.3688e-11,2.9687e-11,1.95e-11
7.552e-11,7.675e-11,4.4584e-11
3.4426e-11,2.9659e-11,3.8534e-11
4.819e-11,2.575e-11,2.1188e-11
3.2619e-11,2.902e-11,3.6532e-11
9.0843e-11,5.8366e-11,4.9989e-11
1.2902e-10,6.8738e-11,6.6122e-11
8.8336e-11,3.0195e-11,3.936e-11
9.9361e-11,4.1867e-11,4.2183e-11
3.186e-11,1.4381e-11,3.0918e-11
3.6682e-11,1.7754e-11,3.4377e-11
6.5405e-11,4.1085e-11,6.3816e-11
5.5522e-11,2.6281e-11,4.9629e-11
7.6538e-11,3.6855e-11,6.117e-11
7.0401e-11,1.9762e-11,6.3337e-11
8.3182e-11,1.8736e-11,7.713e-11
6.8182e-11,2.0646e-11,6.9184e-11
8.1837e-11,2.9008e-11,7.9369e-11
7.5023e-11,1.8327e-11,7.7897e-11
2.0651e-11,3.0735e-11,2.963e-11
2.2551e-11,3.6126e-11,3.1516e-11
2.1582e-11,3.5266e-11,2.9999e-11
4.5962e-11,7.1156e-11,5.9116e-11
3.0962e-11,4.7118e-11,3.9609e-11
2.651e-11,5.9303e-11,2.4447e-11
1.553e-11,2.8446e-11,1.6697e-11
4.8444e-11,7.6557e-11,1.9028e-11
1.2364e-10,5.7244e-11,1.7709e-11
1.2666e-10,5.811e-11,1.3664e-11
2.3486e-11,3.4598e-11,2.9748e-11
1.2331e-10,5.0746e-11,2.0218e-11
1.5563e-11,2.6483e-11,1.8743e-11
4.4245e-11,4.5634e-11,1.9543e-11
1.0552e-10,5.6183e-11,2.0171e-11
3.3059e-11,4.5596e-11,1.6046e-11
3.119e-11,4.1815e-11,2.1137e-11
9.2114e-11,6.9373e-11,3.4098e-11
3.1287e-11,4.4073e-11,2.1636e-11
4.3224e-11,2.6165e-11,2.0486e-11
4.4403e-11,2.707e-11,2.2396e-11
2.4293e-11,1.9948e-11,2.6277e-11
5.4027e-11,3.1045e-11,1.9952e-11
5.379e-11,3.6703e-11,2.5209e-11
3.2583e-11,2.3554e-11,3.436e-11
8.6103e-11,2.5251e-11,3.7368e-11
5.4618e-11,1.5816e-11,2.754e-11
5.9202e-11,2.1251e-11,2.8204e-11
4.3213e-11,2.2037e-11,3.8597e-11
6.9496e-11,1.8994e-11,3.0968e-11
5.5652e-11,3.6822e-11,5.5264e-11
4.5531e-11,1.5904e-11,3.3976e-11
3.9128e-11,1.5866e-11,4.2005e-11
1.6091e-10,4.3351e-11,7.8966e-11
1.5344e-10,3.7744e-11,7.2401e-11
6.0546e-11,2.772e-11,5.5337e-11
7.0295e-11,2.6445e-11,6.498e-11
9.3448e-11,2.1415e-11,7.3475e-11
1.5933e-11,4.5584e-11,2.1562e-11
2.2206e-11,2.7485e-11,2.2832e-11
1.5517e-11,2.7327e-11,2.5634e-11
1.5845e-11,4.2578e-11,2.5776e-11
1.3911e-11,2.6578e-11,1.8626e-11
1.3349e-10,6.9095e-11,1.2738e-11
2.0862e-11,3.8005e-11,2.3101e-11
3.5579e-11,3.0576e-11,2.2944e-11
3.1318e-11,3.7786e-11,1.831e-11
2.2052e-11,2.356e-11,1.9977e-11
2.1942e-11,1.9333e-11,1.9879e-11
5.0208e-11,6.4792e-11,5.9054e-11
1.3519e-10,5.9464e-11,2.4938e-11
3.1035e-11,1.7304e-11,2.5353e-11
5.4185e-11,6.3103e-11,3.9244e-11
2.9615e-11,2.5429e-11,3.2908e-11
4.9914e-11,4.0333e-11,2.765e-11
6.5897e-11,7.2588e-11,3.7142e-11
2.3102e-11,2.3051e-11,2.4972e-11
1.181e-10,6.5114e-11,6.0388e-11
4.2163e-11,2.7414e-11,4.2909e-11
2.933e-11,1.3276e-11,2.8294e-11
1.4554e-10,6.2221e-11,7.4757e-11
3.2032e-11,1.3266e-11,3.3148e-11
4.7807e-11,1.5265e-11,2.726e-11
4.177e-11,2.1936e-11,3.0942e-11
7.702e-11,1.8695e-11,3.5215e-11
6.0435e-11,3.8464e-11,6.1725e-11
5.4862e-11,2.5154e-11,4.9464e-11
4.1558e-11,1.4074e-11,3.4231e-11
5.1042e-11,2.1077e-11,5.1073e-11
6.2867e-11,2.6731e-11,5.1745e-11
8.0879e-11,2.2784e-11,5.3658e-11
5.7528e-11,2.1152e-11,4.8572e-11
5.4075e-11,1.5087e-11,5.1176e-11
7.0274e-11,1.8917e-11,7.002e-11
7.4271e-11,1.7943e-11,7.5776e-11
1.5299e-11,3.0254e-11,2.5636e-11
2.1828e-11,2.5838e-11,2.1763e-11
1.8697e-11,3.5962e-11,2.083e-11
2.1173e-11,2.7892e-11,2.3528e-11
1.494e-11,1.7545e-11,2.7273e-11
5.3934e-11,8.4418e-11,6.6032e-11
3.5818e-11,5.5069e-11,4.5867e-11
1.0423e-11,2.856e-11,2.0653e-11
2.8449e-11,1.7638e-11,2.3752e-11
3.501e-11,5.4606e-11,4.703e-11
2.927e-11,6.9103e-11,1.9955e-11
3.7122e-11,8.0287e-11,1.7887e-11
2.3023e-11,1.539e-11,1.9577e-11
5.6166e-11,8.377e-11,7.0678e-11
7.7009e-11,5.8489e-11,1.7398e-11
7.1868e-11,5.9076e-11,1.2787e-11
2.0046e-11,3.3187e-11,2.1915e-11
2.3018e-11,2.1121e-11,2.0397e-11
3.2595e-11,1.6455e-11,2.5919e-11
2.0096e-11,1.7711e-11,1.8915e-11
1.1557e-10,5.0376e-11,2.1291e-11
3.5998e-11,3.0199e-11,2.5902e-11
3.0876e-11,1.1834e-11,2.4177e-11
3.7258e-11,1.5519e-11,2.095e-11
3.327e-11,4.6821e-11,1.75e-11
2.5433e-11,2.1719e-11,2.6693e-11
4.6143e-11,4.2242e-11,5.0479e-11
4.922e-11,6.0608e-11,3.4253e-11
4.6937e-11,2.3419e-11,2.3287e-11
7.9734e-11,4.8795e-11,4.6731e-11
3.3969e-11,2.5777e-11,3.7015e-11
1.2617e-10,5.1487e-11,6.0592e-11
5.442e-11,1.4992e-11,2.83e-11
4.2906e-11,1.4514e-11,2.9044e-11
1.6744e-10,5.82e-11,7.3099e-11
4.9751e-11,2.1425e-11,4.4321e-11
5.2273e-11,2.2395e-11,5.0154e-11
6.5904e-11,1.7619e-11,6.1101e-11
1.7291e-11,2.8627e-11,2.7038e-11
3.8095e-11,5.8079e-11,5.0675e-11
2.0959e-11,3.0902e-11,2.9841e-11
1.3533e-11,3.7013e-11,2.1854e-11
1.4625e-11,3.7901e-11,2.1743e-11
1.0748e-11,3.1748e-11,2.7073e-11
1.2153e-11,3.7397e-11,2.385e-11
1.123e-10,7.4576e-11,1.1385e-11
1.3138e-10,6.8289e-11,1.0102e-11
2.96e-11,4.8566e-11,2.5928e-11
4.4062e-11,8.3489e-11,1.4486e-11
2.8104e-11,2.7134e-11,2.5966e-11
3.0518e-11,4.4916e-11,3.9814e-11
1.6625e-11,3.8928e-11,2.5434e-11
4.9694e-11,7.0161e-11,5.6231e-11
8.1287e-11,6.065e-11,1.3179e-11
1.995e-11,2.8686e-11,2.3858e-11
4.7902e-11,6.4798e-11,1.5141e-11
1.1e-10,5.4291e-11,1.2589e-11
2.2444e-11,2.6882e-11,2.8986e-11
2.6653e-11,3.1812e-11,2.8335e-11
3.214e-11,1.4539e-11,2.4325e-11
3.4424e-11,4.0207e-11,3.7212e-11
4.9838e-11,5.4438e-11,5.4197e-11
9.2943e-11,6.5544e-11,3.2589e-11
2.4658e-11,3.5625e-11,1.9091e-11
2.5397e-11,3.8685e-11,1.8115e-11
4.8728e-11,5.7457e-11,2.9599e-11
3.5079e-11,2.9544e-11,3.9125e-11
2.8333e-11,3.3595e-11,3.0958e-11
5.6643e-11,4.9828e-11,3.5093e-11
3.8417e-11,2.9784e-11,4.0689e-11
2.9976e-11,1.7728e-11,2.9539e-11
2.8419e-11,2.1671e-11,3.1045e-11
4.0571e-11,2.7475e-11,4.1661e-11
3.0706e-11,2.0894e-11,3.4217e-11
5.186e-11,3.4621e-11,5.4136e-11
3.4327e-11,1.2765e-11,3.4593e-11
5.1881e-11,3.4648e-11,5.5817e-11
1.4395e-10,4.1829e-11,6.8061e-11
7.3822e-11,2.079e-11,3.9302e-11
5.2791e-11,3.3211e-11,3.3833e-11
5.9469e-11,3.1306e-11,4.863e-11
1.4882e-10,3.8567e-11,6.5919e-11
1.0379e-10,2.9213e-11,5.2089e-11
1.1908e-10,3.0348e-11,5.9211e-11
7.8666e-11,3.693e-11,6.415e-11
5.3563e-11,1.3587e-11,5.2058e-11
6.2919e-11,2.0616e-11,6.2921e-11
8.4029e-11,3.4753e-11,7.1138e-11
1.5866e-11,3.1063e-11,2.3085e-11
1.4484e-11,3.9892e-11,1.9893e-11
3.1451e-11,4.7833e-11,4.1436e-11
3.1657e-11,3.9757e-11,3.5906e-11
1.969e-11,3.2605e-11,1.8712e-11
2.2642e-11,3.4938e-11,3.0956e-11
3.2169e-11,4.3741e-11,3.6991e-11
1.7645e-11,2.6395e-11,2.3204e-11
1.5749e-11,1.4148e-11,2.8766e-11
1.0614e-10,6.7926e-11,1.6971e-11
3.0672e-11,4.6734e-11,4.0672e-11
4.1814e-11,8.7572e-11,1.7007e-11
1.5364e-11,2.3621e-11,2.6441e-11
4.9577e-11,7.3915e-11,2.1491e-11
4.1603e-11,5.1875e-11,4.7417e-11
3.871e-11,6.5221e-11,1.6936e-11
3.0787e-11,5.6541e-11,1.96e-11
2.1558e-11,2.4109e-11,2.1825e-11
3.5332e-11,1.8442e-11,2.414e-11
5.6574e-11,6.8119e-11,6.2216e-11
2.3097e-11,2.5468e-11,2.1941e-11
3.1009e-11,4.2265e-11,2.1213e-11
6.6039e-11,4.7523e-11,2.6995e-11
3.1705e-11,1.6448e-11,2.3169e-11
9.9984e-11,6.2907e-11,2.5521e-11
2.8188e-11,4.2045e-11,1.9213e-11
3.666e-11,3.4014e-11,3.9684e-11
4.9438e-11,5.3942e-11,3.2265e-11
4.7016e-11,2.7261e-11,2.2323e-11
3.2704e-11,2.5594e-11,3.777e-11
3.04e-11,1.1886e-11,3.2145e-11
5.0014e-11,2.7583e-11,3.6577e-11
5.0244e-11,2.0708e-11,5.0616e-11
7.2968e-11,2.2196e-11,4.6765e-11
5.1074e-11,1.7204e-11,5.4786e-11
6.1664e-11,1.6261e-11,6.1573e-11
1.9814e-11,3.0109e-11,2.9818e-11
2.1691e-11,3.5397e-11,2.158e-11
2.2148e-11,3.1518e-11,2.9961e-11
2.886e-11,2.6353e-11,1.8915e-11
1.2711e-11,3.4101e-11,1.826e-11
2.677e-11,4.3268e-11,3.562e-11
3.281e-11,6.4069e-11,1.7584e-11
9.9354e-11,6.3633e-11,1.7671e-11
1.8905e-11,3.1841e-11,2.2128e-11
6.1179e-11,8.4262e-11,7.2191e-11
1.085e-10,5.7691e-11,1.2062e-11
2.8463e-11,3.5336e-11,2.5439e-11
5.691e-11,7.3994e-11,6.9447e-11
5.3333e-11,6.6266e-11,6.1724e-11
2.3059e-11,2.5432e-11,2.9253e-11
3.9875e-11,4.4491e-11,4.0116e-11
1.9905e-11,1.3521e-11,1.967e-11
5.0105e-11,5.8148e-11,5.4741e-11
1.248e-10,6.4814e-11,2.6897e-11
2.5656e-11,4.2552e-11,2.0181e-11
2.8051e-11,3.6252e-11,1.9106e-11
4.4818e-11,4.6803e-11,4.3472e-11
2.8627e-11,3.6305e-11,2.0389e-11
6.7265e-11,5.0001e-11,2.6873e-11
8.3758e-11,6.2903e-11,3.1301e-11
3.4164e-11,3.0423e-11,3.5891e-11
2.0976e-11,2.6353e-11,2.3073e-11
2.4232e-11,3.8998e-11,2.0767e-11
2.8981e-11,2.2643e-11,3.3088e-11
2.2582e-11,2.2007e-11,2.4909e-11
2.2697e-11,2.0065e-11,2.532e-11
5.2307e-11,4.2354e-11,5.597e-11
5.1521e-11,4.2605e-11,5.9234e-11
8.9835e-11,3.8401e-11,4.1306e-11
2.7496e-11,1.9706e-11,2.8837e-11
3.2377e-11,2.0219e-11,3.735e-11
4.0382e-11,1.5797e-11,3.6954e-11
4.3784e-11,2.056e-11,3.7553e-11
1.4231e-10,4.2796e-11,6.3478e-11
6.674e-11,3.9669e-11,6.242e-11
6.7554e-11,3.9987e-11,6.6661e-11
1.4056e-10,3.5822e-11,6.7791e-11
5.1328e-11,2.2079e-11,4.9365e-11
9.6064e-11,2.4452e-11,6.1674e-11
8.0118e-11,3.6499e-11,6.6914e-11
5.7425e-11,2.1309e-11,5.9485e-11
7.2295e-11,1.5748e-11,7.433e-11
2.0212e-11,2.9439e-11,2.5701e-11
1.9576e-11,2.4984e-11,2.4397e-11
1.2532e-11,3.3792e-11,1.968e-11
1.2043e-11,3.2168e-11,1.9707e-11
2.8928e-11,4.6232e-11,3.7455e-11
1.7336e-11,3.3427e-11,2.0476e-11
1.7223e-11,2.5096e-11,3.0714e-11
3.5383e-11,6.0646e-11,2.3509e-11
3.0988e-11,5.3973e-11,1.9548e-11
1.6333e-11,3.5459e-11,2.1721e-11
4.2714e-11,5.8565e-11,4.5981e-11
9.9855e-11,5.4797e-11,1.2165e-11
1.5915e-11,3.7367e-11,1.9734e-11
3.9458e-11,5.2203e-11,4.601e-11
2.1791e-11,1.2888e-11,2.0908e-11
6.0024e-11,7.0276e-11,6.3038e-11
1.7688e-11,1.403e-11,1.7242e-11
2.7315e-11,4.794e-11,1.8771e-11
2.6261e-11,3.3425e-11,2.7265e-11
2.6509e-11,4.532e-11,1.9357e-11
1.0248e-10,6.0991e-11,3.2949e-11
2.7233e-11,3.3718e-11,1.9577e-11
2.8942e-11,4.0421e-11,1.8163e-11
3.4505e-11,4.3719e-11,1.7062e-11
5.2364e-11,5.196e-11,5.5985e-11
2.4367e-11,2.078e-11,2.4681e-11
4.9215e-11,5.6832e-11,3.1811e-11
5.4968e-11,5.7993e-11,3.6946e-11
7.7334e-11,6.0778e-11,2.9009e-11
2.4299e-11,2.06e-11,3.1614e-11
2.548e-11,2.7457e-11,2.7873e-11
2.0991e-11,1.6561e-11,2.3912e-11
8.1762e-11,3.7117e-11,3.9255e-11
1.2403e-10,5.0491e-11,5.2894e-11
3.1176e-11,1.4135e-11,3.5776e-11
7.1029e-11,2.0212e-11,4.081e-11
3.6688e-11,1.5823e-11,3.0308e-11
1.0839e-10,2.6926e-11,5.9976e-11
5.3668e-11,2.7075e-11,5.4243e-11
9.7068e-11,2.3276e-11,6.7149e-11
7.7517e-11,2.4734e-11,7.5436e-11
7.84e-11,1.191e-11,8.0398e-11
3.2919e-11,3.8068e-11,2.3157e-11
2.398e-11,3.3033e-11,3.0463e-11
2.4087e-11,5.9861e-11,2.2099e-11
1.1594e-10,7.2985e-11,1.545e-11
3.4585e-11,2.4544e-11,2.4246e-11
1.7222e-11,3.5797e-11,2.0835e-11
2.4584e-11,1.8874e-11,1.7906e-11
2.878e-11,5.2066e-11,2.0115e-11
2.6402e-11,3.1148e-11,2.108e-11
3.2815e-11,3.2214e-11,3.5497e-11
3.4112e-11,2.087e-11,2.5869e-11
2.0191e-11,2.323e-11,2.0856e-11
2.249e-11,1.798e-11,2.5697e-11
5.0452e-11,4.1718e-11,5.2933e-11
6.1413e-11,4.5435e-11,3.9695e-11
2.3014e-11,2.5368e-11,2.625e-11
6.5293e-11,4.3009e-11,3.908e-11
7.6122e-11,4.1e-11,4.3687e-11
3.7043e-11,1.5448e-11,3.6775e-11
4.8849e-11,1.4939e-11,5.27e-11
7.1862e-11,3.2884e-11,6.1593e-11
7.0441e-11,1.4118e-11,6.9183e-11
1.6319e-11,3.0768e-11,2.0865e-11
1.999e-11,2.3147e-11,2.3413e-11
1.9698e-11,3.037e-11,2.3887e-11
3.7165e-11,5.4756e-11,4.3884e-11
1.6374e-11,2.7263e-11,2.3405e-11
2.35e-11,2.1436e-11,2.2248e-11
2.1323e-11,2.4279e-11,4.2011e-11
3.3879e-11,2.9123e-11,2.1334e-11
5.8785e-11,8.6943e-11,6.5211e-11
1.2433e-11,1.5348e-11,2.1875e-11
1.6609e-11,2.1004e-11,1.7975e-11
1.2742e-10,6.5309e-11,1.7167e-11
3.749e-11,6.6594e-11,2.2079e-11
2.3816e-11,6.1084e-11,2.4439e-11
5.7533e-11,8.1516e-11,6.404e-11
3.6429e-11,5.4457e-11,2.5912e-11
2.1593e-11,2.719e-11,2.0204e-11
3.8235e-11,8.1983e-11,2.1859e-11
2.7001e-11,3.638e-11,2.8194e-11
1.9293e-11,1.9757e-11,2.8702e-11
2.2241e-11,3.0258e-11,2.1908e-11
3.8795e-11,4.3518e-11,3.7931e-11
2.4115e-11,5.1824e-11,2.0566e-11
4.8607e-11,5.1001e-11,1.8329e-11
8.0144e-11,4.6715e-11,1.4438e-11
2.1009e-11,2.4468e-11,2.1246e-11
2.8046e-11,4.4628e-11,2.0571e-11
2.5157e-11,4.0872e-11,1.683e-11
8.5204e-11,5.8942e-11,2.8598e-11
3.0969e-11,2.6914e-11,3.1656e-11
4.9879e-11,4.5556e-11,5.8048e-11
7.7057e-11,3.5934e-11,4.404e-11
9.083e-11,3.1724e-11,4.1007e-11
4.8201e-11,3.511e-11,5.3086e-11
3.0677e-11,1.6291e-11,2.7562e-11
3.9326e-11,1.4256e-11,4.3076e-11
7.3495e-11,4.041e-11,6.7302e-11
5.4877e-11,2.5246e-11,5.1209e-11
8.4395e-11,2.2167e-11,7.1711e-11
8.361e-11,2.2614e-11,8.0558e-11
3.6154e-11,5.3978e-11,4.3918e-11
3.1246e-11,3.2902e-11,2.4431e-11
1.8774e-11,2.0434e-11,1.9691e-11
2.2446e-11,2.711e-11,1.8616e-11
1.2592e-11,1.5121e-11,2.2422e-11
2.1065e-11,4.0936e-11,2.248e-11
3.1085e-11,2.6393e-11,2.0419e-11
5.5456e-11,7.6529e-11,5.936e-11
1.2094e-11,2.6661e-11,1.6448e-11
3.7977e-11,7.401e-11,2.0291e-11
1.388e-11,2.307e-11,1.4061e-11
2.2751e-11,6.2866e-11,2.5459e-11
2.3623e-11,4.8691e-11,1.916e-11
2.9139e-11,5.2425e-11,2.0119e-11
2.4235e-11,2.7556e-11,2.3541e-11
2.619e-11,3.586e-11,1.9383e-11
9.227e-11,6.0291e-11,1.7915e-11
3.0351e-11,2.4904e-11,3.3823e-11
2.926e-11,3.2301e-11,2.008e-11
2.2471e-11,1.8707e-11,2.5746e-11
7.2584e-11,5.4872e-11,3.8195e-11
7.6207e-11,4.855e-11,4.781e-11
2.4222e-11,1.8689e-11,2.4975e-11
2.55e-11,1.6458e-11,2.8857e-11
2.7439e-11,1.7943e-11,3.1541e-11
2.5125e-11,2.0193e-11,2.75e-11
6.1049e-11,2.179e-11,3.3603e-11
5.2812e-11,2.9447e-11,5.7203e-11
4.7474e-11,2.5298e-11,4.3552e-11
3.0554e-11,1.3103e-11,3.0356e-11
3.2567e-11,1.5628e-11,3.1047e-11
3.5498e-11,1.6795e-11,3.8022e-11
4.2047e-11,1.6572e-11,4.2573e-11
5.9456e-11,1.3241e-11,5.0175e-11
7.0446e-11,3.3641e-11,6.1847e-11
6.8751e-11,2.0031e-11,6.5376e-11
7.2325e-11,1.5404e-11,7.608e-11
7.4752e-11,1.3979e-11,7.2999e-11
1.4619e-11,2.573e-11,1.9754e-11
2.7137e-11,3.0256e-11,2.1183e-11
1.9336e-11,2.4388e-11,1.7703e-11
1.5228e-11,2.5589e-11,2.2001e-11
1.8737e-11,3.0843e-11,2.3276e-11
2.6915e-11,3.8243e-11,2.8548e-11
1.033e-11,1.0882e-11,1.6475e-11
2.6795e-11,3.9832e-11,2.8744e-11
2.0997e-11,3.3084e-11,2.5789e-11
1.2675e-10,6.4223e-11,1.72e-11
1.2098e-11,2.4225e-11,1.4815e-11
2.1609e-11,2.0838e-11,1.3981e-11
6.394e-11,6.4682e-11,2.9064e-11
4.9328e-11,6.5573e-11,5.2228e-11
2.2351e-11,6.1322e-11,1.9707e-11
1.3976e-11,2.2279e-11,1.5192e-11
2.9626e-11,4.13e-11,2.1813e-11
7.1195e-11,4.5325e-11,1.4176e-11
3.0926e-11,2.0756e-11,1.8382e-11
9.3064e-11,5.615e-11,2.1205e-11
2.8512e-11,2.9673e-11,2.8787e-11
3.1329e-11,2.2611e-11,2.126e-11
5.0286e-11,5.061e-11,5.1099e-11
2.653e-11,3.8759e-11,2.0579e-11
6.9886e-11,5.4521e-11,1.9602e-11
5.3535e-11,5.3968e-11,5.7717e-11
2.1367e-11,1.8777e-11,2.7214e-11
3.1778e-11,2.0394e-11,2.4297e-11
3.5884e-11,3.5257e-11,4.1577e-11
3.3584e-11,2.2878e-11,2.3046e-11
3.2659e-11,2.9007e-11,1.7063e-11
8.1335e-11,6.3726e-11,4.2395e-11
7.0127e-11,3.1898e-11,4.0688e-11
2.8771e-11,1.893e-11,3.2815e-11
3.9623e-11,2.9985e-11,4.2022e-11
2.7122e-11,1.1605e-11,2.3637e-11
2.6864e-11,1.5028e-11,2.8596e-11
5.0059e-11,3.5676e-11,5.5532e-11
5.7841e-11,3.2541e-11,6.274e-11
3.778e-11,2.1858e-11,3.7102e-11
3.6519e-11,1.2705e-11,3.5145e-11
4.8818e-11,1.0908e-11,4.8033e-11
6.1832e-11,2.3098e-11,5.7901e-11
3.501e-11,4.9099e-11,3.918e-11
2.2667e-11,3.2837e-11,3.0086e-11
2.551e-11,3.6849e-11,2.8931e-11
2.1555e-11,2.7532e-11,2.3372e-11
1.8034e-11,3.0444e-11,2.7019e-11
2.6371e-11,3.4346e-11,2.4197e-11
5.0857e-11,7.4552e-11,5.8646e-11
2.7388e-11,4.1406e-11,3.5177e-11
1.6644e-11,3.0383e-11,1.876e-11
1.5339e-11,2.5009e-11,1.8172e-11
1.1036e-10,6.6826e-11,1.2647e-11
1.1497e-10,5.0761e-11,1.8806e-11
2.7068e-11,3.9484e-11,3.7335e-11
2.061e-11,3.4796e-11,2.8867e-11
8.7775e-11,5.6709e-11,1.7337e-11
1.6851e-11,1.1737e-11,1.9602e-11
3.2841e-11,4.2715e-11,3.0382e-11
2.0584e-11,5.6098e-11,2.2042e-11
2.2612e-11,3.0757e-11,2.2256e-11
2.2067e-11,2.4769e-11,2.3181e-11
5.7635e-11,7.1763e-11,6.6141e-11
2.4355e-11,2.8693e-11,1.902e-11
2.103e-11,2.4155e-11,2.2927e-11
3.5245e-11,3.0781e-11,2.0357e-11
2.3593e-11,2.7002e-11,1.9745e-11
2.0557e-11,2.2372e-11,2.0592e-11
4.1567e-11,4.2886e-11,1.9128e-11
2.9248e-11,2.3267e-11,3.3297e-11
3.2835e-11,4.2515e-11,2.5301e-11
2.2714e-11,1.9512e-11,2.764e-11
5.0114e-11,5.4622e-11,3.802e-11
5.2539e-11,5.0429e-11,5.5433e-11
2.7604e-11,2.3015e-11,2.2402e-11
2.8304e-11,2.2317e-11,2.9619e-11
5.4961e-11,5.2409e-11,6.0883e-11
2.2194e-11,1.8997e-11,2.3522e-11
9.7502e-11,5.0917e-11,5.6623e-11
3.4364e-11,2.5282e-11,4.1014e-11
3.134e-11,2.5356e-11,3.1628e-11
4.0758e-11,1.496e-11,3.036e-11
1.0926e-10,3.4752e-11,5.2906e-11
3.0069e-11,1.4095e-11,3.3399e-11
5.876e-11,1.6765e-11,3.9982e-11
3.8919e-11,1.7399e-11,4.382e-11
1.362e-10,3.73e-11,6.7748e-11
6.0151e-11,3.2522e-11,6.2757e-11
7.5377e-11,1.8611e-11,6.6501e-11
8.0103e-11,2.0585e-11,6.7853e-11
8.1044e-11,1.1968e-11,7.9802e-11
1.6554e-11,2.4847e-11,2.2263e-11
5.9163e-11,8.281e-11,6.4219e-11
1.7169e-11,2.5151e-11,1.672e-11
4.6309e-11,5.9587e-11,4.8336e-11
4.0705e-11,7.3149e-11,2.3576e-11
2.148e-11,1.7407e-11,2.0966e-11
2.1514e-11,4.9022e-11,1.739e-11
2.7205e-11,5.928e-11,1.6553e-11
2.0389e-11,4.1832e-11,1.8507e-11
2.6217e-11,3.2074e-11,1.8784e-11
3.3158e-11,2.3802e-11,2.0579e-11
3.6649e-11,3.981e-11,3.775e-11
4.7237e-11,5.1415e-11,2.0205e-11
7.7914e-11,5.0918e-11,1.9619e-11
2.5387e-11,2.0204e-11,2.561e-11
3.2964e-11,2.8024e-11,1.8856e-11
2.4589e-11,3.2127e-11,1.7897e-11
2.2554e-11,2.0332e-11,2.2831e-11
3.1317e-11,2.1758e-11,2.3161e-11
7.5873e-11,3.1925e-11,3.4842e-11
8.0341e-11,3.1448e-11,3.4995e-11
2.7476e-11,1.3224e-11,2.7758e-11
4.7016e-11,3.2695e-11,5.2305e-11
3.2774e-11,2.0218e-11,3.8076e-11
5.1512e-11,2.0733e-11,4.3746e-11
4.8792e-11,2.5873e-11,4.7534e-11
5.7372e-11,2.7023e-11,5.5669e-11
4.1046e-11,1.383e-11,4.3123e-11
9.3771e-11,2.3598e-11,5.9692e-11
4.0669e-11,2.6989e-11,4.0512e-11
4.7234e-11,8.7434e-12,4.6296e-11
7.4167e-11,2.6489e-11,7.672e-11
1.9339e-11,3.7711e-11,2.8169e-11
2.2538e-11,2.2071e-11,1.7553e-11
4.7556e-11,6.619e-11,5.3665e-11
2.0227e-11,2.4492e-11,1.7368e-11
1.8878e-11,2.5054e-11,3.2676e-11
3.4206e-11,4.4046e-11,3.1173e-11
9.9201e-11,6.0668e-11,2.9142e-11
3.6223e-11,4.3012e-11,2.9493e-11
8.9154e-11,5.5208e-11,1.3461e-11
4.5868e-11,6.1284e-11,5.0831e-11
2.7933e-11,5.8414e-11,2.2863e-11
2.3798e-11,6.2784e-11,1.7678e-11
2.4884e-11,6.9042e-11,1.8067e-11
2.3803e-11,3.5618e-11,2.8667e-11
2.0926e-11,5.1941e-11,1.6579e-11
3.7526e-11,5.2102e-11,2.3603e-11
2.4803e-11,2.6262e-11,2.1925e-11
2.8629e-11,3.8186e-11,2.2443e-11
2.479e-11,2.9653e-11,1.8101e-11
2.2917e-11,4.2743e-11,1.6925e-11
2.1245e-11,2.7714e-11,2.1416e-11
2.0281e-11,4.3456e-11,1.7984e-11
5.3105e-11,6.2501e-11,5.5226e-11
3.1245e-11,4.2162e-11,2.1596e-11
2.7296e-11,2.2445e-11,2.7173e-11
1.9648e-11,3.3798e-11,1.9373e-11
2.075e-11,1.5481e-11,2.4267e-11
2.4806e-11,1.8331e-11,2.8243e-11
7.4831e-11,3.9657e-11,4.4758e-11
9.7751e-11,6.7165e-11,4.0587e-11
2.4034e-11,1.6655e-11,2.5747e-11
5.6846e-11,2.1588e-11,2.7651e-11
2.6602e-11,1.2745e-11,2.9674e-11
3.2947e-11,1.0935e-11,2.6367e-11
4.2749e-11,2.7163e-11,4.939e-11
2.8029e-11,1.1759e-11,3.3949e-11
3.6876e-11,2.5741e-11,3.9776e-11
3.6866e-11,1.0563e-11,3.733e-11
4.0022e-11,9.916e-12,4.0684e-11
5.087e-11,1.983e-11,4.8576e-11
5.6498e-11,6.8045e-12,5.6222e-11
7.7376e-11,2.2298e-11,7.7729e-11
1.6473e-11,2.2414e-11,2.221e-11
3.2245e-11,4.2405e-11,3.5375e-11
1.6503e-11,2.7507e-11,1.8365e-11
1.8291e-11,2.2805e-11,1.8492e-11
2.1413e-11,1.8827e-11,2.0421e-11
2.6681e-11,4.7364e-11,3.8099e-11
2.6609e-11,6.3394e-11,1.8574e-11
3.1269e-11,6.6844e-11,2.816e-11
2.0361e-11,2.5115e-11,1.7394e-11
3.4333e-11,4.3854e-11,3.1768e-11
2.2378e-11,4.4321e-11,1.5944e-11
2.5271e-11,2.9688e-11,1.8981e-11
2.0022e-11,4.622e-11,1.5805e-11
3.0524e-11,3.368e-11,2.1779e-11
3.2652e-11,4.2084e-11,2.2068e-11
2.9359e-11,2.2127e-11,1.879e-11
2.3502e-11,2.1348e-11,2.2794e-11
2.0438e-11,3.1689e-11,1.5006e-11
5.0053e-11,4.9493e-11,5.1593e-11
2.2462e-11,2.3236e-11,2.0601e-11
5.449e-11,5.1674e-11,6.1139e-11
2.6004e-11,1.289e-11,2.3967e-11
2.6015e-11,1.1949e-11,2.4161e-11
2.8556e-11,1.4556e-11,2.4055e-11
3.8637e-11,1.4692e-11,2.4757e-11
1.2244e-10,5.2056e-11,5.8138e-11
2.7864e-11,1.317e-11,2.7641e-11
3.5476e-11,1.7104e-11,2.6613e-11
3.8968e-11,2.3966e-11,4.2323e-11
4.5664e-11,3.045e-11,4.9494e-11
7.6847e-11,2.252e-11,4.075e-11
3.0672e-11,1.3763e-11,3.5382e-11
1.1535e-10,3.6254e-11,5.8306e-11
4.7638e-11,3.0537e-11,5.5727e-11
3.9945e-11,1.219e-11,3.3684e-11
2.8902e-11,6.3344e-12,2.9693e-11
4.9235e-11,2.3882e-11,4.9834e-11
5.5204e-11,2.9248e-11,6.0929e-11
4.3009e-11,1.6083e-11,3.972e-11
5.9564e-11,2.2275e-11,6.0463e-11
6.5734e-11,2.1528e-11,6.5768e-11
2.8322e-11,3.5126e-11,2.8989e-11
2.1015e-11,3.5753e-11,2.4754e-11
1.4425e-11,2.6336e-11,2.2543e-11
3.8477e-11,5.6102e-11,4.5119e-11
1.6697e-11,2.8561e-11,3.3088e-11
3.7837e-11,4.7256e-11,3.5588e-11
1.8139e-11,2.4434e-11,2.1276e-11
2.6542e-11,3.297e-11,2.5763e-11
5.0173e-11,7.4116e-11,2.1345e-11
1.5642e-11,2.1308e-11,2.2936e-11
1.6957e-11,1.8901e-11,2.2142e-11
2.0997e-11,2.333e-11,2.1009e-11
2.5096e-11,6.2916e-11,1.9423e-11
2.0121e-11,1.9629e-11,2.2791e-11
5.2942e-11,6.8855e-11,6.0853e-11
4.2307e-11,4.9287e-11,4.2994e-11
2.3757e-11,2.8266e-11,2.2423e-11
3.0656e-11,2.9011e-11,2.0589e-11
3.1371e-11,3.9195e-11,2.2042e-11
1.9165e-11,4.055e-11,1.8233e-11
3.0687e-11,2.3406e-11,2.0539e-11
2.0528e-11,3.4087e-11,2.8454e-11
5.1106e-11,4.4028e-11,2.0729e-11
2.7229e-11,3.9406e-11,2.419e-11
2.6936e-11,3.8437e-11,2.3542e-11
3.2155e-11,2.7923e-11,1.7787e-11
3.1639e-11,3.9078e-11,2.8706e-11
6.0954e-11,5.1214e-11,2.5179e-11
2.5995e-11,1.8499e-11,2.5754e-11
3.3315e-11,1.8956e-11,2.7552e-11
5.4155e-11,4.2474e-11,5.6138e-11
3.7069e-11,1.3436e-11,2.4229e-11
4.7703e-11,3.5566e-11,5.3334e-11
3.1498e-11,2.122e-11,3.6643e-11
3.6581e-11,2.1478e-11,3.6619e-11
7.7294e-11,2.1108e-11,4.3418e-11
6.3945e-11,2.5132e-11,6.3654e-11
7.216e-11,1.4412e-11,6.5685e-11
5.2918e-11,6.9643e-12,5.4602e-11
9.1391e-11,1.3665e-11,8.1666e-11
3.3745e-11,4.2156e-11,3.6172e-11
2.0942e-11,2.6001e-11,2.4151e-11
3.8532e-11,4.7415e-11,3.7617e-11
1.9833e-11,3.0125e-11,2.139e-11
4.46e-11,6.1593e-11,4.7458e-11
1.5359e-11,1.719e-11,2.1573e-11
2.1691e-11,5.7665e-11,1.6504e-11
1.9528e-11,5.1589e-11,1.6115e-11
2.3143e-11,3.0448e-11,2.5758e-11
1.8639e-11,2.0591e-11,1.6365e-11
1.638e-11,2.9204e-11,3.1957e-11
1.9077e-11,4.7324e-11,1.6985e-11
1.9549e-11,5.4832e-11,1.9018e-11
2.3311e-11,4.6715e-11,1.609e-11
1.9146e-11,2.0226e-11,2.1184e-11
3.4021e-11,3.6717e-11,2.9516e-11
2.8802e-11,3.9043e-11,2.1561e-11
2.5747e-11,3.9442e-11,2.1007e-11
2.465e-11,2.3477e-11,2.2085e-11
5.3806e-11,4.5636e-11,2.404e-11
3.3179e-11,3.3232e-11,3.1777e-11
2.7804e-11,2.3171e-11,1.6663e-11
2.1868e-11,3.5905e-11,1.9164e-11
5.1108e-11,3.8562e-11,3.46e-11
2.3888e-11,2.3421e-11,2.1405e-11
8.5776e-11,6.7502e-11,2.9334e-11
5.295e-11,4.7059e-11,5.8483e-11
2.4016e-11,1.6003e-11,2.2475e-11
4.8733e-11,4.1649e-11,5.5459e-11
2.4605e-11,1.591e-11,2.8039e-11
4.1717e-11,2.0126e-11,2.4216e-11
2.6658e-11,1.6165e-11,1.8289e-11
2.145e-11,1.53e-11,2.3618e-11
1.2821e-10,4.8609e-11,6.123e-11
2.5017e-11,1.5398e-11,2.4534e-11
5.4011e-11,2.0219e-11,2.929e-11
4.9791e-11,3.4986e-11,5.3624e-11
5.0602e-11,2.4948e-11,5.1269e-11
1.0738e-10,2.9345e-11,6.169e-11
4.4416e-11,1.1256e-11,4.1842e-11
5.2636e-11,1.5899e-11,5.4427e-11
6.7902e-11,2.3162e-11,7.0207e-11
6.7411e-11,1.9626e-11,6.8543e-11
7.3443e-11,2.3551e-11,7.5467e-11
1.8165e-11,2.4237e-11,2.099e-11
2.2393e-11,3.5602e-11,2.3976e-11
1.7781e-11,3.9815e-11,2.9158e-11
1.603e-11,2.3169e-11,2.8021e-11
3.5722e-11,6.1479e-11,3.1255e-11
4.749e-11,6.3567e-11,4.7956e-11
2.7408e-11,5.6987e-11,2.9574e-11
1.8841e-11,2.9192e-11,1.7268e-11
2.0894e-11,4.3728e-11,2.6458e-11
2.3775e-11,6.5362e-11,1.6283e-11
2.1198e-11,5.3628e-11,1.7173e-11
2.1634e-11,6.2151e-11,1.9305e-11
3.6321e-11,5.5444e-11,1.811e-11
3.4698e-11,5.0766e-11,2.3771e-11
2.7774e-11,3.3377e-11,2.1525e-11
3.0075e-11,3.674e-11,2.9295e-11
2.8488e-11,3.1636e-11,1.8458e-11
2.464e-11,2.7836e-11,2.4252e-11
2.8961e-11,2.7592e-11,1.7883e-11
2.7879e-11,3.1215e-11,1.9076e-11
2.2927e-11,3.6069e-11,2.2507e-11
2.1311e-11,3.2142e-11,1.8926e-11
4.1231e-11,4.1114e-11,4.1157e-11
5.7066e-11,4.5943e-11,2.4689e-11
1.9006e-11,1.5989e-11,1.9477e-11
3.7923e-11,2.761e-11,2.5292e-11
3.8254e-11,2.7938e-11,3.7778e-11
2.8241e-11,1.7483e-11,1.9915e-11
2.4626e-11,1.5922e-11,2.8609e-11
6.513e-11,2.6533e-11,3.2563e-11
1.2028e-10,4.4588e-11,5.9813e-11
1.2539e-10,4.4169e-11,6.2551e-11
2.7591e-11,1.1729e-11,2.4401e-11
1.133e-10,3.0967e-11,6.2038e-11
4.3469e-11,1.8806e-11,4.2786e-11
4.3189e-11,1.59e-11,4.6623e-11
6.3349e-11,1.7186e-11,6.3674e-11
8.4646e-11,1.4022e-11,8.0991e-11
1.8903e-11,2.6712e-11,1.9227e-11
4.0536e-11,4.9372e-11,3.9534e-11
1.8171e-11,2.7111e-11,1.9028e-11
1.9921e-11,2.7978e-11,2.5466e-11
2.4025e-11,2.6248e-11,2.5928e-11
1.5704e-11,2.7906e-11,1.9437e-11
1.331e-11,2.0097e-11,2.2707e-11
3.6917e-11,4.9314e-11,3.8257e-11
6.3268e-11,7.9179e-11,6.2609e-11
2.1366e-11,4.5499e-11,2.9399e-11
5.0054e-11,7.794e-11,2.1004e-11
1.6927e-11,2.3294e-11,1.283e-11
1.7006e-11,3.2775e-11,2.6119e-11
2.229e-11,2.9482e-11,2.2508e-11
1.5984e-11,1.6937e-11,2.0408e-11
2.0496e-11,2.8457e-11,2.6122e-11
2.1212e-11,3.3712e-11,1.8676e-11
4.1388e-11,4.3191e-11,2.4755e-11
2.0567e-11,3.0046e-11,2.0673e-11
3.7111e-11,3.2988e-11,3.1123e-11
2.8312e-11,2.9478e-11,2.2776e-11
3.9941e-11,3.1236e-11,2.8132e-11
3.9996e-11,2.7249e-11,2.4386e-11
4.5779e-11,3.8739e-11,4.8938e-11
2.0383e-11,1.2914e-11,2.3441e-11
3.3236e-11,2.6203e-11,3.3998e-11
2.2776e-11,1.448e-11,2.1965e-11
3.5114e-11,2.2321e-11,3.9246e-11
7.2363e-11,2.6287e-11,3.388e-11
9.691e-11,3.5832e-11,4.8335e-11
2.8469e-11,2.0334e-11,3.3266e-11
9.2316e-11,2.5029e-11,4.6063e-11
4.43e-11,1.0647e-11,4.896e-11
5.3969e-11,2.1518e-11,5.9222e-11
7.1085e-11,1.3687e-11,6.7774e-11
3.7981e-11,4.7004e-11,3.8399e-11
2.3016e-11,3.5551e-11,2.8637e-11
1.8391e-11,2.6627e-11,2.6719e-11
2.5245e-11,3.8846e-11,3.3145e-11
5.1557e-11,6.942e-11,5.273e-11
1.1308e-11,1.427e-11,2.2093e-11
3.6838e-11,4.6484e-11,3.5288e-11
2.3802e-11,3.2003e-11,2.4665e-11
1.9775e-11,2.2092e-11,1.674e-11
2.1674e-11,2.7072e-11,2.1722e-11
4.3044e-11,5.5854e-11,4.7975e-11
1.5566e-11,3.2322e-11,2.6273e-11
2.4702e-11,5.8657e-11,2.0228e-11
4.5539e-11,5.7336e-11,4.9787e-11
1.527e-11,3.0618e-11,2.666e-11
1.5804e-11,2.8074e-11,3.4774e-11
1.5817e-11,2.085e-11,1.4418e-11
2.5587e-11,2.8928e-11,2.4256e-11
2.8541e-11,3.5451e-11,1.7392e-11
2.1462e-11,1.5557e-11,2.1561e-11
2.0736e-11,3.1505e-11,1.9432e-11
1.9835e-11,3.0193e-11,1.8838e-11
1.9634e-11,2.9646e-11,1.9376e-11
2.8132e-11,2.4203e-11,3.0681e-11
4.8446e-11,2.5395e-11,2.9681e-11
8.9177e-11,6.15e-11,3.3841e-11
4.7352e-11,2.6894e-11,2.7604e-11
3.1832e-11,1.3639e-11,1.9076e-11
2.2189e-11,1.4031e-11,1.8748e-11
2.0742e-11,1.6943e-11,2.3084e-11
5.2919e-11,3.8806e-11,5.4244e-11
3.5739e-11,2.3507e-11,3.8967e-11
9.2195e-11,3.3185e-11,4.7882e-11
2.5038e-11,1.4599e-11,2.9113e-11
7.0578e-11,2.5019e-11,4.2284e-11
9.2825e-11,2.5421e-11,5.2229e-11
2.885e-11,1.228e-11,3.5263e-11
3.4434e-11,1.7202e-11,3.9273e-11
8.5422e-11,2.2947e-11,5.2563e-11
9.2478e-11,2.3512e-11,5.8521e-11
5.796e-11,2.6278e-11,5.7842e-11
7.7009e-11,1.6639e-11,6.2628e-11
6.6278e-11,2.2122e-11,6.722e-11
6.9905e-11,2.4704e-11,7.6804e-11
6.833e-11,7.5838e-12,6.5417e-11
1.6954e-11,2.1693e-11,2.0621e-11
2.6623e-11,3.8735e-11,2.8779e-11
3.6728e-11,4.5411e-11,3.6024e-11
2.1638e-11,4.7616e-11,2.6925e-11
4.2563e-11,5.5793e-11,4.7209e-11
2.0316e-11,2.4619e-11,1.892e-11
5.4771e-11,6.6006e-11,5.7362e-11
2.0424e-11,2.2556e-11,1.9385e-11
3.7304e-11,4.5674e-11,3.732e-11
2.5256e-11,3.8548e-11,3.3495e-11
2.5075e-11,3.7863e-11,2.0363e-11
4.2814e-11,4.636e-11,4.1095e-11
2.1651e-11,3.2185e-11,1.9036e-11
2.2498e-11,3.441e-11,2.2268e-11
2.5262e-11,3.4922e-11,2.2099e-11
2.8906e-11,2.5962e-11,2.6949e-11
3.1623e-11,2.6771e-11,2.7622e-11
2.794e-11,2.7727e-11,3.16e-11
3.446e-11,3.1983e-11,3.7551e-11
2.3757e-11,1.7739e-11,2.2327e-11
2.7677e-11,1.9759e-11,2.8119e-11
2.4177e-11,1.4391e-11,1.7176e-11
2.2379e-11,1.629e-11,2.3303e-11
1.1015e-10,5.4258e-11,4.695e-11
6.5377e-11,2.584e-11,3.4504e-11
5.2696e-11,1.6458e-11,3.0999e-11
2.9444e-11,1.5581e-11,3.504e-11
1.1438e-10,3.7727e-11,6.0962e-11
3.5695e-11,2.025e-11,3.9909e-11
4.2378e-11,1.8685e-11,4.2931e-11
5.0812e-11,2.1436e-11,4.9154e-11
3.9159e-11,4.6749e-12,3.9482e-11
5.516e-11,2.6439e-11,5.821e-11
5.6102e-11,2.0762e-11,6.2687e-11
5.9887e-11,1.0424e-11,6.1014e-11
6.3225e-11,2.1196e-11,7.3816e-11
8.201e-11,9.0596e-12,7.0601e-11
1.9584e-11,2.7258e-11,2.7742e-11
2.8115e-11,2.5887e-11,2.2545e-11
2.0961e-11,2.2945e-11,1.6776e-11
1.8309e-11,2.8775e-11,1.5059e-11
1.4475e-11,2.8607e-11,1.3209e-11
1.7014e-10,4.3657e-11,1.5695e-11
1.4198e-11,1.8482e-11,1.3825e-11
6.5717e-11,8.2196e-11,6.6727e-11
1.543e-11,1.8711e-11,1.8686e-11
2.7196e-11,2.2312e-11,3.3247e-11
1.5645e-11,2.2897e-11,1.555e-11
1.9972e-11,2.3631e-11,2.0462e-11
2.5147e-11,3.6853e-11,3.499e-11
4.2396e-11,4.5008e-11,4.0024e-11
2.3768e-11,2.2393e-11,2.0978e-11
5.4521e-11,5.7953e-11,5.3441e-11
2.527e-11,3.4972e-11,2.3599e-11
1.9364e-11,2.9406e-11,1.8793e-11
2.2354e-11,2.7758e-11,1.8911e-11
4.1152e-11,3.4937e-11,3.08e-11
2.2181e-11,1.7224e-11,2.3128e-11
2.3945e-11,1.5933e-11,2.07e-11
7.7007e-11,6.2562e-11,2.9365e-11
3.1342e-11,1.7651e-11,2.2003e-11
8.186e-11,4.4494e-11,4.1434e-11
2.1034e-11,1.4663e-11,1.8411e-11
2.771e-11,2.0883e-11,3.1284e-11
2.9458e-11,1.9961e-11,2.4663e-11
9.9712e-11,5.3007e-11,4.1189e-11
2.8079e-11,1.5493e-11,2.2045e-11
3.1522e-11,2.2661e-11,3.1819e-11
2.4551e-11,1.5809e-11,2.7505e-11
6.7825e-11,2.7618e-11,3.7307e-11
2.1246e-11,1.3836e-11,2.244e-11
5.3787e-11,3.5646e-11,5.522e-11
5.5184e-11,1.8887e-11,3.2342e-11
4.3309e-11,1.8469e-11,3.4456e-11
3.2595e-11,1.4767e-11,3.3005e-11
3.8657e-11,2.0295e-11,4.2214e-11
5.0671e-11,2.4201e-11,5.8338e-11
8.3867e-11,2.2169e-11,6.0186e-11
6.4583e-11,1.3351e-11,5.6622e-11
7.023e-11,1.2908e-11,6.4797e-11
7.2041e-11,1.4767e-11,6.8156e-11
7.6514e-11,1.2058e-11,7.1895e-11
1.3223e-11,1.1944e-11,1.6813e-11
1.6009e-10,3.5213e-11,2.9153e-11
1.9789e-11,3.2756e-11,1.7011e-11
1.6167e-10,4.4655e-11,1.5403e-11
2.3868e-11,2.8739e-11,2.2638e-11
2.2045e-11,6.3151e-11,3.3932e-11
2.1378e-11,3.2739e-11,2.5961e-11
2.8877e-11,3.5516e-11,2.5142e-11
5.855e-11,7.0038e-11,5.6928e-11
2.0345e-11,2.1245e-11,2.0159e-11
1.885e-11,2.4356e-11,1.9604e-11
3.0735e-11,3.5062e-11,2.3996e-11
2.6732e-11,3.2113e-11,2.5767e-11
2.4105e-11,3.438e-11,1.9259e-11
2.0598e-11,3.6933e-11,1.7849e-11
2.3385e-11,3.4897e-11,1.9836e-11
4.7974e-11,5.3041e-11,4.62e-11
5.439e-11,6.0408e-11,5.3339e-11
2.6582e-11,3.1079e-11,1.9231e-11
2.3069e-11,3.4177e-11,2.6095e-11
2.1455e-11,1.7583e-11,2.1527e-11
2.152e-11,1.3122e-11,1.9221e-11
2.2145e-11,1.6727e-11,2.4522e-11
4.6139e-11,2.8852e-11,4.1818e-11
5.5104e-11,3.8364e-11,5.7724e-11
1.2682e-10,4.0968e-11,6.8419e-11
4.4494e-11,1.5629e-11,3.1323e-11
6.5446e-11,1.9365e-11,4.8514e-11
5.6769e-11,1.9597e-11,5.3764e-11
5.8283e-11,1.6039e-11,6.4152e-11
6.181e-11,1.8727e-11,7.3377e-11
4.0402e-11,4.8482e-11,3.6712e-11
1.6014e-11,2.1598e-11,1.6051e-11
3.1103e-11,4.5875e-11,2.8106e-11
2.0525e-11,2.6435e-11,2.4695e-11
2.1729e-11,3.7246e-11,1.8036e-11
2.0654e-11,2.6656e-11,2.5265e-11
1.483e-10,4.5437e-11,1.2894e-11
1.5179e-10,4.461e-11,1.7792e-11
2.1592e-11,2.6825e-11,2.9893e-11
2.7423e-11,2.1233e-11,3.1641e-11
1.7597e-11,3.9195e-11,2.8811e-11
2.262e-11,3.2061e-11,3.7512e-11
4.8828e-11,5.7078e-11,4.5298e-11
2.6084e-11,3.0516e-11,2.3075e-11
3.962e-11,4.4409e-11,1.8176e-11
2.2807e-11,3.0769e-11,3.1729e-11
2.2785e-11,3.408e-11,2.6425e-11
1.7801e-11,2.56e-11,1.8327e-11
2.3986e-11,3.4483e-11,2.5279e-11
4.6242e-11,4.7406e-11,4.5093e-11
2.6518e-11,2.3391e-11,2.5464e-11
2.207e-11,2.708e-11,2.0739e-11
5.2435e-11,5.1473e-11,5.4607e-11
1.8909e-11,1.1757e-11,1.8039e-11
5.0742e-11,4.6911e-11,5.3225e-11
2.2414e-11,1.0751e-11,1.8721e-11
2.033e-11,1.4687e-11,1.8652e-11
2.1323e-11,1.1635e-11,2.2627e-11
5.3294e-11,3.615e-11,5.1523e-11
5.7934e-11,2.151e-11,3.4397e-11
2.5368e-11,1.2488e-11,2.4077e-11
2.7206e-11,1.2888e-11,2.8592e-11
4.8041e-11,2.3803e-11,5.5816e-11
7.6677e-11,2.1019e-11,5.6858e-11
5.774e-11,1.3143e-11,5.7925e-11
5.7417e-11,1.8072e-11,6.7687e-11
4.4432e-11,4.2745e-11,3.408e-11
2.7178e-11,2.8807e-11,2.6106e-11
2.0343e-11,1.8192e-11,1.8339e-11
1.5745e-10,4.4437e-11,1.7597e-11
1.5177e-10,3.5216e-11,2.1428e-11
2.6444e-11,2.9195e-11,3.0581e-11
2.1441e-11,1.813e-11,2.0589e-11
6.7092e-11,8.8814e-11,6.5742e-11
1.674e-11,2.9391e-11,1.3963e-11
1.5828e-10,4.9625e-11,2.9151e-11
2.2384e-11,4.6219e-11,3.2523e-11
7.3182e-11,8.1508e-11,4.0942e-11
2.3036e-11,3.4156e-11,3.1107e-11
1.67e-11,4.3604e-11,2.6743e-11
5.2423e-11,7.2316e-11,2.9397e-11
1.8117e-11,1.3518e-11,1.6916e-11
2.469e-11,4.07e-11,2.726e-11
3.6896e-11,6.1419e-11,1.5428e-11
5.6616e-11,6.0669e-11,2.7145e-11
2.4942e-11,3.3162e-11,2.7996e-11
1.6391e-11,1.7414e-11,1.4013e-11
2.3062e-11,3.2534e-11,3.2661e-11
2.5576e-11,3.6193e-11,2.1776e-11
1.6474e-11,3.2871e-11,1.6611e-11
2.597e-11,2.2598e-11,2.4032e-11
5.7445e-11,5.817e-11,5.8605e-11
2.2281e-11,1.8863e-11,2.2e-11
1.9659e-11,2.5307e-11,1.8847e-11
2.2949e-11,1.4024e-11,2.0688e-11
5.3976e-11,5.2458e-11,5.7804e-11
2.2776e-11,1.7924e-11,1.7841e-11
3.2436e-11,1.676e-11,2.2711e-11
2.073e-11,1.0887e-11,2.2399e-11
2.3268e-11,1.7291e-11,1.9452e-11
4.8027e-11,3.4085e-11,4.6664e-11
2.4999e-11,2.1011e-11,2.3394e-11
1.0627e-10,4.1736e-11,4.7948e-11
2.8952e-11,1.8529e-11,3.5385e-11
4.0727e-11,2.7471e-11,5.0013e-11
3.8209e-11,2.1516e-11,4.931e-11
5.2816e-11,2.5656e-11,5.9388e-11
5.5211e-11,2.4225e-11,5.8275e-11
4.9936e-11,1.3966e-11,4.9244e-11
5.9375e-11,1.2682e-11,5.6741e-11
1.8398e-11,2.414e-11,2.3306e-11
3.5472e-11,4.1542e-11,3.2117e-11
2.1892e-11,2.4005e-11,2.0054e-11
1.4497e-10,3.3531e-11,1.694e-11
1.437e-10,2.9017e-11,1.5509e-11
1.4802e-10,3.0748e-11,3.1987e-11
1.864e-11,3.5951e-11,1.8413e-11
2.401e-11,1.516e-11,1.6101e-11
1.9219e-11,1.8613e-11,1.8388e-11
9.4475e-11,4.9312e-11,2.0573e-11
1.9398e-11,2.969e-11,3.0878e-11
3.9623e-11,4.4695e-11,3.3061e-11
5.1669e-11,5.296e-11,1.7842e-11
6.2089e-11,6.7647e-11,5.5168e-11
2.7236e-11,3.546e-11,2.9298e-11
4.272e-11,4.6916e-11,2.0618e-11
1.9133e-11,2.6023e-11,2.4363e-11
2.5843e-11,2.7039e-11,2.1941e-11
1.6283e-11,1.6081e-11,1.6937e-11
1.7012e-11,1.9469e-11,1.8167e-11
1.8018e-11,1.3605e-11,2.1318e-11
5.7429e-11,5.3401e-11,6.0137e-11
1.9889e-11,1.205e-11,1.8814e-11
5.1111e-11,4.2027e-11,5.3099e-11
2.446e-11,1.4634e-11,1.9166e-11
9.8468e-11,4.6107e-11,4.288e-11
7.7336e-11,3.145e-11,4.767e-11
2.431e-11,1.2078e-11,2.4638e-11
3.7586e-11,1.8814e-11,2.9716e-11
3.7511e-11,2.0982e-11,4.2528e-11
1.1622e-10,3.4164e-11,5.76e-11
5.952e-11,1.1845e-11,5.9608e-11
6.313e-11,1.0227e-11,6.5436e-11
3.4924e-11,3.4958e-11,3.0699e-11
2.7607e-11,2.7214e-11,2.5834e-11
1.4478e-10,3.4115e-11,1.751e-11
2.0274e-11,2.0883e-11,1.8401e-11
1.6552e-11,1.9516e-11,1.9572e-11
2.4412e-11,2.684e-11,2.3785e-11
1.4788e-10,4.2269e-11,1.9083e-11
6.5787e-11,8.3785e-11,6.2099e-11
2.0589e-11,3.6615e-11,1.8854e-11
1.404e-10,4.3119e-11,1.8398e-11
1.5647e-10,5.1344e-11,3.1598e-11
4.8449e-11,5.9793e-11,5.1299e-11
1.3204e-10,3.8269e-11,3.3539e-11
4.277e-11,5.3838e-11,4.4867e-11
1.9896e-11,2.6867e-11,1.5233e-11
2.217e-11,3.1234e-11,3.1714e-11
2.7351e-11,5.8714e-11,3.3016e-11
1.8632e-11,3.5549e-11,2.4344e-11
2.1122e-11,3.2364e-11,2.9065e-11
1.5313e-11,1.8033e-11,1.5981e-11
1.6987e-11,1.7264e-11,1.8557e-11
1.4453e-11,1.9421e-11,1.7502e-11
2.0282e-11,2.7184e-11,2.6136e-11
1.8359e-11,2.2112e-11,1.6432e-11
3.008e-11,3.4252e-11,2.8887e-11
2.0866e-11,3.407e-11,2.1459e-11
1.6976e-11,3.2466e-11,1.7218e-11
3.2329e-11,2.8275e-11,2.6269e-11
3.4731e-11,2.9466e-11,3.2169e-11
3.4558e-11,3.2006e-11,3.4195e-11
2.7403e-11,2.3097e-11,2.8337e-11
2.1869e-11,1.5259e-11,2.6664e-11
4.9405e-11,2.9709e-11,3.1489e-11
2.1839e-11,1.9731e-11,2.2843e-11
1.9195e-11,1.1751e-11,2.016e-11
5.4503e-11,4.4371e-11,5.749e-11
1.9346e-11,1.0089e-11,2.0576e-11
5.7192e-11,4.4091e-11,5.7235e-11
3.1874e-11,1.6399e-11,2.2492e-11
6.0356e-11,2.3033e-11,3.337e-11
7.8783e-11,2.7712e-11,3.9691e-11
4.7827e-11,3.8786e-11,5.3066e-11
2.3507e-11,8.9607e-12,2.4395e-11
5.6495e-11,3.7276e-11,5.3717e-11
2.5626e-11,7.2031e-12,2.2034e-11
8.5721e-11,2.8566e-11,5.3722e-11
2.5143e-11,1.4979e-11,3.3754e-11
4.3121e-11,1.2314e-11,4.4706e-11
4.9452e-11,1.8759e-11,5.4793e-11
4.3599e-11,1.1501e-11,4.7915e-11
6.1153e-11,1.1403e-11,6.5101e-11
6.6494e-11,8.6788e-12,6.496e-11
3.2567e-11,2.744e-11,2.4469e-11
8.9921e-11,1.2955e-10,4.237e-11
2.6438e-11,4.2798e-11,2.2275e-11
3.7625e-11,5.7518e-11,2.375e-11
6.671e-11,8.6039e-11,3.242e-11
2.5153e-11,7.6964e-11,2.3922e-11
2.2015e-11,2.2177e-11,3.3659e-11
1.3265e-10,6.0145e-11,1.9797e-11
1.7182e-11,1.8163e-11,1.5098e-11
2.6923e-11,3.5592e-11,3.0203e-11
2.38e-11,4.4539e-11,3.3709e-11
2.7143e-11,5.7056e-11,3.3271e-11
1.5889e-11,1.7318e-11,1.5936e-11
2.8902e-11,4.257e-11,3.2598e-11
1.4241e-11,2.3321e-11,1.7234e-11
5.7358e-11,7.0441e-11,5.9118e-11
2.2242e-11,2.8294e-11,2.6834e-11
2.2897e-11,2.0736e-11,2.1991e-11
2.5482e-11,2.8881e-11,2.2264e-11
1.8069e-11,3.0017e-11,2.3419e-11
2.1678e-11,1.6374e-11,2.5509e-11
2.0821e-11,2.0043e-11,2.1319e-11
2.055e-11,1.4324e-11,1.8758e-11
5.6412e-11,3.2213e-11,3.5877e-11
2.2839e-11,1.771e-11,2.6113e-11
7.1244e-11,3.4951e-11,3.8471e-11
2.2614e-11,1.6967e-11,2.2787e-11
2.5145e-11,1.3842e-11,3.0651e-11
2.3706e-11,7.8507e-12,2.4811e-11
2.8033e-11,1.4323e-11,3.2594e-11
2.9287e-11,8.6863e-12,2.5636e-11
4.1602e-11,1.963e-11,3.8423e-11
4.752e-11,2.8506e-11,5.414e-11
4.3027e-11,1.2343e-11,4.5076e-11
4.4422e-11,1.4401e-11,4.5563e-11
5.3714e-11,2.2944e-11,5.6969e-11
5.9129e-11,2.1907e-11,6.1351e-11
5.3314e-11,1.8898e-11,5.5708e-11
5.853e-11,1.8971e-11,6.6269e-11
1.7219e-11,2.0035e-11,2.0397e-11
1.3079e-10,4.634e-11,1.6082e-11
2.7667e-11,3.0532e-11,2.0571e-11
2.2693e-11,2.0128e-11,2.627e-11
1.4333e-10,2.802e-11,1.7261e-11
1.3689e-10,3.138e-11,2.9248e-11
2.3949e-11,3.011e-11,2.8502e-11
5.2502e-11,1.1424e-10,2.7695e-11
5.256e-11,1.1317e-10,3.3226e-11
1.4489e-11,1.995e-11,1.5696e-11
9.9094e-11,5.0809e-11,1.4186e-11
1.8886e-11,2.533e-11,1.5549e-11
2.3173e-11,1.843e-11,2.0553e-11
9.3283e-11,3.3755e-11,1.1767e-11
8.6763e-11,3.5893e-11,1.651e-11
1.661e-11,2.9673e-11,2.1057e-11
4.9529e-11,5.1188e-11,4.2744e-11
2.9857e-11,2.9374e-11,2.5776e-11
4.9841e-11,4.6848e-11,4.9999e-11
2.6091e-11,2.0539e-11,2.1685e-11
2.0068e-11,1.6136e-11,1.8482e-11
2.6078e-11,2.3125e-11,1.9646e-11
5.4684e-11,2.1455e-11,3.0403e-11
8.9024e-11,3.3858e-11,4.4122e-11
4.1372e-11,2.8831e-11,4.2326e-11
4.4394e-11,2.7063e-11,4.6562e-11
4.2117e-11,2.3527e-11,4.5074e-11
2.5335e-11,6.3954e-12,2.8344e-11
3.4918e-11,1.4137e-11,3.4648e-11
3.3715e-11,1.2557e-11,3.9977e-11
4.3385e-11,1.3248e-11,4.5359e-11
5.3111e-11,9.1517e-12,5.5051e-11
5.1097e-11,1.1654e-11,5.3292e-11
2.6594e-11,3.0195e-11,1.951e-11
1.583e-11,1.9512e-11,1.8508e-11
4.0297e-11,4.1694e-11,4.034e-11
3.4686e-11,5.3351e-11,4.5524e-11
8.8285e-11,1.439e-10,2.5002e-11
1.3352e-10,4.932e-11,1.5447e-11
1.4431e-10,3.178e-11,3.4596e-11
1.9176e-11,2.1484e-11,1.9106e-11
5.5167e-11,6.7184e-11,5.1701e-11
1.3494e-10,5.1156e-11,2.122e-11
2.908e-11,3.6808e-11,2.8367e-11
1.8311e-11,3.5258e-11,2.7179e-11
1.8313e-11,1.9785e-11,1.7362e-11
2.0512e-11,1.7026e-11,1.4194e-11
2.6584e-11,3.9291e-11,4.1355e-11
5.7195e-11,6.9878e-11,5.6321e-11
8.0173e-11,3.5825e-11,1.8278e-11
6.896e-11,2.9462e-11,1.802e-11
2.6026e-11,2.8381e-11,2.1449e-11
5.3379e-11,5.9755e-11,5.2731e-11
1.7404e-11,2.8873e-11,1.6751e-11
5.5127e-11,6.1974e-11,5.544e-11
2.1116e-11,1.6644e-11,2.426e-11
2.0802e-11,9.6643e-12,1.6306e-11
3.8835e-11,2.8127e-11,3.7695e-11
7.8034e-11,3.4331e-11,3.8624e-11
2.1805e-11,1.509e-11,2.4162e-11
7.9449e-11,2.8964e-11,4.3547e-11
3.1654e-11,2.0049e-11,3.7955e-11
5.9258e-11,4.361e-11,5.8388e-11
2.1585e-11,8.0423e-12,2.1766e-11
6.7813e-11,2.4034e-11,4.3794e-11
2.2352e-11,9.7051e-12,2.2983e-11
6.8247e-11,1.7563e-11,4.4614e-11
5.1769e-11,3.1072e-11,5.2312e-11
8.3829e-11,2.4333e-11,5.5531e-11
4.1348e-11,2.3948e-11,4.7298e-11
2.709e-11,7.5968e-12,2.9713e-11
3.3385e-11,1.3205e-11,3.5237e-11
3.8481e-11,1.5419e-11,3.7196e-11
3.31e-11,1.4048e-11,3.714e-11
5.2415e-11,1.0919e-11,4.54e-11
4.0833e-11,1.7997e-11,4.5153e-11
3.683e-11,2.2438e-11,4.1216e-11
5.5795e-11,1.0655e-11,5.6707e-11
5.7562e-11,1.7271e-11,6.3492e-11
9.5715e-11,1.348e-10,5.3467e-11
3.4821e-11,7.4405e-11,5.9632e-11
1.0275e-10,4.66e-11,2.9552e-11
1.9057e-11,2.214e-11,1.8708e-11
2.2211e-11,1.858e-11,2.7036e-11
1.4105e-10,2.8048e-11,2.0029e-11
2.6896e-11,2.9364e-11,2.5098e-11
1.8867e-11,2.2522e-11,2.1086e-11
1.2805e-10,5.6231e-11,2.0173e-11
8.5048e-11,6.5943e-11,1.6015e-11
2.0521e-11,2.3383e-11,1.9857e-11
6.758e-11,8.2984e-11,6.1373e-11
3.714e-11,4.3161e-11,3.4995e-11
1.0787e-10,4.7267e-11,3.3217e-11
4.6382e-11,5.887e-11,4.5998e-11
1.7207e-11,2.6435e-11,1.5511e-11
1.5295e-11,2.0629e-11,1.9765e-11
1.1568e-10,3.6054e-11,2.5337e-11
1.0647e-10,3.4666e-11,1.871e-11
6.5327e-11,5.8288e-11,1.7008e-11
2.2036e-11,2.3522e-11,1.5525e-11
1.8033e-11,2.0753e-11,1.3541e-11
2.5131e-11,2.6442e-11,1.9025e-11
2.4009e-11,3.7888e-11,3.089e-11
1.5543e-11,1.7336e-11,1.4574e-11
2.5721e-11,2.6853e-11,1.8405e-11
1.6775e-11,1.8593e-11,2.5307e-11
1.7841e-11,1.7007e-11,1.7027e-11
6.4234e-11,2.9968e-11,1.521e-11
3.1005e-11,3.5211e-11,2.7414e-11
2.3188e-11,3.1455e-11,2.1878e-11
3.0747e-11,3.0867e-11,2.8608e-11
5.3658e-11,5.1557e-11,5.2832e-11
2.1185e-11,1.4274e-11,2.1532e-11
1.7509e-11,1.9385e-11,1.4269e-11
5.5383e-11,5.0054e-11,5.6463e-11
6.0236e-11,5.0151e-11,5.8793e-11
7.0566e-11,2.8157e-11,3.9489e-11
5.5385e-11,3.9853e-11,5.3038e-11
4.4764e-11,1.331e-11,3.1777e-11
3.0922e-11,1.9593e-11,3.4736e-11
3.5836e-11,2.6182e-11,4.6582e-11
7.6917e-11,2.7652e-11,5.1675e-11
5.1293e-11,2.4208e-11,5.5815e-11
3.8351e-11,1.5202e-11,4.465e-11
3.9191e-11,1.4327e-11,4.6071e-11
5.1835e-11,1.6346e-11,5.662e-11
5.9403e-11,1.8625e-11,6.9417e-11
3.3571e-11,3.6055e-11,2.8144e-11
2.5379e-11,3.111e-11,2.6336e-11
9.2714e-11,1.3359e-10,2.6781e-11
1.0284e-10,4.5134e-11,1.9483e-11
1.17e-10,2.7473e-11,2.1169e-11
2.3139e-11,4.5073e-11,3.9454e-11
2.3275e-11,3.0894e-11,1.7198e-11
1.0767e-10,3.1907e-11,1.3283e-11
1.2074e-10,3.4104e-11,2.4687e-11
1.1357e-10,3.4209e-11,2.1464e-11
1.1413e-10,4.8299e-11,2.7842e-11
2.0862e-11,2.0883e-11,2.1972e-11
2.3932e-11,4.0639e-11,2.8746e-11
8.9611e-11,3.5901e-11,2.0294e-11
1.0248e-10,3.2349e-11,2.6615e-11
2.2093e-11,2.3e-11,2.0598e-11
1.4662e-11,1.7332e-11,1.1773e-11
2.6769e-11,2.8949e-11,2.5585e-11
3.2239e-11,3.6104e-11,2.7592e-11
2.1912e-11,2.2374e-11,2.5004e-11
2.4922e-11,3.1149e-11,2.1817e-11
3.2017e-11,3.2211e-11,3.0464e-11
1.7657e-11,1.354e-11,1.6724e-11
2.3867e-11,1.9596e-11,2.2557e-11
2.3198e-11,2.6482e-11,2.5661e-11
1.8285e-11,9.7287e-12,2.1234e-11
1.627e-11,1.6752e-11,1.5682e-11
2.5533e-11,2.1535e-11,2.9564e-11
2.0269e-11,1.2414e-11,1.7054e-11
1.9694e-11,2.096e-11,2.2603e-11
2.1216e-11,1.1315e-11,1.7764e-11
8.1859e-11,2.2845e-11,5.4745e-11
4.5433e-11,2.151e-11,5.0353e-11
3.5985e-11,2.0003e-11,4.1605e-11
5.4408e-11,1.1089e-11,4.947e-11
4.6024e-11,1.7036e-11,5.2783e-11
5.5179e-11,2.3065e-11,6.0275e-11
5.9557e-11,1.6071e-11,6.9893e-11
3.546e-11,4.9931e-11,4.1967e-11
1.973e-11,1.6691e-11,2.3176e-11
8.0587e-11,1.1718e-10,3.106e-11
5.2306e-11,6.3687e-11,4.6183e-11
1.2752e-10,3.055e-11,2.0979e-11
1.4852e-11,2.0152e-11,1.6027e-11
5.9151e-11,1.0202e-10,3.1057e-11
8.0765e-11,6.1965e-11,3.0088e-11
9.5598e-12,2.0709e-11,1.4484e-11
1.2015e-10,3.3548e-11,2.6337e-11
1.0766e-11,2.3627e-11,1.7516e-11
1.1328e-10,3.4288e-11,2.4545e-11
1.0734e-10,3.5715e-11,2.6968e-11
1.687e-11,1.9535e-11,1.8488e-11
8.0855e-11,3.5084e-11,2.3563e-11
6.1964e-11,7.7563e-11,5.7488e-11
3.2052e-11,3.6883e-11,2.9717e-11
8.7989e-11,2.8917e-11,1.7357e-11
2.5857e-11,2.7694e-11,2.4249e-11
4.8102e-11,5.4179e-11,4.6066e-11
7.5202e-11,2.907e-11,1.8626e-11
2.1823e-11,3.038e-11,2.462e-11
2.1346e-11,2.045e-11,2.1289e-11
2.0135e-11,1.7549e-11,1.6134e-11
2.3557e-11,2.5612e-11,1.779e-11
1.6353e-11,2.5221e-11,1.5586e-11
2.1227e-11,2.0011e-11,2.2373e-11
2.4848e-11,2.1588e-11,2.3001e-11
4.587e-11,4.1548e-11,4.5222e-11
2.1301e-11,2.8665e-11,2.6423e-11
2.4723e-11,1.7494e-11,2.223e-11
2.3258e-11,1.7624e-11,2.5703e-11
3.0736e-11,2.0955e-11,2.7647e-11
3.1777e-11,1.3829e-11,2.4856e-11
4.7509e-11,1.2202e-11,3.4254e-11
4.2794e-11,2.7515e-11,4.2368e-11
4.1594e-11,1.7966e-11,4.8985e-11
5.7949e-11,1.339e-11,5.1256e-11
1.9216e-11,1.828e-11,1.8669e-11
8.8834e-11,1.4585e-10,3.9864e-11
1.0631e-10,4.8489e-11,1.6158e-11
7.3025e-11,7.9635e-11,7.3945e-11
1.0337e-10,1.3594e-10,3.1338e-11
1.2764e-10,4.9304e-11,1.5482e-11
9.0212e-11,6.6205e-11,1.8758e-11
4.6034e-11,5.3207e-11,4.0121e-11
1.1776e-10,2.6389e-11,2.7048e-11
6.1096e-11,7.3609e-11,5.2198e-11
1.2616e-10,5.6047e-11,2.2678e-11
5.9057e-11,6.5787e-11,6.347e-11
1.2631e-10,5.6668e-11,2.3294e-11
1.7977e-11,2.0823e-11,1.6355e-11
9.3544e-11,3.8617e-11,2.1055e-11
1.0728e-11,2.5679e-11,2.0585e-11
1.6753e-11,1.8164e-11,2.08e-11
9.1994e-11,2.9078e-11,2.4839e-11
2.5934e-11,2.7924e-11,1.9151e-11
5.9296e-11,3.1477e-11,1.6735e-11
5.9007e-11,3.7608e-11,2.901e-11
5.6282e-11,3.1463e-11,2.3633e-11
4.7453e-11,3.1009e-11,2.9654e-11
4.7905e-11,3.069e-11,1.6393e-11
3.4656e-11,3.6013e-11,1.7006e-11
3.8412e-11,3.0403e-11,1.8626e-11
2.111e-11,2.5611e-11,1.6973e-11
1.9311e-11,2.5674e-11,1.729e-11
3.5265e-11,3.7323e-11,3.1783e-11
1.7566e-11,1.318e-11,1.6828e-11
2.1154e-11,2.686e-11,2.978e-11
3.1037e-11,2.6206e-11,3.1161e-11
4.0245e-11,3.3373e-11,3.8671e-11
1.7783e-11,1.4579e-11,1.919e-11
1.8855e-11,1.4535e-11,1.8014e-11
4.3887e-11,3.6041e-11,4.1709e-11
1.9163e-11,1.578e-11,1.7607e-11
3.8559e-11,2.7283e-11,3.5675e-11
1.9269e-11,8.8324e-12,1.7813e-11
1.9849e-11,1.2313e-11,2.0725e-11
2.6032e-11,1.1388e-11,2.2289e-11
2.4559e-11,7.9403e-12,2.4868e-11
5.5582e-11,3.7396e-11,5.4853e-11
5.0532e-11,1.2224e-11,3.761e-11
2.4602e-11,9.4143e-12,2.7652e-11
5.6542e-11,1.4774e-11,4.5411e-11
4.1507e-11,1.3462e-11,4.8534e-11
4.7282e-11,1.1999e-11,5.3569e-11
5.3323e-11,1.4132e-11,5.9394e-11
5.8008e-11,1.394e-11,6.4642e-11
3.2752e-11,3.4991e-11,2.7077e-11
1.925e-11,2.0289e-11,1.9498e-11
6.4814e-11,1.3893e-10,6.0404e-11
1.0625e-10,9.2561e-11,1.7283e-11
1.2538e-10,4.9223e-11,1.5636e-11
9.3571e-11,6.7377e-11,2.1772e-11
1.3154e-10,5.9703e-11,2.9518e-11
1.1329e-10,3.0454e-11,2.0585e-11
9.8446e-11,4.6198e-11,1.5466e-11
1.8537e-11,2.3105e-11,1.8175e-11
1.642e-11,2.3249e-11,3.2482e-11
1.1153e-10,2.6852e-11,1.2566e-11
1.0314e-10,3.0403e-11,1.5205e-11
8.2697e-11,3.5261e-11,2.116e-11
6.3231e-11,4.3998e-11,1.5244e-11
1.8401e-11,2.0127e-11,1.4793e-11
5.2474e-11,3.5041e-11,2.5628e-11
1.8944e-11,2.3733e-11,2.1697e-11
4.2256e-11,3.2784e-11,1.4047e-11
4.1908e-11,3.3213e-11,2.5929e-11
2.1488e-11,2.7999e-11,2.6949e-11
3.7682e-11,3.0532e-11,1.7157e-11
3.7795e-11,3.7863e-11,3.1136e-11
3.691e-11,3.7453e-11,3.7128e-11
1.7899e-11,1.4205e-11,1.8078e-11
6.049e-11,5.9591e-11,6.0184e-11
1.8604e-11,9.1265e-12,2.1064e-11
5.1404e-11,3.648e-11,4.7661e-11
2.5192e-11,1.1366e-11,1.9031e-11
4.0153e-11,2.1797e-11,2.7076e-11
2.2425e-11,1.0603e-11,2.4549e-11
3.2023e-11,1.2737e-11,2.9351e-11
2.5894e-11,1.3736e-11,2.7272e-11
2.4921e-11,8.7529e-12,2.5613e-11
5.3339e-11,3.0116e-11,5.5323e-11
6.9898e-11,2.0281e-11,5.1935e-11
3.0013e-11,1.0785e-11,3.3292e-11
3.7048e-11,1.8149e-11,3.9474e-11
3.1655e-11,4.7312e-12,3.4745e-11
3.0976e-11,9.0281e-12,3.3825e-11
3.4149e-11,6.8666e-12,3.933e-11
3.6063e-11,4.0145e-11,3.0818e-11
1.249e-10,4.8963e-11,1.3175e-11
5.8847e-11,6.3482e-11,4.7027e-11
1.0448e-10,6.14e-11,4.5426e-11
1.091e-10,2.8987e-11,1.7445e-11
1.8816e-11,1.5751e-11,1.7455e-11
1.6195e-11,1.7894e-11,1.6051e-11
2.7564e-11,3.4608e-11,2.5051e-11
5.5521e-11,6.3868e-11,4.6831e-11
1.3377e-11,1.3504e-11,1.2436e-11
5.928e-11,3.247e-11,2.3607e-11
5.9871e-11,3.0041e-11,2.1358e-11
4.865e-11,3.4719e-11,1.6542e-11
2.7232e-11,3.0854e-11,2.5067e-11
2.3028e-11,2.6503e-11,1.9697e-11
3.4968e-11,3.3454e-11,1.8416e-11
2.6084e-11,3.2148e-11,2.0806e-11
4.5217e-11,4.735e-11,4.1612e-11
3.0524e-11,3.0281e-11,2.8306e-11
2.7614e-11,3.211e-11,2.2021e-11
3.7799e-11,3.013e-11,3.3732e-11
1.9411e-11,1.6764e-11,1.8084e-11
2.687e-11,2.2495e-11,2.7165e-11
2.0863e-11,9.2739e-12,1.8049e-11
2.5355e-11,1.8715e-11,3.0623e-11
3.305e-11,2.3727e-11,3.167e-11
3.1103e-11,1.7889e-11,3.4969e-11
5.8142e-11,3.5303e-11,5.8428e-11
2.9974e-11,1.195e-11,3.3996e-11
3.2063e-11,1.7206e-11,3.3891e-11
5.2901e-11,1.6654e-11,4.566e-11
5.1756e-11,1.5984e-11,4.8956e-11
5.2156e-11,2.5737e-11,5.4829e-11
5.8253e-11,2.4075e-11,7.2389e-11
5.6333e-11,1.9708e-11,6.1882e-11
5.5147e-11,1.2724e-11,6.0917e-11
1.0289e-10,4.8514e-11,1.9001e-11
1.3746e-10,5.9889e-11,3.7502e-11
1.2915e-10,3.5744e-11,1.5478e-11
1.1178e-10,2.57e-11,2.1379e-11
1.4206e-11,1.701e-11,1.6263e-11
1.0959e-10,3.9016e-11,1.7098e-11
7.129e-11,7.9436e-11,2.5875e-11
1.6311e-11,1.4513e-11,1.5444e-11
1.0805e-10,4.2611e-11,1.7678e-11
1.1517e-10,5.9811e-11,2.526e-11
2.3263e-11,1.9574e-11,2.1255e-11
3.3412e-11,3.4377e-11,2.882e-11
7.6072e-11,3.2534e-11,2.9263e-11
9.1837e-11,4.6679e-11,2.2196e-11
5.9876e-11,3.4189e-11,2.6156e-11
1.6202e-11,1.5931e-11,1.8978e-11
1.9957e-11,1.7046e-11,1.8269e-11
3.3441e-11,3.6342e-11,2.6995e-11
3.9284e-11,4.4662e-11,3.3746e-11
5.7226e-11,6.4931e-11,5.2608e-11
3.7016e-11,4.0823e-11,2.8059e-11
5.1412e-11,3.5557e-11,2.137e-11
1.8421e-11,1.0082e-11,1.9041e-11
2.7285e-11,1.6759e-11,3.1449e-11
6.159e-11,4.7649e-11,5.754e-11
3.3766e-11,1.1665e-11,2.5719e-11
2.3823e-11,1.0675e-11,2.2401e-11
2.1561e-11,9.13e-12,1.9768e-11
2.202e-11,1.0827e-11,2.7747e-11
5.3845e-11,3.5733e-11,5.1675e-11
2.2505e-11,1.6515e-11,2.6451e-11
4.3357e-11,2.8081e-11,4.1497e-11
3.6066e-11,2.308e-11,3.6262e-11
3.0087e-11,1.2344e-11,2.9408e-11
5.6394e-11,3.5835e-11,5.3536e-11
4.9633e-11,2.7537e-11,4.8224e-11
5.6056e-11,1.3154e-11,4.6022e-11
3.7015e-11,9.7745e-12,4.2131e-11
5.401e-11,2.027e-11,5.9156e-11
5.3882e-11,1.1934e-11,6.0098e-11
1.0132e-10,4.8351e-11,1.8678e-11
1.1132e-10,3.6743e-11,1.923e-11
4.5652e-11,4.8091e-11,3.7836e-11
1.4203e-11,1.6115e-11,1.5166e-11
1.2077e-10,2.4127e-11,3.0807e-11
1.0438e-10,3.1741e-11,2.5506e-11
5.9941e-11,6.6692e-11,4.8598e-11
3.1867e-11,3.3344e-11,2.6473e-11
1.6618e-11,2.2168e-11,1.8032e-11
2.4781e-11,2.439e-11,1.6381e-11
9.5543e-11,5.8408e-11,3.3597e-11
7.7257e-11,3.8268e-11,2.5588e-11
4.5639e-11,2.4889e-11,2.1154e-11
5.4421e-11,5.967e-11,4.9347e-11
3.2427e-11,3.3835e-11,2.8581e-11
3.0685e-11,2.9317e-11,2.9212e-11
3.4944e-11,3.3207e-11,3.5767e-11
2.0784e-11,1.3375e-11,2.4957e-11
2.3247e-11,1.5091e-11,2.2891e-11
3.6181e-11,2.6761e-11,3.5646e-11
4.4483e-11,1.798e-11,3.1396e-11
6.635e-11,1.6182e-11,5.0478e-11
4.1573e-11,2.0633e-11,4.3189e-11
3.6849e-11,1.2527e-11,4.2703e-11
5.6603e-11,2.5218e-11,5.9626e-11
4.462e-11,1.7249e-11,4.9132e-11
5.5228e-11,1.0497e-11,5.9754e-11
5.5262e-11,1.0243e-11,6.0811e-11
2.646e-11,2.622e-11,2.2241e-11
1.429e-10,5.7009e-11,2.5631e-11
2.7933e-11,2.1514e-11,2.3371e-11
1.0449e-10,3.4714e-11,1.297e-11
2.1086e-11,1.9171e-11,2.6834e-11
1.0446e-10,3.8899e-11,1.4729e-11
9.638e-11,3.3429e-11,1.8974e-11
2.4236e-11,2.307e-11,1.9328e-11
3.9494e-11,4.4796e-11,3.4078e-11
1.0552e-10,4.4822e-11,3.2131e-11
1.4586e-11,1.9471e-11,1.3825e-11
8.5256e-11,4.5953e-11,2.7039e-11
2.6271e-11,1.9146e-11,1.3582e-11
7.4566e-11,3.5966e-11,2.1966e-11
3.4055e-11,3.748e-11,3.0497e-11
2.1421e-11,1.8601e-11,2.3559e-11
6.2827e-11,3.1255e-11,1.7975e-11
2.3048e-11,2.3854e-11,2.0075e-11
2.4009e-11,2.1909e-11,2.8065e-11
5.7855e-11,6.2945e-11,5.1216e-11
4.1551e-11,3.6699e-11,2.4726e-11
2.6063e-11,2.2994e-11,1.7719e-11
6.2299e-11,6.7342e-11,5.9971e-11
3.8827e-11,3.8975e-11,2.6586e-11
2.7005e-11,2.2674e-11,2.9404e-11
1.8227e-11,1.7783e-11,1.8033e-11
2.0494e-11,1.6313e-11,1.8116e-11
5.9113e-11,5.5693e-11,5.916e-11
2.4103e-11,1.693e-11,2.4841e-11
2.4846e-11,1.919e-11,2.2861e-11
5.4991e-11,4.1133e-11,5.2577e-11
2.0154e-11,1.023e-11,2.133e-11
6.7281e-11,2.1981e-11,4.2903e-11
2.5397e-11,1.4047e-11,2.8361e-11
2.7819e-11,7.8867e-12,2.5932e-11
4.075e-11,1.2573e-11,3.5904e-11
4.0914e-11,1.5755e-11,3.7532e-11
3.4853e-11,1.0996e-11,3.5163e-11
3.6824e-11,1.1884e-11,3.9266e-11
5.367e-11,2.8319e-11,5.591e-11
3.724e-11,9.4884e-12,4.2983e-11
5.343e-11,2.2279e-11,5.7209e-11
5.5353e-11,1.0818e-11,6.4597e-11
5.5336e-11,1.0946e-11,5.9341e-11
1.9195e-11,2.4051e-11,2.2806e-11
1.0631e-10,1.1225e-10,7.1744e-11
4.7994e-11,5.3329e-11,5.934e-11
1.083e-10,2.6573e-11,1.5895e-11
9.742e-11,3.1754e-11,2.1253e-11
9.7125e-11,4.6432e-11,1.5551e-11
2.5832e-11,2.486e-11,2.2101e-11
1.0359e-10,5.6763e-11,2.2136e-11
1.4896e-11,1.9508e-11,1.3007e-11
3.3634e-11,3.687e-11,2.9045e-11
9.8898e-11,6.5958e-11,2.6501e-11
1.4244e-11,1.6396e-11,1.271e-11
8.027e-11,3.4705e-11,2.9667e-11
1.5784e-11,1.3887e-11,1.6178e-11
2.0618e-11,1.6142e-11,1.1712e-11
6.0482e-11,3.6381e-11,2.0427e-11
3.4029e-11,3.7523e-11,3.0156e-11
5.1755e-11,3.6536e-11,1.8523e-11
4.6083e-11,3.0573e-11,3.774e-11
3.8792e-11,2.9942e-11,3.0073e-11
2.8981e-11,2.1918e-11,1.8697e-11
4.645e-11,5.2478e-11,2.4064e-11
1.9076e-11,2.1266e-11,2.5974e-11
4.9892e-11,4.4879e-11,4.8675e-11
7.1318e-11,4.6663e-11,3.4846e-11
7.5985e-11,4.2134e-11,3.5947e-11
3.7236e-11,2.7626e-11,3.682e-11
5.6679e-11,1.872e-11,3.7404e-11
2.1052e-11,7.3884e-12,2.0121e-11
3.1335e-11,1.1835e-11,2.6202e-11
3.8572e-11,1.1057e-11,3.9576e-11
4.236e-11,1.6777e-11,4.8092e-11
5.3293e-11,1.333e-11,5.1852e-11
5.1991e-11,1.6992e-11,5.4398e-11
6.2633e-11,1.2017e-11,6.2594e-11
2.1049e-11,1.8403e-11,1.9433e-11
9.6999e-11,4.693e-11,1.5591e-11
9.3273e-11,4.5273e-11,1.3285e-11
2.6343e-11,4.7793e-11,3.2999e-11
3.7499e-11,8.858e-11,4.5885e-11
1.0319e-10,4.6093e-11,2.2699e-11
1.5162e-11,1.6241e-11,1.4329e-11
1.1044e-10,4.1132e-11,3.1433e-11
8.6939e-11,4.2193e-11,2.9721e-11
3.8172e-11,4.0099e-11,3.1151e-11
6.9103e-11,4.1288e-11,4.1699e-11
2.8208e-11,2.9281e-11,2.281e-11
3.0236e-11,2.7921e-11,1.5152e-11
4.5559e-11,5.3258e-11,2.6163e-11
3.0826e-11,2.7807e-11,3.0408e-11
2.2576e-11,2.0722e-11,2.3813e-11
2.4649e-11,2.3782e-11,2.7973e-11
5.1286e-11,3.6773e-11,2.2994e-11
3.9385e-11,3.1459e-11,3.3992e-11
3.4083e-11,2.4247e-11,2.9446e-11
1.849e-11,2.0709e-11,1.879e-11
5.5865e-11,3.8806e-11,2.5377e-11
1.8637e-11,1.3459e-11,1.7103e-11
2.8349e-11,2.1552e-11,2.875e-11
2.4195e-11,1.2353e-11,2.5426e-11
5.9666e-11,4.1098e-11,5.9202e-11
5.621e-11,3.4451e-11,5.5775e-11
4.284e-11,1.5441e-11,4.1722e-11
3.5243e-11,1.4199e-11,3.784e-11
5.9991e-11,2.9085e-11,6.0375e-11
3.784e-11,1.3769e-11,4.3094e-11
5.3378e-11,1.3364e-11,5.2833e-11
3.1645e-11,3.3005e-11,2.6398e-11
2.5835e-11,2.6595e-11,2.1634e-11
1.8747e-11,2.1186e-11,3.228e-11
9.7058e-11,2.6149e-11,9.972e-12
9.3757e-11,6.0526e-11,2.6887e-11
9.8674e-11,2.4598e-11,3.7663e-11
1.8539e-11,1.8575e-11,2.4049e-11
4.4288e-11,4.7644e-11,3.5565e-11
5.7179e-11,6.2678e-11,4.5644e-11
2.3311e-11,2.5221e-11,1.9405e-11
3.1734e-11,2.0704e-11,1.8957e-11
3.3715e-11,3.3489e-11,1.7601e-11
4.9667e-11,4.607e-11,4.7905e-11
2.1571e-11,2.052e-11,2.0365e-11
2.8991e-11,2.2938e-11,3.2378e-11
5.8829e-11,5.4981e-11,5.7357e-11
4.0899e-11,3.6819e-11,2.5835e-11
2.1729e-11,2.2754e-11,2.7495e-11
5.4833e-11,2.9739e-11,3.0072e-11
8.4008e-11,5.1503e-11,3.8144e-11
5.7749e-11,4.488e-11,5.3774e-11
5.8469e-11,4.4956e-11,5.6759e-11
3.5729e-11,2.3398e-11,3.2239e-11
2.2241e-11,1.5162e-11,2.2425e-11
6.006e-11,4.3132e-11,5.8377e-11
5.7464e-11,1.8645e-11,4.0478e-11
2.6055e-11,8.7005e-12,2.851e-11
3.6323e-11,1.5449e-11,3.8082e-11
3.4711e-11,1.6173e-11,3.8774e-11
4.2569e-11,2.1072e-11,4.3607e-11
4.1153e-11,1.3608e-11,4.5258e-11
4.5835e-11,8.4895e-12,4.5098e-11
3.8152e-11,1.0868e-11,4.0465e-11
5.1625e-11,1.4118e-11,5.4541e-11
1.5708e-11,1.6511e-11,2.3337e-11
7.4713e-11,1.029e-10,2.9658e-11
1.534e-11,1.766e-11,2.4232e-11
9.116e-11,2.8012e-11,3.4936e-11
3.7736e-11,3.2125e-11,2.6314e-11
2.2114e-11,2.183e-11,2.0887e-11
8.4311e-11,2.866e-11,2.193e-11
1.9623e-11,1.5684e-11,1.8917e-11
1.0014e-10,5.0346e-11,2.7895e-11
7.5727e-11,3.0694e-11,3.1091e-11
1.4226e-11,1.889e-11,1.282e-11
9.2664e-11,5.4509e-11,3.5724e-11
1.5132e-11,2.1066e-11,1.5974e-11
8.3026e-11,5.3248e-11,3.3403e-11
2.1471e-11,2.2995e-11,1.7811e-11
1.4674e-11,1.6865e-11,1.2881e-11
2.2789e-11,2.4075e-11,2.0737e-11
6.2066e-11,3.8244e-11,2.919e-11
3.3233e-11,3.3465e-11,2.6812e-11
4.8425e-11,3.6801e-11,1.8217e-11
2.1029e-11,2.4442e-11,2.687e-11
2.8097e-11,3.3019e-11,2.225e-11
3.5969e-11,3.3226e-11,3.805e-11
1.5155e-11,1.2595e-11,1.7614e-11
5.8934e-11,5.3409e-11,6.1985e-11
2.693e-11,1.4975e-11,2.2241e-11
7.549e-11,4.0251e-11,3.6152e-11
9.0321e-11,4.7628e-11,4.0775e-11
1.0438e-10,4.1066e-11,4.3909e-11
2.9268e-11,1.5765e-11,3.1281e-11
3.2035e-11,1.1022e-11,2.7348e-11
2.7045e-11,6.7267e-12,2.7443e-11
2.605e-11,1.178e-11,2.7082e-11
3.0503e-11,8.6571e-12,2.7838e-11
2.7406e-11,1.0399e-11,2.7775e-11
4.9659e-11,2.5407e-11,5.1026e-11
4.475e-11,1.1344e-11,4.4109e-11
6.2942e-11,3.2378e-11,6.2217e-11
5.4137e-11,1.3248e-11,5.3135e-11
5.6633e-11,2.1047e-11,6.0357e-11
5.2801e-11,7.824e-12,5.0573e-11
2.2879e-11,2.1251e-11,2.2649e-11
1.0761e-10,3.9963e-11,2.3903e-11
1.7975e-11,1.7009e-11,2.6244e-11
9.0852e-11,4.5147e-11,1.7319e-11
8.3228e-11,8.4405e-11,3.3273e-11
1.0522e-10,2.3809e-11,2.5107e-11
9.3889e-11,3.4399e-11,1.0184e-11
1.5233e-11,1.7829e-11,1.3461e-11
8.5769e-11,3.0765e-11,3.23e-11
8.0744e-11,4.061e-11,3.2299e-11
1.3023e-11,1.3543e-11,1.4126e-11
8.1467e-11,3.7539e-11,2.2286e-11
1.7094e-11,2.3298e-11,1.9264e-11
7.4893e-11,5.2627e-11,2.6338e-11
6.9109e-11,4.8333e-11,4.5661e-11
2.1487e-11,2.3449e-11,1.9431e-11
2.1267e-11,2.1452e-11,1.7135e-11
2.4537e-11,2.2796e-11,1.9096e-11
5.0923e-11,4.9196e-11,2.5157e-11
3.3277e-11,2.377e-11,2.6582e-11
1.8303e-11,2.179e-11,2.0734e-11
4.425e-11,3.4974e-11,3.0437e-11
4.0009e-11,3.2175e-11,3.8522e-11
2.6759e-11,2.0715e-11,2.4517e-11
6.6229e-11,6.2301e-11,4.0186e-11
2.0141e-11,2.2762e-11,2.5364e-11
5.7588e-11,3.9588e-11,5.1774e-11
2.7544e-11,1.4597e-11,2.7173e-11
4.6283e-11,1.5079e-11,3.4126e-11
2.5714e-11,1.0869e-11,2.3639e-11
2.8702e-11,1.3146e-11,3.0782e-11
3.4345e-11,9.6718e-12,3.7402e-11
4.9477e-11,9.933e-12,4.5114e-11
4.2523e-11,1.5798e-11,4.6509e-11
3.7411e-11,1.0522e-11,3.8633e-11
4.0941e-11,1.2616e-11,4.4669e-11
4.5478e-11,1.3168e-11,5.0143e-11
5.8124e-11,1.2478e-11,6.1089e-11
3.4539e-11,8.5686e-11,4.0507e-11
8.8314e-11,2.6406e-11,2.7995e-11
2.5716e-11,1.8682e-11,2.0431e-11
1.006e-10,4.034e-11,3.1886e-11
8.6611e-11,4.4116e-11,1.6013e-11
8.1459e-11,2.5949e-11,2.1945e-11
9.6137e-11,3.3071e-11,1.4562e-11
8.0277e-11,2.7967e-11,2.1744e-11
3.1327e-11,3.5623e-11,2.6645e-11
2.2406e-11,1.9521e-11,1.8873e-11
4.3219e-11,4.4455e-11,3.2861e-11
8.4979e-11,6.5044e-11,2.955e-11
8.8925e-11,6.1217e-11,2.4719e-11
8.5792e-11,4.0006e-11,2.0163e-11
9.5413e-11,4.8895e-11,2.227e-11
1.5378e-11,1.1603e-11,1.2283e-11
7.4274e-11,2.7621e-11,1.5697e-11
9.0307e-11,3.8449e-11,4.056e-11
2.1599e-11,2.1256e-11,1.8858e-11
9.0901e-11,6.6369e-11,2.6725e-11
6.6003e-11,2.8026e-11,1.614e-11
1.6927e-11,2.2233e-11,1.7951e-11
6.1634e-11,7.4005e-11,5.1535e-11
3.7675e-11,4.2958e-11,3.1774e-11
5.7663e-11,3.4539e-11,2.3325e-11
1.918e-11,1.7825e-11,1.7228e-11
2.3466e-11,2.4281e-11,2.2726e-11
3.3105e-11,2.1117e-11,3.01e-11
1.958e-11,1.5619e-11,1.9864e-11
4.1922e-11,2.4283e-11,2.7248e-11
2.0165e-11,1.1634e-11,1.8983e-11
7.2857e-11,6.2652e-11,4.102e-11
2.6317e-11,1.7661e-11,2.3183e-11
1.2014e-10,4.0922e-11,5.2632e-11
6.3682e-11,4.7086e-11,5.9232e-11
2.7431e-11,1.3202e-11,2.6527e-11
2.0276e-11,5.8401e-12,1.9886e-11
2.4917e-11,1.1239e-11,2.291e-11
5.8921e-11,3.8667e-11,5.7313e-11
5.0172e-11,1.048e-11,4.1186e-11
2.9745e-11,1.2296e-11,3.2017e-11
5.5977e-11,1.1039e-11,6.6516e-11
2.4472e-11,3.6953e-11,3.176e-11
8.5462e-11,2.794e-11,3.2177e-11
1.0607e-10,4.4628e-11,2.8085e-11
9.2494e-11,4.9001e-11,2.0086e-11
9.3864e-11,3.033e-11,1.968e-11
8.3217e-11,2.909e-11,2.974e-11
8.425e-11,3.0074e-11,3.2954e-11
3.0971e-11,3.444e-11,2.5065e-11
8.5127e-11,6.8462e-11,2.9687e-11
1.663e-11,1.358e-11,8.4714e-12
7.3904e-11,3.2387e-11,4.073e-11
1.7144e-11,1.7951e-11,1.7226e-11
1.6557e-11,1.8498e-11,1.4515e-11
3.1665e-11,3.2038e-11,3.0617e-11
2.2419e-11,1.9126e-11,2.333e-11
1.9608e-11,1.7073e-11,1.9143e-11
2.8233e-11,2.5296e-11,3.289e-11
1.8304e-11,1.5311e-11,1.7348e-11
1.9755e-11,2.0597e-11,2.0347e-11
5.0413e-11,3.802e-11,3.2359e-11
2.0944e-11,6.1917e-12,1.6737e-11
8.8579e-11,4.446e-11,4.1202e-11
3.6333e-11,2.9402e-11,3.6974e-11
2.6872e-11,1.687e-11,2.6718e-11
3.8254e-11,2.8347e-11,3.7179e-11
2.1387e-11,1.1387e-11,2.4404e-11
2.6248e-11,1.1345e-11,2.7035e-11
3.8958e-11,1.0961e-11,3.8328e-11
3.8915e-11,1.1643e-11,3.7202e-11
2.8771e-11,7.5836e-12,3.0761e-11
5.8073e-11,2.0979e-11,6.2119e-11
2.074e-11,1.8316e-11,1.6861e-11
4.2289e-11,4.0415e-11,3.2495e-11
1.0746e-10,4.3239e-11,3.7577e-11
1.8681e-11,1.695e-11,2.4058e-11
8.1961e-11,2.9836e-11,2.6165e-11
2.3957e-11,2.2478e-11,2.0598e-11
2.2132e-11,1.9328e-11,2.4633e-11
5.7911e-11,6.4734e-11,4.5014e-11
7.2217e-11,2.6351e-11,1.8792e-11
2.0146e-11,1.9189e-11,1.6585e-11
6.5178e-11,7.5571e-11,5.1422e-11
2.228e-11,2.1632e-11,1.9072e-11
7.3083e-11,5.4961e-11,4.5208e-11
2.5809e-11,2.767e-11,2.0769e-11
2.2285e-11,2.3367e-11,2.2209e-11
5.9284e-11,3.5676e-11,3.515e-11
5.2999e-11,4.8961e-11,2.8146e-11
3.6996e-11,4.5372e-11,3.0637e-11
3.2509e-11,3.0769e-11,2.8429e-11
3.6427e-11,3.4515e-11,3.2197e-11
1.7368e-11,1.2838e-11,1.4499e-11
4.5738e-11,4.0283e-11,4.5444e-11
3.0879e-11,2.9235e-11,2.4259e-11
5.4099e-11,4.7908e-11,5.5012e-11
5.3088e-11,4.7657e-11,5.4742e-11
2.0306e-11,1.377e-11,1.8906e-11
7.7075e-11,4.2737e-11,3.8467e-11
2.5408e-11,1.842e-11,2.2412e-11
2.1676e-11,1.8824e-11,1.9864e-11
6.1894e-11,4.7044e-11,5.7662e-11
2.7272e-11,2.1026e-11,2.5042e-11
1.1151e-10,6.562e-11,6.5363e-11
2.0672e-11,8.2437e-12,1.7144e-11
2.7757e-11,2.2791e-11,2.4507e-11
8.7276e-11,4.0368e-11,4.1282e-11
9.9618e-11,3.4666e-11,4.8252e-11
2.8321e-11,1.6282e-11,2.6718e-11
2.4918e-11,1.7228e-11,2.2985e-11
2.7653e-11,1.5088e-11,2.6561e-11
4.3318e-11,9.7116e-12,3.8534e-11
2.8815e-11,1.017e-11,2.6234e-11
5.9481e-11,3.2341e-11,5.6726e-11
5.2161e-11,1.9198e-11,5.6546e-11
4.4582e-11,1.0344e-11,4.394e-11
5.8531e-11,1.3519e-11,5.4516e-11
6.108e-11,1.4698e-11,6.1715e-11
7.6047e-11,2.7891e-11,1.8151e-11
8.734e-11,2.991e-11,4.0309e-11
7.3233e-11,4.7506e-11,1.4276e-11
8.2684e-11,6.1409e-11,2.7288e-11
1.8561e-11,1.7239e-11,1.5108e-11
8.2274e-11,6.7309e-11,2.8432e-11
1.76e-11,1.8821e-11,1.8571e-11
7.3575e-11,4.8829e-11,3.2687e-11
5.5015e-11,3.3911e-11,2.9345e-11
4.0892e-11,3.56e-11,2.6222e-11
6.1114e-11,6.19e-11,5.1414e-11
1.8175e-11,1.2536e-11,1.6677e-11
2.7004e-11,1.5704e-11,2.6904e-11
4.499e-11,2.2649e-11,2.5591e-11
2.4176e-11,1.8043e-11,2.5011e-11
2.0968e-11,1.6609e-11,1.8555e-11
5.3787e-11,2.5485e-11,2.7298e-11
6.8164e-11,4.0509e-11,3.6453e-11
3.9687e-11,2.7632e-11,3.6773e-11
1.3004e-10,7.2728e-11,6.4156e-11
5.4097e-11,3.9651e-11,4.9403e-11
6.1036e-11,4.3128e-11,5.6162e-11
1.246e-10,3.89e-11,5.8282e-11
3.0712e-11,1.1269e-11,2.8753e-11
6.6392e-11,4.6761e-11,6.1169e-11
3.8798e-11,2.4895e-11,3.7305e-11
3.9799e-11,9.566e-12,4.1832e-11
3.692e-11,1.0611e-11,3.3015e-11
5.7432e-11,2.4644e-11,5.5476e-11
3.9241e-11,1.4506e-11,4.0875e-11
5.1491e-11,1.1865e-11,5.7723e-11
4.7918e-11,4.9433e-11,3.8835e-11
1.7995e-11,1.5722e-11,2.3572e-11
3.6951e-11,3.6574e-11,2.9925e-11
2.2677e-11,2.3664e-11,1.8173e-11
1.7912e-11,2.0114e-11,1.4983e-11
5.2862e-11,3.3466e-11,3.341e-11
4.7557e-11,4.3499e-11,2.6894e-11
6.0629e-11,6.3841e-11,5.6646e-11
3.4291e-11,4.8851e-11,3.0756e-11
5.3354e-11,4.6822e-11,4.7319e-11
1.7508e-11,1.3661e-11,1.7771e-11
2.457e-11,1.8835e-11,1.8181e-11
4.0184e-11,1.6284e-11,2.7888e-11
1.8034e-11,1.4211e-11,1.6314e-11
6.6443e-11,5.2328e-11,6.4347e-11
2.143e-11,1.5578e-11,2.1178e-11
2.904e-11,1.8721e-11,3.0448e-11
2.7595e-11,1.8531e-11,2.6709e-11
3.1464e-11,1.9785e-11,3.1395e-11
3.5754e-11,1.3466e-11,3.0694e-11
1.1273e-10,3.4616e-11,5.2727e-11
3.6866e-11,2.4525e-11,3.891e-11
3.9602e-11,2.2088e-11,3.8425e-11
4.9588e-11,1.5156e-11,4.993e-11
3.9401e-11,8.7909e-12,4.4464e-11
5.5495e-11,2.1145e-11,5.9019e-11
5.6131e-11,1.0258e-11,5.9815e-11
1.7671e-11,1.4483e-11,1.3037e-11
6.9915e-11,8.4198e-11,4.547e-11
8.4686e-11,3.8852e-11,1.9101e-11
8.2993e-11,2.6362e-11,2.3252e-11
7.7521e-11,5.7693e-11,2.0357e-11
2.5603e-11,2.5433e-11,2.1582e-11
7.5482e-11,6.0593e-11,2.8717e-11
7.5005e-11,3.6893e-11,2.5438e-11
6.8145e-11,4.3533e-11,3.1661e-11
4.8875e-11,5.3038e-11,4.0632e-11
1.891e-11,2.1283e-11,1.9792e-11
6.0149e-11,5.6226e-11,4.4341e-11
2.2703e-11,2.1367e-11,2.296e-11
2.0737e-11,2.588e-11,2.3034e-11
2.2962e-11,2.9834e-11,3.5125e-11
1.7891e-11,1.3661e-11,2.6984e-11
5.6993e-11,5.0572e-11,5.1639e-11
4.5726e-11,5.0479e-11,3.8151e-11
3.5003e-11,3.3185e-11,3.1705e-11
2.894e-11,2.1344e-11,2.8903e-11
1.6363e-11,9.213e-12,1.7576e-11
1.9817e-11,1.899e-11,1.8562e-11
2.2377e-11,1.0172e-11,2.0624e-11
2.6934e-11,2.24e-11,2.4621e-11
1.3007e-10,7.0704e-11,7.3955e-11
2.2058e-11,1.371e-11,1.9845e-11
2.0348e-11,1.0563e-11,1.9043e-11
2.7727e-11,1.0773e-11,2.1465e-11
1.1391e-10,4.1198e-11,5.657e-11
2.4736e-11,8.7745e-12,2.6027e-11
4.5348e-11,2.5772e-11,4.3255e-11
3.0243e-11,1.0332e-11,3.3112e-11
3.4247e-11,8.9111e-12,3.3111e-11
2.5264e-11,1.3552e-11,1.1487e-11
6.7091e-11,6.2471e-11,5.4522e-11
2.0185e-11,1.7029e-11,1.7696e-11
7.5832e-11,3.7484e-11,2.6393e-11
2.0382e-11,1.7799e-11,2.25e-11
5.814e-11,6.8483e-11,4.6461e-11
7.1613e-11,5.4931e-11,2.2325e-11
6.7375e-11,5.58e-11,2.1689e-11
2.7154e-11,1.9399e-11,1.5846e-11
4.0961e-11,4.1417e-11,3.6483e-11
1.6458e-11,1.7309e-11,1.3308e-11
6.1555e-11,5.3974e-11,3.6548e-11
4.5686e-11,5.0851e-11,4.1333e-11
4.6582e-11,4.8654e-11,3.718e-11
2.0113e-11,1.6382e-11,1.9742e-11
4.1334e-11,5.3767e-11,3.0064e-11
2.5032e-11,2.6212e-11,2.0445e-11
1.9236e-11,1.6732e-11,2.5996e-11
1.6544e-11,1.3048e-11,1.5713e-11
2.7835e-11,1.3028e-11,2.4503e-11
3.2833e-11,2.4589e-11,3.1447e-11
2.4243e-11,9.4685e-12,1.86e-11
5.1939e-11,3.5719e-11,4.6807e-11
1.9372e-11,1.0729e-11,1.8345e-11
2.3563e-11,1.7466e-11,2.1953e-11
8.0776e-11,2.3222e-11,4.0181e-11
2.6979e-11,1.5674e-11,2.3052e-11
2.477e-11,1.1416e-11,2.1528e-11
2.0862e-11,1.1578e-11,2.4416e-11
8.2844e-11,2.4333e-11,4.6884e-11
2.6495e-11,2.6195e-11,2.5713e-11
2.9877e-11,1.9584e-11,3.1997e-11
4.3325e-11,2.3872e-11,4.1052e-11
3.8541e-11,1.4271e-11,3.6836e-11
5.3237e-11,1.4894e-11,5.0205e-11
6.2781e-11,9.4798e-12,6.7375e-11
7.4557e-11,2.4569e-11,1.7946e-11
7.2791e-11,2.4576e-11,3.0835e-11
6.7097e-11,4.8137e-11,1.7793e-11
1.9865e-11,1.8874e-11,2.8433e-11
4.495e-11,4.6534e-11,3.5971e-11
6.5716e-11,3.2496e-11,1.8003e-11
6.6423e-11,4.2921e-11,1.634e-11
7.0577e-11,4.6152e-11,1.8099e-11
2.6988e-11,1.7342e-11,2.1876e-11
6.5171e-11,5.3618e-11,1.9967e-11
2.0616e-11,2.0593e-11,1.9749e-11
6.1793e-11,7.1791e-11,5.0263e-11
2.2472e-11,2.1224e-11,1.665e-11
1.2515e-11,1.4427e-11,9.8897e-12
5.4608e-11,6.2084e-11,4.4567e-11
4.0751e-11,3.9059e-11,2.7675e-11
4.99e-11,5.9828e-11,3.6891e-11
4.1191e-11,5.7711e-11,4.572e-11
2.0237e-11,1.5451e-11,1.7316e-11
2.9031e-11,2.4667e-11,2.3973e-11
4.025e-11,3.469e-11,2.5012e-11
4.8202e-11,3.7883e-11,4.5158e-11
1.5572e-11,1.4879e-11,1.9191e-11
2.5402e-11,1.8361e-11,2.4495e-11
3.8133e-11,2.429e-11,3.9294e-11
7.7706e-11,5.1835e-11,5.278e-11
1.9004e-11,1.3716e-11,1.8353e-11
1.0781e-10,6.7286e-11,6.9388e-11
2.6608e-11,2.1542e-11,2.8212e-11
6.4762e-11,4.6728e-11,5.9183e-11
2.3856e-11,1.286e-11,2.3669e-11
3.328e-11,1.7341e-11,3.2918e-11
3.0013e-11,1.1089e-11,2.3821e-11
5.745e-11,3.2381e-11,5.4453e-11
2.7912e-11,9.2598e-12,2.8369e-11
3.4228e-11,1.1058e-11,3.3668e-11
4.3737e-11,1.84e-11,4.3606e-11
4.6832e-11,8.7635e-12,4.7177e-11
5.5434e-11,1.6775e-11,5.3914e-11
5.5619e-11,1.5797e-11,6.202e-11
6.0347e-11,1.007e-11,6.0883e-11
5.5011e-11,4.4968e-11,2.1068e-11
1.819e-11,2.0566e-11,1.6727e-11
4.0952e-11,4.1453e-11,3.2506e-11
3.0118e-11,4.4036e-11,5.0201e-11
7.8366e-11,2.8384e-11,3.6364e-11
1.4042e-11,1.2361e-11,1.9694e-11
8.612e-11,3.1887e-11,1.8926e-11
2.1796e-11,1.9434e-11,1.645e-11
4.2302e-11,4.3166e-11,3.377e-11
3.9791e-11,4.0206e-11,3.1731e-11
6.6489e-11,3.7525e-11,2.7989e-11
3.144e-11,1.7386e-11,1.411e-11
1.1116e-11,1.7886e-11,2.5372e-11
2.9437e-11,5.8709e-11,4.8387e-11
7.1565e-11,3.107e-11,2.2244e-11
5.5911e-11,6.3299e-11,4.4049e-11
2.2566e-11,2.2755e-11,1.7668e-11
1.668e-11,1.6197e-11,1.4434e-11
7.0224e-11,4.0167e-11,2.1697e-11
6.4014e-11,6.0669e-11,4.7091e-11
6.4279e-11,6.4399e-11,5.0701e-11
2.9805e-11,3.0998e-11,2.5177e-11
7.3373e-11,7.277e-11,5.933e-11
2.1675e-11,2.437e-11,2.5887e-11
4.7795e-11,5.8832e-11,4.5657e-11
2.0446e-11,1.7353e-11,2.0384e-11
2.383e-11,2.4152e-11,2.618e-11
5.0051e-11,4.0784e-11,4.8531e-11
1.7559e-11,1.7266e-11,1.721e-11
4.0746e-11,2.3707e-11,2.9507e-11
6.8978e-11,3.4402e-11,3.7582e-11
1.8504e-11,8.6127e-12,2.5078e-11
2.2914e-11,1.4138e-11,2.362e-11
7.7296e-11,2.9043e-11,4.1563e-11
4.3704e-11,2.6724e-11,4.6733e-11
6.0093e-11,3.688e-11,5.4878e-11
4.4586e-11,2.0006e-11,4.3964e-11
3.7486e-11,1.4442e-11,3.5585e-11
3.3687e-11,1.6549e-11,3.8703e-11
3.9907e-11,1.836e-11,3.8153e-11
3.6177e-11,1.1856e-11,3.9135e-11
4.7073e-11,1.7084e-11,4.748e-11
4.9161e-11,1.1151e-11,4.721e-11
5.3586e-11,1.2043e-11,5.6206e-11
6.0827e-11,9.2782e-12,6.3784e-11
3.7472e-11,3.727e-11,3.0943e-11
5.7539e-11,4.8153e-11,2.4244e-11
3.2735e-11,3.0343e-11,2.7515e-11
2.1691e-11,1.7787e-11,1.795e-11
8.0212e-11,3.2389e-11,1.644e-11
6.4137e-11,3.1909e-11,1.6838e-11
1.3401e-11,1.1844e-11,1.3578e-11
4.3618e-11,7.4714e-11,5.3955e-11
2.0748e-11,2.2908e-11,2.6478e-11
2.0969e-11,1.9242e-11,2.0493e-11
7.6019e-11,3.4201e-11,2.7743e-11
7.8966e-11,6.4872e-11,3.4088e-11
1.8926e-11,1.913e-11,1.5546e-11
5.5462e-11,6.2229e-11,4.2997e-11
4.2284e-11,2.0976e-11,3.2228e-11
6.6408e-11,4.3028e-11,3.3595e-11
3.9563e-11,3.2277e-11,3.2369e-11
6.3542e-11,5.9857e-11,4.7226e-11
5.4772e-11,5.1989e-11,3.2771e-11
5.821e-11,4.8134e-11,4.4659e-11
4.9551e-11,7.2382e-11,4.3852e-11
1.9103e-11,2.2049e-11,2.4903e-11
2.7392e-11,1.9597e-11,1.9109e-11
3.6392e-11,3.2934e-11,2.8685e-11
1.7696e-11,1.5536e-11,1.6629e-11
2.0824e-11,1.4799e-11,2.0701e-11
1.8472e-11,1.111e-11,1.4635e-11
1.9784e-11,2.3087e-11,1.9062e-11
6.9792e-11,5.695e-11,6.0794e-11
2.3039e-11,1.5454e-11,2.4185e-11
1.1733e-10,5.6039e-11,7.1624e-11
2.3948e-11,1.5766e-11,2.4113e-11
1.3722e-10,6.8691e-11,7.8999e-11
7.2394e-11,1.8984e-11,4.2406e-11
2.3433e-11,1.0779e-11,2.2966e-11
2.4445e-11,1.3315e-11,2.3192e-11
5.4473e-11,2.8866e-11,4.941e-11
5.2461e-11,8.1541e-12,5.2967e-11
6.3145e-11,1.3467e-11,6.2485e-11
5.8683e-11,1.0213e-10,9.3968e-11
6.2735e-11,3.2906e-11,1.5854e-11
6.8428e-11,2.7704e-11,1.8672e-11
6.5426e-11,5.1215e-11,2.1659e-11
6.3643e-11,3.5861e-11,2.3469e-11
7.5637e-11,3.1246e-11,1.5816e-11
7.7216e-11,3.04e-11,2.1682e-11
7.6312e-11,6.1723e-11,3.5444e-11
1.9212e-11,1.7485e-11,1.893e-11
1.2776e-11,1.7701e-11,1.3151e-11
4.1164e-11,3.8875e-11,4.3458e-11
5.8165e-11,6.2871e-11,3.6734e-11
5.3405e-11,5.7418e-11,4.2646e-11
2.5434e-11,2.423e-11,2.1745e-11
2.3532e-11,2.026e-11,2.3005e-11
2.3657e-11,2.912e-11,2.783e-11
5.7054e-11,5.381e-11,5.5331e-11
1.8193e-11,1.8684e-11,1.5232e-11
5.5676e-11,5.5615e-11,5.0519e-11
2.2643e-11,1.8284e-11,2.4266e-11
3.4514e-11,2.9563e-11,3.0932e-11
1.8762e-11,1.3783e-11,1.8637e-11
1.535e-11,1.156e-11,1.8545e-11
1.6564e-11,1.2676e-11,1.5202e-11
2.0282e-11,9.8106e-12,1.7463e-11
9.5871e-11,6.8981e-11,6.3632e-11
4.7117e-11,3.09e-11,4.254e-11
2.6611e-11,1.7378e-11,2.8941e-11
5.5061e-11,3.7828e-11,5.0632e-11
2.6716e-11,1.4018e-11,2.5288e-11
5.248e-11,2.7707e-11,4.9951e-11
4.5521e-11,2.1447e-11,4.4065e-11
4.3868e-11,1.883e-11,4.1722e-11
3.9759e-11,9.2034e-12,4.3429e-11
4.5207e-11,1.9563e-11,4.6153e-11
6.05e-11,1.089e-11,6.354e-11
5.5558e-11,2.6458e-11,2.1421e-11
1.827e-11,2.5674e-11,3.1589e-11
5.7251e-11,3.2285e-11,1.6296e-11
5.7304e-11,3.3264e-11,1.9409e-11
6.8043e-11,2.7562e-11,2.0084e-11
3.2642e-11,3.297e-11,2.8652e-11
3.5153e-11,3.5929e-11,2.8548e-11
1.3977e-11,1.4771e-11,1.6709e-11
1.4004e-11,3.3106e-11,2.5151e-11
6.6766e-11,4.9565e-11,2.4975e-11
6.3459e-11,3.9642e-11,3.2814e-11
5.5735e-11,6.2582e-11,3.6292e-11
5.5568e-11,6.2779e-11,3.1466e-11
6.1984e-11,6.1158e-11,4.9897e-11
4.0654e-11,5.3825e-11,3.3996e-11
3.2216e-11,2.8731e-11,2.9163e-11
3.4548e-11,3.0326e-11,3.0915e-11
2.104e-11,1.6537e-11,2.0504e-11
6.6062e-11,5.485e-11,7.2262e-11
1.602e-11,1.0594e-11,1.4705e-11
1.9732e-11,1.4245e-11,1.8084e-11
1.817e-11,1.1919e-11,2.2564e-11
2.8961e-11,1.7408e-11,3.266e-11
5.2888e-11,3.8111e-11,3.1504e-11
6.7627e-11,5.2522e-11,5.8109e-11
5.6611e-11,2.8679e-11,3.1395e-11
7.429e-11,4.3082e-11,4.2316e-11
8.2939e-11,4.4704e-11,3.8704e-11
1.9441e-11,6.2493e-12,1.5743e-11
1.9644e-11,1.1238e-11,2.7619e-11
2.2798e-11,9.0219e-12,1.9296e-11
2.0897e-11,8.3052e-12,1.8697e-11
2.6079e-11,1.8092e-11,2.5884e-11
3.9427e-11,1.2665e-11,3.5264e-11
3.3981e-11,2.295e-11,3.9971e-11
4.7204e-11,1.183e-11,4.2649e-11
6.4245e-11,4.1057e-11,5.9614e-11
4.8769e-11,1.4919e-11,4.7713e-11
5.7164e-11,1.01e-11,5.7429e-11
2.5305e-11,2.4131e-11,1.9701e-11
1.9355e-11,1.5739e-11,1.6416e-11
5.9989e-11,2.812e-11,3.216e-11
7.6616e-11,3.0514e-11,2.0404e-11
7.6508e-11,2.8885e-11,2.3463e-11
1.581e-11,1.9664e-11,2.8254e-11
1.3714e-11,1.6251e-11,1.3262e-11
1.5485e-11,1.3322e-11,1.0736e-11
5.9548e-11,4.7475e-11,2.7051e-11
4.4241e-11,4.029e-11,4.2811e-11
2.5612e-11,3.0228e-11,3.5074e-11
5.1285e-11,5.2374e-11,2.7285e-11
4.5838e-11,4.3661e-11,3.6517e-11
7.4311e-11,7.1709e-11,5.906e-11
2.1753e-11,1.9355e-11,2.0786e-11
2.7974e-11,2.5715e-11,2.3807e-11
6.2523e-11,5.6021e-11,5.1216e-11
1.9414e-11,1.5605e-11,2.0853e-11
1.5483e-11,1.3367e-11,1.9305e-11
1.7312e-11,1.4331e-11,1.6868e-11
2.2535e-11,1.8839e-11,1.973e-11
5.7932e-11,4.3096e-11,4.8853e-11
1.9158e-11,9.1387e-12,1.5958e-11
6.2053e-11,2.4054e-11,3.3364e-11
2.2014e-11,9.0299e-12,1.8651e-11
2.7555e-11,1.8427e-11,2.9672e-11
8.8098e-11,4.1808e-11,4.7818e-11
5.5119e-11,3.7553e-11,5.0034e-11
2.5349e-11,1.2846e-11,2.5123e-11
3.4941e-11,2.217e-11,3.1116e-11
3.4329e-11,1.8782e-11,3.272e-11
2.9611e-11,1.3575e-11,2.4333e-11
3.1627e-11,1.8114e-11,2.5013e-11
5.6736e-11,3.5553e-11,4.8912e-11
3.8364e-11,9.9668e-12,3.9286e-11
3.9177e-11,1.4501e-11,3.8553e-11
5.3519e-11,2.7902e-11,5.0849e-11
5.5854e-11,1.304e-11,5.3649e-11
5.5491e-11,1.3698e-11,5.6763e-11
6.0212e-11,1.8616e-11,5.6715e-11
6.0844e-11,1.4934e-11,6.2816e-11
5.031e-11,4.017e-11,1.8469e-11
1.8764e-11,1.9798e-11,1.7055e-11
1.2123e-11,1.3764e-11,1.2067e-11
1.6409e-11,2.0809e-11,2.0813e-11
1.2308e-11,2.6656e-11,2.0659e-11
1.9429e-11,1.7244e-11,1.799e-11
1.6178e-11,1.4844e-11,9.1507e-12
2.4866e-11,2.4097e-11,1.6989e-11
2.6579e-11,1.6553e-11,2.113e-11
3.4856e-11,3.4003e-11,2.3738e-11
1.5554e-11,2.1437e-11,1.3357e-11
3.6412e-11,3.5788e-11,2.5345e-11
1.4667e-11,2.3113e-11,1.2244e-11
3.4035e-11,3.6404e-11,2.6776e-11
5.5918e-11,3.8791e-11,3.2172e-11
3.662e-11,4.5575e-11,2.7825e-11
5.7234e-11,3.837e-11,3.3827e-11
2.668e-11,2.9736e-11,2.1858e-11
3.0989e-11,3.4115e-11,3.0989e-11
4.8537e-11,4.7871e-11,3.5826e-11
2.8833e-11,3.2267e-11,2.3717e-11
3.6805e-11,3.6924e-11,2.9308e-11
3.8388e-11,3.6519e-11,2.8499e-11
3.8509e-11,5.1184e-11,2.8117e-11
4.0051e-11,4.8186e-11,3.6182e-11
2.5653e-11,1.772e-11,2.1236e-11
2.2972e-11,1.8808e-11,2.1127e-11
2.5047e-11,2.3718e-11,1.4889e-11
1.7635e-11,1.7039e-11,2.1721e-11
1.9405e-11,1.6506e-11,2.095e-11
1.7593e-11,1.1789e-11,1.8826e-11
1.9175e-11,1.3453e-11,2.4822e-11
4.5921e-11,3.6143e-11,3.6471e-11
2.5103e-11,1.7051e-11,2.7873e-11
6.897e-11,5.6273e-11,6.1012e-11
7.6753e-11,4.0777e-11,4.3112e-11
2.187e-11,7.0463e-12,1.6932e-11
2.7521e-11,3.2769e-11,2.785e-11
2.3285e-11,1.3038e-11,2.2664e-11
3.0407e-11,2.3799e-11,2.3217e-11
8.716e-11,3.8583e-11,4.7574e-11
1.1656e-10,6.2451e-11,9.3647e-11
2.3067e-11,1.9129e-11,2.193e-11
2.4755e-11,1.1579e-11,2.9296e-11
3.7604e-11,1.7733e-11,3.295e-11
4.429e-11,1.3961e-11,4.144e-11
4.8631e-11,9.1607e-12,5.0925e-11
5.2005e-11,1.0435e-11,5.1512e-11
5.4946e-11,1.0208e-11,5.3545e-11
6.0375e-11,2.2661e-11,1.5413e-11
6.3875e-11,4.7252e-11,4.2602e-11
1.4906e-11,1.2049e-11,7.4584e-12
3.3436e-11,5.6739e-11,5.4276e-11
3.0743e-11,4.3746e-11,4.0159e-11
5.6188e-11,4.3898e-11,2.0431e-11
1.2723e-11,2.0586e-11,1.5849e-11
5.8474e-11,4.2793e-11,3.5016e-11
4.7355e-11,3.3189e-11,3.2697e-11
1.2788e-11,1.5923e-11,1.2066e-11
2.5916e-11,3.6341e-11,2.8636e-11
2.0328e-11,4.4013e-11,2.6793e-11
2.0292e-11,3.2178e-11,2.3377e-11
1.5188e-11,2.765e-11,2.5243e-11
3.265e-11,5.1726e-11,3.5383e-11
2.1131e-11,2.0171e-11,2.1727e-11
3.4781e-11,5.1074e-11,4.4063e-11
4.3854e-11,4.0329e-11,3.5064e-11
1.6934e-11,1.3762e-11,2.2305e-11
2.4218e-11,1.9893e-11,2.3034e-11
4.1972e-11,4.5195e-11,3.7282e-11
4.6827e-11,4.6429e-11,4.5801e-11
1.8005e-11,1.048e-11,1.5721e-11
1.8751e-11,1.7595e-11,1.9656e-11
3.6247e-11,1.9706e-11,2.3604e-11
6.1837e-11,5.1087e-11,5.1343e-11
1.0677e-10,7.0912e-11,9.0118e-11
2.7972e-11,2.1242e-11,3.2214e-11
2.3957e-11,1.781e-11,2.3462e-11
2.0361e-11,1.0475e-11,1.9909e-11
9.6463e-11,4.718e-11,5.2264e-11
3.2277e-11,1.4961e-11,3.2393e-11
2.9908e-11,1.1113e-11,2.8276e-11
5.1446e-11,1.7501e-11,4.5337e-11
5.5568e-11,2.7689e-11,4.9781e-11
5.5112e-11,1.5343e-11,5.3927e-11
5.3502e-11,4.5412e-11,2.6097e-11
2.7738e-11,2.2843e-11,2.0492e-11
3.7452e-11,5.2205e-11,4.7353e-11
6.938e-11,2.9939e-11,2.9339e-11
5.4536e-11,4.5836e-11,2.8071e-11
2.7315e-11,2.2661e-11,1.862e-11
1.6268e-11,1.5197e-11,9.1819e-12
1.87e-11,1.8989e-11,1.5153e-11
5.245e-11,2.3839e-11,2.1299e-11
5.4227e-11,3.7653e-11,3.3728e-11
1.5634e-11,1.5898e-11,1.3874e-11
1.6515e-11,2.4085e-11,1.5324e-11
5.8141e-11,2.4996e-11,3.3848e-11
1.7499e-11,1.5546e-11,1.5988e-11
6.1522e-11,4.8858e-11,2.2118e-11
2.3211e-11,2.4371e-11,1.7549e-11
7.3679e-11,6.5807e-11,4.9674e-11
7.4216e-11,7.1158e-11,5.553e-11
6.1747e-11,5.6183e-11,2.7195e-11
1.5905e-11,1.7769e-11,1.6541e-11
5.4989e-11,5.9537e-11,2.8622e-11
4.1496e-11,5.4873e-11,3.5988e-11
4.7415e-11,5.7653e-11,4.3501e-11
4.4384e-11,4.0524e-11,5.4021e-11
4.0153e-11,6.5885e-11,4.6744e-11
4.1679e-11,4.208e-11,3.2938e-11
3.6575e-11,6.6448e-11,4.904e-11
7.4523e-11,7.1614e-11,5.8063e-11
7.7344e-11,7.4512e-11,6.1058e-11
2.3064e-11,3.6361e-11,2.6545e-11
1.9177e-11,3.1586e-11,1.9005e-11
1.5424e-11,8.8341e-12,1.6391e-11
4.2481e-11,4.1759e-11,2.7863e-11
2.5241e-11,1.8582e-11,2.098e-11
3.1623e-11,2.6629e-11,3.0922e-11
3.6364e-11,2.709e-11,2.9209e-11
6.8107e-11,5.9287e-11,6.039e-11
4.1882e-11,2.9121e-11,3.8832e-11
8.0048e-11,5.8117e-11,5.3635e-11
8.0655e-11,3.8869e-11,4.465e-11
5.8998e-11,4.185e-11,5.0195e-11
1.8294e-11,7.3295e-12,2.1818e-11
2.7548e-11,3.2757e-11,2.7224e-11
2.4411e-11,1.9335e-11,1.9098e-11
7.5671e-11,2.3554e-11,4.0524e-11
5.8035e-11,4.0825e-11,5.0911e-11
7.8736e-11,2.4986e-11,4.5721e-11
2.9292e-11,1.3254e-11,2.7227e-11
3.0232e-11,1.6907e-11,2.8598e-11
2.8457e-11,1.4838e-11,2.7572e-11
6.6169e-11,3.9666e-11,6.5773e-11
5.3674e-11,1.3226e-11,5.1051e-11
4.5094e-11,1.3875e-11,4.2348e-11
1.7211e-11,1.9425e-11,1.7285e-11
2.9203e-11,2.9531e-11,2.9215e-11
5.4383e-11,3.3386e-11,2.0348e-11
4.7787e-11,2.9274e-11,1.5603e-11
6.5612e-11,3.5377e-11,1.9486e-11
3.869e-11,4.1056e-11,2.754e-11
1.7531e-11,1.4549e-11,2.7973e-11
2.3375e-11,2.4939e-11,1.6316e-11
4.4872e-11,3.5181e-11,3.0082e-11
5.7447e-11,6.0697e-11,4.4253e-11
3.0886e-11,3.27e-11,3.3663e-11
6.0436e-11,6.2812e-11,4.505e-11
2.4071e-11,3.3421e-11,2.9007e-11
2.6141e-11,7.1768e-11,3.6584e-11
3.3725e-11,3.244e-11,2.8328e-11
1.8196e-11,1.8345e-11,1.8369e-11
4.793e-11,6.643e-11,5.324e-11
1.9969e-11,1.4273e-11,1.744e-11
4.8597e-11,7.0269e-11,5.3998e-11
1.7774e-11,1.2357e-11,2.1621e-11
5.9103e-11,4.7425e-11,4.2774e-11
2.6774e-11,2.3721e-11,2.5813e-11
6.7876e-11,6.8511e-11,6.2662e-11
3.3277e-11,1.7757e-11,2.7322e-11
4.7785e-11,2.205e-11,3.0905e-11
1.8215e-11,1.559e-11,2.215e-11
1.847e-11,1.4931e-11,2.0772e-11
1.2087e-10,7.3747e-11,1.0003e-10
9.7443e-11,4.2394e-11,6.3797e-11
2.5552e-11,9.8814e-12,2.2227e-11
2.6296e-11,1.5855e-11,2.5243e-11
1.1321e-10,4.2727e-11,6.7914e-11
3.084e-11,1.1636e-11,3.27e-11
1.1304e-10,3.5864e-11,6.7861e-11
5.2753e-11,1.6557e-11,4.5786e-11
5.2808e-11,2.8835e-11,4.9211e-11
5.1011e-11,9.7411e-12,4.6849e-11
3.7683e-11,6.9735e-12,3.5148e-11
5.3224e-11,1.204e-11,5.284e-11
4.3296e-11,1.8116e-11,3.663e-11
6.0871e-11,2.6756e-11,5.823e-11
4.7324e-11,3.6605e-11,2.516e-11
2.0782e-11,1.691e-11,1.3513e-11
3.3962e-11,4.2344e-11,4.1289e-11
1.5679e-11,1.583e-11,1.2692e-11
3.9509e-11,2.5697e-11,2.1999e-11
3.2585e-11,4.7601e-11,3.5032e-11
5.6559e-11,2.533e-11,2.701e-11
1.8194e-11,2.5739e-11,2.2017e-11
2.0995e-11,2.8321e-11,1.3734e-11
6.3859e-11,6.6082e-11,3.9905e-11
2.9057e-11,3.7565e-11,2.7848e-11
2.354e-11,2.3716e-11,1.9534e-11
2.3172e-11,2.4298e-11,2.258e-11
1.7061e-11,1.2007e-11,1.9069e-11
1.5498e-11,1.895e-11,1.7854e-11
4.0537e-11,4.0977e-11,4.0984e-11
7.3792e-11,6.7873e-11,6.4785e-11
1.5403e-11,1.3328e-11,1.7979e-11
2.5324e-11,2.1236e-11,2.723e-11
4.3717e-11,2.6181e-11,2.4519e-11
3.2897e-11,1.4392e-11,2.6346e-11
2.2811e-11,1.3512e-11,2.2044e-11
2.1356e-11,1.5192e-11,1.7195e-11
6.4134e-11,4.2256e-11,4.9473e-11
2.035e-11,1.4316e-11,1.953e-11
5.3055e-11,3.9177e-11,4.3293e-11
3.8437e-11,1.1927e-11,3.223e-11
1.1381e-10,6.9694e-11,1.0236e-10
3.2377e-11,2.0465e-11,3.0467e-11
6.7882e-11,4.9045e-11,5.804e-11
2.5057e-11,1.2744e-11,2.3688e-11
2.3973e-11,8.1795e-12,2.4829e-11
4.5841e-11,1.924e-11,3.9183e-11
6.7548e-11,2.146e-11,4.226e-11
3.7661e-11,2.1903e-11,3.8129e-11
8.7145e-11,2.3317e-11,5.2579e-11
3.5181e-11,1.4272e-11,3.1841e-11
9.5533e-11,2.5432e-11,5.9057e-11
3.573e-11,1.2535e-11,3.5993e-11
4.922e-11,1.6712e-11,4.4591e-11
5.5339e-11,3.0589e-11,5.0461e-11
3.4299e-11,1.1259e-11,3.6743e-11
3.8277e-11,9.0039e-12,4.0274e-11
5.1152e-11,1.2684e-11,5.2402e-11
3.7761e-11,7.4739e-12,3.5616e-11
3.7997e-11,8.5024e-12,3.6797e-11
4.2944e-11,1.1561e-11,4.1326e-11
6.1467e-11,2.1549e-11,4.0595e-11
4.6623e-11,3.5694e-11,3.8005e-11
6.4296e-11,2.8452e-11,1.3927e-11
1.7925e-11,1.6905e-11,1.4597e-11
2.3508e-11,3.5675e-11,4.0346e-11
5.2403e-11,2.3031e-11,2.7759e-11
6.001e-11,2.7938e-11,2.9758e-11
1.9716e-11,1.7563e-11,1.3911e-11
6.674e-11,6.5355e-11,5.7634e-11
3.8505e-11,3.9017e-11,2.59e-11
6.8309e-11,6.6715e-11,5.9454e-11
2.1615e-11,2.2853e-11,1.7234e-11
3.6278e-11,5.8114e-11,3.6058e-11
3.4237e-11,3.7645e-11,2.6495e-11
4.9626e-11,3.7734e-11,4.2005e-11
4.7353e-11,4.579e-11,3.66e-11
2.0234e-11,3.1935e-11,3.2201e-11
5.6202e-11,8.2839e-11,6.634e-11
1.9593e-11,1.8596e-11,2.4406e-11
3.4864e-11,3.8532e-11,3.6241e-11
1.7255e-11,9.4534e-12,1.9899e-11
2.9534e-11,2.8003e-11,2.9174e-11
1.574e-11,9.253e-12,1.4645e-11
1.9375e-11,2.1896e-11,2.1767e-11
7.2336e-11,6.3131e-11,5.9741e-11
2.3426e-11,1.9006e-11,2.5301e-11
3.251e-11,1.4168e-11,2.2186e-11
1.9445e-11,1.6939e-11,1.6882e-11
2.1771e-11,1.5349e-11,2.057e-11
1.9095e-11,8.5496e-12,1.5886e-11
1.7665e-11,9.1225e-12,1.8933e-11
3.8215e-11,2.9264e-11,3.2227e-11
2.4854e-11,1.0661e-11,2.8886e-11
2.1279e-11,1.385e-11,2.1443e-11
2.3679e-11,1.195e-11,2.2596e-11
4.6699e-11,1.5679e-11,3.5008e-11
6.7945e-11,3.0545e-11,4.9407e-11
3.155e-11,9.777e-12,3.3819e-11
4.5546e-11,2.4228e-11,3.9449e-11
4.3283e-11,1.028e-11,4.2256e-11
5.8934e-11,2.2051e-11,5.6206e-11
3.018e-11,2.5236e-11,2.0765e-11
3.7273e-11,4.2836e-11,2.9636e-11
1.6761e-11,1.7723e-11,1.4853e-11
2.3743e-11,3.3302e-11,2.9059e-11
3.6385e-11,2.4122e-11,1.8532e-11
1.6164e-11,1.5446e-11,1.2358e-11
1.5334e-11,2.1457e-11,2.198e-11
2.7859e-11,2.2458e-11,1.5655e-11
2.2636e-11,2.599e-11,2.9208e-11
1.5029e-11,1.072e-11,1.0481e-11
6.2097e-11,6.1582e-11,4.5983e-11
5.4694e-11,4.4907e-11,3.5548e-11
1.6154e-11,2.8086e-11,1.6689e-11
5.1424e-11,5.6032e-11,3.6194e-11
2.1338e-11,2.2497e-11,1.8509e-11
1.6412e-11,1.489e-11,2.0157e-11
3.3649e-11,3.5493e-11,2.3949e-11
2.4381e-11,5.7673e-11,3.671e-11
2.0283e-11,2.072e-11,2.131e-11
4.6813e-11,7.5477e-11,4.8997e-11
4.4817e-11,7.3721e-11,5.3168e-11
2.0655e-11,3.5171e-11,3.4949e-11
6.1723e-11,6.1979e-11,4.8097e-11
3.9702e-11,3.5268e-11,4.173e-11
1.8325e-11,1.7897e-11,2.5375e-11
1.9356e-11,2.5641e-11,1.8508e-11
2.6296e-11,4.13e-11,3.9276e-11
1.6157e-11,1.0854e-11,1.868e-11
8.2172e-11,8.1729e-11,8.3842e-11
2.3117e-11,1.4132e-11,1.5812e-11
6.6856e-11,4.0785e-11,5.5546e-11
2.4174e-11,1.2194e-11,2.8428e-11
2.6024e-11,1.5389e-11,2.1554e-11
2.8608e-11,1.4445e-11,2.9334e-11
1.9138e-11,1.1231e-11,1.697e-11
9.1505e-11,4.732e-11,1.0035e-10
3.4846e-11,2.3561e-11,3.043e-11
7.1984e-11,4.9856e-11,5.7329e-11
5.0183e-11,3.252e-11,4.7071e-11
3.5896e-11,1.994e-11,3.5619e-11
1.0345e-10,4.7377e-11,6.8817e-11
2.8928e-11,1.3163e-11,2.4133e-11
3.8118e-11,1.4483e-11,4.0855e-11
7.9775e-11,2.028e-11,5.2406e-11
1.0639e-10,3.2253e-11,6.4337e-11
6.5253e-11,4.0454e-11,6.0142e-11
3.2352e-11,1.2781e-11,3.0305e-11
5.4902e-11,2.9993e-11,4.7215e-11
3.9966e-11,9.8122e-12,3.4689e-11
5.7334e-11,1.029e-11,5.732e-11
5.7357e-11,9.1427e-12,5.6432e-11
2.2764e-11,1.8865e-11,1.6467e-11
3.8122e-11,2.985e-11,3.1986e-11
1.3971e-11,1.3918e-11,3.5301e-11
3.369e-11,3.945e-11,3.8429e-11
2.4485e-11,4.0362e-11,3.4982e-11
4.9599e-11,2.9835e-11,1.2879e-11
1.5853e-11,2.4836e-11,1.4791e-11
4.9217e-11,3.5733e-11,2.9142e-11
2.2233e-11,1.8474e-11,2.2848e-11
1.2175e-11,8.8e-12,1.8845e-11
1.1621e-11,1.0379e-11,9.356e-12
5.3948e-11,7.0703e-11,4.4587e-11
4.1634e-11,8.1909e-11,3.8521e-11
1.6728e-11,1.7607e-11,2.3791e-11
2.7791e-11,2.748e-11,2.223e-11
7.7229e-11,7.5517e-11,5.6971e-11
2.7867e-11,2.6636e-11,2.5256e-11
2.1088e-11,1.8974e-11,3.0487e-11
2.4018e-11,1.5781e-11,2.4885e-11
1.5693e-11,1.6217e-11,2.279e-11
4.0642e-11,3.2818e-11,3.4045e-11
3.0968e-11,2.2648e-11,2.712e-11
2.5256e-11,2.1781e-11,2.7511e-11
1.8933e-11,1.2551e-11,1.6882e-11
1.7502e-11,9.3829e-12,1.6523e-11
6.1605e-11,4.5611e-11,4.9424e-11
5.4276e-11,1.8921e-11,2.9411e-11
2.9804e-11,1.7784e-11,2.6968e-11
7.0799e-11,4.9729e-11,5.6876e-11
6.3981e-11,2.8512e-11,4.893e-11
4.9146e-11,1.6746e-11,4.0535e-11
3.0211e-11,1.4616e-11,2.6399e-11
6.3867e-11,4.1691e-11,5.5897e-11
3.1742e-11,9.988e-12,3.0011e-11
3.4324e-11,1.3349e-11,3.2254e-11
6.2486e-11,3.4729e-11,5.5662e-11
5.1348e-11,2.6532e-11,4.9662e-11
5.0723e-11,1.622e-11,4.64e-11
4.8797e-11,8.7856e-12,4.8467e-11
4.4466e-11,3.9892e-11,2.579e-11
2.6215e-11,1.9198e-11,4.6238e-11
4.6127e-11,3.4128e-11,2.3337e-11
1.6335e-11,1.6423e-11,1.5914e-11
5.0663e-11,2.8166e-11,2.0786e-11
4.2222e-11,4.4493e-11,5.3835e-11
5.4256e-11,2.4546e-11,2.3775e-11
5.1018e-11,3.1592e-11,1.723e-11
5.2949e-11,2.2734e-11,2.3932e-11
4.7822e-11,3.9652e-11,2.6374e-11
5.1104e-11,4.2357e-11,3.3188e-11
3.7592e-11,2.5634e-11,3.2546e-11
6.6508e-11,6.7383e-11,6.2689e-11
5.3109e-11,6.1063e-11,3.7137e-11
4.7098e-11,4.5814e-11,3.2932e-11
3.0915e-11,4.2328e-11,2.8225e-11
2.5381e-11,5.2464e-11,3.4155e-11
1.6006e-11,1.6702e-11,1.9016e-11
4.9062e-11,7.6813e-11,5.5412e-11
6.9762e-11,6.4949e-11,4.9516e-11
5.9694e-11,5.453e-11,4.1993e-11
1.429e-11,1.2023e-11,1.6713e-11
1.4756e-11,1.1861e-11,1.7631e-11
6.7518e-11,1.0359e-10,8.3991e-11
1.9672e-11,1.0388e-11,1.7361e-11
1.6917e-11,1.0666e-11,1.7856e-11
3.9679e-11,3.1533e-11,3.6733e-11
2.4828e-11,1.4439e-11,1.8909e-11
2.1878e-11,1.3789e-11,1.9078e-11
2.6781e-11,1.9986e-11,2.0622e-11
2.3168e-11,1.0411e-11,2.1393e-11
8.6193e-11,4.4311e-11,7.7166e-11
2.3719e-11,8.1492e-12,2.8381e-11
9.4801e-11,4.2541e-11,6.2594e-11
3.6493e-11,1.578e-11,3.5024e-11
4.3745e-11,2.1003e-11,4.3549e-11
3.9306e-11,1.3932e-11,3.8367e-11
3.6759e-11,7.1998e-12,3.6682e-11
4.18e-11,1.7697e-11,3.8294e-11
4.6186e-11,4.0515e-11,2.9998e-11
4.1924e-11,3.9151e-11,3.2015e-11
6.406e-11,2.9926e-11,3.3486e-11
4.0934e-11,3.7792e-11,3.0156e-11
3.593e-11,2.2181e-11,2.7525e-11
3.2689e-11,2.4165e-11,1.2677e-11
5.2211e-11,2.7696e-11,2.4493e-11
2.3045e-11,1.9896e-11,1.4445e-11
1.8347e-11,1.7799e-11,1.5527e-11
3.1361e-11,2.6388e-11,1.6506e-11
3.1292e-11,4.8208e-11,4.2909e-11
1.8768e-11,3.2428e-11,2.3024e-11
3.4254e-11,2.8019e-11,2.7191e-11
2.3942e-11,2.0949e-11,1.5184e-11
4.8562e-11,3.7379e-11,2.9316e-11
1.1184e-11,1.6904e-11,1.8123e-11
5.5744e-11,5.509e-11,4.8126e-11
3.9232e-11,2.9487e-11,1.8111e-11
5.0517e-11,4.3771e-11,3.5683e-11
4.1248e-11,3.4104e-11,2.4712e-11
1.7605e-11,1.8501e-11,1.1165e-11
5.8002e-11,6.842e-11,4.0666e-11
4.4445e-11,4.3275e-11,3.3237e-11
5.7151e-11,6.2948e-11,5.4663e-11
2.2594e-11,2.2548e-11,1.7773e-11
1.8714e-11,2.0177e-11,1.3442e-11
5.5305e-11,7.0276e-11,5.5999e-11
3.3171e-11,4.6341e-11,3.0924e-11
4.535e-11,5.2468e-11,3.0389e-11
7.4872e-11,7.2155e-11,5.5536e-11
1.6599e-11,2.1479e-11,2.0186e-11
2.4846e-11,3.6762e-11,2.5765e-11
2.9087e-11,2.1759e-11,2.3493e-11
1.8945e-11,1.0055e-11,1.37e-11
2.7874e-11,2.3592e-11,3.0682e-11
3.6545e-11,3.5496e-11,3.2286e-11
1.5969e-11,1.2483e-11,2.4408e-11
7.6249e-11,8.8785e-11,8.6997e-11
1.8094e-11,1.7013e-11,2.2267e-11
4.5054e-11,3.2409e-11,5.1538e-11
2.9684e-11,2.6846e-11,3.3648e-11
2.0675e-11,1.0027e-11,2.3435e-11
5.4452e-11,3.0019e-11,3.215e-11
2.8987e-11,1.9297e-11,2.3137e-11
9.3549e-11,6.1413e-11,1.0477e-10
2.4889e-11,1.9153e-11,2.6304e-11
2.3047e-11,1.7249e-11,2.342e-11
2.7274e-11,8.3768e-12,3.3912e-11
3.4047e-11,1.8732e-11,3.0613e-11
8.2461e-11,3.0011e-11,5.0552e-11
2.3624e-11,1.2361e-11,2.1062e-11
2.3954e-11,8.0321e-12,2.0714e-11
3.4475e-11,9.9686e-12,3.7418e-11
2.6058e-11,1.5443e-11,2.8474e-11
5.4073e-11,3.2359e-11,4.99e-11
6.6743e-11,3.4565e-11,5.7787e-11
3.9733e-11,1.3174e-11,3.9709e-11
4.8105e-11,1.8532e-11,4.3002e-11
4.8564e-11,1.5486e-11,4.0569e-11
5.579e-11,2.4037e-11,5.0653e-11
5.8574e-11,1.2468e-11,5.5864e-11
3.9065e-11,3.2669e-11,2.6468e-11
1.572e-11,1.3565e-11,1.601e-11
1.3865e-11,1.3215e-11,1.0597e-11
2.1515e-11,2.202e-11,2.9861e-11
4.6783e-11,4.3806e-11,3.7282e-11
4.3844e-11,4.3736e-11,3.3031e-11
4.8632e-11,4.5262e-11,3.9576e-11
5.1182e-11,5.6198e-11,3.4453e-11
2.845e-11,2.7384e-11,3.3033e-11
6.0812e-11,3.0244e-11,3.0203e-11
3.1369e-11,2.8922e-11,3.6621e-11
1.7179e-11,1.5911e-11,1.0454e-11
1.5719e-11,1.8119e-11,1.5326e-11
3.7676e-11,2.5509e-11,3.0784e-11
1.5808e-11,3.1349e-11,1.8735e-11
1.3583e-11,1.1188e-11,1.5496e-11
5.8943e-11,6.9509e-11,4.1783e-11
1.1593e-11,1.3329e-11,2.5949e-11
4.7098e-11,6.9955e-11,4.8693e-11
4.4796e-11,7.0383e-11,5.2906e-11
2.9489e-11,4.7477e-11,3.6248e-11
1.9518e-11,2.1295e-11,2.5061e-11
1.8867e-11,1.7862e-11,2.1798e-11
1.9796e-11,3.2158e-11,2.698e-11
6.3426e-11,9.8825e-11,7.4214e-11
1.7866e-11,2.03e-11,1.9333e-11
1.821e-11,1.2078e-11,1.4296e-11
3.0434e-11,2.2083e-11,2.6577e-11
2.704e-11,2.5936e-11,2.7562e-11
6.456e-11,5.1616e-11,5.0584e-11
2.0367e-11,1.6288e-11,1.8681e-11
2.0828e-11,1.6282e-11,2.4029e-11
2.927e-11,1.6484e-11,2.417e-11
2.1509e-11,1.3037e-11,1.837e-11
5.7808e-11,2.3714e-11,3.6905e-11
5.4187e-11,3.6727e-11,4.4045e-11
5.9228e-11,2.2065e-11,3.9879e-11
2.4713e-11,9.9298e-12,3.1601e-11
2.5965e-11,8.1205e-12,3.2134e-11
5.1383e-11,1.4209e-11,4.353e-11
8.268e-11,3.2173e-11,5.6565e-11
4.5672e-11,1.3922e-11,4.7196e-11
5.2297e-11,1.6959e-11,4.7138e-11
9.2656e-11,2.5685e-11,6.1085e-11
3.6272e-11,1.8036e-11,3.1093e-11
4.3733e-11,1.7799e-11,4.5377e-11
6.231e-11,3.2516e-11,5.5682e-11
4.3087e-11,1.2444e-11,3.8622e-11
4.1873e-11,1.5637e-11,4.0871e-11
4.8946e-11,1.5049e-11,4.135e-11
5.6034e-11,1.0706e-11,5.5429e-11
6.3399e-11,1.5577e-11,5.9759e-11
6.5224e-11,1.7309e-11,6.2297e-11
4.7916e-11,4.5139e-11,3.6083e-11
3.3221e-11,2.2593e-11,2.6568e-11
7.637e-11,3.5092e-11,3.8769e-11
2.155e-11,1.3626e-11,3.6876e-11
1.7217e-11,1.5108e-11,9.3545e-12
1.27e-11,1.813e-11,2.408e-11
4.4225e-11,4.7715e-11,3.1661e-11
5.3592e-11,2.4805e-11,2.877e-11
1.4875e-11,1.2804e-11,7.933e-12
1.4129e-11,1.6176e-11,1.5289e-11
3.9979e-11,3.7284e-11,2.5427e-11
2.554e-11,2.6623e-11,1.6463e-11
1.53e-11,1.5345e-11,2.9391e-11
3.0845e-11,5.8467e-11,3.1671e-11
5.143e-11,7.5583e-11,5.1547e-11
1.7355e-11,1.84e-11,2.0701e-11
4.204e-11,4.6945e-11,3.0885e-11
1.9072e-11,1.7254e-11,2.3208e-11
3.2331e-11,4.0121e-11,3.7223e-11
3.8381e-11,5.6969e-11,4.4205e-11
1.8891e-11,1.6209e-11,1.9191e-11
1.9293e-11,1.7485e-11,2.9931e-11
3.1808e-11,3.3159e-11,2.7893e-11
2.2482e-11,1.676e-11,1.7595e-11
1.8448e-11,1.3254e-11,1.9244e-11
1.2622e-11,7.7892e-12,1.4672e-11
1.4819e-11,8.038e-12,1.5022e-11
1.7351e-11,7.6881e-12,1.2721e-11
1.922e-11,1.3013e-11,1.4637e-11
5.3175e-11,4.7691e-11,7.6803e-11
5.1798e-11,5.343e-11,6.3964e-11
2.0935e-11,8.1446e-12,2.2305e-11
1.8496e-11,9.0889e-12,2.4303e-11
1.034e-10,6.6002e-11,1.2237e-10
1.8137e-11,1.1436e-11,1.5075e-11
7.7088e-11,5.4812e-11,8.0042e-11
5.4124e-11,2.1645e-11,3.6323e-11
4.9963e-11,3.3654e-11,3.6608e-11
2.3399e-11,2.0603e-11,2.2421e-11
7.066e-11,5.6012e-11,5.8043e-11
3.9986e-11,1.1458e-11,3.2884e-11
8.8169e-11,4.156e-11,7.6818e-11
2.8679e-11,7.1065e-12,3.3442e-11
2.4734e-11,1.0799e-11,2.7918e-11
4.6102e-11,1.9826e-11,4.2023e-11
4.1114e-11,1.5789e-11,4.0183e-11
4.6951e-11,1.424e-11,4.194e-11
4.6881e-11,1.2296e-11,4.3662e-11
6.0673e-11,1.7039e-11,5.7444e-11
6.3719e-11,1.1692e-11,5.4839e-11
3.0269e-11,2.5372e-11,2.029e-11
2.3027e-11,1.9479e-11,3.289e-11
1.6776e-11,2.2137e-11,1.3805e-11
4.7758e-11,4.8273e-11,4.6915e-11
5.2877e-11,5.8718e-11,3.636e-11
4.6262e-11,4.1911e-11,3.9025e-11
1.3702e-11,1.5124e-11,8.8014e-12
1.671e-11,2.0775e-11,1.8068e-11
2.0447e-11,2.1237e-11,1.2757e-11
3.4859e-11,3.8552e-11,2.2364e-11
5.5357e-11,6.1402e-11,4.9592e-11
4.4052e-11,5.0685e-11,3.071e-11
5.2754e-11,5.6226e-11,3.5716e-11
6.0851e-11,6.6423e-11,4.2223e-11
1.6538e-11,2.0329e-11,1.8331e-11
5.3753e-11,5.1288e-11,3.6686e-11
1.5567e-11,1.8611e-11,2.0608e-11
1.5131e-11,7.1203e-12,1.3286e-11
9.3649e-11,8.1205e-11,9.9391e-11
3.4777e-11,2.1435e-11,2.3602e-11
2.2002e-11,2.2891e-11,1.9152e-11
9.0626e-11,6.8205e-11,1.1167e-10
6.8772e-11,5.8039e-11,5.428e-11
2.1475e-11,1.2903e-11,1.5739e-11
2.3331e-11,1.6575e-11,1.7562e-11
2.1719e-11,1.161e-11,2.0567e-11
2.4681e-11,1.3851e-11,2.4294e-11
2.6956e-11,2.3074e-11,2.5149e-11
2.6882e-11,1.305e-11,2.3499e-11
3.9053e-11,2.3767e-11,3.3726e-11
4.5654e-11,2.6472e-11,3.9313e-11
3.0961e-11,1.3516e-11,3.0698e-11
6.2713e-11,3.4579e-11,5.4863e-11
2.5405e-11,2.1056e-11,2.0549e-11
2.1067e-11,2.7107e-11,2.9494e-11
1.5556e-11,1.3538e-11,1.2701e-11
1.9636e-11,2.664e-11,1.4749e-11
5.5912e-11,6.1213e-11,3.8379e-11
4.6118e-11,2.2532e-11,3.6641e-11
3.8587e-11,4.0185e-11,2.5138e-11
1.8049e-11,1.8067e-11,1.4695e-11
2.6449e-11,2.8084e-11,1.709e-11
3.0132e-11,2.7236e-11,2.8962e-11
4.154e-11,3.1504e-11,2.3955e-11
2.2967e-11,1.2238e-11,1.4831e-11
1.3213e-11,1.3959e-11,9.6115e-12
3.3521e-11,4.8707e-11,3.1437e-11
4.4658e-11,5.0969e-11,3.1182e-11
4.8981e-11,7.2709e-11,6.089e-11
1.6165e-11,1.8413e-11,1.816e-11
5.0355e-11,7.4725e-11,5.8982e-11
5.9181e-11,6.347e-11,4.0534e-11
1.4993e-11,1.6475e-11,1.4669e-11
1.9493e-11,1.9242e-11,1.7424e-11
2.0211e-11,2.4391e-11,2.1927e-11
1.9758e-11,2.7745e-11,2.0112e-11
1.7121e-11,1.5127e-11,1.5087e-11
3.1395e-11,3.0237e-11,2.5354e-11
1.5114e-11,1.592e-11,2.3035e-11
2.3868e-11,1.645e-11,2.6619e-11
4.232e-11,4.0263e-11,5.8856e-11
1.7513e-11,1.4856e-11,2.0373e-11
3.6897e-11,4.6811e-11,4.503e-11
3.396e-11,2.4422e-11,2.7763e-11
1.8852e-11,1.5306e-11,1.7049e-11
2.0718e-11,1.3508e-11,1.6e-11
2.551e-11,1.3158e-11,2.751e-11
6.5924e-11,5.2505e-11,5.3131e-11
3.6965e-11,1.736e-11,2.9748e-11
2.2179e-11,1.3102e-11,2.852e-11
2.4663e-11,2.0407e-11,2.2527e-11
2.0985e-11,1.2508e-11,2.7377e-11
5.3085e-11,1.7958e-11,3.6155e-11
2.8173e-11,1.0802e-11,3.6248e-11
3.5444e-11,1.2325e-11,3.6361e-11
6.3744e-11,1.4775e-11,4.7644e-11
3.7611e-11,1.113e-11,3.619e-11
5.5481e-11,2.891e-11,4.8804e-11
5.4043e-11,1.2579e-11,5.203e-11
6.5313e-11,1.9927e-11,6.1915e-11
5.9494e-11,1.3553e-11,6.0538e-11
2.172e-11,1.7216e-11,1.5505e-11
1.8516e-11,1.2696e-11,1.5087e-11
2.4014e-11,3.1674e-11,3.5384e-11
3.2483e-11,2.6984e-11,2.7489e-11
1.5598e-11,1.3216e-11,1.7018e-11
1.7908e-11,2.0695e-11,7.7269e-12
4.4461e-11,2.1226e-11,2.3889e-11
1.5766e-11,1.5179e-11,1.5017e-11
1.4771e-11,1.1861e-11,6.1893e-12
2.7244e-11,2.1737e-11,2.891e-11
3.4077e-11,2.6159e-11,3.412e-11
1.3655e-11,1.4226e-11,1.7332e-11
2.5146e-11,2.8839e-11,2.8169e-11
2.1729e-11,1.9912e-11,2.0534e-11
2.1976e-11,2.6295e-11,1.7406e-11
3.4929e-11,4.3086e-11,1.6017e-11
2.3589e-11,3.0022e-11,3.4353e-11
2.8591e-11,3.1073e-11,2.2268e-11
1.5755e-11,1.8939e-11,1.346e-11
1.2024e-11,1.223e-11,7.9233e-12
3.9325e-11,3.7384e-11,3.0472e-11
3.2255e-11,3.5956e-11,2.0882e-11
2.0562e-11,2.249e-11,1.4836e-11
6.5462e-11,6.604e-11,4.6576e-11
1.9184e-11,1.6822e-11,1.7442e-11
6.8403e-11,7.8526e-11,6.688e-11
1.735e-11,1.6618e-11,1.5925e-11
2.6334e-11,2.3102e-11,1.9218e-11
1.8519e-11,1.7342e-11,1.931e-11
1.6597e-11,2.023e-11,1.7844e-11
1.7518e-11,1.5992e-11,1.6212e-11
4.2614e-11,3.5718e-11,5.9603e-11
5.3438e-11,4.7199e-11,3.814e-11
5.6022e-11,4.9589e-11,3.9974e-11
1.8978e-11,1.009e-11,2.3021e-11
3.9636e-11,4.3757e-11,4.7869e-11
9.8868e-11,5.8235e-11,1.1248e-10
6.8381e-11,5.7606e-11,5.3181e-11
4.2826e-11,2.2281e-11,3.2245e-11
2.1466e-11,1.6685e-11,1.8018e-11
2.6192e-11,1.6653e-11,2.3553e-11
5.9183e-11,2.2165e-11,4.0997e-11
2.5926e-11,1.5555e-11,2.3505e-11
5.4284e-11,1.698e-11,4.3449e-11
8.2207e-11,2.8749e-11,5.7511e-11
4.7824e-11,9.193e-12,4.5068e-11
5.1539e-11,3.22e-11,4.768e-11
4.6546e-11,1.0269e-11,4.7244e-11
3.2937e-11,1.0799e-11,2.664e-11
6.5329e-11,3.4121e-11,5.6312e-11
4.3462e-11,1.2489e-11,4.0808e-11
4.0034e-11,1.3509e-11,3.6774e-11
5.8652e-11,2.6356e-11,5.3569e-11
4.7405e-11,1.3862e-11,4.3282e-11
5.9207e-11,1.1572e-11,5.4822e-11
6.5248e-11,1.3077e-11,5.8814e-11
3.0603e-11,2.4664e-11,1.8793e-11
5.0027e-11,4.9064e-11,3.3594e-11
2.6587e-11,1.9624e-11,1.8063e-11
3.3537e-11,3.0423e-11,2.1723e-11
1.4523e-11,2.9072e-11,1.8075e-11
3.6621e-11,3.4738e-11,2.497e-11
3.7951e-11,2.6209e-11,3.0975e-11
1.3367e-11,2.5927e-11,1.3878e-11
2.9226e-11,2.7817e-11,1.7901e-11
1.9482e-11,1.4848e-11,2.0162e-11
2.4895e-11,2.9934e-11,1.8841e-11
1.4411e-11,1.5837e-11,1.2054e-11
5.244e-11,6.2616e-11,3.6897e-11
3.2721e-11,3.7012e-11,2.2174e-11
1.5672e-11,1.3814e-11,1.9633e-11
1.4315e-11,1.6955e-11,1.4107e-11
4.5098e-11,5.7779e-11,4.2128e-11
1.8127e-11,1.8581e-11,2.0066e-11
1.5821e-11,1.6613e-11,1.4813e-11
1.661e-11,1.6628e-11,1.5716e-11
1.5654e-11,1.5405e-11,1.3397e-11
3.3767e-11,4.0723e-11,5.231e-11
1.6848e-11,1.5239e-11,1.819e-11
5.2992e-11,3.8098e-11,6.9396e-11
1.5987e-11,8.616e-12,1.4495e-11
2.5184e-11,1.7091e-11,2.2637e-11
1.8573e-11,1.2163e-11,1.587e-11
2.9779e-11,2.7261e-11,3.9472e-11
3.1916e-11,2.8349e-11,3.5099e-11
2.2364e-11,1.3019e-11,2.0641e-11
2.0048e-11,1.3123e-11,2.4441e-11
4.3588e-11,2.3412e-11,3.2095e-11
7.2404e-11,3.8871e-11,8.5769e-11
6.2827e-11,5.0273e-11,4.8516e-11
2.1944e-11,1.601e-11,2.1159e-11
4.8518e-11,1.1079e-11,3.5292e-11
3.0594e-11,1.4687e-11,2.4907e-11
5.4912e-11,3.3786e-11,4.7189e-11
3.15e-11,2.6072e-11,3.5845e-11
4.3067e-11,1.3381e-11,4.0038e-11
6.3318e-11,3.4366e-11,5.3531e-11
5.2194e-11,1.6952e-11,5.0178e-11
5.3247e-11,1.0895e-11,4.494e-11
6.485e-11,1.2032e-11,5.8512e-11
3.6673e-11,3.0991e-11,2.18e-11
1.8294e-11,2.0976e-11,2.5425e-11
1.5101e-11,2.8378e-11,1.6812e-11
4.7496e-11,5.1614e-11,5.9784e-11
3.2299e-11,2.3196e-11,3.0523e-11
3.2496e-11,2.8694e-11,2.9616e-11
2.6673e-11,2.6929e-11,4.2778e-11
2.3973e-11,1.6835e-11,1.4224e-11
1.3794e-11,1.7275e-11,1.2898e-11
2.0302e-11,2.7575e-11,2.9495e-11
6.432e-11,7.6769e-11,4.3194e-11
3.8974e-11,4.3779e-11,4.1086e-11
2.5052e-11,3.5742e-11,3.2934e-11
2.7703e-11,4.2355e-11,2.9433e-11
4.8627e-11,8.095e-11,6.4748e-11
2.4817e-11,2.7173e-11,1.7821e-11
1.9555e-11,1.7229e-11,1.7219e-11
4.5546e-11,5.0429e-11,5.4408e-11
3.1276e-11,3.2308e-11,2.6707e-11
1.857e-11,1.84e-11,2.6646e-11
2.3829e-11,1.9783e-11,3.053e-11
2.1067e-11,2.0694e-11,2.4209e-11
2.0837e-11,1.8227e-11,2.5316e-11
3.4847e-11,3.8675e-11,4.641e-11
8.4517e-11,7.2569e-11,1.0038e-10
3.1944e-11,2.1155e-11,2.3759e-11
2.3121e-11,2.2397e-11,2.0817e-11
4.6783e-11,3.5679e-11,3.6086e-11
2.4424e-11,2.1383e-11,2.098e-11
2.7163e-11,2.1333e-11,2.5043e-11
2.0682e-11,1.5915e-11,1.9677e-11
2.152e-11,8.575e-12,2.6328e-11
2.6396e-11,2.1555e-11,2.5004e-11
4.8264e-11,3.5133e-11,3.3556e-11
6.0978e-11,3.5464e-11,6.597e-11
4.2448e-11,2.8164e-11,3.4848e-11
2.2518e-11,1.7775e-11,1.9994e-11
6.1936e-11,3.5441e-11,4.755e-11
2.5402e-11,1.5448e-11,2.2436e-11
2.6176e-11,1.944e-11,3.114e-11
6.8448e-11,4.4013e-11,5.4145e-11
4.3562e-11,2.6389e-11,4.0476e-11
3.8101e-11,1.7155e-11,3.4255e-11
8.4902e-11,2.3162e-11,6.3711e-11
4.2776e-11,1.6828e-11,3.7796e-11
5.1144e-11,2.1707e-11,4.5444e-11
5.4581e-11,1.2547e-11,4.4754e-11
6.1752e-11,1.1274e-11,5.5401e-11
1.6579e-11,1.6332e-11,1.2874e-11
2.8187e-11,3.5592e-11,4.4192e-11
3.2889e-11,3.234e-11,3.2013e-11
5.0852e-11,5.3643e-11,3.1742e-11
1.5911e-11,1.209e-11,9.7146e-12
2.6835e-11,1.948e-11,1.4468e-11
3.6951e-11,2.4789e-11,3.2775e-11
2.7832e-11,1.762e-11,1.9634e-11
5.4829e-11,5.9959e-11,3.5018e-11
1.5535e-11,3.1053e-11,1.8981e-11
4.6365e-11,5.2778e-11,6.1816e-11
3.7559e-11,4.1921e-11,4.2475e-11
1.5164e-11,1.4311e-11,9.3313e-12
2.0483e-11,2.6606e-11,1.6132e-11
1.6091e-11,2.0167e-11,2.0129e-11
1.2607e-11,1.5523e-11,1.1677e-11
4.5627e-11,7.1443e-11,5.7407e-11
4.3038e-11,5.2472e-11,4.1871e-11
6.7752e-11,6.9454e-11,4.795e-11
1.9508e-11,2.2602e-11,1.9911e-11
2.8584e-11,1.7655e-11,2.985e-11
9.4112e-11,9.173e-11,9.6589e-11
1.0231e-10,9.4468e-11,1.0677e-10
2.1284e-11,3.126e-11,2.8187e-11
3.7124e-11,3.4329e-11,5.3128e-11
6.469e-11,5.9254e-11,4.6251e-11
5.0663e-11,3.7737e-11,7.7373e-11
6.4169e-11,5.1584e-11,4.8435e-11
3.3232e-11,2.6311e-11,4.6712e-11
1.8086e-11,9.0476e-12,1.7595e-11
5.4818e-11,3.8497e-11,7.5853e-11
1.7815e-11,1.5887e-11,1.7154e-11
2.788e-11,1.9085e-11,2.2798e-11
2.5776e-11,2.0976e-11,2.4691e-11
6.7673e-11,3.6031e-11,7.7327e-11
7.1006e-11,3.6116e-11,8.9288e-11
2.3441e-11,1.6468e-11,2.737e-11
2.211e-11,1.2011e-11,2.105e-11
7.2607e-11,3.5159e-11,5.1582e-11
2.5717e-11,1.8468e-11,2.2563e-11
2.4088e-11,1.4499e-11,2.2008e-11
4.6635e-11,3.4253e-11,3.7075e-11
3.1847e-11,1.7075e-11,2.648e-11
7.1949e-11,4.2022e-11,5.9374e-11
9.1707e-11,3.2249e-11,6.8051e-11
4.1949e-11,2.8673e-11,3.1017e-11
7.4391e-11,2.1436e-11,5.9571e-11
5.0009e-11,1.4469e-11,4.9151e-11
4.7331e-11,1.326e-11,4.1097e-11
4.8249e-11,1.1831e-11,4.4273e-11
5.1556e-11,1.0012e-11,4.7231e-11
5.9342e-11,1.0907e-11,5.696e-11
4.7993e-11,4.625e-11,3.0701e-11
2.6077e-11,2.0452e-11,1.6729e-11
1.8888e-11,2.1007e-11,1.9088e-11
2.834e-11,2.0657e-11,2.3812e-11
2.7147e-11,1.5434e-11,1.0807e-11
9.4939e-12,1.5747e-11,1.5892e-11
5.8696e-11,6.9627e-11,3.8752e-11
4.3405e-11,4.8796e-11,2.8822e-11
1.6338e-11,2.188e-11,1.8413e-11
4.1793e-11,2.359e-11,1.8062e-11
4.189e-11,4.9843e-11,2.7048e-11
4.0526e-11,7.1963e-11,5.2895e-11
1.5565e-11,1.7482e-11,1.7614e-11
4.6107e-11,6.4952e-11,5.6084e-11
1.886e-11,1.8961e-11,2.1114e-11
3.2241e-11,2.6574e-11,2.5036e-11
2.7615e-11,2.4739e-11,2.162e-11
2.1799e-11,1.8425e-11,2.8231e-11
1.8851e-11,1.8598e-11,2.2693e-11
2.1493e-11,2.7563e-11,2.0601e-11
1.9886e-11,1.942e-11,1.9456e-11
5.8548e-11,4.8893e-11,8.0656e-11
5.2597e-11,4.1211e-11,4.6886e-11
3.1914e-11,1.7392e-11,3.4849e-11
5.7629e-11,3.0562e-11,5.1023e-11
5.855e-11,2.1814e-11,4.1929e-11
2.8673e-11,1.4077e-11,2.5723e-11
3.0764e-11,1.3068e-11,3.4515e-11
6.8198e-11,2.7347e-11,4.8629e-11
2.7228e-11,1.5991e-11,3.2353e-11
2.7741e-11,1.0431e-11,2.3825e-11
8.5188e-11,3.7443e-11,6.3651e-11
3.3708e-11,1.9941e-11,2.7013e-11
4.0741e-11,9.6916e-12,4.384e-11
5.7455e-11,1.3112e-11,4.8946e-11
3.3442e-11,9.1519e-12,2.7509e-11
3.2229e-11,1.2362e-11,3.3659e-11
6.1011e-11,1.292e-11,5.414e-11
2.1184e-11,2.552e-11,2.2113e-11
1.776e-11,1.2052e-11,1.0515e-11
4.9669e-11,4.8751e-11,3.1134e-11
1.6799e-11,1.5062e-11,1.1435e-11
1.6034e-11,2.2892e-11,2.2226e-11
1.9092e-11,1.7737e-11,1.7387e-11
2.6734e-11,2.5754e-11,1.8601e-11
3.6109e-11,4.6401e-11,5.0329e-11
2.7214e-11,3.7807e-11,1.4366e-11
5.829e-11,6.9999e-11,3.8626e-11
1.549e-11,2.0884e-11,1.765e-11
1.4955e-11,2.0488e-11,1.7452e-11
1.4625e-11,1.7236e-11,1.2004e-11
3.3984e-11,4.0229e-11,2.35e-11
2.0189e-11,1.7931e-11,1.6557e-11
2.0669e-11,1.6849e-11,1.4094e-11
4.9569e-11,7.0166e-11,6.1026e-11
1.8231e-11,1.5859e-11,1.8321e-11
6.3272e-11,6.6136e-11,4.5178e-11
3.4479e-11,3.4722e-11,2.6433e-11
3.404e-11,3.7072e-11,6.0405e-11
1.7477e-11,1.6404e-11,1.5574e-11
4.4372e-11,3.9694e-11,6.0632e-11
1.8074e-11,1.7849e-11,1.6285e-11
9.3042e-11,6.7045e-11,1.0217e-10
2.7093e-11,2.1652e-11,4.3572e-11
1.7508e-11,1.3539e-11,1.8057e-11
2.1938e-11,1.1707e-11,2.1556e-11
3.7037e-11,2.469e-11,4.0834e-11
1.6733e-11,1.3819e-11,1.555e-11
2.221e-11,1.8111e-11,2.0155e-11
3.4738e-11,2.0085e-11,3.2747e-11
7.3725e-11,3.7089e-11,5.1666e-11
5.1975e-11,1.6656e-11,3.684e-11
6.2695e-11,3.9895e-11,4.7908e-11
8.2417e-11,3.0726e-11,6.4338e-11
7.4229e-11,2.5011e-11,6.5785e-11
4.192e-11,2.8486e-11,3.7436e-11
4.0667e-11,1.0587e-11,3.4602e-11
5.5169e-11,1.2327e-11,5.4501e-11
4.9782e-11,1.1942e-11,4.2988e-11
6.7271e-11,2.6787e-11,5.835e-11
6.0902e-11,2.1601e-11,5.4664e-11
6.4619e-11,1.7176e-11,5.9513e-11
5.9145e-11,1.22e-11,5.6604e-11
7.1983e-11,1.9286e-11,7.0458e-11
4.9914e-11,4.72e-11,3.3981e-11
4.6738e-11,2.899e-11,3.1834e-11
2.3077e-11,2.4712e-11,1.741e-11
1.6759e-11,1.7529e-11,1.2788e-11
2.8904e-11,2.3855e-11,1.5397e-11
3.8995e-11,1.6077e-11,2.5676e-11
6.3767e-11,7.2496e-11,4.195e-11
1.4684e-11,1.2585e-11,7.2401e-12
9.8162e-12,1.4141e-11,1.5593e-11
3.7295e-11,1.6628e-11,2.4882e-11
1.1934e-11,1.2714e-11,9.3539e-12
2.0699e-11,2.9982e-11,8.6851e-12
2.0551e-11,2.3116e-11,2.9829e-11
3.8558e-11,4.1949e-11,4.7425e-11
1.4129e-11,1.4282e-11,2.0997e-11
5.9004e-11,6.6234e-11,3.8904e-11
4.3993e-11,4.9467e-11,3.1936e-11
4.1297e-11,4.3515e-11,2.8915e-11
1.9911e-11,1.6519e-11,1.9231e-11
2.4078e-11,2.1448e-11,1.6825e-11
5.9431e-11,2.9957e-11,5.565e-11
7.5696e-11,5.4213e-11,5.9633e-11
3.2977e-11,3.5299e-11,6.0695e-11
3.9958e-11,4.5189e-11,3.5384e-11
2.1364e-11,1.521e-11,2.1001e-11
1.7705e-11,1.7347e-11,2.7971e-11
3.1751e-11,2.6669e-11,2.5605e-11
2.811e-11,2.0105e-11,2.2291e-11
7.2117e-11,4.2023e-11,1.0257e-10
5.9463e-11,2.9415e-11,4.5986e-11
2.3424e-11,1.1103e-11,2.68e-11
6.8989e-11,3.0096e-11,5.6052e-11
2.332e-11,7.3953e-12,2.8534e-11
2.5931e-11,8.3403e-12,2.994e-11
2.6129e-11,2.0811e-11,2.4395e-11
2.4465e-11,2.0361e-11,2.3322e-11
4.5041e-11,1.7098e-11,4.0473e-11
8.3572e-11,3.6575e-11,6.4657e-11
2.9802e-11,1.6288e-11,2.3794e-11
2.8062e-11,1.4264e-11,2.4985e-11
3.015e-11,2.4586e-11,2.9493e-11
3.9186e-11,1.6118e-11,4.5408e-11
5.6796e-11,1.5911e-11,4.8399e-11
4.2957e-11,1.4808e-11,4.7385e-11
3.6535e-11,2.2605e-11,3.2981e-11
3.407e-11,1.6055e-11,3.1818e-11
6.1557e-11,3.4115e-11,5.1539e-11
4.2822e-11,2.1856e-11,4.0658e-11
4.8784e-11,1.475e-11,4.1892e-11
5.3911e-11,1.1834e-11,5.2473e-11
4.9942e-11,1.5955e-11,4.6901e-11
6.2408e-11,1.2505e-11,5.9247e-11
2.3686e-11,1.9423e-11,1.293e-11
2.0344e-11,1.7222e-11,9.3687e-12
2.5574e-11,1.7284e-11,2.7779e-11
4.3327e-11,2.7187e-11,2.9986e-11
3.0953e-11,3.8382e-11,4.4312e-11
2.4504e-11,2.1885e-11,1.4311e-11
2.139e-11,1.7021e-11,1.7239e-11
2.0504e-11,1.9725e-11,1.5033e-11
6.3543e-11,7.8054e-11,4.2298e-11
1.7588e-11,2.4464e-11,2.6549e-11
1.4567e-11,1.6612e-11,1.213e-11
1.4127e-11,1.5979e-11,1.0278e-11
3.3519e-11,5.1136e-11,4.6558e-11
6.0507e-11,7.5144e-11,3.9823e-11
5.5025e-11,6.4911e-11,3.4533e-11
1.6716e-11,1.6591e-11,1.4827e-11
3.8057e-11,3.7673e-11,3.0298e-11
2.171e-11,1.8643e-11,1.5808e-11
1.6986e-11,1.5491e-11,1.4094e-11
1.6642e-11,1.359e-11,1.4154e-11
3.1866e-11,3.3371e-11,5.8109e-11
2.283e-11,2.2965e-11,2.3742e-11
2.3853e-11,1.5046e-11,2.2094e-11
1.0044e-10,9.2624e-11,9.7029e-11
6.616e-11,5.7743e-11,4.5614e-11
2.3626e-11,2.491e-11,1.8217e-11
4.0582e-11,2.128e-11,2.9662e-11
7.0053e-11,5.0448e-11,5.1591e-11
7.2571e-11,5.2312e-11,5.2106e-11
2.2662e-11,1.7764e-11,2.6627e-11
2.5266e-11,8.1482e-12,2.1056e-11
7.2653e-11,1.9988e-11,5.1763e-11
3.1409e-11,9.1471e-12,3.0931e-11
4.2846e-11,1.5242e-11,4.5729e-11
7.5286e-11,2.2415e-11,5.7137e-11
8.4064e-11,3.1426e-11,6.8073e-11
5.8952e-11,2.9758e-11,5.3224e-11
2.093e-11,1.8662e-11,1.0326e-11
4.2762e-11,2.4894e-11,3.5796e-11
1.2884e-11,1.4451e-11,1.1644e-11
2.2492e-11,2.5926e-11,3.1166e-11
2.6869e-11,2.4044e-11,1.3456e-11
1.8778e-11,2.6149e-11,1.7154e-11
1.5608e-11,1.2905e-11,1.0614e-11
4.0086e-11,5.9347e-11,7.2041e-11
1.6081e-11,1.4423e-11,1.0219e-11
1.8434e-11,2.0902e-11,2.475e-11
2.7012e-11,2.9737e-11,1.8458e-11
3.1631e-11,4.8237e-11,4.284e-11
2.8015e-11,4.1271e-11,4.0762e-11
5.716e-11,6.5326e-11,3.6528e-11
2.9755e-11,2.9828e-11,1.8324e-11
3.8999e-11,3.535e-11,4.2956e-11
4.4739e-11,9.0229e-11,7.3764e-11
4.7655e-11,7.9045e-11,6.4013e-11
6.5805e-11,6.9465e-11,4.521e-11
1.8761e-11,1.7137e-11,1.7644e-11
2.2545e-11,1.9763e-11,1.6309e-11
1.2896e-11,9.6757e-12,2.0135e-11
3.1538e-11,2.5325e-11,5.2203e-11
2.8811e-11,1.9906e-11,4.5383e-11
2.6795e-11,1.9229e-11,3.3396e-11
7.7928e-11,4.8932e-11,1.0368e-10
4.5832e-11,3.7568e-11,6.8559e-11
4.754e-11,2.266e-11,4.424e-11
7.2965e-11,4.2835e-11,1.0039e-10
4.5781e-11,3.0114e-11,3.6845e-11
2.193e-11,1.3011e-11,2.5902e-11
5.5426e-11,3.0062e-11,4.1386e-11
2.1931e-11,1.0313e-11,2.2652e-11
4.4369e-11,3.2322e-11,3.6486e-11
2.4174e-11,1.7708e-11,2.1046e-11
5.6228e-11,1.43e-11,4.4667e-11
3.0025e-11,2.0126e-11,2.6106e-11
8.2583e-11,3.7293e-11,6.3704e-11
7.1633e-11,4.5447e-11,5.4483e-11
5.7198e-11,1.3962e-11,5.3526e-11
3.6718e-11,1.2323e-11,3.4114e-11
4.6831e-11,1.2235e-11,5.0741e-11
6.6495e-11,3.3412e-11,5.6295e-11
5.8766e-11,1.5536e-11,5.6598e-11
6.5641e-11,2.9659e-11,5.7424e-11
7.4875e-11,2.4572e-11,6.6857e-11
9.9229e-12,1.3449e-11,1.3161e-11
2.5501e-11,1.8134e-11,3.8954e-11
2.7818e-11,3.3144e-11,2.5318e-11
3.7029e-11,2.524e-11,1.899e-11
1.7338e-11,1.5028e-11,2.0694e-11
3.0089e-11,1.6301e-11,2.466e-11
2.7083e-11,2.3304e-11,1.3788e-11
1.7863e-11,1.9902e-11,3.1067e-11
3.0643e-11,3.4814e-11,2.0739e-11
2.4246e-11,2.6458e-11,2.7282e-11
1.6614e-11,1.6079e-11,2.3611e-11
2.4449e-11,2.7063e-11,1.3136e-11
2.852e-11,3.3298e-11,1.6899e-11
4.7129e-11,3.5215e-11,2.7443e-11
1.7593e-11,1.6184e-11,1.5452e-11
1.3955e-11,1.6435e-11,1.3874e-11
2.8525e-11,2.685e-11,2.3566e-11
2.208e-11,2.0445e-11,1.835e-11
1.7129e-11,1.4844e-11,1.4879e-11
6.3019e-11,4.9379e-11,6.9898e-11
6.28e-11,5.6824e-11,4.1405e-11
4.22e-11,3.3946e-11,2.9437e-11
2.0079e-11,2.1086e-11,2.1197e-11
2.7504e-11,1.3768e-11,2.0247e-11
3.4236e-11,2.3392e-11,2.8209e-11
7.2937e-11,4.1885e-11,9.4815e-11
4.9121e-11,3.857e-11,3.4773e-11
2.4339e-11,1.2887e-11,2.4601e-11
4.4741e-11,2.8675e-11,3.838e-11
2.4658e-11,1.8345e-11,2.0933e-11
2.1915e-11,1.1684e-11,2.1239e-11
5.8069e-11,3.6731e-11,6.1323e-11
3.3323e-11,1.2182e-11,3.3344e-11
2.7514e-11,1.5335e-11,2.6781e-11
3.153e-11,1.4108e-11,2.341e-11
3.4486e-11,9.4358e-12,3.7912e-11
3.2124e-11,9.9692e-12,2.8067e-11
4.8722e-11,1.6306e-11,5.1357e-11
4.526e-11,1.8497e-11,4.2106e-11
5.61e-11,2.5344e-11,4.7084e-11
6.1429e-11,1.8922e-11,5.5093e-11
5.7722e-11,1.4709e-11,5.8003e-11
7.2149e-11,2.7242e-11,6.5636e-11
7.3247e-11,1.9272e-11,7.1326e-11
4.2232e-11,3.8818e-11,2.521e-11
4.3838e-11,4.2848e-11,2.6502e-11
1.24e-11,1.7788e-11,1.3477e-11
2.9397e-11,3.8389e-11,4.2685e-11
2.2611e-11,2.4578e-11,2.6247e-11
1.6189e-11,1.7864e-11,1.583e-11
2.7244e-11,2.2847e-11,2.2628e-11
2.611e-11,2.5294e-11,1.8748e-11
3.2034e-11,3.6833e-11,4.0653e-11
5.6855e-11,6.1355e-11,3.5768e-11
1.766e-11,1.2604e-11,1.2088e-11
4.3625e-11,4.8766e-11,2.5568e-11
6.2162e-11,7.314e-11,3.9396e-11
2.493e-11,2.7993e-11,2.0448e-11
1.3486e-11,1.2595e-11,1.0509e-11
2.205e-11,3.8113e-11,3.7778e-11
2.0048e-11,3.2258e-11,2.6125e-11
3.8519e-11,6.9315e-11,6.9147e-11
2.1641e-11,3.0354e-11,3.1326e-11
2.0189e-11,3.4146e-11,3.1581e-11
3.5673e-11,8.3356e-11,6.2319e-11
2.9905e-11,5.7501e-11,4.9999e-11
2.3185e-11,2.3191e-11,1.4213e-11
2.4387e-11,2.1415e-11,2.7997e-11
4.589e-11,7.1492e-11,5.8382e-11
2.6324e-11,2.6891e-11,2.2017e-11
1.8809e-11,2.5537e-11,1.5053e-11
2.14e-11,2.8318e-11,1.9982e-11
2.4075e-11,2.0828e-11,4.1283e-11
2.3305e-11,1.8411e-11,1.8832e-11
3.6865e-11,2.6973e-11,5.9976e-11
3.2655e-11,2.2617e-11,4.7744e-11
2.6282e-11,2.0089e-11,2.1298e-11
1.8198e-11,1.1521e-11,1.54e-11
2.2536e-11,1.5366e-11,3.0401e-11
4.1215e-11,1.9587e-11,3.1621e-11
2.537e-11,2.0098e-11,2.2034e-11
2.1309e-11,1.4104e-11,1.9792e-11
6.1973e-11,4.1396e-11,4.4645e-11
2.8168e-11,1.3022e-11,2.2899e-11
2.8221e-11,1.6718e-11,2.7054e-11
2.9779e-11,1.9416e-11,2.7934e-11
3.069e-11,1.3896e-11,2.6642e-11
4.3555e-11,2.6548e-11,3.209e-11
3.5319e-11,3.015e-11,2.1991e-11
2.1165e-11,1.6903e-11,2.3728e-11
1.5555e-11,1.4834e-11,1.7994e-11
2.4109e-11,2.8946e-11,3.1266e-11
3.4318e-11,3.2622e-11,2.0181e-11
2.5789e-11,2.7095e-11,1.6095e-11
4.2306e-11,6.1193e-11,7.5762e-11
1.7733e-11,1.6108e-11,1.203e-11
4.0461e-11,7.388e-11,8.6467e-11
1.6441e-11,1.7431e-11,1.8468e-11
2.4949e-11,2.6877e-11,1.527e-11
3.8685e-11,8.5785e-11,7.1635e-11
1.9456e-11,2.0188e-11,1.6018e-11
2.2373e-11,2.079e-11,1.7032e-11
5.513e-11,6.8552e-11,6.3854e-11
3.5883e-11,3.3251e-11,2.5891e-11
3.4105e-11,1.726e-11,4.5255e-11
3.852e-11,3.1828e-11,5.3132e-11
6.5319e-11,3.7524e-11,7.0721e-11
2.3826e-11,2.1627e-11,1.9765e-11
2.3671e-11,1.1259e-11,1.8959e-11
2.9262e-11,1.9066e-11,3.8937e-11
1.9892e-11,1.5384e-11,2.7018e-11
1.9243e-11,1.5433e-11,1.8299e-11
2.1524e-11,1.858e-11,2.5079e-11
6.6784e-11,3.1936e-11,6.7213e-11
6.4142e-11,3.8981e-11,9.3441e-11
2.1243e-11,1.0586e-11,1.9042e-11
2.04e-11,1.4015e-11,1.9833e-11
2.6127e-11,1.2451e-11,2.6132e-11
2.8028e-11,9.6339e-12,2.2104e-11
3.1705e-11,1.6166e-11,2.8883e-11
3.1549e-11,1.5766e-11,2.9012e-11
3.8349e-11,1.1863e-11,4.0708e-11
5.1222e-11,1.6436e-11,5.5358e-11
4.1241e-11,1.6469e-11,3.7011e-11
4.192e-11,1.3111e-11,3.3302e-11
4.7208e-11,2.0482e-11,4.3579e-11
7.0832e-11,2.9975e-11,5.498e-11
6.5877e-11,1.2782e-11,5.9522e-11
6.951e-11,1.7462e-11,6.271e-11
6.9272e-11,1.1613e-11,6.0131e-11
1.5412e-11,1.2383e-11,6.7092e-12
2.1514e-11,2.4553e-11,2.5367e-11
2.212e-11,2.244e-11,3.4818e-11
4.7557e-11,2.5754e-11,3.1069e-11
3.2371e-11,3.6288e-11,3.9494e-11
1.6592e-11,1.3054e-11,1.0299e-11
3.2612e-11,6.5863e-11,6.9417e-11
5.4461e-11,6.4538e-11,3.3643e-11
1.9137e-11,1.6081e-11,1.6121e-11
1.437e-11,1.429e-11,2.3013e-11
1.9683e-11,2.1481e-11,1.0979e-11
1.9459e-11,1.9221e-11,1.3643e-11
5.6137e-11,6.8194e-11,3.4947e-11
1.4365e-11,2.7375e-11,2.7499e-11
2.3112e-11,2.5724e-11,1.362e-11
5.4973e-11,6.6803e-11,3.4689e-11
1.7576e-11,1.7709e-11,1.2776e-11
4.4042e-11,9.662e-11,7.6901e-11
2.8134e-11,3.2142e-11,4.5178e-11
3.7439e-11,4.2215e-11,2.7094e-11
3.9378e-11,4.0486e-11,4.5945e-11
6.2304e-11,6.6609e-11,4.2199e-11
4.9762e-11,7.6944e-11,6.1317e-11
2.1988e-11,1.6035e-11,2.0243e-11
5.4836e-11,5.2961e-11,3.5711e-11
1.9554e-11,1.68e-11,1.5968e-11
1.6954e-11,1.293e-11,1.8494e-11
1.9673e-11,1.6944e-11,1.7327e-11
9.6445e-11,8.7993e-11,9.8467e-11
1.907e-11,1.5319e-11,1.6494e-11
3.6771e-11,2.4306e-11,5.5853e-11
3.2651e-11,1.4138e-11,2.4651e-11
3.2533e-11,2.5139e-11,2.7169e-11
3.0661e-11,1.6229e-11,2.5207e-11
6.9617e-11,4.3921e-11,9.392e-11
6.3837e-11,3.7157e-11,6.7834e-11
3.5423e-11,1.185e-11,3.5762e-11
4.4926e-11,2.2298e-11,4.3377e-11
2.8357e-11,1.5218e-11,2.7777e-11
8.2645e-11,3.074e-11,6.9407e-11
6.5604e-11,4.085e-11,5.1194e-11
5.2568e-11,1.276e-11,4.789e-11
3.6258e-11,1.5137e-11,3.1382e-11
6.1854e-11,3.4143e-11,4.9654e-11
6.2944e-11,1.6454e-11,5.6361e-11
4.4853e-11,4.3585e-11,2.6018e-11
1.4204e-11,1.5777e-11,1.7618e-11
4.5747e-11,4.5751e-11,2.6927e-11
1.1762e-11,1.3873e-11,1.1287e-11
1.6043e-11,1.4441e-11,1.629e-11
1.8433e-11,1.3424e-11,1.0353e-11
1.4836e-11,1.7012e-11,1.6789e-11
3.6371e-11,3.6996e-11,2.1278e-11
3.5397e-11,2.0805e-11,2.0839e-11
2.0147e-11,2.2721e-11,2.296e-11
1.7725e-11,1.5343e-11,2.7031e-11
2.9048e-11,3.1808e-11,2.0199e-11
2.1379e-11,2.2829e-11,1.9218e-11
1.1203e-11,1.6108e-11,1.6059e-11
1.487e-11,2.0017e-11,1.6404e-11
2.2028e-11,1.9663e-11,2.7834e-11
1.5055e-11,2.1443e-11,2.4146e-11
1.7948e-11,1.4623e-11,1.3186e-11
1.6019e-11,1.5569e-11,1.9339e-11
3.5944e-11,7.2529e-11,8.0958e-11
2.4047e-11,2.6864e-11,1.6837e-11
6.0102e-11,7.2543e-11,3.614e-11
2.2051e-11,2.9501e-11,2.8828e-11
5.8937e-11,7.2634e-11,3.6964e-11
2.5048e-11,2.7013e-11,3.8357e-11
4.2245e-11,9.2958e-11,7.384e-11
5.98e-11,6.2315e-11,3.6336e-11
5.4512e-11,5.8887e-11,3.8976e-11
2.574e-11,1.8631e-11,2.2115e-11
1.5098e-11,1.8745e-11,2.0489e-11
1.8323e-11,1.2092e-11,1.6116e-11
9.0037e-11,9.4124e-11,9.8182e-11
5.4924e-11,3.1431e-11,6.8731e-11
3.683e-11,1.9348e-11,3.8108e-11
7.6711e-11,5.1259e-11,9.0977e-11
3.8269e-11,2.0449e-11,3.0713e-11
3.0987e-11,2.5198e-11,2.05e-11
3.0301e-11,2.7759e-11,2.3726e-11
6.5767e-11,5.0081e-11,4.4088e-11
2.6183e-11,2.2437e-11,2.6296e-11
1.8917e-11,1.4592e-11,1.9376e-11
3.2917e-11,1.3148e-11,2.8057e-11
2.2992e-11,1.2108e-11,1.9632e-11
2.8181e-11,9.9426e-12,3.1773e-11
3.2138e-11,2.2359e-11,2.6594e-11
5.9098e-11,3.817e-11,4.39e-11
7.8437e-11,3.0902e-11,6.924e-11
3.5422e-11,1.5553e-11,3.5743e-11
6.0973e-11,1.8754e-11,5.5988e-11
4.7913e-11,2.4949e-11,3.9076e-11
4.1796e-11,2.036e-11,3.5383e-11
5.5633e-11,1.2405e-11,5.8816e-11
4.1204e-11,1.7168e-11,3.6679e-11
4.0571e-11,1.4263e-11,3.7278e-11
2.7629e-11,2.2132e-11,2.9346e-11
2.0374e-11,1.4182e-11,1.3936e-11
3.6395e-11,4.541e-11,5.4338e-11
2.6618e-11,4.5365e-11,4.7036e-11
2.4054e-11,1.5076e-11,1.9783e-11
1.1694e-11,1.0752e-11,3.5769e-12
2.272e-11,3.143e-11,3.0097e-11
1.3488e-11,1.3776e-11,1.7637e-11
2.783e-11,5.7166e-11,5.8961e-11
1.727e-11,1.9868e-11,1.6803e-11
1.6139e-11,2.3248e-11,2.433e-11
1.5454e-11,2.1009e-11,2.2844e-11
1.3177e-11,1.4249e-11,2.3758e-11
3.1808e-11,2.0248e-11,2.0136e-11
1.4394e-11,1.3686e-11,9.7937e-12
1.2764e-11,1.0469e-11,1.1941e-11
3.717e-11,2.1686e-11,2.4474e-11
2.8859e-11,3.2777e-11,1.9506e-11
2.4001e-11,2.6752e-11,4.0834e-11
6.7706e-11,8.8539e-11,8.2244e-11
1.3327e-11,9.7514e-12,1.6049e-11
2.8579e-11,3.2788e-11,5.6555e-11
6.7459e-11,6.6529e-11,4.3721e-11
7.0055e-11,6.9757e-11,4.7177e-11
2.1503e-11,1.3348e-11,1.6607e-11
3.7872e-11,2.7557e-11,2.6162e-11
2.0988e-11,1.5692e-11,1.6101e-11
2.2645e-11,1.7279e-11,2.6009e-11
1.7193e-11,1.1228e-11,1.5219e-11
1.7194e-11,1.1337e-11,1.4275e-11
2.8247e-11,1.687e-11,2.496e-11
1.7389e-11,1.0539e-11,1.4661e-11
4.9534e-11,2.8988e-11,4.2935e-11
6.7165e-11,4.5515e-11,4.6283e-11
3.0034e-11,1.6565e-11,2.9702e-11
5.5042e-11,2.4484e-11,4.914e-11
6.9297e-11,4.5687e-11,4.8362e-11
2.9568e-11,1.8152e-11,2.747e-11
3.4281e-11,3.2558e-11,3.2446e-11
7.962e-11,2.4404e-11,6.3905e-11
5.6361e-11,3.655e-11,4.9577e-11
5.168e-11,1.9332e-11,5.4168e-11
5.1291e-11,1.4424e-11,5.0527e-11
7.5883e-11,3.215e-11,6.6354e-11
6.456e-11,1.4572e-11,5.6326e-11
1.2102e-11,1.0093e-11,9.6618e-12
2.1879e-11,1.8874e-11,4.6056e-11
3.157e-11,3.4611e-11,1.6653e-11
1.1405e-11,1.2829e-11,2.9454e-11
2.8011e-11,3.1325e-11,1.4985e-11
2.2809e-11,1.9924e-11,3.5981e-11
1.4928e-11,1.7123e-11,1.3292e-11
1.3314e-11,1.3393e-11,1.1311e-11
2.4605e-11,5.7499e-11,5.4484e-11
1.8259e-11,1.7188e-11,9.391e-12
3.0049e-11,7.5762e-11,6.853e-11
5.3114e-11,6.4799e-11,3.0724e-11
2.2448e-11,1.5641e-11,2.5374e-11
5.3172e-11,6.429e-11,3.2895e-11
1.842e-11,2.0632e-11,1.5592e-11
1.7341e-11,3.183e-11,2.5238e-11
2.38e-11,2.4645e-11,1.9253e-11
1.8957e-11,1.7645e-11,1.351e-11
2.661e-11,1.9643e-11,3.0463e-11
2.464e-11,2.9663e-11,4.9928e-11
1.9964e-11,1.5333e-11,1.3837e-11
2.7129e-11,2.3482e-11,2.0842e-11
8.9802e-11,9.5575e-11,9.3872e-11
5.2709e-11,4.4364e-11,3.7503e-11
3.9301e-11,3.1825e-11,5.6245e-11
9.0118e-11,6.6278e-11,9.6495e-11
1.9004e-11,1.5304e-11,1.4753e-11
2.3522e-11,1.3209e-11,2.0426e-11
5.1967e-11,3.1625e-11,7.7177e-11
2.3353e-11,1.5196e-11,1.9337e-11
4.1296e-11,2.7627e-11,3.8257e-11
4.477e-11,2.7071e-11,4.0523e-11
6.9849e-11,4.5397e-11,5.045e-11
4.7406e-11,2.126e-11,3.5744e-11
5.8731e-11,2.2733e-11,5.4645e-11
5.2504e-11,1.5007e-11,5.0239e-11
3.7994e-11,3.3892e-11,2.0249e-11
1.8454e-11,2.1581e-11,2.1147e-11
1.7003e-11,2.7088e-11,1.8471e-11
2.2522e-11,2.1629e-11,3.0839e-11
2.2647e-11,1.7704e-11,1.2081e-11
2.2285e-11,1.9873e-11,4.3562e-11
1.854e-11,2.2238e-11,1.9344e-11
3.1088e-11,1.8013e-11,2.8586e-11
2.0088e-11,5.99e-11,4.131e-11
3.3843e-11,2.1384e-11,3.3646e-11
2.7548e-11,7.2353e-11,6.7086e-11
1.4925e-11,8.9309e-12,1.1903e-11
1.3625e-11,1.2569e-11,2.2441e-11
2.3648e-11,2.4972e-11,1.7317e-11
5.6425e-11,6.2784e-11,4.0406e-11
2.6647e-11,1.7547e-11,2.8471e-11
6.6011e-11,8.2607e-11,7.7045e-11
2.0391e-11,1.3363e-11,1.662e-11
3.0964e-11,2.7675e-11,2.0497e-11
7.1612e-11,5.8842e-11,8.8193e-11
1.7718e-11,1.1578e-11,1.2799e-11
3.9975e-11,2.274e-11,5.3683e-11
2.6366e-11,1.2015e-11,2.647e-11
2.0262e-11,1.571e-11,1.683e-11
2.1071e-11,1.3062e-11,2.4444e-11
4.2968e-11,2.8805e-11,3.2973e-11
2.6344e-11,1.3401e-11,2.6466e-11
6.9024e-11,4.9397e-11,4.6008e-11
2.5533e-11,1.63e-11,2.2956e-11
3.0232e-11,1.2389e-11,3.2893e-11
4.2411e-11,2.4565e-11,3.911e-11
2.8388e-11,1.4653e-11,2.5181e-11
3.5943e-11,1.7717e-11,3.9604e-11
4.3108e-11,2.0968e-11,4.4992e-11
5.7397e-11,1.2725e-11,5.4839e-11
7.4644e-11,3.1943e-11,5.7616e-11
6.8616e-11,2.473e-11,5.9659e-11
1.7579e-11,2.6069e-11,1.9681e-11
3.0769e-11,2.768e-11,1.359e-11
1.7669e-11,4.1308e-11,4.2611e-11
1.7213e-11,1.5762e-11,8.9153e-12
1.5103e-11,3.0793e-11,3.1864e-11
2.6509e-11,2.7837e-11,1.5864e-11
2.7602e-11,1.9667e-11,3.1504e-11
1.7841e-11,2.1135e-11,1.7928e-11
1.4386e-11,1.4803e-11,9.541e-12
1.1107e-11,1.4102e-11,1.0837e-11
1.7274e-11,1.6032e-11,3.3531e-11
1.2464e-11,1.1728e-11,6.6535e-12
1.2561e-11,1.1959e-11,6.4863e-12
1.9364e-11,1.9524e-11,1.0123e-11
2.948e-11,6.7352e-11,6.7004e-11
1.4493e-11,2.043e-11,1.6644e-11
1.5968e-11,1.5294e-11,1.5895e-11
5.9676e-11,6.2698e-11,3.9338e-11
1.6743e-11,1.6348e-11,3.2516e-11
2.0819e-11,1.6619e-11,1.3415e-11
2.3158e-11,1.993e-11,1.874e-11
5.9556e-11,3.8238e-11,6.5912e-11
1.9254e-11,2.0056e-11,1.6975e-11
2.0937e-11,2.0806e-11,2.5099e-11
4.5083e-11,3.7118e-11,6.0973e-11
1.719e-11,1.0817e-11,2.2051e-11
2.0545e-11,1.0704e-11,2.2138e-11
7.2382e-11,6.0489e-11,4.7001e-11
2.3636e-11,1.4136e-11,2.8949e-11
3.0628e-11,1.2997e-11,3.0413e-11
2.1847e-11,1.1343e-11,1.7941e-11
4.0989e-11,2.9173e-11,2.9409e-11
4.479e-11,1.5889e-11,3.7722e-11
4.5667e-11,2.7276e-11,3.7044e-11
2.9579e-11,1.494e-11,2.4656e-11
4.8899e-11,2.2743e-11,5.3662e-11
5.8188e-11,3.486e-11,4.4452e-11
3.9971e-11,3.1093e-11,3.8301e-11
4.0886e-11,1.726e-11,3.6346e-11
5.0505e-11,1.5938e-11,5.2588e-11
4.2106e-11,1.4628e-11,3.6687e-11
5.745e-11,1.5232e-11,5.1354e-11
7.0178e-11,1.9248e-11,6.1639e-11
6.7249e-11,1.8926e-11,6.0323e-11
1.5345e-11,9.0042e-12,1.0532e-11
4.4434e-11,4.6785e-11,2.3545e-11
2.408e-11,1.8449e-11,2.3752e-11
3.2831e-11,1.8041e-11,2.4555e-11
1.1256e-11,1.3744e-11,2.6676e-11
2.2858e-11,1.4461e-11,2.4402e-11
1.3583e-11,2.5202e-11,2.6217e-11
1.6764e-11,1.583e-11,2.0878e-11
2.913e-11,2.6201e-11,1.9483e-11
1.584e-11,1.6434e-11,1.3428e-11
3.2365e-11,4.6649e-11,5.0391e-11
1.8628e-11,2.2315e-11,1.2196e-11
3.376e-11,3.4707e-11,4.3938e-11
3.0709e-11,1.8969e-11,3.0757e-11
1.6859e-11,1.8864e-11,1.9454e-11
1.7127e-11,1.5366e-11,1.5156e-11
5.9799e-11,5.943e-11,3.8339e-11
1.9878e-11,1.6313e-11,1.9703e-11
3.6645e-11,2.9455e-11,2.5011e-11
5.2895e-11,4.0511e-11,5.847e-11
1.7249e-11,1.3277e-11,1.4255e-11
1.8348e-11,1.4476e-11,1.7393e-11
7.438e-11,6.1473e-11,8.4266e-11
6.7905e-11,6.3422e-11,4.3451e-11
1.8942e-11,1.2721e-11,1.4803e-11
6.027e-11,5.0723e-11,3.6273e-11
2.0254e-11,1.7138e-11,1.4768e-11
2.0364e-11,1.9168e-11,2.1247e-11
2.4084e-11,9.628e-12,2.5289e-11
4.28e-11,3.0068e-11,2.8877e-11
5.7251e-11,3.2733e-11,7.1955e-11
6.7754e-11,4.8423e-11,4.664e-11
6.6038e-11,3.6384e-11,7.4706e-11
2.6054e-11,1.8543e-11,2.2847e-11
3.2083e-11,2.0448e-11,3.9572e-11
3.2466e-11,1.7066e-11,2.8117e-11
3.0699e-11,1.4914e-11,2.5053e-11
3.244e-11,1.6032e-11,2.6741e-11
3.9214e-11,1.6236e-11,4.2261e-11
4.1878e-11,1.8905e-11,3.4298e-11
3.5535e-11,1.3556e-11,3.0659e-11
5.7098e-11,1.6101e-11,5.6649e-11
4.5201e-11,2.0312e-11,3.8076e-11
5.1977e-11,2.3857e-11,4.6388e-11
5.7124e-11,1.4789e-11,5.1254e-11
5.5249e-11,1.6162e-11,5.5614e-11
1.771e-11,2.2551e-11,2.4009e-11
9.9104e-12,1.8031e-11,1.4422e-11
1.4251e-11,1.45e-11,1.3239e-11
1.4903e-11,3.9851e-11,3.9681e-11
1.4136e-11,1.5817e-11,1.2459e-11
1.509e-11,2.1802e-11,1.1249e-11
1.8857e-11,1.8781e-11,8.1335e-12
1.4415e-11,2.2472e-11,1.0905e-11
2.2148e-11,3.3182e-11,2.7296e-11
2.1997e-11,1.8789e-11,2.9075e-11
1.7854e-11,1.8214e-11,2.2643e-11
1.6491e-11,1.647e-11,2.2109e-11
1.5654e-11,1.2757e-11,1.2971e-11
1.5204e-11,1.662e-11,5.9016e-12
2.0619e-11,2.6125e-11,1.409e-11
3.3626e-11,6.3936e-11,4.8091e-11
3.8147e-11,5.7204e-11,5.1958e-11
2.9949e-11,1.7683e-11,2.8544e-11
2.4222e-11,2.224e-11,2.0514e-11
2.1824e-11,1.8034e-11,2.4207e-11
3.448e-11,2.4139e-11,4.6058e-11
3.1847e-11,2.1122e-11,3.9685e-11
1.8494e-11,1.819e-11,1.6179e-11
1.84e-11,1.6606e-11,1.4968e-11
2.1431e-11,2.0146e-11,1.6186e-11
1.9086e-11,1.1508e-11,2.3835e-11
5.2778e-11,3.3569e-11,6.7919e-11
4.991e-11,2.9277e-11,4.8757e-11
7.0854e-11,3.633e-11,6.3791e-11
2.436e-11,1.0786e-11,2.2216e-11
3.3159e-11,2.4549e-11,4.053e-11
3.5072e-11,2.4976e-11,2.7981e-11
2.7249e-11,1.3137e-11,3.0878e-11
3.2325e-11,1.4877e-11,3.6796e-11
5.604e-11,3.0346e-11,4.5048e-11
5.3091e-11,1.5926e-11,5.485e-11
1.8447e-11,1.5954e-11,2.447e-11
2.0277e-11,1.8548e-11,1.0281e-11
1.7351e-11,1.6117e-11,1.4892e-11
2.5105e-11,5.5715e-11,5.9169e-11
1.1695e-11,1.1277e-11,5.7257e-12
1.7085e-11,2.0508e-11,1.8907e-11
1.979e-11,1.8176e-11,7.4182e-12
1.1043e-11,1.459e-11,1.4976e-11
1.8381e-11,1.625e-11,2.7979e-11
2.2613e-11,4.6337e-11,4.6503e-11
2.6738e-11,2.7325e-11,1.5429e-11
2.0021e-11,3.8597e-11,4.0631e-11
1.8843e-11,1.1369e-11,2.3326e-11
1.2607e-11,1.0277e-11,1.1997e-11
1.8787e-11,6.1808e-11,5.1028e-11
3.2815e-11,3.7465e-11,1.7672e-11
2.0566e-11,1.6478e-11,1.0601e-11
1.774e-11,1.6502e-11,2.3138e-11
2.1313e-11,1.3986e-11,1.354e-11
3.8002e-11,5.8166e-11,5.2366e-11
1.816e-11,1.8205e-11,1.7791e-11
4.5707e-11,3.356e-11,5.1658e-11
1.8309e-11,1.5337e-11,1.5612e-11
1.5215e-11,1.1534e-11,1.4163e-11
2.1434e-11,1.7239e-11,1.4474e-11
1.9695e-11,1.2223e-11,1.6778e-11
6.8834e-11,5.0603e-11,4.5075e-11
5.6489e-11,3.098e-11,5.8842e-11
2.5887e-11,1.3421e-11,1.9589e-11
4.1429e-11,1.4342e-11,4.0941e-11
4.142e-11,1.8116e-11,3.5925e-11
5.1577e-11,1.7442e-11,5.3747e-11
6.356e-11,3.3539e-11,5.1687e-11
4.4205e-11,1.5677e-11,4.1127e-11
5.557e-11,1.6394e-11,4.9302e-11
6.5304e-11,2.0588e-11,6.2775e-11
1.596e-11,1.4009e-11,1.9284e-11
2.3286e-11,1.9591e-11,1.9842e-11
2.1988e-11,2.2152e-11,2.2003e-11
1.1523e-11,1.5136e-11,5.6479e-12
1.2486e-11,1.6445e-11,1.2961e-11
2.8919e-11,6.6036e-11,6.9925e-11
2.475e-11,7.0735e-11,6.8001e-11
2.9541e-11,2.0196e-11,2.3055e-11
1.6201e-11,2.916e-11,3.1148e-11
1.6331e-11,1.7149e-11,1.871e-11
1.5742e-11,1.7431e-11,6.8345e-12
1.4633e-11,1.3575e-11,1.6447e-11
2.7821e-11,9.4296e-11,8.0329e-11
3.0733e-11,5.9087e-11,4.4646e-11
4.5011e-11,8.5113e-11,6.2602e-11
1.3608e-11,1.327e-11,1.8139e-11
2.0681e-11,2.4517e-11,1.7338e-11
1.7267e-11,1.4167e-11,1.1818e-11
3.9987e-11,2.6461e-11,4.407e-11
3.8792e-11,4.082e-11,5.4272e-11
1.9244e-11,1.4343e-11,1.4542e-11
1.604e-11,1.249e-11,1.2182e-11
2.2681e-11,1.8605e-11,2.2458e-11
2.1007e-11,1.8779e-11,1.9115e-11
1.8979e-11,1.4884e-11,2.6311e-11
1.8969e-11,1.2222e-11,2.2227e-11
5.6224e-11,3.8158e-11,7.5067e-11
5.9733e-11,4.6073e-11,3.7538e-11
1.923e-11,1.2229e-11,2.4361e-11
6.8785e-11,5.2979e-11,4.3031e-11
6.5838e-11,3.329e-11,6.7461e-11
2.641e-11,1.5318e-11,2.0458e-11
2.7304e-11,1.6832e-11,3.1272e-11
6.0451e-11,4.2469e-11,4.1157e-11
2.9645e-11,1.7707e-11,3.2603e-11
5.3923e-11,2.6747e-11,5.4216e-11
2.6704e-11,2.1267e-11,2.9569e-11
3.8833e-11,1.5301e-11,3.9899e-11
4.589e-11,2.7872e-11,3.728e-11
6.5766e-11,4.186e-11,4.627e-11
7.1726e-11,3.0421e-11,7.1425e-11
3.7678e-11,2.0933e-11,3.0851e-11
7.1686e-11,4.0565e-11,5.4189e-11
6e-11,1.7974e-11,6.2808e-11
5.652e-11,1.6362e-11,5.0216e-11
5.6561e-11,1.5478e-11,5.0906e-11
1.2779e-11,1.3994e-11,1.5809e-11
1.3084e-11,1.8281e-11,1.0264e-11
2.3705e-11,2.3114e-11,2.7371e-11
1.1735e-11,1.3411e-11,9.2549e-12
1.7259e-11,1.9888e-11,1.3165e-11
1.7773e-11,1.5801e-11,1.5586e-11
2.616e-11,1.7255e-11,3.147e-11
1.6888e-11,1.5586e-11,1.4597e-11
3.2528e-11,8.5691e-11,7.4461e-11
1.6559e-11,1.7452e-11,1.3467e-11
1.6698e-11,1.6393e-11,1.1449e-11
3.704e-11,3.6147e-11,2.1415e-11
4.2637e-11,3.6888e-11,2.5459e-11
1.5769e-11,1.3177e-11,1.5002e-11
1.6404e-11,1.5556e-11,1.3168e-11
2.1927e-11,1.8367e-11,2.1693e-11
5.5757e-11,3.6839e-11,6.7021e-11
2.0836e-11,1.7825e-11,1.8549e-11
3.1492e-11,2.3421e-11,2.8094e-11
3.1321e-11,1.3897e-11,3.5197e-11
3.6655e-11,2.3663e-11,3.9267e-11
6.5822e-11,4.8637e-11,4.394e-11
2.8585e-11,2.2988e-11,2.9849e-11
3.9437e-11,2.3482e-11,3.7646e-11
5.4958e-11,2.6788e-11,5.633e-11
6.6592e-11,4.7362e-11,4.5169e-11
3.0633e-11,1.7615e-11,2.9843e-11
3.2326e-11,1.8771e-11,3.612e-11
3.1852e-11,1.3414e-11,3.5821e-11
3.8771e-11,2.1984e-11,3.4905e-11
4.6815e-11,2.7848e-11,5.3072e-11
6.9772e-11,4.2942e-11,5.5488e-11
6.0993e-11,1.9347e-11,5.1991e-11
6.4694e-11,2.2228e-11,5.5449e-11
6.9322e-11,1.7186e-11,6.0084e-11
3.6168e-11,3.5984e-11,1.5577e-11
2.5369e-11,2.7103e-11,3.0843e-11
1.8157e-11,1.9639e-11,2.5592e-11
1.3931e-11,2.0099e-11,1.7896e-11
1.4016e-11,1.8144e-11,2.1604e-11
1.0657e-11,2.1021e-11,2.0299e-11
1.0783e-11,1.35e-11,2.7457e-11
1.7148e-11,3.9244e-11,3.6963e-11
2.453e-11,7.2283e-11,6.9896e-11
1.7328e-11,1.4192e-11,1.627e-11
1.8164e-11,2.0636e-11,2.3307e-11
1.7071e-11,1.7287e-11,9.6019e-12
1.8904e-11,2.5404e-11,2.4056e-11
1.8275e-11,1.1288e-11,9.8562e-12
2.6338e-11,9.4487e-11,8.1584e-11
2.2097e-11,4.1385e-11,3.4929e-11
1.4766e-11,1.4266e-11,6.6248e-12
3.3856e-11,8.6874e-11,7.2843e-11
2.0372e-11,1.7262e-11,1.6673e-11
2.0775e-11,1.7664e-11,1.2125e-11
4.6203e-11,3.9397e-11,4.6958e-11
2.063e-11,3.1262e-11,3.3939e-11
2.1565e-11,2.2202e-11,2.7995e-11
2.1238e-11,2.8963e-11,2.8497e-11
2.1462e-11,1.792e-11,1.2857e-11
4.6232e-11,4.7047e-11,5.5784e-11
2.0887e-11,2.4598e-11,2.1199e-11
3.4269e-11,2.8182e-11,2.2708e-11
4.239e-11,3.4631e-11,2.992e-11
4.218e-11,3.4233e-11,5.6326e-11
1.8343e-11,1.3516e-11,2.0054e-11
4.6244e-11,2.3466e-11,4.9455e-11
2.0455e-11,1.7445e-11,1.5608e-11
2.6595e-11,2.0169e-11,2.6634e-11
3.4157e-11,2.8119e-11,2.4194e-11
2.1627e-11,1.4306e-11,2.075e-11
2.9709e-11,2.2213e-11,2.2406e-11
2.1333e-11,2.2004e-11,1.9277e-11
2.0021e-11,1.471e-11,2.0984e-11
2.1833e-11,1.36e-11,2.4636e-11
6.613e-11,3.9096e-11,7.5237e-11
2.5291e-11,1.6576e-11,2.2335e-11
4.6968e-11,3.2576e-11,4.7291e-11
4.4704e-11,2.2533e-11,4.269e-11
3.9549e-11,2.3195e-11,4.2092e-11
3.1435e-11,1.169e-11,2.7745e-11
3.4102e-11,1.9892e-11,3.1247e-11
4.7559e-11,2.9139e-11,4.1655e-11
3.5654e-11,2.18e-11,3.2335e-11
5.7389e-11,2.0175e-11,5.9731e-11
4.2428e-11,2.2418e-11,4.2553e-11
4.7542e-11,1.8037e-11,3.8665e-11
5.6812e-11,1.8936e-11,5.5021e-11
7.6362e-11,3.7152e-11,6.0479e-11
5.4286e-11,2.2933e-11,4.7229e-11
6.717e-11,2.2473e-11,5.6304e-11
2.311e-11,2.7548e-11,2.7498e-11
2.5028e-11,3.0219e-11,3.0457e-11
1.794e-11,2.445e-11,3.0079e-11
1.1023e-11,1.2443e-11,1.6862e-11
4.8535e-11,4.964e-11,2.3963e-11
2.0086e-11,6.576e-11,6.5088e-11
1.0884e-11,1.7665e-11,1.481e-11
3.7399e-11,2.9986e-11,3.049e-11
2.3687e-11,1.5533e-11,3.385e-11
1.0743e-11,8.569e-12,2.6786e-11
1.2685e-11,3.5103e-11,3.2216e-11
1.2266e-11,1.2416e-11,9.8993e-12
1.4234e-11,1.4653e-11,1.2394e-11
2.3779e-11,2.3486e-11,2.3917e-11
3.1355e-11,9.9174e-11,8.6289e-11
1.8282e-11,3.0917e-11,3.4636e-11
2.2295e-11,2.2024e-11,2.8016e-11
4.6833e-11,5.0141e-11,2.7989e-11
2.1795e-11,1.9798e-11,1.8112e-11
2.2842e-11,2.0047e-11,1.6715e-11
2.8899e-11,2.8495e-11,3.5571e-11
3.3153e-11,2.8953e-11,4.33e-11
3.2847e-11,2.8695e-11,1.8984e-11
3.6366e-11,3.0713e-11,2.0701e-11
2.1589e-11,2.5447e-11,2.4128e-11
1.5459e-11,1.3296e-11,1.2814e-11
1.4724e-11,1.0274e-11,1.1014e-11
3.6239e-11,2.1194e-11,3.6596e-11
2.3946e-11,1.6824e-11,2.4865e-11
2.0853e-11,1.5852e-11,1.9846e-11
1.8457e-11,1.4522e-11,2.5619e-11
2.1829e-11,1.6661e-11,1.7006e-11
2.6272e-11,1.7209e-11,2.1418e-11
2.3876e-11,1.1587e-11,2.5109e-11
3.769e-11,2.2587e-11,4.0609e-11
3.0648e-11,1.2512e-11,3.09e-11
3.6838e-11,2.5166e-11,2.728e-11
3.2641e-11,2.0531e-11,2.4597e-11
6.3403e-11,4.0623e-11,4.3448e-11
6.0825e-11,1.9391e-11,6.4096e-11
5.2296e-11,1.8962e-11,4.4552e-11
6.3603e-11,2.002e-11,5.416e-11
6.6438e-11,2.5209e-11,5.6974e-11
6.9929e-11,2.5022e-11,6.291e-11
1.7032e-11,9.9937e-12,1.2075e-11
1.6002e-11,1.3257e-11,1.7725e-11
1.4361e-11,1.761e-11,1.469e-11
2.0093e-11,1.604e-11,1.7036e-11
9.0145e-12,1.2442e-11,1.6318e-11
1.856e-11,1.1485e-11,8.4256e-12
2.1868e-11,7.4322e-11,7.2422e-11
9.3469e-12,1.7558e-11,1.2442e-11
1.4083e-11,1.7039e-11,1.2129e-11
1.2586e-11,2.0118e-11,1.9209e-11
1.6984e-11,5.9178e-11,5.2098e-11
1.8835e-11,5.5708e-11,4.3017e-11
3.7511e-11,4.1086e-11,2.2969e-11
1.8355e-11,1.8238e-11,1.1481e-11
2.5083e-11,5.0624e-11,3.7903e-11
3.1112e-11,3.1361e-11,1.5162e-11
2.1485e-11,2.3238e-11,1.4842e-11
2.156e-11,2.0625e-11,2.4427e-11
2.1638e-11,2.2185e-11,1.6303e-11
2.0482e-11,2.0955e-11,2.5955e-11
5.1005e-11,9.8463e-11,7.8475e-11
1.9529e-11,1.7096e-11,1.5624e-11
1.4982e-11,1.3935e-11,1.8744e-11
7.0163e-11,9.7729e-11,8.0074e-11
2.0233e-11,2.0924e-11,1.2864e-11
2.0172e-11,1.4618e-11,1.4047e-11
2.212e-11,2.278e-11,2.9528e-11
1.5689e-11,2.359e-11,1.7226e-11
1.9879e-11,1.9674e-11,1.3231e-11
3.3041e-11,1.9472e-11,3.9622e-11
5.4957e-11,3.6303e-11,6.6046e-11
5.5284e-11,3.2502e-11,6.0605e-11
2.0927e-11,1.6127e-11,1.9964e-11
5.1497e-11,2.6444e-11,5.3742e-11
3.7244e-11,1.7012e-11,3.9315e-11
4.1479e-11,2.3974e-11,3.4942e-11
6.6406e-11,2.8839e-11,6.878e-11
4.4477e-11,1.5763e-11,4.0115e-11
4.8796e-11,2.0603e-11,4.2615e-11
5.0014e-11,2.088e-11,4.5453e-11
6.7737e-11,2.207e-11,5.9737e-11
1.8593e-11,1.5561e-11,7.0352e-12
1.7085e-11,1.2197e-11,1.2596e-11
1.0302e-11,1.9643e-11,1.5559e-11
1.0113e-11,1.9243e-11,3.5118e-11
1.7786e-11,1.5727e-11,3.4027e-11
9.5124e-12,1.2349e-11,1.8867e-11
1.8078e-11,1.3596e-11,1.1854e-11
2.0678e-11,2.4761e-11,1.9891e-11
9.9171e-12,1.5583e-11,1.212e-11
9.9123e-12,1.0201e-11,1.8645e-11
2.5992e-11,2.9683e-11,2.6123e-11
2.0028e-11,1.3617e-11,2.2767e-11
3.117e-11,9.1864e-11,8.3664e-11
2.9078e-11,3.0207e-11,1.3612e-11
1.597e-11,1.4511e-11,7.5085e-12
1.9314e-11,1.6549e-11,1.401e-11
1.7958e-11,2.0165e-11,1.4712e-11
2.8432e-11,2.4954e-11,3.1581e-11
4.1455e-11,3.5605e-11,2.4534e-11
1.968e-11,1.7838e-11,1.5487e-11
1.8758e-11,1.521e-11,2.083e-11
5.1294e-11,4.3778e-11,3.1262e-11
2.4525e-11,1.5435e-11,2.5356e-11
2.2482e-11,2.0883e-11,2.3717e-11
4.1369e-11,1.9972e-11,3.9517e-11
2.3654e-11,1.3763e-11,2.115e-11
2.2609e-11,1.5905e-11,2.0642e-11
3.6345e-11,2.0211e-11,4.1157e-11
2.8596e-11,2.263e-11,2.6862e-11
3.7576e-11,1.6233e-11,3.8592e-11
7.3099e-11,2.793e-11,7.4498e-11
6.1691e-11,1.9289e-11,6.4453e-11
4.7664e-11,2.6895e-11,3.9263e-11
6.5227e-11,3.4599e-11,5.626e-11
7.3396e-11,2.6358e-11,6.1229e-11
1.5396e-11,1.0272e-11,1.2239e-11
1.8107e-11,2.256e-11,2.3387e-11
2.4336e-11,2.056e-11,1.0314e-11
1.7187e-11,1.21e-11,8.0515e-12
1.1406e-11,1.9821e-11,2.0255e-11
4.6043e-11,4.8996e-11,2.0808e-11
1.9486e-11,1.7759e-11,1.6991e-11
1.7388e-11,6.7253e-11,6.4282e-11
2.3757e-11,7.9207e-11,7.7209e-11
9.1844e-12,1.1588e-11,1.5763e-11
5.6061e-11,6.4973e-11,2.78e-11
1.9848e-11,2.0878e-11,1.2424e-11
1.422e-11,2.4217e-11,2.0761e-11
1.6884e-11,7.0295e-11,6.2282e-11
5.4131e-11,6.393e-11,2.7896e-11
1.9445e-11,7.4976e-11,6.2508e-11
1.8932e-11,1.9429e-11,1.0594e-11
2.5611e-11,9.4685e-11,7.1918e-11
1.5889e-11,1.8151e-11,1.0661e-11
2.7492e-11,2.863e-11,1.5535e-11
2.3977e-11,2.3954e-11,2.5822e-11
2.5777e-11,3.8614e-11,4.432e-11
6.3605e-11,1.0359e-10,8.3686e-11
1.6718e-11,1.6795e-11,2.1542e-11
1.8215e-11,1.9724e-11,1.3544e-11
2.3679e-11,1.7359e-11,1.7056e-11
5.4817e-11,4.777e-11,3.0984e-11
1.8502e-11,1.3632e-11,1.0759e-11
5.7332e-11,4.9641e-11,3.4012e-11
1.7122e-11,1.2486e-11,1.2766e-11
1.9023e-11,1.3866e-11,2.5862e-11
2.1426e-11,1.3825e-11,2.5516e-11
2.6416e-11,1.5164e-11,2.9476e-11
4.313e-11,3.1589e-11,3.4962e-11
3.6733e-11,1.8612e-11,4.0081e-11
4.3457e-11,2.5101e-11,4.6603e-11
5.1748e-11,3.3651e-11,3.54e-11
2.9027e-11,1.8264e-11,2.5684e-11
3.9008e-11,1.6344e-11,3.4124e-11
4.3223e-11,1.8523e-11,4.3524e-11
4.7776e-11,2.4857e-11,4.0873e-11
4.481e-11,2.0851e-11,4.1834e-11
5.3217e-11,1.6853e-11,4.4394e-11
6.3307e-11,1.9534e-11,5.9363e-11
5.7747e-11,1.9037e-11,5.0321e-11
6.2765e-11,1.9313e-11,5.6443e-11
7.4119e-11,2.2312e-11,6.6899e-11
5.7901e-12,1.2885e-11,1.3645e-11
1.4405e-11,1.7102e-11,2.1706e-11
1.914e-11,1.4463e-11,1.235e-11
1.2403e-11,1.0884e-11,2.5313e-11
1.3783e-11,1.4118e-11,1.3202e-11
1.4356e-11,1.9027e-11,1.6249e-11
1.0977e-11,2.6675e-11,2.6972e-11
1.2724e-11,1.5435e-11,2.4271e-11
1.1478e-11,1.9258e-11,2.1635e-11
1.3687e-11,1.9378e-11,1.3662e-11
1.5166e-11,1.3596e-11,1.0026e-11
1.6527e-11,6.6e-11,5.3313e-11
1.6344e-11,1.9629e-11,2.0238e-11
1.9093e-11,3.7585e-11,4.3747e-11
1.4228e-11,1.7174e-11,1.7147e-11
6.0093e-11,6.7682e-11,3.0196e-11
1.4875e-11,2.6586e-11,2.8124e-11
3.0905e-11,6.0132e-11,4.4234e-11
1.7365e-11,1.5032e-11,1.0426e-11
2.947e-11,5.7449e-11,4.324e-11
2.0727e-11,2.2108e-11,4.2674e-11
3.0233e-11,2.9339e-11,1.6662e-11
1.6509e-11,1.5793e-11,1.0814e-11
2.2057e-11,1.9888e-11,1.1152e-11
1.6781e-11,1.7104e-11,1.1244e-11
1.7366e-11,1.869e-11,1.1471e-11
4.6806e-11,7.6255e-11,7.1956e-11
6.1017e-11,6.1611e-11,3.3847e-11
1.6776e-11,2.1452e-11,2.6184e-11
5.4892e-11,8.633e-11,7.7831e-11
1.9126e-11,1.7348e-11,1.5872e-11
1.911e-11,3.1661e-11,2.0978e-11
1.3647e-11,1.1364e-11,1.7975e-11
7.0012e-11,7.6489e-11,8.0291e-11
2.3554e-11,1.9475e-11,1.3789e-11
1.734e-11,1.6314e-11,1.8106e-11
4.4876e-11,3.7651e-11,2.5905e-11
1.8012e-11,1.5331e-11,1.7137e-11
1.9616e-11,1.8461e-11,2.0146e-11
3.4031e-11,1.894e-11,3.5182e-11
2.5061e-11,1.9934e-11,2.678e-11
2.7914e-11,1.9043e-11,1.9989e-11
3.1401e-11,2.3648e-11,2.8281e-11
2.1794e-11,1.2745e-11,2.469e-11
5.9134e-11,3.2218e-11,6.6532e-11
2.2838e-11,1.6997e-11,1.9665e-11
4.0826e-11,2.8095e-11,3.0315e-11
3.1544e-11,1.5583e-11,2.7855e-11
6.0299e-11,3.2346e-11,5.0889e-11
5.5052e-11,2.0533e-11,5.1555e-11
5.7313e-11,2.3008e-11,4.9177e-11
5.6913e-11,2.1643e-11,4.8237e-11
5.6757e-11,2.0812e-11,5.2192e-11
7.2885e-11,2.2487e-11,6.4442e-11
7.3512e-11,2.5203e-11,6.7922e-11
8.626e-12,1.7274e-11,1.7404e-11
1.1269e-11,1.0628e-11,1.1774e-11
1.399e-11,9.9201e-12,1.223e-11
2.9865e-11,2.7628e-11,1.4658e-11
1.0086e-11,1.1369e-11,1.7368e-11
2.1856e-11,2.9969e-11,3.3072e-11
5.5305e-12,1.7031e-11,1.6299e-11
1.373e-11,2.3692e-11,2.3846e-11
1.7802e-11,1.7288e-11,3.7002e-11
1.3664e-11,1.5007e-11,1.8867e-11
1.228e-11,3.0049e-11,2.3971e-11
1.3843e-11,1.4876e-11,1.1929e-11
8.9837e-12,1.2845e-11,2.7528e-11
1.6669e-11,1.7484e-11,1.1099e-11
6.8757e-11,7.6508e-11,3.4168e-11
3.9718e-11,4.0352e-11,2.0261e-11
1.8264e-11,1.6029e-11,1.1049e-11
1.6733e-11,1.6911e-11,1.3122e-11
6.2373e-11,6.2285e-11,3.1939e-11
2.8869e-11,2.6919e-11,1.3579e-11
3.1316e-11,2.3414e-11,3.127e-11
6.6927e-11,6.6344e-11,3.4478e-11
4.6921e-11,7.5997e-11,7.1597e-11
1.8292e-11,2.458e-11,1.2509e-11
1.9079e-11,1.6375e-11,1.4797e-11
5.2653e-11,4.897e-11,2.9481e-11
1.5688e-11,2.3122e-11,1.9502e-11
3.3177e-11,4.4913e-11,5.6935e-11
3.4637e-11,3.3722e-11,4.2988e-11
3.356e-11,2.8586e-11,1.925e-11
1.4168e-11,1.2587e-11,1.575e-11
1.8741e-11,1.8603e-11,2.1011e-11
6.3077e-11,6.6768e-11,7.6157e-11
6.1877e-11,5.1485e-11,3.561e-11
2.0151e-11,1.4435e-11,1.5374e-11
2.0249e-11,1.4556e-11,2.0458e-11
2.3316e-11,2.0333e-11,1.3356e-11
2.0574e-11,1.8703e-11,1.806e-11
4.4246e-11,3.5966e-11,5.3112e-11
2.4399e-11,2.259e-11,1.6683e-11
4.7116e-11,2.5942e-11,5.6125e-11
2.2099e-11,1.7572e-11,2.3045e-11
6.2595e-11,4.665e-11,3.7095e-11
2.1365e-11,2.5455e-11,1.8071e-11
3.8288e-11,2.6845e-11,2.7379e-11
2.5935e-11,1.4032e-11,3.1074e-11
6.0472e-11,4.4334e-11,3.8709e-11
3.4838e-11,2.361e-11,2.4134e-11
2.7103e-11,1.9445e-11,2.3229e-11
4.16e-11,2.421e-11,4.451e-11
3.0418e-11,2.2583e-11,2.8807e-11
5.5176e-11,2.6223e-11,5.8937e-11
4.6966e-11,3.3233e-11,3.5995e-11
4.2552e-11,2.017e-11,4.0834e-11
5.5662e-11,2.4751e-11,5.9574e-11
5.0264e-11,2.3688e-11,4.0051e-11
4.5932e-11,1.6473e-11,4.1697e-11
7.7801e-11,2.6452e-11,6.4679e-11
1.8122e-11,1.7464e-11,2.1892e-11
1.4255e-11,2.0595e-11,2.2506e-11
1.0807e-11,1.0412e-11,8.2273e-12
1.4713e-11,1.8021e-11,1.3734e-11
2.0462e-11,1.1419e-11,2.0863e-11
2.3205e-11,1.94e-11,1.6199e-11
1.036e-11,2.2177e-11,1.6893e-11
1.2863e-11,4.6063e-11,4.5365e-11
1.2765e-11,1.2582e-11,1.1049e-11
1.3834e-11,1.7709e-11,1.4198e-11
1.109e-11,1.4312e-11,1.1949e-11
1.1716e-11,2.951e-11,2.7746e-11
1.7324e-11,7.0235e-11,6.627e-11
2.5033e-11,2.4522e-11,1.4123e-11
2.0984e-11,2.8916e-11,2.952e-11
1.1508e-11,1.4069e-11,1.1296e-11
1.5588e-11,1.7873e-11,2.197e-11
1.2532e-11,3.3061e-11,2.742e-11
1.9548e-11,1.4655e-11,1.3955e-11
4.0001e-11,4.352e-11,1.591e-11
1.9343e-11,2.3937e-11,2.2106e-11
1.5772e-11,1.8598e-11,1.6748e-11
2.5366e-11,2.6992e-11,1.2068e-11
2.0568e-11,2.1165e-11,1.9592e-11
1.8428e-11,1.6909e-11,8.2624e-12
1.5997e-11,1.7758e-11,1.2066e-11
3.8467e-11,3.5942e-11,2.2468e-11
1.6185e-11,1.7391e-11,1.1363e-11
1.4309e-11,1.7963e-11,2.2395e-11
1.4192e-11,1.1009e-11,1.7804e-11
1.4968e-11,9.9133e-12,2.001e-11
1.6381e-11,2.1373e-11,1.9376e-11
5.7727e-11,8.4982e-11,8.1542e-11
1.6976e-11,1.2169e-11,1.1571e-11
1.378e-11,1.0979e-11,1.6552e-11
1.6823e-11,1.4437e-11,2.0152e-11
4.3566e-11,3.2408e-11,4.6806e-11
1.8843e-11,1.6539e-11,1.7258e-11
2.3538e-11,3.4681e-11,2.2319e-11
2.1324e-11,1.2981e-11,2.3055e-11
2.2713e-11,1.3351e-11,2.5581e-11
4.1948e-11,3.0992e-11,5.2553e-11
2.8973e-11,1.4671e-11,2.8594e-11
3.1166e-11,1.9169e-11,3.0014e-11
3.4491e-11,2.0393e-11,2.6546e-11
3.8568e-11,1.926e-11,3.7516e-11
4.845e-11,2.3847e-11,4.4068e-11
3.5557e-11,2.38e-11,2.8139e-11
6.3707e-11,2.7469e-11,6.8762e-11
5.7012e-11,2.8085e-11,5.9855e-11
7.1713e-11,3.9796e-11,6.0421e-11
5.0437e-11,2.1464e-11,4.1803e-11
7.8789e-11,4.4272e-11,6.658e-11
8.1162e-11,3.201e-11,6.8276e-11
3.2908e-11,2.9726e-11,1.5601e-11
1.0468e-11,2.7483e-11,2.7705e-11
1.4899e-11,1.2779e-11,2.4205e-11
1.7215e-11,1.9006e-11,1.8999e-11
5.7118e-11,6.063e-11,2.4612e-11
4.8013e-11,5.1964e-11,2.0876e-11
1.7383e-11,7.374e-11,6.9372e-11
1.7229e-11,1.3615e-11,9.7308e-12
1.6697e-11,1.3649e-11,1.2301e-11
2.271e-11,3.6715e-11,3.4045e-11
3.6754e-11,9.0817e-11,6.9711e-11
3.4376e-11,8.5015e-11,6.6644e-11
2.0309e-11,1.9125e-11,1.3633e-11
4.1274e-11,8.3045e-11,7.2228e-11
1.6382e-11,1.4424e-11,1.1461e-11
1.6916e-11,1.5442e-11,8.7049e-12
1.7467e-11,2.1074e-11,1.7753e-11
6.7111e-11,6.2744e-11,3.5618e-11
1.848e-11,1.5695e-11,1.7186e-11
1.428e-11,2.51e-11,1.915e-11
2.1595e-11,2.2817e-11,3.073e-11
5.7566e-11,6.0858e-11,7.2057e-11
1.7937e-11,1.5092e-11,1.0944e-11
3.7494e-11,3.1528e-11,2.377e-11
6.6709e-11,5.8142e-11,3.7338e-11
3.1115e-11,2.6697e-11,2.0412e-11
1.9264e-11,1.4293e-11,1.8509e-11
4.8793e-11,3.1481e-11,6.0063e-11
4.3699e-11,3.0126e-11,5.3443e-11
6.6767e-11,4.5439e-11,4.1024e-11
2.8326e-11,2.0176e-11,2.3514e-11
4.4809e-11,3.0353e-11,4.6767e-11
6.708e-11,2.4507e-11,6.8077e-11
5.9985e-11,3.1055e-11,4.778e-11
6.4346e-11,2.1042e-11,5.798e-11
6.2434e-11,2.5552e-11,5.6151e-11
8.2043e-11,3.1393e-11,6.6116e-11
1.803e-11,2.2919e-11,2.2206e-11
1.3654e-11,2.012e-11,1.9893e-11
2.1555e-11,1.958e-11,1.9994e-11
3.2747e-11,3.2029e-11,1.2984e-11
1.2259e-11,2.1106e-11,2.8135e-11
1.2429e-11,1.5597e-11,1.7028e-11
1.0529e-11,2.2076e-11,2.0117e-11
2.1175e-11,2.0463e-11,2.2847e-11
1.089e-11,5.3443e-11,4.8076e-11
6.3306e-11,7.095e-11,2.7877e-11
1.2743e-11,2.0956e-11,1.0224e-11
1.7622e-11,2.9412e-11,2.566e-11
1.4984e-11,2.5711e-11,1.4435e-11
1.661e-11,1.3943e-11,2.9475e-11
3.3964e-11,3.9031e-11,1.6983e-11
1.4349e-11,3.7487e-11,3.039e-11
7.0927e-11,7.6639e-11,3.4112e-11
1.2046e-11,2.6195e-11,2.0714e-11
2.9621e-11,4.708e-11,4.0801e-11
7.5052e-11,7.1623e-11,3.6913e-11
4.7018e-11,4.5174e-11,2.3687e-11
2.7725e-11,3.3342e-11,3.4386e-11
1.6348e-11,1.6239e-11,1.9514e-11
2.6471e-11,2.3429e-11,1.5724e-11
1.7387e-11,1.5447e-11,2.0784e-11
1.9348e-11,1.8243e-11,2.1232e-11
4.3183e-11,4.2677e-11,5.69e-11
1.654e-11,1.4739e-11,1.8322e-11
1.6017e-11,1.4613e-11,2.0682e-11
6.7912e-11,5.7805e-11,3.6887e-11
2.5834e-11,2.4505e-11,2.1317e-11
2.1014e-11,2.304e-11,2.3347e-11
1.6278e-11,1.2368e-11,1.9977e-11
1.9327e-11,1.9735e-11,2.181e-11
4.4091e-11,3.7818e-11,5.4352e-11
6.1015e-11,5.172e-11,3.4679e-11
4.6042e-11,4.0472e-11,2.7331e-11
2.1643e-11,1.7877e-11,2.5891e-11
2.5661e-11,1.9906e-11,2.0416e-11
6.8202e-11,5.3247e-11,3.8331e-11
2.1036e-11,2.1727e-11,1.931e-11
6.8203e-11,4.9666e-11,4.0767e-11
2.8761e-11,2.1309e-11,2.1101e-11
2.7364e-11,1.7836e-11,1.8893e-11
2.7661e-11,1.7227e-11,1.9426e-11
7.0362e-11,4.8281e-11,4.3971e-11
2.7222e-11,1.863e-11,1.971e-11
5.1051e-11,2.4909e-11,4.5378e-11
4.9685e-11,1.9967e-11,3.9725e-11
5.3456e-11,2.6287e-11,4.1918e-11
6.0639e-11,2.5239e-11,5.1297e-11
8.056e-11,4.4085e-11,6.2824e-11
6.8838e-11,3.1585e-11,5.7653e-11
7.9932e-11,3.3497e-11,6.529e-11
7.139e-11,2.7696e-11,6.5009e-11
1.6298e-11,1.5966e-11,1.2032e-11
9.9075e-12,2.0033e-11,1.8449e-11
2.024e-11,1.6701e-11,9.4718e-12
1.0113e-11,1.9194e-11,2.6615e-11
1.5927e-11,2.1353e-11,1.6641e-11
3.1211e-11,2.919e-11,2.9682e-11
1.5017e-11,1.2563e-11,1.0968e-11
1.2934e-11,1.5312e-11,1.3057e-11
9.737e-12,1.4909e-11,1.7906e-11
1.3209e-11,1.5971e-11,1.5912e-11
2.1329e-11,2.4458e-11,2.4685e-11
1.4458e-11,1.6868e-11,1.3256e-11
1.6772e-11,2.1495e-11,2.5862e-11
1.2503e-11,1.6945e-11,1.1229e-11
1.3712e-11,2.2484e-11,1.5484e-11
2.0543e-11,1.2621e-11,2.2865e-11
1.9129e-11,1.9832e-11,1.1145e-11
2.1607e-11,2.0358e-11,1.3352e-11
2.7081e-11,4.8155e-11,5.0543e-11
2.1221e-11,2.1402e-11,1.4503e-11
1.0009e-11,1.3528e-11,1.9198e-11
1.4088e-11,2.9341e-11,2.0165e-11
1.0378e-11,1.4091e-11,1.9277e-11
4.8262e-11,4.7502e-11,2.4048e-11
2.0681e-11,1.8023e-11,1.3672e-11
2.7309e-11,3.1376e-11,3.5575e-11
5.5117e-11,6.9017e-11,7.0217e-11
1.44e-11,1.6821e-11,1.6917e-11
2.2453e-11,1.9016e-11,1.7172e-11
2.2241e-11,1.8492e-11,2.3365e-11
6.909e-11,7.836e-11,7.9902e-11
2.7466e-11,2.3755e-11,3.5019e-11
5.6183e-11,4.985e-11,7.0065e-11
2.3349e-11,2.1353e-11,2.9331e-11
4.5994e-11,3.5119e-11,5.0321e-11
2.489e-11,1.794e-11,1.6953e-11
5.3418e-11,4.5049e-11,6.1531e-11
1.8687e-11,1.3738e-11,1.7524e-11
2.0644e-11,2.131e-11,2.7618e-11
3.84e-11,3.5048e-11,4.9959e-11
2.0656e-11,1.7939e-11,2.5448e-11
5.4411e-11,4.0926e-11,6.3046e-11
5.674e-11,3.8927e-11,6.5624e-11
2.4392e-11,1.7645e-11,2.6059e-11
2.9372e-11,1.6093e-11,2.9666e-11
6.862e-11,5.1179e-11,3.9033e-11
5.0998e-11,3.3587e-11,6.5183e-11
2.7625e-11,1.7614e-11,3.0145e-11
4.14e-11,3.1253e-11,5.2989e-11
6.8032e-11,4.9621e-11,4.0274e-11
2.9132e-11,1.6822e-11,2.7354e-11
5.3612e-11,3.4952e-11,6.4985e-11
5.5736e-11,3.6583e-11,6.5734e-11
5.0338e-11,2.6224e-11,4.882e-11
6.6364e-11,3.0478e-11,7.1881e-11
7.1914e-11,4.2632e-11,5.5424e-11
6.0343e-11,2.4891e-11,5.1524e-11
2.1165e-11,1.6578e-11,6.1616e-12
1.3098e-11,1.3962e-11,7.7231e-12
1.9285e-11,2.0927e-11,2.6613e-11
2.7187e-11,2.585e-11,2.6497e-11
6.5697e-12,1.018e-11,1.3675e-11
7.35e-12,1.562e-11,2.231e-11
2.199e-11,7.3316e-11,6.9804e-11
8.4283e-12,4.8253e-11,4.3309e-11
5.5663e-11,5.9983e-11,2.2632e-11
1.2505e-11,1.0334e-11,2.119e-11
1.0705e-11,1.7604e-11,1.0978e-11
2.1115e-11,2.1864e-11,1.3147e-11
1.3418e-11,1.9375e-11,1.5684e-11
1.6208e-11,1.4325e-11,1.0178e-11
4.7133e-11,5.0981e-11,1.93e-11
1.6416e-11,1.6715e-11,1.5447e-11
2.0177e-11,1.9204e-11,1.2228e-11
5.6428e-11,5.9001e-11,2.6387e-11
3.3076e-11,3.4313e-11,1.496e-11
1.462e-11,1.8054e-11,2.0492e-11
1.8985e-11,2.4266e-11,2.9185e-11
2.0135e-11,2.0735e-11,1.3814e-11
1.8974e-11,2.0872e-11,2.2525e-11
2.0416e-11,5.0322e-11,4.4514e-11
1.697e-11,1.4015e-11,1.1943e-11
3.5554e-11,5.0707e-11,5.5928e-11
1.922e-11,1.9121e-11,2.0181e-11
1.4674e-11,1.3262e-11,1.5513e-11
4.3854e-11,5.5388e-11,6.3142e-11
2.9491e-11,2.6261e-11,1.8654e-11
5.0303e-11,4.4303e-11,2.6744e-11
3.2213e-11,3.129e-11,4.1961e-11
2.5267e-11,1.7137e-11,2.838e-11
4.3896e-11,3.8083e-11,2.9924e-11
1.7227e-11,1.6564e-11,2.1326e-11
2.0326e-11,2.0879e-11,2.1971e-11
6.2335e-11,5.3712e-11,3.4302e-11
3.0596e-11,1.8252e-11,2.8293e-11
5.1573e-11,4.5895e-11,3.2e-11
2.8921e-11,1.7544e-11,1.9602e-11
3.4785e-11,1.9281e-11,3.3565e-11
2.9346e-11,2.073e-11,2.7354e-11
4.016e-11,2.267e-11,4.3257e-11
4.0134e-11,2.4677e-11,4.1334e-11
5.595e-11,3.0531e-11,6.0556e-11
4.6727e-11,2.5403e-11,3.3427e-11
4.9176e-11,1.8153e-11,4.0665e-11
5.8149e-11,2.4017e-11,5.3531e-11
6.3531e-11,2.9694e-11,6.5948e-11
5.1178e-11,2.7119e-11,3.7999e-11
6.1435e-11,2.82e-11,6.6781e-11
5.632e-11,2.9383e-11,4.2162e-11
5.6002e-11,2.5483e-11,5.0177e-11
7.0847e-11,3.7864e-11,5.5051e-11
2.0804e-11,1.5029e-11,3.665e-12
1.328e-11,1.3373e-11,1.7777e-11
1.666e-11,1.1935e-11,1.6441e-11
1.5109e-11,7.1811e-11,7.0734e-11
8.3695e-12,1.2905e-11,1.5601e-11
1.7781e-11,1.6729e-11,1.258e-11
1.7906e-11,1.0535e-11,1.9238e-11
1.518e-11,1.2854e-11,2.3869e-11
4.4474e-11,4.8504e-11,1.915e-11
2.4013e-11,7.2505e-11,5.7954e-11
5.0072e-11,5.3686e-11,2.4063e-11
6.8287e-11,6.9124e-11,3.2287e-11
1.0504e-11,1.34e-11,1.8006e-11
2.7531e-11,2.918e-11,1.771e-11
3.2685e-11,3.5638e-11,3.5237e-11
2.8182e-11,3.4508e-11,3.4857e-11
6.4802e-11,6.2721e-11,3.3349e-11
4.4089e-11,4.7825e-11,4.7613e-11
2.6888e-11,1.9138e-11,1.8656e-11
4.3474e-11,3.8891e-11,2.3797e-11
5.4879e-11,4.5829e-11,3.0393e-11
2.6011e-11,2.3745e-11,1.8578e-11
2.3453e-11,1.9854e-11,2.2267e-11
4.897e-11,3.6029e-11,6.117e-11
2.3275e-11,2.1743e-11,2.5266e-11
2.5661e-11,1.8922e-11,1.9646e-11
4.4369e-11,3.8106e-11,2.8204e-11
4.8351e-11,2.9423e-11,5.6565e-11
4.7799e-11,2.5276e-11,4.0409e-11
4.298e-11,2.5023e-11,3.6811e-11
5.1852e-11,2.7811e-11,3.9386e-11
6.4989e-11,3.1731e-11,6.5771e-11
6.8226e-11,3.061e-11,6.5153e-11
5.6313e-11,2.8818e-11,4.6103e-11
6.9008e-11,3.9243e-11,5.6522e-11
5.671e-11,2.8064e-11,5.1601e-11
1.592e-11,1.1812e-11,1.0697e-11
1.7835e-11,1.5846e-11,1.157e-11
3.0139e-11,2.7842e-11,1.1728e-11
2.7572e-11,2.5279e-11,2.3982e-11
7.9296e-12,1.3345e-11,1.7529e-11
1.1694e-11,1.278e-11,1.4205e-11
9.6701e-12,1.6651e-11,1.8564e-11
1.1708e-11,4.9055e-11,4.2593e-11
1.0887e-11,1.4419e-11,1.6628e-11
3.8752e-11,4.0554e-11,1.3798e-11
6.9665e-11,7.5202e-11,3.0541e-11
6.661e-11,7.0565e-11,2.9219e-11
2.056e-11,4.6487e-11,3.6726e-11
3.086e-11,7.1887e-11,6.6617e-11
2.0774e-11,3.5385e-11,3.5621e-11
1.4231e-11,1.4487e-11,2.0249e-11
2.8477e-11,4.7224e-11,4.2514e-11
1.6979e-11,2.2361e-11,2.5682e-11
7.1205e-11,7.1645e-11,3.5058e-11
5.925e-11,5.6839e-11,2.8723e-11
1.7782e-11,1.6428e-11,1.6651e-11
2.9389e-11,2.8347e-11,3.2197e-11
4.7594e-11,4.4803e-11,2.3215e-11
1.3176e-11,1.2646e-11,1.4166e-11
1.6607e-11,1.4432e-11,1.6656e-11
1.3976e-11,1.1322e-11,1.4542e-11
1.6471e-11,1.5206e-11,1.8681e-11
2.6524e-11,2.1019e-11,3.0776e-11
3.4514e-11,2.9886e-11,4.0205e-11
5.5896e-11,5.0928e-11,6.4287e-11
6.9557e-11,6.0996e-11,3.6892e-11
2.3388e-11,2.3255e-11,2.7811e-11
4.3428e-11,2.8398e-11,4.958e-11
2.9636e-11,2.1688e-11,1.8706e-11
6.1073e-11,3.9047e-11,6.9591e-11
5.0735e-11,3.5406e-11,6.7367e-11
5.7928e-11,3.8529e-11,7.2681e-11
5.07e-11,3.8087e-11,2.8938e-11
2.8199e-11,1.9554e-11,3.1087e-11
4.5444e-11,2.6729e-11,4.0636e-11
3.1958e-11,2.6424e-11,3.3136e-11
3.5119e-11,2.7161e-11,3.1338e-11
5.3519e-11,3.1252e-11,6.0738e-11
7.5829e-11,5.6156e-11,4.9334e-11
5.5333e-11,2.966e-11,5.5396e-11
6.8622e-11,2.9248e-11,5.6352e-11
7.4423e-11,3.1609e-11,5.8854e-11
2.4151e-11,2.0288e-11,9.7651e-12
1.149e-11,5.9255e-11,5.9539e-11
1.6897e-11,1.2626e-11,1.0311e-11
3.0967e-11,2.8725e-11,1.0131e-11
1.4177e-11,2.2002e-11,2.7703e-11
1.7072e-11,3.5311e-11,3.4649e-11
2.3885e-11,2.3048e-11,6.118e-12
1.2785e-11,1.2988e-11,1.3742e-11
8.4769e-12,1.2875e-11,1.6749e-11
2.1635e-11,2.2361e-11,3.7584e-11
3.4148e-11,3.6157e-11,1.4859e-11
1.9634e-11,3.3285e-11,3.2619e-11
1.9602e-11,1.8472e-11,8.5472e-12
1.6967e-11,1.7322e-11,2.1082e-11
2.4573e-11,5.7732e-11,5.0534e-11
5.1229e-11,4.9303e-11,2.312e-11
1.8119e-11,2.8997e-11,2.9635e-11
2.7256e-11,3.7946e-11,4.4381e-11
2.8582e-11,3.7895e-11,4.4343e-11
6.5448e-11,6.4614e-11,3.0698e-11
4.6571e-11,4.4396e-11,2.2462e-11
5.2246e-11,4.8662e-11,2.8039e-11
2.8918e-11,2.7318e-11,3.3102e-11
3.6331e-11,3.7633e-11,4.4146e-11
2.6516e-11,2.0969e-11,1.3886e-11
2.1576e-11,1.8126e-11,2.4017e-11
1.6545e-11,1.6486e-11,2.2982e-11
5.4515e-11,5.3913e-11,6.486e-11
3.1364e-11,2.6709e-11,3.2429e-11
4.5675e-11,4.2612e-11,2.6538e-11
3.0226e-11,1.9411e-11,3.1814e-11
5.9486e-11,4.3359e-11,7.2685e-11
2.4886e-11,1.6813e-11,2.9663e-11
2.6134e-11,1.8675e-11,2.2896e-11
4.6415e-11,3.6036e-11,3.0168e-11
3.1789e-11,1.9432e-11,3.1574e-11
4.4929e-11,1.9938e-11,3.2965e-11
3.7784e-11,2.0605e-11,3.1663e-11
5.7463e-11,3.6342e-11,4.317e-11
6.3839e-11,2.7842e-11,5.882e-11
1.3399e-11,3.7626e-11,3.8169e-11
1.0778e-11,1.3784e-11,1.5496e-11
5.6566e-12,1.5026e-11,1.3945e-11
1.5089e-11,1.7832e-11,1.2269e-11
2.1231e-11,1.896e-11,9.6127e-12
1.7382e-11,1.7094e-11,1.2207e-11
1.2901e-11,2.7301e-11,2.4611e-11
1.515e-11,1.338e-11,9.4723e-12
3.9446e-11,4.115e-11,1.3472e-11
1.9796e-11,1.613e-11,1.6948e-11
1.3115e-11,1.6519e-11,2.1796e-11
1.2158e-11,1.9281e-11,1.9106e-11
1.2677e-11,4.6328e-11,3.8778e-11
2.3853e-11,2.668e-11,2.6311e-11
2.8665e-11,4.7409e-11,4.2443e-11
5.3468e-11,5.2148e-11,2.311e-11
2.0228e-11,1.8245e-11,1.009e-11
1.6579e-11,1.6804e-11,1.212e-11
3.2537e-11,3.2998e-11,1.6607e-11
4.9252e-11,5.0987e-11,2.5355e-11
1.8669e-11,1.5424e-11,1.7048e-11
3.422e-11,3.5924e-11,4.3961e-11
2.7346e-11,2.235e-11,3.1101e-11
5.2596e-11,4.9567e-11,6.1711e-11
2.0958e-11,2.0046e-11,1.4459e-11
2.4183e-11,2.0266e-11,2.4776e-11
1.8384e-11,1.4214e-11,2.1748e-11
7.3495e-11,6.4874e-11,3.8876e-11
2.6025e-11,1.8894e-11,2.2657e-11
3.1291e-11,2.2685e-11,1.807e-11
6.002e-11,4.5983e-11,3.416e-11
7.7274e-11,5.8573e-11,4.4793e-11
3.8563e-11,2.6803e-11,2.8695e-11
5.7892e-11,4.2755e-11,3.7229e-11
5.8954e-11,3.3881e-11,6.2411e-11
4.5504e-11,2.615e-11,4.6572e-11
8.1361e-11,5.1991e-11,6.0776e-11
6.4202e-11,3.6063e-11,5.1816e-11
6.1704e-11,3.0994e-11,5.5251e-11
7.5532e-11,4.2458e-11,6.099e-11
6.5471e-11,3.6106e-11,5.7883e-11
7.751e-11,3.7175e-11,6.19e-11
1.3844e-11,3.5341e-11,3.3498e-11
1.3574e-11,2.2573e-11,1.0212e-11
1.7833e-11,1.9535e-11,2.4156e-11
1.0864e-11,1.2878e-11,1.1166e-11
1.1185e-11,9.1832e-12,8.1136e-12
1.4967e-11,1.8139e-11,1.359e-11
1.6142e-11,1.8233e-11,2.0367e-11
4.5169e-11,4.3579e-11,1.9042e-11
1.6321e-11,1.6199e-11,9.8299e-12
1.5686e-11,4.4873e-11,4.4868e-11
2.8742e-11,2.9153e-11,9.7102e-12
1.4528e-11,1.1726e-11,1.4205e-11
1.1466e-11,1.3243e-11,1.776e-11
1.2503e-11,1.1038e-11,1.3782e-11
6.8678e-11,7.4318e-11,2.4917e-11
1.2992e-11,1.1113e-11,1.2365e-11
1.2987e-11,1.3568e-11,6.6653e-12
2.1643e-11,2.3131e-11,1.2438e-11
2.1903e-11,4.1845e-11,3.5563e-11
2.9232e-11,6.4566e-11,5.7818e-11
1.7856e-11,2.1773e-11,1.8861e-11
3.6751e-11,6.9384e-11,6.4815e-11
2.6466e-11,3.2011e-11,2.389e-11
7.1282e-11,6.8975e-11,3.2797e-11
2.5674e-11,4.0569e-11,4.4248e-11
2.437e-11,2.2457e-11,1.077e-11
2.0707e-11,2.6826e-11,2.7393e-11
1.6686e-11,1.8674e-11,1.9099e-11
2.9077e-11,3.3732e-11,3.2153e-11
1.5472e-11,1.5848e-11,1.4909e-11
1.7802e-11,1.5985e-11,1.6332e-11
3.7072e-11,4.0205e-11,4.5976e-11
1.8346e-11,1.5209e-11,1.8706e-11
2.1999e-11,1.3569e-11,1.5649e-11
2.4117e-11,1.943e-11,2.0011e-11
2.3944e-11,2.3175e-11,2.011e-11
3.5126e-11,2.4078e-11,3.0707e-11
5.2095e-11,3.3675e-11,6.6765e-11
6.1009e-11,4.1625e-11,7.2368e-11
2.6685e-11,1.865e-11,3.1177e-11
3.7105e-11,2.619e-11,3.2351e-11
4.0899e-11,2.4296e-11,3.9833e-11
3.3915e-11,2.8087e-11,3.6808e-11
5.284e-11,3.8355e-11,4.1009e-11
8.7947e-11,6.0415e-11,6.0223e-11
5.0343e-11,2.5916e-11,3.94e-11
6.3684e-11,3.0703e-11,6.0838e-11
4.79e-11,2.7258e-11,3.8398e-11
7.2054e-11,4.009e-11,5.7977e-11
7.3276e-11,3.7114e-11,5.8574e-11
8.304e-11,4.0099e-11,5.9935e-11
1.5586e-11,1.2345e-11,5.2615e-12
1.2995e-11,1.1485e-11,1.2738e-11
2.8417e-11,2.6176e-11,9.3547e-12
1.2097e-11,1.8568e-11,5.5523e-12
1.0449e-11,1.4182e-11,6.0584e-12
1.5371e-11,1.514e-11,3.9835e-12
1.871e-11,1.1836e-11,8.6013e-12
7.8131e-12,1.4652e-11,1.7719e-11
1.7008e-11,2.2763e-11,3.1903e-11
7.4114e-12,6.5762e-11,6.7245e-11
1.2908e-11,1.5549e-11,2.9661e-11
1.4073e-11,6.3709e-11,6.4345e-11
1.9629e-11,1.7568e-11,8.9492e-12
1.3642e-11,1.3235e-11,2.757e-11
1.481e-11,6.1838e-11,5.592e-11
1.1253e-11,1.5769e-11,1.4788e-11
1.269e-11,1.3551e-11,8.9615e-12
2.0978e-11,4.316e-11,4.3835e-11
3.1668e-11,3.467e-11,1.089e-11
2.0812e-11,4.4556e-11,4.9423e-11
1.7917e-11,1.7658e-11,1.326e-11
6.5097e-11,6.4199e-11,2.8822e-11
2.2385e-11,2.0398e-11,1.0065e-11
2.0179e-11,2.0726e-11,1.0185e-11
1.9088e-11,2.3857e-11,2.0487e-11
3.7685e-11,3.6622e-11,2.2086e-11
1.9414e-11,1.6943e-11,1.4975e-11
1.8989e-11,2.3861e-11,2.7306e-11
3.5543e-11,2.9392e-11,3.584e-11
6.7569e-11,6.2438e-11,3.7379e-11
2.0655e-11,1.424e-11,1.4647e-11
7.1095e-11,6.3773e-11,3.6347e-11
2.3797e-11,2.2519e-11,3.1769e-11
2.3966e-11,1.7757e-11,2.4064e-11
2.5665e-11,1.894e-11,2.2059e-11
3.8307e-11,2.6743e-11,2.6899e-11
4.7392e-11,3.606e-11,3.3729e-11
4.7476e-11,2.962e-11,5.3231e-11
3.7425e-11,2.5376e-11,2.8444e-11
4.0486e-11,2.9109e-11,3.302e-11
7.8648e-11,4.9545e-11,5.6943e-11
5.0609e-11,2.8593e-11,3.8654e-11
5.7807e-11,3.5644e-11,4.047e-11
4.8749e-11,2.3687e-11,3.81e-11
6.5497e-11,4.1134e-11,4.8235e-11
5.9542e-11,2.7561e-11,5.3949e-11
6.1165e-11,2.9214e-11,5.3647e-11
6.5847e-11,3.7705e-11,5.6217e-11
6.745e-11,3.7893e-11,6.0617e-11
2.5232e-11,2.0467e-11,3.5582e-11
1.5266e-11,2.3579e-11,2.729e-11
2.6726e-11,1.7531e-11,2.9889e-11
1.1319e-11,1.2612e-11,1.1956e-11
1.0884e-11,1.1432e-11,1.1062e-11
1.4367e-11,1.7316e-11,2.2002e-11
1.2446e-11,1.2529e-11,2.2578e-11
2.62e-11,2.5583e-11,1.0713e-11
2.1625e-11,7.0331e-11,6.3408e-11
1.4416e-11,1.1242e-11,1.3094e-11
1.4768e-11,2.149e-11,1.9196e-11
3.6742e-11,3.8562e-11,1.4189e-11
1.9242e-11,1.7089e-11,8.9404e-12
1.9343e-11,1.9708e-11,1.017e-11
3.4051e-11,3.3557e-11,1.9356e-11
3.5911e-11,5.302e-11,5.2462e-11
2.5532e-11,2.3313e-11,1.2955e-11
2.7532e-11,2.5276e-11,1.4623e-11
4.381e-11,3.7682e-11,5.1062e-11
2.826e-11,2.3436e-11,1.7982e-11
7.0555e-11,6.1998e-11,3.5647e-11
2.4715e-11,2.7498e-11,2.2427e-11
3.7515e-11,2.9451e-11,3.2229e-11
4.1436e-11,3.1853e-11,2.8228e-11
2.8239e-11,1.86e-11,2.4281e-11
3.6569e-11,2.5042e-11,2.5881e-11
3.1997e-11,3.2466e-11,2.5662e-11
3.1976e-11,2.3882e-11,3.225e-11
7.0379e-11,5.5522e-11,4.3836e-11
4.0611e-11,3.3349e-11,3.1254e-11
6.3162e-11,3.4268e-11,5.4054e-11
6.5802e-11,3.8772e-11,5.8103e-11
1.6233e-11,1.3115e-11,6.6587e-12
1.4518e-11,1.9283e-11,3.2454e-11
1.269e-11,1.6342e-11,1.6206e-11
5.0818e-11,4.9887e-11,1.5488e-11
9.7808e-12,1.2308e-11,2.2839e-11
1.5891e-11,1.3928e-11,1.7747e-11
1.6338e-11,1.8264e-11,1.9066e-11
1.7333e-11,1.6224e-11,1.3301e-11
1.1959e-11,1.4548e-11,1.8567e-11
1.9107e-11,3.5735e-11,3.6152e-11
1.183e-11,2.4357e-11,2.2101e-11
1.1623e-11,3.4612e-11,3.2704e-11
1.2456e-11,1.3152e-11,8.0801e-12
1.1378e-11,1.6414e-11,1.5777e-11
1.7192e-11,6.7881e-11,6.5572e-11
7.365e-11,7.6641e-11,2.6773e-11
1.7887e-11,1.7049e-11,1.0443e-11
1.8022e-11,1.9355e-11,1.0061e-11
4.102e-11,3.9732e-11,2.091e-11
1.9537e-11,1.9371e-11,2.689e-11
1.8626e-11,1.8433e-11,1.8362e-11
1.9754e-11,1.9951e-11,1.7013e-11
1.7904e-11,1.5143e-11,1.8656e-11
4.7369e-11,3.56e-11,5.5576e-11
2.5459e-11,1.9696e-11,2.8434e-11
3.9168e-11,3.1965e-11,5.5255e-11
2.8137e-11,1.9017e-11,2.9549e-11
4.4454e-11,3.3426e-11,5.4992e-11
3.136e-11,2.6727e-11,2.4666e-11
4.989e-11,3.6357e-11,3.1821e-11
6.1126e-11,4.4753e-11,3.7584e-11
4.7624e-11,3.5464e-11,3.3644e-11
3.9854e-11,2.794e-11,4.0289e-11
5.5629e-11,2.6472e-11,3.7704e-11
5.6656e-11,2.99e-11,5.4264e-11
6.0426e-11,3.1397e-11,6.058e-11
7.1403e-11,4.0272e-11,5.885e-11
1.5317e-11,4.095e-11,3.778e-11
1.3014e-11,1.1353e-11,6.8079e-12
1.4057e-11,1.2641e-11,1.2372e-11
6.9133e-12,4.1893e-11,4.493e-11
1.3652e-11,1.9169e-11,1.9186e-11
2.6808e-11,2.3897e-11,1.4116e-11
1.0686e-11,5.8688e-11,5.9435e-11
1.2103e-11,1.5595e-11,2.3605e-11
1.5393e-11,6.547e-11,6.6032e-11
3.5807e-11,3.4486e-11,8.9366e-12
1.4491e-11,4.0747e-11,3.9868e-11
1.4104e-11,1.3189e-11,6.4057e-12
2.1826e-11,2.6272e-11,1.9777e-11
1.8549e-11,2.1558e-11,1.7188e-11
2.5413e-11,3.5364e-11,3.3569e-11
1.2654e-11,4.6357e-11,4.7112e-11
1.3792e-11,1.6333e-11,1.7942e-11
6.8984e-11,7.2203e-11,2.1652e-11
2.2032e-11,2.5499e-11,8.6406e-12
1.2947e-11,1.9273e-11,1.7452e-11
1.7374e-11,1.9599e-11,1.8921e-11
1.9759e-11,2.1803e-11,1.6681e-11
3.3257e-11,5.5084e-11,5.1269e-11
5.7124e-11,5.8398e-11,2.5559e-11
3.7984e-11,4.5316e-11,4.9927e-11
1.8978e-11,1.9043e-11,1.4896e-11
3.0134e-11,2.6064e-11,1.6021e-11
6.7539e-11,6.3003e-11,3.4196e-11
2.0216e-11,1.8851e-11,1.9945e-11
2.5084e-11,1.6474e-11,2.2702e-11
2.4134e-11,1.8497e-11,2.6477e-11
2.3702e-11,1.8862e-11,2.4882e-11
6.8838e-11,6.0452e-11,4.3047e-11
3.8128e-11,2.3716e-11,3.4127e-11
3.8821e-11,2.7418e-11,2.6974e-11
7.5552e-11,6.1102e-11,4.3838e-11
5.1937e-11,4.2091e-11,3.3655e-11
5.7414e-11,3.6603e-11,4.0323e-11
5.1521e-11,3.591e-11,3.8808e-11
5.9688e-12,5.209e-11,5.4598e-11
1.0228e-11,9.5428e-12,1.07e-11
3.7562e-12,6.4376e-11,6.4376e-11
5.1377e-11,4.9949e-11,1.5905e-11
1.3028e-11,1.7531e-11,2.2935e-11
1.8833e-11,2.8911e-11,2.8486e-11
1.4011e-11,4.891e-11,4.7053e-11
2.0446e-11,2.389e-11,1.8867e-11
1.1349e-11,1.2187e-11,1.6534e-11
1.3367e-11,1.2568e-11,1.4057e-11
1.9866e-11,2.0195e-11,1.2104e-11
1.2804e-11,1.0972e-11,1.1042e-11
1.5458e-11,1.6524e-11,2.3312e-11
1.8032e-11,1.6473e-11,1.2838e-11
1.6061e-11,3.7934e-11,3.3808e-11
1.6903e-11,1.5843e-11,1.6989e-11
1.6837e-11,3.7882e-11,3.4044e-11
1.3064e-11,2.1478e-11,1.8773e-11
1.8449e-11,4.9613e-11,5.0285e-11
7.4908e-11,7.8575e-11,2.7901e-11
2.5725e-11,3.9455e-11,4.4e-11
3.055e-11,3.1261e-11,1.9844e-11
1.6496e-11,2.3352e-11,2.9841e-11
2.3868e-11,2.4584e-11,1.3776e-11
1.8081e-11,1.776e-11,1.3615e-11
1.5559e-11,1.8952e-11,1.5762e-11
5.4087e-11,5.3969e-11,2.7502e-11
1.6902e-11,1.5547e-11,1.1749e-11
3.1262e-11,3.1927e-11,4e-11
1.8628e-11,2.2633e-11,2.3352e-11
2.5089e-11,2.1895e-11,1.7363e-11
2.6493e-11,2.188e-11,1.452e-11
4.0492e-11,3.9587e-11,4.9624e-11
4.4266e-11,4.0362e-11,2.6645e-11
3.8712e-11,3.4064e-11,5.8675e-11
2.5414e-11,2.0798e-11,2.2015e-11
2.708e-11,2.1545e-11,2.8459e-11
2.6779e-11,1.8861e-11,2.7828e-11
4.2325e-11,2.9283e-11,3.1881e-11
4.6586e-11,3.6789e-11,5.0675e-11
5.4469e-11,3.3403e-11,5.7105e-11
5.3211e-11,3.2825e-11,5.2724e-11
5.7198e-11,3.5693e-11,5.9417e-11
8.6027e-11,6.0608e-11,5.454e-11
5.9141e-11,3.2309e-11,5.6001e-11
6.1622e-11,2.9437e-11,5.3917e-11
8.1186e-11,4.5929e-11,6.5383e-11
9.0846e-12,4.5831e-11,4.6391e-11
1.7518e-11,1.7762e-11,1.0513e-11
1.4717e-11,1.1505e-11,8.3892e-12
1.2772e-11,1.2013e-11,1.176e-11
1.811e-11,3.4544e-11,3.8791e-11
9.4807e-12,1.3189e-11,8.3954e-12
1.0019e-11,1.575e-11,1.1183e-11
1.0315e-11,2.2214e-11,2.4194e-11
1.5014e-11,1.3184e-11,1.5799e-11
1.8207e-11,2.9784e-11,2.7408e-11
1.6146e-11,1.1614e-11,1.1576e-11
1.3051e-11,1.2522e-11,1.657e-11
1.4847e-11,1.7659e-11,2.0241e-11
1.6837e-11,1.3753e-11,1.432e-11
1.7875e-11,1.3233e-11,1.6549e-11
2.6642e-11,2.5939e-11,9.0824e-12
2.0962e-11,2.0686e-11,1.377e-11
4.8875e-11,4.9736e-11,1.6051e-11
2.0003e-11,2.055e-11,7.0872e-12
1.7018e-11,1.6303e-11,2.1951e-11
3.9122e-11,8.0268e-11,7.8776e-11
1.6217e-11,1.6269e-11,2.253e-11
2.3786e-11,3.1787e-11,3.7105e-11
1.5466e-11,1.4568e-11,1.2879e-11
5.3456e-11,5.38e-11,2.6321e-11
1.8228e-11,1.6635e-11,1.585e-11
2.6681e-11,3.2129e-11,3.6485e-11
2.8309e-11,3.1081e-11,3.8584e-11
2.9803e-11,3.08e-11,3.8294e-11
1.7144e-11,1.9564e-11,1.6101e-11
2.0829e-11,1.8794e-11,1.9124e-11
2.979e-11,2.4835e-11,3.3554e-11
1.9472e-11,2.203e-11,2.2543e-11
2.5602e-11,1.8633e-11,2.6171e-11
2.3589e-11,2.1776e-11,2.6089e-11
2.4341e-11,2.0013e-11,2.5594e-11
2.8389e-11,2.6825e-11,3.5271e-11
2.7068e-11,2.262e-11,2.0571e-11
4.5692e-11,3.3301e-11,5.3062e-11
5.5222e-11,3.8317e-11,6.445e-11
4.5247e-11,2.8486e-11,4.1008e-11
4.9644e-11,3.5931e-11,4.9091e-11
4.5677e-11,2.9137e-11,4.1685e-11
6.3212e-11,4.3549e-11,4.2588e-11
4.8561e-11,2.7942e-11,4.5878e-11
4.8915e-11,2.5169e-11,4.4515e-11
5.1606e-11,3.7131e-11,3.931e-11
5.7361e-11,3.1449e-11,5.4665e-11
6.2329e-11,3.5136e-11,4.8746e-11
7.3781e-11,4.3568e-11,5.5064e-11
1.7743e-11,1.9847e-11,1.3091e-11
2.102e-11,1.6381e-11,8.6319e-12
1.8687e-11,4.3736e-11,4.2665e-11
5.854e-11,5.7304e-11,1.4973e-11
1.2415e-11,4.285e-11,3.6901e-11
1.0093e-11,1.371e-11,9.6223e-12
3.4911e-11,3.3989e-11,8.6269e-12
1.6318e-11,3.0267e-11,2.9816e-11
1.6333e-11,1.6257e-11,8.6523e-12
5.9557e-11,5.9269e-11,1.5836e-11
2.0274e-11,1.7584e-11,9.9721e-12
1.7587e-11,7.3885e-11,6.6008e-11
1.4598e-11,5.7898e-11,5.3682e-11
2.0554e-11,1.8032e-11,1.0577e-11
1.7444e-11,4.8027e-11,4.5068e-11
2.0859e-11,3.8804e-11,4.0701e-11
7.2963e-11,7.4271e-11,2.6525e-11
2.7791e-11,2.6913e-11,1.1006e-11
2.2427e-11,4.2213e-11,5.0805e-11
2.1153e-11,2.1207e-11,2.66e-11
2.875e-11,2.7007e-11,1.416e-11
2.0907e-11,2.0444e-11,1.4035e-11
2.5902e-11,3.2004e-11,3.725e-11
4.3885e-11,6.1759e-11,6.2677e-11
5.3513e-11,5.4595e-11,2.5357e-11
2.0854e-11,1.5207e-11,1.8591e-11
4.2292e-11,5.3586e-11,5.836e-11
2.0692e-11,1.9053e-11,2.4657e-11
6.7278e-11,6.6205e-11,3.0879e-11
2.4715e-11,2.3191e-11,2.7411e-11
2.8791e-11,2.9183e-11,3.5222e-11
3.0716e-11,2.8217e-11,3.375e-11
3.7354e-11,3.6782e-11,4.5269e-11
4.355e-11,3.5934e-11,5.6989e-11
2.4916e-11,1.7269e-11,2.4558e-11
2.9783e-11,2.5708e-11,1.8995e-11
2.3854e-11,2.2462e-11,2.1029e-11
4.7366e-11,3.5469e-11,6.0704e-11
6.7656e-11,5.9339e-11,4.1445e-11
7.9869e-11,6.7917e-11,4.9562e-11
4.4548e-11,2.8676e-11,3.8611e-11
4.886e-11,3.2151e-11,3.4043e-11
5.0705e-11,2.8022e-11,4.6339e-11
5.9093e-11,3.4264e-11,5.5968e-11
5.0666e-11,2.8165e-11,4.704e-11
5.6008e-11,2.9491e-11,4.5218e-11
5.3001e-11,3.7899e-11,4.1698e-11
7.6546e-11,4.9476e-11,5.2441e-11
7.8974e-11,5.0143e-11,5.2926e-11
6.4285e-11,3.9615e-11,4.8087e-11
6.8938e-11,4.3471e-11,5.3659e-11
2.0851e-11,5.4307e-11,5.2823e-11
2.2972e-11,1.7981e-11,9.6435e-12
1.3609e-11,5.0676e-11,5.0104e-11
1.6441e-11,1.1418e-11,8.753e-12
1.3911e-11,1.1536e-11,1.2839e-11
1.4697e-11,2.455e-11,2.3371e-11
4.7641e-11,4.7101e-11,1.5124e-11
1.5114e-11,1.9869e-11,2.1032e-11
2.2681e-11,3.7697e-11,4.0725e-11
2.7498e-11,2.4872e-11,1.2542e-11
1.0937e-11,3.2929e-11,4.0962e-11
1.8059e-11,1.254e-11,1.1981e-11
1.798e-11,1.7677e-11,1.515e-11
3.3745e-11,3.5256e-11,1.0506e-11
1.2619e-11,2.1826e-11,1.8295e-11
1.61e-11,5.5961e-11,4.9e-11
8.6885e-12,1.0192e-11,9.7119e-12
6.7903e-11,6.9978e-11,1.8662e-11
6.5059e-11,6.8755e-11,2.0226e-11
3.6864e-11,3.7201e-11,1.2464e-11
1.7806e-11,2.4235e-11,2.712e-11
1.8763e-11,2.5819e-11,2.8373e-11
2.0646e-11,1.7443e-11,2.9964e-11
1.7028e-11,1.3918e-11,1.8352e-11
2.7037e-11,3.8723e-11,4.2e-11
1.8959e-11,1.333e-11,1.6087e-11
1.6252e-11,1.4793e-11,1.1365e-11
1.4811e-11,1.7724e-11,1.808e-11
1.3875e-11,1.3346e-11,1.4791e-11
4.2151e-11,4.0938e-11,2.3376e-11
1.8898e-11,1.9833e-11,2.2255e-11
2.5043e-11,2.3548e-11,2.8193e-11
3.9609e-11,3.4841e-11,2.3559e-11
2.5379e-11,2.422e-11,1.6367e-11
3.1783e-11,3.1882e-11,4.0361e-11
8.112e-11,6.5658e-11,4.9088e-11
8.1896e-11,6.642e-11,5.0773e-11
6.8137e-11,5.1212e-11,3.8906e-11
5.6474e-11,3.4629e-11,5.3267e-11
5.1459e-11,3.6348e-11,4.5233e-11
5.4327e-11,3.3159e-11,5.4252e-11
5.6857e-11,3.6539e-11,4.1847e-11
6.8519e-11,4.1913e-11,4.8615e-11
6.1838e-11,3.9385e-11,4.4167e-11
5.852e-11,3.2642e-11,5.0311e-11
7.3672e-11,4.6641e-11,5.3307e-11
7.3664e-11,4.0163e-11,5.6916e-11
1.011e-11,5.8719e-11,5.9058e-11
3.084e-11,2.7386e-11,9.4374e-12
1.1985e-11,1.0526e-11,1.1229e-11
6.131e-12,2.6813e-11,2.9418e-11
5.5417e-11,5.4497e-11,1.389e-11
4.6874e-11,4.6738e-11,1.4547e-11
1.2222e-11,7.4645e-11,7.1921e-11
2.056e-11,1.95e-11,6.7201e-12
1.5828e-11,1.9581e-11,1.8582e-11
2.1495e-11,2.4209e-11,1.3533e-11
1.7677e-11,1.8115e-11,1.9014e-11
5.323e-11,5.7617e-11,1.2705e-11
6.077e-11,6.3669e-11,1.4321e-11
1.1276e-11,1.7247e-11,2.3499e-11
2.5595e-11,7.6691e-11,7.0564e-11
1.3577e-11,1.833e-11,2.138e-11
3.4131e-11,8.5839e-11,7.877e-11
3.7712e-11,7.7559e-11,6.8969e-11
1.665e-11,1.7517e-11,1.4104e-11
1.6901e-11,1.614e-11,1.7873e-11
3.6631e-11,3.4309e-11,1.8212e-11
2.3392e-11,2.3534e-11,1.9033e-11
3.4162e-11,3.4289e-11,4.3192e-11
2.6422e-11,2.4015e-11,2.7632e-11
5.2337e-11,5.1056e-11,2.739e-11
2.6135e-11,2.1032e-11,2.3192e-11
2.5596e-11,2.0079e-11,2.1927e-11
2.799e-11,2.292e-11,2.3378e-11
2.9251e-11,2.6716e-11,2.5138e-11
3.847e-11,3.5565e-11,2.2372e-11
5.2981e-11,3.9382e-11,6.8651e-11
4.9071e-11,2.9298e-11,4.692e-11
4.5034e-11,3.2927e-11,5.2637e-11
4.1483e-11,3.0903e-11,2.988e-11
3.7562e-11,2.6056e-11,3.4218e-11
8.3136e-11,6.1955e-11,4.836e-11
7.0221e-11,4.5553e-11,5.8462e-11
7.0613e-11,4.3957e-11,5.5357e-11
1.4756e-11,1.4688e-11,7.3358e-12
1.3654e-11,1.6301e-11,9.5978e-12
1.8067e-11,1.9856e-11,2.1033e-11
1.9128e-11,2.4617e-11,1.9874e-11
1.9965e-11,4.0313e-11,4.0433e-11
2.515e-11,3.7606e-11,3.923e-11
1.619e-11,1.8502e-11,1.6853e-11
6.172e-11,6.5155e-11,1.3771e-11
1.5868e-11,3.2005e-11,3.7448e-11
5.9815e-11,6.3309e-11,1.576e-11
1.2984e-11,3.2361e-11,2.9602e-11
2.1095e-11,3.2172e-11,4.0502e-11
6.8781e-11,7.1143e-11,1.8538e-11
1.5935e-11,2.0141e-11,1.4331e-11
1.7097e-11,1.4665e-11,1.012e-11
2.2483e-11,4.6532e-11,5.1984e-11
2.8302e-11,7.5798e-11,7.3967e-11
2.2736e-11,2.987e-11,4.2711e-11
3.7469e-11,7.6256e-11,7.9342e-11
1.837e-11,1.4533e-11,1.7435e-11
1.7302e-11,2.7735e-11,2.1954e-11
1.9052e-11,1.5978e-11,1.4946e-11
3.5675e-11,5.0765e-11,5.1394e-11
3.3847e-11,4.6068e-11,4.8911e-11
3.077e-11,2.7659e-11,2.9568e-11
4.0869e-11,6.0999e-11,6.023e-11
3.1906e-11,2.7379e-11,1.5007e-11
1.8212e-11,2.0184e-11,1.6247e-11
2.6345e-11,2.1841e-11,1.9886e-11
1.9024e-11,2.3254e-11,2.2754e-11
2.0942e-11,2.0697e-11,2.0922e-11
2.277e-11,2.279e-11,2.5894e-11
3.4684e-11,2.559e-11,3.2019e-11
5.6115e-11,4.1701e-11,7.1172e-11
5.0077e-11,3.7446e-11,3.7192e-11
5.5184e-11,3.9827e-11,6.1399e-11
5.6925e-11,3.8153e-11,3.8859e-11
4.8784e-11,4.0279e-11,4.274e-11
5.3299e-11,3.5772e-11,5.239e-11
1.0993e-11,2.2896e-11,1.9406e-11
2.677e-11,2.2702e-11,8.3274e-12
1.2683e-11,1.6793e-11,2.7436e-11
1.3102e-11,1.2976e-11,1.1469e-11
1.5863e-11,2.1866e-11,1.7221e-11
1.2588e-11,1.9247e-11,2.6096e-11
1.5681e-11,1.2865e-11,1.1757e-11
1.056e-11,2.6652e-11,2.7073e-11
1.424e-11,7.197e-11,6.4436e-11
1.2156e-11,1.2469e-11,1.3848e-11
2.1292e-11,2.1402e-11,1.2217e-11
1.1459e-11,1.2724e-11,1.8308e-11
1.1567e-11,1.4622e-11,1.4348e-11
1.8261e-11,3.0896e-11,3.5473e-11
1.8243e-11,1.8472e-11,9.6667e-12
1.4467e-11,1.5862e-11,1.6257e-11
1.3768e-11,1.4945e-11,9.7325e-12
1.719e-11,1.5246e-11,1.1467e-11
2.0916e-11,2.1656e-11,1.2203e-11
2.3042e-11,2.1324e-11,9.7534e-12
1.7455e-11,1.5722e-11,1.1891e-11
2.7719e-11,7.3947e-11,6.9307e-11
1.5263e-11,1.6659e-11,1.7254e-11
1.801e-11,1.6361e-11,1.4876e-11
1.8224e-11,1.6739e-11,1.5549e-11
1.732e-11,1.5157e-11,1.6406e-11
4.2738e-11,4.1275e-11,2.0909e-11
3.2069e-11,3.105e-11,2.041e-11
2.2674e-11,2.0894e-11,2.25e-11
2.1562e-11,2.0998e-11,2.4545e-11
2.5985e-11,3.1642e-11,2.6855e-11
6.2013e-11,5.8408e-11,3.0476e-11
5.2425e-11,4.649e-11,6.4859e-11
2.8281e-11,2.8873e-11,3.4774e-11
4.415e-11,3.4173e-11,4.548e-11
3.2238e-11,2.3822e-11,3.1634e-11
5.4866e-11,4.253e-11,7.0994e-11
4.3618e-11,2.3764e-11,2.795e-11
3.9171e-11,2.9075e-11,3.6255e-11
5.7812e-11,4.2549e-11,6.4056e-11
4.9537e-11,3.425e-11,3.5709e-11
7.6795e-11,5.1972e-11,4.8754e-11
2.0771e-11,1.7619e-11,7.9275e-12
1.0717e-11,1.1909e-11,1.5621e-11
1.2627e-11,7.0079e-11,7.1459e-11
1.9963e-11,2.531e-11,2.6833e-11
1.3311e-11,1.7426e-11,1.6313e-11
1.8588e-11,1.6693e-11,1.1471e-11
1.5802e-11,2.0945e-11,9.1795e-12
1.4612e-11,6.5067e-11,6.5822e-11
2.0772e-11,7.4121e-11,6.9438e-11
1.9214e-11,2.9054e-11,3.4058e-11
1.7021e-11,3.0774e-11,2.8469e-11
1.5135e-11,1.9844e-11,1.2448e-11
1.6831e-11,1.6237e-11,1.1364e-11
4.4445e-11,4.6268e-11,2.0523e-11
1.6731e-11,1.4985e-11,1.4517e-11
1.5965e-11,1.9831e-11,1.777e-11
1.5746e-11,1.8823e-11,1.6013e-11
1.7629e-11,1.5408e-11,1.4408e-11
3.3758e-11,2.9844e-11,3.0143e-11
3.4501e-11,4.3678e-11,4.7689e-11
2.4108e-11,2.8006e-11,1.9452e-11
4.6682e-11,4.6026e-11,2.1987e-11
5.6525e-11,4.5305e-11,2.9345e-11
3.9166e-11,3.3035e-11,2.6528e-11
5.4847e-11,4.4091e-11,7.254e-11
4.6312e-11,3.2812e-11,4.9497e-11
6.129e-11,4.2716e-11,4.1351e-11
5.6665e-11,3.3444e-11,4.4737e-11
6.9425e-11,4.6572e-11,5.2165e-11
1.1007e-11,1.6204e-11,1.757e-11
1.0579e-11,1.3259e-11,1.2108e-11
1.566e-11,7.1052e-11,6.9506e-11
9.3497e-12,2.8807e-11,2.876e-11
1.2033e-11,3.0809e-11,2.8907e-11
2.4083e-11,4.0274e-11,3.9383e-11
1.1695e-11,1.173e-11,9.7387e-12
1.3833e-11,1.4793e-11,2.0986e-11
3.0206e-11,2.5426e-11,1.5873e-11
2.0172e-11,1.7462e-11,2.679e-11
2.4468e-11,1.7035e-11,1.4829e-11
1.6285e-11,1.6599e-11,2.1312e-11
1.6805e-11,2.3837e-11,1.6497e-11
1.9071e-11,3.1256e-11,2.909e-11
2.1214e-11,2.1267e-11,9.0888e-12
1.8994e-11,3.1631e-11,3.8805e-11
1.5951e-11,1.5347e-11,9.8957e-12
3.1617e-11,6.7072e-11,7.5683e-11
2.5175e-11,2.2809e-11,1.0006e-11
1.8117e-11,1.5959e-11,1.7381e-11
3.3868e-11,6.57e-11,6.7591e-11
4.602e-11,4.9712e-11,2.1018e-11
2.3659e-11,2.2362e-11,1.9111e-11
1.341e-11,1.4688e-11,1.4934e-11
1.7275e-11,2.0243e-11,2.2328e-11
3.5485e-11,3.4151e-11,1.4527e-11
4.2395e-11,4.626e-11,5.6326e-11
6.3296e-11,6.3647e-11,3.2822e-11
2.7167e-11,2.2649e-11,1.9251e-11
2.475e-11,2.3386e-11,2.8713e-11
3.0105e-11,2.6038e-11,2.5823e-11
3.0417e-11,2.4453e-11,3.0528e-11
3.8612e-11,2.6716e-11,3.4914e-11
5.196e-11,3.9745e-11,6.6148e-11
5.4891e-11,4.0329e-11,6.1709e-11
5.8575e-11,3.8766e-11,4.1427e-11
5.826e-11,5.3194e-11,1.1468e-11
2.1545e-11,1.9374e-11,4.8038e-12
1.1351e-11,1.1902e-11,1.4111e-11
2.1683e-11,2.6479e-11,2.5458e-11
1.4755e-11,1.5212e-11,1.6959e-11
9.2769e-12,1.8024e-11,1.1295e-11
2.0323e-11,2.0458e-11,7.8746e-12
2.6958e-11,2.7237e-11,8.2618e-12
3.2162e-11,3.6729e-11,3.749e-11
1.6733e-11,1.955e-11,1.5006e-11
2.1395e-11,2.0092e-11,1.1811e-11
3.1391e-11,3.1898e-11,1.5195e-11
1.4409e-11,1.4403e-11,1.4563e-11
2.1687e-11,2.6892e-11,2.8325e-11
3.1262e-11,4.1988e-11,4.8949e-11
2.5788e-11,2.2233e-11,1.6864e-11
5.3021e-11,4.9419e-11,2.3541e-11
2.6735e-11,2.4436e-11,2.9565e-11
3.2544e-11,2.4905e-11,3.3522e-11
4.5919e-11,4.8134e-11,6.5656e-11
4.7951e-11,4.1396e-11,2.5003e-11
6.8243e-11,5.993e-11,3.3603e-11
3.7802e-11,3.3144e-11,2.634e-11
3.8988e-11,2.45e-11,3.3581e-11
4.0949e-11,3.3414e-11,3.1865e-11
4.0555e-11,2.5808e-11,3.3662e-11
4.5041e-11,2.931e-11,3.9561e-11
4.3417e-11,3.1173e-11,3.2238e-11
4.7574e-11,3.496e-11,3.2476e-11
4.8642e-11,3.1669e-11,3.6233e-11
4.5562e-11,3.3238e-11,3.8384e-11
6.2356e-11,4.5311e-11,3.689e-11
6.6117e-11,4.5252e-11,4.3629e-11
1.1893e-11,1.7037e-11,1.2923e-11
1.2264e-11,1.3556e-11,1.2309e-11
1.447e-11,3.6312e-11,3.7174e-11
1.6062e-11,2.1199e-11,3.0823e-11
1.5095e-11,1.67e-11,1.5423e-11
1.5677e-11,1.5128e-11,1.5199e-11
1.1648e-11,1.1675e-11,1.0218e-11
1.2961e-11,2.1004e-11,2.5154e-11
1.1909e-11,2.2653e-11,1.3365e-11
1.6129e-11,2.7783e-11,2.8505e-11
1.8358e-11,5.1094e-11,4.7505e-11
3.6028e-11,3.5188e-11,9.942e-12
1.8108e-11,1.9783e-11,1.1737e-11
4.0245e-11,3.6535e-11,3.5361e-11
1.3761e-11,1.3315e-11,1.8775e-11
2.0003e-11,2.2454e-11,2.3546e-11
2.9365e-11,6.226e-11,7.1071e-11
2.8168e-11,2.9576e-11,2.9355e-11
1.5164e-11,1.4935e-11,1.5291e-11
1.5455e-11,2.0667e-11,2.016e-11
1.8242e-11,1.5964e-11,1.3442e-11
2.2698e-11,2.3194e-11,2.1918e-11
2.5721e-11,2.5123e-11,2.3454e-11
3.8538e-11,3.8212e-11,5.2857e-11
2.8766e-11,2.6104e-11,1.9207e-11
3.4095e-11,3.5006e-11,2.2064e-11
2.7556e-11,2.0202e-11,2.9095e-11
7.0003e-11,6.623e-11,3.4389e-11
3.1566e-11,2.3744e-11,2.7547e-11
3.6902e-11,2.9348e-11,3.4257e-11
4.6556e-11,3.3926e-11,4.5922e-11
4.8396e-11,3.607e-11,4.9206e-11
6.3691e-11,5.2561e-11,3.7659e-11
5.8436e-11,4.1283e-11,4.1911e-11
6.7018e-11,4.4405e-11,5.6286e-11
3.4149e-11,2.8574e-11,7.8396e-12
1.2982e-11,1.5454e-11,7.248e-12
1.2609e-11,1.3058e-11,1.1637e-11
1.2144e-11,1.6068e-11,1.5358e-11
1.8653e-11,2.3009e-11,4.3657e-11
5.7024e-11,5.5155e-11,1.2624e-11
9.7159e-12,1.6242e-11,1.8505e-11
1.5269e-11,1.5614e-11,1.007e-11
1.3863e-11,2.3044e-11,1.8411e-11
2.3067e-11,3.1964e-11,3.2787e-11
3.9074e-11,3.6816e-11,1.4535e-11
2.0144e-11,1.9628e-11,1.0394e-11
1.2601e-11,1.4334e-11,1.5751e-11
1.376e-11,1.9035e-11,1.4603e-11
2.1588e-11,2.0495e-11,1.1679e-11
3.2587e-11,2.9968e-11,3.0096e-11
2.7323e-11,2.5687e-11,1.5278e-11
1.7605e-11,2.0682e-11,2.148e-11
1.9745e-11,1.7009e-11,1.4893e-11
3.3907e-11,4.6235e-11,5.2934e-11
3.9203e-11,3.4878e-11,4.9988e-11
2.9087e-11,2.2112e-11,2.5845e-11
3.1025e-11,2.5001e-11,2.8485e-11
7.4622e-11,6.7456e-11,3.9174e-11
3.9986e-11,3.5734e-11,2.8444e-11
4.1306e-11,3.5319e-11,3.0235e-11
3.9955e-11,3.3485e-11,3.0172e-11
7.2497e-11,5.4955e-11,3.6814e-11
1.7574e-11,2.0432e-11,2.0489e-11
5.422e-11,4.9333e-11,9.4075e-12
1.9736e-11,1.5047e-11,2.1595e-11
1.1413e-11,1.2595e-11,1.2441e-11
1.8473e-11,2.2711e-11,2.4537e-11
4.9894e-11,4.5354e-11,7.7265e-12
1.1692e-11,1.9088e-11,1.9635e-11
1.9601e-11,1.8453e-11,6.0603e-12
1.3945e-11,5.7884e-11,5.6731e-11
1.8359e-11,3.6104e-11,3.7842e-11
1.5664e-11,1.4057e-11,1.8861e-11
1.493e-11,1.5571e-11,1.5233e-11
2.4809e-11,3.1237e-11,3.6095e-11
2.6565e-11,4.0786e-11,4.6676e-11
3.508e-11,5.5658e-11,6.6385e-11
1.7531e-11,1.5919e-11,1.5949e-11
2.4339e-11,2.0973e-11,1.637e-11
2.4469e-11,1.8983e-11,2.1116e-11
2.6039e-11,2.7241e-11,2.0889e-11
2.6193e-11,1.8355e-11,2.0659e-11
4.4861e-11,5.018e-11,6.07e-11
4.268e-11,3.6527e-11,2.4377e-11
4.4178e-11,3.5562e-11,2.3148e-11
3.2873e-11,2.4312e-11,2.5021e-11
5.2752e-11,4.3295e-11,2.8884e-11
3.8395e-11,3.3533e-11,3.3257e-11
3.2839e-11,2.5374e-11,3.2778e-11
3.5961e-11,3.1981e-11,3.4455e-11
5.3853e-11,3.858e-11,5.091e-11
6.1965e-11,4.5948e-11,4.0013e-11
5.7315e-11,4.0439e-11,4.0795e-11
4.981e-11,3.3216e-11,3.8016e-11
6.8845e-11,5.0691e-11,4.3517e-11
5.5607e-11,3.8591e-11,4.7873e-11
1.5003e-11,1.9585e-11,1.6024e-11
1.7298e-11,2.0278e-11,1.4167e-11
1.5909e-11,2.8349e-11,2.7773e-11
1.7622e-11,2.8159e-11,2.7646e-11
1.3623e-11,2.1656e-11,1.1356e-11
1.9132e-11,2.0499e-11,1.9822e-11
1.5406e-11,1.3556e-11,8.2246e-12
1.3223e-11,2.0794e-11,1.3979e-11
1.7165e-11,3.2419e-11,3.2877e-11
1.2787e-11,5.9939e-11,5.8215e-11
1.4922e-11,2.1063e-11,2.0013e-11
6.3623e-11,6.2949e-11,8.8097e-12
5.8609e-11,5.9528e-11,1.3626e-11
2.1947e-11,6.0211e-11,6.5346e-11
3.5779e-11,3.3374e-11,3.2741e-11
4.101e-11,4.1962e-11,1.3525e-11
1.8833e-11,2.7465e-11,3.5882e-11
3.2958e-11,3.6816e-11,4.3128e-11
2.0946e-11,1.9319e-11,1.5634e-11
2.1185e-11,2.1023e-11,1.8174e-11
3.171e-11,4.1463e-11,4.321e-11
2.0751e-11,1.9831e-11,1.6602e-11
2.816e-11,2.5717e-11,2.6043e-11
5.295e-11,5.2622e-11,1.9945e-11
2.1615e-11,2.0919e-11,2.1045e-11
2.1176e-11,2.3834e-11,2.557e-11
2.7188e-11,2.6278e-11,1.7125e-11
2.7697e-11,2.8066e-11,2.9747e-11
6.5901e-11,6.3267e-11,3.5184e-11
6.1664e-11,5.6029e-11,2.9163e-11
3.9071e-11,3.1803e-11,3.9641e-11
3.5826e-11,2.7978e-11,3.0608e-11
4.6511e-11,4.3798e-11,6.9507e-11
5.8043e-11,4.8061e-11,2.8723e-11
3.8943e-11,3.4837e-11,3.4502e-11
4.6068e-11,3.802e-11,4.8306e-11
5.5723e-11,3.9415e-11,5.4776e-11
5.9408e-11,4.3625e-11,3.9056e-11
6.7245e-11,5.0605e-11,3.9697e-11
5.0811e-11,3.3456e-11,4.5307e-11
5.4166e-11,3.8693e-11,5.3779e-11
5.581e-11,3.9253e-11,5.3026e-11
5.8256e-11,3.8723e-11,5.4101e-11
2.5783e-11,2.0979e-11,9.2512e-12
2.1478e-11,1.8204e-11,8.9246e-12
2.2829e-11,2.2989e-11,3.0518e-11
1.4412e-11,2.0293e-11,1.36e-11
1.4205e-11,3.4647e-11,3.5004e-11
2.1288e-11,1.9539e-11,6.198e-12
2.0931e-11,1.8153e-11,1.7788e-11
1.3818e-11,3.9669e-11,4.0909e-11
1.8224e-11,2.3675e-11,2.1098e-11
2.491e-11,2.6002e-11,1.8083e-11
2.4651e-11,4.7387e-11,4.5617e-11
2.1141e-11,3.2485e-11,3.2245e-11
1.535e-11,1.6046e-11,1.0895e-11
2.2145e-11,1.7185e-11,1.8705e-11
4.0939e-11,3.8042e-11,1.2726e-11
5.5031e-11,5.5488e-11,1.7364e-11
1.9894e-11,1.6387e-11,2.3216e-11
3.1203e-11,6.7665e-11,7.4763e-11
3.6024e-11,3.5683e-11,1.3363e-11
2.5856e-11,2.5241e-11,1.8033e-11
3.9712e-11,4.7685e-11,5.6927e-11
6.7361e-11,6.8118e-11,2.9778e-11
4.2888e-11,4.5884e-11,5.7059e-11
6.2855e-11,6.1238e-11,2.8497e-11
3.2635e-11,4.1292e-11,3.7885e-11
3.0949e-11,2.923e-11,2.1898e-11
3.338e-11,2.5656e-11,3.3695e-11
4.6598e-11,3.6436e-11,5.0736e-11
5.2706e-11,4.1527e-11,5.9333e-11
4.3601e-11,3.2907e-11,3.6196e-11
4.5094e-11,3.1269e-11,4.3436e-11
5.805e-11,3.7832e-11,5.198e-11
5.3525e-11,3.585e-11,3.6276e-11
5.5762e-11,3.8431e-11,5.1412e-11
5.9927e-11,4.1243e-11,5.1449e-11
3.8276e-11,3.2465e-11,6.8438e-12
4.2109e-11,3.8059e-11,5.6632e-12
1.6836e-11,1.5958e-11,9.5714e-12
1.586e-11,1.5557e-11,1.1733e-11
6.3831e-11,6.1695e-11,1.1399e-11
1.8032e-11,6.1773e-11,6.4068e-11
2.8717e-11,2.6872e-11,9.4293e-12
5.5273e-11,5.7248e-11,6.271e-12
3.0722e-11,3.0652e-11,7.3043e-12
1.8676e-11,5.5766e-11,6.0961e-11
1.6443e-11,2.4626e-11,2.489e-11
4.3187e-11,4.0524e-11,1.2922e-11
2.5755e-11,5.5768e-11,5.694e-11
2.9394e-11,4.7545e-11,6.0253e-11
2.5417e-11,3.4284e-11,3.8637e-11
1.9781e-11,1.8958e-11,1.2455e-11
2.0705e-11,1.9027e-11,1.6827e-11
2.3022e-11,2.4794e-11,2.4199e-11
5.6475e-11,5.5789e-11,2.4217e-11
2.5399e-11,2.3093e-11,2.4364e-11
4.3619e-11,4.3624e-11,5.4403e-11
3.6739e-11,4.2665e-11,5.1776e-11
4.8848e-11,4.4929e-11,5.6828e-11
4.6043e-11,4.8383e-11,6.2766e-11
3.1473e-11,2.5891e-11,3.2351e-11
3.4858e-11,2.554e-11,2.7167e-11
3.2473e-11,3.23e-11,3.3396e-11
4.7906e-11,3.9064e-11,5.0525e-11
4.7316e-11,3.4567e-11,3.5603e-11
7.7031e-11,6.27e-11,3.971e-11
5.4716e-11,3.6087e-11,4.0119e-11
6.5848e-11,4.88e-11,4.2303e-11
5.9216e-11,4.3738e-11,5.6181e-11
7.2822e-11,4.6145e-11,5.2442e-11
1.4069e-11,3.4757e-11,3.4096e-11
6.2185e-11,6.3723e-11,9.7656e-12
1.8291e-11,5.8108e-11,6.075e-11
2.2801e-11,2.5936e-11,9.4938e-12
1.6874e-11,1.9653e-11,1.242e-11
1.318e-11,2.1775e-11,2.6863e-11
1.3483e-11,2.0697e-11,2.2505e-11
1.9954e-11,2.6189e-11,2.6049e-11
3.0683e-11,6.7931e-11,7.4944e-11
6.357e-11,6.6671e-11,2.0946e-11
3.2265e-11,3.9356e-11,4.415e-11
3.7291e-11,4.0472e-11,4.3675e-11
2.4222e-11,2.502e-11,2.0675e-11
3.2188e-11,3.206e-11,1.5855e-11
2.5252e-11,2.7655e-11,2.7676e-11
3.8026e-11,4.3225e-11,4.9816e-11
3.8982e-11,4.5888e-11,5.356e-11
6.7562e-11,6.7235e-11,2.8691e-11
4.5319e-11,4.7487e-11,5.9575e-11
4.3971e-11,3.5228e-11,2.8792e-11
3.8628e-11,3.0707e-11,3.7044e-11
7.0384e-11,5.554e-11,3.7168e-11
6.386e-11,5.2655e-11,3.5518e-11
5.0906e-11,4.0402e-11,5.0913e-11
6.1557e-11,4.6736e-11,4.327e-11
1.6693e-11,1.5381e-11,1.3222e-11
1.8036e-11,4.8581e-11,5.0098e-11
1.8466e-11,1.6882e-11,1.9131e-11
1.76e-11,1.7295e-11,1.4453e-11
1.5914e-11,1.5911e-11,1.7182e-11
1.6785e-11,1.4957e-11,1.6688e-11
1.4414e-11,1.6133e-11,1.3357e-11
2.2626e-11,1.5079e-11,1.5461e-11
2.192e-11,2.7696e-11,2.3563e-11
1.6535e-11,3.4531e-11,3.4107e-11
1.9202e-11,1.7307e-11,1.3249e-11
1.4736e-11,1.5565e-11,1.4251e-11
1.2753e-11,2.4179e-11,2.206e-11
1.6873e-11,1.7547e-11,2.1087e-11
1.3316e-11,1.5268e-11,9.8654e-12
1.7794e-11,2.0203e-11,1.6493e-11
2.4259e-11,2.7732e-11,1.4389e-11
1.6584e-11,1.9301e-11,1.0561e-11
2.5852e-11,2.9145e-11,1.3292e-11
2.212e-11,6.6059e-11,6.6441e-11
3.5222e-11,3.3286e-11,3.3207e-11
2.0599e-11,1.9504e-11,3.0707e-11
2.1988e-11,2.9812e-11,2.8039e-11
2.8232e-11,6.6518e-11,7.0191e-11
3.1018e-11,3.1157e-11,1.4727e-11
5.2917e-11,5.0218e-11,1.675e-11
6.3005e-11,6.2682e-11,2.0582e-11
3.602e-11,3.6601e-11,1.858e-11
3.6137e-11,3.947e-11,4.1753e-11
3.7753e-11,3.9504e-11,4.1522e-11
3.2374e-11,2.3786e-11,2.5071e-11
3.7741e-11,3.6499e-11,2.5975e-11
3.3604e-11,2.8991e-11,3.8751e-11
3.3156e-11,2.6091e-11,2.7975e-11
3.3947e-11,2.7455e-11,2.4574e-11
3.9908e-11,3.4009e-11,3.9808e-11
4.1095e-11,3.6397e-11,2.9123e-11
3.6617e-11,3.2332e-11,3.078e-11
4.9747e-11,3.9619e-11,3.1159e-11
4.121e-11,3.1005e-11,3.9994e-11
4.9711e-11,3.7511e-11,4.8075e-11
5.8808e-11,3.9365e-11,5.48e-11
6.1551e-11,4.1714e-11,4.5377e-11
5.7541e-11,3.8654e-11,4.8062e-11
5.879e-11,4.1413e-11,5.3629e-11
7.0216e-11,4.5982e-11,5.0972e-11
2.1282e-11,1.8204e-11,8.0026e-12
1.6985e-11,2.607e-11,2.443e-11
1.6491e-11,6.3166e-11,6.5076e-11
1.184e-11,1.5619e-11,1.5968e-11
1.2606e-11,1.5922e-11,1.6603e-11
1.7758e-11,6.0298e-11,6.0615e-11
3.0143e-11,2.8438e-11,1.2024e-11
4.4105e-11,4.5555e-11,1.094e-11
1.295e-11,1.7339e-11,1.4519e-11
1.5114e-11,1.9242e-11,1.5976e-11
5.9896e-11,6.1889e-11,1.0566e-11
3.4144e-11,3.6044e-11,1.156e-11
1.9613e-11,2.2536e-11,2.5722e-11
5.0504e-11,5.0266e-11,1.2603e-11
2.313e-11,2.5787e-11,1.0353e-11
2.382e-11,2.7912e-11,1.3001e-11
1.573e-11,1.7124e-11,1.5981e-11
3.1911e-11,4.2692e-11,4.575e-11
2.2382e-11,2.1373e-11,1.3012e-11
2.863e-11,2.6541e-11,3.1999e-11
5.7506e-11,5.7301e-11,2.2195e-11
2.7647e-11,3.8343e-11,3.7775e-11
5.1918e-11,5.0015e-11,1.9479e-11
3.0399e-11,2.604e-11,2.583e-11
5.3211e-11,5.1236e-11,1.9988e-11
2.1868e-11,1.9992e-11,2.1024e-11
3.4949e-11,3.6001e-11,1.7986e-11
2.3966e-11,2.4004e-11,2.4696e-11
3.7311e-11,3.6396e-11,3.8663e-11
3.7264e-11,2.9726e-11,4.1623e-11
3.8409e-11,3.5304e-11,2.6612e-11
4.6481e-11,3.9646e-11,5.4328e-11
2.2642e-11,4.5514e-11,4.7254e-11
2.1211e-11,2.7819e-11,2.6198e-11
3.7198e-11,3.6522e-11,9.3837e-12
1.6299e-11,1.9245e-11,1.5699e-11
1.346e-11,2.3796e-11,2.2332e-11
2.0819e-11,4.1536e-11,3.9431e-11
5.3509e-11,5.5099e-11,1.0999e-11
1.9594e-11,2.2266e-11,1.6168e-11
7.2678e-11,7.1939e-11,1.4879e-11
2.0601e-11,2.1967e-11,1.6914e-11
1.7923e-11,2.6045e-11,2.6765e-11
2.5182e-11,2.7989e-11,2.5853e-11
1.6247e-11,2.0765e-11,2.1465e-11
6.6579e-11,6.9392e-11,2.1482e-11
6.1916e-11,6.2945e-11,2.1047e-11
2.6594e-11,2.6167e-11,1.3983e-11
2.3466e-11,2.4014e-11,1.6382e-11
2.5191e-11,2.1984e-11,2.2159e-11
2.3097e-11,2.394e-11,2.1153e-11
5.3665e-11,5.0678e-11,2.1387e-11
3.5779e-11,4.3831e-11,4.6844e-11
6.1956e-11,6.0583e-11,2.5629e-11
6.0884e-11,5.8933e-11,2.6441e-11
4.2492e-11,4.4157e-11,4.608e-11
3.066e-11,2.9209e-11,2.6878e-11
3.2741e-11,2.5217e-11,2.5831e-11
4.0739e-11,3.1296e-11,3.3177e-11
4.4743e-11,4.3309e-11,3.1171e-11
4.0878e-11,4.3411e-11,5.0439e-11
3.8351e-11,3.4296e-11,4.1009e-11
4.2704e-11,3.3206e-11,3.0205e-11
4.7869e-11,3.7044e-11,3.211e-11
4.7807e-11,4.0723e-11,5.1869e-11
4.8349e-11,3.9658e-11,3.9609e-11
2.8335e-11,2.4816e-11,1.0823e-11
2.0691e-11,1.7457e-11,9.2379e-12
1.4826e-11,1.7213e-11,1.5275e-11
2.4165e-11,4.7551e-11,4.056e-11
2.8909e-11,2.8042e-11,1.077e-11
1.7702e-11,6.3516e-11,6.5437e-11
1.3154e-11,2.0272e-11,1.4821e-11
1.4291e-11,2.0768e-11,1.5212e-11
1.3794e-11,1.7048e-11,1.0692e-11
1.6655e-11,2.0546e-11,1.4794e-11
2.3793e-11,3.219e-11,2.9114e-11
2.7523e-11,2.9041e-11,1.4144e-11
2.6299e-11,3.3723e-11,3.1246e-11
2.1463e-11,5.1328e-11,5.7279e-11
1.6172e-11,2.0604e-11,1.2618e-11
3.8618e-11,3.8178e-11,1.298e-11
2.6438e-11,2.9991e-11,1.3999e-11
2.2143e-11,2.1639e-11,1.3716e-11
3.966e-11,3.7709e-11,1.5467e-11
2.1674e-11,2.4069e-11,1.7814e-11
1.7306e-11,1.9476e-11,1.6631e-11
3.477e-11,3.1923e-11,3.4536e-11
3.0673e-11,3.1684e-11,3.0032e-11
7.2576e-11,7.1778e-11,2.311e-11
5.643e-11,5.3275e-11,1.9063e-11
4.6861e-11,4.6434e-11,1.8163e-11
3.4857e-11,4.6198e-11,5.3832e-11
2.514e-11,2.3461e-11,2.3897e-11
2.432e-11,2.4177e-11,1.8754e-11
3.8083e-11,3.0736e-11,2.8181e-11
3.1411e-11,2.449e-11,3.0793e-11
5.1775e-11,4.9545e-11,2.2563e-11
4.5814e-11,4.0957e-11,2.2555e-11
4.3632e-11,4.3635e-11,2.7262e-11
5.7178e-11,5.3611e-11,2.6035e-11
6.0283e-11,5.4999e-11,3.0902e-11
6.1644e-11,4.5587e-11,5.1525e-11
2.1797e-11,1.8658e-11,9.9736e-12
1.851e-11,1.8298e-11,1.2227e-11
2.2107e-11,2.0041e-11,1.6858e-11
3.3671e-11,2.9603e-11,1.0008e-11
1.4236e-11,1.7386e-11,1.6929e-11
1.5642e-11,4.4369e-11,4.4793e-11
1.8891e-11,2.4685e-11,1.9032e-11
1.8031e-11,2.2728e-11,1.8843e-11
1.5744e-11,2.1369e-11,1.5893e-11
1.4112e-11,1.6982e-11,1.2991e-11
3.3996e-11,3.5491e-11,9.683e-12
1.3484e-11,1.6439e-11,2.1704e-11
2.0818e-11,5.312e-11,5.7556e-11
6.5426e-11,6.6385e-11,1.1269e-11
1.2526e-11,1.5824e-11,2.0168e-11
6.6408e-11,6.7507e-11,1.136e-11
4.7115e-11,4.5469e-11,1.5709e-11
2.8381e-11,4.2567e-11,5.4556e-11
3.2985e-11,3.5143e-11,3.684e-11
3.6269e-11,3.6139e-11,1.5816e-11
5.1141e-11,5.0697e-11,1.8531e-11
2.0263e-11,2.2806e-11,1.8434e-11
3.2134e-11,2.7612e-11,2.8556e-11
5.726e-11,5.4535e-11,2.1341e-11
4.5702e-11,4.3969e-11,2.028e-11
2.4695e-11,2.1974e-11,2.2172e-11
4.1941e-11,4.3439e-11,4.4534e-11
3.6487e-11,3.4571e-11,2.0394e-11
3.6482e-11,4.2538e-11,4.4649e-11
3.8564e-11,2.9773e-11,2.7652e-11
4.6676e-11,4.8267e-11,5.6541e-11
6.3998e-11,5.5718e-11,3.1766e-11
5.1727e-11,4.2359e-11,3.7563e-11
5.7808e-11,4.7113e-11,3.8578e-11
6.0009e-11,5.2804e-11,3.8804e-11
5.0537e-11,4.072e-11,5.1086e-11
5.5804e-11,4.3313e-11,5.4356e-11
6.0087e-11,4.6034e-11,4.9998e-11
6.3228e-11,4.8266e-11,5.4499e-11
1.8543e-11,5.5979e-11,5.7328e-11
1.5482e-11,2.0994e-11,1.8145e-11
1.5345e-11,1.9983e-11,1.4872e-11
1.5297e-11,1.6283e-11,1.1669e-11
1.5979e-11,1.7126e-11,1.2563e-11
2.0939e-11,5.1138e-11,4.9858e-11
1.4761e-11,2.714e-11,2.6675e-11
1.5655e-11,2.2763e-11,1.6731e-11
2.1211e-11,5.2996e-11,5.1133e-11
1.8656e-11,2.2627e-11,1.5111e-11
2.7336e-11,2.8089e-11,1.1868e-11
2.264e-11,4.9585e-11,5.0474e-11
2.3686e-11,2.6892e-11,1.1206e-11
2.4506e-11,2.6773e-11,1.0139e-11
2.2139e-11,2.3539e-11,1.2474e-11
3.2493e-11,3.3323e-11,1.3165e-11
2.4586e-11,2.4424e-11,2.7039e-11
3.2128e-11,4.5455e-11,5.4604e-11
2.3714e-11,3.1143e-11,2.9876e-11
3.5965e-11,5.0783e-11,5.911e-11
2.5698e-11,2.3998e-11,1.7183e-11
2.5656e-11,2.5391e-11,1.9674e-11
4.0739e-11,4.8351e-11,5.2726e-11
3.8214e-11,4.5388e-11,4.7614e-11
4.6393e-11,3.4398e-11,4.2728e-11
3.4438e-11,3.1589e-11,1.1017e-11
3.8908e-11,3.3078e-11,6.9637e-12
1.6789e-11,5.7705e-11,5.7505e-11
6.3387e-11,5.9924e-11,6.1235e-12
6.5068e-11,6.2447e-11,7.6245e-12
2.2262e-11,5.4451e-11,5.1739e-11
3.4694e-11,3.3921e-11,1.169e-11
2.38e-11,5.2811e-11,5.2713e-11
3.3844e-11,3.5879e-11,1.5332e-11
7.8584e-11,8.0606e-11,1.7975e-11
2.4159e-11,5.059e-11,5.5979e-11
2.1612e-11,2.2473e-11,1.5239e-11
2.2477e-11,2.2676e-11,1.459e-11
7.1155e-11,6.8944e-11,2.0939e-11
4.6354e-11,4.221e-11,1.7433e-11
2.3034e-11,2.2868e-11,1.4187e-11
2.5234e-11,2.9378e-11,2.3979e-11
2.356e-11,2.3332e-11,1.4298e-11
1.9112e-11,1.9564e-11,1.5527e-11
3.7099e-11,4.6361e-11,5.4571e-11
2.4648e-11,2.4083e-11,2.5861e-11
4.7464e-11,5.4945e-11,6.3203e-11
3.5046e-11,4.0683e-11,4.7142e-11
3.7493e-11,4.042e-11,3.8596e-11
3.4856e-11,3.0212e-11,3.072e-11
4.7618e-11,3.5984e-11,3.2144e-11
5.1528e-11,3.9317e-11,3.4681e-11
4.5815e-11,3.6073e-11,3.6865e-11
2.3442e-11,2.1298e-11,1.5437e-11
1.9663e-11,4.7043e-11,3.5766e-11
1.4684e-11,1.6758e-11,1.3181e-11
1.6462e-11,2.1529e-11,1.6873e-11
2.3956e-11,5.5045e-11,5.802e-11
2.164e-11,2.0603e-11,1.2438e-11
1.9274e-11,5.1622e-11,4.5692e-11
1.6921e-11,2.3014e-11,1.6678e-11
2.5804e-11,4.2468e-11,3.8199e-11
4.2767e-11,4.365e-11,1.5896e-11
2.6172e-11,3.5755e-11,4.3861e-11
2.924e-11,4.3161e-11,4.5085e-11
4.6115e-11,4.4699e-11,1.4781e-11
6.144e-11,6.0089e-11,1.9179e-11
3.2444e-11,4.8335e-11,5.5202e-11
2.4398e-11,2.4087e-11,1.4236e-11
2.1784e-11,2.0955e-11,1.7005e-11
2.4791e-11,3.1165e-11,2.9501e-11
3.3493e-11,3.4152e-11,2.0293e-11
3.2616e-11,3.0448e-11,3.3803e-11
5.3527e-11,5.2344e-11,2.4564e-11
3.0913e-11,2.9299e-11,2.3349e-11
4.4624e-11,4.1209e-11,5.1273e-11
5.1093e-11,4.7666e-11,6.0902e-11
4.415e-11,3.7331e-11,3.5004e-11
4.6902e-11,3.6852e-11,4.3597e-11
6.6804e-11,6.0078e-11,4.2972e-11
5.555e-11,4.182e-11,4.0945e-11
4.5685e-11,3.9537e-11,1.1254e-11
1.6984e-11,5.8445e-11,5.9045e-11
1.959e-11,2.5011e-11,2.2558e-11
1.8142e-11,2.0282e-11,1.9951e-11
5.0418e-11,4.7989e-11,7.7117e-12
1.7086e-11,2.4883e-11,2.5589e-11
2.527e-11,2.9453e-11,1.3745e-11
3.6951e-11,3.4977e-11,1.1763e-11
2.4872e-11,5.662e-11,5.6307e-11
2.1261e-11,5.7375e-11,5.9038e-11
1.4038e-11,1.955e-11,1.9189e-11
4.6114e-11,4.4069e-11,1.4865e-11
6.7392e-11,6.704e-11,1.7508e-11
4.7815e-11,4.3727e-11,1.6405e-11
1.7028e-11,1.91e-11,1.4877e-11
2.5158e-11,2.5636e-11,1.5435e-11
7.3668e-11,7.5705e-11,2.2236e-11
2.2574e-11,2.5806e-11,2.0103e-11
3.6157e-11,4.3551e-11,5.4616e-11
4.592e-11,5.487e-11,6.288e-11
5.1492e-11,5.7648e-11,6.5689e-11
5.6765e-11,5.5586e-11,2.3504e-11
2.9198e-11,2.8253e-11,2.8279e-11
3.5995e-11,4.1167e-11,4.2769e-11
3.4669e-11,3.5978e-11,4.3162e-11
3.3864e-11,2.7719e-11,2.8377e-11
3.8352e-11,3.2657e-11,2.3712e-11
6.7546e-11,6.3969e-11,3.076e-11
4.4688e-11,3.8073e-11,5.0644e-11
5.0582e-11,4.5585e-11,5.5069e-11
5.5228e-11,4.3692e-11,4.9942e-11
5.9471e-11,4.6388e-11,4.7092e-11
5.9336e-11,4.7489e-11,5.1185e-11
4.6092e-11,3.9037e-11,8.0372e-12
1.7976e-11,1.9544e-11,1.5262e-11
1.9553e-11,2.0625e-11,1.595e-11
1.8396e-11,2.2448e-11,1.9422e-11
1.7158e-11,2.202e-11,1.8067e-11
2.1412e-11,2.7957e-11,2.4341e-11
1.6926e-11,2.4686e-11,2.5968e-11
1.7535e-11,2.3981e-11,2.8104e-11
2.0227e-11,2.5998e-11,2.5946e-11
7.7858e-11,7.8247e-11,1.1765e-11
1.4472e-11,2.0646e-11,1.5949e-11
2.4947e-11,4.9772e-11,4.5963e-11
2.0456e-11,2.3511e-11,1.4139e-11
6.8442e-11,6.6776e-11,2.0899e-11
2.3668e-11,2.8689e-11,1.6381e-11
3.6782e-11,5.0241e-11,5.7226e-11
2.8115e-11,2.9226e-11,1.5912e-11
4.691e-11,4.3811e-11,1.7504e-11
2.5169e-11,3.126e-11,2.9426e-11
3.3737e-11,3.0849e-11,1.9787e-11
4.8684e-11,4.9193e-11,2.4631e-11
2.9986e-11,3.012e-11,2.0581e-11
4.7605e-11,5.7851e-11,5.8251e-11
3.8663e-11,3.4866e-11,2.7256e-11
5.844e-11,5.7442e-11,3.0331e-11
4.4613e-11,3.1763e-11,3.9829e-11
7.2785e-11,6.9564e-11,3.7276e-11
5.9775e-11,4.7993e-11,3.8936e-11
5.4795e-11,4.2434e-11,3.6779e-11
6.5552e-11,5.3882e-11,4.4103e-11
6.0243e-11,4.6784e-11,4.4021e-11
1.9751e-11,2.1747e-11,1.637e-11
6.128e-11,5.3129e-11,7.9202e-12
1.8151e-11,2.2917e-11,1.8673e-11
1.6807e-11,2.6863e-11,2.3832e-11
5.5011e-11,5.0496e-11,1.4372e-11
2.5947e-11,2.8712e-11,1.2921e-11
2.2715e-11,2.4084e-11,1.0727e-11
1.7592e-11,2.5852e-11,2.3935e-11
2.5513e-11,2.5184e-11,1.4843e-11
1.5197e-11,2.0878e-11,1.7491e-11
1.7424e-11,2.0619e-11,1.4049e-11
7.4184e-11,7.359e-11,1.8428e-11
7.2974e-11,7.0888e-11,2.0659e-11
1.9472e-11,2.1802e-11,2.0311e-11
2.3653e-11,2.5449e-11,2.1044e-11
4.4043e-11,5.2205e-11,5.7797e-11
3.3013e-11,3.594e-11,2.6902e-11
6.3332e-11,6.3606e-11,3.0586e-11
5.0731e-11,5.0552e-11,5.88e-11
5.623e-11,4.9897e-11,6.1393e-11
4.9127e-11,4.0397e-11,5.2048e-11
5.4645e-11,4.3408e-11,3.8646e-11
6.7403e-11,5.3583e-11,4.5159e-11
1.7965e-11,2.4996e-11,1.998e-11
2.1033e-11,2.5247e-11,2.2315e-11
6.2841e-11,5.6667e-11,1.1054e-11
6.3648e-11,5.8192e-11,1.2014e-11
2.1045e-11,3.086e-11,2.9782e-11
7.2457e-11,6.9516e-11,1.1059e-11
1.7877e-11,2.3269e-11,1.8183e-11
4.181e-11,4.029e-11,1.3106e-11
3.1508e-11,3.141e-11,2.7443e-11
2.4616e-11,4.5761e-11,4.2529e-11
2.5474e-11,6.3385e-11,6.0195e-11
1.6886e-11,2.1602e-11,1.6652e-11
2.2835e-11,2.3934e-11,1.5267e-11
3.8298e-11,3.9728e-11,2.0044e-11
2.0802e-11,2.2823e-11,1.9954e-11
2.925e-11,3.1801e-11,2.8712e-11
4.6854e-11,5.6988e-11,6.0194e-11
6.4363e-11,6.438e-11,2.8743e-11
6.4412e-11,6.4279e-11,2.9341e-11
3.5103e-11,3.5103e-11,2.5882e-11
7.0435e-11,7.0759e-11,3.7787e-11
4.6546e-11,4.2665e-11,4.8578e-11
4.7622e-11,4.5747e-11,5.2972e-11
5.2333e-11,4.2209e-11,3.338e-11
5.1435e-11,4.5581e-11,5.6005e-11
2.864e-11,2.5457e-11,1.4656e-11
3.9323e-11,3.2299e-11,1.6135e-11
1.8178e-11,2.4221e-11,1.7844e-11
1.8662e-11,2.499e-11,2.1063e-11
6.6467e-11,5.8174e-11,9.8493e-12
1.8226e-11,2.7685e-11,2.2267e-11
2.2328e-11,2.5383e-11,1.6539e-11
1.9061e-11,2.1396e-11,1.9224e-11
1.8432e-11,2.3525e-11,2.1648e-11
2.2517e-11,2.7333e-11,1.9516e-11
2.7892e-11,5.2766e-11,4.6493e-11
3.4256e-11,3.8037e-11,3.9123e-11
2.2526e-11,2.8666e-11,2.3983e-11
4.3612e-11,4.4521e-11,2.0704e-11
2.0968e-11,2.5607e-11,1.6926e-11
2.2183e-11,2.6253e-11,2.4932e-11
3.2475e-11,3.1322e-11,2.9769e-11
4.0105e-11,4.0136e-11,3.6335e-11
2.7572e-11,3.1709e-11,3.3354e-11
3.0776e-11,3.4411e-11,3.5267e-11
4.1116e-11,3.9144e-11,2.8101e-11
5.2698e-11,4.7223e-11,3.2705e-11
4.9489e-11,4.6861e-11,5.5073e-11
7.0799e-11,6.6155e-11,4.2347e-11
5.9912e-11,4.541e-11,3.9176e-11
3.9411e-11,3.2798e-11,1.1063e-11
4.7891e-11,4.312e-11,1.6966e-11
2.5743e-11,2.394e-11,1.7004e-11
1.9486e-11,2.8484e-11,2.438e-11
2.1274e-11,4.1836e-11,3.4894e-11
2.2673e-11,2.4835e-11,1.8249e-11
2.2122e-11,2.5501e-11,1.5234e-11
2.9237e-11,3.2278e-11,1.3271e-11
6.9418e-11,6.9128e-11,1.4073e-11
2.2238e-11,2.4706e-11,1.3754e-11
7.2991e-11,7.4658e-11,1.4802e-11
5.5319e-11,5.5095e-11,1.9737e-11
3.2896e-11,6.7055e-11,6.8188e-11
2.4999e-11,2.8976e-11,2.1653e-11
4.9858e-11,4.7624e-11,1.815e-11
4.2307e-11,5.8305e-11,6.0794e-11
4.5392e-11,6.193e-11,6.6257e-11
3.0259e-11,2.9504e-11,2.0771e-11
3.4058e-11,3.4173e-11,1.8852e-11
3.445e-11,3.5807e-11,2.9549e-11
3.1214e-11,3.3575e-11,3.8188e-11
4.0699e-11,3.4935e-11,3.2075e-11
3.2716e-11,2.7804e-11,3.0953e-11
4.9284e-11,5.4483e-11,5.4246e-11
6.1848e-11,6.029e-11,3.4183e-11
5.4371e-11,4.3196e-11,3.6775e-11
6.7709e-11,5.8235e-11,1.1943e-11
2.349e-11,2.6514e-11,1.7613e-11
2.3327e-11,2.9568e-11,2.5435e-11
2.4533e-11,5.6783e-11,4.5539e-11
4.2596e-11,3.9169e-11,1.2746e-11
1.798e-11,2.4287e-11,1.8007e-11
1.8996e-11,2.151e-11,1.4943e-11
1.8325e-11,2.2854e-11,1.6467e-11
5.543e-11,5.6267e-11,1.8116e-11
1.9198e-11,2.3281e-11,1.5842e-11
1.8808e-11,2.3528e-11,1.5506e-11
2.1941e-11,2.4439e-11,1.6202e-11
3.5074e-11,3.5438e-11,1.9414e-11
5.9144e-11,5.9308e-11,2.5079e-11
3.9715e-11,3.8757e-11,2.4692e-11
3.7336e-11,4.4258e-11,5.1837e-11
3.6257e-11,3.1917e-11,3.5496e-11
4.1009e-11,4.9692e-11,4.9416e-11
6.213e-11,6.3926e-11,2.8025e-11
5.4488e-11,5.2534e-11,3.3844e-11
4.4548e-11,4.0827e-11,4.7588e-11
4.8748e-11,4.0946e-11,3.5708e-11
4.8998e-11,4.0768e-11,4.254e-11
4.1753e-11,3.6622e-11,1.1243e-11
1.8944e-11,2.462e-11,1.9233e-11
2.2085e-11,5.0981e-11,4.1393e-11
2.3167e-11,2.4821e-11,2.016e-11
2.305e-11,3.3253e-11,3.0589e-11
2.7323e-11,2.6741e-11,1.3883e-11
6.0388e-11,5.7753e-11,1.4781e-11
2.7751e-11,3.58e-11,4.0342e-11
2.7065e-11,3.2578e-11,1.7999e-11
2.5038e-11,3.2045e-11,2.7604e-11
2.3118e-11,2.5294e-11,1.6489e-11
4.2891e-11,6.0608e-11,5.8228e-11
4.0812e-11,3.4788e-11,2.3926e-11
5.7939e-11,5.7775e-11,2.6424e-11
4.0518e-11,3.4698e-11,3.5831e-11
4.5604e-11,3.7689e-11,3.1293e-11
5.5646e-11,5.4486e-11,6.1004e-11
6.0509e-11,5.1526e-11,4.0728e-11
2.5038e-11,2.5672e-11,1.6166e-11
2.584e-11,6.6437e-11,5.2412e-11
2.0187e-11,2.5301e-11,1.7608e-11
3.8447e-11,6.9912e-11,6.7243e-11
3.6361e-11,4.4541e-11,4.8225e-11
4.1886e-11,5.0808e-11,5.4704e-11
5.5028e-11,4.9669e-11,2.5905e-11
5.2408e-11,5.3235e-11,5.951e-11
5.0415e-11,4.2899e-11,3.1575e-11
4.1118e-11,3.8681e-11,3.7928e-11
4.9107e-11,4.2076e-11,4.8205e-11
4.783e-11,4.4852e-11,5.0495e-11
6.8092e-11,6.2292e-11,3.7961e-11
5.6897e-11,4.8305e-11,3.8102e-11
5.6687e-11,4.5437e-11,4.8895e-11
2.6835e-11,5.2331e-11,4.5396e-11
2.6113e-11,5.853e-11,4.9113e-11
5.5358e-11,5.1541e-11,1.7774e-11
3.9999e-11,3.7347e-11,1.2114e-11
2.5636e-11,4.0996e-11,3.697e-11
2.2405e-11,2.4882e-11,1.6487e-11
2.4895e-11,3.5557e-11,3.4058e-11
4.229e-11,4.3819e-11,1.8815e-11
6.3206e-11,6.4825e-11,1.9163e-11
2.3734e-11,2.8332e-11,1.7397e-11
2.6671e-11,3.196e-11,2.0912e-11
4.2186e-11,4.5166e-11,1.7879e-11
2.6271e-11,3.045e-11,1.7808e-11
2.6296e-11,2.965e-11,1.753e-11
5.6089e-11,5.3674e-11,2.1429e-11
5.6417e-11,5.3964e-11,2.2624e-11
2.8783e-11,3.1838e-11,2.6906e-11
6.6273e-11,6.4359e-11,2.7595e-11
4.4738e-11,3.9201e-11,2.6035e-11
3.8937e-11,3.3297e-11,2.8062e-11
4.7206e-11,5.3349e-11,5.5161e-11
6.2129e-11,5.5927e-11,3.698e-11
5.688e-11,4.9407e-11,3.6532e-11
5.992e-11,4.7205e-11,5.2046e-11
4.2567e-11,3.7573e-11,1.3635e-11
4.1866e-11,3.6501e-11,1.5822e-11
2.8391e-11,5.4238e-11,4.6876e-11
4.9428e-11,4.6273e-11,1.4629e-11
3.4087e-11,5.173e-11,4.6178e-11
4.9697e-11,4.9174e-11,1.3914e-11
3.2726e-11,7.5433e-11,6.0499e-11
2.5147e-11,3.1569e-11,1.8949e-11
3.408e-11,3.6348e-11,1.8978e-11
5.3408e-11,5.4361e-11,1.5995e-11
6.2052e-11,6.2886e-11,1.8515e-11
3.6286e-11,3.7863e-11,3.1294e-11
4.12e-11,5.5267e-11,5.1963e-11
2.4759e-11,3.4129e-11,3.5398e-11
2.5172e-11,3.5546e-11,2.9319e-11
4.6492e-11,4.9749e-11,5.4922e-11
3.3644e-11,4.0671e-11,3.8763e-11
3.9095e-11,4.84e-11,5.3328e-11
6.732e-11,6.503e-11,2.8317e-11
3.6472e-11,3.401e-11,2.5895e-11
3.9078e-11,3.3782e-11,2.9694e-11
5.4976e-11,4.7929e-11,3.0124e-11
5.7243e-11,5.0375e-11,3.1963e-11
4.8356e-11,4.4692e-11,4.4828e-11
6.1816e-11,5.6019e-11,3.4037e-11
5.9303e-11,5.112e-11,3.8301e-11
5.6264e-11,4.6423e-11,3.8689e-11
6.1993e-11,5.1256e-11,5.2908e-11
2.7827e-11,2.8922e-11,1.9716e-11
2.8339e-11,3.6248e-11,3.4172e-11
4.998e-11,4.7908e-11,1.2652e-11
4.8945e-11,4.7153e-11,1.3048e-11
2.7846e-11,3.7155e-11,3.5054e-11
2.8989e-11,4.9295e-11,4.3069e-11
2.9737e-11,3.1954e-11,1.9258e-11
3.9955e-11,6.552e-11,5.522e-11
2.3743e-11,2.7363e-11,2.1706e-11
3.8111e-11,7.2408e-11,6.052e-11
2.4591e-11,2.8919e-11,1.9142e-11
2.7456e-11,3.6869e-11,3.4061e-11
3.3999e-11,3.7824e-11,4.1431e-11
6.2321e-11,6.0694e-11,2.7392e-11
4.8704e-11,5.4135e-11,5.9068e-11
5.3648e-11,4.9943e-11,2.4939e-11
5.6622e-11,5.2839e-11,2.6654e-11
6.0187e-11,5.8588e-11,2.7805e-11
3.8032e-11,4.1553e-11,4.2764e-11
5.5087e-11,4.8868e-11,2.7927e-11
5.5793e-11,5.9227e-11,6.2755e-11
3.3319e-11,4.0877e-11,4.8314e-11
6.2022e-11,5.9271e-11,2.9134e-11
4.3613e-11,4.5063e-11,4.4195e-11
6.0294e-11,5.0704e-11,5.4395e-11
6.0229e-11,5.0442e-11,4.7055e-11
3.3051e-11,3.1932e-11,1.9556e-11
2.642e-11,3.2227e-11,1.8508e-11
2.7485e-11,3.4523e-11,1.9908e-11
6.8261e-11,6.5839e-11,1.8109e-11
3.9525e-11,5.5103e-11,5.7688e-11
3.5472e-11,3.731e-11,1.9597e-11
4.3884e-11,5.0012e-11,5.0577e-11
4.0813e-11,4.789e-11,5.1912e-11
5.4306e-11,5.6644e-11,6.224e-11
4.399e-11,3.9261e-11,4.0821e-11
5.4738e-11,4.9627e-11,4.8684e-11
5.2897e-11,5.6982e-11,6.0897e-11
5.8152e-11,4.9224e-11,5.1589e-11
6.3246e-11,5.3469e-11,4.1747e-11
3.1474e-11,3.5177e-11,2.4234e-11
4.2273e-11,3.9888e-11,1.9523e-11
2.8067e-11,4.5063e-11,4.3295e-11
2.746e-11,2.9685e-11,1.9546e-11
3.3998e-11,6.9934e-11,6.1748e-11
5.775e-11,5.5665e-11,1.6205e-11
6.3301e-11,6.4297e-11,1.8081e-11
2.7616e-11,3.2863e-11,1.8464e-11
4.1272e-11,6.4686e-11,5.5587e-11
3.8584e-11,5.6637e-11,5.0401e-11
3.0149e-11,3.4971e-11,2.171e-11
3.5376e-11,4.7064e-11,4.5081e-11
5.397e-11,4.7984e-11,2.6636e-11
4.838e-11,4.5221e-11,3.0356e-11
3.8406e-11,5.1155e-11,5.2448e-11
4.1115e-11,4.8145e-11,5.1918e-11
5.6133e-11,5.11e-11,3.5627e-11
5.392e-11,5.3705e-11,5.6492e-11
5.5466e-11,4.6654e-11,5.1797e-11
6.5536e-11,5.3746e-11,4.6372e-11
6.6e-11,5.4323e-11,5.553e-11
6.7101e-11,5.7634e-11,4.3266e-11
2.7883e-11,3.3893e-11,2.3962e-11
4.471e-11,4.1852e-11,2.0799e-11
3.4016e-11,4.4877e-11,4.0217e-11
3.0518e-11,5.5041e-11,4.8032e-11
3.0636e-11,3.2447e-11,2.1538e-11
2.7029e-11,3.2308e-11,2.2902e-11
3.0237e-11,4.2629e-11,3.8833e-11
4.654e-11,4.4668e-11,1.8849e-11
3.1616e-11,3.7201e-11,2.2094e-11
3.7629e-11,7.8708e-11,6.2242e-11
2.9211e-11,3.4628e-11,1.9689e-11
4.3836e-11,5.4671e-11,5.1218e-11
2.6659e-11,4.0175e-11,3.1746e-11
3.9744e-11,5.1139e-11,4.7242e-11
3.2219e-11,3.6872e-11,2.3868e-11
3.4693e-11,3.9348e-11,2.3912e-11
4.4786e-11,4.4276e-11,2.4327e-11
3.6609e-11,4.1593e-11,3.196e-11
4.9529e-11,5.5785e-11,5.7408e-11
3.8978e-11,3.703e-11,2.9615e-11
6.4088e-11,5.842e-11,3.1093e-11
5.4172e-11,4.746e-11,3.4886e-11
4.4762e-11,5.3055e-11,5.3027e-11
4.2285e-11,4.0416e-11,3.9e-11
5.469e-11,4.6687e-11,3.3988e-11
4.9925e-11,5.491e-11,5.6588e-11
2.9971e-11,3.9749e-11,3.238e-11
3.0087e-11,3.7212e-11,2.9265e-11
2.9952e-11,3.8804e-11,3.3277e-11
3.9523e-11,4.309e-11,2.251e-11
2.9385e-11,3.4123e-11,1.9714e-11
4.1204e-11,4.4683e-11,2.1876e-11
3.2529e-11,4.2602e-11,3.7218e-11
2.6638e-11,3.3628e-11,2.2864e-11
3.9187e-11,4.1504e-11,2.8043e-11
4.2317e-11,4.3504e-11,2.9069e-11
3.6217e-11,4.1722e-11,4.5705e-11
6.5738e-11,5.8539e-11,3.2009e-11
5.484e-11,5.1386e-11,4.9191e-11
6.7285e-11,5.92e-11,4.1457e-11
4.6242e-11,4.7122e-11,2.0977e-11
3.1016e-11,3.5617e-11,2.0801e-11
5.0299e-11,5.2749e-11,2.032e-11
3.6506e-11,5.1128e-11,4.4861e-11
3.0121e-11,3.498e-11,1.9768e-11
2.6961e-11,3.9722e-11,3.1573e-11
5.4179e-11,5.6638e-11,2.3784e-11
4.6929e-11,4.4167e-11,3.7015e-11
7.0663e-11,5.8447e-11,4.3286e-11
3.9354e-11,3.9771e-11,2.5695e-11
2.9268e-11,3.6693e-11,2.9175e-11
3.4956e-11,4.9401e-11,4.1804e-11
2.9439e-11,3.828e-11,3.1603e-11
4.5369e-11,5.012e-11,2.1478e-11
3.2598e-11,4.6065e-11,4.3235e-11
3.4318e-11,4.1814e-11,3.1201e-11
4.5788e-11,4.4391e-11,2.9893e-11
3.1755e-11,3.6193e-11,2.9621e-11
6.0994e-11,5.6307e-11,3.8938e-11
5.893e-11,5.2945e-11,4.161e-11
4.434e-11,4.3047e-11,2.8282e-11
3.8687e-11,5.6488e-11,5.0614e-11
3.7094e-11,4.2182e-11,2.7461e-11
3.3863e-11,3.8475e-11,2.411e-11
3.8141e-11,5.4336e-11,5.0494e-11
3.4457e-11,4.0982e-11,2.6608e-11
4.1161e-11,4.9662e-11,2.8247e-11
3.6799e-11,4.6205e-11,4.1288e-11
4.2545e-11,4.3316e-11,2.5917e-11
3.86e-11,4.1839e-11,3.1596e-11
5.5219e-11,5.3035e-11,4.2003e-11
6.7538e-11,6.0611e-11,4.2938e-11
6.7839e-11,5.8105e-11,5.1073e-11
4.6125e-11,4.5836e-11,2.8451e-11
3.8688e-11,4.2781e-11,2.7961e-11
3.837e-11,4.5498e-11,2.6363e-11
6.2084e-11,6.6308e-11,2.7235e-11
4.6044e-11,5.1584e-11,3.0286e-11
4.5462e-11,4.583e-11,2.9828e-11
3.7159e-11,5.0346e-11,4.387e-11
4.5112e-11,5.7754e-11,4.8416e-11
3.7162e-11,4.5639e-11,4.0621e-11
4.954e-11,5.3169e-11,3.2932e-11
3.7432e-11,4.3385e-11,3.7836e-11
4.3199e-11,4.6123e-11,3.3166e-11
4.7812e-11,4.796e-11,3.3838e-11
3.7175e-11,4.0597e-11,3.1336e-11
4.1005e-11,4.9646e-11,4.3287e-11
4.693e-11,4.704e-11,3.6355e-11
6.0168e-11,5.6336e-11,3.8601e-11
5.472e-11,5.4849e-11,5.2564e-11
5.5595e-11,5.1864e-11,4.9516e-11
4.509e-11,4.7393e-11,2.9959e-11
3.3758e-11,4.2753e-11,3.3254e-11
4.1646e-11,5.9175e-11,5.3021e-11
5.6536e-11,5.9422e-11,2.4826e-11
4.5182e-11,5.9942e-11,5.2245e-11
6.5634e-11,7.0716e-11,2.9196e-11
6.0041e-11,6.2027e-11,2.8689e-11
3.8438e-11,4.6168e-11,3.1237e-11
4.6093e-11,6.4048e-11,5.5443e-11
4.9634e-11,5.1161e-11,4.4067e-11
7.1909e-11,6.1218e-11,4.5545e-11
6.3022e-11,5.674e-11,4.454e-11
3.7321e-11,4.5215e-11,3.5634e-11
5.0475e-11,5.2996e-11,3.2189e-11
5.0365e-11,5.2604e-11,3.0718e-11
3.9195e-11,4.4556e-11,2.852e-11
5.4019e-11,6.1102e-11,2.8586e-11
4.6274e-11,6.2991e-11,5.139e-11
4.7399e-11,5.5526e-11,3.0855e-11
5.1748e-11,5.761e-11,3.3199e-11
5.0025e-11,5.5722e-11,3.187e-11
3.7644e-11,4.5706e-11,3.7283e-11
3.8102e-11,4.7002e-11,3.5196e-11
4.3169e-11,5.6362e-11,4.2806e-11
4.4935e-11,5.4352e-11,3.1783e-11
6.5025e-11,7.1553e-11,2.8933e-11
6.6627e-11,7.3268e-11,2.9711e-11
4.7381e-11,5.8993e-11,4.9893e-11
4.0984e-11,5.5929e-11,4.5249e-11
5.4441e-11,5.5848e-11,3.2165e-11
5.1895e-11,5.5836e-11,4.4649e-11
4.9233e-11,5.2021e-11,3.3392e-11
4.6967e-11,5.5035e-11,3.3668e-11
4.6858e-11,6.1535e-11,4.9009e-11
4.8817e-11,5.7247e-11,3.2772e-11
4.306e-11,5.0282e-11,3.2751e-11
5.7688e-11,6.5321e-11,3.4894e-11
4.4742e-11,6.2298e-11,4.7928e-11
3.7939e-11,4.6547e-11,3.5264e-11
4.5886e-11,4.9676e-11,3.0885e-11
4.6078e-11,4.8826e-11,3.2671e-11
4.2019e-11,5.0947e-11,3.832e-11
4.497e-11,5.3967e-11,4.0438e-11
4.6355e-11,6.3715e-11,5.1625e-11
4.5618e-11,6.071e-11,4.6336e-11
4.5831e-11,5.1938e-11,3.2917e-11
4.8212e-11,5.8578e-11,3.3701e-11
5.8851e-11,6.7412e-11,3.4379e-11
4.3038e-11,4.9234e-11,3.1461e-11
4.9632e-11,6.3988e-11,5.0703e-11
5.1819e-11,5.5466e-11,3.2198e-11
5.6846e-11,5.81e-11,3.697e-11
6.2807e-11,5.8491e-11,3.9603e-11
5.4052e-11,5.7137e-11,3.6266e-11
5.7501e-11,5.8815e-11,3.7511e-11
5.495e-11,5.8056e-11,4.1354e-11
6.5575e-11,6.4377e-11,5.0238e-11
5.1922e-11,5.8676e-11,4.028e-11
5.2129e-11,5.6718e-11,3.5005e-11
4.6676e-11,5.6541e-11,4.2614e-11
4.9528e-11,5.4449e-11,3.4333e-11
5.0198e-11,6.0516e-11,4.5384e-11
4.8082e-11,5.3004e-11,3.4866e-11
4.393e-11,5.7176e-11,4.3699e-11
4.6906e-11,5.6238e-11,3.7085e-11
4.468e-11,5.7522e-11,4.3203e-11
6.5364e-11,7.2011e-11,3.4929e-11
6.5192e-11,6.2669e-11,4.8682e-11
5.5755e-11,6.1453e-11,3.999e-11
5.1217e-11,6.0664e-11,3.6143e-11
4.8519e-11,5.7545e-11,4.3274e-11
4.559e-11,5.7165e-11,4.4086e-11
4.7015e-11,5.974e-11,4.1573e-11
4.9504e-11,6.0352e-11,4.0795e-11
6.2947e-11,6.0232e-11,3.8639e-11
6.697e-11,6.7204e-11,5.1057e-11
5.4748e-11,5.8401e-11,3.7394e-11
5.6463e-11,6.2273e-11,4.0868e-11
5.1209e-11,6.0682e-11,3.8607e-11
5.0764e-11,6.0389e-11,3.9573e-11
5.1479e-11,6.3536e-11,4.2842e-11
5.0694e-11,6.1652e-11,4.037e-11
5.1874e-11,6.3068e-11,4.5573e-11
5.1538e-11,6.0896e-11,4.733e-11
5.2768e-11,6.2153e-11,4.5664e-11
5.2336e-11,6.2525e-11,4.7147e-11
6.3272e-11,7.1179e-11,5.0871e-11
