5.8941e-11,6.4852e-11,1.9718e-11
5.3485e-11,5.9373e-11,2.9618e-11
5.672e-11,5.587e-11,2.4629e-11
6.0435e-11,5.2041e-11,2.0658e-11
5.0905e-11,6.1688e-11,2.6658e-11
6.1137e-11,5.3354e-11,1.2205e-11
5.6669e-11,5.4051e-11,1.9287e-11
5.4223e-11,6.6439e-11,1.7283e-11
5.749e-11,4.7779e-11,2.5335e-11
4.4785e-11,6.1408e-11,3.5012e-11
5.9003e-11,4.7659e-11,1.9094e-11
5.3861e-11,5.2915e-11,1.8781e-11
4.9781e-11,7.0555e-11,2.6224e-11
5.4131e-11,5.4658e-11,7.9813e-12
4.6385e-11,5.3405e-11,3.5468e-11
4.4607e-11,6.1837e-11,2.9982e-11
6.1294e-11,4.3958e-11,1.4882e-11
5.2705e-11,5.3932e-11,1.9013e-11
5.7906e-11,4.0888e-11,9.2712e-12
4.7736e-11,7.056e-11,2.0416e-11
4.8419e-11,5.9679e-11,1.9919e-11
4.5245e-11,6.7745e-11,2.735e-11
4.6206e-11,7.1825e-11,2.8043e-11
4.7518e-11,7.1213e-11,2.1787e-11
5.3834e-11,5.752e-11,1.1894e-11
5.0761e-11,4.5178e-11,3.2918e-11
5.1018e-11,4.7491e-11,1.9297e-11
5.2552e-11,4.6927e-11,1.4907e-11
4.6624e-11,7.5725e-11,2.588e-11
5.0626e-11,4.4271e-11,3.1008e-11
5.4814e-11,4.0074e-11,6.9784e-12
4.2345e-11,6.8831e-11,2.7721e-11
5.2174e-11,4.889e-11,1.1123e-11
5.0786e-11,6.6829e-11,1.7416e-11
4.6158e-11,5.1176e-11,3.3232e-11
5.6666e-11,4.1647e-11,1.4904e-11
5.6281e-11,3.5979e-11,1.4919e-11
5.7965e-11,3.5456e-11,1.1882e-11
4.272e-11,6.1277e-11,2.5424e-11
5.312e-11,5.7426e-11,1.2422e-11
5.302e-11,4.2405e-11,3.4735e-11
4.3855e-11,5.1463e-11,2.9159e-11
5.1187e-11,4.2946e-11,1.986e-11
4.7357e-11,4.4477e-11,1.7296e-11
4.2887e-11,6.8365e-11,2.4624e-11
4.7333e-11,6.3716e-11,1.6945e-11
5.9054e-11,3.6537e-11,2.2829e-11
6.2103e-11,3.7863e-11,2.0243e-11
5.1109e-11,5.064e-11,8.3081e-12
5.0796e-11,4.5734e-11,2.9797e-11
4.454e-11,5.0304e-11,2.7628e-11
5.2616e-11,3.6052e-11,1.9788e-11
4.6407e-11,4.4609e-11,1.5836e-11
4.3237e-11,5.4833e-11,1.6176e-11
5.9662e-11,3.5471e-11,2.6299e-11
4.0966e-11,4.9907e-11,2.4281e-11
3.966e-11,5.8849e-11,2.0202e-11
3.9694e-11,6.4775e-11,2.3889e-11
4.0964e-11,6.2824e-11,1.7397e-11
4.8485e-11,4.4869e-11,6.6094e-12
4.4149e-11,4.1049e-11,2.2711e-11
4.5864e-11,4.0507e-11,1.9697e-11
3.7643e-11,5.6792e-11,2.1604e-11
5.9453e-11,3.355e-11,1.2585e-11
4.106e-11,7.0823e-11,2.4475e-11
4.4648e-11,5.5717e-11,1.3277e-11
4.7709e-11,4.8436e-11,8.415e-12
5.8889e-11,3.6586e-11,3.1094e-11
3.6722e-11,5.5935e-11,2.0255e-11
6.1386e-11,3.4572e-11,1.8553e-11
4.3042e-11,3.9253e-11,1.6831e-11
4.3498e-11,3.8589e-11,1.559e-11
3.6789e-11,6.7074e-11,2.3833e-11
5.4853e-11,3.1578e-11,8.9542e-12
3.7872e-11,6.9468e-11,2.6334e-11
4.8793e-11,3.865e-11,8.8557e-12
5.6873e-11,3.6528e-11,3.0126e-11
4.5318e-11,3.9119e-11,2.4676e-11
4.0905e-11,6.8743e-11,2.0976e-11
5.0344e-11,3.2346e-11,3.8059e-12
6.0516e-11,3.8263e-11,3.5647e-11
5.7677e-11,3.7971e-11,3.2623e-11
6.2789e-11,3.3999e-11,2.6017e-11
3.7309e-11,5.3385e-11,1.8905e-11
3.5351e-11,6.0961e-11,2.3633e-11
4.8203e-11,3.6834e-11,4.6372e-12
4.1777e-11,4.9164e-11,2.3376e-11
4.5866e-11,3.583e-11,2.3619e-11
5.7503e-11,3.3186e-11,1.6409e-11
3.5697e-11,5.7064e-11,2.4386e-11
3.4359e-11,5.9179e-11,2.7787e-11
5.4889e-11,3.9467e-11,3.1713e-11
4.6059e-11,4.0778e-11,2.3501e-11
4.7362e-11,3.4048e-11,2.3429e-11
3.7989e-11,5.0559e-11,2.0112e-11
4.0244e-11,4.0654e-11,1.4274e-11
3.6767e-11,6.2965e-11,1.8801e-11
5.4614e-11,3.0364e-11,2.5674e-11
3.8963e-11,4.2006e-11,1.8229e-11
4.8001e-11,2.7952e-11,1.1307e-11
4.4721e-11,3.3537e-11,1.2418e-11
5.1282e-11,2.989e-11,5.6454e-12
4.1256e-11,4.6939e-11,2.2762e-11
5.496e-11,3.2567e-11,3.1266e-11
3.6148e-11,5.3064e-11,2.3749e-11
3.8992e-11,4.6047e-11,1.7292e-11
3.2864e-11,5.8243e-11,2.8985e-11
5.5594e-11,2.5625e-11,6.5205e-12
3.9171e-11,4.2419e-11,8.7944e-12
5.8164e-11,3.8854e-11,3.6111e-11
5.1777e-11,3.7583e-11,2.7011e-11
3.0807e-11,6.3785e-11,2.0712e-11
3.8055e-11,4.2154e-11,1.2042e-11
4.6085e-11,2.8979e-11,5.7896e-12
6.4339e-11,3.8051e-11,3.5954e-11
5.1175e-11,3.6736e-11,2.8841e-11
5.4831e-11,3.1758e-11,2.5183e-11
6.0524e-11,3.1929e-11,1.0582e-11
3.2419e-11,6.2984e-11,2.2344e-11
5.3213e-11,2.4856e-11,5.1898e-12
4.3605e-11,3.7436e-11,9.4335e-12
6.9882e-11,3.4133e-11,3.8395e-11
5.0481e-11,3.5962e-11,2.961e-11
6.7825e-11,3.7701e-11,3.4224e-11
6.8982e-11,3.7921e-11,3.4525e-11
3.3885e-11,5.2367e-11,1.7921e-11
5.0119e-11,2.6953e-11,1.9231e-11
3.2775e-11,6.5499e-11,2.4689e-11
3.2059e-11,6.1936e-11,1.8466e-11
3.809e-11,4.2676e-11,8.7441e-12
3.8165e-11,7.3237e-11,1.6934e-11
5.2045e-11,3.5842e-11,2.9986e-11
6.8939e-11,3.7066e-11,3.6288e-11
5.2416e-11,3.1887e-11,2.3365e-11
3.4526e-11,5.1086e-11,2.041e-11
5.5914e-11,3.436e-11,1.9553e-11
3.2092e-11,5.0244e-11,2.2349e-11
4.3637e-11,2.9263e-11,1.0773e-11
5.9216e-11,3.3132e-11,8.5256e-12
3.8e-11,7.0706e-11,1.6963e-11
4.041e-11,7.6296e-11,1.6378e-11
3.8934e-11,5.8434e-11,1.2405e-11
6.8146e-11,3.7378e-11,4.1793e-11
7.2168e-11,3.219e-11,3.8001e-11
5.2066e-11,2.972e-11,4.66e-11
5.3131e-11,3.5039e-11,3.1648e-11
4.4513e-11,3.0481e-11,5.0801e-11
6.1528e-11,3.1787e-11,3.252e-11
6.269e-11,3.4348e-11,1.6589e-11
4.4266e-11,2.7613e-11,1.7527e-11
3.1546e-11,5.061e-11,1.9216e-11
5.7764e-11,2.6187e-11,1.3393e-11
5.2214e-11,2.4508e-11,7.5377e-12
1.0319e-11,1.3115e-10,5.6733e-11
1.0818e-11,1.3065e-10,5.5025e-11
7.2465e-11,3.1026e-11,3.9705e-11
5.048e-11,2.613e-11,5.119e-11
4.48e-11,3.2536e-11,3.8649e-11
4.1358e-11,4.24e-11,2.2011e-11
6.7361e-11,3.4381e-11,2.9994e-11
6.1824e-11,3.0761e-11,2.3371e-11
5.6512e-11,2.8983e-11,2.0291e-11
3.5861e-11,4.5028e-11,1.8984e-11
3.7735e-11,4.7087e-11,1.0894e-11
4.3272e-11,2.8693e-11,5.8955e-12
1.2431e-11,1.1938e-10,4.915e-11
9.3137e-12,1.4436e-10,4.1679e-11
6.4589e-11,3.7188e-11,4.1429e-11
5.1245e-11,2.6589e-11,4.9084e-11
7.0175e-11,3.4451e-11,3.3881e-11
2.9901e-11,5.1939e-11,1.988e-11
4.2869e-11,2.7804e-11,8.6877e-12
4.3471e-11,2.6137e-11,8.8703e-12
5.8632e-11,3.0068e-11,9.6489e-12
4.0598e-11,9.5329e-11,6.5317e-11
3.2574e-11,5.0457e-11,1.7246e-11
3.4415e-11,4.3843e-11,1.2099e-11
3.4871e-11,4.8795e-11,1.1356e-11
4.2842e-11,2.569e-11,8.1655e-12
3.46e-11,7.3881e-11,1.9776e-11
9.976e-12,1.1281e-10,5.0931e-11
1.3732e-11,1.4578e-10,4.1228e-11
7.3167e-11,3.2217e-11,4.1466e-11
6.3577e-11,2.9588e-11,3.4673e-11
4.5433e-11,3.5899e-11,3.0562e-11
4.2815e-11,3.4009e-11,3.2671e-11
7.578e-11,3.7036e-11,4.0525e-11
5.0601e-11,2.8593e-11,2.1928e-11
6.2347e-11,3.1856e-11,2.3069e-11
3.6633e-11,3.7607e-11,1.0302e-11
3.1267e-11,5.6116e-11,1.9214e-11
3.069e-11,5.5818e-11,1.7858e-11
3.1787e-11,5.7941e-11,1.7271e-11
3.8175e-11,5.3898e-11,9.172e-12
1.0232e-11,1.1114e-10,4.9639e-11
1.0718e-11,1.2018e-10,5.1901e-11
1.736e-11,1.425e-10,4.5318e-11
1.6607e-11,1.3858e-10,4.3404e-11
6.7959e-12,1.3549e-10,3.6119e-11
6.7926e-11,3.6609e-11,4.478e-11
6.9872e-11,3.4025e-11,4.3294e-11
5.3205e-11,2.8159e-11,4.2838e-11
6.6139e-11,2.8424e-11,3.3932e-11
7.4451e-11,3.3775e-11,4.3132e-11
3.5287e-11,4.3843e-11,1.8208e-11
4.1048e-11,8.0815e-11,7.1962e-11
3.3499e-11,9.6193e-11,5.9343e-11
3.185e-11,9.4221e-11,5.5378e-11
3.7863e-11,4.2586e-11,8.0518e-12
1.3009e-11,1.0926e-10,4.6304e-11
3.8309e-11,7.0791e-11,1.5414e-11
1.1772e-11,1.1783e-10,5.1542e-11
1.5346e-11,1.2534e-10,4.6868e-11
5.4408e-12,1.247e-10,3.5463e-11
1.4626e-11,1.2897e-10,4.1163e-11
5.1635e-11,3.2432e-11,3.866e-11
4.5354e-11,3.2707e-11,2.7365e-11
3.7324e-11,2.028e-11,4.8403e-11
3.8674e-11,3.7844e-11,1.9514e-11
2.7971e-11,5.0133e-11,3.4151e-11
2.8904e-11,5.0738e-11,1.6961e-11
3.4334e-11,4.5114e-11,1.9654e-11
4.2607e-11,2.3989e-11,1.2708e-11
5.6868e-11,2.941e-11,1.1244e-11
4.0107e-11,8.5012e-11,6.754e-11
2.4672e-11,9.1498e-11,5.8198e-11
2.05e-11,9.1962e-11,5.3043e-11
2.2328e-11,9.5145e-11,5.4959e-11
3.8915e-11,5.9957e-11,1.1017e-11
9.8355e-12,9.9618e-11,4.5149e-11
3.651e-11,7.57e-11,1.9725e-11
7.9617e-12,1.085e-10,5.3817e-11
6.1277e-12,1.1064e-10,3.6732e-11
4.7232e-12,1.1694e-10,3.8999e-11
1.0848e-11,1.0912e-10,3.5127e-11
5.1963e-11,3.2345e-11,3.1202e-11
6.1135e-11,2.9958e-11,3.2274e-11
4.1945e-11,1.8724e-11,5.4766e-11
5.7854e-11,2.2623e-11,2.38e-11
3.231e-11,3.7746e-11,2.8942e-11
7.2428e-11,4.2854e-11,2.652e-11
3.9459e-11,3.5054e-11,1.7774e-11
5.1795e-11,5.6631e-11,6.9288e-11
6.7853e-11,3.4083e-11,1.8118e-11
4.9712e-11,2.3156e-11,1.4262e-11
2.4884e-11,5.1575e-11,2.8599e-11
3.0309e-11,4.6962e-11,1.4369e-11
3.1207e-11,6.5583e-11,2.1144e-11
3.894e-11,3.0611e-11,6.0467e-12
3.7497e-11,4.8001e-11,9.4271e-12
2.0193e-11,1.0578e-10,4.5306e-11
3.8283e-11,5.666e-11,9.4739e-12
9.1169e-12,9.2523e-11,4.2196e-11
6.8546e-12,1.0374e-10,3.8594e-11
3.8797e-11,6.623e-11,1.3605e-11
9.8228e-12,1.2339e-10,4.0081e-11
6.4496e-11,2.9288e-11,3.7538e-11
5.209e-11,3.2785e-11,3.2265e-11
8.0303e-11,2.9036e-11,4.2307e-11
7.5577e-11,2.9531e-11,3.8201e-11
4.3609e-11,2.0278e-11,5.228e-11
4.1295e-11,3.8029e-11,2.4513e-11
4.7016e-11,2.6764e-11,2.4125e-11
2.8468e-11,3.8772e-11,3.2002e-11
4.239e-11,2.5989e-11,1.5478e-11
6.545e-11,3.3583e-11,1.7833e-11
4.3753e-11,6.472e-11,6.4105e-11
2.5467e-11,4.6629e-11,2.4119e-11
2.4483e-11,5.0635e-11,2.9859e-11
4.1014e-11,7.0866e-11,5.952e-11
2.8529e-11,5.6552e-11,1.4534e-11
2.1698e-11,8.9882e-11,4.7009e-11
2.0718e-11,8.634e-11,5.0754e-11
3.482e-11,4.0251e-11,9.4798e-12
3.6048e-11,5.2255e-11,8.4042e-12
3.8138e-11,7.9049e-11,1.4094e-11
1.1749e-11,9.3677e-11,4.388e-11
1.3094e-11,9.6475e-11,4.5206e-11
5.8463e-12,9.7733e-11,3.035e-11
7.9588e-11,2.7708e-11,4.8889e-11
4.9981e-11,2.7166e-11,4.0371e-11
5.171e-11,2.2605e-11,5.8671e-11
4.526e-11,1.9248e-11,5.6105e-11
3.4256e-11,3.7478e-11,2.4989e-11
3.1325e-11,2.6424e-11,3.1219e-11
3.2054e-11,3.8232e-11,2.6413e-11
7.1084e-11,3.9807e-11,2.9342e-11
5.6809e-11,2.1727e-11,2.3765e-11
2.7898e-11,3.6075e-11,3.4964e-11
2.9364e-11,4.3489e-11,2.1105e-11
3.2428e-11,4.1272e-11,1.8492e-11
2.5432e-11,4.4523e-11,2.5062e-11
2.3885e-11,4.6931e-11,3.2103e-11
2.3041e-11,4.7384e-11,3.2213e-11
2.6887e-11,5.4013e-11,1.7291e-11
5.546e-11,2.7311e-11,1.6375e-11
2.6147e-11,5.5184e-11,1.6444e-11
2.4371e-11,5.7699e-11,3.0525e-11
2.8871e-11,6.7212e-11,2.5788e-11
2.3935e-11,7.846e-11,5.0017e-11
2.3842e-11,8.54e-11,5.0206e-11
2.2466e-11,7.0867e-11,4.6981e-11
7.0193e-11,3.0616e-11,4.4469e-11
5.5572e-11,2.8798e-11,3.6305e-11
6.367e-11,2.8171e-11,3.9048e-11
5.0113e-11,2.9958e-11,3.451e-11
6.9378e-11,2.8952e-11,4.4143e-11
5.1019e-11,2.2389e-11,5.217e-11
4.4204e-11,3.1911e-11,2.6632e-11
4.2675e-11,2.7385e-11,3.4584e-11
4.3207e-11,3.5018e-11,3.0682e-11
4.0891e-11,3.4691e-11,2.6514e-11
4.0226e-11,3.6358e-11,2.3642e-11
4.4401e-11,1.9665e-11,5.7302e-11
4.9013e-11,2.5788e-11,2.6133e-11
3.8304e-11,1.9736e-11,4.9431e-11
5.3828e-11,4.0951e-11,6.0374e-11
5.475e-11,4.19e-11,6.1705e-11
3.1797e-11,1.9894e-11,4.4433e-11
3.125e-11,2.6458e-11,4.6516e-11
4.9511e-11,2.515e-11,2.1335e-11
4.6508e-11,3.6868e-11,5.6511e-11
2.8754e-11,2.1202e-11,4.0639e-11
3.1019e-11,1.4295e-11,5.1345e-11
4.4933e-11,4.8717e-11,6.0323e-11
2.7519e-11,2.8208e-11,4.0566e-11
4.5639e-11,5.0882e-11,6.0924e-11
3.2516e-11,1.88e-11,5.4805e-11
4.719e-11,6.1917e-11,6.7273e-11
4.6116e-11,5.8469e-11,6.575e-11
3.7722e-11,3.0698e-11,5.7583e-11
6.7406e-11,3.4063e-11,1.8067e-11
2.5051e-11,4.893e-11,2.7734e-11
3.8051e-11,5.6301e-11,5.9976e-11
4.1767e-11,6.8862e-11,6.4571e-11
3.116e-11,6.7271e-11,5.8189e-11
2.5855e-11,5.4129e-11,2.2625e-11
2.5519e-11,7.9406e-11,5.6646e-11
2.7833e-11,5.8118e-11,1.8917e-11
3.0837e-11,4.4785e-11,1.4451e-11
2.9824e-11,6.7244e-11,2.1906e-11
3.0583e-11,6.9576e-11,2.1324e-11
1.3567e-11,8.2155e-11,4.6575e-11
1.44e-11,8.8456e-11,4.7677e-11
5.8715e-12,9.8756e-11,3.7392e-11
6.3464e-12,1.0213e-10,3.5568e-11
9.4599e-12,9.8681e-11,2.804e-11
1.0405e-11,1.0885e-10,4.2953e-11
6.9572e-12,1.1111e-10,3.6778e-11
7.9959e-11,2.5627e-11,5.0229e-11
6.3409e-11,2.8131e-11,4.058e-11
4.8067e-11,3.0873e-11,3.4375e-11
8.5222e-11,3.1301e-11,4.4867e-11
4.0896e-11,2.7552e-11,3.151e-11
4.9541e-11,2.7606e-11,2.9873e-11
4.4896e-11,1.9604e-11,5.6905e-11
3.2457e-11,2.8221e-11,2.7733e-11
3.1264e-11,1.4858e-11,4.9486e-11
2.3944e-11,2.9221e-11,3.6282e-11
3.1793e-11,3.6567e-11,2.1017e-11
5.3676e-11,2.593e-11,2.2976e-11
4.9636e-11,2.1526e-11,1.8234e-11
5.015e-11,2.0919e-11,1.683e-11
3.2338e-11,4.3158e-11,1.7996e-11
5.2261e-11,2.3819e-11,1.6634e-11
5.025e-11,2.321e-11,1.3854e-11
3.0154e-11,3.8339e-11,9.9016e-12
3.0862e-11,6.9539e-11,5.3039e-11
2.8358e-11,6.5242e-11,4.9893e-11
3.5524e-11,2.895e-11,6.6428e-12
2.1865e-11,7.2769e-11,4.3777e-11
3.0983e-11,5.0902e-11,1.424e-11
3.3521e-11,4.6337e-11,1.1492e-11
9.7361e-12,7.2969e-11,5.1204e-11
1.2612e-11,8.114e-11,4.3599e-11
8.8365e-12,9.0626e-11,3.3163e-11
7.8121e-12,1.0208e-10,3.5477e-11
7.2572e-12,1.2178e-10,3.2865e-11
7.3019e-11,2.7238e-11,4.6135e-11
4.3729e-11,3.0989e-11,3.0308e-11
7.6301e-11,2.592e-11,4.2301e-11
8.2988e-11,3.0586e-11,4.5322e-11
4.9579e-11,3.4522e-11,5.652e-11
3.6779e-11,1.9406e-11,5.2101e-11
4.7887e-11,2.4907e-11,2.3105e-11
4.0301e-11,2.8825e-11,2.3037e-11
3.1996e-11,1.9435e-11,4.9742e-11
6.9437e-11,4.2354e-11,2.9892e-11
3.4004e-11,3.4639e-11,2.462e-11
2.2538e-11,2.4749e-11,3.7784e-11
3.9064e-11,3.0074e-11,5.6185e-11
2.5601e-11,4.6691e-11,2.5608e-11
2.5404e-11,5.1887e-11,1.7956e-11
3.4664e-11,3.0093e-11,1.1594e-11
3.3677e-11,3.4436e-11,1.4294e-11
2.7337e-11,4.4749e-11,1.7427e-11
3.1485e-11,6.0324e-11,6.5528e-11
4.4593e-11,1.9321e-11,1.1933e-11
2.9764e-11,4.0742e-11,1.1717e-11
2.5149e-11,5.6598e-11,2.3116e-11
3.2235e-11,3.9018e-11,8.9609e-12
3.2395e-11,2.8578e-11,6.7513e-12
1.9118e-11,8.1623e-11,4.1876e-11
3.1897e-11,4.7211e-11,1.1296e-11
1.6698e-11,7.3055e-11,4.7426e-11
3.6605e-11,6.8689e-11,1.3658e-11
7.1011e-12,1.007e-10,3.4209e-11
8.097e-11,2.39e-11,5.2448e-11
5.7158e-11,2.7855e-11,4.2741e-11
6.0074e-11,2.9288e-11,3.8801e-11
6.9871e-11,2.4028e-11,3.9595e-11
5.1863e-11,2.412e-11,3.1054e-11
3.0843e-11,3.2114e-11,2.2947e-11
2.8118e-11,3.0801e-11,2.5452e-11
2.819e-11,2.5984e-11,2.9017e-11
2.7601e-11,1.5562e-11,4.2892e-11
5.7236e-11,2.3568e-11,2.1363e-11
4.3407e-11,5.3223e-11,6.6579e-11
3.4717e-11,2.1039e-11,5.2625e-11
2.9212e-11,1.5932e-11,4.5948e-11
4.207e-11,6.1286e-11,5.806e-11
2.0502e-11,4.7767e-11,3.1306e-11
2.6472e-11,4.6397e-11,1.3969e-11
3.6594e-11,6.4229e-11,5.8068e-11
1.8932e-11,3.7653e-11,3.7429e-11
3.0997e-11,4.6713e-11,5.7129e-11
3.1579e-11,4.9165e-11,5.6262e-11
2.2911e-11,4.5064e-11,5.2491e-11
2.4894e-11,5.7171e-11,2.2251e-11
2.1086e-11,7.5218e-11,4.5309e-11
7.098e-12,9.2848e-11,3.2692e-11
1.167e-11,8.7876e-11,2.7516e-11
6.1131e-12,9.397e-11,3.1604e-11
7.5141e-12,7.9357e-11,4.4017e-11
9.1983e-12,9.2007e-11,3.0287e-11
7.6854e-12,1.0049e-10,3.3667e-11
7.0021e-11,2.5402e-11,4.5421e-11
7.863e-11,2.307e-11,4.9369e-11
4.9525e-11,2.7938e-11,3.3862e-11
4.8772e-11,3.0069e-11,3.5036e-11
4.6055e-11,2.432e-11,3.21e-11
4.0396e-11,2.2132e-11,4.6162e-11
3.8219e-11,3.3804e-11,2.625e-11
5.0915e-11,4.0488e-11,5.8749e-11
4.517e-11,2.5654e-11,2.2912e-11
4.1754e-11,3.8979e-11,5.3168e-11
3.0204e-11,3.6738e-11,2.022e-11
3.0567e-11,3.4805e-11,2.3071e-11
4.4333e-11,5.2595e-11,6.2477e-11
4.5251e-11,5.5681e-11,6.5015e-11
4.0232e-11,4.3744e-11,5.1676e-11
2.9213e-11,3.5319e-11,2.0136e-11
6.5356e-11,3.2482e-11,2.0555e-11
2.2372e-11,1.9203e-11,3.7174e-11
1.9862e-11,2.1735e-11,4.3914e-11
1.882e-11,3.6661e-11,3.8667e-11
5.1715e-11,2.1256e-11,1.523e-11
4.0028e-11,3.7294e-11,5.0003e-11
3.4495e-11,3.2869e-11,1.5478e-11
3.2952e-11,2.6299e-11,4.8451e-11
1.7604e-11,5.2101e-11,4.0604e-11
3.4449e-11,5.688e-11,6.6488e-11
2.4999e-11,4.6296e-11,1.8735e-11
2.0493e-11,5.845e-11,3.047e-11
3.0579e-11,3.5897e-11,1.1092e-11
2.8162e-11,6.0742e-11,1.9451e-11
2.6501e-11,5.1372e-11,1.1818e-11
2.1064e-11,6.9824e-11,4.7533e-11
1.8665e-11,6.8588e-11,4.2041e-11
1.4097e-11,6.1756e-11,4.4427e-11
1.6272e-11,8.0238e-11,3.7746e-11
3.1822e-11,7.2596e-11,1.9044e-11
3.3596e-11,6.47e-11,1.1575e-11
5.954e-12,8.9406e-11,3.0936e-11
7.1753e-12,7.9015e-11,3.8976e-11
8.6146e-12,9.9211e-11,2.9795e-11
7.7515e-12,9.6419e-11,2.7135e-11
5.125e-12,9.8184e-11,2.5534e-11
6.1866e-11,2.6252e-11,4.2999e-11
5.3137e-11,2.6729e-11,3.558e-11
5.4327e-11,2.4523e-11,5.1859e-11
5.0271e-11,2.3281e-11,3.882e-11
7.8234e-11,2.5864e-11,3.9906e-11
4.0745e-11,2.9614e-11,2.9415e-11
7.6065e-11,3.6097e-11,4.3579e-11
3.2827e-11,3.0018e-11,3.0442e-11
4.3629e-11,3.4131e-11,5.315e-11
3.3634e-11,2.7791e-11,3.0118e-11
4.8953e-11,1.9364e-11,2.2293e-11
3.8045e-11,2.5773e-11,4.7641e-11
2.7159e-11,2.5136e-11,2.9101e-11
3.5189e-11,2.1048e-11,5.087e-11
2.9757e-11,1.5042e-11,4.502e-11
3.2664e-11,1.9427e-11,4.8289e-11
3.8391e-11,4.6204e-11,5.4134e-11
3.0627e-11,1.6671e-11,4.5996e-11
1.9396e-11,3.2553e-11,4.0756e-11
1.8818e-11,3.3563e-11,4.0165e-11
3.136e-11,5.6216e-11,6.0615e-11
2.9168e-11,3.5178e-11,1.0447e-11
2.1658e-11,5.8077e-11,2.853e-11
4.0531e-11,2.0536e-11,8.2898e-12
2.2841e-11,4.7172e-11,4.718e-11
2.2353e-11,6.8375e-11,4.3971e-11
2.1068e-11,3.872e-11,5.1915e-11
3.4534e-11,2.6576e-11,9.2698e-12
1.9176e-11,7.5119e-11,4.566e-11
1.3326e-11,7.5826e-11,3.4912e-11
3.1636e-11,6.5855e-11,1.2836e-11
1.1173e-11,5.915e-11,4.6804e-11
5.453e-12,7.5126e-11,3.5489e-11
3.6239e-11,4.8362e-11,9.075e-12
3.7926e-11,6.4899e-11,1.2788e-11
3.9939e-11,6.3677e-11,9.9099e-12
9.1047e-12,8.1426e-11,3.159e-11
6.7935e-12,7.0231e-11,3.9466e-11
3.7567e-12,8.8843e-11,2.8428e-11
8.7926e-12,9.6583e-11,2.7146e-11
5.5195e-11,2.784e-11,4.0065e-11
5.1757e-11,2.5971e-11,4.5623e-11
5.756e-11,2.3424e-11,3.287e-11
5.2838e-11,2.1895e-11,3.5435e-11
7.7022e-11,2.393e-11,4.0654e-11
4.618e-11,2.4336e-11,4.9349e-11
8.2382e-11,3.3068e-11,4.1964e-11
3.4889e-11,3.0102e-11,2.4855e-11
4.1066e-11,2.3609e-11,4.867e-11
3.3281e-11,3.6075e-11,2.2912e-11
4.396e-11,2.3891e-11,2.5712e-11
4.1537e-11,2.1162e-11,5.312e-11
3.0859e-11,3.0112e-11,2.5913e-11
5.1981e-11,1.9388e-11,2.2377e-11
3.8945e-11,2.597e-11,4.6379e-11
5.0014e-11,2.0466e-11,2.0643e-11
2.9021e-11,1.3951e-11,4.3128e-11
2.1547e-11,3.6637e-11,2.2799e-11
2.3088e-11,1.4758e-11,4.6445e-11
2.2596e-11,4.6787e-11,2.6953e-11
3.4817e-11,5.8587e-11,6.1543e-11
2.8333e-11,3.6361e-11,1.2981e-11
1.6911e-11,2.3225e-11,3.6169e-11
2.4614e-11,4.0693e-11,1.2681e-11
5.595e-11,3.1086e-11,1.3762e-11
3.0392e-11,4.8774e-11,4.8003e-11
2.9827e-11,4.7019e-11,5.0236e-11
2.5473e-11,3.2674e-11,4.8771e-11
2.8993e-11,6.0096e-11,5.7341e-11
2.6256e-11,3.5909e-11,4.2393e-11
2.1817e-11,7.5364e-11,4.6049e-11
1.7737e-11,7.6348e-11,3.6972e-11
1.3512e-11,5.4049e-11,4.6175e-11
1.5355e-11,6.7076e-11,3.7987e-11
9.285e-12,7.8776e-11,3.3047e-11
3.0268e-11,8.0563e-11,2.3934e-11
7.809e-12,7.0483e-11,3.9125e-11
8.0366e-12,6.732e-11,4.3538e-11
7.7264e-12,7.6494e-11,3.8235e-11
5.0456e-12,9.3678e-11,2.5181e-11
7.8125e-11,1.7944e-11,5.5375e-11
5.5829e-11,2.5789e-11,4.1964e-11
6.0398e-11,2.0657e-11,4.2244e-11
3.762e-11,1.9159e-11,3.6147e-11
7.6821e-11,3.504e-11,4.0012e-11
4.1003e-11,2.0887e-11,5.0714e-11
4.5456e-11,3.3638e-11,5.4683e-11
3.7362e-11,2.5984e-11,2.4929e-11
6.6049e-11,2.6117e-11,3.0687e-11
3.4952e-11,1.6756e-11,3.9615e-11
4.3839e-11,3.9415e-11,5.2528e-11
7.551e-11,3.6296e-11,3.5675e-11
3.0388e-11,1.7798e-11,3.6798e-11
4.5912e-11,2.1309e-11,2.2054e-11
6.0284e-11,2.2503e-11,2.6666e-11
4.0152e-11,5.2599e-11,6.1268e-11
3.0349e-11,3.4333e-11,1.6045e-11
4.9973e-11,1.9277e-11,2.0308e-11
2.5217e-11,4.0304e-11,1.9168e-11
3e-11,3.3815e-11,1.3541e-11
2.5847e-11,3.9192e-11,1.362e-11
2.5891e-11,2.6397e-11,5.1409e-11
5.5125e-11,2.9673e-11,1.5202e-11
1.7378e-11,3.1837e-11,3.5184e-11
4.7392e-11,2.3439e-11,1.3772e-11
2.7521e-11,4.6132e-11,1.7427e-11
2.0996e-11,6.7371e-11,4.6657e-11
2.472e-11,5.978e-11,1.6754e-11
1.5667e-11,6.4374e-11,3.8693e-11
4.2098e-11,2.3903e-11,8.6458e-12
4.5658e-11,3.1621e-11,8.5824e-12
8.8866e-12,6.8972e-11,3.1792e-11
5.1217e-12,8.2257e-11,2.6891e-11
5.7451e-12,8.5832e-11,2.8634e-11
3.7563e-12,8.4064e-11,2.5529e-11
9.1935e-12,8.481e-11,2.4261e-11
7.7839e-12,8.6119e-11,2.1913e-11
5.984e-11,2.8228e-11,4.915e-11
5.65e-11,2.5882e-11,4.0371e-11
5.628e-11,2.2945e-11,4.1382e-11
7.4691e-11,2.0463e-11,4.689e-11
7.2951e-11,2.0512e-11,4.3095e-11
4.9465e-11,2.4644e-11,3.1355e-11
4.3121e-11,1.9124e-11,3.6622e-11
3.7775e-11,3.0045e-11,2.8688e-11
7.0031e-11,2.4119e-11,3.6494e-11
7.6995e-11,3.2451e-11,4.0017e-11
6.7684e-11,2.4254e-11,3.2406e-11
3.7332e-11,2.639e-11,2.8869e-11
3.4474e-11,1.821e-11,2.9694e-11
4.5793e-11,2.2717e-11,2.3727e-11
3.9111e-11,2.9107e-11,5.1323e-11
2.508e-11,1.568e-11,3.3606e-11
1.9289e-11,3.3847e-11,2.2805e-11
3.2849e-11,3.9165e-11,4.8335e-11
3.5487e-11,4.3947e-11,5.0416e-11
3.4356e-11,2.6695e-11,1.4449e-11
1.7536e-11,4.6847e-11,3.0301e-11
3.3878e-11,5.6465e-11,5.6718e-11
2.3157e-11,1.3649e-11,4.3835e-11
2.8466e-11,4.965e-11,5.7083e-11
1.7522e-11,2.7175e-11,3.8153e-11
2.318e-11,4.2027e-11,1.3329e-11
5.2321e-11,2.8121e-11,1.3165e-11
3.1161e-11,5.7863e-11,5.7831e-11
2.6518e-11,3.8847e-11,1.3325e-11
5.1357e-11,2.1498e-11,1.263e-11
5.3887e-11,2.6374e-11,1.1132e-11
1.8444e-11,5.457e-11,2.9951e-11
2.2139e-11,5.9958e-11,4.4396e-11
2.1111e-11,5.6201e-11,4.7343e-11
1.9305e-11,4.5128e-11,4.4678e-11
2.0487e-11,3.6802e-11,3.7257e-11
2.9801e-11,5.8713e-11,1.053e-11
1.2502e-11,6.6586e-11,3.2618e-11
2.981e-11,5.6912e-11,1.2631e-11
2.9511e-11,7.071e-11,1.8449e-11
9.7682e-12,5.2371e-11,4.5997e-11
4.6248e-11,2.6561e-11,6.2823e-12
4.9657e-12,8.1447e-11,2.3888e-11
6.9881e-12,7.1255e-11,3.3365e-11
4.3878e-11,3.3746e-11,7.6275e-12
7.1337e-11,1.5611e-11,5.278e-11
5.4228e-11,2.5756e-11,5.1214e-11
4.3755e-11,1.8662e-11,3.8221e-11
4.8726e-11,2.6958e-11,5.4963e-11
8.1166e-11,3.4854e-11,4.289e-11
3.6984e-11,1.7805e-11,4.2267e-11
5.6947e-11,1.8037e-11,2.5772e-11
7.4689e-11,3.8156e-11,3.3692e-11
6.9971e-11,3.6573e-11,3.1736e-11
2.4049e-11,3.6954e-11,2.8405e-11
2.8379e-11,3.1422e-11,1.8443e-11
3.5182e-11,5.1473e-11,6.3421e-11
3.5983e-11,2.5017e-11,1.5209e-11
5.4451e-11,3.0186e-11,1.7526e-11
2.6357e-11,5.1e-11,4.7835e-11
2.5741e-11,3.2704e-11,4.3806e-11
2.5457e-11,5.1002e-11,5.3749e-11
2.7106e-11,5.2903e-11,4.6686e-11
2.6074e-11,4.2684e-11,4.1531e-11
1.8898e-11,4.8755e-11,2.9914e-11
2.0702e-11,6.3994e-11,2.9393e-11
2.1659e-11,5.3114e-11,3.6406e-11
3.6969e-11,1.7171e-11,7.0967e-12
1.1258e-11,4.7086e-11,3.8512e-11
2.882e-11,7.3498e-11,2.0494e-11
7.1912e-12,4.6756e-11,3.9783e-11
1.4759e-11,6.3467e-11,2.8286e-11
3.4248e-11,4.7048e-11,7.953e-12
4.5515e-11,3.4125e-11,1.0287e-11
3.5259e-11,6.4093e-11,1.5501e-11
4.4585e-11,3.1193e-11,7.9433e-12
4.2525e-11,2.2239e-11,5.4398e-12
4.2274e-11,3.1794e-11,5.5756e-12
4.4697e-11,2.602e-11,5.6057e-12
4.6111e-12,8.6824e-11,2.2279e-11
6.406e-11,1.631e-11,5.0036e-11
6.884e-11,1.6422e-11,4.7625e-11
5.8412e-11,2.4411e-11,4.6632e-11
5.6067e-11,2.0303e-11,4.3382e-11
7.2615e-11,1.9431e-11,4.5108e-11
6.3859e-11,1.9616e-11,3.8647e-11
6.7146e-11,2.1594e-11,3.6299e-11
5.498e-11,2.8201e-11,6.0296e-11
3.9116e-11,2.2057e-11,2.6983e-11
5.0798e-11,2.6098e-11,5.6221e-11
3.9727e-11,2.3473e-11,2.5534e-11
3.9523e-11,2.4302e-11,2.6946e-11
3.5667e-11,2.6066e-11,2.5499e-11
5.2726e-11,1.8305e-11,2.4033e-11
6.8173e-11,3.2321e-11,3.4648e-11
3.9775e-11,2.8147e-11,4.8757e-11
4.9394e-11,1.8285e-11,2.0953e-11
5.2502e-11,2.2026e-11,2.1688e-11
5.422e-11,2.4654e-11,2.5379e-11
2.6551e-11,1.3547e-11,4.6883e-11
3.438e-11,2.71e-11,1.7517e-11
1.995e-11,1.4707e-11,4.0679e-11
4.0946e-11,1.5769e-11,1.3583e-11
5.2927e-11,2.9221e-11,1.5584e-11
1.8422e-11,1.4703e-11,3.8087e-11
1.5842e-11,4.6102e-11,3.3141e-11
2.4671e-11,4.8271e-11,4.271e-11
3.1525e-11,2.5791e-11,7.5116e-12
1.7026e-11,2.4713e-11,5.0683e-11
1.8238e-11,5.4945e-11,2.671e-11
2.121e-11,5.4358e-11,4.7982e-11
4.2236e-11,2.0081e-11,7.5219e-12
1.67e-11,5.001e-11,4.2829e-11
2.8593e-11,4.66e-11,1.1146e-11
1.0338e-11,6.1236e-11,3.3832e-11
1.2686e-11,5.0469e-11,4.8872e-11
3.0534e-11,4.4349e-11,8.4766e-12
8.1644e-12,6.8588e-11,3.0037e-11
4.095e-11,1.9051e-11,5.4986e-12
3.8414e-11,2.2476e-11,8.0083e-12
4.5896e-11,3.485e-11,6.6877e-12
3.2844e-11,6.0076e-11,1.4216e-11
4.39e-11,3.1575e-11,7.7689e-12
4.0826e-11,3.814e-11,7.0118e-12
2.9198e-12,6.5156e-11,2.5862e-11
7.5646e-12,7.737e-11,2.5075e-11
4.2912e-11,2.0593e-11,4.7028e-12
7.0065e-12,6.3293e-11,3.5411e-11
7.3186e-11,1.3935e-11,5.5054e-11
5.739e-11,1.9365e-11,3.5819e-11
4.5606e-11,2.024e-11,2.99e-11
4.3678e-11,2.2707e-11,4.8644e-11
7.4436e-11,3.4057e-11,4.0133e-11
4.1719e-11,3.2645e-11,5.0936e-11
5.8139e-11,2.4579e-11,2.6532e-11
7.4066e-11,3.3433e-11,3.6633e-11
2.6839e-11,2.8646e-11,2.352e-11
5.2018e-11,1.8276e-11,2.7298e-11
2.7511e-11,1.6793e-11,3.9092e-11
3.9292e-11,4.0306e-11,5.3379e-11
3.8203e-11,3.8649e-11,5.075e-11
2.936e-11,2.242e-11,4.3625e-11
2.8035e-11,3.5938e-11,1.9027e-11
2.0533e-11,1.6605e-11,3.8558e-11
2.6652e-11,2.5439e-11,4.8305e-11
5.535e-11,3.2442e-11,1.8318e-11
1.5314e-11,2.6489e-11,2.9637e-11
2.2688e-11,3.6799e-11,2.5214e-11
2.0244e-11,1.2267e-11,3.4686e-11
1.5495e-11,2.8022e-11,3.7864e-11
1.706e-11,4.1889e-11,2.5675e-11
1.8831e-11,1.4618e-11,4.361e-11
3.2824e-11,2.2046e-11,1.1492e-11
2.1628e-11,5.8679e-11,3.7692e-11
1.9589e-11,5.4627e-11,4.1551e-11
1.7171e-11,5.7466e-11,3.5092e-11
4.546e-11,1.9696e-11,7.0495e-12
4.6049e-11,2.3544e-11,8.6016e-12
2.8232e-11,5.0726e-11,1.1407e-11
2.6827e-11,7.3877e-11,2.3319e-11
9.8254e-12,4.6895e-11,5.0747e-11
4.0696e-11,1.8632e-11,5.7651e-12
3.1128e-11,5.7458e-11,1.3952e-11
3.3483e-11,5.279e-11,8.8731e-12
1.0779e-11,5.6845e-11,2.7824e-11
3.9971e-11,2.2394e-11,7.4542e-12
9.1836e-12,7.1003e-11,2.6118e-11
4.0981e-11,3.5916e-11,7.0971e-12
5.3431e-12,4.7439e-11,4.3425e-11
3.9339e-11,1.6578e-11,3.72e-12
4.0191e-11,3.5647e-11,6.2489e-12
4.0429e-11,1.7474e-11,4.6752e-12
4.3264e-11,2.4391e-11,7.2719e-12
6.1295e-12,8.3733e-11,2.55e-11
5.3923e-11,2.5487e-11,4.6309e-11
4.9981e-11,2.1173e-11,4.1832e-11
5.1558e-11,1.955e-11,3.8098e-11
5.6665e-11,1.3203e-11,3.4742e-11
5.2734e-11,2.937e-11,5.8965e-11
6.2384e-11,2.2047e-11,2.9106e-11
2.5085e-11,2.0428e-11,2.7897e-11
3.618e-11,3.8273e-11,4.9251e-11
3.228e-11,3.7767e-11,4.5982e-11
1.9774e-11,1.8136e-11,2.6664e-11
3.5469e-11,2.5565e-11,1.8444e-11
2.9297e-11,2.7355e-11,4.4293e-11
2.6676e-11,3.837e-11,4.5587e-11
2.9167e-11,4.211e-11,4.6238e-11
2.4412e-11,2.4646e-11,4.361e-11
1.6503e-11,4.4512e-11,1.9966e-11
2.3589e-11,3.6362e-11,1.491e-11
3.6135e-11,1.7703e-11,9.4795e-12
2.0945e-11,4.7846e-11,1.6749e-11
3.0162e-11,2.7986e-11,1.1655e-11
1.7802e-11,5.0362e-11,3.1565e-11
1.7466e-11,4.352e-11,3.9655e-11
1.3333e-11,4.0428e-11,3.6491e-11
1.0023e-11,5.174e-11,3.1117e-11
3.9929e-11,1.8756e-11,5.4544e-12
2.8154e-11,7.2002e-11,1.8761e-11
4.2114e-11,3.3338e-11,7.9019e-12
8.3278e-12,6.0009e-11,2.3754e-11
9.1148e-12,6.534e-11,1.971e-11
4.191e-11,3.2512e-11,5.9043e-12
4.7265e-11,1.9332e-11,3.9878e-11
4.5152e-11,2.1024e-11,3.7595e-11
6.9301e-11,1.9441e-11,4.3903e-11
7.7777e-11,2.171e-11,4.3221e-11
5.625e-11,1.9682e-11,3.4812e-11
3.9162e-11,2.3486e-11,3.032e-11
4.3529e-11,2.0941e-11,4.8812e-11
3.6599e-11,2.1326e-11,2.5881e-11
5.0303e-11,1.5647e-11,2.8785e-11
2.2213e-11,3.0049e-11,1.6565e-11
2.318e-11,1.2064e-11,3.1058e-11
3.9158e-11,4.4676e-11,6.1479e-11
3.7298e-11,4.1508e-11,5.6563e-11
2.9976e-11,2.3429e-11,1.3675e-11
1.6644e-11,2.9018e-11,2.9309e-11
2.8256e-11,3.1988e-11,4.063e-11
1.5834e-11,2.2826e-11,4.2071e-11
2.597e-11,4.3733e-11,4.732e-11
1.5835e-11,2.315e-11,2.7097e-11
3.4793e-11,1.9962e-11,1.0793e-11
1.6325e-11,1.2249e-11,4.2269e-11
1.8443e-11,1.4908e-11,4.3945e-11
2.9882e-11,2.4469e-11,9.8731e-12
2.3334e-11,4.8557e-11,4.9844e-11
4.6785e-11,1.9676e-11,9.8829e-12
1.8891e-11,4.1534e-11,4.4673e-11
1.6617e-11,9.4685e-12,3.9278e-11
1.8983e-11,4.6168e-11,2.0981e-11
1.7989e-11,4.0833e-11,4.2223e-11
1.7711e-11,3.3119e-11,4.3299e-11
1.7142e-11,4.317e-11,4.0696e-11
1.704e-11,2.2454e-11,4.1001e-11
4.4475e-11,1.9745e-11,8.4565e-12
1.6974e-11,4.2962e-11,4.2963e-11
4.2141e-11,1.6629e-11,7.5271e-12
1.4289e-11,4.5198e-11,3.7332e-11
3.8934e-11,1.8725e-11,7.0814e-12
1.0826e-11,4.1676e-11,3.3303e-11
1.4479e-11,5.5852e-11,2.9896e-11
3.6599e-11,1.7235e-11,4.526e-12
4.2913e-11,2.7424e-11,8.3311e-12
8.8167e-12,6.0827e-11,2.8706e-11
1.2391e-11,4.5363e-11,2.7643e-11
6.232e-12,5.3486e-11,2.7102e-11
3.5559e-11,1.5395e-11,6.2454e-12
3.9843e-11,2.2489e-11,6.2457e-12
3.8825e-11,2.267e-11,6.8901e-12
3.7244e-11,3.9978e-11,6.0994e-12
3.8778e-11,3.9498e-11,6.8367e-12
3.2522e-12,4.5302e-11,3.7045e-11
7.0371e-12,6.9169e-11,2.4674e-11
4.1263e-11,2.4459e-11,6.8563e-12
6.0147e-11,1.3121e-11,4.662e-11
7.3036e-11,1.5457e-11,4.7128e-11
5.0483e-11,1.508e-11,2.9589e-11
2.6642e-11,1.6959e-11,2.0222e-11
4.1342e-11,3.7365e-11,5.4693e-11
2.2292e-11,3.4926e-11,2.146e-11
4.8849e-11,2.2473e-11,1.9957e-11
2.7726e-11,4.1682e-11,4.3138e-11
2.7506e-11,4.1885e-11,4.1823e-11
2.1059e-11,3.5717e-11,2.2145e-11
1.3709e-11,2.4974e-11,3.8656e-11
3.0415e-11,2.9942e-11,1.63e-11
2.3908e-11,3.8831e-11,4.7604e-11
1.4092e-11,1.3993e-11,3.8617e-11
2.9436e-11,5.0809e-11,5.4884e-11
1.6677e-11,1.7939e-11,4.0086e-11
4.7953e-11,2.4786e-11,9.0881e-12
7.2489e-12,5.6211e-11,2.9438e-11
6.8347e-12,6.6422e-11,2.8072e-11
8.9859e-12,5.2798e-11,3.18e-11
4.0338e-11,3.2841e-11,7.3772e-12
3.7308e-11,1.5854e-11,5.5898e-12
3.8024e-11,1.9582e-11,5.83e-12
3.8685e-11,3.6502e-11,6.7873e-12
3.8339e-11,4.0098e-11,7.4202e-12
7.6728e-12,6.0261e-11,2.0376e-11
3.9511e-11,1.5938e-11,4.4345e-12
6.9559e-12,6.365e-11,1.9665e-11
3.9119e-11,3.7118e-11,7.1004e-12
4.4541e-12,6.8865e-11,1.957e-11
3.7371e-12,7.6096e-11,2.0368e-11
4.9853e-11,1.7965e-11,4.1613e-11
7.3096e-11,2.0618e-11,4.1435e-11
4.131e-11,1.8672e-11,3.3274e-11
3.7096e-11,2.3877e-11,2.8217e-11
3.4005e-11,1.5339e-11,3.602e-11
3.8537e-11,3.0032e-11,4.7052e-11
4.0373e-11,3.6088e-11,5.3201e-11
4.9741e-11,1.5277e-11,2.1375e-11
2.3948e-11,2.0063e-11,2.4946e-11
3.9793e-11,4.2275e-11,6.0924e-11
2.1236e-11,1.2713e-11,2.7043e-11
3.2646e-11,3.5658e-11,4.9906e-11
2.1426e-11,3.279e-11,2.6565e-11
3.1305e-11,3.4534e-11,4.7567e-11
2.4931e-11,1.591e-11,3.9218e-11
2.1611e-11,1.071e-11,3.7412e-11
1.5471e-11,2.668e-11,2.9352e-11
3.4355e-11,4.2233e-11,5.4229e-11
2.7375e-11,3.61e-11,4.2904e-11
1.7455e-11,1.9826e-11,4.4525e-11
1.8244e-11,3.9211e-11,2.8269e-11
5.9289e-11,3.1011e-11,1.404e-11
2.9441e-11,4.6178e-11,5.2464e-11
3.5097e-11,1.6592e-11,1.0548e-11
2.1832e-11,3.2091e-11,4.1692e-11
2.1382e-11,3.5584e-11,2.3264e-11
5.6513e-11,2.6524e-11,1.0861e-11
1.5743e-11,2.6601e-11,3.5648e-11
1.7619e-11,4.4544e-11,3.4282e-11
1.5131e-11,4.7934e-11,3.1832e-11
7.9453e-12,4.3083e-11,2.9093e-11
3.5138e-11,1.7677e-11,5.045e-12
1.1709e-11,3.9555e-11,3.619e-11
3.5716e-11,1.6617e-11,5.017e-12
2.5837e-11,7.1377e-11,1.8934e-11
1.276e-11,4.6206e-11,2.6665e-11
7.4819e-12,5.0342e-11,4.7729e-11
5.9933e-12,6.0746e-11,2.413e-11
4.5531e-12,6.4777e-11,2.3597e-11
8.5538e-12,5.5887e-11,2.8252e-11
3.8444e-11,3.6723e-11,6.4057e-12
5.047e-12,6.6175e-11,2.1745e-11
3.9972e-11,2.3976e-11,6.6819e-12
4.0623e-11,2.5351e-11,7.6082e-12
6.0816e-11,1.033e-11,5.1476e-11
6.4652e-11,1.1651e-11,5.0183e-11
5.384e-11,1.3661e-11,4.3072e-11
6.2368e-11,1.372e-11,4.2676e-11
4.2125e-11,2.7738e-11,5.185e-11
2.1562e-11,3.5035e-11,2.5478e-11
5.6483e-11,2.8568e-11,1.5088e-11
1.9957e-11,3.0921e-11,2.2152e-11
3.6033e-11,1.6321e-11,1.331e-11
1.6802e-11,1.3363e-11,3.7998e-11
4.588e-11,1.9273e-11,1.319e-11
5.7114e-11,2.7637e-11,1.2627e-11
1.9503e-11,4.3298e-11,4.0163e-11
2.0128e-11,3.7314e-11,2.1864e-11
1.8814e-11,3.8734e-11,3.5519e-11
1.8778e-11,1.2502e-11,3.2558e-11
1.4413e-11,4.4045e-11,3.389e-11
1.6908e-11,4.2242e-11,4.3121e-11
3.7245e-11,1.8872e-11,1.1907e-11
9.2176e-12,4.7394e-11,2.9274e-11
1.1848e-11,5.1445e-11,4.9799e-11
8.3278e-12,5.242e-11,5.0211e-11
3.555e-11,1.6558e-11,5.2492e-12
3.8843e-11,2.1304e-11,6.0792e-12
3.8618e-11,2.5676e-11,7.5341e-12
3.371e-12,6.2995e-11,1.9743e-11
3.7438e-11,1.8374e-11,6.3839e-12
4.8021e-12,5.8902e-11,2.0299e-11
4.496e-12,6.1463e-11,1.7174e-11
6.1939e-11,1.0496e-11,4.9987e-11
5.4824e-11,1.2152e-11,4.1095e-11
7.2306e-11,1.7025e-11,4.6921e-11
5.1478e-11,1.594e-11,4.0451e-11
4.9192e-11,1.6174e-11,4.2121e-11
3.3955e-11,1.6222e-11,2.7666e-11
3.6138e-11,2.6089e-11,4.5809e-11
2.7615e-11,1.3641e-11,2.4928e-11
4.496e-11,1.4706e-11,1.9211e-11
3.4462e-11,3.4381e-11,4.6533e-11
5.5365e-11,2.4354e-11,2.3196e-11
2.5603e-11,2.0573e-11,2.7195e-11
2.179e-11,2.1336e-11,2.2661e-11
1.7265e-11,1.8384e-11,2.2011e-11
2.6301e-11,2.3838e-11,1.3294e-11
1.6013e-11,2.7623e-11,2.8474e-11
4.182e-11,1.6071e-11,1.399e-11
4.0347e-11,1.6891e-11,1.3255e-11
2.2785e-11,2.9123e-11,3.7881e-11
5.8325e-11,2.9592e-11,1.7428e-11
4.1721e-11,1.6054e-11,1.1957e-11
2.0098e-11,3.718e-11,2.2168e-11
6.3885e-11,3.1141e-11,1.2665e-11
1.4063e-11,2.3877e-11,3.6472e-11
2.0702e-11,3.8737e-11,1.7086e-11
1.637e-11,4.3817e-11,2.0124e-11
3.0897e-11,2.4612e-11,1.3632e-11
2.8405e-11,2.6982e-11,9.7743e-12
1.9273e-11,3.8253e-11,3.6373e-11
2.4765e-11,5.0844e-11,5.0549e-11
1.7307e-11,3.3333e-11,3.7283e-11
1.5822e-11,2.6876e-11,3.2129e-11
1.4408e-11,3.2936e-11,4.3394e-11
1.3946e-11,1.0724e-11,3.5755e-11
1.4106e-11,3.2409e-11,3.6588e-11
1.4638e-11,4.6421e-11,2.868e-11
3.9421e-11,1.5706e-11,6.7981e-12
1.4122e-11,4.6889e-11,2.9515e-11
1.385e-11,1.3827e-11,3.5139e-11
1.9714e-11,5.0316e-11,2.0139e-11
9.899e-12,3.4126e-11,3.5017e-11
7.651e-12,3.5172e-11,2.6736e-11
4.6772e-11,3.4142e-11,9.5023e-12
3.2781e-11,1.5049e-11,6.723e-12
5.7786e-12,3.5872e-11,3.6784e-11
3.6406e-11,2.0826e-11,7.0191e-12
3.5945e-11,2.1955e-11,9.1539e-12
4.113e-12,5.2378e-11,4.57e-11
3.7092e-11,1.8966e-11,6.0079e-12
5.4612e-11,1.4841e-11,4.4075e-11
4.1576e-11,1.0988e-11,3.3221e-11
4.3734e-11,1.5335e-11,3.9577e-11
3.5737e-11,1.6984e-11,2.7156e-11
6.1622e-11,2.5375e-11,3.1445e-11
3.2995e-11,1.6671e-11,2.6436e-11
3.8519e-11,1.5632e-11,2.3544e-11
4.4197e-11,1.2779e-11,2.2319e-11
4.0175e-11,3.6276e-11,5.2877e-11
4.344e-11,1.4509e-11,1.8236e-11
2.3917e-11,2.1693e-11,2.2566e-11
2.6187e-11,1.86e-11,3.3249e-11
2.0591e-11,2.1408e-11,1.8849e-11
2.5477e-11,2.1315e-11,1.6743e-11
2.506e-11,3.1526e-11,3.7291e-11
2.6324e-11,3.3547e-11,3.8671e-11
2.2233e-11,1.5573e-11,3.6857e-11
6.4588e-11,2.8516e-11,1.6767e-11
5.4593e-11,2.7136e-11,1.6416e-11
1.9844e-11,1.3164e-11,3.3834e-11
3.2127e-11,2.1361e-11,1.401e-11
1.5107e-11,1.0494e-11,3.5132e-11
1.6567e-11,4.2237e-11,1.9667e-11
2.0479e-11,3.3586e-11,3.8393e-11
1.9012e-11,3.1775e-11,3.9164e-11
1.7016e-11,4.382e-11,1.6678e-11
3.9275e-11,1.759e-11,1.0516e-11
2.0254e-11,3.893e-11,1.7902e-11
1.3153e-11,1.4828e-11,3.7755e-11
5.6101e-11,2.9729e-11,1.0111e-11
4.0776e-11,1.7771e-11,9.5124e-12
1.486e-11,3.6874e-11,3.3217e-11
1.2765e-11,3.585e-11,3.1349e-11
1.1983e-11,3.7166e-11,3.0481e-11
2.329e-11,5.7227e-11,1.513e-11
1.2909e-11,4.215e-11,2.9462e-11
1.3322e-11,1.0576e-11,3.3117e-11
1.5248e-11,4.5597e-11,4.3848e-11
3.8979e-11,2.1495e-11,8.4924e-12
2.0575e-11,6.4726e-11,2.5887e-11
1.0374e-11,3.7877e-11,2.493e-11
5.1747e-12,3.6292e-11,3.7066e-11
3.9978e-11,3.6435e-11,6.7929e-12
6.408e-12,5.444e-11,1.9648e-11
5.0781e-12,5.5999e-11,2.0585e-11
8.8745e-12,5.7049e-11,1.9807e-11
3.515e-11,1.5717e-11,5.8104e-12
3.9286e-12,4.0934e-11,3.8215e-11
4.2107e-12,5.47e-11,2.1433e-11
7.7151e-12,3.4179e-11,3.1125e-11
4.3207e-12,6.3243e-11,1.9045e-11
4.3255e-12,4.4449e-11,2.4922e-11
9.9517e-12,6.2079e-11,1.8701e-11
4.956e-11,1.2819e-11,3.149e-11
3.1816e-11,2.2215e-11,2.4429e-11
3.4134e-11,1.6616e-11,3.2471e-11
5.6912e-11,2.2712e-11,2.902e-11
3.743e-11,1.635e-11,2.1761e-11
2.5674e-11,1.9155e-11,2.7294e-11
2.4858e-11,1.8969e-11,2.7318e-11
2.7457e-11,2.5014e-11,3.798e-11
2.0689e-11,1.774e-11,2.5094e-11
4.2279e-11,1.3345e-11,1.7303e-11
1.7016e-11,2.1892e-11,2.8475e-11
4.3554e-11,1.3538e-11,1.9007e-11
3.453e-11,3.8789e-11,5.3219e-11
2.0356e-11,3.3478e-11,2.419e-11
2.8392e-11,2.4115e-11,1.6948e-11
3.0077e-11,2.8904e-11,1.5834e-11
1.4463e-11,1.9395e-11,3.6609e-11
1.7869e-11,2.2629e-11,3.6988e-11
1.2709e-11,1.4815e-11,3.1292e-11
1.5137e-11,4.2365e-11,1.9725e-11
1.8383e-11,3.6731e-11,2.3044e-11
5.1925e-11,2.7328e-11,1.1289e-11
1.6761e-11,3.969e-11,1.8465e-11
1.852e-11,3.2516e-11,3.4999e-11
1.5404e-11,4.007e-11,1.9095e-11
1.7643e-11,3.2452e-11,3.4055e-11
2.4907e-11,3.0758e-11,1.1883e-11
5.4461e-11,2.742e-11,9.1326e-12
1.522e-11,2.069e-11,3.6137e-11
1.6704e-11,3.7431e-11,3.331e-11
1.3317e-11,2.077e-11,3.7864e-11
3.8487e-11,1.661e-11,6.2393e-12
4.0797e-11,1.9615e-11,7.1711e-12
1.0458e-11,4.5824e-11,2.9223e-11
1.2805e-11,3.5473e-11,3.5874e-11
1.7336e-11,6.2248e-11,5.0047e-11
3.599e-11,1.7304e-11,5.9124e-12
3.9285e-11,4.1071e-11,9.2624e-12
5.1125e-12,4.9536e-11,2.1969e-11
6.937e-12,4.6585e-11,2.2857e-11
6.5542e-12,5.0741e-11,1.9978e-11
3.3721e-11,4.3177e-11,7.5588e-12
3.579e-11,2.2256e-11,7.3434e-12
3.4038e-11,1.5206e-11,4.5412e-12
3.6324e-11,1.9675e-11,5.8503e-12
3.3348e-11,4.436e-11,6.5769e-12
5.2729e-12,5.6226e-11,1.8141e-11
4.7352e-12,3.517e-11,2.7675e-11
3.1832e-11,4.143e-11,6.6346e-12
3.2004e-11,4.1691e-11,6.5716e-12
5.4759e-11,9.8512e-12,4.6773e-11
6.6743e-11,1.5977e-11,4.4028e-11
4.9622e-11,2.4338e-11,5.5565e-11
3.8553e-11,1.2457e-11,2.669e-11
3.9222e-11,1.4506e-11,2.8192e-11
4.5444e-11,1.337e-11,2.6716e-11
5.6325e-11,1.9073e-11,2.6716e-11
3.9144e-11,1.3678e-11,2.0805e-11
2.1827e-11,2.128e-11,1.9476e-11
6.1281e-11,2.9284e-11,2.341e-11
6.1978e-11,2.7999e-11,1.9964e-11
3.6382e-11,1.7244e-11,1.2598e-11
2.0036e-11,1.3053e-11,3.2114e-11
1.7335e-11,2.9969e-11,1.9517e-11
1.7525e-11,3.8393e-11,1.952e-11
3.3395e-11,1.5998e-11,1.1407e-11
3.0338e-11,2.2358e-11,1.3336e-11
2.6728e-11,4.4898e-11,4.7858e-11
2.9558e-11,2.585e-11,1.3236e-11
1.5374e-11,3.8234e-11,3.8881e-11
1.2453e-11,4.0432e-11,3.2046e-11
1.0223e-11,3.2919e-11,2.8076e-11
1.0353e-11,3.9646e-11,2.5193e-11
4.542e-11,3.1523e-11,8.8455e-12
3.9429e-11,3.9604e-11,9.5995e-12
1.0459e-11,3.5206e-11,2.2087e-11
4.0138e-11,3.446e-11,7.4554e-12
3.8318e-11,3.986e-11,8.5796e-12
3.255e-11,1.5574e-11,5.703e-12
4.4754e-12,5.477e-11,1.6776e-11
3.1549e-11,4.0416e-11,6.6007e-12
4.6776e-11,1.4331e-11,4.1724e-11
5.9479e-11,1.328e-11,4.0695e-11
4.7874e-11,2.8034e-11,5.7125e-11
3.3877e-11,1.7971e-11,2.725e-11
3.6356e-11,2.3262e-11,4.3597e-11
2.9203e-11,1.2962e-11,3.3962e-11
2.8352e-11,1.3831e-11,3.1519e-11
3.2194e-11,2.1737e-11,2.2006e-11
4.4124e-11,3.9523e-11,5.4912e-11
4.3897e-11,1.398e-11,1.9437e-11
5.2569e-11,2.3864e-11,2.6199e-11
3.5423e-11,1.302e-11,1.5225e-11
6.04e-11,2.9922e-11,2.4037e-11
3.4718e-11,3.5372e-11,5.0534e-11
5.1369e-11,2.4349e-11,2.0128e-11
5.0225e-11,2.5688e-11,1.5908e-11
3.3094e-11,3.9241e-11,5.1402e-11
6.2512e-11,2.7132e-11,1.7895e-11
1.8545e-11,1.5693e-11,3.1378e-11
4.9447e-11,2.4525e-11,1.4853e-11
2.7737e-11,2.7166e-11,1.3704e-11
2.7647e-11,1.9481e-11,1.1153e-11
5.0063e-11,2.4825e-11,1.4231e-11
1.5712e-11,4.2927e-11,1.7162e-11
2.6099e-11,5.0106e-11,4.9217e-11
5.0186e-11,2.6031e-11,9.3298e-12
1.328e-11,1.3637e-11,3.222e-11
5.6081e-11,3.1957e-11,1.038e-11
4.6268e-11,2.9505e-11,1.1e-11
1.0951e-11,3.1258e-11,2.8205e-11
1.9822e-11,4.607e-11,2.1776e-11
1.4949e-11,3.4479e-11,2.7864e-11
3.1077e-11,1.5944e-11,8.0682e-12
4.1428e-11,3.5462e-11,1.1166e-11
1.0917e-11,1.7133e-11,3.5239e-11
8.5462e-12,3.5187e-11,3.5086e-11
5.4225e-12,2.8287e-11,2.7141e-11
6.9981e-12,4.4422e-11,2.363e-11
7.1909e-12,3.9503e-11,2.646e-11
1.0641e-11,5.3091e-11,2.1002e-11
3.5412e-11,3.2936e-11,7.299e-12
4.3952e-12,3.4593e-11,2.3359e-11
5.4469e-11,1.2344e-11,4.8711e-11
4.9488e-11,1.293e-11,4.3969e-11
5.129e-11,2.2378e-11,5.3139e-11
5.7664e-11,1.5909e-11,3.7215e-11
4.6862e-11,2.3614e-11,5.4014e-11
4.4945e-11,2.9561e-11,5.9362e-11
4.2753e-11,1.2006e-11,2.2407e-11
2.9598e-11,2.075e-11,3.6392e-11
6.1955e-11,2.9794e-11,3.2694e-11
2.9531e-11,2.2345e-11,3.7984e-11
3.9768e-11,1.2605e-11,1.8345e-11
7.4686e-11,2.9755e-11,2.0017e-11
1.9774e-11,2.2175e-11,3.2441e-11
1.867e-11,3.1983e-11,1.6901e-11
2.7202e-11,3.5655e-11,4.6938e-11
2.2351e-11,3.0334e-11,3.7227e-11
6.1009e-11,3.0313e-11,1.3671e-11
1.4822e-11,1.4191e-11,4.3277e-11
3.1422e-11,1.5877e-11,1.24e-11
1.7958e-11,2.6489e-11,3.4598e-11
2.0205e-11,3.0522e-11,2.6639e-11
5.4628e-11,3.1377e-11,1.0838e-11
3.6337e-11,1.7064e-11,8.4455e-12
1.235e-11,3.6694e-11,3.0569e-11
4.6262e-11,3.2263e-11,1.1853e-11
1.5221e-11,3.9067e-11,2.7321e-11
1.4e-11,2.6026e-11,2.9432e-11
4.392e-11,2.7436e-11,7.2238e-12
3.7986e-11,2.3328e-11,6.5895e-12
1.183e-11,7.1966e-11,4.9636e-11
3.9182e-11,3.2927e-11,6.9427e-12
3.3242e-11,2.6299e-11,8.6657e-12
3.5284e-11,3.0939e-11,7.1942e-12
3.3102e-11,3.7502e-11,9.8751e-12
7.9065e-12,4.7541e-11,1.7124e-11
3.1659e-11,4.8048e-11,8.9027e-12
2.9288e-11,4.4407e-11,7.6135e-12
3.5965e-12,4.1673e-11,1.8979e-11
5.3153e-12,4.6079e-11,3.7865e-11
5.1688e-11,9.2581e-12,5.032e-11
4.7596e-11,1.0112e-11,4.5597e-11
5.2814e-11,2.1077e-11,5.6259e-11
4.3845e-11,1.1717e-11,3.7681e-11
4.8055e-11,1.7674e-11,4.6126e-11
6.0952e-11,1.3288e-11,4.1622e-11
3.3484e-11,1.3511e-11,2.8463e-11
3.3241e-11,1.8781e-11,2.7815e-11
5.3397e-11,1.2081e-11,3.1048e-11
5.5854e-11,1.3997e-11,3.0944e-11
6.0635e-11,2.3783e-11,3.3842e-11
4.3562e-11,2.9094e-11,5.2906e-11
3.0792e-11,1.0781e-11,2.5182e-11
2.5625e-11,1.3166e-11,3.2995e-11
4.9868e-11,2.0618e-11,2.6944e-11
4.3924e-11,1.3718e-11,1.8499e-11
2.5572e-11,1.9384e-11,1.7861e-11
3.7565e-11,3.2293e-11,4.7281e-11
3.9405e-11,3.7785e-11,5.3343e-11
2.0789e-11,9.3023e-12,2.8243e-11
7.2851e-11,3.3175e-11,1.658e-11
3.9603e-11,4.4074e-11,5.7034e-11
1.7586e-11,8.9031e-12,3.0257e-11
3.2207e-11,1.4197e-11,1.2904e-11
6.0137e-11,2.8297e-11,1.9954e-11
2.2521e-11,2.5441e-11,3.2216e-11
5.9243e-11,2.7106e-11,1.6855e-11
1.4302e-11,2.2948e-11,2.3444e-11
1.2244e-11,2.9736e-11,3.1408e-11
1.9731e-11,3.2122e-11,2.2282e-11
2.1604e-11,3.1073e-11,2.9695e-11
2.8797e-11,1.8548e-11,1.2255e-11
2.8417e-11,2.196e-11,1.2573e-11
2.6385e-11,2.6231e-11,9.6003e-12
2.2707e-11,3.5654e-11,1.0945e-11
1.728e-11,2.9195e-11,3.0379e-11
1.1758e-11,1.052e-11,3.2471e-11
1.3935e-11,2.822e-11,2.5873e-11
2.2499e-11,3.4105e-11,9.5338e-12
3.5448e-11,1.7216e-11,7.747e-12
2.6134e-11,2.7929e-11,1.4607e-11
4.8276e-11,3.1348e-11,9.4052e-12
1.2029e-11,3.3501e-11,3.3289e-11
8.3403e-12,3.0691e-11,2.3668e-11
1.8496e-11,6.1296e-11,4.9687e-11
3.7685e-11,1.7616e-11,6.8894e-12
1.8082e-11,6.0107e-11,4.632e-11
1.6714e-11,4.5762e-11,2.6399e-11
1.0489e-11,3.0908e-11,2.8965e-11
3.3645e-11,1.7695e-11,6.3766e-12
1.3023e-11,6.0744e-11,4.7729e-11
9.6499e-12,3.6601e-11,2.5007e-11
3.3403e-11,3.7294e-11,9.713e-12
3.4609e-11,4.2847e-11,8.6066e-12
6.1805e-12,2.8795e-11,2.9067e-11
1.1785e-11,3.7801e-11,1.6148e-11
8.7631e-12,4.5792e-11,1.4769e-11
2.9348e-11,4.2396e-11,7.1292e-12
8.5826e-12,4.7708e-11,1.6895e-11
5.1965e-11,9.3359e-12,4.7496e-11
4.1485e-11,1.7709e-11,4.6722e-11
3.7199e-11,1.3629e-11,3.5972e-11
2.8178e-11,1.8292e-11,2.3657e-11
5.0167e-11,1.0916e-11,2.9705e-11
4.4132e-11,1.0537e-11,2.7009e-11
5.8028e-11,2.5671e-11,3.1307e-11
3.0552e-11,1.5522e-11,3.7153e-11
2.9585e-11,1.4674e-11,1.8401e-11
2.9184e-11,2.0206e-11,3.6351e-11
3.0207e-11,2.1074e-11,3.7533e-11
2.2505e-11,1.0165e-11,3.1614e-11
2.8231e-11,2.5582e-11,3.6418e-11
1.7932e-11,1.7574e-11,2.2716e-11
6.8913e-11,2.9838e-11,2.4517e-11
5.6942e-11,2.7833e-11,2.4595e-11
6.8073e-11,3.0124e-11,2.2652e-11
1.8416e-11,1.0318e-11,2.8286e-11
5.3072e-11,2.3899e-11,2.4174e-11
2.5017e-11,2.7627e-11,3.8811e-11
1.7771e-11,1.44e-11,3.1295e-11
6.5843e-11,3.2308e-11,1.8608e-11
3.5447e-11,4.5301e-11,5.2181e-11
2.3029e-11,2.8109e-11,3.828e-11
2.0706e-11,2.6464e-11,3.4392e-11
1.8101e-11,3.0884e-11,2.5151e-11
2.2099e-11,2.8635e-11,1.544e-11
5.1642e-11,2.8242e-11,1.2593e-11
2.2625e-11,3.2879e-11,1.746e-11
1.3918e-11,1.1388e-11,2.9071e-11
1.199e-11,1.4297e-11,2.9311e-11
3.9649e-11,2.227e-11,8.6877e-12
9.0809e-12,3.1103e-11,2.4195e-11
1.375e-11,2.7873e-11,3.0757e-11
4.3996e-11,3.0255e-11,9.0925e-12
1.3926e-11,3.8408e-11,3.1286e-11
3.04e-11,1.6961e-11,7.2703e-12
4.4923e-11,3.9644e-11,9.6696e-12
1.3074e-11,3.1919e-11,3.1327e-11
7.3786e-12,2.2995e-11,2.3921e-11
3.6108e-11,2.7074e-11,8.9137e-12
3.202e-11,1.6956e-11,5.0534e-12
3.087e-11,1.7883e-11,5.0384e-12
8.1965e-12,4.3032e-11,1.674e-11
3.3314e-11,3.5422e-11,8.5856e-12
6.4457e-12,3.4684e-11,2.1432e-11
8.0142e-12,4.0812e-11,2.0833e-11
3.3613e-11,2.2866e-11,6.816e-12
3.3677e-11,1.5298e-11,6.6992e-12
7.0254e-12,4.577e-11,1.809e-11
2.8158e-12,3.9891e-11,1.7175e-11
6.4109e-12,4.7725e-11,1.6374e-11
5.2548e-11,1.2186e-11,3.2537e-11
5.5475e-11,1.6703e-11,3.4174e-11
2.7824e-11,1.541e-11,2.3718e-11
3.0675e-11,1.093e-11,3.2248e-11
6.0609e-11,2.2572e-11,3.5478e-11
3.1165e-11,2.3607e-11,3.8172e-11
1.9797e-11,8.8877e-12,3.105e-11
1.8641e-11,1.1108e-11,2.6682e-11
3.0552e-11,1.4948e-11,1.4468e-11
3.7246e-11,4.029e-11,5.3405e-11
2.5816e-11,2.6226e-11,3.6344e-11
4.0716e-11,4.5528e-11,5.7868e-11
2.3343e-11,2.2279e-11,2.6581e-11
1.7183e-11,3.2781e-11,1.6552e-11
2.5684e-11,2.364e-11,1.6233e-11
2.2296e-11,2.5092e-11,3.5259e-11
1.6795e-11,2.4272e-11,3.0645e-11
1.4862e-11,3.5961e-11,2.1898e-11
3.5934e-11,1.5171e-11,8.9453e-12
4.0484e-11,2.0874e-11,9.6041e-12
2.3903e-11,5.7594e-11,4.8476e-11
1.4367e-11,3.115e-11,3.0469e-11
1.6845e-11,3.4225e-11,3.3752e-11
1.117e-11,3.2964e-11,2.834e-11
1.1731e-11,1.866e-11,3.0024e-11
3.6453e-11,1.5748e-11,6.4917e-12
3.6785e-11,1.5322e-11,8.6208e-12
1.836e-11,4.7739e-11,2.0356e-11
1.4988e-11,4.8378e-11,3.3812e-11
1.1708e-11,3.2987e-11,2.4665e-11
2.8055e-11,2.01e-11,6.7668e-12
7.8625e-12,3.3877e-11,1.9651e-11
1.5709e-11,7.3687e-11,5.0889e-11
1.0478e-11,3.1554e-11,2.3288e-11
3.5649e-11,2.5111e-11,7.0236e-12
8.7209e-12,3.9212e-11,1.884e-11
1.3017e-11,3.3051e-11,1.6094e-11
5.5359e-12,2.3883e-11,2.4897e-11
3.222e-11,1.4718e-11,4.2016e-12
2.7152e-11,5.1862e-11,8.6516e-12
3.3156e-11,2.3454e-11,8.4123e-12
2.8829e-11,4.0205e-11,7.2812e-12
5.1991e-11,1.8046e-11,4.8942e-11
4.5738e-11,1.6377e-11,3.9823e-11
4.4547e-11,9.4547e-12,3.7293e-11
3.5155e-11,1.5229e-11,4.0656e-11
4.8335e-11,1.1305e-11,2.8296e-11
2.79e-11,1.3775e-11,1.9705e-11
2.2629e-11,1.9566e-11,1.8619e-11
3.8984e-11,9.0417e-12,2.0091e-11
6.4763e-11,3.1115e-11,2.3758e-11
6.3701e-11,2.8833e-11,2.36e-11
7.1794e-11,2.93e-11,2.2968e-11
1.7175e-11,7.6777e-12,2.8367e-11
7.0984e-11,3.4193e-11,2.1471e-11
1.9939e-11,1.9368e-11,3.0857e-11
3.8917e-11,4.1867e-11,5.2782e-11
3.7423e-11,4.4283e-11,5.168e-11
1.1802e-11,2.1142e-11,2.4635e-11
3.0849e-11,1.7581e-11,1.1449e-11
3.6269e-11,1.4004e-11,1.2163e-11
1.8982e-11,2.4775e-11,3.4953e-11
4.4393e-11,2.4269e-11,1.2395e-11
3.485e-11,1.4324e-11,1.0343e-11
5.722e-11,3.3022e-11,1.3114e-11
2.4514e-11,2.1422e-11,9.5337e-12
1.5403e-11,3.0478e-11,3.2036e-11
3.0766e-11,1.2473e-11,9.8111e-12
4.8653e-11,3.1439e-11,1.0564e-11
3.476e-11,1.5617e-11,7.4504e-12
3.7585e-11,2.1391e-11,9.5875e-12
4.5602e-11,3.1671e-11,8.9634e-12
1.0521e-11,1.0612e-11,2.9279e-11
9.1624e-12,2.7e-11,2.1008e-11
1.7668e-11,6.1283e-11,2.4239e-11
2.9238e-11,1.3773e-11,7.3316e-12
3.9658e-11,3.7296e-11,1.0173e-11
1.2237e-11,8.1186e-12,2.8825e-11
9.6313e-12,2.7473e-11,2.2345e-11
6.8429e-12,3.189e-11,1.927e-11
1.5406e-11,4.9041e-11,3.7798e-11
9.4379e-12,2.4229e-11,2.2475e-11
5.5526e-12,2.4356e-11,2.5202e-11
3.0971e-11,3.682e-11,8.8172e-12
3.1084e-11,1.4405e-11,4.9517e-12
3.1462e-11,2.9504e-11,8.6931e-12
1.0118e-11,3.669e-11,3.1911e-11
3.0723e-11,1.3535e-11,9.2913e-12
5.9391e-12,3.9526e-11,1.6953e-11
2.5587e-11,4.4609e-11,7.1386e-12
1.3267e-11,2.7404e-11,2.7659e-11
5.1048e-11,5.7002e-12,5.1582e-11
4.8556e-11,1.3116e-11,4.5086e-11
4.954e-11,1.998e-11,5.3834e-11
5.0271e-11,1.0153e-11,3.5878e-11
3.2634e-11,8.4172e-12,2.6325e-11
3.5512e-11,1.6454e-11,3.9543e-11
2.6952e-11,9.7579e-12,2.8913e-11
5.4801e-11,2.6523e-11,2.6563e-11
5.4269e-11,2.5538e-11,2.5937e-11
3.9431e-11,1.7104e-11,2.0946e-11
7.3134e-11,3.0681e-11,2.2727e-11
4.5979e-11,2.2598e-11,2.0133e-11
4.7373e-11,2.475e-11,1.7765e-11
5.3298e-11,2.4677e-11,1.8399e-11
3.0264e-11,1.0205e-11,1.3916e-11
1.4032e-11,2.8936e-11,1.8868e-11
2.1024e-11,2.2493e-11,2.0177e-11
2.3185e-11,2.6164e-11,3.8111e-11
4.306e-11,2.307e-11,1.4077e-11
2.0199e-11,2.3845e-11,3.2368e-11
1.3416e-11,2.1609e-11,2.063e-11
3.1763e-11,4.5693e-11,4.7175e-11
5.6886e-11,3.2818e-11,1.5573e-11
2.3213e-11,3.396e-11,3.7795e-11
4.3212e-11,2.2445e-11,1.0896e-11
1.0332e-11,8.3015e-12,3.1973e-11
4.6712e-11,2.1697e-11,1.1742e-11
1.4068e-11,2.5625e-11,3.3131e-11
2.744e-11,2.3118e-11,1.29e-11
1.672e-11,2.5991e-11,2.9338e-11
3.7776e-11,2.3375e-11,1.164e-11
3.9107e-11,2.4102e-11,1.1791e-11
2.4366e-11,5.1897e-11,4.4156e-11
1.0161e-11,2.3869e-11,1.8813e-11
9.8506e-12,1.6209e-11,3.1116e-11
8.577e-12,1.2942e-11,3.1747e-11
3.8316e-11,4.0686e-11,1.1187e-11
3.5001e-11,2.4737e-11,7.7523e-12
1.0906e-11,6.288e-11,4.1244e-11
7.3849e-12,2.5158e-11,2.0599e-11
3.1466e-11,1.5987e-11,4.6104e-12
9.093e-12,7.1216e-11,4.3413e-11
6.3158e-12,4.3734e-11,1.6272e-11
2.4206e-11,5.2199e-11,9.3698e-12
3.2675e-11,1.9525e-11,6.8698e-12
2.654e-11,4.1458e-11,7.2788e-12
6.1328e-12,4.3405e-11,1.718e-11
2.9776e-11,3.1228e-11,8.4712e-12
3.3168e-11,1.9745e-11,6.5552e-12
2.6217e-11,4.2826e-11,8.4086e-12
3.3855e-11,2.5602e-11,7.1071e-12
8.1705e-12,5.2478e-11,3.7273e-11
7.4289e-12,4.2979e-11,1.7987e-11
1.2103e-11,4.1353e-11,1.5329e-11
6.5008e-12,4.5615e-11,1.6823e-11
4.9552e-11,1.6455e-11,4.6691e-11
3.3307e-11,8.394e-12,2.7487e-11
5.5092e-11,2.3689e-11,3.0735e-11
2.989e-11,1.6073e-11,2.3741e-11
5.9854e-11,2.6822e-11,2.9316e-11
6.1432e-11,2.9861e-11,2.5564e-11
2.8201e-11,2.2414e-11,3.351e-11
2.0547e-11,1.05e-11,3.6676e-11
6.1374e-11,3.1426e-11,1.9402e-11
2.3134e-11,2.1479e-11,2.3955e-11
1.0814e-11,1.0356e-11,3.272e-11
2.6931e-11,1.6126e-11,1.2766e-11
1.0167e-11,2.9762e-11,2.5551e-11
2.3309e-11,2.1569e-11,1.0263e-11
5.6303e-11,3.5388e-11,1.4992e-11
4.6172e-11,2.7064e-11,1.3307e-11
1.2601e-11,1.424e-11,3.0444e-11
4.6783e-11,2.2889e-11,1.2222e-11
3.9088e-11,1.4503e-11,9.7987e-12
2.7481e-11,2.2312e-11,1.2756e-11
2.0317e-11,3.4578e-11,1.4012e-11
4.4991e-11,3.2571e-11,1.2231e-11
2.2674e-11,3.2005e-11,1.0176e-11
2.9802e-11,1.3242e-11,8.3248e-12
1.0237e-11,1.0532e-11,3.4028e-11
3.0119e-11,1.7481e-11,6.9066e-12
9.4262e-12,3.1884e-11,2.3032e-11
1.2171e-11,3.2609e-11,2.746e-11
9.2161e-12,2.4268e-11,3.5449e-11
1.9006e-11,4.7082e-11,2.2612e-11
1.1987e-11,2.9634e-11,2.5563e-11
3.565e-11,1.8036e-11,6.4724e-12
5.8469e-12,3.7458e-11,1.9518e-11
3.2926e-11,2.0756e-11,6.7451e-12
3.517e-11,4.6073e-11,9.7749e-12
2.6743e-11,2.6854e-11,7.5459e-12
3.2754e-11,2.1399e-11,6.9269e-12
2.905e-11,4.0928e-11,9.4811e-12
3.2827e-11,2.4296e-11,7.1645e-12
3.1068e-11,2.7279e-11,8.1533e-12
3.5426e-11,2.8763e-11,6.9509e-12
2.6058e-11,4.5889e-11,9.9225e-12
2.9231e-11,4.0897e-11,8.3627e-12
2.1925e-11,5.4013e-11,9.8383e-12
1.1383e-11,3.5439e-11,3.1947e-11
3.3216e-11,2.551e-11,8.7029e-12
2.4266e-11,4.5054e-11,7.7648e-12
4.8423e-11,5.4319e-12,4.5349e-11
4.0454e-11,7.7892e-12,3.5399e-11
4.947e-11,9.1486e-12,3.8335e-11
3.6007e-11,7.635e-12,3.093e-11
3.4595e-11,8.974e-12,2.9878e-11
4.6038e-11,1.0729e-11,3.264e-11
4.087e-11,2.9019e-11,4.5465e-11
3.8345e-11,3.0955e-11,4.6284e-11
4.6247e-11,1.7821e-11,2.5794e-11
2.907e-11,2.5372e-11,3.8662e-11
4.8725e-11,2.3185e-11,2.637e-11
1.8999e-11,1.2276e-11,2.7211e-11
5.3819e-11,2.5164e-11,2.036e-11
5.0679e-11,2.1612e-11,2.1115e-11
1.5543e-11,1.0832e-11,2.4429e-11
4.0245e-11,3.9627e-11,5.3636e-11
1.3524e-11,2.9104e-11,1.9525e-11
1.3272e-11,1.7448e-11,3.0869e-11
3.2706e-11,1.3472e-11,1.2902e-11
1.1871e-11,2.0145e-11,1.8052e-11
1.4553e-11,2.0585e-11,2.6513e-11
1.1442e-11,1.1839e-11,3.1173e-11
3.4421e-11,1.273e-11,1.0672e-11
1.166e-11,2.1316e-11,2.9892e-11
3.755e-11,1.5944e-11,9.9893e-12
1.622e-11,2.3211e-11,2.8408e-11
2.6536e-11,2.0393e-11,1.1787e-11
4.4115e-11,3.5129e-11,1.257e-11
1.6766e-11,2.8625e-11,2.8743e-11
1.0338e-11,2.3694e-11,2.6609e-11
1.9153e-11,4.2603e-11,1.5097e-11
1.4058e-11,1.4106e-11,1.9853e-11
3.097e-11,2.2801e-11,8.4374e-12
1.0574e-11,3.3239e-11,2.761e-11
1.4153e-11,4.3335e-11,3.2409e-11
2.5328e-11,4.5302e-11,8.2663e-12
5.5593e-12,2.8014e-11,1.5661e-11
3.0892e-11,1.7699e-11,4.7171e-12
7.2417e-12,3.0957e-11,2.7119e-11
3.2598e-11,2.1604e-11,8.3193e-12
4.3916e-11,9.2638e-12,4.0805e-11
3.9587e-11,8.0767e-12,3.4273e-11
3.973e-11,1.2132e-11,3.4309e-11
4.0083e-11,1.7606e-11,4.4158e-11
3.673e-11,1.9847e-11,4.3857e-11
2.8727e-11,1.0992e-11,2.8753e-11
4.0758e-11,9.2843e-12,2.7133e-11
3.225e-11,1.5274e-11,3.7325e-11
4.2609e-11,1.3267e-11,2.3337e-11
4.1935e-11,2.9423e-11,4.507e-11
4.3476e-11,1.4723e-11,2.6998e-11
3.2416e-11,2.7036e-11,3.9653e-11
6.5232e-11,2.7506e-11,3.2146e-11
6.4136e-11,2.6368e-11,2.8639e-11
1.9088e-11,1.2634e-11,2.6025e-11
3.0727e-11,1.6596e-11,1.9008e-11
6.3627e-11,3.4937e-11,2.2714e-11
1.828e-11,1.5966e-11,2.509e-11
4.3113e-11,2.2706e-11,1.7992e-11
1.781e-11,1.8298e-11,2.5669e-11
1.0894e-11,1.379e-11,2.4123e-11
5.4324e-11,3.2299e-11,1.6662e-11
1.2447e-11,2.1621e-11,3.304e-11
1.2284e-11,2.3101e-11,3.3763e-11
5.1394e-11,2.9207e-11,1.363e-11
4.0968e-11,1.4166e-11,1.4246e-11
2.8663e-11,4.7831e-11,4.3665e-11
1.6583e-11,3.1922e-11,1.747e-11
1.3914e-11,2.3827e-11,2.6426e-11
2.1448e-11,4.2734e-11,1.5675e-11
4.8719e-11,3.6481e-11,1.2455e-11
1.505e-11,4.2365e-11,2.042e-11
4.2816e-11,3.7759e-11,9.7716e-12
2.2977e-11,3.3919e-11,1.319e-11
2.8559e-11,1.6358e-11,8.3099e-12
8.2436e-12,3.1752e-11,2.4725e-11
2.3058e-11,3.6819e-11,1.1311e-11
1.1276e-11,4.272e-11,3.1962e-11
6.0314e-12,4.0597e-11,2.0439e-11
4.4167e-12,3.8314e-11,1.375e-11
3.2157e-11,2.1001e-11,7.0545e-12
7.4945e-12,4.4048e-11,1.6065e-11
3.1767e-11,1.4246e-11,5.4732e-12
2.8193e-11,4.0686e-11,9.2853e-12
2.0743e-11,5.0358e-11,9.3444e-12
6.2486e-12,2.9772e-11,1.5726e-11
2.156e-11,4.4718e-11,8.3333e-12
4.77e-11,1.0894e-11,4.2149e-11
4.18e-11,1.0341e-11,3.4824e-11
3.6946e-11,1.9593e-11,4.3611e-11
4.6127e-11,2.6268e-11,5.4167e-11
2.6819e-11,1.3035e-11,2.2825e-11
3.1739e-11,1.4014e-11,3.5917e-11
2.4778e-11,1.1612e-11,2.0884e-11
4.602e-11,1.4244e-11,3.2276e-11
5.6698e-11,2.0135e-11,3.7682e-11
3.2972e-11,9.3017e-12,2.1537e-11
2.4384e-11,2.33e-11,2.303e-11
3.2975e-11,8.7167e-12,2.0005e-11
3.9911e-11,1.4615e-11,2.2877e-11
5.5754e-11,2.523e-11,2.8127e-11
2.3885e-11,1.7008e-11,2.9212e-11
2.0084e-11,1.0198e-11,3.259e-11
4.5223e-11,4.1501e-11,5.7239e-11
5.4988e-11,2.5223e-11,1.7693e-11
2.954e-11,1.1028e-11,1.3075e-11
1.2883e-11,1.9021e-11,3.293e-11
2.3986e-11,2.4029e-11,1.779e-11
1.1257e-11,2.2366e-11,2.8838e-11
2.4869e-11,2.0604e-11,1.4587e-11
2.8659e-11,6.4513e-11,5.1139e-11
1.7759e-11,4.841e-11,2.0927e-11
2.6218e-11,6.4023e-11,4.8773e-11
1.2035e-11,2.2903e-11,2.78e-11
1.3181e-11,4.1906e-11,2.5551e-11
2.2795e-11,5.5418e-11,4.2691e-11
2.304e-11,2.3513e-11,1.0283e-11
3.6886e-11,3.8335e-11,1.2069e-11
1.3258e-11,2.7045e-11,2.7712e-11
3.5952e-11,3.469e-11,9.0215e-12
5.2576e-12,3.0673e-11,1.8924e-11
1.5182e-11,2.9831e-11,1.9812e-11
6.7306e-12,2.388e-11,1.6849e-11
2.6296e-11,2.6395e-11,8.2583e-12
2.8903e-11,1.5745e-11,7.8371e-12
5.9962e-12,3.6098e-11,2.1047e-11
2.5509e-11,2.8709e-11,8.011e-12
2.946e-11,1.451e-11,6.6608e-12
3.0411e-11,1.4524e-11,5.5787e-12
9.9678e-12,5.8724e-11,3.676e-11
3.0784e-11,2.5665e-11,9.2866e-12
2.7014e-11,3.8862e-11,8.4983e-12
5.9743e-12,2.1077e-11,2.2898e-11
7.3474e-12,3.5507e-11,1.5044e-11
4.3488e-11,7.524e-12,3.7932e-11
3.8352e-11,1.4864e-11,3.5632e-11
4.1289e-11,8.4432e-12,3.0121e-11
4.3691e-11,3.1663e-11,4.9239e-11
4.1547e-11,1.3932e-11,2.6083e-11
3.2274e-11,2.3141e-11,3.8187e-11
3.3414e-11,1.1022e-11,1.9379e-11
3.5029e-11,2.4435e-11,3.8663e-11
6.4029e-11,2.7809e-11,3.1663e-11
6.039e-11,2.5775e-11,3.164e-11
4.3755e-11,3.7974e-11,5.1578e-11
2.7112e-11,2.0404e-11,3.2792e-11
2.3092e-11,2.0279e-11,1.9993e-11
2.4022e-11,1.3447e-11,3.3961e-11
3.9342e-11,3.2924e-11,4.9444e-11
3.5232e-11,1.3657e-11,1.6407e-11
1.1939e-11,1.499e-11,2.8614e-11
1.2306e-11,1.0682e-11,2.7218e-11
1.7494e-11,2.919e-11,1.6549e-11
1.9716e-11,3.2694e-11,2.1602e-11
4.8404e-11,2.987e-11,1.0878e-11
2.5731e-11,2.0111e-11,8.9405e-12
1.1601e-11,2.5448e-11,3.1045e-11
9.5972e-12,2.4065e-11,2.7829e-11
9.4232e-12,2.2247e-11,2.018e-11
9.5909e-12,2.3393e-11,1.9521e-11
1.1734e-11,2.5833e-11,2.6589e-11
3.1088e-11,1.7955e-11,6.5065e-12
1.7495e-11,4.6579e-11,2.6679e-11
1.6268e-11,5.2313e-11,3.5101e-11
3.4567e-11,3.8856e-11,9.5907e-12
2.5026e-11,5.4438e-11,1.1312e-11
8.9623e-12,1.8437e-11,1.5962e-11
5.7345e-12,2.0242e-11,1.8708e-11
2.555e-11,4.191e-11,9.1599e-12
2.9551e-11,2.868e-11,8.4714e-12
7.251e-12,3.0401e-11,1.5122e-11
3.0844e-11,1.3135e-11,5.7171e-12
4.4842e-12,2.5866e-11,1.6887e-11
8.226e-12,2.2497e-11,1.9217e-11
4.3205e-11,7.949e-12,4.0999e-11
4.5027e-11,7.323e-12,4.5951e-11
5.0835e-11,1.1699e-11,4.5457e-11
4.1137e-11,9.6563e-12,3.969e-11
3.7266e-11,1.4022e-11,3.3175e-11
4.1987e-11,2.5451e-11,5.1537e-11
3.9747e-11,9.6622e-12,2.6985e-11
2.5947e-11,1.0615e-11,2.3625e-11
4.9328e-11,2.3273e-11,2.8752e-11
2.3585e-11,1.5756e-11,2.6396e-11
4.8953e-11,2.1439e-11,2.4493e-11
4.2665e-11,3.8246e-11,5.3631e-11
5.395e-11,2.3715e-11,1.9892e-11
2.9009e-11,1.151e-11,1.5586e-11
2.5558e-11,1.6621e-11,1.5054e-11
4.7769e-11,2.5233e-11,1.6153e-11
1.2873e-11,2.8886e-11,1.4497e-11
2.7899e-11,2.6375e-11,3.915e-11
5.7756e-11,3.5512e-11,1.9147e-11
1.2661e-11,1.9893e-11,2.4787e-11
5.1634e-11,3.454e-11,1.9222e-11
4.9825e-11,3.4209e-11,1.6182e-11
2.4253e-11,1.7062e-11,9.2287e-12
1.0089e-11,1.7681e-11,2.6712e-11
2.1158e-11,3.2416e-11,1.0987e-11
1.5168e-11,2.6387e-11,2.6411e-11
3.5877e-11,3.1897e-11,1.1411e-11
3.5092e-11,3.508e-11,1.0482e-11
1.9341e-11,5.9577e-11,4.2966e-11
1.5057e-11,4.1728e-11,1.827e-11
2.0316e-11,6.7694e-11,4.6465e-11
6.4514e-12,2.4336e-11,2.4404e-11
6.8709e-12,2.3818e-11,2.1446e-11
2.8505e-11,5.1607e-11,1.1281e-11
2.8982e-11,3.3704e-11,9.0961e-12
7.1106e-12,3.4045e-11,1.8933e-11
6.8141e-12,3.0666e-11,1.5171e-11
2.9471e-11,2.8135e-11,1.0032e-11
9.6228e-12,3.0944e-11,2.1421e-11
1.421e-11,6.8284e-11,4.1017e-11
1.2849e-11,3.7316e-11,2.9881e-11
6.3606e-12,2.1309e-11,2.2325e-11
4.1117e-12,3.4511e-11,1.4761e-11
2.3568e-11,4.06e-11,8.4552e-12
6.8857e-12,1.9512e-11,2.2227e-11
5.0705e-12,2.4129e-11,1.661e-11
5.2555e-11,7.4865e-12,5.1375e-11
3.8207e-11,8.3877e-12,3.4666e-11
3.9507e-11,1.6863e-11,3.9931e-11
3.6714e-11,1.1961e-11,3.6093e-11
4.4216e-11,1.1745e-11,2.9785e-11
2.9105e-11,1.1196e-11,2.3768e-11
4.0959e-11,2.7826e-11,4.4643e-11
2.6665e-11,1.7694e-11,2.412e-11
4.8822e-11,1.7608e-11,2.8921e-11
3.076e-11,2.1959e-11,3.553e-11
6.0936e-11,2.6565e-11,2.9566e-11
2.9141e-11,2.2654e-11,3.6792e-11
5.9394e-11,2.7444e-11,3.3381e-11
3.8655e-11,2.003e-11,2.116e-11
4.574e-11,2.2102e-11,1.7742e-11
4.8067e-11,2.3719e-11,1.7661e-11
1.4718e-11,2.2854e-11,2.7079e-11
1.1375e-11,1.2818e-11,2.0004e-11
1.0655e-11,2.07e-11,2.9631e-11
1.1697e-11,1.1096e-11,2.5805e-11
3.4202e-11,5.5479e-11,4.9313e-11
3.1591e-11,1.7059e-11,1.0962e-11
2.4968e-11,2.0613e-11,1.1947e-11
4.1925e-11,2.3648e-11,9.2035e-12
2.4732e-11,2.2482e-11,1.0705e-11
3.9328e-11,3.8788e-11,1.2979e-11
1.7047e-11,4.8966e-11,2.4093e-11
2.361e-11,2.3373e-11,8.7493e-12
1.754e-11,4.9513e-11,2.225e-11
3.4471e-11,3.3071e-11,9.346e-12
1.3248e-11,3.3448e-11,2.7224e-11
7.7632e-12,2.9184e-11,2.0479e-11
1.2877e-11,4.4956e-11,3.211e-11
1.0064e-11,2.1902e-11,2.2321e-11
6.3049e-12,1.7688e-11,2.1203e-11
2.4909e-11,3.0006e-11,8.002e-12
8.6202e-12,2.5528e-11,2.0619e-11
9.3389e-12,3.7192e-11,1.6006e-11
1.0546e-11,3.6984e-11,1.476e-11
5.5515e-12,3.5818e-11,1.2319e-11
5.1411e-12,3.6581e-11,1.3858e-11
2.9501e-11,1.5269e-11,7.8133e-12
1.9496e-11,4.9539e-11,1.0117e-11
5.1417e-12,3.2117e-11,1.316e-11
4.3702e-11,5.0832e-12,4.3793e-11
4.4889e-11,5.5661e-12,4.4852e-11
4.5099e-11,1.4942e-11,4.4666e-11
4.3747e-11,2.2359e-11,5.22e-11
3.916e-11,1.4014e-11,3.9138e-11
3.386e-11,5.6e-12,2.9779e-11
3.0035e-11,4.8444e-12,2.9177e-11
3.3165e-11,6.5271e-12,2.9315e-11
2.7863e-11,7.3878e-12,2.5254e-11
2.8965e-11,5.8141e-12,2.6467e-11
3.9485e-11,9.5498e-12,2.8613e-11
4.3946e-11,3.1801e-11,4.891e-11
2.4263e-11,1.2192e-11,2.2698e-11
5.6476e-11,2.7086e-11,2.9198e-11
4.5549e-11,3.772e-11,5.0975e-11
4.6017e-11,3.7549e-11,5.262e-11
3.3668e-11,1.2452e-11,1.8487e-11
4.9146e-11,2.3339e-11,2.7166e-11
6.2641e-11,3.1492e-11,3.6931e-11
2.7845e-11,9.859e-12,1.4892e-11
6.7064e-11,3.7144e-11,3.2725e-11
4.9818e-11,2.3247e-11,2.4554e-11
6.0895e-11,3.645e-11,2.5419e-11
6.3272e-11,3.8978e-11,2.7739e-11
3.8131e-11,3.7697e-11,4.7903e-11
3.5236e-11,1.8052e-11,1.7878e-11
3.1075e-11,1.1576e-11,1.3088e-11
5.281e-11,3.2626e-11,1.9459e-11
2.0462e-11,2.3186e-11,3.1643e-11
3.4626e-11,1.4091e-11,1.4286e-11
4.5609e-11,2.8313e-11,1.4395e-11
3.6038e-11,5.0391e-11,4.6486e-11
1.6631e-11,1.8798e-11,2.8127e-11
3.9385e-11,2.5562e-11,1.2129e-11
1.6608e-11,1.8261e-11,2.6138e-11
1.2782e-11,3.2251e-11,2.4986e-11
3.2336e-11,1.9757e-11,1.1791e-11
3.9726e-11,3.4348e-11,1.3682e-11
2.967e-11,5.4161e-11,4.5981e-11
2.5342e-11,2.853e-11,1.762e-11
4.3261e-11,2.5208e-11,8.5153e-12
2.1244e-11,3.2128e-11,1.085e-11
1.2065e-11,2.356e-11,2.3392e-11
1.0228e-11,9.7867e-12,2.3847e-11
2.4305e-11,2.6672e-11,7.9756e-12
2.5528e-11,2.8779e-11,7.9851e-12
1.1108e-11,1.4077e-11,2.9735e-11
5.6039e-12,2.3945e-11,1.61e-11
1.4517e-11,5.0859e-11,3.1138e-11
1.6135e-11,4.1693e-11,2.2105e-11
7.6491e-12,1.8299e-11,1.9408e-11
8.4167e-12,1.762e-11,1.5818e-11
2.9814e-11,5.2217e-11,1.2084e-11
6.2751e-12,2.825e-11,1.5902e-11
1.4426e-11,4.2608e-11,1.9592e-11
1.4865e-11,4.996e-11,3.4067e-11
2.6361e-11,3.3955e-11,8.1702e-12
1.288e-11,3.6745e-11,2.8732e-11
5.6275e-12,2.9468e-11,1.3362e-11
2.9347e-11,1.7538e-11,6.3406e-12
9.8687e-12,1.8823e-11,2.0824e-11
2.7779e-11,2.994e-11,8.9375e-12
2.0762e-11,4.2472e-11,9.1221e-12
5.8044e-12,3.4941e-11,1.3949e-11
4.934e-11,4.6215e-12,4.9344e-11
4.7718e-11,4.1954e-12,4.6201e-11
4.6459e-11,3.2853e-12,4.6837e-11
4.9917e-11,1.1902e-11,4.4481e-11
4.223e-11,7.8466e-12,4.4428e-11
4.6767e-11,1.6142e-11,4.7081e-11
3.7023e-11,1.5316e-11,3.9481e-11
3.6902e-11,1.1288e-11,3.5027e-11
3.8979e-11,2.0932e-11,4.7132e-11
2.8197e-11,7.8093e-12,2.6076e-11
5.0207e-11,1.4731e-11,3.5155e-11
3.9697e-11,9.1653e-12,2.8432e-11
3.1104e-11,1.4991e-11,3.6024e-11
2.8858e-11,1.3554e-11,3.4076e-11
4.2603e-11,3.064e-11,4.7232e-11
2.1444e-11,1.9914e-11,1.8688e-11
2.93e-11,1.1255e-11,1.5702e-11
6.1812e-11,3.3753e-11,3.6665e-11
1.8541e-11,1.8297e-11,2.2558e-11
6.3649e-11,4.0109e-11,2.8913e-11
4.259e-11,1.9819e-11,1.8035e-11
2.9933e-11,2.7759e-11,3.9915e-11
2.2215e-11,1.9735e-11,3.1476e-11
4.7786e-11,2.2605e-11,1.4432e-11
2.8227e-11,1.1614e-11,1.4112e-11
2.1044e-11,1.9425e-11,2.9814e-11
1.1913e-11,2.2685e-11,2.8529e-11
3.3421e-11,1.7148e-11,1.3511e-11
4.7436e-11,2.9248e-11,1.6179e-11
4.1498e-11,2.529e-11,1.3879e-11
1.6828e-11,3.5052e-11,2.7969e-11
1.0572e-11,7.6849e-12,2.2919e-11
9.5172e-12,1.8997e-11,3.0924e-11
1.2304e-11,3.1027e-11,2.2293e-11
1.93e-11,4.083e-11,1.757e-11
1.8858e-11,4.039e-11,1.9128e-11
1.3744e-11,4.1625e-11,2.9666e-11
1.5563e-11,4.1008e-11,3.0894e-11
1.1935e-11,2.0606e-11,1.9033e-11
3.4592e-11,4.377e-11,1.184e-11
7.6795e-12,1.5236e-11,2.8151e-11
1.0545e-11,2.6248e-11,3.042e-11
8.9798e-12,1.1703e-11,2.3406e-11
2.8271e-11,3.2806e-11,9.6682e-12
2.7145e-11,2.627e-11,8.1185e-12
2.3092e-11,4.558e-11,9.9351e-12
7.0218e-12,2.8537e-11,1.5906e-11
2.6622e-11,2.5863e-11,5.1565e-12
2.8375e-11,1.9513e-11,7.0948e-12
1.6147e-11,6.7134e-11,4.0397e-11
6.8346e-12,3.1863e-11,1.2105e-11
6.9083e-12,3.7529e-11,1.3842e-11
8.4209e-12,3.7568e-11,1.3379e-11
3.2121e-11,3.3099e-11,1.4114e-11
4.7455e-11,4.7512e-12,4.8427e-11
4.062e-11,6.788e-12,4.0067e-11
3.5066e-11,5.5887e-12,3.5287e-11
3.7926e-11,1.1259e-11,3.5178e-11
3.068e-11,6.2537e-12,2.9817e-11
3.6192e-11,2.2488e-11,4.4889e-11
2.3605e-11,6.6614e-12,2.7089e-11
3.3792e-11,8.9797e-12,2.0118e-11
2.5856e-11,6.3269e-12,1.9472e-11
5.5101e-11,2.3741e-11,2.8266e-11
1.8435e-11,2.0275e-11,2.2261e-11
4.6073e-11,2.4256e-11,2.3032e-11
4.615e-11,4.1421e-11,5.6573e-11
1.9232e-11,1.7239e-11,2.6568e-11
1.806e-11,1.6001e-11,2.6962e-11
2.371e-11,1.5148e-11,2.0697e-11
3.0363e-11,8.7814e-12,1.3423e-11
2.3317e-11,1.3318e-11,1.5858e-11
1.59e-11,1.5014e-11,2.5512e-11
5.1908e-11,3.5876e-11,2.1021e-11
1.2267e-11,2.0448e-11,2.1831e-11
4.597e-11,3.1063e-11,1.4999e-11
1.1045e-11,1.9202e-11,3.1314e-11
3.1305e-11,2.0601e-11,1.2998e-11
2.286e-11,2.1493e-11,1.1397e-11
3.5233e-11,2.3519e-11,1.0332e-11
1.8594e-11,5.0635e-11,1.7441e-11
6.903e-12,1.7422e-11,1.5138e-11
2.1518e-11,4.679e-11,1.7669e-11
7.5618e-12,1.7609e-11,1.6286e-11
2.7285e-11,4.1616e-11,8.8401e-12
8.2552e-12,1.449e-11,1.9775e-11
2.683e-11,2.3704e-11,7.3621e-12
2.1669e-11,4.4951e-11,9.9828e-12
7.9757e-12,1.6422e-11,1.8094e-11
2.2133e-11,3.5211e-11,9.082e-12
8.7514e-12,3.3545e-11,1.4648e-11
2.2469e-11,3.639e-11,9.2231e-12
3.0124e-11,2.5017e-11,6.1039e-12
9.1915e-12,2.2668e-11,2.1609e-11
3.0039e-11,1.7971e-11,6.2354e-12
6.9432e-12,3.6236e-11,1.3625e-11
5.5013e-12,3.2588e-11,1.3093e-11
5.5571e-12,2.0187e-11,1.6499e-11
4.7585e-11,5.3467e-12,4.941e-11
4.5084e-11,1.4527e-11,4.4742e-11
4.5822e-11,1.5523e-11,4.8458e-11
4.6035e-11,2.1625e-11,5.5534e-11
2.6796e-11,8.3345e-12,2.4677e-11
4.0957e-11,1.0471e-11,3.1397e-11
4.9252e-11,1.5984e-11,3.5514e-11
2.7861e-11,9.6463e-12,2.6654e-11
3.9062e-11,2.4071e-11,4.576e-11
5.0111e-11,1.7261e-11,3.2732e-11
2.8732e-11,6.605e-12,2.3693e-11
2.2352e-11,6.5649e-12,2.6599e-11
4.0178e-11,1.2995e-11,2.4633e-11
5.3816e-11,2.2064e-11,3.104e-11
2.6452e-11,1.1495e-11,1.7232e-11
1.7335e-11,1.6302e-11,2.1366e-11
3.4154e-11,2.7436e-11,4.2232e-11
3.2298e-11,2.5905e-11,4.0641e-11
4.6659e-11,2.0828e-11,1.6526e-11
2.9825e-11,1.0535e-11,1.4378e-11
1.4408e-11,1.3308e-11,2.3747e-11
1.0796e-11,1.7162e-11,2.0177e-11
3.2615e-11,3.9327e-11,4.1479e-11
4.8764e-11,3.7656e-11,1.9214e-11
3.4258e-11,1.5405e-11,1.1641e-11
4.8627e-11,4.0356e-11,1.3923e-11
1.572e-11,1.6998e-11,2.6246e-11
3.8692e-11,2.2371e-11,1.0885e-11
3.3592e-11,4.6389e-11,4.3818e-11
1.0863e-11,7.6304e-12,2.7291e-11
1.841e-11,2.8808e-11,2.7986e-11
3.7672e-11,2.1499e-11,1.0899e-11
8.4215e-12,1.1602e-11,2.3271e-11
3.5698e-11,2.9005e-11,9.0412e-12
7.2683e-12,1.1075e-11,2.3534e-11
3.3776e-11,2.6465e-11,1.1146e-11
1.6929e-11,2.6163e-11,2.5963e-11
7.697e-12,2.5055e-11,2.2484e-11
8.0254e-12,2.0933e-11,2.5582e-11
2.8394e-11,5.5361e-11,1.3839e-11
8.8588e-12,1.7399e-11,1.8138e-11
7.2585e-12,3.0647e-11,2.7183e-11
2.4667e-11,3.1769e-11,8.4762e-12
6.5198e-12,3.1496e-11,1.3642e-11
9.9373e-12,1.5161e-11,1.6847e-11
2.4946e-11,3.335e-11,8.91e-12
5.656e-12,2.3234e-11,1.549e-11
4.2397e-11,6.5511e-12,4.3518e-11
4.0942e-11,6.1559e-12,4.1752e-11
4.5652e-11,1.6917e-11,5.065e-11
3.3166e-11,5.0086e-12,3.3529e-11
4.3507e-11,2.2866e-11,5.1822e-11
3.5239e-11,7.6033e-12,3.4853e-11
3.5958e-11,1.6496e-11,3.6653e-11
3.1856e-11,1.0437e-11,2.8619e-11
3.6373e-11,7.0234e-12,2.9926e-11
3.6031e-11,8.3895e-12,2.7188e-11
3.6619e-11,9.0362e-12,2.6556e-11
2.7217e-11,1.0601e-11,3.0167e-11
3.3976e-11,2.2717e-11,3.8391e-11
5.2944e-11,2.2364e-11,2.9889e-11
2.1883e-11,1.2544e-11,2.6209e-11
4.259e-11,1.9278e-11,2.3577e-11
2.1447e-11,1.5101e-11,2.6401e-11
2.2917e-11,1.7197e-11,2.8313e-11
2.293e-11,1.5306e-11,1.6468e-11
2.7636e-11,2.0759e-11,3.2805e-11
4.7046e-11,2.655e-11,1.7072e-11
4.6591e-11,3.1923e-11,2.1103e-11
3.1985e-11,4.076e-11,3.9518e-11
9.6094e-12,1.9383e-11,2.2739e-11
3.8043e-11,2.7989e-11,1.353e-11
1.1856e-11,3.2386e-11,2.4092e-11
1.5132e-11,1.622e-11,2.3057e-11
4.113e-11,2.755e-11,1.1376e-11
1.1603e-11,3.1987e-11,2.3546e-11
3.0295e-11,5.3981e-11,4.5531e-11
1.4419e-11,2.0946e-11,2.2588e-11
4.195e-11,2.7023e-11,8.885e-12
1.2835e-11,2.9483e-11,1.822e-11
3.4368e-11,3.3e-11,1.2033e-11
2.1862e-11,2.0914e-11,9.4484e-12
2.3144e-11,2.2359e-11,9.0174e-12
7.6141e-12,2.3052e-11,2.1268e-11
7.5297e-12,1.5827e-11,2.0159e-11
2.4689e-11,2.0003e-11,8.5318e-12
1.3039e-11,3.042e-11,2.6247e-11
1.0798e-11,1.2768e-11,2.6906e-11
2.4176e-11,6.4592e-11,4.716e-11
9.7447e-12,1.4384e-11,2.5831e-11
8.7662e-12,9.9659e-12,2.2481e-11
1.1679e-11,2.5118e-11,2.9855e-11
8.2882e-12,1.3279e-11,2.116e-11
2.6001e-11,2.7942e-11,8.6704e-12
2.5454e-11,2.6219e-11,7.1014e-12
9.3026e-12,1.4885e-11,1.5903e-11
2.6571e-11,1.7027e-11,8.7134e-12
1.0608e-11,2.8321e-11,2.3114e-11
2.5016e-11,3.5813e-11,8.5036e-12
2.4346e-11,3.1337e-11,8.9791e-12
4.3285e-11,2.4798e-12,4.3288e-11
4.0604e-11,9.5446e-12,3.698e-11
4.32e-11,1.3833e-11,4.3026e-11
4.4255e-11,1.2947e-11,3.3528e-11
4.6502e-11,1.3345e-11,3.472e-11
3.1634e-11,6.8935e-12,2.4951e-11
2.5801e-11,9.2044e-12,2.6333e-11
2.3153e-11,6.1747e-12,2.1331e-11
3.1393e-11,8.5492e-12,2.2516e-11
5.2543e-11,2.1016e-11,3.1519e-11
5.664e-11,2.5397e-11,3.1058e-11
3.6166e-11,2.8075e-11,3.9564e-11
1.7351e-11,1.6842e-11,2.1639e-11
4.7981e-11,2.0878e-11,2.335e-11
1.6024e-11,1.9896e-11,1.8981e-11
3.2975e-11,2.6276e-11,4.0923e-11
3.5415e-11,3.5929e-11,4.3223e-11
1.6651e-11,1.39e-11,2.386e-11
2.0714e-11,1.5162e-11,1.5646e-11
3.7845e-11,2.3949e-11,1.3683e-11
4.6074e-11,4.0146e-11,1.7343e-11
2.9963e-11,5.9496e-11,4.8312e-11
3.4293e-11,3.9329e-11,1.1934e-11
1.1399e-11,3.0553e-11,2.4567e-11
5.6665e-12,1.9349e-11,1.6882e-11
7.4792e-12,1.329e-11,1.976e-11
2.1168e-11,3.6586e-11,1.3752e-11
1.2154e-11,2.8685e-11,2.4325e-11
6.6728e-12,3.009e-11,2.3112e-11
2.1903e-11,5.4259e-11,1.3967e-11
7.3199e-12,2.0641e-11,1.5045e-11
1.3974e-11,5.375e-11,3.3913e-11
1.3359e-11,2.6352e-11,2.2453e-11
4.9246e-11,2.9382e-12,4.9561e-11
4.6874e-11,5.7243e-12,4.4596e-11
4.0627e-11,5.7054e-12,4.1824e-11
3.6231e-11,5.8178e-12,3.2917e-11
3.596e-11,4.9239e-12,3.3616e-11
3.1587e-11,7.5054e-12,2.8436e-11
3.1858e-11,1.1359e-11,2.9242e-11
2.8212e-11,5.9117e-12,2.5089e-11
2.6961e-11,5.045e-12,2.4305e-11
3.1627e-11,8.3265e-12,2.3189e-11
1.9125e-11,9.0261e-12,2.194e-11
1.9418e-11,8.7667e-12,1.9121e-11
2.983e-11,8.5765e-12,1.6856e-11
4.7467e-11,1.9725e-11,2.506e-11
5.1842e-11,2.8147e-11,3.5575e-11
2.0468e-11,9.0553e-12,1.9995e-11
5.7188e-11,3.8097e-11,3.6329e-11
2.5849e-11,1.8729e-11,2.9892e-11
1.763e-11,6.4444e-12,1.7706e-11
3.4537e-11,2.7555e-11,4.1587e-11
1.8472e-11,1.1708e-11,2.3422e-11
4.6399e-11,2.927e-11,2.8936e-11
4.4314e-11,2.7231e-11,2.6625e-11
3.2234e-11,2.5176e-11,3.9376e-11
2.6454e-11,1.1554e-11,1.3114e-11
3.6679e-11,2.4113e-11,1.2377e-11
1.616e-11,2.0731e-11,2.0313e-11
4.0934e-11,2.9818e-11,1.3222e-11
3.7783e-11,2.6166e-11,1.0922e-11
3.4149e-11,2.1996e-11,1.3436e-11
3.3172e-11,3.1451e-11,1.383e-11
1.0315e-11,1.4348e-11,2.1556e-11
1.1234e-11,1.6688e-11,2.1747e-11
2.0691e-11,2.3954e-11,1.1763e-11
2.095e-11,2.7037e-11,1.2328e-11
2.1302e-11,2.6783e-11,1.1614e-11
3.5957e-11,2.4693e-11,1.0751e-11
7.7574e-12,1.0425e-11,2.2587e-11
8.7041e-12,1.706e-11,2.37e-11
2.7823e-11,5.8563e-11,4.4693e-11
3.5068e-11,4.8933e-11,1.2387e-11
1.3108e-11,1.1894e-11,2.8301e-11
1.983e-11,4.6312e-11,3.4531e-11
7.0962e-12,2.651e-11,1.681e-11
6.3719e-12,2.0443e-11,2.3393e-11
2.9109e-11,4.585e-11,1.151e-11
2.2118e-11,6.5124e-11,4.5687e-11
1.0803e-11,2.04e-11,1.9992e-11
2.563e-11,2.7982e-11,9.0214e-12
2.4155e-11,3.1186e-11,9.6252e-12
2.0739e-11,4.4059e-11,1.0468e-11
6.9775e-12,1.732e-11,1.2926e-11
2.4715e-11,2.3031e-11,7.9761e-12
2.374e-11,2.1462e-11,1.1542e-11
1.5046e-11,4.6781e-11,3.2299e-11
2.3238e-11,3.0485e-11,8.5952e-12
1.7863e-11,3.8016e-11,9.8923e-12
6.1542e-12,2.3729e-11,1.2545e-11
4.9453e-11,4.3209e-12,5.0088e-11
4.5437e-11,6.6377e-12,4.8451e-11
4.4576e-11,7.0519e-12,4.5972e-11
4.0436e-11,8.6511e-12,3.9983e-11
3.9334e-11,2.0769e-11,4.6508e-11
2.9415e-11,6.1952e-12,2.7374e-11
3.7266e-11,9.1339e-12,2.9767e-11
2.5692e-11,6.233e-12,2.2558e-11
2.2013e-11,9.9662e-12,2.2867e-11
2.688e-11,1.2791e-11,3.074e-11
2.0336e-11,8.9338e-12,2.2832e-11
2.0719e-11,9.5379e-12,2.3018e-11
3.867e-11,3.1222e-11,4.2592e-11
3.7945e-11,1.7943e-11,2.2386e-11
2.8768e-11,2.1551e-11,3.4028e-11
4.3176e-11,2.0968e-11,1.9191e-11
3.9132e-11,1.7902e-11,1.5308e-11
2.9912e-11,2.886e-11,3.5833e-11
4.9025e-11,3.7874e-11,2.1687e-11
3.9961e-11,3.9248e-11,4.7535e-11
3.8787e-11,1.8307e-11,1.5719e-11
1.7263e-11,1.3713e-11,2.9169e-11
2.9294e-11,1.596e-11,1.4438e-11
1.9576e-11,1.5391e-11,1.4877e-11
2.0219e-11,1.9398e-11,2.7996e-11
4.5336e-11,4.8963e-11,1.8924e-11
1.6777e-11,1.6161e-11,2.5818e-11
1.3954e-11,1.1551e-11,2.9846e-11
3.5305e-11,2.305e-11,1.2096e-11
1.2068e-11,2.3653e-11,2.7199e-11
4.0492e-11,4.0253e-11,1.6124e-11
1.498e-11,1.5009e-11,2.2231e-11
3.4124e-11,5.5093e-11,4.9161e-11
9.0584e-12,1.5127e-11,1.7968e-11
9.6323e-12,1.1723e-11,3.3257e-11
1.3964e-11,2.0408e-11,2.1068e-11
1.281e-11,2.5232e-11,2.3403e-11
1.9777e-11,6.0078e-11,1.9748e-11
1.8887e-11,4.691e-11,3.5275e-11
1.792e-11,6.2453e-11,2.0064e-11
8.683e-12,1.3837e-11,1.8536e-11
2.3793e-11,3.2853e-11,8.9852e-12
2.3159e-11,3.5049e-11,9.8874e-12
9.2753e-12,2.181e-11,1.6299e-11
1.1958e-11,2.8038e-11,2.3935e-11
2.0976e-11,5.0463e-11,1.3321e-11
7.1475e-12,2.5454e-11,1.4554e-11
6.4392e-12,2.3719e-11,1.5211e-11
5.4331e-12,2.5812e-11,1.2075e-11
3.5235e-11,4.6573e-11,1.7955e-11
2.9582e-11,4.7808e-11,1.0412e-11
2.9841e-11,2.2886e-11,1.0107e-11
3.4925e-11,7.1833e-11,1.7837e-11
5.0887e-11,1.0448e-11,4.7548e-11
4.4633e-11,6.5482e-12,4.8697e-11
3.9243e-11,5.5296e-12,3.8572e-11
3.1663e-11,6.4167e-12,3.4591e-11
4.3386e-11,1.2264e-11,3.4907e-11
2.3642e-11,7.5112e-12,2.136e-11
5.3415e-11,2.4352e-11,3.7921e-11
2.4416e-11,6.2372e-12,2.0314e-11
2.0678e-11,6.8759e-12,1.7963e-11
2.5228e-11,8.2959e-12,1.7384e-11
4.5915e-11,2.2478e-11,3.3236e-11
1.8681e-11,1.2648e-11,1.8964e-11
4.8211e-11,3.5532e-11,4.1779e-11
3.949e-11,3.3441e-11,4.5882e-11
2.0977e-11,1.6695e-11,2.4521e-11
3.4518e-11,1.2848e-11,2.2548e-11
4.4829e-11,2.9689e-11,3.0439e-11
1.7006e-11,1.095e-11,2.1208e-11
3.8897e-11,4.05e-11,4.8886e-11
3.2776e-11,1.2172e-11,1.4521e-11
3.3149e-11,3.7971e-11,3.927e-11
3.3658e-11,2.3785e-11,1.4147e-11
3.5697e-11,2.1445e-11,1.041e-11
2.1762e-11,2.1879e-11,2.6597e-11
3.0691e-11,1.9986e-11,1.0446e-11
3.7485e-11,2.4918e-11,9.574e-12
1.0101e-11,1.1438e-11,2.0383e-11
9.3775e-12,9.4604e-12,2.0403e-11
1.4955e-11,2.1342e-11,2.1265e-11
9.2365e-12,1.7167e-11,2.7063e-11
3.1513e-11,3.5241e-11,1.2332e-11
3.3254e-11,4.0881e-11,1.3377e-11
3.1294e-11,5.4589e-11,1.7815e-11
2.9837e-11,4.0421e-11,1.1041e-11
6.4664e-12,2.1768e-11,1.6063e-11
1.1844e-11,2.3346e-11,1.9994e-11
2.0026e-11,4.5122e-11,1.5899e-11
5.171e-12,1.9207e-11,1.3967e-11
5.3733e-12,2.4289e-11,2.1418e-11
2.3426e-11,6.4665e-11,4.7399e-11
2.4152e-11,7.0015e-11,1.7876e-11
1.0993e-11,2.3197e-11,2.1543e-11
7.5267e-12,1.647e-11,1.5574e-11
7.9835e-12,2.5629e-11,1.7181e-11
2.4007e-11,2.8259e-11,9.0771e-12
2.6857e-11,1.5126e-11,8.2793e-12
2.3256e-11,2.148e-11,1.0374e-11
7.6055e-12,1.8813e-11,1.4272e-11
1.6016e-11,5.4304e-11,3.4667e-11
1.9765e-11,3.7125e-11,9.2136e-12
1.6724e-11,2.341e-11,2.14e-11
7.6046e-12,1.9696e-11,1.4819e-11
2.883e-11,1.5033e-11,5.9721e-12
2.7594e-11,1.4517e-11,7.4288e-12
1.368e-11,1.6539e-11,1.7235e-11
3.2205e-11,5.0862e-11,8.4946e-12
3.0734e-11,3.1532e-11,9.8068e-12
1.2269e-11,1.5581e-11,1.5549e-11
4.6209e-11,2.6287e-12,4.504e-11
4.6019e-11,4.6471e-12,4.9075e-11
4.8041e-11,8.1314e-12,4.4814e-11
4.6474e-11,1.4219e-11,4.6291e-11
3.5354e-11,9.1023e-12,3.3336e-11
3.0534e-11,4.5086e-12,2.9891e-11
4.2013e-11,1.0899e-11,3.2698e-11
2.9382e-11,6.4124e-12,2.8615e-11
2.6151e-11,6.0172e-12,2.3725e-11
2.4106e-11,5.683e-12,2.1554e-11
2.8752e-11,1.5251e-11,3.5966e-11
5.8282e-11,2.2823e-11,3.8777e-11
2.6174e-11,8.125e-12,2.0126e-11
2.6991e-11,7.4261e-12,2.0465e-11
4.0904e-11,2.6793e-11,4.3829e-11
2.2377e-11,7.8537e-12,2.1542e-11
3.201e-11,2.4901e-11,3.5682e-11
4.4438e-11,1.9249e-11,2.5552e-11
1.6842e-11,7.0567e-12,2.2148e-11
3.8502e-11,1.5545e-11,1.9697e-11
2.062e-11,9.1035e-12,2.0784e-11
1.5924e-11,6.5399e-12,1.5723e-11
3.8355e-11,3.4268e-11,4.5677e-11
1.9685e-11,1.1698e-11,2.1278e-11
3.6078e-11,2.6794e-11,2.1951e-11
3.8953e-11,3.1878e-11,2.2947e-11
4.6291e-11,4.1835e-11,2.1837e-11
3.6785e-11,2.3976e-11,1.6988e-11
4.5909e-11,4.9706e-11,2.1632e-11
3.1809e-11,1.435e-11,1.2961e-11
3.1912e-11,4.3753e-11,4.0485e-11
1.4526e-11,1.5425e-11,2.4705e-11
3.768e-11,2.9755e-11,1.3488e-11
3.9262e-11,4.2309e-11,1.6704e-11
1.1067e-11,2.1666e-11,2.8644e-11
3.2896e-11,3.1779e-11,1.4212e-11
3.1076e-11,3.3296e-11,1.2748e-11
2.1167e-11,2.7785e-11,2.5988e-11
3.6283e-11,4.0665e-11,1.1948e-11
3.5268e-11,4.805e-11,1.3961e-11
1.0112e-11,9.4578e-12,2.6955e-11
2.5701e-11,3.4656e-11,1.3565e-11
2.9699e-11,4.032e-11,1.141e-11
2.7637e-11,5.1754e-11,1.6269e-11
9.5543e-12,1.027e-11,3.2581e-11
1.3356e-11,2.185e-11,1.7917e-11
1.1291e-11,2.6676e-11,2.9542e-11
8.8469e-12,1.5877e-11,1.63e-11
8.9298e-12,2.9243e-11,1.5425e-11
3.0569e-11,5.663e-11,2.0018e-11
1.6037e-11,4.1728e-11,1.1307e-11
1.3083e-11,2.1096e-11,1.6008e-11
3.5743e-11,8.9862e-11,1.9843e-11
1.1816e-11,1.6713e-11,1.7292e-11
6.2634e-12,2.881e-11,1.2627e-11
3.3451e-11,7.7462e-11,1.5563e-11
1.6601e-11,3.8033e-11,9.9344e-12
7.5169e-12,3.0338e-11,1.1634e-11
3.7081e-11,6.9414e-11,2.2422e-11
5.1222e-11,1.2976e-11,4.8604e-11
4.0092e-11,1.6547e-11,4.5586e-11
3.2064e-11,5.1752e-12,2.9993e-11
2.7399e-11,5.5417e-12,2.9297e-11
3.9531e-11,1.1118e-11,3.1669e-11
2.7348e-11,5.9052e-12,2.2339e-11
5.3624e-11,2.372e-11,4.1771e-11
2.264e-11,5.5881e-12,2.0344e-11
2.7059e-11,1.7127e-11,3.225e-11
4.3895e-11,3.6602e-11,4.769e-11
3.8549e-11,1.5326e-11,2.5043e-11
1.764e-11,1.314e-11,1.8596e-11
4.1397e-11,2.1332e-11,2.0446e-11
3.1249e-11,2.4008e-11,3.8266e-11
2.4377e-11,1.7239e-11,2.7753e-11
1.6214e-11,7.0404e-12,1.5012e-11
1.8895e-11,1.1256e-11,1.8762e-11
1.5961e-11,6.3601e-12,1.6042e-11
3.9226e-11,2.0307e-11,2.1209e-11
3.7892e-11,1.9594e-11,1.8782e-11
3.8783e-11,2.5396e-11,2.5978e-11
4.0867e-11,2.4408e-11,2.1585e-11
3.7026e-11,1.915e-11,1.3756e-11
4.3459e-11,3.6198e-11,2.1861e-11
3.3404e-11,1.793e-11,1.4318e-11
3.3522e-11,2.5017e-11,1.8914e-11
3.6341e-11,2.2988e-11,1.4891e-11
3.5924e-11,3.0521e-11,2.0654e-11
3.4708e-11,4.5528e-11,4.1867e-11
1.1918e-11,2.0286e-11,2.2058e-11
3.0434e-11,3.7574e-11,3.5841e-11
2.6854e-11,1.6315e-11,1.1413e-11
3.805e-11,4.321e-11,1.7111e-11
9.844e-12,1.0434e-11,1.872e-11
3.4626e-11,5.4695e-11,1.7753e-11
1.3196e-11,1.2632e-11,3.3301e-11
9.9066e-12,2.1529e-11,2.7955e-11
2.998e-11,3.6275e-11,1.1419e-11
2.0942e-11,4.1925e-11,3.4313e-11
6.4458e-12,1.7767e-11,1.7066e-11
1.0398e-11,2.3528e-11,1.8348e-11
1.3806e-11,2.3183e-11,2.3303e-11
1.9023e-11,4.1999e-11,3.3064e-11
2.334e-11,4.31e-11,1.1721e-11
9.2113e-12,1.5532e-11,1.7073e-11
2.6875e-11,6.2732e-11,1.4887e-11
2.2382e-11,3.1678e-11,9.6725e-12
2.7005e-11,5.7347e-11,1.3334e-11
1.9629e-11,2.6386e-11,8.9184e-12
7.5973e-12,2.794e-11,1.3817e-11
7.3637e-12,2.2933e-11,1.6442e-11
2.3758e-11,3.1019e-11,9.5709e-12
2.6906e-11,3.3001e-11,1.6634e-11
6.1486e-12,2.7688e-11,1.2661e-11
3.3246e-11,5.543e-11,2.0248e-11
8.6432e-12,2.6327e-11,1.3315e-11
4.9158e-12,2.8897e-11,1.1698e-11
8.5527e-12,2.3984e-11,1.235e-11
3.2785e-11,5.214e-11,1.0667e-11
4.5004e-11,7.4346e-12,4.9909e-11
4.2945e-11,7.237e-12,4.6671e-11
3.9446e-11,6.908e-12,3.9255e-11
2.7937e-11,2.5411e-12,2.5415e-11
3.7882e-11,9.9432e-12,3.0954e-11
3.1766e-11,9.3294e-12,2.4209e-11
5.9185e-11,2.2789e-11,3.9838e-11
4.227e-11,2.9617e-11,4.5914e-11
3.0032e-11,1.7171e-11,3.6328e-11
2.1495e-11,1.2844e-11,2.3571e-11
2.5505e-11,7.2075e-12,1.813e-11
4.8514e-11,2.2996e-11,4.1501e-11
2.1153e-11,8.7375e-12,2.1732e-11
3.7752e-11,2.3634e-11,4.1085e-11
2.4297e-11,9.0051e-12,1.6782e-11
2.6553e-11,1.5012e-11,2.8342e-11
1.7206e-11,9.0824e-12,1.905e-11
3.3366e-11,2.8265e-11,3.9099e-11
3.9945e-11,1.8779e-11,2.3967e-11
1.6384e-11,8.9219e-12,2.5374e-11
4.1609e-11,3.4108e-11,4.8135e-11
3.22e-11,1.3815e-11,1.7551e-11
4.1424e-11,3.3955e-11,2.7602e-11
3.9547e-11,3.6679e-11,4.6756e-11
2.1445e-11,1.0442e-11,1.5372e-11
3.3355e-11,2.5565e-11,2.3227e-11
2.2698e-11,8.6257e-12,1.2561e-11
4.3215e-11,3.7442e-11,2.3084e-11
1.6627e-11,1.1337e-11,2.526e-11
2.476e-11,9.949e-12,1.5728e-11
3.4667e-11,2.9573e-11,2.3098e-11
3.077e-11,3.2563e-11,3.616e-11
3.372e-11,2.6087e-11,1.5936e-11
3.6938e-11,2.6285e-11,1.3027e-11
2.4566e-11,2.4877e-11,2.7688e-11
1.4977e-11,1.539e-11,2.416e-11
3.3343e-11,2.9546e-11,1.5507e-11
3.6028e-11,4.8261e-11,4.6046e-11
9.5746e-12,1.9561e-11,2.1728e-11
2.6744e-11,3.8422e-11,3.4874e-11
3.0415e-11,3.393e-11,1.2241e-11
8.6566e-12,1.7888e-11,2.5606e-11
8.1444e-12,1.3872e-11,2.3582e-11
8.1087e-12,1.8189e-11,2.4199e-11
8.6366e-12,1.7212e-11,2.7667e-11
2.977e-11,5.2699e-11,1.7643e-11
7.8077e-12,7.2947e-12,2.114e-11
2.0739e-11,4.9214e-11,1.5557e-11
2.1129e-11,3.3542e-11,1.0092e-11
2.1431e-11,1.9107e-11,1.0951e-11
2.5112e-11,8.4816e-11,2.6176e-11
2.84e-11,6.0838e-11,1.262e-11
2.2694e-11,2.6762e-11,9.8695e-12
9.5141e-12,1.9719e-11,1.9137e-11
2.5184e-11,1.9656e-11,9.1123e-12
2.5246e-11,2.0264e-11,9.3572e-12
1.5817e-11,4.2452e-11,1.2726e-11
2.2987e-11,2.9308e-11,1.0809e-11
1.6479e-11,3.519e-11,9.3331e-12
6.9109e-12,2.4048e-11,1.1335e-11
4.1481e-11,7.3546e-12,4.5222e-11
3.8315e-11,6.8708e-12,3.6459e-11
3.1616e-11,6.6437e-12,2.8985e-11
3.0746e-11,2.684e-12,2.9889e-11
3.3934e-11,1.0378e-11,3.3203e-11
3.0208e-11,5.6659e-12,3.1864e-11
2.816e-11,3.2566e-12,2.5738e-11
2.7047e-11,7.944e-12,2.6547e-11
3.1634e-11,1.7767e-11,3.9393e-11
4.3729e-11,3.6515e-11,3.887e-11
1.8123e-11,1.1382e-11,1.873e-11
1.4441e-11,5.6214e-12,1.7631e-11
2.7756e-11,2.0094e-11,3.2109e-11
2.0815e-11,1.1653e-11,1.4467e-11
2.259e-11,1.0799e-11,1.3134e-11
2.6595e-11,1.0556e-11,1.6447e-11
3.4255e-11,2.2136e-11,1.435e-11
3.752e-11,4.1028e-11,4.4525e-11
2.1511e-11,2.0235e-11,2.5692e-11
1.2405e-11,1.1364e-11,2.637e-11
3.7324e-11,4.5954e-11,4.5319e-11
9.6243e-12,2.0385e-11,2.1986e-11
1.1512e-11,1.8659e-11,2.1072e-11
3.3807e-11,3.0962e-11,1.4248e-11
3.5723e-11,3.8313e-11,1.4289e-11
3.6717e-11,3.8926e-11,1.2631e-11
3.3337e-11,3.8953e-11,1.3388e-11
3.3129e-11,4.5845e-11,1.448e-11
8.8111e-12,3.0173e-11,2.0814e-11
8.0483e-12,9.9863e-12,1.8117e-11
9.7517e-12,2.7774e-11,2.8544e-11
2.2474e-11,4.0872e-11,1.1408e-11
9.8695e-12,1.7308e-11,1.7994e-11
6.991e-12,1.8903e-11,1.3749e-11
2.1873e-11,2.9139e-11,1.0089e-11
1.7605e-11,3.5343e-11,1.0573e-11
1.9335e-11,4.4347e-11,3.4569e-11
1.591e-11,3.6189e-11,2.7407e-11
7.2619e-12,1.4666e-11,2.0331e-11
8.8299e-12,1.6165e-11,1.7743e-11
2.1507e-11,6.5221e-11,1.6711e-11
2.2903e-11,2.862e-11,1.2443e-11
6.2241e-12,2.6654e-11,1.4079e-11
2.3416e-11,2.3832e-11,1.182e-11
7.1486e-12,1.7723e-11,1.32e-11
5.7507e-12,2.1864e-11,1.5461e-11
1.5878e-11,3.5692e-11,9.5617e-12
3.0709e-11,8.0992e-11,2.7922e-11
1.2355e-11,1.8999e-11,1.444e-11
5.1078e-11,1.2817e-11,4.8361e-11
4.829e-11,1.3523e-11,4.8251e-11
4.5228e-11,9.4467e-12,4.235e-11
3.8856e-11,5.66e-12,4.2711e-11
3.5362e-11,1.2502e-11,3.7193e-11
3.117e-11,5.4832e-12,3.3943e-11
2.928e-11,5.8143e-12,3.1024e-11
4.0076e-11,2.6042e-11,4.6356e-11
5.0158e-11,2.0328e-11,3.341e-11
2.1558e-11,9.3911e-12,2.342e-11
4.3908e-11,2.1084e-11,4.0875e-11
4.8195e-11,3.3378e-11,5.3917e-11
3.8668e-11,2.9616e-11,4.2211e-11
2.0167e-11,1.1287e-11,1.9245e-11
2.5226e-11,1.1008e-11,2.0152e-11
1.5874e-11,9.3944e-12,2.3513e-11
3.4023e-11,1.8167e-11,1.8528e-11
3.608e-11,3.0587e-11,2.9022e-11
1.9924e-11,1.2889e-11,2.5968e-11
2.7468e-11,1.4986e-11,1.5015e-11
2.5709e-11,6.8554e-12,1.1481e-11
1.7572e-11,1.1953e-11,2.502e-11
2.8677e-11,1.1009e-11,1.3179e-11
1.6407e-11,1.8719e-11,1.4287e-11
2.9332e-11,1.644e-11,1.4119e-11
4.1304e-11,5.3358e-11,2.2649e-11
2.6082e-11,1.3793e-11,1.2533e-11
1.8074e-11,1.5188e-11,2.1863e-11
3.4156e-11,2.4431e-11,1.3264e-11
2.7503e-11,1.6031e-11,1.1044e-11
3.2582e-11,3.0752e-11,1.5651e-11
3.0505e-11,4.212e-11,3.818e-11
3.2886e-11,5.6056e-11,2.069e-11
1.2383e-11,2.5349e-11,2.1797e-11
7.7664e-12,1.2538e-11,2.0376e-11
8.3907e-12,1.7695e-11,2.3152e-11
2.6928e-11,4.2416e-11,1.4436e-11
1.1095e-11,1.6605e-11,1.8839e-11
6.48e-12,1.8748e-11,1.8865e-11
8.8683e-12,1.6204e-11,1.5467e-11
2.1609e-11,3.317e-11,1.0784e-11
1.3273e-11,2.3502e-11,2.0895e-11
8.1833e-12,1.7751e-11,1.7712e-11
8.3445e-12,2.2666e-11,1.3861e-11
4.9735e-12,2.2127e-11,1.3018e-11
1.8946e-11,6.0307e-11,1.6981e-11
1.7313e-11,4.2779e-11,3.1836e-11
1.5332e-11,4.2836e-11,1.3498e-11
1.4599e-11,4.0488e-11,1.3231e-11
2.9791e-11,3.4578e-11,9.2342e-12
2.6549e-11,1.6013e-11,7.5758e-12
3.9606e-11,9.2025e-11,2.1949e-11
3.3327e-11,8.1534e-11,2.0868e-11
4.6206e-11,3.1128e-12,4.8162e-11
4.7378e-11,9.5748e-12,4.5108e-11
4.1029e-11,2.978e-12,4.1354e-11
4.4942e-11,1.2986e-11,4.5339e-11
3.4915e-11,7.3801e-12,3.374e-11
3.2454e-11,1.7458e-11,3.9563e-11
2.5531e-11,6.2036e-12,2.3132e-11
2.5112e-11,5.861e-12,2.5357e-11
2.4594e-11,6.3806e-12,2.2155e-11
1.9929e-11,7.3398e-12,1.8904e-11
2.4399e-11,1.2687e-11,2.656e-11
3.2142e-11,2.0472e-11,3.7031e-11
3.7048e-11,2.7057e-11,3.623e-11
3.2332e-11,1.797e-11,2.0844e-11
1.6959e-11,1.1122e-11,2.5281e-11
1.8035e-11,1.1554e-11,1.8198e-11
2.5009e-11,7.6387e-12,1.3101e-11
4.0761e-11,4.2533e-11,4.8867e-11
2.577e-11,9.1859e-12,1.3284e-11
2.081e-11,8.1863e-12,1.3651e-11
3.0929e-11,1.9822e-11,1.4697e-11
1.0129e-11,7.8397e-12,2.0995e-11
1.0329e-11,9.6126e-12,2.3182e-11
2.1359e-11,2.1545e-11,2.6857e-11
9.7082e-12,1.5643e-11,1.7574e-11
3.1684e-11,4.4607e-11,1.567e-11
3.0564e-11,5.0236e-11,4.4381e-11
7.3125e-12,1.6851e-11,2.2598e-11
8.0279e-12,1.972e-11,2.2585e-11
8.3172e-12,2.9385e-11,1.9019e-11
6.8809e-12,1.3597e-11,1.7503e-11
6.8307e-12,1.8916e-11,1.6051e-11
1.0981e-11,1.6826e-11,1.6185e-11
8.7595e-12,1.5725e-11,1.4106e-11
2.1708e-11,3.2335e-11,1.079e-11
8.3158e-12,8.4465e-12,2.149e-11
7.7773e-12,7.791e-12,2.1282e-11
1.3533e-11,1.7586e-11,1.6879e-11
9.9846e-12,1.5151e-11,1.5285e-11
6.883e-12,1.9679e-11,1.4297e-11
1.9912e-11,4.1692e-11,1.2059e-11
8.6637e-12,1.6756e-11,1.729e-11
2.1094e-11,4.6805e-11,3.4901e-11
1.0647e-11,1.6956e-11,1.8342e-11
6.7768e-12,1.9609e-11,1.6914e-11
1.9413e-11,2.7166e-11,8.2979e-12
7.2156e-12,1.9142e-11,1.4919e-11
1.7986e-11,2.4892e-11,1.0527e-11
1.7354e-11,3.2674e-11,1.0626e-11
1.2713e-11,1.9499e-11,1.9406e-11
4.5974e-11,1.2549e-11,4.3568e-11
2.9189e-11,4.9521e-12,3.2604e-11
4.5612e-11,3.0273e-11,5.0921e-11
2.5522e-11,5.5948e-12,2.697e-11
2.4688e-11,6.9741e-12,2.3066e-11
5.7232e-11,2.4711e-11,4.5311e-11
4.0731e-11,1.3073e-11,3.334e-11
1.8249e-11,6.1628e-12,1.7171e-11
3.912e-11,1.2875e-11,3.0024e-11
2.5133e-11,1.478e-11,2.9611e-11
2.9913e-11,9.9062e-12,2.5169e-11
1.9512e-11,7.5903e-12,2.3317e-11
2.1243e-11,5.9043e-12,1.7072e-11
2.6983e-11,9.8395e-12,1.8981e-11
2.7515e-11,1.0241e-11,2.1408e-11
2.8074e-11,1.2093e-11,1.792e-11
3.4987e-11,2.409e-11,3.6428e-11
1.4751e-11,7.762e-12,2.2126e-11
1.503e-11,7.3628e-12,1.6491e-11
3.7185e-11,2.9262e-11,4.2846e-11
4.289e-11,4.4663e-11,3.0798e-11
2.3248e-11,9.1355e-12,1.581e-11
2.5717e-11,9.2626e-12,1.2876e-11
2.387e-11,1.2771e-11,1.5145e-11
1.6212e-11,1.7436e-11,1.3665e-11
4.3673e-11,5.6403e-11,2.8854e-11
3.2661e-11,2.0059e-11,1.2547e-11
2.1019e-11,1.9227e-11,2.3954e-11
3.5689e-11,4.235e-11,1.759e-11
3.4446e-11,4.1626e-11,4.1249e-11
3.0589e-11,1.6625e-11,1.1044e-11
3.512e-11,5.1948e-11,2.1487e-11
1.2563e-11,1.4281e-11,2.2034e-11
7.6888e-12,1.3633e-11,2.1465e-11
8.2732e-12,2.2233e-11,1.704e-11
1.6751e-11,2.5533e-11,2.3403e-11
8.259e-12,1.6838e-11,2.0701e-11
6.8906e-12,1.7852e-11,1.7779e-11
1.4726e-11,2.0157e-11,1.9839e-11
9.1203e-12,1.091e-11,2.4291e-11
2.6542e-11,4.9941e-11,4.2297e-11
6.8977e-12,1.7497e-11,1.2127e-11
1.9339e-11,4.8682e-11,1.6761e-11
8.8819e-12,9.3006e-12,2.0896e-11
6.8852e-12,7.2283e-12,1.7924e-11
9.6706e-12,1.2155e-11,1.8031e-11
1.9916e-11,2.1087e-11,1.0206e-11
1.7127e-11,4.2878e-11,1.3864e-11
1.5949e-11,3.4792e-11,1.0898e-11
1.7713e-11,3.1109e-11,9.0743e-12
1.6066e-11,4.502e-11,1.6588e-11
1.9032e-11,3.2638e-11,1.0087e-11
8.4e-12,1.5109e-11,1.4155e-11
1.7353e-11,3.1881e-11,9.877e-12
1.3678e-11,3.5688e-11,1.2547e-11
1.3731e-11,2.6656e-11,2.3888e-11
1.2262e-11,1.6775e-11,1.6313e-11
4.3507e-11,3.4741e-12,4.3175e-11
4.2779e-11,7.0646e-12,4.2629e-11
4.5379e-11,1.9329e-11,5.3398e-11
3.792e-11,1.1394e-11,3.6946e-11
4.3332e-11,2.1009e-11,5.5775e-11
3.9714e-11,2.0184e-11,4.7158e-11
3.1364e-11,6.7675e-12,3.0379e-11
2.3514e-11,5.1944e-12,2.4156e-11
2.4341e-11,5.2442e-12,2.1525e-11
2.434e-11,5.7249e-12,2.0958e-11
4.5264e-11,1.6115e-11,3.1519e-11
4.3625e-11,1.6503e-11,3.2197e-11
4.5953e-11,3.6503e-11,5.0592e-11
2.4115e-11,1.4107e-11,2.0201e-11
2.5199e-11,8.9691e-12,2.0717e-11
2.6629e-11,8.9036e-12,1.6769e-11
3.668e-11,1.5686e-11,2.6542e-11
2.4044e-11,9.3787e-12,1.7381e-11
1.8411e-11,7.6026e-12,1.9018e-11
3.0785e-11,2.216e-11,3.4721e-11
1.392e-11,5.5969e-12,1.5794e-11
1.7041e-11,1.2745e-11,1.9539e-11
3.2482e-11,2.8773e-11,3.1795e-11
2.584e-11,7.093e-12,1.4124e-11
2.2039e-11,9.529e-12,1.3842e-11
2.4918e-11,1.8222e-11,2.891e-11
2.1239e-11,1.2276e-11,2.8329e-11
4.205e-11,5.4049e-11,3.3928e-11
2.0234e-11,8.9031e-12,1.2388e-11
2.9987e-11,1.5212e-11,1.1214e-11
9.6881e-12,1.6315e-11,1.6767e-11
9.0773e-12,1.8211e-11,1.9321e-11
3.3627e-11,4.9114e-11,4.3722e-11
3.3105e-11,5.503e-11,1.9983e-11
1.1735e-11,1.5513e-11,1.5296e-11
2.9775e-11,5.3481e-11,2.0886e-11
2.1298e-11,3.4138e-11,2.8483e-11
7.0044e-12,1.7623e-11,2.0138e-11
2.5132e-11,3.9913e-11,1.5788e-11
7.4543e-12,2.4659e-11,1.8216e-11
2.3873e-11,3.9713e-11,1.5403e-11
1.0726e-11,1.2458e-11,1.8484e-11
8.696e-12,1.7373e-11,1.5387e-11
2.2852e-11,4.7996e-11,1.8538e-11
8.4272e-12,1.7682e-11,1.1481e-11
2.0232e-11,5.1356e-11,1.9144e-11
2.3598e-11,2.763e-11,9.6853e-12
2.3137e-11,4.7523e-11,4.0109e-11
2.0704e-11,2.1631e-11,1.8707e-11
8.0152e-12,1.702e-11,1.2118e-11
2.361e-11,3.8243e-11,1.5439e-11
5.8123e-12,2.48e-11,1.0905e-11
9.2594e-12,2.6718e-11,1.4151e-11
2.2238e-11,1.3759e-11,9.5082e-12
1.3283e-11,2.2996e-11,2.1808e-11
3.8511e-11,7.3999e-12,3.8795e-11
2.4205e-11,4.8074e-12,2.239e-11
2.3431e-11,5.6196e-12,2.1607e-11
2.5606e-11,1.0505e-11,3.3392e-11
5.4845e-11,2.0209e-11,4.0392e-11
2.0972e-11,9.2237e-12,2.2851e-11
3.6695e-11,1.1558e-11,2.8433e-11
1.9828e-11,6.6328e-12,2.3266e-11
3.9708e-11,1.6723e-11,2.7618e-11
1.8829e-11,1.0601e-11,2.9182e-11
1.8312e-11,6.0463e-12,1.7089e-11
3.9744e-11,3.4996e-11,4.8023e-11
3.3112e-11,2.3489e-11,3.7025e-11
3.1413e-11,2.3699e-11,3.5098e-11
1.432e-11,5.0874e-12,1.589e-11
1.7172e-11,7.7044e-12,1.3808e-11
4.0031e-11,4.7734e-11,3.6978e-11
3.984e-11,4.5438e-11,4.6567e-11
1.5657e-11,9.9495e-12,1.3683e-11
2.809e-11,2.5642e-11,2.9553e-11
2.3499e-11,1.3278e-11,1.2962e-11
1.8228e-11,1.6708e-11,2.2665e-11
9.4821e-12,1.5765e-11,1.5725e-11
3.021e-11,5.4999e-11,2.5305e-11
2.9604e-11,4.9126e-11,4.1788e-11
7.6292e-12,2.0117e-11,1.3477e-11
1.0456e-11,1.6852e-11,1.5717e-11
2.0819e-11,4.6888e-11,1.8844e-11
2.6991e-11,5.1567e-11,4.4014e-11
6.9519e-12,7.0666e-12,1.6735e-11
2.3949e-11,3.1919e-11,9.7967e-12
1.9401e-11,4.8316e-11,1.955e-11
5.6207e-12,2.115e-11,1.1982e-11
1.4419e-11,5.5172e-11,2.6958e-11
2.3357e-11,4.8282e-11,3.7447e-11
1.3038e-11,2.0611e-11,1.9576e-11
1.979e-11,2.9528e-11,1.1703e-11
1.4504e-11,3.48e-11,1.2334e-11
1.522e-11,2.5803e-11,1.9014e-11
1.279e-11,1.6452e-11,1.612e-11
2.1829e-11,3.9166e-11,1.5608e-11
4.3252e-11,5.5865e-12,4.9687e-11
3.627e-11,1.7149e-11,4.4855e-11
3.187e-11,5.3026e-12,3.0668e-11
4.4046e-11,2.7394e-11,4.8656e-11
2.2248e-11,6.9604e-12,2.4786e-11
3.7932e-11,1.4724e-11,2.6645e-11
2.7779e-11,1.4773e-11,3.3536e-11
1.8313e-11,6.1379e-12,2.0647e-11
1.7822e-11,5.71e-12,2.0008e-11
4.3535e-11,3.4247e-11,4.7839e-11
2.2367e-11,1.0001e-11,1.8911e-11
1.7019e-11,4.8848e-12,1.6018e-11
1.6882e-11,7.0565e-12,2.483e-11
1.7998e-11,7.8403e-12,2.2493e-11
2.9492e-11,2.7394e-11,2.9374e-11
2.0898e-11,1.2294e-11,2.6708e-11
2.0095e-11,1.1218e-11,2.6416e-11
1.9889e-11,9.3687e-12,1.1648e-11
3.2673e-11,3.8914e-11,3.7646e-11
3.1637e-11,4.0114e-11,1.9289e-11
1.2488e-11,1.4136e-11,2.133e-11
1.1959e-11,2.2837e-11,2.0368e-11
3.0023e-11,4.7033e-11,4.1941e-11
1.1251e-11,1.6829e-11,1.4605e-11
1.0398e-11,1.7338e-11,3.1503e-11
6.9568e-12,1.9592e-11,2.0591e-11
1.0818e-11,1.7077e-11,1.3957e-11
7.305e-12,1.8835e-11,1.3106e-11
2.1277e-11,3.0578e-11,1.1807e-11
7.7786e-12,1.0626e-11,1.871e-11
1.981e-11,2.9373e-11,9.2893e-12
1.6495e-11,2.7533e-11,1.1485e-11
7.6969e-12,2.1198e-11,1.922e-11
9.1962e-12,1.4984e-11,1.4363e-11
1.3592e-11,4.6051e-11,2.0014e-11
1.9471e-11,3.5661e-11,3.0497e-11
6.8795e-12,2.3272e-11,1.0722e-11
2.5463e-11,1.6859e-11,1.0413e-11
2.5935e-11,2.7902e-11,9.735e-12
4.0038e-11,6.3898e-12,4.2104e-11
4.3363e-11,2.8125e-11,4.9132e-11
2.5499e-11,1.0066e-11,3.0373e-11
2.2483e-11,4.8588e-12,2.0897e-11
5.5958e-11,2.0822e-11,4.278e-11
3.8217e-11,1.1181e-11,3.1382e-11
3.1773e-11,9.5328e-12,2.8657e-11
2.3136e-11,7.0143e-12,2.3645e-11
4.6824e-11,2.3991e-11,4.6663e-11
2.4247e-11,7.3464e-12,2.0602e-11
4.2846e-11,2.2723e-11,3.8877e-11
2.6433e-11,1.0173e-11,2.0375e-11
1.6699e-11,9.355e-12,1.8151e-11
4.5072e-11,3.6909e-11,4.9397e-11
1.7959e-11,9.2638e-12,2.632e-11
2.7836e-11,1.2511e-11,1.8144e-11
3.4099e-11,3.1977e-11,5.0564e-11
2.8846e-11,2.6695e-11,4.2494e-11
1.4016e-11,5.7746e-12,1.6297e-11
2.5602e-11,1.7405e-11,2.1631e-11
2.5113e-11,1.6611e-11,2.9627e-11
1.7462e-11,1.1652e-11,1.2858e-11
2.4723e-11,1.7112e-11,1.4851e-11
1.5372e-11,1.644e-11,1.2459e-11
3.574e-11,3.9569e-11,4.1459e-11
2.633e-11,1.6871e-11,9.8195e-12
1.0939e-11,1.9787e-11,1.8208e-11
3.2164e-11,5.2445e-11,2.8192e-11
1.184e-11,1.4298e-11,2.0122e-11
3.1803e-11,4.803e-11,4.1828e-11
2.7478e-11,3.7919e-11,3.3524e-11
2.7715e-11,4.2096e-11,3.6314e-11
1.6866e-11,2.0751e-11,1.7515e-11
2.5941e-11,4.384e-11,1.8722e-11
1.099e-11,1.8923e-11,1.6561e-11
2.0423e-11,3.3588e-11,2.7778e-11
1.5268e-11,3.0954e-11,1.0596e-11
8.4439e-12,1.9112e-11,1.5525e-11
7.4722e-12,1.803e-11,1.1735e-11
1.7194e-11,2.8766e-11,9.167e-12
8.0013e-12,1.6423e-11,1.2252e-11
1.7496e-11,2.7481e-11,2.5233e-11
7.2992e-12,1.9139e-11,1.1279e-11
1.9875e-11,2.7333e-11,9.2363e-12
8.4408e-12,2.4774e-11,1.3645e-11
4.3152e-11,3.6279e-12,4.1964e-11
3.6992e-11,5.116e-12,3.6376e-11
3.749e-11,8.1944e-12,4.2759e-11
2.862e-11,7.0128e-12,2.7015e-11
4.2262e-11,2.1788e-11,5.376e-11
2.959e-11,8.4276e-12,3.4326e-11
3.6852e-11,1.0657e-11,3.1927e-11
3.0125e-11,8.556e-12,2.7699e-11
3.9726e-11,1.6769e-11,2.9474e-11
2.3784e-11,7.9357e-12,2.0064e-11
2.2364e-11,8.1388e-12,1.7812e-11
2.384e-11,8.766e-12,2.1678e-11
2.3113e-11,9.9007e-12,2.0996e-11
1.6575e-11,1.2525e-11,1.6556e-11
3.083e-11,2.2087e-11,3.5387e-11
2.9192e-11,3.0058e-11,3.9018e-11
1.4533e-11,9.2792e-12,1.3705e-11
1.6678e-11,7.034e-12,2.2532e-11
2.2478e-11,1.3788e-11,2.6988e-11
3.2886e-11,4.051e-11,4.1844e-11
2.2869e-11,7.9406e-12,1.5442e-11
1.9766e-11,5.8031e-12,1.3417e-11
2.0523e-11,1.0217e-11,1.3146e-11
2.5595e-11,6.6795e-12,1.4687e-11
2.0961e-11,7.1496e-12,1.2176e-11
3.3889e-11,4.5184e-11,3.4459e-11
1.4032e-11,9.6805e-12,1.7305e-11
3.2259e-11,3.3152e-11,3.364e-11
3.0002e-11,3.3106e-11,2.4003e-11
3.7745e-11,4.6144e-11,4.3616e-11
3.6435e-11,4.8972e-11,4.4443e-11
2.0122e-11,2.633e-11,2.46e-11
1.2338e-11,1.7709e-11,1.8999e-11
8.151e-12,2.7462e-11,1.2871e-11
6.8334e-12,2.0077e-11,1.8236e-11
9.3536e-12,1.2868e-11,1.6531e-11
8.619e-12,2.0126e-11,1.2362e-11
1.8649e-11,4.3415e-11,1.9986e-11
1.0268e-11,9.5517e-12,1.3648e-11
1.5869e-11,2.4571e-11,9.9884e-12
1.1035e-11,1.6885e-11,1.4995e-11
1.1293e-11,8.78e-12,1.3217e-11
1.6777e-11,2.9863e-11,1.0765e-11
1.607e-11,2.6918e-11,1.0627e-11
7.1759e-12,1.2561e-11,1.5905e-11
1.2759e-11,1.7923e-11,1.7237e-11
1.4401e-11,3.283e-11,1.0861e-11
2.1081e-11,3.3547e-11,3.0036e-11
2.0536e-11,2.291e-11,9.0426e-12
9.9605e-12,1.7104e-11,1.458e-11
1.9234e-11,2.1011e-11,1.6669e-11
1.1763e-11,1.6971e-11,1.5937e-11
2.7004e-11,1.3198e-11,8.6913e-12
4.0529e-11,5.9098e-12,3.7478e-11
3.6948e-11,1.0185e-11,3.5439e-11
3.3733e-11,8.9153e-12,3.809e-11
3.7958e-11,1.8886e-11,4.3471e-11
2.7567e-11,4.5439e-12,2.6362e-11
2.6611e-11,6.4581e-12,2.9875e-11
3.2161e-11,9.5835e-12,2.886e-11
5.0778e-11,1.6977e-11,4.0744e-11
3.617e-11,2.2255e-11,4.0683e-11
2.5346e-11,8.1618e-12,2.2942e-11
3.9737e-11,1.489e-11,3.0112e-11
4.5727e-11,2.3976e-11,4.9388e-11
1.9567e-11,5.7426e-12,2.0074e-11
1.7428e-11,7.4586e-12,2.0742e-11
1.7693e-11,9.7676e-12,1.8563e-11
3.6309e-11,2.6333e-11,4.6883e-11
1.8074e-11,9.7716e-12,2.4394e-11
4.2669e-11,3.6061e-11,4.7499e-11
1.5932e-11,5.4582e-12,1.4323e-11
1.679e-11,8.9167e-12,1.6966e-11
2.7716e-11,1.0799e-11,1.8041e-11
2.3657e-11,1.0873e-11,1.7074e-11
1.5034e-11,8.2632e-12,1.3707e-11
2.6759e-11,3.0267e-11,3.787e-11
2.298e-11,2.1042e-11,2.7805e-11
2.3774e-11,6.2879e-12,1.3406e-11
1.9781e-11,6.7072e-12,1.279e-11
3.1342e-11,3.8868e-11,3.7245e-11
1.8916e-11,7.3441e-12,1.6671e-11
2.3411e-11,1.5817e-11,1.2495e-11
2.6127e-11,2.7934e-11,2.6001e-11
2.5325e-11,2.7084e-11,2.1007e-11
8.9638e-12,8.0247e-12,1.528e-11
1.4096e-11,2.3094e-11,1.7724e-11
1.0982e-11,1.943e-11,1.6262e-11
3.3515e-11,4.5843e-11,4.0733e-11
2.7966e-11,5.0318e-11,2.7253e-11
2.5073e-11,3.5425e-11,1.6299e-11
2.4539e-11,4.2655e-11,1.9219e-11
2.8241e-11,4.6395e-11,3.9378e-11
2.0647e-11,3.0991e-11,1.1854e-11
1.7861e-11,3.7895e-11,1.8135e-11
1.0739e-11,1.1501e-11,1.5205e-11
7.5327e-12,1.9577e-11,1.5478e-11
1.6241e-11,2.8872e-11,1.0121e-11
2.3605e-11,4.2647e-11,3.5888e-11
1.2331e-11,3.2624e-11,1.5367e-11
1.4097e-11,3.5135e-11,1.8455e-11
8.6989e-12,1.7944e-11,1.2912e-11
2.1096e-11,4.0184e-11,2.0097e-11
3.3937e-11,8.7671e-12,3.8564e-11
4.0101e-11,1.9725e-11,5.082e-11
4.275e-11,2.1941e-11,5.2137e-11
2.7118e-11,5.0079e-12,2.7499e-11
5.8694e-11,1.9466e-11,4.4053e-11
2.301e-11,2.6237e-12,2.3992e-11
2.3216e-11,9.2032e-12,2.6426e-11
3.3818e-11,9.7445e-12,3.0425e-11
2.2036e-11,1.0205e-11,2.4402e-11
4.1719e-11,1.4943e-11,3.1689e-11
3.6127e-11,1.152e-11,2.9148e-11
4.0298e-11,1.91e-11,3.6388e-11
1.9663e-11,1.216e-11,2.1617e-11
1.9382e-11,5.97e-12,1.6316e-11
3.0608e-11,1.6991e-11,3.3092e-11
1.5992e-11,5.4965e-12,1.6254e-11
1.9303e-11,7.0259e-12,1.6014e-11
2.5338e-11,1.9304e-11,3.0151e-11
3.7699e-11,3.0101e-11,4.1499e-11
2.097e-11,8.0788e-12,1.7118e-11
2.4295e-11,1.5819e-11,2.7589e-11
2.1722e-11,1.1213e-11,1.5895e-11
1.3974e-11,1.12e-11,1.3421e-11
2.2759e-11,6.8865e-12,1.4186e-11
2.3937e-11,7.6938e-12,1.3434e-11
1.5045e-11,1.5393e-11,1.5006e-11
2.9073e-11,2.8521e-11,2.9287e-11
3.1204e-11,4.6738e-11,3.0387e-11
2.0458e-11,1.3326e-11,1.185e-11
1.5296e-11,1.5647e-11,2.1259e-11
2.2479e-11,1.8729e-11,1.147e-11
2.5545e-11,4.0478e-11,2.6843e-11
2.469e-11,1.8939e-11,1.045e-11
2.1435e-11,2.4685e-11,1.6614e-11
1.0316e-11,1.6022e-11,1.58e-11
2.0787e-11,3.0665e-11,1.5226e-11
2.263e-11,3.9769e-11,2.1927e-11
2.6741e-11,4.0524e-11,3.4042e-11
7.5254e-12,1.6211e-11,1.7158e-11
1.9041e-11,3.0198e-11,1.2793e-11
1.8232e-11,3.0604e-11,1.03e-11
7.3794e-12,1.875e-11,1.2854e-11
2.5612e-11,4.4941e-11,3.7473e-11
1.5289e-11,3.8075e-11,2.1561e-11
7.3853e-12,2.0156e-11,1.2663e-11
8.2074e-12,2.1813e-11,1.2727e-11
1.6977e-11,2.336e-11,2.2821e-11
1.0847e-11,1.6573e-11,1.5593e-11
4.3283e-11,1.0468e-11,4.0964e-11
3.8302e-11,5.8287e-12,4.3106e-11
4.0584e-11,1.2205e-11,4.2872e-11
3.5379e-11,1.1299e-11,3.8612e-11
2.7379e-11,3.9829e-12,2.7073e-11
3.722e-11,1.0414e-11,3.3475e-11
2.9477e-11,5.2475e-12,3.2769e-11
3.3034e-11,1.6489e-11,4.3295e-11
3.2154e-11,7.544e-12,3.0403e-11
3.305e-11,8.7775e-12,3.0451e-11
3.1703e-11,8.3798e-12,2.871e-11
6.108e-11,2.1466e-11,4.7214e-11
2.9883e-11,8.256e-12,2.7963e-11
2.5196e-11,8.2632e-12,2.3353e-11
2.4771e-11,6.352e-12,2.4186e-11
2.1566e-11,1.0163e-11,2.3146e-11
3.5109e-11,8.9982e-12,3.2933e-11
3.8377e-11,1.6053e-11,3.0893e-11
1.8689e-11,8.3663e-12,2.1454e-11
1.9757e-11,7.7029e-12,2.0512e-11
3.5786e-11,2.6351e-11,5.0703e-11
1.8515e-11,1.039e-11,2.2346e-11
3.0555e-11,1.2535e-11,2.5066e-11
2.1031e-11,1.4405e-11,2.1792e-11
2.2649e-11,8.7559e-12,1.9586e-11
1.4185e-11,9.681e-12,1.3076e-11
2.2631e-11,1.3513e-11,1.6473e-11
2.2184e-11,1.2658e-11,1.5291e-11
1.9729e-11,6.2328e-12,1.7762e-11
2.009e-11,7.9251e-12,1.4603e-11
2.2537e-11,2.4816e-11,2.5682e-11
1.7286e-11,1.5081e-11,1.2586e-11
2.6194e-11,1.1137e-11,1.1478e-11
2.9728e-11,1.0984e-11,1.3411e-11
2.7354e-11,2.8398e-11,3.0852e-11
1.8176e-11,1.8102e-11,2.2448e-11
1.6728e-11,1.5964e-11,2.0726e-11
1.8934e-11,2.0531e-11,2.0721e-11
2.163e-11,2.3802e-11,1.6949e-11
1.9786e-11,2.281e-11,1.6753e-11
8.2022e-12,1.3899e-11,1.3914e-11
2.3159e-11,3.9527e-11,2.4592e-11
1.9145e-11,2.7407e-11,1.4717e-11
7.3757e-12,1.5484e-11,1.517e-11
1.8332e-11,3.4218e-11,1.6478e-11
1.8996e-11,2.5948e-11,1.1078e-11
1.2737e-11,1.6471e-11,1.4873e-11
9.4919e-12,1.5864e-11,1.8249e-11
7.9562e-12,1.6649e-11,1.2469e-11
1.9147e-11,2.3881e-11,1.027e-11
2.3748e-11,3.7464e-11,3.2507e-11
9.238e-12,1.9828e-11,1.3243e-11
2.2971e-11,2.5985e-11,1.1106e-11
1.1614e-11,2.0504e-11,1.301e-11
2.0119e-11,2.8776e-11,1.0692e-11
3.8828e-11,5.6311e-12,4.2735e-11
4.1865e-11,5.7333e-12,3.871e-11
2.988e-11,4.4307e-12,3.0018e-11
3.5197e-11,8.4592e-12,3.358e-11
3.7935e-11,1.8969e-11,4.4071e-11
2.6958e-11,7.3875e-12,2.6141e-11
4.4534e-11,2.9775e-11,4.8262e-11
2.1078e-11,1.0328e-11,2.3324e-11
4.4737e-11,3.1758e-11,4.8384e-11
4.1358e-11,1.9401e-11,3.7034e-11
2.9406e-11,2.0504e-11,3.1049e-11
2.7402e-11,1.3764e-11,2.8734e-11
1.9003e-11,1.1349e-11,2.3666e-11
2.7139e-11,1.4471e-11,2.3354e-11
2.2309e-11,1.5278e-11,2.3966e-11
2.535e-11,1.7608e-11,2.7371e-11
1.8957e-11,4.6416e-12,1.7705e-11
4.0487e-11,4.0774e-11,4.5246e-11
3.0612e-11,3.035e-11,3.4821e-11
1.9989e-11,6.7187e-12,1.4276e-11
1.9866e-11,7.9211e-12,1.3968e-11
1.7642e-11,1.3907e-11,1.2264e-11
2.1731e-11,8.302e-12,1.3646e-11
2.3558e-11,7.8631e-12,1.3867e-11
2.1182e-11,1.4659e-11,1.4858e-11
3.3632e-11,3.8162e-11,3.5129e-11
2.1333e-11,2.3027e-11,1.6431e-11
2.7991e-11,4.6699e-11,3.087e-11
1.2255e-11,1.485e-11,1.718e-11
2.2432e-11,2.8389e-11,1.617e-11
8.3683e-12,1.8298e-11,1.8933e-11
8.0227e-12,2.1099e-11,1.7457e-11
8.043e-12,2.3206e-11,1.7429e-11
2.0752e-11,3.0816e-11,2.8394e-11
1.6167e-11,3.1983e-11,1.7748e-11
8.633e-12,1.9256e-11,1.4185e-11
1.8514e-11,2.525e-11,1.1023e-11
9.7282e-12,1.9691e-11,2.0493e-11
7.239e-12,1.9015e-11,1.3472e-11
1.1551e-11,1.7893e-11,1.4352e-11
1.8092e-11,2.5471e-11,9.1509e-12
2.4354e-11,3.6311e-11,3.1168e-11
1.9759e-11,4.235e-11,2.1214e-11
2.0766e-11,2.6834e-11,2.4677e-11
1.4443e-11,1.9916e-11,1.8415e-11
2.1022e-11,2.4767e-11,1.4883e-11
4.1393e-11,3.0139e-12,4.1002e-11
3.4336e-11,6.0238e-12,3.7028e-11
4.0011e-11,1.1142e-11,3.6378e-11
2.819e-11,4.4241e-12,3.1224e-11
2.7799e-11,5.3177e-12,2.742e-11
2.347e-11,3.9215e-12,2.6382e-11
2.072e-11,1.0441e-11,2.2157e-11
2.1264e-11,5.0443e-12,2.0788e-11
3.7251e-11,2.2055e-11,4.0313e-11
3.2302e-11,1.3112e-11,2.8198e-11
2.4016e-11,1.3853e-11,3.2187e-11
4.2831e-11,2.7254e-11,4.8094e-11
2.0611e-11,1.452e-11,2.2153e-11
2.6818e-11,3.0101e-11,5.099e-11
2.2758e-11,1.4838e-11,2.3385e-11
1.7874e-11,1.0498e-11,1.5959e-11
1.5552e-11,2.4443e-11,1.577e-11
1.6411e-11,8.954e-12,2.3645e-11
2.5646e-11,2.2511e-11,2.832e-11
1.5447e-11,1.6709e-11,1.9838e-11
2.8041e-11,4.2198e-11,3.6876e-11
1.5429e-11,9.811e-12,1.7434e-11
1.9482e-11,1.9616e-11,1.2802e-11
1.7925e-11,2.1618e-11,1.7466e-11
2.5048e-11,4.1858e-11,3.1007e-11
1.8392e-11,1.9775e-11,2.1838e-11
1.7974e-11,2.6342e-11,1.4995e-11
2.0767e-11,3.5316e-11,2.4063e-11
8.4268e-12,2.2035e-11,1.3423e-11
6.5999e-12,1.9871e-11,1.3112e-11
9.5966e-12,1.8083e-11,2.0764e-11
1.4596e-11,2.1148e-11,1.8625e-11
9.5526e-12,1.6934e-11,1.2579e-11
7.2601e-12,1.3362e-11,2.2363e-11
8.766e-12,2.0194e-11,1.6779e-11
9.1889e-12,1.9001e-11,1.3926e-11
8.4531e-12,1.8312e-11,1.1577e-11
9.2936e-12,1.3417e-11,1.4281e-11
8.3157e-12,1.5535e-11,1.5953e-11
6.5825e-12,2.188e-11,1.0431e-11
1.0436e-11,1.6638e-11,1.0975e-11
1.4777e-11,2.3959e-11,1.0148e-11
1.077e-11,2.2364e-11,1.1816e-11
1.1686e-11,1.8982e-11,1.7923e-11
8.9612e-12,2.195e-11,1.3388e-11
3.0509e-11,5.5293e-11,2.628e-11
3.9167e-11,6.3522e-11,3.0848e-11
4.166e-11,8.0109e-12,4.0006e-11
3.9785e-11,1.2791e-11,4.2954e-11
3.1079e-11,7.456e-12,3.0118e-11
3.2726e-11,8.965e-12,3.1009e-11
3.8077e-11,9.1597e-12,3.5598e-11
2.53e-11,7.0253e-12,2.9804e-11
3.5772e-11,8.396e-12,3.3788e-11
5.0351e-11,1.65e-11,4.0456e-11
2.286e-11,5.396e-12,2.3473e-11
4.6574e-11,1.4788e-11,3.6937e-11
2.3953e-11,1.1459e-11,2.4537e-11
2.0307e-11,4.0462e-12,1.8886e-11
4.1603e-11,2.6862e-11,5.3831e-11
2.1294e-11,1.2373e-11,2.5437e-11
1.8096e-11,5.941e-12,1.5575e-11
2.2152e-11,1.1329e-11,1.7673e-11
2.6691e-11,2.9381e-11,5.0209e-11
3.5237e-11,2.684e-11,3.6905e-11
1.4521e-11,9.7819e-12,2.208e-11
1.9791e-11,9.1402e-12,1.6075e-11
2.5848e-11,2.9118e-11,4.7591e-11
1.8433e-11,4.7883e-12,1.6179e-11
1.8067e-11,1.64e-11,1.5842e-11
1.8514e-11,1.637e-11,2.3663e-11
2.611e-11,7.5223e-12,1.1377e-11
1.4699e-11,1.2539e-11,1.7469e-11
1.8135e-11,2.0781e-11,1.9698e-11
2.4953e-11,1.763e-11,1.1892e-11
2.5066e-11,3.2732e-11,2.96e-11
1.5469e-11,1.5606e-11,1.8477e-11
2.2664e-11,3.4466e-11,3.1531e-11
9.8605e-12,1.6945e-11,1.3458e-11
1.7445e-11,2.6737e-11,1.5977e-11
8.5283e-12,1.393e-11,1.7132e-11
2.6989e-11,3.7486e-11,3.4174e-11
1.6234e-11,2.4463e-11,1.8805e-11
8.1089e-12,1.6429e-11,1.2138e-11
8.4063e-12,1.4351e-11,1.525e-11
1.0766e-11,1.6203e-11,1.3616e-11
7.8615e-12,1.6759e-11,1.4961e-11
1.4254e-11,2.7531e-11,1.4987e-11
7.3016e-12,1.8567e-11,1.1532e-11
3.7005e-11,7.6917e-12,3.3559e-11
2.7817e-11,1.2448e-11,2.8762e-11
2.1733e-11,7.2649e-12,2.3337e-11
1.8423e-11,5.0152e-12,1.7521e-11
4.3201e-11,3.316e-11,4.5642e-11
1.8142e-11,1.2713e-11,1.8084e-11
3.5578e-11,1.7072e-11,3.3955e-11
1.6223e-11,6.5502e-12,1.7805e-11
3.6726e-11,2.941e-11,3.7903e-11
2.7024e-11,2.0375e-11,2.8378e-11
1.5495e-11,9.4456e-12,2.189e-11
1.98e-11,1.0846e-11,1.3948e-11
1.7103e-11,1.6336e-11,2.3671e-11
2.0678e-11,1.13e-11,1.496e-11
1.8786e-11,1.5586e-11,2.1156e-11
2.1947e-11,3.3628e-11,3.0977e-11
1.7861e-11,2.2608e-11,1.7309e-11
9.3553e-12,1.4289e-11,1.9786e-11
7.7941e-12,1.6486e-11,1.6153e-11
7.7082e-12,2.1928e-11,1.2787e-11
2.2853e-11,3.3494e-11,2.8164e-11
1.8597e-11,2.6501e-11,9.6631e-12
1.4312e-11,2.6207e-11,9.4684e-12
9.6287e-12,1.7433e-11,1.702e-11
1.1839e-11,1.398e-11,1.1896e-11
2.3597e-11,4.8545e-11,2.3804e-11
1.0206e-11,1.8498e-11,1.2706e-11
1.3879e-11,2.4964e-11,9.0049e-12
3.5799e-11,5.424e-12,3.7189e-11
3.7206e-11,6.7277e-12,3.6641e-11
2.9115e-11,6.9845e-12,2.9607e-11
3.0024e-11,1.355e-11,3.4979e-11
2.5885e-11,9.5378e-12,2.8294e-11
6.166e-11,2.1857e-11,4.9507e-11
5.9605e-11,2.1936e-11,4.9751e-11
2.1173e-11,3.8796e-12,2.2918e-11
3.1339e-11,1.2086e-11,2.5825e-11
1.7579e-11,1.0144e-11,1.8093e-11
1.8065e-11,1.2458e-11,2.1377e-11
1.7608e-11,1.2294e-11,1.6787e-11
2.2336e-11,1.0462e-11,2.0793e-11
2.0903e-11,5.0684e-12,1.7847e-11
2.8743e-11,2.1485e-11,3.1582e-11
2.8805e-11,1.5048e-11,3.2272e-11
1.6468e-11,6.0651e-12,1.5094e-11
1.7127e-11,1.5745e-11,2.3545e-11
1.7097e-11,1.2089e-11,2.2867e-11
2.3092e-11,3.5506e-11,3.7553e-11
2.0468e-11,3.0967e-11,3.7161e-11
1.7076e-11,1.2189e-11,1.1941e-11
1.4762e-11,1.7958e-11,1.7598e-11
1.8635e-11,2.2545e-11,1.9425e-11
1.7013e-11,2.3892e-11,1.8606e-11
1.4541e-11,2.303e-11,1.9062e-11
6.883e-12,1.7843e-11,1.2499e-11
8.5961e-12,2.6741e-11,1.1318e-11
1.883e-11,2.7221e-11,1.1762e-11
1.5227e-11,3.0749e-11,1.9639e-11
6.5455e-12,2.0517e-11,1.1752e-11
1.3097e-11,2.5324e-11,1.5569e-11
1.2822e-11,1.7226e-11,1.3202e-11
1.1933e-11,2.5194e-11,1.0981e-11
9.5863e-12,1.8997e-11,1.295e-11
7.3559e-12,2.0085e-11,1.1164e-11
1.4745e-11,3.2666e-11,2.5637e-11
1.2802e-11,1.8238e-11,1.1602e-11
8.9917e-12,1.4359e-11,1.3055e-11
1.6242e-11,2.1016e-11,1.8592e-11
9.5236e-12,2.1193e-11,1.1687e-11
1.5681e-11,3.7301e-11,1.976e-11
1.4207e-11,3.5896e-11,2.0171e-11
9.1471e-12,1.8329e-11,9.8896e-12
4.0171e-11,1.4972e-11,4.4031e-11
3.7576e-11,1.2271e-11,3.9068e-11
3.8549e-11,9.4496e-12,3.7244e-11
3.5441e-11,1.7851e-11,4.0754e-11
3.8904e-11,1.3694e-11,3.2025e-11
2.2629e-11,1.144e-11,2.859e-11
1.8321e-11,1.1512e-11,1.8059e-11
1.9119e-11,8.5399e-12,1.7492e-11
2.1618e-11,8.4362e-12,1.8438e-11
1.4734e-11,1.118e-11,2.0118e-11
2.837e-11,1.7699e-11,3.0384e-11
3.1712e-11,2.2858e-11,3.3116e-11
3.3941e-11,2.7598e-11,3.5928e-11
1.4141e-11,4.4337e-12,1.3198e-11
1.7196e-11,1.0151e-11,2.0176e-11
1.4827e-11,6.5739e-12,1.626e-11
2.3865e-11,2.2168e-11,2.7125e-11
1.9087e-11,7.8806e-12,1.4464e-11
1.5369e-11,7.1734e-12,2.0856e-11
3.7323e-11,4.0323e-11,3.9908e-11
1.7187e-11,8.1912e-12,1.313e-11
1.4411e-11,1.4064e-11,1.6608e-11
2.5356e-11,2.8027e-11,2.9026e-11
1.5977e-11,1.7411e-11,1.8613e-11
2.6301e-11,2.8922e-11,3.0287e-11
1.4769e-11,1.9666e-11,1.625e-11
1.57e-11,1.7801e-11,1.9002e-11
9.3906e-12,1.245e-11,1.6272e-11
9.9854e-12,1.4428e-11,1.9423e-11
8.5749e-12,1.6853e-11,1.2933e-11
9.5214e-12,1.4689e-11,1.6542e-11
8.6706e-12,2.0983e-11,1.3924e-11
1.3793e-11,2.6275e-11,1.8751e-11
1.1758e-11,2.5201e-11,1.3494e-11
2.099e-11,2.9717e-11,2.4877e-11
6.5586e-12,1.9545e-11,1.0503e-11
8.9913e-12,1.4371e-11,1.4317e-11
1.0573e-11,1.3527e-11,1.0961e-11
9.9117e-12,2.5078e-11,1.3751e-11
1.5171e-11,2.8295e-11,9.9467e-12
9.8349e-12,2.4937e-11,1.3769e-11
9.2989e-12,2.0035e-11,1.066e-11
1.5947e-11,2.101e-11,1.8659e-11
3.8374e-11,8.0176e-12,3.6852e-11
3.1064e-11,4.0814e-12,3.2472e-11
3.611e-11,1.5154e-11,4.3726e-11
2.42e-11,5.7685e-12,2.4876e-11
2.1758e-11,1.111e-11,2.3381e-11
2.2854e-11,7.9871e-12,2.4257e-11
2.7713e-11,7.8415e-12,2.5995e-11
4.3602e-11,2.871e-11,4.7237e-11
1.7659e-11,8.309e-12,1.6995e-11
3.3272e-11,1.6129e-11,3.1371e-11
2.0013e-11,8.79e-12,2.0829e-11
1.8659e-11,8.4329e-12,2.0285e-11
3.1026e-11,2.2165e-11,3.7142e-11
3.553e-11,2.9296e-11,3.8037e-11
1.5195e-11,1.2016e-11,1.6546e-11
2.1383e-11,7.9243e-12,1.7347e-11
2.2089e-11,2.9428e-11,5.1269e-11
3.9891e-11,3.8405e-11,4.2128e-11
1.5267e-11,8.4148e-12,2.005e-11
1.4914e-11,6.9402e-12,1.416e-11
1.8807e-11,5.9286e-12,1.3296e-11
2.2901e-11,2.1043e-11,2.6315e-11
1.758e-11,1.1945e-11,1.3486e-11
1.4283e-11,1.4837e-11,2.1747e-11
1.724e-11,1.0515e-11,1.1599e-11
1.5329e-11,1.652e-11,1.7819e-11
1.8859e-11,1.8031e-11,1.9859e-11
1.2492e-11,1.6308e-11,1.6546e-11
7.9791e-12,1.4509e-11,1.637e-11
1.755e-11,2.3963e-11,2.1587e-11
8.3399e-12,1.7781e-11,1.6796e-11
1.1982e-11,2.1506e-11,1.5926e-11
7.979e-12,1.6432e-11,1.5986e-11
2.8133e-11,4.0652e-11,3.5391e-11
1.0774e-11,2.0033e-11,1.4261e-11
1.5424e-11,2.53e-11,1.1772e-11
1.0664e-11,2.3341e-11,1.1106e-11
7.578e-12,9.1012e-12,1.3815e-11
2.0791e-11,2.6914e-11,2.1062e-11
1.0066e-11,9.6906e-12,1.2568e-11
9.6283e-12,2.4099e-11,1.4942e-11
1.5551e-11,2.9111e-11,1.0804e-11
9.338e-12,1.8227e-11,9.7619e-12
1.4756e-11,1.6902e-11,1.7745e-11
1.0698e-11,1.967e-11,1.4745e-11
1.0706e-11,1.9221e-11,1.215e-11
3.8887e-11,7.2416e-12,3.6122e-11
3.6395e-11,8.6852e-12,3.6321e-11
4.3144e-11,9.8628e-12,3.759e-11
3.5383e-11,1.2312e-11,3.6528e-11
3.6873e-11,8.4363e-12,3.3448e-11
2.9695e-11,6.2534e-12,3.1308e-11
2.5443e-11,8.0226e-12,2.4724e-11
2.8621e-11,6.6437e-12,2.7116e-11
3.9944e-11,2.0241e-11,4.5252e-11
4.1707e-11,1.4175e-11,3.6284e-11
2.1542e-11,3.7395e-12,2.3159e-11
4.7138e-11,3.2154e-11,5.0168e-11
4.7964e-11,3.2274e-11,5.0661e-11
2.56e-11,8.2586e-12,2.4858e-11
2.7162e-11,1.4123e-11,2.93e-11
2.5096e-11,1.2461e-11,2.7653e-11
4.02e-11,1.918e-11,3.5839e-11
2.9529e-11,1.6401e-11,2.9682e-11
1.7579e-11,1.3952e-11,1.9486e-11
1.9499e-11,7.0804e-12,1.9784e-11
3.2055e-11,1.0991e-11,2.738e-11
4.5077e-11,3.2358e-11,5.8451e-11
2.8075e-11,1.4734e-11,2.769e-11
1.9102e-11,5.3674e-12,1.7466e-11
3.4665e-11,2.9095e-11,5.0847e-11
4.1856e-11,3.5366e-11,4.5645e-11
1.7584e-11,9.516e-12,1.9627e-11
1.9042e-11,1.0443e-11,1.7357e-11
1.6198e-11,7.4136e-12,1.5807e-11
2.1112e-11,2.5896e-11,4.5727e-11
1.8296e-11,7.2069e-12,1.3209e-11
1.6943e-11,7.6581e-12,1.4807e-11
1.4202e-11,6.3234e-12,1.7662e-11
1.6216e-11,1.0249e-11,1.4259e-11
1.8816e-11,2.6843e-11,4.2296e-11
1.4842e-11,9.3032e-12,1.6952e-11
1.4831e-11,1.0307e-11,1.7149e-11
1.9827e-11,6.5483e-12,1.6481e-11
3.8984e-11,4.2301e-11,4.101e-11
2.5447e-11,2.8353e-11,2.847e-11
1.6857e-11,1.1688e-11,1.3772e-11
1.6718e-11,1.2127e-11,1.3679e-11
3.0298e-11,3.5801e-11,3.173e-11
1.6098e-11,2.1399e-11,2.4836e-11
3.1136e-11,4.0422e-11,3.2667e-11
3.4156e-11,4.3448e-11,3.6457e-11
8.2272e-12,1.4219e-11,1.7497e-11
3.1267e-11,4.5283e-11,3.5239e-11
1.1568e-11,2.0735e-11,1.4191e-11
1.8146e-11,3.5644e-11,2.8939e-11
1.3882e-11,2.4031e-11,1.1368e-11
7.781e-12,1.757e-11,1.2651e-11
1.0524e-11,1.5778e-11,1.4733e-11
1.5057e-11,2.0973e-11,1.5406e-11
1.1971e-11,2.3003e-11,1.5662e-11
9.0614e-12,1.8639e-11,9.9709e-12
1.473e-11,1.8059e-11,1.3241e-11
8.8598e-12,1.6871e-11,1.1449e-11
1.0823e-11,2.2213e-11,1.2433e-11
2.601e-11,3.6183e-11,2.841e-11
8.4957e-12,1.5813e-11,1.2359e-11
8.634e-12,1.6973e-11,9.6967e-12
1.3726e-11,3.3515e-11,2.1723e-11
3.6573e-11,6.8344e-12,3.4775e-11
3.1773e-11,5.9993e-12,3.2606e-11
4.0182e-11,2.013e-11,4.7461e-11
3.6823e-11,1.6879e-11,3.8902e-11
2.8016e-11,6.4374e-12,2.9735e-11
2.8976e-11,7.0175e-12,2.8175e-11
5.7301e-11,2.5699e-11,5.2994e-11
2.2194e-11,5.3534e-12,2.1644e-11
3.0105e-11,1.7015e-11,3.1726e-11
1.6814e-11,9.1259e-12,2.0321e-11
2.0046e-11,7.6923e-12,2.0989e-11
1.9106e-11,5.0391e-12,1.6134e-11
3.7402e-11,3.0559e-11,3.8797e-11
4.0871e-11,3.9735e-11,4.3745e-11
1.8503e-11,8.081e-12,1.3619e-11
2.0479e-11,1.0464e-11,1.5847e-11
2.1994e-11,2.9369e-11,4.9344e-11
1.6151e-11,7.4301e-12,1.5227e-11
1.7087e-11,1.2948e-11,2.0785e-11
1.6788e-11,1.1973e-11,1.4552e-11
1.4659e-11,1.093e-11,2.081e-11
1.6818e-11,5.9625e-12,1.2262e-11
1.6945e-11,2.3698e-11,3.6608e-11
1.6715e-11,1.567e-11,1.8515e-11
2.0432e-11,1.4669e-11,1.3248e-11
1.2759e-11,1.3422e-11,1.8451e-11
1.425e-11,1.5108e-11,1.6713e-11
2.0581e-11,2.7541e-11,2.2975e-11
1.1354e-11,2.0165e-11,1.2779e-11
1.8787e-11,3.6644e-11,3.2606e-11
1.3428e-11,2.4127e-11,1.2004e-11
1.8148e-11,2.4843e-11,1.1001e-11
1.1684e-11,2.2188e-11,1.4121e-11
1.6845e-11,3.5669e-11,3.058e-11
7.4852e-12,1.9981e-11,9.9208e-12
7.3645e-12,1.0576e-11,1.1297e-11
1.4526e-11,3.7571e-11,1.2153e-11
1.9085e-11,2.8048e-11,1.0744e-11
9.0694e-12,2.2008e-11,1.3482e-11
1.4683e-11,2.8308e-11,1.0583e-11
1.1557e-11,1.9133e-11,1.2745e-11
8.2167e-12,1.9771e-11,8.7075e-12
1.3453e-11,2.8905e-11,9.8679e-12
2.4233e-11,4.1787e-11,2.9155e-11
4.5441e-11,1.0462e-11,3.9345e-11
3.4242e-11,1.1847e-11,3.5261e-11
3.3319e-11,6.4615e-12,3.4222e-11
3.0636e-11,7.5833e-12,3.2298e-11
2.8258e-11,5.7215e-12,2.8698e-11
3.6768e-11,1.9426e-11,4.288e-11
3.0223e-11,1.2544e-11,3.1862e-11
2.2231e-11,6.8248e-12,2.2074e-11
3.6047e-11,9.052e-12,3.2537e-11
3.6103e-11,1.0509e-11,3.1849e-11
2.0763e-11,5.3971e-12,1.9973e-11
2.0302e-11,4.8856e-12,1.9438e-11
3.7914e-11,1.5817e-11,3.4194e-11
2.7689e-11,1.0928e-11,2.4073e-11
4.4139e-11,4.0008e-11,4.6545e-11
1.5412e-11,1.2311e-11,2.0285e-11
2.4621e-11,1.7281e-11,2.6468e-11
2.0178e-11,1.1004e-11,2.2244e-11
3.0106e-11,2.9357e-11,3.2593e-11
1.4924e-11,7.8467e-12,1.2502e-11
1.6506e-11,1.1952e-11,1.2474e-11
1.5306e-11,1.0681e-11,1.4413e-11
2.9685e-11,3.1581e-11,2.8197e-11
1.14e-11,1.4222e-11,2.0031e-11
1.9284e-11,7.5628e-12,2.3297e-11
1.6466e-11,1.5615e-11,1.2588e-11
1.2687e-11,1.9699e-11,2.5839e-11
1.2004e-11,1.47e-11,1.7185e-11
1.8817e-11,2.1466e-11,1.9638e-11
2.5804e-11,3.2913e-11,2.5833e-11
2.3727e-11,3.2818e-11,2.588e-11
1.0375e-11,1.2728e-11,1.5085e-11
3.3101e-11,4.4486e-11,3.5284e-11
1.5272e-11,2.8367e-11,2.7695e-11
7.4417e-12,1.6541e-11,1.4373e-11
2.3678e-11,3.2306e-11,2.4314e-11
1.2889e-11,2.3243e-11,1.389e-11
1.6469e-11,2.8344e-11,9.8223e-12
1.224e-11,2.5302e-11,2.7112e-11
2.945e-11,4.2952e-11,3.3838e-11
1.8785e-11,2.6222e-11,2.2434e-11
1.229e-11,2.363e-11,1.1261e-11
8.0652e-12,2.1399e-11,1.401e-11
1.1373e-11,1.9484e-11,1.5253e-11
9.768e-12,2.6682e-11,1.9349e-11
3.7365e-11,1.3076e-11,3.8394e-11
3.6026e-11,7.7025e-12,3.8115e-11
2.3274e-11,1.1161e-11,2.4152e-11
2.6106e-11,1.0898e-11,2.7505e-11
4.1585e-11,1.298e-11,3.7622e-11
6.0615e-11,2.4728e-11,5.4069e-11
2.2272e-11,7.2824e-12,2.1402e-11
2.9368e-11,1.6818e-11,2.9753e-11
2.2748e-11,7.5377e-12,2.303e-11
4.9148e-11,2.4919e-11,4.946e-11
3.0358e-11,1.7191e-11,3.2113e-11
1.8643e-11,3.5469e-12,1.7832e-11
1.8503e-11,7.6732e-12,1.7145e-11
2.9625e-11,1.4292e-11,2.8375e-11
2.1456e-11,4.8076e-12,2.2945e-11
3.2931e-11,2.2935e-11,3.8182e-11
3.3679e-11,2.3628e-11,3.9158e-11
1.5541e-11,4.519e-12,1.5439e-11
1.7284e-11,9.5659e-12,1.6974e-11
1.4221e-11,6.3434e-12,1.6346e-11
2.4647e-11,1.2447e-11,2.4028e-11
2.1297e-11,1.1318e-11,2.6223e-11
1.9287e-11,9.658e-12,2.722e-11
1.921e-11,9.0552e-12,2.3929e-11
2.2549e-11,1.4584e-11,2.3935e-11
1.3829e-11,6.5305e-12,1.288e-11
1.8907e-11,1.4198e-11,2.3105e-11
1.6621e-11,1.2585e-11,1.5174e-11
1.6665e-11,1.4113e-11,1.9627e-11
1.6126e-11,9.7689e-12,2.2534e-11
1.8742e-11,1.0317e-11,1.3024e-11
1.3874e-11,1.4589e-11,1.9125e-11
1.2248e-11,1.7913e-11,2.3088e-11
1.5808e-11,1.6015e-11,1.4147e-11
9.4041e-12,1.4855e-11,1.2059e-11
3.1116e-11,4.199e-11,3.3036e-11
1.0943e-11,1.9491e-11,1.3653e-11
1.9173e-11,3.4088e-11,3.7397e-11
2.4619e-11,3.2392e-11,2.3013e-11
1.8302e-11,2.6113e-11,2.1134e-11
9.9929e-12,2.3807e-11,1.1797e-11
9.852e-12,2.3451e-11,1.2471e-11
2.872e-11,4.2798e-11,3.297e-11
1.3578e-11,2.0535e-11,1.6977e-11
1.3103e-11,2.1324e-11,1.3889e-11
1.2548e-11,2.021e-11,1.3618e-11
1.7839e-11,3.6523e-11,1.3752e-11
1.1001e-11,2.3929e-11,9.3484e-12
1.1025e-11,2.2504e-11,2.1513e-11
1.0705e-11,1.2936e-11,9.8497e-12
8.6172e-12,2.2071e-11,1.1548e-11
3.511e-11,6.9586e-12,3.7898e-11
3.2227e-11,6.3168e-12,3.4887e-11
3.6882e-11,1.6613e-11,4.147e-11
2.0803e-11,1.1709e-11,2.1381e-11
2.294e-11,4.9721e-12,2.3919e-11
2.0417e-11,7.091e-12,2.0002e-11
2.0474e-11,9.2828e-12,1.9243e-11
5.2109e-11,2.9694e-11,5.4514e-11
3.0335e-11,1.5605e-11,3.5425e-11
2.0538e-11,8.0928e-12,2.0557e-11
4.2444e-11,2.8598e-11,4.7966e-11
4.4228e-11,3.4139e-11,5.7212e-11
2.3515e-11,1.3345e-11,2.7972e-11
1.7708e-11,8.8511e-12,1.8174e-11
1.9024e-11,7.4776e-12,1.8172e-11
2.5651e-11,1.647e-11,2.5091e-11
2.088e-11,1.0854e-11,2.4824e-11
2.609e-11,2.9259e-11,4.2224e-11
1.789e-11,9.8729e-12,1.7304e-11
1.7786e-11,1.6454e-11,1.4043e-11
2.4679e-11,2.1054e-11,2.743e-11
2.476e-11,2.1515e-11,2.731e-11
1.7771e-11,1.4105e-11,2.3528e-11
1.6782e-11,9.4149e-12,2.3649e-11
1.611e-11,1.3089e-11,1.3774e-11
1.5202e-11,1.1422e-11,1.465e-11
2.2158e-11,1.2555e-11,1.4617e-11
2.1422e-11,6.7235e-12,1.464e-11
3.3383e-11,4.1131e-11,3.4087e-11
1.213e-11,1.4181e-11,1.5569e-11
1.2116e-11,1.5579e-11,1.442e-11
1.2325e-11,1.7099e-11,1.6255e-11
1.3867e-11,1.4681e-11,1.5246e-11
1.0661e-11,1.5946e-11,1.5334e-11
1.3833e-11,2.2016e-11,2.629e-11
2.9835e-11,4.3142e-11,3.19e-11
1.5888e-11,2.6867e-11,1.0805e-11
9.7081e-12,2.037e-11,1.0028e-11
2.0621e-11,3.1864e-11,2.7095e-11
8.9968e-12,1.6535e-11,1.4236e-11
8.0514e-12,1.9708e-11,1.3997e-11
9.3369e-12,1.6045e-11,1.3209e-11
1.4095e-11,2.9694e-11,3.041e-11
1.213e-11,2.1402e-11,1.2733e-11
1.2256e-11,2.0948e-11,1.2823e-11
1.3058e-11,3.1491e-11,1.0389e-11
8.8387e-12,2.0183e-11,2.1841e-11
7.8982e-12,1.8541e-11,8.1545e-12
7.1313e-12,2.1899e-11,9.9487e-12
1.6467e-11,3.0917e-11,1.7134e-11
3.6875e-11,7.467e-12,3.6213e-11
3.6276e-11,6.2521e-12,3.8239e-11
2.7162e-11,8.3247e-12,2.6609e-11
2.2466e-11,1.2162e-11,2.3003e-11
4.1492e-11,2.1036e-11,4.8403e-11
3.3661e-11,1.3954e-11,3.3577e-11
5.9119e-11,2.3673e-11,5.2327e-11
3.0337e-11,1.5433e-11,4.0349e-11
3.4791e-11,1.2566e-11,2.8416e-11
3.6205e-11,1.2188e-11,2.9411e-11
4.6168e-11,3.3231e-11,4.9244e-11
2.0169e-11,8.0679e-12,2.0228e-11
2.1391e-11,1.6076e-11,2.1201e-11
2.0105e-11,1.0172e-11,2.4149e-11
1.5666e-11,5.4561e-12,1.4736e-11
1.9246e-11,1.0819e-11,1.8685e-11
3.3858e-11,2.4475e-11,3.8443e-11
4.1591e-11,3.6283e-11,4.3056e-11
2.2223e-11,1.0149e-11,2.4536e-11
2.1346e-11,5.8775e-12,1.5574e-11
2.006e-11,1.1975e-11,2.0484e-11
1.9809e-11,7.6587e-12,1.9616e-11
1.4597e-11,1.0256e-11,1.5285e-11
1.92e-11,9.9791e-12,2.4836e-11
1.6429e-11,1.0588e-11,1.523e-11
1.6704e-11,6.5933e-12,2.2932e-11
1.8042e-11,1.4107e-11,2.1669e-11
3.7613e-11,4.0222e-11,3.9295e-11
1.9139e-11,2.8114e-11,4.262e-11
1.9465e-11,1.3063e-11,1.3634e-11
1.5065e-11,1.5047e-11,2.0689e-11
3.737e-11,4.5947e-11,3.9565e-11
1.4218e-11,2.2476e-11,3.1672e-11
1.9486e-11,2.6659e-11,2.0953e-11
1.6539e-11,1.6862e-11,1.4027e-11
9.5047e-12,1.8691e-11,1.0669e-11
8.8442e-12,1.639e-11,1.8109e-11
9.4392e-12,1.9425e-11,1.414e-11
1.7435e-11,2.3833e-11,1.7746e-11
1.4584e-11,2.0066e-11,1.4266e-11
1.3003e-11,1.8456e-11,1.4169e-11
8.2701e-12,1.6587e-11,1.0694e-11
1.5049e-11,3.087e-11,3.3124e-11
1.0142e-11,1.144e-11,1.3029e-11
2.5607e-11,3.4043e-11,2.6606e-11
8.2234e-12,1.9075e-11,2.1159e-11
1.8747e-11,2.5817e-11,1.9946e-11
1.6105e-11,2.1604e-11,1.6468e-11
2.2231e-11,2.1033e-11,1.8509e-11
3.2685e-11,1.3264e-11,3.256e-11
3.2568e-11,6.5858e-12,3.217e-11
3.0559e-11,1.5618e-11,3.0453e-11
4.3528e-11,1.3769e-11,3.9228e-11
3.0023e-11,1.0824e-11,3.0428e-11
4.5032e-11,1.5588e-11,3.8841e-11
2.7332e-11,1.3114e-11,3.6664e-11
1.9821e-11,8.3794e-12,2.0553e-11
4.0399e-11,2.8392e-11,4.2221e-11
4.351e-11,2.2102e-11,4.4175e-11
4.458e-11,3.1172e-11,5.0792e-11
2.8651e-11,1.6498e-11,2.95e-11
1.821e-11,4.8421e-12,1.558e-11
3.4079e-11,2.4054e-11,3.7842e-11
1.7076e-11,6.926e-12,1.7239e-11
3.872e-11,3.3717e-11,3.968e-11
1.6023e-11,7.6844e-12,1.6373e-11
2.0921e-11,9.2772e-12,2.0396e-11
3.2798e-11,3.1881e-11,5.0693e-11
1.5326e-11,1.151e-11,1.6443e-11
1.5652e-11,1.1994e-11,1.4931e-11
1.6376e-11,1.2354e-11,1.8049e-11
1.4997e-11,1.6081e-11,2.517e-11
1.9691e-11,1.0413e-11,1.4591e-11
1.6502e-11,1.009e-11,2.2502e-11
1.3861e-11,1.6471e-11,2.2637e-11
1.091e-11,1.313e-11,1.4407e-11
1.7997e-11,3.175e-11,4.2598e-11
1.2464e-11,1.5463e-11,1.7082e-11
1.0465e-11,1.6104e-11,1.1187e-11
9.6146e-12,2.024e-11,1.2939e-11
1.9928e-11,2.869e-11,2.0384e-11
7.9742e-12,2.0552e-11,1.2068e-11
1.1942e-11,2.5226e-11,2.9361e-11
9.6266e-12,2.3081e-11,9.9858e-12
1.2756e-11,1.9029e-11,1.5978e-11
8.8676e-12,1.4238e-11,9.1949e-12
1.8652e-11,1.5704e-11,1.365e-11
1.5796e-11,1.911e-11,1.6289e-11
4.631e-11,8.9242e-12,4.1448e-11
3.8802e-11,1.2744e-11,4.0721e-11
4.1624e-11,7.7268e-12,3.9127e-11
3.4905e-11,1.7793e-11,3.3825e-11
2.9221e-11,1.0145e-11,2.9187e-11
3.4945e-11,1.1264e-11,3.36e-11
2.9639e-11,1.1553e-11,3.1792e-11
2.7403e-11,7.4545e-12,2.5715e-11
2.0852e-11,1.53e-11,1.951e-11
2.3495e-11,8.4937e-12,2.2625e-11
2.4979e-11,1.0715e-11,2.6672e-11
1.9237e-11,1.5709e-11,1.8506e-11
1.9424e-11,8.5708e-12,2.0023e-11
4.3894e-11,3.0789e-11,4.6085e-11
3.4049e-11,1.9496e-11,3.4381e-11
3.0824e-11,1.7353e-11,3.1868e-11
4.5022e-11,3.0778e-11,4.565e-11
4.7588e-11,3.5993e-11,5.6226e-11
4.4211e-11,3.6938e-11,4.5747e-11
3.6809e-11,2.518e-11,3.9179e-11
3.4285e-11,2.7136e-11,3.3547e-11
3.125e-11,2.3587e-11,2.9463e-11
2.1417e-11,1.2062e-11,2.3257e-11
2.0609e-11,7.5624e-12,1.3542e-11
1.8599e-11,1.8755e-11,2.5386e-11
1.535e-11,1.3876e-11,2.0899e-11
1.6276e-11,8.1014e-12,2.6251e-11
1.4417e-11,9.5601e-12,1.4904e-11
3.3117e-11,3.3114e-11,3.1044e-11
1.4944e-11,1.523e-11,2.3526e-11
1.7688e-11,9.0634e-12,1.4312e-11
1.7082e-11,2.8217e-11,3.6653e-11
3.5325e-11,4.0643e-11,3.6218e-11
2.5055e-11,1.8477e-11,1.4082e-11
1.3117e-11,2.1545e-11,2.5277e-11
1.7967e-11,7.2857e-12,1.9761e-11
1.6404e-11,2.3652e-11,3.7962e-11
1.3602e-11,2.2678e-11,3.0485e-11
1.1709e-11,1.4884e-11,1.6119e-11
2.7994e-11,3.7044e-11,2.727e-11
9.1516e-12,1.7395e-11,1.1559e-11
1.7433e-11,2.6813e-11,1.8942e-11
7.6575e-12,1.6996e-11,1.613e-11
8.3297e-12,2.4429e-11,1.1986e-11
9.1704e-12,1.8017e-11,1.3434e-11
8.0063e-12,1.895e-11,9.1478e-12
1.0145e-11,1.8227e-11,1.0516e-11
2.2675e-11,1.6966e-11,1.8184e-11
1.5048e-11,1.5324e-11,1.5182e-11
4.0206e-11,1.5252e-11,4.1204e-11
3.0678e-11,6.5752e-12,3.0838e-11
4.6502e-11,1.726e-11,4.1026e-11
2.1611e-11,3.7178e-12,2.2758e-11
1.7481e-11,5.8841e-12,1.85e-11
2.2594e-11,9.0835e-12,1.9338e-11
4.193e-11,3.4358e-11,4.3862e-11
2.0961e-11,4.8726e-12,1.9473e-11
1.9514e-11,8.8926e-12,1.8867e-11
4.2209e-11,3.7608e-11,4.957e-11
3.4874e-11,3.0496e-11,4.2306e-11
4.0153e-11,4.0469e-11,4.2444e-11
4.1752e-11,4.2613e-11,4.2564e-11
1.4908e-11,1.0141e-11,1.5436e-11
3.0913e-11,3.1454e-11,3.0565e-11
2.3377e-11,9.8764e-12,1.0748e-11
2.1091e-11,1.1802e-11,1.4176e-11
1.9504e-11,1.3839e-11,1.3802e-11
1.5442e-11,1.6901e-11,1.1991e-11
1.7268e-11,2.5663e-11,4.2555e-11
3.7894e-11,4.5319e-11,3.9077e-11
2.9114e-11,3.4658e-11,2.81e-11
1.5796e-11,2.7651e-11,4.3939e-11
1.2844e-11,1.4321e-11,1.3515e-11
1.5986e-11,2.7302e-11,4.3601e-11
1.5556e-11,2.3026e-11,1.614e-11
9.4633e-12,1.4309e-11,1.4261e-11
1.0966e-11,1.6303e-11,1.1345e-11
1.0525e-11,1.6034e-11,1.0371e-11
1.5504e-11,2.3718e-11,1.6929e-11
8.8871e-12,2.0499e-11,1.1317e-11
1.5499e-11,2.4156e-11,1.8011e-11
1.5786e-11,3.1509e-11,9.8925e-12
1.0127e-11,2.9757e-11,1.0524e-11
1.0177e-11,1.903e-11,1.09e-11
1.6097e-11,2.0122e-11,2.1458e-11
1.7832e-11,2.2222e-11,2.1704e-11
4.0851e-11,1.5923e-11,4.0828e-11
3.5175e-11,8.5552e-12,3.5142e-11
2.7155e-11,6.3492e-12,2.9742e-11
2.8303e-11,9.7747e-12,3.0326e-11
4.0976e-11,1.9102e-11,5.0442e-11
3.0349e-11,9.1137e-12,2.8748e-11
4.8102e-11,1.7931e-11,3.9582e-11
2.3718e-11,5.3465e-12,2.4319e-11
5.8782e-11,2.2474e-11,5.038e-11
6.0502e-11,2.5387e-11,5.7298e-11
2.1579e-11,9.2561e-12,2.0772e-11
1.8097e-11,6.8814e-12,1.8044e-11
2.022e-11,8.8409e-12,1.9817e-11
1.8664e-11,9.1624e-12,1.6769e-11
1.7876e-11,5.7028e-12,1.6279e-11
2.0081e-11,7.6693e-12,2.0353e-11
2.046e-11,7.645e-12,2.0735e-11
3.2335e-11,1.8847e-11,3.085e-11
1.8214e-11,5.1984e-12,1.5563e-11
2.1544e-11,8.0015e-12,2.1458e-11
1.6927e-11,5.62e-12,1.3968e-11
2.3457e-11,1.4827e-11,2.4131e-11
1.5373e-11,6.8318e-12,1.5406e-11
2.3235e-11,1.9107e-11,2.4205e-11
1.6385e-11,1.0837e-11,1.8618e-11
1.5993e-11,7.4462e-12,1.4093e-11
1.6163e-11,8.7259e-12,1.8501e-11
1.5763e-11,5.8517e-12,2.1986e-11
1.973e-11,2.4276e-11,2.8396e-11
1.3519e-11,6.735e-12,2.1718e-11
1.701e-11,1.0545e-11,1.3117e-11
1.8578e-11,6.5113e-12,1.289e-11
1.8015e-11,2.8675e-11,3.4562e-11
2.3477e-11,1.1236e-11,1.3398e-11
1.7296e-11,1.1131e-11,1.3396e-11
1.5042e-11,1.9468e-11,2.2042e-11
2.3701e-11,1.7492e-11,1.3155e-11
1.2954e-11,2.1965e-11,2.6857e-11
1.4581e-11,1.4157e-11,1.6515e-11
1.1301e-11,1.4627e-11,1.5508e-11
1.2828e-11,1.5168e-11,1.2926e-11
1.5084e-11,2.7964e-11,4.5509e-11
3.039e-11,4.1219e-11,3.0515e-11
2.894e-11,3.9171e-11,2.784e-11
2.1531e-11,3.1523e-11,2.1982e-11
8.3209e-12,1.3402e-11,1.1421e-11
1.1096e-11,1.9462e-11,2.643e-11
1.3582e-11,2.8984e-11,4.092e-11
9.0558e-12,1.6764e-11,1.2451e-11
1.8748e-11,2.7372e-11,1.0179e-11
2.8603e-11,4.0516e-11,2.737e-11
9.1763e-12,1.365e-11,1.3575e-11
6.9231e-12,1.7108e-11,1.6978e-11
6.5767e-12,1.5925e-11,1.4469e-11
1.4557e-11,3.0431e-11,3.8793e-11
1.8977e-11,2.6077e-11,1.8235e-11
9.7757e-12,1.7883e-11,1.3303e-11
1.0068e-11,2.3521e-11,3.065e-11
9.04e-12,3.569e-11,1.3727e-11
3.8803e-11,1.2187e-11,3.896e-11
4.3165e-11,1.5836e-11,4.4051e-11
2.3643e-11,9.2506e-12,2.2854e-11
3.3469e-11,1.6462e-11,3.7201e-11
5.2571e-11,1.7796e-11,4.3652e-11
3.7621e-11,1.125e-11,3.0747e-11
5.9936e-11,2.58e-11,5.8024e-11
2.3048e-11,6.9517e-12,2.3614e-11
5.3572e-11,2.5083e-11,5.7333e-11
2.2167e-11,8.9611e-12,2.3174e-11
1.825e-11,5.6704e-12,1.8166e-11
3.6786e-11,2.4701e-11,3.6241e-11
1.6049e-11,1.078e-11,1.7212e-11
2.1165e-11,7.9063e-12,2.1062e-11
1.5524e-11,5.1966e-12,1.3681e-11
1.8144e-11,6.7277e-12,1.9444e-11
2.996e-11,2.5133e-11,3.2865e-11
3.8006e-11,3.7074e-11,3.9043e-11
2.1307e-11,6.3183e-12,1.5937e-11
1.5441e-11,7.6608e-12,1.5946e-11
2.073e-11,5.5779e-12,1.4891e-11
3.2796e-11,4.0229e-11,5.0216e-11
1.6671e-11,7.9635e-12,1.534e-11
1.5268e-11,1.4522e-11,1.8116e-11
1.6554e-11,1.3516e-11,1.9372e-11
1.4508e-11,8.286e-12,1.4404e-11
2.0901e-11,6.0106e-12,1.1521e-11
1.684e-11,8.1874e-12,1.2752e-11
1.4394e-11,6.0457e-12,1.9247e-11
1.3651e-11,2.1419e-11,2.5453e-11
1.5953e-11,6.5821e-12,1.5512e-11
1.5886e-11,9.102e-12,1.2168e-11
1.8359e-11,2.4161e-11,2.0266e-11
1.4507e-11,1.3362e-11,1.3816e-11
1.5889e-11,2.3792e-11,1.7092e-11
9.6823e-12,1.6055e-11,1.0677e-11
1.1218e-11,2.1786e-11,3.048e-11
1.1431e-11,1.6589e-11,1.1384e-11
9.3579e-12,2.3013e-11,1.1378e-11
7.9784e-12,1.9469e-11,2.3172e-11
3.0452e-11,4.5093e-11,3.0529e-11
8.399e-12,2.0464e-11,1.0713e-11
4.1017e-11,1.4294e-11,4.1596e-11
2.9362e-11,9.842e-12,2.8398e-11
4.7573e-11,1.5868e-11,4.2454e-11
2.5323e-11,6.236e-12,2.8933e-11
2.5222e-11,1.1395e-11,3.0532e-11
2.1976e-11,8.1601e-12,2.293e-11
2.7152e-11,1.3585e-11,3.181e-11
3.6831e-11,1.7622e-11,3.9086e-11
2.5517e-11,1.4308e-11,3.0937e-11
1.6515e-11,9.3688e-12,1.6134e-11
2.6435e-11,1.2945e-11,3.4225e-11
3.117e-11,2.5915e-11,3.2688e-11
3.9058e-11,4.5022e-11,5.7875e-11
1.8869e-11,4.0028e-12,1.5482e-11
2.1325e-11,7.6879e-12,1.6645e-11
1.4866e-11,7.6171e-12,1.4874e-11
1.6242e-11,1.1324e-11,1.8003e-11
2.7947e-11,2.406e-11,3.1471e-11
1.9163e-11,6.399e-12,1.2853e-11
1.7038e-11,5.224e-12,1.3277e-11
1.8066e-11,5.0822e-12,1.2427e-11
1.7563e-11,1.2907e-11,1.6925e-11
1.6309e-11,1.4578e-11,1.1821e-11
3.3907e-11,4.0814e-11,3.4446e-11
1.1292e-11,1.8886e-11,2.2965e-11
1.3084e-11,1.5844e-11,1.8926e-11
1.2816e-11,2.4734e-11,3.6089e-11
1.0676e-11,2.0126e-11,2.3949e-11
1.9974e-11,2.825e-11,1.9884e-11
9.135e-12,1.9075e-11,1.8955e-11
8.6544e-12,1.9634e-11,2.287e-11
1.3591e-11,2.9242e-11,4.2622e-11
8.0771e-12,1.8134e-11,2.1395e-11
8.2638e-12,2.0253e-11,1.2864e-11
1.1733e-11,1.7091e-11,1.2121e-11
1.2353e-11,2.8772e-11,4.0282e-11
1.4013e-11,3.2043e-11,1.1272e-11
8.9361e-12,2.1044e-11,2.5814e-11
9.0703e-12,1.9181e-11,1.4357e-11
1.3084e-11,2.0988e-11,1.3595e-11
4.1195e-11,8.5121e-12,4.1651e-11
3.5269e-11,1.0387e-11,3.3855e-11
4.4603e-11,1.3845e-11,4.2004e-11
3.3211e-11,1.0809e-11,3.5635e-11
3.8839e-11,1.3656e-11,3.6719e-11
4.5459e-11,1.5752e-11,4.1135e-11
4.1289e-11,1.8482e-11,4.7875e-11
2.363e-11,7.0311e-12,2.4448e-11
2.7319e-11,1.2098e-11,3.376e-11
2.3238e-11,9.6766e-12,2.1828e-11
2.1807e-11,6.5112e-12,2.2968e-11
2.7856e-11,8.2075e-12,2.6353e-11
4.2299e-11,2.3573e-11,4.3949e-11
3.9971e-11,2.1912e-11,4.3446e-11
1.9023e-11,6.6366e-12,1.8686e-11
2.2138e-11,7.4039e-12,2.143e-11
4.0727e-11,2.4445e-11,3.827e-11
2.1743e-11,1.2228e-11,2.122e-11
2.1536e-11,1.0555e-11,2.2376e-11
1.742e-11,7.2621e-12,1.5977e-11
3.7084e-11,3.9924e-11,4.407e-11
3.7144e-11,3.5547e-11,3.677e-11
2.5004e-11,2.522e-11,2.8428e-11
1.9209e-11,6.0033e-12,1.2099e-11
1.6958e-11,1.17e-11,1.9636e-11
1.7893e-11,1.2439e-11,1.511e-11
1.8649e-11,4.4441e-12,1.2492e-11
2.0079e-11,6.9123e-12,1.3445e-11
1.4125e-11,7.0557e-12,1.6083e-11
2.1949e-11,2.0257e-11,1.3388e-11
1.4162e-11,2.7721e-11,3.758e-11
1.6472e-11,1.9117e-11,1.5894e-11
3.0631e-11,4.28e-11,3.1488e-11
1.3767e-11,2.9775e-11,4.4674e-11
1.0333e-11,2.0948e-11,2.5864e-11
1.0401e-11,2.4023e-11,3.2286e-11
3.2009e-11,4.611e-11,3.2325e-11
1.2569e-11,1.4171e-11,1.5331e-11
1.4884e-11,2.3043e-11,1.4896e-11
8.8355e-12,1.2318e-11,1.2982e-11
2.1793e-11,3.0968e-11,2.0781e-11
9.8505e-12,2.1252e-11,1.1888e-11
1.1586e-11,2.9874e-11,3.993e-11
6.7465e-12,1.8287e-11,1.2801e-11
1.9755e-11,2.7437e-11,1.9074e-11
8.439e-12,1.3804e-11,1.7893e-11
1.142e-11,2.1322e-11,1.1504e-11
8.3995e-12,1.5662e-11,1.3847e-11
6.4685e-12,2.9183e-11,1.1334e-11
1.0354e-11,1.7815e-11,8.507e-12
1.9738e-11,2.799e-11,1.9801e-11
2.243e-11,3.2536e-11,2.3807e-11
1.8938e-11,2.1854e-11,1.6202e-11
3.9858e-11,9.2744e-12,3.9959e-11
4.2124e-11,8.3828e-12,4.0164e-11
3.1646e-11,1.0048e-11,3.0879e-11
3.1315e-11,1.1914e-11,3.0573e-11
2.6581e-11,7.0448e-12,2.623e-11
2.6238e-11,6.568e-12,2.7624e-11
3.3035e-11,1.2449e-11,3.3241e-11
3.998e-11,2.062e-11,4.3764e-11
2.9178e-11,1.1806e-11,3.2636e-11
1.9978e-11,1.2936e-11,1.9622e-11
2.0188e-11,9.2961e-12,1.9576e-11
3.6986e-11,3.2328e-11,3.7973e-11
3.0488e-11,2.4786e-11,3.1109e-11
1.5688e-11,6.953e-12,1.3284e-11
1.9354e-11,7.3352e-12,1.5317e-11
1.8529e-11,1.2587e-11,2.5089e-11
2.4808e-11,2.143e-11,2.5085e-11
3.6699e-11,3.5327e-11,3.5283e-11
1.6627e-11,1.3548e-11,1.9181e-11
2.3004e-11,2.0069e-11,2.2941e-11
2.1238e-11,6.971e-12,1.3252e-11
2.2998e-11,2.2049e-11,2.2844e-11
2.0346e-11,5.6196e-12,1.4087e-11
2.0248e-11,1.2173e-11,1.227e-11
2.6214e-11,1.3858e-11,1.1483e-11
1.7149e-11,9.5964e-12,1.2187e-11
2.3459e-11,1.3925e-11,1.2329e-11
1.6044e-11,9.5261e-12,1.4823e-11
1.2733e-11,2.0681e-11,2.3413e-11
1.6729e-11,3.4299e-11,4.4253e-11
1.0608e-11,1.6592e-11,1.3106e-11
2.751e-11,3.8109e-11,2.6772e-11
1.2828e-11,3.2025e-11,4.1793e-11
9.5482e-12,1.4889e-11,1.2546e-11
7.1753e-12,2.1109e-11,1.1053e-11
7.831e-12,2.3254e-11,1.1043e-11
1.2775e-11,1.9986e-11,1.2746e-11
8.234e-12,1.2806e-11,1.279e-11
8.2066e-12,1.5393e-11,7.7497e-12
9.6277e-12,1.2051e-11,1.513e-11
8.0648e-12,2.1284e-11,2.5043e-11
8.8317e-12,2.1331e-11,2.2514e-11
1.2847e-11,2.1603e-11,1.3331e-11
1.0108e-11,1.8264e-11,1.1372e-11
1.0615e-11,2.8268e-11,1.0953e-11
9.9662e-12,2.6747e-11,3.5483e-11
3.9589e-11,1.4655e-11,3.7664e-11
4.578e-11,1.7808e-11,4.8364e-11
3.4707e-11,9.1983e-12,3.6027e-11
3.416e-11,8.8015e-12,3.5702e-11
3.2058e-11,9.5211e-12,3.3421e-11
2.2398e-11,4.6946e-12,2.5118e-11
2.9614e-11,1.0957e-11,2.8785e-11
4.9456e-11,1.7231e-11,4.5101e-11
1.9536e-11,9.539e-12,2.1447e-11
2.0581e-11,6.4355e-12,2.0115e-11
3.1045e-11,1.4018e-11,2.8908e-11
1.9794e-11,7.8869e-12,1.9587e-11
1.9014e-11,5.7006e-12,1.8266e-11
3.4513e-11,2.4048e-11,4.1473e-11
3.7377e-11,2.623e-11,3.7302e-11
1.8745e-11,5.2865e-12,1.3969e-11
3.1344e-11,2.7619e-11,2.9654e-11
2.4265e-11,2.1424e-11,2.7343e-11
1.814e-11,9.126e-12,1.3243e-11
2.7727e-11,2.6368e-11,2.5796e-11
1.2505e-11,1.6742e-11,2.0528e-11
1.6153e-11,2.4672e-11,2.5091e-11
1.465e-11,1.5168e-11,1.2507e-11
1.7532e-11,2.4166e-11,1.6633e-11
3.4138e-11,4.8646e-11,3.3719e-11
7.2014e-12,1.8645e-11,2.0892e-11
1.3403e-11,3.1418e-11,4.5282e-11
1.2204e-11,3.3996e-11,4.3639e-11
3.1369e-11,4.3777e-11,2.9638e-11
1.244e-11,1.3925e-11,1.5908e-11
1.3907e-11,2.3415e-11,1.386e-11
7.3458e-12,1.9424e-11,1.5134e-11
1.7568e-11,2.2849e-11,1.9375e-11
7.4149e-12,3.0442e-11,1.2095e-11
1.0192e-11,1.3833e-11,1.2104e-11
4.7561e-11,1.0568e-11,4.5202e-11
4.6844e-11,1.0777e-11,4.411e-11
3.8733e-11,8.5974e-12,3.938e-11
4.1257e-11,1.6114e-11,4.0324e-11
3.5327e-11,7.6088e-12,3.4832e-11
3.0232e-11,9.502e-12,2.9059e-11
4.4009e-11,1.8206e-11,4.581e-11
3.3874e-11,1.2615e-11,3.0672e-11
2.2673e-11,7.6991e-12,2.4583e-11
4.7392e-11,1.6476e-11,3.8739e-11
5.2988e-11,2.3557e-11,5.1877e-11
3.0105e-11,1.5552e-11,3.2616e-11
3.4838e-11,1.4422e-11,3.1913e-11
2.4449e-11,1.3135e-11,2.8573e-11
1.7819e-11,9.0609e-12,1.5853e-11
1.883e-11,1.0336e-11,1.9156e-11
3.9974e-11,3.5128e-11,4.0269e-11
3.0795e-11,1.8301e-11,3.3327e-11
2.321e-11,1.0719e-11,2.6626e-11
4.1711e-11,3.5464e-11,4.1581e-11
1.7476e-11,6.6952e-12,1.6623e-11
1.851e-11,4.9344e-12,1.3143e-11
1.687e-11,6.9538e-12,1.4121e-11
2.0179e-11,8.8259e-12,1.2082e-11
2.0791e-11,9.5903e-12,1.6127e-11
1.98e-11,7.886e-12,1.4137e-11
1.4053e-11,1.3009e-11,1.7307e-11
2.0482e-11,1.1275e-11,1.2685e-11
1.4254e-11,2.2295e-11,2.3405e-11
1.5391e-11,1.3927e-11,1.5049e-11
3.7853e-11,4.6296e-11,3.8172e-11
1.6373e-11,2.1492e-11,1.4743e-11
8.2794e-12,1.3973e-11,1.5888e-11
8.1692e-12,1.8695e-11,2.1052e-11
1.0284e-11,2.6557e-11,3.1352e-11
3.4014e-11,5.1423e-11,3.5471e-11
9.1363e-12,2.0588e-11,1.3393e-11
1.0481e-11,1.8451e-11,1.178e-11
8.3437e-12,2.5022e-11,1.1396e-11
1.0577e-11,1.2969e-11,1.4233e-11
8.126e-12,2.285e-11,2.4992e-11
3.2753e-11,4.5907e-11,3.0184e-11
1.0788e-11,1.9889e-11,1.0891e-11
7.4429e-12,2.0304e-11,2.3788e-11
7.3003e-12,1.6003e-11,1.9643e-11
9.4209e-12,1.8661e-11,9.5404e-12
5.5263e-12,1.9836e-11,1.2185e-11
1.6007e-11,2.4312e-11,1.5386e-11
4.1442e-11,7.8926e-12,4.022e-11
3.5971e-11,8.9712e-12,3.5416e-11
3.8576e-11,1.3221e-11,3.5317e-11
3.4557e-11,1.2027e-11,3.5015e-11
3.6548e-11,1.2385e-11,3.2664e-11
3.7781e-11,1.408e-11,3.7547e-11
4.893e-11,2.2924e-11,5.3867e-11
4.5548e-11,2.1545e-11,4.8395e-11
2.5599e-11,1.2214e-11,2.2985e-11
4.2677e-11,2.1417e-11,4.4594e-11
5.0034e-11,1.9481e-11,4.2488e-11
4.6213e-11,1.729e-11,3.9749e-11
2.1483e-11,7.021e-12,2.0815e-11
2.2532e-11,4.8361e-12,2.3358e-11
5.1463e-11,1.8128e-11,5.0179e-11
2.7708e-11,1.1583e-11,2.6924e-11
2.1409e-11,5.7417e-12,2.2683e-11
1.9733e-11,1.1155e-11,2.0737e-11
3.7798e-11,2.6212e-11,3.4652e-11
1.7432e-11,4.6495e-12,1.7944e-11
2.7448e-11,1.5456e-11,3.0345e-11
2.6385e-11,1.6172e-11,3.6834e-11
4.025e-11,2.7759e-11,4.3211e-11
4.3513e-11,3.5995e-11,4.1541e-11
2.9937e-11,2.302e-11,2.9966e-11
4.4228e-11,5.084e-11,5.5237e-11
2.4683e-11,2.0805e-11,2.4003e-11
3.7251e-11,5.2522e-11,5.4253e-11
1.9811e-11,1.0456e-11,2.3752e-11
1.6506e-11,1.2767e-11,1.6154e-11
1.754e-11,1.0325e-11,1.301e-11
2.4086e-11,2.8131e-11,2.276e-11
1.7021e-11,1.8719e-11,1.6185e-11
9.5047e-12,1.3363e-11,1.4739e-11
1.9142e-11,2.7045e-11,1.8004e-11
2.681e-11,3.7201e-11,2.4881e-11
3.2421e-11,4.6381e-11,3.1894e-11
1.0586e-11,1.9247e-11,1.0494e-11
6.9948e-12,1.9035e-11,2.1281e-11
8.5942e-12,2.9061e-11,1.2583e-11
7.638e-12,2.5428e-11,2.8965e-11
6.5696e-12,1.8847e-11,1.6018e-11
1.0802e-11,3.2654e-11,4.1413e-11
1.0873e-11,1.7766e-11,1.3371e-11
1.0248e-11,3.2143e-11,4.1189e-11
1.1564e-11,2.0955e-11,1.1521e-11
1.0729e-11,2.2365e-11,1.4166e-11
5.5748e-12,1.8351e-11,1.1363e-11
7.3981e-12,2.4371e-11,1.2907e-11
3.6976e-11,1.0657e-11,3.7005e-11
4.6579e-11,1.7577e-11,4.5308e-11
3.7539e-11,1.3262e-11,3.4193e-11
3.1723e-11,1.2035e-11,2.8758e-11
2.4361e-11,6.3188e-12,2.442e-11
2.5051e-11,7.3764e-12,2.3589e-11
3.7761e-11,2.0349e-11,3.9276e-11
2.1429e-11,1.0105e-11,2.2038e-11
1.9744e-11,5.376e-12,1.5916e-11
2.3893e-11,1.0674e-11,2.4564e-11
2.3926e-11,1.1863e-11,2.4061e-11
2.317e-11,1.5244e-11,3.3581e-11
2.1767e-11,8.7955e-12,1.905e-11
3.736e-11,2.8072e-11,3.7125e-11
2.0634e-11,9.7511e-12,1.8845e-11
1.7836e-11,1.1043e-11,1.9073e-11
2.1457e-11,7.1714e-12,1.9857e-11
2.559e-11,2.223e-11,2.7587e-11
1.7456e-11,9.2583e-12,1.3596e-11
1.7122e-11,1.1989e-11,1.4715e-11
1.802e-11,9.0254e-12,1.5657e-11
1.7383e-11,8.5242e-12,1.3206e-11
2.2999e-11,6.5621e-12,1.3306e-11
1.8625e-11,1.1317e-11,2.154e-11
1.7915e-11,6.148e-12,1.2096e-11
1.7146e-11,1.259e-11,1.6012e-11
2.4757e-11,3.7055e-11,3.6024e-11
1.4475e-11,8.5857e-12,1.989e-11
3.8277e-11,4.4743e-11,3.8506e-11
2.1997e-11,4.5592e-11,4.824e-11
8.8218e-12,2.4785e-11,2.4132e-11
3.2672e-11,4.8995e-11,3.2199e-11
1.077e-11,2.0098e-11,1.0761e-11
9.4357e-12,1.6284e-11,8.8683e-12
9.4967e-12,1.0046e-11,7.455e-12
2.5431e-11,3.2356e-11,2.4108e-11
1.4239e-11,1.9324e-11,1.4195e-11
4.704e-11,9.0662e-12,4.5827e-11
3.7387e-11,1.0728e-11,3.7591e-11
3.5087e-11,1.0717e-11,3.4873e-11
3.5135e-11,7.7833e-12,3.471e-11
4.1298e-11,1.3829e-11,3.9304e-11
3.1561e-11,1.1911e-11,2.7622e-11
2.9628e-11,1.0119e-11,3.0052e-11
3.0723e-11,8.9062e-12,2.7077e-11
2.2667e-11,9.4399e-12,2.2352e-11
4.5639e-11,2.8272e-11,4.794e-11
4.2676e-11,1.6289e-11,4.5048e-11
3.6005e-11,2.709e-11,3.4496e-11
2.6614e-11,1.057e-11,2.5837e-11
4.1341e-11,3.0918e-11,4.2159e-11
1.8404e-11,7.6098e-12,2.0571e-11
3.0969e-11,1.2569e-11,2.9266e-11
2.001e-11,9.431e-12,1.6178e-11
3.8606e-11,2.7685e-11,4.0823e-11
5.0252e-11,4.3372e-11,4.6819e-11
2.2424e-11,1.1115e-11,2.3065e-11
1.8164e-11,9.7779e-12,2.1641e-11
4.5709e-11,5.2589e-11,4.9957e-11
2.0536e-11,6.9322e-12,1.7074e-11
3.6248e-11,3.8353e-11,3.6748e-11
3.4754e-11,5.4497e-11,4.7686e-11
3.5472e-11,3.6577e-11,3.3e-11
1.441e-11,1.3801e-11,1.9557e-11
3.2037e-11,3.9885e-11,2.9401e-11
2.1253e-11,4.378e-11,5.2226e-11
2.5228e-11,3.6426e-11,2.4824e-11
2.5068e-11,3.9105e-11,2.6133e-11
7.4302e-12,1.4483e-11,1.5174e-11
8.908e-12,1.7022e-11,1.5272e-11
7.1287e-12,1.5861e-11,1.8213e-11
8.6311e-12,1.8069e-11,1.698e-11
1.5008e-11,2.2537e-11,1.3442e-11
7.7283e-12,2.3378e-11,2.8188e-11
1.2331e-11,1.9173e-11,9.1908e-12
2.7522e-11,3.6549e-11,2.633e-11
8.7876e-12,9.0613e-12,6.6469e-12
4.0528e-11,8.3753e-12,3.862e-11
4.1884e-11,9.1411e-12,4.0862e-11
4.054e-11,1.1938e-11,4.0019e-11
2.7845e-11,6.2658e-12,2.9647e-11
4.2548e-11,2.4528e-11,4.2421e-11
4.3126e-11,2.5302e-11,4.3495e-11
2.0636e-11,7.0587e-12,1.7671e-11
2.1651e-11,5.6532e-12,2.2127e-11
2.148e-11,1.0544e-11,1.7937e-11
3.2732e-11,2.6217e-11,3.1769e-11
1.8568e-11,7.3253e-12,1.7212e-11
1.7844e-11,6.9788e-12,1.9752e-11
1.8801e-11,1.3937e-11,2.5028e-11
2.4971e-11,1.6802e-11,2.6872e-11
2.0379e-11,1.1127e-11,2.1818e-11
1.5347e-11,7.9678e-12,1.3927e-11
2.2553e-11,8.9701e-12,1.5389e-11
1.8404e-11,1.4786e-11,1.8776e-11
3.653e-11,3.8421e-11,3.4467e-11
1.8337e-11,1.3408e-11,1.8653e-11
1.5007e-11,1.209e-11,1.9002e-11
2.8313e-11,3.079e-11,2.3763e-11
1.9757e-11,2.37e-11,1.9013e-11
1.6662e-11,1.9489e-11,1.4888e-11
2.3463e-11,4.6029e-11,5.297e-11
1.9378e-11,4.7124e-11,4.9793e-11
1.4627e-11,3.2474e-11,3.6379e-11
1.0684e-11,1.8582e-11,1.2092e-11
1.5573e-11,2.55e-11,1.5867e-11
1.2931e-11,2.111e-11,1.2988e-11
2.4669e-11,3.7718e-11,2.46e-11
7.5584e-12,2.4179e-11,1.1932e-11
7.9593e-12,2.2808e-11,1.2136e-11
8.9827e-12,2.1747e-11,1.2149e-11
2.8616e-11,3.5492e-11,2.3877e-11
1.0522e-11,2.2333e-11,1.4982e-11
1.0643e-11,2.399e-11,1.4365e-11
9.9647e-12,1.1331e-11,1.2279e-11
1.0132e-11,2.3425e-11,1.047e-11
1.4891e-11,2.2611e-11,1.3819e-11
1.8414e-11,2.795e-11,1.7557e-11
4.6303e-11,1.1489e-11,4.3193e-11
4.1208e-11,1.2506e-11,4.1602e-11
2.7241e-11,8.7288e-12,2.821e-11
3.4628e-11,1.3301e-11,2.8777e-11
2.5007e-11,8.6278e-12,2.2351e-11
2.9567e-11,9.4835e-12,2.9768e-11
5.0858e-11,1.7676e-11,4.2193e-11
4.3851e-11,2.1559e-11,4.2858e-11
2.3847e-11,8.3863e-12,2.562e-11
2.9749e-11,1.1508e-11,2.7945e-11
5.0703e-11,2.7755e-11,5.6317e-11
1.9837e-11,6.8934e-12,2.0596e-11
2.0948e-11,1.2786e-11,1.7164e-11
2.3832e-11,1.0512e-11,2.0001e-11
5.3599e-11,4.2944e-11,5.0095e-11
3.3115e-11,2.7241e-11,3.1679e-11
1.9644e-11,1.525e-11,2.3539e-11
1.4899e-11,4.5139e-12,1.6547e-11
1.5176e-11,8.1412e-12,1.7884e-11
4.7751e-11,5.6054e-11,5.4701e-11
1.6039e-11,9.8154e-12,1.6138e-11
1.6239e-11,1.1299e-11,1.5999e-11
3.4948e-11,3.391e-11,3.2226e-11
2.1696e-11,1.9379e-11,2.0005e-11
1.9743e-11,1.8294e-11,1.9994e-11
2.867e-11,4.3406e-11,3.8111e-11
2.7642e-11,3.9701e-11,3.5302e-11
1.1867e-11,1.3614e-11,1.7833e-11
1.456e-11,1.4216e-11,1.4676e-11
1.0369e-11,1.4083e-11,1.7641e-11
1.2507e-11,1.9457e-11,1.5273e-11
2.0928e-11,3.6799e-11,3.5807e-11
1.3789e-11,1.8229e-11,1.3406e-11
1.0487e-11,1.3262e-11,1.1377e-11
1.0443e-11,2.2996e-11,2.2316e-11
3.3078e-11,4.6906e-11,3.0687e-11
5.7606e-12,1.7171e-11,1.9512e-11
6.8002e-12,2.657e-11,2.8519e-11
8.8788e-12,9.8361e-12,1.2164e-11
8.6075e-12,1.9353e-11,1.0777e-11
9.7451e-12,2.3275e-11,1.4154e-11
1.9445e-11,2.892e-11,1.8146e-11
9.4626e-12,1.3221e-11,1.086e-11
1.126e-11,1.9938e-11,1.0692e-11
1.2734e-11,1.8307e-11,8.8264e-12
1.0067e-11,1.4168e-11,7.0851e-12
1.0322e-11,1.215e-11,1.2491e-11
7.6513e-12,9.1202e-12,4.2536e-12
8.2905e-12,2.5659e-11,1.5427e-11
4.0551e-11,9.4671e-12,4.2749e-11
2.9852e-11,1.01e-11,2.9907e-11
3.2052e-11,7.6089e-12,3.2518e-11
3.3515e-11,1.4371e-11,2.8635e-11
3.0893e-11,1.2427e-11,3.1162e-11
3.0861e-11,1.3285e-11,2.5991e-11
2.6626e-11,1.3917e-11,2.4507e-11
4.3243e-11,1.5596e-11,3.7923e-11
2.8798e-11,1.225e-11,2.4913e-11
3.2133e-11,1.5912e-11,3.519e-11
2.0993e-11,9.4638e-12,2.1635e-11
1.9235e-11,8.6856e-12,1.9226e-11
1.9355e-11,5.9148e-12,1.7661e-11
3.2817e-11,2.5991e-11,3.1675e-11
4.7709e-11,3.896e-11,4.7996e-11
1.8991e-11,1.1233e-11,2.0101e-11
1.6469e-11,7.7117e-12,1.7179e-11
2.1277e-11,1.1017e-11,1.6673e-11
1.6721e-11,8.8502e-12,1.7306e-11
1.6464e-11,9.2573e-12,1.7483e-11
1.7482e-11,1.3026e-11,1.9731e-11
1.9915e-11,1.1501e-11,1.8263e-11
1.8912e-11,9.5363e-12,1.4277e-11
1.2608e-11,1.5895e-11,1.3932e-11
1.3491e-11,1.7531e-11,1.3129e-11
1.0755e-11,1.2994e-11,1.1636e-11
8.7985e-12,1.8835e-11,1.9324e-11
1.9945e-11,2.8039e-11,1.9987e-11
7.4976e-12,1.6212e-11,1.3792e-11
9.3418e-12,2.784e-11,1.1364e-11
1.2141e-11,2.1516e-11,9.2652e-12
8.4025e-12,3.1613e-11,3.4736e-11
6.3602e-12,2.3968e-11,2.6233e-11
1.0254e-11,1.6526e-11,1.1256e-11
1.3012e-11,2.1468e-11,1.3441e-11
4.6321e-11,1.5496e-11,4.1091e-11
3.8784e-11,1.2244e-11,3.385e-11
3.5055e-11,1.2883e-11,3.0866e-11
3.4137e-11,8.7512e-12,3.4393e-11
4.8584e-11,2.1633e-11,5.1252e-11
4.517e-11,1.7752e-11,4.2466e-11
4.5015e-11,1.6465e-11,4.0933e-11
4.5677e-11,1.4228e-11,3.888e-11
3.4222e-11,1.4566e-11,3.0182e-11
2.5422e-11,8.0914e-12,2.1449e-11
2.4104e-11,7.8529e-12,2.2592e-11
2.503e-11,8.907e-12,2.5409e-11
1.9125e-11,6.171e-12,1.7099e-11
4.5458e-11,2.3685e-11,5.4231e-11
3.8447e-11,1.951e-11,4.808e-11
4.9649e-11,2.8927e-11,5.4994e-11
1.9581e-11,5.8822e-12,1.7636e-11
2.0566e-11,1.0691e-11,1.8649e-11
3.9596e-11,2.5865e-11,4.1905e-11
5.1877e-11,5.2153e-11,5.2175e-11
2.0823e-11,1.1455e-11,1.6708e-11
3.8487e-11,3.5001e-11,3.6639e-11
1.8812e-11,1.7728e-11,1.8121e-11
1.0824e-11,2.1237e-11,2.0489e-11
1.2097e-11,3.9627e-11,3.8172e-11
1.187e-11,3.9607e-11,4.0451e-11
8.0778e-12,1.3734e-11,9.667e-12
9.7514e-12,3.2221e-11,1.1602e-11
3.1892e-11,4.6104e-11,2.8155e-11
8.2265e-12,1.781e-11,9.5674e-12
1.2918e-11,1.9682e-11,1.112e-11
5.9353e-12,1.5582e-11,1.6795e-11
2.1016e-11,2.8729e-11,1.8899e-11
5.3028e-12,2.3836e-11,1.3524e-11
1.1311e-11,1.5737e-11,8.7388e-12
1.1372e-11,2.0408e-11,1.0397e-11
2.2379e-11,3.434e-11,2.1292e-11
1.3488e-11,1.9427e-11,1.0751e-11
1.3661e-11,1.3571e-11,1.3342e-11
5.0159e-11,1.2811e-11,4.7306e-11
4.4817e-11,9.745e-12,4.3864e-11
3.3465e-11,1.3225e-11,3.287e-11
2.9799e-11,1.0271e-11,2.9497e-11
3.4066e-11,1.3395e-11,3.3451e-11
2.8385e-11,1.268e-11,2.6332e-11
3.8414e-11,1.5962e-11,3.458e-11
1.9073e-11,7.189e-12,1.609e-11
2.1692e-11,8.231e-12,1.8097e-11
1.8284e-11,1.1174e-11,1.5591e-11
1.9264e-11,7.7549e-12,2.1177e-11
3.0666e-11,2.4064e-11,3.0641e-11
1.6142e-11,7.9832e-12,1.5887e-11
2.3877e-11,1.5988e-11,2.4226e-11
2.4001e-11,1.7564e-11,2.9185e-11
1.6437e-11,1.3938e-11,2.4114e-11
1.7661e-11,1.4929e-11,1.7271e-11
3.8585e-11,4.0504e-11,3.3319e-11
1.2623e-11,1.5328e-11,1.5125e-11
1.4892e-11,1.6917e-11,1.57e-11
1.1512e-11,2.5068e-11,2.4106e-11
1.9644e-11,4.2981e-11,4.0768e-11
1.3138e-11,2.679e-11,2.5469e-11
8.3786e-12,2.6366e-11,2.5446e-11
7.3869e-12,2.6034e-11,1.3949e-11
9.7887e-12,2.0283e-11,1.2674e-11
9.4586e-12,1.2167e-11,1.8738e-11
8.7763e-12,3.6134e-11,3.8333e-11
6.2166e-12,2.5012e-11,1.217e-11
6.3312e-12,1.975e-11,1.602e-11
3.2986e-11,4.5138e-11,3.0534e-11
1.6499e-11,2.4765e-11,1.6705e-11
9.6037e-12,1.4152e-11,9.844e-12
1.117e-11,2.9863e-11,1.1797e-11
1.867e-11,2.7616e-11,1.6238e-11
3.7438e-11,1.3494e-11,3.6724e-11
4.1344e-11,1.3622e-11,3.7727e-11
3.8366e-11,1.3954e-11,3.7647e-11
3.7903e-11,1.6479e-11,3.3005e-11
4.423e-11,1.8803e-11,3.8721e-11
2.6297e-11,9.4491e-12,2.6965e-11
1.9975e-11,7.4124e-12,1.9464e-11
2.1343e-11,6.2477e-12,2.012e-11
2.1898e-11,7.8719e-12,2.3318e-11
2.2212e-11,6.8396e-12,2.0038e-11
2.1156e-11,1.0652e-11,2.1547e-11
1.9107e-11,8.9445e-12,1.5694e-11
2.4751e-11,1.7388e-11,2.9697e-11
1.945e-11,1.4116e-11,2.5914e-11
4.1516e-11,3.7833e-11,3.9412e-11
1.8264e-11,1.1902e-11,1.6334e-11
2.0704e-11,1.4063e-11,1.8689e-11
1.8711e-11,1.8703e-11,1.6298e-11
4.1413e-11,6.0548e-11,4.9331e-11
1.2087e-11,1.4996e-11,1.7622e-11
1.398e-11,1.9914e-11,2.195e-11
2.4884e-11,5.4213e-11,4.6085e-11
2.478e-11,5.5996e-11,4.8991e-11
1.1481e-11,2.1875e-11,2.2244e-11
2.8153e-11,3.825e-11,2.2737e-11
1.7278e-11,2.8302e-11,1.6148e-11
1.3602e-11,2.2107e-11,1.2087e-11
8.3682e-12,1.3796e-11,9.4416e-12
7.7241e-12,2.5718e-11,2.6199e-11
1.4139e-11,2.2336e-11,1.2406e-11
9.4631e-12,1.9066e-11,1.1535e-11
9.069e-12,3.562e-11,3.809e-11
1.1738e-11,1.7438e-11,8.1186e-12
2.3866e-11,3.3222e-11,2.2626e-11
1.3033e-11,2.0803e-11,1.2917e-11
3.7e-11,4.6844e-11,3.1466e-11
8.6059e-12,1.3187e-11,7.9431e-12
5.1084e-12,2.0359e-11,1.4956e-11
1.6458e-11,2.3034e-11,1.6033e-11
6.2601e-12,2.7981e-11,1.4106e-11
7.998e-12,2.702e-11,1.2228e-11
5.123e-11,1.175e-11,5.0267e-11
5.0884e-11,1.1685e-11,4.7942e-11
3.5849e-11,1.1393e-11,3.985e-11
3.5818e-11,1.028e-11,3.49e-11
4.6934e-11,2.1127e-11,4.6233e-11
4.1841e-11,1.7233e-11,3.7201e-11
3.6512e-11,1.5361e-11,3.0308e-11
3.2026e-11,1.3177e-11,2.4777e-11
4.6516e-11,1.7176e-11,3.9439e-11
4.6519e-11,2.5084e-11,4.7947e-11
4.1937e-11,2.2927e-11,4.3532e-11
2.4109e-11,7.904e-12,2.8397e-11
2.8528e-11,1.026e-11,2.1954e-11
3.5047e-11,1.6755e-11,3.1378e-11
4.8871e-11,2.9558e-11,6.2939e-11
2.2268e-11,7.3337e-12,1.8702e-11
2.2128e-11,7.8054e-12,1.8375e-11
3.0108e-11,1.5242e-11,2.6813e-11
2.0753e-11,9.3599e-12,1.6871e-11
1.8896e-11,7.5962e-12,1.6495e-11
3.3113e-11,2.7594e-11,3.5459e-11
3.8329e-11,3.3794e-11,3.5624e-11
1.8881e-11,1.2047e-11,2.0224e-11
1.6483e-11,1.1748e-11,1.5369e-11
1.8188e-11,1.2755e-11,1.8699e-11
2.6335e-11,2.5125e-11,2.8047e-11
1.2111e-11,1.5943e-11,1.8451e-11
2.2802e-11,4.8241e-11,4.1575e-11
1.1021e-11,1.7965e-11,1.2511e-11
1.3963e-11,2.1594e-11,1.2142e-11
1.482e-11,2.964e-11,1.0767e-11
7.6576e-12,8.8346e-12,7.9982e-12
9.4439e-12,1.8348e-11,1.0907e-11
7.3933e-12,2.4222e-11,2.6227e-11
7.5896e-12,2.5508e-11,1.1338e-11
7.5285e-12,7.5162e-12,9.1467e-12
7.0951e-12,2.8286e-11,1.4288e-11
2.4528e-11,3.2757e-11,2.2828e-11
1.5571e-11,1.3346e-11,1.1584e-11
4.3365e-11,1.4609e-11,4.06e-11
4.5132e-11,1.6692e-11,3.8587e-11
3.9671e-11,1.1292e-11,4.452e-11
3.9148e-11,1.6143e-11,3.3412e-11
3.0125e-11,1.2157e-11,2.8179e-11
3.9338e-11,1.6945e-11,3.2539e-11
4.0774e-11,1.8918e-11,4.6979e-11
2.3357e-11,1.2182e-11,2.7002e-11
3.3716e-11,2.1748e-11,3.2098e-11
4.8495e-11,4.3397e-11,4.9483e-11
1.7891e-11,8.448e-12,1.8544e-11
1.9122e-11,9.1111e-12,2.0862e-11
2.1402e-11,9.8431e-12,1.4797e-11
1.894e-11,1.3938e-11,2.4128e-11
4.0622e-11,3.8474e-11,3.7242e-11
2.1417e-11,1.468e-11,2.2465e-11
2.0325e-11,1.5661e-11,1.6479e-11
2.0982e-11,1.7858e-11,2.5321e-11
3.0361e-11,3.0399e-11,3.4584e-11
3.936e-11,5.3783e-11,4.9016e-11
4.1646e-11,4.061e-11,3.7388e-11
2.3089e-11,3.9683e-11,3.348e-11
1.8872e-11,2.4952e-11,1.589e-11
1.352e-11,1.5009e-11,1.5163e-11
1.1042e-11,1.4141e-11,1.0917e-11
1.8105e-11,5.0946e-11,4.4493e-11
1.5117e-11,2.6479e-11,1.2808e-11
1.4157e-11,3.8081e-11,3.4958e-11
1.4633e-11,4.8086e-11,4.6635e-11
3.4914e-11,4.8568e-11,3.1778e-11
8.0911e-12,2.9503e-11,1.5705e-11
7.6992e-12,1.0727e-11,5.5925e-12
1.0534e-11,1.0795e-11,1.1367e-11
6.1385e-12,2.7043e-11,1.6337e-11
1.0188e-11,2.8801e-11,1.1055e-11
3.1417e-11,4.1748e-11,2.7448e-11
7.0507e-12,3.2087e-11,3.4373e-11
2.5993e-11,3.2679e-11,2.2468e-11
8.5087e-12,1.3645e-11,8.3787e-12
7.3433e-12,1.5657e-11,9.7578e-12
4.7607e-11,1.6852e-11,3.9653e-11
3.3851e-11,9.1994e-12,3.1031e-11
3.7885e-11,1.2637e-11,3.7709e-11
4.6487e-11,1.7578e-11,4.3507e-11
2.941e-11,1.6287e-11,3.0247e-11
2.6632e-11,9.5416e-12,2.7753e-11
3.257e-11,1.2182e-11,3.1856e-11
2.8492e-11,9.5014e-12,2.7571e-11
4.698e-11,2.721e-11,4.6706e-11
2.382e-11,8.6751e-12,2.241e-11
4.8083e-11,2.1861e-11,5.4249e-11
4.5218e-11,2.8632e-11,4.2505e-11
2.2675e-11,9.5741e-12,2.2761e-11
2.059e-11,1.3894e-11,1.8965e-11
2.502e-11,1.2871e-11,1.7743e-11
1.8638e-11,8.6113e-12,1.5984e-11
1.9954e-11,1.9826e-11,1.8207e-11
1.1587e-11,2.0293e-11,1.5761e-11
8.7518e-12,2.3815e-11,2.2639e-11
1.1748e-11,3.0115e-11,2.957e-11
9.6883e-12,3.057e-11,3.0712e-11
2.3988e-11,3.345e-11,2.2674e-11
1.2012e-11,2.1127e-11,1.1664e-11
1.0553e-11,1.4382e-11,8.2453e-12
8.7796e-12,1.5282e-11,5.683e-12
1.0243e-11,1.0493e-11,8.5257e-12
1.3116e-11,3.0443e-11,1.1441e-11
7.5249e-12,1.8994e-11,1.5022e-11
8.1694e-12,1.9055e-11,1.1257e-11
1.0249e-11,2.7544e-11,1.1652e-11
6.0504e-12,2.1658e-11,1.9803e-11
9.0648e-12,8.5551e-12,5.5238e-12
4.7416e-11,1.2872e-11,4.5959e-11
4.6032e-11,1.4214e-11,4.5981e-11
4.6201e-11,1.5607e-11,4.0355e-11
3.2784e-11,1.7518e-11,3.4711e-11
4.2406e-11,1.6297e-11,4.0554e-11
2.5688e-11,1.2813e-11,2.2692e-11
4.2023e-11,2.2337e-11,4.3262e-11
2.7577e-11,1.0765e-11,1.955e-11
2.7947e-11,1.38e-11,2.7932e-11
2.1307e-11,1.0357e-11,1.6354e-11
2.6484e-11,1.9157e-11,2.4757e-11
2.0737e-11,1.0714e-11,1.4952e-11
1.9667e-11,1.2078e-11,1.9314e-11
1.7856e-11,1.6327e-11,2.5812e-11
3.8528e-11,3.644e-11,3.4864e-11
1.4866e-11,1.9455e-11,2.3034e-11
2.3336e-11,2.8564e-11,1.9123e-11
2.1824e-11,2.686e-11,1.6808e-11
2.312e-11,3.39e-11,2.0265e-11
1.1553e-11,2.2047e-11,1.3957e-11
3.2675e-11,4.5593e-11,2.8113e-11
9.452e-12,1.9682e-11,7.2145e-12
8.8258e-12,9.8476e-12,8.1756e-12
1.6147e-11,2.4293e-11,1.3078e-11
7.327e-12,2.7656e-11,3.1611e-11
2.5137e-11,3.3875e-11,2.3028e-11
7.6268e-12,8.5009e-12,3.9612e-12
9.8994e-12,1.9104e-11,1.1339e-11
9.7186e-12,1.802e-11,9.2849e-12
6.7258e-12,1.0074e-11,7.325e-12
4.3078e-11,1.2666e-11,4.3541e-11
4.8122e-11,1.2587e-11,4.677e-11
4.3046e-11,1.2108e-11,4.0608e-11
4.1807e-11,1.2793e-11,3.6133e-11
4.6753e-11,1.7594e-11,3.8749e-11
2.8739e-11,1.0124e-11,2.3336e-11
3.9406e-11,2.1128e-11,4.06e-11
4.2222e-11,1.5183e-11,3.8931e-11
4.068e-11,1.5385e-11,3.8471e-11
2.3608e-11,9.1994e-12,2.0959e-11
3.2097e-11,1.3262e-11,3.246e-11
3.5334e-11,2.0355e-11,3.2515e-11
2.2192e-11,7.5737e-12,1.9817e-11
2.9381e-11,1.5085e-11,2.486e-11
2.2261e-11,1.053e-11,2.4431e-11
3.2639e-11,1.7147e-11,3.7554e-11
2.287e-11,1.101e-11,1.8166e-11
2.799e-11,1.5095e-11,3.2724e-11
3.6613e-11,2.6175e-11,4.8687e-11
1.9146e-11,1.3334e-11,1.717e-11
1.7795e-11,8.613e-12,1.4987e-11
2.4001e-11,1.3355e-11,1.6768e-11
2.2847e-11,1.3605e-11,1.7003e-11
1.4992e-11,2.0575e-11,1.4e-11
1.2683e-11,2.1986e-11,1.1225e-11
1.4026e-11,1.3958e-11,1.2972e-11
9.1407e-12,1.4011e-11,1.8452e-11
9.2861e-12,3.3102e-11,1.327e-11
1.5879e-11,1.9463e-11,1.2363e-11
1.1527e-11,1.5333e-11,9.9923e-12
7.8304e-12,1.1638e-11,7.1555e-12
1.9147e-11,2.4935e-11,1.631e-11
2.2712e-11,3.0674e-11,2.0218e-11
1.3717e-11,2.134e-11,1.0712e-11
1.7599e-11,2.7885e-11,9.2339e-12
8.7103e-12,2.643e-11,1.2652e-11
1.9698e-11,2.5521e-11,1.7083e-11
6.6894e-12,3.5198e-11,3.6518e-11
9.0006e-12,1.4643e-11,5.6002e-12
1.0738e-11,1.0144e-11,7.3638e-12
2.1452e-11,2.6209e-11,1.749e-11
4.661e-11,1.274e-11,4.5287e-11
3.7515e-11,1.1497e-11,4.1109e-11
5.1163e-11,1.8137e-11,4.2071e-11
4.3462e-11,1.6968e-11,4.1608e-11
3.3251e-11,1.3034e-11,2.534e-11
3.7362e-11,1.3319e-11,3.6098e-11
2.7988e-11,1.161e-11,2.8248e-11
4.1135e-11,1.9561e-11,3.6601e-11
2.8402e-11,1.2059e-11,2.3277e-11
4.1394e-11,2.2585e-11,4.1728e-11
2.6735e-11,1.0294e-11,2.7022e-11
4.9652e-11,1.9996e-11,5.0524e-11
4.6288e-11,2.1969e-11,5.6735e-11
3.3233e-11,1.7728e-11,2.7257e-11
4.2746e-11,2.8892e-11,3.7409e-11
2.248e-11,1.2625e-11,1.9297e-11
2.8098e-11,1.493e-11,3.4717e-11
2.3011e-11,1.0962e-11,2.1947e-11
2.1305e-11,1.395e-11,1.5593e-11
2.5293e-11,1.1744e-11,2.2119e-11
2.2112e-11,1.19e-11,1.4754e-11
2.0366e-11,1.2828e-11,1.9143e-11
1.4979e-11,1.4874e-11,2.1188e-11
4.0011e-11,4.2662e-11,3.5563e-11
3.1129e-11,3.0604e-11,2.4108e-11
2.7802e-11,4.7487e-11,3.8554e-11
2.9743e-11,5.5932e-11,4.3481e-11
1.6819e-11,3.2381e-11,2.8754e-11
1.4676e-11,2.0673e-11,1.3785e-11
1.2677e-11,1.6649e-11,2.0517e-11
1.2237e-11,2.1152e-11,2.309e-11
1.4526e-11,1.999e-11,1.5278e-11
1.6813e-11,2.3178e-11,1.3059e-11
1.0927e-11,3.646e-11,3.1343e-11
1.5885e-11,5.2074e-11,4.6828e-11
2.3474e-11,3.4832e-11,2.101e-11
1.8423e-11,2.6567e-11,1.4223e-11
1.3317e-11,2.0508e-11,1.3849e-11
1.5518e-11,1.9801e-11,1.3698e-11
9.9621e-12,2.486e-11,1.2521e-11
1.1613e-11,4.3656e-11,4.0445e-11
6.2808e-12,2.2921e-11,2.243e-11
8.8202e-12,9.4921e-12,9.248e-12
7.8246e-12,3.8655e-11,3.8177e-11
1.0677e-11,1.511e-11,8.5638e-12
1.3552e-11,1.3456e-11,1.0073e-11
1.5603e-11,2.7486e-11,1.0228e-11
1.5298e-11,3.2662e-11,1.0096e-11
7.5127e-12,3.2987e-11,1.1396e-11
1.8258e-11,2.486e-11,1.5371e-11
7.2145e-12,8.6133e-12,4.8568e-12
8.7931e-12,3.2033e-11,1.1234e-11
9.5885e-12,1.7125e-11,6.9671e-12
9.2617e-12,1.1744e-11,6.0146e-12
1.535e-11,1.692e-11,1.3596e-11
4.4063e-11,1.402e-11,4.1001e-11
4.2755e-11,1.3816e-11,3.9835e-11
4.7256e-11,1.6633e-11,3.6796e-11
3.1888e-11,1.245e-11,3.2081e-11
4.4006e-11,1.9508e-11,3.8868e-11
2.7149e-11,8.9384e-12,2.6259e-11
2.5551e-11,1.3252e-11,2.6601e-11
3.3511e-11,1.4809e-11,2.9182e-11
2.5536e-11,1.0004e-11,2.5162e-11
2.7067e-11,1.2175e-11,2.6045e-11
2.6801e-11,1.0441e-11,2.7194e-11
4.9549e-11,3.0657e-11,4.7554e-11
2.4952e-11,8.1851e-12,2.0884e-11
4.2995e-11,2.6171e-11,5.275e-11
2.3414e-11,1.2265e-11,1.939e-11
3.7633e-11,3.015e-11,3.4264e-11
2.2366e-11,1.0615e-11,1.9712e-11
2.5666e-11,1.4193e-11,1.4889e-11
2.3419e-11,1.5047e-11,2.1687e-11
1.8587e-11,1.6721e-11,2.4821e-11
1.708e-11,1.713e-11,1.9243e-11
3.9656e-11,4.2124e-11,3.4462e-11
3.1483e-11,5.8409e-11,4.4588e-11
1.3344e-11,1.6504e-11,2.1079e-11
1.4799e-11,1.4907e-11,1.0462e-11
2.9383e-11,5.9931e-11,4.5914e-11
4.0898e-11,4.6836e-11,3.4602e-11
1.3785e-11,9.1933e-12,1.3379e-11
1.5092e-11,3.1645e-11,2.8117e-11
1.3213e-11,3.5581e-11,3.155e-11
1.1454e-11,1.6157e-11,1.2128e-11
1.5567e-11,5.2448e-11,4.4428e-11
9.4859e-12,2.2825e-11,2.2695e-11
8.8846e-12,1.4708e-11,1.5824e-11
1.0056e-11,1.5059e-11,1.149e-11
2.3771e-11,3.2567e-11,2.1187e-11
1.0072e-11,3.1271e-11,1.5555e-11
1.1481e-11,1.3526e-11,9.6156e-12
3.6243e-11,4.7838e-11,3.2353e-11
1.2852e-11,1.7119e-11,9.6567e-12
1.1915e-11,1.5848e-11,7.2251e-12
5.4882e-12,2.6147e-11,1.4166e-11
3.4095e-12,2.2524e-11,2.6714e-11
5.8845e-12,1.1316e-11,1.2398e-11
4.4429e-11,1.4673e-11,4.3715e-11
3.9634e-11,1.5979e-11,4.1149e-11
3.5526e-11,1.2684e-11,3.0303e-11
3.5158e-11,1.4087e-11,3.2447e-11
4.5926e-11,1.7075e-11,3.5874e-11
3.0814e-11,1.2422e-11,3.1695e-11
2.7881e-11,1.5264e-11,2.5622e-11
2.6252e-11,1.1005e-11,2.5163e-11
2.8855e-11,1.3729e-11,2.7469e-11
2.8092e-11,1.1381e-11,2.1958e-11
4.0102e-11,2.7364e-11,3.9053e-11
2.4687e-11,1.3718e-11,2.6089e-11
3.28e-11,2.3644e-11,2.9307e-11
3.4029e-11,2.306e-11,4.6343e-11
2.1895e-11,1.3509e-11,2.1131e-11
2.1092e-11,8.4913e-12,1.5929e-11
2.8672e-11,1.3125e-11,1.4922e-11
2.7091e-11,2.3161e-11,2.3743e-11
2.1259e-11,7.7632e-12,1.4235e-11
2.3052e-11,1.9072e-11,3.1068e-11
2.6286e-11,1.2177e-11,1.6776e-11
3.4079e-11,4.0376e-11,4.5567e-11
1.8969e-11,1.0301e-11,1.5864e-11
1.8802e-11,1.7243e-11,2.5249e-11
2.3317e-11,2.2673e-11,2.2305e-11
1.5637e-11,1.3442e-11,1.7077e-11
1.9516e-11,2.1258e-11,1.722e-11
2.39e-11,2.7596e-11,1.5381e-11
1.6643e-11,1.0869e-11,1.2749e-11
1.4504e-11,1.2901e-11,1.2435e-11
2.0093e-11,2.5729e-11,1.4786e-11
2.6724e-11,3.1814e-11,1.4736e-11
1.5195e-11,2.386e-11,1.4839e-11
1.4283e-11,2.7095e-11,2.7288e-11
3.8571e-11,4.5623e-11,3.2616e-11
1.3059e-11,2.2294e-11,1.158e-11
1.4536e-11,1.7582e-11,1.9705e-11
1.0445e-11,1.6003e-11,1.0828e-11
1.3176e-11,3.6566e-11,3.1664e-11
2.8958e-11,3.8151e-11,2.2231e-11
1.5326e-11,2.1156e-11,1.2484e-11
2.1626e-11,3.1932e-11,1.8433e-11
9.2834e-12,1.2454e-11,1.1734e-11
8.8201e-12,1.2839e-11,1.3415e-11
1.0249e-11,2.6324e-11,2.9053e-11
2.2237e-11,2.1775e-11,1.4182e-11
2.0983e-11,2.1392e-11,1.4477e-11
1.3601e-11,3.7331e-11,1.2291e-11
7.3513e-12,2.2361e-11,2.0499e-11
1.135e-11,1.6552e-11,8.6022e-12
9.6199e-12,8.1444e-12,8.8817e-12
8.191e-12,1.0941e-11,9.1896e-12
8.0655e-12,4.255e-11,4.2529e-11
9.0736e-12,1.0261e-11,5.0635e-12
8.5371e-12,1.5059e-11,7.1765e-12
3.5866e-12,2.1788e-11,2.0223e-11
3.4926e-12,2.1916e-11,1.8149e-11
7.4733e-12,9.3329e-12,6.0922e-12
5.3514e-12,2.5915e-11,1.6778e-11
7.987e-12,1.2399e-11,1.397e-11
7.9809e-12,1.2666e-11,9.6187e-12
4.6472e-11,1.1354e-11,4.5969e-11
3.6165e-11,1.2519e-11,3.1253e-11
3.7159e-11,1.4565e-11,3.7772e-11
4.2231e-11,1.5887e-11,4.1479e-11
3.3837e-11,1.5108e-11,2.711e-11
4.4574e-11,2.0021e-11,3.7296e-11
2.8487e-11,1.1866e-11,2.574e-11
3.2111e-11,1.4644e-11,2.7654e-11
4.4592e-11,1.6659e-11,3.9897e-11
3.1089e-11,1.307e-11,2.4868e-11
2.7477e-11,1.3946e-11,2.9136e-11
2.3309e-11,1.1561e-11,1.9532e-11
2.1498e-11,1.265e-11,1.725e-11
2.5746e-11,8.9046e-12,1.726e-11
4.2837e-11,3.6858e-11,3.8731e-11
4.3109e-11,4.4808e-11,5.3198e-11
2.929e-11,1.1712e-11,1.5658e-11
2.1742e-11,8.8444e-12,1.6432e-11
3.2262e-11,1.4456e-11,1.5521e-11
1.8814e-11,1.8849e-11,2.0956e-11
1.8502e-11,2.0813e-11,1.8449e-11
2.6263e-11,2.6212e-11,2.0977e-11
1.4995e-11,1.0763e-11,1.7903e-11
2.9869e-11,3.1912e-11,2.2396e-11
1.4842e-11,8.946e-12,1.6924e-11
1.6092e-11,2.6133e-11,1.3369e-11
3.3879e-11,4.0804e-11,2.6983e-11
2.0625e-11,2.6574e-11,1.646e-11
1.4636e-11,3.6002e-11,3.2374e-11
1.211e-11,2.0979e-11,1.1645e-11
1.2302e-11,2.7925e-11,2.8096e-11
9.8281e-12,2.064e-11,8.4238e-12
1.7904e-11,3.1984e-11,1.1687e-11
1.975e-11,2.7407e-11,2.1223e-11
8.6197e-12,1.4364e-11,6.7705e-12
9.9846e-12,8.4578e-12,7.1991e-12
4.7377e-12,2.3308e-11,2.2818e-11
8.8532e-12,9.083e-12,5.9692e-12
1.2657e-11,1.1091e-11,7.0915e-12
1.1079e-11,2.5732e-11,1.2004e-11
1.105e-11,1.8583e-11,8.059e-12
1.2809e-11,1.2257e-11,1.399e-11
9.2109e-12,1.1084e-11,6.3926e-12
1.5175e-11,2.0966e-11,1.2303e-11
1.2193e-11,1.4863e-11,9.2381e-12
1.057e-11,3.6193e-11,1.5802e-11
4.7923e-11,1.8052e-11,4.452e-11
4.2245e-11,1.156e-11,4.4571e-11
4.259e-11,1.2932e-11,4.124e-11
3.5529e-11,1.4388e-11,3.2225e-11
3.1817e-11,2.183e-11,3.1976e-11
3.808e-11,1.5092e-11,3.7476e-11
3.8495e-11,1.3564e-11,2.9234e-11
4.5923e-11,1.9726e-11,3.7816e-11
2.8446e-11,8.5389e-12,2.8518e-11
4.2046e-11,1.5467e-11,4.0094e-11
4.0708e-11,1.9833e-11,3.1995e-11
4.5347e-11,1.9483e-11,4.3677e-11
4.5887e-11,2.8144e-11,4.3586e-11
3.2812e-11,1.4957e-11,2.5074e-11
3.766e-11,2.1831e-11,4.9324e-11
4.3205e-11,3.1007e-11,4.0056e-11
2.2355e-11,1.2424e-11,1.7472e-11
2.6635e-11,1.5419e-11,1.6509e-11
2.6128e-11,2.0215e-11,3.7094e-11
2.5981e-11,2.1126e-11,3.8878e-11
3.26e-11,3.0702e-11,4.4566e-11
2.2062e-11,2.0039e-11,2.3381e-11
2.3643e-11,2.5386e-11,2.6294e-11
3.0348e-11,1.6734e-11,1.7238e-11
2.4315e-11,2.498e-11,1.917e-11
1.6325e-11,1.0635e-11,1.9397e-11
1.6585e-11,1.1594e-11,1.1789e-11
1.4315e-11,1.0779e-11,1.4447e-11
1.273e-11,1.0336e-11,9.6823e-12
2.6176e-11,3.3186e-11,2.1135e-11
2.573e-11,5.3449e-11,4.4169e-11
1.6397e-11,2.9019e-11,1.5359e-11
1.3453e-11,2.3884e-11,1.387e-11
1.0211e-11,2.9666e-11,1.0989e-11
1.5872e-11,2.2611e-11,1.4084e-11
4.9734e-12,2.4341e-11,2.2135e-11
1.2723e-11,1.516e-11,9.4018e-12
8.8668e-12,1.1761e-11,8.4716e-12
8.2781e-12,1.2627e-11,1.0631e-11
8.0349e-12,2.8983e-11,1.022e-11
9.1505e-12,1.0584e-11,1.0382e-11
8.7529e-12,1.3265e-11,8.4884e-12
4.5178e-11,1.233e-11,4.7373e-11
4.4928e-11,1.7011e-11,4.4908e-11
4.3543e-11,1.7502e-11,4.5739e-11
3.0119e-11,8.7271e-12,3.2932e-11
2.9061e-11,1.2995e-11,2.6084e-11
4.8619e-11,2.809e-11,4.317e-11
3.1616e-11,1.4081e-11,3.2339e-11
2.8792e-11,1.1746e-11,2.5409e-11
2.5261e-11,8.833e-12,2.098e-11
2.5424e-11,9.0232e-12,2.0533e-11
4.5179e-11,2.9483e-11,4.0993e-11
2.9805e-11,2.0059e-11,2.7395e-11
2.1566e-11,1.0438e-11,1.7069e-11
2.5698e-11,1.3626e-11,1.8619e-11
4.1682e-11,3.8299e-11,3.867e-11
2.9412e-11,1.3557e-11,1.7825e-11
3.6427e-11,3.538e-11,3.4341e-11
3.2552e-11,1.6954e-11,1.6462e-11
2.2256e-11,2.3465e-11,2.2761e-11
2.516e-11,9.0149e-12,1.5062e-11
2.2616e-11,1.434e-11,1.6889e-11
1.8873e-11,1.8277e-11,1.5109e-11
2.038e-11,1.0478e-11,1.6143e-11
1.6238e-11,1.7129e-11,1.4631e-11
2.6868e-11,2.8991e-11,1.6381e-11
2.2374e-11,2.7874e-11,1.7776e-11
1.5828e-11,1.0136e-11,1.4347e-11
2.1278e-11,3.0935e-11,1.5441e-11
1.3917e-11,2.0096e-11,2.0714e-11
3.2544e-11,5.865e-11,4.7739e-11
2.4574e-11,4.0247e-11,3.7264e-11
1.4648e-11,1.0831e-11,1.5701e-11
1.7847e-11,3.3044e-11,1.5617e-11
1.7818e-11,2.2983e-11,1.3041e-11
1.2335e-11,2.7007e-11,3.0001e-11
1.2445e-11,2.9248e-11,3.0508e-11
1.0753e-11,1.4272e-11,8.6818e-12
1.9819e-11,2.7526e-11,1.9685e-11
9.2e-12,1.595e-11,8.3657e-12
2.2698e-11,2.7364e-11,1.3697e-11
8.2777e-12,2.7016e-11,1.0966e-11
9.3887e-12,4.5382e-11,4.4188e-11
8.0382e-12,2.4372e-11,1.6477e-11
8.4868e-12,2.2053e-11,1.2507e-11
8.7146e-12,1.3621e-11,1.116e-11
1.2175e-11,2.1166e-11,1.0222e-11
4.0678e-12,2.659e-11,2.988e-11
1.1511e-11,1.6952e-11,1.527e-11
6.4359e-12,3.4942e-11,1.4783e-11
1.1971e-11,1.8538e-11,7.6031e-12
9.4253e-12,1.2129e-11,8.8056e-12
1.6693e-11,2.0764e-11,1.3995e-11
4.8421e-11,1.3728e-11,4.6624e-11
4.8452e-11,1.688e-11,4.9952e-11
3.3887e-11,1.3081e-11,3.5223e-11
3.297e-11,1.3901e-11,3.2013e-11
2.9993e-11,1.575e-11,3.4234e-11
4.3919e-11,1.5634e-11,4.2613e-11
3.1232e-11,1.4323e-11,3.1992e-11
3.1141e-11,1.3576e-11,2.744e-11
3.4828e-11,1.4105e-11,3.6631e-11
4.2355e-11,2.219e-11,3.7127e-11
2.6147e-11,9.914e-12,2.3694e-11
3.5078e-11,1.5553e-11,3.521e-11
2.9365e-11,1.4053e-11,2.6156e-11
2.903e-11,1.1747e-11,2.4723e-11
3.1058e-11,1.353e-11,2.3168e-11
2.5546e-11,1.0838e-11,1.8511e-11
2.6191e-11,1.3382e-11,2.7967e-11
3.719e-11,2.5169e-11,3.7053e-11
2.9847e-11,1.4869e-11,2.2376e-11
4.6257e-11,3.6821e-11,4.1733e-11
2.9456e-11,2.0587e-11,3.0019e-11
2.385e-11,1.3267e-11,1.9234e-11
2.2734e-11,1.0579e-11,1.4584e-11
2.6853e-11,8.6644e-12,1.4674e-11
1.7097e-11,1.0008e-11,1.8031e-11
1.7124e-11,9.7286e-12,1.8063e-11
2.1887e-11,1.1041e-11,1.5134e-11
1.8322e-11,2.2424e-11,2.8127e-11
2.2161e-11,2.9646e-11,3.578e-11
1.6144e-11,2.3176e-11,1.337e-11
1.5819e-11,2.64e-11,1.3643e-11
3.8588e-11,4.2614e-11,2.9587e-11
2.9629e-11,6.0727e-11,4.8282e-11
3.0789e-11,3.2765e-11,2.1501e-11
1.4283e-11,2.553e-11,2.8913e-11
1.5601e-11,2.4148e-11,1.5724e-11
1.0673e-11,1.7139e-11,9.2798e-12
1.6065e-11,5.277e-11,4.9367e-11
9.26e-12,3.0481e-11,1.1989e-11
1.4384e-11,1.8042e-11,1.1761e-11
1.5458e-11,2.0366e-11,1.2746e-11
8.1515e-12,2.098e-11,1.2169e-11
8.2728e-12,1.0835e-11,6.1581e-12
1.0541e-11,1.3368e-11,8.7543e-12
1.7019e-11,1.8111e-11,1.5817e-11
1.1609e-11,1.3469e-11,8.6109e-12
4.0493e-12,2.8665e-11,2.0256e-11
1.221e-11,2.1782e-11,9.095e-12
9.984e-12,1.2578e-11,7.4826e-12
7.8709e-12,1.1612e-11,1.1659e-11
9.2639e-12,1.2639e-11,5.9265e-12
4.8777e-11,1.7541e-11,4.8606e-11
4.2142e-11,1.3411e-11,3.9339e-11
2.4188e-11,1.0601e-11,1.9542e-11
2.3427e-11,1.037e-11,2.0613e-11
2.7907e-11,1.3462e-11,2.823e-11
2.9529e-11,1.7533e-11,3.2634e-11
2.5274e-11,1.1383e-11,2.2787e-11
4.2694e-11,3.3209e-11,3.8357e-11
2.3619e-11,1.3132e-11,2.1728e-11
3.0295e-11,2.2703e-11,3.0365e-11
2.6181e-11,2.2934e-11,3.4139e-11
2.8754e-11,1.9041e-11,1.8956e-11
2.1012e-11,9.1729e-12,1.4665e-11
4.2598e-11,3.8947e-11,3.7476e-11
3.1327e-11,1.6989e-11,1.7581e-11
2.7232e-11,2.5557e-11,2.222e-11
2.9216e-11,2.3964e-11,1.813e-11
1.7935e-11,1.6303e-11,1.6448e-11
2.1684e-11,1.1027e-11,1.559e-11
1.7388e-11,1.7399e-11,2.3131e-11
1.6392e-11,2.5427e-11,2.0288e-11
2.2886e-11,5.7373e-11,4.5026e-11
1.2087e-11,1.2971e-11,1.0777e-11
3.4919e-11,4.1928e-11,2.6399e-11
1.1783e-11,2.5672e-11,2.9579e-11
1.578e-11,2.1661e-11,1.1987e-11
1.0758e-11,1.7965e-11,1.0836e-11
1.1555e-11,2.8457e-11,3.0091e-11
9.3724e-12,2.4506e-11,2.5914e-11
1.1094e-11,1.9562e-11,8.1968e-12
1.3196e-11,1.9989e-11,1.2882e-11
1.2167e-11,1.718e-11,9.179e-12
7.3948e-12,2.2043e-11,2.4474e-11
3.3262e-11,4.2638e-11,2.7375e-11
3.6019e-11,4.4582e-11,3.0625e-11
1.4886e-11,2.0647e-11,1.4141e-11
7.9023e-12,1.3487e-11,7.8552e-12
8.184e-12,1.4489e-11,8.2126e-12
9.1659e-12,1.2766e-11,1.0832e-11
1.0658e-11,1.1672e-11,9.1574e-12
9.0043e-12,2.447e-11,1.3438e-11
7.0606e-12,3.9555e-11,4.2279e-11
9.0386e-12,1.2521e-11,1.4103e-11
9.4176e-12,1.386e-11,1.111e-11
9.5422e-12,1.3961e-11,9.0933e-12
1.1523e-11,1.3219e-11,9.7501e-12
9.4801e-12,1.3866e-11,1.0819e-11
4.2711e-11,1.2947e-11,3.93e-11
4.4984e-11,1.771e-11,4.5687e-11
3.8907e-11,1.4975e-11,3.6124e-11
3.9271e-11,1.5516e-11,3.8846e-11
3.9599e-11,1.6414e-11,3.8953e-11
3.7736e-11,1.8832e-11,2.872e-11
3.8129e-11,1.5214e-11,3.2511e-11
3.957e-11,1.7114e-11,4.0211e-11
2.6577e-11,1.3556e-11,2.2231e-11
3.0093e-11,1.4497e-11,3.0133e-11
3.2347e-11,1.58e-11,2.3372e-11
2.5897e-11,1.0643e-11,2.1241e-11
2.9796e-11,1.8439e-11,2.5629e-11
2.1245e-11,8.4471e-12,1.8165e-11
2.659e-11,1.8321e-11,2.2342e-11
2.4397e-11,2.1171e-11,2.36e-11
1.8019e-11,1.012e-11,1.5857e-11
2.2878e-11,1.02e-11,1.3985e-11
1.8354e-11,1.2065e-11,1.5821e-11
2.017e-11,1.7632e-11,2.1177e-11
2.6274e-11,2.6202e-11,2.7037e-11
2.3238e-11,1.0358e-11,1.5219e-11
1.805e-11,1.8163e-11,2.0535e-11
1.5785e-11,1.6117e-11,1.4356e-11
2.3713e-11,2.6575e-11,1.8896e-11
1.3913e-11,1.728e-11,1.66e-11
2.7708e-11,2.9812e-11,1.9286e-11
2.1795e-11,5.7209e-11,4.6416e-11
1.5272e-11,4.9382e-11,4.3258e-11
1.4796e-11,2.2688e-11,1.2461e-11
1.6522e-11,2.297e-11,1.2091e-11
2.1388e-11,2.7693e-11,1.4083e-11
1.0526e-11,4.3171e-11,4.2311e-11
1.0549e-11,3.0983e-11,1.2535e-11
1.1084e-11,2.7116e-11,1.7762e-11
1.5276e-11,2.1336e-11,1.2533e-11
2.9267e-11,3.445e-11,2.1841e-11
1.1522e-11,2.7253e-11,1.8285e-11
1.8277e-11,1.1644e-11,7.4116e-12
8.064e-12,8.6355e-12,4.4513e-12
6.679e-12,3.4606e-11,1.3935e-11
8.2765e-12,3.2632e-11,3.7326e-11
1.0877e-11,1.1968e-11,9.3267e-12
8.7852e-12,3.9041e-11,1.4476e-11
7.8926e-12,9.8612e-12,8.0029e-12
8.5155e-12,3.7736e-11,1.7635e-11
3.7669e-11,1.4752e-11,3.1527e-11
5.0103e-11,2.7228e-11,4.5495e-11
3.3217e-11,1.2656e-11,2.8702e-11
3.1481e-11,1.7223e-11,3.4829e-11
2.5266e-11,1.0262e-11,2.2327e-11
2.5414e-11,1.1415e-11,2.2028e-11
3.2241e-11,1.4601e-11,2.4624e-11
3.5184e-11,1.6737e-11,2.5727e-11
2.7015e-11,1.2213e-11,2.1287e-11
3.466e-11,1.2945e-11,2.2527e-11
3.5207e-11,2.3856e-11,4.3385e-11
2.4731e-11,1.2094e-11,1.9536e-11
2.6483e-11,8.8123e-12,1.6926e-11
4.4172e-11,3.6479e-11,3.9944e-11
2.0806e-11,1.0523e-11,1.5935e-11
2.8039e-11,1.7986e-11,2.846e-11
2.7668e-11,2.0944e-11,2.9162e-11
1.8419e-11,8.3415e-12,1.7552e-11
2.2846e-11,1.5107e-11,1.9144e-11
2.1503e-11,1.5271e-11,1.5506e-11
2.0869e-11,9.6908e-12,1.8065e-11
2.1838e-11,1.1196e-11,2.0724e-11
3.1711e-11,2.8478e-11,2.6684e-11
2.0095e-11,1.2696e-11,1.5719e-11
2.1466e-11,7.8566e-12,1.2775e-11
2.9156e-11,1.0959e-11,1.4091e-11
2.335e-11,1.1263e-11,1.7074e-11
1.8169e-11,8.0341e-12,1.4926e-11
3.1213e-11,1.4281e-11,1.4409e-11
2.3124e-11,2.4486e-11,2.0363e-11
1.5417e-11,1.3081e-11,1.4913e-11
1.4686e-11,7.7774e-12,9.7181e-12
1.6296e-11,1.7528e-11,1.4333e-11
2.3475e-11,3.1511e-11,1.9168e-11
1.4276e-11,1.0544e-11,1.4231e-11
2.7565e-11,2.7837e-11,1.9031e-11
1.3635e-11,1.7153e-11,1.5021e-11
1.6631e-11,2.0548e-11,2.6762e-11
1.8821e-11,4.5252e-11,3.9884e-11
1.3178e-11,2.9712e-11,3.1591e-11
2.2068e-11,2.8442e-11,1.7337e-11
2.0357e-11,3.6587e-11,1.3582e-11
1.1353e-11,2.2493e-11,2.4683e-11
1.3273e-11,1.941e-11,1.0472e-11
1.3791e-11,1.8656e-11,1.0028e-11
1.2889e-11,3.8378e-11,1.1986e-11
1.0599e-11,1.8753e-11,1.2359e-11
1.884e-11,1.1772e-11,1.1971e-11
8.4599e-12,1.2058e-11,8.0034e-12
6.1072e-12,9.496e-12,1.0115e-11
8.9477e-12,4.2139e-11,1.8919e-11
7.9378e-12,1.2083e-11,4.2942e-12
1.2973e-11,1.5427e-11,1.191e-11
1.1836e-11,1.5143e-11,7.4694e-12
5.0048e-11,1.8655e-11,4.7858e-11
4.8156e-11,1.7133e-11,4.7121e-11
4.5343e-11,1.722e-11,3.6449e-11
3.9405e-11,1.9522e-11,3.4913e-11
3.7493e-11,1.5145e-11,3.8063e-11
3.5029e-11,1.7812e-11,3.5493e-11
3.8351e-11,1.6944e-11,4.1248e-11
3.2216e-11,1.5228e-11,3.2763e-11
2.9274e-11,1.143e-11,2.3122e-11
2.2815e-11,9.8004e-12,1.9639e-11
3.2045e-11,2.3649e-11,2.9284e-11
2.9043e-11,1.5968e-11,3.1189e-11
2.7398e-11,1.0371e-11,1.8435e-11
2.2276e-11,1.0697e-11,1.8698e-11
2.2897e-11,9.9345e-12,1.5863e-11
4.1963e-11,3.3794e-11,3.6541e-11
4.2184e-11,3.678e-11,3.5297e-11
3.3952e-11,2.8674e-11,3.0729e-11
2.9135e-11,2.296e-11,2.7202e-11
4.3791e-11,3.9091e-11,3.8075e-11
2.6431e-11,2.5525e-11,2.4576e-11
3.2241e-11,2.8964e-11,2.7013e-11
2.7704e-11,3.1303e-11,2.8416e-11
1.9326e-11,1.0161e-11,1.2126e-11
1.7557e-11,8.9802e-12,1.3867e-11
1.7473e-11,1.3695e-11,1.2761e-11
2.3964e-11,2.6159e-11,3.4111e-11
2.5287e-11,3.249e-11,4.3497e-11
2.7715e-11,1.4549e-11,1.7071e-11
1.5265e-11,1.2385e-11,1.8506e-11
2.3944e-11,3.3797e-11,1.8203e-11
2.356e-11,2.6554e-11,1.9539e-11
3.876e-11,3.8578e-11,2.6697e-11
1.5383e-11,2.7338e-11,1.4426e-11
1.931e-11,3.7123e-11,1.6098e-11
2.0282e-11,3.71e-11,1.3992e-11
1.7634e-11,2.028e-11,1.7263e-11
1.7632e-11,2.7874e-11,1.4569e-11
3.6231e-11,4.6019e-11,3.0464e-11
3.6546e-11,4.6449e-11,3.2037e-11
1.2678e-11,1.9869e-11,9.7779e-12
1.1841e-11,2.9174e-11,1.221e-11
1.7882e-11,2.756e-11,1.2405e-11
1.1011e-11,2.1343e-11,1.0248e-11
1.6582e-11,1.9556e-11,1.1392e-11
1.3533e-11,1.9601e-11,9.8086e-12
7.0505e-12,3.693e-11,1.3504e-11
1.1442e-11,1.4699e-11,6.8704e-12
7.8774e-12,9.2092e-12,8.0452e-12
1.0443e-11,1.3904e-11,8.9516e-12
8.2837e-12,4.057e-11,1.992e-11
3.1902e-11,3.5027e-11,2.4354e-11
3.9258e-11,1.5277e-11,3.6069e-11
4.0459e-11,1.6503e-11,3.8031e-11
3.9866e-11,2.0265e-11,3.268e-11
5.0547e-11,3.0226e-11,4.4604e-11
3.0255e-11,1.1314e-11,2.3614e-11
3.5287e-11,1.7184e-11,2.651e-11
3.4392e-11,1.622e-11,2.3339e-11
2.6617e-11,9.1436e-12,1.9867e-11
2.5525e-11,9.5603e-12,1.9407e-11
3.5451e-11,2.2879e-11,4.0691e-11
2.1711e-11,1.0512e-11,1.5941e-11
2.5786e-11,1.3229e-11,2.5609e-11
2.4818e-11,1.0747e-11,1.8948e-11
3.4063e-11,2.8994e-11,3.318e-11
2.0811e-11,1.9457e-11,1.8661e-11
3.3698e-11,3.3112e-11,2.0105e-11
3.5531e-11,3.3749e-11,2.021e-11
2.0897e-11,4.0456e-11,4.3649e-11
2.391e-11,3.1554e-11,1.8241e-11
4.1537e-11,4.1977e-11,3.0102e-11
1.485e-11,1.2402e-11,1.0825e-11
1.4779e-11,1.1548e-11,1.0785e-11
2.1279e-11,2.3873e-11,1.6271e-11
2.7424e-11,4.185e-11,1.7885e-11
2.4599e-11,2.9305e-11,1.8825e-11
1.5641e-11,2.6278e-11,2.3563e-11
3.7344e-11,4.3919e-11,2.74e-11
1.9421e-11,2.7113e-11,1.4402e-11
1.2001e-11,2.5106e-11,2.6517e-11
2.877e-11,3.6908e-11,2.1124e-11
1.3224e-11,4.2827e-11,4.4575e-11
2.9479e-11,3.7691e-11,2.4894e-11
1.0523e-11,1.472e-11,7.8354e-12
1.1499e-11,1.4473e-11,1.1463e-11
2.9627e-11,3.422e-11,2.2163e-11
2.8067e-11,3.3511e-11,2.2522e-11
9.0047e-12,1.2408e-11,7.2649e-12
9.4055e-12,1.5717e-11,8.8398e-12
8.1183e-12,3.3548e-11,1.2333e-11
1.0075e-11,1.5937e-11,7.2934e-12
9.428e-12,1.3884e-11,5.0705e-12
7.4012e-12,1.207e-11,1.0071e-11
3.1367e-11,3.3616e-11,2.3324e-11
2.9611e-11,3.0604e-11,2.104e-11
4.4103e-11,1.501e-11,3.881e-11
3.8249e-11,1.361e-11,3.8298e-11
3.758e-11,1.5213e-11,3.4095e-11
4.6324e-11,2.0516e-11,3.3222e-11
2.9006e-11,1.7835e-11,2.8209e-11
3.2398e-11,1.7771e-11,3.3091e-11
3.0998e-11,1.77e-11,2.1031e-11
3.4177e-11,2.0979e-11,2.6686e-11
2.7398e-11,1.2209e-11,1.9041e-11
2.7627e-11,1.156e-11,1.7961e-11
2.2163e-11,9.7185e-12,1.8449e-11
3.1915e-11,2.7382e-11,2.8449e-11
4.0459e-11,3.6737e-11,3.3768e-11
1.8911e-11,9.802e-12,1.6037e-11
1.8442e-11,1.362e-11,1.3465e-11
2.4548e-11,3.1462e-11,4.9036e-11
2.7994e-11,2.6432e-11,2.578e-11
2.7409e-11,2.7658e-11,2.3573e-11
2.3022e-11,2.696e-11,3.9594e-11
1.7845e-11,2.8267e-11,3.6222e-11
2.7635e-11,3.6812e-11,1.7769e-11
1.4113e-11,1.5732e-11,1.4701e-11
1.9681e-11,3.7923e-11,1.73e-11
3.065e-11,2.8272e-11,1.4518e-11
4.1308e-11,4.5962e-11,3.2044e-11
2.5259e-11,2.8106e-11,1.9394e-11
1.8583e-11,2.571e-11,1.3526e-11
1.7423e-11,2.1223e-11,1.6149e-11
1.5655e-11,4.3767e-11,4.2874e-11
1.2493e-11,2.2258e-11,1.1506e-11
1.5547e-11,2.4271e-11,1.2349e-11
9.0195e-12,9.6002e-12,7.6947e-12
1.6626e-11,2.0639e-11,1.012e-11
1.7639e-11,3.2961e-11,1.5685e-11
9.7031e-12,9.2699e-12,9.0553e-12
9.4659e-12,1.1339e-11,6.8186e-12
1.4244e-11,1.8775e-11,1.0446e-11
9.913e-12,4.6513e-11,1.6235e-11
1.3121e-11,1.5376e-11,1.3989e-11
7.1609e-12,1.0207e-11,1.0708e-11
8.0151e-12,9.09e-12,6.8747e-12
4.7292e-11,1.4401e-11,4.0972e-11
4.0592e-11,1.4658e-11,4.1799e-11
3.7636e-11,1.4362e-11,3.3038e-11
4.909e-11,1.9447e-11,3.835e-11
3.3392e-11,1.4942e-11,3.2689e-11
2.5448e-11,1.3429e-11,1.7027e-11
4.1664e-11,3.5561e-11,4.3792e-11
3.9634e-11,3.2494e-11,4.4437e-11
3.383e-11,2.8098e-11,4.0685e-11
2.5887e-11,1.5115e-11,1.5204e-11
3.7479e-11,2.8771e-11,3.0152e-11
2.9223e-11,3.153e-11,4.3485e-11
3.4116e-11,3.0532e-11,2.812e-11
2.4096e-11,1.8478e-11,2.0575e-11
1.8645e-11,1.6031e-11,1.6838e-11
1.9362e-11,1.4788e-11,1.4073e-11
2.6458e-11,2.4251e-11,2.5491e-11
1.8693e-11,1.0606e-11,1.3443e-11
1.5523e-11,8.8397e-12,1.1193e-11
3.0595e-11,1.685e-11,1.6448e-11
3.2536e-11,3.9664e-11,2.1982e-11
2.4404e-11,2.4873e-11,2.1576e-11
1.459e-11,9.2753e-12,9.8595e-12
4.2279e-11,4.2119e-11,3.1447e-11
2.5915e-11,4.3774e-11,4.7134e-11
1.4396e-11,1.1276e-11,1.4495e-11
2.5622e-11,3.3924e-11,1.9824e-11
1.3699e-11,1.7407e-11,1.3509e-11
2.8321e-11,3.3683e-11,1.772e-11
1.8182e-11,2.5634e-11,1.299e-11
2.409e-11,3.1432e-11,1.7634e-11
1.1605e-11,1.7472e-11,1.0344e-11
1.0407e-11,1.0102e-11,7.382e-12
1.4354e-11,4.1163e-11,1.9776e-11
1.1676e-11,3.4465e-11,2.1288e-11
7.7895e-12,3.3613e-11,3.3974e-11
9.3385e-12,1.4582e-11,9.8156e-12
7.9575e-12,3.1393e-11,1.4312e-11
9.4864e-12,2.3301e-11,1.1104e-11
6.1139e-12,1.0051e-11,7.175e-12
1.4824e-11,9.8217e-12,8.5445e-12
5.1302e-11,1.9207e-11,4.2469e-11
4.4169e-11,1.5923e-11,3.8024e-11
4.9066e-11,1.8065e-11,3.8588e-11
4.619e-11,1.5984e-11,3.7761e-11
4.6114e-11,1.984e-11,3.6077e-11
4.2947e-11,1.8496e-11,3.2511e-11
3.4756e-11,1.8736e-11,2.9168e-11
4.8289e-11,2.1978e-11,3.672e-11
3.8032e-11,1.7603e-11,4.3629e-11
3.4348e-11,1.8001e-11,2.8762e-11
2.9187e-11,1.6382e-11,2.0602e-11
3.9181e-11,1.6308e-11,2.0699e-11
2.6009e-11,1.7055e-11,1.8678e-11
3.2078e-11,2.0799e-11,2.6614e-11
2.2328e-11,1.6003e-11,1.4747e-11
2.1442e-11,1.5179e-11,1.8196e-11
2.5725e-11,1.798e-11,1.5219e-11
3.2767e-11,1.3902e-11,2.1254e-11
1.9676e-11,1.3044e-11,1.4387e-11
2.4845e-11,3.0914e-11,4.4698e-11
3.1251e-11,1.267e-11,1.6854e-11
2.3958e-11,2.8844e-11,3.9153e-11
2.533e-11,3.0164e-11,3.7737e-11
3.2588e-11,1.5592e-11,1.6701e-11
3.419e-11,3.7488e-11,2.2023e-11
1.7217e-11,1.3664e-11,1.86e-11
2.9567e-11,3.2398e-11,2.0127e-11
1.7674e-11,2.1566e-11,1.7792e-11
1.5582e-11,2.5218e-11,3.2418e-11
1.6261e-11,2.4323e-11,2.9262e-11
2.1432e-11,1.9668e-11,1.4456e-11
2.8503e-11,2.7405e-11,1.7635e-11
1.8926e-11,2.4529e-11,1.5024e-11
1.3823e-11,1.9946e-11,9.4328e-12
2.9154e-11,3.5085e-11,2.1885e-11
1.9304e-11,2.6602e-11,1.4955e-11
1.1372e-11,1.1672e-11,9.1323e-12
1.6531e-11,2.2099e-11,1.1231e-11
1.5109e-11,3.4284e-11,1.4676e-11
1.9075e-11,2.6729e-11,1.5094e-11
9.4977e-12,1.1749e-11,5.8585e-12
9.1538e-12,1.2887e-11,6.1435e-12
9.1594e-12,1.2571e-11,5.3267e-12
1.05e-11,1.3743e-11,4.6197e-12
1.0865e-11,2.0233e-11,1.0806e-11
7.7273e-12,3.5835e-11,1.4072e-11
1.048e-11,1.3933e-11,5.2413e-12
9.0571e-12,3.4356e-11,3.1526e-11
1.0456e-11,3.3896e-11,2.8085e-11
1.5564e-11,1.8574e-11,8.9678e-12
5.0991e-11,1.6938e-11,4.9552e-11
3.5078e-11,1.5995e-11,3.0333e-11
3.0398e-11,1.3362e-11,2.3247e-11
3.3429e-11,1.617e-11,2.5245e-11
3.4578e-11,2.3257e-11,2.8002e-11
2.9559e-11,1.4511e-11,2.149e-11
3.329e-11,1.5446e-11,2.1996e-11
2.6697e-11,1.2695e-11,1.9989e-11
2.1059e-11,1.0694e-11,2.0843e-11
3.5139e-11,1.8179e-11,3.0133e-11
3.9713e-11,3.5725e-11,3.9e-11
3.051e-11,2.4826e-11,2.5248e-11
3.1705e-11,1.9674e-11,3.0481e-11
3.3022e-11,1.9406e-11,2.4036e-11
2.2397e-11,9.7693e-12,1.3407e-11
2.8e-11,1.3635e-11,1.5244e-11
3.0994e-11,1.2461e-11,1.7406e-11
1.827e-11,1.4765e-11,1.6488e-11
1.6583e-11,1.8417e-11,1.9326e-11
2.3816e-11,3.1228e-11,2.0744e-11
1.9171e-11,3.1691e-11,4.1384e-11
2.1326e-11,3.0835e-11,3.5634e-11
1.9928e-11,2.0527e-11,1.5995e-11
2.9135e-11,4.3748e-11,1.7378e-11
2.0815e-11,2.4146e-11,1.5093e-11
1.5667e-11,4.163e-11,2.3381e-11
9.9992e-12,9.4923e-12,7.4822e-12
3.3211e-11,4.2432e-11,2.6828e-11
1.3303e-11,2.1881e-11,1.0719e-11
2.3079e-11,2.9722e-11,1.5504e-11
1.0239e-11,3.4497e-11,4.111e-11
1.3881e-11,1.5255e-11,9.4694e-12
1.1525e-11,1.5373e-11,1.0407e-11
1.0558e-11,1.4177e-11,7.7538e-12
9.2773e-12,2.2301e-11,1.0544e-11
1.0139e-11,1.1142e-11,8.4084e-12
7.7234e-12,3.5778e-11,1.1851e-11
8.1229e-12,1.08e-11,6.1482e-12
4.9623e-11,1.7722e-11,4.5121e-11
3.9716e-11,1.7626e-11,3.5277e-11
5.1389e-11,2.0074e-11,3.996e-11
4.4937e-11,1.9455e-11,3.9274e-11
4.1472e-11,2.0006e-11,3.5179e-11
5.1956e-11,2.1348e-11,3.7382e-11
4.5619e-11,2.2375e-11,3.2786e-11
3.1857e-11,1.46e-11,2.4048e-11
4.7648e-11,2.7652e-11,3.753e-11
2.8157e-11,1.9379e-11,2.1461e-11
4.8163e-11,3.3331e-11,4.0156e-11
3.4918e-11,1.3325e-11,2.3751e-11
2.9537e-11,1.4364e-11,2.0814e-11
3.6717e-11,2.3502e-11,2.1426e-11
3.057e-11,2.6389e-11,1.8637e-11
2.7734e-11,1.5574e-11,2.0562e-11
2.6289e-11,1.4928e-11,1.5352e-11
3.338e-11,3.1567e-11,2.6387e-11
3.0966e-11,3.825e-11,4.2196e-11
1.7065e-11,1.3871e-11,1.6462e-11
3.3086e-11,4.0055e-11,2.733e-11
1.7094e-11,1.8657e-11,1.0064e-11
3.6282e-11,4.4849e-11,2.4271e-11
1.9633e-11,3.7505e-11,4.7028e-11
1.5493e-11,9.3793e-12,1.7708e-11
2.3149e-11,3.554e-11,3.0982e-11
2.4114e-11,3.6952e-11,1.7935e-11
1.8676e-11,2.8851e-11,3.1496e-11
3.2891e-11,3.8534e-11,2.3652e-11
3.4291e-11,3.9032e-11,2.3346e-11
2.1245e-11,4.1853e-11,1.9563e-11
3.4346e-11,4.3862e-11,2.6696e-11
1.4934e-11,3.1094e-11,2.8814e-11
2.0127e-11,2.8211e-11,1.6107e-11
1.096e-11,1.1155e-11,4.5467e-12
1.1069e-11,1.187e-11,6.3313e-12
1.3286e-11,2.5072e-11,1.154e-11
2.2484e-11,2.6397e-11,1.6169e-11
8.0571e-12,1.2459e-11,1.2724e-11
3.2754e-11,3.444e-11,2.4701e-11
1.4731e-11,1.7353e-11,7.3413e-12
4.9312e-11,1.591e-11,4.6004e-11
4.7364e-11,1.7276e-11,4.8173e-11
4.5644e-11,1.609e-11,4.2958e-11
4.3155e-11,2.0158e-11,3.5658e-11
3.9017e-11,1.9835e-11,2.8657e-11
3.942e-11,1.8032e-11,2.5807e-11
3.2386e-11,1.2061e-11,2.3114e-11
3.8301e-11,1.8695e-11,4.3962e-11
4.6401e-11,2.1915e-11,3.3135e-11
3.1733e-11,1.7304e-11,2.4215e-11
4.0218e-11,1.9155e-11,2.7968e-11
3.8856e-11,1.9336e-11,3.9556e-11
3.9488e-11,1.9739e-11,3.3517e-11
3.3913e-11,1.9842e-11,1.8934e-11
4.2771e-11,3.3761e-11,3.8686e-11
4.6602e-11,4.4302e-11,4.5649e-11
3.2549e-11,1.5038e-11,1.8847e-11
2.2465e-11,1.167e-11,1.6582e-11
4.8806e-11,3.7968e-11,3.5112e-11
3.893e-11,3.9238e-11,4.8355e-11
2.3762e-11,1.5125e-11,1.5649e-11
1.9594e-11,1.1149e-11,1.8177e-11
3.4485e-11,2.4188e-11,2.6813e-11
2.696e-11,1.646e-11,2.2468e-11
3.4937e-11,1.9574e-11,2.2621e-11
1.804e-11,1.1802e-11,1.5151e-11
3.4809e-11,1.6538e-11,1.7335e-11
1.6556e-11,1.5202e-11,1.2417e-11
1.9635e-11,2.9311e-11,3.4216e-11
3.0952e-11,4.1858e-11,1.6332e-11
2.0527e-11,2.2511e-11,1.3698e-11
9.0337e-12,9.4773e-12,6.5559e-12
9.1681e-12,1.1138e-11,7.5067e-12
3.3547e-11,4.2023e-11,2.635e-11
2.5012e-11,3.1424e-11,1.7598e-11
1.0361e-11,1.4527e-11,1.0568e-11
1.0861e-11,3.9297e-11,2.785e-11
1.0992e-11,1.4612e-11,5.513e-12
3.134e-11,3.7778e-11,2.4949e-11
1.1503e-11,1.5287e-11,6.5421e-12
9.1495e-12,9.955e-12,7.1333e-12
1.251e-11,2.4611e-11,1.1391e-11
1.0733e-11,1.2375e-11,6.6111e-12
1.1668e-11,1.3144e-11,5.1409e-12
3.253e-11,3.7317e-11,2.378e-11
8.1043e-12,3.7565e-11,1.4918e-11
1.093e-11,4.1614e-11,2.8966e-11
1.0205e-11,4.0484e-11,2.9014e-11
1.1046e-11,1.4364e-11,5.6334e-12
1.4472e-11,1.3979e-11,1.0753e-11
8.2615e-12,1.1291e-11,9.3855e-12
9.441e-12,1.0356e-11,6.5744e-12
8.1673e-12,9.7707e-12,6.7551e-12
5.1089e-11,1.9665e-11,4.4544e-11
5.0177e-11,1.9229e-11,4.2582e-11
4.9662e-11,2.0037e-11,4.32e-11
4.4316e-11,1.892e-11,3.6911e-11
4.0321e-11,2.0367e-11,3.0026e-11
3.4962e-11,1.4025e-11,2.7663e-11
4.053e-11,2.2179e-11,2.7995e-11
4.0028e-11,1.6575e-11,2.7352e-11
3.9969e-11,1.6732e-11,3.1508e-11
3.1407e-11,1.6254e-11,2.0553e-11
3.3599e-11,1.8832e-11,2.5283e-11
4.6521e-11,3.6343e-11,3.9329e-11
3.6262e-11,2.7064e-11,3.0585e-11
2.3285e-11,3.0706e-11,1.9339e-11
4.036e-11,3.6302e-11,3.4917e-11
3.357e-11,1.522e-11,1.713e-11
2.0324e-11,9.9142e-12,1.3642e-11
4.3291e-11,4.6024e-11,3.8167e-11
2.714e-11,1.4171e-11,2.3002e-11
3.6331e-11,3.6429e-11,2.4847e-11
1.9002e-11,1.2163e-11,1.1362e-11
1.7333e-11,8.9579e-12,1.015e-11
1.9733e-11,1.8067e-11,1.6241e-11
2.9848e-11,1.3508e-11,1.9503e-11
3.6898e-11,3.7626e-11,2.3658e-11
2.7763e-11,4.1168e-11,3.4172e-11
3.5292e-11,2.2375e-11,1.9522e-11
1.7589e-11,1.0594e-11,1.1795e-11
4.4586e-11,4.4256e-11,3.2743e-11
1.4393e-11,9.1403e-12,1.4779e-11
1.7833e-11,3.664e-11,4.5068e-11
1.9431e-11,2.0366e-11,1.4838e-11
3.925e-11,4.2442e-11,2.7536e-11
1.9744e-11,1.9836e-11,1.4654e-11
1.9198e-11,3.6045e-11,2.7151e-11
1.3316e-11,3.5326e-11,4.1143e-11
1.8898e-11,4.0329e-11,2.573e-11
3.4937e-11,4.3928e-11,2.7233e-11
1.2117e-11,1.3205e-11,6.9045e-12
1.2623e-11,1.1799e-11,1.0623e-11
8.0754e-12,1.4249e-11,9.0918e-12
1.4604e-11,3.5801e-11,3.306e-11
1.2841e-11,1.2293e-11,5.4778e-12
8.1882e-12,9.1247e-12,8.7669e-12
1.0859e-11,1.3545e-11,6.4232e-12
9.5153e-12,9.2173e-12,7.2632e-12
1.5187e-11,2.1188e-11,9.2897e-12
1.0426e-11,1.5007e-11,1.2453e-11
8.585e-12,1.0799e-11,9.8958e-12
8.9959e-12,2.1428e-11,1.0914e-11
1.5597e-11,1.8229e-11,8.8035e-12
9.8518e-12,3.8426e-11,1.3725e-11
1.1603e-11,1.5112e-11,5.6533e-12
1.7306e-11,2.0466e-11,1.1145e-11
1.3432e-11,3.2334e-11,1.3183e-11
9.2705e-12,1.1614e-11,4.9508e-12
5.0631e-11,1.6595e-11,4.8338e-11
4.8096e-11,1.879e-11,4.215e-11
4.5575e-11,2.1867e-11,3.3195e-11
3.7355e-11,2.0623e-11,3.2653e-11
3.5765e-11,1.5697e-11,2.1749e-11
3.5332e-11,1.9349e-11,2.578e-11
2.5738e-11,1.2894e-11,1.6924e-11
3.3503e-11,2.4818e-11,2.3652e-11
2.4913e-11,1.1385e-11,1.5511e-11
4.0539e-11,1.7829e-11,2.7483e-11
2.3762e-11,1.2277e-11,1.5868e-11
2.4525e-11,1.2277e-11,1.6389e-11
4.1937e-11,2.0319e-11,2.8424e-11
4.6363e-11,4.7389e-11,3.9294e-11
2.043e-11,1.269e-11,1.4565e-11
2.432e-11,1.1533e-11,1.623e-11
3.2062e-11,2.9293e-11,2.7819e-11
4.1087e-11,3.7303e-11,3.1575e-11
2.8015e-11,2.7585e-11,2.5453e-11
1.8245e-11,1.6298e-11,1.5562e-11
3.4483e-11,4.9714e-11,2.9216e-11
3.8351e-11,4.1331e-11,2.4894e-11
2.0971e-11,2.3999e-11,1.4419e-11
2.2077e-11,3.2297e-11,1.8461e-11
2.1892e-11,2.6544e-11,1.4491e-11
1.5225e-11,2.2704e-11,1.0361e-11
9.8729e-12,9.6319e-12,7.9318e-12
1.1289e-11,3.8995e-11,4.6676e-11
1.0227e-11,1.7725e-11,1.0251e-11
1.913e-11,4.0954e-11,2.7488e-11
1.5399e-11,2.0426e-11,8.7874e-12
9.7945e-12,1.0523e-11,9.8379e-12
1.4538e-11,3.9237e-11,1.4391e-11
9.0833e-12,1.0881e-11,1.1026e-11
1.2429e-11,1.064e-11,8.9978e-12
1.4943e-11,2.0105e-11,1.0225e-11
1.1628e-11,1.5056e-11,6.5614e-12
1.0045e-11,1.0465e-11,8.8685e-12
8.9191e-12,1.1546e-11,8.7243e-12
9.739e-12,1.1877e-11,7.373e-12
4.9427e-11,1.717e-11,4.5917e-11
4.2016e-11,1.9031e-11,3.8836e-11
4.4565e-11,1.9189e-11,3.4601e-11
5.3382e-11,2.0892e-11,4.1091e-11
5.0631e-11,2.0655e-11,3.7565e-11
3.813e-11,1.4682e-11,2.8226e-11
3.1965e-11,1.7014e-11,2.7828e-11
4.8593e-11,2.3833e-11,2.8154e-11
3.0861e-11,1.8712e-11,2.7158e-11
4.3743e-11,2.1067e-11,3.4288e-11
4.4567e-11,2.1554e-11,4.1358e-11
4.6553e-11,3.2414e-11,3.9251e-11
3.8679e-11,2.167e-11,3.5979e-11
3.8064e-11,2.7901e-11,3.1094e-11
2.5166e-11,2.5049e-11,1.7157e-11
2.0937e-11,1.0297e-11,1.3707e-11
2.2059e-11,1.4871e-11,1.5008e-11
4.432e-11,5.0086e-11,4.5834e-11
1.9122e-11,1.1469e-11,1.3557e-11
3.5616e-11,2.3616e-11,2.9182e-11
2.4816e-11,2.3234e-11,2.1955e-11
2.823e-11,1.4776e-11,2.1493e-11
3.2214e-11,3.9561e-11,4.0631e-11
4.4959e-11,4.3479e-11,3.2894e-11
1.6806e-11,1.325e-11,1.12e-11
4.0868e-11,4.0549e-11,2.8262e-11
1.52e-11,2.2573e-11,1.1312e-11
1.3677e-11,1.3503e-11,8.545e-12
1.364e-11,1.5879e-11,8.7298e-12
1.8224e-11,1.973e-11,1.2922e-11
1.6001e-11,3.6234e-11,4.4001e-11
1.3672e-11,2.0875e-11,9.5405e-12
1.0362e-11,1.1042e-11,8.66e-12
3.338e-11,4.0555e-11,2.499e-11
9.9801e-12,1.0454e-11,1.0861e-11
1.0317e-11,1.5053e-11,9.9577e-12
1.0268e-11,9.8056e-12,7.2081e-12
9.1481e-12,8.7186e-12,6.3146e-12
1.3435e-11,2.3868e-11,1.2135e-11
3.0888e-11,3.592e-11,2.3442e-11
1.3604e-11,4.3868e-11,4.5273e-11
1.0644e-11,1.1315e-11,9.2445e-12
1.5262e-11,3.8923e-11,1.3681e-11
2.1121e-11,2.3999e-11,1.3523e-11
1.7448e-11,2.4192e-11,1.2951e-11
8.7869e-12,9.9378e-12,8.5844e-12
1.2561e-11,1.359e-11,1.0538e-11
1.2104e-11,1.5566e-11,6.0358e-12
1.2049e-11,9.3311e-12,4.6478e-12
7.1347e-12,9.3443e-12,7.495e-12
7.0973e-12,1.0478e-11,7.7778e-12
7.8975e-12,2.1678e-11,1.511e-11
6.7893e-12,1.0973e-11,9.4979e-12
1.1397e-11,1.7577e-11,6.3767e-12
5.0185e-11,1.9274e-11,4.5262e-11
4.662e-11,1.8314e-11,4.0383e-11
4.0646e-11,2.0957e-11,3.509e-11
5.3513e-11,2.1757e-11,4.1452e-11
4.9495e-11,2.1792e-11,3.5261e-11
3.3829e-11,1.4023e-11,2.3334e-11
3.9657e-11,1.5222e-11,2.4445e-11
3.8069e-11,1.5139e-11,2.3577e-11
4.362e-11,1.7365e-11,3.4187e-11
4.5268e-11,1.955e-11,3.0258e-11
4.55e-11,2.2317e-11,4.8811e-11
4.7844e-11,2.3666e-11,3.3949e-11
5.244e-11,3.2143e-11,4.4294e-11
4.3758e-11,1.8474e-11,3.2523e-11
4.4883e-11,2.3818e-11,4.4476e-11
3.0811e-11,1.5443e-11,2.1134e-11
4.6996e-11,3.0354e-11,4.6046e-11
4.1225e-11,2.9936e-11,3.4323e-11
5.2013e-11,3.4437e-11,3.7567e-11
3.8046e-11,3.4262e-11,2.846e-11
3.8521e-11,4.66e-11,4.5613e-11
1.7437e-11,1.2898e-11,1.4686e-11
2.0482e-11,1.9511e-11,1.6998e-11
4.7343e-11,4.285e-11,2.8413e-11
4.1426e-11,4.9016e-11,3.5608e-11
4.4401e-11,4.0648e-11,3.1078e-11
4.03e-11,4.9491e-11,3.7617e-11
4.2839e-11,4.3295e-11,3.0842e-11
1.4312e-11,1.2832e-11,8.5474e-12
2.9271e-11,4.9624e-11,2.0556e-11
1.7013e-11,3.8355e-11,4.3115e-11
1.7446e-11,2.074e-11,1.2904e-11
1.9867e-11,4.391e-11,3.2738e-11
1.7657e-11,4.4001e-11,4.3684e-11
9.8936e-12,1.1506e-11,1.2685e-11
1.1408e-11,9.3601e-12,9.4097e-12
1.0181e-11,1.2976e-11,9.5464e-12
8.5541e-12,1.1555e-11,8.5567e-12
1.2285e-11,1.2088e-11,5.7571e-12
1.2314e-11,1.4618e-11,1.1226e-11
9.527e-12,1.0207e-11,7.1988e-12
1.295e-11,1.1492e-11,9.2262e-12
1.5441e-11,4.3789e-11,3.314e-11
1.0513e-11,1.2876e-11,8.4923e-12
1.0468e-11,1.1796e-11,9.6836e-12
1.6443e-11,2.2166e-11,1.3826e-11
1.0905e-11,1.3651e-11,7.1841e-12
1.5421e-11,3.5621e-11,1.361e-11
7.6659e-12,1.0708e-11,1.0702e-11
7.5346e-12,9.4102e-12,7.0077e-12
1.5876e-11,1.824e-11,8.2878e-12
3.3958e-11,3.6794e-11,2.4074e-11
9.6639e-12,1.3296e-11,1.0299e-11
5.2437e-11,1.9649e-11,4.2355e-11
4.9728e-11,2.1257e-11,4.6389e-11
4.4267e-11,1.8759e-11,3.8547e-11
4.8276e-11,2.2545e-11,3.9276e-11
4.4139e-11,2.5046e-11,3.1684e-11
3.1165e-11,1.9707e-11,2.5577e-11
3.5086e-11,1.567e-11,2.2959e-11
3.1582e-11,1.749e-11,2.223e-11
2.602e-11,1.7282e-11,2.0717e-11
3.137e-11,1.5611e-11,1.9078e-11
3.9565e-11,2.1674e-11,3.0776e-11
2.221e-11,1.158e-11,1.6503e-11
2.4654e-11,1.3749e-11,1.783e-11
4.2989e-11,5.5715e-11,4.2551e-11
1.8685e-11,9.9323e-12,1.1818e-11
4.0517e-11,5.2106e-11,2.9209e-11
1.5908e-11,1.3741e-11,1.6782e-11
3.1602e-11,1.975e-11,1.7663e-11
1.5729e-11,1.6663e-11,1.4477e-11
3.1116e-11,3.7963e-11,1.8696e-11
1.3164e-11,1.2563e-11,1.0362e-11
3.2854e-11,2.863e-11,1.4399e-11
3.1736e-11,3.2857e-11,1.4695e-11
1.2517e-11,1.127e-11,1.1011e-11
2.0646e-11,2.4555e-11,1.3011e-11
1.9597e-11,2.3466e-11,1.1952e-11
9.5789e-12,1.0573e-11,7.2786e-12
1.0761e-11,1.1128e-11,6.8687e-12
8.9433e-12,1.2436e-11,8.225e-12
1.0559e-11,1.478e-11,7.1009e-12
9.4986e-12,1.0954e-11,1.0915e-11
8.6644e-12,1.197e-11,8.6244e-12
1.0619e-11,1.1966e-11,9.6053e-12
1.0898e-11,1.4728e-11,1.2993e-11
8.7412e-12,1.8644e-11,1.2145e-11
1.534e-11,4.7075e-11,1.669e-11
1.5328e-11,5.1618e-11,4.0811e-11
8.3748e-12,2.1602e-11,1.252e-11
1.1452e-11,9.692e-12,8.0902e-12
1.6526e-11,4.2277e-11,1.9641e-11
8.183e-12,1.0928e-11,9.9574e-12
1.18e-11,1.8414e-11,1.2263e-11
1.3311e-11,1.3641e-11,1.1032e-11
9.6305e-12,1.245e-11,3.1314e-12
1.2202e-11,1.5022e-11,6.1931e-12
8.6618e-12,1.1831e-11,3.9351e-12
1.08e-11,1.3588e-11,6.3297e-12
4.8268e-11,2.3008e-11,3.9419e-11
4.9091e-11,2.0394e-11,3.6215e-11
3.9246e-11,2.0052e-11,2.5917e-11
4.6658e-11,1.8965e-11,3.5377e-11
5.5308e-11,3.1803e-11,5.6336e-11
5.1481e-11,2.6735e-11,5.3833e-11
2.6483e-11,1.5768e-11,1.9834e-11
3.3008e-11,1.8522e-11,2.3015e-11
4.716e-11,3.8278e-11,4.0912e-11
3.5572e-11,1.4523e-11,2.2149e-11
4.4089e-11,4.1787e-11,3.4317e-11
3.6966e-11,2.1592e-11,3.5079e-11
5.0216e-11,4.9087e-11,3.1308e-11
3.063e-11,1.3087e-11,1.9295e-11
1.5391e-11,9.676e-12,1.1393e-11
2.9161e-11,3.0118e-11,1.8738e-11
2.0319e-11,2.0653e-11,1.6677e-11
3.1396e-11,4.7301e-11,3.5324e-11
1.0044e-11,1.2071e-11,5.5032e-12
1.7787e-11,2.1656e-11,1.0443e-11
1.0595e-11,1.9149e-11,6.8437e-12
1.1377e-11,1.8833e-11,9.0875e-12
1.0776e-11,1.0517e-11,7.951e-12
1.3602e-11,1.7565e-11,6.6146e-12
8.7024e-12,1.2905e-11,1.0035e-11
1.0159e-11,5.2076e-11,2.5445e-11
1.0803e-11,5.7641e-11,4.5643e-11
1.4059e-11,1.7497e-11,8.0383e-12
9.1131e-12,8.7111e-12,6.2553e-12
1.1072e-11,1.2113e-11,9.7532e-12
4.6501e-11,2.3716e-11,3.6256e-11
5.1723e-11,2.3355e-11,3.9106e-11
4.2671e-11,2.0936e-11,3.061e-11
4.268e-11,1.9605e-11,2.8791e-11
4.6301e-11,2.0678e-11,3.1717e-11
3.723e-11,1.8214e-11,2.474e-11
3.9225e-11,1.501e-11,2.3549e-11
3.1613e-11,1.5156e-11,2.5023e-11
4.1902e-11,3.1696e-11,3.166e-11
2.8414e-11,1.3553e-11,1.7351e-11
2.6504e-11,2.0591e-11,1.6468e-11
5.7657e-11,4.2379e-11,4.2817e-11
2.6435e-11,1.6898e-11,1.8798e-11
5.6715e-11,4.596e-11,3.7361e-11
4.9215e-11,3.2388e-11,3.0783e-11
4.4089e-11,3.7979e-11,2.9935e-11
1.8429e-11,1.3945e-11,1.2389e-11
1.8604e-11,1.9401e-11,1.2688e-11
1.9324e-11,1.0356e-11,1.0411e-11
2.7079e-11,2.3434e-11,2.1243e-11
3.85e-11,3.8371e-11,2.536e-11
1.7638e-11,1.7577e-11,1.354e-11
1.7744e-11,1.8555e-11,1.3034e-11
3.1392e-11,5.128e-11,2.3582e-11
1.5379e-11,2.0483e-11,1.4395e-11
2.694e-11,3.2485e-11,1.7758e-11
1.8782e-11,2.3542e-11,1.1731e-11
1.1079e-11,1.5563e-11,6.6705e-12
1.0703e-11,1.1382e-11,6.1305e-12
8.674e-12,1.9437e-11,1.1095e-11
9.5349e-12,1.4582e-11,9.2663e-12
1.6544e-11,2.0626e-11,9.5594e-12
1.6613e-11,1.8317e-11,7.9614e-12
3.5068e-11,3.8114e-11,2.3493e-11
1.5013e-11,1.8095e-11,7.7725e-12
1.0624e-11,1.39e-11,4.5498e-12
9.9272e-12,1.3353e-11,3.8637e-12
1.0372e-11,1.1047e-11,9.9943e-12
1.0711e-11,1.8286e-11,1.3691e-11
5.3674e-11,2.2862e-11,3.6963e-11
3.5477e-11,1.6274e-11,3.2054e-11
3.7374e-11,1.9951e-11,2.5446e-11
5.2209e-11,2.3669e-11,3.6777e-11
4.1354e-11,1.5921e-11,2.5956e-11
5.0478e-11,3.1786e-11,3.6837e-11
2.8581e-11,1.4196e-11,2.0133e-11
3.4001e-11,1.8953e-11,2.2441e-11
2.3481e-11,1.3723e-11,1.7368e-11
1.8222e-11,1.0833e-11,1.6352e-11
2.8743e-11,1.8273e-11,2.9607e-11
1.8686e-11,1.3014e-11,1.2853e-11
1.7748e-11,1.1375e-11,1.0638e-11
4.0364e-11,5.3489e-11,2.5006e-11
2.6499e-11,2.3705e-11,1.7932e-11
3.3261e-11,4.6112e-11,1.8381e-11
2.8433e-11,4.8567e-11,4.2757e-11
2.9492e-11,3.651e-11,1.724e-11
2.7275e-11,4.539e-11,4.4558e-11
2.6886e-11,3.5292e-11,1.6788e-11
1.8987e-11,2.2775e-11,1.7443e-11
1.3597e-11,1.8131e-11,8.2679e-12
8.9272e-12,1.4594e-11,1.0001e-11
1.1129e-11,1.8606e-11,6.315e-12
1.2446e-11,1.5662e-11,7.5687e-12
1.0639e-11,1.2516e-11,5.5557e-12
1.642e-11,4.5657e-11,1.5788e-11
1.2216e-11,1.7505e-11,1.1584e-11
1.3978e-11,1.9847e-11,1.1846e-11
8.0884e-12,1.049e-11,5.0871e-12
8.7009e-12,1.3767e-11,6.44e-12
1.0209e-11,1.2775e-11,3.4305e-12
1.124e-11,1.254e-11,9.3308e-12
9.0731e-12,4.0413e-11,2.1981e-11
7.9989e-12,9.122e-12,9.168e-12
4.8312e-11,2.168e-11,4.0586e-11
5.5331e-11,2.2656e-11,4.2571e-11
5.9374e-11,2.2968e-11,3.9855e-11
5.3875e-11,2.2102e-11,3.9079e-11
6.2567e-11,3.7786e-11,6.2765e-11
3.2079e-11,1.5018e-11,2.1344e-11
2.931e-11,1.7066e-11,2.1006e-11
2.572e-11,1.3147e-11,1.661e-11
2.947e-11,1.632e-11,1.932e-11
3.1139e-11,2.3604e-11,2.3058e-11
3.3769e-11,1.9971e-11,2.6806e-11
1.9255e-11,1.1808e-11,1.5248e-11
3.263e-11,1.5861e-11,1.9442e-11
2.3702e-11,2.3273e-11,2.0518e-11
3.5134e-11,3.9085e-11,2.3249e-11
1.892e-11,2.1639e-11,1.2064e-11
2.409e-11,2.8384e-11,1.6312e-11
1.2373e-11,1.4104e-11,7.9273e-12
2.0668e-11,3.8079e-11,1.7069e-11
3.2691e-11,3.9655e-11,2.0654e-11
2.8439e-11,4.9623e-11,3.3324e-11
2.4151e-11,4.9676e-11,3.7257e-11
1.0171e-11,1.4007e-11,6.2939e-12
1.1709e-11,1.445e-11,6.7909e-12
9.4127e-12,9.8784e-12,1.3721e-11
9.3832e-12,9.843e-12,8.4149e-12
8.1446e-12,1.1415e-11,5.5984e-12
1.2199e-11,6.3992e-11,4.8749e-11
1.5816e-11,1.8114e-11,6.5824e-12
1.4322e-11,6.3814e-11,4.2305e-11
1.1194e-11,1.3446e-11,4.1249e-12
2.2921e-11,2.2868e-11,1.3232e-11
1.0764e-11,1.3681e-11,3.1913e-12
8.44e-12,1.2983e-11,7.7558e-12
5.4121e-11,2.4709e-11,3.8633e-11
4.1852e-11,2.0423e-11,3.7139e-11
4.0837e-11,1.8423e-11,3.1813e-11
5.5466e-11,2.0589e-11,3.5254e-11
4.0906e-11,1.5681e-11,2.4814e-11
4.88e-11,1.9002e-11,2.6896e-11
5.0515e-11,3.5375e-11,3.7727e-11
4.2332e-11,2.8734e-11,3.0656e-11
4.7232e-11,2.5721e-11,2.7887e-11
5.1209e-11,2.7003e-11,4.9537e-11
3.4176e-11,2.4096e-11,2.4491e-11
2.9086e-11,1.5746e-11,1.741e-11
4.9795e-11,2.2795e-11,4.3751e-11
4.48e-11,3.8337e-11,3.4858e-11
2.2903e-11,1.2067e-11,1.6988e-11
2.2004e-11,1.3296e-11,1.746e-11
3.7693e-11,3.1924e-11,3.0958e-11
2.7149e-11,1.3508e-11,1.2533e-11
5.6141e-11,6.3301e-11,3.4173e-11
1.6398e-11,1.2409e-11,9.9793e-12
4.1375e-11,5.2256e-11,2.8965e-11
2.9638e-11,3.0233e-11,1.91e-11
2.639e-11,2.8903e-11,1.761e-11
3.2091e-11,5.6245e-11,4.2066e-11
3.7566e-11,4.0986e-11,2.5571e-11
1.4394e-11,1.2116e-11,1.0999e-11
1.8759e-11,2.6756e-11,1.3757e-11
1.4084e-11,1.4183e-11,9.1352e-12
2.647e-11,5.33e-11,3.7595e-11
2.5588e-11,5.1676e-11,2.1708e-11
9.9152e-12,1.1156e-11,6.7164e-12
1.1022e-11,9.4452e-12,9.4133e-12
2.2705e-11,5.3378e-11,4.2761e-11
1.1135e-11,1.2681e-11,5.9421e-12
1.186e-11,1.4636e-11,7.0393e-12
1.2715e-11,9.1064e-12,7.0096e-12
8.8115e-12,1.4391e-11,5.246e-12
1.7221e-11,1.9063e-11,7.7311e-12
3.2441e-11,3.6103e-11,2.226e-11
8.2849e-12,1.0376e-11,8.0598e-12
1.2203e-11,1.4626e-11,7.2649e-12
9.5009e-12,2.1666e-11,1.3754e-11
9.6357e-12,1.0028e-11,5.7831e-12
1.0343e-11,1.2585e-11,4.0379e-12
4.396e-11,2.2111e-11,3.5181e-11
3.8341e-11,2.1299e-11,3.1828e-11
3.9505e-11,2.1306e-11,2.6385e-11
3.5688e-11,1.8449e-11,2.4613e-11
4.1548e-11,2.6791e-11,2.7784e-11
2.8446e-11,1.7847e-11,1.7827e-11
3.3532e-11,1.5001e-11,2.3494e-11
3.2172e-11,2.3956e-11,1.809e-11
4.6036e-11,4.1639e-11,3.7797e-11
3.3458e-11,1.655e-11,3.0827e-11
6.3512e-11,5.7478e-11,4.2119e-11
5.925e-11,4.3312e-11,3.9436e-11
2.6981e-11,1.2107e-11,1.3307e-11
5.7714e-11,4.1848e-11,3.5693e-11
4.3077e-11,3.9793e-11,3.0507e-11
2.1947e-11,1.3204e-11,1.6588e-11
2.993e-11,2.7601e-11,3.0538e-11
1.8788e-11,1.19e-11,1.1117e-11
2.6455e-11,2.6479e-11,1.9959e-11
2.0157e-11,2.0214e-11,1.539e-11
2.3153e-11,1.2476e-11,1.3087e-11
3.7047e-11,4.0418e-11,2.2569e-11
1.5803e-11,1.4763e-11,1.2146e-11
1.639e-11,1.382e-11,1.1984e-11
3.871e-11,4.0193e-11,2.3983e-11
1.3101e-11,1.4532e-11,8.2152e-12
1.5491e-11,1.0472e-11,1.0245e-11
2.9644e-11,3.2581e-11,1.929e-11
2.5857e-11,5.1993e-11,2.1169e-11
2.3396e-11,4.5493e-11,2.586e-11
2.2455e-11,4.6936e-11,2.4923e-11
9.9734e-12,1.2292e-11,9.2702e-12
1.1571e-11,1.0237e-11,7.0336e-12
8.9905e-12,1.1231e-11,8.1709e-12
2.5271e-11,3.0262e-11,1.4663e-11
1.1171e-11,1.3822e-11,1.0183e-11
1.2518e-11,1.4094e-11,6.9386e-12
1.0706e-11,1.2453e-11,1.2463e-11
1.1384e-11,9.7741e-12,6.9663e-12
8.7949e-12,1.1552e-11,6.4939e-12
8.3634e-12,3.8924e-11,1.8325e-11
1.3584e-11,1.5573e-11,5.2076e-12
1.6502e-11,6.3192e-11,3.7727e-11
8.4155e-12,1.4289e-11,7.0253e-12
1.3354e-11,1.582e-11,5.5512e-12
9.7379e-12,4.0443e-11,2.0945e-11
8.81e-12,1.2046e-11,9.0921e-12
2.9326e-11,3.0636e-11,1.7957e-11
4.1872e-11,1.7491e-11,2.4595e-11
3.3389e-11,1.5197e-11,2.091e-11
3.2177e-11,1.5509e-11,2.2129e-11
5.0427e-11,2.3406e-11,3.3975e-11
6.1222e-11,3.2307e-11,5.8543e-11
3.2685e-11,2.2058e-11,2.0184e-11
2.5573e-11,1.594e-11,1.6902e-11
2.8305e-11,1.8921e-11,1.7918e-11
1.8992e-11,1.224e-11,1.2306e-11
4.4077e-11,3.8767e-11,2.9236e-11
5.4574e-11,7.022e-11,3.7381e-11
4.5525e-11,3.6674e-11,2.6687e-11
5.0147e-11,7.0946e-11,3.6677e-11
2.1274e-11,1.2438e-11,1.3026e-11
1.5814e-11,1.2475e-11,1.2163e-11
1.634e-11,1.3915e-11,1.5089e-11
4.0991e-11,6.6047e-11,3.5976e-11
2.4345e-11,2.6511e-11,1.9946e-11
2.5849e-11,2.99e-11,1.9377e-11
1.6173e-11,1.5025e-11,1.082e-11
1.4245e-11,1.1069e-11,1.0922e-11
2.9878e-11,5.5026e-11,2.4358e-11
2.2541e-11,2.5405e-11,1.5534e-11
3.5667e-11,6.0394e-11,3.4668e-11
2.991e-11,3.3392e-11,1.9013e-11
1.7006e-11,2.3028e-11,1.0222e-11
2.5596e-11,5.1418e-11,2.031e-11
1.0198e-11,1.1501e-11,1.053e-11
2.5265e-11,4.7853e-11,1.8147e-11
1.0104e-11,1.1822e-11,6.2705e-12
2.289e-11,5.1307e-11,2.4938e-11
1.0986e-11,9.8104e-12,1.0271e-11
1.1495e-11,1.2244e-11,8.0579e-12
2.6593e-11,6.2238e-11,3.0959e-11
1.3117e-11,1.7796e-11,1.3774e-11
1.2215e-11,1.1254e-11,8.3222e-12
1.1311e-11,1.426e-11,7.3381e-12
1.1146e-11,1.6127e-11,1.1813e-11
9.8444e-12,1.0273e-11,5.0668e-12
1.1493e-11,1.2398e-11,7.8536e-12
7.6821e-12,1.1119e-11,7.618e-12
4.619e-11,2.085e-11,3.4742e-11
4.4297e-11,2.5495e-11,3.4639e-11
4.9256e-11,2.6189e-11,3.2845e-11
4.4975e-11,2.1713e-11,2.7107e-11
6.0745e-11,2.6021e-11,5.0519e-11
5.9065e-11,3.036e-11,4.6703e-11
4.1527e-11,3.4024e-11,3.2712e-11
2.9978e-11,1.9154e-11,2.0739e-11
4.4669e-11,3.9871e-11,3.2714e-11
4.7626e-11,3.183e-11,4.1513e-11
2.6262e-11,1.703e-11,1.5088e-11
3.3188e-11,2.4351e-11,2.7498e-11
4.1065e-11,3.8557e-11,2.7711e-11
2.6169e-11,2.2277e-11,1.9622e-11
1.7778e-11,1.511e-11,1.3967e-11
2.2737e-11,1.3212e-11,1.6913e-11
2.2615e-11,2.1203e-11,1.6062e-11
5.425e-11,6.3089e-11,3.5538e-11
4.1694e-11,3.7534e-11,2.6134e-11
4.4862e-11,5.2447e-11,2.9809e-11
2.3791e-11,1.9652e-11,2.0608e-11
2.0968e-11,2.0905e-11,1.5139e-11
1.5878e-11,1.59e-11,1.0349e-11
1.4566e-11,1.2147e-11,1.0133e-11
1.3901e-11,1.2485e-11,9.4606e-12
2.7512e-11,3.4694e-11,1.6986e-11
3.6333e-11,4.3715e-11,2.3575e-11
1.4169e-11,1.1008e-11,9.3448e-12
2.9494e-11,6.2751e-11,4.1807e-11
1.8688e-11,2.2631e-11,1.4718e-11
2.5761e-11,6.4866e-11,4.4751e-11
1.3866e-11,3.2921e-11,1.5631e-11
1.6067e-11,2.5789e-11,1.4246e-11
1.1606e-11,1.4436e-11,5.9447e-12
1.5853e-11,1.8097e-11,7.9837e-12
1.1299e-11,1.172e-11,9.118e-12
1.3862e-11,1.55e-11,6.1024e-12
9.0329e-12,1.1215e-11,8.3093e-12
1.2219e-11,1.4231e-11,6.8773e-12
8.6167e-12,1.2326e-11,7.1287e-12
1.3889e-11,4.9501e-11,3.0936e-11
1.026e-11,2.6375e-11,1.5686e-11
5.0842e-11,2.3606e-11,3.8993e-11
4.3794e-11,2.1744e-11,3.5514e-11
4.5063e-11,2.0928e-11,3.1465e-11
4.2658e-11,2.3861e-11,2.839e-11
5.9104e-11,2.45e-11,3.2167e-11
4.4587e-11,3.2326e-11,3.1489e-11
3.4903e-11,2.0455e-11,2.4358e-11
2.8586e-11,1.7843e-11,2.0429e-11
3.5876e-11,2.0884e-11,3.0907e-11
3.706e-11,3.3596e-11,2.614e-11
2.7813e-11,1.7657e-11,1.7974e-11
6.9596e-11,5.9673e-11,4.4865e-11
2.1754e-11,1.6548e-11,1.5165e-11
1.7359e-11,1.2686e-11,1.3198e-11
1.7197e-11,1.4466e-11,1.1196e-11
2.3203e-11,1.9479e-11,2.2973e-11
1.8323e-11,1.594e-11,1.3438e-11
4.3596e-11,7.5451e-11,4.0628e-11
1.5782e-11,1.1833e-11,1.0693e-11
1.5313e-11,1.6565e-11,1.1681e-11
2.5944e-11,2.3819e-11,1.5146e-11
3.8361e-11,6.5836e-11,3.3164e-11
1.8239e-11,2.6346e-11,1.4143e-11
2.3776e-11,6.4799e-11,4.6857e-11
1.3142e-11,1.6526e-11,5.3976e-12
1.1353e-11,1.4814e-11,1.1795e-11
9.9472e-12,1.094e-11,9.5579e-12
1.0843e-11,1.2913e-11,7.501e-12
1.4987e-11,7.5699e-11,4.719e-11
8.8016e-12,1.3426e-11,7.6916e-12
9.1776e-12,1.2515e-11,8.3901e-12
2.0429e-11,2.0572e-11,9.889e-12
1.1911e-11,1.2443e-11,5.1165e-12
3.0784e-11,3.2155e-11,1.8466e-11
4.8179e-11,2.195e-11,3.7478e-11
4.5328e-11,2.1325e-11,3.326e-11
5.5698e-11,2.4341e-11,3.0947e-11
6.3343e-11,2.6126e-11,3.9607e-11
4.9302e-11,2.5246e-11,3.2833e-11
6.3433e-11,2.5163e-11,3.9525e-11
3.1145e-11,1.8911e-11,2.208e-11
3.3706e-11,1.6702e-11,2.0835e-11
6.7259e-11,3.4921e-11,6.182e-11
2.7138e-11,2.2099e-11,1.9813e-11
3.2599e-11,1.8269e-11,1.9715e-11
2.6974e-11,1.6263e-11,2.0371e-11
3.3801e-11,2.666e-11,2.5113e-11
4.9375e-11,4.1468e-11,4.0434e-11
6.492e-11,4.5029e-11,3.8226e-11
1.8279e-11,1.4936e-11,1.4627e-11
2.4606e-11,2.2783e-11,1.8476e-11
5.7755e-11,7.2177e-11,3.8932e-11
4.848e-11,5.7199e-11,3.0026e-11
1.4938e-11,1.246e-11,9.2658e-12
1.8064e-11,1.4659e-11,1.5783e-11
1.3925e-11,1.2427e-11,1.1083e-11
2.7968e-11,5.0929e-11,2.1852e-11
1.5029e-11,1.943e-11,9.2198e-12
3.9727e-11,7.3666e-11,3.7976e-11
3.5872e-11,7.3167e-11,4.7119e-11
2.8051e-11,5.2181e-11,2.2381e-11
2.753e-11,5.7061e-11,2.5113e-11
1.0494e-11,1.4025e-11,6.2275e-12
2.4758e-11,4.774e-11,2.2048e-11
2.6549e-11,3.2114e-11,1.5579e-11
8.7739e-12,1.2576e-11,1.0412e-11
1.6077e-11,5.256e-11,2.5931e-11
1.0436e-11,1.68e-11,1.2487e-11
1.2504e-11,1.2071e-11,7.3022e-12
3.6792e-11,3.8943e-11,2.1861e-11
8.3626e-12,1.5925e-11,1.4258e-11
1.0694e-11,1.2108e-11,6.7467e-12
8.6256e-12,1.9273e-11,1.6293e-11
2.2292e-11,2.2484e-11,1.0013e-11
8.9219e-12,1.7095e-11,1.5482e-11
9.4463e-12,1.8398e-11,1.4208e-11
1.5749e-11,3.7859e-11,1.9798e-11
1.1947e-11,2.7018e-11,1.7161e-11
4.9663e-11,2.288e-11,3.8599e-11
4.3624e-11,2.3892e-11,3.3531e-11
5.0319e-11,2.4164e-11,3.1522e-11
5.1645e-11,2.2496e-11,3.548e-11
4.6349e-11,2.2639e-11,3.1125e-11
6.6819e-11,2.3426e-11,4.1074e-11
4.9888e-11,2.5053e-11,3.466e-11
3.7651e-11,2.1295e-11,2.7254e-11
3.1881e-11,1.5764e-11,2.0614e-11
6.6683e-11,3.927e-11,6.5293e-11
3.9004e-11,3.246e-11,2.6959e-11
2.8015e-11,1.5394e-11,1.6807e-11
4.5035e-11,2.0257e-11,3.342e-11
3.2748e-11,2.5112e-11,2.2261e-11
2.2548e-11,1.4524e-11,1.5073e-11
3.2936e-11,2.6048e-11,2.268e-11
2.0426e-11,1.5489e-11,1.5602e-11
3.166e-11,2.5049e-11,2.3717e-11
2.24e-11,1.5604e-11,1.4744e-11
1.8048e-11,1.4619e-11,1.2908e-11
4.6668e-11,7.576e-11,4.3129e-11
1.8041e-11,1.6035e-11,1.795e-11
1.9703e-11,1.6359e-11,1.5805e-11
2.1297e-11,2.4364e-11,1.3858e-11
1.9929e-11,2.3115e-11,1.1995e-11
2.4816e-11,2.7868e-11,1.6404e-11
1.365e-11,1.2927e-11,9.0694e-12
3.4488e-11,4.1547e-11,2.1671e-11
3.3322e-11,4.0342e-11,2.0352e-11
1.0098e-11,1.45e-11,7.9278e-12
1.5556e-11,1.4037e-11,9.072e-12
9.6238e-12,1.3223e-11,7.4018e-12
1.0754e-11,1.3763e-11,1.0904e-11
2.1902e-11,2.5081e-11,1.0785e-11
1.0775e-11,1.0831e-11,4.1143e-12
1.0663e-11,1.0664e-11,3.4067e-12
9.6619e-12,1.2208e-11,9.1002e-12
1.9521e-11,5.0379e-11,2.5677e-11
2.3177e-11,2.3552e-11,1.1205e-11
1.0729e-11,1.2024e-11,1.2069e-11
1.1952e-11,1.4591e-11,8.2069e-12
1.0764e-11,1.1895e-11,8.4423e-12
1.9927e-11,1.9108e-11,8.1069e-12
5.024e-11,2.3266e-11,3.5941e-11
6.1316e-11,2.4803e-11,3.7047e-11
4.9433e-11,2.5034e-11,3.2686e-11
5.1523e-11,2.9891e-11,3.4522e-11
5.651e-11,2.25e-11,4.0305e-11
3.1911e-11,1.8355e-11,2.3642e-11
3.7499e-11,1.8705e-11,2.7267e-11
2.9934e-11,1.7639e-11,1.9174e-11
4.5383e-11,1.8522e-11,3.1262e-11
2.6481e-11,1.6816e-11,1.7614e-11
7.3297e-11,6.1025e-11,4.7705e-11
2.3353e-11,1.5502e-11,1.6016e-11
2.5152e-11,1.5405e-11,1.5048e-11
7.2896e-11,6.0477e-11,4.6505e-11
6.4451e-11,5.03e-11,4.2356e-11
2.0875e-11,1.4509e-11,1.4566e-11
2.1019e-11,1.6062e-11,1.6548e-11
2.0475e-11,1.5899e-11,1.6699e-11
1.8851e-11,1.4886e-11,1.5066e-11
2.7454e-11,2.3545e-11,2.2503e-11
1.6933e-11,1.9047e-11,1.8178e-11
1.512e-11,1.4855e-11,1.1196e-11
1.8733e-11,1.6935e-11,1.576e-11
1.8844e-11,1.5687e-11,1.5423e-11
3.7295e-11,4.2538e-11,2.4345e-11
1.5742e-11,1.4485e-11,9.9628e-12
3.5941e-11,7.194e-11,5.1903e-11
2.4655e-11,3.5924e-11,1.7889e-11
1.0732e-11,1.1265e-11,5.431e-12
1.2446e-11,1.844e-11,1.6404e-11
2.2092e-11,7.8431e-11,5.0777e-11
1.0638e-11,1.0406e-11,6.8851e-12
1.6202e-11,1.3891e-11,1.1856e-11
1.9414e-11,2.2636e-11,1.2316e-11
1.053e-11,1.5776e-11,9.5362e-12
1.1791e-11,1.9955e-11,1.4435e-11
1.7931e-11,2.0235e-11,7.7013e-12
2.1071e-11,4.5601e-11,2.3348e-11
9.564e-12,1.2915e-11,1.4203e-11
1.4172e-11,1.7794e-11,4.9968e-12
1.0585e-11,1.3373e-11,1.181e-11
9.0592e-12,9.9964e-12,7.0977e-12
4.6236e-11,2.2039e-11,3.1965e-11
4.9445e-11,2.5034e-11,3.3034e-11
6.7362e-11,2.8331e-11,3.7996e-11
6.7552e-11,2.6151e-11,4.295e-11
4.3771e-11,1.825e-11,2.3897e-11
3.1551e-11,1.8301e-11,1.9169e-11
6.5855e-11,3.306e-11,5.8875e-11
3.7636e-11,2.6666e-11,2.4904e-11
4.915e-11,2.0409e-11,3.7419e-11
6.7565e-11,3.9633e-11,6.1046e-11
2.0086e-11,1.5157e-11,1.4474e-11
6.5925e-11,6.2126e-11,4.1036e-11
1.9749e-11,1.4787e-11,1.4653e-11
3.7285e-11,3.4993e-11,2.5013e-11
2.5023e-11,2.0854e-11,1.669e-11
3.374e-11,3.3879e-11,2.2968e-11
1.6597e-11,1.2776e-11,1.1348e-11
1.8938e-11,2.0004e-11,1.611e-11
4.9583e-11,7.6907e-11,3.8936e-11
1.5072e-11,1.4056e-11,9.6046e-12
1.4247e-11,1.7434e-11,1.5272e-11
1.64e-11,1.8587e-11,1.6807e-11
1.5553e-11,1.9206e-11,1.4638e-11
1.5469e-11,1.9637e-11,9.287e-12
2.9219e-11,6.4347e-11,2.9935e-11
1.1048e-11,1.1613e-11,4.8935e-12
1.2541e-11,1.9262e-11,1.7006e-11
1.0977e-11,1.1167e-11,9.7215e-12
2.3243e-11,6.597e-11,2.8766e-11
3.6263e-11,4.0481e-11,2.0534e-11
1.1965e-11,1.2309e-11,9.7672e-12
1.0412e-11,1.223e-11,1.1477e-11
9.9271e-12,1.1171e-11,8.9532e-12
1.0504e-11,1.2488e-11,4.533e-12
9.6411e-12,1.1816e-11,1.0415e-11
1.1081e-11,1.2539e-11,8.9147e-12
1.1612e-11,1.286e-11,9.2942e-12
1.5289e-11,6.509e-11,3.751e-11
1.0127e-11,1.5438e-11,1.1774e-11
5.4884e-11,2.4956e-11,3.7977e-11
5.2994e-11,2.4695e-11,3.8698e-11
4.5841e-11,2.221e-11,3.6099e-11
6.5866e-11,2.9817e-11,5.7711e-11
4.8289e-11,2.1862e-11,4.0816e-11
2.1924e-11,1.3779e-11,1.594e-11
2.1277e-11,1.5157e-11,1.5348e-11
6.0016e-11,6.0993e-11,3.557e-11
2.2279e-11,1.7023e-11,1.3916e-11
2.2683e-11,1.5498e-11,1.2241e-11
2.0786e-11,1.3617e-11,1.5072e-11
5.2213e-11,5.1057e-11,3.2169e-11
2.0255e-11,1.415e-11,1.4394e-11
5.3549e-11,7.4987e-11,3.7344e-11
1.652e-11,1.5595e-11,1.1334e-11
2.0329e-11,2.1226e-11,2.0852e-11
2.4612e-11,2.4807e-11,1.7137e-11
1.8906e-11,2.2404e-11,1.69e-11
3.7249e-11,4.5658e-11,2.4387e-11
2.5401e-11,3.6069e-11,1.9148e-11
3.509e-11,7.7761e-11,5.0729e-11
3.9146e-11,6.2167e-11,2.9268e-11
2.085e-11,3.6506e-11,1.8746e-11
1.1378e-11,1.2083e-11,5.5856e-12
1.4516e-11,1.8068e-11,8.5319e-12
2.8513e-11,7.3921e-11,4.5184e-11
1.2086e-11,1.1144e-11,8.195e-12
1.3254e-11,1.6281e-11,5.4271e-12
1.8286e-11,1.9788e-11,7.8611e-12
1.0221e-11,9.6319e-12,4.2273e-12
1.0859e-11,9.9645e-12,6.9203e-12
8.6874e-12,9.822e-12,8.6609e-12
6.2633e-11,2.7271e-11,3.8046e-11
5.2546e-11,2.8834e-11,3.4622e-11
7.1439e-11,2.9637e-11,4.3954e-11
7.255e-11,2.7659e-11,4.8027e-11
3.9755e-11,2.3355e-11,2.3863e-11
3.2223e-11,1.8926e-11,2.1101e-11
3.3997e-11,1.85e-11,2.3561e-11
3.6568e-11,2.5986e-11,2.3214e-11
4.6365e-11,2.4914e-11,3.9835e-11
2.5869e-11,2.4547e-11,1.8096e-11
5.4711e-11,8.2108e-11,3.7676e-11
2.8816e-11,2.7498e-11,2.6073e-11
1.5395e-11,1.4349e-11,9.4105e-12
1.9235e-11,1.5227e-11,1.6128e-11
2.9724e-11,4.8454e-11,2.649e-11
1.5681e-11,1.3111e-11,1.0558e-11
1.4027e-11,1.4998e-11,1.1141e-11
3.8659e-11,4.3272e-11,2.529e-11
1.9793e-11,2.2427e-11,1.3901e-11
3.9902e-11,8.0354e-11,4.9118e-11
3.3186e-11,3.9063e-11,1.9365e-11
3.633e-11,4.3578e-11,2.2563e-11
1.3762e-11,1.4777e-11,9.6283e-12
3.8849e-11,6.8014e-11,3.3334e-11
1.5102e-11,2.8647e-11,1.7751e-11
2.9127e-11,6.9422e-11,3.8994e-11
9.5647e-12,1.1247e-11,7.2695e-12
1.0868e-11,1.0617e-11,8.4026e-12
1.5294e-11,1.6246e-11,1.1198e-11
9.0487e-12,1.0899e-11,9.2539e-12
1.1828e-11,1.7425e-11,1.4733e-11
9.9778e-12,1.2026e-11,9.7826e-12
3.4846e-11,3.7073e-11,1.8825e-11
1.1631e-11,2.7019e-11,1.8012e-11
1.1764e-11,1.1859e-11,8.9706e-12
8.5637e-12,1.0127e-11,9.9591e-12
1.2745e-11,1.2024e-11,7.1242e-12
1.1063e-11,1.2067e-11,6.7915e-12
6.4927e-11,2.5043e-11,4.0014e-11
4.8643e-11,2.3097e-11,3.423e-11
4.7819e-11,2.3448e-11,3.4822e-11
4.7375e-11,2.4196e-11,3.359e-11
4.6955e-11,2.1125e-11,2.7129e-11
4.6408e-11,2.2483e-11,2.821e-11
7.6334e-11,3.0013e-11,5.5162e-11
4.0359e-11,2.0627e-11,2.3013e-11
4.1909e-11,2.4739e-11,2.5459e-11
4.1343e-11,2.6117e-11,2.4315e-11
4.2578e-11,3.0021e-11,2.8037e-11
2.9564e-11,1.7853e-11,2.1557e-11
6.9343e-11,3.9925e-11,6.4724e-11
3.8879e-11,2.0716e-11,3.843e-11
2.559e-11,1.5759e-11,1.9122e-11
2.9697e-11,1.789e-11,2.4401e-11
2.5979e-11,1.7936e-11,1.731e-11
2.1858e-11,1.7378e-11,1.5734e-11
4.2187e-11,3.7067e-11,2.9745e-11
4.6507e-11,4.34e-11,3.923e-11
2.7665e-11,1.6393e-11,1.7781e-11
2.2676e-11,1.7329e-11,1.4654e-11
5.1044e-11,4.8318e-11,3.2468e-11
1.9555e-11,1.5271e-11,1.2279e-11
2.9927e-11,2.8193e-11,2.0248e-11
2.6465e-11,2.9949e-11,2.5406e-11
1.5575e-11,1.2757e-11,1.0023e-11
1.5411e-11,1.3761e-11,1.1543e-11
1.4449e-11,1.1671e-11,9.2479e-12
1.7563e-11,1.9021e-11,1.162e-11
1.5117e-11,1.4368e-11,9.6529e-12
4.248e-11,6.5996e-11,3.2223e-11
4.4056e-11,8.311e-11,4.6006e-11
1.2531e-11,1.4236e-11,9.9862e-12
1.6448e-11,2.3325e-11,1.1875e-11
2.232e-11,2.6237e-11,9.7736e-12
1.1773e-11,1.463e-11,9.0106e-12
1.439e-11,1.5248e-11,8.0329e-12
3.8683e-11,4.1428e-11,2.1124e-11
2.0024e-11,5.6338e-11,2.9503e-11
9.2767e-12,1.1921e-11,4.922e-12
1.9603e-11,2.1058e-11,8.4891e-12
1.1753e-11,1.3908e-11,1.3212e-11
1.2174e-11,1.4584e-11,1.2682e-11
9.7434e-12,1.0841e-11,7.6611e-12
6.012e-11,2.6306e-11,3.7476e-11
5.4881e-11,2.7083e-11,3.7522e-11
4.6238e-11,2.3052e-11,3.042e-11
6.1227e-11,3.0065e-11,3.2643e-11
4.9844e-11,2.228e-11,4.2962e-11
6.8603e-11,5.8177e-11,4.7199e-11
4.4879e-11,4.2704e-11,2.7768e-11
2.177e-11,1.748e-11,1.4885e-11
2.4661e-11,1.6001e-11,1.6788e-11
1.7682e-11,1.9355e-11,1.4814e-11
1.6111e-11,1.3687e-11,1.1681e-11
2.2161e-11,2.2732e-11,1.779e-11
1.4893e-11,1.8447e-11,1.6184e-11
4.1708e-11,4.6029e-11,2.6117e-11
1.4267e-11,1.6125e-11,1.2145e-11
2.0797e-11,3.6591e-11,1.9328e-11
1.3999e-11,1.2355e-11,8.9291e-12
1.3664e-11,1.7163e-11,1.0777e-11
1.2691e-11,1.3028e-11,9.0282e-12
1.7019e-11,2.3486e-11,1.3003e-11
1.5772e-11,2.041e-11,1.4219e-11
3.7519e-11,7.3176e-11,4.514e-11
1.2844e-11,1.5781e-11,1.342e-11
1.5803e-11,2.219e-11,1.3287e-11
3.8593e-11,4.387e-11,2.2385e-11
1.1448e-11,1.1761e-11,6.8126e-12
1.4712e-11,1.297e-11,9.7528e-12
1.107e-11,1.2006e-11,6.9769e-12
1.1294e-11,1.3922e-11,6.4286e-12
1.2854e-11,2.4553e-11,1.89e-11
1.6393e-11,1.6898e-11,7.7439e-12
1.0478e-11,1.2522e-11,1.0671e-11
1.3995e-11,1.4267e-11,2.9724e-12
1.353e-11,1.3954e-11,2.551e-12
1.0709e-11,1.4563e-11,1.1662e-11
5.0197e-11,2.4036e-11,3.5714e-11
4.877e-11,2.3366e-11,3.3853e-11
4.646e-11,2.5947e-11,2.8569e-11
3.965e-11,2.2569e-11,2.741e-11
5.1872e-11,3.2116e-11,3.3875e-11
4.4317e-11,2.1242e-11,2.8826e-11
4.8569e-11,2.1378e-11,3.0911e-11
3.7166e-11,2.3991e-11,2.222e-11
6.1783e-11,6.36e-11,4.0762e-11
2.0188e-11,1.6602e-11,1.5437e-11
2.2103e-11,2.1408e-11,1.3633e-11
2.4504e-11,2.0663e-11,2.0956e-11
2.4433e-11,2.58e-11,1.5363e-11
1.8702e-11,1.4633e-11,1.5867e-11
4.3062e-11,5.3797e-11,2.7299e-11
1.7466e-11,1.8831e-11,1.4822e-11
4.8144e-11,8.0236e-11,3.6069e-11
1.6405e-11,1.3403e-11,1.1345e-11
2.4287e-11,2.6234e-11,1.584e-11
2.181e-11,3.7089e-11,2.1312e-11
4.1169e-11,4.6739e-11,2.6985e-11
1.3871e-11,1.676e-11,1.0764e-11
1.7287e-11,3.0414e-11,1.9419e-11
1.7383e-11,2.975e-11,1.8723e-11
1.7821e-11,2.4581e-11,1.0205e-11
2.2901e-11,7.741e-11,4.6031e-11
9.7792e-12,1.2784e-11,9.1838e-12
2.2326e-11,8.4305e-11,4.3055e-11
1.6998e-11,1.6957e-11,9.946e-12
1.5407e-11,3.2114e-11,2.1677e-11
1.3774e-11,1.5674e-11,1.3731e-11
1.0772e-11,1.2729e-11,9.1429e-12
1.3744e-11,1.5628e-11,4.8243e-12
1.0834e-11,1.028e-11,6.001e-12
9.7069e-12,1.3596e-11,9.2881e-12
9.1193e-12,1.2201e-11,8.8447e-12
5.6401e-11,2.5871e-11,3.6867e-11
5.1073e-11,2.6206e-11,3.4043e-11
4.7662e-11,2.7872e-11,3.0263e-11
4.278e-11,2.4527e-11,2.6773e-11
4.0632e-11,2.7693e-11,2.5407e-11
4.5227e-11,3.9139e-11,3.1043e-11
6.3618e-11,5.9223e-11,4.591e-11
2.8293e-11,1.8551e-11,2.3941e-11
3.5052e-11,2.4799e-11,3.7865e-11
2.4688e-11,1.5918e-11,1.7298e-11
1.8909e-11,2.1682e-11,2.0419e-11
2.8653e-11,3.2615e-11,2.8333e-11
1.4616e-11,1.3103e-11,9.0152e-12
1.4397e-11,1.5817e-11,1.1966e-11
4.543e-11,8.4457e-11,4.5617e-11
4.0186e-11,4.5742e-11,2.4461e-11
2.2507e-11,2.4979e-11,1.4774e-11
1.5534e-11,1.9675e-11,1.4377e-11
3.04e-11,4.9037e-11,2.7434e-11
1.5354e-11,1.6637e-11,7.0968e-12
1.1241e-11,1.4274e-11,7.1586e-12
1.1949e-11,1.585e-11,8.4587e-12
9.581e-12,1.1966e-11,5.7344e-12
1.3857e-11,2.7377e-11,2.3542e-11
1.0521e-11,1.1273e-11,1.0111e-11
3.1727e-11,3.184e-11,1.3856e-11
1.0903e-11,1.1231e-11,6.8519e-12
1.0634e-11,1.1147e-11,3.5739e-12
1.2679e-11,1.3119e-11,1.0976e-11
9.7247e-12,1.6601e-11,1.1234e-11
5.6777e-11,2.5842e-11,3.8749e-11
6.4517e-11,2.7679e-11,3.5911e-11
7.8307e-11,2.993e-11,4.8998e-11
4.5071e-11,2.4552e-11,2.9195e-11
7.7719e-11,2.8974e-11,4.6958e-11
4.2802e-11,2.2828e-11,2.6345e-11
3.9909e-11,2.1749e-11,2.5383e-11
7.3418e-11,3.0686e-11,6.1396e-11
4.8709e-11,3.1767e-11,3.0694e-11
3.321e-11,1.9234e-11,2.3538e-11
4.0709e-11,2.5062e-11,2.444e-11
4.3359e-11,3.0423e-11,2.777e-11
3.0963e-11,1.8407e-11,2.0913e-11
4.1695e-11,3.4048e-11,2.7619e-11
2.9768e-11,2.2809e-11,1.9192e-11
4.3519e-11,3.725e-11,3.9083e-11
2.2079e-11,1.5106e-11,1.4135e-11
2.4523e-11,1.8956e-11,2.2605e-11
2.3672e-11,1.9361e-11,2.1819e-11
3.0604e-11,2.8324e-11,2.0115e-11
2.9698e-11,2.8422e-11,1.8459e-11
1.6098e-11,1.8672e-11,1.4947e-11
1.6553e-11,1.8639e-11,1.5114e-11
4.3929e-11,7.2334e-11,3.4429e-11
1.6535e-11,1.5722e-11,1.2873e-11
1.4849e-11,2.1958e-11,1.3526e-11
1.8925e-11,4.1981e-11,2.3995e-11
4.071e-11,7.992e-11,4.8694e-11
1.2403e-11,1.4213e-11,6.3376e-12
1.7641e-11,2.0562e-11,9.0418e-12
2.7076e-11,5.4667e-11,2.8731e-11
3.1041e-11,2.9067e-11,1.2723e-11
4.6256e-11,2.5146e-11,3.2411e-11
4.8262e-11,3.2534e-11,3.0453e-11
6.8756e-11,3.1054e-11,5.9686e-11
3.9782e-11,2.5158e-11,2.3846e-11
3.2118e-11,1.9577e-11,2.3405e-11
3.4478e-11,2.2126e-11,2.1488e-11
4.3997e-11,2.5747e-11,3.2587e-11
3.4243e-11,2.6377e-11,2.1973e-11
6.1164e-11,5.7799e-11,4.0822e-11
2.3855e-11,2.2077e-11,2.552e-11
2.1214e-11,1.54e-11,1.3431e-11
1.8486e-11,1.6606e-11,1.377e-11
2.1308e-11,1.6602e-11,1.5658e-11
1.657e-11,1.6176e-11,1.3559e-11
4.1073e-11,4.4345e-11,2.4783e-11
1.6192e-11,2.0996e-11,1.4903e-11
3.7538e-11,6.5324e-11,3.1452e-11
1.3893e-11,1.4119e-11,9.1751e-12
1.8576e-11,2.2587e-11,1.1938e-11
1.5139e-11,1.893e-11,1.4201e-11
1.453e-11,1.5738e-11,1.3274e-11
3.3227e-11,6.3181e-11,3.5077e-11
1.355e-11,1.4713e-11,1.1771e-11
1.5932e-11,2.0254e-11,8.1161e-12
2.6651e-11,3.0531e-11,1.425e-11
2.0949e-11,2.3235e-11,8.7493e-12
1.9623e-11,4.5987e-11,3.2577e-11
1.8303e-11,2.1154e-11,8.4125e-12
2.0932e-11,2.4246e-11,7.7536e-12
2.4139e-11,2.4201e-11,9.2382e-12
1.3123e-11,1.1385e-11,2.7231e-12
1.0954e-11,1.2076e-11,5.6584e-12
1.1857e-11,1.5116e-11,9.5633e-12
1.7487e-11,1.6649e-11,5.7347e-12
1.3642e-11,1.142e-11,5.4827e-12
5.2411e-11,2.6272e-11,3.5498e-11
5.5675e-11,2.6488e-11,3.4729e-11
4.5159e-11,2.8115e-11,2.71e-11
5.2363e-11,2.5832e-11,3.9205e-11
5.2664e-11,2.7265e-11,3.1562e-11
3.736e-11,2.5169e-11,2.3019e-11
7.0197e-11,5.3694e-11,5.5818e-11
2.8425e-11,2.4497e-11,1.8317e-11
2.546e-11,1.6848e-11,1.8035e-11
3.9531e-11,3.6218e-11,2.4861e-11
3.5899e-11,3.1868e-11,2.2628e-11
4.6368e-11,4.5844e-11,3.0259e-11
2.5665e-11,3.1008e-11,2.3999e-11
2.2707e-11,2.2233e-11,1.3605e-11
1.6666e-11,1.5578e-11,1.4587e-11
1.7465e-11,1.8444e-11,1.523e-11
2.0058e-11,1.6101e-11,1.3572e-11
1.6271e-11,1.673e-11,8.9978e-12
1.7073e-11,3.0075e-11,2.1101e-11
1.3577e-11,1.6818e-11,9.4802e-12
4.1488e-11,4.7733e-11,2.1636e-11
2.9318e-11,3.4468e-11,1.448e-11
2.6186e-11,2.9834e-11,1.0856e-11
2.9422e-11,6.9771e-11,3.7049e-11
1.7758e-11,1.8365e-11,1.5568e-11
2.2092e-11,2.1479e-11,7.0941e-12
2.362e-11,2.3492e-11,7.7696e-12
3.3874e-11,3.4461e-11,1.4356e-11
2.3536e-11,5.9627e-11,3.5495e-11
1.2012e-11,1.6517e-11,1.4622e-11
1.395e-11,2.1393e-11,1.5819e-11
4.7748e-11,2.7338e-11,2.9996e-11
4.8418e-11,2.9378e-11,2.8903e-11
4.6375e-11,3.0094e-11,2.9208e-11
4.2965e-11,2.7141e-11,2.7417e-11
3.8094e-11,2.2109e-11,2.5597e-11
4.6114e-11,3.1261e-11,3.1252e-11
3.3871e-11,2.3471e-11,2.4776e-11
3.438e-11,2.3417e-11,2.2346e-11
4.2626e-11,2.8904e-11,2.633e-11
3.0668e-11,2.248e-11,2.0503e-11
3.2279e-11,2.3444e-11,1.9074e-11
4.3756e-11,3.4192e-11,3.0264e-11
5.3767e-11,3.9051e-11,4.5482e-11
4.4926e-11,3.8862e-11,2.8756e-11
4.4089e-11,4.0996e-11,2.6407e-11
2.605e-11,1.7338e-11,1.7116e-11
4.5941e-11,4.3865e-11,2.8314e-11
1.8794e-11,1.8082e-11,1.5719e-11
3.8625e-11,4.7992e-11,3.0603e-11
1.9289e-11,1.7116e-11,1.4186e-11
1.7799e-11,2.1425e-11,1.7784e-11
1.6327e-11,1.4542e-11,9.8343e-12
4.0991e-11,8.0296e-11,3.78e-11
1.334e-11,1.3422e-11,9.901e-12
1.6941e-11,2.771e-11,2.0971e-11
1.6367e-11,2.6007e-11,2.0287e-11
1.7421e-11,3.6236e-11,2.199e-11
1.8231e-11,3.6083e-11,2.7703e-11
2.9548e-11,3.3628e-11,1.3238e-11
1.3764e-11,1.5695e-11,4.9308e-12
1.5133e-11,1.4542e-11,9.7844e-12
1.4058e-11,1.3732e-11,4.8339e-12
1.3349e-11,2.4176e-11,1.5085e-11
1.1808e-11,1.7645e-11,5.353e-12
1.2737e-11,1.7051e-11,1.3834e-11
1.6876e-11,1.5385e-11,5.6371e-12
5.7933e-11,2.7897e-11,3.8253e-11
5.2067e-11,2.9515e-11,3.5441e-11
7.0826e-11,2.8126e-11,4.2226e-11
4.5834e-11,2.9435e-11,2.7318e-11
5.495e-11,2.7794e-11,3.6546e-11
6.0569e-11,2.8262e-11,5.0645e-11
3.443e-11,2.2582e-11,2.1386e-11
5.3192e-11,2.9606e-11,4.5998e-11
3.7926e-11,2.8668e-11,2.4245e-11
3.1898e-11,2.208e-11,1.8926e-11
4.9405e-11,3.0273e-11,4.8274e-11
2.6285e-11,1.8929e-11,1.7794e-11
2.3634e-11,1.8218e-11,1.3538e-11
2.5417e-11,3.2676e-11,2.7027e-11
4.0157e-11,6.0317e-11,3.4257e-11
3.094e-11,3.4145e-11,1.9964e-11
3.5e-11,6.3452e-11,3.2355e-11
1.6323e-11,1.692e-11,1.3437e-11
1.9e-11,1.9553e-11,1.113e-11
1.5632e-11,1.4489e-11,9.2739e-12
1.4161e-11,1.8208e-11,1.0244e-11
3.9405e-11,4.3486e-11,1.8803e-11
2.0354e-11,2.181e-11,1.4896e-11
1.6928e-11,1.7621e-11,4.8086e-12
1.1906e-11,1.3592e-11,4.5084e-12
1.7521e-11,2.3227e-11,2.0304e-11
1.6598e-11,1.9225e-11,1.7681e-11
2.1592e-11,2.0818e-11,4.1182e-12
2.7404e-11,2.6484e-11,8.5832e-12
1.4942e-11,2.1333e-11,1.629e-11
2.4464e-11,2.3518e-11,7.0738e-12
1.5985e-11,1.7781e-11,5.2834e-12
1.0428e-11,1.5215e-11,1.0112e-11
1.2514e-11,1.3493e-11,5.8209e-12
1.2106e-11,1.2234e-11,5.322e-12
6.1584e-11,2.8421e-11,4.2064e-11
4.5327e-11,2.2884e-11,3.1081e-11
3.3972e-11,2.3564e-11,2.0018e-11
4.771e-11,2.7991e-11,4.5506e-11
2.8539e-11,1.9188e-11,2.0976e-11
2.7814e-11,1.934e-11,1.6605e-11
2.4856e-11,2.0074e-11,1.9724e-11
3.5865e-11,3.2609e-11,2.1026e-11
2.3553e-11,1.7942e-11,1.4368e-11
1.6831e-11,1.6418e-11,1.3921e-11
3.8419e-11,7.1048e-11,3.6793e-11
3.0698e-11,6.1194e-11,3.4914e-11
2.4533e-11,2.1321e-11,1.8989e-11
3.1027e-11,3.5624e-11,1.6289e-11
2.0568e-11,2.1103e-11,1.8753e-11
3.15e-11,3.5464e-11,1.2784e-11
2.2387e-11,2.0489e-11,1.5374e-11
1.2896e-11,1.4682e-11,6.321e-12
1.2607e-11,1.9112e-11,5.8291e-12
3.6725e-11,3.6561e-11,1.4851e-11
3.4773e-11,3.3891e-11,1.3104e-11
1.5219e-11,2.309e-11,8.0962e-12
3.2249e-11,3.0115e-11,1.2596e-11
2.2815e-11,2.8018e-11,2.4541e-11
5.1135e-11,2.6559e-11,3.4989e-11
5.6262e-11,2.9863e-11,4.0375e-11
4.3689e-11,3.3906e-11,2.8179e-11
2.9502e-11,2.0534e-11,1.9178e-11
5.931e-11,4.1768e-11,5.3467e-11
2.725e-11,1.8682e-11,1.9144e-11
2.965e-11,1.9621e-11,2.0642e-11
3.6811e-11,2.1925e-11,2.7756e-11
2.6339e-11,1.8749e-11,2.0485e-11
4.3217e-11,3.6115e-11,2.7741e-11
4.0381e-11,2.6829e-11,3.5886e-11
2.499e-11,1.9258e-11,1.8099e-11
2.4908e-11,2.0494e-11,2.121e-11
3.5334e-11,2.9204e-11,2.0297e-11
2.9824e-11,2.3686e-11,1.9074e-11
2.0341e-11,1.8776e-11,1.6153e-11
2.0533e-11,1.7882e-11,1.2453e-11
2.0088e-11,1.5767e-11,1.4479e-11
1.9359e-11,1.7719e-11,1.1977e-11
1.7071e-11,1.859e-11,8.6401e-12
2.4812e-11,2.6367e-11,1.2835e-11
1.9011e-11,2.4227e-11,2.2231e-11
1.3898e-11,1.6943e-11,7.9036e-12
1.5707e-11,2.0287e-11,1.4793e-11
2.299e-11,2.1383e-11,1.8066e-11
1.4051e-11,1.6053e-11,6.3538e-12
4.4072e-11,5.077e-11,2.2127e-11
1.8863e-11,2.3773e-11,2.0736e-11
1.3843e-11,1.3798e-11,4.9718e-12
2.4274e-11,1.7759e-11,1.4647e-11
1.2663e-11,1.4337e-11,6.0093e-12
1.3405e-11,1.3119e-11,4.7343e-12
1.4616e-11,2.1581e-11,1.8672e-11
1.2548e-11,1.5727e-11,5.0956e-12
2.2667e-11,7.0565e-11,4.7725e-11
2.2784e-11,6.4211e-11,4.2555e-11
3.7001e-11,3.6518e-11,1.3018e-11
1.7218e-11,2.4544e-11,2.2198e-11
2.9787e-11,2.7947e-11,9.3548e-12
2.9639e-11,2.7739e-11,8.7871e-12
1.2326e-11,1.4229e-11,1.0444e-11
1.3551e-11,1.3376e-11,7.2123e-12
5.9627e-11,2.8289e-11,4.0775e-11
4.1696e-11,2.6213e-11,3.169e-11
6.3792e-11,2.8127e-11,4.6276e-11
3.6173e-11,2.421e-11,2.3207e-11
5.6333e-11,2.9151e-11,4.8631e-11
3.5379e-11,2.382e-11,2.2354e-11
4.2275e-11,2.9124e-11,4.3248e-11
3.6243e-11,2.5766e-11,3.4268e-11
2.7737e-11,2.2418e-11,1.5962e-11
3.596e-11,4.0738e-11,3.2292e-11
3.0225e-11,4.1119e-11,3.1837e-11
2.2091e-11,1.7145e-11,1.2676e-11
2.2249e-11,2.2117e-11,1.2542e-11
3.6163e-11,5.9931e-11,3.7254e-11
2.8606e-11,2.2653e-11,1.7894e-11
1.7664e-11,1.6232e-11,1.661e-11
3.1567e-11,6.3617e-11,3.7963e-11
1.8505e-11,1.9056e-11,9.4864e-12
1.8656e-11,2.0781e-11,1.6966e-11
4.13e-11,4.6786e-11,2.1309e-11
1.4614e-11,1.3705e-11,9.5285e-12
1.9315e-11,2.4537e-11,2.2951e-11
2.573e-11,1.7377e-11,1.7447e-11
1.685e-11,1.9283e-11,9.5898e-12
2.6527e-11,3.0523e-11,1.0841e-11
3.5735e-11,3.8446e-11,1.3481e-11
1.3587e-11,1.7558e-11,1.5014e-11
1.2399e-11,1.48e-11,8.9563e-12
1.2659e-11,1.5403e-11,1.0482e-11
1.4158e-11,1.4882e-11,1.0636e-11
2.5331e-11,5.9356e-11,4.3159e-11
2.3953e-11,6.7677e-11,4.6876e-11
1.494e-11,1.9571e-11,1.6883e-11
1.1777e-11,1.3635e-11,9.4918e-12
1.225e-11,1.8134e-11,1.1281e-11
4.4521e-11,2.7761e-11,2.993e-11
4.2011e-11,2.4495e-11,2.6264e-11
4.0093e-11,2.6037e-11,2.7711e-11
5.2284e-11,2.8998e-11,3.7072e-11
3.8522e-11,2.9146e-11,3.6989e-11
2.953e-11,2.2055e-11,1.6542e-11
2.6373e-11,2.8064e-11,2.9707e-11
3.0713e-11,2.9115e-11,2.8254e-11
2.8788e-11,2.5787e-11,1.7039e-11
2.1288e-11,1.9603e-11,1.6527e-11
3.0507e-11,2.8439e-11,1.7228e-11
2.0049e-11,2.392e-11,1.9871e-11
1.8953e-11,1.6671e-11,1.1539e-11
1.8931e-11,2.0437e-11,1.5486e-11
1.9491e-11,1.7215e-11,1.406e-11
2.6648e-11,4.5626e-11,3.2164e-11
1.6766e-11,1.7208e-11,1.2137e-11
1.8029e-11,2.0361e-11,1.6508e-11
2.0287e-11,2.4715e-11,2.3223e-11
1.5094e-11,1.7253e-11,8.0455e-12
2.2325e-11,2.6359e-11,2.2244e-11
2.1098e-11,2.0602e-11,1.8484e-11
1.966e-11,2.681e-11,2.3115e-11
2.0159e-11,2.1399e-11,8.061e-12
1.2659e-11,1.4497e-11,1.0892e-11
1.3284e-11,1.2297e-11,7.4507e-12
2.6589e-11,2.5702e-11,7.4571e-12
1.5065e-11,1.4303e-11,5.6654e-12
1.5935e-11,1.549e-11,4.0907e-12
1.4786e-11,1.664e-11,1.3626e-11
2.8261e-11,2.5589e-11,6.1554e-12
1.7331e-11,1.5062e-11,8.5661e-12
1.3013e-11,1.465e-11,8.1061e-12
2.287e-11,3.1949e-11,2.9041e-11
5.4241e-11,2.8435e-11,3.7631e-11
4.7947e-11,2.8624e-11,3.009e-11
5.0898e-11,2.7604e-11,3.9064e-11
3.5782e-11,2.5056e-11,2.5951e-11
3.471e-11,2.3257e-11,2.8237e-11
4.5231e-11,3.5331e-11,4.9276e-11
4.861e-11,3.8909e-11,4.8814e-11
3.8142e-11,2.9832e-11,2.364e-11
3.6187e-11,3.4916e-11,3.6889e-11
3.328e-11,3.0814e-11,3.1104e-11
2.7696e-11,2.2972e-11,1.5544e-11
2.8375e-11,2.5157e-11,1.6185e-11
3.3486e-11,4.3873e-11,3.3778e-11
3.4849e-11,3.0148e-11,2.2888e-11
2.4069e-11,1.9051e-11,1.6686e-11
2.1026e-11,1.8746e-11,1.3427e-11
2.0756e-11,2.4719e-11,2.0544e-11
2.073e-11,2.6014e-11,2.2909e-11
2.6434e-11,4.4159e-11,3.2936e-11
3.9159e-11,4.3825e-11,2.063e-11
1.7577e-11,1.6718e-11,1.491e-11
1.5198e-11,1.8921e-11,8.5488e-12
2.3157e-11,1.8523e-11,1.4144e-11
2.0567e-11,2.8471e-11,2.2404e-11
1.4348e-11,1.5895e-11,1.17e-11
1.3674e-11,1.6424e-11,9.8302e-12
1.5731e-11,1.511e-11,3.1648e-12
1.2622e-11,1.4438e-11,9.4383e-12
2.0201e-11,1.8744e-11,5.9075e-12
2.1625e-11,2.0231e-11,6.7898e-12
1.2396e-11,1.5271e-11,1.0477e-11
4.9211e-11,3.0019e-11,3.4734e-11
4.4675e-11,2.8281e-11,3.2067e-11
4.7842e-11,3.0659e-11,2.8051e-11
3.5469e-11,2.5913e-11,2.2907e-11
3.6737e-11,2.5293e-11,2.2285e-11
4.2398e-11,3.1156e-11,2.4947e-11
3.4602e-11,2.3839e-11,2.6702e-11
3.3764e-11,2.3628e-11,2.1002e-11
2.8695e-11,2.2771e-11,1.7998e-11
2.5401e-11,2.3584e-11,2.0571e-11
3.4232e-11,3.8289e-11,3.4194e-11
2.6212e-11,2.288e-11,1.5126e-11
2.8407e-11,3.0048e-11,2.6903e-11
2.9216e-11,2.7114e-11,1.4605e-11
2.1395e-11,2.0406e-11,1.2134e-11
2.4415e-11,2.7198e-11,2.5008e-11
1.759e-11,1.7202e-11,1.5947e-11
2.4496e-11,2.794e-11,2.6107e-11
2.2113e-11,2.0503e-11,1.7825e-11
1.5146e-11,1.4584e-11,9.3652e-12
1.5452e-11,1.5543e-11,1.108e-11
4.5664e-11,5.096e-11,2.2581e-11
2.4863e-11,2.7848e-11,8.1995e-12
1.7714e-11,2.007e-11,7.7286e-12
3.1262e-11,3.4621e-11,9.6686e-12
1.5322e-11,2.2335e-11,1.8163e-11
1.4606e-11,1.5262e-11,6.1548e-12
1.2725e-11,1.4537e-11,8.4585e-12
1.9983e-11,2.7531e-11,2.4243e-11
2.0952e-11,4.6569e-11,3.9759e-11
4.5988e-11,2.8371e-11,3.2829e-11
4.7263e-11,3.2566e-11,5.1696e-11
3.1607e-11,2.3209e-11,2.333e-11
3.7975e-11,2.5892e-11,2.3774e-11
3.8378e-11,3.5629e-11,4.1465e-11
4.0836e-11,3.0543e-11,2.3078e-11
2.4672e-11,1.9012e-11,1.5444e-11
2.4393e-11,1.9631e-11,1.4152e-11
3.3249e-11,3.05e-11,2.0333e-11
2.0654e-11,2.0569e-11,1.2732e-11
2.6452e-11,2.4103e-11,1.342e-11
3.1358e-11,3.181e-11,1.6475e-11
3.0605e-11,3.2798e-11,1.5719e-11
1.9045e-11,1.7967e-11,1.608e-11
1.8431e-11,1.743e-11,1.661e-11
4.3874e-11,4.8384e-11,2.2772e-11
2.0166e-11,1.7734e-11,1.3978e-11
4.4615e-11,4.9622e-11,1.9781e-11
1.5459e-11,1.8135e-11,6.1195e-12
2.2824e-11,4.0857e-11,3.1945e-11
2.448e-11,4.0159e-11,3.5216e-11
4.2735e-11,4.6203e-11,1.7251e-11
2.2562e-11,2.3945e-11,5.9693e-12
4.1435e-11,4.4018e-11,1.4528e-11
1.3636e-11,1.7258e-11,8.813e-12
1.318e-11,1.3399e-11,7.1126e-12
2.1569e-11,3.0485e-11,2.5284e-11
1.519e-11,1.3965e-11,4.5317e-12
1.7505e-11,2.775e-11,1.6124e-11
3.2586e-11,3.2613e-11,8.7269e-12
5.1605e-11,3.1447e-11,4.4129e-11
3.2438e-11,2.3661e-11,2.1655e-11
3.3715e-11,2.4967e-11,2.7837e-11
2.3755e-11,1.8745e-11,1.5851e-11
2.69e-11,2.7841e-11,1.214e-11
2.3993e-11,3.527e-11,3.3086e-11
1.9352e-11,2.094e-11,1.4631e-11
3.7115e-11,4.2624e-11,1.5866e-11
1.4781e-11,1.6272e-11,1.1032e-11
1.3956e-11,1.5213e-11,9.3785e-12
3.8104e-11,4.2338e-11,1.579e-11
2.2713e-11,3.0595e-11,2.5986e-11
2.7181e-11,3.0727e-11,2.2146e-11
1.8729e-11,3.1008e-11,2.0775e-11
3.3315e-11,3.3945e-11,8.6936e-12
1.6388e-11,2.1425e-11,1.7152e-11
1.3696e-11,1.694e-11,9.7845e-12
1.3487e-11,1.4613e-11,1.0937e-11
1.4346e-11,1.7692e-11,1.4363e-11
1.4051e-11,1.5446e-11,8.1856e-12
1.683e-11,1.6876e-11,7.3571e-12
1.5326e-11,1.672e-11,9.9954e-12
4.3579e-11,2.9051e-11,3.2438e-11
4.3004e-11,2.7487e-11,3.0489e-11
4.192e-11,2.8557e-11,3.131e-11
4.6055e-11,2.9196e-11,3.6798e-11
3.4638e-11,2.5942e-11,2.3408e-11
3.2103e-11,2.7167e-11,2.9946e-11
4.7558e-11,3.9084e-11,2.7422e-11
2.9355e-11,2.2874e-11,2.0707e-11
3.5233e-11,2.9828e-11,2.0051e-11
4.5966e-11,4.2836e-11,2.8013e-11
2.8216e-11,2.4588e-11,1.6443e-11
3.0294e-11,3.2808e-11,3.0569e-11
2.7218e-11,2.1771e-11,1.7964e-11
1.9836e-11,1.8852e-11,1.4666e-11
2.7935e-11,4.7349e-11,3.6806e-11
4.0524e-11,4.5232e-11,2.0514e-11
2.1637e-11,2.2477e-11,1.7e-11
2.6146e-11,2.8783e-11,2.6598e-11
1.5472e-11,1.7282e-11,6.5835e-12
4.4962e-11,5.03e-11,1.8482e-11
2.2501e-11,3.0474e-11,2.1429e-11
2.5203e-11,4.1475e-11,4.0836e-11
3.078e-11,3.1941e-11,7.52e-12
1.9398e-11,1.7189e-11,7.3726e-12
1.5032e-11,1.8366e-11,1.1463e-11
2.6833e-11,2.4593e-11,5.3843e-12
1.5619e-11,1.8691e-11,7.4707e-12
2.0174e-11,1.7907e-11,8.5641e-12
4.3371e-11,2.8503e-11,2.9108e-11
4.1272e-11,2.7802e-11,3.2852e-11
4.7444e-11,3.0488e-11,3.964e-11
4.6023e-11,3.3384e-11,4.4671e-11
2.6717e-11,2.8457e-11,2.4648e-11
2.6786e-11,2.1015e-11,1.8491e-11
1.9653e-11,1.7355e-11,1.3018e-11
1.6969e-11,1.8572e-11,9.4827e-12
2.0688e-11,1.864e-11,1.3511e-11
2.4743e-11,3.641e-11,3.1367e-11
1.5773e-11,1.766e-11,6.5954e-12
2.0045e-11,1.9983e-11,6.6333e-12
4.3834e-11,4.6809e-11,1.5528e-11
4.0908e-11,4.1829e-11,1.4081e-11
1.6567e-11,1.6696e-11,7.8543e-12
1.7442e-11,3.3213e-11,2.0885e-11
2.1891e-11,3.5418e-11,3.2499e-11
1.8586e-11,1.5193e-11,5.6787e-12
2.0543e-11,1.8191e-11,9.4101e-12
5.0739e-11,3.1149e-11,3.5616e-11
4.5832e-11,3.2626e-11,2.8886e-11
3.9126e-11,3.2016e-11,3.3654e-11
4.2649e-11,3.3259e-11,4.1082e-11
4.3195e-11,3.6247e-11,5.2311e-11
3.5981e-11,3.6832e-11,4.0423e-11
3.6856e-11,2.8189e-11,2.1174e-11
4.6168e-11,3.4025e-11,2.5462e-11
3.6891e-11,2.9004e-11,2.0761e-11
3.9929e-11,3.285e-11,2.2183e-11
2.9407e-11,3.031e-11,2.1812e-11
3.7721e-11,3.3511e-11,1.9807e-11
2.3443e-11,2.0741e-11,1.3638e-11
4.3297e-11,4.4047e-11,2.2646e-11
3.0903e-11,3.39e-11,2.6162e-11
2.1557e-11,2.1377e-11,1.6131e-11
2.8425e-11,3.2676e-11,3.0503e-11
2.0849e-11,2.0038e-11,1.0886e-11
2.919e-11,3.4037e-11,2.6031e-11
2.5959e-11,2.782e-11,2.5148e-11
1.5162e-11,1.7102e-11,9.3497e-12
2.7507e-11,3.3549e-11,3.0254e-11
3.5763e-11,3.9923e-11,1.13e-11
2.7596e-11,3.2965e-11,2.1623e-11
1.7153e-11,1.6816e-11,7.8742e-12
1.4619e-11,1.5662e-11,7.9451e-12
2.5461e-11,3.435e-11,2.5675e-11
3.3369e-11,3.4145e-11,7.3636e-12
3.417e-11,3.4207e-11,8.5159e-12
2.6592e-11,2.4884e-11,9.5924e-12
1.7072e-11,1.6622e-11,5.1457e-12
1.7087e-11,1.4496e-11,7.9576e-12
4.9485e-11,3.3147e-11,3.4483e-11
3.9571e-11,2.8597e-11,2.9983e-11
3.1214e-11,2.3753e-11,2.0632e-11
3.1245e-11,2.2932e-11,1.9662e-11
3.1042e-11,2.6125e-11,2.2646e-11
3.2816e-11,3.1224e-11,1.6251e-11
3.1225e-11,3.1176e-11,1.4665e-11
2.5344e-11,2.1615e-11,1.6706e-11
2.8444e-11,2.3553e-11,1.7504e-11
3.0185e-11,3.8469e-11,3.7016e-11
3.0074e-11,3.6106e-11,3.4824e-11
2.3879e-11,2.1727e-11,1.8259e-11
3.8315e-11,4.2383e-11,1.1976e-11
4.152e-11,4.4099e-11,1.2624e-11
1.5779e-11,1.9214e-11,1.1952e-11
1.5351e-11,1.7313e-11,1.1556e-11
1.5133e-11,1.6905e-11,1.1637e-11
1.5737e-11,1.9148e-11,1.6044e-11
4.4194e-11,3.0951e-11,3.3995e-11
4.3627e-11,2.8999e-11,3.1794e-11
4.1455e-11,3.2342e-11,3.3006e-11
4.0549e-11,3.0076e-11,2.7944e-11
3.6575e-11,2.8272e-11,2.5815e-11
3.5432e-11,2.7137e-11,2.529e-11
3.1004e-11,2.4102e-11,1.8703e-11
3.0994e-11,3.442e-11,3.1176e-11
3.4968e-11,3.8531e-11,3.4852e-11
3.2543e-11,3.6259e-11,2.7927e-11
2.5259e-11,2.1376e-11,1.811e-11
3.3267e-11,3.7285e-11,3.5601e-11
3.1739e-11,3.4962e-11,3.5641e-11
2.0812e-11,1.8609e-11,1.4393e-11
2.4827e-11,2.1547e-11,1.7533e-11
2.7137e-11,3.0763e-11,9.4178e-12
2.0837e-11,2.1943e-11,9.4216e-12
3.8657e-11,4.2924e-11,1.3214e-11
1.9819e-11,2.0185e-11,1.0084e-11
1.883e-11,1.9828e-11,1.7076e-11
2.8782e-11,2.9609e-11,6.0067e-12
2.1581e-11,1.9715e-11,4.5594e-12
1.5163e-11,1.8689e-11,9.0457e-12
2.1606e-11,1.9819e-11,1.5594e-11
1.8079e-11,1.8193e-11,5.4717e-12
1.8281e-11,2.1759e-11,1.097e-11
1.53e-11,1.6838e-11,1.3375e-11
1.6054e-11,1.8636e-11,1.4578e-11
4.9194e-11,3.3483e-11,3.3357e-11
4.1986e-11,2.9512e-11,2.6577e-11
4.1049e-11,3.6842e-11,3.8665e-11
3.823e-11,3.0084e-11,2.7997e-11
4.8151e-11,3.6788e-11,2.5371e-11
2.7393e-11,2.1906e-11,1.8584e-11
3.8756e-11,3.9788e-11,2.9704e-11
2.7527e-11,2.3491e-11,1.4651e-11
2.94e-11,2.3928e-11,1.8843e-11
2.0912e-11,1.8997e-11,1.4055e-11
1.7218e-11,1.8282e-11,1.058e-11
2.9499e-11,2.3891e-11,2.0146e-11
1.9352e-11,1.9189e-11,6.4676e-12
1.6629e-11,1.8098e-11,1.0242e-11
2.7643e-11,2.8814e-11,7.1636e-12
1.8693e-11,2.1463e-11,1.945e-11
2.5846e-11,2.6253e-11,4.8225e-12
2.8891e-11,2.752e-11,1.959e-11
1.5161e-11,1.6597e-11,8.682e-12
1.7931e-11,1.9457e-11,1.3124e-11
2.2559e-11,4.2183e-11,2.3443e-11
1.5147e-11,1.4793e-11,1.1147e-11
2.7508e-11,2.7369e-11,7.1454e-12
2.3964e-11,4.2426e-11,2.877e-11
1.6834e-11,1.9637e-11,1.655e-11
1.7946e-11,2.8676e-11,1.7693e-11
2.7525e-11,4.0953e-11,2.2774e-11
1.5179e-11,1.7119e-11,1.3089e-11
1.6969e-11,1.5331e-11,1.0587e-11
1.7828e-11,1.5253e-11,7.4896e-12
4.3537e-11,3.2804e-11,2.3291e-11
4.0341e-11,2.9421e-11,2.2559e-11
3.7161e-11,3.9904e-11,3.6622e-11
3.2682e-11,2.3569e-11,2.1592e-11
3.9388e-11,3.0438e-11,2.0793e-11
4.4204e-11,3.6709e-11,2.1726e-11
3.601e-11,3.6272e-11,2.8627e-11
4.1794e-11,4.0991e-11,3.5625e-11
3.7204e-11,2.9176e-11,2.1554e-11
3.8439e-11,3.794e-11,3.4852e-11
2.3101e-11,2.1161e-11,1.3861e-11
2.1386e-11,2.2642e-11,1.7193e-11
1.9656e-11,2.2936e-11,9.0801e-12
2.3622e-11,2.0959e-11,1.3872e-11
3.5851e-11,4.0434e-11,3.2467e-11
3.1917e-11,3.8202e-11,3.5263e-11
3.3726e-11,4.2003e-11,3.6557e-11
1.7296e-11,1.9465e-11,1.2496e-11
3.6566e-11,4.2855e-11,3.2043e-11
1.9087e-11,2.2522e-11,1.7744e-11
1.9641e-11,1.7915e-11,8.1449e-12
1.5986e-11,1.5405e-11,1.0881e-11
3.6209e-11,3.5155e-11,5.4744e-12
1.8616e-11,1.8234e-11,6.6153e-12
2.5169e-11,2.2279e-11,4.2576e-12
1.642e-11,1.9074e-11,1.4608e-11
1.7371e-11,1.7493e-11,9.7608e-12
1.7927e-11,1.9685e-11,1.2663e-11
4.6801e-11,3.3865e-11,2.7404e-11
4.2476e-11,2.9997e-11,2.6798e-11
4.2153e-11,3.3486e-11,2.2449e-11
4.118e-11,3.2528e-11,2.205e-11
3.4745e-11,2.5859e-11,2.5299e-11
3.2669e-11,2.4628e-11,2.4695e-11
4.2042e-11,4.4496e-11,3.4052e-11
3.3731e-11,2.6782e-11,2.0853e-11
3.5169e-11,3.6709e-11,2.7524e-11
2.7466e-11,2.4754e-11,1.4157e-11
2.5736e-11,2.5185e-11,1.3618e-11
2.8132e-11,2.8321e-11,1.4102e-11
2.0165e-11,2.319e-11,1.6048e-11
4.3478e-11,4.624e-11,1.7218e-11
3.0489e-11,3.1582e-11,2.785e-11
2.5734e-11,2.8568e-11,2.9224e-11
1.769e-11,1.9924e-11,1.2414e-11
3.4672e-11,3.7665e-11,7.8704e-12
2.5058e-11,2.0889e-11,1.4739e-11
2.0445e-11,2.2769e-11,2.0588e-11
2.8485e-11,4.1795e-11,3.6018e-11
2.1203e-11,2.1175e-11,1.618e-11
2.7376e-11,4.3603e-11,3.8025e-11
2.0375e-11,1.8762e-11,9.2673e-12
1.614e-11,1.8174e-11,8.9006e-12
2.7998e-11,4.4962e-11,3.4867e-11
1.7198e-11,1.9349e-11,1.4621e-11
2.4541e-11,4.0577e-11,3.0898e-11
3.3326e-11,3.1982e-11,6.7257e-12
1.8083e-11,2.0546e-11,1.6027e-11
2.2665e-11,1.8419e-11,4.3793e-12
1.8511e-11,2.0353e-11,9.9839e-12
1.6648e-11,1.9897e-11,1.4172e-11
4.943e-11,3.5216e-11,3.0938e-11
4.7183e-11,3.3532e-11,3.0056e-11
4.5605e-11,3.2921e-11,3.107e-11
4.2138e-11,3.2032e-11,3.216e-11
4.0446e-11,3.2055e-11,3.1359e-11
4.1613e-11,4.0299e-11,4.2985e-11
4.0461e-11,3.3521e-11,3.0736e-11
3.7139e-11,2.7914e-11,2.6395e-11
4.0248e-11,2.8733e-11,2.4329e-11
3.9698e-11,2.8439e-11,2.7708e-11
4.0803e-11,4.2594e-11,3.1256e-11
4.2061e-11,3.3159e-11,2.1727e-11
4.2517e-11,4.2075e-11,3.3808e-11
4.3562e-11,3.9028e-11,2.0657e-11
3.0241e-11,2.5145e-11,1.9887e-11
4.3987e-11,4.247e-11,3.4835e-11
2.3835e-11,2.3891e-11,1.4133e-11
4.3025e-11,4.4298e-11,1.8609e-11
3.3599e-11,3.1502e-11,2.7029e-11
4.752e-11,4.8881e-11,2.1022e-11
2.5722e-11,2.8716e-11,2.7417e-11
1.83e-11,2.1398e-11,1.008e-11
1.79e-11,1.923e-11,1.4823e-11
3.0022e-11,4.2871e-11,2.6482e-11
1.6582e-11,1.7353e-11,1.4028e-11
2.1857e-11,2.0103e-11,7.1437e-12
4.5077e-11,3.4346e-11,3.3605e-11
3.995e-11,2.8752e-11,2.5911e-11
4.192e-11,4.3912e-11,3.9475e-11
3.9774e-11,2.7529e-11,2.4184e-11
4.4572e-11,3.4728e-11,2.3005e-11
3.6793e-11,2.8702e-11,2.1755e-11
3.5356e-11,2.7544e-11,2.2892e-11
4.2976e-11,4.4779e-11,3.5597e-11
2.977e-11,2.5637e-11,1.8536e-11
5.0781e-11,4.7245e-11,2.5754e-11
4.227e-11,3.9212e-11,1.9674e-11
2.7954e-11,2.3186e-11,1.4921e-11
4.6929e-11,4.7805e-11,2.0982e-11
2.8449e-11,2.7012e-11,1.3536e-11
2.1749e-11,2.3835e-11,2.0845e-11
2.4991e-11,2.5364e-11,1.0137e-11
1.7912e-11,2.1969e-11,8.7398e-12
2.6307e-11,2.6363e-11,8.0879e-12
1.8257e-11,1.9062e-11,1.2073e-11
1.916e-11,1.8379e-11,6.3058e-12
2.5121e-11,4.7757e-11,2.9083e-11
2.269e-11,1.7996e-11,5.1934e-12
2.1722e-11,3.7603e-11,2.1503e-11
4.7576e-11,3.3337e-11,3.3705e-11
4.6432e-11,3.3496e-11,2.5987e-11
4.0932e-11,2.8789e-11,2.5974e-11
4.0088e-11,3.6456e-11,3.2458e-11
4.2404e-11,3.1725e-11,2.4788e-11
3.6368e-11,2.5985e-11,2.2097e-11
4.4548e-11,3.7504e-11,2.9286e-11
4.9109e-11,4.3144e-11,2.3252e-11
4.4545e-11,3.8251e-11,2.1194e-11
3.6073e-11,2.9084e-11,2.0044e-11
3.8418e-11,3.8228e-11,3.0032e-11
3.6809e-11,3.3485e-11,2.9462e-11
2.3315e-11,2.3842e-11,1.0973e-11
2.9253e-11,2.5076e-11,2.1351e-11
2.3134e-11,2.4876e-11,2.101e-11
3.6858e-11,4.8059e-11,3.6302e-11
3.2363e-11,2.8544e-11,2.7e-11
3.3693e-11,2.954e-11,2.4551e-11
1.8222e-11,1.8747e-11,8.939e-12
1.7891e-11,1.8478e-11,1.1456e-11
2.603e-11,2.4782e-11,1.9496e-11
2.4761e-11,2.1408e-11,6.4618e-12
2.7541e-11,2.7839e-11,2.0955e-11
2.8651e-11,5.0285e-11,3.5966e-11
3.6763e-11,3.5905e-11,4.9166e-12
2.5741e-11,3.8815e-11,2.5725e-11
2.4923e-11,2.1339e-11,9.1434e-12
2.3891e-11,2.1878e-11,5.15e-12
1.9894e-11,1.9427e-11,1.211e-11
1.8732e-11,2.2063e-11,1.5417e-11
2.0554e-11,1.8567e-11,7.4757e-12
4.7307e-11,3.3856e-11,3.2061e-11
4.7316e-11,3.3675e-11,3.0854e-11
4.3404e-11,3.2469e-11,2.9987e-11
4.3304e-11,3.5371e-11,3.3264e-11
4.6727e-11,3.4032e-11,2.7713e-11
4.2588e-11,3.254e-11,2.9915e-11
4.6077e-11,4.426e-11,3.3856e-11
4.3295e-11,4.0142e-11,3.1555e-11
5.0766e-11,4.4419e-11,2.5331e-11
4.0893e-11,3.4528e-11,1.8979e-11
3.8128e-11,3.748e-11,3.276e-11
3.8958e-11,3.5491e-11,2.7649e-11
2.7485e-11,2.4941e-11,1.235e-11
2.7087e-11,2.5668e-11,1.1186e-11
3.0601e-11,3.1653e-11,1.2182e-11
4.0019e-11,4.1193e-11,3.3344e-11
2.4027e-11,2.4236e-11,1.0654e-11
3.861e-11,3.7901e-11,6.452e-12
2.5342e-11,2.3376e-11,6.1619e-12
2.8177e-11,2.9708e-11,2.2623e-11
2.0746e-11,2.0025e-11,6.8043e-12
3.7631e-11,3.6196e-11,4.2315e-12
2.2699e-11,2.1587e-11,6.8605e-12
1.8758e-11,2.3694e-11,1.5917e-11
2.3214e-11,3.63e-11,2.1635e-11
2.5431e-11,3.8177e-11,2.2665e-11
2.3865e-11,4.4066e-11,2.3822e-11
5.0301e-11,3.6354e-11,2.8111e-11
4.4523e-11,3.3683e-11,3.4013e-11
4.3139e-11,3.6384e-11,2.1296e-11
4.9159e-11,4.3052e-11,2.4043e-11
4.0599e-11,3.3684e-11,1.9315e-11
2.975e-11,2.901e-11,1.6166e-11
4.5784e-11,4.2898e-11,3.4182e-11
3.2724e-11,2.7712e-11,2.269e-11
2.6529e-11,2.4147e-11,1.4562e-11
2.3933e-11,2.3636e-11,1.3617e-11
4.9994e-11,4.5794e-11,3.6182e-11
2.3864e-11,2.398e-11,1.9216e-11
3.3155e-11,3.4847e-11,8.9597e-12
3.3405e-11,3.4311e-11,7.6746e-12
4.1297e-11,4.3538e-11,7.6744e-12
2.0613e-11,2.4411e-11,8.1466e-12
2.0725e-11,1.9954e-11,1.2946e-11
2.3308e-11,1.9428e-11,7.359e-12
3.0707e-11,5.4096e-11,3.7252e-11
2.4479e-11,4.2242e-11,2.4209e-11
2.1893e-11,2.4379e-11,1.8999e-11
2.1022e-11,2.4817e-11,1.9518e-11
2.3805e-11,4.4247e-11,2.4467e-11
4.9385e-11,3.5195e-11,3.3375e-11
5.3241e-11,3.7066e-11,3.035e-11
4.6866e-11,3.3057e-11,3.3182e-11
4.5837e-11,3.6183e-11,2.5083e-11
4.423e-11,3.3688e-11,3.1085e-11
4.0604e-11,3.1698e-11,2.2353e-11
3.6594e-11,2.9514e-11,2.0597e-11
4.648e-11,4.3608e-11,3.6129e-11
3.9756e-11,4.0493e-11,1.3092e-11
4.84e-11,4.5422e-11,3.4229e-11
1.9892e-11,2.0959e-11,1.0326e-11
2.8525e-11,2.8511e-11,7.5585e-12
4.0512e-11,4.7956e-11,3.6923e-11
1.9957e-11,2.1229e-11,1.0063e-11
3.2744e-11,3.5624e-11,2.6513e-11
1.9846e-11,2.0082e-11,1.18e-11
2.9445e-11,4.0656e-11,2.7935e-11
2.4383e-11,3.891e-11,2.6277e-11
2.1774e-11,2.3083e-11,1.6481e-11
3.1287e-11,2.7177e-11,5.3591e-12
2.0764e-11,2.1608e-11,1.5821e-11
1.9627e-11,2.0499e-11,1.4982e-11
4.8886e-11,3.4649e-11,3.4186e-11
4.9175e-11,3.6306e-11,3.3429e-11
3.7882e-11,3.0359e-11,2.0868e-11
3.7976e-11,2.8357e-11,2.3021e-11
5.2828e-11,4.9378e-11,3.9314e-11
3.0624e-11,2.6997e-11,1.6187e-11
4.2373e-11,3.4094e-11,2.7079e-11
4.0849e-11,3.8628e-11,1.7138e-11
2.5449e-11,2.4022e-11,1.5697e-11
3.3891e-11,3.2533e-11,1.1586e-11
2.7206e-11,2.6095e-11,1.1299e-11
4.6629e-11,4.5522e-11,3.6901e-11
2.0189e-11,2.036e-11,1.2492e-11
2.0389e-11,2.0677e-11,1.2167e-11
3.0163e-11,2.989e-11,5.8874e-12
3.64e-11,5.7049e-11,3.5181e-11
2.024e-11,2.0995e-11,1.2253e-11
4.9607e-11,3.5208e-11,3.0881e-11
4.8999e-11,3.5324e-11,2.8192e-11
4.1683e-11,3.5009e-11,2.3313e-11
5.304e-11,4.1579e-11,3.0197e-11
4.6268e-11,3.4517e-11,2.9839e-11
5.0744e-11,4.5169e-11,3.8133e-11
3.0698e-11,2.7863e-11,1.642e-11
3.615e-11,3.6181e-11,1.1527e-11
3.9285e-11,4.0948e-11,9.9452e-12
2.3883e-11,2.7871e-11,1.3267e-11
2.5681e-11,2.9588e-11,2.2652e-11
3.034e-11,2.9976e-11,6.1633e-12
4.3587e-11,4.4695e-11,6.6557e-12
4.0253e-11,4.0305e-11,5.4141e-12
2.0155e-11,2.4566e-11,1.6413e-11
3.8689e-11,5.1204e-11,3.1824e-11
3.2499e-11,6.4596e-11,3.8438e-11
2.2511e-11,2.4327e-11,1.9033e-11
2.4083e-11,2.0492e-11,1.0087e-11
2.5077e-11,2.1732e-11,1.3069e-11
2.3606e-11,1.9748e-11,1.0095e-11
4.7957e-11,3.3614e-11,2.8878e-11
4.707e-11,3.5459e-11,3.253e-11
3.2178e-11,2.9041e-11,2.1093e-11
3.4065e-11,2.8317e-11,2.049e-11
4.2501e-11,3.3989e-11,2.8869e-11
3.5512e-11,3.4325e-11,1.0959e-11
4.7368e-11,4.9617e-11,1.2033e-11
2.869e-11,2.54e-11,1.6457e-11
2.4011e-11,2.6813e-11,1.786e-11
4.5203e-11,5.7248e-11,3.6427e-11
2.9512e-11,2.7074e-11,1.0414e-11
3.5265e-11,4.972e-11,3.1109e-11
3.6388e-11,3.2524e-11,4.8918e-12
3.0321e-11,4.7865e-11,2.8577e-11
4.9649e-11,3.5671e-11,3.0145e-11
4.9764e-11,3.7706e-11,2.7804e-11
4.5695e-11,3.3925e-11,2.7668e-11
4.4713e-11,3.1733e-11,2.7331e-11
4.3543e-11,3.7066e-11,2.2614e-11
4.1093e-11,3.3362e-11,2.1081e-11
2.6956e-11,2.5438e-11,1.8404e-11
4.5302e-11,4.1686e-11,3.1611e-11
2.3084e-11,2.5208e-11,1.2471e-11
4.7186e-11,4.9904e-11,9.559e-12
2.4043e-11,2.2706e-11,1.4966e-11
4.3119e-11,4.4425e-11,7.1523e-12
4.4473e-11,4.4876e-11,6.2007e-12
3.2626e-11,2.8412e-11,6.666e-12
3.3025e-11,5.3616e-11,3.2578e-11
2.7355e-11,2.2367e-11,7.1051e-12
2.5198e-11,2.7844e-11,2.1971e-11
2.6919e-11,2.1394e-11,6.0509e-12
5.5101e-11,4.0114e-11,3.4752e-11
3.9327e-11,2.9701e-11,2.5527e-11
4.7291e-11,4.0163e-11,1.9037e-11
3.983e-11,3.4826e-11,1.5923e-11
3.3801e-11,3.143e-11,1.6203e-11
2.8195e-11,2.8304e-11,2.2977e-11
2.6352e-11,2.6791e-11,2.094e-11
2.8586e-11,2.687e-11,1.6975e-11
3.251e-11,3.1194e-11,6.7968e-12
2.2163e-11,2.3568e-11,1.5674e-11
2.2212e-11,2.0429e-11,1.4161e-11
2.3023e-11,2.893e-11,1.779e-11
2.7572e-11,3.5866e-11,2.61e-11
2.8268e-11,2.9066e-11,2.2437e-11
3.0454e-11,2.4437e-11,7.5725e-12
5.2179e-11,3.6396e-11,3.1954e-11
5.0521e-11,4.8886e-11,1.6397e-11
4.5872e-11,4.6443e-11,1.0325e-11
3.0443e-11,3.0371e-11,1.043e-11
2.7877e-11,2.7697e-11,1.186e-11
5.0786e-11,4.9485e-11,3.9238e-11
4.4365e-11,4.6139e-11,3.7607e-11
2.3596e-11,2.1112e-11,1.3255e-11
2.8613e-11,2.3578e-11,7.936e-12
3.4451e-11,2.8278e-11,6.2053e-12
4.0929e-11,3.2247e-11,2.4331e-11
4.4318e-11,3.7467e-11,2.0752e-11
3.6746e-11,3.3928e-11,1.7581e-11
2.8397e-11,2.8634e-11,1.7541e-11
2.6215e-11,2.8211e-11,1.7919e-11
2.7221e-11,2.9238e-11,1.4037e-11
3.8749e-11,3.9046e-11,8.5013e-12
4.2795e-11,4.4478e-11,3.7365e-11
2.3979e-11,2.735e-11,1.9526e-11
3.5968e-11,3.1309e-11,6.5126e-12
3.3271e-11,4.0162e-11,2.9614e-11
3.1954e-11,2.6683e-11,6.7675e-12
4.0613e-11,3.5164e-11,4.9583e-12
4.3131e-11,3.6685e-11,2.1585e-11
4.242e-11,3.2599e-11,2.737e-11
4.1773e-11,3.4747e-11,2.7006e-11
4.7677e-11,3.8896e-11,3.0946e-11
3.4547e-11,3.1349e-11,1.911e-11
5.0986e-11,5.0291e-11,1.4618e-11
3.4752e-11,3.339e-11,2.8058e-11
3.4498e-11,3.2094e-11,1.1865e-11
4.5209e-11,4.1235e-11,3.3062e-11
4.0102e-11,3.8436e-11,3.3072e-11
3.3943e-11,3.2728e-11,1.1677e-11
3.4157e-11,3.483e-11,3.0037e-11
3.9702e-11,3.8143e-11,4.6893e-12
2.5899e-11,2.3452e-11,1.4296e-11
2.8932e-11,2.5193e-11,8.5897e-12
2.6223e-11,3.3771e-11,2.6703e-11
2.4799e-11,2.6911e-11,1.937e-11
3.7139e-11,3.1376e-11,4.972e-12
4.7998e-11,3.6469e-11,2.9379e-11
3.7845e-11,3.3902e-11,2.6465e-11
3.4298e-11,3.4824e-11,3.0641e-11
4.0419e-11,4.064e-11,8.5114e-12
2.8291e-11,2.9182e-11,1.7925e-11
2.6711e-11,3.0756e-11,2.7354e-11
2.6611e-11,3.0762e-11,2.1946e-11
3.9602e-11,3.4105e-11,5.3407e-12
2.7579e-11,3.1467e-11,2.1923e-11
4.5867e-11,3.6506e-11,2.8775e-11
4.6417e-11,3.8807e-11,3.3766e-11
3.5013e-11,3.2321e-11,1.1829e-11
4.265e-11,3.9531e-11,3.3679e-11
2.7995e-11,2.7215e-11,1.5883e-11
3.0323e-11,2.4868e-11,1.1347e-11
2.6873e-11,2.4058e-11,1.4226e-11
4.2801e-11,3.9988e-11,4.8839e-12
3.5014e-11,4.3837e-11,3.1898e-11
2.7686e-11,3.2117e-11,2.5912e-11
2.931e-11,3.4069e-11,2.7144e-11
4.1019e-11,3.6005e-11,2.2349e-11
4.7064e-11,4.0683e-11,3.1402e-11
3.8654e-11,3.5578e-11,2.0599e-11
3.4537e-11,3.3169e-11,1.8946e-11
4.2242e-11,3.8687e-11,3.3718e-11
4.511e-11,4.4685e-11,9.0867e-12
3.0646e-11,3.1844e-11,2.7166e-11
2.8081e-11,2.8042e-11,1.5411e-11
2.9873e-11,3.6268e-11,2.3661e-11
4.0497e-11,3.6577e-11,6.0479e-12
3.8178e-11,3.0853e-11,8.7225e-12
3.4098e-11,2.7766e-11,9.3873e-12
4.6366e-11,3.8192e-11,2.8162e-11
3.9396e-11,3.8619e-11,2.4903e-11
3.8296e-11,3.445e-11,2.6343e-11
3.4861e-11,3.2949e-11,2.266e-11
3.9652e-11,3.6049e-11,1.646e-11
4.2509e-11,3.9498e-11,3.1641e-11
3.6804e-11,3.4244e-11,1.2023e-11
4.0274e-11,3.9121e-11,1.0887e-11
3.8885e-11,3.7637e-11,1.1161e-11
3.9872e-11,3.8669e-11,1.0281e-11
3.724e-11,3.7262e-11,3.3874e-11
3.4742e-11,3.4631e-11,3e-11
3.4061e-11,3.6176e-11,3.2028e-11
4.2622e-11,4.5569e-11,3.4273e-11
3.1274e-11,3.5814e-11,2.8467e-11
2.9073e-11,3.7432e-11,2.3158e-11
3.0438e-11,2.9503e-11,1.7293e-11
4.9397e-11,3.7813e-11,2.9628e-11
4.1527e-11,3.8897e-11,2.0842e-11
4.2162e-11,3.807e-11,2.7804e-11
3.8958e-11,3.7112e-11,2.7003e-11
4.9891e-11,4.7211e-11,1.3812e-11
4.6129e-11,4.4003e-11,1.2448e-11
3.1395e-11,3.1823e-11,1.9735e-11
3.866e-11,3.6005e-11,1.3381e-11
4.562e-11,4.6354e-11,1.2353e-11
3.7294e-11,3.4636e-11,1.0743e-11
3.1656e-11,3.0206e-11,1.4313e-11
4.4619e-11,4.2306e-11,8.2191e-12
3.305e-11,3.8122e-11,3.1848e-11
3.9161e-11,3.0683e-11,8.3289e-12
3.1694e-11,2.7657e-11,1.3633e-11
4.6195e-11,4.1629e-11,3.0309e-11
4.2912e-11,4.1156e-11,3.3561e-11
3.2287e-11,3.401e-11,2.1633e-11
3.7446e-11,4.0214e-11,3.1772e-11
3.6091e-11,3.8098e-11,3.1312e-11
3.4608e-11,3.1392e-11,1.3807e-11
3.3959e-11,3.798e-11,3.1716e-11
3.5076e-11,3.8058e-11,3.2084e-11
3.7093e-11,2.904e-11,9.1355e-12
3.1319e-11,3.7675e-11,2.4397e-11
3.5685e-11,2.8005e-11,1.1083e-11
3.2347e-11,3.6722e-11,2.3619e-11
3.9642e-11,3.7112e-11,2.4921e-11
3.8408e-11,3.6655e-11,2.5286e-11
4.0621e-11,4.2889e-11,3.4994e-11
3.7852e-11,3.463e-11,1.2024e-11
3.6126e-11,3.2377e-11,1.234e-11
4.3933e-11,3.978e-11,1.1386e-11
4.6887e-11,4.3593e-11,9.2739e-12
3.7894e-11,3.2468e-11,1.0296e-11
4.5903e-11,4.1543e-11,8.9e-12
3.117e-11,3.5513e-11,2.6391e-11
3.3993e-11,3.673e-11,2.4181e-11
4.6888e-11,4.0729e-11,2.9362e-11
3.9201e-11,4.1143e-11,2.5805e-11
3.6409e-11,3.7151e-11,1.6667e-11
3.7025e-11,3.7286e-11,1.8326e-11
3.5287e-11,3.4663e-11,1.5387e-11
4.2941e-11,4.1151e-11,1.1987e-11
4.1672e-11,3.9303e-11,1.2815e-11
3.417e-11,3.4777e-11,2.5739e-11
4.4836e-11,4.271e-11,1.0293e-11
3.4506e-11,3.221e-11,1.4975e-11
3.2499e-11,3.037e-11,2.3949e-11
4.163e-11,3.2543e-11,1.0185e-11
4.0204e-11,3.151e-11,1.0241e-11
3.9489e-11,3.8025e-11,1.5129e-11
3.264e-11,3.8368e-11,2.7252e-11
3.5474e-11,3.3685e-11,2.5481e-11
3.9315e-11,4.0808e-11,1.9047e-11
3.5606e-11,3.4678e-11,2.1985e-11
4.536e-11,4.3307e-11,1.2631e-11
3.6374e-11,3.4535e-11,2.2901e-11
4.0459e-11,3.5817e-11,1.2235e-11
3.7861e-11,3.5097e-11,1.6735e-11
3.6564e-11,4.5324e-11,2.6929e-11
3.5144e-11,3.6798e-11,1.9505e-11
3.9632e-11,4.0008e-11,2.6733e-11
4.2368e-11,3.7568e-11,1.2503e-11
4.2298e-11,3.7104e-11,1.219e-11
3.751e-11,4.8493e-11,2.8144e-11
4.2096e-11,4.4165e-11,2.1167e-11
3.9711e-11,3.8538e-11,2.3304e-11
3.8816e-11,4.1549e-11,2.1117e-11
3.9715e-11,3.4694e-11,2.1377e-11
4.2441e-11,4.4266e-11,2.2749e-11
4.1062e-11,4.2784e-11,2.4894e-11
4.1935e-11,4.2523e-11,2.2079e-11
4.1025e-11,3.9875e-11,2.6407e-11
3.9914e-11,4.0713e-11,2.8056e-11
4.2354e-11,3.9077e-11,1.9021e-11
4.1041e-11,3.5828e-11,2.1344e-11
4.206e-11,4.2128e-11,2.9441e-11
4.4329e-11,3.6026e-11,2.0353e-11
4.23e-11,3.5503e-11,2.5846e-11
4.3587e-11,4.2235e-11,2.7704e-11
4.6436e-11,3.9262e-11,2.7347e-11
4.5245e-11,4.4938e-11,3.1141e-11
4.8053e-11,4.4115e-11,2.9892e-11
7.7832e-11,7.0336e-11,2.3087e-11
7.7017e-11,7.0524e-11,2.2476e-11
7.9457e-11,6.7961e-11,1.5367e-11
6.9431e-11,7.4089e-11,2.9967e-11
7.5211e-11,6.5179e-11,2.0368e-11
8.5972e-11,5.7155e-11,1.5794e-11
8.2025e-11,5.8635e-11,1.7681e-11
6.9146e-11,7.434e-11,2.865e-11
7.82e-11,6.2102e-11,1.8659e-11
7.4443e-11,7.0361e-11,2.6337e-11
8.2495e-11,5.8968e-11,8.9798e-12
7.5813e-11,6.4721e-11,1.3387e-11
7.6533e-11,6.1614e-11,1.5872e-11
7.6685e-11,6.4679e-11,1.4041e-11
6.1976e-11,7.2801e-11,2.8974e-11
6.9815e-11,6.2807e-11,2.2107e-11
6.695e-11,6.6492e-11,2.8665e-11
7.3069e-11,6.6913e-11,1.6006e-11
8.0878e-11,5.5555e-11,8.4317e-12
6.6532e-11,7.018e-11,2.4871e-11
6.7154e-11,6.0672e-11,2.9442e-11
6.2305e-11,6.2982e-11,3.0944e-11
6.1777e-11,6.0115e-11,3.1138e-11
7.9122e-11,6.1304e-11,8.5703e-12
8.3204e-11,5.2641e-11,8.2444e-12
8.6618e-11,5.0028e-11,1.2823e-11
5.9457e-11,6.1754e-11,3.0476e-11
6.7348e-11,5.7919e-11,3.0788e-11
5.8823e-11,7.0113e-11,2.5853e-11
7.0675e-11,5.6973e-11,1.7486e-11
6.8037e-11,7.8737e-11,1.9327e-11
8.2975e-11,5.2047e-11,6.2788e-12
6.8716e-11,7.4085e-11,2.0722e-11
7.8229e-11,5.266e-11,1.4039e-11
8.0558e-11,4.9428e-11,1.4126e-11
6.6913e-11,5.2781e-11,3.1378e-11
5.985e-11,5.3559e-11,3.1834e-11
6.755e-11,7.8169e-11,1.9856e-11
6.8865e-11,6.4882e-11,1.6513e-11
6.0651e-11,8.1471e-11,2.5625e-11
7.9222e-11,4.7485e-11,1.9133e-11
7.032e-11,5.0561e-11,3.4179e-11
6.8914e-11,7.2747e-11,1.6021e-11
5.526e-11,8.4722e-11,2.5678e-11
8.5612e-11,4.5148e-11,1.4701e-11
9.3365e-11,4.3972e-11,1.5718e-11
8.7684e-11,4.4397e-11,2.2651e-11
7.7623e-11,4.6491e-11,1.9566e-11
6.8096e-11,5.3264e-11,2.3652e-11
6.8393e-11,4.6578e-11,3.941e-11
5.8827e-11,5.1207e-11,3.5371e-11
7.5576e-11,4.869e-11,1.1365e-11
8.015e-11,4.6098e-11,1.0747e-11
8.0639e-11,4.5884e-11,1.214e-11
6.7753e-11,4.5312e-11,3.2233e-11
5.2396e-11,5.2614e-11,3.4214e-11
5.8686e-11,4.8981e-11,3.3586e-11
8.0335e-11,4.8194e-11,2.3623e-12
7.3961e-11,5.3809e-11,6.3961e-12
6.9123e-11,6.3281e-11,1.7313e-11
6.2724e-11,7.6219e-11,1.7502e-11
6.1015e-11,7.266e-11,2.1493e-11
5.0918e-11,8.0425e-11,2.5583e-11
7.7092e-11,4.5302e-11,1.3922e-11
7.4909e-11,4.8537e-11,1.6074e-11
8.008e-11,4.3074e-11,2.0475e-11
7.0127e-11,4.4006e-11,2.5749e-11
4.8558e-11,6.0993e-11,2.6326e-11
5.6687e-11,4.9864e-11,2.4872e-11
6.8948e-11,6.2186e-11,1.238e-11
7.2104e-11,5.4103e-11,6.0396e-12
8.037e-11,4.5309e-11,1.7585e-12
7.4001e-11,5.4209e-11,9.1409e-12
5.3434e-11,6.8173e-11,1.9816e-11
8.2891e-11,4.3588e-11,2.2402e-11
7.5968e-11,4.6201e-11,2.1999e-11
5.0793e-11,4.6616e-11,3.0789e-11
6.6584e-11,6.4772e-11,1.2722e-11
7.0859e-11,4.9688e-11,5.4708e-12
8.1342e-11,4.2225e-11,5.9161e-12
7.5148e-11,4.7226e-11,6.6218e-12
6.9252e-11,5.6211e-11,1.4709e-11
8.6697e-11,4.0072e-11,1.1235e-11
7.0523e-11,4.3744e-11,2.7364e-11
8.8985e-11,4.0753e-11,1.7926e-11
5.8761e-11,5.1771e-11,1.7675e-11
5.4696e-11,5.5705e-11,2.1362e-11
5.9125e-11,4.2304e-11,3.9318e-11
8.5e-11,3.9911e-11,5.8619e-12
7.4573e-11,3.9021e-11,1.157e-11
8.0912e-11,4.0731e-11,1.243e-11
9.0117e-11,4.0905e-11,1.8771e-11
4.7394e-11,5.0889e-11,2.1485e-11
6.1866e-11,3.9903e-11,4.0175e-11
8.7092e-11,3.8299e-11,8.0193e-12
7.1153e-11,5.5724e-11,1.18e-11
5.6906e-11,7.8206e-11,1.8707e-11
7.0652e-11,4.8101e-11,1.0211e-11
4.3406e-11,4.8393e-11,2.4535e-11
8.0613e-11,3.5623e-11,6.3531e-12
7.9468e-11,4.1379e-11,7.677e-12
9.0186e-11,4.0533e-11,1.5549e-11
6.9695e-11,4.7666e-11,1.0261e-11
8.5247e-11,4.0318e-11,1.6068e-11
9.3777e-11,3.9095e-11,1.4209e-11
5.0305e-11,6.2558e-11,1.8286e-11
4.5933e-11,7.0069e-11,1.9346e-11
5.1257e-11,4.4262e-11,2.1638e-11
6.4909e-11,3.5573e-11,4.566e-11
6.2352e-11,3.5618e-11,3.9322e-11
5.7332e-11,3.6992e-11,3.8533e-11
5.1313e-11,4.112e-11,3.6753e-11
6.6168e-11,3.7248e-11,4.5256e-11
6.8794e-11,4.3069e-11,6.3879e-12
6.3618e-11,6.2646e-11,1.3513e-11
5.8767e-11,3.4543e-11,2.6616e-11
4.7745e-11,4.3644e-11,2.5192e-11
4.9568e-11,4.163e-11,2.339e-11
6.1222e-11,3.7059e-11,3.5648e-11
4.9755e-11,4.1043e-11,4.0847e-11
7.4853e-11,3.6524e-11,6.0938e-12
6.899e-11,4.6315e-11,7.4189e-12
5.3567e-11,7.6251e-11,1.5809e-11
5.3747e-11,7.4384e-11,1.6894e-11
5.0784e-11,3.818e-11,4.1125e-11
5.3973e-11,3.8751e-11,4.4894e-11
5.8931e-11,3.6119e-11,1.7855e-11
4.6702e-11,4.8458e-11,1.8399e-11
7.651e-11,3.7687e-11,2.8168e-11
7.2921e-11,3.9583e-11,2.5816e-11
4.4969e-11,4.0115e-11,3.4968e-11
4.8847e-11,5.4885e-11,1.5216e-11
6.6028e-11,4.0152e-11,1.4027e-11
4.0265e-11,5.6532e-11,1.8414e-11
5.2676e-11,3.4085e-11,4.0921e-11
8.1324e-11,3.3919e-11,1.1822e-11
3.9623e-11,5.5137e-11,2.0334e-11
5.1302e-11,4.2345e-11,1.5892e-11
7.0605e-11,3.6284e-11,2.5499e-11
7.5569e-11,3.7934e-11,3.1615e-11
3.6056e-11,4.759e-11,2.1655e-11
4.7534e-11,3.4039e-11,3.2501e-11
4.4526e-11,3.8214e-11,3.7635e-11
8.1197e-11,3.4645e-11,8.5886e-12
7.5475e-11,3.6059e-11,9.4375e-12
7.4851e-11,2.8238e-11,1.7407e-11
4.0212e-11,6.7964e-11,1.9036e-11
3.7311e-11,5.6009e-11,2.0588e-11
7.5806e-11,3.4517e-11,5.5639e-12
6.782e-11,3.9253e-11,9.5097e-12
3.6127e-11,4.5512e-11,1.9413e-11
5.7792e-11,3.2379e-11,3.1328e-11
5.8602e-11,3.2132e-11,3.5495e-11
4.0086e-11,3.5736e-11,3.0475e-11
5.854e-11,3.1929e-11,4.4284e-11
5.9177e-11,6.8363e-11,1.589e-11
5.7211e-11,7.117e-11,1.4527e-11
6.5435e-11,5.8794e-11,1.0237e-11
7.6336e-11,3.0362e-11,8.7897e-12
3.9258e-11,6.9443e-11,1.6991e-11
6.8073e-11,3.7136e-11,3.3551e-11
3.952e-11,4.0877e-11,2.7841e-11
6.7558e-11,3.5921e-11,3.6874e-11
4.7073e-11,3.2795e-11,4.2968e-11
6.2584e-11,5.9712e-11,1.0476e-11
6.2311e-11,5.5549e-11,1.133e-11
4.6288e-11,7.4254e-11,1.2723e-11
6.4753e-11,3.9737e-11,9.3377e-12
4.3388e-11,7.4733e-11,1.4258e-11
7.602e-11,3.789e-11,2.0738e-11
3.3478e-11,5.259e-11,2.0058e-11
5.4503e-11,3.2054e-11,2.0291e-11
3.7369e-11,4.7743e-11,1.567e-11
3.1094e-11,4.8293e-11,1.7805e-11
5.1553e-11,3.2809e-11,2.1698e-11
3.5259e-11,3.704e-11,2.476e-11
3.6772e-11,3.8885e-11,2.5107e-11
3.569e-11,3.644e-11,2.7183e-11
4.4921e-11,2.851e-11,2.4601e-11
4.2649e-11,3.1303e-11,3.0246e-11
6.3293e-11,5.476e-11,9.023e-12
6.546e-11,4.2543e-11,7.3739e-12
7.5836e-11,3.2371e-11,1.1308e-11
5.2177e-11,5.7191e-11,1.4023e-11
4.2045e-11,5.5486e-11,1.5802e-11
4.4841e-11,4.368e-11,1.8774e-11
3.5104e-11,4.5905e-11,1.7361e-11
6.1656e-11,3.2479e-11,3.9018e-11
5.1496e-11,2.9426e-11,3.9778e-11
6.2494e-11,3.06e-11,4.5594e-11
5.9602e-11,6.6433e-11,1.0645e-11
5.2085e-11,7.3469e-11,1.4269e-11
6.514e-11,4.0988e-11,6.3464e-12
7.1054e-11,2.7997e-11,1.044e-11
8.009e-11,3.4156e-11,1.2023e-11
6.6444e-11,3.2743e-11,1.5081e-11
6.9699e-11,3.1211e-11,1.8567e-11
3.7721e-11,4.7195e-11,1.6417e-11
4.662e-11,2.6231e-11,2.3339e-11
2.855e-11,3.8523e-11,2.5602e-11
6.266e-11,3.454e-11,3.4841e-11
5.2158e-11,2.8038e-11,4.6231e-11
5.2071e-11,8.4146e-11,1.23e-11
6.3608e-11,3.6257e-11,7.1139e-12
5.3232e-11,6.3015e-11,1.2171e-11
6.1565e-11,4.4716e-11,1.0078e-11
5.2188e-11,5.3627e-11,1.2241e-11
4.4032e-11,6.3089e-11,1.2206e-11
4.9626e-11,4.2689e-11,1.4267e-11
3.4104e-11,5.7172e-11,1.463e-11
2.986e-11,5.1519e-11,1.4065e-11
7.7008e-11,3.8026e-11,2.3573e-11
6.7553e-11,3.6034e-11,2.404e-11
5.9714e-11,3.126e-11,2.0303e-11
6.4792e-11,3.377e-11,2.4203e-11
3.9595e-11,3.462e-11,1.977e-11
4.6969e-11,2.5912e-11,3.0674e-11
4.0465e-11,2.7379e-11,3.3855e-11
5.0897e-11,2.7121e-11,4.3858e-11
5.6835e-11,6.588e-11,9.9839e-12
4.5584e-11,7.7257e-11,1.2353e-11
2.7142e-11,1.2352e-10,5.7382e-11
7.603e-11,3.1803e-11,9.4958e-12
7.8976e-11,3.3808e-11,1.1226e-11
5.3111e-11,5.3574e-11,1.1931e-11
8.138e-11,3.6538e-11,1.6833e-11
3.1111e-11,5.3979e-11,1.7556e-11
7.8911e-11,3.9973e-11,2.0083e-11
5.1474e-11,2.8295e-11,2.0149e-11
2.8844e-11,3.6096e-11,2.8693e-11
3.6999e-11,3.6149e-11,2.0725e-11
4.5639e-11,2.8475e-11,2.7052e-11
4.8886e-11,1.778e-11,4.0297e-11
4.7091e-11,2.3258e-11,2.9577e-11
3.9094e-11,2.5427e-11,3.0729e-11
6.6131e-11,1.5818e-11,4.9935e-11
6.0373e-11,2.8741e-11,4.6223e-11
5.6459e-11,2.2673e-11,3.8561e-11
4.9117e-11,6.9496e-11,1.323e-11
4.1221e-11,6.5621e-11,1.4271e-11
4.242e-11,6.2875e-11,1.2191e-11
7.7788e-11,3.0659e-11,1.1038e-11
3.143e-11,6.8267e-11,1.8129e-11
4.0811e-11,6.0739e-11,1.386e-11
4.0165e-11,6.0081e-11,1.5142e-11
2.9432e-11,5.3717e-11,1.8831e-11
4.4147e-11,3.802e-11,1.3355e-11
3.5906e-11,3.9334e-11,1.6425e-11
5.4736e-11,2.8291e-11,2.7162e-11
3.3627e-11,3.3293e-11,3.4774e-11
3.3415e-11,4.0196e-11,1.6258e-11
5.0592e-11,2.5526e-11,2.3549e-11
3.6571e-11,3.4583e-11,2.1208e-11
4.9528e-11,2.4676e-11,2.4759e-11
3.222e-11,3.2789e-11,2.0678e-11
4.7959e-11,1.7107e-11,3.8515e-11
3.9891e-11,2.8818e-11,2.891e-11
3.1608e-11,3.1757e-11,2.4664e-11
6.3572e-11,3.2224e-11,4.0775e-11
5.5612e-11,2.7655e-11,3.6427e-11
5.5395e-11,1.6505e-11,4.6171e-11
5.9488e-11,1.7913e-11,3.848e-11
3.9891e-11,2.8353e-11,3.7768e-11
5.4474e-11,2.3672e-11,4.9237e-11
1.8488e-11,1.1892e-10,5.6613e-11
2.5456e-11,1.2658e-10,5.3439e-11
6.5387e-11,4.0684e-11,6.7706e-12
2.7136e-11,1.1552e-10,5.8706e-11
8.0242e-11,3.5909e-11,1.2159e-11
2.8368e-11,6.5378e-11,2.2652e-11
3.2484e-11,6.3418e-11,1.9344e-11
3.5084e-11,4.6155e-11,1.6023e-11
5.5857e-11,2.9216e-11,2.5587e-11
4.4257e-11,2.7151e-11,2.5195e-11
3.74e-11,1.9791e-11,3.7786e-11
3.8446e-11,2.6237e-11,3.333e-11
5.547e-11,1.8359e-11,4.6857e-11
3.2032e-11,3.0926e-11,2.883e-11
3.703e-11,2.9408e-11,3.2326e-11
3.8232e-11,2.5646e-11,3.338e-11
5.3356e-11,8.2194e-11,1.1781e-11
5.386e-11,6.1345e-11,8.8291e-12
1.613e-11,1.0873e-10,5.358e-11
3.6975e-11,1.1408e-10,5.8668e-11
6.4695e-11,2.5707e-11,8.9319e-12
8.101e-11,3.0314e-11,1.404e-11
2.4577e-11,4.6386e-11,2.8642e-11
2.4648e-11,4.5172e-11,3.2332e-11
2.732e-11,5.1057e-11,2.0047e-11
2.7206e-11,3.8176e-11,3.1881e-11
2.8985e-11,3.4747e-11,3.7636e-11
3.1512e-11,4.0148e-11,1.984e-11
2.6334e-11,3.7986e-11,2.2916e-11
3.7143e-11,2.7145e-11,4.1519e-11
3.9815e-11,2.3976e-11,4.5605e-11
5.3159e-11,2.7698e-11,2.5136e-11
5.5233e-11,2.0594e-11,5.431e-11
2.925e-11,3.0813e-11,2.6571e-11
3.0027e-11,3.3403e-11,2.559e-11
4.7727e-11,1.6441e-11,3.7862e-11
4.3032e-11,2.725e-11,2.7508e-11
4.3308e-11,2.6323e-11,2.79e-11
5.9141e-11,2.6713e-11,4.2104e-11
5.3177e-11,2.2853e-11,3.5059e-11
5.6898e-11,2.5412e-11,4.3386e-11
9.1204e-12,1.2685e-10,4.2731e-11
4.701e-11,8.0112e-11,1.0785e-11
5.393e-11,5.6619e-11,9.9325e-12
5.164e-11,5.6963e-11,1.1872e-11
5.1966e-11,4.5618e-11,8.6319e-12
4.2553e-11,1.0754e-10,6.3979e-11
3.5564e-11,6.6141e-11,1.0476e-11
4.4798e-11,1.0653e-10,6.6116e-11
4.5203e-11,4.8948e-11,1.0378e-11
3.2154e-11,6.2827e-11,1.7303e-11
2.3148e-11,4.5994e-11,3.0802e-11
4.1527e-11,3.9751e-11,1.4405e-11
6.7622e-11,3.6669e-11,2.2088e-11
2.4612e-11,4.3937e-11,2.9876e-11
6.7031e-11,3.7428e-11,3.174e-11
4.6084e-11,1.5718e-11,5.5746e-11
5.7362e-11,1.9665e-11,6.124e-11
3.7855e-11,2.672e-11,4.2433e-11
2.9251e-11,3.3272e-11,2.4036e-11
6.0483e-11,3.3333e-11,3.7496e-11
3.0476e-11,2.9547e-11,2.9254e-11
6.2033e-11,3.4043e-11,3.9144e-11
5.8721e-11,1.8816e-11,5.3656e-11
3.769e-11,2.434e-11,2.9071e-11
4.1342e-11,1.753e-11,3.9947e-11
3.8264e-11,2.1415e-11,3.6051e-11
6.5152e-11,1.8888e-11,4.9278e-11
5.7969e-11,2.5445e-11,4.0569e-11
5.2989e-11,1.9125e-11,3.6488e-11
5.4493e-11,1.9391e-11,3.7874e-11
3.7914e-11,2.9072e-11,3.288e-11
4.2237e-11,2.7545e-11,3.4044e-11
4.006e-11,2.6989e-11,3.7346e-11
4.6248e-11,2.4283e-11,4.4449e-11
5.365e-11,2.2603e-11,5.0842e-11
1.5264e-11,1.1669e-10,4.1565e-11
9.7677e-12,1.1827e-10,4.5163e-11
4.7058e-11,6.3468e-11,1.1025e-11
3.4324e-11,6.6735e-11,1.0621e-11
3.3609e-11,6.603e-11,1.1393e-11
3.1387e-11,6.971e-11,2.2062e-11
2.2585e-11,4.67e-11,2.6902e-11
2.7132e-11,4.6404e-11,2.2413e-11
4.9356e-11,3.1363e-11,1.5662e-11
2.8067e-11,3.9584e-11,3.7504e-11
7.0176e-11,3.5116e-11,2.6104e-11
6.2389e-11,3.5082e-11,3.0453e-11
5.6101e-11,2.5291e-11,2.6665e-11
6.8265e-11,3.5185e-11,3.2417e-11
3.6559e-11,2.3224e-11,4.0899e-11
2.932e-11,3.4472e-11,3.3244e-11
4.4779e-11,1.3154e-11,4.6471e-11
2.7222e-11,3.0535e-11,2.4619e-11
4.8032e-11,2.6822e-11,2.5493e-11
3.4377e-11,2.2423e-11,3.1921e-11
3.5621e-11,2.305e-11,2.8939e-11
6.4841e-11,3.0998e-11,5.4916e-11
4.3923e-11,2.6732e-11,2.8838e-11
5.7731e-11,2.6158e-11,4.2473e-11
4.8628e-11,2.6865e-11,3.5722e-11
5.768e-11,2.5724e-11,4.7502e-11
5.0515e-11,2.1245e-11,4.629e-11
1.3923e-11,1.1268e-10,3.9378e-11
2.8364e-11,1.0134e-10,4.4351e-11
4.4186e-11,7.8211e-11,1.5416e-11
4.4767e-11,6.0246e-11,8.6147e-12
3.5902e-11,1.0161e-10,5.4614e-11
5.7478e-11,2.4101e-11,1.1736e-11
4.6418e-11,4.7241e-11,1.0856e-11
8.268e-11,3.3358e-11,1.2709e-11
5.2763e-11,9.236e-11,5.5067e-11
5.1004e-11,8.9587e-11,5.9547e-11
5.5124e-11,9.6097e-11,6.3266e-11
3.5433e-11,5.8639e-11,1.482e-11
5.5906e-11,9.7462e-11,6.4849e-11
6.2584e-11,3.5072e-11,2.0127e-11
2.5293e-11,3.8385e-11,2.402e-11
2.7529e-11,3.829e-11,2.8336e-11
2.7195e-11,4.0115e-11,2.5518e-11
2.5633e-11,3.1652e-11,2.176e-11
2.439e-11,3.6072e-11,2.3477e-11
5.0291e-11,2.5697e-11,2.5703e-11
3.9057e-11,1.5503e-11,3.7251e-11
5.9393e-11,3.6408e-11,6.0211e-11
5.9877e-11,2.9166e-11,3.838e-11
4.4372e-11,1.9544e-11,3.0758e-11
3.1262e-11,2.9848e-11,2.9785e-11
3.3391e-11,2.9198e-11,2.8009e-11
6.1911e-11,1.6809e-11,4.4322e-11
5.452e-11,2.4354e-11,4.1569e-11
4.6679e-11,2.2159e-11,4.5264e-11
9.9808e-12,1.1437e-10,3.6906e-11
1.8288e-11,1.0806e-10,4.4475e-11
5.7806e-11,3.6387e-11,9.677e-12
4.8622e-11,5.1461e-11,9.4337e-12
2.4983e-11,8.9662e-11,5.6137e-11
3.0648e-11,6.3662e-11,2.5839e-11
7.0932e-11,2.4797e-11,1.7422e-11
4.2589e-11,4.293e-11,1.039e-11
5.6439e-11,2.2374e-11,1.5729e-11
4.9736e-11,8.6778e-11,5.9604e-11
2.0937e-11,4.3208e-11,3.1842e-11
6.0022e-11,8.2805e-11,6.8373e-11
2.1699e-11,3.4567e-11,3.9431e-11
5.7556e-11,2.6927e-11,2.1296e-11
5.4303e-11,5.6681e-11,6.9128e-11
4.0297e-11,3.1626e-11,1.6247e-11
2.605e-11,3.0489e-11,2.4841e-11
6.4732e-11,3.3909e-11,3.0284e-11
5.8962e-11,4.7702e-11,6.918e-11
2.6682e-11,3.1694e-11,2.466e-11
5.9306e-11,3.8867e-11,6.2366e-11
5.7526e-11,3.2173e-11,5.7452e-11
4.8369e-11,2.5385e-11,3.2179e-11
3.1369e-11,2.4446e-11,2.502e-11
3.2434e-11,2.2921e-11,3.1159e-11
5.9174e-11,2.8812e-11,5.1834e-11
4.1737e-11,2.6684e-11,3.3969e-11
4.352e-11,2.1533e-11,4.0084e-11
9.8559e-12,1.1358e-10,2.9655e-11
7.6963e-12,1.1541e-10,4.2055e-11
8.6274e-12,1.1437e-10,4.4702e-11
7.698e-12,1.1166e-10,4.0031e-11
1.1823e-11,1.0742e-10,3.1801e-11
5.0011e-11,7.4489e-11,1.0166e-11
2.6663e-11,9.2258e-11,4.2497e-11
3.1496e-11,6.4653e-11,2.3063e-11
4.0667e-11,6.3319e-11,1.4942e-11
3.4692e-11,7.6748e-11,6.1247e-11
4.906e-11,8.4187e-11,5.6452e-11
4.9024e-11,8.4164e-11,5.7079e-11
3.7064e-11,4.9668e-11,1.1624e-11
4.8336e-11,8.0629e-11,5.9586e-11
4.5924e-11,6.0179e-11,6.59e-11
2.8939e-11,3.1994e-11,4.48e-11
2.3004e-11,2.9363e-11,4.1894e-11
3.8089e-11,1.4551e-11,5.4222e-11
4.4703e-11,2.0205e-11,5.1105e-11
2.5597e-11,2.9723e-11,2.4429e-11
5.7454e-11,5.2944e-11,6.5539e-11
2.4254e-11,3.7172e-11,1.5071e-11
5.0388e-11,2.1616e-11,2.5602e-11
5.267e-11,2.1116e-11,5.0501e-11
2.745e-11,2.516e-11,2.169e-11
2.8803e-11,2.3856e-11,2.4376e-11
3.0711e-11,2.4421e-11,2.6428e-11
5.3426e-11,2.3603e-11,4.3994e-11
5.8339e-11,2.2941e-11,4.3188e-11
5.814e-12,1.1518e-10,3.0391e-11
7.3529e-12,1.1807e-10,2.969e-11
7.442e-12,1.1709e-10,3.2933e-11
4.4956e-12,1.1026e-10,3.5114e-11
5.0522e-11,7.5099e-11,1.029e-11
4.955e-11,8.4756e-11,9.6572e-12
1.4922e-11,9.8086e-11,4.0984e-11
1.5091e-11,8.9337e-11,4.111e-11
1.4921e-11,1.0034e-10,4.1238e-11
4.7074e-11,6.6046e-11,1.1932e-11
3.8325e-11,6.6674e-11,1.8483e-11
5.0526e-11,3.6365e-11,1.0207e-11
3.9526e-11,4.3444e-11,1.0972e-11
4.8771e-11,3.7538e-11,1.2836e-11
4.6295e-11,7.38e-11,5.7142e-11
4.9513e-11,2.5274e-11,1.634e-11
4.0606e-11,3.9413e-11,1.2747e-11
2.0735e-11,3.4621e-11,3.6745e-11
3.4897e-11,1.6058e-11,4.7034e-11
6.287e-11,3.1908e-11,2.499e-11
5.5423e-11,2.5696e-11,2.396e-11
5.2554e-11,3.078e-11,6.1584e-11
2.5537e-11,2.8872e-11,2.4813e-11
3.7966e-11,2.2907e-11,2.2398e-11
2.9439e-11,2.5578e-11,2.6574e-11
3.0975e-11,2.1513e-11,2.7572e-11
3.3194e-11,2.6987e-11,2.7609e-11
3.7363e-11,1.8259e-11,3.397e-11
3.8488e-11,1.9908e-11,3.6195e-11
4.7933e-11,1.6281e-11,4.0842e-11
4.6864e-11,2.4252e-11,3.3669e-11
5.605e-11,2.2287e-11,4.7226e-11
6.4311e-11,2.7899e-11,4.4375e-11
5.0879e-11,2.1735e-11,4.0746e-11
4.7885e-11,1.9522e-11,3.8842e-11
5.0169e-11,1.7853e-11,4.5561e-11
5.6319e-12,1.1304e-10,3.0543e-11
7.1087e-12,9.7925e-11,3.7361e-11
5.1059e-11,6.3055e-11,7.5203e-12
2.4055e-11,9.1084e-11,4.4296e-11
1.5386e-11,9.3097e-11,3.7556e-11
1.8679e-11,9.3399e-11,4.1558e-11
1.9232e-11,8.3312e-11,4.3123e-11
5.97e-11,3.354e-11,1.2977e-11
3.8218e-11,5.6737e-11,1.0863e-11
4.4337e-11,7.2247e-11,4.9805e-11
5.2264e-11,2.8829e-11,1.2502e-11
1.9072e-11,5.0681e-11,2.89e-11
1.7719e-11,4.6123e-11,3.3632e-11
2.0335e-11,4.7366e-11,2.0499e-11
4.2934e-11,5.9652e-11,6.1384e-11
2.0289e-11,3.5992e-11,3.4612e-11
5.3539e-11,6.7834e-11,6.428e-11
5.4409e-11,6.8002e-11,6.8621e-11
4.8669e-11,4.9647e-11,6.3088e-11
3.1843e-11,1.8236e-11,2.8426e-11
4.7284e-11,2.0736e-11,2.4382e-11
4.1264e-11,1.9945e-11,2.0452e-11
3.7384e-11,1.5813e-11,3.2562e-11
5.4935e-11,2.6574e-11,3.6341e-11
3.4433e-11,1.8417e-11,3.0805e-11
3.6653e-11,1.9667e-11,3.1659e-11
3.125e-11,2.1668e-11,3.0696e-11
3.731e-11,2.1964e-11,3.0704e-11
3.999e-11,1.7029e-11,3.21e-11
5.9947e-11,2.3353e-11,4.4058e-11
4.9008e-11,1.7065e-11,4.3734e-11
5.6669e-12,1.0978e-10,3.2667e-11
5.5591e-11,2.953e-11,6.4091e-12
7.4746e-12,1.0035e-10,3.0131e-11
1.048e-11,8.8583e-11,4.4477e-11
4.838e-11,7.118e-11,9.2829e-12
2.2287e-11,8.6683e-11,4.2398e-11
2.1173e-11,8.8622e-11,4.1665e-11
4.6549e-11,6.5405e-11,8.774e-12
4.3242e-11,8.2369e-11,1.9362e-11
2.0946e-11,8.3175e-11,4.5829e-11
3.9003e-11,7.3663e-11,1.195e-11
2.8276e-11,8.3657e-11,4.2586e-11
5.1942e-11,2.8798e-11,8.9817e-12
2.9139e-11,6.2555e-11,2.1708e-11
2.0684e-11,6.1399e-11,2.9508e-11
5.0588e-11,2.9757e-11,1.2205e-11
2.7769e-11,5.545e-11,1.4977e-11
3.0868e-11,6.2938e-11,5.7543e-11
3.6826e-11,4.0236e-11,1.4925e-11
3.8162e-11,3.6586e-11,1.274e-11
2.4486e-11,1.5578e-11,4.0352e-11
2.239e-11,4.5299e-11,2.3239e-11
3.7034e-11,1.2916e-11,4.7926e-11
1.9277e-11,3.9889e-11,3.1079e-11
4.6138e-11,2.479e-11,5.3684e-11
2.8888e-11,1.6402e-11,3.6403e-11
3.4497e-11,3.0781e-11,1.561e-11
4.9618e-11,2.0789e-11,2.4674e-11
2.0787e-11,3.2916e-11,1.996e-11
4.7326e-11,2.9185e-11,4.8831e-11
2.7399e-11,2.2941e-11,2.3067e-11
2.9987e-11,2.2328e-11,2.7303e-11
5.9895e-11,2.7446e-11,4.2533e-11
5.7813e-11,3.0304e-11,5.6825e-11
5.9104e-11,2.965e-11,5.6502e-11
5.9811e-11,2.3817e-11,5.1388e-11
5.4417e-11,2.1712e-11,4.5125e-11
4.5637e-11,1.9152e-11,4.3698e-11
4.4691e-11,1.9432e-11,3.6079e-11
5.7464e-12,1.0972e-10,2.8301e-11
5.2219e-11,2.4205e-11,7.2379e-12
5.269e-11,2.998e-11,6.1074e-12
5.8528e-11,2.1569e-11,6.3964e-12
5.5594e-11,3.1431e-11,7.2416e-12
6.0024e-11,2.4163e-11,6.7441e-12
6.1568e-12,1.0871e-10,3.431e-11
4.8991e-11,6.6503e-11,8.3653e-12
4.9198e-11,7.3383e-11,1.3166e-11
4.8545e-11,6.9032e-11,1.3233e-11
1.3907e-11,8.6747e-11,3.4399e-11
1.7801e-11,7.4079e-11,4.2499e-11
1.918e-11,7.5274e-11,4.5885e-11
1.7742e-11,6.8005e-11,4.5005e-11
3.3084e-11,5.3286e-11,5.2837e-11
3.2947e-11,5.3462e-11,1.9423e-11
1.6805e-11,4.3571e-11,3.601e-11
4.5878e-11,2.7544e-11,1.6366e-11
4.5183e-11,2.5772e-11,1.5231e-11
3.8745e-11,4.097e-11,1.2399e-11
3.7472e-11,3.6657e-11,1.134e-11
4.0303e-11,4.9459e-11,5.9357e-11
3.7739e-11,2.5953e-11,6.1722e-11
4.5048e-11,4.9675e-11,5.7511e-11
5.1087e-11,5.6933e-11,6.436e-11
5.2802e-11,5.6886e-11,6.7993e-11
4.8797e-11,4.8991e-11,6.8478e-11
2.1941e-11,3.7122e-11,2.1773e-11
4.8894e-11,2.2653e-11,2.4577e-11
5.5442e-11,3.0892e-11,2.931e-11
4.8225e-11,2.0193e-11,2.7382e-11
2.5456e-11,3.0032e-11,2.2435e-11
4.7729e-11,1.4978e-11,4.2835e-11
2.9265e-11,2.3265e-11,2.6538e-11
3.4705e-11,2.0885e-11,3.0297e-11
3.5987e-11,1.9708e-11,3.0764e-11
4.6047e-11,1.5581e-11,3.8117e-11
3.9835e-11,2.2665e-11,2.8791e-11
3.8913e-11,1.8755e-11,3.5064e-11
4.9577e-11,1.7559e-11,4.8629e-11
4.784e-11,1.6055e-11,4.2294e-11
5.0695e-11,1.9274e-11,6.0079e-12
5.7792e-11,2.343e-11,6.9807e-12
5.4511e-11,2.0125e-11,7.8649e-12
9.4235e-12,9.9781e-11,2.6389e-11
7.3575e-12,8.2792e-11,4.0116e-11
4.2917e-11,8.2131e-11,1.6601e-11
4.6692e-11,6.2491e-11,9.6665e-12
1.9679e-11,7.9081e-11,3.9655e-11
3.7877e-11,5.5672e-11,5.1215e-11
3.4789e-11,2.6519e-11,5.397e-11
1.8752e-11,4.8086e-11,2.1275e-11
3.0202e-11,5.26e-11,2.3138e-11
2.0583e-11,2.9379e-11,3.6886e-11
4.2266e-11,6.4315e-11,5.5829e-11
1.7828e-11,4.4532e-11,2.5215e-11
3.5562e-11,3.7372e-11,1.3579e-11
2.5883e-11,1.9724e-11,2.94e-11
2.2271e-11,3.6415e-11,1.9618e-11
3.4677e-11,1.2045e-11,3.3866e-11
3.8394e-11,1.7918e-11,2.0927e-11
3.177e-11,1.8635e-11,1.9569e-11
5.623e-11,2.5701e-11,3.9878e-11
4.9157e-11,1.6823e-11,3.8909e-11
5.338e-11,2.0742e-11,4.7102e-11
4.1722e-11,1.8714e-11,3.324e-11
4.7557e-11,2.0093e-11,5.0308e-11
5.5166e-12,9.9213e-11,3.1561e-11
6.2301e-12,8.938e-11,2.4101e-11
7.1962e-12,8.701e-11,2.7992e-11
4.7181e-11,7.0256e-11,9.5679e-12
4.782e-11,6.3244e-11,8.14e-12
1.3692e-11,7.9281e-11,3.3974e-11
2.0437e-11,6.2735e-11,4.5876e-11
4.2002e-11,5.8469e-11,1.1367e-11
1.8421e-11,6.6005e-11,4.7707e-11
3.1423e-11,5.0939e-11,4.8058e-11
3.031e-11,4.9178e-11,1.4232e-11
2.9884e-11,6.3955e-11,4.9826e-11
2.5093e-11,4.6004e-11,1.9884e-11
3.4289e-11,4.9752e-11,4.9272e-11
3.4516e-11,3.4564e-11,1.6262e-11
3.7271e-11,1.4704e-11,4.6534e-11
4.6126e-11,2.4081e-11,1.9054e-11
4.3624e-11,2.3572e-11,1.9154e-11
3.4286e-11,1.0366e-11,3.4797e-11
4.4138e-11,1.9636e-11,2.2168e-11
3.6819e-11,1.7344e-11,2.0447e-11
4.6425e-11,3.3984e-11,5.3795e-11
4.5222e-11,2.0925e-11,4.2378e-11
4.0435e-11,1.5232e-11,3.4721e-11
3.1895e-11,1.9826e-11,2.7819e-11
5.6939e-11,3.0087e-11,3.8584e-11
3.9918e-11,1.2636e-11,3.4419e-11
3.4495e-11,1.6357e-11,2.6038e-11
4.852e-11,2.0942e-11,3.8689e-11
3.918e-11,2.0686e-11,2.9285e-11
5.2653e-11,2.1673e-11,4.3592e-11
5.5445e-11,2.2133e-11,4.5919e-11
5.3083e-11,2.1758e-11,4.3587e-11
5.6616e-11,2.0652e-11,4.7706e-11
4.846e-11,1.9339e-11,6.1103e-12
5.0081e-11,3.0627e-11,7.7408e-12
5.2845e-12,9.0887e-11,2.7703e-11
5.2804e-11,1.9033e-11,7.1907e-12
5.8675e-11,2.6012e-11,7.8634e-12
4.914e-11,5.7023e-11,8.6597e-12
1.7783e-11,5.8133e-11,4.155e-11
1.822e-11,8.4363e-11,3.4258e-11
1.697e-11,7.8309e-11,3.3267e-11
2.2229e-11,6.6179e-11,3.6623e-11
2.3534e-11,7.0024e-11,3.2133e-11
2.9392e-11,5.8903e-11,2.2187e-11
1.7207e-11,4.0831e-11,3.3352e-11
3.3651e-11,3.1675e-11,4.8069e-11
4.4849e-11,3.568e-11,1.0479e-11
4.3737e-11,2.7493e-11,1.0254e-11
4.5039e-11,2.8172e-11,1.3467e-11
3.1316e-11,4.6365e-11,1.3539e-11
4.3087e-11,2.3663e-11,1.2685e-11
1.6854e-11,4.4131e-11,2.3599e-11
2.6353e-11,1.8026e-11,4.0815e-11
4.1611e-11,3.6303e-11,4.4401e-11
4.3214e-11,4.1123e-11,5.6086e-11
2.149e-11,2.3852e-11,2.8596e-11
3.0456e-11,1.7813e-11,2.0985e-11
5.3908e-11,3.1693e-11,3.2087e-11
2.6539e-11,1.9924e-11,2.5645e-11
3.8512e-11,1.6016e-11,3.0658e-11
4.5575e-11,1.8724e-11,3.3141e-11
5.4018e-11,2.3476e-11,4.5801e-11
7.2246e-12,8.6985e-11,2.6577e-11
4.9813e-11,3.6811e-11,7.8227e-12
7.4692e-12,9.0991e-11,2.4398e-11
5.1335e-11,1.8419e-11,5.5241e-12
5.2886e-11,3.1288e-11,6.3698e-12
7.0516e-12,5.9399e-11,4.4592e-11
1.0825e-11,8.0588e-11,2.5558e-11
7.0784e-12,8.6386e-11,2.7543e-11
8.3306e-12,8.4473e-11,2.6578e-11
7.5652e-12,7.7635e-11,2.8738e-11
4.815e-11,5.7808e-11,7.9679e-12
1.7075e-11,6.9551e-11,4.0617e-11
1.8316e-11,5.2244e-11,5.0063e-11
2.7405e-11,6.3739e-11,4.5723e-11
2.7184e-11,4.4976e-11,4.5514e-11
3.2939e-11,3.1338e-11,4.6088e-11
2.6057e-11,1.0538e-11,4.4761e-11
4.7556e-11,1.998e-11,1.5865e-11
3.4936e-11,3.7972e-11,4.8246e-11
1.8218e-11,3.1038e-11,2.6747e-11
3.5888e-11,4.7056e-11,5.8929e-11
1.8867e-11,3.0221e-11,2.3436e-11
4.3707e-11,4.91e-11,5.3854e-11
1.7617e-11,3.0493e-11,2.0195e-11
4.426e-11,1.5189e-11,1.8543e-11
3.5436e-11,2.473e-11,4.7837e-11
4.3882e-11,4.3442e-11,5.5168e-11
3.0065e-11,1.1749e-11,4.4776e-11
4.0701e-11,2.9135e-11,4.684e-11
4.1598e-11,1.891e-11,2.3867e-11
2.3056e-11,2.0673e-11,2.2192e-11
4.4069e-11,2.9687e-11,4.9794e-11
2.4517e-11,2.4238e-11,2.5001e-11
3.2443e-11,1.5848e-11,2.6758e-11
4.716e-11,1.6773e-11,3.8661e-11
5.3764e-11,1.9951e-11,3.4987e-11
4.2181e-11,1.9212e-11,3.2376e-11
3.7934e-11,1.5658e-11,3.2622e-11
4.6324e-11,1.2753e-11,4.0313e-11
5.0552e-11,1.5692e-11,4.3515e-11
5.0001e-11,3.5246e-11,6.883e-12
5.7281e-12,8.4787e-11,2.0718e-11
5.5524e-12,7.8611e-11,2.8365e-11
7.1246e-12,5.7353e-11,4.4393e-11
1.2496e-11,5.7918e-11,4.0159e-11
8.1808e-12,8.0036e-11,2.8279e-11
1.1123e-11,7.878e-11,2.7158e-11
5.1766e-11,5.6152e-11,9.7599e-12
9.341e-12,5.5207e-11,4.4618e-11
4.1053e-11,7.4176e-11,1.1264e-11
1.8592e-11,6.8873e-11,3.6916e-11
2.335e-11,5.8143e-11,3.5836e-11
3.4477e-11,6.8593e-11,1.8353e-11
2.2949e-11,6.2333e-11,3.1914e-11
2.0708e-11,2.8649e-11,2.8501e-11
4.1534e-11,3.1691e-11,9.963e-12
3.777e-11,1.2326e-11,3.9111e-11
3.4363e-11,4.9362e-11,5.3759e-11
1.9152e-11,2.4987e-11,2.3297e-11
4.2205e-11,1.8623e-11,2.0369e-11
3.4529e-11,3.2456e-11,4.8523e-11
4.8008e-11,2.1401e-11,2.132e-11
2.0946e-11,3.4905e-11,1.5662e-11
4.1487e-11,3.7863e-11,5.364e-11
3.303e-11,1.1415e-11,3.0226e-11
3.4007e-11,1.5735e-11,2.0943e-11
2.7108e-11,2.4701e-11,2.2316e-11
4.7746e-11,1.9504e-11,2.7489e-11
4.3028e-11,2.9983e-11,5.0574e-11
2.4736e-11,2.2617e-11,2.3001e-11
3.9301e-11,1.4506e-11,3.7206e-11
3.9514e-11,1.7258e-11,3.5922e-11
5.468e-11,1.9171e-11,3.6512e-11
3.1335e-11,1.5763e-11,2.7935e-11
4.9939e-12,7.5958e-11,2.814e-11
1.1824e-11,7.9569e-11,2.3078e-11
6.4892e-12,7.7086e-11,2.0991e-11
5.6689e-11,2.3723e-11,7.0108e-12
5.1544e-11,1.771e-11,7.2659e-12
9.0404e-12,7.3972e-11,2.5442e-11
1.2011e-11,6.2683e-11,2.8614e-11
1.1398e-11,5.9647e-11,2.8896e-11
1.7252e-11,5.3325e-11,2.6985e-11
2.0194e-11,5.6209e-11,2.4049e-11
2.5432e-11,6.075e-11,4.2684e-11
2.4127e-11,1.0764e-11,3.797e-11
2.1778e-11,4.4725e-11,4.3168e-11
2.3927e-11,4.7617e-11,4.3999e-11
2.6107e-11,2.2007e-11,4.6287e-11
3.9491e-11,2.1551e-11,1.377e-11
3.4185e-11,3.3796e-11,1.1673e-11
1.8859e-11,2.8005e-11,3.6125e-11
3.3444e-11,3.7993e-11,4.7888e-11
2.8979e-11,3.2035e-11,1.6654e-11
3.5273e-11,2.9648e-11,4.5757e-11
2.6613e-11,1.7984e-11,2.8063e-11
3.8432e-11,1.6382e-11,1.7968e-11
4.2899e-11,4.6345e-11,6.5453e-11
4.4608e-11,2.5988e-11,2.6044e-11
2.1926e-11,2.1236e-11,2.0628e-11
3.7905e-11,1.7173e-11,3.6314e-11
4.2098e-11,2.0095e-11,3.9765e-11
3.2621e-11,1.8376e-11,3.0521e-11
3.7328e-11,1.4206e-11,2.861e-11
3.781e-11,1.7951e-11,3.5112e-11
5.4611e-11,2.5195e-11,4.6714e-11
4.6034e-11,2.0814e-11,7.832e-12
4.9421e-11,3.759e-11,7.2513e-12
8.2475e-12,6.9687e-11,2.77e-11
6.1695e-11,2.2911e-11,8.4148e-12
1.5736e-11,6.3375e-11,2.9522e-11
1.4415e-11,6.3927e-11,3.1913e-11
2.8032e-11,6.0915e-11,1.881e-11
2.0069e-11,4.7828e-11,4.6776e-11
1.9453e-11,5.8119e-11,3.4735e-11
1.3303e-11,3.1713e-11,3.5217e-11
1.3575e-11,2.9551e-11,3.7782e-11
2.5731e-11,2.0478e-11,4.273e-11
2.1886e-11,2.2514e-11,3.0216e-11
2.5393e-11,1.7859e-11,4.3955e-11
4.5099e-11,2.3117e-11,1.3738e-11
2.4719e-11,4.512e-11,5.034e-11
3.4249e-11,4.5606e-11,4.5804e-11
1.6647e-11,2.5306e-11,3.2933e-11
3.1937e-11,3.3902e-11,4.602e-11
3.2136e-11,3.4204e-11,4.7465e-11
4.8247e-11,2.3179e-11,2.4277e-11
3.7143e-11,1.5787e-11,1.9537e-11
5.188e-11,2.5704e-11,2.6981e-11
4.1344e-11,3.4707e-11,4.8527e-11
3.1027e-11,1.7147e-11,1.9165e-11
4.6277e-11,2.0803e-11,2.5917e-11
4.1517e-11,2.7252e-11,4.9768e-11
2.3183e-11,2.1412e-11,2.2267e-11
5.1315e-11,2.2333e-11,3.4384e-11
4.2831e-11,1.611e-11,2.5908e-11
2.6336e-11,1.8321e-11,2.1678e-11
4.0389e-11,1.3686e-11,3.076e-11
3.0167e-11,1.5531e-11,2.6718e-11
5.1362e-11,1.3234e-11,4.5578e-11
5.883e-12,7.0869e-11,1.8568e-11
5.0977e-11,1.9312e-11,4.2353e-12
8.6808e-12,6.8142e-11,2.7109e-11
7.2544e-12,6.7247e-11,2.6587e-11
6.391e-11,2.7062e-11,7.7404e-12
8.5519e-12,6.4245e-11,2.8436e-11
5.9871e-11,2.1461e-11,8.6642e-12
3.4296e-11,7.8158e-11,1.2859e-11
1.6912e-11,4.308e-11,3.6963e-11
1.6679e-11,6.4151e-11,3.4447e-11
1.7988e-11,4.0739e-11,4.0595e-11
2.402e-11,3.2053e-11,3.9372e-11
1.6074e-11,5.2099e-11,2.7713e-11
2.8984e-11,4.4402e-11,2.2636e-11
4.2368e-11,3.8095e-11,1.4179e-11
1.5012e-11,2.0654e-11,3.4063e-11
1.494e-11,3.4501e-11,2.6826e-11
4.3443e-11,2.4316e-11,1.1954e-11
3.2767e-11,3.1792e-11,4.2021e-11
2.8136e-11,4.0756e-11,5.0064e-11
2.9058e-11,4.68e-11,4.8125e-11
2.2277e-11,1.7851e-11,3.2216e-11
2.1023e-11,2.4045e-11,2.7964e-11
2.8708e-11,3.0957e-11,1.3549e-11
3.1138e-11,3.7104e-11,4.4774e-11
2.9772e-11,1.7826e-11,3.982e-11
3.2962e-11,2.4455e-11,4.376e-11
3.1228e-11,2.697e-11,4.3987e-11
3.7798e-11,4.1385e-11,5.8155e-11
2.9361e-11,2.0176e-11,3.8959e-11
3.7501e-11,2.6021e-11,4.3916e-11
2.129e-11,2.0191e-11,2.0574e-11
3.063e-11,1.4467e-11,2.0906e-11
3.8705e-11,1.7641e-11,3.6564e-11
4.0128e-11,1.3904e-11,3.3774e-11
5.0006e-11,1.7103e-11,3.4073e-11
3.0122e-11,1.9149e-11,3.0458e-11
3.5336e-11,1.1319e-11,2.9707e-11
4.9921e-11,2.3751e-11,4.2844e-11
4.5975e-11,1.5896e-11,5.117e-11
5.1878e-11,1.805e-11,5.6102e-11
4.8091e-11,1.3638e-11,4.1882e-11
4.2722e-11,1.6531e-11,6.7009e-12
6.1899e-12,5.8777e-11,2.8125e-11
4.6166e-11,1.7613e-11,5.9905e-12
5.041e-11,2.23e-11,6.0425e-12
7.3709e-12,6.6852e-11,1.8734e-11
7.9267e-12,7.95e-11,2.1255e-11
1.1354e-11,4.6373e-11,4.7987e-11
1.267e-11,4.8797e-11,4.8682e-11
9.9896e-12,4.5969e-11,4.5661e-11
5.9378e-11,2.3274e-11,8.2631e-12
9.4657e-12,6.0357e-11,2.8554e-11
5.6007e-11,1.7803e-11,5.757e-12
3.0767e-11,7.7747e-11,1.7408e-11
1.7483e-11,4.3002e-11,3.9772e-11
1.8968e-11,5.5153e-11,3.255e-11
2.4522e-11,5.1137e-11,3.2603e-11
1.3906e-11,2.0308e-11,4.2856e-11
1.2382e-11,3.6647e-11,3.2266e-11
2.1934e-11,4.251e-11,4.7139e-11
2.4539e-11,4.0987e-11,4.4321e-11
2.8232e-11,4.3953e-11,2.4589e-11
2.3504e-11,2.7636e-11,4.434e-11
2.4613e-11,1.4218e-11,4.3578e-11
2.1386e-11,1.8239e-11,3.101e-11
1.8735e-11,4.0385e-11,2.0095e-11
3.3982e-11,2.3903e-11,1.3741e-11
2.3288e-11,1.4936e-11,3.4213e-11
2.9025e-11,3.9038e-11,5.1085e-11
1.6184e-11,2.4962e-11,3.0492e-11
2.8972e-11,2.8499e-11,4.1216e-11
2.5482e-11,1.0212e-11,3.7902e-11
3.5072e-11,1.7475e-11,1.9699e-11
3.97e-11,3.8666e-11,5.7289e-11
3.3087e-11,1.4517e-11,3.5087e-11
3.4096e-11,1.8747e-11,3.9134e-11
4.2669e-11,3.2022e-11,5.2174e-11
4.8584e-11,2.5494e-11,3.2878e-11
4.0543e-11,2.9662e-11,4.9657e-11
2.464e-11,1.7699e-11,2.1924e-11
3.5971e-11,1.0821e-11,2.7433e-11
4.7523e-11,1.6216e-11,3.3123e-11
4.3446e-11,2.6425e-11,5.1489e-11
3.8974e-11,1.2717e-11,3.5989e-11
4.1302e-11,1.2743e-11,3.9248e-11
4.5781e-11,1.2254e-11,4.4234e-11
4.4297e-11,1.9315e-11,5.5925e-12
4.2106e-11,3.9205e-11,9.078e-12
4.54e-11,2.3628e-11,6.7675e-12
4.9682e-11,1.8759e-11,5.1769e-12
5.7516e-12,6.0913e-11,2.4335e-11
5.6451e-11,1.8812e-11,6.5993e-12
1.1083e-11,5.2473e-11,2.9292e-11
5.6693e-11,1.964e-11,7.1885e-12
5.4324e-11,1.8173e-11,5.8732e-12
2.7708e-11,4.9753e-11,2.1002e-11
2.3416e-11,4.4289e-11,3.8409e-11
2.0291e-11,1.5756e-11,4.1001e-11
2.8826e-11,4.2857e-11,1.7571e-11
2.119e-11,3.9165e-11,4.5394e-11
2.0382e-11,3.6631e-11,4.2938e-11
4.1274e-11,1.744e-11,1.3212e-11
2.3944e-11,3.4326e-11,4.335e-11
2.3505e-11,3.9182e-11,1.3934e-11
3.9882e-11,2.3459e-11,1.4395e-11
2.5496e-11,4.0326e-11,4.95e-11
2.5257e-11,1.7339e-11,4.679e-11
1.7965e-11,3.5993e-11,2.4584e-11
2.3634e-11,3.1388e-11,2.0743e-11
3.4701e-11,3.8376e-11,5.4871e-11
2.6536e-11,1.8315e-11,2.8771e-11
1.8823e-11,2.4236e-11,2.3277e-11
1.9863e-11,2.3003e-11,2.4476e-11
1.9785e-11,2.3984e-11,1.6581e-11
4.5214e-11,2.3242e-11,2.8471e-11
2.3065e-11,2.2673e-11,2.8145e-11
4.4817e-11,2.3019e-11,2.9079e-11
2.075e-11,1.7056e-11,2.0109e-11
3.868e-11,3.203e-11,4.8625e-11
2.7342e-11,1.7289e-11,2.1284e-11
3.8352e-11,1.4447e-11,2.6424e-11
4.5515e-11,1.6904e-11,3.0693e-11
3.3143e-11,1.4746e-11,2.6143e-11
2.7208e-11,1.6474e-11,2.414e-11
3.8947e-11,2.3922e-11,4.624e-11
4.2869e-11,2.7114e-11,5.2757e-11
3.2357e-11,1.1161e-11,2.669e-11
3.7674e-11,1.6893e-11,3.7062e-11
4.796e-11,2.6168e-11,4.7555e-11
3.3873e-11,1.4434e-11,3.0263e-11
3.9739e-11,1.2274e-11,3.7636e-11
4.4612e-11,1.2466e-11,4.292e-11
4.463e-11,1.6665e-11,6.2323e-12
3.958e-11,3.7745e-11,8.1652e-12
4.4433e-12,5.964e-11,2.4698e-11
7.7416e-12,4.9481e-11,2.8842e-11
5.4434e-11,2.8631e-11,9.3496e-12
6.8508e-12,7.2174e-11,2.0216e-11
8.5022e-12,5.8479e-11,2.1503e-11
6.1343e-11,3.2488e-11,1.0057e-11
3.7741e-11,7.322e-11,1.7836e-11
6.4243e-11,2.7982e-11,9.2287e-12
3.7185e-11,6.3863e-11,1.1399e-11
5.276e-11,1.7713e-11,8.0259e-12
9.2327e-12,4.4528e-11,2.6305e-11
1.4061e-11,5.9589e-11,3.0155e-11
1.4663e-11,5.8227e-11,3.1604e-11
6.7825e-11,2.1515e-11,8.6155e-12
1.7309e-11,4.1687e-11,4.0748e-11
6.4822e-11,2.0631e-11,8.6695e-12
2.845e-11,5.2952e-11,1.9032e-11
2.2452e-11,2.4738e-11,3.7477e-11
1.3377e-11,2.8877e-11,3.6556e-11
1.3919e-11,2.0981e-11,4.2337e-11
1.9043e-11,3.5296e-11,3.5801e-11
2.4474e-11,3.9198e-11,4.1e-11
2.5343e-11,4.2902e-11,2.3007e-11
4.0914e-11,2.0356e-11,1.2601e-11
1.6942e-11,2.2898e-11,3.046e-11
3.6106e-11,1.479e-11,1.4388e-11
1.5814e-11,3.0099e-11,1.7277e-11
2.9848e-11,2.9894e-11,4.3853e-11
1.7888e-11,2.4619e-11,1.9075e-11
2.3692e-11,1.352e-11,2.4903e-11
2.5207e-11,1.2774e-11,2.6536e-11
2.8579e-11,1.4179e-11,2.2712e-11
3.7412e-11,1.2774e-11,2.8313e-11
3.9713e-11,1.8713e-11,3.8509e-11
5.0167e-11,1.775e-11,4.404e-11
5.3603e-11,2.153e-11,5.1489e-11
4.0633e-11,1.4503e-11,4.3377e-11
4.7794e-11,1.2511e-11,4.2067e-11
4.2266e-11,3.2795e-11,8.2021e-12
4.1187e-12,5.1388e-11,2.5975e-11
4.799e-12,6.3098e-11,1.8549e-11
5.892e-12,6.5156e-11,2.2181e-11
7.5943e-12,3.8983e-11,2.9418e-11
9.4023e-12,5.8147e-11,2.3921e-11
1.2982e-11,6.2312e-11,2.7035e-11
1.1353e-11,5.3912e-11,2.5826e-11
1.2544e-11,5.596e-11,2.6853e-11
5.7785e-11,1.7486e-11,1.0315e-11
1.4302e-11,5.0594e-11,2.9133e-11
1.3232e-11,3.4389e-11,3.382e-11
1.5834e-11,5.2711e-11,3.5063e-11
6.3235e-11,2.581e-11,1.1529e-11
2.0435e-11,4.0741e-11,4.3163e-11
2.8167e-11,5.4049e-11,2.0164e-11
1.6277e-11,4.089e-11,3.1861e-11
2.0067e-11,4.4671e-11,3.5999e-11
2.7492e-11,4.4282e-11,2.0681e-11
2.7505e-11,4.4302e-11,1.918e-11
3.8461e-11,3.1927e-11,1.2057e-11
1.7311e-11,3.8991e-11,3.3879e-11
1.7913e-11,3.4464e-11,3.5425e-11
2.6866e-11,4.1657e-11,1.7895e-11
1.7922e-11,1.3714e-11,3.1778e-11
3.8622e-11,2.4108e-11,1.3645e-11
1.7929e-11,4.104e-11,1.5937e-11
1.4627e-11,3.8345e-11,2.6289e-11
3.6806e-11,1.9197e-11,1.4808e-11
2.6537e-11,2.9633e-11,1.301e-11
1.5335e-11,2.9176e-11,1.7618e-11
2.9485e-11,2.7156e-11,4.3136e-11
2.3122e-11,1.7381e-11,2.1548e-11
4.0979e-11,1.5924e-11,2.8096e-11
2.6518e-11,1.2015e-11,2.2921e-11
4.0982e-11,2.6665e-11,4.7623e-11
3.3217e-11,1.3684e-11,3.0612e-11
4.8912e-11,1.4245e-11,4.3686e-11
4.9298e-11,1.8146e-11,5.046e-11
5.4056e-11,1.7057e-11,4.9452e-11
4.9082e-12,6.9246e-11,2.1567e-11
7.8929e-12,6.7667e-11,1.9651e-11
9.2651e-12,6.3008e-11,1.9759e-11
5.9477e-12,3.1768e-11,3.282e-11
5.0192e-11,1.6488e-11,7.1534e-12
6.502e-11,2.8422e-11,8.6883e-12
1.3803e-11,5.0456e-11,4.5979e-11
1.1228e-11,5.0582e-11,2.2451e-11
1.9936e-11,4.8191e-11,4.4742e-11
1.4423e-11,2.893e-11,3.3322e-11
5.3764e-11,1.7527e-11,1.1626e-11
1.4443e-11,2.5666e-11,3.4312e-11
1.4779e-11,1.5004e-11,3.4212e-11
1.8171e-11,2.0318e-11,3.1679e-11
3.004e-11,5.5989e-11,1.6629e-11
2.001e-11,1.6886e-11,4.0639e-11
2.6462e-11,4.3498e-11,1.9994e-11
5.4633e-11,2.2842e-11,1.094e-11
1.1857e-11,3.9493e-11,3.1856e-11
3.4665e-11,3.0563e-11,1.0887e-11
5.6762e-11,2.3589e-11,1.2111e-11
3.9817e-11,2.612e-11,1.1592e-11
1.7831e-11,1.458e-11,2.8557e-11
3.0954e-11,3.9561e-11,5.0352e-11
2.8077e-11,3.6219e-11,4.8403e-11
1.9728e-11,3.1901e-11,1.8347e-11
2.8616e-11,2.7985e-11,4.1392e-11
1.9778e-11,1.4464e-11,3.005e-11
1.5101e-11,2.8458e-11,1.7716e-11
3.0326e-11,2.8115e-11,4.429e-11
1.724e-11,2.6644e-11,2.277e-11
3.7203e-11,3.3109e-11,4.7484e-11
3.3237e-11,1.2355e-11,2.0679e-11
2.6666e-11,1.022e-11,3.3877e-11
2.6667e-11,1.7487e-11,2.0138e-11
3.4217e-11,1.1862e-11,2.1165e-11
4.2039e-11,2.1301e-11,2.9017e-11
2.9729e-11,1.7787e-11,3.6687e-11
2.5159e-11,1.7523e-11,2.4043e-11
3.7999e-11,2.462e-11,4.4542e-11
2.8897e-11,1.0986e-11,2.3543e-11
4.3322e-11,1.6322e-11,3.6665e-11
4.5788e-11,1.7888e-11,4.2331e-11
4.6358e-11,1.7121e-11,4.1479e-11
3.9247e-11,1.0911e-11,3.4296e-11
5.2634e-11,1.6916e-11,4.9128e-11
4.5765e-11,9.6312e-12,4.1495e-11
3.4279e-12,6.5725e-11,1.9593e-11
4.3069e-11,1.471e-11,4.2941e-12
6.9001e-12,3.9786e-11,2.604e-11
6.5694e-12,5.6896e-11,2.285e-11
5.327e-12,6.0332e-11,1.9866e-11
6.194e-12,3.4333e-11,2.7766e-11
7.5492e-12,3.7432e-11,3.9246e-11
4.6468e-12,6.3323e-11,1.972e-11
9.1064e-12,5.7125e-11,2.2504e-11
8.3172e-12,3.4397e-11,3.5065e-11
5.7235e-11,1.8121e-11,9.0038e-12
2.5763e-11,6.3493e-11,2.3889e-11
5.5577e-11,1.6891e-11,7.7529e-12
1.3156e-11,3.9469e-11,2.5994e-11
2.9759e-11,5.5177e-11,1.5853e-11
1.97e-11,3.9413e-11,3.7586e-11
6.4213e-11,2.3823e-11,1.112e-11
2.5747e-11,4.3153e-11,2.0402e-11
2.0333e-11,3.706e-11,3.2013e-11
3.3817e-11,3.526e-11,1.474e-11
3.3614e-11,3.1958e-11,1.2287e-11
2.341e-11,4.1715e-11,2.1259e-11
1.8553e-11,2.6906e-11,3.6497e-11
5.0224e-11,2.2574e-11,1.5818e-11
1.7973e-11,3.6621e-11,1.6023e-11
2.5072e-11,2.9566e-11,1.2136e-11
2.5403e-11,3.5546e-11,3.8921e-11
2.5136e-11,2.5839e-11,3.6043e-11
2.9859e-11,3.2824e-11,4.6696e-11
2.4564e-11,1.4167e-11,3.3018e-11
2.9585e-11,1.5118e-11,1.4391e-11
1.9681e-11,1.3558e-11,2.9114e-11
2.1926e-11,1.2355e-11,3.2942e-11
1.6684e-11,2.4142e-11,1.7847e-11
1.7519e-11,1.9526e-11,2.2207e-11
3.392e-11,1.6426e-11,2.3196e-11
4.1514e-11,3.5433e-11,5.1588e-11
2.4077e-11,1.4377e-11,3.4734e-11
3.6055e-11,1.7269e-11,1.9901e-11
2.9923e-11,1.0105e-11,2.3492e-11
3.3882e-11,1.3424e-11,3.4557e-11
4.0877e-11,1.3599e-11,3.4459e-11
3.3447e-11,1.0032e-11,3.1391e-11
4.1465e-11,2.8497e-11,8.6584e-12
1.1931e-11,5.8407e-11,1.8206e-11
3.984e-11,4.1141e-11,8.3542e-12
3.4143e-12,6.1495e-11,1.8786e-11
4.5901e-11,1.799e-11,6.0129e-12
5.7464e-11,3.4442e-11,9.6173e-12
5.7134e-11,2.8359e-11,1.075e-11
7.2275e-12,3.4983e-11,2.5465e-11
2.5516e-11,6.7071e-11,1.7831e-11
9.0082e-12,5.1313e-11,2.5953e-11
2.1265e-11,6.5646e-11,2.544e-11
1.0468e-11,4.9183e-11,2.4703e-11
1.5898e-11,4.4962e-11,2.4284e-11
3.3609e-11,6.8314e-11,1.9943e-11
5.4334e-11,2.1056e-11,1.0375e-11
2.1077e-11,5.6865e-11,4.6302e-11
3.0535e-11,6.1217e-11,1.7433e-11
3.1471e-11,6.0856e-11,1.5804e-11
1.1039e-11,4.8064e-11,2.7535e-11
1.852e-11,4.7625e-11,4.4138e-11
1.3821e-11,1.1305e-11,3.7143e-11
2.9852e-11,5.6723e-11,1.6585e-11
6.8854e-11,2.8123e-11,9.4777e-12
1.8178e-11,3.4e-11,3.5759e-11
6.7361e-11,2.7692e-11,1.0336e-11
5.9579e-11,2.3221e-11,1.1432e-11
1.9963e-11,4.9947e-11,2.5755e-11
1.8608e-11,4.8799e-11,2.5532e-11
2.5612e-11,4.3096e-11,1.9958e-11
1.852e-11,3.6795e-11,3.4834e-11
2.3967e-11,4.2365e-11,2.1181e-11
1.6793e-11,2.8987e-11,3.287e-11
1.8666e-11,2.7791e-11,3.5552e-11
1.9168e-11,2.7267e-11,3.5438e-11
2.1834e-11,2.543e-11,3.6835e-11
2.2319e-11,2.8956e-11,3.6347e-11
2.7294e-11,3.0216e-11,4.3511e-11
1.8689e-11,3.1877e-11,2.0608e-11
2.9725e-11,3.1954e-11,4.563e-11
2.7918e-11,1.7078e-11,1.4418e-11
3.1046e-11,3.2916e-11,4.6793e-11
1.9605e-11,1.5314e-11,2.8597e-11
3.1002e-11,2.3862e-11,3.937e-11
2.0862e-11,1.5629e-11,2.9924e-11
2.3997e-11,1.6565e-11,1.7768e-11
3.8626e-11,2.0408e-11,2.478e-11
3.8826e-11,2.4513e-11,4.4149e-11
2.634e-11,1.4071e-11,2.4712e-11
3.0351e-11,1.3381e-11,3.0299e-11
3.1807e-11,9.9518e-12,2.7606e-11
3.539e-11,7.4025e-12,3.1904e-11
3.5242e-11,1.0652e-11,3.1052e-11
3.3417e-11,9.8715e-12,2.9886e-11
3.8245e-11,7.2477e-12,3.4735e-11
4.6753e-11,1.5297e-11,4.2817e-11
4.5518e-11,1.2859e-11,4.0237e-11
5.1152e-11,2e-11,5.1355e-11
4.5872e-11,1.0633e-11,4.7965e-11
3.9015e-12,3.7689e-11,2.344e-11
7.8996e-12,5.012e-11,2.0424e-11
4.3202e-12,5.4357e-11,2.0744e-11
6.7981e-12,5.8374e-11,1.7699e-11
1.0528e-11,5.7735e-11,4.7726e-11
5.6616e-11,3.4067e-11,9.3995e-12
5.6103e-11,3.599e-11,9.9792e-12
1.0426e-11,2.9845e-11,2.6887e-11
5.6969e-11,2.0413e-11,9.4251e-12
9.2636e-12,3.4424e-11,2.8717e-11
1.4898e-11,1.3102e-11,3.2289e-11
1.1875e-11,4.0095e-11,2.8656e-11
1.6198e-11,5.1727e-11,2.3466e-11
1.5109e-11,3.3865e-11,2.9819e-11
1.712e-11,3.9185e-11,3.1873e-11
1.2459e-11,3.1773e-11,3.4101e-11
1.2513e-11,3.8403e-11,3.0582e-11
1.3383e-11,3.6081e-11,2.0731e-11
5.9159e-11,2.4565e-11,1.2037e-11
1.9645e-11,2.8568e-11,3.6125e-11
2.4251e-11,2.4784e-11,3.5247e-11
2.3037e-11,1.023e-11,3.2678e-11
2.5511e-11,1.8682e-11,3.2721e-11
2.3316e-11,1.367e-11,3.0216e-11
4.2396e-11,3.2388e-11,4.7226e-11
2.6221e-11,1.3309e-11,2.0262e-11
3.4034e-11,1.398e-11,2.1561e-11
3.7771e-11,1.3909e-11,2.4943e-11
2.3083e-11,1.7501e-11,2.1682e-11
5.1586e-11,2.1603e-11,2.9697e-11
3.9738e-11,1.6121e-11,2.8299e-11
3.4797e-11,2.1836e-11,4.0382e-11
2.2016e-11,1.3091e-11,2.0856e-11
3.4175e-11,1.4598e-11,3.2823e-11
3.113e-11,9.8417e-12,2.3754e-11
2.9199e-11,1.2376e-11,2.9695e-11
3.8857e-11,1.3538e-11,3.3356e-11
4.3307e-11,2.3372e-11,4.9491e-11
4.6488e-11,1.6408e-11,4.5763e-11
4.6649e-11,1.5484e-11,5.3273e-11
4.7697e-11,9.556e-12,4.4989e-11
3.7903e-11,3.2922e-11,8.7945e-12
9.41e-12,4.3756e-11,2.1274e-11
5.536e-12,5.1698e-11,2.0577e-11
8.8113e-12,4.0217e-11,2.1429e-11
1.0922e-11,4.6788e-11,2.1548e-11
1.0409e-11,3.9478e-11,2.2971e-11
1.3951e-11,2.0439e-11,3.0149e-11
1.1569e-11,3.168e-11,2.3694e-11
6.3602e-11,2.6906e-11,1.0109e-11
1.4462e-11,3.9345e-11,2.8698e-11
3.4002e-11,2.8937e-11,1.0197e-11
2.0804e-11,2.8433e-11,3.3821e-11
3.647e-11,2.5771e-11,1.0816e-11
1.1091e-11,2.1913e-11,2.6454e-11
1.746e-11,3.6406e-11,2.6791e-11
2.1016e-11,4.0985e-11,2.2206e-11
2.1196e-11,4.1023e-11,2.1752e-11
1.7052e-11,3.611e-11,2.2785e-11
1.9971e-11,3.868e-11,2.1087e-11
1.7167e-11,8.9648e-12,3.0671e-11
4.5376e-11,2.191e-11,1.4255e-11
5.7067e-11,2.906e-11,1.4574e-11
5.0571e-11,2.6191e-11,1.6337e-11
2.877e-11,2.6502e-11,3.9456e-11
1.9172e-11,1.4455e-11,2.7723e-11
2.3251e-11,1.3694e-11,3.0167e-11
3.426e-11,1.9644e-11,2.1653e-11
2.2047e-11,1.8844e-11,2.1097e-11
3.539e-11,1.334e-11,2.3066e-11
3.8028e-11,1.7143e-11,2.3756e-11
3.7103e-11,2.8322e-11,4.179e-11
3.6715e-11,2.6309e-11,4.2768e-11
2.826e-11,2.0672e-11,3.1919e-11
2.7225e-11,1.2265e-11,2.5634e-11
2.5394e-11,1.0452e-11,1.9744e-11
3.5524e-11,1.7294e-11,3.682e-11
3.1074e-11,8.6288e-12,2.8037e-11
3.6838e-11,1.2235e-11,3.8465e-11
4.5676e-11,1.5628e-11,4.3457e-11
4.4969e-11,1.069e-11,4.7638e-11
6.6123e-12,5.6985e-11,1.832e-11
7.2727e-12,3.6697e-11,2.054e-11
9.4072e-12,5.1513e-11,1.7178e-11
4.0596e-11,2.6289e-11,6.9379e-12
6.9071e-12,5.5416e-11,1.6105e-11
4.3092e-11,1.7051e-11,4.9155e-12
4.2096e-11,1.7303e-11,6.971e-12
6.9e-12,5.5843e-11,2.0658e-11
4.9985e-12,4.9147e-11,1.9868e-11
4.8426e-11,1.5219e-11,8.4797e-12
3.2197e-11,5.8406e-11,1.8762e-11
1.6913e-11,3.5219e-11,3.3745e-11
6.8249e-11,2.8562e-11,1.1958e-11
1.8057e-11,5.2808e-11,2.3775e-11
1.2402e-11,2.9738e-11,2.4355e-11
1.3279e-11,2.5313e-11,3.0952e-11
1.7461e-11,5.1269e-11,2.5919e-11
2.9705e-11,5.8483e-11,1.5272e-11
1.3443e-11,1.0873e-11,3.6065e-11
1.27e-11,1.9513e-11,3.3119e-11
1.2446e-11,2.6696e-11,3.5101e-11
2.7457e-11,5.2152e-11,1.5586e-11
2.837e-11,4.8471e-11,2.2326e-11
4.2224e-11,3.0211e-11,1.1694e-11
1.7987e-11,1.1457e-11,3.1942e-11
3.7169e-11,3.4407e-11,1.0468e-11
4.7658e-11,1.8213e-11,1.023e-11
2.6114e-11,4.1988e-11,1.6049e-11
1.4342e-11,2.5485e-11,2.8874e-11
1.7087e-11,3.3962e-11,3.0537e-11
4.4207e-11,1.7935e-11,1.0818e-11
1.7921e-11,3.705e-11,2.007e-11
3.3952e-11,2.066e-11,1.1709e-11
5.5064e-11,2.3859e-11,1.2157e-11
2.0299e-11,2.768e-11,3.1789e-11
2.8722e-11,2.9775e-11,1.233e-11
1.9235e-11,2.4681e-11,3.3682e-11
2.1297e-11,2.7448e-11,3.4177e-11
2.2129e-11,2.6848e-11,3.4302e-11
2.4414e-11,2.7887e-11,1.5828e-11
1.3886e-11,2.7624e-11,2.8248e-11
2.065e-11,1.273e-11,3.0284e-11
2.2676e-11,8.9691e-12,2.9164e-11
2.7989e-11,1.0813e-11,2.7985e-11
4.223e-11,1.8774e-11,3.291e-11
2.042e-11,1.3064e-11,1.8838e-11
4.0955e-11,1.338e-11,2.7825e-11
3.8288e-11,2.7349e-11,4.2749e-11
2.1438e-11,1.3876e-11,1.9894e-11
2.9924e-11,9.2407e-12,2.5463e-11
3.6825e-11,7.6526e-12,3.3227e-11
4.797e-11,1.8973e-11,4.8125e-11
4.616e-11,1.3502e-11,4.9556e-11
4.7151e-11,9.1522e-12,4.3844e-11
1.025e-11,4.9409e-11,1.6587e-11
4.2471e-11,1.6518e-11,4.5741e-12
4.1723e-11,3.0382e-11,8.308e-12
7.301e-12,5.1669e-11,1.6514e-11
1.2452e-11,5.7629e-11,4.2282e-11
5.0523e-11,2.1318e-11,8.612e-12
1.6062e-11,5.6912e-11,4.3376e-11
5.4791e-11,2.9879e-11,1.1141e-11
5.0466e-11,2.0581e-11,6.7239e-12
6.0147e-11,2.9669e-11,1.0014e-11
1.1117e-11,2.5128e-11,2.5365e-11
1.1955e-11,3.4404e-11,3.1572e-11
1.1863e-11,3.6559e-11,2.3769e-11
1.3815e-11,3.5254e-11,2.3509e-11
5.3939e-11,2.5379e-11,1.2702e-11
6.4298e-11,2.6545e-11,1.2761e-11
1.8284e-11,2.6031e-11,3.2103e-11
4.0507e-11,2.1361e-11,1.3205e-11
3.233e-11,4.7175e-11,4.6868e-11
1.8068e-11,1.6296e-11,3.3181e-11
1.1771e-11,2.0232e-11,2.5522e-11
1.4194e-11,2.1778e-11,1.9454e-11
2.1636e-11,2.468e-11,1.9124e-11
2.2137e-11,2.3316e-11,1.476e-11
5.6627e-11,2.5421e-11,1.4333e-11
1.2912e-11,2.8364e-11,2.6725e-11
4.7105e-11,2.2172e-11,1.7766e-11
3.79e-11,1.9316e-11,1.83e-11
1.9474e-11,1.0003e-11,3.0294e-11
2.094e-11,1.0762e-11,3.0858e-11
3.1624e-11,2.4311e-11,3.9374e-11
2.4305e-11,2.212e-11,3.6117e-11
5.3242e-11,2.4955e-11,2.2495e-11
6.1988e-11,2.6308e-11,2.5478e-11
2.0312e-11,1.6499e-11,1.9634e-11
2.5672e-11,9.4044e-12,2.6982e-11
3.4145e-11,2.1475e-11,3.888e-11
2.1998e-11,1.01e-11,2.0704e-11
4.177e-11,1.3328e-11,3.1579e-11
3.4907e-11,1.1152e-11,3.2618e-11
4.2589e-11,1.4775e-11,4.1933e-11
4.6253e-11,1.212e-11,5.3022e-11
4.1645e-11,9.7448e-12,3.8127e-11
5.1366e-12,4.9157e-11,1.6684e-11
4.0923e-11,2.8841e-11,7.5652e-12
4.4197e-11,1.6311e-11,6.4938e-12
4.1565e-11,1.5377e-11,4.658e-12
3.6665e-11,4.4122e-11,8.5688e-12
1.2591e-11,4.4631e-11,1.7281e-11
4.3903e-11,1.6547e-11,7.1416e-12
3.713e-11,4.6109e-11,1.0197e-11
4.2003e-12,5.0915e-11,1.7797e-11
5.6149e-12,4.4852e-11,1.7781e-11
1.0872e-11,3.1748e-11,1.8863e-11
4.7202e-11,2.9728e-11,9.0566e-12
4.9746e-11,3.5794e-11,1.2172e-11
7.6845e-12,2.1204e-11,2.8617e-11
1.7728e-11,2.7379e-11,2.2891e-11
5.6949e-11,3.4128e-11,1.3235e-11
8.0793e-12,3.5411e-11,2.1178e-11
1.6868e-11,3.6307e-11,2.1417e-11
2.4336e-11,6.4813e-11,1.8456e-11
1.6144e-11,2.8684e-11,2.2857e-11
2.37e-11,6.211e-11,4.4867e-11
1.0773e-11,1.3925e-11,2.8736e-11
4.9477e-11,1.632e-11,7.3807e-12
5.4115e-11,1.9692e-11,9.5853e-12
1.1542e-11,2.8406e-11,3.2109e-11
4.737e-11,1.5777e-11,8.099e-12
4.4146e-11,1.701e-11,1.1628e-11
6.5394e-11,2.6137e-11,1.1809e-11
2.5339e-11,5.9192e-11,4.4183e-11
1.1894e-11,3.9655e-11,2.2704e-11
1.4889e-11,3.0889e-11,2.6276e-11
5.2376e-11,2.0677e-11,8.3768e-12
1.695e-11,3.7156e-11,2.0929e-11
1.8229e-11,3.3553e-11,3.4633e-11
3.1537e-11,3.5294e-11,1.1998e-11
1.6377e-11,2.5385e-11,2.7268e-11
3.8201e-11,1.7181e-11,9.3501e-12
1.8455e-11,2.3778e-11,2.8207e-11
3.5529e-11,3.1234e-11,1.4925e-11
2.0441e-11,3.9891e-11,2.0334e-11
6.5932e-11,2.6468e-11,9.9175e-12
6.9046e-11,2.7878e-11,1.1205e-11
2.1149e-11,4.0951e-11,2.144e-11
3.353e-11,2.4908e-11,1.1188e-11
1.4981e-11,3.4669e-11,2.6198e-11
2.0413e-11,4.2001e-11,2.4384e-11
1.7724e-11,2.4979e-11,3.2491e-11
3.2203e-11,1.3885e-11,1.2734e-11
1.8931e-11,2.3913e-11,2.9993e-11
3.0477e-11,2.644e-11,1.3833e-11
1.4588e-11,1.3408e-11,3.1877e-11
2.0207e-11,2.3848e-11,1.8772e-11
1.4136e-11,2.1616e-11,1.7661e-11
2.1134e-11,1.3804e-11,3.0609e-11
6.2264e-11,2.7296e-11,1.9954e-11
2.23e-11,1.0973e-11,3.0698e-11
5.9268e-11,2.5034e-11,2.0562e-11
2.2101e-11,1.0477e-11,2.5738e-11
4.8796e-11,2.6551e-11,2.4421e-11
4.8663e-11,2.6815e-11,2.7131e-11
1.9096e-11,1.4781e-11,2.1193e-11
2.657e-11,1.0089e-11,2.0207e-11
4.6174e-11,1.5903e-11,3.2804e-11
2.9019e-11,1.6987e-11,3.2794e-11
4.3942e-11,1.5007e-11,3.1936e-11
4.3798e-11,2.5488e-11,4.6851e-11
3.2786e-11,1.0777e-11,3.5546e-11
3.8192e-11,1.2536e-11,4.2191e-11
4.0101e-11,2.537e-11,6.9731e-12
5.4205e-12,3.6527e-11,1.7905e-11
5.9462e-12,5.0004e-11,1.6041e-11
3.7294e-11,4.085e-11,8.8444e-12
3.2249e-11,4.7297e-11,8.3295e-12
8.7953e-12,3.9908e-11,1.8961e-11
8.3389e-12,4.2555e-11,1.8348e-11
4.6888e-11,2.8644e-11,1.0454e-11
1.0044e-11,3.8026e-11,1.677e-11
6.0197e-12,4.4401e-11,1.9398e-11
5.2763e-12,4.1914e-11,2.013e-11
7.8047e-12,2.9793e-11,2.6856e-11
3.8983e-11,4.7275e-11,1.0562e-11
5.5121e-11,2.1661e-11,7.9628e-12
8.7943e-12,2.7166e-11,3.0657e-11
4.844e-11,1.581e-11,1.1997e-11
9.8653e-12,1.2667e-11,3.2394e-11
3.7872e-11,5.0818e-11,1.4723e-11
4.6326e-11,1.7056e-11,7.0222e-12
5.3548e-11,1.9649e-11,9.079e-12
3.5414e-11,5.3803e-11,1.7478e-11
4.8928e-11,1.9671e-11,8.8776e-12
1.1675e-11,1.0947e-11,3.5383e-11
2.8436e-11,5.5263e-11,4.4774e-11
5.9533e-11,2.88e-11,1.4796e-11
1.854e-11,2.9963e-11,2.8657e-11
1.3656e-11,2.4591e-11,2.5524e-11
1.6344e-11,3.6049e-11,1.8614e-11
2.6967e-11,3.6971e-11,3.9098e-11
1.711e-11,1.0623e-11,3.1999e-11
1.3969e-11,2.0916e-11,1.9997e-11
2.2567e-11,2.7598e-11,1.5648e-11
4.3159e-11,1.9224e-11,2.0091e-11
2.1559e-11,2.097e-11,1.5785e-11
5.2702e-11,2.4741e-11,1.9742e-11
5.1602e-11,2.4061e-11,2.4957e-11
2.3106e-11,1.3243e-11,1.7815e-11
2.0281e-11,1.6874e-11,1.8037e-11
2.5545e-11,1.1473e-11,1.9952e-11
6.0266e-11,2.7211e-11,3.5417e-11
3.5093e-11,2.816e-11,3.9692e-11
2.833e-11,1.9447e-11,3.3503e-11
4.2908e-11,3.0407e-11,4.1685e-11
3.155e-11,2.2155e-11,3.5686e-11
2.5014e-11,9.1724e-12,2.6984e-11
2.3931e-11,7.0023e-12,2.4571e-11
3.1407e-11,1.5181e-11,3.3507e-11
4.3113e-11,1.3421e-11,3.2622e-11
3.7586e-11,1.6975e-11,3.9029e-11
4.3119e-11,1.0333e-11,5.107e-11
4.1355e-11,8.4368e-12,4.485e-11
4.9489e-12,4.5772e-11,1.6631e-11
6.5274e-12,4.6672e-11,1.5484e-11
6.4279e-12,4.6742e-11,1.56e-11
4.5847e-11,2.8366e-11,9.1191e-12
4.7962e-11,3.4204e-11,1.1161e-11
8.3469e-12,1.4136e-11,2.5343e-11
4.3719e-11,4.4284e-11,1.1218e-11
9.7488e-12,3.967e-11,2.2394e-11
1.2492e-11,2.6782e-11,2.0947e-11
1.3703e-11,2.6122e-11,2.9946e-11
4.3608e-11,1.5663e-11,8.0488e-12
6.6988e-11,2.7859e-11,1.1379e-11
2.9061e-11,5.6858e-11,1.6544e-11
3.5683e-11,4.1497e-11,9.8393e-12
3.3144e-11,5.3659e-11,1.6735e-11
2.4601e-11,5.9125e-11,4.2172e-11
1.7462e-11,3.5548e-11,3.0932e-11
4.8201e-11,1.9302e-11,7.9667e-12
9.8577e-12,3.1533e-11,3.3669e-11
5.0409e-11,1.7938e-11,1.0205e-11
2.7783e-11,3.9617e-11,1.9534e-11
3.7389e-11,1.7347e-11,1.1697e-11
2.1384e-11,3.8815e-11,1.7016e-11
2.1967e-11,3.8808e-11,1.5784e-11
2.027e-11,3.561e-11,1.5116e-11
6.7784e-11,3.0488e-11,1.4149e-11
2.7282e-11,3.6988e-11,1.472e-11
6.2026e-11,2.6878e-11,1.1413e-11
1.9528e-11,3.7814e-11,1.8853e-11
2.0765e-11,2.4243e-11,3.1416e-11
5.0242e-11,2.0543e-11,1.7031e-11
2.2188e-11,1.9846e-11,1.4812e-11
3.8741e-11,4.3708e-11,4.951e-11
2.1166e-11,1.6757e-11,1.5367e-11
5.7466e-11,2.541e-11,2.1635e-11
5.964e-11,2.7268e-11,2.3866e-11
1.9037e-11,1.3259e-11,1.6918e-11
4.6644e-11,2.1343e-11,3.1688e-11
6.5231e-11,2.9447e-11,3.38e-11
4.218e-11,3.3673e-11,4.1799e-11
2.6685e-11,1.8986e-11,3.2086e-11
2.6984e-11,9.4199e-12,2.107e-11
2.1941e-11,1.2703e-11,2.123e-11
2.2153e-11,7.9354e-12,2.1116e-11
2.6962e-11,8.3152e-12,2.1734e-11
2.4392e-11,1.1932e-11,2.3064e-11
4.0102e-11,2.3913e-11,4.3137e-11
2.9002e-11,1.0162e-11,2.6165e-11
4.0622e-11,6.7031e-12,4.3155e-11
4.3193e-11,7.0733e-12,4.603e-11
1.1798e-11,4.6476e-11,1.8201e-11
2.8733e-11,4.5207e-11,8.5365e-12
3.7026e-11,2.0315e-11,7.7471e-12
3.0956e-11,4.4894e-11,8.9094e-12
9.4865e-12,2.9947e-11,2.8255e-11
7.8497e-12,3.9284e-11,1.6137e-11
4.0023e-11,3.7879e-11,1.1219e-11
6.7992e-12,2.833e-11,1.7639e-11
5.2973e-11,2.4693e-11,8.5293e-12
3.4091e-11,6.6724e-11,2.4212e-11
4.6992e-11,1.4964e-11,8.9931e-12
2.4176e-11,6.701e-11,1.6097e-11
3.1973e-11,6.4295e-11,2.852e-11
9.1738e-12,3.8424e-11,2.1781e-11
3.7163e-11,4.26e-11,9.2553e-12
3.553e-11,5.5576e-11,1.89e-11
9.1773e-12,1.1934e-11,2.8201e-11
1.3124e-11,3.3104e-11,2.2102e-11
1.2068e-11,3.1224e-11,2.7975e-11
3.0714e-11,4.856e-11,1.7393e-11
1.3281e-11,2.3761e-11,3.0898e-11
5.037e-11,1.7407e-11,1.213e-11
5.6521e-11,2.4208e-11,1.3147e-11
1.415e-11,2.7852e-11,3.0993e-11
1.5777e-11,2.2602e-11,2.8459e-11
2.1233e-11,3.9098e-11,1.7245e-11
1.4117e-11,2.0949e-11,3.1862e-11
2.0583e-11,3.8331e-11,1.7193e-11
1.87e-11,3.8709e-11,1.9961e-11
1.1266e-11,2.5158e-11,2.23e-11
3.0666e-11,2.8068e-11,1.4017e-11
3.4352e-11,2.8285e-11,1.7821e-11
3.1023e-11,4.4993e-11,4.4681e-11
1.6946e-11,1.3943e-11,3.0461e-11
1.7442e-11,9.4385e-12,2.977e-11
1.4335e-11,1.3823e-11,2.553e-11
3.096e-11,1.7225e-11,1.5423e-11
3.3167e-11,4.0129e-11,4.2752e-11
1.874e-11,1.2632e-11,2.7551e-11
4.5428e-11,2.2552e-11,1.9982e-11
4.0765e-11,4.0562e-11,4.9883e-11
3.99e-11,1.7912e-11,2.2983e-11
3.2302e-11,2.3879e-11,3.7439e-11
2.1768e-11,1.604e-11,1.9076e-11
5.6666e-11,2.7365e-11,2.8553e-11
3.0346e-11,9.5726e-12,1.8389e-11
2.1538e-11,1.103e-11,2.2337e-11
2.4839e-11,1.472e-11,2.9621e-11
3.0345e-11,1.3198e-11,2.9957e-11
2.7991e-11,5.9704e-12,2.8729e-11
4.2768e-11,9.4201e-12,4.9335e-11
4.3201e-11,6.9427e-12,4.5154e-11
5.6665e-12,4.7061e-11,1.4526e-11
2.7324e-11,4.5296e-11,8.4445e-12
7.8416e-12,2.5224e-11,2.5533e-11
5.6785e-12,2.1771e-11,2.4647e-11
6.6769e-12,4.4427e-11,1.499e-11
3.6267e-11,2.1962e-11,8.1499e-12
4.4371e-11,3.4906e-11,1.0331e-11
6.4145e-12,4.1263e-11,1.7823e-11
3.845e-11,4.2911e-11,1.1616e-11
4.2506e-11,4.2851e-11,7.2313e-12
4.0577e-11,3.8854e-11,1.2221e-11
7.4169e-12,3.4459e-11,1.7644e-11
1.111e-11,3.3694e-11,2.5111e-11
1.4421e-11,3.0676e-11,2.6747e-11
2.5793e-11,6.9155e-11,1.4039e-11
1.1651e-11,1.1126e-11,2.6251e-11
9.9155e-12,1.7284e-11,2.9767e-11
1.6071e-11,4.1276e-11,2.6707e-11
2.0756e-11,5.8556e-11,2.726e-11
2.1651e-11,6.2597e-11,2.2669e-11
4.0581e-11,4.1655e-11,1.0278e-11
1.7154e-11,4.1933e-11,3.1549e-11
1.2877e-11,3.5388e-11,2.6668e-11
2.2527e-11,6.4167e-11,1.8833e-11
2.9198e-11,5.5167e-11,1.4212e-11
3.3569e-11,4.8788e-11,1.1553e-11
1.544e-11,3.0444e-11,2.7632e-11
3.0909e-11,5.1389e-11,1.9298e-11
2.6941e-11,4.2874e-11,1.6944e-11
2.4405e-11,4.1832e-11,1.8457e-11
3.9586e-11,1.4096e-11,9.3036e-12
2.8115e-11,5.4083e-11,4.1024e-11
2.3529e-11,4.1504e-11,1.9316e-11
2.7329e-11,4.0496e-11,1.6376e-11
1.168e-11,8.5866e-12,3.4115e-11
3.6048e-11,2.6509e-11,1.4021e-11
1.4187e-11,1.7148e-11,3.2366e-11
1.9856e-11,3.6012e-11,1.5598e-11
4.5364e-11,1.8176e-11,1.1375e-11
1.6421e-11,1.7739e-11,2.8182e-11
3.9648e-11,1.8555e-11,1.3201e-11
3.5297e-11,1.4742e-11,1.1449e-11
5.5995e-11,2.5398e-11,9.956e-12
6.1258e-11,2.4997e-11,1.2978e-11
4.7414e-11,2.1711e-11,1.042e-11
1.7673e-11,3.5507e-11,1.9359e-11
3.1843e-11,1.1871e-11,1.21e-11
4.8647e-11,2.3281e-11,1.4312e-11
1.7524e-11,1.3648e-11,2.7529e-11
3.7085e-11,1.6036e-11,1.615e-11
2.301e-11,1.8535e-11,3.0625e-11
5.7236e-11,2.4613e-11,1.6178e-11
4.3287e-11,1.9543e-11,3.1814e-11
6.1241e-11,3.0758e-11,4.0111e-11
5.627e-11,2.4911e-11,3.599e-11
4.0151e-11,1.3993e-11,2.8038e-11
3.1474e-11,1.1979e-11,2.3365e-11
2.9308e-11,1.7916e-11,3.2987e-11
2.9207e-11,1.8618e-11,3.3739e-11
4.2393e-11,1.2966e-11,2.9877e-11
2.719e-11,5.25e-12,2.4439e-11
3.3198e-11,1.5427e-11,3.5297e-11
3.5098e-11,6.9766e-12,2.8881e-11
3.795e-11,5.3583e-12,3.8843e-11
4.917e-11,1.1484e-11,4.563e-11
4.7522e-11,6.2673e-12,3.9528e-11
4.4034e-11,1.1877e-11,5.1202e-11
4.1365e-11,9.4968e-12,4.8738e-11
2.776e-11,3.8323e-11,8.6218e-12
2.7263e-11,4.9188e-11,9.1455e-12
8.9395e-12,2.5963e-11,2.516e-11
3.5491e-11,2.4387e-11,9.7176e-12
1.0271e-11,4.3697e-11,3.2746e-11
4.3634e-11,2.534e-11,7.9979e-12
3.956e-11,4.1672e-11,1.0736e-11
4.529e-11,3.6246e-11,1.1174e-11
4.732e-11,1.4086e-11,9.004e-12
8.8857e-12,3.7817e-11,2.1181e-11
7.071e-12,3.653e-11,1.9555e-11
3.0449e-11,6.2973e-11,2.8193e-11
1.1035e-11,2.9693e-11,2.0156e-11
1.1958e-11,2.6601e-11,2.5331e-11
5.7254e-11,2.4248e-11,1.1046e-11
2.7278e-11,4.5345e-11,1.7915e-11
1.1601e-11,2.4478e-11,2.8972e-11
2.5945e-11,4.9284e-11,2.6451e-11
2.3423e-11,4.3528e-11,2.3785e-11
2.9519e-11,4.9917e-11,4.3172e-11
1.3235e-11,9.0101e-12,3.4616e-11
4.8087e-11,2.4128e-11,1.3288e-11
2.9731e-11,1.3365e-11,1.3025e-11
1.5265e-11,9.8099e-12,2.9485e-11
2.3559e-11,2.0642e-11,3.2009e-11
1.2293e-11,2.0384e-11,1.7191e-11
1.821e-11,1.5354e-11,2.8294e-11
3.9281e-11,1.7226e-11,2.5284e-11
2.1496e-11,1.5356e-11,2.8272e-11
5.5256e-11,2.428e-11,4.0895e-11
3.0653e-11,1.9207e-11,3.3227e-11
2.3957e-11,7.3683e-12,2.5348e-11
2.4987e-11,7.0175e-12,2.2996e-11
3.3539e-11,1.544e-11,3.5352e-11
3.7331e-11,1.1246e-11,3.0103e-11
2.568e-11,5.7749e-12,2.5747e-11
3.8059e-11,1.3755e-11,3.7422e-11
4.1196e-11,7.8821e-12,3.4186e-11
5.1842e-11,1.2204e-11,4.8316e-11
4.5871e-11,4.9654e-12,4.5151e-11
3.5051e-11,2.951e-11,8.3561e-12
8.5801e-12,2.3907e-11,2.0713e-11
4.1305e-11,1.6094e-11,5.0414e-12
9.1052e-12,3.532e-11,3.0251e-11
3.9454e-11,2.1292e-11,9.9225e-12
7.5886e-12,2.1885e-11,2.3556e-11
3.7314e-11,3.6649e-11,1.0404e-11
4.0914e-11,1.7925e-11,1.0163e-11
4.0929e-11,2.8747e-11,9.0135e-12
3.6913e-11,4.2199e-11,1.0339e-11
2.915e-11,6.6344e-11,2.9094e-11
4.9091e-11,2.2928e-11,9.3301e-12
2.0251e-11,4.6828e-11,3.4517e-11
4.1708e-11,2.8158e-11,8.8125e-12
2.6343e-11,5.0812e-11,1.5772e-11
3.6126e-11,2.324e-11,9.2094e-12
1.5913e-11,2.5138e-11,2.531e-11
1.1891e-11,2.5302e-11,2.1983e-11
1.2629e-11,1.59e-11,2.9781e-11
3.5569e-11,1.3752e-11,9.7061e-12
4.8871e-11,1.9148e-11,1.1253e-11
3.6008e-11,1.6362e-11,1.0026e-11
5.3077e-11,2.6056e-11,1.5568e-11
1.9209e-11,3.7441e-11,1.7144e-11
3.1321e-11,1.7991e-11,1.1454e-11
6.5074e-11,2.7314e-11,1.2964e-11
1.0956e-11,7.985e-12,3.2759e-11
2.7004e-11,3.1479e-11,1.8475e-11
2.7923e-11,3.1165e-11,1.8022e-11
1.7326e-11,3.6406e-11,1.7729e-11
3.2473e-11,2.8599e-11,1.8433e-11
1.1603e-11,2.2666e-11,2.557e-11
2.0558e-11,2.497e-11,2.7962e-11
3.0918e-11,2.4042e-11,1.5275e-11
1.3699e-11,9.583e-12,3.2731e-11
2.6696e-11,1.143e-11,1.2743e-11
1.2164e-11,1.9878e-11,1.9187e-11
1.7121e-11,8.1998e-12,2.4867e-11
3.6462e-11,1.9166e-11,1.8858e-11
3.3176e-11,1.5115e-11,1.9843e-11
1.9979e-11,1.481e-11,2.8542e-11
4.328e-11,3.4494e-11,4.4744e-11
3.9199e-11,1.9543e-11,2.4882e-11
1.8892e-11,1.5016e-11,1.9049e-11
5.6184e-11,2.9973e-11,3.5348e-11
5.1885e-11,2.47e-11,3.2993e-11
2.3122e-11,1.2895e-11,2.8667e-11
4.4319e-11,3.3023e-11,4.0352e-11
2.2934e-11,8.25e-12,2.4313e-11
3.1313e-11,1.1653e-11,2.3792e-11
2.8691e-11,9.6143e-12,2.7543e-11
5.1122e-11,6.0334e-12,4.1152e-11
1.2023e-11,2.4298e-11,2.5409e-11
2.511e-11,4.3959e-11,8.4947e-12
6.4794e-12,4.3341e-11,1.4847e-11
3.911e-11,1.4169e-11,8.6606e-12
3.879e-11,1.9153e-11,9.1524e-12
2.6612e-11,4.9667e-11,1.0834e-11
1.2228e-11,4.5668e-11,3.2332e-11
4.2763e-11,4.7722e-11,9.6679e-12
1.7916e-11,5.3924e-11,2.2389e-11
3.2158e-11,6.3951e-11,1.7068e-11
4.3088e-11,1.6013e-11,9.7145e-12
4.1543e-11,2.2536e-11,1.0874e-11
3.3247e-11,2.7687e-11,9.5094e-12
3.567e-11,2.1363e-11,8.9274e-12
1.3002e-11,1.792e-11,2.1037e-11
4.9933e-11,2.1989e-11,1.4326e-11
2.1113e-11,4.0846e-11,2.0136e-11
2.5381e-11,3.2771e-11,1.2975e-11
2.201e-11,2.8232e-11,2.8104e-11
6.1035e-11,2.7404e-11,1.2816e-11
3.7336e-11,1.4877e-11,1.3166e-11
1.3292e-11,1.0612e-11,3.322e-11
1.0413e-11,2.3348e-11,2.405e-11
1.3186e-11,3.4442e-11,1.9845e-11
3.2207e-11,4.7546e-11,4.2771e-11
1.5103e-11,1.6265e-11,2.3641e-11
1.3732e-11,1.2725e-11,2.5067e-11
3.1742e-11,3.7045e-11,3.8772e-11
2.0649e-11,1.8115e-11,2.9447e-11
3.6766e-11,1.8972e-11,1.5113e-11
5.5706e-11,2.9467e-11,2.0246e-11
3.4833e-11,3.4632e-11,3.9999e-11
4.8465e-11,2.1075e-11,2.3279e-11
3.9202e-11,1.655e-11,2.3401e-11
5.845e-11,3.3333e-11,4.3906e-11
4.4596e-11,3.2418e-11,4.0051e-11
2.6545e-11,1.0927e-11,1.9911e-11
1.8629e-11,1.8075e-11,2.3573e-11
3.87e-11,1.2584e-11,2.8072e-11
2.9449e-11,1.3138e-11,2.5048e-11
2.7907e-11,1.81e-11,3.0687e-11
2.4937e-11,7.9976e-12,2.3581e-11
3.9468e-11,1.0817e-11,2.8026e-11
3.4479e-11,1.2894e-11,3.4343e-11
4.2908e-11,1.3331e-11,4.3554e-11
3.5809e-11,8.6725e-12,4.0455e-11
4.7888e-11,1.5101e-11,4.8384e-11
3.5598e-11,6.3684e-12,4.0002e-11
4.1888e-11,9.3328e-12,4.76e-11
3.1661e-11,3.2116e-11,8.4259e-12
2.7681e-11,3.8075e-11,1.1243e-11
1.4319e-11,2.966e-11,1.8317e-11
3.8026e-11,2.7217e-11,6.8805e-12
4.1788e-11,4.1094e-11,9.9068e-12
2.8231e-11,4.3564e-11,1.0147e-11
8.4577e-12,2.9803e-11,1.5487e-11
3.907e-11,2.8243e-11,8.741e-12
1.9411e-11,7.4294e-11,4.3682e-11
3.0586e-11,5.3312e-11,1.4547e-11
4.3527e-11,1.7357e-11,8.889e-12
2.9584e-11,6.2186e-11,2.1118e-11
3.8504e-11,4.5162e-11,1.2184e-11
1.5358e-11,4.2129e-11,3.092e-11
3.6152e-11,4.3755e-11,1.0222e-11
1.1519e-11,2.5684e-11,2.1687e-11
2.1189e-11,6.1375e-11,4.0462e-11
1.1142e-11,3.447e-11,2.3204e-11
4.0988e-11,3.9575e-11,1.5877e-11
1.1295e-11,1.7951e-11,2.0888e-11
3.9423e-11,3.4426e-11,8.2351e-12
5.8472e-12,2.7531e-11,1.6472e-11
1.5863e-11,4.0073e-11,2.8471e-11
3.8697e-11,4.0282e-11,1.0111e-11
6.4312e-12,2.4141e-11,1.6237e-11
1.9828e-11,5.8048e-11,2.4714e-11
3.4912e-11,2.7378e-11,8.9415e-12
1.2169e-11,2.5748e-11,2.2686e-11
5.0091e-11,2.0807e-11,1.2952e-11
2.8737e-11,6.0618e-11,4.3109e-11
2.1996e-11,3.8684e-11,2.2548e-11
5.2229e-11,2.4509e-11,1.2839e-11
1.6003e-11,2.0651e-11,2.2634e-11
1.1522e-11,1.3036e-11,2.8576e-11
5.2714e-11,2.8163e-11,1.5779e-11
1.2498e-11,1.9045e-11,2.9951e-11
1.3794e-11,1.5921e-11,2.2238e-11
2.9556e-11,2.5607e-11,1.6795e-11
4.7271e-11,2.2674e-11,1.5289e-11
1.0643e-11,2.3483e-11,2.4771e-11
3.2085e-11,4.4127e-11,4.0841e-11
2.271e-11,2.5745e-11,2.8073e-11
5.1747e-11,2.4914e-11,1.7205e-11
1.9987e-11,1.7686e-11,2.5857e-11
5.7268e-11,2.9958e-11,2.1552e-11
2.5292e-11,9.8081e-12,1.2829e-11
1.8744e-11,1.4938e-11,2.6392e-11
1.7152e-11,9.4919e-12,2.5062e-11
3.8161e-11,4.1286e-11,4.5062e-11
2.4606e-11,1.5671e-11,2.8333e-11
1.7028e-11,9.3287e-12,2.3449e-11
2.0845e-11,1.476e-11,2.633e-11
4.4963e-11,3.5346e-11,4.3215e-11
1.5885e-11,1.6663e-11,1.9189e-11
2.1673e-11,8.7041e-12,1.9295e-11
2.5163e-11,7.8527e-12,1.8464e-11
1.6691e-11,7.2008e-12,1.7404e-11
2.9436e-11,1.1297e-11,2.3534e-11
2.0367e-11,8.8668e-12,1.998e-11
4.3575e-11,1.1184e-11,3.2723e-11
3.476e-11,5.7691e-12,2.8664e-11
2.9558e-11,9.1666e-12,3.406e-11
3.0509e-11,8.8819e-12,3.4455e-11
4.5667e-11,4.1866e-12,4.5439e-11
5.6447e-12,3.2368e-11,1.4855e-11
1.0612e-11,3.6865e-11,1.5978e-11
7.8842e-12,4.3278e-11,1.4973e-11
2.5805e-11,3.6705e-11,8.3501e-12
3.0482e-11,2.8694e-11,8.6509e-12
5.2033e-12,2.2715e-11,1.7319e-11
6.8417e-12,4.1521e-11,1.4127e-11
3.3814e-11,2.3816e-11,8.4457e-12
2.6758e-11,3.9484e-11,1.0209e-11
4.426e-11,1.6191e-11,7.8571e-12
7.0602e-12,1.7209e-11,2.2841e-11
8.1066e-12,1.0705e-11,2.3716e-11
1.1217e-11,2.1102e-11,2.1439e-11
5.8673e-12,3.0129e-11,1.5961e-11
1.1506e-11,1.2277e-11,2.7386e-11
7.8265e-12,1.7462e-11,1.7469e-11
1.0214e-11,2.9251e-11,2.4127e-11
3.5343e-11,3.538e-11,9.7987e-12
2.5777e-11,5.3932e-11,3.8544e-11
2.502e-11,4.1563e-11,1.4515e-11
9.7069e-12,1.5469e-11,3.347e-11
1.5521e-11,1.5101e-11,3.0007e-11
2.8676e-11,3.7143e-11,1.1716e-11
4.8116e-11,2.652e-11,1.6533e-11
2.4906e-11,4.0795e-11,3.3663e-11
1.2082e-11,9.2818e-12,2.8943e-11
2.9705e-11,3.1625e-11,1.6323e-11
4.2154e-11,1.5662e-11,9.9457e-12
4.0563e-11,1.6128e-11,9.1426e-12
3.1114e-11,2.5203e-11,1.4914e-11
1.1011e-11,1.2362e-11,2.8588e-11
4.063e-11,2.1994e-11,1.0413e-11
2.0569e-11,2.5792e-11,2.0247e-11
2.0097e-11,2.543e-11,2.0373e-11
4.8331e-11,2.5693e-11,2.0304e-11
3.8338e-11,1.731e-11,1.4489e-11
4.6331e-11,2.3437e-11,1.717e-11
6.0158e-11,2.8488e-11,2.2616e-11
1.6434e-11,8.6859e-12,2.2999e-11
3.8453e-11,1.6909e-11,2.231e-11
4.1979e-11,3.2213e-11,4.0577e-11
3.6115e-11,1.6963e-11,2.6481e-11
3.3938e-11,2.5044e-11,3.3669e-11
2.0372e-11,8.4606e-12,1.932e-11
5.0996e-11,2.3554e-11,3.8788e-11
2.0139e-11,1.2451e-11,2.2777e-11
3.9516e-11,3.1405e-11,3.6867e-11
3.0129e-11,2.0219e-11,3.0067e-11
3.8275e-11,2.6474e-11,3.737e-11
3.0675e-11,1.9921e-11,3.2246e-11
2.9006e-11,1.6655e-11,3.2858e-11
4.0276e-11,2.5904e-11,4.2339e-11
3.4461e-11,1.6195e-11,3.5522e-11
3.5113e-11,8.9954e-12,3.0609e-11
3.8127e-11,7.6822e-12,4.3909e-11
4.1243e-12,3.8354e-11,1.202e-11
3.4201e-11,3.0445e-11,9.957e-12
3.7414e-11,3.0012e-11,9.7252e-12
9.1019e-12,2.6269e-11,1.4912e-11
3.6015e-11,4.8343e-11,1.3101e-11
9.6598e-12,1.2949e-11,2.226e-11
4.1345e-11,1.568e-11,9.61e-12
7.6843e-12,3.0538e-11,1.9331e-11
3.7109e-11,3.616e-11,1.2823e-11
5.8918e-12,3.0944e-11,1.6974e-11
1.5109e-11,3.8895e-11,2.8497e-11
4.1672e-11,3.4868e-11,1.2703e-11
2.715e-11,5.6141e-11,2.5357e-11
4.4671e-11,3.7734e-11,1.3581e-11
2.6929e-11,5.5156e-11,2.6639e-11
8.0166e-12,1.2328e-11,2.4797e-11
3.6894e-11,4.3715e-11,1.6146e-11
9.8912e-12,1.9359e-11,2.7264e-11
2.2054e-11,4.611e-11,1.8523e-11
1.0001e-11,8.8268e-12,2.6483e-11
3.5135e-11,1.7834e-11,9.855e-12
4.3643e-11,1.8333e-11,1.0629e-11
4.0724e-11,1.8146e-11,1.3208e-11
1.6668e-11,3.5263e-11,2.5687e-11
3.1213e-11,5.5013e-11,4.3625e-11
3.7101e-11,1.678e-11,1.0365e-11
2.6549e-11,3.6295e-11,3.4068e-11
1.1903e-11,3.3873e-11,2.0684e-11
1.5936e-11,1.4803e-11,2.2028e-11
4.8553e-11,2.2949e-11,1.4197e-11
1.3119e-11,1.4343e-11,2.5291e-11
2.251e-11,1.9328e-11,2.6406e-11
1.7978e-11,1.1964e-11,3.0333e-11
2.2339e-11,1.352e-11,1.5129e-11
1.9452e-11,1.8747e-11,1.5355e-11
2.7581e-11,2.0474e-11,3.0275e-11
5.056e-11,2.3598e-11,1.8983e-11
3.011e-11,1.4756e-11,1.808e-11
1.4495e-11,1.4474e-11,1.7926e-11
1.5175e-11,1.6146e-11,1.9312e-11
4.4413e-11,2.2469e-11,2.5077e-11
5.3836e-11,3.6073e-11,4.2239e-11
2.0424e-11,1.1842e-11,1.774e-11
2.7691e-11,1.6085e-11,2.9516e-11
4.0596e-11,1.075e-11,3.099e-11
4.136e-11,2.3061e-11,4.1045e-11
4.2587e-11,1.804e-11,4.3027e-11
3.6915e-11,2.5166e-12,3.4415e-11
4.0036e-11,6.6834e-12,3.4484e-11
3.6595e-11,2.6018e-11,1.0085e-11
6.6057e-12,2.0731e-11,1.7391e-11
8.867e-12,2.8294e-11,1.4686e-11
3.6738e-11,4.5448e-11,8.209e-12
4.1271e-11,3.6118e-11,1.23e-11
3.5834e-11,2.1006e-11,8.7495e-12
1.0054e-11,2.2329e-11,2.211e-11
5.2514e-12,3.0161e-11,1.5901e-11
3.2004e-11,4.3109e-11,1.0402e-11
9.4397e-12,1.9955e-11,1.7605e-11
2.9912e-11,5.9258e-11,2.2562e-11
1.9501e-11,4.1947e-11,2.0337e-11
4.6482e-11,3.0157e-11,1.1782e-11
2.5921e-11,6.0335e-11,4.049e-11
4.824e-11,2.3847e-11,1.3302e-11
2.3014e-11,4.8728e-11,2.0492e-11
4.6089e-11,2.4062e-11,1.2377e-11
5.0195e-11,3.098e-11,1.4864e-11
1.3508e-11,2.1716e-11,2.0394e-11
1.5572e-11,2.0813e-11,2.032e-11
4.4298e-11,1.807e-11,1.3861e-11
1.1753e-11,1.2341e-11,2.667e-11
3.1429e-11,1.718e-11,1.0402e-11
3.7573e-11,1.7828e-11,1.2712e-11
4.6304e-11,2.5949e-11,1.7036e-11
2.9597e-11,9.8859e-12,1.0221e-11
3.2114e-11,4.5666e-11,4.0233e-11
1.7364e-11,1.2223e-11,2.9209e-11
2.6991e-11,1.9274e-11,2.8981e-11
2.0198e-11,1.2216e-11,1.5966e-11
3.2893e-11,1.5627e-11,1.9581e-11
1.4608e-11,8.481e-12,1.7349e-11
5.3231e-11,3.7195e-11,4.5934e-11
1.6663e-11,9.572e-12,1.8719e-11
1.8633e-11,8.5714e-12,1.6967e-11
2.6053e-11,1.8738e-11,2.6955e-11
5.3887e-11,2.1669e-11,3.4349e-11
5.1707e-11,2.9057e-11,5.1083e-11
5.7203e-11,2.2739e-11,3.548e-11
2.9985e-11,8.769e-12,2.2365e-11
4.791e-11,2.9646e-11,4.3505e-11
2.239e-11,5.0875e-12,1.987e-11
2.5406e-11,9.0028e-12,2.8834e-11
2.9686e-11,1.0334e-11,2.9988e-11
4.5193e-11,2.5329e-11,4.383e-11
4.5861e-11,1.6483e-11,4.8059e-11
5.051e-11,1.1565e-11,4.9372e-11
3.1561e-11,1.425e-11,6.4375e-12
3.24e-11,2.0621e-11,8.2909e-12
2.3943e-11,3.5754e-11,8.5425e-12
4.3479e-12,2.9277e-11,1.3604e-11
1.3672e-11,4.767e-11,3.0753e-11
7.0533e-12,3.7592e-11,1.4433e-11
3.3258e-11,3.3534e-11,1.0582e-11
8.877e-12,1.726e-11,2.006e-11
9.0706e-12,2.8639e-11,1.5068e-11
1.6111e-11,3.4366e-11,2.5574e-11
3.1665e-11,6.3391e-11,1.358e-11
7.1132e-12,2.8935e-11,2.0101e-11
6.8336e-12,2.1043e-11,1.5743e-11
2.3773e-11,5.9912e-11,3.9562e-11
1.6524e-11,2.7033e-11,2.3879e-11
4.6868e-11,3.1937e-11,1.5396e-11
1.3284e-11,2.1959e-11,1.9871e-11
4.6212e-11,3.2112e-11,1.5816e-11
4.6484e-11,2.2054e-11,1.2209e-11
1.0265e-11,1.831e-11,2.6599e-11
5.2072e-11,2.6284e-11,1.2998e-11
3.6693e-11,2.2191e-11,1.4847e-11
2.6563e-11,3.3885e-11,1.3385e-11
1.0008e-11,2.2708e-11,2.2606e-11
4.0155e-11,2.1032e-11,1.25e-11
3.9662e-11,1.9241e-11,1.1355e-11
2.9047e-11,1.0591e-11,1.0632e-11
2.7963e-11,9.6196e-12,1.0877e-11
2.4639e-11,1.79e-11,2.7108e-11
1.5977e-11,1.1324e-11,2.5274e-11
2.8015e-11,1.9813e-11,2.9241e-11
1.6936e-11,9.5918e-12,2.264e-11
3.7144e-11,1.7573e-11,2.2696e-11
2.1779e-11,7.398e-12,1.9505e-11
2.2796e-11,1.1365e-11,2.5636e-11
4.2686e-11,2.4409e-11,3.9088e-11
1.9457e-11,1.0265e-11,1.9815e-11
3.6693e-11,9.9395e-12,2.8607e-11
2.4122e-11,9.0825e-12,2.8094e-11
3.5381e-11,1.7328e-11,3.6535e-11
3.2391e-11,1.1575e-11,3.1439e-11
4.1777e-11,1.7737e-11,4.2266e-11
3.2099e-11,5.3163e-12,3.12e-11
3.6351e-11,9.33e-12,3.6285e-11
4.8832e-11,9.3454e-12,4.5269e-11
4.538e-11,3.2574e-12,3.8611e-11
4.2046e-11,2.4917e-12,3.8915e-11
2.5261e-11,3.2218e-11,9.5967e-12
3.7771e-12,3.39e-11,1.1846e-11
3.4445e-11,2.2885e-11,9.6001e-12
3.5353e-11,4.072e-11,7.7982e-12
3.7932e-11,3.132e-11,6.654e-12
2.9545e-11,3.9673e-11,1.0893e-11
5.3901e-12,2.051e-11,1.4311e-11
1.248e-11,1.0312e-11,2.7653e-11
2.6764e-11,5.5795e-11,1.4738e-11
7.8326e-12,2.7204e-11,1.5106e-11
7.6314e-12,2.7491e-11,1.7623e-11
1.377e-11,2.5774e-11,2.0214e-11
2.74e-11,5.2003e-11,2.8023e-11
2.5581e-11,5.2637e-11,2.7005e-11
3.567e-11,2.3184e-11,1.5531e-11
1.7933e-11,2.3869e-11,2.3041e-11
2.8644e-11,4.888e-11,3.8734e-11
2.5832e-11,4.1356e-11,3.3486e-11
4.9951e-11,2.6493e-11,1.4607e-11
3.111e-11,4.6467e-11,3.9671e-11
1.1704e-11,3.4324e-11,2.051e-11
4.6617e-11,2.5494e-11,1.7244e-11
1.8463e-11,2.4886e-11,2.1658e-11
4.0746e-11,2.0963e-11,1.3475e-11
2.0337e-11,2.1201e-11,2.5002e-11
2.4343e-11,1.2759e-11,1.4076e-11
1.9172e-11,1.2511e-11,1.4363e-11
4.4268e-11,1.8381e-11,1.5103e-11
1.6442e-11,1.133e-11,2.6337e-11
4.2749e-11,1.8405e-11,1.7764e-11
2.6365e-11,1.8822e-11,2.6872e-11
1.8145e-11,1.3347e-11,2.681e-11
4.498e-11,2.0923e-11,3.2119e-11
2.0291e-11,8.1027e-12,2.1665e-11
3.0794e-11,1.0162e-11,2.747e-11
3.7067e-11,1.3058e-11,3.9472e-11
2.9673e-11,6.5176e-12,2.5525e-11
3.6904e-11,1.1282e-11,4.0524e-11
4.2322e-11,3.2812e-12,4.2002e-11
3.0776e-11,2.3146e-11,8.0837e-12
2.4211e-11,3.1355e-11,9.0805e-12
2.244e-11,3.7608e-11,8.9238e-12
4.0977e-11,5.102e-11,1.4264e-11
7.3977e-12,1.6768e-11,1.9266e-11
3.2468e-11,2.0493e-11,8.6989e-12
6.1326e-12,3.5133e-11,1.3493e-11
3.4228e-11,2.2666e-11,8.8314e-12
7.5818e-12,2.6377e-11,1.3916e-11
3.1466e-11,3.3459e-11,1.046e-11
6.3093e-12,3.0089e-11,1.5583e-11
3.5778e-11,2.4924e-11,9.0212e-12
3.0026e-11,4.3208e-11,1.0798e-11
2.5937e-11,5.412e-11,1.4455e-11
6.5602e-12,1.1921e-11,1.7569e-11
7.7894e-12,2.521e-11,1.4551e-11
1.6571e-11,3.7153e-11,2.2172e-11
1.4405e-11,2.368e-11,2.1368e-11
4.1834e-11,2.6276e-11,1.2023e-11
3.8009e-11,2.3406e-11,1.3949e-11
4.4202e-11,2.5387e-11,1.2361e-11
2.3825e-11,4.0366e-11,3.2103e-11
2.2263e-11,3.4883e-11,2.8805e-11
1.4495e-11,2.1771e-11,2.1164e-11
1.5099e-11,1.5776e-11,2.1323e-11
1.4466e-11,2.0542e-11,2.05e-11
2.5088e-11,9.9001e-12,1.0989e-11
4.6981e-11,2.516e-11,1.4387e-11
1.5982e-11,1.4017e-11,2.0954e-11
4.0203e-11,1.809e-11,1.2634e-11
4.4621e-11,3.1751e-11,2.3524e-11
1.5277e-11,1.2105e-11,2.5317e-11
1.4421e-11,1.1489e-11,2.4518e-11
3.1306e-11,3.2187e-11,3.5898e-11
2.5607e-11,9.1481e-12,1.3329e-11
3.1947e-11,1.518e-11,1.5257e-11
2.2174e-11,1.3345e-11,1.5806e-11
2.9833e-11,1.4584e-11,1.7226e-11
2.03e-11,1.1354e-11,2.5723e-11
4.5616e-11,3.1333e-11,3.2669e-11
4.5947e-11,3.2669e-11,3.6476e-11
3.558e-11,1.4313e-11,2.2594e-11
3.4722e-11,2.3455e-11,3.0989e-11
3.833e-11,1.6184e-11,2.616e-11
4.2147e-11,2.403e-11,3.589e-11
3.8187e-11,1.4185e-11,2.5991e-11
4.835e-11,1.9477e-11,2.9137e-11
3.1872e-11,1.9555e-11,3.0003e-11
1.9284e-11,1.2295e-11,2.0433e-11
1.8988e-11,7.5006e-12,1.922e-11
5.0267e-11,3.0417e-11,4.9818e-11
5.0413e-11,2.1304e-11,2.5726e-11
3.0946e-11,1.7305e-11,2.8085e-11
1.8299e-11,5.0582e-12,1.9172e-11
2.2042e-11,6.6952e-12,2.2004e-11
2.6223e-11,1.0063e-11,2.5937e-11
2.3741e-11,6.6704e-12,2.4338e-11
3.2705e-11,1.0894e-11,3.0469e-11
4.207e-11,7.8585e-12,3.6233e-11
4.0616e-11,3.5325e-12,3.4132e-11
4.4828e-11,5.0451e-12,3.7028e-11
3.3206e-11,2.1055e-11,1.0238e-11
7.2459e-12,3.0512e-11,1.127e-11
3.3727e-11,2.6495e-11,9.3202e-12
1.5244e-11,5.3872e-11,3.3639e-11
3.7551e-11,2.9996e-11,6.0987e-12
4.3369e-12,2.7832e-11,1.1648e-11
6.5533e-12,2.7131e-11,1.3138e-11
4.2024e-12,2.8118e-11,1.2007e-11
1.075e-11,1.1279e-11,2.2461e-11
2.9006e-11,4.0665e-11,1.184e-11
2.1153e-11,6.4064e-11,3.8997e-11
1.0092e-11,1.726e-11,1.6518e-11
1.7203e-11,3.159e-11,2.4217e-11
1.0754e-11,1.7835e-11,2.2079e-11
2.8126e-11,6.0236e-11,4.1994e-11
2.2363e-11,4.3347e-11,3.1052e-11
4.9337e-11,2.5946e-11,1.1622e-11
1.8183e-11,3.7139e-11,1.8916e-11
1.0926e-11,2.1387e-11,2.0767e-11
4.2121e-11,2.8123e-11,1.6021e-11
9.5305e-12,1.8027e-11,2.5462e-11
4.3231e-11,1.9085e-11,1.0589e-11
1.0247e-11,1.9644e-11,2.653e-11
4.7267e-11,2.5941e-11,1.7224e-11
1.425e-11,1.3988e-11,2.1123e-11
2.6134e-11,1.4493e-11,1.5351e-11
2.945e-11,3.4884e-11,3.3807e-11
2.0577e-11,1.6274e-11,1.5656e-11
1.9798e-11,1.4534e-11,1.4642e-11
2.9733e-11,9.1109e-12,1.413e-11
4.378e-11,3.355e-11,2.796e-11
4.7597e-11,3.3827e-11,2.6923e-11
2.495e-11,1.7484e-11,2.5764e-11
3.6177e-11,2.4805e-11,2.9981e-11
1.5527e-11,8.4183e-12,2.0417e-11
3.4309e-11,1.5606e-11,2.4621e-11
1.6965e-11,6.5438e-12,1.9204e-11
4.7181e-11,1.6963e-11,3.13e-11
4.1581e-11,2.6534e-11,3.6339e-11
2.1627e-11,8.0317e-12,2.0713e-11
2.8317e-11,8.1902e-12,2.8373e-11
3.9027e-11,1.102e-11,3.0674e-11
3.823e-11,1.1519e-11,3.3401e-11
2.646e-11,6.6638e-12,3.1435e-11
4.6257e-11,2.1593e-11,4.4611e-11
3.9095e-11,1.4197e-11,4.0096e-11
3.7787e-11,2.6483e-12,3.3862e-11
2.9178e-11,2.3239e-11,8.3863e-12
2.3149e-11,3.1049e-11,9.5021e-12
2.9525e-11,2.906e-11,9.8828e-12
4.4185e-11,4.8095e-11,1.3268e-11
3.0157e-11,2.6433e-11,1.13e-11
1.8791e-11,4.9487e-11,1.2127e-11
2.0788e-11,4.4922e-11,1.1363e-11
8.3255e-12,2.0704e-11,1.5782e-11
1.3756e-11,2.6375e-11,2.2035e-11
7.6518e-12,3.1719e-11,1.5298e-11
2.0931e-11,3.8419e-11,1.1141e-11
3.0192e-11,2.8693e-11,9.76e-12
4.3856e-12,2.6743e-11,1.1899e-11
3.0996e-11,2.9516e-11,1.1044e-11
1.8498e-11,5.2504e-11,3.4339e-11
2.3831e-11,6.8893e-11,4.3315e-11
2.5612e-11,5.8532e-11,1.5425e-11
2.7196e-11,5.5668e-11,1.579e-11
8.1581e-12,1.0246e-11,1.9881e-11
1.528e-11,3.8724e-11,2.0451e-11
2.7761e-11,5.389e-11,3.889e-11
1.1192e-11,1.6125e-11,2.4214e-11
1.433e-11,1.919e-11,1.9254e-11
9.74e-12,1.3383e-11,2.7797e-11
1.0079e-11,1.3534e-11,2.6159e-11
1.9853e-11,2.5159e-11,2.5024e-11
3.9277e-11,1.741e-11,1.0268e-11
1.3369e-11,2.0042e-11,1.7701e-11
3.3391e-11,1.1454e-11,1.0884e-11
1.9633e-11,1.6804e-11,2.3059e-11
2.9891e-11,1.2904e-11,1.2809e-11
3.5544e-11,4.0524e-11,4.0322e-11
3.9686e-11,4.2992e-11,4.3835e-11
1.538e-11,1.1023e-11,2.4389e-11
2.2468e-11,8.9371e-12,1.3892e-11
2.9933e-11,1.443e-11,1.7223e-11
1.568e-11,1.4475e-11,1.651e-11
3.9511e-11,3.4872e-11,4.0222e-11
2.6687e-11,1.4996e-11,1.6018e-11
4.3205e-11,3.6236e-11,5.1269e-11
1.6759e-11,5.4491e-12,1.8084e-11
4.496e-11,3.217e-11,4.0509e-11
5.745e-11,2.442e-11,4.4444e-11
2.4366e-11,9.4193e-12,2.1997e-11
1.7893e-11,4.8956e-12,1.8246e-11
2.777e-11,1.5246e-11,2.7709e-11
2.1129e-11,8.445e-12,2.2211e-11
4.0327e-11,2.5291e-11,3.6017e-11
3.5686e-11,9.8158e-12,2.8932e-11
3.7006e-11,1.1655e-11,3.7211e-11
3.3613e-11,4.5587e-12,2.9984e-11
4.1974e-11,1.2073e-11,4.4118e-11
3.2579e-11,2.3875e-11,8.8436e-12
3.4617e-11,5.9404e-11,1.2458e-11
2.8434e-11,2.8746e-11,9.5787e-12
8.6489e-12,2.6228e-11,1.4866e-11
6.3544e-12,2.2317e-11,1.3107e-11
8.0125e-12,2.925e-11,1.501e-11
1.8908e-11,5.9798e-11,3.6578e-11
9.6261e-12,2.6976e-11,1.4294e-11
2.7212e-11,4.1197e-11,1.1679e-11
1.0276e-11,2.1137e-11,1.4436e-11
1.0863e-11,1.8124e-11,1.8624e-11
8.3014e-12,2.6311e-11,1.4019e-11
6.2031e-12,2.13e-11,1.85e-11
1.5684e-11,3.2282e-11,2.5091e-11
1.015e-11,1.6885e-11,1.5948e-11
7.4787e-12,2.2941e-11,1.4692e-11
2.4991e-11,5.1261e-11,2.9251e-11
3.6712e-11,4.0601e-11,1.3637e-11
1.5687e-11,3.4493e-11,2.2367e-11
1.5601e-11,3.9924e-11,1.9137e-11
1.2043e-11,2.2059e-11,2.4733e-11
4.1716e-11,2.8134e-11,1.8957e-11
3.7626e-11,1.0741e-11,1.183e-11
1.5951e-11,1.5154e-11,1.9862e-11
2.0356e-11,1.0101e-11,1.1849e-11
1.1628e-11,1.4451e-11,2.3624e-11
2.2597e-11,1.067e-11,1.2148e-11
2.3249e-11,1.0803e-11,1.1946e-11
1.6661e-11,1.1219e-11,2.3428e-11
2.6507e-11,1.0328e-11,1.5107e-11
4.232e-11,4.0196e-11,4.479e-11
2.2003e-11,1.3566e-11,2.4522e-11
2.6557e-11,1.1847e-11,1.7598e-11
4.1836e-11,3.8837e-11,4.3483e-11
3.9253e-11,2.0648e-11,2.713e-11
3.1954e-11,2.3441e-11,3.1636e-11
1.8813e-11,1.5505e-11,2.3053e-11
1.3204e-11,1.4254e-11,1.7385e-11
3.972e-11,1.5963e-11,2.0904e-11
1.4837e-11,1.0564e-11,1.6905e-11
3.2694e-11,1.2024e-11,2.4142e-11
3.8425e-11,1.4199e-11,2.6872e-11
1.9333e-11,8.7284e-12,2.0157e-11
4.3174e-11,3.0509e-11,3.9302e-11
2.1014e-11,5.7611e-12,1.9174e-11
4.4166e-11,2.2507e-11,4.0013e-11
2.7026e-11,7.4317e-12,2.8473e-11
3.796e-11,1.2244e-11,3.7882e-11
3.1077e-11,9.3332e-12,3.7197e-11
2.6928e-11,2.0696e-11,8.7844e-12
1.8336e-11,5.0481e-11,1.6254e-11
6.061e-12,2.1469e-11,1.2907e-11
3.8567e-11,7.2372e-11,1.7926e-11
2.0958e-11,3.5645e-11,1.1678e-11
2.6337e-11,3.3455e-11,1.0688e-11
2.1836e-11,5.3243e-11,1.9021e-11
1.9851e-11,5.7481e-11,1.827e-11
2.7233e-11,4.4122e-11,1.1307e-11
1.8086e-11,4.4677e-11,3.0869e-11
2.9366e-11,4.461e-11,1.2454e-11
1.3669e-11,3.2262e-11,1.959e-11
1.4866e-11,3.9405e-11,1.9513e-11
1.4737e-11,2.5469e-11,2.2146e-11
9.7669e-12,2.0115e-11,1.5562e-11
3.7733e-11,4.9058e-11,1.6844e-11
1.1111e-11,2.1044e-11,2.2496e-11
1.7671e-11,1.1937e-11,2.4437e-11
2.386e-11,3.8797e-11,3.1123e-11
3.386e-11,2.0046e-11,1.1405e-11
3.6295e-11,1.3231e-11,1.1744e-11
4.5603e-11,2.9812e-11,1.9817e-11
2.3927e-11,2.9007e-11,2.8821e-11
3.491e-11,2.2657e-11,1.7109e-11
4.1283e-11,3.5459e-11,1.9893e-11
4.6069e-11,2.2134e-11,1.9199e-11
1.2467e-11,1.8549e-11,2.4058e-11
3.2028e-11,1.6196e-11,1.239e-11
2.4527e-11,7.7134e-12,1.3277e-11
1.7469e-11,1.804e-11,1.99e-11
1.7192e-11,1.3474e-11,1.4662e-11
2.51e-11,1.0393e-11,1.4473e-11
2.6793e-11,1.9326e-11,2.6525e-11
1.536e-11,9.3376e-12,1.3213e-11
4.0639e-11,4.1413e-11,3.3195e-11
3.0772e-11,2.3035e-11,2.6001e-11
1.8121e-11,9.6954e-12,2.3191e-11
3.5207e-11,2.6579e-11,3.3404e-11
2.0366e-11,1.3248e-11,2.461e-11
4.4132e-11,3.6245e-11,4.2405e-11
3.07e-11,1.1993e-11,2.0601e-11
1.526e-11,7.8743e-12,1.9927e-11
1.6018e-11,6.4699e-12,1.7994e-11
5.1259e-11,1.9734e-11,3.1121e-11
3.9808e-11,1.1294e-11,3.3639e-11
4.4431e-11,1.9978e-11,4.2366e-11
3.8923e-11,9.387e-12,4.4045e-11
3.6763e-11,6.593e-11,2.1363e-11
6.9089e-12,2.6465e-11,1.2776e-11
8.5482e-12,2.7716e-11,1.3198e-11
2.6506e-11,1.6573e-11,7.5975e-12
8.4989e-12,2.937e-11,1.1932e-11
3.3255e-11,2.5139e-11,9.3915e-12
2.3277e-11,6.5054e-11,4.3806e-11
1.0133e-11,2.8042e-11,1.4314e-11
2.231e-11,4.6738e-11,1.4376e-11
3.282e-11,6.0832e-11,2.0833e-11
3.9145e-11,5.7789e-11,1.5754e-11
9.6149e-12,2.1426e-11,1.5334e-11
2.9428e-11,2.2316e-11,1.2542e-11
3.4742e-11,3.5056e-11,1.2853e-11
8.1434e-12,2.097e-11,1.906e-11
3.6748e-11,3.1519e-11,1.445e-11
1.1107e-11,2.0443e-11,2.4284e-11
2.2515e-11,3.4561e-11,2.8698e-11
3.9815e-11,2.418e-11,1.3597e-11
1.0597e-11,1.409e-11,2.2237e-11
1.4211e-11,1.3371e-11,1.909e-11
2.5499e-11,3.1597e-11,2.9917e-11
2.0615e-11,1.0443e-11,1.2183e-11
4.05e-11,2.1051e-11,1.9884e-11
2.5156e-11,1.3522e-11,1.1534e-11
1.7452e-11,7.8771e-12,1.2855e-11
1.681e-11,1.1745e-11,2.308e-11
1.9417e-11,1.0365e-11,2.324e-11
3.246e-11,1.5929e-11,2.1842e-11
1.2346e-11,8.3652e-12,1.4591e-11
3.3211e-11,1.8821e-11,2.3581e-11
1.36e-11,7.83e-12,1.6426e-11
1.514e-11,1.7206e-11,1.7158e-11
4.3461e-11,3.4677e-11,3.9592e-11
1.839e-11,1.1759e-11,2.1505e-11
4.1264e-11,3.8888e-11,5.5192e-11
3.598e-11,1.2058e-11,2.4832e-11
2.3962e-11,1.1823e-11,2.426e-11
1.8088e-11,4.267e-12,1.9649e-11
1.9023e-11,9.8042e-12,2.1915e-11
2.3814e-11,6.6077e-12,2.3315e-11
4.0049e-11,1.1876e-11,3.5906e-11
3.1176e-11,5.5532e-12,3.5392e-11
2.8897e-11,1.6143e-11,6.7341e-12
2.7969e-11,1.3562e-11,6.7859e-12
3.2327e-11,4.4988e-11,1.0468e-11
2.4186e-11,3.0954e-11,8.6548e-12
6.3312e-12,2.7962e-11,1.2028e-11
3.7406e-11,6.2682e-11,1.7839e-11
3.7731e-11,5.8207e-11,1.45e-11
1.0329e-11,1.6339e-11,1.8736e-11
1.9586e-11,4.5191e-11,1.3407e-11
8.852e-12,1.5056e-11,1.5162e-11
1.7567e-11,4.0843e-11,2.9214e-11
9.1076e-12,2.3686e-11,1.3185e-11
8.9657e-12,2.5737e-11,1.5548e-11
1.2734e-11,3.0003e-11,1.8122e-11
6.4157e-12,2.0264e-11,1.3688e-11
3.0383e-11,4.9441e-11,1.7208e-11
3.4532e-11,5.5374e-11,1.6863e-11
3.5276e-11,5.3381e-11,1.7858e-11
1.8482e-11,1.3604e-11,2.4985e-11
3.5783e-11,4.9935e-11,1.8688e-11
3.7062e-11,4.9431e-11,2.0511e-11
3.1432e-11,4.2921e-11,3.8153e-11
3.1853e-11,1.6281e-11,1.0334e-11
2.9734e-11,1.2686e-11,1.029e-11
2.4657e-11,8.8913e-12,1.2356e-11
4.1795e-11,4.3028e-11,2.3322e-11
3.8641e-11,3.8748e-11,2.1518e-11
2.5386e-11,2.5934e-11,2.8088e-11
2.4838e-11,8.7723e-12,1.4679e-11
3.0882e-11,1.8823e-11,1.7989e-11
3.1865e-11,3.4877e-11,3.5701e-11
1.6798e-11,1.3316e-11,1.4254e-11
3.1394e-11,2.1635e-11,2.5605e-11
1.9409e-11,7.0209e-12,1.3401e-11
3.7139e-11,3.8609e-11,4.178e-11
3.9596e-11,4.0135e-11,3.5904e-11
1.8338e-11,9.8217e-12,2.2054e-11
2.4926e-11,1.124e-11,1.7422e-11
3.2534e-11,2.3066e-11,2.4896e-11
1.9386e-11,1.1844e-11,2.2463e-11
2.3475e-11,1.5919e-11,2.3499e-11
2.648e-11,1.113e-11,1.6766e-11
1.8604e-11,1.2174e-11,2.2447e-11
4.0028e-11,3.801e-11,5.6811e-11
4.166e-11,2.4628e-11,4.0564e-11
1.4281e-11,8.5549e-12,1.6158e-11
5.1107e-11,2.1066e-11,3.7123e-11
5.8103e-11,2.7987e-11,4.7889e-11
4.3085e-11,1.4075e-11,3.3698e-11
6.0636e-11,1.9347e-11,3.7392e-11
2.1414e-11,8.1491e-12,2.5219e-11
2.3257e-11,6.3028e-12,2.6147e-11
3.1823e-11,1.3016e-11,3.2874e-11
2.5717e-11,5.848e-12,2.8484e-11
4.0031e-11,1.2922e-11,4.1729e-11
3.4654e-11,5.2209e-12,3.8162e-11
3.605e-11,7.9558e-11,2.807e-11
2.7595e-11,1.7237e-11,8.8762e-12
3.3494e-11,3.328e-11,1.3268e-11
2.888e-11,3.1727e-11,9.1655e-12
1.5501e-11,4.5169e-11,1.5326e-11
7.9828e-12,2.6391e-11,1.1076e-11
8.1223e-12,2.0674e-11,1.5733e-11
2.0021e-11,4.0233e-11,1.2435e-11
2.7956e-11,6.9776e-11,1.5536e-11
2.0828e-11,4.977e-11,1.9753e-11
1.5145e-11,3.1889e-11,2.3766e-11
1.8447e-11,4.3921e-11,1.9229e-11
2.5679e-11,5.774e-11,1.8507e-11
1.7463e-11,3.9654e-11,1.8876e-11
1.3636e-11,3.6891e-11,1.9804e-11
1.4786e-11,3.5199e-11,2.7091e-11
3.4838e-11,3.3757e-11,1.5511e-11
3.0632e-11,5.9202e-11,2.128e-11
9.7905e-12,2.2055e-11,1.8739e-11
1.3767e-11,2.0424e-11,1.8609e-11
3.7085e-11,2.5111e-11,1.497e-11
2.5951e-11,4.0953e-11,3.3412e-11
1.3474e-11,2.2619e-11,2.1073e-11
2.7874e-11,3.49e-11,3.2271e-11
3.7405e-11,4.8895e-11,2.6098e-11
3.4814e-11,3.6352e-11,2.2105e-11
2.6424e-11,2.6783e-11,2.8842e-11
3.4239e-11,3.1322e-11,1.8534e-11
2.1504e-11,7.1946e-12,1.1595e-11
1.5038e-11,1.4433e-11,1.6838e-11
3.4155e-11,4.027e-11,3.6235e-11
2.3022e-11,8.0785e-12,1.7321e-11
2.4594e-11,8.7171e-12,1.9497e-11
4.1083e-11,3.0983e-11,3.7034e-11
2.7049e-11,8.0997e-12,2.1425e-11
2.7081e-11,7.2595e-12,3.0319e-11
3.659e-11,1.1234e-11,3.1816e-11
2.8566e-11,8.0305e-12,3.2041e-11
3.4183e-11,1.0619e-11,3.5659e-11
3.8504e-11,1.1842e-11,3.5245e-11
4.1401e-11,9.7131e-12,4.4043e-11
9.6956e-12,3.0575e-11,1.2519e-11
1.0242e-11,1.7344e-11,1.9033e-11
1.552e-11,4.4713e-11,1.6258e-11
9.3326e-12,1.6689e-11,1.4519e-11
3.3123e-11,2.6211e-11,8.7226e-12
1.9479e-11,3.3664e-11,1.1561e-11
7.5899e-12,2.4286e-11,1.319e-11
1.1315e-11,2.5402e-11,1.0827e-11
2.0388e-11,3.8943e-11,2.9224e-11
2.4875e-11,5.723e-11,1.9487e-11
2.3629e-11,4.9287e-11,3.6228e-11
3.2385e-11,2.5437e-11,1.2237e-11
2.4847e-11,3.9098e-11,1.578e-11
2.8006e-11,5.59e-11,4.1549e-11
2.8223e-11,4.9548e-11,1.852e-11
1.2125e-11,1.1427e-11,2.3684e-11
1.3312e-11,3.2272e-11,2.2868e-11
7.7054e-12,1.3371e-11,1.8413e-11
1.015e-11,8.0637e-12,2.1281e-11
1.2573e-11,2.1967e-11,1.9009e-11
1.1889e-11,2.0195e-11,2.6509e-11
2.2757e-11,1.4376e-11,1.1603e-11
3.2401e-11,3.3202e-11,2.2154e-11
1.9009e-11,1.7444e-11,1.8238e-11
2.5846e-11,2.5285e-11,2.8002e-11
1.9946e-11,8.3894e-12,1.1439e-11
2.7872e-11,1.7859e-11,1.7299e-11
2.7318e-11,2.2989e-11,2.8431e-11
1.9593e-11,1.1216e-11,1.5275e-11
1.7248e-11,8.8418e-12,1.6827e-11
3.4732e-11,4.1969e-11,3.4758e-11
2.3124e-11,1.4404e-11,2.249e-11
2.1374e-11,8.3298e-12,1.4449e-11
2.0806e-11,8.2671e-12,1.7452e-11
3.1604e-11,1.91e-11,2.7854e-11
2.1511e-11,6.7824e-12,1.6637e-11
3.809e-11,1.4355e-11,2.1181e-11
2.1548e-11,1.7332e-11,2.1891e-11
2.4457e-11,7.7935e-12,1.9915e-11
3.8651e-11,2.6841e-11,3.3567e-11
3.719e-11,2.6808e-11,3.2617e-11
3.2206e-11,1.1804e-11,2.476e-11
2.2853e-11,6.3142e-12,1.8767e-11
2.3257e-11,7.0141e-12,1.8978e-11
2.8167e-11,1.6034e-11,2.7336e-11
2.9475e-11,7.966e-12,2.3936e-11
4.3871e-11,2.6168e-11,3.9659e-11
2.3365e-11,7.7558e-12,2.5947e-11
4.4459e-11,2.3781e-11,4.0721e-11
3.1398e-11,3.6709e-12,3.4798e-11
2.7667e-11,2.4886e-11,9.5793e-12
3.3524e-11,8.0915e-11,1.6823e-11
3.265e-11,3.0243e-11,1.2109e-11
2.2759e-11,3.2493e-11,9.0042e-12
2.0229e-11,3.2124e-11,1.0349e-11
3.4194e-11,2.9348e-11,1.0247e-11
2.6809e-11,2.76e-11,1.1156e-11
2.7944e-11,2.8441e-11,1.0166e-11
2.8982e-11,7.1493e-11,1.6859e-11
1.2441e-11,2.6165e-11,1.1342e-11
1.8376e-11,3.9239e-11,1.2913e-11
7.8977e-12,2.2939e-11,1.1768e-11
3.4464e-11,2.6942e-11,1.1717e-11
1.3757e-11,2.3525e-11,2.1393e-11
1.1954e-11,1.656e-11,1.8314e-11
1.1036e-11,1.728e-11,1.6189e-11
7.349e-12,1.8132e-11,1.4075e-11
7.8888e-12,1.4482e-11,1.2863e-11
2.6779e-11,4.5121e-11,1.7484e-11
2.5735e-11,4.3821e-11,3.5753e-11
3.2767e-11,4.575e-11,1.8378e-11
3.2797e-11,4.7549e-11,2.0071e-11
2.7812e-11,1.5266e-11,1.3074e-11
3.2167e-11,3.079e-11,1.9199e-11
2.4638e-11,1.5499e-11,1.2944e-11
1.3173e-11,1.3562e-11,2.2023e-11
3.3577e-11,2.0709e-11,2.0805e-11
3.0946e-11,1.6262e-11,1.8799e-11
3.2135e-11,2.4264e-11,1.9486e-11
2.8981e-11,2.2211e-11,1.7367e-11
2.3493e-11,2.3355e-11,2.5803e-11
2.789e-11,8.2371e-12,1.1309e-11
3.0119e-11,1.5402e-11,1.4887e-11
2.3033e-11,8.9961e-12,1.0667e-11
1.7308e-11,1.6774e-11,1.7357e-11
1.4326e-11,9.1825e-12,1.3971e-11
1.8741e-11,9.4113e-12,1.4467e-11
2.0351e-11,5.9907e-12,1.232e-11
3.1748e-11,3.5838e-11,3.4741e-11
3.2902e-11,1.3098e-11,2.1346e-11
2.7585e-11,1.4483e-11,2.5053e-11
2.4507e-11,1.1691e-11,1.9141e-11
4.4177e-11,3.545e-11,4.0106e-11
2.7187e-11,8.4844e-12,2.0906e-11
5.2151e-11,2.6199e-11,4.5699e-11
1.5483e-11,6.4305e-12,1.8682e-11
5.7426e-11,1.9462e-11,3.396e-11
6.045e-11,2.1098e-11,3.7495e-11
2.6803e-11,7.6023e-12,2.738e-11
2.9476e-11,9.5321e-12,3.2495e-11
2.5337e-11,5.7497e-12,2.8419e-11
3.0942e-11,2.9733e-12,3.2131e-11
4.0003e-11,8.6382e-12,4.1941e-11
3.7558e-11,3.5017e-12,4.0121e-11
3.2387e-11,4.368e-11,1.3316e-11
1.083e-11,3.1735e-11,1.3345e-11
1.5209e-11,3.8601e-11,1.4992e-11
2.7647e-11,2.3363e-11,9.9914e-12
2.4291e-11,1.9509e-11,9.0097e-12
7.8828e-12,2.5995e-11,1.1858e-11
2.369e-11,2.42e-11,9.2847e-12
2.0258e-11,3.1033e-11,9.5858e-12
2.0484e-11,3.2887e-11,9.9271e-12
9.6757e-12,1.5545e-11,1.6274e-11
1.9322e-11,3.126e-11,2.2753e-11
1.4115e-11,1.7507e-11,3.1397e-11
1.2229e-11,1.6036e-11,1.8254e-11
2.3232e-11,3.5136e-11,1.6076e-11
2.4409e-11,5.2232e-11,2.4769e-11
2.2694e-11,3.5037e-11,2.645e-11
1.4574e-11,3.2299e-11,2.2668e-11
1.1664e-11,1.5584e-11,2.0846e-11
7.3133e-12,1.4268e-11,1.7785e-11
2.8561e-11,4.0005e-11,1.7945e-11
1.0333e-11,1.6698e-11,1.9761e-11
2.9573e-11,3.7406e-11,2.1602e-11
3.5778e-11,2.3279e-11,1.5094e-11
3.0738e-11,4.7209e-11,2.4738e-11
2.9398e-11,2.9204e-11,2.0185e-11
2.9111e-11,9.9512e-12,1.002e-11
1.4735e-11,1.5198e-11,2.1233e-11
3.0036e-11,4.7898e-11,2.5648e-11
1.9916e-11,1.8099e-11,2.1037e-11
2.2303e-11,9.2571e-12,1.2478e-11
2.9356e-11,3.1644e-11,2.4385e-11
3.2459e-11,4.1014e-11,3.8446e-11
3.4547e-11,3.7643e-11,2.2946e-11
2.0206e-11,9.6092e-12,1.3133e-11
2.574e-11,1.2793e-11,1.0273e-11
3.3159e-11,4.4645e-11,2.9206e-11
1.557e-11,1.2654e-11,1.5193e-11
3.5493e-11,4.8301e-11,3.4371e-11
3.5263e-11,4.3172e-11,3.7765e-11
3.1673e-11,2.2798e-11,2.9408e-11
1.7059e-11,1.0011e-11,2.0581e-11
2.3503e-11,9.4375e-12,1.6751e-11
2.1014e-11,1.4493e-11,2.1283e-11
1.7064e-11,1.0807e-11,1.7275e-11
1.2502e-11,5.6323e-12,1.7328e-11
3.2896e-11,2.4785e-11,3.1503e-11
3.0063e-11,1.9503e-11,2.7171e-11
1.8498e-11,1.2203e-11,1.9534e-11
3.8036e-11,1.7115e-11,3.1774e-11
4.1617e-11,3.6194e-11,5.9762e-11
2.0762e-11,7.0632e-12,1.9216e-11
1.6169e-11,3.6064e-12,1.7287e-11
1.8224e-11,4.4325e-12,1.898e-11
5.4814e-11,1.8384e-11,3.7213e-11
2.4944e-11,9.7613e-12,2.4537e-11
4.0605e-11,2.0729e-11,3.7356e-11
2.3396e-11,6.7322e-12,2.7087e-11
2.2868e-11,5.8008e-12,2.3067e-11
4.645e-11,2.6016e-11,4.3371e-11
2.3403e-11,8.3334e-12,2.6904e-11
3.8215e-11,1.0641e-11,3.879e-11
4.2095e-11,1.2979e-11,4.5581e-11
2.8995e-11,3.382e-11,8.3238e-12
2.4377e-11,2.0467e-11,1.1073e-11
7.4699e-12,2.218e-11,1.2249e-11
7.5365e-12,1.9233e-11,1.5466e-11
8.9349e-12,1.0838e-11,2.2053e-11
2.5536e-11,2.2518e-11,1.0828e-11
1.2956e-11,1.119e-11,1.6594e-11
1.5127e-11,3.7837e-11,1.7604e-11
2.1642e-11,3.4318e-11,1.4389e-11
7.9216e-12,1.4829e-11,1.3486e-11
1.3616e-11,2.1294e-11,1.8698e-11
2.5322e-11,5.6434e-11,2.4399e-11
7.242e-12,1.833e-11,1.545e-11
2.7127e-11,3.3339e-11,1.9398e-11
2.3811e-11,1.4695e-11,1.4209e-11
3.1847e-11,3.9302e-11,3.8903e-11
2.5525e-11,1.2463e-11,1.0248e-11
2.3421e-11,8.7655e-12,1.0339e-11
3.1062e-11,3.4686e-11,2.2584e-11
1.6882e-11,1.5794e-11,1.6531e-11
1.5856e-11,1.8674e-11,1.8058e-11
1.6205e-11,7.0059e-12,1.1992e-11
2.4064e-11,2.3324e-11,2.4854e-11
2.4623e-11,1.9903e-11,2.464e-11
3.4924e-11,3.3366e-11,3.7866e-11
2.3801e-11,2.4627e-11,2.7311e-11
1.5375e-11,7.0764e-12,1.9417e-11
3.3626e-11,2.5292e-11,3.1052e-11
1.3106e-11,5.7107e-12,1.7319e-11
1.334e-11,6.7349e-12,1.5134e-11
2.3287e-11,9.9382e-12,1.7031e-11
3.1245e-11,1.3597e-11,2.2478e-11
1.4802e-11,1.0503e-11,1.8521e-11
1.6474e-11,8.3298e-12,1.8503e-11
1.6648e-11,4.0785e-12,1.639e-11
2.8014e-11,7.7468e-12,2.3912e-11
2.8312e-11,7.7106e-12,2.9438e-11
2.7088e-11,4.0253e-12,2.5359e-11
2.4845e-11,3.4064e-12,2.4257e-11
3.5629e-11,1.5318e-11,3.871e-11
3.4296e-11,9.8825e-12,3.4782e-11
3.6413e-11,1.0611e-11,3.7912e-11
3.9809e-11,8.9706e-12,4.2766e-11
3.8485e-11,5.8431e-12,3.4007e-11
4.0319e-11,7.2348e-12,3.9842e-11
3.816e-11,4.0826e-12,3.4987e-11
3.8394e-11,3.2701e-12,3.8286e-11
3.8465e-11,4.0515e-12,4.0265e-11
1.3534e-11,3.4801e-11,1.3994e-11
1.575e-11,3.2293e-11,1.0483e-11
1.6344e-11,3.1739e-11,1.0288e-11
1.3522e-11,2.4457e-11,2.3407e-11
7.0408e-12,2.5514e-11,1.1534e-11
8.76e-12,1.6899e-11,1.292e-11
1.9993e-11,4.3368e-11,3.4211e-11
1.9272e-11,3.3241e-11,1.0493e-11
1.9921e-11,3.7315e-11,1.5296e-11
7.9676e-12,9.4607e-12,1.8766e-11
6.0794e-12,2.0726e-11,1.1022e-11
5.9817e-12,2.0746e-11,1.0885e-11
2.8229e-11,5.4158e-11,4.1572e-11
1.5139e-11,1.1522e-11,1.9447e-11
2.59e-11,2.8584e-11,1.2999e-11
1.0773e-11,1.7354e-11,1.6434e-11
1.0582e-11,1.8062e-11,1.3332e-11
1.2773e-11,3.2506e-11,2.3451e-11
1.2848e-11,1.9246e-11,1.7058e-11
2.9776e-11,2.3305e-11,1.431e-11
2.9456e-11,5.4337e-11,2.5097e-11
1.9192e-11,2.6356e-11,2.3374e-11
2.6027e-11,4.1027e-11,3.4571e-11
1.1761e-11,1.8158e-11,2.1314e-11
1.08e-11,1.9636e-11,1.9173e-11
1.6989e-11,1.6642e-11,1.8935e-11
2.0304e-11,1.0532e-11,1.1228e-11
1.8127e-11,1.6917e-11,1.9512e-11
2.7232e-11,3.2056e-11,2.2445e-11
2.1433e-11,1.706e-11,2.25e-11
1.3853e-11,1.1586e-11,1.4123e-11
1.6199e-11,1.8321e-11,1.778e-11
2.0088e-11,1.5488e-11,2.1651e-11
1.2946e-11,1.0693e-11,1.3967e-11
1.7885e-11,9.4102e-12,1.1973e-11
1.8879e-11,5.5363e-12,1.191e-11
1.8043e-11,1.1431e-11,1.2197e-11
1.9158e-11,1.2042e-11,2.0148e-11
2.9674e-11,2.5586e-11,2.9699e-11
1.7234e-11,7.5116e-12,1.3539e-11
3.7149e-11,3.5282e-11,4.0212e-11
2.756e-11,1.0131e-11,1.667e-11
1.3524e-11,8.0559e-12,1.7713e-11
3.235e-11,1.2453e-11,2.1052e-11
3.7457e-11,2.3023e-11,3.4377e-11
6.1328e-11,2.1097e-11,3.9844e-11
2.3079e-11,7.2834e-12,2.4474e-11
2.6889e-11,5.3934e-12,2.4798e-11
2.5302e-11,5.0902e-12,2.7465e-11
4.0635e-11,1.2055e-11,4.3532e-11
3.4883e-11,7.205e-12,3.6212e-11
4.2399e-11,4.447e-12,3.703e-11
3.7761e-11,2.1059e-12,3.7913e-11
1.7728e-11,2.7572e-11,1.084e-11
1.5528e-11,4.328e-11,1.9903e-11
2.213e-11,2.8707e-11,1.0649e-11
1.1037e-11,1.6984e-11,1.7685e-11
1.0109e-11,2.1103e-11,1.678e-11
2.2836e-11,2.9346e-11,1.0844e-11
2.4728e-11,2.3951e-11,1.0255e-11
2.4698e-11,4.8275e-11,3.827e-11
1.0508e-11,1.5208e-11,1.4251e-11
1.2065e-11,2.1695e-11,2.3259e-11
2.4923e-11,4.7376e-11,3.7971e-11
8.5431e-12,1.725e-11,1.2471e-11
2.2014e-11,3.6829e-11,3.0405e-11
1.2442e-11,1.7964e-11,1.6207e-11
1.2386e-11,3.4163e-11,2.2102e-11
1.7572e-11,2.5853e-11,2.2364e-11
8.3058e-12,1.9668e-11,1.5194e-11
1.2214e-11,3.343e-11,2.3511e-11
1.0089e-11,1.0644e-11,2.0242e-11
2.45e-11,4.0624e-11,3.1997e-11
2.8503e-11,5.1279e-11,2.5819e-11
2.0476e-11,2.6908e-11,2.4119e-11
2.6325e-11,2.5986e-11,1.6535e-11
1.824e-11,1.9156e-11,2.0498e-11
2.5769e-11,1.3125e-11,9.3103e-12
2.9455e-11,3.6394e-11,3.5968e-11
1.6433e-11,1.3881e-11,1.891e-11
1.54e-11,1.3231e-11,1.851e-11
1.6491e-11,1.0163e-11,1.2294e-11
1.5169e-11,9.4215e-12,1.2754e-11
1.8022e-11,1.0941e-11,1.226e-11
1.7783e-11,1.3565e-11,1.9976e-11
2.9128e-11,4.346e-11,3.636e-11
2.1465e-11,2.2545e-11,2.6045e-11
2.2246e-11,1.1989e-11,2.0231e-11
1.6984e-11,7.3283e-12,1.3602e-11
1.9703e-11,6.4245e-12,1.326e-11
1.5803e-11,9.4659e-12,1.9133e-11
1.6883e-11,7.2541e-12,1.3026e-11
2.6527e-11,3.2314e-11,3.4732e-11
2.6459e-11,1.8894e-11,2.4982e-11
2.1055e-11,1.069e-11,1.5593e-11
1.2192e-11,6.7505e-12,1.6456e-11
3.1103e-11,2.3311e-11,3.1978e-11
3.6522e-11,3.482e-11,5.4125e-11
1.5679e-11,7.5799e-12,1.7644e-11
1.578e-11,5.6078e-12,1.7165e-11
1.6573e-11,7.7879e-12,2.0404e-11
1.4953e-11,8.2276e-12,1.8413e-11
1.8282e-11,5.9161e-12,1.6603e-11
2.4841e-11,8.9665e-12,1.9532e-11
1.7725e-11,8.7094e-12,1.8089e-11
3.4054e-11,1.8866e-11,3.0339e-11
5.1204e-11,1.7001e-11,3.581e-11
2.2218e-11,1.2588e-11,2.6378e-11
2.197e-11,6.3009e-12,2.332e-11
4.3105e-11,1.484e-11,4.9383e-11
4.2196e-11,3.9059e-12,3.9245e-11
3.8627e-11,4.1997e-12,3.966e-11
2.3257e-11,4.3524e-11,2.0635e-11
7.4372e-12,2.4398e-11,1.2674e-11
1.5581e-11,3.2345e-11,1.0619e-11
1.0322e-11,1.578e-11,1.4272e-11
9.3187e-12,1.7289e-11,1.2717e-11
1.7426e-11,2.7776e-11,1.0611e-11
2.3742e-11,2.7776e-11,8.4522e-12
1.8163e-11,3.1514e-11,1.5847e-11
1.9889e-11,3.3802e-11,2.8227e-11
1.7404e-11,2.8143e-11,1.444e-11
2.2449e-11,4.1628e-11,3.359e-11
1.1635e-11,1.2455e-11,1.8475e-11
9.7041e-12,1.6034e-11,1.6067e-11
6.2408e-12,1.6109e-11,1.471e-11
7.1087e-12,1.9319e-11,1.3217e-11
2.2943e-11,3.3021e-11,3.034e-11
1.8739e-11,2.9573e-11,2.5557e-11
1.035e-11,1.6571e-11,1.8376e-11
1.2098e-11,2.1165e-11,2.3345e-11
2.4791e-11,4.2165e-11,2.1712e-11
2.1902e-11,2.8321e-11,1.8828e-11
2.5019e-11,2.6027e-11,1.8363e-11
1.0518e-11,1.9299e-11,1.988e-11
2.1645e-11,2.43e-11,1.782e-11
1.3437e-11,1.4667e-11,2.5123e-11
1.999e-11,8.5752e-12,1.3392e-11
1.5686e-11,8.6161e-12,1.2222e-11
2.7102e-11,4.3112e-11,3.916e-11
1.5317e-11,7.9479e-12,1.4778e-11
3.1021e-11,2.3382e-11,2.8813e-11
1.8865e-11,1.2336e-11,2.0439e-11
1.4809e-11,7.9947e-12,1.8827e-11
2.9946e-11,1.7843e-11,2.4e-11
1.8431e-11,7.2045e-12,1.5456e-11
3.5182e-11,1.5826e-11,2.9693e-11
4.8203e-11,3.2814e-11,5.5563e-11
4.1872e-11,3.0835e-11,3.8602e-11
1.523e-11,6.6923e-12,1.4927e-11
2.3012e-11,7.6771e-12,2.0778e-11
1.713e-11,4.5729e-12,1.8313e-11
1.7371e-11,7.5304e-12,1.7274e-11
3.1014e-11,8.4386e-12,2.7454e-11
2.6563e-11,1.2568e-11,2.617e-11
4.2895e-11,2.5634e-11,3.9463e-11
2.0318e-11,8.4816e-12,2.3493e-11
4.4173e-11,1.4668e-11,4.6548e-11
3.4148e-11,9.0009e-12,3.5428e-11
4.1554e-11,7.8702e-12,4.1334e-11
2.4524e-11,2.2728e-11,1.1849e-11
8.5979e-12,2.1929e-11,1.5699e-11
1.3255e-11,3.5822e-11,1.6521e-11
5.7473e-12,2.2778e-11,1.1116e-11
1.5232e-11,4.2293e-11,2.1462e-11
2.5357e-11,2.3018e-11,1.1505e-11
6.0868e-12,1.4491e-11,1.016e-11
1.7079e-11,3.3273e-11,1.5255e-11
2.042e-11,4.0124e-11,1.9313e-11
6.8709e-12,1.7514e-11,1.163e-11
2.0973e-11,2.6476e-11,1.0941e-11
9.9333e-12,1.5568e-11,1.5036e-11
8.7084e-12,1.7551e-11,1.2069e-11
7.1991e-12,1.8803e-11,1.1979e-11
1.3744e-11,1.9793e-11,1.7273e-11
2.0374e-11,3.0415e-11,2.5737e-11
8.4638e-12,1.5981e-11,1.49e-11
2.5629e-11,4.1953e-11,3.3681e-11
8.6336e-12,1.4643e-11,1.8543e-11
2.6777e-11,4.7443e-11,2.6177e-11
1.2937e-11,1.233e-11,1.6346e-11
1.843e-11,8.8871e-12,1.0083e-11
1.424e-11,1.2317e-11,1.7387e-11
1.6933e-11,9.805e-12,1.0984e-11
1.8784e-11,6.7057e-12,1.2387e-11
2.0895e-11,3.4246e-11,2.7161e-11
1.3944e-11,6.6471e-12,1.1824e-11
1.5026e-11,7.9533e-12,1.2744e-11
1.6167e-11,1.0126e-11,1.9073e-11
2.4807e-11,1.4408e-11,2.1344e-11
2.5983e-11,2.6117e-11,3.4355e-11
3.7796e-11,3.2418e-11,3.9072e-11
1.5015e-11,7.1748e-12,1.8448e-11
1.2839e-11,5.8603e-12,1.6391e-11
3.9602e-11,1.6281e-11,2.9705e-11
5.0607e-11,2.7236e-11,4.5117e-11
2.4918e-11,7.0196e-12,2.2565e-11
2.6964e-11,8.3508e-12,2.4658e-11
4.5408e-11,2.5824e-11,4.2831e-11
4.0783e-11,1.6669e-11,3.564e-11
4.268e-11,1.8393e-11,4.2066e-11
4.4392e-11,6.0586e-12,3.894e-11
2.4876e-11,1.4621e-11,1.0743e-11
2.7066e-11,1.4091e-11,8.6465e-12
7.0424e-12,2.3537e-11,1.1029e-11
2.9172e-11,4.3883e-11,3.8514e-11
8.8097e-12,2.3046e-11,1.2351e-11
1.4846e-11,3.1804e-11,1.0503e-11
1.2906e-11,3.3938e-11,1.5767e-11
1.2092e-11,2.1206e-11,1.507e-11
9.7785e-12,2.1181e-11,1.7044e-11
1.646e-11,2.7421e-11,1.0534e-11
2.1958e-11,2.4298e-11,1.101e-11
1.6845e-11,4.3805e-11,2.3905e-11
1.1479e-11,1.6969e-11,1.6911e-11
1.9943e-11,3.5751e-11,3.0287e-11
9.1393e-12,1.2925e-11,1.3238e-11
2.084e-11,4.7666e-11,1.9383e-11
2.2088e-11,2.1544e-11,1.1067e-11
1.9834e-11,3.3821e-11,2.9804e-11
7.117e-12,1.9346e-11,1.4953e-11
8.1177e-12,1.8887e-11,1.2224e-11
2.0985e-11,3.1144e-11,2.5838e-11
2.6378e-11,2.2518e-11,1.2633e-11
1.8682e-11,3.0062e-11,2.645e-11
9.6189e-12,1.5784e-11,1.4705e-11
2.1642e-11,3.772e-11,2.2808e-11
2.2171e-11,1.4876e-11,1.0779e-11
1.9422e-11,2.5387e-11,2.3538e-11
3.2957e-11,3.593e-11,3.8574e-11
1.9405e-11,7.0283e-12,1.2427e-11
1.6138e-11,6.9643e-12,1.1351e-11
1.526e-11,6.9781e-12,1.1331e-11
1.7668e-11,9.2166e-12,1.2241e-11
2.013e-11,8.5459e-12,1.3301e-11
1.4342e-11,5.3158e-12,1.5827e-11
3.8701e-11,3.1267e-11,3.7475e-11
1.4879e-11,6.5191e-12,1.6593e-11
3.3663e-11,3.1829e-11,5.2069e-11
3.7136e-11,2.6825e-11,3.4784e-11
2.0948e-11,5.4136e-12,1.9032e-11
1.5643e-11,3.9603e-12,1.8736e-11
5.1086e-11,2.2106e-11,4.218e-11
1.7184e-11,4.1868e-12,1.9397e-11
4.1951e-11,2.6578e-11,4.0066e-11
1.8693e-11,6.2939e-12,2.1235e-11
2.4891e-11,5.2227e-12,2.401e-11
2.2758e-11,5.5149e-12,2.2021e-11
3.3254e-11,9.0193e-12,3.4898e-11
3.7309e-11,7.6299e-12,3.8288e-11
3.596e-11,4.0743e-12,3.6137e-11
1.4229e-11,2.4366e-11,1.4277e-11
2.395e-11,3.2494e-11,1.127e-11
6.4647e-12,2.2405e-11,1.3151e-11
1.3759e-11,3.7789e-11,2.0259e-11
8.2524e-12,2.1349e-11,1.2033e-11
2.2392e-11,2.7878e-11,8.4912e-12
1.1545e-11,1.6615e-11,1.4764e-11
2.1007e-11,3.6187e-11,3.0863e-11
7.5911e-12,1.6368e-11,1.4153e-11
2.8021e-11,2.4353e-11,1.2379e-11
8.8978e-12,1.1852e-11,1.8098e-11
7.2036e-12,1.4452e-11,1.5706e-11
7.8195e-12,1.7985e-11,1.2743e-11
2.2637e-11,2.22e-11,1.4283e-11
2.758e-11,4.4173e-11,3.6763e-11
8.0813e-12,1.4494e-11,1.4582e-11
9.2335e-12,1.5573e-11,1.8957e-11
1.0289e-11,1.4562e-11,1.904e-11
2.4421e-11,2.3092e-11,1.5023e-11
2.8871e-11,4.4922e-11,3.8986e-11
1.1872e-11,1.5068e-11,1.8905e-11
2.0503e-11,3.6097e-11,2.3504e-11
1.4814e-11,1.8154e-11,1.7034e-11
1.0939e-11,1.4629e-11,2.2634e-11
9.5998e-12,1.3246e-11,1.8842e-11
2.2942e-11,3.7365e-11,2.5612e-11
1.2e-11,1.3737e-11,1.5057e-11
1.6298e-11,7.87e-12,1.3053e-11
1.4725e-11,6.8558e-12,1.2658e-11
2.1883e-11,2.9808e-11,3.1312e-11
1.7075e-11,7.8043e-12,1.2963e-11
1.5812e-11,8.1019e-12,1.2364e-11
1.4715e-11,9.964e-12,1.843e-11
2.4433e-11,2.0301e-11,3.0033e-11
1.3926e-11,8.2102e-12,1.8133e-11
1.4488e-11,1.1254e-11,1.6854e-11
2.0139e-11,6.0577e-12,1.6543e-11
3.1112e-11,1.0751e-11,2.3297e-11
1.8163e-11,9.6633e-12,1.9383e-11
3.9399e-11,2.9568e-11,3.7766e-11
1.8253e-11,8.2464e-12,2.2421e-11
3.1771e-11,2.0001e-11,3.0859e-11
4.7175e-11,2.5329e-11,4.3509e-11
2.3026e-11,1.3341e-11,2.305e-11
3.3112e-11,8.7404e-12,2.9184e-11
3.011e-11,7.4165e-12,2.7251e-11
4.2215e-11,2.7193e-11,4.1362e-11
3.8081e-11,9.9411e-12,3.3375e-11
4.7632e-11,1.5328e-11,3.8265e-11
2.6119e-11,4.8898e-12,2.5477e-11
3.8603e-11,1.1382e-11,4.1511e-11
4.0722e-11,9.6005e-12,4.2258e-11
3.3526e-11,2.6805e-12,3.4504e-11
4.0803e-11,9.4851e-12,4.1511e-11
2.1932e-11,2.9231e-11,1.058e-11
7.9773e-12,2.2923e-11,1.1075e-11
8.4983e-12,2.0434e-11,1.2149e-11
9.6032e-12,2.0398e-11,1.4014e-11
1.7371e-11,2.4258e-11,2.4168e-11
2.1616e-11,3.4424e-11,1.09e-11
2.0831e-11,3.1238e-11,9.4874e-12
1.6314e-11,2.528e-11,2.4214e-11
9.8414e-12,1.689e-11,1.3996e-11
8.0183e-12,2.1159e-11,1.34e-11
8.5589e-12,2.1964e-11,1.3904e-11
8.2825e-12,1.7345e-11,1.7264e-11
1.9822e-11,3.0881e-11,1.9887e-11
8.7086e-12,1.551e-11,1.1538e-11
2.1709e-11,2.7551e-11,1.7852e-11
2.3238e-11,3.5248e-11,3.0514e-11
1.4024e-11,1.6851e-11,1.8199e-11
8.7888e-12,1.2951e-11,1.4632e-11
1.0128e-11,1.4853e-11,1.9292e-11
1.823e-11,2.7692e-11,2.4064e-11
2.3029e-11,2.8716e-11,2.6824e-11
1.412e-11,1.5716e-11,1.6675e-11
1.8264e-11,2.2009e-11,1.7158e-11
1.2391e-11,1.1786e-11,1.5457e-11
2.6392e-11,1.2814e-11,1.0456e-11
1.9093e-11,1.7513e-11,2.0429e-11
1.1763e-11,9.2902e-12,1.3304e-11
1.2698e-11,8.9211e-12,1.2136e-11
1.6846e-11,9.3952e-12,1.6498e-11
2.039e-11,5.7977e-12,1.267e-11
2.3665e-11,9.6839e-12,1.53e-11
1.8167e-11,1.7303e-11,2.2234e-11
1.4824e-11,1.1227e-11,1.5843e-11
2.913e-11,1.916e-11,2.6685e-11
1.8773e-11,6.6853e-12,1.8626e-11
3.5364e-11,3.5685e-11,5.3905e-11
2.7817e-11,1.1817e-11,2.037e-11
4.0538e-11,3.0499e-11,3.8882e-11
2.9442e-11,1.7881e-11,2.6984e-11
1.8833e-11,5.2943e-12,1.8205e-11
2.8233e-11,1.3715e-11,2.5756e-11
2.8877e-11,8.165e-12,2.4652e-11
3.5991e-11,1.2145e-11,3.0622e-11
2.6585e-11,9.3347e-12,2.4093e-11
4.8181e-11,1.6442e-11,3.9187e-11
4.2954e-11,1.4103e-11,4.9458e-11
2.0188e-11,1.9551e-11,1.8075e-11
2.9107e-11,5.8052e-11,1.946e-11
1.7358e-11,3.2069e-11,1.0713e-11
1.563e-11,2.3638e-11,2.3656e-11
6.811e-12,1.4786e-11,1.0229e-11
1.6526e-11,1.7476e-11,1.6856e-11
1.9348e-11,2.8905e-11,9.4743e-12
6.9032e-12,2.125e-11,1.2441e-11
1.1858e-11,1.7584e-11,1.2295e-11
1.6169e-11,2.6457e-11,1.3701e-11
8.7242e-12,1.0433e-11,1.4083e-11
2.4317e-11,2.2175e-11,1.3013e-11
2.0078e-11,3.0634e-11,2.6435e-11
1.7678e-11,1.6001e-11,1.8563e-11
9.5644e-12,1.5166e-11,1.2474e-11
1.4537e-11,1.6396e-11,1.7242e-11
1.9371e-11,2.4646e-11,1.649e-11
1.4668e-11,2.0184e-11,1.8589e-11
1.9476e-11,2.1559e-11,1.7612e-11
1.7907e-11,2.5734e-11,2.0031e-11
1.3379e-11,1.8171e-11,1.6507e-11
1.3248e-11,1.702e-11,1.5823e-11
1.0519e-11,1.4318e-11,1.4148e-11
2.1289e-11,1.9832e-11,1.4414e-11
1.2489e-11,1.6286e-11,2.391e-11
1.5702e-11,1.7352e-11,1.7894e-11
2.0681e-11,3.4078e-11,2.6097e-11
1.3403e-11,1.3392e-11,1.58e-11
1.5049e-11,2.0548e-11,1.8176e-11
1.0601e-11,1.1236e-11,1.7482e-11
1.0993e-11,8.5088e-12,1.4014e-11
1.7309e-11,1.1965e-11,1.0569e-11
2.312e-11,2.1993e-11,2.5779e-11
1.8867e-11,1.3399e-11,1.76e-11
1.5872e-11,9.8038e-12,1.7614e-11
1.9976e-11,3.1014e-11,3.6012e-11
2.504e-11,1.5046e-11,2.2458e-11
1.4962e-11,7.2561e-12,1.305e-11
2.8301e-11,1.899e-11,2.6388e-11
1.8136e-11,7.4355e-12,1.5447e-11
4.0039e-11,3.3089e-11,5.7646e-11
4.3459e-11,3.3367e-11,4.879e-11
1.4593e-11,1.0443e-11,1.9363e-11
4.0373e-11,2.3393e-11,3.851e-11
2.1626e-11,6.4271e-12,2.1553e-11
2.0261e-11,3.8735e-12,2.1278e-11
2.6999e-11,8.0082e-12,2.5259e-11
3.7134e-11,9.8855e-12,3.5323e-11
2.675e-11,7.8733e-12,2.6118e-11
2.7311e-11,5.3155e-12,2.8252e-11
3.3035e-11,7.089e-12,3.2937e-11
3.3346e-11,2.5054e-12,3.2887e-11
3.5697e-11,3.6612e-12,3.5225e-11
3.8248e-11,5.3264e-12,3.8095e-11
2.0968e-11,1.5496e-11,1.1092e-11
2.9143e-11,5.5951e-11,2.1941e-11
1.7294e-11,3.3905e-11,1.2101e-11
1.3121e-11,1.8373e-11,1.6674e-11
1.6316e-11,2.4238e-11,9.5461e-12
1.8187e-11,1.5707e-11,2.4747e-11
1.3842e-11,3.3179e-11,2.2676e-11
1.2521e-11,2.0377e-11,1.2091e-11
9.6628e-12,9.2803e-12,1.5086e-11
1.2729e-11,1.7316e-11,1.3548e-11
2.9831e-11,4.5191e-11,3.9023e-11
8.7348e-12,1.3624e-11,1.339e-11
1.1774e-11,1.4113e-11,1.4581e-11
2.2258e-11,1.777e-11,1.6022e-11
2.0966e-11,2.3199e-11,2.4204e-11
1.3191e-11,1.1028e-11,1.6203e-11
1.9128e-11,3.1205e-11,3.2466e-11
1.1523e-11,1.0168e-11,1.6376e-11
1.9423e-11,5.8174e-12,1.2823e-11
1.7367e-11,1.2425e-11,1.8811e-11
1.7048e-11,8.8376e-12,1.3559e-11
2.0813e-11,6.2039e-12,1.7725e-11
3.3248e-11,1.1767e-11,2.3907e-11
1.4009e-11,1.0035e-11,1.8307e-11
3.6085e-11,2.3597e-11,3.423e-11
3.5485e-11,1.0436e-11,2.4574e-11
1.6213e-11,7.3815e-12,1.8784e-11
2.9505e-11,9.6295e-12,3.178e-11
4.8632e-11,1.6619e-11,4.1792e-11
2.0774e-11,2.4359e-12,2.2163e-11
2.2049e-11,3.2828e-12,2.2703e-11
2.901e-11,7.6179e-12,2.9549e-11
3.6164e-11,7.6923e-11,2.3965e-11
2.0985e-11,4.7394e-11,1.9449e-11
1.9886e-11,2.8644e-11,2.6599e-11
1.4586e-11,3.5937e-11,2.599e-11
1.356e-11,1.9913e-11,1.3618e-11
6.6504e-12,1.9591e-11,1.0872e-11
1.7785e-11,4.0051e-11,3.08e-11
1.143e-11,1.9139e-11,1.2777e-11
1.2748e-11,3.0643e-11,2.0885e-11
1.6058e-11,2.8103e-11,1.4824e-11
1.4771e-11,1.993e-11,1.793e-11
1.5494e-11,2.0579e-11,1.7895e-11
2.2763e-11,2.1923e-11,1.1795e-11
1.0239e-11,1.6243e-11,1.2255e-11
1.0535e-11,1.616e-11,1.268e-11
2.196e-11,2.4394e-11,1.4049e-11
1.5078e-11,2.003e-11,1.4224e-11
1.7453e-11,2.3156e-11,2.179e-11
1.0233e-11,1.3388e-11,1.7535e-11
9.291e-12,1.457e-11,1.9076e-11
9.1897e-12,1.1664e-11,1.5827e-11
3.1457e-11,3.7319e-11,3.8062e-11
2.1234e-11,1.311e-11,9.8247e-12
2.2883e-11,2.255e-11,2.5583e-11
2.2011e-11,8.2781e-12,1.6882e-11
1.8909e-11,6.5994e-12,1.141e-11
1.4478e-11,9.5981e-12,1.1225e-11
1.8465e-11,2.8316e-11,2.8499e-11
1.8597e-11,2.8771e-11,3.1636e-11
1.7699e-11,1.5033e-11,1.7304e-11
2.0647e-11,1.4522e-11,2.1077e-11
2.0508e-11,1.2235e-11,2.0066e-11
2.1579e-11,6.8635e-12,1.7846e-11
1.6951e-11,6.6401e-12,1.4247e-11
3.1758e-11,2.6242e-11,3.151e-11
2.1275e-11,9.5133e-12,1.669e-11
3.0335e-11,1.3533e-11,2.5972e-11
3.3984e-11,1.5817e-11,3.0393e-11
1.8878e-11,5.9743e-12,2.0969e-11
1.8438e-11,6.1981e-12,1.8195e-11
2.0115e-11,4.8319e-12,1.9782e-11
3.1664e-11,8.5346e-12,2.9154e-11
3.8256e-11,1.0664e-11,3.3707e-11
3.3259e-11,1.4803e-11,2.9837e-11
3.9194e-11,1.8921e-11,3.8089e-11
3.2707e-11,8.6339e-12,2.905e-11
4.1888e-11,1.918e-11,4.0964e-11
3.0781e-11,4.4159e-12,3.0852e-11
2.5008e-11,2.7699e-11,1.353e-11
7.615e-12,1.9443e-11,1.0411e-11
1.6781e-11,1.3082e-11,1.403e-11
1.8922e-11,2.9623e-11,9.5058e-12
2.1239e-11,3.0798e-11,1.2851e-11
2.7686e-11,2.8017e-11,1.1876e-11
2.1252e-11,2.205e-11,1.3581e-11
1.3415e-11,1.4351e-11,1.7734e-11
1.1246e-11,1.4097e-11,1.8817e-11
1.8812e-11,2.4341e-11,2.2834e-11
2.8144e-11,3.8272e-11,3.5275e-11
2.1976e-11,9.5438e-12,1.0692e-11
1.4202e-11,7.1671e-12,1.2318e-11
1.4104e-11,1.8516e-11,1.8277e-11
1.6249e-11,1.0473e-11,1.0501e-11
1.4363e-11,8.2967e-12,1.4655e-11
3.0335e-11,2.6899e-11,3.2125e-11
3.2783e-11,3.0739e-11,3.5866e-11
2.4636e-11,2.1225e-11,2.5324e-11
1.4411e-11,7.8671e-12,1.9159e-11
2.0047e-11,8.3388e-12,1.3715e-11
1.6878e-11,8.7939e-12,1.7135e-11
3.0023e-11,2.6581e-11,3.6388e-11
1.7432e-11,5.8527e-12,1.5516e-11
2.5325e-11,1.0864e-11,2.3093e-11
3.8229e-11,2.2604e-11,3.4706e-11
1.3355e-11,1.0086e-11,1.7729e-11
1.7492e-11,5.0164e-12,1.7154e-11
1.4759e-11,7.1226e-12,1.5182e-11
3.6413e-11,1.9514e-11,3.5471e-11
1.8799e-11,7.1793e-12,2.0179e-11
1.8757e-11,7.635e-12,2.0281e-11
3.7469e-11,2.3987e-11,3.668e-11
1.8119e-11,5.4942e-12,1.8081e-11
1.7514e-11,4.9032e-12,1.9418e-11
1.7903e-11,5.8717e-12,1.9615e-11
3.8441e-11,1.104e-11,3.5633e-11
2.7354e-11,1.0542e-11,2.6901e-11
3.3538e-11,8.9618e-12,3.2468e-11
3.2019e-11,8.4291e-12,2.855e-11
4.1172e-11,1.9681e-11,4.411e-11
3.8673e-11,9.7356e-12,3.9654e-11
3.4329e-11,3.5234e-12,3.4394e-11
1.1328e-11,1.9776e-11,1.4774e-11
1.3113e-11,1.4141e-11,1.1387e-11
8.084e-12,1.7457e-11,1.1272e-11
9.3473e-12,2.0145e-11,1.296e-11
8.5155e-12,2.0868e-11,1.3973e-11
7.7743e-12,7.9751e-12,1.3993e-11
1.2232e-11,2.24e-11,1.2016e-11
1.893e-11,2.5439e-11,1.3319e-11
2.1613e-11,4.0466e-11,3.5288e-11
1.714e-11,3.3554e-11,2.673e-11
1.8406e-11,3.6719e-11,2.8431e-11
1.0501e-11,1.6559e-11,1.3204e-11
2.0246e-11,2.3543e-11,1.3071e-11
1.0821e-11,1.2934e-11,1.5296e-11
1.3775e-11,1.8412e-11,1.6245e-11
1.2761e-11,1.4945e-11,1.5497e-11
1.1053e-11,1.7633e-11,1.5765e-11
2.8664e-11,3.804e-11,3.4978e-11
1.0235e-11,1.2921e-11,1.6929e-11
1.8823e-11,1.0836e-11,2.3507e-11
1.2135e-11,1.8795e-11,1.9698e-11
1.657e-11,1.6134e-11,1.7707e-11
2.4753e-11,2.6186e-11,2.7538e-11
1.4903e-11,2.1284e-11,2.514e-11
1.4262e-11,6.2757e-12,1.3181e-11
2.3252e-11,2.2744e-11,2.6332e-11
1.3402e-11,1.2373e-11,1.7063e-11
2.2787e-11,1.3205e-11,1.7042e-11
1.6492e-11,7.8272e-12,1.4408e-11
1.5347e-11,8.762e-12,1.9128e-11
2.3828e-11,1.5746e-11,2.1316e-11
1.8343e-11,1.1021e-11,1.8301e-11
3.123e-11,2.5178e-11,3.1253e-11
1.5143e-11,5.7292e-12,1.3333e-11
1.7873e-11,5.2235e-12,1.7287e-11
2.1288e-11,6.898e-12,1.8922e-11
2.743e-11,1.1966e-11,2.241e-11
1.6728e-11,4.7606e-12,1.7645e-11
1.7455e-11,6.1555e-12,1.7219e-11
1.7504e-11,6.4204e-12,2.0552e-11
1.9705e-11,7.7838e-12,2.2406e-11
4.94e-11,1.905e-11,3.8231e-11
2.9429e-11,1.6313e-11,2.7331e-11
3.2682e-11,5.6293e-12,3.3125e-11
3.5976e-11,1.0354e-11,3.6878e-11
3.9386e-11,1.0928e-11,4.4431e-11
2.4141e-11,1.8988e-11,1.8999e-11
1.8627e-11,2.4692e-11,2.1993e-11
8.3472e-12,1.9129e-11,1.0518e-11
1.4457e-11,2.9401e-11,1.0706e-11
1.4585e-11,2.1506e-11,1.2684e-11
1.1198e-11,1.9525e-11,1.3246e-11
8.4592e-12,1.9103e-11,1.3025e-11
9.5901e-12,1.2012e-11,1.0621e-11
1.5885e-11,3.6169e-11,3.0372e-11
2.2597e-11,2.1772e-11,1.0811e-11
1.175e-11,1.8953e-11,1.4028e-11
1.2776e-11,1.9964e-11,1.1972e-11
1.4066e-11,2.1447e-11,1.2692e-11
1.2742e-11,2.8057e-11,2.3384e-11
9.8182e-12,1.906e-11,1.0996e-11
1.7009e-11,2.3343e-11,2.0074e-11
2.2154e-11,4.0706e-11,3.7711e-11
1.3861e-11,2.0414e-11,1.769e-11
1.585e-11,1.2853e-11,2.0559e-11
1.0638e-11,1.4621e-11,1.2666e-11
1.1461e-11,1.5022e-11,1.9236e-11
1.1086e-11,1.5364e-11,1.5451e-11
3.2208e-11,3.9254e-11,3.9236e-11
1.6628e-11,2.7086e-11,3.378e-11
1.4333e-11,1.1999e-11,1.8713e-11
1.9052e-11,1.7574e-11,2.4846e-11
1.5032e-11,2.3527e-11,2.8746e-11
1.6772e-11,1.0605e-11,1.7727e-11
1.9544e-11,7.2686e-12,1.7632e-11
2.049e-11,1.0225e-11,1.882e-11
3.3783e-11,2.4568e-11,3.2295e-11
1.5759e-11,4.2977e-12,1.5763e-11
3.3128e-11,1.5151e-11,2.9498e-11
1.6805e-11,5.5806e-12,1.7797e-11
1.6017e-11,6.9856e-12,1.7814e-11
2.0992e-11,6.3568e-12,1.9707e-11
4.9298e-11,1.8948e-11,4.2779e-11
3.7535e-11,1.8528e-11,3.4905e-11
2.3324e-11,5.1157e-12,2.4755e-11
2.6096e-11,1.1593e-11,2.6004e-11
4.1616e-11,1.9363e-11,4.0313e-11
3.3833e-11,2.8305e-12,3.5718e-11
7.7145e-12,2.1556e-11,1.0155e-11
1.5011e-11,2.7431e-11,1.0331e-11
1.4084e-11,2.2087e-11,1.2713e-11
2.544e-11,3.8873e-11,2.1212e-11
1.4266e-11,2.0417e-11,1.7058e-11
6.7827e-12,1.9331e-11,1.1195e-11
7.2287e-12,2.1439e-11,1.0356e-11
6.6296e-12,1.9502e-11,1.1172e-11
1.1415e-11,1.677e-11,1.2976e-11
1.0002e-11,1.7252e-11,1.2429e-11
1.4048e-11,3.1504e-11,2.8804e-11
1.7514e-11,3.2808e-11,1.3614e-11
1.1544e-11,2.7615e-11,2.211e-11
1.1538e-11,1.8103e-11,1.1555e-11
2.1177e-11,2.8451e-11,2.438e-11
2.3886e-11,2.2402e-11,1.1098e-11
2.8499e-11,4.2862e-11,3.7101e-11
1.9593e-11,2.2514e-11,1.0844e-11
9.9916e-12,1.4138e-11,1.4171e-11
1.0252e-11,1.3665e-11,1.4477e-11
1.0533e-11,1.2121e-11,1.7503e-11
9.3138e-12,1.109e-11,1.5151e-11
1.4527e-11,1.312e-11,1.6783e-11
1.7097e-11,1.3015e-11,9.1677e-12
1.8429e-11,9.8281e-12,9.7654e-12
1.8284e-11,2.9526e-11,4.2625e-11
1.2441e-11,1.2726e-11,1.4106e-11
1.3143e-11,6.7712e-12,1.7847e-11
1.8339e-11,1.4139e-11,1.9757e-11
1.5414e-11,1.0142e-11,1.8856e-11
1.481e-11,6.3853e-12,1.637e-11
2.0706e-11,1.3543e-11,2.1714e-11
1.5141e-11,6.7249e-12,1.4395e-11
1.8694e-11,6.7673e-12,1.7815e-11
1.8775e-11,7.2881e-12,1.9275e-11
4.039e-11,2.3256e-11,3.5891e-11
1.7295e-11,5.4967e-12,1.8062e-11
1.5204e-11,4.5715e-12,1.6898e-11
2.2076e-11,1.1644e-11,2.28e-11
1.6012e-11,7.4445e-12,1.8081e-11
3.8543e-11,2.4628e-11,3.8551e-11
3.7018e-11,2.3184e-11,3.6799e-11
2.5107e-11,1.2835e-11,2.4074e-11
2.1702e-11,5.8425e-12,2.2378e-11
4.6033e-11,1.8109e-11,4.2076e-11
2.1831e-11,7.0822e-12,2.1827e-11
2.5388e-11,6.4145e-12,2.5689e-11
2.8703e-11,9.1403e-12,2.7869e-11
3.4035e-11,8.1056e-12,3.3099e-11
3.7073e-11,9.2635e-12,3.6946e-11
3.5724e-11,9.336e-12,3.5421e-11
4.1704e-11,1.1292e-11,4.5338e-11
1.408e-11,2.6245e-11,9.4578e-12
9.7768e-12,2.5748e-11,1.6085e-11
1.1044e-11,2.3605e-11,1.5561e-11
1.5979e-11,2.1945e-11,1.8181e-11
7.0637e-12,1.9673e-11,1.068e-11
1.0553e-11,1.3834e-11,1.1227e-11
1.2607e-11,2.4524e-11,2.2518e-11
7.7596e-12,1.1155e-11,1.0027e-11
8.6363e-12,1.2176e-11,1.1387e-11
8.3873e-12,1.9377e-11,1.3818e-11
1.2195e-11,2.356e-11,2.079e-11
9.6134e-12,1.8892e-11,1.3102e-11
1.175e-11,1.7959e-11,1.4201e-11
2.2055e-11,2.6255e-11,1.181e-11
1.2786e-11,2.1612e-11,1.8509e-11
9.9219e-12,1.586e-11,1.3579e-11
2.2859e-11,3.6719e-11,4.1874e-11
1.6478e-11,1.8029e-11,1.6887e-11
1.1101e-11,1.5055e-11,1.3495e-11
1.3873e-11,1.4996e-11,1.5887e-11
2.2947e-11,2.362e-11,2.5936e-11
1.9454e-11,8.5108e-12,1.3371e-11
2.0869e-11,3.2773e-11,4.8553e-11
1.44e-11,4.5457e-12,1.6591e-11
1.5639e-11,7.7862e-12,1.7204e-11
2.1839e-11,3.1146e-11,4.1316e-11
1.4839e-11,4.978e-12,1.3989e-11
2.6616e-11,2.9301e-11,4.0191e-11
1.5151e-11,1.075e-11,1.8911e-11
1.511e-11,5.6903e-12,1.3431e-11
3.2794e-11,3.5296e-11,5.8826e-11
1.3177e-11,8.2348e-12,1.5554e-11
3.6879e-11,3.7867e-11,5.9903e-11
4.2799e-11,3.4889e-11,5.3127e-11
4.628e-11,3.454e-11,5.4208e-11
1.7253e-11,5.6262e-12,1.8591e-11
3.2922e-11,1.5882e-11,2.9618e-11
2.8603e-11,1.3484e-11,2.8325e-11
2.7389e-11,8.6507e-12,2.6933e-11
2.1032e-11,7.3489e-12,1.9929e-11
3.9162e-11,1.1854e-11,3.6007e-11
4.164e-11,1.1919e-11,3.882e-11
3.4267e-11,9.81e-12,3.1166e-11
2.8858e-11,9.0059e-12,2.7823e-11
3.1501e-11,7.0441e-12,3.1402e-11
3.1298e-11,6.7611e-12,3.0891e-11
3.1255e-11,3.4684e-12,3.3136e-11
3.6575e-11,7.9609e-12,3.6534e-11
3.1539e-11,5.15e-11,3.2304e-11
1.5148e-11,2.5303e-11,1.1494e-11
1.1129e-11,2.0297e-11,1.3261e-11
7.193e-12,2.0341e-11,1.0217e-11
1.8344e-11,2.5402e-11,2.0685e-11
9.9751e-12,2.2323e-11,1.4708e-11
2.1768e-11,2.8349e-11,2.5086e-11
1.0837e-11,1.7342e-11,1.2677e-11
8.4404e-12,1.8794e-11,1.0906e-11
1.0423e-11,2.1103e-11,1.2365e-11
1.0761e-11,2.171e-11,1.9907e-11
8.864e-12,1.7279e-11,1.1668e-11
8.5365e-12,1.8112e-11,1.2381e-11
1.6168e-11,2.4442e-11,2.042e-11
2.0043e-11,3.2989e-11,3.9433e-11
1.5113e-11,2.1018e-11,1.8014e-11
9.1501e-12,1.3907e-11,1.2907e-11
1.1324e-11,1.3933e-11,1.6321e-11
1.0279e-11,1.2309e-11,1.5883e-11
2.0373e-11,2.2929e-11,2.2263e-11
2.1108e-11,2.2816e-11,2.3822e-11
1.4313e-11,1.0836e-11,9.5987e-12
1.6519e-11,2.6287e-11,3.789e-11
3.3436e-11,3.3707e-11,3.698e-11
3.0992e-11,3.104e-11,3.4257e-11
1.461e-11,1.1534e-11,1.7159e-11
2.0384e-11,1.0784e-11,1.7139e-11
1.9343e-11,1.7189e-11,2.0255e-11
1.2321e-11,6.7904e-12,1.3052e-11
1.689e-11,7.7922e-12,1.2933e-11
2.349e-11,3.3345e-11,4.9209e-11
3.0881e-11,2.8682e-11,3.3586e-11
1.4543e-11,6.5896e-12,1.261e-11
1.6234e-11,1.0308e-11,1.6739e-11
3.8684e-11,3.3088e-11,5.148e-11
4.5523e-11,3.4201e-11,4.9726e-11
3.8186e-11,2.7848e-11,3.901e-11
1.5276e-11,3.1026e-12,1.6297e-11
2.0082e-11,4.8548e-12,1.9979e-11
1.6319e-11,5.0017e-12,1.6831e-11
2.2734e-11,8.3355e-12,2.3013e-11
3.0654e-11,9.1811e-12,2.869e-11
9.5703e-12,2.4764e-11,1.7763e-11
1.4759e-11,2.5961e-11,1.1852e-11
9.2255e-12,1.9094e-11,1.2041e-11
9.4658e-12,1.8551e-11,1.1285e-11
1.2024e-11,2.5065e-11,1.0823e-11
1.3405e-11,2.0224e-11,1.69e-11
1.069e-11,1.9356e-11,1.1893e-11
1.124e-11,1.6933e-11,1.2903e-11
1.7763e-11,2.295e-11,1.9271e-11
1.3886e-11,1.9493e-11,1.622e-11
1.2203e-11,1.9687e-11,1.5507e-11
8.4605e-12,1.7379e-11,1.2643e-11
2.0043e-11,3.4339e-11,4.0316e-11
1.5048e-11,2.7472e-11,3.0684e-11
3.163e-11,4.4637e-11,3.704e-11
1.0548e-11,1.9461e-11,1.9642e-11
2.9742e-11,4.2481e-11,3.6421e-11
1.1376e-11,1.1957e-11,1.642e-11
1.0127e-11,1.8236e-11,2.1389e-11
1.4431e-11,1.2615e-11,1.6144e-11
1.1972e-11,1.224e-11,1.5443e-11
2.603e-11,3.0771e-11,2.9761e-11
2.3349e-11,1.0087e-11,1.5613e-11
2.286e-11,8.5596e-12,1.2581e-11
1.3606e-11,1.1204e-11,1.6906e-11
1.4496e-11,6.5547e-12,1.1277e-11
1.1266e-11,1.0916e-11,1.4833e-11
1.3954e-11,1.187e-11,1.7637e-11
1.97e-11,3.1589e-11,4.9419e-11
1.7976e-11,1.5895e-11,1.8957e-11
1.6832e-11,1.9165e-11,2.5468e-11
1.4928e-11,7.2725e-12,1.6826e-11
1.5512e-11,1.0205e-11,1.858e-11
1.8052e-11,6.3897e-12,1.9903e-11
2.297e-11,2.1308e-11,3.1425e-11
3.4867e-11,3.1159e-11,3.7279e-11
1.3946e-11,5.308e-12,1.3527e-11
3.4623e-11,2.9491e-11,3.6051e-11
1.3837e-11,5.7105e-12,1.3619e-11
2.5317e-11,1.7351e-11,2.5157e-11
2.3624e-11,9.8257e-12,2.0806e-11
2.6272e-11,1.6462e-11,2.4824e-11
1.5945e-11,3.5211e-12,1.6524e-11
3.6859e-11,2.8356e-11,3.6773e-11
2.4639e-11,1.0625e-11,2.873e-11
1.5866e-11,5.0971e-12,1.8435e-11
1.9258e-11,7.5712e-12,2.0658e-11
2.9074e-11,1.4569e-11,2.7521e-11
4.4916e-11,2.3714e-11,4.4868e-11
3.0782e-11,9.5226e-12,2.7499e-11
1.9735e-11,4.8527e-12,1.9278e-11
2.1231e-11,6.0538e-12,2.3606e-11
2.3002e-11,9.7375e-12,2.1286e-11
3.895e-11,1.7338e-11,3.8172e-11
4.0581e-11,1.2989e-11,3.9379e-11
2.1075e-11,7.8892e-12,2.0973e-11
4.298e-11,1.9191e-11,4.286e-11
4.1155e-11,1.8143e-11,4.26e-11
2.3824e-11,3.7704e-12,2.3072e-11
3.1849e-11,1.006e-11,3.0961e-11
3.8601e-11,7.7126e-12,3.6358e-11
3.9989e-11,1.0114e-11,3.8831e-11
1.1644e-11,1.8476e-11,1.2211e-11
1.4125e-11,2.0722e-11,1.6161e-11
1.6339e-11,1.5016e-11,2.1173e-11
1.2097e-11,2.0014e-11,1.5817e-11
8.4542e-12,1.8369e-11,1.0808e-11
1.5677e-11,2.2481e-11,1.9357e-11
9.9735e-12,1.9152e-11,1.1793e-11
7.2405e-12,1.7321e-11,1.2793e-11
1.0984e-11,1.5252e-11,1.1088e-11
2.7958e-11,3.8931e-11,3.2348e-11
1.8213e-11,3.0163e-11,3.9562e-11
2.773e-11,3.6404e-11,3.0604e-11
3.1093e-11,4.0047e-11,3.6891e-11
2.9208e-11,3.2736e-11,3.2072e-11
1.2019e-11,8.2516e-12,1.2131e-11
1.098e-11,1.2771e-11,1.5556e-11
1.2964e-11,1.2076e-11,1.6034e-11
1.9213e-11,3.033e-11,4.1279e-11
3.4474e-11,3.1489e-11,3.7864e-11
1.8612e-11,8.9432e-12,1.8955e-11
1.9764e-11,1.5204e-11,2.1285e-11
1.3251e-11,6.7062e-12,1.6274e-11
2.0499e-11,1.129e-11,2.1394e-11
4.0373e-11,2.5946e-11,4.1863e-11
1.6895e-11,5.1683e-12,1.9059e-11
3.1816e-11,1.9961e-11,3.2967e-11
1.7871e-11,7.4691e-12,1.917e-11
3.7688e-11,2.4048e-11,3.7906e-11
1.9243e-11,3.5248e-12,2.0506e-11
3.2895e-11,9.3386e-12,3.2921e-11
3.2953e-11,8.9241e-12,3.3326e-11
2.436e-11,4.0408e-12,2.364e-11
2.8031e-11,6.3594e-12,2.8891e-11
2.5021e-11,4.7225e-12,2.4841e-11
2.5711e-11,6.372e-12,2.4922e-11
3.9011e-11,1.0885e-11,3.4848e-11
3.1372e-11,6.6132e-12,3.164e-11
3.7159e-11,9.1831e-12,3.5568e-11
4.0531e-11,1.0526e-11,4.1127e-11
1.1453e-11,2.6753e-11,2.2864e-11
9.2462e-12,9.7664e-12,8.7028e-12
2.6728e-11,3.8357e-11,3.2095e-11
1.0293e-11,1.9136e-11,1.1876e-11
1.1422e-11,1.977e-11,2.1317e-11
9.3713e-12,1.808e-11,1.099e-11
1.02e-11,1.918e-11,2.0391e-11
8.6163e-12,1.7174e-11,1.2302e-11
1.9696e-11,2.5122e-11,2.0566e-11
1.2341e-11,1.5942e-11,1.4049e-11
1.2903e-11,1.5921e-11,1.1956e-11
1.591e-11,2.3821e-11,1.8298e-11
1.0979e-11,1.5967e-11,1.1507e-11
1.2819e-11,2.0495e-11,2.7671e-11
1.2051e-11,1.6304e-11,1.4624e-11
1.8242e-11,2.9082e-11,4.3483e-11
1.0279e-11,1.4305e-11,1.3285e-11
1.6729e-11,2.6961e-11,3.9022e-11
2.9231e-11,2.9854e-11,3.1014e-11
1.433e-11,9.2168e-12,1.7713e-11
1.4348e-11,1.1289e-11,1.6518e-11
1.9515e-11,2.2838e-11,2.8169e-11
2.7328e-11,3.7898e-11,5.3006e-11
1.5873e-11,9.7721e-12,1.1858e-11
2.1207e-11,1.2311e-11,2.0322e-11
1.4319e-11,9.5098e-12,1.709e-11
3.2118e-11,2.7149e-11,3.3123e-11
2.1632e-11,1.2618e-11,1.9083e-11
1.699e-11,8.492e-12,1.6274e-11
2.3871e-11,1.3724e-11,1.9945e-11
1.4868e-11,8.1054e-12,1.6182e-11
3.1611e-11,2.6378e-11,3.2688e-11
4.3558e-11,3.3314e-11,4.957e-11
2.4607e-11,1.2823e-11,2.4505e-11
2.0883e-11,9.8303e-12,2.1479e-11
3.7406e-11,2.1795e-11,3.8439e-11
1.7107e-11,5.1908e-12,2.0231e-11
3.5703e-11,1.9389e-11,3.5839e-11
1.9645e-11,8.1417e-12,1.9739e-11
1.7703e-11,3.543e-12,1.7011e-11
1.9252e-11,3.0334e-12,2.0347e-11
3.4294e-11,1.0186e-11,3.4048e-11
2.6409e-11,5.9991e-12,2.6989e-11
3.5021e-11,9.8202e-12,3.566e-11
3.6567e-11,9.9162e-12,3.3842e-11
3.3135e-11,8.6791e-12,3.256e-11
4.059e-11,1.0329e-11,3.8216e-11
3.493e-11,7.3324e-12,3.4058e-11
4.0846e-11,1.1469e-11,3.9688e-11
9.2424e-12,1.969e-11,1.1855e-11
1.2888e-11,2.6764e-11,1.2622e-11
2.3075e-11,2.832e-11,2.2821e-11
8.6027e-12,1.7954e-11,1.0041e-11
1.2048e-11,2.074e-11,1.8023e-11
1.0254e-11,2.0953e-11,1.2782e-11
1.6461e-11,2.5876e-11,1.133e-11
8.7911e-12,1.9369e-11,1.2264e-11
2.6127e-11,3.9015e-11,3.1472e-11
1.0253e-11,2.1525e-11,2.1069e-11
2.0044e-11,2.1754e-11,1.2541e-11
9.8927e-12,1.4032e-11,1.5618e-11
1.3151e-11,2.0625e-11,1.4985e-11
1.2686e-11,1.7213e-11,1.2633e-11
1.3114e-11,1.5106e-11,1.5056e-11
7.874e-12,1.3813e-11,1.6219e-11
1.0197e-11,1.4858e-11,1.0724e-11
1.0693e-11,1.6993e-11,2.3001e-11
1.9213e-11,2.3094e-11,2.2199e-11
1.1416e-11,1.1999e-11,1.47e-11
1.2417e-11,1.2562e-11,1.5268e-11
1.3296e-11,1.2864e-11,2.0986e-11
2.1397e-11,2.035e-11,2.2703e-11
1.4559e-11,5.3499e-12,1.6276e-11
1.4793e-11,9.2499e-12,1.6282e-11
1.3989e-11,8.2395e-12,1.7766e-11
1.43e-11,6.621e-12,1.5924e-11
1.1807e-11,7.0916e-12,1.4232e-11
1.2744e-11,7.212e-12,1.2684e-11
2.5522e-11,2.1416e-11,2.6753e-11
1.3054e-11,8.7182e-12,1.2113e-11
1.5908e-11,6.0417e-12,1.5956e-11
2.428e-11,1.968e-11,2.5725e-11
3.397e-11,2.6903e-11,3.7937e-11
3.349e-11,2.6228e-11,4.0357e-11
1.4026e-11,4.6017e-12,1.712e-11
3.3165e-11,1.839e-11,3.0438e-11
3.6744e-11,2.5032e-11,3.6701e-11
1.8189e-11,4.0584e-12,1.8074e-11
2.3662e-11,8.662e-12,2.2229e-11
2.0409e-11,7.0781e-12,2.0028e-11
2.109e-11,5.8476e-12,2.1835e-11
4.7135e-11,2.441e-11,4.7106e-11
4.4737e-11,2.296e-11,4.5791e-11
3.8397e-11,2.0627e-11,3.916e-11
3.5407e-11,1.0889e-11,3.3547e-11
4.3048e-11,1.4759e-11,4.582e-11
2.4555e-11,5.5812e-12,2.479e-11
4.142e-11,1.336e-11,4.6026e-11
9.7797e-12,1.2545e-11,1.6994e-11
9.8078e-12,1.9026e-11,2.0848e-11
9.0042e-12,1.6549e-11,9.636e-12
2.6008e-11,3.9425e-11,3.1617e-11
2.2272e-11,3.1574e-11,2.4393e-11
1.2127e-11,2.2656e-11,2.6339e-11
1.4176e-11,2.4885e-11,3.6931e-11
1.8647e-11,2.0026e-11,1.9663e-11
2.2723e-11,9.5555e-12,9.8445e-12
2.0292e-11,1.1442e-11,1.8971e-11
1.3275e-11,2.0231e-11,2.3254e-11
1.7856e-11,9.3683e-12,1.3152e-11
1.5336e-11,6.2578e-12,1.4634e-11
1.5928e-11,1.9297e-11,2.4265e-11
1.3108e-11,6.9812e-12,1.3896e-11
2.7794e-11,2.6547e-11,2.8895e-11
1.3248e-11,7.3926e-12,1.2033e-11
1.2201e-11,8.3953e-12,1.5175e-11
3.2334e-11,3.0958e-11,3.4187e-11
1.7787e-11,1.426e-11,2.2262e-11
2.8759e-11,3.8942e-11,4.9651e-11
1.7273e-11,1.1201e-11,1.7062e-11
1.6118e-11,1.0238e-11,1.8443e-11
1.6039e-11,4.4224e-12,1.3842e-11
1.5538e-11,5.1648e-12,1.6432e-11
3.2566e-11,2.4728e-11,3.306e-11
1.3993e-11,6.4326e-12,1.6791e-11
1.5581e-11,7.2282e-12,1.6803e-11
3.8824e-11,2.8629e-11,3.9507e-11
2.9818e-11,1.8258e-11,3.2074e-11
4.0245e-11,2.2871e-11,4.0613e-11
2.2187e-11,6.3369e-12,2.2362e-11
1.9566e-11,5.26e-12,2.0459e-11
2.9275e-11,1.0777e-11,2.6809e-11
2.2462e-11,4.1208e-12,2.3172e-11
2.8411e-11,6.0043e-12,2.8611e-11
2.7268e-11,5.6324e-12,2.7632e-11
2.9133e-11,3.8782e-12,2.9523e-11
4.2339e-11,1.0893e-11,3.7804e-11
3.4976e-11,7.5826e-12,3.2693e-11
4.0306e-11,6.0325e-12,3.6583e-11
1.5052e-11,2.7641e-11,1.1717e-11
1.4781e-11,1.9569e-11,1.9621e-11
1.3469e-11,1.9005e-11,1.8484e-11
1.1556e-11,2.1365e-11,1.2482e-11
9.0275e-12,2.0777e-11,1.2914e-11
1.8597e-11,2.7263e-11,2.1703e-11
7.1119e-12,1.7086e-11,1.6624e-11
1.2401e-11,2.0456e-11,1.4431e-11
1.7193e-11,2.2478e-11,1.2266e-11
9.8721e-12,1.2502e-11,1.3368e-11
1.1437e-11,1.234e-11,1.4028e-11
1.598e-11,1.8999e-11,1.721e-11
1.3061e-11,7.7516e-12,1.1408e-11
1.5198e-11,1.5949e-11,1.7158e-11
1.1292e-11,8.7641e-12,1.5461e-11
1.5096e-11,1.5355e-11,2.2834e-11
1.584e-11,9.2193e-12,1.7636e-11
2.621e-11,3.5839e-11,4.3148e-11
1.6706e-11,1.2068e-11,1.7482e-11
1.269e-11,9.1255e-12,1.6047e-11
2.2544e-11,1.5301e-11,2.2201e-11
1.9234e-11,8.5227e-12,1.9456e-11
1.5066e-11,8.4541e-12,1.6249e-11
1.537e-11,6.56e-12,1.5403e-11
1.7222e-11,7.341e-12,1.692e-11
2.3095e-11,1.3642e-11,2.2066e-11
1.7225e-11,1.3124e-11,1.6774e-11
3.6714e-11,2.098e-11,3.7477e-11
2.303e-11,6.7263e-12,2.1092e-11
2.8934e-11,1.212e-11,2.9566e-11
2.2977e-11,7.784e-12,2.2286e-11
4.1264e-11,2.2987e-11,4.2368e-11
2.1293e-11,7.6036e-12,2.2992e-11
4.5804e-11,1.6295e-11,4.1446e-11
2.2588e-11,9.8438e-12,2.3436e-11
4.2976e-11,1.532e-11,4.4245e-11
2.8587e-11,7.8424e-12,2.6217e-11
3.9533e-11,1.1589e-11,4.0913e-11
3.6518e-11,1.0527e-11,3.4397e-11
3.558e-11,7.0209e-12,3.4486e-11
1.063e-11,3.4512e-11,1.185e-11
1.6786e-11,2.7969e-11,1.233e-11
1.5603e-11,2.7519e-11,1.1978e-11
1.7991e-11,2.677e-11,2.2587e-11
8.9418e-12,1.2823e-11,1.3861e-11
1.1986e-11,1.7796e-11,1.4678e-11
8.5455e-12,1.3119e-11,1.5837e-11
1.0004e-11,1.4323e-11,1.3626e-11
1.5147e-11,2.8515e-11,4.4476e-11
1.1441e-11,2.0849e-11,2.4245e-11
1.3458e-11,1.3745e-11,1.576e-11
1.793e-11,1.0045e-11,1.649e-11
1.4462e-11,2.1083e-11,2.1837e-11
1.7071e-11,7.3923e-12,1.9237e-11
1.3299e-11,6.1331e-12,1.4586e-11
2.5005e-11,2.6306e-11,3.6921e-11
1.4124e-11,6.2002e-12,1.3276e-11
2.1456e-11,1.5542e-11,2.3225e-11
1.546e-11,8.3872e-12,1.8875e-11
1.667e-11,5.4819e-12,1.6112e-11
1.4715e-11,5.2437e-12,1.5539e-11
1.5297e-11,6.1992e-12,1.6646e-11
2.6845e-11,1.2018e-11,2.6782e-11
1.9731e-11,7.5776e-12,1.9774e-11
2.1138e-11,7.6184e-12,1.9953e-11
1.8272e-11,6.4328e-12,1.7464e-11
1.7499e-11,6.2463e-12,1.8925e-11
2.4204e-11,9.698e-12,2.3015e-11
2.8773e-11,8.6319e-12,2.6722e-11
2.5604e-11,6.8529e-12,2.5533e-11
4.203e-11,1.5013e-11,4.0329e-11
3.2821e-11,8.7756e-12,3.0957e-11
4.2024e-11,1.2827e-11,4.3646e-11
4.3262e-11,1.2523e-11,4.4198e-11
3.9376e-11,1.0928e-11,3.5471e-11
4.2716e-11,1.2287e-11,3.7121e-11
2.449e-11,2.7421e-11,2.9995e-11
1.058e-11,1.8098e-11,1.0555e-11
1.4061e-11,2.4375e-11,1.6255e-11
8.0982e-12,1.6526e-11,1.3741e-11
1.047e-11,2.2498e-11,1.0758e-11
1.5151e-11,2.2258e-11,1.6497e-11
6.3927e-12,1.2237e-11,7.5017e-12
9.6484e-12,2.6818e-11,1.1949e-11
1.0453e-11,2.7509e-11,1.2514e-11
1.0659e-11,2.8779e-11,1.093e-11
1.489e-11,2.7518e-11,1.105e-11
9.3333e-12,1.8017e-11,1.0109e-11
1.1447e-11,2.2617e-11,2.5536e-11
3.0126e-11,4.5859e-11,3.4166e-11
2.8538e-11,4.2168e-11,3.0861e-11
9.1239e-12,1.9919e-11,2.689e-11
1.8144e-11,2.5672e-11,2.0862e-11
1.2158e-11,1.6696e-11,1.2627e-11
2.1618e-11,2.897e-11,2.3979e-11
1.2352e-11,1.3068e-11,1.3167e-11
1.0572e-11,1.5031e-11,1.3561e-11
1.083e-11,1.4177e-11,1.41e-11
9.8935e-12,1.6753e-11,1.9605e-11
2.1754e-11,7.7671e-12,1.1481e-11
1.5284e-11,1.6917e-11,1.7446e-11
1.6376e-11,1.1957e-11,1.0705e-11
1.2061e-11,9.3223e-12,1.6575e-11
2.5806e-11,5.4761e-12,1.9559e-11
1.5692e-11,1.3524e-11,1.6482e-11
1.2722e-11,7.5029e-12,1.5965e-11
2.6504e-11,2.6392e-11,2.7629e-11
1.5479e-11,9.0659e-12,1.2023e-11
1.9e-11,1.5635e-11,1.9413e-11
1.2883e-11,9.9618e-12,1.5337e-11
2.9918e-11,2.7625e-11,3.1682e-11
2.2334e-11,1.7655e-11,2.3435e-11
2.9937e-11,1.94e-11,2.7378e-11
2.1573e-11,1.3617e-11,2.4175e-11
1.549e-11,7.5093e-12,1.5332e-11
1.6612e-11,5.2977e-12,1.5351e-11
1.9865e-11,6.1666e-12,1.8116e-11
3.6295e-11,2.7682e-11,3.7276e-11
1.8402e-11,4.3007e-12,1.9129e-11
1.8919e-11,6.2204e-12,1.9841e-11
2.8425e-11,1.0961e-11,2.4832e-11
4.3239e-11,1.8701e-11,4.05e-11
2.0243e-11,5.2805e-12,2.2844e-11
2.6012e-11,6.8097e-12,2.3106e-11
2.7854e-11,7.2464e-12,2.4383e-11
4.4925e-11,2.0488e-11,5.1022e-11
2.5489e-11,6.1974e-12,2.6502e-11
2.7312e-11,4.4906e-12,2.8245e-11
1.8353e-11,1.443e-11,1.497e-11
2.1548e-11,2.1522e-11,2.2319e-11
1.1127e-11,2.097e-11,1.2485e-11
2.4269e-11,3.1814e-11,2.3844e-11
1.485e-11,2.178e-11,1.2358e-11
2.6816e-11,3.6845e-11,2.7675e-11
1.1286e-11,2.2739e-11,3.2685e-11
7.6947e-12,1.8803e-11,9.8782e-12
1.7929e-11,2.6455e-11,2.1263e-11
1.1313e-11,1.5388e-11,1.427e-11
1.5197e-11,2.7046e-11,4.2503e-11
1.8329e-11,2.2354e-11,2.007e-11
1.0543e-11,1.3786e-11,1.5154e-11
1.9316e-11,1.0754e-11,9.6281e-12
1.3427e-11,1.3162e-11,1.5126e-11
1.2731e-11,9.032e-12,1.5396e-11
1.8193e-11,5.9134e-12,1.4992e-11
1.3324e-11,6.0919e-12,1.3011e-11
1.5105e-11,1.8292e-11,2.1932e-11
1.1868e-11,7.7508e-12,1.5019e-11
3.1177e-11,3.1573e-11,3.3102e-11
2.0983e-11,8.8569e-12,1.9398e-11
1.9815e-11,7.8669e-12,1.8355e-11
2.3453e-11,1.9395e-11,2.4346e-11
1.6967e-11,9.6845e-12,1.9085e-11
2.5723e-11,1.9203e-11,2.5808e-11
1.3893e-11,6.3376e-12,1.4905e-11
2.2885e-11,1.5191e-11,2.3232e-11
1.4671e-11,8.3564e-12,1.4617e-11
1.646e-11,6.2753e-12,1.6994e-11
1.9364e-11,7.1455e-12,1.9222e-11
3.0128e-11,1.5106e-11,2.8059e-11
1.9854e-11,8.6462e-12,1.9306e-11
3.9693e-11,2.3419e-11,4.0185e-11
3.3377e-11,1.3575e-11,3.5604e-11
3.5168e-11,1.3887e-11,3.0792e-11
4.3784e-11,1.209e-11,3.8315e-11
3.6429e-11,9.0471e-12,3.1646e-11
3.6731e-11,1.5518e-11,3.259e-11
3.3146e-11,8.6715e-12,3.2546e-11
4.1993e-11,1.0524e-11,3.8212e-11
4.2213e-11,8.3998e-12,4.0728e-11
1.0605e-11,2.0115e-11,1.0842e-11
5.9244e-12,1.4835e-11,1.5165e-11
1.2833e-11,2.1143e-11,1.3386e-11
1.0371e-11,2.1104e-11,1.1556e-11
6.2039e-12,1.5204e-11,1.5927e-11
1.0506e-11,2.0083e-11,1.1072e-11
7.8609e-12,1.7499e-11,1.1813e-11
1.5878e-11,2.2994e-11,1.7676e-11
8.7318e-12,1.4309e-11,8.5179e-12
1.3302e-11,2.2405e-11,1.5035e-11
1.2011e-11,2.8924e-11,1.069e-11
9.815e-12,2.2322e-11,2.9191e-11
8.6883e-12,1.6278e-11,9.9884e-12
9.1275e-12,1.6633e-11,9.9667e-12
8.1667e-12,1.6855e-11,1.4335e-11
1.1916e-11,2.4352e-11,3.2433e-11
1.5348e-11,2.9621e-11,4.6746e-11
1.0625e-11,1.3919e-11,1.4203e-11
1.0605e-11,1.2373e-11,1.3126e-11
2.5882e-11,2.9989e-11,2.8166e-11
1.4675e-11,1.6456e-11,1.7076e-11
1.0025e-11,1.408e-11,1.4861e-11
2.4761e-11,2.5615e-11,2.5499e-11
1.8459e-11,1.9486e-11,1.9035e-11
1.26e-11,7.1562e-12,1.4691e-11
1.352e-11,5.8985e-12,1.3017e-11
1.2415e-11,7.4861e-12,1.2192e-11
2.4875e-11,6.7827e-12,1.9384e-11
1.1375e-11,8.3584e-12,1.3298e-11
1.634e-11,6.0576e-12,1.2976e-11
1.3457e-11,8.5918e-12,1.6534e-11
1.7261e-11,1.2996e-11,1.9861e-11
1.4872e-11,1.0238e-11,1.7185e-11
3.3864e-11,3.1512e-11,3.5515e-11
1.5185e-11,8.8665e-12,1.8497e-11
1.3497e-11,4.5193e-12,1.6139e-11
1.7867e-11,5.6155e-12,1.6985e-11
1.3553e-11,7.9063e-12,1.4347e-11
1.4024e-11,1.2072e-11,1.4037e-11
1.3987e-11,5.9057e-12,1.523e-11
2.7666e-11,1.2679e-11,2.578e-11
4.4065e-11,3.1678e-11,4.3341e-11
2.6387e-11,1.6206e-11,2.6593e-11
1.9727e-11,6.9286e-12,1.9009e-11
4.5227e-11,2.8005e-11,4.4135e-11
1.9887e-11,9.13e-12,2.0029e-11
3.023e-11,1.6124e-11,2.9382e-11
2.643e-11,1.0902e-11,2.4085e-11
3.8561e-11,2.0881e-11,4.2819e-11
2.0329e-11,5.1844e-12,2.1445e-11
4.1097e-11,1.7997e-11,4.0146e-11
3.895e-11,1.007e-11,3.6076e-11
3.2995e-11,7.465e-12,3.2656e-11
2.0437e-11,2.8826e-11,2.1796e-11
1.1685e-11,2.1166e-11,1.2232e-11
7.2256e-12,1.5903e-11,8.2584e-12
1.1477e-11,2.0579e-11,1.1207e-11
1.0303e-11,1.7684e-11,9.2009e-12
1.2882e-11,2.1634e-11,1.2292e-11
1.1436e-11,2.6828e-11,3.7097e-11
1.2861e-11,2.8979e-11,3.9647e-11
3.2147e-11,4.8059e-11,3.3508e-11
8.5964e-12,1.4876e-11,1.1948e-11
1.3573e-11,2.129e-11,1.5003e-11
8.6174e-12,1.5101e-11,1.0562e-11
1.154e-11,1.2827e-11,1.7901e-11
1.3415e-11,1.8678e-11,1.487e-11
1.0901e-11,1.6049e-11,1.5032e-11
1.9343e-11,9.2668e-12,1.677e-11
1.5388e-11,1.0057e-11,1.0454e-11
1.9555e-11,1.4557e-11,1.6065e-11
9.8776e-12,1.1962e-11,2.0995e-11
1.4437e-11,9.5513e-12,1.6676e-11
1.5872e-11,7.2216e-12,1.7914e-11
1.5754e-11,5.7618e-12,1.6485e-11
3.9766e-11,3.8007e-11,4.7578e-11
1.6581e-11,7.3462e-12,1.6441e-11
1.3028e-11,6.4762e-12,1.4867e-11
1.5494e-11,6.9629e-12,1.6835e-11
1.4075e-11,4.8098e-12,1.6889e-11
1.7779e-11,9.4837e-12,1.7667e-11
1.5654e-11,6.5682e-12,1.6144e-11
2.8809e-11,1.4056e-11,2.6526e-11
1.7018e-11,4.6948e-12,1.7648e-11
3.119e-11,1.5194e-11,3.0246e-11
2.7852e-11,9.9362e-12,2.759e-11
2.1953e-11,4.931e-12,2.1207e-11
2.3331e-11,6.2036e-12,2.0143e-11
3.3689e-11,1.3535e-11,3.7617e-11
4.2005e-11,1.6513e-11,4.0322e-11
4.7458e-11,2.0754e-11,4.4855e-11
3.1735e-11,8.3918e-12,3.1734e-11
2.542e-11,6.7869e-12,2.3783e-11
4.0244e-11,1.3335e-11,3.9497e-11
3.7007e-11,9.3125e-12,3.3706e-11
4.0774e-11,1.2241e-11,3.6349e-11
3.2212e-11,8.9253e-12,2.6922e-11
4.3005e-11,1.2911e-11,4.0747e-11
1.3924e-11,2.4014e-11,1.412e-11
8.5596e-12,1.6568e-11,9.1204e-12
2.086e-11,3.0859e-11,2.1851e-11
1.1077e-11,1.4103e-11,1.6238e-11
1.7395e-11,1.7623e-11,1.4718e-11
2.1362e-11,3.184e-11,2.279e-11
8.7908e-12,1.7207e-11,1.1215e-11
9.0805e-12,1.7713e-11,1.476e-11
1.1853e-11,2.2656e-11,2.6019e-11
1.3049e-11,2.7672e-11,4.0797e-11
8.5868e-12,1.3069e-11,1.4191e-11
5.8596e-12,1.6815e-11,1.8893e-11
9.3363e-12,1.5397e-11,9.9993e-12
1.0352e-11,1.2299e-11,1.1887e-11
9.0315e-12,1.5574e-11,1.8521e-11
1.3618e-11,1.9733e-11,1.3628e-11
1.5149e-11,1.6812e-11,1.611e-11
3.1122e-11,3.4778e-11,3.2099e-11
1.997e-11,3.1814e-11,3.4829e-11
2.7116e-11,2.8131e-11,2.7226e-11
1.1963e-11,8.1638e-12,1.1416e-11
2.1226e-11,3.5214e-11,3.9049e-11
1.7019e-11,1.3359e-11,1.6538e-11
2.3999e-11,2.8216e-11,3.0717e-11
1.936e-11,6.375e-12,1.6988e-11
1.4892e-11,7.5184e-12,1.1584e-11
1.5464e-11,1.169e-11,1.8875e-11
2.0619e-11,1.8664e-11,2.0953e-11
2.5389e-11,2.2561e-11,3.0419e-11
1.5227e-11,9.6086e-12,1.6663e-11
2.0663e-11,1.2169e-11,2.026e-11
1.748e-11,8.7502e-12,1.6349e-11
3.9632e-11,3.5224e-11,4.4527e-11
1.6941e-11,5.3233e-12,1.5778e-11
1.6833e-11,6.7666e-12,1.807e-11
3.2339e-11,2.1597e-11,3.2405e-11
4.2034e-11,2.526e-11,4.2889e-11
1.7913e-11,4.6732e-12,1.7087e-11
3.2571e-11,1.4284e-11,3.1378e-11
2.4814e-11,8.0983e-12,2.7417e-11
2.2536e-11,7.1768e-12,2.1377e-11
2.2964e-11,5.4879e-12,2.3281e-11
4.3043e-11,2.0252e-11,4.4745e-11
3.1348e-11,1.1143e-11,2.8319e-11
2.7229e-11,1.0789e-11,2.5034e-11
3.5901e-11,1.0957e-11,3.5966e-11
2.3997e-11,6.3297e-12,2.7005e-11
4.3329e-11,1.3576e-11,4.1165e-11
3.3292e-11,8.8016e-12,3.4073e-11
1.6045e-11,1.5811e-11,1.6946e-11
3.2919e-11,4.8623e-11,3.3073e-11
8.4471e-12,1.3728e-11,1.5193e-11
2.8074e-11,3.8746e-11,2.6673e-11
1.5531e-11,2.3379e-11,1.6412e-11
2.3028e-11,2.4703e-11,2.3747e-11
1.363e-11,7.9325e-12,9.0573e-12
1.8444e-11,2.4673e-11,2.2732e-11
1.5043e-11,8.4319e-12,1.5394e-11
1.4334e-11,7.3498e-12,1.4772e-11
1.3718e-11,9.0997e-12,1.0942e-11
2.0365e-11,2.1371e-11,2.431e-11
2.0555e-11,5.6831e-12,1.7515e-11
3.4908e-11,3.1399e-11,3.5469e-11
2.5386e-11,1.8778e-11,2.7954e-11
1.5649e-11,8.9179e-12,1.5153e-11
1.9275e-11,9.1674e-12,2.0483e-11
1.4864e-11,6.0626e-12,1.8534e-11
1.9991e-11,8.298e-12,2.2315e-11
4.4541e-11,2.6518e-11,4.9402e-11
2.2904e-11,1.3826e-11,2.3711e-11
1.6396e-11,6.6144e-12,1.9482e-11
1.8683e-11,6.5735e-12,1.8259e-11
1.9928e-11,5.266e-12,2.1095e-11
2.471e-11,6.6693e-12,2.4139e-11
4.1755e-11,9.0987e-12,3.6623e-11
1.275e-11,2.2226e-11,1.8286e-11
5.5178e-12,1.5445e-11,1.6001e-11
9.4046e-12,2.7601e-11,1.029e-11
1.0223e-11,1.739e-11,1.0583e-11
6.7931e-12,1.9629e-11,1.0533e-11
7.1258e-12,1.3306e-11,8.2195e-12
7.1865e-12,1.3895e-11,9.9178e-12
7.4737e-12,1.1458e-11,1.2859e-11
1.5611e-11,3.4388e-11,5.3475e-11
1.1692e-11,3.4138e-11,4.5779e-11
9.8674e-12,1.6059e-11,1.4213e-11
1.0301e-11,1.6174e-11,1.0411e-11
1.9519e-11,2.4722e-11,1.9925e-11
1.2051e-11,2.3292e-11,2.3207e-11
7.1786e-12,1.2986e-11,1.7527e-11
1.3526e-11,1.7436e-11,1.8365e-11
1.3807e-11,6.7068e-12,1.0475e-11
1.047e-11,8.2589e-12,1.1281e-11
1.63e-11,5.3149e-12,1.4393e-11
1.426e-11,6.0646e-12,1.2738e-11
1.6732e-11,1.1908e-11,1.8417e-11
1.5238e-11,7.2797e-12,1.5576e-11
1.3882e-11,7.969e-12,1.6431e-11
1.5493e-11,1.3532e-11,1.7057e-11
1.5512e-11,7.7258e-12,1.7012e-11
1.7288e-11,5.3913e-12,1.8275e-11
2.214e-11,9.6267e-12,2.1924e-11
2.9149e-11,1.5826e-11,3.0283e-11
2.7573e-11,1.1514e-11,2.7165e-11
3.6502e-11,2.5086e-11,3.7855e-11
1.8993e-11,5.2375e-12,2.0718e-11
3.8823e-11,2.3264e-11,4.1156e-11
4.1193e-11,2.2922e-11,4.7171e-11
2.4676e-11,6.6354e-12,2.0892e-11
3.2703e-11,9.7519e-12,3.4883e-11
3.3721e-11,1.0435e-11,2.8172e-11
3.8558e-11,9.8376e-12,3.5492e-11
5.9549e-12,1.762e-11,1.8522e-11
9.8776e-12,1.4487e-11,1.6081e-11
8.2807e-12,1.7772e-11,1.9792e-11
8.629e-12,1.4634e-11,1.7041e-11
2.8837e-11,4.0936e-11,2.776e-11
7.9156e-12,1.2852e-11,1.7795e-11
1.2336e-11,1.9664e-11,1.8209e-11
3.3991e-11,3.8263e-11,3.3962e-11
2.738e-11,4.367e-11,4.6687e-11
1.5221e-11,1.4788e-11,1.5529e-11
1.7226e-11,1.6859e-11,1.6665e-11
2.1484e-11,2.9905e-11,3.1791e-11
1.0469e-11,1.0638e-11,1.8705e-11
1.6379e-11,1.2542e-11,1.9407e-11
1.3511e-11,6.9133e-12,1.5282e-11
4.0264e-11,4.8457e-11,4.8881e-11
1.8751e-11,9.8896e-12,1.5889e-11
3.0244e-11,2.7366e-11,3.2684e-11
2.3936e-11,1.7501e-11,2.464e-11
2.1225e-11,1.4176e-11,2.1731e-11
1.8212e-11,6.4465e-12,1.6717e-11
1.7812e-11,8.4666e-12,1.8594e-11
2.8695e-11,2.1958e-11,3.4802e-11
4.3573e-11,2.9818e-11,4.7474e-11
4.4165e-11,2.9182e-11,4.6641e-11
3.7206e-11,2.3099e-11,3.8223e-11
4.0142e-11,2.455e-11,4.271e-11
1.9163e-11,5.6372e-12,1.8876e-11
2.3667e-11,7.0104e-12,2.3923e-11
2.4603e-11,7.6001e-12,2.4366e-11
2.56e-11,6.9073e-12,2.5318e-11
4.5459e-11,1.9011e-11,4.3978e-11
2.3031e-11,5.4476e-12,2.4256e-11
2.3297e-11,5.0531e-12,2.4334e-11
2.7199e-11,7.5283e-12,2.806e-11
3.5739e-11,1.0275e-11,3.7938e-11
2.8198e-11,9.587e-12,3.18e-11
2.8782e-11,8.4239e-12,3.0036e-11
3.1629e-11,6.7185e-12,3.1163e-11
3.6053e-11,8.372e-12,3.3706e-11
5.6553e-12,1.6877e-11,1.8048e-11
8.1569e-12,1.5628e-11,6.6957e-12
9.6605e-12,1.3329e-11,9.7908e-12
2.0371e-11,2.9837e-11,2.1008e-11
1.2639e-11,1.6808e-11,1.2728e-11
6.3152e-12,2.1574e-11,2.9184e-11
1.9047e-11,2.7442e-11,2.0134e-11
9.0306e-12,2.0337e-11,2.267e-11
7.666e-12,1.551e-11,1.2401e-11
8.4195e-12,2.6359e-11,3.0143e-11
7.1231e-12,2.4608e-11,3.1332e-11
5.7329e-12,2.3423e-11,2.7501e-11
1.2804e-11,1.9149e-11,1.1223e-11
6.5541e-12,1.7447e-11,1.0134e-11
2.5103e-11,3.6688e-11,2.5024e-11
2.4113e-11,3.4335e-11,2.4735e-11
1.7045e-11,1.8951e-11,1.4916e-11
2.4243e-11,3.4307e-11,2.4684e-11
5.3196e-12,1.1811e-11,1.2241e-11
1.4976e-11,2.4006e-11,1.6152e-11
8.6626e-12,2.9485e-11,3.588e-11
8.8797e-12,1.3735e-11,1.2321e-11
1.7122e-11,3.5251e-11,3.7097e-11
2.044e-11,2.3375e-11,1.988e-11
9.8311e-12,8.3661e-12,1.0637e-11
1.218e-11,1.2695e-11,1.1497e-11
1.5331e-11,1.0066e-11,1.6451e-11
1.3136e-11,6.0906e-12,1.3132e-11
1.4828e-11,6.4892e-12,1.5174e-11
1.9979e-11,2.0404e-11,2.3794e-11
3.8031e-11,5.0339e-11,4.9525e-11
1.5545e-11,8.8891e-12,1.785e-11
1.5857e-11,8.4785e-12,1.7634e-11
1.8587e-11,1.4559e-11,2.4546e-11
1.3742e-11,5.655e-12,1.4741e-11
1.6425e-11,1.1662e-11,1.7644e-11
1.5075e-11,4.3488e-12,1.8474e-11
4.1522e-11,2.3203e-11,4.4314e-11
2.5013e-11,1.1805e-11,2.846e-11
2.0352e-11,4.5546e-12,2.1007e-11
3.6693e-11,1.7847e-11,3.8093e-11
2.1108e-11,7.7627e-12,2.2476e-11
2.9564e-11,8.3436e-12,3.2182e-11
4.2348e-11,1.8254e-11,4.6755e-11
3.2529e-11,1.0802e-11,2.784e-11
3.1048e-11,7.512e-12,3.2275e-11
4.6293e-11,1.2812e-11,4.1328e-11
3.9643e-11,7.0061e-12,3.5902e-11
4.3284e-11,8.2221e-12,3.9516e-11
1.4083e-11,1.3565e-11,9.0127e-12
2.2302e-11,3.3078e-11,2.2967e-11
8.9261e-12,1.5652e-11,1.3769e-11
5.1154e-12,2.1329e-11,1.1744e-11
1.0415e-11,1.7408e-11,1.0456e-11
1.1027e-11,3.3745e-11,4.5002e-11
5.4718e-12,2.5468e-11,2.8697e-11
1.0374e-11,1.7618e-11,1.0098e-11
9.4545e-12,1.5558e-11,1.4021e-11
1.6406e-11,2.6393e-11,1.7766e-11
2.2921e-11,3.2052e-11,2.4609e-11
8.177e-12,1.5412e-11,1.6883e-11
3.0265e-11,3.2911e-11,2.9596e-11
1.2259e-11,1.9596e-11,1.6703e-11
1.4266e-11,1.4191e-11,1.4294e-11
1.3261e-11,5.4254e-12,1.3266e-11
2.1292e-11,2.0521e-11,2.0977e-11
1.6196e-11,9.1027e-12,1.7626e-11
3.2722e-11,4.5408e-11,4.5561e-11
2.1228e-11,2.0475e-11,2.4159e-11
3.61e-11,3.3788e-11,3.6045e-11
2.2698e-11,1.8315e-11,2.3569e-11
3.2763e-11,2.6865e-11,3.2479e-11
1.7451e-11,1.0321e-11,1.9168e-11
4.1855e-11,3.4129e-11,5.2581e-11
3.2968e-11,2.4463e-11,3.2811e-11
1.7784e-11,5.4576e-12,1.8525e-11
1.6638e-11,8.0383e-12,1.8568e-11
3.8508e-11,2.8062e-11,3.9443e-11
2.8998e-11,1.2038e-11,2.832e-11
4.1136e-11,2.0575e-11,4.5581e-11
3.475e-11,1.4595e-11,3.5056e-11
2.7473e-11,8.0725e-12,2.7315e-11
3.5356e-11,1.0792e-11,3.6455e-11
3.4565e-11,9.6342e-12,3.6849e-11
4.1075e-11,1.1038e-11,3.888e-11
3.0506e-11,7.743e-12,3.1675e-11
4.2543e-11,8.5927e-12,3.8326e-11
6.0209e-12,1.2924e-11,9.9512e-12
5.6162e-12,2.3945e-11,1.2378e-11
1.2507e-11,2.0821e-11,1.1682e-11
5.9475e-12,2.5034e-11,3.0398e-11
2.532e-11,3.3755e-11,2.3501e-11
6.9038e-12,2.8655e-11,3.3371e-11
1.4274e-11,1.8466e-11,1.5222e-11
2.9291e-11,3.9425e-11,2.564e-11
1.0398e-11,1.6657e-11,1.5617e-11
3.216e-11,4.7643e-11,3.1711e-11
1.4675e-11,1.3835e-11,9.8992e-12
1.0936e-11,1.7344e-11,1.1019e-11
1.1409e-11,1.8243e-11,1.0246e-11
2.6695e-11,3.2347e-11,2.2932e-11
1.2034e-11,2.8472e-11,3.172e-11
1.6272e-11,2.082e-11,1.597e-11
2.2512e-11,2.7784e-11,2.1109e-11
8.0591e-12,1.266e-11,1.699e-11
1.111e-11,2.6542e-11,2.4909e-11
1.2474e-11,1.8851e-11,1.8436e-11
2.3782e-11,4.8505e-11,4.7884e-11
1.629e-11,9.8522e-12,1.2727e-11
2.0198e-11,1.9484e-11,1.9532e-11
1.2172e-11,6.0782e-12,1.3149e-11
1.1106e-11,9.207e-12,1.2606e-11
3.3383e-11,3.1399e-11,3.2738e-11
2.3785e-11,1.9064e-11,2.3397e-11
2.8284e-11,2.3101e-11,3.4176e-11
1.7194e-11,7.8659e-12,1.5046e-11
1.9456e-11,7.9393e-12,1.949e-11
1.5221e-11,9.2314e-12,1.4747e-11
1.7522e-11,9.6087e-12,1.6994e-11
1.5594e-11,6.5086e-12,1.6594e-11
1.6645e-11,6.3417e-12,1.7666e-11
1.8748e-11,8.9996e-12,1.9258e-11
2.1212e-11,6.8647e-12,2.0202e-11
1.928e-11,9.6033e-12,2.0337e-11
4.4264e-11,2.5171e-11,4.7348e-11
4.2662e-11,1.8355e-11,4.2641e-11
2.6493e-11,9.5624e-12,2.8301e-11
4.0213e-11,9.3027e-12,3.9306e-11
3.8091e-11,8.9613e-12,3.5977e-11
1.5294e-11,2.2942e-11,2.1169e-11
1.2558e-11,1.484e-11,1.0651e-11
8.9457e-12,2.3911e-11,1.5023e-11
6.6846e-12,3.2389e-11,1.1251e-11
6.5512e-12,2.3295e-11,1.2419e-11
6.0005e-12,2.4294e-11,2.9445e-11
1.2402e-11,2.11e-11,1.1642e-11
1.4426e-11,1.8861e-11,1.2556e-11
8.9133e-12,1.2593e-11,9.9731e-12
7.6275e-12,1.9438e-11,1.1845e-11
7.0551e-12,2.2405e-11,2.2376e-11
6.6264e-12,2.4096e-11,2.3335e-11
5.6004e-12,2.4678e-11,2.8334e-11
7.0161e-12,1.8766e-11,1.0011e-11
7.1428e-12,1.1872e-11,1.4827e-11
7.608e-12,1.6731e-11,1.7792e-11
1.7469e-11,4.7914e-11,4.7878e-11
1.1325e-11,1.6896e-11,1.3078e-11
1.2485e-11,1.3977e-11,1.366e-11
1.9661e-11,5.1465e-11,4.2842e-11
1.3991e-11,1.4677e-11,1.5072e-11
1.1232e-11,1.2468e-11,1.5162e-11
2.6538e-11,2.4069e-11,2.535e-11
1.1956e-11,5.3766e-12,1.373e-11
1.3444e-11,7.6189e-12,1.3465e-11
1.6359e-11,6.7668e-12,1.7324e-11
1.6419e-11,9.6901e-12,1.3888e-11
2.3882e-11,1.6262e-11,2.4799e-11
1.9097e-11,7.9242e-12,1.9306e-11
2.6718e-11,1.7423e-11,2.9246e-11
3.7303e-11,2.4215e-11,3.8486e-11
1.8705e-11,6.5271e-12,2.0592e-11
2.4633e-11,8.1153e-12,2.1462e-11
2.3329e-11,1.1783e-11,1.83e-11
2.1279e-11,6.1174e-12,1.9059e-11
3.042e-11,1.5079e-11,2.5443e-11
2.6211e-11,7.1903e-12,2.6506e-11
3.0251e-11,8.0182e-12,3.1469e-11
1.1565e-11,2.0353e-11,1.0792e-11
8.9958e-12,1.7676e-11,1.7009e-11
1.0667e-11,1.7262e-11,8.0609e-12
1.2621e-11,1.8573e-11,1.1087e-11
2.6251e-11,3.5217e-11,2.3465e-11
9.4228e-12,1.6544e-11,1.3408e-11
6.8672e-12,2.1223e-11,2.2566e-11
8.9224e-12,3.8794e-11,4.6794e-11
8.3457e-12,1.4451e-11,7.4502e-12
9.4366e-12,3.853e-11,4.4364e-11
9.4846e-12,1.4125e-11,1.5501e-11
1.5211e-11,2.382e-11,1.4391e-11
6.609e-12,2.2347e-11,1.0332e-11
8.3901e-12,1.2046e-11,1.3467e-11
9.4368e-12,4.392e-11,4.4177e-11
7.6117e-12,1.9748e-11,1.0912e-11
4.9492e-12,1.4671e-11,1.1675e-11
1.5284e-11,1.438e-11,1.0711e-11
3.0125e-11,4.5421e-11,3.1091e-11
9.8267e-12,1.63e-11,9.5622e-12
1.6981e-11,4.2166e-11,3.5751e-11
8.0625e-12,1.0582e-11,1.5684e-11
2.0136e-11,5.7648e-11,4.7227e-11
2.6433e-11,2.7735e-11,2.2717e-11
2.6975e-11,5.5141e-11,4.904e-11
1.0723e-11,1.5841e-11,1.3051e-11
9.9313e-12,9.1482e-12,1.5441e-11
2.8648e-11,3.2365e-11,3.1807e-11
3.3226e-11,3.0959e-11,3.1941e-11
2.4368e-11,1.9887e-11,2.3421e-11
2.3315e-11,1.9561e-11,2.4327e-11
3.7523e-11,3.2852e-11,3.615e-11
1.5996e-11,7.5982e-12,1.6723e-11
1.997e-11,8.8031e-12,1.9824e-11
1.6934e-11,7.3478e-12,1.784e-11
1.9167e-11,8.7731e-12,2.0132e-11
3.6543e-11,2.2173e-11,3.5918e-11
4.0291e-11,2.4736e-11,4.1243e-11
2.4863e-11,9.3762e-12,1.9291e-11
2.4315e-11,7.0008e-12,2.4099e-11
2.9268e-11,7.6617e-12,2.5179e-11
3.6424e-11,1.019e-11,3.7054e-11
2.784e-11,9.62e-12,3.0309e-11
4.8187e-11,1.1718e-11,3.7868e-11
4.338e-11,8.3121e-12,4.033e-11
8.8151e-12,2.1791e-11,1.1847e-11
1.1106e-11,1.3001e-11,1.3117e-11
7.4606e-12,1.1228e-11,5.523e-12
1.4687e-11,2.3057e-11,1.3073e-11
8.0979e-12,2.2428e-11,2.4314e-11
5.831e-12,1.9757e-11,1.1554e-11
2.0432e-11,3.1022e-11,2.135e-11
1.0347e-11,1.8958e-11,1.3154e-11
5.7228e-12,1.6538e-11,1.1718e-11
8.3295e-12,3.3776e-11,2.8736e-11
1.0548e-11,1.0823e-11,1.5555e-11
1.1044e-11,1.1019e-11,1.5579e-11
8.4769e-12,1.1065e-11,1.5235e-11
9.8113e-12,1.2081e-11,1.3878e-11
3.0285e-11,6.0352e-11,5.3557e-11
3.6467e-11,5.6481e-11,5.2885e-11
2.3233e-11,2.6134e-11,3.7937e-11
1.7461e-11,1.2618e-11,1.775e-11
1.9643e-11,1.324e-11,2.4122e-11
1.3664e-11,7.1426e-12,1.5871e-11
1.6726e-11,8.6115e-12,1.7625e-11
1.9334e-11,9.771e-12,1.6379e-11
2.4439e-11,1.7663e-11,2.939e-11
1.5154e-11,1.0854e-11,1.5587e-11
2.4828e-11,1.3526e-11,2.491e-11
3.8544e-11,2.3238e-11,4.2711e-11
2.0545e-11,1.1242e-11,2.3045e-11
1.9445e-11,7.6342e-12,2.0548e-11
2.5672e-11,9.5037e-12,2.1839e-11
2.4008e-11,8.9738e-12,2.6785e-11
3.0302e-11,8.6558e-12,2.4053e-11
4.3304e-11,2.0152e-11,4.2764e-11
4.6123e-11,2.378e-11,4.714e-11
3.7058e-11,1.4353e-11,2.8978e-11
4.3355e-11,1.7284e-11,4.1175e-11
4.3109e-11,1.2823e-11,4.3464e-11
4.6342e-11,1.225e-11,3.787e-11
5.082e-11,1.257e-11,3.9693e-11
5.7527e-12,2.482e-11,2.7271e-11
1.0441e-11,1.4265e-11,1.3846e-11
7.1084e-12,1.5204e-11,1.7995e-11
1.1435e-11,2.4457e-11,1.2757e-11
1.8359e-11,2.3292e-11,1.5704e-11
1.1288e-11,1.2209e-11,1.3499e-11
1.0179e-11,1.8096e-11,1.5921e-11
1.5277e-11,2.4811e-11,1.5017e-11
1.4021e-11,2.1633e-11,1.3648e-11
1.0873e-11,4.6866e-11,5.178e-11
7.1953e-12,1.9436e-11,1.4221e-11
9.19e-12,1.6854e-11,1.8443e-11
1.9114e-11,3.6424e-11,3.1098e-11
9.1391e-12,1.1221e-11,1.5144e-11
1.4482e-11,1.8363e-11,1.5129e-11
2.1586e-11,5.6596e-11,4.3842e-11
1.0938e-11,1.562e-11,1.3858e-11
1.0322e-11,1.4007e-11,1.3834e-11
1.2267e-11,8.5918e-12,1.1682e-11
1.794e-11,2.0071e-11,2.3151e-11
1.4994e-11,1.113e-11,1.6742e-11
1.4983e-11,9.8461e-12,1.2591e-11
3.7302e-11,3.5206e-11,3.6422e-11
1.9211e-11,1.842e-11,3.4616e-11
2.6065e-11,2.0279e-11,3.2028e-11
2.7244e-11,1.9555e-11,2.7089e-11
2.496e-11,1.2084e-11,2.3425e-11
2.8301e-11,1.7862e-11,3.0149e-11
2.2399e-11,1.2359e-11,2.7417e-11
2.0257e-11,1.2951e-11,2.562e-11
2.1561e-11,9.2537e-12,1.9364e-11
1.9041e-11,9.975e-12,1.8999e-11
2.1416e-11,7.7837e-12,1.7037e-11
2.3646e-11,1.0932e-11,2.7504e-11
2.6234e-11,1.3001e-11,2.567e-11
2.2215e-11,9.0005e-12,1.8209e-11
2.0148e-11,6.1879e-12,1.8637e-11
2.2707e-11,7.6654e-12,2.2133e-11
2.3306e-11,7.8381e-12,2.2875e-11
4.4053e-11,2.4415e-11,4.2874e-11
4.9118e-11,2.1696e-11,4.9189e-11
3.221e-11,9.2726e-12,3.1283e-11
3.9366e-11,8.6409e-12,3.5457e-11
4.5228e-11,1.1317e-11,4.2413e-11
4.2432e-11,8.8532e-12,3.9033e-11
1.2686e-11,1.281e-11,1.1815e-11
1.2614e-11,1.3035e-11,1.1406e-11
1.2384e-11,1.5995e-11,6.9766e-12
1.0715e-11,1.5372e-11,7.6716e-12
7.545e-12,3.9257e-11,1.0478e-11
1.5846e-11,2.4859e-11,1.4682e-11
2.6231e-11,3.5127e-11,2.3078e-11
6.8708e-12,1.9573e-11,1.1751e-11
1.9747e-11,1.7725e-11,1.3842e-11
1.2197e-11,1.8698e-11,1.5891e-11
1.1389e-11,9.8657e-12,1.3074e-11
1.0889e-11,1.5233e-11,8.6066e-12
1.5076e-11,2.0256e-11,1.2625e-11
3.4455e-11,5.0798e-11,3.3955e-11
4.6675e-12,1.6789e-11,1.1464e-11
7.2442e-12,1.6244e-11,1.2527e-11
1.1625e-11,1.6379e-11,1.0239e-11
1.4235e-11,4.9336e-11,4.8636e-11
1.7746e-11,5.8984e-11,5.551e-11
1.0112e-11,1.3883e-11,1.3748e-11
1.5405e-11,2.2939e-11,2.3375e-11
1.9152e-11,3.8969e-11,3.6122e-11
1.9785e-11,1.9645e-11,1.8319e-11
1.6972e-11,2.2275e-11,2.3787e-11
1.4475e-11,1.1995e-11,1.595e-11
1.6638e-11,1.3657e-11,1.7098e-11
1.2592e-11,1.0835e-11,1.4668e-11
2.2944e-11,1.4285e-11,2.5175e-11
1.5682e-11,8.4548e-12,1.6296e-11
1.6683e-11,7.501e-12,1.5151e-11
2.8099e-11,2.1329e-11,2.7428e-11
2.6061e-11,1.6135e-11,2.7487e-11
2.0487e-11,1.2683e-11,2.0717e-11
1.7903e-11,9.4056e-12,2.0536e-11
4.2892e-11,2.2182e-11,4.6274e-11
2.7022e-11,1.6877e-11,2.6502e-11
2.1126e-11,9.8589e-12,1.8526e-11
2.6978e-11,1.3322e-11,2.5841e-11
2.3274e-11,9.6401e-12,1.9993e-11
1.8806e-11,5.0772e-12,1.9884e-11
2.8068e-11,1.0168e-11,3.0254e-11
4.1064e-11,2.1719e-11,4.3054e-11
2.1962e-11,7.8343e-12,2.1427e-11
2.8882e-11,9.4e-12,2.9674e-11
4.1527e-11,1.0684e-11,3.306e-11
5.0757e-11,1.7796e-11,4.5063e-11
3.7401e-11,1.0391e-11,3.2434e-11
4.8404e-11,1.3916e-11,3.8858e-11
3.352e-11,1.239e-11,3.3875e-11
3.3757e-11,9.6932e-12,3.7134e-11
3.6499e-11,7.6991e-12,3.5105e-11
1.4056e-11,1.1126e-11,9.2691e-12
1.6522e-11,2.5828e-11,1.503e-11
9.324e-12,1.7913e-11,9.5469e-12
3.0421e-12,2.1839e-11,1.2106e-11
8.721e-12,1.5549e-11,9.9927e-12
1.148e-11,1.51e-11,1.0996e-11
1.121e-11,1.9509e-11,1.0304e-11
9.9429e-12,1.4855e-11,8.5413e-12
6.3406e-12,2.3971e-11,2.2112e-11
1.4895e-11,5.5457e-11,4.6753e-11
7.3265e-12,2.05e-11,1.2879e-11
3.5778e-11,4.8207e-11,3.5234e-11
2.0575e-11,2.7439e-11,1.9677e-11
1.7921e-11,2.0954e-11,1.5447e-11
9.509e-12,1.4229e-11,1.839e-11
1.2171e-11,1.5157e-11,1.2007e-11
1.0824e-11,1.2081e-11,1.5594e-11
2.806e-11,5.3553e-11,4.6286e-11
2.6898e-11,4.3151e-11,3.8731e-11
1.5165e-11,2.4892e-11,3.117e-11
3.4616e-11,3.3214e-11,3.1855e-11
3.7857e-11,3.6375e-11,3.6016e-11
1.2182e-11,1.7157e-11,1.5612e-11
1.7742e-11,1.4252e-11,1.7209e-11
1.1963e-11,1.4188e-11,1.3302e-11
3.1119e-11,4.2634e-11,4.5258e-11
1.9769e-11,1.5089e-11,1.9554e-11
2.8576e-11,2.2902e-11,2.6647e-11
1.5321e-11,1.1206e-11,1.6034e-11
1.8546e-11,1.0931e-11,1.898e-11
3.524e-11,2.6867e-11,5.1115e-11
1.4645e-11,8.3198e-12,1.632e-11
2.602e-11,1.6002e-11,2.9818e-11
3.7951e-11,2.6857e-11,3.9059e-11
2.0955e-11,7.4042e-12,1.904e-11
2.9196e-11,1.6239e-11,3.0367e-11
2.712e-11,1.5102e-11,3.4394e-11
3.2582e-11,1.6697e-11,3.919e-11
3.1608e-11,1.2331e-11,3.4307e-11
3.5315e-11,1.062e-11,3.6161e-11
2.5875e-11,9.3706e-12,2.7877e-11
3.1976e-11,8.7054e-12,3.1611e-11
3.2864e-11,9.7617e-12,3.5064e-11
3.796e-11,1.2189e-11,3.7726e-11
4.2986e-12,2.4748e-11,1.2427e-11
8.8146e-12,1.432e-11,7.0429e-12
1.1118e-11,1.0029e-11,8.4656e-12
3.9562e-12,1.9629e-11,2.0164e-11
1.2066e-11,1.9071e-11,1.1227e-11
6.9391e-12,1.4271e-11,1.4557e-11
1.1009e-11,1.3971e-11,9.1575e-12
1.0825e-11,1.7498e-11,1.0706e-11
2.4271e-11,3.6201e-11,2.3424e-11
5.6621e-12,1.4181e-11,1.7143e-11
1.7836e-11,6.06e-11,5.5808e-11
1.0832e-11,1.6401e-11,1.0679e-11
2.2138e-11,4.4288e-11,3.577e-11
3.7962e-11,4.2892e-11,3.6539e-11
1.5266e-11,1.9455e-11,1.58e-11
1.9285e-11,3.7195e-11,3.5715e-11
1.2365e-11,1.2267e-11,1.4465e-11
1.7598e-11,1.5633e-11,1.6616e-11
1.8436e-11,9.054e-12,1.3196e-11
1.5418e-11,1.1522e-11,1.6376e-11
3.0234e-11,3.4086e-11,4.2649e-11
1.9684e-11,1.5428e-11,2.0748e-11
3.415e-11,3.648e-11,5.0964e-11
2.6681e-11,2.0815e-11,2.644e-11
2.1151e-11,1.3166e-11,2.1114e-11
1.9409e-11,7.7044e-12,1.5835e-11
1.6777e-11,6.8574e-12,1.8716e-11
2.1863e-11,7.091e-12,2.1884e-11
2.8519e-11,8.1724e-12,2.206e-11
3.0614e-11,1.2359e-11,2.3817e-11
4.6979e-11,1.9578e-11,4.315e-11
4.8427e-11,1.6821e-11,4.0494e-11
3.7618e-11,1.0814e-11,3.582e-11
3.3691e-11,8.8999e-12,3.3553e-11
4.2493e-11,1.1485e-11,3.9907e-11
4.7024e-11,1.2666e-11,4.2751e-11
4.1744e-11,1.2197e-11,4.0028e-11
6.2635e-12,2.3691e-11,1.3204e-11
9.9586e-12,1.3675e-11,7.9552e-12
8.5767e-12,8.2289e-12,9.7673e-12
3.1671e-12,2.5732e-11,1.2865e-11
1.4554e-11,1.3415e-11,8.7334e-12
1.2868e-11,2.1704e-11,1.3192e-11
8.905e-12,1.4156e-11,1.0203e-11
1.0027e-11,1.3573e-11,6.9686e-12
1.5337e-11,2.4426e-11,1.4041e-11
9.5448e-12,3.1139e-11,2.6493e-11
3.3801e-11,4.7532e-11,3.1627e-11
1.182e-11,1.8372e-11,1.1436e-11
1.1687e-11,1.4399e-11,1.5962e-11
3.227e-11,3.7982e-11,2.8827e-11
1.1845e-11,1.0105e-11,1.5381e-11
3.3966e-11,3.4832e-11,3.2686e-11
2.6229e-11,2.4861e-11,2.2225e-11
1.6603e-11,1.2184e-11,1.6104e-11
1.2131e-11,1.0108e-11,1.6264e-11
1.2342e-11,1.2269e-11,1.2308e-11
1.8029e-11,9.8067e-12,1.2458e-11
2.7461e-11,3.7345e-11,4.1436e-11
2.9513e-11,2.4762e-11,2.4329e-11
1.2798e-11,8.1774e-12,1.2717e-11
1.6221e-11,1.382e-11,2.1611e-11
2.1351e-11,1.7085e-11,2.1379e-11
1.9381e-11,1.5136e-11,1.9884e-11
1.6994e-11,1.1137e-11,1.7492e-11
2.0184e-11,1.0862e-11,2.1021e-11
1.9741e-11,1.7216e-11,3.044e-11
3.7212e-11,2.1955e-11,4.7697e-11
2.1208e-11,8.3714e-12,1.688e-11
4.1453e-11,2.7945e-11,4.3381e-11
1.963e-11,5.3645e-12,2.021e-11
2.1185e-11,6.6416e-12,2.1026e-11
4.632e-11,1.9355e-11,4.667e-11
4.4302e-11,2.4248e-11,4.5466e-11
3.1134e-11,9.9514e-12,3.1865e-11
4.4896e-12,2.9303e-11,1.0812e-11
4.3709e-12,2.9485e-11,1.2194e-11
3.9074e-12,1.6336e-11,1.7858e-11
5.0243e-12,2.5354e-11,1.0074e-11
6.4719e-12,2.7771e-11,2.605e-11
5.4529e-12,2.4969e-11,1.2303e-11
1.0314e-11,1.7073e-11,1.0094e-11
2.8844e-11,3.9427e-11,2.5839e-11
7.7452e-12,1.042e-11,8.5138e-12
1.0467e-11,1.661e-11,1.117e-11
1.9918e-11,2.553e-11,1.6025e-11
1.4934e-11,1.9592e-11,1.1982e-11
1.1667e-11,1.8756e-11,1.1137e-11
1.0935e-11,1.2814e-11,6.8581e-12
3.6588e-11,4.8684e-11,3.462e-11
3.3073e-11,4.2625e-11,3.0918e-11
1.1373e-11,1.6106e-11,1.5139e-11
1.7457e-11,4.7638e-11,3.6888e-11
2.2598e-11,2.7638e-11,2.0806e-11
3.2099e-11,3.4574e-11,2.8254e-11
1.6341e-11,3.1173e-11,2.9582e-11
1.903e-11,2.1027e-11,1.6831e-11
1.3723e-11,1.4467e-11,1.7243e-11
1.535e-11,8.7822e-12,1.0717e-11
1.4855e-11,1.4323e-11,1.655e-11
3.4856e-11,3.1586e-11,3.1626e-11
1.6131e-11,7.4166e-12,1.468e-11
1.6916e-11,8.8969e-12,1.4484e-11
3.1437e-11,3.9864e-11,4.5556e-11
1.5451e-11,8.5305e-12,1.631e-11
2.5026e-11,1.7034e-11,3.1641e-11
2.0003e-11,7.4866e-12,2.0293e-11
3.6236e-11,2.1839e-11,3.601e-11
3.9135e-11,2.1792e-11,3.8118e-11
2.9535e-11,1.49e-11,3.3784e-11
2.6953e-11,8.5937e-12,2.6751e-11
3.0691e-11,8.9231e-12,2.9973e-11
3.2428e-11,1.1628e-11,2.9589e-11
3.7956e-11,9.8117e-12,3.4443e-11
4.2328e-11,1.1663e-11,4.0492e-11
4.048e-11,9.9534e-12,4.1975e-11
9.7102e-12,1.1844e-11,9.4782e-12
1.0092e-11,9.4106e-12,5.8453e-12
1.044e-11,1.7488e-11,1.0205e-11
8.3086e-12,1.3783e-11,5.4636e-12
1.021e-11,1.5671e-11,7.0452e-12
5.7375e-12,2.5249e-11,2.2739e-11
4.9701e-12,2.3381e-11,1.1666e-11
3.4286e-11,4.7964e-11,3.1217e-11
5.5469e-12,2.5097e-11,1.334e-11
1.0165e-11,1.4154e-11,1.488e-11
1.391e-11,4.1601e-11,3.2739e-11
1.5634e-11,3.7531e-11,3.2142e-11
1.3374e-11,1.0511e-11,1.4937e-11
1.3334e-11,2.2523e-11,2.5552e-11
2.0889e-11,2.2798e-11,1.8808e-11
1.4959e-11,8.8581e-12,1.605e-11
1.4135e-11,8.4602e-12,1.6361e-11
2.583e-11,5.1052e-11,4.6335e-11
2.8191e-11,2.6977e-11,2.3362e-11
3.7987e-11,3.7219e-11,3.4994e-11
1.4951e-11,1.4918e-11,1.6415e-11
1.9333e-11,1.8408e-11,1.7374e-11
1.6494e-11,1.2579e-11,1.6947e-11
1.1821e-11,9.833e-12,1.0864e-11
3.8402e-11,3.5721e-11,3.3992e-11
2.1042e-11,2.0032e-11,2.0085e-11
2.2738e-11,2.0408e-11,2.2891e-11
1.4116e-11,1.0037e-11,1.355e-11
2.4237e-11,2.6937e-11,3.6931e-11
1.3477e-11,8.601e-12,1.2936e-11
3.0404e-11,3.1224e-11,4.6853e-11
3.5767e-11,2.9733e-11,3.3713e-11
1.9249e-11,1.2827e-11,1.6877e-11
2.0564e-11,9.1641e-12,1.5643e-11
1.8906e-11,9.395e-12,1.6056e-11
2.1596e-11,9.2992e-12,2.2682e-11
3.5582e-11,1.5835e-11,4.1101e-11
2.6703e-11,8.6445e-12,2.4428e-11
3.3218e-11,1.1532e-11,2.5666e-11
3.7182e-11,1.085e-11,3.7752e-11
2.7059e-11,8.9412e-12,2.8316e-11
3.407e-11,1.1344e-11,3.4403e-11
9.2946e-12,1.5176e-11,7.1513e-12
1.0878e-11,9.0757e-12,5.9104e-12
7.4603e-12,1.0275e-11,1.2615e-11
9.6879e-12,9.3773e-12,1.0667e-11
1.1906e-11,1.2582e-11,8.8948e-12
1.0666e-11,3.1068e-11,1.3535e-11
5.3968e-12,2.5581e-11,2.5375e-11
1.0435e-11,1.9361e-11,8.4213e-12
1.0403e-11,1.7595e-11,6.7861e-12
6.1139e-12,3.0599e-11,1.1786e-11
2.1294e-11,2.715e-11,1.7309e-11
1.0844e-11,1.7177e-11,1.7827e-11
8.0707e-12,1.1745e-11,9.4989e-12
6.7683e-12,2.7273e-11,1.3615e-11
2.9982e-11,3.9899e-11,2.6338e-11
3.0186e-11,4.025e-11,2.62e-11
1.4802e-11,2.0915e-11,1.446e-11
3.2914e-11,4.752e-11,3.1942e-11
3.6762e-11,4.6312e-11,3.4267e-11
3.908e-11,4.6593e-11,3.656e-11
1.0525e-11,1.0398e-11,1.1016e-11
1.383e-11,2.2522e-11,1.3185e-11
1.4106e-11,1.4319e-11,2.0082e-11
1.2193e-11,1.0989e-11,1.3278e-11
1.4481e-11,1.0318e-11,1.3514e-11
3.2114e-11,3.7189e-11,4.6728e-11
1.6696e-11,1.888e-11,3.0622e-11
2.4144e-11,1.9703e-11,3.4906e-11
1.6822e-11,1.4174e-11,2.1645e-11
1.9071e-11,9.715e-12,1.6491e-11
3.8079e-11,3.0685e-11,3.5892e-11
1.9559e-11,1.3725e-11,2.5918e-11
3.2883e-11,2.4479e-11,4.6452e-11
4.0299e-11,2.5013e-11,3.9208e-11
4.0498e-11,2.912e-11,3.933e-11
3.7244e-11,2.2835e-11,3.5473e-11
3.822e-11,2.0797e-11,3.4368e-11
2.484e-11,1.1899e-11,2.5365e-11
4.2469e-11,1.6509e-11,3.3386e-11
2.9429e-11,1.1856e-11,2.7889e-11
4.7427e-11,1.464e-11,3.6278e-11
1.0776e-11,1.8351e-11,1.6183e-11
3.6336e-12,2.2293e-11,1.0733e-11
7.0216e-12,3.1465e-11,1.0943e-11
6.1089e-12,3.37e-11,1.1431e-11
5.649e-12,2.3313e-11,2.3559e-11
5.6576e-12,2.4544e-11,2.4121e-11
9.1947e-12,2.9177e-11,1.074e-11
2.169e-11,3.0101e-11,1.9255e-11
1.0445e-11,1.0325e-11,8.2884e-12
1.0089e-11,1.6945e-11,1.2092e-11
1.1143e-11,3.5736e-11,3.0196e-11
2.2151e-11,2.6716e-11,1.7492e-11
2.0493e-11,5.5971e-11,4.3755e-11
1.1238e-11,1.1092e-11,1.2971e-11
1.2595e-11,2.3669e-11,1.26e-11
2.2448e-11,2.193e-11,1.684e-11
1.9471e-11,4.4599e-11,3.8391e-11
1.2779e-11,9.1263e-12,1.4948e-11
2.5442e-11,5.3877e-11,4.6791e-11
1.8244e-11,1.7481e-11,2.9391e-11
1.422e-11,8.155e-12,1.2878e-11
2.0721e-11,1.1682e-11,1.1094e-11
1.4577e-11,1.0919e-11,1.3973e-11
1.3221e-11,1.2167e-11,1.3946e-11
1.554e-11,1.5747e-11,1.6941e-11
2.6537e-11,3.5471e-11,4.4686e-11
3.7034e-11,3.1211e-11,3.3326e-11
1.8174e-11,1.3083e-11,1.8571e-11
2.3903e-11,1.7145e-11,2.4527e-11
1.7841e-11,1.0579e-11,1.6802e-11
1.7966e-11,9.5027e-12,1.5383e-11
3.9404e-11,3.0461e-11,3.8335e-11
2.303e-11,1.4012e-11,2.244e-11
2.3559e-11,1.4113e-11,2.2298e-11
2.4435e-11,1.2016e-11,2.0825e-11
1.8937e-11,1.3092e-11,1.7595e-11
2.0336e-11,1.3255e-11,2.3771e-11
3.631e-11,2.4783e-11,3.4804e-11
2.1129e-11,7.0637e-12,2.0119e-11
2.3249e-11,9.2288e-12,2.213e-11
2.6088e-11,1.0678e-11,2.668e-11
2.4958e-11,9.3106e-12,2.2438e-11
3.2608e-11,1.6605e-11,4.0164e-11
2.8604e-11,9.1105e-12,2.7795e-11
4.6599e-11,1.7952e-11,3.7002e-11
2.9224e-11,1.0633e-11,3.0368e-11
2.9132e-11,1.8406e-11,2.9312e-11
4.321e-11,1.3801e-11,3.4085e-11
4.0551e-11,1.1585e-11,3.8807e-11
4.3192e-11,1.2009e-11,3.9799e-11
3.8366e-11,1.1331e-11,3.6906e-11
8.3776e-12,9.6543e-12,6.6061e-12
1.1954e-11,1.7426e-11,9.5582e-12
1.0126e-11,1.0341e-11,1.2275e-11
4.7555e-12,2.5021e-11,9.6646e-12
6.0291e-12,2.872e-11,8.8393e-12
8.2189e-12,1.1253e-11,1.237e-11
1.3561e-11,1.944e-11,1.2635e-11
1.0931e-11,1.7504e-11,8.8968e-12
5.6272e-12,3.1512e-11,1.18e-11
1.5124e-11,1.2104e-11,7.1024e-12
5.4919e-12,4.0902e-11,3.7098e-11
7.0282e-12,4.5151e-11,3.8531e-11
1.7051e-11,2.3841e-11,1.4513e-11
9.1897e-12,1.247e-11,7.2114e-12
8.1713e-12,2.1808e-11,1.0117e-11
1.3744e-11,1.4166e-11,7.8663e-12
2.1591e-11,3.063e-11,1.9169e-11
1.2755e-11,2.4711e-11,2.594e-11
4.0281e-11,4.6001e-11,3.6182e-11
1.2587e-11,1.8253e-11,1.9527e-11
1.2308e-11,9.5913e-12,1.1998e-11
1.1645e-11,2.2242e-11,1.538e-11
1.8153e-11,1.8008e-11,1.4332e-11
2.1394e-11,3.5899e-11,3.9248e-11
4.0878e-11,3.8572e-11,3.5479e-11
1.4297e-11,1.192e-11,1.5648e-11
3.7156e-11,3.2432e-11,3.2826e-11
1.6848e-11,1.9361e-11,2.7426e-11
1.9542e-11,1.5801e-11,2.5436e-11
1.9189e-11,1.4464e-11,1.4338e-11
1.803e-11,1.5163e-11,2.2687e-11
2.0369e-11,1.5274e-11,2.5091e-11
1.8546e-11,8.8129e-12,1.8811e-11
2.1632e-11,1.0655e-11,2.2248e-11
2.0346e-11,1.0335e-11,1.7025e-11
2.2826e-11,1.2649e-11,1.862e-11
2.6147e-11,1.0426e-11,1.9964e-11
3.4957e-11,2.1674e-11,3.7022e-11
2.2052e-11,6.8677e-12,1.985e-11
2.7271e-11,1.5336e-11,2.9565e-11
2.987e-11,1.4656e-11,3.5695e-11
4.234e-11,2.6612e-11,3.9845e-11
2.642e-11,9.1779e-12,2.4184e-11
4.4656e-11,1.7122e-11,4.7489e-11
3.7922e-11,1.0392e-11,3.6884e-11
1.5453e-11,1.7115e-11,2.0845e-11
1.2085e-11,1.7598e-11,8.4429e-12
6.7733e-12,1.9924e-11,1.2062e-11
9.549e-12,9.9248e-12,1.2027e-11
2.6018e-11,3.4871e-11,2.2876e-11
1.3791e-11,1.9863e-11,1.294e-11
6.3544e-12,2.7546e-11,2.6714e-11
9.1046e-12,1.1596e-11,9.4427e-12
1.0454e-11,1.2427e-11,7.7873e-12
5.8746e-12,2.5278e-11,2.4707e-11
1.0373e-11,2.6193e-11,1.1397e-11
8.6823e-12,2.4224e-11,1.0417e-11
1.659e-11,2.2008e-11,1.2516e-11
1.1791e-11,1.4698e-11,8.6923e-12
2.0049e-11,6.3122e-11,4.7791e-11
1.1372e-11,1.818e-11,1.8769e-11
1.2368e-11,1.785e-11,2.2122e-11
1.6324e-11,2.022e-11,2.9076e-11
2.2632e-11,4.1437e-11,4.7467e-11
1.4122e-11,1.0247e-11,1.0765e-11
1.2392e-11,1.176e-11,1.454e-11
2.1554e-11,2.0224e-11,1.8758e-11
1.6656e-11,1.0571e-11,1.5709e-11
1.4735e-11,1.0408e-11,1.4458e-11
1.7939e-11,1.1835e-11,1.6071e-11
1.48e-11,9.7539e-12,1.3899e-11
1.6558e-11,1.7586e-11,2.7811e-11
1.7402e-11,1.1539e-11,1.2914e-11
1.9474e-11,1.8608e-11,3.0927e-11
1.7252e-11,1.3091e-11,1.6536e-11
2.0314e-11,1.5955e-11,2.6115e-11
2.357e-11,1.3994e-11,2.1875e-11
3.2439e-11,1.9345e-11,3.6658e-11
2.1e-11,1.4067e-11,2.5313e-11
3.9412e-11,2.1842e-11,4.0252e-11
2.1724e-11,7.6132e-12,2.0847e-11
2.7223e-11,9.2662e-12,2.6204e-11
4.0142e-11,1.3628e-11,4.186e-11
4.3842e-11,1.0733e-11,4.0627e-11
7.9117e-12,1.1451e-11,9.0235e-12
5.1313e-12,1.318e-11,1.1907e-11
1.0841e-11,1.2561e-11,8.8683e-12
2.4444e-11,3.2953e-11,2.157e-11
7.4853e-12,1.1215e-11,3.7712e-12
2.9894e-12,2.2646e-11,1.6905e-11
1.1551e-11,1.6807e-11,7.5489e-12
8.8635e-12,1.3754e-11,7.9792e-12
3.1318e-12,1.9618e-11,1.6023e-11
1.3531e-11,1.8796e-11,1.2616e-11
8.5057e-12,1.0898e-11,5.7482e-12
8.3968e-12,7.5068e-12,7.8785e-12
4.138e-12,2.7385e-11,2.6863e-11
1.0146e-11,1.0545e-11,7.0041e-12
1.0047e-11,1.1373e-11,7.4127e-12
1.5227e-11,2.1095e-11,1.1456e-11
1.5142e-11,1.8499e-11,9.6908e-12
1.3603e-11,4.9529e-11,4.0607e-11
2.6348e-11,3.464e-11,2.228e-11
2.3045e-11,6.0013e-11,4.9084e-11
1.2203e-11,1.4746e-11,9.5069e-12
9.6614e-12,2.35e-11,1.428e-11
1.0896e-11,1.6019e-11,1.2612e-11
1.5974e-11,1.0197e-11,1.4321e-11
3.3886e-11,4.1971e-11,3.057e-11
3.0453e-11,1.6615e-11,1.6032e-11
1.2615e-11,1.9381e-11,1.8878e-11
1.2718e-11,1.287e-11,1.6554e-11
1.1223e-11,9.0844e-12,1.1706e-11
2.0723e-11,4.1995e-11,4.0642e-11
2.0091e-11,3.0616e-11,3.6971e-11
1.5148e-11,1.0516e-11,1.3259e-11
1.9481e-11,1.059e-11,1.0895e-11
1.5341e-11,1.7791e-11,1.7629e-11
2.6626e-11,2.2905e-11,2.282e-11
1.8895e-11,1.976e-11,3.0262e-11
1.8064e-11,1.0111e-11,1.7437e-11
2.7585e-11,2.1862e-11,3.9811e-11
2.3402e-11,1.6666e-11,2.7456e-11
4.0086e-11,2.8956e-11,3.9317e-11
2.7915e-11,1.3878e-11,2.3339e-11
3.9832e-11,2.1126e-11,4.1039e-11
4.4653e-11,1.2925e-11,3.8992e-11
9.481e-12,1.473e-11,4.0796e-12
5.0105e-12,3.681e-11,3.7004e-11
4.4614e-12,1.8112e-11,1.2689e-11
8.039e-12,1.9651e-11,8.634e-12
8.1516e-12,8.9276e-12,7.0503e-12
1.1749e-11,2.6545e-11,9.3654e-12
1.36e-11,1.7737e-11,9.8601e-12
4.976e-12,2.1854e-11,1.7982e-11
1.1512e-11,1.6553e-11,8.0054e-12
1.0822e-11,1.4329e-11,9.1198e-12
1.8139e-11,5.2493e-11,4.3516e-11
9.6621e-12,1.7979e-11,1.9273e-11
1.4457e-11,9.4723e-12,1.4781e-11
3.7583e-11,3.56e-11,3.1121e-11
2.2465e-11,2.0423e-11,2.0395e-11
2.0836e-11,1.6221e-11,1.3469e-11
1.4353e-11,1.5266e-11,1.5923e-11
1.6002e-11,1.939e-11,2.9858e-11
2.3354e-11,1.788e-11,2.154e-11
1.4387e-11,1.2391e-11,1.3551e-11
2.1573e-11,2.387e-11,3.3943e-11
1.686e-11,1.458e-11,1.5503e-11
1.6324e-11,1.1489e-11,1.8069e-11
2.5942e-11,2.3104e-11,4.1804e-11
1.8066e-11,1.2122e-11,1.4728e-11
2.812e-11,2.4603e-11,4.0801e-11
2.4108e-11,1.7313e-11,2.8519e-11
2.381e-11,1.44e-11,2.1685e-11
2.212e-11,1.0211e-11,1.6872e-11
2.0701e-11,1.2229e-11,2.3231e-11
3.6527e-11,2.5457e-11,3.4625e-11
2.1421e-11,1.2722e-11,2.3567e-11
3.8232e-11,2.7755e-11,3.6162e-11
2.5094e-11,1.2611e-11,1.9664e-11
2.2368e-11,9.743e-12,2.3122e-11
4.0005e-11,1.7709e-11,4.1922e-11
2.8544e-11,1.0187e-11,2.7256e-11
2.8141e-11,9.868e-12,2.794e-11
3.0864e-11,1.1798e-11,2.8692e-11
8.9702e-12,1.2501e-11,8.3299e-12
9.804e-12,1.5048e-11,4.2957e-12
1.1444e-11,9.5058e-12,6.5267e-12
1.0435e-11,1.3992e-11,6.4236e-12
9.858e-12,8.963e-12,8.4011e-12
5.5039e-12,2.5672e-11,2.0275e-11
1.1062e-11,2.0295e-11,1.1007e-11
8.2735e-12,1.3053e-11,1.479e-11
4.607e-12,4.919e-11,4.585e-11
8.9563e-12,9.4347e-12,7.312e-12
1.0202e-11,9.2103e-12,9.8866e-12
4.5019e-12,2.1505e-11,2.2822e-11
4.8179e-12,4.966e-11,4.2225e-11
6.6274e-12,1.9695e-11,1.4564e-11
1.2803e-11,2.1187e-11,1.2679e-11
7.4195e-12,2.6649e-11,2.7034e-11
1.1575e-11,1.2993e-11,1.2113e-11
1.3923e-11,2.9085e-11,9.1355e-12
1.2035e-11,4.6124e-11,3.907e-11
1.1313e-11,2.8903e-11,2.9378e-11
3.411e-11,4.1096e-11,2.8335e-11
9.2538e-12,1.7364e-11,1.9576e-11
3.446e-11,3.8483e-11,2.8944e-11
3.754e-11,4.3392e-11,3.3251e-11
1.1023e-11,1.0339e-11,1.2287e-11
1.9282e-11,2.2751e-11,1.5143e-11
1.4838e-11,1.4504e-11,1.5806e-11
2.0939e-11,1.7845e-11,1.7287e-11
2.2395e-11,1.9344e-11,1.8465e-11
1.5159e-11,1.6842e-11,1.6374e-11
2.2666e-11,1.5522e-11,2.1004e-11
1.9638e-11,1.1098e-11,1.3329e-11
3.3613e-11,2.584e-11,2.8769e-11
2.0345e-11,1.7281e-11,1.9528e-11
1.918e-11,1.5908e-11,2.28e-11
1.8985e-11,1.0783e-11,1.6873e-11
2.6897e-11,1.8175e-11,2.551e-11
2.2183e-11,1.2326e-11,1.8935e-11
2.1807e-11,1.4064e-11,2.5318e-11
2.7385e-11,1.7328e-11,2.4515e-11
2.8684e-11,1.4078e-11,2.3544e-11
4.3115e-11,2.2402e-11,4.2391e-11
4.4893e-11,2.2741e-11,4.2394e-11
2.7493e-11,1.2338e-11,3.1221e-11
3.113e-11,1.2253e-11,2.6981e-11
2.9741e-11,1.1741e-11,2.869e-11
4.8408e-11,2.0432e-11,4.0008e-11
3.4796e-11,1.2902e-11,3.0189e-11
3.3931e-11,1.0183e-11,3.1685e-11
4.4332e-11,1.6471e-11,3.7699e-11
4.259e-11,1.4013e-11,3.9476e-11
1.0584e-11,1.0201e-11,7.1441e-12
1.4768e-11,9.8796e-12,6.5124e-12
4.9196e-12,4.3899e-11,4.3463e-11
3.3471e-12,2.6907e-11,2.0173e-11
6.7827e-12,1.4047e-11,8.5314e-12
8.0599e-12,1.3114e-11,6.7768e-12
2.3318e-11,2.8944e-11,1.9038e-11
1.3191e-11,1.6786e-11,8.3273e-12
9.1826e-12,1.6176e-11,8.4879e-12
8.151e-12,1.2132e-11,8.6457e-12
1.1339e-11,1.8475e-11,9.8321e-12
2.9636e-11,3.6267e-11,2.4709e-11
6.9129e-12,2.8683e-11,2.8347e-11
6.4405e-12,2.2154e-11,1.3683e-11
6.9966e-12,1.9433e-11,1.9204e-11
1.7438e-11,5.1815e-11,4.4792e-11
1.3413e-11,1.8247e-11,1.2314e-11
1.5563e-11,1.0494e-11,1.112e-11
1.5208e-11,1.6675e-11,1.364e-11
1.5412e-11,1.6114e-11,1.4561e-11
2.4115e-11,1.2285e-11,9.5472e-12
1.6676e-11,9.6959e-12,1.334e-11
1.8307e-11,1.3831e-11,1.0928e-11
1.5513e-11,1.1002e-11,1.2825e-11
1.222e-11,8.851e-12,1.2273e-11
1.8989e-11,2.2325e-11,3.1313e-11
2.7008e-11,1.8459e-11,1.9216e-11
1.816e-11,1.0978e-11,1.6508e-11
2.002e-11,1.0446e-11,1.4702e-11
1.7027e-11,1.0355e-11,1.6505e-11
1.669e-11,1.1873e-11,1.7945e-11
2.0063e-11,1.3497e-11,2.0999e-11
2.2718e-11,1.3804e-11,2.3889e-11
1.9692e-11,1.4763e-11,2.2439e-11
2.3049e-11,1.4353e-11,1.9135e-11
3.4668e-11,2.4383e-11,3.3742e-11
3.8043e-11,2.5692e-11,3.6954e-11
4.0493e-11,3.021e-11,3.9318e-11
2.116e-11,1.2255e-11,2.0418e-11
2.3452e-11,1.4776e-11,2.6976e-11
3.617e-11,2.1107e-11,3.64e-11
2.5809e-11,1.2546e-11,3.2663e-11
3.4946e-11,1.8452e-11,4.1074e-11
2.9174e-11,1.5307e-11,3.1773e-11
2.6457e-11,9.2902e-12,2.8171e-11
4.1003e-11,1.5671e-11,3.2365e-11
4.2137e-11,1.4856e-11,3.4361e-11
3.7561e-11,1.1482e-11,3.7377e-11
4.0336e-11,1.3637e-11,3.9919e-11
4.5383e-11,1.2747e-11,4.6843e-11
1.2088e-11,1.2651e-11,9.8668e-12
2.5834e-11,3.2578e-11,2.0755e-11
8.7368e-12,1.587e-11,5.3956e-12
1.6435e-11,2.0908e-11,1.1852e-11
8.9662e-12,1.4577e-11,8.9656e-12
5.7245e-12,2.9668e-11,1.2553e-11
7.9975e-12,1.3551e-11,4.9012e-12
7.2372e-12,1.5639e-11,1.1737e-11
5.5622e-12,2.8485e-11,3.1782e-11
6.4979e-12,1.1094e-11,7.5368e-12
3.0364e-11,3.339e-11,2.3717e-11
2.3215e-11,2.7694e-11,1.8223e-11
6.4974e-12,2.9561e-11,1.2861e-11
1.0484e-11,1.3222e-11,1.0324e-11
8.9703e-12,1.2635e-11,8.1252e-12
1.4136e-11,3.1051e-11,3.2739e-11
1.0947e-11,1.0903e-11,1.0406e-11
2.0447e-11,2.6233e-11,1.7667e-11
1.1382e-11,1.1508e-11,1.0268e-11
2.058e-11,1.7326e-11,1.4653e-11
1.526e-11,1.5425e-11,1.4829e-11
1.832e-11,1.8321e-11,1.6805e-11
1.4663e-11,1.5911e-11,1.7834e-11
2.9294e-11,2.9322e-11,2.4241e-11
2.1648e-11,1.7309e-11,1.6191e-11
2.8763e-11,2.6104e-11,2.2486e-11
1.5953e-11,1.291e-11,1.3125e-11
1.8543e-11,2.4172e-11,2.0652e-11
2.0707e-11,1.2344e-11,1.2917e-11
1.6678e-11,8.4763e-12,1.3719e-11
2.3149e-11,2.0767e-11,2.1912e-11
1.8513e-11,1.0159e-11,1.4123e-11
4.1099e-11,3.2374e-11,3.6367e-11
1.9737e-11,1.2587e-11,2.1219e-11
2.0144e-11,1.3701e-11,2.1045e-11
1.7699e-11,1.2803e-11,1.5672e-11
1.8922e-11,1.0208e-11,1.6494e-11
4.2734e-11,3.3189e-11,3.9841e-11
3.9683e-11,2.6093e-11,3.7176e-11
2.515e-11,1.0675e-11,2.4928e-11
2.959e-11,1.8562e-11,3.7081e-11
3.4108e-11,1.7673e-11,3.9071e-11
2.4793e-11,1.3935e-11,2.5262e-11
2.8804e-11,1.4496e-11,2.4532e-11
3.5643e-11,1.8769e-11,2.7432e-11
2.822e-11,1.2128e-11,2.7943e-11
3.4779e-11,1.8734e-11,2.5516e-11
4.3003e-11,1.9123e-11,3.4e-11
3.9776e-11,1.5358e-11,3.1413e-11
4.8149e-11,1.9755e-11,3.8358e-11
4.4051e-11,1.7001e-11,3.7891e-11
3.7393e-11,1.3581e-11,3.7634e-11
4.4862e-11,1.5186e-11,4.1052e-11
1.1239e-11,1.0976e-11,1.1083e-11
9.9204e-12,9.2783e-12,1.0103e-11
8.0043e-12,4.1625e-11,1.4479e-11
2.9144e-11,3.1944e-11,2.1645e-11
9.8812e-12,9.3514e-12,7.4805e-12
3.5352e-12,3.1512e-11,3.67e-11
4.5734e-12,4.0643e-11,4.2198e-11
2.7521e-11,3.4639e-11,2.3187e-11
5.7521e-12,1.5917e-11,9.035e-12
1.5461e-11,1.4689e-11,1.4098e-11
1.7706e-11,2.9391e-11,1.1104e-11
8.784e-12,1.1277e-11,1.11e-11
1.7683e-11,2.3171e-11,1.6359e-11
8.0875e-12,1.0252e-11,7.4177e-12
1.4541e-11,3.0436e-11,1.2754e-11
8.6148e-12,1.0347e-11,6.6688e-12
2.908e-11,3.5042e-11,2.2417e-11
9.7226e-12,2.0142e-11,8.4776e-12
2.133e-11,2.609e-11,1.6033e-11
8.9167e-12,1.1277e-11,7.1204e-12
1.2081e-11,1.6396e-11,8.4732e-12
1.2333e-11,1.6057e-11,8.5471e-12
3.4541e-11,3.9344e-11,2.6381e-11
2.819e-11,2.4221e-11,1.6542e-11
1.9247e-11,2.6754e-11,1.482e-11
2.0035e-11,2.1353e-11,1.5165e-11
1.2277e-11,1.0383e-11,1.2793e-11
2.4965e-11,1.4518e-11,1.1853e-11
2.2881e-11,1.8037e-11,1.8886e-11
1.9236e-11,9.7524e-12,1.1769e-11
2.636e-11,2.0944e-11,2.2438e-11
1.6111e-11,1.115e-11,1.3076e-11
1.8231e-11,1.3255e-11,1.5711e-11
2.0399e-11,1.5915e-11,1.89e-11
3.8661e-11,3.0024e-11,3.2558e-11
1.8205e-11,1.0063e-11,1.6389e-11
2.4961e-11,1.8467e-11,2.8589e-11
2.2792e-11,1.315e-11,1.8725e-11
2.032e-11,1.0297e-11,1.7292e-11
2.4836e-11,1.4138e-11,2.7319e-11
2.4315e-11,1.461e-11,2.0872e-11
3.6399e-11,1.7862e-11,3.9852e-11
4.3275e-11,2.9188e-11,4.0261e-11
2.6136e-11,1.0922e-11,2.355e-11
3.5131e-11,1.8331e-11,2.6589e-11
3.7775e-11,1.5222e-11,2.8995e-11
3.3105e-11,1.528e-11,2.7564e-11
3.2295e-11,1.2886e-11,2.6384e-11
3.3033e-11,1.2847e-11,2.7311e-11
3.5228e-11,2.2158e-11,2.7797e-11
4.1679e-11,1.3738e-11,3.9041e-11
4.6628e-11,1.651e-11,4.6583e-11
4.4437e-11,1.6976e-11,4.3484e-11
4.8571e-11,1.6712e-11,4.086e-11
4.2832e-11,1.2096e-11,4.1064e-11
4.3443e-11,1.1897e-11,4.1199e-11
4.631e-11,1.3174e-11,4.3365e-11
7.5264e-12,2.0584e-11,1.0871e-11
1.0794e-11,9.2584e-12,8.124e-12
5.141e-12,2.4036e-11,1.2265e-11
1.0939e-11,1.6493e-11,5.4814e-12
9.8812e-12,1.3593e-11,1.401e-11
6.468e-12,1.8284e-11,1.0051e-11
8.13e-12,1.26e-11,9.3399e-12
1.3614e-11,1.4554e-11,1.28e-11
2.292e-11,2.3733e-11,1.5466e-11
9.9537e-12,1.5457e-11,8.4047e-12
2.292e-11,2.6911e-11,1.6141e-11
6.5299e-12,3.0831e-11,3.1776e-11
9.8557e-12,1.546e-11,7.3712e-12
1.154e-11,1.5519e-11,1.0122e-11
8.5935e-12,1.1076e-11,6.4176e-12
9.2974e-12,1.7716e-11,9.6533e-12
1.1301e-11,2.4707e-11,1.2622e-11
6.4208e-12,2.595e-11,1.4264e-11
8.6695e-12,2.5042e-11,2.8657e-11
3.1826e-11,4.253e-11,2.6774e-11
1.4011e-11,2.738e-11,3.2777e-11
1.3064e-11,1.5906e-11,9.0623e-12
1.1677e-11,2.2387e-11,2.2644e-11
9.461e-12,1.9429e-11,2.8216e-11
1.1943e-11,1.0719e-11,1.1544e-11
1.2161e-11,3.6525e-11,1.7244e-11
2.1246e-11,2.276e-11,1.6482e-11
1.7528e-11,1.9489e-11,1.6414e-11
1.3272e-11,1.1384e-11,1.1612e-11
1.7479e-11,2.2557e-11,1.5674e-11
2.2055e-11,3.2133e-11,1.8547e-11
1.3996e-11,1.2441e-11,1.6554e-11
1.7221e-11,8.3086e-12,1.389e-11
2.0725e-11,1.0581e-11,1.1496e-11
4.2222e-11,3.6681e-11,3.3504e-11
2.8191e-11,2.3653e-11,2.2819e-11
2.1363e-11,9.7922e-12,1.3161e-11
1.8645e-11,1.2359e-11,1.6703e-11
1.698e-11,1.3613e-11,1.7756e-11
2.5947e-11,2.1505e-11,2.3137e-11
1.6267e-11,1.0089e-11,1.3294e-11
2.1944e-11,1.6157e-11,1.9727e-11
1.7553e-11,1.0594e-11,1.3686e-11
1.9186e-11,1.2268e-11,1.9005e-11
2.2044e-11,1.3503e-11,1.8003e-11
2.0757e-11,1.1247e-11,1.7815e-11
2.3495e-11,1.6195e-11,2.6804e-11
2.4005e-11,1.1519e-11,2.037e-11
3.9765e-11,2.5149e-11,3.552e-11
2.2903e-11,1.0428e-11,2.0841e-11
3.206e-11,1.8451e-11,3.8398e-11
3.1137e-11,1.8189e-11,3.1345e-11
3.1672e-11,1.6183e-11,2.4607e-11
2.841e-11,1.152e-11,2.7632e-11
2.9381e-11,2.1827e-11,2.9644e-11
3.4206e-11,1.4058e-11,3.2399e-11
9.3851e-12,1.6113e-11,4.2503e-12
2.2206e-11,1.8145e-11,8.956e-12
4.5595e-12,4.5829e-11,4.7518e-11
7.3745e-12,2.1992e-11,1.2286e-11
5.5629e-12,2.3587e-11,1.3222e-11
1.6704e-11,2.7764e-11,1.217e-11
2.8665e-11,3.703e-11,2.3994e-11
1.3657e-11,1.7363e-11,7.6508e-12
3.2e-11,3.6334e-11,2.3839e-11
5.8343e-12,4.8043e-11,4.592e-11
9.4737e-12,1.4156e-11,9.9088e-12
1.0186e-11,1.4e-11,6.4432e-12
1.045e-11,1.6196e-11,8.6995e-12
5.8704e-12,2.9876e-11,3.168e-11
9.1695e-12,1.28e-11,8.7416e-12
9.268e-12,2.3129e-11,1.1743e-11
8.6497e-12,1.0782e-11,6.9427e-12
8.9472e-12,1.1134e-11,7.0796e-12
3.4946e-11,4.1813e-11,2.7093e-11
1.2973e-11,1.4808e-11,1.2392e-11
1.3549e-11,1.3206e-11,1.2092e-11
1.5934e-11,1.6665e-11,1.401e-11
1.7163e-11,1.5601e-11,1.5933e-11
4.1108e-11,3.5823e-11,3.2632e-11
1.6862e-11,1.5076e-11,1.1816e-11
2.8602e-11,2.5476e-11,2.7384e-11
1.8179e-11,1.2064e-11,1.6855e-11
2.0971e-11,1.5554e-11,1.4969e-11
2.2364e-11,1.4154e-11,2.1113e-11
2.0901e-11,1.1917e-11,1.5633e-11
2.2734e-11,1.5688e-11,2.1625e-11
3.4118e-11,2.5311e-11,3.0584e-11
2.1635e-11,1.2419e-11,1.9881e-11
2.91e-11,1.7037e-11,2.228e-11
2.6301e-11,1.1165e-11,2.3075e-11
2.4857e-11,9.9981e-12,2.4332e-11
3.8676e-11,1.651e-11,4.0366e-11
4.5961e-11,1.8343e-11,4.937e-11
4.3189e-11,1.7431e-11,3.776e-11
4.2161e-11,1.434e-11,4.0168e-11
1.7166e-11,2.1179e-11,1.2049e-11
3.4501e-12,3.6332e-11,1.3579e-11
1.6394e-11,2.0741e-11,1.2881e-11
1.0109e-11,1.2519e-11,8.9887e-12
4.715e-12,2.5731e-11,1.3095e-11
1.3558e-11,1.7073e-11,7.7094e-12
1.0924e-11,1.6687e-11,1.0502e-11
6.3025e-12,2.6496e-11,2.46e-11
6.4327e-12,2.6581e-11,1.2076e-11
1.6908e-11,1.8973e-11,1.0453e-11
8.7611e-12,1.0931e-11,5.8535e-12
1.8987e-11,2.0366e-11,1.3357e-11
3.5618e-11,3.4194e-11,2.585e-11
2.2637e-11,1.4916e-11,1.1191e-11
1.9125e-11,1.8638e-11,1.2531e-11
2.2068e-11,1.9685e-11,1.5667e-11
1.3304e-11,1.1836e-11,1.2036e-11
1.3096e-11,1.0166e-11,1.1566e-11
1.5494e-11,9.5298e-12,1.1843e-11
3.4846e-11,2.8917e-11,2.4732e-11
1.6895e-11,1.1825e-11,1.4571e-11
2.399e-11,3.0638e-11,3.2236e-11
1.9135e-11,1.3051e-11,1.5238e-11
2.6277e-11,3.3977e-11,3.3678e-11
1.6572e-11,9.5375e-12,1.4333e-11
2.142e-11,1.6086e-11,1.886e-11
2.2255e-11,1.3143e-11,1.6052e-11
1.8857e-11,1.1868e-11,1.6311e-11
1.8748e-11,1.4134e-11,1.9388e-11
2.4338e-11,1.5609e-11,1.8716e-11
2.2802e-11,1.4784e-11,2.3485e-11
2.0897e-11,9.3655e-12,2.0369e-11
2.716e-11,1.5689e-11,2.4317e-11
3.0341e-11,2.3594e-11,3.8152e-11
2.7248e-11,1.466e-11,2.1666e-11
2.2014e-11,1.3326e-11,1.9723e-11
2.8393e-11,1.5788e-11,3.0263e-11
2.7554e-11,1.6385e-11,2.6663e-11
4.4396e-11,2.3783e-11,3.9529e-11
2.9453e-11,1.8887e-11,3.0256e-11
2.9407e-11,1.4353e-11,2.7732e-11
4.4117e-11,1.9002e-11,3.1954e-11
4.912e-11,1.8451e-11,3.8318e-11
4.2515e-11,1.8463e-11,4.8206e-11
4.4917e-11,1.8152e-11,4.6907e-11
4.552e-11,1.7834e-11,4.8057e-11
4.6999e-11,1.6051e-11,3.8833e-11
4.2202e-11,1.446e-11,3.8799e-11
8.8991e-12,1.0285e-11,8.5456e-12
1.2347e-11,1.6998e-11,7.0785e-12
4.2385e-12,3.9821e-11,1.3833e-11
1.2251e-11,1.5684e-11,4.5201e-12
1.1025e-11,1.0905e-11,6.9797e-12
8.7232e-12,1.02e-11,9.2372e-12
4.7107e-12,3.7557e-11,1.5586e-11
8.8213e-12,1.216e-11,8.9111e-12
7.3053e-12,3.7306e-11,3.8264e-11
9.8429e-12,1.3898e-11,6.9344e-12
6.4638e-12,3.2517e-11,3.5931e-11
3.1536e-11,3.8223e-11,2.3942e-11
1.4454e-11,1.8491e-11,8.7488e-12
1.6621e-11,9.0872e-12,1.163e-11
9.8524e-12,1.9308e-11,1.4503e-11
6.2422e-12,1.6922e-11,8.9344e-12
1.2109e-11,1.58e-11,8.3727e-12
1.1044e-11,1.2527e-11,8.3629e-12
2.0732e-11,3.1542e-11,1.949e-11
1.4451e-11,1.8615e-11,1.2297e-11
1.1435e-11,2.3808e-11,3.1234e-11
2.6993e-11,3.1898e-11,2.0833e-11
2.3846e-11,2.6489e-11,1.7232e-11
1.3838e-11,2.5733e-11,3.2128e-11
2.0054e-11,1.2813e-11,1.0368e-11
2.279e-11,1.9544e-11,1.6409e-11
3.5549e-11,2.932e-11,2.4454e-11
2.8187e-11,2.0853e-11,1.8441e-11
1.8235e-11,1.6659e-11,1.6693e-11
1.553e-11,1.2381e-11,1.3425e-11
1.5688e-11,1.2754e-11,1.4254e-11
2.2839e-11,1.9215e-11,1.6812e-11
1.5621e-11,1.2817e-11,1.3329e-11
2.8054e-11,2.5312e-11,2.8263e-11
2.6397e-11,2.4175e-11,2.985e-11
1.899e-11,1.6701e-11,2.0131e-11
4.4981e-11,3.5606e-11,3.6667e-11
2.7407e-11,2.2942e-11,2.5419e-11
2.1991e-11,1.6061e-11,1.9228e-11
1.9729e-11,1.2965e-11,1.9064e-11
2.0438e-11,1.1029e-11,1.5176e-11
2.9535e-11,2.1227e-11,2.4801e-11
2.822e-11,1.9575e-11,3.2936e-11
3.4571e-11,2.4564e-11,2.9313e-11
2.6965e-11,1.2114e-11,2.2664e-11
2.6746e-11,1.1923e-11,2.2554e-11
2.9245e-11,1.7767e-11,3.3198e-11
3.4444e-11,1.9188e-11,3.938e-11
4.1043e-11,2.3257e-11,3.4585e-11
3.9737e-11,1.6664e-11,4.1234e-11
4.3677e-11,1.5352e-11,4.1373e-11
4.5892e-11,1.7122e-11,4.6296e-11
7.8897e-12,9.3602e-12,5.7348e-12
7.8201e-12,9.0322e-12,4.7847e-12
1.1667e-11,1.4633e-11,6.6158e-12
9.4879e-12,1.2895e-11,5.1919e-12
1.0334e-11,1.636e-11,9.4903e-12
6.3908e-12,3.7368e-11,1.5759e-11
7.5935e-12,1.9954e-11,9.5973e-12
1.7562e-11,2.0043e-11,1.0625e-11
1.5689e-11,2.0599e-11,1.0009e-11
7.2835e-12,2.6747e-11,2.866e-11
1.2103e-11,1.5822e-11,7.3658e-12
3.1576e-11,4.0709e-11,2.5369e-11
1.2724e-11,1.5452e-11,8.816e-12
1.1668e-11,1.0825e-11,7.6994e-12
3.3343e-11,4.3088e-11,2.6862e-11
3.1373e-11,3.7651e-11,2.4604e-11
1.8179e-11,2.6457e-11,1.8956e-11
1.9324e-11,2.8937e-11,1.7206e-11
3.4134e-11,3.5785e-11,2.5062e-11
1.1966e-11,1.0284e-11,1.0586e-11
1.1659e-11,1.0522e-11,1.0616e-11
1.3644e-11,2.6294e-11,3.7791e-11
2.048e-11,1.5167e-11,1.0937e-11
1.8764e-11,2.2922e-11,1.4981e-11
1.9822e-11,2.674e-11,1.5266e-11
1.6403e-11,2.1992e-11,1.776e-11
2.6726e-11,1.9501e-11,1.614e-11
1.4336e-11,9.1317e-12,1.2584e-11
4.0751e-11,3.2771e-11,3.2423e-11
2.8775e-11,1.3912e-11,1.7414e-11
2.6795e-11,2.615e-11,3.0187e-11
2.7273e-11,1.7599e-11,2.2359e-11
1.777e-11,1.1368e-11,1.5821e-11
2.312e-11,1.3747e-11,1.8044e-11
2.1794e-11,1.2763e-11,2.3172e-11
3.8156e-11,2.7195e-11,3.3982e-11
3.4198e-11,1.5375e-11,2.7638e-11
4.6551e-11,2.2247e-11,3.3763e-11
3.1969e-11,1.3482e-11,2.8676e-11
4.5668e-11,2.0856e-11,3.4184e-11
5.0285e-11,2.0478e-11,3.7117e-11
3.4914e-11,1.4939e-11,3.0644e-11
4.4901e-11,2.1232e-11,4.1004e-11
4.7397e-11,1.5655e-11,4.322e-11
1.7598e-11,1.9482e-11,1.0469e-11
9.7283e-12,9.9151e-12,9.6955e-12
1.1506e-11,1.0793e-11,8.3418e-12
5.9567e-12,3.2742e-11,1.3624e-11
1.1838e-11,1.4105e-11,8.1626e-12
1.0831e-11,1.262e-11,5.3736e-12
6.9184e-12,2.952e-11,1.165e-11
1.0872e-11,1.444e-11,6.2334e-12
8.3979e-12,2.0585e-11,1.0967e-11
2.5528e-11,3.0022e-11,1.9383e-11
8.6029e-12,4.2695e-11,4.6171e-11
9.3374e-12,2.7204e-11,3.4036e-11
1.0548e-11,3.1402e-11,1.1532e-11
1.0504e-11,9.3723e-12,1.1054e-11
1.7145e-11,2.9028e-11,1.6779e-11
2.0482e-11,3.4069e-11,1.7838e-11
3.3888e-11,3.5761e-11,2.4278e-11
1.7962e-11,1.9878e-11,1.4032e-11
1.4614e-11,1.2842e-11,1.2319e-11
2.2368e-11,3.5942e-11,1.7454e-11
2.0614e-11,2.8488e-11,2.9793e-11
1.6691e-11,3.1396e-11,4.3424e-11
1.9197e-11,3.239e-11,4.75e-11
1.4482e-11,1.1771e-11,1.2141e-11
3.0218e-11,2.6477e-11,2.0668e-11
2.5826e-11,2.328e-11,1.9732e-11
1.6203e-11,1.0911e-11,1.2654e-11
1.8636e-11,1.4205e-11,1.1189e-11
1.5752e-11,1.2643e-11,1.4046e-11
2.1396e-11,1.1466e-11,1.22e-11
1.9981e-11,1.0535e-11,1.255e-11
2.3646e-11,1.9607e-11,1.7443e-11
1.7535e-11,1.1604e-11,1.3719e-11
3.1648e-11,2.604e-11,3.2826e-11
3.426e-11,2.6419e-11,2.891e-11
2.3336e-11,1.6431e-11,1.9148e-11
2.1956e-11,1.47e-11,1.9021e-11
3.1383e-11,2.6403e-11,3.6378e-11
1.9292e-11,1.1742e-11,1.6343e-11
3.1712e-11,2.5061e-11,3.993e-11
3.922e-11,2.5352e-11,3.581e-11
3.1072e-11,1.6999e-11,2.4384e-11
3.426e-11,1.7055e-11,2.4619e-11
3.1643e-11,1.5802e-11,2.4823e-11
3.5639e-11,1.6676e-11,3.4275e-11
4.235e-11,1.7207e-11,3.3448e-11
4.7834e-11,1.8768e-11,3.8882e-11
4.4915e-11,1.64e-11,4.2544e-11
4.3175e-11,1.6748e-11,4.0156e-11
4.9289e-11,1.6018e-11,4.446e-11
1.355e-11,1.3889e-11,8.5289e-12
1.5235e-11,1.8834e-11,1.124e-11
1.0621e-11,1.3161e-11,7.4531e-12
7.7603e-12,2.9148e-11,2.0326e-11
1.1618e-11,1.3064e-11,8.1359e-12
7.1002e-12,3.0888e-11,1.2213e-11
1.0975e-11,1.0178e-11,6.6717e-12
4.8266e-12,4.7659e-11,4.972e-11
2.1206e-11,2.6456e-11,1.4515e-11
1.5261e-11,1.3145e-11,1.0627e-11
9.9402e-12,1.1794e-11,7.4028e-12
7.7778e-12,1.4328e-11,1.1489e-11
9.2655e-12,1.5776e-11,9.4438e-12
2.1753e-11,2.8243e-11,1.6572e-11
3.0654e-11,3.7839e-11,2.3494e-11
1.3848e-11,2.517e-11,2.9452e-11
1.4693e-11,2.8121e-11,3.018e-11
3.2903e-11,3.4991e-11,2.0946e-11
3.3712e-11,3.4977e-11,2.3369e-11
2.2018e-11,3.1046e-11,1.5165e-11
3.903e-11,3.715e-11,2.8167e-11
1.7714e-11,1.0867e-11,1.063e-11
3.734e-11,3.215e-11,2.6046e-11
1.4424e-11,1.2328e-11,1.192e-11
3.0231e-11,2.6564e-11,2.1948e-11
4.1362e-11,3.5566e-11,3.1904e-11
1.8665e-11,1.6149e-11,1.4803e-11
3.4334e-11,2.615e-11,2.4096e-11
4.5288e-11,3.8706e-11,3.4277e-11
1.3732e-11,1.0295e-11,1.2654e-11
3.1513e-11,1.2451e-11,1.4069e-11
2.3464e-11,2.052e-11,2.0878e-11
1.8792e-11,1.5696e-11,1.4279e-11
3.259e-11,3.8648e-11,3.7394e-11
1.94e-11,1.3459e-11,1.7011e-11
2.5029e-11,1.8398e-11,2.158e-11
2.0143e-11,1.1954e-11,1.5468e-11
2.1587e-11,1.0605e-11,1.701e-11
2.3565e-11,1.2316e-11,1.9483e-11
3.7773e-11,2.2715e-11,3.0639e-11
3.3459e-11,2.0235e-11,4.0752e-11
3.6207e-11,2.0894e-11,2.7655e-11
3.0093e-11,1.4634e-11,2.5284e-11
2.633e-11,1.6329e-11,2.4944e-11
3.9959e-11,2.3305e-11,3.2039e-11
3.1653e-11,1.903e-11,3.3869e-11
3.2442e-11,1.8879e-11,2.8755e-11
4.0063e-11,1.6854e-11,3.432e-11
3.9831e-11,1.8509e-11,3.2992e-11
4.1957e-11,1.5532e-11,3.6594e-11
4.5307e-11,1.5437e-11,4.0545e-11
1.2334e-11,2.1627e-11,9.5112e-12
7.8661e-12,8.8771e-12,4.0266e-12
1.0879e-11,1.0013e-11,8.6054e-12
7.8769e-12,3.9164e-11,1.442e-11
9.2265e-12,1.3367e-11,6.1896e-12
2.1561e-11,2.307e-11,1.5905e-11
1.2073e-11,2.7428e-11,1.378e-11
9.2534e-12,2.6938e-11,1.086e-11
9.3178e-12,3.0488e-11,1.2489e-11
8.8841e-12,1.0422e-11,4.3323e-12
9.4836e-12,3.5045e-11,1.8899e-11
5.0565e-12,3.1175e-11,2.8385e-11
9.8325e-12,9.0142e-12,5.1197e-12
8.1196e-12,3.3861e-11,3.7942e-11
1.2088e-11,1.0456e-11,1.0697e-11
1.9681e-11,2.4866e-11,1.3563e-11
8.453e-12,1.2882e-11,1.0494e-11
9.9512e-12,1.0501e-11,9.3882e-12
1.7684e-11,3.3379e-11,1.9042e-11
1.1539e-11,3.3368e-11,4.0988e-11
1.4737e-11,1.8599e-11,1.1364e-11
1.9781e-11,4.1688e-11,1.969e-11
1.3237e-11,1.3947e-11,9.0648e-12
1.1941e-11,1.1661e-11,1.0338e-11
1.5952e-11,1.2245e-11,1.3226e-11
2.9145e-11,2.8668e-11,2.2083e-11
2.6818e-11,2.5651e-11,2.0183e-11
2.2642e-11,3.8115e-11,3.8378e-11
2.3985e-11,3.6932e-11,4.2381e-11
1.5547e-11,9.5938e-12,1.1807e-11
1.5416e-11,1.1621e-11,1.4004e-11
3.0482e-11,4.0629e-11,3.8471e-11
3.566e-11,3.2108e-11,3.5295e-11
1.8085e-11,1.0188e-11,1.3967e-11
1.9215e-11,1.082e-11,1.5017e-11
2.1085e-11,1.3459e-11,1.6689e-11
2.0519e-11,1.6271e-11,1.6796e-11
2.5961e-11,1.7248e-11,1.75e-11
2.57e-11,1.5333e-11,1.9207e-11
3.8563e-11,2.6193e-11,3.4567e-11
2.2339e-11,1.5187e-11,1.7293e-11
2.8636e-11,1.566e-11,2.4496e-11
3.3513e-11,1.6682e-11,2.847e-11
4.522e-11,1.6299e-11,4.1814e-11
4.6204e-11,2.0683e-11,4.3124e-11
9.2724e-12,1.44e-11,8.6939e-12
1.0491e-11,9.9313e-12,7.4601e-12
1.0357e-11,1.2358e-11,4.4549e-12
1.5698e-11,1.9228e-11,1.0992e-11
8.043e-12,1.0339e-11,3.5017e-12
3.3506e-11,3.7553e-11,2.2981e-11
6.3638e-12,4.038e-11,4.6305e-11
1.2014e-11,1.8549e-11,8.1904e-12
1.0145e-11,4.3192e-11,5.1291e-11
1.1185e-11,2.1821e-11,1.1963e-11
2.7767e-11,3.2923e-11,2.0052e-11
2.0635e-11,2.5387e-11,1.4017e-11
1.94e-11,2.2656e-11,1.3248e-11
1.3964e-11,3.3476e-11,4.5194e-11
1.3123e-11,1.3654e-11,9.9609e-12
2.2342e-11,3.4513e-11,3.2029e-11
2.1215e-11,3.4248e-11,2.7441e-11
1.8019e-11,3.5693e-11,4.791e-11
1.5897e-11,1.1737e-11,1.2216e-11
2.4268e-11,3.3899e-11,2.2391e-11
1.9247e-11,3.4116e-11,4.2618e-11
2.44e-11,3.9784e-11,4.1268e-11
2.8132e-11,2.537e-11,1.8702e-11
1.9461e-11,1.7064e-11,1.4879e-11
1.7272e-11,1.5591e-11,1.2333e-11
2.3944e-11,1.7764e-11,1.8791e-11
3.1646e-11,2.2908e-11,2.3161e-11
3.5095e-11,3.9562e-11,4.126e-11
3.6e-11,3.4291e-11,4.057e-11
3.813e-11,3.0205e-11,3.1239e-11
3.2111e-11,2.7485e-11,2.8505e-11
4.1754e-11,3.1814e-11,3.5459e-11
3.8063e-11,3.1593e-11,5.0529e-11
4.2539e-11,3.3097e-11,3.8335e-11
2.8949e-11,1.5915e-11,2.2863e-11
3.4829e-11,1.3688e-11,2.6576e-11
3.0352e-11,1.6133e-11,2.5695e-11
3.5079e-11,1.6366e-11,3.0422e-11
3.7657e-11,1.7489e-11,3.2841e-11
4.3823e-11,1.9575e-11,3.5762e-11
4.1124e-11,1.6419e-11,3.7599e-11
4.123e-11,1.7538e-11,3.8897e-11
1.4857e-11,1.8447e-11,9.6588e-12
9.3439e-12,9.3676e-12,5.2101e-12
2.8181e-11,3.1536e-11,2.0353e-11
1.066e-11,1.2459e-11,4.8888e-12
1.0025e-11,1.3269e-11,8.4763e-12
1.7514e-11,2.1375e-11,1.3353e-11
8.7596e-12,8.8642e-12,7.0925e-12
7.7242e-12,3.8136e-11,1.7757e-11
1.1547e-11,1.4314e-11,9.8722e-12
1.0146e-11,2.5068e-11,1.0301e-11
1.2507e-11,1.5096e-11,9.2299e-12
7.8389e-12,9.9585e-12,1.4529e-11
7.6827e-12,1.4368e-11,9.4719e-12
1.1675e-11,9.8218e-12,1.1984e-11
6.3416e-12,1.3266e-11,9.3241e-12
3.042e-11,3.7333e-11,2.2297e-11
3.0301e-11,3.7445e-11,2.1972e-11
7.2373e-12,1.8945e-11,1.0715e-11
7.6297e-12,2.1074e-11,9.8894e-12
9.1995e-12,3.274e-11,2.6025e-11
9.5386e-12,3.5132e-11,4.4999e-11
1.3509e-11,1.7258e-11,8.3613e-12
1.1186e-11,9.4175e-12,1.1118e-11
1.3444e-11,1.3816e-11,1.4535e-11
1.3743e-11,1.5641e-11,9.4553e-12
1.3729e-11,1.3846e-11,1.0288e-11
1.4081e-11,1.3857e-11,1.0501e-11
2.2615e-11,2.4836e-11,1.7477e-11
2.1416e-11,3.5318e-11,1.8021e-11
1.7018e-11,1.2133e-11,1.085e-11
3.9706e-11,3.549e-11,2.7695e-11
2.8058e-11,1.9575e-11,1.5648e-11
4.0606e-11,3.593e-11,2.9153e-11
3.5689e-11,3.0408e-11,2.6032e-11
4.2089e-11,3.5218e-11,3.1709e-11
2.8958e-11,2.1307e-11,2.4668e-11
4.0328e-11,2.564e-11,3.5993e-11
3.3622e-11,2.114e-11,4.0023e-11
3.5907e-11,2.4253e-11,4.4603e-11
3.1446e-11,1.9772e-11,2.2483e-11
3.7655e-11,1.4446e-11,2.4434e-11
3.5021e-11,1.9884e-11,2.3944e-11
3.6732e-11,1.797e-11,3.0246e-11
4.443e-11,1.729e-11,4.1821e-11
8.7187e-12,1.2854e-11,9.4102e-12
7.2606e-12,3.9287e-11,2.3038e-11
9.668e-12,1.3158e-11,7.5581e-12
6.8309e-12,3.6491e-11,2.4301e-11
8.6877e-12,4.1159e-11,1.7594e-11
1.007e-11,1.3971e-11,5.5728e-12
7.799e-12,9.2373e-12,1.0144e-11
3.2554e-11,3.6099e-11,2.1794e-11
1.6145e-11,1.8014e-11,1.1388e-11
1.0734e-11,1.3689e-11,1.1359e-11
3.0245e-11,3.7607e-11,2.1772e-11
8.4013e-12,1.4456e-11,1.1669e-11
1.0111e-11,9.0836e-12,9.2078e-12
1.3149e-11,3.5276e-11,4.8602e-11
2.4526e-11,3.0433e-11,1.7762e-11
1.4918e-11,1.3413e-11,9.9966e-12
2.437e-11,4.7944e-11,2.0864e-11
1.3158e-11,1.3528e-11,1.2287e-11
1.5775e-11,1.0815e-11,1.3314e-11
1.5942e-11,1.0596e-11,1.3045e-11
1.6531e-11,1.2251e-11,1.3513e-11
1.64e-11,1.015e-11,1.2835e-11
1.5115e-11,1.6772e-11,1.2699e-11
1.7436e-11,1.2211e-11,1.403e-11
4.6677e-11,3.8863e-11,3.5351e-11
3.0344e-11,1.8865e-11,2.665e-11
4.3387e-11,3.0725e-11,4.7817e-11
3.1998e-11,1.5225e-11,2.8368e-11
4.1139e-11,1.7758e-11,3.9566e-11
7.2068e-12,1.7352e-11,7.1102e-12
7.4822e-12,8.3409e-12,1.2057e-11
7.7254e-12,9.3558e-12,1.42e-11
7.2473e-12,1.0105e-11,7.5089e-12
6.9548e-12,3.5242e-11,1.6313e-11
1.3612e-11,1.732e-11,8.9466e-12
1.159e-11,3.1473e-11,1.4931e-11
3.1278e-11,3.7158e-11,2.1721e-11
1.1017e-11,1.5243e-11,9.1615e-12
9.2023e-12,1.3077e-11,1.3413e-11
1.3848e-11,1.0497e-11,1.3071e-11
1.728e-11,2.1577e-11,1.1098e-11
1.4999e-11,1.194e-11,1.0489e-11
2.4672e-11,1.2342e-11,1.1644e-11
1.6042e-11,1.8348e-11,1.3521e-11
1.8474e-11,4.2718e-11,4.4865e-11
1.5648e-11,2.0922e-11,1.6216e-11
2.7356e-11,4.9019e-11,2.8022e-11
2.8479e-11,2.3505e-11,1.623e-11
3.0817e-11,5.8344e-11,4.3135e-11
1.4707e-11,1.2611e-11,1.2058e-11
3.5567e-11,3.1056e-11,2.7241e-11
1.6063e-11,1.0681e-11,1.3739e-11
4.158e-11,3.5639e-11,3.1498e-11
2.6339e-11,1.2947e-11,1.5255e-11
2.448e-11,2.0488e-11,2.0035e-11
3.5223e-11,3.118e-11,2.5633e-11
1.99e-11,1.3066e-11,1.6569e-11
1.7483e-11,1.0132e-11,1.3467e-11
1.9923e-11,1.2302e-11,1.5629e-11
2.4577e-11,1.5766e-11,1.9293e-11
2.4768e-11,1.6255e-11,1.5874e-11
4.492e-11,3.4224e-11,3.6584e-11
2.7428e-11,1.4387e-11,1.6888e-11
2.4367e-11,1.594e-11,1.949e-11
2.5046e-11,1.5989e-11,2.0091e-11
2.5418e-11,1.3702e-11,2.0549e-11
3.9329e-11,2.4704e-11,3.1939e-11
3.363e-11,1.7449e-11,2.5865e-11
3.9659e-11,2.1602e-11,3.0059e-11
4.3843e-11,1.9381e-11,3.6547e-11
1.2473e-11,1.0146e-11,7.4875e-12
7.3721e-12,4.4707e-11,2.2476e-11
9.8954e-12,1.5331e-11,1.0418e-11
1.2196e-11,1.6466e-11,1.0284e-11
9.3575e-12,3.3746e-11,3.1901e-11
1.2511e-11,1.1625e-11,1.0807e-11
9.154e-12,4.0258e-11,4.6823e-11
9.4269e-12,1.0611e-11,1.0151e-11
8.7594e-12,3.7726e-11,2.8199e-11
8.2803e-12,1.0864e-11,8.5277e-12
1.089e-11,9.9457e-12,8.1052e-12
7.6217e-12,1.1198e-11,8.2998e-12
9.2392e-12,2.3171e-11,1.1817e-11
1.4657e-11,1.7341e-11,1.0062e-11
2.047e-11,4.6444e-11,1.6715e-11
1.6879e-11,1.8668e-11,1.0981e-11
2.4588e-11,2.9073e-11,1.6611e-11
2.3785e-11,1.5595e-11,1.214e-11
2.7519e-11,4.4419e-11,2.2726e-11
2.7287e-11,3.9558e-11,2.0459e-11
2.6767e-11,4.7841e-11,3.6976e-11
3.064e-11,2.7114e-11,2.0771e-11
2.3253e-11,1.4863e-11,1.3549e-11
4.889e-11,3.9931e-11,5.3675e-11
4.3094e-11,3.3321e-11,3.5897e-11
2.7774e-11,1.8737e-11,2.1752e-11
4.2076e-11,2.5517e-11,3.4087e-11
4.1825e-11,2.4425e-11,3.2775e-11
4.0545e-11,1.7701e-11,3.7417e-11
4.332e-11,1.8414e-11,3.8259e-11
4.5266e-11,1.9862e-11,4.3302e-11
4.7147e-11,1.9363e-11,4.0294e-11
1.509e-11,1.6385e-11,1.0414e-11
1.4644e-11,1.5934e-11,9.8245e-12
9.979e-12,1.0831e-11,3.7374e-12
1.2149e-11,1.005e-11,7.6275e-12
8.6454e-12,1.5279e-11,9.2969e-12
1.1021e-11,1.3902e-11,1.2834e-11
1.1251e-11,9.3882e-12,6.4377e-12
1.3949e-11,1.5446e-11,7.8535e-12
9.6906e-12,1.4629e-11,8.4655e-12
1.2738e-11,1.52e-11,1.0399e-11
9.7991e-12,1.1354e-11,1.0638e-11
1.1366e-11,1.0794e-11,8.3157e-12
1.1168e-11,1.8443e-11,1.4844e-11
9.8026e-12,4.4342e-11,4.9294e-11
1.8317e-11,4.0133e-11,3.3271e-11
7.6095e-12,9.5752e-12,8.9871e-12
1.664e-11,4.2921e-11,1.8645e-11
1.8378e-11,3.9015e-11,4.1428e-11
1.8243e-11,3.9323e-11,4.3857e-11
2.5833e-11,3.2282e-11,1.8313e-11
2.0263e-11,5.179e-11,2.3414e-11
1.7606e-11,4.4946e-11,4.2767e-11
1.0876e-11,1.4242e-11,1.3809e-11
2.4164e-11,4.9982e-11,2.9323e-11
1.7142e-11,1.7187e-11,1.4934e-11
2.243e-11,1.391e-11,1.3826e-11
1.5598e-11,1.232e-11,1.1036e-11
2.1521e-11,1.579e-11,2.1053e-11
2.2707e-11,2.0102e-11,1.8424e-11
2.162e-11,1.8164e-11,1.67e-11
1.7689e-11,1.5148e-11,1.4492e-11
1.7496e-11,1.4153e-11,1.3784e-11
2.1767e-11,1.2857e-11,1.3127e-11
2.1431e-11,1.6247e-11,1.7597e-11
4.3567e-11,4.467e-11,4.2273e-11
1.9114e-11,1.5562e-11,1.4202e-11
1.7565e-11,1.5444e-11,1.4374e-11
4.0905e-11,3.4586e-11,3.1734e-11
3.3279e-11,1.7928e-11,2.3667e-11
3.4131e-11,2.0536e-11,2.1189e-11
3.4991e-11,2.3737e-11,2.999e-11
3.6703e-11,2.3819e-11,3.4e-11
3.3046e-11,1.9845e-11,2.504e-11
3.9986e-11,2.2033e-11,3.5128e-11
7.7555e-12,1.0678e-11,8.5913e-12
1.1677e-11,1.231e-11,6.9636e-12
1.0181e-11,1.8381e-11,1.1273e-11
1.0007e-11,1.0313e-11,8.11e-12
6.769e-12,1.146e-11,1.0165e-11
1.1063e-11,1.3553e-11,7.2163e-12
8.8198e-12,4.6927e-11,3.5348e-11
9.0209e-12,1.0403e-11,8.4451e-12
8.5163e-12,1.1938e-11,1.0906e-11
1.9058e-11,2.163e-11,1.1371e-11
1.1366e-11,4.6214e-11,1.9581e-11
1.1123e-11,3.4093e-11,1.569e-11
1.0049e-11,2.854e-11,1.1665e-11
9.3905e-12,1.0383e-11,1.0217e-11
1.0761e-11,1.4561e-11,7.1989e-12
8.0969e-12,1.0638e-11,6.0382e-12
2.5762e-11,3.2313e-11,1.788e-11
1.7561e-11,1.8263e-11,1.1422e-11
1.3693e-11,1.2595e-11,1.2593e-11
2.3511e-11,1.838e-11,1.6547e-11
1.3366e-11,1.132e-11,1.1487e-11
2.4588e-11,2.3231e-11,1.6353e-11
1.5785e-11,1.371e-11,1.3438e-11
1.4292e-11,1.1708e-11,1.2547e-11
1.4315e-11,1.0621e-11,1.1923e-11
2.2792e-11,2.2788e-11,2.2721e-11
2.4974e-11,1.6539e-11,1.4499e-11
1.9353e-11,1.6406e-11,1.3871e-11
2.9821e-11,1.5117e-11,2.2854e-11
1.7308e-11,1.2491e-11,1.3661e-11
2.0979e-11,1.2441e-11,1.4648e-11
2.4105e-11,1.3925e-11,1.4848e-11
2.3347e-11,1.4171e-11,1.899e-11
2.8188e-11,1.4758e-11,1.8062e-11
3.8106e-11,2.0621e-11,2.8191e-11
3.2373e-11,2.018e-11,3.1071e-11
3.5747e-11,2.2233e-11,3.5952e-11
3.2566e-11,1.9619e-11,2.456e-11
4.3761e-11,2.5316e-11,3.3273e-11
4.5852e-11,2.3898e-11,3.5247e-11
4.0319e-11,2.2202e-11,3.852e-11
4.9105e-11,2.3439e-11,3.9131e-11
2.7684e-11,2.7898e-11,1.7363e-11
9.2556e-12,9.5205e-12,1.1653e-11
1.0204e-11,1.0196e-11,4.2576e-12
2.9701e-11,3.2435e-11,2.0135e-11
1.1017e-11,1.5166e-11,1.3695e-11
9.1001e-12,8.9575e-12,4.8902e-12
9.8106e-12,4.9004e-11,4.0236e-11
1.082e-11,1.0821e-11,6.9026e-12
8.9043e-12,9.7402e-12,6.3688e-12
1.4447e-11,2.0119e-11,1.2709e-11
8.1467e-12,2.2931e-11,1.0735e-11
1.0541e-11,2.3676e-11,1.2207e-11
1.0987e-11,5.248e-11,4.1959e-11
8.3009e-12,1.6521e-11,1.243e-11
1.1366e-11,1.7098e-11,1.2572e-11
1.2633e-11,1.0413e-11,8.6418e-12
1.4249e-11,1.3357e-11,7.5264e-12
7.5683e-12,1.2167e-11,7.6599e-12
1.544e-11,1.5025e-11,1.2017e-11
1.3704e-11,1.1768e-11,1.1577e-11
2.5185e-11,3.4571e-11,1.6802e-11
2.9351e-11,3.0716e-11,1.9341e-11
2.6775e-11,4.2046e-11,2.1556e-11
2.46e-11,3.3082e-11,1.8241e-11
2.675e-11,2.5088e-11,1.9115e-11
3.1888e-11,3.1812e-11,2.4211e-11
3.3017e-11,6.2622e-11,3.2432e-11
2.4765e-11,2.2309e-11,1.8622e-11
2.3918e-11,2.1322e-11,1.8006e-11
1.3603e-11,1.2023e-11,1.3826e-11
3.3013e-11,5.3879e-11,2.8865e-11
3.0021e-11,2.902e-11,2.8138e-11
4.7701e-11,3.7593e-11,2.8795e-11
1.9408e-11,1.3052e-11,1.4253e-11
2.9744e-11,1.8338e-11,3.0337e-11
4.4031e-11,2.4858e-11,3.3026e-11
2.2555e-11,1.6022e-11,1.7021e-11
2.4982e-11,1.5465e-11,2.2413e-11
2.0041e-11,1.4485e-11,1.4329e-11
4.5323e-11,3.6626e-11,3.6022e-11
3.1794e-11,1.8633e-11,2.2143e-11
3.8262e-11,2.9372e-11,3.16e-11
4.5507e-11,3.1872e-11,5.5667e-11
3.8121e-11,2.8283e-11,3.066e-11
3.2551e-11,1.9547e-11,2.4449e-11
4.7174e-11,3.0489e-11,5.3701e-11
3.1246e-11,1.9094e-11,2.2944e-11
3.2485e-11,2.11e-11,2.2818e-11
4.4225e-11,2.6338e-11,3.4614e-11
3.5963e-11,2.1967e-11,2.8075e-11
4.7785e-11,2.4873e-11,3.6689e-11
4.1197e-11,1.9565e-11,3.3486e-11
4.9883e-11,2.3273e-11,4.0932e-11
4.9393e-11,2.1396e-11,3.8767e-11
4.8734e-11,2.0933e-11,3.9405e-11
8.7652e-12,8.7038e-12,9.5115e-12
7.5401e-12,9.3165e-12,6.8002e-12
1.1808e-11,1.2008e-11,1.0495e-11
9.9593e-12,1.087e-11,6.7711e-12
1.775e-11,1.2401e-11,1.3673e-11
2.2714e-11,2.4731e-11,1.468e-11
1.1207e-11,1.2265e-11,7.1803e-12
1.3989e-11,1.3601e-11,1.1276e-11
1.1042e-11,5.4186e-11,2.9295e-11
1.0308e-11,1.5118e-11,8.1787e-12
1.814e-11,2.3978e-11,1.1332e-11
1.4925e-11,4.7996e-11,4.7928e-11
1.8392e-11,4.4095e-11,2.509e-11
2.0236e-11,4.7462e-11,2.9573e-11
3.3384e-11,3.7655e-11,2.0071e-11
1.8322e-11,2.133e-11,1.2106e-11
1.698e-11,2.0947e-11,1.4168e-11
1.4427e-11,1.5788e-11,1.1001e-11
1.6979e-11,2.4749e-11,1.7607e-11
2.8114e-11,5.0184e-11,1.9953e-11
1.9884e-11,1.8471e-11,1.4045e-11
3.0006e-11,3.6767e-11,2.512e-11
1.3051e-11,1.2902e-11,1.2463e-11
3.108e-11,3.8882e-11,2.6704e-11
2.9741e-11,1.8587e-11,2.6847e-11
1.7839e-11,1.3625e-11,1.4075e-11
4.779e-11,3.4894e-11,4.6411e-11
2.4434e-11,1.7874e-11,1.9663e-11
4.4188e-11,3.4497e-11,3.5383e-11
3.3396e-11,2.3702e-11,2.7757e-11
4.873e-11,2.8726e-11,5.598e-11
4.0715e-11,2.2823e-11,3.1107e-11
3.9805e-11,2.4988e-11,3.7127e-11
4.3134e-11,2.5824e-11,4.2385e-11
4.2377e-11,2.4131e-11,3.4699e-11
4.2496e-11,2.1524e-11,3.123e-11
4.5795e-11,2.2857e-11,3.6029e-11
4.5645e-11,2.1092e-11,3.5002e-11
4.7214e-11,2.603e-11,3.9942e-11
1.8587e-11,1.8454e-11,9.2032e-12
1.003e-11,1.1648e-11,1.3074e-11
7.4275e-12,8.7991e-12,1.0608e-11
9.6767e-12,9.5725e-12,7.4616e-12
9.234e-12,2.1142e-11,1.2918e-11
1.9167e-11,1.2585e-11,1.0658e-11
7.0772e-12,1.1913e-11,1.0508e-11
3.2597e-11,3.4266e-11,2.0049e-11
1.1222e-11,2.4137e-11,1.2907e-11
8.0582e-12,5.5888e-11,4.3953e-11
8.2818e-12,1.1295e-11,7.52e-12
8.2836e-12,1.085e-11,6.4326e-12
9.8662e-12,1.0208e-11,7.3382e-12
2.2717e-11,2.5116e-11,1.3714e-11
1.0614e-11,5.7311e-11,2.6945e-11
1.6331e-11,1.8321e-11,7.3247e-12
1.2171e-11,5.2979e-11,2.2538e-11
8.1595e-12,2.2877e-11,1.2908e-11
1.0656e-11,1.5938e-11,9.8934e-12
1.4341e-11,3.035e-11,1.6924e-11
8.6175e-12,1.2175e-11,6.799e-12
2.524e-11,3.8244e-11,1.7319e-11
2.1102e-11,1.1813e-11,1.1407e-11
1.7684e-11,1.5333e-11,1.1663e-11
2.661e-11,4.3474e-11,2.1548e-11
2.138e-11,2.1976e-11,2.457e-11
1.9902e-11,1.7434e-11,1.5191e-11
2.2355e-11,1.8488e-11,1.8573e-11
2.4306e-11,1.436e-11,1.6691e-11
3.4312e-11,2.1898e-11,2.3512e-11
5.0214e-11,3.8852e-11,5.9793e-11
2.6474e-11,1.7325e-11,2.0456e-11
3.6997e-11,2.1576e-11,2.4952e-11
3.8922e-11,2.3258e-11,2.977e-11
4.35e-11,2.4227e-11,3.1222e-11
4.5012e-11,2.4887e-11,4.1989e-11
4.7897e-11,2.2446e-11,3.7639e-11
4.9271e-11,2.2145e-11,4.0789e-11
4.7469e-11,2.301e-11,3.6955e-11
8.0963e-12,5.0113e-11,2.8991e-11
8.8219e-12,1.2933e-11,7.1132e-12
1.0926e-11,3.8384e-11,1.701e-11
7.9999e-12,2.7993e-11,1.4096e-11
1.0081e-11,1.3706e-11,7.8937e-12
9.9139e-12,1.205e-11,5.8584e-12
1.4249e-11,3.2141e-11,1.6351e-11
1.6927e-11,1.9636e-11,9.7046e-12
3.2188e-11,3.5613e-11,1.8108e-11
2.9216e-11,4.4362e-11,2.2603e-11
2.7109e-11,3.2484e-11,1.7226e-11
1.7222e-11,2.8648e-11,1.7189e-11
3.7874e-11,3.9605e-11,2.2964e-11
3.3653e-11,6.1903e-11,4.2549e-11
1.1919e-11,1.3458e-11,1.2343e-11
1.6695e-11,1.4983e-11,1.292e-11
3.6083e-11,7.0845e-11,4.338e-11
3.0547e-11,1.5884e-11,2.0207e-11
1.5601e-11,1.2097e-11,1.2299e-11
1.9659e-11,1.6593e-11,1.235e-11
2.6348e-11,1.3877e-11,1.5192e-11
2.3169e-11,1.688e-11,1.6372e-11
3.0763e-11,2.3908e-11,3.8803e-11
3.1265e-11,2.2897e-11,2.387e-11
5.4062e-11,4.412e-11,5.8485e-11
4.7081e-11,3.6336e-11,3.5137e-11
2.971e-11,2.1024e-11,2.1844e-11
3.4354e-11,2.1265e-11,2.5728e-11
4.1334e-11,2.3193e-11,3.2134e-11
4.6078e-11,2.4589e-11,3.8873e-11
1.2095e-11,1.4976e-11,4.6225e-12
7.9002e-12,9.6032e-12,7.3016e-12
9.9642e-12,1.0838e-11,3.7946e-12
9.3796e-12,9.6888e-12,6.201e-12
1.0178e-11,1.2187e-11,9.1682e-12
1.495e-11,1.7054e-11,8.2264e-12
1.0095e-11,1.2975e-11,8.1731e-12
8.1156e-12,1.1135e-11,7.111e-12
2.642e-11,3.0926e-11,1.6391e-11
1.0952e-11,1.156e-11,8.4548e-12
1.0743e-11,1.3142e-11,6.6213e-12
2.277e-11,3.9305e-11,1.7636e-11
9.8086e-12,1.4201e-11,9.4635e-12
1.458e-11,1.9879e-11,1.2618e-11
1.729e-11,1.506e-11,9.3699e-12
1.9099e-11,2.1822e-11,1.3635e-11
1.2377e-11,1.209e-11,1.1194e-11
1.5103e-11,1.3547e-11,1.0815e-11
1.2106e-11,1.3393e-11,1.308e-11
4.0397e-11,3.8249e-11,2.6451e-11
2.9765e-11,2.6934e-11,2.0806e-11
3.0284e-11,2.4331e-11,2.5794e-11
1.636e-11,1.3177e-11,1.2589e-11
4.9145e-11,6.42e-11,4.0055e-11
2.9423e-11,1.6031e-11,2.5612e-11
2.0064e-11,1.3659e-11,1.3992e-11
4.5673e-11,2.571e-11,4.5675e-11
1.925e-11,1.301e-11,1.5155e-11
4.4069e-11,2.291e-11,4.2087e-11
3.9775e-11,3.0093e-11,4.3273e-11
2.2287e-11,1.5398e-11,1.877e-11
5.3417e-11,3.4678e-11,6.4517e-11
3.9915e-11,2.2665e-11,3.5811e-11
4.6567e-11,3.527e-11,3.6719e-11
3.1607e-11,2.2067e-11,2.3296e-11
2.7046e-11,1.7434e-11,1.8496e-11
4.033e-11,2.1744e-11,2.1627e-11
3.972e-11,2.5274e-11,3.0015e-11
3.2048e-11,1.897e-11,2.5052e-11
3.2754e-11,2.0504e-11,2.5247e-11
4.2439e-11,2.7842e-11,2.8442e-11
4.1182e-11,2.1892e-11,3.1453e-11
5.0115e-11,2.384e-11,3.7042e-11
1.0889e-11,1.2133e-11,8.8249e-12
2.7071e-11,2.7734e-11,1.6078e-11
9.6753e-12,6.6716e-11,4.2053e-11
1.069e-11,1.1174e-11,1.119e-11
9.8851e-12,6.7493e-11,4.2577e-11
1.029e-11,2.0735e-11,1.3199e-11
2.6409e-11,2.851e-11,1.5203e-11
7.6948e-12,1.1226e-11,9.6316e-12
7.9984e-12,1.0218e-11,9.9536e-12
8.9786e-12,1.097e-11,7.5457e-12
9.239e-12,1.1834e-11,6.1426e-12
1.0249e-11,1.338e-11,7.4313e-12
1.0649e-11,1.401e-11,9.6918e-12
1.025e-11,1.5193e-11,9.5439e-12
1.6904e-11,3.0345e-11,1.6481e-11
1.5558e-11,1.3056e-11,1.0942e-11
1.7203e-11,3.1807e-11,1.793e-11
2.9896e-11,6.2205e-11,2.8228e-11
1.2086e-11,1.0164e-11,1.1598e-11
3.1088e-11,2.0217e-11,1.7771e-11
2.3011e-11,2.1925e-11,1.6155e-11
1.6152e-11,1.5625e-11,1.2269e-11
2.0781e-11,1.5243e-11,1.3411e-11
2.283e-11,1.6277e-11,1.7885e-11
4.002e-11,2.3745e-11,3.0798e-11
2.606e-11,1.703e-11,1.9242e-11
4.8254e-11,3.6823e-11,3.6932e-11
3.3414e-11,2.3453e-11,2.4866e-11
2.3983e-11,1.6115e-11,1.8313e-11
5.0025e-11,2.772e-11,4.9219e-11
4.8821e-11,2.3933e-11,3.8611e-11
4.2181e-11,2.5549e-11,3.0674e-11
3.3507e-11,2.0359e-11,2.4858e-11
3.6303e-11,1.9839e-11,2.7526e-11
4.4769e-11,2.7327e-11,3.336e-11
4.2949e-11,1.9524e-11,2.9259e-11
4.5943e-11,2.6672e-11,3.9125e-11
4.7828e-11,2.3808e-11,3.75e-11
1.0327e-11,1.235e-11,3.6006e-12
1.1447e-11,1.2947e-11,6.6171e-12
1.2288e-11,1.2852e-11,1.0856e-11
3.2681e-11,3.4791e-11,1.9506e-11
1.0387e-11,5.2351e-11,2.7503e-11
9.4473e-12,2.7783e-11,1.6623e-11
1.5339e-11,2.3187e-11,1.566e-11
8.0975e-12,1.2158e-11,8.1166e-12
2.6888e-11,3.1639e-11,1.6414e-11
2.1497e-11,6.029e-11,3.2937e-11
1.976e-11,4.0566e-11,1.8779e-11
2.7972e-11,2.9101e-11,1.8984e-11
1.6894e-11,1.5368e-11,1.3199e-11
1.4903e-11,1.2689e-11,1.499e-11
4.2363e-11,4.3484e-11,2.7114e-11
1.6611e-11,1.3645e-11,1.5834e-11
1.3801e-11,1.2162e-11,1.0636e-11
3.1194e-11,2.7931e-11,2.0953e-11
4.5206e-11,4.314e-11,2.8007e-11
3.9551e-11,7.0177e-11,3.838e-11
2.4524e-11,2.3921e-11,1.7244e-11
3.6215e-11,5.4271e-11,3.0031e-11
4.1811e-11,3.1953e-11,2.7623e-11
1.605e-11,1.3371e-11,1.2713e-11
1.4442e-11,1.3284e-11,1.1778e-11
1.5027e-11,1.145e-11,1.1869e-11
1.8565e-11,1.3476e-11,1.3508e-11
3.192e-11,2.7149e-11,2.2609e-11
2.0236e-11,1.6153e-11,1.3743e-11
4.1319e-11,3.5365e-11,2.8789e-11
2.9389e-11,2.1831e-11,1.9279e-11
1.8141e-11,1.3286e-11,1.5268e-11
3.0873e-11,2.1733e-11,2.2083e-11
4.4471e-11,3.5154e-11,3.3186e-11
2.3124e-11,1.4585e-11,1.7471e-11
3.3644e-11,2.3124e-11,2.2902e-11
4.7456e-11,2.7231e-11,3.6432e-11
4.0495e-11,2.2963e-11,2.9543e-11
4.503e-11,2.5112e-11,3.3339e-11
4.3631e-11,2.2043e-11,3.3023e-11
9.319e-12,1.033e-11,6.9315e-12
2.4125e-11,2.3485e-11,1.2056e-11
1.7499e-11,1.7227e-11,6.9197e-12
1.3547e-11,3.6086e-11,1.8973e-11
1.3983e-11,6.7485e-11,4.2818e-11
3.4212e-11,3.6835e-11,2.0308e-11
1.44e-11,1.677e-11,7.9392e-12
3.4921e-11,4.0033e-11,2.1234e-11
1.8952e-11,2.1251e-11,8.8056e-12
1.5223e-11,1.7601e-11,8.1521e-12
1.1691e-11,1.3728e-11,6.1525e-12
1.0022e-11,1.3018e-11,8.5997e-12
3.1602e-11,3.6098e-11,1.8596e-11
2.4112e-11,6.0847e-11,3.908e-11
1.2541e-11,1.4588e-11,8.1995e-12
2.496e-11,6.5139e-11,3.5238e-11
3.7679e-11,4.1223e-11,2.2096e-11
1.6396e-11,1.3036e-11,1.2076e-11
2.3091e-11,2.4236e-11,1.5165e-11
3.4716e-11,7.4524e-11,4.387e-11
2.0699e-11,1.7611e-11,1.4453e-11
1.4837e-11,1.1881e-11,1.2402e-11
1.5535e-11,1.2112e-11,1.3469e-11
4.5943e-11,5.0708e-11,3.7436e-11
4.9318e-11,6.8234e-11,4.1448e-11
1.6696e-11,1.3746e-11,1.3728e-11
1.7079e-11,1.3296e-11,1.3538e-11
1.9503e-11,1.6612e-11,1.3592e-11
2.9976e-11,1.9553e-11,2.0106e-11
1.9035e-11,1.8729e-11,1.5495e-11
2.0364e-11,1.4688e-11,1.439e-11
3.1084e-11,2.269e-11,2.2503e-11
2.2534e-11,1.462e-11,1.6595e-11
3.4084e-11,2.4108e-11,2.4036e-11
2.5754e-11,1.5302e-11,1.7842e-11
3.6189e-11,2.3115e-11,2.5179e-11
3.2465e-11,2.2634e-11,2.3053e-11
2.2597e-11,1.4853e-11,1.7788e-11
2.8409e-11,1.9066e-11,2.021e-11
3.6836e-11,2.2047e-11,2.534e-11
4.7379e-11,2.9942e-11,3.9065e-11
5.2035e-11,2.8468e-11,3.5674e-11
3.6473e-11,2.1958e-11,2.7891e-11
4.0233e-11,2.3343e-11,2.9135e-11
3.9989e-11,1.9971e-11,2.9708e-11
4.5717e-11,2.5782e-11,3.3613e-11
4.5464e-11,2.2896e-11,3.4898e-11
4.4893e-11,2.0681e-11,3.0113e-11
1.2708e-11,1.4071e-11,7.8874e-12
1.2488e-11,1.3294e-11,3.5486e-12
3.3686e-11,3.4481e-11,1.932e-11
1.0682e-11,1.1469e-11,1.2283e-11
1.1119e-11,6.6413e-11,4.0653e-11
9.2683e-12,2.262e-11,1.4609e-11
8.817e-12,6.781e-11,3.7326e-11
1.1688e-11,3.0052e-11,1.6586e-11
1.0815e-11,1.1389e-11,5.383e-12
2.4406e-11,2.5373e-11,1.2131e-11
1.1559e-11,2.3248e-11,1.4112e-11
3.604e-11,4.0238e-11,2.1665e-11
1.0574e-11,1.3254e-11,5.8149e-12
8.7166e-12,1.3517e-11,8.3048e-12
9.4765e-12,1.5895e-11,7.9003e-12
9.6915e-12,1.2962e-11,8.4569e-12
9.533e-12,1.0182e-11,1.0807e-11
1.0299e-11,1.1855e-11,9.5858e-12
9.1553e-12,1.3942e-11,7.7679e-12
1.9126e-11,2.2954e-11,1.1372e-11
2.0269e-11,4.4973e-11,1.9325e-11
2.6678e-11,5.1493e-11,2.5515e-11
1.1417e-11,1.6283e-11,1.0183e-11
1.3093e-11,1.1899e-11,1.1185e-11
2.4854e-11,2.5015e-11,1.6634e-11
1.372e-11,1.2026e-11,1.1398e-11
2.7174e-11,2.774e-11,1.6881e-11
4.5941e-11,4.3485e-11,2.7488e-11
1.5638e-11,1.2742e-11,1.2692e-11
2.2426e-11,1.757e-11,2.3189e-11
4.1758e-11,5.2287e-11,2.9533e-11
1.6313e-11,1.3091e-11,1.2633e-11
4.774e-11,6.659e-11,3.6796e-11
1.8313e-11,1.8505e-11,1.5752e-11
1.6106e-11,1.3912e-11,1.292e-11
1.7401e-11,1.3453e-11,1.4228e-11
4.4565e-11,3.8384e-11,3.115e-11
4.7303e-11,2.7196e-11,4.6743e-11
1.9881e-11,1.5722e-11,1.4158e-11
2.5387e-11,1.8306e-11,1.9459e-11
4.2767e-11,2.3523e-11,3.3563e-11
2.7641e-11,1.8326e-11,2.0101e-11
3.7014e-11,2.6629e-11,2.6036e-11
5.5159e-11,3.3044e-11,5.9278e-11
4.5701e-11,2.2935e-11,2.7481e-11
4.5536e-11,2.4118e-11,3.3735e-11
2.418e-11,2.3149e-11,1.0893e-11
1.6217e-11,1.9001e-11,8.0979e-12
1.3265e-11,1.4319e-11,3.1766e-12
1.1291e-11,3.4484e-11,1.8003e-11
1.2881e-11,1.3955e-11,7.3681e-12
8.8058e-12,1.3206e-11,1.1059e-11
9.0669e-12,1.1524e-11,9.4859e-12
9.4146e-12,1.2822e-11,7.9367e-12
1.2347e-11,1.2477e-11,1.0655e-11
9.0184e-12,1.1974e-11,8.3297e-12
1.1907e-11,1.4992e-11,5.4998e-12
9.1701e-12,1.0176e-11,6.0565e-12
2.0031e-11,2.3027e-11,1.3368e-11
2.076e-11,1.8189e-11,1.1404e-11
2.8603e-11,2.9122e-11,1.8907e-11
1.5052e-11,1.3471e-11,1.3343e-11
1.3887e-11,1.2377e-11,1.0621e-11
1.499e-11,1.3269e-11,1.2771e-11
1.4279e-11,1.4108e-11,1.4541e-11
4.3445e-11,5.6627e-11,3.3381e-11
3.3328e-11,2.9516e-11,2.2439e-11
3.2571e-11,2.8559e-11,2.1634e-11
1.6377e-11,1.3895e-11,1.2006e-11
4.766e-11,4.2411e-11,3.1858e-11
4.7437e-11,6.5701e-11,3.8011e-11
1.8782e-11,1.2839e-11,1.3149e-11
1.8495e-11,1.4066e-11,1.4103e-11
3.5377e-11,2.4889e-11,2.4287e-11
3.134e-11,2.1902e-11,2.128e-11
2.3463e-11,1.6465e-11,1.9498e-11
5.7666e-11,3.487e-11,6.1545e-11
4.2454e-11,3.1932e-11,3.0624e-11
3.9317e-11,2.2792e-11,2.6729e-11
3.3396e-11,2.2531e-11,2.3904e-11
2.7833e-11,1.8153e-11,2.0838e-11
3.6103e-11,2.3994e-11,2.6419e-11
4.142e-11,2.2037e-11,2.201e-11
4.3342e-11,2.5707e-11,3.0564e-11
4.5252e-11,2.1767e-11,2.9356e-11
4.8343e-11,2.5434e-11,3.7106e-11
1.1655e-11,1.4436e-11,5.0585e-12
1.7551e-11,1.6905e-11,7.6327e-12
1.3658e-11,1.4518e-11,7.3715e-12
1.0725e-11,4.5998e-11,2.2657e-11
8.7253e-12,1.6861e-11,8.7184e-12
1.5858e-11,7.3369e-11,4.4786e-11
3.7323e-11,4.0761e-11,2.1616e-11
1.3487e-11,1.5279e-11,6.2539e-12
1.4525e-11,1.2508e-11,9.9674e-12
2.9166e-11,3.3288e-11,1.7462e-11
3.7761e-11,4.315e-11,2.2287e-11
9.0127e-12,9.8814e-12,8.6142e-12
2.4452e-11,2.7629e-11,1.2621e-11
2.0161e-11,2.2932e-11,9.6186e-12
2.2083e-11,2.5363e-11,1.3204e-11
1.1242e-11,1.1933e-11,8.364e-12
1.954e-11,2.0594e-11,1.253e-11
3.0876e-11,7.7458e-11,4.3705e-11
1.298e-11,1.2143e-11,1.0372e-11
2.8613e-11,2.722e-11,1.7563e-11
1.7253e-11,1.2761e-11,1.389e-11
3.5827e-11,3.4055e-11,2.1669e-11
2.4837e-11,2.409e-11,1.5545e-11
4.8768e-11,4.42e-11,3.1349e-11
3.4454e-11,3.1915e-11,2.1794e-11
1.507e-11,1.1811e-11,1.2167e-11
1.4979e-11,1.2635e-11,1.3206e-11
2.8624e-11,2.2841e-11,3.314e-11
2.801e-11,2.304e-11,1.8666e-11
2.7051e-11,1.8482e-11,1.6211e-11
4.6019e-11,4.1384e-11,3.1151e-11
3.7749e-11,3.0067e-11,2.6144e-11
2.0691e-11,1.8147e-11,1.5083e-11
2.0117e-11,1.7239e-11,1.6472e-11
1.8763e-11,1.4963e-11,1.4068e-11
1.9654e-11,1.5021e-11,1.4111e-11
5.6607e-11,3.7352e-11,6.5534e-11
4.4535e-11,3.2144e-11,3.1704e-11
6.7687e-11,3.3874e-11,6.454e-11
4.4827e-11,2.949e-11,3.1888e-11
4.5845e-11,3.2686e-11,2.6545e-11
4.1222e-11,2.3695e-11,2.3979e-11
5.6345e-11,3.15e-11,3.9957e-11
4.3216e-11,2.1948e-11,2.7862e-11
5.1937e-11,3.2445e-11,3.7875e-11
2.6372e-11,2.6103e-11,1.2276e-11
8.3858e-12,1.1609e-11,8.4764e-12
8.9167e-12,1.1098e-11,5.0394e-12
1.0112e-11,1.4325e-11,1.0309e-11
1.303e-11,1.0573e-11,8.3106e-12
1.1192e-11,1.8969e-11,1.4843e-11
1.1391e-11,1.1862e-11,5.5496e-12
1.4596e-11,1.825e-11,7.0045e-12
2.2526e-11,7.1264e-11,4.199e-11
1.4745e-11,2.1011e-11,9.8938e-12
1.3663e-11,1.8399e-11,7.7279e-12
1.7462e-11,4.0862e-11,1.8694e-11
2.3922e-11,2.6808e-11,1.4144e-11
3.2451e-11,7.695e-11,4.3235e-11
1.1606e-11,1.5005e-11,1.4041e-11
1.6488e-11,2.0871e-11,1.8686e-11
1.6848e-11,1.3523e-11,1.0775e-11
1.3125e-11,1.3809e-11,1.199e-11
1.8724e-11,1.5346e-11,1.1621e-11
1.5496e-11,1.4098e-11,1.2562e-11
1.4853e-11,1.584e-11,1.3834e-11
1.572e-11,1.4177e-11,1.1915e-11
1.6609e-11,1.4474e-11,1.2008e-11
4.2165e-11,4.0321e-11,2.6532e-11
2.6204e-11,2.1243e-11,1.6221e-11
2.8334e-11,2.3016e-11,1.8151e-11
2.3079e-11,1.7e-11,1.4614e-11
2.1841e-11,1.7954e-11,1.4525e-11
5.2539e-11,2.8034e-11,4.2404e-11
5.8147e-11,4.3803e-11,6.3165e-11
2.3213e-11,1.72e-11,2.0426e-11
2.2156e-11,1.5357e-11,1.6986e-11
4.5177e-11,2.1188e-11,2.8875e-11
6.3249e-11,3.5895e-11,6.9207e-11
2.6432e-11,1.7953e-11,1.9352e-11
4.6894e-11,2.7661e-11,2.7705e-11
4.3409e-11,2.9725e-11,3.0899e-11
4.7696e-11,2.36e-11,3.2298e-11
4.8251e-11,2.4563e-11,3.2069e-11
4.8901e-11,2.5074e-11,3.6058e-11
5.2984e-11,3.257e-11,3.9562e-11
1.6486e-11,1.7099e-11,4.6817e-12
1.1655e-11,1.3625e-11,6.6637e-12
1.4933e-11,1.3036e-11,9.9826e-12
1.2143e-11,6.1245e-11,3.3953e-11
9.5361e-12,1.1175e-11,1.1061e-11
8.9666e-12,1.245e-11,1.1038e-11
1.3884e-11,7.4121e-11,4.6466e-11
1.1812e-11,1.0454e-11,7.7349e-12
1.3763e-11,1.5614e-11,5.8576e-12
1.0727e-11,1.175e-11,5.234e-12
8.885e-12,1.0134e-11,7.7349e-12
1.0202e-11,1.3491e-11,1.0671e-11
9.2813e-12,1.0768e-11,7.5982e-12
1.5491e-11,2.9054e-11,1.8212e-11
1.0792e-11,1.1792e-11,7.5575e-12
1.6388e-11,3.8279e-11,2.0405e-11
2.8164e-11,3.298e-11,1.7068e-11
1.5011e-11,2.0233e-11,8.952e-12
1.3188e-11,1.6311e-11,8.5023e-12
1.6317e-11,3.8573e-11,1.9099e-11
1.1784e-11,1.51e-11,1.2638e-11
1.24e-11,1.3088e-11,1.1299e-11
1.5821e-11,1.7882e-11,1.3711e-11
2.5411e-11,2.0671e-11,1.5127e-11
1.4745e-11,1.6036e-11,1.3151e-11
4.2875e-11,3.6619e-11,3.4432e-11
3.0414e-11,2.2853e-11,1.875e-11
2.9e-11,1.8818e-11,3.3037e-11
5.211e-11,2.7795e-11,4.7524e-11
4.237e-11,3.4181e-11,2.8674e-11
2.3258e-11,1.8436e-11,1.7211e-11
2.8008e-11,1.9736e-11,1.9067e-11
2.7479e-11,1.9607e-11,2.008e-11
2.6688e-11,1.857e-11,2.0607e-11
4.6849e-11,1.9994e-11,2.6832e-11
3.3126e-11,2.0971e-11,2.2872e-11
6.1693e-11,2.7481e-11,4.4857e-11
2.855e-11,1.9654e-11,2.1931e-11
3.6444e-11,2.0948e-11,2.5853e-11
4.6153e-11,2.6693e-11,2.7827e-11
4.2619e-11,2.3559e-11,3.119e-11
5.3019e-11,2.8958e-11,3.5779e-11
8.9246e-12,1.1577e-11,6.2929e-12
9.5319e-12,1.209e-11,8.6995e-12
1.0484e-11,5.0187e-11,2.5548e-11
3.322e-11,3.3183e-11,1.6731e-11
1.0166e-11,1.474e-11,1.2883e-11
1.2788e-11,1.6881e-11,5.9798e-12
1.7086e-11,1.4645e-11,1.0942e-11
1.5172e-11,3.7377e-11,2.1264e-11
1.1349e-11,1.2769e-11,6.2707e-12
1.1767e-11,1.142e-11,7.6936e-12
1.9112e-11,2.1745e-11,8.4042e-12
2.3468e-11,7.3204e-11,4.098e-11
2.4061e-11,2.8206e-11,1.4004e-11
1.1655e-11,1.7435e-11,1.351e-11
2.6225e-11,2.9818e-11,1.5389e-11
1.1663e-11,1.4409e-11,1.2496e-11
1.8248e-11,1.638e-11,1.6686e-11
1.6947e-11,2.4549e-11,2.0298e-11
1.4189e-11,1.3564e-11,1.1486e-11
3.7066e-11,3.612e-11,2.1796e-11
2.7261e-11,2.2998e-11,1.6449e-11
2.3621e-11,2.0651e-11,2.2694e-11
1.8432e-11,1.9428e-11,1.9498e-11
2.3938e-11,1.9721e-11,1.5871e-11
2.2143e-11,1.4988e-11,1.5941e-11
2.5771e-11,1.9664e-11,1.5799e-11
1.8752e-11,1.6667e-11,1.68e-11
2.0261e-11,1.6195e-11,1.5023e-11
2.5189e-11,1.7191e-11,1.8349e-11
4.3664e-11,2.2903e-11,3.202e-11
3.7363e-11,2.5115e-11,2.5107e-11
4.1756e-11,2.7768e-11,3.0485e-11
4.2367e-11,2.3486e-11,2.6024e-11
1.5353e-11,1.6032e-11,2.8855e-12
1.0733e-11,3.5141e-11,2.1085e-11
1.3226e-11,7.9499e-11,4.5123e-11
1.03e-11,1.1711e-11,8.5352e-12
1.9688e-11,2.128e-11,9.1881e-12
1.9161e-11,7.2361e-11,4.0846e-11
1.2594e-11,1.6079e-11,5.7975e-12
3.6869e-11,4.1445e-11,2.0132e-11
1.061e-11,1.663e-11,1.2249e-11
2.1862e-11,2.474e-11,1.0739e-11
1.5485e-11,1.9048e-11,6.9642e-12
1.194e-11,1.2785e-11,7.9041e-12
2.6209e-11,5.2165e-11,2.7335e-11
2.768e-11,6.6354e-11,3.896e-11
1.528e-11,1.5826e-11,8.3763e-12
2.9649e-11,7.4798e-11,4.3498e-11
1.2237e-11,1.4933e-11,1.1973e-11
1.3134e-11,1.4907e-11,1.3156e-11
1.2426e-11,1.3e-11,1.1365e-11
1.3483e-11,1.7392e-11,1.2398e-11
1.3325e-11,1.3382e-11,1.2119e-11
1.5436e-11,1.3669e-11,1.0139e-11
1.345e-11,1.3282e-11,1.1619e-11
1.6294e-11,1.5717e-11,1.2853e-11
1.5355e-11,1.2264e-11,1.2251e-11
1.6016e-11,1.7271e-11,1.3622e-11
1.5435e-11,1.3899e-11,1.0877e-11
2.04e-11,1.6382e-11,1.2433e-11
2.7615e-11,2.4625e-11,1.6992e-11
4.7909e-11,4.5004e-11,3.0185e-11
1.5847e-11,1.5155e-11,1.3238e-11
4.3137e-11,3.9207e-11,2.5995e-11
4.9344e-11,4.0796e-11,3.1232e-11
2.5892e-11,1.8348e-11,1.8243e-11
4.4617e-11,3.2418e-11,2.9766e-11
3.5648e-11,2.4347e-11,2.3453e-11
2.8821e-11,2.1074e-11,2.0458e-11
4.7353e-11,3.1202e-11,3.1835e-11
2.8202e-11,2.0249e-11,2.0955e-11
6.1819e-11,3.1223e-11,4.5843e-11
4.5246e-11,2.3472e-11,3.2164e-11
1.0739e-11,1.176e-11,7.2498e-12
8.6159e-12,1.0232e-11,8.2371e-12
1.139e-11,1.4314e-11,1.0216e-11
9.9582e-12,1.4348e-11,1.2308e-11
1.0862e-11,1.4952e-11,7.3921e-12
8.8055e-12,1.2311e-11,7.1079e-12
1.1325e-11,1.2452e-11,1.1814e-11
1.6815e-11,8.4368e-11,4.8568e-11
9.3229e-12,1.2444e-11,7.9633e-12
1.4466e-11,4.479e-11,2.5046e-11
9.1111e-12,1.178e-11,7.8432e-12
2.2398e-11,6.7227e-11,3.6048e-11
1.0019e-11,1.4851e-11,1.2299e-11
1.1001e-11,1.2175e-11,7.926e-12
4.0826e-11,4.7042e-11,2.4069e-11
1.6298e-11,3.8673e-11,2.1625e-11
1.4951e-11,1.6065e-11,7.8192e-12
3.3298e-11,3.7818e-11,1.8307e-11
2.9167e-11,3.2767e-11,1.6391e-11
1.1515e-11,1.452e-11,1.164e-11
2.7815e-11,7.7997e-11,4.2488e-11
1.3423e-11,1.5571e-11,1.1839e-11
3.1939e-11,3.3375e-11,1.8803e-11
1.6536e-11,1.3704e-11,1.1198e-11
1.471e-11,1.3861e-11,1.2093e-11
2.0333e-11,1.6225e-11,1.2013e-11
1.8886e-11,1.5469e-11,1.3554e-11
1.5835e-11,1.5904e-11,1.2946e-11
4.3808e-11,3.7896e-11,2.6675e-11
4.1511e-11,3.5138e-11,2.6143e-11
3.4387e-11,2.573e-11,2.2443e-11
4.8014e-11,2.89e-11,5.2131e-11
4.315e-11,2.5065e-11,2.3819e-11
3.3841e-11,1.9626e-11,2.2591e-11
3.893e-11,2.6973e-11,2.7151e-11
5.2292e-11,2.8389e-11,3.2298e-11
5.343e-11,3.0429e-11,3.5501e-11
3.992e-11,2.0913e-11,2.5055e-11
4.0966e-11,2.2683e-11,2.7292e-11
4.7118e-11,3.0246e-11,3.1449e-11
4.9834e-11,3.5344e-11,3.6084e-11
5.22e-11,2.4792e-11,3.3538e-11
1.247e-11,1.2046e-11,2.9396e-12
1.2127e-11,1.2188e-11,9.0169e-12
1.0356e-11,1.0887e-11,8.1743e-12
9.7632e-12,1.48e-11,1.2188e-11
1.8028e-11,6.4136e-11,3.5509e-11
1.402e-11,2.5709e-11,1.4136e-11
1.0477e-11,1.6538e-11,1.3958e-11
1.2056e-11,1.4733e-11,1.0206e-11
1.5831e-11,2.6181e-11,1.8562e-11
4.2721e-11,4.8807e-11,2.4309e-11
3.7938e-11,4.3353e-11,2.1831e-11
1.3165e-11,1.3576e-11,9.1815e-12
2.898e-11,5.4836e-11,3.0603e-11
1.2863e-11,1.2854e-11,1.1693e-11
1.5835e-11,1.4749e-11,1.0004e-11
1.6334e-11,1.9789e-11,2.0647e-11
1.6546e-11,1.5518e-11,1.2779e-11
3.3819e-11,4.6067e-11,3.1376e-11
4.4075e-11,4.0619e-11,4.2079e-11
1.8612e-11,2.05e-11,1.5052e-11
1.9708e-11,1.6398e-11,1.6283e-11
4.3862e-11,3.617e-11,2.807e-11
3.7259e-11,2.7863e-11,2.2337e-11
2.4195e-11,2.0758e-11,1.6297e-11
4.0712e-11,3.0138e-11,2.555e-11
2.9218e-11,2.0359e-11,1.8613e-11
4.4949e-11,2.1233e-11,2.8997e-11
2.2724e-11,1.6866e-11,1.9282e-11
4.4533e-11,3.0413e-11,2.9772e-11
2.38e-11,1.8104e-11,2.1284e-11
3.0506e-11,2.1004e-11,2.5277e-11
5.8921e-11,3.2446e-11,4.8548e-11
3.5856e-11,2.3426e-11,2.6363e-11
5.3597e-11,3.053e-11,3.1821e-11
5.0982e-11,2.6054e-11,3.3902e-11
2.3131e-11,2.1863e-11,8.4199e-12
1.5073e-11,1.5209e-11,1.1854e-11
1.0983e-11,2.4653e-11,1.9512e-11
1.2105e-11,1.5694e-11,1.3673e-11
1.2072e-11,1.8282e-11,1.264e-11
1.2794e-11,1.7243e-11,1.454e-11
1.8058e-11,1.9195e-11,6.7212e-12
1.2302e-11,1.3995e-11,5.4676e-12
1.0694e-11,1.3589e-11,9.4947e-12
2.2712e-11,6.9182e-11,3.7179e-11
4.1008e-11,4.6606e-11,2.3346e-11
2.8776e-11,3.2215e-11,1.5012e-11
1.3435e-11,1.5036e-11,7.3154e-12
1.6734e-11,2.0488e-11,9.2516e-12
1.394e-11,1.749e-11,1.6693e-11
3.3115e-11,6.7298e-11,3.5752e-11
1.5244e-11,1.3375e-11,1.2224e-11
1.9718e-11,1.5488e-11,1.2332e-11
3.3398e-11,4.678e-11,3.2057e-11
4.4688e-11,3.9337e-11,2.6713e-11
1.9097e-11,2.0864e-11,1.4802e-11
2.2099e-11,2.0927e-11,1.4818e-11
2.6682e-11,2.1141e-11,2.0061e-11
3.7601e-11,2.0176e-11,2.9526e-11
2.7133e-11,1.9572e-11,1.8468e-11
4.3748e-11,3.1227e-11,2.8112e-11
2.5292e-11,1.984e-11,1.9066e-11
3.6373e-11,2.6193e-11,2.6675e-11
4.0165e-11,2.4907e-11,3.0449e-11
5.6693e-11,2.846e-11,3.5005e-11
1.3553e-11,1.3936e-11,7.3072e-12
1.0238e-11,1.6542e-11,7.6605e-12
1.2752e-11,1.2221e-11,9.1664e-12
1.0697e-11,1.2729e-11,9.9199e-12
1.089e-11,1.1257e-11,9.5994e-12
1.6579e-11,5.8716e-11,3.458e-11
1.1793e-11,1.1506e-11,4.7798e-12
1.2985e-11,1.5057e-11,7.7844e-12
1.193e-11,1.4847e-11,1.0592e-11
1.8287e-11,1.8445e-11,1.0442e-11
1.3221e-11,2.5044e-11,1.9291e-11
4.2812e-11,4.8266e-11,2.3428e-11
1.9928e-11,2.281e-11,8.0364e-12
2.9975e-11,3.3888e-11,1.5965e-11
2.2949e-11,5.1231e-11,2.7788e-11
2.5432e-11,5.9111e-11,3.1345e-11
2.3064e-11,2.3462e-11,1.376e-11
1.2817e-11,1.2442e-11,1.0561e-11
1.9254e-11,1.7685e-11,1.319e-11
1.6278e-11,2.0291e-11,2.0298e-11
1.4171e-11,1.6678e-11,1.3208e-11
4.0813e-11,4.3915e-11,2.3503e-11
4.4893e-11,4.655e-11,2.6984e-11
1.4476e-11,1.7581e-11,1.5877e-11
1.6624e-11,1.4641e-11,1.0868e-11
3.5202e-11,3.0245e-11,2.1528e-11
2.5227e-11,2.1534e-11,1.5693e-11
3.73e-11,3.0272e-11,2.311e-11
2.014e-11,2.0668e-11,2.3431e-11
1.9043e-11,2.0082e-11,1.8612e-11
3.7815e-11,2.6149e-11,3.9341e-11
5.2718e-11,3.1445e-11,5.4795e-11
4.931e-11,2.5059e-11,4.5305e-11
3.9388e-11,2.8423e-11,2.3684e-11
2.4647e-11,2.0646e-11,1.8803e-11
5.2254e-11,3.3249e-11,5.6158e-11
5.3702e-11,2.9447e-11,4.7561e-11
4.283e-11,2.9431e-11,2.9464e-11
4.1676e-11,2.6582e-11,3.1599e-11
1.8045e-11,1.8351e-11,3.2914e-12
1.0912e-11,1.1369e-11,7.885e-12
9.9838e-12,1.1359e-11,7.1744e-12
1.3182e-11,1.4005e-11,1.0704e-11
1.1493e-11,1.5574e-11,1.39e-11
1.6843e-11,6.3188e-11,3.8078e-11
1.2241e-11,1.3438e-11,5.4952e-12
1.1203e-11,1.6422e-11,1.4352e-11
1.2565e-11,1.4116e-11,9.8182e-12
2.5403e-11,2.8836e-11,1.2073e-11
2.2885e-11,2.5426e-11,1.0681e-11
3.5684e-11,4.0449e-11,1.8347e-11
1.2474e-11,1.529e-11,1.0742e-11
1.4331e-11,1.7565e-11,1.1956e-11
2.9017e-11,7.9199e-11,4.2884e-11
1.2683e-11,1.4197e-11,1.2492e-11
2.5195e-11,2.4768e-11,1.4914e-11
1.7976e-11,1.68e-11,1.1467e-11
2.6361e-11,4.1031e-11,2.8088e-11
4.1075e-11,6.938e-11,3.8859e-11
2.467e-11,2.1434e-11,1.4791e-11
2.1064e-11,1.7996e-11,1.5756e-11
1.9446e-11,1.6287e-11,1.2007e-11
2.3603e-11,1.7984e-11,1.4471e-11
2.0589e-11,1.666e-11,1.4501e-11
1.9634e-11,1.9436e-11,1.9179e-11
4.0272e-11,3.2414e-11,2.4744e-11
4.4341e-11,2.9103e-11,4.4034e-11
2.058e-11,1.832e-11,1.6727e-11
3.9295e-11,2.4261e-11,3.3124e-11
2.9715e-11,2.0826e-11,1.8347e-11
3.0891e-11,1.9468e-11,2.0618e-11
2.5508e-11,1.8927e-11,1.8938e-11
4.5872e-11,2.7624e-11,3.1222e-11
3.0864e-11,2.4387e-11,2.2016e-11
2.735e-11,2.0412e-11,2.1225e-11
2.7912e-11,2.0923e-11,2.2864e-11
3.7908e-11,2.3965e-11,2.6677e-11
4.6892e-11,2.4617e-11,3.0893e-11
4.7727e-11,2.6825e-11,3.1789e-11
5.5566e-11,3.2859e-11,3.6185e-11
1.115e-11,1.143e-11,7.5809e-12
1.096e-11,1.3989e-11,9.4685e-12
1.0825e-11,1.5124e-11,1.1201e-11
1.9574e-11,1.9616e-11,5.3975e-12
3.2881e-11,3.4442e-11,1.5773e-11
1.0314e-11,1.3422e-11,1.0813e-11
2.5526e-11,5.9989e-11,3.4835e-11
1.0632e-11,1.5091e-11,1.2793e-11
1.5304e-11,2.756e-11,2.0087e-11
3.0089e-11,3.4047e-11,1.5481e-11
1.322e-11,1.446e-11,1.1083e-11
1.2945e-11,1.4236e-11,9.3801e-12
1.8371e-11,2.0946e-11,1.179e-11
1.4283e-11,1.4187e-11,9.7625e-12
2.5345e-11,2.7197e-11,1.45e-11
2.7399e-11,3.0244e-11,1.7416e-11
3.4112e-11,3.5564e-11,1.9427e-11
4.6076e-11,4.8006e-11,2.7167e-11
4.0861e-11,4.3228e-11,4.1519e-11
4.7102e-11,4.0062e-11,2.7578e-11
2.0748e-11,1.724e-11,1.5001e-11
2.0002e-11,2.0968e-11,2.2344e-11
3.3028e-11,2.92e-11,4.3314e-11
3.4042e-11,2.3527e-11,1.9466e-11
3.5767e-11,2.4623e-11,3.9132e-11
4.7883e-11,2.827e-11,5.0884e-11
5.4726e-11,3.1352e-11,3.6264e-11
4.4645e-11,2.5889e-11,3.1086e-11
2.2518e-11,2.0954e-11,7.48e-12
2.6763e-11,2.474e-11,1.083e-11
2.5062e-11,2.343e-11,1.5656e-11
2.8634e-11,2.6385e-11,1.087e-11
1.5302e-11,1.3627e-11,3.7489e-12
1.012e-11,1.2622e-11,1.0015e-11
1.0863e-11,1.5127e-11,1.272e-11
1.5546e-11,1.5687e-11,1.2438e-11
1.2368e-11,1.844e-11,1.5436e-11
2.0999e-11,2.4135e-11,8.9883e-12
2.1708e-11,2.4703e-11,9.744e-12
1.444e-11,1.8368e-11,1.7649e-11
4.0745e-11,4.6301e-11,2.2286e-11
2.1599e-11,2.5432e-11,1.2716e-11
1.2984e-11,1.4211e-11,8.716e-12
1.2724e-11,1.6249e-11,1.1971e-11
1.4817e-11,1.671e-11,1.2888e-11
3.1141e-11,3.4861e-11,1.735e-11
1.3446e-11,1.7648e-11,1.6005e-11
1.5092e-11,1.5288e-11,8.7964e-12
1.628e-11,1.9204e-11,1.6475e-11
1.5131e-11,1.7384e-11,1.352e-11
1.4797e-11,1.7444e-11,1.3362e-11
1.6783e-11,1.9369e-11,2.0342e-11
1.7603e-11,1.6912e-11,1.4932e-11
1.9751e-11,2.0938e-11,2.0453e-11
2.2297e-11,1.845e-11,1.683e-11
3.2422e-11,2.281e-11,1.8952e-11
3.5542e-11,2.279e-11,3.3492e-11
3.5901e-11,2.4638e-11,2.3585e-11
3.3763e-11,2.489e-11,2.3964e-11
4.5111e-11,3.1203e-11,3.2694e-11
2.5808e-11,2.4575e-11,8.9421e-12
2.4032e-11,2.2039e-11,9.0282e-12
1.3065e-11,1.2946e-11,5.5662e-12
1.2595e-11,1.2731e-11,6.6226e-12
2.9221e-11,2.7407e-11,1.0487e-11
1.2301e-11,1.7182e-11,1.5144e-11
1.1302e-11,2.0387e-11,1.4021e-11
1.206e-11,1.853e-11,1.6378e-11
1.561e-11,1.4519e-11,7.2205e-12
1.0785e-11,1.3844e-11,8.6443e-12
4.1385e-11,4.4432e-11,2.0471e-11
1.1739e-11,1.6404e-11,1.6873e-11
3.7183e-11,4.0811e-11,1.7626e-11
1.5466e-11,3.48e-11,2.3508e-11
1.3976e-11,1.6744e-11,1.2075e-11
1.9782e-11,2.3145e-11,1.2679e-11
1.3109e-11,1.6293e-11,9.3824e-12
1.8108e-11,2.3783e-11,2.2026e-11
1.3358e-11,1.703e-11,1.372e-11
1.4993e-11,1.42e-11,1.1641e-11
2.0335e-11,1.8746e-11,1.1988e-11
1.6646e-11,1.8905e-11,1.4181e-11
2.7657e-11,3.3581e-11,3.0404e-11
3.1955e-11,5.2121e-11,3.6813e-11
2.714e-11,2.9805e-11,2.9396e-11
2.025e-11,1.7564e-11,1.4602e-11
1.8265e-11,1.7445e-11,1.4316e-11
2.1765e-11,1.7224e-11,1.6311e-11
3.028e-11,2.6904e-11,3.5928e-11
3.8945e-11,3.7244e-11,4.3655e-11
2.2903e-11,1.7762e-11,1.7506e-11
2.2026e-11,2.0708e-11,1.9983e-11
3.0463e-11,2.251e-11,2.3165e-11
3.0385e-11,2.3624e-11,2.2514e-11
5.1502e-11,2.9106e-11,3.8014e-11
3.6899e-11,2.4783e-11,2.6793e-11
4.1548e-11,2.3943e-11,2.7014e-11
5.2019e-11,2.8001e-11,3.2772e-11
1.2775e-11,1.438e-11,7.1001e-12
1.2114e-11,1.1685e-11,6.5035e-12
1.3968e-11,1.8324e-11,1.6184e-11
1.5499e-11,3.6952e-11,2.8163e-11
1.0618e-11,1.3984e-11,8.3295e-12
3.7491e-11,3.8391e-11,1.7687e-11
1.1659e-11,1.329e-11,5.7795e-12
1.5828e-11,1.8261e-11,1.331e-11
2.4419e-11,6.7718e-11,3.7582e-11
2.8739e-11,7.8473e-11,4.3822e-11
1.8625e-11,1.7129e-11,1.0731e-11
1.3496e-11,1.6813e-11,1.3742e-11
1.4466e-11,1.4089e-11,1.1185e-11
1.7388e-11,1.7668e-11,9.6408e-12
1.7229e-11,2.0551e-11,1.5001e-11
2.7198e-11,6.4222e-11,3.8503e-11
3.0597e-11,7.2599e-11,4.3847e-11
2.7063e-11,2.4633e-11,1.5519e-11
1.9231e-11,2.4309e-11,2.1813e-11
1.6924e-11,1.4475e-11,1.2803e-11
2.837e-11,3.1973e-11,3.55e-11
3.1547e-11,2.9407e-11,4.124e-11
2.8947e-11,2.3737e-11,1.6941e-11
3.5913e-11,2.546e-11,3.4576e-11
2.491e-11,2.1776e-11,1.9383e-11
2.8364e-11,2.1306e-11,1.7748e-11
3.173e-11,2.1475e-11,2.3155e-11
4.6523e-11,2.597e-11,3.0839e-11
1.573e-11,1.4146e-11,2.9067e-12
1.1683e-11,1.561e-11,9.5536e-12
2.495e-11,4.3368e-11,3.1068e-11
1.2753e-11,1.4003e-11,6.9312e-12
2.0139e-11,2.0518e-11,9.6826e-12
1.5597e-11,1.3369e-11,8.5298e-12
1.4557e-11,2.9397e-11,2.3864e-11
1.2827e-11,1.2875e-11,6.5556e-12
1.2433e-11,1.3902e-11,9.8981e-12
1.3066e-11,1.3034e-11,5.177e-12
1.3337e-11,1.3042e-11,6.8356e-12
1.2832e-11,1.6605e-11,1.5555e-11
1.3104e-11,1.3279e-11,7.1088e-12
2.1383e-11,2.5447e-11,1.2221e-11
4.1313e-11,4.6221e-11,2.1891e-11
1.9818e-11,2.9815e-11,2.6428e-11
3.4838e-11,3.8957e-11,1.8778e-11
1.6248e-11,1.6046e-11,1.1916e-11
1.8589e-11,2.0906e-11,1.7204e-11
3.0546e-11,5.4932e-11,3.8464e-11
2.8803e-11,2.4224e-11,1.6945e-11
1.9843e-11,2.1739e-11,1.7704e-11
3.4695e-11,3.4067e-11,4.1062e-11
2.6512e-11,2.0515e-11,1.7229e-11
3.6905e-11,2.7315e-11,2.7025e-11
5.9465e-11,3.1103e-11,4.2118e-11
4.0836e-11,2.8544e-11,3.0735e-11
2.1881e-11,2.1008e-11,7.2911e-12
1.3775e-11,1.3555e-11,4.5887e-12
1.5234e-11,1.4239e-11,4.0224e-12
1.4169e-11,1.4358e-11,5.8487e-12
1.1758e-11,1.3282e-11,9.7797e-12
1.1534e-11,1.6727e-11,9.6778e-12
1.2816e-11,2.0594e-11,1.3648e-11
2.3799e-11,2.5719e-11,1.0882e-11
1.9255e-11,2.1834e-11,7.022e-12
1.5542e-11,2.6971e-11,1.7811e-11
2.6007e-11,2.9029e-11,9.9316e-12
1.5179e-11,1.5448e-11,8.7945e-12
1.4531e-11,2.0281e-11,1.6618e-11
3.6386e-11,4.0475e-11,1.9331e-11
2.7035e-11,7.1056e-11,4.345e-11
3.6808e-11,4.1059e-11,1.9611e-11
1.856e-11,1.7927e-11,1.0303e-11
3.2197e-11,6.1871e-11,4.1038e-11
4.2929e-11,4.0141e-11,2.4063e-11
3.0505e-11,3.3567e-11,3.6482e-11
3.1623e-11,2.3142e-11,1.7088e-11
2.448e-11,2.5871e-11,2.8769e-11
3.4834e-11,2.6669e-11,3.3604e-11
2.7996e-11,2.6289e-11,3.0027e-11
2.7656e-11,2.2844e-11,1.8435e-11
4.7195e-11,2.9588e-11,5.201e-11
3.7076e-11,2.5298e-11,2.2136e-11
4.0192e-11,2.8383e-11,2.7466e-11
3.0735e-11,2.3408e-11,2.2928e-11
4.4655e-11,2.6603e-11,3.101e-11
1.4206e-11,1.2804e-11,5.0499e-12
1.2377e-11,1.9412e-11,1.0556e-11
1.4144e-11,1.9792e-11,1.9102e-11
1.4132e-11,1.411e-11,7.8304e-12
3.1167e-11,3.0969e-11,1.1045e-11
3.4165e-11,3.5161e-11,1.3318e-11
1.6341e-11,2.7817e-11,2.545e-11
1.5895e-11,2.4489e-11,1.7992e-11
4.1079e-11,4.6007e-11,1.9356e-11
2.295e-11,2.6813e-11,1.204e-11
1.5858e-11,1.6819e-11,8.9081e-12
1.7419e-11,1.6462e-11,9.5143e-12
1.6682e-11,2.0848e-11,1.8556e-11
4.1929e-11,4.4094e-11,2.2402e-11
1.6922e-11,1.6735e-11,1.1918e-11
2.1034e-11,2.0026e-11,1.6714e-11
2.0667e-11,1.8948e-11,1.4568e-11
3.6486e-11,2.9659e-11,2.121e-11
3.1559e-11,2.3915e-11,1.7437e-11
2.4046e-11,2.0928e-11,1.5192e-11
2.6241e-11,2.145e-11,1.6005e-11
3.9298e-11,2.8772e-11,2.2794e-11
3.9359e-11,2.7488e-11,2.226e-11
5.3153e-11,2.9871e-11,4.1749e-11
4.602e-11,3.0322e-11,3.3403e-11
4.2678e-11,2.7306e-11,2.946e-11
4.1588e-11,2.9406e-11,3.0789e-11
4.3086e-11,2.7084e-11,3.0614e-11
1.2113e-11,1.4755e-11,1.0675e-11
1.3309e-11,1.2301e-11,5.8561e-12
1.3612e-11,2.8607e-11,1.6493e-11
1.39e-11,1.2821e-11,4.3898e-12
2.7579e-11,2.7491e-11,7.5397e-12
1.5364e-11,2.552e-11,1.8705e-11
1.5371e-11,1.3785e-11,8.3929e-12
1.2766e-11,1.924e-11,1.022e-11
1.5542e-11,1.8804e-11,1.0987e-11
1.3834e-11,1.3391e-11,6.6095e-12
1.5705e-11,1.6673e-11,1.1762e-11
1.8641e-11,2.6001e-11,1.819e-11
1.891e-11,2.5876e-11,2.3981e-11
1.4707e-11,1.5521e-11,7.9706e-12
4.3149e-11,4.8293e-11,2.1208e-11
1.5703e-11,1.68e-11,1.2093e-11
1.6093e-11,1.7482e-11,1.3325e-11
2.3802e-11,2.3007e-11,2.1177e-11
1.5847e-11,1.5727e-11,1.3809e-11
1.5523e-11,1.6234e-11,1.2381e-11
2.247e-11,2.3282e-11,2.0757e-11
2.3424e-11,2.0526e-11,1.537e-11
2.3523e-11,2.0052e-11,1.5526e-11
2.6401e-11,2.0012e-11,1.9482e-11
2.9521e-11,2.2501e-11,2.3552e-11
5.3961e-11,3.5097e-11,3.7071e-11
3.9227e-11,2.902e-11,2.8381e-11
3.5251e-11,2.5301e-11,2.6911e-11
4.0768e-11,2.9276e-11,2.9949e-11
4.5472e-11,2.736e-11,3.2549e-11
2.5754e-11,2.3971e-11,9.2035e-12
1.2784e-11,1.8203e-11,8.6018e-12
1.794e-11,1.6999e-11,4.5166e-12
1.4736e-11,2.6974e-11,1.8922e-11
4.0003e-11,3.9871e-11,1.6002e-11
1.3734e-11,1.3682e-11,6.4668e-12
2.2134e-11,5.0617e-11,4.1894e-11
4.2262e-11,4.2774e-11,1.682e-11
1.7198e-11,2.5308e-11,2.325e-11
1.3133e-11,1.5112e-11,9.7556e-12
1.7511e-11,2.5747e-11,2.2525e-11
1.7836e-11,1.8913e-11,7.0097e-12
1.7079e-11,1.8926e-11,1.0943e-11
2.4596e-11,2.3753e-11,2.2532e-11
2.3762e-11,2.8919e-11,2.6452e-11
2.3521e-11,2.2018e-11,1.8443e-11
2.4612e-11,2.4376e-11,2.1643e-11
4.7972e-11,3.2047e-11,5.0745e-11
4.3108e-11,3.1627e-11,4.9526e-11
4.8045e-11,3.2517e-11,4.4485e-11
3.4966e-11,2.5484e-11,2.1252e-11
2.8973e-11,2.2153e-11,2.2747e-11
3.9601e-11,2.7733e-11,2.4594e-11
3.5685e-11,2.6553e-11,2.3582e-11
3.7161e-11,2.8222e-11,2.4539e-11
4.0501e-11,2.9664e-11,2.6458e-11
4.0048e-11,2.9904e-11,2.7901e-11
3.7907e-11,2.4968e-11,2.7775e-11
3.9447e-11,2.911e-11,2.9947e-11
2.2256e-11,2.0883e-11,4.2775e-12
1.5402e-11,1.3059e-11,5.5638e-12
1.5226e-11,3.1166e-11,1.705e-11
1.9296e-11,2.8745e-11,2.416e-11
2.0379e-11,2.0268e-11,4.6054e-12
1.4799e-11,1.4949e-11,1.2155e-11
1.9814e-11,2.2716e-11,6.9751e-12
2.1692e-11,2.4702e-11,1.958e-11
2.2815e-11,2.9541e-11,2.487e-11
1.4316e-11,1.4293e-11,1.1607e-11
1.9714e-11,2.1517e-11,1.6921e-11
1.9833e-11,2.8643e-11,2.2685e-11
2.1311e-11,2.2315e-11,1.6353e-11
4.331e-11,4.7674e-11,2.2034e-11
1.9756e-11,2.9188e-11,2.1532e-11
2.098e-11,2.1425e-11,1.5642e-11
4.2812e-11,4.4147e-11,2.3054e-11
4.0101e-11,3.4045e-11,2.3107e-11
2.8072e-11,2.3089e-11,1.5824e-11
3.2784e-11,2.3641e-11,1.7157e-11
2.8009e-11,2.1158e-11,1.5849e-11
2.4958e-11,1.9285e-11,1.7907e-11
3.4106e-11,3.1318e-11,3.6908e-11
3.3947e-11,2.5836e-11,2.0238e-11
3.7385e-11,2.7816e-11,2.2805e-11
3.9394e-11,2.7445e-11,2.9164e-11
4.4654e-11,3.1382e-11,3.4253e-11
4.4855e-11,3.0807e-11,3.3404e-11
1.4447e-11,1.9064e-11,1.3381e-11
2.0055e-11,1.8668e-11,2.9668e-12
1.6499e-11,1.6612e-11,9.456e-12
2.2889e-11,4.7825e-11,4.3586e-11
1.5488e-11,1.8259e-11,1.2995e-11
4.0059e-11,4.0913e-11,1.4741e-11
3.6791e-11,3.9021e-11,1.3015e-11
2.2302e-11,2.4843e-11,2.0045e-11
2.2561e-11,3.8358e-11,3.4009e-11
2.0339e-11,2.1938e-11,1.3575e-11
2.5697e-11,2.9477e-11,2.0492e-11
2.4784e-11,3.6224e-11,3.5025e-11
3.4232e-11,3.6107e-11,1.819e-11
3.3156e-11,3.4873e-11,1.7902e-11
2.1284e-11,2.1173e-11,1.3647e-11
2.335e-11,2.8187e-11,2.5245e-11
1.9882e-11,1.9725e-11,1.7151e-11
2.0652e-11,1.8895e-11,1.4049e-11
2.1449e-11,1.7166e-11,1.5804e-11
2.7596e-11,2.1445e-11,1.5466e-11
2.2743e-11,2.2913e-11,1.934e-11
3.1915e-11,2.3077e-11,2.2835e-11
2.93e-11,2.2892e-11,2.1901e-11
3.6748e-11,3.0634e-11,3.2277e-11
3.8191e-11,2.7992e-11,2.7543e-11
2.0422e-11,3.8969e-11,3.4499e-11
1.4209e-11,2.0993e-11,1.6453e-11
1.5263e-11,1.4078e-11,6.8275e-12
1.5077e-11,1.8189e-11,1.2107e-11
1.5279e-11,1.5506e-11,7.9997e-12
2.0282e-11,3.2884e-11,2.4387e-11
3.1546e-11,3.3571e-11,9.54e-12
1.508e-11,1.4879e-11,7.0141e-12
1.2776e-11,1.5918e-11,1.2387e-11
1.8163e-11,2.5203e-11,2.032e-11
1.642e-11,1.7216e-11,7.8122e-12
2.6635e-11,2.7999e-11,2.2031e-11
1.7695e-11,1.7974e-11,9.8862e-12
2.4571e-11,3.1172e-11,2.2551e-11
2.1543e-11,2.3568e-11,1.9723e-11
2.665e-11,2.5591e-11,2.0462e-11
4.5899e-11,4.5825e-11,2.6374e-11
2.7327e-11,2.1975e-11,1.486e-11
2.3753e-11,2.0637e-11,1.3694e-11
3.4715e-11,2.741e-11,2.0007e-11
2.392e-11,2.2548e-11,1.5412e-11
4.2071e-11,3.344e-11,2.3666e-11
2.8912e-11,2.469e-11,2.091e-11
4.4747e-11,3.2504e-11,2.4769e-11
2.7917e-11,2.2106e-11,2.053e-11
3.731e-11,3.4709e-11,4.65e-11
4.5028e-11,3.1022e-11,2.4487e-11
3.7077e-11,2.6861e-11,2.1173e-11
3.7933e-11,2.4721e-11,2.5222e-11
4.1169e-11,3.0476e-11,2.7524e-11
2.8923e-11,2.6687e-11,3.7084e-12
2.8254e-11,2.6645e-11,3.7722e-12
2.2099e-11,4.3332e-11,3.9677e-11
1.8129e-11,2.2192e-11,1.4277e-11
1.5011e-11,1.6428e-11,1.4034e-11
1.4185e-11,1.5472e-11,1.429e-11
2.0205e-11,3.0775e-11,2.6311e-11
1.6347e-11,1.7487e-11,8.4701e-12
3.4819e-11,3.7021e-11,1.1545e-11
2.0701e-11,2.6006e-11,2.1255e-11
4.5162e-11,4.9967e-11,2.0951e-11
1.6864e-11,1.6e-11,1.2169e-11
2.4055e-11,2.3497e-11,1.31e-11
1.9161e-11,2.2112e-11,1.7762e-11
3.4456e-11,3.6107e-11,1.9006e-11
2.302e-11,1.9748e-11,1.4532e-11
2.9771e-11,2.5188e-11,1.6774e-11
3.0045e-11,3.5206e-11,3.3802e-11
2.8297e-11,2.1352e-11,1.6143e-11
2.8163e-11,2.7598e-11,2.61e-11
4.3292e-11,3.1006e-11,2.3614e-11
3.0301e-11,2.4479e-11,2.1136e-11
3.3403e-11,2.6543e-11,2.2268e-11
4.1173e-11,2.9654e-11,3.0709e-11
1.4336e-11,1.5959e-11,9.3545e-12
1.5213e-11,1.8537e-11,1.6098e-11
2.3084e-11,4.0901e-11,3.7064e-11
2.4882e-11,4.0948e-11,3.7012e-11
2.5707e-11,3.5501e-11,3.3205e-11
3.2693e-11,3.5799e-11,1.4047e-11
2.5946e-11,3.4071e-11,2.725e-11
2.2962e-11,2.5512e-11,1.7451e-11
2.6771e-11,2.7023e-11,2.1491e-11
4.2142e-11,3.6996e-11,2.4782e-11
3.9849e-11,3.3124e-11,2.2556e-11
4.531e-11,3.2377e-11,2.4809e-11
4.0873e-11,3.0542e-11,2.1659e-11
3.6817e-11,2.7721e-11,2.0108e-11
3.2044e-11,3.3544e-11,3.473e-11
3.4014e-11,2.5861e-11,2.3479e-11
3.3623e-11,2.491e-11,2.4871e-11
3.8937e-11,3.0899e-11,3.1759e-11
4.1568e-11,3.1453e-11,2.847e-11
1.6533e-11,1.4044e-11,6.2386e-12
1.4107e-11,1.7303e-11,1.0058e-11
1.585e-11,2.9293e-11,1.7358e-11
1.5411e-11,1.6482e-11,1.0367e-11
1.7848e-11,2.1746e-11,1.6088e-11
2.3034e-11,2.2219e-11,4.308e-12
2.2242e-11,2.1063e-11,3.6059e-12
2.1211e-11,2.9494e-11,2.19e-11
1.9949e-11,2.7616e-11,2.1968e-11
2.4888e-11,3.4513e-11,2.6857e-11
2.2721e-11,2.7442e-11,2.236e-11
2.5819e-11,3.7925e-11,3.5407e-11
2.5442e-11,3.4448e-11,2.6724e-11
3.0214e-11,3.4359e-11,3.1855e-11
4.3595e-11,4.4983e-11,2.2669e-11
4.2611e-11,4.3677e-11,2.2426e-11
3.1867e-11,3.3806e-11,3.4959e-11
2.6413e-11,2.5224e-11,1.3977e-11
3.4883e-11,3.1965e-11,1.9708e-11
2.2958e-11,1.858e-11,1.5557e-11
3.3878e-11,3.7356e-11,3.4524e-11
2.7484e-11,2.3449e-11,1.8793e-11
4.8338e-11,3.3841e-11,2.4883e-11
3.8894e-11,2.8296e-11,2.7522e-11
1.527e-11,1.8562e-11,1.4742e-11
1.7154e-11,1.6802e-11,7.0212e-12
1.5175e-11,1.9173e-11,1.085e-11
2.2741e-11,4.096e-11,3.6235e-11
2.2399e-11,2.0943e-11,3.075e-12
2.4908e-11,3.0877e-11,2.252e-11
1.7068e-11,1.846e-11,6.8927e-12
1.4022e-11,1.7567e-11,1.291e-11
1.6337e-11,1.6803e-11,1.1221e-11
1.5251e-11,2.0291e-11,1.2651e-11
1.6962e-11,1.9596e-11,1.1263e-11
1.7515e-11,1.7849e-11,9.9255e-12
1.734e-11,1.9069e-11,1.4686e-11
1.9917e-11,2.0301e-11,1.2049e-11
3.4415e-11,3.7613e-11,3.7566e-11
2.1016e-11,1.9318e-11,1.2831e-11
3.011e-11,3.2461e-11,3.2578e-11
2.7817e-11,3.2481e-11,2.4884e-11
3.5973e-11,3.6001e-11,3.4582e-11
2.6036e-11,2.3759e-11,1.6856e-11
4.2685e-11,3.0958e-11,2.2386e-11
3.3381e-11,2.6715e-11,2.5886e-11
3.5046e-11,2.8608e-11,2.3615e-11
3.9482e-11,3.0715e-11,3.1306e-11
4.0377e-11,3.1255e-11,2.5592e-11
3.6227e-11,2.9587e-11,2.4825e-11
4.4366e-11,3.3435e-11,3.4992e-11
4.1698e-11,2.9624e-11,3.0516e-11
2.5218e-11,4.2787e-11,2.765e-11
2.525e-11,2.4205e-11,5.9398e-12
2.3879e-11,4.206e-11,3.7249e-11
2.2894e-11,2.0943e-11,1.5279e-11
1.961e-11,2.1295e-11,1.6247e-11
1.6738e-11,1.9439e-11,8.8733e-12
4.0483e-11,4.2936e-11,1.5675e-11
1.97e-11,2.0269e-11,1.3244e-11
3.6143e-11,3.7054e-11,3.6497e-11
2.9169e-11,2.534e-11,1.6338e-11
2.0472e-11,1.9637e-11,1.7319e-11
3.633e-11,3.8582e-11,2.954e-11
2.5078e-11,2.2309e-11,1.7749e-11
2.7456e-11,2.9381e-11,2.4778e-11
3.5133e-11,3.9795e-11,3.3358e-11
3.6627e-11,2.9623e-11,2.0058e-11
3.6661e-11,3.3654e-11,3.2007e-11
1.7808e-11,1.8305e-11,1.0937e-11
1.7756e-11,1.7254e-11,8.0847e-12
1.7805e-11,1.9214e-11,1.3306e-11
2.0056e-11,2.0102e-11,1.0646e-11
3.1119e-11,2.6755e-11,1.7592e-11
3.1386e-11,2.7522e-11,1.7256e-11
4.0555e-11,3.9303e-11,3.7779e-11
2.5251e-11,2.5715e-11,2.1325e-11
4.4164e-11,4.23e-11,2.498e-11
3.5356e-11,3.8488e-11,3.262e-11
3.1536e-11,3.4654e-11,2.9856e-11
3.4166e-11,4.17e-11,3.241e-11
3.5268e-11,3.5716e-11,2.9581e-11
3.4581e-11,2.7743e-11,2.6853e-11
3.9224e-11,2.9386e-11,2.4152e-11
4.0104e-11,3.1926e-11,2.7105e-11
4.3724e-11,3.2576e-11,3.1e-11
4.4515e-11,3.2143e-11,3.1791e-11
1.8128e-11,3.1157e-11,1.8868e-11
2.2621e-11,4.6202e-11,2.5951e-11
2.1372e-11,3.8107e-11,2.451e-11
2.4659e-11,4.768e-11,3.3886e-11
1.8743e-11,2.2213e-11,1.7175e-11
2.3476e-11,4.5666e-11,2.5822e-11
2.5058e-11,4.6157e-11,4.124e-11
1.8346e-11,1.8138e-11,7.8506e-12
2.1586e-11,2.1753e-11,1.5787e-11
2.1611e-11,2.7117e-11,1.9048e-11
1.871e-11,1.9669e-11,1.0927e-11
4.6832e-11,4.8739e-11,1.9156e-11
2.0641e-11,2.2605e-11,1.2204e-11
2.1621e-11,2.1231e-11,1.5529e-11
2.3717e-11,2.284e-11,1.3831e-11
2.8456e-11,2.7329e-11,2.0746e-11
3.5441e-11,4.0442e-11,3.0409e-11
2.9031e-11,2.2223e-11,2.0785e-11
3.1461e-11,2.5949e-11,2.0085e-11
4.14e-11,3.1258e-11,2.0569e-11
4.6769e-11,3.2568e-11,2.344e-11
3.572e-11,2.8661e-11,2.3709e-11
3.6332e-11,3.004e-11,2.4443e-11
3.3189e-11,2.529e-11,2.5504e-11
3.9293e-11,3.61e-11,3.4543e-11
4.5004e-11,3.2018e-11,3.1337e-11
1.8491e-11,1.7627e-11,7.0155e-12
1.6588e-11,1.9959e-11,1.6549e-11
3.3437e-11,3.3152e-11,7.0667e-12
2.8454e-11,4.9061e-11,4.0771e-11
1.8957e-11,1.8978e-11,9.6601e-12
2.7671e-11,4.5567e-11,3.7337e-11
1.9888e-11,2.0394e-11,1.017e-11
2.0234e-11,2.0872e-11,9.5601e-12
1.8633e-11,2.1882e-11,1.4087e-11
4.5471e-11,4.7832e-11,1.7746e-11
2.6808e-11,2.8123e-11,2.2014e-11
3.9004e-11,4.1846e-11,1.5937e-11
3.2382e-11,3.9961e-11,3.29e-11
2.5383e-11,2.2416e-11,1.3813e-11
4.4121e-11,4.175e-11,3.955e-11
4.3209e-11,4.2569e-11,2.3809e-11
4.4099e-11,3.2785e-11,2.3467e-11
4.3444e-11,3.5085e-11,3.4368e-11
4.2851e-11,3.2788e-11,3.1824e-11
4.163e-11,3.3614e-11,2.7426e-11
4.1884e-11,3.1485e-11,3.1579e-11
4.6169e-11,3.334e-11,3.2196e-11
2.0878e-11,3.3939e-11,2.1407e-11
3.0361e-11,2.8333e-11,3.3305e-12
2.452e-11,3.2722e-11,2.076e-11
2.7026e-11,4.8794e-11,3.7171e-11
1.7881e-11,2.1698e-11,1.4228e-11
3.4031e-11,3.5969e-11,7.4118e-12
1.9849e-11,2.1222e-11,1.0234e-11
1.9863e-11,2.3597e-11,1.46e-11
2.4198e-11,2.4159e-11,1.1339e-11
4.1767e-11,3.5899e-11,2.6317e-11
4.4624e-11,4.6803e-11,2.0967e-11
2.8616e-11,2.6872e-11,1.5812e-11
2.3306e-11,2.356e-11,1.3914e-11
2.324e-11,2.3176e-11,1.3811e-11
3.4039e-11,4.1447e-11,2.9575e-11
3.225e-11,2.87e-11,2.2348e-11
3.4129e-11,3.4263e-11,2.8734e-11
3.5416e-11,2.7967e-11,1.9153e-11
3.1686e-11,2.5099e-11,2.1596e-11
3.796e-11,2.836e-11,1.9288e-11
3.3688e-11,2.433e-11,2.3529e-11
4.0851e-11,3.2677e-11,3.1354e-11
3.9354e-11,3.7709e-11,3.4316e-11
3.9333e-11,3.1454e-11,2.6596e-11
2.2504e-11,1.8594e-11,8.7063e-12
2.4243e-11,2.0737e-11,9.0019e-12
1.9435e-11,2.1845e-11,1.393e-11
2.9935e-11,2.8596e-11,6.5831e-12
1.926e-11,1.8412e-11,7.0568e-12
2.8235e-11,4.3775e-11,2.7593e-11
1.7909e-11,2.1116e-11,1.8998e-11
2.1068e-11,2.1551e-11,1.6693e-11
2.3796e-11,2.3566e-11,1.6926e-11
2.0572e-11,2.1812e-11,1.181e-11
4.0699e-11,4.229e-11,3.2183e-11
2.326e-11,2.3071e-11,9.8926e-12
4.1493e-11,4.2968e-11,3.2233e-11
2.7436e-11,2.8571e-11,1.1706e-11
2.293e-11,2.2985e-11,1.916e-11
2.085e-11,2.2386e-11,1.2499e-11
4.2151e-11,4.5392e-11,1.8644e-11
4.6975e-11,4.8738e-11,2.0552e-11
4.2078e-11,4.4522e-11,2.2441e-11
3.3177e-11,3.0536e-11,1.7864e-11
4.523e-11,4.6117e-11,3.5951e-11
3.0448e-11,2.4711e-11,1.9499e-11
3.855e-11,4.0991e-11,3.2406e-11
4.1238e-11,3.0974e-11,2.1032e-11
3.8717e-11,2.8757e-11,2.5994e-11
4.0372e-11,3.4079e-11,3.2097e-11
4.2278e-11,3.1489e-11,2.9204e-11
2.0116e-11,1.8523e-11,6.0376e-12
3.2364e-11,3.0084e-11,2.8213e-12
1.9846e-11,1.7942e-11,8.7994e-12
1.8328e-11,2.1095e-11,1.4815e-11
2.5655e-11,3.553e-11,2.2873e-11
2.0157e-11,2.3069e-11,1.7324e-11
1.8705e-11,2.2648e-11,1.9471e-11
3.0277e-11,3.1097e-11,5.1318e-12
2.0793e-11,2.1e-11,1.7288e-11
3.6371e-11,3.9333e-11,1.0758e-11
3.4361e-11,3.2331e-11,2.5254e-11
1.9788e-11,2.1995e-11,1.4142e-11
2.2651e-11,2.3799e-11,1.2697e-11
2.4227e-11,2.4253e-11,1.6658e-11
2.5777e-11,2.5599e-11,1.3846e-11
4.2474e-11,4.2257e-11,3.1874e-11
3.412e-11,3.2333e-11,2.6816e-11
3.2693e-11,2.6375e-11,1.8673e-11
3.4351e-11,2.9462e-11,2.7179e-11
3.5293e-11,2.5622e-11,2.4462e-11
4.1383e-11,3.3298e-11,3.2304e-11
2.3246e-11,3.5305e-11,2.3344e-11
1.8097e-11,2.1886e-11,1.7885e-11
3.6566e-11,3.4691e-11,4.5371e-12
2.8583e-11,4.7565e-11,2.7975e-11
2.0553e-11,1.97e-11,7.6536e-12
1.902e-11,2.4678e-11,1.5163e-11
2.04e-11,2.0945e-11,8.7397e-12
1.9251e-11,2.0268e-11,1.1374e-11
3.7459e-11,4.6179e-11,3.3275e-11
1.9791e-11,2.307e-11,2.075e-11
2.5921e-11,2.6804e-11,2.1989e-11
2.8238e-11,2.6878e-11,1.5625e-11
3.4765e-11,3.3263e-11,1.8393e-11
2.8682e-11,2.8593e-11,1.9807e-11
3.8172e-11,2.8866e-11,2.5425e-11
4.0976e-11,3.7414e-11,3.355e-11
4.3017e-11,3.2636e-11,3.0064e-11
4.4419e-11,3.3275e-11,3.2297e-11
2.4015e-11,4.0982e-11,2.4489e-11
3.8023e-11,3.7996e-11,3.4819e-12
3.1302e-11,5.0273e-11,3.1016e-11
3.0009e-11,4.7566e-11,3.0979e-11
3.3716e-11,4.7405e-11,3.3792e-11
3.6977e-11,3.8122e-11,6.3536e-12
2.4676e-11,2.7503e-11,2.1709e-11
2.546e-11,2.7407e-11,2.1342e-11
2.3867e-11,2.5371e-11,1.8034e-11
3.089e-11,2.949e-11,1.651e-11
2.3022e-11,2.5849e-11,1.6807e-11
4.2316e-11,4.3679e-11,3.4196e-11
3.1045e-11,2.7443e-11,1.6599e-11
3.9553e-11,3.6999e-11,3.099e-11
3.3022e-11,2.8223e-11,1.9149e-11
4.0246e-11,3.2326e-11,2.0496e-11
3.3603e-11,2.8662e-11,2.1257e-11
4.4107e-11,3.526e-11,2.1879e-11
3.9534e-11,3.2113e-11,2.076e-11
4.1849e-11,3.5742e-11,3.1043e-11
3.9412e-11,2.8411e-11,2.623e-11
4.1352e-11,3.2105e-11,2.9337e-11
4.3373e-11,3.1724e-11,2.8327e-11
2.3537e-11,3.2707e-11,2.2906e-11
2.1693e-11,2.8638e-11,1.7037e-11
2.1807e-11,2.0002e-11,9.6635e-12
2.0038e-11,2.3389e-11,1.6301e-11
2.2295e-11,2.6667e-11,2.0015e-11
2.4128e-11,2.1829e-11,6.9655e-12
2.1894e-11,2.0442e-11,1.3513e-11
2.4841e-11,2.8936e-11,2.253e-11
3.0865e-11,2.9977e-11,2.2532e-11
3.9636e-11,3.8504e-11,3.1626e-11
3.0872e-11,2.797e-11,1.6909e-11
2.9319e-11,2.6697e-11,1.8538e-11
3.3907e-11,2.647e-11,2.3806e-11
3.9733e-11,3.284e-11,2.1357e-11
3.986e-11,3.5509e-11,2.9949e-11
4.0064e-11,3.4152e-11,3.0246e-11
4.5866e-11,3.5444e-11,3.3608e-11
2.5794e-11,4.912e-11,2.5251e-11
2.5732e-11,2.2636e-11,8.0169e-12
2.6186e-11,2.3482e-11,8.9257e-12
2.6559e-11,2.602e-11,7.8716e-12
2.5167e-11,2.5079e-11,1.0316e-11
2.4078e-11,2.6887e-11,1.3516e-11
2.4312e-11,2.6348e-11,1.9291e-11
3.0394e-11,2.7861e-11,1.5718e-11
3.7687e-11,3.2476e-11,1.9881e-11
3.4059e-11,2.608e-11,2.36e-11
3.6166e-11,3.067e-11,2.2815e-11
3.6564e-11,2.7906e-11,2.3953e-11
2.351e-11,3.8556e-11,2.5461e-11
3.487e-11,5.1945e-11,3.5138e-11
3.9951e-11,5.2775e-11,3.6119e-11
2.5275e-11,2.5241e-11,1.0476e-11
3.1998e-11,3.5197e-11,2.8483e-11
2.1808e-11,2.3678e-11,1.4537e-11
4.0731e-11,4.2341e-11,1.4216e-11
3.4764e-11,3.4909e-11,1.3313e-11
4.0077e-11,3.8812e-11,2.047e-11
4.8943e-11,3.7141e-11,3.4222e-11
2.695e-11,2.1466e-11,4.8235e-12
2.4004e-11,2.3132e-11,1.3236e-11
2.5696e-11,3.8057e-11,2.6434e-11
3.5247e-11,5.2413e-11,3.4727e-11
3.507e-11,3.9733e-11,3.1211e-11
2.8413e-11,2.6594e-11,1.1476e-11
4.1336e-11,4.3313e-11,1.1982e-11
2.9535e-11,2.8659e-11,1.1645e-11
2.3658e-11,2.6292e-11,1.5038e-11
3.2987e-11,3.1972e-11,1.4266e-11
2.828e-11,2.5649e-11,1.8845e-11
4.5106e-11,4.1593e-11,3.3598e-11
3.6514e-11,3.2581e-11,2.2062e-11
4.3474e-11,3.3231e-11,2.8464e-11
4.795e-11,3.4417e-11,2.9862e-11
2.3671e-11,2.8971e-11,1.918e-11
2.6347e-11,2.4979e-11,1.3778e-11
3.4275e-11,5.0211e-11,3.1867e-11
2.6156e-11,2.3629e-11,9.2652e-12
3.9466e-11,4.7726e-11,3.3993e-11
2.4563e-11,2.9256e-11,1.6548e-11
4.533e-11,4.568e-11,1.3882e-11
2.8375e-11,2.819e-11,1.5192e-11
3.257e-11,3.1216e-11,1.734e-11
4.1412e-11,4.1888e-11,2.0603e-11
3.8614e-11,3.4157e-11,1.9526e-11
4.2068e-11,3.5364e-11,2.0814e-11
3.5269e-11,2.9337e-11,2.3664e-11
4.289e-11,3.4953e-11,2.1478e-11
4.669e-11,3.4747e-11,3.0121e-11
2.6186e-11,2.5721e-11,1.4501e-11
2.8797e-11,3.8917e-11,2.7798e-11
3.553e-11,3.9982e-11,3.2378e-11
2.4115e-11,2.7957e-11,1.5924e-11
3.3606e-11,3.1237e-11,1.634e-11
4.6195e-11,4.2106e-11,3.4712e-11
3.3594e-11,2.855e-11,2.4539e-11
3.759e-11,3.0189e-11,2.6162e-11
4.2228e-11,3.3585e-11,2.6787e-11
2.7465e-11,3.914e-11,2.7605e-11
2.6505e-11,2.512e-11,1.0083e-11
3.527e-11,5.1235e-11,3.2871e-11
3.6786e-11,4.9698e-11,3.2634e-11
3.9152e-11,5.7352e-11,3.7364e-11
3.406e-11,3.8031e-11,3.1534e-11
2.5543e-11,2.8964e-11,1.8572e-11
2.5016e-11,2.8234e-11,1.7947e-11
3.0436e-11,2.9428e-11,1.1188e-11
4.4509e-11,4.3066e-11,3.434e-11
4.7511e-11,4.5938e-11,3.6982e-11
2.7825e-11,2.9805e-11,1.6145e-11
2.8048e-11,2.9014e-11,2.208e-11
3.029e-11,3.1988e-11,3.0154e-11
2.9609e-11,3.0044e-11,1.7027e-11
3.1442e-11,3.1321e-11,1.7339e-11
3.6983e-11,3.4557e-11,1.8576e-11
3.7498e-11,3.4863e-11,2.8195e-11
3.9761e-11,3.5453e-11,1.987e-11
3.373e-11,3.1783e-11,2.6981e-11
4.1467e-11,3.3299e-11,2.6329e-11
4.1756e-11,3.3564e-11,2.6873e-11
2.7585e-11,3.2971e-11,2.1612e-11
3.6839e-11,3.2295e-11,8.1363e-12
3.7841e-11,3.3774e-11,1.0352e-11
2.8416e-11,2.9857e-11,2.0206e-11
2.6173e-11,3.028e-11,2.0876e-11
3.0496e-11,3.396e-11,2.6008e-11
3.1052e-11,2.6997e-11,7.8919e-12
4.0482e-11,5.3432e-11,3.5165e-11
4.373e-11,4.4349e-11,1.331e-11
3.3389e-11,2.9789e-11,1.5816e-11
2.7299e-11,2.3231e-11,1.6965e-11
2.8914e-11,3.2119e-11,2.1329e-11
3.8761e-11,3.6179e-11,5.4947e-12
2.7852e-11,2.945e-11,1.2516e-11
2.5875e-11,2.9463e-11,1.6168e-11
3.4125e-11,3.3286e-11,1.7461e-11
3.7988e-11,3.7974e-11,2.9234e-11
3.7924e-11,3.6828e-11,1.9242e-11
2.8898e-11,3.0502e-11,2.1121e-11
3.0579e-11,3.3466e-11,2.5347e-11
3.272e-11,4.0652e-11,2.8649e-11
2.8095e-11,2.6981e-11,1.2203e-11
3.3422e-11,2.8517e-11,8.7456e-12
3.5533e-11,4.1368e-11,3.211e-11
2.7138e-11,3.0395e-11,1.9292e-11
3.2534e-11,3.0227e-11,1.1516e-11
2.997e-11,3.4998e-11,2.7978e-11
4.0415e-11,4.018e-11,9.1436e-12
4.2518e-11,4.263e-11,1.1773e-11
4.8968e-11,4.9769e-11,1.6566e-11
4.1689e-11,3.9067e-11,2.1918e-11
4.2599e-11,3.8699e-11,2.9601e-11
3.6188e-11,2.8933e-11,7.4962e-12
3.9098e-11,3.3028e-11,1.1347e-11
2.9847e-11,2.5183e-11,1.0294e-11
2.8225e-11,3.2278e-11,2.5552e-11
2.9019e-11,3.1531e-11,2.0948e-11
3.785e-11,3.5244e-11,7.4791e-12
3.2605e-11,3.4571e-11,2.8785e-11
3.6496e-11,3.7918e-11,3.0885e-11
5.1842e-11,4.5872e-11,3.8506e-11
4.6324e-11,4.2215e-11,3.3975e-11
5.3852e-11,4.6053e-11,3.7753e-11
4.9992e-11,4.8153e-11,1.752e-11
3.688e-11,3.7761e-11,2.8038e-11
3.587e-11,3.3256e-11,2.493e-11
3.9225e-11,3.4841e-11,2.6214e-11
3.7442e-11,2.9891e-11,8.0517e-12
2.9231e-11,2.9942e-11,1.8782e-11
2.9858e-11,3.3115e-11,2.2492e-11
3.3781e-11,3.9653e-11,3.072e-11
3.5027e-11,3.1067e-11,9.7387e-12
2.8216e-11,2.9389e-11,1.4762e-11
3.5088e-11,3.2196e-11,1.1435e-11
3.5336e-11,3.2781e-11,1.2464e-11
3.2633e-11,2.9712e-11,1.4921e-11
3.8679e-11,4.0351e-11,3.0857e-11
4.9947e-11,4.8363e-11,1.5327e-11
3.167e-11,3.2834e-11,1.781e-11
3.0516e-11,3.3459e-11,1.7324e-11
4.2187e-11,3.8062e-11,2.0087e-11
4.1066e-11,4.1384e-11,3.0023e-11
3.8102e-11,3.7519e-11,2.761e-11
3.5635e-11,3.5079e-11,2.2367e-11
4.2169e-11,3.7671e-11,2.7653e-11
3.3318e-11,2.8971e-11,1.3025e-11
3.0403e-11,2.7952e-11,1.8968e-11
3.1332e-11,2.9764e-11,1.9461e-11
3.2304e-11,3.0248e-11,1.5552e-11
4.5407e-11,4.3352e-11,9.0314e-12
3.5896e-11,3.322e-11,1.6262e-11
3.6743e-11,4.0723e-11,3.0173e-11
3.5763e-11,3.8312e-11,2.4734e-11
3.7254e-11,3.8478e-11,1.9643e-11
3.661e-11,3.8305e-11,1.9944e-11
3.4425e-11,3.5457e-11,2.1882e-11
3.9131e-11,3.3462e-11,8.0403e-12
3.2688e-11,3.3703e-11,2.3253e-11
3.5059e-11,3.2194e-11,1.1745e-11
4.7594e-11,4.3591e-11,3.6383e-11
4.3219e-11,4.2192e-11,2.1756e-11
3.9543e-11,3.985e-11,2.6687e-11
3.5044e-11,3.0262e-11,1.1649e-11
4.2298e-11,3.606e-11,7.5189e-12
4.2245e-11,3.687e-11,6.213e-12
3.4803e-11,3.2128e-11,1.5694e-11
3.4004e-11,3.3777e-11,1.265e-11
3.4987e-11,3.5437e-11,2.362e-11
3.4738e-11,3.3989e-11,1.624e-11
4.1773e-11,3.9935e-11,1.2022e-11
3.7761e-11,3.733e-11,2.3206e-11
4.104e-11,4.0979e-11,2.7155e-11
3.975e-11,3.7497e-11,2.4514e-11
3.8439e-11,3.6708e-11,2.3346e-11
4.0053e-11,3.4515e-11,7.8335e-12
3.4917e-11,2.8429e-11,2.2986e-11
3.2248e-11,3.6011e-11,2.495e-11
3.6549e-11,3.389e-11,1.2701e-11
3.4366e-11,3.4914e-11,1.6547e-11
3.4566e-11,3.57e-11,1.7894e-11
3.6094e-11,3.6501e-11,1.7097e-11
3.7012e-11,4.1511e-11,2.6029e-11
4.1393e-11,4.3278e-11,2.6923e-11
3.9945e-11,3.4834e-11,1.277e-11
3.7103e-11,3.938e-11,2.2512e-11
4.0062e-11,4.2143e-11,2.507e-11
3.7178e-11,3.7814e-11,2.236e-11
3.8651e-11,3.8937e-11,2.3531e-11
3.9254e-11,4.0851e-11,2.3946e-11
3.9994e-11,3.6382e-11,1.4282e-11
3.8788e-11,3.2843e-11,2.4693e-11
3.7062e-11,3.8177e-11,2.3583e-11
3.8249e-11,4.1759e-11,2.6331e-11
3.6487e-11,3.5947e-11,2.2372e-11
4.7138e-11,4.2077e-11,1.9416e-11
3.8896e-11,3.9866e-11,2.3413e-11
4.0036e-11,4.0812e-11,2.4708e-11
4.2307e-11,3.9607e-11,2.444e-11
3.8969e-11,3.5748e-11,2.4062e-11
3.7998e-11,3.8726e-11,2.0703e-11
3.9499e-11,4.412e-11,2.7097e-11
3.8234e-11,3.9782e-11,2.3944e-11
4.0338e-11,4.1416e-11,2.8107e-11
4.4371e-11,4.1206e-11,1.3247e-11
4.0973e-11,4.1703e-11,2.5782e-11
3.9563e-11,4.5291e-11,2.837e-11
4.4861e-11,3.9604e-11,1.5745e-11
4.5795e-11,4.224e-11,1.2955e-11
4.0447e-11,4.224e-11,1.841e-11
4.9069e-11,4.4699e-11,1.9233e-11
4.7774e-11,4.3128e-11,1.1365e-11
4.4066e-11,4.1523e-11,1.561e-11
4.3875e-11,4.3662e-11,1.9024e-11
4.0577e-11,4.3068e-11,2.2138e-11
4.2037e-11,4.3381e-11,2.4313e-11
4.3863e-11,4.0117e-11,1.4598e-11
4.417e-11,4.0358e-11,2.7818e-11
4.4055e-11,4.5633e-11,2.9092e-11
4.3917e-11,4.4286e-11,2.7867e-11
4.7006e-11,4.1932e-11,1.6847e-11
5.0834e-11,4.6145e-11,1.8921e-11
4.5882e-11,4.1304e-11,1.595e-11
4.5892e-11,4.4152e-11,1.7797e-11
4.7744e-11,4.4981e-11,1.7435e-11
5.0387e-11,4.6645e-11,1.7424e-11
