9.2046e-11,9.2308e-11,3.0028e-11
8.3289e-11,8.6619e-11,4.5628e-11
8.965e-11,8.2525e-11,3.7785e-11
9.6584e-11,7.948e-11,3.2927e-11
7.7636e-11,8.6795e-11,4.0102e-11
9.5922e-11,7.776e-11,1.7932e-11
8.9363e-11,7.9494e-11,2.8897e-11
8.1542e-11,9.4135e-11,2.6558e-11
9.0569e-11,7.3001e-11,4.1121e-11
6.8343e-11,8.7322e-11,5.2797e-11
9.3194e-11,7.4144e-11,3.1104e-11
8.4073e-11,7.7696e-11,2.8178e-11
7.4101e-11,9.7707e-11,3.896e-11
8.174e-11,7.5756e-11,1.171e-11
7.3613e-11,7.7471e-11,5.5891e-11
6.616e-11,8.6469e-11,4.4344e-11
9.7997e-11,6.9544e-11,2.3884e-11
8.1011e-11,7.6179e-11,2.8237e-11
8.9418e-11,6.0563e-11,1.5049e-11
6.9411e-11,1.0077e-10,2.9897e-11
7.2919e-11,8.3013e-11,2.939e-11
6.5741e-11,9.3359e-11,3.9527e-11
6.7716e-11,1.0017e-10,4.0814e-11
6.8929e-11,9.8059e-11,3.117e-11
8.0586e-11,8.0232e-11,1.7819e-11
7.9769e-11,6.8686e-11,5.2509e-11
7.7881e-11,6.7952e-11,2.8357e-11
8.1587e-11,6.9143e-11,2.25e-11
6.7481e-11,1.0641e-10,3.7784e-11
7.9311e-11,6.7687e-11,4.9573e-11
8.3873e-11,5.8636e-11,1.0677e-11
6.0761e-11,9.6174e-11,4.0132e-11
7.9325e-11,7.0243e-11,1.6201e-11
7.4383e-11,9.3083e-11,2.5794e-11
7.1629e-11,7.5361e-11,5.3629e-11
8.9196e-11,6.545e-11,2.2795e-11
8.6936e-11,5.6481e-11,2.4075e-11
9.0696e-11,5.7317e-11,2.0026e-11
6.1958e-11,8.4682e-11,3.7405e-11
7.9056e-11,8.0227e-11,1.9805e-11
8.3736e-11,6.5666e-11,5.7131e-11
6.6471e-11,7.3293e-11,4.5108e-11
7.8509e-11,6.5279e-11,3.0729e-11
7.1265e-11,6.3605e-11,2.5279e-11
6.1343e-11,9.4325e-11,3.5562e-11
6.8889e-11,8.8902e-11,2.6494e-11
9.3035e-11,6.059e-11,3.8402e-11
9.6994e-11,6.576e-11,3.4826e-11
7.584e-11,7.0072e-11,1.3663e-11
7.9283e-11,6.6461e-11,4.7797e-11
6.8274e-11,7.1339e-11,4.3658e-11
7.8707e-11,5.4686e-11,3.0862e-11
7.0259e-11,6.4163e-11,2.3462e-11
6.2109e-11,7.6435e-11,2.2952e-11
9.2671e-11,5.9355e-11,4.4948e-11
5.8296e-11,6.8166e-11,3.5286e-11
5.5334e-11,8.0216e-11,2.8105e-11
5.5573e-11,8.9807e-11,3.4248e-11
5.6909e-11,8.7445e-11,2.4551e-11
7.0425e-11,6.1399e-11,1.1174e-11
6.336e-11,5.9207e-11,3.3928e-11
6.7398e-11,5.9492e-11,3.1323e-11
5.3822e-11,7.6731e-11,3.0766e-11
9.3599e-11,5.6825e-11,2.0798e-11
5.8327e-11,9.8913e-11,3.5331e-11
6.3515e-11,7.7847e-11,1.8895e-11
6.8565e-11,6.5029e-11,1.1957e-11
8.9919e-11,6.1397e-11,5.3784e-11
5.2675e-11,7.5436e-11,2.8646e-11
9.5123e-11,5.9196e-11,3.1667e-11
6.1568e-11,5.2459e-11,2.4874e-11
6.3028e-11,5.2205e-11,2.3666e-11
5.0423e-11,9.3129e-11,3.3739e-11
8.4558e-11,4.9023e-11,1.3459e-11
5.2831e-11,9.8228e-11,3.8642e-11
7.3111e-11,5.2998e-11,1.2758e-11
8.5832e-11,6.0031e-11,5.0216e-11
6.6985e-11,5.5922e-11,3.6935e-11
5.8306e-11,9.5236e-11,2.9732e-11
7.4065e-11,4.637e-11,5.9866e-12
9.4379e-11,5.8858e-11,5.8857e-11
8.9053e-11,5.9285e-11,5.4241e-11
9.6337e-11,5.7947e-11,4.4495e-11
5.1837e-11,7.0809e-11,2.6084e-11
4.9291e-11,8.4224e-11,3.4155e-11
6.9988e-11,5.3481e-11,7.3401e-12
6.1455e-11,6.8288e-11,3.5699e-11
6.5045e-11,4.7536e-11,3.5716e-11
8.7713e-11,5.5778e-11,2.7142e-11
4.7949e-11,7.8235e-11,3.5454e-11
4.5405e-11,8.2785e-11,4.1791e-11
8.3749e-11,5.7881e-11,5.256e-11
6.8577e-11,5.8514e-11,3.6864e-11
6.9576e-11,4.8916e-11,3.6289e-11
5.4096e-11,6.7212e-11,2.8796e-11
5.774e-11,5.3913e-11,2.1064e-11
4.9935e-11,9.0163e-11,2.7019e-11
7.9535e-11,4.9011e-11,4.2966e-11
5.2778e-11,5.6978e-11,2.5389e-11
7.0831e-11,4.0387e-11,1.8307e-11
6.4038e-11,4.6945e-11,1.8338e-11
7.7277e-11,4.7359e-11,8.9919e-12
6.032e-11,6.5082e-11,3.6291e-11
7.9587e-11,5.2124e-11,5.0563e-11
5.0938e-11,7.252e-11,3.523e-11
5.5084e-11,6.0225e-11,2.4761e-11
4.2984e-11,8.2927e-11,4.4089e-11
8.4924e-11,4.1754e-11,9.8893e-12
5.4642e-11,5.539e-11,1.2534e-11
8.8779e-11,5.8147e-11,5.9663e-11
7.8074e-11,5.0961e-11,4.3372e-11
4.1623e-11,9.0649e-11,2.9497e-11
5.2953e-11,5.5373e-11,1.6083e-11
6.8009e-11,4.0092e-11,8.932e-12
9.8194e-11,6.1779e-11,5.9263e-11
7.591e-11,5.0868e-11,4.5062e-11
8.0636e-11,4.6881e-11,3.7653e-11
9.4344e-11,5.3522e-11,1.611e-11
4.2023e-11,8.6996e-11,3.3001e-11
8.084e-11,3.9969e-11,7.6056e-12
6.4889e-11,5.0656e-11,1.5643e-11
1.0753e-10,5.4275e-11,6.3602e-11
7.3551e-11,5.0254e-11,4.6008e-11
1.0202e-10,6.4439e-11,5.8658e-11
1.0447e-10,6.4987e-11,5.9874e-11
4.5599e-11,7.0484e-11,2.5852e-11
7.2419e-11,4.0244e-11,3.078e-11
4.4469e-11,9.4641e-11,3.6532e-11
4.2367e-11,8.4447e-11,2.6689e-11
5.258e-11,5.6113e-11,1.2134e-11
5.3038e-11,1.0311e-10,2.3732e-11
7.6286e-11,4.9389e-11,4.8032e-11
1.0298e-10,6.2798e-11,6.2251e-11
7.669e-11,4.7064e-11,3.419e-11
4.5518e-11,6.9544e-11,3.0583e-11
8.3407e-11,5.8431e-11,3.2526e-11
4.1536e-11,6.7556e-11,3.2569e-11
6.2974e-11,4.0684e-11,1.5686e-11
9.3486e-11,5.5995e-11,1.2465e-11
5.2393e-11,1.0051e-10,2.3072e-11
5.7179e-11,1.0827e-10,2.2594e-11
5.3458e-11,8.0081e-11,1.7836e-11
1.0605e-10,5.7144e-11,7.0878e-11
1.1034e-10,5.1626e-11,6.3448e-11
8.5949e-11,4.5237e-11,7.0494e-11
7.7607e-11,4.8457e-11,5.1e-11
7.5572e-11,4.4675e-11,7.4429e-11
9.1955e-11,5.1355e-11,5.2451e-11
9.5132e-11,5.7417e-11,2.6978e-11
6.0316e-11,3.8606e-11,2.6582e-11
4.2383e-11,6.701e-11,2.6627e-11
8.7673e-11,4.245e-11,2.1581e-11
7.8625e-11,4.0108e-11,1.1615e-11
2.1528e-11,2.0933e-10,9.0172e-11
2.1592e-11,2.1274e-10,8.7089e-11
1.092e-10,4.9339e-11,6.6167e-11
8.4472e-11,3.8031e-11,7.7075e-11
7.3801e-11,4.5641e-11,5.6384e-11
5.7506e-11,5.6569e-11,3.4098e-11
1.0007e-10,5.7587e-11,5.0611e-11
9.0682e-11,5.074e-11,3.7411e-11
8.1967e-11,4.761e-11,3.3715e-11
4.6881e-11,6.2208e-11,2.7027e-11
5.2125e-11,6.7342e-11,1.5074e-11
6.1335e-11,4.0796e-11,9.775e-12
2.4857e-11,1.9358e-10,7.5988e-11
2.1772e-11,2.4061e-10,6.7273e-11
9.7205e-11,5.8986e-11,6.9475e-11
8.4299e-11,3.8603e-11,7.4111e-11
1.046e-10,5.7378e-11,5.5938e-11
3.8712e-11,7.2586e-11,2.9044e-11
6.293e-11,3.8832e-11,1.3166e-11
6.3824e-11,3.7474e-11,1.4191e-11
9.0347e-11,4.9226e-11,1.5047e-11
6.4371e-11,1.4868e-10,9.8884e-11
4.4122e-11,7.141e-11,2.3971e-11
4.6761e-11,5.9509e-11,1.5659e-11
4.66e-11,6.7879e-11,1.4662e-11
6.1132e-11,3.7986e-11,1.5619e-11
4.8014e-11,1.066e-10,2.7617e-11
1.5263e-11,1.7052e-10,7.8574e-11
2.6721e-11,2.4122e-10,6.6659e-11
1.0921e-10,5.3083e-11,6.9731e-11
9.2906e-11,4.7408e-11,5.582e-11
7.2486e-11,5.2021e-11,4.3977e-11
6.9059e-11,4.8599e-11,4.6232e-11
1.149e-10,6.1091e-11,6.9382e-11
7.2299e-11,4.1726e-11,3.2733e-11
9.0531e-11,5.2052e-11,3.7418e-11
5.2251e-11,4.9523e-11,1.4405e-11
3.8998e-11,7.9271e-11,2.884e-11
3.8545e-11,7.8373e-11,2.5931e-11
4.1255e-11,8.0549e-11,2.4712e-11
5.2546e-11,7.2432e-11,1.2981e-11
1.4374e-11,1.7324e-10,7.461e-11
1.9953e-11,1.8287e-10,8.175e-11
2.985e-11,2.29e-10,7.3261e-11
2.8592e-11,2.2088e-10,6.9881e-11
1.4981e-11,2.2589e-10,5.7422e-11
1.054e-10,5.8565e-11,7.6775e-11
1.0723e-10,5.3661e-11,7.2951e-11
8.6588e-11,4.1109e-11,6.6836e-11
9.5973e-11,4.4236e-11,5.4865e-11
1.1162e-10,5.5866e-11,7.332e-11
4.4834e-11,5.7205e-11,2.5825e-11
6.1286e-11,1.2112e-10,1.1051e-10
5.0744e-11,1.4627e-10,9.0439e-11
4.9804e-11,1.4619e-10,8.2604e-11
5.2715e-11,5.9457e-11,1.0536e-11
2.1351e-11,1.7507e-10,6.9875e-11
5.2967e-11,1.0276e-10,2.1559e-11
2.1061e-11,1.7546e-10,8.1769e-11
2.744e-11,1.9029e-10,7.4899e-11
1.1896e-11,2.0577e-10,5.4673e-11
2.5558e-11,2.0224e-10,6.5058e-11
8.1927e-11,4.6259e-11,6.1264e-11
6.9923e-11,4.7233e-11,4.6977e-11
6.3104e-11,2.5453e-11,6.8742e-11
5.2147e-11,4.89e-11,2.7683e-11
4.0791e-11,7.2833e-11,4.9825e-11
3.7379e-11,7.0836e-11,2.37e-11
4.2962e-11,6.0394e-11,2.7998e-11
5.8901e-11,3.4415e-11,1.9883e-11
8.5412e-11,4.7907e-11,1.7773e-11
6.0861e-11,1.2491e-10,1.0363e-10
3.6211e-11,1.362e-10,8.9394e-11
2.8626e-11,1.372e-10,8.0095e-11
3.1296e-11,1.4191e-10,8.3991e-11
5.3683e-11,8.294e-11,1.4813e-11
1.4527e-11,1.6531e-10,6.7827e-11
5.0147e-11,1.1358e-10,2.8048e-11
1.6861e-11,1.548e-10,8.5744e-11
9.8911e-12,1.8352e-10,5.4944e-11
1.1058e-11,1.9025e-10,5.9785e-11
2.462e-11,1.869e-10,5.2987e-11
8.166e-11,4.7747e-11,5.1041e-11
8.8781e-11,4.4564e-11,5.1748e-11
7.1572e-11,2.8865e-11,7.9418e-11
8.216e-11,3.3843e-11,3.6166e-11
5.2092e-11,5.2317e-11,4.0431e-11
1.0832e-10,7.0857e-11,4.3685e-11
5.2675e-11,4.4767e-11,2.5474e-11
8.475e-11,8.9035e-11,1.0296e-10
1.0161e-10,5.4988e-11,2.8709e-11
7.2028e-11,3.3473e-11,2.0349e-11
3.3096e-11,7.1178e-11,4.2535e-11
4.0826e-11,6.1405e-11,2.0399e-11
4.1927e-11,9.1294e-11,3.0293e-11
5.3882e-11,4.4519e-11,8.4304e-12
5.2917e-11,6.933e-11,1.3241e-11
3.3884e-11,1.6205e-10,6.7198e-11
5.2822e-11,7.7282e-11,1.2974e-11
1.42e-11,1.5447e-10,6.2416e-11
9.1756e-12,1.7086e-10,5.6668e-11
5.4143e-11,9.3969e-11,1.9767e-11
1.7572e-11,1.8271e-10,6.4651e-11
9.9917e-11,4.3865e-11,6.408e-11
7.6729e-11,4.6863e-11,5.3706e-11
1.1921e-10,4.8082e-11,7.1306e-11
1.1157e-10,4.9265e-11,6.3445e-11
7.1971e-11,2.9713e-11,7.6041e-11
5.9594e-11,5.2461e-11,3.9443e-11
6.5331e-11,3.3197e-11,3.6094e-11
4.2933e-11,5.3572e-11,4.5275e-11
5.8083e-11,3.7136e-11,2.3943e-11
9.6664e-11,5.3688e-11,2.7976e-11
6.7035e-11,1.0092e-10,9.1687e-11
3.7163e-11,6.3449e-11,3.2576e-11
3.251e-11,6.9724e-11,4.4008e-11
6.367e-11,1.1077e-10,8.4299e-11
3.7163e-11,7.6647e-11,1.9855e-11
3.2342e-11,1.3928e-10,6.7388e-11
2.8873e-11,1.2224e-10,7.7226e-11
4.7226e-11,5.5673e-11,1.3503e-11
4.9389e-11,7.0402e-11,1.1982e-11
5.4224e-11,1.1473e-10,1.9123e-11
1.9255e-11,1.4705e-10,6.456e-11
1.9059e-11,1.3933e-10,6.8684e-11
1.2577e-11,1.6696e-10,4.6022e-11
1.2048e-10,4.5158e-11,8.3466e-11
7.9586e-11,3.9103e-11,6.1925e-11
8.7388e-11,3.6427e-11,8.9977e-11
7.6439e-11,3.063e-11,8.3332e-11
5.1612e-11,5.2287e-11,3.7883e-11
5.0105e-11,3.3266e-11,4.0962e-11
5.0874e-11,5.3312e-11,3.6415e-11
1.0352e-10,6.4439e-11,4.8279e-11
7.8907e-11,3.2341e-11,3.5924e-11
4.35e-11,4.9677e-11,4.9742e-11
4.026e-11,5.981e-11,3.1425e-11
4.2491e-11,5.5794e-11,2.5425e-11
3.6059e-11,6.1418e-11,3.4596e-11
3.7061e-11,6.9638e-11,4.3844e-11
3.6905e-11,6.8428e-11,4.3346e-11
3.4351e-11,7.5598e-11,2.3294e-11
8.1412e-11,4.4489e-11,2.6515e-11
3.4921e-11,7.7649e-11,2.2427e-11
3.2949e-11,8.1459e-11,4.6502e-11
3.7898e-11,9.6282e-11,3.7514e-11
3.4884e-11,1.1847e-10,7.2079e-11
3.1724e-11,1.2056e-10,7.7045e-11
3.4461e-11,1.1678e-10,6.636e-11
1.0358e-10,4.8945e-11,7.4478e-11
8.671e-11,4.2526e-11,6.3235e-11
9.6148e-11,4.2003e-11,6.5527e-11
7.9353e-11,4.3923e-11,5.849e-11
1.007e-10,4.7225e-11,7.3908e-11
8.4211e-11,3.3633e-11,7.9844e-11
6.542e-11,4.6217e-11,4.5266e-11
6.7596e-11,4.2014e-11,4.9481e-11
6.1998e-11,4.7839e-11,4.9705e-11
5.6807e-11,4.6527e-11,4.1295e-11
5.5048e-11,5.1065e-11,3.572e-11
7.5373e-11,3.3869e-11,8.287e-11
6.8181e-11,3.2164e-11,3.964e-11
6.4387e-11,3.0139e-11,6.7885e-11
8.7394e-11,6.3937e-11,9.1961e-11
9.351e-11,6.7728e-11,9.1456e-11
5.1149e-11,2.4582e-11,6.0802e-11
4.9539e-11,3.4853e-11,6.7402e-11
6.7738e-11,3.575e-11,3.1775e-11
7.7691e-11,5.909e-11,7.9368e-11
4.7218e-11,2.6245e-11,5.3299e-11
5.517e-11,2.0327e-11,7.2271e-11
7.0302e-11,7.7939e-11,8.6004e-11
4.3265e-11,3.7063e-11,5.5803e-11
7.187e-11,8.1858e-11,8.6823e-11
5.612e-11,2.9083e-11,7.7592e-11
7.2286e-11,9.3393e-11,9.9351e-11
7.0068e-11,8.7998e-11,9.6394e-11
6.255e-11,4.9429e-11,8.0956e-11
9.9184e-11,5.3905e-11,2.786e-11
3.1554e-11,6.8445e-11,4.1887e-11
5.7193e-11,8.7004e-11,8.4455e-11
6.0504e-11,9.8392e-11,9.5522e-11
4.5789e-11,1.0555e-10,8.3824e-11
3.2466e-11,7.4378e-11,3.2006e-11
3.5155e-11,1.0952e-10,8.9942e-11
3.4699e-11,8.3698e-11,2.6982e-11
4.0851e-11,6.3816e-11,1.9766e-11
3.9975e-11,9.5026e-11,3.0686e-11
4.1744e-11,9.8649e-11,2.9427e-11
1.7582e-11,1.1895e-10,6.9651e-11
2.1839e-11,1.1852e-10,7.5615e-11
9.7314e-12,1.4549e-10,5.573e-11
1.2566e-11,1.5524e-10,5.348e-11
2.1297e-11,1.6589e-10,4.2836e-11
1.8018e-11,1.4664e-10,7.0212e-11
1.5069e-11,1.5745e-10,6.0218e-11
1.1852e-10,4.146e-11,8.6742e-11
9.6323e-11,4.1665e-11,6.8605e-11
7.2218e-11,4.4516e-11,5.9193e-11
1.2564e-10,5.1538e-11,7.5532e-11
6.2529e-11,4.2519e-11,4.4921e-11
7.2603e-11,3.7139e-11,4.6815e-11
7.6229e-11,3.2131e-11,8.472e-11
4.9124e-11,3.595e-11,3.73e-11
5.3524e-11,2.0459e-11,6.9234e-11
3.9534e-11,3.7393e-11,4.6952e-11
4.2079e-11,4.6051e-11,2.9874e-11
7.1861e-11,4.0879e-11,3.6665e-11
6.7531e-11,3.134e-11,2.6339e-11
6.8813e-11,3.0293e-11,2.4434e-11
3.8865e-11,5.9208e-11,2.4871e-11
7.2203e-11,3.7655e-11,2.5887e-11
7.013e-11,3.64e-11,2.1194e-11
4.0251e-11,5.0752e-11,1.2644e-11
5.0595e-11,1.1053e-10,7.8058e-11
4.5964e-11,1.0672e-10,7.1777e-11
4.7584e-11,4.4049e-11,1.0493e-11
3.3182e-11,1.1658e-10,6.0994e-11
4.0671e-11,6.9059e-11,2.0052e-11
4.5533e-11,6.729e-11,1.5562e-11
1.5669e-11,9.15e-11,8.4325e-11
1.8556e-11,1.0618e-10,6.732e-11
1.7485e-11,1.4833e-10,4.6265e-11
1.6574e-11,1.5942e-10,5.3933e-11
1.4392e-11,1.922e-10,5.2208e-11
1.0497e-10,4.4389e-11,7.8352e-11
6.3602e-11,4.507e-11,5.0795e-11
1.0828e-10,4.1547e-11,7.0413e-11
1.2169e-10,4.8545e-11,7.5967e-11
8.206e-11,5.5123e-11,8.2977e-11
5.9791e-11,3.0507e-11,7.4435e-11
6.433e-11,3.3671e-11,3.3706e-11
5.5244e-11,3.788e-11,3.352e-11
5.3088e-11,3.3475e-11,6.9139e-11
9.905e-11,6.7447e-11,4.8682e-11
4.5697e-11,4.4185e-11,3.6459e-11
3.8271e-11,3.0659e-11,4.8895e-11
6.5692e-11,4.8941e-11,7.8609e-11
3.1329e-11,6.4369e-11,3.8507e-11
3.1288e-11,7.5043e-11,2.4563e-11
4.478e-11,3.7777e-11,1.7915e-11
4.1127e-11,4.6344e-11,1.921e-11
3.3121e-11,6.1492e-11,2.3419e-11
4.4675e-11,7.9914e-11,1.0373e-10
6.1733e-11,3.0458e-11,1.926e-11
4.0102e-11,5.5052e-11,1.4512e-11
3.3209e-11,7.906e-11,3.1942e-11
4.4376e-11,5.2001e-11,1.2597e-11
4.2276e-11,3.6846e-11,1.0823e-11
2.791e-11,1.1987e-10,5.8615e-11
4.2463e-11,6.2191e-11,1.5877e-11
2.3086e-11,9.276e-11,7.7953e-11
5.0429e-11,1.0018e-10,1.8239e-11
1.5305e-11,1.4457e-10,5.2879e-11
1.2043e-10,3.9722e-11,8.9851e-11
8.8395e-11,4.392e-11,7.6306e-11
8.9013e-11,4.4804e-11,6.4992e-11
9.8855e-11,3.8282e-11,6.5309e-11
7.1849e-11,3.2719e-11,4.7418e-11
4.2697e-11,4.1564e-11,3.2899e-11
4.2227e-11,4.11e-11,3.4872e-11
4.5449e-11,3.3539e-11,3.6227e-11
4.5805e-11,1.8202e-11,5.6928e-11
7.8283e-11,3.6454e-11,3.1906e-11
6.3434e-11,7.5463e-11,9.9481e-11
5.7177e-11,3.3912e-11,7.3077e-11
5.198e-11,2.4218e-11,5.9208e-11
6.311e-11,8.8923e-11,8.2584e-11
2.9778e-11,7.1773e-11,4.4942e-11
3.1415e-11,6.5811e-11,1.8444e-11
5.5074e-11,1.0244e-10,8.2032e-11
3.7154e-11,5.2488e-11,4.9651e-11
4.7955e-11,7.7128e-11,8.2358e-11
4.9e-11,8.069e-11,8.055e-11
3.4932e-11,7.5837e-11,7.673e-11
3.4489e-11,8.0404e-11,3.0187e-11
2.8773e-11,9.7413e-11,7.3094e-11
1.4857e-11,1.4259e-10,4.8225e-11
1.887e-11,1.5055e-10,3.9038e-11
1.2901e-11,1.479e-10,4.6341e-11
1.2945e-11,9.5333e-11,7.0855e-11
1.8947e-11,1.5558e-10,4.7074e-11
1.7878e-11,1.4839e-10,5.1265e-11
1.03e-10,4.0199e-11,7.4984e-11
1.1526e-10,3.7974e-11,8.4016e-11
7.6641e-11,4.1312e-11,5.4071e-11
6.9547e-11,4.4163e-11,5.7417e-11
6.9943e-11,3.4385e-11,4.9633e-11
6.2989e-11,3.3774e-11,6.7525e-11
5.0779e-11,4.7971e-11,4.0044e-11
8.1195e-11,6.3111e-11,9.2023e-11
5.9494e-11,3.5765e-11,3.2203e-11
6.1742e-11,5.7703e-11,7.5468e-11
4.3507e-11,4.969e-11,2.9248e-11
4.048e-11,4.4624e-11,3.3085e-11
6.6019e-11,7.6862e-11,9.1052e-11
6.7771e-11,7.9137e-11,9.7482e-11
6.072e-11,6.6681e-11,6.9738e-11
3.7849e-11,4.5101e-11,2.7675e-11
9.2482e-11,5.0428e-11,3.1813e-11
4.158e-11,2.392e-11,4.7293e-11
3.4642e-11,2.7378e-11,5.8956e-11
3.3586e-11,5.312e-11,5.3563e-11
7.0547e-11,3.2386e-11,2.2581e-11
6.7675e-11,5.7625e-11,6.632e-11
4.1418e-11,4.5233e-11,2.1666e-11
5.453e-11,4.0152e-11,6.2722e-11
3.0752e-11,8.2369e-11,5.9715e-11
4.5903e-11,7.714e-11,1.0147e-10
3.0306e-11,6.4851e-11,2.5817e-11
2.8431e-11,8.5966e-11,4.3796e-11
3.8286e-11,4.9568e-11,1.471e-11
4.2269e-11,8.3524e-11,2.5404e-11
3.3935e-11,7.2244e-11,1.5116e-11
2.6901e-11,9.1067e-11,7.4252e-11
2.5969e-11,1.0263e-10,5.7598e-11
1.8639e-11,7.4262e-11,7.2747e-11
2.4293e-11,1.1441e-10,5.2824e-11
4.5838e-11,1.0086e-10,2.6716e-11
4.6739e-11,9.1777e-11,1.5651e-11
1.2426e-11,1.3489e-10,4.5223e-11
1.4751e-11,9.9791e-11,5.8343e-11
1.8122e-11,1.4822e-10,4.5008e-11
1.7029e-11,1.6095e-10,4.3536e-11
1.1247e-11,1.5518e-10,3.7577e-11
9.0529e-11,3.9917e-11,7.113e-11
8.0836e-11,4.382e-11,6.1261e-11
8.8535e-11,3.8334e-11,8.1397e-11
7.7721e-11,3.3667e-11,6.0709e-11
1.0964e-10,4.1373e-11,6.5256e-11
5.5886e-11,4.256e-11,4.6941e-11
1.0777e-10,5.6057e-11,7.3177e-11
4.7801e-11,4.3792e-11,4.5974e-11
6.6697e-11,5.3287e-11,7.9994e-11
4.9423e-11,3.7899e-11,4.153e-11
6.3449e-11,2.4935e-11,3.2682e-11
6.0725e-11,4.135e-11,6.4242e-11
4.3373e-11,3.3503e-11,3.6266e-11
5.8052e-11,3.423e-11,7.1222e-11
4.9152e-11,1.9712e-11,6.1233e-11
5.3321e-11,3.1588e-11,6.6315e-11
5.4558e-11,6.5511e-11,7.4143e-11
5.2118e-11,2.4707e-11,5.9349e-11
3.5334e-11,5.1407e-11,5.5818e-11
3.4509e-11,4.9641e-11,5.4965e-11
4.2968e-11,7.5877e-11,9.3233e-11
3.6567e-11,4.6809e-11,1.2513e-11
2.9982e-11,8.4025e-11,4.1793e-11
5.7956e-11,2.951e-11,1.4649e-11
3.4662e-11,7.7489e-11,6.6109e-11
3.0685e-11,9.4616e-11,6.2712e-11
3.2697e-11,6.4196e-11,7.7199e-11
4.5603e-11,3.9289e-11,1.3382e-11
2.7873e-11,1.2206e-10,6.7322e-11
1.9762e-11,1.2033e-10,4.881e-11
4.3554e-11,9.5524e-11,1.6786e-11
1.9631e-11,7.3057e-11,7.782e-11
8.0395e-12,9.8654e-11,5.1836e-11
5.047e-11,6.4643e-11,1.4157e-11
5.2403e-11,9.4597e-11,2.1071e-11
5.6097e-11,8.9985e-11,1.412e-11
1.7084e-11,1.3707e-10,4.8048e-11
1.2795e-11,8.3201e-11,6.1661e-11
7.6412e-12,1.3528e-10,4.1406e-11
1.9168e-11,1.5874e-10,4.0694e-11
8.697e-11,4.5141e-11,6.7894e-11
8.3296e-11,3.9113e-11,7.2441e-11
8.3307e-11,3.6012e-11,4.9923e-11
7.2713e-11,2.9908e-11,5.5169e-11
1.063e-10,3.8246e-11,6.6806e-11
7.3354e-11,3.8229e-11,7.4411e-11
1.1846e-10,5.174e-11,6.9231e-11
4.8835e-11,4.3121e-11,3.9054e-11
6.4387e-11,3.695e-11,7.3034e-11
4.5224e-11,5.2956e-11,3.4113e-11
5.8188e-11,3.4189e-11,3.86e-11
6.781e-11,3.4307e-11,7.7726e-11
4.2828e-11,4.1552e-11,3.7503e-11
6.705e-11,2.8412e-11,3.1567e-11
6.0809e-11,4.0133e-11,6.366e-11
6.4678e-11,3.022e-11,2.861e-11
4.8248e-11,1.8822e-11,5.7562e-11
3.394e-11,5.1249e-11,2.7312e-11
4.0739e-11,2.4108e-11,6.2959e-11
2.9326e-11,6.9491e-11,3.9395e-11
4.7847e-11,8.4265e-11,8.9947e-11
3.4246e-11,4.6813e-11,1.6741e-11
3.1955e-11,2.8329e-11,4.3924e-11
3.1592e-11,5.3396e-11,1.8678e-11
8.1737e-11,4.8901e-11,2.0944e-11
4.5731e-11,7.2992e-11,6.4758e-11
4.5e-11,7.3039e-11,6.8739e-11
4.2129e-11,5.9052e-11,6.8849e-11
4.498e-11,8.3201e-11,9.4327e-11
4.3566e-11,5.9521e-11,5.5722e-11
3.3447e-11,1.1569e-10,6.8373e-11
2.6091e-11,1.2223e-10,5.1462e-11
2.0995e-11,6.8979e-11,7.8045e-11
2.536e-11,1.1682e-10,5.751e-11
1.231e-11,1.2096e-10,4.5427e-11
4.3831e-11,1.2354e-10,3.9086e-11
1.379e-11,8.5674e-11,5.8905e-11
1.5729e-11,8.1661e-11,7.2396e-11
1.4326e-11,9.0827e-11,6.3512e-11
1.2031e-11,1.4389e-10,3.7409e-11
1.1737e-10,2.8585e-11,9.3709e-11
8.732e-11,4.1177e-11,7.1853e-11
8.9118e-11,3.5092e-11,7.1484e-11
5.5623e-11,2.4678e-11,5.1288e-11
1.0725e-10,5.4232e-11,6.6242e-11
6.5632e-11,3.5649e-11,7.3964e-11
7.032e-11,5.3771e-11,8.4565e-11
5.0388e-11,3.4332e-11,3.707e-11
8.9843e-11,4.0302e-11,4.7633e-11
5.452e-11,2.1276e-11,5.5294e-11
6.7022e-11,5.8981e-11,7.9119e-11
1.0512e-10,5.5066e-11,5.8594e-11
4.6932e-11,2.2757e-11,5.0492e-11
5.78e-11,2.9415e-11,3.1525e-11
7.9955e-11,3.3942e-11,4.1175e-11
5.8365e-11,7.4578e-11,9.0566e-11
3.4502e-11,4.8797e-11,2.1498e-11
6.4504e-11,2.8289e-11,3.0499e-11
3.0572e-11,5.7185e-11,2.6099e-11
3.6226e-11,4.3215e-11,1.8359e-11
3.1268e-11,5.1629e-11,1.7296e-11
4.1611e-11,4.4963e-11,7.3452e-11
7.8027e-11,4.588e-11,2.3125e-11
3.4875e-11,4.5378e-11,4.4423e-11
6.6921e-11,3.7871e-11,2.2713e-11
3.4825e-11,6.5949e-11,2.5443e-11
3.098e-11,1.0278e-10,6.9176e-11
3.2111e-11,9.0136e-11,2.4787e-11
2.5779e-11,1.114e-10,5.8109e-11
5.6888e-11,3.8213e-11,1.4811e-11
6.4966e-11,4.9043e-11,1.3844e-11
1.6759e-11,1.1772e-10,4.8302e-11
1.101e-11,1.2603e-10,3.7972e-11
1.3027e-11,1.2615e-10,4.1987e-11
8.0006e-12,1.2846e-10,3.797e-11
2.046e-11,1.3367e-10,3.4488e-11
1.7321e-11,1.373e-10,3.1562e-11
9.7392e-11,4.5142e-11,8.1584e-11
8.5656e-11,4.2829e-11,7.025e-11
8.3657e-11,3.8625e-11,7.1699e-11
1.0376e-10,3.3956e-11,7.9829e-11
1.0305e-10,3.3061e-11,7.1504e-11
7.4714e-11,3.7853e-11,5.0921e-11
6.5671e-11,2.7424e-11,5.4465e-11
5.1457e-11,4.5281e-11,4.5835e-11
9.3726e-11,3.7636e-11,5.829e-11
1.0814e-10,4.9935e-11,6.5313e-11
9.0798e-11,3.7223e-11,5.001e-11
5.2622e-11,3.7804e-11,4.4394e-11
5.026e-11,2.35e-11,4.0744e-11
5.8184e-11,3.1331e-11,3.3944e-11
6.1218e-11,4.481e-11,7.3797e-11
3.9163e-11,1.8707e-11,4.3469e-11
3.3233e-11,4.9783e-11,2.6624e-11
4.7608e-11,5.658e-11,6.4011e-11
5.233e-11,6.3846e-11,6.8256e-11
4.3176e-11,3.3298e-11,1.8212e-11
2.6748e-11,7.3725e-11,4.1172e-11
4.6611e-11,7.7125e-11,8.2455e-11
3.9636e-11,2.0671e-11,5.7155e-11
3.9463e-11,6.6666e-11,8.7013e-11
3.4515e-11,4.2322e-11,4.9908e-11
3.0822e-11,5.6663e-11,2.0932e-11
7.3854e-11,4.3321e-11,1.9759e-11
4.7994e-11,8.383e-11,9.3726e-11
3.1278e-11,5.2397e-11,1.6446e-11
7.323e-11,3.3288e-11,1.9344e-11
7.8233e-11,4.04e-11,1.6815e-11
3.3228e-11,8.1189e-11,4.0183e-11
3.0922e-11,7.997e-11,6.3244e-11
3.1918e-11,7.362e-11,7.8808e-11
3.0381e-11,7.9438e-11,6.5324e-11
3.2865e-11,6.1242e-11,4.8582e-11
4.0537e-11,8.2833e-11,1.3835e-11
1.9177e-11,1.0306e-10,4.4468e-11
4.0141e-11,8.1044e-11,1.6612e-11
4.1036e-11,1.0217e-10,2.6997e-11
1.9721e-11,7.9841e-11,7.7415e-11
6.6644e-11,4.0633e-11,1.0105e-11
8.34e-12,1.3585e-10,3.5632e-11
1.299e-11,8.3699e-11,5.209e-11
5.7854e-11,5.3405e-11,1.0546e-11
1.066e-10,2.4734e-11,8.7988e-11
8.9292e-11,4.1206e-11,8.1828e-11
6.7341e-11,2.704e-11,5.7166e-11
7.8721e-11,4.5219e-11,8.5433e-11
1.1532e-10,5.3886e-11,7.1241e-11
5.6352e-11,2.6267e-11,5.8976e-11
7.4736e-11,2.717e-11,3.8123e-11
1.046e-10,5.807e-11,5.4879e-11
9.5465e-11,5.4913e-11,5.0902e-11
3.6064e-11,5.892e-11,3.8478e-11
3.4353e-11,4.1358e-11,2.4355e-11
4.7371e-11,6.9589e-11,9.684e-11
4.4704e-11,3.1008e-11,1.9686e-11
7.4773e-11,4.6203e-11,2.685e-11
3.5744e-11,6.8626e-11,6.5859e-11
4.2519e-11,5.7049e-11,5.9021e-11
3.9212e-11,7.3911e-11,8.932e-11
3.6361e-11,6.7442e-11,6.7056e-11
3.9045e-11,6.4495e-11,5.2833e-11
3.5933e-11,7.0676e-11,3.742e-11
2.8993e-11,9.6122e-11,4.3445e-11
3.5672e-11,8.3906e-11,4.8324e-11
5.0506e-11,2.601e-11,1.2521e-11
1.5398e-11,5.2672e-11,6.2003e-11
4.073e-11,1.087e-10,2.862e-11
1.3349e-11,6.3555e-11,6.3925e-11
2.5188e-11,1.0964e-10,4.0188e-11
4.7356e-11,6.3322e-11,1.2547e-11
6.5311e-11,5.312e-11,1.7052e-11
5.0196e-11,9.5139e-11,2.4732e-11
6.3197e-11,4.8428e-11,1.2826e-11
5.6276e-11,3.5007e-11,7.4758e-12
5.5519e-11,4.813e-11,8.4587e-12
5.8957e-11,4.0178e-11,8.0183e-12
1.0293e-11,1.4197e-10,3.7154e-11
9.3964e-11,2.6009e-11,8.4356e-11
9.7014e-11,2.5857e-11,7.8417e-11
9.2871e-11,3.871e-11,7.9729e-11
8.445e-11,3.2217e-11,7.4987e-11
9.7803e-11,3.0842e-11,7.6737e-11
8.8798e-11,3.1386e-11,6.0838e-11
8.8201e-11,3.4224e-11,5.8501e-11
9.2016e-11,4.9063e-11,9.7712e-11
5.5403e-11,3.1201e-11,4.0521e-11
8.3016e-11,4.2383e-11,8.9875e-11
5.5154e-11,3.5913e-11,4.0501e-11
5.1709e-11,3.2707e-11,4.0146e-11
4.7977e-11,3.5753e-11,3.7663e-11
6.8339e-11,2.6856e-11,3.421e-11
9.122e-11,4.9388e-11,5.5547e-11
6.2237e-11,4.3911e-11,7.0987e-11
6.3772e-11,2.651e-11,3.0284e-11
6.7538e-11,3.3445e-11,3.2413e-11
7.0559e-11,3.8929e-11,3.9693e-11
4.4014e-11,2.2502e-11,6.8365e-11
4.2573e-11,3.6571e-11,2.2734e-11
3.5357e-11,2.1557e-11,5.2382e-11
5.4087e-11,2.2031e-11,2.068e-11
7.3039e-11,4.4664e-11,2.358e-11
3.2575e-11,1.9478e-11,4.6284e-11
3.0968e-11,6.9892e-11,4.3734e-11
3.4322e-11,6.1958e-11,5.8693e-11
4.1455e-11,3.6296e-11,1.18e-11
2.7628e-11,4.4824e-11,7.6975e-11
3.2825e-11,8.1683e-11,3.4742e-11
3.6883e-11,8.674e-11,8.5383e-11
6.1782e-11,3.2052e-11,1.2242e-11
2.6533e-11,8.4464e-11,6.3517e-11
3.7808e-11,6.6116e-11,1.5054e-11
1.7489e-11,9.2178e-11,4.6672e-11
2.5822e-11,9.248e-11,8.6261e-11
4.1972e-11,6.0527e-11,1.11e-11
1.1126e-11,1.0337e-10,3.9575e-11
5.8607e-11,3.0811e-11,9.4426e-12
5.2119e-11,3.7857e-11,1.2802e-11
6.6179e-11,5.2249e-11,9.7281e-12
4.4568e-11,8.6287e-11,2.4377e-11
6.2579e-11,4.9055e-11,1.2157e-11
5.5558e-11,5.7084e-11,9.6933e-12
5.956e-12,8.4375e-11,3.5785e-11
1.6778e-11,1.114e-10,3.6246e-11
5.6752e-11,3.2599e-11,7.3443e-12
1.663e-11,7.5352e-11,5.7998e-11
1.08e-10,2.2127e-11,9.1754e-11
7.7237e-11,2.9895e-11,5.4806e-11
6.041e-11,2.9739e-11,4.3972e-11
6.7986e-11,3.4954e-11,7.5878e-11
1.0365e-10,5.1448e-11,6.5765e-11
6.4295e-11,4.9065e-11,7.964e-11
7.5989e-11,3.7358e-11,4.0518e-11
1.0179e-10,4.9913e-11,5.9685e-11
3.6923e-11,4.122e-11,3.2237e-11
6.5163e-11,2.7369e-11,4.1339e-11
4.0866e-11,2.5481e-11,5.12e-11
5.6647e-11,5.6781e-11,7.7895e-11
5.7387e-11,5.6014e-11,7.2037e-11
4.2513e-11,3.2223e-11,5.808e-11
3.2559e-11,5.2547e-11,2.5742e-11
3.394e-11,1.9316e-11,5.313e-11
4.0816e-11,3.9097e-11,6.7739e-11
7.7489e-11,5.0517e-11,2.8503e-11
2.846e-11,3.2404e-11,3.7499e-11
2.9657e-11,4.8407e-11,3.8685e-11
3.5359e-11,1.6936e-11,4.0078e-11
3.0483e-11,3.3819e-11,5.2724e-11
2.4e-11,5.4221e-11,3.4087e-11
3.2421e-11,2.539e-11,6.04e-11
4.131e-11,3.0405e-11,1.687e-11
3.2022e-11,8.5815e-11,5.1707e-11
2.7668e-11,7.7857e-11,5.9213e-11
2.3174e-11,7.2838e-11,5.0119e-11
6.6499e-11,3.0678e-11,1.061e-11
6.7893e-11,3.8013e-11,1.3075e-11
3.7148e-11,7.3224e-11,1.4902e-11
3.9461e-11,1.1253e-10,3.3121e-11
2.1428e-11,9.3354e-11,8.8276e-11
5.8436e-11,2.9977e-11,1.205e-11
4.2073e-11,8.2573e-11,2.3433e-11
4.592e-11,7.4012e-11,1.3087e-11
2.306e-11,9.4222e-11,4.0015e-11
5.3421e-11,3.5079e-11,1.1872e-11
2.0864e-11,1.1149e-10,3.5411e-11
5.594e-11,5.2909e-11,1.0126e-11
1.2717e-11,8.3803e-11,7.2263e-11
5.3001e-11,2.6146e-11,5.7743e-12
5.4717e-11,5.2602e-11,8.407e-12
5.4799e-11,2.7756e-11,1.1113e-11
5.8054e-11,3.7172e-11,1.1063e-11
1.4681e-11,1.2018e-10,3.9899e-11
8.5449e-11,4.0848e-11,7.4657e-11
7.7679e-11,3.331e-11,6.4281e-11
7.925e-11,2.8813e-11,6.1192e-11
7.4646e-11,1.8323e-11,5.348e-11
8.5148e-11,4.8532e-11,9.9073e-11
8.087e-11,3.4226e-11,4.4113e-11
3.426e-11,2.4856e-11,3.7231e-11
5.0522e-11,5.2913e-11,6.9847e-11
4.4855e-11,5.4532e-11,6.0984e-11
2.9753e-11,2.1302e-11,3.2574e-11
4.333e-11,3.559e-11,2.4318e-11
4.0778e-11,3.7687e-11,5.7436e-11
3.5311e-11,5.538e-11,5.9131e-11
3.9276e-11,5.8021e-11,6.115e-11
3.7625e-11,3.8166e-11,5.8144e-11
2.4008e-11,6.5517e-11,2.476e-11
2.7202e-11,4.7195e-11,1.8842e-11
4.9186e-11,2.4353e-11,1.2974e-11
2.5439e-11,6.7311e-11,2.0992e-11
3.8722e-11,3.687e-11,1.4971e-11
3.5729e-11,7.4578e-11,4.2334e-11
2.5783e-11,5.1802e-11,5.8777e-11
2.0922e-11,6.8329e-11,5.0622e-11
1.5834e-11,6.8234e-11,4.2791e-11
5.6749e-11,2.9999e-11,9.3527e-12
3.9327e-11,1.0604e-10,2.552e-11
5.7703e-11,4.9595e-11,1.1287e-11
1.6834e-11,9.7592e-11,3.2799e-11
1.8405e-11,1.1014e-10,2.9067e-11
5.4744e-11,4.9094e-11,8.8523e-12
6.6723e-11,3.2202e-11,6.6408e-11
6.2516e-11,3.1614e-11,6.1186e-11
8.9976e-11,3.1215e-11,7.4386e-11
1.0307e-10,3.4972e-11,7.1952e-11
7.5204e-11,3.2066e-11,5.4483e-11
5.0897e-11,3.3999e-11,4.6079e-11
6.952e-11,3.2796e-11,7.2397e-11
5.0902e-11,3.0119e-11,3.8688e-11
7.0058e-11,2.0164e-11,4.2617e-11
3.2311e-11,4.109e-11,2.3015e-11
3.8214e-11,1.5748e-11,3.8183e-11
5.8529e-11,6.4545e-11,9.5104e-11
5.3612e-11,5.7021e-11,8.3714e-11
3.5345e-11,2.8946e-11,1.7741e-11
2.5379e-11,3.9337e-11,3.9174e-11
3.9342e-11,4.3787e-11,5.0601e-11
2.9093e-11,3.5672e-11,6.0982e-11
3.2914e-11,5.6517e-11,6.4989e-11
3.1808e-11,2.8836e-11,3.2421e-11
4.4964e-11,2.8037e-11,1.3859e-11
2.8919e-11,1.9067e-11,5.8637e-11
3.0785e-11,2.3946e-11,6.1374e-11
3.8829e-11,3.0692e-11,1.2082e-11
3.813e-11,8.0616e-11,8.4828e-11
6.7199e-11,3.0057e-11,1.4237e-11
3.041e-11,6.0162e-11,7.0183e-11
3.1095e-11,1.6802e-11,5.2516e-11
2.3767e-11,6.2069e-11,2.9343e-11
2.7422e-11,5.2353e-11,6.3557e-11
2.658e-11,5.4623e-11,6.1461e-11
2.5147e-11,5.4922e-11,6.4848e-11
3.0301e-11,4.2518e-11,5.7379e-11
6.3545e-11,3.0307e-11,1.2535e-11
3.1395e-11,7.6476e-11,7.408e-11
6.3233e-11,2.5407e-11,1.5068e-11
2.1908e-11,7.5766e-11,5.2562e-11
5.4263e-11,2.9827e-11,1.2217e-11
1.8547e-11,5.0667e-11,5.2507e-11
2.3943e-11,9.1612e-11,4.0831e-11
5.2449e-11,2.5598e-11,7.3428e-12
6.1421e-11,4.2944e-11,1.3016e-11
1.508e-11,9.0802e-11,3.7041e-11
1.8951e-11,8.0041e-11,3.5759e-11
9.2628e-12,6.5644e-11,3.6472e-11
4.844e-11,2.3724e-11,1.081e-11
5.3018e-11,3.5015e-11,8.769e-12
5.2422e-11,3.9781e-11,1.0707e-11
5.0587e-11,5.9921e-11,9.2942e-12
5.2442e-11,5.9309e-11,9.0138e-12
7.1858e-12,7.0505e-11,6.0639e-11
1.6898e-11,9.3219e-11,3.7238e-11
5.454e-11,3.8571e-11,1.0063e-11
8.7468e-11,2.1045e-11,7.4452e-11
1.0022e-10,2.4154e-11,8.0907e-11
6.9406e-11,1.9391e-11,4.3645e-11
3.8649e-11,2.2296e-11,2.6016e-11
6.2126e-11,5.6489e-11,8.4682e-11
2.742e-11,4.7876e-11,2.9266e-11
6.0342e-11,3.4327e-11,3.0194e-11
3.7334e-11,5.7325e-11,5.5984e-11
3.7854e-11,5.715e-11,5.4844e-11
2.6554e-11,4.76e-11,3.1742e-11
2.4878e-11,3.5425e-11,5.415e-11
3.6454e-11,4.3861e-11,2.2634e-11
3.3875e-11,5.3439e-11,6.8871e-11
2.5365e-11,1.7082e-11,5.2005e-11
5.1042e-11,8.6334e-11,8.9658e-11
3.1976e-11,2.5305e-11,5.5218e-11
6.9924e-11,3.7444e-11,1.5058e-11
1.0649e-11,9.1226e-11,4.1922e-11
1.4352e-11,1.04e-10,4.2523e-11
1.7327e-11,9.068e-11,5.0543e-11
5.5123e-11,4.8631e-11,1.0322e-11
5.2047e-11,2.3406e-11,1.154e-11
5.1387e-11,3.2744e-11,8.2037e-12
5.2681e-11,5.3521e-11,9.0486e-12
5.2075e-11,6.0402e-11,1.0541e-11
1.5238e-11,9.9407e-11,2.9302e-11
5.2072e-11,2.5087e-11,6.3076e-12
1.3768e-11,1.0833e-10,3.0203e-11
5.1041e-11,5.6025e-11,1.0114e-11
9.668e-12,1.1499e-10,3.045e-11
7.7523e-12,1.2131e-10,3.194e-11
7.8855e-11,2.7998e-11,6.5395e-11
9.5248e-11,3.2542e-11,6.8386e-11
5.9872e-11,2.6981e-11,4.8509e-11
4.6681e-11,3.533e-11,4.1779e-11
4.9274e-11,2.1687e-11,4.9411e-11
5.6435e-11,4.5684e-11,7.2995e-11
6.0909e-11,5.7313e-11,8.3255e-11
6.1148e-11,2.1399e-11,3.0721e-11
3.1025e-11,2.5176e-11,3.2256e-11
6.129e-11,6.4872e-11,9.4991e-11
3.4289e-11,1.5386e-11,3.1713e-11
4.435e-11,4.8107e-11,7.0639e-11
2.9216e-11,4.8081e-11,3.7354e-11
4.1757e-11,4.712e-11,6.5971e-11
3.8098e-11,2.501e-11,5.0496e-11
3.4585e-11,1.6016e-11,4.9336e-11
2.5296e-11,3.8094e-11,3.8158e-11
5.1106e-11,6.0143e-11,8.2004e-11
3.6125e-11,4.782e-11,5.5705e-11
2.9801e-11,3.6598e-11,6.4794e-11
2.6441e-11,5.6636e-11,4.0671e-11
8.5487e-11,4.5923e-11,2.1351e-11
4.6645e-11,6.8284e-11,8.243e-11
4.5015e-11,2.2516e-11,1.4006e-11
3.2835e-11,5.1085e-11,5.5887e-11
2.5396e-11,4.7751e-11,3.5539e-11
8.1069e-11,3.9078e-11,1.6066e-11
2.5687e-11,4.7035e-11,4.6124e-11
2.7533e-11,7.0901e-11,4.5895e-11
2.1871e-11,6.4822e-11,4.5108e-11
1.3257e-11,4.7806e-11,4.0156e-11
4.895e-11,2.6099e-11,7.0878e-12
1.9524e-11,6.9673e-11,5.2231e-11
5.1871e-11,2.6041e-11,8.236e-12
3.6563e-11,1.0749e-10,2.4972e-11
1.9687e-11,7.9532e-11,3.3821e-11
1.6882e-11,1.1072e-10,8.0794e-11
1.2225e-11,8.6339e-11,3.4436e-11
8.9303e-12,9.8539e-11,3.3229e-11
1.6747e-11,9.3901e-11,4.3712e-11
5.2206e-11,5.4106e-11,8.3779e-12
9.9542e-12,1.0585e-10,3.2444e-11
5.3034e-11,3.767e-11,9.8574e-12
5.4056e-11,3.8183e-11,1.0743e-11
8.8824e-11,1.6061e-11,8.3226e-11
9.1578e-11,1.8016e-11,8.2698e-11
7.67e-11,2.3058e-11,6.7399e-11
8.3175e-11,2.1223e-11,7.2163e-11
6.4956e-11,4.3979e-11,8.1957e-11
2.3922e-11,5.3324e-11,3.8874e-11
7.9979e-11,4.2715e-11,2.2251e-11
2.683e-11,4.0444e-11,2.9415e-11
4.3338e-11,2.4336e-11,1.8335e-11
2.8865e-11,2.4176e-11,4.9856e-11
6.2193e-11,2.8704e-11,1.912e-11
8.1496e-11,3.9826e-11,1.9305e-11
2.519e-11,6.0167e-11,5.4676e-11
2.5523e-11,5.0651e-11,3.1807e-11
2.5991e-11,5.615e-11,4.5954e-11
3.3312e-11,2.3162e-11,3.9037e-11
1.9657e-11,6.4151e-11,4.4325e-11
3.1871e-11,8.0158e-11,7.4464e-11
5.1185e-11,2.9224e-11,2.1855e-11
1.8026e-11,5.8838e-11,4.0664e-11
2.462e-11,1.1256e-10,8.5613e-11
1.7814e-11,1.1745e-10,8.6058e-11
4.7153e-11,2.5377e-11,1.1095e-11
5.1649e-11,3.3109e-11,1.0064e-11
5.1571e-11,4.0631e-11,1.1294e-11
6.3487e-12,9.4347e-11,2.832e-11
4.9582e-11,2.8178e-11,1.0791e-11
1.1154e-11,8.0468e-11,2.897e-11
9.666e-12,1.0039e-10,2.538e-11
9.0248e-11,1.6354e-11,8.0627e-11
7.3639e-11,1.8711e-11,6.4158e-11
9.7962e-11,2.6922e-11,8.1783e-11
7.8807e-11,2.6627e-11,6.7239e-11
7.6753e-11,2.4621e-11,6.6869e-11
4.7862e-11,2.2701e-11,4.0066e-11
5.2228e-11,3.6902e-11,7.2286e-11
3.8716e-11,1.835e-11,3.1381e-11
5.347e-11,2.0332e-11,2.5979e-11
5.0213e-11,4.8291e-11,6.7512e-11
7.0349e-11,3.5806e-11,3.4579e-11
3.3668e-11,2.7046e-11,3.84e-11
2.7238e-11,2.6142e-11,2.9163e-11
2.4908e-11,2.2847e-11,2.4599e-11
3.0428e-11,2.9653e-11,1.7186e-11
2.4692e-11,4.1263e-11,3.8065e-11
5.2083e-11,2.3261e-11,1.8593e-11
5.0497e-11,2.5299e-11,1.7365e-11
3.0862e-11,4.5993e-11,4.8086e-11
8.186e-11,4.4579e-11,2.5833e-11
5.6128e-11,2.2931e-11,1.7145e-11
2.7939e-11,5.4114e-11,2.9589e-11
9.2662e-11,4.4181e-11,1.9097e-11
2.6522e-11,3.5904e-11,4.9365e-11
2.351e-11,5.6393e-11,2.2354e-11
2.0055e-11,6.1801e-11,2.5566e-11
3.7145e-11,3.7409e-11,1.9099e-11
3.8385e-11,3.5052e-11,1.3947e-11
2.6577e-11,5.4349e-11,4.7559e-11
4.7798e-11,9.8011e-11,8.7539e-11
2.3403e-11,4.9318e-11,4.9264e-11
3.2641e-11,3.6333e-11,4.3511e-11
3.2635e-11,4.62e-11,6.6039e-11
2.7036e-11,1.2055e-11,4.8194e-11
2.9849e-11,5.0717e-11,5.0743e-11
2.2455e-11,6.6818e-11,3.7986e-11
5.797e-11,2.3649e-11,1.1242e-11
2.0672e-11,6.5098e-11,3.9617e-11
2.4576e-11,2.4809e-11,4.694e-11
3e-11,6.7631e-11,2.4046e-11
1.9257e-11,5.8788e-11,5.6782e-11
1.4963e-11,3.6905e-11,3.7216e-11
6.9916e-11,5.1674e-11,1.4017e-11
4.2844e-11,2.3246e-11,1.2667e-11
1.3236e-11,7.3369e-11,5.8863e-11
4.9567e-11,3.5203e-11,1.1137e-11
4.8231e-11,3.4649e-11,1.6445e-11
9.3475e-12,1.1884e-10,7.8587e-11
5.0806e-11,2.9673e-11,1.0713e-11
8.6385e-11,2.2982e-11,7.3775e-11
5.7604e-11,1.4563e-11,5.2147e-11
6.749e-11,2.3286e-11,6.0318e-11
4.4364e-11,2.347e-11,4.0475e-11
7.7676e-11,3.8458e-11,4.9035e-11
4.4676e-11,2.234e-11,3.7351e-11
4.7038e-11,2.1206e-11,3.1808e-11
5.3464e-11,1.7353e-11,3.0839e-11
6.1869e-11,5.4858e-11,8.277e-11
5.13e-11,1.9668e-11,2.4607e-11
2.8944e-11,2.7327e-11,3.0273e-11
3.5952e-11,2.6035e-11,4.1265e-11
2.4859e-11,2.6757e-11,2.2542e-11
2.9187e-11,2.5849e-11,2.1315e-11
3.1814e-11,4.8039e-11,4.5475e-11
3.6519e-11,5.0098e-11,4.9243e-11
3.3768e-11,2.2453e-11,4.611e-11
9.1988e-11,4.0945e-11,2.4666e-11
7.4823e-11,3.9973e-11,2.4232e-11
3.1571e-11,1.8403e-11,4.06e-11
3.6807e-11,3.3007e-11,2.0433e-11
2.664e-11,1.5709e-11,4.4126e-11
2.0544e-11,5.9738e-11,2.5724e-11
2.8444e-11,4.4439e-11,5.1031e-11
2.5488e-11,4.2978e-11,5.1702e-11
2.1851e-11,5.9507e-11,2.1006e-11
5.5293e-11,2.886e-11,1.7424e-11
2.9317e-11,5.1843e-11,2.4191e-11
2.7257e-11,1.6774e-11,5.3772e-11
8.4751e-11,4.3123e-11,1.469e-11
5.4421e-11,2.7144e-11,1.4006e-11
2.1995e-11,5.1053e-11,4.3167e-11
2.0883e-11,4.3531e-11,4.4281e-11
2.0578e-11,4.5925e-11,4.4653e-11
3.238e-11,8.2519e-11,2.0112e-11
1.8935e-11,6.2183e-11,3.7077e-11
2.3734e-11,1.7999e-11,4.3023e-11
3.1635e-11,9.1855e-11,7.4443e-11
5.3568e-11,3.2081e-11,1.3993e-11
2.9201e-11,9.492e-11,3.7937e-11
1.6972e-11,6.8484e-11,3.2475e-11
1.207e-11,7.5073e-11,5.9545e-11
5.6443e-11,5.293e-11,9.3473e-12
9.8008e-12,8.4971e-11,2.5195e-11
1.1069e-11,8.3834e-11,2.7585e-11
2.0986e-11,8.903e-11,2.7457e-11
4.5992e-11,2.4379e-11,8.9784e-12
8.7423e-12,8.1852e-11,6.2714e-11
1.0301e-11,7.1011e-11,3.0329e-11
1.6046e-11,5.0184e-11,4.9773e-11
9.6842e-12,9.5193e-11,2.8404e-11
9.026e-12,4.9557e-11,3.7225e-11
2.2886e-11,9.1058e-11,2.9461e-11
5.9845e-11,1.9282e-11,4.9299e-11
4.511e-11,3.4171e-11,3.5142e-11
4.8461e-11,2.5066e-11,4.3879e-11
7.1395e-11,3.2747e-11,4.4594e-11
4.4455e-11,2.3489e-11,2.9282e-11
3.5313e-11,2.9807e-11,3.5523e-11
3.3956e-11,2.7867e-11,3.5407e-11
3.7435e-11,3.6753e-11,5.0486e-11
2.7698e-11,2.4342e-11,3.0591e-11
4.9268e-11,1.8801e-11,2.4041e-11
2.4366e-11,3.2187e-11,3.5523e-11
5.2752e-11,1.9252e-11,2.8479e-11
5.1625e-11,5.8484e-11,7.9996e-11
2.2115e-11,5.1592e-11,3.6172e-11
3.7041e-11,3.0878e-11,2.3305e-11
3.5067e-11,4.1312e-11,2.1411e-11
2.5344e-11,3.1583e-11,4.9257e-11
2.5094e-11,3.3864e-11,4.6578e-11
2.4117e-11,1.7707e-11,3.7723e-11
1.9103e-11,6.1667e-11,2.4527e-11
2.223e-11,5.2847e-11,3.299e-11
7.3728e-11,3.9694e-11,1.6232e-11
2.7988e-11,5.3681e-11,2.2019e-11
2.5068e-11,4.3637e-11,4.4799e-11
2.4286e-11,5.4505e-11,2.1901e-11
2.3592e-11,4.4718e-11,4.2831e-11
2.8589e-11,4.2779e-11,1.7513e-11
8.1368e-11,3.9419e-11,1.3489e-11
3.2234e-11,2.556e-11,5.1779e-11
2.542e-11,5.528e-11,4.3902e-11
2.3212e-11,4.0551e-11,5.4456e-11
5.8284e-11,2.5809e-11,1.0963e-11
5.8422e-11,2.9907e-11,1.0167e-11
1.4777e-11,6.4587e-11,3.9e-11
2.7149e-11,6.4066e-11,5.8763e-11
3.326e-11,1.2575e-10,8.6414e-11
5.0629e-11,2.7006e-11,8.7928e-12
5.5309e-11,6.026e-11,1.2977e-11
1.0503e-11,6.9199e-11,2.8028e-11
1.4175e-11,6.3214e-11,3.0847e-11
1.0458e-11,8.0458e-11,2.4758e-11
4.6742e-11,6.4016e-11,1.0556e-11
4.8668e-11,3.4922e-11,1.1648e-11
4.4896e-11,2.291e-11,8.0514e-12
4.9834e-11,3.0639e-11,1.0173e-11
4.5625e-11,6.6353e-11,9.0811e-12
1.116e-11,8.3504e-11,2.5606e-11
1.1278e-11,4.1821e-11,4.1298e-11
4.1497e-11,6.104e-11,8.8643e-12
4.1626e-11,6.1518e-11,8.6355e-12
7.8092e-11,1.5503e-11,7.44e-11
8.9078e-11,2.647e-11,7.7319e-11
8.0498e-11,3.9306e-11,8.9627e-11
5.0942e-11,1.8189e-11,3.8208e-11
5.0721e-11,2.1137e-11,4.0174e-11
5.3305e-11,1.9545e-11,3.9999e-11
7.0152e-11,2.8215e-11,4.0103e-11
4.5979e-11,1.8029e-11,2.7911e-11
2.5444e-11,2.795e-11,2.4601e-11
8.2938e-11,4.297e-11,3.545e-11
8.4729e-11,3.965e-11,2.9797e-11
4.5053e-11,2.7071e-11,1.6785e-11
3.1521e-11,1.7644e-11,3.6924e-11
2.3475e-11,3.8987e-11,2.3875e-11
3.189e-11,5.3306e-11,2.4404e-11
4.2393e-11,2.2767e-11,1.5738e-11
3.4797e-11,3.4334e-11,1.8605e-11
5.0384e-11,8.2696e-11,7.7315e-11
3.5882e-11,3.9583e-11,1.8201e-11
2.886e-11,7.1538e-11,6.4742e-11
2.1899e-11,5.7058e-11,4.3857e-11
1.544e-11,3.8217e-11,3.8488e-11
1.4644e-11,5.1997e-11,3.1757e-11
6.6921e-11,4.6847e-11,1.2326e-11
5.5398e-11,5.7552e-11,1.3818e-11
1.8128e-11,6.3442e-11,2.732e-11
5.7088e-11,5.0366e-11,1.0145e-11
5.3736e-11,5.8142e-11,1.1783e-11
4.2592e-11,2.4015e-11,1.0133e-11
9.9814e-12,8.2796e-11,2.3364e-11
4.0794e-11,5.9168e-11,8.4748e-12
6.946e-11,2.2513e-11,7.0374e-11
7.8233e-11,2.156e-11,6.9442e-11
7.8564e-11,4.5751e-11,9.265e-11
4.4542e-11,2.8992e-11,3.9887e-11
5.3842e-11,3.4305e-11,6.5761e-11
4.1326e-11,1.7937e-11,4.5673e-11
3.9191e-11,1.9533e-11,4.128e-11
3.6946e-11,3.6419e-11,2.9031e-11
6.9804e-11,6.4182e-11,8.7007e-11
5.1303e-11,1.9063e-11,2.7052e-11
6.6003e-11,3.4488e-11,4.0219e-11
4.0957e-11,1.7109e-11,2.0947e-11
8.1157e-11,4.4173e-11,3.6477e-11
5.297e-11,5.1918e-11,7.5181e-11
6.5442e-11,3.5567e-11,3.0235e-11
6.7103e-11,3.7655e-11,2.3585e-11
5.2924e-11,5.9762e-11,7.8048e-11
8.5567e-11,3.6903e-11,2.7779e-11
3.0758e-11,2.8666e-11,3.7243e-11
6.4804e-11,3.4495e-11,2.1446e-11
3.1269e-11,3.6698e-11,1.7093e-11
3.0923e-11,2.4986e-11,1.4056e-11
6.6508e-11,3.5029e-11,2.0485e-11
2.0163e-11,6.0498e-11,2.076e-11
4.9151e-11,9.5973e-11,8.3824e-11
7.2571e-11,3.8054e-11,1.3777e-11
2.7502e-11,1.5538e-11,4.2204e-11
8.7269e-11,4.7375e-11,1.541e-11
6.5547e-11,4.262e-11,1.6794e-11
1.8131e-11,3.7981e-11,3.9504e-11
2.5952e-11,6.0451e-11,3.1787e-11
2.3192e-11,5.5823e-11,3.3753e-11
3.9912e-11,2.4186e-11,1.3558e-11
5.8076e-11,5.112e-11,1.7412e-11
2.0801e-11,3.2944e-11,5.0711e-11
2.0434e-11,7.0393e-11,5.5187e-11
1.0762e-11,4.0989e-11,3.7836e-11
1.13e-11,6.6955e-11,3.0072e-11
1.4999e-11,4.6334e-11,3.8088e-11
2.3642e-11,8.3321e-11,3.2132e-11
4.6148e-11,4.7913e-11,1.0059e-11
8.9723e-12,3.6856e-11,3.3739e-11
8.5881e-11,1.958e-11,8.2965e-11
7.6017e-11,1.9722e-11,7.3503e-11
8.3021e-11,3.64e-11,8.6041e-11
7.3357e-11,2.5057e-11,6.34e-11
7.514e-11,3.7991e-11,8.5411e-11
7.1756e-11,4.8125e-11,1.0024e-10
5.1667e-11,1.865e-11,3.1953e-11
4.3138e-11,3.0267e-11,4.9663e-11
8.1178e-11,4.3394e-11,5.1706e-11
4.0339e-11,2.9279e-11,5.1845e-11
4.4825e-11,1.8779e-11,2.617e-11
1.0396e-10,4.2288e-11,3.0421e-11
2.5555e-11,3.4007e-11,3.8395e-11
2.0288e-11,4.4167e-11,2.1694e-11
4.3194e-11,5.4978e-11,6.9839e-11
2.9816e-11,3.8776e-11,4.9152e-11
8.7514e-11,4.1749e-11,2.0847e-11
2.2901e-11,2.3283e-11,6.3943e-11
3.5404e-11,2.2594e-11,1.7984e-11
2.4243e-11,3.2925e-11,4.5194e-11
2.8894e-11,4.1184e-11,3.8384e-11
8.3213e-11,4.6297e-11,1.6022e-11
4.9467e-11,2.8534e-11,1.1877e-11
2.2772e-11,5.2329e-11,4.0053e-11
6.6378e-11,4.7737e-11,1.8303e-11
2.6992e-11,5.2477e-11,3.4321e-11
2.7372e-11,3.5387e-11,3.7579e-11
6.3775e-11,3.9675e-11,1.039e-11
5.4205e-11,3.5819e-11,9.5825e-12
2.13e-11,1.4276e-10,8.3342e-11
5.5778e-11,4.7705e-11,9.8596e-12
4.3546e-11,3.745e-11,1.3223e-11
4.7536e-11,4.3731e-11,1.0947e-11
4.4875e-11,5.3404e-11,1.5347e-11
1.5351e-11,7.3681e-11,2.1665e-11
4.5448e-11,7.2243e-11,1.2421e-11
4.0124e-11,6.5608e-11,1.0704e-11
7.3914e-12,5.2463e-11,2.5226e-11
9.8758e-12,9.8092e-11,6.2776e-11
7.9799e-11,1.4741e-11,8.2259e-11
7.094e-11,1.5746e-11,7.3253e-11
8.6446e-11,3.4746e-11,9.262e-11
6.5403e-11,1.789e-11,6.1192e-11
7.5676e-11,2.7569e-11,7.2584e-11
8.1497e-11,2.0695e-11,7.1296e-11
4.4103e-11,1.9938e-11,4.5011e-11
4.3817e-11,3.2727e-11,4.074e-11
6.6304e-11,1.9531e-11,4.9511e-11
6.8756e-11,2.1239e-11,4.8062e-11
7.6872e-11,3.5378e-11,5.3863e-11
6.8957e-11,4.5312e-11,8.6516e-11
4.2362e-11,1.4373e-11,3.3845e-11
3.5092e-11,1.7792e-11,4.3107e-11
6.0626e-11,2.9355e-11,4.1227e-11
5.5043e-11,1.9953e-11,2.6361e-11
2.8517e-11,2.6844e-11,2.2734e-11
5.6209e-11,4.9444e-11,7.1823e-11
6.2206e-11,6.1086e-11,8.1608e-11
3.0434e-11,1.5936e-11,3.8449e-11
1.0181e-10,4.673e-11,2.5435e-11
6.5651e-11,7.4128e-11,8.9764e-11
2.7551e-11,1.7383e-11,3.9522e-11
3.8364e-11,1.8827e-11,1.8807e-11
8.0945e-11,3.9445e-11,2.9596e-11
2.9183e-11,3.5969e-11,3.7623e-11
8.035e-11,3.643e-11,2.5525e-11
1.8757e-11,2.8266e-11,3.078e-11
2.1794e-11,5.1765e-11,4.2607e-11
2.2054e-11,4.4319e-11,3.3046e-11
3.1182e-11,4.4014e-11,4.5032e-11
3.1694e-11,2.7714e-11,1.6914e-11
3.201e-11,3.3848e-11,1.7059e-11
3.4694e-11,3.2632e-11,1.1973e-11
2.654e-11,5.1053e-11,1.9788e-11
2.5998e-11,3.559e-11,3.98e-11
2.0875e-11,2.1431e-11,4.1412e-11
2.7204e-11,3.7498e-11,3.1702e-11
2.727e-11,4.8512e-11,1.3117e-11
4.9033e-11,2.896e-11,1.083e-11
3.2568e-11,4.1545e-11,2.3445e-11
6.8041e-11,4.2906e-11,1.3639e-11
1.7546e-11,4.8506e-11,4.6731e-11
1.2298e-11,3.4523e-11,3.1589e-11
3.53e-11,1.2086e-10,8.6411e-11
5.7722e-11,2.8695e-11,1.3326e-11
3.3663e-11,1.1442e-10,7.6844e-11
2.6159e-11,5.895e-11,3.9078e-11
1.7955e-11,4.9768e-11,3.795e-11
4.646e-11,2.7579e-11,9.2313e-12
2.3846e-11,1.223e-10,7.9794e-11
2.0395e-11,5.8476e-11,3.3172e-11
4.5246e-11,5.3968e-11,1.3999e-11
4.8289e-11,6.2954e-11,1.2328e-11
1.1956e-11,5.4305e-11,4.3809e-11
2.246e-11,7.1034e-11,2.2478e-11
1.8231e-11,7.7894e-11,2.0645e-11
3.7806e-11,6.2284e-11,9.2318e-12
1.8988e-11,6.8109e-11,2.5676e-11
8.0864e-11,1.4295e-11,7.9887e-11
6.4435e-11,2.682e-11,7.0933e-11
5.5701e-11,2.0468e-11,5.1232e-11
3.4824e-11,2.8829e-11,3.2698e-11
6.0591e-11,1.5983e-11,4.6761e-11
5.2758e-11,1.4671e-11,4.0565e-11
7.4565e-11,3.7256e-11,4.9529e-11
4.3347e-11,2.3573e-11,5.1338e-11
3.518e-11,1.8899e-11,2.2745e-11
4.0052e-11,2.7213e-11,4.9755e-11
4.1894e-11,2.8629e-11,5.1931e-11
3.0717e-11,1.3858e-11,4.3961e-11
3.7963e-11,3.5434e-11,4.8586e-11
2.4082e-11,2.6896e-11,2.6852e-11
9.227e-11,4.2537e-11,3.6898e-11
7.4202e-11,4.0311e-11,3.7372e-11
9.1809e-11,4.2952e-11,3.3788e-11
2.5829e-11,1.7598e-11,3.7571e-11
6.7462e-11,3.4425e-11,3.6468e-11
3.3358e-11,3.6891e-11,5.1329e-11
2.5047e-11,2.6765e-11,3.9342e-11
9.2351e-11,4.4265e-11,2.9798e-11
6.0898e-11,7.8919e-11,8.3059e-11
3.4972e-11,3.6817e-11,5.2191e-11
2.7234e-11,3.3452e-11,4.3832e-11
2.4224e-11,4.2533e-11,3.545e-11
2.5751e-11,3.5648e-11,2.2538e-11
7.4209e-11,4.0228e-11,1.9547e-11
2.4949e-11,4.6172e-11,2.8447e-11
2.9253e-11,1.5026e-11,3.5513e-11
2.5137e-11,1.5638e-11,3.6224e-11
5.3875e-11,3.1876e-11,1.2455e-11
1.1047e-11,3.8148e-11,3.0099e-11
2.9156e-11,3.9264e-11,3.9815e-11
6.3707e-11,4.4452e-11,1.2745e-11
2.3693e-11,5.1043e-11,4.5103e-11
3.9455e-11,2.5971e-11,1.1825e-11
6.6697e-11,5.7651e-11,1.4051e-11
2.689e-11,5.8808e-11,5.0195e-11
1.6165e-11,3.0255e-11,3.3331e-11
4.9261e-11,3.9673e-11,1.3291e-11
4.4351e-11,2.5702e-11,8.3007e-12
4.3836e-11,2.3866e-11,8.5172e-12
1.6571e-11,6.6213e-11,2.0687e-11
4.4991e-11,5.0674e-11,1.1652e-11
1.4583e-11,3.9517e-11,3.1485e-11
1.6615e-11,6.2837e-11,2.9962e-11
4.396e-11,3.3675e-11,1.2046e-11
4.4243e-11,2.4317e-11,1.3155e-11
1.5144e-11,7.9547e-11,2.8388e-11
5.5825e-12,5.1377e-11,2.2067e-11
1.5259e-11,6.975e-11,2.3501e-11
6.4858e-11,1.9759e-11,5.2338e-11
6.9511e-11,2.4521e-11,5.3856e-11
3.7936e-11,2.4588e-11,2.9738e-11
4.5103e-11,1.6112e-11,4.3904e-11
7.9282e-11,3.1761e-11,5.6148e-11
4.3225e-11,3.1899e-11,5.2869e-11
2.7511e-11,1.3805e-11,4.0892e-11
2.4593e-11,1.766e-11,3.5006e-11
3.2935e-11,2.0321e-11,1.8361e-11
6.0468e-11,6.6586e-11,8.1727e-11
3.5102e-11,3.5003e-11,4.6956e-11
6.6584e-11,7.909e-11,9.2549e-11
3.0062e-11,3.1077e-11,4.0641e-11
1.8499e-11,4.8482e-11,2.063e-11
3.2983e-11,3.0871e-11,2.1036e-11
2.985e-11,3.2068e-11,4.512e-11
2.3631e-11,2.9631e-11,4.0789e-11
1.9754e-11,4.681e-11,3.0085e-11
4.9273e-11,2.3291e-11,1.2542e-11
5.6201e-11,3.0324e-11,1.4541e-11
4.3599e-11,1.0883e-10,8.5356e-11
2.5411e-11,5.3438e-11,4.6981e-11
3.1005e-11,6.0376e-11,5.4111e-11
1.5907e-11,4.7253e-11,3.7222e-11
1.8185e-11,3.0276e-11,3.758e-11
5.3766e-11,2.416e-11,1.0515e-11
5.2396e-11,2.2423e-11,1.3643e-11
2.5667e-11,6.6238e-11,2.5427e-11
3.1395e-11,7.9662e-11,4.8365e-11
1.9585e-11,5.3884e-11,3.0775e-11
3.7008e-11,2.7209e-11,1.1115e-11
1.5784e-11,4.8251e-11,2.4615e-11
2.798e-11,1.367e-10,8.5261e-11
2.3747e-11,3.9843e-11,3.5866e-11
4.91e-11,3.6299e-11,9.5669e-12
1.9743e-11,5.5372e-11,2.7906e-11
2.6268e-11,6.1642e-11,2.2269e-11
1.0333e-11,3.8765e-11,3.6094e-11
4.2927e-11,2.26e-11,5.8551e-12
3.896e-11,7.8663e-11,1.2029e-11
4.291e-11,3.4353e-11,1.225e-11
3.6935e-11,5.8384e-11,9.5459e-12
8.3345e-11,2.914e-11,7.9895e-11
6.976e-11,2.9452e-11,6.0819e-11
5.7694e-11,1.4672e-11,5.7748e-11
5.1376e-11,2.1624e-11,5.9641e-11
5.8539e-11,1.6849e-11,4.4446e-11
3.1693e-11,1.8484e-11,2.4148e-11
2.5788e-11,2.9491e-11,2.3146e-11
4.722e-11,1.3728e-11,2.9229e-11
8.7842e-11,4.5292e-11,3.53e-11
8.3225e-11,4.1412e-11,3.5087e-11
9.8847e-11,4.1271e-11,3.6528e-11
2.3879e-11,1.0885e-11,3.5828e-11
9.8022e-11,4.7502e-11,3.5437e-11
2.5374e-11,2.7876e-11,3.6582e-11
6.4246e-11,7.1408e-11,8.2381e-11
6.2777e-11,7.6205e-11,8.1332e-11
1.6591e-11,2.8463e-11,3.0413e-11
3.9394e-11,2.6812e-11,1.5276e-11
4.4214e-11,2.1496e-11,1.6702e-11
2.6463e-11,3.1274e-11,4.5767e-11
5.8389e-11,3.4268e-11,1.7008e-11
4.497e-11,2.1062e-11,1.4009e-11
8.2011e-11,4.5033e-11,1.967e-11
3.035e-11,2.8727e-11,1.5618e-11
2.4812e-11,4.8483e-11,4.2502e-11
3.8963e-11,1.8252e-11,1.4379e-11
7.245e-11,4.5221e-11,1.5614e-11
4.8767e-11,2.4724e-11,1.0588e-11
5.3453e-11,3.3898e-11,1.555e-11
6.4283e-11,4.3028e-11,1.2207e-11
1.7502e-11,1.7789e-11,3.6236e-11
1.3625e-11,3.1782e-11,2.6494e-11
2.7258e-11,9.4413e-11,3.3636e-11
3.7638e-11,2.1003e-11,1.174e-11
5.5331e-11,5.2625e-11,1.4412e-11
2.2398e-11,1.7017e-11,3.9788e-11
2.1491e-11,3.3083e-11,3.2449e-11
1.5451e-11,4.0794e-11,2.418e-11
2.6265e-11,6.5941e-11,6.4569e-11
1.613e-11,4.5857e-11,3.0022e-11
9.8839e-12,4.0943e-11,3.526e-11
4.1648e-11,5.1975e-11,1.2344e-11
4.1009e-11,2.2053e-11,7.2869e-12
4.0592e-11,4.2148e-11,1.2155e-11
2.2689e-11,7.3316e-11,4.9634e-11
4.2483e-11,2.1344e-11,1.9147e-11
1.3685e-11,5.5247e-11,2.4567e-11
3.4211e-11,6.5646e-11,9.8346e-12
2.9863e-11,5.2747e-11,4.3516e-11
8.0888e-11,8.9225e-12,8.3158e-11
7.4979e-11,2.1379e-11,7.5569e-11
7.8662e-11,3.3289e-11,8.7837e-11
6.6925e-11,1.5696e-11,5.831e-11
4.1329e-11,1.0691e-11,3.6358e-11
5.1707e-11,2.5412e-11,5.7347e-11
3.6586e-11,1.3594e-11,3.8916e-11
6.979e-11,3.8012e-11,4.0821e-11
6.8478e-11,3.6241e-11,3.9608e-11
4.4377e-11,2.5425e-11,3.137e-11
9.9273e-11,4.4298e-11,3.7483e-11
5.6774e-11,3.2458e-11,2.9359e-11
6.1755e-11,3.6647e-11,2.5788e-11
6.9514e-11,3.3509e-11,2.6324e-11
3.3104e-11,1.3933e-11,1.9228e-11
1.8151e-11,4.3296e-11,2.308e-11
2.3454e-11,2.9632e-11,2.9144e-11
3.4457e-11,3.6588e-11,5.1581e-11
5.4152e-11,3.2361e-11,1.9821e-11
2.7241e-11,3.0188e-11,4.0656e-11
2.0295e-11,2.7648e-11,2.4091e-11
5.3748e-11,7.9769e-11,7.5615e-11
7.9587e-11,4.452e-11,2.4187e-11
3.8547e-11,5.7193e-11,5.646e-11
5.6809e-11,3.1758e-11,1.5128e-11
1.6298e-11,1.3198e-11,4.0448e-11
6.4095e-11,3.0772e-11,1.8206e-11
2.068e-11,3.91e-11,4.4201e-11
3.2178e-11,3.4409e-11,1.856e-11
3.0063e-11,4.06e-11,4.1777e-11
4.8715e-11,3.4461e-11,1.7901e-11
5.1241e-11,3.5573e-11,1.8218e-11
4.2689e-11,9.3211e-11,7.5043e-11
2.0165e-11,2.6703e-11,2.3456e-11
1.7824e-11,2.7102e-11,4.2427e-11
1.5001e-11,2.3264e-11,4.3198e-11
5.3785e-11,5.8733e-11,1.5715e-11
4.7673e-11,3.5465e-11,1.1035e-11
1.9163e-11,1.1746e-10,6.7367e-11
1.5812e-11,2.9225e-11,2.6939e-11
4.1875e-11,2.5211e-11,7.8421e-12
1.5722e-11,1.352e-10,7.2458e-11
1.3665e-11,6.3192e-11,2.1973e-11
3.5231e-11,7.892e-11,1.3933e-11
4.2452e-11,2.8372e-11,1.069e-11
3.5719e-11,6.0062e-11,1.191e-11
1.2568e-11,7.4181e-11,2.5634e-11
3.814e-11,4.3144e-11,1.2817e-11
4.2903e-11,2.8538e-11,9.8949e-12
3.3832e-11,6.2909e-11,1.2433e-11
4.3927e-11,3.6527e-11,1.1384e-11
1.5719e-11,1.0652e-10,6.1236e-11
1.6728e-11,7.0251e-11,2.9535e-11
2.8448e-11,6.1811e-11,2.3915e-11
1.4072e-11,7.1451e-11,2.6324e-11
7.7457e-11,2.6102e-11,7.5447e-11
4.2061e-11,1.1877e-11,3.8352e-11
6.8449e-11,3.5079e-11,4.8507e-11
3.4067e-11,2.5643e-11,3.4793e-11
7.7079e-11,3.7248e-11,4.4955e-11
8.1032e-11,4.2989e-11,3.8662e-11
3.9111e-11,3.0258e-11,4.3175e-11
2.9378e-11,1.551e-11,5.5818e-11
8.1438e-11,4.2439e-11,3.0841e-11
2.7777e-11,2.8401e-11,3.5787e-11
1.6195e-11,1.5149e-11,4.2971e-11
2.9262e-11,2.2334e-11,1.7551e-11
1.9667e-11,4.3376e-11,3.2412e-11
2.7714e-11,2.7184e-11,1.4454e-11
8.1324e-11,4.9322e-11,2.298e-11
6.3456e-11,3.7116e-11,2.0255e-11
1.7931e-11,2.1987e-11,3.7366e-11
6.3631e-11,3.1495e-11,1.8641e-11
5.4727e-11,2.0892e-11,1.4451e-11
3.1881e-11,3.3878e-11,1.8319e-11
2.4291e-11,5.0235e-11,2.0239e-11
6.1941e-11,4.4062e-11,1.7987e-11
3.0917e-11,4.4536e-11,1.9979e-11
3.8648e-11,1.9024e-11,1.1772e-11
2.1105e-11,1.5764e-11,4.7323e-11
4.1105e-11,2.5835e-11,9.8769e-12
1.3164e-11,4.6806e-11,2.7414e-11
2.1917e-11,4.21e-11,4.0348e-11
2.0335e-11,4.1511e-11,5.5562e-11
3.2608e-11,6.0673e-11,3.3056e-11
2.1109e-11,3.6262e-11,3.5098e-11
5.5357e-11,2.8778e-11,1.2098e-11
1.0304e-11,5.3947e-11,2.6526e-11
4.6188e-11,3.1103e-11,1.1173e-11
5.0991e-11,6.8007e-11,1.3247e-11
3.4982e-11,4.3688e-11,1.2915e-11
4.515e-11,3.3933e-11,1.1821e-11
3.9168e-11,5.9269e-11,1.3157e-11
4.5398e-11,3.9382e-11,1.1211e-11
4.0394e-11,3.8877e-11,1.236e-11
5.2038e-11,4.3791e-11,1.0903e-11
3.6062e-11,6.7453e-11,1.5198e-11
4.0391e-11,5.9835e-11,1.4097e-11
3.2537e-11,8.1804e-11,1.3951e-11
2.6054e-11,6.8282e-11,5.3675e-11
4.2792e-11,3.8769e-11,1.3183e-11
3.267e-11,6.6496e-11,1.1869e-11
7.3781e-11,8.4937e-12,7.1034e-11
5.394e-11,1.4211e-11,5.2274e-11
6.6843e-11,1.3624e-11,6.2922e-11
4.9908e-11,1.0043e-11,4.4923e-11
4.5776e-11,1.2694e-11,4.2965e-11
5.8251e-11,1.7126e-11,5.3241e-11
6.3962e-11,4.673e-11,7.1058e-11
5.7978e-11,4.8131e-11,6.9939e-11
5.38e-11,2.4519e-11,3.924e-11
4.0589e-11,3.5304e-11,5.4905e-11
5.9591e-11,3.2826e-11,4.0806e-11
2.3858e-11,1.7235e-11,3.162e-11
6.8958e-11,3.4838e-11,2.9305e-11
6.2863e-11,2.9571e-11,3.0864e-11
1.9811e-11,1.5947e-11,2.6723e-11
6.5702e-11,6.5616e-11,8.4558e-11
1.7977e-11,4.5595e-11,2.4823e-11
1.7034e-11,2.3611e-11,4.5493e-11
3.621e-11,2.2305e-11,1.7054e-11
1.9011e-11,2.5861e-11,1.9641e-11
1.7557e-11,2.4798e-11,4.0212e-11
1.669e-11,1.943e-11,3.9878e-11
4.4296e-11,1.839e-11,1.4282e-11
2.4876e-11,3.566e-11,3.8652e-11
5.1262e-11,2.3579e-11,1.4154e-11
2.7402e-11,3.3991e-11,4.094e-11
3.1148e-11,3.0282e-11,1.7115e-11
6.1774e-11,4.8595e-11,1.8304e-11
2.9991e-11,4.8177e-11,4.3203e-11
1.5522e-11,3.2518e-11,3.3134e-11
2.6582e-11,5.6129e-11,1.8272e-11
2.615e-11,1.9196e-11,3.0043e-11
4.1217e-11,3.4105e-11,1.2735e-11
2.0677e-11,4.9618e-11,4.2315e-11
2.4313e-11,6.0466e-11,4.9259e-11
3.5007e-11,6.6785e-11,1.1579e-11
1.2207e-11,3.3942e-11,2.0537e-11
4.0535e-11,2.4622e-11,8.5353e-12
1.3662e-11,5.6977e-11,4.059e-11
4.4199e-11,2.9301e-11,1.2852e-11
6.2432e-11,1.5978e-11,6.2777e-11
5.53e-11,1.3794e-11,4.9219e-11
5.7685e-11,2.0057e-11,5.2936e-11
5.9785e-11,2.9675e-11,6.6809e-11
5.3735e-11,3.0967e-11,6.6908e-11
3.8107e-11,2.1652e-11,4.1996e-11
4.8159e-11,1.3693e-11,4.2425e-11
4.4981e-11,2.3196e-11,5.3582e-11
4.8538e-11,1.9612e-11,3.428e-11
6.5528e-11,4.7357e-11,7.0466e-11
5.1873e-11,2.0239e-11,4.082e-11
4.7163e-11,4.1223e-11,5.8795e-11
8.5006e-11,3.9395e-11,5.1693e-11
8.3066e-11,3.9362e-11,4.3253e-11
2.3795e-11,1.9062e-11,3.0946e-11
3.47e-11,2.5922e-11,2.7609e-11
8.3609e-11,4.9161e-11,3.6482e-11
2.3056e-11,2.2377e-11,2.7998e-11
5.3596e-11,3.2964e-11,2.6068e-11
2.3341e-11,2.8191e-11,2.7341e-11
1.9235e-11,1.759e-11,2.8365e-11
7.4931e-11,4.3801e-11,2.585e-11
1.8048e-11,3.2228e-11,5.0515e-11
1.7122e-11,3.2419e-11,5.4262e-11
6.9889e-11,3.8756e-11,2.0043e-11
5.5795e-11,2.2744e-11,2.3327e-11
4.7878e-11,8.25e-11,7.0757e-11
2.6257e-11,4.1189e-11,2.1915e-11
2.19e-11,3.6149e-11,3.1612e-11
2.8668e-11,6.6993e-11,2.0172e-11
6.9738e-11,4.9825e-11,1.7756e-11
1.856e-11,6.0666e-11,2.5994e-11
6.0644e-11,5.2436e-11,1.3542e-11
2.8142e-11,5.8539e-11,2.1707e-11
3.9587e-11,2.9372e-11,1.6122e-11
1.4849e-11,5.3442e-11,3.45e-11
3.1556e-11,5.7118e-11,1.9846e-11
2.0377e-11,7.6376e-11,4.7729e-11
1.2354e-11,6.7244e-11,3.0193e-11
8.0569e-12,5.8866e-11,1.7548e-11
4.1929e-11,3.0681e-11,1.1165e-11
1.5378e-11,7.1936e-11,2.5489e-11
4.183e-11,2.2031e-11,9.8346e-12
3.6815e-11,6.0607e-11,1.2493e-11
2.9051e-11,7.5356e-11,1.2777e-11
1.3758e-11,3.6934e-11,2.2038e-11
3.0039e-11,6.5293e-11,1.2229e-11
7.363e-11,1.7383e-11,6.8207e-11
5.4938e-11,1.865e-11,5.8175e-11
5.4032e-11,3.0483e-11,6.6375e-11
7.3164e-11,4.6681e-11,8.9326e-11
3.4111e-11,2.2099e-11,3.2296e-11
4.3581e-11,2.0578e-11,5.0842e-11
3.1574e-11,1.8254e-11,3.0322e-11
5.8917e-11,2.0495e-11,5.0543e-11
7.5696e-11,2.844e-11,6.0575e-11
3.7749e-11,1.2758e-11,3.0633e-11
2.7579e-11,4.4859e-11,3.2312e-11
3.7789e-11,1.089e-11,2.7637e-11
4.5482e-11,2.018e-11,3.4082e-11
7.1025e-11,3.4731e-11,4.2909e-11
3.0665e-11,2.2579e-11,3.7208e-11
2.7702e-11,1.3374e-11,4.5173e-11
7.2995e-11,6.9092e-11,9.0523e-11
7.1133e-11,3.3172e-11,2.5844e-11
3.414e-11,1.3589e-11,1.6778e-11
2.269e-11,2.8991e-11,4.856e-11
2.8169e-11,3.3697e-11,2.8155e-11
1.7689e-11,2.699e-11,4.3828e-11
3.2796e-11,2.6188e-11,2.3599e-11
4.7999e-11,1.0715e-10,8.886e-11
2.3451e-11,7.704e-11,3.0779e-11
4.4098e-11,1.0739e-10,8.2895e-11
2.4928e-11,2.9779e-11,3.7841e-11
2.0547e-11,5.6662e-11,3.562e-11
3.7787e-11,9.2155e-11,7.0163e-11
3.0203e-11,3.0473e-11,1.729e-11
5.0856e-11,5.4352e-11,1.7112e-11
2.2817e-11,4.3467e-11,4.2988e-11
4.9462e-11,4.7755e-11,1.2019e-11
8.3014e-12,4.248e-11,2.4772e-11
2.6084e-11,3.6132e-11,2.8138e-11
1.498e-11,3.0504e-11,2.3635e-11
3.6002e-11,3.5361e-11,1.6725e-11
4.0531e-11,2.4993e-11,1.412e-11
1.318e-11,5.9282e-11,3.0634e-11
3.6341e-11,4.193e-11,1.369e-11
3.8427e-11,2.1124e-11,1.1177e-11
4.0115e-11,2.1812e-11,9.5262e-12
1.6224e-11,1.0471e-10,5.8833e-11
4.0897e-11,3.8748e-11,1.5032e-11
3.4699e-11,5.7224e-11,1.0675e-11
1.0679e-11,3.1837e-11,3.4727e-11
1.596e-11,4.8485e-11,1.9967e-11
6.083e-11,1.4851e-11,6.0564e-11
5.6086e-11,2.7637e-11,5.1879e-11
5.2523e-11,1.2958e-11,4.7957e-11
6.9134e-11,5.1679e-11,7.9448e-11
4.9242e-11,1.9147e-11,3.9177e-11
4.6271e-11,3.4498e-11,5.5774e-11
3.716e-11,1.5854e-11,2.7742e-11
5.1305e-11,3.5668e-11,5.6641e-11
8.5442e-11,3.9243e-11,4.9653e-11
7.8363e-11,3.696e-11,5.1154e-11
6.8865e-11,6.3307e-11,8.071e-11
3.6319e-11,2.7761e-11,4.4277e-11
2.6619e-11,3.5541e-11,2.6308e-11
3.5018e-11,2.1451e-11,4.7446e-11
6.0934e-11,5.2716e-11,7.4711e-11
3.9558e-11,1.9453e-11,2.3323e-11
1.8886e-11,2.3552e-11,3.8116e-11
1.8894e-11,1.6288e-11,3.4297e-11
2.5445e-11,3.7136e-11,2.3151e-11
2.4487e-11,4.6779e-11,3.1499e-11
7.0095e-11,4.0005e-11,1.5712e-11
3.4661e-11,2.6912e-11,1.2094e-11
2.3347e-11,3.9404e-11,4.3677e-11
2.0138e-11,3.3833e-11,3.5928e-11
1.5515e-11,3.1012e-11,2.2971e-11
1.6896e-11,3.445e-11,2.186e-11
1.9622e-11,4.0538e-11,4.0892e-11
4.1591e-11,2.5382e-11,9.8066e-12
2.8945e-11,6.0898e-11,4.3963e-11
2.809e-11,7.0149e-11,6.0898e-11
4.8753e-11,5.5082e-11,1.4407e-11
3.7001e-11,8.2675e-11,1.6149e-11
1.8895e-11,3.5999e-11,2.1706e-11
1.0255e-11,2.3728e-11,2.4233e-11
3.5314e-11,6.1975e-11,1.2445e-11
3.8351e-11,3.9622e-11,1.5867e-11
1.5389e-11,4.0053e-11,2.0338e-11
4.0028e-11,1.9539e-11,9.6277e-12
7.9022e-12,3.1373e-11,2.4113e-11
1.7651e-11,2.7347e-11,2.636e-11
6.5144e-11,1.2196e-11,6.6234e-11
6.966e-11,1.2971e-11,7.5058e-11
7.9684e-11,2.1607e-11,7.4701e-11
6.0043e-11,1.9652e-11,6.0465e-11
5.3554e-11,2.5051e-11,4.8155e-11
6.6084e-11,4.0585e-11,8.2518e-11
4.8437e-11,1.4515e-11,4.2683e-11
3.1002e-11,1.7104e-11,3.246e-11
6.1803e-11,3.4293e-11,4.4976e-11
2.6144e-11,2.6175e-11,4.0696e-11
5.8977e-11,2.9495e-11,3.6516e-11
6.7628e-11,6.2436e-11,8.3264e-11
6.9425e-11,3.1057e-11,2.9303e-11
3.7081e-11,1.4259e-11,1.9455e-11
2.9041e-11,2.4946e-11,1.8721e-11
6.2538e-11,3.4939e-11,2.2778e-11
1.9065e-11,4.3776e-11,1.8172e-11
4.2504e-11,3.9109e-11,5.6834e-11
8.0154e-11,4.9011e-11,2.9717e-11
1.5162e-11,2.9037e-11,3.2601e-11
6.9402e-11,4.6449e-11,3.0026e-11
7.0099e-11,4.8711e-11,2.4388e-11
2.9982e-11,2.2066e-11,1.4074e-11
1.2916e-11,2.8332e-11,3.0806e-11
3.0682e-11,4.5067e-11,1.7344e-11
2.6047e-11,3.9992e-11,4.0161e-11
5.0968e-11,4.5406e-11,1.6695e-11
4.7866e-11,4.8392e-11,1.4367e-11
3.1071e-11,9.8799e-11,6.9722e-11
2.4372e-11,5.5205e-11,2.1345e-11
3.2565e-11,1.1234e-10,7.4718e-11
1.1222e-11,4.0227e-11,3.2993e-11
1.3305e-11,4.1113e-11,2.8445e-11
4.1941e-11,7.745e-11,1.6011e-11
3.8717e-11,4.7517e-11,1.3736e-11
1.6247e-11,5.6232e-11,2.7776e-11
1.4568e-11,4.4704e-11,2.0236e-11
3.969e-11,3.8265e-11,1.6825e-11
2.2252e-11,5.4396e-11,3.265e-11
2.3475e-11,1.1034e-10,6.715e-11
2.6875e-11,6.4344e-11,4.9096e-11
1.0841e-11,3.3816e-11,3.2746e-11
7.1267e-12,5.7767e-11,1.9289e-11
3.2483e-11,5.8417e-11,1.1492e-11
1.1291e-11,2.8767e-11,3.4724e-11
8.9274e-12,2.9819e-11,2.4677e-11
8.4871e-11,1.3729e-11,8.7846e-11
5.4387e-11,1.2859e-11,5.3588e-11
5.8782e-11,3.0546e-11,5.9392e-11
5.2237e-11,1.9306e-11,5.3595e-11
5.6408e-11,1.7776e-11,4.6819e-11
3.2319e-11,1.956e-11,3.5128e-11
6.2881e-11,4.3139e-11,6.9277e-11
2.9105e-11,3.204e-11,3.502e-11
5.8952e-11,2.4628e-11,4.437e-11
4.2915e-11,3.156e-11,5.0617e-11
7.971e-11,3.7182e-11,4.8004e-11
4.0363e-11,3.32e-11,5.3022e-11
7.6124e-11,3.9678e-11,5.8162e-11
4.5795e-11,2.9569e-11,3.2112e-11
5.6978e-11,2.9477e-11,2.4942e-11
6.2159e-11,3.0494e-11,2.7649e-11
1.7136e-11,3.7098e-11,3.9493e-11
2.1591e-11,1.8448e-11,2.0755e-11
1.4776e-11,2.9057e-11,4.3291e-11
1.8624e-11,2.0058e-11,3.3636e-11
5.5057e-11,8.8013e-11,8.5889e-11
3.6473e-11,2.3793e-11,1.5612e-11
3.1215e-11,2.9888e-11,1.8808e-11
5.901e-11,3.1886e-11,1.3105e-11
3.7619e-11,2.9318e-11,1.6745e-11
5.4369e-11,5.4005e-11,1.8749e-11
2.7209e-11,7.3422e-11,3.4549e-11
3.2693e-11,3.1134e-11,1.4512e-11
2.6209e-11,7.2671e-11,3.1291e-11
4.7027e-11,4.4869e-11,1.2881e-11
2.2341e-11,5.3454e-11,4.0086e-11
1.3184e-11,4.8063e-11,2.7336e-11
2.2215e-11,7.4361e-11,4.798e-11
2.0157e-11,3.4196e-11,3.3817e-11
1.1734e-11,3.7477e-11,3.0788e-11
3.5618e-11,4.4595e-11,1.261e-11
2.0784e-11,4.6714e-11,3.1229e-11
2.0615e-11,5.789e-11,2.288e-11
2.392e-11,5.5965e-11,2.0327e-11
1.0611e-11,5.477e-11,1.8465e-11
8.9509e-12,5.9854e-11,2.0257e-11
3.8526e-11,2.5008e-11,1.3151e-11
2.7628e-11,7.408e-11,1.4446e-11
9.7245e-12,4.5032e-11,1.5899e-11
6.8944e-11,1.0326e-11,6.9387e-11
7.0284e-11,9.3631e-12,7.0483e-11
6.8323e-11,2.373e-11,7.0254e-11
6.7976e-11,3.486e-11,8.2993e-11
5.743e-11,2.6156e-11,5.9018e-11
4.9206e-11,1.0916e-11,4.5574e-11
3.7634e-11,9.8005e-12,4.1454e-11
4.3211e-11,1.1591e-11,4.2229e-11
3.7123e-11,1.2279e-11,3.5731e-11
3.7491e-11,1.0548e-11,3.8174e-11
5.0451e-11,1.5362e-11,4.5901e-11
6.8886e-11,5.2375e-11,7.903e-11
2.9077e-11,2.2512e-11,3.068e-11
7.4819e-11,3.9194e-11,4.5115e-11
7.0731e-11,6.2538e-11,7.9946e-11
7.2149e-11,6.1811e-11,8.2753e-11
3.6505e-11,1.7605e-11,2.6132e-11
6.3382e-11,3.2701e-11,4.1864e-11
7.9413e-11,4.8726e-11,6.5263e-11
3.318e-11,1.3224e-11,1.934e-11
8.7363e-11,5.6997e-11,5.424e-11
6.1745e-11,3.0888e-11,3.8891e-11
7.8232e-11,5.3582e-11,4.0864e-11
8.2506e-11,5.7264e-11,4.48e-11
5.8351e-11,5.9802e-11,7.3473e-11
3.995e-11,2.5034e-11,2.6596e-11
3.5199e-11,1.6773e-11,1.8466e-11
7.1542e-11,4.4409e-11,2.938e-11
2.9235e-11,3.3765e-11,4.3542e-11
4.1947e-11,2.1592e-11,2.1112e-11
6.108e-11,3.801e-11,2.1887e-11
5.7061e-11,7.9135e-11,7.6459e-11
2.5739e-11,2.5124e-11,3.9433e-11
5.2936e-11,3.5659e-11,1.7716e-11
2.7307e-11,2.3768e-11,3.6823e-11
1.3787e-11,4.7882e-11,3.5711e-11
3.8722e-11,2.7454e-11,1.7442e-11
5.3334e-11,4.613e-11,2.017e-11
4.7322e-11,8.4309e-11,7.8464e-11
3.2111e-11,4.623e-11,2.8679e-11
6.59e-11,3.4926e-11,1.4617e-11
2.5596e-11,4.5603e-11,1.2866e-11
1.813e-11,3.4603e-11,3.3414e-11
2.0624e-11,1.6858e-11,2.9661e-11
3.4539e-11,3.4886e-11,1.2619e-11
3.7717e-11,3.7927e-11,1.3793e-11
2.4382e-11,2.7115e-11,4.3696e-11
9.8495e-12,3.1435e-11,1.8522e-11
2.4235e-11,7.026e-11,5.0001e-11
2.8167e-11,5.5906e-11,2.9555e-11
1.2429e-11,2.4311e-11,2.6684e-11
1.7539e-11,2.2257e-11,2.1551e-11
4.504e-11,7.8553e-11,1.712e-11
1.2593e-11,4.2502e-11,2.4561e-11
2.273e-11,5.8609e-11,2.4071e-11
2.4209e-11,7.9227e-11,5.0715e-11
3.5249e-11,4.6862e-11,1.121e-11
2.5321e-11,5.8434e-11,4.4499e-11
1.2342e-11,4.9835e-11,1.646e-11
3.9338e-11,2.6674e-11,1.025e-11
1.9872e-11,2.8261e-11,3.1875e-11
3.6732e-11,4.0529e-11,1.3716e-11
2.9206e-11,6.2092e-11,1.2662e-11
1.264e-11,5.1857e-11,1.8875e-11
8.053e-11,7.492e-12,8.094e-11
7.6065e-11,8.5759e-12,7.3319e-11
7.5366e-11,6.1917e-12,7.4845e-11
7.6929e-11,1.8518e-11,7.294e-11
6.5849e-11,1.4695e-11,7.2196e-11
7.1933e-11,2.5121e-11,7.5617e-11
5.3749e-11,2.4749e-11,5.9857e-11
5.2269e-11,1.8009e-11,5.2545e-11
5.852e-11,3.1637e-11,7.2742e-11
3.6212e-11,1.794e-11,3.7618e-11
6.5746e-11,2.2351e-11,5.6443e-11
5.2338e-11,1.605e-11,4.4545e-11
4.2511e-11,2.4963e-11,5.2081e-11
3.8484e-11,2.0217e-11,4.9275e-11
6.6012e-11,5.0286e-11,7.6117e-11
2.4057e-11,3.5531e-11,2.3721e-11
3.1825e-11,1.8041e-11,2.0628e-11
7.8482e-11,5.316e-11,6.355e-11
2.0903e-11,3.0044e-11,3.1289e-11
8.1976e-11,5.9904e-11,4.6298e-11
5.4527e-11,2.7761e-11,2.5654e-11
4.4209e-11,4.1761e-11,5.7661e-11
3.0213e-11,2.8017e-11,4.0651e-11
6.3268e-11,2.9892e-11,2.2083e-11
3.1151e-11,1.8383e-11,2.1287e-11
2.866e-11,2.6976e-11,4.0014e-11
1.6218e-11,3.6226e-11,4.1266e-11
4.1175e-11,2.905e-11,2.0336e-11
6.1949e-11,3.8358e-11,2.4133e-11
5.6516e-11,3.4367e-11,2.167e-11
2.2708e-11,6.0209e-11,4.3607e-11
1.921e-11,1.0723e-11,2.4176e-11
1.4656e-11,2.9079e-11,4.4319e-11
1.6502e-11,4.1709e-11,3.1871e-11
3.06e-11,6.0412e-11,2.7926e-11
2.2148e-11,6.2399e-11,3.0651e-11
1.8081e-11,5.6211e-11,4.6497e-11
2.4981e-11,6.4362e-11,4.5739e-11
2.2515e-11,2.5886e-11,3.2019e-11
5.0022e-11,6.4354e-11,1.7066e-11
1.4901e-11,3.0897e-11,4.0978e-11
2.114e-11,3.9208e-11,4.6194e-11
1.5558e-11,1.1986e-11,3.0926e-11
3.756e-11,4.5965e-11,1.6061e-11
3.6234e-11,3.7243e-11,1.0685e-11
3.3993e-11,6.711e-11,1.3939e-11
1.2548e-11,5.6253e-11,2.2379e-11
3.5473e-11,3.561e-11,6.8718e-12
3.8657e-11,2.7062e-11,1.3087e-11
2.7826e-11,1.0341e-10,6.6552e-11
1.4687e-11,5.442e-11,1.6864e-11
1.4869e-11,6.0101e-11,2.4044e-11
1.8313e-11,5.7989e-11,2.077e-11
4.7989e-11,5.7575e-11,3.235e-11
7.7427e-11,7.8395e-12,7.8427e-11
6.1666e-11,1.6224e-11,6.0812e-11
4.8775e-11,8.8359e-12,5.3738e-11
5.4169e-11,1.7865e-11,5.3642e-11
4.0431e-11,1.1587e-11,4.5261e-11
5.3957e-11,3.4377e-11,6.9103e-11
2.9422e-11,1.0539e-11,4.1924e-11
3.7671e-11,1.2009e-11,2.835e-11
3.0742e-11,9.9825e-12,2.4765e-11
7.2863e-11,3.314e-11,4.3207e-11
2.1826e-11,3.6277e-11,3.0495e-11
5.8363e-11,3.494e-11,3.4569e-11
7.1678e-11,6.5925e-11,9.1664e-11
2.5582e-11,2.4833e-11,3.2516e-11
2.314e-11,2.2565e-11,3.1467e-11
2.5792e-11,2.165e-11,3.1833e-11
3.586e-11,1.3531e-11,1.7623e-11
2.7616e-11,1.8859e-11,2.3695e-11
1.8907e-11,1.9032e-11,2.8261e-11
6.8295e-11,4.9176e-11,3.1978e-11
1.4868e-11,3.4197e-11,2.6794e-11
6.2363e-11,4.0718e-11,2.1499e-11
1.7641e-11,3.3799e-11,4.3888e-11
3.7447e-11,2.9359e-11,2.0523e-11
2.6996e-11,3.0374e-11,1.4962e-11
4.8446e-11,3.1373e-11,1.5183e-11
2.5777e-11,7.9579e-11,2.2873e-11
1.3172e-11,2.1799e-11,1.8613e-11
3.6523e-11,6.1327e-11,2.9223e-11
1.5205e-11,2.1228e-11,2.2039e-11
3.9451e-11,6.415e-11,1.7598e-11
1.7872e-11,3.213e-11,2.7525e-11
3.5508e-11,3.211e-11,9.5495e-12
3.0213e-11,6.6219e-11,1.3352e-11
1.4942e-11,2.1544e-11,2.5647e-11
2.9138e-11,4.8738e-11,1.2561e-11
1.8876e-11,5.3157e-11,2.3858e-11
2.9354e-11,5.0776e-11,1.2693e-11
4.2481e-11,3.4536e-11,1.1895e-11
1.641e-11,3.5027e-11,3.0798e-11
4.2292e-11,2.7257e-11,1.1719e-11
1.4484e-11,5.796e-11,2.4318e-11
1.2105e-11,4.8146e-11,1.7325e-11
8.7715e-12,2.3877e-11,2.2281e-11
7.8416e-11,9.6368e-12,8.1776e-11
6.7995e-11,2.2149e-11,7.1296e-11
7.0197e-11,2.3777e-11,7.7672e-11
7.2001e-11,3.4465e-11,9.0062e-11
3.4835e-11,1.3448e-11,3.359e-11
5.8691e-11,1.7883e-11,5.0379e-11
6.7635e-11,2.3457e-11,5.794e-11
3.4097e-11,1.7683e-11,3.6488e-11
5.9105e-11,3.7657e-11,7.1115e-11
6.4714e-11,2.4761e-11,5.1841e-11
3.412e-11,1.0129e-11,3.4656e-11
2.817e-11,1.1796e-11,4.0356e-11
4.7154e-11,1.7929e-11,3.6646e-11
7.3576e-11,3.1505e-11,4.825e-11
2.7567e-11,2.0786e-11,2.3596e-11
2.0527e-11,2.4365e-11,2.968e-11
4.9665e-11,4.1193e-11,6.1438e-11
4.6575e-11,3.8351e-11,5.827e-11
5.9705e-11,2.6972e-11,2.2796e-11
3.8303e-11,2.0892e-11,2.2009e-11
1.856e-11,1.7469e-11,2.5388e-11
1.8612e-11,2.3835e-11,2.4756e-11
4.9053e-11,5.9667e-11,6.5015e-11
6.554e-11,5.1848e-11,2.7531e-11
4.2255e-11,2.161e-11,1.5873e-11
6.5749e-11,5.5568e-11,1.8885e-11
2.4144e-11,2.3772e-11,3.5263e-11
5.5203e-11,3.3484e-11,1.576e-11
5.1666e-11,7.0253e-11,7.2832e-11
2.1552e-11,1.2614e-11,3.8688e-11
2.6364e-11,4.1293e-11,4.1935e-11
5.3016e-11,2.7819e-11,1.7779e-11
1.5837e-11,2.1797e-11,2.7761e-11
4.7397e-11,3.8245e-11,1.2804e-11
1.2971e-11,1.3057e-11,2.8228e-11
4.6693e-11,3.5884e-11,1.6494e-11
2.934e-11,3.863e-11,3.9822e-11
1.3462e-11,3.9033e-11,3.2964e-11
1.4205e-11,3.5804e-11,3.432e-11
4.3386e-11,8.4377e-11,2.0727e-11
1.5519e-11,2.326e-11,2.3723e-11
1.6131e-11,5.2492e-11,4.8322e-11
3.1915e-11,4.303e-11,1.2662e-11
1.3262e-11,4.8391e-11,1.767e-11
2.0271e-11,2.0136e-11,2.4643e-11
3.3337e-11,4.7189e-11,1.1491e-11
1.0778e-11,3.0181e-11,2.4395e-11
6.6499e-11,1.0794e-11,7.3902e-11
6.231e-11,9.9846e-12,6.7243e-11
7.0334e-11,2.6015e-11,8.178e-11
4.6052e-11,7.1202e-12,5.0889e-11
6.7625e-11,3.6815e-11,8.2134e-11
4.9298e-11,1.4198e-11,5.591e-11
5.2933e-11,3.0542e-11,5.313e-11
4.4445e-11,1.818e-11,4.165e-11
4.9802e-11,1.109e-11,4.7913e-11
4.704e-11,1.2526e-11,4.2766e-11
4.7267e-11,1.3647e-11,4.1292e-11
3.6653e-11,1.4769e-11,4.2439e-11
4.9385e-11,3.377e-11,5.7035e-11
7.1382e-11,3.1914e-11,4.6493e-11
2.7332e-11,1.6806e-11,3.4707e-11
5.0617e-11,2.6976e-11,3.5291e-11
2.7745e-11,2.4748e-11,3.2143e-11
2.9744e-11,2.329e-11,3.4495e-11
2.8389e-11,2.4962e-11,2.017e-11
3.8615e-11,3.0068e-11,4.4695e-11
6.078e-11,3.4933e-11,2.5221e-11
5.939e-11,4.312e-11,3.1497e-11
4.7779e-11,6.1609e-11,6.2681e-11
1.3582e-11,2.8856e-11,2.7742e-11
5.3615e-11,4.0655e-11,2.1017e-11
1.4992e-11,5.2552e-11,3.1886e-11
2.3306e-11,2.1742e-11,3.0463e-11
5.7131e-11,3.6245e-11,1.5182e-11
1.4409e-11,5.1035e-11,3.0255e-11
4.7981e-11,7.9555e-11,7.711e-11
2.0148e-11,2.7318e-11,3.1464e-11
6.1505e-11,3.5582e-11,1.249e-11
2.063e-11,4.1176e-11,2.2432e-11
4.6502e-11,4.4442e-11,1.5744e-11
2.5748e-11,2.9291e-11,1.0779e-11
3.0125e-11,3.2045e-11,1.1395e-11
1.2343e-11,3.4755e-11,2.9632e-11
1.3281e-11,2.4194e-11,2.4374e-11
3.6906e-11,2.9151e-11,1.4386e-11
2.6385e-11,4.4383e-11,3.7485e-11
2.1783e-11,1.7364e-11,3.5959e-11
3.9072e-11,9.556e-11,7.7501e-11
1.8646e-11,2.1489e-11,3.5725e-11
1.6532e-11,1.4313e-11,2.8764e-11
2.518e-11,4.2969e-11,4.5675e-11
1.5765e-11,3.1747e-11,2.9192e-11
3.5011e-11,4.0572e-11,1.1465e-11
3.4757e-11,3.6905e-11,1.1785e-11
1.9052e-11,1.9013e-11,2.0805e-11
3.6573e-11,2.3418e-11,1.5909e-11
1.9645e-11,4.3509e-11,3.2594e-11
3.2736e-11,5.199e-11,1.2622e-11
3.2511e-11,4.3327e-11,1.2305e-11
6.8343e-11,3.9159e-12,6.7475e-11
5.9917e-11,1.6961e-11,5.8479e-11
6.4337e-11,2.0752e-11,6.7666e-11
6.2324e-11,2.1735e-11,5.4145e-11
6.573e-11,1.9779e-11,5.6965e-11
4.0202e-11,9.6583e-12,3.7554e-11
3.368e-11,1.3762e-11,3.5562e-11
2.7541e-11,1.2965e-11,2.7787e-11
3.7635e-11,1.2489e-11,3.2621e-11
7.3459e-11,3.0255e-11,4.963e-11
7.9068e-11,3.7514e-11,4.8855e-11
5.2459e-11,4.4323e-11,5.7892e-11
2.2273e-11,2.6846e-11,3.0706e-11
6.1351e-11,2.7438e-11,3.5605e-11
1.8238e-11,3.3507e-11,2.3328e-11
4.7901e-11,4.0076e-11,5.9911e-11
5.2732e-11,5.4923e-11,6.5183e-11
2.0523e-11,1.8385e-11,2.749e-11
2.2907e-11,1.9731e-11,2.0675e-11
5.0309e-11,3.2351e-11,2.0319e-11
6.1732e-11,5.5853e-11,2.4073e-11
4.6874e-11,8.662e-11,8.1692e-11
4.8547e-11,5.549e-11,1.5803e-11
2.0481e-11,4.4634e-11,3.5194e-11
9.4907e-12,2.8767e-11,2.0624e-11
1.5003e-11,2.5417e-11,2.507e-11
2.9547e-11,5.1322e-11,2.3214e-11
1.9363e-11,4.0785e-11,3.4164e-11
1.5168e-11,5.2803e-11,3.9848e-11
3.3602e-11,8.2491e-11,2.1426e-11
1.4814e-11,2.7935e-11,2.5591e-11
2.2223e-11,7.9763e-11,5.3464e-11
2.6257e-11,3.879e-11,3.1708e-11
8.154e-11,5.1601e-12,8.0823e-11
7.3582e-11,1.148e-11,7.2626e-11
6.3087e-11,1.1887e-11,6.4757e-11
5.1503e-11,1.1831e-11,5.1014e-11
5.2304e-11,8.4642e-12,5.2073e-11
4.3996e-11,1.1849e-11,4.165e-11
4.4334e-11,2.15e-11,4.2263e-11
3.6895e-11,9.6028e-12,3.4808e-11
3.4702e-11,6.8045e-12,3.3239e-11
4.0112e-11,1.2501e-11,3.5839e-11
2.276e-11,1.5071e-11,2.8511e-11
2.6131e-11,2.1857e-11,2.5972e-11
3.9007e-11,1.6299e-11,2.2614e-11
6.0373e-11,2.6704e-11,3.821e-11
6.639e-11,4.4972e-11,6.1855e-11
2.7304e-11,1.6174e-11,2.4198e-11
7.3847e-11,5.8947e-11,6.0096e-11
3.396e-11,2.6306e-11,3.7677e-11
2.1939e-11,1.3335e-11,2.066e-11
4.9532e-11,4.1348e-11,6.065e-11
2.2316e-11,1.5354e-11,2.6043e-11
5.7145e-11,4.1308e-11,4.6383e-11
5.3968e-11,3.8297e-11,4.2065e-11
4.5869e-11,3.7785e-11,5.6675e-11
3.0007e-11,1.6207e-11,2.236e-11
4.8029e-11,3.1229e-11,1.6809e-11
2.3546e-11,2.8762e-11,2.4757e-11
5.5795e-11,3.8726e-11,1.9894e-11
5.198e-11,3.4323e-11,1.406e-11
4.4713e-11,2.9155e-11,2.138e-11
4.3899e-11,4.1925e-11,1.8991e-11
1.4823e-11,2.0673e-11,2.678e-11
2.0734e-11,3.3048e-11,2.4736e-11
2.2049e-11,3.6964e-11,1.5469e-11
2.3585e-11,4.3443e-11,1.7693e-11
2.5163e-11,4.2176e-11,1.7402e-11
5.148e-11,3.3042e-11,1.6666e-11
1.4175e-11,1.3458e-11,2.5528e-11
1.3167e-11,2.3136e-11,3.3115e-11
4.2327e-11,8.3361e-11,7.2624e-11
5.1612e-11,7.263e-11,1.7486e-11
2.7363e-11,1.8438e-11,3.8852e-11
3.0043e-11,6.5078e-11,5.2815e-11
1.2888e-11,4.4188e-11,2.3551e-11
1.1473e-11,3.2578e-11,3.4693e-11
4.2759e-11,6.7362e-11,1.7264e-11
3.7022e-11,9.3692e-11,7.6048e-11
1.8922e-11,2.7149e-11,2.63e-11
3.392e-11,3.7313e-11,1.4119e-11
3.1449e-11,4.3293e-11,1.3593e-11
2.914e-11,6.4991e-11,1.4336e-11
1.4511e-11,2.2829e-11,2.0384e-11
3.5047e-11,3.306e-11,1.0592e-11
3.1868e-11,2.6845e-11,2.2233e-11
2.6802e-11,6.728e-11,5.0871e-11
3.1276e-11,4.1148e-11,1.461e-11
2.6306e-11,5.3296e-11,1.3119e-11
1.169e-11,3.3246e-11,1.7176e-11
8.0992e-11,8.0929e-12,8.2733e-11
7.3539e-11,1.2568e-11,8.1386e-11
7.2771e-11,1.209e-11,8.099e-11
6.1612e-11,1.5729e-11,6.8638e-11
5.9763e-11,3.229e-11,7.2216e-11
3.9241e-11,1.0125e-11,3.9371e-11
5.491e-11,1.5654e-11,4.7213e-11
3.3391e-11,1.106e-11,3.0326e-11
2.7859e-11,1.6853e-11,3.1186e-11
3.6277e-11,2.1394e-11,4.1538e-11
2.5319e-11,1.4632e-11,2.855e-11
2.6225e-11,1.6537e-11,3.0185e-11
5.6437e-11,4.9076e-11,6.4182e-11
4.6739e-11,2.7022e-11,3.3383e-11
3.9955e-11,3.0993e-11,4.5637e-11
5.3337e-11,2.9211e-11,2.8426e-11
5.0909e-11,2.3832e-11,2.073e-11
4.2536e-11,4.5325e-11,5.0245e-11
6.3153e-11,5.3643e-11,3.1508e-11
5.8984e-11,5.9072e-11,7.4062e-11
4.6973e-11,2.4294e-11,2.3324e-11
2.3452e-11,1.9951e-11,3.927e-11
3.4745e-11,2.3901e-11,2.6419e-11
2.1384e-11,2.0189e-11,1.8552e-11
2.7177e-11,2.6326e-11,3.6766e-11
6.1081e-11,7.1496e-11,2.6838e-11
2.4312e-11,2.1848e-11,3.3534e-11
2.1415e-11,2.0746e-11,4.5413e-11
4.554e-11,2.9749e-11,1.6294e-11
1.9385e-11,4.2098e-11,3.6666e-11
5.5342e-11,5.6362e-11,2.1669e-11
2.1689e-11,1.9848e-11,2.7719e-11
5.2958e-11,8.0652e-11,8.4842e-11
1.3234e-11,2.0101e-11,2.0516e-11
1.7407e-11,2.2907e-11,5.1384e-11
1.9318e-11,2.6345e-11,2.8642e-11
2.9113e-11,3.9024e-11,3.0197e-11
3.148e-11,9.5441e-11,2.8048e-11
2.7895e-11,6.5554e-11,5.3702e-11
3.0169e-11,9.684e-11,2.7726e-11
1.8069e-11,2.5354e-11,2.521e-11
3.0951e-11,4.4244e-11,1.2192e-11
3.0616e-11,4.8419e-11,1.2892e-11
1.9039e-11,3.0721e-11,2.451e-11
1.723e-11,3.8e-11,3.3407e-11
3.2116e-11,7.5794e-11,1.9755e-11
1.4367e-11,3.6671e-11,2.146e-11
1.242e-11,3.6739e-11,2.5253e-11
1.0419e-11,4.0058e-11,1.7259e-11
6.59e-11,8.8047e-11,4.0115e-11
4.1498e-11,6.9812e-11,1.8059e-11
4.3574e-11,3.8418e-11,2.1496e-11
4.8543e-11,1.1418e-10,3.8099e-11
7.9259e-11,1.6823e-11,7.9795e-11
7.3367e-11,1.1419e-11,8.5571e-11
5.9637e-11,1.3922e-11,5.9867e-11
4.6542e-11,1.2261e-11,5.1619e-11
6.4336e-11,1.9099e-11,5.7707e-11
2.9582e-11,1.5627e-11,2.7786e-11
7.6244e-11,4.0662e-11,6.4825e-11
2.719e-11,1.2699e-11,2.9142e-11
2.4911e-11,9.7238e-12,2.0755e-11
2.8208e-11,1.225e-11,2.4281e-11
5.9417e-11,3.3322e-11,5.6982e-11
2.026e-11,1.9473e-11,2.5496e-11
6.3373e-11,5.7264e-11,7.0217e-11
5.7839e-11,5.1837e-11,6.9437e-11
2.7228e-11,3.022e-11,2.9562e-11
4.0581e-11,1.7054e-11,3.3096e-11
5.4875e-11,4.55e-11,4.9084e-11
2.0288e-11,1.4365e-11,2.3536e-11
5.7198e-11,6.0232e-11,8.0243e-11
3.8252e-11,1.6733e-11,2.1676e-11
4.8011e-11,5.5617e-11,5.9728e-11
4.4742e-11,3.3381e-11,2.0718e-11
5.1794e-11,3.1952e-11,1.5731e-11
3.2001e-11,2.944e-11,3.9081e-11
4.1418e-11,3.123e-11,1.4569e-11
5.2218e-11,3.2409e-11,1.2313e-11
1.3249e-11,1.6787e-11,2.5097e-11
1.5067e-11,1.5503e-11,2.1408e-11
2.0857e-11,2.7397e-11,2.9137e-11
1.5613e-11,2.3715e-11,3.8918e-11
4.4664e-11,5.008e-11,1.6565e-11
4.7601e-11,5.7905e-11,1.7897e-11
4.8006e-11,8.3294e-11,2.7507e-11
4.292e-11,5.7428e-11,1.5209e-11
9.837e-12,3.4603e-11,2.0001e-11
2.5112e-11,3.3495e-11,2.5431e-11
3.0624e-11,7.1728e-11,2.1416e-11
8.3618e-12,2.7878e-11,1.7093e-11
8.076e-12,3.8348e-11,3.1762e-11
3.7959e-11,9.3271e-11,7.8643e-11
3.8363e-11,1.0713e-10,4.2044e-11
1.6596e-11,3.0772e-11,2.973e-11
1.208e-11,2.0794e-11,2.0723e-11
1.6996e-11,3.8956e-11,3.1992e-11
3.3771e-11,4.425e-11,1.2948e-11
4.0819e-11,2.3996e-11,1.5187e-11
3.085e-11,2.6685e-11,1.8839e-11
1.4426e-11,2.5989e-11,1.9851e-11
2.6244e-11,7.7655e-11,5.4752e-11
2.5433e-11,5.2891e-11,1.1849e-11
3.46e-11,3.2807e-11,3.1195e-11
1.5716e-11,2.7511e-11,2.513e-11
3.8728e-11,2.2635e-11,9.507e-12
3.7502e-11,2.8336e-11,1.2663e-11
2.9325e-11,2.2746e-11,2.2713e-11
4.2643e-11,7.1767e-11,1.5799e-11
4.3075e-11,5.5971e-11,2.1827e-11
2.5857e-11,2.0847e-11,2.2051e-11
7.3191e-11,5.3693e-12,7.238e-11
7.5647e-11,8.0164e-12,8.0252e-11
7.3929e-11,1.6194e-11,7.4811e-11
7.162e-11,2.2387e-11,7.4627e-11
4.9849e-11,1.7861e-11,5.2862e-11
4.0527e-11,7.9297e-12,4.2798e-11
6.455e-11,1.7327e-11,5.3269e-11
4.0359e-11,1.0352e-11,4.4924e-11
3.3982e-11,1.0186e-11,3.2321e-11
3.0939e-11,9.8277e-12,2.8396e-11
3.9301e-11,2.4388e-11,5.3697e-11
8.997e-11,3.6945e-11,6.4755e-11
3.0557e-11,1.3756e-11,2.9119e-11
3.1925e-11,1.0776e-11,2.9143e-11
6.0885e-11,4.0982e-11,6.6524e-11
2.4178e-11,1.382e-11,3.1103e-11
4.4443e-11,3.8343e-11,5.1814e-11
5.7603e-11,2.5637e-11,3.9525e-11
2.018e-11,1.2363e-11,2.9731e-11
4.7992e-11,2.0305e-11,2.7707e-11
2.5362e-11,1.3908e-11,2.8173e-11
2.0294e-11,1.1905e-11,1.6469e-11
5.5314e-11,5.0774e-11,7.0024e-11
2.2362e-11,1.6862e-11,3.1443e-11
4.2562e-11,3.5135e-11,3.2002e-11
5.1441e-11,4.3823e-11,3.2926e-11
6.1402e-11,5.9944e-11,3.2638e-11
4.6877e-11,3.0496e-11,2.4476e-11
6.1768e-11,7.3024e-11,3.1221e-11
3.9984e-11,2.0566e-11,1.9221e-11
4.7986e-11,6.2583e-11,6.6313e-11
1.9352e-11,2.1267e-11,3.3478e-11
5.181e-11,3.9193e-11,2.1417e-11
5.4617e-11,6.041e-11,2.2712e-11
1.7615e-11,3.7644e-11,4.2067e-11
4.3549e-11,4.2306e-11,1.9901e-11
4.3082e-11,4.6347e-11,1.7116e-11
3.3515e-11,3.5916e-11,3.8788e-11
5.2013e-11,5.6968e-11,1.8664e-11
5.2017e-11,7.0974e-11,1.9697e-11
2.3515e-11,1.6825e-11,3.5983e-11
3.6572e-11,4.8994e-11,1.9884e-11
4.2791e-11,5.7292e-11,1.5403e-11
4.2669e-11,7.8337e-11,2.5e-11
2.0476e-11,2.5559e-11,5.3115e-11
2.7628e-11,3.2662e-11,3.0053e-11
2.5766e-11,4.1128e-11,4.2508e-11
1.889e-11,2.9909e-11,2.4326e-11
1.8986e-11,4.4422e-11,2.3965e-11
5.2606e-11,8.9114e-11,4.1279e-11
2.2666e-11,6.0219e-11,1.5809e-11
2.8819e-11,2.982e-11,2.5457e-11
6.4754e-11,1.5279e-10,4.4782e-11
2.4821e-11,2.2873e-11,2.2503e-11
1.3565e-11,4.5891e-11,2.0957e-11
4.7729e-11,1.0821e-10,2.9592e-11
2.3051e-11,5.4182e-11,1.3662e-11
1.5595e-11,4.6007e-11,1.5556e-11
5.6637e-11,1.0413e-10,4.8468e-11
8.0389e-11,2.0776e-11,8.1461e-11
6.0457e-11,2.545e-11,7.163e-11
4.5616e-11,1.0192e-11,4.4825e-11
3.8112e-11,9.5259e-12,4.1165e-11
5.6156e-11,1.7095e-11,5.1238e-11
3.4825e-11,9.6613e-12,3.2632e-11
7.9441e-11,3.8158e-11,7.3723e-11
2.5083e-11,1.002e-11,2.9067e-11
3.6586e-11,2.551e-11,4.4751e-11
6.5441e-11,5.9282e-11,7.6499e-11
5.0077e-11,2.0343e-11,3.7564e-11
1.9824e-11,2.1075e-11,2.466e-11
5.4661e-11,2.9471e-11,3.064e-11
4.3592e-11,3.5552e-11,5.5626e-11
3.0867e-11,2.3938e-11,3.4736e-11
2.0789e-11,1.4043e-11,1.5343e-11
2.0461e-11,2.6221e-11,2.636e-11
2.0458e-11,1.2487e-11,2.019e-11
4.8701e-11,2.7075e-11,3.1957e-11
4.7226e-11,2.5658e-11,2.7676e-11
4.7417e-11,3.4666e-11,3.9539e-11
5.0912e-11,3.2994e-11,3.2801e-11
4.9832e-11,2.6477e-11,1.8211e-11
5.6301e-11,5.0865e-11,3.1842e-11
4.0611e-11,2.2262e-11,1.9443e-11
3.8796e-11,3.1883e-11,2.6371e-11
4.6694e-11,2.8719e-11,2.1198e-11
4.597e-11,4.1661e-11,2.8455e-11
5.191e-11,6.5124e-11,6.8569e-11
1.4873e-11,3.236e-11,3.0517e-11
4.5596e-11,5.2168e-11,5.6824e-11
3.2021e-11,2.1136e-11,1.7143e-11
5.3443e-11,6.2431e-11,2.3274e-11
1.4335e-11,1.5942e-11,2.3157e-11
5.2726e-11,8.3174e-11,2.7502e-11
2.7244e-11,2.7143e-11,5.4293e-11
2.1207e-11,3.0326e-11,3.8945e-11
4.2233e-11,5.069e-11,1.4618e-11
3.2208e-11,5.7372e-11,5.3823e-11
7.8496e-12,2.6936e-11,1.9907e-11
1.9902e-11,3.2401e-11,2.2841e-11
2.2747e-11,3.2037e-11,3.6885e-11
2.8283e-11,5.7306e-11,5.1778e-11
3.4795e-11,6.2797e-11,1.6307e-11
1.5013e-11,1.995e-11,2.5127e-11
4.5477e-11,8.7762e-11,2.9936e-11
2.923e-11,4.455e-11,1.3097e-11
4.1059e-11,7.9686e-11,2.6571e-11
2.5702e-11,3.3383e-11,1.1635e-11
1.5405e-11,4.2522e-11,1.9484e-11
1.5881e-11,3.4602e-11,3.4977e-11
3.3196e-11,4.3484e-11,1.4292e-11
4.2675e-11,5.6233e-11,3.8326e-11
1.0487e-11,4.4101e-11,1.8992e-11
6.5432e-11,1.0483e-10,4.5035e-11
1.9862e-11,4.2244e-11,2.2742e-11
8.8287e-12,4.4851e-11,1.6639e-11
1.7027e-11,3.6219e-11,1.642e-11
4.482e-11,7.4328e-11,2.2178e-11
7.3517e-11,1.4119e-11,8.4838e-11
6.9553e-11,1.2662e-11,8.1592e-11
6.3531e-11,1.0901e-11,6.7076e-11
3.679e-11,4.6783e-12,3.4643e-11
5.7024e-11,1.5966e-11,4.9792e-11
4.3597e-11,1.6486e-11,3.658e-11
9.2349e-11,3.5804e-11,6.8384e-11
6.3645e-11,4.9018e-11,7.481e-11
4.1009e-11,2.744e-11,5.2679e-11
2.7082e-11,2.5561e-11,3.146e-11
3.1223e-11,1.4012e-11,2.4863e-11
7.0654e-11,3.7043e-11,7.3016e-11
2.2958e-11,1.6103e-11,3.1342e-11
5.4514e-11,3.5324e-11,6.2121e-11
2.7983e-11,1.4187e-11,2.4294e-11
3.4683e-11,2.0045e-11,3.7456e-11
2.2075e-11,1.6166e-11,2.943e-11
4.6656e-11,4.412e-11,5.5927e-11
5.2628e-11,2.509e-11,3.6909e-11
1.8927e-11,1.5777e-11,3.4153e-11
6.0632e-11,5.1523e-11,7.4023e-11
3.8533e-11,1.7419e-11,2.4137e-11
5.1474e-11,4.9363e-11,4.1865e-11
5.7074e-11,5.411e-11,7.289e-11
2.4216e-11,1.5509e-11,1.912e-11
3.9351e-11,3.3929e-11,3.3498e-11
2.6003e-11,1.4382e-11,1.7768e-11
5.6302e-11,5.3169e-11,3.407e-11
2.0273e-11,1.509e-11,3.0942e-11
2.6296e-11,1.7536e-11,2.4563e-11
4.4415e-11,4.0674e-11,3.2441e-11
4.2509e-11,4.5186e-11,5.453e-11
4.0428e-11,3.327e-11,2.1482e-11
5.0734e-11,3.4218e-11,1.8065e-11
3.5341e-11,3.3596e-11,3.9753e-11
2.0478e-11,2.2344e-11,3.2303e-11
4.3676e-11,3.8452e-11,2.0408e-11
5.494e-11,7.0725e-11,7.8172e-11
1.4979e-11,3.376e-11,2.4849e-11
4.0924e-11,5.239e-11,5.6536e-11
4.1802e-11,4.6327e-11,1.5837e-11
1.3851e-11,2.9509e-11,3.7548e-11
1.3168e-11,1.8432e-11,3.2179e-11
1.2725e-11,3.078e-11,3.4567e-11
1.5314e-11,2.9964e-11,4.3269e-11
4.5868e-11,8.0173e-11,2.7488e-11
1.6737e-11,1.4861e-11,2.5788e-11
3.0797e-11,6.925e-11,2.5609e-11
2.7942e-11,4.5776e-11,1.4794e-11
3.3042e-11,2.6571e-11,1.9237e-11
4.6205e-11,1.4619e-10,4.3487e-11
4.9276e-11,9.04e-11,1.9131e-11
3.6637e-11,4.267e-11,1.5571e-11
2.1369e-11,3.4434e-11,3.0609e-11
3.7656e-11,2.7639e-11,1.6395e-11
3.8076e-11,2.9139e-11,1.7313e-11
2.4228e-11,6.1547e-11,1.8165e-11
3.2017e-11,4.1059e-11,1.9818e-11
2.2516e-11,4.8885e-11,1.1795e-11
1.2299e-11,3.7101e-11,1.4418e-11
6.624e-11,1.3155e-11,7.838e-11
6.1844e-11,1.1094e-11,6.1168e-11
4.3861e-11,1.4936e-11,4.2306e-11
4.2225e-11,4.7946e-12,4.1735e-11
4.7788e-11,2.1423e-11,5.1503e-11
4.2819e-11,9.6615e-12,4.8691e-11
3.7661e-11,5.9566e-12,3.5718e-11
3.5854e-11,1.6228e-11,3.6131e-11
4.7562e-11,2.9078e-11,6.1059e-11
5.7902e-11,5.6745e-11,6.2129e-11
1.9853e-11,2.6363e-11,2.6661e-11
1.7496e-11,1.2778e-11,1.9645e-11
3.6754e-11,2.7337e-11,4.296e-11
2.4467e-11,1.8414e-11,1.6875e-11
2.4895e-11,2.069e-11,1.5444e-11
2.8137e-11,1.4605e-11,2.2891e-11
4.3288e-11,3.0864e-11,2.1023e-11
5.4417e-11,6.2042e-11,7.1502e-11
2.8748e-11,2.7028e-11,3.3571e-11
1.7531e-11,1.8677e-11,3.8064e-11
5.6557e-11,6.9126e-11,7.6723e-11
1.4759e-11,3.7099e-11,2.6004e-11
1.5619e-11,2.7504e-11,2.9804e-11
4.6061e-11,4.1126e-11,1.8341e-11
4.9865e-11,5.4075e-11,1.7921e-11
5.2648e-11,5.535e-11,1.6557e-11
4.6807e-11,5.4937e-11,1.7916e-11
4.8206e-11,6.7984e-11,2.0701e-11
1.3863e-11,4.6452e-11,2.4726e-11
1.6377e-11,2.0059e-11,2.1573e-11
1.9137e-11,3.6942e-11,4.2312e-11
3.3574e-11,5.8953e-11,1.5896e-11
1.984e-11,2.459e-11,3.0575e-11
1.1811e-11,2.674e-11,1.8535e-11
2.9867e-11,3.9765e-11,1.8776e-11
2.3826e-11,4.8994e-11,1.4151e-11
3.0181e-11,6.1866e-11,5.443e-11
2.5937e-11,4.984e-11,4.085e-11
1.5438e-11,2.603e-11,2.9942e-11
1.4225e-11,2.0729e-11,2.5403e-11
3.1847e-11,9.142e-11,2.5563e-11
3.3573e-11,4.7501e-11,2.6362e-11
1.2913e-11,4.0486e-11,2.1901e-11
3.5295e-11,3.8186e-11,2.5614e-11
1.6096e-11,3.2135e-11,2.517e-11
1.1599e-11,3.9142e-11,3.5807e-11
2.1921e-11,5.016e-11,1.2513e-11
4.4583e-11,1.1451e-10,5.8207e-11
2.7088e-11,2.6475e-11,2.1575e-11
8.115e-11,2.0881e-11,8.115e-11
7.6028e-11,2.1645e-11,8.0462e-11
6.9287e-11,1.6189e-11,7.0354e-11
6.0865e-11,9.3475e-12,7.2267e-11
5.0625e-11,2.0404e-11,5.6427e-11
4.4575e-11,9.199e-12,5.267e-11
4.1613e-11,1.0708e-11,4.7524e-11
6.0973e-11,4.3278e-11,7.3308e-11
7.4992e-11,3.2339e-11,5.3903e-11
2.7525e-11,1.2867e-11,3.1514e-11
6.4647e-11,3.3111e-11,7.1017e-11
7.3082e-11,5.1437e-11,8.6105e-11
5.4734e-11,4.595e-11,6.3101e-11
2.4112e-11,2.3247e-11,2.4854e-11
3.1047e-11,2.3098e-11,2.9575e-11
2.0998e-11,1.4796e-11,3.1836e-11
4.1908e-11,2.4431e-11,2.7001e-11
4.4932e-11,4.3817e-11,4.2105e-11
2.617e-11,1.939e-11,3.3253e-11
3.1326e-11,2.3552e-11,2.1025e-11
3.3085e-11,1.116e-11,1.5311e-11
2.2067e-11,1.7028e-11,3.0786e-11
3.8975e-11,2.0095e-11,1.9318e-11
1.8361e-11,3.0679e-11,1.6395e-11
3.5747e-11,2.6495e-11,1.9708e-11
5.788e-11,8.0799e-11,3.3308e-11
2.9063e-11,2.1335e-11,1.7262e-11
2.5874e-11,2.0261e-11,2.7583e-11
4.5757e-11,3.142e-11,1.7627e-11
3.3249e-11,2.4708e-11,1.4385e-11
4.4272e-11,4.1227e-11,2.0174e-11
4.5507e-11,5.8393e-11,6.2558e-11
4.9957e-11,8.6385e-11,3.2676e-11
2.931e-11,4.4394e-11,2.8871e-11
1.2208e-11,2.0264e-11,2.4822e-11
1.4601e-11,2.774e-11,3.6592e-11
3.9896e-11,6.2064e-11,2.0758e-11
2.1641e-11,2.2862e-11,2.7432e-11
1.0404e-11,2.9423e-11,2.6477e-11
1.1804e-11,2.1779e-11,1.8806e-11
3.0658e-11,4.5365e-11,1.4846e-11
1.9314e-11,2.9825e-11,2.8337e-11
1.5039e-11,2.6042e-11,2.3624e-11
1.7817e-11,3.2481e-11,1.8973e-11
7.6387e-12,3.3816e-11,1.641e-11
2.9836e-11,8.9693e-11,2.1608e-11
2.8388e-11,6.0293e-11,5.111e-11
2.3377e-11,6.2376e-11,1.9697e-11
2.2254e-11,5.8351e-11,1.9342e-11
4.6448e-11,5.6814e-11,1.8404e-11
3.6277e-11,2.4576e-11,1.4959e-11
6.6876e-11,1.4465e-10,4.7189e-11
4.9566e-11,1.1296e-10,4.4579e-11
7.5657e-11,6.9772e-12,7.9079e-11
7.3406e-11,1.5324e-11,7.5921e-11
6.3752e-11,6.5184e-12,6.4411e-11
6.9665e-11,2.04e-11,7.4019e-11
5.5907e-11,1.1588e-11,5.5546e-11
4.9438e-11,2.801e-11,6.0831e-11
3.546e-11,1.4758e-11,3.0934e-11
3.3187e-11,1.0668e-11,3.8332e-11
3.1778e-11,1.0937e-11,3.2226e-11
2.4079e-11,1.2362e-11,2.3129e-11
3.2055e-11,2.2146e-11,3.8205e-11
4.4011e-11,3.035e-11,5.7175e-11
4.8195e-11,4.1365e-11,5.8078e-11
4.0349e-11,2.3577e-11,3.1031e-11
1.9994e-11,1.5767e-11,3.1052e-11
2.1419e-11,1.6421e-11,2.2684e-11
3.1683e-11,1.6131e-11,2.0475e-11
5.9326e-11,6.2762e-11,7.995e-11
3.0233e-11,1.2456e-11,1.7075e-11
2.1389e-11,1.2789e-11,1.9091e-11
3.9632e-11,2.5485e-11,2.2699e-11
1.2032e-11,1.2373e-11,2.4857e-11
1.5046e-11,1.9031e-11,3.3494e-11
2.8758e-11,2.8115e-11,3.9684e-11
1.5595e-11,2.378e-11,2.1756e-11
4.6169e-11,6.5526e-11,2.2311e-11
4.89e-11,7.3506e-11,7.4263e-11
1.3858e-11,3.7545e-11,3.144e-11
1.5034e-11,3.7076e-11,3.2086e-11
1.2445e-11,4.6773e-11,2.1584e-11
1.0342e-11,2.2332e-11,2.0789e-11
1.2924e-11,3.052e-11,2.0128e-11
2.1619e-11,3.3372e-11,2.6144e-11
1.1937e-11,2.2082e-11,1.6558e-11
3.0575e-11,4.3565e-11,1.4949e-11
1.8126e-11,1.5183e-11,2.8974e-11
1.6458e-11,1.3482e-11,2.8433e-11
2.4645e-11,2.4324e-11,2.4308e-11
1.6868e-11,2.1386e-11,2.3923e-11
1.2664e-11,2.8399e-11,1.771e-11
3.0914e-11,6.1373e-11,1.8042e-11
1.8709e-11,2.6818e-11,2.4627e-11
3.5275e-11,6.6955e-11,5.5325e-11
1.9221e-11,2.3382e-11,2.7561e-11
1.4041e-11,3.2508e-11,4.0248e-11
2.572e-11,3.5255e-11,1.2034e-11
1.5204e-11,3.048e-11,2.3087e-11
2.3551e-11,2.9906e-11,1.6409e-11
2.2834e-11,4.5346e-11,1.7102e-11
2.0456e-11,2.7365e-11,2.7883e-11
7.2115e-11,2.05e-11,7.1832e-11
4.2104e-11,8.0565e-12,5.0517e-11
7.0279e-11,5.0035e-11,8.4854e-11
3.3965e-11,9.8334e-12,4.1021e-11
3.3207e-11,1.4592e-11,3.4172e-11
9.3018e-11,4.2323e-11,7.9498e-11
5.5917e-11,1.9687e-11,5.4131e-11
2.183e-11,9.4898e-12,1.9584e-11
5.1675e-11,1.8283e-11,4.7423e-11
3.2853e-11,2.4627e-11,4.12e-11
3.8219e-11,1.4915e-11,3.8938e-11
2.3394e-11,1.4928e-11,3.5789e-11
2.6971e-11,9.3646e-12,2.3265e-11
3.2881e-11,1.557e-11,2.8311e-11
3.2275e-11,1.4893e-11,3.2042e-11
3.7068e-11,2.123e-11,2.8572e-11
4.7814e-11,3.8345e-11,5.9516e-11
1.7321e-11,1.3442e-11,2.7035e-11
1.9599e-11,1.8965e-11,1.9116e-11
5.228e-11,4.2236e-11,6.4314e-11
5.9321e-11,6.7442e-11,4.7296e-11
2.4239e-11,1.2648e-11,2.1733e-11
3.1409e-11,1.3318e-11,1.6628e-11
2.568e-11,1.9471e-11,2.0687e-11
1.8121e-11,2.7679e-11,1.5352e-11
6.2105e-11,8.7343e-11,4.5498e-11
4.2106e-11,2.5795e-11,1.8031e-11
2.8918e-11,2.5066e-11,3.2302e-11
4.8286e-11,6.0973e-11,2.6455e-11
5.0195e-11,5.9691e-11,6.893e-11
4.1099e-11,2.0374e-11,1.7181e-11
5.1331e-11,7.8324e-11,3.2702e-11
1.8277e-11,1.8424e-11,3.5066e-11
1.0353e-11,2.1903e-11,2.7806e-11
1.4408e-11,3.756e-11,2.3563e-11
2.2897e-11,3.2574e-11,3.4038e-11
1.4807e-11,2.6327e-11,3.1042e-11
1.135e-11,2.616e-11,2.4865e-11
2.2744e-11,2.6383e-11,2.7957e-11
1.988e-11,2.6773e-11,3.8526e-11
4.3097e-11,7.6597e-11,7.047e-11
1.0572e-11,2.4934e-11,1.4735e-11
3.0075e-11,7.3488e-11,2.6717e-11
1.9885e-11,1.9853e-11,3.0783e-11
1.3172e-11,1.1929e-11,2.2539e-11
2.0559e-11,2.4745e-11,2.6047e-11
3.2067e-11,2.5715e-11,1.5752e-11
2.6377e-11,6.3066e-11,2.1763e-11
2.3692e-11,4.8624e-11,1.5658e-11
2.4478e-11,4.1222e-11,1.2442e-11
2.4908e-11,6.7201e-11,2.5926e-11
2.4766e-11,4.7865e-11,1.3633e-11
1.2848e-11,2.0934e-11,1.759e-11
2.2294e-11,4.3431e-11,1.4603e-11
1.9924e-11,5.0632e-11,2.1223e-11
2.1038e-11,3.5434e-11,3.417e-11
2.3349e-11,2.7321e-11,2.4633e-11
6.8299e-11,7.8428e-12,6.8358e-11
7.0463e-11,1.2586e-11,7.3113e-11
7.2503e-11,3.2276e-11,8.6546e-11
5.6271e-11,1.8191e-11,5.7717e-11
6.8621e-11,3.3781e-11,9.4434e-11
6.1975e-11,3.2094e-11,7.4125e-11
4.785e-11,1.1162e-11,4.8046e-11
3.0673e-11,9.0688e-12,3.2733e-11
3.5142e-11,1.0528e-11,2.9025e-11
3.6669e-11,1.256e-11,2.9747e-11
6.4293e-11,2.4909e-11,5.1089e-11
6.1747e-11,2.6461e-11,5.1621e-11
6.878e-11,5.745e-11,8.0911e-11
3.1197e-11,3.114e-11,2.8385e-11
2.971e-11,1.2891e-11,3.0458e-11
3.4254e-11,1.3096e-11,2.4643e-11
5.0457e-11,2.1959e-11,4.1017e-11
2.7603e-11,1.3357e-11,2.4941e-11
2.072e-11,1.2059e-11,2.6022e-11
4.1457e-11,3.3879e-11,5.5068e-11
1.7527e-11,1.3331e-11,1.7465e-11
1.8957e-11,2.131e-11,2.678e-11
4.1574e-11,4.21e-11,4.6514e-11
3.2206e-11,1.2509e-11,1.9314e-11
2.4225e-11,1.3738e-11,1.7877e-11
3.1753e-11,2.6076e-11,3.7617e-11
2.8575e-11,1.633e-11,3.9396e-11
6.125e-11,8.3893e-11,5.6244e-11
2.14e-11,1.457e-11,1.6641e-11
3.9272e-11,2.6791e-11,1.7535e-11
1.4057e-11,2.3449e-11,2.1368e-11
1.4507e-11,2.7778e-11,2.2444e-11
5.1457e-11,7.3009e-11,7.3006e-11
4.9769e-11,8.4284e-11,3.0843e-11
1.6815e-11,2.0564e-11,1.9024e-11
4.603e-11,8.1732e-11,3.3003e-11
3.3766e-11,4.508e-11,4.4838e-11
1.1716e-11,3.704e-11,2.5905e-11
3.7243e-11,5.8129e-11,2.3658e-11
1.2951e-11,5.0801e-11,2.663e-11
3.5781e-11,5.7715e-11,2.3306e-11
2.2779e-11,2.5365e-11,3.06e-11
1.8061e-11,2.947e-11,1.963e-11
3.5832e-11,7.2455e-11,3.0156e-11
1.6415e-11,2.5933e-11,1.379e-11
3.2287e-11,7.8643e-11,3.1746e-11
3.5143e-11,3.9053e-11,1.785e-11
3.8163e-11,7.194e-11,6.8177e-11
4.2013e-11,3.2884e-11,4.3777e-11
1.2847e-11,2.3199e-11,1.6554e-11
4.9917e-11,5.4013e-11,2.8006e-11
1.026e-11,3.6977e-11,1.6189e-11
2.0544e-11,4.0719e-11,2.5077e-11
3.151e-11,2.5533e-11,2.0125e-11
1.9825e-11,3.1197e-11,3.1279e-11
6.2203e-11,1.3498e-11,6.556e-11
3.1157e-11,1.0521e-11,3.0375e-11
3.1269e-11,1.2764e-11,2.9236e-11
3.4007e-11,1.6952e-11,5.6016e-11
8.5996e-11,3.3064e-11,6.792e-11
2.7168e-11,1.7446e-11,3.2387e-11
4.8288e-11,1.6611e-11,4.5086e-11
2.3972e-11,1.1418e-11,3.4105e-11
5.7424e-11,2.4772e-11,4.3755e-11
2.3126e-11,1.9795e-11,4.6744e-11
2.184e-11,9.1606e-12,2.1088e-11
5.6754e-11,5.7604e-11,8.043e-11
4.8647e-11,3.7451e-11,5.943e-11
4.2407e-11,3.5952e-11,4.9711e-11
1.7298e-11,1.0841e-11,1.7479e-11
1.7818e-11,1.0674e-11,1.7332e-11
5.7038e-11,7.3632e-11,5.9033e-11
5.8885e-11,6.8264e-11,7.7905e-11
1.7846e-11,1.6124e-11,1.5623e-11
3.969e-11,3.4964e-11,4.1722e-11
2.4274e-11,2.329e-11,1.7902e-11
2.5638e-11,2.1685e-11,3.1588e-11
1.3783e-11,2.3631e-11,1.8212e-11
4.7027e-11,8.5252e-11,4.1189e-11
4.6547e-11,7.6934e-11,6.8584e-11
1.4583e-11,2.9942e-11,1.7745e-11
2.2361e-11,2.6172e-11,2.2428e-11
3.3426e-11,7.0756e-11,3.0457e-11
4.5013e-11,8.2187e-11,7.5174e-11
1.3475e-11,9.504e-12,2.0273e-11
3.7045e-11,4.5922e-11,1.57e-11
3.1795e-11,7.364e-11,3.1938e-11
9.5759e-12,3.1462e-11,1.6168e-11
3.216e-11,9.3043e-11,4.4046e-11
3.9301e-11,7.2981e-11,6.1059e-11
1.9013e-11,2.873e-11,2.8478e-11
2.6572e-11,4.655e-11,2.0242e-11
2.3001e-11,4.9318e-11,1.9645e-11
3.2626e-11,3.3965e-11,3.8433e-11
2.355e-11,2.5844e-11,2.3762e-11
4.2133e-11,5.2849e-11,3.1763e-11
7.005e-11,9.6296e-12,8.3314e-11
5.4749e-11,2.9684e-11,7.3044e-11
4.5525e-11,1.0306e-11,4.9717e-11
6.544e-11,4.2663e-11,7.6199e-11
2.8342e-11,1.3292e-11,3.6074e-11
5.1773e-11,2.2357e-11,4.0629e-11
3.654e-11,2.2177e-11,4.8667e-11
2.0561e-11,9.4849e-12,2.7871e-11
1.9858e-11,9.7597e-12,2.6937e-11
6.3936e-11,5.272e-11,7.5957e-11
2.6471e-11,1.5943e-11,2.8476e-11
1.8895e-11,7.6431e-12,1.7736e-11
2.1333e-11,9.4274e-12,3.4545e-11
2.6496e-11,1.1758e-11,2.8497e-11
3.7732e-11,3.953e-11,4.1761e-11
2.6807e-11,1.6839e-11,3.5034e-11
2.5913e-11,1.3917e-11,3.4635e-11
2.0725e-11,1.6193e-11,1.5436e-11
4.7742e-11,5.587e-11,6.1354e-11
4.3826e-11,5.8637e-11,2.7297e-11
1.6037e-11,1.9323e-11,3.1749e-11
2.1561e-11,3.9536e-11,2.5215e-11
4.6697e-11,7.1486e-11,6.9329e-11
1.6184e-11,2.4727e-11,1.8816e-11
2.0854e-11,3.2293e-11,5.7301e-11
1.0404e-11,3.2112e-11,2.8691e-11
1.7963e-11,2.7246e-11,1.9256e-11
1.319e-11,2.7174e-11,1.6141e-11
3.267e-11,4.1283e-11,1.7531e-11
1.6427e-11,1.8459e-11,2.1997e-11
2.7008e-11,3.8453e-11,1.1205e-11
2.4435e-11,3.6037e-11,1.7769e-11
1.342e-11,3.1514e-11,3.3596e-11
1.464e-11,2.0593e-11,1.9847e-11
2.675e-11,7.0702e-11,3.3386e-11
3.1594e-11,5.4968e-11,4.9811e-11
1.2942e-11,3.5069e-11,1.7814e-11
3.8996e-11,2.5866e-11,1.9261e-11
3.5388e-11,4.4836e-11,1.7853e-11
6.4336e-11,1.0315e-11,7.0942e-11
6.6476e-11,4.7817e-11,7.89e-11
3.4015e-11,1.6293e-11,4.8808e-11
2.7937e-11,1.1665e-11,2.7164e-11
8.7989e-11,3.4183e-11,7.245e-11
5.2251e-11,1.6328e-11,5.1086e-11
4.194e-11,1.368e-11,4.5194e-11
2.9824e-11,1.3994e-11,3.601e-11
7.5748e-11,4.0017e-11,8.0315e-11
3.0175e-11,1.0441e-11,3.0603e-11
6.6259e-11,3.8313e-11,6.4963e-11
3.192e-11,1.4214e-11,2.9943e-11
2.1867e-11,2.0902e-11,2.3196e-11
6.5946e-11,5.647e-11,7.6778e-11
2.142e-11,1.6026e-11,3.8517e-11
3.3112e-11,1.717e-11,2.5263e-11
5.1201e-11,5.3348e-11,8.3775e-11
4.2044e-11,4.2147e-11,6.7673e-11
1.5674e-11,9.2783e-12,1.7153e-11
3.3594e-11,2.5405e-11,3.068e-11
3.199e-11,2.2297e-11,3.9306e-11
2.1185e-11,1.9899e-11,1.5634e-11
3.2587e-11,2.8005e-11,2.0351e-11
2.2776e-11,2.7698e-11,1.6791e-11
5.145e-11,5.7905e-11,6.8274e-11
3.4228e-11,2.0039e-11,1.151e-11
2.0485e-11,3.8142e-11,2.065e-11
4.9865e-11,8.0338e-11,4.6485e-11
1.5904e-11,1.987e-11,3.0372e-11
4.8859e-11,7.1544e-11,6.9782e-11
4.0961e-11,5.6163e-11,5.2768e-11
4.1304e-11,6.0949e-11,5.7868e-11
2.7128e-11,2.8545e-11,2.6792e-11
3.8963e-11,6.5006e-11,2.8779e-11
1.507e-11,2.9224e-11,2.5249e-11
3.1384e-11,5.1449e-11,4.121e-11
2.0786e-11,4.1763e-11,1.5057e-11
1.4746e-11,2.704e-11,2.4777e-11
1.5337e-11,2.9568e-11,2.2291e-11
2.3189e-11,3.7721e-11,1.3179e-11
1.2249e-11,2.2129e-11,1.9126e-11
3.0356e-11,4.0055e-11,3.6715e-11
1.1468e-11,2.8674e-11,1.7794e-11
2.6129e-11,4.1436e-11,1.4303e-11
1.6162e-11,3.9139e-11,2.5903e-11
6.707e-11,8.0413e-12,6.6091e-11
5.6135e-11,1.1191e-11,5.645e-11
5.8943e-11,1.5734e-11,7.144e-11
4.0015e-11,1.2058e-11,3.9699e-11
6.6422e-11,3.6168e-11,8.973e-11
4.3405e-11,1.7693e-11,5.3055e-11
5.0824e-11,1.5678e-11,5.2412e-11
4.1618e-11,1.404e-11,4.4086e-11
5.8482e-11,2.5274e-11,4.7566e-11
2.9521e-11,1.2479e-11,3.0546e-11
2.7803e-11,1.3919e-11,2.4995e-11
3.0926e-11,1.402e-11,3.2514e-11
2.7507e-11,1.7343e-11,3.0538e-11
1.9569e-11,2.38e-11,1.9073e-11
4.5461e-11,3.4611e-11,5.5506e-11
4.2871e-11,4.658e-11,6.11e-11
1.559e-11,1.4894e-11,1.4823e-11
2.2912e-11,1.028e-11,2.9127e-11
2.9097e-11,1.9983e-11,3.457e-11
4.916e-11,6.3221e-11,6.8475e-11
2.9293e-11,1.4534e-11,2.2307e-11
2.2304e-11,9.2133e-12,2.3121e-11
2.3613e-11,1.6092e-11,1.775e-11
3.5677e-11,1.264e-11,2.2681e-11
2.6634e-11,1.0765e-11,2.2268e-11
4.9597e-11,6.8855e-11,5.6055e-11
1.9978e-11,1.7277e-11,2.5633e-11
4.6497e-11,4.7353e-11,5.0076e-11
4.1226e-11,4.7583e-11,3.5948e-11
5.879e-11,7.1684e-11,7.3364e-11
5.7142e-11,7.6294e-11,7.5146e-11
2.7206e-11,3.5455e-11,3.6186e-11
2.2047e-11,2.5031e-11,3.0273e-11
1.5973e-11,5.2563e-11,2.233e-11
1.0108e-11,2.9634e-11,2.7878e-11
2.0298e-11,2.3626e-11,2.0046e-11
1.8065e-11,3.0754e-11,1.6957e-11
2.9685e-11,6.5437e-11,3.2207e-11
2.2389e-11,1.7801e-11,1.8308e-11
2.0818e-11,2.9377e-11,1.4054e-11
1.6686e-11,2.4216e-11,1.9581e-11
2.3874e-11,1.6832e-11,2.3246e-11
2.5483e-11,3.9927e-11,1.7345e-11
2.3142e-11,3.452e-11,1.461e-11
1.4594e-11,2.3866e-11,2.7561e-11
1.9278e-11,2.6651e-11,2.347e-11
2.1153e-11,4.6718e-11,1.7519e-11
3.5412e-11,5.4712e-11,4.9874e-11
2.9622e-11,3.1995e-11,1.4742e-11
1.8975e-11,2.5753e-11,2.2928e-11
4.6613e-11,2.9922e-11,3.6839e-11
1.8996e-11,2.7726e-11,2.4212e-11
4.3426e-11,2.3229e-11,1.3599e-11
6.1446e-11,9.9437e-12,6.002e-11
5.5308e-11,1.7581e-11,5.6322e-11
5.1712e-11,1.8442e-11,6.1126e-11
5.8525e-11,3.4064e-11,6.7281e-11
3.8118e-11,1.0121e-11,3.6417e-11
3.7591e-11,1.2134e-11,4.55e-11
5.0542e-11,1.7059e-11,4.4955e-11
7.6162e-11,2.6894e-11,6.9584e-11
5.1749e-11,3.5309e-11,6.1221e-11
3.5049e-11,1.3807e-11,3.4287e-11
5.7458e-11,2.3089e-11,4.7544e-11
7.4667e-11,3.9558e-11,8.487e-11
2.4597e-11,1.0029e-11,2.5714e-11
2.1301e-11,1.5912e-11,2.9827e-11
2.2918e-11,1.9518e-11,2.3788e-11
5.8395e-11,4.3691e-11,7.784e-11
2.1261e-11,1.7461e-11,3.2432e-11
6.1179e-11,5.3908e-11,7.3918e-11
1.869e-11,1.0456e-11,1.6541e-11
1.934e-11,1.542e-11,2.1067e-11
3.4538e-11,1.4258e-11,2.5146e-11
2.6726e-11,1.3893e-11,2.466e-11
1.7263e-11,1.3096e-11,1.5901e-11
3.854e-11,4.6381e-11,5.8898e-11
3.0652e-11,2.9571e-11,3.9839e-11
3.0471e-11,1.0229e-11,1.7046e-11
2.4536e-11,9.9562e-12,2.381e-11
4.5219e-11,5.9441e-11,5.8629e-11
2.3061e-11,1.0963e-11,2.3342e-11
2.7381e-11,2.024e-11,1.6528e-11
3.5711e-11,3.9269e-11,3.5559e-11
3.4271e-11,3.7112e-11,2.7055e-11
1.2146e-11,1.6124e-11,1.8469e-11
2.7562e-11,4.3671e-11,2.2429e-11
1.9694e-11,3.4763e-11,1.9494e-11
5.2159e-11,7.2316e-11,6.7215e-11
4.408e-11,7.7529e-11,4.4537e-11
3.8075e-11,5.0857e-11,2.511e-11
3.7211e-11,6.3152e-11,3.0204e-11
4.5303e-11,8.0169e-11,6.5282e-11
3.2826e-11,4.2725e-11,1.7204e-11
2.8597e-11,5.5439e-11,2.8078e-11
2.3634e-11,1.8859e-11,2.7044e-11
1.2267e-11,2.8216e-11,2.3556e-11
2.2822e-11,3.7634e-11,1.4728e-11
3.8435e-11,7.0127e-11,5.889e-11
1.8905e-11,4.6352e-11,2.2755e-11
2.3696e-11,5.066e-11,2.9448e-11
1.4369e-11,2.7124e-11,2.0353e-11
4.5304e-11,5.2506e-11,4.5365e-11
5.22e-11,1.7505e-11,6.2634e-11
6.3079e-11,3.3095e-11,8.4013e-11
6.7311e-11,3.6043e-11,8.4969e-11
3.7026e-11,1.1829e-11,3.8468e-11
9.1095e-11,3.1128e-11,7.5515e-11
2.9507e-11,4.3263e-12,3.1357e-11
3.022e-11,1.3151e-11,3.7811e-11
4.6916e-11,1.4373e-11,4.9781e-11
2.8867e-11,1.6997e-11,3.3098e-11
6.1039e-11,2.184e-11,5.0097e-11
5.0243e-11,1.8124e-11,4.6269e-11
6.0645e-11,2.9846e-11,5.9276e-11
2.4689e-11,2.0958e-11,2.5633e-11
2.8152e-11,1.2698e-11,1.9295e-11
4.4299e-11,2.5421e-11,5.3324e-11
1.8056e-11,8.2625e-12,1.8518e-11
2.1427e-11,1.1363e-11,2.1143e-11
3.4921e-11,2.8146e-11,4.4076e-11
5.2427e-11,4.3496e-11,6.2513e-11
2.9085e-11,2.1176e-11,2.3942e-11
3.0818e-11,2.1608e-11,3.4443e-11
2.3669e-11,1.4162e-11,2.4262e-11
1.611e-11,2.0742e-11,1.6467e-11
2.5063e-11,9.173e-12,2.0178e-11
2.6929e-11,9.9958e-12,1.8917e-11
2.5764e-11,2.4956e-11,2.1336e-11
4.2153e-11,4.0455e-11,4.2268e-11
4.5456e-11,7.1465e-11,4.774e-11
2.105e-11,1.6819e-11,1.7464e-11
1.768e-11,1.9703e-11,2.8307e-11
2.8303e-11,2.5358e-11,1.5376e-11
3.7329e-11,6.1093e-11,4.1202e-11
3.2587e-11,2.4399e-11,1.3042e-11
2.7836e-11,3.2568e-11,2.4333e-11
2.0365e-11,2.7752e-11,2.7952e-11
2.9758e-11,4.2445e-11,2.0961e-11
3.5261e-11,5.8696e-11,3.5661e-11
4.1534e-11,6.5719e-11,5.3239e-11
1.4449e-11,2.9398e-11,2.5099e-11
2.9452e-11,4.1497e-11,1.9087e-11
2.5541e-11,4.1774e-11,1.465e-11
9.954e-12,2.5744e-11,1.7505e-11
4.2732e-11,7.6901e-11,6.1588e-11
2.5221e-11,5.6769e-11,3.5051e-11
1.028e-11,2.8683e-11,1.9502e-11
1.537e-11,3.2815e-11,2.371e-11
2.7885e-11,3.6405e-11,3.5512e-11
2.1476e-11,2.3795e-11,2.6528e-11
6.8105e-11,1.8702e-11,6.7771e-11
5.9808e-11,1.1184e-11,6.9197e-11
6.3181e-11,1.9379e-11,7.3428e-11
5.2525e-11,1.7696e-11,6.4551e-11
3.7572e-11,8.5456e-12,3.7384e-11
6.3034e-11,1.7995e-11,5.497e-11
4.3939e-11,1.0898e-11,4.975e-11
4.8468e-11,2.9534e-11,7.0426e-11
4.9672e-11,1.2602e-11,4.7197e-11
5.1405e-11,1.7297e-11,4.9737e-11
4.9327e-11,1.4994e-11,4.5698e-11
9.5752e-11,3.4643e-11,8.1666e-11
4.4945e-11,1.7022e-11,4.5255e-11
3.564e-11,1.9766e-11,3.4809e-11
3.4291e-11,1.1122e-11,3.6241e-11
2.8199e-11,1.7998e-11,3.1361e-11
5.0888e-11,1.7071e-11,5.4953e-11
5.4681e-11,2.6093e-11,4.9393e-11
2.3123e-11,1.7741e-11,3.0788e-11
2.505e-11,1.5144e-11,2.6458e-11
5.8861e-11,4.3605e-11,8.4343e-11
2.2198e-11,1.9178e-11,2.7652e-11
4.0261e-11,1.7448e-11,3.7451e-11
2.5637e-11,2.5903e-11,2.6608e-11
2.6937e-11,1.328e-11,2.8024e-11
1.6186e-11,1.6712e-11,1.7592e-11
2.8769e-11,1.9303e-11,2.1317e-11
2.5472e-11,1.7449e-11,2.2751e-11
2.3526e-11,9.3765e-12,2.4895e-11
2.2733e-11,1.9382e-11,2.0919e-11
3.1185e-11,3.4275e-11,3.5e-11
2.3453e-11,2.9001e-11,1.6333e-11
3.7713e-11,2.1726e-11,1.4558e-11
4.4361e-11,1.977e-11,2.1493e-11
3.9424e-11,4.1224e-11,5.031e-11
2.1881e-11,2.4955e-11,2.9669e-11
2.0323e-11,2.1868e-11,2.5817e-11
2.5e-11,2.6339e-11,2.8293e-11
2.9168e-11,3.2547e-11,2.208e-11
2.5202e-11,3.061e-11,2.6905e-11
1.278e-11,2.2e-11,1.8477e-11
3.6018e-11,5.8711e-11,4.0005e-11
2.706e-11,3.7002e-11,2.0831e-11
1.0294e-11,2.3555e-11,1.775e-11
2.7748e-11,4.903e-11,2.4974e-11
2.8266e-11,3.402e-11,1.7141e-11
2.9621e-11,2.1979e-11,2.2202e-11
1.9814e-11,2.2133e-11,3.1513e-11
1.0997e-11,2.2376e-11,1.5786e-11
2.9433e-11,2.776e-11,1.6308e-11
3.8283e-11,6.5139e-11,5.2052e-11
1.7204e-11,2.8339e-11,2.3001e-11
4.5026e-11,3.4597e-11,1.7497e-11
2.3257e-11,3.1223e-11,2.2584e-11
3.4103e-11,4.0266e-11,1.5845e-11
6.0055e-11,1.3351e-11,6.8132e-11
6.4987e-11,9.2379e-12,6.2042e-11
4.2123e-11,8.9203e-12,4.302e-11
5.6118e-11,1.4577e-11,5.6074e-11
5.7792e-11,2.9644e-11,6.7929e-11
3.9038e-11,1.0867e-11,4.0812e-11
6.6378e-11,4.7501e-11,7.7687e-11
2.8194e-11,2.2691e-11,3.4798e-11
6.6973e-11,5.0264e-11,7.8717e-11
6.2033e-11,2.9879e-11,5.9956e-11
3.8257e-11,3.1662e-11,4.2144e-11
3.5228e-11,1.9778e-11,3.7736e-11
2.2256e-11,2.3913e-11,3.6821e-11
3.6997e-11,2.2069e-11,3.4006e-11
3.2194e-11,2.0608e-11,3.3316e-11
3.0997e-11,2.3072e-11,3.4513e-11
2.115e-11,6.4317e-12,2.5981e-11
5.9329e-11,6.1522e-11,7.3698e-11
4.0722e-11,4.3349e-11,5.1566e-11
2.1202e-11,9.1533e-12,1.9696e-11
2.1179e-11,1.2467e-11,1.8784e-11
2.5573e-11,2.6331e-11,1.7278e-11
2.429e-11,1.5143e-11,1.8285e-11
2.7671e-11,1.3165e-11,2.0832e-11
2.4596e-11,2.5755e-11,2.4206e-11
5.0216e-11,5.5307e-11,5.5838e-11
2.7531e-11,3.1398e-11,2.2261e-11
4.3259e-11,7.143e-11,5.0782e-11
1.5196e-11,1.9391e-11,2.2548e-11
3.2821e-11,3.8981e-11,2.2604e-11
1.343e-11,3.0299e-11,2.9219e-11
1.3772e-11,3.5432e-11,2.73e-11
1.4754e-11,4.0361e-11,2.9009e-11
3.1738e-11,4.597e-11,4.4123e-11
2.3991e-11,4.5693e-11,2.7172e-11
1.7526e-11,3.6322e-11,2.37e-11
2.7144e-11,3.22e-11,1.7141e-11
1.8453e-11,3.0172e-11,3.1724e-11
1.2769e-11,2.5547e-11,2.1124e-11
1.9115e-11,2.7438e-11,2.0844e-11
2.925e-11,2.9342e-11,1.3234e-11
3.9808e-11,6.375e-11,5.0363e-11
4.3109e-11,6.7206e-11,4.9952e-11
3.8141e-11,4.4105e-11,3.7056e-11
2.0615e-11,3.1135e-11,2.5967e-11
3.5433e-11,4.9414e-11,3.2637e-11
6.4055e-11,5.7966e-12,6.4744e-11
5.1487e-11,1.3086e-11,5.6592e-11
6.674e-11,1.8805e-11,6.1345e-11
4.1889e-11,7.677e-12,4.5557e-11
4.0591e-11,1.0042e-11,4.0538e-11
3.1214e-11,9.852e-12,3.7046e-11
2.5985e-11,2.3399e-11,3.0807e-11
2.88e-11,7.5872e-12,2.8883e-11
5.2225e-11,3.3353e-11,5.9837e-11
4.3624e-11,2.101e-11,4.3987e-11
3.284e-11,2.6847e-11,4.9491e-11
6.8097e-11,4.3703e-11,7.9125e-11
2.498e-11,2.9483e-11,2.7979e-11
4.4011e-11,4.9285e-11,8.3838e-11
3.3775e-11,1.9992e-11,3.2387e-11
2.1068e-11,2.6826e-11,2.4971e-11
2.1614e-11,5.2517e-11,2.0096e-11
1.8892e-11,1.5467e-11,3.0722e-11
3.2899e-11,3.0489e-11,3.8371e-11
1.7505e-11,3.1788e-11,2.7298e-11
4.2828e-11,6.4615e-11,6.0839e-11
1.8389e-11,1.3223e-11,2.4395e-11
2.3565e-11,2.7575e-11,2.2256e-11
2.3169e-11,2.8392e-11,2.7876e-11
3.9145e-11,6.3179e-11,5.1685e-11
3.2451e-11,3.0206e-11,3.7567e-11
2.5799e-11,3.5659e-11,2.2066e-11
3.1262e-11,5.1355e-11,3.9458e-11
1.2316e-11,4.0529e-11,1.9782e-11
9.3825e-12,3.4315e-11,1.5657e-11
1.709e-11,2.7558e-11,3.2211e-11
2.0799e-11,3.3493e-11,2.807e-11
2.0618e-11,2.1345e-11,1.6673e-11
1.2727e-11,2.8917e-11,3.4824e-11
1.6758e-11,3.0091e-11,2.3803e-11
1.5119e-11,2.7052e-11,2.0044e-11
1.3397e-11,2.4521e-11,1.6262e-11
1.9906e-11,2.5624e-11,2.7219e-11
1.7176e-11,2.4504e-11,2.9089e-11
1.071e-11,3.1818e-11,1.5521e-11
2.3079e-11,2.7973e-11,2.1363e-11
2.0103e-11,2.8436e-11,1.5471e-11
1.4175e-11,2.692e-11,1.8437e-11
1.9657e-11,2.8336e-11,2.9545e-11
1.4432e-11,3.3976e-11,2.2904e-11
7.3275e-11,9.6772e-11,5.9415e-11
9.1076e-11,1.0713e-10,7.1364e-11
6.5397e-11,1.6064e-11,6.6535e-11
6.23e-11,2.0199e-11,7.1052e-11
4.5025e-11,1.7091e-11,4.3515e-11
5.0175e-11,1.5475e-11,4.7814e-11
6.1674e-11,1.513e-11,6.0345e-11
3.5024e-11,1.5606e-11,4.3607e-11
5.6207e-11,1.4833e-11,5.6918e-11
7.3956e-11,2.4634e-11,6.7893e-11
3.1308e-11,9.7334e-12,3.3489e-11
6.62e-11,2.1534e-11,6.0221e-11
3.1153e-11,1.9116e-11,3.1292e-11
2.6918e-11,5.8692e-12,2.5304e-11
6.8491e-11,4.3631e-11,8.9347e-11
2.6333e-11,2.1887e-11,3.357e-11
2.1306e-11,9.3796e-12,2.032e-11
2.7976e-11,1.685e-11,2.3754e-11
4.4374e-11,4.8021e-11,8.2516e-11
4.805e-11,3.8921e-11,5.2647e-11
1.7753e-11,2.198e-11,3.2161e-11
2.246e-11,1.296e-11,2.1364e-11
4.3279e-11,4.6864e-11,8.0048e-11
2.042e-11,8.0267e-12,2.2431e-11
2.1598e-11,3.444e-11,1.8363e-11
2.612e-11,2.1448e-11,3.1042e-11
3.8525e-11,1.2204e-11,1.4273e-11
1.4552e-11,1.9892e-11,2.1606e-11
2.3354e-11,2.7186e-11,2.6318e-11
3.6216e-11,2.5896e-11,1.8806e-11
3.6682e-11,4.6033e-11,4.6146e-11
1.8547e-11,2.057e-11,2.2237e-11
3.3968e-11,5.0807e-11,5.0302e-11
1.6615e-11,2.837e-11,1.852e-11
2.5829e-11,3.7082e-11,2.3905e-11
1.2869e-11,1.9685e-11,2.3631e-11
4.1184e-11,6.2589e-11,5.5696e-11
2.3296e-11,3.8462e-11,2.9011e-11
1.3887e-11,2.5469e-11,1.9415e-11
1.4423e-11,2.0263e-11,2.0267e-11
1.6289e-11,2.234e-11,1.8878e-11
1.4424e-11,2.697e-11,3.17e-11
2.1762e-11,3.7804e-11,2.2148e-11
1.2285e-11,2.6018e-11,1.7497e-11
5.9197e-11,1.2732e-11,5.4242e-11
3.732e-11,1.9096e-11,3.8267e-11
3.0258e-11,1.5669e-11,3.1223e-11
2.3155e-11,1.0964e-11,2.0413e-11
6.2579e-11,5.2363e-11,7.0581e-11
2.1954e-11,2.7328e-11,2.3925e-11
5.1352e-11,2.4346e-11,5.273e-11
1.8582e-11,1.6181e-11,2.2678e-11
5.1268e-11,4.3722e-11,5.5697e-11
3.3476e-11,2.9065e-11,3.7096e-11
1.9141e-11,1.4207e-11,2.6281e-11
2.1557e-11,1.2169e-11,1.7922e-11
2.4749e-11,2.2184e-11,3.0384e-11
2.3116e-11,2.3215e-11,2.2173e-11
2.4167e-11,2.0441e-11,2.6944e-11
3.2704e-11,4.9351e-11,4.9261e-11
2.4405e-11,2.9778e-11,2.6516e-11
1.3431e-11,2.1976e-11,2.8737e-11
1.0259e-11,2.4937e-11,2.1933e-11
1.3435e-11,4.2275e-11,1.6738e-11
3.5158e-11,5.7624e-11,4.2777e-11
3.2185e-11,3.1334e-11,1.5243e-11
2.142e-11,3.3263e-11,1.5498e-11
2.1601e-11,2.6366e-11,3.1169e-11
2.4835e-11,2.7656e-11,2.7662e-11
4.9509e-11,8.5528e-11,5.5372e-11
1.5078e-11,2.6148e-11,1.9812e-11
1.8133e-11,2.9169e-11,1.2594e-11
5.4443e-11,1.2029e-11,5.8613e-11
5.6761e-11,1.5585e-11,5.7403e-11
4.1951e-11,1.2228e-11,4.5938e-11
4.3611e-11,2.4234e-11,5.5757e-11
3.5923e-11,1.6748e-11,4.2156e-11
9.2518e-11,3.3096e-11,8.539e-11
9.418e-11,3.5644e-11,8.6408e-11
2.7161e-11,7.9678e-12,3.0839e-11
4.1444e-11,1.82e-11,3.8822e-11
2.3428e-11,2.5205e-11,2.1712e-11
2.1376e-11,2.7535e-11,2.987e-11
2.2325e-11,2.6984e-11,2.27e-11
2.8026e-11,1.8346e-11,2.9347e-11
2.959e-11,8.0778e-12,2.3799e-11
3.7513e-11,3.6989e-11,4.3242e-11
4.2626e-11,2.2196e-11,4.8728e-11
1.8808e-11,1.3213e-11,2.0952e-11
2.5244e-11,2.1328e-11,3.0135e-11
2.423e-11,2.6694e-11,3.3455e-11
3.5322e-11,5.3676e-11,6.2039e-11
3.0751e-11,4.6127e-11,5.9098e-11
1.8035e-11,1.6485e-11,1.589e-11
1.9881e-11,2.434e-11,2.4088e-11
2.6743e-11,3.0517e-11,2.876e-11
2.5355e-11,3.395e-11,2.8476e-11
2.2084e-11,3.3823e-11,2.7483e-11
1.0468e-11,2.3982e-11,1.4529e-11
1.8223e-11,4.9851e-11,1.9603e-11
3.0144e-11,3.9096e-11,1.9139e-11
2.3839e-11,4.4268e-11,3.0925e-11
9.9025e-12,2.9991e-11,1.4936e-11
1.9502e-11,3.4378e-11,2.2786e-11
2.1729e-11,2.4502e-11,1.8724e-11
1.7655e-11,3.2729e-11,1.4723e-11
1.5267e-11,2.6257e-11,1.8116e-11
1.1722e-11,2.9434e-11,1.6252e-11
2.4234e-11,4.9976e-11,4.1891e-11
2.6233e-11,2.4912e-11,1.9375e-11
2.0098e-11,2.6625e-11,2.2994e-11
2.5741e-11,3.2475e-11,2.7544e-11
1.3026e-11,2.479e-11,1.6272e-11
3.5259e-11,6.3139e-11,3.7526e-11
3.2097e-11,5.9172e-11,3.8121e-11
1.6028e-11,2.4154e-11,1.4973e-11
6.4216e-11,2.6745e-11,7.1918e-11
5.8376e-11,1.9542e-11,6.339e-11
6.0457e-11,1.5911e-11,6.3836e-11
4.9885e-11,2.8315e-11,6.1765e-11
5.3286e-11,1.9864e-11,4.9943e-11
3.0031e-11,1.9938e-11,4.1748e-11
2.1737e-11,2.263e-11,2.2938e-11
2.3544e-11,1.438e-11,2.4116e-11
2.6291e-11,1.0713e-11,2.4779e-11
1.7833e-11,2.5425e-11,2.6758e-11
4.3163e-11,2.4896e-11,4.3328e-11
4.397e-11,3.3365e-11,4.6203e-11
4.7018e-11,3.9739e-11,5.2428e-11
1.6563e-11,8.0538e-12,1.6959e-11
2.2742e-11,2.2488e-11,2.4218e-11
1.7508e-11,1.5438e-11,2.302e-11
2.9169e-11,3.2856e-11,3.8135e-11
2.3597e-11,1.4632e-11,1.6147e-11
1.7875e-11,1.0244e-11,2.4979e-11
5.4955e-11,6.1174e-11,6.3396e-11
1.9239e-11,1.2968e-11,1.7211e-11
1.4933e-11,2.6185e-11,2.004e-11
3.4215e-11,4.0016e-11,4.4599e-11
2.1888e-11,2.331e-11,2.3537e-11
3.8242e-11,4.2043e-11,5.1828e-11
1.9471e-11,2.8852e-11,2.1691e-11
2.0832e-11,2.3438e-11,2.6125e-11
1.2014e-11,1.707e-11,2.0272e-11
1.5406e-11,2.2002e-11,2.9778e-11
1.3242e-11,2.5023e-11,1.403e-11
1.3045e-11,2.06e-11,2.5076e-11
1.7483e-11,3.6937e-11,3.1394e-11
2.0083e-11,3.672e-11,2.7948e-11
1.7539e-11,3.464e-11,1.8529e-11
3.1254e-11,5.092e-11,3.6945e-11
1.0678e-11,2.9696e-11,1.2695e-11
1.9498e-11,2.0954e-11,2.6327e-11
2.4134e-11,2.5669e-11,1.8392e-11
1.5236e-11,3.3754e-11,2.0374e-11
2.7429e-11,3.7187e-11,1.4318e-11
1.5811e-11,3.4051e-11,2.1162e-11
1.6477e-11,2.8185e-11,1.4723e-11
2.472e-11,3.3782e-11,3.0212e-11
6.003e-11,1.4125e-11,5.8251e-11
4.5644e-11,8.1338e-12,4.778e-11
5.5058e-11,2.7525e-11,7.3299e-11
3.2817e-11,9.1816e-12,3.5851e-11
2.8913e-11,2.6103e-11,3.2913e-11
3.1932e-11,1.737e-11,3.2196e-11
3.9602e-11,1.5768e-11,4.0881e-11
6.4097e-11,4.6885e-11,7.4922e-11
2.3415e-11,2.0147e-11,2.0848e-11
4.627e-11,2.2236e-11,4.747e-11
2.612e-11,1.5603e-11,2.6134e-11
2.3729e-11,1.5167e-11,2.5937e-11
4.8349e-11,3.298e-11,5.5512e-11
4.9396e-11,4.2791e-11,5.6169e-11
1.7068e-11,2.5914e-11,1.9309e-11
2.7454e-11,1.6589e-11,2.7823e-11
3.6508e-11,4.6863e-11,8.8691e-11
5.9142e-11,5.8629e-11,6.6974e-11
1.8453e-11,1.4965e-11,2.4157e-11
1.7268e-11,1.3817e-11,1.6193e-11
2.2872e-11,9.6718e-12,1.5624e-11
2.7633e-11,2.9917e-11,3.5868e-11
1.9763e-11,1.6857e-11,1.9197e-11
2.0279e-11,2.0114e-11,2.6711e-11
1.7955e-11,1.3858e-11,1.5028e-11
1.9696e-11,2.7804e-11,2.3503e-11
2.771e-11,2.4467e-11,2.7982e-11
1.721e-11,2.3177e-11,2.2556e-11
1.0107e-11,1.9852e-11,2.0959e-11
2.7999e-11,3.6395e-11,3.4836e-11
1.2701e-11,2.9913e-11,2.4602e-11
1.6839e-11,3.306e-11,2.2196e-11
1.189e-11,2.2457e-11,2.8306e-11
4.5196e-11,7.3482e-11,5.9127e-11
1.4073e-11,3.0429e-11,1.9512e-11
2.2977e-11,3.2042e-11,1.8632e-11
1.4172e-11,2.9763e-11,1.3839e-11
1.1704e-11,1.4809e-11,1.7032e-11
3.2995e-11,4.4019e-11,3.0335e-11
1.9209e-11,1.8504e-11,1.4883e-11
1.4221e-11,3.2151e-11,2.1989e-11
2.9006e-11,4.0335e-11,1.6006e-11
1.6759e-11,2.3511e-11,1.4812e-11
3.2971e-11,3.6711e-11,4.4366e-11
1.8527e-11,2.589e-11,2.531e-11
1.4891e-11,2.6723e-11,1.607e-11
6.0765e-11,1.3482e-11,5.5671e-11
5.5803e-11,2.0058e-11,5.6099e-11
7.0079e-11,1.7056e-11,6.1835e-11
5.5343e-11,2.2827e-11,5.8737e-11
5.877e-11,1.3611e-11,5.2906e-11
4.4812e-11,1.4222e-11,4.6391e-11
3.6455e-11,1.6453e-11,3.4166e-11
4.3437e-11,1.4008e-11,4.0183e-11
5.8513e-11,3.2452e-11,7e-11
5.9929e-11,2.1015e-11,5.9369e-11
2.8682e-11,7.0151e-12,3.0841e-11
7.1603e-11,5.2914e-11,8.1875e-11
7.295e-11,5.1475e-11,8.0419e-11
3.6016e-11,1.3009e-11,3.7644e-11
3.5126e-11,2.1219e-11,3.8781e-11
3.2036e-11,1.8024e-11,3.6077e-11
5.6816e-11,2.6858e-11,5.5436e-11
3.8364e-11,2.5806e-11,3.9836e-11
2.2758e-11,3.2907e-11,2.5599e-11
2.5193e-11,1.3681e-11,2.6558e-11
4.2188e-11,1.496e-11,4.0764e-11
7.3501e-11,5.1515e-11,9.7745e-11
3.5906e-11,2.2009e-11,3.6432e-11
2.3173e-11,1.226e-11,2.2467e-11
5.6458e-11,4.5869e-11,8.1719e-11
6.1042e-11,5.3868e-11,7.0112e-11
2.3689e-11,1.8593e-11,2.7861e-11
2.4286e-11,1.4246e-11,2.2317e-11
2.0441e-11,1.4497e-11,2.2418e-11
3.554e-11,4.0089e-11,7.3381e-11
2.0748e-11,1.3288e-11,1.5897e-11
1.7519e-11,9.8309e-12,1.9924e-11
1.769e-11,1.5049e-11,2.253e-11
1.7948e-11,1.3808e-11,2.0821e-11
2.9872e-11,4.0889e-11,6.8812e-11
1.7376e-11,1.5947e-11,1.7365e-11
1.7381e-11,1.7929e-11,1.8269e-11
2.2975e-11,1.4276e-11,2.5355e-11
6.1147e-11,6.6427e-11,6.8586e-11
3.4479e-11,4.0769e-11,4.3006e-11
1.8588e-11,1.4473e-11,1.9447e-11
2.5452e-11,2.517e-11,1.5942e-11
4.604e-11,5.5436e-11,5.0547e-11
2.3718e-11,3.1762e-11,3.7353e-11
4.8661e-11,6.6076e-11,5.2592e-11
5.4521e-11,7.1886e-11,5.959e-11
1.0122e-11,2.1028e-11,2.3592e-11
5.0537e-11,8.1598e-11,5.699e-11
1.4792e-11,3.0325e-11,1.7621e-11
2.992e-11,5.4679e-11,4.8838e-11
1.9048e-11,3.0172e-11,1.5643e-11
1.0501e-11,2.2807e-11,1.6716e-11
2.2325e-11,2.4326e-11,2.8094e-11
2.4621e-11,2.9846e-11,2.3602e-11
1.8407e-11,3.1119e-11,2.3176e-11
1.7244e-11,2.7168e-11,1.2417e-11
2.6009e-11,2.5095e-11,1.9783e-11
1.8302e-11,2.935e-11,1.6276e-11
1.53e-11,2.7077e-11,2.0647e-11
4.1674e-11,6.4359e-11,4.3688e-11
1.731e-11,2.5763e-11,2.382e-11
1.6023e-11,2.4006e-11,1.5922e-11
2.7517e-11,5.5444e-11,5.0589e-11
5.6651e-11,1.3172e-11,5.2898e-11
4.7484e-11,1.3499e-11,4.8066e-11
6.201e-11,3.2774e-11,7.5151e-11
5.5519e-11,2.932e-11,5.7794e-11
4.2017e-11,1.4339e-11,4.3388e-11
4.5117e-11,1.1257e-11,4.2811e-11
8.4934e-11,3.8338e-11,9.0186e-11
3.0325e-11,7.6294e-12,2.9492e-11
4.0879e-11,2.8384e-11,4.3568e-11
1.9996e-11,2.0233e-11,2.768e-11
2.7076e-11,1.2786e-11,3.0395e-11
2.3836e-11,1.0438e-11,2.0963e-11
5.2248e-11,4.7374e-11,5.6632e-11
5.9486e-11,6.3519e-11,6.8642e-11
2.1239e-11,1.6186e-11,1.6887e-11
2.7907e-11,1.6388e-11,2.2619e-11
3.7797e-11,4.6656e-11,8.4108e-11
1.7112e-11,1.2121e-11,2.164e-11
2.3903e-11,2.8381e-11,2.9206e-11
1.883e-11,2.0087e-11,2.0153e-11
1.6916e-11,2.2384e-11,2.8878e-11
1.8399e-11,1.0719e-11,1.5902e-11
2.7818e-11,3.4831e-11,5.7087e-11
2.0221e-11,2.2464e-11,2.5811e-11
2.4332e-11,2.3256e-11,2.1778e-11
1.4879e-11,1.8739e-11,2.4159e-11
1.8803e-11,1.7618e-11,2.4401e-11
3.0027e-11,3.8828e-11,3.4126e-11
1.4478e-11,2.8941e-11,1.6208e-11
3.1093e-11,5.6772e-11,5.6291e-11
1.8868e-11,3.1423e-11,1.6846e-11
2.9864e-11,3.0018e-11,1.6572e-11
1.7683e-11,3.5867e-11,2.0663e-11
2.818e-11,5.6589e-11,5.3206e-11
1.4213e-11,3.1822e-11,1.6247e-11
1.2957e-11,1.6214e-11,1.4066e-11
2.4266e-11,5.8264e-11,2.1339e-11
3.4572e-11,3.5611e-11,1.898e-11
1.6138e-11,3.1448e-11,2.3828e-11
2.6271e-11,3.7321e-11,1.7027e-11
1.7165e-11,2.5578e-11,1.7564e-11
1.5865e-11,2.6679e-11,1.1208e-11
2.1625e-11,3.7546e-11,1.6131e-11
5.2514e-11,6.9165e-11,7.0816e-11
7.3363e-11,1.8273e-11,6.619e-11
5.2982e-11,2.1388e-11,5.6119e-11
5.1386e-11,1.3904e-11,5.1399e-11
4.7332e-11,1.3748e-11,4.774e-11
4.2828e-11,8.5993e-12,4.1356e-11
5.1985e-11,3.1211e-11,6.6776e-11
4.247e-11,2.0635e-11,4.5224e-11
2.9233e-11,1.171e-11,3.223e-11
5.3387e-11,1.6903e-11,5.4447e-11
5.1415e-11,1.7013e-11,5.0802e-11
2.777e-11,8.2383e-12,2.7056e-11
2.7029e-11,9.5721e-12,2.3171e-11
5.0301e-11,2.2755e-11,5.3304e-11
3.781e-11,1.7452e-11,3.5283e-11
6.6278e-11,6.3079e-11,7.3632e-11
2.0601e-11,2.7241e-11,2.7417e-11
3.5246e-11,2.5698e-11,3.6822e-11
2.5232e-11,1.3387e-11,3.0577e-11
4.1435e-11,4.3013e-11,4.7924e-11
2.0667e-11,1.8321e-11,2.2022e-11
2.0528e-11,2.4261e-11,1.5284e-11
1.7833e-11,1.2731e-11,2.0335e-11
4.4692e-11,4.7916e-11,4.2714e-11
1.4709e-11,1.8892e-11,2.8659e-11
2.728e-11,1.4301e-11,3.6855e-11
1.7502e-11,1.9621e-11,1.82e-11
1.8453e-11,2.7355e-11,3.7567e-11
1.5143e-11,1.9753e-11,2.2956e-11
2.6132e-11,2.9752e-11,2.8455e-11
3.9552e-11,5.0185e-11,3.9358e-11
3.5345e-11,4.879e-11,3.9538e-11
1.6908e-11,1.9497e-11,1.944e-11
5.4252e-11,7.5016e-11,5.7243e-11
2.3999e-11,4.2381e-11,4.5584e-11
1.1863e-11,2.6095e-11,3.1191e-11
3.6962e-11,5.549e-11,3.913e-11
2.6631e-11,3.6115e-11,2.0563e-11
2.4298e-11,3.7559e-11,1.3506e-11
1.9399e-11,4.0001e-11,4.4367e-11
4.8187e-11,7.7086e-11,5.5517e-11
2.8205e-11,4.1565e-11,3.4577e-11
2.1688e-11,3.0525e-11,1.7396e-11
1.1636e-11,2.8764e-11,1.9632e-11
2.0505e-11,2.5312e-11,2.6569e-11
1.8665e-11,5.1057e-11,4.3543e-11
5.9383e-11,2.4111e-11,6.294e-11
5.92e-11,1.6751e-11,6.0816e-11
3.3471e-11,2.3711e-11,3.5783e-11
3.602e-11,1.6128e-11,4.005e-11
6.1022e-11,2.215e-11,6.2216e-11
8.7817e-11,3.5479e-11,9.1836e-11
3.0047e-11,1.3584e-11,3.1755e-11
3.9114e-11,2.9256e-11,3.962e-11
3.2457e-11,1.2447e-11,3.3317e-11
7.162e-11,3.6035e-11,7.8864e-11
3.9073e-11,2.7336e-11,4.375e-11
2.237e-11,5.0985e-12,2.101e-11
2.4223e-11,1.7464e-11,2.2581e-11
3.9647e-11,1.8673e-11,4.1517e-11
3.2189e-11,1.0635e-11,3.449e-11
4.9427e-11,3.3789e-11,5.6591e-11
5.1469e-11,3.5176e-11,5.8109e-11
1.9012e-11,1.0454e-11,1.7615e-11
2.1933e-11,1.9589e-11,2.2934e-11
1.9811e-11,1.2282e-11,2.2494e-11
3.2254e-11,1.5926e-11,3.3189e-11
2.4498e-11,1.5517e-11,3.4466e-11
2.4042e-11,1.4151e-11,4.0249e-11
2.4878e-11,1.4528e-11,3.3329e-11
2.9008e-11,2.0935e-11,2.9377e-11
1.7457e-11,1.5956e-11,1.44e-11
2.5006e-11,1.9125e-11,2.9999e-11
2.0293e-11,2.0809e-11,1.9328e-11
2.301e-11,3.1133e-11,2.6798e-11
2.1548e-11,1.7208e-11,2.9978e-11
2.1243e-11,1.4255e-11,1.7464e-11
1.5906e-11,2.3519e-11,2.558e-11
1.8141e-11,2.7012e-11,3.2445e-11
2.3253e-11,1.7688e-11,2.046e-11
1.4264e-11,2.2227e-11,1.3682e-11
4.9701e-11,6.9905e-11,5.2672e-11
1.9188e-11,2.6775e-11,2.2963e-11
3.2069e-11,5.3331e-11,6.4694e-11
3.9288e-11,5.2717e-11,3.5438e-11
2.6944e-11,3.8267e-11,3.1959e-11
1.5009e-11,3.2772e-11,1.5784e-11
1.4573e-11,3.2052e-11,1.7095e-11
4.6068e-11,7.7637e-11,5.4443e-11
2.072e-11,2.76e-11,2.6782e-11
2.475e-11,3.1799e-11,2.2169e-11
2.2739e-11,2.8897e-11,2.4137e-11
3.4557e-11,5.5043e-11,2.714e-11
2.483e-11,4.1013e-11,1.2749e-11
1.9511e-11,3.2784e-11,3.4876e-11
2.1996e-11,2.1213e-11,1.7222e-11
1.419e-11,3.2181e-11,1.8849e-11
5.4822e-11,1.3513e-11,5.7562e-11
4.9159e-11,1.25e-11,5.1583e-11
5.498e-11,2.5274e-11,6.397e-11
2.7231e-11,2.7873e-11,2.9147e-11
3.2385e-11,9.3717e-12,3.1974e-11
2.7624e-11,1.4279e-11,2.6055e-11
2.8315e-11,1.9686e-11,2.5516e-11
7.7933e-11,4.3961e-11,8.8593e-11
3.9949e-11,2.4719e-11,5.2279e-11
3.0257e-11,1.454e-11,2.9116e-11
6.3276e-11,4.2335e-11,7.5446e-11
7.0917e-11,5.2925e-11,9.4631e-11
2.9029e-11,2.5263e-11,3.9524e-11
2.4948e-11,1.7057e-11,2.6593e-11
2.3802e-11,1.0416e-11,2.5108e-11
3.2213e-11,2.279e-11,3.1595e-11
2.3762e-11,1.3651e-11,3.1143e-11
4.3382e-11,4.4897e-11,6.4351e-11
2.2538e-11,1.6629e-11,2.5352e-11
1.9108e-11,3.7365e-11,1.7666e-11
3.1486e-11,3.0968e-11,3.6432e-11
3.1629e-11,3.1188e-11,3.6406e-11
2.4736e-11,2.1028e-11,2.9746e-11
2.2152e-11,1.7315e-11,3.2496e-11
2.4965e-11,2.8194e-11,2.1675e-11
2.1739e-11,2.5136e-11,2.5863e-11
2.869e-11,2.8212e-11,2.0696e-11
2.7732e-11,1.3291e-11,1.8187e-11
5.3224e-11,6.6289e-11,5.5478e-11
1.6318e-11,1.663e-11,2.0326e-11
1.7307e-11,2.1066e-11,1.9175e-11
1.7825e-11,2.3549e-11,2.4224e-11
1.8553e-11,1.6157e-11,2.1218e-11
1.4509e-11,2.0233e-11,2.0044e-11
2.1219e-11,3.2349e-11,4.0812e-11
4.8142e-11,7.3082e-11,5.0892e-11
2.5288e-11,3.4297e-11,1.4909e-11
1.8069e-11,3.304e-11,1.3622e-11
3.1806e-11,5.2315e-11,4.3789e-11
1.3567e-11,2.0841e-11,2.2461e-11
1.3833e-11,2.8284e-11,2.3928e-11
1.9438e-11,2.6565e-11,2.9586e-11
2.3152e-11,4.8092e-11,5.1439e-11
2.6205e-11,2.8652e-11,2.0721e-11
2.6169e-11,3.023e-11,2.4538e-11
2.0652e-11,4.3343e-11,1.4769e-11
1.4005e-11,2.9484e-11,3.3621e-11
1.4228e-11,2.6065e-11,1.3023e-11
1.101e-11,2.5091e-11,1.1735e-11
3.662e-11,5.3233e-11,3.6349e-11
5.8143e-11,1.3353e-11,5.7162e-11
5.6386e-11,1.2674e-11,5.906e-11
4.0216e-11,1.4656e-11,3.869e-11
3.22e-11,2.6406e-11,3.3739e-11
6.0503e-11,3.4751e-11,7.7931e-11
4.7993e-11,2.3064e-11,4.75e-11
8.3722e-11,3.3065e-11,8.8194e-11
4.1282e-11,2.4843e-11,6.4464e-11
4.9793e-11,1.7732e-11,4.2728e-11
5.0973e-11,1.6283e-11,4.4307e-11
7.0421e-11,5.4697e-11,8.0105e-11
3.0173e-11,1.4441e-11,2.8801e-11
2.7029e-11,3.3437e-11,2.66e-11
2.5366e-11,1.8723e-11,3.4828e-11
1.79e-11,1.1436e-11,1.6812e-11
2.7754e-11,2.1903e-11,2.7815e-11
5.0982e-11,3.5534e-11,5.6367e-11
6.2187e-11,5.6956e-11,6.6925e-11
2.6957e-11,1.6004e-11,3.1241e-11
3.2578e-11,9.9491e-12,2.0256e-11
2.6616e-11,2.294e-11,2.9428e-11
2.5323e-11,1.6965e-11,2.9779e-11
1.7115e-11,2.2288e-11,2.139e-11
2.373e-11,1.4359e-11,3.39e-11
2.0551e-11,1.5934e-11,1.9462e-11
1.9886e-11,1.4018e-11,3.6929e-11
2.1956e-11,2.3567e-11,2.7569e-11
5.7881e-11,6.2885e-11,6.415e-11
3.2024e-11,4.4724e-11,7.0315e-11
2.8483e-11,2.7445e-11,2.7885e-11
1.9065e-11,2.249e-11,3.0276e-11
6.0977e-11,7.4757e-11,6.6653e-11
2.195e-11,3.3503e-11,4.9031e-11
2.831e-11,3.6987e-11,3.1462e-11
2.6306e-11,1.964e-11,2.0468e-11
1.6459e-11,3.0668e-11,1.3291e-11
1.6359e-11,2.773e-11,4.5511e-11
1.3927e-11,2.1605e-11,2.5691e-11
2.7375e-11,3.6068e-11,2.7441e-11
2.9667e-11,2.7692e-11,2.2304e-11
2.0184e-11,2.5606e-11,2.1801e-11
1.0813e-11,2.0121e-11,1.3489e-11
2.498e-11,5.0929e-11,5.6683e-11
2.1681e-11,1.9619e-11,2.5559e-11
4.0791e-11,5.8783e-11,4.5356e-11
1.3375e-11,2.7619e-11,3.2388e-11
2.7753e-11,3.9718e-11,3.0213e-11
2.4184e-11,3.0059e-11,2.6848e-11
5.5974e-11,4.3838e-11,4.3173e-11
5.0673e-11,2.8805e-11,4.9953e-11
4.9861e-11,1.0609e-11,5.1241e-11
4.7002e-11,3.4831e-11,4.7096e-11
6.6834e-11,2.2899e-11,6.6275e-11
4.7789e-11,1.7568e-11,5.0066e-11
6.0826e-11,2.1205e-11,6.2849e-11
3.5129e-11,1.9181e-11,5.7873e-11
2.6791e-11,1.6544e-11,2.7644e-11
5.8145e-11,4.6032e-11,6.5352e-11
6.1082e-11,3.0892e-11,6.8557e-11
6.7788e-11,4.5764e-11,8.1288e-11
3.6434e-11,2.6111e-11,3.8872e-11
2.1815e-11,8.162e-12,1.9035e-11
4.9355e-11,3.4202e-11,5.5635e-11
2.5095e-11,1.5421e-11,2.3949e-11
5.6312e-11,5.2161e-11,6.1418e-11
2.0201e-11,1.4371e-11,2.3041e-11
3.0371e-11,2.1909e-11,2.9556e-11
5.3595e-11,4.9343e-11,8.107e-11
2.0904e-11,2.5347e-11,2.3556e-11
1.9085e-11,1.9499e-11,1.9971e-11
2.2588e-11,1.8232e-11,2.3192e-11
2.215e-11,2.3316e-11,3.2821e-11
2.5753e-11,1.3619e-11,2.2078e-11
1.9163e-11,1.3802e-11,2.9925e-11
2.2997e-11,2.3656e-11,2.9921e-11
1.3667e-11,1.3733e-11,1.7359e-11
3.0922e-11,5.2179e-11,7.4304e-11
2.3678e-11,2.3872e-11,2.8783e-11
1.7476e-11,2.1425e-11,1.9419e-11
1.8276e-11,3.6957e-11,1.9453e-11
3.0427e-11,4.1518e-11,2.9244e-11
1.2282e-11,2.4405e-11,1.6658e-11
1.901e-11,4.1689e-11,4.8384e-11
1.3704e-11,2.5083e-11,1.2986e-11
2.7718e-11,3.1793e-11,3.3429e-11
1.6462e-11,2.2203e-11,1.9634e-11
4.1295e-11,2.9641e-11,2.5988e-11
3.7661e-11,4.2464e-11,3.9758e-11
7.7222e-11,1.6718e-11,6.7011e-11
6.1776e-11,2.1124e-11,6.8825e-11
6.8648e-11,1.3077e-11,6.1687e-11
5.2747e-11,3.4523e-11,5.2838e-11
4.2247e-11,1.63e-11,4.4648e-11
5.2748e-11,1.6626e-11,5.4408e-11
4.4538e-11,2.4513e-11,4.6684e-11
3.9759e-11,1.5361e-11,3.8688e-11
3.1147e-11,3.4241e-11,2.8332e-11
3.2941e-11,1.4539e-11,3.2839e-11
3.2583e-11,1.4972e-11,3.5742e-11
2.5896e-11,3.6983e-11,2.3866e-11
2.8699e-11,1.6743e-11,2.7186e-11
6.6016e-11,5.005e-11,7.4088e-11
4.5723e-11,3.0451e-11,4.834e-11
3.9993e-11,2.7609e-11,4.3507e-11
6.5101e-11,4.5311e-11,7.035e-11
7.3556e-11,5.4711e-11,9.2763e-11
6.7164e-11,5.9356e-11,7.1627e-11
5.1651e-11,3.5881e-11,5.8527e-11
4.8146e-11,4.0695e-11,4.8374e-11
4.3985e-11,3.4553e-11,4.0781e-11
2.4333e-11,1.6454e-11,2.7165e-11
2.655e-11,1.2424e-11,1.8111e-11
2.6731e-11,2.7069e-11,3.2806e-11
2.1089e-11,2.1978e-11,2.5744e-11
2.0738e-11,1.9116e-11,4.9578e-11
1.8465e-11,1.9766e-11,1.6388e-11
5.1467e-11,5.0151e-11,4.8828e-11
2.312e-11,2.1809e-11,3.041e-11
1.8752e-11,2.0789e-11,2.2616e-11
2.7788e-11,4.7086e-11,5.6748e-11
5.5672e-11,6.3419e-11,6.0048e-11
3.8768e-11,2.5458e-11,2.3995e-11
2.1218e-11,3.6102e-11,3.6203e-11
2.4354e-11,1.4317e-11,2.8167e-11
2.9987e-11,3.8776e-11,6.1709e-11
2.234e-11,3.5648e-11,4.6637e-11
1.7579e-11,2.076e-11,2.0773e-11
4.369e-11,5.6987e-11,4.3731e-11
1.6013e-11,2.8357e-11,1.3013e-11
2.465e-11,4.2339e-11,2.9009e-11
1.1913e-11,2.4473e-11,2.2076e-11
1.2096e-11,3.3555e-11,1.7116e-11
1.7691e-11,2.1264e-11,2.1285e-11
1.3224e-11,3.0118e-11,1.9962e-11
1.5081e-11,2.418e-11,1.6878e-11
5.4556e-11,3.9795e-11,3.8275e-11
3.2941e-11,3.1046e-11,3.0402e-11
6.2689e-11,2.5635e-11,6.6542e-11
4.6043e-11,1.272e-11,4.4523e-11
6.9195e-11,2.6932e-11,6.774e-11
2.867e-11,6.2525e-12,2.9782e-11
2.2691e-11,1.2899e-11,2.3169e-11
2.9586e-11,1.5056e-11,2.4339e-11
6.2795e-11,5.4106e-11,6.7845e-11
2.9449e-11,9.703e-12,2.5672e-11
2.6087e-11,1.5551e-11,2.7209e-11
6.645e-11,5.7493e-11,7.9005e-11
5.3238e-11,4.4616e-11,6.3601e-11
6.1479e-11,6.4578e-11,6.8196e-11
6.6718e-11,6.8174e-11,6.9982e-11
1.8289e-11,2.1881e-11,1.9167e-11
4.6446e-11,4.6802e-11,4.6971e-11
3.3998e-11,1.9981e-11,1.5545e-11
2.8693e-11,1.3334e-11,2.2688e-11
2.6778e-11,1.736e-11,1.9467e-11
1.8357e-11,2.3463e-11,1.7388e-11
3.0509e-11,4.2029e-11,7.1077e-11
6.1884e-11,7.2512e-11,6.6039e-11
4.4618e-11,5.1806e-11,4.4689e-11
2.6492e-11,4.4743e-11,7.4994e-11
1.7707e-11,1.8912e-11,1.4695e-11
2.6369e-11,4.4092e-11,7.5343e-11
2.0708e-11,3.1776e-11,2.5499e-11
1.9738e-11,2.0135e-11,2.0014e-11
2.2281e-11,2.4625e-11,1.9377e-11
1.8849e-11,2.211e-11,1.6055e-11
2.2894e-11,3.3112e-11,2.4794e-11
1.0936e-11,2.2901e-11,1.7638e-11
2.2924e-11,3.3056e-11,2.6766e-11
2.8088e-11,4.1471e-11,1.4482e-11
1.7197e-11,4e-11,1.4008e-11
1.4284e-11,2.3658e-11,1.581e-11
3.9005e-11,3.9582e-11,5.0003e-11
4.1591e-11,4.793e-11,5.0432e-11
6.3485e-11,2.7456e-11,6.5824e-11
5.9116e-11,1.5166e-11,5.1628e-11
3.8506e-11,1.4258e-11,4.1685e-11
4.1171e-11,2.4223e-11,4.2868e-11
6.0897e-11,3.0859e-11,8.2812e-11
4.3144e-11,1.389e-11,4.3596e-11
7.0277e-11,2.6273e-11,6.4112e-11
3.3449e-11,1.1283e-11,3.3043e-11
8.1758e-11,3.0393e-11,8.445e-11
8.3601e-11,3.4644e-11,9.5881e-11
3.0221e-11,1.871e-11,3.0053e-11
2.2778e-11,1.1723e-11,2.2365e-11
2.915e-11,1.7558e-11,2.5564e-11
2.3782e-11,1.989e-11,2.057e-11
2.3623e-11,1.1855e-11,2.212e-11
2.6351e-11,1.3041e-11,2.8061e-11
2.6881e-11,1.4195e-11,2.9814e-11
4.2797e-11,2.8977e-11,4.2313e-11
2.2097e-11,7.5566e-12,1.9229e-11
3.0818e-11,1.2386e-11,3.1227e-11
2.1061e-11,1.0568e-11,1.8535e-11
2.75e-11,2.3008e-11,2.9519e-11
1.8361e-11,1.0078e-11,2.347e-11
2.9148e-11,3.193e-11,2.9851e-11
2.0124e-11,1.4391e-11,2.4611e-11
1.6469e-11,1.0203e-11,1.8503e-11
1.9522e-11,1.1493e-11,2.0329e-11
1.8356e-11,1.2472e-11,3.752e-11
3.0431e-11,4.0441e-11,3.8509e-11
1.4787e-11,1.3256e-11,3.3992e-11
1.8538e-11,1.4062e-11,1.7047e-11
2.0635e-11,1.2986e-11,1.6513e-11
2.9799e-11,4.7582e-11,5.2469e-11
3.1821e-11,2.1204e-11,2.0946e-11
1.8286e-11,1.9923e-11,2.0606e-11
2.7515e-11,3.0611e-11,3.0759e-11
3.5167e-11,2.275e-11,2.0997e-11
2.1847e-11,3.5772e-11,3.8468e-11
1.8966e-11,2.2726e-11,2.1086e-11
1.4576e-11,1.9019e-11,2.0537e-11
2.0617e-11,1.605e-11,1.7169e-11
2.5327e-11,4.6601e-11,7.9585e-11
4.869e-11,6.4922e-11,4.9894e-11
4.6374e-11,6.1289e-11,4.3599e-11
3.3637e-11,4.6282e-11,3.2638e-11
1.316e-11,1.6105e-11,1.6368e-11
2.0163e-11,3.1011e-11,4.2309e-11
2.3343e-11,5.0698e-11,7.2325e-11
1.4082e-11,2.2313e-11,2.4168e-11
3.2141e-11,3.3291e-11,1.532e-11
4.5337e-11,6.6245e-11,4.2529e-11
1.8012e-11,1.8474e-11,2.1514e-11
1.0777e-11,2.5153e-11,2.3192e-11
9.2308e-12,2.2021e-11,1.9543e-11
2.4425e-11,5.359e-11,6.7605e-11
2.758e-11,3.8069e-11,2.5809e-11
1.9971e-11,2.9357e-11,3.2548e-11
1.7121e-11,3.9176e-11,5.0285e-11
1.6686e-11,5.3599e-11,2.6281e-11
6.1963e-11,2.2223e-11,6.5715e-11
6.8897e-11,2.7041e-11,7.2892e-11
3.5842e-11,1.9102e-11,3.278e-11
4.7539e-11,2.8802e-11,5.8183e-11
7.4182e-11,2.4555e-11,7.2588e-11
5.4166e-11,1.7733e-11,4.7903e-11
8.2865e-11,3.5615e-11,9.6351e-11
3.1824e-11,1.2127e-11,3.1381e-11
7.3141e-11,3.3908e-11,9.3069e-11
3.0172e-11,1.939e-11,3.1133e-11
2.3294e-11,9.4333e-12,2.4035e-11
5.177e-11,3.8234e-11,5.2432e-11
1.9729e-11,2.294e-11,2.2354e-11
3.0071e-11,1.237e-11,3.0662e-11
1.9672e-11,1.0174e-11,2.5482e-11
2.0983e-11,1.4815e-11,2.8573e-11
4.2198e-11,3.943e-11,4.8618e-11
5.73e-11,5.8646e-11,6.0599e-11
2.8398e-11,1.375e-11,2.0534e-11
2.036e-11,1.1468e-11,2.566e-11
2.7309e-11,1.076e-11,1.8654e-11
5.4688e-11,6.3753e-11,8.4286e-11
2.2441e-11,1.6808e-11,2.2331e-11
2.034e-11,3.408e-11,2.6876e-11
2.3897e-11,2.1093e-11,2.5244e-11
2.1911e-11,1.7906e-11,1.7296e-11
2.7927e-11,1.0285e-11,1.3602e-11
1.6806e-11,1.3264e-11,1.8331e-11
1.4804e-11,1.0366e-11,2.8748e-11
2.3745e-11,3.4228e-11,3.5528e-11
1.8727e-11,1.2265e-11,1.8949e-11
1.4813e-11,1.3505e-11,1.6671e-11
2.5288e-11,3.8816e-11,2.8781e-11
2.3365e-11,1.8681e-11,1.5422e-11
2.1528e-11,3.3043e-11,3.004e-11
1.9441e-11,2.1726e-11,2.0345e-11
1.9719e-11,3.5127e-11,5.1243e-11
1.8664e-11,2.029e-11,1.8066e-11
1.1839e-11,2.8094e-11,1.8352e-11
1.2505e-11,3.0616e-11,3.5559e-11
4.8554e-11,7.553e-11,4.8819e-11
1.4354e-11,2.0437e-11,1.5864e-11
6.652e-11,2.3891e-11,6.9824e-11
4.3165e-11,1.9001e-11,4.4568e-11
7.2185e-11,2.4128e-11,7.1705e-11
3.594e-11,1.1514e-11,4.2061e-11
3.3492e-11,1.8854e-11,4.7816e-11
3.0501e-11,1.234e-11,3.2644e-11
3.4108e-11,2.0678e-11,4.6719e-11
4.7545e-11,2.3067e-11,5.9068e-11
3.2902e-11,2.4829e-11,4.7681e-11
1.9206e-11,1.8129e-11,1.7598e-11
3.3888e-11,2.1489e-11,5.4448e-11
4.421e-11,3.9874e-11,4.722e-11
6.3148e-11,7.1662e-11,9.9827e-11
2.2626e-11,6.8218e-12,1.8464e-11
2.8084e-11,1.802e-11,2.2118e-11
1.7533e-11,1.5347e-11,1.7148e-11
2.1922e-11,1.4135e-11,2.276e-11
4.0962e-11,3.5638e-11,5.0911e-11
2.5054e-11,1.2461e-11,2.2653e-11
1.9097e-11,8.8215e-12,1.7184e-11
2.0623e-11,7.7285e-12,1.4396e-11
2.4851e-11,2.921e-11,2.5799e-11
1.7445e-11,1.933e-11,1.4511e-11
5.3156e-11,6.3967e-11,5.6071e-11
1.7478e-11,2.9904e-11,3.1935e-11
2.3955e-11,2.3109e-11,2.5931e-11
2.2075e-11,4.1106e-11,5.976e-11
1.7035e-11,3.19e-11,3.5508e-11
2.9506e-11,3.9378e-11,2.9366e-11
1.541e-11,3.1241e-11,2.6852e-11
1.48e-11,3.2086e-11,3.4535e-11
2.3485e-11,5.0636e-11,7.586e-11
1.2516e-11,2.7899e-11,3.2135e-11
1.381e-11,2.5317e-11,1.908e-11
1.9936e-11,2.2989e-11,2.2496e-11
2.12e-11,5.0557e-11,7.0689e-11
2.2522e-11,4.5111e-11,1.6308e-11
1.401e-11,3.4116e-11,4.0838e-11
1.8431e-11,2.6603e-11,2.1824e-11
2.3845e-11,2.7529e-11,2.2462e-11
6.7679e-11,1.6435e-11,6.4424e-11
5.6098e-11,1.8211e-11,5.5419e-11
7.136e-11,2.2099e-11,7.0615e-11
5.1376e-11,2.2749e-11,5.4637e-11
5.7924e-11,2.0905e-11,6.0183e-11
6.8182e-11,2.364e-11,6.8832e-11
6.1078e-11,2.8234e-11,7.6835e-11
3.3045e-11,1.3229e-11,3.5291e-11
3.7789e-11,2.1576e-11,5.5634e-11
3.2019e-11,1.6769e-11,2.9959e-11
2.889e-11,1.4521e-11,3.0312e-11
3.8887e-11,1.1825e-11,3.8729e-11
6.3159e-11,3.8182e-11,6.7313e-11
5.798e-11,3.5473e-11,6.6353e-11
2.4261e-11,1.2398e-11,2.234e-11
3.0294e-11,1.1969e-11,3.1288e-11
5.9408e-11,3.9444e-11,6.0926e-11
3.1318e-11,3.0077e-11,2.8638e-11
3.1288e-11,1.8266e-11,3.1632e-11
2.1769e-11,1.4033e-11,2.0727e-11
5.8634e-11,6.2121e-11,6.8592e-11
5.6457e-11,5.5536e-11,5.6467e-11
3.7217e-11,3.8763e-11,3.9653e-11
2.4822e-11,1.0445e-11,1.9718e-11
1.9347e-11,1.7314e-11,2.3551e-11
2.539e-11,2.7525e-11,2.571e-11
2.2613e-11,7.0904e-12,1.3591e-11
2.2566e-11,1.0693e-11,1.9672e-11
1.4456e-11,1.3346e-11,2.0945e-11
3.2688e-11,3.2058e-11,2.2397e-11
2.4631e-11,4.6775e-11,6.2467e-11
2.5867e-11,2.4479e-11,2.2711e-11
5.0267e-11,6.6641e-11,5.1735e-11
2.2976e-11,5.0742e-11,7.6746e-11
1.7874e-11,3.6186e-11,4.1626e-11
1.7355e-11,4.0424e-11,5.3415e-11
5.2617e-11,7.3855e-11,5.2893e-11
2.4213e-11,1.7661e-11,2.7426e-11
2.1171e-11,3.2998e-11,2.1618e-11
1.4042e-11,1.84e-11,2.1663e-11
3.2755e-11,4.4718e-11,2.9237e-11
1.9118e-11,3.2766e-11,2.5092e-11
1.9468e-11,5.3585e-11,6.7414e-11
1.1686e-11,2.0966e-11,1.9284e-11
2.7926e-11,3.8627e-11,2.8977e-11
1.3847e-11,2.3061e-11,3.8947e-11
1.6345e-11,2.8062e-11,1.4815e-11
1.4574e-11,2.6035e-11,2.9515e-11
1.0771e-11,3.551e-11,1.5498e-11
2.1175e-11,2.6371e-11,1.4972e-11
2.9982e-11,3.949e-11,2.8023e-11
3.7068e-11,4.9234e-11,3.6722e-11
4.4366e-11,4.732e-11,3.8016e-11
6.4842e-11,1.893e-11,6.1697e-11
6.91e-11,1.4068e-11,6.232e-11
4.9274e-11,2.1476e-11,4.5891e-11
4.6879e-11,2.4778e-11,4.9543e-11
3.9054e-11,1.1798e-11,3.935e-11
3.6671e-11,1.1975e-11,3.8e-11
4.8912e-11,1.9154e-11,5.2332e-11
5.7558e-11,3.4098e-11,6.7008e-11
3.9576e-11,1.9296e-11,4.9415e-11
2.5392e-11,2.8218e-11,2.4478e-11
2.7476e-11,2.2654e-11,2.4555e-11
5.4233e-11,5.3093e-11,5.7163e-11
4.3898e-11,3.6938e-11,4.4652e-11
1.9528e-11,1.2723e-11,2.2375e-11
2.3823e-11,1.7418e-11,1.9303e-11
2.465e-11,1.7281e-11,3.51e-11
3.2517e-11,3.1995e-11,3.3939e-11
5.6592e-11,5.4278e-11,5.4908e-11
2.3781e-11,2.2262e-11,2.9452e-11
2.9989e-11,2.7714e-11,3.0141e-11
2.949e-11,1.3821e-11,2.5252e-11
3.1287e-11,3.1374e-11,3.1825e-11
2.3213e-11,9.0139e-12,2.1306e-11
2.8115e-11,2.5382e-11,2.1372e-11
3.9252e-11,2.472e-11,1.6036e-11
1.7873e-11,1.1521e-11,1.4887e-11
3.3307e-11,2.3241e-11,1.9887e-11
2.0499e-11,2.1044e-11,1.9721e-11
2.0736e-11,3.2509e-11,3.1985e-11
2.8421e-11,5.8245e-11,7.4877e-11
1.451e-11,2.4027e-11,1.9111e-11
4.3074e-11,5.7285e-11,4.227e-11
2.171e-11,5.6131e-11,7.1251e-11
1.72e-11,1.8602e-11,1.7692e-11
1.1386e-11,2.5407e-11,1.2793e-11
1.0018e-11,2.9144e-11,1.4637e-11
2.16e-11,2.5596e-11,2.2011e-11
1.3393e-11,1.6033e-11,2.1915e-11
1.4553e-11,1.9633e-11,9.0161e-12
1.6863e-11,1.8933e-11,2.6311e-11
1.3417e-11,3.4645e-11,3.9167e-11
1.5336e-11,3.5519e-11,3.3976e-11
2.0892e-11,2.7518e-11,2.0964e-11
1.657e-11,2.3628e-11,2.4361e-11
1.9365e-11,4.0932e-11,1.5418e-11
1.7112e-11,4.7596e-11,5.7496e-11
6.3974e-11,2.6938e-11,6.1293e-11
7.3577e-11,3.023e-11,8.194e-11
5.3576e-11,1.7436e-11,5.4259e-11
5.2218e-11,1.7672e-11,5.445e-11
4.8949e-11,1.7916e-11,4.937e-11
2.979e-11,7.6307e-12,3.4064e-11
4.1406e-11,1.6846e-11,4.3256e-11
7.0357e-11,2.388e-11,7.4472e-11
2.6772e-11,2.0627e-11,2.9269e-11
2.5822e-11,1.0656e-11,2.4381e-11
4.5431e-11,2.231e-11,4.29e-11
2.6417e-11,1.4897e-11,2.7627e-11
2.4496e-11,1.2464e-11,2.3449e-11
4.6698e-11,3.4163e-11,6.394e-11
5.1448e-11,3.6503e-11,5.6192e-11
2.2968e-11,8.6817e-12,1.6793e-11
4.6563e-11,4.0889e-11,4.2623e-11
3.5334e-11,3.122e-11,3.6048e-11
2.2676e-11,2.0549e-11,1.896e-11
4.238e-11,3.8979e-11,3.8387e-11
1.956e-11,2.597e-11,2.6699e-11
2.7057e-11,3.9041e-11,3.5351e-11
2.3853e-11,2.2559e-11,1.7582e-11
2.415e-11,3.1612e-11,2.3207e-11
5.6973e-11,7.8138e-11,5.6822e-11
1.1049e-11,2.9354e-11,3.0187e-11
2.3771e-11,5.602e-11,8.0893e-11
2.1064e-11,6.2079e-11,7.6396e-11
5.0037e-11,6.9355e-11,4.6568e-11
2.4276e-11,2.8801e-11,3.3307e-11
2.3982e-11,3.1327e-11,2.0475e-11
1.4321e-11,2.7179e-11,2.3266e-11
2.8145e-11,2.8399e-11,3.5696e-11
1.3945e-11,3.9121e-11,1.8187e-11
1.8389e-11,2.14e-11,2.4851e-11
8.1588e-11,1.9066e-11,7.1411e-11
7.9006e-11,1.8304e-11,7.254e-11
6.1207e-11,1.5785e-11,6.0033e-11
6.5748e-11,2.8342e-11,6.6335e-11
5.5472e-11,1.3489e-11,5.414e-11
4.6188e-11,1.5718e-11,4.2958e-11
6.751e-11,2.9699e-11,7.2468e-11
5.1442e-11,2.1783e-11,4.7338e-11
3.0418e-11,1.778e-11,3.4166e-11
7.0827e-11,2.4958e-11,6.2863e-11
7.2661e-11,3.1558e-11,8.342e-11
3.8952e-11,2.4743e-11,4.5713e-11
4.9763e-11,2.1121e-11,4.811e-11
3.0717e-11,2.4906e-11,4.2605e-11
2.0992e-11,1.6053e-11,2.0755e-11
2.5757e-11,2.0382e-11,2.6522e-11
6.0589e-11,6.0007e-11,6.3319e-11
4.1164e-11,2.4608e-11,4.7858e-11
2.8564e-11,1.6245e-11,3.7537e-11
6.016e-11,5.2221e-11,6.2443e-11
2.1775e-11,1.54e-11,2.0458e-11
2.2867e-11,8.4402e-12,1.8202e-11
2.2793e-11,1.3523e-11,2.2849e-11
2.7267e-11,1.7254e-11,1.4264e-11
3.1132e-11,2.1763e-11,3.4789e-11
2.8933e-11,1.5865e-11,2.7407e-11
1.7812e-11,2.9122e-11,2.5499e-11
2.6193e-11,1.8983e-11,1.9158e-11
2.2198e-11,3.6733e-11,3.1644e-11
2.5245e-11,2.3047e-11,1.9389e-11
6.2069e-11,7.3271e-11,6.5786e-11
2.4387e-11,2.8173e-11,2.114e-11
1.2457e-11,2.0357e-11,2.0166e-11
1.3343e-11,3.1071e-11,3.0499e-11
1.6938e-11,4.4734e-11,5.0405e-11
5.6307e-11,8.239e-11,5.9576e-11
1.7609e-11,2.8302e-11,1.8721e-11
2.076e-11,2.2629e-11,2.1124e-11
1.1827e-11,3.2976e-11,1.5945e-11
1.7683e-11,2.4318e-11,2.5604e-11
1.489e-11,4.1442e-11,3.7801e-11
5.2912e-11,7.225e-11,4.7306e-11
1.4328e-11,2.9153e-11,1.9199e-11
1.3334e-11,3.4643e-11,3.5931e-11
1.4022e-11,2.4476e-11,2.9793e-11
1.4279e-11,2.3328e-11,1.7508e-11
1.0053e-11,2.0488e-11,1.7362e-11
2.3239e-11,3.1611e-11,2.2455e-11
6.6898e-11,1.4411e-11,6.1115e-11
5.6998e-11,1.8432e-11,5.6364e-11
6.1186e-11,2.2156e-11,5.6878e-11
5.4318e-11,2.7186e-11,5.4848e-11
5.6695e-11,1.9694e-11,5.156e-11
5.6129e-11,2.186e-11,6.0472e-11
7.6807e-11,4.1256e-11,8.9619e-11
6.8874e-11,3.5173e-11,7.4973e-11
3.5843e-11,2.42e-11,3.176e-11
6.2775e-11,3.5418e-11,6.7458e-11
7.5478e-11,2.9702e-11,7.0298e-11
6.8689e-11,2.5993e-11,6.4688e-11
3.0243e-11,1.2046e-11,3.1721e-11
2.946e-11,8.7593e-12,2.9802e-11
7.269e-11,2.5118e-11,8.2427e-11
4.0079e-11,2.262e-11,3.9891e-11
2.761e-11,9.656e-12,3.0584e-11
2.6507e-11,2.1262e-11,2.8679e-11
5.4599e-11,4.2567e-11,5.1923e-11
2.0192e-11,6.504e-12,2.287e-11
3.5185e-11,2.2467e-11,4.2638e-11
3.7172e-11,2.3938e-11,5.8864e-11
5.5203e-11,3.8081e-11,6.5951e-11
6.1819e-11,5.43e-11,6.3336e-11
4.0452e-11,3.53e-11,4.1224e-11
6.9415e-11,8.0726e-11,9.3622e-11
3.3242e-11,3.12e-11,3.2796e-11
5.9851e-11,8.5969e-11,9.3999e-11
2.5022e-11,1.664e-11,3.3547e-11
2.1743e-11,1.9096e-11,1.7509e-11
2.2739e-11,2.3203e-11,2.0061e-11
3.6104e-11,3.944e-11,3.3675e-11
2.3756e-11,2.3885e-11,2.0375e-11
1.4491e-11,2.1097e-11,1.9196e-11
2.7434e-11,3.6236e-11,2.6768e-11
4.1221e-11,5.4914e-11,3.9339e-11
5.3552e-11,7.1921e-11,5.3397e-11
1.6865e-11,2.2857e-11,1.5421e-11
1.027e-11,2.9489e-11,3.1281e-11
1.4659e-11,3.9829e-11,1.9681e-11
1.2723e-11,4.4478e-11,4.5989e-11
1.2385e-11,2.7758e-11,2.2098e-11
1.8845e-11,5.8102e-11,7.2072e-11
1.6731e-11,2.0074e-11,2.3743e-11
1.7748e-11,5.7631e-11,7.0034e-11
1.5205e-11,2.7216e-11,1.7909e-11
2.7589e-11,2.5004e-11,2.4814e-11
1.0445e-11,1.8334e-11,1.4782e-11
1.5098e-11,3.113e-11,2.2267e-11
5.896e-11,1.8518e-11,5.9842e-11
7.509e-11,2.9141e-11,7.5129e-11
5.9491e-11,2.2812e-11,5.4041e-11
4.65e-11,1.7853e-11,4.2531e-11
3.3709e-11,1.037e-11,3.2293e-11
3.5993e-11,1.335e-11,3.7568e-11
5.3186e-11,3.4484e-11,5.8998e-11
3.132e-11,2.1715e-11,3.2742e-11
2.6346e-11,7.3926e-12,1.9334e-11
3.3737e-11,1.8962e-11,3.6374e-11
3.5468e-11,1.9346e-11,3.4175e-11
3.179e-11,2.4307e-11,5.408e-11
2.6326e-11,1.2756e-11,2.1655e-11
5.5301e-11,4.4296e-11,5.51e-11
2.4469e-11,1.4507e-11,2.2685e-11
2.5776e-11,1.5814e-11,2.492e-11
2.8191e-11,1.6961e-11,3.0262e-11
3.5452e-11,3.1945e-11,3.9528e-11
2.3153e-11,2.149e-11,2.386e-11
1.9705e-11,2.8976e-11,2.101e-11
2.8904e-11,1.894e-11,3.0727e-11
2.0299e-11,1.9961e-11,1.8536e-11
3.3293e-11,1.196e-11,2.161e-11
2.5376e-11,1.5943e-11,3.1032e-11
2.1844e-11,1.1868e-11,1.6106e-11
2.5071e-11,2.8924e-11,2.4672e-11
4.1395e-11,5.9227e-11,5.5232e-11
1.661e-11,1.8241e-11,3.2331e-11
6.2477e-11,7.0313e-11,6.6746e-11
3.6992e-11,7.8317e-11,8.2881e-11
1.5006e-11,4.1972e-11,3.5579e-11
5.3131e-11,7.6671e-11,5.2473e-11
1.7377e-11,2.4714e-11,1.624e-11
1.7806e-11,2.5791e-11,1.7661e-11
1.992e-11,2.0251e-11,1.4093e-11
3.8241e-11,4.4826e-11,3.7684e-11
3.0711e-11,2.4142e-11,2.7582e-11
7.8377e-11,1.6388e-11,7.1307e-11
5.9503e-11,1.863e-11,6.2738e-11
5.6294e-11,1.8142e-11,5.4937e-11
5.4109e-11,1.3492e-11,5.3342e-11
6.2548e-11,2.1921e-11,6.4535e-11
4.6634e-11,1.7709e-11,4.0694e-11
4.3133e-11,1.5184e-11,4.5813e-11
4.503e-11,1.3701e-11,4.0394e-11
3.1463e-11,2.226e-11,3.2196e-11
7.0177e-11,5.0895e-11,7.4517e-11
6.1369e-11,2.3184e-11,7.2437e-11
5.0204e-11,5.2527e-11,4.9439e-11
3.7859e-11,1.624e-11,3.8069e-11
6.2305e-11,5.1074e-11,6.5839e-11
2.2378e-11,1.6219e-11,3.0309e-11
4.5554e-11,1.9236e-11,4.3508e-11
2.7605e-11,2.3164e-11,2.0946e-11
5.3498e-11,3.8457e-11,6.1812e-11
7.4787e-11,6.4914e-11,7.3543e-11
2.6985e-11,1.5378e-11,2.9133e-11
2.5677e-11,1.9548e-11,3.6181e-11
7.1424e-11,8.374e-11,8.3702e-11
2.6792e-11,1.1785e-11,2.4398e-11
5.7155e-11,5.903e-11,5.5835e-11
5.5296e-11,8.9617e-11,7.9995e-11
5.6824e-11,5.5585e-11,5.3435e-11
2.27e-11,1.9467e-11,2.4982e-11
5.1727e-11,5.9606e-11,4.7839e-11
3.6448e-11,7.5277e-11,9.1837e-11
4.0821e-11,5.2499e-11,4.0653e-11
3.9349e-11,5.7379e-11,4.189e-11
1.2737e-11,1.8934e-11,2.2714e-11
1.5245e-11,2.3243e-11,2.6922e-11
1.4906e-11,2.8365e-11,2.7413e-11
1.3559e-11,2.7383e-11,3.3075e-11
2.1154e-11,2.9527e-11,1.9459e-11
1.5705e-11,3.8816e-11,4.3801e-11
2.6818e-11,3.3462e-11,1.9088e-11
4.1905e-11,5.2034e-11,4.0935e-11
1.5418e-11,1.3949e-11,1.4574e-11
6.4572e-11,1.5518e-11,5.783e-11
6.6979e-11,1.5646e-11,6.2447e-11
6.4856e-11,2.0019e-11,6.3224e-11
3.9677e-11,1.1213e-11,4.2177e-11
6.2778e-11,4.166e-11,6.2648e-11
6.4423e-11,4.1022e-11,6.7047e-11
2.5822e-11,1.1846e-11,2.2937e-11
2.7811e-11,7.8201e-12,2.9675e-11
3.2988e-11,1.915e-11,2.5106e-11
4.6139e-11,4.3993e-11,4.5879e-11
2.4186e-11,1.3025e-11,2.1638e-11
2.1141e-11,1.5801e-11,2.8882e-11
2.3292e-11,3.1769e-11,3.6902e-11
3.2135e-11,2.3658e-11,3.642e-11
2.8475e-11,1.4264e-11,3.058e-11
1.6488e-11,1.5374e-11,1.5115e-11
3.2755e-11,1.6722e-11,2.1029e-11
2.3027e-11,2.1022e-11,2.237e-11
5.8077e-11,6.0535e-11,5.6342e-11
2.5406e-11,1.9122e-11,2.4372e-11
1.8322e-11,1.8506e-11,2.4231e-11
4.4042e-11,4.3821e-11,3.7339e-11
2.9067e-11,4.1418e-11,2.7284e-11
2.3637e-11,2.522e-11,2.0496e-11
4.0113e-11,7.8697e-11,9.3419e-11
3.3413e-11,8.2705e-11,8.7656e-11
2.5716e-11,5.5494e-11,6.1305e-11
1.6777e-11,2.915e-11,2.1744e-11
2.2481e-11,3.3395e-11,2.3566e-11
1.6537e-11,2.6096e-11,1.7556e-11
3.8585e-11,5.4284e-11,3.9023e-11
1.3383e-11,3.2551e-11,1.6154e-11
1.3293e-11,2.8024e-11,1.6403e-11
1.5872e-11,3.4406e-11,2.2361e-11
4.5758e-11,5.0923e-11,3.8172e-11
2.6633e-11,2.7762e-11,2.7826e-11
2.7048e-11,2.783e-11,2.5668e-11
1.8824e-11,1.9035e-11,2.3958e-11
1.8444e-11,2.2908e-11,1.6251e-11
1.9521e-11,2.6338e-11,1.8675e-11
2.6177e-11,3.8767e-11,2.6812e-11
7.6469e-11,2.1022e-11,6.8335e-11
6.682e-11,2.1385e-11,6.4727e-11
3.8785e-11,2.0453e-11,3.9376e-11
5.0728e-11,2.1566e-11,4.3422e-11
3.5047e-11,1.4205e-11,2.9591e-11
4.6161e-11,1.4872e-11,4.4798e-11
7.8195e-11,2.734e-11,7.0682e-11
6.5269e-11,3.5846e-11,6.4154e-11
3.2621e-11,1.907e-11,3.6207e-11
4.0024e-11,1.6439e-11,3.8558e-11
6.9067e-11,3.7449e-11,9.1237e-11
2.4014e-11,1.2657e-11,2.7503e-11
2.5623e-11,2.3757e-11,2.2652e-11
3.0475e-11,1.8185e-11,2.6606e-11
7.9287e-11,6.3187e-11,7.9373e-11
4.7448e-11,4.5483e-11,4.6997e-11
2.4285e-11,3.5054e-11,3.2593e-11
1.6223e-11,6.7308e-12,2.1371e-11
2.1953e-11,1.7395e-11,2.6552e-11
7.461e-11,8.9778e-11,9.3622e-11
2.0647e-11,1.4033e-11,2.1395e-11
2.0869e-11,1.4201e-11,2.1126e-11
5.4999e-11,5.1385e-11,5.0848e-11
3.0408e-11,2.7908e-11,2.7494e-11
2.5881e-11,2.5742e-11,3.1842e-11
4.6176e-11,6.9433e-11,5.9654e-11
4.4751e-11,6.2493e-11,5.4152e-11
1.5185e-11,1.8802e-11,2.4323e-11
2.1977e-11,1.7436e-11,1.7826e-11
1.4875e-11,2.0496e-11,2.2932e-11
1.8734e-11,3.0054e-11,2.3207e-11
3.6858e-11,6.1228e-11,5.8533e-11
1.8951e-11,2.3731e-11,1.7759e-11
1.744e-11,1.7362e-11,1.2761e-11
1.697e-11,3.7565e-11,3.1898e-11
5.3322e-11,7.1593e-11,4.9151e-11
1.0726e-11,2.8216e-11,2.8683e-11
1.1222e-11,4.429e-11,4.4755e-11
1.5481e-11,1.4863e-11,2.2492e-11
1.4092e-11,3.2116e-11,2.713e-11
1.8252e-11,4.1336e-11,2.9164e-11
2.75e-11,3.8702e-11,2.5289e-11
2.0066e-11,2.912e-11,2.5676e-11
1.803e-11,2.9756e-11,2.1136e-11
2.4646e-11,2.9994e-11,1.8546e-11
1.74e-11,2.2953e-11,1.5581e-11
2.2555e-11,2.1208e-11,2.9916e-11
1.099e-11,1.4521e-11,8.1445e-12
1.9406e-11,4.7933e-11,3.3695e-11
6.5827e-11,1.4745e-11,6.9323e-11
4.467e-11,2.2228e-11,4.5623e-11
4.9292e-11,1.5039e-11,4.7708e-11
5.1374e-11,2.5508e-11,4.2024e-11
4.6125e-11,2.1973e-11,4.7953e-11
4.3837e-11,2.6577e-11,4.1146e-11
3.8941e-11,2.9405e-11,3.4948e-11
6.6861e-11,2.4148e-11,6.1825e-11
3.9546e-11,1.8836e-11,3.3411e-11
4.3274e-11,2.2447e-11,5.1946e-11
2.8413e-11,1.5564e-11,3.0574e-11
2.345e-11,1.6949e-11,3.3692e-11
2.4378e-11,9.4473e-12,2.2306e-11
4.6499e-11,4.4265e-11,4.5564e-11
6.9471e-11,5.7064e-11,7.567e-11
2.6339e-11,1.7045e-11,2.8599e-11
1.816e-11,1.1198e-11,2.3552e-11
2.6898e-11,1.8747e-11,2.1075e-11
1.9153e-11,1.3684e-11,2.4477e-11
1.8704e-11,1.5011e-11,2.5631e-11
2.4058e-11,1.8103e-11,2.6349e-11
2.4717e-11,1.4385e-11,2.051e-11
2.8667e-11,2.1616e-11,3.1658e-11
1.694e-11,1.7916e-11,1.7443e-11
1.8901e-11,2.1882e-11,1.8834e-11
1.7166e-11,1.8833e-11,1.3934e-11
1.4353e-11,3.0336e-11,2.7428e-11
2.8478e-11,3.7362e-11,3.4236e-11
1.1336e-11,1.6872e-11,1.9923e-11
1.3726e-11,3.5111e-11,1.4482e-11
2.3185e-11,4.4139e-11,2.1084e-11
1.5521e-11,5.4696e-11,5.5894e-11
1.1144e-11,3.9641e-11,3.9812e-11
1.5732e-11,2.1874e-11,2.2169e-11
2.1274e-11,2.9089e-11,2.5528e-11
7.778e-11,2.496e-11,6.8435e-11
6.1061e-11,1.8419e-11,5.5528e-11
5.5161e-11,2.1148e-11,4.6894e-11
5.1244e-11,1.7689e-11,4.865e-11
7.5697e-11,3.9445e-11,8.4885e-11
7.0211e-11,2.9435e-11,6.808e-11
6.7303e-11,2.5513e-11,6.6951e-11
6.7194e-11,2.1106e-11,6.2883e-11
5.0675e-11,2.3469e-11,4.5915e-11
3.5636e-11,1.2173e-11,2.8472e-11
3.2615e-11,1.264e-11,2.9771e-11
3.5877e-11,1.408e-11,3.6976e-11
2.3139e-11,1.0649e-11,2.2471e-11
6.2535e-11,3.2202e-11,8.7335e-11
5.2462e-11,2.6792e-11,7.577e-11
6.923e-11,3.9926e-11,9.0038e-11
2.3613e-11,7.8891e-12,2.1251e-11
2.8532e-11,1.8188e-11,2.5418e-11
5.4815e-11,3.6964e-11,6.5566e-11
7.8874e-11,8.0909e-11,8.5008e-11
2.6596e-11,1.9229e-11,2.3071e-11
6.0099e-11,5.584e-11,5.7006e-11
2.489e-11,2.3628e-11,2.7594e-11
1.7253e-11,3.5104e-11,2.9617e-11
2.0771e-11,6.8994e-11,6.3532e-11
2.0138e-11,6.8686e-11,6.8753e-11
1.004e-11,1.6852e-11,1.1404e-11
1.1651e-11,4.1968e-11,1.6328e-11
5.117e-11,6.9946e-11,4.5431e-11
1.2246e-11,2.5306e-11,1.4154e-11
1.724e-11,2.2393e-11,1.5027e-11
1.1303e-11,2.5598e-11,2.4476e-11
3.2589e-11,3.8615e-11,2.7944e-11
1.0224e-11,3.3611e-11,1.9194e-11
2.1856e-11,1.7779e-11,1.605e-11
1.7501e-11,2.9345e-11,1.9347e-11
3.3269e-11,4.9567e-11,3.1366e-11
1.7929e-11,2.2758e-11,1.6228e-11
3.0183e-11,2.9322e-11,3.2614e-11
8.4341e-11,2.3367e-11,7.4343e-11
7.1421e-11,1.622e-11,6.7044e-11
5.0729e-11,2.7512e-11,5.3185e-11
4.4235e-11,2.285e-11,4.4382e-11
5.3873e-11,2.4911e-11,4.913e-11
4.0208e-11,2.5447e-11,3.6917e-11
5.7455e-11,2.4806e-11,5.5097e-11
2.3385e-11,1.3051e-11,2.2827e-11
2.7081e-11,1.3589e-11,2.4347e-11
2.3493e-11,2.4494e-11,1.884e-11
2.8057e-11,1.261e-11,3.4238e-11
4.2239e-11,3.9877e-11,4.3331e-11
1.9445e-11,1.8424e-11,2.1976e-11
3.1297e-11,2.2847e-11,3.2321e-11
3.191e-11,2.8136e-11,4.0541e-11
2.1712e-11,2.3365e-11,3.7083e-11
2.518e-11,1.9542e-11,2.0276e-11
6.3095e-11,6.1304e-11,5.6717e-11
1.5158e-11,1.8958e-11,1.8512e-11
2.3214e-11,2.3122e-11,2.0224e-11
2.0141e-11,4.4931e-11,3.7625e-11
3.4648e-11,7.3664e-11,6.8542e-11
2.1989e-11,4.3841e-11,3.8453e-11
1.5545e-11,4.5242e-11,3.8413e-11
1.1031e-11,3.3599e-11,2.1686e-11
1.4876e-11,2.27e-11,1.9438e-11
1.4921e-11,2.0831e-11,3.9168e-11
1.6e-11,6.2202e-11,6.2259e-11
1.0986e-11,2.9017e-11,1.6677e-11
1.4156e-11,2.6572e-11,2.3428e-11
5.2937e-11,6.7367e-11,4.7957e-11
2.3651e-11,3.1602e-11,2.8651e-11
1.5957e-11,1.7321e-11,2.0418e-11
2.4117e-11,3.7833e-11,1.9015e-11
2.5761e-11,3.6856e-11,2.2573e-11
5.9861e-11,2.3779e-11,5.8566e-11
6.7121e-11,2.3033e-11,6.1752e-11
5.7946e-11,2.1494e-11,6.0713e-11
5.4664e-11,2.6569e-11,4.8344e-11
6.9765e-11,3.1039e-11,6.4562e-11
3.808e-11,1.5994e-11,3.9667e-11
2.521e-11,1.5486e-11,2.6117e-11
2.676e-11,1.1968e-11,2.5345e-11
2.7739e-11,1.5847e-11,3.3195e-11
2.8558e-11,1.1634e-11,2.5882e-11
2.8254e-11,1.81e-11,3.0672e-11
2.4107e-11,1.8029e-11,2.2038e-11
3.3849e-11,2.8125e-11,4.1934e-11
2.6742e-11,2.0432e-11,3.6786e-11
6.786e-11,6.0294e-11,6.3733e-11
2.1273e-11,1.5645e-11,2.1088e-11
3.2594e-11,1.9428e-11,2.6554e-11
2.3086e-11,3.0475e-11,2.2118e-11
6.5609e-11,9.9174e-11,8.3405e-11
1.5325e-11,2.1185e-11,2.3819e-11
2.0489e-11,3.0177e-11,3.035e-11
4.2088e-11,9.2781e-11,7.8861e-11
4.1872e-11,9.6568e-11,8.5077e-11
1.9589e-11,3.4297e-11,3.3017e-11
4.4216e-11,5.631e-11,3.7603e-11
2.5986e-11,3.8597e-11,2.5907e-11
1.7987e-11,2.6702e-11,1.744e-11
1.035e-11,1.9166e-11,1.2362e-11
1.362e-11,4.2797e-11,4.0338e-11
1.9391e-11,2.5896e-11,1.6416e-11
1.4526e-11,2.5729e-11,2.4396e-11
1.6716e-11,6.0841e-11,6.3131e-11
1.812e-11,2.1121e-11,1.1003e-11
3.8278e-11,4.5868e-11,3.5351e-11
1.898e-11,2.7146e-11,2.3958e-11
6.0208e-11,7.0482e-11,5.035e-11
1.4291e-11,2.2266e-11,1.6194e-11
1.166e-11,2.4913e-11,2.2052e-11
2.3945e-11,2.9056e-11,2.7079e-11
1.3102e-11,3.2815e-11,2.5877e-11
1.6082e-11,3.3203e-11,1.7331e-11
8.4979e-11,1.9467e-11,8.0095e-11
8.5343e-11,2.1383e-11,7.6134e-11
5.4789e-11,1.9253e-11,6.4131e-11
5.3864e-11,2.2242e-11,4.9427e-11
7.1451e-11,3.4948e-11,7.3646e-11
6.1284e-11,2.7082e-11,5.5928e-11
5.3833e-11,2.4826e-11,4.4366e-11
4.6247e-11,2.0988e-11,3.4229e-11
7.3301e-11,2.7587e-11,6.5883e-11
7.095e-11,4.1304e-11,7.434e-11
6.191e-11,3.7025e-11,6.6838e-11
3.1029e-11,1.379e-11,4.2344e-11
3.8391e-11,1.4586e-11,3.0598e-11
4.8346e-11,2.8024e-11,4.2506e-11
6.866e-11,4.164e-11,1.0504e-10
2.8648e-11,1.2348e-11,2.4198e-11
2.7998e-11,1.6155e-11,2.2976e-11
3.9293e-11,2.3403e-11,3.4648e-11
2.4845e-11,1.7342e-11,2.1147e-11
2.2529e-11,1.3528e-11,2.2839e-11
4.8572e-11,4.3576e-11,5.5288e-11
6.0041e-11,5.4074e-11,5.4966e-11
2.2307e-11,2.4377e-11,2.5256e-11
1.9938e-11,1.3975e-11,1.9863e-11
2.2388e-11,1.8266e-11,2.1583e-11
3.8095e-11,4.1097e-11,4.5709e-11
1.9423e-11,2.2832e-11,2.4985e-11
3.9584e-11,8.1937e-11,6.9885e-11
1.3851e-11,2.3445e-11,1.95e-11
1.894e-11,2.7043e-11,1.9344e-11
2.2442e-11,3.4841e-11,1.5945e-11
1.0031e-11,9.1859e-12,1.2658e-11
1.447e-11,2.5179e-11,2.3168e-11
1.3654e-11,3.8584e-11,4.179e-11
1.3906e-11,3.0998e-11,1.6787e-11
1.2397e-11,1.3864e-11,2.0039e-11
1.7046e-11,3.264e-11,2.1755e-11
3.8222e-11,4.5329e-11,3.4173e-11
3.6363e-11,3.346e-11,2.7032e-11
7.1147e-11,2.6737e-11,6.7293e-11
7.3696e-11,2.8357e-11,6.363e-11
6.1388e-11,1.7857e-11,6.9459e-11
6.0593e-11,2.8566e-11,5.2643e-11
4.485e-11,2.0425e-11,4.1503e-11
5.7413e-11,2.7518e-11,4.7457e-11
6.1543e-11,2.9353e-11,7.4483e-11
3.3145e-11,2.1477e-11,4.4347e-11
4.7281e-11,3.5071e-11,4.525e-11
7.198e-11,6.5685e-11,7.9111e-11
2.3655e-11,1.218e-11,2.6658e-11
2.9386e-11,1.3228e-11,3.1318e-11
2.6827e-11,2.2771e-11,2.0026e-11
2.7279e-11,2.0289e-11,3.4267e-11
6.5794e-11,6.151e-11,6.0948e-11
2.6733e-11,2.4707e-11,3.1351e-11
2.5298e-11,2.3148e-11,2.2482e-11
3.0948e-11,2.8197e-11,3.4554e-11
4.7352e-11,4.5964e-11,5.241e-11
6.1229e-11,8.4826e-11,8.3504e-11
6.7932e-11,6.4399e-11,6.2191e-11
3.7438e-11,6.5877e-11,5.1728e-11
2.7729e-11,3.2159e-11,2.5767e-11
2.085e-11,2.1658e-11,2.2255e-11
1.7046e-11,1.8608e-11,2.1043e-11
3.1518e-11,8.8816e-11,7.5834e-11
2.14e-11,3.8833e-11,1.9974e-11
2.4556e-11,6.4268e-11,5.7174e-11
2.5475e-11,8.3458e-11,8.1823e-11
5.7101e-11,7.4322e-11,5.2962e-11
1.3508e-11,4.0703e-11,2.6497e-11
1.0406e-11,1.435e-11,9.9489e-12
1.9293e-11,1.7978e-11,2.2171e-11
1.4047e-11,3.603e-11,2.7074e-11
1.8824e-11,3.4101e-11,1.7059e-11
4.8895e-11,6.022e-11,4.2289e-11
1.3157e-11,5.3118e-11,5.5388e-11
3.8587e-11,4.3139e-11,3.2903e-11
1.3839e-11,2.2681e-11,2.1197e-11
1.7704e-11,1.5445e-11,1.3431e-11
7.503e-11,2.8431e-11,6.5211e-11
4.9437e-11,1.8231e-11,4.3111e-11
5.9541e-11,2.1466e-11,5.8632e-11
7.2589e-11,2.8522e-11,7.2863e-11
4.4402e-11,3.1468e-11,4.4401e-11
3.7466e-11,1.7719e-11,4.0222e-11
4.9657e-11,1.9345e-11,4.9639e-11
4.1365e-11,1.436e-11,3.8996e-11
7.1841e-11,4.6575e-11,7.2019e-11
3.2475e-11,1.9862e-11,3.0286e-11
7.4026e-11,3.3759e-11,8.8098e-11
6.9166e-11,4.8798e-11,6.4391e-11
2.7581e-11,1.5927e-11,3.1517e-11
2.5823e-11,2.654e-11,2.811e-11
3.3575e-11,2.4408e-11,2.5404e-11
2.0971e-11,1.0616e-11,2.1153e-11
2.6626e-11,2.5494e-11,2.4057e-11
1.9377e-11,2.8102e-11,2.5619e-11
1.4141e-11,3.9511e-11,3.2418e-11
2.0707e-11,4.9237e-11,4.7204e-11
1.7777e-11,5.0614e-11,4.9265e-11
3.6483e-11,4.6024e-11,3.5491e-11
1.6011e-11,2.8715e-11,2.2354e-11
1.5732e-11,1.9933e-11,1.3609e-11
1.2128e-11,1.8588e-11,9.217e-12
1.9307e-11,2.0047e-11,1.8278e-11
2.7773e-11,4.2401e-11,1.8642e-11
1.4175e-11,2.1476e-11,2.2292e-11
2.0703e-11,2.2516e-11,1.8137e-11
2.211e-11,3.0964e-11,2.076e-11
1.3128e-11,3.2801e-11,2.9002e-11
1.8629e-11,1.5338e-11,1.0681e-11
7.7432e-11,2.2581e-11,7.1641e-11
7.6159e-11,2.4529e-11,7.3293e-11
7.2748e-11,2.4451e-11,6.7147e-11
4.8616e-11,3.3457e-11,5.2387e-11
6.5979e-11,2.4986e-11,6.8447e-11
3.6571e-11,2.437e-11,3.1454e-11
6.1478e-11,3.6157e-11,6.8186e-11
3.7431e-11,1.6009e-11,2.888e-11
4.5259e-11,2.4145e-11,4.2567e-11
3.0905e-11,2.3032e-11,2.2458e-11
3.4704e-11,2.9681e-11,3.0861e-11
2.7755e-11,1.852e-11,2.1369e-11
2.4119e-11,1.9913e-11,2.3731e-11
2.6178e-11,2.7514e-11,3.6776e-11
6.1348e-11,5.8359e-11,5.7691e-11
2.4065e-11,2.8595e-11,3.5446e-11
3.5048e-11,3.9548e-11,2.9011e-11
3.2646e-11,3.5575e-11,2.4755e-11
3.429e-11,4.7072e-11,3.1959e-11
1.9361e-11,3.3339e-11,3.2571e-11
5.3177e-11,6.9394e-11,4.6358e-11
1.5711e-11,3.3631e-11,1.4322e-11
1.4251e-11,1.3219e-11,1.6332e-11
3.3776e-11,5.2574e-11,2.8171e-11
1.4252e-11,4.4325e-11,5.1955e-11
3.9939e-11,4.6848e-11,3.644e-11
1.2608e-11,1.535e-11,8.7958e-12
1.5723e-11,2.8404e-11,2.52e-11
1.5774e-11,2.5241e-11,1.9647e-11
1.1767e-11,2.0355e-11,1.4447e-11
7.0194e-11,2.0239e-11,7.0405e-11
7.8405e-11,2.289e-11,7.254e-11
6.8638e-11,2.4386e-11,6.1734e-11
6.7015e-11,1.9023e-11,6.1107e-11
7.1194e-11,2.9304e-11,6.2062e-11
4.2129e-11,1.9892e-11,3.3557e-11
5.6415e-11,3.4193e-11,6.4653e-11
6.9015e-11,2.4772e-11,6.4243e-11
6.675e-11,2.5734e-11,6.0813e-11
3.2072e-11,1.3758e-11,2.9152e-11
5.0143e-11,2.2501e-11,5.0977e-11
4.9469e-11,3.2417e-11,4.5461e-11
2.8482e-11,1.1132e-11,2.744e-11
3.9401e-11,2.9847e-11,3.2943e-11
2.9663e-11,1.7987e-11,3.8388e-11
5.1581e-11,2.8387e-11,5.8353e-11
2.8811e-11,2.2218e-11,2.6923e-11
4.3953e-11,2.4227e-11,4.9108e-11
5.4534e-11,3.7872e-11,8.0443e-11
2.3376e-11,2.4416e-11,2.056e-11
2.1563e-11,1.2287e-11,2.0862e-11
3.2602e-11,2.387e-11,2.2689e-11
3.3429e-11,1.6198e-11,2.3386e-11
2.1817e-11,2.6565e-11,2.0676e-11
1.7962e-11,2.7721e-11,1.5995e-11
3.2302e-11,1.9877e-11,2.1906e-11
1.2606e-11,2.3362e-11,3.7304e-11
1.5784e-11,4.5317e-11,1.9938e-11
2.5364e-11,1.8709e-11,2.1773e-11
1.9655e-11,1.9373e-11,1.8678e-11
9.5146e-12,1.4778e-11,1.5189e-11
2.689e-11,3.0313e-11,2.3732e-11
3.3941e-11,4.0276e-11,3.0051e-11
1.965e-11,2.8619e-11,1.7221e-11
3.4091e-11,4.4182e-11,1.1204e-11
1.4561e-11,2.8885e-11,1.6666e-11
2.8219e-11,3.1122e-11,2.5727e-11
1.2238e-11,5.7765e-11,5.8924e-11
1.4767e-11,1.9966e-11,1.1251e-11
2.2495e-11,1.589e-11,1.5274e-11
2.9705e-11,3.2193e-11,2.4008e-11
7.4314e-11,2.2124e-11,7.0019e-11
5.7279e-11,1.7881e-11,6.421e-11
8.3226e-11,3.2561e-11,7.0574e-11
6.9285e-11,2.7325e-11,7.1138e-11
4.7478e-11,1.9462e-11,3.6118e-11
5.9801e-11,2.1207e-11,5.849e-11
3.737e-11,1.8837e-11,3.903e-11
5.9322e-11,3.1679e-11,5.5045e-11
3.8817e-11,2.0584e-11,3.2916e-11
6.0169e-11,3.6976e-11,6.5631e-11
3.9197e-11,1.6843e-11,4.0831e-11
8.3545e-11,3.3571e-11,8.3683e-11
7.3688e-11,3.4599e-11,9.3552e-11
4.5694e-11,2.951e-11,3.8331e-11
6.5034e-11,4.9325e-11,5.425e-11
2.6904e-11,2.2184e-11,2.7806e-11
4.4354e-11,2.3786e-11,5.4684e-11
2.7821e-11,2.2675e-11,3.6456e-11
2.8293e-11,2.8565e-11,1.8517e-11
3.1943e-11,1.7275e-11,2.8605e-11
3.3483e-11,2.6996e-11,1.9845e-11
2.5808e-11,1.6016e-11,2.6062e-11
1.7247e-11,2.5636e-11,3.7362e-11
6.5549e-11,6.8673e-11,6.1656e-11
4.8039e-11,4.349e-11,3.6949e-11
4.5041e-11,7.7795e-11,6.2172e-11
4.8411e-11,9.4271e-11,7.2282e-11
2.7645e-11,5.5314e-11,4.4389e-11
1.9381e-11,2.3138e-11,1.8782e-11
1.9844e-11,2.3227e-11,2.9945e-11
1.9923e-11,3.4481e-11,3.4464e-11
2.0812e-11,2.3501e-11,2.3132e-11
2.3873e-11,2.9051e-11,1.8937e-11
1.8467e-11,6.024e-11,4.9226e-11
2.7217e-11,8.8036e-11,8.1461e-11
3.5279e-11,4.8532e-11,3.3133e-11
2.6066e-11,3.5136e-11,2.1906e-11
1.854e-11,1.865e-11,2.3596e-11
2.3751e-11,1.7502e-11,2.403e-11
1.2151e-11,2.5693e-11,1.8177e-11
2.0116e-11,7.3873e-11,6.8855e-11
1.0818e-11,3.4437e-11,3.3119e-11
1.5621e-11,1.6027e-11,2.3142e-11
1.3063e-11,6.4489e-11,6.3628e-11
1.5721e-11,1.7534e-11,1.4902e-11
3.0992e-11,3.2936e-11,2.1019e-11
2.8441e-11,4.4045e-11,1.4929e-11
2.8479e-11,5.4606e-11,1.3936e-11
1.604e-11,4.2409e-11,1.6173e-11
2.5765e-11,3.1846e-11,2.2846e-11
1.1071e-11,1.6854e-11,1.045e-11
1.8308e-11,4.0407e-11,1.8025e-11
1.5003e-11,2.4462e-11,1.4095e-11
1.7833e-11,2.1821e-11,1.5661e-11
3.2759e-11,1.9879e-11,2.9754e-11
7.2231e-11,2.5154e-11,6.8261e-11
6.7282e-11,2.6636e-11,6.1588e-11
7.5755e-11,2.9093e-11,5.9319e-11
4.449e-11,2.7372e-11,4.6286e-11
6.4863e-11,3.1104e-11,5.9896e-11
3.7312e-11,1.2238e-11,3.6825e-11
3.333e-11,2.3835e-11,3.8811e-11
4.7015e-11,2.7854e-11,4.4805e-11
3.3959e-11,1.6377e-11,3.5801e-11
3.8847e-11,2.7451e-11,4.2193e-11
3.955e-11,1.7061e-11,4.1384e-11
7.8211e-11,5.2054e-11,7.4289e-11
3.1188e-11,1.3299e-11,3.0752e-11
6.7265e-11,3.9523e-11,8.7939e-11
3.0627e-11,2.6368e-11,2.8714e-11
5.7115e-11,4.7305e-11,5.0789e-11
2.7063e-11,1.6751e-11,2.8569e-11
3.4215e-11,2.5306e-11,2.0121e-11
2.9529e-11,2.2625e-11,3.0075e-11
2.786e-11,2.5322e-11,3.5047e-11
2.1425e-11,2.1525e-11,2.8145e-11
6.4613e-11,6.7766e-11,6.02e-11
5.0746e-11,9.8118e-11,7.4416e-11
2.0532e-11,2.2111e-11,3.0749e-11
2.1932e-11,2.6779e-11,2.0161e-11
4.9207e-11,1.0147e-10,7.9087e-11
6.7725e-11,7.3262e-11,6.0511e-11
1.8965e-11,1.764e-11,1.8651e-11
2.4116e-11,5.3809e-11,4.2876e-11
2.2511e-11,5.9269e-11,4.9868e-11
1.8607e-11,2.7065e-11,2.0739e-11
2.6801e-11,8.928e-11,7.6226e-11
1.6018e-11,3.5126e-11,3.3889e-11
1.1722e-11,2.1041e-11,3.2504e-11
1.5017e-11,2.0044e-11,2.0627e-11
3.5133e-11,4.5135e-11,3.3512e-11
1.7509e-11,4.4259e-11,2.3075e-11
2.0136e-11,2.3913e-11,1.7245e-11
5.8917e-11,7.3635e-11,5.2999e-11
1.5983e-11,2.1006e-11,1.3485e-11
2.0924e-11,2.0072e-11,1.3084e-11
1.1747e-11,2.6425e-11,2.5888e-11
5.659e-12,3.3808e-11,4.1629e-11
1.1182e-11,1.5184e-11,2.3533e-11
6.9676e-11,2.4464e-11,6.7259e-11
6.4239e-11,2.8102e-11,6.738e-11
5.4475e-11,2.1567e-11,4.6128e-11
5.2386e-11,2.2989e-11,4.7814e-11
6.9226e-11,2.7257e-11,5.6183e-11
4.5617e-11,1.9032e-11,4.9017e-11
3.7541e-11,2.931e-11,3.4799e-11
3.5468e-11,1.7227e-11,3.5462e-11
4.1653e-11,2.1891e-11,4.1874e-11
3.719e-11,1.7145e-11,3.017e-11
6.0177e-11,4.3024e-11,5.9027e-11
3.6819e-11,2.0941e-11,3.9388e-11
4.6229e-11,3.9715e-11,4.4779e-11
5.4163e-11,3.6037e-11,7.6117e-11
2.8942e-11,1.8634e-11,2.9217e-11
2.4227e-11,1.6766e-11,2.2474e-11
4.0998e-11,2.0903e-11,2.2415e-11
3.7013e-11,3.841e-11,3.0235e-11
2.4212e-11,1.2849e-11,2.1071e-11
3.6512e-11,2.9251e-11,4.6507e-11
3.4876e-11,1.6663e-11,2.1795e-11
5.1733e-11,6.3256e-11,7.5958e-11
2.1734e-11,1.521e-11,2.3903e-11
2.7221e-11,2.5079e-11,3.553e-11
3.1713e-11,3.3656e-11,3.2884e-11
1.7746e-11,1.9185e-11,2.328e-11
2.747e-11,2.6386e-11,2.3513e-11
3.0333e-11,3.935e-11,2.2575e-11
2.7586e-11,1.7226e-11,1.8431e-11
1.8113e-11,2.0083e-11,2.9127e-11
2.3996e-11,3.389e-11,1.8481e-11
3.7235e-11,4.7512e-11,2.1796e-11
1.9835e-11,2.8304e-11,2.0413e-11
2.2959e-11,4.4383e-11,4.1297e-11
6.3505e-11,7.1545e-11,5.6542e-11
1.8216e-11,3.1496e-11,1.7281e-11
2.4532e-11,2.0772e-11,2.8433e-11
1.2379e-11,1.8323e-11,1.9003e-11
2.2531e-11,6.0239e-11,4.9847e-11
4.5503e-11,5.5344e-11,3.5649e-11
2.1037e-11,3.004e-11,1.817e-11
3.124e-11,4.3852e-11,2.9221e-11
1.4091e-11,1.5164e-11,1.934e-11
1.1363e-11,1.7607e-11,2.4178e-11
1.9199e-11,4.3335e-11,4.7013e-11
4.189e-11,2.3682e-11,2.221e-11
4.1864e-11,2.5539e-11,2.1038e-11
2.3704e-11,5.6636e-11,2.0448e-11
1.4739e-11,3.2926e-11,2.9596e-11
1.6996e-11,1.7813e-11,1.4441e-11
1.851e-11,1.3148e-11,1.8914e-11
1.5222e-11,1.8913e-11,2.1662e-11
1.5017e-11,7.1474e-11,7.0686e-11
1.772e-11,1.8876e-11,9.6468e-12
1.2539e-11,2.1655e-11,1.6935e-11
6.6941e-12,2.8676e-11,2.8466e-11
5.3862e-12,2.7409e-11,2.4795e-11
1.0814e-11,1.3576e-11,1.4466e-11
9.5176e-12,3.3951e-11,2.2424e-11
1.7856e-11,1.6926e-11,2.8041e-11
1.66e-11,2.3655e-11,1.7539e-11
7.603e-11,2.0036e-11,7.2749e-11
5.5657e-11,2.1227e-11,4.7412e-11
6.0417e-11,2.4286e-11,6.1515e-11
7.1351e-11,2.6686e-11,7.1347e-11
4.9887e-11,2.5639e-11,4.0795e-11
6.5697e-11,3.1095e-11,5.6965e-11
3.6469e-11,2.5643e-11,3.6739e-11
4.4233e-11,2.8128e-11,4.1779e-11
7.5245e-11,2.8062e-11,6.7318e-11
4.1129e-11,2.1472e-11,3.3945e-11
4.1276e-11,2.1666e-11,4.6865e-11
2.8494e-11,1.8751e-11,2.7432e-11
2.6915e-11,2.4717e-11,2.1762e-11
3.2158e-11,1.4841e-11,2.4542e-11
6.8122e-11,6.1672e-11,6.1348e-11
6.8247e-11,6.9808e-11,9.1903e-11
4.017e-11,1.6924e-11,2.1262e-11
2.5564e-11,1.5747e-11,2.3599e-11
4.8284e-11,2.0791e-11,2.3808e-11
2.9007e-11,2.6175e-11,3.0163e-11
2.254e-11,2.5061e-11,2.5929e-11
3.89e-11,3.61e-11,3.006e-11
2.0097e-11,2.594e-11,2.8719e-11
4.5731e-11,4.6188e-11,3.4046e-11
1.9952e-11,1.1801e-11,2.8209e-11
1.7746e-11,3.0596e-11,1.6881e-11
5.4438e-11,6.1028e-11,4.4603e-11
2.9292e-11,3.5339e-11,2.74e-11
2.7128e-11,6.0492e-11,5.3798e-11
1.5718e-11,3.1709e-11,1.752e-11
2.1941e-11,4.4935e-11,4.4994e-11
1.1209e-11,3.0468e-11,1.1869e-11
2.5815e-11,4.049e-11,1.7836e-11
2.9408e-11,3.6997e-11,4.2969e-11
1.4261e-11,2.7647e-11,1.3716e-11
1.9049e-11,1.208e-11,1.5481e-11
9.7501e-12,3.2758e-11,3.3331e-11
1.5114e-11,1.4049e-11,1.3536e-11
2.6841e-11,1.9515e-11,1.6718e-11
2.2248e-11,2.9894e-11,2.3752e-11
1.461e-11,2.3918e-11,1.3702e-11
2.6366e-11,1.9929e-11,3.1948e-11
1.7338e-11,1.3e-11,1.5015e-11
2.1312e-11,2.4036e-11,1.7572e-11
2.8088e-11,3.6731e-11,1.9346e-11
2.6263e-11,4.8705e-11,2.7321e-11
8.0334e-11,3.363e-11,7.5556e-11
6.6292e-11,1.7948e-11,7.0131e-11
6.8265e-11,2.0757e-11,6.6379e-11
5.3827e-11,2.3967e-11,4.981e-11
4.6898e-11,4.4307e-11,5.0914e-11
6.3175e-11,2.5359e-11,6.0853e-11
5.6465e-11,1.9845e-11,4.675e-11
6.864e-11,3.0917e-11,5.8586e-11
3.8841e-11,1.0936e-11,4.0782e-11
7.0331e-11,2.4881e-11,6.9006e-11
5.8427e-11,3.1644e-11,4.6729e-11
7.7332e-11,3.3982e-11,7.5017e-11
7.1034e-11,4.5602e-11,6.6886e-11
4.411e-11,2.574e-11,3.4735e-11
6.4097e-11,3.6637e-11,8.2418e-11
6.6869e-11,5.064e-11,6.0818e-11
2.852e-11,2.3875e-11,2.2284e-11
3.3826e-11,2.8312e-11,2.1501e-11
4.1969e-11,3.3646e-11,5.9376e-11
4.1211e-11,3.3657e-11,6.2253e-11
5.0527e-11,4.7296e-11,7.1806e-11
2.9776e-11,2.6236e-11,3.4398e-11
3.372e-11,3.8265e-11,4.2589e-11
4.3441e-11,2.2778e-11,2.327e-11
3.0916e-11,3.4148e-11,2.6075e-11
1.8126e-11,1.3547e-11,3.1499e-11
2.7431e-11,1.7383e-11,1.7955e-11
1.9075e-11,1.4168e-11,2.0808e-11
1.5673e-11,1.5496e-11,1.0485e-11
4.1075e-11,4.7528e-11,3.5196e-11
4.3811e-11,8.9921e-11,7.5942e-11
2.1567e-11,3.8679e-11,2.1722e-11
1.8174e-11,2.3461e-11,2.3179e-11
1.352e-11,4.0981e-11,1.7638e-11
2.101e-11,2.6977e-11,2.3067e-11
1.0875e-11,3.2811e-11,3.4056e-11
2.6328e-11,2.7464e-11,2.4708e-11
1.5586e-11,2.2858e-11,1.7141e-11
1.5265e-11,2.3406e-11,2.5255e-11
1.3e-11,3.7041e-11,1.6257e-11
2.0796e-11,1.9099e-11,2.469e-11
1.307e-11,2.0486e-11,1.8109e-11
7.3145e-11,2.1716e-11,7.7977e-11
7.472e-11,2.8827e-11,7.3736e-11
7.3109e-11,3.0725e-11,7.8344e-11
4.2166e-11,1.233e-11,5.0048e-11
4.0601e-11,2.9383e-11,3.7055e-11
7.5125e-11,4.9034e-11,6.7086e-11
4.9025e-11,2.292e-11,5.3351e-11
3.7966e-11,1.7298e-11,3.6104e-11
3.2691e-11,1.4345e-11,2.7599e-11
3.1592e-11,1.4277e-11,2.6984e-11
7.0423e-11,4.8153e-11,6.1921e-11
3.9804e-11,2.8633e-11,3.5986e-11
2.5485e-11,1.6305e-11,2.1355e-11
3.2957e-11,1.9761e-11,2.5184e-11
6.6433e-11,6.1734e-11,6.2795e-11
4.0256e-11,2.3806e-11,2.4479e-11
5.6731e-11,5.7158e-11,5.9636e-11
4.7579e-11,2.3e-11,2.2733e-11
3.1525e-11,3.3857e-11,3.2117e-11
2.9707e-11,1.1896e-11,2.1587e-11
2.4346e-11,1.981e-11,2.2994e-11
2.5432e-11,2.652e-11,2.1883e-11
2.0523e-11,1.1777e-11,2.4184e-11
2.0975e-11,2.5552e-11,1.9225e-11
3.4644e-11,4.0489e-11,2.5319e-11
2.7299e-11,3.5945e-11,2.7598e-11
2.1697e-11,1.8289e-11,1.9928e-11
2.4372e-11,4.3089e-11,1.9575e-11
1.8885e-11,2.5649e-11,2.9594e-11
5.3345e-11,9.7667e-11,8.1234e-11
4.1018e-11,6.532e-11,6.0661e-11
1.9393e-11,1.5999e-11,2.6187e-11
2.3698e-11,4.5604e-11,2.1851e-11
2.437e-11,2.8528e-11,1.865e-11
2.2244e-11,4.1473e-11,4.9484e-11
2.1545e-11,4.5742e-11,4.9315e-11
2.0528e-11,1.7027e-11,1.635e-11
2.8778e-11,3.7172e-11,3.8307e-11
1.0904e-11,1.8859e-11,1.2677e-11
4.1935e-11,3.0036e-11,2.0912e-11
1.1799e-11,3.5032e-11,1.6111e-11
1.5774e-11,7.54e-11,7.5243e-11
1.6992e-11,4.1086e-11,3.436e-11
1.7443e-11,3.9243e-11,2.5482e-11
1.6413e-11,2.6148e-11,2.689e-11
2.2162e-11,3.7164e-11,2.3558e-11
7.4832e-12,4.0461e-11,4.6735e-11
1.7991e-11,2.7173e-11,3.7316e-11
1.5484e-11,4.4998e-11,2.2789e-11
1.9482e-11,2.6802e-11,1.4289e-11
1.7756e-11,2.6601e-11,1.9942e-11
2.1877e-11,2.5772e-11,2.4471e-11
7.776e-11,2.296e-11,7.2873e-11
7.9381e-11,2.9036e-11,8.1748e-11
4.7452e-11,1.9658e-11,5.3352e-11
4.6189e-11,2.4515e-11,4.8453e-11
4.2984e-11,2.9185e-11,5.735e-11
7.5772e-11,2.6011e-11,7.4395e-11
4.2593e-11,2.3128e-11,4.8092e-11
4.4095e-11,2.5398e-11,4.2142e-11
5.6792e-11,2.1934e-11,6.1515e-11
6.2402e-11,3.9769e-11,5.6986e-11
3.5105e-11,1.9705e-11,3.2953e-11
5.6777e-11,2.5082e-11,5.8714e-11
4.1838e-11,2.2175e-11,4.0471e-11
4.0494e-11,1.8791e-11,3.7539e-11
4.0811e-11,2.1568e-11,3.1504e-11
3.2559e-11,1.8487e-11,3.0091e-11
3.6752e-11,1.8698e-11,4.2974e-11
5.509e-11,4.1806e-11,6.1551e-11
4.1637e-11,2.379e-11,2.9701e-11
7.5077e-11,6.0424e-11,6.691e-11
4.0252e-11,3.0685e-11,4.3776e-11
3.1513e-11,1.809e-11,2.75e-11
2.7898e-11,1.9942e-11,2.3393e-11
3.2652e-11,1.2401e-11,2.0688e-11
2.0155e-11,1.6324e-11,2.891e-11
1.9941e-11,1.3842e-11,2.8799e-11
2.4282e-11,1.8401e-11,2.2585e-11
2.9302e-11,3.5316e-11,4.1682e-11
3.64e-11,4.6498e-11,5.813e-11
2.3164e-11,4.4514e-11,1.6847e-11
2.3127e-11,5.259e-11,1.8558e-11
6.3498e-11,6.6936e-11,4.9775e-11
4.8653e-11,1.021e-10,8.3626e-11
4.7465e-11,4.7177e-11,3.2693e-11
2.3848e-11,4.007e-11,4.4949e-11
2.2733e-11,3.2518e-11,3.2146e-11
1.3742e-11,2.2093e-11,1.5829e-11
2.8636e-11,8.735e-11,8.7857e-11
2.3017e-11,4.3983e-11,1.8457e-11
2.073e-11,1.721e-11,2.0967e-11
2.4808e-11,1.992e-11,2.4041e-11
1.725e-11,3.6747e-11,2.4206e-11
1.4029e-11,2.1847e-11,1.4742e-11
1.9493e-11,2.723e-11,1.7193e-11
4.3947e-11,4.5111e-11,3.6103e-11
2.4943e-11,2.4184e-11,1.6302e-11
6.7794e-12,4.1e-11,2.8166e-11
2.5964e-11,4.7539e-11,2.0178e-11
1.743e-11,2.0757e-11,1.7294e-11
1.431e-11,2.0095e-11,2.7668e-11
1.409e-11,1.6208e-11,1.2248e-11
7.8203e-11,2.837e-11,7.8176e-11
6.7003e-11,2.0951e-11,6.2356e-11
3.0937e-11,1.8583e-11,2.7424e-11
2.8534e-11,1.5442e-11,2.8739e-11
3.9684e-11,2.348e-11,4.4028e-11
4.5461e-11,2.8223e-11,5.0582e-11
3.1379e-11,1.7525e-11,3.4329e-11
6.6413e-11,5.4938e-11,5.7756e-11
2.9345e-11,2.1349e-11,3.0241e-11
4.5957e-11,3.2139e-11,4.6789e-11
4.377e-11,3.7367e-11,5.325e-11
3.7003e-11,3.1465e-11,2.5324e-11
2.1932e-11,2.0777e-11,2.0182e-11
6.8505e-11,6.3154e-11,6.2887e-11
4.3114e-11,2.2148e-11,2.2906e-11
3.6165e-11,3.3708e-11,3.1519e-11
4.0735e-11,3.0769e-11,2.5173e-11
2.4955e-11,2.5241e-11,2.7572e-11
2.1049e-11,1.2658e-11,2.2272e-11
2.2698e-11,2.481e-11,4.1231e-11
2.2006e-11,3.4602e-11,2.8395e-11
3.7442e-11,9.8596e-11,7.7299e-11
1.4477e-11,2.3724e-11,2.3026e-11
5.6045e-11,6.3711e-11,4.4289e-11
2.1505e-11,3.8562e-11,4.9039e-11
2.2849e-11,2.6747e-11,1.7056e-11
1.3213e-11,2.4104e-11,2.2105e-11
1.9641e-11,4.3661e-11,4.7991e-11
1.502e-11,3.5706e-11,4.0535e-11
1.6241e-11,2.9011e-11,1.3923e-11
1.7355e-11,2.3215e-11,2.3415e-11
1.9377e-11,2.511e-11,1.6295e-11
1.3305e-11,3.0206e-11,3.6869e-11
5.2736e-11,6.538e-11,4.4503e-11
5.9941e-11,6.9678e-11,5.1796e-11
2.0801e-11,2.5289e-11,2.7633e-11
8.8106e-12,1.9066e-11,1.4738e-11
1.0836e-11,2.1591e-11,1.5652e-11
1.3208e-11,1.8692e-11,2.332e-11
1.9586e-11,1.8259e-11,1.6858e-11
1.9646e-11,4.5513e-11,2.798e-11
1.2835e-11,6.4047e-11,7.0537e-11
1.2921e-11,1.6573e-11,3.3678e-11
1.6838e-11,2.6601e-11,2.8147e-11
1.7922e-11,1.5528e-11,1.2172e-11
2.3773e-11,3.0022e-11,1.6927e-11
1.715e-11,2.7202e-11,2.6845e-11
6.8255e-11,2.108e-11,6.1104e-11
7.5969e-11,3.1461e-11,7.8829e-11
5.6622e-11,2.1791e-11,5.4011e-11
6.0965e-11,2.6434e-11,6.2606e-11
6.7115e-11,2.8852e-11,6.6071e-11
5.4509e-11,3.4634e-11,4.2312e-11
5.6611e-11,2.9126e-11,5.4754e-11
6.8397e-11,2.773e-11,6.7326e-11
3.5407e-11,2.3701e-11,3.2687e-11
4.428e-11,2.3194e-11,4.6134e-11
4.3597e-11,2.7258e-11,3.3747e-11
2.9679e-11,2.2938e-11,3.1214e-11
4.0324e-11,2.6799e-11,3.3562e-11
2.4952e-11,1.5761e-11,2.6161e-11
3.3781e-11,2.9699e-11,3.1151e-11
3.2181e-11,2.6365e-11,3.3898e-11
2.0093e-11,1.5933e-11,2.4719e-11
3.0212e-11,1.627e-11,2.2146e-11
2.2422e-11,2.0515e-11,2.6754e-11
2.5631e-11,2.5225e-11,2.9618e-11
3.7269e-11,3.6161e-11,4.2579e-11
2.4408e-11,1.7078e-11,2.2682e-11
2.3739e-11,2.2986e-11,3.313e-11
1.9542e-11,2.3688e-11,1.7163e-11
3.6643e-11,3.7826e-11,2.8051e-11
1.7814e-11,2.744e-11,2.7181e-11
4.2985e-11,4.2302e-11,3.1865e-11
3.6229e-11,9.6289e-11,7.985e-11
2.5021e-11,8.1573e-11,7.3293e-11
1.9384e-11,2.8251e-11,2.1091e-11
2.167e-11,2.8905e-11,1.6185e-11
3.6393e-11,3.016e-11,2.1268e-11
1.7161e-11,7.035e-11,7.2627e-11
1.2574e-11,3.573e-11,1.728e-11
1.5829e-11,3.3945e-11,2.7294e-11
2.0091e-11,2.5745e-11,2.0949e-11
4.5736e-11,4.9557e-11,3.3611e-11
1.7966e-11,3.5091e-11,2.927e-11
3.93e-11,2.3251e-11,1.3243e-11
1.2213e-11,1.2869e-11,7.329e-12
1.6341e-11,4.2943e-11,2.0653e-11
1.534e-11,5.1371e-11,6.1611e-11
2.1061e-11,2.307e-11,1.8469e-11
1.4941e-11,5.3737e-11,2.1041e-11
1.397e-11,2.2057e-11,1.8545e-11
1.7347e-11,5.66e-11,2.49e-11
5.3467e-11,2.1346e-11,4.6839e-11
7.793e-11,4.4749e-11,7.3129e-11
4.5806e-11,1.9234e-11,4.6699e-11
4.807e-11,2.8693e-11,5.6703e-11
3.0405e-11,1.69e-11,3.1395e-11
3.0497e-11,2.0071e-11,3.1006e-11
4.3728e-11,2.1859e-11,3.6556e-11
4.9205e-11,3.0876e-11,3.8477e-11
3.4645e-11,1.7479e-11,2.8527e-11
4.936e-11,1.8657e-11,3.5298e-11
6.1151e-11,3.9761e-11,7.1661e-11
3.0674e-11,1.5699e-11,2.5682e-11
3.0858e-11,1.2005e-11,2.3249e-11
7.1007e-11,5.9139e-11,6.3754e-11
2.4248e-11,1.6227e-11,2.168e-11
3.8678e-11,2.4079e-11,4.2825e-11
3.7586e-11,3.4805e-11,4.3507e-11
1.991e-11,1.3559e-11,2.7301e-11
2.8686e-11,2.6708e-11,2.3226e-11
2.8485e-11,2.8796e-11,2.4869e-11
2.1584e-11,1.6676e-11,3.1495e-11
2.8064e-11,1.8172e-11,3.8316e-11
4.6724e-11,4.294e-11,3.8663e-11
2.6832e-11,2.1109e-11,2.1977e-11
2.3917e-11,1.0348e-11,1.5954e-11
3.7166e-11,1.2744e-11,1.7419e-11
3.5855e-11,2.5427e-11,2.7621e-11
1.9884e-11,1.1698e-11,2.3885e-11
4.3085e-11,2.0492e-11,1.9009e-11
3.2642e-11,3.2331e-11,3.0229e-11
1.8768e-11,1.4585e-11,1.8127e-11
1.6165e-11,8.6626e-12,1.2641e-11
2.0954e-11,2.3816e-11,2.0307e-11
2.7931e-11,4.5465e-11,3.1494e-11
1.7812e-11,1.7044e-11,2.3476e-11
4.1166e-11,3.7633e-11,2.8126e-11
1.6598e-11,2.5317e-11,2.2332e-11
2.57e-11,2.8243e-11,4.2199e-11
3.074e-11,7.6525e-11,6.6756e-11
2.1311e-11,4.6561e-11,4.9389e-11
3.1528e-11,3.8613e-11,2.9257e-11
2.6256e-11,4.8815e-11,1.693e-11
1.8114e-11,3.1813e-11,3.6776e-11
1.9994e-11,2.6381e-11,2.0643e-11
1.8574e-11,2.0678e-11,1.6935e-11
2.0291e-11,5.139e-11,1.5497e-11
1.7307e-11,2.9224e-11,2.7875e-11
4.8163e-11,2.5517e-11,2.351e-11
1.043e-11,1.392e-11,1.5905e-11
9.2717e-12,1.5252e-11,1.8908e-11
1.8639e-11,6.5226e-11,2.6787e-11
9.8117e-12,1.7372e-11,1.084e-11
1.9065e-11,2.3952e-11,2.626e-11
1.7665e-11,1.605e-11,1.3355e-11
8.0717e-11,3.0225e-11,7.7838e-11
7.7017e-11,2.7863e-11,7.7362e-11
7.1338e-11,2.9397e-11,5.8509e-11
5.6206e-11,3.1324e-11,5.3822e-11
6.4045e-11,2.579e-11,6.5276e-11
5.5932e-11,3.0409e-11,5.9695e-11
6.3638e-11,2.787e-11,7.1604e-11
4.8805e-11,2.3583e-11,5.1279e-11
3.6122e-11,1.8916e-11,3.3405e-11
2.8299e-11,1.9974e-11,2.712e-11
4.2785e-11,4.2423e-11,4.3525e-11
4.2037e-11,2.1504e-11,4.7506e-11
3.2643e-11,2.1392e-11,2.6704e-11
2.7452e-11,2.3849e-11,2.6945e-11
2.8254e-11,1.7953e-11,2.0429e-11
6.6948e-11,5.3258e-11,5.6039e-11
6.767e-11,5.855e-11,5.5997e-11
4.9481e-11,4.2726e-11,4.4955e-11
3.9818e-11,3.1474e-11,3.7214e-11
7.0685e-11,6.3791e-11,6.2527e-11
3.4817e-11,3.3603e-11,3.6387e-11
4.696e-11,4.3323e-11,3.8724e-11
4.1319e-11,4.7697e-11,4.2947e-11
2.5379e-11,1.8631e-11,2.1818e-11
1.8382e-11,1.8502e-11,1.9747e-11
2.062e-11,2.1767e-11,1.8095e-11
3.7147e-11,4.2061e-11,5.9206e-11
4.106e-11,5.2582e-11,7.4626e-11
3.4944e-11,2.0441e-11,2.5362e-11
2.0379e-11,1.681e-11,3.0244e-11
2.8746e-11,4.7313e-11,2.489e-11
2.634e-11,3.3892e-11,3.169e-11
6.2013e-11,5.8199e-11,4.3301e-11
2.133e-11,5.2375e-11,2.9683e-11
2.3803e-11,5.2347e-11,2.1892e-11
2.4972e-11,4.9911e-11,1.7842e-11
2.7937e-11,2.5234e-11,3.3694e-11
2.3622e-11,4.101e-11,2.5533e-11
5.9793e-11,7.4462e-11,5.1991e-11
6.0255e-11,7.4492e-11,5.5585e-11
1.8598e-11,2.8799e-11,1.9996e-11
1.5571e-11,3.2454e-11,1.7447e-11
3.3562e-11,3.2568e-11,2.2688e-11
1.5644e-11,3.3276e-11,2.1871e-11
2.191e-11,2.6093e-11,1.7212e-11
2.8437e-11,3.8837e-11,2.331e-11
1.5025e-11,4.7609e-11,1.954e-11
1.684e-11,1.7176e-11,1.0938e-11
1.7009e-11,1.2954e-11,1.1941e-11
1.5218e-11,1.9035e-11,1.9844e-11
1.7582e-11,6.3468e-11,2.8462e-11
4.9322e-11,5.1327e-11,3.7506e-11
5.8343e-11,2.6256e-11,5.7549e-11
6.7643e-11,2.8938e-11,6.4133e-11
5.5806e-11,3.2012e-11,5.0057e-11
8.0052e-11,4.9692e-11,7.0592e-11
3.6729e-11,1.6238e-11,3.3691e-11
4.7365e-11,2.7036e-11,4.0859e-11
4.6921e-11,2.4547e-11,3.2707e-11
3.358e-11,1.2315e-11,2.526e-11
3.0858e-11,1.1835e-11,2.4789e-11
5.7351e-11,3.6725e-11,6.6192e-11
2.6074e-11,1.669e-11,2.008e-11
3.0642e-11,1.7189e-11,3.674e-11
2.7138e-11,1.9605e-11,2.6716e-11
4.8497e-11,4.1403e-11,5.837e-11
2.6314e-11,2.6038e-11,2.9809e-11
4.5689e-11,4.4664e-11,2.9781e-11
4.885e-11,4.5416e-11,3.095e-11
3.3861e-11,6.8149e-11,7.5254e-11
2.6822e-11,4.4088e-11,2.8969e-11
6.8372e-11,6.6072e-11,5.0573e-11
1.9534e-11,1.9345e-11,1.5487e-11
1.9094e-11,1.8012e-11,1.4429e-11
3.0341e-11,3.1086e-11,2.2308e-11
3.7171e-11,6.2091e-11,2.7763e-11
3.2639e-11,3.408e-11,2.7949e-11
2.0475e-11,3.2667e-11,3.5781e-11
6.0694e-11,6.9727e-11,4.5877e-11
2.72e-11,3.7235e-11,2.1427e-11
1.8084e-11,3.514e-11,4.0219e-11
4.5356e-11,5.4881e-11,3.3881e-11
2.1462e-11,6.9187e-11,7.7489e-11
4.5821e-11,5.7673e-11,4.2173e-11
1.6063e-11,1.815e-11,1.3021e-11
2.0378e-11,2.4458e-11,2.31e-11
4.6477e-11,4.9587e-11,3.4941e-11
4.2004e-11,5.0453e-11,3.6571e-11
1.2764e-11,1.5063e-11,1.4305e-11
1.3587e-11,2.3194e-11,2.0743e-11
1.3915e-11,4.282e-11,1.8757e-11
1.505e-11,2.53e-11,1.7687e-11
1.5253e-11,2.3493e-11,1.2182e-11
1.2661e-11,1.9117e-11,2.0774e-11
4.9225e-11,4.8988e-11,3.6131e-11
4.4578e-11,4.5539e-11,3.118e-11
7.2293e-11,2.5222e-11,6.0924e-11
5.9095e-11,2.0779e-11,6.2593e-11
5.6521e-11,2.3187e-11,5.3928e-11
7.066e-11,3.255e-11,5.2166e-11
3.647e-11,3.0817e-11,4.1687e-11
4.4374e-11,2.5386e-11,5.128e-11
3.9942e-11,2.9204e-11,2.8332e-11
4.7003e-11,3.3949e-11,3.7518e-11
3.1061e-11,1.7106e-11,2.4964e-11
3.1498e-11,1.6241e-11,2.3609e-11
2.6537e-11,1.963e-11,2.9066e-11
4.5529e-11,4.0564e-11,4.0348e-11
6.3724e-11,5.8105e-11,5.5117e-11
2.163e-11,1.8021e-11,2.2569e-11
1.9868e-11,3.2209e-11,2.0015e-11
4.1396e-11,5.137e-11,8.7004e-11
4.0078e-11,3.7212e-11,3.9619e-11
3.9515e-11,3.8608e-11,3.5556e-11
3.6751e-11,4.2186e-11,6.7247e-11
2.9685e-11,4.445e-11,6.0013e-11
3.6854e-11,5.0667e-11,2.4533e-11
1.7211e-11,2.2033e-11,2.1618e-11
2.6369e-11,5.4402e-11,2.4887e-11
4.0173e-11,3.2352e-11,1.9723e-11
6.8025e-11,7.3604e-11,5.623e-11
3.8525e-11,4.0219e-11,3.1612e-11
2.5166e-11,3.524e-11,2.0046e-11
2.6495e-11,2.6273e-11,3.1047e-11
2.5438e-11,7.1244e-11,7.2479e-11
1.9209e-11,3.6307e-11,1.9527e-11
2.0632e-11,3.2832e-11,2.1073e-11
1.1763e-11,1.8088e-11,1.7526e-11
2.653e-11,2.6289e-11,1.4739e-11
2.5995e-11,3.8496e-11,2.2374e-11
1.3623e-11,1.4649e-11,2.0627e-11
1.5013e-11,1.5933e-11,1.2176e-11
1.9615e-11,2.1845e-11,1.9675e-11
1.5366e-11,6.7841e-11,2.445e-11
2.572e-11,2.7387e-11,3.2574e-11
1.2446e-11,1.7675e-11,2.1133e-11
1.4841e-11,1.2362e-11,1.5691e-11
7.7578e-11,2.2468e-11,6.5242e-11
6.1455e-11,2.3088e-11,6.7441e-11
5.4807e-11,2.276e-11,4.945e-11
7.5514e-11,3.2676e-11,6.4023e-11
4.7204e-11,2.998e-11,5.4706e-11
3.1337e-11,2.1447e-11,2.2721e-11
6.5557e-11,5.6109e-11,7.4052e-11
6.4418e-11,5.179e-11,7.5467e-11
5.528e-11,4.4591e-11,6.6339e-11
2.8567e-11,2.5351e-11,1.9465e-11
5.3093e-11,4.0719e-11,4.7091e-11
4.8643e-11,5.2452e-11,7.2174e-11
5.0157e-11,4.5617e-11,4.0191e-11
3.0592e-11,2.6556e-11,2.8246e-11
2.2749e-11,2.1215e-11,2.5726e-11
2.6799e-11,2.6956e-11,2.5094e-11
3.7206e-11,3.3305e-11,3.9113e-11
2.3684e-11,1.62e-11,2.0965e-11
1.8828e-11,1.5984e-11,1.9008e-11
3.9266e-11,4.1027e-11,2.2296e-11
4.5427e-11,5.8993e-11,3.0911e-11
3.3881e-11,3.3571e-11,3.1432e-11
1.7642e-11,1.3498e-11,1.4752e-11
6.8641e-11,6.606e-11,5.3762e-11
4.3499e-11,7.2613e-11,8.1663e-11
1.9799e-11,1.4348e-11,2.3112e-11
3.3181e-11,4.1524e-11,2.8433e-11
1.67e-11,2.4871e-11,1.9934e-11
4.3606e-11,4.0181e-11,3.0787e-11
2.6432e-11,3.5665e-11,2.0454e-11
3.6277e-11,4.4427e-11,2.7625e-11
1.3354e-11,1.6217e-11,1.4534e-11
1.6114e-11,1.3776e-11,1.4424e-11
2.2509e-11,5.6166e-11,2.9186e-11
1.7925e-11,4.6801e-11,3.1502e-11
1.3488e-11,5.2754e-11,5.5377e-11
1.8778e-11,2.2065e-11,1.5704e-11
1.3186e-11,3.2986e-11,2.5209e-11
1.843e-11,3.3078e-11,1.8e-11
9.0556e-12,1.2153e-11,8.9161e-12
3.4761e-11,1.8352e-11,1.5493e-11
8.347e-11,3.5792e-11,7.1782e-11
6.7237e-11,2.4012e-11,5.9624e-11
7.7905e-11,3.1385e-11,6.3816e-11
7.4255e-11,2.7039e-11,6.0789e-11
7.0385e-11,3.6268e-11,5.8799e-11
6.3857e-11,3.258e-11,5.1131e-11
4.7479e-11,3.0622e-11,4.4838e-11
7.4965e-11,3.7749e-11,5.9872e-11
6.0586e-11,2.7104e-11,7.2891e-11
4.7144e-11,2.9629e-11,4.3858e-11
3.3104e-11,2.5192e-11,2.8174e-11
5.2079e-11,2.5194e-11,3.1441e-11
3.4493e-11,3.2121e-11,2.832e-11
4.3698e-11,2.9378e-11,3.6418e-11
2.9935e-11,3.1309e-11,2.1517e-11
2.6617e-11,3.6212e-11,3.0845e-11
2.9692e-11,3.2336e-11,2.0324e-11
4.0634e-11,1.8111e-11,2.8329e-11
2.3226e-11,3.087e-11,2.1518e-11
4.072e-11,5.0333e-11,7.7108e-11
4.0999e-11,1.9724e-11,2.2377e-11
3.7359e-11,4.478e-11,6.6527e-11
4.0115e-11,4.6322e-11,6.4356e-11
4.4238e-11,3.6656e-11,2.1842e-11
4.4687e-11,5.2535e-11,3.0734e-11
2.1875e-11,1.8375e-11,2.9525e-11
3.4577e-11,4.1616e-11,2.8743e-11
2.2734e-11,3.1357e-11,2.8588e-11
2.3851e-11,3.7664e-11,5.1642e-11
2.4412e-11,3.4105e-11,4.5105e-11
2.6092e-11,2.1956e-11,2.324e-11
4.286e-11,3.5222e-11,2.7277e-11
2.6812e-11,3.2072e-11,2.6967e-11
1.8173e-11,2.5243e-11,1.2184e-11
4.7532e-11,5.372e-11,3.6307e-11
2.7565e-11,3.7467e-11,2.6041e-11
2.0311e-11,1.6478e-11,1.6768e-11
3.3344e-11,3.2026e-11,1.9829e-11
2.3455e-11,3.9341e-11,2.0027e-11
2.7024e-11,3.838e-11,2.5733e-11
1.4213e-11,1.3466e-11,1.3243e-11
1.167e-11,1.4015e-11,1.4308e-11
1.3047e-11,1.5033e-11,9.1205e-12
1.1832e-11,1.5454e-11,5.9361e-12
2.5393e-11,2.1423e-11,1.4957e-11
1.1594e-11,4.1255e-11,2.1804e-11
1.2484e-11,1.5223e-11,8.6772e-12
1.6432e-11,5.3445e-11,5.1006e-11
1.9208e-11,5.1242e-11,4.5845e-11
1.9621e-11,2.149e-11,1.3039e-11
8.2074e-11,3.1006e-11,8.1797e-11
5.0707e-11,2.6005e-11,4.6582e-11
3.988e-11,1.9112e-11,3.3845e-11
4.6449e-11,2.9279e-11,3.7615e-11
4.7429e-11,4.205e-11,4.1655e-11
4.1175e-11,2.7028e-11,3.0952e-11
4.0845e-11,2.2925e-11,3.1263e-11
3.2534e-11,1.9792e-11,3.0004e-11
2.3355e-11,2.2327e-11,3.5288e-11
4.2487e-11,2.1831e-11,4.3571e-11
6.0797e-11,5.4266e-11,6.4131e-11
4.3305e-11,3.5616e-11,3.418e-11
3.6742e-11,2.1837e-11,4.6835e-11
3.8915e-11,2.2511e-11,3.3202e-11
2.8015e-11,1.5514e-11,2.2859e-11
4.4001e-11,2.2482e-11,2.7184e-11
3.9694e-11,1.7222e-11,2.2629e-11
2.5723e-11,2.7323e-11,2.785e-11
2.2272e-11,3.1836e-11,3.531e-11
2.7343e-11,4.3238e-11,3.4161e-11
3.1625e-11,5.1118e-11,7.1108e-11
3.2921e-11,4.6297e-11,5.9424e-11
2.9032e-11,2.598e-11,2.2571e-11
3.7771e-11,6.2506e-11,2.4095e-11
3.019e-11,3.2734e-11,2.3893e-11
2.2321e-11,6.0859e-11,3.5284e-11
1.5651e-11,1.1653e-11,1.1178e-11
5.2877e-11,6.6572e-11,4.4656e-11
1.7397e-11,3.2073e-11,2.0146e-11
3.7181e-11,3.2485e-11,2.7111e-11
1.6911e-11,5.5084e-11,7.045e-11
2.797e-11,2.7866e-11,2.0728e-11
2.0911e-11,2.6689e-11,2.3968e-11
1.9726e-11,2.5012e-11,1.7156e-11
1.8371e-11,3.9646e-11,1.8225e-11
1.7385e-11,1.3903e-11,1.8991e-11
1.7017e-11,4.8926e-11,1.5662e-11
1.5075e-11,1.7021e-11,1.3457e-11
7.7633e-11,2.6948e-11,7.323e-11
6.012e-11,2.8607e-11,5.8174e-11
7.9172e-11,3.1903e-11,6.6493e-11
6.9845e-11,3.1185e-11,6.7498e-11
6.0882e-11,3.1362e-11,5.6965e-11
8.1077e-11,3.3065e-11,6.4211e-11
6.9809e-11,3.3938e-11,5.2538e-11
3.7978e-11,2.0423e-11,3.4109e-11
7.3779e-11,4.4599e-11,5.8405e-11
3.7174e-11,3.7017e-11,3.1169e-11
7.7061e-11,5.3625e-11,6.2306e-11
4.3787e-11,1.9669e-11,3.6646e-11
3.8603e-11,2.243e-11,2.9672e-11
4.664e-11,4.1118e-11,2.9264e-11
4.087e-11,5.2027e-11,3.2813e-11
3.6655e-11,2.2126e-11,3.3582e-11
2.9052e-11,2.4372e-11,1.9007e-11
4.1201e-11,4.1554e-11,3.853e-11
4.9681e-11,6.2992e-11,7.1428e-11
1.9731e-11,1.8428e-11,2.4049e-11
4.6624e-11,5.7525e-11,4.1455e-11
2.1983e-11,3.6323e-11,1.8137e-11
5.3991e-11,6.4186e-11,3.9115e-11
3.324e-11,6.3652e-11,8.2368e-11
2.0869e-11,1.3739e-11,3.415e-11
3.4182e-11,5.1776e-11,4.9857e-11
2.7513e-11,5.375e-11,2.8567e-11
2.6826e-11,4.0104e-11,4.9858e-11
5.0499e-11,5.8851e-11,4.1269e-11
5.4037e-11,5.9371e-11,3.8188e-11
2.6707e-11,5.6273e-11,2.9705e-11
5.5367e-11,6.9906e-11,4.4411e-11
2.2873e-11,4.419e-11,4.533e-11
2.908e-11,4.2127e-11,2.8939e-11
1.8789e-11,1.3725e-11,9.167e-12
1.969e-11,1.499e-11,1.5327e-11
1.8814e-11,3.0115e-11,1.9514e-11
3.1622e-11,3.6106e-11,2.465e-11
1.7862e-11,2.9834e-11,2.3197e-11
5.1481e-11,5.4807e-11,4.0105e-11
1.8388e-11,1.969e-11,9.7908e-12
8.0675e-11,2.8632e-11,7.5177e-11
7.493e-11,2.8364e-11,8.0388e-11
7.1796e-11,2.5284e-11,6.9408e-11
6.4362e-11,3.1883e-11,5.8797e-11
5.6039e-11,3.365e-11,4.3325e-11
5.0785e-11,2.5726e-11,3.7509e-11
4.4781e-11,1.7288e-11,3.3349e-11
6.0104e-11,2.8847e-11,7.2379e-11
7.1164e-11,3.4188e-11,5.3308e-11
4.0209e-11,2.7053e-11,3.6195e-11
5.8007e-11,2.9648e-11,4.1559e-11
5.4918e-11,3.0825e-11,6.1119e-11
5.2775e-11,3.2185e-11,4.9187e-11
4.2213e-11,3.35e-11,3.0025e-11
6.6842e-11,5.2272e-11,6.2197e-11
7.4848e-11,7.2101e-11,7.6755e-11
3.7336e-11,2.1306e-11,2.4258e-11
2.3494e-11,1.6895e-11,2.502e-11
7.7403e-11,5.5475e-11,5.5206e-11
6.6173e-11,6.4389e-11,8.3123e-11
3.0965e-11,2.073e-11,2.1193e-11
2.4918e-11,1.6418e-11,2.9911e-11
3.988e-11,2.8531e-11,3.8914e-11
2.7904e-11,1.9807e-11,2.982e-11
4.2317e-11,2.4522e-11,3.0631e-11
2.2712e-11,1.8875e-11,2.4024e-11
5.2284e-11,2.4589e-11,2.633e-11
2.1852e-11,2.545e-11,2.2949e-11
2.9154e-11,4.2522e-11,5.6145e-11
3.9778e-11,5.7526e-11,2.4069e-11
2.2924e-11,2.2054e-11,1.9863e-11
1.1681e-11,1.2904e-11,8.3152e-12
1.1899e-11,1.5232e-11,1.1505e-11
5.3779e-11,6.6195e-11,4.4056e-11
3.6934e-11,4.5347e-11,2.6523e-11
1.6442e-11,2.4993e-11,2.1121e-11
1.6929e-11,5.6241e-11,4.4157e-11
1.6992e-11,1.6307e-11,7.856e-12
4.882e-11,5.8948e-11,4.1028e-11
1.7863e-11,1.7966e-11,1.2788e-11
1.1726e-11,1.0933e-11,1.2535e-11
1.649e-11,3.0153e-11,1.8694e-11
1.7845e-11,1.634e-11,1.6918e-11
2.1527e-11,1.8582e-11,1.0725e-11
5.0946e-11,5.8518e-11,3.7562e-11
1.2083e-11,4.3784e-11,2.0474e-11
1.8961e-11,6.3558e-11,4.8236e-11
1.7636e-11,6.2393e-11,4.7241e-11
1.4458e-11,1.7409e-11,1.1013e-11
3.0704e-11,1.8794e-11,1.8747e-11
1.4123e-11,1.8189e-11,1.875e-11
1.4919e-11,1.9894e-11,1.5002e-11
1.3083e-11,1.2968e-11,1.3822e-11
7.7374e-11,2.9752e-11,7.4416e-11
7.5e-11,2.8703e-11,7.0268e-11
7.3198e-11,3.011e-11,7.3037e-11
6.3375e-11,2.7223e-11,5.7437e-11
5.4334e-11,3.0994e-11,4.6587e-11
5.0453e-11,2.7309e-11,3.9853e-11
5.575e-11,3.6408e-11,4.5069e-11
5.1451e-11,2.3248e-11,4.1296e-11
5.4901e-11,2.8447e-11,4.8003e-11
4.4084e-11,2.7336e-11,3.4022e-11
4.5476e-11,3.1588e-11,3.7878e-11
7.3896e-11,5.831e-11,6.1812e-11
5.222e-11,4.0742e-11,4.4643e-11
3.1279e-11,6.7819e-11,3.519e-11
6.2523e-11,5.7059e-11,5.5191e-11
4.1351e-11,2.2049e-11,2.0917e-11
2.5168e-11,1.5712e-11,1.7085e-11
6.5246e-11,7.1413e-11,6.1131e-11
2.906e-11,1.9439e-11,3.0691e-11
4.4696e-11,5.0843e-11,3.7971e-11
2.6842e-11,2.0499e-11,1.4863e-11
1.95e-11,1.0193e-11,1.4343e-11
2.4405e-11,2.2455e-11,2.0109e-11
3.4441e-11,2.2449e-11,2.4691e-11
4.5768e-11,5.2855e-11,3.6178e-11
4.0246e-11,6.2885e-11,5.578e-11
5.2943e-11,3.7154e-11,2.9837e-11
2.6178e-11,1.8595e-11,1.8614e-11
7.3338e-11,7.1112e-11,5.6462e-11
1.6333e-11,1.2375e-11,2.6881e-11
2.9372e-11,6.307e-11,7.7512e-11
2.7808e-11,2.5027e-11,1.9846e-11
6.3945e-11,6.655e-11,4.6311e-11
2.2549e-11,2.0584e-11,2.04e-11
2.7269e-11,4.5821e-11,4.2857e-11
2.1241e-11,5.7595e-11,6.9079e-11
2.6265e-11,5.2654e-11,3.9164e-11
5.6615e-11,7.0061e-11,4.5727e-11
2.2464e-11,2.2868e-11,1.5919e-11
2.1266e-11,1.7382e-11,2.034e-11
1.1311e-11,2.3472e-11,1.4786e-11
2.4673e-11,5.5551e-11,5.5696e-11
2.4898e-11,1.7418e-11,1.2505e-11
1.1155e-11,1.4202e-11,1.8768e-11
2.1104e-11,2.2849e-11,1.4638e-11
1.544e-11,1.1462e-11,1.4561e-11
2.1058e-11,3.0845e-11,1.6763e-11
1.4041e-11,1.9678e-11,2.9593e-11
1.1185e-11,1.5083e-11,2.2266e-11
1.9904e-11,2.4972e-11,1.4155e-11
2.0232e-11,2.2003e-11,1.4998e-11
1.4946e-11,4.689e-11,1.8783e-11
1.556e-11,1.9536e-11,1.1164e-11
2.2952e-11,2.6687e-11,1.9476e-11
2.5134e-11,3.7702e-11,2.0119e-11
1.2462e-11,1.3197e-11,1.0915e-11
8.2301e-11,2.7515e-11,8.2314e-11
7.4838e-11,3.0791e-11,6.7807e-11
6.3853e-11,3.4002e-11,5.1522e-11
5.0209e-11,3.2978e-11,5.3624e-11
4.216e-11,2.1874e-11,3.137e-11
4.9866e-11,2.839e-11,3.76e-11
3.3241e-11,1.926e-11,2.2579e-11
4.7976e-11,3.8271e-11,3.3828e-11
2.9508e-11,2.3543e-11,2.2175e-11
5.1731e-11,2.2664e-11,3.6648e-11
2.9639e-11,1.5435e-11,1.9792e-11
3.1193e-11,1.6896e-11,2.1163e-11
5.4867e-11,2.6954e-11,3.9414e-11
6.8192e-11,7.2685e-11,6.3483e-11
2.5774e-11,2.2616e-11,2.086e-11
2.6089e-11,2.1587e-11,2.4265e-11
4.6913e-11,4.1992e-11,4.2661e-11
6.5541e-11,5.6816e-11,5.2211e-11
4.0289e-11,4.1068e-11,4.0861e-11
2.1989e-11,2.5231e-11,2.0077e-11
4.9869e-11,7.4006e-11,4.5996e-11
6.1303e-11,6.4001e-11,4.068e-11
3.0195e-11,3.078e-11,1.9839e-11
2.5323e-11,3.7424e-11,3.0673e-11
3.2675e-11,3.5322e-11,2.2091e-11
2.0961e-11,3.3445e-11,1.8842e-11
1.7363e-11,1.8895e-11,1.5246e-11
1.971e-11,6.3867e-11,8.2751e-11
1.5813e-11,2.36e-11,1.4835e-11
3.049e-11,5.9347e-11,4.3474e-11
3.262e-11,4.2138e-11,1.8928e-11
1.7462e-11,1.507e-11,1.9249e-11
2.1143e-11,4.7978e-11,1.8116e-11
2.0034e-11,1.513e-11,1.8944e-11
2.4769e-11,1.5001e-11,1.8343e-11
2.2102e-11,2.7428e-11,2.0112e-11
2.1146e-11,2.4607e-11,1.4305e-11
1.84e-11,1.7695e-11,2.0022e-11
1.1226e-11,1.5317e-11,2.0786e-11
1.5285e-11,1.9156e-11,1.8256e-11
7.9327e-11,2.9582e-11,7.8404e-11
6.2786e-11,2.952e-11,6.3295e-11
6.2962e-11,2.7481e-11,5.398e-11
8.3334e-11,3.4593e-11,7.0027e-11
7.7854e-11,3.2443e-11,6.2287e-11
4.8718e-11,2.2391e-11,4.2443e-11
4.1301e-11,2.69e-11,4.3445e-11
6.5566e-11,3.768e-11,4.2748e-11
3.9489e-11,3.1857e-11,4.2636e-11
5.9773e-11,3.265e-11,5.2844e-11
5.9904e-11,3.2346e-11,6.2048e-11
7.3199e-11,5.06e-11,6.2211e-11
4.8003e-11,3.0286e-11,5.1711e-11
5.5815e-11,4.2308e-11,4.5676e-11
3.4099e-11,5.2707e-11,2.8165e-11
2.3539e-11,1.3504e-11,1.7217e-11
2.6514e-11,2.4313e-11,2.269e-11
6.9412e-11,8.1468e-11,7.7122e-11
2.2659e-11,1.7467e-11,1.8129e-11
4.0764e-11,2.7134e-11,4.2962e-11
3.322e-11,3.2006e-11,3.2369e-11
2.9884e-11,1.8023e-11,2.8194e-11
4.9952e-11,6.0067e-11,6.9917e-11
7.3522e-11,6.9877e-11,5.5673e-11
2.0117e-11,2.1335e-11,2.3129e-11
6.5442e-11,6.3686e-11,4.7308e-11
2.0625e-11,3.8887e-11,1.7237e-11
1.7392e-11,1.9813e-11,9.4773e-12
1.8825e-11,2.5689e-11,1.2236e-11
1.9381e-11,2.135e-11,1.7724e-11
2.7282e-11,5.8151e-11,7.4309e-11
1.8642e-11,3.1412e-11,1.5581e-11
1.5884e-11,2.247e-11,1.3508e-11
5.3153e-11,6.4668e-11,4.125e-11
1.4341e-11,1.8058e-11,2.0331e-11
1.3941e-11,1.9277e-11,1.5427e-11
2.0235e-11,1.9937e-11,1.3183e-11
1.5526e-11,1.5206e-11,1.1132e-11
2.0461e-11,3.1376e-11,2.1452e-11
4.8556e-11,5.6044e-11,3.9359e-11
2.4659e-11,7.4126e-11,7.9179e-11
2.3238e-11,2.285e-11,1.7535e-11
2.4994e-11,4.8886e-11,1.9511e-11
3.0091e-11,3.2952e-11,2.1349e-11
2.499e-11,3.7904e-11,2.6028e-11
1.7155e-11,1.8795e-11,1.6151e-11
2.44e-11,2.3041e-11,2.3389e-11
1.5753e-11,2.0156e-11,1.2584e-11
2.6417e-11,1.7361e-11,7.7672e-12
1.0352e-11,1.3511e-11,1.2502e-11
9.2889e-12,1.4681e-11,1.3219e-11
1.7319e-11,1.8135e-11,2.4364e-11
8.1478e-12,2.3566e-11,2.0889e-11
2.2589e-11,3.4058e-11,1.2195e-11
7.8866e-11,2.984e-11,7.3736e-11
7.2536e-11,2.9205e-11,6.5986e-11
6.2778e-11,3.8065e-11,5.8796e-11
8.3651e-11,3.5091e-11,7.1709e-11
7.631e-11,3.408e-11,5.8634e-11
4.7199e-11,2.1406e-11,3.4684e-11
5.4595e-11,2.6623e-11,3.7569e-11
5.0246e-11,2.1134e-11,3.4517e-11
6.0458e-11,2.9199e-11,5.1662e-11
5.9252e-11,2.9344e-11,4.3377e-11
6.3726e-11,3.2754e-11,7.8081e-11
7.4872e-11,3.7562e-11,5.8325e-11
8.4855e-11,5.2058e-11,7.3825e-11
5.795e-11,2.7573e-11,4.6193e-11
5.9605e-11,3.5459e-11,6.8772e-11
4.0374e-11,2.1965e-11,2.9395e-11
6.3786e-11,4.0398e-11,7.7616e-11
6.2559e-11,4.5229e-11,5.19e-11
7.2512e-11,4.599e-11,6.02e-11
5.8625e-11,5.4693e-11,4.3968e-11
6.1371e-11,7.492e-11,7.8212e-11
2.1712e-11,2.0823e-11,2.3924e-11
2.6189e-11,2.5075e-11,2.2438e-11
6.4787e-11,5.718e-11,4.5111e-11
6.2095e-11,7.2284e-11,6.0827e-11
7.2629e-11,6.3612e-11,5.2079e-11
6.2662e-11,7.4036e-11,6.5122e-11
7.0125e-11,6.8902e-11,5.2902e-11
1.8814e-11,1.7959e-11,1.1695e-11
4.1018e-11,6.8046e-11,2.9786e-11
2.8713e-11,6.1169e-11,7.2288e-11
2.6727e-11,2.7862e-11,2.0707e-11
2.7386e-11,6.0387e-11,5.4395e-11
2.8183e-11,6.9633e-11,7.6252e-11
1.3291e-11,1.9723e-11,2.6292e-11
1.7463e-11,1.0763e-11,1.7379e-11
1.7447e-11,2.5029e-11,1.4844e-11
1.4069e-11,1.8469e-11,1.3834e-11
2.2759e-11,1.5462e-11,9.3659e-12
2.0065e-11,1.9652e-11,2.0516e-11
1.5803e-11,1.4403e-11,1.3172e-11
2.6772e-11,1.7526e-11,1.8839e-11
2.5471e-11,6.4016e-11,5.4868e-11
1.6336e-11,2.1361e-11,1.7567e-11
1.8963e-11,1.7951e-11,1.8368e-11
2.448e-11,3.3049e-11,3.0064e-11
1.8731e-11,2.1241e-11,1.5228e-11
2.5444e-11,4.3418e-11,2.0935e-11
1.3216e-11,1.9212e-11,1.7645e-11
1.0602e-11,1.1429e-11,1.2249e-11
2.2175e-11,2.4929e-11,1.5647e-11
5.2979e-11,5.88e-11,3.7856e-11
1.5113e-11,2.2253e-11,2.5233e-11
8.7958e-11,3.4853e-11,6.9211e-11
8.227e-11,3.5884e-11,8.5121e-11
6.5276e-11,2.9508e-11,6.1328e-11
6.7225e-11,3.3547e-11,6.3582e-11
5.8348e-11,4.2448e-11,4.8469e-11
4.0137e-11,3.3828e-11,3.9665e-11
5.0997e-11,2.4801e-11,3.4675e-11
3.5601e-11,3.0997e-11,3.6552e-11
3.1712e-11,3.0748e-11,3.2048e-11
3.6039e-11,2.6213e-11,2.7896e-11
4.8924e-11,3.3609e-11,4.179e-11
2.4078e-11,1.8836e-11,2.592e-11
2.7797e-11,2.88e-11,2.8202e-11
6.4065e-11,8.7447e-11,7.303e-11
2.1709e-11,1.1779e-11,1.5907e-11
5.3622e-11,7.7055e-11,4.4664e-11
1.9821e-11,2.0682e-11,3.0021e-11
4.0289e-11,2.0462e-11,2.5274e-11
2.2687e-11,2.5331e-11,2.2839e-11
3.7836e-11,4.9767e-11,3.059e-11
1.5777e-11,2.26e-11,1.3636e-11
4.6465e-11,3.6707e-11,2.0264e-11
4.3869e-11,4.4693e-11,2.0512e-11
1.5125e-11,1.8127e-11,1.5338e-11
2.9734e-11,3.2156e-11,1.8934e-11
2.7834e-11,3.0272e-11,1.7023e-11
1.2192e-11,1.9019e-11,1.1502e-11
1.6901e-11,1.9796e-11,1.44e-11
1.0481e-11,2.0849e-11,2.0561e-11
1.5716e-11,2.0622e-11,1.3952e-11
1.1658e-11,1.7221e-11,2.1568e-11
1.51e-11,1.9321e-11,1.3511e-11
1.5118e-11,1.5571e-11,1.5e-11
2.2738e-11,2.3479e-11,2.3571e-11
1.5102e-11,1.8364e-11,1.5279e-11
2.5309e-11,6.41e-11,2.3549e-11
2.7294e-11,8.7531e-11,6.9669e-11
1.0651e-11,1.9811e-11,1.6024e-11
2.4685e-11,1.5018e-11,1.3994e-11
2.58e-11,5.1121e-11,2.8296e-11
1.3522e-11,1.5642e-11,1.7359e-11
1.9533e-11,1.7724e-11,1.9103e-11
2.7502e-11,1.9307e-11,1.9505e-11
1.1771e-11,1.562e-11,7.1856e-12
1.7644e-11,1.9039e-11,1.4328e-11
1.2166e-11,1.9684e-11,7.5629e-12
1.9111e-11,2.2906e-11,1.4472e-11
7.5516e-11,3.9286e-11,6.6759e-11
7.5512e-11,3.2609e-11,5.9952e-11
4.8942e-11,3.1404e-11,4.1239e-11
6.2335e-11,2.8302e-11,5.0241e-11
7.6961e-11,4.3031e-11,9.6099e-11
6.9988e-11,3.5846e-11,8.8872e-11
3.1126e-11,2.7795e-11,2.8536e-11
4.4694e-11,2.9907e-11,3.3296e-11
7.5664e-11,6.3005e-11,6.797e-11
4.2232e-11,1.9214e-11,2.8856e-11
7.0211e-11,6.8463e-11,5.39e-11
4.2968e-11,2.4753e-11,5.3623e-11
7.2145e-11,6.8896e-11,4.9314e-11
3.7867e-11,1.5368e-11,2.4485e-11
1.9436e-11,1.3598e-11,1.6465e-11
4.4394e-11,4.348e-11,2.7944e-11
2.2389e-11,2.4948e-11,2.2022e-11
4.6449e-11,6.7555e-11,5.8295e-11
1.5542e-11,1.9834e-11,9.7393e-12
2.3739e-11,2.7377e-11,1.5661e-11
1.5378e-11,3.23e-11,1.5076e-11
1.3939e-11,3.016e-11,2.0956e-11
1.8757e-11,1.4363e-11,1.9603e-11
2.0407e-11,2.3096e-11,1.2518e-11
1.4468e-11,1.9484e-11,1.5956e-11
1.5413e-11,7.3333e-11,4.039e-11
1.8893e-11,1.0021e-10,7.9386e-11
2.007e-11,2.4773e-11,1.659e-11
1.6918e-11,1.119e-11,1.1361e-11
2.2556e-11,1.8595e-11,1.6579e-11
7.1518e-11,4.1168e-11,5.9865e-11
7.2232e-11,3.5134e-11,6.8174e-11
5.4311e-11,3.6166e-11,4.7684e-11
5.4292e-11,3.4584e-11,4.3204e-11
6.9358e-11,3.2999e-11,4.9757e-11
5.3269e-11,2.9004e-11,3.6996e-11
4.8436e-11,2.3759e-11,3.4835e-11
4.1912e-11,2.1597e-11,4.1584e-11
6.4187e-11,4.8974e-11,4.8227e-11
3.4652e-11,1.7636e-11,2.3072e-11
3.4586e-11,3.936e-11,2.4744e-11
8.0463e-11,5.7548e-11,7.1328e-11
3.53e-11,2.7949e-11,2.4686e-11
8.1944e-11,6.4353e-11,5.977e-11
6.6254e-11,4.0953e-11,4.5301e-11
5.4983e-11,4.8546e-11,4.4921e-11
2.3179e-11,1.9707e-11,1.5182e-11
2.3404e-11,3.3411e-11,1.6427e-11
2.535e-11,1.246e-11,1.427e-11
2.9984e-11,2.9088e-11,2.9544e-11
6.1581e-11,5.8523e-11,4.1103e-11
2.463e-11,2.1972e-11,1.768e-11
2.3716e-11,2.3e-11,1.5918e-11
4.4522e-11,6.7733e-11,3.5648e-11
2.139e-11,2.8142e-11,2.7444e-11
4.092e-11,4.8905e-11,2.9442e-11
2.5697e-11,3.0879e-11,1.7892e-11
1.7119e-11,2.2395e-11,1.4533e-11
1.6111e-11,1.2015e-11,1.4592e-11
1.46e-11,2.9422e-11,1.7723e-11
1.7826e-11,2.6495e-11,1.5583e-11
2.1177e-11,2.6658e-11,1.578e-11
2.327e-11,2.2727e-11,1.1527e-11
5.4523e-11,6.2196e-11,3.6685e-11
1.9885e-11,2.3711e-11,1.5122e-11
1.3503e-11,1.8469e-11,1.082e-11
1.5733e-11,2.0954e-11,6.6616e-12
2.0161e-11,1.6281e-11,1.8169e-11
2.2911e-11,1.9889e-11,2.1872e-11
7.2978e-11,3.3783e-11,6.188e-11
4.8971e-11,2.4618e-11,5.1061e-11
5.3745e-11,3.3719e-11,4.0383e-11
7.0845e-11,3.7934e-11,5.4824e-11
5.0805e-11,2.2442e-11,3.8325e-11
8.1155e-11,5.1882e-11,6.0004e-11
3.3883e-11,2.0472e-11,2.8459e-11
4.7062e-11,2.8509e-11,3.2565e-11
2.9481e-11,2.2055e-11,2.6079e-11
2.3436e-11,1.6262e-11,2.7183e-11
3.4718e-11,2.1967e-11,4.2996e-11
2.2977e-11,1.7075e-11,1.5751e-11
2.0529e-11,1.4556e-11,1.258e-11
5.4806e-11,7.5341e-11,3.7491e-11
3.076e-11,3.0378e-11,2.3292e-11
4.8077e-11,7.0465e-11,2.6616e-11
4.2281e-11,7.1876e-11,7.2619e-11
4.4363e-11,5.8794e-11,2.75e-11
4.162e-11,6.6249e-11,7.7153e-11
3.1038e-11,4.0636e-11,2.2499e-11
2.7554e-11,2.9799e-11,3.5857e-11
1.7154e-11,2.2119e-11,1.1391e-11
1.2153e-11,2.1159e-11,1.5356e-11
1.9702e-11,3.5541e-11,1.5015e-11
1.526e-11,1.7654e-11,1.3386e-11
1.4921e-11,1.4523e-11,9.9583e-12
2.7749e-11,6.338e-11,2.3707e-11
2.0716e-11,2.2759e-11,1.9006e-11
2.5739e-11,2.6889e-11,1.9811e-11
1.0371e-11,1.2761e-11,1.0898e-11
1.1534e-11,2.1866e-11,1.3665e-11
1.4757e-11,1.776e-11,7.4542e-12
2.287e-11,2.0534e-11,1.4596e-11
1.4901e-11,4.5108e-11,3.5192e-11
1.1604e-11,1.7265e-11,2.0228e-11
7.7366e-11,3.5094e-11,7.078e-11
7.8395e-11,3.4054e-11,7.1827e-11
8.4356e-11,3.4449e-11,6.7344e-11
7.5083e-11,3.2685e-11,6.3899e-11
8.6778e-11,5.0861e-11,1.1074e-10
4.5848e-11,2.3482e-11,3.5653e-11
4.0228e-11,2.6224e-11,3.251e-11
3.1138e-11,2.5477e-11,2.5692e-11
4.1836e-11,2.7146e-11,3.0465e-11
4.3361e-11,3.2749e-11,3.1477e-11
4.0339e-11,3.0707e-11,3.5361e-11
2.253e-11,2.0258e-11,2.4089e-11
4.2579e-11,2.6303e-11,2.7703e-11
3.2758e-11,3.0436e-11,3.2669e-11
5.5652e-11,6.0185e-11,3.7618e-11
2.712e-11,2.7119e-11,1.5402e-11
3.5345e-11,4.0221e-11,2.6312e-11
1.6284e-11,1.8837e-11,9.1722e-12
2.2618e-11,4.8701e-11,2.3843e-11
5.0754e-11,6.1822e-11,3.3119e-11
4.4749e-11,7.03e-11,5.3438e-11
3.9674e-11,6.9194e-11,6.4044e-11
1.4423e-11,2.1462e-11,1.1479e-11
1.4249e-11,1.6202e-11,1.1129e-11
1.3185e-11,1.6428e-11,3.1074e-11
1.7185e-11,1.1389e-11,1.8685e-11
9.899e-12,1.4925e-11,1.1715e-11
2.2193e-11,1.1225e-10,8.6246e-11
2.0167e-11,2.1959e-11,8.7382e-12
2.5993e-11,1.0886e-10,7.2343e-11
1.8447e-11,2.0766e-11,8.8387e-12
3.3603e-11,2.9976e-11,2.1832e-11
1.579e-11,2.0121e-11,7.4245e-12
1.104e-11,1.9738e-11,1.7212e-11
7.4837e-11,3.7126e-11,6.3362e-11
6.3549e-11,3.2477e-11,6.6035e-11
5.951e-11,2.822e-11,5.0852e-11
7.5355e-11,3.1251e-11,4.9782e-11
5.1517e-11,2.3686e-11,3.691e-11
6.5655e-11,2.986e-11,3.9837e-11
8.1659e-11,5.7838e-11,6.1287e-11
6.393e-11,4.3495e-11,4.6277e-11
6.2467e-11,4.5843e-11,3.7654e-11
6.6069e-11,3.5259e-11,7.8968e-11
4.8641e-11,4.3029e-11,3.5556e-11
3.983e-11,2.3789e-11,2.9335e-11
6.5086e-11,3.0807e-11,6.5928e-11
7.0678e-11,6.079e-11,5.4229e-11
2.7369e-11,1.9183e-11,2.5486e-11
2.7388e-11,2.0628e-11,2.6776e-11
5.6081e-11,4.8254e-11,4.7646e-11
4.0287e-11,1.9713e-11,1.788e-11
7.9732e-11,9.3652e-11,5.4263e-11
2.044e-11,2.2073e-11,1.2161e-11
5.5577e-11,7.0401e-11,4.8551e-11
3.5352e-11,3.4682e-11,2.6816e-11
3.8705e-11,4.0625e-11,2.6006e-11
4.7448e-11,8.3845e-11,7.0913e-11
6.0514e-11,6.4392e-11,4.2615e-11
2.2365e-11,1.8215e-11,1.6581e-11
2.0676e-11,3.6258e-11,1.6757e-11
2.3188e-11,2.0593e-11,1.2111e-11
4.1822e-11,7.3631e-11,6.521e-11
3.982e-11,6.8793e-11,3.45e-11
1.6605e-11,1.8092e-11,1.2107e-11
1.7228e-11,1.5117e-11,2.0224e-11
3.7505e-11,7.9456e-11,7.5895e-11
1.5937e-11,1.4361e-11,1.2003e-11
1.4586e-11,1.6285e-11,1.1414e-11
2.696e-11,1.1061e-11,1.1249e-11
1.1606e-11,2.3223e-11,9.8087e-12
2.2917e-11,2.3349e-11,1.1526e-11
4.9947e-11,5.7675e-11,3.7667e-11
1.2688e-11,1.376e-11,1.1593e-11
1.9542e-11,2.1569e-11,1.8265e-11
1.8901e-11,2.1148e-11,1.9978e-11
1.2661e-11,1.0206e-11,1.3421e-11
1.5701e-11,1.8822e-11,8.934e-12
6.3202e-11,3.4871e-11,5.6039e-11
5.5921e-11,3.6138e-11,5.5271e-11
5.7055e-11,3.6318e-11,4.0966e-11
4.9833e-11,3.2285e-11,3.755e-11
6.1969e-11,4.1343e-11,4.1272e-11
3.7283e-11,3.0465e-11,2.4741e-11
3.8114e-11,2.0715e-11,3.4735e-11
4.0307e-11,4.4727e-11,2.4437e-11
7.4155e-11,6.774e-11,6.3714e-11
3.7758e-11,2.2854e-11,4.3479e-11
9.0939e-11,8.4091e-11,6.9841e-11
7.9664e-11,5.6111e-11,6.2493e-11
3.7432e-11,1.6118e-11,1.8035e-11
7.8514e-11,5.4282e-11,5.4724e-11
6.854e-11,6.2463e-11,4.863e-11
2.2716e-11,1.8884e-11,2.4058e-11
3.3689e-11,3.517e-11,4.9186e-11
2.4915e-11,1.5983e-11,1.9114e-11
3.7642e-11,3.6007e-11,2.8376e-11
2.7077e-11,2.7345e-11,2.2821e-11
3.3938e-11,1.8706e-11,2.1271e-11
5.8611e-11,6.4479e-11,3.6666e-11
1.9584e-11,1.7264e-11,1.661e-11
2.1717e-11,2.2e-11,1.9716e-11
6.2396e-11,6.2167e-11,3.9621e-11
1.8016e-11,2.0069e-11,1.2392e-11
2.3152e-11,1.4856e-11,1.5944e-11
4.6322e-11,4.8265e-11,3.1397e-11
3.7531e-11,7.0049e-11,3.2614e-11
3.1371e-11,5.1852e-11,4.0165e-11
2.9883e-11,5.5204e-11,3.7878e-11
1.6534e-11,1.9114e-11,1.6292e-11
1.9704e-11,1.3902e-11,1.1937e-11
1.3185e-11,1.6323e-11,1.3313e-11
3.6243e-11,4.4219e-11,2.1421e-11
1.6511e-11,2.0052e-11,2.3524e-11
2.6136e-11,3.0867e-11,9.8589e-12
1.6178e-11,2.4162e-11,2.9508e-11
2.2647e-11,1.1632e-11,1.1183e-11
1.4032e-11,1.6763e-11,1.3744e-11
1.4659e-11,4.7419e-11,2.8427e-11
1.6862e-11,1.9481e-11,9.6559e-12
2.8405e-11,9.7555e-11,6.282e-11
1.0781e-11,2.3404e-11,1.4898e-11
1.6752e-11,2.1006e-11,1.1204e-11
1.3523e-11,4.4586e-11,3.2518e-11
1.4395e-11,2.1178e-11,1.5742e-11
4.3889e-11,4.6028e-11,2.8071e-11
5.9125e-11,2.7942e-11,3.9482e-11
4.5313e-11,2.3769e-11,3.1088e-11
4.1439e-11,2.4823e-11,3.2435e-11
6.6261e-11,3.7059e-11,4.7018e-11
8.4549e-11,4.7773e-11,9.507e-11
3.9233e-11,3.8647e-11,2.7567e-11
3.2977e-11,2.3612e-11,2.2469e-11
3.3775e-11,3.4691e-11,3.166e-11
2.2981e-11,1.6312e-11,1.5939e-11
7.1377e-11,5.9074e-11,4.6643e-11
7.5626e-11,1.0701e-10,6.2492e-11
6.1871e-11,4.8725e-11,3.7509e-11
7.026e-11,1.0781e-10,6.2516e-11
2.7038e-11,1.6378e-11,1.8025e-11
1.7453e-11,1.7579e-11,1.6684e-11
1.8862e-11,2.4743e-11,2.6257e-11
5.6092e-11,9.83e-11,6.096e-11
2.6271e-11,3.6176e-11,2.7962e-11
2.9597e-11,4.2748e-11,2.676e-11
2.0159e-11,1.9661e-11,1.2882e-11
1.9127e-11,1.3904e-11,1.6007e-11
3.5792e-11,7.5086e-11,3.7495e-11
3.3282e-11,3.3986e-11,2.3999e-11
5.2674e-11,8.5265e-11,5.5418e-11
4.6535e-11,4.941e-11,3.0555e-11
2.3086e-11,3.2419e-11,1.3653e-11
3.6027e-11,7.1166e-11,3.0455e-11
1.2885e-11,1.5241e-11,2.7777e-11
3.7146e-11,6.4183e-11,2.5766e-11
1.198e-11,1.4845e-11,8.7152e-12
3.1253e-11,6.3569e-11,3.792e-11
1.7333e-11,1.6062e-11,2.3604e-11
1.8507e-11,1.7956e-11,1.6283e-11
4.3007e-11,8.8989e-11,5.06e-11
1.969e-11,2.8358e-11,1.7808e-11
2.5939e-11,1.9082e-11,1.7072e-11
1.479e-11,1.8366e-11,1.694e-11
2.1081e-11,3.5057e-11,1.7283e-11
1.3102e-11,1.3079e-11,1.2001e-11
1.7214e-11,1.7536e-11,1.9854e-11
9.2813e-12,1.7329e-11,1.1192e-11
6.592e-11,3.4948e-11,5.5775e-11
6.6405e-11,4.8548e-11,5.6939e-11
7.6417e-11,4.1638e-11,5.2569e-11
5.9076e-11,3.264e-11,3.9314e-11
8.4412e-11,3.8672e-11,7.6039e-11
8.0954e-11,4.9707e-11,6.8451e-11
6.3416e-11,5.2439e-11,5.0434e-11
4.0929e-11,3.0011e-11,3.1644e-11
7.1457e-11,6.289e-11,5.1077e-11
5.94e-11,4.0941e-11,6.4855e-11
3.2574e-11,3.2354e-11,2.2797e-11
4.2411e-11,4.1449e-11,3.8397e-11
6.4801e-11,6.1069e-11,4.2556e-11
3.6909e-11,3.3006e-11,3.4361e-11
2.3587e-11,2.4869e-11,2.0341e-11
2.4689e-11,1.9148e-11,2.1544e-11
3.0255e-11,3.3689e-11,2.6563e-11
7.3349e-11,9.0165e-11,6.0677e-11
6.6905e-11,5.6563e-11,4.05e-11
5.4938e-11,7.3997e-11,4.453e-11
2.4299e-11,2.2629e-11,2.8575e-11
2.8801e-11,2.8751e-11,2.4963e-11
1.9708e-11,1.843e-11,1.1908e-11
2.1823e-11,1.7434e-11,1.3993e-11
2.0427e-11,1.6393e-11,1.2481e-11
4.1006e-11,5.4077e-11,2.6215e-11
5.8243e-11,7.087e-11,3.8643e-11
2.0256e-11,1.4254e-11,1.3208e-11
4.5792e-11,9.2822e-11,7.1983e-11
2.5724e-11,3.1798e-11,2.898e-11
4.237e-11,9.7278e-11,8.1279e-11
2.0276e-11,4.4916e-11,2.4398e-11
2.6111e-11,3.2287e-11,2.2729e-11
1.3985e-11,1.7681e-11,1.3318e-11
1.9544e-11,2.3789e-11,1.5265e-11
2.2032e-11,1.7686e-11,1.8137e-11
1.7684e-11,1.9109e-11,1.2572e-11
1.4768e-11,1.8413e-11,1.6538e-11
1.9399e-11,2.1484e-11,1.6341e-11
1.2834e-11,1.9109e-11,1.2098e-11
2.2154e-11,6.3557e-11,5.0404e-11
1.9702e-11,2.9697e-11,2.4411e-11
7.9468e-11,3.8441e-11,6.9465e-11
6.6608e-11,3.5345e-11,6.0332e-11
6.3297e-11,3.1577e-11,4.8898e-11
6.3174e-11,4.2475e-11,4.3763e-11
8.1892e-11,3.7084e-11,4.8125e-11
6.9267e-11,5.0025e-11,5.0798e-11
4.9839e-11,3.1364e-11,3.7486e-11
3.7338e-11,2.8916e-11,3.062e-11
4.2235e-11,3.2244e-11,4.2995e-11
5.58e-11,5.3013e-11,3.8238e-11
3.7127e-11,2.5685e-11,2.5731e-11
9.8879e-11,8.4555e-11,7.3924e-11
2.8725e-11,2.6621e-11,2.7192e-11
2.5028e-11,2.1101e-11,2.2697e-11
2.0839e-11,2.3259e-11,1.6431e-11
2.3753e-11,2.2668e-11,3.3546e-11
2.4454e-11,2.4947e-11,2.2536e-11
6.0899e-11,1.1479e-10,7.0217e-11
1.9225e-11,1.469e-11,1.9154e-11
2.0868e-11,2.584e-11,1.9374e-11
3.5124e-11,2.8235e-11,2.4677e-11
5.6345e-11,9.3544e-11,5.2872e-11
2.4943e-11,4.2802e-11,3.1162e-11
3.9411e-11,9.9499e-11,8.5027e-11
1.541e-11,1.9821e-11,7.9935e-12
1.7879e-11,1.9042e-11,1.7239e-11
1.6681e-11,1.3237e-11,1.4583e-11
1.3642e-11,1.6659e-11,1.6358e-11
2.5668e-11,1.2522e-10,8.1679e-11
1.3237e-11,2.2071e-11,1.381e-11
1.3697e-11,2.0555e-11,1.3034e-11
2.8919e-11,2.7573e-11,1.7429e-11
1.5196e-11,1.5277e-11,1.1706e-11
4.6552e-11,4.9389e-11,2.8888e-11
7.2415e-11,3.5115e-11,6.1903e-11
6.792e-11,3.4844e-11,5.2753e-11
7.5284e-11,3.7353e-11,4.7695e-11
8.7928e-11,4.0704e-11,5.7978e-11
7.6483e-11,4.1498e-11,5.3851e-11
8.7965e-11,3.9651e-11,5.5459e-11
4.3486e-11,3.138e-11,3.3851e-11
4.1039e-11,2.3262e-11,2.9137e-11
9.4685e-11,4.6328e-11,1.052e-10
3.6099e-11,4.8456e-11,3.0963e-11
4.0665e-11,2.7885e-11,2.6679e-11
3.5375e-11,2.4421e-11,3.3973e-11
4.9604e-11,3.8545e-11,3.6595e-11
6.2328e-11,5.8258e-11,6.392e-11
9.3928e-11,5.8845e-11,5.8761e-11
2.4236e-11,2.4233e-11,2.19e-11
3.3397e-11,3.5563e-11,3.542e-11
8.0659e-11,1.0651e-10,6.6917e-11
6.4556e-11,7.5644e-11,4.8656e-11
1.7834e-11,1.5175e-11,1.4365e-11
2.145e-11,2.0631e-11,2.1662e-11
1.8733e-11,1.618e-11,1.4475e-11
3.1952e-11,6.8518e-11,3.1855e-11
1.9628e-11,2.7566e-11,1.4019e-11
5.7088e-11,1.0668e-10,6.3089e-11
5.3692e-11,1.0926e-10,8.2449e-11
3.4919e-11,6.6304e-11,3.2868e-11
3.3601e-11,7.3933e-11,3.7562e-11
1.3371e-11,2.0971e-11,1.266e-11
3.5716e-11,5.9238e-11,3.5059e-11
3.8846e-11,4.8423e-11,2.4135e-11
1.1356e-11,1.839e-11,1.6565e-11
2.1385e-11,6.7004e-11,4.2698e-11
1.7025e-11,2.4907e-11,1.9605e-11
2.4468e-11,2.203e-11,1.075e-11
5.7665e-11,6.4394e-11,3.5791e-11
1.1595e-11,2.2099e-11,2.4694e-11
1.3503e-11,1.6111e-11,1.7226e-11
1.2642e-11,2.8513e-11,3.0413e-11
3.0748e-11,3.0615e-11,1.4441e-11
1.3052e-11,2.4727e-11,2.8148e-11
1.3883e-11,2.0994e-11,2.0824e-11
2.7448e-11,4.0733e-11,2.861e-11
2.4146e-11,3.3397e-11,2.859e-11
7.4792e-11,3.6602e-11,6.3187e-11
6.6086e-11,4.1428e-11,5.5426e-11
7.0167e-11,3.6674e-11,4.817e-11
6.9941e-11,3.4263e-11,5.6718e-11
6.9983e-11,3.5832e-11,4.9125e-11
9.3615e-11,3.6454e-11,6.1458e-11
7.7323e-11,4.2225e-11,5.7797e-11
5.3229e-11,3.5609e-11,4.3197e-11
4.2925e-11,2.2439e-11,3.213e-11
9.2884e-11,5.7394e-11,1.1097e-10
5.8804e-11,5.0104e-11,3.9703e-11
3.3047e-11,2.5412e-11,2.42e-11
5.8125e-11,2.8394e-11,4.5656e-11
4.7394e-11,3.5959e-11,3.5374e-11
2.8167e-11,2.1302e-11,2.2218e-11
4.7905e-11,3.7681e-11,3.677e-11
2.6284e-11,2.8315e-11,2.4788e-11
4.6588e-11,3.5444e-11,3.614e-11
2.8914e-11,2.0523e-11,1.9528e-11
2.1684e-11,2.2891e-11,1.8142e-11
6.4584e-11,1.1102e-10,7.5743e-11
2.1177e-11,2.3155e-11,2.5326e-11
2.938e-11,2.2819e-11,2.5388e-11
3.0513e-11,3.2854e-11,2.4541e-11
2.8453e-11,3.1309e-11,1.8818e-11
3.7166e-11,3.8472e-11,2.5259e-11
2.0163e-11,1.9029e-11,1.2677e-11
5.5131e-11,6.6412e-11,3.519e-11
5.2663e-11,6.4145e-11,3.2708e-11
1.5659e-11,2.339e-11,1.8797e-11
3.2294e-11,2.6702e-11,1.6284e-11
1.3964e-11,1.9946e-11,1.7708e-11
1.8042e-11,2.1823e-11,1.6671e-11
3.02e-11,3.4518e-11,1.7807e-11
1.3364e-11,1.5901e-11,8.1141e-12
1.249e-11,1.1758e-11,5.1941e-12
1.2246e-11,1.6667e-11,2.0452e-11
3.1462e-11,5.9923e-11,4.0037e-11
3.2401e-11,3.2846e-11,1.8248e-11
1.9071e-11,1.6513e-11,2.0838e-11
1.7116e-11,2.2262e-11,2.0073e-11
1.9812e-11,2.0425e-11,1.5663e-11
2.82e-11,2.5475e-11,1.4211e-11
7.6218e-11,3.7808e-11,5.8046e-11
8.5802e-11,3.7752e-11,5.9256e-11
7.6829e-11,4.1402e-11,5.3807e-11
8.2693e-11,5.1347e-11,5.7444e-11
7.6016e-11,3.5077e-11,5.7886e-11
4.5458e-11,2.9606e-11,3.7354e-11
4.7024e-11,2.8718e-11,4.3102e-11
4.0683e-11,2.4982e-11,2.802e-11
5.9879e-11,2.5511e-11,4.1414e-11
3.5485e-11,2.6549e-11,2.7975e-11
1.0372e-10,8.672e-11,7.914e-11
2.8984e-11,2.822e-11,2.4323e-11
3.4353e-11,2.384e-11,2.3831e-11
1.0227e-10,8.5092e-11,7.6427e-11
8.6142e-11,6.5973e-11,6.6997e-11
2.6604e-11,2.552e-11,2.1663e-11
2.3342e-11,2.4997e-11,2.1327e-11
2.3683e-11,2.7698e-11,2.1258e-11
2.2756e-11,2.1747e-11,2.1511e-11
2.9969e-11,2.6891e-11,3.3084e-11
2.5885e-11,2.9857e-11,2.7269e-11
1.8925e-11,2.1635e-11,2.4325e-11
2.1543e-11,2.2081e-11,2.1108e-11
2.8634e-11,2.2292e-11,2.5556e-11
6.111e-11,6.8149e-11,4.0376e-11
2.5117e-11,2.3468e-11,1.524e-11
5.6259e-11,1.0579e-10,9.3513e-11
3.6026e-11,4.0237e-11,2.6481e-11
1.3251e-11,1.2252e-11,7.3539e-12
1.6182e-11,2.7623e-11,3.6957e-11
3.7572e-11,1.2395e-10,9.2568e-11
1.9056e-11,1.9986e-11,1.3149e-11
3.3066e-11,2.5098e-11,2.3926e-11
2.6397e-11,3.082e-11,2.6071e-11
1.6437e-11,2.68e-11,2.0365e-11
2.0896e-11,3.4048e-11,2.5414e-11
2.4007e-11,2.8054e-11,1.3876e-11
3.5127e-11,5.2147e-11,3.5653e-11
1.5374e-11,2.0387e-11,2.6555e-11
2.7801e-11,3.252e-11,1.0122e-11
1.9168e-11,2.0984e-11,1.9338e-11
1.2923e-11,1.5187e-11,1.0978e-11
6.4044e-11,3.7393e-11,5.2561e-11
7.6762e-11,4.0535e-11,5.4704e-11
9.5337e-11,4.5888e-11,5.4539e-11
9.5507e-11,4.1776e-11,6.1171e-11
5.9026e-11,2.7667e-11,3.3985e-11
4.4072e-11,2.9026e-11,2.9198e-11
9.2695e-11,4.7828e-11,9.594e-11
5.579e-11,4.084e-11,3.6242e-11
6.429e-11,2.8931e-11,5.1253e-11
9.3697e-11,5.3561e-11,1.0436e-10
2.4209e-11,2.4751e-11,2.5264e-11
9.0472e-11,8.7098e-11,6.561e-11
2.4285e-11,2.3114e-11,2.4715e-11
5.7655e-11,5.4009e-11,3.7477e-11
3.3651e-11,2.6708e-11,2.2524e-11
5.2519e-11,5.0989e-11,3.6508e-11
2.0933e-11,1.6493e-11,1.9668e-11
2.676e-11,4.14e-11,2.2371e-11
6.8357e-11,1.1002e-10,6.716e-11
1.8627e-11,1.9456e-11,1.7519e-11
2.4394e-11,2.7019e-11,2.406e-11
2.5135e-11,3.7655e-11,3.1108e-11
2.1124e-11,2.845e-11,2.1067e-11
2.047e-11,2.8258e-11,1.578e-11
3.5753e-11,8.6573e-11,4.7298e-11
1.4391e-11,1.2934e-11,7.0849e-12
2.2482e-11,2.836e-11,2.59e-11
1.9711e-11,1.4992e-11,1.4478e-11
3.3868e-11,9.158e-11,4.6489e-11
5.7613e-11,6.6012e-11,3.2885e-11
2.0359e-11,1.7233e-11,1.435e-11
1.6011e-11,1.4753e-11,1.6135e-11
1.6185e-11,2.0874e-11,1.7991e-11
1.4229e-11,1.677e-11,8.5156e-12
1.5024e-11,1.719e-11,2.303e-11
1.6403e-11,2.1305e-11,2.124e-11
2.1275e-11,2.0799e-11,1.3369e-11
2.3645e-11,8.8286e-11,6.3903e-11
1.6423e-11,2.5183e-11,1.9283e-11
8.3499e-11,3.9606e-11,6.2807e-11
8.32e-11,4.0064e-11,6.7311e-11
6.7934e-11,3.7275e-11,6.1636e-11
9.2959e-11,4.396e-11,9.1548e-11
6.2891e-11,3.1319e-11,5.9899e-11
2.8208e-11,1.907e-11,2.6548e-11
2.9949e-11,2.6797e-11,2.5335e-11
8.0237e-11,8.4519e-11,5.6332e-11
2.8805e-11,2.2575e-11,1.8705e-11
3.2282e-11,2.4354e-11,1.7752e-11
2.9688e-11,2.0592e-11,2.5429e-11
6.9524e-11,6.7918e-11,5.0123e-11
2.98e-11,2.134e-11,2.4304e-11
7.3111e-11,1.0569e-10,6.6006e-11
2.2684e-11,2.698e-11,1.8064e-11
2.3989e-11,2.9256e-11,3.2401e-11
3.6228e-11,3.2639e-11,2.6571e-11
2.6438e-11,3.324e-11,3.8799e-11
6.1293e-11,7.4942e-11,4.0656e-11
3.6336e-11,4.0893e-11,2.8e-11
5.3979e-11,1.1256e-10,9.2915e-11
6.0886e-11,7.9915e-11,4.6323e-11
2.8985e-11,4.7529e-11,2.8484e-11
1.5009e-11,1.4727e-11,1.0496e-11
2.2844e-11,3.7732e-11,1.6675e-11
4.7456e-11,1.0867e-10,8.1538e-11
2.0033e-11,1.4781e-11,1.4055e-11
1.7769e-11,2.3611e-11,1.2412e-11
2.4669e-11,2.863e-11,1.6539e-11
1.3468e-11,1.3647e-11,8.5646e-12
1.9399e-11,1.569e-11,1.3092e-11
1.0975e-11,1.6918e-11,1.6708e-11
8.826e-11,4.2911e-11,5.8587e-11
8.4036e-11,4.7811e-11,5.8564e-11
1.0213e-10,4.8558e-11,6.3133e-11
1.0543e-10,4.4626e-11,6.8727e-11
6.1521e-11,4.167e-11,3.9394e-11
4.5432e-11,2.825e-11,3.2523e-11
4.4016e-11,2.8254e-11,3.524e-11
5.4288e-11,3.8295e-11,3.3711e-11
5.9918e-11,3.4344e-11,5.9699e-11
3.6199e-11,3.344e-11,2.749e-11
7.405e-11,1.2159e-10,6.7406e-11
3.3119e-11,3.4618e-11,3.9422e-11
1.922e-11,2.0377e-11,1.505e-11
2.9688e-11,2.4398e-11,2.9443e-11
3.3869e-11,6.2917e-11,4.2155e-11
2.3027e-11,2.28e-11,1.5563e-11
1.9579e-11,2.2724e-11,1.4896e-11
6.4042e-11,6.9891e-11,4.2639e-11
2.8421e-11,3.0734e-11,2.1987e-11
5.9247e-11,1.1559e-10,8.6887e-11
5.2891e-11,6.1845e-11,3.0594e-11
5.8969e-11,7.1303e-11,3.7217e-11
2.1696e-11,2.39e-11,1.5522e-11
5.7214e-11,8.921e-11,5.4638e-11
2.5404e-11,4.2355e-11,2.9916e-11
4.6528e-11,9.4092e-11,6.8987e-11
1.3095e-11,1.3554e-11,1.4337e-11
1.7151e-11,1.4902e-11,1.5692e-11
2.0539e-11,2.4877e-11,2.5163e-11
1.0887e-11,1.5443e-11,1.8259e-11
2.12e-11,2.4452e-11,2.0086e-11
1.3831e-11,1.6054e-11,1.3443e-11
5.4691e-11,5.9175e-11,3.1621e-11
1.9561e-11,3.2466e-11,2.6897e-11
2.1079e-11,1.6639e-11,1.2785e-11
1.0826e-11,1.2485e-11,1.9107e-11
2.5177e-11,2.5698e-11,1.5294e-11
1.6514e-11,1.7931e-11,1.5377e-11
9.3919e-11,3.924e-11,6.4701e-11
7.2018e-11,3.6247e-11,5.5521e-11
6.7298e-11,3.8355e-11,5.8564e-11
7.2926e-11,3.8638e-11,5.7944e-11
7.0775e-11,3.2645e-11,4.3329e-11
6.6035e-11,3.7418e-11,4.5156e-11
1.1162e-10,4.8571e-11,8.1547e-11
6.0242e-11,3.2582e-11,3.4137e-11
5.948e-11,4.1747e-11,3.7822e-11
6.0188e-11,4.6026e-11,3.612e-11
6.5907e-11,4.8389e-11,4.3824e-11
3.6895e-11,2.7735e-11,3.2019e-11
9.6327e-11,5.4409e-11,1.1089e-10
4.8178e-11,3.1593e-11,5.6614e-11
3.2668e-11,2.3111e-11,2.9807e-11
3.4693e-11,2.6667e-11,3.2455e-11
3.6244e-11,2.89e-11,2.6044e-11
2.7989e-11,2.7868e-11,2.1521e-11
6.7531e-11,5.6693e-11,4.6495e-11
5.8309e-11,6.3316e-11,6.142e-11
3.5509e-11,2.6696e-11,2.4099e-11
2.9771e-11,2.4217e-11,2.1394e-11
6.6179e-11,6.3494e-11,4.9726e-11
2.6404e-11,2.2432e-11,1.8132e-11
4.5139e-11,4.139e-11,3.0489e-11
2.9942e-11,3.672e-11,3.8643e-11
2.174e-11,1.9164e-11,1.5136e-11
1.9803e-11,1.9356e-11,1.7614e-11
1.9335e-11,1.4668e-11,1.1787e-11
2.3946e-11,2.6366e-11,2.4631e-11
1.9602e-11,1.8779e-11,1.8684e-11
6.1394e-11,8.8006e-11,5.3961e-11
6.4592e-11,1.196e-10,7.9033e-11
1.6782e-11,2.1084e-11,1.4813e-11
2.2739e-11,3.4472e-11,2.4346e-11
3.0824e-11,3.7993e-11,1.4724e-11
1.8678e-11,2.6931e-11,1.3851e-11
2.0882e-11,2.4563e-11,1.7741e-11
6.2126e-11,6.9064e-11,3.5064e-11
3.1458e-11,6.948e-11,4.7096e-11
1.0751e-11,1.5549e-11,6.6032e-12
2.7773e-11,3.2807e-11,1.8874e-11
2.2639e-11,2.5071e-11,2.3625e-11
2.0875e-11,2.0444e-11,1.8312e-11
1.3009e-11,1.3317e-11,1.5077e-11
8.8592e-11,4.1367e-11,6.0611e-11
8.8574e-11,4.5533e-11,6.6997e-11
6.9725e-11,3.5907e-11,4.8714e-11
8.8765e-11,5.2451e-11,4.7073e-11
6.6831e-11,3.8039e-11,6.3588e-11
9.5484e-11,8.1802e-11,7.718e-11
7.2866e-11,6.9428e-11,4.4223e-11
2.8832e-11,2.8715e-11,2.4937e-11
3.375e-11,2.5316e-11,2.603e-11
2.6736e-11,3.6915e-11,2.3193e-11
1.9944e-11,1.8643e-11,2.2648e-11
2.833e-11,3.0303e-11,2.6176e-11
2.3547e-11,2.5424e-11,2.3954e-11
6.9958e-11,7.5982e-11,4.3209e-11
2.1917e-11,2.4744e-11,1.6942e-11
2.505e-11,4.9359e-11,2.9233e-11
1.7759e-11,1.4679e-11,1.1026e-11
1.9215e-11,2.963e-11,1.5011e-11
1.6206e-11,1.7088e-11,1.1109e-11
2.2968e-11,3.4857e-11,2.4799e-11
2.0953e-11,2.9135e-11,2.7986e-11
5.5587e-11,9.6936e-11,8.2179e-11
1.6392e-11,2.0406e-11,2.8291e-11
2.1262e-11,3.2606e-11,2.7134e-11
6.3268e-11,7.3176e-11,3.8178e-11
1.521e-11,1.4375e-11,1.2364e-11
2.4255e-11,1.7379e-11,1.3275e-11
1.7588e-11,1.5928e-11,1.041e-11
1.5567e-11,2.1194e-11,1.5501e-11
2.1597e-11,2.8525e-11,2.7846e-11
2.0949e-11,2.2198e-11,1.6002e-11
1.5882e-11,1.8982e-11,2.0993e-11
1.737e-11,1.8294e-11,7.0321e-12
1.6293e-11,1.7096e-11,5.6748e-12
1.5107e-11,1.8369e-11,1.5467e-11
7.1671e-11,4.1183e-11,6.2216e-11
6.9224e-11,3.6249e-11,5.6492e-11
7.2644e-11,4.3098e-11,4.6315e-11
5.8372e-11,3.5818e-11,4.4537e-11
8.4351e-11,5.4444e-11,5.852e-11
6.0675e-11,3.3034e-11,4.1689e-11
6.4672e-11,3.2413e-11,4.1336e-11
5.5874e-11,3.7548e-11,3.5271e-11
8.1455e-11,8.9548e-11,6.5713e-11
2.6094e-11,2.6312e-11,2.1188e-11
3.096e-11,4.0835e-11,1.9622e-11
2.9195e-11,3.4121e-11,2.8797e-11
3.5588e-11,3.8636e-11,2.7103e-11
2.5684e-11,2.0924e-11,2.7799e-11
5.4783e-11,7.1222e-11,4.6126e-11
3.3144e-11,3.1735e-11,2.3366e-11
6.5273e-11,1.154e-10,6.41e-11
2.3777e-11,1.8368e-11,1.6621e-11
3.5322e-11,3.6129e-11,2.5667e-11
2.7206e-11,4.7174e-11,3.3422e-11
6.938e-11,7.7636e-11,4.5513e-11
2.0485e-11,2.8437e-11,1.6729e-11
2.1629e-11,3.7728e-11,2.8765e-11
2.1564e-11,3.7387e-11,2.7725e-11
2.3832e-11,3.6045e-11,1.8727e-11
3.6577e-11,1.1013e-10,8.5003e-11
1.4697e-11,2.1515e-11,1.4632e-11
3.7663e-11,1.2274e-10,7.5074e-11
2.3562e-11,2.2357e-11,2.5337e-11
2.4003e-11,3.7623e-11,3.2805e-11
2.482e-11,2.3442e-11,2.0002e-11
1.7624e-11,1.8929e-11,1.5198e-11
2.2404e-11,2.6115e-11,1.0991e-11
1.6369e-11,1.7021e-11,1.1806e-11
1.2632e-11,2.3204e-11,1.1433e-11
1.1589e-11,1.7811e-11,1.0835e-11
8.6923e-11,4.2139e-11,6.1177e-11
8.0822e-11,4.3064e-11,5.7404e-11
7.5513e-11,4.6658e-11,5.0208e-11
6.5045e-11,3.9986e-11,4.2128e-11
6.0065e-11,5.0295e-11,4.0214e-11
7.288e-11,6.1374e-11,4.9416e-11
8.3999e-11,8.1908e-11,7.4717e-11
3.3573e-11,2.7215e-11,3.1831e-11
4.2875e-11,3.6157e-11,5.7501e-11
3.3524e-11,2.3847e-11,2.6445e-11
2.8898e-11,3.4674e-11,2.857e-11
3.4276e-11,4.3366e-11,4.3522e-11
1.8742e-11,1.6962e-11,1.3915e-11
2.0117e-11,2.2513e-11,1.7678e-11
6.4015e-11,1.1812e-10,7.8209e-11
6.6765e-11,7.5563e-11,4.0635e-11
3.3082e-11,3.3817e-11,2.406e-11
2.5345e-11,3.4275e-11,2.3737e-11
4.3398e-11,5.9616e-11,4.3664e-11
2.1915e-11,2.5661e-11,1.3423e-11
1.775e-11,2.1072e-11,1.0336e-11
2.0476e-11,2.5697e-11,1.4491e-11
1.1021e-11,1.4786e-11,9.2297e-12
2.0299e-11,3.3079e-11,3.9957e-11
1.6052e-11,1.4977e-11,2.2251e-11
4.8002e-11,5.0079e-11,2.301e-11
1.6286e-11,1.7194e-11,1.3762e-11
1.2141e-11,1.2567e-11,4.73e-12
2.5077e-11,1.8805e-11,1.7604e-11
1.243e-11,2.2461e-11,1.5385e-11
8.7123e-11,4.2956e-11,6.5177e-11
9.2998e-11,4.4621e-11,5.3346e-11
1.1583e-10,4.8869e-11,7.2226e-11
6.933e-11,4.0441e-11,4.6648e-11
1.1619e-10,4.7412e-11,6.9281e-11
6.4912e-11,3.621e-11,4.2031e-11
6.1208e-11,3.286e-11,4.0067e-11
1.0754e-10,4.8604e-11,9.4213e-11
7.8815e-11,5.3187e-11,5.0229e-11
4.4601e-11,3.1683e-11,3.8332e-11
6.2251e-11,3.8832e-11,3.9287e-11
6.7978e-11,4.918e-11,4.4878e-11
4.2453e-11,2.6524e-11,3.2792e-11
6.5007e-11,5.2498e-11,4.3733e-11
4.2805e-11,3.2289e-11,3.105e-11
5.5045e-11,5.4573e-11,6.1053e-11
2.8313e-11,2.1301e-11,1.9251e-11
2.9435e-11,2.6306e-11,3.0383e-11
2.9136e-11,2.7328e-11,2.9619e-11
4.6386e-11,4.1595e-11,3.1514e-11
4.4758e-11,4.0686e-11,2.7706e-11
2.4685e-11,3.1106e-11,2.5697e-11
2.318e-11,2.6942e-11,2.2178e-11
5.9625e-11,9.9878e-11,5.9144e-11
2.9155e-11,2.1151e-11,1.892e-11
2.1764e-11,4.4356e-11,2.0975e-11
2.5514e-11,5.6535e-11,3.7557e-11
5.8763e-11,1.0714e-10,8.6926e-11
1.7536e-11,1.933e-11,1.2325e-11
2.2198e-11,2.7744e-11,1.7452e-11
4.157e-11,6.7894e-11,4.713e-11
4.6187e-11,4.4191e-11,2.0356e-11
7.1559e-11,4.0177e-11,5.4128e-11
7.7869e-11,5.3617e-11,5.031e-11
1.002e-10,4.9319e-11,9.3217e-11
6.0637e-11,3.9062e-11,3.8792e-11
4.3633e-11,3.0225e-11,3.7551e-11
5.009e-11,3.6202e-11,3.3521e-11
5.9337e-11,4.4687e-11,4.4768e-11
5.0533e-11,3.8569e-11,3.5408e-11
8.4518e-11,8.2309e-11,6.545e-11
3.0429e-11,3.2818e-11,3.66e-11
2.9051e-11,2.2502e-11,1.9835e-11
2.4632e-11,2.671e-11,2.6529e-11
3.1156e-11,2.2502e-11,2.7061e-11
2.2035e-11,2.3439e-11,1.808e-11
6.7935e-11,7.3014e-11,4.0528e-11
2.4584e-11,3.5492e-11,2.4107e-11
4.98e-11,8.8882e-11,5.2408e-11
1.8815e-11,1.928e-11,1.1938e-11
2.5693e-11,3.1366e-11,1.9857e-11
2.3793e-11,3.0551e-11,2.2176e-11
2.1332e-11,2.2109e-11,2.0949e-11
4.555e-11,8.0842e-11,5.8655e-11
1.9709e-11,1.8937e-11,1.65e-11
1.9982e-11,2.6876e-11,1.3961e-11
3.9948e-11,4.5646e-11,2.3363e-11
2.8908e-11,3.1056e-11,1.3856e-11
2.8567e-11,5.5638e-11,5.7349e-11
2.3212e-11,2.7972e-11,1.5069e-11
2.941e-11,3.6946e-11,1.4095e-11
3.3383e-11,3.3616e-11,1.6047e-11
1.6339e-11,1.3995e-11,4.4679e-12
1.4034e-11,1.5412e-11,8.8805e-12
2.0341e-11,2.5742e-11,1.6119e-11
2.5019e-11,2.4726e-11,1.3588e-11
1.9307e-11,1.425e-11,1.2763e-11
8.2649e-11,4.4857e-11,6.0217e-11
8.6763e-11,4.2305e-11,5.6339e-11
7.1066e-11,4.6772e-11,4.4019e-11
7.209e-11,4.4026e-11,5.5885e-11
7.6272e-11,4.7529e-11,4.5329e-11
5.5816e-11,4.0406e-11,3.5169e-11
9.918e-11,7.6696e-11,9.3481e-11
4.0934e-11,3.4312e-11,3.3354e-11
3.4538e-11,2.4944e-11,2.6251e-11
6.2908e-11,5.5163e-11,3.8198e-11
5.5648e-11,4.5893e-11,3.3204e-11
7.761e-11,7.4155e-11,5.0444e-11
3.2146e-11,4.1042e-11,4.0525e-11
3.2029e-11,2.8861e-11,1.8483e-11
2.4308e-11,2.3618e-11,2.3064e-11
2.7622e-11,2.6618e-11,2.3058e-11
3.5139e-11,2.4574e-11,2.2537e-11
2.1821e-11,2.0336e-11,1.5373e-11
2.6713e-11,3.9944e-11,3.202e-11
2.1268e-11,2.7083e-11,1.3081e-11
6.951e-11,8.0301e-11,3.7178e-11
4.4978e-11,5.3092e-11,2.3174e-11
3.8525e-11,4.6231e-11,1.7116e-11
4.7391e-11,9.3724e-11,6.5372e-11
3.0471e-11,2.5928e-11,2.3961e-11
3.0869e-11,2.8871e-11,1.3666e-11
3.2499e-11,3.2302e-11,1.2188e-11
5.2142e-11,5.4547e-11,2.2552e-11
4.0593e-11,7.6939e-11,6.095e-11
1.7891e-11,2.1906e-11,2.4505e-11
2.1841e-11,3.7209e-11,2.3794e-11
7.5922e-11,4.544e-11,4.8266e-11
7.7757e-11,4.8054e-11,4.7658e-11
7.3782e-11,5.064e-11,5.1519e-11
6.6554e-11,4.4581e-11,4.5402e-11
5.3544e-11,3.4675e-11,3.9527e-11
7.3611e-11,5.1927e-11,5.2431e-11
4.9025e-11,3.9654e-11,3.99e-11
5.0402e-11,3.9808e-11,3.6794e-11
6.6255e-11,4.7843e-11,4.368e-11
4.3444e-11,3.9571e-11,3.1485e-11
4.6044e-11,3.8849e-11,2.9607e-11
6.9165e-11,5.2708e-11,4.834e-11
7.2227e-11,5.4491e-11,7.2207e-11
7.2318e-11,6.137e-11,4.5803e-11
7.1762e-11,6.5795e-11,4.1658e-11
3.8467e-11,2.8043e-11,2.7228e-11
7.6379e-11,7.0085e-11,4.6106e-11
2.9091e-11,2.6033e-11,2.2144e-11
4.8983e-11,6.3504e-11,5.421e-11
2.5321e-11,2.52e-11,1.9843e-11
3.4678e-11,3.2108e-11,2.6343e-11
2.3916e-11,2.2804e-11,1.7741e-11
5.4842e-11,1.1405e-10,6.4313e-11
1.7527e-11,1.946e-11,2.1694e-11
2.7175e-11,3.8648e-11,3.2129e-11
2.4899e-11,3.7223e-11,3.1751e-11
2.5023e-11,5.1828e-11,3.3769e-11
2.8065e-11,4.4059e-11,4.602e-11
4.5202e-11,5.1664e-11,2.2099e-11
1.7647e-11,1.986e-11,7.3709e-12
2.3572e-11,2.2244e-11,1.609e-11
2.0456e-11,2.3349e-11,8.0413e-12
2.0949e-11,4.0808e-11,2.4311e-11
1.5758e-11,3.002e-11,9.6051e-12
1.7395e-11,2.3995e-11,2.4908e-11
2.4567e-11,1.91e-11,1.3377e-11
9.0904e-11,4.7213e-11,6.5411e-11
8.3448e-11,5.0372e-11,5.9502e-11
1.0914e-10,4.6054e-11,6.6803e-11
7.2682e-11,5.2477e-11,4.4156e-11
8.0186e-11,4.582e-11,5.5317e-11
8.6764e-11,4.4202e-11,7.48e-11
4.9558e-11,3.4892e-11,3.4202e-11
7.489e-11,4.6938e-11,6.8839e-11
5.7395e-11,4.3764e-11,4.1931e-11
4.5072e-11,3.2518e-11,2.8035e-11
6.5868e-11,4.8659e-11,7.5404e-11
3.6234e-11,2.7321e-11,3.4575e-11
3.3109e-11,2.4271e-11,1.8048e-11
3.579e-11,4.5658e-11,4.0872e-11
5.0589e-11,8.1989e-11,6.15e-11
4.829e-11,5.1558e-11,3.2921e-11
4.5461e-11,8.7789e-11,5.5966e-11
2.1913e-11,2.6869e-11,1.8716e-11
2.6036e-11,2.5572e-11,2.2011e-11
2.0988e-11,1.9499e-11,1.2932e-11
2.233e-11,3.036e-11,1.4695e-11
6.4481e-11,7.1367e-11,3.2204e-11
3.5827e-11,3.3636e-11,2.2751e-11
2.0932e-11,2.1808e-11,9.8075e-12
1.4323e-11,1.767e-11,6.0342e-12
3.1599e-11,3.4375e-11,3.0919e-11
3.0843e-11,2.7546e-11,2.6631e-11
3.1817e-11,2.8363e-11,6.4057e-12
3.956e-11,3.8536e-11,1.3983e-11
2.4168e-11,3.7279e-11,2.3468e-11
3.4517e-11,3.2893e-11,1.2142e-11
2.7054e-11,3.0551e-11,1.1059e-11
1.3483e-11,2.8015e-11,1.3993e-11
1.6576e-11,1.6323e-11,9.1646e-12
1.5488e-11,1.376e-11,7.8925e-12
9.1845e-11,4.6683e-11,6.7576e-11
6.6168e-11,3.5523e-11,5.035e-11
4.8745e-11,3.7455e-11,3.0807e-11
6.4824e-11,4.3181e-11,6.9563e-11
3.7538e-11,3.1816e-11,3.0612e-11
3.8307e-11,2.8211e-11,2.4494e-11
3.3618e-11,3.2384e-11,3.0368e-11
5.5975e-11,4.7397e-11,3.08e-11
3.2629e-11,2.385e-11,2.1104e-11
2.1876e-11,2.4049e-11,1.9862e-11
5.4057e-11,9.7956e-11,6.3018e-11
4.2374e-11,8.0883e-11,5.8528e-11
4.9772e-11,3.2193e-11,2.9525e-11
4.8116e-11,5.3972e-11,2.8241e-11
3.7185e-11,3.168e-11,2.9076e-11
4.8142e-11,5.4832e-11,2.0977e-11
3.8996e-11,2.8132e-11,2.1571e-11
1.6359e-11,2.0704e-11,1.3728e-11
1.7846e-11,3.3524e-11,1.09e-11
5.7826e-11,5.8782e-11,2.3576e-11
5.3699e-11,5.2477e-11,2.3715e-11
2.5504e-11,4.3736e-11,1.7079e-11
4.885e-11,4.6153e-11,2.2877e-11
4.1158e-11,4.9741e-11,3.8563e-11
8.1041e-11,4.3073e-11,5.9707e-11
8.2633e-11,5.0601e-11,6.2081e-11
6.8993e-11,5.5248e-11,4.4039e-11
3.9939e-11,3.1918e-11,2.8305e-11
8.3008e-11,6.0655e-11,8.7268e-11
3.6516e-11,2.7416e-11,2.9312e-11
4.3978e-11,2.835e-11,3.5636e-11
5.373e-11,3.3483e-11,3.9204e-11
3.4796e-11,2.681e-11,2.9286e-11
6.8856e-11,5.7222e-11,4.428e-11
5.6609e-11,4.6253e-11,5.4137e-11
3.3711e-11,2.9329e-11,2.6321e-11
3.416e-11,3.0318e-11,3.0249e-11
5.5205e-11,4.2419e-11,2.9988e-11
4.3549e-11,3.4237e-11,3.0445e-11
2.9674e-11,2.6339e-11,2.3349e-11
2.8008e-11,2.4519e-11,2.2423e-11
2.9235e-11,2.2739e-11,2.428e-11
2.5886e-11,2.5889e-11,1.8142e-11
2.262e-11,2.4243e-11,1.3003e-11
3.8734e-11,3.6259e-11,1.9293e-11
3.4182e-11,3.4702e-11,3.6107e-11
1.8523e-11,2.5264e-11,1.1655e-11
2.341e-11,3.1296e-11,2.3277e-11
4.268e-11,3.139e-11,2.6665e-11
1.6775e-11,2.0747e-11,1.111e-11
7.5067e-11,8.745e-11,3.8626e-11
3.501e-11,3.5323e-11,3.1205e-11
1.7143e-11,1.8559e-11,9.6683e-12
4.3791e-11,2.4364e-11,2.049e-11
1.539e-11,1.9068e-11,1.2422e-11
1.6069e-11,1.5765e-11,8.4358e-12
2.2337e-11,3.3974e-11,2.8603e-11
1.5895e-11,2.3011e-11,7.0172e-12
3.7296e-11,9.3171e-11,8.7437e-11
3.7073e-11,8.385e-11,7.4949e-11
5.7897e-11,5.7749e-11,2.1078e-11
3.2535e-11,4.0828e-11,3.3606e-11
4.3963e-11,4.1843e-11,1.5227e-11
4.3878e-11,4.1637e-11,1.4106e-11
1.9371e-11,2.6335e-11,1.7278e-11
1.9351e-11,1.6652e-11,1.3868e-11
8.8898e-11,4.6844e-11,6.1334e-11
6.0525e-11,4.2785e-11,5.0745e-11
9.5978e-11,4.5662e-11,6.807e-11
5.4054e-11,3.8899e-11,3.6371e-11
8.2054e-11,4.7036e-11,7.2573e-11
5.1674e-11,3.7558e-11,3.5836e-11
5.778e-11,4.6109e-11,6.707e-11
5.0444e-11,3.9583e-11,5.3007e-11
4.0325e-11,3.0351e-11,2.5155e-11
4.794e-11,5.8577e-11,5.2795e-11
4.7001e-11,5.7336e-11,5.4467e-11
2.9889e-11,2.2997e-11,1.7085e-11
3.1522e-11,3.3603e-11,1.9956e-11
4.9363e-11,8.2619e-11,6.825e-11
5.3013e-11,3.3789e-11,2.8345e-11
2.3587e-11,2.2431e-11,2.8545e-11
4.2865e-11,8.7756e-11,6.7346e-11
2.5075e-11,2.5364e-11,1.4689e-11
2.6907e-11,2.8722e-11,2.4573e-11
6.9786e-11,7.7538e-11,3.5982e-11
1.9712e-11,1.8787e-11,1.2423e-11
3.2908e-11,3.7568e-11,3.6996e-11
4.6343e-11,2.4621e-11,2.9603e-11
2.2619e-11,2.7322e-11,2.252e-11
4.0013e-11,4.5477e-11,1.6928e-11
5.6107e-11,6.0975e-11,2.3311e-11
2.589e-11,3.2596e-11,2.3649e-11
1.7225e-11,1.9708e-11,1.6539e-11
1.8028e-11,2.1389e-11,2.0642e-11
1.9572e-11,2.2482e-11,1.5751e-11
3.922e-11,7.6484e-11,8.0087e-11
3.9216e-11,8.9211e-11,8.7094e-11
2.4368e-11,2.7994e-11,2.5336e-11
1.4858e-11,1.939e-11,1.1601e-11
1.7862e-11,3.7501e-11,1.6428e-11
6.9417e-11,4.4977e-11,5.0236e-11
6.4714e-11,3.7451e-11,4.1216e-11
5.7551e-11,4.2614e-11,4.468e-11
7.7904e-11,5.078e-11,5.5557e-11
5.4128e-11,4.8453e-11,5.6926e-11
4.1185e-11,3.312e-11,2.4142e-11
4.3874e-11,4.7054e-11,4.61e-11
4.391e-11,4.7387e-11,4.3995e-11
4.2549e-11,3.6782e-11,3.1097e-11
2.8983e-11,3.0067e-11,2.439e-11
4.6758e-11,4.0048e-11,2.5638e-11
2.9136e-11,3.5954e-11,3.1749e-11
2.7131e-11,2.2492e-11,1.8504e-11
2.5976e-11,3.6304e-11,2.3763e-11
2.7326e-11,2.4346e-11,2.0326e-11
4.0856e-11,6.3542e-11,5.6542e-11
2.333e-11,2.5346e-11,1.9753e-11
2.46e-11,2.7478e-11,2.333e-11
3.4075e-11,3.7995e-11,3.732e-11
1.8884e-11,2.3263e-11,1.7349e-11
3.8341e-11,4.2966e-11,3.6382e-11
3.589e-11,2.7904e-11,2.6621e-11
3.3059e-11,4.5398e-11,3.6245e-11
2.6339e-11,3.0311e-11,1.9338e-11
1.5068e-11,1.9823e-11,1.375e-11
2.0326e-11,1.5561e-11,1.1384e-11
3.957e-11,3.8642e-11,1.5847e-11
1.9129e-11,1.8148e-11,1.1921e-11
1.9694e-11,1.9535e-11,9.3677e-12
1.9616e-11,2.0817e-11,1.9827e-11
4.0933e-11,3.7087e-11,1.0398e-11
2.4388e-11,2.038e-11,2.0323e-11
1.9447e-11,2.1194e-11,1.4152e-11
4.0503e-11,5.4056e-11,4.8356e-11
8.812e-11,4.8736e-11,6.6814e-11
7.6774e-11,4.6461e-11,4.8939e-11
7.5267e-11,4.4384e-11,5.7225e-11
5.345e-11,4.2135e-11,4.0434e-11
5.0684e-11,3.5334e-11,3.9979e-11
6.2985e-11,5.6942e-11,8.0105e-11
6.7873e-11,5.9145e-11,7.9151e-11
5.8487e-11,4.786e-11,3.8688e-11
5.0656e-11,5.3509e-11,5.8774e-11
4.8423e-11,5.42e-11,4.7316e-11
4.0398e-11,3.1903e-11,2.4744e-11
4.1773e-11,3.6141e-11,2.8396e-11
5.3589e-11,6.334e-11,6.1973e-11
5.559e-11,4.2836e-11,3.8231e-11
3.7698e-11,3.1916e-11,2.8236e-11
2.8301e-11,2.798e-11,2.0696e-11
3.0925e-11,3.7405e-11,3.221e-11
3.5763e-11,3.9377e-11,3.7342e-11
4.4108e-11,6.356e-11,5.8271e-11
6.4754e-11,7.2041e-11,3.3319e-11
2.5906e-11,2.3004e-11,2.3931e-11
2.1226e-11,2.9837e-11,1.4425e-11
3.6666e-11,2.4949e-11,2.2935e-11
3.3795e-11,4.9697e-11,3.5109e-11
1.7988e-11,2.3276e-11,1.5358e-11
2.0902e-11,2.4112e-11,1.9865e-11
1.9341e-11,1.8637e-11,6.0462e-12
1.6261e-11,1.8722e-11,1.5509e-11
2.6672e-11,2.4676e-11,1.5082e-11
2.9188e-11,2.7778e-11,1.7168e-11
1.8922e-11,2.4529e-11,1.367e-11
7.9372e-11,5.0166e-11,5.9184e-11
6.614e-11,4.7079e-11,5.0876e-11
7.7848e-11,5.2455e-11,4.6077e-11
5.1621e-11,4.2948e-11,3.7381e-11
5.4433e-11,4.0133e-11,3.5227e-11
6.645e-11,5.0063e-11,3.8598e-11
5.3344e-11,3.7471e-11,3.9323e-11
5.0519e-11,3.4054e-11,3.4316e-11
4.0883e-11,3.7792e-11,2.821e-11
4.0951e-11,3.7835e-11,3.0544e-11
4.9528e-11,5.6959e-11,5.6272e-11
3.729e-11,3.3427e-11,2.6404e-11
4.3118e-11,4.9822e-11,4.5326e-11
4.4264e-11,3.7412e-11,2.0955e-11
3.0598e-11,2.8897e-11,2.1609e-11
4.8737e-11,4.0909e-11,4.104e-11
2.4617e-11,2.6168e-11,2.5272e-11
4.7024e-11,4.4827e-11,4.2817e-11
3.1465e-11,3.019e-11,2.5606e-11
1.9959e-11,1.8887e-11,1.2766e-11
2.0146e-11,2.0289e-11,1.5758e-11
7.9018e-11,8.6777e-11,4.0646e-11
3.5731e-11,4.1042e-11,1.5001e-11
2.4705e-11,3.0007e-11,1.8493e-11
4.7615e-11,5.4184e-11,1.5087e-11
1.9384e-11,3.0821e-11,2.6868e-11
1.8285e-11,2.0595e-11,1.1617e-11
1.6298e-11,1.8424e-11,1.1986e-11
3.8565e-11,4.8246e-11,3.7869e-11
3.5896e-11,6.6693e-11,7.0312e-11
7.1363e-11,4.7671e-11,5.5664e-11
6.6845e-11,5.5173e-11,8.1921e-11
4.4934e-11,3.5576e-11,3.5536e-11
5.6708e-11,3.9999e-11,4.0019e-11
5.5929e-11,5.7054e-11,6.7048e-11
6.5104e-11,4.8172e-11,3.4664e-11
3.386e-11,2.6614e-11,2.1609e-11
3.4028e-11,2.785e-11,2.008e-11
5.2773e-11,4.3347e-11,3.3493e-11
2.8645e-11,3.2721e-11,2.0481e-11
3.9076e-11,3.2115e-11,1.8437e-11
4.9006e-11,4.6294e-11,2.5005e-11
4.7514e-11,4.7939e-11,2.4049e-11
2.5345e-11,2.5637e-11,2.4251e-11
2.4602e-11,2.4575e-11,2.5133e-11
7.4932e-11,8.0746e-11,3.8846e-11
2.8718e-11,2.5337e-11,1.8365e-11
7.7039e-11,8.3712e-11,3.3651e-11
1.9663e-11,2.5724e-11,1.2509e-11
3.5891e-11,6.0445e-11,5.336e-11
3.9076e-11,6.3806e-11,6.2075e-11
7.091e-11,7.7223e-11,2.9706e-11
3.0275e-11,3.2906e-11,9.0555e-12
6.8215e-11,7.3012e-11,2.3963e-11
1.9473e-11,2.5001e-11,1.55e-11
1.7419e-11,1.5974e-11,9.7908e-12
4.1625e-11,5.3231e-11,4.0632e-11
1.9287e-11,1.7652e-11,8.6087e-12
2.6043e-11,3.9391e-11,2.2157e-11
4.9104e-11,5.0973e-11,1.6036e-11
7.6757e-11,5.3006e-11,6.6502e-11
4.8523e-11,3.6877e-11,3.4902e-11
5.0841e-11,3.8817e-11,4.0232e-11
3.601e-11,2.8244e-11,2.5446e-11
4.0827e-11,4.0375e-11,1.7224e-11
4.2651e-11,5.5047e-11,5.7744e-11
2.8059e-11,3.5957e-11,2.2616e-11
6.0923e-11,6.9442e-11,2.6072e-11
1.8787e-11,2.158e-11,1.5876e-11
1.7805e-11,1.8986e-11,1.2029e-11
6.2548e-11,6.8373e-11,2.6969e-11
3.7625e-11,5.1773e-11,4.0701e-11
4.4534e-11,4.7835e-11,3.2779e-11
2.8888e-11,5.2423e-11,3.096e-11
5.0446e-11,5.3368e-11,1.4962e-11
2.2636e-11,2.7958e-11,2.5132e-11
1.8356e-11,2.4057e-11,1.5678e-11
1.7789e-11,2.1694e-11,1.6515e-11
2.3433e-11,2.5809e-11,2.0688e-11
2.0148e-11,1.9874e-11,1.0645e-11
2.7842e-11,2.3836e-11,1.2672e-11
2.2906e-11,2.2852e-11,1.9346e-11
6.8154e-11,4.8045e-11,5.3952e-11
6.514e-11,4.4406e-11,4.8591e-11
6.2173e-11,4.6814e-11,4.8997e-11
6.9947e-11,4.8562e-11,5.5991e-11
5.0016e-11,4.4409e-11,3.5646e-11
4.7768e-11,4.3532e-11,4.4271e-11
7.888e-11,6.1694e-11,4.4085e-11
4.5671e-11,3.4795e-11,3.0813e-11
5.4298e-11,5.0329e-11,3.2817e-11
7.678e-11,6.7237e-11,4.5316e-11
4.087e-11,3.6991e-11,2.9699e-11
4.9342e-11,5.3973e-11,5.0614e-11
3.9586e-11,3.3297e-11,3.0557e-11
2.7576e-11,2.6967e-11,2.2146e-11
4.7166e-11,7.0602e-11,6.8346e-11
6.801e-11,7.5348e-11,3.3111e-11
2.9314e-11,3.0278e-11,2.4455e-11
4.4374e-11,4.4322e-11,4.3015e-11
1.9383e-11,2.4122e-11,1.1264e-11
7.6023e-11,8.5658e-11,3.257e-11
3.2665e-11,4.5561e-11,3.1713e-11
4.4936e-11,7.1641e-11,7.3829e-11
4.5022e-11,4.8979e-11,1.3833e-11
2.599e-11,2.2294e-11,1.7727e-11
2.6082e-11,3.1653e-11,1.6586e-11
3.8471e-11,3.5086e-11,1.0767e-11
2.399e-11,2.8307e-11,1.2783e-11
2.7368e-11,2.3707e-11,2.1256e-11
6.7202e-11,4.5841e-11,4.7375e-11
6.2304e-11,4.6299e-11,4.9971e-11
7.2173e-11,5.117e-11,6.0207e-11
6.9695e-11,5.5744e-11,6.7974e-11
4.2761e-11,4.3543e-11,3.9594e-11
3.769e-11,3.048e-11,2.664e-11
2.6924e-11,2.4392e-11,1.787e-11
2.2699e-11,2.6384e-11,1.4141e-11
2.7859e-11,2.6336e-11,1.7322e-11
4.4422e-11,5.9368e-11,5.1544e-11
2.0469e-11,2.5129e-11,9.5988e-12
2.6858e-11,3.1424e-11,1.3484e-11
7.3203e-11,7.8918e-11,2.6322e-11
6.6867e-11,6.924e-11,2.4918e-11
2.2439e-11,2.4545e-11,1.4845e-11
2.5148e-11,5.3562e-11,3.185e-11
3.5601e-11,6.7215e-11,5.5274e-11
2.4589e-11,2.1935e-11,1.2334e-11
2.8246e-11,2.465e-11,2.3462e-11
8.3453e-11,5.2684e-11,5.9936e-11
7.0901e-11,5.4957e-11,5.0257e-11
6.037e-11,5.5132e-11,5.248e-11
6.6081e-11,5.5218e-11,6.3529e-11
6.6542e-11,6.1651e-11,8.5081e-11
5.643e-11,6.557e-11,6.4527e-11
5.4551e-11,4.7257e-11,3.4458e-11
7.5541e-11,5.4024e-11,4.1956e-11
5.6255e-11,4.6886e-11,3.2997e-11
6.4655e-11,4.8572e-11,3.3574e-11
4.4873e-11,4.6802e-11,3.4714e-11
6.0834e-11,4.8873e-11,2.9409e-11
3.3683e-11,3.1147e-11,2.1525e-11
7.3305e-11,6.999e-11,3.7976e-11
4.9781e-11,5.3955e-11,4.281e-11
2.9792e-11,3.2713e-11,2.4254e-11
4.8398e-11,5.1778e-11,5.3062e-11
2.9589e-11,2.7675e-11,1.6528e-11
4.6176e-11,5.4691e-11,4.2109e-11
3.8432e-11,3.8548e-11,3.8775e-11
2.0253e-11,2.2746e-11,1.2385e-11
4.2615e-11,5.1778e-11,5.0134e-11
5.6127e-11,6.3422e-11,1.8652e-11
4.1159e-11,4.976e-11,3.1649e-11
2.2229e-11,2.2469e-11,1.5021e-11
1.8383e-11,1.9773e-11,1.2456e-11
4.4598e-11,5.675e-11,4.0737e-11
4.9902e-11,5.3547e-11,1.3742e-11
5.1693e-11,5.5537e-11,1.6539e-11
3.8502e-11,3.8627e-11,2.4306e-11
2.2706e-11,2.3284e-11,8.5288e-12
2.3892e-11,2.195e-11,1.7385e-11
7.9955e-11,5.6065e-11,5.9149e-11
5.9638e-11,4.7852e-11,4.716e-11
4.7801e-11,3.6046e-11,2.9794e-11
4.7464e-11,3.4176e-11,3.3241e-11
4.7564e-11,4.0162e-11,3.6737e-11
5.1748e-11,4.6047e-11,2.9422e-11
4.9148e-11,4.6698e-11,2.6087e-11
3.5453e-11,3.1108e-11,2.3938e-11
4.4309e-11,3.3415e-11,2.5041e-11
5.9268e-11,6.2676e-11,6.5066e-11
5.6251e-11,6.0038e-11,6.0753e-11
3.0704e-11,3.1179e-11,2.5393e-11
6.1357e-11,6.8685e-11,2.0304e-11
6.7624e-11,7.2653e-11,2.0777e-11
2.1536e-11,3.0411e-11,1.5582e-11
2.1208e-11,2.5156e-11,1.6109e-11
2.1337e-11,2.4563e-11,1.6929e-11
2.2996e-11,3.0184e-11,2.5067e-11
6.8461e-11,5.1585e-11,5.4367e-11
6.7351e-11,4.7326e-11,5.1907e-11
6.6181e-11,5.5474e-11,5.3377e-11
6.1661e-11,5.041e-11,4.3785e-11
5.7292e-11,4.4721e-11,3.9686e-11
5.4738e-11,4.1685e-11,3.934e-11
4.4422e-11,3.5776e-11,3.0528e-11
5.565e-11,5.6048e-11,5.3674e-11
6.8057e-11,6.7104e-11,6.1102e-11
5.5641e-11,5.8662e-11,4.6519e-11
3.4959e-11,3.2299e-11,2.6784e-11
6.6502e-11,6.3182e-11,6.4868e-11
5.759e-11,5.5538e-11,6.2789e-11
2.934e-11,2.6759e-11,2.1397e-11
3.7025e-11,3.2697e-11,2.7136e-11
4.0476e-11,4.5926e-11,1.5115e-11
2.8508e-11,3.03e-11,1.5504e-11
6.2763e-11,6.9164e-11,2.2375e-11
2.6641e-11,2.8086e-11,2.3431e-11
2.6165e-11,3.3398e-11,2.5884e-11
4.1753e-11,4.5209e-11,1.1989e-11
2.8803e-11,2.7072e-11,8.2228e-12
1.9072e-11,2.5691e-11,1.2746e-11
3.0855e-11,3.1695e-11,2.2739e-11
2.4344e-11,2.7307e-11,9.0774e-12
2.9029e-11,3.3264e-11,1.9813e-11
2.3033e-11,2.4577e-11,1.893e-11
2.3867e-11,2.889e-11,2.0359e-11
7.8989e-11,5.5822e-11,5.7173e-11
6.3112e-11,4.6879e-11,4.2674e-11
6.9318e-11,6.1153e-11,6.107e-11
6.0507e-11,4.8556e-11,4.4437e-11
8.0276e-11,5.691e-11,4.3792e-11
3.8669e-11,3.2498e-11,2.658e-11
7.0674e-11,6.7316e-11,5.0053e-11
4.1244e-11,3.3758e-11,2.2376e-11
4.3078e-11,3.3256e-11,2.6956e-11
3.1614e-11,2.596e-11,2.2002e-11
2.3806e-11,2.5033e-11,1.6889e-11
4.3962e-11,3.4983e-11,2.767e-11
2.5411e-11,2.5973e-11,1.0723e-11
2.1956e-11,2.5782e-11,1.5295e-11
3.9884e-11,4.2304e-11,1.5156e-11
2.6327e-11,3.5856e-11,2.7641e-11
3.6555e-11,3.8701e-11,9.6568e-12
4.4634e-11,3.6508e-11,2.7052e-11
1.9223e-11,2.1759e-11,1.5679e-11
2.6072e-11,3.0144e-11,2.117e-11
3.2128e-11,6.8298e-11,3.5678e-11
1.958e-11,2.282e-11,1.8515e-11
4.0786e-11,4.2621e-11,1.7587e-11
3.9327e-11,7.5877e-11,4.6022e-11
2.6022e-11,3.0503e-11,2.4698e-11
2.475e-11,3.7451e-11,2.576e-11
4.9042e-11,6.3723e-11,3.4625e-11
2.0412e-11,2.4789e-11,1.7547e-11
2.4464e-11,2.2194e-11,1.5661e-11
2.3628e-11,2.1037e-11,1.6057e-11
6.6483e-11,5.4476e-11,3.7259e-11
6.0766e-11,4.7782e-11,3.6016e-11
6.3155e-11,6.8467e-11,6.0338e-11
4.8031e-11,3.7762e-11,3.3166e-11
6.2761e-11,4.7259e-11,3.2019e-11
7.3371e-11,5.712e-11,3.5385e-11
6.8742e-11,6.1118e-11,4.8664e-11
8.3646e-11,7.2323e-11,6.3286e-11
6.0056e-11,4.5037e-11,3.6281e-11
6.9321e-11,6.0823e-11,6.0961e-11
3.4522e-11,3.0075e-11,2.2925e-11
2.8771e-11,3.6353e-11,2.403e-11
2.701e-11,3.6026e-11,1.3841e-11
3.2774e-11,3.0557e-11,2.0432e-11
6.0735e-11,6.6544e-11,5.2586e-11
5.7958e-11,6.4882e-11,5.8661e-11
6.4119e-11,7.654e-11,6.162e-11
2.7121e-11,2.7683e-11,1.7281e-11
5.7971e-11,6.6125e-11,5.123e-11
2.4316e-11,3.0709e-11,2.4138e-11
2.633e-11,2.4514e-11,1.6979e-11
2.0753e-11,2.1593e-11,1.5678e-11
5.4822e-11,5.5501e-11,9.5371e-12
2.4746e-11,2.7695e-11,1.3675e-11
3.5341e-11,3.1393e-11,9.7772e-12
2.3721e-11,3.0151e-11,1.992e-11
2.3008e-11,2.3179e-11,1.7452e-11
2.7199e-11,2.8744e-11,2.0122e-11
7.2088e-11,5.5819e-11,4.5561e-11
6.3818e-11,4.7448e-11,4.2343e-11
6.661e-11,5.5435e-11,3.668e-11
6.4705e-11,5.3593e-11,3.5805e-11
5.2572e-11,3.9253e-11,4.038e-11
4.9088e-11,3.7353e-11,4.0715e-11
8.0245e-11,7.8524e-11,5.9526e-11
5.0958e-11,3.943e-11,3.0499e-11
5.5521e-11,5.7212e-11,4.4319e-11
4.1402e-11,3.6485e-11,2.1534e-11
3.892e-11,3.8375e-11,2.3186e-11
4.2837e-11,4.066e-11,3.0138e-11
3.0799e-11,3.7584e-11,2.5537e-11
7.376e-11,7.5679e-11,2.8369e-11
4.1663e-11,4.4852e-11,4.2286e-11
3.3945e-11,4.0098e-11,4.4683e-11
3.0896e-11,2.9225e-11,1.787e-11
5.3528e-11,5.9139e-11,1.3098e-11
3.5605e-11,3.1151e-11,2.3194e-11
2.6798e-11,3.7927e-11,2.9337e-11
5.1663e-11,7.6913e-11,6.1588e-11
2.7695e-11,3.5195e-11,2.326e-11
4.8168e-11,8.4547e-11,6.6482e-11
2.825e-11,2.6493e-11,1.9878e-11
2.0938e-11,2.4263e-11,1.4912e-11
4.9186e-11,8.5604e-11,5.9934e-11
2.3692e-11,3.0617e-11,2.0777e-11
4.1336e-11,6.1565e-11,5.4736e-11
4.9266e-11,4.9197e-11,1.5657e-11
2.5923e-11,3.4137e-11,2.2812e-11
3.1127e-11,2.4996e-11,8.6509e-12
2.6842e-11,2.9351e-11,1.7013e-11
2.2728e-11,3.1162e-11,1.9024e-11
7.7381e-11,5.8996e-11,5.2328e-11
7.315e-11,5.5915e-11,5.0427e-11
7.0932e-11,5.4433e-11,5.0318e-11
6.7132e-11,5.2782e-11,5.1428e-11
6.555e-11,5.1822e-11,5.048e-11
7.2984e-11,6.8924e-11,7.0287e-11
6.7704e-11,5.4476e-11,4.945e-11
5.5314e-11,4.5803e-11,4.2589e-11
6.2697e-11,4.5959e-11,4.2173e-11
6.1756e-11,4.5263e-11,4.4928e-11
7.2931e-11,7.1669e-11,5.335e-11
6.8279e-11,5.2219e-11,3.512e-11
7.9288e-11,7.0105e-11,5.8831e-11
7.303e-11,6.2716e-11,3.1973e-11
4.5921e-11,4.0444e-11,3.4424e-11
8.1406e-11,7.2097e-11,6.1049e-11
3.5293e-11,3.6754e-11,2.1487e-11
7.2771e-11,7.109e-11,3.0921e-11
4.8105e-11,4.5444e-11,4.2148e-11
8.1975e-11,8.0607e-11,3.5305e-11
3.3743e-11,3.9398e-11,4.1497e-11
2.704e-11,3.337e-11,1.8708e-11
2.3456e-11,2.8024e-11,1.9887e-11
4.4556e-11,6.6407e-11,4.0274e-11
2.1937e-11,2.4798e-11,1.8839e-11
3.2364e-11,3.0341e-11,1.2771e-11
7.3804e-11,5.9159e-11,5.4319e-11
6.2206e-11,4.6284e-11,4.0216e-11
7.7376e-11,7.6176e-11,6.6835e-11
6.1388e-11,4.2152e-11,3.8868e-11
7.3142e-11,5.556e-11,3.7943e-11
5.6037e-11,4.3572e-11,3.2234e-11
5.5673e-11,4.3158e-11,3.6168e-11
7.5485e-11,7.5158e-11,6.17e-11
4.4793e-11,4.1133e-11,3.041e-11
8.8018e-11,7.6286e-11,4.5846e-11
7.0863e-11,6.0641e-11,3.3345e-11
4.3988e-11,3.5449e-11,2.2083e-11
8.0429e-11,7.8711e-11,3.4378e-11
4.3469e-11,3.9834e-11,2.3692e-11
3.0661e-11,3.961e-11,3.3189e-11
3.5914e-11,3.6661e-11,1.7096e-11
2.4268e-11,3.3959e-11,1.3314e-11
3.6478e-11,3.8479e-11,1.7237e-11
2.4883e-11,2.6743e-11,2.6454e-11
2.5862e-11,2.5219e-11,8.8042e-12
3.9704e-11,8.0191e-11,4.6733e-11
3.1576e-11,2.4579e-11,9.6483e-12
3.4064e-11,5.0835e-11,3.3196e-11
7.5468e-11,5.5128e-11,5.6354e-11
7.2314e-11,5.5398e-11,4.2753e-11
6.3473e-11,4.5155e-11,4.0393e-11
6.7637e-11,5.8117e-11,5.559e-11
6.6346e-11,5.1061e-11,4.0756e-11
5.7177e-11,3.9309e-11,3.6713e-11
7.3735e-11,5.8647e-11,4.902e-11
8.4936e-11,6.8851e-11,3.8842e-11
7.5144e-11,6.0711e-11,3.3716e-11
5.8003e-11,4.3489e-11,3.4114e-11
5.7522e-11,5.758e-11,4.7812e-11
5.2081e-11,4.9057e-11,4.5586e-11
3.483e-11,3.6292e-11,1.6383e-11
3.9546e-11,3.772e-11,2.9312e-11
3.0579e-11,4.1757e-11,2.9152e-11
6.0805e-11,8.1037e-11,6.1691e-11
4.6037e-11,3.9533e-11,3.8823e-11
4.7581e-11,4.0069e-11,3.4117e-11
2.4626e-11,2.5452e-11,1.3201e-11
2.5466e-11,2.5268e-11,1.5925e-11
3.415e-11,3.4238e-11,2.6476e-11
3.6671e-11,3.0697e-11,1.3424e-11
3.8956e-11,3.7888e-11,2.9485e-11
4.8575e-11,9.2682e-11,6.078e-11
5.6023e-11,5.6486e-11,7.9152e-12
3.6827e-11,5.4126e-11,3.8687e-11
3.5642e-11,3.1843e-11,2.2097e-11
3.3632e-11,3.3371e-11,8.8896e-12
2.8905e-11,2.6272e-11,1.6459e-11
2.5722e-11,3.4503e-11,2.1495e-11
2.7562e-11,2.5638e-11,1.3625e-11
7.4715e-11,5.6104e-11,5.2164e-11
7.3451e-11,5.5046e-11,5.0497e-11
6.7534e-11,5.5055e-11,4.8945e-11
7.2518e-11,5.8712e-11,5.5842e-11
7.4125e-11,5.5326e-11,4.6583e-11
6.8825e-11,5.1947e-11,4.8414e-11
8.2302e-11,7.3216e-11,5.8295e-11
7.0894e-11,6.2963e-11,5.3882e-11
8.8207e-11,7.1415e-11,4.5123e-11
6.762e-11,5.299e-11,2.9656e-11
5.5246e-11,5.5238e-11,5.2044e-11
5.6183e-11,5.1942e-11,4.2896e-11
4.1848e-11,3.8259e-11,1.9013e-11
4.0717e-11,3.7648e-11,1.7004e-11
4.7107e-11,4.7099e-11,2.3871e-11
5.9644e-11,5.9487e-11,5.1279e-11
3.4903e-11,3.6297e-11,2.3149e-11
6.0013e-11,6.0272e-11,1.2532e-11
3.6715e-11,3.5875e-11,9.9018e-12
3.9964e-11,4.1934e-11,3.2492e-11
2.869e-11,2.8563e-11,9.7971e-12
5.792e-11,5.7063e-11,6.7308e-12
3.3494e-11,3.3975e-11,1.1151e-11
2.6118e-11,4.1108e-11,2.2439e-11
3.4382e-11,4.8756e-11,3.3289e-11
3.8459e-11,5.1222e-11,3.4706e-11
3.7775e-11,6.0747e-11,3.7602e-11
7.9383e-11,5.9916e-11,4.637e-11
7.1205e-11,5.5764e-11,5.7689e-11
7.1414e-11,5.9152e-11,3.4619e-11
8.4476e-11,6.909e-11,4.1646e-11
6.6953e-11,5.1664e-11,3.0308e-11
4.5309e-11,4.6899e-11,2.4972e-11
7.1855e-11,6.6125e-11,5.5915e-11
4.6733e-11,4.3276e-11,3.4682e-11
4.0723e-11,3.5827e-11,2.2591e-11
3.5411e-11,3.4765e-11,2.0687e-11
8.0167e-11,6.9118e-11,5.6472e-11
3.1541e-11,3.753e-11,2.5972e-11
5.0298e-11,5.3566e-11,1.7151e-11
5.2505e-11,5.2434e-11,1.4664e-11
6.7281e-11,7.1036e-11,1.2945e-11
3.0812e-11,3.9535e-11,1.1644e-11
3.0217e-11,2.8189e-11,1.9463e-11
3.2322e-11,2.8115e-11,1.4857e-11
5.2522e-11,9.308e-11,6.449e-11
3.5519e-11,5.965e-11,3.8327e-11
3.587e-11,4.5171e-11,3.0044e-11
3.1407e-11,3.6875e-11,3.0531e-11
3.8263e-11,6.1891e-11,3.9198e-11
8.0137e-11,5.916e-11,5.4679e-11
8.639e-11,6.1567e-11,5.1772e-11
7.7691e-11,5.4052e-11,5.4714e-11
7.3018e-11,5.9634e-11,4.0927e-11
7.0444e-11,5.5205e-11,5.1183e-11
6.5366e-11,4.9866e-11,3.634e-11
5.6869e-11,4.6172e-11,3.2212e-11
7.422e-11,6.65e-11,5.8153e-11
6.547e-11,6.3887e-11,2.1616e-11
7.3497e-11,6.7654e-11,5.1999e-11
2.7557e-11,2.9398e-11,1.6423e-11
4.1267e-11,4.2461e-11,1.2371e-11
6.5258e-11,7.4423e-11,5.956e-11
2.7824e-11,2.9606e-11,1.4566e-11
4.4267e-11,5.0997e-11,3.7522e-11
3.1322e-11,2.7478e-11,1.6785e-11
4.1246e-11,5.5673e-11,4.139e-11
3.7675e-11,5.2652e-11,3.9825e-11
3.7252e-11,3.5285e-11,2.5352e-11
4.5897e-11,4.0822e-11,1.2495e-11
2.933e-11,2.936e-11,2.5961e-11
2.7937e-11,2.7882e-11,2.3559e-11
7.9792e-11,5.8224e-11,5.6749e-11
8.3273e-11,5.8566e-11,5.6063e-11
6.0549e-11,4.7444e-11,3.223e-11
6.0871e-11,4.3322e-11,3.6644e-11
9.0855e-11,8.0312e-11,6.8201e-11
4.8469e-11,4.1258e-11,2.5805e-11
6.3571e-11,5.1847e-11,4.1604e-11
6.817e-11,6.1363e-11,2.7463e-11
3.77e-11,3.5308e-11,2.3615e-11
5.3371e-11,4.9701e-11,1.8178e-11
4.053e-11,3.8756e-11,1.7411e-11
7.0347e-11,6.5992e-11,5.646e-11
2.8773e-11,2.8345e-11,1.9865e-11
3.1382e-11,2.8185e-11,1.8272e-11
4.3186e-11,4.507e-11,9.9938e-12
6.3557e-11,9.2486e-11,5.9528e-11
2.7536e-11,2.937e-11,2.1435e-11
8.0443e-11,5.8511e-11,5.0384e-11
7.8983e-11,5.7487e-11,4.7183e-11
6.5247e-11,5.9672e-11,3.7776e-11
8.8912e-11,6.6737e-11,4.9994e-11
7.2554e-11,5.6128e-11,4.7726e-11
8.0581e-11,7.002e-11,6.282e-11
4.8219e-11,4.2308e-11,2.5662e-11
5.8008e-11,5.5738e-11,1.8366e-11
6.439e-11,6.5721e-11,1.5867e-11
3.6057e-11,4.6961e-11,2.3977e-11
3.754e-11,5.3276e-11,3.189e-11
4.3812e-11,4.5005e-11,9.4336e-12
7.0514e-11,7.3768e-11,1.131e-11
6.2941e-11,6.4955e-11,1.0726e-11
2.925e-11,3.8296e-11,2.2369e-11
6.1626e-11,7.4662e-11,5.0662e-11
5.3932e-11,1.0912e-10,6.6106e-11
3.1175e-11,3.7663e-11,2.7199e-11
3.3732e-11,2.9702e-11,2.1194e-11
3.5519e-11,3.213e-11,2.9514e-11
3.3399e-11,3.1031e-11,1.8987e-11
7.7389e-11,5.5371e-11,4.6018e-11
7.373e-11,5.5747e-11,5.4546e-11
5.064e-11,4.6227e-11,3.5018e-11
5.1125e-11,4.4679e-11,2.982e-11
6.2459e-11,5.1225e-11,4.4458e-11
5.6121e-11,5.2909e-11,1.6976e-11
8.1163e-11,8.2469e-11,2.2377e-11
4.1687e-11,3.9142e-11,2.5874e-11
3.3322e-11,4.3121e-11,2.5422e-11
7.1732e-11,8.8527e-11,5.8585e-11
4.265e-11,4.055e-11,2.3997e-11
5.7376e-11,6.9055e-11,4.9658e-11
5.5362e-11,5.039e-11,1.041e-11
4.8702e-11,6.5921e-11,4.521e-11
8.0187e-11,6.0364e-11,4.8893e-11
8.0953e-11,6.2521e-11,4.6339e-11
7.3085e-11,5.6708e-11,4.5761e-11
7.0652e-11,5.0549e-11,4.3279e-11
7.2121e-11,6.1779e-11,3.7157e-11
6.8396e-11,5.4005e-11,3.4695e-11
4.1894e-11,3.8081e-11,2.7222e-11
6.3927e-11,6.1847e-11,4.6703e-11
3.381e-11,3.7283e-11,2.0064e-11
8.0327e-11,8.3493e-11,1.7302e-11
3.4682e-11,3.3528e-11,2.5225e-11
6.9416e-11,7.2934e-11,1.4325e-11
7.2818e-11,7.3953e-11,1.0486e-11
4.831e-11,4.295e-11,1.4336e-11
5.3037e-11,7.6178e-11,5.4477e-11
3.9379e-11,3.3029e-11,1.0978e-11
3.9255e-11,4.5946e-11,3.4463e-11
3.8256e-11,3.1098e-11,8.7714e-12
9.1656e-11,6.5083e-11,5.8628e-11
6.2825e-11,4.6348e-11,3.9388e-11
8.2119e-11,6.4855e-11,3.1248e-11
6.6291e-11,5.5378e-11,2.6103e-11
5.3908e-11,5.0165e-11,2.6524e-11
4.1791e-11,4.4434e-11,3.3877e-11
4.137e-11,4.1641e-11,3.1497e-11
4.1332e-11,4.1497e-11,2.7967e-11
4.7782e-11,4.8013e-11,1.1578e-11
3.1788e-11,3.3815e-11,2.2342e-11
3.2973e-11,2.8866e-11,2.0131e-11
3.7073e-11,4.6735e-11,2.5396e-11
4.1256e-11,5.0567e-11,4.0894e-11
4.4935e-11,5.1234e-11,3.4956e-11
4.4725e-11,3.7101e-11,1.2036e-11
8.6016e-11,6.0612e-11,5.2438e-11
8.7247e-11,8.1982e-11,3.3468e-11
7.7356e-11,7.6382e-11,1.7823e-11
4.6225e-11,4.7558e-11,1.664e-11
4.2042e-11,4.3501e-11,1.9969e-11
7.5421e-11,7.235e-11,5.9486e-11
6.3845e-11,6.6014e-11,5.7108e-11
3.3477e-11,3.0998e-11,2.2997e-11
4.2042e-11,3.5373e-11,1.29e-11
5.2264e-11,4.3549e-11,1.2853e-11
6.5267e-11,5.1934e-11,3.7499e-11
7.5199e-11,6.1605e-11,3.5244e-11
5.9784e-11,5.5262e-11,2.8835e-11
4.3507e-11,4.4362e-11,2.8524e-11
4.0106e-11,4.3483e-11,3.2439e-11
4.2326e-11,4.5624e-11,2.1937e-11
6.0984e-11,6.2563e-11,1.5043e-11
5.8577e-11,6.4178e-11,5.5781e-11
3.513e-11,4.3096e-11,2.9557e-11
5.4471e-11,4.887e-11,1.3871e-11
5.1672e-11,5.9065e-11,4.6835e-11
4.7465e-11,4.078e-11,1.0898e-11
6.4066e-11,5.571e-11,1.0232e-11
7.2508e-11,6.036e-11,3.61e-11
6.6676e-11,5.2273e-11,4.2237e-11
6.2537e-11,5.5948e-11,4.115e-11
7.005e-11,6.154e-11,4.7974e-11
5.5505e-11,5.0095e-11,3.2652e-11
8.8766e-11,8.4313e-11,3.0478e-11
4.8265e-11,5.1473e-11,4.0519e-11
5.4473e-11,5.1146e-11,1.8745e-11
6.2318e-11,6.149e-11,4.8762e-11
5.3905e-11,5.7759e-11,4.754e-11
5.0991e-11,5.1529e-11,2.5048e-11
4.5644e-11,5.1573e-11,4.3255e-11
6.0923e-11,6.1063e-11,8.007e-12
3.7704e-11,3.3625e-11,2.2725e-11
4.2037e-11,3.8777e-11,1.3649e-11
4.1271e-11,5.1892e-11,4.0941e-11
3.7728e-11,4.1076e-11,2.9361e-11
5.7073e-11,4.9763e-11,8.1295e-12
7.7905e-11,6.0563e-11,4.8378e-11
5.5426e-11,5.4815e-11,4.1165e-11
4.8916e-11,5.6124e-11,4.3999e-11
6.3728e-11,6.5901e-11,1.5267e-11
4.5081e-11,4.3913e-11,2.8591e-11
4.1969e-11,5.1535e-11,4.1083e-11
4.0188e-11,5.1768e-11,3.3126e-11
6.1793e-11,5.5305e-11,9.9152e-12
4.3241e-11,5.1654e-11,3.3176e-11
7.3033e-11,5.9968e-11,4.4953e-11
6.4575e-11,6.0977e-11,4.9597e-11
5.518e-11,5.2225e-11,1.9653e-11
5.8839e-11,6.0671e-11,4.9155e-11
4.4612e-11,4.0318e-11,2.4825e-11
4.5406e-11,3.8282e-11,1.8476e-11
3.9651e-11,3.5792e-11,2.3756e-11
6.7158e-11,6.5188e-11,8.6912e-12
5.4228e-11,6.4707e-11,5.1697e-11
4.2778e-11,5.5651e-11,4.1924e-11
4.6422e-11,6.0111e-11,4.3432e-11
6.8184e-11,5.894e-11,3.7277e-11
7.1069e-11,6.86e-11,4.9374e-11
6.3606e-11,5.8468e-11,3.4218e-11
5.6179e-11,5.2225e-11,3.0496e-11
5.9593e-11,6.156e-11,4.9722e-11
7.4591e-11,7.3398e-11,1.6552e-11
4.6932e-11,5.1728e-11,4.0686e-11
4.4262e-11,4.2404e-11,2.4144e-11
4.9957e-11,6.3509e-11,3.661e-11
6.3288e-11,5.9067e-11,1.128e-11
5.896e-11,5.018e-11,1.6027e-11
5.1746e-11,4.3986e-11,1.5793e-11
7.6716e-11,6.3785e-11,4.6024e-11
6.5927e-11,6.4144e-11,4.1132e-11
6.1873e-11,5.594e-11,4.1388e-11
5.7283e-11,5.2226e-11,3.6478e-11
6.5719e-11,5.9409e-11,2.7282e-11
6.4958e-11,6.4879e-11,4.8759e-11
5.8688e-11,5.5956e-11,1.9593e-11
6.4606e-11,6.4273e-11,1.8226e-11
6.2018e-11,6.1704e-11,1.8605e-11
6.3401e-11,6.3204e-11,1.7046e-11
5.2338e-11,6.4482e-11,4.9523e-11
5.1566e-11,5.8122e-11,4.5747e-11
5.0523e-11,5.8654e-11,4.7873e-11
6.2458e-11,6.8212e-11,5.4274e-11
4.9756e-11,6.6066e-11,4.6525e-11
4.6185e-11,6.4351e-11,3.5166e-11
4.5611e-11,4.3359e-11,2.7512e-11
8.1871e-11,6.3118e-11,4.8446e-11
6.9674e-11,6.5504e-11,3.4443e-11
6.7939e-11,6.4165e-11,4.3847e-11
6.344e-11,6.2673e-11,4.2359e-11
8.5551e-11,7.9505e-11,2.8667e-11
7.7596e-11,7.3455e-11,2.2742e-11
4.9945e-11,5.0239e-11,3.2506e-11
6.2833e-11,5.9506e-11,2.17e-11
7.5153e-11,7.8128e-11,2.6392e-11
5.8699e-11,5.6451e-11,1.7449e-11
4.8341e-11,4.7919e-11,2.4889e-11
7.1197e-11,6.985e-11,1.5924e-11
5.5217e-11,6.7056e-11,5.1443e-11
6.1125e-11,4.9926e-11,1.3155e-11
4.7384e-11,4.222e-11,2.1453e-11
7.1866e-11,6.9912e-11,4.8024e-11
6.3236e-11,6.9091e-11,5.1198e-11
5.5993e-11,5.4261e-11,3.4461e-11
5.8689e-11,6.9755e-11,4.8496e-11
5.652e-11,6.6196e-11,4.7299e-11
5.3439e-11,5.0202e-11,2.242e-11
5.5146e-11,6.9861e-11,4.9594e-11
5.6184e-11,6.517e-11,5.14e-11
5.6765e-11,4.8827e-11,1.4225e-11
5.0891e-11,6.4416e-11,3.8371e-11
5.46e-11,4.6031e-11,1.7831e-11
5.2088e-11,5.8718e-11,3.6796e-11
6.6284e-11,6.0851e-11,4.1169e-11
6.3498e-11,6.0976e-11,4.1971e-11
6.3599e-11,7.4156e-11,5.4508e-11
6.0775e-11,5.685e-11,2.069e-11
5.6916e-11,5.2613e-11,2.0446e-11
7.0588e-11,6.7414e-11,2.1397e-11
7.6123e-11,7.3054e-11,1.7751e-11
5.8899e-11,5.3147e-11,1.6613e-11
7.4392e-11,6.939e-11,1.5987e-11
4.9492e-11,5.8662e-11,4.2617e-11
5.5137e-11,5.745e-11,3.8898e-11
7.9737e-11,6.8834e-11,4.9781e-11
6.7277e-11,6.9234e-11,4.2979e-11
5.9958e-11,6.1292e-11,2.7115e-11
6.0982e-11,6.137e-11,3.134e-11
5.6911e-11,5.6422e-11,2.609e-11
6.9489e-11,6.9541e-11,1.9986e-11
6.7772e-11,6.6014e-11,2.2171e-11
5.7709e-11,5.8017e-11,4.444e-11
7.2861e-11,7.1827e-11,1.7549e-11
5.3725e-11,5.0967e-11,2.4607e-11
5.1405e-11,4.6971e-11,3.8604e-11
6.6129e-11,5.3808e-11,1.6901e-11
6.2753e-11,5.2714e-11,1.7161e-11
6.4981e-11,6.3067e-11,2.55e-11
5.1706e-11,6.568e-11,4.4044e-11
5.7444e-11,5.2869e-11,4.2143e-11
6.6601e-11,6.8479e-11,3.2165e-11
6.1077e-11,5.5674e-11,3.9632e-11
7.3544e-11,7.4198e-11,2.2005e-11
6.2289e-11,5.4e-11,3.8811e-11
6.442e-11,5.9894e-11,2.1683e-11
6.0106e-11,5.6053e-11,2.6975e-11
6.0925e-11,7.582e-11,4.3202e-11
5.9444e-11,5.9709e-11,3.303e-11
6.9406e-11,6.7066e-11,4.5587e-11
6.912e-11,6.3169e-11,2.1101e-11
6.7183e-11,6.286e-11,2.2467e-11
6.2999e-11,8.3213e-11,4.6107e-11
7.2652e-11,7.4667e-11,3.6887e-11
6.7987e-11,6.3735e-11,4.0873e-11
6.7157e-11,6.9974e-11,3.7272e-11
6.5378e-11,5.4251e-11,3.4378e-11
7.3231e-11,7.5066e-11,4.0254e-11
7.1856e-11,7.1954e-11,4.3272e-11
7.1839e-11,7.1623e-11,3.9612e-11
7.244e-11,6.4621e-11,4.5802e-11
7.0102e-11,6.8013e-11,4.8362e-11
6.8919e-11,6.372e-11,3.097e-11
6.5284e-11,5.9489e-11,3.5548e-11
7.1166e-11,6.8378e-11,4.994e-11
7.1475e-11,6.0899e-11,3.2977e-11
7.0505e-11,5.8029e-11,4.5318e-11
7.2522e-11,6.7515e-11,4.601e-11
7.8451e-11,6.4427e-11,4.6917e-11
7.716e-11,7.3732e-11,5.3773e-11
8.2291e-11,7.2019e-11,5.0701e-11
1.1901e-10,9.9676e-11,3.6538e-11
1.1899e-10,1.009e-10,3.6137e-11
1.1986e-10,9.3562e-11,2.3802e-11
1.0211e-10,1.0352e-10,4.857e-11
1.1285e-10,8.8379e-11,3.201e-11
1.3279e-10,8.3017e-11,2.5477e-11
1.244e-10,8.5048e-11,2.8528e-11
1.015e-10,1.0272e-10,4.557e-11
1.1765e-10,8.9216e-11,2.9726e-11
1.1471e-10,9.9951e-11,4.2624e-11
1.2657e-10,8.2531e-11,1.6008e-11
1.1219e-10,8.8713e-11,2.0155e-11
1.1527e-10,8.7865e-11,2.509e-11
1.1741e-10,8.7764e-11,2.2036e-11
8.9487e-11,1.0118e-10,4.6314e-11
1.03e-10,8.9148e-11,3.4742e-11
9.7829e-11,9.4845e-11,4.6034e-11
1.1068e-10,9.1166e-11,2.4843e-11
1.2213e-10,7.7821e-11,1.4875e-11
9.6535e-11,9.5624e-11,3.8703e-11
9.9059e-11,8.8971e-11,4.7754e-11
8.9935e-11,9.1773e-11,4.9679e-11
8.8126e-11,8.622e-11,5.0118e-11
1.1814e-10,8.2893e-11,1.3198e-11
1.2711e-10,7.3602e-11,1.3242e-11
1.3461e-10,7.4843e-11,2.0094e-11
8.6736e-11,8.5946e-11,4.9979e-11
9.7289e-11,8.7622e-11,5.1012e-11
8.4772e-11,9.6604e-11,4.0495e-11
1.024e-10,7.8511e-11,2.6725e-11
1.0084e-10,1.0936e-10,2.8459e-11
1.2728e-10,7.2865e-11,1.0565e-11
1.0166e-10,1.0185e-10,3.1891e-11
1.152e-10,7.156e-11,2.1725e-11
1.2281e-10,7.3184e-11,2.1637e-11
9.7699e-11,8.0746e-11,5.1883e-11
8.7144e-11,7.8682e-11,5.1358e-11
9.7903e-11,1.0563e-10,2.9682e-11
1.0007e-10,8.631e-11,2.4578e-11
8.4064e-11,1.1395e-10,3.959e-11
1.1765e-10,7.0751e-11,3.0052e-11
1.0479e-10,8.1711e-11,5.7356e-11
1.0013e-10,9.9464e-11,2.5252e-11
7.4443e-11,1.1806e-10,3.7779e-11
1.2985e-10,7.1392e-11,2.4818e-11
1.4332e-10,7.1234e-11,2.5086e-11
1.3203e-10,7.3276e-11,3.8011e-11
1.1413e-10,7.259e-11,3.1412e-11
9.7021e-11,7.8088e-11,3.752e-11
1.0259e-10,7.5181e-11,6.8472e-11
8.8495e-11,7.4174e-11,5.8665e-11
1.0956e-10,6.6544e-11,1.6971e-11
1.21e-10,7.0069e-11,1.6389e-11
1.214e-10,6.9761e-11,1.8563e-11
9.9572e-11,7.3164e-11,5.3083e-11
7.5225e-11,7.376e-11,5.5862e-11
8.6007e-11,7.2484e-11,5.4636e-11
1.2417e-10,6.5576e-11,3.6648e-12
1.0673e-10,7.1742e-11,9.1147e-12
1.0451e-10,8.3092e-11,2.7813e-11
8.703e-11,1.0371e-10,2.6092e-11
8.298e-11,9.8095e-11,3.1955e-11
6.9637e-11,1.1206e-10,3.8009e-11
1.1361e-10,6.2983e-11,2.1351e-11
1.0909e-10,6.8158e-11,2.4656e-11
1.1925e-10,6.9992e-11,3.2192e-11
9.9466e-11,6.7834e-11,4.1117e-11
6.3481e-11,8.2041e-11,4.1738e-11
7.7269e-11,7.0854e-11,3.9433e-11
9.8892e-11,8.2254e-11,1.9351e-11
1.0369e-10,7.2382e-11,8.6438e-12
1.2463e-10,6.1647e-11,3.4346e-12
1.0819e-10,7.2882e-11,1.4245e-11
6.9269e-11,9.1428e-11,3.0559e-11
1.2236e-10,7.252e-11,3.7818e-11
1.1295e-10,7.6944e-11,3.4363e-11
7.3838e-11,6.4156e-11,4.9848e-11
9.3842e-11,8.7205e-11,1.9257e-11
1.0052e-10,6.5618e-11,8.3129e-12
1.2288e-10,5.8413e-11,1.0501e-11
1.0942e-10,6.2708e-11,1.0586e-11
9.983e-11,7.2597e-11,2.3654e-11
1.3018e-10,6.2294e-11,1.7804e-11
1.026e-10,7.065e-11,4.2846e-11
1.3281e-10,6.7019e-11,3.0195e-11
8.2457e-11,6.962e-11,2.8129e-11
7.5534e-11,7.4899e-11,3.2958e-11
9.3201e-11,6.4639e-11,6.6091e-11
1.3065e-10,5.9947e-11,7.8428e-12
1.0454e-10,5.1195e-11,1.9202e-11
1.1875e-10,6.0649e-11,1.8844e-11
1.3539e-10,6.7333e-11,3.0177e-11
6.0305e-11,6.48e-11,3.3398e-11
9.8393e-11,6.1766e-11,6.7793e-11
1.3303e-10,5.7981e-11,1.2024e-11
1.0254e-10,7.5599e-11,1.9079e-11
7.5206e-11,1.103e-10,2.9542e-11
9.8579e-11,6.4293e-11,1.4956e-11
5.798e-11,6.3629e-11,3.8108e-11
1.2041e-10,4.9689e-11,1.0129e-11
1.1869e-10,6.0604e-11,1.0946e-11
1.3692e-10,6.6034e-11,2.6523e-11
1.0088e-10,6.6536e-11,1.4452e-11
1.2711e-10,6.6198e-11,2.746e-11
1.4427e-10,6.408e-11,2.2198e-11
6.3579e-11,8.4485e-11,2.7794e-11
5.7804e-11,9.8296e-11,3.1452e-11
7.0578e-11,6.1669e-11,3.1815e-11
1.0343e-10,6.0655e-11,7.9881e-11
9.7813e-11,5.9165e-11,6.7769e-11
8.9534e-11,5.6939e-11,6.4291e-11
8.0518e-11,6.2656e-11,6.0728e-11
1.0778e-10,6.5683e-11,8.0656e-11
9.7387e-11,5.6504e-11,1.0218e-11
8.5787e-11,8.5399e-11,2.1365e-11
7.9703e-11,4.8604e-11,4.163e-11
6.4012e-11,6.0709e-11,3.7198e-11
6.7585e-11,5.7559e-11,3.4896e-11
9.3182e-11,6.2378e-11,6.003e-11
7.9216e-11,6.1602e-11,6.7241e-11
1.089e-10,5.0767e-11,9.7846e-12
9.7088e-11,6.1131e-11,1.0562e-11
7.1895e-11,1.0541e-10,2.4262e-11
6.9235e-11,1.0482e-10,2.6139e-11
8.2059e-11,5.651e-11,6.8056e-11
8.7879e-11,6.0883e-11,7.5319e-11
7.947e-11,5.0967e-11,2.8192e-11
6.0658e-11,6.382e-11,2.69e-11
1.1097e-10,6.2618e-11,4.6541e-11
1.0726e-10,6.5775e-11,4.1635e-11
6.9579e-11,5.8057e-11,5.7247e-11
5.9765e-11,7.07e-11,2.2641e-11
9.2759e-11,5.3767e-11,2.1246e-11
5.0235e-11,7.5187e-11,2.8804e-11
8.3775e-11,5.2768e-11,6.8628e-11
1.1748e-10,5.2857e-11,1.6982e-11
4.8091e-11,7.3181e-11,3.3754e-11
6.5646e-11,5.3586e-11,2.2356e-11
9.8882e-11,5.8223e-11,4.136e-11
1.1139e-10,6.3342e-11,5.3012e-11
4.6774e-11,6.325e-11,3.4282e-11
7.1123e-11,5.0669e-11,5.0201e-11
7.1029e-11,5.7233e-11,5.9969e-11
1.2104e-10,5.358e-11,1.2641e-11
1.1105e-10,4.8285e-11,1.4129e-11
1.0506e-10,3.9662e-11,2.881e-11
4.7752e-11,9.6873e-11,3.272e-11
4.6123e-11,7.5454e-11,3.5162e-11
1.138e-10,4.7307e-11,8.8382e-12
9.5285e-11,5.0082e-11,1.3465e-11
4.6791e-11,6.0219e-11,2.9827e-11
8.304e-11,5.1871e-11,4.9382e-11
8.7032e-11,5.2254e-11,5.7341e-11
5.7951e-11,4.784e-11,4.7061e-11
9.3605e-11,5.4205e-11,7.614e-11
8.0613e-11,9.1416e-11,2.8227e-11
7.5924e-11,9.767e-11,2.3187e-11
9.4378e-11,8.2548e-11,1.5873e-11
1.0934e-10,4.2823e-11,1.3957e-11
4.6822e-11,9.9237e-11,2.876e-11
9.9947e-11,6.1907e-11,5.549e-11
5.1106e-11,5.4976e-11,4.2455e-11
1.0321e-10,6.0305e-11,6.0841e-11
7.7329e-11,5.1059e-11,7.0066e-11
8.7402e-11,7.9959e-11,1.7907e-11
8.7215e-11,7.1029e-11,1.8876e-11
5.5017e-11,1.0354e-10,1.9855e-11
8.9579e-11,5.1115e-11,1.2585e-11
5.0305e-11,1.0702e-10,2.3716e-11
1.0706e-10,6.2254e-11,3.3091e-11
4.0326e-11,7.1369e-11,3.2615e-11
6.8451e-11,4.3866e-11,2.9493e-11
4.3652e-11,6.132e-11,2.3007e-11
3.9319e-11,6.5221e-11,2.7647e-11
7.1745e-11,4.9501e-11,3.0463e-11
5.0468e-11,4.8555e-11,3.8486e-11
5.0231e-11,5.179e-11,3.7644e-11
4.9673e-11,4.8878e-11,4.0767e-11
6.222e-11,3.6331e-11,3.6682e-11
6.1322e-11,4.099e-11,4.5384e-11
9.107e-11,7.5834e-11,1.4938e-11
8.987e-11,5.5278e-11,1.0651e-11
1.0727e-10,4.9672e-11,1.6515e-11
6.8643e-11,7.7826e-11,2.1292e-11
5.3413e-11,7.782e-11,2.356e-11
5.481e-11,5.7999e-11,2.6331e-11
4.074e-11,5.9643e-11,2.5041e-11
9.4967e-11,5.4526e-11,6.3062e-11
7.9747e-11,4.7427e-11,6.7003e-11
1.0243e-10,5.3523e-11,7.8635e-11
8.2361e-11,9.2516e-11,1.6062e-11
6.5558e-11,1.0518e-10,2.2514e-11
9.0329e-11,5.2648e-11,9.9155e-12
9.8079e-11,4.0106e-11,1.6216e-11
1.1555e-10,5.5568e-11,1.8426e-11
9.1494e-11,4.888e-11,2.1063e-11
9.6044e-11,4.8292e-11,2.922e-11
4.2465e-11,6.5918e-11,2.2441e-11
6.1045e-11,3.2804e-11,3.4947e-11
4.6518e-11,5.4862e-11,4.2308e-11
9.1776e-11,5.7361e-11,5.67e-11
8.8842e-11,4.4166e-11,7.6235e-11
6.4204e-11,1.2216e-10,2.0246e-11
8.6889e-11,4.5552e-11,1.2894e-11
6.543e-11,8.6148e-11,1.7551e-11
8.5195e-11,5.9469e-11,1.4823e-11
6.8588e-11,7.1008e-11,1.8001e-11
5.2025e-11,8.6172e-11,1.7801e-11
5.9899e-11,5.483e-11,1.9386e-11
4.3579e-11,7.7737e-11,2.3564e-11
3.4176e-11,7.0089e-11,2.0189e-11
1.0939e-10,6.1845e-11,3.799e-11
9.3203e-11,5.9014e-11,3.895e-11
8.0419e-11,4.7398e-11,3.0236e-11
8.8424e-11,5.4722e-11,3.7996e-11
5.2829e-11,4.4545e-11,2.6766e-11
6.695e-11,3.9109e-11,4.6929e-11
6.2534e-11,3.8518e-11,5.1949e-11
8.242e-11,4.388e-11,7.299e-11
7.7622e-11,9.2495e-11,1.4939e-11
5.5884e-11,1.0787e-10,2.0385e-11
4.1005e-11,1.9361e-10,8.8498e-11
1.1004e-10,5.0674e-11,1.4238e-11
1.1479e-10,5.5478e-11,1.7017e-11
7.1032e-11,7.0251e-11,1.8358e-11
1.1748e-10,5.8968e-11,2.615e-11
4.2432e-11,7.4787e-11,2.7339e-11
1.1322e-10,6.5276e-11,3.192e-11
6.7383e-11,4.0129e-11,2.6512e-11
4.4116e-11,4.8579e-11,4.6449e-11
5.0396e-11,4.7517e-11,2.8848e-11
6.1535e-11,4.243e-11,4.0153e-11
8.5396e-11,2.7711e-11,5.9527e-11
8.2683e-11,4.2422e-11,4.5641e-11
5.9349e-11,3.4325e-11,4.6054e-11
1.0733e-10,2.4738e-11,7.9773e-11
9.7945e-11,5.0052e-11,7.8012e-11
9.3744e-11,3.751e-11,6.4502e-11
5.9056e-11,9.9662e-11,2.0904e-11
4.9182e-11,9.1785e-11,2.3934e-11
4.9629e-11,8.6262e-11,1.865e-11
1.1319e-10,4.7437e-11,1.5629e-11
3.9794e-11,9.9849e-11,2.5389e-11
5.109e-11,8.3497e-11,2.223e-11
5.0253e-11,8.355e-11,2.4068e-11
4.0719e-11,7.5589e-11,2.9567e-11
5.3479e-11,4.7634e-11,1.9417e-11
4.2976e-11,4.9066e-11,2.2767e-11
7.2526e-11,4.4612e-11,4.327e-11
6.4096e-11,5.1399e-11,4.6086e-11
4.3034e-11,5.1256e-11,2.3252e-11
6.7139e-11,3.645e-11,3.3094e-11
4.6357e-11,4.3195e-11,3.0821e-11
6.9603e-11,3.6237e-11,3.7881e-11
4.4322e-11,4.3211e-11,2.9428e-11
8.3743e-11,2.7962e-11,5.4944e-11
5.2848e-11,4.0054e-11,4.325e-11
4.8313e-11,4.3264e-11,3.6449e-11
1.0125e-10,5.3641e-11,6.7176e-11
8.5915e-11,4.6448e-11,5.9068e-11
9.1332e-11,2.7918e-11,7.2439e-11
9.7797e-11,2.9317e-11,6.1743e-11
6.6402e-11,4.4021e-11,6.042e-11
9.1816e-11,3.7641e-11,8.3764e-11
3.0354e-11,1.8045e-10,8.7454e-11
4.0035e-11,2.0127e-10,8.3009e-11
9.07e-11,5.4789e-11,1.0046e-11
3.9233e-11,1.7382e-10,9.1302e-11
1.1765e-10,5.7134e-11,1.7383e-11
3.6185e-11,9.865e-11,3.3605e-11
3.6341e-11,9.2743e-11,3.1416e-11
3.9757e-11,6.703e-11,2.1499e-11
7.4164e-11,4.693e-11,4.1334e-11
5.8836e-11,4.002e-11,3.6686e-11
6.4851e-11,2.7945e-11,5.7546e-11
6.877e-11,4.1455e-11,5.1714e-11
9.2008e-11,3.3814e-11,7.0644e-11
5.029e-11,4.4108e-11,4.3388e-11
5.9487e-11,4.5621e-11,5.0118e-11
5.8758e-11,3.6059e-11,5.1631e-11
6.6731e-11,1.2051e-10,2.0052e-11
7.095e-11,8.5268e-11,1.3508e-11
2.2454e-11,1.553e-10,8.2269e-11
5.6389e-11,1.827e-10,8.909e-11
8.9833e-11,3.5663e-11,1.3022e-11
1.177e-10,4.7206e-11,2.3074e-11
3.6746e-11,6.5627e-11,4.2789e-11
3.8432e-11,6.4287e-11,4.9824e-11
3.9134e-11,7.2136e-11,3.1444e-11
5.5154e-11,5.668e-11,4.3193e-11
5.6748e-11,5.2344e-11,5.4135e-11
3.8531e-11,5.2614e-11,2.8516e-11
3.8709e-11,5.0918e-11,3.4834e-11
6.5806e-11,4.3019e-11,5.9397e-11
6.9527e-11,3.7736e-11,6.7473e-11
7.4581e-11,4.3898e-11,3.6515e-11
9.0715e-11,3.4595e-11,7.8925e-11
5.0356e-11,4.2364e-11,3.9604e-11
4.1828e-11,4.3846e-11,3.8168e-11
8.142e-11,2.5997e-11,5.4502e-11
7.4094e-11,4.571e-11,4.2832e-11
7.337e-11,4.3642e-11,4.3349e-11
9.4929e-11,4.6332e-11,6.9517e-11
8.8212e-11,3.7844e-11,5.73e-11
9.1288e-11,4.284e-11,7.4832e-11
1.7385e-11,2.0182e-10,6.7835e-11
5.867e-11,1.1419e-10,1.7142e-11
7.3752e-11,7.7893e-11,1.4771e-11
6.7155e-11,8.0439e-11,1.8159e-11
6.5567e-11,5.8597e-11,1.1216e-11
6.3574e-11,1.5573e-10,1.0403e-10
4.0402e-11,9.2686e-11,1.5623e-11
6.6503e-11,1.5756e-10,1.0564e-10
5.6235e-11,6.47e-11,1.4802e-11
3.5031e-11,9.1161e-11,2.7253e-11
3.6638e-11,6.5181e-11,4.6329e-11
4.5388e-11,5.3918e-11,1.8768e-11
9.1643e-11,5.8712e-11,3.5272e-11
3.7789e-11,6.2938e-11,4.5284e-11
9.5157e-11,6.1311e-11,5.3235e-11
7.644e-11,2.4816e-11,8.3614e-11
9.3258e-11,2.9383e-11,8.9636e-11
6.6239e-11,4.272e-11,6.1746e-11
3.9753e-11,4.3638e-11,3.4805e-11
9.3068e-11,5.4872e-11,6.1296e-11
5.2273e-11,4.1664e-11,4.4193e-11
9.8825e-11,5.6518e-11,6.438e-11
9.3112e-11,2.9016e-11,8.129e-11
5.3803e-11,3.2327e-11,4.4903e-11
6.9362e-11,2.6834e-11,6.6199e-11
6.3923e-11,3.2342e-11,5.8104e-11
1.032e-10,2.8455e-11,7.7212e-11
9.2371e-11,4.3668e-11,6.6251e-11
8.5957e-11,3.1051e-11,5.8553e-11
8.7875e-11,3.1565e-11,6.1688e-11
6.2586e-11,4.6035e-11,5.1471e-11
6.9681e-11,4.5703e-11,5.5803e-11
6.6165e-11,4.2338e-11,5.9613e-11
7.808e-11,3.7157e-11,7.2206e-11
9.099e-11,3.6305e-11,8.6279e-11
2.2032e-11,1.8301e-10,6.2386e-11
1.7506e-11,1.933e-10,7.1386e-11
5.6713e-11,8.5661e-11,1.6855e-11
3.9392e-11,9.3954e-11,1.6173e-11
3.7924e-11,9.3503e-11,1.7253e-11
3.7032e-11,1.0266e-10,3.4597e-11
3.427e-11,6.6419e-11,3.887e-11
3.2327e-11,6.4112e-11,3.3934e-11
6.7445e-11,4.0784e-11,2.0353e-11
5.5926e-11,6.2199e-11,5.1121e-11
9.8041e-11,5.5814e-11,4.1234e-11
8.7265e-11,5.6902e-11,4.9634e-11
7.6809e-11,3.8866e-11,4.0512e-11
9.7873e-11,5.6792e-11,5.3373e-11
6.441e-11,3.794e-11,5.6613e-11
5.6821e-11,5.461e-11,4.7452e-11
7.3242e-11,1.9201e-11,6.7057e-11
4.7357e-11,4.2531e-11,3.5149e-11
6.55e-11,4.2535e-11,3.6099e-11
5.9196e-11,3.2239e-11,4.6646e-11
5.178e-11,2.9065e-11,4.2258e-11
1.0229e-10,5.1009e-11,8.5246e-11
7.2661e-11,4.4395e-11,4.5165e-11
9.301e-11,4.5997e-11,7.2325e-11
7.8841e-11,4.5085e-11,5.849e-11
9.4349e-11,4.5064e-11,8.2748e-11
8.6272e-11,3.3556e-11,7.7609e-11
2.0135e-11,1.7331e-10,5.8971e-11
4.236e-11,1.5834e-10,6.3096e-11
5.2798e-11,1.1253e-10,2.497e-11
5.3628e-11,8.0542e-11,1.3295e-11
5.3749e-11,1.4278e-10,8.7557e-11
7.7132e-11,3.2692e-11,1.6218e-11
5.73e-11,6.1414e-11,1.4509e-11
1.2394e-10,5.1895e-11,2.0705e-11
8.2115e-11,1.4355e-10,7.8204e-11
7.9421e-11,1.4237e-10,8.5834e-11
8.239e-11,1.4617e-10,9.4754e-11
4.2634e-11,8.2628e-11,2.4075e-11
8.3326e-11,1.4446e-10,1.0044e-10
8.2376e-11,5.5689e-11,3.1209e-11
4.026e-11,5.2765e-11,3.7347e-11
5.7015e-11,5.8167e-11,3.7797e-11
5.7413e-11,5.9319e-11,3.2936e-11
4.5288e-11,4.3165e-11,2.9316e-11
3.7254e-11,4.9336e-11,3.5185e-11
7.021e-11,4.029e-11,3.8241e-11
6.4199e-11,2.4599e-11,5.0494e-11
9.371e-11,5.5389e-11,8.676e-11
9.4267e-11,4.8449e-11,6.1607e-11
6.3496e-11,2.9297e-11,4.8024e-11
4.9549e-11,4.4192e-11,4.4566e-11
5.4493e-11,4.633e-11,4.2541e-11
9.5706e-11,2.5588e-11,6.8935e-11
8.5219e-11,4.0848e-11,7.0536e-11
7.8154e-11,3.463e-11,7.3961e-11
1.8225e-11,1.7729e-10,5.5552e-11
2.8003e-11,1.5556e-10,6.7894e-11
7.4479e-11,5.0078e-11,1.595e-11
6.4912e-11,6.7293e-11,1.4771e-11
3.3462e-11,1.2103e-10,9.1578e-11
3.7903e-11,9.2468e-11,4.1025e-11
1.0028e-10,3.8217e-11,3.0502e-11
5.0189e-11,5.5349e-11,1.5322e-11
7.2612e-11,3.2524e-11,2.4531e-11
7.6076e-11,1.3512e-10,8.607e-11
3.6018e-11,6.27e-11,4.7319e-11
9.0517e-11,1.2317e-10,1.039e-10
4.3927e-11,4.9241e-11,5.6715e-11
7.5495e-11,4.1086e-11,3.2093e-11
8.3625e-11,8.9309e-11,1.0137e-10
5.2978e-11,3.9592e-11,2.0397e-11
4.6492e-11,4.2344e-11,3.4075e-11
9.0784e-11,5.4131e-11,4.9104e-11
9.0281e-11,7.6072e-11,1.0243e-10
3.7324e-11,4.3149e-11,3.5644e-11
9.2875e-11,5.7525e-11,9.2662e-11
8.9097e-11,4.854e-11,8.3871e-11
7.0507e-11,4.1354e-11,4.8667e-11
4.5212e-11,3.3407e-11,3.4357e-11
5.2675e-11,3.2126e-11,4.8072e-11
9.1484e-11,4.498e-11,7.8683e-11
6.7094e-11,4.4451e-11,5.4587e-11
7.2356e-11,3.4132e-11,6.4778e-11
2.069e-11,1.9099e-10,4.7527e-11
1.3279e-11,1.6701e-10,6.6699e-11
1.5806e-11,1.6164e-10,7.1563e-11
1.1967e-11,1.6383e-10,6.1212e-11
1.83e-11,1.7731e-10,4.749e-11
6.7252e-11,1.0573e-10,1.6103e-11
4.0255e-11,1.4553e-10,5.9539e-11
3.9215e-11,9.2426e-11,3.5719e-11
4.6022e-11,8.8372e-11,2.3765e-11
5.0186e-11,1.0254e-10,9.9804e-11
7.2019e-11,1.2387e-10,8.1862e-11
7.6017e-11,1.334e-10,8.0953e-11
4.2125e-11,6.4378e-11,2.3324e-11
6.9361e-11,1.1245e-10,9.1469e-11
7.064e-11,9.7367e-11,9.7694e-11
5.6598e-11,5.2184e-11,6.2231e-11
4.5154e-11,4.3724e-11,6.1441e-11
6.5368e-11,2.2364e-11,7.8816e-11
7.2502e-11,3.3876e-11,7.1164e-11
4.5454e-11,4.2083e-11,3.2877e-11
8.8335e-11,8.2183e-11,9.3592e-11
3.1631e-11,4.9301e-11,1.9564e-11
6.9267e-11,3.3536e-11,3.6329e-11
8.3334e-11,3.168e-11,7.2205e-11
4.1883e-11,3.3153e-11,2.9969e-11
4.4976e-11,3.1478e-11,3.4368e-11
4.2804e-11,3.1635e-11,3.6888e-11
8.538e-11,3.9342e-11,7.4452e-11
8.9226e-11,3.7631e-11,7.3453e-11
1.0845e-11,1.8122e-10,4.8668e-11
1.4597e-11,1.9143e-10,4.7981e-11
1.4626e-11,1.8519e-10,5.1697e-11
9.3143e-12,1.7371e-10,5.4748e-11
6.5548e-11,1.0801e-10,1.6131e-11
6.2215e-11,1.2383e-10,1.5999e-11
2.0691e-11,1.3866e-10,6.113e-11
2.1745e-11,1.2042e-10,6.1999e-11
1.9661e-11,1.4589e-10,6.0832e-11
5.7423e-11,9.315e-11,1.9095e-11
4.6779e-11,9.3648e-11,2.8172e-11
6.7575e-11,4.9046e-11,1.2784e-11
4.4617e-11,5.7588e-11,1.5605e-11
6.3936e-11,5.2706e-11,1.6581e-11
6.9519e-11,1.1354e-10,8.0385e-11
5.9982e-11,3.5185e-11,2.262e-11
4.9611e-11,5.1806e-11,1.6696e-11
4.3305e-11,4.836e-11,5.0913e-11
5.9362e-11,2.2979e-11,6.5897e-11
8.6783e-11,5.0194e-11,3.9293e-11
7.5118e-11,3.9327e-11,3.6051e-11
8.4567e-11,4.6994e-11,8.9777e-11
4.5792e-11,4.225e-11,3.3126e-11
4.7702e-11,3.4278e-11,3.0813e-11
4.349e-11,3.5216e-11,3.7575e-11
4.981e-11,2.9012e-11,3.9655e-11
5.4856e-11,4.2388e-11,4.1441e-11
5.8789e-11,2.755e-11,5.3068e-11
6.1781e-11,2.7541e-11,5.5245e-11
7.3095e-11,2.6335e-11,6.6866e-11
7.1016e-11,4.1378e-11,5.3707e-11
9.1624e-11,3.7202e-11,8.1791e-11
1.0157e-10,4.5236e-11,7.6663e-11
8.0745e-11,3.6713e-11,6.7882e-11
7.8023e-11,3.4553e-11,6.5645e-11
8.4887e-11,2.7545e-11,7.6315e-11
1.0554e-11,1.7533e-10,4.8949e-11
1.4131e-11,1.356e-10,5.7709e-11
6.4799e-11,8.6038e-11,1.1031e-11
3.353e-11,1.2032e-10,7.1682e-11
2.1932e-11,1.4149e-10,5.6035e-11
2.7872e-11,1.4729e-10,6.2023e-11
2.4204e-11,1.0961e-10,6.4944e-11
8.4632e-11,5.06e-11,2.0312e-11
4.1348e-11,7.7295e-11,1.5478e-11
6.7997e-11,1.1186e-10,6.7307e-11
6.8442e-11,4.0884e-11,1.6325e-11
3.1816e-11,7.3067e-11,4.0485e-11
2.8924e-11,6.6793e-11,4.9035e-11
3.1306e-11,6.7616e-11,2.6306e-11
6.4925e-11,9.2485e-11,8.993e-11
4.3182e-11,5.127e-11,4.7294e-11
7.7363e-11,9.8509e-11,9.4731e-11
7.9234e-11,9.9014e-11,1.0411e-10
7.2947e-11,7.4885e-11,9.0545e-11
5.6733e-11,2.7361e-11,3.719e-11
6.3333e-11,3.1792e-11,3.3885e-11
5.315e-11,2.7998e-11,2.8211e-11
6.1161e-11,2.5201e-11,4.254e-11
8.43e-11,4.3531e-11,5.7257e-11
5.4643e-11,2.7547e-11,4.6639e-11
5.4201e-11,2.7756e-11,4.9207e-11
4.9999e-11,3.191e-11,4.6913e-11
5.4938e-11,3.1593e-11,4.6802e-11
6.1525e-11,2.8224e-11,4.9075e-11
9.4387e-11,3.6689e-11,7.3003e-11
8.0578e-11,2.9431e-11,7.512e-11
1.1636e-11,1.6336e-10,5.2603e-11
7.5899e-11,4.5855e-11,1.0144e-11
1.3599e-11,1.6722e-10,4.7165e-11
1.5788e-11,1.13e-10,7.0516e-11
6.4568e-11,9.9781e-11,1.4691e-11
3.3218e-11,1.1198e-10,6.7734e-11
2.7927e-11,1.1738e-10,6.5247e-11
5.9525e-11,8.974e-11,1.3441e-11
5.6309e-11,1.2325e-10,3.4843e-11
2.6548e-11,1.0614e-10,7.3043e-11
5.0975e-11,1.0441e-10,1.8673e-11
4.3167e-11,1.3564e-10,5.9995e-11
7.0509e-11,3.527e-11,1.6359e-11
3.5572e-11,8.949e-11,3.374e-11
2.9393e-11,9.2007e-11,4.4957e-11
6.659e-11,4.3341e-11,1.6449e-11
3.4629e-11,7.8003e-11,2.2043e-11
4.4522e-11,8.294e-11,9.0403e-11
4.372e-11,5.5025e-11,2.1205e-11
4.4586e-11,4.7522e-11,1.5787e-11
4.5637e-11,1.8191e-11,5.6007e-11
2.7611e-11,6.5496e-11,3.5052e-11
6.4978e-11,1.8889e-11,6.5634e-11
3.3806e-11,6.1349e-11,4.5605e-11
7.396e-11,3.6352e-11,7.426e-11
4.9677e-11,2.2721e-11,5.0248e-11
4.2485e-11,3.9493e-11,1.9123e-11
6.7298e-11,3.1376e-11,3.5669e-11
3.3377e-11,4.6557e-11,2.6999e-11
7.2031e-11,4.4617e-11,6.9737e-11
4.2602e-11,3.0749e-11,3.1388e-11
4.2823e-11,2.9624e-11,3.883e-11
9.7615e-11,4.5249e-11,7.054e-11
8.9938e-11,4.6435e-11,9.3981e-11
9.2512e-11,4.6717e-11,9.4588e-11
9.2927e-11,3.8622e-11,8.4567e-11
8.809e-11,3.7183e-11,7.7148e-11
7.4663e-11,3.0126e-11,7.0805e-11
7.0406e-11,3.3417e-11,6.0013e-11
1.4185e-11,1.7103e-10,4.429e-11
7.0241e-11,3.8551e-11,1.0817e-11
7.1629e-11,4.6332e-11,8.9955e-12
8.2273e-11,3.3663e-11,1.0111e-11
7.5806e-11,4.8652e-11,1.1308e-11
8.3111e-11,3.8148e-11,1.1398e-11
1.3275e-11,1.5956e-10,5.4546e-11
6.499e-11,9.2168e-11,1.298e-11
6.2313e-11,1.0654e-10,2.225e-11
5.9513e-11,9.8681e-11,2.2339e-11
1.9988e-11,1.4067e-10,4.9527e-11
2.4386e-11,9.4408e-11,6.364e-11
2.549e-11,9.7085e-11,6.9699e-11
2.1908e-11,8.2811e-11,7.1141e-11
5.2348e-11,8.5089e-11,7.5637e-11
3.777e-11,7.5618e-11,3.0531e-11
2.8374e-11,6.4306e-11,5.3743e-11
5.3939e-11,4.0732e-11,2.3169e-11
5.2861e-11,3.6931e-11,2.0913e-11
4.7794e-11,5.4876e-11,1.7426e-11
4.4411e-11,4.7101e-11,1.415e-11
6e-11,7.2926e-11,8.6798e-11
6.1772e-11,4.3096e-11,9.3281e-11
6.6742e-11,7.3547e-11,8.0581e-11
7.5684e-11,7.9903e-11,9.3638e-11
7.8929e-11,8.067e-11,1.0103e-10
7.3608e-11,7.1637e-11,1.0643e-10
2.8117e-11,5.3392e-11,3.2098e-11
6.3561e-11,3.3747e-11,3.6197e-11
7.6973e-11,4.8599e-11,4.6167e-11
6.6535e-11,3.1456e-11,4.0933e-11
4.5489e-11,4.2869e-11,3.0426e-11
7.208e-11,2.2326e-11,6.0005e-11
4.3383e-11,3.2285e-11,3.7103e-11
5.0329e-11,3.018e-11,4.525e-11
5.5479e-11,3.0315e-11,4.5267e-11
6.871e-11,2.4928e-11,6.1538e-11
6.0458e-11,3.9516e-11,4.3877e-11
6.185e-11,2.9256e-11,5.4134e-11
8.1892e-11,2.7681e-11,8.2551e-11
7.919e-11,2.6927e-11,7.1952e-11
6.8465e-11,3.0734e-11,8.3548e-12
8.1685e-11,3.6486e-11,1.004e-11
7.3096e-11,3.2099e-11,1.3063e-11
1.7057e-11,1.5934e-10,4.121e-11
1.5227e-11,1.0668e-10,6.1826e-11
5.5404e-11,1.2165e-10,2.8926e-11
6.1767e-11,9.3066e-11,1.4628e-11
2.9334e-11,1.1063e-10,5.8084e-11
5.7909e-11,8.7883e-11,7.092e-11
5.836e-11,4.3331e-11,7.7134e-11
3.1203e-11,6.9739e-11,2.7618e-11
3.3711e-11,7.7703e-11,3.7421e-11
4.3183e-11,4.1634e-11,5.0719e-11
6.1325e-11,9.3961e-11,7.855e-11
3.1295e-11,6.5769e-11,3.4167e-11
4.0633e-11,5.0024e-11,1.7895e-11
4.7939e-11,2.6462e-11,3.6139e-11
2.7213e-11,4.9664e-11,2.7718e-11
5.6417e-11,2.0115e-11,4.3147e-11
4.8916e-11,2.3621e-11,2.8399e-11
3.8695e-11,2.4453e-11,2.8185e-11
8.9184e-11,4.302e-11,6.4101e-11
7.3262e-11,2.5734e-11,5.7494e-11
8.589e-11,3.5175e-11,8.1195e-11
6.4171e-11,3.2201e-11,5.5614e-11
7.7617e-11,3.2505e-11,8.6028e-11
1.1352e-11,1.4259e-10,5.0528e-11
1.2159e-11,1.4483e-10,3.7105e-11
1.2762e-11,1.4636e-10,4.405e-11
6.1873e-11,1e-10,1.6862e-11
6.3415e-11,8.6309e-11,1.3816e-11
1.9943e-11,1.2633e-10,4.86e-11
2.7078e-11,7.7316e-11,7.9636e-11
5.2157e-11,8.2238e-11,1.7193e-11
2.4925e-11,8.0878e-11,7.9428e-11
5.0965e-11,8.1238e-11,6.6915e-11
3.2327e-11,6.8027e-11,1.9291e-11
3.88e-11,8.5795e-11,7.5466e-11
3.1425e-11,6.2026e-11,2.7808e-11
4.684e-11,6.302e-11,7.2549e-11
4.2089e-11,4.4332e-11,2.2364e-11
6.4491e-11,2.2107e-11,6.2596e-11
5.4787e-11,3.6068e-11,2.7027e-11
5.0365e-11,3.54e-11,2.7156e-11
5.4247e-11,1.48e-11,4.5345e-11
5.6994e-11,2.9105e-11,2.9937e-11
4.6038e-11,2.2541e-11,2.7346e-11
6.9914e-11,5.0308e-11,8.0788e-11
6.701e-11,3.1514e-11,5.8899e-11
6.2584e-11,2.5243e-11,4.7939e-11
5.0464e-11,3.1898e-11,3.9066e-11
9.0674e-11,4.9066e-11,6.2576e-11
6.0418e-11,1.8518e-11,4.9494e-11
5.1428e-11,2.694e-11,3.6296e-11
7.5221e-11,3.5313e-11,6.3792e-11
5.8009e-11,3.5151e-11,4.439e-11
7.8259e-11,3.4404e-11,7.5108e-11
8.3935e-11,3.5369e-11,7.9959e-11
8.1466e-11,3.7614e-11,7.5438e-11
8.7433e-11,3.5042e-11,8.4784e-11
6.5209e-11,3.0829e-11,8.3942e-12
6.8722e-11,4.7558e-11,1.0591e-11
1.0343e-11,1.3291e-10,4.174e-11
7.0138e-11,3.0108e-11,1.228e-11
8.0441e-11,3.9996e-11,1.266e-11
6.8502e-11,8.1214e-11,1.5789e-11
2.7223e-11,7.4952e-11,6.9262e-11
2.6326e-11,1.266e-10,4.7592e-11
2.441e-11,1.1363e-10,4.5935e-11
3.168e-11,1.008e-10,4.8611e-11
2.8677e-11,1.0569e-10,5.1516e-11
3.1621e-11,8.4778e-11,3.5091e-11
3.2023e-11,5.8229e-11,4.9042e-11
5.6628e-11,5.2248e-11,6.6109e-11
5.6886e-11,4.9511e-11,1.2875e-11
5.2982e-11,3.5149e-11,1.2818e-11
5.4957e-11,4.1708e-11,1.8643e-11
3.3022e-11,6.3376e-11,1.8037e-11
5.0259e-11,2.9728e-11,1.6894e-11
3.0341e-11,6.5573e-11,3.1367e-11
4.621e-11,2.8267e-11,5.7856e-11
6.5313e-11,6.6687e-11,5.6813e-11
6.2844e-11,5.6292e-11,8.2133e-11
3.701e-11,3.456e-11,3.8707e-11
3.7578e-11,2.2578e-11,3.046e-11
8.0734e-11,5.0171e-11,5.0476e-11
4.1376e-11,2.7904e-11,3.5627e-11
5.6677e-11,2.1225e-11,4.659e-11
6.5803e-11,2.9319e-11,5.2241e-11
8.0754e-11,3.4829e-11,7.598e-11
1.4896e-11,1.27e-10,4.0835e-11
6.8103e-11,5.7382e-11,1.0776e-11
1.6919e-11,1.4404e-10,3.765e-11
6.8819e-11,2.9123e-11,8.4826e-12
7.1885e-11,4.6958e-11,1.0179e-11
1.3442e-11,7.6035e-11,7.4119e-11
1.7385e-11,1.3546e-10,3.6919e-11
9.2652e-12,1.288e-10,3.9175e-11
1.3418e-11,1.3342e-10,3.7232e-11
1.1087e-11,1.125e-10,4.0234e-11
6.4207e-11,7.8833e-11,1.2503e-11
2.1383e-11,8.3362e-11,6.2786e-11
3.0309e-11,7.2611e-11,8.8291e-11
4.197e-11,1.0365e-10,6.5068e-11
4.2684e-11,7.739e-11,6.4102e-11
5.5438e-11,5.0657e-11,6.2639e-11
4.7257e-11,1.6039e-11,6.2727e-11
5.9799e-11,2.7663e-11,2.1738e-11
5.2091e-11,5.5081e-11,6.4915e-11
2.7104e-11,4.0259e-11,3.6745e-11
5.5993e-11,6.431e-11,9.3621e-11
2.846e-11,3.9927e-11,3.2072e-11
6.1539e-11,7.2241e-11,7.4424e-11
2.6694e-11,4.1743e-11,2.5753e-11
5.5873e-11,2.2725e-11,2.5817e-11
5.5881e-11,3.9893e-11,6.7253e-11
6.1641e-11,6.1278e-11,7.7565e-11
4.6522e-11,1.867e-11,6.5265e-11
6.0291e-11,4.2723e-11,6.4322e-11
5.4e-11,2.9503e-11,3.3226e-11
3.6253e-11,2.7832e-11,2.8765e-11
6.471e-11,4.4487e-11,7.4371e-11
3.4122e-11,3.5156e-11,3.4609e-11
4.8249e-11,2.5263e-11,3.6469e-11
7.0247e-11,2.6481e-11,5.7387e-11
8.2205e-11,3.3304e-11,5.5672e-11
6.2181e-11,3.2201e-11,5.1144e-11
5.8156e-11,2.606e-11,5.2055e-11
7.4079e-11,2.1363e-11,6.8132e-11
8.192e-11,2.687e-11,7.5327e-11
6.8799e-11,5.3395e-11,9.8763e-12
1.1838e-11,1.4337e-10,3.3264e-11
1.2263e-11,1.0704e-10,4.2445e-11
1.6063e-11,7.6753e-11,7.4252e-11
2.9106e-11,7.1565e-11,6.6343e-11
1.8391e-11,1.1325e-10,4.1357e-11
1.8133e-11,1.2666e-10,3.8783e-11
6.9596e-11,8.2447e-11,1.5494e-11
1.7445e-11,7.7906e-11,7.4268e-11
4.9582e-11,1.0561e-10,1.7311e-11
3.0387e-11,1.1648e-10,5.3586e-11
3.917e-11,9.5197e-11,4.7815e-11
4.68e-11,1.0026e-10,2.8801e-11
3.1574e-11,8.5784e-11,4.2763e-11
4.176e-11,3.653e-11,3.9159e-11
5.0166e-11,4.328e-11,1.1874e-11
7.0001e-11,2.0452e-11,4.8072e-11
4.8079e-11,6.8095e-11,7.6869e-11
3.7117e-11,3.3219e-11,2.891e-11
4.9076e-11,2.9942e-11,2.8736e-11
5.111e-11,4.9962e-11,6.704e-11
6.2106e-11,3.3243e-11,3.2529e-11
2.4144e-11,4.7589e-11,2.091e-11
5.9458e-11,5.177e-11,7.77e-11
5.4219e-11,1.8287e-11,3.7338e-11
4.1542e-11,2.0069e-11,2.7816e-11
4.6497e-11,3.8943e-11,2.7968e-11
6.6656e-11,3.0892e-11,4.0691e-11
6.4041e-11,4.2881e-11,7.5358e-11
3.4355e-11,3.1366e-11,3.0236e-11
5.8513e-11,2.2095e-11,5.231e-11
5.8778e-11,2.7699e-11,5.6889e-11
8.5518e-11,3.1674e-11,5.883e-11
4.5225e-11,2.4068e-11,4.0862e-11
1.052e-11,1.0113e-10,4.3343e-11
2.6466e-11,1.2059e-10,3.3971e-11
1.4078e-11,1.3221e-10,3.4457e-11
7.8876e-11,3.6443e-11,9.4051e-12
6.8474e-11,2.781e-11,1.417e-11
1.5306e-11,1.1425e-10,3.756e-11
1.4946e-11,8.1158e-11,3.8865e-11
1.3591e-11,7.4505e-11,3.9551e-11
2.4293e-11,7.6242e-11,3.8794e-11
2.7416e-11,7.8961e-11,3.3718e-11
3.7986e-11,9.7947e-11,5.9733e-11
4.6445e-11,2.1101e-11,5.1198e-11
2.9573e-11,5.6385e-11,6.832e-11
3.0844e-11,6.0039e-11,6.538e-11
4.2842e-11,3.9532e-11,6.4347e-11
4.3666e-11,2.7362e-11,1.9346e-11
3.8117e-11,4.3131e-11,1.4674e-11
3.0923e-11,3.677e-11,5.6918e-11
4.6609e-11,5.5352e-11,6.4227e-11
3.2375e-11,4.2147e-11,2.1649e-11
5.7334e-11,4.8788e-11,6.3141e-11
5.0943e-11,2.4855e-11,3.3522e-11
4.57e-11,2.2032e-11,2.3081e-11
7.004e-11,7.3442e-11,1.0532e-10
5.7809e-11,4.0415e-11,3.8845e-11
3.4848e-11,2.8372e-11,2.5827e-11
5.3894e-11,2.4522e-11,4.8087e-11
6.2448e-11,3.8209e-11,5.757e-11
4.901e-11,2.8805e-11,4.3949e-11
5.2778e-11,2.2981e-11,4.2868e-11
5.5939e-11,2.7832e-11,5.4584e-11
8.59e-11,3.9838e-11,7.7066e-11
6.0983e-11,3.3498e-11,1.2779e-11
6.7814e-11,5.7338e-11,9.7649e-12
1.3423e-11,9.2454e-11,3.9111e-11
8.6253e-11,3.6318e-11,1.2162e-11
2.5084e-11,1.0668e-10,4.0069e-11
1.8679e-11,9.4637e-11,4.2915e-11
3.475e-11,8.5491e-11,2.8002e-11
3.8958e-11,7.917e-11,8.5288e-11
2.6677e-11,7.5504e-11,4.9188e-11
2.7895e-11,4.1192e-11,4.9848e-11
2.7787e-11,3.838e-11,5.4737e-11
4.3765e-11,3.886e-11,5.7797e-11
4.5312e-11,3.2712e-11,3.8883e-11
4.2445e-11,3.2278e-11,5.9825e-11
5.6164e-11,3.2446e-11,1.8436e-11
3.9613e-11,6.7149e-11,8.229e-11
4.8368e-11,6.6474e-11,6.0433e-11
2.8976e-11,3.3762e-11,4.7187e-11
4.6568e-11,5.1357e-11,6.2264e-11
4.4238e-11,4.8511e-11,6.3552e-11
5.9504e-11,3.5352e-11,3.695e-11
4.3755e-11,2.2831e-11,2.5898e-11
6.8247e-11,3.822e-11,4.1557e-11
5.9024e-11,5.0523e-11,6.6589e-11
3.7207e-11,2.2383e-11,2.4391e-11
6.2931e-11,3.1703e-11,3.9359e-11
6.2397e-11,4.1059e-11,7.5747e-11
3.1586e-11,3.0106e-11,2.9328e-11
7.9263e-11,3.4998e-11,5.5677e-11
5.9481e-11,2.4521e-11,3.8292e-11
3.875e-11,2.9397e-11,2.8857e-11
5.6886e-11,2.0838e-11,4.5833e-11
4.3023e-11,2.3902e-11,3.8651e-11
8.2536e-11,2.2533e-11,7.9926e-11
1.2929e-11,1.1968e-10,2.8388e-11
7.0813e-11,2.8653e-11,7.6596e-12
2.0001e-11,9.0311e-11,3.9669e-11
1.1744e-11,8.7952e-11,3.8503e-11
9.1623e-11,4.1159e-11,1.1074e-11
1.4757e-11,8.2021e-11,3.9721e-11
8.2065e-11,3.3375e-11,1.3228e-11
4.2466e-11,1.1238e-10,1.8128e-11
2.8119e-11,7.2106e-11,5.2561e-11
2.5906e-11,1.0324e-10,4.8716e-11
3.124e-11,6.709e-11,5.8811e-11
4.2471e-11,5.4647e-11,5.4771e-11
2.2922e-11,7.5906e-11,3.9896e-11
3.6561e-11,6.2134e-11,3.4868e-11
5.081e-11,5.4794e-11,1.9903e-11
2.7516e-11,2.4803e-11,4.6898e-11
2.1052e-11,4.6272e-11,3.8877e-11
5.7776e-11,3.2537e-11,1.5512e-11
5.1202e-11,4.4891e-11,5.4662e-11
4.5702e-11,5.9492e-11,7.8199e-11
4.2145e-11,6.7253e-11,6.838e-11
4.3505e-11,2.4941e-11,4.0155e-11
4.3928e-11,3.4192e-11,3.2683e-11
3.1258e-11,3.9036e-11,1.5824e-11
4.2787e-11,5.0598e-11,5.8949e-11
4.8122e-11,2.9906e-11,5.1484e-11
5.2165e-11,3.8424e-11,5.9397e-11
4.5226e-11,3.9505e-11,5.8792e-11
6.8202e-11,7.3293e-11,9.3633e-11
4.2952e-11,3.2183e-11,5.1335e-11
5.5151e-11,3.7385e-11,6.0211e-11
3.3855e-11,2.7739e-11,2.5673e-11
3.6786e-11,1.8374e-11,2.766e-11
5.547e-11,3.1283e-11,5.1015e-11
5.8322e-11,2.0536e-11,5.0676e-11
7.7713e-11,2.762e-11,5.4765e-11
4.3513e-11,3.0537e-11,4.4881e-11
5.1224e-11,2.0207e-11,4.6502e-11
7.5677e-11,3.8667e-11,7.1931e-11
7.4578e-11,2.5858e-11,8.7078e-11
8.5552e-11,2.9771e-11,9.8223e-11
7.5465e-11,2.306e-11,7.2781e-11
5.6778e-11,2.8012e-11,1.2057e-11
1.4823e-11,6.9977e-11,4.3951e-11
6.1461e-11,2.698e-11,8.6114e-12
7.1607e-11,3.5023e-11,1.2998e-11
1.6849e-11,1.1398e-10,2.9139e-11
1.6096e-11,1.2404e-10,3.0898e-11
2.3485e-11,1.0163e-10,8.2572e-11
2.6618e-11,1.0951e-10,8.3887e-11
2.2677e-11,9.703e-11,7.7418e-11
8.3312e-11,3.7233e-11,1.1822e-11
1.5002e-11,9.6994e-11,4.1108e-11
7.5781e-11,2.567e-11,8.6603e-12
3.8343e-11,1.155e-10,2.6542e-11
3.4391e-11,7.7278e-11,6.8292e-11
2.8889e-11,8.4291e-11,4.1633e-11
3.8656e-11,8.4834e-11,4.2719e-11
2.8586e-11,3.075e-11,6.6124e-11
2.5988e-11,4.9328e-11,4.4244e-11
3.9391e-11,7.0647e-11,8.1668e-11
3.5887e-11,6.2138e-11,6.2028e-11
3.4933e-11,6.3204e-11,3.8541e-11
3.678e-11,4.3751e-11,6.3021e-11
4.0636e-11,2.2742e-11,5.9915e-11
4.2998e-11,2.6013e-11,3.8084e-11
2.135e-11,5.5675e-11,2.5978e-11
3.4486e-11,3.3215e-11,1.8849e-11
4.4294e-11,2.1821e-11,4.4311e-11
5.2141e-11,6.6805e-11,8.1492e-11
2.9291e-11,3.3645e-11,4.155e-11
4.1549e-11,4.1737e-11,5.3312e-11
3.9009e-11,1.5144e-11,5.1853e-11
4.1092e-11,2.5341e-11,2.7565e-11
6.6375e-11,6.3279e-11,9.3049e-11
4.9101e-11,2.1038e-11,4.494e-11
4.8565e-11,2.7106e-11,5.5711e-11
7.005e-11,5.024e-11,8.0742e-11
7.3824e-11,3.9407e-11,5.1832e-11
6.2562e-11,4.7504e-11,7.6477e-11
3.4436e-11,2.3974e-11,2.76e-11
5.2776e-11,1.77e-11,3.921e-11
7.0189e-11,2.599e-11,5.2813e-11
6.7929e-11,4.1377e-11,8.5941e-11
6.2761e-11,2.109e-11,5.6548e-11
6.6094e-11,2.1946e-11,6.3304e-11
7.5792e-11,1.9633e-11,7.3804e-11
5.7457e-11,3.0637e-11,1.2393e-11
5.5367e-11,5.8938e-11,1.3572e-11
5.9701e-11,3.5507e-11,9.483e-12
6.7209e-11,2.8175e-11,9.7363e-12
1.2482e-11,8.2557e-11,3.4021e-11
7.9742e-11,3.242e-11,1.1373e-11
2.1032e-11,8.8058e-11,4.4011e-11
7.7912e-11,3.5203e-11,1.1789e-11
7.3538e-11,2.4984e-11,1.0123e-11
2.8871e-11,7.0397e-11,3.2387e-11
3.4988e-11,7.2187e-11,5.1165e-11
3.5946e-11,2.6246e-11,5.6217e-11
3.4322e-11,5.7345e-11,2.5392e-11
3.7044e-11,6.5229e-11,7.6016e-11
3.3223e-11,5.6126e-11,6.8362e-11
4.8502e-11,2.2083e-11,1.7498e-11
3.6867e-11,5.5219e-11,6.1284e-11
2.4972e-11,5.1508e-11,1.8014e-11
4.6203e-11,3.5003e-11,1.88e-11
4.4212e-11,7.0155e-11,8.2459e-11
4.027e-11,2.7469e-11,6.723e-11
2.2153e-11,5.1062e-11,3.5181e-11
2.5263e-11,4.4486e-11,3.0723e-11
6.2313e-11,6.7399e-11,8.7307e-11
4.8342e-11,3.0708e-11,3.5878e-11
3.4786e-11,3.4488e-11,2.8415e-11
3.5378e-11,3.4353e-11,3.0853e-11
2.4006e-11,2.938e-11,2.0069e-11
6.0005e-11,3.4386e-11,4.4396e-11
3.9438e-11,4.2108e-11,3.8071e-11
5.9577e-11,3.4283e-11,4.4996e-11
3.2751e-11,2.4874e-11,2.3528e-11
6.2147e-11,4.9658e-11,7.3549e-11
3.422e-11,2.2553e-11,2.8207e-11
5.1649e-11,2.2387e-11,3.8319e-11
6.6566e-11,2.6503e-11,4.7027e-11
4.4503e-11,2.1204e-11,3.8412e-11
3.8013e-11,2.6332e-11,3.4113e-11
5.8384e-11,3.6101e-11,7.5296e-11
6.7058e-11,4.2939e-11,9.1614e-11
4.5715e-11,2.0143e-11,4.0989e-11
5.5905e-11,2.6703e-11,5.9181e-11
7.6541e-11,4.515e-11,7.8927e-11
5.0153e-11,2.4419e-11,4.7807e-11
6.3977e-11,2.0154e-11,6.0355e-11
7.4078e-11,2.0843e-11,7.1519e-11
6.0001e-11,2.5853e-11,1.0235e-11
5.1524e-11,5.625e-11,1.1673e-11
9.8653e-12,7.5779e-11,3.7859e-11
1.7502e-11,5.3693e-11,4.3273e-11
7.6112e-11,4.5571e-11,1.3694e-11
1.3682e-11,1.1163e-10,2.8351e-11
1.5181e-11,9.3917e-11,2.9961e-11
8.749e-11,5.0585e-11,1.3982e-11
4.6117e-11,1.0646e-10,2.6525e-11
8.9923e-11,4.2589e-11,1.3189e-11
4.8494e-11,8.783e-11,1.8527e-11
6.7089e-11,2.5983e-11,1.3045e-11
1.2706e-11,5.1183e-11,3.4874e-11
2.1176e-11,9.2112e-11,4.1063e-11
2.2533e-11,8.9557e-11,4.3706e-11
1.0126e-10,3.2736e-11,1.3927e-11
3.7332e-11,8.2164e-11,7.1406e-11
9.413e-11,3.088e-11,1.2822e-11
2.9738e-11,7.437e-11,2.8321e-11
4.0913e-11,4.1328e-11,5.1514e-11
2.9157e-11,4.0047e-11,5.4716e-11
2.9182e-11,3.293e-11,6.4874e-11
2.9101e-11,4.2426e-11,5.5931e-11
3.2696e-11,5.6747e-11,5.4377e-11
2.903e-11,6.2523e-11,3.4765e-11
4.8436e-11,2.738e-11,1.5593e-11
3.1442e-11,3.1487e-11,4.1107e-11
4.1915e-11,1.8419e-11,1.7348e-11
2.725e-11,4.1502e-11,1.9975e-11
4.165e-11,4.0006e-11,5.8212e-11
2.2274e-11,3.2475e-11,2.3441e-11
3.6536e-11,2.0671e-11,3.244e-11
3.7981e-11,1.8912e-11,3.5917e-11
3.7253e-11,1.8185e-11,3.1824e-11
5.1299e-11,1.9919e-11,4.2326e-11
6.0108e-11,3.2084e-11,6.2839e-11
7.6819e-11,2.8869e-11,7.4488e-11
9.119e-11,3.6885e-11,8.8802e-11
6.5412e-11,2.395e-11,7.0104e-11
7.4651e-11,2.2216e-11,7.2886e-11
5.5128e-11,4.9232e-11,1.2651e-11
9.8735e-12,5.9425e-11,3.9324e-11
1.0178e-11,1.0154e-10,2.6765e-11
1.2791e-11,9.1172e-11,3.3588e-11
1.783e-11,4.2407e-11,4.3823e-11
1.6126e-11,9.8985e-11,3.4948e-11
1.9767e-11,9.4776e-11,3.6526e-11
1.7058e-11,7.0622e-11,3.5083e-11
1.8084e-11,8.7716e-11,3.5151e-11
7.7509e-11,2.6454e-11,1.6203e-11
2.3086e-11,8.0801e-11,3.9368e-11
2.2401e-11,4.5697e-11,5.4694e-11
2.593e-11,8.0069e-11,5.0236e-11
8.7521e-11,3.9159e-11,1.8157e-11
4.055e-11,8.1555e-11,7.8017e-11
2.9777e-11,7.713e-11,3.0754e-11
2.5339e-11,4.998e-11,4.7141e-11
2.7836e-11,6.6512e-11,4.885e-11
3.4678e-11,6.1369e-11,3.0611e-11
3.3544e-11,6.0655e-11,2.7925e-11
4.3022e-11,4.4369e-11,1.4941e-11
2.2822e-11,4.7158e-11,4.4667e-11
2.5781e-11,4.297e-11,4.6682e-11
3.0633e-11,5.646e-11,2.498e-11
3.149e-11,3.3471e-11,3.9506e-11
4.4745e-11,3.6623e-11,1.7257e-11
2.1508e-11,5.5497e-11,1.9046e-11
2.0501e-11,5.9392e-11,3.8318e-11
4.1488e-11,2.8352e-11,1.9504e-11
2.759e-11,3.7326e-11,1.476e-11
2.738e-11,4.0798e-11,2.0357e-11
4.1569e-11,3.9935e-11,6.0843e-11
3.1569e-11,2.4263e-11,2.6831e-11
5.9043e-11,2.5541e-11,4.2224e-11
3.6297e-11,1.9709e-11,3.057e-11
6.6434e-11,4.3958e-11,7.8013e-11
4.8863e-11,2.2808e-11,4.8813e-11
7.692e-11,2.4192e-11,7.3593e-11
7.9875e-11,2.9635e-11,8.628e-11
8.7415e-11,3.0986e-11,8.5715e-11
1.1518e-11,1.0573e-10,3.4196e-11
1.7803e-11,9.9177e-11,2.8991e-11
1.7007e-11,9.8845e-11,2.8825e-11
1.1821e-11,5.0618e-11,5.0174e-11
6.5021e-11,2.5943e-11,1.1043e-11
9.4654e-11,4.1105e-11,1.3554e-11
2.8854e-11,1.126e-10,7.8544e-11
1.9116e-11,6.741e-11,2.9697e-11
4.2426e-11,1.048e-10,7.9394e-11
2.6303e-11,5.0603e-11,4.6551e-11
6.9234e-11,2.7524e-11,1.8745e-11
2.6536e-11,4.5723e-11,4.8051e-11
3.0119e-11,2.8036e-11,4.7637e-11
3.4128e-11,4.3599e-11,4.3253e-11
3.2963e-11,7.8031e-11,2.3794e-11
3.6135e-11,2.9581e-11,5.861e-11
3.1626e-11,6.0213e-11,2.8909e-11
7.3135e-11,3.4661e-11,1.4785e-11
2.6668e-11,5.8708e-11,4.4908e-11
4.1068e-11,3.8245e-11,1.3815e-11
7.5555e-11,3.5257e-11,1.7256e-11
5.2178e-11,3.6521e-11,1.4099e-11
3.4513e-11,3.5528e-11,3.3709e-11
6.1566e-11,7.6602e-11,8.5488e-11
5.2069e-11,6.6914e-11,7.6517e-11
2.1164e-11,4.2822e-11,2.5006e-11
4.1285e-11,3.8737e-11,5.5075e-11
3.163e-11,1.8916e-11,4.1458e-11
2.8141e-11,4.0247e-11,2.0523e-11
4.5367e-11,4.3706e-11,6.4421e-11
2.8354e-11,4.1036e-11,3.0571e-11
6.2962e-11,5.4268e-11,7.5004e-11
3.9388e-11,1.7063e-11,2.8505e-11
3.8712e-11,1.5839e-11,4.4426e-11
3.179e-11,2.4656e-11,2.7078e-11
4.1843e-11,1.6778e-11,2.9047e-11
5.6732e-11,3.1521e-11,4.4749e-11
4.5271e-11,2.8967e-11,4.9254e-11
3.5936e-11,2.7753e-11,3.1599e-11
6.054e-11,3.8633e-11,7.0872e-11
4.0396e-11,1.7595e-11,3.2351e-11
6.5454e-11,2.6455e-11,5.9551e-11
7.272e-11,2.9592e-11,7.0903e-11
7.364e-11,2.8579e-11,6.9588e-11
5.7943e-11,2.1195e-11,5.5547e-11
8.5995e-11,3.3046e-11,8.524e-11
7.2466e-11,1.6469e-11,7.0838e-11
7.0596e-12,1.0295e-10,2.9954e-11
5.656e-11,2.1599e-11,5.8994e-12
1.5744e-11,4.4419e-11,3.8884e-11
1.5151e-11,7.5385e-11,3.5949e-11
1.1424e-11,9.5289e-11,2.9835e-11
1.4064e-11,3.8689e-11,4.3897e-11
1.5703e-11,7.654e-11,6.7414e-11
8.3956e-12,9.313e-11,2.7062e-11
1.6959e-11,9.3488e-11,3.3077e-11
1.6929e-11,6.7348e-11,5.536e-11
7.763e-11,2.6846e-11,1.3575e-11
3.1697e-11,9.3124e-11,3.6655e-11
7.7106e-11,2.458e-11,1.089e-11
1.7627e-11,4.6426e-11,3.5963e-11
3.2489e-11,7.6205e-11,2.2248e-11
3.179e-11,6.7729e-11,5.2374e-11
8.8063e-11,3.5181e-11,1.6825e-11
3.059e-11,6.0237e-11,2.9383e-11
2.7123e-11,5.2425e-11,3.9849e-11
4.1267e-11,4.75e-11,2.2719e-11
3.9325e-11,4.1148e-11,1.6556e-11
2.5219e-11,6.0613e-11,3.0616e-11
2.7617e-11,3.668e-11,5.2504e-11
6.1271e-11,3.4414e-11,2.3565e-11
1.8518e-11,5.1979e-11,2.1142e-11
2.6405e-11,3.7296e-11,1.4664e-11
3.6265e-11,4.7512e-11,5.3675e-11
3.5568e-11,3.5669e-11,4.5039e-11
5.241e-11,5.3539e-11,7.2133e-11
3.7102e-11,2.5118e-11,4.0531e-11
3.2257e-11,1.8098e-11,1.7151e-11
3.0954e-11,1.9697e-11,3.8773e-11
3.3892e-11,2.1911e-11,4.6309e-11
2.0251e-11,3.1279e-11,2.1202e-11
2.6669e-11,2.5567e-11,2.7835e-11
4.2353e-11,2.6258e-11,3.4739e-11
7.4315e-11,6.1657e-11,8.7177e-11
3.5695e-11,2.4949e-11,5.3179e-11
4.6888e-11,2.555e-11,2.9695e-11
4.043e-11,1.6111e-11,3.2156e-11
5.0849e-11,2.0329e-11,5.2411e-11
5.9373e-11,2.3744e-11,5.6188e-11
4.9502e-11,1.5715e-11,4.7648e-11
5.444e-11,4.357e-11,1.2462e-11
2.7479e-11,8.3829e-11,2.7083e-11
5.448e-11,6.05e-11,1.1263e-11
5.5622e-12,9.0117e-11,2.6014e-11
5.7791e-11,2.9789e-11,9.4845e-12
8.3152e-11,4.8965e-11,1.4117e-11
7.9663e-11,4.0567e-11,1.7244e-11
1.57e-11,3.8656e-11,3.552e-11
3.3599e-11,9.8215e-11,2.6252e-11
1.5864e-11,7.3605e-11,3.7317e-11
3.0919e-11,9.3027e-11,4.0824e-11
1.6686e-11,7.1186e-11,3.3916e-11
2.9641e-11,7.3435e-11,3.2267e-11
3.902e-11,9.9912e-11,2.9467e-11
7.2515e-11,3.2913e-11,1.6725e-11
4.4068e-11,1.2085e-10,8.1283e-11
3.7454e-11,8.8205e-11,2.7131e-11
3.8045e-11,8.623e-11,2.3871e-11
1.4832e-11,6.5933e-11,3.5651e-11
4.0532e-11,1.0324e-10,7.8835e-11
2.6815e-11,1.9703e-11,5.5994e-11
3.3196e-11,7.9434e-11,2.3847e-11
1.0118e-10,4.2074e-11,1.4012e-11
3.5062e-11,6.3107e-11,6.1331e-11
9.6698e-11,4.0787e-11,1.5037e-11
8.2355e-11,3.4805e-11,1.7633e-11
2.1336e-11,7.1864e-11,3.8195e-11
2.0323e-11,7.0855e-11,3.7603e-11
3.0751e-11,5.9861e-11,2.8521e-11
2.574e-11,5.1159e-11,4.827e-11
2.8075e-11,6.0548e-11,3.0302e-11
2.6764e-11,3.4601e-11,4.2828e-11
3.14e-11,3.5239e-11,4.762e-11
2.4669e-11,3.4754e-11,4.589e-11
3.4322e-11,3.4894e-11,5.0808e-11
3.0434e-11,4.1408e-11,4.7525e-11
4.6919e-11,4.7599e-11,6.6059e-11
2.1716e-11,4.5366e-11,2.9317e-11
5.2785e-11,5.4796e-11,7.0597e-11
3.0047e-11,2.1343e-11,1.6329e-11
5.5422e-11,5.746e-11,7.2903e-11
2.9827e-11,2.2606e-11,3.9176e-11
4.8934e-11,3.6466e-11,5.519e-11
3.1019e-11,2.5327e-11,4.2514e-11
2.7431e-11,2.0291e-11,2.1843e-11
4.9951e-11,2.9907e-11,3.7462e-11
6.3418e-11,4.2028e-11,7.3037e-11
3.7364e-11,1.9875e-11,3.2907e-11
4.4361e-11,2.0633e-11,4.3792e-11
4.5056e-11,1.6167e-11,4.2942e-11
5.1793e-11,1.4319e-11,5.0909e-11
5.1091e-11,1.8801e-11,4.9433e-11
5.0621e-11,1.9656e-11,4.7496e-11
5.7235e-11,1.3789e-11,5.6377e-11
7.2586e-11,2.7965e-11,7.266e-11
6.9698e-11,2.1954e-11,6.6786e-11
8.795e-11,3.6503e-11,8.9414e-11
7.6685e-11,1.7643e-11,8.1116e-11
8.6947e-12,4.0764e-11,3.3894e-11
1.8851e-11,6.4204e-11,2.8829e-11
9.61e-12,7.3332e-11,3.099e-11
1.4797e-11,8.9913e-11,2.405e-11
1.9731e-11,1.2694e-10,8.461e-11
8.2553e-11,4.8387e-11,1.4276e-11
8.1982e-11,5.1363e-11,1.4611e-11
2.1833e-11,5.4538e-11,3.9077e-11
7.9636e-11,3.1183e-11,1.4659e-11
1.6756e-11,4.0544e-11,4.3326e-11
3.1544e-11,2.3634e-11,4.4265e-11
1.8573e-11,5.3437e-11,3.8694e-11
2.728e-11,7.3981e-11,3.1545e-11
2.6807e-11,4.6703e-11,4.691e-11
2.8003e-11,6.4154e-11,4.3022e-11
1.8988e-11,4.1385e-11,5.1065e-11
1.9877e-11,5.0049e-11,4.5457e-11
2.517e-11,4.8994e-11,2.6648e-11
7.8195e-11,3.614e-11,1.7677e-11
3.304e-11,3.954e-11,5.3631e-11
3.4456e-11,3.3002e-11,4.4564e-11
3.7669e-11,1.8625e-11,4.3162e-11
4.0119e-11,2.7215e-11,4.1765e-11
3.1758e-11,2.0313e-11,3.612e-11
7.5636e-11,5.9344e-11,7.6719e-11
3.1882e-11,1.7587e-11,2.6906e-11
4.4358e-11,2.0232e-11,3.1086e-11
5.2589e-11,2.0253e-11,3.7772e-11
3.2808e-11,3.0341e-11,2.7567e-11
8.0339e-11,3.3262e-11,4.7372e-11
5.8727e-11,2.4795e-11,4.3543e-11
5.433e-11,3.4485e-11,6.374e-11
2.8769e-11,1.9702e-11,2.6248e-11
5.1696e-11,2.5416e-11,4.6821e-11
4.2177e-11,1.5772e-11,3.3598e-11
4.1734e-11,1.8172e-11,4.3261e-11
5.6848e-11,2.1636e-11,5.23e-11
7.1959e-11,3.9467e-11,8.5233e-11
7.6955e-11,2.8248e-11,7.6467e-11
7.6308e-11,2.5828e-11,9.1677e-11
7.6955e-11,1.6442e-11,7.9242e-11
4.9278e-11,4.7262e-11,1.2523e-11
2.1173e-11,5.3889e-11,3.0028e-11
7.269e-12,7.5988e-11,2.754e-11
1.7163e-11,4.8289e-11,2.8041e-11
1.6851e-11,7.2103e-11,2.685e-11
1.9657e-11,4.8463e-11,3.2519e-11
3.1476e-11,2.3268e-11,4.1042e-11
1.661e-11,3.6616e-11,3.2228e-11
9.021e-11,3.9493e-11,1.4452e-11
2.0138e-11,5.508e-11,3.663e-11
3.6002e-11,3.7927e-11,1.2747e-11
3.6611e-11,4.2256e-11,5.1835e-11
4.7512e-11,3.5531e-11,1.5919e-11
2.1269e-11,2.8288e-11,3.1265e-11
2.0876e-11,5.4273e-11,3.9707e-11
2.2247e-11,6.1467e-11,3.1881e-11
2.2806e-11,6.0821e-11,3.0899e-11
1.8892e-11,5.2398e-11,3.1614e-11
2.041e-11,5.8912e-11,2.9645e-11
3.0024e-11,1.7402e-11,3.7415e-11
5.5965e-11,3.2387e-11,2.1191e-11
7.5013e-11,4.3298e-11,2.2169e-11
6.2526e-11,3.8371e-11,2.4382e-11
4.3418e-11,3.7536e-11,5.8906e-11
2.9632e-11,2.2343e-11,3.6256e-11
3.2226e-11,1.9327e-11,3.637e-11
4.2251e-11,2.9295e-11,3.1685e-11
2.69e-11,2.7963e-11,2.9437e-11
4.8029e-11,1.9483e-11,3.542e-11
5.0208e-11,2.6107e-11,3.5478e-11
6.1803e-11,5.5016e-11,6.3496e-11
6.0074e-11,4.399e-11,6.8887e-11
3.763e-11,3.4339e-11,4.45e-11
3.6242e-11,1.8459e-11,3.6565e-11
3.4019e-11,1.7818e-11,2.5774e-11
5.2311e-11,2.5282e-11,5.8711e-11
4.3198e-11,1.6388e-11,4.2159e-11
5.5254e-11,1.9537e-11,6.1628e-11
7.2783e-11,2.5138e-11,7.2924e-11
7.4433e-11,1.815e-11,8.0486e-11
1.4578e-11,8.7431e-11,2.8686e-11
1.613e-11,4.1385e-11,3.0086e-11
2.1803e-11,8.278e-11,2.6547e-11
5.3972e-11,3.7554e-11,9.7571e-12
1.5128e-11,8.4913e-11,2.1235e-11
5.4908e-11,2.6832e-11,7.8278e-12
5.4311e-11,2.7135e-11,1.3794e-11
1.4069e-11,8.5637e-11,3.3626e-11
6.1043e-12,7.1615e-11,2.6898e-11
6.2628e-11,2.4988e-11,1.634e-11
4.4366e-11,8.4761e-11,2.9643e-11
3.3892e-11,6.9576e-11,5.555e-11
1.0127e-10,3.9391e-11,1.9936e-11
3.1868e-11,7.6596e-11,3.5851e-11
2.0098e-11,3.6936e-11,3.5438e-11
2.5133e-11,4.3068e-11,4.3212e-11
3.1799e-11,7.6582e-11,4.0137e-11
3.545e-11,8.2034e-11,2.2948e-11
2.6321e-11,1.8724e-11,5.4455e-11
2.9064e-11,2.2948e-11,4.6053e-11
1.9981e-11,3.5001e-11,5.3179e-11
3.0452e-11,7.1067e-11,2.249e-11
3.4097e-11,6.9511e-11,3.4061e-11
5.2277e-11,4.2784e-11,1.6359e-11
3.6379e-11,1.3617e-11,4.1996e-11
4.3359e-11,4.6141e-11,1.2826e-11
5.9306e-11,2.7641e-11,1.3966e-11
3.0951e-11,5.6053e-11,2.0912e-11
2.4867e-11,3.452e-11,4.1419e-11
2.4435e-11,4.7493e-11,4.0804e-11
5.2778e-11,2.8192e-11,1.5198e-11
1.9371e-11,4.9682e-11,2.8958e-11
3.7692e-11,2.9529e-11,1.4466e-11
7.0595e-11,3.5342e-11,1.7858e-11
3.4541e-11,3.6957e-11,4.5154e-11
3.0844e-11,3.8787e-11,1.6831e-11
2.7868e-11,3.0857e-11,4.4223e-11
3.1723e-11,3.7349e-11,4.9977e-11
3.4139e-11,3.5095e-11,4.5196e-11
3.2032e-11,3.6881e-11,2.2176e-11
2.2485e-11,4.5324e-11,3.9412e-11
3.2679e-11,2.2903e-11,4.0861e-11
3.2485e-11,1.4699e-11,3.5303e-11
4.0435e-11,1.6788e-11,3.4533e-11
6.3321e-11,2.8695e-11,5.1964e-11
2.6681e-11,1.9744e-11,2.3085e-11
5.9032e-11,2.0491e-11,4.3827e-11
6.368e-11,4.895e-11,7.1064e-11
2.8584e-11,2.2019e-11,2.4593e-11
4.1208e-11,1.8432e-11,3.5717e-11
5.3906e-11,1.4181e-11,5.2364e-11
8.0823e-11,3.3807e-11,8.3643e-11
7.4803e-11,2.1444e-11,8.3891e-11
7.5643e-11,1.6155e-11,7.6779e-11
2.3806e-11,7.9564e-11,2.5719e-11
5.4824e-11,2.5239e-11,7.3067e-12
5.5237e-11,4.4378e-11,1.0776e-11
1.631e-11,7.9231e-11,2.2385e-11
2.4119e-11,1.2162e-10,7.0911e-11
7.0047e-11,3.1212e-11,1.2998e-11
3.1912e-11,1.188e-10,7.3981e-11
7.7088e-11,4.3472e-11,1.6466e-11
7.1443e-11,2.9337e-11,1.1283e-11
8.5242e-11,4.191e-11,1.3796e-11
2.1168e-11,3.789e-11,3.6892e-11
2.444e-11,6.7991e-11,4.9554e-11
2.2871e-11,4.8017e-11,3.0858e-11
2.8151e-11,4.7339e-11,3.1022e-11
7.0864e-11,3.5696e-11,2.0095e-11
9.0821e-11,3.6122e-11,2.0192e-11
3.3614e-11,4.5021e-11,5.22e-11
4.6817e-11,3.3124e-11,2.0532e-11
6.1338e-11,9.2017e-11,7.9707e-11
2.8101e-11,2.6881e-11,4.2759e-11
2.3567e-11,2.6958e-11,3.0363e-11
1.8742e-11,2.8779e-11,2.4456e-11
2.9585e-11,3.2031e-11,2.468e-11
2.7423e-11,2.9468e-11,1.7969e-11
7.3567e-11,3.6659e-11,2.1599e-11
2.2792e-11,4.5857e-11,3.7122e-11
5.8973e-11,3.1785e-11,2.6357e-11
4.2012e-11,2.8209e-11,2.6599e-11
2.8074e-11,1.5031e-11,3.7426e-11
3.2845e-11,1.9929e-11,3.989e-11
5.553e-11,3.7614e-11,6.0668e-11
3.7008e-11,3.2025e-11,4.9365e-11
6.5793e-11,3.7254e-11,3.6534e-11
8.1673e-11,4.1687e-11,4.3807e-11
2.924e-11,2.4158e-11,2.5738e-11
3.7019e-11,1.9903e-11,3.7316e-11
5.2997e-11,3.5834e-11,6.2254e-11
2.8828e-11,1.5628e-11,2.7813e-11
6.1906e-11,2.0754e-11,5.1442e-11
5.0977e-11,1.7298e-11,5.0403e-11
6.69e-11,2.345e-11,6.999e-11
7.6749e-11,2.018e-11,9.0669e-11
6.4563e-11,1.6597e-11,6.4891e-11
1.0854e-11,7.0422e-11,2.2889e-11
5.4063e-11,4.1655e-11,9.6576e-12
6.2814e-11,2.3213e-11,1.3896e-11
5.3927e-11,2.2981e-11,7.417e-12
4.9692e-11,6.5131e-11,1.1471e-11
2.4022e-11,7.7166e-11,2.9554e-11
5.8772e-11,2.3661e-11,1.5127e-11
5.0688e-11,6.8069e-11,1.4528e-11
6.6428e-12,7.9365e-11,2.6208e-11
1.2227e-11,6.1953e-11,2.3854e-11
2.1753e-11,5.6425e-11,2.7007e-11
6.2597e-11,4.5396e-11,1.2528e-11
6.8555e-11,5.1104e-11,1.7831e-11
1.4924e-11,3.9003e-11,4.5765e-11
3.8151e-11,3.5809e-11,3.1702e-11
8.0766e-11,4.9042e-11,1.8939e-11
1.5033e-11,4.2658e-11,2.735e-11
3.4132e-11,5.7246e-11,2.8278e-11
3.0677e-11,9.3608e-11,2.6683e-11
3.3933e-11,3.5756e-11,3.1398e-11
4.5465e-11,1.2441e-10,7.655e-11
2.2464e-11,3.0205e-11,4.2141e-11
6.6775e-11,2.2876e-11,1.0332e-11
7.3172e-11,2.9214e-11,1.4797e-11
1.8505e-11,3.7128e-11,4.7378e-11
6.1684e-11,2.1938e-11,1.138e-11
5.2859e-11,2.7259e-11,2.0129e-11
9.4582e-11,3.5578e-11,2.0641e-11
4.8058e-11,1.1652e-10,7.7434e-11
1.7007e-11,5.578e-11,2.7883e-11
2.5183e-11,5.5988e-11,3.2653e-11
7.1565e-11,3.0635e-11,1.1716e-11
1.8328e-11,4.998e-11,2.7329e-11
3.5805e-11,6.5083e-11,5.8507e-11
3.4471e-11,5.0791e-11,1.571e-11
3.0049e-11,3.2127e-11,4.1936e-11
4.6581e-11,2.1533e-11,1.4433e-11
3.2032e-11,3.2661e-11,4.1689e-11
4.9401e-11,4.0942e-11,2.1791e-11
2.1091e-11,5.804e-11,2.7931e-11
9.439e-11,3.8172e-11,1.4564e-11
1.003e-10,4.0191e-11,1.6104e-11
2.3501e-11,6.0481e-11,3.0253e-11
4.1004e-11,3.5011e-11,1.5464e-11
1.7426e-11,5.2406e-11,3.7796e-11
2.4363e-11,6.6705e-11,3.6148e-11
2.6104e-11,3.6805e-11,4.2228e-11
3.3144e-11,1.8742e-11,1.8641e-11
3.1179e-11,3.3194e-11,4.1596e-11
3.6191e-11,3.3893e-11,1.7448e-11
2.7053e-11,1.8687e-11,4.3776e-11
2.5818e-11,3.0654e-11,2.3774e-11
1.7108e-11,2.7731e-11,2.0199e-11
3.2107e-11,2.822e-11,4.0291e-11
8.1037e-11,4.414e-11,3.2811e-11
3.2808e-11,1.5639e-11,3.8866e-11
7.6622e-11,3.8827e-11,3.3395e-11
3.371e-11,1.6657e-11,2.9906e-11
6.7035e-11,3.9494e-11,3.8644e-11
6.3337e-11,4.0753e-11,4.3297e-11
2.355e-11,2.1487e-11,2.7767e-11
3.3109e-11,1.3842e-11,2.6446e-11
7.0946e-11,2.4789e-11,5.2554e-11
4.1781e-11,2.841e-11,4.5179e-11
6.8251e-11,2.5685e-11,5.1815e-11
7.3602e-11,4.6978e-11,7.9473e-11
4.9816e-11,1.8612e-11,5.5192e-11
5.9763e-11,1.9547e-11,6.8676e-11
5.3401e-11,3.6224e-11,1.0746e-11
1.2133e-11,4.5789e-11,2.5471e-11
1.1342e-11,8.0206e-11,2.5216e-11
5.1333e-11,5.9008e-11,1.168e-11
4.3953e-11,7.0473e-11,1.2006e-11
1.9183e-11,6.8982e-11,3.0802e-11
1.8354e-11,5.9854e-11,2.499e-11
6.3185e-11,5.0354e-11,2.0335e-11
2.1039e-11,5.1871e-11,2.2e-11
1.1105e-11,6.9291e-11,2.7167e-11
8.7892e-12,5.9292e-11,2.7297e-11
1.5124e-11,5.2406e-11,4.349e-11
4.9143e-11,6.2612e-11,2.248e-11
8.0604e-11,3.1418e-11,1.1395e-11
1.6921e-11,4.7467e-11,5.067e-11
6.4723e-11,2.4271e-11,2.3412e-11
2.2689e-11,2.3623e-11,5.1149e-11
4.434e-11,7.0323e-11,2.9034e-11
6.1834e-11,2.4723e-11,1.088e-11
7.301e-11,2.918e-11,1.3887e-11
4.9901e-11,8.0563e-11,2.6117e-11
6.3817e-11,2.91e-11,1.2632e-11
2.044e-11,2.5186e-11,5.2776e-11
5.4412e-11,1.08e-10,7.9984e-11
8.3572e-11,4.2562e-11,2.24e-11
3.1509e-11,4.6134e-11,3.8665e-11
1.9528e-11,3.435e-11,3.7575e-11
1.8718e-11,4.8211e-11,2.4684e-11
4.9763e-11,6.9564e-11,6.3242e-11
2.7556e-11,1.7189e-11,4.0938e-11
1.8654e-11,2.7689e-11,2.562e-11
2.9446e-11,3.7364e-11,2.1835e-11
5.5612e-11,2.8565e-11,3.0223e-11
2.2764e-11,3.296e-11,2.0999e-11
6.5502e-11,3.6291e-11,3.1824e-11
6.8491e-11,3.455e-11,3.9129e-11
3.0609e-11,1.6942e-11,2.2078e-11
2.2262e-11,2.3241e-11,2.3957e-11
2.9137e-11,1.6336e-11,2.8797e-11
8.2362e-11,4.5735e-11,6.2306e-11
5.7972e-11,5.232e-11,6.1975e-11
4.2336e-11,3.2106e-11,4.6732e-11
7.5698e-11,5.4902e-11,6.5949e-11
4.8894e-11,3.708e-11,5.6232e-11
3.5627e-11,1.5742e-11,3.719e-11
3.2119e-11,1.3234e-11,3.2844e-11
4.4942e-11,2.3214e-11,5.4576e-11
6.7369e-11,2.1202e-11,5.503e-11
6.2398e-11,2.5809e-11,6.0992e-11
7.1902e-11,1.6972e-11,8.6766e-11
6.6724e-11,1.4618e-11,7.5648e-11
1.0604e-11,7.5548e-11,2.7032e-11
1.4301e-11,6.8073e-11,2.0333e-11
1.3718e-11,7.6698e-11,2.1911e-11
5.9822e-11,4.2927e-11,1.378e-11
6.5481e-11,5.0455e-11,1.5425e-11
1.755e-11,2.7093e-11,3.9213e-11
5.869e-11,6.4724e-11,1.8569e-11
1.7386e-11,6.2555e-11,3.1498e-11
2.5191e-11,3.0152e-11,2.8826e-11
2.7534e-11,4.109e-11,4.5835e-11
5.5334e-11,2.3078e-11,1.2952e-11
1.0051e-10,3.7727e-11,1.8102e-11
3.8129e-11,8.2159e-11,2.2669e-11
4.2836e-11,5.3414e-11,1.4946e-11
3.8883e-11,7.9152e-11,2.6547e-11
4.5605e-11,1.1393e-10,7.1827e-11
3.3296e-11,6.7278e-11,5.0714e-11
6.3951e-11,2.8611e-11,1.1637e-11
1.6409e-11,4.6079e-11,4.8788e-11
7.1375e-11,2.6558e-11,1.5714e-11
2.7909e-11,5.7068e-11,3.1051e-11
4.225e-11,2.8295e-11,1.5693e-11
2.3186e-11,5.3091e-11,2.1829e-11
2.5059e-11,5.2145e-11,2.0041e-11
2.3131e-11,4.7864e-11,1.823e-11
9.9507e-11,4.5768e-11,2.0604e-11
3.0501e-11,5.0277e-11,1.8605e-11
8.6701e-11,3.9431e-11,1.6217e-11
1.9058e-11,5.4521e-11,2.4849e-11
3.4629e-11,3.7995e-11,4.3892e-11
6.4613e-11,2.8776e-11,2.6601e-11
2.4407e-11,2.8522e-11,2.1305e-11
7.0456e-11,8.2773e-11,8.0955e-11
2.2395e-11,2.4647e-11,1.8384e-11
7.7217e-11,3.8916e-11,3.4751e-11
7.6978e-11,4.41e-11,4.0214e-11
2.3787e-11,1.5596e-11,2.0566e-11
6.4471e-11,3.2356e-11,5.0251e-11
8.7927e-11,4.9619e-11,5.9982e-11
7.287e-11,6.1414e-11,6.7522e-11
3.7401e-11,3.223e-11,4.3826e-11
3.4003e-11,1.2767e-11,2.81e-11
2.8955e-11,2.2291e-11,2.7105e-11
2.8445e-11,1.4062e-11,2.6736e-11
3.5962e-11,1.4077e-11,3.0895e-11
3.3701e-11,2.4291e-11,3.1118e-11
6.571e-11,4.2693e-11,7.1885e-11
4.1212e-11,1.7322e-11,4.1797e-11
6.5951e-11,1.1357e-11,7.169e-11
7.1258e-11,1.2308e-11,7.7598e-11
2.8109e-11,6.7984e-11,3.2072e-11
3.869e-11,6.6482e-11,1.2104e-11
4.7905e-11,3.116e-11,1.1995e-11
4.1488e-11,6.6041e-11,1.2642e-11
1.904e-11,5.8602e-11,4.2043e-11
1.7766e-11,5.5236e-11,2.1041e-11
5.3676e-11,5.405e-11,1.6056e-11
1.3485e-11,3.4347e-11,2.3743e-11
7.6714e-11,3.6517e-11,1.1681e-11
4.3556e-11,1.0233e-10,3.897e-11
6.4204e-11,2.2978e-11,1.5289e-11
3.1347e-11,9.5679e-11,2.2412e-11
3.9158e-11,9.9973e-11,4.7307e-11
1.5746e-11,5.7751e-11,3.0502e-11
4.7374e-11,5.5099e-11,1.5869e-11
5.221e-11,8.4938e-11,2.9469e-11
1.6706e-11,2.3104e-11,3.8305e-11
2.1347e-11,5.1138e-11,2.7024e-11
1.769e-11,4.7148e-11,3.8085e-11
3.6591e-11,7.0813e-11,2.5169e-11
2.1168e-11,3.6656e-11,4.1946e-11
7.087e-11,2.6225e-11,2.0523e-11
7.58e-11,3.3201e-11,2.0865e-11
2.2244e-11,4.1051e-11,4.3436e-11
2.6755e-11,3.0297e-11,4.5656e-11
2.4773e-11,5.3715e-11,2.3839e-11
2.1094e-11,3.1908e-11,4.2725e-11
2.188e-11,5.2844e-11,2.2072e-11
1.8822e-11,5.7012e-11,2.7275e-11
1.9166e-11,3.5217e-11,2.9848e-11
3.8996e-11,3.6386e-11,1.8116e-11
4.2283e-11,4.8054e-11,2.7831e-11
5.7442e-11,8.4306e-11,7.7382e-11
2.6791e-11,2.0147e-11,3.716e-11
3.1526e-11,1.5436e-11,3.6764e-11
2.2762e-11,1.889e-11,3.1877e-11
3.2202e-11,2.4844e-11,2.254e-11
6.0225e-11,7.4998e-11,6.7334e-11
2.6643e-11,1.8135e-11,3.1602e-11
5.8412e-11,3.1982e-11,3.0134e-11
7.3206e-11,7.5263e-11,8.3074e-11
5.1459e-11,2.6423e-11,3.5042e-11
5.4997e-11,3.8838e-11,5.6838e-11
3.1663e-11,2.5004e-11,2.4582e-11
7.3477e-11,4.4575e-11,4.9009e-11
3.9863e-11,1.4161e-11,2.5272e-11
2.7975e-11,1.9925e-11,2.6912e-11
3.3509e-11,2.366e-11,3.8499e-11
4.4253e-11,2.3125e-11,4.1608e-11
3.9729e-11,8.1987e-12,4.2063e-11
7.3287e-11,1.5354e-11,8.3166e-11
7.0644e-11,1.225e-11,7.778e-11
1.2596e-11,7.3234e-11,2.1673e-11
3.6762e-11,6.6487e-11,1.1804e-11
1.5649e-11,4.7527e-11,3.8066e-11
1.0502e-11,3.3115e-11,3.8173e-11
1.3208e-11,7.2262e-11,2.3597e-11
4.6779e-11,3.4589e-11,1.2519e-11
6.4464e-11,4.8673e-11,1.5282e-11
1.4774e-11,6.1428e-11,2.7815e-11
5.2614e-11,6.2545e-11,1.6255e-11
5.3884e-11,5.9831e-11,1.0768e-11
5.4724e-11,5.5634e-11,1.78e-11
1.5603e-11,6.2209e-11,2.6475e-11
2.3208e-11,6.0245e-11,4.0987e-11
2.6901e-11,5.5802e-11,3.9304e-11
3.4222e-11,9.7636e-11,2.1657e-11
2.8e-11,1.5883e-11,4.1583e-11
2.1205e-11,2.3416e-11,4.4819e-11
2.6066e-11,5.8333e-11,3.9997e-11
2.9479e-11,8.9416e-11,4.7263e-11
2.9327e-11,9.3124e-11,3.5592e-11
5.2818e-11,6.0159e-11,1.4898e-11
3.3703e-11,7.8681e-11,4.9417e-11
2.592e-11,5.7064e-11,4.0154e-11
2.8776e-11,9.2799e-11,2.6057e-11
3.8484e-11,7.7493e-11,1.8262e-11
4.0887e-11,6.791e-11,1.4507e-11
2.9579e-11,5.6457e-11,4.3989e-11
3.9677e-11,7.7861e-11,2.9202e-11
2.814e-11,6.0417e-11,2.4633e-11
3.0121e-11,5.7013e-11,2.7922e-11
4.9005e-11,1.9373e-11,1.351e-11
5.0061e-11,9.7691e-11,7.0834e-11
2.8274e-11,5.726e-11,2.8776e-11
2.859e-11,5.6951e-11,2.4083e-11
1.9076e-11,1.7352e-11,4.9261e-11
4.5383e-11,4.0995e-11,1.9955e-11
2.215e-11,2.6916e-11,4.2826e-11
2.1981e-11,4.8829e-11,1.9025e-11
5.9887e-11,2.6325e-11,1.6441e-11
2.5953e-11,2.7511e-11,3.4243e-11
5.4308e-11,3.0724e-11,1.8049e-11
3.9681e-11,2.1201e-11,1.6455e-11
7.6832e-11,3.7755e-11,1.4563e-11
8.5022e-11,3.4405e-11,2.0554e-11
6.1927e-11,3.1359e-11,1.4137e-11
1.9232e-11,5.2966e-11,2.6576e-11
3.6751e-11,1.7319e-11,1.5872e-11
6.1979e-11,3.4484e-11,2.16e-11
2.4554e-11,1.9769e-11,3.1936e-11
4.5762e-11,2.2974e-11,2.2495e-11
3.4768e-11,3.0051e-11,4.0545e-11
7.4623e-11,3.8748e-11,2.5406e-11
6.22e-11,2.9825e-11,5.0917e-11
8.3717e-11,5.3766e-11,7.1822e-11
8.5843e-11,4.0328e-11,6.1552e-11
5.9098e-11,2.1107e-11,4.4367e-11
4.2039e-11,2.0962e-11,3.3862e-11
4.3584e-11,2.7382e-11,4.8735e-11
4.3377e-11,2.9353e-11,5.0036e-11
6.2513e-11,2.1581e-11,4.8387e-11
3.6676e-11,9.1583e-12,3.477e-11
5.2226e-11,2.3018e-11,5.3791e-11
5.1324e-11,1.2518e-11,4.5441e-11
5.9562e-11,1.1258e-11,6.4061e-11
8.0029e-11,1.9393e-11,7.8068e-11
7.6007e-11,1.1579e-11,6.6538e-11
7.4126e-11,1.9824e-11,8.7729e-11
6.8877e-11,1.5667e-11,8.1695e-11
3.5841e-11,5.4338e-11,1.1429e-11
3.6862e-11,7.3363e-11,1.2901e-11
1.8014e-11,4.8706e-11,3.7513e-11
4.5573e-11,3.4304e-11,1.5935e-11
1.7748e-11,8.3217e-11,5.1661e-11
5.9125e-11,4.1736e-11,1.592e-11
5.3568e-11,5.9583e-11,1.4899e-11
6.2378e-11,5.4519e-11,1.5445e-11
6.4745e-11,2.0857e-11,1.4522e-11
1.668e-11,5.4895e-11,3.1483e-11
1.1075e-11,5.4765e-11,2.6969e-11
3.5967e-11,9.6737e-11,4.652e-11
1.7167e-11,4.3947e-11,2.3971e-11
1.9176e-11,4.441e-11,3.457e-11
8.5706e-11,3.6393e-11,1.6422e-11
2.9494e-11,6.642e-11,2.8004e-11
1.6923e-11,3.6193e-11,3.9814e-11
2.9957e-11,7.8649e-11,4.7629e-11
2.5674e-11,6.3869e-11,3.5091e-11
5.2455e-11,9.0414e-11,7.5721e-11
2.2147e-11,1.8212e-11,5.02e-11
6.2349e-11,3.6367e-11,2.1717e-11
3.0238e-11,1.8776e-11,1.8558e-11
2.3748e-11,1.4417e-11,3.5957e-11
3.8501e-11,3.2169e-11,4.7424e-11
1.4833e-11,2.6498e-11,1.894e-11
2.4057e-11,2.1581e-11,3.4334e-11
5.2803e-11,2.5573e-11,3.9389e-11
2.9413e-11,2.1289e-11,3.567e-11
8.4413e-11,4.1736e-11,7.0898e-11
4.815e-11,2.9146e-11,5.0292e-11
3.2587e-11,1.449e-11,3.5649e-11
3.2999e-11,1.2438e-11,3.0636e-11
5.2359e-11,2.3285e-11,5.4092e-11
5.6113e-11,1.7418e-11,4.9977e-11
3.5541e-11,7.9025e-12,3.6638e-11
5.7949e-11,2.3206e-11,6.0141e-11
6.3744e-11,1.824e-11,5.5964e-11
8.6037e-11,2.3033e-11,8.3715e-11
7.5807e-11,9.2209e-12,7.9384e-11
4.5875e-11,4.274e-11,1.3512e-11
1.9144e-11,3.2128e-11,2.9122e-11
6.0042e-11,2.315e-11,8.4552e-12
1.6818e-11,6.6568e-11,4.8254e-11
5.5151e-11,3.0517e-11,1.6846e-11
1.3866e-11,3.4364e-11,3.5907e-11
4.9766e-11,5.1974e-11,1.4605e-11
5.1687e-11,3.1039e-11,2.1303e-11
4.9632e-11,4.134e-11,1.4745e-11
4.474e-11,5.8196e-11,1.4692e-11
3.3739e-11,1.054e-10,4.8725e-11
6.657e-11,3.3345e-11,1.3543e-11
3.6294e-11,8.581e-11,5.5895e-11
5.5983e-11,3.8008e-11,1.2895e-11
3.177e-11,7.0778e-11,1.9837e-11
4.2731e-11,3.0125e-11,1.163e-11
2.8747e-11,4.2285e-11,3.8954e-11
2.0116e-11,3.5992e-11,2.6553e-11
2.2276e-11,2.8795e-11,4.048e-11
4.1099e-11,1.8335e-11,1.4479e-11
6.5387e-11,2.6659e-11,1.6371e-11
4.6062e-11,2.2119e-11,1.3663e-11
7.1169e-11,3.5581e-11,2.3456e-11
2.2161e-11,5.1864e-11,2.3764e-11
3.3136e-11,3.0297e-11,1.6741e-11
9.3809e-11,3.7291e-11,2.0855e-11
1.7397e-11,1.1931e-11,4.6068e-11
3.6467e-11,4.4436e-11,2.6873e-11
3.7953e-11,4.3422e-11,2.6244e-11
1.833e-11,5.2494e-11,2.3456e-11
3.9259e-11,4.8706e-11,2.9774e-11
1.5559e-11,3.3663e-11,3.3738e-11
3.4624e-11,4.2441e-11,4.1112e-11
3.5112e-11,3.9312e-11,2.1811e-11
2.1185e-11,1.5559e-11,4.5916e-11
2.7464e-11,1.4428e-11,1.526e-11
1.5195e-11,2.6777e-11,2.3237e-11
2.2815e-11,1.0685e-11,2.83e-11
4.4898e-11,2.8104e-11,2.9369e-11
4.0125e-11,2.2034e-11,2.9084e-11
2.6458e-11,2.4341e-11,3.54e-11
7.4043e-11,6.1195e-11,7.4244e-11
5.37e-11,2.8664e-11,3.9062e-11
2.4379e-11,2.4077e-11,2.3797e-11
7.2919e-11,5.0327e-11,6.1173e-11
8.0048e-11,3.8416e-11,5.6364e-11
3.0737e-11,1.8716e-11,3.6505e-11
7.4286e-11,5.9938e-11,6.5256e-11
3.0982e-11,1.3296e-11,3.2396e-11
4.2863e-11,2.0296e-11,3.5096e-11
4.103e-11,1.5433e-11,3.9284e-11
8.396e-11,1.1802e-11,7.0254e-11
2.6428e-11,4.0404e-11,4.1493e-11
3.3129e-11,6.3905e-11,1.1512e-11
1.4143e-11,6.6875e-11,2.2967e-11
5.4102e-11,2.2673e-11,1.7593e-11
5.3613e-11,2.6843e-11,1.5513e-11
3.6358e-11,7.3806e-11,1.5254e-11
2.0243e-11,8.3406e-11,5.0463e-11
5.6744e-11,6.8728e-11,1.9302e-11
3.3189e-11,7.6104e-11,3.2e-11
3.7016e-11,9.3658e-11,2.4089e-11
5.5315e-11,2.3457e-11,1.6013e-11
5.0432e-11,3.145e-11,1.7367e-11
3.7206e-11,3.5316e-11,1.3716e-11
4.212e-11,2.6976e-11,1.1763e-11
2.0688e-11,2.2584e-11,2.8771e-11
6.7242e-11,2.9732e-11,2.2274e-11
2.3116e-11,5.773e-11,2.8823e-11
2.8204e-11,4.824e-11,2.0782e-11
3.7421e-11,4.7466e-11,4.3022e-11
8.7489e-11,3.7673e-11,1.8731e-11
4.4391e-11,2.2533e-11,1.8719e-11
2.2231e-11,1.8266e-11,4.6728e-11
1.4123e-11,3.3617e-11,3.044e-11
1.6745e-11,4.9811e-11,2.4739e-11
5.5598e-11,8.2925e-11,7.3084e-11
2.2536e-11,2.2755e-11,3.0381e-11
2.2365e-11,1.7578e-11,3.1694e-11
5.3715e-11,6.4064e-11,6.1449e-11
3.3031e-11,2.7253e-11,4.2633e-11
4.3599e-11,2.7446e-11,2.1779e-11
7.1372e-11,4.567e-11,3.1205e-11
5.8707e-11,5.9999e-11,6.2524e-11
6.5689e-11,3.3046e-11,3.7449e-11
5.1639e-11,2.3545e-11,3.6014e-11
7.8986e-11,5.865e-11,7.8202e-11
7.3436e-11,5.6808e-11,6.4804e-11
3.2911e-11,1.8484e-11,2.8786e-11
2.426e-11,3.5958e-11,3.3471e-11
5.8525e-11,1.9279e-11,4.5472e-11
4.0248e-11,2.5048e-11,3.8155e-11
4.055e-11,2.9255e-11,4.5025e-11
3.3384e-11,1.6104e-11,3.252e-11
5.8575e-11,1.701e-11,4.5135e-11
5.1429e-11,2.1892e-11,5.4306e-11
6.9639e-11,2.2927e-11,7.3011e-11
5.6968e-11,1.3537e-11,6.537e-11
7.9148e-11,2.8838e-11,8.3276e-11
5.676e-11,1.312e-11,6.5079e-11
7.1532e-11,1.5356e-11,8.0553e-11
4.1022e-11,4.5908e-11,1.2595e-11
3.572e-11,5.4346e-11,1.8012e-11
3.4199e-11,4.1614e-11,3.5014e-11
4.7824e-11,3.8081e-11,1.4678e-11
5.8346e-11,5.6702e-11,2.1899e-11
3.7584e-11,6.4013e-11,1.3839e-11
1.8425e-11,4.209e-11,2.3443e-11
5.2036e-11,4.2309e-11,1.6909e-11
3.4595e-11,1.2931e-10,7.3389e-11
4.2762e-11,7.9966e-11,2.2273e-11
5.8693e-11,2.4727e-11,1.3907e-11
3.8621e-11,8.8941e-11,3.4768e-11
5.3302e-11,6.5748e-11,1.6803e-11
2.6853e-11,7.4438e-11,4.7507e-11
4.3075e-11,6.0659e-11,1.3275e-11
2.5569e-11,4.48e-11,3.3642e-11
3.7004e-11,1.0833e-10,6.7641e-11
2.2306e-11,5.4052e-11,3.5277e-11
5.1511e-11,6.5193e-11,3.0381e-11
2.3871e-11,2.2017e-11,3.3487e-11
5.1246e-11,4.6607e-11,1.3471e-11
8.6515e-12,3.5519e-11,2.0189e-11
2.8247e-11,5.9091e-11,4.3098e-11
4.9647e-11,5.7951e-11,1.4043e-11
1.049e-11,3.0266e-11,2.0102e-11
2.9809e-11,8.6648e-11,3.7836e-11
4.0662e-11,3.4339e-11,1.4543e-11
2.0943e-11,4.6192e-11,3.1824e-11
7.0925e-11,2.8858e-11,2.1536e-11
4.8705e-11,1.0141e-10,7.4406e-11
2.9984e-11,5.4526e-11,3.0817e-11
7.3811e-11,3.3672e-11,1.9431e-11
2.6456e-11,3.039e-11,3.1944e-11
1.9183e-11,2.3298e-11,3.7624e-11
6.9425e-11,3.8492e-11,2.302e-11
1.992e-11,2.6441e-11,4.3737e-11
2.076e-11,2.0665e-11,2.9168e-11
3.314e-11,4.254e-11,2.6123e-11
6.4719e-11,3.0974e-11,2.2429e-11
1.6348e-11,3.6359e-11,3.1893e-11
5.436e-11,7.5808e-11,6.7678e-11
3.7147e-11,4.4205e-11,4.0461e-11
6.652e-11,3.4726e-11,2.5943e-11
3.112e-11,2.6215e-11,3.378e-11
7.647e-11,4.4143e-11,3.2322e-11
3.203e-11,1.4811e-11,1.5494e-11
2.518e-11,2.3238e-11,3.2268e-11
2.4607e-11,1.5092e-11,3.226e-11
6.5125e-11,7.2746e-11,7.3896e-11
3.6071e-11,2.1617e-11,3.7131e-11
2.2453e-11,1.4832e-11,2.5736e-11
2.819e-11,2.0952e-11,3.3313e-11
7.4354e-11,6.0597e-11,7.2585e-11
2.044e-11,2.908e-11,2.4885e-11
2.735e-11,1.4986e-11,2.6872e-11
3.2285e-11,1.1664e-11,2.7013e-11
1.9912e-11,1.0564e-11,2.0582e-11
4.0174e-11,1.9923e-11,3.4909e-11
2.6069e-11,1.55e-11,2.513e-11
7.1777e-11,1.8612e-11,5.5788e-11
5.1064e-11,9.3367e-12,4.4945e-11
4.4457e-11,1.6073e-11,5.1827e-11
4.7101e-11,1.5702e-11,5.3083e-11
7.5783e-11,9.0514e-12,7.8391e-11
1.122e-11,4.5164e-11,2.1169e-11
2.5749e-11,5.3401e-11,2.6588e-11
1.7653e-11,7.086e-11,2.4527e-11
3.3056e-11,5.1449e-11,1.0942e-11
3.8635e-11,3.8996e-11,1.3204e-11
8.749e-12,2.6423e-11,2.4898e-11
1.5055e-11,6.818e-11,2.2213e-11
4.3178e-11,3.8377e-11,1.2515e-11
3.4842e-11,5.6427e-11,1.417e-11
6.3563e-11,2.5641e-11,1.2307e-11
1.5072e-11,3.2557e-11,3.703e-11
1.6531e-11,1.1517e-11,3.8329e-11
1.8992e-11,3.3423e-11,3.104e-11
9.6082e-12,4.0923e-11,2.0561e-11
2.6151e-11,2.4194e-11,4.5504e-11
1.2494e-11,2.1011e-11,2.4769e-11
1.8985e-11,4.5472e-11,3.6378e-11
4.1301e-11,4.9307e-11,1.1696e-11
4.2553e-11,8.9629e-11,6.6077e-11
3.3747e-11,5.9115e-11,2.0538e-11
1.95e-11,2.2491e-11,4.8987e-11
2.9125e-11,2.2373e-11,4.341e-11
3.6321e-11,5.5068e-11,1.9274e-11
6.5719e-11,3.8693e-11,2.5056e-11
4.3077e-11,6.6808e-11,5.5784e-11
2.6108e-11,1.4706e-11,4.0966e-11
4.3527e-11,4.1831e-11,2.5808e-11
5.5992e-11,2.1893e-11,1.318e-11
5.4555e-11,2.2995e-11,1.1491e-11
3.6527e-11,3.9817e-11,2.2446e-11
2.1445e-11,1.4926e-11,3.7447e-11
5.0725e-11,3.3582e-11,1.4826e-11
2.8001e-11,3.608e-11,2.811e-11
2.6617e-11,3.5915e-11,2.8113e-11
6.1651e-11,3.582e-11,3.0209e-11
4.5941e-11,2.3182e-11,2.1254e-11
5.6729e-11,3.3479e-11,2.5713e-11
8.2516e-11,4.1907e-11,3.4033e-11
2.182e-11,1.3302e-11,2.5896e-11
5.2311e-11,2.5491e-11,3.4874e-11
6.8349e-11,5.3882e-11,6.6876e-11
4.9755e-11,2.5697e-11,4.1075e-11
5.309e-11,4.2627e-11,5.1075e-11
2.571e-11,1.2946e-11,2.6373e-11
7.6612e-11,4.0167e-11,6.7659e-11
2.6108e-11,1.9935e-11,3.1195e-11
6.2573e-11,5.6095e-11,5.9229e-11
4.5649e-11,3.7194e-11,4.2859e-11
6.0113e-11,4.5624e-11,6.1061e-11
4.5672e-11,3.3372e-11,4.8357e-11
4.2576e-11,2.6593e-11,5.0919e-11
6.489e-11,4.5898e-11,7.1503e-11
5.2576e-11,2.6282e-11,5.505e-11
5.2052e-11,1.6597e-11,4.7728e-11
6.3581e-11,1.3277e-11,7.2593e-11
8.2556e-12,6.1709e-11,1.6135e-11
4.4916e-11,4.115e-11,1.3662e-11
5.1521e-11,4.2823e-11,1.2527e-11
1.9824e-11,4.7444e-11,2.1093e-11
5.0433e-11,7.1324e-11,1.8934e-11
2.127e-11,1.3946e-11,3.7522e-11
5.3511e-11,2.2922e-11,1.609e-11
1.6142e-11,4.3994e-11,3.1786e-11
4.9823e-11,5.0226e-11,1.8398e-11
9.1787e-12,4.7191e-11,2.2896e-11
2.4578e-11,6.4801e-11,4.3567e-11
5.7407e-11,4.8459e-11,1.7177e-11
3.3674e-11,8.1529e-11,4.0503e-11
6.1362e-11,5.2553e-11,1.9045e-11
3.6079e-11,7.8815e-11,4.5696e-11
1.5409e-11,1.5655e-11,3.4203e-11
4.7725e-11,6.6475e-11,2.7362e-11
2.4323e-11,2.3818e-11,3.6756e-11
2.3785e-11,6.5328e-11,2.4763e-11
1.7762e-11,1.8637e-11,3.4083e-11
4.5665e-11,2.4167e-11,1.3371e-11
5.7067e-11,2.584e-11,1.5005e-11
4.9301e-11,2.7007e-11,2.0197e-11
1.9519e-11,5.4125e-11,3.6572e-11
5.3134e-11,9.3832e-11,7.6465e-11
4.7451e-11,2.4847e-11,1.351e-11
4.3049e-11,5.8652e-11,5.5065e-11
2.106e-11,5.2847e-11,2.6379e-11
2.3633e-11,1.8403e-11,2.7198e-11
6.1961e-11,3.1876e-11,2.028e-11
1.9591e-11,2.3308e-11,3.602e-11
3.4964e-11,3.1586e-11,3.6489e-11
2.6278e-11,1.8132e-11,4.229e-11
2.6268e-11,1.6967e-11,1.9398e-11
1.9663e-11,3.2222e-11,1.9814e-11
4.4124e-11,3.5998e-11,4.4363e-11
6.4701e-11,3.447e-11,2.9202e-11
3.7541e-11,2.3517e-11,2.7863e-11
1.7345e-11,2.1089e-11,2.1226e-11
1.9073e-11,2.7661e-11,2.4822e-11
5.7594e-11,3.6941e-11,4.115e-11
7.0433e-11,6.2467e-11,7.2639e-11
3.1634e-11,2.2278e-11,2.2212e-11
3.9858e-11,2.3658e-11,4.3343e-11
6.5385e-11,1.8241e-11,5.2352e-11
6.6541e-11,4.0136e-11,6.6355e-11
6.9255e-11,2.9137e-11,7.0372e-11
5.7235e-11,5.7696e-12,5.5824e-11
6.2823e-11,1.451e-11,5.7845e-11
4.8512e-11,3.6382e-11,2.3814e-11
1.2299e-11,2.5472e-11,2.8634e-11
1.924e-11,3.9456e-11,2.1379e-11
4.6474e-11,6.9473e-11,1.435e-11
6.0343e-11,4.8328e-11,2.8577e-11
4.7344e-11,2.9185e-11,1.3367e-11
1.8158e-11,3.4958e-11,3.2152e-11
8.1205e-12,4.9546e-11,2.0765e-11
4.404e-11,6.2199e-11,1.4741e-11
2.195e-11,3.1871e-11,3.1262e-11
4.1988e-11,8.673e-11,3.4491e-11
2.7422e-11,5.5154e-11,3.5458e-11
6.5628e-11,4.2957e-11,1.5322e-11
4.3052e-11,9.8786e-11,6.8476e-11
6.8313e-11,3.3782e-11,2.116e-11
2.7993e-11,7.0468e-11,3.1509e-11
6.0739e-11,3.2366e-11,1.7607e-11
7.0327e-11,4.118e-11,2.0308e-11
2.1451e-11,3.368e-11,2.9762e-11
2.8122e-11,2.992e-11,3.0043e-11
5.8795e-11,2.4224e-11,2.3055e-11
2.5349e-11,2.2008e-11,3.3771e-11
3.7258e-11,2.2726e-11,1.2235e-11
4.3753e-11,2.7406e-11,1.9091e-11
6.0699e-11,3.4755e-11,2.4997e-11
3.4568e-11,1.3521e-11,1.3692e-11
5.1979e-11,7.3804e-11,6.7118e-11
2.5229e-11,2.2759e-11,3.986e-11
4.2046e-11,2.9273e-11,4.1902e-11
2.4776e-11,1.7289e-11,1.8675e-11
3.912e-11,2.1891e-11,3.0237e-11
1.777e-11,1.1148e-11,1.9729e-11
6.9848e-11,6.5271e-11,7.9726e-11
2.2736e-11,1.6686e-11,2.3531e-11
2.3794e-11,1.1553e-11,2.1599e-11
3.7333e-11,3.3854e-11,3.6339e-11
8.6436e-11,3.6709e-11,5.8068e-11
7.7495e-11,5.147e-11,9.1985e-11
9.269e-11,3.7749e-11,6.0609e-11
4.4459e-11,1.3591e-11,3.4235e-11
7.8138e-11,5.1651e-11,7.3124e-11
3.0095e-11,8.7823e-12,2.6136e-11
3.5699e-11,1.542e-11,4.3001e-11
4.3106e-11,1.6178e-11,4.7022e-11
7.3752e-11,4.4507e-11,7.2721e-11
7.4732e-11,2.9738e-11,8.2567e-11
8.4367e-11,1.9875e-11,8.6468e-11
4.0995e-11,2.0905e-11,1.2334e-11
4.1368e-11,2.8708e-11,1.3743e-11
3.0452e-11,4.975e-11,1.1845e-11
6.8319e-12,4.1741e-11,1.902e-11
2.4549e-11,7.9345e-11,4.7037e-11
1.4388e-11,6.0672e-11,2.1749e-11
4.4201e-11,4.6555e-11,1.3667e-11
1.5741e-11,2.5799e-11,3.1576e-11
1.9259e-11,3.9595e-11,2.1542e-11
3.0197e-11,5.5672e-11,3.7309e-11
3.9205e-11,8.934e-11,2.1089e-11
1.203e-11,4.5099e-11,2.9226e-11
1.2349e-11,2.771e-11,2.0967e-11
3.9698e-11,9.8062e-11,6.6048e-11
2.8235e-11,4.1848e-11,3.6572e-11
6.4261e-11,4.2929e-11,2.3254e-11
2.1085e-11,3.386e-11,2.8296e-11
6.3195e-11,4.3159e-11,2.3453e-11
6.3206e-11,2.9773e-11,1.8664e-11
2.5792e-11,2.2886e-11,3.5197e-11
7.4134e-11,3.438e-11,1.8054e-11
4.7484e-11,3.0941e-11,2.2587e-11
2.8101e-11,5.2942e-11,1.8241e-11
2.2774e-11,3.0106e-11,2.7742e-11
5.1742e-11,3.2384e-11,1.8029e-11
4.9521e-11,2.8747e-11,1.5677e-11
3.3979e-11,1.7444e-11,1.847e-11
3.13e-11,1.3812e-11,1.5163e-11
3.8062e-11,2.6436e-11,3.8939e-11
2.2273e-11,1.8052e-11,3.2322e-11
4.2634e-11,3.0648e-11,4.2116e-11
2.3014e-11,1.6672e-11,2.7689e-11
5.1637e-11,2.5615e-11,3.6381e-11
2.8153e-11,9.7648e-12,2.7246e-11
3.1007e-11,1.7529e-11,3.5302e-11
6.8249e-11,3.9309e-11,6.3877e-11
2.5406e-11,2.0681e-11,2.8598e-11
5.7792e-11,1.6437e-11,4.7608e-11
3.3393e-11,1.5319e-11,4.1286e-11
5.4271e-11,3.0438e-11,5.8099e-11
4.7385e-11,2.2114e-11,4.7725e-11
6.647e-11,2.878e-11,6.9015e-11
4.8221e-11,1.1243e-11,4.817e-11
5.5349e-11,1.6416e-11,5.9408e-11
8.1316e-11,1.55e-11,7.773e-11
7.4267e-11,7.2592e-12,6.5426e-11
6.8094e-11,5.4503e-12,6.4861e-11
3.1962e-11,4.3849e-11,1.5694e-11
7.1683e-12,5.7285e-11,1.6289e-11
5.3018e-11,3.1507e-11,2.1554e-11
4.5955e-11,6.0555e-11,1.4374e-11
5.0314e-11,4.8501e-11,1.0011e-11
4.0446e-11,5.6171e-11,1.4089e-11
8.0155e-12,2.7072e-11,2.1003e-11
2.7433e-11,1.9623e-11,5.4919e-11
3.8155e-11,8.3915e-11,2.1607e-11
1.5397e-11,3.7878e-11,2.1751e-11
1.6132e-11,4.0919e-11,2.7815e-11
2.3076e-11,3.3299e-11,2.7148e-11
3.7799e-11,7.8112e-11,4.294e-11
3.2413e-11,7.6658e-11,4.1965e-11
4.6117e-11,3.3405e-11,2.3758e-11
2.9049e-11,3.6498e-11,3.4794e-11
4.513e-11,7.5463e-11,6.6603e-11
4.043e-11,6.3008e-11,5.525e-11
6.7637e-11,3.4979e-11,2.1421e-11
4.9347e-11,7.2235e-11,6.774e-11
1.878e-11,5.4021e-11,2.7207e-11
6.1087e-11,3.575e-11,2.3995e-11
2.5468e-11,3.8902e-11,3.0824e-11
4.9781e-11,2.9075e-11,1.9044e-11
3.204e-11,3.5374e-11,3.3861e-11
2.5178e-11,2.2784e-11,1.9099e-11
2.0337e-11,1.5662e-11,1.638e-11
5.8254e-11,2.584e-11,2.3369e-11
2.2599e-11,1.5596e-11,3.4231e-11
5.4983e-11,2.562e-11,2.7227e-11
3.7997e-11,2.823e-11,3.7742e-11
2.4858e-11,2.3604e-11,3.9051e-11
7.1318e-11,3.4051e-11,5.2646e-11
2.5193e-11,1.0938e-11,2.9221e-11
4.606e-11,1.6223e-11,4.4169e-11
5.9642e-11,2.2418e-11,6.7598e-11
4.4021e-11,1.3129e-11,3.8365e-11
5.9735e-11,1.767e-11,6.8371e-11
6.9734e-11,7.4355e-12,7.0856e-11
3.9564e-11,3.1116e-11,1.0935e-11
3.05e-11,4.2583e-11,1.5165e-11
2.8504e-11,5.3042e-11,1.2366e-11
6.0868e-11,7.0775e-11,3.3249e-11
1.3009e-11,2.196e-11,3.0717e-11
4.2128e-11,3.2886e-11,1.4424e-11
1.2043e-11,5.6748e-11,1.9509e-11
4.5158e-11,3.1999e-11,1.3298e-11
1.4629e-11,3.8245e-11,2.0633e-11
4.1689e-11,4.6621e-11,1.3379e-11
1.2794e-11,4.6721e-11,2.3575e-11
4.5989e-11,3.3657e-11,1.2585e-11
4.1307e-11,6.2064e-11,1.4813e-11
3.6793e-11,8.097e-11,2.0669e-11
1.2653e-11,1.4438e-11,2.3544e-11
1.3858e-11,3.6302e-11,2.0346e-11
2.0847e-11,4.9074e-11,3.1817e-11
2.402e-11,3.4873e-11,3.1579e-11
5.5629e-11,3.6373e-11,1.5847e-11
5.1616e-11,3.3278e-11,2.1131e-11
5.81e-11,3.307e-11,1.8254e-11
3.6153e-11,5.9512e-11,5.2754e-11
3.4477e-11,5.1644e-11,4.5834e-11
2.0031e-11,3.0245e-11,2.9172e-11
2.3616e-11,2.1263e-11,3.3175e-11
1.8354e-11,2.7903e-11,2.6834e-11
2.6318e-11,1.3964e-11,1.3071e-11
6.3001e-11,3.5417e-11,1.9335e-11
2.3427e-11,1.8648e-11,2.5999e-11
5.3117e-11,2.4157e-11,1.8301e-11
5.6775e-11,4.6138e-11,3.4053e-11
1.9211e-11,1.5107e-11,3.1478e-11
1.8002e-11,1.5609e-11,2.982e-11
5.0628e-11,5.0878e-11,5.6657e-11
3.3408e-11,1.4868e-11,1.6607e-11
3.5719e-11,2.0626e-11,2.2496e-11
2.3013e-11,2.5031e-11,2.2354e-11
3.2886e-11,2.0449e-11,2.5942e-11
2.8781e-11,1.7383e-11,3.4006e-11
5.7889e-11,5.2177e-11,5.2998e-11
5.9233e-11,5.3961e-11,5.9271e-11
4.8968e-11,2.1343e-11,3.5207e-11
5.1047e-11,3.6201e-11,4.644e-11
5.7719e-11,2.4056e-11,4.2778e-11
5.7161e-11,3.8477e-11,6.0166e-11
5.4927e-11,2.1213e-11,4.1745e-11
7.4616e-11,3.1151e-11,4.8251e-11
4.6522e-11,3.051e-11,4.3725e-11
2.5839e-11,2.7013e-11,2.4783e-11
2.5767e-11,1.2035e-11,2.2872e-11
8.0198e-11,5.4503e-11,8.8602e-11
7.814e-11,3.4019e-11,4.1793e-11
4.6167e-11,3.0225e-11,3.8991e-11
2.3367e-11,9.7836e-12,2.4083e-11
2.9212e-11,1.2495e-11,3.066e-11
3.665e-11,2.0338e-11,3.8743e-11
3.3195e-11,1.4967e-11,3.5477e-11
4.9473e-11,2.1407e-11,4.6514e-11
6.8717e-11,1.3268e-11,5.9421e-11
6.5353e-11,8.1733e-12,5.6388e-11
7.3543e-11,9.6067e-12,6.1716e-11
5.16e-11,3.3119e-11,2.3428e-11
1.5937e-11,4.8994e-11,1.5915e-11
5.0832e-11,3.4735e-11,2.0723e-11
2.5465e-11,8.328e-11,5.4905e-11
5.0826e-11,4.6052e-11,8.9648e-12
6.1284e-12,4.1905e-11,1.4114e-11
1.2324e-11,4.4959e-11,1.807e-11
5.5047e-12,4.1511e-11,1.3986e-11
2.5167e-11,2.0742e-11,4.204e-11
3.9732e-11,5.8333e-11,1.5495e-11
3.4805e-11,9.8761e-11,6.4813e-11
1.842e-11,2.1148e-11,2.2147e-11
3.5102e-11,4.6817e-11,3.6893e-11
1.9064e-11,2.9205e-11,3.0959e-11
4.481e-11,9.0266e-11,7.1751e-11
3.5185e-11,6.4356e-11,4.8919e-11
7.2127e-11,3.3775e-11,1.6865e-11
2.2899e-11,5.2398e-11,2.3275e-11
1.9846e-11,3.9538e-11,2.6282e-11
5.7485e-11,3.7398e-11,2.2963e-11
1.6883e-11,2.5411e-11,3.4409e-11
5.9247e-11,2.5135e-11,1.3886e-11
1.886e-11,3.0568e-11,3.6218e-11
6.3969e-11,3.4982e-11,2.6256e-11
2.0473e-11,1.8848e-11,3.1627e-11
2.7342e-11,2.7198e-11,2.3387e-11
4.5286e-11,5.3636e-11,5.2371e-11
2.5682e-11,2.3367e-11,1.953e-11
2.3024e-11,1.9281e-11,1.7088e-11
3.9398e-11,1.5538e-11,1.9858e-11
5.5861e-11,4.9158e-11,4.1199e-11
6.2101e-11,5.1789e-11,3.9928e-11
3.5467e-11,2.5086e-11,3.5579e-11
4.4282e-11,3.7956e-11,4.6827e-11
2.0664e-11,1.6385e-11,2.9848e-11
4.9582e-11,2.3364e-11,3.8722e-11
2.1078e-11,9.0884e-12,2.3585e-11
7.2301e-11,2.6237e-11,5.161e-11
6.293e-11,4.2527e-11,5.702e-11
3.0191e-11,1.6415e-11,2.8619e-11
4.2161e-11,1.3943e-11,4.3144e-11
6.3269e-11,1.9005e-11,5.1406e-11
6.2342e-11,1.9225e-11,5.6502e-11
3.9674e-11,1.0217e-11,4.738e-11
7.4342e-11,3.7416e-11,7.3655e-11
6.0445e-11,2.2916e-11,6.5515e-11
6.0362e-11,5.6812e-12,5.5219e-11
3.7846e-11,3.1732e-11,1.2566e-11
2.9003e-11,4.2427e-11,1.6886e-11
3.7433e-11,4.2532e-11,1.4301e-11
7.5663e-11,7.3683e-11,2.8285e-11
4.0154e-11,3.5086e-11,2.0939e-11
2.6775e-11,7.4351e-11,1.7668e-11
2.8741e-11,6.5157e-11,1.6182e-11
1.6381e-11,2.6955e-11,2.2499e-11
2.5387e-11,3.7238e-11,3.0942e-11
1.6282e-11,5.4465e-11,2.8311e-11
2.7835e-11,5.3702e-11,1.4758e-11
3.9619e-11,3.8633e-11,1.4762e-11
6.2736e-12,3.9408e-11,1.4013e-11
3.903e-11,4.7273e-11,2.0451e-11
3.0356e-11,7.9555e-11,5.5235e-11
3.9941e-11,1.0361e-10,7.372e-11
3.6776e-11,8.8449e-11,2.3208e-11
3.8643e-11,8.2964e-11,2.3203e-11
1.6219e-11,1.8204e-11,2.5185e-11
1.923e-11,5.1063e-11,2.9286e-11
4.4322e-11,8.0235e-11,6.6062e-11
2.7588e-11,2.3089e-11,3.2388e-11
2.4759e-11,2.6435e-11,2.9406e-11
1.5418e-11,2.8236e-11,3.8589e-11
2.3465e-11,1.927e-11,3.5623e-11
2.9808e-11,3.6594e-11,3.9026e-11
5.1486e-11,2.3552e-11,1.4156e-11
1.6144e-11,2.737e-11,2.2249e-11
4.5659e-11,1.6322e-11,1.4376e-11
2.848e-11,2.3462e-11,3.2112e-11
3.658e-11,1.7698e-11,1.8444e-11
5.5624e-11,6.243e-11,6.5102e-11
6.3112e-11,6.8551e-11,7.2022e-11
2.0391e-11,1.5811e-11,3.0753e-11
2.5408e-11,1.3974e-11,2.085e-11
3.4866e-11,1.963e-11,2.5808e-11
1.7528e-11,2.1912e-11,1.9657e-11
6.307e-11,5.5814e-11,6.5244e-11
3.3937e-11,2.2303e-11,2.4099e-11
6.6955e-11,6.4113e-11,8.9661e-11
2.1648e-11,1.1918e-11,2.1667e-11
6.9076e-11,5.1644e-11,6.6418e-11
9.6539e-11,4.1785e-11,7.7647e-11
3.3123e-11,1.6867e-11,3.3332e-11
2.2642e-11,7.7548e-12,2.2469e-11
3.8482e-11,2.652e-11,3.8439e-11
2.8457e-11,1.3796e-11,3.2484e-11
6.0697e-11,4.1565e-11,5.7741e-11
5.7178e-11,1.6461e-11,4.7956e-11
6.0236e-11,1.9186e-11,6.3622e-11
5.2047e-11,1.0157e-11,4.7338e-11
6.6767e-11,1.9943e-11,7.5075e-11
4.8556e-11,3.4638e-11,1.9814e-11
4.5983e-11,8.7783e-11,2.5038e-11
3.6601e-11,4.1794e-11,1.3696e-11
1.8835e-11,3.9734e-11,2.7239e-11
1.0969e-11,3.1319e-11,1.8823e-11
1.7193e-11,5.1331e-11,2.7448e-11
3.1093e-11,8.9715e-11,6e-11
2.0943e-11,4.7869e-11,2.1268e-11
3.7445e-11,5.9493e-11,1.5527e-11
2.3871e-11,4.2159e-11,2.5864e-11
2.1006e-11,2.6132e-11,2.6303e-11
1.5217e-11,4.0951e-11,1.8394e-11
9.1858e-12,3.5088e-11,2.7067e-11
2.2516e-11,4.6442e-11,3.7401e-11
1.7315e-11,2.1969e-11,2.3821e-11
1.202e-11,3.2557e-11,1.953e-11
3.3609e-11,7.8505e-11,4.6133e-11
5.0879e-11,5.7624e-11,1.8066e-11
2.1871e-11,4.6926e-11,3.0562e-11
2.2921e-11,5.3704e-11,2.8276e-11
1.6959e-11,3.1104e-11,3.8359e-11
5.6912e-11,3.6759e-11,2.8302e-11
5.5177e-11,1.5524e-11,1.7732e-11
2.2476e-11,2.0234e-11,2.779e-11
2.0105e-11,1.6376e-11,1.5259e-11
1.6439e-11,2.6615e-11,3.275e-11
2.2584e-11,1.6431e-11,1.5807e-11
2.4148e-11,1.6872e-11,1.5325e-11
2.0808e-11,1.4712e-11,2.8499e-11
3.2358e-11,1.7784e-11,2.1171e-11
6.7442e-11,6.3762e-11,7.4692e-11
3.1117e-11,1.8734e-11,3.1542e-11
3.4181e-11,1.6783e-11,2.6438e-11
6.7614e-11,6.2848e-11,7.1284e-11
5.1575e-11,3.0939e-11,4.2794e-11
4.8665e-11,3.5912e-11,4.9099e-11
2.9106e-11,3.0056e-11,3.3951e-11
1.6397e-11,2.3468e-11,2.0838e-11
5.7713e-11,2.4365e-11,3.2076e-11
1.9186e-11,1.6644e-11,2.0582e-11
4.4436e-11,1.8069e-11,3.7449e-11
5.5036e-11,2.155e-11,4.2347e-11
2.5238e-11,1.7038e-11,2.5233e-11
6.3653e-11,4.8082e-11,6.3582e-11
2.859e-11,1.2307e-11,2.6591e-11
6.8714e-11,3.5617e-11,6.4645e-11
4.0416e-11,1.1315e-11,4.3274e-11
6.4242e-11,2.0682e-11,6.503e-11
5.0374e-11,1.6549e-11,5.9341e-11
3.4315e-11,3.0122e-11,1.7769e-11
2.7488e-11,7.5679e-11,2.3986e-11
8.7913e-12,3.0236e-11,1.7719e-11
5.2875e-11,1.0763e-10,3.3885e-11
2.8172e-11,4.9286e-11,1.5737e-11
3.4745e-11,4.5548e-11,1.6211e-11
3.247e-11,7.9661e-11,2.8528e-11
2.9378e-11,8.6552e-11,2.7385e-11
3.8144e-11,6.3616e-11,1.6097e-11
2.7166e-11,6.4921e-11,4.806e-11
4.0528e-11,6.4562e-11,1.7031e-11
3.284e-11,4.381e-11,2.815e-11
2.5141e-11,5.3923e-11,2.9001e-11
2.1641e-11,3.5909e-11,3.2926e-11
1.7189e-11,2.6995e-11,2.2483e-11
5.2613e-11,7.1097e-11,2.4219e-11
1.9851e-11,3.5356e-11,3.9078e-11
3.4344e-11,2.1212e-11,3.4209e-11
3.5304e-11,5.5923e-11,5.0806e-11
4.0365e-11,2.6769e-11,1.5382e-11
5.1799e-11,2.1569e-11,1.7785e-11
6.3619e-11,3.9774e-11,2.6737e-11
3.7147e-11,4.158e-11,4.7197e-11
4.5761e-11,3.4542e-11,2.5021e-11
5.335e-11,4.9406e-11,2.7808e-11
6.4962e-11,3.0278e-11,2.8196e-11
1.4451e-11,2.8335e-11,3.3849e-11
3.9388e-11,2.2134e-11,1.7965e-11
2.9722e-11,1.2054e-11,1.6958e-11
2.0743e-11,3.2353e-11,2.8364e-11
1.7747e-11,1.8487e-11,1.6948e-11
3.1047e-11,1.9117e-11,1.9593e-11
3.9143e-11,2.8129e-11,3.7676e-11
2.0441e-11,1.4581e-11,1.5897e-11
5.3761e-11,6.4423e-11,5.0111e-11
3.7581e-11,3.6569e-11,3.9894e-11
2.2875e-11,1.3055e-11,2.8729e-11
5.3827e-11,4.1082e-11,5.2155e-11
2.7244e-11,2.3659e-11,3.3107e-11
6.9716e-11,5.7368e-11,7.1089e-11
4.0093e-11,1.7352e-11,3.1136e-11
1.8817e-11,1.4684e-11,2.7491e-11
2.043e-11,1.0345e-11,2.4451e-11
8.0012e-11,3.2905e-11,5.2035e-11
6.6925e-11,1.9778e-11,5.7661e-11
6.9855e-11,3.3026e-11,6.8938e-11
6.7486e-11,1.6336e-11,7.469e-11
5.1658e-11,9.7022e-11,4.744e-11
1.5105e-11,4.215e-11,2.2611e-11
1.7339e-11,4.51e-11,2.1541e-11
3.5146e-11,2.4572e-11,1.233e-11
1.8318e-11,4.6364e-11,1.6769e-11
4.3574e-11,3.413e-11,1.5115e-11
3.8141e-11,9.5326e-11,7.5958e-11
2.2102e-11,4.4526e-11,2.3212e-11
3.235e-11,6.9993e-11,2.0272e-11
4.4754e-11,8.5154e-11,4.5279e-11
5.3215e-11,9.2137e-11,2.5648e-11
1.9938e-11,3.2439e-11,2.4117e-11
3.6569e-11,2.8697e-11,2.2535e-11
4.6893e-11,4.8444e-11,1.6823e-11
1.4447e-11,3.4199e-11,3.1715e-11
4.9332e-11,4.3041e-11,1.9257e-11
1.4608e-11,2.8736e-11,3.5615e-11
3.4413e-11,4.8543e-11,4.6909e-11
5.3834e-11,3.1826e-11,1.7957e-11
1.8866e-11,2.033e-11,2.8703e-11
1.8621e-11,1.7285e-11,2.6691e-11
3.7754e-11,4.4418e-11,4.8069e-11
2.0174e-11,1.5978e-11,1.6548e-11
5.5845e-11,2.795e-11,2.7861e-11
2.8884e-11,1.9401e-11,1.5014e-11
1.7824e-11,1.0903e-11,1.584e-11
2.1246e-11,1.7123e-11,2.8132e-11
2.5204e-11,1.487e-11,2.8796e-11
4.3723e-11,2.2399e-11,3.3244e-11
1.6182e-11,1.205e-11,1.7018e-11
4.3415e-11,2.8428e-11,3.6465e-11
1.8534e-11,1.5662e-11,1.9535e-11
1.8578e-11,3.2066e-11,2.2418e-11
6.785e-11,5.5402e-11,6.4784e-11
2.385e-11,2.5884e-11,2.7471e-11
6.3975e-11,6.9041e-11,9.5466e-11
5.1028e-11,2.0586e-11,4.079e-11
3.2011e-11,1.8727e-11,3.3026e-11
2.3728e-11,1.1134e-11,2.5482e-11
2.4912e-11,2.0098e-11,2.9962e-11
3.5455e-11,9.4763e-12,3.5149e-11
6.857e-11,2.0735e-11,6.1804e-11
4.9618e-11,1.3517e-11,5.5744e-11
3.8702e-11,2.5255e-11,1.2078e-11
3.7127e-11,2.5016e-11,1.1085e-11
4.524e-11,6.1307e-11,2.2146e-11
3.0173e-11,4.3069e-11,1.2404e-11
1.1875e-11,4.3262e-11,1.6619e-11
5.1355e-11,8.4152e-11,4.1084e-11
5.3748e-11,8.3958e-11,3.1612e-11
1.9039e-11,2.1861e-11,3.0985e-11
2.7375e-11,6.6712e-11,1.9377e-11
1.5555e-11,1.8249e-11,2.1795e-11
2.6717e-11,5.8131e-11,4.4988e-11
1.7149e-11,3.8578e-11,1.9161e-11
1.8033e-11,3.8211e-11,2.3295e-11
2.8736e-11,4.056e-11,2.3652e-11
8.2984e-12,2.8612e-11,1.6744e-11
4.2252e-11,7.2452e-11,2.5404e-11
4.9076e-11,8.3017e-11,2.4706e-11
4.9232e-11,7.8045e-11,2.625e-11
3.6119e-11,2.3373e-11,3.591e-11
4.9592e-11,7.1517e-11,2.7934e-11
5.1485e-11,7.0644e-11,2.9419e-11
4.9294e-11,6.2757e-11,6.558e-11
3.9038e-11,2.1408e-11,1.3512e-11
3.8828e-11,1.9979e-11,1.294e-11
2.7703e-11,1.4794e-11,1.8501e-11
5.7575e-11,6.1107e-11,3.3567e-11
5.1961e-11,5.4298e-11,3.0629e-11
3.6387e-11,3.6693e-11,4.185e-11
3.2981e-11,1.501e-11,2.029e-11
3.713e-11,2.8279e-11,2.6001e-11
4.7789e-11,5.0923e-11,5.6878e-11
1.8172e-11,1.8198e-11,1.7012e-11
4.0449e-11,2.9824e-11,3.5732e-11
2.062e-11,1.0497e-11,1.6779e-11
5.5994e-11,5.8415e-11,6.9019e-11
5.4933e-11,6.4874e-11,5.5548e-11
2.2563e-11,1.3395e-11,2.6536e-11
3.3615e-11,1.6082e-11,2.6681e-11
4.5955e-11,3.9083e-11,3.9235e-11
2.4827e-11,1.9428e-11,2.8669e-11
3.1202e-11,2.6824e-11,3.166e-11
3.3872e-11,1.7468e-11,2.6148e-11
2.3816e-11,2.7578e-11,3.004e-11
6.449e-11,6.5698e-11,9.6109e-11
6.529e-11,4.1036e-11,6.8854e-11
1.9067e-11,1.3877e-11,1.8208e-11
8.4783e-11,3.4459e-11,6.2724e-11
9.8049e-11,4.6967e-11,8.3929e-11
6.4785e-11,2.334e-11,5.6464e-11
9.429e-11,3.2296e-11,6.5864e-11
3.2013e-11,1.4606e-11,3.7114e-11
3.3301e-11,1.1215e-11,3.8036e-11
4.6737e-11,2.1084e-11,5.043e-11
3.6979e-11,1.1377e-11,4.1753e-11
6.2103e-11,2.2173e-11,6.9106e-11
5.7131e-11,9.2471e-12,6.1827e-11
5.6802e-11,1.1039e-10,6.5606e-11
3.6889e-11,2.1013e-11,1.4832e-11
5.4694e-11,5.1906e-11,2.9959e-11
4.0278e-11,4.5293e-11,1.2009e-11
2.3289e-11,6.6244e-11,2.2551e-11
1.7189e-11,4.2299e-11,1.5483e-11
1.7786e-11,3.2305e-11,2.753e-11
2.7781e-11,5.8027e-11,1.6912e-11
3.6153e-11,9.7736e-11,2.3549e-11
3.0904e-11,7.4037e-11,2.9238e-11
3.306e-11,4.44e-11,3.687e-11
2.8348e-11,6.3118e-11,3.3065e-11
3.8234e-11,8.7494e-11,2.7561e-11
3.1098e-11,5.6204e-11,2.8899e-11
2.09e-11,5.0875e-11,2.7013e-11
1.9671e-11,6.5166e-11,4.1324e-11
4.8127e-11,4.9247e-11,2.0899e-11
4.4312e-11,8.8984e-11,3.2749e-11
1.7069e-11,3.552e-11,3.1382e-11
1.9494e-11,2.7242e-11,2.7484e-11
5.0799e-11,3.4692e-11,2.1828e-11
3.8863e-11,5.7735e-11,5.5128e-11
1.6192e-11,3.8236e-11,2.6721e-11
4.0726e-11,4.9216e-11,5.2003e-11
5.164e-11,7.1917e-11,3.8955e-11
4.59e-11,5.1263e-11,3.1589e-11
3.7385e-11,3.7527e-11,4.3166e-11
4.4806e-11,4.5965e-11,2.7754e-11
2.6148e-11,1.1548e-11,1.3561e-11
1.6896e-11,2.445e-11,2.2325e-11
4.7273e-11,6.2583e-11,5.4771e-11
2.9949e-11,1.5731e-11,2.5401e-11
3.2502e-11,1.7952e-11,3.0989e-11
5.9505e-11,4.8416e-11,6.0275e-11
3.6192e-11,1.2104e-11,3.2441e-11
4.2174e-11,1.2018e-11,4.7665e-11
6.15e-11,1.9583e-11,5.3188e-11
4.5218e-11,1.4176e-11,5.1124e-11
5.8146e-11,1.7446e-11,6.0372e-11
6.6645e-11,2.0632e-11,5.9833e-11
7.3506e-11,1.6539e-11,7.6776e-11
2.181e-11,4.8344e-11,2.1014e-11
1.8474e-11,2.5128e-11,2.9472e-11
2.3596e-11,6.5761e-11,2.4287e-11
1.7339e-11,2.397e-11,1.8538e-11
4.2408e-11,3.9841e-11,1.5523e-11
2.6089e-11,4.6157e-11,1.6207e-11
1.3081e-11,3.6432e-11,1.9834e-11
2.3625e-11,3.9609e-11,1.456e-11
3.3744e-11,5.4281e-11,4.5454e-11
3.7435e-11,8.6626e-11,2.9422e-11
3.6159e-11,7.0674e-11,5.9881e-11
4.5157e-11,3.2135e-11,1.8268e-11
3.3965e-11,5.5088e-11,2.2307e-11
4.5333e-11,8.1461e-11,7.1253e-11
3.9948e-11,7.2911e-11,2.7191e-11
2.5681e-11,2.306e-11,3.3795e-11
1.9743e-11,4.585e-11,3.1868e-11
1.0905e-11,2.0552e-11,2.2035e-11
1.6039e-11,1.4021e-11,2.6839e-11
1.4364e-11,3.4903e-11,2.3789e-11
2.6298e-11,3.4991e-11,4.0086e-11
2.4055e-11,2.0244e-11,1.5446e-11
4.0177e-11,4.6608e-11,3.3225e-11
2.1687e-11,3.0211e-11,2.6148e-11
3.6525e-11,3.5559e-11,4.1968e-11
2.3358e-11,1.9774e-11,1.872e-11
3.2885e-11,2.7195e-11,2.512e-11
3.9485e-11,3.3153e-11,4.3099e-11
2.4332e-11,1.8928e-11,1.9101e-11
2.2884e-11,1.3133e-11,2.0256e-11
4.8487e-11,6.5129e-11,5.2519e-11
3.0574e-11,1.9638e-11,2.9799e-11
2.3997e-11,1.26e-11,1.9399e-11
3.0302e-11,1.4609e-11,2.3692e-11
4.5524e-11,2.8101e-11,4.1272e-11
2.6842e-11,1.0494e-11,2.2892e-11
5.5655e-11,2.2498e-11,3.2588e-11
2.8289e-11,3.5786e-11,2.9748e-11
3.0938e-11,1.2418e-11,3.0264e-11
5.5032e-11,4.1678e-11,5.3003e-11
5.2542e-11,4.3012e-11,5.0553e-11
4.5468e-11,1.9046e-11,3.9274e-11
3.0655e-11,9.0138e-12,2.71e-11
3.1129e-11,1.3124e-11,2.9058e-11
3.7794e-11,2.3663e-11,4.1178e-11
4.0942e-11,1.2025e-11,3.7724e-11
6.4727e-11,4.1138e-11,6.4035e-11
3.5493e-11,1.3288e-11,4.0514e-11
6.7465e-11,3.86e-11,6.5944e-11
4.9292e-11,6.7492e-12,5.4883e-11
3.5807e-11,4.3175e-11,2.0529e-11
4.9502e-11,1.1523e-10,3.3554e-11
5.2793e-11,4.5492e-11,2.753e-11
2.8806e-11,4.661e-11,1.3319e-11
2.7802e-11,4.352e-11,1.5558e-11
4.7078e-11,4.7183e-11,2.0352e-11
3.7752e-11,3.5778e-11,1.7689e-11
4.0765e-11,3.9968e-11,1.4657e-11
4.108e-11,9.9953e-11,2.9978e-11
2.6547e-11,3.9812e-11,1.4948e-11
2.526e-11,5.6749e-11,1.9292e-11
1.5543e-11,3.2659e-11,1.5757e-11
5.0296e-11,3.6639e-11,1.5963e-11
1.973e-11,3.1247e-11,3.1251e-11
2.9384e-11,2.655e-11,2.376e-11
1.5701e-11,2.3216e-11,2.1893e-11
1.216e-11,2.5045e-11,2.0226e-11
1.1042e-11,1.8904e-11,1.5829e-11
3.6797e-11,6.5598e-11,2.482e-11
4.0604e-11,6.249e-11,6.0701e-11
4.6768e-11,6.6747e-11,2.7517e-11
4.6537e-11,6.7869e-11,2.9364e-11
3.153e-11,1.9574e-11,1.797e-11
4.3779e-11,4.099e-11,2.5235e-11
2.5852e-11,2.6182e-11,1.9115e-11
1.739e-11,2.6086e-11,2.8162e-11
4.6194e-11,2.7663e-11,3.0015e-11
3.9407e-11,2.1027e-11,3.1057e-11
4.1413e-11,3.2463e-11,2.567e-11
3.4956e-11,3.0296e-11,2.3988e-11
3.2659e-11,3.1855e-11,3.7823e-11
4.115e-11,1.3717e-11,1.4315e-11
3.7634e-11,1.9959e-11,2.1237e-11
2.9098e-11,1.653e-11,1.3572e-11
1.7964e-11,2.9431e-11,2.3978e-11
1.5064e-11,1.4609e-11,2.2843e-11
2.2723e-11,2.0468e-11,1.9226e-11
2.6452e-11,9.1156e-12,1.5253e-11
4.4013e-11,5.7095e-11,5.2527e-11
4.7884e-11,1.863e-11,3.2314e-11
3.7787e-11,2.0842e-11,3.3916e-11
3.4457e-11,2.0705e-11,2.8403e-11
6.665e-11,5.5083e-11,6.7018e-11
3.6235e-11,1.3849e-11,3.2126e-11
8.5184e-11,4.3055e-11,7.8475e-11
1.9499e-11,1.0509e-11,2.4977e-11
9.0837e-11,3.2508e-11,5.7822e-11
9.6714e-11,3.5951e-11,6.5344e-11
3.7981e-11,1.3866e-11,4.1025e-11
5.0216e-11,1.5912e-11,5.4259e-11
3.9082e-11,1.0643e-11,4.2949e-11
4.847e-11,6.9646e-12,5.0825e-11
7.042e-11,1.5283e-11,7.1091e-11
6.141e-11,6.8138e-12,6.6414e-11
4.8671e-11,8.4207e-11,3.0122e-11
2.4967e-11,4.9773e-11,2.2855e-11
2.2507e-11,5.4922e-11,2.2641e-11
4.0823e-11,2.9383e-11,1.6086e-11
2.971e-11,2.5583e-11,1.5752e-11
1.5841e-11,4.2552e-11,2.1276e-11
3.091e-11,3.5542e-11,1.528e-11
2.5674e-11,4.2204e-11,1.2391e-11
2.6726e-11,4.6325e-11,1.2423e-11
1.51e-11,2.0887e-11,2.4205e-11
3.4297e-11,5.2166e-11,4.0586e-11
2.7968e-11,2.9903e-11,6.0745e-11
2.894e-11,2.9832e-11,2.5742e-11
3.1723e-11,4.894e-11,2.1721e-11
3.5958e-11,7.8177e-11,3.8567e-11
3.6939e-11,5.7621e-11,4.5406e-11
2.5133e-11,4.6495e-11,3.3599e-11
2.2559e-11,2.819e-11,2.9942e-11
9.4616e-12,2.1651e-11,2.1971e-11
3.8218e-11,5.7047e-11,2.637e-11
1.6727e-11,2.6788e-11,2.523e-11
3.9624e-11,5.2352e-11,3.0517e-11
4.8374e-11,3.0675e-11,2.0966e-11
4.2868e-11,6.7927e-11,3.8031e-11
3.787e-11,3.8611e-11,2.6461e-11
3.8848e-11,1.2995e-11,1.276e-11
2.3786e-11,2.5802e-11,3.3187e-11
4.392e-11,6.9223e-11,4.1101e-11
2.8024e-11,2.381e-11,2.8602e-11
2.3982e-11,1.6286e-11,1.665e-11
3.7858e-11,4.3328e-11,3.3341e-11
4.845e-11,5.9495e-11,6.516e-11
4.6883e-11,5.3091e-11,3.3611e-11
2.0379e-11,1.7091e-11,1.77e-11
3.6041e-11,2.6378e-11,1.6592e-11
4.642e-11,6.5246e-11,4.4069e-11
1.5749e-11,1.8102e-11,1.7685e-11
5.1459e-11,7.4405e-11,5.6304e-11
5.0226e-11,6.7012e-11,5.88e-11
4.6389e-11,3.4552e-11,4.5444e-11
2.0172e-11,1.4767e-11,2.4289e-11
3.127e-11,1.3473e-11,2.761e-11
2.6022e-11,2.042e-11,2.7478e-11
2.006e-11,2.1101e-11,2.2805e-11
1.5305e-11,9.3563e-12,2.186e-11
4.9793e-11,4.0598e-11,4.9337e-11
4.041e-11,2.7856e-11,3.8969e-11
2.3082e-11,2.6543e-11,2.3207e-11
5.7387e-11,2.5265e-11,5.0767e-11
6.9703e-11,6.2137e-11,1.0157e-10
2.7841e-11,1.1584e-11,2.8141e-11
2.092e-11,8.9583e-12,2.0735e-11
2.3786e-11,9.9413e-12,2.5481e-11
8.426e-11,3.1061e-11,6.5155e-11
3.456e-11,1.8911e-11,3.7007e-11
5.9867e-11,3.1779e-11,5.9278e-11
3.5208e-11,1.1692e-11,4.1876e-11
3.2387e-11,1.2607e-11,3.3236e-11
6.9423e-11,4.1197e-11,7.1884e-11
3.3825e-11,1.7847e-11,3.9754e-11
6.6894e-11,1.834e-11,6.6033e-11
6.6281e-11,2.2444e-11,7.8152e-11
4.1323e-11,5.407e-11,1.5645e-11
3.4998e-11,3.1606e-11,2.1137e-11
1.4739e-11,3.4226e-11,1.8566e-11
1.5263e-11,3.1293e-11,3.2787e-11
1.8605e-11,2.2332e-11,3.6359e-11
3.1271e-11,2.8184e-11,1.8485e-11
2.3455e-11,1.5986e-11,2.5315e-11
1.8712e-11,5.3209e-11,2.1674e-11
2.8564e-11,4.7251e-11,1.9157e-11
9.746e-12,1.9802e-11,1.6465e-11
1.9033e-11,2.8414e-11,2.5796e-11
3.7864e-11,8.5636e-11,3.7441e-11
1.0363e-11,2.6296e-11,1.966e-11
3.5288e-11,4.5848e-11,2.6265e-11
2.6274e-11,1.9103e-11,1.929e-11
4.9387e-11,5.8157e-11,6.7128e-11
3.6329e-11,2.5454e-11,1.7388e-11
3.1123e-11,1.5718e-11,1.3447e-11
4.2281e-11,4.8611e-11,3.4122e-11
1.7337e-11,2.6886e-11,2.1762e-11
1.6439e-11,3.5355e-11,2.496e-11
1.8317e-11,1.5826e-11,2.1949e-11
3.0369e-11,3.3338e-11,3.5995e-11
3.3342e-11,2.8602e-11,3.6084e-11
5.1933e-11,4.9364e-11,6.1876e-11
3.0317e-11,3.7464e-11,4.111e-11
2.2321e-11,1.5187e-11,2.6285e-11
4.8518e-11,3.7595e-11,4.8769e-11
1.6922e-11,1.0743e-11,2.0519e-11
1.8386e-11,1.1705e-11,1.6408e-11
3.1415e-11,1.5551e-11,2.461e-11
4.5409e-11,2.001e-11,3.4466e-11
2.1496e-11,2.0455e-11,2.43e-11
2.1815e-11,1.7249e-11,2.4108e-11
2.3547e-11,9.1873e-12,1.9666e-11
4.0434e-11,1.2221e-11,3.8148e-11
4.5907e-11,1.3801e-11,4.6034e-11
3.9888e-11,9.5166e-12,3.7653e-11
3.5845e-11,8.7551e-12,3.509e-11
5.3271e-11,2.6062e-11,6.333e-11
5.0655e-11,1.8417e-11,5.558e-11
6.3039e-11,1.908e-11,6.399e-11
7.0084e-11,1.5481e-11,7.4476e-11
6.1879e-11,1.1272e-11,5.6505e-11
6.5183e-11,1.2753e-11,6.885e-11
6.2617e-11,9.3526e-12,5.7748e-11
6.3684e-11,7.1471e-12,6.3527e-11
6.3822e-11,7.9938e-12,6.6602e-11
1.9588e-11,4.8249e-11,2.0382e-11
2.0013e-11,4.3692e-11,1.4021e-11
2.0713e-11,4.3888e-11,1.3521e-11
1.9847e-11,3.4398e-11,3.6618e-11
1.3435e-11,4.1993e-11,1.8508e-11
1.4706e-11,2.4997e-11,1.5924e-11
3.1044e-11,6.3718e-11,5.6008e-11
2.598e-11,4.8886e-11,1.4445e-11
2.7994e-11,5.2422e-11,2.2262e-11
1.6389e-11,1.8296e-11,3.3244e-11
9.0797e-12,3.0994e-11,1.5304e-11
8.5485e-12,3.0677e-11,1.4441e-11
4.816e-11,8.1727e-11,7.0675e-11
3.1494e-11,2.4304e-11,3.8385e-11
3.7317e-11,3.8431e-11,1.8108e-11
1.453e-11,2.3262e-11,2.1616e-11
2.1601e-11,2.7628e-11,2.1225e-11
1.4462e-11,5.4165e-11,3.2852e-11
1.8471e-11,2.6273e-11,2.3792e-11
4.2577e-11,2.9665e-11,2.1746e-11
4.4669e-11,8.2219e-11,3.9227e-11
2.7929e-11,3.6734e-11,3.549e-11
3.9856e-11,5.9123e-11,5.8557e-11
1.3532e-11,2.736e-11,2.9665e-11
1.3968e-11,3.1777e-11,2.3296e-11
2.4295e-11,2.3474e-11,2.5729e-11
2.0822e-11,1.4451e-11,1.486e-11
2.5673e-11,2.2706e-11,2.6171e-11
3.6408e-11,4.471e-11,3.3558e-11
2.8395e-11,2.2951e-11,3.2428e-11
1.3841e-11,1.6312e-11,1.5423e-11
1.7144e-11,3.4236e-11,2.4237e-11
2.6929e-11,2.1124e-11,3.1085e-11
1.6036e-11,1.614e-11,1.6911e-11
1.973e-11,1.51e-11,1.835e-11
2.4282e-11,8.2013e-12,1.4375e-11
2.2621e-11,1.8438e-11,1.7533e-11
2.4096e-11,1.9112e-11,2.6024e-11
4.3376e-11,3.7647e-11,4.541e-11
1.9336e-11,1.0795e-11,2.0254e-11
5.5648e-11,5.2632e-11,6.6698e-11
3.6942e-11,1.4896e-11,2.4603e-11
1.6401e-11,1.3454e-11,2.303e-11
4.4563e-11,1.9523e-11,3.2125e-11
5.2113e-11,3.4337e-11,5.6132e-11
9.6047e-11,3.5253e-11,7.0769e-11
3.2948e-11,1.6272e-11,3.5334e-11
3.9669e-11,1.1023e-11,3.7107e-11
3.7354e-11,1.202e-11,4.0716e-11
6.3563e-11,1.9768e-11,7.3109e-11
5.9765e-11,1.183e-11,5.9881e-11
7.0459e-11,7.6626e-12,6.2059e-11
6.2712e-11,4.9668e-12,6.3342e-11
2.3247e-11,3.5404e-11,1.5797e-11
2.4023e-11,6.2882e-11,3.115e-11
3.0394e-11,4.507e-11,1.911e-11
1.5673e-11,2.4283e-11,2.5059e-11
2.2527e-11,3.4355e-11,3.3227e-11
3.021e-11,4.0376e-11,1.4008e-11
3.063e-11,2.934e-11,1.5385e-11
4.0208e-11,7.3562e-11,6.38e-11
2.2746e-11,2.5769e-11,2.4763e-11
2.59e-11,3.9687e-11,5.4561e-11
3.9453e-11,7.1788e-11,6.3609e-11
1.4603e-11,2.4619e-11,1.7453e-11
3.6001e-11,5.5007e-11,4.8575e-11
1.8802e-11,2.4522e-11,2.2556e-11
2.007e-11,5.5266e-11,2.9911e-11
2.7192e-11,3.5933e-11,3.4306e-11
1.5803e-11,2.8462e-11,2.2533e-11
1.8589e-11,5.6914e-11,3.3154e-11
2.1065e-11,2.1475e-11,3.0701e-11
3.9516e-11,5.8966e-11,5.1665e-11
4.234e-11,7.689e-11,4.0682e-11
2.889e-11,3.6431e-11,3.7201e-11
3.5811e-11,3.4282e-11,2.2984e-11
2.5656e-11,2.7117e-11,3.0057e-11
3.5308e-11,2.1103e-11,1.5115e-11
4.5836e-11,5.4203e-11,6.1465e-11
2.1888e-11,2.0268e-11,2.732e-11
1.9824e-11,2.0712e-11,2.4647e-11
1.6621e-11,1.4589e-11,1.7989e-11
1.795e-11,1.7943e-11,1.8547e-11
2.0322e-11,2.7574e-11,2.5544e-11
2.6751e-11,1.9158e-11,2.8485e-11
4.2464e-11,6.6016e-11,5.7914e-11
2.7783e-11,3.1165e-11,3.5666e-11
3.1698e-11,1.7212e-11,2.709e-11
1.9749e-11,1.2555e-11,1.5162e-11
2.7608e-11,1.0638e-11,1.6618e-11
1.8995e-11,1.4654e-11,2.3144e-11
1.8621e-11,1.0316e-11,1.7929e-11
3.6797e-11,4.9938e-11,5.3303e-11
3.7062e-11,2.7677e-11,3.5805e-11
2.8547e-11,1.5925e-11,2.3148e-11
1.7094e-11,1.2029e-11,2.1169e-11
4.7008e-11,3.565e-11,4.957e-11
5.8336e-11,5.8406e-11,8.813e-11
2.0382e-11,1.5463e-11,2.2043e-11
2.2286e-11,1.1951e-11,2.1256e-11
2.1135e-11,1.4027e-11,2.9512e-11
1.9527e-11,1.5621e-11,2.524e-11
2.4733e-11,9.4139e-12,2.3177e-11
3.329e-11,1.6963e-11,3.0771e-11
2.3493e-11,1.8653e-11,2.2766e-11
4.6164e-11,2.9444e-11,4.6015e-11
7.7267e-11,2.8833e-11,6.2248e-11
3.2382e-11,2.751e-11,4.1322e-11
3.1373e-11,1.4142e-11,3.3724e-11
6.7423e-11,2.5447e-11,8.7677e-11
7.1087e-11,9.3105e-12,6.5985e-11
6.3818e-11,8.8014e-12,6.5613e-11
4.4544e-11,6.4965e-11,4.3135e-11
1.388e-11,3.8897e-11,2.3663e-11
2.0557e-11,4.5735e-11,1.4173e-11
1.7759e-11,2.2348e-11,2.015e-11
1.6259e-11,2.6057e-11,1.6579e-11
2.1726e-11,3.583e-11,1.8475e-11
3.0807e-11,3.8866e-11,1.0593e-11
2.7731e-11,4.3175e-11,2.4637e-11
3.6493e-11,4.6033e-11,4.3331e-11
2.4134e-11,3.6723e-11,2.1286e-11
3.55e-11,6.3275e-11,5.4502e-11
2.2944e-11,2.5704e-11,3.5333e-11
1.6829e-11,2.287e-11,2.5969e-11
8.9375e-12,2.6312e-11,2.1981e-11
1.1579e-11,2.9624e-11,1.7155e-11
3.8679e-11,5.6231e-11,5.7264e-11
2.6208e-11,4.8363e-11,4.0167e-11
1.9581e-11,2.6252e-11,2.6506e-11
2.4021e-11,4.0134e-11,3.6004e-11
3.459e-11,6.1367e-11,3.1551e-11
2.752e-11,3.8579e-11,2.5976e-11
3.3607e-11,3.3808e-11,2.5168e-11
1.6428e-11,3.2326e-11,2.5493e-11
2.7653e-11,3.1781e-11,2.4228e-11
2.0442e-11,2.7002e-11,4.2014e-11
2.6767e-11,1.3933e-11,1.718e-11
1.7986e-11,2.1175e-11,2.4747e-11
4.2743e-11,6.6433e-11,6.4461e-11
1.6485e-11,1.4191e-11,1.7096e-11
4.3533e-11,3.4019e-11,4.3799e-11
2.3139e-11,2.0874e-11,2.7018e-11
2.0442e-11,1.3261e-11,2.0897e-11
4.2253e-11,2.5954e-11,3.4605e-11
2.4593e-11,1.2815e-11,2.0998e-11
5.2229e-11,2.2284e-11,4.694e-11
7.8185e-11,5.364e-11,9.1997e-11
6.0598e-11,4.6883e-11,6.3441e-11
2.4182e-11,1.4673e-11,1.7555e-11
3.3097e-11,1.2646e-11,3.2517e-11
2.5007e-11,1.0469e-11,2.4231e-11
2.4149e-11,1.5124e-11,2.3114e-11
4.6586e-11,1.4727e-11,4.6298e-11
3.5039e-11,2.2441e-11,3.7063e-11
6.1506e-11,3.9952e-11,6.4355e-11
2.9542e-11,2.159e-11,3.4016e-11
6.9261e-11,2.574e-11,7.9157e-11
5.6879e-11,1.8609e-11,5.7488e-11
6.8183e-11,1.3848e-11,7.105e-11
3.4882e-11,3.1124e-11,2.3818e-11
1.7107e-11,3.7684e-11,3.3898e-11
1.972e-11,5.1611e-11,2.4653e-11
9.7496e-12,3.7555e-11,1.8297e-11
2.4737e-11,6.2325e-11,3.3371e-11
3.9493e-11,2.8357e-11,1.5864e-11
1.1871e-11,2.3234e-11,1.36e-11
2.4012e-11,4.6142e-11,2.2381e-11
3.8402e-11,5.6677e-11,3.9649e-11
8.7725e-12,2.5596e-11,1.3935e-11
2.7494e-11,3.5685e-11,1.5248e-11
1.6581e-11,2.1355e-11,2.3095e-11
1.7041e-11,2.7763e-11,1.9535e-11
1.1174e-11,2.6523e-11,1.5014e-11
2.0558e-11,2.7434e-11,2.4685e-11
3.2561e-11,4.3514e-11,3.9838e-11
1.2933e-11,2.3502e-11,2.1882e-11
4.0465e-11,6.3061e-11,5.5646e-11
1.3367e-11,2.3632e-11,2.6162e-11
3.971e-11,7.0022e-11,4.0702e-11
1.6028e-11,1.6319e-11,2.1162e-11
1.9427e-11,1.474e-11,1.3772e-11
1.7127e-11,1.7874e-11,2.2114e-11
1.7914e-11,1.5286e-11,1.6503e-11
2.0919e-11,9.8708e-12,1.4799e-11
3.1189e-11,4.8909e-11,4.0662e-11
1.6721e-11,1.2747e-11,1.8564e-11
1.7563e-11,1.2519e-11,2.0551e-11
1.9787e-11,1.6554e-11,2.5117e-11
3.3899e-11,2.0168e-11,2.9034e-11
4.0085e-11,3.9392e-11,5.0555e-11
5.6389e-11,4.8829e-11,6.6293e-11
2.0697e-11,1.4966e-11,2.5738e-11
1.5924e-11,1.0534e-11,1.8471e-11
6.034e-11,2.3554e-11,4.7217e-11
7.854e-11,4.2515e-11,7.5436e-11
4.1792e-11,1.1331e-11,3.4562e-11
4.6093e-11,1.4315e-11,3.8443e-11
6.5326e-11,3.937e-11,7.067e-11
5.9231e-11,2.4882e-11,5.5234e-11
6.4827e-11,2.8413e-11,6.9582e-11
7.5357e-11,1.3067e-11,6.6288e-11
4.4087e-11,1.9943e-11,1.9472e-11
4.2102e-11,2.4835e-11,1.3735e-11
1.4516e-11,3.5064e-11,1.752e-11
6.2813e-11,7.1437e-11,9.5322e-11
1.6956e-11,3.4038e-11,2.2334e-11
1.9337e-11,4.5514e-11,1.4116e-11
1.9133e-11,4.8352e-11,2.3043e-11
2.7338e-11,3.2091e-11,2.4945e-11
2.0167e-11,3.6313e-11,3.62e-11
2.1838e-11,3.569e-11,1.8881e-11
2.9482e-11,3.0258e-11,1.8736e-11
2.8084e-11,6.631e-11,3.7552e-11
1.7165e-11,2.4832e-11,2.2797e-11
3.0795e-11,5.6215e-11,4.9099e-11
2.2087e-11,2.7033e-11,2.7036e-11
2.8249e-11,7.1909e-11,3.1623e-11
3.0546e-11,2.5867e-11,1.4064e-11
2.9755e-11,5.1854e-11,4.8109e-11
1.2539e-11,3.2706e-11,2.3143e-11
1.5123e-11,2.6813e-11,1.6706e-11
3.5363e-11,4.7184e-11,3.9589e-11
3.7108e-11,2.8179e-11,1.6987e-11
2.6855e-11,4.8794e-11,4.4701e-11
1.5147e-11,2.128e-11,2.1447e-11
2.9673e-11,5.4351e-11,3.3478e-11
3.0341e-11,2.6783e-11,2.12e-11
2.4672e-11,3.4771e-11,3.4593e-11
5.0317e-11,5.3766e-11,6.5767e-11
2.3363e-11,1.0808e-11,1.4522e-11
1.8414e-11,1.0597e-11,1.5282e-11
1.7035e-11,1.3862e-11,1.4991e-11
2.3036e-11,1.466e-11,1.6476e-11
2.5327e-11,1.265e-11,1.8656e-11
1.64e-11,1.0313e-11,2.0416e-11
5.954e-11,4.7063e-11,6.1919e-11
1.881e-11,1.6062e-11,2.2481e-11
5.3285e-11,5.0641e-11,8.2311e-11
5.2181e-11,4.0102e-11,5.5715e-11
3.2995e-11,8.5319e-12,2.7207e-11
2.0622e-11,8.9984e-12,2.4329e-11
7.7364e-11,3.3998e-11,7.0672e-11
2.2979e-11,7.2902e-12,2.5472e-11
5.8401e-11,3.9548e-11,6.481e-11
2.6069e-11,1.6253e-11,2.9438e-11
3.5229e-11,9.6687e-12,3.5766e-11
3.2725e-11,1.361e-11,3.2137e-11
4.9601e-11,1.6448e-11,5.6737e-11
5.8979e-11,1.3958e-11,6.5363e-11
5.9496e-11,7.9002e-12,5.8469e-11
2.0028e-11,3.1822e-11,2.3161e-11
3.818e-11,4.8782e-11,1.7858e-11
1.1551e-11,3.6602e-11,2.4579e-11
2.2092e-11,5.4597e-11,3.1542e-11
1.5641e-11,3.0802e-11,1.6695e-11
2.7977e-11,3.9823e-11,1.2176e-11
1.8029e-11,2.4434e-11,1.8396e-11
3.2549e-11,5.7408e-11,5.0261e-11
1.4919e-11,2.691e-11,2.2559e-11
4.3308e-11,3.0746e-11,1.6661e-11
1.4696e-11,2.1762e-11,3.2917e-11
1.0258e-11,2.1783e-11,2.0578e-11
1.2777e-11,2.5935e-11,1.7356e-11
3.2432e-11,2.6953e-11,1.9086e-11
4.3816e-11,7.0137e-11,6.2146e-11
1.1376e-11,2.2064e-11,2.015e-11
1.6496e-11,2.6208e-11,3.0384e-11
1.6704e-11,2.2139e-11,2.3726e-11
3.3842e-11,3.1491e-11,1.9583e-11
4.6348e-11,7.1869e-11,6.725e-11
1.9853e-11,2.5356e-11,2.9004e-11
2.847e-11,5.1881e-11,3.4985e-11
2.1193e-11,2.4978e-11,2.5445e-11
1.3979e-11,2.6631e-11,3.0707e-11
1.6528e-11,2.4662e-11,2.6299e-11
3.3269e-11,5.3442e-11,3.8661e-11
1.4713e-11,1.7527e-11,1.9328e-11
1.9276e-11,1.3867e-11,1.7145e-11
1.6692e-11,1.3642e-11,1.8929e-11
3.11e-11,4.3351e-11,4.4563e-11
2.1229e-11,1.3885e-11,1.6964e-11
2.1673e-11,1.3922e-11,1.9787e-11
1.6632e-11,1.5207e-11,2.3149e-11
3.613e-11,2.9459e-11,4.2589e-11
1.6826e-11,1.5155e-11,2.1449e-11
1.7484e-11,2.3412e-11,2.2751e-11
3.2534e-11,1.0348e-11,2.0021e-11
4.3086e-11,1.6172e-11,3.5043e-11
2.6586e-11,2.068e-11,2.7164e-11
5.6579e-11,4.4975e-11,6.2378e-11
2.7102e-11,1.8768e-11,3.3993e-11
4.1973e-11,2.8919e-11,4.5996e-11
7.0857e-11,3.7486e-11,7.157e-11
3.2626e-11,3.0377e-11,3.1861e-11
4.8574e-11,1.5627e-11,4.897e-11
5.0232e-11,1.3007e-11,4.6284e-11
5.9217e-11,4.0934e-11,6.8475e-11
5.6664e-11,1.8328e-11,5.7407e-11
7.0101e-11,2.4699e-11,6.6914e-11
3.939e-11,1.162e-11,3.8169e-11
5.7788e-11,1.7382e-11,6.9424e-11
6.5022e-11,1.6338e-11,7.1603e-11
5.3992e-11,6.432e-12,5.6118e-11
6.6357e-11,1.6544e-11,7.0404e-11
2.9812e-11,4.4195e-11,1.7868e-11
1.4354e-11,3.3201e-11,1.9078e-11
1.6738e-11,2.975e-11,1.7094e-11
1.5165e-11,3.2349e-11,2.1895e-11
2.8782e-11,3.6793e-11,3.8841e-11
3.0152e-11,5.3625e-11,1.565e-11
2.6018e-11,4.6898e-11,1.4582e-11
2.4184e-11,4.0399e-11,3.653e-11
1.4693e-11,2.4655e-11,1.8152e-11
1.3313e-11,3.1866e-11,1.9257e-11
1.5345e-11,3.321e-11,2.1269e-11
1.3684e-11,2.6943e-11,2.6474e-11
2.7565e-11,4.2213e-11,3.0158e-11
1.301e-11,2.1448e-11,1.6478e-11
3.1728e-11,3.8742e-11,2.5172e-11
3.6561e-11,5.4197e-11,4.9842e-11
1.7474e-11,2.5408e-11,2.3333e-11
1.0567e-11,1.7447e-11,1.89e-11
1.7994e-11,2.8544e-11,3.0126e-11
2.4575e-11,3.835e-11,3.4804e-11
3.5173e-11,4.267e-11,4.3328e-11
1.8062e-11,2.1007e-11,2.2837e-11
2.308e-11,2.9342e-11,2.3012e-11
1.4709e-11,1.487e-11,1.8605e-11
3.9727e-11,1.8821e-11,1.4513e-11
2.5034e-11,2.4587e-11,2.9577e-11
2.0885e-11,1.8098e-11,1.9273e-11
1.8546e-11,1.8374e-11,1.6327e-11
2.4755e-11,2.1169e-11,2.3518e-11
3.151e-11,1.0821e-11,1.7541e-11
3.9481e-11,2.0943e-11,2.0467e-11
2.7014e-11,2.6978e-11,3.4019e-11
1.9879e-11,2.2221e-11,2.0214e-11
3.9113e-11,2.7034e-11,3.9552e-11
2.9774e-11,1.5146e-11,2.8642e-11
5.7166e-11,5.639e-11,8.7183e-11
3.6284e-11,1.7403e-11,2.9865e-11
6.0019e-11,4.6498e-11,6.4627e-11
3.7984e-11,2.6178e-11,4.0011e-11
2.9322e-11,8.928e-12,2.567e-11
3.6654e-11,1.9512e-11,3.9268e-11
4.1265e-11,1.4907e-11,4.0253e-11
5.2069e-11,2.0354e-11,5.067e-11
4.6302e-11,1.9571e-11,3.9243e-11
7.2537e-11,2.7182e-11,6.8822e-11
6.6418e-11,2.2265e-11,8.762e-11
5.0097e-11,3.294e-11,4.078e-11
6.5581e-11,9.1571e-11,3.9795e-11
3.1084e-11,4.819e-11,1.8059e-11
2.3757e-11,3.8895e-11,3.6962e-11
1.3604e-11,2.3217e-11,1.5016e-11
4.0515e-11,3.0522e-11,3.4449e-11
2.6904e-11,4.0364e-11,1.2253e-11
1.1127e-11,3.3635e-11,1.9012e-11
2.764e-11,3.0495e-11,2.0014e-11
2.4313e-11,3.5154e-11,1.8364e-11
1.7689e-11,1.8724e-11,1.7606e-11
3.3446e-11,2.8929e-11,1.7779e-11
3.0016e-11,4.744e-11,4.1017e-11
2.9973e-11,2.4145e-11,2.381e-11
1.4754e-11,2.1857e-11,1.9011e-11
2.0064e-11,2.4625e-11,2.1308e-11
2.6523e-11,3.3352e-11,2.2362e-11
2.054e-11,2.861e-11,2.6744e-11
2.8632e-11,3.0775e-11,2.5038e-11
2.3865e-11,3.4274e-11,2.8737e-11
1.8176e-11,2.4758e-11,2.2581e-11
1.8544e-11,2.3529e-11,2.3299e-11
1.6426e-11,1.9143e-11,1.9176e-11
2.8466e-11,2.6314e-11,1.9924e-11
2.5254e-11,3.0697e-11,3.5774e-11
1.9354e-11,2.432e-11,2.3838e-11
2.9908e-11,4.8387e-11,3.9652e-11
1.8708e-11,1.843e-11,2.0784e-11
1.8551e-11,2.6579e-11,2.2838e-11
2.1166e-11,1.8285e-11,1.9643e-11
1.6607e-11,1.2477e-11,1.7085e-11
2.0568e-11,1.9537e-11,1.5028e-11
3.0931e-11,3.0586e-11,3.9132e-11
2.7105e-11,2.6824e-11,2.3511e-11
1.8044e-11,1.2747e-11,2.0504e-11
3.017e-11,4.7222e-11,5.3765e-11
3.3831e-11,2.0009e-11,3.1361e-11
1.8412e-11,1.6339e-11,2.0285e-11
3.8266e-11,2.6858e-11,3.9542e-11
2.5118e-11,1.4338e-11,2.0689e-11
6.4205e-11,5.307e-11,9.2958e-11
6.9143e-11,5.0629e-11,7.6269e-11
1.8875e-11,2.3485e-11,2.9282e-11
5.6128e-11,3.4652e-11,6.3745e-11
3.3156e-11,1.0843e-11,3.0955e-11
2.8174e-11,8.4746e-12,3.0224e-11
4.5812e-11,1.3716e-11,4.0341e-11
6.164e-11,1.8027e-11,6.2121e-11
3.8443e-11,1.6824e-11,4.073e-11
4.1379e-11,1.2612e-11,4.4688e-11
5.376e-11,1.5966e-11,5.1816e-11
5.3185e-11,4.2523e-12,5.3617e-11
5.9025e-11,7.5121e-12,5.6431e-11
6.3688e-11,1.2316e-11,6.3841e-11
3.3419e-11,2.788e-11,2.3178e-11
6.782e-11,9.2111e-11,4.7624e-11
2.9015e-11,5.2478e-11,2.1943e-11
2.077e-11,3.0603e-11,2.4842e-11
2.2978e-11,2.8394e-11,1.3093e-11
4.0134e-11,3.3755e-11,6.0422e-11
2.1161e-11,4.8171e-11,3.471e-11
2.5819e-11,3.0924e-11,1.7867e-11
2.0918e-11,1.7074e-11,2.0598e-11
2.4642e-11,2.6769e-11,2.032e-11
4.9394e-11,7.7497e-11,6.6308e-11
1.1338e-11,1.7892e-11,1.6294e-11
1.5533e-11,1.8742e-11,1.875e-11
3.2837e-11,2.3738e-11,1.9109e-11
2.9257e-11,3.2394e-11,3.6971e-11
1.8411e-11,1.423e-11,2.0508e-11
2.7709e-11,4.4565e-11,5.0215e-11
1.7693e-11,1.7376e-11,2.0411e-11
2.985e-11,1.0888e-11,1.5906e-11
2.1348e-11,2.0153e-11,2.4505e-11
2.1626e-11,1.2103e-11,1.8915e-11
3.5906e-11,1.3697e-11,2.4423e-11
4.5448e-11,1.6286e-11,3.6329e-11
1.7014e-11,2.2481e-11,2.6529e-11
4.9109e-11,3.4525e-11,5.3422e-11
4.7659e-11,1.5486e-11,3.8113e-11
2.1257e-11,1.6441e-11,2.4304e-11
4.0964e-11,1.7163e-11,5.1514e-11
7.4115e-11,2.7257e-11,7.3691e-11
2.9131e-11,4.1862e-12,3.0175e-11
3.1986e-11,7.0488e-12,3.2051e-11
4.2277e-11,1.3582e-11,4.6301e-11
7.3444e-11,1.184e-10,4.8005e-11
3.9183e-11,6.529e-11,4.3646e-11
3.2265e-11,4.941e-11,4.3763e-11
2.3337e-11,5.2596e-11,4.1883e-11
2.9366e-11,2.9954e-11,2.0928e-11
1.0624e-11,3.052e-11,1.5971e-11
2.9447e-11,6.1212e-11,5.0623e-11
2.2378e-11,2.7385e-11,1.9914e-11
1.9291e-11,4.4233e-11,3.1177e-11
2.5768e-11,3.9934e-11,2.054e-11
2.4736e-11,3.2406e-11,2.8501e-11
2.6787e-11,3.3731e-11,2.8251e-11
3.0806e-11,2.7957e-11,1.493e-11
1.6908e-11,2.1989e-11,1.5325e-11
1.6658e-11,2.2032e-11,1.6744e-11
3.1358e-11,3.6114e-11,2.1421e-11
1.8772e-11,2.5683e-11,1.791e-11
2.5862e-11,3.373e-11,3.4115e-11
1.6079e-11,2.1296e-11,2.5948e-11
1.2695e-11,2.3075e-11,3.0188e-11
1.3503e-11,1.8639e-11,2.3635e-11
5.2292e-11,6.1797e-11,6.5704e-11
2.9424e-11,1.9791e-11,1.3117e-11
3.1768e-11,3.1937e-11,3.8909e-11
3.7404e-11,1.5551e-11,2.4142e-11
2.573e-11,9.5712e-12,1.3444e-11
1.6975e-11,1.4568e-11,1.4919e-11
3.1943e-11,4.3191e-11,3.9306e-11
2.9533e-11,4.3052e-11,4.4855e-11
2.8748e-11,2.1704e-11,2.1721e-11
3.2544e-11,3.333e-11,3.3335e-11
2.6626e-11,1.5572e-11,2.8005e-11
3.7745e-11,1.486e-11,2.3856e-11
2.2491e-11,1.2742e-11,1.8391e-11
4.4686e-11,3.9903e-11,5.043e-11
2.7447e-11,1.9629e-11,2.9118e-11
4.0262e-11,1.8291e-11,3.9608e-11
4.6151e-11,2.1409e-11,4.6455e-11
2.7722e-11,1.0257e-11,2.9656e-11
2.5738e-11,1.4051e-11,2.6061e-11
2.5701e-11,6.7709e-12,2.5591e-11
5.226e-11,1.5782e-11,4.9369e-11
5.8935e-11,1.8181e-11,5.709e-11
4.6067e-11,2.6912e-11,4.3526e-11
5.5924e-11,3.0126e-11,6.0734e-11
5.8211e-11,1.5944e-11,4.9382e-11
6.1991e-11,2.9952e-11,6.6755e-11
4.9066e-11,9.9736e-12,4.7461e-11
3.7407e-11,4.7355e-11,2.8167e-11
1.1656e-11,2.7591e-11,1.4709e-11
3.6011e-11,2.8318e-11,3.0704e-11
2.7707e-11,4.2248e-11,1.3115e-11
3.2641e-11,4.6323e-11,2.5005e-11
4.6248e-11,3.9854e-11,1.712e-11
3.3124e-11,2.7942e-11,1.7718e-11
3.0294e-11,2.4114e-11,2.6465e-11
2.3746e-11,2.388e-11,2.5278e-11
2.8343e-11,3.5683e-11,3.6657e-11
4.6658e-11,6.384e-11,6.0821e-11
3.1633e-11,1.2696e-11,1.4665e-11
2.3827e-11,1.1332e-11,2.1524e-11
1.7094e-11,3.7899e-11,2.5683e-11
2.1659e-11,1.8658e-11,1.4315e-11
2.0308e-11,1.3834e-11,1.8974e-11
4.4612e-11,4.07e-11,5.1006e-11
4.9362e-11,4.811e-11,5.8607e-11
3.4532e-11,3.0422e-11,3.8359e-11
1.6951e-11,1.4773e-11,2.2875e-11
3.1154e-11,1.192e-11,1.7437e-11
2.5156e-11,2.1009e-11,2.5884e-11
4.6741e-11,3.8917e-11,5.3472e-11
2.2395e-11,8.3552e-12,2.1317e-11
3.366e-11,1.6793e-11,3.128e-11
5.5711e-11,3.1929e-11,5.1762e-11
1.7501e-11,2.2565e-11,2.5514e-11
2.4418e-11,9.2913e-12,2.2767e-11
2.2786e-11,1.7385e-11,2.0061e-11
5.1532e-11,2.6707e-11,5.5068e-11
2.6812e-11,1.5247e-11,2.8187e-11
2.6876e-11,1.6728e-11,2.8614e-11
5.135e-11,3.6419e-11,5.89e-11
2.541e-11,1.2088e-11,2.6855e-11
2.446e-11,1.2302e-11,2.5991e-11
2.5956e-11,1.4965e-11,2.627e-11
6.2266e-11,1.9255e-11,6.1227e-11
3.7644e-11,2.2816e-11,4.0289e-11
5.7203e-11,1.6813e-11,5.7705e-11
5.6587e-11,1.6255e-11,4.9324e-11
6.0499e-11,3.0598e-11,7.3703e-11
6.1264e-11,1.8034e-11,6.7198e-11
5.592e-11,6.9154e-12,5.4914e-11
1.8773e-11,3.0377e-11,2.0632e-11
2.9956e-11,2.4937e-11,2.225e-11
1.578e-11,2.5254e-11,2.2273e-11
1.9166e-11,3.2588e-11,2.4646e-11
1.6902e-11,3.3278e-11,2.6316e-11
1.6406e-11,1.4494e-11,2.8178e-11
1.8513e-11,2.8308e-11,1.492e-11
2.8564e-11,3.5841e-11,2.2691e-11
3.4268e-11,6.1032e-11,5.7772e-11
2.5054e-11,4.8655e-11,4.0832e-11
2.7232e-11,5.3734e-11,4.4458e-11
1.5646e-11,2.3002e-11,1.8256e-11
2.8047e-11,3.4091e-11,1.9848e-11
2.3071e-11,1.963e-11,2.2003e-11
1.8963e-11,2.6328e-11,2.3689e-11
1.4845e-11,1.8973e-11,1.872e-11
1.9009e-11,3.5467e-11,2.4246e-11
4.806e-11,6.3352e-11,6.0422e-11
1.2285e-11,1.872e-11,2.3542e-11
3.3839e-11,2.3333e-11,3.7956e-11
1.6547e-11,2.4231e-11,2.6139e-11
2.377e-11,2.2666e-11,2.2942e-11
3.8388e-11,3.8927e-11,4.4751e-11
2.4757e-11,2.8841e-11,3.5768e-11
2.1158e-11,1.0721e-11,1.5644e-11
3.1848e-11,3.2278e-11,4.0246e-11
1.6415e-11,1.5156e-11,2.0208e-11
3.9513e-11,3.1282e-11,2.5723e-11
2.2429e-11,1.6767e-11,1.8526e-11
1.7319e-11,1.7199e-11,2.3189e-11
3.198e-11,2.5184e-11,3.0829e-11
2.6244e-11,2.4478e-11,2.6286e-11
4.4796e-11,3.7666e-11,4.9506e-11
1.9119e-11,1.0115e-11,1.701e-11
2.5617e-11,1.0019e-11,2.2776e-11
3.1189e-11,1.0319e-11,2.6822e-11
3.5874e-11,1.7028e-11,3.3001e-11
2.2073e-11,8.2186e-12,2.2968e-11
2.4795e-11,1.0303e-11,2.4712e-11
2.4775e-11,1.2137e-11,2.9089e-11
2.9204e-11,1.5285e-11,3.237e-11
6.9196e-11,2.7228e-11,6.4299e-11
3.9867e-11,3.4148e-11,3.9257e-11
5.4006e-11,9.2825e-12,5.4027e-11
6.1781e-11,2.0584e-11,6.1703e-11
6.0531e-11,1.8673e-11,7.8144e-11
5.7238e-11,4.2965e-11,4.0723e-11
3.1079e-11,4.2433e-11,3.177e-11
1.3797e-11,2.7632e-11,1.6555e-11
2.1638e-11,3.9505e-11,1.6303e-11
2.0716e-11,2.4843e-11,2.0437e-11
2.3468e-11,2.8911e-11,2.1516e-11
1.4853e-11,2.8458e-11,2.7938e-11
2.0181e-11,2.3577e-11,1.9743e-11
2.6202e-11,5.4644e-11,5.032e-11
3.4587e-11,2.4572e-11,1.4948e-11
2.2773e-11,2.7507e-11,2.4542e-11
1.974e-11,2.4603e-11,1.5058e-11
2.4282e-11,2.9713e-11,1.7074e-11
1.8749e-11,4.0705e-11,3.5284e-11
1.9288e-11,2.6824e-11,1.5742e-11
2.6093e-11,3.7013e-11,2.8531e-11
3.6261e-11,6.2368e-11,6.1562e-11
1.9355e-11,3.0333e-11,2.5114e-11
2.703e-11,2.1454e-11,3.0148e-11
1.7775e-11,2.0817e-11,1.9222e-11
2.366e-11,2.6608e-11,2.7861e-11
1.4337e-11,2.1851e-11,1.9143e-11
5.5493e-11,6.7306e-11,6.924e-11
2.544e-11,3.8737e-11,5.5235e-11
1.9563e-11,2.2986e-11,3.0762e-11
3.1751e-11,2.4602e-11,3.323e-11
2.3923e-11,3.2867e-11,4.2458e-11
2.2029e-11,1.3205e-11,2.2896e-11
2.7841e-11,1.062e-11,2.5294e-11
2.6446e-11,1.6994e-11,2.7635e-11
4.8768e-11,3.737e-11,5.1202e-11
2.0204e-11,7.3303e-12,1.964e-11
4.3411e-11,2.016e-11,4.51e-11
2.2648e-11,1.0477e-11,2.3283e-11
2.2945e-11,1.6357e-11,2.9261e-11
3.7005e-11,1.4372e-11,2.7714e-11
7.0047e-11,2.8691e-11,7.3464e-11
5.2101e-11,2.8134e-11,5.3812e-11
3.5717e-11,1.0316e-11,3.6002e-11
3.6393e-11,2.6855e-11,3.9438e-11
6.1812e-11,3.1445e-11,6.4967e-11
5.4952e-11,5.5919e-12,5.8492e-11
1.3394e-11,2.9544e-11,1.4899e-11
2.324e-11,3.4424e-11,1.575e-11
2.1541e-11,2.4568e-11,2.0636e-11
5.7537e-11,5.9564e-11,4.8221e-11
2.1992e-11,3.1218e-11,2.5505e-11
1.1184e-11,2.8253e-11,2.0741e-11
1.0532e-11,3.1306e-11,1.772e-11
1.0536e-11,2.691e-11,2.0318e-11
2.5493e-11,3.2081e-11,2.4972e-11
1.4013e-11,2.3905e-11,1.8567e-11
2.2777e-11,4.7564e-11,4.6963e-11
2.5894e-11,5.0881e-11,2.746e-11
1.7796e-11,3.9953e-11,3.3537e-11
1.6249e-11,2.0256e-11,1.4341e-11
3.5226e-11,4.8942e-11,3.8407e-11
3.7545e-11,2.7248e-11,1.6238e-11
4.7091e-11,7.828e-11,6.1812e-11
2.5946e-11,2.9703e-11,1.3785e-11
1.556e-11,1.9013e-11,1.9799e-11
1.6759e-11,1.8739e-11,2.0626e-11
1.3794e-11,1.839e-11,2.0703e-11
1.353e-11,1.5573e-11,1.8875e-11
1.9421e-11,1.6534e-11,2.2201e-11
2.1973e-11,1.9807e-11,1.1567e-11
2.6368e-11,1.526e-11,1.1949e-11
3.083e-11,4.4681e-11,7.3719e-11
1.9974e-11,1.7919e-11,1.6722e-11
1.6101e-11,1.1061e-11,2.0683e-11
2.6852e-11,3.303e-11,3.02e-11
1.7655e-11,2.1031e-11,2.4835e-11
1.7917e-11,1.274e-11,1.9132e-11
2.8063e-11,2.8633e-11,2.9474e-11
1.8717e-11,1.1491e-11,1.9819e-11
3.0407e-11,1.2852e-11,2.5044e-11
2.5212e-11,1.147e-11,2.8582e-11
5.6197e-11,3.149e-11,5.5313e-11
2.375e-11,1.1981e-11,2.4086e-11
2.1184e-11,1.0462e-11,2.188e-11
2.6862e-11,1.8589e-11,3.0118e-11
2.245e-11,1.7371e-11,2.3379e-11
5.4659e-11,3.7644e-11,6.3981e-11
5.1781e-11,3.5047e-11,5.9887e-11
3.2143e-11,2.5317e-11,3.2817e-11
3.3265e-11,1.4032e-11,3.1254e-11
6.6935e-11,2.7239e-11,7.1565e-11
2.955e-11,1.4048e-11,3.2443e-11
3.9955e-11,1.2498e-11,3.8747e-11
5.0914e-11,1.9704e-11,4.4267e-11
5.9943e-11,1.397e-11,5.3789e-11
5.5521e-11,1.6302e-11,5.9682e-11
6.2133e-11,1.9425e-11,5.954e-11
6.6288e-11,1.9737e-11,7.8453e-11
2.1058e-11,3.1889e-11,1.5436e-11
1.4668e-11,3.5989e-11,2.5707e-11
1.6275e-11,3.2678e-11,2.4185e-11
2.6865e-11,3.4975e-11,2.5232e-11
1.1803e-11,2.6873e-11,1.7781e-11
2.2846e-11,2.6598e-11,2.0896e-11
2.0028e-11,3.4375e-11,3.6113e-11
1.4066e-11,2.1406e-11,1.2654e-11
1.7535e-11,2.5011e-11,1.5726e-11
1.574e-11,3.2111e-11,2.3593e-11
1.7939e-11,3.3626e-11,3.1335e-11
1.8128e-11,2.6579e-11,2.1315e-11
1.6404e-11,2.5766e-11,1.94e-11
3.364e-11,3.8732e-11,1.6882e-11
1.6596e-11,2.884e-11,2.5084e-11
1.7607e-11,2.4147e-11,2.0385e-11
3.8393e-11,5.6207e-11,7.0094e-11
2.5413e-11,2.3548e-11,2.2503e-11
1.9642e-11,2.402e-11,1.8584e-11
1.8454e-11,2.48e-11,2.178e-11
3.3028e-11,3.5322e-11,3.9801e-11
3.022e-11,1.1419e-11,1.9204e-11
3.5487e-11,5.1251e-11,8.0936e-11
1.7612e-11,6.9008e-12,2.0325e-11
2.0169e-11,1.4508e-11,2.3209e-11
3.5085e-11,4.7933e-11,6.2776e-11
1.948e-11,9.733e-12,1.7147e-11
4.1333e-11,4.2702e-11,6.1935e-11
1.7635e-11,2.2506e-11,2.6108e-11
2.0323e-11,8.1304e-12,1.7534e-11
5.2796e-11,5.6765e-11,1.0235e-10
1.5856e-11,1.8755e-11,1.954e-11
5.8386e-11,6.0546e-11,1.044e-10
6.6377e-11,5.2057e-11,8.6632e-11
7.0605e-11,5.0977e-11,8.5447e-11
2.314e-11,1.0812e-11,2.4123e-11
4.4406e-11,2.2894e-11,4.6663e-11
3.7618e-11,2.1959e-11,4.1005e-11
4.2923e-11,1.5088e-11,4.4698e-11
2.726e-11,1.4887e-11,2.6636e-11
6.3559e-11,2.0814e-11,6.0896e-11
7.0413e-11,2.2674e-11,6.8218e-11
6.2882e-11,1.809e-11,5.1137e-11
4.3002e-11,1.7841e-11,4.226e-11
4.9904e-11,1.4672e-11,4.9918e-11
4.84e-11,1.3249e-11,4.9395e-11
4.9706e-11,7.4883e-12,5.3042e-11
5.8077e-11,1.5452e-11,6.1652e-11
7.0235e-11,8.5335e-11,7.6238e-11
2.4282e-11,2.9875e-11,1.592e-11
1.6826e-11,3.089e-11,1.7317e-11
1.006e-11,2.7588e-11,1.7245e-11
3.2006e-11,4.2819e-11,2.9343e-11
1.3671e-11,3.0002e-11,2.3128e-11
3.5251e-11,4.8943e-11,3.9072e-11
1.7049e-11,2.4161e-11,2.0988e-11
1.2709e-11,2.8104e-11,1.7452e-11
1.6717e-11,2.7937e-11,1.706e-11
1.5407e-11,3.0424e-11,2.9543e-11
1.2053e-11,2.4652e-11,1.5671e-11
1.4072e-11,2.7803e-11,1.7969e-11
2.4907e-11,3.8682e-11,3.1424e-11
3.2247e-11,5.0264e-11,6.54e-11
2.1702e-11,3.0985e-11,2.6198e-11
1.3671e-11,1.9025e-11,1.5385e-11
1.7316e-11,2.0222e-11,2.4496e-11
1.2992e-11,1.6753e-11,2.1727e-11
3.2637e-11,3.5389e-11,3.4431e-11
3.0804e-11,3.502e-11,3.6498e-11
1.7435e-11,1.5538e-11,1.1694e-11
2.8539e-11,3.9438e-11,6.0374e-11
5.5401e-11,5.5938e-11,6.3582e-11
4.9808e-11,5.0191e-11,5.6858e-11
2.1125e-11,1.7198e-11,2.3966e-11
2.964e-11,2.2762e-11,2.5272e-11
2.5228e-11,2.4321e-11,2.8454e-11
2.2092e-11,1.224e-11,1.4146e-11
2.3809e-11,1.0246e-11,1.6919e-11
3.8949e-11,5.1806e-11,8.1938e-11
4.6984e-11,4.5474e-11,5.3904e-11
1.6624e-11,8.727e-12,1.5605e-11
2.0825e-11,2.3681e-11,2.2896e-11
5.9798e-11,4.939e-11,8.4617e-11
6.8324e-11,5.0191e-11,7.6137e-11
5.8323e-11,4.4154e-11,6.4992e-11
1.9981e-11,5.6304e-12,1.9152e-11
2.7352e-11,8.6961e-12,2.9189e-11
2.2217e-11,1.0533e-11,2.3062e-11
3.7813e-11,1.5991e-11,3.314e-11
5.6487e-11,1.9331e-11,4.8729e-11
1.4753e-11,3.5662e-11,2.929e-11
2.5242e-11,3.4497e-11,1.7314e-11
1.4997e-11,2.8622e-11,2.0638e-11
1.6044e-11,2.5025e-11,1.552e-11
2.0463e-11,3.1978e-11,1.6902e-11
2.2855e-11,3.1035e-11,2.671e-11
1.5956e-11,2.3976e-11,1.6303e-11
2.6097e-11,3.0965e-11,2.5808e-11
2.8984e-11,3.6143e-11,2.8611e-11
2.4412e-11,2.9282e-11,2.5136e-11
1.568e-11,2.8614e-11,2.105e-11
1.3362e-11,2.778e-11,2.0066e-11
3.3341e-11,5.2981e-11,6.763e-11
2.3094e-11,4.119e-11,4.8246e-11
5.5361e-11,8.2515e-11,6.1888e-11
1.4271e-11,2.673e-11,2.7486e-11
5.052e-11,7.7283e-11,6.1885e-11
2.3988e-11,1.9939e-11,2.2827e-11
1.6857e-11,2.5436e-11,3.1403e-11
1.9733e-11,1.5224e-11,2.1888e-11
1.4952e-11,1.4572e-11,1.8848e-11
4.2534e-11,5.236e-11,4.9185e-11
3.9353e-11,1.3288e-11,2.7425e-11
3.7941e-11,1.8364e-11,1.8882e-11
2.0433e-11,1.6579e-11,2.4934e-11
1.5965e-11,1.4524e-11,1.4531e-11
1.622e-11,1.3659e-11,1.7928e-11
2.0492e-11,1.5313e-11,2.3395e-11
3.3395e-11,4.9116e-11,8.4841e-11
2.3331e-11,2.2686e-11,2.645e-11
2.7316e-11,2.7098e-11,3.29e-11
1.9287e-11,1.5081e-11,2.0176e-11
1.835e-11,2.1288e-11,2.4755e-11
2.6865e-11,1.4562e-11,3.1989e-11
3.3894e-11,2.8609e-11,4.5492e-11
5.4285e-11,5.0438e-11,6.1923e-11
1.8036e-11,8.0143e-12,1.933e-11
5.3753e-11,4.6988e-11,5.9442e-11
1.8026e-11,1.0873e-11,1.7477e-11
3.4175e-11,2.4626e-11,3.7228e-11
2.9652e-11,1.5158e-11,3.06e-11
3.4545e-11,2.7823e-11,3.904e-11
2.0684e-11,6.1907e-12,1.9673e-11
5.7125e-11,4.5228e-11,6.1333e-11
3.1603e-11,1.7665e-11,4.8773e-11
2.096e-11,1.0993e-11,2.4075e-11
2.8589e-11,1.4487e-11,3.0697e-11
4.0021e-11,2.2344e-11,4.3152e-11
6.1581e-11,3.2477e-11,7.52e-11
4.5759e-11,1.7338e-11,4.309e-11
2.6679e-11,1.0399e-11,2.533e-11
3.1149e-11,1.2911e-11,3.3884e-11
3.1377e-11,2.328e-11,3.0118e-11
5.6629e-11,2.7153e-11,6.1072e-11
7.1791e-11,2.4056e-11,6.9127e-11
3.015e-11,1.8126e-11,2.9434e-11
6.3548e-11,2.986e-11,7.053e-11
6.0399e-11,2.837e-11,7.0823e-11
3.4441e-11,6.0863e-12,3.2589e-11
5.0853e-11,2.219e-11,4.9077e-11
6.3781e-11,1.5804e-11,6.0585e-11
6.5455e-11,1.8754e-11,6.5549e-11
1.846e-11,2.1401e-11,1.8691e-11
2.0329e-11,3.0857e-11,2.3268e-11
3.6778e-11,3.0762e-11,4.5996e-11
1.8153e-11,3.0078e-11,2.4982e-11
1.2166e-11,2.5557e-11,1.5733e-11
2.9129e-11,3.6113e-11,3.3348e-11
1.4177e-11,2.3169e-11,1.6398e-11
8.7738e-12,2.4356e-11,2.2172e-11
1.852e-11,2.2366e-11,1.7324e-11
4.7237e-11,6.8688e-11,5.341e-11
2.9351e-11,4.6201e-11,6.5449e-11
4.7881e-11,6.2946e-11,5.0957e-11
5.3825e-11,7.0888e-11,6.4373e-11
4.8683e-11,5.471e-11,5.323e-11
1.4725e-11,1.6065e-11,2.0549e-11
1.5215e-11,1.6044e-11,1.9001e-11
1.7442e-11,1.8129e-11,2.211e-11
3.1123e-11,4.666e-11,6.425e-11
5.5204e-11,5.1454e-11,6.3775e-11
3.0639e-11,1.69e-11,3.3023e-11
2.6367e-11,3.3065e-11,2.9609e-11
1.765e-11,1.6699e-11,2.0927e-11
2.5646e-11,2.3582e-11,2.9281e-11
5.4177e-11,3.6505e-11,6.6381e-11
2.2797e-11,1.1929e-11,2.5812e-11
4.0653e-11,2.9246e-11,5.2264e-11
2.4859e-11,1.5515e-11,2.5196e-11
5.5206e-11,3.7885e-11,6.3522e-11
2.6077e-11,6.5126e-12,2.7163e-11
5.6718e-11,1.9372e-11,5.8162e-11
5.9496e-11,1.7334e-11,5.9379e-11
3.5432e-11,6.8883e-12,3.3719e-11
4.4483e-11,1.1871e-11,4.4455e-11
3.7357e-11,9.2038e-12,3.6347e-11
3.8899e-11,1.4136e-11,3.6861e-11
7.2822e-11,2.0502e-11,5.9939e-11
4.8268e-11,1.3927e-11,5.2127e-11
6.3224e-11,1.6208e-11,5.8034e-11
6.4473e-11,1.7992e-11,6.8501e-11
2.5213e-11,5.3122e-11,5.169e-11
2.015e-11,1.7712e-11,1.8409e-11
5.9523e-11,6.5652e-11,7.7713e-11
1.7906e-11,2.7409e-11,2.2046e-11
2.1248e-11,2.869e-11,3.4132e-11
1.7949e-11,2.6981e-11,2.2504e-11
1.7345e-11,2.9677e-11,3.3523e-11
1.4842e-11,2.51e-11,2.6381e-11
3.3196e-11,4.096e-11,3.1639e-11
1.9629e-11,1.8543e-11,1.9923e-11
1.7141e-11,1.6802e-11,1.5794e-11
2.4868e-11,3.6431e-11,2.6702e-11
2.1163e-11,2.7611e-11,1.4659e-11
1.9252e-11,2.9107e-11,4.3497e-11
2.36e-11,2.1798e-11,2.6176e-11
3.0695e-11,4.5509e-11,7.3235e-11
1.49e-11,2.0318e-11,2.0666e-11
2.7545e-11,4.1605e-11,6.3743e-11
4.7162e-11,4.861e-11,5.0177e-11
1.9841e-11,1.9052e-11,2.4831e-11
2.156e-11,1.6061e-11,2.2581e-11
3.1015e-11,3.3044e-11,3.8117e-11
4.4256e-11,5.8836e-11,8.9364e-11
2.3293e-11,1.8739e-11,1.4335e-11
2.716e-11,1.7626e-11,2.7413e-11
1.9424e-11,2.2818e-11,2.4085e-11
4.949e-11,4.3897e-11,5.3629e-11
2.9021e-11,1.5395e-11,2.5403e-11
2.1827e-11,1.9186e-11,2.0834e-11
3.3093e-11,1.7329e-11,2.72e-11
1.7979e-11,1.6871e-11,2.1482e-11
4.7817e-11,4.2025e-11,5.2536e-11
6.5839e-11,4.851e-11,7.8041e-11
3.11e-11,1.6843e-11,3.6444e-11
2.6958e-11,2.1081e-11,3.0226e-11
4.8105e-11,2.968e-11,6.237e-11
2.3675e-11,1.1893e-11,2.8921e-11
4.9765e-11,3.0449e-11,5.6005e-11
2.9161e-11,2.0789e-11,2.7367e-11
2.3723e-11,6.104e-12,2.1733e-11
2.6052e-11,4.5369e-12,2.6921e-11
4.902e-11,1.6168e-11,5.2661e-11
4.1204e-11,1.1136e-11,4.0752e-11
6.2564e-11,1.8741e-11,6.3833e-11
6.6788e-11,1.9207e-11,5.8917e-11
5.388e-11,1.603e-11,5.1698e-11
6.4869e-11,1.8963e-11,6.3634e-11
5.7764e-11,1.3552e-11,5.6143e-11
6.7773e-11,2.2187e-11,6.6778e-11
1.206e-11,2.5019e-11,1.725e-11
2.2975e-11,3.7276e-11,1.9983e-11
3.8058e-11,4.7052e-11,3.3717e-11
1.6712e-11,2.8462e-11,1.9288e-11
1.8369e-11,2.9243e-11,3.6862e-11
1.5245e-11,2.8354e-11,1.9372e-11
2.4469e-11,3.5107e-11,1.7296e-11
1.3126e-11,2.472e-11,1.9284e-11
4.1854e-11,7.0352e-11,5.0759e-11
1.5434e-11,3.2846e-11,3.0526e-11
3.2192e-11,2.8389e-11,1.7587e-11
1.6826e-11,2.3067e-11,2.5022e-11
1.8251e-11,2.9542e-11,2.0674e-11
2.1782e-11,2.4424e-11,1.925e-11
2.1784e-11,2.3609e-11,1.9966e-11
1.0172e-11,1.8034e-11,2.0557e-11
1.5509e-11,2.0498e-11,1.5403e-11
1.6722e-11,2.5563e-11,3.3738e-11
3.1606e-11,3.4774e-11,3.5636e-11
1.4962e-11,1.4609e-11,1.7222e-11
1.594e-11,1.8767e-11,2.0827e-11
1.8777e-11,2.0231e-11,3.0495e-11
2.9751e-11,2.9593e-11,3.3007e-11
1.8443e-11,9.9191e-12,2.0232e-11
1.7706e-11,1.082e-11,2.0036e-11
2.1151e-11,1.4879e-11,2.7185e-11
1.6304e-11,1.3599e-11,2.3558e-11
1.5393e-11,1.2808e-11,2.1562e-11
1.7349e-11,1.0787e-11,1.7266e-11
3.5809e-11,3.2404e-11,4.0943e-11
1.7277e-11,1.6836e-11,1.547e-11
2.1682e-11,1.3411e-11,1.908e-11
3.3801e-11,2.9586e-11,3.8933e-11
5.0211e-11,3.8191e-11,5.912e-11
4.7756e-11,3.5728e-11,6.098e-11
1.6712e-11,9.7662e-12,2.1727e-11
4.3861e-11,2.3194e-11,4.5189e-11
5.5963e-11,3.9779e-11,5.9339e-11
2.3317e-11,5.2875e-12,2.4466e-11
3.2684e-11,1.7286e-11,3.1768e-11
3.3294e-11,1.4093e-11,2.8719e-11
3.3464e-11,1.015e-11,3.1664e-11
6.4962e-11,3.3894e-11,8.1677e-11
6.1918e-11,3.2583e-11,7.8919e-11
5.6063e-11,3.2454e-11,6.2885e-11
5.8656e-11,1.8597e-11,5.5319e-11
6.6084e-11,2.4272e-11,7.7254e-11
3.7058e-11,1.1931e-11,3.6504e-11
6.3094e-11,2.3906e-11,8.0688e-11
1.8362e-11,2.5052e-11,3.5115e-11
1.6013e-11,2.6969e-11,3.2264e-11
1.3594e-11,2.2912e-11,1.5471e-11
4.2125e-11,6.9548e-11,5.1827e-11
3.5871e-11,5.2277e-11,3.7148e-11
1.8525e-11,3.5677e-11,4.0228e-11
2.3512e-11,3.8412e-11,5.9712e-11
3.0066e-11,3.0149e-11,2.8984e-11
3.7814e-11,1.4814e-11,1.3402e-11
2.873e-11,2.9646e-11,3.5053e-11
2.0805e-11,2.8393e-11,2.9808e-11
2.7929e-11,1.1441e-11,2.1414e-11
2.0494e-11,1.1816e-11,1.8345e-11
2.5029e-11,2.711e-11,3.1089e-11
1.5875e-11,8.8246e-12,2.2048e-11
4.3487e-11,4.4513e-11,4.5258e-11
1.5196e-11,1.4188e-11,1.5774e-11
1.5183e-11,1.0414e-11,1.9838e-11
5.1566e-11,5.0778e-11,5.5454e-11
2.3832e-11,1.8604e-11,2.982e-11
4.6428e-11,5.9847e-11,8.0797e-11
2.3795e-11,1.5987e-11,2.2827e-11
2.0997e-11,2.5771e-11,2.5649e-11
2.2785e-11,7.6578e-12,1.7611e-11
1.9283e-11,1.0628e-11,1.953e-11
4.9895e-11,3.9336e-11,5.3465e-11
1.6338e-11,1.4312e-11,2.2093e-11
2.0044e-11,1.212e-11,2.367e-11
6.2041e-11,4.7218e-11,6.6663e-11
3.8356e-11,2.6401e-11,5.0788e-11
5.4748e-11,3.2332e-11,6.7668e-11
3.5134e-11,1.1169e-11,3.1637e-11
2.6984e-11,1.1759e-11,2.7394e-11
5.1831e-11,2.3311e-11,4.3472e-11
3.5155e-11,9.0391e-12,3.346e-11
4.4367e-11,1.214e-11,4.2542e-11
4.1781e-11,1.0798e-11,4.1127e-11
4.5208e-11,5.9631e-12,4.5446e-11
7.5237e-11,2.0042e-11,6.2936e-11
5.654e-11,1.4851e-11,5.2163e-11
6.7675e-11,1.0112e-11,6.0254e-11
3.398e-11,4.0664e-11,2.1476e-11
3.269e-11,3.3591e-11,4.4443e-11
2.9376e-11,3.1765e-11,4.1565e-11
1.8764e-11,2.356e-11,2.1633e-11
1.3038e-11,2.7752e-11,2.0538e-11
2.7284e-11,4.3035e-11,3.2169e-11
1.0752e-11,2.362e-11,2.2837e-11
1.6761e-11,2.6592e-11,2.0465e-11
2.6808e-11,3.124e-11,1.7453e-11
1.6001e-11,1.7048e-11,1.6106e-11
1.6161e-11,1.642e-11,1.6352e-11
2.3057e-11,2.808e-11,2.4083e-11
1.5008e-11,1.1499e-11,1.6573e-11
2.0463e-11,2.3002e-11,2.4456e-11
2.1701e-11,1.9434e-11,2.6321e-11
1.9458e-11,2.498e-11,3.5239e-11
1.9726e-11,2.2723e-11,2.5034e-11
4.0845e-11,5.4052e-11,6.8183e-11
2.2422e-11,2.7457e-11,2.2907e-11
2.3799e-11,2.1746e-11,2.3416e-11
3.4301e-11,2.4452e-11,3.4164e-11
2.8252e-11,1.7816e-11,3.0187e-11
1.8656e-11,1.9208e-11,1.966e-11
1.9966e-11,9.3464e-12,2.088e-11
2.3475e-11,1.5211e-11,2.2575e-11
2.9753e-11,2.1093e-11,3.1777e-11
2.5069e-11,3.0841e-11,2.1025e-11
4.8472e-11,2.9205e-11,6.1212e-11
2.9572e-11,1.1157e-11,2.7502e-11
3.8384e-11,2.201e-11,4.3736e-11
3.6378e-11,1.5943e-11,3.2133e-11
6.237e-11,3.787e-11,6.9977e-11
3.0615e-11,1.9257e-11,3.2518e-11
7.5319e-11,2.72e-11,6.9333e-11
3.2523e-11,2.3621e-11,3.6009e-11
6.5858e-11,2.4822e-11,7.3023e-11
4.2421e-11,1.3536e-11,3.9352e-11
6.074e-11,1.9078e-11,6.8858e-11
5.8002e-11,2.0622e-11,5.733e-11
5.8063e-11,1.2239e-11,5.6991e-11
1.8939e-11,5.2127e-11,2.0203e-11
3.0383e-11,3.7764e-11,1.9371e-11
2.6211e-11,3.6862e-11,1.9268e-11
2.7041e-11,4.1298e-11,3.5664e-11
1.3024e-11,1.7285e-11,2.2484e-11
2.4257e-11,2.5977e-11,2.4548e-11
1.2722e-11,1.7244e-11,2.0789e-11
1.5432e-11,1.743e-11,2.1942e-11
2.6778e-11,4.6408e-11,7.5403e-11
1.749e-11,3.1665e-11,3.3194e-11
2.0361e-11,1.9969e-11,2.3518e-11
2.3415e-11,2.5911e-11,2.9313e-11
2.2446e-11,2.9454e-11,2.7416e-11
2.2567e-11,1.4247e-11,2.9038e-11
1.4963e-11,1.292e-11,1.9254e-11
3.6546e-11,3.6767e-11,5.603e-11
2.1092e-11,9.242e-12,1.8549e-11
2.9941e-11,1.9902e-11,3.0872e-11
1.7704e-11,1.5971e-11,2.3925e-11
2.061e-11,1.0327e-11,1.9275e-11
2.0908e-11,7.9394e-12,1.9767e-11
1.9807e-11,1.283e-11,2.2198e-11
3.5538e-11,1.8471e-11,3.9047e-11
2.6169e-11,1.4429e-11,2.7778e-11
2.8645e-11,1.1938e-11,2.8811e-11
2.6458e-11,1.3297e-11,2.14e-11
2.3976e-11,1.5465e-11,2.5019e-11
3.4006e-11,2.1852e-11,3.5583e-11
4.9773e-11,1.6565e-11,4.1433e-11
3.8426e-11,1.3648e-11,3.8411e-11
7.0381e-11,2.4113e-11,6.6629e-11
5.744e-11,1.6913e-11,5.2105e-11
6.433e-11,2.1537e-11,7.3094e-11
6.7892e-11,2.1267e-11,7.4195e-11
6.9622e-11,1.9781e-11,5.9009e-11
7.8041e-11,2.2895e-11,6.298e-11
5.8394e-11,6.0136e-11,7.1511e-11
2.2641e-11,2.5168e-11,1.9483e-11
2.0896e-11,3.5173e-11,2.3957e-11
1.2716e-11,2.3313e-11,2.9913e-11
1.5023e-11,2.3468e-11,1.5666e-11
2.026e-11,3.0838e-11,2.764e-11
8.6167e-12,1.7625e-11,1.2358e-11
1.4735e-11,3.6658e-11,1.8106e-11
1.7413e-11,3.9678e-11,2.0031e-11
1.4222e-11,3.6889e-11,1.5254e-11
2.4413e-11,3.6137e-11,1.6198e-11
1.2043e-11,2.2091e-11,1.2695e-11
1.8819e-11,3.5976e-11,3.9994e-11
4.9655e-11,8.184e-11,5.5548e-11
4.6645e-11,7.3238e-11,4.8813e-11
1.4063e-11,3.0533e-11,4.0972e-11
2.7987e-11,3.8569e-11,3.2063e-11
1.8992e-11,2.2266e-11,2.039e-11
3.5008e-11,4.714e-11,3.8147e-11
2.1626e-11,1.9608e-11,2.0163e-11
1.5379e-11,2.1374e-11,2.2897e-11
1.9447e-11,2.4601e-11,1.8852e-11
1.4878e-11,2.4326e-11,2.4812e-11
3.4672e-11,1.5527e-11,1.7163e-11
2.1606e-11,2.5556e-11,2.6064e-11
2.3379e-11,2.3607e-11,1.464e-11
1.6293e-11,1.942e-11,2.3461e-11
4.4715e-11,1.1091e-11,3.2885e-11
2.3006e-11,1.954e-11,2.1484e-11
1.4914e-11,1.6611e-11,2.1225e-11
4.0557e-11,4.1318e-11,4.2946e-11
2.2983e-11,1.6104e-11,1.7203e-11
2.6015e-11,2.335e-11,2.6975e-11
2.4561e-11,2.317e-11,1.9154e-11
4.5713e-11,4.4208e-11,5.0437e-11
3.1607e-11,2.6443e-11,3.4503e-11
4.3058e-11,2.6415e-11,3.7761e-11
2.8406e-11,2.6743e-11,3.7278e-11
2.0401e-11,1.6902e-11,1.9766e-11
2.4128e-11,1.1434e-11,1.9493e-11
2.6113e-11,1.2329e-11,2.3339e-11
5.8116e-11,4.5947e-11,6.2441e-11
2.498e-11,9.6942e-12,2.4971e-11
2.6e-11,1.5342e-11,2.696e-11
3.9491e-11,2.3494e-11,3.5684e-11
6.7449e-11,2.8367e-11,6.7598e-11
2.9839e-11,1.1184e-11,3.2846e-11
3.9682e-11,1.349e-11,3.3026e-11
4.215e-11,1.4633e-11,3.6344e-11
6.9917e-11,4.023e-11,8.9765e-11
3.8683e-11,1.2934e-11,3.888e-11
4.202e-11,8.2975e-12,4.3029e-11
4.174e-11,2.9156e-11,3.0166e-11
5.0555e-11,4.7925e-11,5.1866e-11
1.6617e-11,2.7245e-11,1.7348e-11
3.8675e-11,5.2842e-11,3.6578e-11
3.0112e-11,2.4329e-11,2.0209e-11
4.3272e-11,6.2264e-11,4.3663e-11
1.8123e-11,3.6654e-11,5.4361e-11
1.0288e-11,2.3981e-11,1.1214e-11
2.6755e-11,3.9994e-11,3.2521e-11
1.8309e-11,2.5041e-11,1.8487e-11
2.6409e-11,4.372e-11,7.1586e-11
2.6991e-11,3.2742e-11,2.9618e-11
1.6816e-11,2.1412e-11,2.1339e-11
3.0633e-11,1.5619e-11,1.4365e-11
1.7168e-11,1.9379e-11,1.8943e-11
1.5958e-11,1.9581e-11,2.1257e-11
2.7292e-11,1.2886e-11,1.9648e-11
1.6542e-11,1.0358e-11,1.8812e-11
2.0829e-11,2.5319e-11,2.8753e-11
1.6721e-11,1.7821e-11,1.8059e-11
5.0103e-11,5.1303e-11,5.3751e-11
3.2447e-11,2.1625e-11,3.0712e-11
2.9361e-11,1.8916e-11,2.7973e-11
3.4013e-11,2.9816e-11,3.624e-11
2.1274e-11,1.5888e-11,2.319e-11
3.6829e-11,3.06e-11,4.0016e-11
1.7052e-11,8.6319e-12,1.9034e-11
3.2447e-11,2.5249e-11,3.2052e-11
2.0033e-11,1.7671e-11,2.1236e-11
2.1809e-11,1.196e-11,2.1763e-11
3.0288e-11,1.481e-11,3.1177e-11
4.214e-11,2.0551e-11,4.2802e-11
2.6368e-11,1.7359e-11,2.6308e-11
6.1912e-11,4.1169e-11,6.4716e-11
4.8236e-11,2.2487e-11,5.7154e-11
5.7252e-11,3.0026e-11,4.8292e-11
8.1374e-11,2.3386e-11,6.847e-11
6.0966e-11,1.7533e-11,5.115e-11
6.0925e-11,3.4539e-11,5.2379e-11
5.3864e-11,1.7886e-11,5.1126e-11
7.0643e-11,1.7966e-11,6.2787e-11
7.0932e-11,1.4724e-11,6.9233e-11
1.4924e-11,2.5864e-11,1.3491e-11
1.0135e-11,1.8239e-11,2.3021e-11
1.6736e-11,2.6706e-11,1.8792e-11
1.8585e-11,2.8817e-11,2.2121e-11
8.8708e-12,1.9311e-11,2.4058e-11
1.9094e-11,2.0604e-11,1.617e-11
1.3214e-11,1.869e-11,1.6422e-11
2.2679e-11,3.1912e-11,3.2682e-11
1.4579e-11,1.8683e-11,1.3235e-11
1.75e-11,2.9511e-11,2.0175e-11
1.8312e-11,4.0581e-11,1.7115e-11
1.6201e-11,3.586e-11,4.6158e-11
1.1478e-11,2.0052e-11,1.2918e-11
1.2085e-11,1.991e-11,1.1429e-11
1.2157e-11,2.4964e-11,2.5053e-11
1.9763e-11,3.9256e-11,5.1754e-11
2.6863e-11,4.8702e-11,8.0589e-11
1.7912e-11,1.7763e-11,2.4523e-11
1.4769e-11,1.633e-11,1.5234e-11
4.2152e-11,4.815e-11,4.7039e-11
2.6082e-11,2.6224e-11,2.935e-11
1.791e-11,2.2998e-11,2.2224e-11
3.8578e-11,3.9469e-11,4.0234e-11
2.556e-11,2.9455e-11,2.7408e-11
1.4117e-11,1.6284e-11,2.5338e-11
1.6775e-11,1.1783e-11,1.7715e-11
2.2438e-11,1.3952e-11,1.9783e-11
4.2752e-11,1.5214e-11,3.208e-11
1.5743e-11,1.2394e-11,1.7246e-11
2.16e-11,1.0845e-11,1.6236e-11
1.5115e-11,1.4954e-11,2.0735e-11
2.6594e-11,1.6257e-11,2.4958e-11
1.7044e-11,2.012e-11,2.2436e-11
5.4609e-11,5.2999e-11,5.8602e-11
2.0722e-11,1.5659e-11,2.5443e-11
1.6219e-11,8.8091e-12,2.1559e-11
2.3108e-11,8.1509e-12,2.1194e-11
1.8406e-11,1.5354e-11,1.9532e-11
1.9585e-11,2.6453e-11,2.4437e-11
1.846e-11,9.2791e-12,1.9672e-11
3.7118e-11,1.7012e-11,3.8548e-11
6.352e-11,4.4625e-11,6.6608e-11
3.8626e-11,2.4858e-11,3.7903e-11
2.5432e-11,1.0128e-11,2.6509e-11
6.5317e-11,3.8958e-11,6.806e-11
2.6401e-11,2.1259e-11,2.8528e-11
4.2576e-11,2.7863e-11,4.2072e-11
3.5726e-11,2.2978e-11,3.6505e-11
6.0264e-11,3.5036e-11,7.0478e-11
2.9519e-11,1.0565e-11,2.9295e-11
6.2419e-11,3.1987e-11,6.356e-11
6.3962e-11,1.738e-11,5.8335e-11
5.3715e-11,1.4957e-11,5.2885e-11
3.4086e-11,4.2655e-11,3.3669e-11
1.7814e-11,2.7902e-11,1.7163e-11
8.8077e-12,2.0368e-11,1.4738e-11
1.8377e-11,2.8022e-11,1.5588e-11
1.8926e-11,2.1022e-11,1.3054e-11
2.0543e-11,2.6705e-11,1.8013e-11
1.9302e-11,4.529e-11,6.2785e-11
2.2219e-11,4.978e-11,6.7413e-11
5.3785e-11,8.2223e-11,5.4396e-11
1.4415e-11,1.8438e-11,2.1092e-11
1.9689e-11,2.7768e-11,2.2165e-11
1.184e-11,1.7447e-11,1.6728e-11
2.0463e-11,2.0963e-11,2.5934e-11
2.4288e-11,2.6915e-11,2.6309e-11
1.9417e-11,2.8764e-11,2.355e-11
3.1065e-11,2.1675e-11,2.5199e-11
2.3003e-11,1.4804e-11,1.6967e-11
2.8146e-11,3.6986e-11,2.4705e-11
1.4223e-11,2.2111e-11,3.6119e-11
1.6265e-11,1.6966e-11,2.1036e-11
2.0115e-11,1.3208e-11,2.4979e-11
2.1478e-11,1.1551e-11,2.1411e-11
6.0934e-11,5.5984e-11,7.8673e-11
2.1607e-11,1.7102e-11,2.0207e-11
1.6542e-11,9.4624e-12,1.8709e-11
2.2264e-11,1.2953e-11,2.3144e-11
1.835e-11,1.0519e-11,2.2555e-11
2.4757e-11,2.3248e-11,2.4201e-11
1.9916e-11,1.1647e-11,2.0049e-11
4.0955e-11,1.9396e-11,4.0015e-11
2.2008e-11,9.2177e-12,2.2152e-11
4.377e-11,3.0663e-11,4.3662e-11
4.3155e-11,1.5189e-11,4.1178e-11
3.2251e-11,1.0422e-11,2.877e-11
3.4734e-11,1.0489e-11,2.6686e-11
5.0268e-11,2.4417e-11,6.4634e-11
6.5397e-11,2.4953e-11,6.5167e-11
7.438e-11,3.1598e-11,7.5067e-11
5.4508e-11,1.7584e-11,5.5142e-11
3.8495e-11,1.3373e-11,3.4567e-11
6.0917e-11,2.3046e-11,6.3769e-11
6.6126e-11,1.6754e-11,5.7495e-11
6.2779e-11,2.2222e-11,5.788e-11
5.3317e-11,1.7265e-11,4.0662e-11
6.7221e-11,2.1835e-11,6.5784e-11
1.8916e-11,3.2873e-11,1.8736e-11
1.4107e-11,1.9059e-11,1.6206e-11
3.0928e-11,4.6234e-11,3.1093e-11
2.319e-11,2.3638e-11,3.4059e-11
3.1117e-11,1.9454e-11,2.7917e-11
3.2541e-11,4.8743e-11,3.2886e-11
1.2652e-11,1.7921e-11,1.776e-11
1.5327e-11,2.6928e-11,1.9135e-11
2.1929e-11,3.9349e-11,4.148e-11
2.2463e-11,4.7091e-11,6.8776e-11
1.2353e-11,1.7501e-11,2.4523e-11
1.057e-11,2.5513e-11,2.5786e-11
1.2355e-11,2.0073e-11,1.3314e-11
1.549e-11,1.5855e-11,1.6046e-11
1.528e-11,2.5072e-11,2.5209e-11
1.9708e-11,2.8471e-11,1.9429e-11
2.3718e-11,2.2806e-11,2.5662e-11
5.217e-11,5.6094e-11,5.346e-11
3.4213e-11,4.7671e-11,5.5994e-11
4.2779e-11,4.3702e-11,4.2894e-11
1.9063e-11,1.171e-11,1.8235e-11
3.4474e-11,5.3388e-11,6.4966e-11
2.4051e-11,3.2205e-11,2.345e-11
4.2427e-11,4.438e-11,4.8094e-11
2.8286e-11,1.4653e-11,2.4871e-11
2.3469e-11,1.0005e-11,1.693e-11
2.256e-11,1.5697e-11,2.5686e-11
2.8599e-11,2.887e-11,2.9865e-11
4.0539e-11,3.1219e-11,4.5173e-11
2.72e-11,1.7912e-11,2.0677e-11
2.6948e-11,1.8745e-11,2.6842e-11
2.2862e-11,1.6088e-11,2.2407e-11
5.7732e-11,5.0674e-11,7.2148e-11
2.1146e-11,7.7366e-12,1.7719e-11
2.1638e-11,1.0085e-11,2.4495e-11
4.9231e-11,3.5392e-11,5.1636e-11
5.7174e-11,3.3959e-11,6.6519e-11
2.366e-11,6.6334e-12,2.1616e-11
4.5541e-11,1.9946e-11,5.0223e-11
3.8242e-11,1.2091e-11,4.1033e-11
3.0945e-11,1.489e-11,3.181e-11
3.3913e-11,8.3823e-12,3.2233e-11
6.675e-11,3.0375e-11,7.6126e-11
4.4975e-11,1.9658e-11,4.2885e-11
4.4314e-11,2.411e-11,4.1114e-11
5.8882e-11,1.9825e-11,6.1624e-11
3.5726e-11,1.4843e-11,4.0294e-11
6.7529e-11,2.3584e-11,6.6512e-11
5.5333e-11,1.7391e-11,5.4997e-11
2.7405e-11,2.0336e-11,3.424e-11
5.455e-11,8.1605e-11,5.3796e-11
1.2059e-11,1.8439e-11,2.8288e-11
4.832e-11,6.3098e-11,4.2612e-11
2.3045e-11,3.3264e-11,2.3779e-11
3.4705e-11,3.6579e-11,3.6322e-11
1.6359e-11,8.5657e-12,1.0556e-11
2.9656e-11,3.5175e-11,3.1698e-11
1.7263e-11,2.0935e-11,1.9612e-11
1.5411e-11,1.7911e-11,1.8e-11
2.0479e-11,1.3917e-11,1.5522e-11
3.0641e-11,2.9107e-11,3.2317e-11
3.3557e-11,1.2486e-11,2.4293e-11
5.6691e-11,5.2804e-11,5.9015e-11
3.6051e-11,2.4874e-11,3.9477e-11
1.9944e-11,1.7418e-11,1.8471e-11
2.3096e-11,1.5592e-11,2.6888e-11
1.986e-11,1.2696e-11,2.5873e-11
2.6663e-11,1.2636e-11,3.166e-11
6.1636e-11,3.6696e-11,7.8703e-11
2.93e-11,2.8993e-11,3.4123e-11
2.094e-11,1.5708e-11,2.7878e-11
2.6667e-11,1.2159e-11,2.3735e-11
2.8388e-11,1.1733e-11,3.0362e-11
3.6962e-11,1.2881e-11,3.4904e-11
7.11e-11,1.6845e-11,6.3072e-11
2.6958e-11,2.4776e-11,3.5399e-11
9.5991e-12,1.9661e-11,2.3236e-11
1.7533e-11,3.346e-11,1.4637e-11
2.1014e-11,3.6697e-11,2.2806e-11
1.3096e-11,2.3394e-11,1.2667e-11
8.3543e-12,1.6862e-11,1.3543e-11
8.6319e-12,1.7125e-11,1.7749e-11
1.26e-11,1.3198e-11,1.814e-11
2.8208e-11,5.8969e-11,9.404e-11
2.0563e-11,5.7837e-11,7.9043e-11
1.708e-11,2.907e-11,2.7305e-11
1.5576e-11,2.2488e-11,1.4565e-11
3.0544e-11,3.5404e-11,3.2317e-11
2.1258e-11,3.5194e-11,3.3164e-11
1.0718e-11,2.4441e-11,2.6013e-11
2.2145e-11,2.3592e-11,2.6765e-11
1.5574e-11,1.1173e-11,1.4398e-11
1.4461e-11,1.3373e-11,1.3865e-11
2.0117e-11,1.0365e-11,1.848e-11
1.6108e-11,1.0391e-11,1.5056e-11
2.1675e-11,1.8721e-11,2.4914e-11
1.9877e-11,1.6487e-11,1.962e-11
1.6544e-11,1.8659e-11,2.3376e-11
2.1297e-11,3.0799e-11,2.4828e-11
2.1608e-11,1.3333e-11,2.1187e-11
2.3547e-11,9.5162e-12,2.4826e-11
3.0998e-11,1.3931e-11,3.2814e-11
4.1543e-11,2.4988e-11,4.539e-11
3.7894e-11,1.6182e-11,4.259e-11
5.8637e-11,4.231e-11,6.165e-11
2.553e-11,8.8588e-12,2.8934e-11
6.132e-11,3.9129e-11,6.8463e-11
6.5153e-11,3.9149e-11,8.1025e-11
3.65e-11,1.1344e-11,2.8446e-11
5.4175e-11,1.5512e-11,5.7031e-11
5.178e-11,1.9104e-11,4.3094e-11
6.6681e-11,1.6892e-11,5.9286e-11
8.8343e-12,2.6826e-11,2.7056e-11
1.9289e-11,2.7353e-11,3.6002e-11
1.6088e-11,3.0583e-11,2.8748e-11
1.284e-11,2.0517e-11,3.3692e-11
4.8481e-11,6.611e-11,4.3893e-11
1.1835e-11,2.2771e-11,2.5803e-11
1.9083e-11,3.7175e-11,3.461e-11
5.7733e-11,6.2043e-11,5.7387e-11
4.5566e-11,6.6919e-11,8.0799e-11
1.9948e-11,1.8941e-11,2.0616e-11
2.3107e-11,2.4797e-11,2.1839e-11
3.3619e-11,4.3158e-11,4.7626e-11
1.3276e-11,2.0048e-11,3.0041e-11
2.3003e-11,2.2717e-11,2.8962e-11
1.4766e-11,1.5398e-11,2.0971e-11
6.3569e-11,7.3012e-11,8.004e-11
2.8469e-11,1.9245e-11,2.3321e-11
4.66e-11,4.6241e-11,5.451e-11
3.4059e-11,2.6611e-11,3.6119e-11
2.8572e-11,2.2052e-11,2.9218e-11
2.3795e-11,9.742e-12,2.0277e-11
2.4169e-11,1.3149e-11,2.6796e-11
3.7058e-11,3.2146e-11,5.305e-11
6.1654e-11,4.2699e-11,7.5949e-11
6.1782e-11,4.1516e-11,7.3655e-11
5.8515e-11,3.8425e-11,6.2147e-11
6.4017e-11,4.2964e-11,6.9878e-11
2.6335e-11,8.9823e-12,2.4682e-11
3.6373e-11,1.113e-11,3.3625e-11
3.6336e-11,1.4349e-11,3.3813e-11
3.8374e-11,1.4057e-11,3.5667e-11
6.8987e-11,2.8712e-11,7.2867e-11
3.3322e-11,1.1744e-11,3.4753e-11
3.35e-11,7.377e-12,3.5076e-11
4.5161e-11,1.48e-11,4.4012e-11
5.9195e-11,1.9241e-11,6.386e-11
4.3741e-11,2.395e-11,5.0293e-11
4.5047e-11,1.7616e-11,4.6641e-11
5.0591e-11,1.2009e-11,4.7731e-11
5.9151e-11,1.639e-11,5.3608e-11
8.4991e-12,2.4346e-11,2.6444e-11
1.2179e-11,1.8207e-11,1.1123e-11
1.9292e-11,2.371e-11,2.1875e-11
3.0243e-11,4.1958e-11,3.149e-11
2.7513e-11,3.101e-11,2.8069e-11
1.0599e-11,3.5921e-11,4.8249e-11
2.7742e-11,3.7373e-11,3.202e-11
1.7497e-11,3.5045e-11,3.4337e-11
1.0682e-11,2.1692e-11,2.5086e-11
1.5911e-11,4.3978e-11,4.7709e-11
1.2767e-11,4.2154e-11,5.208e-11
1.0263e-11,3.9719e-11,4.3738e-11
1.9584e-11,2.4244e-11,1.5381e-11
1.4087e-11,1.8845e-11,1.4916e-11
4.2763e-11,5.6291e-11,3.7685e-11
3.802e-11,5.2191e-11,3.8807e-11
3.1653e-11,2.4684e-11,2.78e-11
3.8426e-11,5.2289e-11,3.9168e-11
1.0659e-11,1.3959e-11,1.6745e-11
2.1335e-11,3.186e-11,2.3458e-11
1.4377e-11,4.8888e-11,5.9016e-11
1.2434e-11,1.7515e-11,2.0613e-11
2.9631e-11,5.5063e-11,5.9046e-11
3.035e-11,3.3134e-11,3.1137e-11
1.4782e-11,1.089e-11,1.4207e-11
1.6365e-11,2.1921e-11,1.8107e-11
1.8372e-11,2.5394e-11,2.326e-11
1.4639e-11,1.1061e-11,1.601e-11
1.825e-11,1.328e-11,1.9884e-11
2.9412e-11,2.7192e-11,3.1766e-11
6.1048e-11,7.7657e-11,7.9969e-11
1.8546e-11,1.2709e-11,2.2131e-11
1.8832e-11,1.1303e-11,2.0944e-11
2.3919e-11,2.0489e-11,3.5811e-11
1.5257e-11,1.0985e-11,1.7212e-11
2.1378e-11,2.9211e-11,2.5437e-11
1.9113e-11,6.973e-12,2.5155e-11
5.7865e-11,3.242e-11,7.165e-11
3.5679e-11,1.9453e-11,4.3929e-11
2.7683e-11,8.0054e-12,2.7556e-11
5.4661e-11,2.9025e-11,6.1327e-11
2.8945e-11,1.8104e-11,3.3813e-11
4.7432e-11,1.488e-11,5.063e-11
6.5646e-11,2.958e-11,8.1843e-11
4.82e-11,1.8655e-11,4.1094e-11
4.9567e-11,1.4802e-11,5.0513e-11
7.772e-11,2.2328e-11,6.7453e-11
6.6672e-11,1.1654e-11,5.7652e-11
7.42e-11,1.4704e-11,6.5315e-11
3.106e-11,2.0332e-11,1.9512e-11
3.4341e-11,4.8061e-11,3.5217e-11
1.5061e-11,2.8143e-11,3.2517e-11
8.0896e-12,2.5125e-11,1.6019e-11
1.7446e-11,2.3688e-11,2.019e-11
1.9699e-11,5.8637e-11,7.9136e-11
9.5947e-12,4.2726e-11,4.5678e-11
1.5859e-11,2.047e-11,1.4859e-11
1.6423e-11,2.1452e-11,2.7521e-11
2.4318e-11,3.5639e-11,2.6056e-11
3.5636e-11,4.7169e-11,4.0013e-11
1.2569e-11,2.7183e-11,2.2758e-11
4.8852e-11,5.0819e-11,4.869e-11
1.7435e-11,3.8223e-11,2.9073e-11
1.7515e-11,1.7707e-11,1.7485e-11
1.385e-11,1.1832e-11,1.5088e-11
3.0408e-11,2.8832e-11,3.0636e-11
2.2355e-11,1.5396e-11,2.6475e-11
4.9714e-11,6.8701e-11,7.4215e-11
3.1071e-11,2.6906e-11,3.3011e-11
5.8392e-11,5.5578e-11,5.9823e-11
3.2081e-11,2.7999e-11,3.5157e-11
5.2037e-11,4.3262e-11,5.2847e-11
2.3855e-11,1.7423e-11,2.6004e-11
6.0399e-11,4.9085e-11,9.0378e-11
5.2351e-11,4.0172e-11,5.3149e-11
2.3343e-11,1.0553e-11,2.5213e-11
2.1862e-11,2.0342e-11,2.4659e-11
6.3247e-11,4.7704e-11,6.6892e-11
4.1408e-11,1.8239e-11,4.3099e-11
6.4617e-11,3.1107e-11,7.8305e-11
5.118e-11,2.1501e-11,5.5261e-11
4.2617e-11,1.2868e-11,3.9606e-11
5.4127e-11,1.7081e-11,5.8033e-11
5.5906e-11,1.5913e-11,5.9362e-11
6.7213e-11,1.9015e-11,6.1011e-11
4.9251e-11,1.3442e-11,4.9974e-11
7.2697e-11,1.6112e-11,6.2276e-11
1.0012e-11,2.3449e-11,1.5371e-11
1.1149e-11,3.0653e-11,1.8856e-11
2.253e-11,2.5477e-11,1.8613e-11
1.0054e-11,4.1738e-11,4.9872e-11
4.0705e-11,4.8267e-11,3.6276e-11
1.1965e-11,4.8218e-11,5.539e-11
3.2566e-11,2.4739e-11,3.1632e-11
4.6666e-11,5.9377e-11,4.0215e-11
1.5704e-11,1.7645e-11,3.1032e-11
5.336e-11,7.6179e-11,5.1049e-11
3.1428e-11,1.9645e-11,1.9203e-11
1.6647e-11,1.947e-11,1.8923e-11
1.8555e-11,2.5374e-11,1.4243e-11
4.5617e-11,4.9304e-11,3.8092e-11
2.2802e-11,4.684e-11,5.2653e-11
2.6239e-11,2.7222e-11,2.5576e-11
3.5412e-11,3.9544e-11,3.2874e-11
1.1876e-11,2.0341e-11,2.2861e-11
1.7695e-11,4.2948e-11,3.5589e-11
2.1626e-11,3.0288e-11,2.6274e-11
3.6994e-11,7.5658e-11,8.2923e-11
2.7414e-11,2.0135e-11,1.9802e-11
2.8074e-11,2.6909e-11,2.7857e-11
1.3422e-11,1.3652e-11,1.6318e-11
1.4923e-11,1.3713e-11,2.0019e-11
5.2882e-11,5.1009e-11,5.3063e-11
3.3947e-11,2.8101e-11,3.4122e-11
3.7759e-11,3.0778e-11,5.281e-11
2.5395e-11,1.2659e-11,2.0322e-11
2.6311e-11,1.5775e-11,2.8112e-11
2.0489e-11,1.7349e-11,2.1237e-11
2.4178e-11,1.9865e-11,2.5755e-11
2.1979e-11,1.3156e-11,2.0619e-11
2.6149e-11,1.4042e-11,2.2711e-11
3.0522e-11,1.6269e-11,2.7053e-11
2.7697e-11,9.0437e-12,2.7148e-11
2.8193e-11,1.908e-11,2.9283e-11
6.4718e-11,3.6379e-11,7.5749e-11
6.4074e-11,2.7733e-11,7.0151e-11
4.0719e-11,2.1463e-11,4.4448e-11
6.5447e-11,1.5234e-11,6.5489e-11
6.4013e-11,2.0104e-11,5.6498e-11
3.4884e-11,2.4693e-11,4.4442e-11
2.8438e-11,3.037e-11,2.3341e-11
1.6991e-11,2.6361e-11,2.878e-11
1.1133e-11,4.2782e-11,1.8329e-11
1.3229e-11,3.1894e-11,1.7902e-11
1.2083e-11,4.126e-11,4.8528e-11
2.1871e-11,2.6604e-11,1.9269e-11
2.8848e-11,2.4161e-11,1.7663e-11
1.517e-11,2.2832e-11,2.0889e-11
1.2597e-11,1.9562e-11,1.7452e-11
1.3474e-11,3.7552e-11,3.2556e-11
1.249e-11,4.0034e-11,3.4179e-11
1.0018e-11,4.1556e-11,4.5176e-11
1.9049e-11,1.9743e-11,1.514e-11
1.3899e-11,1.5004e-11,1.9527e-11
1.1229e-11,2.4477e-11,2.4479e-11
2.8521e-11,7.8615e-11,8.1542e-11
1.6307e-11,2.7218e-11,1.9556e-11
2.1864e-11,2.0768e-11,2.4911e-11
3.0381e-11,8.3112e-11,6.9581e-11
2.043e-11,1.9822e-11,2.1695e-11
1.6308e-11,2.1756e-11,1.8934e-11
3.9713e-11,3.6503e-11,3.878e-11
1.5161e-11,8.301e-12,1.5898e-11
1.804e-11,1.5662e-11,1.6108e-11
1.9953e-11,1.1982e-11,2.3572e-11
2.4168e-11,1.7159e-11,1.9747e-11
3.3074e-11,2.4475e-11,3.4545e-11
2.6162e-11,1.5268e-11,2.8041e-11
4.0156e-11,2.8133e-11,4.72e-11
5.4695e-11,3.674e-11,6.0868e-11
2.8455e-11,1.3028e-11,2.8206e-11
3.2366e-11,1.2328e-11,2.7883e-11
3.2195e-11,2.2877e-11,2.3803e-11
3.1336e-11,1.1669e-11,2.4433e-11
4.6719e-11,3.1258e-11,4.0562e-11
3.9739e-11,1.4681e-11,3.9446e-11
4.6919e-11,1.4515e-11,4.8763e-11
1.778e-11,2.4604e-11,1.6027e-11
1.917e-11,2.085e-11,3.5022e-11
1.5374e-11,2.0744e-11,1.2208e-11
1.6666e-11,2.1718e-11,1.6496e-11
4.0434e-11,4.8818e-11,3.5082e-11
1.6522e-11,2.7294e-11,3.0124e-11
1.2999e-11,3.5121e-11,3.3737e-11
1.591e-11,6.7257e-11,8.2576e-11
1.0596e-11,1.6674e-11,1.2183e-11
1.7681e-11,6.7094e-11,7.7828e-11
1.9317e-11,2.2177e-11,2.122e-11
2.255e-11,3.1613e-11,2.1476e-11
1.6125e-11,2.4982e-11,1.5834e-11
1.6875e-11,1.8373e-11,1.6961e-11
1.6788e-11,7.5505e-11,7.3955e-11
2.2235e-11,2.4327e-11,1.9795e-11
8.1205e-12,1.5309e-11,1.5676e-11
3.2858e-11,2.1235e-11,2.0806e-11
4.9299e-11,7.1229e-11,5.0503e-11
1.5089e-11,2.1311e-11,1.3687e-11
2.879e-11,6.7445e-11,5.6849e-11
1.2942e-11,1.3782e-11,2.0068e-11
3.1965e-11,9.4447e-11,7.8795e-11
4.2029e-11,4.07e-11,3.5275e-11
4.1008e-11,8.5815e-11,8.545e-11
1.321e-11,2.7337e-11,2.3577e-11
1.1758e-11,1.4778e-11,2.3441e-11
4.3086e-11,4.7324e-11,4.7545e-11
5.239e-11,4.954e-11,5.1261e-11
3.5212e-11,2.9085e-11,3.4208e-11
3.3069e-11,3.0269e-11,3.7061e-11
6.1228e-11,5.4188e-11,6.0032e-11
1.9005e-11,1.3512e-11,2.2398e-11
2.7984e-11,1.4045e-11,2.8409e-11
2.1589e-11,1.2729e-11,2.5372e-11
2.8753e-11,1.5235e-11,2.8541e-11
5.6923e-11,3.775e-11,5.4627e-11
6.5171e-11,4.1741e-11,6.6438e-11
3.4795e-11,1.5865e-11,2.4595e-11
3.4936e-11,1.2528e-11,3.3328e-11
4.4356e-11,1.3964e-11,3.9858e-11
6.0797e-11,1.7359e-11,5.9609e-11
4.2696e-11,2.1875e-11,4.8555e-11
8.1258e-11,2.1215e-11,6.184e-11
7.4196e-11,1.4245e-11,6.6101e-11
2.0761e-11,3.8017e-11,2.309e-11
2.3392e-11,2.743e-11,3.1739e-11
1.1332e-11,1.8191e-11,1.1247e-11
2.1825e-11,2.8213e-11,1.6931e-11
1.6291e-11,3.7389e-11,3.7754e-11
1.3978e-11,2.4545e-11,1.5114e-11
3.0248e-11,4.3037e-11,3.1861e-11
1.6924e-11,2.7799e-11,2.559e-11
8.2123e-12,1.7825e-11,1.5902e-11
1.4461e-11,5.6074e-11,4.4655e-11
2.0032e-11,1.2251e-11,2.1801e-11
2.242e-11,1.299e-11,2.2394e-11
1.6658e-11,1.4425e-11,1.905e-11
1.731e-11,1.7801e-11,1.7127e-11
4.777e-11,9.5505e-11,9.5207e-11
5.8567e-11,8.9052e-11,8.9876e-11
3.2362e-11,3.7985e-11,6.4209e-11
2.4038e-11,1.7583e-11,2.3332e-11
2.8737e-11,1.8277e-11,3.4935e-11
1.6293e-11,1.2781e-11,2.281e-11
2.9108e-11,1.3787e-11,2.5997e-11
2.8353e-11,1.8449e-11,2.1877e-11
3.6101e-11,2.8948e-11,4.575e-11
2.0117e-11,2.156e-11,2.3067e-11
3.5578e-11,2.1715e-11,3.5839e-11
5.662e-11,3.3123e-11,6.9098e-11
3.1512e-11,1.9083e-11,3.619e-11
2.6073e-11,1.3406e-11,2.8048e-11
3.4221e-11,1.6031e-11,2.9236e-11
3.6616e-11,1.4427e-11,3.9647e-11
4.5133e-11,1.4968e-11,3.4997e-11
6.8146e-11,3.3002e-11,6.965e-11
7.448e-11,4.391e-11,7.9241e-11
5.7298e-11,2.8544e-11,4.3389e-11
6.782e-11,2.9488e-11,6.6403e-11
7.3511e-11,2.312e-11,7.2518e-11
7.8148e-11,2.3379e-11,6.5453e-11
8.6168e-11,2.3623e-11,6.6538e-11
1.0974e-11,4.0993e-11,4.3118e-11
2.1299e-11,2.8223e-11,3.2105e-11
1.5198e-11,2.5617e-11,2.7286e-11
2.3241e-11,3.166e-11,1.7966e-11
2.5798e-11,2.7486e-11,2.1501e-11
2.5484e-11,2.2682e-11,2.9754e-11
1.8408e-11,2.1634e-11,3.1915e-11
2.1134e-11,3.3887e-11,2.2631e-11
1.8691e-11,2.6128e-11,1.8964e-11
1.9918e-11,8.0216e-11,9.0582e-11
1.3162e-11,3.1566e-11,2.1155e-11
1.578e-11,2.435e-11,2.7128e-11
3.582e-11,5.676e-11,4.8008e-11
1.6442e-11,1.2519e-11,1.9022e-11
2.5535e-11,2.6998e-11,2.3469e-11
3.3203e-11,9.1432e-11,7.1632e-11
1.8485e-11,2.2675e-11,1.782e-11
1.8584e-11,2.1898e-11,1.71e-11
1.8326e-11,1.3156e-11,1.6383e-11
2.7646e-11,2.9271e-11,3.2225e-11
1.9065e-11,1.9599e-11,2.2682e-11
2.0209e-11,1.7607e-11,1.903e-11
6.0442e-11,5.7913e-11,6.0826e-11
2.827e-11,2.5816e-11,5.5661e-11
3.6364e-11,2.924e-11,5.1599e-11
4.0392e-11,2.9895e-11,4.1361e-11
3.8281e-11,1.7764e-11,3.4793e-11
4.3167e-11,2.8239e-11,4.566e-11
3.4069e-11,1.9935e-11,4.1893e-11
3.2424e-11,1.9922e-11,4.067e-11
2.7809e-11,1.4016e-11,2.4617e-11
2.6322e-11,1.9155e-11,2.539e-11
2.8213e-11,1.4404e-11,2.1085e-11
3.443e-11,1.6487e-11,4.4504e-11
3.5653e-11,2.0756e-11,3.542e-11
3.0135e-11,1.9134e-11,2.4817e-11
2.6992e-11,9.431e-12,2.3942e-11
3.3605e-11,1.2084e-11,3.0991e-11
3.3126e-11,1.444e-11,3.1604e-11
7.1277e-11,4.4113e-11,6.8218e-11
7.6063e-11,3.4385e-11,8.572e-11
5.1693e-11,1.6859e-11,4.7624e-11
6.6176e-11,1.6531e-11,5.5054e-11
7.5463e-11,2.0155e-11,7.0485e-11
7.189e-11,1.468e-11,6.3817e-11
2.7488e-11,2.6391e-11,2.8505e-11
2.7259e-11,2.618e-11,2.7157e-11
2.328e-11,2.2336e-11,1.3417e-11
2.172e-11,2.0983e-11,1.5508e-11
1.4121e-11,6.8424e-11,1.7022e-11
2.1836e-11,3.1897e-11,2.0306e-11
4.0004e-11,4.7995e-11,3.5718e-11
1.5182e-11,2.2526e-11,2.2696e-11
3.8853e-11,1.963e-11,2.8364e-11
2.5315e-11,2.5257e-11,3.3934e-11
2.3055e-11,1.6019e-11,2.7624e-11
2.0067e-11,2.4015e-11,1.7443e-11
2.1859e-11,2.6127e-11,1.6765e-11
5.7622e-11,7.994e-11,5.598e-11
7.3448e-12,1.8633e-11,1.4899e-11
1.254e-11,1.9958e-11,1.6446e-11
2.0182e-11,2.0232e-11,2.0443e-11
2.3724e-11,8.1495e-11,8.4639e-11
2.9641e-11,9.7257e-11,9.945e-11
2.0258e-11,2.0528e-11,1.9043e-11
2.509e-11,3.248e-11,3.319e-11
2.8601e-11,6.0647e-11,5.7715e-11
2.7627e-11,2.8595e-11,2.7683e-11
2.6061e-11,3.3869e-11,3.35e-11
1.6441e-11,1.8093e-11,1.8305e-11
2.3039e-11,2.0532e-11,2.2917e-11
1.6436e-11,1.5762e-11,2.0146e-11
3.5438e-11,2.1286e-11,3.762e-11
1.8835e-11,1.3128e-11,2.3466e-11
2.2607e-11,1.0843e-11,1.8414e-11
4.2887e-11,3.5773e-11,4.161e-11
4.1865e-11,2.6412e-11,4.1404e-11
2.6857e-11,2.9002e-11,2.9249e-11
2.7622e-11,1.6511e-11,2.9803e-11
6.7342e-11,3.5096e-11,7.4616e-11
3.8743e-11,2.8076e-11,3.8294e-11
2.6772e-11,1.7772e-11,2.2884e-11
3.6947e-11,2.171e-11,3.5595e-11
2.9937e-11,1.6014e-11,2.5266e-11
2.4718e-11,7.4587e-12,2.6683e-11
4.5067e-11,1.6828e-11,4.668e-11
6.4609e-11,3.5839e-11,7.5625e-11
2.9054e-11,1.1626e-11,2.8931e-11
4.3365e-11,1.6702e-11,4.2268e-11
6.7802e-11,1.7465e-11,5.3578e-11
8.2735e-11,3.2305e-11,7.6303e-11
6.1318e-11,2.0008e-11,5.4457e-11
7.9944e-11,2.4835e-11,6.5731e-11
5.3941e-11,2.3775e-11,5.4624e-11
5.4556e-11,1.7958e-11,6.0727e-11
6.1014e-11,1.2122e-11,5.4815e-11
3.1411e-11,2.1843e-11,2.1856e-11
2.2842e-11,3.3862e-11,2.1107e-11
1.1828e-11,2.2244e-11,1.9538e-11
6.4933e-12,2.5735e-11,1.5181e-11
1.1598e-11,1.8715e-11,1.8689e-11
2.2136e-11,2.27e-11,2.3789e-11
1.4776e-11,2.3629e-11,1.3783e-11
1.6977e-11,1.846e-11,1.4264e-11
9.576e-12,3.8024e-11,3.1948e-11
2.4594e-11,9.1735e-11,8.1132e-11
1.648e-11,3.1559e-11,1.8103e-11
6.0408e-11,7.6446e-11,6.0839e-11
2.9904e-11,3.6977e-11,3.1648e-11
2.5995e-11,2.7371e-11,2.3913e-11
1.4784e-11,1.9484e-11,2.6927e-11
1.6066e-11,1.8491e-11,1.7332e-11
2.3687e-11,1.6554e-11,2.013e-11
4.2592e-11,8.1845e-11,7.9618e-11
4.1717e-11,6.3589e-11,6.3302e-11
2.1967e-11,3.8375e-11,5.1399e-11
5.4938e-11,5.1198e-11,5.249e-11
6.1103e-11,5.8238e-11,6.1512e-11
2.3306e-11,2.9566e-11,2.9038e-11
2.3081e-11,1.7791e-11,2.1352e-11
1.474e-11,2.3338e-11,2.0712e-11
4.5975e-11,6.331e-11,7.399e-11
2.778e-11,2.2958e-11,2.6538e-11
4.4027e-11,3.4881e-11,4.1221e-11
2.7892e-11,1.8887e-11,2.5391e-11
2.8509e-11,1.6312e-11,2.7822e-11
5.0928e-11,4.1433e-11,8.8887e-11
2.0485e-11,1.2975e-11,2.2037e-11
3.9328e-11,2.5353e-11,4.8368e-11
6.1354e-11,4.4615e-11,6.5076e-11
2.8849e-11,1.4725e-11,2.5847e-11
4.2319e-11,2.5416e-11,4.5489e-11
4.191e-11,2.3589e-11,5.8609e-11
5.0609e-11,2.5566e-11,6.7648e-11
5.0353e-11,2.0363e-11,5.5517e-11
5.8357e-11,1.9132e-11,5.7393e-11
3.7453e-11,1.7613e-11,4.2853e-11
5.0368e-11,1.6907e-11,4.7682e-11
5.222e-11,1.668e-11,5.5793e-11
6.2866e-11,2.328e-11,6.2132e-11
7.704e-12,2.6506e-11,2.1161e-11
1.3578e-11,1.7928e-11,1.3694e-11
2.3906e-11,1.3937e-11,2.0925e-11
7.3309e-12,2.983e-11,2.9063e-11
1.7876e-11,2.5262e-11,2.0137e-11
1.3114e-11,1.85e-11,1.8209e-11
2.0916e-11,1.8839e-11,1.9441e-11
1.4846e-11,2.5297e-11,2.0189e-11
3.8507e-11,5.1356e-11,3.5801e-11
9.1514e-12,2.0862e-11,2.3769e-11
2.9378e-11,1.0032e-10,1.004e-10
1.4732e-11,2.1651e-11,1.6349e-11
3.7203e-11,6.8279e-11,5.6667e-11
6.2809e-11,6.7472e-11,6.4729e-11
2.0216e-11,2.9055e-11,2.4509e-11
2.7853e-11,5.6894e-11,5.6763e-11
1.7186e-11,2.6049e-11,1.9015e-11
2.2915e-11,2.1252e-11,2.0569e-11
2.7605e-11,1.1728e-11,2.0152e-11
1.885e-11,1.6155e-11,1.9625e-11
4.4318e-11,4.9046e-11,7.0041e-11
2.6174e-11,2.3547e-11,2.9092e-11
5.0992e-11,5.3414e-11,8.8658e-11
3.9091e-11,3.508e-11,3.7567e-11
2.716e-11,2.305e-11,2.9548e-11
2.4224e-11,1.0402e-11,1.8439e-11
1.928e-11,1.1586e-11,2.6919e-11
3.022e-11,1.3776e-11,3.0414e-11
4.0537e-11,1.0941e-11,3.0921e-11
4.5807e-11,2.1379e-11,3.363e-11
7.5351e-11,3.3723e-11,7.1636e-11
7.7809e-11,2.9048e-11,6.6956e-11
6.0377e-11,2.0917e-11,5.5256e-11
5.4566e-11,1.6753e-11,5.2104e-11
6.9385e-11,1.8803e-11,6.2701e-11
7.9202e-11,2.1623e-11,6.9429e-11
6.9514e-11,2.3828e-11,6.659e-11
1.3527e-11,3.2437e-11,2.5423e-11
1.8788e-11,2.5549e-11,1.8383e-11
1.6838e-11,1.3922e-11,2.0641e-11
4.6168e-12,2.9687e-11,1.9677e-11
3.3352e-11,2.5168e-11,2.2067e-11
1.9525e-11,2.9267e-11,2.374e-11
1.3476e-11,1.7596e-11,1.8051e-11
1.7139e-11,2.0527e-11,9.89e-12
2.1259e-11,3.0565e-11,1.9199e-11
1.6162e-11,4.9482e-11,4.0996e-11
5.6774e-11,7.4434e-11,5.2543e-11
1.6581e-11,2.8159e-11,1.834e-11
1.7147e-11,1.5274e-11,2.5225e-11
5.2645e-11,5.7222e-11,4.8027e-11
1.4453e-11,1.9446e-11,2.3833e-11
5.4451e-11,5.2998e-11,5.5297e-11
3.8293e-11,3.4704e-11,3.3496e-11
3.1092e-11,1.8205e-11,2.201e-11
1.4754e-11,2.0557e-11,2.6586e-11
1.4793e-11,1.7863e-11,1.7515e-11
2.5887e-11,1.2671e-11,1.7959e-11
3.9641e-11,5.4422e-11,6.7093e-11
4.5118e-11,3.8952e-11,3.7731e-11
1.8942e-11,1.0419e-11,1.7667e-11
2.498e-11,2.3451e-11,3.1462e-11
2.9573e-11,2.6277e-11,3.159e-11
2.5672e-11,2.9682e-11,2.751e-11
2.2511e-11,1.6493e-11,2.2283e-11
3.3571e-11,1.674e-11,3.286e-11
3.2481e-11,2.6838e-11,4.6772e-11
5.9466e-11,3.6435e-11,8.0587e-11
2.7975e-11,1.2995e-11,2.168e-11
6.8362e-11,4.672e-11,7.2828e-11
2.5665e-11,1.0114e-11,2.6914e-11
2.9391e-11,1.4536e-11,2.8829e-11
7.6331e-11,3.167e-11,8.3643e-11
7.1756e-11,4.1307e-11,7.5143e-11
4.9314e-11,1.6685e-11,4.8037e-11
8.3326e-12,3.4686e-11,1.5745e-11
8.6791e-12,3.8085e-11,1.5814e-11
7.8678e-12,2.0871e-11,2.5937e-11
9.8682e-12,3.0097e-11,1.4303e-11
1.4374e-11,4.5301e-11,4.0347e-11
1.3749e-11,2.8103e-11,1.9258e-11
1.3546e-11,1.9428e-11,1.932e-11
4.4292e-11,5.5838e-11,4.0695e-11
1.0798e-11,1.72e-11,1.6536e-11
1.7733e-11,2.3563e-11,2.212e-11
3.0163e-11,3.3298e-11,2.4473e-11
2.0531e-11,2.3928e-11,1.7058e-11
2.1519e-11,1.736e-11,1.6825e-11
2.0307e-11,1.7775e-11,7.7602e-12
6.2211e-11,7.715e-11,5.9354e-11
5.3886e-11,6.5417e-11,5.1882e-11
1.6437e-11,1.8704e-11,2.2089e-11
2.674e-11,7.6445e-11,5.8958e-11
3.35e-11,3.8357e-11,3.2583e-11
5.0224e-11,5.0942e-11,4.6238e-11
2.6266e-11,4.7581e-11,4.669e-11
2.5939e-11,2.7527e-11,2.4414e-11
2.2148e-11,3.0293e-11,2.8218e-11
1.7282e-11,1.1319e-11,1.2911e-11
1.8572e-11,2.881e-11,2.2259e-11
5.4101e-11,4.8489e-11,5.2586e-11
2.1739e-11,1.2178e-11,1.8343e-11
2.378e-11,1.7531e-11,1.7937e-11
4.6897e-11,5.9154e-11,7.5376e-11
2.0164e-11,1.2906e-11,2.2111e-11
3.9498e-11,2.6976e-11,5.0683e-11
2.5739e-11,1.4602e-11,2.9235e-11
5.6094e-11,3.4747e-11,5.6114e-11
6.1043e-11,3.5111e-11,6.0382e-11
4.8525e-11,2.6607e-11,5.545e-11
3.9657e-11,1.5426e-11,3.9191e-11
4.7821e-11,1.6648e-11,4.4422e-11
5.0324e-11,1.983e-11,4.5028e-11
6.3239e-11,1.7349e-11,5.3051e-11
7.0508e-11,2.0365e-11,6.618e-11
6.8255e-11,1.7983e-11,7.0438e-11
2.327e-11,1.2274e-11,1.3639e-11
2.132e-11,1.9365e-11,1.1909e-11
2.0099e-11,2.7663e-11,2.2673e-11
1.0477e-11,1.7024e-11,1.0306e-11
1.3087e-11,1.7471e-11,1.0662e-11
1.273e-11,4.1517e-11,3.3738e-11
1.0906e-11,2.7864e-11,1.7651e-11
5.6141e-11,7.2914e-11,5.1386e-11
1.0244e-11,3.5124e-11,2.213e-11
2.22e-11,1.6282e-11,2.2477e-11
2.5181e-11,6.7706e-11,5.3844e-11
2.5616e-11,5.9893e-11,5.0531e-11
2.0182e-11,1.8723e-11,2.1938e-11
2.1534e-11,3.2838e-11,3.9913e-11
2.9891e-11,3.1018e-11,2.8602e-11
2.3254e-11,1.7054e-11,2.5235e-11
1.8919e-11,1.2556e-11,2.5751e-11
3.8809e-11,7.8487e-11,7.8774e-11
4.1545e-11,3.7836e-11,3.5846e-11
6.1069e-11,5.8347e-11,5.909e-11
2.5382e-11,2.3673e-11,2.2481e-11
2.6353e-11,2.7321e-11,2.3568e-11
2.1702e-11,1.5081e-11,2.3027e-11
2.1062e-11,1.7649e-11,1.3608e-11
6.141e-11,5.646e-11,5.628e-11
2.8812e-11,2.9491e-11,2.9765e-11
3.2008e-11,3.0507e-11,3.6427e-11
1.6613e-11,2.0727e-11,1.8815e-11
3.699e-11,3.9578e-11,5.8721e-11
2.1043e-11,1.1301e-11,1.8894e-11
4.7025e-11,4.6842e-11,8.0196e-11
5.6393e-11,4.8842e-11,5.6424e-11
2.5043e-11,2.4082e-11,2.3575e-11
3.0768e-11,1.4484e-11,2.0956e-11
2.4681e-11,1.4718e-11,1.9788e-11
2.9565e-11,2.0666e-11,3.5234e-11
5.9896e-11,2.5941e-11,7.3501e-11
3.7596e-11,1.4266e-11,3.5482e-11
5.0211e-11,1.7737e-11,3.7706e-11
6.1372e-11,1.9162e-11,5.8989e-11
3.9224e-11,1.6103e-11,4.238e-11
5.3505e-11,2.1685e-11,5.1287e-11
1.5925e-11,2.4181e-11,1.5885e-11
2.2592e-11,1.1783e-11,1.4161e-11
1.0662e-11,1.7046e-11,3.1282e-11
2.0608e-11,1.7655e-11,2.4328e-11
2.6784e-11,2.5852e-11,2.0094e-11
2.2334e-11,4.3217e-11,1.9729e-11
1.1646e-11,4.0492e-11,3.8965e-11
1.5056e-11,2.8994e-11,1.6235e-11
1.5734e-11,2.4931e-11,1.2133e-11
1.5485e-11,4.3644e-11,1.5939e-11
2.9869e-11,3.4163e-11,2.3625e-11
1.7947e-11,2.5079e-11,4.114e-11
1.2739e-11,2.1126e-11,1.9848e-11
7.6709e-12,3.5736e-11,2.7538e-11
4.7644e-11,5.7585e-11,4.151e-11
4.8715e-11,5.8635e-11,4.1884e-11
2.1769e-11,2.4841e-11,2.4648e-11
5.425e-11,7.4025e-11,5.3343e-11
6.1383e-11,7.2893e-11,5.8734e-11
6.5412e-11,7.3965e-11,6.4039e-11
1.2802e-11,1.4707e-11,1.2769e-11
1.9827e-11,3.198e-11,2.1586e-11
2.6405e-11,2.2104e-11,2.937e-11
2.1604e-11,1.3964e-11,2.0583e-11
1.794e-11,2.1968e-11,1.6895e-11
5.0667e-11,5.6767e-11,7.8698e-11
3.0514e-11,3.296e-11,4.9778e-11
3.8341e-11,3.2218e-11,5.7032e-11
2.5156e-11,2.2189e-11,3.1461e-11
2.404e-11,2.241e-11,2.1393e-11
6.159e-11,5.0218e-11,6.0486e-11
3.1407e-11,2.1661e-11,3.9806e-11
5.4138e-11,4.0636e-11,7.9768e-11
6.8319e-11,4.3065e-11,6.4608e-11
6.6212e-11,4.8696e-11,6.242e-11
5.768e-11,3.7436e-11,5.5007e-11
5.8852e-11,3.3696e-11,5.3303e-11
3.4059e-11,2.1925e-11,3.9111e-11
6.6573e-11,2.6437e-11,5.3725e-11
4.3656e-11,2.1166e-11,4.1916e-11
7.6239e-11,2.578e-11,5.8049e-11
2.4127e-11,1.7368e-11,3.2341e-11
5.9381e-12,2.565e-11,1.7502e-11
1.8027e-11,4.0162e-11,1.4074e-11
1.5842e-11,4.5764e-11,1.5753e-11
1.1762e-11,3.5493e-11,3.6415e-11
1.1494e-11,3.7473e-11,3.7047e-11
1.2433e-11,3.9444e-11,1.815e-11
3.1307e-11,4.0482e-11,2.8999e-11
1.9365e-11,1.8642e-11,1.7023e-11
1.7894e-11,2.6362e-11,2.4214e-11
1.9239e-11,5.7155e-11,4.9167e-11
3.3146e-11,3.5231e-11,2.7008e-11
3.2217e-11,9.1336e-11,7.4333e-11
1.4237e-11,1.6899e-11,1.8671e-11
1.6283e-11,3.3186e-11,2.0391e-11
3.2656e-11,3.0365e-11,2.5295e-11
2.9384e-11,7.0975e-11,6.1879e-11
1.4825e-11,1.3832e-11,2.242e-11
3.7916e-11,8.4367e-11,7.9262e-11
3.4713e-11,3.0591e-11,4.848e-11
1.7713e-11,9.4481e-12,1.4726e-11
3.104e-11,1.3696e-11,1.5806e-11
2.0996e-11,2.1597e-11,2.2986e-11
2.0366e-11,1.6898e-11,2.1003e-11
2.2647e-11,3.1076e-11,2.5591e-11
4.1147e-11,5.403e-11,7.4903e-11
5.8621e-11,5.0237e-11,5.5249e-11
2.2987e-11,2.2192e-11,2.6357e-11
3.3314e-11,2.4363e-11,3.6885e-11
2.1622e-11,1.5051e-11,2.0689e-11
2.3554e-11,1.6975e-11,2.195e-11
6.3776e-11,5.0795e-11,6.5703e-11
3.182e-11,2.7494e-11,3.1343e-11
3.2822e-11,2.8948e-11,3.0836e-11
3.2753e-11,2.0525e-11,2.7963e-11
2.244e-11,2.5976e-11,2.2641e-11
2.8165e-11,2.717e-11,3.532e-11
5.6855e-11,4.0784e-11,5.431e-11
3.0196e-11,1.3112e-11,2.8055e-11
3.2636e-11,1.9336e-11,3.5109e-11
3.7829e-11,1.759e-11,3.8072e-11
3.3972e-11,1.4617e-11,3.1224e-11
5.5401e-11,2.8815e-11,7.173e-11
4.1838e-11,1.6211e-11,4.1164e-11
7.4634e-11,3.0812e-11,6.0578e-11
4.3971e-11,2.411e-11,4.7857e-11
4.2432e-11,3.8356e-11,4.6297e-11
6.7696e-11,2.3783e-11,5.6164e-11
6.5927e-11,1.9798e-11,5.9703e-11
7.3455e-11,2.0111e-11,6.4513e-11
6.2579e-11,1.9237e-11,5.859e-11
1.7197e-11,1.792e-11,1.2435e-11
1.6754e-11,2.0475e-11,1.6139e-11
2.2084e-11,1.9797e-11,2.8845e-11
1.1077e-11,3.2422e-11,1.3606e-11
1.5915e-11,3.9117e-11,9.6782e-12
2.048e-11,1.7813e-11,2.5665e-11
1.9176e-11,2.3045e-11,2.2759e-11
1.9284e-11,2.6415e-11,1.9793e-11
1.0607e-11,4.1595e-11,1.6734e-11
3.2621e-11,2.8022e-11,1.4525e-11
9.7766e-12,6.65e-11,6.071e-11
1.2185e-11,7.3194e-11,6.2563e-11
2.3206e-11,2.905e-11,2.0989e-11
1.5236e-11,2.0133e-11,1.0779e-11
1.3195e-11,2.2754e-11,1.5681e-11
2.8808e-11,2.2863e-11,1.2092e-11
3.1916e-11,4.268e-11,2.9075e-11
2.239e-11,3.9448e-11,3.9523e-11
6.7949e-11,7.2947e-11,6.3035e-11
1.8497e-11,2.5681e-11,3.3916e-11
2.1152e-11,1.4809e-11,1.986e-11
1.7877e-11,3.3002e-11,2.8592e-11
2.8715e-11,2.4401e-11,1.9053e-11
3.2691e-11,5.4661e-11,6.3637e-11
6.5763e-11,6.0684e-11,5.9838e-11
2.8842e-11,1.7033e-11,2.6162e-11
5.7644e-11,5.1962e-11,5.4774e-11
2.6894e-11,3.4352e-11,4.3432e-11
3.5877e-11,2.4344e-11,3.8735e-11
2.6686e-11,2.4733e-11,2.13e-11
2.693e-11,2.4548e-11,3.3522e-11
3.1839e-11,2.3513e-11,3.8497e-11
2.3613e-11,1.346e-11,2.6364e-11
3.8708e-11,1.8e-11,3.5691e-11
2.7537e-11,1.865e-11,2.3098e-11
3.0445e-11,2.0785e-11,2.538e-11
3.5459e-11,1.3395e-11,2.5368e-11
5.7768e-11,3.631e-11,6.1884e-11
2.865e-11,9.3023e-12,2.5867e-11
4.4549e-11,2.6468e-11,4.8794e-11
5.1329e-11,2.4795e-11,6.3538e-11
6.8655e-11,4.4509e-11,6.2737e-11
3.698e-11,1.5382e-11,3.464e-11
7.8512e-11,3.0654e-11,7.9799e-11
6.1436e-11,1.6199e-11,5.8925e-11
3.662e-11,3.0998e-11,4.6946e-11
1.6029e-11,1.9499e-11,1.1767e-11
1.2827e-11,1.7096e-11,2.0653e-11
2.1419e-11,2.3147e-11,2.4025e-11
3.8434e-11,4.8587e-11,3.3979e-11
1.9168e-11,2.38e-11,2.3306e-11
1.2903e-11,4.314e-11,4.2304e-11
1.5008e-11,1.7236e-11,2.3785e-11
2.2444e-11,2.3435e-11,1.7348e-11
1.1929e-11,3.8789e-11,3.8183e-11
1.7041e-11,2.8159e-11,1.5368e-11
1.2311e-11,2.452e-11,1.3127e-11
2.3539e-11,2.6328e-11,1.6908e-11
1.652e-11,2.0621e-11,1.3148e-11
3.0928e-11,1.0448e-10,8.1884e-11
1.5347e-11,2.3813e-11,2.9325e-11
2.0354e-11,2.61e-11,3.1816e-11
2.8666e-11,3.0731e-11,4.4886e-11
3.5107e-11,6.387e-11,8.3342e-11
1.4202e-11,1.3539e-11,1.3469e-11
2.2568e-11,1.5679e-11,2.3177e-11
3.1198e-11,3.1411e-11,2.7213e-11
2.4869e-11,1.6653e-11,2.4788e-11
2.0936e-11,1.7583e-11,2.1828e-11
2.6237e-11,1.8101e-11,2.1005e-11
1.7592e-11,1.5016e-11,1.7602e-11
2.6911e-11,2.9948e-11,4.5293e-11
2.1732e-11,1.5134e-11,1.7139e-11
3.3999e-11,3.02e-11,4.9849e-11
2.1666e-11,2.1146e-11,2.2882e-11
3.3106e-11,2.4904e-11,4.2687e-11
3.4239e-11,2.105e-11,3.0142e-11
5.6599e-11,3.3106e-11,6.2296e-11
2.9552e-11,2.8503e-11,3.9037e-11
6.9607e-11,3.7931e-11,6.8387e-11
2.7799e-11,1.0633e-11,2.8443e-11
3.9218e-11,1.798e-11,3.8483e-11
6.6079e-11,2.6075e-11,7.021e-11
7.4543e-11,1.817e-11,6.5957e-11
1.6399e-11,1.9682e-11,1.5664e-11
8.5402e-12,2.0452e-11,2.2251e-11
2.2039e-11,1.6307e-11,2.1215e-11
3.5398e-11,4.5779e-11,3.2594e-11
1.044e-11,1.6282e-11,7.7768e-12
5.5812e-12,2.8028e-11,2.3769e-11
1.4506e-11,1.8461e-11,1.1631e-11
1.4922e-11,1.8295e-11,1.7547e-11
6.8991e-12,2.2471e-11,2.4416e-11
1.8848e-11,2.3123e-11,2.513e-11
1.563e-11,1.8309e-11,9.4301e-12
1.5739e-11,1.2235e-11,1.307e-11
9.4534e-12,4.1523e-11,4.3239e-11
1.8044e-11,1.6839e-11,1.1956e-11
1.5477e-11,1.5045e-11,1.1606e-11
1.9961e-11,2.5726e-11,1.51e-11
2.2263e-11,2.3173e-11,1.2536e-11
2.2754e-11,8.0275e-11,6.8712e-11
4.0555e-11,4.9804e-11,3.4767e-11
3.7755e-11,9.7061e-11,8.6633e-11
1.4982e-11,1.8056e-11,1.4148e-11
1.3071e-11,2.9208e-11,2.2716e-11
1.5557e-11,2.9732e-11,1.9513e-11
3.0367e-11,1.6808e-11,2.6566e-11
5.475e-11,6.4082e-11,5.1277e-11
5.6149e-11,2.5108e-11,2.9316e-11
1.9761e-11,2.6741e-11,3.2533e-11
1.905e-11,2.2808e-11,3.1106e-11
1.4308e-11,1.317e-11,1.9046e-11
3.3011e-11,6.5614e-11,6.6918e-11
3.2269e-11,4.658e-11,5.9173e-11
2.2513e-11,1.7445e-11,1.8998e-11
2.5498e-11,1.3391e-11,1.5492e-11
2.194e-11,2.4698e-11,2.6503e-11
3.7531e-11,3.2012e-11,3.4291e-11
3.0501e-11,3.3351e-11,4.8356e-11
2.1784e-11,1.3219e-11,2.429e-11
4.8106e-11,3.9117e-11,6.9738e-11
3.8355e-11,2.6616e-11,4.3371e-11
6.5291e-11,4.6997e-11,6.3361e-11
3.9288e-11,2.2304e-11,3.2124e-11
6.8948e-11,3.5884e-11,7.1485e-11
7.3626e-11,2.2881e-11,6.3689e-11
1.3194e-11,1.8042e-11,5.5102e-12
1.0569e-11,5.8475e-11,6.2286e-11
7.6434e-12,1.5393e-11,2.316e-11
1.8663e-11,3.3309e-11,1.2807e-11
1.5595e-11,1.4419e-11,1.1704e-11
3.1793e-11,3.658e-11,1.4443e-11
1.8978e-11,1.9838e-11,1.5671e-11
1.2542e-11,2.6313e-11,3.0654e-11
1.7768e-11,2.4097e-11,1.5154e-11
2.0456e-11,2.0036e-11,1.8847e-11
2.8883e-11,8.5915e-11,7.4911e-11
1.3278e-11,2.4482e-11,2.9934e-11
2.2763e-11,1.7922e-11,2.7222e-11
5.8532e-11,5.3857e-11,5.1354e-11
3.1346e-11,2.9512e-11,3.258e-11
3.0179e-11,2.3257e-11,1.8595e-11
1.9275e-11,1.9768e-11,2.3032e-11
2.5657e-11,3.1827e-11,4.7874e-11
3.1861e-11,2.5212e-11,3.3355e-11
1.9666e-11,2.4254e-11,2.068e-11
3.7793e-11,4.095e-11,5.5326e-11
2.3877e-11,3.3022e-11,2.0878e-11
2.2715e-11,2.1536e-11,2.8906e-11
4.601e-11,3.981e-11,7.2153e-11
2.0221e-11,1.7672e-11,1.7987e-11
4.9673e-11,4.2894e-11,7.0141e-11
4.0228e-11,2.725e-11,4.6213e-11
3.3842e-11,2.5344e-11,3.116e-11
3.0566e-11,2.4463e-11,2.2642e-11
3.554e-11,2.131e-11,3.7776e-11
5.7779e-11,3.9518e-11,5.4278e-11
3.1788e-11,1.8723e-11,3.7092e-11
6.1391e-11,4.4388e-11,5.714e-11
3.3566e-11,1.8698e-11,2.4992e-11
2.9354e-11,1.3444e-11,3.2204e-11
7.5598e-11,3.1006e-11,7.5881e-11
4.1375e-11,1.8142e-11,4.0586e-11
3.9775e-11,1.7425e-11,4.1649e-11
4.6059e-11,2.4072e-11,4.2552e-11
1.5387e-11,1.7708e-11,1.9895e-11
1.3936e-11,1.9606e-11,6.8787e-12
2.3338e-11,1.7857e-11,1.5588e-11
2.0218e-11,1.9837e-11,1.5308e-11
1.8993e-11,1.739e-11,1.9658e-11
1.22e-11,3.6121e-11,2.9215e-11
1.7038e-11,3.1362e-11,2.3462e-11
1.4488e-11,2.402e-11,3.4376e-11
9.3434e-12,8.0513e-11,8.0319e-11
1.8117e-11,1.5215e-11,1.2535e-11
2.0145e-11,1.1869e-11,2.2288e-11
8.3989e-12,3.2141e-11,3.4129e-11
8.9928e-12,7.9654e-11,7.113e-11
9.6151e-12,2.3159e-11,1.8885e-11
2.392e-11,2.0945e-11,1.9336e-11
1.4862e-11,4.0685e-11,4.2e-11
2.2886e-11,2.046e-11,2.3303e-11
1.9402e-11,3.9123e-11,1.1546e-11
1.9634e-11,7.4009e-11,6.5128e-11
1.8824e-11,4.6498e-11,4.7092e-11
5.5758e-11,6.3221e-11,4.7363e-11
1.2219e-11,2.2552e-11,2.8578e-11
5.4459e-11,5.78e-11,4.8284e-11
6.178e-11,6.869e-11,5.7314e-11
1.572e-11,1.8633e-11,1.7407e-11
2.8998e-11,2.986e-11,2.5687e-11
1.9769e-11,2.0159e-11,2.569e-11
2.9438e-11,2.4701e-11,2.4964e-11
3.0242e-11,2.7377e-11,2.703e-11
1.9647e-11,2.1226e-11,2.417e-11
3.4657e-11,2.037e-11,3.4348e-11
2.7323e-11,1.721e-11,1.905e-11
5.1511e-11,3.9244e-11,4.5732e-11
2.6705e-11,3.4134e-11,2.8105e-11
2.7794e-11,2.4634e-11,3.3907e-11
2.3508e-11,1.4308e-11,2.2737e-11
3.9866e-11,2.826e-11,3.6557e-11
3.0092e-11,1.6341e-11,2.5054e-11
3.8201e-11,2.707e-11,4.3362e-11
3.8913e-11,2.6092e-11,3.5663e-11
4.0608e-11,2.2268e-11,3.2662e-11
7.915e-11,3.9971e-11,7.5603e-11
8.4188e-11,4.0895e-11,7.424e-11
4.096e-11,2.1768e-11,4.802e-11
4.4669e-11,1.8409e-11,3.9665e-11
4.3077e-11,2.2501e-11,4.3035e-11
7.8879e-11,3.4751e-11,6.7789e-11
5.2117e-11,1.9793e-11,4.5778e-11
5.4035e-11,1.906e-11,4.7585e-11
6.9753e-11,3.0578e-11,6.4355e-11
6.9253e-11,2.3674e-11,6.4971e-11
2.2875e-11,1.6597e-11,1.4562e-11
3.3355e-11,2.0808e-11,1.4869e-11
1.0564e-11,7.0835e-11,7.5363e-11
6.9518e-12,3.7791e-11,3.0443e-11
9.3623e-12,2.6626e-11,1.7228e-11
1.1076e-11,2.0421e-11,1.6678e-11
3.2944e-11,3.8038e-11,2.8373e-11
1.6691e-11,1.7989e-11,1.2393e-11
1.3538e-11,2.4487e-11,1.7288e-11
1.235e-11,1.8594e-11,1.8987e-11
1.4383e-11,2.6264e-11,1.8972e-11
4.6517e-11,5.3098e-11,3.8763e-11
1.3351e-11,4.3771e-11,4.3949e-11
1.0043e-11,2.6809e-11,1.9356e-11
1.3527e-11,2.6647e-11,2.7727e-11
2.7576e-11,8.4668e-11,7.803e-11
1.7737e-11,2.2302e-11,2.0606e-11
2.8367e-11,2.2873e-11,1.5586e-11
1.9822e-11,2.2281e-11,1.9622e-11
2.2302e-11,2.0377e-11,2.3683e-11
3.7323e-11,1.5751e-11,1.3422e-11
2.7758e-11,1.6493e-11,1.8091e-11
2.1525e-11,1.9621e-11,1.3465e-11
2.2406e-11,1.8318e-11,1.4573e-11
1.6585e-11,1.5298e-11,1.5309e-11
3.2192e-11,3.6477e-11,4.9735e-11
4.4596e-11,2.5152e-11,3.1014e-11
2.3432e-11,1.4128e-11,2.002e-11
2.5557e-11,2.0884e-11,2.125e-11
2.0304e-11,1.4736e-11,2.4225e-11
2.3243e-11,1.5376e-11,2.5128e-11
2.7723e-11,2.239e-11,3.4352e-11
3.9157e-11,2.1485e-11,3.6472e-11
2.8521e-11,2.7133e-11,3.73e-11
3.5668e-11,2.5818e-11,3.1403e-11
5.378e-11,3.827e-11,5.5853e-11
6.0224e-11,4.044e-11,6.0678e-11
6.5698e-11,4.9934e-11,6.5315e-11
2.5958e-11,2.3287e-11,2.7821e-11
3.7047e-11,2.3816e-11,4.3515e-11
6.6411e-11,3.6786e-11,6.1163e-11
3.8106e-11,2.1954e-11,5.4012e-11
6.4156e-11,3.4937e-11,7.6822e-11
4.357e-11,2.5432e-11,5.0213e-11
3.5944e-11,1.4434e-11,4.4928e-11
6.2843e-11,2.442e-11,5.0778e-11
6.5523e-11,2.2981e-11,5.4663e-11
5.9789e-11,1.8402e-11,6.0763e-11
6.6745e-11,2.5456e-11,6.4747e-11
7.5421e-11,2.0503e-11,8.4399e-11
2.6547e-11,2.0635e-11,1.6457e-11
3.7298e-11,4.6337e-11,3.1637e-11
1.1631e-11,2.242e-11,1.1479e-11
2.0778e-11,2.417e-11,1.6148e-11
1.3857e-11,2.6383e-11,2.2052e-11
1.2183e-11,3.3895e-11,1.8206e-11
1.0546e-11,2.1799e-11,1.1025e-11
1.4759e-11,2.9766e-11,2.6475e-11
1.3328e-11,4.3673e-11,5.2163e-11
8.3632e-12,1.8033e-11,1.3702e-11
4.6313e-11,4.8479e-11,3.5626e-11
3.2809e-11,3.6176e-11,2.7664e-11
1.1362e-11,3.3872e-11,2.2921e-11
1.9814e-11,1.9906e-11,2.1486e-11
1.512e-11,1.9242e-11,1.5663e-11
2.5866e-11,4.9817e-11,5.308e-11
1.3862e-11,1.2227e-11,1.7198e-11
2.9691e-11,3.4625e-11,2.7659e-11
1.4792e-11,1.4103e-11,1.2315e-11
3.0131e-11,2.2406e-11,1.8873e-11
2.0434e-11,2.3843e-11,2.2567e-11
2.3313e-11,2.6015e-11,2.4628e-11
2.0215e-11,3.3344e-11,3.2398e-11
4.2338e-11,4.4156e-11,3.8066e-11
3.1018e-11,2.3642e-11,2.0793e-11
4.1054e-11,3.8638e-11,3.3723e-11
1.9141e-11,1.8955e-11,1.8469e-11
2.8603e-11,3.6379e-11,3.3303e-11
2.5942e-11,1.5336e-11,1.9693e-11
2.2854e-11,1.1952e-11,2.0058e-11
3.1974e-11,3.293e-11,3.2591e-11
2.0978e-11,1.5224e-11,1.9546e-11
6.5401e-11,5.315e-11,6.166e-11
3.3549e-11,1.802e-11,3.1015e-11
2.6804e-11,2.2449e-11,3.3267e-11
2.2136e-11,2.3187e-11,2.1714e-11
2.2223e-11,1.5994e-11,2.025e-11
6.9867e-11,5.4608e-11,6.7686e-11
6.3981e-11,4.1502e-11,5.9055e-11
3.5039e-11,1.7178e-11,3.6079e-11
5.1919e-11,3.6938e-11,6.9876e-11
6.3825e-11,3.0856e-11,7.0658e-11
3.2901e-11,2.4437e-11,4.1675e-11
4.0312e-11,2.4193e-11,3.5432e-11
5.3773e-11,2.9454e-11,4.1446e-11
3.9228e-11,2.4927e-11,4.3471e-11
5.0922e-11,3.3788e-11,3.6096e-11
6.7653e-11,3.2196e-11,5.5794e-11
6.0029e-11,2.5598e-11,4.9387e-11
7.82e-11,3.3878e-11,6.4583e-11
6.9284e-11,3.2623e-11,6.4402e-11
6.0228e-11,2.2595e-11,5.9437e-11
7.2595e-11,2.4724e-11,6.7924e-11
2.7119e-11,2.6904e-11,2.0434e-11
2.1211e-11,1.7457e-11,2.116e-11
1.9669e-11,6.0791e-11,2.4855e-11
4.3244e-11,4.4843e-11,3.1836e-11
2.0238e-11,1.2956e-11,1.3177e-11
6.7967e-12,4.9038e-11,6.2212e-11
9.937e-12,6.4874e-11,7.2382e-11
4.1741e-11,4.988e-11,3.5801e-11
1.2573e-11,2.5633e-11,1.4663e-11
3.2183e-11,2.9197e-11,2.9917e-11
4.6472e-11,4.4079e-11,2.0366e-11
1.5504e-11,1.8522e-11,2.6132e-11
2.4778e-11,3.089e-11,3.1507e-11
1.185e-11,1.4067e-11,1.383e-11
2.6317e-11,5.4401e-11,2.4876e-11
1.1653e-11,1.3071e-11,1.3532e-11
4.4637e-11,5.0792e-11,3.4269e-11
1.2915e-11,2.2894e-11,1.0169e-11
3.2392e-11,3.4288e-11,2.5621e-11
1.1564e-11,1.8052e-11,1.3435e-11
1.4367e-11,2.0174e-11,1.195e-11
1.5503e-11,2.0384e-11,1.2573e-11
5.6578e-11,6.0822e-11,4.4246e-11
4.9721e-11,2.835e-11,2.8129e-11
2.6284e-11,3.641e-11,2.3453e-11
2.6765e-11,2.9648e-11,2.1981e-11
1.8055e-11,1.7604e-11,1.8758e-11
3.6264e-11,1.9328e-11,1.7766e-11
3.3404e-11,3.0162e-11,2.8118e-11
2.3322e-11,1.2805e-11,1.453e-11
3.6221e-11,2.8273e-11,3.2692e-11
2.0514e-11,1.8931e-11,1.8233e-11
2.7209e-11,2.3702e-11,2.5315e-11
2.5954e-11,2.6258e-11,2.5994e-11
6.0067e-11,4.7189e-11,5.2756e-11
2.2892e-11,1.3444e-11,2.0336e-11
4.131e-11,2.8785e-11,4.5792e-11
3.179e-11,2.1265e-11,2.8127e-11
2.422e-11,1.6813e-11,2.1685e-11
4.3185e-11,2.2723e-11,4.5389e-11
3.1963e-11,2.4304e-11,3.1416e-11
7.0332e-11,3.1099e-11,7.0981e-11
7.1498e-11,4.884e-11,6.5496e-11
3.524e-11,1.8585e-11,3.3831e-11
5.2736e-11,2.7922e-11,3.9789e-11
5.6899e-11,2.2158e-11,4.587e-11
4.8109e-11,2.6187e-11,4.1173e-11
4.6815e-11,1.9257e-11,3.9206e-11
4.8354e-11,1.9191e-11,4.0397e-11
5.1902e-11,4.1663e-11,4.2721e-11
6.9771e-11,2.334e-11,6.1505e-11
8.0635e-11,2.7637e-11,7.63e-11
7.5434e-11,3.2077e-11,6.9439e-11
7.9078e-11,2.8881e-11,6.7841e-11
7.0597e-11,2.2134e-11,6.7855e-11
7.264e-11,1.9982e-11,6.7636e-11
7.8315e-11,2.5734e-11,7.2179e-11
1.7291e-11,2.5849e-11,1.8386e-11
2.2414e-11,1.2658e-11,1.9266e-11
1.0057e-11,2.2709e-11,1.7796e-11
1.7611e-11,2.5412e-11,1.063e-11
1.9913e-11,2.675e-11,3.3717e-11
1.6142e-11,1.792e-11,1.566e-11
1.755e-11,2.2077e-11,1.8766e-11
2.763e-11,2.7261e-11,2.6296e-11
3.5841e-11,3.0806e-11,2.5722e-11
1.3514e-11,2.0409e-11,1.7601e-11
3.2642e-11,3.5492e-11,2.2827e-11
1.2889e-11,4.7665e-11,5.1356e-11
1.2668e-11,1.888e-11,1.2918e-11
1.7506e-11,2.3023e-11,2.3259e-11
1.203e-11,1.3555e-11,1.1676e-11
1.1275e-11,1.88e-11,1.5566e-11
1.9188e-11,2.4828e-11,1.7244e-11
9.4312e-12,3.1755e-11,1.9173e-11
1.8321e-11,3.7539e-11,4.6822e-11
5.0861e-11,6.565e-11,4.3435e-11
2.6822e-11,4.3289e-11,5.4275e-11
1.7373e-11,2.0232e-11,1.3474e-11
1.7756e-11,3.1429e-11,3.374e-11
1.5127e-11,2.9443e-11,4.7812e-11
1.763e-11,1.2729e-11,2.2436e-11
2.2928e-11,5.729e-11,2.5399e-11
3.0008e-11,3.0347e-11,2.5671e-11
2.7367e-11,2.5416e-11,2.7544e-11
2.0097e-11,1.8804e-11,1.7162e-11
1.9223e-11,4.0081e-11,2.5162e-11
3.3485e-11,5.0075e-11,2.7875e-11
1.6717e-11,2.2605e-11,2.8576e-11
2.2473e-11,1.3071e-11,1.9544e-11
2.8046e-11,1.507e-11,1.4741e-11
6.6091e-11,5.7899e-11,5.5738e-11
3.9238e-11,3.3758e-11,3.2822e-11
2.8653e-11,1.8e-11,1.791e-11
2.6418e-11,2.0841e-11,2.779e-11
2.3504e-11,2.6069e-11,2.8007e-11
3.7019e-11,3.2817e-11,3.2114e-11
2.0658e-11,1.5228e-11,1.6666e-11
2.9224e-11,2.2441e-11,2.5962e-11
1.8926e-11,1.5898e-11,1.7917e-11
2.5581e-11,1.6096e-11,3.0264e-11
3.0434e-11,2.2571e-11,2.7139e-11
2.38e-11,1.504e-11,2.3193e-11
3.9105e-11,3.0446e-11,4.4175e-11
3.088e-11,1.7078e-11,2.8189e-11
6.3929e-11,3.9811e-11,5.5254e-11
2.8185e-11,1.452e-11,2.8641e-11
6.0111e-11,3.4104e-11,7.1376e-11
5.5786e-11,2.9898e-11,5.4107e-11
4.5555e-11,2.5829e-11,3.4714e-11
4.216e-11,1.8091e-11,4.2344e-11
4.3432e-11,4.3429e-11,4.9761e-11
5.2664e-11,3.0264e-11,5.0008e-11
1.3791e-11,2.5023e-11,8.9558e-12
5.4389e-11,3.7524e-11,1.9612e-11
9.9501e-12,7.5494e-11,8.3806e-11
1.8134e-11,2.0723e-11,2.2255e-11
1.0623e-11,3.8285e-11,2.6747e-11
3.34e-11,4.1091e-11,2.1464e-11
4.33e-11,5.4994e-11,3.6804e-11
2.2097e-11,2.1089e-11,1.1494e-11
4.9133e-11,5.4783e-11,3.6456e-11
1.1174e-11,7.6833e-11,7.9822e-11
1.6624e-11,2.3935e-11,2.0793e-11
1.4869e-11,1.9417e-11,1.2841e-11
1.4603e-11,2.0745e-11,1.6445e-11
9.5657e-12,4.7265e-11,5.0352e-11
1.5966e-11,2.2914e-11,1.8584e-11
1.7302e-11,2.4511e-11,2.0512e-11
1.3806e-11,1.6334e-11,9.5322e-12
1.5172e-11,1.7892e-11,1.2043e-11
5.7321e-11,6.486e-11,4.5146e-11
1.5404e-11,1.9963e-11,1.7734e-11
1.6989e-11,1.5589e-11,1.554e-11
2.1494e-11,2.808e-11,2.1381e-11
2.2807e-11,2.0013e-11,2.2164e-11
6.3948e-11,5.6376e-11,5.5564e-11
2.0006e-11,2.3912e-11,1.689e-11
4.2948e-11,3.7562e-11,4.8188e-11
2.2244e-11,1.7733e-11,2.4441e-11
3.0503e-11,3.0116e-11,2.3577e-11
2.9812e-11,2.1832e-11,3.1915e-11
2.6492e-11,2.6688e-11,2.0488e-11
3.3026e-11,2.2974e-11,3.2047e-11
5.2735e-11,4.046e-11,4.5987e-11
2.6399e-11,2.0651e-11,2.7924e-11
4.0744e-11,2.7292e-11,2.9747e-11
3.4776e-11,1.489e-11,3.2241e-11
3.3944e-11,1.5728e-11,3.6874e-11
6.9187e-11,2.6598e-11,6.9421e-11
8.341e-11,3.1694e-11,8.7055e-11
6.7941e-11,2.7927e-11,6.1649e-11
6.9203e-11,2.4566e-11,6.5133e-11
2.2495e-11,2.6537e-11,1.86e-11
7.0828e-12,4.8061e-11,1.8385e-11
2.2461e-11,2.6452e-11,2.2835e-11
2.0626e-11,2.9746e-11,1.7602e-11
8.663e-12,2.5161e-11,2.1572e-11
1.7198e-11,1.9028e-11,1.0439e-11
1.7562e-11,2.5468e-11,1.9215e-11
1.3103e-11,3.9522e-11,3.9247e-11
1.3987e-11,4.5605e-11,2.3266e-11
2.4618e-11,2.5029e-11,1.7971e-11
1.0918e-11,1.4996e-11,8.7075e-12
2.5097e-11,2.5191e-11,1.8195e-11
5.6037e-11,5.2034e-11,4.1804e-11
3.5762e-11,2.2822e-11,1.8651e-11
2.3015e-11,3.0087e-11,1.753e-11
3.0353e-11,2.459e-11,2.0397e-11
1.6013e-11,1.6204e-11,1.5254e-11
1.7664e-11,1.9227e-11,1.7109e-11
1.7877e-11,1.2506e-11,1.4429e-11
5.2637e-11,4.4061e-11,3.7833e-11
2.4283e-11,1.6215e-11,2.1294e-11
4.2502e-11,5.0488e-11,5.1845e-11
3.057e-11,2.3481e-11,2.5652e-11
4.7143e-11,5.6891e-11,5.5032e-11
2.1179e-11,1.8671e-11,2.2045e-11
2.7509e-11,2.219e-11,2.4325e-11
2.6965e-11,2.2758e-11,2.2974e-11
2.527e-11,1.7991e-11,2.3577e-11
3.0075e-11,1.958e-11,2.7387e-11
3.0531e-11,2.362e-11,3.1512e-11
3.2287e-11,2.3697e-11,3.5333e-11
2.6334e-11,1.5034e-11,3.3123e-11
3.9685e-11,2.5336e-11,3.9113e-11
5.2051e-11,4.2405e-11,6.5169e-11
3.8302e-11,2.149e-11,3.0164e-11
2.7034e-11,2.2477e-11,2.7883e-11
5.3122e-11,2.6317e-11,5.0847e-11
3.9112e-11,2.668e-11,3.7958e-11
7.2979e-11,3.8328e-11,6.7662e-11
4.1442e-11,3.5634e-11,5.1486e-11
4.2631e-11,2.6367e-11,4.0089e-11
6.9433e-11,3.0756e-11,4.9826e-11
7.9265e-11,3.0586e-11,6.7011e-11
7.2889e-11,2.9777e-11,8.4525e-11
7.9267e-11,3.0046e-11,8.0057e-11
7.8011e-11,3.1531e-11,7.9196e-11
7.4982e-11,2.7176e-11,6.4073e-11
6.9481e-11,2.6739e-11,6.2162e-11
1.7632e-11,2.0462e-11,1.4812e-11
2.1568e-11,2.8256e-11,1.5705e-11
8.7512e-12,5.3624e-11,1.9032e-11
2.5398e-11,2.4207e-11,8.9285e-12
2.378e-11,2.417e-11,1.2082e-11
1.7529e-11,2.1712e-11,1.3775e-11
1.0846e-11,5.2328e-11,2.3742e-11
1.2569e-11,1.6542e-11,1.8848e-11
1.4283e-11,5.8988e-11,6.3905e-11
1.7436e-11,2.3937e-11,1.3106e-11
1.1058e-11,5.0647e-11,5.9041e-11
4.8675e-11,5.7973e-11,3.7433e-11
1.9548e-11,2.1587e-11,1.2825e-11
3.6927e-11,1.8079e-11,2.4894e-11
1.5179e-11,3.6575e-11,3.2122e-11
1.0188e-11,1.8351e-11,1.3816e-11
1.539e-11,1.8655e-11,1.3857e-11
2.227e-11,2.2237e-11,1.5968e-11
3.4076e-11,4.0547e-11,2.9115e-11
1.9096e-11,2.352e-11,2.1874e-11
1.955e-11,3.765e-11,4.9718e-11
4.1079e-11,4.6037e-11,3.4358e-11
3.529e-11,3.8151e-11,2.5847e-11
2.1207e-11,4.0445e-11,5.5747e-11
2.807e-11,1.7517e-11,1.5135e-11
3.1157e-11,2.3921e-11,2.101e-11
5.5147e-11,4.5728e-11,3.7676e-11
4.079e-11,2.4946e-11,2.6763e-11
2.3797e-11,2.2968e-11,2.4841e-11
2.2839e-11,1.6981e-11,1.9109e-11
2.0066e-11,1.891e-11,1.9194e-11
2.7591e-11,2.6997e-11,2.44e-11
2.0266e-11,2.3297e-11,2.0361e-11
3.9578e-11,3.6351e-11,4.8999e-11
3.6112e-11,3.467e-11,5.2047e-11
2.6306e-11,2.4371e-11,2.8842e-11
7.2094e-11,5.8077e-11,6.1909e-11
3.9752e-11,3.793e-11,3.9244e-11
2.9227e-11,2.6342e-11,2.6817e-11
2.5245e-11,2.2679e-11,3.1006e-11
2.5273e-11,2.2336e-11,2.1071e-11
4.3304e-11,3.3313e-11,3.7427e-11
4.5289e-11,3.0269e-11,5.3875e-11
5.3618e-11,3.9073e-11,4.3861e-11
3.6408e-11,1.9359e-11,3.1626e-11
3.5737e-11,1.8253e-11,3.1273e-11
4.498e-11,2.7414e-11,5.7414e-11
6.6603e-11,3.5958e-11,7.2994e-11
6.6573e-11,3.702e-11,5.5834e-11
6.5686e-11,2.5729e-11,6.7322e-11
7.2575e-11,2.5587e-11,7.0633e-11
7.4039e-11,2.8421e-11,8.2455e-11
1.0326e-11,1.8342e-11,1.4002e-11
1.0152e-11,1.716e-11,1.1485e-11
1.5226e-11,1.5332e-11,1.1528e-11
1.3809e-11,1.5012e-11,9.0584e-12
1.3419e-11,2.2939e-11,2.0078e-11
1.046e-11,5.0756e-11,2.5734e-11
1.8543e-11,3.31e-11,1.6727e-11
2.4951e-11,2.6014e-11,1.7406e-11
2.1318e-11,2.4536e-11,1.3362e-11
1.3448e-11,3.6346e-11,5.0051e-11
1.4506e-11,1.7386e-11,9.9605e-12
4.9839e-11,6.2697e-11,4.111e-11
1.7157e-11,1.9249e-11,1.5871e-11
2.2595e-11,1.8689e-11,1.5883e-11
5.3557e-11,6.7575e-11,4.4257e-11
4.9704e-11,5.8776e-11,4.1574e-11
3.1682e-11,3.1394e-11,2.7397e-11
2.8887e-11,3.5701e-11,2.5118e-11
5.3957e-11,5.4378e-11,4.119e-11
1.5313e-11,1.2758e-11,1.2848e-11
1.5516e-11,1.5507e-11,1.6034e-11
2.2167e-11,4.2708e-11,6.2488e-11
3.0338e-11,2.3174e-11,1.7139e-11
2.6682e-11,4.2052e-11,2.7053e-11
2.3125e-11,3.4062e-11,2.1448e-11
1.6743e-11,3.8246e-11,2.8986e-11
3.5967e-11,2.148e-11,2.2329e-11
3.0315e-11,1.6012e-11,2.0552e-11
6.28e-11,5.1415e-11,5.3083e-11
4.0217e-11,2.3997e-11,2.9733e-11
3.7452e-11,3.7095e-11,5.0346e-11
3.6729e-11,2.3128e-11,3.3391e-11
2.5547e-11,1.9444e-11,2.2322e-11
3.1456e-11,1.8655e-11,2.2903e-11
2.8846e-11,2.2032e-11,3.9598e-11
6.0039e-11,4.2633e-11,5.2738e-11
4.9267e-11,2.2826e-11,4.1176e-11
7.6939e-11,3.5615e-11,5.4647e-11
4.5209e-11,2.5627e-11,4.3034e-11
7.3427e-11,3.3369e-11,5.5681e-11
8.2558e-11,3.3907e-11,6.2397e-11
5.0934e-11,2.2818e-11,4.8604e-11
7.1001e-11,3.9429e-11,6.9844e-11
7.7926e-11,2.675e-11,7.2244e-11
4.1669e-11,3.3113e-11,1.9729e-11
1.9914e-11,1.4618e-11,2.0015e-11
2.4377e-11,1.7299e-11,1.8458e-11
1.2795e-11,3.7141e-11,1.9936e-11
1.7172e-11,1.7056e-11,1.7988e-11
2.2417e-11,2.1811e-11,1.1018e-11
1.7156e-11,3.3684e-11,1.7691e-11
1.6742e-11,2.001e-11,1.1293e-11
1.1029e-11,2.0193e-11,1.8266e-11
3.7743e-11,4.3577e-11,3.2988e-11
1.4137e-11,6.8484e-11,8.0278e-11
1.7486e-11,4.3662e-11,5.6234e-11
2.2048e-11,4.747e-11,1.9164e-11
1.7839e-11,1.7989e-11,2.2113e-11
2.6659e-11,3.2799e-11,2.3004e-11
3.1485e-11,4.3173e-11,2.5691e-11
5.3656e-11,5.4017e-11,4.0464e-11
2.366e-11,2.795e-11,2.037e-11
2.4725e-11,2.1801e-11,2.2657e-11
2.8704e-11,5.0412e-11,2.433e-11
3.2092e-11,3.9995e-11,4.893e-11
2.9318e-11,5.3138e-11,7.3987e-11
3.2723e-11,5.5281e-11,8.6889e-11
2.1532e-11,1.7195e-11,1.6863e-11
4.2843e-11,3.3615e-11,3.1047e-11
3.5746e-11,3.1633e-11,2.7823e-11
1.826e-11,1.3336e-11,1.759e-11
2.3709e-11,2.1821e-11,1.461e-11
2.1064e-11,1.7776e-11,2.0721e-11
3.0135e-11,1.7567e-11,1.7381e-11
2.8054e-11,1.5615e-11,1.6984e-11
2.9068e-11,2.7811e-11,2.6006e-11
2.4095e-11,1.7901e-11,1.9574e-11
4.9595e-11,3.7872e-11,5.551e-11
5.0889e-11,3.8611e-11,4.5142e-11
3.1433e-11,2.2837e-11,2.5551e-11
2.9728e-11,2.0644e-11,2.6939e-11
4.6177e-11,3.7938e-11,6.2171e-11
2.2843e-11,2.3467e-11,2.1936e-11
5.2711e-11,3.9128e-11,6.9529e-11
6.2737e-11,3.9335e-11,5.7477e-11
4.6552e-11,2.8063e-11,3.7665e-11
5.0486e-11,2.4625e-11,3.4911e-11
4.6235e-11,2.6002e-11,3.7732e-11
5.5661e-11,2.6171e-11,5.1987e-11
6.5726e-11,2.9594e-11,5.3882e-11
7.604e-11,3.1078e-11,6.4258e-11
7.5899e-11,2.8444e-11,6.8567e-11
6.7774e-11,2.6459e-11,6.7139e-11
8.3222e-11,2.8466e-11,7.6303e-11
3.0726e-11,2.688e-11,1.7885e-11
2.4987e-11,2.9214e-11,2.3386e-11
1.6196e-11,2.3386e-11,1.7495e-11
1.5768e-11,3.3198e-11,3.2771e-11
2.4019e-11,1.8176e-11,1.833e-11
1.6711e-11,3.5533e-11,1.7752e-11
2.335e-11,1.6766e-11,1.2216e-11
8.8836e-12,7.7478e-11,8.8119e-11
2.9355e-11,3.5546e-11,2.0111e-11
2.8616e-11,2.5788e-11,1.8961e-11
1.6431e-11,1.7818e-11,1.5017e-11
1.6031e-11,1.7069e-11,2.2263e-11
1.5969e-11,3.0221e-11,1.6636e-11
3.1242e-11,3.9753e-11,2.7999e-11
4.8048e-11,5.7751e-11,3.9461e-11
2.5173e-11,3.813e-11,4.6623e-11
2.4564e-11,3.9895e-11,4.8609e-11
5.3839e-11,5.2792e-11,3.5616e-11
5.3383e-11,5.2416e-11,3.9002e-11
2.8772e-11,4.0977e-11,2.324e-11
6.2141e-11,5.7665e-11,4.6963e-11
2.0715e-11,1.32e-11,1.3723e-11
5.8213e-11,4.8317e-11,4.1287e-11
2.0224e-11,1.7881e-11,1.4886e-11
4.3487e-11,3.4469e-11,3.4189e-11
6.5208e-11,5.7054e-11,5.3548e-11
2.6367e-11,2.6202e-11,2.0266e-11
5.1537e-11,3.4357e-11,3.9163e-11
7.1782e-11,6.2737e-11,5.7635e-11
1.5757e-11,1.4083e-11,1.533e-11
4.992e-11,1.7279e-11,2.4127e-11
3.0807e-11,2.6867e-11,3.3268e-11
2.7984e-11,2.633e-11,1.8932e-11
5.3782e-11,6.3382e-11,6.3553e-11
2.4861e-11,1.7687e-11,2.3e-11
3.4374e-11,3.0325e-11,2.9733e-11
2.4308e-11,2.2271e-11,1.9978e-11
2.6141e-11,1.7615e-11,2.2005e-11
3.1044e-11,2.2185e-11,2.6277e-11
5.9762e-11,3.5017e-11,4.723e-11
5.83e-11,3.4421e-11,6.9416e-11
5.634e-11,3.347e-11,4.2138e-11
4.266e-11,2.7196e-11,3.7288e-11
3.6835e-11,2.5347e-11,3.6663e-11
6.4362e-11,3.6605e-11,5.0669e-11
4.7607e-11,2.8519e-11,5.9264e-11
4.5952e-11,3.2471e-11,4.6187e-11
6.2392e-11,2.9369e-11,5.5415e-11
6.1577e-11,3.1438e-11,5.2759e-11
6.6287e-11,2.4819e-11,5.8714e-11
7.5096e-11,2.6136e-11,6.6382e-11
2.7629e-11,4.027e-11,1.597e-11
9.2104e-12,1.2236e-11,8.7958e-12
2.002e-11,1.4519e-11,2.1659e-11
1.8253e-11,5.0468e-11,2.1234e-11
1.2605e-11,1.9698e-11,1.4162e-11
3.4097e-11,3.0344e-11,2.94e-11
2.2274e-11,2.6459e-11,2.0853e-11
1.3723e-11,3.0322e-11,1.542e-11
1.3653e-11,3.6828e-11,2.034e-11
1.3527e-11,1.1473e-11,6.5318e-12
1.8538e-11,4.6891e-11,2.8365e-11
1.0797e-11,4.5914e-11,4.7172e-11
1.6959e-11,1.1626e-11,7.7508e-12
1.5736e-11,5.4924e-11,6.4217e-11
2.3904e-11,1.5739e-11,2.3198e-11
2.6385e-11,3.3324e-11,2.1599e-11
1.256e-11,2.199e-11,1.8804e-11
1.6617e-11,1.7274e-11,1.8173e-11
2.8247e-11,3.9641e-11,2.7944e-11
1.9392e-11,5.5222e-11,7.0899e-11
2.1641e-11,2.7015e-11,2.1179e-11
2.6652e-11,5.6478e-11,2.8716e-11
2.0431e-11,2.0167e-11,1.1912e-11
1.4426e-11,1.8072e-11,1.3116e-11
2.5046e-11,1.8504e-11,1.9073e-11
4.1948e-11,4.052e-11,3.4984e-11
3.7488e-11,3.6657e-11,3.076e-11
3.7061e-11,6.193e-11,6.6448e-11
4.0375e-11,6.1355e-11,7.3467e-11
1.9592e-11,1.3909e-11,1.515e-11
2.0162e-11,1.5512e-11,1.9819e-11
4.9943e-11,6.6465e-11,6.4911e-11
5.1423e-11,4.3994e-11,6.0295e-11
2.3289e-11,1.2541e-11,1.7093e-11
2.5223e-11,1.4199e-11,1.897e-11
2.7482e-11,1.7918e-11,2.1764e-11
2.5423e-11,2.7056e-11,2.3841e-11
3.3923e-11,2.5028e-11,2.4811e-11
3.2057e-11,2.0492e-11,2.8547e-11
6.1052e-11,4.007e-11,5.4797e-11
2.6578e-11,2.4306e-11,2.3274e-11
3.9827e-11,2.6322e-11,3.8088e-11
4.7895e-11,3.3617e-11,4.2883e-11
7.6161e-11,2.8691e-11,6.7695e-11
7.527e-11,3.7649e-11,7.602e-11
1.7555e-11,2.2513e-11,1.2524e-11
1.8581e-11,1.2701e-11,1.894e-11
1.9227e-11,1.9533e-11,9.7112e-12
2.0824e-11,2.5245e-11,2.0333e-11
9.1292e-12,1.1563e-11,4.8299e-12
5.1769e-11,5.9451e-11,3.5241e-11
1.2181e-11,6.5419e-11,8.0942e-11
2.3749e-11,3.7803e-11,1.6317e-11
1.9589e-11,7.193e-11,9.1704e-11
1.9562e-11,2.1401e-11,1.6307e-11
4.2777e-11,4.8387e-11,3.2838e-11
2.8852e-11,3.4338e-11,2.0646e-11
2.6337e-11,3.0798e-11,2.3277e-11
2.3999e-11,5.7955e-11,7.9203e-11
1.6161e-11,1.9477e-11,1.3668e-11
3.6013e-11,4.8242e-11,5.218e-11
3.1285e-11,4.6077e-11,4.6668e-11
3.5349e-11,6.1891e-11,8.383e-11
2.3873e-11,1.6393e-11,1.5694e-11
3.1879e-11,4.4032e-11,3.581e-11
3.2309e-11,5.4439e-11,7.3263e-11
3.9713e-11,6.4386e-11,7.1513e-11
3.9799e-11,3.4776e-11,2.6673e-11
2.8016e-11,2.4185e-11,1.9448e-11
2.0578e-11,2.497e-11,1.7368e-11
3.2867e-11,2.3696e-11,2.566e-11
4.3764e-11,3.3515e-11,3.3923e-11
5.5501e-11,6.1104e-11,7.0945e-11
5.448e-11,5.0407e-11,7.2304e-11
5.788e-11,4.594e-11,4.8777e-11
4.7248e-11,4.393e-11,4.3912e-11
6.6681e-11,5.1096e-11,5.5925e-11
5.8127e-11,4.8234e-11,9.3186e-11
6.876e-11,5.4939e-11,6.3275e-11
4.1293e-11,2.6224e-11,3.3452e-11
5.093e-11,1.9951e-11,3.9029e-11
4.2614e-11,2.8635e-11,3.91e-11
5.1887e-11,2.9747e-11,4.7734e-11
5.6577e-11,2.7771e-11,5.2598e-11
6.8509e-11,3.3048e-11,5.7094e-11
6.2726e-11,2.5477e-11,6.0287e-11
6.5681e-11,2.8643e-11,6.5931e-11
1.8934e-11,2.3369e-11,1.8609e-11
1.4555e-11,1.0289e-11,1.31e-11
4.0815e-11,4.6434e-11,3.1202e-11
1.4277e-11,1.3581e-11,1.038e-11
1.4747e-11,1.6214e-11,2.0067e-11
2.3949e-11,2.92e-11,2.4813e-11
1.5705e-11,1.4109e-11,1.5349e-11
1.4054e-11,4.6459e-11,2.5782e-11
1.8192e-11,2.2101e-11,2.4079e-11
1.7534e-11,2.821e-11,1.3709e-11
2.0716e-11,2.2582e-11,2.1628e-11
1.2479e-11,2.0918e-11,3.1135e-11
1.2023e-11,2.4361e-11,1.6486e-11
2.4234e-11,1.3999e-11,2.4948e-11
8.7005e-12,1.5285e-11,1.4552e-11
4.6805e-11,5.7986e-11,3.4799e-11
4.6312e-11,5.8118e-11,3.4316e-11
1.6304e-11,2.5969e-11,2.0228e-11
1.8527e-11,2.905e-11,1.676e-11
1.518e-11,4.1419e-11,4.4099e-11
1.6373e-11,5.7571e-11,7.9386e-11
1.7407e-11,2.0565e-11,1.279e-11
1.9081e-11,1.4745e-11,1.9719e-11
2.2413e-11,1.8477e-11,2.7759e-11
1.9823e-11,2.821e-11,1.4811e-11
1.676e-11,1.9549e-11,1.3084e-11
1.7221e-11,1.9711e-11,1.3399e-11
3.2379e-11,3.338e-11,3.024e-11
2.7188e-11,4.9097e-11,2.6971e-11
1.9892e-11,1.7145e-11,1.5047e-11
6.1921e-11,5.441e-11,4.5782e-11
3.6925e-11,2.2065e-11,2.3796e-11
6.3653e-11,5.5618e-11,4.8369e-11
5.3502e-11,4.5383e-11,4.0751e-11
6.4758e-11,5.5388e-11,5.1588e-11
4.0772e-11,3.0707e-11,3.517e-11
6.0198e-11,3.4112e-11,6.1123e-11
4.907e-11,3.2271e-11,6.6193e-11
5.6383e-11,3.8187e-11,7.6327e-11
4.6874e-11,3.0087e-11,3.1487e-11
5.8442e-11,2.1411e-11,3.6103e-11
5.3548e-11,3.4123e-11,3.8529e-11
5.5507e-11,3.2962e-11,4.6635e-11
7.4394e-11,3.0156e-11,6.83e-11
1.6325e-11,2.0809e-11,1.6831e-11
1.4656e-11,5.0811e-11,3.5312e-11
1.3501e-11,1.6132e-11,1.7678e-11
1.4059e-11,4.8333e-11,3.6506e-11
1.6183e-11,5.0844e-11,2.6598e-11
1.4474e-11,2.1289e-11,1.2219e-11
8.8678e-12,1.1688e-11,2.1651e-11
5.0025e-11,5.6534e-11,3.3401e-11
2.2648e-11,2.3693e-11,2.3794e-11
1.8072e-11,1.7623e-11,2.5547e-11
4.6187e-11,5.8399e-11,3.4391e-11
1.2714e-11,2.6126e-11,2.2413e-11
1.5055e-11,1.1924e-11,1.4237e-11
2.2356e-11,6.0327e-11,8.6978e-11
3.6955e-11,4.3742e-11,2.7403e-11
1.5765e-11,1.4712e-11,1.3021e-11
3.1099e-11,7.1741e-11,3.2056e-11
1.944e-11,2.1992e-11,1.933e-11
2.0972e-11,1.9759e-11,2.5787e-11
2.0316e-11,1.6573e-11,1.9032e-11
2.0411e-11,1.5794e-11,1.679e-11
1.9936e-11,1.5799e-11,1.7142e-11
1.7439e-11,2.7745e-11,1.7944e-11
2.1656e-11,1.5686e-11,1.7433e-11
7.4622e-11,6.257e-11,5.93e-11
4.0154e-11,3.0915e-11,3.8196e-11
6.5205e-11,4.443e-11,8.5163e-11
4.5489e-11,2.6339e-11,4.3631e-11
6.6694e-11,2.7816e-11,6.3599e-11
8.5554e-12,3.3379e-11,1.5029e-11
1.1965e-11,1.4165e-11,2.5251e-11
1.2674e-11,1.9402e-11,3.0821e-11
1.1559e-11,1.4644e-11,1.095e-11
1.261e-11,3.8971e-11,2.5766e-11
2.2605e-11,2.8466e-11,1.8722e-11
2.0261e-11,3.2709e-11,2.2761e-11
4.7838e-11,5.797e-11,3.332e-11
1.8172e-11,2.5702e-11,1.8555e-11
1.6862e-11,2.2797e-11,2.6947e-11
2.9384e-11,1.8092e-11,2.6446e-11
2.2481e-11,2.7141e-11,1.637e-11
1.9892e-11,2.095e-11,1.8732e-11
4.0136e-11,1.6717e-11,1.9688e-11
1.6653e-11,2.1188e-11,1.7941e-11
3.3548e-11,7.0159e-11,7.8245e-11
1.8243e-11,2.6911e-11,2.3762e-11
3.7296e-11,7.1655e-11,4.7489e-11
3.6747e-11,2.6844e-11,2.3344e-11
4.745e-11,9.3072e-11,7.8155e-11
2.5576e-11,2.2385e-11,2.0242e-11
5.2488e-11,4.6726e-11,4.4197e-11
1.8132e-11,1.4186e-11,2.1621e-11
6.4192e-11,5.5511e-11,5.1739e-11
3.4191e-11,1.737e-11,1.9164e-11
3.3445e-11,3.4086e-11,3.0091e-11
5.203e-11,5.0586e-11,3.9405e-11
2.6986e-11,1.8026e-11,2.4275e-11
1.9164e-11,1.4255e-11,1.8314e-11
2.615e-11,1.8073e-11,2.0728e-11
3.4147e-11,2.1664e-11,2.5962e-11
3.3334e-11,2.4827e-11,2.2979e-11
7.227e-11,5.5225e-11,5.8804e-11
3.6533e-11,2.5656e-11,2.365e-11
3.2979e-11,2.8034e-11,2.8855e-11
3.3822e-11,2.8229e-11,2.8871e-11
3.4548e-11,2.0209e-11,2.8503e-11
6.2563e-11,3.7769e-11,5.05e-11
4.9663e-11,2.7233e-11,4.0134e-11
6.268e-11,3.6454e-11,4.7806e-11
6.9602e-11,3.1591e-11,5.9852e-11
2.7431e-11,2.2936e-11,1.5518e-11
1.4494e-11,5.9456e-11,3.3492e-11
1.6965e-11,2.7755e-11,2.5223e-11
2.6531e-11,1.5155e-11,1.2516e-11
1.8708e-11,5.0267e-11,5.1855e-11
2.4316e-11,1.6496e-11,2.7214e-11
1.762e-11,6.7298e-11,8.3388e-11
1.6814e-11,1.8366e-11,1.8255e-11
1.4171e-11,5.055e-11,4.7474e-11
1.3014e-11,1.6656e-11,1.4055e-11
2.4158e-11,1.2927e-11,1.3935e-11
1.0722e-11,1.7643e-11,1.3047e-11
1.4272e-11,2.1196e-11,1.4702e-11
2.1379e-11,2.1985e-11,1.8294e-11
2.8978e-11,6.3908e-11,2.6379e-11
2.3937e-11,2.3966e-11,1.9457e-11
3.571e-11,4.1564e-11,2.4918e-11
3.1406e-11,1.8478e-11,1.8589e-11
3.6191e-11,5.949e-11,3.6954e-11
3.545e-11,5.1678e-11,3.1228e-11
4.0536e-11,7.4102e-11,6.2285e-11
4.17e-11,3.7801e-11,3.0194e-11
2.9297e-11,2.1406e-11,1.9902e-11
7.436e-11,5.9681e-11,1.0035e-10
6.7642e-11,5.242e-11,5.8264e-11
3.9704e-11,2.7744e-11,2.9944e-11
6.8445e-11,3.9906e-11,5.579e-11
6.5406e-11,4.2026e-11,5.3013e-11
6.1474e-11,3.2783e-11,6.372e-11
6.656e-11,2.9203e-11,6.2979e-11
7.3172e-11,3.184e-11,7.1433e-11
7.4125e-11,3.4864e-11,6.7901e-11
1.949e-11,1.957e-11,2.2924e-11
1.8871e-11,1.9033e-11,2.1722e-11
1.621e-11,1.4819e-11,8.5287e-12
2.655e-11,1.3994e-11,1.6295e-11
1.5977e-11,2.8952e-11,1.6799e-11
1.7349e-11,1.91e-11,3.1693e-11
2.3532e-11,1.9488e-11,1.2209e-11
1.8009e-11,1.8648e-11,1.6292e-11
1.1447e-11,2.1187e-11,1.9406e-11
2.8379e-11,2.8665e-11,2.1371e-11
1.8598e-11,2.5617e-11,2.0957e-11
2.3294e-11,1.4642e-11,1.4099e-11
2.379e-11,3.6194e-11,3.4785e-11
1.7396e-11,7.6353e-11,8.8791e-11
3.5162e-11,5.9398e-11,5.5693e-11
1.0295e-11,1.3095e-11,1.526e-11
2.2681e-11,5.3409e-11,2.8158e-11
3.058e-11,6.1901e-11,7.0471e-11
3.0843e-11,6.3792e-11,7.569e-11
3.9196e-11,4.7231e-11,2.8956e-11
2.6225e-11,7.4686e-11,3.6233e-11
2.825e-11,7.0589e-11,7.5769e-11
1.4842e-11,1.8135e-11,2.216e-11
3.29e-11,7.1341e-11,4.8901e-11
2.4812e-11,2.4994e-11,2.6929e-11
2.9466e-11,1.5134e-11,1.7734e-11
2.0608e-11,1.4335e-11,1.2848e-11
2.4133e-11,2.115e-11,3.2091e-11
2.936e-11,2.5882e-11,2.8984e-11
2.7662e-11,2.3837e-11,2.1604e-11
2.2258e-11,2.2593e-11,1.9674e-11
2.1785e-11,2.0147e-11,1.6927e-11
2.8483e-11,1.739e-11,1.975e-11
2.7244e-11,2.0494e-11,2.311e-11
6.2431e-11,6.3369e-11,7.3275e-11
2.4323e-11,2.684e-11,1.9087e-11
2.1046e-11,2.8219e-11,1.9694e-11
6.2752e-11,5.481e-11,5.0988e-11
4.4625e-11,2.6634e-11,3.3763e-11
4.809e-11,3.091e-11,3.1862e-11
5.0121e-11,3.7325e-11,4.6791e-11
5.6373e-11,3.7766e-11,5.645e-11
4.9847e-11,3.3139e-11,3.7343e-11
5.9386e-11,3.4017e-11,5.5857e-11
1.3045e-11,1.9814e-11,1.4944e-11
2.2872e-11,2.4583e-11,1.6631e-11
2.0749e-11,1.6315e-11,1.4998e-11
1.9731e-11,1.8087e-11,1.7402e-11
1.1768e-11,1.6144e-11,1.6659e-11
1.44e-11,1.804e-11,1.7138e-11
1.5789e-11,6.9441e-11,6.2237e-11
1.3496e-11,1.2299e-11,1.7684e-11
1.2554e-11,1.9632e-11,2.3048e-11
2.5756e-11,2.7076e-11,1.69e-11
2.0626e-11,5.9755e-11,2.8761e-11
1.8304e-11,3.6636e-11,2.4011e-11
2.3341e-11,4.9135e-11,2.1697e-11
1.4955e-11,1.3641e-11,1.7764e-11
1.805e-11,2.4544e-11,1.3272e-11
1.1162e-11,1.4625e-11,7.8946e-12
3.8652e-11,4.7412e-11,2.8563e-11
2.5891e-11,2.6204e-11,1.6711e-11
1.927e-11,1.7707e-11,2.1313e-11
3.1173e-11,2.3187e-11,2.4187e-11
1.6394e-11,1.4109e-11,1.7141e-11
3.3731e-11,3.0139e-11,2.2141e-11
2.021e-11,1.7058e-11,1.9598e-11
2.1348e-11,2.1448e-11,1.9922e-11
1.7748e-11,1.5737e-11,1.5355e-11
2.6804e-11,3.5372e-11,3.3293e-11
3.367e-11,2.4063e-11,1.8548e-11
2.283e-11,2.443e-11,2.0106e-11
3.947e-11,2.1989e-11,3.1605e-11
2.1313e-11,1.7759e-11,1.7321e-11
2.5222e-11,1.6561e-11,2.1512e-11
2.9815e-11,1.8401e-11,2.1573e-11
3.2298e-11,2.1735e-11,3.0947e-11
3.6594e-11,2.4846e-11,2.558e-11
5.3431e-11,3.2043e-11,4.2058e-11
4.3445e-11,3.101e-11,4.8502e-11
5.3181e-11,3.4793e-11,5.6211e-11
4.9442e-11,3.2385e-11,3.6801e-11
7.2005e-11,4.2133e-11,5.499e-11
7.6068e-11,3.994e-11,5.9162e-11
6.3315e-11,3.4384e-11,6.5e-11
7.9997e-11,3.9865e-11,6.5103e-11
4.0616e-11,4.2644e-11,2.775e-11
1.7913e-11,1.3892e-11,2.4644e-11
1.751e-11,1.6136e-11,9.2344e-12
4.3431e-11,4.9478e-11,3.1173e-11
1.6161e-11,2.3788e-11,3.3787e-11
1.4254e-11,1.3828e-11,9.5621e-12
1.7787e-11,8.1127e-11,6.8797e-11
1.9126e-11,1.7615e-11,1.6573e-11
1.1197e-11,1.0834e-11,1.5946e-11
3.0172e-11,1.9532e-11,1.8112e-11
1.4846e-11,4.3887e-11,1.8686e-11
1.9297e-11,2.3119e-11,1.5098e-11
1.9135e-11,8.6031e-11,7.461e-11
1.0936e-11,1.7584e-11,2.2757e-11
1.8651e-11,2.8905e-11,2.9292e-11
2.7866e-11,1.2942e-11,1.4054e-11
3.2724e-11,2.1657e-11,1.2543e-11
1.0514e-11,1.8531e-11,1.125e-11
1.9702e-11,1.6506e-11,1.7453e-11
1.8518e-11,1.6436e-11,1.8752e-11
3.0755e-11,4.2174e-11,2.3431e-11
4.3459e-11,4.4267e-11,2.9648e-11
3.2316e-11,5.6068e-11,3.2765e-11
2.8065e-11,4.0511e-11,2.62e-11
3.6766e-11,3.6386e-11,3.0242e-11
4.3161e-11,4.6897e-11,3.7235e-11
4.7299e-11,9.753e-11,5.352e-11
3.3348e-11,2.8989e-11,2.6898e-11
3.1411e-11,2.8526e-11,2.6757e-11
1.951e-11,2.2844e-11,2.5782e-11
4.3305e-11,8.1309e-11,4.5415e-11
3.8245e-11,4.1149e-11,4.5037e-11
7.3697e-11,5.124e-11,4.49e-11
3.0601e-11,2.1177e-11,2.1362e-11
3.6399e-11,2.3503e-11,4.6613e-11
6.5823e-11,3.3e-11,5.3191e-11
3.0137e-11,2.2462e-11,2.2758e-11
2.9766e-11,1.9567e-11,3.1319e-11
2.5176e-11,2.2343e-11,1.827e-11
7.135e-11,5.9381e-11,5.8474e-11
4.2895e-11,2.7271e-11,3.1975e-11
5.9149e-11,4.7346e-11,4.9013e-11
6.6232e-11,4.8137e-11,9.9559e-11
5.8886e-11,4.5273e-11,4.7579e-11
4.1754e-11,2.7467e-11,3.8764e-11
6.9835e-11,4.5432e-11,9.4374e-11
4.6858e-11,3.0359e-11,3.3599e-11
5.029e-11,3.4646e-11,3.3515e-11
7.275e-11,4.1627e-11,5.7827e-11
4.9978e-11,3.3727e-11,4.475e-11
7.7929e-11,4.2976e-11,6.0914e-11
6.1478e-11,3.1276e-11,5.4428e-11
8.104e-11,4.1035e-11,7.0742e-11
7.6997e-11,3.576e-11,6.4627e-11
7.6623e-11,3.5293e-11,6.574e-11
1.5501e-11,1.1723e-11,1.805e-11
1.15e-11,1.1181e-11,8.0964e-12
2.5205e-11,2.4518e-11,2.0641e-11
1.9329e-11,1.5123e-11,1.3261e-11
3.9268e-11,2.4483e-11,2.6482e-11
3.2947e-11,3.3683e-11,2.529e-11
1.7788e-11,1.6964e-11,1.827e-11
2.6406e-11,1.5938e-11,1.8646e-11
2.0844e-11,7.7359e-11,4.9839e-11
1.3105e-11,2.297e-11,1.6383e-11
2.393e-11,3.403e-11,1.7568e-11
2.5537e-11,7.8407e-11,8.6749e-11
2.662e-11,5.5292e-11,3.8635e-11
3.2781e-11,6.1889e-11,4.7762e-11
5.3195e-11,5.9212e-11,3.1939e-11
2.5242e-11,2.863e-11,2.0322e-11
2.2899e-11,2.7327e-11,2.1307e-11
1.8055e-11,1.8315e-11,1.6855e-11
2.2875e-11,3.5216e-11,2.9123e-11
3.906e-11,6.9784e-11,2.9386e-11
2.6856e-11,2.2561e-11,2.2221e-11
3.6263e-11,5.074e-11,3.7793e-11
1.7501e-11,2.4367e-11,2.1346e-11
3.8137e-11,5.4692e-11,4.1305e-11
3.7662e-11,2.2894e-11,4.0351e-11
2.2577e-11,2.0484e-11,1.8889e-11
6.8013e-11,4.6211e-11,8.1061e-11
3.2676e-11,2.6063e-11,2.7876e-11
6.9392e-11,5.5197e-11,5.6917e-11
4.3407e-11,3.7386e-11,4.0151e-11
7.1728e-11,4.2346e-11,9.8667e-11
5.7625e-11,3.6213e-11,5.5687e-11
5.7381e-11,3.8547e-11,6.5099e-11
6.5782e-11,4.1161e-11,7.0087e-11
6.3915e-11,3.7144e-11,5.8192e-11
6.6583e-11,3.5121e-11,5.1393e-11
7.3521e-11,3.799e-11,5.8483e-11
6.9486e-11,3.7701e-11,5.8206e-11
7.5101e-11,4.7389e-11,6.997e-11
2.4362e-11,2.229e-11,1.5989e-11
1.9511e-11,1.811e-11,2.8238e-11
9.9271e-12,1.388e-11,2.1064e-11
1.8684e-11,1.3748e-11,1.0606e-11
1.8785e-11,2.2988e-11,2.0499e-11
4.4289e-11,2.4437e-11,1.8185e-11
1.1756e-11,2.2459e-11,1.4945e-11
4.9497e-11,5.3173e-11,3.0479e-11
2.1284e-11,2.31e-11,1.6484e-11
1.4551e-11,9.2064e-11,7.7413e-11
1.2126e-11,1.5829e-11,1.4493e-11
1.2469e-11,1.4906e-11,8.2333e-12
1.6386e-11,1.3795e-11,1.6286e-11
3.353e-11,3.4167e-11,2.1216e-11
2.302e-11,8.0688e-11,4.7207e-11
2.1671e-11,2.3022e-11,1.0905e-11
2.3744e-11,7.1267e-11,3.5949e-11
1.054e-11,2.1858e-11,1.8816e-11
1.553e-11,2.4884e-11,2.1338e-11
1.869e-11,3.2279e-11,2.7092e-11
1.0875e-11,1.8488e-11,9.0551e-12
3.0782e-11,4.8577e-11,2.4126e-11
3.2694e-11,1.9479e-11,1.9989e-11
2.51e-11,2.0708e-11,1.6791e-11
3.1528e-11,5.8466e-11,3.2369e-11
2.3655e-11,3.2346e-11,3.9696e-11
2.6509e-11,2.3557e-11,2.3856e-11
2.7831e-11,2.8237e-11,2.6904e-11
2.8951e-11,1.8361e-11,2.3933e-11
4.4961e-11,3.2811e-11,3.3013e-11
7.3789e-11,5.477e-11,1.1005e-10
3.7457e-11,2.5767e-11,3.0369e-11
5.2143e-11,3.2027e-11,3.7986e-11
6.2138e-11,3.9684e-11,4.8816e-11
7.1758e-11,3.9038e-11,5.0237e-11
6.9569e-11,3.8468e-11,7.4741e-11
7.6072e-11,3.7851e-11,6.3494e-11
7.8632e-11,3.7717e-11,7.0502e-11
7.4187e-11,3.8462e-11,6.1349e-11
1.4523e-11,6.709e-11,4.7279e-11
1.2951e-11,2.1173e-11,1.4646e-11
1.8333e-11,4.443e-11,2.6245e-11
1.0449e-11,2.8745e-11,2.0361e-11
1.8458e-11,2.193e-11,1.2691e-11
1.46e-11,1.7486e-11,1.0273e-11
1.8649e-11,3.379e-11,2.4808e-11
2.4515e-11,2.6586e-11,1.6021e-11
5.1191e-11,5.5352e-11,2.8447e-11
4.5297e-11,5.3222e-11,3.608e-11
4.0631e-11,4.8783e-11,2.77e-11
1.947e-11,3.1216e-11,2.9775e-11
6.1988e-11,6.2853e-11,3.7542e-11
4.8941e-11,9.187e-11,7.5304e-11
1.8372e-11,2.1844e-11,1.9954e-11
2.5978e-11,2.5079e-11,2.1607e-11
5.065e-11,1.071e-10,7.8164e-11
4.3441e-11,2.1302e-11,2.7916e-11
2.0188e-11,2.2348e-11,1.7449e-11
2.453e-11,2.5793e-11,1.6844e-11
3.6048e-11,1.841e-11,2.2959e-11
2.7905e-11,2.4169e-11,2.1511e-11
3.7979e-11,3.1935e-11,6.425e-11
4.395e-11,3.3369e-11,3.4935e-11
8.0287e-11,6.3714e-11,1.0729e-10
7.4131e-11,5.7884e-11,5.7293e-11
4.331e-11,3.3911e-11,3.1293e-11
5.2533e-11,3.5419e-11,3.9322e-11
6.6061e-11,3.9132e-11,5.2419e-11
7.1293e-11,3.9086e-11,6.6946e-11
1.4844e-11,2.1386e-11,1.0485e-11
1.1065e-11,1.0964e-11,1.0555e-11
1.3539e-11,1.2844e-11,8.2661e-12
1.2231e-11,1.1359e-11,1.3131e-11
1.8269e-11,2.0413e-11,1.325e-11
2.2351e-11,2.082e-11,1.483e-11
1.8729e-11,1.9532e-11,1.3089e-11
1.212e-11,1.4853e-11,8.5945e-12
3.8295e-11,4.5197e-11,2.4916e-11
1.6024e-11,1.6369e-11,1.9713e-11
1.7119e-11,2.1064e-11,1.2228e-11
3.535e-11,4.7098e-11,2.8594e-11
1.3383e-11,2.3265e-11,1.6611e-11
1.8312e-11,2.6292e-11,1.7146e-11
2.7251e-11,1.8844e-11,1.2368e-11
2.339e-11,2.6061e-11,2.1466e-11
1.9606e-11,1.8678e-11,1.6949e-11
2.0305e-11,1.928e-11,1.4754e-11
1.8014e-11,2.194e-11,2.2224e-11
6.3948e-11,5.9452e-11,4.2952e-11
4.285e-11,3.7352e-11,3.2025e-11
3.8492e-11,3.1438e-11,3.773e-11
2.1877e-11,2.0204e-11,1.7421e-11
7.093e-11,9.5984e-11,6.8308e-11
3.7049e-11,2.4319e-11,3.6096e-11
2.3268e-11,1.7161e-11,1.8945e-11
6.504e-11,3.6689e-11,7.6056e-11
2.5042e-11,2.0292e-11,2.1458e-11
6.2501e-11,3.4427e-11,6.806e-11
5.3697e-11,4.786e-11,6.9793e-11
3.1134e-11,2.5786e-11,3.0949e-11
7.986e-11,5.3085e-11,1.1688e-10
5.4121e-11,3.2509e-11,5.3016e-11
7.4579e-11,5.8575e-11,5.947e-11
4.7564e-11,3.6903e-11,3.4304e-11
3.571e-11,2.7587e-11,2.628e-11
6.3888e-11,3.2755e-11,3.2139e-11
6.3108e-11,4.1281e-11,4.8941e-11
4.8077e-11,2.9764e-11,3.8025e-11
5.0073e-11,3.3128e-11,4.0765e-11
6.1776e-11,4.4546e-11,4.5686e-11
6.4166e-11,3.4516e-11,5.0117e-11
8.1378e-11,3.9048e-11,6.0629e-11
2.2435e-11,2.0125e-11,1.1816e-11
3.9933e-11,4.0883e-11,2.5693e-11
1.7724e-11,1.0962e-10,7.2357e-11
2.0064e-11,1.4553e-11,1.7918e-11
1.7762e-11,1.0892e-10,7.4808e-11
1.8469e-11,1.9554e-11,1.7943e-11
3.7559e-11,4.1848e-11,2.4187e-11
1.1658e-11,1.3739e-11,1.2495e-11
1.3286e-11,1.4029e-11,1.6924e-11
1.5317e-11,1.4825e-11,1.0295e-11
1.1567e-11,1.5837e-11,9.7668e-12
1.5649e-11,2.1552e-11,1.5681e-11
1.3865e-11,2.2351e-11,1.8877e-11
1.4776e-11,2.617e-11,1.6991e-11
1.9709e-11,3.4466e-11,2.7352e-11
2.1033e-11,1.6214e-11,1.5477e-11
2.1429e-11,3.6505e-11,2.9021e-11
4.2773e-11,8.7579e-11,4.7279e-11
1.7014e-11,1.2794e-11,1.7466e-11
4.4638e-11,2.5776e-11,2.4405e-11
3.1523e-11,3.1331e-11,2.3253e-11
2.391e-11,2.5578e-11,1.7969e-11
2.6836e-11,2.2166e-11,1.8959e-11
3.1951e-11,2.3016e-11,2.8616e-11
5.7011e-11,3.5334e-11,4.5068e-11
3.9692e-11,2.5449e-11,3.0088e-11
7.6598e-11,5.9685e-11,6.1245e-11
4.93e-11,3.6698e-11,3.6772e-11
3.1199e-11,3.0722e-11,2.7472e-11
7.432e-11,4.3566e-11,7.778e-11
7.2393e-11,3.9037e-11,6.0434e-11
6.8317e-11,3.9787e-11,4.928e-11
5.1091e-11,3.2192e-11,3.7472e-11
5.3454e-11,3.588e-11,4.3058e-11
6.5925e-11,4.2588e-11,5.6472e-11
6.6753e-11,3.0995e-11,4.6931e-11
7.0709e-11,4.1354e-11,6.8059e-11
7.4835e-11,4.2472e-11,6.3367e-11
1.1772e-11,1.5591e-11,8.4299e-12
1.7668e-11,1.964e-11,1.5774e-11
2.4532e-11,1.7519e-11,1.6066e-11
4.9253e-11,5.4041e-11,2.9418e-11
1.8209e-11,6.474e-11,4.7318e-11
1.8711e-11,4.1665e-11,3.2724e-11
2.7242e-11,2.5013e-11,2.7354e-11
1.2743e-11,1.7492e-11,1.1386e-11
3.9173e-11,4.6569e-11,2.5504e-11
3.3235e-11,8.0376e-11,5.6299e-11
2.3207e-11,5.0649e-11,2.8519e-11
4.1963e-11,4.0836e-11,3.0657e-11
2.4411e-11,2.2844e-11,2.3372e-11
2.1893e-11,1.6117e-11,2.8383e-11
7.087e-11,7.0437e-11,4.6028e-11
1.8776e-11,1.8404e-11,2.3015e-11
2.1791e-11,1.9722e-11,1.5328e-11
3.9833e-11,3.4327e-11,3.102e-11
7.4661e-11,6.992e-11,4.6817e-11
5.4738e-11,1.0322e-10,6.8789e-11
3.4619e-11,3.5972e-11,2.6085e-11
4.6029e-11,7.395e-11,5.4592e-11
5.9798e-11,4.3091e-11,4.1413e-11
2.0763e-11,1.8076e-11,1.8422e-11
2.0173e-11,2.2256e-11,1.8057e-11
1.8422e-11,1.642e-11,1.5839e-11
2.222e-11,2.0643e-11,1.8522e-11
4.5496e-11,4.0668e-11,3.4021e-11
3.0782e-11,3.0423e-11,2.0213e-11
6.3402e-11,5.3435e-11,4.522e-11
4.0577e-11,3.5808e-11,2.7368e-11
2.267e-11,1.7182e-11,2.3942e-11
4.3596e-11,3.221e-11,3.2512e-11
6.8787e-11,5.6375e-11,5.2864e-11
3.0222e-11,2.2732e-11,2.7014e-11
4.4822e-11,3.6064e-11,3.4658e-11
6.8708e-11,4.2399e-11,6.0412e-11
6.5706e-11,3.6551e-11,4.7058e-11
7.4134e-11,4.1381e-11,5.4564e-11
6.8435e-11,3.5763e-11,5.2476e-11
1.1089e-11,1.3349e-11,1.5444e-11
3.4049e-11,3.1936e-11,1.8446e-11
2.9133e-11,2.4154e-11,1.4425e-11
2.6958e-11,3.8559e-11,2.783e-11
2.5746e-11,1.0392e-10,7.531e-11
5.2144e-11,5.8263e-11,3.1009e-11
1.8997e-11,2.0891e-11,1.5327e-11
5.4153e-11,6.4654e-11,3.3092e-11
2.5453e-11,2.7101e-11,1.2246e-11
1.9326e-11,2.3266e-11,1.5769e-11
1.7739e-11,2.0252e-11,1.1789e-11
1.375e-11,1.9011e-11,1.7211e-11
4.8538e-11,5.7239e-11,2.9558e-11
4.1814e-11,8.3386e-11,6.9909e-11
2.4775e-11,2.5321e-11,1.5407e-11
3.3945e-11,9.23e-11,5.8807e-11
6.164e-11,6.5445e-11,3.6279e-11
2.4114e-11,1.8413e-11,2.1014e-11
3.2821e-11,3.3004e-11,2.1002e-11
4.545e-11,1.1029e-10,8.3547e-11
2.748e-11,2.2373e-11,2.0732e-11
1.8635e-11,1.6135e-11,1.7826e-11
2.3288e-11,1.7464e-11,2.2657e-11
6.2163e-11,6.9815e-11,6.1687e-11
6.888e-11,1.0238e-10,7.1345e-11
2.1733e-11,2.1291e-11,1.9684e-11
2.1766e-11,1.8553e-11,1.9516e-11
2.7329e-11,3.1447e-11,1.8641e-11
3.9691e-11,2.8906e-11,2.7292e-11
2.4634e-11,3.3714e-11,2.4413e-11
2.6769e-11,2.373e-11,1.8536e-11
4.4069e-11,3.3064e-11,3.3548e-11
2.7326e-11,2.1383e-11,2.4114e-11
4.9546e-11,3.7792e-11,3.6797e-11
3.5221e-11,2.421e-11,2.8416e-11
4.842e-11,3.5723e-11,3.5417e-11
4.7302e-11,3.4203e-11,3.3343e-11
3.0788e-11,2.1966e-11,2.6176e-11
3.6951e-11,3.1223e-11,3.1579e-11
5.8845e-11,3.4119e-11,3.9969e-11
6.759e-11,4.7919e-11,5.9654e-11
7.7013e-11,4.4469e-11,5.9889e-11
5.7047e-11,3.6691e-11,4.3629e-11
6.3406e-11,3.8467e-11,4.5584e-11
5.7843e-11,3.2905e-11,4.8941e-11
6.8947e-11,3.9332e-11,5.5606e-11
7.2671e-11,3.6195e-11,5.7129e-11
7.0134e-11,3.295e-11,4.8142e-11
1.5628e-11,1.8207e-11,1.911e-11
2.1081e-11,2.0497e-11,7.5153e-12
5.0858e-11,5.3882e-11,3.0094e-11
2.0072e-11,1.5395e-11,2.1759e-11
1.9098e-11,1.014e-10,7.0413e-11
1.6983e-11,3.0879e-11,2.3833e-11
1.6717e-11,9.8761e-11,6.4772e-11
2.2537e-11,3.0128e-11,2.3046e-11
1.5378e-11,1.5279e-11,1.2204e-11
3.4693e-11,3.5195e-11,1.8714e-11
2.0606e-11,3.5451e-11,2.3758e-11
5.5885e-11,6.5019e-11,3.3703e-11
1.4683e-11,1.8759e-11,1.1197e-11
1.2476e-11,2.172e-11,1.4801e-11
1.5949e-11,2.7911e-11,1.2795e-11
1.2594e-11,1.8696e-11,1.701e-11
1.6814e-11,1.3357e-11,1.8062e-11
1.921e-11,1.6224e-11,1.7396e-11
1.4713e-11,2.1631e-11,1.1859e-11
2.6836e-11,3.0076e-11,1.7211e-11
2.4873e-11,5.8036e-11,2.8456e-11
3.4266e-11,6.5045e-11,4.4846e-11
1.7633e-11,2.7219e-11,1.3635e-11
1.794e-11,1.6923e-11,1.699e-11
3.6198e-11,3.4772e-11,2.363e-11
2.0066e-11,1.8684e-11,1.7755e-11
3.9052e-11,4.2579e-11,2.4083e-11
7.6766e-11,7.0102e-11,4.5463e-11
2.0315e-11,1.5829e-11,1.958e-11
2.7414e-11,2.389e-11,3.4049e-11
5.7463e-11,7.1453e-11,4.9153e-11
2.1132e-11,1.6992e-11,1.8139e-11
6.5083e-11,9.6278e-11,6.5197e-11
2.4124e-11,3.1784e-11,2.6432e-11
1.9635e-11,2.1795e-11,1.7334e-11
2.2534e-11,1.9366e-11,2.1366e-11
6.9662e-11,5.9757e-11,4.9772e-11
6.8243e-11,3.852e-11,7.7627e-11
2.6702e-11,2.696e-11,1.8708e-11
3.5996e-11,2.6246e-11,3.1233e-11
6.1282e-11,3.468e-11,4.8972e-11
4.1169e-11,2.6925e-11,3.0911e-11
5.6017e-11,4.1245e-11,4.0228e-11
8.2295e-11,5.313e-11,9.8077e-11
7.319e-11,3.5443e-11,4.2729e-11
6.8488e-11,3.8369e-11,5.6808e-11
3.5144e-11,3.1583e-11,1.6762e-11
2.376e-11,2.9145e-11,1.8933e-11
2.3277e-11,2.3151e-11,6.6619e-12
2.1094e-11,3.5661e-11,2.4955e-11
1.8766e-11,2.5062e-11,1.7812e-11
1.5802e-11,2.588e-11,1.9974e-11
1.5481e-11,1.4146e-11,1.1845e-11
1.6484e-11,2.1242e-11,1.6291e-11
2.3238e-11,1.73e-11,1.6346e-11
1.5227e-11,1.6853e-11,1.1241e-11
1.4303e-11,2.0191e-11,8.7232e-12
1.1218e-11,1.4489e-11,8.6278e-12
2.8455e-11,3.0377e-11,2.5306e-11
3.4731e-11,2.6989e-11,1.8565e-11
4.3176e-11,4.1039e-11,2.9953e-11
2.0017e-11,1.7006e-11,2.2903e-11
1.9546e-11,1.8626e-11,1.4116e-11
1.9111e-11,1.7279e-11,2.091e-11
1.7706e-11,2.1981e-11,2.5076e-11
5.7261e-11,7.9895e-11,5.5022e-11
4.9544e-11,4.3042e-11,3.4569e-11
4.8092e-11,4.1242e-11,3.2607e-11
2.5191e-11,2.1364e-11,1.7223e-11
7.7057e-11,6.8157e-11,5.2611e-11
6.363e-11,9.52e-11,6.688e-11
2.3655e-11,1.7829e-11,1.6886e-11
2.3119e-11,1.9333e-11,1.8486e-11
5.1571e-11,3.701e-11,3.6966e-11
4.4831e-11,3.3105e-11,3.0832e-11
2.91e-11,2.6244e-11,3.093e-11
8.6614e-11,5.2433e-11,1.0803e-10
6.5277e-11,5.0664e-11,4.8091e-11
5.4754e-11,3.5515e-11,3.8902e-11
5.0677e-11,3.5639e-11,3.6372e-11
3.9665e-11,2.879e-11,3.0013e-11
5.6405e-11,4.0243e-11,4.1261e-11
6.3433e-11,3.3349e-11,3.3656e-11
7.1506e-11,4.1501e-11,5.0304e-11
7.1347e-11,3.4043e-11,4.6997e-11
7.4037e-11,4.085e-11,6.4705e-11
1.396e-11,2.193e-11,1.2366e-11
2.4675e-11,2.213e-11,1.599e-11
1.8235e-11,1.8652e-11,1.8197e-11
1.8999e-11,5.3053e-11,3.4155e-11
1.1193e-11,3.0525e-11,1.7514e-11
2.7475e-11,1.1015e-10,8.31e-11
5.7951e-11,6.6395e-11,3.4425e-11
1.7843e-11,1.9625e-11,1.2843e-11
3.0308e-11,1.6309e-11,1.3712e-11
4.3111e-11,5.1459e-11,2.8968e-11
5.9462e-11,7.0915e-11,3.599e-11
1.1673e-11,1.4897e-11,1.6168e-11
3.4649e-11,4.0566e-11,1.9849e-11
2.724e-11,3.0522e-11,1.3694e-11
3.2714e-11,3.4546e-11,2.2761e-11
1.3661e-11,1.4627e-11,1.6366e-11
2.6736e-11,2.6512e-11,2.0421e-11
4.2322e-11,1.1118e-10,7.747e-11
1.6703e-11,1.4681e-11,1.3694e-11
4.2806e-11,3.7592e-11,2.6338e-11
2.7871e-11,2.0175e-11,2.3837e-11
5.6298e-11,5.0288e-11,3.4054e-11
3.5954e-11,3.3632e-11,2.1741e-11
8.1042e-11,7.1573e-11,5.2359e-11
5.2139e-11,4.8331e-11,3.4803e-11
1.9671e-11,1.5159e-11,1.7285e-11
1.7675e-11,1.6942e-11,1.9693e-11
3.4812e-11,3.0718e-11,5.1238e-11
4.0087e-11,3.3399e-11,2.9232e-11
3.8908e-11,2.9522e-11,2.5543e-11
7.3061e-11,6.6709e-11,5.0294e-11
5.6243e-11,4.3708e-11,3.9891e-11
2.6868e-11,2.8276e-11,1.9977e-11
2.5558e-11,2.5313e-11,2.4272e-11
2.3739e-11,2.1108e-11,1.8403e-11
2.5609e-11,2.3085e-11,1.84e-11
8.4234e-11,5.4858e-11,1.1561e-10
6.8821e-11,5.0682e-11,5.0088e-11
1.0875e-10,5.3922e-11,1.0934e-10
7.0789e-11,4.6574e-11,5.0398e-11
6.7549e-11,5.6366e-11,4.1113e-11
6.1011e-11,3.5508e-11,3.6782e-11
8.4933e-11,5.1054e-11,6.4397e-11
6.7524e-11,3.4224e-11,4.4178e-11
8.0467e-11,5.2012e-11,6.5218e-11
3.781e-11,3.7028e-11,1.7912e-11
1.232e-11,1.6693e-11,1.0206e-11
1.1049e-11,1.4522e-11,7.4e-12
1.7735e-11,2.4744e-11,1.8831e-11
2.5892e-11,1.8653e-11,1.9743e-11
1.9092e-11,2.3778e-11,2.3614e-11
1.6321e-11,1.571e-11,1.0851e-11
1.8553e-11,2.6419e-11,1.211e-11
3.556e-11,9.746e-11,7.742e-11
1.9488e-11,3.2972e-11,1.9531e-11
1.6654e-11,2.6093e-11,1.1649e-11
2.2357e-11,5.3649e-11,2.832e-11
3.421e-11,3.6821e-11,2.0363e-11
4.3601e-11,1.0743e-10,7.7435e-11
1.5392e-11,1.978e-11,2.0604e-11
2.442e-11,2.7494e-11,2.6817e-11
2.3041e-11,1.7238e-11,1.5685e-11
2.047e-11,2.2362e-11,1.973e-11
2.4939e-11,1.8717e-11,1.5265e-11
1.987e-11,1.8486e-11,2.0055e-11
2.7977e-11,2.6436e-11,1.9614e-11
2.1756e-11,2.5656e-11,1.7044e-11
2.3401e-11,2.0306e-11,1.7605e-11
6.8948e-11,6.3053e-11,4.334e-11
3.7591e-11,2.8784e-11,2.2874e-11
4.1438e-11,3.438e-11,2.8866e-11
3.1758e-11,2.3976e-11,2.1845e-11
2.8638e-11,2.5305e-11,1.9194e-11
8.1741e-11,4.029e-11,6.8184e-11
8.6445e-11,6.4998e-11,1.134e-10
2.9399e-11,2.7303e-11,3.3099e-11
2.8964e-11,2.2334e-11,2.4699e-11
6.6938e-11,3.1204e-11,4.1508e-11
9.8569e-11,5.5899e-11,1.228e-10
3.8021e-11,2.6679e-11,2.7892e-11
6.969e-11,4.4857e-11,4.2188e-11
6.8788e-11,4.7271e-11,5.0803e-11
7.7704e-11,3.8367e-11,5.2836e-11
7.6463e-11,3.8062e-11,5.3263e-11
7.6852e-11,4.0427e-11,6.2524e-11
8.314e-11,5.1754e-11,6.9147e-11
2.3063e-11,2.2701e-11,9.2872e-12
1.6396e-11,2.4613e-11,1.5818e-11
3.134e-11,2.225e-11,1.954e-11
2.0791e-11,8.0502e-11,5.8272e-11
1.656e-11,1.4809e-11,1.9735e-11
1.392e-11,1.6382e-11,1.7046e-11
2.5426e-11,1.1349e-10,8.3237e-11
2.1274e-11,1.5387e-11,1.7902e-11
1.8902e-11,2.0644e-11,1.1244e-11
1.3746e-11,1.4268e-11,9.3721e-12
1.0221e-11,1.155e-11,1.3807e-11
1.6794e-11,1.9517e-11,1.5601e-11
1.3457e-11,1.3095e-11,1.2834e-11
2.2666e-11,3.6097e-11,3.0326e-11
1.4078e-11,1.4686e-11,1.244e-11
2.1411e-11,4.5417e-11,3.1117e-11
4.2244e-11,4.9907e-11,2.9023e-11
1.8555e-11,2.926e-11,1.4828e-11
1.5879e-11,2.1661e-11,1.3081e-11
2.1554e-11,5.0799e-11,2.9807e-11
1.4323e-11,2.1021e-11,1.8186e-11
1.7663e-11,1.9548e-11,1.6645e-11
3.0603e-11,3.3801e-11,2.2991e-11
3.6447e-11,2.8456e-11,2.0934e-11
1.952e-11,2.6319e-11,2.017e-11
5.8695e-11,4.984e-11,5.3416e-11
4.4484e-11,3.3645e-11,2.7797e-11
3.5977e-11,2.6969e-11,4.9361e-11
7.8769e-11,4.1859e-11,7.7459e-11
6.5208e-11,5.2324e-11,4.4747e-11
3.1703e-11,2.7914e-11,2.5281e-11
4.0437e-11,3.0414e-11,2.9147e-11
3.9337e-11,3.0964e-11,3.0367e-11
3.8495e-11,3.0477e-11,3.2535e-11
7.2488e-11,3.0251e-11,4.0115e-11
4.418e-11,2.9949e-11,3.5454e-11
9.8929e-11,4.2259e-11,6.8143e-11
4.125e-11,3.4234e-11,3.364e-11
5.1484e-11,3.8052e-11,4.3265e-11
7.4745e-11,4.4128e-11,4.4948e-11
6.3433e-11,3.7783e-11,5.3385e-11
8.3978e-11,4.7023e-11,6.2298e-11
1.1582e-11,1.5074e-11,1.0473e-11
1.383e-11,1.8118e-11,1.2902e-11
1.7752e-11,6.0165e-11,4.0745e-11
5.1235e-11,5.3287e-11,2.7084e-11
1.6717e-11,2.3867e-11,2.1178e-11
1.7477e-11,2.8573e-11,1.3828e-11
3.5079e-11,3.1897e-11,2.1547e-11
2.5232e-11,4.106e-11,3.2808e-11
1.5705e-11,1.7624e-11,1.2904e-11
1.9872e-11,1.5131e-11,1.7394e-11
2.4878e-11,2.942e-11,1.2322e-11
3.7176e-11,9.8697e-11,7.6339e-11
3.4501e-11,3.9858e-11,2.0955e-11
1.492e-11,2.8528e-11,2.1086e-11
3.878e-11,4.3328e-11,2.2863e-11
1.4878e-11,1.8133e-11,1.7005e-11
2.285e-11,2.1948e-11,2.2351e-11
2.8143e-11,3.2489e-11,2.9948e-11
1.813e-11,2.0217e-11,1.5187e-11
5.8875e-11,5.4669e-11,3.3944e-11
3.9417e-11,3.1153e-11,2.301e-11
3.119e-11,3.0123e-11,3.3749e-11
2.358e-11,2.9395e-11,2.8243e-11
3.2298e-11,2.9021e-11,2.197e-11
3.2907e-11,2.2165e-11,2.8047e-11
3.8426e-11,3.4191e-11,2.5692e-11
2.3965e-11,2.2962e-11,2.593e-11
2.5756e-11,2.3386e-11,2.0677e-11
3.5838e-11,2.5129e-11,2.7856e-11
6.3507e-11,3.4316e-11,4.6163e-11
5.7615e-11,3.9756e-11,3.9464e-11
6.7469e-11,4.5971e-11,5.0534e-11
6.8279e-11,3.9403e-11,4.22e-11
2.0073e-11,2.064e-11,5.5528e-12
1.6646e-11,3.9284e-11,3.1914e-11
2.4426e-11,1.1614e-10,8.2273e-11
1.5864e-11,2.1958e-11,1.273e-11
2.6522e-11,2.9841e-11,1.7222e-11
3.3364e-11,9.7192e-11,7.7277e-11
1.5945e-11,2.5185e-11,1.2385e-11
5.8195e-11,6.6962e-11,3.2182e-11
1.7137e-11,2.8868e-11,1.9078e-11
3.0168e-11,3.5075e-11,1.7216e-11
2.1621e-11,2.9801e-11,1.254e-11
1.5052e-11,1.7161e-11,1.5425e-11
4.1201e-11,6.3435e-11,4.4737e-11
4.0251e-11,8.5295e-11,6.8522e-11
2.0628e-11,2.133e-11,1.1857e-11
4.1836e-11,1.0137e-10,7.7117e-11
1.7826e-11,1.9233e-11,1.6284e-11
1.6799e-11,2.1551e-11,2.4145e-11
1.6656e-11,1.728e-11,1.5219e-11
1.9965e-11,3.0697e-11,1.9711e-11
1.8745e-11,1.8354e-11,1.8752e-11
2.1567e-11,1.9235e-11,1.582e-11
1.8025e-11,1.7944e-11,1.8258e-11
2.1422e-11,2.2779e-11,2.1121e-11
2.1345e-11,1.6505e-11,1.8808e-11
3.0899e-11,2.9998e-11,2.2305e-11
2.2619e-11,1.8756e-11,1.4089e-11
2.8335e-11,2.3218e-11,1.7922e-11
4.0343e-11,3.3913e-11,2.4621e-11
8.0244e-11,7.2576e-11,5.0585e-11
2.044e-11,2.3599e-11,1.8804e-11
6.9203e-11,6.1592e-11,4.0735e-11
7.9319e-11,6.5189e-11,5.0083e-11
3.6615e-11,2.7075e-11,2.6928e-11
6.8807e-11,5.1097e-11,4.7245e-11
5.4124e-11,3.7488e-11,3.7479e-11
4.1557e-11,3.3755e-11,3.0885e-11
7.4725e-11,5.0334e-11,5.2429e-11
4.1424e-11,3.1649e-11,3.1819e-11
9.5843e-11,5.0316e-11,6.9803e-11
7.3648e-11,3.8018e-11,5.2746e-11
1.5262e-11,1.5003e-11,1.4874e-11
9.8488e-12,1.2283e-11,1.4243e-11
2.0486e-11,2.7097e-11,1.6002e-11
1.3739e-11,1.9403e-11,1.6023e-11
1.6677e-11,2.3284e-11,1.4837e-11
9.9068e-12,1.6795e-11,1.0037e-11
2.1223e-11,1.9522e-11,2.1673e-11
3.0377e-11,1.2415e-10,9.1496e-11
1.1363e-11,1.7381e-11,1.7473e-11
2.2202e-11,5.0676e-11,4.1619e-11
1.2365e-11,1.5618e-11,1.2979e-11
3.6832e-11,8.6025e-11,6.493e-11
1.4258e-11,2.2565e-11,1.998e-11
1.2991e-11,1.4102e-11,1.2798e-11
6.7842e-11,7.8382e-11,4.1168e-11
2.7366e-11,5.32e-11,3.6224e-11
1.9855e-11,2.1943e-11,1.0087e-11
5.2871e-11,5.8093e-11,2.9174e-11
4.5782e-11,4.9033e-11,2.7414e-11
1.622e-11,2.2477e-11,1.6985e-11
3.8164e-11,1.0698e-10,7.5634e-11
1.7843e-11,2.3688e-11,2.0167e-11
4.9519e-11,4.9242e-11,2.9311e-11
2.3783e-11,1.7367e-11,1.585e-11
2.1445e-11,1.9074e-11,1.9666e-11
2.8035e-11,2.2175e-11,1.6816e-11
2.617e-11,2.0574e-11,1.9531e-11
2.1613e-11,2.4998e-11,1.7887e-11
6.9368e-11,5.933e-11,4.1545e-11
6.4553e-11,5.4843e-11,4.0981e-11
5.0198e-11,3.8467e-11,3.4913e-11
6.944e-11,4.4966e-11,8.6829e-11
6.7737e-11,3.9329e-11,3.6679e-11
4.7469e-11,3.15e-11,3.4765e-11
6.1168e-11,4.3531e-11,4.43e-11
7.9024e-11,4.5072e-11,5.1421e-11
8.0479e-11,4.9327e-11,5.634e-11
6.0927e-11,3.1449e-11,3.8943e-11
6.2647e-11,3.5271e-11,4.3766e-11
6.9711e-11,4.8323e-11,5.0837e-11
7.583e-11,5.7566e-11,6.0871e-11
8.6818e-11,4.0057e-11,5.6733e-11
1.6275e-11,2.0246e-11,6.6824e-12
1.8635e-11,1.9235e-11,2.2292e-11
1.3435e-11,1.3698e-11,1.8087e-11
1.3148e-11,2.0922e-11,1.6546e-11
3.5204e-11,8.1802e-11,6.129e-11
2.9059e-11,4.8445e-11,2.6056e-11
1.6467e-11,3.089e-11,2.143e-11
1.5069e-11,2.016e-11,2.1087e-11
2.4079e-11,3.2168e-11,2.8129e-11
7.0668e-11,8.2407e-11,4.1273e-11
6.267e-11,6.9481e-11,3.6488e-11
1.7473e-11,2.0904e-11,1.3099e-11
4.0688e-11,7.4444e-11,5.5345e-11
1.7582e-11,1.7375e-11,1.6069e-11
2.3036e-11,1.8759e-11,1.4069e-11
2.2148e-11,2.9309e-11,3.0312e-11
2.3897e-11,2.3417e-11,1.9154e-11
4.2906e-11,6.5323e-11,5.0527e-11
6.0231e-11,5.9172e-11,6.8279e-11
2.532e-11,3.7752e-11,2.3015e-11
2.6386e-11,2.3814e-11,2.6083e-11
6.8743e-11,5.6941e-11,4.4297e-11
5.5719e-11,4.2445e-11,3.3477e-11
3.4522e-11,3.4204e-11,2.3711e-11
6.2026e-11,4.5491e-11,3.8857e-11
4.2125e-11,3.1175e-11,2.8044e-11
7.003e-11,3.2179e-11,4.3738e-11
3.1444e-11,2.5822e-11,3.0978e-11
6.9203e-11,4.831e-11,4.8878e-11
3.4056e-11,2.9576e-11,3.6176e-11
4.3709e-11,3.5181e-11,4.3005e-11
8.9947e-11,5.2935e-11,7.4913e-11
5.3931e-11,4.2587e-11,4.4001e-11
8.249e-11,4.848e-11,5.2782e-11
8.6403e-11,4.2994e-11,5.6141e-11
3.4067e-11,3.1871e-11,1.4096e-11
2.9977e-11,2.3037e-11,2.1468e-11
1.8309e-11,3.3623e-11,3.3541e-11
2.0584e-11,2.256e-11,2.0575e-11
2.2051e-11,3.0483e-11,1.9073e-11
2.2192e-11,2.4529e-11,1.9591e-11
2.3692e-11,2.5869e-11,1.2928e-11
1.5207e-11,1.9021e-11,1.0781e-11
1.4694e-11,1.7432e-11,1.1357e-11
3.8229e-11,8.9641e-11,6.7842e-11
6.6822e-11,7.7606e-11,3.9315e-11
4.3597e-11,4.7407e-11,2.5297e-11
1.7408e-11,2.0815e-11,1.1362e-11
2.1982e-11,2.9342e-11,1.5448e-11
2.4458e-11,2.7388e-11,2.6443e-11
4.2111e-11,9.627e-11,6.5949e-11
2.0362e-11,1.724e-11,1.7676e-11
2.8156e-11,2.3151e-11,2.0477e-11
4.3544e-11,6.6985e-11,5.2605e-11
7.1469e-11,6.2806e-11,4.1943e-11
2.6722e-11,3.7294e-11,2.215e-11
3.1272e-11,3.7472e-11,2.0871e-11
3.5252e-11,3.1659e-11,2.8902e-11
5.5015e-11,2.964e-11,4.2452e-11
3.8498e-11,2.9052e-11,2.6765e-11
6.764e-11,4.8395e-11,4.457e-11
3.5965e-11,3.0761e-11,2.9783e-11
5.7681e-11,4.4964e-11,4.2227e-11
6.4531e-11,4.0317e-11,4.9041e-11
9.1866e-11,4.5235e-11,6.0515e-11
2.3454e-11,2.0986e-11,1.0896e-11
1.3036e-11,2.7622e-11,1.0155e-11
1.9476e-11,1.6957e-11,2.2453e-11
1.7694e-11,1.716e-11,1.4403e-11
1.6426e-11,1.7284e-11,1.4937e-11
2.9393e-11,7.2103e-11,6.1441e-11
1.461e-11,1.4519e-11,1.0519e-11
1.9439e-11,2.3637e-11,1.6242e-11
1.8034e-11,2.3119e-11,1.5194e-11
3.4728e-11,3.3165e-11,2.3956e-11
2.487e-11,3.078e-11,2.9653e-11
7.0847e-11,8.0733e-11,3.9315e-11
2.6186e-11,3.0996e-11,1.179e-11
4.6341e-11,5.0569e-11,2.6584e-11
3.3782e-11,6.4854e-11,4.5048e-11
3.8329e-11,7.5751e-11,5.2289e-11
3.3321e-11,3.2069e-11,2.043e-11
1.6729e-11,1.5747e-11,1.406e-11
2.8395e-11,2.6799e-11,2.4284e-11
2.5891e-11,2.86e-11,2.9983e-11
1.922e-11,2.5011e-11,2.0231e-11
6.7558e-11,7.142e-11,3.884e-11
7.6608e-11,7.5349e-11,4.483e-11
2.2582e-11,2.58e-11,2.7403e-11
2.1926e-11,1.8607e-11,1.4844e-11
5.3951e-11,4.4682e-11,3.3068e-11
3.505e-11,3.4573e-11,2.2865e-11
5.7366e-11,4.4558e-11,3.5775e-11
3.1637e-11,3.1843e-11,3.2916e-11
2.9654e-11,2.9876e-11,2.815e-11
5.387e-11,3.985e-11,6.0557e-11
8.0267e-11,4.8784e-11,9.1787e-11
7.4798e-11,3.8409e-11,7.1464e-11
5.951e-11,4.3416e-11,3.5582e-11
3.4994e-11,3.4219e-11,2.8756e-11
7.821e-11,5.4259e-11,9.1113e-11
8.1582e-11,4.6272e-11,7.2978e-11
6.3201e-11,4.7111e-11,4.7486e-11
6.7992e-11,4.406e-11,5.1292e-11
2.6615e-11,2.7356e-11,6.8495e-12
1.3537e-11,1.5529e-11,1.6403e-11
1.1709e-11,1.3346e-11,1.1549e-11
2.3288e-11,1.6967e-11,1.5672e-11
2.057e-11,2.1677e-11,2.4336e-11
2.9271e-11,7.959e-11,7.1525e-11
1.4022e-11,1.7204e-11,1.0926e-11
1.7111e-11,2.5933e-11,1.9404e-11
1.8879e-11,1.818e-11,1.2277e-11
3.6419e-11,4.1354e-11,1.975e-11
3.2733e-11,3.5445e-11,1.6221e-11
5.798e-11,6.3498e-11,3.0779e-11
1.8283e-11,2.268e-11,1.4488e-11
2.4313e-11,2.9305e-11,1.9356e-11
4.1629e-11,1.0924e-10,7.6265e-11
1.639e-11,2.0281e-11,1.7494e-11
3.7009e-11,3.4782e-11,2.2439e-11
2.5191e-11,2.3252e-11,1.9009e-11
3.6347e-11,5.7867e-11,5.0441e-11
5.5796e-11,1.0127e-10,7.2842e-11
3.6861e-11,3.5387e-11,2.1574e-11
3.3663e-11,2.6444e-11,2.4305e-11
2.6978e-11,2.2269e-11,1.6805e-11
3.4831e-11,2.7017e-11,2.5077e-11
2.8334e-11,2.3061e-11,2.1082e-11
2.5611e-11,2.8071e-11,2.6687e-11
6.3293e-11,4.8367e-11,3.7886e-11
6.4735e-11,4.5783e-11,7.006e-11
3.0446e-11,3.0784e-11,2.7477e-11
5.8109e-11,3.7985e-11,5.0299e-11
4.3197e-11,3.2183e-11,2.7464e-11
4.377e-11,2.9405e-11,3.1125e-11
3.5604e-11,2.8931e-11,2.7937e-11
6.9313e-11,4.4929e-11,4.6614e-11
4.6787e-11,4.3001e-11,3.4661e-11
3.9412e-11,3.2559e-11,3.2981e-11
4.1127e-11,3.4404e-11,3.7768e-11
6.0071e-11,3.8603e-11,4.1655e-11
7.6443e-11,3.9952e-11,5.1735e-11
7.999e-11,4.5321e-11,5.1882e-11
8.8078e-11,5.3424e-11,6.1615e-11
1.5629e-11,2.1425e-11,1.3951e-11
1.5842e-11,2.2729e-11,1.3899e-11
1.5703e-11,2.0166e-11,1.4594e-11
2.7628e-11,2.7812e-11,1.0316e-11
5.0435e-11,5.3225e-11,2.7541e-11
1.5191e-11,1.8147e-11,1.5255e-11
4.6211e-11,7.4536e-11,6.1649e-11
1.516e-11,1.9309e-11,1.8225e-11
2.2815e-11,3.5618e-11,3.0021e-11
4.6434e-11,5.1214e-11,2.536e-11
1.8917e-11,2.0723e-11,1.4467e-11
1.713e-11,1.942e-11,1.1339e-11
2.4553e-11,2.8692e-11,2.0384e-11
2.0789e-11,1.9875e-11,1.2108e-11
3.7223e-11,3.7932e-11,2.1861e-11
4.0957e-11,4.435e-11,3.0705e-11
5.4415e-11,5.3211e-11,3.0594e-11
7.8039e-11,7.9861e-11,4.557e-11
5.6523e-11,6.4913e-11,6.727e-11
7.7932e-11,6.2515e-11,4.4123e-11
3.656e-11,2.6968e-11,2.218e-11
2.7799e-11,3.148e-11,3.2156e-11
4.7847e-11,4.776e-11,6.8547e-11
5.1072e-11,3.5624e-11,2.94e-11
4.9325e-11,3.8292e-11,5.9769e-11
7.1885e-11,4.5371e-11,8.2895e-11
8.4139e-11,5.1709e-11,5.7487e-11
7.4666e-11,4.1292e-11,5.121e-11
3.187e-11,2.8695e-11,1.7019e-11
3.8704e-11,3.5655e-11,2.2185e-11
3.627e-11,3.5449e-11,3.6189e-11
4.2134e-11,3.8572e-11,2.0166e-11
2.0115e-11,1.6527e-11,8.3744e-12
1.4959e-11,1.8226e-11,1.4493e-11
1.6357e-11,1.9571e-11,1.9824e-11
2.6952e-11,2.4467e-11,1.8217e-11
1.9268e-11,2.9593e-11,2.2553e-11
2.8666e-11,3.4014e-11,1.3307e-11
3.0083e-11,3.4816e-11,1.4747e-11
2.5153e-11,2.6817e-11,2.7279e-11
6.8157e-11,7.5947e-11,3.7697e-11
3.0359e-11,3.5423e-11,2.3012e-11
1.6478e-11,1.7521e-11,1.2396e-11
1.8122e-11,2.5163e-11,1.8778e-11
2.2505e-11,2.3638e-11,2.2142e-11
4.8225e-11,5.2377e-11,2.8799e-11
1.8851e-11,2.9724e-11,2.7187e-11
2.145e-11,2.129e-11,1.1298e-11
2.9726e-11,2.8039e-11,2.3565e-11
2.1312e-11,2.4976e-11,1.9666e-11
2.0843e-11,2.3684e-11,1.8701e-11
2.583e-11,2.9071e-11,2.8931e-11
2.794e-11,2.7019e-11,2.3482e-11
2.6818e-11,3.1908e-11,2.8785e-11
3.1706e-11,2.7168e-11,2.5222e-11
4.7757e-11,3.4892e-11,2.7893e-11
5.0177e-11,3.465e-11,4.9365e-11
5.4593e-11,3.9604e-11,3.7992e-11
5.1203e-11,4.0575e-11,3.913e-11
6.7361e-11,5.0807e-11,5.4039e-11
3.6692e-11,3.5605e-11,1.7353e-11
3.4829e-11,3.0401e-11,2.0881e-11
1.8851e-11,1.6045e-11,7.9839e-12
1.8552e-11,2.5064e-11,1.5609e-11
4.3163e-11,4.0248e-11,1.7272e-11
1.8645e-11,2.4285e-11,2.2952e-11
1.5122e-11,2.9134e-11,2.2233e-11
1.7219e-11,2.7504e-11,2.2637e-11
2.6401e-11,2.0431e-11,1.5391e-11
1.3105e-11,1.9388e-11,1.5541e-11
6.7872e-11,7.307e-11,3.4287e-11
2.194e-11,2.1916e-11,2.9362e-11
5.9223e-11,6.5537e-11,2.8281e-11
2.9224e-11,4.7316e-11,3.6726e-11
1.9807e-11,2.4873e-11,1.9148e-11
2.7079e-11,3.2353e-11,2.475e-11
1.7042e-11,2.4286e-11,1.2066e-11
3.7596e-11,3.4869e-11,3.6997e-11
1.8187e-11,2.2691e-11,1.968e-11
2.2029e-11,1.9086e-11,1.8158e-11
2.9768e-11,2.7222e-11,1.9182e-11
2.5737e-11,2.6585e-11,2.0075e-11
3.9943e-11,5.0312e-11,5.1181e-11
4.7527e-11,7.7408e-11,6.6938e-11
4.0132e-11,4.5961e-11,4.8168e-11
2.7988e-11,2.4399e-11,2.1749e-11
2.4083e-11,2.6427e-11,2.1858e-11
3.2118e-11,2.5143e-11,2.4613e-11
4.2344e-11,4.6128e-11,5.4335e-11
5.5171e-11,5.7716e-11,7.0522e-11
3.215e-11,2.5854e-11,2.6256e-11
3.7648e-11,3.0966e-11,3.0114e-11
4.1831e-11,3.3337e-11,3.6203e-11
4.4976e-11,3.7234e-11,3.3761e-11
7.8578e-11,4.7208e-11,5.8734e-11
5.8262e-11,4.0183e-11,4.2794e-11
6.6957e-11,3.8705e-11,4.3785e-11
8.8451e-11,4.8667e-11,5.5496e-11
1.7089e-11,2.0864e-11,1.3325e-11
1.5254e-11,1.7414e-11,1.0052e-11
2.2086e-11,2.4424e-11,2.5852e-11
2.713e-11,5.1192e-11,4.844e-11
1.3859e-11,2.0331e-11,1.3589e-11
5.929e-11,6.1459e-11,3.0726e-11
1.3694e-11,1.6404e-11,9.1976e-12
2.3622e-11,2.9436e-11,2.3686e-11
3.6583e-11,9.3428e-11,6.5214e-11
4.317e-11,1.1076e-10,7.8767e-11
2.6389e-11,2.1932e-11,1.545e-11
1.7724e-11,2.2099e-11,1.9424e-11
2.0379e-11,2.1763e-11,1.5086e-11
2.4196e-11,2.6447e-11,1.4563e-11
2.9649e-11,3.0516e-11,2.2434e-11
3.937e-11,9.0645e-11,6.9285e-11
4.611e-11,1.0504e-10,8.1491e-11
4.0217e-11,3.646e-11,2.4682e-11
3.1883e-11,4.6759e-11,3.5247e-11
2.2813e-11,2.0242e-11,1.7313e-11
4.2619e-11,4.9717e-11,5.5731e-11
4.6635e-11,5.0173e-11,6.4432e-11
4.2559e-11,3.9576e-11,2.6329e-11
5.2587e-11,4.3768e-11,5.1672e-11
3.4238e-11,3.3841e-11,2.9482e-11
4.0718e-11,3.1502e-11,2.7498e-11
4.7213e-11,3.3975e-11,3.6099e-11
7.4062e-11,4.4035e-11,5.299e-11
1.9629e-11,1.6854e-11,6.0115e-12
1.8495e-11,2.4729e-11,1.23e-11
5.1142e-11,5.6496e-11,5.1891e-11
1.7162e-11,1.7809e-11,8.7874e-12
2.7281e-11,2.8567e-11,2.3882e-11
2.4678e-11,1.9382e-11,1.7798e-11
2.4845e-11,4.1011e-11,3.7717e-11
1.7313e-11,2.1937e-11,1.0646e-11
1.6266e-11,1.8714e-11,1.6985e-11
1.6075e-11,1.6361e-11,6.7313e-12
1.8185e-11,2.1668e-11,1.2256e-11
2.55e-11,2.2982e-11,2.473e-11
1.6974e-11,1.8043e-11,1.2986e-11
2.9458e-11,3.6664e-11,2.218e-11
6.9496e-11,7.5189e-11,3.7138e-11
2.9335e-11,4.3738e-11,4.7049e-11
5.6051e-11,6.0956e-11,3.1268e-11
2.4409e-11,2.3676e-11,1.8964e-11
2.8269e-11,3.0731e-11,2.6324e-11
4.9123e-11,8.3546e-11,7.2189e-11
4.3697e-11,3.4751e-11,2.5497e-11
3.1438e-11,3.3364e-11,2.7912e-11
5.0957e-11,5.5703e-11,6.5545e-11
4.0495e-11,3.0264e-11,2.498e-11
5.7937e-11,4.5141e-11,4.4805e-11
9.4489e-11,5.2257e-11,6.7004e-11
5.9807e-11,4.4892e-11,4.9425e-11
2.9923e-11,2.9916e-11,1.7589e-11
1.8583e-11,1.7508e-11,8.5284e-12
1.8776e-11,1.7428e-11,9.5134e-12
2.1085e-11,1.9109e-11,9.1644e-12
1.5755e-11,1.7401e-11,1.2413e-11
1.5244e-11,2.6845e-11,1.1861e-11
1.7184e-11,2.6495e-11,1.8279e-11
3.3349e-11,3.9232e-11,2.4161e-11
2.5111e-11,3.0618e-11,1.2615e-11
2.3302e-11,4.4075e-11,2.9062e-11
3.7649e-11,4.4402e-11,1.6499e-11
1.9142e-11,2.0093e-11,1.8819e-11
1.9416e-11,3.0783e-11,2.649e-11
5.914e-11,6.3999e-11,3.2226e-11
4.2434e-11,1.0283e-10,8.0078e-11
5.9914e-11,6.5193e-11,3.2526e-11
2.7229e-11,2.7374e-11,1.7135e-11
4.8596e-11,9.2978e-11,7.8679e-11
7.0726e-11,6.4155e-11,3.9754e-11
5.1069e-11,5.4981e-11,5.9938e-11
4.778e-11,3.3898e-11,2.4724e-11
3.8072e-11,4.2432e-11,4.3165e-11
5.3404e-11,4.241e-11,5.1089e-11
4.2162e-11,4.1491e-11,4.519e-11
4.0096e-11,3.4955e-11,2.7395e-11
7.1205e-11,4.9314e-11,8.5207e-11
5.6624e-11,3.9178e-11,3.5481e-11
6.3998e-11,4.624e-11,4.5602e-11
4.6198e-11,3.6332e-11,3.4896e-11
7.2824e-11,4.4078e-11,5.2296e-11
1.925e-11,2.1661e-11,1.0065e-11
1.7798e-11,3.4749e-11,1.4386e-11
2.2374e-11,2.9092e-11,3.472e-11
2.0523e-11,1.863e-11,1.1166e-11
4.7137e-11,4.7876e-11,1.8207e-11
5.2735e-11,5.5098e-11,2.3634e-11
2.7267e-11,4.3063e-11,4.2935e-11
2.3601e-11,3.6839e-11,2.6771e-11
6.7908e-11,7.5837e-11,3.2915e-11
3.2416e-11,3.9868e-11,1.9672e-11
2.3271e-11,2.3241e-11,1.267e-11
2.4554e-11,2.2995e-11,1.4486e-11
2.4125e-11,2.9377e-11,3.0546e-11
7.0959e-11,7.0403e-11,3.6833e-11
2.3707e-11,2.4425e-11,1.6312e-11
3.0159e-11,3.3129e-11,2.8082e-11
2.8659e-11,2.7888e-11,2.1723e-11
5.6452e-11,4.5319e-11,3.3428e-11
4.7806e-11,3.5175e-11,2.573e-11
3.4815e-11,3.2976e-11,2.223e-11
3.9346e-11,3.2856e-11,2.2876e-11
6.0166e-11,4.5433e-11,3.5855e-11
6.0058e-11,4.3771e-11,3.4836e-11
8.4692e-11,4.9054e-11,6.4482e-11
6.9613e-11,4.8826e-11,5.4503e-11
6.5327e-11,4.6827e-11,4.8439e-11
6.8201e-11,4.874e-11,5.0524e-11
6.9886e-11,4.4716e-11,5.0684e-11
1.5483e-11,2.1642e-11,1.3681e-11
1.651e-11,1.7318e-11,1.0826e-11
2.0307e-11,4.9535e-11,2.5124e-11
1.6745e-11,1.8605e-11,7.2756e-12
4.0289e-11,4.2183e-11,1.2249e-11
2.6738e-11,3.7717e-11,3.1339e-11
2.2953e-11,1.748e-11,1.6767e-11
1.5669e-11,3.3158e-11,1.3962e-11
2.2151e-11,3.1582e-11,1.9871e-11
1.7901e-11,1.8653e-11,9.8381e-12
2.3228e-11,2.5174e-11,1.6553e-11
3.0322e-11,4.0203e-11,2.7444e-11
3.1329e-11,4.4118e-11,3.9489e-11
1.8484e-11,2.0015e-11,1.1886e-11
7.2578e-11,8.0368e-11,3.6673e-11
2.2518e-11,2.4107e-11,1.9327e-11
2.344e-11,2.5656e-11,2.3442e-11
4.8519e-11,3.6037e-11,3.4236e-11
2.1522e-11,2.1625e-11,1.8262e-11
2.0909e-11,2.2864e-11,2.0006e-11
3.2411e-11,3.5121e-11,3.0971e-11
3.3116e-11,2.9367e-11,2.1617e-11
3.3445e-11,2.8167e-11,2.1616e-11
3.7373e-11,2.9763e-11,2.882e-11
4.2849e-11,3.6566e-11,3.7309e-11
8.555e-11,6.0385e-11,5.8965e-11
6.2664e-11,4.7596e-11,4.7264e-11
5.4436e-11,4.1632e-11,4.3269e-11
6.6442e-11,4.8399e-11,4.8783e-11
7.1376e-11,4.5774e-11,5.5977e-11
3.6513e-11,3.4527e-11,2.2188e-11
1.7382e-11,2.8327e-11,1.3188e-11
2.3726e-11,2.4097e-11,1.0244e-11
2.1534e-11,4.6474e-11,2.8946e-11
6.4758e-11,6.4154e-11,2.8387e-11
1.615e-11,1.6309e-11,1.1513e-11
3.9878e-11,7.1741e-11,8.0337e-11
6.9788e-11,6.9849e-11,2.8545e-11
2.6978e-11,4.2122e-11,3.7724e-11
1.7055e-11,1.9507e-11,1.5783e-11
2.7735e-11,4.3706e-11,3.7202e-11
2.3995e-11,2.6078e-11,1.2962e-11
2.3087e-11,2.6607e-11,2.0704e-11
4.9656e-11,3.6875e-11,3.6611e-11
3.7567e-11,4.8867e-11,4.0439e-11
3.6766e-11,3.2943e-11,2.6799e-11
3.5475e-11,3.8146e-11,3.4596e-11
7.8067e-11,5.3459e-11,8.3862e-11
6.6113e-11,5.2802e-11,8.0822e-11
7.6205e-11,5.4881e-11,7.0191e-11
5.2633e-11,4.0874e-11,3.2819e-11
4.3104e-11,3.5615e-11,3.5947e-11
6.1291e-11,4.5091e-11,4.0995e-11
5.4326e-11,4.2135e-11,3.7343e-11
5.7254e-11,4.641e-11,3.9516e-11
6.3617e-11,4.8983e-11,4.407e-11
6.3752e-11,4.9513e-11,4.6265e-11
5.9079e-11,4.1213e-11,4.545e-11
6.2778e-11,4.9393e-11,4.9692e-11
3.0799e-11,2.9271e-11,9.8635e-12
1.937e-11,1.6799e-11,1.0853e-11
2.3653e-11,4.9879e-11,2.4313e-11
3.8177e-11,5.4678e-11,4.08e-11
2.7309e-11,2.7937e-11,9.1612e-12
2.0718e-11,2.0612e-11,1.6519e-11
2.594e-11,3.2288e-11,1.0875e-11
3.4618e-11,3.5031e-11,3.2184e-11
4.0609e-11,5.1975e-11,4.3407e-11
2.1805e-11,1.8503e-11,1.5784e-11
2.8699e-11,2.8936e-11,2.4629e-11
3.0408e-11,4.3182e-11,3.867e-11
3.2792e-11,3.0826e-11,2.3414e-11
7.3486e-11,7.9162e-11,3.7701e-11
2.9964e-11,4.5847e-11,3.7202e-11
3.1633e-11,3.1055e-11,2.2034e-11
7.182e-11,7.1756e-11,3.7542e-11
6.4589e-11,5.2657e-11,3.5779e-11
4.1514e-11,3.5171e-11,2.4771e-11
5.0115e-11,3.4358e-11,2.5371e-11
4.2072e-11,3.1269e-11,2.3153e-11
3.7652e-11,2.8114e-11,2.5893e-11
5.2845e-11,5.2342e-11,5.7623e-11
5.1297e-11,4.04e-11,3.3662e-11
5.6836e-11,4.5149e-11,3.6214e-11
5.8502e-11,4.4127e-11,4.7415e-11
6.7592e-11,5.1215e-11,5.4589e-11
6.8785e-11,5.0666e-11,5.5084e-11
2.0682e-11,3.6609e-11,2.3111e-11
2.6449e-11,2.5102e-11,5.6435e-12
2.3965e-11,2.2068e-11,1.8538e-11
4.1585e-11,7.5488e-11,8.318e-11
2.2711e-11,3.2554e-11,1.8905e-11
6.4761e-11,6.666e-11,2.5401e-11
5.8259e-11,6.2671e-11,2.1001e-11
3.5194e-11,3.4099e-11,3.1715e-11
3.9602e-11,5.9883e-11,5.896e-11
2.8111e-11,3.1271e-11,2.6052e-11
4.3504e-11,4.5071e-11,3.272e-11
4.7795e-11,5.7929e-11,6.2998e-11
5.5265e-11,5.6512e-11,2.9316e-11
5.319e-11,5.484e-11,2.8468e-11
3.1523e-11,3.225e-11,2.3852e-11
3.9461e-11,4.7331e-11,4.525e-11
2.7577e-11,2.7525e-11,2.4405e-11
3.1708e-11,2.7693e-11,2.111e-11
3.1888e-11,2.3902e-11,2.3252e-11
4.1214e-11,3.0817e-11,2.363e-11
3.3421e-11,3.3199e-11,2.9058e-11
4.7754e-11,3.5997e-11,3.7391e-11
4.3357e-11,3.6365e-11,3.3993e-11
5.6589e-11,5.0092e-11,5.0416e-11
6.2699e-11,4.4624e-11,4.5295e-11
3.6575e-11,6.1783e-11,5.9563e-11
2.1166e-11,2.6471e-11,2.6392e-11
2.0793e-11,2.0545e-11,1.3387e-11
2.1789e-11,3.2094e-11,1.8251e-11
1.9125e-11,2.0581e-11,1.5759e-11
3.2043e-11,5.6139e-11,4.1178e-11
4.8087e-11,5.3177e-11,1.5675e-11
1.9334e-11,1.8563e-11,8.885e-12
1.8019e-11,2.1962e-11,1.6898e-11
2.4629e-11,3.3312e-11,3.2971e-11
2.2127e-11,2.288e-11,1.1093e-11
4.6109e-11,4.0185e-11,3.4503e-11
2.4595e-11,2.4086e-11,1.3978e-11
4.0932e-11,4.9138e-11,3.7461e-11
3.6133e-11,3.4871e-11,3.1232e-11
4.665e-11,3.7336e-11,3.2756e-11
7.8282e-11,7.5804e-11,4.3851e-11
4.1354e-11,3.103e-11,2.2927e-11
3.6249e-11,2.9706e-11,2.1693e-11
5.4779e-11,4.1487e-11,3.4806e-11
3.4842e-11,3.4919e-11,2.2902e-11
6.8223e-11,5.1985e-11,3.7507e-11
4.1788e-11,4.0072e-11,3.5583e-11
7.1712e-11,5.2013e-11,3.9526e-11
4.4247e-11,3.5291e-11,3.1589e-11
5.8598e-11,5.8959e-11,7.5504e-11
7.1438e-11,5.0159e-11,4.0718e-11
5.6452e-11,4.2055e-11,3.2596e-11
5.8638e-11,3.933e-11,3.9465e-11
6.6143e-11,4.9377e-11,4.5014e-11
4.2717e-11,4.01e-11,6.3573e-12
4.1474e-11,3.9945e-11,6.223e-12
3.9252e-11,7.3328e-11,7.1795e-11
3.0283e-11,2.9e-11,2.0222e-11
2.1522e-11,2.2825e-11,2.0476e-11
2.6927e-11,2.1267e-11,2.2673e-11
3.3649e-11,5.2027e-11,4.1642e-11
2.2479e-11,2.565e-11,1.4881e-11
5.3976e-11,5.9465e-11,2.0227e-11
2.9632e-11,3.5665e-11,3.5799e-11
7.6455e-11,8.4251e-11,3.6796e-11
2.2458e-11,2.2005e-11,1.9259e-11
3.6025e-11,3.3534e-11,2.1295e-11
2.5601e-11,3.258e-11,2.5826e-11
5.5192e-11,5.7387e-11,3.1216e-11
3.6256e-11,2.917e-11,2.1421e-11
4.6388e-11,3.8164e-11,2.7347e-11
5.6089e-11,6.0865e-11,5.5189e-11
4.3131e-11,3.1203e-11,2.4172e-11
4.3462e-11,4.2785e-11,4.3603e-11
6.9241e-11,4.9406e-11,3.756e-11
4.4066e-11,3.7655e-11,3.411e-11
5.0811e-11,4.5116e-11,3.4897e-11
6.6699e-11,4.8613e-11,5.167e-11
1.9235e-11,1.9915e-11,1.3509e-11
2.7453e-11,2.5387e-11,2.367e-11
4.04e-11,6.6977e-11,6.5037e-11
4.4248e-11,6.8788e-11,6.373e-11
4.6264e-11,6.1472e-11,5.663e-11
5.0791e-11,5.6414e-11,2.3419e-11
4.4461e-11,5.6329e-11,4.8063e-11
3.3198e-11,3.9754e-11,2.4635e-11
4.4747e-11,4.0415e-11,3.4084e-11
6.9762e-11,5.8235e-11,4.0412e-11
6.5075e-11,5.1491e-11,3.5286e-11
7.3017e-11,5.2492e-11,4.0311e-11
6.3829e-11,4.9531e-11,3.4695e-11
5.6406e-11,4.4479e-11,3.1729e-11
5.2474e-11,5.5799e-11,5.6979e-11
5.2763e-11,3.9751e-11,3.7283e-11
5.0507e-11,3.8951e-11,4.1052e-11
6.1906e-11,5.3808e-11,5.2249e-11
6.6451e-11,5.2079e-11,4.6724e-11
2.1334e-11,1.8059e-11,1.2121e-11
1.9174e-11,2.406e-11,1.3524e-11
2.3426e-11,3.8769e-11,2.6952e-11
1.9563e-11,2.0622e-11,1.5728e-11
2.8652e-11,2.8395e-11,2.5631e-11
3.1998e-11,3.2239e-11,8.6481e-12
3.1249e-11,2.9765e-11,5.5672e-12
3.3894e-11,4.1563e-11,3.3914e-11
2.8876e-11,3.5931e-11,3.5735e-11
4.1521e-11,5.4035e-11,4.682e-11
3.2507e-11,3.6591e-11,3.4888e-11
4.6125e-11,6.5469e-11,6.0469e-11
4.3297e-11,5.5491e-11,4.7061e-11
5.5605e-11,5.776e-11,5.6368e-11
7.3795e-11,7.4353e-11,3.7595e-11
7.173e-11,7.1454e-11,3.7029e-11
6.2578e-11,5.6298e-11,6.3645e-11
4.086e-11,4.0112e-11,2.0989e-11
5.6218e-11,4.8785e-11,3.0652e-11
3.4369e-11,2.7662e-11,2.1973e-11
6.4583e-11,6.3057e-11,5.7535e-11
4.1614e-11,3.8048e-11,2.7991e-11
7.8364e-11,5.6266e-11,4.1805e-11
6.1003e-11,4.5302e-11,4.4452e-11
2.378e-11,2.9237e-11,2.1511e-11
2.3052e-11,2.2608e-11,1.0464e-11
1.909e-11,2.8409e-11,1.6411e-11
3.9638e-11,8.003e-11,6.3932e-11
3.134e-11,2.9619e-11,4.2991e-12
4.1522e-11,4.333e-11,3.4672e-11
2.2042e-11,2.7034e-11,1.0114e-11
1.9134e-11,2.4336e-11,1.6928e-11
2.1588e-11,2.3037e-11,1.5846e-11
1.8874e-11,3.1516e-11,1.5587e-11
2.235e-11,2.768e-11,1.5219e-11
2.3382e-11,2.4302e-11,1.6808e-11
2.2321e-11,2.7059e-11,1.8748e-11
2.916e-11,2.849e-11,2.2891e-11
6.8168e-11,6.611e-11,7.1595e-11
3.1031e-11,2.837e-11,1.8674e-11
5.7858e-11,5.374e-11,5.8708e-11
4.6902e-11,4.9571e-11,4.0616e-11
7.2422e-11,6.1325e-11,6.2757e-11
3.9439e-11,3.8769e-11,2.5512e-11
6.8356e-11,4.9705e-11,3.6536e-11
5.1275e-11,4.3968e-11,4.2116e-11
5.3321e-11,4.6548e-11,3.7294e-11
6.1879e-11,4.9337e-11,5.1242e-11
6.3802e-11,5.0299e-11,4.2322e-11
5.6007e-11,5.0309e-11,3.9056e-11
7.0005e-11,5.5339e-11,5.8422e-11
6.6321e-11,5.0382e-11,5.1796e-11
4.6539e-11,7.9061e-11,4.4857e-11
3.6457e-11,3.6861e-11,1.3387e-11
4.145e-11,7.8727e-11,6.4523e-11
3.5485e-11,3.0573e-11,2.1213e-11
2.6683e-11,3.2844e-11,2.1494e-11
2.3121e-11,2.7326e-11,1.3211e-11
6.6848e-11,7.052e-11,2.6445e-11
2.6731e-11,2.9039e-11,1.8197e-11
7.2039e-11,6.4455e-11,6.6377e-11
4.7238e-11,3.7511e-11,2.9078e-11
3.1991e-11,2.8935e-11,2.6895e-11
6.6749e-11,6.233e-11,5.249e-11
3.8019e-11,3.3582e-11,2.5363e-11
4.4316e-11,4.5382e-11,4.1019e-11
6.2062e-11,6.6794e-11,5.556e-11
5.655e-11,4.8113e-11,3.0725e-11
6.1682e-11,5.4947e-11,5.3325e-11
2.3505e-11,2.4231e-11,1.6714e-11
2.3804e-11,2.3566e-11,1.3528e-11
2.3906e-11,2.6555e-11,1.6957e-11
2.8161e-11,2.7666e-11,1.6341e-11
4.9792e-11,3.9908e-11,2.7796e-11
5.1085e-11,4.1785e-11,2.7372e-11
8.0874e-11,6.6427e-11,6.8366e-11
3.6873e-11,3.8156e-11,3.245e-11
7.4729e-11,6.9091e-11,4.1052e-11
6.5089e-11,6.225e-11,5.7477e-11
5.4008e-11,5.515e-11,4.9319e-11
6.0818e-11,7.1774e-11,5.379e-11
6.1138e-11,5.8837e-11,4.8858e-11
5.4525e-11,4.4823e-11,4.371e-11
6.2136e-11,4.5498e-11,3.8868e-11
6.3915e-11,5.1584e-11,4.3758e-11
7.1076e-11,5.3738e-11,5.2447e-11
7.2432e-11,5.4879e-11,5.3566e-11
2.6868e-11,3.9889e-11,2.7607e-11
3.7122e-11,8.049e-11,4.1656e-11
3.5988e-11,5.5669e-11,4.0137e-11
4.3552e-11,8.7418e-11,5.8331e-11
2.8825e-11,3.6987e-11,2.5309e-11
3.7983e-11,7.8363e-11,4.1322e-11
4.3643e-11,9.0685e-11,7.6024e-11
2.5493e-11,2.5634e-11,1.2543e-11
3.1987e-11,3.3605e-11,2.2567e-11
3.0172e-11,3.5567e-11,2.7272e-11
2.4577e-11,2.792e-11,1.4608e-11
8.0313e-11,8.2593e-11,3.3028e-11
2.9886e-11,3.3099e-11,2.2887e-11
2.9916e-11,3.0992e-11,2.0047e-11
3.5699e-11,3.2349e-11,2.0433e-11
4.2153e-11,4.0952e-11,3.0982e-11
6.3358e-11,6.6266e-11,5.2781e-11
4.4274e-11,3.5928e-11,3.293e-11
5.0682e-11,4.0799e-11,3.119e-11
6.7259e-11,4.9598e-11,3.3408e-11
7.6767e-11,5.2539e-11,3.8305e-11
5.7441e-11,4.5637e-11,3.7542e-11
5.8426e-11,4.8992e-11,3.9048e-11
5.052e-11,3.9591e-11,4.2993e-11
6.7139e-11,6.0549e-11,5.7488e-11
7.2914e-11,5.4507e-11,5.2358e-11
2.4123e-11,2.8039e-11,1.384e-11
2.2463e-11,3.1051e-11,2.4562e-11
5.1179e-11,5.2869e-11,1.5809e-11
5.0081e-11,9.4079e-11,7.5345e-11
2.4384e-11,2.5817e-11,1.84e-11
4.7574e-11,8.3414e-11,6.4783e-11
2.7138e-11,2.8322e-11,1.514e-11
2.7514e-11,2.8973e-11,1.4001e-11
2.539e-11,3.1959e-11,1.8653e-11
7.7122e-11,8.0987e-11,3.0336e-11
3.7616e-11,3.8992e-11,3.16e-11
6.3909e-11,6.8673e-11,2.7896e-11
5.2456e-11,6.0746e-11,5.6136e-11
3.9371e-11,3.1961e-11,2.1045e-11
8.7127e-11,7.0394e-11,7.3052e-11
7.3274e-11,7.0556e-11,3.9545e-11
7.2177e-11,5.2868e-11,3.9079e-11
7.3207e-11,5.8302e-11,5.8094e-11
7.0673e-11,5.4195e-11,5.2981e-11
6.6546e-11,5.4978e-11,4.4743e-11
6.739e-11,5.2274e-11,5.2286e-11
7.5585e-11,5.7585e-11,5.4449e-11
3.2957e-11,4.3371e-11,3.2954e-11
4.6021e-11,4.3785e-11,7.7738e-12
3.8305e-11,4.2756e-11,3.1289e-11
4.6055e-11,8.92e-11,6.5458e-11
2.74e-11,3.1935e-11,1.951e-11
5.2609e-11,5.7858e-11,1.3566e-11
2.6734e-11,3.1274e-11,1.6486e-11
2.699e-11,3.5557e-11,2.0104e-11
3.5071e-11,3.4724e-11,2.1067e-11
7.0629e-11,5.1136e-11,4.0886e-11
7.5981e-11,7.8775e-11,3.5515e-11
4.585e-11,4.0243e-11,2.5968e-11
3.5547e-11,3.3515e-11,2.0711e-11
3.4836e-11,3.2812e-11,2.0003e-11
5.4705e-11,6.6204e-11,5.0928e-11
5.201e-11,4.5591e-11,3.4539e-11
5.7842e-11,5.3774e-11,4.9398e-11
5.6049e-11,4.2614e-11,2.9234e-11
4.8927e-11,3.851e-11,3.4802e-11
6.0787e-11,4.2955e-11,2.9856e-11
5.2907e-11,3.7461e-11,3.7781e-11
6.6977e-11,5.2716e-11,5.2955e-11
6.8146e-11,6.2914e-11,5.7612e-11
6.215e-11,5.1025e-11,4.3814e-11
3.1858e-11,2.5303e-11,1.9988e-11
3.437e-11,2.9979e-11,2.0299e-11
2.7302e-11,3.0449e-11,2.0986e-11
4.4592e-11,4.4013e-11,1.6366e-11
2.5065e-11,2.4722e-11,1.0669e-11
4.3836e-11,6.4801e-11,4.5102e-11
2.5143e-11,3.0847e-11,2.6613e-11
2.7196e-11,3.1839e-11,2.1686e-11
3.1934e-11,3.5871e-11,2.3151e-11
2.8264e-11,3.0827e-11,1.6481e-11
6.9139e-11,6.2941e-11,5.3114e-11
3.283e-11,3.2674e-11,1.7401e-11
6.9661e-11,6.3171e-11,5.3211e-11
4.1309e-11,4.3327e-11,2.2662e-11
3.0902e-11,3.3644e-11,2.5697e-11
2.9497e-11,3.195e-11,2.0006e-11
7.0642e-11,7.6393e-11,3.1328e-11
8.0822e-11,8.2878e-11,3.5622e-11
7.0726e-11,7.486e-11,3.8085e-11
5.3644e-11,4.6589e-11,2.7945e-11
8.2733e-11,7.5048e-11,6.3784e-11
4.8028e-11,3.844e-11,2.9932e-11
6.5778e-11,6.6522e-11,5.5588e-11
6.7215e-11,4.7831e-11,3.3449e-11
6.2537e-11,4.7649e-11,4.1858e-11
6.6137e-11,5.6403e-11,5.4047e-11
6.978e-11,5.3576e-11,4.8064e-11
2.6573e-11,2.7165e-11,8.8727e-12
4.9532e-11,4.7011e-11,6.1908e-12
2.6956e-11,2.4918e-11,1.321e-11
2.4331e-11,3.1422e-11,2.0561e-11
4.0849e-11,4.6862e-11,3.4853e-11
2.7182e-11,3.5535e-11,2.2851e-11
2.5785e-11,3.4069e-11,2.6513e-11
4.4886e-11,4.8245e-11,8.4565e-12
2.6815e-11,3.0482e-11,2.247e-11
5.76e-11,6.4573e-11,2.0171e-11
5.3624e-11,4.4408e-11,3.7562e-11
2.7184e-11,3.2e-11,1.8292e-11
3.346e-11,3.4462e-11,1.966e-11
3.4511e-11,3.7408e-11,2.2055e-11
4.005e-11,3.7742e-11,2.133e-11
7.4279e-11,6.6828e-11,5.5094e-11
5.4152e-11,5.0309e-11,4.296e-11
5.1862e-11,4.0008e-11,2.9717e-11
5.4054e-11,4.6976e-11,4.442e-11
5.607e-11,4.0017e-11,3.9815e-11
6.7783e-11,5.5013e-11,5.4981e-11
3.8049e-11,4.6332e-11,3.7735e-11
2.5796e-11,3.6866e-11,2.7342e-11
5.7664e-11,5.6085e-11,1.0928e-11
4.7149e-11,6.9795e-11,4.4941e-11
2.7556e-11,2.6938e-11,1.2034e-11
2.7616e-11,3.8386e-11,2.0842e-11
2.6835e-11,2.9269e-11,1.2649e-11
2.5727e-11,2.7702e-11,1.6862e-11
6.3591e-11,7.0216e-11,5.4756e-11
2.9613e-11,3.4723e-11,2.8858e-11
3.5562e-11,4.032e-11,3.0656e-11
4.4133e-11,4.052e-11,2.5393e-11
5.7073e-11,5.2119e-11,2.941e-11
4.2978e-11,4.6656e-11,3.0222e-11
6.1312e-11,4.5412e-11,4.1048e-11
7.0708e-11,6.1398e-11,5.8288e-11
7.2978e-11,5.5009e-11,4.8965e-11
7.4552e-11,5.5895e-11,5.4144e-11
3.8988e-11,5.54e-11,3.8834e-11
5.9669e-11,6.209e-11,6.3922e-12
5.3176e-11,7.4235e-11,5.1675e-11
4.7827e-11,6.7601e-11,5.1025e-11
5.6167e-11,7.1502e-11,5.6303e-11
5.856e-11,6.2328e-11,1.1e-11
3.3186e-11,4.4427e-11,3.162e-11
3.3856e-11,4.3215e-11,3.0206e-11
3.4322e-11,3.9611e-11,2.4249e-11
4.8913e-11,4.4815e-11,2.6508e-11
3.5543e-11,4.1246e-11,2.4762e-11
6.6688e-11,6.6352e-11,5.7741e-11
4.939e-11,4.0925e-11,2.5709e-11
6.3576e-11,5.7282e-11,5.1294e-11
5.3322e-11,4.2523e-11,3.083e-11
6.702e-11,5.0663e-11,3.2427e-11
5.3022e-11,4.3717e-11,3.3838e-11
7.3715e-11,5.7915e-11,3.507e-11
6.4152e-11,5.0036e-11,3.2501e-11
6.9699e-11,5.8237e-11,5.183e-11
6.4385e-11,4.5737e-11,4.2773e-11
6.9448e-11,5.2401e-11,4.7872e-11
7.2439e-11,5.3305e-11,4.6389e-11
3.8309e-11,4.4413e-11,3.6875e-11
3.2023e-11,5.0028e-11,2.5705e-11
2.9843e-11,2.8256e-11,1.4646e-11
2.7519e-11,3.5178e-11,2.3653e-11
3.3626e-11,5.1626e-11,3.0274e-11
3.3718e-11,3.1714e-11,1.1358e-11
3.0473e-11,2.8555e-11,2.114e-11
3.5934e-11,5.0736e-11,3.3489e-11
4.2859e-11,4.6946e-11,3.2176e-11
5.9738e-11,5.8425e-11,5.0172e-11
4.8999e-11,4.2214e-11,2.6637e-11
4.6184e-11,4.1589e-11,2.8649e-11
5.3788e-11,4.1394e-11,3.7011e-11
6.6975e-11,5.1838e-11,3.5722e-11
6.4454e-11,5.6157e-11,4.8825e-11
6.5031e-11,5.5733e-11,5.0231e-11
7.7576e-11,5.9668e-11,5.6966e-11
4.0907e-11,6.9585e-11,4.075e-11
3.6492e-11,3.3108e-11,1.5678e-11
3.71e-11,3.4199e-11,1.9722e-11
3.7537e-11,3.9338e-11,1.4834e-11
3.5209e-11,3.7186e-11,1.6572e-11
3.5191e-11,4.0613e-11,2.1107e-11
4.0475e-11,4.0318e-11,2.6864e-11
4.7688e-11,4.227e-11,2.7193e-11
6.3308e-11,5.0948e-11,3.1986e-11
5.4203e-11,4.0978e-11,3.6402e-11
5.8323e-11,4.7979e-11,3.6817e-11
5.8672e-11,4.5118e-11,3.8221e-11
3.8604e-11,5.278e-11,4.2771e-11
5.7911e-11,7.5765e-11,5.9614e-11
6.6596e-11,7.7288e-11,6.0399e-11
3.5519e-11,3.7631e-11,1.7536e-11
4.4552e-11,5.0204e-11,4.3089e-11
3.2363e-11,3.398e-11,2.1179e-11
6.7721e-11,7.0437e-11,2.4263e-11
5.5269e-11,5.5665e-11,2.2611e-11
6.7982e-11,6.4105e-11,3.3825e-11
8.5425e-11,6.2333e-11,5.7535e-11
4.0041e-11,3.1236e-11,8.4e-12
3.4364e-11,3.1419e-11,1.9185e-11
4.3613e-11,5.312e-11,4.4966e-11
5.8221e-11,7.5095e-11,5.8584e-11
5.105e-11,5.7337e-11,4.7528e-11
4.1356e-11,4.2383e-11,2.2632e-11
6.8096e-11,7.3011e-11,2.0834e-11
4.4462e-11,4.4365e-11,1.8283e-11
3.4814e-11,3.8763e-11,2.1068e-11
5.2235e-11,5.006e-11,2.3835e-11
4.6143e-11,3.9153e-11,2.9293e-11
6.9391e-11,6.3516e-11,5.319e-11
6.0485e-11,5.1296e-11,3.5188e-11
7.2247e-11,5.4604e-11,4.7097e-11
8.1537e-11,5.7659e-11,4.9789e-11
3.4475e-11,4.5249e-11,2.9707e-11
3.8436e-11,3.5064e-11,2.0284e-11
5.5618e-11,6.9346e-11,5.2166e-11
3.6796e-11,3.4747e-11,1.8162e-11
6.2517e-11,6.6888e-11,5.4441e-11
3.5822e-11,4.4029e-11,2.4687e-11
7.6303e-11,7.9186e-11,2.4301e-11
4.405e-11,4.2688e-11,2.4468e-11
5.27e-11,4.8136e-11,2.7968e-11
7.0789e-11,7.0905e-11,3.52e-11
6.5147e-11,5.4002e-11,3.1501e-11
7.1908e-11,5.6299e-11,3.4065e-11
5.7369e-11,4.5637e-11,3.8966e-11
7.2133e-11,5.615e-11,3.5206e-11
7.8503e-11,5.7458e-11,5.0136e-11
3.8488e-11,3.5876e-11,2.1953e-11
4.4142e-11,5.4404e-11,4.4916e-11
5.2247e-11,6.0129e-11,4.9459e-11
3.6048e-11,4.204e-11,2.288e-11
5.3781e-11,4.8669e-11,2.7658e-11
7.0011e-11,6.4492e-11,5.4396e-11
5.35e-11,4.5373e-11,3.8594e-11
6.045e-11,4.8324e-11,4.1309e-11
7.0546e-11,5.4294e-11,4.3811e-11
4.5583e-11,5.5984e-11,4.6042e-11
3.8425e-11,3.7971e-11,1.5759e-11
5.8499e-11,7.1238e-11,5.4746e-11
6.0748e-11,6.9374e-11,5.369e-11
6.2706e-11,8.233e-11,6.1512e-11
4.9676e-11,5.7646e-11,4.7666e-11
3.944e-11,4.3414e-11,2.5826e-11
3.7049e-11,4.2456e-11,2.4506e-11
4.553e-11,4.6113e-11,1.8425e-11
6.6314e-11,6.495e-11,5.2229e-11
7.165e-11,6.9188e-11,5.7431e-11
4.3199e-11,4.5244e-11,2.4952e-11
4.2912e-11,4.5007e-11,3.1522e-11
4.3735e-11,5.1075e-11,4.4747e-11
4.7223e-11,4.6252e-11,2.7268e-11
5.1104e-11,4.8191e-11,2.7314e-11
6.2123e-11,5.5471e-11,3.0251e-11
5.7492e-11,5.6046e-11,4.2614e-11
6.7566e-11,5.6676e-11,3.219e-11
5.3187e-11,5.1738e-11,4.2349e-11
6.9277e-11,5.3769e-11,4.3263e-11
6.9224e-11,5.5437e-11,4.5379e-11
4.1968e-11,5.6442e-11,3.2701e-11
5.7346e-11,5.1245e-11,1.9707e-11
5.9412e-11,5.3872e-11,2.5561e-11
4.1464e-11,4.6632e-11,3.0291e-11
4.0627e-11,4.7753e-11,2.9997e-11
4.5e-11,5.5233e-11,3.9455e-11
4.6407e-11,4.1358e-11,1.4199e-11
6.7171e-11,7.5139e-11,5.8631e-11
7.3162e-11,7.5144e-11,2.3156e-11
5.3606e-11,4.7265e-11,2.5508e-11
4.1938e-11,3.455e-11,2.6403e-11
4.3132e-11,5.1496e-11,3.206e-11
6.1077e-11,5.9043e-11,9.5246e-12
4.0716e-11,4.5973e-11,2.0046e-11
3.9648e-11,4.508e-11,2.4255e-11
5.513e-11,5.3499e-11,2.8457e-11
5.5083e-11,6.1497e-11,4.3962e-11
6.3993e-11,6.0663e-11,3.1926e-11
4.373e-11,4.62e-11,3.2071e-11
5.144e-11,5.4622e-11,4.1073e-11
5.4147e-11,6.1821e-11,4.7693e-11
4.1243e-11,4.0105e-11,1.7964e-11
5.1089e-11,4.4643e-11,1.5647e-11
5.5452e-11,6.7698e-11,5.1118e-11
4.2811e-11,4.5922e-11,2.7652e-11
4.8942e-11,4.7599e-11,2.086e-11
4.7674e-11,5.7548e-11,4.0222e-11
6.5241e-11,6.6759e-11,1.683e-11
7.0288e-11,7.1743e-11,2.0017e-11
8.4589e-11,8.6815e-11,2.8955e-11
7.1578e-11,6.4683e-11,3.7905e-11
6.8137e-11,6.4437e-11,4.6283e-11
5.6014e-11,4.5509e-11,1.4271e-11
6.2097e-11,5.4261e-11,2.366e-11
4.4406e-11,4.0376e-11,1.5929e-11
4.5564e-11,5.3524e-11,3.9222e-11
4.325e-11,4.9133e-11,3.1472e-11
5.9253e-11,5.7302e-11,1.4663e-11
4.7808e-11,5.542e-11,4.1887e-11
5.3168e-11,6.1994e-11,4.601e-11
7.788e-11,7.2679e-11,5.9528e-11
6.7905e-11,6.7783e-11,5.1184e-11
8.2156e-11,7.2103e-11,5.8378e-11
8.6452e-11,8.3263e-11,3.3128e-11
5.6877e-11,6.2702e-11,4.1227e-11
5.8852e-11,5.413e-11,3.8357e-11
6.4439e-11,5.7596e-11,4.0938e-11
5.8515e-11,4.9895e-11,1.4025e-11
4.3755e-11,4.3239e-11,2.8155e-11
4.726e-11,5.128e-11,3.4075e-11
5.4479e-11,6.6753e-11,4.9495e-11
5.3269e-11,4.9461e-11,1.6134e-11
4.179e-11,4.4509e-11,2.3244e-11
5.3593e-11,5.1348e-11,1.9403e-11
5.4726e-11,5.2754e-11,2.1389e-11
5.0178e-11,4.7189e-11,2.4555e-11
5.6297e-11,6.6963e-11,4.6586e-11
8.585e-11,8.3918e-11,2.7827e-11
5.117e-11,5.1325e-11,2.892e-11
4.8144e-11,5.2179e-11,2.729e-11
7.1573e-11,6.3209e-11,3.6195e-11
6.3033e-11,6.9597e-11,4.5783e-11
5.9415e-11,6.2316e-11,4.1024e-11
5.8371e-11,5.6922e-11,3.6311e-11
6.9199e-11,6.306e-11,4.399e-11
5.1648e-11,4.5287e-11,2.2353e-11
4.6987e-11,4.0157e-11,2.9002e-11
4.8567e-11,4.3019e-11,3.0047e-11
5.0856e-11,4.7804e-11,2.5633e-11
7.5117e-11,7.353e-11,1.6274e-11
5.6785e-11,5.3691e-11,2.6342e-11
5.6088e-11,6.8655e-11,4.5132e-11
5.597e-11,6.2928e-11,3.722e-11
6.1605e-11,6.2768e-11,3.2603e-11
6.1998e-11,6.1578e-11,3.2852e-11
5.6587e-11,5.713e-11,3.5976e-11
6.1609e-11,5.525e-11,1.3915e-11
5.0428e-11,5.2136e-11,3.744e-11
5.4283e-11,5.1925e-11,1.892e-11
7.0866e-11,7.1628e-11,5.565e-11
7.437e-11,7.1674e-11,3.7378e-11
6.4311e-11,6.68e-11,4.1747e-11
5.3758e-11,4.8517e-11,1.8006e-11
6.8361e-11,5.9604e-11,1.3442e-11
6.81e-11,6.1026e-11,1.0381e-11
5.5459e-11,5.152e-11,2.4745e-11
5.187e-11,5.4332e-11,2.0477e-11
5.5922e-11,5.4566e-11,3.7735e-11
5.4908e-11,5.4803e-11,2.6442e-11
6.7537e-11,6.7395e-11,2.075e-11
6.3129e-11,6.1435e-11,3.8069e-11
6.7983e-11,6.9504e-11,4.3548e-11
6.8957e-11,6.1929e-11,4.1161e-11
6.4881e-11,6.0411e-11,3.8415e-11
6.367e-11,5.6285e-11,1.3888e-11
5.6546e-11,4.4626e-11,3.6966e-11
5.4294e-11,5.7274e-11,3.8252e-11
5.6479e-11,5.499e-11,2.0954e-11
5.3722e-11,5.6267e-11,2.7275e-11
5.4329e-11,5.7687e-11,3.1347e-11
5.6799e-11,5.9511e-11,2.774e-11
5.9926e-11,6.8231e-11,4.2265e-11
6.8642e-11,7.3149e-11,4.4244e-11
6.3212e-11,5.7347e-11,2.4482e-11
6.1883e-11,6.4706e-11,3.6126e-11
6.6333e-11,6.9845e-11,4.159e-11
6.2915e-11,6.188e-11,3.6921e-11
6.548e-11,6.4269e-11,4.0057e-11
6.6985e-11,6.8485e-11,3.9856e-11
6.3759e-11,5.9464e-11,2.4096e-11
6.3753e-11,5.1568e-11,4.0184e-11
6.1245e-11,5.9703e-11,3.8775e-11
6.5661e-11,6.7419e-11,4.2984e-11
6.1484e-11,5.7569e-11,3.6794e-11
7.961e-11,7.246e-11,3.4135e-11
6.6324e-11,6.5544e-11,3.8622e-11
6.7822e-11,6.7808e-11,4.4352e-11
7.4982e-11,6.6213e-11,4.1453e-11
6.4753e-11,5.6996e-11,4.0823e-11
6.2774e-11,6.3561e-11,3.5481e-11
6.7144e-11,7.242e-11,4.5174e-11
6.5257e-11,6.44e-11,3.8808e-11
6.8094e-11,6.4211e-11,4.4879e-11
7.1816e-11,7.0476e-11,2.3435e-11
6.9525e-11,6.6498e-11,4.2939e-11
6.894e-11,7.394e-11,4.6621e-11
7.3831e-11,6.7443e-11,2.6626e-11
7.5117e-11,7.2176e-11,2.2325e-11
6.5685e-11,7.0403e-11,3.0235e-11
8.3585e-11,7.8072e-11,3.4206e-11
7.9219e-11,7.4602e-11,1.9927e-11
7.1369e-11,7.0997e-11,2.6385e-11
7.2411e-11,7.3928e-11,3.2395e-11
6.772e-11,7.207e-11,3.8462e-11
7.2618e-11,7.3146e-11,4.325e-11
7.1337e-11,6.7745e-11,2.4269e-11
7.4321e-11,6.3293e-11,4.6892e-11
7.5196e-11,7.2453e-11,4.8602e-11
7.5886e-11,7.0722e-11,4.6272e-11
7.7524e-11,7.2443e-11,2.8901e-11
8.6322e-11,8.1237e-11,3.3639e-11
7.5701e-11,6.9826e-11,2.7672e-11
7.5841e-11,7.5002e-11,3.2288e-11
8.0218e-11,7.7185e-11,2.9912e-11
8.4456e-11,8.198e-11,3.1448e-11
