2.3541e-11,1.0546e-10,7.9023e-11
1.9005e-11,9.6921e-11,7.427e-11
2.0526e-11,9.2194e-11,7.948e-11
1.949e-11,8.4536e-11,9.0954e-11
1.7262e-11,9.8129e-11,7.5612e-11
1.3924e-11,8.2806e-11,6.5154e-11
1.1131e-11,9.0958e-11,7.0978e-11
1.3816e-11,8.5784e-11,6.8756e-11
5.9672e-11,1.0926e-10,9.898e-11
5.4005e-11,9.9418e-11,9.2708e-11
2.7534e-11,9.5176e-11,8.5725e-11
2.36e-11,9.5284e-11,8.7897e-11
4.8125e-11,9.11e-11,8.6265e-11
1.6826e-11,7.6135e-11,6.1466e-11
1.6911e-11,9.078e-11,7.8618e-11
1.4095e-11,8.3709e-11,6.9586e-11
1.1573e-11,8.0287e-11,6.5907e-11
1.2672e-11,8.4782e-11,7.0305e-11
4.1726e-11,9.7598e-11,8.9341e-11
3.2066e-11,8.7935e-11,7.3028e-11
1.3554e-11,7.8548e-11,6.3165e-11
1.252e-11,7.2957e-11,6.0818e-11
9.0376e-11,8.413e-11,1.0119e-10
3.4691e-11,8.699e-11,7.148e-11
3.6478e-11,9.0072e-11,8.5683e-11
2.4306e-11,8.6256e-11,8.417e-11
1.9599e-11,7.9026e-11,6.7078e-11
1.6077e-11,8.5404e-11,7.1173e-11
9.7051e-11,8.7219e-11,1.105e-10
9.9816e-11,9.2533e-11,1.1097e-10
6.4782e-11,8.7818e-11,9.1741e-11
3.4307e-11,8.6098e-11,7.2223e-11
2.7547e-11,8.7365e-11,8.3191e-11
2.2959e-11,8.7733e-11,7.1185e-11
1.304e-11,8.9475e-11,7.9494e-11
1.5424e-11,6.428e-11,5.5702e-11
1.0784e-11,8.1143e-11,7.2591e-11
7.1006e-11,9.8716e-11,9.881e-11
6.0508e-11,7.7416e-11,7.6471e-11
4.5295e-11,7.7772e-11,7.7534e-11
3.4171e-11,7.971e-11,6.6716e-11
2.3646e-11,7.0982e-11,6.3952e-11
2.0401e-11,8.1263e-11,8.0412e-11
2.4056e-11,8.5515e-11,6.6555e-11
5.9028e-11,9.9572e-11,9.3704e-11
2.283e-11,7.0755e-11,6.0963e-11
2.2685e-11,7.2469e-11,5.6668e-11
1.241e-11,8.1656e-11,7.4156e-11
1.8706e-11,6.9653e-11,5.7905e-11
8.637e-12,7.889e-11,7.2596e-11
1.0798e-11,7.3565e-11,6.5015e-11
6.3604e-11,7.3837e-11,7.9081e-11
6.4467e-11,8.8812e-11,8.4735e-11
5.9948e-11,7.5583e-11,7.2227e-11
1.7778e-11,6.2532e-11,5.761e-11
1.4763e-11,7.0079e-11,5.6571e-11
5.1489e-11,6.1421e-11,6.8312e-11
4.8186e-11,8.7173e-11,9.0653e-11
3.3182e-11,7.3389e-11,6.2676e-11
2.1308e-11,6.2393e-11,5.7189e-11
2.0699e-11,8.6159e-11,8.5115e-11
1.3848e-11,7.4922e-11,7.2662e-11
1.0195e-11,7.7436e-11,7.2701e-11
8.684e-11,8.6126e-11,9.0639e-11
3.515e-11,7.2644e-11,6.1499e-11
3.9061e-11,7.9672e-11,6.5135e-11
3.1711e-11,8.0918e-11,9.407e-11
3.3137e-11,5.6714e-11,4.8553e-11
2.2615e-11,8.476e-11,8.8423e-11
2.2393e-11,8.1838e-11,7.8986e-11
1.8952e-11,6.1295e-11,5.3485e-11
7.0377e-11,9.2325e-11,8.9898e-11
4.1539e-11,5.4109e-11,5.5537e-11
5.215e-11,9.0187e-11,9.4019e-11
4.8241e-11,8.6023e-11,9.1408e-11
3.5647e-11,6.818e-11,5.9938e-11
2.0091e-11,5.234e-11,4.6675e-11
2.1764e-11,5.6084e-11,5.0285e-11
7.7412e-12,7.9366e-11,6.8533e-11
1.0585e-10,7.8092e-11,1.0166e-10
8.5067e-11,7.8143e-11,8.7775e-11
4.9559e-11,5.6216e-11,6.5693e-11
5.9293e-11,8.3207e-11,8.6588e-11
3.3763e-11,8.5849e-11,1.0764e-10
3.3833e-11,6.484e-11,7.1229e-11
2.8303e-11,6.9719e-11,8.5555e-11
2.6586e-11,6.3206e-11,5.4903e-11
1.5131e-11,7.39e-11,8.1144e-11
8.6492e-11,7.8594e-11,8.8793e-11
4.5816e-11,4.3299e-11,5.2926e-11
4.2539e-11,5.5278e-11,5.2681e-11
2.05e-11,5.1069e-11,4.5369e-11
1.1089e-11,6.1826e-11,5.212e-11
1.2212e-11,8.6004e-11,8.2283e-11
1.2078e-11,6.7972e-11,6.3498e-11
1.0133e-10,7.1033e-11,9.6147e-11
6.7141e-11,5.9381e-11,7.0295e-11
3.6127e-11,6.3371e-11,5.6813e-11
2.5483e-11,5.279e-11,4.958e-11
1.2062e-11,4.6135e-11,4.3796e-11
2.0288e-11,5.0438e-11,4.8758e-11
7.6257e-12,5.9954e-11,5.1796e-11
8.4654e-11,7.952e-11,9.6607e-11
5.0892e-11,5.8216e-11,6.6707e-11
5.2642e-11,8.4941e-11,9.8083e-11
4.4411e-11,6.5389e-11,7.3681e-11
3.8442e-11,4.0378e-11,4.6723e-11
3.356e-11,8.2237e-11,1.0755e-10
2.2038e-11,4.5895e-11,4.1738e-11
1.7661e-11,6.1402e-11,6.8219e-11
1.3279e-11,4.8608e-11,4.5313e-11
1.8891e-11,6.8657e-11,5.7412e-11
1.3458e-11,6.8134e-11,5.7705e-11
1.0795e-10,7.6814e-11,1.0294e-10
8.1876e-11,5.5637e-11,7.9775e-11
6.6782e-11,7.0367e-11,7.3487e-11
5.782e-11,7.6897e-11,8.6266e-11
4.1345e-10,1.9982e-10,1.3188e-10
4.5788e-10,2.0561e-10,1.1499e-10
3.4535e-11,8.3435e-11,9.6748e-11
2.2155e-11,8.1458e-11,1.0483e-10
2.0551e-11,9.1329e-11,9.881e-11
1.7738e-11,4.5431e-11,4.3962e-11
1.1263e-11,8.1762e-11,6.8366e-11
1.5591e-11,6.9565e-11,5.9185e-11
4.8355e-11,4.4283e-11,5.538e-11
4.3462e-11,4.2234e-11,4.9533e-11
3.6545e-10,1.7043e-10,1.6151e-10
2.6231e-11,4.6261e-11,4.1778e-11
1.5552e-11,5.5847e-11,4.9441e-11
7.839e-11,4.9285e-11,7.4084e-11
7.9738e-11,7.6259e-11,9.0267e-11
6.2762e-11,5.4789e-11,6.6083e-11
5.2717e-11,5.659e-11,5.3819e-11
4.6091e-10,1.9552e-10,5.8807e-11
4.6656e-10,1.9449e-10,6.5737e-11
2.4231e-11,5.6634e-11,5.1204e-11
2.1493e-11,5.5212e-11,4.9525e-11
1.628e-11,6.5089e-11,7.1858e-11
1.8851e-11,4.3238e-11,3.9538e-11
1.912e-11,8.9958e-11,1.0021e-10
1.525e-11,5.7393e-11,4.4411e-11
8.7489e-12,9.3047e-11,8.1566e-11
1.1262e-11,7.3763e-11,6.3792e-11
1.0347e-11,5.0121e-11,4.6337e-11
8.0991e-11,7.6491e-11,9.3581e-11
7.3193e-11,4.9841e-11,7.0459e-11
6.7477e-11,6.7009e-11,7.3765e-11
5.202e-11,6.9817e-11,8.4471e-11
3.7877e-10,1.7723e-10,1.2103e-10
3.9022e-11,8.7684e-11,1.1114e-10
3.9523e-10,1.8229e-10,7.9046e-11
2.0655e-11,6.0068e-11,5.4469e-11
1.5546e-11,5.4143e-11,4.9512e-11
1.0994e-11,5.0281e-11,4.1592e-11
1.098e-11,4.6841e-11,4.2691e-11
1.0485e-11,4.7743e-11,4.5081e-11
5.6489e-11,3.454e-11,5.6778e-11
6.1386e-11,4.4772e-11,6.4052e-11
2.7748e-10,1.9295e-10,1.7237e-10
4.9406e-11,5.2225e-11,5.403e-11
2.6293e-10,1.8353e-10,1.7177e-10
4.3642e-11,3.8017e-11,4.2563e-11
4.9946e-11,5.2147e-11,5.1712e-11
2.9948e-11,3.3308e-11,3.7561e-11
3.5648e-11,5.8574e-11,6.6142e-11
1.5068e-11,8.1985e-11,8.6182e-11
1.8741e-11,5.3171e-11,4.9814e-11
9.7949e-12,5.1973e-11,4.7607e-11
8.2841e-11,4.7513e-11,7.1963e-11
6.5596e-11,3.5735e-11,6.0732e-11
6.0911e-11,5.1613e-11,5.961e-11
5.5532e-11,4.5671e-11,5.4022e-11
5.9572e-11,7.0104e-11,9.4822e-11
5.3543e-11,7.0446e-11,8.8415e-11
2.6037e-10,1.8503e-10,1.6723e-10
3.0452e-10,1.7108e-10,1.5344e-10
3.5253e-11,3.7408e-11,3.856e-11
3.0433e-11,5.599e-11,5.0893e-11
1.8133e-11,3.5427e-11,3.4906e-11
2.7834e-11,5.8628e-11,5.3867e-11
1.7589e-11,5.3844e-11,4.2752e-11
1.385e-11,6.2051e-11,6.0618e-11
1.0885e-11,4.4578e-11,4.065e-11
9.2797e-12,4.8625e-11,4.6566e-11
7.3329e-11,3.8084e-11,7.4968e-11
2.5374e-10,2.2906e-10,1.5635e-10
2.1972e-10,1.9359e-10,1.7458e-10
2.4931e-10,2.1379e-10,1.4973e-10
4.687e-11,4.536e-11,5.0949e-11
4.3304e-11,3.5268e-11,4.3283e-11
3.8564e-11,3.2667e-11,3.8292e-11
3.59e-10,1.7386e-10,1.0632e-10
1.9289e-11,3.3775e-11,3.3963e-11
1.7531e-11,6.0469e-11,6.9912e-11
1.456e-11,6.9923e-11,6.1184e-11
8.4291e-12,9.379e-11,7.8576e-11
9.0444e-11,3.157e-11,8.4194e-11
9.4457e-11,5.1348e-11,9.2377e-11
8.1597e-11,4.7307e-11,7.0197e-11
6.3038e-11,5.3844e-11,6.8068e-11
6.6782e-11,6.8847e-11,9.6127e-11
5.0815e-11,2.9332e-11,4.8092e-11
4.7771e-11,3.3723e-11,4.7252e-11
3.1675e-10,2.1024e-10,1.4314e-10
4.1984e-11,5.4573e-11,7.5001e-11
4.3164e-11,6.0751e-11,6.1603e-11
4.4423e-11,5.6912e-11,5.8283e-11
2.4641e-10,1.838e-10,1.5896e-10
4.2805e-11,5.2985e-11,4.838e-11
2.6604e-11,5.2071e-11,4.1549e-11
2.1833e-11,3.6321e-11,3.5092e-11
1.6123e-11,4.8004e-11,5.8818e-11
1.9474e-11,4.2578e-11,3.7703e-11
1.6508e-11,3.3308e-11,3.3202e-11
1.6071e-11,5.4231e-11,5.7804e-11
1.8386e-11,4.9454e-11,4.0644e-11
1.3015e-11,4.3535e-11,4.4278e-11
1.4947e-11,4.1557e-11,3.8108e-11
1.4588e-11,3.8372e-11,3.811e-11
1.0425e-10,3.4357e-11,9.0404e-11
7.6553e-11,3.3724e-11,6.4414e-11
2.4777e-10,2.0969e-10,1.4414e-10
2.3248e-10,2.1448e-10,1.5066e-10
6.0512e-11,4.8066e-11,5.9945e-11
5.381e-11,2.9044e-11,5.2167e-11
5.5935e-11,7.1762e-11,9.1274e-11
4.5668e-11,4.7661e-11,6.3983e-11
4.6143e-11,4.7781e-11,5.1524e-11
3.7539e-11,2.8602e-11,3.8107e-11
3.6635e-11,7.1109e-11,9.0019e-11
3.1637e-11,8.5225e-11,9.8476e-11
2.7499e-11,7.2978e-11,8.1382e-11
2.4208e-11,8.2275e-11,9.7763e-11
2.523e-11,5.1004e-11,4.9607e-11
1.5798e-11,4.9583e-11,6.0219e-11
1.2241e-11,6.3834e-11,5.2038e-11
1.0994e-10,2.1326e-11,8.4885e-11
8.7037e-11,3.2638e-11,7.0645e-11
7.6409e-11,2.6373e-11,6.2096e-11
8.4936e-11,4.6151e-11,8.4427e-11
6.9958e-11,2.0864e-11,6.3424e-11
2.4107e-10,2.0834e-10,1.7242e-10
4.9646e-11,2.634e-11,4.8023e-11
1.9393e-10,1.938e-10,1.2766e-10
3.1672e-11,3.0442e-11,3.5854e-11
4.4607e-10,1.8016e-10,1.1768e-11
3.3953e-11,7.4947e-11,8.8796e-11
3.3168e-11,9.4019e-11,1.0259e-10
1.9656e-11,5.1515e-11,6.5536e-11
1.6546e-11,4.069e-11,3.6671e-11
1.5559e-11,8.8745e-11,8.2243e-11
1.6597e-11,9.0229e-11,9.3724e-11
8.9461e-12,6.224e-11,6.3355e-11
1.498e-11,3.8776e-11,4.0599e-11
1.3761e-11,6.3379e-11,6.2602e-11
1.6482e-11,6.1266e-11,5.9908e-11
9.4543e-12,5.9358e-11,4.9781e-11
8.4197e-12,5.7444e-11,4.695e-11
1.8389e-11,4.578e-11,4.1215e-11
9.7364e-11,3.8542e-11,8.5032e-11
8.6216e-11,3.383e-11,7.5995e-11
1.5844e-10,2.1078e-10,1.53e-10
1.7599e-10,1.9764e-10,1.3971e-10
7.0236e-11,2.6539e-11,5.8606e-11
7.3701e-11,6.0332e-11,9.492e-11
4.9118e-11,4.1579e-11,4.8746e-11
1.9611e-10,1.5063e-10,1.2715e-10
3.8622e-11,2.8444e-11,3.9429e-11
3.8694e-11,3.2073e-11,4.01e-11
4.0588e-11,2.3726e-11,3.4621e-11
2.3647e-10,1.3781e-10,1.3695e-10
3.3262e-11,4.4209e-11,4.9346e-11
4.3675e-10,1.805e-10,3.0871e-11
3.324e-11,4.7506e-11,5.2912e-11
3.9436e-10,1.6388e-10,2.2572e-11
2.1823e-11,3.3235e-11,3.355e-11
1.2683e-11,3.4357e-11,3.3798e-11
9.8492e-12,4.8634e-11,4.3694e-11
1.4381e-11,4.6798e-11,4.0039e-11
8.585e-11,4.1679e-11,7.9107e-11
7.9004e-11,3.7491e-11,7.2934e-11
7.6372e-11,2.5185e-11,6.1394e-11
1.5006e-10,1.7539e-10,1.3937e-10
7.8796e-11,3.7994e-11,7.3182e-11
2.2582e-10,1.944e-10,1.4387e-10
6.5828e-11,2.4703e-11,5.5128e-11
1.5165e-10,1.6465e-10,1.4555e-10
6.0368e-11,4.6526e-11,5.9168e-11
5.2765e-11,2.7244e-11,5.029e-11
5.4728e-11,2.2768e-11,4.631e-11
4.3521e-11,2.0444e-11,4.214e-11
3.1201e-10,1.8687e-10,8.9829e-11
2.7503e-11,3.654e-11,3.5189e-11
3.5284e-10,1.5347e-10,5.0567e-11
3.4757e-11,4.1284e-11,4.0169e-11
3.6607e-11,8.6534e-11,1.0452e-10
2.44e-11,3.1034e-11,3.4294e-11
2.2423e-11,6.4722e-11,7.2282e-11
1.872e-11,3.3433e-11,3.2641e-11
1.9123e-11,3.8519e-11,4.076e-11
1.9127e-11,3.7723e-11,4.1155e-11
1.5418e-11,4.0821e-11,4.4678e-11
1.226e-11,5.0601e-11,4.7131e-11
1.546e-11,4.2611e-11,3.9164e-11
1.0426e-10,3.2262e-11,7.6246e-11
1.7559e-10,1.8973e-10,1.4887e-10
8.1613e-11,2.1661e-11,6.9564e-11
9.1773e-11,5.8473e-11,8.6515e-11
5.7472e-11,2.0352e-11,5.238e-11
6.65e-11,4.4239e-11,6.3229e-11
5.1532e-11,3.8798e-11,5.2514e-11
5.385e-11,3.1985e-11,5.3026e-11
3.3252e-10,2.1946e-10,1.0644e-10
3.5783e-10,1.8823e-10,7.7873e-11
2.949e-11,3.1038e-11,3.327e-11
3.0238e-11,4.6118e-11,4.3413e-11
2.3654e-11,4.2332e-11,4.4548e-11
2.2905e-11,3.3672e-11,3.6966e-11
2.0183e-11,5.3591e-11,5.2695e-11
1.2e-11,6.0614e-11,6.136e-11
1.7136e-11,2.9362e-11,3.3214e-11
1.544e-11,3.3565e-11,3.4666e-11
8.91e-12,8.7952e-11,7.9745e-11
2.0581e-11,4.6706e-11,4.0426e-11
6.8558e-12,4.0753e-11,3.8317e-11
1.5103e-11,3.3761e-11,3.8294e-11
1.1705e-10,2.822e-11,8.0768e-11
1.6008e-10,1.543e-10,1.2443e-10
1.4133e-10,1.6632e-10,1.1473e-10
7.862e-11,5.0822e-11,5.148e-11
1.7513e-10,1.8668e-10,1.3014e-10
8.0869e-11,3.6903e-11,7.4382e-11
6.6947e-11,2.6943e-11,5.6933e-11
6.0459e-11,2.7862e-11,5.1658e-11
5.169e-11,2.4012e-11,4.5894e-11
4.0739e-11,2.014e-11,3.6071e-11
3.9385e-11,3.8466e-11,4.6838e-11
3.626e-11,3.3939e-11,4.3851e-11
4.8035e-11,7.2231e-11,8.8488e-11
2.6244e-11,2.5795e-11,3.1012e-11
3.7232e-10,1.8246e-10,5.2105e-11
3.0596e-11,4.5981e-11,4.3985e-11
2.3521e-11,4.0384e-11,5.3415e-11
2.2871e-11,2.1947e-11,2.8853e-11
3.4251e-11,8.7047e-11,1.0229e-10
2.4173e-11,3.8981e-11,3.6653e-11
2.8995e-11,9.2135e-11,1.0104e-10
1.5928e-11,8.7625e-11,8.6837e-11
1.3692e-11,5.6647e-11,5.8261e-11
1.1003e-11,8.9323e-11,8.1128e-11
1.9694e-11,7.1646e-11,6.6263e-11
2.1711e-11,4.7399e-11,4.1027e-11
7.8093e-11,7.6476e-11,5.5039e-11
9.1197e-11,4.3669e-11,8.4277e-11
7.7547e-11,4.2211e-11,6.0718e-11
6.8811e-11,3.1671e-11,6.5197e-11
5.4891e-11,2.0633e-11,4.7773e-11
4.7098e-11,2.8365e-11,4.2037e-11
2.9851e-10,2.2411e-10,1.0395e-10
5.3034e-11,5.6208e-11,7.4391e-11
2.7227e-10,1.7278e-10,9.6321e-11
3.316e-11,1.9789e-11,3.0679e-11
3.7447e-11,3.8326e-11,3.9944e-11
3.8487e-11,5.1543e-11,5.6878e-11
2.9978e-10,1.6241e-10,7.8394e-11
3.0623e-11,4.6345e-11,4.5035e-11
2.3983e-10,1.385e-10,1.1513e-10
2.4275e-11,3.7014e-11,3.5483e-11
2.1537e-11,4.577e-11,4.5937e-11
2.1642e-11,3.7027e-11,3.6867e-11
1.7525e-11,5.0354e-11,5.9833e-11
2.532e-11,4.421e-11,3.9333e-11
1.8766e-11,3.1101e-11,3.2308e-11
9.4481e-12,6.2212e-11,6.0672e-11
1.1318e-10,6.0419e-11,6.8677e-11
1.1294e-10,4.4671e-11,6.2633e-11
1.061e-10,3.7054e-11,6.7946e-11
8.9902e-11,2.6726e-11,6.6867e-11
7.933e-11,3.3889e-11,5.8802e-11
7.8883e-11,8.7067e-11,4.8078e-11
7.8132e-11,2.0597e-11,6.2972e-11
7.2759e-11,5.1756e-11,8.2503e-11
7.5245e-11,4.5359e-11,7.2553e-11
1.9188e-10,1.7387e-10,1.3336e-10
5.7146e-11,3.0692e-11,4.7761e-11
1.9723e-10,1.7863e-10,1.1111e-10
6.2902e-11,6.1221e-11,8.3613e-11
1.6455e-10,1.8018e-10,1.0104e-10
4.9597e-11,4.5135e-11,5.4319e-11
2.0736e-10,1.8046e-10,1.0695e-10
4.5929e-11,3.748e-11,4.7995e-11
1.7671e-10,1.4441e-10,1.1251e-10
4.3099e-11,2.0921e-11,3.6537e-11
3.4127e-11,3.6225e-11,3.7376e-11
2.2854e-10,1.3325e-10,1.1318e-10
3.3194e-11,4.3175e-11,5.7232e-11
3.0307e-11,2.2498e-11,3.4172e-11
2.5477e-10,1.4208e-10,1.1049e-10
2.7836e-11,2.9478e-11,3.2206e-11
2.7885e-11,2.9042e-11,3.2946e-11
1.5011e-11,2.9642e-11,3.1284e-11
1.4071e-11,4.0045e-11,3.5952e-11
1.1653e-11,8.5317e-11,7.9889e-11
2.0558e-10,1.268e-10,1.491e-10
9.6216e-11,2.574e-11,7.8512e-11
7.4955e-11,6.0731e-11,5.2721e-11
5.416e-11,3.1807e-11,4.8554e-11
6.0108e-11,6.7301e-11,8.9446e-11
1.8278e-10,1.4712e-10,1.1982e-10
6.1146e-11,7.2129e-11,8.8875e-11
3.1191e-10,2.0521e-10,9.8794e-11
2.4645e-10,1.4076e-10,8.7766e-11
2.4517e-10,1.3474e-10,9.4522e-11
3.9947e-11,7.1842e-11,9.015e-11
3.3474e-10,1.4685e-10,4.3256e-11
2.3904e-11,2.6924e-11,3.0379e-11
1.5874e-11,8.5031e-11,9.1649e-11
1.5757e-11,3.2667e-11,3.3754e-11
8.8557e-12,6.5341e-11,6.3495e-11
2.6572e-11,3.3073e-11,3.4639e-11
8.9159e-12,3.3445e-11,3.1143e-11
1.0723e-10,6.4508e-11,6.3705e-11
9.6072e-11,3.7167e-11,8.5635e-11
7.1797e-11,1.8768e-11,5.8312e-11
6.7837e-11,5.6155e-11,5.1169e-11
1.2224e-10,1.6415e-10,8.8715e-11
1.2493e-10,1.3248e-10,1.1221e-10
7.016e-11,3.4351e-11,5.9332e-11
1.3191e-10,1.4931e-10,9.1012e-11
6.7239e-11,5.5647e-11,8.883e-11
5.545e-11,2.895e-11,5.1533e-11
6.3531e-11,5.4791e-11,5.2692e-11
6.6018e-11,6.2621e-11,4.8501e-11
4.9708e-11,3.8538e-11,3.9526e-11
1.8659e-10,1.7041e-10,1.0692e-10
1.6745e-10,1.8268e-10,9.3872e-11
3.2058e-10,1.9075e-10,9.1831e-11
5.0166e-11,6.8181e-11,8.4331e-11
3.702e-11,2.8455e-11,3.6499e-11
3.2695e-10,1.8221e-10,6.5468e-11
4.5405e-11,6.8586e-11,8.9748e-11
3.0397e-11,3.1455e-11,3.5131e-11
3.4116e-10,1.7548e-10,6.3413e-11
4.324e-10,1.931e-10,5.6146e-11
4.2924e-11,2.7784e-11,3.2256e-11
4.1299e-10,1.8402e-10,4.9587e-11
3.1002e-11,5.9342e-11,7.4912e-11
2.8948e-11,8.9652e-11,9.9486e-11
2.0666e-11,9.2398e-11,9.8295e-11
2.3179e-11,5.5903e-11,6.1881e-11
1.0951e-11,3.649e-11,4.001e-11
1.6162e-11,4.2578e-11,3.5582e-11
2.1381e-11,3.1619e-11,3.3452e-11
1.9297e-11,3.3097e-11,3.5688e-11
1.6435e-11,6.1255e-11,5.8545e-11
1.1977e-10,5.0999e-11,6.9564e-11
1.1432e-10,2.9783e-11,7.9284e-11
2.0822e-10,1.1771e-10,1.5272e-10
1.6589e-10,1.1624e-10,1.0253e-10
9.566e-11,2.9955e-11,8.5642e-11
9.0829e-11,8.0345e-11,5.9541e-11
9.2487e-11,2.5013e-11,7.3286e-11
1.8857e-10,1.3187e-10,1.3243e-10
6.3589e-11,4.7569e-11,5.0375e-11
5.8264e-11,1.8796e-11,4.9108e-11
1.4887e-10,1.5042e-10,1.1984e-10
4.6384e-11,3.2144e-11,4.7023e-11
4.2788e-11,3.642e-11,3.5774e-11
2.6958e-10,1.944e-10,1.0241e-10
4.197e-11,2.3318e-11,3.9558e-11
4.9352e-11,4.8762e-11,6.4651e-11
4.1202e-10,2.1513e-10,6.8542e-11
3.5201e-11,3.5485e-11,3.8955e-11
4.0034e-11,5.0827e-11,6.2122e-11
2.5148e-10,1.4326e-10,7.7156e-11
2.7031e-10,1.4072e-10,5.8864e-11
2.4443e-11,2.6784e-11,3.2002e-11
2.0849e-10,1.2602e-10,7.7183e-11
3.2084e-10,1.383e-10,3.5818e-11
1.9012e-11,3.5071e-11,3.2279e-11
1.9994e-11,9.3421e-11,9.1824e-11
1.9948e-11,9.5579e-11,9.409e-11
1.322e-11,3.6019e-11,4.077e-11
1.3202e-10,7.1599e-11,7.6981e-11
1.3049e-10,6.9487e-11,7.8728e-11
1.8669e-10,1.0841e-10,1.0939e-10
9.6901e-11,8.1273e-11,5.5946e-11
1.8859e-10,1.1219e-10,1.3022e-10
7.2837e-11,4.2352e-11,5.8977e-11
7.0739e-11,3.668e-11,5.1262e-11
6.5998e-11,3.4909e-11,4.9229e-11
2.2543e-10,1.9774e-10,1.4968e-10
5.5487e-11,1.9985e-11,4.9051e-11
5.722e-11,3.4541e-11,5.9992e-11
1.0212e-10,1.189e-10,9.7774e-11
2.168e-10,1.903e-10,1.0925e-10
2.5538e-10,2.2717e-10,1.1301e-10
5.2283e-11,3.9187e-11,5.3568e-11
4.917e-11,3.2614e-11,4.0722e-11
1.2447e-10,1.3641e-10,1.0402e-10
5.4001e-11,5.0052e-11,7.1135e-11
4.1996e-11,3.2927e-11,3.8182e-11
4.6601e-11,3.7415e-11,4.7352e-11
4.581e-11,2.9383e-11,4.6177e-11
4.1049e-11,3.6545e-11,4.7788e-11
2.2314e-10,1.7583e-10,9.7742e-11
5.5237e-11,6.3585e-11,7.9564e-11
1.4398e-10,1.307e-10,1.037e-10
3.7535e-11,3.5252e-11,4.4997e-11
5.0127e-11,3.7745e-11,3.9595e-11
4.2741e-11,5.0043e-11,6.3562e-11
1.9866e-10,1.2261e-10,9.239e-11
4.086e-11,2.7116e-11,3.4121e-11
5.2906e-11,7.3128e-11,8.82e-11
1.5529e-10,1.0401e-10,8.8529e-11
4.0194e-10,1.827e-10,3.9879e-11
3.714e-10,1.6281e-10,2.534e-11
3.0547e-11,2.5402e-11,3.4366e-11
2.6291e-11,5.6834e-11,7.0517e-11
1.8259e-11,2.6829e-11,2.9323e-11
1.3876e-11,3.4457e-11,3.2949e-11
1.3082e-11,3.7311e-11,3.2567e-11
2.2946e-11,5.3374e-11,6.2267e-11
2.0758e-11,2.3283e-11,3.2028e-11
9.0186e-12,3.1262e-11,3.0646e-11
8.6218e-11,8.6791e-11,5.9218e-11
8.5723e-11,3.0962e-11,7.0597e-11
1.8305e-10,1.2107e-10,1.3138e-10
6.9959e-11,2.5315e-11,5.6963e-11
1.9285e-10,1.6369e-10,1.4679e-10
5.4819e-11,2.1697e-11,4.5204e-11
5.6353e-11,4.2911e-11,6.3752e-11
5.7571e-11,5.42e-11,4.2414e-11
2.9545e-10,1.9545e-10,9.6277e-11
4.2161e-10,2.3013e-10,7.4842e-11
1.726e-10,1.1788e-10,9.2596e-11
3.6197e-10,1.7457e-10,6.6499e-11
4.489e-11,6.697e-11,7.9699e-11
4.409e-11,7.7849e-11,9.6968e-11
2.7728e-10,1.3509e-10,7.6862e-11
4.0261e-10,1.5946e-10,3.6816e-11
3.7256e-10,1.5969e-10,1.4191e-11
1.9288e-11,3.1165e-11,2.9755e-11
1.9851e-11,2.1667e-11,2.8598e-11
2.9191e-11,4.8804e-11,5.5608e-11
1.7309e-11,3.0391e-11,3.5551e-11
1.1487e-11,2.867e-11,3.1117e-11
1.9071e-11,2.6934e-11,3.2684e-11
1.9646e-10,6.7542e-11,1.139e-10
9.5654e-11,3.2075e-11,7.9678e-11
9.1362e-11,3.544e-11,8.5914e-11
1.0015e-10,7.4864e-11,5.77e-11
1.5183e-10,1.0304e-10,1.0517e-10
8.7986e-11,7.7065e-11,5.7347e-11
7.6677e-11,4.0441e-11,6.2315e-11
1.9193e-10,1.1994e-10,1.3339e-10
1.4368e-10,1.3355e-10,1.0813e-10
7.5472e-11,2.6799e-11,6.1433e-11
7.3867e-11,4.2478e-11,7.5856e-11
6.5513e-11,6.9334e-11,5.0119e-11
9.2615e-11,1.1927e-10,6.6557e-11
5.9395e-11,5.857e-11,4.807e-11
5.8164e-11,4.5831e-11,6.6069e-11
5.5833e-11,4.7304e-11,6.9615e-11
6.1135e-11,5.6132e-11,4.7854e-11
1.394e-10,1.4283e-10,9.7597e-11
4.4001e-11,3.7856e-11,4.6508e-11
4.2581e-11,2.0952e-11,3.3957e-11
6.3674e-11,5.8142e-11,3.6071e-11
3.5333e-11,1.7157e-11,3.283e-11
4.9448e-11,4.1009e-11,3.3455e-11
1.4762e-10,1.2157e-10,8.5139e-11
1.5306e-10,1.2252e-10,7.8546e-11
3.2253e-11,3.6921e-11,4.2307e-11
3.356e-11,2.1859e-11,3.293e-11
2.2979e-10,1.3529e-10,8.0171e-11
4.7554e-10,2.1375e-10,5.0589e-11
2.71e-11,2.2411e-11,4.0578e-11
2.3083e-10,1.1484e-10,9.6772e-11
3.0804e-10,1.2886e-10,7.293e-11
2.3287e-11,2.7237e-11,2.9747e-11
2.3009e-11,2.2497e-11,2.8386e-11
2.4172e-11,1.92e-11,3.0116e-11
2.4448e-11,1.8428e-11,2.8216e-11
1.8994e-11,5.5185e-11,5.8852e-11
6.9945e-12,4.3907e-11,4.4784e-11
1.6932e-11,3.326e-11,3.1112e-11
1.0199e-11,3.3669e-11,3.331e-11
1.5469e-11,3.6429e-11,3.5228e-11
1.6446e-10,5.1888e-11,1.1327e-10
1.3163e-10,5.0748e-11,8.9811e-11
1.2672e-10,5.415e-11,8.7504e-11
1.065e-10,1.0008e-10,7.8464e-11
1.3772e-10,1.4038e-10,8.727e-11
8.2586e-11,1.1277e-10,8.4859e-11
5.8247e-11,3.5421e-11,6.5684e-11
5.9064e-11,5.4862e-11,4.8985e-11
5.2975e-11,2.7062e-11,4.932e-11
5.5158e-11,2.26e-11,4.4095e-11
1.4252e-10,1.4601e-10,1.0372e-10
1.7425e-10,1.6657e-10,1.156e-10
5.7094e-11,4.8957e-11,7.4988e-11
1.4657e-10,1.4258e-10,1.1762e-10
4.3177e-11,2.0675e-11,4.1105e-11
6.284e-11,6.2934e-11,8.0396e-11
4.7401e-11,4.2049e-11,3.6393e-11
3.8949e-11,2.1044e-11,3.5017e-11
4.1566e-11,1.8646e-11,3.83e-11
1.0488e-10,1.0048e-10,8.307e-11
4.2408e-11,2.0337e-11,3.5936e-11
3.8784e-11,4.3782e-11,4.8894e-11
3.6562e-11,2.6561e-11,3.6259e-11
1.2493e-10,1.0956e-10,8.3076e-11
3.6287e-11,3.4431e-11,4.2144e-11
5.13e-11,6.983e-11,8.6399e-11
5.232e-11,3.55e-11,3.5049e-11
3.0679e-11,3.518e-11,4.0781e-11
4.1273e-11,6.9804e-11,8.541e-11
3.1142e-11,2.4962e-11,3.5303e-11
2.7683e-11,4.9896e-11,6.9127e-11
1.9632e-11,2.8001e-11,2.9264e-11
1.6446e-11,3.0749e-11,2.9362e-11
2.4605e-11,2.528e-11,2.9755e-11
1.6605e-11,2.7597e-11,2.9104e-11
1.7133e-11,3.1102e-11,3.0202e-11
1.6453e-11,2.8781e-11,3.4115e-11
1.5928e-11,4.6058e-11,4.5563e-11
1.9665e-10,3.6175e-11,1.1724e-10
1.8373e-10,6.5391e-11,1.1078e-10
1.213e-10,4.7713e-11,8.2459e-11
1.0615e-10,4.6257e-11,7.2115e-11
1.4194e-10,6.7885e-11,8.7318e-11
1.2932e-10,8.9301e-11,8.3272e-11
6.2767e-11,1.9466e-11,5.2996e-11
5.807e-11,2.9461e-11,5.2435e-11
5.5606e-11,4.1052e-11,6.299e-11
5.2724e-11,4.3403e-11,7.0625e-11
5.88e-11,6.4127e-11,4.1821e-11
5.244e-11,4.0052e-11,6.0738e-11
1.0368e-10,1.2036e-10,9.4173e-11
4.4483e-11,3.1729e-11,3.7457e-11
1.6311e-10,1.6273e-10,9.1926e-11
4.6592e-11,2.4168e-11,3.739e-11
3.8222e-10,2.3103e-10,5.8844e-11
2.1796e-10,1.2763e-10,9.1344e-11
2.8691e-11,3.2169e-11,3.8656e-11
3.0587e-11,3.7994e-11,2.6095e-11
1.8407e-10,1.1366e-10,7.6411e-11
1.8243e-11,2.791e-11,3.6231e-11
3.2335e-11,2.9032e-11,3.2387e-11
2.3703e-11,1.7271e-11,2.8084e-11
2.2668e-11,3.4816e-11,3.5461e-11
1.6342e-11,2.7202e-11,2.7459e-11
1.6389e-11,2.9307e-11,2.8677e-11
1.1109e-11,3.642e-11,3.6895e-11
1.8348e-10,5.455e-11,1.0777e-10
1.3872e-10,4.8269e-11,8.9713e-11
9.2003e-11,3.5261e-11,8.6583e-11
9.2697e-11,8.4732e-11,7.1377e-11
6.9623e-11,4.1616e-11,5.4915e-11
2.0847e-10,9.914e-11,1.2631e-10
1.2449e-10,9.7381e-11,8.4146e-11
1.8172e-10,1.3916e-10,1.5836e-10
6.2756e-11,4.6633e-11,7.14e-11
5.8814e-11,2.2242e-11,4.6441e-11
2.5258e-10,2.085e-10,1.0074e-10
4.3222e-11,3.9721e-11,3.3347e-11
1.3217e-10,1.204e-10,1.0048e-10
5.725e-11,5.8363e-11,7.5645e-11
1.4842e-10,1.222e-10,1.0591e-10
3.9551e-11,1.9866e-11,3.2323e-11
3.6333e-11,2.7507e-11,3.79e-11
3.161e-11,2.2015e-11,3.0458e-11
2.9253e-11,1.6905e-11,3.0869e-11
1.9611e-10,1.2258e-10,8.2695e-11
5.14e-11,6.4412e-11,7.7271e-11
5.0731e-11,3.7753e-11,3.3325e-11
4.4818e-10,2.2729e-10,7.6502e-11
2.7191e-11,2.4508e-11,3.1668e-11
4.5398e-11,2.5318e-11,3.8325e-11
4.0157e-11,5.4838e-11,6.6931e-11
2.346e-10,1.4309e-10,6.2491e-11
4.4907e-11,2.6257e-11,3.0287e-11
2.9694e-10,1.2968e-10,6.8676e-11
2.9462e-11,1.7594e-11,2.7135e-11
2.6822e-11,3.3772e-11,3.7932e-11
1.916e-10,8.1069e-11,8.233e-11
3.6769e-11,8.0332e-11,9.4801e-11
2.4727e-11,4.6619e-11,6.2841e-11
2.4657e-11,6.4404e-11,6.9114e-11
1.9192e-11,2.1349e-11,3.2284e-11
2.7453e-11,3.8078e-11,4.1958e-11
1.7535e-11,2.7253e-11,2.8862e-11
1.6414e-11,2.6602e-11,3.1147e-11
2.1812e-11,9.241e-11,8.926e-11
1.4851e-11,3.1806e-11,3.3885e-11
1.4382e-10,4.7274e-11,1.0871e-10
9.6141e-11,3.1629e-11,7.6513e-11
1.0189e-10,7.4761e-11,7.7464e-11
7.8591e-11,3.2367e-11,7.3764e-11
7.1603e-11,4.5525e-11,5.2814e-11
6.9996e-11,4.4308e-11,7.998e-11
1.8432e-10,1.844e-10,1.8413e-10
6.257e-11,4.6229e-11,7.055e-11
5.4786e-11,2.0541e-11,4.3996e-11
4.8398e-11,2.3228e-11,4.1206e-11
4.1815e-11,4.0945e-11,5.1929e-11
3.5377e-11,2.3838e-11,3.1702e-11
3.2956e-11,1.7417e-11,3.3866e-11
1.338e-10,1.0842e-10,7.1778e-11
3.5001e-11,2.5685e-11,2.8407e-11
1.1363e-10,9.2333e-11,7.6817e-11
5.9185e-11,5.3579e-11,4.1473e-11
2.996e-11,2.763e-11,3.6467e-11
4.9786e-11,4.4061e-11,2.9751e-11
8.7662e-11,6.2851e-11,3.4378e-11
4.9367e-11,3.3178e-11,3.7012e-11
1.3631e-10,7.3419e-11,7.6343e-11
4.9616e-11,7.4264e-11,8.828e-11
4.6982e-11,2.8778e-11,2.8422e-11
2.8653e-11,1.676e-11,2.6918e-11
2.695e-11,2.2772e-11,2.8017e-11
1.7741e-11,2.6206e-11,3.5236e-11
2.7406e-10,9.5822e-11,5.4223e-11
1.7776e-10,9.4657e-11,6.9993e-11
2.4967e-10,8.0256e-11,5.622e-11
3.0923e-11,1.7405e-11,2.959e-11
3.4136e-11,1.0332e-10,1.0411e-10
1.3905e-11,2.5776e-11,3.1099e-11
1.2753e-11,3.1503e-11,3.2668e-11
1.2082e-11,2.9208e-11,3.1406e-11
2.3557e-11,3.2599e-11,3.6683e-11
9.9635e-12,2.9678e-11,3.1186e-11
1.5631e-11,2.702e-11,3.3231e-11
1.0692e-11,4.322e-11,4.3865e-11
1.6847e-10,3.7498e-11,1.1078e-10
1.3427e-10,7.0191e-11,6.9481e-11
8.0904e-11,3.5854e-11,5.8274e-11
1.1509e-10,7.1716e-11,7.4801e-11
7.3325e-11,3.8066e-11,8.0068e-11
6.6678e-11,1.9994e-11,5.4094e-11
1.2433e-10,8.2688e-11,7.421e-11
6.363e-11,5.0579e-11,8.0732e-11
4.7845e-11,1.826e-11,3.9892e-11
2.5792e-10,2.3788e-10,1.3931e-10
5.9666e-11,6.2714e-11,4.3837e-11
8.6116e-11,7.8342e-11,8.0789e-11
9.5491e-11,8.4021e-11,7.6876e-11
8.0386e-11,6.7315e-11,5.6469e-11
5.3918e-11,5.2519e-11,4.153e-11
9.1481e-11,6.973e-11,5.3268e-11
4.6105e-11,5.1492e-11,6.7325e-11
3.4739e-11,2.716e-11,2.7257e-11
2.7633e-11,3.0386e-11,3.7274e-11
9.6852e-11,7.3244e-11,5.4326e-11
3.917e-11,4.4884e-11,6.4561e-11
2.9949e-11,2.6329e-11,2.9094e-11
4.4035e-10,2.0365e-10,6.9077e-11
2.931e-10,1.2846e-10,5.2079e-11
3.5346e-10,1.4564e-10,2.8998e-11
4.0671e-10,1.7125e-10,2.5224e-11
2.4128e-11,3.9045e-11,5.0094e-11
2.3271e-11,3.4598e-11,4.2263e-11
2.5531e-11,1.6471e-11,3.0113e-11
2.6117e-11,1.9905e-11,2.6599e-11
1.4993e-11,2.5342e-11,2.9791e-11
1.8607e-11,3.2223e-11,3.7567e-11
2.2921e-11,5.9834e-11,6.3389e-11
3.4084e-11,4.9884e-11,5.6268e-11
1.4284e-11,2.933e-11,4.0562e-11
1.6584e-11,2.2839e-11,3.3851e-11
1.7579e-11,3.4328e-11,3.776e-11
2.0291e-11,3.0732e-11,3.183e-11
1.2151e-10,3.9097e-11,8.9338e-11
8.5267e-11,3.4496e-11,7.9469e-11
1.1944e-10,5.7568e-11,7.9058e-11
7.3124e-11,3.4605e-11,7.6814e-11
6.422e-11,2.2875e-11,5.1774e-11
1.999e-10,1.4371e-10,2.1674e-10
5.4053e-11,3.6657e-11,4.3571e-11
1.5545e-10,9.2867e-11,1.1113e-10
5.1919e-11,4.8419e-11,4.4585e-11
1.7485e-10,1.8635e-10,1.7738e-10
5.3428e-11,4.1032e-11,6.9578e-11
4.6403e-11,5.1504e-11,3.8595e-11
8.3217e-11,9.1184e-11,6.0518e-11
2.2704e-10,2.3333e-10,1.4703e-10
3.141e-10,2.2395e-10,1.0431e-10
1.0307e-10,9.199e-11,7.6123e-11
3.9584e-11,3.3344e-11,3.2911e-11
4.6966e-11,4.5122e-11,3.6979e-11
3.1884e-11,3.2487e-11,4.0577e-11
3.079e-11,2.6326e-11,3.2654e-11
4.1444e-11,3.5562e-11,3.2335e-11
2.9726e-11,3.1754e-11,3.9123e-11
2.9271e-11,2.2962e-11,3.3957e-11
3.3753e-11,3.7782e-11,4.3564e-11
8.6508e-11,6.347e-11,3.1233e-11
4.4131e-11,5.8462e-11,7.1114e-11
2.3135e-11,1.7255e-11,2.8459e-11
2.2241e-11,1.7284e-11,2.7526e-11
4.1057e-10,1.7178e-10,5.1559e-11
2.0553e-11,2.5559e-11,3.5618e-11
1.9632e-11,2.0264e-11,2.5811e-11
7.0249e-11,4.1747e-11,3.6419e-11
5.4713e-11,3.9064e-11,2.6012e-11
5.2191e-11,9.4643e-11,1.0127e-10
2.7654e-11,1.6865e-11,2.3918e-11
1.2401e-11,2.9935e-11,2.8446e-11
1.7257e-11,2.8974e-11,2.9501e-11
1.9542e-11,2.6865e-11,2.911e-11
1.4976e-11,2.7681e-11,2.9185e-11
1.5094e-11,2.7579e-11,2.8978e-11
8.7784e-11,3.7843e-11,6.2462e-11
1.0252e-10,3.9255e-11,6.7567e-11
1.1776e-10,6.682e-11,6.9862e-11
8.3041e-11,5.2419e-11,5.689e-11
2.3684e-10,9.8695e-11,1.5903e-10
6.542e-11,3.9563e-11,8.0383e-11
5.6632e-11,4.3377e-11,3.7098e-11
6.1063e-11,4.4935e-11,7.0856e-11
4.5136e-11,4.4734e-11,3.7685e-11
4.4436e-11,3.8345e-11,5.5956e-11
4.1584e-11,2.0357e-11,3.4432e-11
4.0453e-11,2.0605e-11,3.5181e-11
1.3044e-10,1.1712e-10,8.7922e-11
1.1547e-10,1.1623e-10,9.7364e-11
3.2912e-11,2.1846e-11,2.8075e-11
9.1989e-11,8.2128e-11,7.3639e-11
1.0995e-10,9.4239e-11,6.91e-11
2.3968e-10,1.4938e-10,9.7087e-11
1.3689e-10,1.0992e-10,6.223e-11
1.3863e-10,1.0555e-10,7.089e-11
4.3812e-10,2.0997e-10,1.0083e-10
8.8731e-11,6.4259e-11,5.0415e-11
1.6582e-10,9.6019e-11,6.4197e-11
1.6824e-10,9.7378e-11,5.9998e-11
4.36e-10,1.8712e-10,4.1542e-11
2.5295e-11,1.6714e-11,2.3148e-11
2.0264e-11,2.7492e-11,3.7678e-11
4.3475e-11,9.0774e-11,9.9416e-11
1.4741e-10,7.882e-11,5.186e-11
1.5321e-10,8.5234e-11,4.7286e-11
1.9933e-11,2.0244e-11,2.6667e-11
1.7537e-10,7.4225e-11,6.5867e-11
1.5533e-11,2.5567e-11,3.0136e-11
4.5975e-11,1.0704e-10,1.0229e-10
2.1287e-11,2.9364e-11,3.1856e-11
3.3009e-11,9.086e-11,8.771e-11
2.2741e-11,2.3736e-11,2.9135e-11
2.6176e-11,2.564e-11,3.4369e-11
2.2318e-11,7.7093e-11,7.7562e-11
2.2937e-11,8.5483e-11,7.9254e-11
2.4823e-11,2.5746e-11,2.8904e-11
1.3976e-11,3.1682e-11,3.5023e-11
1.534e-11,2.8113e-11,3.0796e-11
1.3792e-10,4.8977e-11,8.5614e-11
9.7964e-11,3.5195e-11,7.8477e-11
1.2173e-10,5.9972e-11,6.8459e-11
2.1602e-10,7.1348e-11,1.0724e-10
6.8753e-11,3.0988e-11,6.7663e-11
5.4706e-11,3.9759e-11,6.3269e-11
5.3839e-11,5.1201e-11,5.907e-11
4.8685e-11,1.8659e-11,4.1025e-11
4.749e-11,3.0052e-11,4.4669e-11
5.169e-11,5.913e-11,4.3668e-11
7.158e-11,9.0224e-11,4.9586e-11
4.5484e-11,4.6856e-11,3.8333e-11
5.0261e-11,5.8571e-11,4.0533e-11
1.2404e-10,1.2934e-10,9.0145e-11
3.906e-11,4.2935e-11,3.1679e-11
3.4067e-11,1.9969e-11,3.041e-11
3.7298e-11,3.1858e-11,3.6181e-11
5.0441e-11,5.4236e-11,6.8771e-11
4.1233e-11,3.7334e-11,5.2331e-11
3.1834e-11,2.2161e-11,2.7252e-11
6.0888e-11,5.673e-11,3.8181e-11
1.1422e-10,9.5892e-11,6.4751e-11
8.8435e-11,7.2769e-11,3.069e-11
3.8796e-11,4.828e-11,6.2388e-11
2.7478e-10,1.2842e-10,4.5452e-11
5.0764e-11,7.5139e-11,8.5119e-11
1.7956e-10,9.9547e-11,5.5835e-11
3.7603e-10,1.6748e-10,4.4036e-11
7.7683e-11,4.7108e-11,3.3446e-11
1.9236e-11,2.5309e-11,3.5771e-11
1.916e-11,2.1613e-11,2.7986e-11
2.7397e-11,2.0531e-11,2.3041e-11
7.9777e-11,4.3289e-11,3.7362e-11
2.7558e-11,2.7131e-11,2.9552e-11
3.0713e-11,7.0601e-11,7.6831e-11
4.2992e-11,9.3884e-11,9.1733e-11
2.3881e-10,7.9519e-11,6.0143e-11
1.9094e-11,2.5323e-11,2.9814e-11
1.331e-11,2.6698e-11,2.9495e-11
2.2517e-11,1.8223e-11,3.5258e-11
1.557e-11,1.9998e-11,2.6999e-11
8.5738e-12,2.4681e-11,2.8611e-11
1.7813e-11,4.5903e-11,5.5536e-11
1.7602e-10,2.565e-11,1.0919e-10
2.3252e-10,4.1064e-11,1.2369e-10
2.0624e-10,5.5982e-11,1.1125e-10
1.7869e-10,5.5436e-11,9.3075e-11
2.3875e-10,4.4823e-11,1.1373e-10
8.1397e-11,4.169e-11,5.6313e-11
6.5787e-11,2.101e-11,5.3868e-11
2.8e-10,1.0702e-10,1.7296e-10
1.5464e-10,7.7129e-11,8.401e-11
6.5168e-11,6.8226e-11,5.306e-11
4.6507e-11,3.2285e-11,3.5677e-11
5.6904e-11,8.0739e-11,4.8972e-11
1.3326e-10,1.0545e-10,9.1037e-11
4.2666e-11,3.2299e-11,3.5752e-11
6.6281e-11,6.6994e-11,7.052e-11
5.7843e-11,5.5147e-11,7.1135e-11
3.6967e-11,2.1435e-11,3.7099e-11
9.3195e-11,1.026e-10,6.4271e-11
4.7248e-11,4.1471e-11,5.976e-11
1.3707e-10,1.3422e-10,9.3896e-11
3.3478e-11,1.656e-11,3.0421e-11
9.1298e-11,8.5598e-11,7.0601e-11
1.8689e-10,1.3716e-10,9.4865e-11
1.2387e-10,1.0027e-10,6.5925e-11
2.9314e-10,1.8361e-10,1.0954e-10
1.4082e-10,8.884e-11,6.3446e-11
2.4106e-11,1.7538e-11,2.9286e-11
1.6098e-10,8.9386e-11,7.816e-11
3.1756e-10,1.831e-10,5.4561e-11
5.1053e-11,6.3398e-11,7.9346e-11
6.0857e-11,4.2345e-11,3.3989e-11
2.2265e-11,2.0062e-11,2.593e-11
3.256e-10,1.4747e-10,3.92e-11
5.5757e-11,9.046e-11,9.7177e-11
8.9282e-11,5.9494e-11,3.8735e-11
1.9084e-11,2.5536e-11,2.8764e-11
2.6648e-10,9.2787e-11,5.5454e-11
3.3019e-11,2.0366e-11,3.6876e-11
2.4291e-11,3.6758e-11,4.478e-11
2.6037e-11,5.501e-11,6.0102e-11
1.6744e-11,1.9877e-11,2.7062e-11
3.4443e-11,7.7647e-11,7.8696e-11
1.2039e-11,3.7356e-11,3.9836e-11
1.3308e-10,4.3946e-11,9.8813e-11
1.8989e-10,3.9965e-11,1.1433e-10
9.0363e-11,3.0682e-11,8.1606e-11
1.993e-10,6.4501e-11,1.0665e-10
7.3617e-11,3.2165e-11,7.0157e-11
1.7678e-10,5.3544e-11,9.1136e-11
8.0251e-11,3.5249e-11,5.8362e-11
1.1433e-10,3.8498e-11,6.228e-11
6.6418e-11,2.2852e-11,5.3383e-11
5.8335e-11,3.8134e-11,6.9944e-11
5.2426e-11,2.7718e-11,4.8055e-11
7.3366e-11,6.657e-11,3.6925e-11
1.7794e-10,1.4364e-10,1.8571e-10
1.4396e-10,8.1208e-11,6.1905e-11
4.896e-11,3.0226e-11,4.4537e-11
1.5234e-10,1.5657e-10,1.7052e-10
1.3755e-10,1.0352e-10,9.3579e-11
4.1644e-11,2.8605e-11,4.9081e-11
4.3085e-11,3.2619e-11,4.4233e-11
1.0507e-10,1.1114e-10,6.4333e-11
3.9723e-11,2.013e-11,3.5238e-11
3.4465e-11,1.8716e-11,3.163e-11
1.0663e-10,1.1566e-10,1.0152e-10
1.472e-10,1.2964e-10,1.1553e-10
5.1467e-11,5.3442e-11,6.7773e-11
3.2008e-11,1.8355e-11,2.9492e-11
5.1796e-11,5.5736e-11,3.1399e-11
3.1409e-11,1.9954e-11,2.8266e-11
6.5072e-11,7.1123e-11,3.0455e-11
3.8044e-10,2.3477e-10,1.2498e-10
3.5479e-10,2.0775e-10,1.0842e-10
3.1097e-10,1.8085e-10,6.2435e-11
4.0774e-10,1.8563e-10,3.7634e-11
2.1924e-11,2.6247e-11,3.0644e-11
2.4706e-11,3.1972e-11,4.3998e-11
2.6412e-11,1.9714e-11,2.1902e-11
7.7822e-11,4.5371e-11,3.2902e-11
4.0892e-11,3.5786e-11,3.0707e-11
2.312e-10,9.2133e-11,3.4886e-11
1.1506e-10,5.8487e-11,4.2384e-11
4.5758e-11,2.7495e-11,2.7984e-11
1.9142e-10,6.4032e-11,6.6668e-11
2.6104e-11,2.5746e-11,4.0554e-11
1.3592e-11,2.8553e-11,3.3393e-11
2.0734e-11,4.7981e-11,5.1281e-11
8.2693e-12,2.3152e-11,2.809e-11
1.9811e-11,3.2077e-11,3.5297e-11
1.6536e-10,2.2224e-11,1.1045e-10
1.5822e-10,2.9951e-11,1.0812e-10
1.2935e-10,4.6032e-11,8.9087e-11
2.4291e-10,6.5588e-11,1.1452e-10
1.1925e-10,3.4971e-11,6.877e-11
1.9123e-10,4.4852e-11,9.45e-11
2.2913e-10,6.6605e-11,9.9445e-11
8.6908e-11,3.6938e-11,5.9833e-11
2.4764e-10,8.0972e-11,1.2962e-10
5.4948e-11,2.0513e-11,5.168e-11
5.7787e-11,5.087e-11,5.302e-11
4.803e-11,2.5791e-11,4.2553e-11
6.2486e-11,5.758e-11,8.2552e-11
1.3861e-10,1.5411e-10,1.3699e-10
6.0318e-11,5.6363e-11,7.4802e-11
2.4767e-10,2.2258e-10,1.3459e-10
8.2068e-11,9.2754e-11,5.9224e-11
4.2361e-11,4.1459e-11,5.6057e-11
9.042e-11,8.4491e-11,6.0496e-11
5.6932e-11,6.0172e-11,7.2887e-11
7.768e-11,7.0474e-11,5.1802e-11
9.225e-11,8.6001e-11,5.922e-11
2.0471e-10,1.3971e-10,1.0282e-10
3.0482e-10,1.9535e-10,9.6526e-11
4.0567e-10,2.0946e-10,1.2058e-10
7.4612e-11,5.335e-11,4.0177e-11
2.4198e-11,2.676e-11,3.6923e-11
5.4216e-11,8.8739e-11,9.3223e-11
2.9905e-11,2.1862e-11,3.0885e-11
2.2406e-11,2.2994e-11,2.9051e-11
4.3594e-11,7.0787e-11,7.9352e-11
2.4309e-11,2.4213e-11,3.7982e-11
2.425e-10,8.9186e-11,5.0021e-11
1.6391e-10,6.9847e-11,6.2952e-11
1.7385e-11,1.7576e-11,2.5172e-11
3.4981e-11,2.1552e-11,2.4961e-11
1.8121e-11,2.2979e-11,2.7548e-11
1.1146e-11,2.7639e-11,3.0489e-11
3.4169e-11,9.0404e-11,8.2708e-11
3.3363e-11,2.5292e-11,2.8621e-11
1.8361e-10,2.5632e-11,1.188e-10
9.7398e-11,3.2946e-11,7.5716e-11
1.0449e-10,2.7372e-11,5.9147e-11
5.4643e-11,2.5339e-11,5.4775e-11
5.4099e-11,2.3559e-11,4.5046e-11
9.6694e-11,4.7069e-11,5.683e-11
6.4739e-11,4.8408e-11,8.322e-11
4.7689e-11,3.1198e-11,3.6131e-11
1.3175e-10,9.1775e-11,7.9732e-11
1.4249e-10,9.0905e-11,8.9861e-11
3.57e-11,2.9279e-11,3.2676e-11
4.673e-11,4.0566e-11,5.9099e-11
4.0792e-11,3.2735e-11,4.7814e-11
3.3094e-11,1.7955e-11,2.9921e-11
3.6457e-11,2.9282e-11,4.2923e-11
5.9018e-11,6.6235e-11,2.9531e-11
3.4672e-10,2.3198e-10,1.4282e-10
5.6782e-11,5.8715e-11,3.204e-11
4.9706e-11,5.6958e-11,6.9988e-11
2.7832e-11,2.7572e-11,3.6545e-11
7.0894e-11,5.6677e-11,5.4041e-11
4.0991e-11,2.7004e-11,3.2315e-11
5.0314e-11,2.3612e-11,3.1108e-11
3.1043e-11,3.8832e-11,4.5656e-11
4.2265e-11,5.2744e-11,6.5783e-11
2.0693e-11,2.3905e-11,4.0785e-11
3.6765e-11,4.1618e-11,3.4003e-11
2.1623e-11,2.4052e-11,3.8641e-11
4.1446e-11,6.4514e-11,7.4251e-11
4.8321e-11,7.9939e-11,8.7514e-11
4.0433e-11,2.5465e-11,2.5814e-11
1.5342e-10,8.7711e-11,4.4336e-11
2.275e-10,7.9319e-11,4.5704e-11
2.942e-11,3.3378e-11,3.8312e-11
2.1309e-11,2.8679e-11,3.3652e-11
1.2909e-11,2.5434e-11,2.8312e-11
1.874e-11,3.6143e-11,4.5353e-11
2.0984e-11,3.1606e-11,3.6869e-11
2.2557e-11,2.4525e-11,3.754e-11
2.3241e-11,2.6608e-11,2.9308e-11
2.7219e-11,2.8296e-11,3.1778e-11
2.4835e-11,2.2487e-11,3.2263e-11
2.5386e-11,3.0255e-11,3.3458e-11
1.9967e-10,5.6089e-11,1.104e-10
8.4028e-11,2.962e-11,7.7341e-11
1.5653e-10,6.0085e-11,7.9291e-11
5.586e-11,3.1763e-11,6.378e-11
5.7086e-11,2.666e-11,5.585e-11
8.0932e-11,6.1801e-11,5.988e-11
4.3711e-11,2.4518e-11,4.7079e-11
6.5564e-11,7.4711e-11,3.1359e-11
3.7292e-11,2.2662e-11,3.3359e-11
8.5421e-11,6.5125e-11,6.8064e-11
3.6127e-11,2.7833e-11,4.2983e-11
3.9531e-11,3.0375e-11,3.9922e-11
3.0869e-11,1.9114e-11,3.3907e-11
3.3727e-11,1.7921e-11,3.0475e-11
3.2939e-11,1.8215e-11,3.08e-11
3.1172e-11,2.098e-11,2.8405e-11
3.7432e-11,3.1687e-11,3.7005e-11
4.7228e-11,3.9244e-11,4.1386e-11
5.6902e-11,6.3477e-11,3.0249e-11
9.2108e-11,1.0345e-10,4.4224e-11
5.6977e-11,5.7217e-11,2.9979e-11
4.624e-11,5.1163e-11,6.4442e-11
4.4275e-11,5.3108e-11,2.6796e-11
2.3025e-10,1.3047e-10,5.9384e-11
3.9792e-10,2.1215e-10,9.7776e-11
1.8039e-10,9.8388e-11,6.6195e-11
2.4278e-10,1.2844e-10,5.8413e-11
2.2826e-10,1.2324e-10,5.3039e-11
3.4813e-11,2.3591e-11,2.6144e-11
1.6342e-10,6.92e-11,6.357e-11
2.24e-10,1.1325e-10,4.8106e-11
2.0362e-10,8.0847e-11,5.0605e-11
2.162e-10,8.5032e-11,5.2235e-11
2.4182e-11,2.4521e-11,2.6119e-11
3.608e-11,5.3998e-11,6.3021e-11
1.0219e-10,6.1669e-11,3.2588e-11
3.0866e-11,2.2776e-11,4.9568e-11
2.1395e-11,3.4417e-11,4.1535e-11
2.1135e-11,2.9045e-11,2.6547e-11
1.9392e-11,2.4965e-11,2.9048e-11
2.6674e-11,6.6124e-11,6.6948e-11
2.1971e-11,5.2914e-11,6.1992e-11
1.3379e-11,2.2798e-11,3.4718e-11
2.2244e-10,3.7898e-11,1.2727e-10
1.0263e-10,2.9403e-11,8.7029e-11
8.8923e-11,2.9179e-11,8.0137e-11
2.2699e-10,5.7276e-11,1.0894e-10
2.2275e-10,6.5185e-11,9.5555e-11
1.0229e-10,4.13e-11,5.8625e-11
6.8761e-11,3.8901e-11,7.5889e-11
5.0557e-11,1.7497e-11,4.3944e-11
6.2059e-11,4.4896e-11,7.8097e-11
1.2847e-10,5.9177e-11,7.8781e-11
1.3371e-10,1.1135e-10,1.2431e-10
3.6586e-11,3.9179e-11,3.0312e-11
5.5716e-11,5.8398e-11,7.2117e-11
3.1533e-11,3.1071e-11,2.8633e-11
8.0408e-11,7.0473e-11,6.1692e-11
5.3743e-11,5.3738e-11,6.9453e-11
7.3001e-11,6.9961e-11,4.0674e-11
2.8721e-11,2.7476e-11,3.7101e-11
2.1204e-10,1.2813e-10,6.3944e-11
1.0947e-10,7.2185e-11,5.009e-11
5.4749e-11,6.6178e-11,7.8276e-11
2.5315e-11,4.1047e-11,5.214e-11
9.3115e-11,6.7899e-11,3.1034e-11
4.0665e-11,3.2121e-11,4.135e-11
1.578e-10,6.6877e-11,6.2603e-11
1.071e-10,6.878e-11,3.6363e-11
1.8205e-10,6.21e-11,5.9394e-11
1.8035e-11,2.4763e-11,3.2463e-11
1.7599e-11,1.7662e-11,2.5392e-11
2.5052e-11,2.0983e-11,3.6464e-11
3.7781e-11,6.7465e-11,6.7582e-11
2.7722e-11,4.7375e-11,5.1679e-11
5.5313e-11,1.0962e-10,1.0042e-10
3.0746e-11,1.7766e-11,3.3813e-11
3.0245e-11,3.3384e-11,4.1141e-11
1.492e-11,2.4465e-11,3.2671e-11
2.743e-11,2.0752e-11,2.7556e-11
2.5344e-11,2.2686e-11,2.5943e-11
1.801e-11,3.9834e-11,4.6777e-11
1.548e-10,1.7116e-11,1.0357e-10
1.0239e-10,3.2115e-11,8.4506e-11
9.9502e-11,2.3692e-11,8.0716e-11
1.2388e-10,1.8044e-11,6.8128e-11
1.9691e-10,4.0362e-11,9.2423e-11
3.2297e-10,7.3423e-11,1.3132e-10
2.7638e-10,7.272e-11,1.1102e-10
5.6561e-11,2.2995e-11,4.7505e-11
2.8689e-10,1.0616e-10,2.0333e-10
5.1649e-11,2.4587e-11,4.3428e-11
1.1178e-10,4.1353e-11,5.9004e-11
9.8041e-11,4.6205e-11,5.2644e-11
5.9561e-11,4.5679e-11,7.4023e-11
3.8468e-11,3.5212e-11,3.7946e-11
1.3087e-10,1.135e-10,1.2705e-10
3.4853e-11,1.5325e-11,3.0892e-11
3.4765e-11,1.7638e-11,3.0676e-11
5.7786e-11,5.9049e-11,7.7322e-11
3.2038e-11,3.5862e-11,2.9507e-11
3.1903e-11,2.4049e-11,3.4213e-11
3.6032e-11,3.1667e-11,4.86e-11
3.287e-11,2.8822e-11,4.4537e-11
3.0293e-11,2.5695e-11,3.7447e-11
2.8265e-11,2.8524e-11,3.7488e-11
5.8017e-11,4.9731e-11,4.4308e-11
2.3531e-11,1.7411e-11,2.3593e-11
6.3339e-11,5.5931e-11,4.3643e-11
2.5898e-11,2.1224e-11,2.8121e-11
3.6771e-11,4.6548e-11,5.1098e-11
9.507e-11,6.5171e-11,5.3487e-11
1.2823e-10,7.5783e-11,5.124e-11
2.4959e-11,2.9848e-11,3.8126e-11
2.2951e-10,1.2169e-10,3.7694e-11
4.3501e-11,3.7561e-11,2.6987e-11
1.1379e-10,6.1021e-11,4.31e-11
1.9486e-11,2.6572e-11,3.6314e-11
1.6345e-11,1.7297e-11,2.7753e-11
1.4115e-11,2.2405e-11,2.6222e-11
1.153e-10,2.7555e-11,1.0011e-10
8.8257e-11,2.1106e-11,7.1623e-11
1.1199e-10,1.7426e-11,6.5148e-11
5.9509e-11,2.19e-11,4.8592e-11
6.5029e-11,3.6886e-11,7.2098e-11
6.2832e-11,4.7449e-11,7.5227e-11
1.4813e-10,5.5396e-11,8.2307e-11
1.5371e-10,1.0227e-10,1.2348e-10
4.8553e-11,7.1493e-11,2.8027e-11
3.3549e-11,1.9874e-11,2.946e-11
3.0909e-11,3.0688e-11,2.8793e-11
3.1961e-11,1.7372e-11,3.0789e-11
4.8951e-11,5.8036e-11,2.7253e-11
2.1214e-10,1.9855e-10,1.3963e-10
6.4057e-11,6.4203e-11,3.9596e-11
2.9663e-11,2.358e-11,3.6496e-11
3.0411e-10,2.2245e-10,1.2923e-10
3.5371e-11,3.2657e-11,4.5534e-11
3.9652e-11,4.5131e-11,3.0116e-11
4.698e-11,4.7062e-11,2.923e-11
8.6929e-11,6.2044e-11,5.9021e-11
1.4278e-10,9.3839e-11,7.5005e-11
7.8307e-11,5.5919e-11,5.3628e-11
3.6571e-10,1.9389e-10,7.7902e-11
1.8625e-10,1.0168e-10,5.5382e-11
3.1086e-10,1.4989e-10,1.0375e-10
3.9106e-11,3.6697e-11,4.9512e-11
2.0688e-10,1.0009e-10,4.6018e-11
2.4055e-11,2.18e-11,3.2622e-11
7.249e-11,4.2732e-11,3.5841e-11
2.4803e-11,3.7801e-11,4.8654e-11
1.7407e-11,2.18e-11,2.7843e-11
7.9492e-11,6.4268e-11,3.8402e-11
1.8046e-10,6.1786e-11,5.3792e-11
1.0782e-10,6.6432e-11,3.073e-11
2.4344e-11,2.6819e-11,3.6967e-11
3.7465e-11,2.4892e-11,3.4742e-11
4.8834e-11,9.7636e-11,8.7815e-11
4.4921e-11,8.2541e-11,7.4417e-11
2.4204e-11,2.5514e-11,2.7489e-11
1.5375e-11,2.1731e-11,3.1916e-11
1.3198e-10,2.0233e-11,9.9012e-11
5.9154e-11,2.0233e-11,5.3234e-11
7.218e-11,1.6394e-11,5.5606e-11
2.6968e-10,1.0246e-10,1.8759e-10
2.472e-10,1.0005e-10,1.6987e-10
4.2754e-11,3.261e-11,5.5911e-11
1.1543e-10,1.2703e-10,1.5081e-10
3.2137e-11,2.0124e-11,3.5574e-11
5.5631e-11,6.7853e-11,4.6555e-11
3.5774e-11,3.9499e-11,2.7218e-11
3.0985e-11,1.665e-11,2.9535e-11
4.243e-11,4.1479e-11,5.4316e-11
2.0931e-10,1.8522e-10,1.4694e-10
3.3081e-10,2.1334e-10,1.073e-10
2.7756e-11,2.6068e-11,2.7301e-11
2.4281e-11,2.1114e-11,2.777e-11
3.3591e-11,3.9025e-11,4.7079e-11
3.649e-11,3.9865e-11,4.7674e-11
1.071e-10,6.5762e-11,5.4383e-11
7.4862e-11,4.4312e-11,3.2383e-11
5.4712e-11,9.069e-11,9.4243e-11
2.3086e-11,2.1405e-11,2.5773e-11
1.8361e-10,6.3848e-11,3.8662e-11
3.0217e-11,4.1748e-11,4.3411e-11
1.4149e-11,2.0318e-11,3.4789e-11
1.3187e-11,2.098e-11,2.8859e-11
2.9575e-11,1.6528e-11,3.1383e-11
1.1455e-11,2.2226e-11,2.9142e-11
2.0103e-11,2.8138e-11,3.1753e-11
1.5712e-10,1.5564e-11,1.1063e-10
3.1012e-10,6.8112e-11,1.2465e-10
1.6447e-10,3.2707e-11,8.2653e-11
6.555e-11,1.773e-11,4.9484e-11
6.0377e-11,3.9433e-11,7.1625e-11
5.9604e-11,3.6676e-11,6.3712e-11
4.3044e-11,1.4775e-11,3.8993e-11
8.7983e-11,5.4831e-11,5.0325e-11
5.454e-11,4.1342e-11,6.7025e-11
3.8673e-11,2.2111e-11,3.4249e-11
3.4252e-11,2.461e-11,3.9148e-11
3.3743e-11,1.7844e-11,3.1894e-11
3.7085e-11,3.2362e-11,3.5719e-11
6.889e-11,6.22e-11,5.422e-11
5.7392e-11,5.1843e-11,5.1788e-11
3.1733e-11,2.8296e-11,3.8823e-11
6.5409e-11,6.7055e-11,3.4323e-11
2.7888e-11,2.6379e-11,3.6452e-11
1.875e-10,1.29e-10,8.2498e-11
1.4269e-10,9.032e-11,5.5097e-11
4.146e-11,4.3419e-11,5.4711e-11
6.0431e-11,4.7405e-11,2.6041e-11
1.7384e-10,7.0279e-11,4.5754e-11
1.4966e-10,7.0663e-11,4.789e-11
1.5712e-11,1.984e-11,2.8277e-11
1.2475e-10,6.6405e-11,5.11e-11
1.615e-10,7.3643e-11,4.674e-11
5.628e-11,3.9177e-11,3.5166e-11
1.4957e-11,2.2109e-11,3.0469e-11
2.1238e-10,7.096e-11,4.3709e-11
7.367e-11,5.4591e-11,3.7098e-11
3.2422e-11,4.6597e-11,4.7115e-11
2.559e-11,1.7673e-11,2.9128e-11
1.8444e-11,3.239e-11,3.7561e-11
1.9901e-11,2.2128e-11,2.6595e-11
1.5312e-10,1.2983e-11,9.8331e-11
1.3999e-10,2.5982e-11,9.753e-11
1.1818e-10,1.5685e-11,7.7779e-11
2.4631e-10,4.5574e-11,1.291e-10
2.9601e-10,6.0695e-11,1.3691e-10
3.0955e-10,8.2022e-11,1.1974e-10
5.9917e-11,2.6139e-11,5.9112e-11
1.282e-10,3.2308e-11,7.4264e-11
5.2846e-11,2.3227e-11,4.3547e-11
1.7685e-10,4.6267e-11,8.896e-11
4.7005e-11,2.3482e-11,4.273e-11
4.2853e-11,2.5366e-11,4.9657e-11
1.312e-10,1.6294e-10,1.6808e-10
5.889e-11,5.7622e-11,5.3776e-11
1.2169e-10,1.3482e-10,1.5483e-10
3.4892e-11,3.5822e-11,3.0716e-11
6.6441e-11,6.491e-11,5.169e-11
3.7371e-11,3.4418e-11,4.7052e-11
3.024e-11,2.4833e-11,2.887e-11
4.2231e-11,4.4899e-11,2.9869e-11
7.8503e-11,5.8067e-11,5.693e-11
4.1989e-11,3.8896e-11,2.6196e-11
7.0722e-11,5.5135e-11,3.9508e-11
3.9257e-11,4.746e-11,2.8713e-11
1.6892e-10,7.2097e-11,6.6816e-11
5.0451e-11,3.2037e-11,2.8898e-11
6.1145e-11,8.7937e-11,9.3854e-11
2.5391e-11,2.5612e-11,2.8463e-11
1.789e-11,1.9617e-11,2.6615e-11
4.7854e-11,8.9682e-11,7.848e-11
1.0458e-11,1.9576e-11,2.6456e-11
2.5317e-11,1.9303e-11,2.9469e-11
1.5059e-11,2.3656e-11,2.6656e-11
1.9104e-11,2.4588e-11,2.6887e-11
2.9065e-11,2.6378e-11,2.6565e-11
1.3906e-10,1.0693e-11,9.7678e-11
1.6672e-10,1.5628e-11,1.0801e-10
7.6097e-11,2.1285e-11,6.575e-11
1.1237e-10,1.7377e-11,6.851e-11
5.7993e-11,2.6372e-11,4.6599e-11
5.7906e-11,1.6474e-11,4.6109e-11
4.9199e-11,2.2393e-11,4.2943e-11
4.2212e-11,1.5494e-11,3.9485e-11
4.7125e-11,2.2095e-11,4.2355e-11
9.6456e-11,5.0037e-11,5.0932e-11
1.9814e-10,1.2101e-10,1.8894e-10
3.9124e-11,1.6372e-11,3.6417e-11
5.7229e-11,5.2845e-11,7.5799e-11
4.3206e-11,3.2123e-11,4.1692e-11
2.9876e-11,2.5849e-11,3.7755e-11
2.5882e-11,1.8863e-11,2.8485e-11
2.707e-10,2.0593e-10,1.32e-10
4.2683e-11,4.4489e-11,2.797e-11
6.7059e-11,4.7271e-11,6.7061e-11
4.1575e-11,4.2077e-11,5.3064e-11
2.0532e-10,1.5818e-10,6.5824e-11
5.7009e-11,5.8173e-11,3.0135e-11
4.3444e-11,3.764e-11,3.3407e-11
2.4845e-11,3.0216e-11,2.9566e-11
1.8236e-10,1.0342e-10,3.5246e-11
8.6168e-11,6.0091e-11,4.8911e-11
2.4454e-11,2.7848e-11,3.4475e-11
4.4816e-11,3.6587e-11,3.3408e-11
1.82e-11,1.8357e-11,2.6358e-11
2.8434e-11,2.0881e-11,2.6643e-11
1.934e-11,2.1712e-11,2.7833e-11
3.9126e-11,8.1211e-11,6.8691e-11
2.4174e-11,4.2056e-11,4.2125e-11
2.4966e-11,2.3904e-11,3.1332e-11
8.0908e-11,2.1987e-11,7.7475e-11
7.9138e-11,1.9351e-11,7.1365e-11
1.9578e-10,3.3124e-11,9.4737e-11
6.3018e-11,2.985e-11,6.8047e-11
4.3527e-11,1.9808e-11,4.7842e-11
5.2404e-11,3.4207e-11,5.7418e-11
1.2019e-10,4.3526e-11,5.8088e-11
8.8528e-11,5.2451e-11,6.139e-11
3.8982e-11,2.5763e-11,4.6855e-11
1.6862e-10,9.5348e-11,1.2239e-10
3.755e-11,1.5649e-11,3.2008e-11
3.9202e-11,4.0271e-11,2.7959e-11
5.01e-11,6.7528e-11,4.1913e-11
3.9384e-11,4.311e-11,2.7107e-11
6.181e-11,4.3812e-11,5.2179e-11
2.9624e-11,2.3961e-11,3.7733e-11
4.4881e-11,4.5354e-11,5.6728e-11
2.7499e-11,2.6793e-11,2.7311e-11
4.7053e-11,4.869e-11,2.8139e-11
8.4308e-11,6.1561e-11,5.1443e-11
1.3003e-10,8.9444e-11,6.1229e-11
3.8388e-11,5.1123e-11,5.7456e-11
4.1946e-11,5.6889e-11,6.7151e-11
3.8883e-11,3.3711e-11,2.772e-11
1.8983e-11,2.3002e-11,2.8612e-11
8.9113e-11,6.8311e-11,3.5812e-11
7.6027e-11,5.6155e-11,3.0674e-11
6.4382e-11,5.0431e-11,2.6604e-11
2.9599e-11,1.88e-11,3.0003e-11
7.2723e-11,4.6788e-11,3.71e-11
2.5513e-11,2.4325e-11,2.4159e-11
2.8947e-11,4.4834e-11,4.6041e-11
4.6275e-11,4.0287e-11,2.775e-11
1.8587e-10,6.5494e-11,3.3435e-11
1.1872e-11,2.1823e-11,2.5663e-11
3.071e-11,2.4245e-11,4.8891e-11
2.8856e-11,2.9772e-11,3.7361e-11
4.8267e-11,8.0743e-11,6.9705e-11
1.1602e-11,2.2753e-11,3.0154e-11
2.4527e-11,2.4226e-11,2.761e-11
2.459e-11,2.3036e-11,3.0648e-11
1.0733e-10,1.7595e-11,9.215e-11
1.001e-10,1.959e-11,9.2135e-11
1.0516e-10,2.0386e-11,8.6151e-11
2.0078e-10,3.5736e-11,1.1906e-10
6.7587e-11,2.9011e-11,7.1275e-11
5.4944e-11,2.6895e-11,6.2018e-11
5.773e-11,1.6621e-11,4.5269e-11
5.6718e-11,1.8539e-11,4.5879e-11
1.0278e-10,3.8814e-11,6.3096e-11
7.0712e-11,3.4748e-11,4.9161e-11
8.3664e-11,2.6433e-11,5.6032e-11
4.4184e-11,1.6723e-11,4.1944e-11
1.8707e-10,1.5599e-10,2.0014e-10
3.6977e-11,2.2319e-11,3.6642e-11
1.1986e-10,1.894e-10,1.867e-10
3.9206e-11,1.6812e-11,3.3717e-11
1.2844e-10,1.9571e-10,2.0078e-10
4.91e-11,4.2531e-11,5.1732e-11
3.9057e-11,5.3073e-11,3.3294e-11
2.1704e-10,2.1936e-10,1.4777e-10
4.1014e-11,3.3035e-11,4.1989e-11
2.8623e-11,2.6181e-11,3.9867e-11
5.2837e-11,5.758e-11,6.9545e-11
6.5662e-11,6.5527e-11,4.5108e-11
5.1993e-11,5.9963e-11,6.9909e-11
3.1655e-11,2.6592e-11,2.5082e-11
1.3173e-10,6.8313e-11,5.7462e-11
2.3412e-11,2.7932e-11,3.7999e-11
5.3901e-11,6.2857e-11,7.392e-11
1.4887e-10,7.3382e-11,4.8848e-11
1.5922e-10,9.0614e-11,4.8697e-11
2.1084e-11,1.9347e-11,2.657e-11
2.099e-11,2.7367e-11,3.219e-11
1.4093e-10,6.7459e-11,4.0907e-11
1.7384e-10,6.2709e-11,4.2991e-11
5.2869e-11,4.9224e-11,2.6447e-11
2.312e-11,2.6782e-11,3.2836e-11
3.3347e-11,3.0391e-11,3.3821e-11
3.4627e-11,3.7605e-11,4.2782e-11
4.6804e-11,4.4024e-11,3.1089e-11
2.1426e-11,2.3226e-11,2.6145e-11
1.8005e-11,2.3649e-11,3.5344e-11
2.3254e-11,3.7977e-11,4.0511e-11
1.3091e-11,2.226e-11,2.4872e-11
1.2565e-10,9.7886e-12,1.0813e-10
1.3969e-10,9.5459e-12,1.0544e-10
9.0748e-11,2.2726e-11,8.64e-11
6.4073e-11,2.6023e-11,6.5991e-11
5.9789e-11,1.9013e-11,5.4349e-11
2.1167e-10,4.9438e-11,8.3396e-11
1.1271e-10,3.2693e-11,6.5512e-11
1.5546e-10,4.243e-11,8.0844e-11
4.9544e-11,3.1484e-11,5.6977e-11
4.3401e-11,2.1873e-11,4.0403e-11
1.2981e-10,4.4741e-11,6.8841e-11
4.4656e-11,2.4743e-11,4.3542e-11
5.8396e-11,4.5257e-11,7.269e-11
3.1451e-11,2.4771e-11,3.5873e-11
2.5428e-10,1.9738e-10,1.3266e-10
2.4941e-11,1.6701e-11,2.6556e-11
2.6421e-11,2.034e-11,2.9425e-11
4.7896e-11,5.4268e-11,6.5339e-11
1.6252e-10,1.5614e-10,8.7217e-11
2.3691e-11,2.4147e-11,2.3163e-11
4.8769e-11,5.2341e-11,6.3035e-11
2.4423e-11,1.4528e-11,2.2459e-11
5.4555e-11,6.3052e-11,7.4075e-11
2.2593e-11,1.7605e-11,2.1817e-11
5.9839e-11,5.014e-11,2.9818e-11
2.274e-11,2.3304e-11,2.4719e-11
2.1609e-11,2.4669e-11,3.4679e-11
5.7338e-11,6.8911e-11,7.9378e-11
5.9296e-11,4.7539e-11,3.1694e-11
1.9084e-10,6.8553e-11,3.0181e-11
3.7045e-11,2.7434e-11,3.7892e-11
1.9488e-10,5.9916e-11,3.2768e-11
2.4974e-11,4.0768e-11,4.1693e-11
1.834e-11,2.5465e-11,2.911e-11
2.6811e-11,2.9461e-11,3.8975e-11
1.1971e-11,2.1443e-11,2.318e-11
2.5511e-11,2.373e-11,2.4747e-11
2.6374e-11,2.0553e-11,3.2895e-11
2.0044e-10,3.5203e-11,1.266e-10
2.907e-10,6.4122e-11,1.2591e-10
3.4966e-10,1.0799e-10,2.0061e-10
4.8553e-11,2.118e-11,5.1006e-11
3.9867e-11,3.4233e-11,3.4883e-11
4.6204e-11,3.019e-11,5.247e-11
2.2101e-10,9.1182e-11,1.8561e-10
6.2723e-11,4.7491e-11,8.0525e-11
1.5968e-10,6.6055e-11,9.8895e-11
4.6075e-11,4.2065e-11,5.8361e-11
4.3623e-11,2.5981e-11,4.5527e-11
1.847e-10,1.9414e-10,1.6629e-10
9.2679e-11,1.5005e-10,1.1896e-10
4.2612e-11,4.3469e-11,5.6922e-11
8.947e-11,8.2279e-11,8.5118e-11
2.765e-11,3.2221e-11,4.1971e-11
2.4521e-11,2.7374e-11,3.4762e-11
9.7061e-11,6.1467e-11,7.2376e-11
2.1867e-11,2.2841e-11,3.0592e-11
1.0945e-10,6.4466e-11,5.834e-11
2.3495e-11,2.8057e-11,2.5735e-11
6.146e-11,4.3e-11,3.4881e-11
4.5772e-11,5.9232e-11,6.7447e-11
3.0162e-11,3.8203e-11,4.4949e-11
1.8688e-11,2.5289e-11,3.0636e-11
2.7617e-11,2.5234e-11,3.2105e-11
3.9884e-11,3.5513e-11,3.2142e-11
4.5663e-11,4.2986e-11,3.0054e-11
9.5598e-11,5.9403e-11,4.8418e-11
3.8375e-11,2.5938e-11,4.2478e-11
3.9514e-11,2.5561e-11,4.2013e-11
3.1941e-11,4.8541e-11,4.5066e-11
1.974e-11,3.265e-11,3.3672e-11
6.6407e-11,5.9427e-11,4.5428e-11
2.2669e-11,3.749e-11,3.9977e-11
1.8054e-11,1.9163e-11,2.6534e-11
5.1558e-11,7.9144e-11,6.7165e-11
1.1153e-11,2.179e-11,2.276e-11
2.0935e-11,2.3252e-11,2.391e-11
9.9482e-11,1.8344e-11,9.4939e-11
2.2554e-10,4.4463e-11,9.6514e-11
3.727e-10,9.7674e-11,1.7074e-10
6.4243e-11,3.1083e-11,6.8834e-11
6.1644e-11,1.6722e-11,4.9449e-11
1.7432e-10,3.9788e-11,8.2608e-11
1.9293e-10,6.9066e-11,1.0225e-10
4.4824e-11,2.4257e-11,4.3515e-11
5.7444e-11,4.3315e-11,7.2269e-11
4.0877e-11,2.618e-11,4.924e-11
3.1759e-11,1.9575e-11,3.5776e-11
3.2955e-11,1.7498e-11,3.0789e-11
5.2574e-11,5.506e-11,7.011e-11
2.5393e-11,1.5092e-11,2.6308e-11
1.221e-10,1.4549e-10,1.4829e-10
2.7375e-11,2.0534e-11,3.1263e-11
2.3868e-11,1.7488e-11,2.7539e-11
1.3125e-10,1.5137e-10,8.2943e-11
2.2886e-11,1.8612e-11,3.2791e-11
6.4274e-11,5.8804e-11,4.1761e-11
3.1704e-11,2.9258e-11,3.1268e-11
3.5466e-11,3.2461e-11,3.037e-11
1.6708e-11,1.9659e-11,2.2557e-11
2.1241e-11,2.5508e-11,2.604e-11
1.4794e-10,6.7033e-11,4.7079e-11
6.0416e-11,8.3849e-11,9.0867e-11
1.696e-10,6.5456e-11,3.6846e-11
3.9629e-11,3.7959e-11,3.4984e-11
1.7948e-10,6.2515e-11,4.6832e-11
3.1462e-11,2.7748e-11,3.6226e-11
2.5672e-11,4.1355e-11,4.2463e-11
4.4809e-11,3.73e-11,3.6596e-11
1.9474e-11,3.2266e-11,3.272e-11
2.4242e-11,3.0227e-11,3.645e-11
2.2479e-11,2.0624e-11,2.5729e-11
5.2417e-11,6.019e-11,4.9682e-11
2.0869e-11,2.2672e-11,2.8788e-11
1.9387e-11,3.246e-11,3.7631e-11
1.0792e-10,9.6159e-12,1.0019e-10
1.0833e-10,8.8455e-12,1.0481e-10
2.7427e-10,6.2008e-11,1.3475e-10
9.78e-11,1.767e-11,7.5376e-11
2.7516e-10,6.0476e-11,1.2046e-10
1.2657e-10,2.0081e-11,7.9753e-11
6.7452e-11,1.7519e-11,5.7232e-11
6.4895e-11,3.0956e-11,6.9994e-11
4.3047e-11,2.4245e-11,3.5907e-11
4.1461e-11,2.1217e-11,4.1113e-11
3.7604e-11,2.4455e-11,3.324e-11
1.222e-10,1.3252e-10,1.516e-10
2.4639e-11,1.7974e-11,2.8978e-11
2.338e-10,1.8842e-10,1.0855e-10
9.2532e-11,9.2261e-11,8.062e-11
2.2509e-11,2.3702e-11,3.1373e-11
2.5049e-11,2.3825e-11,2.8645e-11
2.9993e-11,3.6043e-11,2.5898e-11
2.3342e-11,1.7666e-11,3.386e-11
1.9099e-11,2.2411e-11,2.3364e-11
3.0409e-11,3.7828e-11,4.2444e-11
1.805e-11,2.4048e-11,2.847e-11
3.0205e-11,3.7104e-11,2.9193e-11
1.7025e-11,2.19e-11,2.9316e-11
4.3371e-11,4.1331e-11,3.3066e-11
1.8801e-10,6.2424e-11,3.7338e-11
2.0335e-11,2.2301e-11,2.2282e-11
1.921e-11,2.3385e-11,2.5338e-11
2.2346e-11,2.7321e-11,3.4113e-11
3.664e-11,6.0818e-11,5.4095e-11
2.7024e-11,4.1905e-11,3.7179e-11
1.3281e-11,2.0758e-11,2.7323e-11
2.5438e-11,2.8209e-11,3.3981e-11
1.1252e-10,9.2747e-12,9.5043e-11
1.0146e-10,5.6536e-12,9.0488e-11
8.5385e-11,2.2602e-11,8.7331e-11
6.9987e-11,2.8444e-11,8.4553e-11
2.1777e-10,3.9244e-11,9.5224e-11
4.8261e-11,1.3194e-11,4.2673e-11
7.3635e-11,2.1548e-11,5.3625e-11
5.1939e-11,2.9915e-11,4.1914e-11
2.5635e-10,9.0339e-11,2.113e-10
3.6644e-11,4.6974e-11,3.2685e-11
3.0906e-11,1.5219e-11,2.8606e-11
1.4026e-10,8.7892e-11,1.6207e-10
5.2897e-11,5.0122e-11,7.0665e-11
9.1484e-11,1.3783e-10,1.2598e-10
3.1679e-11,2.9365e-11,3.7287e-11
3.0957e-11,3.9816e-11,3.6152e-11
2.0705e-10,1.8453e-10,1.0083e-10
2.8625e-11,3.2916e-11,3.8869e-11
3.9625e-11,3.6849e-11,2.7942e-11
2.3027e-11,2.4644e-11,3.1866e-11
3.5837e-11,3.0191e-11,2.8262e-11
1.8303e-11,1.6568e-11,2.725e-11
9.2621e-11,5.7833e-11,3.2913e-11
1.6072e-11,1.515e-11,2.2476e-11
1.6207e-10,6.3534e-11,2.6446e-11
3.2594e-11,2.637e-11,2.5967e-11
6.8466e-11,5.9432e-11,4.5428e-11
3.4894e-11,5.9534e-11,5.257e-11
2.0731e-11,2.6038e-11,3.2362e-11
1.1755e-11,2.1555e-11,2.4468e-11
9.6293e-11,1.7831e-11,9.971e-11
9.6699e-11,1.5178e-11,9.3842e-11
1.4839e-10,2.0187e-11,1.1346e-10
8.2146e-11,1.4325e-11,7.2421e-11
7.0806e-11,2.5046e-11,7.5784e-11
2.8609e-10,7.2453e-11,1.2165e-10
5.6443e-11,2.0742e-11,5.1714e-11
6.7131e-11,3.3825e-11,7.6679e-11
6.3297e-11,3.0542e-11,6.9623e-11
2.1664e-10,4.0853e-11,9.4911e-11
5.5204e-11,1.7729e-11,4.6374e-11
3.0821e-10,9.6549e-11,1.762e-10
6.1786e-11,1.652e-11,4.5682e-11
5.8945e-11,4.4164e-11,7.6475e-11
3.9669e-11,2.4477e-11,4.4675e-11
1.6331e-10,4.2719e-11,8.1705e-11
4.0941e-11,2.1552e-11,3.2545e-11
3.3018e-11,2.5456e-11,3.2433e-11
3.6488e-11,2.6397e-11,4.5885e-11
2.6919e-11,1.7103e-11,2.8042e-11
3.9398e-11,3.4237e-11,4.8735e-11
3.6253e-11,2.9825e-11,3.5319e-11
4.1717e-11,2.9966e-11,4.5769e-11
2.2433e-11,1.8551e-11,3.175e-11
3.7899e-11,3.8025e-11,4.5155e-11
5.2615e-11,3.986e-11,3.4053e-11
1.8107e-11,1.7078e-11,2.1445e-11
4.7028e-11,5.4596e-11,6.1571e-11
1.4891e-11,1.6252e-11,2.1122e-11
2.7141e-11,2.7835e-11,3.0344e-11
2.2428e-11,1.7487e-11,2.7197e-11
9.0544e-11,5.4166e-11,3.3282e-11
8.4543e-11,5.95e-11,3.4317e-11
2.9035e-11,2.6888e-11,2.6116e-11
1.5061e-11,1.7771e-11,2.1409e-11
2.3058e-11,2.3628e-11,2.793e-11
1.6339e-11,1.894e-11,2.6139e-11
1.4678e-10,5.6532e-11,4.2003e-11
1.6186e-11,2.2648e-11,2.6172e-11
1.4e-11,1.8122e-11,2.0849e-11
1.6688e-10,6.0119e-11,3.3104e-11
1.7632e-11,1.9103e-11,2.2703e-11
1.603e-11,2.9326e-11,3.0746e-11
1.9906e-11,1.9497e-11,2.8936e-11
1.4705e-11,2.518e-11,2.5404e-11
2.4579e-11,2.3604e-11,3.6712e-11
1.9789e-11,3.4565e-11,2.9699e-11
1.5652e-10,1.9662e-11,1.2331e-10
7.1914e-11,2.7134e-11,8.5029e-11
6.9708e-11,1.6137e-11,6.5622e-11
6.7067e-11,2.9163e-11,7.6281e-11
5.4892e-11,3.215e-11,6.587e-11
4.061e-11,1.8292e-11,4.5936e-11
4.1317e-11,1.5456e-11,3.5507e-11
6.2192e-11,5.3523e-11,8.3134e-11
3.5975e-11,2.7338e-11,3.2097e-11
1.6867e-10,7.8942e-11,1.6121e-10
2.7333e-11,1.7552e-11,2.8175e-11
1.0851e-10,6.7903e-11,1.1685e-10
7.9382e-11,8.8077e-11,1.039e-10
3.1129e-11,3.0851e-11,4.02e-11
3.4675e-11,3.8957e-11,2.7943e-11
5.1947e-11,5.8607e-11,7.1289e-11
6.9289e-11,4.9023e-11,5.2075e-11
6.9029e-11,4.9315e-11,5.1671e-11
2.4405e-11,1.7586e-11,2.417e-11
5.5514e-11,6.7847e-11,7.7758e-11
5.4155e-11,3.6992e-11,3.4736e-11
5.9476e-11,4.4446e-11,3.3525e-11
5.1785e-11,6.5102e-11,7.244e-11
1.796e-11,2.2987e-11,2.2896e-11
3.035e-11,2.5543e-11,2.661e-11
2.5105e-11,3.8071e-11,3.8015e-11
1.4319e-10,5.7598e-11,3.1398e-11
9.3035e-11,5.8862e-11,4.2996e-11
2.825e-11,2.9564e-11,3.4714e-11
3.1456e-11,3.6419e-11,3.3994e-11
2.9398e-11,2.7776e-11,3.6055e-11
1.3523e-11,1.9609e-11,2.4036e-11
1.4733e-11,2.1301e-11,2.2134e-11
1.665e-11,1.9975e-11,3.3197e-11
8.7441e-11,1.2985e-11,8.2814e-11
1.3167e-10,3.3488e-11,8.49e-11
2.8641e-10,7.4395e-11,1.1387e-10
3.0693e-10,8.596e-11,1.3026e-10
5.1055e-11,1.9605e-11,5.4542e-11
6.0482e-11,3.7517e-11,7.1062e-11
2.5021e-10,1.2692e-10,1.9815e-10
1.4624e-10,4.0269e-11,7.3766e-11
5.5168e-11,5.1343e-11,7.3068e-11
1.1472e-10,1.8983e-10,1.5914e-10
1.1919e-10,4.6317e-11,9.6846e-11
1.0089e-10,1.3054e-10,1.3862e-10
3.299e-11,3.2972e-11,4.7809e-11
1.2114e-10,1.6506e-10,1.2101e-10
2.8315e-11,2.1774e-11,3.2466e-11
2.1625e-11,2.0799e-11,2.8181e-11
7.1672e-11,5.8643e-11,7.0467e-11
6.7263e-11,6.1549e-11,5.1924e-11
2.2529e-11,1.7494e-11,2.4904e-11
4.6484e-11,3.6609e-11,3.8594e-11
2.5201e-11,2.5648e-11,2.9079e-11
2.4668e-11,2.651e-11,2.9895e-11
2.0606e-11,2.3853e-11,2.7035e-11
2.1461e-11,1.6077e-11,2.3156e-11
2.1687e-11,1.7129e-11,2.8198e-11
6.6697e-11,4.1092e-11,3.6651e-11
1.5771e-11,1.8532e-11,2.148e-11
4.349e-11,6.5527e-11,5.7102e-11
1.7814e-11,2.5985e-11,2.7135e-11
1.4612e-11,2.2279e-11,2.3724e-11
1.3072e-11,1.7406e-11,2.3958e-11
2.2171e-11,2.0737e-11,2.3324e-11
4.7175e-11,4.7694e-11,6.1641e-11
3.2118e-11,4.4476e-11,3.802e-11
2.0195e-11,2.6561e-11,2.7104e-11
9.0958e-11,1.7237e-11,9.6889e-11
7.9578e-11,1.9659e-11,8.3648e-11
2.9495e-10,7.5415e-11,1.2848e-10
6.5568e-11,1.3111e-11,6.3276e-11
1.5325e-10,3.1798e-11,1.0052e-10
5.5867e-11,2.5567e-11,6.6497e-11
6.0167e-11,1.4333e-11,5.4698e-11
5.6108e-11,2.5059e-11,6.6035e-11
5.1559e-11,2.3052e-11,5.2641e-11
4.957e-11,3.3564e-11,6.0651e-11
5.7023e-11,3.8961e-11,6.9376e-11
3.8265e-11,2.777e-11,4.6105e-11
4.1385e-11,3.6769e-11,5.6006e-11
2.6814e-11,1.4655e-11,2.7096e-11
9.1825e-11,4.7067e-11,9.2412e-11
2.2336e-11,1.4432e-11,2.8068e-11
6.1536e-11,7.708e-11,9.1104e-11
3.6544e-11,3.6922e-11,4.8436e-11
2.0936e-11,1.7579e-11,3.0669e-11
4.521e-11,3.8899e-11,4.1091e-11
2.5723e-11,3.567e-11,2.6763e-11
5.3856e-11,3.7074e-11,4.9748e-11
5.5861e-11,4.6498e-11,5.9828e-11
5.7185e-11,6.3649e-11,7.0884e-11
5.6436e-11,6.3097e-11,6.9051e-11
7.0706e-11,5.0501e-11,4.7452e-11
2.6454e-11,1.7168e-11,2.3441e-11
2.2967e-11,2.8347e-11,2.915e-11
2.5759e-11,2.8405e-11,2.5164e-11
5.153e-11,6.9166e-11,7.3119e-11
2.08e-11,1.7949e-11,2.7895e-11
1.6666e-11,1.6939e-11,2.3742e-11
2.4095e-11,3.3545e-11,3.4036e-11
2.3484e-11,1.8333e-11,2.5596e-11
3.1166e-11,2.5706e-11,2.7025e-11
2.3497e-11,3.6112e-11,3.4891e-11
1.4896e-11,2.1515e-11,2.2601e-11
2.9912e-11,2.9508e-11,4.4867e-11
3.1811e-11,3.9707e-11,3.4419e-11
8.6563e-11,1.2358e-11,8.7036e-11
6.9978e-11,2.0766e-11,7.1926e-11
6.7528e-11,2.8006e-11,7.8853e-11
6.019e-11,2.4925e-11,6.8054e-11
1.6747e-10,3.6741e-11,9.6398e-11
3.912e-11,1.5244e-11,3.7627e-11
5.5942e-11,3.6149e-11,6.8095e-11
6.2619e-11,4.4333e-11,7.6549e-11
1.5588e-10,3.9222e-11,7.5356e-11
5.6669e-11,1.965e-11,4.3161e-11
3.2552e-11,2.0239e-11,3.2156e-11
3.9805e-11,2.903e-11,4.8862e-11
5.466e-11,4.9603e-11,7.1685e-11
1.4634e-10,7.3467e-11,1.305e-10
1.1683e-10,6.4123e-11,9.6486e-11
4.0546e-11,3.5555e-11,5.4804e-11
3.4962e-11,3.171e-11,4.9289e-11
2.5253e-11,1.5957e-11,2.8309e-11
2.7213e-11,1.7511e-11,3.0978e-11
9.4854e-11,1.6138e-10,1.5077e-10
2.4152e-11,1.64e-11,3.0079e-11
2.5544e-11,2.0662e-11,3.4072e-11
2.3897e-11,1.6964e-11,3.1611e-11
3.2911e-11,3.9063e-11,3.1412e-11
2.3364e-11,1.8399e-11,3.4109e-11
5.0256e-11,5.707e-11,6.9233e-11
2.8776e-11,2.8833e-11,3.5725e-11
2.2198e-11,2.4375e-11,3.0729e-11
5.3268e-11,4.6313e-11,5.9933e-11
2.2429e-11,1.6599e-11,2.5108e-11
3.5994e-11,3.5706e-11,3.1122e-11
2.5983e-11,2.3225e-11,2.2442e-11
1.4682e-10,1.003e-10,8.7314e-11
2.8332e-11,3.3195e-11,3.933e-11
1.8317e-11,1.5173e-11,2.1547e-11
2.809e-11,2.2841e-11,3.0375e-11
6.93e-11,4.2929e-11,3.7563e-11
6.591e-11,5.9534e-11,3.7578e-11
5.7136e-11,4.7353e-11,3.3035e-11
7.1729e-11,4.4192e-11,3.5323e-11
4.4949e-11,4.4704e-11,5.285e-11
2.8896e-10,8.2039e-11,5.8908e-11
2.3399e-11,3.3508e-11,3.07e-11
1.926e-11,2.0704e-11,2.9528e-11
1.5382e-11,1.8689e-11,2.909e-11
1.896e-11,2.4231e-11,2.5871e-11
1.4884e-10,2.1562e-11,1.2619e-10
2.0179e-10,4.1212e-11,1.4134e-10
7.7965e-11,1.4838e-11,8.4015e-11
1.7368e-10,4.4466e-11,1.1149e-10
3.9626e-11,1.609e-11,4.1576e-11
8.7504e-11,2.0253e-11,5.8799e-11
6.395e-11,1.8083e-11,4.75e-11
3.8004e-11,2.3807e-11,3.1842e-11
3.7287e-11,2.1163e-11,3.2474e-11
7.7412e-11,4.2764e-11,7.4142e-11
3.0904e-11,3.0467e-11,3.1236e-11
3.5923e-11,3.4134e-11,2.8801e-11
2.1831e-11,1.766e-11,2.527e-11
6.6506e-11,4.7401e-11,7.9677e-11
4.8999e-11,5.4217e-11,6.1384e-11
3.5466e-11,3.7775e-11,2.4439e-11
6.1635e-11,4.2027e-11,4.0471e-11
3.1888e-11,3.7482e-11,4.2505e-11
4.5219e-11,4.4955e-11,2.6958e-11
5.1115e-11,4.7411e-11,2.6294e-11
2.7571e-11,1.8203e-11,2.3673e-11
2.1292e-11,2.0027e-11,2.5792e-11
1.9863e-11,1.7749e-11,2.3869e-11
2.7921e-11,3.172e-11,3.3652e-11
1.9409e-11,1.6763e-11,2.3214e-11
6.3249e-11,5.4099e-11,4.9122e-11
6.4821e-11,5.2726e-11,4.4411e-11
3.5342e-11,5.0958e-11,4.3061e-11
3.2799e-11,2.3091e-11,2.4982e-11
2.1286e-11,2.5289e-11,2.4624e-11
2.8867e-10,8.375e-11,4.6851e-11
3.2288e-10,9.8119e-11,6.6455e-11
1.1106e-10,1.0974e-11,1.0327e-10
1.5642e-10,2.5214e-11,1.27e-10
2.5094e-10,6.2806e-11,1.3908e-10
6.6364e-11,2.6862e-11,7.7825e-11
2.9855e-10,8.04e-11,1.2535e-10
6.1933e-11,2.8236e-11,7.1088e-11
6.2092e-11,1.1293e-11,5.1401e-11
2.1418e-10,4.4538e-11,1.029e-10
6.5609e-11,4.7184e-11,8.0695e-11
8.1852e-11,2.5877e-11,5.5785e-11
8.7442e-11,2.3158e-11,5.6325e-11
2.6719e-10,1.2364e-10,1.8321e-10
3.3438e-11,1.6224e-11,3.5282e-11
3.4371e-11,1.1372e-11,3.2267e-11
1.0349e-10,3.9076e-11,6.502e-11
4.596e-11,5.0012e-11,6.3128e-11
6.1813e-11,4.5266e-11,5.342e-11
2.8845e-11,2.6058e-11,2.8095e-11
3.1304e-11,2.8983e-11,3.7528e-11
2.3586e-11,1.8664e-11,2.4514e-11
3.8206e-11,4.5026e-11,5.135e-11
2.9426e-11,3.1919e-11,3.6537e-11
6.8554e-11,4.9724e-11,4.6945e-11
1.2243e-10,1.0532e-10,9.4253e-11
6.0078e-11,4.2546e-11,3.8484e-11
1.5803e-10,9.7224e-11,6.913e-11
2.0565e-10,9.6418e-11,4.2234e-11
2.0996e-10,9.846e-11,3.5584e-11
5.9143e-11,6.1193e-11,3.2894e-11
2.2407e-10,9.375e-11,4.1547e-11
6.0843e-11,8.0916e-11,8.1066e-11
3.3315e-11,2.369e-11,2.4156e-11
2.3474e-11,3.0247e-11,2.3795e-11
7.3775e-11,4.5919e-11,3.3664e-11
2.3305e-11,2.3355e-11,2.8212e-11
4.6114e-11,6.2257e-11,5.7508e-11
2.9014e-10,8.8518e-11,3.6423e-11
5.1302e-11,8.1552e-11,6.4061e-11
2.2208e-11,2.3272e-11,3.5251e-11
3.6385e-11,2.9259e-11,3.1264e-11
2.4284e-11,2.1971e-11,2.6299e-11
3.955e-11,4.8173e-11,5.4072e-11
3.1935e-10,9.6259e-11,5.2768e-11
1.5845e-11,2.2892e-11,2.3769e-11
1.7147e-11,2.1489e-11,2.7711e-11
3.2494e-10,1.0021e-10,8.2355e-11
1.0279e-10,6.8366e-12,9.669e-11
1.9291e-10,5.0165e-11,1.3307e-10
1.0006e-10,1.9781e-11,9.1977e-11
5.0478e-11,2.3077e-11,6.1976e-11
3.2691e-10,9.5976e-11,1.6356e-10
4.3587e-11,2.3449e-11,5.2358e-11
3.7467e-11,1.9434e-11,4.0562e-11
4.1768e-11,2.5472e-11,4.4108e-11
2.273e-10,1.3781e-10,1.9918e-10
3.0934e-11,1.3662e-11,3.1417e-11
3.7202e-11,2.8331e-11,4.9323e-11
1.2077e-10,1.2645e-10,1.5744e-10
2.6392e-11,2.0775e-11,3.572e-11
3.0606e-11,2.5594e-11,3.7529e-11
2.3548e-11,1.6122e-11,2.9567e-11
4.9014e-11,5.219e-11,6.4867e-11
4.3518e-11,4.6952e-11,5.8555e-11
1.3567e-10,1.2702e-10,8.0722e-11
3.1869e-11,3.5029e-11,2.4384e-11
2.0053e-11,2.4876e-11,2.6609e-11
3.0497e-11,3.417e-11,3.9651e-11
8.4015e-11,6.1909e-11,3.8469e-11
1.367e-10,9.6991e-11,5.8069e-11
5.8564e-11,4.6306e-11,3.349e-11
5.6451e-11,4.1614e-11,3.0627e-11
1.7613e-10,7.1514e-11,5.3264e-11
1.8015e-11,2.0914e-11,1.9931e-11
3.9761e-11,3.8288e-11,2.4552e-11
2.5477e-10,9.0889e-11,5.2611e-11
1.6976e-11,1.936e-11,2.2691e-11
3.8292e-11,5.0979e-11,3.6315e-11
6.1264e-11,9.3449e-11,7.9527e-11
2.859e-10,8.8696e-11,2.4838e-11
2.767e-11,2.4191e-11,3.6796e-11
2.0041e-11,1.7507e-11,2.6557e-11
2.4022e-11,2.7873e-11,2.977e-11
2.4437e-11,2.2559e-11,3.1246e-11
3.2143e-10,9.8128e-11,8.0179e-11
3.5771e-11,5.994e-11,5.3602e-11
2.3017e-11,3.0413e-11,2.8834e-11
1.9954e-11,1.7822e-11,2.7914e-11
1.9673e-11,2.4241e-11,3.219e-11
1.0178e-10,1.0604e-11,1.0029e-10
9.134e-11,9.2951e-12,8.6776e-11
1.3034e-10,1.7492e-11,1.11e-10
2.3564e-10,6.3429e-11,1.3829e-10
7.1063e-11,1.7021e-11,7.2706e-11
6.2058e-11,1.7148e-11,6.5031e-11
5.9045e-11,1.2623e-11,5.8584e-11
5.3784e-11,1.0089e-11,5.4388e-11
6.5041e-11,3.9992e-11,7.2608e-11
4.7274e-11,2.0048e-11,4.4193e-11
5.8488e-11,2.4834e-11,5.3283e-11
6.1695e-11,4.5317e-11,7.9761e-11
4.429e-11,1.4887e-11,3.7938e-11
1.7466e-10,6.5439e-11,9.4611e-11
5.2471e-11,4.1133e-11,6.7542e-11
2.9533e-11,1.6261e-11,2.7628e-11
2.6092e-11,1.3351e-11,2.7542e-11
6.5024e-11,2.6709e-11,5.0627e-11
2.6376e-11,1.4147e-11,2.8063e-11
2.8867e-11,3.2892e-11,3.705e-11
5.2145e-11,6.04e-11,6.6583e-11
2.663e-11,3.0442e-11,3.4371e-11
2.9444e-11,3.4226e-11,4.0231e-11
5.1265e-11,5.9276e-11,6.5028e-11
2.9066e-11,3.1463e-11,2.8378e-11
4.6747e-11,5.5722e-11,5.9664e-11
1.8502e-10,9.3328e-11,4.6921e-11
4.1786e-11,5.3109e-11,5.5044e-11
1.8011e-11,1.954e-11,2.0308e-11
2.8822e-10,1.1551e-10,5.5363e-11
2.4219e-10,9.29e-11,4.6456e-11
2.1731e-11,2.2125e-11,2.4639e-11
7.0382e-11,4.5385e-11,3.3571e-11
6.688e-11,5.4802e-11,2.775e-11
2.6125e-10,8.9563e-11,4.3219e-11
3.0355e-10,1.0592e-10,5.9984e-11
1.5033e-11,1.9271e-11,2.4321e-11
2.4477e-11,2.7104e-11,2.9226e-11
2.7485e-10,8.697e-11,3.0925e-11
4.1514e-11,4.8755e-11,4.4252e-11
5.1831e-11,7.7782e-11,5.8665e-11
3.1046e-11,5.088e-11,4.389e-11
1.5272e-11,2.1384e-11,2.6001e-11
2.1433e-11,2.787e-11,2.9735e-11
3.0316e-11,4.4947e-11,4.0579e-11
3.2074e-10,9.9454e-11,5.3791e-11
2.1234e-11,2.3609e-11,3.5824e-11
6.8722e-11,1.0113e-11,6.8465e-11
7.0304e-11,1.3704e-11,7.4452e-11
4.8076e-11,2.4952e-11,5.7768e-11
4.4942e-11,2.013e-11,5.4578e-11
5.0572e-11,1.2892e-11,4.662e-11
4.7819e-11,2.632e-11,5.4713e-11
1.3908e-10,2.8846e-11,8.3054e-11
4.3383e-11,2.0221e-11,5.1055e-11
8.339e-11,1.8179e-11,6.9221e-11
2.4199e-10,7.4718e-11,1.2441e-10
3.9309e-11,2.3953e-11,4.1761e-11
1.3959e-10,3.7224e-11,7.0023e-11
2.8732e-10,1.1153e-10,1.9509e-10
1.8189e-10,1.2694e-10,1.8232e-10
1.9737e-10,7.701e-11,1.8175e-10
2.4841e-11,1.232e-11,2.5955e-11
8.6955e-11,4.2519e-11,8.4551e-11
1.9419e-11,1.7155e-11,2.4239e-11
1.0435e-10,1.2287e-10,8.9392e-11
8.5313e-11,9.8394e-11,1.0876e-10
4.5622e-11,4.388e-11,5.0925e-11
5.2525e-11,4.4072e-11,6.0398e-11
2.9111e-11,2.4338e-11,2.8465e-11
5.5082e-11,4.8874e-11,4.6491e-11
1.1417e-10,1.0471e-10,6.8098e-11
1.6912e-10,1.2206e-10,7.0007e-11
5.3705e-11,3.5828e-11,4.2942e-11
9.8263e-11,7.7994e-11,7.2543e-11
5.4665e-11,4.711e-11,3.4436e-11
3.7885e-11,4.0661e-11,2.8848e-11
4.7648e-11,6.1475e-11,6.4997e-11
1.2155e-10,6.5561e-11,5.6846e-11
4.2273e-11,4.2911e-11,2.7011e-11
4.1447e-11,4.7297e-11,2.7298e-11
7.33e-11,4.4709e-11,3.8345e-11
1.418e-10,6.545e-11,5.0514e-11
3.8291e-11,3.1832e-11,3.4358e-11
2.1835e-10,9.2459e-11,3.0377e-11
5.5139e-11,4.0411e-11,4.1337e-11
2.8966e-11,3.8717e-11,3.9395e-11
1.8087e-11,2.2108e-11,2.3229e-11
1.9162e-11,2.2291e-11,2.4207e-11
2.2243e-11,2.6601e-11,2.7959e-11
1.5752e-11,1.9749e-11,2.3172e-11
3.0013e-10,1.0507e-10,5.7628e-11
1.7043e-11,2.1821e-11,3.1361e-11
3.4253e-10,1.0823e-10,5.2201e-11
1.687e-11,2.3898e-11,4.3569e-11
3.388e-10,1.0774e-10,6.2202e-11
2.1719e-11,2.9915e-11,2.685e-11
2.0968e-11,2.2005e-11,3.017e-11
7.9051e-11,9.0199e-12,8.7587e-11
1.8364e-10,4.3749e-11,1.1089e-10
6.0057e-11,2.5401e-11,7.1034e-11
5.6321e-11,1.8197e-11,6.6108e-11
5.9938e-11,3.6174e-11,6.9269e-11
2.8244e-10,8.4288e-11,1.5063e-10
4.1588e-11,1.6965e-11,4.3106e-11
4.0983e-11,2.8601e-11,5.2765e-11
3.4598e-11,2.2353e-11,4.0774e-11
3.152e-11,1.2035e-11,3.2279e-11
2.853e-11,2.5148e-11,3.0482e-11
7.6858e-11,2.202e-11,5.1119e-11
2.3453e-11,1.4833e-11,2.6847e-11
2.8527e-11,2.935e-11,3.888e-11
2.6188e-11,2.3148e-11,3.1463e-11
3.1491e-11,3.2563e-11,2.9083e-11
2.2249e-11,2.9418e-11,2.9277e-11
4.3528e-11,3.3303e-11,4.0562e-11
2.6419e-11,2.031e-11,2.6635e-11
2.7081e-11,3.0129e-11,3.2323e-11
5.6125e-11,4.1858e-11,3.639e-11
3.63e-11,2.724e-11,3.1576e-11
7.5927e-11,5.3483e-11,4.5656e-11
7.9522e-11,4.4669e-11,3.8516e-11
8.741e-11,4.881e-11,3.6007e-11
1.797e-10,9.1824e-11,5.9958e-11
2.0628e-11,1.5291e-11,2.5391e-11
1.8186e-11,2.3396e-11,2.3087e-11
2.544e-10,8.6367e-11,4.4181e-11
5.5554e-11,5.0436e-11,4.8513e-11
1.8107e-11,2.3061e-11,3.1742e-11
1.9689e-11,1.9474e-11,2.7022e-11
2.9994e-11,2.9131e-11,3.2879e-11
2.094e-11,2.0313e-11,3.1998e-11
2.8791e-10,9.8125e-11,4.3867e-11
3.3195e-10,1.0446e-10,5.7904e-11
9.4217e-11,1.1446e-11,1.0017e-10
7.4869e-11,1.2077e-11,7.8508e-11
6.5114e-11,1.0075e-11,6.9684e-11
5.9923e-11,9.5049e-12,6.1126e-11
2.5644e-10,7.3774e-11,1.1874e-10
4.3687e-11,1.492e-11,4.3392e-11
1.5914e-10,3.6982e-11,8.6104e-11
6.4703e-11,1.2461e-11,5.7667e-11
7.3539e-11,2.8643e-11,5.6e-11
2.974e-11,1.1801e-11,2.9685e-11
3.3508e-11,1.115e-11,3.1394e-11
2.7762e-11,1.6834e-11,2.57e-11
2.6926e-11,1.3412e-11,2.8104e-11
3.2853e-11,3.2433e-11,4.5592e-11
2.2716e-11,1.7176e-11,2.8879e-11
2.7374e-11,2.5832e-11,3.6869e-11
4.4658e-11,5.1578e-11,5.9143e-11
1.1008e-10,1.099e-10,8.826e-11
1.8862e-11,2.2629e-11,2.5887e-11
3.1244e-11,3.0248e-11,3.4365e-11
3.2262e-11,3.8882e-11,3.9242e-11
4.9864e-11,6.1384e-11,6.502e-11
2.9423e-11,3.4429e-11,2.3964e-11
5.8635e-11,6.8088e-11,7.0211e-11
2.5756e-11,3.428e-11,3.5441e-11
1.174e-10,8.0307e-11,5.1974e-11
1.212e-10,7.521e-11,5.4735e-11
2.1947e-10,1.1718e-10,4.9242e-11
7.268e-11,4.4987e-11,3.7455e-11
1.0946e-10,6.3747e-11,6.5108e-11
2.1643e-10,1.1697e-10,6.2654e-11
5.5997e-11,4.8116e-11,2.527e-11
1.5266e-10,6.5314e-11,3.7257e-11
4.9925e-11,3.4778e-11,3.5602e-11
4.3693e-11,3.7911e-11,4.7176e-11
2.3535e-10,8.9635e-11,4.4462e-11
7.8689e-11,4.7573e-11,5.4119e-11
3.0351e-10,1.0292e-10,8.2648e-11
2.3615e-10,7.4478e-11,4.492e-11
5.2443e-11,7.9215e-11,6.0642e-11
3.491e-11,5.205e-11,4.4289e-11
1.6662e-11,2.1373e-11,2.1318e-11
6.9637e-11,1.0675e-11,7.4043e-11
2.0017e-10,4.827e-11,1.1756e-10
5.1907e-11,9.7282e-12,5.4681e-11
6.0193e-11,2.9273e-11,7.0693e-11
4.1011e-11,1.8356e-11,4.8832e-11
4.5761e-11,1.3032e-11,4.4702e-11
7.1261e-11,1.5626e-11,5.6607e-11
3.3358e-11,1.3189e-11,3.3475e-11
3.1682e-11,1.9275e-11,3.4038e-11
2.7538e-10,9.1193e-11,2.2423e-10
3.0486e-11,1.6372e-11,3.1255e-11
1.9829e-10,7.6406e-11,1.607e-10
4.8922e-11,2.1183e-11,4.328e-11
2.2562e-11,2.0367e-11,2.8209e-11
2.9296e-11,2.6389e-11,2.433e-11
2.7579e-11,2.7857e-11,2.5982e-11
1.6307e-10,8.6284e-11,5.9479e-11
4.3533e-11,5.3713e-11,5.0556e-11
2.5397e-10,1.154e-10,5.943e-11
2.1271e-11,2.5022e-11,3.384e-11
1.5405e-10,6.8335e-11,3.7001e-11
1.9648e-11,1.7438e-11,2.4859e-11
3.0919e-10,1.1649e-10,7.6071e-11
4.6009e-11,4.3967e-11,3.4693e-11
2.0771e-10,7.2468e-11,3.2523e-11
1.8911e-10,6.6338e-11,3.3596e-11
2.5461e-11,2.8708e-11,3.2857e-11
1.6099e-11,2.5631e-11,3.2376e-11
2.173e-10,7.2381e-11,2.9392e-11
4.2986e-11,4.6514e-11,4.3132e-11
2.6394e-11,2.9403e-11,4.2241e-11
4.1107e-11,5.5525e-11,4.5897e-11
2.722e-10,9.3883e-11,4.9443e-11
2.2369e-10,7.6372e-11,2.2558e-11
2.5142e-10,8.34e-11,4.44e-11
9.4135e-11,1.1227e-11,1.0082e-10
7.5022e-11,6.0057e-12,8.2947e-11
7.2908e-11,2.2952e-11,7.9941e-11
6.8172e-11,2.1169e-11,7.6944e-11
5.2615e-11,1.0461e-11,6.0678e-11
1.0437e-10,2.0002e-11,8.3008e-11
4.7937e-11,9.9201e-12,5.1553e-11
6.3183e-11,1.3758e-11,6.4872e-11
3.9827e-11,2.9175e-11,5.1474e-11
3.8682e-11,1.5079e-11,3.6997e-11
5.2069e-11,2.8844e-11,4.5393e-11
2.0804e-11,2.0618e-11,2.6557e-11
6.4104e-11,4.806e-11,6.4617e-11
4.9869e-11,4.6455e-11,4.3069e-11
4.4991e-11,3.3491e-11,4.0553e-11
5.7957e-11,3.6302e-11,5.1368e-11
4.5408e-11,3.3235e-11,4.5239e-11
6.4993e-11,4.5016e-11,3.794e-11
7.2039e-11,3.8649e-11,4.6367e-11
1.9779e-10,1.1298e-10,6.378e-11
4.385e-11,5.379e-11,3.8552e-11
4.2407e-11,5.9866e-11,5.6582e-11
1.6011e-11,2.0977e-11,2.3919e-11
7.0346e-11,5.3308e-11,6.4174e-11
2.6172e-11,2.2615e-11,3.7763e-11
2.7934e-11,3.7456e-11,3.7182e-11
2.2056e-11,2.7418e-11,2.613e-11
2.3765e-10,7.6523e-11,2.6192e-11
2.3266e-11,3.6274e-11,2.8769e-11
3.2022e-10,1.0608e-10,5.3381e-11
2.6301e-10,8.7448e-11,3.0976e-11
2.4081e-10,8.207e-11,5.3062e-11
6.6349e-11,8.2393e-12,7.5084e-11
6.2058e-11,1.8593e-11,6.9833e-11
6.3336e-11,2.6405e-11,7.6406e-11
6.815e-11,1.6148e-11,8.0119e-11
5.0392e-11,1.6419e-11,6.0617e-11
6.4626e-11,3.4253e-11,7.9601e-11
6.4193e-11,4.2727e-11,7.7996e-11
9.6346e-11,2.5992e-11,6.903e-11
5.808e-11,3.9878e-11,7.1983e-11
1.5553e-10,6.5205e-11,9.1368e-11
3.5596e-11,1.7662e-11,3.5999e-11
2.3104e-10,6.4792e-11,1.3527e-10
1.1147e-10,2.2489e-11,6.1047e-11
5.7239e-11,5.2279e-11,7.1954e-11
2.5238e-11,1.7814e-11,3.1551e-11
2.0779e-11,1.8268e-11,2.6305e-11
8.0371e-11,3.8044e-11,8.3403e-11
2.4623e-11,2.6253e-11,3.1647e-11
2.1318e-11,2.2731e-11,1.9795e-11
5.3041e-11,5.1888e-11,5.9067e-11
2.1938e-11,3.5252e-11,2.2037e-11
2.2286e-11,2.4324e-11,2.8097e-11
2.358e-11,3.1062e-11,3.1106e-11
2.5844e-11,2.2675e-11,2.1899e-11
8.1874e-11,5.1567e-11,3.4127e-11
9.9707e-11,5.1943e-11,4.7326e-11
1.3713e-10,7.1511e-11,4.962e-11
2.4094e-10,9.9647e-11,8.0657e-11
2.5153e-11,1.8631e-11,2.5908e-11
4.4904e-11,4.3184e-11,5.1833e-11
4.4233e-11,4.4587e-11,3.4679e-11
3.0037e-10,1.1206e-10,8.3024e-11
3.2518e-11,4.2333e-11,3.6849e-11
1.2035e-10,4.447e-11,5.0897e-11
2.2223e-11,2.6688e-11,3.0709e-11
2.1528e-11,2.1309e-11,3.12e-11
1.9282e-11,1.7931e-11,2.5716e-11
1.5048e-10,5.1028e-11,4.7187e-11
2.5637e-10,8.4462e-11,3.3602e-11
2.1288e-10,7.4488e-11,3.0996e-11
4.175e-11,5.8181e-11,5.7702e-11
2.7502e-11,3.6556e-11,3.293e-11
1.8872e-10,6.5288e-11,2.9367e-11
1.7275e-11,1.9153e-11,2.1218e-11
3.2416e-11,4.2245e-11,4.3311e-11
1.8788e-10,7.2563e-11,3.5409e-11
6.8266e-11,3.3516e-11,8.3167e-11
1.9689e-10,6.5731e-11,1.1067e-10
5.1509e-11,1.5546e-11,5.7298e-11
4.2424e-11,8.9514e-12,4.7949e-11
1.1039e-10,2.716e-11,7.8026e-11
4.4024e-11,1.1193e-11,4.7037e-11
5.6485e-11,3.5941e-11,7.0256e-11
3.7783e-11,1.9328e-11,4.5866e-11
2.5611e-10,7.5708e-11,1.5978e-10
1.8759e-10,5.9332e-11,1.1599e-10
3.4599e-11,2.7362e-11,4.313e-11
8.3709e-11,2.5092e-11,5.3917e-11
2.2844e-10,7.2592e-11,1.7804e-10
2.8453e-11,2.1226e-11,3.7995e-11
2.8957e-11,1.858e-11,2.6569e-11
3.2695e-11,2.7037e-11,4.4378e-11
2.1908e-11,1.5858e-11,2.7296e-11
1.0409e-10,1.0518e-10,9.6208e-11
2.1909e-11,2.4543e-11,2.8331e-11
7.2446e-11,7.2461e-11,7.0268e-11
6.318e-11,5.4363e-11,4.8781e-11
6.3512e-11,5.0946e-11,6.4841e-11
4.6238e-11,5.4636e-11,5.5032e-11
2.4999e-11,2.7165e-11,2.7821e-11
6.9737e-11,3.5785e-11,4.4702e-11
9.5591e-11,6.4542e-11,7.7739e-11
1.7882e-11,1.7089e-11,2.1738e-11
6.9155e-11,4.4225e-11,4.1341e-11
1.7844e-11,1.681e-11,1.8189e-11
3.0511e-10,1.1002e-10,9.266e-11
2.9575e-11,2.6637e-11,2.9749e-11
8.2345e-11,5.3565e-11,4.3206e-11
2.7738e-10,9.7649e-11,8.3413e-11
4.71e-11,5.9361e-11,5.3804e-11
2.5375e-10,8.8336e-11,6.0137e-11
2.1256e-11,2.3984e-11,3.0636e-11
2.8848e-11,4.6425e-11,4.2219e-11
2.6217e-10,9.2408e-11,4.9336e-11
2.5812e-10,8.9558e-11,6.2667e-11
1.8417e-10,7.0037e-11,3.9514e-11
1.989e-10,7.6903e-11,3.7498e-11
8.7193e-11,7.9429e-12,9.8474e-11
1.0889e-10,1.1405e-11,1.167e-10
7.426e-11,1.8069e-11,8.3687e-11
7.0513e-11,1.7677e-11,7.4252e-11
1.1843e-10,2.6772e-11,9.9295e-11
7.5084e-11,1.8267e-11,8.1449e-11
1.6613e-10,5.5944e-11,9.6261e-11
5.9854e-11,4.3269e-11,7.2836e-11
2.7515e-10,7.6078e-11,1.7693e-10
9.527e-11,3.4417e-11,5.8351e-11
3.332e-11,1.1803e-11,3.3522e-11
8.5389e-11,2.1522e-11,5.743e-11
3.8735e-11,1.615e-11,3.8628e-11
5.3171e-11,4.7859e-11,6.4017e-11
2.504e-11,1.5657e-11,3.3546e-11
4.6453e-11,4.3018e-11,5.6362e-11
4.7662e-11,5.0306e-11,6.043e-11
5.7443e-11,3.6866e-11,6.4027e-11
9.2889e-11,8.6576e-11,7.1569e-11
1.6997e-10,1.2698e-10,6.4432e-11
3.3843e-11,3.3715e-11,3.6361e-11
5.3187e-11,6.4009e-11,6.4913e-11
7.8291e-11,5.1792e-11,5.0994e-11
3.5398e-11,4.3935e-11,4.2169e-11
8.5155e-11,4.0346e-11,4.0464e-11
1.5462e-10,7.9709e-11,5.3953e-11
7.3382e-11,4.1446e-11,4.6903e-11
3.7961e-11,4.912e-11,4.2971e-11
5.2454e-11,3.6018e-11,4.31e-11
1.1877e-10,5.8905e-11,3.7685e-11
3.1608e-11,4.0098e-11,3.9526e-11
2.7411e-11,1.6931e-11,3.6386e-11
5.4579e-11,6.7937e-11,7.1668e-11
1.3755e-10,5.8011e-11,3.117e-11
1.8806e-11,1.9587e-11,2.2803e-11
2.1725e-11,2.7263e-11,2.7465e-11
4.4396e-11,3.0412e-11,4.9706e-11
1.9399e-11,2.5037e-11,2.3122e-11
6.301e-11,8.7914e-11,7.6046e-11
5.7237e-11,8.2771e-11,6.9546e-11
2.2264e-11,4.2356e-11,3.4742e-11
2.4481e-11,3.0647e-11,4.3127e-11
2.9094e-10,1.0748e-10,6.8082e-11
2.7571e-10,9.3536e-11,7.1736e-11
1.0173e-10,1.0242e-11,1.1303e-10
8.436e-11,1.0152e-11,8.9362e-11
7.5455e-11,9.0184e-12,8.7684e-11
1.1011e-10,1.5634e-11,1.1836e-10
1.2414e-10,3.5076e-11,9.5613e-11
4.7501e-11,1.0065e-11,5.1878e-11
4.5258e-11,1.9334e-11,5.59e-11
1.1875e-10,2.7879e-11,7.6838e-11
3.379e-11,1.9436e-11,4.0015e-11
3.2318e-11,1.283e-11,3.4773e-11
3.5573e-11,1.8848e-11,3.1985e-11
2.8201e-11,1.7796e-11,3.7168e-11
2.5371e-11,1.8947e-11,3.1594e-11
2.5148e-11,2.4762e-11,3.7437e-11
7.8504e-11,3.6023e-11,7.6107e-11
5.3909e-11,5.8412e-11,6.7336e-11
1.6597e-10,1.188e-10,9.2927e-11
4.6628e-11,3.7092e-11,5.5872e-11
4.431e-11,3.6413e-11,5.693e-11
6.1988e-11,5.0445e-11,5.1645e-11
5.8215e-11,7.0073e-11,7.2123e-11
4.85e-11,3.409e-11,5.7836e-11
7.3207e-11,5.6395e-11,4.416e-11
2.563e-11,3.6855e-11,2.3439e-11
2.7336e-11,2.5282e-11,2.3493e-11
3.5263e-11,3.7038e-11,3.5689e-11
6.4532e-11,4.3731e-11,3.5409e-11
2.2228e-10,9.5467e-11,6.467e-11
6.3626e-11,4.5662e-11,3.4627e-11
1.8371e-11,1.9967e-11,2.331e-11
3.9076e-11,2.9801e-11,4.3935e-11
9.3656e-11,4.6414e-11,3.7625e-11
1.4558e-10,6.9793e-11,5.2809e-11
3.5363e-11,4.3197e-11,3.7738e-11
2.9551e-10,1.065e-10,8.645e-11
1.9056e-11,2.4036e-11,2.2988e-11
2.8877e-11,3.9805e-11,3.3933e-11
3.029e-11,4.2105e-11,3.6227e-11
4.8345e-11,5.8542e-11,5.2136e-11
1.2402e-10,8.7215e-11,7.6009e-11
2.9867e-11,2.9676e-11,2.4396e-11
2.0084e-11,2.144e-11,2.2979e-11
8.4116e-11,1.2682e-11,9.3635e-11
7.6514e-11,1.1485e-11,8.1157e-11
1.1474e-10,1.4469e-11,1.2691e-10
1.4444e-10,4.1425e-11,1.0274e-10
6.6947e-11,4.1195e-11,8.1072e-11
1.0738e-10,2.7093e-11,8.3963e-11
1.2628e-10,3.099e-11,8.6829e-11
5.8362e-11,3.7398e-11,7.3734e-11
3.9876e-11,2.1722e-11,5.2516e-11
3.5781e-11,1.6569e-11,4.4906e-11
3.8672e-11,2.501e-11,5.101e-11
1.1252e-10,2.4603e-11,6.9585e-11
6.2141e-11,2.5328e-11,5.7994e-11
2.5698e-10,5.9835e-11,1.6905e-10
5.7614e-11,4.4957e-11,7.153e-11
2.4279e-10,5.7322e-11,1.606e-10
3.9692e-11,3.4339e-11,5.1328e-11
5.0757e-11,5.1885e-11,6.469e-11
3.0139e-11,3.3952e-11,3.9921e-11
3.9212e-11,4.3557e-11,4.6616e-11
6.2314e-11,5.5544e-11,7.4486e-11
2.2474e-11,2.3457e-11,2.7744e-11
1.4912e-10,1.2249e-10,7.9361e-11
4.7317e-11,4.5216e-11,5.8757e-11
1.6214e-10,1.185e-10,7.2626e-11
6.5944e-11,6.8233e-11,7.4107e-11
4.5295e-11,3.3467e-11,5.4629e-11
2.0413e-11,2.4481e-11,1.9446e-11
1.6108e-10,1.014e-10,4.9368e-11
2.2215e-10,1.1744e-10,7.1184e-11
2.1821e-10,1.102e-10,7.6646e-11
3.2368e-11,2.9559e-11,2.92e-11
2.0189e-11,2.04e-11,2.532e-11
1.4177e-10,6.7117e-11,3.9795e-11
2.8445e-11,2.4012e-11,2.6895e-11
3.6787e-11,4.931e-11,4.0561e-11
8.2903e-11,5.4631e-11,4.887e-11
2.8071e-10,1.0885e-10,7.6308e-11
5.4716e-11,7.4133e-11,6.0815e-11
1.8471e-11,2.3294e-11,2.3416e-11
2.7559e-10,1.1034e-10,8.1471e-11
1.8168e-11,2.5747e-11,2.3603e-11
2.3058e-10,7.8838e-11,2.7845e-11
2.1826e-11,2.8211e-11,2.2341e-11
2.2908e-11,2.9634e-11,4.1076e-11
1.0611e-10,7.6937e-11,5.7901e-11
1.4386e-11,1.8844e-11,3.0138e-11
2.6783e-11,4.7934e-11,5.6595e-11
2.3905e-11,2.0793e-11,2.389e-11
1.515e-11,2.0605e-11,3.3194e-11
1.9033e-10,7.2257e-11,5.0737e-11
9.3701e-11,8.0312e-11,5.5415e-11
1.1544e-10,1.9363e-11,1.2191e-10
6.7889e-11,3.3296e-11,8.3821e-11
5.8206e-11,2.5539e-11,7.1696e-11
4.7747e-11,1.4338e-11,5.0759e-11
4.3026e-11,1.0541e-11,4.3112e-11
3.6232e-11,1.3302e-11,4.6955e-11
6.5392e-11,2.4857e-11,6.2088e-11
1.4354e-10,4.4817e-11,8.3392e-11
1.8817e-10,5.1938e-11,1.1059e-10
3.5086e-11,2.3534e-11,4.2626e-11
4.3164e-11,1.7758e-11,4.5646e-11
3.4438e-11,1.6413e-11,3.6154e-11
2.6462e-11,1.3819e-11,3.0744e-11
4.3585e-11,4.4625e-11,5.1558e-11
7.0636e-11,9.9568e-11,9.3109e-11
4.5553e-11,5.0703e-11,5.2292e-11
3.0007e-11,3.4693e-11,3.6335e-11
2.3612e-11,2.1812e-11,2.9186e-11
1.7857e-10,1.1291e-10,9.0501e-11
3.1931e-11,3.6808e-11,3.3845e-11
5.4199e-11,4.6188e-11,5.3732e-11
3.2886e-11,3.1079e-11,3.748e-11
5.8161e-11,7.3521e-11,7.2438e-11
3.8162e-11,4.877e-11,4.482e-11
3.5027e-11,2.7865e-11,4.1813e-11
1.2077e-10,7.2631e-11,5.3415e-11
1.7e-11,2.4884e-11,2.3046e-11
6.1287e-11,7.874e-11,7.7856e-11
1.3434e-10,7.5549e-11,5.5878e-11
4.9423e-11,6.4465e-11,6.0625e-11
1.7015e-10,8.053e-11,6.7591e-11
1.7234e-10,8.113e-11,5.2429e-11
2.7878e-10,1.0489e-10,7.8747e-11
3.3662e-11,2.573e-11,3.1414e-11
2.7911e-11,3.4402e-11,5.3335e-11
2.3953e-11,3.2155e-11,4.0444e-11
1.355e-10,5.75e-11,3.9451e-11
2.0206e-11,1.9576e-11,2.8895e-11
5.5136e-11,5.0553e-11,3.5764e-11
2.5551e-10,1.0484e-10,6.8667e-11
1.3124e-10,6.0253e-11,4.0196e-11
1.9167e-10,6.5358e-11,2.742e-11
2.6158e-11,3.0424e-11,2.5412e-11
2.9023e-11,2.9637e-11,3.754e-11
3.1306e-11,3.2885e-11,3.3045e-11
9.5897e-11,7.995e-11,5.6369e-11
5.5092e-11,8.0708e-11,9.5111e-11
2.0539e-10,7.2547e-11,2.0681e-11
9.0433e-11,1.1436e-11,1.0981e-10
6.7715e-11,1.9298e-11,8.3069e-11
6.648e-11,1.4283e-11,6.944e-11
1.058e-10,2.9197e-11,1.1205e-10
5.676e-11,1.1681e-11,6.0466e-11
6.1803e-11,2.8113e-11,7.6435e-11
5.9916e-11,8.5274e-12,7.3316e-11
6.3621e-11,3.693e-11,7.6966e-11
5.4184e-11,7.2242e-12,6.8074e-11
4.1295e-11,1.805e-11,5.5503e-11
4.2387e-11,1.1178e-11,4.5189e-11
5.6804e-11,3.6522e-11,6.8159e-11
3.9708e-11,1.3854e-11,4.139e-11
3.7851e-11,1.7876e-11,4.7179e-11
3.9707e-11,1.331e-11,3.8438e-11
2.838e-11,1.4774e-11,3.3899e-11
1.0099e-10,2.8244e-11,6.3251e-11
3.0278e-11,1.9557e-11,3.8171e-11
2.6069e-11,1.5184e-11,2.9206e-11
6.8761e-11,7.0757e-11,1.0254e-10
6.2065e-11,9.8282e-11,9.5017e-11
1.6526e-10,1.1265e-10,1.0109e-10
6.0672e-11,7.075e-11,7.1514e-11
6.7656e-11,8.1599e-11,6.7465e-11
4.4392e-11,2.6157e-11,4.4058e-11
6.3622e-11,5.4429e-11,6.2729e-11
2.9512e-11,3.0699e-11,3.3228e-11
4.8382e-11,2.8732e-11,4.2052e-11
2.4103e-11,2.6703e-11,2.6992e-11
5.8317e-11,3.431e-11,4.3357e-11
1.8237e-10,9.2666e-11,3.6684e-11
2.4074e-10,1.0681e-10,1.0609e-10
2.7279e-10,1.1096e-10,7.7861e-11
1.6804e-11,1.9548e-11,2.4191e-11
4.7516e-11,5.6428e-11,5.3216e-11
2.1903e-10,8.8867e-11,7.6278e-11
5.1301e-11,7.5751e-11,6.73e-11
1.5392e-10,6.8219e-11,3.8376e-11
2.9319e-11,3.6353e-11,3.4053e-11
1.1157e-10,6.6808e-11,5.8532e-11
4.082e-11,5.3677e-11,5.6362e-11
1.1664e-10,5.8762e-11,3.9759e-11
2.3356e-10,7.991e-11,2.4233e-11
1.9503e-10,6.2541e-11,2.5611e-11
1.131e-10,7.2952e-11,4.7974e-11
2.0655e-10,6.4319e-11,2.7763e-11
1.7238e-11,2.1793e-11,1.9079e-11
2.543e-11,2.9159e-11,2.6953e-11
2.2185e-11,2.4387e-11,2.4439e-11
2.6768e-11,2.6571e-11,3.627e-11
6.7217e-11,9.3609e-11,4.6695e-11
8.4006e-11,7.204e-11,5.881e-11
6.7612e-11,7.5799e-11,4.5092e-11
1.0504e-10,1.2193e-11,1.2526e-10
7.8847e-11,9.5824e-12,9.4112e-11
5.2793e-11,1.4279e-11,5.5748e-11
7.9558e-11,1.7677e-11,8.7936e-11
4.9267e-11,8.881e-12,5.289e-11
3.8997e-11,1.3489e-11,4.4051e-11
1.6827e-10,5.9107e-11,1.0193e-10
9.7587e-11,3.75e-11,6.9088e-11
3.1877e-11,1.0629e-11,3.61e-11
3.276e-11,1.9516e-11,3.8284e-11
1.1354e-10,3.0078e-11,6.9225e-11
1.1951e-10,3.706e-11,8.3507e-11
2.6326e-11,1.9047e-11,2.9495e-11
6.2153e-11,3.0205e-11,5.6246e-11
2.5015e-11,1.3829e-11,3.0656e-11
4.5711e-11,4.6317e-11,5.9769e-11
1.1425e-10,6.811e-11,1.0436e-10
1.0054e-10,1.2071e-10,1.0271e-10
2.4199e-11,2.0229e-11,1.8198e-11
2.6812e-11,2.153e-11,2.7557e-11
7.3378e-11,7.5966e-11,6.1599e-11
1.9084e-10,1.097e-10,8.195e-11
1.7636e-10,8.9147e-11,4.6445e-11
1.9644e-10,8.6197e-11,5.5419e-11
1.5644e-10,6.6726e-11,4.0147e-11
1.0119e-10,4.2138e-11,6.8574e-11
6.6642e-11,4.3713e-11,3.9133e-11
1.0305e-10,4.3464e-11,3.4326e-11
2.6023e-10,1.0513e-10,7.8935e-11
3.0395e-11,3.5526e-11,3.8601e-11
1.973e-11,2.2651e-11,2.4741e-11
3.3253e-11,2.8475e-11,3.1795e-11
2.4901e-11,4.6658e-11,4.5593e-11
2.979e-11,3.1125e-11,3.0657e-11
1.9216e-10,6.9099e-11,3.1336e-11
7.3826e-11,8.247e-12,8.8452e-11
6.3783e-11,2.1449e-11,8.1579e-11
5.083e-11,1.0022e-11,6.3788e-11
4.5331e-11,6.3445e-12,4.954e-11
1.5198e-10,4.0347e-11,9.5906e-11
1.1381e-10,3.7414e-11,7.6861e-11
4.8214e-11,1.334e-11,5.5695e-11
3.2002e-11,1.3864e-11,3.2966e-11
3.8644e-11,2.8543e-11,4.5745e-11
2.4493e-11,1.7681e-11,2.9225e-11
9.0371e-11,9.6458e-11,1.1248e-10
2.8189e-11,1.6438e-11,3.5677e-11
1.2847e-10,1.1258e-10,8.8351e-11
5.8622e-11,6.7098e-11,8.7911e-11
6.2263e-11,9.1557e-11,9.5261e-11
1.5305e-10,1.2492e-10,7.7411e-11
3.4549e-11,4.4885e-11,4.2893e-11
3.047e-11,3.6421e-11,3.327e-11
2.2306e-11,2.5254e-11,2.6713e-11
7.1969e-11,7.3699e-11,6.5383e-11
1.4287e-10,8.2862e-11,7.8693e-11
1.9806e-11,2.5129e-11,2.4231e-11
2.1886e-10,9.9841e-11,7.5857e-11
2.6747e-10,1.1083e-10,9.1023e-11
2.6951e-10,1.0425e-10,7.1975e-11
1.7592e-10,7.2567e-11,4.5809e-11
2.6499e-10,1.0553e-10,8.2412e-11
6.8517e-11,5.601e-11,5.2909e-11
3.6874e-11,4.4101e-11,3.5636e-11
3.7923e-11,4.7596e-11,6.4422e-11
2.8385e-11,2.6193e-11,2.8483e-11
2.555e-11,3.2464e-11,2.8301e-11
7.2135e-11,5.9726e-11,3.8261e-11
1.4789e-10,7.2584e-11,4.9046e-11
2.3555e-11,2.7746e-11,2.4457e-11
1.7506e-11,2.9621e-11,2.3726e-11
1.6249e-10,5.8522e-11,4.2253e-11
1.8959e-10,6.3367e-11,3.6941e-11
1.8374e-10,6.5992e-11,3.8671e-11
1.5672e-10,5.454e-11,3.2122e-11
2.2857e-10,1.039e-10,6.1139e-11
2.154e-11,2.0551e-11,2.0669e-11
2.2016e-10,1.0416e-10,5.1664e-11
1.9169e-11,1.9483e-11,2.0118e-11
1.3436e-10,6.3507e-11,4.917e-11
6.4907e-11,1.3575e-11,7.2918e-11
1.116e-10,2.1888e-11,1.1974e-10
5.5538e-11,7.1272e-12,6.7406e-11
6.4064e-11,3.6417e-11,7.604e-11
5.1237e-11,3.158e-11,6.1216e-11
3.5117e-11,1.296e-11,4.2442e-11
1.2761e-10,4.2403e-11,8.8611e-11
6.5572e-11,4.8091e-11,7.951e-11
4.6455e-11,1.6328e-11,5.6924e-11
1.3741e-10,5.1329e-11,9.8393e-11
2.8252e-11,2.2464e-11,3.6202e-11
2.6111e-11,1.4602e-11,3.2652e-11
3.3037e-11,1.8111e-11,4.1693e-11
2.5541e-11,1.7802e-11,2.8209e-11
8.0679e-11,1.1431e-10,1.0659e-10
2.4391e-11,2.3993e-11,3.2356e-11
6.1349e-11,9.1936e-11,9.7996e-11
6.8523e-11,9.0442e-11,1.0306e-10
1.4198e-10,1.0889e-10,8.1477e-11
6.3223e-11,7.6312e-11,8.0367e-11
4.9779e-11,5.7442e-11,5.7226e-11
2.7211e-11,2.6254e-11,2.6442e-11
2.3014e-11,2.7373e-11,2.793e-11
2.0387e-11,1.9317e-11,3.1208e-11
1.9948e-11,2.1393e-11,2.4566e-11
2.4517e-10,1.1963e-10,8.5314e-11
2.1921e-11,3.065e-11,3.0311e-11
2.6259e-10,1.1329e-10,8.8066e-11
2.6187e-10,1.0054e-10,6.1882e-11
2.1541e-10,8.493e-11,6.5684e-11
2.3821e-10,9.1032e-11,8.1186e-11
3.2223e-11,3.771e-11,3.5514e-11
2.1442e-11,2.3799e-11,3.9198e-11
1.2183e-10,6.0732e-11,4.5138e-11
1.1995e-10,5.8918e-11,4.4041e-11
2.4038e-11,2.6302e-11,2.3305e-11
3.6853e-11,4.6931e-11,3.9225e-11
1.6439e-10,5.8295e-11,4.6156e-11
1.7233e-10,6.4434e-11,4.0005e-11
1.8172e-11,1.9402e-11,2.0227e-11
9.7315e-11,8.4436e-11,8.0306e-11
8.0859e-11,1.1407e-10,6.0358e-11
8.4794e-11,8.7804e-12,9.681e-11
7.8016e-11,2.034e-11,8.9667e-11
7.6051e-11,1.5637e-11,8.4964e-11
9.1313e-11,1.6883e-11,1.1359e-10
8.1136e-11,1.842e-11,1.0142e-10
6.1142e-11,2.3357e-11,7.8869e-11
5.5694e-11,1.6773e-11,6.3298e-11
5.7115e-11,7.4234e-12,6.2754e-11
5.9915e-11,2.988e-11,7.2955e-11
4.1843e-11,1.4495e-11,5.1031e-11
5.8839e-11,1.422e-11,6.139e-11
5.4173e-11,1.797e-11,6.1741e-11
6.5957e-11,5.0095e-11,7.5203e-11
5.7322e-11,4.9606e-11,7.0166e-11
2.519e-11,1.1094e-11,2.8527e-11
2.7166e-11,1.249e-11,2.6387e-11
4.0035e-11,3.7296e-11,4.9996e-11
5.2417e-11,5.501e-11,6.702e-11
1.2547e-10,8.037e-11,1.1689e-10
2.6362e-11,1.131e-11,2.9653e-11
1.1179e-10,7.2035e-11,1.1985e-10
6.7619e-11,3.1398e-11,7.3247e-11
6.8127e-11,4.9614e-11,7.7564e-11
2.545e-11,2.5892e-11,3.3835e-11
1.3862e-10,7.8108e-11,8.1426e-11
1.9435e-11,2.1837e-11,1.992e-11
2.0349e-11,1.849e-11,2.2937e-11
2.5842e-10,1.1355e-10,7.436e-11
3.6309e-11,4.8449e-11,4.5582e-11
1.4689e-11,1.9649e-11,2.1513e-11
2.1525e-11,2.2603e-11,3.0864e-11
1.9155e-10,8.229e-11,5.6925e-11
2.0179e-11,2.1639e-11,2.5687e-11
2.2584e-11,2.1503e-11,1.9723e-11
1.8029e-11,1.5842e-11,1.8431e-11
5.6159e-11,7.5882e-11,6.5041e-11
2.0623e-10,8.403e-11,7.7721e-11
3.2814e-11,4.261e-11,3.9199e-11
2.1493e-11,2.3845e-11,2.078e-11
1.9117e-10,7.1728e-11,5.0782e-11
1.2579e-10,4.6834e-11,5.7873e-11
2.527e-11,2.1141e-11,2.668e-11
2.0592e-10,8.5811e-11,7.2311e-11
1.8718e-11,2.0051e-11,2.237e-11
1.369e-10,5.9129e-11,2.8495e-11
4.601e-11,5.3623e-11,5.7059e-11
6.731e-11,2.6009e-11,8.5521e-11
6.3951e-11,1.7735e-11,7.3891e-11
8.1032e-11,2.0832e-11,1.0267e-10
5.1968e-11,1.4881e-11,6.1534e-11
4.4559e-11,2.6431e-11,5.1847e-11
6.2991e-11,4.9488e-11,7.6097e-11
1.2884e-10,2.8951e-11,8.2502e-11
3.322e-11,2.6118e-11,4.2336e-11
2.7729e-11,1.199e-11,2.9133e-11
5.2232e-11,4.2091e-11,6.2263e-11
1.5067e-10,4.8561e-11,1.0681e-10
2.3006e-11,1.2476e-11,2.5948e-11
1.6054e-10,7.9593e-11,1.3588e-10
2.4116e-11,2.3531e-11,3.133e-11
4.8855e-11,5.5249e-11,5.9006e-11
1.2562e-10,1.2136e-10,7.6597e-11
5.5485e-11,6.5118e-11,6.5745e-11
9.9044e-11,8.2388e-11,8.2101e-11
1.1659e-10,7.9869e-11,7.2374e-11
5.0975e-11,6.4682e-11,5.9915e-11
3.8851e-11,5.0492e-11,4.5877e-11
2.0132e-11,2.5012e-11,2.4001e-11
2.6748e-11,3.5087e-11,3.4941e-11
3.4867e-11,3.4227e-11,3.2878e-11
2.4954e-10,1.1119e-10,8.6649e-11
5.4068e-11,7.1131e-11,6.0813e-11
1.9937e-10,8.0931e-11,6.142e-11
1.7853e-10,8.3581e-11,3.84e-11
2.4097e-10,9.9297e-11,8.4513e-11
5.3059e-11,7.2206e-11,6.1069e-11
2.2326e-10,9.766e-11,6.9402e-11
2.406e-10,9.6134e-11,7.9921e-11
2.0573e-11,2.2367e-11,2.0222e-11
2.1729e-10,1.0959e-10,7.44e-11
2.1463e-10,8.8081e-11,4.2762e-11
1.977e-10,1.0247e-10,5.9611e-11
3.608e-11,3.7153e-11,6.1119e-11
2.1905e-11,2.6119e-11,2.4278e-11
6.0657e-11,1.3391e-11,6.3473e-11
5.4464e-11,1.1315e-11,6.5441e-11
6.1502e-11,3.1204e-11,7.4885e-11
5.4576e-11,1.4431e-11,6.9503e-11
3.9544e-11,1.3937e-11,6.0899e-11
3.9836e-11,1.8898e-11,5.0072e-11
1.8151e-10,4.8554e-11,1.1689e-10
3.849e-11,1.7226e-11,5.3454e-11
6.2343e-11,3.3884e-11,5.9033e-11
1.0361e-10,2.5141e-11,7.2261e-11
5.7033e-11,6.1175e-11,6.9263e-11
8.8808e-11,1.0243e-10,7.6275e-11
1.2082e-10,9.7929e-11,5.8608e-11
2.1554e-11,2.1196e-11,2.0492e-11
1.8718e-11,2.2183e-11,2.7309e-11
1.7922e-11,1.62e-11,1.7298e-11
2.0464e-11,2.3709e-11,2.555e-11
2.1409e-10,1.0281e-10,7.9676e-11
1.5792e-10,7.5887e-11,4.8628e-11
2.1028e-11,2.0348e-11,2.3909e-11
3.4379e-11,4.5619e-11,4.0335e-11
3.1998e-11,3.649e-11,3.1241e-11
1.017e-10,8.2158e-11,1.0689e-10
2.0877e-10,7.4697e-11,4.3272e-11
2.2779e-11,2.6925e-11,3.0125e-11
2.7156e-11,3.0305e-11,3.9087e-11
1.6261e-10,6.5221e-11,3.4758e-11
2.242e-10,9.501e-11,8.1825e-11
8.2424e-11,8.9864e-12,9.8157e-11
7.5962e-11,8.0407e-12,9.6638e-11
5.9625e-11,1.4265e-11,8.4269e-11
5.2687e-11,2.0697e-11,6.5482e-11
4.9874e-11,2.2687e-11,6.0784e-11
6.6778e-11,4.6643e-11,7.9119e-11
3.5344e-11,8.9546e-12,4.9891e-11
4.0017e-11,3.04e-11,4.6673e-11
5.6744e-11,3.9923e-11,6.6379e-11
3.6004e-11,1.7097e-11,3.4922e-11
1.3323e-10,3.6789e-11,9.7367e-11
3.2938e-11,1.5276e-11,3.1607e-11
4.0368e-11,3.5279e-11,5.1015e-11
1.821e-10,8.7438e-11,1.4968e-10
2.4075e-11,1.5706e-11,2.4032e-11
2.5194e-11,2.1785e-11,3.156e-11
2.1479e-11,1.9742e-11,2.6344e-11
3.6681e-11,4.0337e-11,4.7065e-11
1.2234e-10,1.3322e-10,9.4244e-11
2.5459e-11,2.5408e-11,3.438e-11
2.5058e-11,2.4867e-11,3.168e-11
1.458e-10,1.3553e-10,9.6573e-11
2.364e-11,2.6508e-11,2.6762e-11
5.7294e-11,6.5569e-11,7.3985e-11
5.4995e-11,5.954e-11,6.8211e-11
1.1632e-10,9.4973e-11,6.1887e-11
1.308e-10,9.3736e-11,8.1945e-11
1.8452e-10,1.0214e-10,9.4597e-11
2.1747e-10,1.3039e-10,9.6715e-11
1.918e-11,2.162e-11,2.0797e-11
1.8538e-10,1.0691e-10,6.7557e-11
2.9754e-11,3.4435e-11,3.2545e-11
2.5171e-11,1.8511e-11,2.5282e-11
3.3257e-11,2.8736e-11,4.1401e-11
2.1722e-10,1.0802e-10,7.981e-11
1.9208e-10,1.0997e-10,6.3463e-11
2.3405e-11,2.7219e-11,2.448e-11
3.0901e-11,1.8967e-11,2.6208e-11
1.5041e-10,6.8215e-11,3.0763e-11
2.1719e-10,8.6503e-11,6.4077e-11
1.9924e-10,9.9285e-11,5.6053e-11
1.5565e-10,5.6612e-11,3.7653e-11
1.4764e-10,5.5979e-11,3.8357e-11
2.9971e-11,3.8636e-11,3.3757e-11
2.2895e-11,2.5662e-11,2.5001e-11
7.778e-11,1.9608e-11,8.5781e-11
6.4913e-11,2.6261e-11,8.5774e-11
8.3675e-11,1.4936e-11,1.0833e-10
5.3802e-11,3.2063e-11,6.7334e-11
6.214e-11,4.3523e-11,7.49e-11
4.5393e-11,2.6218e-11,5.2062e-11
3.3474e-11,2.3427e-11,3.9258e-11
3.8171e-11,9.7489e-12,4.3977e-11
3.1757e-11,1.334e-11,3.6033e-11
2.5452e-11,1.3123e-11,2.573e-11
2.7872e-11,1.8862e-11,3.5206e-11
1.6738e-10,1.0259e-10,1.4539e-10
2.3302e-11,1.4769e-11,2.5958e-11
1.4321e-10,6.8829e-11,1.1185e-10
5.3749e-11,5.5255e-11,6.6376e-11
2.4076e-11,1.8203e-11,2.4574e-11
2.7001e-11,2.7275e-11,3.5002e-11
1.2862e-10,9.5611e-11,1.1292e-10
1.0243e-10,6.5578e-11,1.0329e-10
2.1246e-11,1.8485e-11,2.4107e-11
2.2929e-11,1.092e-11,2.2019e-11
3.2416e-11,4.0314e-11,4.6409e-11
1.0289e-10,9.6364e-11,1.0379e-10
3.7955e-11,4.4944e-11,4.7555e-11
3.2169e-11,3.7437e-11,3.7948e-11
1.2598e-10,9.4156e-11,5.3329e-11
1.8689e-11,1.8349e-11,2.3989e-11
1.8752e-10,1.0081e-10,7.2702e-11
2.1584e-10,1.005e-10,9.6749e-11
6.0798e-11,7.7003e-11,7.2401e-11
2.2993e-11,2.225e-11,2.3843e-11
1.5355e-11,1.9332e-11,2.4272e-11
4.6194e-11,5.7826e-11,5.4921e-11
2.3212e-10,9.3266e-11,8.6625e-11
4.4221e-11,2.1136e-11,3.8615e-11
1.3759e-10,5.3858e-11,4.8441e-11
4.5404e-11,6.2523e-11,5.3962e-11
3.0615e-11,2.0566e-11,2.1846e-11
3.4902e-11,3.2567e-11,3.075e-11
2.1069e-10,7.762e-11,5.6463e-11
2.619e-11,3.3125e-11,2.6655e-11
2.1371e-10,7.8521e-11,5.3565e-11
2.0794e-10,9.5594e-11,6.7475e-11
5.8628e-11,1.982e-11,8.5702e-11
4.3289e-11,1.5363e-11,5.3845e-11
1.2964e-10,4.5949e-11,1.0091e-10
5.8405e-11,4.0193e-11,6.8279e-11
1.2143e-10,3.0857e-11,8.6889e-11
3.4102e-11,1.2463e-11,4.8233e-11
1.8638e-10,5.8317e-11,1.3877e-10
1.9844e-10,5.5223e-11,1.3996e-10
3.3449e-11,9.1958e-12,3.7734e-11
7.1095e-11,2.2024e-11,7.1597e-11
1.8145e-10,3.9753e-11,1.239e-10
2.671e-11,1.9967e-11,3.3269e-11
1.4848e-10,9.8751e-11,1.3104e-10
1.1533e-10,1.2557e-10,1.1292e-10
2.8253e-11,1.7225e-11,3.1222e-11
3.1394e-11,1.6817e-11,2.7931e-11
2.372e-11,1.3481e-11,2.6463e-11
5.8714e-11,6.0321e-11,7.314e-11
2.1279e-11,2.4073e-11,2.3755e-11
1.4005e-10,1.3169e-10,1.0757e-10
2.9591e-11,3.2837e-11,3.3883e-11
2.2864e-11,2.3556e-11,2.4337e-11
5.1986e-11,6.5461e-11,6.0313e-11
1.8944e-10,1.0094e-10,7.8532e-11
1.2053e-10,7.2708e-11,6.5114e-11
2.7027e-11,2.1119e-11,2.3237e-11
1.9265e-10,9.8453e-11,8.3918e-11
2.1506e-10,9.516e-11,9.78e-11
2.1537e-11,2.5775e-11,4.1835e-11
3.3028e-11,3.6785e-11,4.0527e-11
2.4521e-11,2.9651e-11,2.7227e-11
4.9248e-11,6.0574e-11,5.8152e-11
1.7814e-11,2.3259e-11,2.2695e-11
3.411e-11,1.9977e-11,2.3482e-11
2.3567e-11,2.7561e-11,2.3377e-11
1.6739e-10,6.6912e-11,7.1735e-11
5.3887e-11,2.5701e-11,4.6815e-11
1.5438e-10,1.0209e-10,6.6326e-11
3.545e-11,4.0391e-11,3.8172e-11
5.312e-11,6.4109e-11,5.3857e-11
1.5506e-10,7.1525e-11,4.5326e-11
2.0192e-10,7.2958e-11,5.3059e-11
7.1282e-11,7.2363e-11,5.1102e-11
2.9291e-11,2.458e-11,3.0157e-11
2.967e-11,2.9947e-11,5.3577e-11
1.9028e-10,9.9043e-11,5.4756e-11
1.5441e-10,1.0713e-10,4.9751e-11
7.8277e-11,7.8859e-11,7.0434e-11
7.9111e-11,1.1107e-10,7.754e-11
8.6935e-11,7.9883e-11,6.6704e-11
7.7396e-11,7.0402e-12,9.6727e-11
7.4278e-11,1.0854e-11,9.8754e-11
7.6593e-11,1.981e-11,8.899e-11
7.3754e-11,2.6693e-11,9.1904e-11
8.8613e-11,1.6446e-11,1.1318e-10
5.3448e-11,1.6061e-11,5.6187e-11
5.4479e-11,2.7117e-11,7.1806e-11
4.826e-11,1.7874e-11,5.3814e-11
4.5037e-11,2.478e-11,5.991e-11
1.4525e-10,4.3995e-11,1.1143e-10
3.9905e-11,1.0111e-11,4.1392e-11
4.2007e-11,2.4806e-11,4.9831e-11
3.5704e-11,1.6673e-11,5.3622e-11
1.5059e-10,4.5322e-11,1.1577e-10
3.0638e-11,1.7025e-11,3.1639e-11
3.3483e-11,1.4694e-11,3.7993e-11
2.0201e-10,6.3501e-11,1.3444e-10
2.0212e-10,9.8604e-11,1.5938e-10
1.9561e-10,7.3783e-11,1.4209e-10
2.57e-11,1.1679e-11,3.8162e-11
2.4625e-11,1.5227e-11,2.5274e-11
1.2989e-10,1.3412e-10,1.2173e-10
9.2268e-11,8.1318e-11,9.4718e-11
2.2025e-11,2.08e-11,2.3357e-11
3.223e-11,2.917e-11,3.8654e-11
2.3306e-11,2.5171e-11,2.7505e-11
1.1774e-10,8.6579e-11,7.444e-11
2.0551e-11,1.8521e-11,2.6811e-11
2.1875e-10,1.2265e-10,1.0613e-10
1.6458e-10,1.0133e-10,8.6599e-11
5.4337e-11,6.5021e-11,6.2203e-11
2.1341e-11,1.8493e-11,2.2261e-11
1.7826e-11,1.7918e-11,2.0316e-11
2.3932e-11,1.8053e-11,2.5935e-11
5.2274e-11,6.2001e-11,4.7862e-11
4.9938e-11,5.5908e-11,4.6263e-11
2.8507e-11,2.6512e-11,1.8521e-11
1.9324e-10,9.1327e-11,7.9298e-11
2.1702e-11,2.1295e-11,2.9237e-11
1.8321e-10,6.8425e-11,7.0884e-11
1.8224e-10,7.0332e-11,7.7471e-11
3.0398e-11,2.4392e-11,2.796e-11
1.9211e-11,3.8493e-11,4.4133e-11
2.1156e-10,8.5767e-11,5.8941e-11
1.5057e-10,6.9016e-11,5.9482e-11
2.868e-11,3.0041e-11,3.0897e-11
1.2855e-10,6.3919e-11,4.1246e-11
1.4756e-10,6.014e-11,4.2544e-11
8.5616e-11,9.5349e-12,9.2108e-11
6.6897e-11,1.0487e-11,8.2282e-11
4.3066e-11,1.3692e-11,5.2181e-11
4.8747e-11,1.9266e-11,6.3489e-11
4.3528e-11,2.4029e-11,5.6198e-11
4.1362e-11,1.3053e-11,4.7555e-11
4.2952e-11,1.5995e-11,5.6633e-11
3.3627e-11,1.7431e-11,4.536e-11
4.6269e-11,3.1216e-11,5.4488e-11
3.5427e-11,1.9422e-11,4.3941e-11
3.1576e-11,1.486e-11,4.5235e-11
3.1626e-11,2.2021e-11,3.9447e-11
4.0594e-11,1.1687e-11,5.4229e-11
2.971e-11,2.1087e-11,4.4055e-11
8.4727e-11,2.2266e-11,7.9165e-11
4.109e-11,2.0147e-11,5.5521e-11
2.0793e-10,4.3724e-11,1.3667e-10
1.1656e-10,8.936e-11,1.1775e-10
5.7082e-11,6.0889e-11,6.87e-11
3.5799e-11,3.5511e-11,4.3539e-11
9.6451e-11,1.2281e-10,8.0272e-11
2.7733e-11,2.0553e-11,4.3492e-11
6.0249e-11,3.6683e-11,6.845e-11
1.319e-10,1.0252e-10,1.0877e-10
6.063e-11,7.1909e-11,7.2668e-11
9.8592e-11,8.2706e-11,8.1935e-11
2.0139e-10,1.2224e-10,1.0938e-10
3.5207e-11,2.0543e-11,2.8112e-11
2.9469e-11,1.9185e-11,2.3314e-11
7.0397e-11,8.4706e-11,7.829e-11
1.8821e-10,1.0976e-10,8.7771e-11
1.9941e-10,1.2875e-10,9.1849e-11
1.5683e-10,1.0983e-10,6.1997e-11
1.6511e-10,7.6043e-11,6.2154e-11
1.8752e-10,8.8801e-11,8.3966e-11
2.0729e-11,1.7333e-11,2.038e-11
1.4789e-10,5.3432e-11,3.8516e-11
2.8674e-11,3.0223e-11,3.0603e-11
4.0192e-11,4.3069e-11,3.912e-11
1.5503e-10,5.4015e-11,3.8454e-11
4.7503e-11,6.3589e-11,5.4854e-11
2.4207e-11,3.349e-11,3.2748e-11
1.8702e-10,7.6097e-11,4.912e-11
2.3437e-11,1.9745e-11,3.0008e-11
1.0969e-10,5.616e-11,6.3264e-11
1.072e-10,6.981e-11,3.9141e-11
9.566e-11,2.3276e-11,1.1262e-10
5.4494e-11,2.6054e-11,7.0332e-11
4.9783e-11,1.1265e-11,6.9765e-11
4.8865e-11,1.1943e-11,5.1222e-11
3.7414e-11,1.4335e-11,4.1427e-11
1.1524e-10,3.0773e-11,9.6148e-11
3.8988e-11,8.927e-12,4.0754e-11
7.0661e-11,3.3571e-11,6.9619e-11
1.6345e-10,3.155e-11,1.2238e-10
5.1021e-11,3.2657e-11,5.725e-11
3.9801e-11,2.7999e-11,4.6273e-11
3.2172e-11,1.0612e-11,3.7561e-11
3.1517e-11,1.4076e-11,3.1839e-11
2.2227e-10,9.0084e-11,1.4415e-10
1.7096e-10,1.2617e-10,1.3344e-10
2.1398e-10,7.4723e-11,1.4953e-10
1.2899e-10,1.2048e-10,1.1669e-10
1.5989e-10,6.1749e-11,1.276e-10
1.5351e-10,6.5544e-11,1.1264e-10
9.4949e-11,1.2918e-10,1.0312e-10
2.6918e-11,2.6006e-11,3.3319e-11
2.1695e-11,1.8834e-11,2.7598e-11
2.6493e-11,1.4524e-11,2.3347e-11
1.2634e-10,1.2101e-10,1.0946e-10
2.4141e-11,2.0843e-11,2.7323e-11
2.2591e-11,1.3454e-11,2.283e-11
5.4121e-11,2.9388e-11,5.9156e-11
2.0759e-11,2.1075e-11,2.3005e-11
5.8181e-11,5.6119e-11,6.8989e-11
5.8818e-11,8.5547e-11,7.7164e-11
1.7509e-10,1.1615e-10,1.2239e-10
1.1329e-10,8.0095e-11,6.6884e-11
3.1453e-11,3.3389e-11,3.035e-11
1.6005e-10,9.6532e-11,7.7654e-11
1.9278e-11,2.1198e-11,2.115e-11
2.0835e-10,1.0727e-10,8.2845e-11
4.6256e-11,5.5885e-11,5.1622e-11
2.3905e-11,1.8597e-11,2.3981e-11
2.0379e-11,2.3712e-11,2.5296e-11
1.5826e-10,9.4288e-11,7.3678e-11
1.4432e-10,1.0515e-10,6.6275e-11
1.3199e-10,1.0087e-10,5.5075e-11
1.2291e-10,1.0444e-10,3.7369e-11
3.5582e-11,3.8583e-11,3.6586e-11
8.3145e-11,1.6147e-11,8.596e-11
7.0317e-11,2.2165e-11,8.4771e-11
7.3545e-11,1.6409e-11,7.9575e-11
7.1748e-11,2.7819e-11,9.4343e-11
5.5034e-11,1.602e-11,5.5388e-11
4.2315e-11,1.2135e-11,4.4566e-11
1.3725e-10,3.4689e-11,1.1372e-10
2.0966e-10,4.0962e-11,1.333e-10
2.4207e-11,1.4784e-11,2.8002e-11
1.3953e-10,1.5578e-10,1.4771e-10
1.2167e-10,1.5444e-10,1.3185e-10
3.3125e-11,1.9765e-11,2.7081e-11
4.9733e-11,2.4606e-11,4.8185e-11
5.6606e-11,6.1206e-11,6.5076e-11
2.2886e-11,1.7342e-11,2.9837e-11
2.6096e-11,2.7503e-11,3.1147e-11
9.8891e-11,9.9344e-11,8.6859e-11
4.8765e-11,3.8288e-11,7.22e-11
5.1372e-11,5.1313e-11,6.4135e-11
1.8728e-10,1.1747e-10,1.1346e-10
2.3861e-11,1.803e-11,1.9182e-11
2.1146e-11,2.1385e-11,2.2527e-11
1.9989e-10,1.2941e-10,1.0099e-10
2.6067e-11,2.838e-11,2.2051e-11
5.0586e-11,6.4728e-11,5.9343e-11
2.8739e-11,3.803e-11,3.8285e-11
2.6134e-11,2.0396e-11,2.3306e-11
2.7546e-11,2.227e-11,2.5614e-11
1.9383e-10,8.0729e-11,7.0189e-11
1.1973e-10,1.0662e-10,4.949e-11
1.4934e-10,6.1503e-11,2.5276e-11
4.2193e-11,5.2636e-11,4.4839e-11
2.7273e-11,2.9049e-11,2.8298e-11
1.8577e-10,9.3291e-11,8.3175e-11
2.3454e-11,2.1253e-11,2.0008e-11
3.0752e-11,3.3392e-11,2.3908e-11
1.2232e-10,5.2169e-11,6.5119e-11
5.8636e-11,1.5825e-11,6.384e-11
5.0098e-11,6.425e-12,6.0048e-11
6.3865e-11,2.1766e-11,8.2803e-11
6.9954e-11,2.5869e-11,8.1364e-11
3.7952e-11,2.1859e-11,4.7051e-11
3.7623e-11,2.6348e-11,4.5251e-11
3.3693e-11,1.7554e-11,4.3347e-11
3.4501e-11,9.6516e-12,3.9222e-11
2.5423e-10,1.1027e-10,1.5506e-10
5.5844e-11,1.5379e-11,6.0855e-11
2.8624e-11,1.0756e-11,3.3978e-11
2.2502e-10,5.364e-11,1.3811e-10
5.6568e-11,5.3973e-11,6.7801e-11
2.2732e-11,1.2017e-11,2.5593e-11
2.8257e-11,1.2979e-11,2.5084e-11
2.8166e-11,9.2126e-12,3.1159e-11
2.7356e-11,2.7815e-11,3.1271e-11
1.392e-10,5.5192e-11,1.0589e-10
2.6015e-11,8.6173e-12,2.916e-11
2.5017e-11,2.6843e-11,3.2517e-11
1.013e-10,4.7328e-11,9.0093e-11
6.7118e-11,7.0746e-11,7.8238e-11
2.0516e-11,1.7173e-11,2.8298e-11
6.4542e-11,8.0409e-11,6.7383e-11
2.876e-11,3.3163e-11,3.4017e-11
2.3233e-11,1.9312e-11,2.6561e-11
4.0636e-11,4.2609e-11,3.804e-11
2.5126e-11,2.6342e-11,2.985e-11
2.7062e-11,1.9808e-11,2.2287e-11
2.2018e-11,2.3548e-11,2.1107e-11
1.8968e-10,1.2646e-10,1.0636e-10
3.0832e-11,2.2499e-11,1.8656e-11
2.1394e-11,3.1249e-11,2.9891e-11
2.3286e-11,2.1847e-11,2.0658e-11
1.4649e-10,9.2314e-11,5.8173e-11
3.0098e-11,3.2838e-11,2.1679e-11
1.8929e-10,7.7837e-11,6.5276e-11
2.0337e-11,1.9325e-11,2.5638e-11
3.1717e-11,2.5803e-11,2.0159e-11
1.937e-10,7.8379e-11,6.0575e-11
1.0313e-10,5.2958e-11,5.0441e-11
7.8007e-11,8.6211e-12,9.4175e-11
7.3282e-11,2.4995e-11,9.1198e-11
5.6217e-11,1.0536e-11,7.8808e-11
5.3657e-11,8.771e-12,5.8162e-11
4.9795e-11,1.4009e-11,5.2678e-11
5.2102e-11,1.7978e-11,5.2672e-11
4.1264e-11,2.0134e-11,5.2431e-11
8.9417e-11,2.5491e-11,9.1215e-11
3.8455e-11,1.9238e-11,4.9748e-11
4.3802e-11,1.4002e-11,6.2243e-11
2.9058e-10,6.2857e-11,1.6505e-10
2.9232e-10,7.965e-11,1.8495e-10
5.2694e-11,3.9789e-11,5.8944e-11
3.2227e-11,8.1727e-12,3.7069e-11
3.2945e-11,3.5133e-11,3.9143e-11
2.7805e-11,8.2899e-12,3.2324e-11
5.3467e-11,5.5547e-11,6.6453e-11
2.6422e-11,2.4015e-11,3.1902e-11
7.0832e-11,6.8952e-11,7.6988e-11
1.89e-11,1.1528e-11,2.7204e-11
5.3403e-11,5.9404e-11,5.7693e-11
1.6941e-10,1.1993e-10,1.3798e-10
9.4784e-11,7.4672e-11,7.1337e-11
1.8489e-10,1.0278e-10,9.0394e-11
2.0571e-11,2.7821e-11,2.5788e-11
3.4932e-11,4.6407e-11,4.4447e-11
2.1211e-11,3.4735e-11,3.0978e-11
2.1392e-11,1.9239e-11,2.4297e-11
1.7775e-10,6.9962e-11,8.1387e-11
1.5802e-10,6.8577e-11,5.6748e-11
2.527e-11,2.8682e-11,2.4414e-11
1.7379e-10,8.0489e-11,7.8597e-11
2.3062e-11,2.7138e-11,2.0421e-11
5.1348e-11,6.5698e-11,5.3198e-11
2.3922e-11,2.7341e-11,2.3566e-11
2.155e-11,2.2276e-11,2.238e-11
1.7673e-10,7.1453e-11,4.6694e-11
9.4022e-11,1.1117e-10,3.4005e-11
2.8523e-11,3.0102e-11,2.8351e-11
2.0308e-10,7.9359e-11,5.1157e-11
1.015e-10,1.0867e-10,3.65e-11
3.49e-11,2.4081e-11,2.85e-11
8.0836e-11,1.2691e-11,1.1137e-10
6.9227e-11,1.7948e-11,7.9014e-11
6.8166e-11,2.3348e-11,9.0737e-11
9.705e-11,3.3074e-11,1.0046e-10
3.7169e-11,1.4859e-11,5.1168e-11
4.1784e-11,1.3678e-11,5.9199e-11
6.1792e-11,4.5986e-11,6.9351e-11
3.3557e-11,2.5603e-11,5.3025e-11
5.1391e-11,3.8022e-11,5.7457e-11
2.9407e-11,2.1478e-11,3.7829e-11
2.0955e-10,4.6385e-11,1.2991e-10
1.3589e-10,1.2964e-10,1.2335e-10
2.8792e-11,2.4894e-11,3.5485e-11
3.0588e-11,1.2102e-11,3.4049e-11
1.681e-10,8.9085e-11,1.1229e-10
4.9231e-11,5.1032e-11,5.7484e-11
8.8003e-11,7.1529e-11,7.9466e-11
1.5614e-10,1.2671e-10,1.2127e-10
2.3109e-11,2.1188e-11,2.7369e-11
3.7737e-11,4.425e-11,4.3064e-11
1.9287e-10,1.4644e-10,1.1684e-10
2.5418e-11,1.9312e-11,2.1172e-11
4.1797e-11,4.9734e-11,4.5799e-11
9.2502e-11,7.2877e-11,7.2197e-11
2.5283e-11,2.8635e-11,2.2496e-11
2.588e-11,2.6729e-11,2.8618e-11
1.4126e-10,6.5355e-11,6.1073e-11
1.8086e-10,7.2707e-11,6.7643e-11
2.8888e-11,4.1536e-11,2.0623e-11
2.6892e-11,2.5045e-11,1.8407e-11
1.7122e-10,8.6146e-11,7.0274e-11
3.1501e-11,2.5731e-11,2.3737e-11
5.7498e-11,6.9689e-11,5.2513e-11
8.2161e-11,1.4261e-11,1.1161e-10
5.264e-11,1.1242e-11,5.4248e-11
4.707e-11,1.1743e-11,4.7821e-11
4.5754e-11,1.2028e-11,5.9231e-11
5.2059e-11,3.248e-11,6.632e-11
4.4581e-11,2.7645e-11,5.5624e-11
4.853e-11,1.8046e-11,6.8826e-11
3.6125e-11,1.0703e-11,5.2459e-11
2.6559e-10,5.9637e-11,1.5838e-10
3.5711e-11,1.211e-11,4.8455e-11
2.4722e-10,7.0689e-11,1.4241e-10
5.0867e-11,4.4834e-11,5.9527e-11
1.8369e-10,9.0246e-11,1.1122e-10
4.8806e-11,4.6091e-11,5.5336e-11
2.1379e-11,1.337e-11,2.4587e-11
2.8939e-11,2.7838e-11,3.5503e-11
2.6916e-11,2.6086e-11,2.9399e-11
2.2909e-11,1.6936e-11,2.7021e-11
3.6921e-11,2.1544e-11,5.6796e-11
2.2853e-11,1.0341e-11,2.631e-11
2.9507e-11,1.3794e-11,3.7977e-11
2.2763e-11,1.1674e-11,2.2789e-11
2.4865e-11,3.536e-11,3.1721e-11
9.2979e-11,3.7198e-11,8.0533e-11
2.6706e-11,2.7034e-11,3.0357e-11
2.2828e-11,1.2866e-11,3.2996e-11
4.9256e-11,8.4091e-11,6.4014e-11
1.2814e-10,9.9081e-11,1.1293e-10
1.7644e-10,1.4321e-10,1.0818e-10
7.0728e-11,8.2865e-11,7.5181e-11
1.7419e-10,1.011e-10,9.9192e-11
1.7905e-10,1.0668e-10,1.0594e-10
1.9653e-11,1.7736e-11,1.7153e-11
2.0462e-11,2.2383e-11,1.923e-11
1.4142e-10,1.144e-10,7.2385e-11
6.2439e-11,8.3215e-11,6.7644e-11
1.7457e-10,7.5987e-11,6.4438e-11
2.4358e-11,2.0041e-11,3.3926e-11
3.0118e-11,2.753e-11,2.1882e-11
1.4244e-10,6.8256e-11,6.2933e-11
2.5217e-11,2.6264e-11,2.2646e-11
1.6207e-10,6.5612e-11,6.4758e-11
3.2962e-11,4.0224e-11,2.2051e-11
9.0436e-11,2.1856e-11,1.1705e-10
8.3663e-11,2.272e-11,1.0283e-10
7.285e-11,2.2385e-11,9.3467e-11
4.8441e-11,9.1618e-12,6.7901e-11
6.4935e-11,2.2375e-11,8.9137e-11
4.1891e-11,1.2349e-11,4.8392e-11
4.0452e-11,1.0636e-11,4.4985e-11
5.655e-11,2.1329e-11,7.6588e-11
4.0504e-11,2.1492e-11,5.3506e-11
6.5015e-11,2.0864e-11,8.0928e-11
6.5828e-11,4.3942e-11,7.1822e-11
6.5344e-11,5.2268e-11,7.3774e-11
2.5592e-10,1.0406e-10,1.4437e-10
2.9172e-11,2.402e-11,3.1867e-11
2.0134e-10,4.3427e-11,1.2694e-10
6.4282e-11,5.8819e-11,7.5372e-11
2.6207e-11,1.7095e-11,2.5909e-11
2.971e-11,1.7562e-11,2.9057e-11
2.4148e-11,1.9479e-11,2.5954e-11
1.4731e-10,1.5182e-10,1.7539e-10
2.3288e-11,1.7105e-11,2.0448e-11
1.4568e-10,1.8585e-10,1.4259e-10
5.1894e-11,1.6183e-11,5.8601e-11
2.1624e-11,1.0574e-11,3e-11
1.0135e-10,4.5122e-11,8.9662e-11
9.1717e-11,1.3713e-10,1.2163e-10
4.4828e-11,2.179e-11,4.7526e-11
4.0748e-11,4.4993e-11,4.5409e-11
2.3386e-11,2.2201e-11,2.2706e-11
1.6312e-10,1.4945e-10,1.2001e-10
1.5267e-10,1.0624e-10,1.137e-10
1.1696e-10,8.6421e-11,7.0205e-11
1.6002e-10,1.0066e-10,1.0815e-10
1.3807e-10,1.3439e-10,7.4478e-11
6.8192e-11,8.9981e-11,7.2661e-11
2.2261e-11,1.8119e-11,1.7148e-11
1.8371e-10,7.0321e-11,8.0045e-11
1.5982e-10,7.9885e-11,6.0618e-11
3.2123e-11,3.7492e-11,3.5718e-11
4.3261e-11,4.9437e-11,4.1034e-11
2.2088e-11,3.2085e-11,3.0366e-11
1.5472e-10,8.5073e-11,5.4753e-11
1.19e-10,8.9187e-11,5.0305e-11
8.3501e-11,7.5529e-12,8.8845e-11
6.6555e-11,1.881e-11,8.0995e-11
6.0954e-11,3.0454e-11,7.0728e-11
4.6323e-11,1.5967e-11,5.4451e-11
6.6419e-11,3.9056e-11,7.2138e-11
5.2254e-11,1.6248e-11,7.6195e-11
4.8612e-11,2.8858e-11,5.7672e-11
4.6091e-11,1.8887e-11,6.2852e-11
3.5635e-11,2.1847e-11,4.2816e-11
2.806e-10,9.6061e-11,1.6232e-10
2.9333e-11,1.4211e-11,3.2213e-11
3.0369e-11,2.1256e-11,3.9107e-11
1.2082e-10,1.6056e-10,1.6461e-10
2.3434e-11,1.3693e-11,2.7831e-11
1.6339e-10,5.3809e-11,1.1017e-10
3.9516e-11,3.4994e-11,4.4412e-11
2.2211e-11,1.4277e-11,2.8603e-11
2.1875e-11,1.1604e-11,2.5581e-11
5.7936e-11,5.9596e-11,6.462e-11
9.3603e-11,4.042e-11,8.6325e-11
5.8525e-11,6.2318e-11,6.5386e-11
2.7215e-11,1.7242e-11,4.3715e-11
1.061e-10,1.2243e-10,1.1494e-10
6.6492e-11,8.7489e-11,9.728e-11
6.5249e-11,7.2647e-11,7.085e-11
2.9875e-11,2.7616e-11,3.5309e-11
1.2156e-10,9.7629e-11,1.2645e-10
1.9341e-11,1.5323e-11,1.7452e-11
7.0013e-11,8.1653e-11,7.576e-11
1.3828e-10,9.7236e-11,8.6462e-11
1.0399e-10,8.4345e-11,5.5331e-11
3.2541e-11,3.4499e-11,3.5481e-11
1.351e-10,1.4161e-10,8.3299e-11
2.6912e-11,3.4119e-11,2.881e-11
2.2658e-11,2.4688e-11,2.6491e-11
2.3594e-11,2.3489e-11,1.7977e-11
1.0774e-10,9.924e-11,5.7567e-11
2.0756e-11,2.4151e-11,2.453e-11
3.918e-11,4.6789e-11,4.0138e-11
3.1658e-11,3.6034e-11,3.1007e-11
2.5865e-11,3.5987e-11,3.2861e-11
5.1109e-11,6.1877e-11,4.9205e-11
2.2286e-11,1.8318e-11,2.3167e-11
1.5125e-10,6.6306e-11,7.5663e-11
3.0872e-11,4.237e-11,3.4242e-11
1.0046e-10,7.1304e-11,5.1528e-11
8.2337e-11,1.1759e-11,1.167e-10
6.6584e-11,1.8669e-11,6.8978e-11
7.8634e-11,1.6398e-11,1.1053e-10
6.6408e-11,3.3377e-11,7.5231e-11
5.1735e-11,1.0044e-11,7.3319e-11
6.0275e-11,3.3906e-11,7.2404e-11
4.8153e-11,1.4921e-11,7.3431e-11
7.0023e-11,4.7128e-11,7.9454e-11
4.036e-11,1.2059e-11,4.337e-11
6.3627e-11,2.0826e-11,8.2496e-11
4.3896e-11,1.6688e-11,6.8602e-11
5.2434e-11,2.932e-11,5.7111e-11
5.943e-11,4.6778e-11,6.8786e-11
3.5467e-11,9.3333e-12,5.0774e-11
2.1184e-10,5.7291e-11,1.4912e-10
1.8715e-10,6.243e-11,1.3624e-10
1.9776e-10,8.3115e-11,1.1581e-10
3.3135e-11,2.8602e-11,3.915e-11
2.5167e-11,1.4318e-11,3.3312e-11
2.9523e-11,2.3707e-11,3.2692e-11
2.5021e-11,9.246e-12,2.4277e-11
1.6119e-10,2.1472e-10,1.8209e-10
2.2853e-11,9.5693e-12,2.2503e-11
2.599e-11,1.4519e-11,3.2657e-11
2.5381e-11,1.3703e-11,3.0314e-11
2.2676e-11,1.7171e-11,2.7307e-11
5.6961e-11,7.4201e-11,7.4221e-11
1.3705e-10,1.1696e-10,1.2428e-10
2.228e-11,1.9896e-11,2.8793e-11
4.9741e-11,6.7466e-11,5.7826e-11
3.772e-11,3.7919e-11,7.3918e-11
1.1566e-10,8.9423e-11,8.708e-11
2.0971e-11,1.7542e-11,2.3111e-11
1.7871e-11,2.002e-11,1.6062e-11
2.0544e-11,2.2242e-11,2.222e-11
1.4904e-10,1.3009e-10,9.0393e-11
1.4151e-10,1.3538e-10,8.5934e-11
2.6533e-11,3.1501e-11,2.6874e-11
2.2732e-11,2.021e-11,2.0123e-11
1.5022e-10,7.8235e-11,6.7946e-11
1.2916e-10,9.3189e-11,6.7581e-11
2.1256e-11,1.9052e-11,1.695e-11
1.668e-10,6.6006e-11,4.2488e-11
6.1046e-11,1.0616e-10,2.7724e-11
2.9438e-11,2.8016e-11,2.4189e-11
8.1857e-11,1.1454e-11,1.0255e-10
6.9989e-11,1.8141e-11,8.0047e-11
6.5513e-11,3.7755e-11,7.4237e-11
4.6349e-11,1.2293e-11,6.7394e-11
3.6915e-11,2.3704e-11,4.1245e-11
3.5699e-11,2.1324e-11,4.9641e-11
3.8267e-11,2.7131e-11,4.157e-11
6.2832e-11,5.6342e-11,7.2419e-11
1.9058e-10,9.0816e-11,1.1277e-10
1.2295e-10,1.6608e-10,1.8137e-10
2.9157e-11,1.3555e-11,2.8482e-11
3.2289e-11,1.494e-11,3.6765e-11
2.5889e-11,1.7533e-11,3.4278e-11
3.8675e-11,3.3301e-11,4.2388e-11
3.3332e-11,2.8158e-11,4.0244e-11
2.4538e-11,2.2743e-11,2.3854e-11
1.4091e-10,1.7724e-10,1.9842e-10
8.2223e-11,1.0455e-10,8.8054e-11
2.7466e-11,2.0115e-11,4.5381e-11
3.902e-11,1.7576e-11,5.0813e-11
3.0493e-11,1.2097e-11,3.8608e-11
6.8275e-11,8.0749e-11,7.749e-11
8.9804e-11,4.4918e-11,8.5577e-11
2.5413e-11,1.9937e-11,2.8356e-11
7.0025e-11,6.7954e-11,7.9642e-11
4.8539e-11,5.4368e-11,5.4044e-11
4.8264e-11,7.764e-11,6.6826e-11
2.3356e-11,2.7167e-11,2.3603e-11
5.3181e-11,2.8862e-11,6.1942e-11
3.4466e-11,3.9584e-11,3.6479e-11
7.0441e-11,6.3614e-11,6.1015e-11
1.4062e-10,9.8339e-11,1.1715e-10
3.3548e-11,4.0399e-11,3.5967e-11
3.104e-11,3.1585e-11,3.0573e-11
2.1177e-11,2.5298e-11,2.1332e-11
1.2663e-10,7.0734e-11,6.7963e-11
6.5242e-11,8.4334e-11,6.4769e-11
2.5148e-11,2.5366e-11,2.4962e-11
9.3167e-11,9.8296e-11,4.3456e-11
2.6165e-11,1.9654e-11,2.0707e-11
1.1546e-10,1.0612e-10,6.7913e-11
2.6831e-11,3.58e-11,2.6759e-11
3.1081e-11,2.3121e-11,2.5388e-11
1.365e-10,8.2044e-11,5.7613e-11
1.681e-10,6.8647e-11,7.1363e-11
8.5022e-11,9.7597e-12,9.3499e-11
8.0407e-11,9.365e-12,9.6582e-11
8.2274e-11,1.4829e-11,1.0662e-10
7.4143e-11,1.1694e-11,9.2616e-11
7.7359e-11,2.2021e-11,8.6642e-11
7.795e-11,2.1645e-11,8.5233e-11
6.3638e-11,1.205e-11,8.8335e-11
6.1678e-11,2.4008e-11,7.0539e-11
4.1787e-11,1.3882e-11,4.2879e-11
4.4624e-11,2.5192e-11,5.1289e-11
3.7272e-11,1.6334e-11,3.9213e-11
4.7956e-11,3.7592e-11,5.4472e-11
3.8945e-11,1.1476e-11,5.3582e-11
3.6018e-11,2.5428e-11,4.0573e-11
3.5762e-11,2.1591e-11,3.971e-11
3.0515e-11,1.5102e-11,3.2704e-11
2.5863e-11,1.2504e-11,2.6965e-11
2.2597e-10,5.1105e-11,1.136e-10
2.7894e-11,1.4255e-11,3.3784e-11
2.5963e-11,1.9946e-11,2.401e-11
7.7334e-11,1.3545e-10,1.2914e-10
1.6474e-10,2.0081e-10,2.2667e-10
5.9606e-11,1.0166e-10,9.7705e-11
5.1345e-11,7.1361e-11,6.9016e-11
4.2634e-11,7.0718e-11,6.3459e-11
2.6179e-11,2.7205e-11,3.1903e-11
4.6335e-11,6.2894e-11,6.1238e-11
3.95e-11,4.1415e-11,7.8439e-11
6.903e-11,8.1173e-11,7.25e-11
1.8095e-11,1.6782e-11,1.9519e-11
1.3032e-10,7.1383e-11,7.5172e-11
3.1746e-11,3.0084e-11,3.0135e-11
1.976e-11,2.3141e-11,1.8833e-11
1.3458e-10,7.5416e-11,7.317e-11
4.0335e-11,2.6004e-11,4.0305e-11
3.1229e-11,2.3834e-11,2.3632e-11
2.8011e-11,3.7815e-11,1.8842e-11
1.0454e-10,9.1506e-11,5.0468e-11
3.5542e-11,3.8452e-11,3.167e-11
1.5048e-10,7.7264e-11,3.3118e-11
2.5129e-11,2.3818e-11,2.5491e-11
5.6763e-11,1.7463e-11,6.4281e-11
5.9964e-11,1.8274e-11,6.3646e-11
6.831e-11,3.0875e-11,8.2324e-11
6.0909e-11,2.9123e-11,7.5898e-11
3.9429e-11,1.4706e-11,4.2978e-11
3.0918e-10,9.7817e-11,1.678e-10
5.1078e-11,3.8068e-11,5.2656e-11
1.699e-10,6.041e-11,1.3059e-10
7.53e-11,2.2688e-11,8.4117e-11
2.6916e-11,1.1348e-11,2.6866e-11
1.7715e-10,1.1826e-10,1.1513e-10
5.2097e-11,5.2199e-11,5.9106e-11
5.2803e-11,5.3437e-11,5.8383e-11
1.4237e-10,5.4862e-11,9.1751e-11
2.5767e-11,1.4914e-11,4.6758e-11
2.9931e-11,1.4491e-11,4.9117e-11
2.9594e-11,1.3306e-11,2.6554e-11
2.3441e-11,2.0991e-11,3.5489e-11
1.8113e-10,2.1935e-10,2.0296e-10
6.5119e-11,1.079e-10,1.1147e-10
3.9e-11,4.05e-11,4.1206e-11
9.5556e-11,1.181e-10,1.5429e-10
2.6552e-11,2.1889e-11,2.6625e-11
4.7965e-11,4.2955e-11,6.752e-11
3.1071e-11,3.261e-11,3.1827e-11
5.9715e-11,6.8552e-11,6.1743e-11
8.0039e-11,7.4743e-11,7.939e-11
5.7722e-11,6.7884e-11,5.5429e-11
1.8347e-11,1.8127e-11,1.932e-11
2.0122e-11,2.7277e-11,2.0911e-11
9.9275e-11,1.4491e-10,5.7498e-11
4.4411e-11,3.0654e-11,5.523e-11
2.6158e-11,2.554e-11,1.7308e-11
1.4139e-10,6.0838e-11,7.3471e-11
3.1443e-11,2.1885e-11,2.569e-11
1.6067e-10,6.4364e-11,7.2679e-11
7.8392e-11,1.122e-11,9.2924e-11
7.4448e-11,1.9449e-11,7.4372e-11
7.2833e-11,2.1321e-11,8.1987e-11
6.8009e-11,2.5585e-11,8.1424e-11
6.3322e-11,2.5316e-11,7.6158e-11
7.565e-11,5.252e-11,8.3151e-11
1.1698e-10,2.7918e-11,1.1517e-10
1.2257e-10,2.4626e-11,1.0613e-10
1.9698e-10,5.1601e-11,1.4575e-10
3.635e-11,2.248e-11,4.1038e-11
2.3925e-10,5.3541e-11,1.3811e-10
1.6997e-10,1.4306e-10,1.7568e-10
2.6255e-11,1.4512e-11,2.7153e-11
1.1291e-10,1.6828e-10,2.1033e-10
2.7351e-11,1.0744e-11,2.2721e-11
2.2081e-11,1.0837e-11,2.6318e-11
4.7558e-11,2.092e-11,6.2749e-11
5.6661e-11,6.0007e-11,5.7054e-11
3.277e-11,3.4013e-11,3.2674e-11
2.5765e-11,2.1887e-11,2.3135e-11
4.3228e-11,6.089e-11,7.0934e-11
3.4263e-11,6.6688e-11,6.4331e-11
8.2457e-11,1.0356e-10,1.1474e-10
1.6887e-10,1.7936e-10,1.2942e-10
6.6184e-11,7.633e-11,6.3739e-11
8.3395e-11,7.4994e-11,6.9494e-11
1.1377e-10,1.6223e-10,9.1249e-11
1.2096e-10,8.7454e-11,9.4059e-11
2.6185e-11,2.4256e-11,2.628e-11
8.8505e-11,1.0401e-10,4.5568e-11
2.1982e-11,2.2343e-11,2.1007e-11
2.4535e-11,1.9341e-11,1.789e-11
3.9541e-11,4.6302e-11,3.7228e-11
1.422e-10,5.8534e-11,6.3204e-11
2.9629e-11,2.5069e-11,2.6131e-11
2.5919e-11,2.1728e-11,1.8772e-11
2.651e-11,2.5482e-11,2.4801e-11
3.0301e-11,2.6246e-11,2.4919e-11
1.1698e-10,8.1842e-11,5.4872e-11
1.0453e-10,5.4754e-11,7.3656e-11
8.4015e-11,1.3882e-11,8.7119e-11
7.3343e-11,1.3153e-11,7.6727e-11
7.4916e-11,4.1704e-11,8.2813e-11
7.6299e-11,2.3508e-11,1.0488e-10
8.3393e-11,2.4072e-11,1.068e-10
3.8292e-11,1.5595e-11,4.0282e-11
6.6723e-11,1.9362e-11,8.6155e-11
1.2034e-10,2.2749e-11,1.0387e-10
3.4665e-11,1.2813e-11,3.458e-11
2.4597e-10,1.3555e-10,1.6049e-10
1.6605e-10,4.1219e-11,1.2717e-10
3.2053e-11,1.7919e-11,3.4797e-11
5.0862e-11,1.7406e-11,6.8714e-11
2.511e-10,7.1915e-11,1.2814e-10
2.2684e-10,5.3981e-11,1.2089e-10
1.7664e-10,1.4831e-10,1.9384e-10
4.7017e-11,2.2309e-11,6.9783e-11
4.7153e-11,3.719e-11,4.6127e-11
5.8714e-11,1.712e-11,7.4038e-11
2.1156e-10,9.3482e-11,1.1491e-10
2.6386e-11,1.4786e-11,2.6453e-11
2.6938e-11,1.8173e-11,3.2572e-11
3.0822e-11,2.3015e-11,3.0819e-11
9.7951e-11,1.6689e-10,1.2595e-10
1.5089e-10,5.7317e-11,9.7823e-11
2.3631e-11,1.5216e-11,3.4719e-11
7.6108e-11,1.0108e-10,9.4536e-11
6.7042e-11,7.1399e-11,7.3029e-11
2.4378e-11,1.5039e-11,2.3044e-11
8.5907e-11,7.5687e-11,7.563e-11
8.4072e-11,7.6617e-11,8.1147e-11
3.2905e-11,3.2252e-11,3.3636e-11
8.0465e-11,3.9193e-11,8.0462e-11
2.2986e-11,1.002e-11,3.7005e-11
1.0096e-10,1.1123e-10,1.4433e-10
3.4934e-11,2.8182e-11,5.4477e-11
7.1243e-11,3.493e-11,6.9532e-11
6.1304e-11,6.9537e-11,6.2171e-11
5.3406e-11,5.9413e-11,5.1789e-11
1.0374e-10,1.0306e-10,1.0248e-10
1.5207e-10,1.3614e-10,1.2276e-10
7.6518e-11,8.9531e-11,7.3558e-11
3.7972e-11,4.1587e-11,3.1627e-11
2.5726e-11,2.3743e-11,1.6705e-11
1.8882e-11,1.7845e-11,2.1938e-11
1.1894e-10,1.2614e-10,8.0894e-11
3.7432e-11,2.5357e-11,4.4645e-11
1.3853e-10,6.5115e-11,6.3395e-11
1.071e-10,9.0968e-11,6.7654e-11
6.7909e-11,1.1018e-10,3.1311e-11
2.9011e-11,1.988e-11,3.3509e-11
1.473e-10,6.909e-11,5.9923e-11
2.5318e-11,2.0422e-11,2.7214e-11
3.9122e-11,3.8643e-11,3.0931e-11
2.4539e-11,2.2331e-11,2.3226e-11
1.1429e-10,7.3644e-11,5.5309e-11
8.9131e-11,1.706e-11,9.3724e-11
8.4513e-11,1.7918e-11,9.0728e-11
8.096e-11,2.2745e-11,8.0087e-11
7.3261e-11,1.9279e-11,7.833e-11
5.4506e-11,1.732e-11,5.5321e-11
4.6426e-11,1.774e-11,5.1407e-11
7.2757e-11,2.5234e-11,9.5159e-11
7.3808e-11,4.5184e-11,7.6078e-11
6.9445e-11,5.0394e-11,7.3827e-11
3.03e-10,8.6366e-11,1.6559e-10
3.3418e-10,1.1391e-10,1.7623e-10
2.079e-10,5.1753e-11,1.4478e-10
3.2736e-11,1.473e-11,3.7413e-11
3.7571e-11,1.0915e-11,5.5195e-11
3.2039e-10,1.156e-10,1.5232e-10
3.2996e-11,1.0008e-11,3.2434e-11
3.3749e-11,1.1008e-11,3.3426e-11
3.3604e-11,1.1144e-11,5.2049e-11
3.2988e-11,1.7349e-11,3.4031e-11
2.2575e-10,5.8135e-11,1.2952e-10
1.919e-10,1.4792e-10,1.7184e-10
1.5243e-10,3.3776e-11,1.0782e-10
2.7178e-11,1.5117e-11,2.7927e-11
2.0707e-10,8.3315e-11,1.1685e-10
4.6259e-11,4.1591e-11,5.0021e-11
2.7196e-11,2.813e-11,3.3026e-11
2.5657e-11,1.7317e-11,3.6879e-11
2.2904e-11,1.583e-11,2.0706e-11
9.9283e-11,5.9908e-11,7.9104e-11
2.1789e-11,2.7915e-11,2.3426e-11
2.8741e-11,1.9798e-11,3.9422e-11
6.6289e-11,8.3487e-11,6.7124e-11
6.1262e-11,8.4262e-11,9.5952e-11
1.9528e-11,8.6659e-12,2.38e-11
1.1612e-10,1.4144e-10,1.3019e-10
2.9957e-11,1.3075e-11,2.8399e-11
4.2611e-11,6.4946e-11,6.6739e-11
1.5781e-10,1.8954e-10,1.2829e-10
4.4457e-11,5.1938e-11,4.8689e-11
1.2156e-10,1.7089e-10,1.0607e-10
6.645e-11,7.7329e-11,5.5297e-11
2.8927e-11,2.1571e-11,1.715e-11
1.0285e-10,1.6688e-10,8.5364e-11
1.1178e-10,1.258e-10,8.4017e-11
2.958e-11,2.952e-11,2.5232e-11
3.756e-11,3.8021e-11,2.9337e-11
3.2994e-11,3.1379e-11,2.5066e-11
2.6059e-11,2.6622e-11,2.722e-11
1.1726e-10,6.0571e-11,6.8241e-11
7.9217e-11,1.0288e-10,4.2712e-11
4.711e-11,5.2082e-11,4.2001e-11
1.0255e-10,6.9263e-11,6.3565e-11
4.8694e-11,1.0347e-10,3.0749e-11
5.6019e-11,8.4843e-11,2.9666e-11
1.5899e-10,6.2001e-11,6.707e-11
2.5235e-11,2.1282e-11,2.0696e-11
1.1157e-10,6.4838e-11,5.6675e-11
6.3713e-11,1.6107e-11,6.1896e-11
5.8868e-11,1.8385e-11,6.4121e-11
6.1922e-11,1.4013e-11,8.5683e-11
5.789e-11,1.3646e-11,8.2333e-11
5.3233e-11,1.2667e-11,6.0502e-11
7.8542e-11,2.7685e-11,1.0803e-10
3.8537e-11,1.0669e-11,4.3989e-11
3.9172e-11,1.1782e-11,5.7819e-11
2.8665e-10,8.1678e-11,1.4159e-10
2.9892e-11,1.1687e-11,3.2387e-11
4.2368e-11,1.7907e-11,6.5194e-11
3.4067e-11,1.4249e-11,5.1866e-11
3.2307e-11,2.2053e-11,3.9994e-11
2.8363e-11,8.4782e-12,3.4644e-11
1.5062e-10,4.2299e-11,1.015e-10
1.0137e-10,1.6403e-10,2.1593e-10
4.7128e-11,3.9417e-11,4.5604e-11
2.9725e-11,2.5731e-11,3.0567e-11
7.8428e-11,1.5222e-10,1.6173e-10
2.5728e-11,1.3449e-11,4.5651e-11
1.5385e-10,2.1081e-10,2.3689e-10
1.2903e-10,2.2411e-10,1.8998e-10
2.4753e-11,1.8163e-11,2.3715e-11
5.4974e-11,2.8598e-11,6.077e-11
2.2014e-11,1.808e-11,2.3964e-11
9.5159e-11,9.8536e-11,1.0314e-10
1.2578e-10,1.7029e-10,9.496e-11
1.2764e-10,1.7004e-10,9.3339e-11
1.2714e-10,1.0941e-10,7.9615e-11
2.2509e-11,2.386e-11,2.4566e-11
2.0018e-11,2.2723e-11,2.1984e-11
2.3731e-11,2.1136e-11,1.5891e-11
3.2332e-11,3.1903e-11,2.7157e-11
2.0016e-11,2.092e-11,2.8715e-11
2.6091e-11,2.0614e-11,3.9496e-11
2.6303e-11,2.3085e-11,2.0382e-11
1.2272e-10,7.9025e-11,7.2689e-11
4.5082e-11,4.3465e-11,3.6309e-11
9.7819e-11,6.2442e-11,6.5263e-11
7.6519e-11,2.0735e-11,8.3162e-11
5.447e-11,1.6907e-11,6.1513e-11
6.8909e-11,3.9926e-11,7.3399e-11
7.4964e-11,4.3861e-11,7.8923e-11
6.205e-11,3.5626e-11,6.2615e-11
4.392e-11,1.3835e-11,4.4846e-11
1.0886e-10,3.0045e-11,1.1247e-10
3.4167e-10,1.0089e-10,1.7811e-10
3.9074e-11,2.5713e-11,4.3296e-11
3.6648e-11,1.4192e-11,4.6229e-11
5.2284e-11,3.6362e-11,4.8001e-11
3.8328e-11,1.1501e-11,4.4305e-11
1.8756e-10,4.6396e-11,1.3704e-10
2.9348e-11,1.8409e-11,3.1371e-11
3.0578e-11,1.4594e-11,3.0286e-11
2.6154e-10,9.2441e-11,1.2868e-10
3.1865e-11,2.3843e-11,3.2464e-11
2.9932e-11,1.573e-11,2.9234e-11
3.8397e-11,1.521e-11,6.0403e-11
5.654e-11,1.7874e-11,7.2359e-11
9.6005e-11,1.9827e-10,2.0735e-10
7.2751e-11,1.4555e-10,1.6873e-10
2.5826e-11,2.4461e-11,3.6488e-11
2.3945e-11,1.299e-11,3.9694e-11
2.6476e-11,2.3478e-11,5.4315e-11
1.2979e-10,1.9739e-10,1.5532e-10
1.0464e-10,1.6245e-10,1.8028e-10
5.9165e-11,4.4441e-11,7.4754e-11
1.0366e-10,1.3655e-10,1.4603e-10
3.3714e-11,6.6147e-11,6.3508e-11
1.4469e-10,1.8617e-10,1.3832e-10
1.3116e-10,1.2748e-10,1.218e-10
2.8811e-11,3.1524e-11,2.4888e-11
3.3662e-11,3.0445e-11,3.3965e-11
1.0896e-10,9.7254e-11,8.4779e-11
5.6921e-11,6.3575e-11,4.4766e-11
7.1644e-11,8.6366e-11,5.818e-11
2.3005e-11,1.9507e-11,1.5175e-11
7.184e-11,7.6359e-11,4.4724e-11
1.0548e-10,5.4776e-11,5.4892e-11
7.4573e-11,2.0624e-11,7.6604e-11
7.0446e-11,1.9936e-11,9.2885e-11
7.3624e-11,2.3375e-11,9.6934e-11
5.6439e-11,1.2607e-11,6.4724e-11
4.6464e-11,1.8701e-11,7.2673e-11
3.0286e-10,6.379e-11,1.7535e-10
7.2637e-11,1.9554e-11,9.8164e-11
4.2018e-11,1.1784e-11,4.8302e-11
4.0988e-11,1.4408e-11,4.2233e-11
5.5465e-11,3.7483e-11,5.0974e-11
3.8997e-11,1.494e-11,5.1853e-11
3.6612e-11,1.551e-11,4.9869e-11
2.3822e-10,8.7103e-11,1.2558e-10
3.8283e-11,3.1023e-11,3.7996e-11
1.2699e-10,1.8159e-10,2.5063e-10
3.1385e-11,3.2405e-11,3.6457e-11
5.3387e-11,4.8701e-11,5.1629e-11
3.398e-11,2.7261e-11,3.1539e-11
6.2462e-11,6.4323e-11,6.4986e-11
3.3103e-11,2.6609e-11,2.6055e-11
2.7855e-11,1.6193e-11,3.1613e-11
4.0705e-11,3.9594e-11,3.5767e-11
4.1109e-11,4.3914e-11,3.885e-11
2.2672e-11,2.7485e-11,1.8117e-11
1.0534e-10,1.0195e-10,9.3588e-11
7.1944e-11,8.4073e-11,5.9016e-11
2.4826e-11,2.2395e-11,2.2041e-11
1.2651e-10,5.8843e-11,6.8292e-11
9.7862e-11,5.8564e-11,6.5177e-11
1.4467e-10,6.3058e-11,6.4799e-11
6.8336e-11,7.6726e-11,4.3013e-11
4.0308e-11,3.658e-11,3.1124e-11
4.3968e-11,9.8931e-11,2.9054e-11
1.0167e-10,5.6462e-11,5.2733e-11
1.0802e-10,5.7851e-11,4.1274e-11
6.5645e-11,1.8803e-11,8.5448e-11
9.2083e-11,2.9697e-11,1.1345e-10
6.3059e-11,1.549e-11,8.954e-11
7.8109e-11,2.5141e-11,1.0132e-10
9.3424e-11,3.3879e-11,1.1944e-10
6.3685e-11,2.1179e-11,8.2805e-11
4.9254e-11,2.5879e-11,5.4959e-11
7.4038e-11,4.8883e-11,7.4729e-11
8.3485e-11,2.6521e-11,1.1152e-10
4.0708e-11,2.4732e-11,5.4114e-11
4.4637e-11,1.9725e-11,6.6572e-11
4.2627e-11,1.1137e-11,4.8063e-11
3.8004e-11,1.8271e-11,4.4187e-11
3.1252e-10,1.3783e-10,1.6941e-10
3.6722e-11,1.6264e-11,5.3047e-11
2.1523e-10,1.5185e-10,2.1072e-10
3.0417e-11,2.3285e-11,3.3052e-11
1.755e-10,6.0331e-11,1.1784e-10
2.9688e-11,1.6308e-11,3.3659e-11
4.6274e-11,1.5622e-11,5.9898e-11
2.5553e-11,1.0231e-11,2.6587e-11
2.7445e-11,1.682e-11,2.1082e-11
2.5277e-11,1.905e-11,2.2082e-11
6.2252e-11,1.6208e-10,1.4925e-10
1.224e-10,2.1506e-10,2.1142e-10
2.7953e-11,1.9249e-11,4.1791e-11
5.5966e-11,2.5617e-11,6.4598e-11
2.4122e-11,2.9597e-11,2.263e-11
2.432e-11,1.5633e-11,2.0165e-11
2.2525e-11,1.6631e-11,2.9526e-11
7.1965e-11,8.0895e-11,7.2407e-11
4.6651e-11,6.0956e-11,6.7035e-11
3.9503e-11,4.2002e-11,6.2947e-11
3.4897e-11,3.474e-11,2.998e-11
1.1397e-10,1.6227e-10,1.1957e-10
5.2514e-11,6.0431e-11,4.3207e-11
2.5418e-11,2.2513e-11,2.0813e-11
3.2691e-11,3.1587e-11,2.3423e-11
3.7098e-11,1.8047e-11,3.1427e-11
6.5087e-11,1.075e-10,4.7256e-11
3.5848e-11,2.1451e-11,3.1817e-11
5.1765e-11,5.0945e-11,4.1668e-11
2.038e-11,2.3147e-11,2.7913e-11
4.996e-11,5.4601e-11,4.0955e-11
2.9259e-11,2.6624e-11,2.3428e-11
2.6225e-11,2.8026e-11,2.4696e-11
3.3759e-11,4.1086e-11,1.8916e-11
1.0505e-10,6.3231e-11,5.7786e-11
2.3405e-11,1.7883e-11,1.5434e-11
5.1073e-11,9.3389e-11,3.1905e-11
9.473e-11,7.7826e-11,5.4319e-11
4.18e-11,9.2514e-11,2.9782e-11
6.9729e-11,1.9202e-11,9.4538e-11
7.7648e-11,2.5343e-11,1.0113e-10
5.4017e-11,2.4861e-11,5.9477e-11
5.4026e-11,2.8123e-11,5.4876e-11
5.2197e-11,2.745e-11,5.8719e-11
4.4031e-11,1.893e-11,5.2313e-11
4.4079e-11,1.697e-11,5.733e-11
6.5746e-11,2.3767e-11,9.4776e-11
4.0432e-11,2.4102e-11,4.3259e-11
4.0959e-11,2.9954e-11,3.7234e-11
6.6523e-11,5.1847e-11,6.2878e-11
3.1172e-11,1.6071e-11,3.1329e-11
2.4174e-10,8.3009e-11,1.2296e-10
4.3183e-11,3.1558e-11,3.8675e-11
2.9703e-11,2.1573e-11,2.728e-11
4.3267e-11,4.4423e-11,4.4301e-11
5.8386e-11,1.487e-10,1.648e-10
2.343e-11,2.3822e-11,3.7527e-11
5.5925e-11,2.6981e-11,6.2434e-11
6.7932e-11,7.4703e-11,6.5872e-11
2.3754e-11,2.4026e-11,3.0991e-11
1.2153e-10,1.8854e-10,1.3129e-10
2.301e-11,2.2704e-11,2.8554e-11
5.5537e-11,6.0567e-11,4.8913e-11
4.9893e-11,5.3804e-11,4.2659e-11
2.364e-11,2.3799e-11,2.5752e-11
2.9787e-11,3.3198e-11,2.5689e-11
7.0378e-11,1.0552e-10,6.513e-11
2.4913e-11,2.5052e-11,2.3494e-11
2.6511e-11,2.4766e-11,2.6895e-11
2.1868e-11,2.0009e-11,2.5333e-11
1.0976e-10,4.8454e-11,6.8878e-11
6.5938e-11,7.004e-11,4.1775e-11
2.7758e-11,2.5439e-11,2.2632e-11
7.7294e-11,8.6792e-11,5.2802e-11
1.1866e-10,5.5719e-11,6.5588e-11
4.1388e-11,4.3243e-11,3.7802e-11
1.0507e-10,3.3997e-11,1.1948e-10
6.6617e-11,1.5064e-11,7.1053e-11
7.2149e-11,3.5365e-11,7.6721e-11
5.882e-11,1.4127e-11,5.9479e-11
4.6743e-11,1.2893e-11,6.4269e-11
2.4157e-10,4.7098e-11,1.6282e-10
8.6384e-11,1.951e-11,1.02e-10
7.589e-11,5.8127e-11,7.3888e-11
2.0449e-10,5.147e-11,1.3929e-10
3.4918e-11,2.0166e-11,5.7135e-11
9.3139e-11,1.8279e-11,8.8731e-11
2.1671e-10,5.364e-11,1.0877e-10
9.5879e-11,1.8028e-11,8.5946e-11
1.1939e-10,3.4782e-11,8.0764e-11
2.3376e-11,1.481e-11,2.9716e-11
6.4245e-11,1.3249e-10,1.5084e-10
1.068e-10,2.022e-10,2.605e-10
3.0334e-11,1.5508e-11,4.7146e-11
2.54e-11,1.6173e-11,3.3279e-11
6.7692e-11,4.6321e-11,6.9178e-11
7.35e-11,4.6994e-11,6.8306e-11
3.1837e-11,2.2717e-11,2.8854e-11
3.6826e-11,2.5792e-11,5.7498e-11
2.5942e-11,2.9156e-11,2.7726e-11
2.5238e-11,2.9948e-11,2.8536e-11
1.0916e-10,2.0299e-10,1.0722e-10
5.9095e-11,6.1862e-11,4.435e-11
4.3069e-11,3.6754e-11,3.2944e-11
9.0219e-11,6.8406e-11,8.6871e-11
9.5238e-11,5.6987e-11,7.258e-11
5.5859e-11,5.4013e-11,3.5967e-11
5.4834e-11,4.6814e-11,3.3934e-11
2.3555e-11,2.0243e-11,1.9481e-11
3.9825e-11,3.979e-11,3.2712e-11
2.1771e-11,1.8267e-11,1.9354e-11
9.5211e-11,5.7836e-11,6.2634e-11
4.6427e-11,4.7368e-11,3.5111e-11
5.1224e-11,7.8487e-11,3.1853e-11
4.3525e-11,1.0083e-10,3.344e-11
2.5031e-11,2.6676e-11,2.1891e-11
2.993e-11,2.8327e-11,2.3674e-11
9.5957e-11,5.6056e-11,6.1424e-11
8.2608e-11,6.9235e-11,5.422e-11
9.2505e-11,5.1843e-11,6.3764e-11
7.4673e-11,1.3179e-11,9.4242e-11
7.3824e-11,1.3996e-11,9.1529e-11
7.7851e-11,3.0432e-11,8.4272e-11
6.9258e-11,1.8394e-11,9.2719e-11
6.8945e-11,1.3888e-11,7.3052e-11
6.2722e-11,1.3879e-11,7.8851e-11
8.6802e-11,3.1236e-11,1.1423e-10
4.9325e-11,1.4857e-11,6.1794e-11
7.6193e-11,5.6146e-11,7.682e-11
4.4945e-11,1.615e-11,5.8453e-11
4.3823e-11,1.4067e-11,6.2095e-11
3.2838e-10,9.215e-11,1.6569e-10
4.9735e-11,2.0498e-11,8.4599e-11
3.7441e-11,1.2492e-11,5.0656e-11
3.2242e-10,1.3136e-10,1.5753e-10
3.4877e-11,1.8943e-11,3.9872e-11
3.628e-11,1.3998e-11,4.7415e-11
3.4519e-11,2.3927e-11,3.8762e-11
3.5076e-11,1.3178e-11,3.1121e-11
2.8936e-11,2.3701e-11,3.8923e-11
3.6156e-11,1.866e-11,5.0489e-11
7.6447e-11,2.456e-11,8.9404e-11
1.5086e-10,9.6294e-11,1.1248e-10
1.6538e-10,7.6623e-11,9.3079e-11
4.2596e-11,2.543e-11,6.5541e-11
9.3927e-11,6.317e-11,7.8897e-11
2.237e-11,1.6524e-11,3.7228e-11
2.3119e-11,1.9284e-11,3.4807e-11
2.5924e-11,1.8263e-11,2.6251e-11
2.4233e-11,1.2196e-11,2.0698e-11
3.5085e-11,3.2447e-11,2.8111e-11
4.256e-11,5.6109e-11,6.342e-11
1.0605e-10,1.8622e-10,1.4405e-10
8.8461e-11,1.3565e-10,8.4033e-11
9.9816e-11,6.3551e-11,5.6822e-11
1.0786e-10,4.9695e-11,6.6842e-11
4.6738e-11,8.6138e-11,3.0061e-11
2.8502e-11,2.4404e-11,1.8125e-11
9.9298e-11,5.09e-11,6.1066e-11
1.1288e-10,5.6322e-11,7.5431e-11
7.9402e-11,1.6323e-11,8.3037e-11
8.8147e-11,2.5698e-11,1.09e-10
4.8281e-11,1.7876e-11,5.9315e-11
5.1418e-11,1.2525e-11,6.4205e-11
9.5643e-11,3.1101e-11,1.3471e-10
3.4368e-10,1.0432e-10,1.8501e-10
1.3007e-10,3.7319e-11,1.2536e-10
3.4925e-10,1.4682e-10,1.6933e-10
3.6418e-11,1.2774e-11,4.4817e-11
1.1884e-10,2.6761e-11,1.1028e-10
2.2587e-10,5.788e-11,1.1729e-10
2.8184e-10,9.4242e-11,1.3149e-10
3.8398e-11,2.2922e-11,3.597e-11
1.4679e-10,1.8002e-10,2.5638e-10
3.0965e-11,1.6406e-11,4.4582e-11
3.9575e-11,1.6296e-11,5.4949e-11
1.6425e-10,1.6494e-10,1.9223e-10
7.2357e-11,2.4606e-11,7.8777e-11
1.8395e-10,1.0898e-10,1.6335e-10
6.606e-11,6.238e-11,6.3313e-11
2.8336e-11,1.709e-11,3.7133e-11
1.2214e-10,1.7136e-10,2.524e-10
4.3532e-11,2.2189e-11,7.1283e-11
3.588e-11,2.654e-11,6.3018e-11
7.4601e-11,8.1082e-11,6.9967e-11
4.0573e-11,2.4044e-11,6.0187e-11
5.1051e-11,4.8314e-11,4.5435e-11
2.7692e-11,1.959e-11,2.491e-11
8.0261e-11,4.7393e-11,7.7748e-11
7.5572e-11,1.7421e-10,1.9706e-10
6.4153e-11,1.0685e-10,1.3782e-10
6.7445e-11,7.072e-11,6.3772e-11
2.6622e-11,1.3655e-11,2.6309e-11
3.4413e-11,3.1736e-11,5.8905e-11
9.8952e-11,1.8008e-10,1.0026e-10
3.1242e-11,2.6016e-11,2.5133e-11
3.9943e-11,3.7257e-11,3.0177e-11
2.0162e-11,2.167e-11,1.9202e-11
6.7193e-11,1.1509e-10,5.0273e-11
1.9603e-11,1.8064e-11,1.6604e-11
4.5695e-11,4.6912e-11,3.5793e-11
2.5432e-11,2.3279e-11,1.4196e-11
8.8102e-11,5.7627e-11,7.2214e-11
3.9253e-11,8.1573e-11,2.9073e-11
8.2026e-11,2.425e-11,8.2759e-11
7.8216e-11,2.6624e-11,7.586e-11
8.0241e-11,3.8291e-11,8.4427e-11
5.8074e-11,1.5934e-11,5.9506e-11
6.158e-11,1.6526e-11,6.1453e-11
6.1992e-11,3.3392e-11,6.663e-11
7.7154e-11,4.4309e-11,7.9781e-11
3.163e-10,8.6705e-11,1.7505e-10
5.3724e-11,3.1102e-11,5.4693e-11
2.3833e-10,6.548e-11,1.4972e-10
3.8635e-11,1.6992e-11,4.1834e-11
4.3855e-11,1.4716e-11,5.1106e-11
4.1513e-11,2.1637e-11,5.0288e-11
1.4218e-10,3.6269e-11,1.137e-10
2.5507e-10,7.0227e-11,1.3323e-10
4.3134e-11,3.0187e-11,4.4659e-11
3.5856e-11,1.4438e-11,5.0278e-11
2.4675e-10,1.2839e-10,1.4528e-10
1.7924e-10,5.6639e-11,1.0451e-10
6.3815e-11,1.7695e-11,7.706e-11
4.8328e-11,1.9485e-11,6.8236e-11
7.0236e-11,7.6891e-11,6.9578e-11
2.8521e-11,2.7611e-11,4.1382e-11
3.2812e-11,2.9707e-11,2.936e-11
1.0146e-10,2.041e-10,1.9082e-10
3.2628e-11,2.7873e-11,2.9235e-11
4.6804e-11,2.0682e-11,6.1487e-11
2.5686e-11,1.9653e-11,2.6141e-11
4.0075e-11,1.9155e-11,5.7758e-11
4.8691e-11,5.465e-11,5.6078e-11
9.7105e-11,1.8099e-10,1.5286e-10
9.6386e-11,1.7351e-10,1.418e-10
1.0525e-10,1.8299e-10,1.4726e-10
3.5347e-11,3.8685e-11,2.9959e-11
7.4081e-11,1.3132e-10,1.3534e-10
9.9444e-11,2.1231e-10,1.2456e-10
8.1844e-11,1.3304e-10,9.0331e-11
3.3284e-11,2.9767e-11,2.4119e-11
2.2125e-11,1.7876e-11,2.5213e-11
8.4376e-11,5.8091e-11,8.2559e-11
2.0458e-11,1.9047e-11,1.7289e-11
6.8023e-11,5.7349e-11,7.2787e-11
3.4979e-11,3.0379e-11,2.2859e-11
7.4997e-11,6.505e-11,6.6392e-11
6.2115e-11,1.1704e-10,4.0017e-11
6.3189e-11,1.2467e-10,5.1382e-11
2.2021e-11,2.4118e-11,3.9371e-11
4.384e-11,9.0819e-11,3.1291e-11
2.7571e-11,2.5113e-11,2.2492e-11
2.4474e-11,2.7824e-11,3.1713e-11
3.0011e-11,3.2555e-11,2.2805e-11
4.9312e-11,9.5492e-11,4.4843e-11
8.4559e-11,1.5868e-11,1.0364e-10
7.8538e-11,2.2058e-11,9.741e-11
1.1365e-10,3.7771e-11,1.2686e-10
9.2667e-11,2.8846e-11,1.143e-10
7.3352e-11,3.2037e-11,7.507e-11
6.3925e-11,2.6482e-11,6.8226e-11
7.5637e-11,2.4748e-11,1.0038e-10
5.4381e-11,2.2328e-11,5.6989e-11
9.2445e-11,2.4828e-11,1.2628e-10
4.575e-11,1.4842e-11,4.4133e-11
5.2766e-11,2.4967e-11,5.2317e-11
1.3884e-10,4.3012e-11,1.4368e-10
4.616e-11,2.3036e-11,4.6793e-11
4.1332e-11,1.6635e-11,6.1677e-11
4.0637e-11,1.4332e-11,4.8959e-11
2.2905e-10,7.4034e-11,1.0571e-10
5.3722e-11,2.3331e-11,8.875e-11
2.291e-10,1.2069e-10,1.3999e-10
3.4971e-11,2.0718e-11,3.7442e-11
3.1122e-11,1.6501e-11,5.5019e-11
1.6132e-10,1.6009e-10,1.7397e-10
3.2924e-11,2.3244e-11,6.3879e-11
1.0719e-10,1.3509e-10,2.1699e-10
2.8101e-11,1.5216e-11,2.4081e-11
2.4326e-11,1.9283e-11,3.1506e-11
2.9394e-11,1.8917e-11,5.8496e-11
3.7345e-11,3.1189e-11,3.1291e-11
3.4242e-11,2.8915e-11,2.7444e-11
8.9747e-11,1.9484e-10,2.5632e-10
9.602e-11,1.979e-10,2.3702e-10
2.4775e-11,1.8543e-11,2.3007e-11
2.4125e-11,1.7325e-11,2.0351e-11
4.2649e-11,1.3362e-10,1.3444e-10
3.8019e-11,4.8745e-11,4.9583e-11
7.6769e-11,8.508e-11,7.2939e-11
4.4796e-11,4.9163e-11,4.3732e-11
4.7497e-11,5.1673e-11,3.9073e-11
8.7996e-11,1.6031e-10,1.089e-10
3.0437e-11,2.6624e-11,2.3701e-11
4.8803e-11,5.3488e-11,3.602e-11
2.2193e-11,2.564e-11,2.9075e-11
2.8322e-11,3.5223e-11,3.6922e-11
2.0062e-11,2.0328e-11,1.9479e-11
1.9064e-11,1.5538e-11,1.7112e-11
3.429e-11,2.4232e-11,3.6477e-11
3.4981e-11,3.0329e-11,2.6371e-11
4.8542e-11,6.3931e-11,4.3096e-11
5.892e-11,5.8612e-11,4.019e-11
1.0876e-10,4.8308e-11,6.8649e-11
6.118e-11,1.0837e-10,5.241e-11
8.348e-11,1.6835e-11,8.7563e-11
7.9402e-11,1.4991e-11,8.3392e-11
6.1983e-11,1.9644e-11,7.2839e-11
6.647e-11,2.5445e-11,9.294e-11
1.514e-10,4.6865e-11,1.4861e-10
5.9969e-11,3.8708e-11,6.4102e-11
5.2099e-11,3.4872e-11,5.0669e-11
3.4144e-10,1.0182e-10,1.6534e-10
4.6459e-11,2.3332e-11,4.8135e-11
4.1595e-11,2.2429e-11,4.4064e-11
3.0886e-10,1.3409e-10,1.5905e-10
3.4881e-11,1.4073e-11,4.7621e-11
3.3331e-11,1.9567e-11,3.11e-11
3.4774e-11,2.7355e-11,3.0433e-11
1.6761e-10,1.7464e-10,2.3482e-10
9.2402e-11,3.0335e-11,8.7585e-11
3.6308e-11,3.0987e-11,3.454e-11
4.1708e-11,2.5909e-11,7.1244e-11
5.0863e-11,4.2728e-11,4.2763e-11
2.6241e-11,1.5538e-11,2.9502e-11
2.6838e-11,1.5932e-11,2.4433e-11
5.011e-11,1.5552e-11,6.3789e-11
5.9082e-11,2.2877e-11,6.8773e-11
3.1868e-11,2.9398e-11,2.5403e-11
2.1488e-11,1.5007e-11,2.0568e-11
1.9254e-11,1.4581e-11,4.1223e-11
2.6311e-11,2.8822e-11,3.4575e-11
7.8491e-11,8.3536e-11,6.9332e-11
2.2577e-11,1.3791e-11,1.8022e-11
2.6903e-11,1.9421e-11,1.8959e-11
1.0709e-10,2.0641e-10,1.4829e-10
4.5451e-11,5.011e-11,4.4318e-11
3.8563e-11,4.4468e-11,3.7781e-11
4.7741e-11,4.9295e-11,3.3181e-11
7.7896e-11,1.3162e-10,8.0107e-11
2.3665e-11,1.7304e-11,1.8659e-11
6.0286e-11,1.1027e-10,4.0802e-11
7.3055e-11,1.4328e-10,5.5077e-11
3.8422e-11,1.8018e-11,1.8279e-11
8.2607e-11,4.6962e-11,6.0827e-11
7.1416e-11,6.8061e-11,5.4384e-11
3.3419e-11,2.8384e-11,2.2986e-11
3.9705e-11,2.0004e-11,2.1919e-11
7.5728e-11,5.9509e-11,4.8907e-11
3.5554e-11,7.2166e-11,3.3545e-11
8.3604e-11,5.2031e-11,7.3008e-11
2.818e-11,2.1697e-11,1.8219e-11
7.9726e-11,2.5051e-11,7.8031e-11
1.1825e-10,3.8237e-11,1.3792e-10
7.1102e-11,2.7441e-11,6.6066e-11
7.5947e-11,3.0654e-11,8.1195e-11
7.0965e-11,2.2712e-11,9.875e-11
8.3916e-11,6.0068e-11,7.6689e-11
6.2151e-11,2.0684e-11,8.6465e-11
5.3262e-11,3.1136e-11,5.4612e-11
4.2304e-11,1.4519e-11,6.7635e-11
2.3258e-10,5.9972e-11,1.2191e-10
3.1276e-11,2.461e-11,3.4558e-11
3.3838e-11,1.8126e-11,3.0201e-11
7.3468e-11,7.2239e-11,6.6238e-11
2.8775e-11,2.8316e-11,4.1193e-11
1.2011e-10,6.7457e-11,7.9498e-11
7.8354e-11,8.3266e-11,6.9128e-11
2.9208e-11,1.3701e-11,3.134e-11
1.1247e-10,6.4674e-11,7.6835e-11
2.6843e-11,2.3737e-11,2.7674e-11
2.9717e-11,1.5345e-11,4.9156e-11
5.9677e-11,1.481e-10,1.6992e-10
2.0006e-11,1.0327e-11,2.871e-11
6.1644e-11,6.6502e-11,5.7767e-11
5.2726e-11,5.6492e-11,4.9715e-11
3.0425e-11,2.6579e-11,2.1437e-11
4.9106e-11,1.0115e-10,1.2225e-10
9.0424e-11,1.75e-10,1.5348e-10
2.8648e-11,6.158e-11,5.7881e-11
5.328e-11,1.0212e-10,1.1353e-10
7.5313e-11,8.2969e-11,6.2127e-11
6.8092e-11,1.286e-10,6.9602e-11
6.8317e-11,7.9576e-11,4.9372e-11
3.0486e-11,2.8816e-11,1.9941e-11
2.3586e-11,2.3617e-11,2.551e-11
8.2699e-11,4.9841e-11,8.1586e-11
2.3773e-11,2.1844e-11,2.3079e-11
9.3161e-11,5.3146e-11,7.7422e-11
2.1011e-11,1.7412e-11,1.8242e-11
5.6919e-11,4.8995e-11,3.5389e-11
8.828e-11,4.0208e-11,6.9589e-11
3.8938e-11,8.5044e-11,4.1002e-11
6.563e-11,1.0979e-10,6.9234e-11
2.8113e-11,1.898e-11,2.1314e-11
1.5971e-11,1.6578e-11,1.7696e-11
7.8052e-11,5.3977e-11,7.4005e-11
8.8713e-11,2.1123e-11,1.1464e-10
9.8431e-11,3.1605e-11,1.184e-10
6.9788e-11,2.0461e-11,8.7491e-11
6.1465e-11,1.6661e-11,7.1766e-11
5.9859e-11,2.1577e-11,8.6833e-11
5.065e-11,1.5836e-11,6.6014e-11
4.9865e-11,2.9374e-11,5.2585e-11
4.9779e-11,2.0071e-11,7.9144e-11
4.1133e-11,1.521e-11,6.2156e-11
2.6824e-10,7.4993e-11,1.3232e-10
4.6132e-11,2.1423e-11,7.3378e-11
4.1605e-11,2.8848e-11,3.709e-11
6.7884e-11,5.7891e-11,6.2893e-11
8.5335e-11,6.827e-11,7.109e-11
3.3727e-11,1.3084e-11,3.856e-11
1.0198e-10,2.8576e-11,8.5262e-11
2.8941e-11,9.9923e-12,3.0177e-11
2.5048e-11,1.0625e-11,2.6319e-11
5.2996e-11,4.9983e-11,4.0405e-11
9.6084e-11,9.2371e-11,7.2086e-11
2.7383e-11,1.6586e-11,4.5716e-11
8.6949e-11,8.7806e-11,7.3691e-11
8.7305e-11,1.8834e-10,1.834e-10
6.2894e-11,6.8243e-11,6.0595e-11
3.9825e-11,4.3786e-11,3.3801e-11
6.7003e-11,6.7751e-11,5.2215e-11
2.3295e-11,1.8735e-11,1.6572e-11
3.0665e-11,1.8204e-11,5.103e-11
7.9625e-11,8.9745e-11,6.4061e-11
4.8363e-11,5.1825e-11,3.245e-11
7.3383e-11,1.249e-10,7.3079e-11
8.4323e-11,4.6707e-11,5.6884e-11
4.7265e-11,5.7038e-11,4.2624e-11
7.2133e-11,5.6479e-11,5.0524e-11
1.6146e-11,1.6696e-11,2.0859e-11
5.6107e-11,4.4409e-11,3.3206e-11
2.4688e-11,2.2704e-11,2.339e-11
7.5051e-11,5.349e-11,4.8343e-11
9.1963e-11,2.2753e-11,1.1601e-10
8.1806e-11,2.101e-11,1.0996e-10
1.0756e-10,3.5324e-11,1.2584e-10
8.1091e-11,1.698e-11,9.0636e-11
6.4692e-11,2.2417e-11,6.622e-11
1.0086e-10,3.2865e-11,1.2889e-10
8.6586e-11,2.973e-11,1.3104e-10
7.561e-11,4.3695e-11,7.3857e-11
3.425e-10,1.0596e-10,1.7605e-10
2.4247e-10,7.3946e-11,1.6092e-10
4.1357e-11,1.9112e-11,5.8806e-11
7.8307e-11,5.8011e-11,6.731e-11
3.3601e-11,1.2501e-11,4.6492e-11
5.2115e-11,2.0911e-11,9.0297e-11
1.2495e-10,3.6961e-11,9.8416e-11
2.1477e-10,1.0829e-10,1.0449e-10
3.3327e-11,1.3674e-11,2.7419e-11
5.1176e-11,1.6972e-11,8.2596e-11
1.3526e-10,1.7685e-10,2.3317e-10
7.8314e-11,2.8031e-11,7.9058e-11
3.3625e-11,2.5706e-11,2.6913e-11
1.8195e-10,8.3364e-11,9.3713e-11
3.5099e-11,2.2605e-11,3.1028e-11
1.3181e-10,1.197e-10,1.0944e-10
7.1453e-11,7.6877e-11,6.2774e-11
3.0695e-11,2.3365e-11,6.0159e-11
7.6554e-11,1.7482e-10,2.3439e-10
5.4835e-11,1.2233e-10,1.7786e-10
4.2215e-11,1.1115e-10,1.6607e-10
2.0536e-11,1.1259e-11,3.3525e-11
7.2413e-11,1.744e-10,1.9548e-10
2.6363e-11,1.5496e-11,2.0809e-11
4.149e-11,5.6228e-11,6.3907e-11
3.3199e-11,3.5414e-11,2.6866e-11
2.9169e-11,5.8453e-11,5.7082e-11
5.507e-11,8.5568e-11,1.0886e-10
2.6003e-11,2.4319e-11,1.9277e-11
2.5148e-11,2.6036e-11,1.912e-11
8.0668e-11,1.704e-10,1.0464e-10
7.952e-11,8.7242e-11,6.1189e-11
3.0621e-11,2.2099e-11,2.3331e-11
6.4304e-11,9.5557e-11,7.2809e-11
5.4001e-11,6.2381e-11,3.8551e-11
5.4466e-11,1.0949e-10,4.2455e-11
3.5476e-11,3.47e-11,2.2842e-11
5.8573e-11,1.1227e-10,4.7549e-11
3.0879e-11,2.7308e-11,1.8774e-11
4.0982e-11,7.9553e-11,3.3084e-11
3.6251e-11,3.3847e-11,2.6586e-11
4.8842e-11,4.4036e-11,3.6962e-11
6.4788e-11,1.0463e-10,7.2582e-11
2.2182e-11,1.8294e-11,1.8863e-11
3.386e-11,2.886e-11,2.316e-11
2.1798e-11,1.8673e-11,1.8184e-11
7.4604e-11,5.4442e-11,4.7105e-11
2.3134e-11,1.6493e-11,1.8297e-11
5.3704e-11,3.4753e-11,3.3196e-11
9.311e-11,1.8121e-11,1.0829e-10
8.2152e-11,3.1046e-11,8.1444e-11
7.6075e-11,2.0201e-11,7.3346e-11
7.3915e-11,1.7262e-11,8.8478e-11
6.1889e-11,1.7281e-11,6.2886e-11
6.2265e-11,1.4495e-11,6.8408e-11
5.9348e-11,2.2058e-11,7.6419e-11
5.1874e-11,2.3674e-11,7.4189e-11
7.2242e-11,5.0623e-11,6.1795e-11
4.3554e-11,1.6259e-11,4.657e-11
4.4718e-11,1.8756e-11,8.0283e-11
3.9889e-11,1.7738e-11,4.4528e-11
4.1486e-11,1.4877e-11,5.7711e-11
2.6549e-10,1.626e-10,1.7058e-10
3.335e-11,1.5997e-11,4.6131e-11
2.0789e-10,1.733e-10,2.2044e-10
3.5719e-11,2.0773e-11,2.934e-11
1.1513e-10,1.2281e-10,1.817e-10
2.679e-11,1.1766e-11,3.7104e-11
2.8529e-11,2.0945e-11,3.3566e-11
2.2133e-11,1.5787e-11,2.6994e-11
3.5536e-11,2.0743e-11,4.4496e-11
2.2589e-11,1.7938e-11,3.5183e-11
3.2068e-11,3.0507e-11,2.5202e-11
4.6237e-11,1.0084e-10,1.4247e-10
2.5946e-11,1.5123e-11,2.4129e-11
3.4719e-11,3.6194e-11,3.1124e-11
5.156e-11,5.7806e-11,5.0793e-11
5.3554e-11,5.9527e-11,5.1649e-11
2.7597e-11,3.122e-11,2.7583e-11
6.9623e-11,7.8036e-11,5.539e-11
8.2142e-11,1.8231e-10,1.3939e-10
6.7191e-11,1.2843e-10,1.0442e-10
5.5348e-11,8.6794e-11,9.5959e-11
6.6236e-11,1.2826e-10,8.8135e-11
4.2949e-11,4.8435e-11,3.7375e-11
5.7723e-11,6.9211e-11,4.3248e-11
3.5238e-11,3.5744e-11,2.275e-11
3.7441e-11,4.1026e-11,2.798e-11
7.9893e-11,5.4722e-11,6.8382e-11
2.3085e-11,2.3215e-11,2.3565e-11
6.5244e-11,4.8253e-11,6.1403e-11
2.3515e-11,2.0054e-11,2.4694e-11
2.9382e-11,3.2819e-11,2.4479e-11
2.3708e-11,2.2397e-11,1.9193e-11
5.2982e-11,4.0914e-11,3.0925e-11
3.5623e-11,3.342e-11,2.519e-11
3.4343e-11,3.0685e-11,2.293e-11
2.4399e-11,1.8523e-11,2.0234e-11
3.7414e-11,3.1903e-11,3.8409e-11
9.4242e-11,2.0859e-11,1.0216e-10
8.7373e-11,1.9278e-11,8.5488e-11
7.8881e-11,2.2389e-11,7.6819e-11
6.8408e-11,1.7443e-11,8.4428e-11
8.0602e-11,4.3827e-11,8.1128e-11
5.8068e-11,1.6831e-11,7.8285e-11
6.614e-11,2.4413e-11,1.0017e-10
1.1972e-10,2.8891e-11,1.4737e-10
4.7135e-11,2.0948e-11,4.5837e-11
7.4591e-11,5.2946e-11,6.3446e-11
4.5827e-11,2.8765e-11,4.9097e-11
7.0696e-11,4.8626e-11,6.0867e-11
3.564e-11,1.5615e-11,4.3913e-11
6.3405e-11,1.9695e-11,1.0125e-10
3.554e-11,2.798e-11,3.4851e-11
3.3852e-11,1.3041e-11,3.7394e-11
3.2401e-11,1.1824e-11,3.3805e-11
5.7991e-11,4.6792e-11,3.8404e-11
2.9894e-11,1.3982e-11,3.1743e-11
2.4327e-11,1.7109e-11,3.6504e-11
9.6827e-11,8.8713e-11,7.0184e-11
5.6697e-11,1.3501e-10,1.8292e-10
2.5115e-11,1.8304e-11,3.6476e-11
1.9985e-11,1.4786e-11,2.9869e-11
2.2085e-11,1.6804e-11,3.3487e-11
5.7238e-11,1.2017e-10,1.2623e-10
2.683e-11,1.8167e-11,4.4399e-11
2.3361e-11,3.1827e-11,5.3244e-11
3.4968e-11,4.7743e-11,5.1723e-11
2.4665e-11,1.9391e-11,4.9853e-11
2.8471e-11,2.8417e-11,2.3147e-11
2.6618e-11,2.7291e-11,2.497e-11
2.6775e-11,1.9186e-11,2.0633e-11
7.5898e-11,1.4431e-10,1.0568e-10
2.0263e-11,2.1648e-11,2.1167e-11
7.1982e-11,1.3602e-10,7.7938e-11
2.8529e-11,2.8505e-11,1.9189e-11
4.3925e-11,4.5696e-11,3.3454e-11
2.9761e-11,2.6624e-11,2.4534e-11
4.2993e-11,4.3527e-11,3.3873e-11
1.6576e-11,1.8855e-11,1.0772e-11
6.0132e-11,3.8406e-11,4.5007e-11
2.7252e-11,2.3077e-11,1.9419e-11
9.4058e-11,3.893e-11,9.5121e-11
8.6917e-11,5.1599e-11,9.0172e-11
8.1008e-11,4.5393e-11,7.9646e-11
6.9598e-11,3.4694e-11,6.9838e-11
6.0359e-11,1.9446e-11,6.2066e-11
6.4115e-11,1.8401e-11,8.5288e-11
7.7834e-11,4.4961e-11,7.644e-11
5.4016e-11,1.8562e-11,5.3203e-11
8.1447e-11,5.0305e-11,7.5552e-11
4.8765e-11,1.8771e-11,5.0811e-11
1.6879e-10,6.0467e-11,1.1093e-10
3.9139e-11,1.4923e-11,7.247e-11
1.1527e-10,1.2921e-10,1.8434e-10
5.2307e-11,4.8929e-11,4.0254e-11
7.6105e-11,7.9345e-11,6.0455e-11
2.806e-11,1.8518e-11,3.4739e-11
3.0176e-11,2.6003e-11,2.2534e-11
7.0624e-11,1.0038e-10,1.1605e-10
2.1644e-11,1.3292e-11,2.4869e-11
2.4542e-11,1.3461e-11,3.2642e-11
2.2047e-11,2.1757e-11,2.6833e-11
4.6768e-11,4.3683e-11,3.0317e-11
2.8758e-11,3.4084e-11,3.1277e-11
5.2494e-11,1.0952e-10,9.4481e-11
4.3806e-11,7.2417e-11,9.9922e-11
4.999e-11,8.9935e-11,4.6327e-11
5.8192e-11,1.044e-10,5.7382e-11
4.3616e-11,4.6817e-11,3.2749e-11
4.2849e-11,3.6026e-11,4.4476e-11
3.7291e-11,2.956e-11,2.7374e-11
4.3999e-11,8.543e-11,5.2169e-11
2.3736e-11,1.6505e-11,1.6291e-11
4.3535e-11,3.8393e-11,2.8461e-11
4.5812e-11,5.0879e-11,3.5842e-11
9.8071e-11,2.6856e-11,1.2277e-10
7.7514e-11,2.9149e-11,1.0193e-10
7.5245e-11,2.6474e-11,7.3646e-11
7.273e-11,1.9482e-11,7.6362e-11
6.5827e-11,2.7094e-11,5.9184e-11
4.9157e-11,1.8451e-11,5.1511e-11
3.2383e-10,1.4004e-10,1.6247e-10
4.8456e-11,2.1894e-11,7.9744e-11
3.7242e-11,1.6477e-11,4.4014e-11
3.6234e-11,2.8372e-11,3.5292e-11
8.3321e-11,6.8425e-11,6.4961e-11
2.1434e-10,9.8118e-11,1.2224e-10
9.005e-11,2.523e-11,8.3285e-11
3.8383e-11,1.6951e-11,4.4049e-11
1.2179e-10,1.3284e-10,1.3313e-10
2.9379e-11,2.7393e-11,1.9901e-11
6.2486e-11,1.0895e-10,1.3504e-10
5.5973e-11,5.6385e-11,4.0601e-11
5.2959e-11,6.4025e-11,7.272e-11
2.1972e-11,2.1621e-11,4.1679e-11
2.8953e-11,3.1682e-11,2.881e-11
4.7634e-11,1.1472e-10,1.4313e-10
4.1494e-11,4.3057e-11,3.0757e-11
2.417e-11,2.0521e-11,1.7422e-11
5.6416e-11,6.0992e-11,3.8422e-11
1.9828e-11,1.9189e-11,2.1737e-11
2.9398e-11,2.9178e-11,2.7241e-11
2.0402e-11,1.9526e-11,1.8256e-11
2.6553e-11,2.7093e-11,2.1295e-11
2.9451e-11,5.2439e-11,3.1605e-11
6.4818e-11,4.4474e-11,6.5936e-11
6.4289e-11,5.4927e-11,7.6367e-11
1.0175e-10,2.3716e-11,1.081e-10
9.1466e-11,2.0695e-11,9.1145e-11
9.3975e-11,2.2198e-11,1.0971e-10
8.1322e-11,3.6152e-11,7.5834e-11
1.4463e-10,5.3106e-11,1.514e-10
4.7333e-11,2.2231e-11,4.2924e-11
3.034e-10,1.4303e-10,1.5736e-10
6.8644e-11,3.4359e-11,1.0323e-10
3.3511e-11,1.4211e-11,4.0063e-11
5.0827e-11,1.7277e-11,8.8999e-11
3.7897e-11,1.6381e-11,4.4248e-11
4.0765e-11,1.576e-11,5.7481e-11
7.4106e-11,1.9395e-11,9.5704e-11
3.2553e-11,2.2892e-11,4.0799e-11
2.102e-10,1.6665e-10,2.0289e-10
3.1981e-11,2.2451e-11,4.1779e-11
3.7966e-11,1.6027e-11,6.8832e-11
2.721e-11,1.91e-11,3.1234e-11
2.7057e-11,2.294e-11,2.8596e-11
5.5671e-11,3.8437e-11,7.1814e-11
2.123e-11,1.7903e-11,3.3374e-11
5.948e-11,1.4774e-10,2.1678e-10
7.8352e-11,1.2463e-10,1.0529e-10
4.2789e-11,3.6371e-11,2.8476e-11
3.3037e-11,2.3759e-11,4.3091e-11
7.1291e-11,7.4265e-11,6.6223e-11
2.9136e-11,2.2295e-11,1.6128e-11
5.375e-11,6.694e-11,6.3763e-11
5.3737e-11,6.075e-11,5.027e-11
3.4404e-11,2.9957e-11,4.8506e-11
3.7492e-11,4.1552e-11,5.137e-11
4.8427e-11,1.0777e-10,1.2403e-10
4.276e-11,4.4677e-11,3.1137e-11
2.6657e-11,2.493e-11,2.1279e-11
6.373e-11,7.657e-11,4.6271e-11
4.6244e-11,3.8662e-11,7.963e-11
2.5714e-11,2.3594e-11,1.4312e-11
3.4692e-11,2.5798e-11,2.1553e-11
4.5027e-11,8.4541e-11,5.7063e-11
2.6471e-11,2.103e-11,2.2142e-11
3.9871e-11,6.8325e-11,6.4667e-11
2.3648e-11,1.76e-11,1.3279e-11
7.3431e-11,3.3058e-11,5.8097e-11
2.7678e-11,2.7954e-11,1.9536e-11
2.1124e-11,2.4359e-11,2.1453e-11
5.8127e-11,3.2173e-11,4.4472e-11
9.6368e-11,4.5883e-11,9.6534e-11
6.5615e-11,1.7739e-11,6.8005e-11
1.2023e-10,4.2726e-11,1.1443e-10
4.0829e-11,1.7666e-11,4.7772e-11
3.5153e-11,1.8292e-11,4.1327e-11
3.6996e-11,1.654e-11,6.8203e-11
2.4241e-10,1.5032e-10,1.6952e-10
5.2904e-11,1.7641e-11,8.5229e-11
7.893e-11,6.4505e-11,5.9643e-11
4.9442e-11,3.8697e-11,3.5448e-11
2.8196e-11,1.9109e-11,3.6839e-11
7.1619e-11,1.5716e-10,2.1693e-10
3.6035e-11,3.4394e-11,3.2246e-11
2.2628e-11,2.1527e-11,4.8747e-11
8.6971e-11,6.5812e-11,1.021e-10
3.0156e-11,2.2174e-11,5.051e-11
2.991e-11,1.8103e-11,2.4324e-11
3.9114e-11,3.7608e-11,4.8017e-11
4.0235e-11,1.0373e-10,1.6752e-10
2.5593e-11,2.0694e-11,1.5168e-11
4.3705e-11,1.0556e-10,1.5122e-10
2.183e-11,2.6051e-11,5.1703e-11
2.8775e-11,7.0042e-11,9.3831e-11
1.927e-11,1.8492e-11,1.1181e-11
1.9262e-11,1.9974e-11,1.2083e-11
6.1998e-11,7.559e-11,4.485e-11
5.7702e-11,1.039e-10,6.4206e-11
2.586e-11,2.1231e-11,1.433e-11
2.5376e-11,1.9408e-11,2.3017e-11
4.9019e-11,2.9383e-11,6.462e-11
6.6242e-11,3.1641e-11,6.3083e-11
2.3258e-11,1.7618e-11,1.1228e-11
2.2929e-11,2.197e-11,2.1814e-11
4.9677e-11,5.354e-11,3.7453e-11
7.5284e-11,3.7054e-11,6.6845e-11
1.0619e-10,2.3977e-11,1.0966e-10
1.0539e-10,4.7086e-11,1.0031e-10
9.5419e-11,2.227e-11,9.7551e-11
7.8129e-11,1.9229e-11,8.2664e-11
8.8303e-11,3.0595e-11,1.1612e-10
7.5672e-11,1.9926e-11,7.9119e-11
8.5962e-11,3.0167e-11,1.2987e-10
4.6677e-11,1.8415e-11,4.9531e-11
4.7761e-11,1.54e-11,5.8379e-11
5.9336e-11,2.7601e-11,1.079e-10
2.6559e-10,1.1378e-10,1.5825e-10
4.8986e-11,2.3136e-11,4.3447e-11
1.4329e-10,5.2247e-11,1.0621e-10
1.0611e-10,4.4386e-11,8.2184e-11
7.4988e-11,3.9951e-11,8.7365e-11
1.6892e-10,9.1858e-11,1.0701e-10
6.4664e-11,3.516e-11,7.3191e-11
7.6837e-11,1.5286e-10,2.1728e-10
4.7438e-11,2.795e-11,6.2231e-11
3.0928e-11,2.4521e-11,2.1031e-11
2.1933e-11,2.5133e-11,4.8001e-11
3.1677e-11,2.9986e-11,2.8687e-11
4.3242e-11,3.3233e-11,5.195e-11
4.476e-11,9.2507e-11,1.2883e-10
2.1176e-11,2.287e-11,2.0831e-11
4.7553e-11,5.26e-11,3.8333e-11
2.8664e-11,2.8414e-11,2.3911e-11
2.2685e-11,2.1627e-11,2.1147e-11
4.8069e-11,3.2138e-11,7.2958e-11
5.3011e-11,5.9185e-11,3.6121e-11
2.0293e-11,2.7159e-11,1.9451e-11
3.6208e-11,3.8238e-11,2.3705e-11
2.0259e-11,2.0463e-11,1.9593e-11
3.6914e-11,4.0331e-11,3.7863e-11
2.2645e-11,1.6941e-11,1.1559e-11
2.6385e-11,4.7325e-11,2.7172e-11
3.0067e-11,2.3726e-11,1.6043e-11
3.5236e-11,4.4114e-11,3.8387e-11
2.4216e-11,2.2287e-11,3.0028e-11
1.0146e-10,3.9364e-11,9.8769e-11
8.7806e-11,2.3676e-11,8.7062e-11
1.0097e-10,5.2016e-11,9.7664e-11
8.2665e-11,3.2868e-11,1.0076e-10
9.1352e-11,5.4573e-11,7.8629e-11
8.9698e-11,3.0569e-11,1.3997e-10
7.1058e-11,2.2376e-11,7.3983e-11
8.9563e-11,5.2734e-11,7.916e-11
5.9503e-11,2.3562e-11,6.3717e-11
8.4079e-11,3.0813e-11,1.3552e-10
1.4586e-10,5.4877e-11,1.4915e-10
5.7417e-11,2.8508e-11,5.1734e-11
4.4129e-11,1.4193e-11,5.3824e-11
2.0078e-10,1.3708e-10,1.7131e-10
1.1873e-10,6.4792e-11,1.031e-10
2.8006e-11,3.6379e-11,4.4631e-11
7.2281e-11,7.5769e-11,5.527e-11
2.6016e-11,2.8395e-11,4.1031e-11
6.6139e-11,6.5228e-11,4.5765e-11
3.0207e-11,2.3714e-11,4.234e-11
4.4839e-11,3.8807e-11,2.9611e-11
8.3603e-11,7.0822e-11,7.4668e-11
2.9504e-11,1.7623e-11,6.1127e-11
2.6781e-11,2.1586e-11,5.6285e-11
4.5781e-11,7.4488e-11,1.3286e-10
2.5921e-11,2.6591e-11,2.2585e-11
3.1017e-11,1.9019e-11,2.4857e-11
3.5942e-11,8.9023e-11,1.3875e-10
3.6729e-11,3.2329e-11,3.4258e-11
2.2846e-11,2.1518e-11,1.7536e-11
4.2137e-11,5.7652e-11,1.0664e-10
6.0259e-11,6.4522e-11,4.0593e-11
2.8096e-11,2.9149e-11,2.2352e-11
3.5386e-11,3.746e-11,4.3435e-11
6.9942e-11,3.2709e-11,6.4791e-11
5.07e-11,4.7157e-11,2.7782e-11
5.1966e-11,2.3056e-11,6.5616e-11
3.2629e-11,2.6629e-11,2.2883e-11
2.6156e-11,2.4191e-11,1.5261e-11
7.0807e-11,2.9904e-11,6.0316e-11
3.0383e-11,4.9724e-11,3.1515e-11
2.87e-11,3.0641e-11,2.9714e-11
3.1915e-11,5.8499e-11,3.5817e-11
4.9603e-11,4.8274e-11,3.5516e-11
2.094e-11,2.2864e-11,2.3506e-11
2.3602e-11,2.3858e-11,2.4023e-11
2.573e-11,1.8971e-11,1.329e-11
2.273e-11,5.85e-11,3.7397e-11
3.1056e-11,6.2249e-11,7.1345e-11
8.6685e-11,2.5986e-11,8.5198e-11
8.9853e-11,2.7686e-11,1.1235e-10
1.0278e-10,3.6792e-11,1.3572e-10
8.2906e-11,3.4597e-11,1.0508e-10
7.4731e-11,3.0391e-11,8.8055e-11
7.0633e-11,3.1647e-11,6.6135e-11
6.3874e-11,2.5884e-11,6.5012e-11
8.086e-11,4.6509e-11,7.4882e-11
8.8423e-11,5.3966e-11,7.1431e-11
5.9529e-11,2.894e-11,1.0455e-10
5.1268e-11,1.7885e-11,6.6871e-11
2.1793e-10,9.776e-11,1.5422e-10
8.2748e-11,5.5638e-11,6.7622e-11
4.466e-11,2.2157e-11,3.6979e-11
2.3535e-10,1.2258e-10,1.4092e-10
2.702e-10,1.6413e-10,1.4982e-10
7.7623e-11,5.6022e-11,5.6417e-11
3.8374e-11,1.7242e-11,3.9363e-11
1.0238e-10,3.5268e-11,1.0667e-10
3.6006e-11,1.9177e-11,6.1864e-11
5.7087e-11,3.0399e-11,9.7267e-11
3.8528e-11,1.831e-11,7.1481e-11
2.4361e-10,1.5551e-10,2.0621e-10
2.0839e-10,1.6141e-10,2.016e-10
1.2869e-10,8.3237e-11,9.0872e-11
8.1543e-11,7.1332e-11,6.0111e-11
7.4222e-11,6.4069e-11,5.0929e-11
3.9125e-11,3.5132e-11,2.6545e-11
4.2577e-11,1.8858e-11,7.5948e-11
3.565e-11,3.1475e-11,4.6411e-11
5.0792e-11,2.3889e-11,8.0552e-11
3.3488e-11,2.2701e-11,2.5537e-11
1.038e-10,6.7586e-11,1.1179e-10
5.1262e-11,8.4537e-11,8.5801e-11
3.1542e-11,7.8627e-11,8.0412e-11
4.141e-11,8.8706e-11,1.4225e-10
4.1484e-11,7.9859e-11,1.202e-10
3.7572e-11,6.3422e-11,9.0793e-11
2.2268e-11,2.3022e-11,3.2728e-11
2.4091e-11,1.9975e-11,1.5207e-11
6.3739e-11,7.7973e-11,4.3049e-11
3.3366e-11,3.3561e-11,6.6213e-11
2.1223e-11,1.9533e-11,1.3002e-11
2.2245e-11,2.7566e-11,1.5464e-11
4.1572e-11,7.4018e-11,5.6545e-11
2.8526e-11,2.187e-11,2.1e-11
2.5721e-11,1.9108e-11,2.9353e-11
2.9011e-11,5.3658e-11,3.4575e-11
2.6214e-11,2.425e-11,1.6755e-11
1.9473e-11,1.9854e-11,1.4461e-11
3.6201e-11,3.8625e-11,3.4557e-11
2.7605e-11,3.6917e-11,3.0957e-11
2.4178e-11,2.6636e-11,2.0611e-11
7.5188e-11,2.8065e-11,6.2389e-11
1.4577e-10,5.5082e-11,1.5686e-10
5.9698e-11,3.2495e-11,5.1798e-11
8.3958e-11,5.5124e-11,6.6991e-11
4.8247e-11,2.2109e-11,4.1264e-11
7.6639e-11,5.0866e-11,5.5891e-11
4.3046e-11,1.9333e-11,3.3602e-11
4.9214e-11,3.0223e-11,9.0813e-11
2.3351e-10,1.4383e-10,1.4143e-10
3.7077e-11,1.9295e-11,7.0023e-11
4.6413e-11,2.7633e-11,8.8866e-11
6.9287e-11,5.308e-11,5.2589e-11
1.1603e-10,5.2017e-11,1.0666e-10
7.5388e-11,7.0549e-11,5.4977e-11
4.9845e-11,4.2329e-11,3.4299e-11
3.6313e-11,2.5511e-11,2.8334e-11
3.588e-11,2.675e-11,2.5476e-11
1.0929e-10,7.0593e-11,7.4334e-11
2.7535e-11,1.6335e-11,6.0702e-11
8.0176e-11,3.3126e-11,7.3601e-11
6.0176e-11,1.1587e-10,2.147e-10
2.1805e-11,2.2178e-11,5.0429e-11
5.6978e-11,1.0539e-10,1.9332e-10
2.8887e-11,2.0781e-11,5.9054e-11
5.256e-11,7.7617e-11,1.3348e-10
3.8463e-11,3.9086e-11,2.5396e-11
2.5224e-11,2.5322e-11,5.2059e-11
5.0611e-11,3.03e-11,5.7508e-11
2.8139e-11,2.6607e-11,2.007e-11
4.078e-11,4.3859e-11,2.6481e-11
3.7415e-11,3.7524e-11,2.298e-11
2.3975e-11,2.0514e-11,2.415e-11
2.4644e-11,3.473e-11,6.2946e-11
6.5065e-11,7.2996e-11,3.9517e-11
2.3589e-11,2.7334e-11,1.5604e-11
2.8463e-11,2.3433e-11,1.3228e-11
5.9943e-11,3.2567e-11,7.3065e-11
3.4457e-11,4.4575e-11,4.5994e-11
4.0431e-11,3.9239e-11,3.074e-11
5.748e-11,7.4865e-11,7.6537e-11
3.7027e-11,3.0992e-11,5.2589e-11
4.1145e-11,4.1293e-11,2.7582e-11
2.599e-11,1.8047e-11,1.9583e-11
2.0505e-11,1.8099e-11,2.1118e-11
3.5004e-11,3.2705e-11,3.7566e-11
8.9078e-11,2.9264e-11,7.8543e-11
1.0543e-10,3.8234e-11,1.3686e-10
8.6602e-11,3.6959e-11,7.9849e-11
9.318e-11,3.4462e-11,1.2836e-10
1.0776e-10,3.8719e-11,1.5857e-10
5.9821e-11,1.9846e-11,6.471e-11
5.1789e-11,2.1003e-11,7.1497e-11
9.8511e-11,4.4965e-11,1.1853e-10
1.6643e-10,7.2923e-11,1.2708e-10
4.8207e-11,2.6158e-11,9.2898e-11
5.0528e-11,3.9468e-11,3.8149e-11
1.8751e-10,9.9027e-11,1.2028e-10
1.0543e-10,7.7382e-11,9.1861e-11
5.9276e-11,4.5998e-11,4.2767e-11
1.509e-10,1.5106e-10,2.2371e-10
3.7612e-11,1.8564e-11,3.1353e-11
9.475e-11,1.2686e-10,1.8294e-10
8.213e-11,1.1074e-10,1.8833e-10
7.471e-11,1.2696e-10,2.1177e-10
7.8316e-11,5.847e-11,6.5433e-11
4.9195e-11,8.6403e-11,1.6731e-10
6.5235e-11,5.9266e-11,5.7157e-11
3.1653e-11,2.0563e-11,5.8407e-11
4.579e-11,2.4228e-11,5.6756e-11
5.8278e-11,5.3438e-11,6.0873e-11
5.7382e-11,1.0815e-10,1.6393e-10
3.1668e-11,1.8816e-11,5.3817e-11
4.7457e-11,1.0291e-10,1.5141e-10
2.5358e-11,2.3742e-11,1.6611e-11
4.3139e-11,6.9758e-11,1.1036e-10
5.5251e-11,5.4154e-11,3.0623e-11
6.8906e-11,7.6049e-11,4.495e-11
3.1785e-11,3.4221e-11,2.163e-11
2.363e-11,2.0346e-11,1.9112e-11
5.7743e-11,1.0343e-10,7.5808e-11
4.354e-11,7.591e-11,6.3277e-11
3.8369e-11,3.6048e-11,4.7441e-11
5.1392e-11,5.2285e-11,3.8771e-11
2.9357e-11,6.2382e-11,5.4313e-11
2.1475e-11,2.2807e-11,2.5783e-11
2.1887e-11,2.0565e-11,1.9843e-11
1.7601e-11,2.2039e-11,3.3858e-11
3.1959e-11,4.2866e-11,3.6157e-11
1.8975e-11,1.7025e-11,1.5661e-11
2.2993e-11,2.9324e-11,2.8846e-11
6.0417e-11,2.9312e-11,5.9704e-11
2.6016e-11,3.1979e-11,2.6352e-11
1.0566e-10,4.2808e-11,9.6443e-11
7.5599e-11,2.3563e-11,7.9325e-11
7.0819e-11,2.0444e-11,7.0747e-11
6.5207e-11,2.6317e-11,6.3809e-11
9.1917e-11,3.7316e-11,1.532e-10
6.7741e-11,3.3438e-11,5.6199e-11
5.332e-11,2.0539e-11,5.4471e-11
5.6665e-11,2.3898e-11,1.0533e-10
2.2597e-10,1.0439e-10,1.4652e-10
8.8103e-11,3.9395e-11,1.0518e-10
3.8545e-11,1.8877e-11,3.9821e-11
3.9837e-11,2.1104e-11,3.5892e-11
7.1909e-11,5.0067e-11,5.3236e-11
1.9815e-10,1.5269e-10,2.0401e-10
3.5726e-11,1.7187e-11,6.5711e-11
4.6726e-11,4.2284e-11,3.0866e-11
2.6694e-11,1.9696e-11,5.7713e-11
3.5105e-11,2.437e-11,2.4011e-11
2.8488e-11,3.9762e-11,5.2784e-11
4.481e-11,2.8433e-11,5.1881e-11
2.3095e-11,5.6589e-11,1.0136e-10
5.2384e-11,8.7762e-11,8.6816e-11
6.0836e-11,7.1127e-11,3.9682e-11
2.9092e-11,3.0993e-11,4.8902e-11
3.3137e-11,3.1171e-11,3.9727e-11
2.5377e-11,1.8661e-11,2.8731e-11
3.1718e-11,2.8599e-11,3.4956e-11
3.4272e-11,3.192e-11,2.3322e-11
2.9014e-11,2.2218e-11,1.564e-11
2.786e-11,2.0186e-11,3.3147e-11
1.0972e-10,2.4479e-11,1.0662e-10
1.0808e-10,2.9906e-11,1.2634e-10
1.0262e-10,2.4887e-11,1.0667e-10
7.928e-11,2.7239e-11,8.2821e-11
7.4475e-11,2.8854e-11,9.3159e-11
7.7733e-11,2.7271e-11,1.0125e-10
1.0719e-10,3.8949e-11,1.5898e-10
8.2322e-11,3.3447e-11,1.3811e-10
1.5076e-10,5.6758e-11,1.5416e-10
5.4901e-11,2.616e-11,5.1664e-11
6.4002e-11,2.7482e-11,1.1464e-10
1.8973e-10,9.0055e-11,1.5579e-10
5.4424e-11,2.3999e-11,5.9625e-11
1.4403e-10,6.9981e-11,1.4069e-10
5.0165e-11,2.2571e-11,4.0391e-11
7.1427e-11,3.1474e-11,1.1803e-10
1.1371e-10,7.5327e-11,1.1922e-10
3.9399e-11,1.8891e-11,3.6437e-11
3.9696e-11,1.5289e-11,3.7661e-11
7.5706e-11,5.651e-11,5.3641e-11
2.0977e-10,1.3289e-10,1.4139e-10
6.8514e-11,5.4692e-11,4.9946e-11
1.2438e-10,1.373e-10,1.6206e-10
8.1292e-11,6.4774e-11,7.5412e-11
1.0892e-10,8.4985e-11,9.8107e-11
7.2883e-11,1.2282e-10,1.6657e-10
4.0585e-11,2.3375e-11,6.1087e-11
3.2606e-11,3.138e-11,2.2653e-11
3.1401e-11,1.9364e-11,2.0569e-11
2.8713e-11,2.038e-11,2.1033e-11
2.5015e-11,6.5158e-11,6.9946e-11
2.1617e-11,1.9461e-11,1.7403e-11
2.7725e-11,6.111e-11,9.495e-11
2.5581e-11,2.2552e-11,2.1694e-11
2.8263e-11,2.4268e-11,5.9297e-11
2.1251e-11,2.3441e-11,1.5071e-11
2.7358e-11,4.2287e-11,3.78e-11
2.9827e-11,2.6939e-11,2.0786e-11
5.7409e-11,2.8781e-11,6.4136e-11
5.6748e-11,5.7712e-11,3.8131e-11
2.2848e-11,1.9207e-11,2.3668e-11
2.8905e-11,2.1161e-11,1.7648e-11
3.0439e-11,6.4813e-11,8.4115e-11
8.8468e-11,3.0119e-11,8.3801e-11
9.7811e-11,4.9558e-11,8.9826e-11
7.0616e-11,2.4118e-11,8.7671e-11
8.3435e-11,4.4365e-11,7.045e-11
9.0623e-11,4.0512e-11,1.5208e-10
6.1677e-11,2.826e-11,4.7532e-11
1.425e-10,7.6315e-11,1.5371e-10
7.3038e-11,4.482e-11,5.6998e-11
1.8286e-10,1.6715e-10,2.1904e-10
1.367e-10,1.4176e-10,2.2731e-10
4.2846e-11,3.547e-11,3.19e-11
7.9853e-11,5.7654e-11,6.9253e-11
5.2086e-11,1.0023e-10,1.7314e-10
4.3613e-11,3.1505e-11,5.4822e-11
3.9653e-11,7.2688e-11,6.5553e-11
3.5471e-11,3.8502e-11,2.7919e-11
3.5798e-11,7.9489e-11,9.9385e-11
5.6704e-11,5.7716e-11,3.1045e-11
2.985e-11,3.3269e-11,1.7652e-11
5.7207e-11,1.0554e-10,1.0265e-10
1.9831e-11,2.5226e-11,1.4543e-11
2.338e-11,2.6731e-11,1.9732e-11
2.4871e-11,1.9012e-11,2.0433e-11
2.6926e-11,2.7468e-11,5.3047e-11
3.3438e-11,2.6398e-11,1.8694e-11
2.1042e-11,4.0093e-11,5.9244e-11
9.738e-11,2.6833e-11,9.6299e-11
8.2435e-11,2.8505e-11,8.2282e-11
7.795e-11,2.5109e-11,8.0595e-11
9.5066e-11,4.1415e-11,1.565e-10
6.7339e-11,3.2772e-11,5.2487e-11
8.2855e-11,3.4677e-11,1.4112e-10
5.354e-11,2.6466e-11,5.5909e-11
5.4561e-11,2.3719e-11,5.5699e-11
5.5921e-11,2.3025e-11,6.498e-11
2.0558e-10,1.0405e-10,1.6661e-10
5.4194e-11,2.4431e-11,8.4073e-11
4.5904e-11,2.2547e-11,4.9601e-11
5.7667e-11,2.5034e-11,6.3356e-11
5.3994e-11,2.688e-11,5.801e-11
4.4204e-11,2.5619e-11,4.2097e-11
1.8408e-10,1.1127e-10,1.4535e-10
4.0828e-11,2.1534e-11,3.395e-11
1.6924e-10,1.0239e-10,1.3146e-10
4.049e-11,2.0755e-11,3.4915e-11
6.5692e-11,5.32e-11,4.542e-11
4.2102e-11,2.3816e-11,3.9806e-11
4.0523e-11,2.3703e-11,3.7554e-11
1.3571e-10,1.2222e-10,1.2384e-10
6.5396e-11,5.5518e-11,7.1762e-11
3.5059e-11,2.7413e-11,2.7635e-11
7.0407e-11,5.0615e-11,6.507e-11
5.5964e-11,5.3686e-11,3.7755e-11
3.3697e-11,3.7895e-11,3.4067e-11
5.4816e-11,2.6379e-11,5.1919e-11
4.963e-11,6.5963e-11,9.0612e-11
3.3997e-11,3.953e-11,3.4735e-11
2.8539e-11,6.1213e-11,6.1121e-11
2.3575e-11,2.1106e-11,2.0193e-11
6.5736e-11,6.7949e-11,3.9304e-11
2.9941e-11,3.2622e-11,1.7564e-11
5.6409e-11,1.0957e-10,1.0996e-10
2.106e-11,3.0736e-11,5.6904e-11
2.2698e-11,2.1046e-11,1.763e-11
3.518e-11,2.6469e-11,5.7844e-11
2.2118e-11,3.3344e-11,5.4345e-11
2.9549e-11,2.3125e-11,2.0534e-11
2.2854e-11,2.9156e-11,2.6734e-11
2.9761e-11,2.2812e-11,1.579e-11
3.3719e-11,3.1936e-11,1.7228e-11
3.6178e-11,4.2093e-11,6.7127e-11
3.6368e-11,2.0893e-11,4.9512e-11
2.6411e-11,2.4975e-11,2.9569e-11
1.1137e-10,3.1927e-11,1.267e-10
1.1556e-10,2.9129e-11,1.0987e-10
9.7255e-11,2.8952e-11,9.0993e-11
1.0394e-10,4.1214e-11,1.4668e-10
6.2579e-11,3.3652e-11,4.7059e-11
5.4999e-11,2.5676e-11,7.5804e-11
5.2657e-11,3.2752e-11,5.5888e-11
4.5226e-11,2.0578e-11,4.142e-11
4.8264e-11,1.9922e-11,4.2727e-11
5.078e-11,3.1682e-11,9.8893e-11
1.9734e-10,1.0787e-10,1.4791e-10
6.024e-11,3.7303e-11,4.17e-11
3.4096e-11,1.9249e-11,5.9383e-11
5.2058e-11,4.7019e-11,3.9437e-11
1.2156e-10,1.0595e-10,1.3689e-10
8.295e-11,5.6022e-11,7.2494e-11
9.3136e-11,7.5579e-11,8.6509e-11
3.8998e-11,2.627e-11,2.7003e-11
5.9679e-11,6.3636e-11,1.1194e-10
2.8443e-11,2.1819e-11,1.6999e-11
5.3767e-11,1.0024e-10,1.7698e-10
5.2147e-11,5.509e-11,4.0314e-11
3.0898e-11,3.3697e-11,2.678e-11
3.2901e-11,6.0251e-11,9.9089e-11
3.2151e-11,6.5712e-11,9.0891e-11
2.8381e-11,6.1025e-11,1.1164e-10
7.402e-11,8.3926e-11,4.655e-11
3.4123e-11,5.5307e-11,6.2188e-11
2.5115e-11,2.8834e-11,4.7258e-11
1.9642e-11,1.6793e-11,9.7474e-12
3.2218e-11,2.8929e-11,4.4977e-11
2.877e-11,2.3698e-11,4.6255e-11
6.2316e-11,6.6423e-11,3.7042e-11
2.8954e-11,3.3445e-11,1.8909e-11
3.6536e-11,2.5315e-11,4.6609e-11
4.7063e-11,8.4972e-11,1.1781e-10
2.2655e-11,5.7797e-11,6.8106e-11
5.253e-11,5.0665e-11,3.0986e-11
3.2713e-11,2.7568e-11,3.1218e-11
4.693e-11,6.9686e-11,1.0717e-10
2.5708e-11,2.0594e-11,3.2052e-11
4.0158e-11,2.3299e-11,4.2495e-11
3.4778e-11,1.8017e-11,4.876e-11
2.5047e-11,2.4586e-11,3.9901e-11
1.9862e-11,2.3634e-11,1.7947e-11
1.1727e-10,3.1546e-11,1.1438e-10
9.6256e-11,4.1914e-11,9.1474e-11
1.0541e-10,4.5801e-11,9.3462e-11
9.3552e-11,2.4133e-11,9.0954e-11
5.9602e-11,3.0322e-11,6.1263e-11
6.6356e-11,2.7018e-11,7.1026e-11
5.0452e-11,2.5143e-11,4.9448e-11
4.2482e-11,1.6583e-11,4.5753e-11
4.483e-11,2.2523e-11,3.2275e-11
4.1217e-11,1.8885e-11,3.3352e-11
4.914e-11,4.4837e-11,3.5717e-11
5.7307e-11,4.7506e-11,6.419e-11
3.3291e-11,3.3548e-11,2.5449e-11
6.0347e-11,4.9685e-11,6.3589e-11
4.9206e-11,9.4953e-11,1.573e-10
3.8446e-11,6.6009e-11,8.0099e-11
2.1529e-11,2.7436e-11,5.1882e-11
5.2281e-11,9.8596e-11,1.2618e-10
2.0373e-11,1.6302e-11,7.4705e-12
1.9485e-11,1.911e-11,2.0483e-11
3.1401e-11,3.2329e-11,1.8412e-11
2.7417e-11,2.6304e-11,1.9646e-11
2.1034e-11,5.5589e-11,6.1227e-11
2.1462e-11,1.8767e-11,1.4269e-11
3.679e-11,2.6619e-11,3.6233e-11
1.9536e-11,2.3798e-11,2.3259e-11
2.9729e-11,2.8564e-11,5.6057e-11
1.941e-11,4.6829e-11,4.3614e-11
3.2004e-11,2.5519e-11,2.6381e-11
2.7587e-11,2.3232e-11,2.8189e-11
2.7055e-11,2.8875e-11,3.6893e-11
3.824e-11,1.9131e-11,5.2095e-11
3.077e-11,2.4924e-11,4.6822e-11
1.3755e-11,2.0063e-11,1.766e-11
9.5396e-11,3.0983e-11,9.5345e-11
1.0094e-10,3.2988e-11,1.0969e-10
8.9572e-11,3.1182e-11,1.1528e-10
8.7585e-11,4.0002e-11,6.9942e-11
8.2874e-11,3.2921e-11,8.1722e-11
7.2634e-11,2.6867e-11,7.7544e-11
9.5243e-11,5.7212e-11,7.4802e-11
6.3825e-11,2.6644e-11,5.8682e-11
6.1421e-11,2.3068e-11,8.236e-11
6.3028e-11,2.862e-11,5.5357e-11
8.707e-11,5.5565e-11,6.2603e-11
5.7321e-11,3.0655e-11,1.0617e-10
6.2739e-11,3.2793e-11,4.8301e-11
4.4244e-11,2.5282e-11,4.2277e-11
5.8558e-11,4.2613e-11,4.2831e-11
1.4443e-10,1.2584e-10,1.1851e-10
1.6546e-10,1.5214e-10,1.8402e-10
3.1905e-11,2.1643e-11,5.9059e-11
1.1173e-10,1.304e-10,2.0126e-10
3.7237e-11,2.3098e-11,2.0107e-11
5.8224e-11,9.5274e-11,1.813e-10
6.8426e-11,6.8127e-11,4.3166e-11
4.4173e-11,5.1537e-11,3.3741e-11
3.3034e-11,2.7481e-11,2.9223e-11
7.7145e-11,7.5444e-11,4.93e-11
6.0528e-11,7.405e-11,1.3114e-10
2.8837e-11,2.5622e-11,2.1823e-11
4.0392e-11,8.169e-11,1.1645e-10
7.8105e-11,7.8995e-11,4.6055e-11
4.7223e-11,5.1069e-11,2.8647e-11
3.1267e-11,3.5502e-11,2.0051e-11
2.8615e-11,2.3341e-11,5.5909e-11
4.7683e-11,8.7902e-11,1.3231e-10
2.6454e-11,3.8886e-11,4.6055e-11
3.229e-11,3.1912e-11,1.7805e-11
5.6528e-11,6.1353e-11,3.422e-11
6.3138e-11,6.7141e-11,3.7653e-11
2.3688e-11,1.9912e-11,1.9645e-11
4.2151e-11,7.5633e-11,1.2037e-10
2.0225e-11,2.3482e-11,2.3997e-11
2.0687e-11,1.8159e-11,9.2809e-12
2.8571e-11,2.2304e-11,1.8088e-11
4.3375e-11,3.1679e-11,5.871e-11
4.4331e-11,4.0817e-11,5.8298e-11
3.2801e-11,3.6522e-11,6.5822e-11
2.385e-11,2.4782e-11,5.1097e-11
9.5293e-11,2.828e-11,9.2187e-11
9.5562e-11,3.7497e-11,1.4692e-10
8.2868e-11,3.3693e-11,1.2612e-10
7.2545e-11,4.9663e-11,5.2743e-11
6.0818e-11,2.423e-11,8.1576e-11
6.5319e-11,2.9894e-11,1.0712e-10
6.2517e-11,3.1172e-11,4.6151e-11
5.0679e-11,3.2759e-11,4.5481e-11
6.1707e-11,3.5385e-11,1.1101e-10
4.4408e-11,2.4075e-11,5.0635e-11
5.2892e-11,3.3622e-11,3.6612e-11
6.169e-11,3.6925e-11,1.0234e-10
4.1065e-11,2.3229e-11,4.4402e-11
4.9966e-11,3.1441e-11,3.2165e-11
1.5096e-10,1.5143e-10,2.0203e-10
3.194e-11,2.4847e-11,5.8178e-11
5.0343e-11,2.6839e-11,8.5446e-11
9.5495e-11,6.0188e-11,9.6363e-11
1.4511e-10,1.3224e-10,1.585e-10
5.0295e-11,4.5761e-11,3.5922e-11
6.2471e-11,6.2197e-11,4.4833e-11
4.783e-11,4.3629e-11,6.2608e-11
7.8119e-11,9.5456e-11,1.2491e-10
7.1313e-11,7.4537e-11,1.0624e-10
6.4546e-11,6.3946e-11,4.337e-11
5.9177e-11,5.1091e-11,6.1691e-11
6.174e-11,7.0304e-11,8.7491e-11
5.48e-11,5.4455e-11,3.4348e-11
3.8554e-11,4.6209e-11,3.5703e-11
3.7818e-11,8.2348e-11,1.0659e-10
3.0332e-11,1.8378e-11,1.3055e-11
3.6725e-11,7.6325e-11,1.0055e-10
3.3746e-11,3.2977e-11,1.9305e-11
2.3195e-11,2.2339e-11,1.1143e-11
3.009e-11,7.237e-11,9.8424e-11
2.3931e-11,2.597e-11,1.8793e-11
3.9179e-11,2.2504e-11,4.7233e-11
2.2342e-11,4.4796e-11,3.4644e-11
2.056e-11,2.1618e-11,1.0884e-11
2.0287e-11,2.0576e-11,6.297e-12
3.7732e-11,3.0067e-11,3.9214e-11
4.5869e-11,2.7419e-11,4.3571e-11
9.7646e-11,2.6832e-11,9.1433e-11
9.6923e-11,4.2329e-11,7.9048e-11
9.7342e-11,3.6686e-11,1.2985e-10
1.0451e-10,5.3635e-11,8.6579e-11
1.0393e-10,5.8098e-11,8.0873e-11
9.5285e-11,4.3321e-11,1.5258e-10
8.1884e-11,4.7542e-11,6.016e-11
8.1284e-11,5.3758e-11,6.155e-11
4.3515e-11,2.3332e-11,5.116e-11
9.6606e-11,5.8966e-11,1.2093e-10
3.8641e-11,2.1699e-11,4.0696e-11
4.6551e-11,2.3782e-11,3.063e-11
3.8821e-11,2.018e-11,5.985e-11
4.9678e-11,2.4601e-11,2.6519e-11
3.8334e-11,2.1515e-11,8.1218e-11
3.9552e-11,2.2189e-11,6.108e-11
1.3469e-10,1.1467e-10,1.1908e-10
3.9642e-11,2.8785e-11,8.5835e-11
1.2813e-10,1.1072e-10,1.2112e-10
3.1424e-11,2.5014e-11,5.7128e-11
3.848e-11,2.1781e-11,2.1819e-11
9.3227e-11,9.4826e-11,9.4871e-11
1.0272e-10,1.274e-10,1.7522e-10
3.2334e-11,2.5558e-11,1.5863e-11
7.234e-11,1.0395e-10,1.6483e-10
6.0208e-11,8.9275e-11,1.4335e-10
5.6823e-11,5.3701e-11,3.2177e-11
4.8342e-11,9.6079e-11,1.5931e-10
2.742e-11,2.563e-11,1.7274e-11
2.6514e-11,2.6027e-11,1.7276e-11
2.6525e-11,3.6952e-11,4.5519e-11
2.9632e-11,2.8747e-11,4.199e-11
4.0665e-11,4.476e-11,2.1871e-11
2.555e-11,1.9489e-11,9.1645e-12
2.5067e-11,2.5847e-11,3.0643e-11
2.0121e-11,3.019e-11,4.0368e-11
2.9138e-11,7.029e-11,1.0772e-10
1.8714e-11,2.1637e-11,2.3996e-11
2.1815e-11,2.7079e-11,3.5109e-11
2.7218e-11,2.2026e-11,1.3865e-11
1.6272e-11,2.2778e-11,2.0659e-11
2.0233e-11,2.0124e-11,1.5087e-11
2.4085e-11,3.4046e-11,3.2418e-11
1.756e-11,2.6099e-11,3.1094e-11
3.0085e-11,2.5926e-11,3.5999e-11
8.8377e-11,3.7253e-11,8.3155e-11
1.0133e-10,3.9222e-11,1.3744e-10
8.3897e-11,3.4108e-11,7.1927e-11
8.7193e-11,3.4444e-11,1.239e-10
8.6712e-11,3.4286e-11,7.2953e-11
6.6453e-11,2.5846e-11,6.6748e-11
9.1819e-11,5.4407e-11,6.7643e-11
5.8348e-11,2.6352e-11,5.7725e-11
6.1497e-11,3.1206e-11,1.13e-10
5.4703e-11,2.612e-11,5.0608e-11
6.3931e-11,3.2285e-11,4.4545e-11
4.4406e-11,2.2231e-11,4.2841e-11
4.7529e-11,2.0703e-11,4.7667e-11
4.8061e-11,2.9949e-11,8.8148e-11
4.2265e-11,2.309e-11,6.7272e-11
4.1397e-11,3.0494e-11,4.039e-11
4.4973e-11,1.9979e-11,3.7406e-11
1.5763e-10,1.2916e-10,1.2767e-10
4.9705e-11,2.8258e-11,2.7379e-11
4.3925e-11,2.7212e-11,2.9186e-11
3.8254e-11,3.9861e-11,3.1456e-11
7.5913e-11,7.7049e-11,5.6247e-11
3.69e-11,2.874e-11,2.0849e-11
3.7063e-11,2.8209e-11,2.099e-11
5.2665e-11,6.1086e-11,5.7809e-11
7.0504e-11,9.7377e-11,1.7942e-10
5.4192e-11,7.0564e-11,8.0391e-11
4.2642e-11,4.345e-11,2.9419e-11
3.0347e-11,2.3563e-11,1.8837e-11
3.3509e-11,3.5174e-11,3.2716e-11
2.759e-11,2.9117e-11,2.0646e-11
2.78e-11,2.6507e-11,1.8172e-11
2.0607e-11,2.8143e-11,5.4009e-11
2.2723e-11,5.2342e-11,5.9454e-11
4.6971e-11,5.2063e-11,3.0382e-11
3.5146e-11,1.9895e-11,4.081e-11
3.0375e-11,2.2887e-11,4.7962e-11
3.3008e-11,4.144e-11,6.7735e-11
2.8806e-11,1.927e-11,2.1791e-11
2.9291e-11,3.3503e-11,2.1352e-11
2.5294e-11,2.1714e-11,5.383e-11
2.3849e-11,3.1236e-11,3.1558e-11
2.7233e-11,4.4326e-11,4.5658e-11
1.6989e-11,1.9471e-11,2.2244e-11
2.1379e-11,3.3386e-11,6.01e-11
7.7335e-11,2.8438e-11,7.5936e-11
6.4786e-11,2.678e-11,6.8047e-11
6.6612e-11,2.8591e-11,8.6004e-11
7.4208e-11,4.2764e-11,4.8319e-11
7.2011e-11,3.4404e-11,1.3326e-10
5.0264e-11,2.5088e-11,5.671e-11
1.2349e-10,7.6258e-11,1.5764e-10
4.7541e-11,2.3922e-11,8.1474e-11
9.0287e-11,6.1409e-11,6.2307e-11
4.5646e-11,2.1879e-11,4.2489e-11
3.6322e-11,1.8373e-11,3.5716e-11
3.9028e-11,1.7671e-11,2.8809e-11
4.3647e-11,2.4431e-11,3.3269e-11
1.3233e-10,9.6447e-11,1.0944e-10
5.6713e-11,4.7874e-11,4.2526e-11
5.1246e-11,2.8721e-11,8.2503e-11
5.2596e-11,4.4526e-11,3.8893e-11
4.1463e-11,2.0726e-11,2.0784e-11
7.5314e-11,4.9134e-11,7.7322e-11
5.0295e-11,4.1479e-11,3.8269e-11
4.1617e-11,2.2846e-11,2.1643e-11
2.9201e-11,2.3669e-11,5.5316e-11
1.0894e-10,1.2592e-10,1.7077e-10
4.5131e-11,3.121e-11,6.7644e-11
1.0087e-10,9.539e-11,1.3244e-10
7.0829e-11,7.2869e-11,5.1099e-11
7.9373e-11,6.3218e-11,7.3976e-11
3.4067e-11,2.8755e-11,1.7435e-11
3.6119e-11,3.1073e-11,2.1252e-11
4.8206e-11,9.0599e-11,1.3867e-10
3.4442e-11,5.8811e-11,9.7846e-11
4.4731e-11,6.1932e-11,9.2351e-11
8.013e-11,8.2611e-11,4.6343e-11
4.4133e-11,8.6355e-11,1.3218e-10
6.9119e-11,7.2509e-11,3.7124e-11
2.423e-11,2.3397e-11,5.0071e-11
6.1852e-11,6.718e-11,3.4045e-11
2.8049e-11,2.1966e-11,1.1609e-11
3.3254e-11,5.4491e-11,6.2576e-11
5.8212e-11,6.2488e-11,3.498e-11
2.2744e-11,5.8785e-11,5.9993e-11
2.5122e-11,2.4437e-11,3.9166e-11
1.8517e-11,1.9274e-11,1.951e-11
3.4581e-11,3.2849e-11,1.752e-11
3.4888e-11,3.286e-11,3.4925e-11
3.8408e-11,2.1465e-11,5.3606e-11
1.0606e-10,4.026e-11,9.5362e-11
1.1578e-10,3.728e-11,1.1372e-10
9.0179e-11,3.4429e-11,8.7146e-11
9.7097e-11,3.8049e-11,1.0311e-10
7.9104e-11,2.6914e-11,7.6929e-11
9.635e-11,4.9733e-11,7.3668e-11
7.3511e-11,3.6369e-11,1.2706e-10
8.6124e-11,4.2702e-11,1.4763e-10
1.2072e-10,6.9013e-11,1.6323e-10
6.9311e-11,3.1001e-11,5.4268e-11
1.0877e-10,6.67e-11,1.4737e-10
7.3966e-11,4.5878e-11,4.7838e-11
4.9009e-11,2.8753e-11,6.7194e-11
3.6213e-11,2.0203e-11,5.4969e-11
6.0416e-11,4.4182e-11,3.8865e-11
3.8409e-11,2.9078e-11,7.3134e-11
4.1844e-11,2.8008e-11,8.3386e-11
4.4837e-11,2.6375e-11,8.2619e-11
1.1142e-10,1.0659e-10,9.7624e-11
1.2865e-10,1.2465e-10,1.5497e-10
4.7405e-11,4.2579e-11,6.3037e-11
6.0662e-11,5.8489e-11,6.6509e-11
2.9355e-11,2.5475e-11,1.7514e-11
3.3127e-11,3.464e-11,2.0628e-11
2.5053e-11,1.8967e-11,4.8891e-11
2.7736e-11,2.4675e-11,1.3261e-11
2.4128e-11,2.3375e-11,1.4488e-11
4.6468e-11,4.4954e-11,2.333e-11
1.3656e-11,2.0361e-11,1.744e-11
3.9283e-11,4.2857e-11,2.3525e-11
3.3271e-11,2.8151e-11,2.1744e-11
1.9761e-11,2.1537e-11,2.1426e-11
2.7743e-11,4.1442e-11,4.2618e-11
2.0067e-11,2.6518e-11,5.1822e-11
3.2733e-11,3.2706e-11,3.8984e-11
1.2625e-10,3.5659e-11,1.2073e-10
1.1934e-10,3.6152e-11,1.1284e-10
1.1753e-10,3.3396e-11,1.0972e-10
1.0865e-10,3.8242e-11,1.1105e-10
1.0306e-10,3.3539e-11,9.5464e-11
7.9518e-11,2.5756e-11,7.8293e-11
7.7637e-11,3.8036e-11,6.4873e-11
9.3401e-11,4.9124e-11,6.9211e-11
7.807e-11,3.2587e-11,1.0373e-10
4.9592e-11,2.4902e-11,5.5057e-11
6.8183e-11,3.5028e-11,4.5181e-11
4.6947e-11,2.2207e-11,4.1997e-11
6.8905e-11,4.9945e-11,1.1837e-10
5.491e-11,2.9985e-11,3.8071e-11
1.1523e-10,9.1803e-11,1.2403e-10
6.5231e-11,4.072e-11,9.7991e-11
3.3444e-11,1.9265e-11,5.0542e-11
7.1578e-11,5.9171e-11,4.5889e-11
8.83e-11,7.2574e-11,1.0623e-10
5.1897e-11,2.8544e-11,2.8081e-11
4.2617e-11,1.9035e-11,2.8969e-11
3.4597e-11,2.0656e-11,5.6072e-11
3.1982e-11,2.3849e-11,5.9713e-11
4.8671e-11,3.3992e-11,3.0317e-11
4.0383e-11,2.9609e-11,6.1845e-11
8.7914e-11,9.7267e-11,1.3455e-10
3.5626e-11,2.2115e-11,1.8473e-11
3.7959e-11,4.0041e-11,6.4883e-11
2.8695e-11,6.1681e-11,7.5447e-11
3.8537e-11,4.1786e-11,2.3643e-11
3.9629e-11,4.2219e-11,2.3743e-11
1.9668e-11,2.4068e-11,1.2798e-11
2.2483e-11,2.6695e-11,1.7435e-11
3.0369e-11,3.2737e-11,1.9619e-11
5.4299e-11,3.3647e-11,5.6631e-11
2.097e-11,3.3702e-11,4.6018e-11
1.916e-11,7.8721e-11,1.0525e-10
3.9771e-11,2.4658e-11,5.5549e-11
1.7171e-11,7.9272e-11,1.1123e-10
1.4119e-11,2.2865e-11,1.4741e-11
2.6325e-11,2.9051e-11,1.2214e-11
2.3153e-11,3.5747e-11,2.3388e-11
2.7971e-11,3.1754e-11,6.3694e-11
3.7241e-11,4.4631e-11,3.9236e-11
1.3246e-11,3.5363e-11,3.8937e-11
2.0329e-11,4.4261e-11,4.8059e-11
2.9272e-11,3.6487e-11,2.4944e-11
2.4134e-11,2.7364e-11,2.1907e-11
1.2605e-10,3.7702e-11,1.1577e-10
1.0999e-10,3.9729e-11,1.0382e-10
1.1484e-10,4.2489e-11,9.6325e-11
1.0542e-10,3.4848e-11,1.19e-10
1.0794e-10,5.1093e-11,8.3128e-11
9.9765e-11,3.8472e-11,1.5119e-10
8.6442e-11,3.7676e-11,1.2458e-10
7.2208e-11,2.9327e-11,6.988e-11
6.8081e-11,2.8452e-11,7.7968e-11
7.7154e-11,3.7023e-11,1.2637e-10
9.8496e-11,5.7055e-11,1.5539e-10
6.0853e-11,3.0607e-11,4.3283e-11
1.263e-10,8.8959e-11,1.2918e-10
3.3623e-11,2.0051e-11,5.4007e-11
5.2246e-11,3.5811e-11,2.8302e-11
5.3302e-11,4.3696e-11,3.7499e-11
3.8677e-11,2.0442e-11,2.225e-11
6.6299e-11,7.0076e-11,4.469e-11
5.8207e-11,5.7957e-11,3.6477e-11
3.6327e-11,3.0145e-11,2.0268e-11
3.5151e-11,2.3255e-11,1.8683e-11
6.7198e-11,6.5708e-11,3.7025e-11
7.6632e-11,7.8987e-11,4.3636e-11
3.1175e-11,3.35e-11,1.8368e-11
5.0353e-11,5.227e-11,3.2853e-11
1.8877e-11,2.3859e-11,2.3098e-11
2.6349e-11,4.0761e-11,6.1168e-11
1.9877e-11,3.1796e-11,5.2322e-11
6.7238e-11,7.6302e-11,3.8697e-11
1.9021e-11,1.9368e-11,2.0747e-11
1.8934e-11,3.5982e-11,4.6119e-11
3.0425e-11,2.3417e-11,1.2561e-11
3.506e-11,2.1263e-11,2.0428e-11
2.1567e-11,2.4473e-11,1.3196e-11
2.8912e-11,2.101e-11,1.1957e-11
3.7021e-11,3.0974e-11,1.9238e-11
1.6513e-11,2.3007e-11,2.7158e-11
2.2081e-11,2.6975e-11,4.6063e-11
2.597e-11,3.002e-11,3.2421e-11
1.1632e-10,4.3257e-11,1.0457e-10
6.5245e-11,2.7659e-11,6.0354e-11
5.5888e-11,2.5156e-11,5.6734e-11
6.9468e-11,3.3145e-11,1.2558e-10
7.8414e-11,3.7576e-11,1.2973e-10
6.8347e-11,3.1093e-11,4.4422e-11
8.47e-11,4.8512e-11,1.3916e-10
8.5052e-11,5.6137e-11,5.5485e-11
5.4421e-11,3.0875e-11,1.0609e-10
5.1792e-11,3.1579e-11,8.8307e-11
4.2156e-11,2.3705e-11,4.454e-11
8.5528e-11,6.5735e-11,5.2996e-11
5.1167e-11,2.6603e-11,3.2101e-11
3.4666e-11,2.4016e-11,3.8803e-11
4.1774e-11,2.2062e-11,3.3187e-11
1.4665e-10,1.1585e-10,1.397e-10
1.561e-10,1.2899e-10,1.3914e-10
7.0211e-11,5.9631e-11,4.8611e-11
1.2252e-10,7.9948e-11,1.1292e-10
4.3446e-11,2.1937e-11,2.9225e-11
3.6218e-11,2.113e-11,5.9532e-11
4.7775e-11,2.6991e-11,2.866e-11
5.1915e-11,2.7888e-11,3.0222e-11
4.6206e-11,2.8869e-11,7.6027e-11
5.9138e-11,5.3125e-11,6.531e-11
3.9824e-11,4.0028e-11,2.6792e-11
3.6375e-11,2.4945e-11,1.8209e-11
8.0262e-11,7.6173e-11,4.56e-11
3.8239e-11,4.4083e-11,4.3471e-11
4.5954e-11,6.4971e-11,8.0495e-11
7.6208e-11,7.5864e-11,4.5256e-11
2.8538e-11,2.7708e-11,1.9574e-11
2.7838e-11,2.7371e-11,1.4104e-11
5.6398e-11,6.3652e-11,8.204e-11
2.6194e-11,2.6961e-11,1.4061e-11
3.9351e-11,6.9403e-11,6.8358e-11
3.2998e-11,1.9807e-11,2.0088e-11
6.7903e-11,7.6663e-11,3.8662e-11
3.508e-11,3.541e-11,1.742e-11
2.8714e-11,2.2486e-11,4.9645e-11
6.3464e-11,7.013e-11,3.755e-11
1.849e-11,2.2979e-11,2.1924e-11
3.1969e-11,2.0591e-11,1.3117e-11
2.3225e-11,4.0313e-11,4.4713e-11
3.1598e-11,2.852e-11,1.8138e-11
3.4269e-11,2.9855e-11,1.7036e-11
1.88e-11,2.4235e-11,9.6269e-12
4.8112e-11,4.4889e-11,2.6652e-11
3.4102e-11,2.3419e-11,1.9492e-11
3.0685e-11,3.5622e-11,4.1405e-11
1.2583e-10,3.5296e-11,1.1208e-10
1.1405e-10,3.2927e-11,1.0296e-10
8.9742e-11,2.9847e-11,8.4453e-11
1.1309e-10,4.7038e-11,8.5259e-11
9.754e-11,4.0834e-11,1.5361e-10
7.2717e-11,3.1354e-11,6.8392e-11
5.4732e-11,2.8752e-11,5.6444e-11
6.977e-11,3.6663e-11,1.2748e-10
4.1796e-11,2.4751e-11,4.8121e-11
1.2089e-10,9.6508e-11,1.4549e-10
4.3425e-11,2.934e-11,7.2199e-11
7.0543e-11,5.9623e-11,4.6375e-11
4.222e-11,2.443e-11,2.5462e-11
2.8942e-11,2.188e-11,5.727e-11
3.0293e-11,2.6102e-11,5.9807e-11
4.0166e-11,3.9969e-11,6.4942e-11
4.125e-11,4.0755e-11,2.7943e-11
3.8359e-11,2.0829e-11,1.92e-11
3.823e-11,2.4914e-11,2.2891e-11
6.314e-11,6.1882e-11,3.8417e-11
3.536e-11,3.3566e-11,2.1014e-11
7.1803e-11,8.5696e-11,1.0827e-10
6.6604e-11,9.0318e-11,1.2078e-10
5.6744e-11,8.5408e-11,8.8215e-11
6.0093e-11,6.1503e-11,3.1678e-11
5.2504e-11,6.5974e-11,8.0857e-11
5.7974e-11,6.2309e-11,3.1724e-11
1.8879e-11,2.1337e-11,1.7382e-11
3.9378e-11,9.9249e-11,8.2795e-11
2.551e-11,2.1334e-11,1.6755e-11
4.5519e-11,4.7394e-11,3.095e-11
1.8567e-11,1.9226e-11,1.7895e-11
2.6811e-11,2.1236e-11,1.098e-11
2.7167e-11,3.5817e-11,5.4416e-11
4.6212e-11,6.8204e-11,6.6576e-11
2.1012e-11,2.1334e-11,1.3284e-11
2.7368e-11,2.3658e-11,1.5397e-11
2.2818e-11,1.8647e-11,4.9099e-12
3.3549e-11,3.8355e-11,4.0452e-11
5.2789e-11,5.4107e-11,2.8653e-11
3.3505e-11,3.0451e-11,1.6255e-11
2.8332e-11,2.2906e-11,8.0117e-12
1.1145e-11,6.9482e-11,7.8089e-11
1.3724e-11,6.3475e-11,6.4463e-11
2.0276e-11,2.7667e-11,2.5518e-11
2.2915e-11,2.8182e-11,3.2111e-11
1.5498e-11,2.8395e-11,3.7993e-11
1.0584e-10,3.9262e-11,1.2828e-10
1.0803e-10,5.0985e-11,8.4526e-11
7.8058e-11,4.3114e-11,9.7611e-11
6.1895e-11,2.8584e-11,6.6049e-11
6.9101e-11,2.6278e-11,7.0768e-11
9.2434e-11,5.4426e-11,5.986e-11
8.7171e-11,6.3487e-11,5.1993e-11
6.5937e-11,3.3319e-11,4.0196e-11
7.5005e-11,5.5777e-11,5.1124e-11
7.434e-11,5.7171e-11,4.9987e-11
5.8314e-11,2.8652e-11,3.509e-11
6.1202e-11,3.0084e-11,3.4877e-11
4.4917e-11,3.0146e-11,8.6244e-11
3.7711e-11,2.4053e-11,4.1254e-11
4.071e-11,2.6977e-11,7.7659e-11
3.5201e-11,2.1428e-11,3.3793e-11
3.5175e-11,2.1557e-11,3.5557e-11
4.1677e-11,2.1011e-11,2.3523e-11
4.7431e-11,3.7075e-11,7.825e-11
4.3501e-11,2.032e-11,2.5534e-11
4.0227e-11,1.9454e-11,2.0983e-11
3.7075e-11,2.5021e-11,2.0262e-11
3.288e-11,2.3279e-11,2.1473e-11
7.369e-11,9.5998e-11,1.1758e-10
4.1653e-11,4.0677e-11,5.0083e-11
3.2289e-11,2.6337e-11,2.193e-11
3.0407e-11,2.7915e-11,2.0445e-11
4.837e-11,4.0442e-11,4.5211e-11
3.4428e-11,3.3863e-11,4.8486e-11
3.8045e-11,4.2423e-11,2.1293e-11
3.6879e-11,4.7491e-11,5.7229e-11
7.2143e-11,7.3488e-11,4.0838e-11
2.1776e-11,2.2898e-11,1.9441e-11
3.5689e-11,3.3079e-11,2.1705e-11
3.1315e-11,2.4247e-11,2.272e-11
2.6543e-11,2.2098e-11,2.4476e-11
2.1236e-11,2.1665e-11,1.1068e-11
4.4073e-11,1.0774e-10,8.7668e-11
3.6383e-11,3.6186e-11,1.8937e-11
3.3753e-11,3.617e-11,1.837e-11
2.4113e-11,2.1285e-11,1.4909e-11
4.3903e-11,7.4972e-11,6.088e-11
1.6358e-11,2.7334e-11,4.107e-11
1.7837e-11,5.0788e-11,4.7597e-11
2.9727e-11,2.6891e-11,1.5054e-11
2.3676e-11,2.2317e-11,9.5079e-12
1.6955e-11,3.158e-11,4.647e-11
3.8202e-11,3.9776e-11,4.2467e-11
2.8686e-11,2.2602e-11,1.1462e-11
2.5636e-11,2.6789e-11,3.8047e-11
9.6485e-12,7.614e-11,8.7295e-11
5.1054e-11,4.7659e-11,2.6133e-11
2.403e-11,1.8942e-11,1.0597e-11
2.5352e-11,3.3479e-11,3.0491e-11
2.395e-11,2.0263e-11,1.2985e-11
1.2043e-10,4.7755e-11,9.6194e-11
9.8387e-11,4.181e-11,6.9673e-11
9.0243e-11,3.8882e-11,1.3642e-10
8.7973e-11,4.5041e-11,6.0928e-11
8.6017e-11,4.5732e-11,1.4277e-10
7.4374e-11,3.4021e-11,6.1277e-11
5.7205e-11,3.4948e-11,1.0016e-10
1.0439e-10,9.1311e-11,1.3022e-10
3.6984e-11,2.8651e-11,3.9867e-11
5.9135e-11,2.763e-11,3.333e-11
5.5389e-11,3.3987e-11,2.968e-11
1.3199e-10,1.2612e-10,1.2995e-10
8.8617e-11,6.8498e-11,8.9263e-11
7.8973e-11,8.774e-11,9.9563e-11
4.0407e-11,2.1738e-11,2.1406e-11
4.7539e-11,4.6378e-11,2.9779e-11
7.0701e-11,7.0151e-11,4.4573e-11
4.4133e-11,3.931e-11,4.344e-11
4.8149e-11,4.7841e-11,2.894e-11
2.9792e-11,2.8322e-11,1.4598e-11
5.6136e-11,6.039e-11,2.8007e-11
2.941e-11,3.0115e-11,2.3731e-11
2.458e-11,2.5843e-11,3.5419e-11
2.0622e-11,5.0972e-11,4.5765e-11
2.3124e-11,2.2219e-11,3.4652e-11
4.0107e-11,3.8593e-11,2.1771e-11
2.6235e-11,2.227e-11,1.2939e-11
3.8575e-11,4.5187e-11,5.9715e-11
3.1491e-11,2.3339e-11,1.2912e-11
2.2442e-11,2.2405e-11,3.5143e-11
1.8286e-11,3.2575e-11,4.6381e-11
1.8993e-11,2.4657e-11,4.8587e-11
1.3008e-10,3.7168e-11,1.1417e-10
1.2561e-10,3.9282e-11,1.0809e-10
1.1072e-10,4.2469e-11,1.2938e-10
7.9534e-11,3.4207e-11,7.4807e-11
9.2758e-11,4.0213e-11,1.2603e-10
9.8105e-11,4.503e-11,1.5488e-10
7.6248e-11,4.3295e-11,6.0784e-11
8.2277e-11,4.3833e-11,5.0384e-11
6.8831e-11,3.3488e-11,4.3136e-11
1.016e-10,8.7299e-11,1.611e-10
8.4718e-11,6.535e-11,1.4624e-10
7.8866e-11,6.2519e-11,1.2381e-10
5.3846e-11,2.9122e-11,2.7385e-11
3.9039e-11,2.0563e-11,2.7543e-11
3.1897e-11,2.5261e-11,4.9663e-11
3.5071e-11,2.6924e-11,5.1568e-11
1.082e-10,1.1024e-10,1.1891e-10
4.2763e-11,2.0675e-11,2.6822e-11
5.0512e-11,2.9367e-11,2.5181e-11
3.2018e-11,2.1863e-11,5.8816e-11
5.7777e-11,5.2861e-11,3.7754e-11
4.6059e-11,3.1443e-11,2.4406e-11
3.833e-11,2.8452e-11,5.7799e-11
3.4215e-11,2.5968e-11,5.5505e-11
3.9052e-11,3.2071e-11,2.4106e-11
6.8277e-11,6.4532e-11,3.8974e-11
5.1774e-11,4.8927e-11,4.7085e-11
3.5452e-11,2.777e-11,2.5038e-11
4.3006e-11,3.4874e-11,4.8163e-11
2.8255e-11,3.1442e-11,1.5035e-11
5.2745e-11,5.7035e-11,2.9132e-11
2.8137e-11,3.0593e-11,1.5285e-11
5.4273e-11,5.8606e-11,2.7543e-11
5.169e-11,1.2936e-10,1.0239e-10
5.1947e-11,5.5684e-11,2.5237e-11
2.3892e-11,2.302e-11,1.9525e-11
2.2555e-11,2.1403e-11,1.2557e-11
2.1391e-11,1.9861e-11,1.2468e-11
3.4418e-11,5.1271e-11,4.5416e-11
5.0984e-11,5.0299e-11,3.439e-11
2.2828e-11,2.3177e-11,2.2908e-11
4.8341e-11,4.434e-11,2.2648e-11
1.8243e-11,3.805e-11,3.6374e-11
4.9225e-11,4.4314e-11,2.1376e-11
3.0401e-11,2.5201e-11,4.1589e-11
1.121e-10,4.957e-11,9.7732e-11
1.0313e-10,4.4979e-11,8.4818e-11
8.6124e-11,3.6992e-11,8.1673e-11
9.2143e-11,4.4314e-11,1.4737e-10
9.4078e-11,4.7339e-11,1.5222e-10
8.1203e-11,5.4511e-11,4.7955e-11
8.6042e-11,7.3259e-11,1.5093e-10
4.4433e-11,3.0357e-11,7.0163e-11
1.0244e-10,8.6509e-11,1.5943e-10
3.5588e-11,3.2794e-11,5.437e-11
1.2492e-10,1.1293e-10,1.2707e-10
6.0614e-11,4.1878e-11,3.9643e-11
4.5262e-11,2.7828e-11,2.9091e-11
7.0155e-11,6.6154e-11,1.0686e-10
3.7488e-11,2.8901e-11,6.5806e-11
3.8296e-11,2.0431e-11,2.8059e-11
4.0699e-11,2.0361e-11,3.7622e-11
6.5091e-11,5.851e-11,7.6972e-11
4.7203e-11,3.7826e-11,2.9714e-11
3.8713e-11,3.5834e-11,5.4097e-11
3.6339e-11,2.8658e-11,5.1655e-11
6.1991e-11,6.2126e-11,6.6922e-11
3.3386e-11,3.7896e-11,4.6659e-11
2.9598e-11,2.9831e-11,1.6422e-11
4.0555e-11,8.1298e-11,7.1627e-11
2.5381e-11,1.9448e-11,1.3582e-11
2.9128e-11,3.1562e-11,1.8064e-11
4.9062e-11,9.6419e-11,6.2648e-11
2.5529e-11,3.0202e-11,5.4532e-11
2.9859e-11,2.5364e-11,5.1874e-11
6.6513e-11,7.1775e-11,3.4209e-11
2.7957e-11,2.6508e-11,3.7431e-11
2.3533e-11,1.9522e-11,1.8068e-11
3.1423e-11,3.025e-11,1.2768e-11
2.1632e-11,2.7577e-11,5.3889e-11
2.7624e-11,2.4243e-11,2.8006e-11
1.1811e-10,4.5374e-11,1.093e-10
9.4828e-11,4.5695e-11,1.1845e-10
1.0776e-10,4.9825e-11,8.0373e-11
9.7092e-11,4.3177e-11,7.2044e-11
9.1396e-11,4.0947e-11,1.181e-10
1.029e-10,4.6695e-11,1.5927e-10
7.7132e-11,3.5339e-11,7.2383e-11
8.0315e-11,3.5832e-11,9.0317e-11
8.7721e-11,4.5722e-11,1.4184e-10
8.7181e-11,4.8259e-11,1.4614e-10
5.176e-11,3.5097e-11,4.0681e-11
4.4572e-11,3.1676e-11,7.7827e-11
4.3138e-11,3.3046e-11,4.0766e-11
6.7171e-11,6.1683e-11,1.0284e-10
4.2138e-11,3.2918e-11,6.354e-11
3.6381e-11,3.6178e-11,6.3886e-11
6.1508e-11,5.8677e-11,3.7975e-11
4.5514e-11,3.4764e-11,2.3686e-11
4.1799e-11,2.2576e-11,2.15e-11
5.2127e-11,5.2538e-11,6.356e-11
3.5023e-11,2.8909e-11,2.6508e-11
8.3668e-11,8.0668e-11,4.5797e-11
3.1067e-11,3.5728e-11,3.7177e-11
3.268e-11,3.4236e-11,1.7486e-11
4.8772e-11,8.4017e-11,8.4911e-11
5.8978e-11,1.3493e-10,1.0518e-10
2.891e-11,2.9589e-11,1.7741e-11
2.2731e-11,2.9311e-11,1.4166e-11
2.1883e-11,2.5465e-11,5.044e-11
5.9227e-11,6.4017e-11,2.8272e-11
3.1696e-11,4.1496e-11,2.3588e-11
3.1837e-11,2.5988e-11,1.6311e-11
2.5297e-11,2.66e-11,3.8055e-11
1.2722e-11,2.2309e-11,4.5546e-11
2.4847e-11,2.1583e-11,8.7251e-12
2.5948e-11,2.7257e-11,2.849e-11
1.9052e-11,1.8863e-11,2.5176e-11
2.245e-11,2.5791e-11,2.3274e-11
2.4839e-11,2.7599e-11,1.5469e-11
2.4513e-11,4.2164e-11,3.9682e-11
1.2605e-10,4.8578e-11,1.2118e-10
1.1117e-10,3.9302e-11,1.0437e-10
1.143e-10,4.4465e-11,1.0611e-10
9.476e-11,4.3296e-11,9.4909e-11
9.8034e-11,4.0966e-11,1.0242e-10
7.9144e-11,4.1651e-11,1.0217e-10
7.0279e-11,4.1122e-11,8.4507e-11
9.2319e-11,4.7179e-11,1.5102e-10
6.1191e-11,3.3634e-11,7.9862e-11
8.6299e-11,4.7163e-11,1.4169e-10
7.8242e-11,3.4382e-11,5.2882e-11
5.6015e-11,2.9923e-11,4.6669e-11
9.8886e-11,6.5667e-11,6.3441e-11
7.389e-11,3.2963e-11,4.9251e-11
6.0895e-11,3.26e-11,9.5616e-11
7.5189e-11,4.3267e-11,1.2773e-10
5.9897e-11,3.4703e-11,9.6989e-11
9.1454e-11,6.7519e-11,5.2917e-11
6.9276e-11,4.1007e-11,1.1141e-10
7.5757e-11,5.6602e-11,1.4747e-10
8.6558e-11,6.3425e-11,1.554e-10
4.3657e-11,3.4402e-11,7.3767e-11
9e-11,7.4177e-11,1.4785e-10
5.8505e-11,4.2645e-11,1.0389e-10
3.869e-11,2.2549e-11,2.9371e-11
4.9989e-11,2.4416e-11,2.6345e-11
2.8774e-11,2.0389e-11,4.0362e-11
3.5477e-11,2.5891e-11,6.4391e-11
5.136e-11,4.9156e-11,8.9098e-11
4.4851e-11,2.2359e-11,2.7288e-11
7.2316e-11,7.2757e-11,8.5419e-11
4.8178e-11,3.1333e-11,2.5818e-11
5.3684e-11,5.359e-11,6.5897e-11
9.4874e-11,1.3429e-10,1.3381e-10
4.1556e-11,3.8102e-11,2.362e-11
6.3591e-11,5.2894e-11,2.9982e-11
4.276e-11,3.4007e-11,4.9423e-11
4.7987e-11,7.4891e-11,7.8749e-11
2.6316e-11,3.0639e-11,1.9025e-11
2.0684e-11,2.2421e-11,1.2078e-11
2.1615e-11,2.1225e-11,1.2565e-11
2.285e-11,3.0957e-11,2.5933e-11
2.0367e-11,2.2654e-11,3.5157e-11
1.7342e-11,2.1885e-11,4.2144e-11
2.7761e-11,6.549e-11,4.7068e-11
2.4855e-11,2.2427e-11,1.8389e-11
2.4644e-11,3.0681e-11,2.9198e-11
3.0117e-11,2.7249e-11,4.6617e-11
1.7084e-11,1.7677e-11,1.5672e-11
2.8638e-11,2.3706e-11,2.0519e-11
4.9649e-11,4.5609e-11,2.252e-11
2.0607e-11,2.7366e-11,1.8534e-11
2.5542e-11,2.5464e-11,2.37e-11
2.2281e-11,3.1295e-11,6.2626e-11
1.0058e-10,4.0928e-11,9.013e-11
1.1363e-10,4.989e-11,8.209e-11
9.8794e-11,5.0461e-11,1.5164e-10
6.143e-11,3.5233e-11,6.2884e-11
7.7273e-11,3.919e-11,4.3665e-11
5.8986e-11,3.2883e-11,4.3025e-11
7.4741e-11,3.4963e-11,4.027e-11
5.8294e-11,2.8165e-11,3.9398e-11
4.5858e-11,3.2048e-11,7.9808e-11
4.6592e-11,3.3006e-11,4.4053e-11
4.8289e-11,3.1296e-11,8.332e-11
5.6956e-11,5.6623e-11,1.0371e-10
6.3432e-11,5.3371e-11,3.4777e-11
6.1707e-11,4.3156e-11,3.9582e-11
4.9081e-11,3.2265e-11,2.32e-11
5.4422e-11,4.0094e-11,5.7519e-11
2.8084e-11,2.4662e-11,5.0847e-11
3.5939e-11,2.8665e-11,4.9326e-11
8.9817e-11,1.2677e-10,1.312e-10
3.8335e-11,4.1609e-11,4.0942e-11
3.9393e-11,4.8467e-11,5.8839e-11
4.9885e-11,4.2605e-11,5.4725e-11
4.2478e-11,7.5332e-11,6.427e-11
3.7466e-11,6.3378e-11,5.8617e-11
4.1906e-11,6.2672e-11,5.6494e-11
4.726e-11,4.8117e-11,2.3038e-11
3.0245e-11,3.0923e-11,1.83e-11
3.0029e-11,9.6587e-11,7.2342e-11
3.2739e-11,2.4829e-11,4.5828e-11
1.999e-11,1.7905e-11,2.3072e-11
1.4153e-11,2.6875e-11,2.0953e-11
1.9504e-11,2.2251e-11,2.0793e-11
2.1519e-11,2.6779e-11,5.6471e-11
2.1908e-11,2.1718e-11,1.7258e-11
2.1702e-11,2.0096e-11,2.1126e-11
1.6119e-11,1.9886e-11,2.2762e-11
2.376e-11,2.8183e-11,3.4082e-11
2.0279e-11,3.6937e-11,4.1678e-11
2.1468e-11,3.0771e-11,2.05e-11
2.0213e-11,2.8598e-11,4.2245e-11
1.2179e-10,4.7294e-11,1.1789e-10
9.2477e-11,4.0764e-11,7.9404e-11
1.1298e-10,5.1712e-11,7.1323e-11
7.3307e-11,3.684e-11,6.8047e-11
9.091e-11,4.2659e-11,1.1903e-10
1.0684e-10,5.4033e-11,6.4716e-11
5.5441e-11,3.8699e-11,8.5328e-11
4.448e-11,3.1969e-11,4.7098e-11
5.7915e-11,3.926e-11,9.8131e-11
6.8237e-11,5.1221e-11,3.9441e-11
5.5311e-11,2.6229e-11,3.238e-11
4.613e-11,3.3566e-11,7.9234e-11
3.8493e-11,2.8122e-11,5.8301e-11
7.5048e-11,7.0697e-11,1.1211e-10
5.6551e-11,2.6513e-11,2.7784e-11
6.5339e-11,5.712e-11,3.8814e-11
7.7545e-11,6.4406e-11,4.5164e-11
8.7884e-11,8.4127e-11,1.0215e-10
3.8286e-11,2.024e-11,2.8922e-11
6.8516e-11,6.4691e-11,4.3988e-11
2.8914e-11,2.1251e-11,3.9637e-11
4.7189e-11,3.7094e-11,3.0142e-11
2.837e-11,2.3422e-11,5.2091e-11
8.4766e-11,9.924e-11,9.736e-11
3.7407e-11,2.9329e-11,5.4238e-11
3.3723e-11,3.1444e-11,4.3797e-11
9.9326e-11,1.4187e-10,1.3788e-10
3.8276e-11,3.5634e-11,2.3433e-11
4.3969e-11,4.1614e-11,4.238e-11
7.5761e-11,7.3486e-11,4.1583e-11
4.985e-11,5.2899e-11,3.098e-11
2.6627e-11,2.8106e-11,2.2187e-11
2.2089e-11,3.3079e-11,2.5989e-11
2.2549e-11,2.1043e-11,1.3178e-11
3.0528e-11,3.4228e-11,1.527e-11
3.6049e-11,2.6132e-11,4.8782e-11
4.3221e-11,1.3009e-10,1.071e-10
2.8263e-11,2.5875e-11,3.8619e-11
3.0695e-11,2.686e-11,1.0054e-11
2.252e-11,2.5302e-11,1.8431e-11
1.8545e-11,3.7132e-11,3.9827e-11
3.1904e-11,2.9756e-11,3.6612e-11
3.4511e-11,2.6524e-11,1.3697e-11
2.0592e-11,3.511e-11,4.2261e-11
2.4877e-11,2.1944e-11,1.3617e-11
2.1951e-11,2.507e-11,5.1446e-11
1.7398e-11,2.0524e-11,2.0742e-11
3.2436e-11,2.5043e-11,1.3467e-11
2.0593e-11,3.6134e-11,5.3028e-11
1.0945e-10,5.2802e-11,8.7048e-11
9.4681e-11,4.158e-11,1.049e-10
6.8365e-11,3.6837e-11,7.4642e-11
1.0589e-10,5.3286e-11,6.4538e-11
1.0122e-10,5.1502e-11,1.5284e-10
8.0385e-11,3.8211e-11,4.5725e-11
7.5173e-11,3.7777e-11,4.7835e-11
9.1162e-11,5.3714e-11,1.4439e-10
6.3788e-11,3.3579e-11,1.0379e-10
6.8459e-11,3.3043e-11,3.4161e-11
5.8331e-11,4.8552e-11,1.0792e-10
7.0892e-11,5.3481e-11,3.9473e-11
4.4475e-11,3.3734e-11,7.5696e-11
3.0791e-11,2.1507e-11,4.0807e-11
3.585e-11,3.2494e-11,4.4339e-11
9.893e-11,1.1456e-10,1.1793e-10
3.9197e-11,2.4696e-11,2.9911e-11
5.3619e-11,4.911e-11,8.4444e-11
3.8053e-11,2.4034e-11,2.8866e-11
4.6634e-11,3.953e-11,2.357e-11
3.678e-11,2.7221e-11,3.6058e-11
6.5674e-11,7.1922e-11,7.6843e-11
3.8429e-11,2.8245e-11,5.2069e-11
3.8008e-11,3.6004e-11,2.2146e-11
3.8509e-11,3.9298e-11,2.2724e-11
3.6823e-11,4.5831e-11,4.5513e-11
3.3828e-11,3.8213e-11,4.9886e-11
4.5667e-11,4.8699e-11,2.6778e-11
3.5443e-11,3.3171e-11,2.2949e-11
4.0873e-11,4.4801e-11,2.1187e-11
3.2469e-11,3.203e-11,2.2004e-11
2.2544e-11,2.3618e-11,1.6443e-11
2.0816e-11,2.7601e-11,1.2911e-11
3.0331e-11,6.0586e-11,5.4858e-11
2.2588e-11,2.4533e-11,1.7826e-11
2.1245e-11,1.7828e-11,1.0646e-11
2.0425e-11,3.6796e-11,2.9449e-11
3.3505e-11,3.4547e-11,4.666e-11
5.8627e-11,5.5484e-11,2.6927e-11
2.3415e-11,5.9931e-11,4.7737e-11
1.766e-11,3.0144e-11,2.0916e-11
2.7017e-11,5.935e-11,4.813e-11
2.7934e-11,2.2255e-11,2.4308e-11
2.7968e-11,2.5271e-11,2.1849e-11
2.1525e-11,1.8832e-11,9.0799e-12
2.0731e-11,4.578e-11,4.7369e-11
2.1311e-11,2.5042e-11,3.453e-11
3.1533e-11,2.5466e-11,4.3716e-11
1.076e-10,5.0203e-11,8.965e-11
1.0442e-10,4.5357e-11,1.2496e-10
9.8744e-11,4.5765e-11,1.0997e-10
1.0067e-10,4.6245e-11,1.3041e-10
6.9115e-11,3.917e-11,7.6878e-11
9.3406e-11,4.8901e-11,1.4635e-10
8.9541e-11,4.2768e-11,4.7821e-11
6.4029e-11,3.7839e-11,1.0212e-10
7.2839e-11,3.7991e-11,4.1599e-11
4.4813e-11,2.9954e-11,5.641e-11
7.1528e-11,3.5481e-11,3.6886e-11
6.5753e-11,3.1125e-11,3.4453e-11
7.9471e-11,6.1021e-11,4.3944e-11
3.5277e-11,2.7677e-11,5.3946e-11
7.7568e-11,7.6958e-11,1.0105e-10
4.9163e-11,3.4079e-11,2.8304e-11
9.5785e-11,1.1553e-10,1.1168e-10
6.7755e-11,6.6005e-11,4.1994e-11
3.9473e-11,2.2109e-11,2.3462e-11
5.4622e-11,5.5636e-11,6.5258e-11
4.2146e-11,2.9604e-11,2.1419e-11
3.0276e-11,2.8675e-11,4.5916e-11
5.1611e-11,5.3935e-11,3.1116e-11
2.9426e-11,2.8191e-11,4.1908e-11
4.2218e-11,4.1407e-11,2.3432e-11
3.581e-11,2.9678e-11,3.0644e-11
4.1485e-11,4.8758e-11,4.6499e-11
3.1826e-11,3.1164e-11,4.3411e-11
7.1529e-11,8.6664e-11,8.9107e-11
2.6895e-11,2.8488e-11,2.0173e-11
3.1199e-11,3.697e-11,3.9598e-11
4.5514e-11,4.1633e-11,5.2378e-11
4.2439e-11,5.1167e-11,6.4402e-11
6.118e-11,6.3688e-11,2.8088e-11
2.1034e-11,2.3102e-11,2.6235e-11
3.7284e-11,7.9206e-11,6.3853e-11
3.0191e-11,3.1014e-11,1.3266e-11
3.6283e-11,9.3947e-11,6.2347e-11
4.2939e-11,3.8092e-11,2.0568e-11
2.3622e-11,2.5011e-11,2.084e-11
2.2187e-11,2.072e-11,2.6122e-11
2.8855e-11,2.5959e-11,1.0257e-11
2.8196e-11,2.4221e-11,1.3952e-11
2.348e-11,3.0009e-11,5.5614e-11
2.4414e-11,2.1755e-11,1.5325e-11
2.3213e-11,1.7756e-11,6.763e-12
2.1872e-11,8.1298e-11,6.6409e-11
1.4974e-11,2.6037e-11,4.3545e-11
2.3613e-11,3.7549e-11,5.8046e-11
1.1775e-10,5.3303e-11,1.1603e-10
1.0351e-10,4.6239e-11,7.8793e-11
1.251e-10,5.604e-11,8.4002e-11
1.0875e-10,5.2161e-11,7.0168e-11
7.614e-11,4.3451e-11,8.5545e-11
1.0043e-10,6.0239e-11,5.867e-11
8.3831e-11,5.0271e-11,4.6943e-11
9.1832e-11,5.8292e-11,5.3876e-11
4.5292e-11,3.3944e-11,4.7074e-11
4.4767e-11,3.4225e-11,4.0698e-11
3.7794e-11,2.8004e-11,6.0578e-11
7.727e-11,6.5373e-11,4.4936e-11
5.9674e-11,4.8911e-11,3.7409e-11
3.6874e-11,3.1825e-11,4.2613e-11
5.2482e-11,3.7716e-11,2.7888e-11
4.2249e-11,2.3599e-11,2.488e-11
3.3834e-11,3.2722e-11,4.8966e-11
3.1225e-11,3.439e-11,4.4156e-11
5.6879e-11,5.5789e-11,7.1788e-11
8.2542e-11,9.6907e-11,1.0362e-10
3.7206e-11,3.7069e-11,4.168e-11
9.4611e-11,1.1519e-10,1.0951e-10
1.0438e-10,1.5909e-10,1.3698e-10
4.6403e-11,4.664e-11,2.8368e-11
3.0708e-11,3.7131e-11,5.4211e-11
4.3821e-11,6.1639e-11,6.9185e-11
2.3909e-11,2.6724e-11,1.591e-11
2.6831e-11,2.9772e-11,2.0009e-11
2.8031e-11,3.3509e-11,4.0624e-11
6.058e-11,6.3134e-11,2.6541e-11
3.3874e-11,3.426e-11,1.9973e-11
4.8121e-11,1.3791e-10,1.1737e-10
2.1271e-11,2.5773e-11,1.8827e-11
3.4207e-11,2.9931e-11,1.1039e-11
2.4381e-11,2.8378e-11,2.7179e-11
4.2482e-11,3.2994e-11,1.5047e-11
5.5963e-11,5.1327e-11,2.2141e-11
1.7699e-11,2.6625e-11,2.1836e-11
1.0677e-10,5.5786e-11,1.0124e-10
9.1577e-11,5.2463e-11,1.1829e-10
9.7812e-11,5.1531e-11,1.4322e-10
7.9689e-11,3.6779e-11,6.5358e-11
8.9984e-11,4.8236e-11,1.2543e-10
9.4187e-11,4.9763e-11,1.4675e-10
7.3293e-11,3.5522e-11,5.2392e-11
9.9461e-11,5.4762e-11,1.512e-10
5.9386e-11,3.4772e-11,8.8305e-11
7.714e-11,3.6611e-11,4.4133e-11
8.5916e-11,4.7301e-11,4.8312e-11
7.2869e-11,3.7807e-11,4.0722e-11
5.6098e-11,2.9453e-11,3.513e-11
5.5516e-11,3.6279e-11,3.4232e-11
4.9833e-11,4.8292e-11,7.9619e-11
5.6774e-11,3.9154e-11,9.0531e-11
7.1412e-11,6.8705e-11,1.2572e-10
7.5301e-11,7.1305e-11,1.2119e-10
4.7289e-11,4.3677e-11,8.1367e-11
3.1503e-11,4.0846e-11,4.6646e-11
4.1184e-11,2.9765e-11,5.6175e-11
3.8776e-11,3.7901e-11,4.901e-11
3.5694e-11,3.5467e-11,5.003e-11
1.0169e-10,1.401e-10,1.1898e-10
2.7758e-11,2.9652e-11,2.4663e-11
4.4456e-11,5.8514e-11,6.5427e-11
3.0343e-11,3.1671e-11,1.9763e-11
6.3562e-11,6.6001e-11,3.2615e-11
2.4098e-11,3.038e-11,1.8187e-11
5.7126e-11,1.3804e-10,9.3271e-11
5.0344e-11,5.5799e-11,2.6783e-11
4.6648e-11,1.0105e-10,7.0902e-11
2.2377e-11,2.6056e-11,4.6782e-11
1.7988e-11,2.1972e-11,1.6187e-11
6.4155e-11,6.4509e-11,2.653e-11
4.1337e-11,3.5862e-11,1.9182e-11
1.7918e-11,2.3657e-11,1.6858e-11
2.0251e-11,4.1804e-11,4.2012e-11
2.2743e-11,2.0057e-11,1.1306e-11
3.2117e-11,3.2281e-11,3.5768e-11
2.136e-11,2.5725e-11,3.4818e-11
2.2273e-11,2.1985e-11,1.6194e-11
1.7403e-11,8.9807e-11,7.8572e-11
1.1619e-10,5.2729e-11,1.1333e-10
1.1798e-10,5.0862e-11,9.2651e-11
1.0741e-10,4.7352e-11,8.8671e-11
1.0826e-10,5.0893e-11,1.3188e-10
1.071e-10,5.2217e-11,1.5093e-10
7.6495e-11,3.9599e-11,5.3524e-11
1.0242e-10,5.6599e-11,1.535e-10
7.4284e-11,4.0288e-11,1.1618e-10
6.648e-11,3.7657e-11,9.7611e-11
8.1061e-11,3.7178e-11,4.2639e-11
7.5761e-11,3.6441e-11,3.8134e-11
6.6695e-11,5.1461e-11,1.2231e-10
7.5147e-11,3.5636e-11,3.6991e-11
7.2216e-11,3.2542e-11,3.7894e-11
4.9712e-11,2.8791e-11,4.051e-11
6.1818e-11,5.7763e-11,1.0105e-10
7.7903e-11,8.2861e-11,1.1625e-10
6.4205e-11,5.3518e-11,3.4846e-11
8.0128e-11,1.0585e-10,1.1789e-10
3.8609e-11,2.1432e-11,2.2009e-11
3.874e-11,2.2581e-11,2.7468e-11
3.9635e-11,3.8926e-11,6.2393e-11
4.8109e-11,7.7845e-11,7.4955e-11
6.2306e-11,6.5761e-11,2.933e-11
2.5874e-11,3.8146e-11,4.9151e-11
2.4067e-11,2.4662e-11,1.9062e-11
6.6453e-11,1.5327e-10,1.0169e-10
2.0265e-11,2.5116e-11,1.5257e-11
5.0102e-11,9.9281e-11,6.8927e-11
2.5511e-11,3.2999e-11,3.3306e-11
1.7584e-11,2.6244e-11,1.7344e-11
2.7674e-11,3.5675e-11,4.807e-11
6.7953e-11,6.8466e-11,2.768e-11
2.6144e-11,2.4196e-11,1.1986e-11
1.8039e-11,1.951e-11,1.3308e-11
2.5142e-11,2.6811e-11,3.8477e-11
2.834e-11,2.3709e-11,8.0104e-12
4.8553e-11,3.8281e-11,2.0349e-11
2.2035e-11,2.8719e-11,2.9867e-11
1.5064e-11,3.1499e-11,4.9789e-11
1.1651e-10,5.6433e-11,1.0728e-10
1.1441e-10,5.4958e-11,1.09e-10
1.107e-10,5.5481e-11,1.0884e-10
1.0848e-10,5.6398e-11,1.1008e-10
1.0351e-10,4.7591e-11,8.533e-11
7.7708e-11,4.2963e-11,6.2051e-11
8.0821e-11,4.3251e-11,5.2993e-11
9.2003e-11,5.0395e-11,1.3901e-10
7.2316e-11,4.2575e-11,9.2717e-11
7.4948e-11,4.0481e-11,4.4411e-11
6.4617e-11,3.4278e-11,3.8836e-11
7.9102e-11,5.3875e-11,1.3592e-10
5.1208e-11,3.1476e-11,3.6967e-11
3.809e-11,3.0695e-11,6.6426e-11
3.947e-11,2.497e-11,3.2037e-11
7.4229e-11,8.77e-11,1.1373e-10
4.4913e-11,3.8698e-11,2.4019e-11
7.5568e-11,8.8225e-11,9.2895e-11
6.7673e-11,6.455e-11,3.7282e-11
3.0196e-11,2.7793e-11,4.0355e-11
3.8596e-11,3.7361e-11,5.388e-11
5.3406e-11,5.4349e-11,2.9423e-11
2.9744e-11,2.5996e-11,1.8119e-11
2.6246e-11,2.6192e-11,1.7535e-11
5.5671e-11,9.4501e-11,8.3476e-11
6.8489e-11,7.0469e-11,3.3886e-11
4.2592e-11,6.012e-11,6.475e-11
2.9993e-11,3.6051e-11,1.7884e-11
2.8969e-11,3.084e-11,1.0734e-11
2.0674e-11,2.1157e-11,1.5501e-11
1.684e-11,2.6609e-11,2.3279e-11
2.8933e-11,3.0311e-11,1.5764e-11
3.5017e-11,1.0634e-10,7.3664e-11
2.4237e-11,3.2782e-11,1.618e-11
3.4296e-11,2.8813e-11,1.9732e-11
2.5996e-11,2.6558e-11,1.5397e-11
4.1496e-11,3.9361e-11,1.4481e-11
2.7905e-11,2.8251e-11,1.8631e-11
2.7672e-11,1.1028e-10,1.0435e-10
1.7234e-11,2.1195e-11,2.3617e-11
3.0149e-11,6.1882e-11,7.1446e-11
1.0412e-10,5.4609e-11,1.2915e-10
1.2688e-10,5.9886e-11,7.7085e-11
1.1101e-10,5.515e-11,6.8682e-11
7.8906e-11,3.7788e-11,6.2018e-11
6.8994e-11,4.1818e-11,8.5622e-11
6.6485e-11,3.9251e-11,7.6293e-11
9.5695e-11,5.588e-11,5.1683e-11
7.8314e-11,5.2161e-11,1.2252e-10
6.0239e-11,4.1205e-11,9.4105e-11
7.9424e-11,5.5335e-11,1.4463e-10
4.7133e-11,3.4357e-11,7.8373e-11
4.276e-11,3.7816e-11,6.7448e-11
5.1804e-11,4.2828e-11,9.2204e-11
2.9038e-11,3.1722e-11,4.5401e-11
3.3602e-11,2.9439e-11,6.1181e-11
4.1495e-11,2.4481e-11,2.2418e-11
3.9738e-11,2.2031e-11,2.2141e-11
4.5857e-11,4.1169e-11,6.9379e-11
7.143e-11,9.0782e-11,1.1185e-10
7.2426e-11,7.1273e-11,4.055e-11
3.3887e-11,3.8063e-11,4.5164e-11
3.7583e-11,2.8068e-11,5.5602e-11
3.0522e-11,2.8264e-11,3.644e-11
5.0401e-11,4.545e-11,6.1174e-11
4.7443e-11,8.2591e-11,8.1596e-11
6.3554e-11,6.4691e-11,3.1828e-11
2.7967e-11,2.7089e-11,3.2384e-11
1.9004e-11,2.4896e-11,1.7108e-11
3.1293e-11,1.2573e-10,1.1362e-10
4.1857e-11,3.9037e-11,1.3762e-11
2.5944e-11,2.4311e-11,1.3553e-11
2.2429e-11,4.4879e-11,4.9045e-11
3.1731e-11,3.6754e-11,4.2829e-11
3.8634e-11,2.8526e-11,1.4343e-11
3.0402e-11,2.3556e-11,2.2603e-11
2.3331e-11,6.7205e-11,7.6612e-11
1.5331e-11,3.3024e-11,5.567e-11
1.1079e-10,5.7175e-11,1.0866e-10
9.8958e-11,5.3056e-11,9.2849e-11
7.5371e-11,3.7035e-11,5.2347e-11
5.8326e-11,3.2305e-11,4.9028e-11
7.5975e-11,4.9808e-11,1.1273e-10
4.304e-11,3.1999e-11,6.2815e-11
8.4611e-11,7.0487e-11,4.7916e-11
4.9985e-11,3.3934e-11,7.8499e-11
5.7845e-11,2.768e-11,2.8477e-11
4.301e-11,3.6655e-11,6.6579e-11
5.3625e-11,2.9191e-11,2.9231e-11
4.351e-11,3.2623e-11,6.6854e-11
3.421e-11,3.0195e-11,5.8718e-11
2.9137e-11,3.2995e-11,4.4701e-11
5.4462e-11,2.9682e-11,3.4581e-11
6.0295e-11,7.0071e-11,8.7606e-11
4.4022e-11,2.662e-11,2.6758e-11
6.4894e-11,6.0343e-11,3.5521e-11
3.2982e-11,2.9339e-11,4.3841e-11
2.8808e-11,2.95e-11,3.9706e-11
3.423e-11,2.5947e-11,3.7073e-11
3.157e-11,3.9001e-11,4.4112e-11
4.727e-11,6.6113e-11,7.4868e-11
3.0177e-11,2.6842e-11,1.9482e-11
3.4047e-11,4.208e-11,4.4424e-11
2.4375e-11,3.1517e-11,1.9745e-11
3.2288e-11,3.646e-11,2.1369e-11
2.3818e-11,2.8765e-11,2.0324e-11
3.5735e-11,6.7394e-11,5.7137e-11
4.7092e-11,1.4577e-10,1.067e-10
3.9435e-11,3.0949e-11,4.0553e-11
2.5358e-11,2.6998e-11,2.9976e-11
2.2064e-11,2.8429e-11,2.0281e-11
2.1555e-11,2.4668e-11,3.3322e-11
2.7508e-11,2.3365e-11,3.5327e-11
4.9495e-11,4.6319e-11,1.7326e-11
1.9986e-11,5.1574e-11,5.2767e-11
1.7827e-11,8.6625e-11,8.931e-11
2.2891e-11,6.9153e-11,5.4667e-11
2.6877e-11,2.5223e-11,2.5432e-11
5.3741e-11,4.6278e-11,2.1507e-11
2.2571e-11,2.4206e-11,3.2934e-11
3.0803e-11,2.9634e-11,2.9355e-11
2.329e-11,1.0389e-10,8.3367e-11
1.3826e-11,2.0279e-11,1.1478e-11
2.3817e-11,2.2151e-11,2.1033e-11
2.4511e-11,2.7607e-11,4.2572e-11
1.083e-10,5.664e-11,1.0121e-10
9.5095e-11,5.5163e-11,9.5231e-11
1.2284e-10,5.2683e-11,9.2104e-11
1.0863e-10,4.9391e-11,8.1097e-11
1.2825e-10,5.8548e-11,7.7583e-11
1.0986e-10,5.6764e-11,1.4719e-10
8.0426e-11,4.7478e-11,9.797e-11
7.3852e-11,4.6549e-11,8.9581e-11
9.5364e-11,4.8607e-11,4.7987e-11
7.0643e-11,3.6712e-11,5.2503e-11
8.7917e-11,5.8228e-11,1.447e-10
8.6969e-11,5.0628e-11,1.2605e-10
9.0011e-11,5.531e-11,4.7956e-11
7.5996e-11,4.6097e-11,3.5286e-11
4.6452e-11,3.5748e-11,7.6661e-11
7.1175e-11,4.9269e-11,3.4302e-11
3.6421e-11,3.7561e-11,4.8776e-11
4.6766e-11,4.2737e-11,7.1828e-11
7.993e-11,7.3108e-11,4.6446e-11
4.1269e-11,2.8443e-11,2.6097e-11
3.2693e-11,2.8463e-11,2.2006e-11
3.4847e-11,3.4325e-11,2.0325e-11
3.5545e-11,3.3059e-11,2.0178e-11
3.0985e-11,3.1215e-11,3.7114e-11
4.6184e-11,4.7235e-11,6.3194e-11
2.0244e-11,2.3733e-11,1.4561e-11
6.6113e-11,6.8635e-11,2.9158e-11
2.1761e-11,2.6509e-11,2.4938e-11
3.2359e-11,7.7219e-11,5.6823e-11
3.7357e-11,8.7888e-11,6.991e-11
2.8157e-11,3.3523e-11,2.2739e-11
3.1187e-11,6.7059e-11,5.4294e-11
2.9749e-11,2.6604e-11,1.7841e-11
1.9083e-11,2.1171e-11,1.0115e-11
2.8628e-11,2.4604e-11,3.5762e-11
1.1043e-10,5.752e-11,8.624e-11
1.046e-10,5.7871e-11,1.2418e-10
1.2165e-10,5.7902e-11,7.4257e-11
9.1427e-11,5.0684e-11,7.717e-11
1.2859e-10,6.1306e-11,7.8233e-11
1.0685e-10,5.1691e-11,6.537e-11
7.31e-11,3.6211e-11,5.0526e-11
5.7145e-11,3.368e-11,4.3522e-11
4.6283e-11,3.0281e-11,5.3673e-11
7.0988e-11,3.6771e-11,3.6716e-11
7.9804e-11,5.5539e-11,1.2789e-10
7.9151e-11,5.4727e-11,4.1781e-11
8.1789e-11,6.1213e-11,4.2827e-11
6.8512e-11,4.178e-11,3.5714e-11
6.9722e-11,7.3284e-11,1.186e-10
4.7965e-11,3.6833e-11,7.124e-11
5.8972e-11,5.9854e-11,8.9535e-11
6.4763e-11,7.5184e-11,9.9254e-11
5.5102e-11,3.5038e-11,2.7246e-11
4.9406e-11,3.1925e-11,2.7843e-11
4.3737e-11,3.8871e-11,2.4642e-11
4.3379e-11,4.5235e-11,6.4342e-11
4.7832e-11,4.6561e-11,2.9401e-11
4.1326e-11,2.8449e-11,4.1476e-11
3.7545e-11,3.7782e-11,4.644e-11
3.8912e-11,3.5363e-11,4.6414e-11
4.9895e-11,5.3872e-11,2.6708e-11
3.3499e-11,3.7151e-11,4.0136e-11
2.0387e-11,2.1853e-11,2.2799e-11
2.6883e-11,2.5022e-11,1.6214e-11
1.7584e-11,2.6024e-11,1.8024e-11
1.6508e-11,2.5681e-11,1.8196e-11
2.1027e-11,2.2104e-11,1.5415e-11
1.8543e-11,8.5268e-11,7.7798e-11
3.9067e-11,3.1811e-11,1.6813e-11
2.4237e-11,2.6016e-11,4.5676e-11
2.6647e-11,2.7342e-11,1.2754e-11
2.7346e-11,3.0399e-11,4.3191e-11
4.3542e-11,3.6787e-11,1.4294e-11
2.4166e-11,2.4846e-11,1.3382e-11
9.2621e-11,5.3791e-11,9.5331e-11
1.0412e-10,5.8249e-11,1.2264e-10
1.001e-10,5.1532e-11,7.573e-11
9.8557e-11,5.2616e-11,7.9827e-11
1.0599e-10,5.0926e-11,7.0716e-11
1.136e-10,5.6223e-11,6.0526e-11
1.1972e-10,6.2179e-11,6.2594e-11
1.1231e-10,6.5988e-11,6.2914e-11
9.2808e-11,5.3427e-11,1.3102e-10
8.5994e-11,5.5044e-11,1.4707e-10
6.2656e-11,4.6075e-11,9.093e-11
4.3964e-11,3.3193e-11,6.4937e-11
6.0254e-11,3.1948e-11,3.3734e-11
6.7162e-11,4.0394e-11,3.3376e-11
8.1546e-11,6.6698e-11,4.3319e-11
4.0666e-11,3.894e-11,5.8561e-11
3.7467e-11,3.0862e-11,2.6238e-11
5.6955e-11,5.4725e-11,7.3248e-11
6.3425e-11,7.7062e-11,9.274e-11
5.4735e-11,5.7989e-11,2.8723e-11
3.5247e-11,3.0567e-11,2.3995e-11
4.637e-11,4.8917e-11,2.6871e-11
3.9014e-11,2.7335e-11,2.2088e-11
3.3711e-11,3.2339e-11,3.9253e-11
4.233e-11,4.6906e-11,6.1364e-11
4.8417e-11,6.1839e-11,7.6572e-11
3.278e-11,4.7066e-11,4.7133e-11
3.7211e-11,2.6897e-11,2.4177e-11
3.1749e-11,3.0239e-11,3.4938e-11
4.8787e-11,5.0625e-11,6.6782e-11
3.4331e-11,3.9621e-11,4.232e-11
3.2952e-11,3.961e-11,4.1451e-11
4.2412e-11,4.4646e-11,2.1238e-11
3.3753e-11,3.8246e-11,4.9804e-11
2.1996e-11,3.101e-11,2.3371e-11
2.2695e-11,2.7785e-11,3.453e-11
2.3894e-11,2.3938e-11,2.7923e-11
2.6475e-11,2.6804e-11,3.5475e-11
6.1982e-11,5.6693e-11,1.7862e-11
2.615e-11,2.4855e-11,1.3632e-11
2.5299e-11,2.8135e-11,3.6897e-11
2.0505e-11,2.2514e-11,2.052e-11
1.1585e-11,4.4199e-11,6.2835e-11
1.007e-10,6.0247e-11,1.0083e-10
9.6184e-11,5.5501e-11,1.1107e-10
9.1207e-11,5.6731e-11,1.1331e-10
7.6916e-11,4.7319e-11,6.6698e-11
9.5569e-11,5.3956e-11,1.3154e-10
1.0452e-10,5.5882e-11,5.787e-11
9.8159e-11,5.593e-11,1.3759e-10
1.0407e-10,6.4591e-11,5.339e-11
5.3182e-11,3.1606e-11,4.4448e-11
6.852e-11,5.36e-11,1.1529e-10
5.3774e-11,4.2475e-11,8.3432e-11
5.1057e-11,3.0947e-11,3.62e-11
5.7242e-11,3.033e-11,3.1018e-11
4.5362e-11,2.7191e-11,2.9886e-11
3.7503e-11,3.0234e-11,4.7852e-11
5.1254e-11,4.0766e-11,2.581e-11
4.6319e-11,4.3962e-11,6.9454e-11
4.7314e-11,4.8661e-11,6.6982e-11
4.2565e-11,2.8299e-11,2.0347e-11
4.3697e-11,3.4479e-11,2.8087e-11
3.4218e-11,2.5542e-11,2.1526e-11
5.18e-11,7.837e-11,8.6323e-11
2.9299e-11,2.3332e-11,2.6425e-11
3.0362e-11,2.5317e-11,3.0227e-11
3.3871e-11,3.8958e-11,1.8384e-11
7.8919e-11,8.5855e-11,3.7911e-11
2.4033e-11,2.2405e-11,1.7354e-11
2.1514e-11,5.938e-11,5.6888e-11
3.8539e-11,3.4137e-11,2.0172e-11
2.3607e-11,6.7322e-11,6.2108e-11
3.7498e-11,2.9352e-11,6.7217e-12
1.9411e-11,2.0555e-11,1.3428e-11
4.5828e-11,3.8272e-11,1.6223e-11
2.3705e-11,3.0803e-11,3.2194e-11
2.1245e-11,2.1491e-11,2.0223e-11
2.295e-11,3.2677e-11,1.9769e-11
1.4279e-11,2.7275e-11,4.8919e-11
1.0586e-10,6.1205e-11,1.067e-10
8.0688e-11,5.2045e-11,7.1831e-11
1.0526e-10,5.5879e-11,1.3954e-10
1.0904e-10,5.7064e-11,5.6309e-11
9.7186e-11,5.6377e-11,1.3318e-10
1.044e-10,5.6502e-11,5.5885e-11
6.0917e-11,4.086e-11,9.374e-11
8.0332e-11,5.2884e-11,9.9605e-11
8.1073e-11,4.2959e-11,4.2742e-11
5.3562e-11,4.4773e-11,7.4279e-11
6.3203e-11,3.3894e-11,3.5792e-11
5.627e-11,4.3784e-11,8.3032e-11
7.7665e-11,5.9175e-11,4.0977e-11
6.0574e-11,3.4322e-11,2.8382e-11
4.3989e-11,2.6791e-11,3.3456e-11
5.2079e-11,4.9479e-11,8.002e-11
3.8578e-11,3.6901e-11,5.1111e-11
4.6126e-11,2.993e-11,2.8332e-11
3.3348e-11,2.7445e-11,3.0771e-11
4.5486e-11,4.2485e-11,6.4553e-11
3.9995e-11,2.9027e-11,2.8904e-11
3.7098e-11,2.9923e-11,2.5716e-11
3.8095e-11,2.753e-11,1.9457e-11
3.4768e-11,3.6773e-11,1.9471e-11
3.296e-11,2.9078e-11,3.405e-11
2.9524e-11,3.0125e-11,2.9962e-11
2.6277e-11,2.8661e-11,3.1373e-11
3.4623e-11,4.8943e-11,5.6995e-11
3.5841e-11,5.5697e-11,6.2835e-11
5.689e-11,5.6889e-11,1.8967e-11
2.2221e-11,2.7555e-11,2.3435e-11
2.2422e-11,2.2343e-11,2.7404e-11
7.9283e-11,8.5572e-11,3.5485e-11
4.145e-11,3.1825e-11,3.2014e-11
2.9055e-11,2.8168e-11,1.641e-11
2.5005e-11,2.7295e-11,2.1388e-11
2.2619e-11,2.1605e-11,2.0394e-11
3.8084e-11,3.8424e-11,5.3893e-11
2.1581e-11,2.1039e-11,2.0348e-11
2.2687e-11,2.6401e-11,3.1407e-11
1.4443e-11,2.8279e-11,5.0252e-11
1.4592e-11,4.0905e-11,5.9106e-11
1.0437e-10,5.6973e-11,1.453e-10
1.2378e-10,6.3055e-11,6.5048e-11
8.1994e-11,5.4407e-11,1.0355e-10
9.3185e-11,5.5894e-11,1.184e-10
9.0131e-11,5.5895e-11,1.2227e-10
6.2682e-11,4.003e-11,6.4225e-11
6.4082e-11,4.3832e-11,8.0517e-11
6.2188e-11,3.7004e-11,4.8319e-11
9.8069e-11,6.2898e-11,4.8919e-11
8.2376e-11,5.633e-11,1.1939e-10
7.6121e-11,5.4156e-11,1.0662e-10
4.4653e-11,3.6312e-11,5.8221e-11
6.0817e-11,4.1322e-11,2.9711e-11
4.7454e-11,4.2139e-11,3.6332e-11
4.8795e-11,4.7262e-11,7.9395e-11
4.978e-11,4.4988e-11,3.1188e-11
6.0289e-11,5.9488e-11,7.3569e-11
3.6986e-11,2.5847e-11,2.1975e-11
3.268e-11,3.4816e-11,3.9897e-11
5.9578e-11,6.0342e-11,3.0816e-11
2.6353e-11,2.6218e-11,2.9724e-11
4.0893e-11,4.6498e-11,2.3691e-11
3.3283e-11,3.8935e-11,1.9815e-11
4.1795e-11,4.723e-11,2.4746e-11
3.5362e-11,6.6087e-11,5.9001e-11
1.9618e-11,2.6298e-11,1.7883e-11
4.5817e-11,4.3153e-11,1.5091e-11
4.0586e-11,4.0332e-11,9.7566e-12
2.8841e-11,3.9293e-11,1.7225e-11
2.6514e-11,2.1654e-11,1.8492e-11
2.0382e-11,4.6064e-11,5.2721e-11
6.2846e-11,5.8273e-11,1.7445e-11
2.1527e-11,3.071e-11,4.275e-11
2.8525e-11,2.2681e-11,1.4573e-11
2.805e-11,2.4603e-11,2.2563e-11
3.8959e-11,3.5826e-11,5.2034e-11
5.4147e-11,4.3994e-11,1.5882e-11
2.2262e-11,2.4109e-11,2.0823e-11
1.5576e-11,7.848e-11,7.9897e-11
2.4714e-11,2.1935e-11,1.2259e-11
1.7065e-11,2.6369e-11,2.0714e-11
2.1415e-11,3.4495e-11,3.3879e-11
1.0175e-10,5.1446e-11,7.1788e-11
1.1753e-10,6.7004e-11,6.419e-11
1.1208e-10,6.9415e-11,6.3096e-11
8.5387e-11,5.6472e-11,1.1529e-10
7.1971e-11,5.6356e-11,1.2244e-10
6.5209e-11,3.5541e-11,3.2449e-11
4.3068e-11,3.5286e-11,5.6181e-11
7.9215e-11,7.276e-11,4.4492e-11
4.5287e-11,3.4978e-11,4.3551e-11
4.935e-11,3.6665e-11,2.8025e-11
4.6812e-11,3.6509e-11,2.4978e-11
3.5711e-11,3.9745e-11,5.0748e-11
3.7598e-11,5.2511e-11,4.8086e-11
7.1275e-11,7.091e-11,3.8888e-11
3.4979e-11,2.6838e-11,2.3996e-11
5.8871e-11,6.244e-11,3.264e-11
3.4621e-11,4.1478e-11,4.5216e-11
3.0156e-11,3.0744e-11,3.545e-11
3.0866e-11,3.0746e-11,3.518e-11
7.3445e-11,7.9089e-11,3.0966e-11
5.8186e-11,5.8693e-11,1.8604e-11
3.7069e-11,1.0072e-10,8.5904e-11
2.6736e-11,3.0024e-11,2.8221e-11
2.6729e-11,3.0837e-11,4.5755e-11
2.0543e-11,2.4055e-11,1.6252e-11
2.739e-11,2.745e-11,2.6703e-11
2.0487e-11,2.9574e-11,3.1068e-11
1.7335e-11,2.1858e-11,1.9699e-11
1.9319e-11,7.1025e-11,8.0543e-11
1.2835e-10,5.9509e-11,8.5333e-11
8.6342e-11,5.5274e-11,1.0714e-10
9.5092e-11,5.7069e-11,1.3249e-10
6.5716e-11,4.2367e-11,7.2424e-11
9.1912e-11,4.6511e-11,4.6213e-11
7.1033e-11,4.0108e-11,4.7767e-11
8.8961e-11,4.2217e-11,4.0298e-11
8.372e-11,4.6051e-11,4.2267e-11
7.889e-11,5.7409e-11,1.0146e-10
7.8777e-11,4.0579e-11,3.4821e-11
4.63e-11,3.6003e-11,4.4463e-11
5.2325e-11,4.8645e-11,8.0664e-11
4.2355e-11,3.8697e-11,6.0651e-11
3.509e-11,3.1667e-11,4.3196e-11
7.2424e-11,6.3845e-11,3.8205e-11
3.4786e-11,3.9346e-11,4.8927e-11
2.776e-11,2.5799e-11,2.8852e-11
3.2036e-11,3.9619e-11,3.5467e-11
6.8427e-11,6.7732e-11,2.9243e-11
2.8981e-11,3.7346e-11,1.7315e-11
3.9015e-11,1.1184e-10,9.1571e-11
3.9179e-11,3.9815e-11,1.5963e-11
3.4552e-11,3.1654e-11,9.4012e-12
3.3933e-11,3.1596e-11,1.5506e-11
2.3991e-11,2.9399e-11,3.9887e-11
9.8978e-11,6.0394e-11,1.0916e-10
1.2471e-10,5.9215e-11,7.1029e-11
8.2733e-11,5.7053e-11,9.903e-11
6.6744e-11,4.1857e-11,6.5445e-11
5.6677e-11,3.7824e-11,6.3409e-11
8.7495e-11,7.0704e-11,4.4632e-11
4.5153e-11,4.25e-11,4.8658e-11
6.3323e-11,3.6417e-11,3.0977e-11
5.0518e-11,3.914e-11,6.2883e-11
5.6061e-11,3.344e-11,3.0092e-11
5.238e-11,5.6394e-11,9.318e-11
5.1914e-11,5.096e-11,8.6783e-11
4.5736e-11,4.1015e-11,3.6336e-11
3.6769e-11,3.2127e-11,5.1222e-11
5.2546e-11,5.4216e-11,7.9129e-11
5.1725e-11,5.485e-11,7.4525e-11
4.7721e-11,4.9246e-11,2.6267e-11
4.6107e-11,4.7961e-11,6.0189e-11
3.643e-11,4.4862e-11,2.1627e-11
3.5737e-11,3.3515e-11,2.5903e-11
2.6195e-11,2.8149e-11,2.3994e-11
3.0318e-11,2.7292e-11,1.8578e-11
4.0078e-11,8.0393e-11,8.2052e-11
4.7664e-11,1.0967e-10,9.7746e-11
2.7083e-11,3.835e-11,1.9011e-11
2.2428e-11,2.5976e-11,1.8906e-11
3.0727e-11,2.7365e-11,3.2192e-11
1.8636e-11,2.1654e-11,1.9582e-11
5.1393e-11,4.4545e-11,1.1063e-11
3.3154e-11,2.6488e-11,1.4101e-11
3.1331e-11,2.3879e-11,1.2014e-11
4.5057e-11,3.5509e-11,5.0432e-12
2.4735e-11,2.0191e-11,7.164e-12
2.2839e-11,2.6429e-11,2.1325e-11
1.9026e-11,7.4565e-11,8.8111e-11
2.608e-11,3.5367e-11,4.7089e-11
9.0063e-11,5.5631e-11,8.8118e-11
9.6563e-11,5.3442e-11,6.8278e-11
6.3079e-11,4.1072e-11,7.5944e-11
6.1548e-11,3.8683e-11,6.9158e-11
7.6119e-11,5.6719e-11,1.0289e-10
3.8508e-11,3.3904e-11,5.7937e-11
5.0082e-11,3.9506e-11,5.9137e-11
5.8008e-11,4.0845e-11,2.796e-11
3.8315e-11,3.6439e-11,4.3318e-11
5.6201e-11,5.4007e-11,7.4751e-11
4.2272e-11,2.7412e-11,3.029e-11
7.5398e-11,7.9277e-11,3.6813e-11
3.6902e-11,4.0252e-11,5.3762e-11
4.4649e-11,4.7899e-11,5.8731e-11
4.4175e-11,4.7585e-11,5.926e-11
3.8583e-11,3.9361e-11,4.1522e-11
2.9338e-11,2.829e-11,1.5784e-11
2.8378e-11,2.8154e-11,1.5034e-11
3.5733e-11,3.7235e-11,4.8769e-11
2.8002e-11,4.776e-11,6.968e-11
1.9702e-11,2.2276e-11,1.6397e-11
6.0637e-11,6.2842e-11,1.7515e-11
2.7511e-11,2.6342e-11,1.1976e-11
2.7193e-11,2.4387e-11,2.3904e-11
2.6549e-11,4.847e-11,5.7556e-11
2.5825e-11,2.9268e-11,3.9236e-11
5.1891e-11,4.4886e-11,1.1377e-11
3.747e-11,3.3499e-11,1.3187e-11
2.5788e-11,5.2021e-11,6.0413e-11
2.1281e-11,2.1496e-11,1.9556e-11
2.6507e-11,3.1602e-11,1.767e-11
2.4099e-11,2.4343e-11,1.1823e-11
2.6495e-11,2.1216e-11,1.1961e-11
2.3071e-11,3.3959e-11,4.5028e-11
2.6763e-11,3.7507e-11,4.8687e-11
7.5283e-11,5.8503e-11,9.2037e-11
7.3578e-11,3.7643e-11,3.8372e-11
6.3178e-11,4.4411e-11,6.6643e-11
8.1708e-11,6.7951e-11,4.2685e-11
5.5775e-11,4.7853e-11,7.3725e-11
7.9477e-11,7.1984e-11,4.3275e-11
4.0504e-11,3.0947e-11,3.4478e-11
3.9352e-11,4.113e-11,4.8469e-11
3.7636e-11,3.993e-11,5.4962e-11
4.8065e-11,4.8791e-11,6.3911e-11
3.6483e-11,2.7434e-11,2.0142e-11
3.2113e-11,3.1704e-11,2.9331e-11
5.2319e-11,5.8451e-11,2.6201e-11
3.0349e-11,3.1872e-11,2.8302e-11
2.839e-11,3.7817e-11,3.1298e-11
2.9758e-11,2.8192e-11,2.9103e-11
2.4539e-11,3.02e-11,2.5253e-11
3.7662e-11,4e-11,4.4184e-11
2.8269e-11,3.1116e-11,3.169e-11
2.393e-11,2.7444e-11,1.3762e-11
3.2921e-11,3.5041e-11,3.1792e-11
3.7578e-11,3.9521e-11,4.8519e-11
8.3669e-11,8.9396e-11,3.5503e-11
3.6867e-11,3.8033e-11,1.8397e-11
3.1461e-11,4.5233e-11,5.3714e-11
5.4917e-11,5.6354e-11,1.6445e-11
3.0209e-11,3.589e-11,4.0431e-11
1.9925e-11,2.1558e-11,1.8856e-11
2.0507e-11,2.1107e-11,2.4688e-11
2.357e-11,2.4155e-11,1.3296e-11
1.9407e-11,2.511e-11,1.13e-11
2.1343e-11,2.2963e-11,1.2765e-11
3.0734e-11,2.5704e-11,1.7272e-11
4.1299e-11,3.3192e-11,1.0713e-11
2.6342e-11,2.1036e-11,8.2418e-12
2.1433e-11,3.2239e-11,1.4623e-11
5.0207e-11,4.0375e-11,7.6945e-12
2.9138e-11,2.4552e-11,3.0938e-11
1.1463e-10,5.8494e-11,7.911e-11
1.2506e-10,6.1926e-11,7.1505e-11
1.1091e-10,5.9155e-11,6.5263e-11
9.1877e-11,5.8321e-11,1.2236e-10
1.1526e-10,6.3671e-11,6.18e-11
9.6678e-11,5.3127e-11,4.658e-11
6.2833e-11,4.1011e-11,4.5529e-11
7.3127e-11,4.2891e-11,3.4174e-11
5.0034e-11,4.3084e-11,6.8127e-11
5.7608e-11,4.9074e-11,8.2554e-11
5.6181e-11,5.1646e-11,8.6918e-11
5.9921e-11,3.6278e-11,3.4703e-11
6.2418e-11,4.9621e-11,7.6736e-11
4.1345e-11,3.0621e-11,3.4276e-11
4.4356e-11,2.9438e-11,2.4698e-11
5.3796e-11,5.8912e-11,8.1187e-11
8.2039e-11,8.666e-11,4.2053e-11
3.4272e-11,3.2377e-11,3.0178e-11
4.6354e-11,5.0077e-11,6.2752e-11
2.7114e-11,3.0474e-11,2.8637e-11
5.6592e-11,5.9333e-11,2.8521e-11
4.8285e-11,8.737e-11,9.1382e-11
3.0941e-11,3.519e-11,3.5231e-11
3.4752e-11,4.2447e-11,5.8761e-11
8.0843e-11,8.4541e-11,3.1113e-11
4.2969e-11,1.0045e-10,1.0242e-10
4.6619e-11,8.927e-11,8.7419e-11
3.5266e-11,3.5052e-11,1.1945e-11
2.2487e-11,2.424e-11,1.7014e-11
2.8456e-11,2.3484e-11,1.438e-11
7.9669e-11,8.0983e-11,2.2219e-11
3e-11,5.799e-11,6.2801e-11
6.5351e-11,6.3974e-11,1.6452e-11
4.5964e-11,4.1505e-11,1.1947e-11
7.1804e-11,6.2125e-11,1.5441e-11
5.3326e-11,4.2568e-11,1.4767e-11
2.2706e-11,4.0346e-11,5.1695e-11
1.0152e-10,6.1296e-11,8.2824e-11
9.8196e-11,5.8066e-11,1.1992e-10
8.11e-11,5.2382e-11,1.0411e-10
9.9571e-11,4.9032e-11,4.493e-11
6.407e-11,4.612e-11,8.5996e-11
7.1252e-11,5.8129e-11,9.2946e-11
6.7788e-11,5.2379e-11,9.2528e-11
8.1364e-11,5.0993e-11,3.9887e-11
5.4249e-11,5.3903e-11,8.2853e-11
3.975e-11,4.1252e-11,4.584e-11
5.588e-11,5.9306e-11,8.7739e-11
3.183e-11,3.353e-11,3.7229e-11
5.0972e-11,5.4057e-11,2.817e-11
5.8485e-11,5.8074e-11,7.5704e-11
5.0381e-11,6.0591e-11,8.172e-11
5.5545e-11,6.2157e-11,2.7788e-11
2.3627e-11,3.0083e-11,2.5131e-11
5.2428e-11,7.3562e-11,8.6752e-11
8.715e-11,8.6225e-11,3.8947e-11
3.7825e-11,3.5455e-11,3.5216e-11
2.7751e-11,2.7529e-11,2.7295e-11
2.6801e-11,2.8499e-11,2.7644e-11
2.665e-11,2.761e-11,2.3847e-11
2.5555e-11,2.8939e-11,1.5377e-11
2.5046e-11,2.5913e-11,2.5137e-11
3.0015e-11,3.1445e-11,1.9937e-11
3.0023e-11,4.8712e-11,6.8134e-11
3.679e-11,4.2243e-11,5.2453e-11
1.7775e-11,2.6195e-11,1.6888e-11
7.1633e-11,6.9938e-11,1.5587e-11
5.322e-11,4.8745e-11,1.2994e-11
2.1695e-11,2.3048e-11,1.9947e-11
2.7469e-11,2.5377e-11,2.0478e-11
2.8585e-11,2.4124e-11,2.0158e-11
4.5151e-11,3.5623e-11,7.9081e-12
5.5336e-11,4.3422e-11,7.6887e-12
3.3058e-11,2.7429e-11,1.0606e-11
3.4008e-11,2.8759e-11,3.2441e-11
3.4675e-11,3.0367e-11,4.0112e-11
9.2012e-11,5.9189e-11,1.0135e-10
1.1626e-10,5.3897e-11,6.5306e-11
1.1679e-10,5.471e-11,6.523e-11
1.0789e-10,6.3035e-11,5.2915e-11
7.175e-11,5.7914e-11,8.6152e-11
8.5119e-11,4.5285e-11,3.7055e-11
5.0935e-11,3.9459e-11,5.6072e-11
7.7773e-11,6.0367e-11,3.86e-11
6.0032e-11,3.8599e-11,3.2576e-11
4.4037e-11,4.0102e-11,6.5023e-11
4.1501e-11,3.9313e-11,6.2539e-11
5.1891e-11,3.9977e-11,5.3618e-11
5.1265e-11,3.3052e-11,2.5791e-11
7.6914e-11,7.7201e-11,4.0952e-11
4.0683e-11,4.1079e-11,3.9612e-11
4.1019e-11,3.7773e-11,4.0701e-11
4.3624e-11,4.5617e-11,6.0076e-11
4.0977e-11,3.1744e-11,2.812e-11
4.1385e-11,4.173e-11,5.3649e-11
4.8152e-11,5.1779e-11,7.077e-11
4.2207e-11,5.0541e-11,2.325e-11
3.2156e-11,3.2292e-11,3.3838e-11
3.6674e-11,3.8352e-11,4.8031e-11
3.0564e-11,3.8413e-11,2.3196e-11
3.734e-11,5.1461e-11,6.7266e-11
4.3512e-11,5.8987e-11,7.3418e-11
2.4685e-11,2.7484e-11,2.2914e-11
2.2349e-11,2.4909e-11,2.308e-11
3.6722e-11,4.3426e-11,5.719e-11
4.1128e-11,3.6663e-11,4.4678e-11
8.3313e-11,8.6338e-11,2.9774e-11
1.9597e-11,2.2407e-11,2.4517e-11
1.7806e-11,2.4433e-11,1.897e-11
9.8946e-11,6.2064e-11,1.0585e-10
1.0607e-10,5.784e-11,7.8661e-11
8.8929e-11,6.6518e-11,1.1852e-10
1.006e-10,4.7262e-11,5.8496e-11
7.9273e-11,5.7189e-11,1.1672e-10
6.7928e-11,5.0319e-11,7.6537e-11
9.7011e-11,4.6772e-11,5.8811e-11
1.0508e-10,6.3508e-11,5.1728e-11
7.764e-11,5.3563e-11,3.7461e-11
6.1683e-11,5.8604e-11,9.6644e-11
6.287e-11,6.5729e-11,9.6288e-11
3.8863e-11,3.09e-11,3.1878e-11
3.2935e-11,3.4104e-11,3.1997e-11
5.1674e-11,6.635e-11,8.5622e-11
3.9463e-11,4.4505e-11,2.2597e-11
2.5077e-11,2.7437e-11,2.4684e-11
4.9452e-11,7.4419e-11,9.6862e-11
2.8946e-11,2.9086e-11,2.6378e-11
2.4694e-11,2.6956e-11,2.3382e-11
3.0436e-11,2.9722e-11,2.9935e-11
3.5257e-11,3.4782e-11,3.7115e-11
4.156e-11,7.3024e-11,9.0435e-11
2.6366e-11,2.8044e-11,2.7236e-11
3.0691e-11,3.6735e-11,4.1528e-11
2.736e-11,3.3457e-11,1.7183e-11
3.6685e-11,3.9409e-11,5.0259e-11
3.2364e-11,4.126e-11,4.6084e-11
2.5623e-11,2.6599e-11,1.7217e-11
1.9782e-11,2.2876e-11,2.9294e-11
2.5984e-11,4.1458e-11,5.3012e-11
2.9493e-11,2.4749e-11,2.3856e-11
2.4232e-11,8.2976e-11,9.4799e-11
6.59e-11,5.4187e-11,9.2149e-12
2.4288e-11,2.2625e-11,1.3427e-11
2.5998e-11,3.0603e-11,2.7359e-11
1.0872e-10,6.2382e-11,8.8059e-11
8.051e-11,5.7501e-11,8.638e-11
1.2067e-10,5.8336e-11,6.2876e-11
8.6057e-11,5.9722e-11,1.077e-10
7.5033e-11,5.774e-11,9.5331e-11
1.0437e-10,6.8017e-11,5.0916e-11
8.2861e-11,4.8637e-11,4.2699e-11
9.759e-11,6.2645e-11,4.8187e-11
5.7959e-11,4.8998e-11,8.2307e-11
6.788e-11,5.7674e-11,8.1289e-11
7.4596e-11,4.1209e-11,3.9137e-11
5.308e-11,4.6202e-11,7.174e-11
4.1062e-11,3.6774e-11,5.7559e-11
6.2364e-11,5.5774e-11,8.7236e-11
3.8256e-11,3.8803e-11,5.337e-11
6.2066e-11,5.0547e-11,3.0551e-11
3.6586e-11,3.1215e-11,2.6985e-11
3.8393e-11,3.4261e-11,3.6292e-11
3.339e-11,3.4577e-11,3.6559e-11
4.9805e-11,5.4648e-11,7.0092e-11
3.4385e-11,2.9826e-11,2.6585e-11
3.9721e-11,4.6273e-11,2.2015e-11
2.6617e-11,2.9548e-11,2.0165e-11
3.1946e-11,3.8594e-11,2.0151e-11
2.385e-11,2.6901e-11,2.4112e-11
2.9846e-11,2.9611e-11,2.8589e-11
3.1845e-11,3.8226e-11,1.6778e-11
3.0017e-11,2.911e-11,2.3165e-11
3.6103e-11,3.6683e-11,4.2446e-11
4.0632e-11,3.7724e-11,4.3101e-11
4.2209e-11,4.6498e-11,1.5351e-11
3.8752e-11,3.8649e-11,5.071e-11
4.7424e-11,4.6657e-11,1.1507e-11
1.6612e-11,2.2521e-11,1.5106e-11
2.7384e-11,2.8788e-11,1.5903e-11
2.2457e-11,2.5899e-11,2.7057e-11
2.3492e-11,2.967e-11,3.328e-11
2.335e-11,2.8299e-11,3.0963e-11
7.0569e-11,5.8518e-11,1.1645e-11
2.7988e-11,9.1431e-11,9.8487e-11
2.7185e-11,4.324e-11,5.42e-11
2.4656e-11,2.8719e-11,1.7309e-11
2.56e-11,2.4954e-11,2.0952e-11
3.0254e-11,4.239e-11,4.6236e-11
2.2954e-11,2.575e-11,1.8756e-11
3.0008e-11,3.6897e-11,5.0916e-11
1.0535e-10,6.534e-11,1.3024e-10
1.2804e-10,6.4111e-11,6.532e-11
1.0118e-10,6.2736e-11,4.9103e-11
9.7619e-11,5.428e-11,4.8357e-11
7.1365e-11,5.6815e-11,8.6889e-11
7.4664e-11,6.0335e-11,9.4705e-11
8.4166e-11,5.8604e-11,1.0096e-10
6.8983e-11,5.7342e-11,8.4719e-11
8.1623e-11,5.3503e-11,3.5988e-11
6.5944e-11,5.5101e-11,8.7114e-11
4.8672e-11,4.0298e-11,5.4455e-11
8.6348e-11,7.8582e-11,4.702e-11
3.7782e-11,3.6927e-11,4.9272e-11
5.6198e-11,3.815e-11,2.8639e-11
4.4715e-11,4.1626e-11,4.6196e-11
5.3202e-11,5.6831e-11,7.7516e-11
3.8946e-11,3.85e-11,3.7394e-11
4.0311e-11,3.5668e-11,2.1275e-11
5.7522e-11,6.3947e-11,3.2066e-11
4.3645e-11,3.9751e-11,4.0803e-11
4.6839e-11,4.744e-11,4.6973e-11
5.3099e-11,6.1263e-11,2.9081e-11
4.973e-11,6.212e-11,8.9673e-11
2.6605e-11,2.8669e-11,2.6097e-11
3.6613e-11,3.2846e-11,2.9274e-11
6.3838e-11,6.5156e-11,1.5431e-11
4.2058e-11,3.9161e-11,4.5666e-11
8.6234e-11,8.8885e-11,2.2942e-11
4.0667e-11,3.884e-11,1.5143e-11
2.6537e-11,8.4234e-11,9.1359e-11
2.5482e-11,2.238e-11,1.2298e-11
3.1767e-11,3.1985e-11,2.8734e-11
2.5807e-11,2.6358e-11,1.8952e-11
2.8781e-11,2.7188e-11,2.099e-11
2.1292e-11,2.2036e-11,1.938e-11
2.3833e-11,2.5306e-11,2.32e-11
2.4197e-11,2.9551e-11,3.7139e-11
1.9058e-11,2.429e-11,2.5917e-11
1.1065e-10,6.9493e-11,9.9156e-11
9.8861e-11,6.0795e-11,1.1068e-10
1.0561e-10,6.0169e-11,8.5554e-11
1.055e-10,5.8891e-11,8.0882e-11
1.2415e-10,6.1362e-11,6.9966e-11
8.4054e-11,6.0663e-11,1.0114e-10
8.5257e-11,4.8067e-11,5.8266e-11
7.3069e-11,4.8487e-11,6.9134e-11
1.0378e-10,6.4151e-11,5.0614e-11
6.9215e-11,4.5029e-11,4.8804e-11
8.4503e-11,4.644e-11,4.0145e-11
9.4117e-11,7.0356e-11,4.8236e-11
3.9669e-11,3.8895e-11,5.227e-11
5.8088e-11,5.4567e-11,3.0165e-11
4.5524e-11,3.8656e-11,2.7298e-11
3.8475e-11,3.7378e-11,4.084e-11
4.2831e-11,3.8368e-11,3.5871e-11
5.1732e-11,6.1248e-11,2.7155e-11
8.3436e-11,8.4711e-11,3.6505e-11
5.0154e-11,5.7935e-11,2.839e-11
4.9343e-11,4.5431e-11,5.8151e-11
2.5624e-11,2.896e-11,2.6434e-11
4.8157e-11,4.9688e-11,6.032e-11
5.13e-11,5.9858e-11,2.7427e-11
2.5431e-11,2.9042e-11,2.6165e-11
2.3392e-11,2.7806e-11,2.4412e-11
3.7526e-11,3.8277e-11,4.8988e-11
4.4926e-11,4.9565e-11,2.0953e-11
4.025e-11,4.3396e-11,4.8793e-11
4.1789e-11,4.0032e-11,5.2145e-11
2.3477e-11,2.6097e-11,2.2398e-11
4.3185e-11,3.5815e-11,1.7358e-11
2.6676e-11,2.7994e-11,2.8446e-11
6.9849e-11,5.9161e-11,1.0828e-11
7.0619e-11,5.8924e-11,7.8167e-12
2.639e-11,7.2168e-11,8.6047e-11
2.1771e-11,2.3352e-11,2.0568e-11
2.3896e-11,2.6152e-11,2.769e-11
2.9262e-11,5.5352e-11,6.8372e-11
1.0986e-10,6.2643e-11,6.7135e-11
9.5689e-11,5.3099e-11,6.7735e-11
1.0521e-10,5.314e-11,6.0734e-11
5.9518e-11,5.2048e-11,7.9906e-11
4.6281e-11,4.5937e-11,5.4639e-11
6.8011e-11,6.5208e-11,3.9296e-11
6.5458e-11,6.408e-11,3.5012e-11
3.408e-11,3.1369e-11,2.4434e-11
2.716e-11,3.0046e-11,2.0687e-11
4.5725e-11,6.17e-11,8.3308e-11
3.4001e-11,4.3572e-11,2.244e-11
3.8014e-11,3.4641e-11,3.3938e-11
3.7661e-11,4.2231e-11,1.8236e-11
3.7931e-11,3.7358e-11,3.9855e-11
3.6544e-11,5.8007e-11,7.0882e-11
3.8447e-11,5.3447e-11,5.8281e-11
4.4895e-11,5.953e-11,7.0346e-11
4.0746e-11,3.4847e-11,2.1397e-11
2.9849e-11,8.4082e-11,9.6526e-11
2.3177e-11,2.5964e-11,1.6493e-11
1.9475e-11,2.3544e-11,2.2237e-11
2.7576e-11,2.8668e-11,3.2103e-11
2.6145e-11,3.6505e-11,3.6467e-11
1.0278e-10,6.5491e-11,9.4083e-11
9.282e-11,6.2662e-11,1.0806e-10
9.7729e-11,5.9651e-11,7.4059e-11
8.7929e-11,6.5128e-11,1.1883e-10
8.1921e-11,6.2034e-11,9.8143e-11
1.1608e-10,5.9588e-11,6.2065e-11
1.1352e-10,6.6555e-11,5.3229e-11
8.2771e-11,4.2626e-11,5.5828e-11
8.5727e-11,6.4357e-11,4.2576e-11
7.0157e-11,4.6744e-11,3.2809e-11
4.6295e-11,3.9332e-11,2.6489e-11
5.7853e-11,6.2161e-11,7.9388e-11
4.8374e-11,5.112e-11,2.6021e-11
3.9349e-11,3.9243e-11,2.1248e-11
6.763e-11,7.1906e-11,3.0773e-11
3.5078e-11,3.0851e-11,2.4633e-11
4.8116e-11,7.3586e-11,8.9542e-11
4.6599e-11,6.2139e-11,8.2791e-11
3.9154e-11,3.8164e-11,4.1757e-11
3.0352e-11,3.0747e-11,3.215e-11
6.1012e-11,6.833e-11,2.4805e-11
7.5774e-11,7.8281e-11,1.8955e-11
3.7739e-11,5.5838e-11,6.3904e-11
7.9806e-11,8.5368e-11,1.5023e-11
2.3002e-11,2.6307e-11,2.4319e-11
1.9583e-11,2.6931e-11,2.073e-11
2.0627e-11,2.5806e-11,1.7003e-11
2.1499e-11,2.6181e-11,2.0189e-11
2.6571e-11,3.2034e-11,2.4444e-11
2.6371e-11,2.9407e-11,3.3092e-11
1.8419e-11,2.407e-11,2.4919e-11
2.2577e-11,2.4615e-11,1.713e-11
3.4469e-11,3.2144e-11,3.725e-11
1.1967e-10,6.3104e-11,7.6976e-11
9.5614e-11,6.3948e-11,1.042e-10
8.0067e-11,6.4858e-11,1.0848e-10
8.6262e-11,6.3518e-11,1.0983e-10
8.2314e-11,6.4195e-11,1.039e-10
7.5676e-11,6.2346e-11,1.0139e-10
8.4213e-11,4.7421e-11,5.1461e-11
9.687e-11,7.3168e-11,5.0026e-11
4.6614e-11,4.1632e-11,4.9336e-11
6.6133e-11,4.2064e-11,3.2517e-11
7.7965e-11,7.2246e-11,4.0736e-11
5.9098e-11,5.3172e-11,6.8586e-11
8.3915e-11,8.5926e-11,4.4951e-11
4.6033e-11,3.8847e-11,2.4626e-11
5.7023e-11,6.4997e-11,7.8466e-11
3.1063e-11,3.3029e-11,3.0605e-11
7.4334e-11,7.9333e-11,2.6516e-11
3.2652e-11,3.8108e-11,2.7662e-11
5.3156e-11,5.6294e-11,6.9678e-11
6.344e-11,6.9401e-11,2.0823e-11
4.1906e-11,4.4701e-11,1.8978e-11
5.2127e-11,5.7774e-11,2.133e-11
3.1098e-11,3.7618e-11,1.6183e-11
8.5227e-11,8.7359e-11,1.6417e-11
2.5774e-11,2.8725e-11,3.7785e-11
6.7989e-11,6.4508e-11,1.1004e-11
3.2611e-11,3.1004e-11,1.2591e-11
2.1554e-11,2.6479e-11,2.3572e-11
2.9375e-11,5.2175e-11,6.3301e-11
5.2149e-11,3.9755e-11,5.4734e-12
5.1785e-11,3.919e-11,6.7509e-12
8.7802e-11,6.4042e-11,1.0235e-10
8.3838e-11,6.1192e-11,9.6831e-11
8.6389e-11,5.47e-11,7.1731e-11
1.2037e-10,6.3254e-11,6.4467e-11
6.7491e-11,6.4563e-11,8.4759e-11
5.8526e-11,5.6495e-11,7.2552e-11
6.404e-11,4.5597e-11,3.4338e-11
7.4969e-11,7.5201e-11,3.8788e-11
7.6412e-11,8.2576e-11,3.8098e-11
9.1323e-11,9.2621e-11,4.0815e-11
7.7207e-11,8.0648e-11,3.5132e-11
4.9263e-11,5.4635e-11,6.6204e-11
4.0096e-11,4.0714e-11,4.9826e-11
4.6092e-11,4.9227e-11,5.9953e-11
2.4852e-11,2.9784e-11,2.1453e-11
4.7558e-11,6.8651e-11,8.5767e-11
8.8749e-11,9.1784e-11,2.6207e-11
4.2366e-11,4.6463e-11,5.2688e-11
5.1589e-11,5.5151e-11,2.2203e-11
4.2107e-11,7.0009e-11,8.2847e-11
3.1475e-11,3.5822e-11,4.0706e-11
2.8131e-11,3.2913e-11,3.1984e-11
3.7961e-11,7.842e-11,9.167e-11
4.5354e-11,5.5584e-11,6.6088e-11
6.7947e-11,5.9237e-11,1.2388e-11
5.8301e-11,4.6117e-11,1.2844e-11
4.4099e-11,3.4706e-11,1.2252e-11
1.2161e-10,6.6886e-11,5.4489e-11
7.634e-11,4.5234e-11,3.6912e-11
5.0038e-11,4.0247e-11,4.2959e-11
4.3194e-11,4.4195e-11,5.566e-11
5.8017e-11,5.4428e-11,6.8992e-11
5.8203e-11,5.2146e-11,6.2128e-11
7.0065e-11,7.6929e-11,3.7219e-11
3.5951e-11,3.5448e-11,3.1146e-11
4.8896e-11,4.8926e-11,5.6828e-11
5.2242e-11,5.094e-11,6.2024e-11
2.6668e-11,3.3545e-11,2.1175e-11
8.8789e-11,9.0926e-11,2.7044e-11
7.0958e-11,7.4895e-11,1.7143e-11
3.3479e-11,3.2377e-11,1.4636e-11
2.0367e-11,2.4553e-11,2.2016e-11
2.8765e-11,3.7417e-11,4.1375e-11
3.3877e-11,7.4897e-11,9.1836e-11
1.9151e-11,2.4572e-11,2.2072e-11
2.856e-11,3.0786e-11,3.3016e-11
3.703e-11,3.9858e-11,4.0895e-11
1.2139e-10,6.802e-11,7.1327e-11
9.1092e-11,6.3645e-11,9.566e-11
9.1491e-11,5.3791e-11,6.1619e-11
7.545e-11,6.0767e-11,7.9566e-11
7.0586e-11,5.7956e-11,7.111e-11
8.6034e-11,5.218e-11,4.0374e-11
5.5827e-11,5.0517e-11,3.8522e-11
4.8436e-11,3.9719e-11,3.2127e-11
6.6355e-11,6.4236e-11,3.3346e-11
7.4679e-11,8.0633e-11,4.0603e-11
6.0825e-11,6.1395e-11,7.9685e-11
5.0376e-11,4.9438e-11,2.5542e-11
3.2381e-11,3.9284e-11,3.1938e-11
8.8695e-11,9.1719e-11,4.0947e-11
2.7022e-11,3.27e-11,2.3831e-11
6.344e-11,7.2016e-11,2.6493e-11
5.2167e-11,6.1599e-11,7.5376e-11
5.1612e-11,5.8414e-11,2.7866e-11
2.8399e-11,3.27e-11,1.7565e-11
2.6487e-11,3.632e-11,2.3352e-11
2.7751e-11,3.0356e-11,1.7174e-11
3.7297e-11,4.1613e-11,4.2986e-11
4.8191e-11,4.0536e-11,1.8402e-11
3.6035e-11,5.9286e-11,6.884e-11
3.009e-11,2.7364e-11,2.2774e-11
2.1733e-11,2.6285e-11,2.4124e-11
3.5272e-11,2.7334e-11,1.6555e-11
3.6561e-11,8.162e-11,1.0168e-10
2.7876e-11,2.6283e-11,1.3799e-11
2.238e-11,2.5944e-11,1.8318e-11
3.2835e-11,5.074e-11,5.7489e-11
8.6977e-11,6.297e-11,8.9686e-11
6.628e-11,6.1414e-11,8.1342e-11
6.767e-11,5.1429e-11,3.2698e-11
7.2473e-11,5.7225e-11,3.7006e-11
3.9156e-11,3.8668e-11,3.73e-11
5.2974e-11,3.8357e-11,2.804e-11
6.1484e-11,6.6466e-11,9.1011e-11
5.2456e-11,5.8943e-11,2.9096e-11
5.1168e-11,6.1307e-11,2.7082e-11
3.269e-11,3.4555e-11,2.2765e-11
3.4444e-11,3.627e-11,2.1095e-11
4.8539e-11,6.2483e-11,7.328e-11
4.7827e-11,5.3864e-11,2.3201e-11
4.6947e-11,5.4877e-11,6.0199e-11
4.8012e-11,6.3047e-11,7.0516e-11
3.1802e-11,3.3369e-11,2.1434e-11
3.0142e-11,3.2579e-11,2.1516e-11
3.1238e-11,3.2428e-11,1.6292e-11
3.5466e-11,4.0098e-11,1.7371e-11
4.7882e-11,5.265e-11,5.9761e-11
2.9713e-11,3.3752e-11,3.596e-11
3.8017e-11,4.6895e-11,5.2185e-11
2.6052e-11,3.0428e-11,2.9202e-11
2.4634e-11,2.8639e-11,2.7797e-11
2.1879e-11,2.6214e-11,1.699e-11
4.7884e-11,3.7227e-11,1.2903e-11
9.4296e-11,5.5879e-11,6.2308e-11
9.1209e-11,5.1255e-11,4.6729e-11
6.6908e-11,5.9991e-11,7.6697e-11
7.5356e-11,5.1539e-11,4.4374e-11
6.5173e-11,6.0859e-11,7.4734e-11
8.2097e-11,7.7932e-11,4.335e-11
7.7531e-11,7.5232e-11,4.0159e-11
6.8469e-11,7.3128e-11,3.6478e-11
4.4791e-11,3.84e-11,3.5443e-11
5.4589e-11,4.5538e-11,3.045e-11
7.0287e-11,7.7181e-11,3.5749e-11
5.029e-11,3.9773e-11,3.6283e-11
4.6741e-11,4.5274e-11,2.58e-11
4.2837e-11,4.1647e-11,4.1379e-11
3.1215e-11,3.6257e-11,1.9949e-11
4.6148e-11,5.1329e-11,2.1987e-11
4.3099e-11,4.719e-11,1.9441e-11
7.3866e-11,7.7876e-11,2.2884e-11
7.1691e-11,7.5022e-11,1.7648e-11
3.0112e-11,3.2326e-11,2.31e-11
3.6677e-11,3.887e-11,4.7619e-11
4.9796e-11,7.5659e-11,8.3038e-11
5.7577e-11,5.9312e-11,2.1654e-11
2.5373e-11,3.3585e-11,2.1033e-11
4.8257e-11,8.1218e-11,9.7031e-11
3.6943e-11,8.7986e-11,1.0403e-10
2.0896e-11,3.0169e-11,1.7059e-11
3.1673e-11,4.3703e-11,4.9365e-11
3.2319e-11,3.6657e-11,4.5837e-11
2.4723e-11,2.7534e-11,2.2078e-11
8.7911e-11,6.1482e-11,7.239e-11
1.1586e-10,7.3649e-11,5.8196e-11
7.5844e-11,6.0728e-11,8.3153e-11
1.1137e-10,7.0131e-11,5.6003e-11
1.096e-10,7.0945e-11,4.8995e-11
9.0141e-11,5.4603e-11,4.4775e-11
6.6596e-11,4.799e-11,4.6807e-11
5.0508e-11,4.7133e-11,4.8099e-11
4.5282e-11,4.6467e-11,4.6519e-11
3.8202e-11,4.0611e-11,3.672e-11
7.5354e-11,7.9964e-11,4.0143e-11
4.289e-11,4.6485e-11,4.7062e-11
5.5455e-11,6.0025e-11,7.1574e-11
5.3596e-11,5.8476e-11,2.932e-11
5.7591e-11,6.2942e-11,7.8836e-11
5.1927e-11,5.8442e-11,2.7748e-11
3.2776e-11,3.3901e-11,3.5868e-11
5.3748e-11,7.4163e-11,8.637e-11
6.7709e-11,7.5002e-11,2.3063e-11
8.1976e-11,8.2468e-11,1.2692e-11
6.294e-11,6.5031e-11,1.9751e-11
5.0312e-11,4.126e-11,1.694e-11
8.2688e-11,7.6904e-11,1.5751e-11
2.9899e-11,2.9591e-11,2.4406e-11
5.3737e-11,4.5937e-11,1.6488e-11
3.1476e-11,2.9993e-11,3.0406e-11
2.334e-11,2.8436e-11,2.1239e-11
2.7083e-11,2.6477e-11,2.034e-11
2.8178e-11,2.7174e-11,2.4978e-11
2.0618e-11,2.5403e-11,2.368e-11
8.1467e-11,6.0593e-11,7.5311e-11
7.3421e-11,6.0741e-11,8.0367e-11
7.9717e-11,6.373e-11,8.9457e-11
8.1032e-11,6.4063e-11,3.9367e-11
6.3362e-11,6.3164e-11,7.8648e-11
6.2962e-11,5.5154e-11,6.3686e-11
5.8302e-11,4.6088e-11,3.3997e-11
6.2666e-11,7.0504e-11,2.9705e-11
4.556e-11,4.9858e-11,2.425e-11
7.1219e-11,7.8973e-11,2.5565e-11
5.5834e-11,6.1585e-11,2.5063e-11
4.4273e-11,4.7151e-11,2.0389e-11
4.9073e-11,5.5465e-11,6.5662e-11
2.9941e-11,3.5532e-11,1.9592e-11
5.3401e-11,4.9025e-11,1.4687e-11
4.3135e-11,4.1242e-11,1.8087e-11
8.3584e-11,7.7868e-11,1.8318e-11
2.7993e-11,3.4237e-11,3.3456e-11
4.0752e-11,7.737e-11,9.2878e-11
2.2469e-11,2.6127e-11,2.2493e-11
4.2679e-11,6.5562e-11,7.621e-11
2.4147e-11,2.757e-11,1.6935e-11
1.1071e-10,6.3033e-11,6.9132e-11
7.7467e-11,6.4483e-11,9.0162e-11
9.9925e-11,5.8287e-11,5.6382e-11
7.1162e-11,6.6383e-11,8.2467e-11
1.0946e-10,7.1732e-11,5.1982e-11
5.9201e-11,5.5713e-11,6.0162e-11
6.2187e-11,6.038e-11,7.5555e-11
5.4559e-11,4.7265e-11,3.3558e-11
6.883e-11,4.9267e-11,3.2505e-11
5.0198e-11,5.7478e-11,2.7518e-11
4.1168e-11,3.5707e-11,3.3333e-11
4.2174e-11,4.1077e-11,3.761e-11
5.515e-11,5.0624e-11,5.6153e-11
5.9191e-11,6.8168e-11,7.9259e-11
3.0285e-11,3.3399e-11,2.6914e-11
3.515e-11,3.8194e-11,2.3632e-11
3.1481e-11,3.4115e-11,2.3144e-11
5.2994e-11,6.6439e-11,7.4293e-11
2.9285e-11,3.4378e-11,2.9673e-11
2.6845e-11,3.03e-11,2.584e-11
5.6728e-11,8.1074e-11,8.9749e-11
5.9333e-11,5.3383e-11,1.8839e-11
2.5086e-11,2.835e-11,2.0155e-11
6.0516e-11,5.0904e-11,1.3993e-11
2.447e-11,2.731e-11,1.8791e-11
4.3628e-11,8.2773e-11,1.0253e-10
2.2924e-11,3.0379e-11,2.2294e-11
2.6009e-11,2.7956e-11,2.5351e-11
3.5923e-11,4.0776e-11,3.7688e-11
7.7012e-11,5.5314e-11,3.9244e-11
7.7431e-11,5.5116e-11,3.8237e-11
4.5622e-11,4.5865e-11,4.2341e-11
4.1088e-11,4.2332e-11,3.8386e-11
6.1103e-11,6.468e-11,7.9375e-11
5.3125e-11,5.1121e-11,5.6979e-11
5.0254e-11,5.4474e-11,5.8903e-11
4.6072e-11,4.8232e-11,2.8758e-11
4.2156e-11,3.9674e-11,2.3342e-11
4.2299e-11,3.8576e-11,2.5332e-11
3.5809e-11,3.5841e-11,3.5123e-11
5.013e-11,4.7801e-11,4.9695e-11
3.6172e-11,3.6695e-11,2.3035e-11
4.1015e-11,5.0719e-11,5.1461e-11
7.6631e-11,6.9509e-11,1.3187e-11
3.0307e-11,3.293e-11,1.9106e-11
3.671e-11,5.6891e-11,5.5986e-11
9.4779e-11,6.5398e-11,7.3695e-11
7.8443e-11,6.5457e-11,8.7096e-11
7.1563e-11,5.7539e-11,3.5555e-11
4.845e-11,5.0031e-11,4.4543e-11
6.2599e-11,6.1617e-11,6.9065e-11
4.3623e-11,4.2614e-11,3.6592e-11
6.0513e-11,6.1492e-11,3.5417e-11
6.0924e-11,6.7746e-11,7.901e-11
6.6188e-11,7.0149e-11,3.3105e-11
3.6842e-11,4.4552e-11,2.7992e-11
4.4875e-11,5.315e-11,3.407e-11
5.9063e-11,5.433e-11,6.0494e-11
7.0654e-11,7.7261e-11,2.8133e-11
5.4778e-11,6.4279e-11,7.213e-11
4.8933e-11,5.0882e-11,5.0286e-11
2.7122e-11,3.225e-11,2.6219e-11
5.0345e-11,7.3071e-11,8.7307e-11
2.4121e-11,2.8991e-11,1.9637e-11
3.3898e-11,3.7162e-11,3.9038e-11
3.5925e-11,3.9973e-11,4.8568e-11
5.0499e-11,4.0511e-11,1.0627e-11
4.3631e-11,3.4393e-11,1.9683e-11
3.0071e-11,3.6087e-11,1.892e-11
4.6302e-11,7.7805e-11,8.9769e-11
7.4339e-11,5.9042e-11,1.1036e-11
4.3956e-11,3.3146e-11,2.3376e-11
8.2207e-11,6.4923e-11,7.9423e-11
7.831e-11,6.7483e-11,8.7773e-11
8.2756e-11,6.2599e-11,6.7192e-11
7.7107e-11,5.9226e-11,6.3754e-11
7.3061e-11,6.7062e-11,8.2848e-11
1.0571e-10,7.0115e-11,5.134e-11
6.5392e-11,5.7191e-11,6.275e-11
6.2024e-11,5.4932e-11,6.0556e-11
6.398e-11,5.1897e-11,3.2104e-11
4.1301e-11,4.3747e-11,3.0805e-11
6.8574e-11,7.0382e-11,8.5088e-11
5.0221e-11,5.3573e-11,2.5176e-11
7.524e-11,8.0731e-11,2.535e-11
6.3466e-11,6.6647e-11,8.0173e-11
5.7738e-11,6.5929e-11,7.395e-11
3.5782e-11,3.6164e-11,2.3595e-11
4.3558e-11,4.1199e-11,1.9002e-11
4.0553e-11,3.7862e-11,1.7378e-11
7.966e-11,6.8462e-11,1.1233e-11
2.9328e-11,2.9322e-11,2.3816e-11
2.9746e-11,3.3124e-11,2.1536e-11
5.4919e-11,4.2483e-11,1.0426e-11
3.2337e-11,3.4639e-11,3.62e-11
8.521e-11,5.9521e-11,4.4409e-11
5.9497e-11,5.4986e-11,5.8241e-11
6.3561e-11,6.0973e-11,6.7323e-11
9.0391e-11,7.4114e-11,4.4009e-11
6.79e-11,6.5829e-11,7.3498e-11
4.8583e-11,4.7002e-11,4.4612e-11
4.347e-11,4.5205e-11,3.4001e-11
4.713e-11,4.5796e-11,2.6778e-11
5.0981e-11,4.5481e-11,4.3565e-11
4.0507e-11,4.2724e-11,4.7652e-11
4.7885e-11,4.6729e-11,5.1031e-11
6.0085e-11,6.8546e-11,7.923e-11
3.2791e-11,3.5137e-11,2.7557e-11
4.9411e-11,5.4058e-11,5.5922e-11
3.1693e-11,3.879e-11,2.4943e-11
5.123e-11,7.3174e-11,8.2953e-11
3.2376e-11,3.3105e-11,2.7165e-11
3.2408e-11,3.4824e-11,2.2228e-11
2.9082e-11,3.3247e-11,2.372e-11
2.482e-11,3.0132e-11,2.1482e-11
3.597e-11,4.2908e-11,3.7238e-11
3.8154e-11,6.0813e-11,5.5546e-11
8.9215e-11,6.0953e-11,6.5119e-11
1.123e-10,7.1535e-11,6.6902e-11
7.6956e-11,5.8889e-11,5.8615e-11
7.0298e-11,5.7154e-11,5.6247e-11
4.845e-11,5.1618e-11,4.3289e-11
4.9056e-11,5.1081e-11,5.2588e-11
6.1375e-11,6.1526e-11,3.4534e-11
3.6734e-11,3.8104e-11,3.1229e-11
4.0147e-11,4.1917e-11,2.5548e-11
4.7883e-11,4.4284e-11,2.5867e-11
3.7919e-11,3.8752e-11,3.6826e-11
2.9208e-11,3.4857e-11,2.4698e-11
9.5681e-11,6.819e-11,5.3711e-11
7.5218e-11,5.8199e-11,5.8789e-11
9.4604e-11,7.4995e-11,4.5935e-11
6.9027e-11,5.5086e-11,3.8462e-11
7.0052e-11,6.2583e-11,7.425e-11
6.7001e-11,6.7931e-11,3.439e-11
4.6355e-11,4.6828e-11,3.0028e-11
4.4073e-11,4.8463e-11,2.7474e-11
6.2121e-11,5.8609e-11,6.4608e-11
6.3527e-11,7.1199e-11,7.5528e-11
6.8434e-11,6.4786e-11,2.24e-11
4.4796e-11,4.2223e-11,2.386e-11
8.2923e-11,8.1687e-11,2.2448e-11
4.7477e-11,4.7574e-11,4.6006e-11
3.4047e-11,3.5133e-11,2.8134e-11
5.1002e-11,7.2555e-11,7.2198e-11
3.0713e-11,3.035e-11,2.2506e-11
8.5793e-11,6.5243e-11,9.9629e-12
4.7407e-11,7.0973e-11,7.5001e-11
7.8672e-11,7.0235e-11,8.1007e-11
9.9113e-11,7.3292e-11,5.6485e-11
1.016e-10,6.8103e-11,5.3523e-11
6.9273e-11,6.2373e-11,6.6102e-11
7.392e-11,6.8008e-11,5.2345e-11
8.281e-11,6.9318e-11,4.4175e-11
6.0906e-11,5.5851e-11,4.8153e-11
7.6593e-11,8.1649e-11,3.2797e-11
3.8705e-11,3.9504e-11,3.5023e-11
4.8482e-11,4.9933e-11,2.1552e-11
3.2893e-11,4.0167e-11,2.4279e-11
5.2324e-11,5.404e-11,5.5263e-11
3.5832e-11,4.3644e-11,2.737e-11
3.449e-11,3.2746e-11,2.8699e-11
8.627e-11,7.9023e-11,1.9778e-11
4.6878e-11,4.7687e-11,4.7547e-11
7.8587e-11,6.7027e-11,1.4702e-11
5.1256e-11,7.0608e-11,6.7684e-11
5.4498e-11,7.6525e-11,8.1247e-11
3.1957e-11,3.6478e-11,2.5029e-11
5.6912e-11,4.5448e-11,4.6434e-11
8.3163e-11,6.001e-11,1.3978e-11
7.3294e-11,5.332e-11,1.401e-11
3.2669e-11,3.855e-11,3.5834e-11
4.591e-11,5.5959e-11,4.7623e-11
9.5924e-11,6.6854e-11,6.607e-11
8.5987e-11,6.8766e-11,6.463e-11
6.4013e-11,5.2748e-11,3.9217e-11
7.2162e-11,7.6127e-11,3.1282e-11
6.2004e-11,6.3928e-11,7.2884e-11
3.888e-11,4.7281e-11,2.8596e-11
3.8008e-11,4.6567e-11,3.0595e-11
4.4008e-11,4.5043e-11,4.3079e-11
5.0031e-11,5.428e-11,6.0305e-11
3.2952e-11,3.9438e-11,2.3016e-11
7.8936e-11,6.5815e-11,1.5516e-11
6.9316e-11,5.8005e-11,1.4148e-11
6.2675e-11,4.7607e-11,1.4748e-11
3.4629e-11,3.5454e-11,2.5071e-11
6.876e-11,5.2938e-11,1.4745e-11
2.6745e-11,3.6053e-11,2.9171e-11
4.713e-11,6.9258e-11,6.6631e-11
2.9844e-11,3.2397e-11,2.2419e-11
8.1076e-11,7.2137e-11,4.2165e-11
7.1276e-11,6.5133e-11,3.9392e-11
5.0991e-11,4.9487e-11,4.8317e-11
7.8368e-11,7.7027e-11,3.8906e-11
6.4302e-11,5.8722e-11,3.4353e-11
6.9552e-11,6.2808e-11,7.3267e-11
4.5225e-11,4.5016e-11,3.3922e-11
5.9505e-11,5.7155e-11,3.1243e-11
4.1477e-11,4.6747e-11,2.8331e-11
6.9641e-11,7.582e-11,7.5371e-11
3.4632e-11,3.946e-11,2.9221e-11
4.181e-11,4.3581e-11,2.8199e-11
3.2184e-11,3.9433e-11,2.5515e-11
7.1909e-11,5.8623e-11,2.0341e-11
8.6683e-11,6.4745e-11,1.0513e-11
4.1034e-11,3.8431e-11,2.2452e-11
2.978e-11,3.3559e-11,2.272e-11
8.0415e-11,6.4943e-11,6.4512e-11
8.8306e-11,7.0584e-11,5.6268e-11
7.649e-11,6.2245e-11,6.1245e-11
7.2449e-11,6.5668e-11,6.6371e-11
9.1362e-11,7.248e-11,4.8365e-11
6.8485e-11,6.2499e-11,6.5555e-11
6.3867e-11,6.1312e-11,5.7832e-11
6.7061e-11,6.7451e-11,3.3393e-11
8.4717e-11,8.1596e-11,2.7368e-11
7.1793e-11,7.5156e-11,2.6166e-11
4.2466e-11,4.7943e-11,3.881e-11
8.856e-11,8.5205e-11,2.5052e-11
4.1507e-11,4.8131e-11,2.9827e-11
4.1988e-11,4.5367e-11,4.1899e-11
5.2202e-11,5.0369e-11,5.5415e-11
6.6839e-11,6.7994e-11,7.2788e-11
4.8403e-11,5.8133e-11,5.402e-11
3.4746e-11,3.6811e-11,2.4589e-11
8.0859e-11,6.0549e-11,1.0744e-11
7.2019e-11,6.2918e-11,6.1991e-11
7.9361e-11,6.9915e-11,7.288e-11
6.6654e-11,5.6918e-11,5.172e-11
7.5391e-11,6.4766e-11,4.7556e-11
6.6332e-11,6.4093e-11,7.0259e-11
7.9332e-11,6.9439e-11,7.8468e-11
7.3644e-11,7.652e-11,3.6016e-11
7.165e-11,7.2368e-11,3.3339e-11
5.9584e-11,6.0418e-11,3.2592e-11
7.113e-11,6.9764e-11,8.2457e-11
7.1253e-11,7.1651e-11,8.675e-11
6.3817e-11,5.9964e-11,6.7512e-11
4.7493e-11,4.4234e-11,4.3965e-11
5.2975e-11,5.0219e-11,2.6164e-11
7.706e-11,7.2325e-11,2.1252e-11
4.1869e-11,4.3539e-11,2.4643e-11
5.1876e-11,4.5443e-11,1.8602e-11
5.2537e-11,7.9763e-11,7.6694e-11
3.6009e-11,3.8201e-11,2.6637e-11
4.217e-11,4.8001e-11,4.5306e-11
4.2701e-11,5.016e-11,4.9113e-11
5.2433e-11,6.0184e-11,5.5858e-11
3.7028e-11,4.124e-11,2.5821e-11
3.1293e-11,3.9481e-11,3.26e-11
8.1472e-11,7.2173e-11,7.444e-11
9.585e-11,7.8428e-11,5.3862e-11
9.3226e-11,7.6796e-11,5.2921e-11
6.3014e-11,5.8793e-11,5.5067e-11
7.3315e-11,7.1069e-11,4.254e-11
8.644e-11,8.3581e-11,4.1865e-11
6.9389e-11,6.1661e-11,6.6421e-11
7.2032e-11,7.3463e-11,3.5284e-11
6.6032e-11,6.5743e-11,7.0797e-11
8.4961e-11,8.2088e-11,2.8958e-11
4.0521e-11,4.1874e-11,3.5345e-11
9.1397e-11,8.3096e-11,2.1908e-11
3.4121e-11,3.862e-11,2.8447e-11
4.6502e-11,4.8338e-11,2.8116e-11
5.5273e-11,5.7974e-11,5.8494e-11
5.4222e-11,5.9948e-11,5.9261e-11
4.4437e-11,4.8486e-11,2.9631e-11
4.1257e-11,4.7203e-11,4.6754e-11
5.5533e-11,4.8914e-11,2.1924e-11
3.7843e-11,3.9202e-11,3.4628e-11
5.358e-11,8.2796e-11,8.1219e-11
4.5001e-11,4.3534e-11,2.5472e-11
5.1062e-11,7.7729e-11,7.7561e-11
4.0222e-11,4.1175e-11,2.5498e-11
3.9303e-11,4.519e-11,3.9443e-11
3.5833e-11,3.8799e-11,2.9368e-11
4.3478e-11,6.4369e-11,5.7411e-11
7.9187e-11,6.6921e-11,6.168e-11
7.2771e-11,6.2428e-11,5.6594e-11
6.3775e-11,5.6594e-11,4.9019e-11
7.4798e-11,7.1011e-11,7.5511e-11
7.3663e-11,6.7853e-11,4.2101e-11
8.5207e-11,8.0866e-11,4.0543e-11
7.5823e-11,6.7862e-11,7.2346e-11
5.4788e-11,5.1443e-11,4.4064e-11
6.1696e-11,6.0103e-11,3.4756e-11
6.6574e-11,6.4975e-11,7.2453e-11
4.2833e-11,4.2663e-11,3.0326e-11
6.6232e-11,6.2291e-11,2.7439e-11
6.2566e-11,6.7971e-11,7.2394e-11
8.6069e-11,7.9779e-11,2.1179e-11
3.927e-11,4.0581e-11,2.9884e-11
4.4982e-11,4.8328e-11,4.4426e-11
3.7338e-11,4.1091e-11,2.5654e-11
3.8449e-11,4.4555e-11,2.6754e-11
8.974e-11,7.5062e-11,6.3342e-11
7.8203e-11,6.658e-11,6.3822e-11
7.463e-11,6.5697e-11,5.1628e-11
7.2586e-11,6.4059e-11,5.8933e-11
7.4084e-11,6.7367e-11,6.5968e-11
7.6705e-11,7.3466e-11,4.8171e-11
6.562e-11,6.6207e-11,3.9824e-11
5.2543e-11,5.5011e-11,4.9332e-11
6.091e-11,6.2168e-11,6.8321e-11
6.9594e-11,7.5585e-11,7.9146e-11
7.5486e-11,7.0867e-11,2.7681e-11
4.5487e-11,5.0035e-11,4.4718e-11
6.041e-11,8.0241e-11,7.7976e-11
4.9827e-11,4.8443e-11,2.89e-11
5.5163e-11,6.1321e-11,6.0107e-11
4.1909e-11,4.938e-11,4.2531e-11
3.5155e-11,3.8983e-11,2.9418e-11
5.3772e-11,7.3791e-11,6.8822e-11
3.3543e-11,3.912e-11,2.769e-11
4.902e-11,6.6766e-11,5.8452e-11
3.5757e-11,3.9623e-11,2.6475e-11
8.3066e-11,7.0574e-11,6.8052e-11
7.9777e-11,7.33e-11,7.0868e-11
6.9566e-11,6.9005e-11,4.7997e-11
7.5801e-11,7.3874e-11,4.6202e-11
6.4452e-11,6.5407e-11,6.5908e-11
6.2676e-11,6.8699e-11,7.1277e-11
3.6216e-11,4.3287e-11,3.1467e-11
3.4677e-11,3.9736e-11,2.9329e-11
5.7959e-11,4.7493e-11,2.373e-11
4.136e-11,4.9243e-11,4.5991e-11
7.1194e-11,6.3652e-11,5.4597e-11
7.5404e-11,7.4233e-11,7.2057e-11
7.0243e-11,6.5556e-11,5.9948e-11
7.0518e-11,6.8602e-11,6.6964e-11
6.0547e-11,6.0146e-11,4.8264e-11
5.4806e-11,5.3305e-11,5.0653e-11
5.3006e-11,5.2461e-11,4.5018e-11
4.4789e-11,4.9623e-11,3.2164e-11
5.7267e-11,5.8976e-11,5.991e-11
4.0013e-11,4.4832e-11,3.4115e-11
8.2457e-11,6.5791e-11,1.6159e-11
3.7819e-11,4.2311e-11,2.9773e-11
3.7446e-11,4.6034e-11,3.4731e-11
5.0606e-11,5.6689e-11,5.3184e-11
3.7212e-11,4.4058e-11,2.9675e-11
8.7291e-11,7.8422e-11,5.6656e-11
8.2913e-11,6.9341e-11,5.5274e-11
8.1761e-11,7.2804e-11,6.8903e-11
6.9238e-11,6.4671e-11,5.3392e-11
6.954e-11,6.6312e-11,5.7375e-11
6.4901e-11,6.8218e-11,4.1863e-11
6.1893e-11,6.434e-11,4.2691e-11
5.6817e-11,5.865e-11,4.0755e-11
6.1773e-11,6.3932e-11,3.8808e-11
6.0839e-11,6.1655e-11,3.6652e-11
6.4085e-11,5.5432e-11,2.6416e-11
6.2794e-11,5.1489e-11,2.6671e-11
4.4672e-11,4.8267e-11,3.2261e-11
3.6672e-11,4.4277e-11,2.9645e-11
6.9062e-11,6.4502e-11,5.5843e-11
7.4904e-11,7.6993e-11,4.5763e-11
6.0981e-11,6.2773e-11,5.3744e-11
6.2881e-11,6.0214e-11,5.8383e-11
7.6439e-11,7.6683e-11,3.5134e-11
5.1343e-11,5.4992e-11,3.9501e-11
6.4359e-11,6.1291e-11,6.6394e-11
5.7229e-11,5.8666e-11,5.5428e-11
4.4548e-11,4.7375e-11,3.629e-11
4.424e-11,5.1656e-11,3.0678e-11
5.3905e-11,6.9441e-11,6.3902e-11
5.2947e-11,6.3524e-11,6.1062e-11
3.5792e-11,4.5063e-11,3.1719e-11
8.4385e-11,8.1277e-11,5.1586e-11
6.0107e-11,5.9806e-11,4.3538e-11
6.1776e-11,6.2329e-11,5.5108e-11
5.6613e-11,6.0764e-11,5.2742e-11
4.942e-11,5.3937e-11,3.6979e-11
4.719e-11,5.0763e-11,3.8654e-11
4.9572e-11,5.3181e-11,4.2779e-11
4.5384e-11,5.1213e-11,3.7578e-11
5.5894e-11,5.5722e-11,3.5334e-11
4.1276e-11,4.6042e-11,3.0847e-11
5.2609e-11,5.31e-11,3.4216e-11
4.4263e-11,5.6058e-11,5.1361e-11
7.7378e-11,7.7276e-11,5.0802e-11
6.5253e-11,7.0609e-11,4.4146e-11
7.6003e-11,7.7384e-11,4.146e-11
7.1512e-11,7.3241e-11,4.1446e-11
6.0696e-11,6.087e-11,5.5601e-11
8.8233e-11,8.0849e-11,3.2034e-11
6.7069e-11,6.531e-11,3.7517e-11
4.722e-11,5.1522e-11,3.7747e-11
5.7909e-11,7.144e-11,6.6255e-11
5.5905e-11,7.168e-11,6.4995e-11
4.663e-11,6.3044e-11,5.8169e-11
6.8905e-11,6.8685e-11,5.1739e-11
8.4621e-11,8.193e-11,3.8773e-11
7.3449e-11,6.6181e-11,2.8933e-11
4.6583e-11,5.2471e-11,3.3184e-11
4.5029e-11,5.0053e-11,3.5253e-11
4.793e-11,5.2883e-11,3.8207e-11
8.2797e-11,8.475e-11,5.5339e-11
7.1073e-11,7.6035e-11,4.7154e-11
7.807e-11,8.1068e-11,4.4773e-11
5.4531e-11,5.8642e-11,4.4095e-11
7.051e-11,7.3704e-11,4.2474e-11
9.2106e-11,7.96e-11,2.7395e-11
5.3336e-11,6.0895e-11,5.3385e-11
8.861e-11,7.3813e-11,2.354e-11
5.846e-11,7.2894e-11,6.6408e-11
5.0627e-11,6.1946e-11,5.2977e-11
5.2407e-11,6.8083e-11,6.0988e-11
4.1758e-11,5.6984e-11,4.6549e-11
6.4051e-11,6.8195e-11,4.9666e-11
6.6993e-11,7.2769e-11,4.4588e-11
6.8464e-11,6.7114e-11,5.8101e-11
5.4734e-11,6.0636e-11,4.4096e-11
6.0003e-11,6.2139e-11,4.2468e-11
7.5766e-11,6.5401e-11,2.8633e-11
5.5676e-11,6.0776e-11,3.6959e-11
5.2004e-11,6.8918e-11,6.1058e-11
4.9816e-11,5.786e-11,3.8573e-11
5.2337e-11,6.6753e-11,5.9575e-11
7.7245e-11,8.193e-11,4.5049e-11
8.4231e-11,8.842e-11,4.5345e-11
6.3386e-11,6.5964e-11,5.1252e-11
6.6794e-11,7.0591e-11,4.2629e-11
6.0138e-11,6.6238e-11,5.3879e-11
5.9162e-11,6.5161e-11,5.6111e-11
5.7747e-11,6.7859e-11,5.6062e-11
7.2883e-11,6.421e-11,3.4771e-11
6.3205e-11,7.1341e-11,4.3917e-11
7.9429e-11,7.9078e-11,4.5673e-11
6.4359e-11,6.6484e-11,5.9523e-11
6.2807e-11,6.7247e-11,5.4512e-11
9.224e-11,8.238e-11,3.5428e-11
5.592e-11,6.8355e-11,5.5467e-11
6.1039e-11,6.4649e-11,4.1461e-11
5.5048e-11,5.9058e-11,4.3108e-11
5.3054e-11,5.9262e-11,3.9291e-11
5.0514e-11,6.4672e-11,5.2959e-11
7.9181e-11,8.2993e-11,5.0964e-11
6.8071e-11,7.3307e-11,4.8218e-11
7.1625e-11,7.9969e-11,4.7514e-11
6.4728e-11,6.8646e-11,4.3721e-11
5.5897e-11,6.2778e-11,4.6556e-11
8.3296e-11,7.284e-11,3.404e-11
6.2782e-11,6.6e-11,4.0084e-11
6.3276e-11,6.6706e-11,4.1589e-11
5.1226e-11,6.1892e-11,4.7924e-11
7.7332e-11,8.1003e-11,5.5331e-11
7.4332e-11,8.1708e-11,4.9828e-11
7.4799e-11,7.8756e-11,4.7971e-11
9.4971e-11,8.7271e-11,4.0723e-11
8.4533e-11,7.9179e-11,4.7756e-11
7.4912e-11,7.5375e-11,4.8451e-11
7.667e-11,7.5882e-11,4.8544e-11
5.6025e-11,6.9811e-11,5.142e-11
7.4474e-11,7.4603e-11,5.1945e-11
9.0239e-11,8.2714e-11,4.6671e-11
6.1122e-11,6.6734e-11,4.8572e-11
7.1855e-11,7.3443e-11,4.5078e-11
5.6967e-11,7.0784e-11,5.2291e-11
5.9628e-11,6.61e-11,4.3535e-11
7.0127e-11,7.0952e-11,5.609e-11
6.5354e-11,7.0248e-11,5.016e-11
7.1435e-11,7.4952e-11,5.7361e-11
6.9247e-11,7.1106e-11,5.3952e-11
6.7257e-11,7.2532e-11,5.1059e-11
7.3107e-11,7.4724e-11,5.5263e-11
6.8875e-11,7.2811e-11,5.2378e-11
6.9513e-11,7.5927e-11,5.2309e-11
4.9614e-11,1.0971e-10,9.3764e-11
5.1141e-11,1.0863e-10,8.9911e-11
6.582e-11,1.1174e-10,1.0819e-10
6.1603e-11,1.0498e-10,1.0464e-10
3.1638e-11,1.0002e-10,9.748e-11
5.2992e-11,1.0892e-10,9.4632e-11
2.4777e-11,7.2086e-11,6.6608e-11
9.7342e-12,7.9037e-11,6.755e-11
1.4756e-11,7.9186e-11,6.6023e-11
2.0991e-11,8.8154e-11,7.3721e-11
1.7823e-11,6.9645e-11,7.0792e-11
3.5537e-11,8.808e-11,8.0158e-11
4.8418e-11,8.203e-11,7.7545e-11
6.0913e-11,9.8829e-11,1.0321e-10
5.3652e-11,7.8676e-11,8.8943e-11
7.1364e-11,7.1284e-11,9.9389e-11
1.6141e-11,7.399e-11,6.3e-11
1.9435e-11,6.2217e-11,6.8051e-11
5.9275e-11,8.4568e-11,9.5243e-11
8.6519e-11,9.0158e-11,1.1547e-10
1.8334e-11,7.2691e-11,6.0379e-11
2.5946e-11,9.0937e-11,9.9865e-11
3.577e-11,7.353e-11,6.1712e-11
3.9774e-11,8.7293e-11,8.7843e-11
5.3648e-11,8.3837e-11,9.1905e-11
6.9492e-11,8.2555e-11,1.1117e-10
8.683e-11,7.0988e-11,1.1114e-10
2.4958e-11,6.71e-11,6.0025e-11
1.0122e-11,7.3422e-11,6.736e-11
9.6869e-12,7.3062e-11,6.5907e-11
1.3977e-11,7.6582e-11,5.7729e-11
1.5953e-11,7.9895e-11,7.1408e-11
3.9438e-11,8.5346e-11,7.5945e-11
2.9706e-11,6.7398e-11,5.7643e-11
2.6757e-11,6.3476e-11,5.9827e-11
4.058e-11,6.6973e-11,7.3266e-11
4.6286e-11,7.1051e-11,7.933e-11
9.9707e-11,6.6513e-11,1.1658e-10
1.5724e-11,6.8705e-11,6.1239e-11
1.7261e-11,6.1164e-11,5.4347e-11
2.3175e-11,6.3613e-11,5.5012e-11
2.9237e-11,6.8891e-11,6.5179e-11
3.8109e-11,9.03e-11,9.289e-11
4.7382e-11,7.4951e-11,7.5736e-11
3.6833e-11,6.358e-11,6.7584e-11
3.9196e-11,6.1148e-11,6.7725e-11
5.5069e-11,9.6624e-11,1.0155e-10
9.8942e-11,6.6765e-11,1.175e-10
8.5275e-11,5.5912e-11,1.0293e-10
8.557e-12,7.4669e-11,6.6153e-11
1.1423e-11,6.7089e-11,6.2126e-11
2.3158e-11,8.5158e-11,7.8188e-11
2.186e-11,6.2202e-11,5.4267e-11
1.9002e-11,5.9482e-11,5.2099e-11
2.4251e-11,6.0778e-11,5.3021e-11
6.6845e-11,8.81e-11,1.0458e-10
1.5569e-11,8.1616e-11,7.8342e-11
2.502e-11,5.9911e-11,5.3015e-11
2.8946e-11,5.6505e-11,5.3777e-11
3.8254e-11,7.4101e-11,7.9239e-11
6.2353e-11,6.3239e-11,7.783e-11
9.3778e-11,6.1808e-11,1.1098e-10
3.3356e-11,5.1279e-11,4.7712e-11
2.4076e-11,5.116e-11,4.6441e-11
3.5077e-11,6.7371e-11,6.4871e-11
5.0737e-11,8.7893e-11,9.619e-11
7.2117e-11,7.6328e-11,1.0919e-10
6.6893e-11,5.7995e-11,8.0795e-11
8.8948e-11,6.3594e-11,1.0546e-10
1.464e-11,7.1193e-11,6.5602e-11
9.5331e-12,6.1343e-11,5.0984e-11
3.2137e-11,6.9627e-11,6.6208e-11
3.566e-11,7.2997e-11,6.8396e-11
4.797e-11,5.0369e-11,6.3207e-11
6.1755e-11,7.9088e-11,1.0151e-10
6.335e-11,6.865e-11,9.8369e-11
1.31e-11,6.6104e-11,5.7301e-11
1.0253e-11,7.7808e-11,7.6264e-11
1.8573e-11,4.8624e-11,4.8635e-11
2.0046e-11,6.0893e-11,6.0275e-11
2.1205e-11,8.7522e-11,8.5275e-11
2.3598e-11,9.2225e-11,8.9092e-11
2.2559e-11,5.4833e-11,5.1634e-11
3.3612e-11,6.0072e-11,7.3409e-11
3.6787e-11,5.9502e-11,5.2929e-11
5.6711e-11,9.1025e-11,1.0147e-10
5.8352e-11,5.9243e-11,7.41e-11
7.9938e-11,6.1182e-11,1.0441e-10
8.613e-11,6.198e-11,9.6833e-11
1.4134e-11,5.0927e-11,5.2335e-11
1.0526e-11,7.3797e-11,6.458e-11
2.0766e-11,4.0214e-11,4.4413e-11
1.9522e-11,4.3389e-11,4.5512e-11
2.8538e-11,6.267e-11,7.8926e-11
4.2678e-11,7.696e-11,1.1842e-10
3.6128e-11,6.5083e-11,7.4242e-11
1.0108e-10,5.1062e-11,1.0453e-10
1.5922e-11,5.4241e-11,5.4918e-11
1.753e-11,4.3628e-11,4.6941e-11
1.6354e-11,4.4503e-11,4.8095e-11
6.4446e-11,6.6086e-11,9.6255e-11
6.0084e-11,6.0636e-11,7.6193e-11
8.0461e-11,4.6217e-11,8.2827e-11
9.9349e-11,5.2574e-11,1.0656e-10
8.7211e-12,6.6488e-11,5.9492e-11
1.7254e-11,4.7189e-11,4.8987e-11
1.25e-11,7.0633e-11,6.3772e-11
1.0011e-11,6.6965e-11,6.093e-11
1.5315e-11,5.966e-11,5.1554e-11
1.2136e-11,4.9315e-11,4.5007e-11
1.4235e-11,6.9205e-11,6.205e-11
1.8852e-11,4.1956e-11,4.8011e-11
1.7422e-11,7.1809e-11,6.1616e-11
2.3979e-11,6.9552e-11,7.0204e-11
3.178e-11,6.3329e-11,6.0313e-11
2.0148e-11,4.1403e-11,4.6165e-11
3.9683e-11,7.884e-11,9.6464e-11
4.7899e-11,6.5668e-11,6.9394e-11
5.2093e-11,6.232e-11,7.5294e-11
5.3473e-11,3.4975e-11,6.254e-11
6.0993e-11,6.1557e-11,9.0138e-11
8.7492e-11,6.1946e-11,1.0755e-10
2.0966e-11,4.0206e-11,4.9214e-11
1.9628e-11,4.713e-11,4.9129e-11
3.2751e-11,3.6625e-11,4.8498e-11
3.4936e-11,3.4615e-11,4.9623e-11
5.0286e-11,8.0374e-11,9.0128e-11
5.2406e-11,6.9085e-11,9.3474e-11
4.4803e-11,3.87e-11,6.013e-11
6.4775e-11,7.2988e-11,1.1109e-10
5.4442e-11,3.7502e-11,6.422e-11
7.7122e-11,6.0005e-11,1.0311e-10
7.3267e-11,5.4778e-11,8.6969e-11
7.5769e-11,3.6326e-11,7.2079e-11
1.3601e-11,5.2537e-11,4.8674e-11
2.3732e-11,9.1938e-11,9.5804e-11
3.4568e-11,9.2342e-11,1.1508e-10
4.6376e-11,6.1334e-11,6.8504e-11
1.9669e-10,2.3669e-10,9.0361e-11
4.5689e-11,2.8481e-11,5.6429e-11
4.7184e-11,4.0383e-11,6.2437e-11
2.1341e-10,2.4056e-10,9.1091e-11
6.4883e-11,3.2972e-11,6.622e-11
7.6241e-11,7.0305e-11,1.186e-10
8.2353e-11,3.9137e-11,7.6036e-11
8.5411e-11,3.0347e-11,7.4088e-11
1.7851e-11,6.1982e-11,6.4958e-11
2.1133e-11,8.6404e-11,8.8872e-11
2.4505e-11,9.2107e-11,9.3129e-11
1.8814e-11,3.7225e-11,3.8829e-11
2.7112e-11,4.2814e-11,4.1436e-11
3.091e-11,6.269e-11,8.0566e-11
4.636e-11,3.5127e-11,5.1068e-11
2.5426e-10,3.2643e-10,9.1372e-11
2.1204e-10,2.5497e-10,8.4878e-11
5.3119e-11,7.199e-11,9.4975e-11
8.0389e-11,5.4877e-11,1.0035e-10
7.6597e-11,2.747e-11,6.737e-11
1.7273e-11,4.5224e-11,4.7097e-11
1.5662e-11,6.048e-11,6.5468e-11
1.9704e-11,4.8229e-11,3.965e-11
4.0996e-11,5.4545e-11,5.1916e-11
4.3712e-11,3.6138e-11,4.4284e-11
2.5171e-10,2.8386e-10,5.5342e-11
2.7003e-10,3.0521e-10,4.5384e-11
4.0821e-11,3.1014e-11,4.81e-11
2.3694e-10,2.858e-10,7.6949e-11
1.8646e-10,2.199e-10,8.5251e-11
4.6792e-11,3.1062e-11,5.3586e-11
1.7835e-10,2.0535e-10,7.9039e-11
6.2337e-11,6.9855e-11,1.0983e-10
2.0539e-10,2.5669e-10,8.9688e-11
7.2739e-11,6.4222e-11,1.1475e-10
1.806e-10,2.0759e-10,8.5746e-11
1.984e-10,2.115e-10,9.1531e-11
1.591e-11,4.6959e-11,4.8093e-11
1.3474e-11,5.3511e-11,5.2641e-11
1.338e-11,5.7077e-11,5.4275e-11
1.2915e-11,4.3635e-11,3.9123e-11
1.9955e-11,3.4237e-11,3.7405e-11
3.78e-11,8.76e-11,1.0313e-10
2.4695e-10,2.8066e-10,5.6234e-11
5.0245e-11,5.8999e-11,7.1679e-11
4.8496e-11,5.5443e-11,7.0204e-11
2.1569e-10,2.9572e-10,9.121e-11
1.6214e-10,1.9537e-10,8.8891e-11
1.7822e-10,1.916e-10,9.0355e-11
2.1531e-10,2.746e-10,8.3802e-11
5.9731e-11,2.7934e-11,5.8596e-11
6.8161e-11,5.9617e-11,1.0807e-10
2.1093e-10,2.3652e-10,9.381e-11
8.0528e-11,2.6207e-11,6.6689e-11
1.6122e-10,1.6341e-10,9.3763e-11
8.3861e-11,3.9321e-11,9.1547e-11
9.7397e-11,3.5234e-11,7.9513e-11
1.8923e-10,1.7687e-10,1.1484e-10
1.9865e-11,5.9976e-11,5.923e-11
1.6374e-11,4.2704e-11,3.6655e-11
2.2012e-11,3.6947e-11,3.872e-11
2.7832e-11,7.029e-11,8.5121e-11
2.5151e-10,2.8357e-10,5.4244e-11
3.4337e-11,6.0518e-11,6.2442e-11
4.7688e-11,7.9749e-11,9.5631e-11
2.025e-10,2.491e-10,7.5515e-11
3.8708e-11,3.3767e-11,5.4603e-11
5.379e-11,7.0218e-11,9.5313e-11
1.8746e-10,2.1309e-10,8.0194e-11
5.5357e-11,3.3878e-11,6.5803e-11
1.7254e-10,1.6725e-10,1.2288e-10
1.2728e-11,5.4072e-11,4.8752e-11
1.2427e-11,3.8963e-11,3.6663e-11
2.8633e-11,3.8827e-11,4.1017e-11
2.08e-10,2.551e-10,6.1255e-11
4.5238e-11,5.7773e-11,7.7957e-11
2.5591e-10,3.1943e-10,5.8416e-11
3.8237e-11,4.5004e-11,5.8943e-11
4.4401e-11,2.6113e-11,4.8019e-11
1.6181e-10,1.8471e-10,7.9594e-11
4.6973e-11,3.4858e-11,5.7747e-11
5.0797e-11,3.3564e-11,6.3674e-11
5.0029e-11,2.6778e-11,5.1918e-11
6.2796e-11,5.3138e-11,8.5926e-11
1.6567e-10,1.8016e-10,8.7989e-11
2.361e-10,2.8812e-10,9.1567e-11
6.7209e-11,4.4692e-11,8.3737e-11
6.1121e-11,2.1624e-11,5.4995e-11
2.1017e-10,2.1439e-10,7.5865e-11
6.3271e-11,1.7628e-11,5.7756e-11
2.0053e-10,1.9583e-10,9.0166e-11
9.1281e-11,2.1105e-11,7.3633e-11
9.3687e-11,3.5628e-11,7.941e-11
1.8822e-11,5.3429e-11,4.5702e-11
1.0875e-11,5.1544e-11,5.3964e-11
2.3216e-11,3.6676e-11,4.1313e-11
1.6037e-11,3.9568e-11,4.6042e-11
1.5323e-11,4.4456e-11,4.2268e-11
1.8439e-11,3.5249e-11,3.823e-11
2.3654e-11,5.7053e-11,5.0686e-11
2.7953e-11,3.7061e-11,4.5473e-11
3.6056e-11,3.4468e-11,4.313e-11
3.9951e-11,6.747e-11,8.262e-11
3.6584e-11,4.468e-11,5.5814e-11
1.6774e-10,1.9973e-10,8.788e-11
5.5256e-11,5.631e-11,8.6175e-11
5.4584e-11,3.45e-11,5.5548e-11
5.1487e-11,2.3809e-11,4.7846e-11
1.4432e-10,1.6389e-10,8.67e-11
4.8228e-11,2.8403e-11,4.9396e-11
2.0187e-10,1.9545e-10,8.1536e-11
7.6622e-11,3.8049e-11,8.3396e-11
1.5714e-10,1.4238e-10,1.0918e-10
1.0269e-10,2.2397e-11,8.184e-11
2.224e-10,1.4778e-10,1.3346e-10
1.0731e-11,6.1139e-11,5.7668e-11
1.5346e-11,6.459e-11,5.9915e-11
1.9676e-11,4.8055e-11,4.1148e-11
2.068e-11,5.2843e-11,5.327e-11
3.4688e-11,3.2755e-11,3.9223e-11
4.4275e-11,7.9985e-11,1.0318e-10
3.24e-11,2.2708e-11,4.1671e-11
5.3885e-11,7.8375e-11,1.0217e-10
4.2098e-11,2.5015e-11,4.3589e-11
5.8361e-11,5.6103e-11,8.0959e-11
5.366e-11,2.8562e-11,5.6348e-11
5.8044e-11,3.1062e-11,6.194e-11
6.5871e-11,2.063e-11,5.3486e-11
7.5053e-11,4.1141e-11,9.189e-11
8.0903e-11,3.501e-11,7.5909e-11
8.6621e-11,3.7645e-11,8.5444e-11
9.1989e-11,2.5623e-11,7.1955e-11
9.7095e-11,3.4313e-11,7.4434e-11
9.5425e-11,3.7785e-11,7.1706e-11
1.4169e-11,4.2688e-11,3.9013e-11
2.509e-11,4.5021e-11,3.9578e-11
9.2994e-12,5.737e-11,5.4733e-11
1.3997e-11,4.0845e-11,4.2484e-11
2.4278e-11,7.571e-11,6.7976e-11
1.5835e-11,4.2971e-11,4.176e-11
2.0773e-10,2.3216e-10,4.2688e-11
3.8004e-11,3.2126e-11,4.9529e-11
4.4302e-11,2.3958e-11,4.7597e-11
1.4843e-10,1.7351e-10,6.9631e-11
4.7193e-11,3.7285e-11,5.943e-11
4.7857e-11,3.0457e-11,5.507e-11
5.1362e-11,1.917e-11,4.4307e-11
5.563e-11,2.6072e-11,5.7503e-11
1.9844e-10,2.5385e-10,8.7849e-11
7.1713e-11,2.2026e-11,5.73e-11
7.5793e-11,1.9794e-11,5.9048e-11
7.319e-11,2.7592e-11,6.8084e-11
8.8219e-11,3.2989e-11,6.7263e-11
9.2495e-11,2.4801e-11,8.2622e-11
9.9351e-11,4.3534e-11,6.4319e-11
9.5911e-11,3.3201e-11,7.5114e-11
1.0744e-10,2.1155e-11,8.2402e-11
7.3332e-12,4.259e-11,3.9443e-11
1.7496e-11,6.5968e-11,6.0769e-11
1.2355e-11,3.8177e-11,4.1035e-11
2.8317e-11,4.4481e-11,4.093e-11
1.8366e-11,6.5803e-11,6.7731e-11
2.3366e-11,4.3768e-11,3.9585e-11
2.3324e-10,2.6233e-10,3.6239e-11
2.7352e-11,5.3268e-11,5.4556e-11
2.8732e-11,5.1671e-11,4.4933e-11
4.6509e-11,9.3195e-11,1.1404e-10
3.1509e-11,4.3656e-11,4.4181e-11
3.9197e-11,4.215e-11,4.7017e-11
1.8401e-10,2.2695e-10,7.4192e-11
4.2749e-11,2.8371e-11,4.8631e-11
4.385e-11,3.6914e-11,5.7408e-11
6.0307e-11,7.2921e-11,1.058e-10
6.58e-11,4.2611e-11,8.5125e-11
8.9104e-11,4.6402e-11,5.8721e-11
7.8575e-11,5.355e-11,1.0135e-10
1.4621e-10,1.4851e-10,9.2604e-11
7.1837e-11,1.6591e-11,6.1931e-11
8.879e-11,4.0785e-11,6.7458e-11
1.2642e-10,1.1771e-10,8.842e-11
2.1654e-10,1.5224e-10,9.5884e-11
9.1519e-11,3.5741e-11,7.0265e-11
8.708e-11,2.0838e-11,7.0031e-11
8.7494e-11,2.2177e-11,7.6458e-11
1.0033e-10,3.9134e-11,7.0334e-11
1.0252e-11,4.3969e-11,4.1291e-11
9.5558e-12,4.7154e-11,4.1863e-11
1.4657e-11,3.6945e-11,3.6896e-11
1.9359e-11,6.405e-11,5.9395e-11
2.1607e-11,9.7945e-11,9.5797e-11
1.8896e-11,3.4183e-11,3.5227e-11
2.0042e-11,4.1816e-11,4.0989e-11
1.644e-11,3.0997e-11,3.6256e-11
1.8208e-11,4.1614e-11,3.3605e-11
1.9571e-11,4.868e-11,4.3695e-11
1.984e-10,2.3118e-10,4.5774e-11
2.7318e-11,4.7417e-11,5.0209e-11
3.0359e-11,5.5648e-11,5.6802e-11
2.6012e-11,3.0674e-11,4.0608e-11
1.6509e-10,1.9093e-10,7.3784e-11
3.4958e-11,2.7498e-11,3.9239e-11
1.4892e-10,1.7484e-10,6.1136e-11
5.1632e-11,9.0416e-11,1.054e-10
1.9648e-10,2.9699e-10,6.8961e-11
5.5776e-11,6.8257e-11,9.4637e-11
5.1441e-11,1.8179e-11,4.3425e-11
5.6648e-11,2.2817e-11,5.0526e-11
1.7984e-10,1.8361e-10,7.446e-11
6.9235e-11,3.3497e-11,5.8767e-11
1.4746e-10,1.3759e-10,6.4829e-11
7.7272e-11,3.8065e-11,5.708e-11
7.1364e-11,2.0434e-11,5.5767e-11
9.8204e-11,2.4509e-11,7.8673e-11
2.048e-10,1.1108e-10,1.33e-10
1.4591e-11,4.0007e-11,3.805e-11
1.7506e-11,5.9253e-11,5.0591e-11
1.4151e-11,5.974e-11,5.6425e-11
1.9779e-11,6.6178e-11,6.1002e-11
1.6837e-11,3.749e-11,3.5365e-11
1.7192e-11,7.9558e-11,8.0555e-11
2.0813e-11,4.4053e-11,3.3861e-11
4.1579e-11,1.0372e-10,1.1527e-10
2.843e-11,2.0997e-11,3.9607e-11
1.4245e-10,1.6883e-10,6.2165e-11
4.0877e-11,5.3128e-11,6.0781e-11
3.6625e-11,2.1021e-11,4.0738e-11
2.098e-10,2.9827e-10,4.8912e-11
1.6361e-10,2.1473e-10,6.6036e-11
6.4359e-11,7.4793e-11,1.0872e-10
6.7223e-11,6.4407e-11,1.0314e-10
2.049e-10,2.3169e-10,1.0218e-10
5.3116e-11,1.786e-11,4.6074e-11
6.6733e-11,3.5637e-11,5.3882e-11
6.7932e-11,2.4416e-11,5.2762e-11
7.3223e-11,4.8797e-11,9.4777e-11
8.9979e-11,4.8372e-11,6.0839e-11
1.3196e-10,1.2191e-10,7.6013e-11
1.0268e-10,3.1948e-11,7.4029e-11
1.9426e-10,1.0721e-10,1.3199e-10
1.1288e-10,5.1244e-11,8.8263e-11
1.3835e-11,5.8329e-11,5.3399e-11
1.3182e-11,5.2505e-11,5.0353e-11
2.282e-11,3.1802e-11,4.0228e-11
3.6017e-11,9.8321e-11,9.7464e-11
1.9563e-11,3.775e-11,3.5939e-11
2.2054e-11,3.436e-11,3.6356e-11
3.3508e-11,6.3887e-11,7.5173e-11
2.7456e-10,3.237e-10,3.6581e-11
4.0746e-11,6.0292e-11,7.5708e-11
3.3912e-11,2.0692e-11,3.7174e-11
1.2797e-10,1.5274e-10,5.0729e-11
1.8528e-10,2.4896e-10,6.5611e-11
3.8612e-11,2.0512e-11,4.2971e-11
5.0342e-11,2.2546e-11,4.3253e-11
5.8492e-11,5.4404e-11,9.1324e-11
6.9961e-11,7.1343e-11,1.0734e-10
5.2606e-11,3.3079e-11,7.108e-11
1.9606e-10,2.2606e-10,1.048e-10
1.5203e-10,1.4032e-10,5.5118e-11
1.0978e-10,1.1481e-10,5.9311e-11
7.154e-11,5.546e-11,1.0479e-10
2.4181e-10,1.9927e-10,1.4255e-10
7.4596e-11,2.1287e-11,6.1945e-11
2.5714e-10,1.572e-10,1.2309e-10
8.5871e-11,3.6264e-11,6.6528e-11
2.0312e-10,1.1031e-10,1.1475e-10
1.0372e-10,5.3415e-11,7.4981e-11
1.4933e-11,3.8191e-11,3.7846e-11
1.6778e-11,4.1439e-11,4.2048e-11
1.5332e-11,3.5207e-11,3.3168e-11
1.9529e-11,4.0502e-11,3.331e-11
2.4533e-11,3.5912e-11,3.4349e-11
2.0068e-10,2.2738e-10,3.1969e-11
2.4536e-11,3.2362e-11,3.5724e-11
2.5035e-10,2.7162e-10,1.4708e-11
4.9752e-11,9.1898e-11,1.0057e-10
3.0427e-11,2.2314e-11,3.8e-11
1.2076e-10,1.4173e-10,6.1393e-11
4.601e-11,2.1998e-11,4.0701e-11
1.1905e-10,1.6621e-10,6.768e-11
6.1531e-11,7.5502e-11,1.0403e-10
1.466e-10,1.4469e-10,5.966e-11
5.2283e-11,1.9549e-11,4.657e-11
2.0197e-10,2.4423e-10,6.457e-11
5.2948e-11,3.3183e-11,7.0809e-11
1.4584e-10,1.3188e-10,5.8019e-11
1.4186e-10,1.2824e-10,6.2448e-11
6.6809e-11,1.9336e-11,5.0089e-11
7.339e-11,3.8867e-11,5.1739e-11
8.8086e-11,5.1446e-11,5.5624e-11
7.6833e-11,2.96e-11,6.2915e-11
1.0195e-10,2.5745e-11,7.9947e-11
1.1562e-11,4.1346e-11,3.9714e-11
9.0459e-12,3.2662e-11,3.6237e-11
2.5488e-11,3.9082e-11,3.8853e-11
1.5866e-11,3.0617e-11,3.3347e-11
1.3407e-11,3.0735e-11,3.3496e-11
2.0538e-11,6.2477e-11,6.2916e-11
2.2755e-10,2.3834e-10,2.9196e-11
1.601e-10,1.9144e-10,5.5265e-11
2.9072e-11,4.0716e-11,4.7567e-11
3.0259e-11,2.0941e-11,3.5146e-11
1.8916e-10,2.5149e-10,5.1064e-11
2.1005e-10,2.7969e-10,6.6646e-11
1.8041e-10,2.4668e-10,5.9133e-11
4.4283e-11,5.3431e-11,7.45e-11
3.9775e-11,3.8205e-11,5.6118e-11
4.9196e-11,2.0686e-11,4.1324e-11
7.5845e-11,4.7852e-11,5.1564e-11
5.427e-11,3.6004e-11,6.2479e-11
8.4961e-11,5.6835e-11,4.0765e-11
7.305e-11,4.4818e-11,4.6204e-11
1.3999e-10,1.2289e-10,6.1715e-11
1.1085e-10,1.0156e-10,6.1531e-11
6.9678e-11,2.6769e-11,5.6604e-11
8.0246e-11,4.2919e-11,5.815e-11
2.672e-10,1.9199e-10,1.8763e-10
2.709e-10,1.1906e-10,1.3486e-10
1.2298e-11,4.0081e-11,3.7722e-11
1.6313e-11,9.6455e-11,9.5331e-11
3.529e-11,5.655e-11,6.7424e-11
2.9975e-11,2.9305e-11,4.2152e-11
4.1852e-11,2.6308e-11,3.7115e-11
5.0602e-11,2.2083e-11,3.7957e-11
9.4832e-11,1.0253e-10,6.2407e-11
1.1804e-10,1.26e-10,5.7376e-11
8.9112e-11,6.2009e-11,3.9418e-11
1.1313e-10,1.0428e-10,5.6102e-11
1.1174e-10,1.0543e-10,5.7349e-11
6.3417e-11,3.2279e-11,6.6139e-11
8.5553e-11,5.1494e-11,5.1277e-11
7.9117e-11,5.4801e-11,1.0733e-10
1.1048e-10,8.8174e-11,6.3024e-11
8.1197e-11,2.4183e-11,7.4161e-11
7.6535e-11,2.8975e-11,6.5212e-11
1.3941e-10,1.0538e-10,1.0211e-10
8.9211e-11,3.8252e-11,7.4988e-11
1.0194e-10,5.0528e-11,8.9989e-11
1.3073e-11,3.704e-11,3.6005e-11
2.0715e-11,6.475e-11,6.1473e-11
2.2759e-11,6.8034e-11,7.1867e-11
1.4683e-11,2.4779e-11,3.2574e-11
2.7462e-11,2.15e-11,4.0331e-11
2.7997e-11,2.185e-11,3.9113e-11
2.7491e-11,2.2926e-11,3.9606e-11
3.8898e-11,5.6501e-11,5.413e-11
3.1084e-11,4.775e-11,4.9277e-11
1.4597e-10,2.1224e-10,4.6325e-11
1.8388e-10,2.6044e-10,6.5269e-11
1.441e-10,2.0154e-10,6.5251e-11
5.0184e-11,2.897e-11,3.7916e-11
5.6209e-11,3.7887e-11,3.8033e-11
9.421e-11,6.9189e-11,3.685e-11
1.0555e-10,1.2186e-10,6.3267e-11
9.5726e-11,1.0489e-10,5.5275e-11
7.3812e-11,4.7304e-11,4.2463e-11
7.2091e-11,6.48e-11,1.0546e-10
1.3532e-10,1.3263e-10,6.421e-11
5.3303e-11,2.5436e-11,5.5566e-11
1.2661e-10,1.1345e-10,6.389e-11
9.6343e-11,8.9901e-11,5.5023e-11
7.2477e-11,3.4236e-11,8.2949e-11
2.3062e-10,1.2328e-10,1.041e-10
7.5054e-11,3.2616e-11,7.8516e-11
2.7945e-10,1.2073e-10,1.7958e-10
1.8031e-10,8.5605e-11,1.1134e-10
1.0027e-10,3.928e-11,8.4755e-11
8.7743e-11,4.7677e-11,7.5734e-11
1.3921e-10,7.131e-11,1.1264e-10
1.5307e-10,8.9625e-11,1.2258e-10
1.4746e-11,4.9397e-11,5.0202e-11
1.345e-11,3.5248e-11,3.3939e-11
1.8429e-11,3.9901e-11,3.5204e-11
3.273e-11,1.018e-10,1.0313e-10
2.8361e-11,2.7337e-11,3.5796e-11
2.0432e-11,3.0046e-11,3.3929e-11
1.2298e-10,1.3334e-10,5.2984e-11
2.0178e-10,2.6605e-10,1.7259e-11
2.4331e-11,2.3858e-11,3.6869e-11
1.8299e-10,2.6072e-10,6.6632e-11
4.1328e-11,3.638e-11,5.6287e-11
7.8637e-11,6.046e-11,4.4671e-11
9.9894e-11,9.7312e-11,3.9936e-11
9.7056e-11,9.6265e-11,4.015e-11
8.5402e-11,9.457e-11,5.9043e-11
9.1324e-11,9.7276e-11,4.7109e-11
1.9488e-10,2.9072e-10,1.3525e-10
8.3218e-11,5.5397e-11,4.8868e-11
2.4069e-10,2.3584e-10,1.8265e-10
2.1094e-10,1.708e-10,1.1126e-10
7.7742e-11,4.7904e-11,5.2308e-11
1.7149e-10,1.1411e-10,9.2261e-11
1.1277e-10,7.7123e-11,6.844e-11
7.4357e-11,2.3203e-11,6.1661e-11
3.0377e-10,1.225e-10,2.1504e-10
7.3511e-11,3.3571e-11,8.1665e-11
7.642e-11,2.8393e-11,6.3119e-11
8.5749e-11,5.8448e-11,5.7712e-11
8.9589e-11,6.116e-11,5.9857e-11
1.0904e-10,7.7223e-11,5.8027e-11
2.545e-10,9.6675e-11,1.4072e-10
1.0069e-10,6.3955e-11,6.6502e-11
9.0525e-11,3.3568e-11,7.4562e-11
9.9269e-11,5.9134e-11,7.4157e-11
9.5017e-11,5.2114e-11,7.4378e-11
1.1064e-10,5.1974e-11,9.1004e-11
1.2999e-10,5.3342e-11,1.0906e-10
1.6695e-10,6.3584e-11,1.1105e-10
1.0277e-11,4.0845e-11,3.9471e-11
1.0905e-11,2.9092e-11,3.1988e-11
2.4512e-11,2.0864e-11,3.057e-11
1.363e-10,1.3918e-10,5.9847e-11
4.3943e-11,9.9752e-11,1.0924e-10
1.8079e-10,2.341e-10,3.2462e-11
2.7128e-10,2.7227e-10,3.4932e-11
4.6202e-11,8.4555e-11,9.3402e-11
2.8045e-11,4.0177e-11,4.4138e-11
2.556e-10,2.7722e-10,4.9106e-11
3.48e-11,2.8166e-11,4.495e-11
9.5943e-11,9.7028e-11,4.3174e-11
8.2273e-11,6.5634e-11,4.0125e-11
8.8939e-11,9.0405e-11,4.9352e-11
4.1497e-11,3.8279e-11,5.728e-11
1.024e-10,1.171e-10,6.1591e-11
8.3931e-11,9.5077e-11,5.4243e-11
1.0602e-10,1.2949e-10,5.9604e-11
1.8891e-10,2.8668e-10,1.0182e-10
1.0085e-10,1.2601e-10,6.6366e-11
1.5413e-10,1.6271e-10,8.4146e-11
4.6374e-11,1.6897e-11,4.0578e-11
4.6547e-11,1.7865e-11,4.0234e-11
5.3758e-11,2.4249e-11,4.2517e-11
8.2972e-11,5.7276e-11,4.4521e-11
5.1241e-11,1.8616e-11,4.354e-11
8.7909e-11,7.9535e-11,4.6478e-11
2.0953e-10,2.6597e-10,1.8658e-10
8.5413e-11,7.1175e-11,4.9944e-11
5.7215e-11,2.5143e-11,4.8612e-11
6.211e-11,2.8466e-11,7.1502e-11
7.4284e-11,4.7896e-11,9.3748e-11
1.6491e-10,7.9883e-11,8.5176e-11
6.9555e-11,2.4985e-11,6.0367e-11
7.0793e-11,3.5426e-11,5.9283e-11
1.3299e-10,9.3255e-11,8.8262e-11
9.1428e-11,3.4271e-11,7.4393e-11
9.4467e-11,3.9957e-11,8.015e-11
1.3261e-10,6.555e-11,8.6432e-11
1.6788e-10,7.4744e-11,1.3656e-10
1.0904e-10,4.9337e-11,9.9141e-11
1.8247e-10,5.9764e-11,1.2421e-10
1.1044e-11,5.4176e-11,5.0887e-11
1.5115e-11,3.1329e-11,3.3522e-11
2.7197e-11,7.1395e-11,6.8282e-11
1.3939e-11,2.4954e-11,3.0916e-11
2.003e-11,2.8102e-11,3.2008e-11
1.757e-10,2.1444e-10,4.554e-11
2.4703e-11,2.0642e-11,3.6035e-11
3.5263e-11,5.2802e-11,5.4519e-11
1.7227e-10,2.282e-10,2.9174e-11
2.1964e-10,2.6906e-10,1.497e-11
2.6085e-11,2.6148e-11,3.802e-11
1.6277e-10,2.2335e-10,4.8801e-11
3.4565e-11,3.7272e-11,4.6837e-11
3.3969e-11,2.8056e-11,4.287e-11
3.4794e-11,2.0844e-11,3.6894e-11
1.3035e-10,1.71e-10,5.0085e-11
1.8265e-10,2.4143e-10,5.1e-11
6.0117e-11,4.4208e-11,3.7113e-11
3.3357e-11,1.885e-11,4.1622e-11
7.5132e-11,5.57e-11,3.3498e-11
5.7444e-11,6.9726e-11,8.849e-11
7.94e-11,7.3375e-11,5.1504e-11
8.7143e-11,9.6738e-11,4.9516e-11
1.9753e-10,2.0766e-10,9.0661e-11
5.9761e-11,3.4105e-11,4.7291e-11
4.6563e-11,3.7499e-11,6.7739e-11
4.8898e-11,3.1198e-11,5.7524e-11
1.298e-10,1.3841e-10,7.9502e-11
8.8298e-11,8.2225e-11,4.4108e-11
1.7756e-10,1.2233e-10,7.4779e-11
5.3277e-11,1.7408e-11,4.6044e-11
2.3969e-10,2.3191e-10,2.0834e-10
7.5271e-11,5.92e-11,1.0746e-10
8.2616e-11,5.7226e-11,4.4061e-11
6.2087e-11,3.1092e-11,4.9631e-11
8.6855e-11,6.5753e-11,5.1939e-11
1.2653e-10,7.7734e-11,7.6725e-11
2.9489e-10,1.1251e-10,1.7816e-10
9.7414e-11,8.8451e-11,7.3487e-11
8.0469e-11,2.6664e-11,7.4731e-11
1.7784e-10,7.8636e-11,1.1799e-10
9.9814e-11,5.2085e-11,8.2356e-11
1.2964e-10,4.9115e-11,1.0196e-10
1.7759e-10,5.7662e-11,1.2663e-10
1.708e-11,2.6081e-11,3.08e-11
1.6185e-11,3.2783e-11,3.4123e-11
1.1779e-11,3.7768e-11,3.7387e-11
1.2465e-11,3.1322e-11,3.2388e-11
1.9221e-11,3.0534e-11,3.1407e-11
2.8103e-11,1.9681e-11,3.1945e-11
1.9665e-11,3.8e-11,3.437e-11
1.9795e-11,2.4902e-11,3.228e-11
3.1855e-11,2.5111e-11,3.9576e-11
2.7253e-11,2.4805e-11,3.7891e-11
5.753e-11,9.2304e-11,1.0384e-10
3.7687e-11,2.2761e-11,3.3587e-11
6.3893e-11,4.4013e-11,3.904e-11
9.9282e-11,1.2376e-10,4.6003e-11
9.8493e-11,1.1606e-10,5.1071e-11
9.7295e-11,1.0047e-10,4.3209e-11
9.4281e-11,1.039e-10,4.8304e-11
5.3931e-11,3.3259e-11,4.1428e-11
4.384e-11,2.8072e-11,4.6427e-11
1.0149e-10,1.0992e-10,5.535e-11
4.8634e-11,2.3132e-11,4.6771e-11
7.0305e-11,3.7417e-11,5.0697e-11
1.9209e-10,1.0968e-10,8.3942e-11
2.0438e-10,1.1103e-10,9.1877e-11
6.6745e-11,3.8904e-11,4.8212e-11
8.4058e-11,5.9825e-11,5.4174e-11
2.138e-10,9.9574e-11,1.1373e-10
6.7766e-11,3.9005e-11,8.2329e-11
7.2221e-11,4.6477e-11,8.9451e-11
9.6552e-11,7.3455e-11,5.1855e-11
7.7e-11,4.224e-11,5.7541e-11
8.1545e-11,3.7194e-11,6.765e-11
8.1819e-11,3.5713e-11,7.7669e-11
9.1316e-11,3.6444e-11,7.6354e-11
9.9698e-11,4.5525e-11,9.1229e-11
1.1575e-10,5.3725e-11,8.6378e-11
1.8081e-11,3.464e-11,3.7166e-11
1.0474e-11,2.8055e-11,3.1313e-11
7.8331e-12,4.1503e-11,3.8751e-11
1.1175e-11,4.2496e-11,3.8531e-11
1.1593e-11,2.4005e-11,3.0784e-11
2.3273e-11,9.8351e-11,9.9774e-11
1.5151e-11,2.264e-11,3.0242e-11
1.8566e-11,3.7859e-11,3.7523e-11
2.8315e-11,2.6826e-11,3.2577e-11
1.8641e-11,2.1953e-11,3.1294e-11
3.6022e-11,7.0148e-11,6.6378e-11
3.2032e-11,4.7985e-11,5.0405e-11
3.3502e-11,1.9821e-11,3.459e-11
1.0686e-10,1.3119e-10,4.4453e-11
7.4381e-11,5.6945e-11,2.9756e-11
1.0276e-10,1.2411e-10,5.1739e-11
1.1351e-10,1.3458e-10,4.7966e-11
8.4181e-11,9.4509e-11,4.4092e-11
1.7315e-10,1.9719e-10,1.2233e-10
4.7894e-11,3.732e-11,6.864e-11
6.4676e-11,4.4298e-11,3.972e-11
7.2766e-11,5.5886e-11,3.745e-11
4.4422e-11,1.9943e-11,4.137e-11
8.9625e-11,1.0431e-10,4.711e-11
7.3898e-11,6.1185e-11,3.5912e-11
8.1045e-11,6.0913e-11,4.9858e-11
1.5454e-10,8.6425e-11,6.5463e-11
8.1783e-11,5.2242e-11,4.9572e-11
8.9619e-11,7.1343e-11,4.6158e-11
9.7123e-11,7.1635e-11,6.0838e-11
1.6062e-10,7.3063e-11,1.0634e-10
9.6765e-11,5.6915e-11,6.8741e-11
1.7429e-10,6.7323e-11,1.3517e-10
1.4053e-10,5.5103e-11,9.6501e-11
1.343e-10,4.6552e-11,9.7977e-11
1.0482e-10,4.7686e-11,1.0395e-10
1.3732e-10,3.9856e-11,1.1969e-10
1.182e-11,2.6208e-11,3.0725e-11
2.1341e-11,3.0776e-11,3.3278e-11
1.6611e-11,5.7106e-11,5.8212e-11
1.8872e-11,2.4494e-11,3.2347e-11
1.5423e-11,3.6978e-11,4.3704e-11
1.5733e-11,4.3165e-11,4.1832e-11
1.8285e-11,2.392e-11,3.4352e-11
3.4696e-11,2.3283e-11,3.3475e-11
2.0229e-11,2.2136e-11,3.3388e-11
2.6759e-11,4.3588e-11,4.1541e-11
1.6978e-10,1.6402e-10,4.5311e-11
2.8981e-11,2.3286e-11,3.104e-11
2.8909e-11,2.1998e-11,2.985e-11
2.4299e-10,2.2548e-10,2.1099e-11
2.5784e-11,2.587e-11,3.32e-11
9.0746e-11,9.224e-11,5.5493e-11
2.8973e-10,2.5268e-10,4.4568e-11
5.2738e-11,8.9332e-11,9.7261e-11
4.229e-11,3.2602e-11,3.3241e-11
5.4638e-11,8.0862e-11,9.0297e-11
6.5869e-11,5.7793e-11,4.0367e-11
5.2033e-11,7.8591e-11,8.2768e-11
8.6848e-11,9.2058e-11,4.5333e-11
5.7492e-11,4.4521e-11,4.2271e-11
9.7939e-11,1.1715e-10,4.8445e-11
5.1637e-11,3.534e-11,3.6433e-11
1.0871e-10,1.3531e-10,4.4421e-11
1.0399e-10,1.4378e-10,5.0942e-11
6.3495e-11,5.0123e-11,4.6684e-11
1.6707e-10,2.1939e-10,9.8348e-11
1.7939e-10,2.5918e-10,1.2875e-10
1.024e-10,1.1735e-10,4.9886e-11
4.972e-11,2.9025e-11,4.0076e-11
4.6158e-11,2.8347e-11,4.1696e-11
2.121e-10,2.2247e-10,1.4915e-10
8.2897e-11,6.0468e-11,3.69e-11
1.0876e-10,6.3011e-11,7.3127e-11
1.711e-10,7.0673e-11,1.2286e-10
9.7899e-11,4.4369e-11,9.0978e-11
1.2546e-10,3.788e-11,1.2588e-10
1.578e-11,3.4102e-11,3.9576e-11
1.2465e-11,2.8289e-11,2.9041e-11
2.0048e-11,2.8393e-11,3.3468e-11
3.9201e-11,7.6962e-11,7.5655e-11
3.1656e-11,3.3394e-11,3.4215e-11
2.0486e-11,4.7913e-11,4.8826e-11
2.2854e-11,2.3838e-11,3.6033e-11
4.8617e-11,9.7091e-11,1.0438e-10
2.4599e-10,2.2346e-10,3.1675e-11
1.2234e-10,1.4696e-10,5.2226e-11
4.5397e-11,3.284e-11,3.3609e-11
6.5905e-11,5.9464e-11,3.6941e-11
2.9467e-11,1.7289e-11,3.2278e-11
1.1857e-10,1.5529e-10,3.9901e-11
9.8318e-11,1.2575e-10,4.1182e-11
1.2923e-10,1.8528e-10,9.404e-11
4.205e-11,2.1069e-11,3.768e-11
4.221e-11,2.5104e-11,4.9767e-11
4.8115e-11,2.8848e-11,5.51e-11
8.0195e-11,9.0112e-11,5.6486e-11
2.0247e-10,2.0167e-10,1.3525e-10
7.5142e-11,6.9904e-11,3.9353e-11
5.0865e-11,2.4242e-11,4.5493e-11
7.8476e-11,5.7765e-11,4.7529e-11
1.674e-10,9.1369e-11,7.8802e-11
6.3638e-11,3.7176e-11,7.7079e-11
1.2691e-10,4.5197e-11,9.4311e-11
9.6013e-12,4.5229e-11,5.0916e-11
1.4409e-11,2.5635e-11,2.8843e-11
1.1212e-11,2.9141e-11,3.0188e-11
9.6214e-12,4.588e-11,5.0353e-11
1.1968e-11,2.5873e-11,3.0012e-11
1.8e-11,8.1863e-11,8.4354e-11
1.5161e-11,2.4641e-11,3.3107e-11
1.6537e-10,1.4573e-10,4.7969e-11
1.1685e-10,1.2448e-10,4.645e-11
4.5917e-11,1.0226e-10,1.094e-10
4.3842e-11,7.2554e-11,7.9603e-11
8.8997e-11,8.3493e-11,2.892e-11
1.175e-10,1.4404e-10,5.4957e-11
3.9459e-11,3.2172e-11,3.0915e-11
4.7172e-11,3.9886e-11,3.3645e-11
5.2712e-11,4.8262e-11,3.0388e-11
5.756e-11,5.2759e-11,3.5399e-11
2.5547e-11,2.0856e-11,3.451e-11
3.8559e-11,2.514e-11,3.2283e-11
2.7029e-11,2.2593e-11,3.825e-11
9.6699e-11,1.1648e-10,5.0476e-11
3.0777e-11,2.2388e-11,3.8764e-11
1.128e-10,1.4415e-10,4.9031e-11
4.8817e-11,4.6638e-11,6.9406e-11
1.9727e-10,2.0865e-10,1.2466e-10
5.8367e-11,3.989e-11,7.6839e-11
5.2056e-11,2.9279e-11,6.6095e-11
6.2503e-11,2.2088e-11,5.33e-11
6.8342e-11,4.0707e-11,5.445e-11
2.0479e-10,6.3783e-11,1.1105e-10
7.1657e-11,3.1511e-11,7.6346e-11
7.8532e-11,3.46e-11,7.8162e-11
8.0262e-11,3.0303e-11,7.2097e-11
1.0085e-10,4.6874e-11,9.438e-11
1.1802e-10,3.2832e-11,1.0999e-10
1.781e-11,3.4266e-11,3.4165e-11
1.4453e-11,2.1991e-11,3.1318e-11
2.688e-11,6.0765e-11,6.0101e-11
3.4468e-11,1.0458e-10,1.0992e-10
2.739e-11,4.0043e-11,4.0023e-11
7.5784e-11,6.7703e-11,3.78e-11
1.0754e-10,1.3111e-10,6.8025e-11
1.1646e-10,1.5456e-10,3.9833e-11
6.919e-11,6.4102e-11,3.9425e-11
6.9013e-11,7.2514e-11,5.2626e-11
8.8118e-11,1.0672e-10,5.3809e-11
1.3657e-10,2.2605e-10,8.1457e-11
5.7318e-11,3.9939e-11,3.7914e-11
9.1746e-11,1.0366e-10,5.6097e-11
1.9126e-10,2.7974e-10,1.1164e-10
5.5444e-11,3.8274e-11,3.9021e-11
6.7086e-11,6.5519e-11,4.4158e-11
4.1917e-11,2.5872e-11,4.1872e-11
1.5164e-10,1.7689e-10,9.1128e-11
3.8664e-11,1.698e-11,3.5421e-11
1.1719e-10,1.1483e-10,9.039e-11
7.7841e-11,7.0897e-11,3.7372e-11
1.0616e-10,7.6838e-11,5.4e-11
1.3289e-10,9.2245e-11,6.5277e-11
7.0867e-11,5.6262e-11,4.2804e-11
3.0773e-10,9.3646e-11,1.711e-10
7.0005e-11,4.0259e-11,6.3342e-11
1.4463e-10,6.3439e-11,1.1868e-10
8.804e-11,4.4892e-11,8.8072e-11
2.0172e-11,2.4641e-11,2.9948e-11
2.3362e-11,6.2574e-11,6.291e-11
1.2961e-11,3.0717e-11,2.9197e-11
1.8203e-11,2.1489e-11,3.3633e-11
1.3506e-11,4.152e-11,4.7124e-11
3.3324e-11,7.0522e-11,7.0607e-11
4.2397e-11,1.0389e-10,1.1232e-10
2.694e-11,5.427e-11,5.5836e-11
2.2733e-11,3.2106e-11,2.9214e-11
2.3543e-11,2.8909e-11,3.1593e-11
2.6701e-11,3.6294e-11,3.7816e-11
8.8136e-11,8.4989e-11,3.4001e-11
2.7945e-11,4.5646e-11,4.564e-11
3.0747e-11,2.5397e-11,2.8732e-11
2.5902e-11,2.1558e-11,3.1286e-11
7.9981e-11,7.4417e-11,3.2931e-11
3.1073e-11,2.1484e-11,3.0207e-11
3.4681e-11,4.668e-11,4.9991e-11
3.1344e-11,4.0294e-11,4.5221e-11
6.2961e-11,5.9111e-11,3.5685e-11
9.2746e-11,1.0863e-10,5.0688e-11
1.0192e-10,1.4248e-10,4.1712e-11
1.1095e-10,1.2779e-10,4.1336e-11
5.3736e-11,3.1177e-11,4.3299e-11
6.5795e-11,5.7574e-11,9.108e-11
5.2703e-11,4.1922e-11,6.9785e-11
5.3941e-11,3.5787e-11,7.1876e-11
7.0018e-11,5.8942e-11,3.7941e-11
5.5503e-11,3.1429e-11,5.7625e-11
6.8617e-11,5.389e-11,4.1713e-11
3.0024e-10,1.3737e-10,2.0573e-10
7.3569e-11,3.4592e-11,7.1342e-11
2.2736e-10,7.0809e-11,1.2137e-10
1.1116e-10,3.5471e-11,1.0056e-10
1.116e-11,2.5922e-11,2.892e-11
1.0235e-11,2.7816e-11,2.9212e-11
1.3264e-11,3.7206e-11,3.8483e-11
1.3354e-10,1.0886e-10,4.0866e-11
1.6391e-11,2.6423e-11,2.8262e-11
1.2752e-10,1.0631e-10,4.5173e-11
3.724e-11,9.4542e-11,1.0517e-10
1.4797e-10,1.2092e-10,5.2821e-11
1.6326e-10,1.5365e-10,3.4832e-11
2.8768e-11,2.3987e-11,3.1534e-11
1.0791e-10,1.4012e-10,4.6387e-11
5.6639e-11,5.4038e-11,3.1477e-11
5.9934e-11,7.4541e-11,8.5023e-11
1.4747e-10,2.3845e-10,1.1106e-10
5.5839e-11,4.2455e-11,3.9948e-11
6.4141e-11,6.6503e-11,8.5478e-11
6.5923e-11,6.8635e-11,9.3123e-11
3.5256e-11,1.4959e-11,3.3572e-11
3.6588e-11,2.2348e-11,4.439e-11
5.6471e-11,3.9852e-11,4.3994e-11
1.2512e-10,1.185e-10,9.2264e-11
1.644e-10,1.6832e-10,1.1192e-10
5.1236e-11,2.9246e-11,3.9527e-11
4.2626e-11,2.0167e-11,4.3612e-11
6.305e-11,4.2732e-11,7.9487e-11
6.1589e-11,3.2567e-11,5.1092e-11
7.2903e-11,4.7258e-11,8.2388e-11
6.6251e-11,5.0471e-11,4.8055e-11
7.7598e-11,5.8831e-11,3.529e-11
1.2479e-10,6.5846e-11,6.565e-11
6.9633e-11,4.2092e-11,8.2607e-11
7.1661e-11,3.2047e-11,7.5418e-11
6.933e-11,3.6003e-11,6.795e-11
8.1418e-11,3.4236e-11,7.5226e-11
1.5049e-11,2.6181e-11,3.1493e-11
1.0804e-11,2.1324e-11,3.2516e-11
1.4149e-11,2.3916e-11,3.1229e-11
3.2135e-11,6.9558e-11,7.2601e-11
1.4087e-11,2.395e-11,2.94e-11
2.1228e-11,2.058e-11,3.2769e-11
1.6576e-10,1.448e-10,4.2788e-11
7.3738e-11,7.3509e-11,2.5323e-11
7.0316e-11,6.8879e-11,3.8652e-11
1.7023e-10,2.0198e-10,3.7874e-11
4.824e-11,4.5959e-11,3.1488e-11
2.89e-11,1.5826e-11,3.1133e-11
3.2231e-11,2.1451e-11,3.4439e-11
3.6607e-11,3.3415e-11,5.2959e-11
4.0285e-11,1.9721e-11,3.8097e-11
5.2249e-11,4.0968e-11,7.0202e-11
8.7986e-11,8.847e-11,5.0613e-11
1.4505e-10,1.6092e-10,9.6233e-11
5.4549e-11,3.6155e-11,3.6031e-11
4.5013e-11,2.1887e-11,4.4721e-11
5.9884e-11,4.1138e-11,4.3118e-11
6.3968e-11,3.916e-11,4.5633e-11
6.1919e-11,2.7219e-11,5.0763e-11
5.6349e-11,2.0572e-11,5.1562e-11
6.2005e-11,3.0252e-11,6.5771e-11
5.8606e-11,2.2054e-11,5.4205e-11
1.6262e-11,2.4632e-11,2.8819e-11
2.2697e-11,4.8942e-11,5.1245e-11
2.0195e-11,2.5658e-11,3.1e-11
3.1065e-11,9.4355e-11,9.043e-11
2.162e-11,2.4679e-11,2.8757e-11
1.811e-11,2.8125e-11,3.2742e-11
1.4365e-11,2.6805e-11,2.7486e-11
2.3573e-11,1.9684e-11,3.7152e-11
1.6024e-10,1.2422e-10,4.9301e-11
2.2024e-11,2.1757e-11,2.7768e-11
1.9709e-11,3.1045e-11,2.9983e-11
2.2832e-11,2.569e-11,3.0509e-11
1.0619e-10,1.0154e-10,3.6551e-11
8.0947e-11,8.0759e-11,3.4048e-11
1.3849e-10,1.1616e-10,5.4574e-11
2.133e-11,2.4597e-11,2.9855e-11
2.8234e-11,1.7941e-11,3.2017e-11
1.6047e-10,1.829e-10,2.1998e-11
6.9491e-11,6.7718e-11,3.0523e-11
1.084e-10,1.3837e-10,4.3789e-11
3.0623e-11,3.9682e-11,4.3736e-11
4.4162e-11,4.1107e-11,2.9713e-11
2.7892e-11,3.4508e-11,3.957e-11
2.7577e-11,1.9658e-11,3.2251e-11
3.9565e-11,3.0903e-11,2.9015e-11
8.0297e-11,9.919e-11,5.8599e-11
1.065e-10,1.5758e-10,6.0559e-11
2.8734e-11,1.5243e-11,3.0373e-11
2.1909e-10,2.5597e-10,6.3774e-11
6.5286e-11,6.3156e-11,3.314e-11
3.0009e-11,2.3947e-11,3.2014e-11
5.7889e-11,7.5493e-11,8.5716e-11
3.7044e-11,2.5834e-11,3.1447e-11
6.4568e-11,7.4277e-11,9.2025e-11
3.7732e-11,2.2575e-11,3.3729e-11
3.5936e-11,1.8799e-11,3.5528e-11
6.6726e-11,5.5875e-11,2.9619e-11
6.1672e-11,5.0121e-11,4.7858e-11
6.1772e-11,4.621e-11,4.8866e-11
6.0966e-11,3.7885e-11,4.7492e-11
7.3658e-11,4.7747e-11,8.214e-11
7.2172e-11,4.5471e-11,8.4645e-11
7.0698e-11,4.1698e-11,5.4664e-11
1.007e-10,3.3087e-11,1.0413e-10
1.3944e-11,3.7191e-11,4.0834e-11
1.6793e-11,1.9778e-11,3.0822e-11
1.7263e-11,3.5376e-11,3.5541e-11
1.5382e-11,2.8006e-11,2.8171e-11
7.7576e-11,7.963e-11,2.9042e-11
2.1908e-11,1.9725e-11,3.1775e-11
3.0921e-11,2.6481e-11,3.2212e-11
3.2538e-11,3.3231e-11,3.2573e-11
1.4529e-10,1.4665e-10,3.4738e-11
3.3151e-11,2.8783e-11,3.0595e-11
2.3708e-10,2.5778e-10,5.5731e-11
6.0178e-11,5.5367e-11,4.3589e-11
3.4315e-11,1.6929e-11,3.2613e-11
8.4851e-11,1.0245e-10,4.4229e-11
5.7071e-11,5.3439e-11,3.1654e-11
3.1576e-11,1.6435e-11,3.3059e-11
3.6263e-11,2.6309e-11,3.1516e-11
9.0182e-11,9.9626e-11,4.2821e-11
4.018e-11,1.6154e-11,3.4342e-11
5.956e-11,5.0757e-11,4.6936e-11
4.6746e-11,3.1388e-11,5.4208e-11
2.4767e-10,1.9858e-10,2.5041e-10
4.417e-11,2.7119e-11,5.2881e-11
5.2998e-11,3.2398e-11,4.0738e-11
7.4379e-11,5.0464e-11,9.0007e-11
5.4179e-11,3.2189e-11,5.7197e-11
1.2371e-10,7.0719e-11,5.7801e-11
1.3737e-10,5.5909e-11,7.4455e-11
2.2248e-10,8.2249e-11,1.1925e-10
7.7372e-11,4.5338e-11,4.9207e-11
6.1542e-11,3.1136e-11,6.5691e-11
5.9045e-11,2.306e-11,5.5852e-11
6.3793e-11,2.9709e-11,5.7457e-11
7.3068e-11,2.5566e-11,6.819e-11
8.8364e-11,3.4226e-11,8.6436e-11
1.1217e-10,3.5135e-11,9.1553e-11
9.4253e-11,3.8283e-11,9.4982e-11
1.0318e-10,3.3783e-11,1.0363e-10
1.1881e-10,3.1278e-11,1.1123e-10
1.0436e-10,3.6666e-11,1.0638e-10
1.3016e-10,3.1505e-11,1.1649e-10
1.2842e-10,3.2096e-11,1.236e-10
1.434e-11,2.8612e-11,3.3719e-11
2.1571e-11,3.2977e-11,3.4594e-11
3.5196e-11,9.5096e-11,9.2946e-11
2.1296e-11,2.9325e-11,3.6362e-11
2.1936e-11,3.6903e-11,3.9422e-11
1.9244e-11,2.258e-11,2.9249e-11
1.7191e-11,2.8366e-11,2.8628e-11
1.0609e-10,9.843e-11,3.7819e-11
1.4826e-10,1.3956e-10,4.1792e-11
1.3969e-10,1.403e-10,4.2026e-11
2.7658e-11,4.595e-11,4.896e-11
3.0265e-11,1.9666e-11,3.2989e-11
8.1605e-11,7.9692e-11,4.2731e-11
6.0898e-11,8.4213e-11,9.8443e-11
7.7554e-11,7.6292e-11,3.9027e-11
3.2081e-11,3.098e-11,4.4513e-11
7.2975e-11,8.5003e-11,4.7283e-11
6.5081e-11,6.9527e-11,9.1846e-11
8.2614e-11,6.8686e-11,4.5528e-11
5.0149e-11,3.8236e-11,3.6829e-11
1.7348e-10,2.7867e-10,1.5087e-10
3.522e-11,1.8379e-11,3.1763e-11
4.1152e-11,2.1427e-11,4.071e-11
3.7665e-11,1.8816e-11,3.4976e-11
2.0734e-10,9.1684e-11,1.032e-10
2.9343e-10,1.6032e-10,1.9658e-10
1.0615e-10,4.3931e-11,6.4223e-11
5.6659e-11,3.148e-11,6.8399e-11
3.3306e-10,9.5413e-11,1.7161e-10
2.2262e-10,6.8338e-11,1.2726e-10
1.0957e-10,5.0264e-11,8.8692e-11
1.3376e-10,5.0689e-11,1.0584e-10
1.9555e-11,2.6536e-11,2.9615e-11
1.3329e-11,2.3246e-11,2.6628e-11
3.9747e-11,7.043e-11,7.0079e-11
1.7707e-11,2.5167e-11,2.8919e-11
2.3592e-11,2.2953e-11,3.0729e-11
1.6962e-11,2.93e-11,3.5015e-11
2.582e-11,3.5539e-11,3.5997e-11
1.5911e-11,1.6253e-11,2.7617e-11
7.0006e-11,7.0071e-11,3.5618e-11
2.0309e-11,1.8472e-11,3.0411e-11
9.2484e-11,7.8586e-11,4.8525e-11
3.656e-11,3.5756e-11,3.29e-11
1.1455e-10,1.358e-10,5.3364e-11
3.0953e-11,2.6978e-11,3.2526e-11
2.2886e-10,2.183e-10,4.6989e-11
3.1404e-11,3.8983e-11,4.4447e-11
2.6408e-11,1.8614e-11,2.9882e-11
3.9568e-11,3.6398e-11,2.9139e-11
2.3179e-10,2.6314e-10,4.6661e-11
5.7458e-11,5.5393e-11,2.7874e-11
2.3149e-10,2.9485e-10,8.049e-11
4.3035e-11,3.7316e-11,5.6315e-11
8.3182e-11,9.5616e-11,4.2972e-11
6.438e-11,6.8578e-11,8.7737e-11
3.5227e-11,2.8567e-11,4.7406e-11
3.5196e-11,1.8768e-11,3.649e-11
1.7768e-10,2.4116e-10,2.1082e-10
4.0964e-11,2.0586e-11,3.5049e-11
1.9103e-10,1.7544e-10,1.8275e-10
4.7742e-11,3.5394e-11,3.3289e-11
4.4782e-11,3.1129e-11,3.4524e-11
7.0172e-11,5.1339e-11,4.4489e-11
4.6223e-11,1.9821e-11,4.2431e-11
4.8552e-11,2.9066e-11,5.7111e-11
3.2452e-10,9.5388e-11,1.8825e-10
5.9303e-11,2.5693e-11,5.6834e-11
1.2141e-10,3.2097e-11,1.0512e-10
1.636e-10,4.1902e-11,1.2887e-10
9.4343e-11,3.6681e-11,9.666e-11
9.9898e-11,2.2568e-11,9.9161e-11
1.2136e-10,2.571e-11,1.1263e-10
1.4071e-11,3.8696e-11,4.8209e-11
1.4737e-11,2.8972e-11,3.4832e-11
3.2702e-11,5.8267e-11,6.1085e-11
1.6878e-11,2.4982e-11,3.054e-11
4.6404e-11,8.8242e-11,9.173e-11
3.1346e-11,6.3148e-11,6.8517e-11
3.6892e-11,6.8585e-11,7.3497e-11
2.0533e-11,3.5744e-11,3.8751e-11
7.0981e-11,7.2572e-11,3.6375e-11
5.2014e-11,7.954e-11,9.2251e-11
2.2743e-11,1.8031e-11,2.982e-11
2.3388e-10,2.1654e-10,5.7094e-11
3.5598e-11,1.8588e-11,3.0902e-11
1.2947e-10,1.8208e-10,5.2489e-11
7.6417e-11,1.1212e-10,5.8253e-11
3.3246e-11,3.3149e-11,4.3751e-11
2.0389e-10,2.6775e-10,9.4856e-11
3.8537e-11,2.2419e-11,3.6708e-11
4.9323e-11,4.4737e-11,3.3124e-11
4.749e-11,3.4911e-11,3.2911e-11
4.0784e-11,3.2764e-11,5.2887e-11
1.5965e-10,2.6276e-10,1.8069e-10
6.8607e-11,6.7387e-11,9.3934e-11
6.4711e-11,5.6861e-11,9.0029e-11
4.6853e-11,3.4244e-11,3.3375e-11
8.1051e-11,7.4009e-11,4.1419e-11
6.641e-11,5.1744e-11,8.7099e-11
4.3539e-11,1.8364e-11,4.1982e-11
4.6307e-11,1.9739e-11,4.4763e-11
7.6765e-11,4.3593e-11,5.6699e-11
6.451e-11,3.6908e-11,7.213e-11
6.2885e-11,2.4784e-11,5.9617e-11
8.8886e-11,3.3353e-11,7.8777e-11
1.5733e-10,5.8135e-11,1.4126e-10
1.1649e-10,3.0895e-11,1.0339e-10
1.0828e-10,2.698e-11,1.106e-10
1.0899e-10,2.715e-11,1.1205e-10
1.9683e-11,2.4613e-11,3.3395e-11
1.2669e-11,2.0212e-11,3.0717e-11
1.7557e-11,2.6131e-11,3.4161e-11
2.8515e-11,4.007e-11,4.3552e-11
2.6903e-11,3.6169e-11,3.6475e-11
1.6684e-11,2.8016e-11,2.6998e-11
1.4834e-10,1.1638e-10,3.9077e-11
7.6902e-11,8.0604e-11,2.859e-11
1.201e-10,9.8169e-11,4.9619e-11
5.2278e-11,9.604e-11,1.0313e-10
3.1491e-11,3.0205e-11,3.5133e-11
2.9505e-11,1.7657e-11,3.2778e-11
1.1058e-10,1.3554e-10,4.9115e-11
5.7709e-11,8.9215e-11,1.0729e-10
3.3603e-11,4.7158e-11,5.3807e-11
2.3154e-10,2.2553e-10,7.0852e-11
1.2255e-10,1.7493e-10,5.7332e-11
2.7706e-11,1.8684e-11,2.8449e-11
3.0309e-11,1.8632e-11,3.0214e-11
3.5384e-11,2.6508e-11,3.1035e-11
3.8739e-11,3.2552e-11,5.1212e-11
6.681e-11,6.3555e-11,8.7972e-11
4.9719e-11,4.0756e-11,4.2642e-11
3.9438e-11,2.2304e-11,4.0691e-11
5.3547e-11,3.6158e-11,6.7587e-11
4.0794e-11,1.9831e-11,3.6702e-11
1.1053e-10,4.7579e-11,6.4012e-11
7.5103e-11,4.8012e-11,8.1591e-11
2.9807e-10,9.4431e-11,1.6173e-10
6.5688e-11,3.406e-11,5.5306e-11
7.4152e-11,4.48e-11,8.1529e-11
6.7805e-11,3.2641e-11,7.3364e-11
7.3141e-11,3.5162e-11,7.8973e-11
7.438e-11,3.072e-11,7.4127e-11
1.6973e-10,5.7838e-11,1.5097e-10
1.0341e-10,2.0301e-11,1.067e-10
1.0524e-10,2.2859e-11,1.1344e-10
2.0853e-11,4.3025e-11,4.9876e-11
1.9729e-11,2.874e-11,2.8676e-11
2.4185e-11,3.112e-11,3.2336e-11
1.6641e-11,2.2826e-11,2.5139e-11
2.3873e-11,2.3359e-11,3.5913e-11
5.5637e-11,9.8787e-11,1.0758e-10
5.0836e-11,4.9669e-11,3.7196e-11
2.2886e-11,2.9701e-11,3.4115e-11
2.2122e-11,1.8603e-11,2.9449e-11
8.0833e-11,7.5838e-11,4.1274e-11
3.7029e-11,5.5416e-11,6.6335e-11
3.125e-11,5.0296e-11,5.6388e-11
8.5153e-11,1.024e-10,4.5367e-11
3.4881e-11,3.2053e-11,3.0867e-11
4.2524e-11,4.2867e-11,3.5194e-11
8.7151e-11,1.0907e-10,3.9519e-11
1.1421e-10,1.6687e-10,2.9776e-11
4.545e-11,5.5265e-11,6.7558e-11
3.0877e-11,2.0562e-11,3.0336e-11
3.4762e-11,2.4243e-11,3.1602e-11
4.7519e-11,4.5822e-11,2.8931e-11
6.6543e-11,6.2643e-11,3.5472e-11
5.0816e-11,4.6459e-11,6.4589e-11
4.1926e-11,3.3675e-11,2.8316e-11
6.9334e-11,5.7003e-11,4.6169e-11
4.7342e-11,3.2316e-11,6.0181e-11
4.4318e-11,2.1305e-11,3.9812e-11
7.4446e-11,5.401e-11,9.3332e-11
5.3726e-11,3.0766e-11,6.1565e-11
6.223e-11,3.1824e-11,4.739e-11
5.3981e-11,2.0171e-11,5.1278e-11
1.263e-10,4.7749e-11,9.6912e-11
7.6331e-11,3.3951e-11,6.3618e-11
6.7772e-11,2.6346e-11,6.595e-11
8.2097e-11,3.4848e-11,8.2899e-11
8.4135e-11,2.5084e-11,7.5908e-11
1.0494e-10,2.3762e-11,1.0785e-10
1.7239e-11,2.3482e-11,3.3095e-11
1.8889e-11,2.4232e-11,3.7934e-11
2.1725e-11,3.2567e-11,3.3057e-11
2.2919e-11,4.069e-11,4.4665e-11
1.2006e-10,9.7745e-11,4.0671e-11
4.8729e-11,4.7179e-11,4.1158e-11
1.0754e-10,9.2808e-11,3.9201e-11
4.8058e-11,4.9148e-11,4.0167e-11
5.7456e-11,8.8938e-11,1.041e-10
3.7701e-11,3.501e-11,3.3901e-11
4.4734e-11,4.8866e-11,6.0644e-11
5.5514e-11,6.2786e-11,3.3189e-11
1.1169e-10,1.688e-10,8.3731e-11
3.4737e-11,2.8331e-11,4.5986e-11
1.3108e-10,1.7131e-10,1.4064e-10
6.2942e-11,6.3792e-11,4.1185e-11
3.6755e-11,2.1113e-11,3.4623e-11
1.701e-10,1.1967e-10,1.4566e-10
4.5414e-11,2.7303e-11,4.7843e-11
4.4208e-11,2.2159e-11,3.6768e-11
4.5093e-11,1.9428e-11,3.9461e-11
4.3495e-11,1.7463e-11,4.035e-11
4.7576e-11,2.7921e-11,5.4548e-11
5.0358e-11,2.4975e-11,4.2943e-11
7.5662e-11,3.054e-11,5.5106e-11
1.9368e-10,6.1947e-11,1.0191e-10
5.3239e-11,2.362e-11,5.3288e-11
5.9899e-11,2.9157e-11,6.6895e-11
6.9594e-11,3.0746e-11,6.3954e-11
6.4265e-11,1.8125e-11,6.5323e-11
7.0935e-11,2.7026e-11,6.8321e-11
8.2144e-11,3.3097e-11,8.8071e-11
1.6904e-10,5.4893e-11,1.5347e-10
1.0447e-10,2.0019e-11,1.0629e-10
2.2933e-11,2.4104e-11,3.1599e-11
2.6979e-11,5.0126e-11,5.3218e-11
1.9502e-11,3.7124e-11,4.3861e-11
2.2142e-11,2.8446e-11,2.7841e-11
1.3019e-11,2.4899e-11,2.7189e-11
1.3989e-11,2.1504e-11,2.7159e-11
2.8424e-11,5.3661e-11,5.988e-11
1.3786e-11,2.6357e-11,2.6112e-11
1.5026e-11,2.2588e-11,2.5238e-11
7.2767e-11,8.7752e-11,3.0965e-11
8.9232e-11,1.067e-10,5.1893e-11
2.71e-11,1.8344e-11,2.9338e-11
6.2038e-11,7.3895e-11,3.2218e-11
2.9342e-11,2.0277e-11,2.9481e-11
1.7066e-10,1.96e-10,6.1498e-11
5.7355e-11,7.1409e-11,8.6503e-11
1.0996e-10,1.6462e-10,6.1036e-11
1.5535e-10,2.2934e-10,1.0546e-10
6.4575e-11,7.5348e-11,9.4048e-11
4.5394e-11,4.1993e-11,3.5223e-11
5.2108e-11,3.568e-11,3.4232e-11
5.8707e-11,4.2105e-11,3.4907e-11
1.6217e-10,9.6862e-11,9.0042e-11
6.0535e-11,4.1842e-11,7.1261e-11
4.5488e-11,2.5922e-11,5.223e-11
2.6544e-10,8.7875e-11,1.3258e-10
4.7461e-11,1.7518e-11,4.584e-11
5.7551e-11,3.2016e-11,4.8501e-11
3.1071e-10,8.4473e-11,1.6501e-10
1.1663e-10,3.2838e-11,8.3042e-11
5.8367e-11,1.9966e-11,5.5979e-11
7.1257e-11,3.0473e-11,7.294e-11
2.037e-11,3.3267e-11,3.8634e-11
1.7616e-11,2.3044e-11,2.8708e-11
1.7771e-11,2.3799e-11,2.6228e-11
1.2445e-11,2.3535e-11,2.7552e-11
1.6153e-11,1.8832e-11,3.0841e-11
2.0456e-11,2.6495e-11,2.7748e-11
5.4564e-11,7.3327e-11,3.9213e-11
3.8798e-11,4.2267e-11,3.0353e-11
2.6382e-11,2.7455e-11,3.1867e-11
5.2476e-11,9.2938e-11,1.0323e-10
9.4735e-11,1.0721e-10,4.4633e-11
4.0446e-11,4.5414e-11,3.0559e-11
7.6861e-11,9.0106e-11,3.4409e-11
5.5626e-11,5.9884e-11,3.8295e-11
3.062e-11,2.5564e-11,3.2214e-11
1.6872e-10,1.9195e-10,8.3945e-11
3.8265e-11,3.5563e-11,3.0607e-11
5.1711e-11,5.6569e-11,2.886e-11
6.5489e-11,9.8415e-11,5.6811e-11
1.7951e-10,2.3574e-10,5.9546e-11
4.453e-11,3.8733e-11,5.6382e-11
1.2654e-10,1.242e-10,7.9924e-11
9.1743e-11,6.5823e-11,3.7686e-11
1.2219e-10,1.6773e-10,9.3935e-11
3.5769e-11,2.7709e-11,4.6294e-11
5.6207e-11,5.2107e-11,4.0142e-11
1.8428e-10,2.1901e-10,1.726e-10
1.8799e-10,1.4679e-10,1.4756e-10
4.1744e-11,1.9772e-11,4.0658e-11
1.4687e-10,6.073e-11,7.9578e-11
6.3479e-11,3.7365e-11,7.0657e-11
9.2488e-11,2.5948e-11,6.4444e-11
6.7256e-11,3.1469e-11,4.8818e-11
1.5835e-10,4.9531e-11,9.1687e-11
2.8476e-10,8.1365e-11,1.461e-10
6.1397e-11,1.9462e-11,5.9373e-11
7.1775e-11,3.4476e-11,8.0118e-11
6.5304e-11,2.156e-11,6.6229e-11
6.8508e-11,1.8875e-11,6.3602e-11
7.3888e-11,3.595e-11,8.0443e-11
8.2928e-11,3.0113e-11,8.587e-11
1.5676e-10,4.2437e-11,1.4297e-10
1.0431e-10,1.7312e-11,1.0974e-10
1.7516e-11,2.0674e-11,2.784e-11
3.1354e-11,5.9935e-11,6.0629e-11
5.6272e-11,5.8274e-11,3.2546e-11
1.3293e-10,8.481e-11,4.1493e-11
3.016e-11,2.6803e-11,2.8277e-11
2.5606e-11,2.1869e-11,2.9377e-11
1.4479e-10,1.8767e-10,7.6515e-11
5.7751e-11,6.601e-11,8.0728e-11
3.2948e-11,2.2836e-11,3.0586e-11
1.2086e-10,1.8353e-10,1.3574e-10
3.3077e-11,1.8052e-11,3.2397e-11
5.8165e-11,6.3188e-11,3.8498e-11
5.4988e-11,5.9903e-11,4.3408e-11
6.5017e-11,5.7302e-11,9.0673e-11
4.6069e-11,3.7563e-11,2.8421e-11
5.8356e-11,4.5774e-11,3.1116e-11
5.4469e-11,4.1425e-11,7.3449e-11
3.7094e-11,2.4308e-11,3.2953e-11
4.5463e-11,2.2556e-11,4.2323e-11
4.5616e-11,2.0768e-11,4.465e-11
5.9171e-11,2.4059e-11,5.8416e-11
5.6137e-11,3.1872e-11,5.3206e-11
2.5612e-10,6.5745e-11,1.3835e-10
6.8636e-11,2.174e-11,6.8838e-11
1.1388e-10,2.3339e-11,1.1456e-10
1.0359e-10,1.9171e-11,1.1023e-10
2.8978e-11,2.2703e-11,4.062e-11
2.3201e-11,1.8638e-11,3.7166e-11
1.4224e-11,2.3165e-11,2.8976e-11
5.5841e-11,9.5032e-11,9.3457e-11
1.66e-11,2.2634e-11,2.6638e-11
1.3683e-11,2.37e-11,2.5798e-11
1.646e-11,2.767e-11,2.6458e-11
4.0758e-11,5.7433e-11,6.3933e-11
1.9174e-11,2.3162e-11,2.7154e-11
1.2189e-10,1.0421e-10,3.8284e-11
1.8462e-11,1.8652e-11,2.6716e-11
3.8846e-11,5.4722e-11,6.5849e-11
5.7847e-11,7.0744e-11,8.8243e-11
7.8174e-11,1.2021e-10,6.7516e-11
4.4966e-11,4.6287e-11,3.2675e-11
4.1991e-11,4.0621e-11,5.8065e-11
5.9867e-11,9.8512e-11,5.1593e-11
3.2941e-11,2.3832e-11,3.0285e-11
1.4414e-10,2.3011e-10,6.04e-11
3.5751e-11,2.0963e-11,3.634e-11
2.4958e-10,1.2635e-10,1.2686e-10
2.1587e-10,8.2865e-11,1.3395e-10
1.4316e-10,4.7227e-11,7.9314e-11
4.9486e-11,2.1774e-11,5.0229e-11
1.4426e-10,4.917e-11,1.0094e-10
5.4741e-11,1.9997e-11,5.7091e-11
2.1731e-10,7.0883e-11,1.2841e-10
8.693e-11,2.5209e-11,8.571e-11
8.4398e-11,2.6755e-11,8.6388e-11
1.0414e-10,3.0234e-11,1.0561e-10
1.0186e-10,1.8344e-11,1.0126e-10
2.353e-11,2.3959e-11,2.489e-11
3.1492e-11,4.9246e-11,4.9492e-11
3.2367e-11,5.508e-11,5.2065e-11
2.0891e-11,2.8491e-11,2.9937e-11
2.4535e-11,2.3849e-11,2.8575e-11
1.5097e-11,2.226e-11,3.0616e-11
2.0859e-11,2.3126e-11,2.7215e-11
2.3651e-11,3.1696e-11,3.1315e-11
1.7309e-11,1.8226e-11,2.9629e-11
2.9516e-11,3.4946e-11,4.3802e-11
2.6904e-11,2.5871e-11,2.6916e-11
2.5852e-11,3.2166e-11,3.9578e-11
3.5673e-11,3.7727e-11,2.9831e-11
6.1838e-11,8.4906e-11,9.9651e-11
5.6667e-11,6.8929e-11,8.5834e-11
3.141e-11,3.1835e-11,4.3625e-11
7.1696e-11,1.0641e-10,6.1606e-11
3.1247e-11,1.935e-11,3.1982e-11
3.9908e-11,3.6459e-11,3.0615e-11
5.9002e-11,9.5806e-11,5.0035e-11
3.0479e-11,2.3431e-11,2.9648e-11
3.2148e-11,1.8284e-11,3.2174e-11
3.4252e-11,2.3118e-11,4.0342e-11
6.2786e-11,6.245e-11,3.5814e-11
1.4036e-10,2.2664e-10,1.461e-10
4.0179e-11,2.9884e-11,4.7167e-11
1.8469e-10,2.1384e-10,1.7847e-10
3.4209e-11,1.9009e-11,3.4528e-11
4.8738e-11,3.0401e-11,5.6753e-11
1.8702e-10,7.3134e-11,1.089e-10
5.2469e-11,2.7916e-11,5.2449e-11
2.1271e-10,6.0398e-11,1.2317e-10
7.0259e-11,3.2677e-11,7.228e-11
7.6389e-11,3.4569e-11,8.0546e-11
6.7326e-11,2.3532e-11,6.96e-11
7.7511e-11,1.9494e-11,8.395e-11
2.2522e-11,3.0311e-11,3.3649e-11
2.4144e-11,3.9426e-11,4.28e-11
2.034e-11,1.9847e-11,2.5386e-11
1.8937e-11,2.1701e-11,3.3702e-11
1.7969e-11,2.7265e-11,3.5972e-11
2.2342e-11,2.4564e-11,3.53e-11
4.3205e-11,3.0553e-11,3.3931e-11
4.8012e-11,4.0956e-11,4.3619e-11
1.0321e-10,9.6365e-11,2.7599e-11
3.7687e-11,4.0218e-11,3.2169e-11
1.1608e-10,8.8759e-11,5.3361e-11
2.5308e-11,2.2602e-11,2.7055e-11
3.7273e-11,3.761e-11,3.4724e-11
1.0098e-10,1.0821e-10,4.0587e-11
1.9614e-11,1.8996e-11,3.0064e-11
3.6492e-11,3.8786e-11,3.5861e-11
3.4368e-11,3.8653e-11,4.9749e-11
2.6542e-11,2.4686e-11,3.3157e-11
6.169e-11,5.9643e-11,8.3439e-11
4.7825e-11,4.8769e-11,3.7032e-11
6.2215e-11,4.8513e-11,8.4642e-11
1.6885e-10,8.0054e-11,9.3294e-11
3.3024e-10,1.8142e-10,2.044e-10
4.1415e-11,2.0262e-11,3.9583e-11
1.8021e-10,7.2363e-11,1.0472e-10
7.3843e-11,4.8436e-11,8.3595e-11
5.9636e-11,3.4045e-11,6.77e-11
7.36e-11,2.8296e-11,7.9025e-11
7.158e-11,2.194e-11,7.6248e-11
7.7575e-11,1.5959e-11,7.998e-11
7.9252e-11,2.0363e-11,7.5088e-11
8.2786e-11,3.8003e-11,8.7638e-11
8.1631e-11,3.0157e-11,8.7692e-11
1.0427e-10,2.9795e-11,1.0309e-10
1.1198e-11,1.827e-11,2.458e-11
2.3229e-11,3.3496e-11,5.2152e-11
2.5181e-11,3.2761e-11,3.668e-11
4.3513e-11,7.1732e-11,6.8004e-11
2.1276e-11,3.0353e-11,3.9063e-11
1.675e-11,1.719e-11,2.8621e-11
3.7267e-11,4.0433e-11,3.2277e-11
9.1921e-11,8.6475e-11,3.0109e-11
2.9042e-11,2.9172e-11,3.0626e-11
2.8264e-11,1.9249e-11,3.1182e-11
5.9049e-11,6.5028e-11,3.8267e-11
2.6038e-11,3.0117e-11,3.2402e-11
4.2363e-11,4.4797e-11,3.0169e-11
3.4091e-11,2.9713e-11,3.1157e-11
2.9017e-11,2.4366e-11,2.8837e-11
6.8359e-11,1.1105e-10,7.1331e-11
4.0581e-11,4.0601e-11,2.8729e-11
1.3035e-10,2.1783e-10,9.0654e-11
3.4051e-11,2.4516e-11,3.094e-11
4.4297e-11,1.8495e-11,4.4094e-11
4.7194e-11,1.8639e-11,4.5379e-11
5.179e-11,2.1161e-11,5.0516e-11
6.2075e-11,2.8033e-11,6.3622e-11
6.6665e-11,2.3472e-11,6.3763e-11
1.806e-10,6.8345e-11,1.402e-10
1.5577e-10,4.5277e-11,1.3792e-10
1.1876e-10,2.9048e-11,1.1881e-10
1.0975e-10,1.8705e-11,1.0605e-10
1.1183e-10,2.0523e-11,1.0855e-10
1.1216e-10,1.7916e-11,1.2501e-10
1.674e-11,2.0989e-11,2.9845e-11
1.3196e-10,9.7183e-11,4.8777e-11
2.2637e-11,2.5231e-11,2.4858e-11
2.1046e-11,2.0819e-11,3.2605e-11
4.6063e-11,5.5962e-11,6.6251e-11
5.1787e-11,5.8233e-11,3.5696e-11
6.0125e-11,8.1544e-11,9.3254e-11
3.0592e-11,3.564e-11,4.2347e-11
3.2243e-11,3.246e-11,4.2975e-11
8.0178e-11,9.2943e-11,6.653e-11
3.5968e-11,3.1735e-11,4.7737e-11
6.3894e-11,6.248e-11,8.9519e-11
3.3177e-11,1.9783e-11,3.2661e-11
1.3421e-10,1.5958e-10,1.5264e-10
3.8203e-11,2.2728e-11,3.945e-11
3.5359e-11,2.1292e-11,3.8614e-11
3.2073e-11,1.6749e-11,3.0275e-11
5.79e-11,3.8372e-11,7.4839e-11
1.7249e-10,7.7498e-11,9.4421e-11
9.0378e-11,4.2004e-11,6.3667e-11
6.4544e-11,4.3648e-11,7.926e-11
4.7168e-11,1.9978e-11,4.5338e-11
7.2129e-11,3.4912e-11,7.9275e-11
8.8481e-11,2.6251e-11,8.9092e-11
1.2502e-10,3.0864e-11,1.071e-10
6.6238e-11,1.8713e-11,7.0076e-11
2.336e-11,2.0099e-11,2.4688e-11
1.3489e-11,2.1845e-11,3.4321e-11
3.2215e-11,2.5591e-11,3.2684e-11
3.1983e-11,4.4365e-11,3.6297e-11
3.863e-11,5.7872e-11,6.2866e-11
3.6011e-11,4.1581e-11,3.1712e-11
1.8004e-11,1.9081e-11,2.8819e-11
5.2929e-11,6.028e-11,3.4907e-11
3.8228e-11,3.0645e-11,3.371e-11
4.9972e-11,5.5933e-11,3.7024e-11
2.5058e-11,3.267e-11,3.6014e-11
2.2957e-11,2.1439e-11,2.8592e-11
2.7705e-11,3.1746e-11,3.762e-11
2.9832e-11,3.4875e-11,4.0985e-11
5.1726e-11,7.147e-11,3.4278e-11
5.1688e-11,9.7469e-11,4.9583e-11
1.4032e-10,1.1249e-10,7.8762e-11
3.5814e-11,2.2275e-11,3.7965e-11
3.087e-11,2.0442e-11,2.9017e-11
3.3029e-11,1.3234e-11,3.1619e-11
5.1247e-11,3.6312e-11,6.0281e-11
4.7718e-11,2.9364e-11,5.1969e-11
3.518e-10,1.2879e-10,2.2133e-10
6.5891e-11,4.2377e-11,7.9455e-11
4.2963e-11,1.8128e-11,4.2439e-11
1.7609e-10,6.0021e-11,1.2745e-10
7.0935e-11,1.6325e-11,7.0578e-11
7.7485e-11,2.6857e-11,8.5567e-11
2.9308e-11,2.3889e-11,3.6596e-11
1.8679e-11,3.3851e-11,3.5516e-11
4.2222e-11,5.9872e-11,4.0168e-11
2.8579e-11,3.3738e-11,3.2051e-11
1.1289e-10,9.1848e-11,5.1064e-11
2.1288e-11,2.6758e-11,2.9213e-11
2.1313e-11,2.516e-11,2.5911e-11
3.8385e-11,4.5563e-11,5.4011e-11
3.3245e-11,2.4885e-11,3.6264e-11
6.1919e-11,6.2793e-11,4.6778e-11
3.2209e-11,2.5611e-11,3.3362e-11
4.6754e-11,3.7517e-11,6.1137e-11
3.5188e-11,2.647e-11,4.9068e-11
3.6188e-11,2.9002e-11,3.1109e-11
1.1034e-10,7.9228e-11,9.6061e-11
4.3384e-11,4.8036e-11,3.1484e-11
1.0979e-10,8.4477e-11,5.5412e-11
3.2116e-11,2.1655e-11,3.2364e-11
3.9234e-11,2.7452e-11,4.7667e-11
3.0872e-11,1.3433e-11,3.1333e-11
7.291e-11,3.2612e-11,6.1119e-11
1.2777e-10,4.9743e-11,8.4757e-11
7.8603e-11,3.7673e-11,7.7091e-11
6.5673e-11,3.8616e-11,7.7403e-11
5.8479e-11,2.4636e-11,6.5506e-11
5.6438e-11,1.6011e-11,5.9413e-11
6.9331e-11,2.2737e-11,7.4273e-11
9.821e-11,1.2711e-11,9.7957e-11
1.0724e-10,9.1285e-12,1.0978e-10
2.6111e-11,4.6025e-11,4.2708e-11
1.3478e-11,2.0616e-11,2.2254e-11
3.0553e-11,4.5996e-11,5.0329e-11
5.0348e-11,7.0577e-11,6.2759e-11
4.4685e-11,6.0661e-11,3.4562e-11
1.3654e-11,2.0435e-11,2.4132e-11
1.7273e-11,1.5395e-11,2.975e-11
2.3609e-11,2.284e-11,2.8497e-11
4.6336e-11,6.1349e-11,6.8707e-11
5.094e-11,6.0374e-11,3.3982e-11
4.9715e-11,5.7531e-11,3.3185e-11
4.6122e-11,5.9253e-11,6.8561e-11
2.23e-11,1.8964e-11,3.2265e-11
2.2844e-11,1.5438e-11,2.7067e-11
3.0226e-11,3.3208e-11,4.1285e-11
2.6659e-11,2.9179e-11,3.6121e-11
4.2078e-11,4.1521e-11,5.4392e-11
4.3104e-11,4.3865e-11,2.4369e-11
5.3869e-11,6.2466e-11,3.0236e-11
3.3235e-11,2.936e-11,3.0527e-11
4.1303e-11,4.5682e-11,3.069e-11
1.0035e-10,6.1887e-11,6.8948e-11
1.3855e-10,1.909e-10,1.5693e-10
3.2837e-11,2.398e-11,2.9642e-11
2.0137e-10,2.0143e-10,1.7602e-10
3.0341e-10,1.5155e-10,2.1323e-10
1.7311e-10,6.7892e-11,9.8721e-11
3.7793e-11,1.5197e-11,4.0494e-11
4.1468e-11,1.9208e-11,3.8854e-11
5.5633e-11,2.2859e-11,5.3734e-11
3.1238e-10,1.2668e-10,1.9868e-10
4.9018e-11,2.1521e-11,4.8442e-11
5.8258e-11,2.2597e-11,6.0009e-11
1.0121e-10,3.9117e-11,9.4937e-11
7.0719e-11,3.8848e-11,8.2316e-11
7.4137e-11,1.5194e-11,8.2383e-11
7.9987e-11,3.4471e-11,8.349e-11
8.0607e-11,2.4509e-11,8.5534e-11
1.165e-10,2.615e-11,1.2889e-10
1.1024e-10,1.4895e-11,1.2424e-10
2.7391e-11,2.9792e-11,2.5589e-11
2.092e-11,2.1687e-11,2.9835e-11
1.8312e-11,2.0618e-11,2.9237e-11
2.339e-11,2.488e-11,2.7495e-11
5.124e-11,7.7057e-11,6.6648e-11
1.6295e-11,2.3097e-11,2.7311e-11
2.041e-11,1.895e-11,3.3404e-11
2.6482e-11,2.1729e-11,3.1383e-11
1.2394e-10,1.1406e-10,4.7279e-11
2.4022e-11,2.3024e-11,3.1975e-11
2.3199e-11,1.9787e-11,2.9871e-11
3.4587e-11,3.4937e-11,3.6542e-11
4.2208e-11,5.0178e-11,2.3837e-11
3.1572e-11,3.191e-11,4.2814e-11
6.5025e-11,6.7642e-11,8.9614e-11
2.972e-11,2.4308e-11,3.7715e-11
3.285e-11,2.9968e-11,3.2199e-11
3.3053e-11,2.5856e-11,4.119e-11
6.2769e-11,5.4829e-11,8.942e-11
3.049e-11,1.4228e-11,3.1843e-11
1.0294e-10,4.3078e-11,7.3663e-11
3.9306e-11,2.2337e-11,4.451e-11
3.1684e-11,1.2948e-11,3.0656e-11
5.7072e-11,4.3281e-11,7.7434e-11
3.6146e-11,2.1923e-11,3.3538e-11
6.2177e-11,2.4701e-11,5.2272e-11
4.5521e-11,2.0932e-11,4.7431e-11
4.4058e-11,1.4816e-11,4.4684e-11
7.0776e-11,3.3585e-11,7.6891e-11
5.7582e-11,2.5967e-11,5.8114e-11
5.9012e-11,2.113e-11,6.4387e-11
6.1453e-11,1.234e-11,6.0495e-11
1.49e-10,5.751e-11,1.4103e-10
9.3957e-11,2.715e-11,9.6899e-11
9.0719e-11,2.5452e-11,9.8121e-11
1.1009e-10,1.9795e-11,1.2818e-10
2.128e-11,2.1979e-11,3.1616e-11
2.3364e-11,2.5683e-11,3.5718e-11
1.7396e-11,2.4518e-11,2.7137e-11
2.1051e-11,2.3226e-11,2.6889e-11
1.8606e-11,2.2385e-11,3.7952e-11
5.944e-11,8.9324e-11,8.4258e-11
1.5158e-11,2.0283e-11,2.4148e-11
2.7843e-11,4.6812e-11,4.0705e-11
1.3409e-10,1.1533e-10,3.846e-11
2.3388e-11,2.1217e-11,3.0334e-11
2.3513e-11,1.8633e-11,3.201e-11
8.7581e-11,1.4689e-10,4.2084e-11
3.3237e-11,3.5129e-11,3.6666e-11
3.5776e-11,3.0773e-11,3.0073e-11
8.356e-11,1.4745e-10,5.7846e-11
6.0734e-11,5.9124e-11,8.3365e-11
3.2579e-11,2.7522e-11,3.5879e-11
6.2626e-11,5.3929e-11,5.2581e-11
8.2742e-11,7.9575e-11,7.0573e-11
3.8529e-11,3.4457e-11,3.0605e-11
9.7823e-11,7.2371e-11,8.5088e-11
1.333e-10,1.0164e-10,8.2532e-11
1.0435e-10,5.2458e-11,7.2307e-11
4.3278e-11,3.4479e-11,5.8351e-11
3.1004e-11,1.631e-11,2.9169e-11
1.8706e-10,8.9817e-11,1.2718e-10
3.3012e-11,1.5734e-11,3.2899e-11
3.6387e-11,2.2926e-11,3.4677e-11
1.9085e-10,7.3916e-11,1.0799e-10
5.8397e-11,3.8732e-11,6.9262e-11
5.2912e-11,1.4372e-11,5.6044e-11
1.4042e-10,5.4901e-11,1.2742e-10
7.5411e-11,1.7491e-11,8.5249e-11
1.2154e-10,3.7092e-11,1.2226e-10
7.2288e-11,1.2212e-11,7.5206e-11
1.0967e-10,2.5856e-11,1.1504e-10
9.7406e-11,1.7103e-11,1.1537e-10
9.9408e-11,1.6621e-11,1.1718e-10
1.0604e-10,1.5857e-11,1.2464e-10
2.533e-11,4.0399e-11,3.5191e-11
2.0065e-11,2.4557e-11,2.4163e-11
2.3741e-11,1.7763e-11,3.0044e-11
1.6497e-11,2.6008e-11,2.722e-11
2.5121e-11,2.3625e-11,2.7632e-11
4.1588e-11,4.5761e-11,2.8732e-11
2.5586e-11,4.1084e-11,4.0381e-11
2.1858e-11,2.9711e-11,3.5854e-11
4.9875e-11,6.4592e-11,3.2012e-11
6.5165e-11,9.3415e-11,9.6907e-11
3.0313e-11,5.1399e-11,4.5846e-11
4.4797e-11,5.3001e-11,3.0367e-11
9.4675e-11,1.5025e-10,3.6691e-11
2.707e-11,2.9035e-11,3.6326e-11
3.8035e-11,3.499e-11,3.0686e-11
7.2419e-11,1.4137e-10,5.2969e-11
3.5882e-11,3.9758e-11,3.2156e-11
3.2527e-11,2.6259e-11,2.8736e-11
4.1182e-11,5.2288e-11,3.2296e-11
8.967e-11,1.3624e-10,7.5985e-11
3.5369e-11,3.7672e-11,3.2363e-11
4.4911e-11,3.502e-11,5.5786e-11
7.9778e-11,6.3752e-11,4.8692e-11
8.099e-11,5.8924e-11,5.1051e-11
3.9837e-11,2.3939e-11,4.0657e-11
8.3462e-11,7.4401e-11,7.4731e-11
3.1724e-11,1.5677e-11,3.0804e-11
6.7257e-11,5.0598e-11,8.9508e-11
3.4473e-11,2.1467e-11,3.2507e-11
3.8362e-11,1.6644e-11,3.4721e-11
4.8613e-11,2.3787e-11,5.0553e-11
5.398e-11,1.7977e-11,5.6717e-11
6.4263e-11,3.5313e-11,7.6124e-11
5.1817e-11,2.294e-11,5.0441e-11
7.3359e-11,1.9482e-11,7.6304e-11
5.0421e-11,1.4245e-11,5.5117e-11
5.9822e-11,1.5468e-11,5.9613e-11
6.6476e-11,2.4915e-11,6.88e-11
6.7288e-11,1.1307e-11,6.5292e-11
8.9606e-11,2.151e-11,9.2908e-11
9.75e-11,1.4508e-11,9.4333e-11
9.9714e-11,9.8471e-12,1.0668e-10
2.3527e-11,2.5007e-11,2.5883e-11
1.6613e-11,2.1093e-11,3.0656e-11
5.2614e-11,8.252e-11,7.5859e-11
2.895e-11,3.3045e-11,3.9869e-11
2.3131e-11,2.0792e-11,3.1694e-11
2.5051e-11,3.1009e-11,3.5821e-11
2.6564e-11,4.1155e-11,4.1258e-11
2.3315e-11,2.9884e-11,3.5274e-11
5.9276e-11,5.9969e-11,4.7048e-11
3.5648e-11,4.7539e-11,2.9509e-11
1.2184e-10,1.101e-10,3.3601e-11
1.9132e-11,1.5601e-11,2.3829e-11
2.5329e-11,2.044e-11,3.7818e-11
5.6659e-11,5.8346e-11,3.3538e-11
4.0004e-11,4.9437e-11,2.9124e-11
3.5733e-11,3.7067e-11,2.6891e-11
4.3357e-11,3.8099e-11,5.9346e-11
4.7205e-11,4.3979e-11,6.2966e-11
2.8807e-11,2.1092e-11,3.4565e-11
6.0558e-11,5.828e-11,6.8859e-11
3.1792e-11,2.4423e-11,4.0554e-11
5.9651e-11,5.159e-11,8.2045e-11
3.5886e-11,2.5257e-11,4.5338e-11
1.5116e-10,5.5013e-11,1.0152e-10
8.5282e-11,4.1163e-11,6.0701e-11
2.7626e-10,1.344e-10,1.6775e-10
3.4403e-11,2.0625e-11,3.373e-11
3.5985e-11,2.0923e-11,3.5943e-11
6.0063e-11,4.4911e-11,8.0457e-11
4.4711e-11,2.4613e-11,4.6367e-11
4.9233e-11,2.0378e-11,4.9749e-11
4.3669e-11,2.0944e-11,4.6186e-11
2.5848e-10,7.4385e-11,1.571e-10
1.8617e-10,4.7657e-11,1.1333e-10
5.0443e-11,2.3994e-11,5.177e-11
6.133e-11,3.3586e-11,7.4098e-11
5.5813e-11,2.1242e-11,5.5631e-11
5.6991e-11,1.5024e-11,5.7276e-11
7.9292e-11,3.8447e-11,8.483e-11
1.1637e-10,3.4493e-11,1.2295e-10
8.1521e-11,1.8283e-11,9.5962e-11
1.3369e-11,3.0949e-11,3.1472e-11
1.7824e-11,3.206e-11,3.137e-11
2.7052e-11,2.7666e-11,3.5452e-11
2.6238e-11,2.4708e-11,3.0129e-11
2.1534e-11,2.3453e-11,2.9156e-11
1.8813e-11,1.6261e-11,2.3725e-11
2.3872e-11,1.9469e-11,2.8472e-11
2.1845e-11,1.8851e-11,2.5994e-11
2.1479e-11,1.8921e-11,2.4846e-11
2.9705e-11,2.4215e-11,3.6485e-11
2.8342e-11,3.2341e-11,3.6911e-11
8.6663e-11,1.3631e-10,6.4464e-11
2.9035e-11,2.2545e-11,2.6175e-11
5.3575e-11,5.6504e-11,7.1664e-11
9.9199e-11,1.3509e-10,1.1082e-10
6.4212e-11,5.2516e-11,5.072e-11
3.5472e-11,2.8675e-11,4.6891e-11
5.935e-11,5.175e-11,4.9975e-11
4.3481e-11,3.8112e-11,5.9758e-11
7.0544e-11,3.3487e-11,5.0231e-11
2.1899e-10,1.3607e-10,1.2766e-10
1.401e-10,4.8743e-11,9.3808e-11
4.6511e-11,2.8686e-11,5.7574e-11
7.6779e-11,3.9339e-11,6.9822e-11
3.5425e-10,1.0038e-10,1.9996e-10
4.006e-11,1.9773e-11,4.1329e-11
4.5201e-11,2.3704e-11,5.513e-11
3.5019e-10,1.0311e-10,2.0617e-10
3.7366e-11,1.2474e-11,3.5797e-11
4.2457e-11,1.781e-11,4.395e-11
3.8999e-11,1.6062e-11,3.8251e-11
1.6383e-10,4.5768e-11,1.0841e-10
6.4291e-11,2.2963e-11,7.1139e-11
1.1261e-10,3.9838e-11,1.2155e-10
1.0564e-10,1.2484e-11,1.1561e-10
2.1448e-11,2.4484e-11,2.6599e-11
2.0945e-11,2.72e-11,3.589e-11
3.8062e-11,5.2516e-11,4.8028e-11
3.6041e-10,1.1145e-10,6.3257e-11
2.8096e-11,1.6901e-11,2.6281e-11
3.9348e-11,5.2272e-11,4.8421e-11
2.4727e-11,2.566e-11,3.1924e-11
2.3166e-11,2.9331e-11,4.4208e-11
4.1653e-11,5.9006e-11,5.0005e-11
1.5291e-11,2.2601e-11,2.2315e-11
1.7821e-11,2.0465e-11,3.1992e-11
3.2729e-11,3.073e-11,4.9376e-11
4.2205e-11,5.1586e-11,3.747e-11
2.2309e-11,1.8446e-11,3.0969e-11
2.002e-11,1.7904e-11,2.6121e-11
1.8283e-11,2.6183e-11,2.8265e-11
1.4234e-10,9.7259e-11,3.829e-11
2.9508e-11,2.6502e-11,4.3005e-11
2.2294e-11,1.9294e-11,2.5082e-11
3.4728e-11,4.2679e-11,2.5226e-11
4.0411e-11,4.7549e-11,2.9633e-11
5.0305e-11,5.536e-11,2.7069e-11
1.2376e-10,1.3409e-10,4.5223e-11
3.8279e-11,4.4066e-11,4.8479e-11
8.2027e-11,1.4204e-10,4.7588e-11
4.4032e-11,5.7288e-11,3.1755e-11
7.0157e-11,1.3883e-10,3.782e-11
3.5448e-11,4.8296e-11,4.1637e-11
4.6095e-11,6.9967e-11,3.5134e-11
5.7282e-11,5.9557e-11,4.1235e-11
2.8198e-11,2.5886e-11,3.6084e-11
3.2041e-11,3.7255e-11,2.4971e-11
5.5315e-11,5.4507e-11,7.262e-11
5.4786e-11,5.0824e-11,4.5864e-11
2.6363e-10,9.8746e-11,1.8479e-10
5.5243e-11,4.0467e-11,7.4022e-11
3.56e-11,1.5831e-11,3.3095e-11
6.5181e-11,4.2114e-11,8.2024e-11
3.7336e-11,1.3626e-11,3.7106e-11
6.1984e-11,3.3851e-11,7.5874e-11
1.3877e-10,4.3749e-11,1.0072e-10
5.1066e-11,1.8723e-11,4.8382e-11
5.419e-11,1.2581e-11,5.6011e-11
5.7014e-11,1.2455e-11,6.3882e-11
6.6059e-11,1.4101e-11,7.4842e-11
1.0462e-10,1.1701e-11,1.1063e-10
3.1578e-11,4.5125e-11,3.7961e-11
1.9752e-11,2.5737e-11,2.5328e-11
2.1219e-11,2.9341e-11,3.6679e-11
1.7735e-11,2.4519e-11,2.2221e-11
2.3844e-11,2.1749e-11,2.8784e-11
2.0401e-11,2.061e-11,2.8423e-11
3.5889e-10,1.1725e-10,5.256e-11
6.971e-11,1.0062e-10,8.8346e-11
4.7732e-11,3.0676e-11,3.9241e-11
5.7655e-11,7.1042e-11,5.1216e-11
1.893e-11,2.9682e-11,3.4975e-11
4.5208e-11,5.1421e-11,3.9314e-11
2.7121e-11,1.8147e-11,2.691e-11
3.5215e-11,4.759e-11,3.2324e-11
2.3883e-11,2.1501e-11,3.1708e-11
2.6328e-11,1.9998e-11,2.7887e-11
2.3518e-11,2.0914e-11,2.8811e-11
3.9401e-11,4.8399e-11,2.8481e-11
6.1855e-11,8.1197e-11,7.8905e-11
4.1923e-11,5.5815e-11,4.6551e-11
3.8955e-11,4.511e-11,3.3727e-11
5.123e-11,5.5746e-11,3.9861e-11
1.472e-10,1.1445e-10,9.2428e-11
5.5505e-11,5.3606e-11,7.3041e-11
3.1396e-11,1.4719e-11,3.0351e-11
3.2728e-11,2.1537e-11,3.4568e-11
5.7964e-11,3.7248e-11,7.3379e-11
4.4977e-11,2.026e-11,4.9323e-11
1.025e-10,3.6356e-11,1.1953e-10
8.9995e-11,1.6821e-11,8.8142e-11
9.7903e-11,1.8937e-11,1.1724e-10
1.8748e-11,2.718e-11,2.2815e-11
3.6204e-10,1.1633e-10,5.1195e-11
2.6498e-11,2.9466e-11,2.7947e-11
4.7539e-11,7.6639e-11,6.5405e-11
4.3505e-11,2.9893e-11,4.2551e-11
2.4977e-11,2.4874e-11,3.3108e-11
4.4936e-11,5.8281e-11,5.2654e-11
4.7234e-11,4.9556e-11,3.8854e-11
6.3913e-11,6.2833e-11,3.7674e-11
1.7441e-10,1.249e-10,2.5793e-11
2.9886e-11,4.1736e-11,4.5401e-11
1.4088e-10,1.2626e-10,3.0599e-11
5.1869e-11,4.506e-11,4.4301e-11
3.5675e-11,4.9529e-11,3.8522e-11
4.0293e-11,4.5687e-11,4.7307e-11
3.2688e-11,4.4661e-11,3.8322e-11
7.7484e-11,5.1635e-11,7.6813e-11
4.8472e-11,2.9891e-11,4.572e-11
4.847e-11,3.0385e-11,6.0904e-11
3.9623e-11,2.1333e-11,4.69e-11
4.4045e-11,1.8176e-11,4.8762e-11
2.4472e-10,7.4905e-11,1.5543e-10
6.4763e-11,3.2845e-11,6.6403e-11
8.084e-11,2.8783e-11,8.6279e-11
9.3425e-11,1.7768e-11,9.9967e-11
2.8161e-10,9.8594e-11,6.419e-11
3.5232e-10,1.095e-10,6.2752e-11
1.4464e-11,1.9396e-11,2.4817e-11
3.2682e-10,1.0394e-10,7.1519e-11
2.714e-10,9.7319e-11,4.4119e-11
2.9731e-11,3.2061e-11,3.3671e-11
3.058e-10,1.0528e-10,7.2835e-11
2.3926e-11,2.5943e-11,2.8186e-11
4.1682e-11,4.9377e-11,3.4641e-11
1.5491e-11,2.1109e-11,2.4355e-11
1.9855e-11,4.23e-11,2.6792e-11
3.7801e-11,4.8278e-11,2.9855e-11
2.2759e-11,2.4605e-11,2.7115e-11
2.401e-10,1.1105e-10,2.7342e-11
3.3785e-11,4.523e-11,2.9997e-11
2.3145e-10,1.1209e-10,3.0937e-11
6.1086e-11,8.9251e-11,8.3358e-11
2.883e-11,4.1191e-11,4.6043e-11
3.9371e-11,5.2127e-11,2.8945e-11
3.6289e-11,4.0379e-11,4.8006e-11
2.7101e-11,2.838e-11,2.9461e-11
4.5571e-11,6.4571e-11,4.5186e-11
2.8825e-11,2.5894e-11,3.6528e-11
2.7203e-11,1.6439e-11,2.894e-11
1.1514e-10,1.2467e-10,1.0944e-10
8.63e-11,3.0879e-11,6.3679e-11
1.6361e-10,4.4816e-11,1.1111e-10
4.2319e-11,2.7922e-11,5.2686e-11
4.3402e-11,2.6238e-11,5.4e-11
2.9223e-10,9.0853e-11,1.9784e-10
5.7986e-11,3.7756e-11,7.5042e-11
5.0389e-11,1.1124e-11,5.7911e-11
5.6964e-11,1.1778e-11,7.744e-11
8.6317e-11,2.7388e-11,1.0263e-10
8.1747e-11,3.4154e-11,8.4436e-11
7.3565e-11,2.4134e-11,8.0479e-11
6.9395e-11,1.228e-11,8.5601e-11
1.1125e-10,2.3752e-11,1.2596e-10
8.3924e-11,9.6665e-12,9.4244e-11
9.0144e-11,8.2522e-12,1.0754e-10
1.7725e-11,2.4353e-11,2.3685e-11
2.5624e-11,3.0578e-11,2.3591e-11
2.2357e-11,2.7483e-11,2.8749e-11
2.4316e-10,9.1076e-11,4.2837e-11
2.211e-10,9.2909e-11,4.7747e-11
2.296e-10,9.0594e-11,2.9409e-11
6.4919e-11,9.8377e-11,8.6685e-11
2.4044e-10,1.0903e-10,4.1091e-11
2.7847e-11,4.1189e-11,4.5996e-11
1.868e-11,1.7383e-11,2.7324e-11
3.3274e-11,3.8419e-11,3.8324e-11
5.6063e-11,6.427e-11,4.04e-11
2.6844e-11,2.9447e-11,4.0727e-11
2.1478e-11,2.3049e-11,2.5714e-11
3.0069e-11,4.1058e-11,4.0234e-11
2.7342e-11,2.1111e-11,2.9043e-11
6.3592e-11,9.7783e-11,5.6645e-11
6.4898e-11,7.4685e-11,8.4583e-11
4.6439e-11,6.4769e-11,4.1084e-11
6.5982e-11,9.2329e-11,6.6872e-11
3.0584e-11,2.5827e-11,2.4447e-11
3.2912e-11,4.2307e-11,3.8699e-11
6.4349e-11,6.8864e-11,6.1924e-11
6.0605e-11,6.1763e-11,7.888e-11
3.1004e-11,2.2515e-11,3.0567e-11
3.0362e-11,1.4516e-11,2.8654e-11
4.4497e-11,3.2026e-11,4.4322e-11
3.8882e-11,3.0464e-11,4.3683e-11
3.3536e-11,1.511e-11,3.7541e-11
5.0001e-11,3.0831e-11,5.4784e-11
8.9542e-11,2.7681e-11,8.3099e-11
1.6255e-10,4.7148e-11,1.1283e-10
6.4221e-11,3.0877e-11,6.7007e-11
5.6112e-11,1.7987e-11,5.6369e-11
8.9659e-11,2.7064e-11,1.0567e-10
7.2357e-11,9.1804e-12,7.581e-11
9.1402e-11,1.5899e-11,9.3755e-11
9.2285e-11,2.3328e-11,1.0005e-10
1.0022e-10,5.9601e-12,9.8743e-11
2.1015e-11,3.3438e-11,3.2558e-11
2.4556e-11,3.5042e-11,3.8759e-11
1.6824e-11,2.3591e-11,3.1278e-11
2.7182e-10,9.5284e-11,4.0811e-11
4.9454e-11,7.6256e-11,5.304e-11
2.34e-11,2.1232e-11,2.9701e-11
1.804e-11,2.0058e-11,2.3717e-11
4.3267e-11,5.8088e-11,4.0572e-11
4.4743e-11,6.2044e-11,4.5087e-11
6.9361e-11,6.3081e-11,3.653e-11
1.8806e-11,2.9139e-11,2.9134e-11
1.8957e-11,3.2019e-11,3.0314e-11
1.9287e-11,1.4995e-11,2.7542e-11
4.563e-11,5.3166e-11,3.1055e-11
9.2423e-11,1.0008e-10,4.9374e-11
5.2239e-11,6.6757e-11,7.0116e-11
2.9146e-11,2.8411e-11,2.5513e-11
9.549e-11,1.1568e-10,5.7618e-11
7.3565e-11,8.6631e-11,6.3606e-11
2.9385e-11,2.9157e-11,3.5025e-11
2.7891e-11,2.3178e-11,3.504e-11
2.8891e-11,1.4015e-11,2.7108e-11
3.3755e-11,2.2028e-11,3.8326e-11
5.8337e-11,4.4459e-11,7.5988e-11
3.1823e-11,1.4177e-11,3.0751e-11
3.6871e-11,1.8635e-11,3.0619e-11
4.3299e-11,3.2442e-11,5.393e-11
3.8207e-11,2.8569e-11,5.1151e-11
4.6133e-11,2.4002e-11,5.1395e-11
3.5045e-11,1.4025e-11,3.9997e-11
4.9465e-11,3.2526e-11,5.5791e-11
1.1293e-10,3.4302e-11,7.9299e-11
8.1293e-11,8.7163e-12,9.6183e-11
8.4793e-11,1.7719e-11,1.0956e-10
9.68e-11,6.8407e-12,9.5568e-11
2.9508e-11,4.5892e-11,3.7661e-11
3.3434e-10,1.1975e-10,7.0478e-11
1.7177e-10,8.0533e-11,2.5544e-11
1.8012e-10,8.0639e-11,2.8425e-11
2.0449e-10,8.7648e-11,3.1445e-11
2.0041e-10,8.8619e-11,4.7574e-11
3.788e-11,5.3108e-11,4.3206e-11
3.4504e-11,4.9644e-11,4.6285e-11
5.0701e-11,6.3347e-11,4.1012e-11
4.7294e-11,6.5028e-11,5.4076e-11
3.5483e-11,4.6943e-11,4.0669e-11
7.826e-11,7.4085e-11,2.8903e-11
4.2304e-11,4.9905e-11,3.2481e-11
1.9546e-11,3.0406e-11,2.8354e-11
6.8813e-11,7.26e-11,3.0391e-11
2.8361e-11,4.2368e-11,4.2194e-11
3.0431e-11,2.867e-11,2.9835e-11
6.0417e-11,6.8332e-11,7.8535e-11
2.955e-11,2.1859e-11,3.8081e-11
3.2384e-11,1.5528e-11,3.5062e-11
4.498e-11,3.1736e-11,5.5099e-11
3.8322e-11,1.3346e-11,4.1788e-11
2.3866e-10,6.447e-11,1.3399e-10
3.7399e-11,9.4451e-12,3.8369e-11
3.6693e-11,1.0823e-11,3.575e-11
3.7208e-11,1.41e-11,3.6432e-11
4.6012e-11,2.235e-11,5.6678e-11
5.6862e-11,3.5267e-11,6.1605e-11
9.1103e-11,3.5595e-11,8.2211e-11
6.0607e-11,1.7453e-11,6.3017e-11
5.9967e-11,1.6795e-11,6.2139e-11
7.0936e-11,2.1858e-11,7.7359e-11
7.9655e-11,2.7388e-11,8.5976e-11
1.7218e-11,2.0465e-11,2.8597e-11
2.5575e-11,3.6992e-11,3.4488e-11
2.0879e-11,2.215e-11,2.2914e-11
2.6403e-11,2.7068e-11,2.7002e-11
2.4371e-11,4.1116e-11,3.6602e-11
1.8779e-10,8.2067e-11,1.6586e-11
2.1885e-11,2.7999e-11,4.6891e-11
5.5828e-11,4.4571e-11,3.0926e-11
2.2279e-11,2.1061e-11,3.5742e-11
1.5215e-11,1.9925e-11,2.2841e-11
2.643e-10,1.1732e-10,7.0158e-11
3.4572e-11,3.5408e-11,3.7683e-11
4.4634e-11,6.0702e-11,3.8641e-11
7.0805e-11,7.7046e-11,4.3745e-11
1.7088e-10,1.0671e-10,3.4764e-11
1.5561e-10,1.0336e-10,3.526e-11
6.5299e-11,8.6726e-11,7.9209e-11
4.8829e-11,4.7682e-11,3.517e-11
3.7066e-11,4.4006e-11,4.1016e-11
5.0656e-11,5.4691e-11,6.1638e-11
5.8817e-11,5.5126e-11,3.9459e-11
6.231e-11,5.318e-11,5.2259e-11
2.5204e-11,1.9783e-11,3.0472e-11
9.9476e-11,1.1882e-10,7.6857e-11
4.339e-11,4.1725e-11,5.6292e-11
2.6562e-11,1.88e-11,3.0495e-11
1.2161e-10,1.1437e-10,1.0219e-10
3.4609e-11,2.5413e-11,4.3098e-11
6.5975e-11,6.4542e-11,6.1222e-11
3.7946e-11,2.2942e-11,3.7439e-11
3.4157e-11,2.349e-11,4.2114e-11
4.2715e-11,2.9149e-11,5.3729e-11
3.1333e-11,1.49e-11,2.8319e-11
3.1123e-11,1.4205e-11,2.9404e-11
3.8708e-11,1.7873e-11,4.3314e-11
4.6883e-11,2.1869e-11,5.8917e-11
3.9956e-11,9.6035e-12,4.0331e-11
5.2308e-11,1.419e-11,6.7601e-11
8.8131e-11,3.4349e-11,1.0022e-10
5.8488e-11,1.102e-11,7.1904e-11
7.4558e-11,3.6463e-11,7.6134e-11
7.9196e-11,1.8797e-11,1.0651e-10
8.4304e-11,1.5749e-11,1.1303e-10
9.1953e-11,4.5289e-12,9.3566e-11
3.5565e-11,5.2432e-11,4.4544e-11
3.12e-10,1.297e-10,5.364e-11
2.2075e-10,9.4121e-11,3.07e-11
5.1277e-11,4.8178e-11,4.7694e-11
2.661e-11,2.3948e-11,3.398e-11
1.1743e-10,8.1318e-11,2.5858e-11
1.6894e-10,9.5276e-11,2.6989e-11
2.3515e-11,2.3945e-11,3.0152e-11
2.7156e-10,1.1503e-10,6.5077e-11
3.3221e-11,4.7946e-11,4.4149e-11
2.2806e-11,1.7822e-11,3.0054e-11
2.8045e-11,2.9903e-11,3.8282e-11
2.1956e-10,1.0774e-10,5.9305e-11
1.6585e-10,9.3863e-11,3.0725e-11
4.7756e-11,6.7619e-11,5.6616e-11
2.6246e-11,3.3644e-11,3.7333e-11
4.0037e-11,5.3917e-11,5.2027e-11
3.317e-11,2.1413e-11,3.0781e-11
6.057e-11,5.1715e-11,3.4734e-11
5.153e-11,7.5559e-11,5.4098e-11
3.146e-11,3.0847e-11,2.5018e-11
4.7458e-11,7.4627e-11,6.7282e-11
4.6162e-11,4.2622e-11,4.0657e-11
2.7579e-11,3.0887e-11,3.5424e-11
4.9824e-11,6.0685e-11,4.0822e-11
7.6908e-11,5.6436e-11,6.4635e-11
9.1916e-11,1.1217e-10,6.8866e-11
3.2386e-11,1.6443e-11,3.0195e-11
4.3408e-11,3.7374e-11,5.2905e-11
2.833e-11,1.9046e-11,3.3089e-11
1.6887e-10,1.2434e-10,9.3361e-11
2.8909e-11,1.5033e-11,2.5965e-11
2.9832e-11,2.4551e-11,3.7214e-11
2.9715e-11,1.4864e-11,2.7032e-11
3.244e-11,1.4803e-11,3.0846e-11
6.1745e-11,5.1073e-11,8.268e-11
3.6708e-11,1.905e-11,4.8556e-11
3.9776e-11,1.6628e-11,4.9082e-11
4.491e-11,1.1108e-11,4.9675e-11
4.2276e-11,1.5142e-11,5.5002e-11
5.9192e-11,3.0729e-11,7.2682e-11
6.4339e-11,2.2691e-11,8.9869e-11
6.4987e-11,3.1903e-11,7.3338e-11
4.899e-11,1.959e-11,5.3687e-11
6.2182e-11,2.3193e-11,6.9656e-11
7.3448e-11,2.1902e-11,7.9803e-11
2.2139e-11,2.8504e-11,2.4256e-11
2.2264e-11,3.2331e-11,2.7108e-11
2.314e-11,2.7761e-11,2.4064e-11
3.1299e-11,3.9417e-11,3.3876e-11
1.8805e-10,8.2221e-11,1.5885e-11
2.5034e-11,2.4379e-11,2.9544e-11
4.8144e-11,4.0088e-11,2.8787e-11
9.2141e-11,6.6532e-11,4.6883e-11
7.464e-11,6.1517e-11,5.511e-11
3.7035e-11,3.1271e-11,4.0809e-11
2.7596e-11,3.7077e-11,3.4829e-11
4.6858e-11,5.1891e-11,3.526e-11
4.7871e-11,7.5895e-11,6.0733e-11
5.2499e-11,5.9487e-11,6.4522e-11
9.3143e-11,1.1926e-10,6.6141e-11
5.0994e-11,4.5578e-11,6.5208e-11
5.7948e-11,5.1263e-11,7.5212e-11
3.1687e-11,9.5364e-12,3.2911e-11
1.2584e-10,4.5995e-11,9.1652e-11
3.9871e-11,1.9271e-11,4.3805e-11
5.3044e-11,3.0178e-11,6.4368e-11
4.3228e-11,1.8056e-11,4.5631e-11
4.5037e-11,1.8683e-11,6.5167e-11
5.8234e-11,1.9758e-11,6.5782e-11
7.4469e-11,1.9576e-11,8.4182e-11
9.106e-11,1.894e-11,9.9443e-11
1.6166e-11,2.1188e-11,2.4309e-11
3.1709e-10,1.1608e-10,7.2259e-11
2.3831e-10,9.6449e-11,8.1008e-11
2.7318e-11,3.3112e-11,2.5813e-11
2.6546e-11,3.2282e-11,4.5839e-11
1.9772e-11,2.1318e-11,2.5381e-11
7.8487e-11,4.9534e-11,3.6408e-11
3.0305e-11,4.1819e-11,3.2527e-11
3.2325e-11,3.0286e-11,3.3276e-11
3.1023e-11,2.7245e-11,4.5133e-11
5.3435e-11,7.8834e-11,6.531e-11
2.1982e-10,1.0328e-10,6.9964e-11
3.1766e-11,2.3832e-11,2.9962e-11
2.3694e-10,1.1928e-10,8.9672e-11
6.3449e-11,8.9426e-11,7.6409e-11
5.8188e-11,8.3788e-11,7.0833e-11
2.2726e-11,1.9335e-11,3.0803e-11
2.9425e-11,3.6432e-11,3.9653e-11
6.7973e-11,9.1143e-11,5.3702e-11
6.397e-11,8.9433e-11,5.9014e-11
2.342e-11,2.9315e-11,3.3366e-11
3.9141e-11,6.3831e-11,4.5465e-11
5.6109e-11,7.6429e-11,5.545e-11
2.965e-11,3.4476e-11,2.724e-11
6.0704e-11,7.0815e-11,7.7288e-11
3.5445e-11,4.1932e-11,4.8798e-11
6.8894e-11,7.8581e-11,7.1617e-11
7.7952e-11,6.319e-11,6.0903e-11
2.828e-11,2.0665e-11,3.6118e-11
5.2847e-11,2.6536e-11,5.5587e-11
4.7222e-11,3.3942e-11,5.9504e-11
5.7502e-11,4.2855e-11,7.4288e-11
3.453e-11,1.1569e-11,3.9443e-11
2.2975e-10,5.7484e-11,1.3048e-10
8.241e-11,3.4494e-11,8.3829e-11
4.1827e-11,1.706e-11,5.1372e-11
6.1474e-11,3.4224e-11,8.0044e-11
4.6938e-11,1.4421e-11,4.8003e-11
4.8215e-11,1.8539e-11,4.9864e-11
1.034e-10,8.5577e-12,1.0297e-10
2.9886e-11,3.0402e-11,3.9178e-11
1.9409e-11,2.5657e-11,2.7466e-11
4.535e-11,3.1671e-11,2.8836e-11
5.5971e-11,7.7304e-11,6.4877e-11
3.0696e-11,4.429e-11,3.8944e-11
1.8037e-10,7.9828e-11,2.1818e-11
2.7716e-11,3.4078e-11,4.5017e-11
5.1156e-11,8.0603e-11,5.3077e-11
1.2593e-10,6.9302e-11,2.7495e-11
2.034e-11,2.3303e-11,2.6761e-11
9.8288e-11,7.1096e-11,3.0543e-11
2.137e-11,1.7998e-11,2.7369e-11
2.8764e-11,2.5712e-11,2.7361e-11
2.7359e-11,3.6774e-11,3.8286e-11
5.4313e-11,6.5142e-11,3.6615e-11
5.0823e-11,6.5181e-11,3.5584e-11
2.3866e-11,1.9583e-11,2.3089e-11
3.1702e-11,2.7398e-11,2.8954e-11
3.9728e-11,4.2672e-11,4.4567e-11
4.4792e-11,7.639e-11,5.2708e-11
9.1456e-11,1.147e-10,5.7071e-11
3.8402e-11,3.7474e-11,4.892e-11
6.8395e-11,5.698e-11,6.0365e-11
5.034e-11,1.9253e-11,5.5097e-11
6.5162e-11,6.7091e-12,6.5601e-11
7.2082e-11,3.0934e-11,7.4423e-11
7.2346e-11,1.3996e-11,7.6318e-11
8.5772e-11,6.0662e-12,8.8877e-11
2.2987e-11,2.4356e-11,2.427e-11
1.8675e-11,2.4582e-11,3.6169e-11
2.9681e-11,3.7853e-11,2.9644e-11
1.4408e-10,7.4168e-11,2.3162e-11
2.2892e-10,8.7053e-11,3.3691e-11
2.7681e-10,1.2543e-10,6.0722e-11
4.0184e-11,4.9203e-11,4.0594e-11
1.6004e-11,2.3707e-11,2.1121e-11
2.2877e-10,8.5397e-11,2.9489e-11
2.8457e-10,1.3238e-10,6.4834e-11
1.5573e-10,7.8515e-11,3.7953e-11
2.7704e-10,1.1144e-10,9.5447e-11
4.6475e-11,6.2475e-11,4.5301e-11
5.7291e-11,5.7232e-11,4.0287e-11
1.4565e-10,7.8193e-11,4.0442e-11
4.3625e-11,4.4712e-11,5.8535e-11
2.0587e-10,9.5735e-11,4.5641e-11
3.6161e-11,4.8146e-11,4.1108e-11
3.6025e-11,4.7147e-11,4.1143e-11
8.9718e-11,7.0641e-11,4.0444e-11
1.0069e-10,7.071e-11,4.5207e-11
1.0942e-10,1.0835e-10,5.1656e-11
4.9591e-11,5.0553e-11,3.9625e-11
2.5126e-11,2.5728e-11,3.0264e-11
4.4613e-11,6.2562e-11,5.6207e-11
4.573e-11,8.36e-11,4.3872e-11
5.5326e-11,6.5005e-11,6.9183e-11
2.8249e-11,3.1737e-11,3.7062e-11
4.5656e-11,4.7882e-11,5.3453e-11
4.7975e-11,5.1379e-11,4.8797e-11
1.2625e-10,1.096e-10,8.9648e-11
1.3016e-10,1.0623e-10,1.0884e-10
3.4629e-11,2.7022e-11,4.3569e-11
3.5276e-11,2.167e-11,4.1735e-11
3.1048e-11,1.1437e-11,3.1714e-11
5.1983e-11,3.7405e-11,6.5819e-11
3.8101e-11,1.4674e-11,4.5517e-11
4.996e-11,3.2859e-11,6.4755e-11
7.7648e-11,2.6863e-11,6.909e-11
7.3583e-11,2.3791e-11,9.6617e-11
1.0145e-10,3.5619e-11,1.0586e-10
7.527e-11,3.2975e-11,7.8427e-11
7.3856e-11,1.2009e-11,7.8958e-11
1.045e-10,1.005e-11,1.0739e-10
3.0697e-11,2.8196e-11,2.1907e-11
4.0044e-11,4.5399e-11,3.8248e-11
2.2013e-10,8.696e-11,4.5323e-11
2.3682e-10,1.0219e-10,7.1513e-11
7.8079e-11,1.0491e-10,5.8986e-11
2.3372e-11,3.3203e-11,2.7077e-11
1.3313e-11,1.983e-11,1.9638e-11
5.0758e-11,5.8583e-11,5.8178e-11
1.8368e-10,8.1845e-11,2.1737e-11
2.8379e-11,1.8221e-11,3.9828e-11
2.2617e-11,2.0326e-11,2.3285e-11
2.4225e-10,1.1788e-10,1.0119e-10
3.5554e-11,3.5675e-11,3.0455e-11
1.9161e-10,1.1365e-10,9.7355e-11
1.3266e-10,1.1162e-10,7.93e-11
4.8496e-11,6.6914e-11,6.0702e-11
8.2833e-11,1.0661e-10,5.2473e-11
4.1335e-11,5.2855e-11,5.4459e-11
2.5555e-11,2.8562e-11,3.5439e-11
5.9762e-11,6.7223e-11,7.4835e-11
2.5883e-11,1.7999e-11,2.6435e-11
3.7938e-11,3.2101e-11,4.0892e-11
2.9134e-11,2.2174e-11,3.2397e-11
1.6609e-10,8.3521e-11,1.0247e-10
2.7939e-11,1.7831e-11,2.9669e-11
5.2437e-11,4.4321e-11,6.2723e-11
2.9085e-11,2.136e-11,3.6029e-11
3.1386e-11,1.0024e-11,3.1164e-11
3.5252e-11,1.48e-11,4.8757e-11
6.6343e-11,2.751e-11,6.74e-11
3.7633e-11,2.1195e-11,5.5317e-11
1.0152e-10,4.1851e-11,8.44e-11
3.9014e-11,1.5961e-11,4.3767e-11
3.8202e-11,1.243e-11,3.9053e-11
4.6172e-11,1.5696e-11,4.8939e-11
6.4482e-11,2.3749e-11,6.6372e-11
7.0865e-11,9.1454e-12,9.2136e-11
7.2394e-11,6.4488e-12,9.0098e-11
2.8011e-11,3.9112e-11,3.4735e-11
1.5879e-10,8.0109e-11,2.8955e-11
1.2773e-10,7.2475e-11,2.8477e-11
3.803e-11,2.5368e-11,2.336e-11
2.1521e-11,2.7542e-11,2.939e-11
2.1753e-11,2.3249e-11,2.3006e-11
1.1486e-10,7.0495e-11,3.2063e-11
2.4668e-11,2.1587e-11,2.3984e-11
7.5658e-11,6.1339e-11,4.0382e-11
8.7331e-11,6.7581e-11,2.8553e-11
6.0797e-11,5.0432e-11,6.5913e-11
1.9326e-10,8.134e-11,2.762e-11
4.1028e-11,4.3895e-11,5.6349e-11
2.432e-11,2.3422e-11,4.1237e-11
2.3512e-10,1.2005e-10,9.02e-11
2.4204e-11,2.7649e-11,2.7132e-11
1.6506e-11,1.9042e-11,2.3473e-11
2.4831e-11,2.3606e-11,2.7069e-11
9.4751e-11,8.4885e-11,4.5096e-11
8.6732e-11,9.9439e-11,4.7421e-11
4.2112e-11,6.9433e-11,5.9177e-11
2.6012e-11,2.6945e-11,3.0887e-11
5.594e-11,5.4358e-11,4.6092e-11
9.3792e-11,7.9281e-11,6.2286e-11
8.0105e-11,1.0921e-10,6.8327e-11
3.6757e-11,3.2878e-11,4.415e-11
3.7762e-11,2.6572e-11,4.0266e-11
8.99e-11,7.7291e-11,7.255e-11
1.2971e-10,1.0769e-10,7.6864e-11
6.0477e-11,6.5496e-11,7.5285e-11
3.0962e-11,2.5254e-11,4.1983e-11
3.0673e-11,1.9278e-11,3.435e-11
4.8548e-11,3.3549e-11,5.986e-11
3.1496e-11,2.0125e-11,2.9355e-11
5.885e-11,4.317e-11,7.0666e-11
5.5309e-11,3.4598e-11,7.2121e-11
4.7274e-11,1.3324e-11,4.9098e-11
9.639e-11,2.6813e-11,1.1385e-10
7.5094e-11,2.2465e-11,8.548e-11
9.5959e-11,7.9202e-12,9.9675e-11
6.5523e-11,8.8637e-11,5.5966e-11
2.4813e-11,2.5127e-11,2.6875e-11
6.0127e-11,5.5663e-11,4.4694e-11
2.2768e-10,8.2701e-11,3.4945e-11
4.406e-11,6.1869e-11,5.1002e-11
1.5861e-10,7.9695e-11,3.2235e-11
2.7526e-10,1.1094e-10,6.3858e-11
5.0739e-11,7.2949e-11,6.1015e-11
1.576e-11,1.9817e-11,1.968e-11
2.3706e-11,3.2284e-11,2.6635e-11
5.606e-11,5.4263e-11,5.7732e-11
5.1457e-11,5.3956e-11,5.3356e-11
1.7755e-10,7.942e-11,2.7921e-11
2.2343e-10,9.111e-11,5.6814e-11
3.5405e-11,5.3681e-11,6.5066e-11
1.9108e-11,2.4342e-11,2.488e-11
6.3445e-11,6.5942e-11,4.7935e-11
3.7951e-11,4.8433e-11,3.3608e-11
3.2914e-11,3.8016e-11,2.944e-11
3.483e-11,2.6185e-11,3.4865e-11
4.7418e-11,6.2854e-11,5.4074e-11
9.7197e-11,9.052e-11,3.7753e-11
2.2802e-11,1.5294e-11,2.9764e-11
3.5214e-11,4.0268e-11,4.0763e-11
3.5881e-11,4.4304e-11,5.0374e-11
2.3348e-11,2.7044e-11,3.1104e-11
2.4903e-11,2.511e-11,2.8672e-11
1.5692e-10,1.3226e-10,6.1915e-11
6.7131e-11,7.7268e-11,4.9332e-11
9.0895e-11,1.0238e-10,6.2916e-11
3.4223e-11,2.5272e-11,3.8904e-11
1.4476e-10,7.8875e-11,8.2179e-11
3.249e-11,2.5015e-11,4.4307e-11
2.9615e-11,1.9944e-11,3.2346e-11
4.1613e-11,3.0072e-11,4.9364e-11
1.8293e-10,7.1565e-11,1.2318e-10
3.348e-11,1.5093e-11,3.2932e-11
3.4252e-11,2.0081e-11,3.6757e-11
3.1649e-11,1.7559e-11,3.3372e-11
3.263e-11,1.5802e-11,3.2678e-11
5.0466e-11,3.6069e-11,6.5723e-11
3.5586e-11,1.525e-11,4.3556e-11
3.6142e-11,1.4441e-11,5.0584e-11
3.9193e-11,1.1203e-11,5.6857e-11
4.2188e-11,1.2454e-11,4.401e-11
1.327e-10,4.0723e-11,1.1362e-10
8.7481e-11,3.5685e-11,9.5754e-11
4.9742e-11,1.4597e-11,5.1725e-11
6.6832e-11,2.5861e-11,6.963e-11
6.8887e-11,1.6721e-11,8.4055e-11
8.0774e-11,7.8334e-12,9.1263e-11
8.2716e-11,9.9665e-12,1.0525e-10
9.7594e-11,1.2738e-11,1.0268e-10
1.0098e-10,1.2816e-11,1.0369e-10
2.9633e-11,2.2792e-11,3.6548e-11
4.7473e-11,6.8084e-11,5.674e-11
2.092e-11,2.5231e-11,2.5506e-11
3.7542e-11,2.8416e-11,2.3801e-11
2.1368e-11,2.5748e-11,3.1227e-11
9.948e-11,7.7921e-11,2.9998e-11
1.916e-11,2.6909e-11,2.9402e-11
3.1128e-11,2.326e-11,2.767e-11
2.3219e-11,2.1059e-11,2.9909e-11
1.1574e-10,7.4563e-11,3.3297e-11
2.4812e-10,1.471e-10,9.7468e-11
4.6732e-11,6.7792e-11,5.9043e-11
1.2461e-10,8.9914e-11,6.6561e-11
2.5136e-11,1.7241e-11,3.0824e-11
2.082e-11,1.6123e-11,2.582e-11
3.0807e-11,1.7827e-11,3.8115e-11
1.9213e-11,2.2858e-11,2.3579e-11
2.5077e-11,2.595e-11,2.2451e-11
1.2986e-10,1.0732e-10,7.2695e-11
1.4502e-10,1.3657e-10,5.5205e-11
5.0513e-11,6.5162e-11,6.1983e-11
1.7217e-10,1.315e-10,7.6133e-11
1.2182e-10,7.9295e-11,7.6681e-11
1.4755e-10,1.0302e-10,8.1185e-11
5.8611e-11,6.0194e-11,7.2075e-11
6.1171e-11,3.1777e-11,6.8585e-11
2.8738e-11,1.3932e-11,3.0409e-11
4.1874e-11,3.033e-11,5.2524e-11
2.9223e-11,1.4111e-11,2.6844e-11
3.5339e-11,2.2915e-11,3.506e-11
3.3704e-11,1.9095e-11,3.6254e-11
3.1914e-11,1.6256e-11,2.9522e-11
4.0477e-11,1.3432e-11,4.1644e-11
1.4901e-10,3.6077e-11,1.0724e-10
5.5852e-11,3.2576e-11,7.0747e-11
4.1102e-11,1.4503e-11,4.4435e-11
4.738e-11,2.3272e-11,5.0592e-11
5.5868e-11,1.9118e-11,7.5203e-11
4.9733e-11,1.1337e-11,5.1735e-11
8.0211e-11,1.9675e-11,9.113e-11
2.5847e-11,3.1795e-11,3.1055e-11
8.8907e-11,6.6233e-11,5.7586e-11
1.1521e-10,6.2682e-11,4.1e-11
2.4878e-10,8.9359e-11,4.382e-11
1.9332e-11,2.3024e-11,2.5943e-11
3.3286e-11,2.8055e-11,3.2275e-11
5.9051e-11,4.48e-11,4.0625e-11
1.2214e-10,7.5045e-11,4.5391e-11
2.4524e-10,1.3e-10,6.9091e-11
1.1634e-10,7.8798e-11,5.8864e-11
1.2274e-10,7.4141e-11,3.8576e-11
6.3476e-11,5.1618e-11,6.6778e-11
1.4791e-10,8.3474e-11,4.3822e-11
2.1742e-10,8.85e-11,6.3715e-11
1.5798e-11,1.8873e-11,1.9139e-11
2.3298e-10,1.4893e-10,8.1952e-11
5.8175e-11,6.2283e-11,5.9039e-11
2.9235e-11,2.1426e-11,3.1839e-11
3.0971e-11,4.2256e-11,4.4499e-11
2.0402e-11,1.9923e-11,1.9824e-11
8.8997e-11,6.9655e-11,3.6969e-11
2.8214e-11,3.0135e-11,3.1767e-11
1.277e-10,8.5712e-11,3.1799e-11
3.2634e-11,1.8729e-11,3.9458e-11
1.831e-10,1.2386e-10,8.79e-11
5.0948e-11,7.0785e-11,5.7405e-11
3.1986e-11,2.8216e-11,2.6784e-11
2.0135e-11,1.8093e-11,2.5073e-11
1.0802e-10,1.0504e-10,6.584e-11
1.0531e-10,1.0085e-10,5.0568e-11
2.7078e-11,2.5167e-11,3.2979e-11
3.4889e-11,2.3429e-11,3.6949e-11
2.6913e-11,1.879e-11,2.9858e-11
1.7695e-10,6.0436e-11,8.6153e-11
3.2852e-11,1.8492e-11,3.2023e-11
3.9614e-11,1.7115e-11,4.1836e-11
5.8245e-11,1.9594e-11,7.476e-11
5.9331e-11,2.7996e-11,7.0192e-11
7.8376e-11,1.4953e-11,1.0394e-10
8.116e-11,2.1508e-11,9.0247e-11
1.2584e-10,6.1314e-11,3.9477e-11
1.7752e-11,2.1729e-11,2.1129e-11
4.2708e-11,8.8235e-11,6.9976e-11
8.6026e-11,6.6717e-11,5.429e-11
9.5496e-11,1.0075e-10,1.2151e-10
2.1045e-11,3.2155e-11,2.7961e-11
1.1928e-10,7.7442e-11,4.9222e-11
2.2402e-10,1.566e-10,8.9948e-11
8.9331e-11,6.8351e-11,4.5316e-11
2.0597e-11,2.8807e-11,3.0629e-11
2.0204e-11,2.2867e-11,2.5356e-11
2.3629e-10,1.4492e-10,9.6482e-11
2.6082e-10,1.4543e-10,9.2523e-11
5.2949e-11,7.408e-11,6.0439e-11
1.1159e-10,7.2275e-11,3.0811e-11
2.0096e-11,1.4632e-11,2.3901e-11
3.4295e-11,3.1304e-11,3.4377e-11
2.9728e-11,2.8299e-11,3.0673e-11
1.9141e-10,1.1536e-10,7.4779e-11
5.3752e-11,7.7839e-11,6.5643e-11
3.3971e-11,4.2456e-11,3.9119e-11
8.4523e-11,9.0671e-11,4.4103e-11
5.165e-11,6.7761e-11,6.2066e-11
3.4101e-11,4.246e-11,4.1813e-11
3.569e-11,3.6063e-11,4.3073e-11
2.5775e-11,2.3194e-11,3.4489e-11
5.9432e-11,6.0083e-11,7.0942e-11
3.5927e-11,3.206e-11,4.607e-11
3.3559e-11,3.0529e-11,3.1963e-11
1.9781e-10,6.5942e-11,1.2949e-10
2.8972e-11,1.2667e-11,2.6873e-11
3.4312e-11,1.8769e-11,4.7198e-11
5.5458e-11,4.03e-11,6.9978e-11
5.1098e-11,2.9265e-11,6.162e-11
4.4944e-11,2.472e-11,5.068e-11
4.7222e-11,1.7201e-11,4.6025e-11
1.2494e-10,3.3501e-11,1.0579e-10
5.4664e-11,1.835e-11,7.5676e-11
4.5394e-11,1.3615e-11,6.3757e-11
6.0847e-11,3.4743e-11,7.9896e-11
5.0314e-11,1.4166e-11,7.1287e-11
5.0254e-11,1.8189e-11,5.2526e-11
5.8842e-11,1.927e-11,8.552e-11
5.888e-11,1.1753e-11,8.9169e-11
9.1067e-11,2.4014e-11,1.1496e-10
7.3042e-11,2.2206e-11,8.6587e-11
8.1088e-11,1.0365e-11,8.4333e-11
9.3102e-11,7.7203e-12,1.0632e-10
1.0867e-10,6.3572e-11,3.0428e-11
7.1417e-11,1.1454e-10,8.9224e-11
2.4529e-11,2.9162e-11,2.8904e-11
3.1907e-11,2.2779e-11,4.3204e-11
1.3888e-10,8.1217e-11,5.4667e-11
3.5759e-11,3.9998e-11,3.4709e-11
7.0828e-11,7.9309e-11,4.7972e-11
2.5264e-11,2.7144e-11,2.938e-11
2.045e-10,1.4801e-10,6.6168e-11
3.5942e-11,3.6438e-11,4.4924e-11
1.3085e-10,6.9078e-11,3.2782e-11
1.6444e-10,7.3995e-11,3.5396e-11
2.1919e-10,1.6319e-10,8.1178e-11
2.4868e-10,1.5253e-10,9.9759e-11
2.2404e-11,1.6093e-11,3.7234e-11
3.2056e-11,4.3411e-11,3.7536e-11
2.2879e-11,1.8211e-11,2.6696e-11
5.4491e-11,7.9571e-11,6.7196e-11
3.1773e-11,3.1082e-11,3.5007e-11
2.2356e-10,1.3964e-10,1.1239e-10
4.9421e-11,7.7004e-11,6.433e-11
2.5692e-11,2.4912e-11,3.4123e-11
2.8357e-11,1.3248e-11,3.0397e-11
3.2227e-11,2.1e-11,3.0249e-11
2.1237e-10,5.3687e-11,1.0856e-10
2.4758e-10,5.7429e-11,1.5632e-10
1.2732e-10,3.1948e-11,9.7494e-11
4.0828e-11,9.3801e-12,5.1435e-11
4.6629e-11,8.0207e-12,4.8236e-11
9.0112e-11,2.7878e-11,1.0273e-10
7.3371e-11,2.0777e-11,1.0264e-10
6.1892e-11,2.3646e-11,7.4222e-11
6.7302e-11,1.6156e-11,1.0333e-10
2.0137e-10,8.2791e-11,6.8557e-11
2.1451e-10,7.8088e-11,3.9516e-11
1.7634e-10,6.7611e-11,2.6906e-11
4.235e-11,3.189e-11,3.6208e-11
3.9835e-11,4.5443e-11,4.0386e-11
9.8178e-11,6.2408e-11,5.448e-11
4.3819e-11,4.9714e-11,5.2063e-11
1.8616e-10,7.6207e-11,4.9538e-11
3.7397e-11,2.5451e-11,2.4479e-11
2.7789e-11,2.3364e-11,2.1034e-11
4.3913e-11,4.7396e-11,4.4331e-11
2.3683e-11,2.1233e-11,2.0887e-11
3.5871e-11,3.4339e-11,3.7243e-11
1.0008e-10,6.9569e-11,3.0749e-11
1.908e-10,1.1889e-10,9.4034e-11
2.3416e-11,2.9222e-11,4.2403e-11
1.2214e-10,8.3149e-11,3.135e-11
1.5835e-10,1.2484e-10,8.9328e-11
1.9543e-11,1.5847e-11,2.2376e-11
5.9477e-11,8.2807e-11,5.5782e-11
3.6729e-11,4.4483e-11,4.4211e-11
1.4278e-10,1.3422e-10,1.0287e-10
8.9461e-11,1.232e-10,6.2542e-11
1.3587e-10,1.4829e-10,7.9473e-11
2.6009e-11,2.361e-11,3.0636e-11
9.2038e-11,1.308e-10,9.1497e-11
2.6344e-11,1.8358e-11,2.8073e-11
1.856e-10,9.5703e-11,9.6212e-11
1.7065e-10,1.3859e-10,8.5806e-11
2.292e-10,8.0164e-11,1.1804e-10
3.5202e-11,1.9768e-11,3.6967e-11
3.6447e-11,2.834e-11,3.7416e-11
3.0608e-11,1.3615e-11,2.8053e-11
3.8084e-11,1.9358e-11,3.6089e-11
3.1174e-11,8.6579e-12,3.1564e-11
5.4697e-11,2.9571e-11,6.7399e-11
4.7076e-11,1.162e-11,5.6751e-11
9.1168e-11,2.9052e-11,9.5744e-11
6.6528e-11,1.2436e-11,7.0571e-11
7.6361e-11,1.8948e-11,9.1089e-11
9.3303e-11,4.9204e-12,1.0202e-10
2.2989e-10,8.5019e-11,5.9428e-11
2.263e-11,2.4646e-11,2.2659e-11
3.8812e-11,5.3193e-11,4.5976e-11
2.1733e-11,2.5794e-11,2.6748e-11
3.6444e-11,4.7151e-11,3.5967e-11
1.8179e-10,7.7206e-11,3.1493e-11
2.9023e-11,2.2138e-11,2.25e-11
5.4499e-11,7.5746e-11,6.4521e-11
2.0401e-10,9.026e-11,8.0594e-11
1.6357e-10,7.1888e-11,3.5398e-11
2.5432e-11,3.0897e-11,3.0734e-11
3.3231e-11,2.1571e-11,3.8947e-11
2.642e-11,2.1303e-11,4.2776e-11
2.0968e-10,1.1538e-10,9.2195e-11
1.6416e-10,1.0646e-10,6.7099e-11
2.2475e-11,2.8917e-11,3.6059e-11
1.9814e-11,1.8691e-11,2.2837e-11
2.5812e-11,2.7516e-11,3.0531e-11
2.4623e-11,1.852e-11,2.4482e-11
6.1171e-11,6.7404e-11,5.3745e-11
5.9261e-11,7.4774e-11,6.2418e-11
3.4257e-11,2.6259e-11,4.3714e-11
2.8966e-11,1.8767e-11,3.001e-11
6.0301e-11,3.9453e-11,5.9675e-11
5.0786e-11,4.0983e-11,5.7398e-11
1.4941e-10,1.2704e-10,7.4695e-11
3.1312e-11,2.3263e-11,2.692e-11
5.1001e-11,2.7244e-11,6.0599e-11
6.4487e-11,9.4298e-12,8.0181e-11
7.956e-11,2.2364e-11,1.1209e-10
8.4264e-11,6.3471e-12,9.0056e-11
9.9013e-11,1.0198e-11,1.162e-10
9.794e-11,1.2414e-11,1.0492e-10
2.2497e-11,3.0561e-11,2.4673e-11
1.8105e-11,2.4609e-11,2.1516e-11
2.5343e-11,2.3199e-11,3.119e-11
3.9447e-11,4.0835e-11,3.9876e-11
3.8405e-11,7.8045e-11,6.0035e-11
1.8251e-10,1.3725e-10,5.3013e-11
1.3951e-10,6.7659e-11,4.605e-11
2.7073e-11,3.4753e-11,3.6184e-11
2.0621e-11,2.569e-11,2.1199e-11
2.4733e-11,2.8998e-11,2.401e-11
1.2658e-10,8.1659e-11,3.4214e-11
3.7994e-11,3.569e-11,4.135e-11
1.582e-10,1.2024e-10,6.5872e-11
2.5569e-11,1.7113e-11,2.2927e-11
5.8491e-11,7.7546e-11,7.1317e-11
2.7517e-11,2.6423e-11,3.0651e-11
6.2371e-11,6.5414e-11,4.5373e-11
7.089e-11,1.1048e-10,7.8202e-11
5.8882e-11,4.0706e-11,4.8961e-11
2.7255e-11,1.8293e-11,2.7831e-11
6.9581e-11,3.8438e-11,6.2108e-11
1.826e-10,1.2531e-10,9.0204e-11
5.2313e-11,3.9165e-11,5.7713e-11
3.6702e-11,2.8242e-11,3.7867e-11
2.9602e-11,1.4476e-11,2.8471e-11
1.7915e-10,5.0085e-11,1.1594e-10
3.391e-11,1.6948e-11,3.1074e-11
3.7909e-11,2.0041e-11,3.7263e-11
8.2538e-11,3.5494e-11,8.1036e-11
5.6945e-11,2.1206e-11,7.0506e-11
4.5458e-11,1.7184e-11,4.4991e-11
5.5589e-11,2.5916e-11,6.4036e-11
6.4903e-11,2.8273e-11,7.5109e-11
5.5936e-11,1.9297e-11,6.6442e-11
7.7977e-11,2.5595e-11,1.0299e-10
8.2582e-11,1.7481e-11,9.3619e-11
2.2563e-10,8.7418e-11,6.7124e-11
2.251e-11,2.5957e-11,2.3572e-11
2.1748e-10,9.0877e-11,7.4752e-11
2.918e-11,2.8728e-11,2.5125e-11
2.6935e-11,3.2564e-11,2.8558e-11
9.6923e-11,6.419e-11,4.697e-11
1.3663e-10,6.1942e-11,4.0222e-11
1.6202e-10,1.5006e-10,6.7752e-11
1.3287e-10,6.9738e-11,4.908e-11
1.5613e-10,1.5637e-10,6.8711e-11
1.9445e-10,9.2578e-11,6.9686e-11
1.9852e-10,1.0953e-10,6.7853e-11
3.7995e-11,5.4293e-11,4.7859e-11
5.9178e-11,8.071e-11,6.9289e-11
1.9956e-10,1.9422e-10,9.0626e-11
1.1473e-10,8.3484e-11,4.1144e-11
2.3813e-11,2.2116e-11,2.3812e-11
3.0897e-11,2.2561e-11,2.5405e-11
2.7066e-11,2.8194e-11,2.7994e-11
9.1613e-11,1.2734e-10,5.3119e-11
5.59e-11,6.4128e-11,6.1778e-11
1.0628e-10,1.7429e-10,7.8603e-11
8.7397e-11,1.2397e-10,9.4233e-11
4.604e-11,3.8204e-11,5.1815e-11
1.0806e-10,1.7934e-10,6.936e-11
2.9899e-11,1.8389e-11,2.7615e-11
4.9624e-11,3.1979e-11,4.992e-11
3.2978e-11,2.3586e-11,3.331e-11
2.4991e-10,6.8403e-11,1.3413e-10
3.6921e-11,2.4816e-11,3.9947e-11
2.278e-10,5.035e-11,1.516e-10
4.5391e-11,1.8057e-11,6.4354e-11
8.5425e-11,3.1261e-11,9.6498e-11
5.1354e-11,2.0479e-11,6.0575e-11
5.982e-11,1.875e-11,7.708e-11
8.8964e-11,2.6889e-11,9.9994e-11
6.7747e-11,1.0958e-11,8.5326e-11
6.6538e-11,1.3407e-11,7.4022e-11
7.7582e-11,1.9841e-11,9.0469e-11
8.6403e-11,1.4368e-11,9.5927e-11
9.3306e-11,1.7712e-11,9.6292e-11
1.536e-10,7.104e-11,4.3806e-11
2.7595e-11,2.9929e-11,2.506e-11
2.3915e-11,2.2571e-11,2.5003e-11
1.6796e-10,7.4686e-11,2.9911e-11
1.8804e-10,1.0701e-10,6.9701e-11
2.1986e-11,2.1788e-11,2.1217e-11
3.8209e-11,2.7969e-11,3.8219e-11
1.9655e-10,1.9136e-10,8.7756e-11
2.0169e-10,1.8947e-10,8.6896e-11
3.6114e-11,2.1921e-11,2.4497e-11
2.3562e-11,2.9747e-11,3.7034e-11
5.8691e-11,8.2651e-11,7.0488e-11
5.6293e-11,7.059e-11,6.4906e-11
1.1235e-10,1.155e-10,4.4044e-11
4.6378e-11,7.4111e-11,5.7582e-11
1.4153e-10,1.6346e-10,1.0803e-10
2.5216e-11,1.7467e-11,2.8346e-11
5.1912e-11,4.1113e-11,7.0269e-11
4.2586e-11,3.0873e-11,5.9631e-11
7.8078e-11,3.71e-11,5.8623e-11
1.0049e-10,5.1333e-11,8.1173e-11
5.3809e-11,2.5728e-11,5.7325e-11
3.1622e-11,1.4684e-11,3.2502e-11
3.0345e-11,1.3989e-11,2.9374e-11
2.6466e-10,5.4668e-11,1.3742e-10
5.4431e-11,3.5326e-11,5.9355e-11
4.0744e-11,1.6984e-11,5.6259e-11
4.4269e-10,8.7905e-11,1.8287e-10
4.4239e-11,2.1771e-11,4.6643e-11
6.1796e-11,3.2256e-11,7.0599e-11
5.6084e-11,1.3731e-11,5.6827e-11
5.1282e-11,1.8039e-11,6.3241e-11
7.4061e-11,2.5725e-11,9.0276e-11
7.3823e-11,1.4528e-11,1.0807e-10
7.8771e-11,1.8928e-11,1.1239e-10
7.3496e-11,1.4016e-11,7.7606e-11
9.3916e-11,6.0117e-12,1.0437e-10
7.115e-11,8.43e-11,6.9906e-11
2.2237e-11,2.3954e-11,2.3343e-11
1.5354e-10,6.3439e-11,3.7273e-11
8.0292e-11,7.0761e-11,4.4508e-11
1.9975e-10,1.1092e-10,6.1915e-11
2.0583e-10,1.1395e-10,6.0538e-11
1.409e-10,6.6328e-11,2.843e-11
3.0023e-11,2.8373e-11,3.6611e-11
2.3151e-11,3.1194e-11,3.2209e-11
1.3926e-10,9.4057e-11,3.9696e-11
1.4693e-10,1.7827e-10,7.4949e-11
2.4101e-11,2.6738e-11,2.9647e-11
1.8862e-10,1.3791e-10,9.259e-11
2.1076e-11,2.2995e-11,2.09e-11
2.3787e-11,2.1138e-11,3.1319e-11
2.0959e-11,1.9991e-11,2.376e-11
5.6824e-11,6.7143e-11,6.093e-11
7.3936e-11,1.1224e-10,4.289e-11
5.4715e-11,6.019e-11,6.2527e-11
7.598e-11,3.7404e-11,6.3289e-11
3.0781e-11,2.2885e-11,3.2147e-11
2.7769e-11,1.1573e-11,2.5989e-11
8.0611e-11,6.7214e-11,6.6528e-11
2.8391e-11,1.8589e-11,3.9241e-11
3.0994e-11,1.577e-11,4.5654e-11
3.2602e-11,2.9706e-11,4.9169e-11
1.11e-10,5.3296e-11,9.2781e-11
1.3355e-10,1.2355e-10,6.7351e-11
1.7953e-10,1.482e-10,9.4373e-11
2.3395e-10,6.4905e-11,1.0815e-10
4.3501e-11,3.006e-11,5.0615e-11
3.285e-11,1.5968e-11,3.3677e-11
3.358e-11,1.2365e-11,3.7808e-11
3.7282e-11,2.4491e-11,3.8414e-11
1.5597e-10,3.6783e-11,1.2084e-10
3.7132e-11,1.1303e-11,5.2604e-11
3.6038e-10,7.2383e-11,1.5492e-10
4.6426e-10,1.0347e-10,1.5905e-10
8.3429e-11,2.25e-11,8.4912e-11
5.7051e-11,2.0479e-11,7.2686e-11
7.6878e-11,2.7272e-11,9.2528e-11
5.4893e-11,2.8102e-11,6.4226e-11
4.3234e-11,1.2524e-11,4.7055e-11
7.7761e-11,2.8699e-11,9.3257e-11
7.3154e-11,2.9578e-11,8.5399e-11
7.0464e-11,2.6594e-11,7.8024e-11
7.919e-11,1.4549e-11,1.0435e-10
7.6003e-11,1.8902e-11,8.7885e-11
8.448e-11,1.8153e-11,1.0514e-10
8.3856e-11,1.4907e-11,9.3175e-11
9.0698e-11,5.6545e-12,1.0425e-10
3.5454e-11,4.4665e-11,3.8946e-11
1.8681e-11,3.3866e-11,1.9728e-11
7.1377e-11,6.2004e-11,3.9262e-11
2.7935e-11,2.8e-11,3.4064e-11
2.7053e-11,2.4821e-11,2.1813e-11
2.3285e-11,1.8979e-11,2.1848e-11
1.7109e-10,1.5253e-10,7.2536e-11
3.8173e-11,4.8459e-11,4.4738e-11
2.331e-11,2.0512e-11,2.4725e-11
4.8673e-11,5.3644e-11,4.5383e-11
2.5207e-11,3.084e-11,3.2058e-11
2.1876e-11,1.9041e-11,2.441e-11
1.3757e-10,1.7695e-10,1.108e-10
5.6059e-11,9.1891e-11,4.3778e-11
4.9192e-11,9.0338e-11,4.3608e-11
8.7952e-11,1.1753e-10,5.1057e-11
6.135e-11,5.6881e-11,4.5135e-11
3.17e-11,2.5274e-11,3.6989e-11
5.5105e-11,2.8679e-11,6.3422e-11
3.3497e-11,1.9798e-11,4.3749e-11
3.6447e-11,2.5606e-11,5.1115e-11
5.5223e-11,4.4099e-11,5.8242e-11
5.3509e-11,3.7512e-11,5.779e-11
1.6552e-10,4.2285e-11,7.4809e-11
1.9551e-10,1.2489e-10,7.9862e-11
3.0365e-11,1.1523e-11,2.9322e-11
3.2013e-11,2.3842e-11,3.2847e-11
3.5639e-10,1.1014e-10,1.4455e-10
3.742e-11,2.1625e-11,4.0818e-11
3.7581e-11,1.2505e-11,4.2513e-11
1.7773e-10,3.3253e-11,1.0866e-10
4.6386e-11,1.7913e-11,6.1427e-11
3.924e-11,7.3223e-12,4.0164e-11
4.3917e-11,1.8357e-11,6.0262e-11
4.4089e-11,1.6611e-11,4.6687e-11
9.3094e-11,1.4115e-11,1.097e-10
9.4974e-11,7.2875e-11,5.7858e-11
2.9644e-11,3.4107e-11,3.3206e-11
2.0096e-10,9.5212e-11,7.2706e-11
2.0955e-10,8.5618e-11,5.9406e-11
1.3241e-10,1.4508e-10,5.4316e-11
1.5759e-10,7.2286e-11,3.2856e-11
1.2693e-10,6.5587e-11,5.1014e-11
3.2057e-11,3.5087e-11,4.9445e-11
1.8601e-10,1.0172e-10,7.6241e-11
3.2284e-11,3.756e-11,3.7465e-11
1.9015e-10,1.2144e-10,6.0073e-11
2.0311e-10,1.3816e-10,7.1114e-11
2.8996e-11,3.7734e-11,3.7121e-11
6.3101e-11,8.2132e-11,6.7506e-11
1.7583e-10,8.4392e-11,3.403e-11
1.7873e-10,1.9394e-10,9.8686e-11
1.7553e-11,2.1375e-11,2.2932e-11
2.2214e-11,2.3922e-11,2.9478e-11
1.8497e-11,2.1831e-11,1.9934e-11
6.1957e-11,7.7429e-11,6.3058e-11
1.6026e-10,1.6725e-10,1.0025e-10
2.5208e-11,2.0719e-11,1.9825e-11
1.3774e-10,1.244e-10,8.583e-11
4.9261e-11,9.2333e-11,4.8545e-11
6.5254e-11,4.227e-11,5.1086e-11
6.0591e-11,6.2423e-11,6.3808e-11
4.0096e-11,4.1078e-11,4.7164e-11
2.6738e-11,1.5697e-11,3.3171e-11
1.1192e-10,5.5908e-11,7.2117e-11
8.9736e-11,1.5971e-10,7.4839e-11
1.1384e-10,2.2849e-10,9.2017e-11
3.6155e-11,1.7814e-11,3.3425e-11
2.7607e-11,1.5176e-11,2.5785e-11
3.1207e-11,2.4549e-11,3.2197e-11
3.6143e-11,1.7782e-11,3.9605e-11
3.9629e-11,1.0975e-11,4.4479e-11
3.9304e-11,9.8992e-12,5.1588e-11
3.4709e-10,5.297e-11,1.4729e-10
4.0101e-11,1.1725e-11,3.8611e-11
4.1101e-11,1.4069e-11,4.4495e-11
4.2877e-11,1.2171e-11,4.7637e-11
4.4988e-11,1.9255e-11,4.688e-11
6.1032e-11,2.8529e-11,6.9463e-11
4.9416e-11,1.2754e-11,7.1225e-11
6.9424e-11,1.4741e-11,9.9962e-11
8.6535e-11,1.8089e-11,1.1113e-10
7.0558e-11,9.1076e-11,6.3251e-11
1.4797e-10,1.3192e-10,5.4619e-11
2.1467e-11,2.2024e-11,1.9059e-11
1.7415e-10,1.0655e-10,8.4295e-11
1.3868e-10,2.0214e-10,8.0632e-11
1.9902e-10,1.6526e-10,9.1284e-11
4.5374e-11,6.2426e-11,5.5514e-11
2.4552e-11,2.1518e-11,2.285e-11
1.7035e-10,1.8142e-10,1.1546e-10
1.6228e-10,1.8362e-10,1.1894e-10
3.3699e-11,3.5466e-11,4.0518e-11
7.392e-11,6.938e-11,5.8752e-11
1.3068e-10,2.1636e-10,1.0168e-10
4.156e-11,2.9792e-11,5.4803e-11
7.0325e-11,3.6166e-11,5.58e-11
6.2411e-11,6.3487e-11,7.0116e-11
1.1032e-10,2.4538e-10,9.1566e-11
8.5525e-11,4.5428e-11,6.2931e-11
3.1915e-11,1.3299e-11,4.0721e-11
3.2076e-11,1.7986e-11,3.3391e-11
3.3858e-11,1.3929e-11,3.2751e-11
3.7086e-11,1.7048e-11,4.1773e-11
5.7614e-11,2.2748e-11,7.2613e-11
5.6613e-11,1.5774e-11,8.3701e-11
6.2876e-11,2.7433e-11,7.128e-11
5.7274e-11,2.1805e-11,6.1722e-11
5.9594e-11,8.7052e-12,7.1954e-11
7.7998e-11,3.3604e-11,8.6724e-11
8.7368e-11,7.2582e-12,9.9337e-11
8.5694e-11,1.282e-11,8.6966e-11
8.0452e-11,8.7032e-11,6.6978e-11
1.6695e-11,1.9724e-11,2.0691e-11
1.622e-10,6.6962e-11,5.6083e-11
2.4457e-11,2.8433e-11,2.2394e-11
3.4409e-11,6.0994e-11,5.0719e-11
1.8356e-10,1.2104e-10,6.7819e-11
2.4458e-11,2.3746e-11,3.058e-11
2.496e-11,3.0311e-11,2.0699e-11
9.7683e-11,7.1303e-11,9.4021e-11
2.5092e-11,2.768e-11,2.8238e-11
2.5983e-11,2.1518e-11,1.9855e-11
1.6955e-10,1.1382e-10,6.7237e-11
2.0508e-11,2.8035e-11,2.3355e-11
1.3261e-10,7.1106e-11,4.3813e-11
1.484e-10,1.3922e-10,8.4264e-11
1.4378e-10,1.441e-10,8.7923e-11
2.1729e-11,2.5829e-11,1.9637e-11
2.1952e-11,1.4549e-11,2.1835e-11
2.2136e-11,1.7352e-11,2.3177e-11
4.8244e-11,9.1034e-11,4.9321e-11
2.6508e-11,9.3736e-12,2.6659e-11
3.0833e-11,2.2002e-11,3.6075e-11
3.321e-11,2.5951e-11,3.6222e-11
7.6218e-11,2.8326e-11,7.3988e-11
1.7101e-10,6.9963e-11,7.3223e-11
3.1243e-11,2.5404e-11,3.9353e-11
6.6086e-11,5.2744e-11,7.0934e-11
4.4084e-11,3.0213e-11,4.8868e-11
3.2239e-11,2.0029e-11,3.1065e-11
2.1403e-10,4.1731e-11,1.1069e-10
3.5149e-11,1.0885e-11,3.7442e-11
2.2288e-10,5.0956e-11,1.1453e-10
3.9866e-10,1.4443e-10,1.3922e-10
4.5884e-11,1.1246e-11,6.3519e-11
6.0729e-11,2.7552e-11,6.8099e-11
7.0447e-11,2.1886e-11,9.5737e-11
7.0803e-11,2.3155e-11,8.9963e-11
8.0059e-11,1.5571e-11,1.1191e-10
1.0164e-10,1.6058e-11,1.0547e-10
1.2022e-10,5.3722e-11,6.3307e-11
2.6111e-11,2.1682e-11,3.325e-11
2.4564e-11,2.3124e-11,2.3151e-11
1.7124e-10,1.1637e-10,6.871e-11
1.4674e-10,6.8052e-11,3.3584e-11
1.4784e-10,1.5609e-10,6.6515e-11
3.4878e-11,4.3661e-11,3.4645e-11
5.7004e-11,7.5983e-11,7.0187e-11
3.1062e-11,3.982e-11,3.1356e-11
3.0349e-11,3.9982e-11,3.7491e-11
5.1059e-11,6.6714e-11,5.9648e-11
2.0823e-11,1.9518e-11,2.6034e-11
5.0452e-11,1.0029e-10,6.5589e-11
5.7425e-11,6.2358e-11,6.3116e-11
3.385e-11,3.6853e-11,3.603e-11
2.3279e-11,2.7028e-11,3.3373e-11
5.1991e-11,5.321e-11,6.2814e-11
2.4847e-11,1.4386e-11,2.7169e-11
3.0712e-11,1.0996e-11,3.3503e-11
1.1623e-10,2.7614e-10,1.1025e-10
5.9085e-11,2.897e-11,5.7309e-11
4.1507e-11,2.5168e-11,5.8422e-11
8.4131e-11,1.4297e-10,6.8537e-11
2.8208e-11,1.263e-11,3.8788e-11
3.2228e-11,1.6793e-11,4.2735e-11
8.8401e-11,4.4895e-11,6.9355e-11
2.726e-11,1.7608e-11,2.4959e-11
6.8046e-11,3.3849e-11,5.9809e-11
2.6401e-11,1.0932e-11,2.5436e-11
2.8476e-11,9.0857e-12,2.9287e-11
6.4871e-11,6.0144e-11,7.4483e-11
2.4539e-10,9.7377e-11,8.4388e-11
2.2251e-10,8.4048e-11,7.4692e-11
4.5336e-11,3.1056e-11,4.9388e-11
3.0678e-11,1.8959e-11,3.2582e-11
4.1231e-11,2.7698e-11,4.5118e-11
6.1384e-11,4.3675e-11,6.7877e-11
3.5553e-11,1.7077e-11,4.5837e-11
6.5599e-11,4.7332e-11,7.4099e-11
3.196e-10,1.701e-10,1.344e-10
3.6698e-11,1.7133e-11,3.5093e-11
4.0035e-11,9.2866e-12,5.0598e-11
1.3497e-10,3.4887e-11,1.2115e-10
4.8047e-11,1.3634e-11,5.2182e-11
6.1257e-11,2.9112e-11,6.7432e-11
6.9327e-11,2.889e-11,7.469e-11
5.3679e-11,1.5586e-11,5.7407e-11
8.2972e-11,2.514e-11,1.049e-10
9.3647e-11,1.5693e-11,1.1944e-10
6.0709e-11,7.1071e-11,5.3355e-11
2.7208e-11,2.969e-11,2.7484e-11
1.8737e-10,8.3508e-11,7.7571e-11
2.5701e-11,2.027e-11,2.8758e-11
2.3355e-11,3.3195e-11,3.1297e-11
4.2596e-11,4.6707e-11,4.317e-11
2.8156e-11,2.7113e-11,2.4146e-11
2.5544e-11,2.2247e-11,1.8493e-11
1.2828e-10,7.0369e-11,4.828e-11
1.2802e-10,1.6026e-10,8.6089e-11
1.8293e-11,2.099e-11,2.4697e-11
2.6725e-11,3.0653e-11,3.1141e-11
1.7995e-11,1.9996e-11,1.9505e-11
1.0126e-10,1.9125e-10,7.8961e-11
5.2512e-11,5.2587e-11,5.0566e-11
5.6443e-11,6.3125e-11,6.667e-11
3.2748e-11,3.2569e-11,3.9086e-11
2.6754e-11,1.454e-11,3.8784e-11
5.6143e-11,5.2905e-11,6.0432e-11
1.0004e-10,2.7106e-10,1.3314e-10
5.8641e-11,2.5299e-11,6.7276e-11
4.0273e-11,3.352e-11,5.5151e-11
1.0429e-10,2.0676e-10,9.981e-11
3.8637e-11,2.7832e-11,4.0733e-11
3.2214e-11,2.4661e-11,3.0918e-11
3.4496e-11,1.8429e-11,5.3429e-11
2.6476e-10,9.7787e-11,9.1104e-11
3.6763e-11,2.1745e-11,3.869e-11
4.3775e-11,2.9104e-11,4.6044e-11
2.6863e-10,8.3487e-11,9.167e-11
4.3481e-11,2.9218e-11,4.6997e-11
3.3561e-11,1.8106e-11,3.3597e-11
3.2853e-11,1.5703e-11,3.3188e-11
3.2548e-10,6.9454e-11,9.4677e-11
3.6661e-11,2.202e-11,3.775e-11
1.1191e-10,2.9643e-11,9.9009e-11
6.4836e-11,4.4613e-11,7.4624e-11
6.9611e-11,4.0565e-11,7.39e-11
1.4467e-10,3.9768e-11,1.1175e-10
1.6992e-10,3.3498e-11,1.2049e-10
6.398e-11,8.3991e-12,6.9322e-11
6.9999e-11,2.3133e-11,9.4346e-11
7.3691e-11,1.8246e-11,1.0479e-10
1.0523e-10,5.537e-11,5.1225e-11
1.7653e-10,8.8789e-11,6.1714e-11
3.0518e-11,3.3314e-11,1.8933e-11
1.2025e-10,1.3073e-10,5.2148e-11
2.3761e-11,3.2219e-11,2.7771e-11
2.6676e-11,3.3986e-11,2.3549e-11
1.2975e-10,1.6257e-10,5.9907e-11
1.5605e-10,1.0304e-10,8.9999e-11
2.8947e-11,2.8068e-11,2.431e-11
2.3606e-11,2.2521e-11,2.4244e-11
3.2791e-11,1.7315e-11,3.3807e-11
5.9775e-11,7.7305e-11,7.4167e-11
3.0005e-11,3.8394e-11,3.371e-11
7.7751e-11,1.2888e-10,8.6211e-11
7.7519e-11,1.88e-10,7.6968e-11
2.143e-11,2.2211e-11,2.5774e-11
4.576e-11,4.3778e-11,6.5873e-11
5.3533e-11,1.0645e-10,4.2284e-11
2.5773e-11,1.7304e-11,3.2693e-11
1.2842e-10,2.1197e-10,1.2399e-10
7.2268e-11,1.2205e-10,5.1316e-11
5.1999e-11,3.0065e-11,5.6616e-11
3.2672e-11,3.1688e-11,3.7858e-11
4.5378e-11,2.6154e-11,5.2938e-11
7.2903e-11,4.0908e-11,5.6368e-11
3.2005e-11,1.855e-11,3.3048e-11
3.9998e-11,3.8759e-11,4.9181e-11
1.061e-10,4.344e-11,8.3705e-11
1.0587e-10,2.7192e-10,1.5109e-10
3.205e-11,1.3352e-11,4.1175e-11
1.2464e-10,4.4074e-11,1.0351e-10
2.3452e-10,8.187e-11,7.6852e-11
1.9107e-10,4.2475e-11,1.0788e-10
4.4813e-11,1.6797e-11,4.5707e-11
6.4628e-11,3.8994e-11,6.6685e-11
4.9482e-11,2.3362e-11,5.2238e-11
4.1077e-10,8.1472e-11,1.9085e-10
4.8479e-11,1.7045e-11,5.2977e-11
6.4889e-11,1.5447e-11,6.7816e-11
7.1323e-11,1.0522e-11,9.485e-11
7.7452e-11,1.6293e-11,1.076e-10
1.1725e-10,7.607e-11,4.416e-11
2.8989e-11,2.2793e-11,2.353e-11
2.1168e-11,2.432e-11,1.991e-11
1.4487e-10,1.0118e-10,5.8525e-11
1.4346e-10,1.0615e-10,6.1697e-11
1.6756e-10,8.9279e-11,6.4609e-11
2.5677e-11,2.0184e-11,2.6473e-11
1.7694e-10,6.7688e-11,3.1763e-11
1.0362e-10,1.2098e-10,5.2101e-11
1.116e-10,5.9194e-11,2.7109e-11
1.5306e-10,6.716e-11,4.6819e-11
3.4918e-11,2.9093e-11,3.3738e-11
2.2069e-11,1.5991e-11,1.6041e-11
2.461e-11,2.8509e-11,2.2859e-11
1.3729e-10,7.957e-11,5.4625e-11
4.0115e-11,2.5435e-11,3.3663e-11
3.387e-11,3.8003e-11,3.0587e-11
2.5433e-11,2.0636e-11,2.3134e-11
1.5318e-10,1.8773e-10,9.5096e-11
3.9863e-11,5.0815e-11,5.2828e-11
2.7935e-11,2.9038e-11,2.6317e-11
2.2099e-11,2.092e-11,2.8824e-11
1.8902e-11,1.7892e-11,2.1542e-11
2.1951e-11,2.2865e-11,2.9151e-11
2.8021e-11,2.2544e-11,3.1045e-11
1.256e-10,2.869e-10,1.6864e-10
5.9588e-11,5.7483e-11,6.1085e-11
3.0394e-11,2.8857e-11,3.4946e-11
9.6177e-11,2.432e-10,1.2348e-10
4.2933e-11,2.4883e-11,5.346e-11
2.6825e-11,1.71e-11,2.552e-11
3.2567e-11,2.4942e-11,3.5698e-11
2.8633e-11,1.9137e-11,2.587e-11
3.1615e-11,2.6862e-11,3.5728e-11
6.8963e-11,5.9714e-11,7.1614e-11
3.3143e-11,2.2589e-11,4.5605e-11
5.1947e-11,4.0004e-11,5.2355e-11
3.1112e-11,1.7571e-11,3.2134e-11
3.3818e-11,1.8329e-11,5.2613e-11
3.2691e-11,1.457e-11,3.5232e-11
6.1901e-11,3.6505e-11,6.6539e-11
6.3851e-11,3.6103e-11,6.738e-11
3.8477e-10,7.0022e-11,1.8462e-10
5.4225e-11,2.4149e-11,5.6067e-11
7.4477e-11,4.4483e-11,7.904e-11
6.5712e-11,1.3129e-11,6.8482e-11
8.0739e-11,2.2095e-11,9.3643e-11
8.3953e-11,1.3265e-11,9.1671e-11
2.2645e-11,1.9338e-11,2.8906e-11
3.3616e-11,3.4985e-11,2.9654e-11
1.6573e-10,1.0122e-10,7.1222e-11
1.4481e-10,9.8184e-11,9.3054e-11
1.7606e-10,7.7785e-11,4.4439e-11
5.2072e-11,5.9516e-11,5.2739e-11
8.8578e-11,1.6464e-10,4.6686e-11
8.8706e-11,1.6474e-10,5.1046e-11
1.0411e-10,1.753e-10,5.4153e-11
3.6103e-11,4.3197e-11,4.0628e-11
6.3407e-11,7.7538e-11,6.6901e-11
2.3508e-11,2.8848e-11,2.6925e-11
1.213e-10,1.6363e-10,1.1921e-10
6.8358e-11,1.14e-10,4.6846e-11
3.4695e-11,2.6302e-11,5.0271e-11
1.1064e-10,2.927e-10,1.8191e-10
3.0661e-11,1.7218e-11,3.2537e-11
2.9589e-11,1.5772e-11,3.2105e-11
3.194e-11,1.9724e-11,4.3554e-11
2.8698e-11,1.7041e-11,2.5241e-11
1.2823e-10,1.3658e-10,7.0407e-11
1.3466e-10,2.4226e-10,1.0445e-10
2.5078e-10,8.3856e-11,9.572e-11
3.3783e-11,1.442e-11,3.4151e-11
4.0706e-11,9.7653e-12,3.8815e-11
7.5412e-11,5.1524e-11,8.3307e-11
4.2796e-10,1.3367e-10,1.7556e-10
1.3574e-10,4.1071e-11,1.1965e-10
7.7599e-11,4.6702e-11,8.152e-11
5.3821e-11,8.4981e-12,6.482e-11
5.1277e-11,1.5281e-11,5.3066e-11
5.8773e-11,2.3583e-11,7.4203e-11
6.4011e-11,2.1306e-11,7.5114e-11
6.8021e-11,1.7754e-11,8.8904e-11
6.489e-11,1.4173e-11,6.6707e-11
8.9723e-11,2.6675e-11,1.088e-10
9.0943e-11,2.1184e-11,1.1556e-10
8.4846e-11,9.637e-12,8.7375e-11
9.6164e-11,1.2892e-11,1.1443e-10
3.8535e-11,5.4415e-11,4.3156e-11
1.4982e-10,9.1666e-11,8.5689e-11
8.3937e-11,1.2302e-10,4.5792e-11
8.4179e-11,1.3896e-10,3.3662e-11
1.9969e-11,3.5089e-11,2.798e-11
1.2838e-10,1.3473e-10,6.568e-11
8.0117e-11,1.8787e-10,4.1373e-11
1.3917e-10,1.1363e-10,8.7411e-11
3.4308e-11,3.9664e-11,3.6481e-11
2.4644e-11,2.1788e-11,2.4247e-11
1.4963e-10,1.3127e-10,6.8657e-11
3.0877e-11,3.0993e-11,3.512e-11
2.7266e-11,2.588e-11,3.2262e-11
6.5567e-11,1.1875e-10,7.318e-11
1.9673e-11,1.9698e-11,2.5154e-11
6.0416e-11,7.6974e-11,4.5993e-11
4.9347e-11,9.3497e-11,3.9273e-11
5.967e-11,5.82e-11,6.1697e-11
1.2644e-10,1.2963e-10,6.7814e-11
3.283e-11,1.5363e-11,5.1755e-11
1.0328e-10,4.0039e-11,8.1053e-11
3.6644e-11,2.0702e-11,3.3609e-11
1.4214e-10,1.5549e-10,1.0292e-10
3.2234e-11,1.4597e-11,5.1671e-11
1.7511e-10,1.4092e-10,7.5473e-11
4.0695e-11,2.8702e-11,4.0949e-11
3.7665e-11,1.5675e-11,3.7447e-11
7.2494e-11,5.8806e-11,7.8433e-11
2.1527e-10,1.6686e-10,1.2372e-10
1.1233e-10,2.9694e-11,7.6829e-11
3.3886e-11,1.3817e-11,3.9243e-11
4.0372e-11,2.1951e-11,3.9751e-11
4.8337e-11,1.8548e-11,5.2824e-11
6.9253e-11,1.7407e-11,8.6387e-11
9.5546e-11,1.4206e-11,9.9695e-11
1.5805e-10,8.125e-11,6.7066e-11
2.6329e-11,2.3142e-11,2.1548e-11
1.5172e-10,9.0947e-11,7.473e-11
1.3963e-10,6.8872e-11,6.6515e-11
8.8413e-11,1.3829e-10,3.8284e-11
3.8133e-11,3.915e-11,3.5707e-11
2.9992e-11,3.8341e-11,4.6702e-11
2.5377e-11,2.3636e-11,2.187e-11
1.0417e-10,1.8949e-10,7.3504e-11
6.6945e-11,7.942e-11,6.7369e-11
5.4453e-11,7.1292e-11,6.7159e-11
1.2125e-10,2.1077e-10,1.3029e-10
1.202e-10,1.8236e-10,9.5859e-11
1.3862e-10,2.5724e-10,1.0717e-10
1.2425e-10,2.5272e-10,1.1056e-10
9.122e-11,1.9591e-10,1.2075e-10
7.8939e-11,1.8816e-10,1.085e-10
2.9962e-11,1.9289e-11,2.734e-11
5.5666e-11,5.3774e-11,5.1374e-11
2.2445e-11,2.0536e-11,2.3576e-11
4.9962e-11,2.9584e-11,4.6927e-11
6.108e-11,1.5927e-10,9.4799e-11
3.7708e-11,3.3707e-11,3.9866e-11
2.9236e-11,2.4386e-11,3.2739e-11
4.0253e-11,2.0487e-11,5.0663e-11
8.0782e-11,2.2819e-10,9.1343e-11
1.0224e-10,1.0891e-10,5.0868e-11
5.5955e-11,5.1333e-11,5.8213e-11
6.2498e-11,5.7987e-11,6.513e-11
3.037e-11,1.6559e-11,3.3846e-11
1.5999e-10,2.8884e-10,1.4249e-10
4.4724e-11,3.1018e-11,4.4197e-11
2.6707e-10,1.678e-10,1.0427e-10
7.062e-11,5.1333e-11,7.583e-11
2.6028e-10,2.1954e-10,1.2962e-10
4.8415e-11,3.4749e-11,5.1735e-11
5.8054e-11,3.7612e-11,6.0243e-11
4.0993e-11,1.4309e-11,4.6757e-11
3.1903e-10,8.2172e-11,1.2692e-10
4.62e-11,3.2607e-11,4.7215e-11
4.407e-11,2.7191e-11,4.9259e-11
3.8478e-10,1.1974e-10,1.5688e-10
4.4943e-10,1.3635e-10,1.588e-10
6.6272e-11,2.1969e-11,8.7083e-11
5.0527e-11,2.2097e-11,5.2073e-11
1.8888e-10,4.1164e-11,1.4633e-10
5.5564e-11,1.1874e-11,6.3338e-11
7.2211e-11,2.185e-11,9.0454e-11
8.2811e-11,4.2295e-11,8.7355e-11
7.9939e-11,3.4823e-11,8.2056e-11
7.3009e-11,1.5679e-11,8.556e-11
6.6524e-11,1.9108e-11,7.6653e-11
8.6216e-11,3.4813e-11,9.9978e-11
3.8854e-11,3.5391e-11,3.2777e-11
2.5094e-11,2.5744e-11,3.0316e-11
6.4971e-11,1.6145e-10,3.0144e-11
1.3377e-10,9.4281e-11,9.3736e-11
2.8079e-11,2.5792e-11,4.0291e-11
7.2627e-11,1.5147e-10,3.6157e-11
1.7606e-11,1.7011e-11,1.5297e-11
9.2335e-11,7.6733e-11,5.3223e-11
2.4174e-11,2.2336e-11,2.1774e-11
1.3034e-10,8.9478e-11,4.9902e-11
2.449e-11,2.1576e-11,2.693e-11
1.97e-11,1.7327e-11,1.6413e-11
1.8171e-11,1.994e-11,1.8824e-11
1.2101e-10,2.5848e-10,1.1379e-10
4.8868e-11,5.5054e-11,4.8688e-11
7.6511e-11,1.656e-10,6.0293e-11
5.1456e-11,1.3122e-10,8.0128e-11
3.16e-11,3.23e-11,3.4519e-11
2.7893e-11,1.2584e-11,2.6882e-11
3.1156e-11,2.7764e-11,3.8058e-11
1.1884e-10,3.0642e-10,1.8518e-10
2.9624e-11,2.4657e-11,4.8711e-11
5.5911e-11,2.4003e-11,5.3675e-11
3.6452e-11,3.0263e-11,4.2231e-11
2.7909e-11,1.5322e-11,2.4421e-11
1.2381e-10,3.0884e-10,1.8544e-10
1.755e-10,1.4668e-10,8.4013e-11
5.003e-11,3.6484e-11,4.9398e-11
1.7295e-10,2.3353e-10,1.6131e-10
5.0985e-11,3.5562e-11,4.9931e-11
1.1132e-10,2.8396e-11,9.8821e-11
2.7168e-10,2.3036e-10,1.6207e-10
4.1351e-11,1.0352e-11,5.5866e-11
5.0167e-11,2.6677e-11,7.5516e-11
5.6578e-11,2.0984e-11,7.5737e-11
4.8509e-11,1.9536e-11,5.0677e-11
1.4831e-10,3.0883e-11,1.2809e-10
7.7713e-11,2.5612e-11,9.5117e-11
7.8136e-11,2.1599e-11,9.4338e-11
7.233e-11,3.8281e-11,7.556e-11
6.7939e-11,1.2381e-11,7.9666e-11
6.775e-11,1.2876e-11,7.8207e-11
5.8037e-11,1.661e-11,6.1937e-11
8.1282e-11,1.8562e-11,8.6639e-11
9.6197e-11,2.0579e-11,1.1698e-10
2.3068e-11,2.5741e-11,3.7184e-11
2.2837e-11,2.6345e-11,3.7761e-11
1.2951e-10,1.1576e-10,5.5118e-11
2.4979e-11,2.3196e-11,3.6237e-11
6.5732e-11,7.8516e-11,6.2049e-11
2.1835e-11,2.1465e-11,2.0516e-11
8.2869e-11,2.0018e-10,3.9462e-11
1.2845e-10,1.2877e-10,7.9733e-11
1.2732e-10,1.7807e-10,9.9907e-11
4.826e-11,5.3478e-11,4.431e-11
5.5234e-11,5.6871e-11,5.5862e-11
5.8785e-11,1.5256e-10,7.9726e-11
5.9314e-11,5.6393e-11,5.8953e-11
2.5569e-11,1.9952e-11,3.0443e-11
2.9097e-11,2.1457e-11,3.374e-11
4.5511e-11,3.9962e-11,4.4618e-11
2.6764e-11,2.4854e-11,4.0591e-11
9.499e-11,9.149e-11,4.9127e-11
7.3164e-11,2.2797e-10,1.1142e-10
3.1778e-11,1.6764e-11,4.3355e-11
2.8361e-11,2.1547e-11,2.6042e-11
2.7172e-11,8.0795e-12,2.8451e-11
6.7616e-11,6.0467e-11,6.9121e-11
3.35e-11,2.0684e-11,3.9424e-11
3.0503e-11,1.5271e-11,3.8577e-11
3.3524e-11,3.0327e-11,2.7917e-11
2.1902e-10,1.7099e-10,1.0164e-10
2.0655e-10,2.3071e-10,1.6258e-10
4.2992e-11,8.0382e-12,5.0471e-11
4.115e-11,9.588e-12,5.3704e-11
8.0114e-11,4.8356e-11,8.2246e-11
5.1209e-11,1.5235e-11,6.1039e-11
6.8188e-11,3.0029e-11,6.9055e-11
7.6054e-11,2.4513e-11,9.4037e-11
7.4829e-11,2.4112e-11,9.3933e-11
8.066e-11,2.4601e-11,9.6713e-11
9.1576e-11,2.9457e-11,1.0507e-10
8.4109e-11,3.3676e-11,1.0657e-10
8.318e-11,1.4346e-11,9.9373e-11
8.9642e-11,2.6056e-11,9.9018e-11
8.4159e-11,2.3351e-11,9.3618e-11
8.5159e-11,1.9411e-11,8.802e-11
2.3072e-11,2.3628e-11,2.4148e-11
1.4379e-10,8.3914e-11,7.7286e-11
4.0194e-11,3.4243e-11,3.2793e-11
2.3381e-11,2.3486e-11,2.1156e-11
2.5029e-11,2.7695e-11,2.412e-11
7.6715e-11,1.8887e-10,3.4424e-11
4.7151e-11,4.8937e-11,4.5555e-11
7.7857e-11,1.4825e-10,4.7477e-11
1.0061e-10,1.3184e-10,7.1671e-11
1.0622e-10,1.3079e-10,6.8814e-11
2.0248e-11,2.4603e-11,2.0083e-11
5.8022e-11,6.548e-11,4.9884e-11
5.6067e-11,7.0791e-11,5.9824e-11
2.3586e-11,2.5015e-11,2.6678e-11
9.67e-11,2.0783e-10,8.2276e-11
3.9018e-11,4.506e-11,3.8898e-11
2.6195e-11,2.7632e-11,2.1255e-11
2.3368e-11,1.9023e-11,2.1791e-11
7.205e-11,6.9967e-11,4.288e-11
6.6661e-11,3.6142e-11,4.9234e-11
2.963e-11,3.3244e-11,2.7387e-11
4.4826e-11,2.5164e-11,5.3785e-11
1.0841e-10,3.0594e-10,1.8724e-10
1.2556e-10,7.4144e-11,6.1123e-11
2.7788e-11,8.458e-12,2.7106e-11
3.1851e-11,2.6743e-11,2.7224e-11
2.9649e-11,1.6653e-11,3.9374e-11
3.3463e-11,1.7357e-11,3.2078e-11
3.081e-11,2.4536e-11,2.6303e-11
1.6882e-10,5.2157e-11,7.6834e-11
3.7181e-11,1.7545e-11,4.1266e-11
4.1953e-11,2.1205e-11,6.7426e-11
3.6863e-11,1.0442e-11,5.0282e-11
3.5452e-11,1.4501e-11,3.6333e-11
4.0898e-11,1.1785e-11,5.4773e-11
4.6046e-11,1.5838e-11,6.7762e-11
2.9706e-10,6.8735e-11,1.8195e-10
1.9954e-10,4.4037e-11,1.5462e-10
9.1102e-11,3.0564e-11,1.0567e-10
8.6024e-11,2.3493e-11,9.0792e-11
8.7813e-11,2.0015e-11,9.6105e-11
1.0397e-10,7.1e-12,1.1655e-10
1.0864e-10,9.7834e-11,6.0773e-11
1.8954e-11,3.1111e-11,2.6822e-11
1.8526e-11,1.9803e-11,1.9571e-11
1.1272e-10,8.6599e-11,6.0732e-11
4.2091e-11,3.482e-11,3.7434e-11
5.9985e-11,1.5291e-10,3.1112e-11
3.083e-11,2.8913e-11,2.1426e-11
2.9309e-11,3.0492e-11,2.2762e-11
2.4606e-11,1.7968e-11,2.7803e-11
2.8784e-11,2.5802e-11,2.5277e-11
1.0838e-10,7.8186e-11,6.3381e-11
2.2022e-11,2.2323e-11,1.9772e-11
1.1032e-10,2.458e-10,1.0828e-10
5.6037e-11,6.1768e-11,5.6478e-11
6.067e-11,1.2993e-10,6.6256e-11
1.145e-10,2.8617e-10,1.4205e-10
4.1605e-11,8.6468e-11,4.6171e-11
4.6347e-11,1.0097e-10,6.0757e-11
5.48e-11,5.5288e-11,5.4429e-11
2.9157e-11,2.2325e-11,2.2612e-11
3.9537e-11,3.9994e-11,4.3544e-11
2.7323e-11,1.988e-11,3.3533e-11
7.6434e-11,3.4058e-11,6.6911e-11
1.0177e-10,1.0595e-10,7.5391e-11
2.9894e-11,1.6564e-11,4.4311e-11
2.8511e-11,1.9611e-11,4.6685e-11
9.6986e-11,2.7828e-10,1.7304e-10
3.1398e-11,1.1978e-11,3.3933e-11
3.1518e-11,1.8618e-11,3.502e-11
1.5099e-10,2.8841e-10,1.6552e-10
3.3665e-11,2.0878e-11,3.298e-11
3.1916e-11,1.6383e-11,3.0836e-11
4.7265e-11,2.2401e-11,7.6001e-11
5.4587e-11,2.3162e-11,8.1784e-11
4.9289e-11,2.3617e-11,7.1114e-11
4.8932e-11,1.8465e-11,6.0817e-11
5.0553e-11,1.7191e-11,6.2043e-11
5.0376e-11,3.1472e-11,5.4059e-11
5.4496e-11,1.7012e-11,6.8072e-11
8.5809e-11,2.6326e-11,1.1696e-10
2.8566e-10,6.6435e-11,1.7227e-10
1.0184e-10,2.7367e-11,1.2058e-10
2.6944e-11,2.6717e-11,2.3848e-11
9.2022e-11,1.6084e-10,5.5118e-11
1.122e-10,7.686e-11,7.1708e-11
1.31e-10,1.1919e-10,7.9217e-11
9.4985e-11,1.3284e-10,7.6273e-11
5.1164e-11,6.0366e-11,5.7214e-11
6.2761e-11,1.5671e-10,6.7521e-11
2.0802e-11,1.9008e-11,1.8659e-11
2.9842e-11,2.0133e-11,2.9271e-11
8.5512e-11,2.1081e-10,1.1527e-10
6.7465e-11,7.5031e-11,6.5478e-11
2.7425e-11,1.5989e-11,2.7233e-11
5.9933e-11,7.6154e-11,5.1531e-11
4.6689e-11,2.5159e-11,4.9205e-11
4.4477e-11,2.5303e-11,5.0461e-11
7.1189e-11,1.3626e-10,5.5164e-11
1.4532e-10,5.8036e-11,5.4672e-11
8.3282e-11,3.5117e-11,9.2333e-11
1.4998e-10,1.5958e-10,1.3023e-10
4.4912e-11,1.9149e-11,6.812e-11
6.3146e-11,5.0413e-11,6.5212e-11
4.4571e-11,2.162e-11,6.8031e-11
4.2469e-11,1.9191e-11,6.9466e-11
4.5145e-11,1.9269e-11,7.4859e-11
1.6033e-10,3.2692e-11,1.0066e-10
5.0704e-11,1.6925e-11,6.0034e-11
5.173e-11,1.6163e-11,6.1557e-11
4.7843e-11,1.911e-11,5.4499e-11
5.7886e-11,2.1531e-11,7.6309e-11
1.0988e-10,3.0181e-11,1.3314e-10
6.8947e-11,2.5526e-11,8.0358e-11
7.2213e-11,1.447e-11,8.0998e-11
8.8883e-11,3.3913e-11,1.0243e-10
7.8139e-11,1.5469e-11,8.0052e-11
9.5636e-11,2.3669e-11,1.0269e-10
9.6643e-11,9.6975e-12,1.0198e-10
3.2107e-11,4.0717e-11,3.1013e-11
1.0104e-10,6.0478e-11,6.9219e-11
3.9118e-11,3.5827e-11,3.3342e-11
2.7995e-11,1.872e-11,2.8002e-11
1.1898e-10,9.3639e-11,6.6897e-11
1.9737e-11,2.4678e-11,1.7544e-11
2.1459e-11,2.189e-11,1.873e-11
2.6443e-11,2.6468e-11,2.7335e-11
2.051e-11,1.6478e-11,2.604e-11
1.0869e-10,8.2002e-11,4.9108e-11
4.2843e-11,4.3564e-11,3.3857e-11
2.6156e-11,3.2164e-11,2.4961e-11
2.5509e-11,1.8222e-11,1.767e-11
1.1778e-10,8.3108e-11,6.6046e-11
8.8546e-11,2.2533e-10,6.3931e-11
2.3708e-11,2.7307e-11,2.3035e-11
2.425e-11,1.909e-11,2.3661e-11
4.8037e-11,5.5547e-11,4.6951e-11
5.8175e-11,6.9872e-11,5.8757e-11
1.116e-10,2.8341e-10,1.496e-10
7.3401e-11,6.926e-11,5.0058e-11
2.7968e-11,2.002e-11,2.2682e-11
1.0255e-10,2.9596e-10,1.9354e-10
8.7911e-11,1.8974e-10,9.999e-11
3.4459e-11,2.7261e-11,3.3743e-11
2.7811e-11,1.589e-11,3.1677e-11
7.6249e-11,2.9448e-11,9.7556e-11
3.2281e-11,1.8355e-11,3.2125e-11
1.2981e-10,4.0644e-11,9.6987e-11
3.4272e-11,1.4308e-11,3.4401e-11
4.0727e-11,1.2801e-11,5.005e-11
4.1234e-11,1.7553e-11,6.3868e-11
3.1532e-10,2.4356e-10,1.9095e-10
2.4536e-10,8.3777e-11,1.0783e-10
3.6818e-10,2.1008e-10,1.5689e-10
3.316e-10,2.0909e-10,1.9008e-10
4.0089e-11,1.6559e-11,4.691e-11
6.1431e-11,2.5761e-11,9.04e-11
7.8435e-11,2.2958e-11,1.0284e-10
4.1144e-10,1.7473e-10,1.6395e-10
9.2508e-11,2.5119e-11,1.0893e-10
6.2725e-11,1.6783e-11,8.0314e-11
6.476e-11,2.7323e-11,7.499e-11
1.1909e-10,3.2384e-11,1.2914e-10
9.4671e-11,1.246e-11,1.0285e-10
4.4469e-11,4.4991e-11,3.7497e-11
3.0139e-11,1.9693e-11,1.9747e-11
2.8876e-11,2.7075e-11,2.5631e-11
1.0389e-10,6.3248e-11,3.994e-11
1.1077e-10,6.2255e-11,5.8327e-11
9.0349e-11,9.0575e-11,6.8511e-11
6.907e-11,1.7475e-10,4.1317e-11
5.9604e-11,7.211e-11,5.5009e-11
1.8025e-11,1.5248e-11,1.9529e-11
4.791e-11,5.8412e-11,4.7305e-11
2.0227e-11,1.9785e-11,1.6019e-11
5.3989e-11,6.7081e-11,5.887e-11
9.7441e-11,2.3309e-10,9.8216e-11
8.3166e-11,2.0781e-10,1.0143e-10
8.3471e-11,2.0614e-10,1.1727e-10
5.5799e-11,1.5844e-10,9.5904e-11
2.4658e-11,2.7496e-11,2.4267e-11
5.1948e-11,1.2591e-10,4.7395e-11
2.4716e-11,1.8049e-11,3.7724e-11
9.3549e-11,1.8338e-10,8.2645e-11
3.3054e-11,2.5227e-11,3.8407e-11
3.6819e-11,2.0859e-11,6.3377e-11
3.2654e-11,2.6685e-11,3.1408e-11
8.0294e-11,2.8558e-11,9.5683e-11
3.2385e-11,1.4771e-11,3.3439e-11
4.8733e-11,2.2636e-11,7.3992e-11
5.5098e-11,2.1073e-11,9.2348e-11
4.493e-11,1.329e-11,6.4898e-11
5.2634e-11,1.7541e-11,5.5695e-11
5.7811e-11,2.4573e-11,6.0457e-11
5.9368e-11,1.3814e-11,7.4876e-11
7.4914e-11,2.5102e-11,9.8229e-11
8.1697e-11,2.881e-11,1.0672e-10
8.4558e-11,4.286e-11,8.238e-11
8.3464e-11,3.3154e-11,8.6772e-11
9.99e-11,2.6402e-11,1.012e-10
2.6163e-11,2.3825e-11,2.6739e-11
2.1995e-11,2.8998e-11,3.2786e-11
7.7324e-11,9.5522e-11,4.4003e-11
1.1535e-10,7.3259e-11,5.416e-11
1.048e-10,9.9056e-11,7.6092e-11
9.1508e-11,8.7503e-11,7.24e-11
6.3871e-11,1.658e-10,3.6894e-11
1.1196e-10,9.0014e-11,6.5546e-11
6.6314e-11,1.5933e-10,4.6264e-11
4.1851e-11,4.6177e-11,3.3758e-11
4.1943e-11,4.9758e-11,4.2393e-11
8.5243e-11,1.2055e-10,7.4075e-11
3.7622e-11,4.2305e-11,3.393e-11
2.085e-11,2.3788e-11,1.823e-11
1.0635e-10,2.6338e-10,8.3943e-11
1.9847e-11,2.047e-11,2.0021e-11
9.154e-11,2.5023e-10,1.3601e-10
2.4198e-11,3.1055e-11,2.654e-11
2.5418e-11,2.9611e-11,2.7019e-11
2.7654e-11,9.305e-12,2.7527e-11
4.1902e-11,3.4961e-11,4.1201e-11
8.1079e-11,1.9986e-10,9.5743e-11
2.7138e-11,2.1074e-11,3.843e-11
2.9442e-11,1.4945e-11,3.8166e-11
2.9026e-11,1.7111e-11,4.3887e-11
3.0953e-11,1.8967e-11,3.8342e-11
6.3486e-11,5.5455e-11,6.3386e-11
1.7738e-10,1.3682e-10,1.1749e-10
2.2227e-10,6.7094e-11,8.2266e-11
2.0217e-10,1.1602e-10,8.7181e-11
1.3021e-10,3.8664e-11,9.1571e-11
1.8515e-10,1.2197e-10,9.7522e-11
3.8285e-11,2.4648e-11,3.405e-11
4.3288e-11,1.9306e-11,5.8536e-11
3.6508e-11,1.7132e-11,3.5517e-11
4.0822e-11,2.1498e-11,4.1261e-11
7.6265e-11,5.4942e-11,7.832e-11
3.4711e-10,1.6952e-10,1.5979e-10
7.8502e-11,4.7067e-11,7.7729e-11
8.6215e-11,5.3864e-11,8.5322e-11
5.8556e-11,1.7693e-11,8.6034e-11
4.9051e-11,1.0827e-11,5.2324e-11
1.0377e-10,3.0582e-11,1.2759e-10
6.4486e-11,2.9609e-11,6.7416e-11
5.7474e-11,2.6186e-11,6.0435e-11
9.6801e-11,5.4491e-11,9.4137e-11
7.4398e-11,2.9762e-11,7.7571e-11
8.3385e-11,2.3888e-11,1.0377e-10
9.7164e-11,2.5657e-11,1.2189e-10
7.8872e-11,1.4145e-11,8.4582e-11
8.944e-11,1.0606e-11,9.5716e-11
1.3419e-10,5.5252e-11,5.0502e-11
1.077e-10,5.6925e-11,5.1229e-11
2.5165e-11,2.093e-11,2.2686e-11
9.3436e-11,7.4954e-11,6.7862e-11
3.6679e-11,3.8763e-11,3.0456e-11
1.3319e-10,8.0706e-11,6.0639e-11
3.2881e-11,3.3211e-11,2.5359e-11
2.3074e-11,2.8614e-11,2.1166e-11
1.7862e-11,1.9359e-11,2.278e-11
4.0709e-11,4.4215e-11,3.1771e-11
7.345e-11,1.7141e-10,4.3812e-11
1.9518e-11,1.9684e-11,1.6191e-11
7.9579e-11,1.2445e-10,7.4192e-11
2.6237e-11,2.7523e-11,2.7107e-11
8.7656e-11,2.2167e-10,9.6291e-11
4.2904e-11,4.6313e-11,4.041e-11
3.8876e-11,3.899e-11,3.1857e-11
6.855e-11,2.0448e-10,1.2929e-10
1.0949e-10,2.9552e-10,1.6102e-10
2.2722e-11,1.609e-11,1.9815e-11
4.3186e-11,3.745e-11,4.6384e-11
7.0191e-11,2.4361e-10,1.6443e-10
5.1624e-11,5.2957e-11,5.1974e-11
5.6443e-11,1.9509e-10,1.5242e-10
6.8286e-11,6.4048e-11,6.5737e-11
2.5591e-11,2.9207e-11,2.6294e-11
6.1329e-11,1.9681e-10,1.5151e-10
1.1627e-10,3.0822e-10,2.2973e-10
3.4016e-11,1.4728e-11,4.6959e-11
2.9927e-11,1.0793e-11,2.6108e-11
1.7403e-10,1.4695e-10,1.4548e-10
3.1111e-11,1.5691e-11,2.8496e-11
3.8434e-11,3.6146e-11,4.5299e-11
5.0488e-11,3.6604e-11,5.0739e-11
3.7241e-11,2.2846e-11,3.4775e-11
3.9125e-11,1.8163e-11,6.2742e-11
3.448e-11,1.8412e-11,3.9955e-11
7.5741e-11,5.7736e-11,7.733e-11
4.0474e-11,1.5212e-11,5.9307e-11
7.0972e-11,4.9648e-11,7.065e-11
6.147e-11,2.8602e-11,9.0903e-11
7.0123e-11,2.4452e-11,1.002e-10
5.3575e-11,1.0996e-11,6.0312e-11
1.8691e-10,4.2829e-11,1.487e-10
7.2522e-11,1.5289e-11,9.048e-11
8.7964e-11,2.6739e-11,1.065e-10
8.5532e-11,3.6253e-11,8.8084e-11
6.9785e-11,2.3949e-11,7.5065e-11
6.6798e-11,1.9652e-11,6.5742e-11
8.9936e-11,1.8344e-11,1.0172e-10
2.2161e-11,1.7377e-11,1.9347e-11
2.5247e-11,2.5035e-11,2.9958e-11
1.0671e-10,8.725e-11,7.2324e-11
8.7449e-11,9.1691e-11,7.5841e-11
9.8957e-11,1.0576e-10,5.7907e-11
7.3306e-11,1.835e-10,4.2558e-11
8.49e-11,9.7996e-11,7.0951e-11
8.6837e-11,9.7465e-11,8.1862e-11
7.6742e-11,7.6538e-11,8.6189e-11
2.1789e-11,2.5963e-11,2.3495e-11
1.9606e-11,2.2613e-11,1.9259e-11
6.7053e-11,8.0742e-11,6.4814e-11
2.1666e-11,2.229e-11,2.6691e-11
6.4075e-11,6.744e-11,6.1585e-11
3.9789e-11,2.8519e-11,4.816e-11
2.5825e-11,2.0591e-11,4.7944e-11
7.3632e-11,7.147e-11,7.0534e-11
4.0934e-11,3.2441e-11,3.9144e-11
2.8801e-11,1.7491e-11,3.3439e-11
3.8274e-11,3.4302e-11,4.2991e-11
3.9243e-11,3.4852e-11,4.2077e-11
3.0748e-11,1.0112e-11,3.414e-11
3.2362e-11,1.7189e-11,3.2637e-11
3.5893e-11,1.7203e-11,3.5985e-11
3.6162e-11,1.5139e-11,6.1707e-11
4.9969e-11,2.0288e-11,7.1485e-11
3.3357e-11,2.4733e-11,4.061e-11
4.0289e-11,1.9414e-11,3.7219e-11
8.3243e-11,6.447e-11,8.0415e-11
3.6137e-11,1.5772e-11,4.1465e-11
4.3341e-11,2.3977e-11,6.3288e-11
2.9636e-10,1.5214e-10,1.4422e-10
4.413e-11,2.0655e-11,4.4192e-11
4.9663e-11,2.6274e-11,5.1473e-11
7.3447e-11,2.431e-11,1.0204e-10
7.9445e-11,1.9705e-11,1.0403e-10
8.7183e-11,2.9891e-11,1.0746e-10
6.1109e-11,1.8977e-11,6.3775e-11
7.7901e-11,1.9421e-11,9.7411e-11
1.2839e-10,3.664e-11,1.4338e-10
9.4241e-11,1.4679e-11,9.9268e-11
2.6056e-11,1.9193e-11,2.3368e-11
9.7487e-11,5.2661e-11,4.6917e-11
1.926e-11,2.1104e-11,1.9727e-11
3.121e-11,2.9444e-11,2.4211e-11
2.265e-11,2.4134e-11,2.533e-11
1.1931e-10,7.5572e-11,6.6912e-11
5.5758e-11,1.0388e-10,3.397e-11
2.676e-11,2.5622e-11,4.4552e-11
1.1129e-10,7.9839e-11,6.9169e-11
2.4914e-11,2.1917e-11,4.351e-11
4.0893e-11,4.4159e-11,3.1401e-11
2.2959e-11,1.6268e-11,2.3219e-11
7.4621e-11,1.8372e-10,3.1393e-11
2.6406e-11,2.8241e-11,2.3887e-11
1.0413e-10,2.5406e-10,7.0771e-11
6.7765e-11,8.2559e-11,6.7009e-11
1.987e-11,1.9265e-11,1.7973e-11
5.4268e-11,5.8752e-11,4.8533e-11
3.6547e-11,3.7991e-11,3.1601e-11
4.3197e-11,3.2828e-11,4.8126e-11
5.0774e-11,3.0771e-11,5.448e-11
1.1903e-10,2.9168e-10,1.8086e-10
3.2964e-11,1.9747e-11,3.3997e-11
4.9149e-11,4.6123e-11,4.7345e-11
2.9053e-11,8.1899e-12,2.4737e-11
9.8125e-11,2.7e-10,2.1697e-10
7.2566e-11,7.143e-11,7.273e-11
5.0642e-11,4.8447e-11,4.7056e-11
3.0813e-11,1.1522e-11,2.9027e-11
1.134e-10,3.8397e-11,6.1198e-11
3.2931e-11,1.5436e-11,3.1654e-11
1.7164e-10,5.4513e-11,7.6886e-11
3.115e-11,1.9778e-11,3.5562e-11
3.4525e-11,1.4521e-11,4.5516e-11
3.7522e-11,1.3513e-11,5.2453e-11
4.3378e-11,2.7504e-11,7.8205e-11
7.5413e-11,5.291e-11,7.3256e-11
9.803e-11,2.198e-11,9.7842e-11
4.6788e-11,2.5342e-11,4.8664e-11
5.1447e-11,1.7349e-11,6.7587e-11
5.5302e-11,2.0274e-11,7.8948e-11
5.6637e-11,1.7414e-11,7.7773e-11
2.67e-10,9.1133e-11,1.5595e-10
6.3748e-11,1.4145e-11,8.3456e-11
6.7133e-11,2.9291e-11,7.8764e-11
7.2526e-11,3.4577e-11,8.7521e-11
1.0718e-10,2.4459e-11,1.2522e-10
7.8332e-11,1.9452e-11,7.7453e-11
8.6682e-11,2.3629e-11,1.0187e-10
9.0826e-11,2.1269e-11,1.0503e-10
9.7524e-11,2.4e-11,1.2107e-10
1.0269e-10,2.2336e-11,1.1451e-10
9.6696e-11,2.0902e-11,9.8442e-11
1.0351e-10,1.7188e-11,1.0969e-10
1.0415e-10,1.5683e-11,1.1031e-10
4.5516e-11,4.27e-11,3.7552e-11
3.8359e-11,4.1748e-11,2.8939e-11
4.3549e-11,1.028e-10,3.0162e-11
5.8227e-11,6.5643e-11,4.8471e-11
2.5896e-11,2.7664e-11,4.8552e-11
9.4475e-11,9.7562e-11,5.6852e-11
7.2811e-11,8.608e-11,6.3888e-11
7.4549e-11,1.1417e-10,6.5932e-11
6.8964e-11,1.0149e-10,8.3088e-11
3.8406e-11,4.7719e-11,3.6726e-11
3.542e-11,3.668e-11,3.2366e-11
8.9101e-11,2.4813e-10,1.1043e-10
1.1024e-10,2.8559e-10,1.2328e-10
2.6205e-11,2.6457e-11,2.3579e-11
1.1917e-10,2.8981e-10,1.5838e-10
2.5945e-11,1.7206e-11,2.5542e-11
2.6896e-11,1.2491e-11,2.5896e-11
2.5953e-11,1.5734e-11,2.9534e-11
9.569e-11,2.5894e-10,1.9055e-10
2.8568e-11,1.1045e-11,3.2983e-11
3.1042e-11,2.2377e-11,3.0338e-11
6.4325e-11,3.2455e-11,6.6213e-11
1.1871e-10,8.32e-11,6.7432e-11
3.0291e-11,9.6281e-12,3.2476e-11
3.7033e-11,1.8736e-11,5.7275e-11
3.5062e-11,1.1024e-11,5.0725e-11
4.035e-11,1.3923e-11,5.6677e-11
4.1975e-11,1.7577e-11,4.7118e-11
4.7924e-11,1.4098e-11,5.5456e-11
5.1785e-11,1.5781e-11,6.0708e-11
7.4828e-11,2.8917e-11,1.0516e-10
5.6905e-11,2.2094e-11,6.0145e-11
8.0578e-11,2.6222e-11,1.053e-10
9.0801e-11,5.3147e-11,8.9797e-11
1.2501e-10,4.1243e-11,1.4005e-10
2.1312e-10,5.831e-11,1.5724e-10
1.248e-10,3.78e-11,1.5384e-10
7.6122e-11,1.3905e-11,8.2527e-11
8.1301e-11,1.8826e-11,9.5085e-11
9.0608e-11,2.416e-11,9.0226e-11
1.0796e-10,3.0356e-11,1.1135e-10
2.9151e-11,3.411e-11,4.317e-11
2.0316e-11,1.9282e-11,1.703e-11
4.7997e-11,1.213e-10,2.7707e-11
2.6151e-11,2.5454e-11,1.9762e-11
2.276e-11,2.1999e-11,2.1624e-11
1.9995e-11,1.8142e-11,1.7046e-11
8.4887e-11,7.9004e-11,5.3986e-11
5.9435e-11,9.0875e-11,5.5264e-11
5.7809e-11,1.3395e-10,4.2591e-11
5.8873e-11,6.479e-11,4.3635e-11
6.4339e-11,7.7077e-11,5.4118e-11
6.9217e-11,1.7882e-10,5.4699e-11
7.2547e-11,8.6298e-11,5.462e-11
1.8954e-11,2.2146e-11,2.2093e-11
7.2967e-11,1.8445e-10,7.5286e-11
1.9833e-11,2.1623e-11,1.8927e-11
8.2034e-11,2.0648e-10,5.546e-11
3.9782e-11,4.6407e-11,3.3984e-11
2.5664e-11,1.8473e-11,2.9289e-11
4.1498e-11,3.9163e-11,3.6994e-11
6.9163e-11,7.5185e-11,6.622e-11
2.6561e-11,2.3052e-11,3.9714e-11
3.1093e-11,1.74e-11,2.7038e-11
2.5747e-11,1.5765e-11,4.5974e-11
4.5429e-11,3.1946e-11,4.6348e-11
3.7711e-11,2.3084e-11,4.8536e-11
3.2376e-11,2.0061e-11,3.0403e-11
3.0005e-11,2.3723e-11,2.7769e-11
3.1495e-11,1.7014e-11,2.8704e-11
7.426e-11,6.6633e-11,7.3922e-11
3.4344e-11,2.0638e-11,3.3895e-11
3.3216e-11,1.9273e-11,3.1173e-11
3.9769e-11,2.569e-11,7.5517e-11
2.359e-10,1.9812e-10,1.4104e-10
3.554e-11,1.2891e-11,3.8537e-11
2.7663e-10,2.1146e-10,1.4847e-10
8.7225e-11,6.184e-11,8.0495e-11
5.9669e-11,1.8474e-11,7.8669e-11
6.2247e-11,1.0165e-11,6.904e-11
6.8088e-11,2.4364e-11,7.8835e-11
8.2441e-11,3.1412e-11,8.7019e-11
9.5356e-11,2.3508e-11,1.2202e-10
7.7486e-11,2.9777e-11,9.0447e-11
9.6441e-11,1.8435e-11,9.7901e-11
2.0447e-11,2.1737e-11,1.6445e-11
5.715e-11,5.9222e-11,4.1973e-11
5.0245e-11,8.1867e-11,2.826e-11
7.2059e-11,7.7608e-11,4.6111e-11
4.2217e-11,4.1472e-11,3.3029e-11
9.856e-11,6.064e-11,5.3205e-11
8.1681e-11,7.4085e-11,7.6068e-11
2.5698e-11,2.0805e-11,2.882e-11
2.1045e-11,1.6611e-11,1.3583e-11
7.0731e-11,1.6128e-10,5.6898e-11
4.6814e-11,5.2238e-11,3.5139e-11
7.4281e-11,1.7829e-10,5.9234e-11
2.0589e-11,2.2093e-11,1.4433e-11
6.8331e-11,6.9372e-11,5.2103e-11
5.2553e-11,1.3892e-10,5.8076e-11
2.2174e-11,2.0781e-11,1.8418e-11
7.6221e-11,9.0431e-11,7.525e-11
1.105e-10,2.5814e-10,1.0377e-10
2.5459e-11,2.3636e-11,2.9813e-11
7.3844e-11,2.36e-10,1.4562e-10
2.7741e-11,1.5416e-11,2.9838e-11
2.6577e-11,1.1733e-11,2.8595e-11
4.7004e-11,1.3458e-10,1.0104e-10
3.2045e-11,2.3372e-11,4.8764e-11
7.3186e-11,2.1604e-10,1.7756e-10
9.5764e-11,2.4472e-10,2.1761e-10
3.1161e-11,1.6654e-11,2.3759e-11
3.5549e-11,1.5497e-11,2.8089e-11
1.647e-10,1.3199e-10,1.0907e-10
3.293e-11,1.9695e-11,4.0852e-11
5.1073e-11,4.0056e-11,4.5423e-11
3.3988e-11,2.0355e-11,3.8267e-11
3.5994e-11,2.217e-11,4.1326e-11
4.5833e-11,1.1808e-11,4.9398e-11
4.1507e-11,1.1673e-11,5.6569e-11
4.6464e-11,1.2924e-11,6.667e-11
4.8408e-11,1.8983e-11,5.0434e-11
5.1137e-11,1.4077e-11,7.0275e-11
1.1682e-10,3.8336e-11,1.1933e-10
8.2288e-11,1.4887e-11,8.7696e-11
9.4042e-11,3.1034e-11,1.0245e-10
1.0508e-10,2.7725e-11,1.0417e-10
3.4927e-11,3.375e-11,2.7867e-11
2.682e-11,2.0718e-11,1.8149e-11
3.99e-11,8.1374e-11,3.7141e-11
9.0025e-11,5.8772e-11,5.8027e-11
3.2727e-11,2.8103e-11,2.6727e-11
2.2635e-11,1.8052e-11,1.8254e-11
8.3239e-11,9.3275e-11,6.0646e-11
3.1091e-11,2.1785e-11,3.0085e-11
3.5406e-11,4.3444e-11,2.8736e-11
7.7014e-11,1.8795e-10,5.3335e-11
6.2017e-11,7.4715e-11,4.8527e-11
6.6943e-11,8.4894e-11,6.0724e-11
2.0333e-11,1.9822e-11,1.8217e-11
1.0162e-10,2.43e-10,1.7183e-10
4.7955e-11,4.6262e-11,4.1059e-11
2.5342e-11,1.9818e-11,3.5532e-11
2.6935e-11,1.5671e-11,3.2096e-11
2.7956e-11,1.6498e-11,3.2519e-11
3.0452e-11,1.7757e-11,2.7732e-11
8.123e-11,2.1569e-10,1.2715e-10
3.2683e-11,3.3531e-11,3.1786e-11
1.0854e-10,1.4617e-10,8.3277e-11
4.0476e-11,3.3736e-11,3.8916e-11
5.7588e-11,4.7075e-11,5.0449e-11
3.0385e-11,1.7475e-11,2.6024e-11
3.6705e-11,1.5639e-11,2.9972e-11
1.6756e-10,1.2429e-10,9.5685e-11
1.5494e-10,2.2179e-10,2.0328e-10
4.3442e-11,1.9191e-11,4.0038e-11
8.0492e-11,6.7743e-11,7.6995e-11
1.1831e-10,3.3924e-11,7.7644e-11
3.8722e-11,1.7776e-11,4.5359e-11
5.4926e-11,3.6445e-11,5.1026e-11
2.5329e-10,1.767e-10,1.6529e-10
5.4608e-11,3.8352e-11,5.5892e-11
4.294e-11,1.363e-11,5.9612e-11
4.6378e-11,1.5726e-11,7.7055e-11
2.2028e-10,8.108e-11,1.3389e-10
6.0984e-11,1.7124e-11,6.9246e-11
6.4782e-11,1.2528e-11,6.9968e-11
1.3754e-10,4.5755e-11,1.4895e-10
1.1801e-10,2.5884e-11,1.4144e-10
9.7162e-11,2.4056e-11,1.2654e-10
8.8248e-11,1.8705e-11,8.8673e-11
9.8908e-11,1.9257e-11,1.1134e-10
9.7226e-11,2.6767e-11,1.0044e-10
9.3672e-11,1.9376e-11,9.528e-11
3.5728e-11,3.3238e-11,2.469e-11
3.5724e-11,2.2096e-11,2.3402e-11
4.98e-11,5.1158e-11,4.0759e-11
4.4838e-11,9.5704e-11,4.3369e-11
7.0601e-11,6.5776e-11,4.5244e-11
5.2784e-11,5.9261e-11,4.3233e-11
2.0376e-11,2.1594e-11,2.4572e-11
9.346e-11,5.8063e-11,5.6991e-11
8.2999e-11,6.0103e-11,5.862e-11
2.7887e-11,1.7197e-11,1.3431e-11
7.3122e-11,6.5295e-11,4.9856e-11
2.2269e-11,2.6653e-11,2.1409e-11
7.6669e-11,1.5783e-10,6.0338e-11
3.6922e-11,4.3689e-11,2.945e-11
3.3722e-11,3.0358e-11,2.6529e-11
5.4824e-11,1.7277e-10,6.7543e-11
2.4543e-11,2.3343e-11,2.2195e-11
1.0613e-10,2.3956e-10,1.5612e-10
2.7357e-11,2.5729e-11,2.6124e-11
3.8932e-11,2.6903e-11,4.8192e-11
3.3062e-11,1.2437e-11,3.3229e-11
2.4387e-11,1.9453e-11,4.2212e-11
7.5755e-11,7.585e-11,6.9808e-11
2.6064e-11,1.4478e-11,2.8507e-11
3.8019e-11,3.6634e-11,3.5714e-11
2.6325e-11,1.3884e-11,3.7308e-11
3.9542e-11,3.8973e-11,3.8233e-11
7.765e-11,3.9398e-11,5.2707e-11
8.3722e-11,1.3038e-10,6.5834e-11
3.1215e-11,3.4961e-11,3.286e-11
8.2407e-11,2.0306e-10,1.516e-10
4.1026e-11,3.4463e-11,3.758e-11
4.9608e-11,4.5773e-11,4.9566e-11
1.4223e-10,7.2957e-11,6.4319e-11
3.3804e-11,1.6795e-11,3.7848e-11
9.7979e-11,4.9959e-11,8.0441e-11
1.653e-10,1.0278e-10,8.5331e-11
3.4672e-11,1.5707e-11,3.3799e-11
1.9554e-10,1.0997e-10,9.3316e-11
3.5626e-11,1.1628e-11,4.1899e-11
3.6499e-11,1.2046e-11,4.1042e-11
4.9514e-11,3.7914e-11,4.8391e-11
4.4915e-11,1.4818e-11,7.7093e-11
8.2606e-11,3.4773e-11,9.4605e-11
5.3378e-11,1.7368e-11,8.0561e-11
5.2496e-11,3.8724e-11,4.5902e-11
5.0281e-11,1.1754e-11,5.3283e-11
1.483e-10,4.2906e-11,1.0951e-10
5.6011e-11,1.7742e-11,8.9438e-11
5.479e-11,1.2346e-11,5.8451e-11
9.6045e-11,5.5262e-11,9.1533e-11
8.1164e-11,3.0041e-11,1.1431e-10
1.1549e-10,3.4409e-11,1.5006e-10
9.2682e-11,2.5509e-11,1.0637e-10
9.5452e-11,2.6965e-11,1.1557e-10
1.0221e-10,3.3239e-11,1.0755e-10
2.6502e-11,2.1945e-11,2.5235e-11
3.155e-11,3.1752e-11,2.834e-11
5.654e-11,6.9774e-11,5.0755e-11
2.1013e-11,2.1707e-11,2.4395e-11
6.0292e-11,6.7098e-11,4.5037e-11
6.7485e-11,7.7304e-11,6.629e-11
5.2008e-11,1.0174e-10,7.3697e-11
5.1437e-11,1.649e-10,6.555e-11
6.7343e-11,7.48e-11,5.1284e-11
1.0023e-10,2.3304e-10,9.8246e-11
3.661e-11,4.0662e-11,3.1352e-11
8.4344e-11,2.0799e-10,1.3839e-10
3.3748e-11,2.6358e-11,3.7079e-11
5.1696e-11,1.2508e-10,9.5096e-11
2.2869e-11,1.8096e-11,2.1865e-11
5.7009e-11,5.3861e-11,5.1618e-11
2.4953e-11,2.0336e-11,2.4971e-11
2.6523e-11,1.6821e-11,2.3437e-11
2.7503e-11,1.5163e-11,2.8264e-11
6.4214e-11,1.9631e-10,1.833e-10
4.6195e-11,2.3841e-11,6.5231e-11
3.9093e-11,3.1062e-11,3.3535e-11
1.4602e-10,6.6863e-11,7.0603e-11
4.7655e-11,2.0635e-11,7.402e-11
6.6625e-11,5.4874e-11,6.144e-11
3.3746e-11,1.1588e-11,3.9328e-11
1.0241e-10,4.3211e-11,6.8049e-11
8.8596e-11,3.7116e-11,7.7852e-11
4.0114e-11,2.5522e-11,3.5451e-11
6.9526e-11,5.1281e-11,6.4959e-11
4.0252e-11,1.7685e-11,4.4187e-11
4.5888e-11,1.7515e-11,4.7906e-11
1.265e-10,3.6554e-11,9.2689e-11
2.5118e-10,1.3638e-10,1.5636e-10
6.1102e-11,3.2692e-11,7.1442e-11
6.8874e-11,2.92e-11,7.3879e-11
1.0174e-10,2.8398e-11,1.3627e-10
9.3543e-11,2.153e-11,1.3152e-10
9.5619e-11,4.3119e-11,9.988e-11
8.7732e-11,2.3611e-11,1.0764e-10
3.0947e-11,3.3653e-11,2.1767e-11
3.2921e-11,2.4988e-11,2.5813e-11
2.1045e-11,1.7123e-11,2.1559e-11
2.8859e-11,2.505e-11,2.0826e-11
1.8477e-11,1.5083e-11,1.2635e-11
3.5949e-11,3.8974e-11,2.7439e-11
5.7371e-11,1.1279e-10,5.7437e-11
3.4816e-11,7.4904e-11,2.88e-11
6.2875e-11,1.2449e-10,5.6789e-11
3.0103e-11,2.3422e-11,2.6236e-11
2.813e-11,2.9338e-11,1.8829e-11
8.2456e-11,1.6723e-10,7.3528e-11
2.2856e-11,2.6144e-11,1.9998e-11
5.0889e-11,6.2281e-11,6.1658e-11
2.0742e-11,2.0222e-11,2.0165e-11
5.7123e-11,9.409e-11,7.1247e-11
4.2266e-11,5.085e-11,3.4392e-11
9.6081e-11,2.1539e-10,9.6977e-11
7.5488e-11,2.0036e-10,9.6463e-11
4.7668e-11,1.3208e-10,1.3614e-10
2.3446e-11,2.5975e-11,2.1956e-11
6.2978e-11,6.0563e-11,4.7736e-11
2.8243e-11,1.8939e-11,2.4994e-11
2.8591e-11,1.6666e-11,3.1014e-11
2.6007e-11,1.7287e-11,4.1602e-11
2.7765e-11,1.1832e-11,3.4633e-11
2.6376e-11,1.4607e-11,4.2361e-11
7.2732e-11,7.3828e-11,6.2605e-11
2.9459e-11,3.013e-11,4.7769e-11
3.0382e-11,1.6309e-11,3.7215e-11
6.6558e-11,6.2422e-11,5.5347e-11
1.1025e-10,1.5849e-10,1.6311e-10
2.8952e-11,9.8682e-12,3.8795e-11
1.3271e-10,8.9419e-11,7.9699e-11
6.5822e-11,5.3424e-11,5.7041e-11
3.7578e-11,1.8793e-11,6.3419e-11
1.3364e-10,1.3598e-10,1.3169e-10
7.2293e-11,3.3535e-11,6.8269e-11
3.7155e-11,2.4065e-11,4.2543e-11
4.2344e-11,2.5145e-11,7.6127e-11
4.449e-11,2.4571e-11,8.0286e-11
4.7623e-11,1.539e-11,7.7564e-11
2.2189e-10,1.5641e-10,1.8526e-10
4.6329e-11,2.696e-11,4.6143e-11
4.8835e-11,2.4902e-11,5.2733e-11
5.2036e-11,1.4227e-11,5.9336e-11
7.6543e-11,4.64e-11,7.0165e-11
1.8976e-10,7.46e-11,1.5061e-10
5.9185e-11,1.921e-11,6.3087e-11
1.7344e-10,4.9788e-11,1.3791e-10
1.0455e-10,3.2144e-11,1.2759e-10
5.9597e-11,1.3634e-11,6.38e-11
6.7047e-11,2.9257e-11,7.2587e-11
1.3774e-10,4.0475e-11,1.5439e-10
8.802e-11,2.5346e-11,1.1616e-10
8.6239e-11,2.8041e-11,8.8032e-11
9.4468e-11,1.7902e-11,1.0111e-10
1.1429e-10,1.9861e-11,1.192e-10
2.3547e-11,1.9071e-11,2.1345e-11
2.557e-11,2.1534e-11,2.3165e-11
6.4726e-11,5.6158e-11,4.4395e-11
2.0003e-11,2.1948e-11,2.3208e-11
6.5563e-11,1.3589e-10,7.0319e-11
2.0891e-11,2.7436e-11,2.4381e-11
4.524e-11,1.045e-10,6.055e-11
4.1284e-11,1.4355e-10,8.1368e-11
2.1952e-11,3.1055e-11,2.5023e-11
3.3728e-11,2.8722e-11,2.5978e-11
2.7167e-11,1.657e-11,2.8973e-11
2.7948e-11,1.5749e-11,1.8459e-11
4.7813e-11,3.1444e-11,4.5418e-11
2.6381e-11,2.7564e-11,4.3631e-11
5.3473e-11,1.1019e-10,6.1752e-11
3.1944e-11,1.6585e-11,2.6913e-11
3.3593e-11,2.1723e-11,2.4792e-11
1.014e-10,7.2791e-11,8.1617e-11
2.6807e-11,1.4998e-11,5.1857e-11
3.5068e-11,1.7868e-11,6.1183e-11
7.687e-11,6.5968e-11,6.8874e-11
3.0325e-11,1.0502e-11,5.5512e-11
3.0669e-11,1.3132e-11,5.8621e-11
5.3165e-11,3.9243e-11,4.8951e-11
1.9061e-10,1.1259e-10,1.2834e-10
7.6658e-11,5.8162e-11,7.4211e-11
5.28e-11,3.0913e-11,4.8772e-11
3.928e-11,1.7387e-11,4.14e-11
4.3956e-11,2.6278e-11,5.159e-11
4.5068e-11,1.7146e-11,7.2159e-11
5.6445e-11,2.5118e-11,5.8032e-11
5.4949e-11,2.4511e-11,6.2564e-11
5.2951e-11,3.1657e-11,4.9996e-11
8.7325e-11,2.3765e-11,1.2007e-10
1.0487e-10,3.5105e-11,1.2488e-10
6.7281e-11,1.7179e-11,7.5557e-11
1.2306e-10,3.2788e-11,1.4184e-10
8.8189e-11,2.402e-11,9.3005e-11
9.5378e-11,3.1593e-11,9.7472e-11
1.0526e-10,1.5424e-11,1.1279e-10
1.1601e-10,2.5233e-11,1.2042e-10
3.9738e-11,4.4696e-11,2.7708e-11
5.0572e-11,4.1171e-11,2.4244e-11
4.2142e-11,6.127e-11,2.3773e-11
8.5616e-11,5.5e-11,6.7193e-11
6.0887e-11,5.2432e-11,5.3902e-11
4.5181e-11,4.308e-11,3.1129e-11
5.3038e-11,9.8767e-11,5.2366e-11
2.5402e-11,2.0923e-11,2.3058e-11
4.0718e-11,7.1881e-11,4.5406e-11
2.7541e-11,3.5031e-11,1.9636e-11
2.3485e-11,1.9242e-11,1.3963e-11
6.0291e-11,7.0404e-11,4.4642e-11
4.9632e-11,9.0733e-11,7.0616e-11
6.743e-11,8.0797e-11,4.9982e-11
6.3977e-11,7.3422e-11,5.1831e-11
4.8648e-11,1.6631e-10,1.1968e-10
2.2236e-11,2.3897e-11,1.8859e-11
6.1795e-11,3.2835e-11,4.7973e-11
4e-11,1.3751e-10,8.7326e-11
2.9963e-11,2.0622e-11,3.8653e-11
2.6947e-11,1.1567e-11,2.6533e-11
5.0948e-11,3.0049e-11,4.2723e-11
3.2367e-11,1.9955e-11,4.2509e-11
3.1226e-11,1.2975e-11,2.426e-11
2.6342e-11,1.1566e-11,5.2387e-11
4.2045e-11,3.6412e-11,3.9473e-11
3.2284e-11,1.917e-11,2.68e-11
3.021e-11,1.1163e-11,5.4151e-11
3.6399e-11,2.0937e-11,3.2746e-11
3.1558e-11,1.5256e-11,3.6071e-11
5.7244e-11,2.3119e-11,6.7601e-11
3.6678e-11,1.525e-11,6.5174e-11
3.835e-11,1.3821e-11,4.2876e-11
4.2449e-11,1.8927e-11,3.893e-11
7.461e-11,5.536e-11,7.1284e-11
4.9577e-11,2.2162e-11,5.3811e-11
5.3091e-11,2.3874e-11,5.3104e-11
5.9717e-11,2.5863e-11,6.2222e-11
6.0464e-11,1.5021e-11,6.8767e-11
9.7778e-11,5.2793e-11,9.5755e-11
9.8562e-11,2.3647e-11,1.0142e-10
1.007e-10,2.4469e-11,1.183e-10
1.0776e-10,2.4208e-11,1.2097e-10
3.4286e-11,2.5523e-11,2.4666e-11
9.3065e-11,4.2909e-11,7.4836e-11
2.1253e-11,2.2605e-11,2.2737e-11
3.0943e-11,2.7322e-11,2.7672e-11
5.645e-11,6.227e-11,3.2811e-11
2.5726e-11,1.8982e-11,1.4668e-11
3.3898e-11,7.3427e-11,3.9922e-11
1.8927e-11,2.484e-11,1.2287e-11
3.0049e-11,6.6063e-11,4.5208e-11
3.2923e-11,3.1695e-11,2.3802e-11
2.5037e-11,2.6889e-11,2.2635e-11
4.6327e-11,4.2822e-11,3.1596e-11
5.5268e-11,6.0671e-11,4.2708e-11
3.6387e-11,1.1843e-10,9.9537e-11
4.2069e-11,1.4513e-10,1.1543e-10
4.0352e-11,4.1174e-11,3.695e-11
2.477e-11,1.9023e-11,2.3035e-11
2.9698e-11,1.5776e-11,2.5384e-11
4.7025e-11,4.691e-11,4.253e-11
4.5128e-11,2.7295e-11,4.4137e-11
2.6654e-11,2.2991e-11,4.1265e-11
7.8158e-11,1.0225e-10,1.0402e-10
2.8985e-11,1.414e-11,3.8098e-11
3.7386e-11,2.7826e-11,3.0389e-11
9.9662e-11,1.2856e-10,1.2121e-10
3.0201e-11,1.6339e-11,3.371e-11
3.379e-11,1.7608e-11,3.8038e-11
1.2731e-10,5.6913e-11,6.992e-11
1.6021e-10,1.7437e-10,2.1758e-10
4.1981e-11,2.4125e-11,6.8187e-11
4.5367e-11,1.6661e-11,4.7127e-11
4.3607e-11,2.6268e-11,4.0281e-11
1.68e-10,9.78e-11,1.3229e-10
6.6292e-11,4.1285e-11,6.0333e-11
7.952e-11,2.6437e-11,8.9167e-11
6.8126e-11,1.8418e-11,8.539e-11
1.0187e-10,4.8841e-11,1.01e-10
1.1127e-10,1.7276e-11,1.1961e-10
1.9556e-11,1.7773e-11,1.9498e-11
5.7735e-11,6.3365e-11,5.431e-11
2.4664e-11,2.1493e-11,1.4384e-11
2.9378e-11,2.3461e-11,2.7523e-11
3.2081e-11,7.186e-11,3.8696e-11
1.9572e-11,2.0982e-11,3.3312e-11
4.2208e-11,1.0237e-10,5.6401e-11
2.4531e-11,3.2389e-11,2.6646e-11
2.3889e-11,3.1499e-11,1.8671e-11
2.4956e-11,1.8101e-11,1.5224e-11
3.8046e-11,2.5128e-11,5.2778e-11
4.1914e-11,4.8491e-11,4.9915e-11
4.9445e-11,2.6698e-11,4.5549e-11
2.7765e-11,2.2478e-11,4.2567e-11
2.8669e-11,1.597e-11,3.4176e-11
6.4267e-11,1.6234e-10,1.9925e-10
4.2621e-11,9.0652e-11,6.1149e-11
3.2438e-11,1.6711e-11,2.4476e-11
2.7749e-11,8.8929e-12,3.0178e-11
3.0965e-11,1.4107e-11,2.5783e-11
3.6336e-11,1.9833e-11,4.7345e-11
3.2502e-11,1.4865e-11,3.442e-11
9.0689e-11,6.9256e-11,7.4136e-11
1.3718e-10,1.7435e-10,2.1578e-10
1.1035e-10,6.9781e-11,7.699e-11
3.9739e-11,2.8149e-11,3.3762e-11
1.5165e-10,1.7017e-10,1.8741e-10
3.5772e-11,1.7833e-11,5.0022e-11
4.7642e-11,2.0467e-11,4.8657e-11
1.7417e-10,1.4433e-10,1.8256e-10
8.3966e-11,2.8971e-11,8.8663e-11
1.9445e-10,1.3485e-10,1.533e-10
4.2056e-11,1.7933e-11,7.1105e-11
7.7655e-11,5.4155e-11,6.6867e-11
5.4588e-11,1.6133e-11,5.8937e-11
9.1625e-11,5.4848e-11,8.3435e-11
6.458e-11,1.8138e-11,6.8322e-11
6.4437e-11,1.3506e-11,6.8656e-11
6.971e-11,2.1646e-11,7.4763e-11
7.4033e-11,3.588e-11,6.9856e-11
1.057e-10,3.0763e-11,1.4494e-10
7.2816e-11,2.6129e-11,7.8357e-11
8.9612e-11,3.3995e-11,9.3821e-11
3.3327e-11,3.0668e-11,2.7537e-11
2.7249e-11,2.3989e-11,2.6362e-11
3.301e-11,3.6622e-11,1.763e-11
2.3721e-11,2.1114e-11,3.1618e-11
5.8705e-11,5.8506e-11,5.1052e-11
4.4803e-11,4.2975e-11,3.1338e-11
2.7188e-11,2.3115e-11,2.0324e-11
2.2285e-11,2.1172e-11,2.5211e-11
2.0935e-11,1.8552e-11,1.5436e-11
3.9742e-11,9.2107e-11,3.5523e-11
2.4955e-11,1.9969e-11,2.0793e-11
1.9627e-11,2.2508e-11,1.0509e-11
2.4837e-11,3.1707e-11,1.7878e-11
5.9121e-11,1.2429e-10,4.5069e-11
5.3018e-11,6.8917e-11,4.0672e-11
5.1752e-11,7.8148e-11,7.5767e-11
3.9852e-11,1.0822e-10,8.1172e-11
2.4732e-11,2.3179e-11,5.146e-11
2.5385e-11,1.9117e-11,2.104e-11
2.8277e-11,1.8477e-11,4.246e-11
2.6048e-11,1.7502e-11,4.3324e-11
8.4457e-11,7.2627e-11,5.472e-11
5.1791e-11,1.2048e-10,1.2569e-10
6.6854e-11,1.4592e-10,2.049e-10
7.9432e-11,6.3146e-11,4.752e-11
6.3423e-11,1.2148e-10,1.2764e-10
3.6362e-11,2.2336e-11,3.8366e-11
5.8031e-11,5.6009e-11,6.5948e-11
9.3517e-11,1.1726e-10,1.2407e-10
2.7544e-11,1.6691e-11,4.7155e-11
3.2222e-11,1.6271e-11,5.4931e-11
5.6003e-11,4.4711e-11,4.2342e-11
4.3745e-11,3.2485e-11,3.9308e-11
3.8777e-11,2.2173e-11,3.5183e-11
4.0465e-11,2.4985e-11,3.661e-11
3.8855e-11,2.2498e-11,3.4029e-11
6.4043e-11,4.7622e-11,5.4232e-11
1.1384e-10,5.2359e-11,1.0121e-10
4.3086e-11,1.6149e-11,4.4696e-11
6.3172e-11,2.2847e-11,8.6672e-11
4.9594e-11,1.7528e-11,4.6995e-11
6.3575e-11,3.2489e-11,6.5613e-11
5.9492e-11,1.7741e-11,5.7841e-11
8.5708e-11,2.6647e-11,1.1049e-10
8.4974e-11,4.8826e-11,7.7723e-11
6.8285e-11,3.2218e-11,6.1369e-11
1.2719e-10,4.2638e-11,1.3831e-10
7.7157e-11,2.6626e-11,8.1969e-11
8.8658e-11,2.2576e-11,8.7139e-11
1.2177e-10,2.2412e-11,1.2446e-10
2.7681e-11,3.4079e-11,1.0667e-11
2.0291e-11,2.1055e-11,2.0746e-11
2.8689e-11,5.1244e-11,2.9762e-11
3.1942e-11,6.1054e-11,4.3302e-11
4.6745e-11,4.6234e-11,3.2503e-11
5.8703e-11,5.8068e-11,4.9506e-11
3.3078e-11,5.5397e-11,3.4208e-11
7.9418e-11,4.138e-11,4.8135e-11
3.6151e-11,4.9333e-11,2.7938e-11
5.355e-11,5.2625e-11,3.5882e-11
2.382e-11,1.8934e-11,1.3655e-11
2.6861e-11,5.8479e-11,7.4982e-11
6.3089e-11,7.2282e-11,4.4816e-11
5.9264e-11,6.6245e-11,4.4754e-11
3.0259e-11,2.6208e-11,1.6122e-11
5.5461e-11,1.3161e-10,1.2368e-10
2.1915e-11,1.665e-11,4.2878e-11
3.3265e-11,2.8438e-11,2.7441e-11
2.7284e-11,1.861e-11,4.5535e-11
9.4184e-11,1.1968e-10,1.5759e-10
6.2868e-11,5.1468e-11,4.6642e-11
3.7532e-11,1.702e-11,2.834e-11
3.103e-11,1.3105e-11,3.6744e-11
1.2138e-10,1.3682e-10,1.5261e-10
3.5266e-11,2.49e-11,3.0078e-11
3.6452e-11,1.792e-11,2.7766e-11
3.594e-11,2.0981e-11,6.1114e-11
3.8339e-11,1.8863e-11,3.5614e-11
3.4859e-11,2.4143e-11,4.6808e-11
1.0529e-10,7.8537e-11,9.4816e-11
4.7206e-11,3.9929e-11,4.0439e-11
3.8441e-11,1.9072e-11,3.7108e-11
7.877e-11,5.5902e-11,6.5639e-11
4.3632e-11,1.2392e-11,5.3948e-11
4.2597e-11,1.6327e-11,7.3156e-11
4.8073e-11,2.3926e-11,7.1857e-11
4.5627e-11,1.4963e-11,7.9723e-11
4.9557e-11,1.9904e-11,4.3363e-11
8.1848e-11,4.5485e-11,1.1531e-10
8.5138e-11,4.64e-11,1.1415e-10
6.5097e-11,2.2992e-11,8.6622e-11
6.6522e-11,3.5671e-11,6.3095e-11
8.31e-11,4.7092e-11,7.3133e-11
6.9294e-11,2.7235e-11,1.1084e-10
1.6637e-10,6.6192e-11,1.5647e-10
8.5361e-11,4.8027e-11,7.8276e-11
1.2873e-10,3.5631e-11,1.433e-10
7.0475e-11,2.3289e-11,7.5575e-11
6.9911e-11,1.888e-11,7.4921e-11
8.0547e-11,2.2203e-11,7.5528e-11
1.1753e-10,2.1178e-11,1.2296e-10
2.6098e-11,4.4382e-11,4.1277e-11
2.1753e-11,1.9643e-11,2.5247e-11
2.5662e-11,2.1576e-11,2.5732e-11
5.8832e-11,6.5952e-11,4.1354e-11
3.138e-11,3.0996e-11,2.6942e-11
3.6589e-11,3.7409e-11,2.3017e-11
2.0104e-11,2.8419e-11,1.2045e-11
2.4996e-11,2.5888e-11,1.5636e-11
2.4268e-11,5.5673e-11,4.6579e-11
2.3111e-11,5.9095e-11,6.7618e-11
5.3744e-11,1.0741e-10,6.6434e-11
4.0163e-11,6.1959e-11,8.8907e-11
6.9155e-11,7.7706e-11,5.0617e-11
3.0118e-11,2.4867e-11,1.7683e-11
4.3951e-11,3.9548e-11,3.2452e-11
2.8281e-11,2.5187e-11,2.3423e-11
4.6955e-11,1.1051e-10,1.1044e-10
5.2823e-11,4.8933e-11,3.4752e-11
5.2919e-11,2.9525e-11,4.0361e-11
5.9758e-11,1.282e-10,1.8791e-10
3.702e-11,1.5512e-11,4.2695e-11
3.7026e-11,4.5011e-11,5.2529e-11
3.3007e-11,1.5221e-11,2.2959e-11
3.264e-11,1.647e-11,2.9056e-11
2.643e-11,1.3359e-11,4.63e-11
2.7266e-11,1.7735e-11,4.1074e-11
4.2082e-11,3.1915e-11,3.2193e-11
1.0184e-10,1.2469e-10,1.6206e-10
9.882e-11,5.7579e-11,8.8153e-11
3.6851e-11,2.3046e-11,3.0426e-11
1.1573e-10,6.3703e-11,8.9205e-11
3.7495e-11,2.9708e-11,4.2465e-11
4.2211e-11,1.6509e-11,4.3442e-11
7.859e-11,5.5132e-11,6.7841e-11
5.1569e-11,1.9213e-11,4.511e-11
1.4058e-10,5.4684e-11,1.525e-10
1.238e-10,4.7472e-11,1.3663e-10
8.1715e-11,2.2411e-11,1.0292e-10
1.2547e-10,3.9804e-11,1.4827e-10
8.0135e-11,3.0707e-11,8.4193e-11
9.0193e-11,2.221e-11,1.1329e-10
1.0372e-10,3.0079e-11,1.3336e-10
1.0412e-10,2.7247e-11,1.0814e-10
1.122e-10,2.438e-11,1.2121e-10
1.2106e-10,2.3379e-11,1.1833e-10
3.331e-11,2.7109e-11,2.2287e-11
2.3273e-11,1.9218e-11,2.1157e-11
2.5421e-11,2.6947e-11,1.8028e-11
6.9411e-11,4.5309e-11,5.5207e-11
4.85e-11,4.8848e-11,5.1593e-11
2.2567e-11,1.6836e-11,1.6744e-11
2.3459e-11,2.501e-11,1.6546e-11
2.0818e-11,1.6132e-11,1.3031e-11
2.8229e-11,4.986e-11,4.2399e-11
6.7321e-11,1.0015e-10,8.1567e-11
3.7173e-11,4.7034e-11,3.0185e-11
3.8881e-11,8.9368e-11,8.2764e-11
4.4018e-11,8.3759e-11,8.9488e-11
3.1495e-11,1.7063e-11,3.3467e-11
2.3476e-11,2.0415e-11,4.7234e-11
3.3749e-11,3.4317e-11,4.5272e-11
6.0989e-11,5.7905e-11,4.2398e-11
2.7521e-11,1.448e-11,4.7887e-11
3.1758e-11,1.656e-11,3.3575e-11
5.1743e-11,3.9107e-11,4.0451e-11
3.6636e-11,1.655e-11,3.6474e-11
3.9587e-11,2.6484e-11,3.0577e-11
3.7068e-11,1.9322e-11,2.7953e-11
3.7331e-11,1.8467e-11,2.9604e-11
3.5719e-11,1.699e-11,4.3213e-11
9.1493e-11,4.4267e-11,9.007e-11
4.3375e-11,1.6157e-11,4.362e-11
4.5957e-11,1.7885e-11,5.2202e-11
5.7142e-11,1.9508e-11,7.8748e-11
4.7448e-11,1.7582e-11,6.3875e-11
8.4954e-11,5.8483e-11,7.3065e-11
5.2915e-11,1.8744e-11,9.0649e-11
6.6172e-11,1.6673e-11,7.0582e-11
7.7423e-11,2.4844e-11,8.7521e-11
1.3594e-10,4.6182e-11,1.4815e-10
1.009e-10,5.0513e-11,9.355e-11
9.101e-11,2.4002e-11,1.032e-10
9.4802e-11,2.3107e-11,9.8875e-11
1.1236e-10,2.6374e-11,1.1511e-10
1.2786e-10,2.7781e-11,1.289e-10
2.7785e-11,1.8771e-11,1.3372e-11
3.1666e-11,2.1027e-11,2.0494e-11
2.0748e-11,1.9762e-11,2.4463e-11
5.132e-11,5.391e-11,5.5517e-11
4.3269e-11,4.4968e-11,3.2558e-11
5.1826e-11,4.2561e-11,4.8009e-11
3.9712e-11,4.6422e-11,2.8294e-11
3.381e-11,4.5147e-11,6.4756e-11
2.8229e-11,2.776e-11,2.4347e-11
2.2491e-11,2.2047e-11,2.0693e-11
2.9642e-11,5.6523e-11,7.4023e-11
4.6994e-11,4.9368e-11,3.06e-11
2.8364e-11,6.3154e-11,8.7109e-11
2.9204e-11,5.3189e-11,9.995e-11
4.8878e-11,1.0498e-10,1.05e-10
3.0077e-11,2.0537e-11,2.1099e-11
5.112e-11,1.0192e-10,1.439e-10
3.629e-11,2.6224e-11,4.1434e-11
4.81e-11,1.2091e-10,1.3511e-10
5.5461e-11,3.0435e-11,4.7886e-11
5.1705e-11,4.9654e-11,4.6313e-11
3.349e-11,2.9734e-11,2.6987e-11
4.9901e-11,4.9207e-11,5.0221e-11
2.9323e-11,1.4654e-11,4.5473e-11
8.4556e-11,9.1301e-11,9.5757e-11
3.0807e-11,2.1269e-11,4.4782e-11
9.8879e-11,6.9863e-11,7.9077e-11
3.5782e-11,1.8814e-11,3.7855e-11
3.8577e-11,1.7205e-11,3.3177e-11
6.6395e-11,4.7917e-11,6.1724e-11
4.0451e-11,1.4644e-11,4.1364e-11
4.5501e-11,1.8417e-11,5.0221e-11
5.1267e-11,1.6965e-11,8.7427e-11
4.6829e-11,1.9726e-11,6.0315e-11
8.3419e-11,5.5295e-11,6.9676e-11
6.5007e-11,3.5775e-11,5.852e-11
4.951e-11,1.5651e-11,5.4487e-11
6.2476e-11,2.2429e-11,1.0247e-10
1.3725e-10,7.6671e-11,1.5082e-10
1.2869e-10,5.0032e-11,1.3833e-10
8.1188e-11,3.9843e-11,8.0572e-11
6.5976e-11,1.9236e-11,7.1181e-11
8.6608e-11,2.1915e-11,8.4036e-11
9.5156e-11,4.1522e-11,9.277e-11
9.6152e-11,3.5085e-11,9.5984e-11
9.8993e-11,3.6792e-11,9.6186e-11
9.9001e-11,2.6505e-11,1.1723e-10
1.0699e-10,2.3928e-11,1.0916e-10
1.114e-10,3.1128e-11,1.1421e-10
4.5383e-11,3.545e-11,5.5147e-11
3.5621e-11,2.7149e-11,3.6033e-11
2.6801e-11,2.3075e-11,2.1553e-11
5.3973e-11,5.5649e-11,3.7827e-11
1.8627e-11,1.9619e-11,2.0789e-11
2.6162e-11,3.3496e-11,2.9736e-11
3.4088e-11,6.5833e-11,5.1356e-11
2.0214e-11,1.7028e-11,1.2171e-11
4.8929e-11,5.0656e-11,5.8786e-11
2.7317e-11,2.6932e-11,1.8594e-11
3.2747e-11,2.6371e-11,2.4607e-11
2.3202e-11,2.0257e-11,1.7453e-11
4.0437e-11,4.8483e-11,4.9327e-11
2.7523e-11,1.7368e-11,1.6856e-11
2.7624e-11,3.0756e-11,1.9718e-11
4.6707e-11,6.0085e-11,5.3285e-11
4.5109e-11,6.6408e-11,4.9871e-11
6.1218e-11,8.7458e-11,9.3259e-11
2.7257e-11,7.4042e-11,7.4686e-11
3.882e-11,3.9866e-11,2.4495e-11
2.7987e-11,5.5251e-11,8.9026e-11
3.3221e-11,5.5425e-11,9.5668e-11
7.3992e-11,7.4375e-11,5.7799e-11
5.9087e-11,7.8502e-11,9.9262e-11
6.5874e-11,1.0225e-10,1.4305e-10
6.5845e-11,7.792e-11,9.7098e-11
3.2112e-11,2.9884e-11,4.0056e-11
3.3318e-11,2.0239e-11,3.49e-11
3.5557e-11,1.9383e-11,2.3204e-11
3.1129e-11,1.6725e-11,3.6645e-11
7.2399e-11,6.9728e-11,6.2e-11
3.2029e-11,2.8435e-11,3.6822e-11
4.7785e-11,3.9335e-11,4.3197e-11
1.3465e-10,1.2017e-10,1.728e-10
3.916e-11,1.6711e-11,3.2613e-11
4.5902e-11,2.7049e-11,3.6861e-11
6.172e-11,3.9439e-11,5.5431e-11
6.0989e-11,3.97e-11,5.2973e-11
5.1761e-11,2.4685e-11,4.6232e-11
5.7124e-11,2.2175e-11,4.9908e-11
4.9339e-11,1.4461e-11,4.7606e-11
5.3176e-11,1.7761e-11,5.5565e-11
7.8738e-11,3.3716e-11,1.0076e-10
8.6858e-11,4.6942e-11,7.726e-11
1.3425e-10,5.8025e-11,1.5251e-10
8.0622e-11,2.7465e-11,1.0103e-10
8.4397e-11,2.2916e-11,9.2477e-11
9.4481e-11,3.0016e-11,1.0238e-10
1.1551e-10,3.3164e-11,1.2158e-10
2.45e-11,2.7055e-11,1.8373e-11
4.1174e-11,3.046e-11,3.7221e-11
2.1819e-11,1.8203e-11,1.4959e-11
2.3556e-11,1.8183e-11,1.5065e-11
4.5803e-11,3.9966e-11,5.6055e-11
2.0997e-11,2.2432e-11,2.2697e-11
3.5968e-11,6.3954e-11,5.5379e-11
1.9598e-11,2.8535e-11,1.9964e-11
4.9283e-11,5.8405e-11,3.7335e-11
2.2809e-11,2.0166e-11,2.4735e-11
3.3266e-11,3.5311e-11,2.1038e-11
2.713e-11,3.0978e-11,2.2554e-11
6.3355e-11,7.3459e-11,4.1918e-11
5.407e-11,5.8961e-11,3.6578e-11
4.2115e-11,5.6058e-11,4.4625e-11
3.0114e-11,4.673e-11,7.6269e-11
6.196e-11,8.8822e-11,1.0435e-10
2.2256e-11,2.4171e-11,1.9597e-11
2.0684e-11,2.1002e-11,1.6342e-11
2.0208e-11,5.1432e-11,8.575e-11
4.6858e-11,8.6916e-11,1.3589e-10
2.9133e-11,1.6597e-11,1.6652e-11
3.3234e-11,3.2479e-11,2.6696e-11
3.411e-11,3.3835e-11,2.764e-11
4.1386e-11,2.6282e-11,4.0859e-11
7.3343e-11,9.6948e-11,1.6708e-10
3.1377e-11,2.5642e-11,2.4032e-11
4.157e-11,3.0433e-11,3.3752e-11
6.1575e-11,4.2277e-11,7.1161e-11
4.3579e-11,2.1603e-11,3.2118e-11
9.572e-11,6.9717e-11,1.0194e-10
5.7859e-11,4.0465e-11,4.5206e-11
9.5626e-11,4.6727e-11,1.1329e-10
5.0486e-11,2.1549e-11,4.9819e-11
5.0395e-11,1.6631e-11,6.3541e-11
5.8534e-11,2.0003e-11,9.8679e-11
1.1689e-10,4.4308e-11,1.4124e-10
6.992e-11,2.1175e-11,6.7079e-11
7.497e-11,2.7374e-11,7.7202e-11
8.9147e-11,2.4387e-11,1.3518e-10
7.1394e-11,2.3746e-11,6.5741e-11
8.1088e-11,2.7344e-11,7.3578e-11
1.0361e-10,2.861e-11,1.5908e-10
8.3971e-11,3.2562e-11,8.7634e-11
1.0277e-10,3.8406e-11,9.7433e-11
1.0756e-10,2.6407e-11,1.0604e-10
1.1043e-10,2.5028e-11,1.17e-10
2.6322e-11,2.7032e-11,3.2198e-11
1.6563e-11,2.5169e-11,2.6089e-11
2.3705e-11,2.0158e-11,1.7781e-11
3.2418e-11,2.6578e-11,1.1304e-11
2.4686e-11,1.626e-11,3.2497e-11
2.0892e-11,1.9408e-11,1.4136e-11
5.2789e-11,3.9688e-11,5.81e-11
2.0858e-11,1.5924e-11,1.3924e-11
2.4015e-11,2.3861e-11,2.6641e-11
2.1962e-11,2.0635e-11,2.1492e-11
6.6042e-11,7.0778e-11,4.9718e-11
1.9284e-11,1.7576e-11,1.2867e-11
3.9362e-11,4.6096e-11,2.8455e-11
2.466e-11,2.3751e-11,2.4347e-11
1.9581e-11,2.2572e-11,1.7959e-11
2.236e-11,2.2051e-11,1.8828e-11
2.0741e-11,2.1554e-11,1.6109e-11
3.1186e-11,1.9667e-11,1.8417e-11
3.6432e-11,3.8076e-11,2.776e-11
2.7101e-11,2.1419e-11,4.2298e-11
5.2809e-11,4.7179e-11,3.9633e-11
2.4573e-11,1.6193e-11,4.694e-11
8.2069e-11,7.3902e-11,5.9735e-11
5.4952e-11,4.3381e-11,3.915e-11
4.541e-11,1.8249e-11,7.4629e-11
4.8024e-11,2.3752e-11,7.137e-11
5.8536e-11,3.0152e-11,8.4107e-11
7.0622e-11,2.6897e-11,6.2786e-11
6.8937e-11,2.1704e-11,6.7197e-11
9.2048e-11,2.3041e-11,1.4533e-10
1.0096e-10,3.6469e-11,9.5016e-11
9.9498e-11,2.5029e-11,9.2918e-11
9.6588e-11,2.4223e-11,1.0241e-10
2.9857e-11,2.487e-11,3.0358e-11
2.9734e-11,2.8817e-11,4.2715e-11
3.802e-11,2.4589e-11,2.3901e-11
5.1517e-11,5.2358e-11,3.3434e-11
1.9979e-11,2.0882e-11,2.698e-11
2.2943e-11,1.8397e-11,1.495e-11
2.2248e-11,2.0902e-11,3.6083e-11
1.6813e-11,1.715e-11,9.7237e-12
5.0297e-11,4.6655e-11,5.8557e-11
3.1793e-11,6.0418e-11,6.0895e-11
5.5023e-11,5.1496e-11,7.6343e-11
6.4956e-11,7.1364e-11,4.3505e-11
3.093e-11,6.4318e-11,5.5106e-11
2.2368e-11,1.9828e-11,2.1875e-11
1.8852e-11,1.6337e-11,1.0679e-11
3.4615e-11,3.6157e-11,2.0573e-11
3.1868e-11,4.0986e-11,5.6221e-11
5.3028e-11,5.3763e-11,4.9135e-11
1.907e-11,2.2916e-11,1.6983e-11
6.3927e-11,7.6329e-11,4.5011e-11
2.6302e-11,2.2491e-11,2.1526e-11
2.7998e-11,2.7136e-11,1.8817e-11
3.8124e-11,5.1139e-11,7.3553e-11
4.4575e-11,6.5856e-11,6.4417e-11
3.2277e-11,2.5766e-11,3.2433e-11
7.5818e-11,7.7882e-11,5.7943e-11
3.3737e-11,1.8489e-11,2.0659e-11
7.509e-11,1.0289e-10,1.6953e-10
3.6886e-11,1.7097e-11,2.3688e-11
3.5527e-11,2.9136e-11,4.3134e-11
2.8138e-11,2.0793e-11,4.4655e-11
3.939e-11,2.7553e-11,4.9963e-11
7.5355e-11,7.0556e-11,5.716e-11
6.8911e-11,5.6143e-11,8.4326e-11
4.7762e-11,2.3349e-11,3.1607e-11
3.4674e-11,1.9614e-11,6.1623e-11
3.9787e-11,2.7561e-11,6.3988e-11
3.8326e-11,1.8251e-11,6.5268e-11
7.5891e-11,6.8049e-11,1.0274e-10
4.1601e-11,2.0175e-11,7.0644e-11
6.2297e-11,4.4828e-11,5.2598e-11
5.5085e-11,2.3748e-11,4.7191e-11
4.6961e-11,1.4666e-11,4.2944e-11
6.4141e-11,2.9591e-11,9.7657e-11
7.1034e-11,3.0918e-11,9.1742e-11
1.1832e-10,5.8762e-11,1.489e-10
9.2727e-11,5.6131e-11,8.0216e-11
6.2778e-11,2.706e-11,6.8925e-11
1.2708e-10,4.662e-11,1.4237e-10
1.1161e-10,3.0125e-11,1.0206e-10
2.8922e-11,1.9261e-11,1.5658e-11
2.6736e-11,2.556e-11,1.3225e-11
6.4762e-11,7.4196e-11,4.5358e-11
1.7919e-11,1.8163e-11,1.1948e-11
2.4545e-11,2.201e-11,1.9278e-11
2.4279e-11,2.2493e-11,2.995e-11
1.9437e-11,2.1223e-11,2.3599e-11
1.956e-11,2.649e-11,2.0098e-11
5.3112e-11,7.5908e-11,1.0027e-10
1.9705e-11,2.2385e-11,1.8622e-11
3.9292e-11,4.1658e-11,5.4009e-11
3.7788e-11,3.7817e-11,2.2156e-11
4.3145e-11,4.7951e-11,5.2324e-11
3.9775e-11,6.2535e-11,7.4031e-11
1.9432e-11,2.368e-11,1.9367e-11
3.0042e-11,5.4516e-11,5.8107e-11
3.1291e-11,3.8963e-11,2.6113e-11
2.686e-11,3.0131e-11,2.3209e-11
4.702e-11,5.3752e-11,3.9273e-11
2.9762e-11,4.2783e-11,7.5174e-11
3.6269e-11,3.823e-11,2.7974e-11
3.1313e-11,4.6326e-11,4.1405e-11
3.0857e-11,4.2024e-11,4.2812e-11
8.7944e-11,1.0166e-10,1.5959e-10
8.7841e-11,1.0506e-10,1.5489e-10
3.9389e-11,2.9601e-11,3.4641e-11
1.2243e-10,1.2573e-10,1.5923e-10
1.246e-10,1.0891e-10,1.3134e-10
4.5098e-11,1.8527e-11,3.0722e-11
3.3707e-11,1.7441e-11,6.6635e-11
6.3687e-11,5.8962e-11,9.2839e-11
4.452e-11,3.2912e-11,7.344e-11
6.1319e-11,3.2762e-11,8.0989e-11
5.7216e-11,1.6255e-11,7.2584e-11
8.2705e-11,4.7029e-11,1.1582e-10
5.5226e-11,1.9983e-11,5.3949e-11
5.9274e-11,2.2076e-11,5.7828e-11
5.4747e-11,2.6453e-11,5.6068e-11
8.055e-11,2.533e-11,6.7143e-11
9.7786e-11,2.8944e-11,1.5377e-10
1.0117e-10,3.097e-11,9.6647e-11
1.0419e-10,3.4895e-11,1.0358e-10
1.0793e-10,2.7631e-11,1.0812e-10
1.2127e-10,2.839e-11,1.2782e-10
2.5188e-11,2.6014e-11,1.9682e-11
2.1317e-11,1.8476e-11,2.5549e-11
2.3406e-11,3.2562e-11,3.2247e-11
4.0673e-11,3.9979e-11,6.5674e-11
2.354e-11,1.9819e-11,1.4035e-11
4.4086e-11,4.9963e-11,6.6663e-11
2.5146e-11,3.8974e-11,4.4945e-11
3.653e-11,5.6784e-11,6.2351e-11
3.8516e-11,4.4931e-11,2.7278e-11
6.1429e-11,6.0053e-11,3.9064e-11
3.8373e-11,2.9905e-11,3.5035e-11
7.9741e-11,9.4601e-11,1.0105e-10
6.1868e-11,5.062e-11,4.4413e-11
3.5649e-11,2.2053e-11,7.1018e-11
3.4634e-11,1.8474e-11,6.6784e-11
6.4833e-11,3.1907e-11,9.1167e-11
6.1647e-11,2.8832e-11,4.9461e-11
5.2293e-11,1.8703e-11,8.6021e-11
6.2312e-11,3.0417e-11,9.7692e-11
4.7889e-11,1.5646e-11,6.0549e-11
5.157e-11,1.6979e-11,6.6504e-11
6.0531e-11,1.8946e-11,7.2477e-11
1.0278e-10,5.2403e-11,1.4132e-10
9.7083e-11,5.3041e-11,8.177e-11
1.03e-10,5.1768e-11,8.5266e-11
7.7857e-11,2.8727e-11,1.2666e-10
8.7351e-11,2.4668e-11,8.1675e-11
9.7596e-11,2.7377e-11,1.5155e-10
8.9899e-11,2.5901e-11,8.7908e-11
1.0331e-10,3.2868e-11,1.4219e-10
4.7241e-11,4.995e-11,3.4303e-11
2.3943e-11,4.0586e-11,5.4808e-11
3.3414e-11,3.0452e-11,3.0593e-11
2.9906e-11,2.4575e-11,1.7155e-11
3.2676e-11,2.3327e-11,2.0168e-11
2.5571e-11,2.2278e-11,2.224e-11
2.4969e-11,3.7057e-11,3.6065e-11
4.075e-11,4.2471e-11,2.7092e-11
3.9642e-11,3.1843e-11,4.4839e-11
4.7253e-11,4.7932e-11,3.3023e-11
2.0817e-11,2.4809e-11,2.6391e-11
2.3172e-11,2.5464e-11,5.1557e-11
1.8519e-11,4.26e-11,5.0798e-11
5.3024e-11,7.752e-11,1.3485e-10
1.7317e-11,3.8616e-11,5.7075e-11
2.7468e-11,2.2592e-11,1.9347e-11
3.0921e-11,3.6354e-11,2.8156e-11
2.156e-11,2.0136e-11,2.1164e-11
6.1779e-11,6.4184e-11,4.1822e-11
2.8768e-11,3.2166e-11,2.2141e-11
3.4621e-11,3.9267e-11,2.8668e-11
8.1306e-11,1.0481e-10,1.5487e-10
6.8669e-11,6.4716e-11,4.6535e-11
4.4258e-11,3.9504e-11,3.2067e-11
4.9509e-11,3.7347e-11,4.5398e-11
6.8551e-11,7.8577e-11,8.525e-11
4.0256e-11,2.1494e-11,2.1982e-11
4.0873e-11,1.9789e-11,2.425e-11
4.5457e-11,2.6848e-11,3.3503e-11
7.8382e-11,6.4201e-11,5.9966e-11
1.2475e-10,8.5881e-11,1.185e-10
4.6097e-11,1.5673e-11,5.8262e-11
6.105e-11,2.5808e-11,4.786e-11
7.4547e-11,3.6121e-11,6.0811e-11
8.354e-11,4.2368e-11,7.0255e-11
6.6555e-11,2.2854e-11,1.1476e-10
6.0457e-11,1.7899e-11,6.0016e-11
6.0538e-11,1.9807e-11,5.9843e-11
9.0098e-11,3.5068e-11,1.3174e-10
1.1156e-10,4.3331e-11,1.3473e-10
6.8565e-11,3.0992e-11,6.6533e-11
7.2332e-11,2.0215e-11,8.3384e-11
1.0916e-10,3.8469e-11,1.4437e-10
8.5395e-11,3.0578e-11,8.2978e-11
1.1824e-10,3.2285e-11,1.0311e-10
1.0816e-10,3.0053e-11,1.1256e-10
1.2787e-10,2.8939e-11,1.2812e-10
3.1464e-11,3.1226e-11,2.1421e-11
3.1327e-11,2.7042e-11,2.1204e-11
2.8968e-11,2.0004e-11,1.3803e-11
2.1093e-11,2.7157e-11,2.1465e-11
6.1733e-11,6.9871e-11,4.1401e-11
4.3855e-11,4.9709e-11,4.5154e-11
4.4133e-11,6.3547e-11,1.0135e-10
2.4443e-11,2.2936e-11,3.0079e-11
3.8759e-11,3.2426e-11,4.6847e-11
3.7453e-11,3.7599e-11,6.9574e-11
2.7206e-11,5.2768e-11,6.9172e-11
4.426e-11,3.7233e-11,6.9551e-11
2.1952e-11,5.3307e-11,5.4134e-11
2.2508e-11,2.2797e-11,1.7411e-11
3.3079e-11,3.5352e-11,2.0871e-11
6.1048e-11,6.9491e-11,3.7333e-11
1.6916e-11,3.6536e-11,5.4055e-11
2.1472e-11,4.1285e-11,3.9144e-11
6.8251e-11,7.429e-11,4.4372e-11
2.8093e-11,3.2497e-11,2.1013e-11
2.467e-11,1.7425e-11,1.8876e-11
2.4068e-11,2.5011e-11,1.4048e-11
2.7133e-11,3.1964e-11,2.1179e-11
6.2901e-11,6.2893e-11,4.1404e-11
4.0174e-11,4.5908e-11,3.447e-11
6.7706e-11,8.1172e-11,1.0951e-10
5.0758e-11,7.2795e-11,7.2059e-11
3.2762e-11,2.4043e-11,2.3885e-11
9.3491e-11,1.0823e-10,1.3416e-10
4.3881e-11,2.2645e-11,2.2723e-11
4.322e-11,3.3165e-11,2.9917e-11
5.6011e-11,6.2163e-11,6.216e-11
3.4499e-11,2.9245e-11,5.0691e-11
8.1292e-11,7.1644e-11,6.2536e-11
4.3572e-11,2.9915e-11,4.1558e-11
4.7191e-11,3.4448e-11,3.7741e-11
6.7928e-11,4.0222e-11,1.0589e-10
8.7918e-11,5.7814e-11,1.2074e-10
6.1286e-11,2.449e-11,5.9845e-11
9.0057e-11,3.4977e-11,7.9454e-11
1.0416e-10,2.9258e-11,1.2459e-10
1.1741e-10,3.1043e-11,1.1891e-10
5.3651e-11,5.6964e-11,3.3318e-11
4.4038e-11,3.3192e-11,6.5238e-11
2.9418e-11,2.1091e-11,2.2333e-11
2.8775e-11,3.1421e-11,4.5183e-11
2.5113e-11,3.177e-11,4.6886e-11
2.1599e-11,3.1144e-11,2.8483e-11
3.9984e-11,7.8344e-11,1.0685e-10
2.936e-11,2.7873e-11,1.728e-11
2.3404e-11,3.6142e-11,3.9327e-11
1.9524e-11,1.9682e-11,1.3018e-11
4.2625e-11,3.5602e-11,7.2362e-11
2.5098e-11,2.1328e-11,1.7285e-11
2.9723e-11,6.5899e-11,7.4952e-11
3.8206e-11,8.2569e-11,1.1754e-10
7.3245e-11,8.3062e-11,5.1247e-11
2.6359e-11,6.5577e-11,6.7572e-11
2.4623e-11,2.8459e-11,2.3798e-11
4.7643e-11,8.893e-11,1.1322e-10
3.5352e-11,2.2768e-11,1.9814e-11
8.8973e-11,1.1781e-10,1.31e-10
9.9837e-11,1.354e-10,1.4216e-10
5.9492e-11,7.7171e-11,7.7852e-11
5.0819e-11,5.9365e-11,5.8066e-11
3.3886e-11,2.5801e-11,4.9891e-11
4.7025e-11,3.6611e-11,3.4621e-11
5.1333e-11,2.1674e-11,3.1087e-11
5.1777e-11,2.2007e-11,7.2099e-11
1.0194e-10,7.5599e-11,1.1104e-10
3.9577e-11,2.0588e-11,7.3771e-11
4.0642e-11,1.7221e-11,7.0657e-11
5.9588e-11,3.1981e-11,4.2538e-11
8.397e-11,4.6488e-11,6.3745e-11
6.1614e-11,1.9584e-11,5.7687e-11
9.933e-11,3.9678e-11,7.8653e-11
9.6705e-11,2.5568e-11,1.4822e-10
9.6104e-11,2.6509e-11,1.4675e-10
1.0434e-10,3.2358e-11,1.376e-10
1.303e-10,3.5547e-11,1.3443e-10
2.2918e-11,3.4276e-11,3.8183e-11
2.2447e-11,1.9405e-11,1.7447e-11
3.2394e-11,2.956e-11,3.0928e-11
2.3236e-11,3.5996e-11,2.301e-11
2.4537e-11,1.8798e-11,8.5172e-12
3.8721e-11,3.3401e-11,2.1585e-11
1.9459e-11,2.0774e-11,1.5485e-11
2.0141e-11,1.7513e-11,2.0161e-11
2.7822e-11,2.2078e-11,2.6718e-11
3.0337e-11,3.1255e-11,1.7208e-11
2.1219e-11,2.7368e-11,4.5847e-11
2.6605e-11,3.0833e-11,3.6439e-11
6.258e-11,7.0804e-11,3.897e-11
2.561e-11,2.8829e-11,6.0678e-11
2.1912e-11,3.7412e-11,3.8254e-11
4.8576e-11,8.1047e-11,1.419e-10
2.1899e-11,2.4622e-11,1.7193e-11
2.5731e-11,2.7272e-11,1.5488e-11
1.6832e-11,3.0979e-11,6.0373e-11
1.347e-11,3.3487e-11,4.455e-11
4.622e-11,5.4378e-11,3.4913e-11
2.8449e-11,3.3368e-11,5.8112e-11
4.2065e-11,4.6499e-11,5.7153e-11
4.0613e-11,3.9356e-11,3.0638e-11
3.9162e-11,2.4834e-11,2.5565e-11
7.0432e-11,7.5165e-11,8.4997e-11
6.3919e-11,8.4002e-11,7.3974e-11
8.1941e-11,7.1845e-11,6.1733e-11
4.5808e-11,2.5063e-11,6.5173e-11
5.5516e-11,3.4393e-11,7.8605e-11
9.3888e-11,5.7797e-11,1.4326e-10
5.7139e-11,1.9395e-11,6.6869e-11
5.9071e-11,2.495e-11,5.6497e-11
6.315e-11,2.7112e-11,6.9006e-11
7.4066e-11,2.3125e-11,8.1123e-11
1.0616e-10,4.0004e-11,1.4101e-10
8.7073e-11,2.785e-11,1.434e-10
8.6103e-11,2.7165e-11,1.4245e-10
8.0587e-11,2.5614e-11,8.2721e-11
1.2038e-10,3.5604e-11,1.3572e-10
1.1957e-10,3.0854e-11,1.1979e-10
1.2265e-10,2.9068e-11,1.1862e-10
1.3254e-10,3.3176e-11,1.338e-10
2.7301e-11,1.8604e-11,7.3242e-12
3.0148e-11,2.479e-11,2.3439e-11
2.697e-11,2.7018e-11,2.5654e-11
2.9455e-11,5.9459e-11,8.9154e-11
2.2967e-11,2.9396e-11,4.4333e-11
2.5948e-11,1.9632e-11,4.8056e-11
5.7183e-11,5.9402e-11,3.4567e-11
3.7766e-11,3.6243e-11,1.9818e-11
3.7653e-11,8.5775e-11,1.3467e-10
2.6257e-11,2.8226e-11,1.7871e-11
1.5648e-11,3.9919e-11,4.3076e-11
2.4216e-11,3.0577e-11,4.8734e-11
4.0802e-11,7.6331e-11,8.0023e-11
5.5918e-11,1.0692e-10,1.1588e-10
2.7262e-11,3.1964e-11,2.3311e-11
2.4063e-11,4.5049e-11,4.7339e-11
5.8866e-11,5.461e-11,3.2154e-11
3.3408e-11,3.7375e-11,2.3925e-11
3.4637e-11,1.8794e-11,2.3279e-11
5.6504e-11,4.2829e-11,5.5598e-11
3.3358e-11,2.7238e-11,2.2867e-11
3.9312e-11,2.2068e-11,2.1366e-11
4.2208e-11,3.197e-11,2.772e-11
7.2894e-11,7.0725e-11,5.5903e-11
6.3765e-11,6.1765e-11,6.6179e-11
6.9133e-11,3.9442e-11,6.7033e-11
4.5563e-11,2.4622e-11,2.5861e-11
4.3959e-11,3.0273e-11,7.3954e-11
4.4672e-11,2.843e-11,6.5185e-11
5.6731e-11,3.1613e-11,3.4139e-11
9.8811e-11,7.4213e-11,1.1546e-10
7.7107e-11,5.2688e-11,1.201e-10
5.3658e-11,2.4953e-11,4.5033e-11
4.9818e-11,1.8173e-11,8.5709e-11
5.3443e-11,2.0259e-11,8.7547e-11
5.7788e-11,2.3614e-11,8.5561e-11
7.7092e-11,3.1325e-11,1.1491e-10
1.0237e-10,3.2281e-11,7.4668e-11
1.163e-10,2.954e-11,1.1118e-10
5.0243e-11,5.3933e-11,3.5514e-11
1.768e-11,2.3602e-11,1.8929e-11
3.6184e-11,2.6346e-11,4.5933e-11
2.4877e-11,2.0181e-11,1.7333e-11
3.368e-11,3.6278e-11,4.5754e-11
2.4002e-11,2.788e-11,2.2387e-11
4.2513e-11,3.3989e-11,5.396e-11
4.4343e-11,3.7362e-11,2.3183e-11
2.2178e-11,6.6127e-11,7.4952e-11
4.0311e-11,3.267e-11,4.7792e-11
2.319e-11,2.6996e-11,1.5129e-11
3.6984e-11,3.6346e-11,6.4768e-11
6.1113e-11,6.7152e-11,3.7648e-11
2.3404e-11,2.2731e-11,1.5758e-11
2.5019e-11,3.153e-11,5.6587e-11
3.0177e-11,2.8824e-11,2.2038e-11
1.6656e-11,3.0609e-11,5.4992e-11
5.5015e-11,7.5387e-11,7.7559e-11
2.1995e-11,4.0699e-11,4.7172e-11
3.4534e-11,2.8689e-11,5.4651e-11
4.4087e-11,4.6907e-11,3.0237e-11
3.1197e-11,3.2699e-11,2.1848e-11
6.9062e-11,7.1683e-11,4.5799e-11
4.5634e-11,6.5489e-11,7.0879e-11
3.2729e-11,3.2025e-11,4.752e-11
3.532e-11,2.3275e-11,2.066e-11
3.2896e-11,4.6788e-11,3.8138e-11
3.8665e-11,3.8701e-11,4.9298e-11
4.1648e-11,2.0186e-11,1.9198e-11
4.8162e-11,4.0361e-11,3.463e-11
3.495e-11,2.4888e-11,5.9113e-11
3.3866e-11,2.2147e-11,5.1242e-11
8.0631e-11,7.3828e-11,8.4851e-11
3.1735e-11,1.6638e-11,5.4006e-11
3.1108e-11,1.5892e-11,5.2719e-11
3.7266e-11,2.3002e-11,6.4076e-11
8.5238e-11,6.6083e-11,6.8893e-11
5.6256e-11,3.1995e-11,9.3435e-11
8.3447e-11,6.1654e-11,6.2043e-11
4.668e-11,2.6229e-11,8.215e-11
9.0513e-11,6.2153e-11,6.3793e-11
5.4004e-11,2.5798e-11,9.1038e-11
9.2334e-11,5.6858e-11,1.4591e-10
5.6959e-11,2.0679e-11,9.4899e-11
9.8546e-11,5.684e-11,1.5646e-10
6.9805e-11,3.0172e-11,1.0284e-10
8.8079e-11,4.2483e-11,1.3201e-10
9.0438e-11,4.9299e-11,1.431e-10
9.7234e-11,5.7915e-11,7.5827e-11
6.6712e-11,2.4133e-11,1.048e-10
7.4882e-11,2.3852e-11,6.9287e-11
9.4956e-11,3.312e-11,7.4778e-11
9.1398e-11,2.7546e-11,1.4693e-10
9.3101e-11,2.9003e-11,1.4879e-10
8.9953e-11,2.8705e-11,8.45e-11
8.1676e-11,2.9676e-11,8.4104e-11
8.5435e-11,2.9891e-11,9.3858e-11
1.1988e-10,3.1784e-11,9.5672e-11
4.8215e-11,4.948e-11,3.1204e-11
2.6128e-11,2.4606e-11,2.8352e-11
2.5695e-11,1.8985e-11,1.9828e-11
2.5409e-11,2.7799e-11,6.4028e-11
2.0285e-11,1.9312e-11,8.9377e-12
4.2285e-11,3.545e-11,5.3204e-11
1.9589e-11,2.8188e-11,2.905e-11
2.027e-11,1.7607e-11,1.0483e-11
2.4136e-11,3.038e-11,1.9442e-11
3.6942e-11,4.1417e-11,5.3566e-11
2.2076e-11,3.8781e-11,3.9051e-11
1.6761e-11,2.8873e-11,5.5656e-11
2.2254e-11,3.7191e-11,4.5546e-11
2.3996e-11,5.3704e-11,4.1419e-11
4.1631e-11,3.6296e-11,5.1323e-11
2.8721e-11,1.0564e-10,1.0541e-10
2.7399e-11,8.9212e-11,1.0539e-10
3.5277e-11,1.1411e-10,1.0959e-10
2.3744e-11,2.5451e-11,1.592e-11
5.3337e-11,1.4485e-10,1.3087e-10
2.1613e-11,2.4053e-11,2.5436e-11
2.9759e-11,4.99e-11,4.3341e-11
3.644e-11,2.4669e-11,2.7134e-11
3.3778e-11,2.9927e-11,2.5755e-11
3.6436e-11,3.8767e-11,5.3824e-11
6.5215e-11,5.7123e-11,4.5414e-11
5.2746e-11,2.6595e-11,5.059e-11
5.0581e-11,2.717e-11,5.459e-11
6.5097e-11,5.4571e-11,4.5886e-11
5.1585e-11,2.7254e-11,4.1372e-11
4.5725e-11,2.2739e-11,7.9785e-11
4.3432e-11,2.1362e-11,7.706e-11
7.0785e-11,4.9563e-11,1.2518e-10
6.8483e-11,3.202e-11,5.0203e-11
6.7316e-11,2.7838e-11,6.065e-11
9.9761e-11,4.5421e-11,1.3933e-10
8.2982e-11,3.2989e-11,6.7346e-11
8.9614e-11,3.9701e-11,6.4678e-11
1.2402e-10,3.5768e-11,1.0076e-10
1.0859e-10,2.9193e-11,1.0504e-10
1.1616e-10,3.1995e-11,1.1034e-10
2.4975e-11,1.9968e-11,1.0257e-11
2.4742e-11,1.9808e-11,2.2961e-11
2.5965e-11,3.0818e-11,2.2633e-11
3.295e-11,2.6479e-11,2.1846e-11
3.278e-11,3.0595e-11,4.5729e-11
2.1054e-11,1.7066e-11,6.269e-12
2.2711e-11,2.6665e-11,4.3723e-11
2.7916e-11,2.4093e-11,5.9702e-11
2.8058e-11,2.7185e-11,2.5984e-11
3.1584e-11,3.0715e-11,1.7615e-11
2.278e-11,1.9695e-11,1.2531e-11
2.3635e-11,1.765e-11,2.5729e-11
2.3772e-11,2.6462e-11,1.5951e-11
4.3145e-11,5.0172e-11,2.6149e-11
2.361e-11,2.1937e-11,1.5248e-11
2.8732e-11,3.2117e-11,5.3347e-11
3.757e-11,4.2799e-11,2.2795e-11
3.9358e-11,4.4656e-11,2.5576e-11
2.6061e-11,1.8636e-11,1.3061e-11
8.1363e-11,1.339e-10,1.1366e-10
2.8142e-11,2.6952e-11,1.7158e-11
3.5588e-11,3.8936e-11,4.2559e-11
5.4919e-11,3.4362e-11,3.8509e-11
4.6244e-11,4.4336e-11,3.0157e-11
3.9467e-11,2.8009e-11,2.0232e-11
4.5938e-11,3.449e-11,3.5225e-11
4.4587e-11,3.7063e-11,2.7017e-11
5.582e-11,5.5782e-11,5.858e-11
4.4957e-11,2.7581e-11,2.6315e-11
3.1949e-11,2.0396e-11,5.4138e-11
3.8462e-11,2.3649e-11,6.6136e-11
1.2913e-10,1.2619e-10,1.1814e-10
6.3871e-11,5.6283e-11,9.0664e-11
4.3977e-11,2.6634e-11,4.8899e-11
4.1281e-11,2.787e-11,6.871e-11
5.3069e-11,2.5629e-11,3.9586e-11
6.3754e-11,2.4296e-11,5.2153e-11
5.8956e-11,2.4252e-11,4.91e-11
5.7196e-11,3.3409e-11,9.2492e-11
8.9259e-11,5.0438e-11,1.3791e-10
6.0307e-11,2.2999e-11,6.847e-11
6.7815e-11,2.6882e-11,9.7926e-11
7.0152e-11,2.8123e-11,1.071e-10
1.1012e-10,4.879e-11,8.4102e-11
9.1251e-11,3.4752e-11,6.2796e-11
1.0339e-10,3.273e-11,1.4168e-10
1.2108e-10,3.9636e-11,1.322e-10
2.5856e-11,2.0862e-11,1.7555e-11
2.0055e-11,2.6913e-11,2.6866e-11
2.6348e-11,1.8931e-11,1.1104e-11
2.1081e-11,1.6615e-11,5.35e-12
4.0353e-11,2.723e-11,7.2398e-11
1.733e-11,2.7789e-11,4.1203e-11
2.7316e-11,2.5499e-11,3.497e-11
1.7202e-11,4.7574e-11,3.8218e-11
4.0219e-11,2.715e-11,6.9361e-11
2.4318e-11,1.9457e-11,1.9782e-11
2.0459e-11,3.7329e-11,3.8499e-11
8.3161e-11,8.0924e-11,4.5404e-11
2.686e-11,3.4456e-11,1.9197e-11
2.4555e-11,2.9471e-11,4.4191e-11
3.3737e-11,3.545e-11,2.1539e-11
3.3356e-11,4.1233e-11,2.5817e-11
2.9096e-11,2.849e-11,1.8969e-11
2.8473e-11,3.0676e-11,2.1017e-11
4.8884e-11,6.0783e-11,6.5212e-11
3.5413e-11,3.4915e-11,4.3597e-11
8.3061e-11,7.7573e-11,5.2183e-11
3.758e-11,2.4091e-11,2.1298e-11
4.0143e-11,4.5415e-11,3.005e-11
2.7789e-11,2.2176e-11,5.148e-11
2.8145e-11,2.0842e-11,4.6951e-11
1.0585e-10,1.2462e-10,9.756e-11
6.4565e-11,5.4266e-11,4.374e-11
1.2428e-10,1.4252e-10,1.1051e-10
5.9554e-11,4.7762e-11,4.0443e-11
3.0451e-11,2.0197e-11,5.1824e-11
5.4556e-11,3.3798e-11,3.4081e-11
3.2819e-11,1.9729e-11,5.5464e-11
5.2893e-11,3.8295e-11,8.7291e-11
5.7979e-11,3.246e-11,3.5944e-11
6.1102e-11,3.5385e-11,3.4172e-11
6.2846e-11,3.119e-11,3.5968e-11
6.032e-11,4.0913e-11,1.1326e-10
6.0927e-11,2.5082e-11,5.1675e-11
6.2718e-11,2.2327e-11,8.4229e-11
6.8795e-11,2.5431e-11,1.0008e-10
8.7499e-11,4.0927e-11,1.2956e-10
6.9667e-11,2.6926e-11,1.107e-10
7.9241e-11,2.8701e-11,5.7925e-11
8.5517e-11,2.7994e-11,1.2781e-10
9.7845e-11,3.5684e-11,6.9998e-11
1.0107e-10,3.0395e-11,1.4636e-10
1.1885e-10,3.3475e-11,1.0041e-10
1.1446e-10,3.6038e-11,1.1814e-10
1.308e-10,3.4545e-11,1.1564e-10
1.2366e-10,3.1622e-11,1.1838e-10
5.1067e-11,5.3157e-11,3.5021e-11
1.5697e-11,3.008e-11,2.5045e-11
2.4166e-11,2.396e-11,1.622e-11
2.9978e-11,2.3397e-11,1.3835e-11
2.0721e-11,2.3434e-11,2.5366e-11
2.7641e-11,2.1614e-11,1.1982e-11
2.4631e-11,2.2323e-11,1.0632e-11
2.6026e-11,2.6873e-11,6.4324e-11
3.069e-11,2.8142e-11,4.4169e-11
2.9336e-11,2.641e-11,2.5251e-11
2.4434e-11,2.6386e-11,3.7464e-11
3.2798e-11,2.6921e-11,5.2395e-11
1.5765e-11,4.7052e-11,3.7695e-11
2.2041e-11,1.7675e-11,2.3815e-11
3.3063e-11,8.0353e-11,5.8672e-11
3.1943e-11,3.1891e-11,2.043e-11
1.8866e-11,2.9309e-11,5.6549e-11
2.626e-11,3.3819e-11,1.6417e-11
4.0957e-11,4.7475e-11,2.4711e-11
2.6691e-11,2.2869e-11,1.3962e-11
3.5639e-11,3.9716e-11,2.3239e-11
4.0084e-11,4.8027e-11,5.3564e-11
3.2384e-11,2.3903e-11,1.949e-11
3.9625e-11,2.8718e-11,1.9692e-11
4.9452e-11,4.9029e-11,3.1209e-11
5.05e-11,3.0362e-11,2.9956e-11
3.4728e-11,2.1295e-11,5.9291e-11
1.1141e-10,1.1091e-10,1.0084e-10
4.5583e-11,2.8755e-11,8.1599e-11
4.3094e-11,2.0292e-11,5.1044e-11
5.1704e-11,2.494e-11,7.2422e-11
6.8224e-11,2.6188e-11,4.4316e-11
6.1739e-11,2.7959e-11,4.7851e-11
8.3083e-11,4.7447e-11,1.3982e-10
8.9595e-11,4.6019e-11,6.1085e-11
1.0325e-10,5.0403e-11,7.842e-11
9.7435e-11,4.1681e-11,7.0294e-11
9.2251e-11,2.9584e-11,1.3155e-10
9.6491e-11,3.4065e-11,8.3916e-11
1.2724e-10,3.515e-11,1.0125e-10
1.2287e-10,3.4873e-11,1.134e-10
1.4932e-11,2.1739e-11,1.7836e-11
2.746e-11,1.9815e-11,9.8656e-12
1.6778e-11,2.0418e-11,1.0656e-11
1.6999e-11,4.1223e-11,5.2505e-11
2.4777e-11,3.2893e-11,3.9587e-11
1.9977e-11,1.8837e-11,1.0289e-11
2.0276e-11,2.0714e-11,1.0103e-11
1.9305e-11,1.7154e-11,1.5402e-11
3.013e-11,4.1794e-11,4.7068e-11
2.0807e-11,2.2631e-11,2.4724e-11
7.8193e-11,8.5197e-11,4.6607e-11
5.1483e-11,6.2022e-11,3.6793e-11
2.1692e-11,3.0368e-11,1.6953e-11
2.5546e-11,3.0887e-11,3.1811e-11
3.0442e-11,4.2899e-11,2.5284e-11
7.0049e-11,7.5755e-11,4.2248e-11
3.4392e-11,4.4083e-11,5.9058e-11
2.6823e-11,3.2349e-11,1.9894e-11
1.0077e-10,1.7068e-10,1.1907e-10
8.5325e-11,7.9599e-11,7.1094e-11
5.3503e-11,5.4941e-11,3.1428e-11
4.3923e-11,3.1464e-11,3.827e-11
2.7321e-11,1.8106e-11,4.1879e-11
5.5115e-11,2.5229e-11,6.0334e-11
4.9752e-11,2.5523e-11,5.956e-11
5.0927e-11,3.1568e-11,3.5024e-11
5.1592e-11,2.36e-11,2.7341e-11
3.1829e-11,2.6554e-11,5.1105e-11
6.8991e-11,5.8172e-11,9.6552e-11
6.8176e-11,5.3553e-11,4.2493e-11
3.9464e-11,2.2227e-11,6.8727e-11
1.0377e-10,9.5136e-11,1.05e-10
6.2047e-11,2.5265e-11,3.1472e-11
5.5607e-11,4.0126e-11,9.9305e-11
8.5038e-11,6.3589e-11,5.9896e-11
6.4427e-11,2.3489e-11,3.8349e-11
5.6347e-11,2.2831e-11,4.4534e-11
8.5e-11,4.053e-11,5.6e-11
7.8834e-11,2.749e-11,6.0141e-11
7.6485e-11,2.7888e-11,6.6739e-11
9.8281e-11,3.5857e-11,6.6002e-11
8.9034e-11,3.5673e-11,1.3445e-10
9.8636e-11,3.909e-11,1.4324e-10
9.7916e-11,3.9063e-11,1.4624e-10
8.9055e-11,3.755e-11,8.7941e-11
1.203e-10,3.3432e-11,1.0903e-10
1.8469e-11,1.6899e-11,2.7561e-11
2.2699e-11,2.5472e-11,1.2864e-11
1.8122e-11,2.5678e-11,2.4788e-11
2.8635e-11,2.5306e-11,1.5929e-11
1.7873e-11,5.4024e-11,4.1671e-11
5.2633e-11,5.5218e-11,2.8507e-11
1.9363e-11,9.9604e-11,7.5622e-11
3.9927e-11,4.1685e-11,2.1359e-11
1.9459e-11,3.0853e-11,4.9018e-11
2.9777e-11,3.9643e-11,5.0674e-11
7.3058e-11,7.828e-11,4.5023e-11
2.4384e-11,4.1654e-11,3.6021e-11
7.0375e-11,8.757e-11,7.4451e-11
5.6568e-11,6.4897e-11,6.4633e-11
3.1601e-11,3.1685e-11,3.5757e-11
3.1629e-11,3.4373e-11,3.2235e-11
2.4621e-11,1.7458e-11,3.9207e-11
4.3019e-11,2.8649e-11,2.3027e-11
5.3134e-11,5.6899e-11,3.5904e-11
3.0702e-11,1.9654e-11,4.4398e-11
4.9556e-11,4.9125e-11,3.1005e-11
3.166e-11,2.091e-11,4.6604e-11
5.2161e-11,4.769e-11,3.3746e-11
8.555e-11,8.7246e-11,7.7786e-11
5.4418e-11,2.5095e-11,2.6181e-11
6.5927e-11,5.7662e-11,7.8073e-11
3.5718e-11,2.1512e-11,6.1425e-11
9.5756e-11,1.0304e-10,1.022e-10
4.2449e-11,2.6548e-11,4.1377e-11
6.2112e-11,2.3179e-11,3.305e-11
4.4483e-11,2.6388e-11,7.0227e-11
6.9601e-11,2.7239e-11,4.1328e-11
5.8693e-11,2.1982e-11,4.0455e-11
1.0989e-10,4.9631e-11,7.4752e-11
9.0645e-11,3.5432e-11,1.2751e-10
1.0954e-10,3.3663e-11,8.1975e-11
1.1086e-10,3.4067e-11,1.2389e-10
1.1446e-10,3.3504e-11,9.3586e-11
2.7758e-11,2.2035e-11,2.9392e-11
2.8884e-11,2.4179e-11,1.9727e-11
1.9179e-11,1.9425e-11,1.0694e-11
1.85e-11,2.4965e-11,2.0789e-11
2.4956e-11,3.4427e-11,4.3124e-11
3.4901e-11,2.9452e-11,3.8874e-11
4.0108e-11,3.5777e-11,2.174e-11
2.0522e-11,9.7969e-11,9.3206e-11
3.118e-11,2.5978e-11,3.9841e-11
2.5886e-11,1.2032e-10,1.191e-10
2.2734e-11,7.857e-11,4.924e-11
6.1475e-11,6.7318e-11,3.2758e-11
3.2053e-11,1.4321e-10,1.2249e-10
4.3034e-11,9.699e-11,6.1485e-11
2.665e-11,5.0096e-11,5.7765e-11
2.3015e-11,2.0184e-11,1.9223e-11
4.1335e-11,3.3181e-11,4.8753e-11
5.0097e-11,9.7386e-11,6.8427e-11
3.2587e-11,2.6895e-11,1.9861e-11
3.8731e-11,4.6554e-11,2.5523e-11
6.9722e-11,7.2876e-11,4.3113e-11
7.8731e-11,7.5181e-11,4.9872e-11
3.2388e-11,2.1975e-11,4.228e-11
6.3301e-11,5.1856e-11,4.0654e-11
3.1719e-11,2.1837e-11,5.2113e-11
3.8647e-11,1.9396e-11,4.1504e-11
4.0067e-11,2.4058e-11,6.249e-11
8.4757e-11,5.818e-11,5.0501e-11
7.1462e-11,3.645e-11,4.1882e-11
4.4949e-11,2.3446e-11,6.9291e-11
9.013e-11,6.2829e-11,5.6083e-11
5.318e-11,2.177e-11,4.7822e-11
5.3967e-11,2.3433e-11,7.9405e-11
5.9893e-11,2.4969e-11,6.3931e-11
7.5932e-11,3.0403e-11,9.913e-11
1.2136e-10,3.8589e-11,1.4487e-10
1.1918e-10,4.0634e-11,1.2362e-10
2.0774e-11,1.8008e-11,1.0931e-11
2.0525e-11,1.7359e-11,1.096e-11
2.2722e-11,2.0815e-11,1.2124e-11
3.7497e-11,2.8929e-11,3.5704e-11
2.324e-11,2.1375e-11,1.7992e-11
1.713e-11,2.4904e-11,2.3169e-11
1.709e-11,1.9032e-11,1.6037e-11
2.6839e-11,7.071e-11,5.0292e-11
2.2836e-11,2.1316e-11,1.7379e-11
1.4818e-11,2.6149e-11,4.0478e-11
1.9408e-11,1.7169e-11,1.2428e-11
1.3147e-11,2.6642e-11,4.1248e-11
2.4542e-11,2.265e-11,2.5259e-11
3.8464e-11,6.9787e-11,6.0206e-11
3.1434e-11,3.2777e-11,3.8172e-11
5.399e-11,5.9264e-11,2.7635e-11
2.2391e-11,1.8106e-11,1.1147e-11
2.3482e-11,2.0779e-11,1.972e-11
4.3447e-11,8.6968e-11,5.2864e-11
4.9166e-11,1.3788e-10,8.1871e-11
7.5341e-11,8.1991e-11,4.6328e-11
2.7799e-11,2.3183e-11,1.7525e-11
3.5578e-11,3.0121e-11,2.4523e-11
4.8262e-11,5.0751e-11,6.2395e-11
4.6042e-11,2.6851e-11,2.2741e-11
4.6117e-11,2.6277e-11,2.1312e-11
4.7776e-11,2.0284e-11,2.8671e-11
6.0612e-11,5.3582e-11,9.3302e-11
4.8711e-11,3.123e-11,8.6151e-11
9.2781e-11,5.1647e-11,5.4497e-11
1.222e-10,4.1666e-11,9.4033e-11
1.2128e-10,4.3085e-11,9.3848e-11
1.0055e-10,3.6965e-11,1.0285e-10
4.4068e-11,3.9233e-11,2.4316e-11
3.5447e-11,2.8825e-11,1.4449e-11
1.263e-11,1.8641e-11,1.8789e-11
2.8156e-11,2.373e-11,2.8848e-11
2.2299e-11,1.8285e-11,6.6272e-12
2.0286e-11,2.7064e-11,4.0922e-11
2.3146e-11,2.2801e-11,2.8736e-11
2.1405e-11,2.594e-11,1.3384e-11
2.5004e-11,2.3909e-11,1.9125e-11
2.6692e-11,2.8659e-11,1.9729e-11
3.0449e-11,1.3191e-10,1.151e-10
3.4803e-11,3.445e-11,4.8558e-11
2.0036e-11,2.2063e-11,1.553e-11
2.2857e-11,4.347e-11,4.4986e-11
7.0872e-11,8.0463e-11,4.1621e-11
2.6262e-11,3.0341e-11,1.6939e-11
2.5895e-11,3.0313e-11,1.624e-11
2.1539e-11,2.5791e-11,1.5949e-11
6.1454e-11,1.6327e-10,8.9943e-11
6.5533e-11,1.8224e-10,1.0246e-10
7.7865e-11,9.143e-11,7.3999e-11
7.8399e-11,7.9657e-11,5.005e-11
7.2996e-11,1.0766e-10,7.739e-11
2.7616e-11,2.9193e-11,4.9293e-11
5.377e-11,5.2038e-11,3.6511e-11
9.9138e-11,1.5876e-10,1.0037e-10
3.6106e-11,2.8546e-11,4.1098e-11
3.8907e-11,2.8998e-11,4.4732e-11
5.9062e-11,5.3783e-11,3.6004e-11
4.635e-11,4.4026e-11,2.9256e-11
3.8452e-11,2.4473e-11,4.1835e-11
2.5836e-11,2.1976e-11,3.8131e-11
3.4846e-11,3.4527e-11,4.5431e-11
4.8025e-11,3.679e-11,4.4443e-11
4.3405e-11,4.4159e-11,4.8307e-11
4.0743e-11,3.5372e-11,6.6708e-11
4.0965e-11,1.9732e-11,2.8105e-11
3.9215e-11,3.2549e-11,7.037e-11
4.4647e-11,2.5043e-11,6.1032e-11
4.2719e-11,2.2961e-11,6.1786e-11
7.2265e-11,5.1095e-11,1.2025e-10
4.3506e-11,2.5457e-11,5.2807e-11
4.9376e-11,3.2244e-11,7.2112e-11
7.0292e-11,4.6123e-11,1.2782e-10
4.5014e-11,3.1609e-11,6.9595e-11
6.4195e-11,3.3101e-11,8.5186e-11
7.4125e-11,3.0144e-11,1.0619e-10
9.1498e-11,3.8102e-11,8.9681e-11
1.1404e-10,3.5341e-11,9.9777e-11
2.0879e-11,2.2199e-11,3.7908e-11
3.0932e-11,2.4196e-11,1.8134e-11
2.4851e-11,1.9781e-11,1.2959e-11
2.0079e-11,2.7463e-11,1.3577e-11
3.3403e-11,2.7974e-11,2.628e-11
1.7464e-11,2.1552e-11,2.2239e-11
1.2554e-11,2.7877e-11,3.6906e-11
3.4833e-11,2.4704e-11,2.8358e-11
2.4585e-11,1.7461e-11,2.1219e-11
3.8744e-11,7.1422e-11,4.437e-11
4.682e-11,1.6775e-10,9.9692e-11
2.2413e-11,2.9023e-11,1.7629e-11
4.9236e-11,5.9103e-11,3.0797e-11
1.9991e-11,3.4329e-11,3.31e-11
3.2937e-11,3.5461e-11,2.4716e-11
2.1168e-11,3.4884e-11,3.06e-11
9.6857e-11,1.8364e-10,1.0803e-10
4.1756e-11,3.7857e-11,2.7861e-11
1.1243e-10,2.0625e-10,1.1714e-10
2.4917e-11,2.2037e-11,3.2228e-11
2.3974e-11,2.1475e-11,3.2735e-11
3.1407e-11,2.7784e-11,3.8456e-11
4.7571e-11,2.7611e-11,2.2317e-11
4.9942e-11,3.7051e-11,2.6005e-11
5.8241e-11,4.9431e-11,3.8654e-11
4.2233e-11,2.3731e-11,3.1605e-11
4.9766e-11,2.0863e-11,2.9222e-11
6.6009e-11,4.1575e-11,3.3186e-11
6.8336e-11,4.4218e-11,4.0432e-11
3.958e-11,2.1177e-11,5.8882e-11
4.141e-11,2.1434e-11,3.8585e-11
5.2863e-11,1.9981e-11,3.8185e-11
6.6728e-11,4.9162e-11,1.2857e-10
5.4069e-11,2.6389e-11,8.6792e-11
1.0979e-10,5.2972e-11,6.7282e-11
9.7997e-11,5.0644e-11,5.6098e-11
8.8448e-11,3.6488e-11,6.2131e-11
7.7592e-11,3.3028e-11,1.0826e-10
1.0835e-10,4.6902e-11,1.4069e-10
1.0275e-10,3.8858e-11,1.4627e-10
1.2431e-10,4.3348e-11,8.4376e-11
2.5194e-11,2.008e-11,8.2066e-12
2.4071e-11,1.7101e-11,1.0138e-11
3.0141e-11,3.4956e-11,2.4488e-11
1.3113e-11,2.7127e-11,4.0129e-11
2.4164e-11,3.0786e-11,1.9765e-11
2.1103e-11,1.8564e-11,1.4383e-11
2.2588e-11,3.5155e-11,6.671e-11
4.9511e-11,5.1216e-11,2.4934e-11
2.1538e-11,3.6623e-11,4.6201e-11
1.7141e-11,2.2173e-11,1.4169e-11
2.4308e-11,3.6932e-11,6.7347e-11
2.8409e-11,2.4232e-11,1.2823e-11
2.1264e-11,2.1139e-11,2.0567e-11
2.5172e-11,2.7443e-11,4.0281e-11
2.2947e-11,1.7903e-11,1.8834e-11
1.8906e-11,2.5779e-11,3.1326e-11
2.4702e-11,2.8684e-11,4.7409e-11
2.7109e-11,1.006e-10,5.8473e-11
2.4803e-11,8.8067e-11,4.922e-11
3.9511e-11,4.9471e-11,3.0651e-11
4.002e-11,6.4825e-11,5.2845e-11
7.7574e-11,8.3336e-11,4.6061e-11
2.4872e-11,2.4342e-11,1.4579e-11
2.9554e-11,2.8153e-11,1.9441e-11
5.1811e-11,5.9761e-11,4.1466e-11
2.386e-11,3.9652e-11,3.1187e-11
2.7812e-11,4.3748e-11,3.8274e-11
1.0105e-10,1.6141e-10,9.8555e-11
3.4929e-11,3.8276e-11,3.4853e-11
3.1607e-11,2.6482e-11,4.4943e-11
5.0057e-11,2.6698e-11,3.2775e-11
3.288e-11,2.0917e-11,4.7745e-11
6.2563e-11,6.7979e-11,7.3149e-11
3.658e-11,2.0868e-11,5.5001e-11
8.7039e-11,6.8834e-11,5.5976e-11
5.9714e-11,2.7947e-11,4.0382e-11
6.3138e-11,4.0939e-11,1.0191e-10
1.0684e-10,5.9394e-11,6.4355e-11
6.7944e-11,2.9355e-11,6.2789e-11
8.8413e-11,4.3155e-11,1.3426e-10
8.1463e-11,4.0535e-11,1.1019e-10
1.2101e-10,4.9588e-11,7.8444e-11
8.9189e-11,2.9991e-11,7.2794e-11
1.1194e-10,4.3078e-11,1.5137e-10
1.0782e-10,3.6477e-11,1.384e-10
1.1614e-10,4.0855e-11,1.3784e-10
4.1517e-11,3.5366e-11,2.0375e-11
2.248e-11,2.7902e-11,2.0246e-11
1.7248e-11,1.7903e-11,1.1068e-11
3.5115e-11,3.7353e-11,3.7631e-11
1.8445e-11,2.0642e-11,1.022e-11
2.5678e-11,3.5607e-11,3.3822e-11
2.8564e-11,1.1191e-10,6.0241e-11
7.5133e-11,8.5104e-11,4.3087e-11
4.6258e-11,5.7423e-11,2.8335e-11
2.5404e-11,2.6319e-11,1.7336e-11
4.3966e-11,5.2819e-11,2.9712e-11
3.4653e-11,2.6204e-11,1.9383e-11
2.5601e-11,2.136e-11,3.4196e-11
2.6951e-11,2.7115e-11,3.762e-11
6.6414e-11,8.9431e-11,7.55e-11
2.9154e-11,2.292e-11,4.0429e-11
5.1033e-11,2.6531e-11,2.9668e-11
2.9286e-11,2.5537e-11,4.5083e-11
4.0966e-11,2.1999e-11,3.1444e-11
4.148e-11,4.1906e-11,7.112e-11
5.0988e-11,2.3961e-11,2.9938e-11
6.2035e-11,5.9865e-11,8.7397e-11
6.6547e-11,2.8516e-11,2.9746e-11
5.3276e-11,3.1339e-11,8.9691e-11
7.9979e-11,5.2763e-11,4.6023e-11
5.8875e-11,4.5439e-11,1.0362e-10
5.9322e-11,4.5202e-11,1.1197e-10
5.6035e-11,3.5493e-11,8.1307e-11
7.4196e-11,3.6998e-11,9.8062e-11
6.1669e-11,3.0307e-11,9.2582e-11
7.9592e-11,3.8582e-11,1.0715e-10
9.5066e-11,3.4151e-11,5.9011e-11
7.8322e-11,2.9347e-11,6.0958e-11
1.0354e-10,4.9466e-11,1.4607e-10
1.2208e-10,3.9066e-11,8.542e-11
1.1842e-10,3.5776e-11,9.403e-11
1.1604e-10,4.0824e-11,1.0966e-10
3.2038e-11,2.3953e-11,1.5659e-11
1.6129e-11,2.5277e-11,4.0654e-11
2.894e-11,2.9742e-11,5.8941e-11
1.7377e-11,2.1858e-11,1.9403e-11
3.4069e-11,3.1351e-11,1.774e-11
1.9152e-11,2.3475e-11,1.3606e-11
2.6005e-11,2.7449e-11,3.5655e-11
2.1712e-11,2.0397e-11,7.962e-12
3.1499e-11,3.2262e-11,3.2538e-11
2.22e-11,2.0542e-11,9.2136e-12
2.2049e-11,2.6152e-11,2.0494e-11
7.4518e-11,8.3968e-11,4.0355e-11
3.3544e-11,3.5786e-11,1.7403e-11
2.0179e-11,2.4863e-11,3.9363e-11
1.9053e-11,2.0402e-11,3.1431e-11
5.5228e-11,5.9071e-11,2.8781e-11
3.3776e-11,4.6656e-11,2.323e-11
6.0568e-11,7.1903e-11,3.9227e-11
2.0817e-11,3.2372e-11,4.1158e-11
2.9432e-11,3.707e-11,3.0264e-11
2.1627e-11,3.3602e-11,3.1345e-11
2.3106e-11,3.2385e-11,3.5933e-11
5.4832e-11,5.9576e-11,3.4518e-11
1.1611e-10,1.9814e-10,1.1349e-10
2.9758e-11,2.122e-11,3.5802e-11
8.1832e-11,8.1733e-11,5.4017e-11
4.2376e-11,1.904e-11,2.8522e-11
7.5053e-11,9.09e-11,9.3886e-11
4.335e-11,2.2293e-11,3.4256e-11
3.3055e-11,2.0131e-11,4.7849e-11
3.4716e-11,2.0118e-11,4.8335e-11
5.6213e-11,2.2374e-11,2.8934e-11
5.2127e-11,4.1991e-11,9.4756e-11
8.5991e-11,4.3143e-11,4.3e-11
7.6684e-11,3.7566e-11,3.9176e-11
7.0618e-11,3.1445e-11,7.8237e-11
8.497e-11,3.7764e-11,1.1039e-10
1.0732e-10,3.9313e-11,1.4561e-10
1.3179e-10,5.512e-11,1.2892e-10
2.2427e-11,2.1326e-11,1.6253e-11
3.4018e-11,3.2427e-11,4.0003e-11
2.6048e-11,2.6927e-11,3.7414e-11
2.2769e-11,2.4388e-11,9.3003e-12
3.4542e-11,2.9662e-11,3.3543e-11
1.7537e-11,2.0758e-11,1.3233e-11
2.3979e-11,2.1887e-11,1.6205e-11
3.4709e-11,3.6488e-11,1.7472e-11
2.6669e-11,5.0018e-11,4.0374e-11
1.9844e-11,3.9979e-11,4.0091e-11
1.3929e-11,1.8001e-11,2.5737e-11
2.351e-11,1.8168e-11,1.9776e-11
2.0754e-11,2.4083e-11,3.0282e-11
1.5943e-11,2.4678e-11,2.5318e-11
2.9588e-11,4.0574e-11,4.6388e-11
4.8725e-11,1.5962e-10,8.7056e-11
5.9283e-11,1.7982e-10,9.5901e-11
4.8833e-11,9.0071e-11,5.9142e-11
8.4203e-11,1.8217e-10,1.0826e-10
1.0359e-10,1.8983e-10,1.0901e-10
3.967e-11,3.0707e-11,2.3782e-11
3.73e-11,2.9162e-11,4.0226e-11
4.8682e-11,3.8305e-11,2.5774e-11
6.1943e-11,7.805e-11,7.5738e-11
5.0933e-11,2.4788e-11,2.224e-11
4.7016e-11,5.9601e-11,6.8738e-11
4.8618e-11,2.4457e-11,2.5392e-11
8.6378e-11,7.9057e-11,5.8474e-11
5.2037e-11,2.3776e-11,2.3087e-11
7.6284e-11,6.2901e-11,4.5705e-11
4.0131e-11,2.2733e-11,5.8985e-11
7.7992e-11,4.4581e-11,4.1662e-11
6.2079e-11,4.6378e-11,1.1266e-10
9.3591e-11,5.0543e-11,4.6606e-11
7.6688e-11,3.2846e-11,4.1214e-11
5.1226e-11,2.9379e-11,7.3908e-11
1.0275e-10,6.1341e-11,5.8051e-11
1.0295e-10,6.2307e-11,5.5244e-11
5.4593e-11,3.0477e-11,8.2039e-11
7.1097e-11,2.9007e-11,5.7154e-11
1.0347e-10,4.5769e-11,6.0621e-11
7.522e-11,3.0588e-11,8.0868e-11
1.0984e-10,4.3395e-11,6.0619e-11
7.8908e-11,3.1123e-11,1.0835e-10
8.961e-11,4.4685e-11,1.1753e-10
1.2951e-10,4.742e-11,8.1394e-11
1.0077e-10,3.599e-11,1.3755e-10
1.3076e-10,4.1513e-11,8.6325e-11
4.0482e-11,3.2861e-11,1.7415e-11
2.7868e-11,2.0783e-11,4.6528e-12
2.9743e-11,2.3386e-11,1.2247e-11
2.46e-11,2.6861e-11,1.6045e-11
3.7001e-11,2.7166e-11,3.179e-11
5.7222e-11,6.1008e-11,3.13e-11
2.2085e-11,2.0534e-11,1.8812e-11
1.5472e-11,7.1124e-11,6.2825e-11
2.4208e-11,2.844e-11,1.4394e-11
2.5505e-11,9.7791e-11,7.2132e-11
3.5222e-11,3.2186e-11,1.7794e-11
2.1478e-11,2.4047e-11,4.4881e-11
2.6237e-11,2.4494e-11,2.5166e-11
7.287e-11,8.1447e-11,3.7461e-11
2.0497e-11,3.6894e-11,3.7541e-11
2.4728e-11,2.7911e-11,3.5373e-11
3.3575e-11,2.8726e-11,2.3698e-11
3.5529e-11,4.1301e-11,1.93e-11
2.2298e-11,2.8904e-11,3.4419e-11
3.2037e-11,4.1699e-11,2.1565e-11
3.3716e-11,4.3872e-11,5.4079e-11
5.564e-11,9.4369e-11,7.2055e-11
4.1419e-11,3.1325e-11,3.1337e-11
3.5648e-11,3.9127e-11,3.2754e-11
7.819e-11,8.5952e-11,4.7999e-11
2.6322e-11,2.768e-11,3.3131e-11
4.4265e-11,4.8945e-11,3.2987e-11
2.8282e-11,2.1289e-11,3.7211e-11
7.5829e-11,7.7606e-11,4.6868e-11
3.8889e-11,2.9483e-11,3.0735e-11
3.4785e-11,2.6661e-11,3.5895e-11
7.2118e-11,6.9575e-11,4.59e-11
5.6234e-11,2.9797e-11,2.9767e-11
4.9319e-11,2.3182e-11,2.5899e-11
6.1481e-11,3.5699e-11,3.6754e-11
4.6373e-11,2.1281e-11,2.9752e-11
2.865e-11,2.6972e-11,4.7765e-11
5.237e-11,3.617e-11,6.46e-11
4.2594e-11,2.1033e-11,3.322e-11
6.117e-11,2.8456e-11,3.0016e-11
4.4761e-11,2.7088e-11,5.1689e-11
8.3857e-11,4.918e-11,4.5344e-11
8.4312e-11,4.5618e-11,4.5294e-11
9.4972e-11,5.7296e-11,5.1129e-11
6.8205e-11,4.9649e-11,1.2859e-10
6.1274e-11,2.6159e-11,5.6379e-11
7.1635e-11,3.7411e-11,9.5894e-11
7.81e-11,3.7914e-11,9.7651e-11
1.2367e-10,4.6029e-11,7.1404e-11
1.014e-10,3.7183e-11,1.2912e-10
1.0554e-10,4.2995e-11,1.0693e-10
1.9015e-11,2.1613e-11,1.7176e-11
2.6707e-11,2.8784e-11,1.032e-11
2.3186e-11,2.238e-11,1.3996e-11
2.5583e-11,2.2471e-11,3.1546e-11
2.287e-11,2.3639e-11,1.5882e-11
2.3616e-11,2.7402e-11,1.4758e-11
6.5766e-11,7.2921e-11,3.1444e-11
7.8296e-11,8.8413e-11,4.1017e-11
1.9695e-11,2.5015e-11,3.8062e-11
7.7243e-11,8.7092e-11,4.2319e-11
4.4122e-11,7.8324e-11,5.3425e-11
2.5409e-11,2.9089e-11,1.5279e-11
5.5489e-11,6.1984e-11,3.4017e-11
5.2718e-11,6.0699e-11,3.2068e-11
2.8224e-11,3.5992e-11,3.0395e-11
3.0616e-11,3.133e-11,3.1435e-11
4.6175e-11,3.8522e-11,2.5227e-11
2.9732e-11,2.0758e-11,3.2878e-11
2.792e-11,2.9274e-11,3.7297e-11
4.3863e-11,2.0709e-11,2.8585e-11
8.6821e-11,8.3291e-11,5.5838e-11
6.7112e-11,7.4889e-11,9.0273e-11
4.3028e-11,2.7058e-11,5.4747e-11
7.4941e-11,6.6694e-11,4.6409e-11
3.4784e-11,2.7424e-11,4.7174e-11
3.5322e-11,2.8646e-11,5.8213e-11
4.5832e-11,3.243e-11,6.5427e-11
4.1459e-11,3.0855e-11,6.1831e-11
4.853e-11,4.6409e-11,8.5982e-11
8.0937e-11,3.6893e-11,3.7123e-11
5.8717e-11,4.8013e-11,1.0584e-10
6.2942e-11,4.9578e-11,1.1108e-10
4.3116e-11,2.5472e-11,5.8665e-11
9.1028e-11,4.5846e-11,4.3925e-11
5.2641e-11,3.2356e-11,4.9038e-11
5.2426e-11,2.8641e-11,5.769e-11
5.4045e-11,2.8377e-11,6.2718e-11
7.9247e-11,5.1917e-11,1.4012e-10
6.2548e-11,2.9495e-11,7.1482e-11
1.2435e-10,5.0249e-11,6.9329e-11
7.2498e-11,3.1349e-11,9.2985e-11
8.5239e-11,3.9913e-11,1.1639e-10
1.1678e-10,4.8313e-11,1.4438e-10
1.1596e-10,4.4858e-11,1.5158e-10
1.3194e-10,4.254e-11,9.175e-11
1.1545e-10,4.6697e-11,1.1393e-10
4.6861e-11,4.1016e-11,2.5709e-11
1.1289e-11,3.2366e-11,4.7916e-11
2.4815e-11,2.047e-11,4.7396e-11
3.3094e-11,4.3361e-11,4.3229e-11
3.7125e-11,2.4663e-11,2.1844e-11
2.2445e-11,2.3388e-11,1.7009e-11
1.445e-11,2.7692e-11,5.3372e-11
4.1433e-11,3.9993e-11,2.1087e-11
1.501e-11,4.8003e-11,4.7701e-11
2.8064e-11,2.4694e-11,7.1022e-12
2.6793e-11,2.7022e-11,2.8117e-11
1.9754e-11,3.9312e-11,4.2097e-11
2.5697e-11,4.7183e-11,4.5243e-11
1.8431e-11,8.1308e-11,5.2196e-11
3.1222e-11,3.408e-11,3.875e-11
2.9736e-11,2.8302e-11,2.9355e-11
2.975e-11,3.517e-11,3.9718e-11
2.4522e-11,1.9408e-11,2.8483e-11
2.7631e-11,3.4212e-11,3.1699e-11
2.685e-11,2.1352e-11,4.0813e-11
4.4768e-11,3.6946e-11,2.4787e-11
4.8236e-11,3.1055e-11,2.7087e-11
2.9451e-11,2.3988e-11,3.8665e-11
5.9663e-11,5.3956e-11,3.6894e-11
5.8824e-11,4.9711e-11,3.6775e-11
3.7803e-11,2.7521e-11,5.093e-11
8.2743e-11,7.5013e-11,5.3357e-11
4.7835e-11,2.7913e-11,5.8276e-11
5.068e-11,4.0784e-11,8.8265e-11
4.0057e-11,3.1386e-11,5.3002e-11
5.6564e-11,3.3032e-11,6.2197e-11
6.1962e-11,3.6678e-11,8.0129e-11
8.1878e-11,3.4565e-11,4.5007e-11
7.5496e-11,5.2965e-11,1.3677e-10
6.996e-11,2.848e-11,4.9746e-11
8.2181e-11,3.9651e-11,1.0641e-10
1.3123e-10,5.2763e-11,7.2918e-11
9.955e-11,4.1564e-11,6.3829e-11
1.025e-10,4.8417e-11,1.3137e-10
1.1252e-10,5.0695e-11,1.4127e-10
9.1381e-11,4.0146e-11,8.3778e-11
1.1373e-10,4.2314e-11,1.4429e-10
3.861e-11,2.9768e-11,1.4236e-11
3.074e-11,2.9776e-11,2.7497e-11
2.4271e-11,2.5029e-11,1.81e-11
3.6964e-11,3.4078e-11,1.6433e-11
3.0031e-11,2.6573e-11,1.0187e-11
2.474e-11,3.1264e-11,2.4732e-11
2.0051e-11,1.8892e-11,2.4072e-11
1.1857e-11,3.0899e-11,3.8333e-11
1.9295e-11,2.0477e-11,2.5474e-11
2.3851e-11,4.9361e-11,4.8463e-11
7.4503e-11,8.4073e-11,3.7283e-11
2.1547e-11,2.4934e-11,1.588e-11
2.2976e-11,2.2012e-11,2.069e-11
6.8721e-11,1.4249e-10,8.9155e-11
3.8258e-11,4.9633e-11,2.7078e-11
7.3361e-11,1.4019e-10,9.7248e-11
5.9399e-11,6.7476e-11,3.7132e-11
3.864e-11,4.8209e-11,2.614e-11
7.2064e-11,8.3119e-11,4.4238e-11
3.8363e-11,4.1038e-11,2.8036e-11
3.4486e-11,3.5026e-11,2.2022e-11
2.8785e-11,4.4587e-11,3.1539e-11
5.8852e-11,9.6712e-11,8.6708e-11
3.3708e-11,3.1323e-11,3.4226e-11
4.1931e-11,3.2837e-11,4.2578e-11
4.4591e-11,3.7011e-11,2.7474e-11
4.0069e-11,2.6183e-11,2.1742e-11
4.3421e-11,3.8248e-11,2.6211e-11
5.6747e-11,3.4685e-11,3.2914e-11
3.8073e-11,3.4534e-11,3.0652e-11
5.8713e-11,7.0733e-11,8.0526e-11
3.1654e-11,2.6345e-11,4.5853e-11
4.9104e-11,4.2131e-11,6.7912e-11
3.6917e-11,2.8342e-11,4.8496e-11
4.9548e-11,4.8082e-11,8.3994e-11
5.8132e-11,2.6749e-11,4.0662e-11
3.8263e-11,3.04e-11,4.9179e-11
4.7437e-11,3.1954e-11,6.766e-11
4.1767e-11,3.5088e-11,6.1421e-11
6.7473e-11,3.2097e-11,5.0451e-11
7.11e-11,5.1434e-11,1.3082e-10
7.26e-11,4.5811e-11,1.2019e-10
1.1481e-10,5.1279e-11,5.9156e-11
9.8634e-11,3.6866e-11,5.2671e-11
9.9457e-11,5.4072e-11,1.3386e-10
1.0299e-10,4.8757e-11,1.2453e-10
1.0585e-10,4.0491e-11,1.3843e-10
1.4956e-10,5.1094e-11,1.0882e-10
2.1229e-11,2.3038e-11,2.1835e-11
3.3146e-11,2.579e-11,9.0293e-12
2.7895e-11,2.3649e-11,8.8312e-12
1.3449e-11,1.9918e-11,2.3929e-11
5.8337e-11,5.406e-11,2.5662e-11
3.2366e-11,2.6142e-11,3.4465e-11
1.8978e-11,2.0581e-11,1.2508e-11
9.8726e-12,7.9848e-11,7.0711e-11
1.7255e-11,2.0842e-11,2.502e-11
2.8625e-11,2.9726e-11,2.8876e-11
2.3852e-11,3.6678e-11,4.4613e-11
2.7542e-11,2.5213e-11,8.0711e-12
3.2162e-11,3.2283e-11,1.8636e-11
2.0999e-11,2.8214e-11,2.1218e-11
2.3349e-11,3.5465e-11,5.3796e-11
2.4435e-11,2.7925e-11,2.158e-11
2.8819e-11,3.2417e-11,1.8519e-11
2.2325e-11,2.8418e-11,3.6764e-11
2.7106e-11,3.0213e-11,3.2403e-11
2.2972e-11,3.0452e-11,5.2361e-11
3.1203e-11,3.9097e-11,2.0756e-11
8.5667e-11,1.7146e-10,1.1032e-10
3.1444e-11,3.6251e-11,3.3615e-11
3.4318e-11,3.5529e-11,4.9472e-11
2.8774e-11,2.744e-11,3.458e-11
3.6437e-11,2.4864e-11,1.9993e-11
7.1982e-11,8.2952e-11,4.3678e-11
3.9578e-11,4.2044e-11,4.4319e-11
4.8215e-11,6.3777e-11,7.3092e-11
4.1514e-11,3.7396e-11,3.0488e-11
3.1698e-11,2.2835e-11,3.8679e-11
3.6568e-11,2.6649e-11,2.4869e-11
5.9444e-11,5.1585e-11,3.7798e-11
6.4613e-11,5.7364e-11,4.3588e-11
5.7118e-11,3.1348e-11,2.6744e-11
4.6475e-11,6.0256e-11,7.3059e-11
2.8506e-11,2.4064e-11,4.2413e-11
3.0327e-11,2.2915e-11,4.6447e-11
3.1766e-11,2.4719e-11,4.7858e-11
5.0882e-11,4.4055e-11,6.7254e-11
5.4415e-11,3.003e-11,4.5681e-11
7.7395e-11,3.652e-11,3.7244e-11
6.3493e-11,5.6937e-11,1.1358e-10
5.5768e-11,4.9597e-11,9.0258e-11
6.4123e-11,4.1242e-11,8.9382e-11
7.0888e-11,3.2319e-11,4.4636e-11
8.0556e-11,2.9822e-11,4.0936e-11
7.6538e-11,5.4185e-11,1.2575e-10
9.8766e-11,3.9014e-11,4.8879e-11
8.1859e-11,5.3914e-11,1.3253e-10
1.2274e-10,4.5547e-11,6.5351e-11
1.353e-10,5.1528e-11,7.6436e-11
9.1277e-11,3.9272e-11,9.4895e-11
1.1156e-10,3.9789e-11,8.5655e-11
1.3222e-10,4.5499e-11,9.2608e-11
2.6163e-11,3.2714e-11,2.3267e-11
2.2146e-11,2.4703e-11,1.9559e-11
1.5137e-11,3.0257e-11,4.5016e-11
5.5417e-11,5.0694e-11,2.4326e-11
1.6874e-11,1.9457e-11,1.3152e-11
2.4097e-11,2.2567e-11,3.2242e-11
2.3702e-11,2.5514e-11,1.2756e-11
2.762e-11,2.6512e-11,3.3658e-11
3.4405e-11,3.4502e-11,5.046e-11
2.8385e-11,2.296e-11,1.0629e-11
1.7327e-11,2.0271e-11,2.8545e-11
2.3219e-11,2.7475e-11,5.2733e-11
3.8481e-11,3.4252e-11,1.4694e-11
4.6814e-11,4.7559e-11,1.841e-11
3.3077e-11,2.7863e-11,1.024e-11
2.9154e-11,2.742e-11,1.6438e-11
2.7083e-11,2.3092e-11,1.2875e-11
2.5666e-11,2.1619e-11,1.6343e-11
2.084e-11,2.8803e-11,2.3794e-11
1.6704e-11,3.5041e-11,4.4487e-11
2.626e-11,2.6195e-11,2.2216e-11
2.4999e-11,2.8669e-11,1.6807e-11
2.3535e-11,3.9703e-11,4.6336e-11
2.9068e-11,2.0151e-11,2.3257e-11
2.0159e-11,2.2442e-11,1.6428e-11
2.2682e-11,2.8545e-11,1.4865e-11
2.1732e-11,2.4427e-11,2.824e-11
3.9649e-11,5.8291e-11,4.5794e-11
3.0496e-11,3.516e-11,2.2916e-11
4.286e-11,6.2344e-11,5.7021e-11
3.9098e-11,4.7091e-11,2.4321e-11
4.1626e-11,4.8655e-11,2.7801e-11
3.0919e-11,4.1906e-11,1.9962e-11
2.9501e-11,3.3128e-11,2.5369e-11
7.4605e-11,1.4192e-10,9.9779e-11
2.7481e-11,3.9865e-11,5.383e-11
6.1658e-11,5.7863e-11,4.198e-11
3.8192e-11,3.3475e-11,4.2341e-11
2.9032e-11,2.5974e-11,3.6032e-11
3.9427e-11,2.2613e-11,2.4908e-11
5.5705e-11,2.994e-11,2.5909e-11
4.4699e-11,5.3808e-11,6.2479e-11
4.5052e-11,5.442e-11,6.8728e-11
5.9476e-11,7.1388e-11,9.123e-11
3.8722e-11,2.9087e-11,4.8512e-11
4.8107e-11,3.396e-11,6.3206e-11
6.2511e-11,3.8427e-11,6.881e-11
7.3434e-11,4.9092e-11,1.3059e-10
5.5938e-11,3.489e-11,7.5978e-11
1.0948e-10,4.9277e-11,5.0446e-11
1.1955e-10,5.3002e-11,6.1013e-11
7.8358e-11,4.2505e-11,8.8684e-11
1.2194e-10,5.3172e-11,6.2352e-11
8.5262e-11,4.1967e-11,1.0839e-10
7.339e-11,3.5289e-11,9.6354e-11
1.1296e-10,3.8753e-11,7.8604e-11
9.8101e-11,4.1566e-11,1.1556e-10
1.0939e-10,4.2717e-11,1.3468e-10
1.2591e-10,4.3429e-11,9.5154e-11
1.1942e-10,4.4633e-11,1.075e-10
1.3672e-10,4.3607e-11,9.4627e-11
1.2405e-10,4.7005e-11,1.3469e-10
2.7438e-11,2.6861e-11,1.4793e-11
2.0603e-11,2.4167e-11,3.0435e-11
2.8323e-11,2.6035e-11,2.3965e-11
1.5466e-11,1.7927e-11,1.0957e-11
2.1971e-11,2.12e-11,3.2705e-11
1.4519e-11,3.4818e-11,5.4891e-11
1.4691e-11,3.5811e-11,5.6198e-11
1.9493e-11,2.3106e-11,1.65e-11
1.9945e-11,1.942e-11,1.0709e-11
2.3147e-11,3.1827e-11,4.4264e-11
3.448e-11,3.5568e-11,3.6921e-11
6.5986e-11,6.9541e-11,2.7307e-11
2.4125e-11,3.8494e-11,4.5768e-11
2.8956e-11,2.5704e-11,3.1092e-11
4.2128e-11,6.0496e-11,5.5924e-11
3.6919e-11,5.7957e-11,6.5158e-11
3.9988e-11,3.3683e-11,3.3165e-11
7.0169e-11,1.1806e-10,9.3143e-11
3.8831e-11,3.0661e-11,2.8234e-11
3.5894e-11,2.5753e-11,1.9724e-11
6.0266e-11,9.3977e-11,9.3609e-11
3.2089e-11,4.045e-11,4.596e-11
2.7183e-11,2.5661e-11,3.7909e-11
3.0865e-11,4.0217e-11,4.6988e-11
2.883e-11,2.5145e-11,4.3699e-11
7.2226e-11,5.0461e-11,3.4453e-11
4.7167e-11,3.5529e-11,6.8517e-11
4.7615e-11,3.1681e-11,6.572e-11
7.9651e-11,3.8034e-11,3.3715e-11
5.793e-11,4.6355e-11,9.7959e-11
5.6994e-11,3.5196e-11,7.5261e-11
1.1223e-10,4.9865e-11,5.0962e-11
1.0191e-10,4.0896e-11,5.0456e-11
6.4038e-11,3.2513e-11,7.2341e-11
9.6337e-11,3.9412e-11,6.52e-11
9.3019e-11,4.2758e-11,1.1535e-10
1.4551e-10,5.3535e-11,8.6313e-11
1.1996e-10,4.2078e-11,8.5825e-11
1.1564e-10,4.4523e-11,1.5071e-10
1.4856e-10,4.6464e-11,1.088e-10
3.1259e-11,2.5214e-11,1.2273e-11
1.9248e-11,2.6982e-11,2.3994e-11
2.0215e-11,3.0715e-11,2.6178e-11
2.8658e-11,2.2389e-11,3.533e-11
2.2991e-11,2.2875e-11,3.0773e-11
1.972e-11,2.2771e-11,2.7255e-11
2.4933e-11,1.9847e-11,3.1461e-11
1.3541e-11,9.4348e-11,7.3099e-11
2.0147e-11,9.4555e-11,6.9268e-11
2.2812e-11,2.4892e-11,1.5281e-11
1.9008e-11,2.1592e-11,1.5415e-11
2.0821e-11,2.2455e-11,2.2162e-11
3.0421e-11,1.0157e-10,6.1663e-11
2.6532e-11,2.5133e-11,3.1596e-11
4.8719e-11,6.0036e-11,2.742e-11
3.6972e-11,3.5346e-11,3.7364e-11
2.9414e-11,3.7599e-11,1.8259e-11
2.7039e-11,2.9871e-11,2.8498e-11
5.3654e-11,8.1627e-11,8.4171e-11
5.8725e-11,7.73e-11,8.5846e-11
4.8116e-11,3.1419e-11,2.4862e-11
4.295e-11,2.7053e-11,2.2915e-11
3.2819e-11,2.9508e-11,4.0828e-11
3.8579e-11,3.2221e-11,4.5449e-11
3.986e-11,2.3581e-11,2.2769e-11
6.1037e-11,3.176e-11,3.2005e-11
6.3162e-11,3.6532e-11,2.9473e-11
3.6531e-11,2.7312e-11,4.3474e-11
7.7581e-11,3.1958e-11,3.7107e-11
8.1598e-11,3.9333e-11,8.5562e-11
7.8137e-11,3.934e-11,9.7107e-11
1.0043e-10,4.9801e-11,1.0274e-10
1.2228e-10,5.0371e-11,1.1172e-10
1.0837e-10,4.6868e-11,1.3032e-10
1.5449e-10,4.8371e-11,1.0901e-10
2.9687e-11,2.3672e-11,6.3039e-12
2.8108e-11,2.5599e-11,1.4032e-11
1.8956e-11,2.3261e-11,1.4858e-11
2.3324e-11,2.214e-11,1.8026e-11
2.081e-11,5.6178e-11,6.4636e-11
1.3258e-11,8.7579e-11,7.5972e-11
3.7357e-11,3.3812e-11,1.41e-11
2.2531e-11,2.2845e-11,2.4297e-11
2.0998e-11,2.7776e-11,2.1158e-11
3.101e-11,2.1618e-11,2.279e-11
1.9831e-11,3.0576e-11,2.271e-11
2.0341e-11,1.8867e-11,2.0899e-11
4.0958e-11,2.9504e-11,3.9439e-11
2.6699e-11,2.44e-11,1.7124e-11
2.8524e-11,3.3377e-11,1.7229e-11
2.2671e-11,2.3533e-11,2.0967e-11
5.1787e-11,6.2887e-11,3.0988e-11
4.0484e-11,2.8852e-11,2.3788e-11
3.801e-11,2.7501e-11,2.4925e-11
3.4602e-11,2.3674e-11,3.8123e-11
5.1658e-11,3.1945e-11,2.5948e-11
5.2672e-11,3.0992e-11,3.0324e-11
4.7269e-11,5.8602e-11,6.0768e-11
4.6253e-11,2.3658e-11,3.6305e-11
5.3883e-11,6.1777e-11,8.0979e-11
3.4197e-11,3.2783e-11,4.989e-11
3.3835e-11,2.6455e-11,5.3905e-11
3.9245e-11,3.1585e-11,6.6343e-11
5.8913e-11,3.969e-11,8.5372e-11
4.2204e-11,3.1388e-11,5.7511e-11
5.7031e-11,3.5748e-11,7.1382e-11
5.9507e-11,4.8515e-11,9.5302e-11
8.6384e-11,3.6107e-11,4.0536e-11
8.4393e-11,3.5407e-11,3.8602e-11
1.0324e-10,5.7125e-11,1.2956e-10
1.0331e-10,4.7281e-11,1.2519e-10
1.0835e-10,4.9272e-11,1.2717e-10
1.3923e-10,5.477e-11,8.6624e-11
1.2533e-10,4.5966e-11,8.5135e-11
2.5503e-11,2.5722e-11,2.108e-11
3.0363e-11,2.3233e-11,7.669e-12
3.341e-11,2.5025e-11,1.6739e-11
1.6009e-11,1.9755e-11,1.0354e-11
3.5918e-11,3.316e-11,2.0415e-11
1.8621e-11,2.9838e-11,4.6106e-11
2.1421e-11,1.9593e-11,1.2077e-11
2.5494e-11,2.2642e-11,8.6602e-12
2.855e-11,2.6038e-11,1.303e-11
2.9038e-11,2.4513e-11,9.7289e-12
1.9965e-11,1.9187e-11,1.1483e-11
2.0167e-11,2.1005e-11,1.4623e-11
4.914e-11,5.8576e-11,2.9194e-11
4.8982e-11,5.712e-11,3.5782e-11
3.2837e-11,4.924e-11,5.5294e-11
5e-11,3.2591e-11,2.6428e-11
4.2153e-11,2.9035e-11,2.313e-11
4.5351e-11,2.5655e-11,2.45e-11
4.2475e-11,2.4899e-11,2.1963e-11
4.9267e-11,2.4614e-11,3.4652e-11
6.3313e-11,3.3786e-11,3.1387e-11
6.0053e-11,6.2939e-11,8.579e-11
9.422e-11,5.3436e-11,4.7309e-11
5.0307e-11,3.1214e-11,5.5695e-11
4.6844e-11,2.9278e-11,5.7123e-11
4.8847e-11,2.9214e-11,6.6436e-11
8.898e-11,3.7865e-11,4.312e-11
7.9346e-11,3.5405e-11,4.654e-11
9.2417e-11,3.9985e-11,5.3139e-11
6.7508e-11,3.5947e-11,9.8241e-11
7.2787e-11,3.7379e-11,1.0549e-10
9.0953e-11,4.636e-11,1.0951e-10
1.3251e-10,5.2429e-11,6.977e-11
1.1027e-10,4.7803e-11,1.4315e-10
1.1141e-10,5.0896e-11,1.4066e-10
4.9303e-11,4.2051e-11,1.4142e-11
4.5546e-11,3.899e-11,1.6229e-11
2.8782e-11,2.5296e-11,1.8143e-11
1.9961e-11,2.1241e-11,2.2852e-11
3.5237e-11,2.9727e-11,7.3688e-12
5.5863e-11,4.9835e-11,2.0546e-11
2.9663e-11,2.51e-11,1.639e-11
6.3034e-11,6.2953e-11,2.601e-11
2.4191e-11,1.8935e-11,1.4399e-11
2.2271e-11,2.3561e-11,2.7886e-11
1.647e-11,2.5298e-11,3.3437e-11
2.4121e-11,2.4335e-11,2.3438e-11
2.425e-11,5.6556e-11,7.293e-11
4.1483e-11,1.1267e-10,8.3198e-11
3.1118e-11,3.6632e-11,3.8513e-11
4.9577e-11,5.9358e-11,3.1583e-11
2.789e-11,3.8573e-11,4.9617e-11
5.3465e-11,6.6642e-11,3.0058e-11
3.4505e-11,4.1952e-11,1.9204e-11
4.1355e-11,4.9985e-11,2.7684e-11
2.5463e-11,2.2731e-11,2.4338e-11
4.3629e-11,5.2885e-11,7.2893e-11
4.1104e-11,3.0459e-11,2.4487e-11
2.8851e-11,2.8377e-11,3.4758e-11
4.5451e-11,2.5332e-11,2.6437e-11
4.5639e-11,2.4463e-11,2.9314e-11
3.0762e-11,2.3566e-11,2.9908e-11
6.4296e-11,4.5187e-11,3.3202e-11
4.3411e-11,2.351e-11,2.7021e-11
5.5771e-11,6.5811e-11,7.9703e-11
7.5517e-11,4.1778e-11,4.7984e-11
8.7277e-11,5.8623e-11,4.5649e-11
6.0723e-11,5.8789e-11,1.0027e-10
9.1774e-11,4.3898e-11,3.889e-11
7.5083e-11,3.7658e-11,3.7799e-11
4.4404e-11,3.1129e-11,5.5786e-11
7.2372e-11,3.6928e-11,4.7808e-11
1.0254e-10,4.9311e-11,4.5719e-11
9.0156e-11,5.5069e-11,1.1678e-10
6.1389e-11,3.4529e-11,8.0385e-11
9.7579e-11,5.7049e-11,1.3208e-10
6.9631e-11,3.6958e-11,9.7159e-11
2.6605e-11,2.3057e-11,1.928e-11
2.3991e-11,2.183e-11,1.5367e-11
4.288e-11,3.6982e-11,1.3561e-11
2.0778e-11,2.5601e-11,3.0792e-11
1.829e-11,2.1474e-11,1.2922e-11
2.7504e-11,2.2852e-11,1.6388e-11
2.1176e-11,2.2329e-11,1.525e-11
1.747e-11,2.1397e-11,1.8739e-11
4.0402e-11,4.5083e-11,1.8927e-11
1.9885e-11,2.061e-11,1.1349e-11
6.4874e-11,7.4688e-11,3.0988e-11
5.8288e-11,6.9572e-11,3.0052e-11
3.8623e-11,4.5479e-11,2.0305e-11
3.7978e-11,6.2009e-11,6.1603e-11
2.7474e-11,3.8187e-11,4.021e-11
2.9696e-11,3.2865e-11,2.0232e-11
2.7912e-11,3.1674e-11,2.3955e-11
3.7059e-11,5.1972e-11,6.8562e-11
3.1929e-11,3.2725e-11,2.6585e-11
2.5898e-11,2.1888e-11,2.1651e-11
3.228e-11,3.4616e-11,3.6466e-11
3.1451e-11,3.8268e-11,4.0545e-11
4.4304e-11,2.3718e-11,3.5476e-11
4.5518e-11,2.7617e-11,2.3064e-11
4.1054e-11,3.7287e-11,5.2345e-11
3.2382e-11,2.472e-11,3.244e-11
4.4322e-11,4.0961e-11,5.1363e-11
5.1645e-11,3.101e-11,2.4678e-11
3.5059e-11,2.5544e-11,3.5238e-11
5.3387e-11,3.1868e-11,2.619e-11
7.5056e-11,4.4352e-11,3.9543e-11
7.1329e-11,4.1619e-11,3.9545e-11
5.1237e-11,2.9419e-11,4.8311e-11
1.1291e-10,5.0127e-11,5.1264e-11
1.1315e-10,4.7041e-11,5.9166e-11
1.3532e-10,5.5809e-11,7.209e-11
9.8872e-11,4.7133e-11,1.2421e-10
1.3137e-10,5.4177e-11,1.122e-10
3.2881e-11,2.5458e-11,1.0563e-11
1.5942e-11,2.0465e-11,2.0994e-11
1.5618e-11,2.1537e-11,1.6178e-11
2.826e-11,2.2067e-11,1.5111e-11
3.8955e-11,2.8908e-11,9.6438e-12
5.5452e-11,4.7677e-11,1.4578e-11
2.6316e-11,2.1637e-11,9.9019e-12
3.2111e-11,3.1271e-11,4.7668e-11
2.7174e-11,2.349e-11,1.0992e-11
2.3936e-11,2.1389e-11,1.4854e-11
1.321e-11,2.8192e-11,4.3774e-11
3.2517e-11,2.6297e-11,7.4779e-12
1.8531e-11,3.5421e-11,5.2586e-11
2.4388e-11,3.9272e-11,5.75e-11
7.8553e-11,7.9806e-11,3.2603e-11
2.9237e-11,2.619e-11,2.3292e-11
1.911e-11,1.9702e-11,1.882e-11
1.5221e-11,2.2054e-11,1.7041e-11
7.7049e-11,8.6493e-11,3.4255e-11
3.3739e-11,1.2143e-10,1.0815e-10
3.9544e-11,4.0999e-11,1.8192e-11
2.5582e-11,2.3623e-11,2.6163e-11
2.3088e-11,2.5599e-11,2.6642e-11
3.8948e-11,5.0611e-11,6.7641e-11
5.9581e-11,7.1184e-11,3.5435e-11
2.3896e-11,2.2263e-11,2.4597e-11
3.1796e-11,4.227e-11,4.2551e-11
2.4999e-11,2.4141e-11,2.8208e-11
4.4623e-11,5.9479e-11,8.0066e-11
4.9619e-11,4.7054e-11,2.8661e-11
5.6149e-11,4.47e-11,2.872e-11
3.6609e-11,2.7638e-11,4.4618e-11
4.6526e-11,5.79e-11,7.222e-11
3.3461e-11,2.618e-11,3.0878e-11
6.5295e-11,3.9324e-11,3.2096e-11
3.8528e-11,3.4285e-11,5.3326e-11
8.2567e-11,5.6958e-11,4.6131e-11
7.2557e-11,3.7476e-11,3.1827e-11
6.3143e-11,6.9285e-11,8.8551e-11
3.6182e-11,2.723e-11,4.9821e-11
6.2745e-11,6.2627e-11,9.9076e-11
5.2676e-11,2.9065e-11,5.0168e-11
4.1091e-11,2.8832e-11,5.9374e-11
4.8206e-11,2.9689e-11,4.8642e-11
1.022e-10,5.8596e-11,5.0374e-11
6.6743e-11,4.82e-11,8.9733e-11
6.5933e-11,4.8036e-11,9.3005e-11
5.629e-11,3.682e-11,7.1036e-11
1.1477e-10,5.2709e-11,5.3522e-11
8.5998e-11,4.0413e-11,5.1815e-11
9.0331e-11,4.2234e-11,6.4518e-11
8.1642e-11,4.4585e-11,9.4501e-11
1.179e-10,4.915e-11,5.9308e-11
8.7192e-11,5.3301e-11,1.063e-10
1.0459e-10,5.7409e-11,1.2973e-10
2.9675e-11,2.5305e-11,2.9281e-11
4.1679e-11,3.1315e-11,1.4891e-11
5.5895e-11,4.7759e-11,1.4401e-11
5.1883e-11,3.9797e-11,1.7227e-11
1.9371e-11,2.5531e-11,1.2904e-11
3.7431e-11,3.7082e-11,4.0805e-11
1.7435e-11,1.9871e-11,2.157e-11
1.8506e-11,3.1067e-11,4.1541e-11
2.2148e-11,3.7665e-11,4.7017e-11
2.1731e-11,4.3569e-11,6.4119e-11
2.3193e-11,4.1636e-11,5.6844e-11
3.2093e-11,6.687e-11,8.9978e-11
2.6847e-11,3.1213e-11,1.9578e-11
3.0171e-11,3.4606e-11,2.5939e-11
3.7264e-11,4.5714e-11,6.6882e-11
4.1619e-11,5.5997e-11,8.0974e-11
4.5653e-11,4.6476e-11,3.2676e-11
3.8565e-11,3.1043e-11,2.4078e-11
4.3131e-11,5.0573e-11,6.2932e-11
3.9251e-11,2.8889e-11,2.1149e-11
5.3388e-11,4.0029e-11,3.1687e-11
3.4099e-11,2.8972e-11,4.296e-11
2.9393e-11,3.4065e-11,3.7621e-11
4.1321e-11,4.1966e-11,5.2713e-11
7.69e-11,4.7107e-11,4.0591e-11
5.3534e-11,6.163e-11,7.6775e-11
5.7714e-11,6.0727e-11,7.8923e-11
4.8836e-11,3.5934e-11,6.9037e-11
9.902e-11,6.2237e-11,4.9514e-11
9.5287e-11,5.6093e-11,4.4334e-11
6.5637e-11,3.379e-11,3.8933e-11
4.8587e-11,3.9624e-11,5.9688e-11
7.0732e-11,4.2911e-11,9.387e-11
9.6784e-11,5.9995e-11,1.3114e-10
8.8352e-11,3.7057e-11,7.0922e-11
1.2115e-10,5.1568e-11,6.2381e-11
8.3631e-11,4.7695e-11,9.6707e-11
1.1342e-10,4.6197e-11,6.9357e-11
1.1551e-10,4.7558e-11,8.7573e-11
1.1794e-10,5.4136e-11,1.1565e-10
2.5862e-11,2.8264e-11,1.5562e-11
2.3623e-11,2.2674e-11,2.51e-11
4.6535e-11,3.7631e-11,1.1266e-11
2.2167e-11,2.5277e-11,1.7887e-11
2.4721e-11,2.3135e-11,2.2534e-11
3.0068e-11,3.1748e-11,4.2877e-11
3.2598e-11,3.3155e-11,4.477e-11
3.5198e-11,3.3062e-11,3.4656e-11
1.8114e-11,2.5908e-11,2.8048e-11
1.9913e-11,3.1064e-11,4.3826e-11
1.9308e-11,2.0021e-11,1.7345e-11
2.3249e-11,4.8721e-11,7.3737e-11
3.9838e-11,4.2526e-11,2.2485e-11
3.1096e-11,4.4041e-11,6.6737e-11
4.9973e-11,5.9624e-11,2.7249e-11
6.3977e-11,7.4958e-11,3.4578e-11
3.1927e-11,2.872e-11,1.8838e-11
2.4539e-11,2.5803e-11,2.3175e-11
4.8735e-11,5.562e-11,3.1517e-11
3.7041e-11,3.1824e-11,2.1321e-11
5.1961e-11,5.0573e-11,3.2257e-11
4.1917e-11,2.951e-11,2.3937e-11
3.8937e-11,3.3371e-11,4.3406e-11
3.0422e-11,2.6594e-11,3.2259e-11
4.6559e-11,3.6199e-11,3.0303e-11
5.584e-11,6.524e-11,7.9034e-11
6.1226e-11,3.4639e-11,3.0491e-11
4.3275e-11,4.2723e-11,4.9755e-11
9.1031e-11,5.5284e-11,4.1765e-11
7.7482e-11,4.3321e-11,4.3523e-11
5.6848e-11,4.3676e-11,7.6167e-11
5.002e-11,3.7566e-11,7.3244e-11
5.2011e-11,3.976e-11,7.8579e-11
1.3466e-10,5.879e-11,6.0498e-11
1.2938e-10,5.5756e-11,5.7158e-11
8.5227e-11,5.2318e-11,1.0136e-10
9.9216e-11,5.3787e-11,1.2498e-10
1.1142e-10,5.6395e-11,1.3568e-10
1.3977e-10,5.9026e-11,1.1923e-10
4.8448e-11,4.0301e-11,1.3863e-11
2.6778e-11,2.3375e-11,1.9203e-11
2.2178e-11,2.0757e-11,1.6652e-11
1.9169e-11,2.949e-11,3.581e-11
2.1548e-11,3.4945e-11,4.9342e-11
6.7344e-11,6.6624e-11,2.502e-11
1.9856e-11,3.2029e-11,4.2947e-11
1.8811e-11,9.1303e-11,9.8225e-11
2.1117e-11,2.0657e-11,1.6766e-11
2.9457e-11,2.7233e-11,2.7159e-11
1.9932e-11,9.0696e-11,9.7419e-11
2.514e-11,2.1654e-11,2.6144e-11
7.895e-11,8.6681e-11,3.1354e-11
2.4363e-11,2.5645e-11,1.6509e-11
2.4388e-11,1.0186e-10,1.0431e-10
7.2278e-11,8.353e-11,3.2325e-11
4.1142e-11,1.0515e-10,1.0654e-10
4.4012e-11,5.2104e-11,5.2082e-11
3.1347e-11,2.9166e-11,1.8466e-11
3.0678e-11,3.0275e-11,2.5863e-11
7.0971e-11,8.3808e-11,4.089e-11
4.7064e-11,6.8063e-11,7.3077e-11
7.9072e-11,7.6742e-11,4.9341e-11
7.619e-11,6.5742e-11,4.3659e-11
2.8376e-11,3.7256e-11,3.7776e-11
4.8434e-11,3.1183e-11,3.0077e-11
7.309e-11,4.0016e-11,3.2685e-11
7.5955e-11,3.8895e-11,3.3156e-11
3.9889e-11,3.5163e-11,5.6213e-11
4.4764e-11,3.2823e-11,4.7032e-11
1.019e-10,6.2042e-11,4.9432e-11
6.1092e-11,5.8623e-11,9.0338e-11
9.4734e-11,4.5357e-11,4.138e-11
6.9082e-11,6.0631e-11,1.0021e-10
6.1563e-11,3.4095e-11,4.2084e-11
7.2587e-11,5.9147e-11,1.1076e-10
4.8837e-11,3.8426e-11,5.7909e-11
7.8027e-11,5.4371e-11,1.1066e-10
8.5122e-11,5.7257e-11,1.1559e-10
1.0111e-10,4.3852e-11,4.901e-11
9.2505e-11,3.974e-11,7.6906e-11
7.5971e-11,4.3464e-11,9.9612e-11
1.2916e-10,5.0333e-11,8.2107e-11
1.053e-10,5.1926e-11,1.1605e-10
1.2944e-10,5.6822e-11,1.2344e-10
2.2529e-11,2.6926e-11,2.1192e-11
2.4536e-11,2.1597e-11,1.2234e-11
2.0583e-11,2.536e-11,4.1472e-11
2.3912e-11,2.2503e-11,2.0844e-11
3.2563e-11,3.0725e-11,1.2769e-11
2.1557e-11,9.3952e-11,1.059e-10
2.4745e-11,3.6041e-11,2.0958e-11
2.6164e-11,2.693e-11,2.2435e-11
2.8081e-11,5.3035e-11,8.0724e-11
3.374e-11,4.0747e-11,5.3716e-11
2.8268e-11,2.9451e-11,1.5842e-11
2.9698e-11,3.0012e-11,1.8721e-11
2.3549e-11,2.6903e-11,2.5553e-11
3.6594e-11,4.2555e-11,2.4514e-11
4.609e-11,6.7817e-11,5.6881e-11
2.4556e-11,2.6114e-11,2.3703e-11
2.7646e-11,2.7847e-11,2.8223e-11
3.7284e-11,4.3335e-11,4.7924e-11
3.8654e-11,3.1387e-11,4.1778e-11
4.4425e-11,4.5624e-11,5.814e-11
6.7287e-11,3.5865e-11,2.885e-11
7.6869e-11,4.4404e-11,3.628e-11
6.0036e-11,3.1866e-11,3.428e-11
4.0853e-11,3.1787e-11,4.6508e-11
4.7329e-11,3.7295e-11,5.694e-11
1.0552e-10,5.498e-11,4.6122e-11
1.0403e-10,5.0187e-11,4.8348e-11
1.2066e-10,6.0112e-11,5.637e-11
4.8047e-11,3.8628e-11,6.8627e-11
8.1668e-11,4.6201e-11,5.9433e-11
8.0896e-11,4.837e-11,8.6489e-11
9.8102e-11,5.1032e-11,1.131e-10
1.3966e-10,5.7578e-11,8.0163e-11
4.5071e-11,3.519e-11,1.3806e-11
4.3235e-11,3.2984e-11,1.5369e-11
1.7072e-11,2.1358e-11,1.8187e-11
4.0296e-11,3.1814e-11,7.7249e-12
3.5589e-11,2.881e-11,9.3022e-12
3.4693e-11,2.6e-11,6.7639e-12
6.703e-11,5.7255e-11,1.5483e-11
6.0349e-11,5.6958e-11,1.7345e-11
4.2725e-11,3.9009e-11,1.361e-11
1.9556e-11,2.1121e-11,1.602e-11
2.858e-11,4.8241e-11,6.0721e-11
3.7642e-11,3.7243e-11,1.2914e-11
4.6547e-11,5.4164e-11,2.6073e-11
3.8893e-11,4.5727e-11,2.2806e-11
3.3211e-11,3.4715e-11,2.6322e-11
3.2151e-11,2.8868e-11,1.7932e-11
2.5063e-11,2.6107e-11,2.691e-11
2.9143e-11,2.6336e-11,2.022e-11
4.2007e-11,5.1801e-11,5.5155e-11
3.4486e-11,3.4085e-11,3.7777e-11
4.7684e-11,3.4773e-11,2.742e-11
8.0075e-11,8.4681e-11,4.7552e-11
6.6658e-11,5.6197e-11,3.9725e-11
6.4522e-11,4.7607e-11,3.3345e-11
4.5086e-11,3.6642e-11,2.7395e-11
5.5883e-11,3.4823e-11,2.8823e-11
3.727e-11,3.9824e-11,3.7248e-11
5.5369e-11,3.3036e-11,2.7932e-11
4.2388e-11,3.8895e-11,4.8381e-11
7.6592e-11,3.9632e-11,3.3457e-11
4.6693e-11,2.9714e-11,4.2562e-11
5.1599e-11,4.8796e-11,7.2506e-11
1.0172e-10,6.7307e-11,5.1194e-11
6.5242e-11,5.2422e-11,9.0374e-11
9.7003e-11,4.1872e-11,4.7341e-11
7.4035e-11,4.3827e-11,6.1317e-11
1.3209e-10,6.0619e-11,5.9998e-11
8.4886e-11,5.2124e-11,9.4742e-11
8.7529e-11,4.7782e-11,9.7794e-11
1.1694e-10,5.1528e-11,8.1451e-11
1.3276e-10,5.4653e-11,8.4846e-11
1.2443e-10,5.3888e-11,9.4079e-11
2.8765e-11,2.4824e-11,2.1259e-11
3.4868e-11,2.8712e-11,1.2202e-11
2.2174e-11,2.8251e-11,4.1566e-11
1.5536e-11,2.166e-11,1.5088e-11
2.1782e-11,2.2951e-11,1.7982e-11
6.3544e-11,5.4576e-11,1.3104e-11
3.301e-11,2.7968e-11,7.835e-12
2.5837e-11,2.497e-11,2.967e-11
5.7846e-11,5.3445e-11,1.6972e-11
4.5456e-11,3.8245e-11,1.0801e-11
2.5946e-11,2.6541e-11,3.0243e-11
4.4246e-11,3.8086e-11,1.2403e-11
2.0976e-11,2.4552e-11,1.7247e-11
7.8438e-11,8.3792e-11,2.978e-11
2.5136e-11,2.464e-11,1.8753e-11
4.6201e-11,5.0848e-11,5.8292e-11
2.9814e-11,3.3051e-11,1.9991e-11
3.0868e-11,4.6935e-11,6.5778e-11
3.8043e-11,3.6541e-11,4.0313e-11
3.0839e-11,2.9929e-11,1.642e-11
3.2107e-11,2.889e-11,1.8752e-11
3.2472e-11,2.9158e-11,2.0607e-11
4.3209e-11,3.592e-11,2.1362e-11
5.1896e-11,5.2929e-11,5.897e-11
3.592e-11,3.5872e-11,4.5417e-11
3.4566e-11,2.9562e-11,3.5115e-11
8.4497e-11,7.707e-11,4.9136e-11
6.2466e-11,3.8779e-11,2.9111e-11
7.193e-11,4.3243e-11,3.5158e-11
7.6007e-11,4.4618e-11,3.6773e-11
8.3698e-11,4.9194e-11,3.7355e-11
5.1421e-11,4.7167e-11,6.5145e-11
6.5178e-11,5.3411e-11,8.256e-11
7.1292e-11,5.8829e-11,1.044e-10
7.7708e-11,5.3187e-11,9.833e-11
9.1796e-11,5.8145e-11,1.1191e-10
1.3656e-10,6.4662e-11,6.4135e-11
8.2081e-11,4.3902e-11,7.7068e-11
8.7565e-11,4.3768e-11,8.3198e-11
7.6476e-11,4.5636e-11,9.4303e-11
1.5625e-11,1.9835e-11,1.2766e-11
5.4443e-11,4.1591e-11,6.2861e-12
5.0722e-11,3.9267e-11,1.0856e-11
1.9477e-11,2.502e-11,3.7538e-11
2.1668e-11,3.0015e-11,3.4867e-11
3.0992e-11,2.4668e-11,1.1427e-11
6.9596e-11,6.2728e-11,1.5814e-11
2.8072e-11,3.419e-11,2.9042e-11
2.3094e-11,2.4755e-11,1.752e-11
4.4591e-11,3.9124e-11,1.0277e-11
3.9346e-11,3.2329e-11,1.2518e-11
2.744e-11,2.5058e-11,3.1973e-11
2.915e-11,8.9029e-11,1.0782e-10
3.3189e-11,9.9767e-11,1.2169e-10
4.5055e-11,5.1439e-11,2.0953e-11
3.2936e-11,3.1517e-11,1.9929e-11
4.0861e-11,4.6595e-11,2.2751e-11
3.8803e-11,4.5634e-11,1.9828e-11
4.432e-11,7.0954e-11,8.9727e-11
3.6669e-11,3.714e-11,4.5556e-11
3.3647e-11,3.431e-11,2.471e-11
3.5362e-11,3.1182e-11,2.12e-11
2.7008e-11,2.9438e-11,2.7684e-11
2.5189e-11,2.8325e-11,2.9833e-11
2.806e-11,2.8508e-11,3.051e-11
4.4073e-11,4.4214e-11,2.7045e-11
4.9574e-11,8.0475e-11,9.3356e-11
3.1936e-11,2.6624e-11,2.7296e-11
8.0734e-11,7.0992e-11,4.5511e-11
8.1058e-11,4.6146e-11,3.8374e-11
3.7267e-11,3.8975e-11,3.8791e-11
5.5139e-11,4.9899e-11,7.4444e-11
5.8383e-11,5.2082e-11,7.5076e-11
5.3375e-11,3.8914e-11,6.2828e-11
9.8553e-11,6.8253e-11,1.2386e-10
8.9008e-11,5.5774e-11,1.0185e-10
1.0724e-10,6.1704e-11,1.2276e-10
4.8229e-11,3.7092e-11,1.2587e-11
2.7125e-11,2.45e-11,1.8635e-11
1.607e-11,4.8193e-11,6.3092e-11
3.8767e-11,3.1526e-11,1.1853e-11
2.2003e-11,2.2583e-11,2.271e-11
2.587e-11,2.4366e-11,2.5411e-11
2.5558e-11,3.714e-11,2.9474e-11
2.074e-11,2.1905e-11,1.8758e-11
2.6153e-11,3.1165e-11,2.8508e-11
2.9345e-11,3.1795e-11,3.5534e-11
2.4107e-11,2.3935e-11,1.5785e-11
4.7411e-11,5.7362e-11,6.4626e-11
6.1702e-11,5.7714e-11,1.4383e-11
2.7701e-11,2.5645e-11,2.1256e-11
3.4084e-11,2.9112e-11,1.4898e-11
2.2435e-11,2.5677e-11,2.1886e-11
3.6152e-11,3.7997e-11,1.4722e-11
2.8657e-11,3.3605e-11,4.4676e-11
3.0756e-11,3.5646e-11,3.8797e-11
4.5783e-11,5.2487e-11,2.4428e-11
5.6913e-11,6.4005e-11,3.5661e-11
2.8387e-11,2.9013e-11,3.2787e-11
4.3523e-11,3.9621e-11,2.531e-11
3.6952e-11,3.4281e-11,2.4311e-11
7.5487e-11,8.1031e-11,4.5579e-11
4.8234e-11,3.4763e-11,2.3249e-11
3.8014e-11,3.7873e-11,4.672e-11
3.0517e-11,2.6112e-11,2.5467e-11
3.4839e-11,3.7233e-11,3.5052e-11
4.8951e-11,4.0282e-11,5.4445e-11
6.3995e-11,3.9694e-11,4.0822e-11
1.0477e-10,5.185e-11,4.5673e-11
9.4648e-11,4.3077e-11,4.2982e-11
8.5278e-11,3.9009e-11,4.9101e-11
8.8911e-11,5.2993e-11,1.0568e-10
1.8683e-11,2.2929e-11,1.4757e-11
1.6452e-11,2.4397e-11,2.1037e-11
1.9971e-11,2.7566e-11,3.4783e-11
3.2269e-11,3.0405e-11,5.0695e-11
2.0958e-11,5.5598e-11,6.7756e-11
4.8106e-11,3.9986e-11,1.0613e-11
2.439e-11,3.2241e-11,2.8086e-11
2.5363e-11,2.2313e-11,2.119e-11
2.9557e-11,8.0276e-11,1.0004e-10
8.8016e-11,8.6948e-11,2.989e-11
1.9981e-11,2.2176e-11,1.7414e-11
3.7771e-11,3.7373e-11,1.584e-11
2.6705e-11,3.3501e-11,4.1021e-11
4.4591e-11,6.0581e-11,5.6093e-11
3.4681e-11,9.078e-11,1.2456e-10
2.9515e-11,2.7757e-11,2.0398e-11
4.2193e-11,5.1585e-11,5.3271e-11
3.0602e-11,2.9011e-11,1.7598e-11
3.4427e-11,3.0875e-11,3.5077e-11
3.9855e-11,4.0274e-11,4.3616e-11
3.3955e-11,3.4385e-11,2.1904e-11
4.6109e-11,4.3577e-11,2.7149e-11
4.9588e-11,4.3768e-11,2.7479e-11
5.4236e-11,9.4707e-11,8.6683e-11
5.5975e-11,7.0027e-11,7.4255e-11
4.6846e-11,3.3065e-11,2.6528e-11
4.3425e-11,3.8169e-11,5.613e-11
3.645e-11,3.5402e-11,4.1387e-11
6.8644e-11,4.558e-11,3.0982e-11
6.1778e-11,3.7677e-11,3.8176e-11
7.493e-11,5.4532e-11,9.6578e-11
5.5293e-11,4.4345e-11,7.2072e-11
8.3349e-11,5.4102e-11,9.3348e-11
8.8389e-11,4.8235e-11,7.1512e-11
9.5593e-11,4.922e-11,7.7943e-11
1.0429e-10,5.7356e-11,1.158e-10
3.422e-11,2.5561e-11,2.1568e-11
2.4788e-11,2.4417e-11,1.4348e-11
1.9947e-11,2.0263e-11,1.1466e-11
1.7467e-11,2.1086e-11,1.6086e-11
5.087e-11,3.878e-11,1.2498e-11
2.5073e-11,4.6537e-11,5.291e-11
3.8747e-11,3.3466e-11,1.432e-11
1.5812e-11,2.2789e-11,1.6059e-11
1.6665e-11,1.9919e-11,1.8408e-11
3.3352e-11,4.0196e-11,4.1258e-11
6.1178e-11,5.8453e-11,1.4303e-11
4.2221e-11,4.8704e-11,5.9578e-11
3.865e-11,5.2743e-11,7.1396e-11
2.7144e-11,3.907e-11,3.8165e-11
4.1133e-11,4.5016e-11,2.4111e-11
2.7755e-11,3.136e-11,2.6276e-11
2.6275e-11,2.5001e-11,2.5993e-11
2.8872e-11,2.65e-11,2.4048e-11
2.8403e-11,2.4534e-11,2.4672e-11
2.7434e-11,3.1357e-11,2.3634e-11
4.8015e-11,5.2288e-11,5.4267e-11
4.5203e-11,5.7065e-11,5.8907e-11
6.2642e-11,4.9149e-11,3.3405e-11
3.2923e-11,2.9669e-11,3.4262e-11
3.3074e-11,2.8274e-11,3.4645e-11
3.7478e-11,2.9721e-11,4.0981e-11
4.8719e-11,4.4868e-11,6.3743e-11
4.8528e-11,2.9973e-11,3.2119e-11
1.0065e-10,7.1236e-11,5.131e-11
4.291e-11,3.4374e-11,4.3197e-11
1.0537e-10,6.0346e-11,4.8652e-11
4.6364e-11,4.0644e-11,5.7409e-11
5.5907e-11,4.1348e-11,6.5184e-11
6.3399e-11,4.5476e-11,7.3955e-11
7.1797e-11,5.5334e-11,8.413e-11
1.2418e-10,6.0619e-11,5.8188e-11
1.2858e-10,6.0308e-11,9.3309e-11
2.8007e-11,2.5041e-11,1.0451e-11
1.9185e-11,2.4367e-11,1.5464e-11
1.9274e-11,2.5154e-11,2.0325e-11
2.586e-11,6.5049e-11,8.053e-11
2.9363e-11,6.8495e-11,9.5247e-11
2.3508e-11,3.0555e-11,3.7128e-11
5.8591e-11,5.3139e-11,1.0807e-11
1.7149e-11,2.0914e-11,1.6142e-11
2.302e-11,2.7502e-11,2.2849e-11
2.198e-11,2.1749e-11,1.5627e-11
3.1159e-11,8.7769e-11,1.2083e-10
3.5509e-11,3.7488e-11,2.2428e-11
2.8484e-11,2.9741e-11,2.1368e-11
2.3129e-11,2.4594e-11,2.1291e-11
2.6636e-11,2.9775e-11,1.9715e-11
2.3562e-11,2.6826e-11,2.5211e-11
3.4363e-11,4.3622e-11,4.8168e-11
2.7512e-11,2.7826e-11,2.3288e-11
6.8324e-11,8.6861e-11,9.3196e-11
4.1402e-11,4.085e-11,4.8136e-11
9.0741e-11,9.0032e-11,5.4856e-11
8.3248e-11,6.569e-11,4.3359e-11
5.7962e-11,3.6099e-11,3.2213e-11
9.2966e-11,6.3864e-11,4.6672e-11
8.1929e-11,4.8666e-11,3.7707e-11
3.8206e-11,3.799e-11,4.4768e-11
1.1124e-10,6.4887e-11,5.2906e-11
6.534e-11,4.9367e-11,7.9767e-11
1.1337e-10,5.845e-11,5.1201e-11
6.4467e-11,5.2432e-11,8.619e-11
1.0147e-10,4.6531e-11,4.4834e-11
8.1073e-11,4.5743e-11,7.4418e-11
7.8473e-11,5.4362e-11,9.0668e-11
8.6297e-11,5.4365e-11,8.7612e-11
8.3763e-11,5.8124e-11,1.0517e-10
8.8852e-11,5.468e-11,9.2344e-11
1.262e-10,5.7402e-11,6.6409e-11
1.4048e-10,6.1476e-11,7.5178e-11
1.2349e-10,5.7141e-11,8.2595e-11
1.1984e-10,5.8122e-11,9.3901e-11
3.0545e-11,2.4671e-11,1.6706e-11
2.5681e-11,2.4636e-11,1.563e-11
1.9699e-11,2.0364e-11,1.1596e-11
1.9223e-11,2.7568e-11,2.2724e-11
3.4238e-11,5.8931e-11,7.5587e-11
1.7183e-11,2.328e-11,1.8851e-11
1.8253e-11,2.1213e-11,1.9365e-11
6.9446e-11,5.914e-11,1.2802e-11
2.9848e-11,2.7101e-11,1.7544e-11
2.8396e-11,8.3122e-11,1.0027e-10
2.5282e-11,2.3999e-11,2.4401e-11
3.3592e-11,4.4297e-11,4.639e-11
9.2826e-11,9.7608e-11,3.1884e-11
3.1546e-11,4.7162e-11,5.0251e-11
3.8708e-11,4.0635e-11,1.604e-11
4.1571e-11,4.4641e-11,1.6357e-11
5.4998e-11,5.9437e-11,2.5095e-11
4.5419e-11,4.9101e-11,2.2261e-11
2.4883e-11,3.0777e-11,2.7687e-11
2.9418e-11,3.6335e-11,4.1018e-11
2.4557e-11,2.6227e-11,2.4319e-11
2.788e-11,2.994e-11,2.0001e-11
2.7688e-11,3.2535e-11,4.0031e-11
6.5945e-11,7.5424e-11,8.0962e-11
7.2837e-11,7.1925e-11,4.688e-11
6.8932e-11,6.3928e-11,4.0947e-11
3.3199e-11,3.0698e-11,3.7419e-11
5.8657e-11,8.4289e-11,8.3675e-11
3.5958e-11,3.6349e-11,3.523e-11
5.5525e-11,4.0312e-11,6.2146e-11
1.0726e-10,7.2976e-11,5.4718e-11
8.253e-11,4.5223e-11,4.2009e-11
1.1733e-10,5.6575e-11,5.6606e-11
1.079e-10,5.8506e-11,8.4071e-11
9.9033e-11,5.5413e-11,9.221e-11
1.1758e-10,6.3422e-11,1.0857e-10
1.2217e-10,6.3634e-11,1.0855e-10
2.931e-11,2.3749e-11,1.3703e-11
2.0595e-11,2.2814e-11,1.8337e-11
2.2411e-11,2.2365e-11,1.4146e-11
6.4097e-11,4.8432e-11,8.9269e-12
2.8321e-11,2.3581e-11,1.2868e-11
1.829e-11,2.3851e-11,1.9337e-11
1.9989e-11,2.3756e-11,2.8625e-11
1.841e-11,2.5822e-11,2.4627e-11
9.3271e-11,9.4063e-11,2.8475e-11
7.5426e-11,7.0804e-11,1.6293e-11
1.9726e-11,2.1631e-11,1.4153e-11
7.854e-11,8.0446e-11,2.227e-11
3.1829e-11,5.097e-11,5.4165e-11
3.7367e-11,9.2475e-11,1.1521e-10
6.9686e-11,7.509e-11,3.0643e-11
4.4195e-11,4.5606e-11,2.3383e-11
5.1276e-11,8.0222e-11,8.9786e-11
3.2863e-11,3.6789e-11,3.9415e-11
3.4173e-11,3.5233e-11,1.9447e-11
5.6806e-11,7.6232e-11,8.0149e-11
4.2726e-11,3.8385e-11,2.3793e-11
8.2467e-11,9.0742e-11,4.898e-11
3.9267e-11,3.2403e-11,3.2082e-11
3.653e-11,3.2526e-11,2.9801e-11
5.7746e-11,7.9342e-11,7.8333e-11
7.3982e-11,4.9198e-11,3.6345e-11
5.6712e-11,5.4582e-11,6.8725e-11
6.1992e-11,7.3395e-11,8.5282e-11
6.2517e-11,6.8607e-11,8.1551e-11
3.7643e-11,3.5125e-11,4.6939e-11
4.9071e-11,4.0426e-11,5.6737e-11
9.3315e-11,5.3159e-11,4.3651e-11
4.8329e-11,4.308e-11,4.5944e-11
6.8307e-11,5.1555e-11,8.0635e-11
6.2528e-11,5.0834e-11,7.8805e-11
7.96e-11,4.1414e-11,4.8964e-11
7.2295e-11,5.4569e-11,8.0106e-11
7.2578e-11,5.5224e-11,8.3009e-11
1.0121e-10,5.1415e-11,5.3346e-11
9.8617e-11,5.2893e-11,6.825e-11
1.0879e-10,5.2272e-11,7.0184e-11
8.9287e-11,5.6445e-11,9.9961e-11
9.3289e-11,5.8986e-11,1.0718e-10
1.2721e-10,6.1334e-11,8.2092e-11
3.9461e-11,2.9011e-11,1.9345e-11
3.1802e-11,2.6657e-11,2.7389e-11
5.0318e-11,3.6749e-11,5.7641e-12
1.6418e-11,2.1156e-11,1.5503e-11
2.3734e-11,5.4664e-11,7.1815e-11
4.022e-11,6.0316e-11,7.3198e-11
2.547e-11,2.9071e-11,3.6308e-11
2.9705e-11,3.4462e-11,4.1939e-11
3.9393e-11,3.5332e-11,1.9457e-11
7.378e-11,7.0161e-11,1.6486e-11
4.3674e-11,8.8464e-11,9.1229e-11
3.2467e-11,4.9628e-11,4.9242e-11
6.0555e-11,6.4981e-11,2.9974e-11
3.8708e-11,3.9952e-11,2.3933e-11
4.6735e-11,4.7667e-11,5.1826e-11
3.0018e-11,2.7351e-11,2.9174e-11
5.7674e-11,5.4211e-11,3.7805e-11
4.1132e-11,3.4036e-11,4.4153e-11
3.5111e-11,3.5889e-11,4.5744e-11
6.8202e-11,6.4723e-11,3.8918e-11
4.7641e-11,5.6315e-11,6.4131e-11
6.7583e-11,5.5714e-11,3.5093e-11
3.8468e-11,3.1432e-11,3.1061e-11
5.6229e-11,4.6158e-11,3.0132e-11
6.0505e-11,6.8653e-11,7.8533e-11
4.4911e-11,4.1328e-11,5.5993e-11
5.2958e-11,4.3481e-11,5.9671e-11
3.633e-11,3.8053e-11,4.0802e-11
4.6141e-11,3.6018e-11,4.1529e-11
9.9392e-11,5.8082e-11,9.7982e-11
5.6258e-11,4.1518e-11,6.8205e-12
1.9033e-11,2.4276e-11,2.0607e-11
3.096e-11,3.5356e-11,3.2341e-11
2.4377e-11,3.9636e-11,5.11e-11
3.5488e-11,6.616e-11,7.8032e-11
3.0202e-11,7.6027e-11,9.2967e-11
1.9932e-11,2.5599e-11,1.8147e-11
2.9715e-11,9.1218e-11,1.071e-10
2.7975e-11,5.1283e-11,6.7491e-11
2.4057e-11,2.7657e-11,3.3421e-11
5.8198e-11,4.8986e-11,1.1724e-11
4.1158e-11,3.8153e-11,1.2544e-11
5.4255e-11,5.7644e-11,2.3829e-11
8.3488e-11,8.8677e-11,3.28e-11
2.4855e-11,3.1728e-11,2.5581e-11
8.6306e-11,9.0737e-11,3.7909e-11
3.7465e-11,5.1994e-11,5.2929e-11
4.0216e-11,3.056e-11,2.5729e-11
3.4393e-11,3.2905e-11,2.6681e-11
5.7394e-11,7.2582e-11,7.4932e-11
3.7561e-11,3.4065e-11,4.5359e-11
5.3353e-11,5.1124e-11,6.6094e-11
9.9692e-11,7.4542e-11,5.2092e-11
9.7528e-11,7.198e-11,5.0612e-11
4.1986e-11,3.7096e-11,3.8818e-11
4.8844e-11,3.9021e-11,5.3686e-11
6.3629e-11,4.0974e-11,4.4212e-11
9.4192e-11,4.9095e-11,4.3845e-11
6.6487e-11,4.5726e-11,6.7162e-11
1.3168e-10,7.0446e-11,6.203e-11
8.7062e-11,5.8101e-11,9.6622e-11
1.031e-10,5.7378e-11,7.4745e-11
2.1478e-11,2.3015e-11,1.3363e-11
1.6816e-11,2.2244e-11,1.8201e-11
2.1014e-11,2.3727e-11,2.1121e-11
2.0467e-11,2.154e-11,1.7503e-11
2.2112e-11,2.4317e-11,2.1211e-11
1.9441e-11,2.3111e-11,1.7793e-11
2.0111e-11,2.2374e-11,1.769e-11
9.6249e-11,8.8437e-11,1.8784e-11
3.9604e-11,6.5538e-11,7.5827e-11
2.311e-11,2.358e-11,1.655e-11
3.2463e-11,3.566e-11,1.9855e-11
4.8435e-11,5.0879e-11,2.3796e-11
8.8802e-11,9.0375e-11,5.298e-11
5.1917e-11,4.3932e-11,2.7528e-11
3.0204e-11,3.0736e-11,2.6878e-11
6.0434e-11,6.8396e-11,7.6244e-11
3.8561e-11,3.7014e-11,4.24e-11
5.0192e-11,4.5939e-11,6.207e-11
4.1902e-11,3.9009e-11,4.4675e-11
8.7488e-11,5.334e-11,4.1986e-11
7.8351e-11,4.5035e-11,5.1956e-11
1.0839e-10,5.1866e-11,5.7751e-11
2.6901e-11,2.5924e-11,1.4814e-11
7.1155e-11,5.7141e-11,1.3873e-11
2.7194e-11,3.1438e-11,3.0027e-11
2.8188e-11,6.3746e-11,8.4652e-11
3.2452e-11,8.449e-11,1.0367e-10
7.1641e-11,6.2013e-11,1.1433e-11
2.7688e-11,2.4146e-11,2.3142e-11
2.0598e-11,2.4472e-11,2.5741e-11
2.364e-11,2.7473e-11,3.4959e-11
9.2747e-11,8.9144e-11,1.9918e-11
3.3294e-11,3.4971e-11,1.7811e-11
4.9569e-11,4.9225e-11,1.7633e-11
4.8397e-11,7.2682e-11,7.7116e-11
4.9295e-11,4.4046e-11,5.7944e-11
5.3563e-11,5.4113e-11,7.0724e-11
5.0743e-11,4.5154e-11,6.0823e-11
1.1586e-10,6.9902e-11,5.4929e-11
5.0677e-11,4.3638e-11,5.3925e-11
6.3048e-11,4.6745e-11,5.7599e-11
6.6741e-11,5.6671e-11,7.4016e-11
1.3414e-10,6.9647e-11,6.3832e-11
8.7197e-11,5.6789e-11,8.3721e-11
1.176e-10,6.4798e-11,6.8408e-11
4.6886e-11,3.4175e-11,7.0533e-12
6.3909e-11,4.896e-11,1.1345e-11
2.2733e-11,2.8644e-11,3.426e-11
2.8068e-11,3.8728e-11,3.9402e-11
5.0102e-11,6.087e-11,6.1235e-11
3.2954e-11,4.955e-11,5.6661e-11
3.717e-11,3.4345e-11,3.5887e-11
2.4053e-11,2.8226e-11,2.0246e-11
8.8241e-11,8.3094e-11,1.6577e-11
3.4086e-11,3.5276e-11,3.4766e-11
3.3405e-11,3.513e-11,3.5053e-11
3.9756e-11,4.1149e-11,2.2931e-11
2.9412e-11,3.2042e-11,2.4302e-11
7.4481e-11,7.8959e-11,3.5467e-11
2.8889e-11,3.2571e-11,3.2656e-11
3.4623e-11,3.2261e-11,2.3141e-11
4.0209e-11,4.2934e-11,5.2605e-11
7.0563e-11,6.5382e-11,4.286e-11
3.8638e-11,3.6399e-11,3.6392e-11
4.7853e-11,5.1103e-11,5.5377e-11
5.7341e-11,4.4156e-11,6.4958e-11
7.1819e-11,5.4415e-11,8.1085e-11
1.325e-10,6.405e-11,6.4906e-11
9.6301e-11,6.3082e-11,1.0043e-10
4.8486e-11,3.4636e-11,9.0952e-12
3.9083e-11,2.9856e-11,1.2221e-11
7.0951e-11,5.3041e-11,5.0877e-12
2.0026e-11,2.3583e-11,2.023e-11
9.1845e-11,7.87e-11,1.5452e-11
2.6011e-11,2.5785e-11,2.2578e-11
2.5369e-11,2.9085e-11,1.7276e-11
2.4971e-11,2.7391e-11,1.6e-11
5.0144e-11,3.9302e-11,1.2757e-11
2.817e-11,3.8233e-11,3.1875e-11
2.3015e-11,2.8051e-11,1.9373e-11
5.0606e-11,6.2573e-11,6.5674e-11
2.9997e-11,2.9934e-11,2.0245e-11
4.4359e-11,4.5802e-11,1.9811e-11
7.0571e-11,6.9848e-11,2.5083e-11
5.0593e-11,8.6223e-11,8.0101e-11
3.8276e-11,4.804e-11,5.4608e-11
6.5567e-11,6.7665e-11,3.6829e-11
3.0326e-11,3.4277e-11,2.6224e-11
6.0073e-11,8.0504e-11,8.2607e-11
3.0056e-11,3.9164e-11,2.8479e-11
9.305e-11,9.3897e-11,5.0871e-11
3.4266e-11,3.3665e-11,2.9914e-11
5.1019e-11,4.3457e-11,4.029e-11
9.5936e-11,6.7205e-11,5.1543e-11
9.3111e-11,5.8616e-11,4.4855e-11
1.2954e-10,7.5799e-11,5.9255e-11
8.3108e-11,4.8553e-11,4.9707e-11
6.955e-11,6.0281e-11,8.9589e-11
1.1458e-10,6.2256e-11,6.0552e-11
1.0336e-10,5.6781e-11,6.4032e-11
7.5679e-11,6.2228e-11,8.9837e-11
9.0111e-11,6.4528e-11,8.8335e-11
2.6858e-11,2.6745e-11,1.7335e-11
2.2653e-11,3.2218e-11,2.8591e-11
5.4913e-11,4.2083e-11,1.0253e-11
3.4544e-11,3.0934e-11,2.0194e-11
2.2889e-11,2.5466e-11,2.236e-11
2.6859e-11,3.2917e-11,2.2516e-11
4.3791e-11,6.997e-11,7.4476e-11
2.4402e-11,2.974e-11,2.943e-11
3.3109e-11,3.3856e-11,3.6429e-11
2.5458e-11,3.1733e-11,2.0524e-11
9.0706e-11,8.9675e-11,2.3724e-11
3.7116e-11,3.0938e-11,2.3637e-11
2.6344e-11,2.9457e-11,2.1731e-11
5.3202e-11,6.8264e-11,7.5157e-11
3.8931e-11,3.1608e-11,2.5859e-11
3.0217e-11,3.6222e-11,2.2078e-11
3.8188e-11,3.7113e-11,2.6068e-11
8.0656e-11,8.3381e-11,4.0264e-11
7.6348e-11,7.4931e-11,4.473e-11
6.9824e-11,6.9578e-11,3.9063e-11
4.3853e-11,4.0595e-11,2.5913e-11
5.5683e-11,5.5402e-11,6.6965e-11
8.3794e-11,7.5771e-11,4.8577e-11
6.7572e-11,5.5328e-11,3.6662e-11
4.0154e-11,4.1465e-11,4.1243e-11
5.8947e-11,5.7486e-11,7.4881e-11
5.0741e-11,4.0898e-11,5.2186e-11
5.4042e-11,5.2449e-11,6.7452e-11
7.5846e-11,5.0715e-11,3.6182e-11
6.3113e-11,5.2262e-11,7.5985e-11
7.173e-11,5.6157e-11,6.7547e-11
1.252e-10,7.0247e-11,5.7648e-11
7.5803e-11,5.7071e-11,7.265e-11
7.3646e-11,5.7354e-11,7.4867e-11
7.9674e-11,6.2186e-11,8.3621e-11
1.134e-10,6.1791e-11,6.7189e-11
3.126e-11,2.8417e-11,1.6292e-11
2.2545e-11,3.0949e-11,2.4182e-11
2.1879e-11,2.3848e-11,1.7515e-11
2.6193e-11,3.4496e-11,3.4796e-11
8.7443e-11,7.1695e-11,6.1993e-12
2.4919e-11,3.0758e-11,2.3821e-11
7.6338e-11,6.0613e-11,1.045e-11
6.2044e-11,4.7961e-11,1.0341e-11
2.6124e-11,3.187e-11,1.8649e-11
2.4637e-11,2.6874e-11,2.4298e-11
3.8355e-11,3.9887e-11,1.9625e-11
4.9499e-11,8.6154e-11,8.5057e-11
7.948e-11,7.4157e-11,1.8707e-11
3.4234e-11,3.9924e-11,2.531e-11
5.3831e-11,5.6868e-11,2.548e-11
3.4346e-11,3.5203e-11,2.5996e-11
3.1763e-11,3.9148e-11,4.1735e-11
4.1121e-11,3.9062e-11,2.401e-11
3.5024e-11,3.1557e-11,3.1128e-11
5.2847e-11,4.3952e-11,5.2521e-11
4.71e-11,4.6257e-11,4.1092e-11
5.8208e-11,4.0875e-11,3.7484e-11
1.2907e-10,7.8108e-11,5.9801e-11
7.3683e-11,5.8424e-11,8.4284e-11
1.2181e-10,6.9061e-11,5.5506e-11
6.7129e-11,4.9623e-11,6.2931e-11
7.3687e-11,5.5367e-11,6.6614e-11
8.4727e-11,5.4157e-11,5.8994e-11
7.5946e-11,5.4927e-11,6.9022e-11
2.8789e-11,2.5202e-11,1.9672e-11
3.4579e-11,6.3394e-11,7.6871e-11
3.1403e-11,5.6333e-11,7.2691e-11
2.6358e-11,2.7423e-11,1.7364e-11
2.2437e-11,2.7637e-11,2.3118e-11
2.284e-11,2.8005e-11,2.7699e-11
1.995e-11,2.5618e-11,2.192e-11
3.264e-11,2.9467e-11,1.8783e-11
2.6327e-11,3.9468e-11,3.162e-11
2.9643e-11,2.9863e-11,1.7876e-11
4.1946e-11,7.0641e-11,7.4885e-11
3.0267e-11,3.0184e-11,2.2533e-11
3.0046e-11,2.8573e-11,2.3414e-11
4.9492e-11,7.3372e-11,7.4109e-11
4.6997e-11,4.6231e-11,5.7912e-11
5.1966e-11,6.869e-11,7.1684e-11
5.1577e-11,6.3595e-11,7.308e-11
5.7135e-11,5.4027e-11,3.2252e-11
4.7145e-11,4.7918e-11,6.3493e-11
7.2752e-11,5.374e-11,3.6048e-11
4.6481e-11,3.954e-11,4.8622e-11
4.5058e-11,4.0406e-11,3.6987e-11
6.0789e-11,5.2602e-11,7.5909e-11
4.9449e-11,4.5759e-11,4.5443e-11
7.118e-11,6.2936e-11,8.4271e-11
7.7037e-11,5.7053e-11,6.5241e-11
1.1056e-10,6.2508e-11,6.4999e-11
6.387e-11,4.8696e-11,9.0602e-12
4.1995e-11,3.2325e-11,1.4025e-11
2.9972e-11,3.4511e-11,4.6025e-11
8.0015e-11,6.0965e-11,1.1093e-11
3.1698e-11,4.0991e-11,4.4679e-11
9.2245e-11,7.3809e-11,6.614e-12
1.0518e-10,9.4367e-11,1.2749e-11
4.154e-11,8.5605e-11,9.1002e-11
3.5639e-11,4.8148e-11,4.8441e-11
2.7283e-11,2.8021e-11,2.2316e-11
3.1079e-11,3.1921e-11,2.3211e-11
3.8766e-11,4.4978e-11,3.0597e-11
9.5686e-11,9.4087e-11,4.2105e-11
4.6481e-11,3.7381e-11,4.4215e-11
6.1068e-11,6.0053e-11,8.9157e-11
5.9077e-11,5.3488e-11,7.6862e-11
5.9809e-11,4.8644e-11,6.4953e-11
5.9071e-11,5.5082e-11,7.278e-11
7.4844e-11,5.9458e-11,8.0775e-11
9.9347e-11,5.8026e-11,5.5437e-11
7.6789e-11,5.7353e-11,6.7813e-11
7.611e-11,5.7563e-11,6.8137e-11
1.2513e-10,6.8429e-11,6.7098e-11
5.3985e-11,3.8147e-11,1.6069e-11
4.1068e-11,6.5424e-11,7.572e-11
2.2832e-11,2.5731e-11,2.0083e-11
2.3584e-11,3.6533e-11,3.0882e-11
3.0344e-11,4.6161e-11,4.9662e-11
4.0684e-11,6.5123e-11,7.3771e-11
3.9078e-11,8.2274e-11,9.2403e-11
2.302e-11,2.8871e-11,1.9377e-11
4.2978e-11,8.5257e-11,8.8353e-11
4.351e-11,8.0711e-11,8.8992e-11
8.0342e-11,7.0483e-11,1.3216e-11
4.8687e-11,6.6986e-11,6.4876e-11
3.5186e-11,3.9999e-11,2.352e-11
2.8548e-11,3.312e-11,2.7779e-11
5.187e-11,7.4719e-11,7.9151e-11
1.0071e-10,9.9288e-11,4.0026e-11
6.5702e-11,6.5761e-11,3.2869e-11
6.3446e-11,6.4168e-11,3.3585e-11
4.5413e-11,4.1271e-11,4.8557e-11
4.4256e-11,4.3941e-11,2.7122e-11
3.2372e-11,3.6787e-11,2.7996e-11
3.3466e-11,3.6279e-11,2.9359e-11
5.6218e-11,5.6085e-11,7.4578e-11
4.5796e-11,4.3739e-11,3.7464e-11
5.1651e-11,4.8272e-11,4.4608e-11
1.0249e-10,6.7214e-11,4.8492e-11
6.3442e-11,5.4589e-11,6.7171e-11
1.0643e-10,6.0634e-11,6.1325e-11
2.3605e-11,2.81e-11,2.1552e-11
2.3603e-11,2.815e-11,2.196e-11
4.1095e-11,8.4422e-11,9.3629e-11
8.7389e-11,6.9791e-11,8.1312e-12
2.6439e-11,3.1548e-11,1.7152e-11
3.4594e-11,5.7337e-11,5.6501e-11
3.3924e-11,5.7006e-11,4.7145e-11
4.7049e-11,7.2078e-11,7.5582e-11
3.0772e-11,3.6734e-11,3.7123e-11
9.3587e-11,8.9496e-11,2.7079e-11
1.0115e-10,9.6984e-11,3.5002e-11
5.2871e-11,7.1635e-11,7.4335e-11
4.2603e-11,5.53e-11,5.8832e-11
4.3928e-11,4.6304e-11,5.2864e-11
6.0212e-11,6.0331e-11,3.4789e-11
3.7401e-11,3.6658e-11,3.7395e-11
8.551e-11,7.0607e-11,4.4877e-11
5.5667e-11,5.3648e-11,6.5995e-11
6.2863e-11,5.5916e-11,7.2422e-11
6.0722e-11,5.1815e-11,5.2117e-11
7.7862e-11,5.6518e-11,4.4855e-11
1.1143e-10,7.0043e-11,5.3934e-11
7.9162e-11,5.8988e-11,7.1246e-11
3.2843e-11,2.8197e-11,1.7625e-11
2.6976e-11,2.8919e-11,1.8299e-11
2.3906e-11,2.8324e-11,2.0479e-11
4.0662e-11,6.3541e-11,6.9782e-11
4.4161e-11,3.4589e-11,1.6395e-11
4.2553e-11,6.2847e-11,6.7012e-11
8.5902e-11,6.6833e-11,1.4315e-11
3.6382e-11,3.2167e-11,2.0246e-11
5.3709e-11,4.2791e-11,1.6125e-11
5.132e-11,4.1027e-11,1.6183e-11
3.9137e-11,3.5475e-11,2.3189e-11
2.5036e-11,2.6908e-11,2.2722e-11
3.0119e-11,3.7602e-11,2.4662e-11
1.0992e-10,9.6796e-11,1.8219e-11
2.8111e-11,3.3162e-11,2.2737e-11
5.0121e-11,8.4048e-11,8.0705e-11
3.56e-11,4.0886e-11,4.5189e-11
2.817e-11,3.2377e-11,2.5338e-11
5.4281e-11,5.5633e-11,6.8879e-11
6.3976e-11,5.1826e-11,3.4227e-11
4.955e-11,4.1429e-11,3.8546e-11
1.0055e-10,8.0035e-11,5.4212e-11
5.7053e-11,4.7747e-11,4.178e-11
7.2746e-11,5.4322e-11,4.9637e-11
2.9052e-11,2.9982e-11,1.8109e-11
6.1372e-11,4.5704e-11,1.9358e-11
4.2654e-11,3.6752e-11,2.3559e-11
2.6335e-11,3.04e-11,2.2959e-11
2.3482e-11,3.1896e-11,2.5596e-11
1.0894e-10,9.3919e-11,1.6386e-11
6.0628e-11,4.4479e-11,1.8872e-11
8.5603e-11,6.9365e-11,1.3982e-11
2.877e-11,3.7989e-11,3.6225e-11
8.1963e-11,7.5423e-11,2.2331e-11
2.9267e-11,3.7861e-11,3.3331e-11
4.2507e-11,5.3249e-11,5.3634e-11
4.9014e-11,5.5286e-11,6.4686e-11
4.9335e-11,5.6053e-11,6.7314e-11
5.5187e-11,6.0246e-11,7.5339e-11
5.9373e-11,6.0936e-11,7.7943e-11
8.1275e-11,7.3692e-11,4.3059e-11
4.8195e-11,4.3292e-11,4.9875e-11
6.5968e-11,5.3717e-11,3.4729e-11
5.8691e-11,5.4339e-11,6.7588e-11
5.4908e-11,4.8918e-11,5.1232e-11
7.4271e-11,5.9781e-11,8.5184e-11
9.8833e-11,7.3181e-11,4.9204e-11
7.5643e-11,6.0942e-11,8.0377e-11
9.1797e-11,6.2437e-11,4.6915e-11
7.3338e-11,5.8073e-11,7.3119e-11
6.9451e-11,5.8586e-11,6.8333e-11
7.4616e-11,5.8342e-11,6.3097e-11
2.7127e-11,4.0709e-11,3.7563e-11
6.4306e-11,4.5376e-11,1.4541e-11
3.4855e-11,5.5795e-11,6.0608e-11
2.8054e-11,3.7592e-11,3.5572e-11
2.4181e-11,3.03e-11,2.2106e-11
2.7583e-11,3.2952e-11,2.5561e-11
3.0975e-11,4.1109e-11,2.1803e-11
2.6356e-11,3.2195e-11,2.4522e-11
2.7457e-11,3.2667e-11,2.6068e-11
6.095e-11,5.6116e-11,2.2997e-11
2.8446e-11,3.414e-11,2.3066e-11
3.7015e-11,5.0227e-11,4.9846e-11
3.4552e-11,4.0353e-11,3.9939e-11
4.7768e-11,5.1793e-11,2.9706e-11
7.1385e-11,6.8037e-11,3.1416e-11
5.7642e-11,5.9772e-11,3.4076e-11
3.695e-11,4.3695e-11,2.967e-11
5.5759e-11,6.4653e-11,7.6349e-11
8.7033e-11,8.0044e-11,4.6615e-11
4.9219e-11,4.3463e-11,3.8652e-11
1.1781e-10,7.7581e-11,5.7122e-11
7.3475e-11,6.0615e-11,7.0478e-11
7.9685e-11,5.9913e-11,1.0349e-11
2.5236e-11,2.9416e-11,2.3707e-11
3.5348e-11,5.0047e-11,4.6094e-11
4.1658e-11,6.8896e-11,7.6436e-11
2.4799e-11,3.1387e-11,2.4171e-11
3.0214e-11,3.3701e-11,2.1913e-11
3.3002e-11,3.9886e-11,3.7418e-11
3.6664e-11,4.9692e-11,4.9725e-11
4.5864e-11,5.4356e-11,5.8043e-11
4.7316e-11,6.121e-11,6.4631e-11
4.0668e-11,4.467e-11,2.9151e-11
3.6833e-11,4.3152e-11,3.2167e-11
4.3716e-11,4.4881e-11,4.8636e-11
4.4924e-11,5.2201e-11,5.7739e-11
4.1754e-11,4.6112e-11,5.3562e-11
3.9007e-11,4.0843e-11,3.1976e-11
4.6304e-11,4.8906e-11,4.9146e-11
8.1135e-11,7.1738e-11,4.5192e-11
5.1592e-11,4.5591e-11,4.2041e-11
4.7088e-11,4.1201e-11,3.8145e-11
1.0373e-10,8.5007e-11,5.2623e-11
9.9318e-11,7.7489e-11,5.0234e-11
5.6898e-11,5.13e-11,4.6917e-11
6.9584e-11,5.4374e-11,5.1508e-11
8.1333e-11,6.3314e-11,6.932e-11
8.6589e-11,6.6274e-11,1.0732e-11
3.315e-11,3.2564e-11,2.0764e-11
2.4734e-11,3.4067e-11,2.8313e-11
3.1965e-11,4.7555e-11,4.3164e-11
3.5987e-11,5.7525e-11,4.4476e-11
2.6491e-11,3.2772e-11,1.9502e-11
9.4337e-11,8.0741e-11,2.1134e-11
8.4302e-11,7.1765e-11,2.1473e-11
3.3009e-11,3.7194e-11,2.3018e-11
3.5407e-11,4.2343e-11,4.0302e-11
8.2283e-11,7.7496e-11,3.4124e-11
4.9165e-11,5.3807e-11,3.0213e-11
4.4449e-11,4.6861e-11,5.402e-11
7.9389e-11,7.7793e-11,4.1837e-11
4.5969e-11,4.1071e-11,3.5537e-11
5.7834e-11,5.3005e-11,3.9928e-11
5.6028e-11,5.5142e-11,6.5958e-11
6.9059e-11,5.9067e-11,3.7896e-11
9.2668e-11,6.5814e-11,5.3233e-11
7.5291e-11,5.8012e-11,5.4938e-11
6.1613e-11,4.2181e-11,1.3069e-11
4.5102e-11,3.5272e-11,1.5614e-11
2.3941e-11,3.1461e-11,2.4591e-11
2.6383e-11,3.0046e-11,2.5558e-11
2.9479e-11,4.542e-11,4.0563e-11
7.9043e-11,5.9289e-11,1.1727e-11
3.9192e-11,6.4133e-11,6.2804e-11
3.8432e-11,5.9683e-11,5.7363e-11
5.1206e-11,4.0492e-11,2.297e-11
2.7725e-11,3.1653e-11,2.5253e-11
2.8193e-11,3.5416e-11,2.0515e-11
3.9911e-11,6.5675e-11,6.3601e-11
2.7661e-11,3.3045e-11,2.242e-11
3.4352e-11,4.6096e-11,4.681e-11
3.6118e-11,3.6629e-11,2.8295e-11
3.5457e-11,3.9449e-11,3.3416e-11
4.8904e-11,6.0795e-11,6.7411e-11
9.2078e-11,8.2614e-11,5.05e-11
6.8526e-11,5.3651e-11,4.8727e-11
8.7894e-11,6.6386e-11,7.4276e-11
8.5514e-11,6.2812e-11,1.1865e-11
9.605e-11,7.2877e-11,1.2537e-11
4.3088e-11,7.1752e-11,7.6007e-11
8.4172e-11,6.6622e-11,1.8396e-11
8.1028e-11,6.58e-11,2.0979e-11
8.7176e-11,7.1959e-11,2.2237e-11
3.4335e-11,3.9263e-11,2.3761e-11
9.7569e-11,8.6867e-11,2.7263e-11
4.1603e-11,5.7071e-11,5.661e-11
3.4259e-11,3.7692e-11,2.886e-11
5.1701e-11,6.4727e-11,7.1224e-11
4.3845e-11,4.9855e-11,5.4906e-11
5.9466e-11,6.1974e-11,3.5065e-11
6.9633e-11,6.8795e-11,3.851e-11
4.889e-11,4.3731e-11,3.941e-11
8.3691e-11,6.3737e-11,7.6829e-11
6.3642e-11,5.7464e-11,5.8343e-11
1.0063e-10,7.5795e-11,5.2876e-11
8.1711e-11,6.4474e-11,5.5557e-11
7.6233e-11,5.9409e-11,5.3018e-11
7.6935e-11,6.2899e-11,6.5534e-11
9.4747e-11,7.0513e-11,6.0107e-11
7.3916e-11,6.3392e-11,6.5002e-11
2.5073e-11,3.3482e-11,2.7521e-11
2.6689e-11,3.2352e-11,2.568e-11
2.6748e-11,3.2104e-11,2.125e-11
3.2175e-11,4.0481e-11,3.7506e-11
3.0273e-11,3.6313e-11,2.2559e-11
2.9029e-11,3.4145e-11,2.7033e-11
3.0423e-11,3.7249e-11,2.805e-11
2.912e-11,3.4821e-11,2.6528e-11
3.6326e-11,4.1045e-11,2.7077e-11
7.7897e-11,6.7469e-11,2.7188e-11
3.1808e-11,3.6238e-11,2.777e-11
4.4284e-11,4.7242e-11,3.0633e-11
6.5186e-11,6.3922e-11,3.2825e-11
4.5407e-11,5.8663e-11,6.0465e-11
4.1855e-11,4.4543e-11,3.3016e-11
3.9644e-11,4.1302e-11,3.2195e-11
4.953e-11,4.834e-11,4.3835e-11
6.8252e-11,5.9241e-11,7.353e-11
7.1573e-11,5.8476e-11,4.4451e-11
6.4041e-11,5.6195e-11,5.027e-11
7.01e-11,5.6778e-11,6.7073e-11
6.3747e-11,5.6611e-11,5.2636e-11
7.6411e-11,6.046e-11,5.5328e-11
7.912e-11,6.3972e-11,6.6178e-11
8.1352e-11,6.5847e-11,7.002e-11
8.0312e-11,6.5413e-11,7.2543e-11
7.9418e-11,5.7508e-11,1.523e-11
4.7923e-11,3.7454e-11,1.7981e-11
9.1954e-11,6.8206e-11,1.0138e-11
2.6659e-11,3.3624e-11,2.6473e-11
6.8182e-11,5.2373e-11,1.732e-11
4.2042e-11,7.0775e-11,6.576e-11
9.5224e-11,7.3867e-11,1.1723e-11
3.1082e-11,3.7175e-11,2.4618e-11
2.8888e-11,3.6568e-11,2.9953e-11
4.412e-11,7.0056e-11,6.7853e-11
6.1309e-11,5.4747e-11,2.4958e-11
7.2621e-11,6.0202e-11,2.3545e-11
3.4905e-11,4.2509e-11,2.8107e-11
1.07e-10,8.8629e-11,2.5476e-11
4.0485e-11,4.5659e-11,4.2741e-11
3.5758e-11,4.1066e-11,2.8341e-11
3.6663e-11,4.4073e-11,3.7475e-11
4.5122e-11,6.1828e-11,6.2351e-11
4.0637e-11,4.3214e-11,3.2882e-11
8.5664e-11,8.2844e-11,4.8514e-11
5.1247e-11,5.0737e-11,5.5943e-11
8.91e-11,8.5395e-11,4.7246e-11
7.4688e-11,7.3947e-11,4.4921e-11
9.0293e-11,8.1107e-11,5.2075e-11
6.0063e-11,5.6393e-11,5.3208e-11
9.7821e-11,7.8547e-11,5.4189e-11
7.3945e-11,5.8405e-11,4.9182e-11
6.7921e-11,5.8805e-11,5.4655e-11
9.295e-11,7.4787e-11,5.2564e-11
7.6812e-11,6.1993e-11,6.1703e-11
7.4364e-11,6.5053e-11,6.6649e-11
8.8123e-11,6.7661e-11,1.0277e-11
3.8895e-11,3.6805e-11,2.5512e-11
8.9707e-11,6.605e-11,1.2215e-11
3.0127e-11,4.2855e-11,3.5675e-11
2.7171e-11,3.214e-11,2.2132e-11
2.7367e-11,3.4329e-11,2.8078e-11
3.1968e-11,3.7478e-11,2.4381e-11
4.4488e-11,7.0944e-11,6.588e-11
3.3441e-11,3.9216e-11,3.0936e-11
3.3445e-11,4.0453e-11,3.264e-11
4.0003e-11,4.5986e-11,3.1764e-11
3.8952e-11,4.3882e-11,3.1607e-11
4.2296e-11,4.4794e-11,3.395e-11
3.8804e-11,4.3325e-11,3.286e-11
4.4359e-11,4.7465e-11,4.126e-11
5.873e-11,5.1442e-11,4.739e-11
6.6409e-11,5.744e-11,6.1356e-11
9.6783e-11,7.6291e-11,6.2987e-11
8.7105e-11,6.5294e-11,1.2396e-11
3.121e-11,3.4275e-11,2.2659e-11
3.0342e-11,3.4481e-11,2.5107e-11
3.2108e-11,4.04e-11,3.4589e-11
4.2691e-11,4.4744e-11,3.9233e-11
1.0758e-10,8.5867e-11,1.8797e-11
4.3522e-11,4.523e-11,2.6702e-11
4.3927e-11,4.7003e-11,3.7953e-11
4.1075e-11,4.6273e-11,3.28e-11
4.4779e-11,4.4288e-11,3.8732e-11
5.5082e-11,5.9226e-11,6.4288e-11
4.9817e-11,4.7645e-11,4.0854e-11
5.8672e-11,5.6694e-11,5.4638e-11
6.0979e-11,5.6543e-11,5.5301e-11
9.5094e-11,7.9475e-11,5.2573e-11
3.1644e-11,3.533e-11,2.5409e-11
3.0118e-11,3.9177e-11,3.251e-11
3.0328e-11,3.4772e-11,2.4943e-11
3.163e-11,3.7563e-11,2.9878e-11
3.3337e-11,3.892e-11,3.4364e-11
3.5103e-11,3.8268e-11,2.5264e-11
3.6239e-11,4.1513e-11,2.6771e-11
4.926e-11,4.8888e-11,2.5406e-11
4.3666e-11,6.615e-11,6.296e-11
1.1516e-10,9.4649e-11,3.1022e-11
1.0727e-10,9.0086e-11,3.2727e-11
9.8932e-11,8.6613e-11,3.2981e-11
7.9384e-11,7.5631e-11,3.6245e-11
5.3434e-11,5.8532e-11,3.497e-11
4.0248e-11,4.4849e-11,3.6944e-11
5.8075e-11,6.3601e-11,6.5685e-11
5.4945e-11,5.4915e-11,3.6347e-11
8.1194e-11,8.3493e-11,4.534e-11
7.7223e-11,8.0214e-11,4.5719e-11
5.9959e-11,5.3066e-11,4.6188e-11
5.8304e-11,5.7998e-11,6.0822e-11
5.5383e-11,5.4071e-11,4.3714e-11
6.899e-11,5.9192e-11,5.6416e-11
7.3698e-11,6.8971e-11,7.8024e-11
7.4058e-11,5.9582e-11,6.1142e-11
8.0887e-11,6.5549e-11,7.2787e-11
7.153e-11,6.2791e-11,5.7661e-11
8.4742e-11,6.9606e-11,5.5383e-11
8.1311e-11,6.6849e-11,5.5233e-11
1.0139e-10,7.4911e-11,1.2302e-11
3.6896e-11,3.9676e-11,2.5446e-11
3.5839e-11,4.0082e-11,2.66e-11
3.6927e-11,5.1512e-11,4.2756e-11
3.5058e-11,4.4973e-11,3.4602e-11
1.1337e-10,8.8457e-11,1.7827e-11
3.5371e-11,4.1445e-11,2.742e-11
3.596e-11,4.0129e-11,3.1187e-11
3.7476e-11,4.4458e-11,3.3555e-11
3.6732e-11,4.0281e-11,2.9149e-11
3.6468e-11,4.6643e-11,3.8954e-11
4.0102e-11,4.4961e-11,3.2195e-11
7.123e-11,7.5157e-11,4.3042e-11
5.2321e-11,5.8102e-11,3.99e-11
4.8797e-11,4.8402e-11,3.9021e-11
6.2567e-11,5.8575e-11,4.3492e-11
6.6586e-11,6.0119e-11,5.3674e-11
7.6573e-11,6.4225e-11,6.3363e-11
7.5807e-11,5.9166e-11,2.104e-11
7.2127e-11,5.5725e-11,2.0844e-11
3.9142e-11,5.2505e-11,4.4237e-11
3.9826e-11,5.4109e-11,4.2865e-11
1.0088e-10,8.3221e-11,2.7947e-11
4.69e-11,5.4007e-11,4.7034e-11
7.3019e-11,7.6793e-11,4.0862e-11
5.0006e-11,5.5574e-11,3.9218e-11
5.0992e-11,5.8067e-11,5.6498e-11
7.828e-11,8.228e-11,4.4297e-11
5.1982e-11,5.6372e-11,4.199e-11
8.2653e-11,8.5824e-11,4.7731e-11
6.1227e-11,5.769e-11,5.091e-11
7.1889e-11,6.6975e-11,6.5482e-11
7.0897e-11,6.4581e-11,5.6094e-11
4.1439e-11,4.4376e-11,2.6514e-11
4.0469e-11,4.3631e-11,2.6612e-11
3.9583e-11,4.3085e-11,2.7076e-11
3.5834e-11,3.9832e-11,2.5758e-11
3.4393e-11,4.3121e-11,3.9118e-11
4.5528e-11,6.9909e-11,6.5353e-11
3.2623e-11,3.8941e-11,2.8859e-11
3.2762e-11,3.5986e-11,2.6786e-11
3.9605e-11,4.3477e-11,2.9652e-11
6.3585e-11,7.0396e-11,6.9221e-11
6.1837e-11,6.8314e-11,6.8503e-11
5.6051e-11,5.6284e-11,4.3364e-11
8.8471e-11,8.7225e-11,5.6009e-11
7.183e-11,6.3236e-11,5.9635e-11
7.5373e-11,6.3076e-11,6.1253e-11
6.6216e-11,5.06e-11,2.245e-11
3.4316e-11,3.9671e-11,2.9883e-11
4.8094e-11,6.0938e-11,5.984e-11
3.972e-11,4.341e-11,2.6722e-11
3.9872e-11,4.924e-11,4.3497e-11
4.2656e-11,4.5682e-11,2.77e-11
5.6515e-11,5.2702e-11,2.87e-11
3.6511e-11,4.3471e-11,3.1608e-11
3.6186e-11,3.8646e-11,2.8709e-11
3.8584e-11,4.3451e-11,3.2331e-11
8.2884e-11,8.2392e-11,4.4336e-11
5.4124e-11,5.903e-11,5.4961e-11
8.4108e-11,8.4645e-11,4.5939e-11
8.1935e-11,8.6808e-11,4.7194e-11
5.9543e-11,5.9157e-11,5.1482e-11
6.4593e-11,6.535e-11,5.0574e-11
6.7078e-11,6.1349e-11,5.5588e-11
4.642e-11,5.0131e-11,3.1997e-11
8.8736e-11,6.664e-11,1.8547e-11
3.9947e-11,5.4641e-11,4.9387e-11
3.9053e-11,4.7686e-11,3.6233e-11
1.0565e-10,8.1917e-11,2.2839e-11
6.0456e-11,5.4836e-11,2.8694e-11
4.7376e-11,6.3896e-11,5.7068e-11
8.7331e-11,8.4864e-11,4.3285e-11
5.9065e-11,5.7452e-11,4.0935e-11
5.7884e-11,6.4458e-11,6.0476e-11
5.2285e-11,5.7606e-11,5.1853e-11
6.6369e-11,6.3627e-11,4.96e-11
6.4219e-11,6.0558e-11,5.2378e-11
6.9688e-11,6.589e-11,5.2354e-11
7.0049e-11,6.3247e-11,5.5391e-11
4.8673e-11,4.9499e-11,2.9342e-11
9.2391e-11,7.3051e-11,2.0371e-11
4.1407e-11,4.9167e-11,3.8653e-11
4.913e-11,7.3332e-11,6.8162e-11
1.0374e-10,8.2047e-11,2.7382e-11
4.2132e-11,5.1536e-11,4.5765e-11
1.1147e-10,8.8794e-11,2.8836e-11
4.6261e-11,5.4783e-11,4.8622e-11
5.0853e-11,6.7261e-11,5.7997e-11
4.2982e-11,4.8252e-11,3.442e-11
4.4353e-11,5.3424e-11,4.3072e-11
4.3123e-11,4.8336e-11,3.4969e-11
5.4975e-11,6.8286e-11,5.9783e-11
7.0219e-11,7.8513e-11,4.6626e-11
5.9209e-11,6.228e-11,5.5545e-11
7.6041e-11,8.5304e-11,4.97e-11
7.8048e-11,7.7161e-11,5.2707e-11
9.1906e-11,9.3307e-11,5.9567e-11
4.2499e-11,5.7006e-11,5.0941e-11
5.2109e-11,7.539e-11,7.1827e-11
4.4045e-11,5.4445e-11,4.7896e-11
4.5355e-11,5.3566e-11,4.7294e-11
4.5908e-11,5.485e-11,4.3795e-11
5.4568e-11,7.3295e-11,6.2793e-11
8.7701e-11,8.599e-11,5.8414e-11
4.2248e-11,4.6908e-11,2.976e-11
4.4228e-11,5.5218e-11,4.9498e-11
5.3778e-11,7.5291e-11,6.1914e-11
5.5865e-11,6.38e-11,3.8623e-11
5.7534e-11,6.0541e-11,3.9985e-11
8.0339e-11,6.6134e-11,2.2124e-11
4.3308e-11,5.1546e-11,4.1443e-11
4.2575e-11,4.6086e-11,3.1073e-11
4.4535e-11,4.843e-11,3.2028e-11
3.8149e-11,4.929e-11,4.1708e-11
5.588e-11,6.9341e-11,6.0112e-11
5.5556e-11,6.7709e-11,5.6245e-11
5.8783e-11,6.6241e-11,5.4774e-11
6.137e-11,7.0462e-11,6.1008e-11
6.0148e-11,6.4213e-11,4.8101e-11
6.5874e-11,6.9045e-11,6.162e-11
6.3984e-11,6.531e-11,5.9072e-11
7.1855e-11,7.1262e-11,5.6965e-11
5.5923e-11,5.4043e-11,3.1662e-11
5.0306e-11,6.47e-11,5.808e-11
4.3549e-11,4.7205e-11,3.6372e-11
5.2582e-11,5.6069e-11,3.3636e-11
7.6788e-11,6.9777e-11,3.5264e-11
5.3213e-11,6.9222e-11,6.0217e-11
5.4433e-11,5.8235e-11,4.1858e-11
6.3549e-11,6.4818e-11,4.7103e-11
9.1156e-11,9.6118e-11,5.8464e-11
8.3218e-11,8.4638e-11,5.7984e-11
5.0089e-11,5.523e-11,3.4752e-11
4.6816e-11,5.0191e-11,3.4886e-11
4.4694e-11,5.1882e-11,3.5951e-11
9.6283e-11,7.6167e-11,2.4934e-11
4.7887e-11,6.0442e-11,5.4264e-11
5.253e-11,4.9312e-11,3.9571e-11
5.0605e-11,5.3891e-11,4.1293e-11
4.98e-11,5.4287e-11,3.9955e-11
5.7687e-11,7.2209e-11,6.2103e-11
9.5582e-11,8.2953e-11,3.5462e-11
6.2554e-11,6.346e-11,3.7457e-11
5.6868e-11,6.4304e-11,5.0373e-11
5.8803e-11,6.6755e-11,5.4445e-11
8.5174e-11,8.7899e-11,5.0399e-11
6.9517e-11,7.3531e-11,5.046e-11
6.2642e-11,6.9995e-11,5.7757e-11
6.4679e-11,6.6844e-11,4.9579e-11
7.2149e-11,6.5699e-11,3.3349e-11
6.8171e-11,6.3058e-11,3.6711e-11
4.8294e-11,5.1769e-11,3.435e-11
4.9545e-11,5.6515e-11,4.0999e-11
5.578e-11,7.118e-11,6.4123e-11
4.841e-11,5.7808e-11,4.8112e-11
4.9651e-11,6.2298e-11,5.5803e-11
5.2675e-11,6.55e-11,5.8238e-11
5.4046e-11,5.7427e-11,4.1368e-11
5.1343e-11,5.5665e-11,3.935e-11
5.3988e-11,6.243e-11,4.8532e-11
5.7267e-11,6.1848e-11,4.3764e-11
5.9595e-11,6.9599e-11,5.2592e-11
6.229e-11,6.4312e-11,4.8557e-11
6.6857e-11,7.1133e-11,5.5888e-11
9.1199e-11,9.3827e-11,5.6001e-11
7.3503e-11,7.5588e-11,5.5429e-11
4.6525e-11,5.7899e-11,4.4559e-11
9.1897e-11,7.9022e-11,3.0891e-11
5.2222e-11,5.5435e-11,3.8325e-11
5.0544e-11,5.5267e-11,3.7299e-11
6.1659e-11,6.015e-11,3.8021e-11
5.8384e-11,7.3432e-11,6.6994e-11
5.5171e-11,6.084e-11,3.6402e-11
5.5373e-11,5.8791e-11,4.2481e-11
5.6479e-11,6.2062e-11,4.2784e-11
5.4677e-11,5.689e-11,4.2902e-11
6.7243e-11,7.2782e-11,4.5809e-11
6.9174e-11,7.4437e-11,4.7437e-11
6.795e-11,6.5402e-11,3.903e-11
5.2102e-11,6.539e-11,5.0436e-11
5.9904e-11,7.075e-11,6.3869e-11
5.4819e-11,6.5437e-11,5.3352e-11
5.5571e-11,6.0518e-11,3.8975e-11
6.3473e-11,6.6511e-11,4.0404e-11
5.9414e-11,6.5889e-11,4.555e-11
5.8347e-11,6.7657e-11,5.2295e-11
6.6647e-11,6.9856e-11,5.0299e-11
9.3062e-11,9.595e-11,5.7288e-11
6.8577e-11,7.1493e-11,5.2461e-11
7.994e-11,7.5465e-11,4.0359e-11
5.2472e-11,6.4785e-11,4.9977e-11
8.7382e-11,7.7384e-11,3.5694e-11
9.0476e-11,8.0481e-11,3.6442e-11
5.7857e-11,6.4135e-11,4.7447e-11
9.1329e-11,8.2684e-11,3.7975e-11
1.0437e-10,9.2018e-11,4.1542e-11
6.2277e-11,6.5406e-11,4.6689e-11
6.1542e-11,6.3946e-11,4.6953e-11
7.5444e-11,8.1329e-11,5.0478e-11
7.7753e-11,8.4078e-11,4.9866e-11
7.9437e-11,7.4894e-11,3.988e-11
5.9879e-11,5.9883e-11,4.224e-11
5.6346e-11,6.4368e-11,4.4606e-11
6.861e-11,6.9228e-11,4.1478e-11
5.9715e-11,5.7582e-11,4.3382e-11
6.9248e-11,6.7692e-11,4.2109e-11
6.1029e-11,6.6893e-11,4.7296e-11
7.8454e-11,7.5933e-11,4.4744e-11
9.4614e-11,9.0711e-11,4.6165e-11
6.6789e-11,6.9756e-11,4.9963e-11
8.3752e-11,8.8277e-11,5.4527e-11
7.2457e-11,7.3724e-11,5.4665e-11
8.7947e-11,9.197e-11,5.6241e-11
6.14e-11,6.5605e-11,4.3993e-11
6.3227e-11,6.4728e-11,4.4657e-11
6.2648e-11,6.2249e-11,4.4174e-11
7.3125e-11,7.5503e-11,4.5493e-11
7.6598e-11,7.5473e-11,4.6734e-11
7.1166e-11,7.0739e-11,5.0032e-11
8.2311e-11,8.0421e-11,4.7652e-11
7.1593e-11,7.0651e-11,5.085e-11
