1.6512e-11,7.464e-11,8.012e-11
2.4649e-11,7.1137e-11,8.4775e-11
3.1027e-11,6.8937e-11,7.6235e-11
1.5141e-11,7.2976e-11,7.8942e-11
1.4758e-11,6.2685e-11,5.9884e-11
1.5871e-11,6.0275e-11,5.7779e-11
2.3218e-11,8.0863e-11,9.3956e-11
2.4157e-11,7.9253e-11,8.7203e-11
2.451e-11,7.4249e-11,8.239e-11
1.5789e-11,5.5524e-11,6.0386e-11
1.4852e-11,6.7193e-11,7.0675e-11
1.5109e-11,6.0728e-11,6.0101e-11
1.5703e-11,6.4295e-11,6.6526e-11
1.4496e-11,5.631e-11,5.6158e-11
1.4002e-11,7.5597e-11,6.723e-11
3.1622e-11,7.0587e-11,8.0626e-11
3.6918e-11,7.9474e-11,9.0898e-11
1.4376e-11,5.5764e-11,5.7583e-11
1.1913e-11,7.3389e-11,6.3886e-11
1.4706e-11,5.7761e-11,5.7485e-11
1.6733e-11,5.6198e-11,5.3568e-11
1.2259e-11,5.3217e-11,5.6476e-11
1.3244e-11,5.6054e-11,5.468e-11
3.1058e-11,7.117e-11,7.8092e-11
3.5331e-11,8.7112e-11,9.1494e-11
1.8403e-11,5.4242e-11,6.9138e-11
2.0904e-11,6.0168e-11,5.9468e-11
1.4724e-11,5.2784e-11,5.4381e-11
2.2013e-11,5.8831e-11,5.4026e-11
4.1962e-11,7.0925e-11,7.5139e-11
3.68e-11,6.5316e-11,7.0945e-11
3.2125e-11,6.6629e-11,6.2236e-11
3.3335e-11,6.3694e-11,6.5072e-11
1.7954e-11,5.4439e-11,6.2676e-11
2.1008e-11,5.0592e-11,5.3933e-11
1.42e-11,5.8904e-11,5.8178e-11
1.1437e-11,7.9606e-11,7.5668e-11
2.9827e-11,5.993e-11,5.381e-11
2.4405e-11,6.1513e-11,5.4376e-11
3.1422e-11,7.1938e-11,7.5363e-11
4.1433e-11,7.4576e-11,8.7971e-11
1.1818e-11,8.6842e-11,8.0168e-11
1.3238e-11,5.3248e-11,4.7607e-11
1.1141e-11,7.3804e-11,6.1154e-11
2.1443e-11,5.6283e-11,5.3232e-11
7.0799e-11,8.0174e-11,8.654e-11
6.2382e-11,7.4468e-11,8.4101e-11
5.6441e-11,8.5302e-11,8.7815e-11
2.2906e-11,6.2386e-11,7.0127e-11
2.3045e-11,5.6413e-11,5.1555e-11
2.0869e-11,6.6019e-11,6.8476e-11
2.3975e-11,6.1655e-11,6.4598e-11
1.8676e-11,8.4985e-11,7.7572e-11
1.7237e-11,4.9486e-11,4.3935e-11
2.7689e-11,5.2859e-11,5.1987e-11
9.3675e-12,4.802e-11,4.5458e-11
1.6363e-11,6.548e-11,5.5253e-11
7.7638e-11,7.3704e-11,9.1278e-11
3.5182e-11,7.0558e-11,6.604e-11
2.1706e-11,6.9354e-11,7.0446e-11
2.2082e-11,4.9003e-11,5.4538e-11
1.7049e-11,5.1849e-11,4.9163e-11
2.0134e-11,5.9794e-11,5.4618e-11
1.4843e-11,5.2112e-11,5.2633e-11
1.2197e-11,4.8489e-11,5.0235e-11
1.0207e-11,5.0231e-11,4.7611e-11
1.2932e-11,4.8642e-11,4.6823e-11
2.105e-11,5.2651e-11,5.2712e-11
2.1195e-11,5.4008e-11,5.4269e-11
3.6861e-11,6.1627e-11,6.5333e-11
3.3461e-11,6.7872e-11,6.812e-11
1.5883e-11,4.5643e-11,4.2604e-11
1.2411e-11,4.7293e-11,4.8148e-11
1.617e-11,4.4901e-11,4.7927e-11
1.3451e-11,4.7504e-11,4.6719e-11
7.3561e-11,7.2056e-11,8.9093e-11
6.7629e-11,6.0421e-11,7.5038e-11
6.0593e-11,6.2876e-11,6.7995e-11
5.4392e-11,6.1727e-11,6.0255e-11
2.1723e-11,5.3385e-11,4.8624e-11
1.3523e-11,4.4247e-11,4.6982e-11
2.1031e-11,8.0687e-11,6.6376e-11
1.262e-11,7.8999e-11,6.6527e-11
1.1607e-11,5.1271e-11,4.7189e-11
6.5569e-11,6.0905e-11,7.576e-11
4.3435e-11,6.5808e-11,7.8332e-11
2.326e-11,4.6876e-11,6.3583e-11
1.969e-11,4.5986e-11,4.2838e-11
2.8999e-11,6.8354e-11,5.9122e-11
1.7412e-11,4.3398e-11,4.7065e-11
1.2479e-11,4.6481e-11,4.3163e-11
2.0216e-11,4.6781e-11,4.0378e-11
6.0887e-11,6.185e-11,6.5112e-11
4.5678e-11,6.808e-11,8.2622e-11
2.3718e-11,4.2459e-11,4.6919e-11
2.7245e-11,9.314e-11,8.7323e-11
1.4643e-11,4.0965e-11,4.3517e-11
2.0235e-11,5.5816e-11,6.0675e-11
1.4362e-11,5.1864e-11,4.9369e-11
1.3202e-11,6.6147e-11,5.4976e-11
8.0187e-11,5.6963e-11,8.6373e-11
4.0664e-11,4.3652e-11,5.0699e-11
3.2719e-11,4.8914e-11,4.7992e-11
2.5358e-11,4.6462e-11,5.4007e-11
3.3536e-11,7.3585e-11,7.9642e-11
2.2248e-11,4.0863e-11,4.5e-11
2.2584e-11,5.6492e-11,5.7482e-11
1.7811e-11,4.3383e-11,4.1681e-11
2.3307e-11,5.2696e-11,5.4572e-11
1.7572e-11,4.9236e-11,4.615e-11
2.6974e-11,5.0196e-11,5.5813e-11
1.9544e-11,4.889e-11,4.172e-11
1.8848e-11,4.4908e-11,4.6866e-11
1.9404e-11,6.2506e-11,5.5546e-11
8.2567e-11,5.7965e-11,8.7896e-11
5.9319e-11,6.4326e-11,7.3761e-11
4.0422e-11,6.0428e-11,6.5743e-11
2.7714e-11,5.7814e-11,6.0051e-11
1.4163e-11,4.0425e-11,3.8478e-11
2.0435e-11,4.1143e-11,3.9431e-11
1.5741e-11,3.7656e-11,4.2354e-11
1.3178e-11,4.6443e-11,4.3019e-11
1.1733e-11,4.1735e-11,4.1374e-11
1.7922e-11,3.6281e-11,4.3876e-11
7.1444e-11,6.3093e-11,7.9633e-11
5.9066e-11,5.0205e-11,6.3373e-11
3.2402e-11,4.5486e-11,4.769e-11
3.7613e-11,6.9377e-11,7.7913e-11
1.7012e-11,4.4516e-11,3.9634e-11
1.7526e-11,4.1743e-11,4.4388e-11
1.1899e-11,5.5427e-11,5.0311e-11
1.003e-11,4.3407e-11,4.2897e-11
5.5471e-11,5.7385e-11,7.258e-11
5.8623e-11,5.9918e-11,7.579e-11
3.4655e-11,3.8887e-11,4.5826e-11
4.0335e-11,6.8723e-11,6.7147e-11
2.9019e-11,4.693e-11,3.8183e-11
2.5108e-11,4.1317e-11,4.2089e-11
1.966e-11,3.5813e-11,3.3797e-11
1.5314e-11,3.9704e-11,3.5777e-11
2.834e-11,8.4552e-11,7.4561e-11
1.9353e-11,4.7449e-11,3.9408e-11
1.2148e-11,4.3293e-11,3.8528e-11
1.9722e-11,6.4472e-11,5.1979e-11
2.0367e-11,5.4858e-11,5.5889e-11
1.1568e-11,3.8768e-11,3.9674e-11
9.2031e-12,4.0049e-11,3.907e-11
1.442e-11,3.3642e-11,3.9782e-11
1.2746e-11,4.7857e-11,4.6757e-11
8.567e-11,5.9868e-11,8.3703e-11
6.2055e-11,5.0482e-11,6.5671e-11
5.0085e-11,6.6204e-11,7.0934e-11
3.9585e-11,4.8934e-11,5.0349e-11
3.4835e-11,4.5648e-11,4.7388e-11
2.9428e-11,3.6347e-11,4.3395e-11
3.2117e-11,4.637e-11,5.2038e-11
4.1828e-11,8.1663e-11,8.8042e-11
3.0095e-11,7.5793e-11,7.0054e-11
3.5223e-11,8.3212e-11,8.3221e-11
2.5825e-11,3.794e-11,3.9365e-11
1.5935e-11,3.8992e-11,4.6848e-11
2.0267e-11,4.3909e-11,3.8522e-11
9.2418e-12,4.8623e-11,4.6243e-11
1.724e-11,6.0501e-11,5.1282e-11
7.1919e-12,3.7064e-11,4.0896e-11
1.0575e-11,3.9856e-11,3.9919e-11
1.3765e-11,5.333e-11,4.9641e-11
1.5234e-11,3.8146e-11,3.7796e-11
4.7253e-11,4.7905e-11,5.2595e-11
1.954e-10,1.8347e-10,8.4262e-11
2.0042e-10,2.3665e-10,7.3844e-11
4.2925e-11,5.9834e-11,6.5803e-11
1.8954e-10,2.035e-10,8.4678e-11
4.7501e-11,6.5353e-11,8.2978e-11
4.3015e-11,7.4658e-11,8.3781e-11
2.912e-11,4.9726e-11,5.3082e-11
2.9901e-11,5.3329e-11,5.3755e-11
2.2629e-11,3.9933e-11,3.4647e-11
2.8844e-11,4.0897e-11,5.018e-11
3.3877e-11,8.6313e-11,8.3301e-11
1.6571e-11,4.0589e-11,3.7091e-11
1.9392e-11,3.38e-11,4.0937e-11
2.07e-11,9.2104e-11,7.3277e-11
1.6036e-11,3.4167e-11,3.7859e-11
7.7685e-12,3.7558e-11,3.6904e-11
6.4923e-11,5.0566e-11,6.9857e-11
7.0568e-11,3.9936e-11,5.9057e-11
5.4799e-11,4.0629e-11,5.4553e-11
4.9919e-11,6.5969e-11,7.5345e-11
1.9035e-10,2.2886e-10,7.4484e-11
4.9427e-11,7.0115e-11,8.0932e-11
1.8382e-10,2.0872e-10,7.4623e-11
4.6543e-11,8.3848e-11,8.8186e-11
2.9672e-11,5.2121e-11,6.2621e-11
1.7693e-11,3.4166e-11,3.2199e-11
2.2877e-11,1.0185e-10,8.182e-11
1.488e-11,3.5467e-11,3.6192e-11
1.3108e-11,8.0792e-11,6.1221e-11
1.6828e-11,3.3877e-11,3.6102e-11
1.3278e-11,3.0445e-11,4.0496e-11
1.9584e-11,3.3451e-11,3.421e-11
6.6943e-11,3.8761e-11,6.4333e-11
6.5152e-11,4.4807e-11,6.024e-11
5.2497e-11,6.2891e-11,7.5423e-11
1.8426e-10,1.9149e-10,8.8695e-11
4.5147e-11,4.7773e-11,6.1044e-11
5.1176e-11,5.3029e-11,5.5792e-11
1.8801e-10,1.8397e-10,9.2984e-11
2.9204e-11,4.5105e-11,5.8516e-11
2.5038e-11,4.1287e-11,4.5399e-11
2.2146e-11,4.1918e-11,3.2359e-11
1.5308e-11,3.3747e-11,2.9965e-11
1.1898e-11,4.5826e-11,4.6608e-11
1.6947e-11,7.9884e-11,6.3218e-11
1.1578e-11,3.7254e-11,3.432e-11
9.4291e-12,3.6054e-11,3.9314e-11
7.6984e-11,5.0962e-11,7.3595e-11
7.3709e-11,5.0319e-11,8.1191e-11
6.5544e-11,3.6592e-11,5.5205e-11
3.9365e-11,4.2773e-11,5.4424e-11
4.0212e-11,3.9157e-11,5.0015e-11
4.4125e-11,4.7903e-11,5.1483e-11
4.3527e-11,5.5899e-11,6.258e-11
1.9987e-10,2.4321e-10,6.0246e-11
2.9139e-11,3.9249e-11,4.6797e-11
1.7327e-10,1.8823e-10,7.0909e-11
4.2813e-11,7.7188e-11,7.973e-11
3.1996e-11,5.5005e-11,6.0607e-11
1.5915e-11,3.6795e-11,3.7563e-11
8.2052e-12,3.3439e-11,3.4365e-11
1.9403e-11,3.5677e-11,3.4702e-11
1.1086e-11,3.4822e-11,4.3463e-11
1.831e-11,3.7421e-11,3.789e-11
1.239e-11,4.1855e-11,4.2122e-11
1.6564e-11,3.2344e-11,3.5181e-11
1.7129e-10,1.4421e-10,8.3177e-11
4.3199e-11,3.3456e-11,5.0153e-11
3.8091e-11,3.0469e-11,4.2671e-11
1.948e-10,2.3797e-10,6.2133e-11
4.2534e-11,3.5703e-11,4.3158e-11
3.0272e-11,3.2779e-11,3.7141e-11
2.6179e-11,2.9234e-11,3.4521e-11
1.9404e-11,3.3896e-11,2.9767e-11
3.9723e-11,7.9304e-11,7.8832e-11
2.3307e-11,3.8605e-11,4.2297e-11
1.9987e-11,2.8567e-11,3.3343e-11
2.1844e-11,4.3817e-11,4.2017e-11
1.9214e-11,3.3637e-11,3.3649e-11
1.0866e-11,3.4636e-11,3.2159e-11
2.2101e-11,9.4749e-11,7.5535e-11
1.0825e-11,3.2913e-11,4.2868e-11
6.7832e-12,3.0405e-11,3.2044e-11
1.4526e-11,3.4347e-11,3.8178e-11
1.7949e-11,3.0418e-11,3.2417e-11
7.4641e-11,4.7878e-11,8.1393e-11
5.7757e-11,4.2879e-11,5.9867e-11
5.5315e-11,5.9055e-11,8.094e-11
4.9334e-11,6.1912e-11,7.2182e-11
3.3341e-11,4.5955e-11,3.3301e-11
3.0341e-11,2.7711e-11,3.4719e-11
2.4292e-11,2.649e-11,3.2044e-11
2.5097e-11,2.7687e-11,3.2999e-11
1.722e-10,2.0778e-10,5.3466e-11
2.7152e-11,4.6204e-11,5.4151e-11
4.0122e-11,8.3062e-11,8.1487e-11
2.2255e-11,3.7041e-11,4.1259e-11
1.6422e-11,3.9808e-11,3.5987e-11
2.1439e-11,3.2627e-11,4.4254e-11
1.949e-11,2.7405e-11,3.2811e-11
2.3028e-11,6.5828e-11,5.8706e-11
1.4345e-11,3.1553e-11,3.2878e-11
1.5812e-11,3.4747e-11,3.2256e-11
1.4769e-11,3.7907e-11,3.8053e-11
1.228e-11,3.0442e-11,3.1841e-11
1.9526e-11,3.4128e-11,3.3181e-11
1.1162e-11,2.8303e-11,3.1275e-11
1.3535e-11,3.1555e-11,3.4322e-11
1.8172e-10,1.4914e-10,8.046e-11
6.1109e-11,2.1428e-11,5.6862e-11
6.3003e-11,5.3993e-11,7.7445e-11
5.7695e-11,2.3095e-11,4.9199e-11
1.4928e-10,1.3708e-10,7.619e-11
1.5817e-10,1.4526e-10,7.1816e-11
5.2731e-11,7.8444e-11,8.2407e-11
3.7124e-11,2.1134e-11,3.6679e-11
3.4258e-11,3.1868e-11,3.7622e-11
4.183e-11,2.5898e-11,3.7275e-11
2.5642e-11,3.8451e-11,3.8041e-11
1.9728e-11,3.1321e-11,3.6195e-11
2.44e-11,4.0211e-11,4.578e-11
1.7167e-11,3.5598e-11,3.0713e-11
1.4526e-11,5.1427e-11,4.7901e-11
1.4295e-11,5.5942e-11,5.1041e-11
2.156e-11,3.0871e-11,3.3165e-11
1.974e-11,2.827e-11,3.4288e-11
1.6834e-10,9.5278e-11,8.9042e-11
7.5796e-11,2.9996e-11,6.6355e-11
1.544e-10,1.142e-10,9.285e-11
1.8955e-10,1.1994e-10,8.9911e-11
2.2946e-10,1.5554e-10,9.4394e-11
1.4652e-10,1.2212e-10,7.5137e-11
2.0686e-10,1.7376e-10,7.3504e-11
5.6543e-11,3.2355e-11,4.8888e-11
1.6986e-10,1.455e-10,7.4377e-11
4.1263e-11,3.4453e-11,3.6948e-11
5.0167e-11,6.8718e-11,7.6333e-11
1.807e-10,2.1016e-10,4.0959e-11
2.8511e-11,4.2275e-11,3.1974e-11
3.4616e-11,4.3769e-11,5.3153e-11
3.3508e-11,4.0635e-11,3.7122e-11
2.708e-11,2.5011e-11,3.1563e-11
2.172e-11,3.7962e-11,3.3799e-11
2.3115e-11,3.5699e-11,3.0118e-11
1.8065e-10,1.9271e-10,4.1449e-11
2.1037e-11,3.7435e-11,3.3914e-11
1.5249e-10,1.607e-10,5.8759e-11
3.905e-11,7.4491e-11,7.771e-11
1.6008e-11,3.4682e-11,2.9157e-11
3.1256e-11,5.7436e-11,5.6372e-11
1.1781e-11,2.9901e-11,2.9471e-11
1.7145e-11,3.1038e-11,3.3831e-11
1.8448e-11,3.1118e-11,3.102e-11
9.6782e-11,2.2843e-11,7.1555e-11
9.2428e-11,1.9601e-11,7.2461e-11
9.0008e-11,3.469e-11,7.468e-11
7.4895e-11,3.2914e-11,6.2008e-11
2.4619e-10,1.7146e-10,8.9603e-11
1.1965e-10,9.0814e-11,6.5442e-11
6.1384e-11,5.4161e-11,6.8712e-11
6.5393e-11,3.0663e-11,5.2843e-11
5.859e-11,1.9929e-11,4.7725e-11
5.5893e-11,2.6921e-11,4.7874e-11
6.0711e-11,3.5678e-11,5.203e-11
4.2074e-11,2.9976e-11,3.6961e-11
3.4743e-11,2.1926e-11,3.1124e-11
1.6672e-10,1.8414e-10,3.9261e-11
4.0899e-11,8.517e-11,8.2511e-11
2.0012e-11,3.1695e-11,3.4048e-11
1.1739e-11,2.8459e-11,3.0497e-11
1.7771e-11,2.858e-11,3.3764e-11
1.6214e-11,3.1373e-11,3.4115e-11
9.4446e-11,2.0239e-11,7.244e-11
8.1437e-11,3.96e-11,7.1533e-11
6.8049e-11,5.8852e-11,8.3017e-11
6.4728e-11,3.3215e-11,5.693e-11
1.2873e-10,1.1331e-10,7.1295e-11
1.7179e-10,1.6297e-10,7.1509e-11
5.8619e-11,2.689e-11,5.007e-11
5.7523e-11,5.9022e-11,6.6255e-11
2.0154e-10,1.9885e-10,5.1325e-11
1.8377e-10,1.6008e-10,6.0105e-11
5.0596e-11,4.0554e-11,4.0579e-11
3.4639e-11,2.9399e-11,3.5059e-11
3.9642e-11,5.66e-11,6.4823e-11
1.7539e-10,1.6505e-10,5.3009e-11
3.1986e-11,4.0664e-11,5.1462e-11
3.1728e-11,3.4219e-11,3.4066e-11
1.4103e-10,1.4911e-10,5.6819e-11
2.9447e-11,3.1411e-11,2.7133e-11
2.0283e-11,3.1336e-11,2.8287e-11
1.4256e-10,1.5359e-10,5.5156e-11
4.8395e-11,8.199e-11,8.5164e-11
1.6616e-11,2.8187e-11,3.4705e-11
2.4108e-11,2.6554e-11,2.6184e-11
2.7805e-11,3.5195e-11,3.1574e-11
2.5977e-11,3.7789e-11,3.9195e-11
1.7309e-11,3.1093e-11,2.9528e-11
1.8627e-11,2.4592e-11,3.0496e-11
1.6917e-11,3.0676e-11,2.8151e-11
3.726e-11,9.7906e-11,8.3816e-11
1.8874e-11,4.9199e-11,4.9138e-11
1.4378e-11,2.9168e-11,2.9887e-11
1.3199e-11,4.1387e-11,3.9356e-11
2.0795e-11,2.707e-11,3.1232e-11
2.2545e-11,2.5868e-11,3.4652e-11
9.8134e-11,3.2059e-11,6.5584e-11
9.1703e-11,3.1065e-11,6.2975e-11
9.175e-11,3.5625e-11,7.4301e-11
7.4982e-11,3.4643e-11,6.8911e-11
6.5542e-11,3.2974e-11,6.936e-11
6.5641e-11,4.3792e-11,3.5346e-11
4.4635e-11,2.221e-11,4.2002e-11
5.2569e-11,5.2525e-11,6.5793e-11
3.8643e-11,1.92e-11,3.7278e-11
1.3645e-10,1.2427e-10,7.0486e-11
4.886e-11,5.377e-11,6.705e-11
4.1706e-11,5.1573e-11,5.9731e-11
3.0254e-11,3.8634e-11,4.5387e-11
3.2759e-11,3.9716e-11,3.8674e-11
3.2213e-11,1.8498e-11,3.3819e-11
2.7335e-11,3.3397e-11,3.1495e-11
2.7565e-11,2.2998e-11,3.0723e-11
1.7534e-10,1.7749e-10,3.7527e-11
2.9239e-11,3.3655e-11,2.7574e-11
2.619e-11,1.7497e-11,2.8889e-11
2.1375e-11,3.3297e-11,2.8721e-11
1.6315e-10,1.8918e-10,3.3921e-11
2.2955e-11,2.5734e-11,3.7004e-11
4.0287e-11,7.9973e-11,7.5789e-11
1.4812e-11,2.946e-11,3.0345e-11
1.4897e-11,2.527e-11,3.0669e-11
1.1137e-11,2.4337e-11,2.9236e-11
1.9906e-11,3.2363e-11,2.9782e-11
1.1804e-11,2.734e-11,3.066e-11
1.8553e-11,3.1899e-11,3.1423e-11
2.3702e-11,5.3261e-11,4.6536e-11
1.2335e-11,2.3708e-11,3.0095e-11
1.528e-11,3.3558e-11,3.7652e-11
9.4034e-12,2.9789e-11,2.8507e-11
8.581e-11,3.8162e-11,7.4332e-11
1.1356e-10,9.0042e-11,7.9186e-11
7.9897e-11,4.1705e-11,7.8402e-11
8.7868e-11,7.8163e-11,6.3643e-11
5.0233e-11,4.3049e-11,6.1113e-11
5.8193e-11,5.5382e-11,7.2703e-11
6.1409e-11,4.1499e-11,3.7501e-11
7.081e-11,5.1262e-11,3.2687e-11
6.928e-11,4.277e-11,4.153e-11
2.0954e-10,1.542e-10,6.8615e-11
3.9362e-11,3.8534e-11,4.3236e-11
4.7964e-11,2.361e-11,4.1961e-11
3.9771e-11,2.1845e-11,3.9549e-11
2.3536e-11,3.3511e-11,2.9608e-11
2.7201e-11,3.1286e-11,2.6503e-11
2.396e-11,1.8033e-11,2.6921e-11
3.6312e-11,2.7253e-11,3.4739e-11
2.2768e-11,3.6043e-11,4.2291e-11
2.1744e-11,3.2469e-11,3.8608e-11
1.6179e-11,2.6357e-11,2.7748e-11
1.0521e-11,3.0228e-11,2.5852e-11
1.8111e-11,2.8738e-11,2.5974e-11
2.7296e-11,6.5673e-11,6.0438e-11
1.1734e-11,2.5404e-11,2.7492e-11
2.3664e-11,4.948e-11,4.4259e-11
2.698e-11,6.6998e-11,5.7516e-11
1.0352e-11,3.3069e-11,3.4851e-11
1.7647e-11,3.3491e-11,3.7321e-11
1.8495e-11,3.9645e-11,4.2033e-11
1.3407e-11,2.3582e-11,2.9166e-11
9.0968e-11,4.4407e-11,7.3895e-11
8.6008e-11,7.7838e-11,7.127e-11
1.0167e-10,7.7552e-11,7.0333e-11
7.112e-11,3.2534e-11,6.5897e-11
2.6927e-10,1.4475e-10,1.2013e-10
6.9436e-11,5.6112e-11,8.0912e-11
6.4917e-11,4.7218e-11,7.71e-11
4.2967e-11,2.5352e-11,3.826e-11
1.9826e-10,1.8395e-10,7.2455e-11
4.5298e-11,2.4091e-11,3.9496e-11
3.4676e-11,3.3611e-11,3.9604e-11
3.7814e-11,2.3435e-11,3.4765e-11
2.9698e-11,3.3978e-11,3.1957e-11
2.8821e-11,3.3418e-11,3.174e-11
1.4802e-10,1.1295e-10,5.9646e-11
2.3106e-11,2.1712e-11,2.9827e-11
1.6468e-10,1.8061e-10,3.8646e-11
3.3417e-11,5.2017e-11,5.8501e-11
2.5468e-11,3.5729e-11,4.3293e-11
5.2267e-11,7.8176e-11,8.107e-11
2.6553e-11,3.8392e-11,4.3221e-11
3.7006e-11,6.3438e-11,6.7593e-11
2.3493e-11,3.0408e-11,2.7126e-11
2.3549e-11,2.9423e-11,2.7012e-11
1.5161e-11,2.3195e-11,3.0574e-11
1.8748e-11,2.2325e-11,2.8992e-11
1.3676e-11,2.2882e-11,2.8546e-11
2.6062e-11,4.7776e-11,4.9208e-11
2.8715e-11,6.6338e-11,6.1823e-11
3.1095e-11,7.5751e-11,6.5544e-11
7.7217e-12,2.6635e-11,2.77e-11
8.2345e-12,2.5862e-11,2.7837e-11
1.7446e-11,4.3285e-11,4.2562e-11
9.0507e-12,2.8581e-11,3.1958e-11
9.3285e-11,3.8032e-11,6.511e-11
7.7352e-11,3.6428e-11,6.9082e-11
7.665e-11,3.13e-11,6.4043e-11
2.0747e-10,9.8124e-11,1.1518e-10
7.3614e-11,3.7596e-11,7.616e-11
6.9543e-11,3.0698e-11,5.3261e-11
2.3253e-10,1.8864e-10,1.2156e-10
1.9715e-10,1.561e-10,6.4901e-11
2.1775e-10,1.8147e-10,9.2838e-11
2.1576e-10,1.8435e-10,8.3947e-11
4.5767e-11,2.7322e-11,4.282e-11
1.9577e-10,1.9413e-10,7.5969e-11
1.0868e-10,1.0266e-10,5.878e-11
3.3362e-11,1.8815e-11,3.7093e-11
3.4493e-11,2.1455e-11,3.4589e-11
3.8866e-11,3.7034e-11,4.6827e-11
3.0394e-11,1.9154e-11,3.1487e-11
1.6813e-10,2.0246e-10,4.6792e-11
3.0652e-11,3.6129e-11,3.6498e-11
9.9751e-11,6.2828e-11,3.3329e-11
1.2154e-10,8.1117e-11,5.214e-11
2.9562e-11,4.2326e-11,4.8691e-11
1.3703e-10,1.0807e-10,5.7678e-11
1.5552e-10,1.1714e-10,6.9162e-11
3.2692e-11,4.9157e-11,5.6777e-11
1.644e-10,1.8481e-10,3.3767e-11
1.2802e-10,9.5466e-11,5.4269e-11
1.716e-10,1.8688e-10,3.9017e-11
1.5344e-10,1.4699e-10,4.8516e-11
1.4112e-11,2.2352e-11,2.8816e-11
1.7962e-11,3.099e-11,3.3237e-11
1.6369e-11,2.3488e-11,2.9279e-11
3.809e-11,3.5801e-11,4.473e-11
5.8663e-11,9.8379e-11,8.3256e-11
4.5769e-11,9.2573e-11,7.5996e-11
1.2142e-11,2.473e-11,2.9675e-11
1.7822e-11,2.4547e-11,2.5992e-11
1.4696e-11,2.3036e-11,2.6642e-11
2.2601e-11,2.3995e-11,3.3025e-11
2.6341e-11,2.7846e-11,3.7907e-11
2.242e-11,4.3662e-11,4.5617e-11
8.0327e-12,2.5215e-11,2.5961e-11
1.2375e-11,2.6081e-11,2.7031e-11
7.1301e-11,4.2829e-11,4.7695e-11
6.5544e-11,4.2061e-11,4.772e-11
6.4529e-11,4.8845e-11,7.557e-11
6.5656e-11,4.9491e-11,7.4949e-11
5.5464e-11,2.7718e-11,5.0696e-11
5.1122e-11,2.3604e-11,4.1696e-11
5.2954e-11,2.5023e-11,4.1169e-11
6.8394e-11,5.4683e-11,2.9531e-11
1.8294e-10,1.935e-10,4.8024e-11
1.3948e-10,8.6397e-11,5.5275e-11
7.5355e-11,5.0509e-11,3.1872e-11
4.2841e-11,2.3924e-11,3.4276e-11
3.7665e-11,3.0184e-11,3.52e-11
9.4004e-11,7.7358e-11,5.1052e-11
4.7966e-11,2.5358e-11,3.8926e-11
8.2404e-11,5.4136e-11,2.9368e-11
1.14e-10,1.1249e-10,6.2772e-11
1.6184e-10,1.5451e-10,5.134e-11
5.015e-11,2.8841e-11,3.3472e-11
1.061e-10,8.2886e-11,5.4526e-11
1.533e-10,1.5213e-10,4.5668e-11
2.6366e-11,2.0868e-11,2.6352e-11
1.4496e-10,1.4375e-10,4.5484e-11
1.835e-11,2.7702e-11,3.5911e-11
2.3274e-11,1.8116e-11,2.9128e-11
4.8983e-11,7.4527e-11,7.6997e-11
2.7251e-11,2.4767e-11,2.5412e-11
4.2943e-11,6.8018e-11,7.081e-11
1.4006e-10,1.201e-10,4.9853e-11
1.4959e-10,1.4388e-10,4.9962e-11
3.2743e-11,6.3913e-11,5.7763e-11
2.3148e-11,4.4526e-11,4.1663e-11
1.8018e-11,2.4982e-11,2.8908e-11
1.6014e-11,2.7577e-11,2.7775e-11
3.5995e-11,7.8339e-11,6.4635e-11
1.514e-11,2.4772e-11,3.1678e-11
2.9426e-11,4.7803e-11,4.4372e-11
1.3894e-11,3.198e-11,2.7167e-11
8.9871e-11,4.3179e-11,6.0698e-11
2.2847e-10,1.1751e-10,1.2314e-10
5.9311e-11,2.0476e-11,4.9776e-11
6.032e-11,3.7204e-11,6.8383e-11
5.5452e-11,2.2308e-11,4.5697e-11
1.291e-10,9.8033e-11,6.8233e-11
2.3625e-10,1.8014e-10,1.3035e-10
4.8403e-11,2.1896e-11,4.2842e-11
8.5786e-11,8.1684e-11,5.7248e-11
4.5252e-11,1.9961e-11,4.107e-11
1.3603e-10,1.0614e-10,5.5127e-11
1.044e-10,9.7283e-11,5.6809e-11
7.373e-11,5.116e-11,3.1251e-11
3.5749e-11,2.8332e-11,3.3769e-11
3.2499e-11,3.019e-11,4.343e-11
1.3578e-10,1.3275e-10,6.3665e-11
1.6198e-10,1.9007e-10,3.7119e-11
3.6377e-11,2.1155e-11,2.7674e-11
1.5108e-10,1.5585e-10,5.7499e-11
9.7338e-11,6.1431e-11,4.0725e-11
1.2807e-10,1.0771e-10,7.3126e-11
3.5417e-11,5.3808e-11,5.577e-11
2.392e-11,2.2978e-11,2.3886e-11
1.7059e-11,2.8688e-11,2.4867e-11
1.7623e-11,2.1071e-11,2.4177e-11
4.9814e-11,8.3112e-11,6.8669e-11
3.3965e-11,6.26e-11,5.3749e-11
1.1891e-11,2.2803e-11,2.9993e-11
2.8414e-11,5.6338e-11,4.8666e-11
1.7734e-11,2.0757e-11,2.5345e-11
1.1753e-11,2.0566e-11,2.6182e-11
2.3936e-11,2.6185e-11,3.7828e-11
1.5023e-11,2.5139e-11,2.9896e-11
2.0407e-10,1.1401e-10,1.2006e-10
7.1993e-11,5.8912e-11,4.8019e-11
6.2731e-11,4.0981e-11,7.056e-11
6.0192e-11,4.1135e-11,4.3256e-11
5.362e-11,2.5244e-11,4.9763e-11
4.9235e-11,2.0053e-11,4.5983e-11
6.1244e-11,2.101e-11,4.5181e-11
5.9078e-11,6.0563e-11,7.0146e-11
1.2046e-10,1.0591e-10,5.422e-11
4.2682e-11,3.1921e-11,3.8185e-11
1.1851e-10,1.1119e-10,5.5995e-11
1.2073e-10,1.186e-10,5.9453e-11
3.3788e-11,2.1335e-11,3.2947e-11
1.0694e-10,8.102e-11,4.9745e-11
4.6977e-11,3.0138e-11,3.0396e-11
4.3448e-11,2.9909e-11,3.0765e-11
2.2618e-11,2.1687e-11,2.8253e-11
5.8043e-11,3.5899e-11,3e-11
9.0118e-11,6.0668e-11,3.8751e-11
3.7469e-11,5.0801e-11,5.8859e-11
2.1755e-11,2.6599e-11,3.6426e-11
1.2125e-10,1.4581e-10,4.3732e-11
2.1933e-11,1.8942e-11,2.418e-11
2.7253e-11,2.0483e-11,2.3928e-11
1.5255e-10,1.4439e-10,2.8602e-11
2.0127e-11,3.3101e-11,2.4187e-11
1.5134e-11,2.8067e-11,2.3443e-11
1.933e-11,2.5157e-11,2.6282e-11
1.4098e-10,1.2252e-10,5.763e-11
5.5272e-11,9.2932e-11,7.8468e-11
1.5482e-11,2.3326e-11,2.4012e-11
1.4398e-11,2.3437e-11,2.4028e-11
1.3018e-11,2.6203e-11,2.7697e-11
4.121e-11,6.6555e-11,5.7275e-11
3.1991e-11,6.2912e-11,5.1696e-11
1.869e-11,1.9352e-11,2.5877e-11
1.0271e-11,2.1377e-11,2.5673e-11
8.7522e-11,5.2062e-11,6.4035e-11
6.7091e-11,3.6518e-11,6.7012e-11
9.5134e-11,7.7551e-11,5.8969e-11
9.3591e-11,6.7963e-11,6.9091e-11
1.2947e-10,9.507e-11,6.699e-11
5.9733e-11,2.9029e-11,5.0872e-11
2.4236e-10,1.424e-10,1.22e-10
4.2204e-11,2.1989e-11,4.1105e-11
1.9308e-10,1.716e-10,6.3688e-11
4.125e-11,2.6155e-11,3.6647e-11
8.265e-11,6.9862e-11,4.5172e-11
8.1946e-11,5.6056e-11,3.5618e-11
1.0433e-10,9.047e-11,5.2169e-11
3.6613e-11,1.9567e-11,3.2241e-11
1.6179e-10,1.8379e-10,4.2095e-11
4.2281e-11,4.3673e-11,5.6353e-11
5.6873e-11,7.1367e-11,8.1031e-11
7.3042e-11,3.8578e-11,3.2281e-11
7.745e-11,4.0638e-11,2.8025e-11
2.3811e-11,2.1575e-11,2.3953e-11
2.8517e-11,1.6592e-11,2.6407e-11
1.6764e-11,2.6589e-11,3.2276e-11
1.1633e-10,7.5546e-11,3.2206e-11
2.0493e-11,1.8478e-11,2.3852e-11
2.7673e-11,2.1863e-11,2.2947e-11
3.0353e-11,2.5292e-11,2.5987e-11
1.9328e-11,3.3399e-11,3.4787e-11
1.781e-11,2.2874e-11,2.692e-11
1.4726e-11,1.8455e-11,2.2425e-11
1.3254e-11,2.2807e-11,2.7968e-11
1.0788e-11,2.3183e-11,2.7183e-11
1.746e-11,2.5878e-11,3.3711e-11
1.2997e-10,6.4212e-11,9.9598e-11
1.235e-10,5.8527e-11,9.7613e-11
1.1397e-10,6.1643e-11,9.1486e-11
9.8521e-11,4.0718e-11,7.9482e-11
8.8197e-11,5.6427e-11,6.8204e-11
8.4105e-11,5.5052e-11,6.7089e-11
8.6054e-11,4.079e-11,5.9721e-11
1.931e-10,9.0259e-11,1.1519e-10
8.2453e-11,5.3102e-11,6.0952e-11
7.4717e-11,5.0593e-11,6.0951e-11
6.8862e-11,5.7355e-11,5.0044e-11
6.53e-11,3.4112e-11,5.2881e-11
6.1896e-11,4.7624e-11,5.0634e-11
5.0111e-11,3.3252e-11,4.8192e-11
6.5098e-11,5.6516e-11,7.6862e-11
4.5012e-11,3.6577e-11,5.3444e-11
4.4366e-11,2.3289e-11,4.7115e-11
4.5264e-11,1.9919e-11,4.4969e-11
5.6282e-11,5.7602e-11,6.6333e-11
3.7825e-11,2.2466e-11,3.6288e-11
6.9363e-11,5.6843e-11,3.784e-11
1.0366e-10,7.4913e-11,5.193e-11
1.7236e-10,1.3645e-10,4.8973e-11
1.5234e-10,1.7906e-10,3.5062e-11
4.8605e-11,5.9142e-11,6.7748e-11
3.5042e-11,4.5685e-11,5.4231e-11
3.301e-11,2.0492e-11,2.5329e-11
3.0187e-11,2.0946e-11,2.7316e-11
5.8763e-11,3.7208e-11,2.6702e-11
2.1984e-11,2.1431e-11,2.3968e-11
1.3762e-11,2.4225e-11,2.939e-11
1.7518e-11,2.9455e-11,2.6662e-11
1.3916e-11,1.9703e-11,2.6804e-11
1.2265e-11,2.7967e-11,2.6844e-11
3.2722e-11,6.6602e-11,5.2484e-11
1.578e-11,2.3835e-11,3.4889e-11
9.7264e-12,2.4592e-11,2.6631e-11
9.2625e-12,2.1107e-11,2.6364e-11
9.8254e-11,4.1813e-11,7.6848e-11
8.7701e-11,5.707e-11,7.554e-11
8.7904e-11,3.5679e-11,6.9021e-11
8.38e-11,4.6216e-11,7.0556e-11
7.2905e-11,5.4728e-11,5.7361e-11
7.8585e-11,2.9749e-11,6.1156e-11
7.3348e-11,3.6392e-11,5.5293e-11
6.1031e-11,5.8961e-11,5.4855e-11
6.6542e-11,3.6808e-11,7.1557e-11
6.7351e-11,3.3008e-11,6.5472e-11
6.303e-11,5.9757e-11,4.2698e-11
1.6859e-10,9.8061e-11,8.311e-11
5.9624e-11,2.8092e-11,5.3798e-11
1.7512e-10,1.2687e-10,7.6015e-11
5.3269e-11,1.8915e-11,4.0522e-11
4.7385e-11,5.0125e-11,6.2262e-11
4.1029e-11,2.6556e-11,3.2223e-11
1.1056e-10,8.8733e-11,5.5672e-11
1.3768e-10,1.3451e-10,4.2133e-11
3.6245e-11,2.1626e-11,2.3758e-11
1.8691e-11,2.0425e-11,2.7503e-11
3.5746e-11,2.184e-11,2.3043e-11
4.9969e-11,3.6473e-11,2.8563e-11
1.7247e-11,2.0703e-11,2.3413e-11
1.315e-10,1.1974e-10,4.4654e-11
3.3196e-11,4.4425e-11,4.3194e-11
1.3182e-10,9.2293e-11,5.068e-11
5.8676e-11,9.2213e-11,7.4057e-11
2.7078e-11,2.7931e-11,2.9198e-11
1.8157e-11,1.8708e-11,2.3123e-11
3.5759e-11,5.6733e-11,4.5672e-11
1.6887e-11,2.0843e-11,2.8594e-11
2.2485e-11,2.6575e-11,2.3849e-11
1.8658e-11,3.1295e-11,2.937e-11
1.0245e-11,2.0631e-11,2.5103e-11
2.2426e-11,2.7007e-11,3.2418e-11
1.2199e-10,4.7896e-11,9.9492e-11
1.24e-10,5.9825e-11,1.0235e-10
1.1848e-10,5.4858e-11,9.4015e-11
1.002e-10,5.0639e-11,8.0561e-11
9.8275e-11,5.2748e-11,7.9098e-11
8.7531e-11,4.6495e-11,7.836e-11
7.9295e-11,4.1219e-11,5.4213e-11
1.3204e-10,8.0556e-11,8.53e-11
6.0468e-11,3.0941e-11,5.1752e-11
5.7549e-11,2.745e-11,5.2545e-11
6.7766e-11,5.8117e-11,8.2417e-11
6.7834e-11,5.2701e-11,4.9996e-11
1.6489e-10,1.0312e-10,6.6886e-11
1.9836e-10,1.3949e-10,7.6337e-11
3.8842e-11,3.1719e-11,4.7602e-11
2.8731e-11,2.4846e-11,3.5738e-11
5.0952e-11,5.3076e-11,6.4425e-11
2.7115e-11,2.3783e-11,3.4207e-11
4.9368e-11,5.1714e-11,6.3938e-11
2.6233e-11,2.6086e-11,2.7113e-11
3.2161e-11,2.1131e-11,2.7817e-11
1.3283e-10,9.1802e-11,4.5658e-11
6.4562e-11,3.8885e-11,2.9235e-11
1.2129e-10,1.2782e-10,3.6489e-11
3.9594e-11,3.0014e-11,2.4145e-11
3.4261e-11,4.446e-11,4.6797e-11
1.241e-10,8.6336e-11,4.1807e-11
1.2453e-11,2.3067e-11,2.3963e-11
1.5198e-11,2.5659e-11,2.9239e-11
1.7153e-11,2.1533e-11,2.7299e-11
1.2348e-10,5.704e-11,9.9289e-11
9.616e-11,4.7536e-11,7.5006e-11
1.1231e-10,5.43e-11,9.2562e-11
8.7914e-11,3.9374e-11,6.5346e-11
8.1249e-11,3.5263e-11,6.2064e-11
1.0019e-10,5.6729e-11,7.8842e-11
8.3335e-11,4.4577e-11,7.0483e-11
7.959e-11,2.901e-11,5.9414e-11
7.7267e-11,3.0719e-11,5.6997e-11
6.7443e-11,4.7986e-11,5.7538e-11
7.9418e-11,6.4521e-11,5.8039e-11
1.7932e-10,8.3901e-11,1.1214e-10
5.7559e-11,3.3953e-11,4.7887e-11
6.4875e-11,4.1424e-11,4.1407e-11
5.2928e-11,3.9576e-11,4.0755e-11
4.9816e-11,3.7055e-11,3.2647e-11
4.6754e-11,2.9114e-11,5.326e-11
4.8938e-11,1.8169e-11,3.7757e-11
4.5138e-11,1.849e-11,4.6276e-11
9.7167e-11,7.489e-11,4.6924e-11
1.3332e-10,9.1772e-11,6.5439e-11
6.2992e-11,5.868e-11,7.0305e-11
8.4916e-11,1.108e-10,4.9416e-11
3.3169e-11,1.9413e-11,3.2215e-11
3.6201e-11,2.3364e-11,3.5625e-11
9.7653e-11,7.8855e-11,4.4353e-11
9.7122e-11,7.4602e-11,4.2714e-11
9.7482e-11,8.0936e-11,5.4289e-11
1.1725e-10,8.1324e-11,4.267e-11
7.2693e-11,5.4306e-11,3.2894e-11
3.1926e-11,3.6227e-11,4.4941e-11
2.0274e-11,2.0708e-11,2.6705e-11
1.183e-10,8.174e-11,5.5028e-11
2.1369e-11,2.4945e-11,2.3574e-11
2.0329e-11,2.3185e-11,2.6863e-11
2.7549e-11,1.6359e-11,2.6279e-11
4.1228e-11,2.7932e-11,2.1111e-11
3.8888e-11,2.7195e-11,2.14e-11
1.7299e-11,2.3008e-11,2.6793e-11
1.6809e-11,2.1959e-11,2.4749e-11
8.3785e-11,6.4856e-11,4.1461e-11
3.3955e-11,2.1662e-11,2.756e-11
1.4956e-10,1.351e-10,2.8954e-11
1.3129e-10,1.1411e-10,3.8892e-11
2.1803e-11,2.0937e-11,2.3405e-11
5.8273e-11,8.6148e-11,6.7334e-11
1.9804e-11,2.3558e-11,2.4248e-11
1.2761e-10,8.6448e-11,3.9065e-11
2.0347e-11,2.2489e-11,2.5492e-11
3.2856e-11,5.7439e-11,4.6202e-11
1.654e-11,2.1875e-11,3.6616e-11
1.8383e-11,3.2346e-11,4.4337e-11
2.7052e-11,2.3756e-11,2.6687e-11
1.0965e-10,4.8168e-11,9.4098e-11
1.0571e-10,5.6381e-11,8.7102e-11
7.8829e-11,2.8804e-11,6.0799e-11
1.5358e-10,8.2339e-11,1.0868e-10
6.9312e-11,3.6703e-11,5.2122e-11
7.2102e-11,4.7745e-11,6.194e-11
5.8611e-11,3.2778e-11,4.887e-11
1.7756e-10,9.074e-11,8.3126e-11
1.6465e-10,9.9496e-11,6.8151e-11
5.1215e-11,4.1756e-11,3.6723e-11
8.1339e-11,6.4053e-11,5.2598e-11
1.9628e-10,1.2732e-10,9.8133e-11
3.22e-11,1.5693e-11,3.0361e-11
4.8625e-11,3.8866e-11,3.0957e-11
5.7268e-11,4.2175e-11,2.6471e-11
7.0845e-11,5.4694e-11,3.152e-11
3.7383e-11,3.7082e-11,4.9806e-11
2.3419e-11,1.9502e-11,2.7847e-11
2.9819e-11,1.9367e-11,2.6051e-11
2.1371e-11,2.2761e-11,2.6367e-11
8.2559e-11,5.5723e-11,3.0592e-11
1.2455e-10,1.3939e-10,4.0821e-11
1.427e-10,1.6036e-10,4.2243e-11
8.0851e-11,5.6491e-11,3.0201e-11
2.8757e-11,1.8563e-11,2.742e-11
1.4582e-10,1.4353e-10,2.8877e-11
2.008e-11,2.1295e-11,2.5165e-11
1.1737e-10,1.3007e-10,3.6875e-11
1.9383e-11,1.865e-11,2.1911e-11
1.5544e-10,1.5024e-10,2.7654e-11
9.6746e-11,5.0763e-11,2.4953e-11
1.4415e-11,2.1493e-11,2.4297e-11
3.4223e-11,2.3164e-11,2.8187e-11
1.3554e-10,1.3117e-10,3.4997e-11
1.3099e-10,1.1832e-10,4.4173e-11
1.2589e-10,9.1339e-11,4.3742e-11
1.2582e-11,2.6333e-11,2.9535e-11
2.9373e-11,2.0998e-11,2.6425e-11
2.2553e-11,2.1123e-11,2.8009e-11
1.6491e-11,2.3524e-11,3.155e-11
1.4534e-11,2.079e-11,3.0336e-11
8.8894e-12,1.8042e-11,2.187e-11
1.397e-11,2.1557e-11,3.0707e-11
1.1568e-10,4.9176e-11,9.8253e-11
9.1497e-11,4.7597e-11,7.5196e-11
8.5796e-11,3.1945e-11,6.6545e-11
8.6792e-11,4.8467e-11,7.6036e-11
8.5049e-11,4.4035e-11,8.1455e-11
1.4102e-10,6.9874e-11,1.0958e-10
9.1917e-11,5.5479e-11,6.8899e-11
1.65e-10,7.7904e-11,1.2324e-10
2.4021e-10,1.0241e-10,1.6699e-10
5.9094e-11,2.0694e-11,4.7901e-11
5.3095e-11,4.5403e-11,5.434e-11
1.2022e-10,9.3873e-11,5.5017e-11
3.74e-11,3.0763e-11,5.0063e-11
3.9126e-11,2.5158e-11,3.7486e-11
3.0149e-11,2.3791e-11,3.1377e-11
2.5637e-11,1.7458e-11,2.5049e-11
6.1167e-11,7.3103e-11,7.7091e-11
2.8715e-11,1.8402e-11,2.8572e-11
1.3763e-10,1.5801e-10,2.608e-11
1.6399e-10,1.6258e-10,2.4829e-11
1.0545e-10,9.2305e-11,3.8777e-11
3.4369e-11,3.648e-11,4.2889e-11
4.1328e-11,2.8409e-11,3.4381e-11
2.6571e-11,3.1375e-11,3.492e-11
2.3577e-11,2.347e-11,2.3041e-11
3.4107e-11,2.2362e-11,2.4349e-11
1.6499e-11,1.7927e-11,2.0886e-11
1.0335e-10,6.0368e-11,3.9715e-11
2.2482e-11,2.0257e-11,2.3167e-11
1.6263e-11,2.2659e-11,2.6742e-11
2.6659e-11,2.769e-11,3.2456e-11
2.1878e-11,3.4608e-11,2.9186e-11
1.6883e-11,2.6156e-11,2.4048e-11
1.2105e-10,4.5726e-11,1.1187e-10
9.7293e-11,4.4216e-11,7.6492e-11
8.3109e-11,4.0114e-11,6.259e-11
8.7458e-11,4.5787e-11,8.0356e-11
5.7855e-11,2.4322e-11,4.9968e-11
6.035e-11,2.61e-11,4.94e-11
6.5501e-11,3.9552e-11,8.5877e-11
6.3764e-11,3.1317e-11,5.6631e-11
4.7865e-11,3.7249e-11,4.0526e-11
7.4225e-11,4.8705e-11,5.4977e-11
5.6013e-11,2.9639e-11,5.6664e-11
5.7394e-11,2.018e-11,4.6102e-11
5.5948e-11,3.4772e-11,6.6183e-11
5.099e-11,4.1669e-11,3.7917e-11
6.6969e-11,5.8629e-11,7.1586e-11
3.7622e-11,3.5096e-11,4.371e-11
5.3793e-11,5.5422e-11,6.3859e-11
3.1266e-11,2.138e-11,3.1649e-11
4.5896e-11,3.8871e-11,2.8529e-11
1.4185e-10,1.259e-10,4.3101e-11
1.4691e-10,1.8494e-10,9.023e-11
2.2914e-11,2.3253e-11,2.9321e-11
2.9108e-11,2.3466e-11,2.5748e-11
2.9716e-11,2.0323e-11,2.7797e-11
6.4114e-11,4.3679e-11,2.6918e-11
8.3212e-11,5.9769e-11,2.8099e-11
8.8555e-11,6.0353e-11,2.9488e-11
1.0263e-10,8.435e-11,3.9042e-11
3.2075e-11,3.2929e-11,4.0737e-11
8.0047e-11,6.0056e-11,3.2006e-11
5.4363e-11,6.9794e-11,6.9657e-11
3.1534e-11,2.3201e-11,2.3418e-11
1.3592e-10,1.4184e-10,3.1648e-11
4.3341e-11,2.8823e-11,3.28e-11
7.9391e-11,4.8704e-11,2.1479e-11
1.6982e-11,1.8115e-11,2.4281e-11
5.8896e-11,3.1612e-11,2.7953e-11
1.5087e-10,1.4872e-10,3.2703e-11
2.5777e-11,2.4024e-11,2.5246e-11
2.7968e-11,2.2864e-11,2.442e-11
1.3161e-10,9.3311e-11,5.6749e-11
2.2737e-11,2.3483e-11,2.5627e-11
3.6079e-11,4.8231e-11,3.8419e-11
1.76e-11,2.258e-11,2.1956e-11
1.4184e-11,1.8991e-11,2.1375e-11
1.1322e-11,2.0191e-11,2.0914e-11
1.5672e-11,2.6501e-11,2.4485e-11
1.2569e-11,2.677e-11,2.5918e-11
3.4431e-11,2.2315e-11,2.5444e-11
1.9374e-11,1.7971e-11,2.5372e-11
3.0478e-11,2.5402e-11,2.7214e-11
7.2235e-11,4.6742e-11,6.0649e-11
7.651e-11,3.2202e-11,5.8695e-11
1.4112e-10,6.8017e-11,1.0788e-10
6.8109e-11,2.9494e-11,5.2585e-11
6.2458e-11,2.5265e-11,5.1647e-11
6.0849e-11,2.4421e-11,5.2308e-11
6.8414e-11,4.1485e-11,8.7399e-11
9.1791e-11,7.259e-11,6.0429e-11
5.1777e-11,2.67e-11,5.0793e-11
2.5953e-10,1.1065e-10,1.581e-10
2.6555e-10,1.2171e-10,1.676e-10
4.8246e-11,3.8562e-11,3.5818e-11
4.7761e-11,2.6628e-11,3.7608e-11
5.4579e-11,4.3687e-11,3.7056e-11
2.1759e-10,1.401e-10,1.2349e-10
6.3418e-11,5.5022e-11,6.7929e-11
4.123e-11,1.9728e-11,3.9148e-11
5.1935e-11,4.6466e-11,3.1939e-11
2.0287e-10,1.5155e-10,1.4003e-10
3.6546e-11,2.2309e-11,3.4387e-11
2.8645e-11,3.0086e-11,2.9816e-11
9.9267e-11,1.1328e-10,4.207e-11
4.4072e-11,3.8379e-11,5.2758e-11
2.801e-11,1.7679e-11,2.6736e-11
2.5727e-11,2.3538e-11,3.0469e-11
5.2714e-11,5.8817e-11,6.5103e-11
3.7349e-11,2.6682e-11,3.0163e-11
1.1384e-10,1.3217e-10,4.7432e-11
8.5007e-11,5.6296e-11,2.9468e-11
1.2781e-10,1.2811e-10,3.9142e-11
1.1223e-10,9.4288e-11,3.6879e-11
6.1024e-11,4.3841e-11,2.0475e-11
1.0721e-10,1.0588e-10,4.5057e-11
1.4056e-11,1.5724e-11,2.2008e-11
3.1592e-11,2.1601e-11,2.6458e-11
1.4568e-11,1.8608e-11,2.1906e-11
2.8499e-11,2.4581e-11,2.6711e-11
5.5784e-11,3.7183e-11,3.3184e-11
9.3431e-11,5.0956e-11,3.4143e-11
3.4898e-11,4.6406e-11,4.0334e-11
1.499e-11,1.8832e-11,2.4609e-11
1.3459e-11,2.5423e-11,2.4959e-11
1.8229e-11,2.3598e-11,2.2567e-11
2.7144e-11,1.7923e-11,2.4023e-11
4.6927e-11,6.9111e-11,4.7673e-11
1.9852e-11,1.7299e-11,2.3502e-11
1.8336e-11,2.4639e-11,2.8298e-11
1.7137e-11,2.2587e-11,2.4317e-11
1.2177e-10,3.864e-11,1.1648e-10
1.1768e-10,4.2875e-11,1.1077e-10
9.5699e-11,4.9501e-11,8.5207e-11
9.6004e-11,5.0215e-11,8.0945e-11
1.0184e-10,5.1735e-11,8.1768e-11
8.3504e-11,3.4038e-11,6.5592e-11
7.9176e-11,4.2454e-11,8.8505e-11
5.9222e-11,4.5326e-11,4.7092e-11
6.1343e-11,3.1082e-11,4.783e-11
2.068e-10,8.757e-11,1.4069e-10
2.5193e-10,9.7279e-11,1.7819e-10
4.8188e-11,3.5426e-11,4.076e-11
5.4934e-11,3.0412e-11,4.3895e-11
5.2707e-11,1.9874e-11,4.5707e-11
4.4537e-11,2.513e-11,5.0419e-11
4.1371e-11,2.5608e-11,5.4802e-11
6.399e-11,4.4992e-11,4.4275e-11
1.4621e-10,1.0378e-10,7.8852e-11
1.4671e-10,1.1296e-10,5.4912e-11
2.7423e-11,1.6839e-11,2.9025e-11
5.4642e-11,3.4066e-11,2.855e-11
5.8524e-11,3.361e-11,2.8187e-11
4.6502e-11,5.1313e-11,5.6109e-11
4.0767e-11,4.7818e-11,5.2061e-11
1.5172e-10,1.4406e-10,2.8815e-11
9.4503e-11,1.0653e-10,4.4268e-11
1.7786e-11,1.7716e-11,2.3623e-11
5.6903e-11,7.4537e-11,7.022e-11
1.1441e-10,1.2454e-10,4.1447e-11
5.0823e-11,2.9855e-11,2.6571e-11
1.4505e-10,1.3001e-10,2.5982e-11
1.1381e-10,1.0184e-10,4.7772e-11
1.3632e-10,1.2365e-10,2.3361e-11
9.1715e-11,5.455e-11,2.0844e-11
6.3273e-11,7.6191e-11,6.3053e-11
1.2325e-10,9.6713e-11,3.5696e-11
3.7288e-11,2.6502e-11,2.1725e-11
4.1006e-11,2.7652e-11,1.9631e-11
1.7054e-11,3.0092e-11,2.2927e-11
9.1336e-11,6.0903e-11,3.0876e-11
1.0368e-10,6.0379e-11,2.9193e-11
1.2299e-11,2.3088e-11,2.1322e-11
1.7686e-11,2.1619e-11,2.9275e-11
1.4024e-11,1.9557e-11,2.4414e-11
1.6024e-11,1.76e-11,2.331e-11
2.6663e-11,3.4889e-11,2.978e-11
1.3814e-11,2.3474e-11,2.9279e-11
9.5089e-12,1.5869e-11,2.078e-11
1.9933e-11,1.7438e-11,2.3867e-11
8.6823e-11,4.3452e-11,7.1624e-11
9.8713e-11,4.4913e-11,7.6073e-11
8.3708e-11,4.4002e-11,6.5991e-11
7.5777e-11,3.1144e-11,5.7777e-11
7.5766e-11,3.1537e-11,5.6955e-11
8.5105e-11,4.6546e-11,8.4634e-11
7.4054e-11,3.4466e-11,5.6422e-11
5.7422e-11,4.4159e-11,5.6104e-11
6.5647e-11,2.8693e-11,5.1493e-11
1.1111e-10,6.8144e-11,8.3563e-11
5.7203e-11,3.4389e-11,4.1853e-11
2.8736e-10,1.1488e-10,1.6857e-10
5.0069e-11,2.1948e-11,3.8309e-11
4.9734e-11,4.1469e-11,2.9593e-11
4.6044e-11,5.3683e-11,4.2262e-11
5.3007e-11,4.5401e-11,2.7727e-11
5.3176e-11,4.2247e-11,5.8632e-11
3.2816e-11,1.7943e-11,3.2314e-11
5.0252e-11,4.7201e-11,2.98e-11
6.2931e-11,6.2608e-11,3.8137e-11
2.7658e-11,2.6573e-11,3.0884e-11
2.7665e-11,2.6572e-11,2.9182e-11
2.6373e-11,1.7243e-11,2.7129e-11
1.2792e-10,1.1533e-10,4.0184e-11
1.4735e-10,1.6366e-10,5.0223e-11
2.2734e-11,1.4985e-11,2.6385e-11
1.2118e-10,1.4754e-10,5.1481e-11
5.1812e-11,3.4012e-11,2.831e-11
2.4956e-11,1.5761e-11,2.4989e-11
5.5554e-11,3.9937e-11,2.256e-11
4.3432e-11,3.035e-11,2.7294e-11
1.1258e-10,1.147e-10,3.022e-11
1.4776e-10,1.3925e-10,2.3634e-11
1.5274e-11,1.8225e-11,2.0971e-11
5.9034e-11,6.7363e-11,5.7863e-11
1.2248e-10,8.7148e-11,3.4043e-11
1.9137e-11,2.107e-11,2.5798e-11
1.1343e-10,3.8959e-11,1.1159e-10
8.7267e-11,4.1177e-11,7.3256e-11
1.1642e-10,4.7042e-11,1.0085e-10
1.2354e-10,5.6139e-11,9.2993e-11
1.1293e-10,6.0494e-11,9.7349e-11
7.2596e-11,5.2499e-11,7.0081e-11
7.8148e-11,3.5651e-11,6.5234e-11
7.0206e-11,3.8563e-11,8.2816e-11
5.5078e-11,2.9218e-11,4.8406e-11
5.6892e-11,3.3577e-11,4.7615e-11
5.8284e-11,2.7613e-11,4.9423e-11
5.4579e-11,3.6953e-11,3.6755e-11
4.4542e-11,3.2673e-11,3.4657e-11
6.0467e-11,4.2158e-11,6.9778e-11
1.5324e-10,9.1489e-11,6.5113e-11
3.6669e-11,1.4889e-11,3.343e-11
3.4694e-11,2.0819e-11,3.3605e-11
4.4356e-11,3.3549e-11,3.6002e-11
1.0042e-10,1.0403e-10,3.9463e-11
2.6223e-11,1.7586e-11,2.5581e-11
5.1096e-11,3.5283e-11,3.1053e-11
6.3085e-11,4.3895e-11,3.1075e-11
1.0656e-10,8.2599e-11,3.675e-11
5.9862e-11,6.9671e-11,6.9124e-11
2.9727e-11,2.7879e-11,2.6001e-11
4.9706e-11,5.9556e-11,5.4359e-11
2.1528e-11,1.9939e-11,2.4164e-11
1.2622e-10,1.1691e-10,2.2971e-11
7.0592e-11,4.0061e-11,2.743e-11
5.4631e-11,3.5042e-11,2.9797e-11
2.5385e-11,2.5452e-11,3.0617e-11
1.4172e-11,2.5329e-11,2.0765e-11
1.9262e-11,2.0815e-11,2.6265e-11
1.8503e-11,1.8573e-11,2.1521e-11
9.7051e-11,5.6191e-11,2.5496e-11
4.5698e-11,6.0571e-11,4.5165e-11
1.3183e-10,8.683e-11,4.6171e-11
3.068e-11,2.8007e-11,3.3698e-11
2.2989e-11,2.3095e-11,2.915e-11
9.9524e-12,1.9077e-11,2.4951e-11
9.4707e-11,4.0113e-11,8.0856e-11
1.3221e-10,5.2992e-11,1.1266e-10
7.5186e-11,4.0848e-11,6.2442e-11
1.0019e-10,6.858e-11,8.0381e-11
6.6511e-11,4.6577e-11,5.0483e-11
6.2879e-11,3.3804e-11,4.806e-11
5.7764e-11,2.5651e-11,4.8984e-11
5.3197e-11,3.1487e-11,6.1471e-11
5.1515e-11,2.5776e-11,4.3732e-11
1.204e-10,8.6719e-11,7.4193e-11
1.3418e-10,6.2888e-11,7.4965e-11
4.1462e-11,3.7886e-11,3.1319e-11
4.2094e-11,2.7635e-11,4.1301e-11
6.2671e-11,4.8804e-11,7.118e-11
4.1168e-11,2.7915e-11,4.2751e-11
2.1697e-10,1.0984e-10,8.3754e-11
1.3282e-10,1.005e-10,6.2761e-11
1.9192e-10,1.3969e-10,1.1551e-10
3.5315e-11,2.3322e-11,3.443e-11
2.8384e-11,1.7742e-11,2.9266e-11
3.2425e-11,2.4586e-11,2.8974e-11
2.7125e-11,1.792e-11,3.0829e-11
2.1966e-11,1.3712e-11,2.6865e-11
3.3889e-11,2.8971e-11,3.4097e-11
1.0242e-10,7.7862e-11,3.8966e-11
5.603e-11,6.5006e-11,6.379e-11
1.5677e-11,1.7123e-11,2.1439e-11
2.1102e-11,2.1233e-11,2.3017e-11
5.7128e-11,6.8139e-11,6.2611e-11
1.0804e-10,9.2634e-11,3.4085e-11
1.0904e-10,9.3819e-11,3.7211e-11
2.7375e-11,3.4383e-11,3.5601e-11
1.1144e-10,9.6288e-11,3.8433e-11
1.09e-10,7.9362e-11,3.8072e-11
3.2528e-11,4.0989e-11,3.9528e-11
7.6097e-11,4.1934e-11,3.1695e-11
1.1677e-10,8.3793e-11,2.9869e-11
1.488e-11,1.6739e-11,2.374e-11
8.9926e-11,5.171e-11,1.9368e-11
2.0682e-11,1.9444e-11,2.4891e-11
2.4323e-11,2.6426e-11,2.3029e-11
1.8951e-11,2.1792e-11,2.6156e-11
3.3054e-11,3.6124e-11,2.9795e-11
1.4599e-11,1.5879e-11,2.3064e-11
1.8086e-11,1.6444e-11,2.5184e-11
1.3344e-10,5.3481e-11,1.063e-10
8.8227e-11,2.6435e-11,7.6176e-11
8.6412e-11,4.5584e-11,7.3522e-11
6.9823e-11,4.1548e-11,5.607e-11
7.387e-11,3.4591e-11,6.1795e-11
6.5274e-11,5.1975e-11,6.7642e-11
5.4637e-11,3.0756e-11,7.0721e-11
2.3611e-10,8.445e-11,1.6291e-10
6.792e-11,4.1871e-11,5.452e-11
4.5548e-11,3.3156e-11,5.262e-11
3.7159e-11,1.6509e-11,3.2785e-11
1.28e-10,1.0749e-10,4.2398e-11
2.8421e-11,1.7071e-11,2.6735e-11
3.0979e-11,2.2074e-11,2.651e-11
3.4384e-11,2.3258e-11,2.5401e-11
7.8069e-11,6.1775e-11,3.0906e-11
1.6498e-11,1.8274e-11,2.2852e-11
2.5326e-11,1.7101e-11,2.7058e-11
2.482e-11,1.878e-11,2.2831e-11
1.3524e-10,1.2726e-10,1.7438e-11
1.0501e-10,9.041e-11,3.3218e-11
3.0314e-11,3.7909e-11,3.6793e-11
1.2995e-10,1.1677e-10,1.797e-11
3.3723e-11,3.0762e-11,3.2713e-11
1.5802e-11,1.5162e-11,2.407e-11
1.9386e-11,1.9037e-11,2.1477e-11
6.3478e-11,4.1477e-11,2.3513e-11
1.5808e-11,1.7054e-11,2.3213e-11
1.3246e-11,2.2757e-11,2.1132e-11
1.1066e-10,6.4105e-11,4.9474e-11
1.6362e-11,2.4557e-11,2.1205e-11
7.7827e-11,4.245e-11,4.9662e-11
2.9525e-11,2.346e-11,2.8268e-11
2.4742e-11,3.5451e-11,2.8763e-11
2.0135e-11,1.8425e-11,2.2532e-11
1.1685e-11,2.1204e-11,2.2345e-11
2.753e-11,2.3692e-11,3.0566e-11
5.7725e-11,7.1799e-11,4.0442e-11
4.4201e-11,6.7983e-11,4.8225e-11
1.9568e-11,2.2791e-11,2.6076e-11
1.3719e-11,2.0564e-11,2.3753e-11
1.8412e-11,2.5619e-11,2.7331e-11
2.8339e-11,2.0658e-11,2.872e-11
1.2097e-10,4.1614e-11,1.1108e-10
1.2875e-10,4.0405e-11,1.2039e-10
1.034e-10,4.322e-11,7.8748e-11
1.0412e-10,3.1204e-11,8.6634e-11
1.0004e-10,4.3724e-11,7.4824e-11
9.3938e-11,3.3192e-11,7.2328e-11
9.1371e-11,4.2054e-11,7.2338e-11
9.2781e-11,5.0596e-11,7.366e-11
9.9603e-11,3.541e-11,7.9325e-11
9.1658e-11,2.6674e-11,8.2536e-11
7.2946e-11,2.9789e-11,5.4753e-11
7.5425e-11,4.112e-11,7.1741e-11
7.4957e-11,3.2186e-11,6.5943e-11
6.2328e-11,2.4572e-11,4.942e-11
6.4133e-11,4.0182e-11,6.3124e-11
5.8215e-11,4.3089e-11,5.6364e-11
2.0266e-10,8.3759e-11,1.326e-10
4.4207e-11,2.2874e-11,4.6918e-11
4.65e-11,3.3751e-11,3.6672e-11
4.8536e-11,3.0041e-11,3.7769e-11
3.8087e-11,1.9769e-11,3.34e-11
2.7547e-11,1.9245e-11,3.6126e-11
3.3485e-11,2.5658e-11,2.9532e-11
2.6851e-11,1.8284e-11,2.657e-11
6.2841e-11,4.2174e-11,3.1853e-11
8.2292e-11,7.0057e-11,4.6375e-11
3.2348e-11,3.2573e-11,3.8222e-11
2.3559e-11,2.2654e-11,2.8008e-11
1.3784e-10,1.4553e-10,5.5866e-11
3.0501e-11,2.4088e-11,2.9651e-11
4.2974e-11,3.297e-11,2.7979e-11
1.1454e-10,1.3269e-10,3.3655e-11
1.5101e-10,1.4412e-10,1.8373e-11
1.2939e-10,1.2856e-10,2.7217e-11
2.4192e-11,2.6152e-11,2.6206e-11
1.0505e-10,7.1582e-11,2.809e-11
1.068e-10,7.0051e-11,2.7618e-11
9.8572e-11,5.8722e-11,4.5226e-11
6.0205e-11,3.2687e-11,1.9204e-11
9.5852e-11,5.709e-11,2.5487e-11
5.1647e-11,7.0164e-11,5.3006e-11
3.9892e-11,2.8032e-11,2.2421e-11
4.4829e-11,6.175e-11,4.1768e-11
1.5945e-11,1.7404e-11,2.3573e-11
1.9631e-11,2.1173e-11,2.4303e-11
2.1393e-11,1.872e-11,2.131e-11
1.0848e-11,1.7905e-11,2.4521e-11
1.9299e-11,2.4917e-11,2.5052e-11
9.4749e-11,4.0277e-11,8.3462e-11
8.164e-11,2.5412e-11,7.5163e-11
7.0869e-11,4.2481e-11,6.7104e-11
1.6447e-10,7.6007e-11,8.9989e-11
3.8772e-11,2.0582e-11,3.2463e-11
3.4536e-11,1.5838e-11,3.1322e-11
3.8676e-11,2.728e-11,4.9077e-11
1.2442e-10,8.8693e-11,5.915e-11
1.6529e-10,8.1718e-11,8.7557e-11
8.7516e-11,6.5476e-11,5.1799e-11
4.2179e-11,3.7516e-11,2.7019e-11
1.0687e-10,1.0583e-10,6.4237e-11
1.2682e-10,9.9712e-11,7.3088e-11
3.6796e-11,3.7933e-11,4.7438e-11
8.6093e-11,8.2298e-11,4.2353e-11
5.7206e-11,3.8092e-11,3.1596e-11
4.6174e-11,3.6335e-11,2.6396e-11
2.7244e-11,2.4958e-11,3.0973e-11
2.126e-11,1.7534e-11,2.3519e-11
2.6914e-11,3.0002e-11,3.1977e-11
2.4923e-11,2.8957e-11,2.747e-11
9.1782e-11,7.4525e-11,4.0235e-11
3.7462e-11,4.6002e-11,4.335e-11
1.0399e-10,7.2438e-11,2.8433e-11
1.1164e-11,1.5761e-11,1.8561e-11
1.0206e-10,6.0116e-11,4.5102e-11
1.2087e-11,1.7864e-11,2.2084e-11
1.8002e-11,2.7193e-11,2.2367e-11
2.7134e-11,2.41e-11,2.0859e-11
1.9199e-11,2.1624e-11,2.123e-11
2.0005e-11,2.4166e-11,1.9239e-11
1.3979e-11,1.6415e-11,2.5565e-11
2.5646e-11,1.7899e-11,2.1475e-11
1.7219e-11,2.1872e-11,1.9902e-11
8.9621e-11,3.0201e-11,8.0406e-11
8.0003e-11,4.2721e-11,6.166e-11
8.5432e-11,4.4628e-11,6.7091e-11
1.2226e-10,5.5828e-11,1.1059e-10
6.388e-11,2.7626e-11,6.6464e-11
6.0951e-11,3.7724e-11,5.3009e-11
5.1906e-11,2.8572e-11,4.2905e-11
1.2684e-10,5.5896e-11,7.5497e-11
3.9576e-11,3.423e-11,3.268e-11
9.2244e-11,4.1093e-11,6.9856e-11
4.153e-11,2.7718e-11,3.3666e-11
4.8609e-11,2.0167e-11,3.4431e-11
3.6864e-11,3.6602e-11,2.9928e-11
2.0352e-10,1.2382e-10,1.2185e-10
1.962e-10,1.2333e-10,1.0731e-10
3.2564e-11,2.4516e-11,2.6541e-11
8.2369e-11,5.817e-11,3.8378e-11
5.253e-11,4.2362e-11,3.047e-11
8.0118e-11,6.3955e-11,3.8122e-11
5.0023e-11,4.8674e-11,5.6944e-11
2.3221e-11,1.7221e-11,2.7148e-11
2.8579e-11,2.8165e-11,3.4845e-11
1.1324e-10,1.5156e-10,3.6797e-11
3.2779e-11,2.504e-11,2.4996e-11
4.2543e-11,4.1809e-11,4.8205e-11
1.3059e-10,1.4208e-10,3.8759e-11
5.7997e-11,4.6329e-11,3.395e-11
2.7738e-11,2.0185e-11,2.4375e-11
5.2399e-11,3.0943e-11,2.3834e-11
2.2824e-11,1.7254e-11,2.4466e-11
2.1807e-11,2.0117e-11,2.5795e-11
9.2164e-11,5.8363e-11,3.2643e-11
4.8762e-11,6.685e-11,4.7468e-11
3.6793e-11,3.3419e-11,2.6671e-11
1.1843e-10,9.6237e-11,4.7372e-11
2.0675e-11,2.3219e-11,2.1783e-11
2.4539e-11,2.5908e-11,2.3442e-11
2.2102e-11,1.8777e-11,1.9361e-11
1.7564e-11,2.7624e-11,2.273e-11
2.3101e-11,1.7162e-11,2.1747e-11
1.9917e-11,1.8381e-11,2.0326e-11
2.159e-11,2.165e-11,2.5041e-11
1.6595e-11,1.8182e-11,2.084e-11
4.7397e-11,4.8275e-11,3.3214e-11
1.7826e-11,2.019e-11,2.1552e-11
1.7696e-11,2.1167e-11,1.9034e-11
1.2251e-10,2.8784e-11,1.2065e-10
8.5736e-11,4.0265e-11,6.8526e-11
5.6305e-11,2.8687e-11,5.8077e-11
6.6134e-11,3.6967e-11,7.8106e-11
5.1484e-11,3.1252e-11,6.1716e-11
4.8278e-11,2.455e-11,4.4052e-11
5.0481e-11,1.8446e-11,3.853e-11
2.5254e-10,7.7608e-11,1.5706e-10
3.623e-11,2.9204e-11,3.0925e-11
1.6866e-10,7.6673e-11,9.8404e-11
3.9184e-11,3.8263e-11,3.1502e-11
4.7817e-11,3.6673e-11,5.2528e-11
3.122e-11,2.5923e-11,2.5408e-11
2.7706e-11,2.2251e-11,2.8921e-11
2.5943e-11,2.0232e-11,3.0061e-11
1.309e-10,1.2584e-10,5.9318e-11
4.3795e-11,4.2166e-11,4.8383e-11
1.3407e-10,1.3491e-10,1.754e-11
5.4082e-11,3.6117e-11,3.3507e-11
7.3676e-11,5.3883e-11,3.44e-11
1.0632e-10,1.0386e-10,2.5204e-11
4.4302e-11,2.9385e-11,2.6279e-11
2.3049e-11,1.4863e-11,1.8753e-11
1.5542e-11,1.7157e-11,1.9245e-11
4.9663e-11,3.0855e-11,2.7693e-11
7.7244e-11,5.2136e-11,3.8515e-11
3.2549e-11,2.8587e-11,2.6707e-11
3.2865e-11,2.5416e-11,2.6295e-11
3.6717e-11,2.7577e-11,2.276e-11
1.165e-11,2.2197e-11,1.9492e-11
1.4312e-11,1.789e-11,1.8277e-11
2.1415e-11,2.3535e-11,1.6938e-11
1.4064e-11,2.7938e-11,2.9657e-11
4.485e-11,5.9448e-11,4.9219e-11
1.3128e-11,1.7633e-11,1.8803e-11
1.1095e-10,3.1386e-11,1.1096e-10
9.2202e-11,2.8162e-11,8.2263e-11
7.3108e-11,4.0401e-11,6.5212e-11
6.5094e-11,3.7597e-11,6.0404e-11
5.9597e-11,2.764e-11,6.0223e-11
5.8419e-11,2.7954e-11,4.9789e-11
5.1651e-11,3.0764e-11,6.3292e-11
5.4015e-11,1.8675e-11,4.1966e-11
5.4446e-11,3.0712e-11,7.1452e-11
6.8987e-11,4.4307e-11,9.1009e-11
1.9584e-10,5.6846e-11,1.1927e-10
2.1507e-10,7.4763e-11,1.3529e-10
6.4825e-11,4.098e-11,8.6756e-11
3.4463e-11,2.9025e-11,3.2204e-11
6.2179e-11,4.9656e-11,7.1363e-11
6.1451e-11,4.8969e-11,7.1184e-11
2.7477e-11,1.9339e-11,3.1646e-11
5.6941e-11,4.8925e-11,3.8236e-11
1.6436e-10,1.0661e-10,6.2522e-11
4.2714e-11,3.9951e-11,2.7274e-11
5.4672e-11,5.3201e-11,6.2021e-11
2.3257e-11,1.8121e-11,2.4945e-11
6.4073e-11,5.3612e-11,4.5691e-11
1.0519e-10,1.2527e-10,4.8196e-11
4.3562e-11,4.2123e-11,4.8221e-11
2.8495e-11,1.6949e-11,2.3418e-11
4.9041e-11,5.2257e-11,5.0943e-11
2.3265e-11,1.4452e-11,2.549e-11
4.5075e-11,3.6057e-11,2.0831e-11
3.4023e-11,3.6385e-11,3.9437e-11
1.8583e-11,2.4502e-11,2.1697e-11
5.0177e-11,5.8281e-11,4.9944e-11
1.419e-11,1.7307e-11,1.7305e-11
1.7244e-11,2.5194e-11,2.5418e-11
2.5987e-11,3.4981e-11,2.5501e-11
1.7646e-11,1.7236e-11,2.2084e-11
3.7404e-11,3.3907e-11,3.1151e-11
1.7584e-11,2.2134e-11,1.5913e-11
2.1129e-11,2.0927e-11,2.4518e-11
2.7916e-11,3.432e-11,2.4599e-11
1.3291e-11,2.9209e-11,2.8433e-11
3.0403e-11,3.9402e-11,2.7936e-11
5.2369e-11,5.6038e-11,4.7535e-11
2.0338e-11,2.8158e-11,2.6657e-11
2.807e-11,3.3121e-11,3.2738e-11
8.1698e-11,2.7936e-11,7.6059e-11
6.8481e-11,3.0423e-11,5.4379e-11
4.7091e-11,2.6476e-11,4.225e-11
7.6535e-11,3.9253e-11,7.0083e-11
4.8159e-11,2.7429e-11,5.8602e-11
7.169e-11,3.9297e-11,6.201e-11
3.8587e-11,1.6509e-11,3.1819e-11
5.1455e-11,4.0695e-11,3.1787e-11
5.9629e-11,5.3581e-11,6.723e-11
4.945e-11,4.382e-11,5.4622e-11
2.5102e-11,1.5029e-11,2.4831e-11
1.1563e-10,1.2117e-10,4.7639e-11
2.1772e-11,2.1383e-11,2.3201e-11
5.1006e-11,3.9556e-11,2.1786e-11
2.1634e-11,1.8306e-11,2.2793e-11
5.536e-11,5.2862e-11,5.5625e-11
1.8291e-11,2.0101e-11,2.5726e-11
8.2965e-11,7.6575e-11,3.3296e-11
9.2684e-11,9.6071e-11,3.155e-11
2.5185e-11,2.4978e-11,2.007e-11
4.7602e-11,5.0904e-11,4.628e-11
1.8897e-11,1.8196e-11,2.2298e-11
8.0496e-11,6.8189e-11,2.6816e-11
1.9443e-11,2.4296e-11,2.3588e-11
8.8971e-11,7.9571e-11,3.8379e-11
1.4714e-11,1.7169e-11,1.9391e-11
2.638e-11,3.4238e-11,3.0491e-11
2.9099e-11,1.9102e-11,2.8632e-11
1.0685e-10,7.775e-11,2.9855e-11
9.9618e-11,6.3709e-11,3.7764e-11
2.4439e-11,1.9289e-11,2.834e-11
1.8029e-11,2.188e-11,2.0514e-11
3.1259e-11,3.2498e-11,3.4916e-11
2.1143e-11,2.5793e-11,2.4906e-11
1.984e-11,2.953e-11,2.6224e-11
2.6063e-11,1.9579e-11,2.1843e-11
1.4849e-11,1.6049e-11,1.958e-11
8.059e-11,3.4121e-11,6.6759e-11
1.0984e-10,4.9308e-11,1.0643e-10
6.2943e-11,1.9131e-11,5.1671e-11
5.9491e-11,2.392e-11,4.8926e-11
6.6493e-11,3.8721e-11,7.8682e-11
5.0776e-11,2.4853e-11,4.3204e-11
5.4052e-11,1.8779e-11,4.108e-11
4.4717e-11,3.0606e-11,5.3087e-11
4.4047e-11,2.1265e-11,3.5541e-11
3.585e-11,1.9113e-11,4.3835e-11
3.6713e-11,2.238e-11,3.4835e-11
3.9576e-11,1.9992e-11,3.5458e-11
2.9786e-11,1.5438e-11,2.8177e-11
4.0598e-11,4.1123e-11,3.2315e-11
3.8361e-11,3.1452e-11,2.4009e-11
2.8224e-11,1.506e-11,2.6874e-11
1.4557e-10,8.9797e-11,7.9104e-11
3.1564e-11,2.8924e-11,3.4576e-11
6.1361e-11,5.2094e-11,4.1913e-11
1.1112e-10,1.2741e-10,6.0841e-11
2.4017e-11,2.4383e-11,2.871e-11
9.3129e-11,9.1634e-11,3.9232e-11
2.0567e-11,1.7114e-11,2.0837e-11
3.3281e-11,2.215e-11,2.353e-11
8.7117e-11,9.5733e-11,3.346e-11
1.6169e-11,1.5164e-11,2.3484e-11
9.2399e-11,7.7942e-11,3.1844e-11
1.3194e-11,1.404e-11,1.7606e-11
1.6484e-11,1.5986e-11,1.9759e-11
1.9067e-11,2.3472e-11,2.1861e-11
5.2431e-11,6.3303e-11,5.0842e-11
1.1138e-11,2.2061e-11,1.8024e-11
7.8373e-11,4.9749e-11,2.3272e-11
1.0822e-10,8.1778e-11,3.5006e-11
5.34e-11,3.6914e-11,2.4766e-11
2.3519e-11,2.7803e-11,3.0599e-11
2.4763e-11,1.9304e-11,2.8959e-11
9.9907e-11,6.6633e-11,3.4523e-11
1.3385e-11,1.7279e-11,1.8352e-11
5.489e-11,3.5099e-11,2.2791e-11
3.9998e-11,4.394e-11,3.5663e-11
2.6107e-11,2.4723e-11,2.5655e-11
1.7248e-11,1.6905e-11,1.8341e-11
4.7621e-11,5.3045e-11,4.8911e-11
2.9514e-11,3.9777e-11,3.2782e-11
2.2024e-11,2.1312e-11,1.8891e-11
1.0099e-10,2.3314e-11,1.0218e-10
1.0876e-10,2.4686e-11,1.2146e-10
9.5508e-11,3.4665e-11,7.5999e-11
8.1942e-11,3.5614e-11,6.9447e-11
8.5448e-11,2.7014e-11,6.719e-11
8.7556e-11,3.8466e-11,7.0117e-11
1.2549e-10,5.4944e-11,1.0144e-10
4.5311e-11,2.4766e-11,3.9459e-11
6.8865e-11,4.2151e-11,8.6104e-11
5.4991e-11,3.1665e-11,7.3198e-11
1.4949e-10,6.0282e-11,1.0572e-10
5.2809e-11,4.0262e-11,6.1941e-11
5.6189e-11,4.4743e-11,6.2575e-11
1.5619e-10,6.7944e-11,9.191e-11
3.9625e-11,2.7354e-11,3.138e-11
2.7847e-11,1.5241e-11,2.7611e-11
1.4813e-10,8.8786e-11,5.2166e-11
5.4469e-11,3.8286e-11,2.8031e-11
5.1622e-11,4.6668e-11,5.3607e-11
5.2694e-11,4.7005e-11,3.0185e-11
9.6402e-11,1.0103e-10,5.6421e-11
1.003e-10,9.6789e-11,3.5131e-11
8.8434e-11,7.476e-11,3.6727e-11
1.8759e-11,1.6821e-11,1.984e-11
3.1762e-11,3.6064e-11,2.9433e-11
5.7151e-11,6.7577e-11,5.9056e-11
1.0502e-11,1.5376e-11,1.4743e-11
1.6012e-11,1.5572e-11,2.7125e-11
1.2099e-11,2.1283e-11,1.7944e-11
6.788e-11,4.3638e-11,2.2041e-11
1.753e-11,1.9734e-11,2.1295e-11
2.1385e-11,2.5134e-11,2.5787e-11
2.3193e-11,3.0572e-11,2.2734e-11
2.8569e-11,3.2192e-11,3.3608e-11
2.1266e-11,2.9126e-11,2.3189e-11
1.7018e-11,1.6953e-11,2.1569e-11
2.3801e-11,2.0635e-11,2.6251e-11
3.1017e-11,4.171e-11,3.3455e-11
9.824e-11,1.9198e-11,1.0588e-10
1.0146e-10,3.1246e-11,8.6283e-11
5.8595e-11,1.9193e-11,4.9063e-11
6.7821e-11,3.901e-11,7.1294e-11
7.1962e-11,2.3002e-11,6.9329e-11
4.7594e-11,2.3037e-11,4.3155e-11
2.1505e-10,7.1522e-11,1.4818e-10
3.7107e-11,2.5834e-11,3.6467e-11
4.3573e-11,1.8842e-11,3.4931e-11
1.8178e-10,6.6846e-11,9.4979e-11
4.2084e-11,2.4359e-11,5.24e-11
1.8376e-10,6.4479e-11,8.6013e-11
3.7061e-11,4.1989e-11,2.9127e-11
5.2387e-11,4.931e-11,5.7362e-11
2.0429e-11,1.61e-11,2.8198e-11
2.9616e-11,2.0692e-11,2.246e-11
5.5759e-11,5.9937e-11,5.7604e-11
1.4348e-11,1.3398e-11,2.2094e-11
1.5869e-11,1.4756e-11,2.0678e-11
6.1435e-11,4.3822e-11,2.4587e-11
7.2834e-11,5.7214e-11,3.6387e-11
3.5065e-11,4.4497e-11,3.5345e-11
2.3665e-11,1.7209e-11,2.1057e-11
8.9829e-11,6.8395e-11,3.4979e-11
9.0809e-11,6.0762e-11,2.7007e-11
9.5541e-11,7.0874e-11,3.4879e-11
1.2399e-11,2.243e-11,1.9099e-11
7.3121e-11,5.1896e-11,2.7149e-11
3.3936e-11,4.0553e-11,3.6745e-11
1.1202e-11,1.9821e-11,1.5506e-11
1.727e-11,2.0114e-11,3.052e-11
7.8309e-11,5.582e-11,2.6057e-11
2.552e-11,3.2129e-11,2.7571e-11
1.0038e-11,1.7512e-11,1.5219e-11
1.2632e-11,1.7519e-11,1.7438e-11
9.2939e-11,6.4177e-11,2.5882e-11
1.5088e-11,1.8907e-11,2.242e-11
1.7478e-11,1.6151e-11,1.862e-11
2.7041e-11,2.9373e-11,3.1317e-11
1.0382e-10,3.5326e-11,8.6633e-11
9.673e-11,2.7777e-11,8.3436e-11
8.0604e-11,1.6644e-11,8.0005e-11
6.5708e-11,2.5551e-11,5.0886e-11
1.2183e-10,4.9555e-11,1.0283e-10
6.5564e-11,3.7979e-11,7.966e-11
5.3186e-11,2.3722e-11,4.7646e-11
6.3157e-11,2.5232e-11,6.0127e-11
4.9256e-11,2.3613e-11,4.1619e-11
1.5956e-10,5.2272e-11,1.2127e-10
4.585e-11,2.7437e-11,5.3809e-11
4.8692e-11,2.7033e-11,4.467e-11
9.3223e-11,3.3387e-11,9.062e-11
4.5597e-11,1.567e-11,3.6565e-11
5.9407e-11,2.1467e-11,5.6674e-11
5.7304e-11,3.6085e-11,6.6474e-11
4.3649e-11,2.041e-11,3.7879e-11
3.9453e-11,1.8432e-11,3.3978e-11
1.1519e-10,4.9288e-11,7.421e-11
3.932e-11,3.0683e-11,4.0834e-11
2.15e-11,1.1619e-11,2.2918e-11
2.3941e-11,1.3817e-11,2.1988e-11
1.1362e-10,1.1226e-10,5.0406e-11
4.95e-11,5.6075e-11,3.3257e-11
1.972e-11,2.1364e-11,2.3199e-11
8.9471e-11,7.6726e-11,4.2586e-11
5.0955e-11,3.8061e-11,2.9204e-11
6.0932e-11,4.158e-11,2.2856e-11
5.3819e-11,6.9222e-11,5.3132e-11
7.5254e-11,4.9958e-11,2.1426e-11
9.3249e-11,5.9342e-11,3.1942e-11
6.3273e-11,4.1106e-11,2.5841e-11
2.5821e-11,2.1815e-11,2.3955e-11
1.6221e-11,1.8031e-11,2.0202e-11
2.0688e-11,2.6433e-11,2.1266e-11
1.7373e-11,2.3055e-11,2.1545e-11
1.6862e-11,2.0785e-11,1.8689e-11
1.9736e-11,2.6653e-11,2.1569e-11
1.8228e-11,2.5935e-11,2.3552e-11
9.8572e-11,2.9461e-11,8.7016e-11
8.9115e-11,1.9482e-11,9.493e-11
1.1778e-10,4.1944e-11,1.1496e-10
8.8701e-11,3.955e-11,8.2169e-11
7.0638e-11,1.8223e-11,6.682e-11
6.8243e-11,3.3472e-11,6.6216e-11
6.6101e-11,4.0663e-11,7.4655e-11
6.0299e-11,2.1905e-11,5.8425e-11
8.5087e-11,3.3138e-11,8.5985e-11
4.0948e-11,2.5351e-11,3.6278e-11
2.3738e-10,8.5374e-11,1.3638e-10
1.3232e-10,5.3795e-11,8.7774e-11
5.337e-11,4.6096e-11,5.6085e-11
2.6765e-11,1.5741e-11,2.5808e-11
2.4259e-11,1.4647e-11,2.3401e-11
3.0582e-11,2.3414e-11,2.6208e-11
5.7968e-11,4.2449e-11,2.8604e-11
1.0813e-10,1.2838e-10,3.1898e-11
6.4676e-11,5.7856e-11,3.5624e-11
7.1016e-11,5.901e-11,4.018e-11
8.1179e-11,6.4511e-11,4.0027e-11
1.4108e-11,1.2177e-11,1.9054e-11
4.7615e-11,3.7248e-11,3.066e-11
1.4884e-11,1.6627e-11,2.2035e-11
1.6238e-11,1.4553e-11,2.3869e-11
7.2751e-11,4.8801e-11,2.2059e-11
2.2808e-11,2.506e-11,2.6029e-11
4.3242e-11,4.9518e-11,3.4051e-11
1.6375e-11,1.7042e-11,1.768e-11
2.3521e-11,1.9939e-11,3.5601e-11
2.483e-11,1.6143e-11,2.5326e-11
1.5475e-11,1.9222e-11,2.2677e-11
1.1042e-10,1.8713e-11,1.2647e-10
1.1579e-10,2.6802e-11,1.2704e-10
8.8953e-11,3.2503e-11,8.6512e-11
9.1044e-11,2.9672e-11,1.0125e-10
8.101e-11,1.9685e-11,9.1381e-11
8.3497e-11,3.8462e-11,7.8043e-11
1.2778e-10,5.0376e-11,1.133e-10
5.6302e-11,2.2267e-11,5.1016e-11
5.6632e-11,2.4792e-11,5.3751e-11
1.3214e-10,5.1311e-11,1.108e-10
4.2792e-11,2.6522e-11,5.1739e-11
6.0348e-11,2.8825e-11,5.8546e-11
4.2552e-11,2.2371e-11,4.1112e-11
2.4524e-10,7.6594e-11,1.4314e-10
4.1186e-11,2.2626e-11,4.738e-11
4.4175e-11,2.6094e-11,5.2156e-11
1.2566e-10,6.8073e-11,8.789e-11
3.1562e-11,1.7902e-11,3.9279e-11
4.646e-11,3.5615e-11,5.4549e-11
3.5834e-11,2.6403e-11,4.5875e-11
1.3998e-10,6.1004e-11,7e-11
2.2515e-11,1.3109e-11,2.5296e-11
2.4901e-11,1.5212e-11,2.4459e-11
2.322e-11,2.2247e-11,2.4628e-11
2.3414e-11,1.2492e-11,2.3461e-11
3.9779e-11,3.8834e-11,4.1617e-11
2.5834e-11,1.8452e-11,2.5478e-11
7.8217e-11,6.2208e-11,3.9533e-11
2.3957e-11,1.8269e-11,2.2273e-11
2.9883e-11,1.8203e-11,2.1114e-11
1.6209e-11,1.4578e-11,1.8863e-11
7.0892e-11,6.3588e-11,3.708e-11
1.7326e-11,1.4331e-11,1.9847e-11
4.6199e-11,6.0782e-11,4.0063e-11
5.6892e-11,3.9254e-11,2.9595e-11
6.5319e-11,4.4124e-11,2.2253e-11
2.6565e-11,1.539e-11,2.5925e-11
2.4098e-11,2.0533e-11,2.3698e-11
4.3487e-11,5.9351e-11,4.3483e-11
3.4204e-11,2.0573e-11,2.2379e-11
2.1341e-11,2.3715e-11,2.7035e-11
2.1736e-11,2.5532e-11,2.4559e-11
1.2906e-11,2.4585e-11,2.8861e-11
1.6279e-11,2.0323e-11,1.8843e-11
1.4965e-11,2.072e-11,2.8581e-11
2.4077e-11,2.8217e-11,2.7595e-11
1.529e-11,1.584e-11,1.798e-11
1.7669e-11,2.3288e-11,2.8694e-11
1.1805e-10,2.9952e-11,1.2981e-10
1.0528e-10,2.884e-11,1.2383e-10
7.4414e-11,2.6685e-11,6.7651e-11
5.3337e-11,2.8472e-11,5.7886e-11
6.3567e-11,3.3926e-11,7.0273e-11
4.7112e-11,2.1066e-11,4.5791e-11
2.2093e-10,6.5664e-11,1.3753e-10
4.5423e-11,2.7518e-11,5.2724e-11
2.0343e-10,7.7505e-11,1.2107e-10
3.3981e-11,2.3005e-11,4.2004e-11
6.1802e-11,5.4275e-11,6.5029e-11
3.5421e-11,2.7151e-11,4.2341e-11
1.9179e-11,1.3146e-11,2.2769e-11
3.653e-11,2.3406e-11,2.7577e-11
4.2057e-11,3.3581e-11,2.7138e-11
3.884e-11,3.8757e-11,4.2138e-11
2.3534e-11,2.5284e-11,2.1541e-11
6.838e-11,5.9674e-11,3.7216e-11
3.6387e-11,3.7104e-11,3.7236e-11
2.7358e-11,1.8485e-11,2.658e-11
3.9554e-11,4.4289e-11,3.6491e-11
1.3338e-11,1.6234e-11,2.1847e-11
2.3165e-11,2.4434e-11,2.4117e-11
4.8109e-11,3.368e-11,2.4182e-11
6.0384e-11,3.9452e-11,3.9588e-11
6.4307e-11,4.1996e-11,4.1224e-11
5.6274e-11,3.8805e-11,2.3415e-11
2.1096e-11,2.7312e-11,2.8924e-11
1.4397e-11,1.6686e-11,1.7957e-11
2.732e-11,3.2608e-11,2.2964e-11
1.0502e-10,2.1461e-11,9.0229e-11
9.0073e-11,1.4685e-11,8.9415e-11
8.662e-11,2.9757e-11,8.6132e-11
9.056e-11,2.7796e-11,8.7219e-11
1.0583e-10,3.4263e-11,1.0932e-10
7.0589e-11,1.3135e-11,7.3722e-11
5.9416e-11,1.6001e-11,5.7292e-11
7.927e-11,3.2552e-11,8.7808e-11
6.804e-11,3.2988e-11,6.7929e-11
3.5505e-11,1.636e-11,3.5356e-11
7.3779e-11,4.062e-11,6.2122e-11
3.8992e-11,2.8778e-11,4.697e-11
9.4236e-11,5.086e-11,5.9436e-11
2.9649e-11,2.6804e-11,3.685e-11
5.474e-11,5.1795e-11,5.7544e-11
3.2788e-11,2.2476e-11,2.5057e-11
1.0301e-10,1.2544e-10,4.2296e-11
9.2254e-11,7.1183e-11,4.3288e-11
4.6938e-11,4.4783e-11,4.4735e-11
9.5925e-11,1.3507e-10,4.3307e-11
2.0279e-11,1.57e-11,1.9515e-11
6.2007e-11,4.9264e-11,4.4928e-11
7.0973e-11,6.2186e-11,3.5745e-11
4.5307e-11,4.0511e-11,2.9626e-11
1.3157e-11,1.4589e-11,1.9108e-11
4.7679e-11,4.2001e-11,3.2252e-11
1.9259e-11,2.1718e-11,2.1058e-11
5.9726e-11,3.58e-11,3.6222e-11
1.2262e-11,2.1077e-11,1.8316e-11
2.5925e-11,3.0916e-11,2.1507e-11
2.3652e-11,2.8585e-11,2.0622e-11
2.8792e-11,3.2071e-11,2.1948e-11
2.0412e-11,1.9433e-11,2.9408e-11
1.8396e-11,2.5195e-11,2.4174e-11
1.6102e-11,1.5744e-11,1.8447e-11
5.9411e-11,3.1628e-11,6.5799e-11
6.7904e-11,3.8876e-11,7.0025e-11
2.1898e-10,6.2464e-11,1.2316e-10
4.8935e-11,2.8059e-11,5.159e-11
3.0037e-11,1.566e-11,3.1631e-11
2.5399e-11,1.4825e-11,2.976e-11
2.1723e-11,1.4847e-11,2.2713e-11
1.4925e-10,1.0973e-10,7.3097e-11
2.0177e-11,1.5949e-11,2.6067e-11
4.3992e-11,2.8648e-11,2.4574e-11
4.7085e-11,3.0552e-11,2.4031e-11
3.3812e-11,2.615e-11,2.814e-11
2.0329e-11,1.9629e-11,2.6131e-11
6.0951e-11,4.5405e-11,2.3068e-11
5.4437e-11,5.7487e-11,5.1147e-11
4.1653e-11,4.1997e-11,4.2335e-11
3.2256e-11,2.7105e-11,1.8828e-11
6.3274e-11,4.263e-11,4.4016e-11
6.9787e-11,5.9862e-11,3.2346e-11
2.2042e-11,2.3033e-11,3.6049e-11
2.4457e-11,1.9575e-11,1.9956e-11
1.7442e-11,1.6138e-11,1.8148e-11
1.6993e-11,1.5673e-11,2.0017e-11
2.1238e-11,2.0704e-11,2.7265e-11
1.587e-11,1.8501e-11,2.1146e-11
8.4297e-11,2.8116e-11,1.0299e-10
7.989e-11,1.6154e-11,8.9922e-11
7.2584e-11,3.3477e-11,7.6218e-11
5.8423e-11,2.7566e-11,5.5352e-11
9.1006e-11,3.1378e-11,9.5824e-11
5.8392e-11,1.4337e-11,5.7256e-11
5.0837e-11,2.0898e-11,4.6916e-11
5.1172e-11,2.0332e-11,5.1789e-11
5.9309e-11,2.4745e-11,6.7157e-11
8.893e-11,4.4629e-11,8.767e-11
4.0561e-11,2.6689e-11,5.317e-11
4.9868e-11,3.8015e-11,4.9139e-11
8.9676e-11,3.7483e-11,6.754e-11
3.1428e-11,2.2418e-11,3.9132e-11
3.0266e-11,1.47e-11,2.8776e-11
1.2845e-10,7.1672e-11,7.2806e-11
2.0688e-11,1.4339e-11,2.1683e-11
8.526e-11,7.14e-11,4.0495e-11
2.9271e-11,2.2703e-11,3.5407e-11
5.7771e-11,3.9982e-11,2.5712e-11
5.9679e-11,4.3796e-11,4.3427e-11
1.927e-11,1.8614e-11,2.1268e-11
1.9209e-11,1.9233e-11,2.3325e-11
1.9237e-11,2.1137e-11,3.1692e-11
1.811e-11,1.9607e-11,1.6103e-11
6.205e-11,3.6039e-11,3.5251e-11
5.8719e-11,7.4713e-11,5.7145e-11
5.1427e-11,4.0149e-11,2.2935e-11
5.129e-11,4.2106e-11,2.056e-11
1.655e-11,1.7845e-11,1.7771e-11
6.1808e-11,4.7132e-11,3.54e-11
6.4444e-11,4.6821e-11,3.0834e-11
2.1077e-11,2.3811e-11,1.9268e-11
2.4806e-11,1.7377e-11,2.5327e-11
3.0488e-11,2.3629e-11,3.732e-11
4.4745e-11,3.7547e-11,2.5301e-11
9.7357e-11,2.0311e-11,8.8183e-11
8.5255e-11,2.4075e-11,8.1971e-11
1.0427e-10,3.2672e-11,1.1324e-10
5.7911e-11,1.9439e-11,6.056e-11
5.2783e-11,1.8333e-11,4.8264e-11
5.0026e-11,2.0678e-11,4.7033e-11
6.232e-11,2.2934e-11,7.2608e-11
6.7188e-11,3.4996e-11,6.7229e-11
7.2143e-11,3.4407e-11,8.9788e-11
4.0807e-11,1.8344e-11,4.7141e-11
1.439e-10,5.3319e-11,1.0339e-10
3.5842e-11,2.0828e-11,4.0198e-11
4.3008e-11,1.799e-11,4.128e-11
5.5783e-11,2.6537e-11,5.7401e-11
4.0269e-11,1.9605e-11,4.8668e-11
3.5523e-11,2.2245e-11,2.9527e-11
5.734e-11,4.9661e-11,6.3862e-11
2.2376e-11,1.4113e-11,2.2552e-11
2.452e-11,2.9332e-11,2.3973e-11
9.5109e-11,1.338e-10,4.7492e-11
2.3418e-11,1.6447e-11,2.888e-11
5.5881e-11,6.2764e-11,5.4186e-11
2.1048e-11,1.6392e-11,2.1371e-11
6.2927e-11,5.3301e-11,2.7028e-11
4.8259e-11,3.4112e-11,1.95e-11
1.5417e-11,1.4668e-11,1.9348e-11
6.2926e-11,4.9042e-11,3.9532e-11
1.5205e-11,1.947e-11,1.471e-11
4.3069e-11,2.7938e-11,2.8494e-11
1.4468e-11,1.6154e-11,1.7957e-11
1.6422e-11,1.9122e-11,2.0833e-11
1.7088e-11,1.6376e-11,1.9506e-11
2.5228e-11,1.7335e-11,2.231e-11
3.5726e-11,2.6975e-11,2.8596e-11
1.3627e-11,1.6124e-11,1.9578e-11
1.4847e-11,1.8509e-11,1.6055e-11
4.7007e-11,4.6109e-11,2.9662e-11
1.5283e-11,1.7861e-11,2.1266e-11
9.8489e-11,1.2751e-11,8.9387e-11
8.7665e-11,1.1356e-11,8.0287e-11
7.8778e-11,3.5059e-11,9.3542e-11
7.6651e-11,1.225e-11,8.6344e-11
8.242e-11,1.5843e-11,9.7312e-11
8.2411e-11,1.4037e-11,9.7534e-11
5.976e-11,2.7389e-11,6.8626e-11
5.5054e-11,2.1546e-11,4.6431e-11
6.2918e-11,3.5463e-11,6.7211e-11
7.8521e-11,3.6831e-11,8.8471e-11
4.3657e-11,2.1171e-11,5.116e-11
7.1953e-11,2.0719e-11,8.3989e-11
1.4801e-10,5.5269e-11,1.1657e-10
1.4628e-10,5.3453e-11,1.0997e-10
6.2163e-11,4.029e-11,6.7152e-11
3.3215e-11,1.7657e-11,3.7527e-11
3.0231e-11,2.4085e-11,3.7093e-11
2.8014e-11,1.6958e-11,2.7581e-11
1.5475e-10,4.7431e-11,9.9521e-11
1.8574e-10,8.386e-11,8.1405e-11
1.3971e-10,6.898e-11,5.8746e-11
3.4004e-11,3.5552e-11,3.7504e-11
8.6786e-11,8.6634e-11,4.1399e-11
2.0502e-11,1.0283e-11,1.9441e-11
2.7986e-11,2.2468e-11,2.4632e-11
4.8155e-11,4.4091e-11,4.1475e-11
2.7e-11,2.5443e-11,2.4243e-11
4.9453e-11,4.0363e-11,2.9034e-11
2.8675e-11,2.2131e-11,2.404e-11
2.3254e-11,2.3399e-11,1.8701e-11
2.9993e-11,2.8465e-11,1.7403e-11
6.0039e-11,4.9762e-11,3.6206e-11
1.3098e-11,1.3018e-11,1.917e-11
2.3198e-11,1.7784e-11,2.9158e-11
1.6658e-11,1.444e-11,1.935e-11
3.7383e-11,3.5246e-11,2.8346e-11
6.1216e-11,4.6834e-11,3.1253e-11
5.6585e-11,7.0145e-11,5.2219e-11
3.0193e-11,3.763e-11,2.8753e-11
3.7352e-11,2.4293e-11,2.4092e-11
2.6537e-11,3.295e-11,2.269e-11
1.3761e-11,1.4448e-11,1.9657e-11
3.2866e-11,2.5171e-11,2.4356e-11
1.9246e-11,2.1745e-11,2.304e-11
5.3957e-11,6.9316e-11,4.3625e-11
1.1616e-11,1.6833e-11,1.7647e-11
5.7552e-11,6.8034e-11,3.9735e-11
2.9413e-11,2.6295e-11,2.4829e-11
2.0694e-11,1.956e-11,2.8244e-11
6.5503e-11,1.3371e-11,6.6713e-11
4.5637e-11,1.6401e-11,5.3435e-11
9.579e-11,4.6439e-11,9.7576e-11
4.6645e-11,2.3233e-11,6.5829e-11
3.985e-11,1.7589e-11,4.2926e-11
3.6266e-11,1.9917e-11,3.4968e-11
1.1786e-10,4.3122e-11,8.2966e-11
2.222e-11,1.637e-11,2.6152e-11
1.5816e-10,1.0648e-10,7.2496e-11
2.6338e-11,1.4057e-11,2.4768e-11
8.2811e-11,4.5068e-11,4.9667e-11
9.5169e-11,5.0382e-11,4.7848e-11
7.0037e-11,9.1568e-11,4.9403e-11
2.9148e-11,2.8747e-11,2.9397e-11
2.658e-11,2.2197e-11,2.2833e-11
7.9703e-11,1.193e-10,4.6121e-11
7.0596e-11,5.478e-11,3.8877e-11
1.9903e-11,1.9868e-11,2.0205e-11
1.5702e-11,2.1154e-11,2.2306e-11
2.9256e-11,2.7287e-11,1.7878e-11
2.2006e-11,2.2384e-11,1.7748e-11
2.0616e-11,1.8825e-11,2.143e-11
2.5578e-11,2.9033e-11,2.7172e-11
1.8896e-11,1.7444e-11,1.7832e-11
1.8702e-11,1.7883e-11,2.0184e-11
1.4726e-11,1.5738e-11,2.0273e-11
2.4643e-11,1.7464e-11,1.7567e-11
1.115e-11,1.3703e-11,1.7397e-11
2.077e-11,3.3858e-11,2.722e-11
2.3422e-11,2.0552e-11,1.7986e-11
9.3298e-11,9.3917e-12,1.0052e-10
1.0679e-10,3.3593e-11,1.1836e-10
5.1925e-11,1.6216e-11,5.6847e-11
5.1002e-11,1.289e-11,5.063e-11
4.798e-11,2.2878e-11,6.9815e-11
4.7934e-11,2.6832e-11,5.3771e-11
3.0251e-11,1.863e-11,3.6671e-11
2.6129e-11,2.3228e-11,3.1774e-11
3.7593e-11,3.6919e-11,4.0397e-11
1.7491e-10,6.6417e-11,6.3909e-11
7.4165e-11,4.5535e-11,4.5761e-11
5.2749e-11,5.2865e-11,4.656e-11
5.7355e-11,4.4014e-11,3.8207e-11
6.8529e-11,4.6956e-11,4.6973e-11
6.1845e-11,5.0415e-11,3.2528e-11
2.6903e-11,1.468e-11,2.8813e-11
2.0961e-11,1.9112e-11,2.0298e-11
6.3838e-11,5.4926e-11,3.7004e-11
1.1146e-11,1.1653e-11,1.607e-11
1.4959e-11,1.4081e-11,2.6881e-11
1.5631e-11,2.7368e-11,2.4904e-11
2.8851e-11,3.3656e-11,2.4171e-11
2.1621e-11,1.6797e-11,2.284e-11
1.7441e-11,1.7029e-11,2.2588e-11
4.4541e-11,5.3418e-11,4.2684e-11
4.379e-11,3.0776e-11,3.4722e-11
3.5509e-11,4.0785e-11,2.7979e-11
4.6958e-11,6.4275e-11,4.1276e-11
1.9621e-11,1.9616e-11,3.0365e-11
3.8682e-11,3.2251e-11,2.1282e-11
2.0999e-11,1.8184e-11,1.6366e-11
1.3081e-11,1.629e-11,1.9427e-11
2.2315e-11,2.4549e-11,2.0011e-11
5.3157e-11,4.8017e-11,4.6255e-11
2.2195e-11,2.4181e-11,1.8735e-11
2.2265e-11,2.3177e-11,1.7869e-11
7.9548e-11,2.2896e-11,9.3125e-11
1.1658e-10,3.8511e-11,1.2302e-10
5.5248e-11,2.4878e-11,7.0173e-11
3.4467e-11,1.7063e-11,3.5526e-11
4.6486e-11,1.2626e-11,4.3964e-11
3.5266e-11,2.0288e-11,3.871e-11
3.0326e-11,2.3041e-11,3.1962e-11
4.1913e-11,1.6238e-11,3.94e-11
4.7632e-11,1.5461e-11,5.103e-11
3.6305e-11,1.9242e-11,3.2139e-11
2.7475e-11,1.4988e-11,2.8049e-11
2.3397e-11,1.1892e-11,2.208e-11
3.4401e-11,2.5092e-11,3.6898e-11
7.7352e-11,3.7956e-11,5.0494e-11
8.6826e-11,4.2463e-11,5.9231e-11
3.3688e-11,2.653e-11,3.5265e-11
9.4376e-11,4.7962e-11,5.6185e-11
6.1215e-11,4.35e-11,4.3586e-11
1.7147e-11,1.6681e-11,1.7384e-11
2.2235e-11,2.2845e-11,2.192e-11
4.8661e-11,4.5854e-11,4.1426e-11
5.3942e-11,3.8978e-11,2.7829e-11
3.0592e-11,3.2718e-11,2.4203e-11
2.0653e-11,2.6102e-11,2.4039e-11
2.6762e-11,3.0512e-11,2.1919e-11
1.3927e-11,1.5688e-11,1.9621e-11
5.9315e-11,7.3483e-11,5.4525e-11
3.6953e-11,4.6572e-11,3.3002e-11
4.0074e-11,2.5744e-11,2.3913e-11
6.8785e-11,4.0997e-11,2.9463e-11
1.399e-11,2.0279e-11,2.0411e-11
1.6877e-11,1.7969e-11,2.2535e-11
1.6301e-11,1.8991e-11,2.1334e-11
1.4112e-11,1.5954e-11,1.8502e-11
2.937e-11,2.9892e-11,2.0812e-11
1.7892e-11,1.9931e-11,4.112e-11
9.8694e-11,9.1355e-12,1.1082e-10
9.0813e-11,7.7494e-12,9.8752e-11
6.1968e-11,1.1358e-11,6.4002e-11
5.4375e-11,1.7085e-11,6.6124e-11
5.2214e-11,1.9662e-11,6.1969e-11
1.0998e-10,4.0993e-11,1.118e-10
6.3338e-11,3.2752e-11,6.1622e-11
4.4662e-11,1.7167e-11,5.2596e-11
6.9701e-11,4.3861e-11,6.1358e-11
2.9769e-11,2.3979e-11,3.3253e-11
7.1243e-11,4.4013e-11,6.9326e-11
3.0788e-11,1.9761e-11,3.0627e-11
3.6541e-11,2.7077e-11,4.2384e-11
1.9384e-10,8.3886e-11,1.0872e-10
8.807e-11,4.202e-11,6.7666e-11
1.3827e-10,9.4723e-11,6.0034e-11
6.4905e-11,6.3603e-11,5.6963e-11
1.3724e-10,1.096e-10,6.8323e-11
5.2024e-11,4.3573e-11,3.5923e-11
3.198e-11,2.6463e-11,3.0423e-11
1.8327e-11,1.4988e-11,1.8243e-11
5.1149e-11,3.9473e-11,2.532e-11
4.7804e-11,5.1174e-11,3.4014e-11
5.3711e-11,4.4299e-11,2.887e-11
6.2902e-11,5.053e-11,3.4463e-11
6.4729e-11,6.6243e-11,5.4815e-11
1.4894e-11,1.1741e-11,1.8465e-11
6.6616e-11,4.9985e-11,3.5668e-11
6.3903e-11,4.8774e-11,3.1107e-11
1.9716e-11,2.1536e-11,1.7264e-11
6.3403e-11,5.1657e-11,3.3973e-11
3.5141e-11,2.3145e-11,3.1037e-11
3.789e-11,3.6003e-11,2.6756e-11
3.6135e-11,2.3912e-11,2.121e-11
4.6192e-11,3.8883e-11,2.8965e-11
1.4706e-11,2.0232e-11,2.053e-11
1.5369e-11,2.0457e-11,2.2004e-11
3.9095e-11,3.821e-11,2.4222e-11
6.2094e-11,5.2788e-11,3.1039e-11
2.6543e-11,3.27e-11,2.1612e-11
1.2381e-10,1.2633e-10,1.3889e-11
7.9136e-11,1.2067e-11,9.7432e-11
6.9389e-11,1.1906e-11,8.7912e-11
6.8571e-11,3.6334e-11,8.595e-11
9.6517e-11,2.9469e-11,1.128e-10
6.2643e-11,2.1831e-11,8.9637e-11
8.2135e-11,2.6756e-11,9.5218e-11
5.1858e-11,2.3612e-11,6.024e-11
7.0125e-11,3.0794e-11,8.4928e-11
8.9459e-11,5.1398e-11,7.1022e-11
3.1946e-11,1.2247e-11,3.2849e-11
3.6263e-11,2.6422e-11,4.6745e-11
3.6173e-11,2.5548e-11,3.4915e-11
3.6713e-11,2.3731e-11,3.3923e-11
2.5064e-11,1.3098e-11,2.3838e-11
4.6132e-11,2.6613e-11,4.3723e-11
6.1402e-11,5.1428e-11,6.5313e-11
2.6376e-11,2.1078e-11,2.5095e-11
1.8176e-10,6.0556e-11,8.6581e-11
2.1381e-11,1.3787e-11,2.0441e-11
2.7366e-11,3.1501e-11,2.8893e-11
2.8805e-11,2.1487e-11,2.6632e-11
1.7531e-11,1.971e-11,1.8159e-11
2.1862e-11,1.6926e-11,1.8074e-11
2.1843e-11,1.353e-11,1.7481e-11
2.8188e-11,3.4382e-11,2.6507e-11
7.3201e-11,4.5256e-11,3.074e-11
3.9041e-11,3.9027e-11,2.6485e-11
1.7383e-11,1.5755e-11,1.5849e-11
1.2719e-11,1.757e-11,2.5298e-11
2.8283e-11,3.1976e-11,2.9514e-11
1.7736e-11,2.1071e-11,2.6256e-11
1.2746e-10,1.2341e-10,1.5475e-11
1.6034e-11,1.8666e-11,3.969e-11
1.5798e-11,1.9436e-11,1.7613e-11
6.9696e-11,1.1947e-11,7.4307e-11
7.8106e-11,4.3725e-11,1.0252e-10
6.9421e-11,1.8114e-11,8.0585e-11
1.0717e-10,4.6147e-11,1.0466e-10
6.8059e-11,2.9136e-11,5.7145e-11
4.0488e-11,1.7845e-11,4.2735e-11
4.9057e-11,9.7768e-12,5.0996e-11
4.6438e-11,1.0336e-11,6.0581e-11
5.4373e-11,2.1645e-11,7.4068e-11
4.5307e-11,2.5947e-11,6.1065e-11
3.8469e-11,8.676e-12,4.3061e-11
8.9954e-11,5.2947e-11,8.8781e-11
3.9076e-11,2.1419e-11,5.7795e-11
3.5257e-11,1.4475e-11,3.72e-11
2.6973e-11,1.3147e-11,2.8857e-11
5.5761e-11,4.3922e-11,5.9948e-11
3.9817e-11,3.0983e-11,4.1511e-11
1.0496e-10,3.987e-11,6.8485e-11
4.6989e-11,3.0418e-11,4.2781e-11
4.9265e-11,4.0105e-11,3.8799e-11
4.4287e-11,3.3523e-11,2.8465e-11
4.5687e-11,4.6676e-11,4.1049e-11
5.8983e-11,6.8261e-11,5.0076e-11
1.111e-11,1.1989e-11,1.371e-11
2.8232e-11,3.1241e-11,2.8442e-11
6.0749e-11,4.2604e-11,2.5971e-11
1.4708e-11,1.8693e-11,1.6918e-11
1.2807e-11,1.2554e-11,1.8623e-11
8.9719e-11,9.0912e-11,2.336e-11
3.3097e-11,4.009e-11,3.3686e-11
9.2625e-11,9.7245e-11,2.5239e-11
9.6014e-11,9.6582e-11,2.0979e-11
5.3048e-11,6.457e-11,4.0888e-11
1.2334e-10,1.1417e-10,1.368e-11
5.7729e-11,5.3939e-11,3.6189e-11
2.4444e-11,1.8197e-11,2.0658e-11
3.642e-11,8.3678e-11,4.6581e-11
4.3304e-11,5.5152e-11,4.193e-11
1.3175e-10,1.1477e-10,2.4838e-11
6.1452e-11,8.756e-12,6.8251e-11
6.4542e-11,2.2329e-11,7.6736e-11
8.7393e-11,4.9118e-11,6.7536e-11
8.2389e-11,4.8921e-11,6.7632e-11
3.6082e-11,1.7644e-11,3.346e-11
3.2761e-11,1.2767e-11,3.4655e-11
5.5974e-11,3.3238e-11,4.6515e-11
3.6899e-11,2.0429e-11,3.188e-11
3.3666e-11,1.2425e-11,3.1169e-11
8.919e-11,3.3054e-11,7.503e-11
3.3927e-11,3.0211e-11,4.2622e-11
1.8522e-10,5.2202e-11,9.0952e-11
1.4026e-10,4.7923e-11,9.6334e-11
6.5157e-11,5.752e-11,6.4909e-11
3.6883e-11,2.7108e-11,3.6941e-11
3.1887e-11,2.3519e-11,3.6933e-11
5.7296e-11,5.5265e-11,5.3007e-11
2.8453e-11,3.619e-11,3.4316e-11
4.0959e-11,2.7586e-11,3.7473e-11
6.2996e-11,4.405e-11,4.368e-11
1.6841e-11,1.5691e-11,1.7515e-11
5.5633e-11,3.9987e-11,4.1215e-11
5.1801e-11,4.0306e-11,2.6384e-11
6.1362e-11,6.5357e-11,5.4017e-11
6.0464e-11,4.5049e-11,3.028e-11
2.2509e-11,2.0394e-11,1.8359e-11
6.0693e-11,4.5196e-11,2.9008e-11
6.073e-11,5.0113e-11,3.1282e-11
2.6945e-11,3.0675e-11,3.1625e-11
2.4861e-11,2.2635e-11,2.0952e-11
1.8332e-11,2.1598e-11,2.1272e-11
8.3581e-11,8.2182e-11,3.9511e-11
2.0581e-11,2.2864e-11,1.7603e-11
1.142e-11,1.4523e-11,1.3294e-11
2.002e-11,1.6522e-11,2.6646e-11
5.3823e-11,5.0911e-11,3.4842e-11
4.6927e-11,4.0461e-11,2.1857e-11
2.2137e-11,2.1602e-11,2.3195e-11
2.0874e-11,1.8692e-11,1.622e-11
3.5606e-11,3.6384e-11,4.1416e-11
9.7923e-11,9.7452e-11,1.1691e-11
9.1851e-11,1.0279e-10,1.6793e-11
2.9709e-11,2.8579e-11,2.4349e-11
6.2913e-11,6.1645e-11,3.0191e-11
1.5983e-11,2.0386e-11,3.1073e-11
2.3608e-11,3.5159e-11,5.0364e-11
1.6725e-11,3.1483e-11,2.2184e-11
1.9255e-11,2.3546e-11,2.4488e-11
2.0285e-11,2.0263e-11,1.9298e-11
7.9088e-11,6.3948e-11,5.8089e-11
1.741e-11,3.0744e-11,2.0493e-11
1.2478e-10,1.2086e-10,1.5338e-11
2.1679e-11,2.1042e-11,1.7751e-11
9.1515e-11,7.3918e-11,4.6988e-11
9.8716e-11,1.0491e-11,1.1446e-10
7.9262e-11,1.9168e-11,9.9853e-11
7.2764e-11,1.728e-11,9.3275e-11
7.8152e-11,1.685e-11,1.0079e-10
6.7713e-11,3.2549e-11,8.5488e-11
7.2378e-11,2.6427e-11,9.2042e-11
8.0418e-11,4.6621e-11,6.523e-11
1.0857e-10,3.8763e-11,9.7255e-11
6.5685e-11,2.7686e-11,4.5095e-11
3.747e-11,1.194e-11,4.2476e-11
3.5849e-11,1.2901e-11,4.6681e-11
2.8517e-11,1.2957e-11,2.7944e-11
2.0761e-10,6.3915e-11,9.6804e-11
1.092e-10,4.5848e-11,8.9675e-11
1.0085e-10,3.6496e-11,7.0022e-11
2.8383e-11,1.8132e-11,2.705e-11
2.9454e-11,1.8216e-11,2.5712e-11
6.3811e-11,6.4352e-11,5.5459e-11
9.9951e-11,6.1959e-11,5.4604e-11
2.1544e-11,1.9905e-11,2.3594e-11
2.1407e-11,2.0209e-11,2.0507e-11
4.4063e-11,3.3989e-11,2.7708e-11
4.2404e-11,4.7207e-11,4.3558e-11
2.1925e-11,1.9692e-11,2.1895e-11
5.0479e-11,5.5244e-11,4.3955e-11
7.5111e-11,8.2147e-11,3.3693e-11
2.7318e-11,2.8451e-11,2.4372e-11
7.512e-11,1.1069e-10,2.9711e-11
2.501e-11,2.2271e-11,2.5033e-11
1.4861e-11,1.2329e-11,1.5564e-11
6.7457e-11,4.9981e-11,2.8875e-11
6.3624e-11,3.9942e-11,3.0085e-11
6.9608e-11,3.9903e-11,3.2364e-11
1.4655e-11,1.3555e-11,1.5019e-11
1.4663e-11,1.8311e-11,1.7597e-11
8.228e-11,9.0304e-11,2.5582e-11
8.8233e-11,8.3875e-11,3.3701e-11
9.2338e-11,7.8448e-11,4.7266e-11
2.1219e-11,2.4391e-11,2.5098e-11
1.0503e-10,7.6632e-11,3.2378e-11
9.6729e-11,9.2684e-11,2.175e-11
1.1168e-10,1.0888e-10,3.9804e-11
1.1278e-10,1.4806e-10,3.5443e-11
1.2071e-10,1.0958e-10,4.2701e-11
2.3797e-11,2.5543e-11,1.8367e-11
2.4646e-11,2.7808e-11,2.8172e-11
1.2132e-10,1.3366e-10,1.9392e-11
2.3158e-11,2.4029e-11,1.8048e-11
6.0274e-11,5.7862e-11,3.5312e-11
1.2105e-10,1.3885e-10,2.0283e-11
3.7714e-11,4.9293e-11,3.7622e-11
2.3559e-11,4.4324e-11,4.8311e-11
9.7916e-11,9.2806e-11,1.2074e-11
6.7126e-11,5.9028e-11,6.0663e-11
2.9548e-11,3.4646e-11,3.1696e-11
2.3682e-11,1.7596e-11,2.1612e-11
2.19e-11,1.6587e-11,2.7149e-11
9.0944e-11,8.5895e-12,9.6715e-11
8.1459e-11,2.944e-11,1.1132e-10
8.2139e-11,3.4067e-11,1.0815e-10
6.6867e-11,2.5848e-11,8.7774e-11
6.1514e-11,6.2024e-12,6.9939e-11
1.1234e-10,3.9057e-11,1.1134e-10
7.3055e-11,2.7248e-11,8.8821e-11
6.1025e-11,2.0415e-11,7.5719e-11
9.0175e-11,4.9594e-11,6.9507e-11
3.7907e-11,1.5431e-11,3.9344e-11
3.645e-11,1.1556e-11,4.2872e-11
2.8978e-11,1.2554e-11,2.8729e-11
3.8883e-11,2.0747e-11,4.9774e-11
4.3871e-11,3.4299e-11,4.3236e-11
3.6806e-11,3.1328e-11,4.4783e-11
4.5628e-11,2.7168e-11,5.1404e-11
2.6596e-11,1.5148e-11,3.4912e-11
7.4292e-11,4.7483e-11,4.9943e-11
4.813e-11,5.0022e-11,4.4021e-11
3.6085e-11,3.2595e-11,2.8881e-11
4.856e-11,4.0227e-11,3.6576e-11
1.7888e-11,2.0587e-11,1.6586e-11
7.4971e-11,1.1035e-10,2.4278e-11
7.0438e-11,8.8111e-11,3.4237e-11
7.1498e-11,4.999e-11,3.0035e-11
3.5356e-11,4.2166e-11,3.4501e-11
7.6428e-11,9.1458e-11,2.4311e-11
1.8124e-11,2.4232e-11,1.8563e-11
1.1486e-11,1.6501e-11,1.4757e-11
1.03e-10,7.8741e-11,2.6528e-11
7.5596e-11,5.7029e-11,3.0265e-11
1.2111e-11,1.3989e-11,1.5628e-11
1.9136e-11,1.6944e-11,1.4933e-11
2.8706e-11,3.1593e-11,2.4008e-11
1.6714e-11,1.5537e-11,1.8474e-11
7.2805e-11,6.2538e-11,3.5088e-11
1.8389e-11,3.2485e-11,3.9668e-11
8.0567e-11,6.1059e-11,3.512e-11
5.9396e-11,5.6386e-11,3.7201e-11
2.2863e-11,2.0652e-11,1.6286e-11
2.7517e-11,2.2696e-11,2.4168e-11
1.0397e-10,9.5335e-11,1.3507e-11
4.6823e-11,4.6336e-11,3.5425e-11
3.0834e-11,3.7145e-11,3.5037e-11
1.8753e-11,2.1781e-11,2.6546e-11
1.3043e-10,1.483e-10,3.078e-11
5.9685e-11,5.5503e-11,5.2556e-11
8.1411e-11,6.2054e-11,2.5884e-11
9.2605e-11,8.28e-11,6.3968e-11
9.5217e-11,9.0564e-12,1.0072e-10
7.8286e-11,9.3532e-12,9.401e-11
5.9149e-11,1.4976e-11,7.1078e-11
5.72e-11,1.0491e-11,6.2172e-11
9.1766e-11,3.3427e-11,1.0841e-10
4.7943e-11,1.4757e-11,5.5026e-11
5.3078e-11,1.244e-11,7.1048e-11
1.0663e-10,5.7087e-11,7.8888e-11
6.4654e-11,1.9113e-11,7.9847e-11
3.1872e-11,1.3006e-11,3.1756e-11
6.8705e-11,4.6015e-11,6.5738e-11
2.6418e-11,1.1537e-11,2.6437e-11
3.1852e-11,1.716e-11,4.3849e-11
6.121e-11,4.2571e-11,5.9903e-11
4.9879e-11,2.2466e-11,6.119e-11
3.4489e-11,2.0489e-11,2.9299e-11
1.9518e-10,7.7547e-11,8.5869e-11
2.5011e-11,1.7099e-11,2.1525e-11
3.3194e-11,1.4153e-11,4.3695e-11
5.5698e-11,3.1729e-11,5.6646e-11
2.38e-11,1.7411e-11,2.17e-11
2.3551e-11,2.028e-11,2.885e-11
3.8942e-11,3.6511e-11,3.2177e-11
1.8314e-11,1.8958e-11,1.8554e-11
4.8795e-11,3.8447e-11,3.9375e-11
2.9628e-11,3.2797e-11,2.9701e-11
5.6797e-11,4.54e-11,3.4818e-11
2.1872e-11,1.9632e-11,1.7436e-11
5.7992e-11,7.8552e-11,3.3232e-11
6.3775e-11,8.2385e-11,4.0127e-11
2.2401e-11,2.0755e-11,1.8199e-11
6.5875e-11,9.1456e-11,3.5756e-11
1.82e-11,2.3865e-11,2.0364e-11
1.4578e-11,1.6972e-11,2.0272e-11
1.682e-11,1.9449e-11,2.2843e-11
2.2559e-11,2.3187e-11,1.7556e-11
1.3476e-11,1.9e-11,1.7028e-11
7.9923e-11,5.6448e-11,3.6555e-11
1.8216e-11,1.706e-11,1.8463e-11
3.332e-11,2.9571e-11,2.8272e-11
1.9614e-11,1.9002e-11,2.2363e-11
3.8415e-11,4.7742e-11,3.5513e-11
1.1904e-10,1.3443e-10,2.1682e-11
7.019e-11,5.8227e-11,2.811e-11
1.246e-10,1.3613e-10,1.9756e-11
7.2547e-11,6.7775e-11,2.7633e-11
7.8336e-11,7.3963e-11,5.5386e-11
1.6619e-11,1.8018e-11,2.1883e-11
1.4684e-11,1.3155e-11,2.0893e-11
2.7314e-11,2.854e-11,4.6841e-11
2.312e-11,2.002e-11,1.966e-11
4.461e-11,4.3962e-11,3.1296e-11
7.0414e-11,8.2424e-11,4.9056e-11
7.9752e-11,1.3193e-11,9.2896e-11
1.0236e-10,3.2033e-11,1.1645e-10
5.2104e-11,1.1354e-11,5.7469e-11
4.0569e-11,1.3666e-11,4.7995e-11
4.0267e-11,1.4047e-11,5.6561e-11
3.9481e-11,1.2444e-11,4.2826e-11
3.5284e-11,1.3452e-11,4.7404e-11
3.3433e-11,1.0872e-11,4.0069e-11
2.9788e-11,1.9174e-11,3.1999e-11
2.5738e-11,1.5228e-11,2.7514e-11
2.0665e-10,7.5445e-11,1.1038e-10
2.5034e-11,1.6839e-11,2.1064e-11
3.5313e-11,3.6726e-11,3.5118e-11
4.8251e-11,2.8677e-11,4.281e-11
2.5917e-11,2.4382e-11,2.6686e-11
2.0218e-11,1.8712e-11,2.0122e-11
5.762e-11,7.9448e-11,3.5987e-11
2.0688e-11,1.5288e-11,1.71e-11
4.5962e-11,4.4271e-11,3.367e-11
5.7406e-11,4.845e-11,3.3538e-11
5.8881e-11,7.9635e-11,3.2943e-11
5.9287e-11,7.7229e-11,3.1624e-11
6.8999e-11,7.3263e-11,3.0311e-11
5.053e-11,6.2371e-11,3.7798e-11
1.5015e-11,1.446e-11,1.8663e-11
1.3596e-11,1.5923e-11,1.2996e-11
1.2246e-10,1.8097e-10,2.349e-11
2.2145e-11,3.1412e-11,3.3224e-11
1.0841e-10,1.0918e-10,2.3196e-11
2.5472e-11,2.9934e-11,2.9894e-11
1.0394e-10,8.978e-11,1.8523e-11
7.2246e-11,6.9915e-11,2.6188e-11
1.2413e-10,1.4762e-10,3.1046e-11
1.5879e-11,1.6679e-11,1.7105e-11
1.66e-11,1.7109e-11,2.3778e-11
2.8136e-11,2.7273e-11,2.1753e-11
1.7675e-11,1.5782e-11,1.6727e-11
1.0297e-10,7.9241e-11,2.8927e-11
1.0824e-10,1.4675e-10,9.9852e-12
8.1312e-11,1.1119e-11,9.5643e-11
8.5486e-11,3.0507e-11,1.0459e-10
4.8772e-11,2.0074e-11,6.0827e-11
7.4991e-11,2.5919e-11,9.5673e-11
1.0378e-10,3.6488e-11,1.0896e-10
1.0904e-10,6.2726e-11,7.4951e-11
6.484e-11,3.1483e-11,4.4326e-11
3.3808e-11,1.1429e-11,4.0641e-11
1.4404e-10,4.0541e-11,9.2789e-11
1.693e-10,5.3294e-11,1.0182e-10
3.2069e-11,1.8144e-11,2.6713e-11
2.865e-11,2.2716e-11,2.9624e-11
4.6614e-11,2.7181e-11,4.3065e-11
2.59e-11,1.282e-11,2.7711e-11
3.0292e-11,9.6788e-12,3.4319e-11
4.0064e-11,2.3685e-11,3.3372e-11
4.5386e-11,2.0709e-11,5.5852e-11
3.0647e-11,1.4166e-11,4.0348e-11
2.8341e-11,1.5734e-11,2.6474e-11
2.2011e-11,1.4671e-11,2.168e-11
1.0935e-10,5.5523e-11,6.4691e-11
4.5232e-11,3.0536e-11,4.8561e-11
5.5648e-11,3.5965e-11,4.0315e-11
6.7651e-11,4.8861e-11,4.3721e-11
4.8813e-11,4.2594e-11,4.3373e-11
2.4297e-11,2.4434e-11,1.802e-11
1.9917e-11,1.9108e-11,2.5146e-11
2.3603e-11,1.7224e-11,2.0161e-11
2.9433e-11,3.6097e-11,3.2393e-11
2.0446e-11,1.8732e-11,1.8693e-11
6.8458e-11,6.779e-11,3.2364e-11
8.0427e-11,1.189e-10,2.596e-11
2.733e-11,2.9656e-11,1.8186e-11
1.2575e-11,1.6005e-11,1.8074e-11
1.0826e-10,1.3038e-10,1.6217e-11
4.2941e-11,5.0787e-11,3.5408e-11
2.8119e-11,3.7692e-11,3.1155e-11
1.4465e-10,1.7866e-10,2.0105e-11
1.1948e-10,1.0467e-10,1.5451e-11
1.4004e-10,1.7255e-10,3.9114e-11
2.5292e-11,2.1052e-11,2.167e-11
8.5826e-11,8.0948e-11,3.0506e-11
9.9383e-11,1.3805e-11,1.1449e-10
8.2398e-11,1.2708e-11,9.5165e-11
7.9635e-11,2.0995e-11,1.0001e-10
6.9525e-11,1.2765e-11,8.182e-11
5.2125e-11,1.8032e-11,5.7554e-11
4.6314e-11,1.3828e-11,5.7709e-11
8.9368e-11,3.4741e-11,9.9036e-11
3.9883e-11,9.3e-12,4.9152e-11
3.6163e-11,1.2429e-11,4.6066e-11
4.5829e-11,1.8471e-11,4.2196e-11
2.796e-11,9.2124e-12,2.8513e-11
1.1152e-10,3.8588e-11,9.3696e-11
2.7126e-11,1.654e-11,2.6032e-11
2.7823e-11,9.5574e-12,3.239e-11
3.4145e-11,1.7687e-11,2.7202e-11
2.6512e-11,2.1304e-11,2.823e-11
5.8151e-11,4.9184e-11,5.3519e-11
2.4421e-11,1.4736e-11,2.2587e-11
2.3833e-11,1.8365e-11,2.3956e-11
3.2481e-11,3.3657e-11,3.0328e-11
6.1687e-11,8.4695e-11,3.9573e-11
4.6654e-11,3.7037e-11,3.4324e-11
7.0162e-11,1.1433e-10,2.9132e-11
5.9507e-11,5.0295e-11,4.2696e-11
4.9094e-11,4.2587e-11,3.3172e-11
6.5022e-11,4.6265e-11,2.9236e-11
1.783e-11,2.3411e-11,1.7267e-11
6.8497e-11,4.6554e-11,2.6117e-11
1.5793e-11,2.4673e-11,2.6177e-11
5.9133e-11,7.0849e-11,4.4491e-11
8.2564e-11,8.2768e-11,2.2813e-11
7.3629e-11,9.8176e-11,2.5558e-11
7.5706e-11,6.568e-11,4.1081e-11
2.6016e-11,3.2003e-11,2.2872e-11
8.4384e-11,6.9249e-11,3.1025e-11
1.6549e-11,2.0376e-11,2.0439e-11
2.1527e-11,3.5407e-11,3.8239e-11
1.5302e-11,1.6149e-11,1.3863e-11
1.0625e-10,7.6902e-11,2.1802e-11
2.0394e-11,2.9601e-11,2.9613e-11
1.8172e-11,2.4283e-11,1.7515e-11
2.425e-11,2.7304e-11,1.9581e-11
2.3521e-11,2.5885e-11,3.97e-11
1.398e-10,1.7466e-10,4.3897e-11
7.699e-11,6.7028e-11,2.5369e-11
2.0442e-11,2.3599e-11,2.1824e-11
1.2453e-10,1.8216e-10,1.2906e-11
9.7437e-11,1.2504e-11,1.0975e-10
7.5779e-11,1.0755e-11,8.873e-11
6.7799e-11,1.1679e-11,8.0455e-11
7.4167e-11,1.3505e-11,8.6236e-11
6.1764e-11,1.3848e-11,7.6495e-11
5.8458e-11,2.9856e-11,7.0643e-11
8.9066e-11,2.7787e-11,1.0735e-10
1.0972e-10,6.1824e-11,8.149e-11
6.9458e-11,3.1706e-11,4.6233e-11
7.9882e-11,5.3005e-11,7.4944e-11
2.8339e-11,8.7992e-12,3.2531e-11
2.7764e-11,1.2734e-11,2.7505e-11
3.2688e-11,1.2091e-11,4.2924e-11
3.5997e-11,1.8611e-11,2.8577e-11
2.6158e-11,9.8427e-12,3.5182e-11
3.4659e-11,2.3269e-11,4.922e-11
6.1847e-11,2.7765e-11,6.837e-11
2.5758e-11,1.7454e-11,2.4698e-11
1.8997e-10,7.6605e-11,7.9587e-11
1.7729e-10,7.0837e-11,7.6014e-11
6.6018e-11,5.7997e-11,5.8236e-11
2.5481e-11,1.4423e-11,2.7573e-11
2.5101e-11,1.8415e-11,2.5418e-11
2.3489e-11,1.5399e-11,2.3986e-11
2.4149e-11,1.3436e-11,2.4638e-11
1.7757e-11,1.771e-11,1.774e-11
3.8998e-11,3.9074e-11,3.0743e-11
2.0297e-11,2.3263e-11,2.4652e-11
1.8813e-11,2.1521e-11,2.2012e-11
5.0202e-11,4.2232e-11,3.9861e-11
4.7314e-11,6.5865e-11,3.394e-11
5.8214e-11,7.7724e-11,4.1632e-11
1.7971e-11,1.6646e-11,2.1596e-11
5.4846e-11,6.4803e-11,4.4295e-11
2.5853e-11,3.0329e-11,1.8879e-11
1.9164e-11,1.964e-11,2.7123e-11
1.339e-11,1.6197e-11,1.5761e-11
1.174e-10,1.7677e-10,4.2496e-11
1.27e-10,1.9185e-10,4.2487e-11
1.92e-11,1.5552e-11,2.0726e-11
8.42e-11,5.238e-11,4.4126e-11
7.6454e-11,5.515e-11,3.3702e-11
2.6825e-11,3.8416e-11,1.6451e-11
2.1889e-11,2.2509e-11,1.7756e-11
9.1305e-11,6.1838e-11,2.3422e-11
9.4735e-11,6.2549e-11,3.0974e-11
1.143e-10,1.601e-10,2.9755e-11
1.1513e-10,1.5315e-10,2.9002e-11
1.7209e-11,1.8575e-11,1.8045e-11
2.5884e-11,1.9134e-11,2.2935e-11
7.0261e-11,7.1067e-11,3.0486e-11
8.651e-11,6.9041e-11,4.0587e-11
1.3453e-10,1.8515e-10,4.2612e-11
8.219e-11,9.1727e-11,5.747e-11
8.9182e-11,1.2922e-11,1.0416e-10
7.6257e-11,1.4196e-11,9.0701e-11
7.219e-11,1.9342e-11,1.0073e-10
6.9259e-11,1.6447e-11,9.3359e-11
9.1567e-11,4.355e-11,6.959e-11
4.281e-11,1.4824e-11,4.7294e-11
6.8283e-11,3.4571e-11,5.1501e-11
3.6947e-11,3.6505e-11,4.3129e-11
4.8538e-11,1.52e-11,6.0453e-11
5.0416e-11,3.6756e-11,3.9862e-11
1.1694e-10,4.338e-11,8.2335e-11
2.4371e-11,1.7552e-11,2.229e-11
2.336e-11,2.1684e-11,2.0474e-11
3.4409e-11,2.8005e-11,4.0307e-11
6.555e-11,6.7331e-11,5.6817e-11
4.287e-11,4.5629e-11,4.2895e-11
2.5719e-11,2.3848e-11,3.0896e-11
5.4864e-11,3.8628e-11,4.4568e-11
2.0474e-11,2.0725e-11,2.4459e-11
6.1388e-11,7.9235e-11,3.0597e-11
2.2255e-11,1.5977e-11,2.0599e-11
2.2369e-11,2.0942e-11,1.978e-11
2.4156e-11,2.1372e-11,2.1607e-11
7.7061e-11,1.1504e-10,2.6816e-11
6.9002e-11,4.4986e-11,3.2848e-11
7.5195e-11,5.0283e-11,2.9837e-11
8.5922e-11,9.2417e-11,1.8701e-11
1.2189e-10,1.7277e-10,3.4658e-11
1.2094e-10,1.6841e-10,3.4172e-11
7.839e-11,4.9354e-11,3.2821e-11
4.8267e-11,5.6517e-11,3.5735e-11
1.5663e-11,1.5866e-11,1.26e-11
2.1677e-11,2.0565e-11,1.659e-11
9.8427e-11,6.2367e-11,4.9494e-11
1.0788e-10,1.0959e-10,1.3762e-11
7.6244e-11,8.2666e-11,2.4947e-11
8.5834e-11,9.7094e-11,4.6173e-11
9.0842e-11,5.9341e-11,3.4053e-11
3.125e-11,3.2926e-11,5.8857e-11
9.4003e-11,1.0462e-10,7.8633e-11
8.7415e-11,6.8511e-11,3.2248e-11
8.7617e-11,9.7409e-12,1.0164e-10
9.6709e-11,5.5371e-11,8.7993e-11
4.8275e-11,7.9047e-12,6.144e-11
5.8576e-11,2.4091e-11,7.9883e-11
5.841e-11,2.739e-11,6.3382e-11
4.5793e-11,1.1646e-11,5.831e-11
4.2673e-11,1.9323e-11,4.9552e-11
4.8909e-11,1.8068e-11,5.168e-11
5.4629e-11,2.2297e-11,4.9996e-11
3.805e-11,3.2971e-11,4.3845e-11
6.7648e-11,5.1815e-11,7.5594e-11
4.883e-11,4.2426e-11,5.0864e-11
3.2229e-11,1.263e-11,4.4389e-11
6.7973e-11,6.3017e-11,5.9861e-11
2.2197e-11,2.0845e-11,2.2416e-11
2.9668e-11,2.9029e-11,2.6831e-11
3.3538e-11,1.8834e-11,3.2633e-11
3.9827e-11,2.4229e-11,3.9188e-11
6.4576e-11,3.1984e-11,5.1313e-11
3.7882e-11,4.0126e-11,3.2191e-11
5.4007e-11,5.7439e-11,4.9558e-11
2.5755e-11,3.1428e-11,2.358e-11
6.4234e-11,7.9528e-11,5.3885e-11
3.2881e-11,3.9407e-11,3.0567e-11
4.4266e-11,4.9999e-11,4.7315e-11
1.8627e-11,1.682e-11,1.5752e-11
1.4535e-11,2.0391e-11,1.5305e-11
1.3275e-10,1.8131e-10,3.6965e-11
2.0969e-11,1.6309e-11,2.2144e-11
2.8019e-11,4.5005e-11,4.8702e-11
1.0872e-10,1.484e-10,1.4476e-11
1.3824e-10,1.6401e-10,2.283e-11
1.6459e-11,2.0004e-11,2.1064e-11
5.197e-11,6.5649e-11,4.4709e-11
2.2773e-11,2.172e-11,1.7763e-11
1.0959e-10,1.0538e-10,1.511e-11
4.8823e-11,2.9186e-11,1.7705e-11
1.5691e-11,1.589e-11,2.209e-11
8.8815e-11,1.0105e-10,3.1389e-11
3.0227e-11,3.0719e-11,2.1543e-11
9.7934e-11,1.015e-10,2.2908e-11
3.677e-11,3.7451e-11,2.5243e-11
1.223e-10,1.653e-10,1.2001e-11
9.3234e-11,1.1662e-10,3.7852e-11
7.1193e-11,2.389e-11,9.7585e-11
5.6898e-11,1.7189e-11,6.3765e-11
5.6903e-11,2.2818e-11,7.7269e-11
5.4856e-11,2.5254e-11,7.8462e-11
4.4149e-11,1.3162e-11,5.8613e-11
3.6056e-11,2.6197e-11,4.3079e-11
7.6082e-11,2.7641e-11,7.0541e-11
4.0434e-11,1.6035e-11,4.4408e-11
4.6857e-11,3.5368e-11,4.6359e-11
3.1185e-11,2.7767e-11,3.3891e-11
7.9231e-11,7.782e-11,4.7562e-11
6.1796e-11,3.8131e-11,5.1108e-11
5.0499e-11,1.1412e-10,4.1982e-11
6.8294e-11,5.3984e-11,4.5626e-11
4.6631e-11,6.6007e-11,3.8345e-11
1.4852e-11,1.2815e-11,1.702e-11
5.9318e-11,6.7177e-11,4.6738e-11
3.4374e-11,3.6104e-11,2.3512e-11
2.4141e-11,2.4074e-11,1.7767e-11
3.6846e-11,3.8499e-11,2.8804e-11
1.9309e-11,2.1174e-11,1.8254e-11
8.8827e-11,1.2456e-10,3.1966e-11
3.3928e-11,3.6336e-11,2.6303e-11
1.1392e-10,1.3942e-10,1.5365e-11
9.4922e-11,1.3192e-10,2.3335e-11
1.1554e-10,1.444e-10,1.8369e-11
1.1254e-10,1.9451e-10,1.6685e-11
1.132e-10,1.9268e-10,1.5711e-11
7.8609e-11,1.7549e-11,1.0767e-10
8.3877e-11,3.8145e-11,8.5994e-11
5.0986e-11,1.5527e-11,6.8073e-11
4.1482e-11,8.5984e-12,5.9889e-11
3.3105e-11,1.8443e-11,4.0501e-11
4.5852e-11,1.6348e-11,6.0696e-11
3.6211e-11,2.039e-11,3.37e-11
1.434e-10,5.0664e-11,8.1615e-11
3.3556e-11,2.705e-11,3.6279e-11
2.455e-11,1.9126e-11,2.4966e-11
4.1887e-11,2.5609e-11,4.755e-11
3.1585e-11,2.1389e-11,2.3101e-11
2.8094e-11,2.2006e-11,2.275e-11
2.3842e-11,2.3716e-11,2.3099e-11
2.6413e-11,1.2853e-11,2.7551e-11
8.2142e-11,7.5377e-11,5.4237e-11
2.4799e-11,2.1953e-11,2.19e-11
2.4973e-11,2.2478e-11,1.9191e-11
7.8805e-11,1.3455e-10,3.7813e-11
1.481e-11,1.426e-11,1.255e-11
1.6507e-11,1.3708e-11,2.0384e-11
9.383e-11,1.4643e-10,3.1253e-11
6.966e-11,1.094e-10,3.2479e-11
2.2715e-11,1.6906e-11,1.8362e-11
5.1135e-11,5.9294e-11,4.4492e-11
2.3676e-11,2.2331e-11,1.9223e-11
1.2053e-10,1.6119e-10,1.3303e-11
1.0354e-10,1.2046e-10,5.1711e-11
7.7939e-11,1.8398e-11,1.0757e-10
7.0802e-11,2.5931e-11,7.695e-11
1.021e-10,4.2022e-11,8.9234e-11
5.2091e-11,1.0871e-11,6.4868e-11
4.9039e-11,1.7128e-11,4.8393e-11
9.279e-11,5.2904e-11,6.6948e-11
3.6016e-11,1.2368e-11,4.1472e-11
4.5594e-11,3.9092e-11,3.8617e-11
3.0967e-11,2.5226e-11,2.7798e-11
1.92e-11,1.5739e-11,1.7104e-11
2.9737e-11,1.3221e-11,2.8685e-11
4.6241e-11,2.1483e-11,3.9014e-11
6.0162e-11,6.3896e-11,5.7448e-11
7.5914e-11,1.3238e-10,4.0779e-11
3.9711e-11,4.3877e-11,3.6728e-11
5.8376e-11,6.6138e-11,4.4894e-11
6.902e-11,1.0159e-10,2.3484e-11
5.1483e-11,5.8795e-11,3.7915e-11
4.0627e-11,4.1632e-11,3.1126e-11
1.3647e-11,1.4577e-11,1.764e-11
2.0352e-11,2.54e-11,2.3222e-11
4.7669e-11,6.049e-11,4.3021e-11
1.1294e-10,2.1363e-10,1.7311e-11
2.4614e-11,2.3235e-11,2.4854e-11
1.9161e-11,1.7045e-11,1.6011e-11
2.5407e-11,1.6719e-11,1.7599e-11
9.0457e-11,1.2913e-10,1.2326e-11
1.0526e-10,1.2491e-10,1.9467e-11
4.482e-11,3.3159e-11,5.8656e-11
8.3313e-11,1.6393e-11,1.1708e-10
1.0232e-10,5.5355e-11,7.2998e-11
9.1188e-11,5.0887e-11,6.5982e-11
4.4825e-11,1.1276e-11,6.4314e-11
3.6056e-11,1.1096e-11,4.0689e-11
7.9601e-11,6.0851e-11,7.7094e-11
7.1809e-11,5.7373e-11,6.7426e-11
1.1295e-10,4.0602e-11,1.0628e-10
3.3777e-11,2.5022e-11,3.0439e-11
9.4571e-11,2.6048e-11,8.0571e-11
6.2545e-11,4.6425e-11,6.013e-11
3.5251e-11,1.4649e-11,4.1962e-11
1.4e-10,5.9783e-11,8.3986e-11
2.2828e-11,1.4448e-11,2.8275e-11
2.3317e-11,6.1362e-12,2.1799e-11
2.2253e-11,1.0075e-11,2.4488e-11
2.2523e-11,1.3835e-11,2.491e-11
2.2459e-11,1.5574e-11,2.4016e-11
5.8755e-11,2.4862e-11,5.0995e-11
2.1687e-11,2.0368e-11,2.7549e-11
8.5804e-11,6.5657e-11,5.0431e-11
4.0479e-11,3.7173e-11,4.7218e-11
1.9263e-11,1.7529e-11,2.389e-11
5.9797e-11,6.4844e-11,4.6029e-11
3.8781e-11,4.0041e-11,2.8167e-11
9.9239e-11,1.5478e-10,6.8e-11
1.03e-10,2.0755e-10,5.3389e-11
7.5201e-11,9.499e-11,2.8697e-11
8.1564e-11,9.3293e-11,3.5466e-11
8.7358e-11,1.1375e-10,1.6133e-11
1.1129e-10,2.0551e-10,2.4902e-11
1.8398e-11,1.979e-11,1.5508e-11
2.0939e-11,2.1912e-11,1.7693e-11
2.735e-11,2.4457e-11,2.6246e-11
3.495e-11,2.993e-11,4.3515e-11
8.4096e-11,6.3967e-11,3.741e-11
9.7179e-11,9.2753e-11,2.4045e-11
7.7324e-11,2.4494e-11,7.6056e-11
9.4943e-11,4.4427e-11,8.4835e-11
4.9749e-11,5.598e-12,6.1522e-11
6.4525e-11,2.0381e-11,9.0189e-11
5.7323e-11,1.704e-11,5.975e-11
7.5351e-11,4.1066e-11,6.4524e-11
8.2938e-11,3.0503e-11,9.9704e-11
4.153e-11,3.0614e-11,4.8241e-11
4.3083e-11,2.5942e-11,3.3201e-11
8.0202e-11,2.6298e-11,8.4528e-11
6.0221e-11,4.2964e-11,6.2455e-11
2.3997e-11,1.3337e-11,3.1997e-11
1.0323e-10,4.2914e-11,8.3332e-11
2.1366e-11,2.0406e-11,2.8546e-11
2.3511e-11,2.4136e-11,2.9862e-11
2.1662e-11,1.3403e-11,2.7127e-11
2.229e-11,1.6297e-11,2.6957e-11
2.1388e-11,1.3322e-11,2.4909e-11
2.8492e-11,2.0279e-11,2.8026e-11
2.4326e-11,1.4419e-11,3.6091e-11
6.2349e-11,1.1759e-10,4.5021e-11
2.7872e-11,3.0088e-11,2.5421e-11
5.9946e-11,1.2626e-10,5.0611e-11
1.9235e-11,1.9583e-11,1.5678e-11
4.5619e-11,9.2963e-11,3.5927e-11
2.4287e-11,3.2996e-11,2.2975e-11
1.2671e-11,1.6256e-11,1.7331e-11
1.3577e-11,1.2138e-11,1.4706e-11
1.5219e-11,1.4254e-11,1.5953e-11
1.5717e-11,1.9094e-11,1.8837e-11
4.0188e-11,4.2605e-11,2.7932e-11
2.8485e-11,3.2102e-11,2.6726e-11
2.9084e-11,2.2972e-11,2.0794e-11
2.2528e-11,1.9825e-11,2.0379e-11
1.105e-10,1.3268e-10,3.179e-11
2.2171e-11,1.9334e-11,1.8615e-11
3.6e-11,1.8839e-11,2.2416e-11
6.3713e-11,7.681e-11,3.1812e-11
9.4471e-11,6.5287e-11,3.7503e-11
1.0544e-10,1.4147e-10,1.7086e-11
5.4731e-11,1.2396e-11,7.0675e-11
4.0054e-11,1.123e-11,5.5036e-11
6.8735e-11,5.0859e-11,7.537e-11
3.2886e-11,1.5802e-11,3.4454e-11
3.2949e-11,2.8637e-11,3.2114e-11
2.6092e-11,1.6974e-11,2.2275e-11
3.1309e-11,2.2598e-11,3.4598e-11
2.2536e-11,1.7582e-11,2.7075e-11
6.6044e-11,6.3939e-11,5.5093e-11
2.6301e-11,3.7394e-11,3.8722e-11
2.2937e-11,2.3801e-11,1.8112e-11
6.1796e-11,6.088e-11,4.9441e-11
1.811e-11,1.7891e-11,1.6444e-11
1.7927e-11,1.4917e-11,1.7088e-11
1.4475e-11,1.3521e-11,2.0609e-11
4.3543e-11,4.5255e-11,3.4592e-11
8.573e-11,1.0356e-10,2.4705e-11
1.0487e-10,1.9023e-10,4.7438e-11
7.9232e-11,1.1376e-10,2.584e-11
2.3168e-11,2.9339e-11,2.443e-11
2.0286e-11,2.4256e-11,1.6531e-11
1.987e-11,1.7741e-11,1.6773e-11
8.9357e-11,1.6819e-10,2.988e-11
4.6452e-11,5.3168e-11,3.6477e-11
3.6507e-11,2.2047e-11,2.6828e-11
3.1025e-11,2.0235e-11,2.61e-11
7.6475e-11,6.8871e-11,2.0281e-11
2.2764e-11,2.8028e-11,1.8607e-11
3.3275e-11,1.9695e-11,2.8414e-11
8.7734e-11,1.2116e-10,1.3441e-11
4.3593e-11,4.438e-11,3.8247e-11
3.616e-11,3.4275e-11,2.2795e-11
8.5522e-11,7.8173e-11,9.3708e-11
6.8674e-11,1.199e-11,8.5071e-11
8.1164e-11,1.9726e-11,1.0629e-10
6.2672e-11,2.0607e-11,8.6939e-11
8.2645e-11,2.701e-11,7.1907e-11
5.5024e-11,1.0999e-11,7.3243e-11
1.1513e-10,6.0641e-11,8.6803e-11
4.0924e-11,1.7402e-11,4.2091e-11
8.3667e-11,4.3892e-11,7.6434e-11
3.3891e-11,1.1916e-11,3.8428e-11
5.3931e-11,3.9733e-11,7.0298e-11
3.2195e-11,1.2585e-11,2.7087e-11
3.238e-11,9.1885e-12,4.5229e-11
2.8015e-11,1.1007e-11,4.1408e-11
9.6925e-11,2.651e-11,8.3164e-11
3.6013e-11,1.8345e-11,5.5877e-11
2.9076e-11,2.1707e-11,2.9553e-11
2.2166e-11,1.5827e-11,2.0372e-11
2.9589e-11,2.5453e-11,2.7424e-11
4.3471e-11,3.3962e-11,3.8498e-11
2.0621e-11,1.7074e-11,2.1471e-11
2.6416e-11,1.6291e-11,2.4713e-11
4.5633e-11,3.9486e-11,3.7236e-11
2.0252e-11,1.134e-11,2.5e-11
2.1895e-11,1.2064e-11,2.3279e-11
7.7603e-11,1.0302e-10,4.5897e-11
5.3302e-11,5.5198e-11,4.7168e-11
6.4158e-11,1.463e-10,3.6695e-11
3.2785e-11,3.9712e-11,2.9972e-11
1.8612e-11,1.9181e-11,1.5894e-11
1.3615e-11,1.1205e-11,1.2392e-11
4.7988e-11,5.4333e-11,3.4703e-11
9.1724e-11,1.3056e-10,3.0709e-11
3.4767e-11,2.8315e-11,2.5387e-11
5.6708e-11,6.677e-11,4.4992e-11
4.2517e-11,4.2787e-11,2.696e-11
8.1294e-11,6.1284e-11,3.0065e-11
1.117e-10,1.3107e-10,2.2537e-11
9.0975e-11,6.0229e-11,4.1595e-11
1.8589e-11,1.8075e-11,2.0268e-11
9.6863e-11,1.4159e-10,1.3101e-11
2.1012e-11,1.9852e-11,2.5292e-11
7.8944e-11,1.2573e-10,3.5319e-11
9.9399e-11,1.3522e-10,1.3837e-11
7.0891e-11,8.0032e-11,2.5426e-11
8.3284e-11,6.3489e-11,4.7893e-11
7.7117e-11,1.0974e-11,9.6251e-11
9.0108e-11,1.7688e-11,1.1555e-10
7.297e-11,1.1757e-11,8.447e-11
8.7332e-11,2.0459e-11,1.2027e-10
6.5681e-11,1.0062e-11,8.3538e-11
5.4252e-11,9.6722e-12,6.8738e-11
7.634e-11,1.9004e-11,1.0225e-10
6.1537e-11,1.3596e-11,8.3131e-11
1.0084e-10,6.2689e-11,8.079e-11
4.1332e-11,1.156e-11,4.9473e-11
5.4657e-11,2.2028e-11,3.6671e-11
3.5255e-11,1.0446e-11,4.0735e-11
4.9534e-11,1.5255e-11,7.1789e-11
5.7998e-11,3.2038e-11,4.6548e-11
4.8103e-11,1.5045e-11,6.9787e-11
1.1002e-10,3.4203e-11,1.0123e-10
4.8514e-11,2.5772e-11,4.2643e-11
3.216e-11,1.4589e-11,5.0066e-11
6.2433e-11,4.4254e-11,6.8917e-11
4.6701e-11,3.6163e-11,5.5568e-11
4.1049e-11,2.2649e-11,6.0162e-11
2.5341e-11,1.8242e-11,3.6398e-11
6.5851e-11,5.2564e-11,5.8351e-11
2.198e-11,1.3448e-11,2.8812e-11
2.5328e-11,2.1475e-11,2.4986e-11
2.3209e-11,2.0818e-11,2.2598e-11
2.0948e-11,1.6192e-11,2.4308e-11
4.4455e-11,3.6956e-11,3.6283e-11
8.5096e-11,5.288e-11,5.245e-11
2.3352e-11,1.3905e-11,2.7532e-11
1.8157e-11,1.3868e-11,2.2411e-11
1.6398e-11,1.3287e-11,1.7409e-11
3.5074e-11,2.2347e-11,4.3278e-11
5.5957e-11,5.3695e-11,4.6968e-11
1.8538e-11,1.8384e-11,1.8375e-11
6.1334e-11,1.2014e-10,5.6412e-11
5.734e-11,6.0781e-11,4.5946e-11
1.0987e-10,1.8461e-10,4.0515e-11
5.1912e-11,5.7749e-11,3.8406e-11
2.871e-11,3.4661e-11,2.2601e-11
8.3269e-11,1.6446e-10,4.8509e-11
8.912e-11,1.9018e-10,4.1957e-11
3.2355e-11,2.7674e-11,2.5647e-11
7.6266e-11,6.0044e-11,3.0928e-11
1.7042e-11,1.673e-11,1.7716e-11
2.4784e-11,1.9272e-11,2.3057e-11
3.1965e-11,4.0821e-11,2.6308e-11
7.2885e-11,8.701e-11,4.4293e-11
7.7715e-11,1.2011e-11,9.2397e-11
6.8287e-11,1.0291e-11,8.4284e-11
7.5117e-11,2.2155e-11,1.0041e-10
5.4382e-11,1.537e-11,7.8485e-11
3.3946e-11,2.9559e-11,3.1302e-11
4.0797e-11,1.9066e-11,6.331e-11
3.4414e-11,8.0314e-12,4.5988e-11
2.4083e-11,2.0828e-11,3.4934e-11
2.6138e-11,2.1913e-11,2.8203e-11
2.0505e-11,1.5754e-11,2.2042e-11
2.1909e-11,1.1097e-11,2.2329e-11
2.1677e-11,2.2894e-11,2.6522e-11
3.3806e-11,2.4656e-11,5.0586e-11
1.7858e-11,1.6847e-11,1.7487e-11
2.2273e-11,2.1821e-11,3.0924e-11
1.7906e-11,1.0274e-11,2.0403e-11
2.5184e-11,1.2656e-11,2.6835e-11
3.4897e-11,3.3844e-11,3.3437e-11
8.2717e-11,1.506e-10,6.0986e-11
7.258e-11,1.754e-10,4.7811e-11
1.2758e-11,1.1412e-11,1.2415e-11
5.6013e-11,1.1126e-10,3.594e-11
1.7061e-11,1.7373e-11,2.1764e-11
8.0276e-11,1.0475e-10,4.2435e-11
1.9847e-11,1.6765e-11,1.4873e-11
2.1736e-11,1.9701e-11,1.9819e-11
4.1772e-11,2.4443e-11,5.2501e-11
5.663e-11,6.5627e-11,4.2448e-11
3.6036e-11,4.6164e-11,2.9773e-11
3.067e-11,3.5813e-11,2.0139e-11
1.7575e-11,1.6696e-11,1.5451e-11
9.3976e-11,1.4077e-10,1.4082e-11
8.4827e-11,1.6492e-10,2.247e-11
7.463e-11,1.1335e-11,9.2868e-11
5.718e-11,1.2529e-11,8.0388e-11
9.5381e-11,5.7622e-11,7.7876e-11
8.4121e-11,2.8388e-11,1.1117e-10
5.321e-11,1.6148e-11,6.9013e-11
5.1504e-11,1.5836e-11,7.5781e-11
4.5968e-11,2.5807e-11,4.1121e-11
3.8804e-11,1.199e-11,5.5981e-11
3.192e-11,9.074e-12,3.6456e-11
2.1909e-11,1.7924e-11,2.2913e-11
6.2371e-11,5.7301e-11,5.1973e-11
2.1207e-11,3.5304e-11,2.7982e-11
5.8011e-11,3.5539e-11,4.8789e-11
6.2286e-11,1.2506e-10,5.7217e-11
6.3288e-11,1.742e-10,6.18e-11
7.8175e-11,1.6182e-10,5.7319e-11
4.5174e-11,1.1844e-10,5.3715e-11
4.2512e-11,8.0626e-11,4.1575e-11
3.4476e-11,3.7742e-11,2.6422e-11
2.875e-11,2.697e-11,2.2789e-11
6.7406e-11,1.3086e-10,3.4054e-11
1.0789e-10,1.7852e-10,5.7154e-11
5.4991e-11,1.1188e-10,4.3748e-11
5.5768e-11,6.4275e-11,4.5607e-11
1.831e-11,1.7102e-11,1.5291e-11
9.3743e-11,1.8101e-10,2.8319e-11
6.9364e-11,1.3791e-10,3.6833e-11
9.1762e-11,1.0906e-10,3.2703e-11
8.1843e-11,5.8186e-11,4.0737e-11
1.8805e-11,1.4552e-11,1.0882e-11
3.8352e-11,2.4973e-11,2.7313e-11
3.0216e-11,3.782e-11,2.5984e-11
7.4712e-11,9.8409e-11,3.4821e-11
8.3776e-11,1.6072e-10,1.6595e-11
6.7542e-11,1.8199e-11,9.2167e-11
1.0416e-10,4.6442e-11,7.6641e-11
4.866e-11,1.4619e-11,6.096e-11
2.7918e-11,1.6877e-11,3.5803e-11
5.386e-11,3.8202e-11,5.9326e-11
3.2776e-11,1.9291e-11,2.7276e-11
6.5299e-11,4.9937e-11,6.2726e-11
2.2774e-11,1.6363e-11,3.597e-11
5.8965e-11,5.0373e-11,4.9476e-11
2.0121e-11,1.5149e-11,2.012e-11
2.3611e-11,1.8206e-11,2.9977e-11
8.1692e-11,4.7147e-11,5.1892e-11
8.706e-11,8.947e-11,5.0038e-11
1.7338e-11,1.6149e-11,1.895e-11
1.7443e-11,2.0868e-11,2.0726e-11
1.9846e-11,2.0178e-11,1.8717e-11
2.824e-11,4.7037e-11,4.0644e-11
5.2848e-11,1.35e-10,4.5414e-11
9.8906e-11,1.7231e-10,5.1425e-11
6.0982e-11,6.7785e-11,4.5119e-11
1.4983e-11,1.5991e-11,1.4769e-11
8.1375e-11,1.6779e-10,4.6051e-11
2.2463e-11,2.7401e-11,1.9758e-11
3.0956e-11,3.5166e-11,2.2529e-11
2.3423e-11,2.1344e-11,1.9575e-11
2.0617e-11,2.88e-11,1.7909e-11
8.3343e-11,1.7005e-10,4.121e-11
8.7328e-11,1.3496e-10,2.7258e-11
7.647e-11,1.1256e-10,3.535e-11
7.7344e-11,1.5253e-10,2.2466e-11
3.5161e-11,4.416e-11,6.0424e-11
7.3809e-11,6.9517e-11,4.3476e-11
9.0125e-11,8.4973e-11,3.5705e-11
8.7505e-11,2.1592e-11,1.1375e-10
7.7067e-11,2.0792e-11,6.0451e-11
1.1372e-10,5.2041e-11,8.2405e-11
3.8766e-11,1.3134e-11,3.8541e-11
5.5291e-11,1.9541e-11,8.1066e-11
3.5854e-11,1.5672e-11,3.1072e-11
6.5966e-11,2.0892e-11,8.8753e-11
3.8018e-11,1.8914e-11,3.1462e-11
2.7895e-11,1.0645e-11,3.2133e-11
2.3455e-11,1.5033e-11,2.432e-11
2.2867e-11,1.3611e-11,2.8749e-11
2.0246e-11,1.53e-11,1.8862e-11
2.1744e-11,8.8591e-12,2.6614e-11
2.1221e-11,1.6401e-11,2.2244e-11
9.399e-11,6.6873e-11,7.0405e-11
2.0471e-11,1.7978e-11,2.1237e-11
3.7133e-11,2.3785e-11,4.916e-11
2.276e-11,1.5263e-11,2.7422e-11
4.6016e-11,4.5687e-11,3.6592e-11
6.2201e-11,1.5294e-10,2.9323e-11
4.8668e-11,1.3607e-10,5.683e-11
1.8834e-11,1.812e-11,1.0787e-11
2.5841e-11,2.1035e-11,1.7898e-11
2.3535e-11,1.9405e-11,1.8743e-11
4.0586e-11,3.2232e-11,3.1317e-11
8.2608e-11,1.6644e-10,3.4571e-11
8.9659e-11,1.3303e-10,2.608e-11
8.851e-11,1.4692e-10,2.4867e-11
7.1617e-11,1.0903e-10,4.9653e-11
8.6969e-11,1.304e-10,2.8201e-11
8.1175e-11,1.5638e-10,1.6278e-11
2.6319e-11,2.1551e-11,2.4286e-11
9.7253e-11,1.2399e-10,1.7835e-11
9.525e-11,1.2707e-10,2.0321e-11
6.0858e-11,8.2161e-11,2.8456e-11
8.1526e-11,1.2128e-11,1.0344e-10
8.2587e-11,2.1487e-11,1.0718e-10
5.9719e-11,1.0296e-11,6.4742e-11
8.0687e-11,2.9041e-11,6.6375e-11
7.0743e-11,1.953e-11,9.7364e-11
6.7678e-11,2.1481e-11,9.2624e-11
8.3406e-11,2.9278e-11,1.097e-10
4.3271e-11,6.0921e-12,5.8548e-11
5.0029e-11,1.5904e-11,7.0931e-11
8.8919e-11,2.9647e-11,1.0519e-10
3.8811e-11,9.5772e-12,5.2433e-11
3.3335e-11,1.1344e-11,4.4711e-11
5.7945e-11,2.4713e-11,8.5018e-11
9.364e-11,3.5695e-11,9.9225e-11
6.8492e-11,4.5958e-11,7.4298e-11
2.8637e-11,1.37e-11,4.3339e-11
6.6175e-11,4.8725e-11,6.1581e-11
6.2351e-11,5.3915e-11,5.1656e-11
1.139e-10,5.377e-11,6.291e-11
4.212e-11,2.6067e-11,5.7013e-11
6.0249e-11,5.788e-11,5.049e-11
1.7175e-11,1.8897e-11,2.0533e-11
3.9634e-11,3.6281e-11,3.1312e-11
9.2363e-11,9.0359e-11,5.635e-11
1.9564e-11,1.6945e-11,1.9871e-11
2.0371e-11,1.6086e-11,1.9454e-11
6.8245e-11,8.2082e-11,5.0539e-11
2.0915e-11,1.1169e-11,2.3821e-11
3.9318e-11,3.6943e-11,2.9971e-11
1.8691e-11,1.8092e-11,2.2389e-11
2.4631e-11,1.6424e-11,1.7222e-11
8.6835e-11,1.6754e-10,6.0062e-11
9.9336e-11,1.602e-10,8.063e-11
1.2872e-11,1.725e-11,1.5399e-11
7.2426e-11,1.2272e-10,3.8021e-11
7.8849e-11,1.2587e-10,4.2401e-11
7.2063e-11,1.236e-10,6.5546e-11
1.5411e-11,1.3068e-11,1.4085e-11
7.5266e-11,1.4477e-10,5.0251e-11
8.9494e-11,1.7298e-10,2.9128e-11
2.0882e-11,1.479e-11,1.1091e-11
1.6459e-11,1.378e-11,1.1405e-11
2.3453e-11,2.3614e-11,1.6642e-11
8.3158e-11,1.0356e-10,3.4577e-11
1.9095e-11,1.817e-11,1.5873e-11
8.1356e-11,1.2775e-11,1.017e-10
8.2322e-11,2.6517e-11,7.43e-11
8.9161e-11,2.8497e-11,7.1877e-11
7.3551e-11,3.0941e-11,6.568e-11
7.5409e-11,2.7891e-11,5.8667e-11
8.0841e-11,4.0565e-11,6.928e-11
7.7781e-11,2.2488e-11,1.0407e-10
7.6544e-11,2.6401e-11,1.0575e-10
4.7079e-11,1.3229e-11,4.0997e-11
7.292e-11,2.6243e-11,1.0048e-10
4.3371e-11,1.2284e-11,3.5669e-11
4.5216e-11,2.2465e-11,3.898e-11
3.1799e-11,1.3287e-11,4.1866e-11
7.8083e-11,5.1726e-11,7.7312e-11
2.937e-11,1.0337e-11,4.31e-11
3.1992e-11,1.5779e-11,3.0413e-11
3.1149e-11,2.4632e-11,3.4422e-11
2.4899e-11,1.523e-11,3.957e-11
2.7492e-11,2.2086e-11,3.5372e-11
3.3545e-11,2.634e-11,3.9567e-11
4.8766e-11,3.0926e-11,4.0715e-11
2.019e-11,1.4398e-11,2.0082e-11
1.4968e-10,1.0614e-10,8.8905e-11
4.8034e-11,4.0236e-11,3.9213e-11
1.054e-10,5.8504e-11,6.1223e-11
2.2142e-11,1.6043e-11,2.6947e-11
2.1017e-11,1.615e-11,1.7816e-11
3.2079e-11,2.7269e-11,5.2118e-11
1.0147e-10,4.7532e-11,5.9411e-11
2.2114e-11,1.6483e-11,3.156e-11
5.4723e-11,5.105e-11,4.4593e-11
8.3612e-11,1.2046e-10,5.7363e-11
3.2449e-11,2.0073e-11,5.1276e-11
3.678e-11,3.3057e-11,2.9282e-11
7.4216e-11,1.2172e-10,6.2869e-11
6.5716e-11,6.4236e-11,4.7544e-11
3.6779e-11,3.5648e-11,2.4694e-11
5.8209e-11,1.5316e-10,7.7278e-11
5.3071e-11,5.3499e-11,3.6544e-11
2.2571e-11,1.9464e-11,1.699e-11
5.7331e-11,1.2341e-10,5.498e-11
4.5276e-11,4.7737e-11,3.5255e-11
1.5817e-11,1.5095e-11,1.2226e-11
7.0472e-11,1.668e-10,4.9669e-11
1.6645e-11,1.4353e-11,1.7239e-11
1.3915e-11,1.5116e-11,1.4852e-11
7.9529e-11,1.5108e-10,3.6788e-11
2.3211e-11,2.2336e-11,1.9818e-11
1.6769e-11,1.8262e-11,1.4334e-11
8.033e-11,1.3269e-10,1.9666e-11
9.0509e-11,1.5547e-10,2.6404e-11
8.8397e-11,1.5354e-10,2.2918e-11
8.469e-11,1.3443e-11,8.9256e-11
8.227e-11,1.2135e-11,1.0149e-10
7.8923e-11,2.2626e-11,7.3735e-11
5.3373e-11,1.3545e-11,6.9353e-11
6.0796e-11,1.9307e-11,6.3605e-11
7.8892e-11,4.1594e-11,6.4324e-11
5.0711e-11,1.0966e-11,6.6433e-11
4.152e-11,1.0418e-11,5.3283e-11
1.3766e-10,7.9457e-11,6.9128e-11
2.7138e-11,2.1496e-11,3.2671e-11
2.3534e-11,1.4418e-11,2.9925e-11
1.3292e-10,1.4893e-10,7.4782e-11
5.6788e-11,5.0118e-11,4.7688e-11
1.0861e-10,1.3198e-10,6.1808e-11
9.4214e-11,8.3159e-11,6.9449e-11
3.4821e-11,3.1523e-11,3.0599e-11
2.3267e-11,1.8639e-11,1.9369e-11
2.1766e-11,1.6294e-11,3.1396e-11
2.2669e-11,1.7523e-11,2.5485e-11
2.5568e-11,1.7551e-11,4.2412e-11
1.8394e-11,1.0196e-11,2.5158e-11
2.0934e-11,2.6007e-11,3.5237e-11
2.6274e-11,2.6901e-11,2.2928e-11
4.7619e-11,4.3632e-11,3.3743e-11
5.3053e-11,8.6238e-11,7.8388e-11
2.2776e-11,1.4989e-11,2.2879e-11
2.0639e-11,2.2557e-11,1.6505e-11
5.9212e-11,1.5949e-10,6.2224e-11
5.341e-11,1.4402e-10,2.9633e-11
3.7913e-11,9.9618e-11,4.279e-11
4.7177e-11,6.5809e-11,4.9394e-11
2.6198e-11,2.8085e-11,2.0001e-11
3.5115e-11,3.6058e-11,2.4513e-11
1.5773e-11,1.5535e-11,1.0765e-11
6.7279e-11,7.2306e-11,5.089e-11
1.8322e-11,1.3046e-11,1.493e-11
5.4925e-11,6.3156e-11,3.9437e-11
2.3959e-11,2.5611e-11,1.7682e-11
1.6672e-11,1.2633e-11,1.3163e-11
9.6522e-11,1.1887e-10,2.1189e-11
1.7484e-11,1.8627e-11,1.4359e-11
8.1772e-11,1.3334e-10,3.7361e-11
6.4585e-11,1.4423e-10,1.3583e-11
7.806e-11,9.5229e-11,2.7608e-11
6.8777e-11,1.2009e-11,6.6973e-11
6.4433e-11,1.7586e-11,8.7308e-11
4.9046e-11,1.3207e-11,6.0694e-11
3.3261e-11,1.3324e-11,4.9367e-11
7.515e-11,4.6716e-11,7.2045e-11
3.0234e-11,1.9265e-11,2.541e-11
3.342e-11,1.2342e-11,4.3346e-11
2.9017e-11,1.7839e-11,3.5912e-11
2.2712e-11,1.6795e-11,2.7082e-11
2.5668e-11,1.815e-11,2.5049e-11
2.2557e-11,1.4368e-11,3.0345e-11
3.2666e-11,2.6826e-11,2.7777e-11
3.5316e-11,3.0056e-11,5.5586e-11
2.953e-11,2.4281e-11,2.5693e-11
2.3344e-11,1.2113e-11,2.8293e-11
2.1141e-11,1.959e-11,2.2284e-11
5.4238e-11,2.6149e-11,5.8045e-11
2.1622e-11,2.3696e-11,4.0412e-11
3.5217e-11,3.1993e-11,2.7854e-11
2.4434e-11,2.0163e-11,2.4037e-11
7.1142e-11,1.1775e-10,7.0463e-11
1.9894e-11,1.5382e-11,2.8059e-11
7.6465e-11,7.6621e-11,6.3731e-11
6.3798e-11,7.6431e-11,6.405e-11
1.927e-11,2.0604e-11,2.6297e-11
6.8556e-11,6.7125e-11,4.923e-11
1.924e-11,1.8177e-11,1.4573e-11
3.8389e-11,1.0463e-10,6.0418e-11
4.4293e-11,4.5931e-11,3.263e-11
8.1126e-11,1.7146e-10,4.8601e-11
1.8271e-11,1.5174e-11,1.1366e-11
6.7104e-11,1.5775e-10,4.4104e-11
2.2328e-11,1.8128e-11,1.2371e-11
2.6757e-11,2.6569e-11,2.2171e-11
2.3344e-11,1.9663e-11,2.6012e-11
1.7172e-11,1.4093e-11,8.9291e-12
1.8909e-11,1.4894e-11,1.2506e-11
2.773e-11,2.8801e-11,2.0331e-11
3.0399e-11,3.3278e-11,3.0449e-11
3.4702e-11,2.7856e-11,3.159e-11
7.5685e-11,1.5041e-10,1.8317e-11
1.6845e-11,1.9558e-11,2.2646e-11
7.6919e-11,1.2444e-10,4.3833e-11
6.0013e-11,1.2238e-10,1.7276e-11
8.429e-11,1.4887e-11,1.1103e-10
9.1787e-11,1.4381e-11,1.1412e-10
9.4465e-11,2.9415e-11,7.1391e-11
5.4135e-11,1.1615e-11,6.9245e-11
8.2947e-11,4.2808e-11,6.7897e-11
4.2063e-11,1.4274e-11,6.1999e-11
3.6884e-11,9.8249e-12,4.1776e-11
4.0332e-11,1.4589e-11,4.1829e-11
3.0337e-11,1.4454e-11,2.634e-11
3.0084e-11,1.1172e-11,3.0038e-11
2.786e-11,1.0382e-11,2.3205e-11
2.8224e-11,1.8201e-11,4.1605e-11
3.0517e-11,1.1173e-11,4.1366e-11
2.264e-11,7.8015e-12,3.2938e-11
2.2163e-11,6.9339e-12,2.5016e-11
2.8176e-11,1.3678e-11,3.0514e-11
9.6026e-11,5.1534e-11,5.9016e-11
9.8435e-11,7.8752e-11,9.2675e-11
2.8835e-11,2.0911e-11,5.0565e-11
2.9067e-11,2.0917e-11,5.2088e-11
9.9355e-11,1.1657e-10,7.2487e-11
1.7799e-11,1.3589e-11,2.465e-11
2.5193e-11,1.4081e-11,4.273e-11
1.8002e-11,1.3092e-11,2.2721e-11
2.2545e-11,1.7458e-11,3.7684e-11
2.344e-11,1.6107e-11,2.8202e-11
8.0753e-11,7.6885e-11,6.8784e-11
7.1502e-11,6.9539e-11,5.0485e-11
2.2072e-11,1.1952e-11,2.2902e-11
2.9619e-11,9.9141e-11,3.4342e-11
7.4121e-11,1.5135e-10,5.4301e-11
5.1095e-11,5.4483e-11,3.5279e-11
2.6555e-11,2.4117e-11,2.1305e-11
1.0097e-10,1.4631e-10,4.1555e-11
1.784e-11,1.6173e-11,2.152e-11
3.4664e-11,3.7855e-11,2.7647e-11
1.6138e-11,1.4926e-11,1.5737e-11
2.12e-11,2.9024e-11,2.9692e-11
7.8363e-11,1.4211e-10,1.8359e-11
3.5732e-11,4.4451e-11,2.6144e-11
7.9137e-11,1.3392e-10,2.224e-11
9.1865e-11,1.2208e-10,2.3254e-11
2.8161e-11,3.0709e-11,2.0715e-11
7.85e-11,1.1779e-10,2.1637e-11
2.4676e-11,2.6978e-11,2.0559e-11
1.9964e-11,2.1274e-11,2.207e-11
7.5697e-11,1.249e-10,2.1501e-11
2.2612e-11,2.089e-11,1.6146e-11
6.3808e-11,1.166e-10,3.9301e-11
8.7774e-11,1.5108e-11,1.1077e-10
8.4713e-11,1.665e-11,8.2221e-11
8.4026e-11,1.3908e-11,1.0507e-10
8.5638e-11,1.7725e-11,7.6149e-11
8.5145e-11,1.859e-11,7.2284e-11
8.2137e-11,2.6764e-11,6.0528e-11
7.5923e-11,2.142e-11,1.0462e-10
6.866e-11,2.9076e-11,5.7224e-11
2.7854e-11,1.1733e-11,4.3863e-11
6.076e-11,3.8164e-11,5.1079e-11
1.6752e-10,8.1665e-11,8.8852e-11
2.3046e-11,1.7318e-11,2.1907e-11
2.1473e-11,1.547e-11,2.4062e-11
2.3195e-11,7.687e-12,2.7861e-11
4.05e-11,3.4603e-11,3.662e-11
6.209e-11,4.0158e-11,5.6569e-11
1.9064e-11,2.0924e-11,2.5887e-11
2.1965e-11,2.9592e-11,2.9134e-11
2.3718e-11,1.4585e-11,2.424e-11
4.0231e-11,5.6306e-11,5.2208e-11
2.223e-11,1.9588e-11,1.8565e-11
2.3889e-11,2.4584e-11,1.6452e-11
7.2711e-11,1.2694e-10,7.9254e-11
1.7555e-11,1.8017e-11,1.4495e-11
8.083e-11,1.4486e-10,2.47e-11
7.8178e-11,1.3528e-10,3.1064e-11
1.9704e-11,1.705e-11,1.1535e-11
1.5574e-11,1.5531e-11,2.0681e-11
1.4921e-11,1.205e-11,8.565e-12
1.7349e-11,2.2825e-11,2.3307e-11
3.7204e-11,4.7341e-11,2.6801e-11
3.4521e-11,4.0097e-11,2.3629e-11
9.0272e-11,1.1738e-10,2.2544e-11
3.1922e-11,2.6835e-11,2.3464e-11
2.7635e-11,1.687e-11,1.6872e-11
1.5796e-11,1.6581e-11,1.2727e-11
2.9553e-11,3.7962e-11,4.4948e-11
8.1036e-11,1.1104e-10,2.6724e-11
2.254e-11,1.6366e-11,1.6613e-11
7.6058e-11,1.2345e-10,2.7091e-11
3.059e-11,1.7537e-11,1.9035e-11
1.6252e-11,2.5797e-11,1.8017e-11
3.2989e-11,2.2512e-11,4.3366e-11
7.6848e-11,1.7728e-11,7.4906e-11
7.5963e-11,1.3282e-11,9.5019e-11
7.0844e-11,2.8763e-11,5.9271e-11
5.6149e-11,1.6233e-11,4.7605e-11
6.6918e-11,2.3385e-11,8.9904e-11
7.0236e-11,4.626e-11,7.3477e-11
5.6051e-11,2.055e-11,8.5895e-11
5.3403e-11,3.5183e-11,5.4288e-11
4.3365e-11,1.4268e-11,6.5554e-11
2.9088e-11,1.0101e-11,4.4381e-11
3.638e-11,2.2913e-11,4.4624e-11
2.6142e-11,1.6221e-11,2.977e-11
2.8849e-11,1.4144e-11,3.2353e-11
1.7184e-10,8.0361e-11,9.3168e-11
2.1588e-11,9.0561e-12,2.5154e-11
1.52e-10,1.7206e-10,1.1506e-10
3.9632e-11,2.7554e-11,5.6105e-11
3.1835e-11,2.9723e-11,5.4074e-11
3.1438e-11,1.8927e-11,5.2221e-11
3.796e-11,3.4802e-11,2.9757e-11
6.0417e-11,5.6865e-11,4.0224e-11
2.6227e-11,2.593e-11,2.459e-11
4.2126e-11,4.5256e-11,4.1326e-11
4.17e-11,3.2617e-11,2.6125e-11
2.8549e-11,2.3159e-11,2.9002e-11
2.459e-11,1.6089e-11,2.6101e-11
3.9787e-11,4.6884e-11,4.0959e-11
3.8682e-11,9.119e-11,6.7123e-11
5.4781e-11,1.4019e-10,5.5264e-11
2.1103e-11,2.2391e-11,1.8687e-11
5.6065e-11,6.3182e-11,3.9285e-11
2.0687e-11,1.6112e-11,1.9032e-11
1.6824e-11,1.323e-11,1.5574e-11
1.3814e-11,1.28e-11,1.206e-11
7.4213e-11,1.3579e-10,1.7689e-11
4.1423e-11,5.5308e-11,2.8608e-11
8.2631e-11,1.0794e-10,2.8056e-11
3.2833e-11,3.4466e-11,1.9158e-11
3.0185e-11,2.4566e-11,2.565e-11
8.0045e-11,1.2992e-10,1.8444e-11
1.7442e-11,2.5766e-11,2.7439e-11
2.2551e-11,2.1876e-11,1.6139e-11
7.026e-11,1.0436e-10,3.5031e-11
4.2579e-11,9.8851e-11,8.9586e-11
8.0994e-11,1.2259e-11,1.015e-10
8.4888e-11,1.523e-11,9.5735e-11
1.0001e-10,2.8938e-11,7.8839e-11
8.6333e-11,2.284e-11,7.3802e-11
6.1511e-11,1.9627e-11,9.1187e-11
4.4645e-11,1.2103e-11,5.2435e-11
5.388e-11,1.3011e-11,7.6034e-11
6.5515e-11,3.9659e-11,6.8281e-11
4.3191e-11,1.7404e-11,6.3417e-11
3.2704e-11,1.942e-11,2.8325e-11
4.1972e-11,2.847e-11,5.2186e-11
3.1361e-11,2.0211e-11,3.2223e-11
3.7955e-11,2.3285e-11,4.1812e-11
2.8244e-11,1.5532e-11,4.919e-11
7.2135e-11,4.7522e-11,6.2501e-11
3.2244e-11,1.9409e-11,3.2203e-11
2.5853e-11,1.3177e-11,2.6523e-11
2.2583e-11,1.8109e-11,1.9183e-11
6.3875e-11,3.9435e-11,5.4295e-11
2.9445e-11,2.1682e-11,5.16e-11
5.1806e-11,4.4087e-11,4.8206e-11
2.0886e-11,1.9297e-11,1.7574e-11
2.0651e-11,1.3299e-11,2.1424e-11
1.5807e-11,1.6482e-11,1.8092e-11
4.783e-11,1.2879e-10,7.5602e-11
2.8883e-11,8.7418e-11,3.7817e-11
5.0659e-11,1.2689e-10,3.9711e-11
8.2247e-11,1.3374e-10,3.4231e-11
2.436e-11,2.4055e-11,1.6812e-11
1.76e-11,1.8536e-11,1.4881e-11
7.179e-11,1.4186e-10,3.3327e-11
6.417e-11,1.2102e-10,4.3511e-11
1.4969e-11,1.761e-11,1.7696e-11
1.7655e-11,2.072e-11,1.7671e-11
3.2519e-11,3.4693e-11,1.7899e-11
2.5831e-11,3.299e-11,3.7497e-11
6.2467e-11,1.1188e-10,4.781e-11
2.5175e-11,1.7179e-11,1.446e-11
2.1702e-11,1.5897e-11,1.5347e-11
7.2292e-11,1.1958e-10,2.918e-11
5.6043e-11,8.7305e-11,2.8463e-11
8.075e-11,1.4498e-11,9.863e-11
7.244e-11,1.3479e-11,9.0271e-11
7.1125e-11,1.19e-11,8.7615e-11
6.6254e-11,1.175e-11,8.4122e-11
5.2634e-11,1.597e-11,5.7843e-11
7.3729e-11,3.2583e-11,6.2764e-11
6.4065e-11,2.4603e-11,5.1682e-11
7.7347e-11,3.6515e-11,6.7664e-11
6.0908e-11,2.0175e-11,8.7585e-11
5.1609e-11,1.4601e-11,4.6277e-11
4.3892e-11,3.0002e-11,4.7542e-11
3.4694e-11,1.8156e-11,3.5133e-11
3.3264e-11,1.816e-11,3.0886e-11
4.1149e-11,1.9219e-11,7.0095e-11
3.8732e-11,1.5333e-11,6.4841e-11
2.9352e-11,1.8457e-11,4.9327e-11
2.9274e-11,1.0919e-11,3.3991e-11
1.4391e-10,7.8406e-11,8.0693e-11
2.9903e-11,1.1958e-11,5.0015e-11
4.0735e-11,3.5644e-11,3.3622e-11
2.2941e-11,1.6778e-11,4.1653e-11
5.5986e-11,9.8029e-11,7.1284e-11
2.0898e-11,1.2248e-11,2.4091e-11
6.8758e-11,6.4167e-11,4.8347e-11
8.913e-11,1.3126e-10,9.3931e-11
8.1219e-11,1.7491e-10,8.3483e-11
7.585e-11,1.0827e-10,7.6759e-11
8.9519e-11,1.4444e-10,5.9003e-11
7.8209e-11,1.3436e-10,4.6659e-11
1.3639e-11,1.8364e-11,1.3982e-11
6.9816e-11,1.3459e-10,1.7496e-11
6.4611e-11,1.3663e-10,2.6053e-11
2.0624e-11,1.9024e-11,1.3619e-11
8.147e-11,1.0023e-10,2.4676e-11
9.1332e-11,1.0324e-10,2.7593e-11
2.0479e-11,2.2266e-11,2.6718e-11
2.9471e-11,2.3602e-11,3.1668e-11
6.2572e-11,1.0679e-10,4.7111e-11
7.1352e-11,1.1756e-10,3.4555e-11
4.6706e-11,4.4004e-11,5.0421e-11
6.0052e-11,6.4968e-11,4.0323e-11
8.3505e-11,1.1939e-11,1.0141e-10
7.5739e-11,1.2766e-11,9.1784e-11
4.5238e-11,1.7787e-11,4.4584e-11
7.1485e-11,4.0145e-11,6.645e-11
2.7732e-11,7.0006e-12,3.474e-11
3.0993e-11,1.9139e-11,2.925e-11
2.0225e-10,1.1336e-10,1.0174e-10
2.6302e-11,1.3627e-11,3.4692e-11
2.7157e-11,2.0604e-11,4.3168e-11
6.9091e-11,5.2237e-11,5.5117e-11
1.956e-11,1.1154e-11,1.7636e-11
1.0457e-10,1.2164e-10,7.7329e-11
5.3959e-11,7.0777e-11,4.7837e-11
2.2611e-11,1.9088e-11,3.009e-11
2.9056e-11,2.1337e-11,5.1832e-11
4.4455e-11,3.805e-11,5.3774e-11
1.4476e-11,1.5571e-11,1.7647e-11
5.4227e-11,1.31e-10,5.9772e-11
3.7751e-11,8.2711e-11,4.5047e-11
9.8764e-11,1.6365e-10,7.0312e-11
1.5952e-11,1.7768e-11,2.071e-11
5.5601e-11,1.1791e-10,3.3066e-11
7.9643e-11,1.6931e-10,6.246e-11
2.4592e-11,2.2677e-11,1.5572e-11
6.0902e-11,6.5856e-11,4.1579e-11
2.1862e-11,2.1149e-11,1.4957e-11
1.6538e-11,1.8173e-11,1.8066e-11
3.2379e-11,4.083e-11,2.0127e-11
5.9703e-11,1.1483e-10,2.2917e-11
6.7672e-11,1.0669e-10,2.1357e-11
3.9943e-11,4.8819e-11,2.6091e-11
2.9779e-11,2.1778e-11,2.2962e-11
2.3017e-11,1.9025e-11,2.573e-11
2.2061e-11,2.1655e-11,1.4408e-11
1.7912e-11,1.8868e-11,1.4829e-11
1.7277e-11,1.8437e-11,2.5105e-11
4.9379e-11,9.2088e-11,2.7954e-11
6.8596e-11,3.1974e-11,6.0631e-11
7.0804e-11,3.9623e-11,6.6567e-11
5.064e-11,2.1222e-11,4.3602e-11
4.332e-11,1.6372e-11,5.8194e-11
4.1116e-11,8.9674e-12,5.1724e-11
3.8519e-11,1.094e-11,4.9446e-11
6.7581e-11,3.656e-11,6.2236e-11
2.8626e-11,1.8825e-11,3.9446e-11
2.1256e-10,1.1565e-10,1.1278e-10
2.6314e-11,1.087e-11,3.3237e-11
3.5281e-11,1.7456e-11,2.902e-11
5.1689e-11,3.9899e-11,4.5601e-11
2.4344e-11,1.5583e-11,2.9274e-11
5.4925e-11,4.408e-11,4.284e-11
2.8453e-11,2.392e-11,2.5313e-11
2.1536e-11,1.4174e-11,1.9394e-11
3.6731e-11,2.6992e-11,3.0012e-11
2.7351e-11,2.1524e-11,5.1179e-11
2.1789e-11,1.075e-11,4.3191e-11
1.8634e-11,1.3952e-11,3.2397e-11
7.3784e-11,6.7604e-11,5.1721e-11
2.1156e-11,1.03e-11,2.0827e-11
6.3041e-11,8.064e-11,8.4073e-11
7.1811e-11,1.2483e-10,6.8715e-11
5.7371e-11,1.2458e-10,3.7844e-11
8.6142e-11,1.3725e-10,5.6495e-11
6.2546e-11,7.0162e-11,4.3861e-11
1.6217e-11,1.5644e-11,1.9767e-11
1.5503e-11,1.7558e-11,1.874e-11
5.8262e-11,1.2248e-10,3.5101e-11
5.7224e-11,9.6818e-11,2.9446e-11
2.9124e-11,3.9286e-11,4.4154e-11
3.947e-11,5.7733e-11,2.925e-11
6.4128e-11,1.1637e-10,2.6351e-11
7.6242e-11,7.6111e-11,3.6663e-11
3.388e-11,1.8959e-11,2.9085e-11
1.9835e-11,2.7619e-11,3.3388e-11
8.5997e-11,1.8205e-11,8.3578e-11
8.7594e-11,2.2943e-11,7.7006e-11
4.2517e-11,1.1478e-11,5.4635e-11
7.6764e-11,4.2679e-11,7.2531e-11
3.9317e-11,1.2814e-11,5.3431e-11
3.4527e-11,6.6881e-12,4.2428e-11
7.5206e-11,4.1591e-11,6.7013e-11
3.0274e-11,1.8707e-11,4.6188e-11
3.1326e-11,2.8138e-11,2.5156e-11
3.0395e-11,2.5915e-11,2.4086e-11
1.1408e-10,1.414e-10,9.9516e-11
6.7725e-11,5.831e-11,4.9016e-11
2.0008e-11,1.5281e-11,2.5477e-11
2.7319e-11,2.4905e-11,4.6442e-11
3.2847e-11,4.0431e-11,4.5051e-11
3.0371e-11,3.132e-11,2.9085e-11
4.8339e-11,4.6881e-11,3.1282e-11
5.3484e-11,1.2262e-10,6.1196e-11
4.9822e-11,1.3891e-10,7.7743e-11
5.5415e-11,1.1199e-10,3.1662e-11
4.5942e-11,1.3245e-10,4.4243e-11
2.7037e-11,2.6475e-11,1.7926e-11
9.1506e-11,1.3758e-10,8.3925e-11
6.2262e-11,1.1706e-10,3.945e-11
2.7764e-11,2.3039e-11,1.4701e-11
2.4092e-11,2.4513e-11,1.5294e-11
8.2182e-11,1.0341e-10,4.1879e-11
2.356e-11,1.6036e-11,1.3977e-11
5.0609e-11,6.5144e-11,3.4495e-11
1.9907e-11,2.268e-11,1.6458e-11
1.9577e-11,2.1224e-11,1.3941e-11
1.9074e-11,2.003e-11,2.0377e-11
8.9457e-11,8.8832e-11,5.2206e-11
2.0356e-11,3.5014e-11,2.6374e-11
2.2044e-11,1.827e-11,1.4044e-11
6.3524e-11,1.056e-10,2.4902e-11
4.8144e-11,8.6653e-11,3.2677e-11
5.2539e-11,8.3365e-11,2.31e-11
8.1892e-11,2.2733e-11,8.735e-11
5.6671e-11,1.8888e-11,7.3583e-11
5.0221e-11,1.3861e-11,6.7472e-11
7.1302e-11,2.167e-11,1.0443e-10
6.8916e-11,2.2022e-11,1.0277e-10
3.2834e-11,1.6292e-11,3.4719e-11
3.2829e-11,1.7651e-11,3.9631e-11
6.3102e-11,3.0094e-11,4.5627e-11
1.1104e-10,5.2585e-11,8.0369e-11
2.3274e-11,1.0496e-11,2.901e-11
3.1453e-11,1.5546e-11,4.0879e-11
2.6425e-11,2.1239e-11,2.5711e-11
1.2444e-10,7.1465e-11,7.8627e-11
2.0162e-11,1.1308e-11,1.7146e-11
2.0867e-11,7.5506e-12,1.959e-11
2.2519e-11,1.3093e-11,2.7907e-11
2.4164e-11,1.9006e-11,4.1219e-11
2.7581e-11,2.2954e-11,4.5207e-11
1.8887e-11,2.5335e-11,2.2636e-11
6.3049e-11,5.6849e-11,3.9136e-11
1.7381e-11,2.6395e-11,1.9549e-11
1.6863e-11,1.8155e-11,1.928e-11
1.9975e-11,2.077e-11,1.4842e-11
1.9137e-11,1.5636e-11,2.1736e-11
2.751e-11,3.1509e-11,1.7183e-11
6.0491e-11,6.0309e-11,3.7188e-11
2.4116e-11,2.3772e-11,1.5701e-11
3.2191e-11,2.4246e-11,1.5785e-11
1.4711e-11,1.5177e-11,1.9328e-11
1.7247e-11,1.6957e-11,1.3547e-11
1.8964e-11,2.2222e-11,1.3677e-11
2.0374e-11,1.7126e-11,1.4389e-11
6.4105e-11,6.4725e-11,3.3304e-11
2.979e-11,5.225e-11,4.2536e-11
7.3048e-11,1.9399e-11,7.9523e-11
6.8709e-11,1.623e-11,8.5508e-11
5.4901e-11,2.1138e-11,5.3873e-11
5.0998e-11,2.1379e-11,5.106e-11
4.1315e-11,1.3078e-11,5.6838e-11
4.0584e-11,2.3768e-11,3.5074e-11
5.9785e-11,2.1839e-11,9.2217e-11
6.4037e-11,2.1906e-11,9.8698e-11
3.6032e-11,1.9392e-11,4.4992e-11
3.1944e-11,1.5941e-11,2.7169e-11
2.9833e-11,2.1033e-11,3.4629e-11
1.6575e-10,6.9734e-11,9.8907e-11
7.5933e-11,4.7671e-11,5.7124e-11
7.3372e-11,3.8662e-11,4.744e-11
1.218e-10,5.7769e-11,8.2753e-11
1.911e-10,1.2879e-10,1.0669e-10
1.2651e-10,5.8692e-11,7.9978e-11
5.2905e-11,4.1164e-11,4.309e-11
3.4275e-11,2.1349e-11,2.8226e-11
2.1908e-11,2.0845e-11,1.9928e-11
2.4658e-11,1.6329e-11,2.7961e-11
8.0897e-11,3.782e-11,6.48e-11
2.0296e-11,1.5349e-11,1.7409e-11
2.5438e-11,1.8428e-11,2.253e-11
7.4531e-11,9.5568e-11,6.2386e-11
1.9646e-11,1.7673e-11,3.1243e-11
3.1863e-11,2.0948e-11,5.2977e-11
4.2402e-11,2.5153e-11,5.0413e-11
3.1784e-11,3.7361e-11,4.7059e-11
3.8723e-11,3.074e-11,5.0606e-11
2.1665e-11,1.6868e-11,2.6331e-11
7.1412e-11,1.4647e-10,1.0219e-10
5.379e-11,1.042e-10,6.8572e-11
4.2661e-11,4.1773e-11,2.6001e-11
6.2586e-11,6.4834e-11,4.3095e-11
7.8329e-11,1.2387e-10,2.8472e-11
1.7365e-11,1.2282e-11,1.404e-11
8.9964e-11,1.1105e-10,5.2201e-11
2.2022e-11,2.3105e-11,2.0293e-11
1.0607e-10,1.1193e-10,5.4098e-11
5.2155e-11,9.5418e-11,4.821e-11
2.0509e-11,3.4783e-11,2.1209e-11
5.9213e-11,7.7383e-11,3.8587e-11
2.8715e-11,2.9495e-11,2.0277e-11
4.8837e-11,1.0656e-10,3.2205e-11
5.9635e-11,7.7657e-11,3.8644e-11
8.369e-11,8.3261e-11,5.141e-11
9.3583e-11,7.6194e-11,5.1537e-11
5.8655e-11,1.0252e-10,3.1189e-11
4.5375e-11,7.8817e-11,2.1121e-11
1.8191e-11,2.7646e-11,2.1934e-11
6.247e-11,1.0133e-10,1.8589e-11
8.0428e-11,1.8063e-11,8.0149e-11
6.7761e-11,2.1676e-11,8.4486e-11
4.9486e-11,1.8699e-11,6.025e-11
4.9034e-11,1.8643e-11,5.8495e-11
7.9345e-11,4.0658e-11,6.6144e-11
5.0372e-11,1.9337e-11,5.3765e-11
6.7408e-11,2.024e-11,9.8382e-11
7.1696e-11,2.1566e-11,1.0808e-10
5.9429e-11,3.2737e-11,5.0049e-11
3.6748e-11,2.049e-11,3.112e-11
6.7905e-11,2.3693e-11,1.0056e-10
3.5674e-11,2.6889e-11,6.4475e-11
2.6184e-11,1.8989e-11,3.208e-11
3.4056e-11,2.2004e-11,4.917e-11
1.9137e-10,9.2446e-11,1.0887e-10
2.5333e-11,1.4636e-11,4.2742e-11
6.6648e-11,2.5454e-11,7.7927e-11
4.207e-11,1.6922e-11,6.9844e-11
7.0925e-11,2.8979e-11,7.2466e-11
1.0923e-10,5.1028e-11,7.3509e-11
6.5084e-11,2.7011e-11,6.9793e-11
1.4558e-10,7.4294e-11,9.1822e-11
7.4836e-11,3.445e-11,6.696e-11
7.9253e-11,3.5527e-11,6.258e-11
5.7694e-11,4.8807e-11,4.6248e-11
2.4215e-11,1.4908e-11,2.5479e-11
2.2151e-11,1.1068e-11,2.5489e-11
7.3399e-11,6.4595e-11,5.2644e-11
2.0614e-11,1.7596e-11,2.3375e-11
7.7223e-11,6.6432e-11,5.3966e-11
7.4893e-11,6.3967e-11,5.3065e-11
2.4074e-11,1.6743e-11,2.6643e-11
2.468e-11,2.204e-11,4.9985e-11
7.2952e-11,1.1723e-10,1.0833e-10
2.476e-11,1.6714e-11,2.5398e-11
2.4266e-11,2.2401e-11,3.823e-11
3.541e-11,3.3281e-11,4.3652e-11
6.1175e-11,1.0747e-10,5.8304e-11
5.8563e-11,1.1119e-10,7.2142e-11
1.8771e-11,1.5625e-11,2.059e-11
4.4606e-11,3.9662e-11,2.3719e-11
1.672e-11,1.2665e-11,6.6433e-12
2.0133e-11,1.4801e-11,2.2612e-11
1.5775e-11,1.685e-11,1.2961e-11
2.0085e-11,4.8999e-11,3.1202e-11
1.9869e-11,1.4886e-11,1.0586e-11
6.1532e-11,8.4054e-11,3.2402e-11
2.0815e-11,1.5394e-11,1.8027e-11
2.0746e-11,2.5203e-11,2.1775e-11
1.4968e-11,2.075e-11,1.301e-11
4.3873e-11,6.1214e-11,2.4819e-11
5.41e-11,6.7323e-11,2.6009e-11
8.4362e-11,1.6539e-11,1.0333e-10
7.8993e-11,2.0066e-11,7.2861e-11
7.1509e-11,1.4945e-11,7.4432e-11
8.704e-11,4.8354e-11,7.0091e-11
4.7526e-11,2.3724e-11,5.2478e-11
4.8453e-11,1.4682e-11,6.0534e-11
3.8504e-11,1.4542e-11,5.1322e-11
4.0803e-11,1.8133e-11,4.9461e-11
4.9639e-11,1.8698e-11,8.1363e-11
3.8799e-11,2.3969e-11,6.5539e-11
3.2319e-11,2.2097e-11,3.4094e-11
2.838e-11,1.7025e-11,2.8781e-11
8.4202e-11,5.5125e-11,6.2767e-11
2.8688e-11,1.1792e-11,5.6825e-11
2.7064e-11,1.2904e-11,3.223e-11
5.8114e-11,2.1166e-11,7.2953e-11
1.4798e-10,7.1989e-11,8.1436e-11
2.298e-11,1.5307e-11,3.1775e-11
1.762e-10,1.1352e-10,1.0248e-10
2.4149e-11,1.6767e-11,3.0057e-11
5.5979e-11,2.6193e-11,6.2563e-11
2.6402e-11,1.1626e-11,4.8386e-11
9.8274e-11,9.2598e-11,1.2718e-10
8.4947e-11,1.2326e-10,7.8117e-11
4.3816e-11,4.2417e-11,3.3434e-11
7.8576e-11,1.2154e-10,9.1278e-11
2.1024e-11,2.5585e-11,2.4927e-11
2.0977e-11,1.2678e-11,3.8407e-11
1.056e-10,1.6107e-10,7.5382e-11
2.4107e-11,1.6497e-11,3.0701e-11
2.0939e-11,2.8704e-11,2.9921e-11
7.4348e-11,1.4212e-10,1.2051e-10
2.2543e-11,6.3364e-11,3.1882e-11
8.1662e-11,1.1533e-10,1.2138e-10
5.9984e-11,5.6939e-11,3.4028e-11
9.4355e-11,9.6316e-11,7.7491e-11
7.0845e-11,1.3886e-10,7.8556e-11
1.8077e-11,1.6572e-11,1.6843e-11
6.1845e-11,9.0724e-11,4.4276e-11
3.3794e-11,3.2034e-11,2.1178e-11
2.0965e-11,1.4116e-11,1.1888e-11
4.1127e-11,4.1602e-11,2.6726e-11
8.7268e-11,9.8994e-11,5.04e-11
2.2652e-11,2.0177e-11,1.5953e-11
1.8179e-11,1.8766e-11,1.1831e-11
1.7974e-11,1.077e-11,1.2048e-11
5.0844e-11,8.4451e-11,4.9408e-11
2.9961e-11,3.2585e-11,2.2281e-11
1.8624e-11,1.4097e-11,1.0642e-11
1.3488e-11,1.2604e-11,1.1157e-11
3.391e-11,4.2456e-11,2.1444e-11
1.9678e-11,1.2532e-11,1.3199e-11
1.5033e-11,1.5381e-11,1.2574e-11
4.5216e-11,9.1056e-11,3.6949e-11
4.2781e-11,7.2922e-11,1.9035e-11
4.244e-11,8.8162e-11,3.0998e-11
4.9791e-11,1.0391e-10,2.0806e-11
8.6964e-11,2.4006e-11,7.9426e-11
8.3344e-11,3.8504e-11,7.48e-11
7.9835e-11,3.2873e-11,7.0876e-11
5.1679e-11,1.7823e-11,6.5127e-11
5.4747e-11,1.7085e-11,6.4595e-11
7.9598e-11,3.6686e-11,6.869e-11
7.7212e-11,2.435e-11,1.1367e-10
4.7373e-11,1.3875e-11,5.6008e-11
5.4827e-11,1.7492e-11,7.7793e-11
4.4099e-11,1.4534e-11,7.1884e-11
4.3346e-11,1.4347e-11,7.4387e-11
3.5765e-11,1.7041e-11,4.1781e-11
3.9909e-11,2.5431e-11,3.2975e-11
1.6417e-10,5.7163e-11,1.0081e-10
1.7549e-10,7.639e-11,1.1321e-10
2.9674e-11,1.3701e-11,4.0228e-11
3.0572e-11,1.6867e-11,5.14e-11
5.1194e-11,1.4887e-11,7.9136e-11
2.5695e-11,1.105e-11,2.9329e-11
1.7538e-10,1.0659e-10,1.1624e-10
4.6173e-11,1.4191e-11,7.0818e-11
2.415e-11,1.0824e-11,2.5608e-11
6.3141e-11,2.8488e-11,6.518e-11
2.499e-11,1.8051e-11,2.8903e-11
5.2059e-11,2.1986e-11,5.7212e-11
2.2696e-11,2.3805e-11,4.6588e-11
2.5207e-11,1.5967e-11,4.1803e-11
2.1893e-11,1.6914e-11,2.1469e-11
4.4082e-11,4.51e-11,4.4662e-11
6.4788e-11,5.6412e-11,4.4517e-11
2.7325e-11,2.7701e-11,2.2898e-11
2.2728e-11,1.1372e-11,2.6183e-11
3.873e-11,2.3193e-11,5.2853e-11
8.5377e-11,1.1531e-10,1.0567e-10
7.4373e-11,6.7539e-11,4.8529e-11
2.8755e-11,1.7864e-11,2.6202e-11
3.6838e-11,2.9899e-11,4.4159e-11
2.2985e-11,1.4597e-11,3.3232e-11
6.8404e-11,1.4782e-10,1.0481e-10
2.5962e-11,2.3052e-11,4.496e-11
7.6794e-11,1.0877e-10,1.2122e-10
1.8321e-11,2.0618e-11,1.9914e-11
1.0222e-10,1.5402e-10,7.5375e-11
2.1682e-11,6.4139e-11,3.9721e-11
2.3892e-11,2.1296e-11,1.6979e-11
5.7253e-11,8.8303e-11,4.8306e-11
8.6584e-11,1.1728e-10,6.5792e-11
5.507e-11,1.1469e-10,3.928e-11
8.5496e-11,1.2202e-10,5.3729e-11
5.9488e-11,9.4155e-11,5.3447e-11
3.8234e-11,1.8037e-11,2.4425e-11
2.0191e-11,1.2687e-11,1.0667e-11
8.9811e-11,9.866e-11,5.335e-11
2.0921e-11,3.9356e-11,2.2368e-11
1.8426e-11,1.3537e-11,1.0434e-11
1.8282e-11,2.0305e-11,1.5973e-11
1.8674e-11,1.6555e-11,1.0759e-11
2.0127e-11,1.6627e-11,1.7776e-11
5.124e-11,8.9694e-11,3.4003e-11
2.1925e-11,1.5849e-11,2.1465e-11
1.3968e-11,1.3526e-11,1.162e-11
3.5474e-11,4.8214e-11,2.6379e-11
4.0815e-11,5.2275e-11,2.3624e-11
9.4483e-11,8.2958e-11,5.9428e-11
4.2725e-11,3.585e-11,4.4747e-11
5.3137e-11,8.7814e-11,3.0429e-11
9.0373e-11,2.96e-11,7.9381e-11
8.0394e-11,1.769e-11,9.8525e-11
5.4515e-11,1.3807e-11,6.6244e-11
5.8193e-11,2.1248e-11,5.1834e-11
4.5803e-11,2.8696e-11,4.3754e-11
6.9089e-11,3.0417e-11,1.0462e-10
6.8319e-11,2.1007e-11,1.0804e-10
4.816e-11,2.3907e-11,4.8845e-11
3.6316e-11,1.9763e-11,4.3578e-11
5.7578e-11,2.1284e-11,9.2282e-11
3.6799e-11,1.0459e-11,4.4509e-11
5.7799e-11,2.6656e-11,3.8241e-11
3.6876e-11,2.0547e-11,3.9488e-11
4.2132e-11,1.9246e-11,7.7578e-11
1.6458e-10,1.3417e-10,1.0591e-10
1.6026e-10,1.2266e-10,1.2503e-10
1.2875e-10,8.9393e-11,7.3183e-11
2.7531e-11,1.8441e-11,2.8716e-11
5.9485e-11,5.1716e-11,4.4048e-11
2.1395e-11,1.5268e-11,1.7425e-11
1.1779e-10,1.1977e-10,9.3282e-11
7.5547e-11,1.1113e-10,8.5804e-11
4.9914e-11,4.4718e-11,3.2851e-11
1.9916e-11,2.1161e-11,2.4658e-11
1.0993e-10,1.4276e-10,9.9978e-11
6.6377e-11,9.6696e-11,1.1271e-10
6.6231e-11,6.2895e-11,4.0772e-11
2.0787e-11,2.9117e-11,1.8754e-11
1.99e-11,1.3057e-11,2.9159e-11
4.3137e-11,1.0973e-10,4.0905e-11
3.1319e-11,5.7603e-11,5.3294e-11
2.0542e-11,5.7786e-11,3.4811e-11
8.536e-11,1.0283e-10,5.3474e-11
1.4976e-11,1.6184e-11,1.2294e-11
2.5461e-11,2.3812e-11,1.8478e-11
6.3034e-11,7.9405e-11,4.1011e-11
4.9215e-11,7.9659e-11,3.2143e-11
2.0001e-11,1.9163e-11,2.0876e-11
6.0551e-11,7.6978e-11,3.0299e-11
5.0648e-11,6.4539e-11,3.3704e-11
6.2913e-11,9.1987e-11,2.0856e-11
1.9833e-11,1.5737e-11,1.9525e-11
1.6022e-11,1.6178e-11,1.6267e-11
7.0964e-11,1.3085e-11,8.2985e-11
6.1549e-11,1.5511e-11,7.1841e-11
5.0317e-11,1.3254e-11,5.6973e-11
4.0039e-11,1.3099e-11,4.8845e-11
3.665e-11,1.2778e-11,4.7162e-11
7.5218e-11,2.1744e-11,1.1078e-10
3.8442e-11,1.6194e-11,4.2621e-11
3.4036e-11,9.2607e-12,4.1794e-11
3.8992e-11,1.6654e-11,5.0546e-11
7.7052e-11,3.9743e-11,5.1451e-11
3.3067e-11,1.4899e-11,3.2812e-11
9.0042e-11,5.9172e-11,6.8838e-11
3.8586e-11,3.09e-11,2.4214e-11
8.3716e-11,2.5614e-11,8.1567e-11
2.3669e-11,1.2475e-11,2.208e-11
6.9352e-11,5.7435e-11,5.2852e-11
4.9439e-11,2.6783e-11,6.4707e-11
2.4218e-11,2.011e-11,3.9923e-11
1.2473e-10,1.056e-10,8.6444e-11
4.2413e-11,3.3576e-11,3.074e-11
5.7345e-11,5.3909e-11,4.3917e-11
3.8489e-11,3.6339e-11,2.875e-11
1.9709e-11,1.5269e-11,1.6196e-11
4.1037e-11,3.5608e-11,2.8175e-11
2.4387e-11,1.5425e-11,2.1085e-11
5.7956e-11,4.9147e-11,5.1974e-11
9.2489e-11,9.3769e-11,1.2476e-10
3.538e-11,3.379e-11,2.7544e-11
6.8353e-11,6.2869e-11,4.4355e-11
8.1486e-11,9.9351e-11,9.2181e-11
1.9496e-11,1.7462e-11,3.5207e-11
3.1617e-11,7.887e-11,6.353e-11
8.8485e-11,1.4961e-10,6.4281e-11
3.3446e-11,3.1593e-11,1.852e-11
6.7085e-11,6.9554e-11,4.1597e-11
5.1318e-11,1.0305e-10,4.3484e-11
1.5423e-11,1.0278e-11,6.8019e-12
5.0887e-11,7.6372e-11,4.074e-11
6.4451e-11,7.2281e-11,3.9703e-11
1.7752e-11,1.0437e-11,7.7335e-12
1.8418e-11,1.9762e-11,1.3927e-11
4.031e-11,4.5079e-11,2.8785e-11
1.9334e-11,1.2433e-11,1.3713e-11
2.8928e-11,2.4118e-11,2.4933e-11
2.5129e-11,2.5863e-11,1.8604e-11
1.356e-11,2.4903e-11,1.2899e-11
1.6074e-11,1.1379e-11,7.3478e-12
5.037e-11,9.5461e-11,2.7558e-11
3.8685e-11,3.5874e-11,3.0942e-11
2.8155e-11,5.5481e-11,3.5512e-11
8.2756e-11,1.9008e-11,1.0184e-10
5.3978e-11,1.6102e-11,6.5668e-11
1.0512e-10,6.0687e-11,7.4176e-11
6.9098e-11,2.3515e-11,1.097e-10
1.0908e-10,6.4074e-11,6.2639e-11
3.5805e-11,1.8051e-11,3.3204e-11
3.0261e-11,1.2926e-11,2.688e-11
7.2923e-11,1.88e-11,9.2603e-11
9.4211e-11,5.5461e-11,5.9551e-11
3.1975e-11,1.7894e-11,4.5283e-11
2.5237e-11,1.3396e-11,2.6623e-11
2.1582e-11,7.9779e-12,3.9812e-11
4.8105e-11,3.5743e-11,3.381e-11
2.2964e-11,1.2566e-11,2.5248e-11
4.1929e-11,1.9843e-11,6.4366e-11
7.0421e-11,7.1724e-11,4.8115e-11
5.2022e-11,4.9251e-11,3.2544e-11
5.3066e-11,9.9356e-11,5.5118e-11
1.1848e-10,1.2212e-10,8.9928e-11
5.3532e-11,5.3896e-11,3.1179e-11
7.7251e-11,1.1255e-10,1.2854e-10
1.0292e-10,1.3412e-10,8.9307e-11
1.1544e-10,1.2543e-10,9.9487e-11
8.8385e-11,1.2465e-10,5.8947e-11
5.0298e-11,7.8984e-11,7.4864e-11
3.0878e-11,2.9062e-11,1.6264e-11
2.4605e-11,2.0898e-11,1.6894e-11
6.5826e-11,7.8464e-11,3.8225e-11
4.0365e-11,3.6869e-11,2.5293e-11
6.8264e-11,7.9071e-11,4.1381e-11
6.8134e-11,7.9744e-11,4.698e-11
4.4183e-11,7.063e-11,3.8091e-11
5.1866e-11,6.1006e-11,2.942e-11
1.5993e-11,1.2014e-11,1.5708e-11
5.6154e-11,7.6411e-11,2.4242e-11
4.0012e-11,4.5349e-11,2.9326e-11
5.4849e-11,6.8744e-11,3.0324e-11
3.3258e-11,2.7906e-11,3.3418e-11
1.5728e-11,1.4511e-11,1.6091e-11
1.8622e-11,1.7307e-11,1.4309e-11
4.8992e-11,4.7091e-11,2.2571e-11
3.705e-11,4.8129e-11,3.2262e-11
4.3753e-11,7.9917e-11,3.7614e-11
5.5968e-11,7.4939e-11,3.0533e-11
8.8967e-11,2.0094e-11,1.0623e-10
7.0116e-11,2.0655e-11,8.0853e-11
6.479e-11,2.1508e-11,7.6765e-11
1.0133e-10,5.91e-11,8.1305e-11
4.4256e-11,1.8108e-11,7.0517e-11
3.6462e-11,7.6542e-12,4.386e-11
3.6635e-11,2.247e-11,5.0726e-11
4.3754e-11,2.0717e-11,7.3363e-11
5.4373e-11,2.5614e-11,3.0416e-11
3.7812e-11,2.1144e-11,5.3951e-11
7.8931e-11,5.3373e-11,4.9378e-11
1.7496e-10,9.4805e-11,1.2135e-10
9.0363e-11,2.7721e-11,8.5627e-11
2.7906e-11,1.7005e-11,4.0435e-11
1.0505e-10,4.99e-11,8.4385e-11
2.571e-11,7.5559e-12,3.135e-11
2.3038e-11,9.314e-12,2.499e-11
5.1819e-11,2.7742e-11,6.2817e-11
2.631e-11,1.6639e-11,2.3436e-11
3.9516e-11,1.9267e-11,6.0383e-11
2.1242e-11,1.8964e-11,1.9716e-11
2.8731e-11,2.0728e-11,2.4087e-11
1.0496e-10,1.3452e-10,9.0884e-11
2.2322e-11,1.6397e-11,3.6682e-11
3.3179e-11,2.3657e-11,4.3721e-11
1.7411e-11,9.683e-12,2.8269e-11
2.4613e-11,3.0637e-11,1.9829e-11
4.0282e-11,8.7661e-11,3.6762e-11
1.8713e-11,1.8111e-11,1.4141e-11
1.8104e-11,1.7121e-11,1.3802e-11
5.9525e-11,6.122e-11,3.7839e-11
1.7303e-11,1.6164e-11,1.333e-11
4.8665e-11,7.6334e-11,7.2971e-11
2.9698e-11,2.7692e-11,1.7489e-11
5.256e-11,4.556e-11,3.2844e-11
2.0331e-11,1.6943e-11,1.1813e-11
6.5573e-11,5.9361e-11,5.8167e-11
6.427e-11,7.6557e-11,4.9447e-11
1.5507e-11,1.4663e-11,2.1807e-11
5.0704e-11,6.5501e-11,4.6474e-11
6.3599e-11,7.3387e-11,3.9201e-11
4.2219e-11,8.6746e-11,4.1264e-11
5.4206e-11,6.9698e-11,4.5684e-11
1.2825e-11,1.2552e-11,1.0914e-11
5.0422e-11,6.3336e-11,2.8575e-11
4.6954e-11,5.6904e-11,2.8823e-11
2.5537e-11,2.4435e-11,1.7765e-11
3.1099e-11,3.4631e-11,2.7706e-11
2.1218e-11,2.1489e-11,1.8937e-11
6.829e-11,2.1873e-11,8.2377e-11
7.1565e-11,1.8795e-11,8.0825e-11
9.2464e-11,4.6584e-11,8.1321e-11
6.124e-11,2.1844e-11,7.5927e-11
7.164e-11,2.0165e-11,9.8812e-11
6.7281e-11,2.4266e-11,7.9308e-11
6.7718e-11,2.0463e-11,9.2205e-11
6.46e-11,2.108e-11,1.0197e-10
5.5367e-11,1.5099e-11,6.6397e-11
3.7947e-11,1.6162e-11,4.9834e-11
4.5036e-11,2.3052e-11,7.1502e-11
2.9838e-11,1.6563e-11,3.543e-11
2.4119e-11,1.2592e-11,2.3578e-11
7.3354e-11,5.2113e-11,4.9952e-11
2.7491e-11,2.0385e-11,4.0319e-11
6.8019e-11,3.5035e-11,6.0949e-11
1.9491e-11,1.139e-11,3.2846e-11
4.1984e-11,3.724e-11,3.2432e-11
5.4303e-11,3.9722e-11,5.4423e-11
8.6183e-11,6.8303e-11,5.5707e-11
2.0961e-11,8.4323e-12,4.0897e-11
5.1656e-11,4.9228e-11,3.0261e-11
1.0054e-10,1.6744e-10,1.0095e-10
2.5544e-11,3.9901e-11,4.6257e-11
3.4621e-11,3.2746e-11,4.1169e-11
1.9621e-11,3.357e-11,3.5668e-11
3.6746e-11,6.8288e-11,6.5883e-11
9.446e-11,1.3408e-10,9.348e-11
6.3661e-11,6.5393e-11,3.9525e-11
8.4465e-11,1.133e-10,5.2804e-11
1.6944e-11,1.7021e-11,9.8911e-12
4.549e-11,4.4893e-11,3.099e-11
3.6564e-11,3.3501e-11,1.8896e-11
6.3762e-11,8.5962e-11,4.8805e-11
1.8586e-11,2.2319e-11,1.3243e-11
4.2068e-11,6.2449e-11,3.3064e-11
1.695e-11,1.1291e-11,1.536e-11
4.1676e-11,4.6501e-11,2.7411e-11
3.2433e-11,3.4951e-11,2.7233e-11
2.8129e-11,2.7707e-11,1.8877e-11
1.8177e-11,2.2979e-11,1.3177e-11
2.2289e-11,2.3153e-11,2.0113e-11
2.6597e-11,1.9265e-11,1.6401e-11
3.3337e-11,5.1178e-11,2.665e-11
4.7299e-11,4.0573e-11,3.9448e-11
7.69e-11,2.0762e-11,9.3361e-11
8.2989e-11,1.473e-11,9.8485e-11
7.3687e-11,1.2914e-11,8.7546e-11
8.2832e-11,2.0164e-11,1.0609e-10
6.9984e-11,1.3743e-11,8.1712e-11
9.4689e-11,4.8595e-11,8.3544e-11
7.0793e-11,2.6082e-11,1.1392e-10
1.0951e-10,5.9036e-11,7.1373e-11
4.631e-11,1.1543e-11,5.2593e-11
4.4457e-11,1.815e-11,7.2642e-11
3.688e-11,2.6802e-11,3.1747e-11
6.8477e-11,1.8213e-11,9.9182e-11
7.7618e-11,5.4756e-11,5.0769e-11
9.5438e-11,4.499e-11,8.6802e-11
5.6278e-11,3.7975e-11,4.5699e-11
2.6783e-11,9.9163e-12,2.7106e-11
2.4479e-11,1.7062e-11,2.4144e-11
3.1055e-11,1.6775e-11,5.5921e-11
3.5785e-11,1.4852e-11,5.8619e-11
3.4094e-11,2.8753e-11,2.4414e-11
2.1108e-11,1.4004e-11,3.6169e-11
8.6363e-11,6.6538e-11,6.044e-11
2.0736e-11,8.5737e-12,2.102e-11
2.0378e-11,1.038e-11,4.0484e-11
2.907e-11,1.2795e-11,2.5639e-11
7.7603e-11,9.9677e-11,6.3056e-11
1.624e-11,1.5267e-11,3.3973e-11
2.9293e-11,2.4399e-11,3.1667e-11
1.1623e-10,1.5112e-10,7.9381e-11
5.6356e-11,8.4434e-11,6.3864e-11
5.6295e-11,7.024e-11,7.5002e-11
1.758e-11,1.6393e-11,1.0723e-11
6.4772e-11,6.5797e-11,3.7898e-11
1.9112e-11,2.0378e-11,1.82e-11
1.8286e-11,2.0867e-11,2.7395e-11
1.8943e-11,1.5913e-11,1.4619e-11
2.0521e-11,2.5642e-11,1.5334e-11
3.6539e-11,4.2732e-11,3.2175e-11
1.8692e-11,2.1349e-11,1.4073e-11
1.7041e-11,1.4513e-11,1.1814e-11
3.4997e-11,5.4948e-11,4.0027e-11
7.9255e-11,9.1728e-11,5.2652e-11
1.6472e-11,1.6649e-11,2.0125e-11
4.4878e-11,5.7677e-11,4.5308e-11
4.1448e-11,7.5422e-11,2.2253e-11
7.4626e-11,6.7551e-11,3.9464e-11
3.6071e-11,5.3951e-11,2.2047e-11
8.2706e-11,1.5294e-11,9.8413e-11
8.38e-11,2.3444e-11,9.1084e-11
7.4411e-11,1.8287e-11,9.2207e-11
7.5015e-11,2.3903e-11,8.3475e-11
5.5533e-11,1.5733e-11,6.4678e-11
4.805e-11,1.5484e-11,5.4873e-11
4.3159e-11,1.172e-11,5.3696e-11
6.837e-11,3.0172e-11,1.0929e-10
4.3354e-11,2.2556e-11,7.999e-11
4.592e-11,1.4736e-11,8.629e-11
3.8564e-11,1.7595e-11,6.826e-11
7.1007e-11,2.9783e-11,9.5289e-11
2.9771e-11,1.3812e-11,3.2845e-11
1.5542e-10,7.2575e-11,1.0697e-10
2.4223e-11,1.4285e-11,2.693e-11
3.2679e-11,1.632e-11,5.8708e-11
2.7748e-11,2.731e-11,2.7654e-11
9.9076e-11,5.8554e-11,7.5392e-11
1.0907e-10,7.2617e-11,8.6003e-11
1.9968e-11,9.6237e-12,2.4623e-11
1.8154e-11,8.1202e-12,2.3931e-11
5.3632e-11,4.8426e-11,3.3761e-11
1.9197e-11,1.3908e-11,2.7856e-11
4.4562e-11,8.4759e-11,4.828e-11
6.3378e-11,8.0329e-11,6.807e-11
3.3883e-11,7.5967e-11,3.925e-11
2.8236e-11,4.9555e-11,3.6679e-11
6.8869e-11,7.0837e-11,4.136e-11
7.2028e-11,8.4011e-11,5.0068e-11
8.6849e-11,1.142e-10,6.936e-11
5.9238e-11,6.9522e-11,5.8218e-11
2.7564e-11,2.6708e-11,1.9764e-11
3.0525e-11,2.9512e-11,2.1436e-11
1.9348e-11,2.1201e-11,1.819e-11
3.2162e-11,2.596e-11,1.6132e-11
4.2503e-11,4.2907e-11,2.0427e-11
1.6869e-11,1.3358e-11,1.6612e-11
4.5278e-11,4.9456e-11,2.5183e-11
1.6581e-11,1.2692e-11,1.0429e-11
1.5087e-11,1.141e-11,1.4987e-11
2.0804e-11,2.9293e-11,2.2352e-11
4.8282e-11,6.7903e-11,2.1868e-11
2.8661e-11,3.0401e-11,3.4041e-11
8.4535e-11,1.7875e-11,9.7968e-11
6.2911e-11,1.1799e-11,7.3401e-11
6.1412e-11,1.3798e-11,7.4261e-11
7.0577e-11,4.2342e-11,6.6181e-11
6.7594e-11,2.8926e-11,1.1328e-10
1.1089e-10,5.5883e-11,6.7201e-11
5.0671e-11,2.4109e-11,6.8692e-11
6.6516e-11,3.4178e-11,4.8424e-11
6.2724e-11,2.908e-11,4.6029e-11
6.8649e-11,2.2774e-11,1.0908e-10
3.7602e-11,1.1248e-11,4.6138e-11
3.1817e-11,1.9936e-11,3.7208e-11
3.0425e-11,1.4268e-11,3.5897e-11
5.0148e-11,1.9782e-11,8.4857e-11
4.9699e-11,1.9011e-11,7.9189e-11
6.2968e-11,2.1117e-11,7.9441e-11
2.5582e-11,9.9817e-12,3.0228e-11
6.1878e-11,4.1858e-11,4.1872e-11
6.057e-11,2.423e-11,6.6582e-11
6.2204e-11,4.5756e-11,6.6737e-11
2.6017e-11,1.8739e-11,1.6819e-11
1.7898e-11,1.6027e-11,1.8422e-11
2.0789e-11,1.2736e-11,1.93e-11
2.2829e-11,1.9606e-11,3.2193e-11
8.2521e-11,8.5745e-11,6.946e-11
1.0026e-10,9.8098e-11,6.2925e-11
1.7417e-11,1.649e-11,1.6427e-11
1.3288e-10,1.2788e-10,1.3224e-10
1.9815e-11,1.9887e-11,1.7417e-11
2.641e-11,2.4759e-11,4.2527e-11
2.8212e-11,4.1875e-11,3.2279e-11
1.974e-11,2.4356e-11,3.3181e-11
6.7672e-11,1.0165e-10,3.9389e-11
2.1541e-11,2.0802e-11,1.1695e-11
6.1043e-11,8.522e-11,4.6028e-11
2.3081e-11,1.8101e-11,2.5177e-11
2.5255e-11,2.6028e-11,1.6698e-11
2.0085e-11,1.4959e-11,1.6018e-11
3.2614e-11,2.3965e-11,2.333e-11
3.0652e-11,2.7537e-11,2.0272e-11
4.2874e-11,8.5136e-11,1.9055e-11
4.1757e-11,4.3806e-11,2.9425e-11
2.5902e-11,2.2605e-11,1.3823e-11
1.7765e-11,1.4239e-11,8.3821e-12
1.7137e-11,1.5142e-11,9.9998e-12
7.4893e-11,8.9002e-11,5.1621e-11
2.1251e-11,2.21e-11,2.1754e-11
7.6388e-11,1.3517e-11,8.7683e-11
8.7393e-11,2.0562e-11,9.6524e-11
6.4654e-11,2.0678e-11,9.4535e-11
6.5443e-11,2.8584e-11,1.0929e-10
4.1055e-11,1.9266e-11,5.3611e-11
7.3672e-11,2.3002e-11,1.1445e-10
6.3306e-11,3.1514e-11,3.9745e-11
9.9283e-11,3.8466e-11,1.038e-10
3.1551e-11,1.8265e-11,3.8123e-11
1.0174e-10,3.651e-11,9.3006e-11
3.0053e-11,2.0006e-11,3.4224e-11
2.8055e-11,9.5817e-12,3.3919e-11
1.1929e-10,4.4888e-11,9.243e-11
5.4787e-11,4.536e-11,3.7872e-11
2.22e-11,9.0507e-12,3.0257e-11
3.047e-11,1.2275e-11,5.4126e-11
2.0827e-11,1.1794e-11,4.6852e-11
5.9366e-11,3.4423e-11,5.9918e-11
2.768e-11,2.1276e-11,2.5956e-11
2.7027e-11,2.5076e-11,2.0934e-11
2.2329e-11,2.2437e-11,2.306e-11
2.8067e-11,1.8828e-11,5.0852e-11
2.2068e-11,1.674e-11,4.1434e-11
2.1476e-11,1.9446e-11,3.7566e-11
2.2254e-11,2.2012e-11,4.1348e-11
3.2104e-11,3.7036e-11,2.168e-11
2.7086e-11,2.4723e-11,2.3205e-11
7.1568e-11,7.1178e-11,4.4249e-11
7.6746e-11,1.2106e-10,3.8361e-11
1.0755e-10,1.3649e-10,8.4582e-11
6.4732e-11,5.9457e-11,3.4739e-11
2.2433e-11,2.1317e-11,1.3976e-11
3.87e-11,7.7445e-11,3.4598e-11
4.0325e-11,6.385e-11,2.3026e-11
1.5481e-11,1.2573e-11,2.041e-11
2.2335e-11,2.4467e-11,1.9337e-11
3.352e-11,4.396e-11,3.803e-11
7.3791e-11,1.0797e-10,5.1671e-11
1.5072e-11,2.1878e-11,1.8824e-11
2.0198e-11,2.271e-11,2.5217e-11
7.201e-11,9.5848e-11,5.6975e-11
3.3993e-11,6.825e-11,2.7094e-11
8.1211e-11,2.3353e-11,1.0082e-10
7.928e-11,1.8073e-11,8.822e-11
7.799e-11,2.1643e-11,1.0616e-10
5.5668e-11,2.4608e-11,6.1999e-11
4.3361e-11,1.6022e-11,5.8725e-11
4.5363e-11,1.9601e-11,5.4506e-11
7.7199e-11,2.4918e-11,1.1755e-10
1.0975e-10,4.1676e-11,1.1049e-10
6.6322e-11,1.9909e-11,9.3824e-11
3.478e-11,3.2219e-11,3.8463e-11
2.7538e-11,1.301e-11,3.0813e-11
3.3636e-11,1.8916e-11,3.6177e-11
3.3548e-11,1.1618e-11,6.1968e-11
6.2874e-11,3.3359e-11,6.8106e-11
2.6896e-11,2.7823e-11,2.754e-11
1.2442e-10,7.369e-11,9.5514e-11
9.0999e-11,5.2533e-11,7.1949e-11
2.1173e-11,2.2259e-11,2.5928e-11
3.604e-11,3.3555e-11,2.4942e-11
9.8527e-11,8.0341e-11,7.0476e-11
6.9414e-11,6.1217e-11,4.3021e-11
4.0565e-11,2.8647e-11,4.8051e-11
1.9174e-11,1.6786e-11,3.7968e-11
1.0106e-10,8.0787e-11,1.0761e-10
1.7383e-11,1.1017e-11,1.294e-11
2.4157e-11,2.0183e-11,2.9825e-11
3.3199e-11,1.9793e-11,4.8465e-11
2.7359e-11,2.5567e-11,2.7515e-11
1.9882e-11,1.6955e-11,4.0794e-11
2.1775e-11,2.2233e-11,2.3607e-11
1.5116e-10,1.26e-10,1.0854e-10
2.615e-11,2.6383e-11,4.3363e-11
3.2261e-11,2.3689e-11,4.2136e-11
1.0468e-10,1.1776e-10,8.9025e-11
1.9778e-11,1.9277e-11,1.1881e-11
6.5985e-11,6.7384e-11,3.6462e-11
2.5454e-11,2.2317e-11,1.5341e-11
5.3429e-11,7.4043e-11,6.8941e-11
6.7812e-11,6.0886e-11,3.81e-11
5.018e-11,8.2004e-11,4.8048e-11
2.26e-11,1.9681e-11,1.6449e-11
5.2785e-11,8.0436e-11,3.6961e-11
2.236e-11,2.5813e-11,2.2095e-11
2.5194e-11,1.4629e-11,1.8058e-11
3.9032e-11,5.2976e-11,2.7902e-11
3.7282e-11,4.5887e-11,2.4363e-11
2.322e-11,1.8096e-11,9.9224e-12
3.2248e-11,4.0803e-11,2.8789e-11
3.7675e-11,5.2005e-11,3.0221e-11
1.9135e-11,1.0809e-11,8.2317e-12
3.1368e-11,3.1457e-11,3.0534e-11
2.7069e-11,6.6625e-11,2.1564e-11
3.8665e-11,7.6392e-11,2.724e-11
7.5209e-11,1.8351e-11,9.2287e-11
8.9329e-11,2.299e-11,1.0337e-10
7.0971e-11,1.252e-11,8.0295e-11
9.8662e-11,4.4545e-11,7.6705e-11
3.9002e-11,1.5778e-11,5.0739e-11
8.7086e-11,5.2382e-11,4.7417e-11
6.7399e-11,3.9052e-11,4.2724e-11
6.5305e-11,4.3689e-11,3.8773e-11
6.6648e-11,3.4253e-11,3.5107e-11
6.031e-11,2.1316e-11,7.7113e-11
1.5673e-10,8.5846e-11,1.0196e-10
1.554e-10,9.669e-11,1.1096e-10
5.2681e-11,4.3586e-11,3.5674e-11
6.084e-11,5.2998e-11,5.6815e-11
1.9618e-11,1.5385e-11,2.4167e-11
2.4581e-11,1.4283e-11,4.9366e-11
4.3635e-11,2.6197e-11,5.2778e-11
3.9503e-11,1.9391e-11,5.1593e-11
7.0645e-11,6.6706e-11,4.3133e-11
1.2686e-10,1.2411e-10,1.1769e-10
5.182e-11,5.0934e-11,3.041e-11
4.1179e-11,7.6574e-11,4.0238e-11
1.1443e-10,1.3421e-10,1.1901e-10
3.1718e-11,3.4714e-11,2.2759e-11
4.7661e-11,4.2877e-11,4.6444e-11
7.0386e-11,1.0628e-10,5.107e-11
5.2447e-11,5.5196e-11,3.7354e-11
8.0769e-11,7.3358e-11,4.2178e-11
5.678e-11,6.5409e-11,5.3024e-11
4.9692e-11,4.5737e-11,2.6356e-11
7.8644e-11,7.5758e-11,4.1179e-11
4.0353e-11,3.4668e-11,2.1084e-11
3.7647e-11,6.1956e-11,2.9467e-11
3.5664e-11,4.5633e-11,2.3662e-11
2.0855e-11,1.4976e-11,1.1023e-11
4.4051e-11,4.3682e-11,3.086e-11
1.9581e-11,1.6388e-11,7.8093e-12
2.0911e-11,2.0103e-11,1.5895e-11
1.7138e-11,1.6772e-11,2.0389e-11
2.6797e-11,2.2131e-11,1.2369e-11
3.4435e-11,6.3294e-11,2.7219e-11
8.7082e-11,1.5203e-11,9.5233e-11
8.0413e-11,1.5895e-11,9.1708e-11
8.2814e-11,1.9237e-11,8.9189e-11
7.9882e-11,2.2934e-11,9.9619e-11
5.6684e-11,1.5903e-11,6.0744e-11
5.9179e-11,2.0666e-11,7.628e-11
5.0416e-11,1.8072e-11,7.7565e-11
6.3249e-11,3.1659e-11,3.9316e-11
6.0191e-11,3.2152e-11,3.4799e-11
3.0745e-11,2.1369e-11,3.5538e-11
3.5589e-11,2.2157e-11,7.0225e-11
8.3555e-11,3.2511e-11,7.3035e-11
1.5364e-10,9.2748e-11,1.1016e-10
6.3478e-11,5.3984e-11,4.6016e-11
2.2834e-11,2.5959e-11,4.7093e-11
1.1276e-10,9.6754e-11,8.9051e-11
4.2722e-11,3.192e-11,5.1163e-11
2.2874e-11,1.0126e-11,4.0205e-11
5.9091e-11,4.9385e-11,5.2758e-11
2.627e-11,2.406e-11,2.0577e-11
1.8279e-11,1.1824e-11,1.5088e-11
3.001e-11,2.123e-11,4.7001e-11
4.9408e-11,6.7127e-11,4.5132e-11
1.7871e-11,1.6373e-11,2.7114e-11
7.8351e-11,9.746e-11,6.6991e-11
2.2278e-11,2.1486e-11,2.2091e-11
1.5773e-11,1.5971e-11,2.392e-11
1.715e-11,1.7682e-11,2.3407e-11
2.0979e-11,1.8406e-11,1.5965e-11
1.008e-10,8.4666e-11,7.4897e-11
4.9099e-11,4.1137e-11,5.6395e-11
5.4053e-11,5.625e-11,3.5919e-11
7.4167e-11,6.8496e-11,3.7908e-11
2.4507e-11,2.368e-11,1.699e-11
2.8182e-11,1.8428e-11,2.0402e-11
2.1439e-11,1.4966e-11,1.2504e-11
6.2038e-11,1.4303e-10,8.197e-11
4.5876e-11,4.2281e-11,2.3304e-11
6.7956e-11,1.3551e-10,7.461e-11
2.5966e-11,2.3263e-11,2.1911e-11
3.7927e-11,5.767e-11,2.974e-11
2.1948e-11,1.9063e-11,2.0565e-11
3.7181e-11,4.4501e-11,3.1719e-11
8.4852e-11,1.4326e-11,9.9421e-11
7.4292e-11,1.8554e-11,9.1404e-11
7.0347e-11,2.2981e-11,8.6517e-11
9.8196e-11,4.5621e-11,9.6462e-11
9.1596e-11,3.5848e-11,9.4361e-11
8.3651e-11,2.9824e-11,7.7689e-11
7.8079e-11,2.1394e-11,9.2294e-11
6.1037e-11,2.8918e-11,6.3351e-11
5.9917e-11,2.6147e-11,6.3021e-11
9.4421e-11,3.902e-11,7.3402e-11
4.84e-11,2.1628e-11,5.734e-11
1.407e-10,7.7981e-11,7.8434e-11
1.4752e-10,8.7423e-11,7.4399e-11
4.657e-11,1.9959e-11,4.9902e-11
4.0557e-11,2.3786e-11,4.7904e-11
4.623e-11,1.7373e-11,8.4168e-11
3.2504e-11,1.2665e-11,3.5864e-11
8.1649e-11,5.0203e-11,5.0887e-11
4.0819e-11,1.7315e-11,3.5161e-11
8.3001e-11,3.5469e-11,9.7118e-11
2.8571e-11,1.5718e-11,3.1447e-11
3.326e-11,1.3064e-11,6.0494e-11
6.0194e-11,1.8994e-11,9.0162e-11
5.7686e-11,2.8637e-11,8.5242e-11
6.8053e-11,2.7334e-11,7.6612e-11
3.2001e-11,2.2452e-11,3.5326e-11
8.842e-11,4.4613e-11,6.9447e-11
1.5815e-10,9.5263e-11,1.1029e-10
2.5062e-11,2.1622e-11,2.1118e-11
8.2443e-11,3.9921e-11,6.5779e-11
2.3924e-11,1.5739e-11,1.9109e-11
2.8388e-11,2.0797e-11,4.8984e-11
7.8537e-11,4.3976e-11,7.3918e-11
2.6361e-11,2.3737e-11,2.2426e-11
3.7296e-11,3.6072e-11,2.5644e-11
2.2545e-11,2.2483e-11,4.0152e-11
8.1802e-11,1.0171e-10,7.9444e-11
2.5891e-11,2.241e-11,3.6101e-11
2.4724e-11,4.3699e-11,3.3369e-11
1.0088e-10,7.9255e-11,4.7838e-11
6.7217e-11,6.5325e-11,3.7677e-11
5.9501e-11,1.2721e-10,6.5361e-11
8.0827e-11,7.0841e-11,4.0089e-11
7.1565e-11,5.9016e-11,3.5149e-11
6.0092e-11,1.3427e-10,6.6712e-11
2.547e-11,2.4403e-11,1.8905e-11
3.6161e-11,4.8867e-11,2.9416e-11
4.664e-11,9.7463e-11,4.5397e-11
2.0447e-11,1.6148e-11,1.1745e-11
4.8117e-11,1.0124e-10,4.7987e-11
3.5935e-11,2.9256e-11,1.8085e-11
3.5396e-11,3.9371e-11,2.6494e-11
1.8072e-11,2.2169e-11,1.4104e-11
3.1814e-11,2.7183e-11,2.1573e-11
1.6895e-11,1.3943e-11,1.0156e-11
3.9183e-11,3.8524e-11,2.6068e-11
1.8147e-11,1.3226e-11,1.0657e-11
3.9149e-11,4.3184e-11,2.959e-11
1.6843e-11,2.4175e-11,2.8559e-11
2.4102e-11,2.3746e-11,2.2496e-11
6.0786e-11,2.8431e-11,6.2068e-11
7.6451e-11,2.2466e-11,9.5457e-11
1.1942e-10,6.4203e-11,7.2903e-11
7.0542e-11,2.6059e-11,1.1204e-10
5.0735e-11,2.8638e-11,7.2109e-11
4.5699e-11,2.6257e-11,5.3047e-11
1.2149e-10,8.3309e-11,6.9101e-11
4.8173e-11,2.4101e-11,8.4123e-11
8.4608e-11,7.2617e-11,5.8326e-11
4.1044e-11,1.5943e-11,7.5362e-11
3.0395e-11,2.3897e-11,3.4959e-11
3.2251e-11,1.9562e-11,6.5377e-11
3.6809e-11,2.37e-11,2.0804e-11
1.4414e-10,1.0048e-10,1.0607e-10
5.2235e-11,4.5127e-11,3.9644e-11
8.2205e-11,3.9877e-11,7.0698e-11
8.2721e-11,6.034e-11,7.1777e-11
4.0529e-11,3.8953e-11,2.6527e-11
2.1726e-11,1.1914e-11,4.2874e-11
3.258e-11,3.5332e-11,4.2794e-11
7.9367e-11,9.1473e-11,6.5001e-11
2.9797e-11,3.059e-11,1.6674e-11
3.0457e-11,3.1122e-11,4.6679e-11
3.9793e-11,3.9946e-11,2.0784e-11
5.8621e-11,1.3096e-10,6.6891e-11
2.8448e-11,2.3013e-11,2.0565e-11
2.4684e-11,5.0819e-11,2.2639e-11
5.994e-11,1.46e-10,8.1328e-11
2.4557e-11,2.2193e-11,1.3267e-11
2.7129e-11,2.5192e-11,1.3213e-11
8.1567e-11,1.6344e-10,8.1751e-11
1.8859e-11,1.7345e-11,8.8792e-12
1.5174e-11,1.7533e-11,1.5249e-11
3.1976e-11,2.8891e-11,2.1846e-11
5.9773e-11,9.4357e-11,4.378e-11
1.7554e-11,1.6262e-11,1.0992e-11
2.2249e-11,2.7818e-11,2.8553e-11
3.1479e-11,2.9318e-11,2.2471e-11
2.7521e-11,5.3079e-11,2.2671e-11
8.3363e-11,2.4816e-11,1.026e-10
8.3382e-11,2.3087e-11,9.6808e-11
6.5143e-11,1.8923e-11,7.4593e-11
5.0776e-11,2.231e-11,5.47e-11
4.8388e-11,2.5542e-11,5.1628e-11
5.1612e-11,2.5517e-11,5.6878e-11
1.414e-10,8.242e-11,7.4198e-11
1.2116e-10,9.0984e-11,7.9369e-11
6.3339e-11,2.7998e-11,4.2248e-11
4.8617e-11,1.8217e-11,8.4389e-11
1.187e-10,8.1608e-11,7.2015e-11
1.211e-10,4.7237e-11,1.1941e-10
5.2882e-11,2.3075e-11,7.5949e-11
8.1151e-11,3.2242e-11,7.9867e-11
3.426e-11,1.6756e-11,5.5529e-11
3.5358e-11,3.3926e-11,2.5509e-11
2.6192e-11,2.2002e-11,2.116e-11
1.1165e-10,1.0827e-10,1.1103e-10
8.4863e-11,8.4992e-11,7.1447e-11
1.5068e-10,1.4118e-10,1.2168e-10
3.0414e-11,6.2935e-11,3.6365e-11
2.0576e-11,2.0527e-11,2.404e-11
1.6908e-11,2.4881e-11,3.4758e-11
4.8458e-11,4.9727e-11,2.6178e-11
4.4879e-11,4.6012e-11,2.3389e-11
2.0822e-11,2.9803e-11,3.9e-11
3.3686e-11,3.2458e-11,4.4618e-11
4.1666e-11,8.3705e-11,6.9329e-11
1.4646e-11,1.6416e-11,1.085e-11
1.5814e-11,1.7023e-11,1.2167e-11
4.419e-11,8.8831e-11,5.0394e-11
2.313e-11,4.87e-11,2.7699e-11
4.4263e-11,9.4802e-11,4.569e-11
3.0604e-11,3.7787e-11,3.4146e-11
3.0794e-11,2.3686e-11,2.0754e-11
5.6869e-11,1.0493e-10,4.639e-11
3.0779e-11,2.5517e-11,3.3816e-11
1.72e-11,1.9456e-11,1.3017e-11
1.5851e-11,1.6502e-11,1.3607e-11
3.9253e-11,9.6614e-11,5.3653e-11
3.4319e-11,4.5103e-11,2.9461e-11
4.7202e-11,5.1622e-11,2.306e-11
7.6453e-11,1.1314e-10,5.0154e-11
7.6127e-11,1.3676e-10,6.6787e-11
3.7328e-11,5.3687e-11,2.9373e-11
7.2404e-11,2.9142e-11,8.5893e-11
1.2195e-10,4.1325e-11,8.2388e-11
6.2523e-11,1.5584e-11,6.4407e-11
5.8737e-11,1.5934e-11,6.0513e-11
1.3455e-10,8.4356e-11,8.7173e-11
8.5188e-11,7.6103e-11,5.8271e-11
8.8767e-11,3.5496e-11,1.0042e-10
6.9221e-11,4.6804e-11,3.6761e-11
6.4595e-11,2.65e-11,7.9444e-11
5.8175e-11,3.0722e-11,8.111e-11
5.8216e-11,4.2063e-11,3.8189e-11
6.3313e-11,3.0199e-11,8.0599e-11
3.0912e-11,1.5464e-11,5.1478e-11
9.9924e-11,4.6549e-11,8.1579e-11
2.3623e-11,1.9422e-11,2.8168e-11
7.4151e-11,6.8184e-11,4.4813e-11
4.8173e-11,2.2982e-11,5.7215e-11
1.7255e-11,1.3672e-11,1.6112e-11
1.7042e-11,1.4227e-11,1.0539e-11
2.5501e-11,1.4959e-11,4.4495e-11
2.9972e-11,2.8522e-11,3.7907e-11
2.4969e-11,2.0179e-11,3.5292e-11
3.3881e-11,3.1582e-11,4.518e-11
7.1171e-11,1.1542e-10,9.4121e-11
3.2368e-11,3.2912e-11,1.7496e-11
5.7994e-11,1.4779e-10,6.5912e-11
1.6841e-11,1.8915e-11,1.2838e-11
3.6743e-11,7.8922e-11,4.2747e-11
2.5384e-11,4.1743e-11,3.2133e-11
4.3833e-11,1.1119e-10,5.3817e-11
1.5758e-11,1.9175e-11,1.0969e-11
2.3303e-11,2.7871e-11,1.8253e-11
2.9491e-11,3.6363e-11,3.334e-11
1.5036e-11,1.5959e-11,7.411e-12
3.148e-11,2.3792e-11,1.5002e-11
1.4904e-11,1.3847e-11,1.0639e-11
1.2538e-11,1.4107e-11,5.7931e-12
7.9496e-12,1.3931e-11,1.643e-11
4.1499e-11,4.1889e-11,3.3093e-11
1.2383e-11,1.4022e-11,8.2802e-12
1.8431e-11,2.7671e-11,1.8848e-11
1.4406e-11,2.3113e-11,2.3828e-11
7.9724e-11,1.8191e-11,9.0617e-11
8.0347e-11,2.503e-11,1.2074e-10
6.9894e-11,2.5261e-11,1.1393e-10
4.399e-11,2.556e-11,5.5352e-11
1.1062e-10,6.0682e-11,7.6205e-11
5.7276e-11,2.7409e-11,5.031e-11
7.329e-11,2.283e-11,1.083e-10
4.3512e-11,2.1774e-11,3.4422e-11
5.0803e-11,2.0275e-11,9.115e-11
8.7704e-11,3.6355e-11,8.8463e-11
7.8489e-11,3.7827e-11,7.0614e-11
4.3478e-11,2.1624e-11,6.534e-11
1.2443e-10,8.2939e-11,8.8897e-11
3.9308e-11,1.7446e-11,5.1555e-11
7.4005e-11,7.4262e-11,4.4072e-11
1.9893e-11,2.581e-11,1.6154e-11
2.6647e-11,2.9526e-11,1.8436e-11
3.9276e-11,2.4322e-11,4.3029e-11
1.4606e-10,1.8094e-10,1.3894e-10
1.5757e-11,1.5285e-11,8.9258e-12
1.8299e-11,1.6926e-11,1.0044e-11
1.5989e-11,1.6068e-11,7.9001e-12
3.9314e-11,6.6691e-11,3.6468e-11
1.4763e-11,1.6456e-11,9.6018e-12
2.6282e-11,2.9227e-11,3.5523e-11
1.6604e-11,1.4665e-11,2.026e-11
1.366e-11,1.3238e-11,1.7913e-11
2.7241e-11,2.1602e-11,1.1755e-11
1.3718e-11,1.7184e-11,7.7124e-12
3.3676e-11,3.3519e-11,3.682e-11
2.628e-11,2.2662e-11,1.7415e-11
1.2331e-11,1.7331e-11,1.953e-11
5.1256e-11,3.972e-11,3.1877e-11
9.9381e-11,2.6656e-11,1.0357e-10
6.3225e-11,1.9201e-11,6.8077e-11
5.1591e-11,2.3867e-11,5.7456e-11
5.0388e-11,2.5428e-11,5.745e-11
5.1235e-11,1.799e-11,7.8003e-11
9.5468e-11,6.8088e-11,6.113e-11
5.0233e-11,1.7393e-11,8.7575e-11
3.6674e-11,1.9958e-11,4.122e-11
4.7137e-11,2.3325e-11,3.6429e-11
1.0738e-10,4.8291e-11,1.1293e-10
2.9016e-11,1.1496e-11,2.9073e-11
4.2783e-11,2.0746e-11,6.4353e-11
5.3335e-11,2.1566e-11,8.0578e-11
3.0086e-11,2.0218e-11,2.8208e-11
2.6675e-11,1.552e-11,2.3491e-11
1.0927e-10,5.9643e-11,8.7132e-11
7.1261e-11,6.5882e-11,4.1345e-11
2.0697e-11,2.3388e-11,1.438e-11
4.8958e-11,4.9384e-11,4.4853e-11
2.4718e-11,1.5844e-11,4.2297e-11
1.5178e-10,1.2092e-10,9.4221e-11
2.2413e-11,2.2371e-11,1.7695e-11
2.5072e-11,2.373e-11,1.2736e-11
2.4732e-11,2.4262e-11,1.9026e-11
1.9805e-11,3.2827e-11,3.203e-11
1.635e-11,1.6682e-11,1.3968e-11
1.6989e-11,1.6029e-11,1.2987e-11
1.6445e-11,1.632e-11,7.9039e-12
1.5002e-11,1.8029e-11,1.0486e-11
3.4951e-11,7.6732e-11,4.3431e-11
3.3951e-11,2.9025e-11,2.4507e-11
1.3318e-11,1.5965e-11,2.0243e-11
1.9094e-11,1.5661e-11,1.0308e-11
2.4484e-11,2.0557e-11,1.2412e-11
1.583e-11,2.005e-11,1.4103e-11
1.3026e-11,1.2139e-11,1.0781e-11
3.1217e-11,5.8019e-11,3.7478e-11
2.3369e-11,2.275e-11,2.2286e-11
3.7616e-11,3.258e-11,3.803e-11
1.1239e-11,1.486e-11,7.2118e-12
1.0513e-11,1.2527e-11,5.3232e-12
1.0877e-11,2.2504e-11,2.4779e-11
3.0914e-11,7.9018e-11,4.0739e-11
2.5812e-11,2.1935e-11,1.9589e-11
8.7249e-11,2.1519e-11,9.1265e-11
9.2063e-11,2.1783e-11,9.4898e-11
8.6241e-11,2.209e-11,8.5842e-11
5.7825e-11,2.7951e-11,6.4756e-11
5.7488e-11,1.777e-11,6.4946e-11
6.834e-11,2.299e-11,1.1426e-10
9.8298e-11,5.2483e-11,5.0956e-11
8.232e-11,3.2324e-11,1.0563e-10
8.55e-11,6.8693e-11,6.2196e-11
2.8995e-11,1.602e-11,4.7245e-11
2.8573e-11,1.0482e-11,2.8106e-11
5.251e-11,2.5239e-11,7.3457e-11
8.0874e-11,3.5504e-11,8.1559e-11
4.7571e-11,1.9271e-11,6.9531e-11
2.6858e-11,1.5529e-11,2.2943e-11
4.094e-11,1.7448e-11,7.1777e-11
3.0325e-11,1.1837e-11,5.4318e-11
2.5625e-11,1.9647e-11,2.5116e-11
3.1769e-11,3.3014e-11,5.944e-11
3.9087e-11,2.2404e-11,5.3842e-11
5.2971e-11,4.9566e-11,4.9338e-11
7.1532e-11,5.5568e-11,5.4724e-11
3.1658e-11,3.235e-11,2.1177e-11
1.4187e-10,1.1395e-10,9.0524e-11
1.8417e-11,1.34e-11,1.2889e-11
2.9531e-11,2.2854e-11,4.0655e-11
2.5356e-11,2.0085e-11,3.8529e-11
1.6945e-11,1.4113e-11,1.1972e-11
5.0472e-11,1.2333e-10,6.2855e-11
3.8167e-11,6.6319e-11,3.5843e-11
1.2718e-11,1.4082e-11,1.7602e-11
1.3516e-11,1.2789e-11,1.6181e-11
2.942e-11,5.2419e-11,2.0068e-11
3.3084e-11,2.8205e-11,1.936e-11
2.5004e-11,2.164e-11,1.217e-11
5.3284e-11,4.8255e-11,2.3741e-11
1.5195e-11,1.3683e-11,4.1812e-12
3.4135e-11,3.0639e-11,1.6793e-11
1.0968e-11,1.1572e-11,1.242e-11
2.1501e-11,1.6337e-11,1.3501e-11
1.157e-11,1.7005e-11,9.3884e-12
6.4638e-11,1.6308e-10,8.2984e-11
2.6205e-11,2.3744e-11,2.0133e-11
1.1745e-11,2.0581e-11,2.784e-11
3.2583e-11,3.5003e-11,2.8699e-11
9.5404e-12,1.5241e-11,1.4201e-11
9.2365e-11,2.3619e-11,9.07e-11
8.6794e-11,3.2291e-11,8.7573e-11
1.1134e-10,3.8749e-11,7.7287e-11
6.128e-11,2.317e-11,7.0966e-11
9.909e-11,3.3015e-11,6.7546e-11
5.7243e-11,1.7909e-11,5.5261e-11
5.6894e-11,2.3676e-11,6.2826e-11
5.9591e-11,2.2241e-11,6.9494e-11
4.54e-11,1.5112e-11,4.2977e-11
5.1653e-11,1.8865e-11,6.3305e-11
5.4099e-11,1.9434e-11,9.1246e-11
4.9564e-11,1.8904e-11,8.6066e-11
3.6662e-11,1.4895e-11,4.1864e-11
8.0242e-11,6.1992e-11,5.2257e-11
1.1029e-10,5.0087e-11,1.1421e-10
3.2509e-11,2.2335e-11,3.1183e-11
6.6117e-11,5.7182e-11,3.8068e-11
2.8348e-11,1.1974e-11,2.4533e-11
3.0228e-11,1.8679e-11,2.4629e-11
5.0975e-11,4.5205e-11,2.838e-11
8.4825e-11,5.286e-11,6.4386e-11
2.27e-11,2.674e-11,2.3087e-11
1.1905e-10,7.7336e-11,7.4715e-11
8.521e-11,6.646e-11,6.881e-11
2.6638e-11,2.3307e-11,2.4361e-11
1.9552e-11,2.6297e-11,1.6549e-11
2.8465e-11,2.3392e-11,2.3766e-11
4.4919e-11,5.7355e-11,6.0501e-11
2.967e-11,1.713e-11,4.4081e-11
1.7371e-11,1.4601e-11,9.36e-12
1.0236e-10,9.8526e-11,8.1605e-11
1.0416e-10,7.8979e-11,7.0295e-11
9.0242e-11,1.95e-10,9.9152e-11
1.5227e-11,1.36e-11,9.3717e-12
2.1415e-11,1.916e-11,1.4286e-11
4.0035e-11,8.0133e-11,4.497e-11
1.4155e-11,1.7589e-11,1.4356e-11
2.1803e-11,3.6157e-11,2.0314e-11
2.2259e-11,1.9471e-11,1.2469e-11
1.3455e-11,1.5565e-11,1.0385e-11
1.3545e-11,1.5121e-11,2.0361e-11
5.8696e-11,1.3902e-10,6.7e-11
1.4108e-11,1.8059e-11,1.0941e-11
6.7749e-11,1.7153e-10,8.1824e-11
1.0521e-11,1.4763e-11,1.104e-11
3.0789e-11,4.4826e-11,2.3893e-11
1.8353e-11,2.3962e-11,3.1862e-11
7.7808e-11,1.5309e-11,8.6195e-11
9.9721e-11,2.8883e-11,1.0982e-10
6.6252e-11,2.5214e-11,7.2786e-11
8.4588e-11,2.8331e-11,1.2324e-10
1.3118e-10,6.2051e-11,7.6924e-11
6.6222e-11,2.4973e-11,7.5815e-11
7.4244e-11,2.2688e-11,9.6812e-11
6.9231e-11,2.288e-11,1.1644e-10
7.9457e-11,3.1585e-11,6.0118e-11
7.1648e-11,2.8279e-11,1.1471e-10
4.5842e-11,1.6233e-11,4.1925e-11
4.2586e-11,1.971e-11,4.0909e-11
4.4999e-11,1.8182e-11,7.9118e-11
3.7913e-11,1.6456e-11,4.4714e-11
4.6011e-11,2.2482e-11,8.2213e-11
6.8014e-11,3.4228e-11,8.1847e-11
1.1917e-10,6.4125e-11,1.1474e-10
3.1477e-11,1.6507e-11,3.3034e-11
6.7884e-11,3.582e-11,7.7342e-11
2.8756e-11,1.163e-11,2.7639e-11
6.4253e-11,5.8809e-11,3.9622e-11
2.6448e-11,9.7504e-12,2.4929e-11
3.0015e-11,1.1838e-11,5.3195e-11
3.1317e-11,3.0107e-11,5.8689e-11
2.4035e-11,1.9238e-11,1.9453e-11
3.9303e-11,3.3015e-11,3.0285e-11
2.5365e-11,2.4903e-11,1.6483e-11
2.2893e-11,1.6173e-11,1.5883e-11
1.3318e-10,8.8612e-11,9.8117e-11
1.9765e-11,1.9216e-11,1.915e-11
1.8748e-11,1.6396e-11,1.7557e-11
6.7264e-11,6.488e-11,3.7547e-11
2.9491e-11,2.9346e-11,2.1999e-11
5.0935e-11,4.8526e-11,2.5476e-11
2.5158e-11,1.9405e-11,4.046e-11
2.7013e-11,2.1478e-11,4.1586e-11
1.3381e-10,2.2951e-10,1.2818e-10
5.1081e-11,5.075e-11,2.8997e-11
2.3178e-11,1.7072e-11,3.5178e-11
7.0573e-11,1.1973e-10,9.9068e-11
1.7503e-11,1.8001e-11,1.7821e-11
6.2492e-11,1.2102e-10,6.6767e-11
1.7918e-11,1.7165e-11,1.7334e-11
5.178e-11,1.5344e-10,6.8015e-11
2.5284e-11,2.3782e-11,1.0318e-11
1.5272e-11,1.8258e-11,2.2915e-11
1.5754e-11,2.4348e-11,2.0517e-11
4.4968e-11,3.6091e-11,1.9264e-11
2.4209e-11,2.6299e-11,4.2459e-11
2.1965e-11,2.9847e-11,2.3623e-11
1.6703e-11,1.7767e-11,8.8914e-12
2.3081e-11,3.1331e-11,3.1638e-11
4.1223e-11,3.2022e-11,2.1112e-11
3.5214e-11,1.079e-10,5.9077e-11
1.8159e-11,1.5222e-11,2.1387e-11
3.4451e-11,3.2313e-11,1.6968e-11
2.5186e-11,1.7313e-11,2.0228e-11
1.9298e-11,3.8364e-11,4.2865e-11
2.7138e-11,3.6149e-11,2.0434e-11
1.5614e-11,1.3356e-11,1.4752e-11
5.6675e-11,1.2711e-10,5.9699e-11
8.819e-11,2.1474e-11,9.5949e-11
6.6759e-11,1.7641e-11,6.5064e-11
8.3398e-11,2.7687e-11,1.2899e-10
5.7524e-11,2.133e-11,6.1516e-11
8.108e-11,2.7287e-11,1.2747e-10
7.0794e-11,2.6617e-11,4.5086e-11
6.6133e-11,2.8624e-11,1.0178e-10
7.1699e-11,3.0599e-11,8.908e-11
4.923e-11,5.3005e-11,2.9199e-11
3.7171e-11,1.8413e-11,6.4146e-11
5.8574e-11,2.7402e-11,7.144e-11
3.5651e-11,3.0025e-11,3.3207e-11
4.9842e-11,2.833e-11,6.1606e-11
4.8402e-11,3.1137e-11,5.9534e-11
2.4492e-11,3.0388e-11,2.6886e-11
1.5132e-10,1.2655e-10,1.102e-10
7.6846e-11,6.2223e-11,6.0609e-11
2.2605e-11,1.5156e-11,3.8114e-11
9.4475e-11,8.7207e-11,7.4752e-11
6.5167e-11,6.6555e-11,3.6183e-11
1.7789e-11,2.1842e-11,1.3337e-11
7.2182e-11,7.349e-11,6.381e-11
1.5936e-11,1.6286e-11,1.037e-11
2.5581e-11,2.5838e-11,1.7146e-11
4.2541e-11,1.3085e-10,6.219e-11
5.244e-11,1.4883e-10,6.5418e-11
1.7541e-11,1.5596e-11,9.3933e-12
1.3111e-11,1.4471e-11,2.1594e-11
1.6743e-11,1.5812e-11,1.7275e-11
1.7015e-11,1.8632e-11,8.0879e-12
7.1835e-11,5.7816e-11,2.9842e-11
2.5415e-11,2.0476e-11,1.5594e-11
3.4454e-11,2.9789e-11,1.9281e-11
1.3496e-11,1.1744e-11,1.4879e-11
1.7608e-11,1.9923e-11,2.5235e-11
1.5135e-11,1.2648e-11,1.6768e-11
2.199e-11,5.3463e-11,3.1732e-11
2.7961e-11,2.5278e-11,1.3259e-11
1.9759e-11,1.2224e-11,7.2997e-12
1.6394e-11,1.7366e-11,2.2457e-11
8.4682e-12,1.1579e-11,1.6482e-11
2.0248e-11,2.8322e-11,2.2749e-11
1.5896e-11,1.7562e-11,1.2948e-11
5.9245e-11,1.7559e-10,9.0391e-11
1.0823e-11,1.3045e-11,8.3161e-12
2.4441e-11,4.2304e-11,1.9668e-11
1.8749e-11,1.4263e-11,1.5804e-11
8.9335e-11,2.9666e-11,8.7616e-11
8.0785e-11,2.4478e-11,8.134e-11
8.3894e-11,2.7388e-11,9.4316e-11
1.4482e-10,5.6526e-11,8.5242e-11
6.0452e-11,3.046e-11,6.3929e-11
5.414e-11,1.9745e-11,5.192e-11
4.6581e-11,1.8952e-11,4.544e-11
4.6849e-11,1.765e-11,6.3139e-11
7.7645e-11,3.1866e-11,1.0108e-10
9.7729e-11,4.2353e-11,1.1929e-10
7.8055e-11,3.6923e-11,1e-10
7.3962e-11,7.0008e-11,5.574e-11
5.1636e-11,3.3302e-11,3.7486e-11
3.3664e-11,1.58e-11,4.4416e-11
2.9867e-11,1.3366e-11,2.376e-11
3.8434e-11,2.8004e-11,6.6611e-11
4.9266e-11,2.3209e-11,6.8307e-11
3.9772e-11,2.1524e-11,4.6498e-11
1.0814e-10,6.648e-11,8.8109e-11
2.702e-11,2.9755e-11,2.1205e-11
4.3364e-11,3.6416e-11,2.5612e-11
7.513e-11,4.1815e-11,7.518e-11
1.4085e-10,1.0515e-10,1.0331e-10
2.7989e-11,2.3968e-11,1.5329e-11
2.9979e-11,2.9774e-11,2.007e-11
6.7576e-11,6.6874e-11,3.5851e-11
2.7579e-11,2.752e-11,1.6896e-11
3.5176e-11,3.1732e-11,1.7963e-11
1.7994e-11,1.6662e-11,1.5347e-11
1.9239e-11,1.6617e-11,1.7624e-11
4.8833e-11,4.179e-11,2.3433e-11
7.7713e-11,5.7276e-11,3.2425e-11
1.9298e-11,2.6489e-11,3.9095e-11
3.1052e-11,2.4839e-11,2.1086e-11
1.9754e-11,2.3504e-11,2.3594e-11
3.041e-11,7.2208e-11,4.5278e-11
1.7511e-11,1.6038e-11,2.5246e-11
2.2866e-11,1.7002e-11,1.1771e-11
4.1125e-11,4.1645e-11,2.0847e-11
1.3406e-11,1.6566e-11,1.4805e-11
1.268e-11,1.4836e-11,1.0651e-11
3.7836e-11,4.8146e-11,2.3855e-11
2.6707e-11,2.8117e-11,2.0205e-11
1.3211e-11,2.1658e-11,2.6004e-11
9.4505e-11,3.1733e-11,1.0201e-10
8.5254e-11,2.6495e-11,1.1033e-10
1.5075e-10,6.5867e-11,8.0371e-11
5.3161e-11,2.3225e-11,5.5286e-11
9.4095e-11,4.0456e-11,1.1752e-10
6.7631e-11,3.6449e-11,4.3506e-11
8.9542e-11,3.8578e-11,1.1165e-10
5.0437e-11,2.597e-11,8.8285e-11
9.1434e-11,4.1472e-11,1.135e-10
1.0338e-10,4.7474e-11,1.2304e-10
6.9703e-11,2.9666e-11,8.7794e-11
3.9682e-11,2.2941e-11,2.9747e-11
5.2125e-11,2.4459e-11,7.7985e-11
3.4901e-11,2.529e-11,6.5048e-11
6.8472e-11,5.623e-11,4.0234e-11
3.4507e-11,1.6366e-11,5.0805e-11
2.6656e-11,1.764e-11,2.1326e-11
3.7739e-11,1.7556e-11,4.5431e-11
9.3497e-11,5.7144e-11,7.409e-11
1.317e-10,8.8122e-11,9.5708e-11
2.7274e-11,2.1143e-11,2.5143e-11
2.4219e-11,2.524e-11,2.6119e-11
5.1148e-11,3.0941e-11,5.2414e-11
5.4672e-11,3.2948e-11,5.4856e-11
2.6821e-11,2.7255e-11,1.8372e-11
3.9663e-11,4.7615e-11,4.9891e-11
2.4874e-11,2.4628e-11,1.537e-11
1.2147e-10,1.7375e-10,1.0553e-10
4.0845e-11,4.0691e-11,5.0981e-11
7.2932e-11,7.725e-11,6.4771e-11
2.32e-11,2.1995e-11,1.8288e-11
1.6585e-11,1.4014e-11,1.3474e-11
7.7802e-11,1.5725e-10,8.9732e-11
5.6876e-11,6.3895e-11,5.0628e-11
5.8214e-11,4.5759e-11,2.1187e-11
6.4277e-11,5.4606e-11,2.7468e-11
6.99e-11,5.8774e-11,3.358e-11
6.6224e-11,5.2873e-11,2.6678e-11
2.5908e-11,2.3345e-11,1.0454e-11
1.3134e-11,1.4741e-11,2.2735e-11
2.2563e-11,1.592e-11,1.556e-11
1.5533e-11,1.63e-11,5.5927e-12
4.0688e-11,3.4796e-11,1.3849e-11
1.8311e-11,2.244e-11,1.7493e-11
2.0709e-11,2.2155e-11,1.4272e-11
1.355e-11,1.4108e-11,2.0024e-11
3.4518e-11,4.9025e-11,4.0435e-11
1.9345e-11,1.4221e-11,1.1261e-11
1.7161e-11,1.5514e-11,9.0626e-12
1.5282e-11,1.4565e-11,1.3049e-11
1.231e-11,1.3794e-11,1.1028e-11
3.5717e-11,1.2479e-10,6.6564e-11
2.097e-11,1.5115e-11,1.1451e-11
2.2465e-11,1.8719e-11,1.2228e-11
1.5286e-11,1.2816e-11,8.619e-12
2.5007e-11,1.907e-11,1.7426e-11
1.848e-11,1.8658e-11,1.1001e-11
1.8039e-11,1.3027e-11,1.6002e-11
3.4955e-11,5.4396e-11,2.6236e-11
1.2751e-11,1.6327e-11,2.6784e-11
9.5813e-11,2.2316e-11,9.741e-11
9.1602e-11,2.4662e-11,1.0327e-10
7.6541e-11,2.6464e-11,8.2326e-11
7.3313e-11,2.2075e-11,7.1505e-11
6.462e-11,2.4268e-11,6.2071e-11
9.8998e-11,4.1324e-11,6.2213e-11
5.4867e-11,2.3774e-11,5.2839e-11
7.3813e-11,2.8814e-11,1.2042e-10
6.6863e-11,3.2869e-11,4.1019e-11
7.6815e-11,2.8008e-11,1.0917e-10
8.5874e-11,3.6367e-11,1.1128e-10
8.2996e-11,3.9254e-11,1.0519e-10
8.3594e-11,6.2166e-11,5.9857e-11
4.6473e-11,2.8838e-11,3.6765e-11
4.0738e-11,2.2302e-11,6.5427e-11
4.3385e-11,1.9945e-11,7.5055e-11
3.4735e-11,1.4596e-11,2.9391e-11
6.7394e-11,2.8692e-11,8.3521e-11
4.6414e-11,3.6816e-11,2.7538e-11
7.7307e-11,3.8073e-11,1.0089e-10
3.0763e-11,1.4405e-11,2.5433e-11
3.0414e-11,1.7693e-11,5.1779e-11
4.4368e-11,3.8191e-11,2.7225e-11
2.267e-11,1.6735e-11,4.0324e-11
2.4729e-11,1.6908e-11,2.1422e-11
2.9734e-11,2.5682e-11,1.6652e-11
4.5727e-11,2.4653e-11,4.865e-11
2.5649e-11,2.4583e-11,1.9142e-11
3.5372e-11,3.407e-11,2.4291e-11
4.4355e-11,4.7567e-11,5.1863e-11
5.4194e-11,4.3181e-11,6.4464e-11
3.8064e-11,3.4365e-11,2.1397e-11
4.8286e-11,4.1782e-11,3.9748e-11
5.8461e-11,8.7449e-11,6.2799e-11
5.142e-11,4.0768e-11,3.5385e-11
3.8957e-11,3.5012e-11,1.7659e-11
5.0635e-11,6.3164e-11,4.5096e-11
1.5152e-11,1.3692e-11,1.8628e-11
2.8803e-11,2.2976e-11,1.34e-11
2.3478e-11,2.5653e-11,3.5714e-11
9.171e-11,7.0689e-11,3.8746e-11
1.9338e-11,2.104e-11,1.714e-11
3.4624e-11,1.3295e-10,5.9915e-11
3.8724e-11,3.4204e-11,1.349e-11
1.9314e-11,1.5528e-11,1.3581e-11
2.2482e-11,1.5974e-11,1.5463e-11
2.3695e-11,2.0147e-11,1.1766e-11
2.7477e-11,6.4778e-11,3.2671e-11
1.505e-11,1.6752e-11,1.9832e-11
2.332e-11,2.1494e-11,1.5656e-11
1.5052e-11,1.734e-11,1.6202e-11
1.5793e-11,1.5742e-11,1.4176e-11
1.612e-11,2.3475e-11,2.0538e-11
4.2899e-11,1.4063e-10,6.8766e-11
1.0025e-10,3.4817e-11,1.0536e-10
8.5704e-11,2.8378e-11,9.3361e-11
8.9524e-11,2.3012e-11,9.2906e-11
1.1721e-10,4.0732e-11,9.4712e-11
7.6513e-11,2.7562e-11,8.1533e-11
7.5073e-11,2.6427e-11,1.2068e-10
5.791e-11,2.2074e-11,5.6894e-11
5.1232e-11,2.3958e-11,5.6021e-11
4.5737e-11,1.8341e-11,3.8162e-11
4.2203e-11,2.2114e-11,5.9913e-11
4.2334e-11,1.9852e-11,3.5026e-11
5.4157e-11,4.7761e-11,3.2468e-11
3.2531e-11,2.431e-11,6.1299e-11
3.111e-11,2.1504e-11,3.4662e-11
4.621e-11,2.6071e-11,6.4645e-11
2.6852e-11,1.6727e-11,2.5865e-11
3.1024e-11,1.5061e-11,2.5567e-11
3.1043e-11,2.4798e-11,5.8113e-11
1.0283e-10,6.4594e-11,9.3882e-11
4.1315e-11,2.5089e-11,5.47e-11
1.4473e-10,1.0873e-10,1.0553e-10
5.0207e-11,3.0315e-11,5.3478e-11
1.8914e-11,1.7831e-11,3.8751e-11
4.4024e-11,2.9687e-11,4.8983e-11
6.616e-11,4.7114e-11,5.6082e-11
4.1149e-11,3.528e-11,4.2953e-11
2.3873e-11,1.8634e-11,1.839e-11
9.3312e-11,1.691e-10,9.9763e-11
2.8604e-11,2.9356e-11,1.5615e-11
4.5377e-11,3.8533e-11,3.5709e-11
7.4039e-11,2.2299e-10,8.8562e-11
6.2922e-11,4.8451e-11,2.2421e-11
5.5003e-11,2.1812e-10,8.2611e-11
4.4178e-11,1.7829e-10,6.7507e-11
1.9637e-11,1.3051e-11,1.4799e-11
1.4725e-11,2.256e-11,2.0082e-11
3.1136e-11,2.8259e-11,2.4912e-11
1.5849e-11,1.3177e-11,1.1412e-11
1.2034e-11,1.7274e-11,9.3188e-12
2.6723e-11,3.8724e-11,2.7131e-11
1.1347e-11,1.5913e-11,2.0776e-11
4.8768e-11,1.673e-10,8.2683e-11
7.9614e-12,1.3524e-11,1.5693e-11
2.0261e-11,1.7341e-11,9.4952e-12
2.8846e-11,2.4912e-11,1.7719e-11
2.5216e-11,3.85e-11,3.0895e-11
1.8971e-11,1.6697e-11,1.5266e-11
1.2911e-11,2.4252e-11,2.9652e-11
1.7181e-11,2.0715e-11,2.5744e-11
2.33e-11,3.6466e-11,2.5445e-11
3.2999e-11,4.3205e-11,2.3466e-11
1.0057e-10,2.5239e-11,1.006e-10
9.3381e-11,2.8534e-11,9.495e-11
8.451e-11,3.3253e-11,5.7262e-11
5.2885e-11,2.4121e-11,4.8271e-11
4.7914e-11,1.7919e-11,4.731e-11
4.5548e-11,2.3469e-11,7.4937e-11
1.1381e-10,6.4086e-11,1.1159e-10
1.0999e-10,6.2888e-11,1.068e-10
3.8288e-11,1.8703e-11,4.5545e-11
6.136e-11,3.9807e-11,7.787e-11
5.6876e-11,3.9206e-11,7.4421e-11
2.6508e-11,1.2436e-11,2.4601e-11
8.016e-11,5.3798e-11,8.075e-11
6.4551e-11,5.5479e-11,3.4205e-11
2.1556e-11,1.6121e-11,2.1735e-11
2.9298e-11,2.5205e-11,4.6367e-11
3.4833e-11,3.3101e-11,4.4336e-11
9.5498e-11,1.0204e-10,7.7692e-11
9.7593e-11,1.1165e-10,8.1574e-11
7.3796e-11,6.6217e-11,5.775e-11
6.8697e-11,6.8018e-11,3.5306e-11
6.3517e-11,6.224e-11,3.021e-11
2.2772e-11,2.0052e-11,1.2176e-11
3.2272e-11,3.3109e-11,1.8023e-11
9.4948e-11,2.611e-10,1.0835e-10
3.9423e-11,3.551e-11,2.1815e-11
4.7606e-11,3.1043e-11,2.5761e-11
2.2309e-11,2.5752e-11,2.0493e-11
2.386e-11,3.7476e-11,3.4002e-11
1.7422e-11,1.3219e-11,1.6426e-11
2.8864e-11,2.6965e-11,1.1864e-11
3.556e-11,1.3772e-10,6.0658e-11
2.8729e-11,3.0507e-11,2.0373e-11
4.9723e-11,4.6502e-11,1.5176e-11
1.9019e-11,2.5705e-11,2.9901e-11
1.9968e-11,2.0128e-11,2.6374e-11
2.3458e-11,2.0584e-11,1.2171e-11
2.979e-11,2.6519e-11,1.7675e-11
2.9938e-11,3.1603e-11,2.9402e-11
2.9875e-11,3.0034e-11,1.5339e-11
1.9286e-11,1.9291e-11,1.084e-11
2.0366e-11,2.0054e-11,1.7996e-11
1.3557e-11,1.8096e-11,1.0749e-11
2.3967e-11,5.9701e-11,2.8496e-11
2.5559e-11,2.5767e-11,2.3458e-11
9.0278e-11,2.8728e-11,8.4764e-11
7.7165e-11,2.4269e-11,7.387e-11
1.3462e-10,4.8865e-11,7.3537e-11
8.6224e-11,3.2823e-11,5.5339e-11
7.6152e-11,2.9236e-11,1.2056e-10
6.1708e-11,3.1847e-11,1.0107e-10
4.5669e-11,1.9634e-11,4.0627e-11
5.2195e-11,3.623e-11,3.7599e-11
4.3187e-11,2.2311e-11,7.1045e-11
9.4827e-11,5.303e-11,1.0536e-10
4.8442e-11,2.7365e-11,6.7481e-11
2.8939e-11,1.8695e-11,3.4435e-11
7.2035e-11,4.0727e-11,8.869e-11
7.0881e-11,5.8151e-11,4.2861e-11
2.5097e-11,1.4876e-11,1.8357e-11
2.2678e-11,1.5588e-11,2.2851e-11
2.3651e-11,2.3227e-11,3.19e-11
8.1115e-11,5.5564e-11,6.9615e-11
5.3766e-11,3.8236e-11,5.6291e-11
6.8985e-11,6.1788e-11,3.2187e-11
7.2433e-11,7.0149e-11,3.2802e-11
2.1212e-11,1.8899e-11,9.6823e-12
1.1165e-10,2.1961e-10,1.204e-10
7.2486e-11,6.9816e-11,5.223e-11
7.2512e-11,6.3148e-11,3.1296e-11
2.2478e-11,3.4895e-11,3.9982e-11
3.1709e-11,5.9839e-11,3.3638e-11
1.7304e-11,2.9607e-11,1.3078e-11
1.9002e-11,1.1559e-11,1.3429e-11
9.6347e-11,7.634e-11,3.999e-11
4.2814e-11,1.8747e-10,7.7012e-11
2.8865e-11,2.9402e-11,2.3246e-11
1.2631e-11,1.6094e-11,2.0882e-11
3.6679e-11,2.3719e-11,2.0044e-11
1.9971e-11,1.9777e-11,1.3302e-11
1.2208e-11,2.1584e-11,1.1708e-11
2.3181e-11,3.979e-11,3.0449e-11
4.1325e-11,1.1105e-10,5.7448e-11
4.0111e-11,4.6537e-11,2.2881e-11
3.8017e-11,3.885e-11,1.9833e-11
1.546e-11,1.9132e-11,1.9223e-11
1.7542e-11,1.7916e-11,1.3424e-11
2.8369e-11,2.0277e-11,2.3767e-11
6.5675e-11,2.9288e-11,6.269e-11
6.2119e-11,2.8197e-11,5.4398e-11
4.8094e-11,2.2491e-11,4.9447e-11
8.302e-11,5.2228e-11,5.626e-11
8.6065e-11,6.4036e-11,6.5298e-11
4.0983e-11,2.1739e-11,2.6347e-11
3.8199e-11,2.1376e-11,3.1952e-11
4.3222e-11,1.9159e-11,7.3789e-11
4.876e-11,2.2858e-11,8.2055e-11
9.1809e-11,5.0079e-11,1.1275e-10
3.9071e-11,2.5926e-11,2.7562e-11
3.3001e-11,1.6367e-11,5.1167e-11
5.2272e-11,3.8904e-11,3.6397e-11
7.7982e-11,5.8807e-11,4.31e-11
3.0773e-11,1.942e-11,5.2803e-11
3.6651e-11,2.5441e-11,4.4565e-11
2.7118e-11,2.078e-11,1.9781e-11
7.0608e-11,5.2958e-11,7.3089e-11
2.0973e-11,2.003e-11,2.1729e-11
2.8612e-11,1.8639e-11,2.1941e-11
1.7553e-11,2.0123e-11,3.4227e-11
1.4184e-10,1.7384e-10,1.2302e-10
2.1861e-11,2.6772e-11,3.8243e-11
2.8977e-11,2.9145e-11,4.6685e-11
7.5728e-11,7.1302e-11,3.5668e-11
8.3359e-11,2.3477e-10,1.1429e-10
1.9184e-11,1.7288e-11,1.535e-11
6.725e-11,5.5973e-11,2.5447e-11
9.9248e-11,7.8875e-11,4.5883e-11
1.9315e-11,6.2034e-11,3.4227e-11
1.6601e-11,1.6313e-11,2.1242e-11
1.1148e-11,1.3039e-11,1.5295e-11
2.0971e-11,2.309e-11,9.065e-12
4.2788e-11,1.8535e-10,8.3964e-11
3.401e-11,3.6593e-11,1.0109e-11
2.948e-11,1.8518e-11,2.1576e-11
1.039e-11,1.2248e-11,2.0568e-11
4.7353e-11,5.1057e-11,1.5458e-11
8.0511e-12,1.2505e-11,1.583e-11
4.3819e-11,1.5201e-10,7.8092e-11
1.8815e-11,2.9025e-11,2.9059e-11
8.5872e-11,3.1533e-11,9.339e-11
1.2372e-10,4.294e-11,7.9166e-11
7.6085e-11,3.0904e-11,6.2839e-11
7.4954e-11,3.4349e-11,8.4908e-11
6.0824e-11,2.2122e-11,6.0752e-11
7.4452e-11,4.3598e-11,4.9369e-11
8.7343e-11,3.9268e-11,1.0795e-10
4.5101e-11,2.4184e-11,3.815e-11
8.2124e-11,5.7437e-11,5.145e-11
4.1678e-11,1.9789e-11,6.0033e-11
4.1138e-11,2.2319e-11,5.9379e-11
8.3033e-11,4.4672e-11,1.0783e-10
4.2756e-11,2.4772e-11,7.0977e-11
4.8164e-11,3.3244e-11,2.7686e-11
7.4867e-11,5.6258e-11,4.0056e-11
2.4556e-11,1.2645e-11,2.4417e-11
3.82e-11,2.868e-11,2.3035e-11
2.6277e-11,2.1029e-11,2.8415e-11
4.3007e-11,2.3932e-11,4.8492e-11
1.2807e-10,1.443e-10,1.1626e-10
2.0751e-11,2.2376e-11,1.8871e-11
3.242e-11,2.6575e-11,3.8224e-11
1.9475e-11,1.8299e-11,1.6816e-11
6.5755e-11,1.8127e-10,8.4388e-11
5.7408e-11,2.2061e-10,8.7529e-11
4.2891e-11,9.3246e-11,5.6132e-11
1.1874e-11,1.0642e-11,6.5603e-12
4.5744e-11,1.8747e-10,7.1926e-11
4.6304e-11,4.5391e-11,1.7986e-11
3.0509e-11,3.026e-11,1.165e-11
1.8862e-11,1.499e-11,1.0925e-11
3.3368e-11,3.2269e-11,1.1692e-11
1.7148e-11,1.4479e-11,2.5073e-11
2.3695e-11,4.482e-11,3.2715e-11
5.2472e-11,5.9517e-11,1.3749e-11
4.017e-11,1.0913e-10,6.0211e-11
3.5709e-11,3.7851e-11,1.9075e-11
1.6543e-11,1.9214e-11,1.1017e-11
9.4997e-11,2.7903e-11,9.0979e-11
8.5793e-11,3.5467e-11,7.1652e-11
1.2576e-10,4.4601e-11,7.2984e-11
9.5998e-11,3.2872e-11,7.2455e-11
6.1408e-11,2.8145e-11,9.6591e-11
1.0241e-10,5.049e-11,5.8098e-11
5.2413e-11,2.057e-11,4.8811e-11
7.2124e-11,3.114e-11,1.0634e-10
6.201e-11,3.022e-11,9.6466e-11
4.5498e-11,2.2112e-11,6.7533e-11
5.4508e-11,3.116e-11,7.7065e-11
2.8985e-11,1.9438e-11,3.2716e-11
4.0134e-11,1.8505e-11,5.8134e-11
4.8738e-11,3.0958e-11,7.056e-11
3.2353e-11,2.0706e-11,2.3659e-11
2.2129e-11,1.3567e-11,3.7784e-11
5.3421e-11,4.0577e-11,2.3635e-11
4.7216e-11,3.4881e-11,2.2225e-11
7.1875e-11,5.1843e-11,7.2399e-11
3.1028e-11,2.6155e-11,2.292e-11
8.0913e-11,5.8626e-11,6.8586e-11
4.9758e-11,3.4882e-11,5.6417e-11
5.3635e-11,4.0267e-11,5.9117e-11
3.341e-11,2.5972e-11,3.7695e-11
3.0309e-11,2.8203e-11,4.4068e-11
2.8195e-11,2.5252e-11,1.6658e-11
7.4723e-11,7.0074e-11,3.4738e-11
1.7302e-11,1.5797e-11,2.9206e-11
5.2576e-11,7.9321e-11,5.8569e-11
4.4504e-11,4.7035e-11,4.4962e-11
6.8476e-11,2.2362e-10,9.6175e-11
5.4485e-11,2.1292e-10,8.4413e-11
1.978e-11,2.4756e-11,3.0327e-11
1.4588e-11,2.345e-11,2.7183e-11
8.222e-11,6.6791e-11,3.2499e-11
7.1825e-11,5.6488e-11,2.2915e-11
2.3955e-11,9.0783e-11,4.2422e-11
3.1021e-11,3.0759e-11,1.1985e-11
2.2678e-11,1.7325e-11,2.1127e-11
2.7332e-11,2.7835e-11,1.1223e-11
2.3759e-11,2.0998e-11,9.942e-12
1.957e-11,1.7819e-11,1.841e-11
3.4592e-11,3.3789e-11,2.6174e-11
8.6636e-12,1.4414e-11,1.7653e-11
2.4176e-11,2.1406e-11,2.5183e-11
2.8185e-11,9.2206e-11,4.6704e-11
9.2057e-11,3.2447e-11,8.9794e-11
9.1369e-11,3.2281e-11,8.6393e-11
6.3247e-11,2.6101e-11,5.7715e-11
6.2539e-11,2.5652e-11,5.6037e-11
5.8816e-11,2.3379e-11,5.1271e-11
5.439e-11,2.9481e-11,3.9749e-11
7.7952e-11,4.7808e-11,5.1184e-11
5.9977e-11,3.7908e-11,7.4501e-11
4.6842e-11,3.2513e-11,2.4392e-11
2.7382e-11,1.5564e-11,1.7845e-11
2.4227e-11,1.4335e-11,2.5535e-11
8.1455e-11,6.2744e-11,4.5077e-11
6.2909e-11,4.458e-11,3.1388e-11
2.8365e-11,2.3543e-11,1.9658e-11
2.4261e-11,1.9766e-11,4.3583e-11
2.629e-11,1.8405e-11,4.2418e-11
4.3622e-11,2.5899e-11,5.0392e-11
2.6977e-11,1.5916e-11,2.4278e-11
2.5279e-11,1.4638e-11,1.9217e-11
1.1898e-10,8.9949e-11,9.0942e-11
1.865e-11,2.4711e-11,3.2859e-11
3.2131e-11,2.2466e-11,3.9632e-11
9.9796e-11,1.0703e-10,8.2467e-11
2.5329e-11,2.2522e-11,1.3956e-11
6.1548e-11,5.6476e-11,2.4903e-11
3.594e-11,3.1678e-11,4.2187e-11
5.9071e-11,1.5845e-10,8.0789e-11
1.2685e-11,2.1861e-11,2.6996e-11
7.9775e-11,7.3423e-11,2.842e-11
3.6259e-11,1.7519e-10,7.249e-11
3.1468e-11,1.1828e-10,5.7085e-11
1.256e-11,1.7197e-11,1.9189e-11
3.5014e-11,1.5075e-10,7.1072e-11
1.2671e-11,1.2744e-11,1.0942e-11
2.41e-11,2.8474e-11,3.196e-11
3.7905e-11,1.8349e-11,3.8553e-11
2.1213e-11,5.6134e-11,2.8264e-11
3.4042e-11,1.0122e-10,4.9491e-11
1.3363e-11,1.2225e-11,9.2449e-12
3.8102e-11,1.484e-10,7.4463e-11
3.6904e-11,3.8444e-11,1.2536e-11
2.707e-11,2.6948e-11,1.1568e-11
2.0694e-11,2.7667e-11,2.6886e-11
3.1119e-11,1.044e-10,5.5206e-11
3.4243e-11,1.225e-10,6.2294e-11
1.592e-11,1.7776e-11,1.8834e-11
2.6506e-11,2.109e-11,2.5821e-11
3.1423e-11,3.1578e-11,3.0821e-11
1.8238e-11,1.495e-11,1.3194e-11
1.3698e-11,1.8321e-11,3.3418e-11
1.5777e-11,2.1494e-11,2.4297e-11
9.7089e-11,3.2206e-11,9.1198e-11
1.264e-10,4.9642e-11,7.4214e-11
8.2413e-11,3.1052e-11,9.9935e-11
5.9499e-11,2.468e-11,5.6723e-11
1.0267e-10,5.3018e-11,5.8332e-11
5.5815e-11,2.826e-11,4.2449e-11
5.5645e-11,3.3671e-11,4.1367e-11
5.9751e-11,2.5816e-11,9.0254e-11
4.7356e-11,2.8698e-11,7.0454e-11
2.6731e-11,1.5469e-11,1.6661e-11
3.8235e-11,2.1544e-11,5.3436e-11
3.7277e-11,3.2222e-11,5.6757e-11
5.9751e-11,4.4133e-11,2.7168e-11
3.195e-11,2.1929e-11,2.0671e-11
2.8842e-11,2.1029e-11,1.5655e-11
1.9673e-11,1.7669e-11,3.8298e-11
5.5614e-11,3.4976e-11,6.7857e-11
2.5192e-11,1.8685e-11,4.0357e-11
2.5091e-11,1.9895e-11,2.1395e-11
5.329e-11,4.6553e-11,2.3696e-11
3.3836e-11,2.6402e-11,4.0317e-11
3.4879e-11,2.4718e-11,3.9726e-11
2.5454e-11,2.2808e-11,3.1872e-11
3.313e-11,3.1626e-11,1.6283e-11
1.0857e-10,8.6117e-11,4.3477e-11
6.1804e-11,5.278e-11,2.0715e-11
3.4922e-11,1.7854e-10,7.0763e-11
2.5367e-11,2.6606e-11,1.0889e-11
4.2321e-11,2.6988e-11,2.6504e-11
2.4062e-11,3.6744e-11,2.7435e-11
1.847e-11,5.7189e-11,2.9245e-11
2.5979e-11,2.6612e-11,8.2806e-12
2.1082e-11,2.3047e-11,2.4245e-11
4.8746e-11,5.8349e-11,1.5205e-11
2.9934e-11,9.2806e-11,4.2591e-11
3.5879e-11,1.1854e-10,7.0559e-11
1.9605e-11,1.9993e-11,1.4131e-11
1.68e-11,2.1447e-11,1.5727e-11
2.1458e-11,1.8267e-11,2.5874e-11
2.5707e-11,2.4253e-11,2.7219e-11
1.2107e-10,4.402e-11,8.5652e-11
8.8351e-11,3.9352e-11,6.3572e-11
7.3493e-11,3.1272e-11,1.0754e-10
5.9525e-11,2.6322e-11,8.8901e-11
8.1135e-11,4.9944e-11,5.1381e-11
8.2291e-11,3.6704e-11,1.0512e-10
4.8805e-11,2.0883e-11,5.3934e-11
8.6303e-11,4.0751e-11,1.0713e-10
7.1977e-11,4.679e-11,4.3489e-11
6.4343e-11,3.0882e-11,8.4427e-11
9.6895e-11,5.9807e-11,4.9231e-11
3.7291e-11,2.0209e-11,6.2217e-11
4.0531e-11,2.0838e-11,6.0217e-11
8.8062e-11,5.325e-11,4.3202e-11
5.741e-11,4.453e-11,6.4138e-11
1.4553e-10,1.4906e-10,1.2442e-10
4.163e-11,3.3714e-11,2.0889e-11
3.1268e-11,2.0131e-11,2.2212e-11
3.374e-11,3.0894e-11,2.3887e-11
7.8646e-11,7.2054e-11,3.6741e-11
2.3814e-11,2.1808e-11,3.7477e-11
1.9823e-11,2.5005e-11,3.167e-11
2.6122e-11,2.5876e-11,1.4329e-11
3.1782e-11,6.3212e-11,3.651e-11
1.8103e-11,1.5186e-11,1.9028e-11
2.7527e-11,1.0637e-10,4.8345e-11
5.7925e-11,5.914e-11,1.762e-11
1.7174e-11,2.1584e-11,1.0729e-11
1.2447e-11,1.4513e-11,2.0557e-11
1.0441e-11,1.1468e-11,8.3182e-12
5.204e-11,5.9024e-11,1.557e-11
9.6602e-12,1.2664e-11,1.1544e-11
1.3517e-11,1.3513e-11,1.4109e-11
3.7462e-11,3.5317e-11,3.2056e-11
1.2651e-11,1.411e-11,9.929e-12
2.7793e-11,2.3894e-11,2.1157e-11
1.2858e-11,1.3477e-11,9.9757e-12
2.2684e-11,1.7601e-11,3.7356e-11
1.3721e-11,2.0445e-11,1.7846e-11
1.537e-11,1.9422e-11,1.3691e-11
2.1223e-11,1.7712e-11,1.9495e-11
2.1866e-11,1.7528e-11,2.1583e-11
2.5681e-11,9.9501e-11,5.4441e-11
1.3141e-11,2.4687e-11,1.9666e-11
2.7336e-11,6.9422e-11,4.3437e-11
9.84e-11,3.4644e-11,9.8793e-11
1.231e-10,4.6068e-11,8.1831e-11
8.8433e-11,3.2384e-11,1.0675e-10
7.311e-11,3.5982e-11,4.6842e-11
8.5521e-11,5.5656e-11,4.5504e-11
5.8643e-11,2.7107e-11,7.4076e-11
6.5769e-11,3.5808e-11,8.5263e-11
9.2582e-11,6.5809e-11,9.0472e-11
4.4574e-11,2.0965e-11,5.0606e-11
5.6234e-11,4.0789e-11,6.5253e-11
1.1859e-10,1.2059e-10,1.079e-10
1.2571e-10,1.4828e-10,1.2251e-10
2.5849e-11,1.9214e-11,3.6832e-11
7.3993e-11,6.8516e-11,3.2924e-11
2.5083e-11,2.3995e-11,3.3201e-11
5.2236e-11,5.2659e-11,5.0928e-11
1.9047e-11,1.4878e-11,2.9914e-11
4.5969e-11,1.1395e-10,7.1935e-11
3.8533e-11,1.4558e-10,6.8148e-11
2.6156e-11,2.8314e-11,5.3152e-11
2.523e-11,4.8811e-11,3.4556e-11
8.9659e-11,7.789e-11,3.2394e-11
3.2737e-11,6.9509e-11,4.9219e-11
1.31e-11,1.8911e-11,1.1778e-11
3.0376e-11,3.3559e-11,1.3234e-11
2.6081e-11,1.9475e-11,2.2119e-11
1.7634e-11,3.3436e-11,2.9179e-11
1.3569e-11,1.4036e-11,1.2277e-11
2.5506e-11,8.3831e-11,3.9724e-11
1.7479e-11,1.9647e-11,1.1172e-11
1.3239e-11,1.3812e-11,1.2452e-11
1.6058e-11,1.6968e-11,2.9303e-11
1.3313e-11,1.3236e-11,1.1939e-11
3.3369e-11,3.3804e-11,1.3318e-11
1.8641e-11,1.7742e-11,1.5869e-11
1.4917e-11,1.4749e-11,1.7495e-11
1.44e-11,1.6648e-11,1.5018e-11
2.6467e-11,6.7569e-11,4.2126e-11
2.8865e-11,7.48e-11,4.6347e-11
8.1576e-11,4.0223e-11,1.0787e-10
4.9931e-11,2.4734e-11,4.962e-11
5.0346e-11,3.3623e-11,7.4492e-11
4.1381e-11,1.7708e-11,4.1899e-11
7.3446e-11,3.6469e-11,9.9612e-11
3.8868e-11,2.0204e-11,2.433e-11
4.4186e-11,2.3867e-11,6.1502e-11
3.0207e-11,2.3155e-11,3.0804e-11
3.3905e-11,1.7664e-11,5.0318e-11
3.3611e-11,2.5883e-11,2.2922e-11
3.7689e-11,2.5659e-11,2.6449e-11
3.9616e-11,2.9162e-11,5.9322e-11
2.5566e-11,1.8161e-11,1.4151e-11
2.6209e-11,2.1899e-11,2.3286e-11
3.6314e-11,2.4352e-11,4.8281e-11
3.3513e-11,2.2979e-11,4.0241e-11
2.4083e-11,2.9134e-11,3.9283e-11
2.3335e-11,2.0501e-11,1.3911e-11
3.5153e-11,2.9537e-11,4.6054e-11
2.012e-11,1.4292e-11,1.6086e-11
1.841e-11,2.253e-11,2.9275e-11
2.7704e-11,2.291e-11,3.4041e-11
6.6293e-11,6.7392e-11,6.5822e-11
1.879e-11,1.9485e-11,2.8215e-11
3.707e-11,3.7608e-11,1.7296e-11
3.9508e-11,1.1547e-10,6.3508e-11
1.5849e-11,1.4216e-11,1.2977e-11
3.1051e-11,5.3215e-11,3.4489e-11
3.1231e-11,1.4532e-10,6.4215e-11
1.7014e-11,1.384e-11,1.9339e-11
9.408e-12,2.7366e-11,2.3681e-11
1.4891e-11,1.354e-11,1.0705e-11
1.444e-11,2.3406e-11,1.8035e-11
3.9351e-11,4.7272e-11,1.6181e-11
1.5382e-11,1.2053e-11,9.0501e-12
9.2866e-12,1.2524e-11,8.5121e-12
2.162e-11,1.1605e-10,5.4208e-11
2.1466e-11,2.0853e-11,2.1333e-11
2.5102e-11,1.8584e-11,2.4494e-11
2.0224e-11,7.0512e-11,3.6546e-11
2.0615e-11,2.7017e-11,1.6987e-11
1.6418e-11,2.356e-11,2.1687e-11
1.5133e-11,1.5827e-11,2.6105e-11
2.2511e-11,3.0336e-11,3.1857e-11
1.9718e-11,2.7359e-11,3.1258e-11
1.4312e-11,2.1729e-11,2.4278e-11
8.3325e-11,3.1428e-11,7.1353e-11
6.4693e-11,2.5061e-11,6.0542e-11
6.8102e-11,3.5917e-11,4.5519e-11
6.4448e-11,2.9102e-11,9.3581e-11
7.1108e-11,3.7359e-11,1.0611e-10
6.0899e-11,3.185e-11,4.807e-11
4.6187e-11,2.1202e-11,4.0097e-11
4.9091e-11,2.2137e-11,4.9705e-11
3.9002e-11,1.6646e-11,3.1594e-11
7.2903e-11,3.5984e-11,9.4377e-11
3.754e-11,1.7629e-11,2.8603e-11
3.5076e-11,2.1585e-11,2.4971e-11
2.8521e-11,2.2932e-11,2.657e-11
3.1664e-11,2.3522e-11,4.7755e-11
7.0772e-11,4.5972e-11,9.326e-11
3.6401e-11,2.3231e-11,4.6293e-11
7.3777e-11,5.1314e-11,9.2809e-11
9.592e-11,6.6735e-11,1.059e-10
9.5198e-11,7.3376e-11,1.0263e-10
5.1282e-11,3.6942e-11,2.0217e-11
2.6519e-11,1.9625e-11,1.5414e-11
4.2141e-11,3.2355e-11,6.4005e-11
2.1659e-11,1.6885e-11,1.3871e-11
2.006e-11,1.4479e-11,1.3157e-11
1.0119e-10,1.3878e-10,1.0815e-10
2.9475e-11,2.8585e-11,3.6148e-11
4.1836e-11,4.2354e-11,5.2307e-11
3.1995e-11,2.4615e-11,4.3153e-11
1.7048e-11,2.6697e-11,2.326e-11
6.1148e-11,1.1941e-10,8.3764e-11
1.8248e-11,1.5974e-11,2.2626e-11
2.6454e-11,2.7261e-11,3.579e-11
4.539e-11,4.3958e-11,4.2947e-11
3.8657e-11,1.3275e-10,7.1865e-11
2.2852e-11,2.1094e-11,1.0907e-11
2.3722e-11,2.2233e-11,9.7391e-12
2.1092e-11,1.7138e-11,2.212e-11
1.0431e-10,9.4909e-11,3.9578e-11
5.9542e-11,5.4738e-11,1.8371e-11
2.5798e-11,2.6714e-11,1.1347e-11
2.4033e-11,6.2662e-11,4.5341e-11
2.2276e-11,7.3063e-11,4.473e-11
5.7915e-11,6.8536e-11,1.4795e-11
1.4002e-11,2.4456e-11,2.1394e-11
1.5037e-11,2.4532e-11,2.3048e-11
1.6719e-11,1.3114e-11,1.1397e-11
1.2563e-11,1.8477e-11,1.4304e-11
9.5403e-12,1.8091e-11,1.6924e-11
1.1408e-11,1.6666e-11,1.1315e-11
1.1761e-11,5.1103e-11,2.9738e-11
1.1259e-11,1.5354e-11,1.9178e-11
2.1913e-11,9.6326e-11,4.7487e-11
1.6566e-11,1.9086e-11,1.7852e-11
1.3425e-11,1.3253e-11,1.2265e-11
1.7522e-11,1.3945e-11,1.1813e-11
1.1934e-11,1.4882e-11,1.3516e-11
1.4184e-11,1.6572e-11,1.9955e-11
8.6099e-11,3.1667e-11,8.2573e-11
8.3516e-11,3.6925e-11,8.9138e-11
9.3697e-11,3.9579e-11,1.2927e-10
6.7609e-11,3.0821e-11,5.5519e-11
8.8314e-11,5.3963e-11,5.4404e-11
8.03e-11,5.2119e-11,4.6395e-11
8.581e-11,4.2725e-11,1.0353e-10
5.4036e-11,2.8287e-11,7.2247e-11
3.8485e-11,2.1866e-11,2.8236e-11
3.0843e-11,1.8497e-11,2.1288e-11
4.0862e-11,2.7319e-11,2.7015e-11
3.1695e-11,1.9693e-11,2.252e-11
2.9022e-11,2.3578e-11,4.4196e-11
6.0931e-11,3.9525e-11,8.3353e-11
5.7682e-11,4.1234e-11,2.2597e-11
2.2875e-11,1.8551e-11,3.6067e-11
8.3108e-11,6.7422e-11,4.0954e-11
2.3044e-11,1.8852e-11,1.1316e-11
1.9988e-11,1.6089e-11,1.2898e-11
2.6958e-11,2.121e-11,3.3186e-11
2.262e-11,1.8228e-11,1.1252e-11
2.6211e-11,2.0701e-11,3.4296e-11
2.3522e-11,2.4369e-11,3.16e-11
4.5483e-11,4.4697e-11,4.8081e-11
7.1158e-11,1.3411e-10,9.4108e-11
2.0509e-11,2.1203e-11,1.9151e-11
3.8815e-11,3.4822e-11,4.1944e-11
2.575e-11,2.6667e-11,3.2583e-11
3.5402e-11,1.0158e-10,6.4019e-11
2.0741e-11,1.9325e-11,7.6103e-12
2.9007e-11,5.048e-11,3.5114e-11
4.2668e-11,4.1278e-11,1.5384e-11
4.8475e-11,4.8748e-11,1.9161e-11
1.2489e-11,1.4497e-11,1.1711e-11
1.3423e-11,2.4267e-11,2.47e-11
1.957e-11,2.4168e-11,1.7268e-11
4.4603e-11,4.4998e-11,1.4441e-11
2.2879e-11,2.5018e-11,1.5427e-11
1.7782e-11,1.9201e-11,2.1091e-11
9.5109e-12,1.4217e-11,1.4977e-11
1.7933e-11,1.3185e-11,1.3918e-11
1.5272e-11,1.2696e-11,1.5512e-11
1.4157e-11,2.0291e-11,2.4653e-11
2.7379e-11,2.995e-11,6.2019e-12
1.2042e-11,1.924e-11,1.7512e-11
2.0468e-11,8.6962e-11,4.4608e-11
1.7423e-11,1.7661e-11,1.2402e-11
9.8519e-12,1.362e-11,1.0969e-11
2.4763e-11,2.0335e-11,1.3773e-11
1.9925e-11,2.6186e-11,3.41e-11
1.2999e-11,1.7289e-11,1.0327e-11
2.2748e-11,2.3629e-11,1.7468e-11
2.0696e-11,2.052e-11,2.4931e-11
9.1759e-11,3.602e-11,8.1826e-11
9.1441e-11,3.3324e-11,7.7934e-11
8.3272e-11,3.2169e-11,8.8953e-11
1.1042e-10,5.1865e-11,6.7583e-11
7.8363e-11,4.0597e-11,6.0374e-11
9.9429e-11,4.9355e-11,6.3786e-11
7.8283e-11,3.4337e-11,1.1281e-10
9.2054e-11,5.5893e-11,6.1626e-11
8.2089e-11,3.964e-11,1.1594e-10
8.0846e-11,5.0877e-11,5.0023e-11
5.3106e-11,2.7469e-11,5.535e-11
8.4654e-11,4.0882e-11,1.0947e-10
7.3146e-11,3.8688e-11,9.419e-11
9.9942e-11,5.8628e-11,4.6305e-11
3.6905e-11,2.9346e-11,3.8827e-11
3.1957e-11,2.362e-11,4.9326e-11
3.1565e-11,1.9619e-11,5.0788e-11
2.9935e-11,2.0769e-11,2.7341e-11
5.4884e-11,3.1021e-11,6.9318e-11
7.4925e-11,4.8464e-11,1.0182e-10
3.9964e-11,2.6777e-11,5.7546e-11
2.6075e-11,2.8707e-11,1.9249e-11
9.4366e-11,7.5341e-11,1.0501e-10
8.6409e-11,6.988e-11,8.6276e-11
3.4891e-11,3.0184e-11,4.9129e-11
1.8199e-11,2.1388e-11,2.9518e-11
1.0248e-10,1.3485e-10,1.1602e-10
2.8025e-11,2.2696e-11,3.1278e-11
2.6975e-11,2.024e-11,3.0626e-11
3.8108e-11,4.1191e-11,2.0701e-11
2.1945e-11,3.3037e-11,4.1714e-11
2.1879e-11,3.0886e-11,4.4999e-11
3.1463e-11,8.6696e-11,5.6762e-11
2.9177e-11,3.3366e-11,3.6014e-11
2.7409e-11,4.0895e-11,3.298e-11
1.7057e-11,1.4078e-11,1.2034e-11
2.5338e-11,2.6537e-11,1.2097e-11
1.4682e-11,1.6356e-11,2.2586e-11
1.5687e-11,1.6342e-11,1.2755e-11
2.161e-11,1.4873e-11,1.4702e-11
1.8519e-11,1.9515e-11,2.2986e-11
2.5692e-11,2.9166e-11,6.9695e-12
1.2528e-11,2.2979e-11,1.4369e-11
2.0611e-11,1.9566e-11,2.1549e-11
1.8701e-11,2.5384e-11,1.5248e-11
7.0946e-11,3.2664e-11,9.62e-11
8.1509e-11,3.8094e-11,1.151e-10
8.7722e-11,4.0865e-11,1.1641e-10
4.9508e-11,2.8867e-11,3.3312e-11
7.7192e-11,4.1542e-11,1.0353e-10
4.6741e-11,2.9046e-11,3.2299e-11
9.5966e-11,5.5901e-11,4.5065e-11
3.8372e-11,2.4166e-11,5.8624e-11
2.8685e-11,2.5664e-11,4.2346e-11
8.6295e-11,6.3141e-11,1.0273e-10
7.6624e-11,5.7181e-11,3.4133e-11
3.9597e-11,2.808e-11,2.0806e-11
2.8273e-11,1.9512e-11,2.087e-11
2.2124e-11,1.969e-11,3.6335e-11
3.435e-11,2.8331e-11,4.7797e-11
1.9917e-11,2.069e-11,3.1546e-11
2.1948e-11,2.5092e-11,3.5829e-11
1.9667e-11,1.5553e-11,1.0555e-11
3.8084e-11,2.3255e-11,3.7185e-11
3.6954e-11,3.5248e-11,3.6052e-11
2.3888e-11,2.1062e-11,3.5343e-11
2.3529e-11,2.4764e-11,1.3113e-11
4.8572e-11,1.0765e-10,7.2241e-11
2.3506e-11,2.2292e-11,1.6101e-11
2.0564e-11,1.9942e-11,9.3127e-12
2.888e-11,4.44e-11,4.0923e-11
2.1356e-11,1.6732e-11,1.414e-11
9.8278e-12,1.1594e-11,1.5631e-11
2.0686e-11,1.6974e-11,1.9112e-11
1.2631e-11,2.7291e-11,2.6613e-11
1.2104e-11,4.5962e-11,3.2025e-11
2.3682e-11,1.672e-11,8.4327e-12
1.5436e-11,1.4949e-11,9.5991e-12
1.5596e-11,1.4305e-11,7.5159e-12
1.1966e-11,1.9701e-11,1.1004e-11
1.7396e-11,1.3265e-11,2.0849e-11
1.0027e-10,3.8195e-11,8.3254e-11
8.9493e-11,3.8295e-11,1.1739e-10
7.7822e-11,4.0564e-11,1.0797e-10
3.7213e-11,2.4069e-11,2.7141e-11
4.6434e-11,3.6087e-11,2.8764e-11
3.1764e-11,2.1182e-11,4.9504e-11
3.237e-11,1.8941e-11,2.8198e-11
3.5081e-11,3.4594e-11,2.1902e-11
6.9997e-11,5.1008e-11,2.9572e-11
8.0116e-11,5.8306e-11,3.3573e-11
4.3633e-11,3.1838e-11,2.2107e-11
8.1737e-11,6.1792e-11,3.6457e-11
3.3931e-11,2.5558e-11,4.5443e-11
2.5997e-11,1.7268e-11,2.2038e-11
2.3017e-11,1.9492e-11,3.0961e-11
2.0559e-11,1.5509e-11,1.2281e-11
1.9851e-11,1.7885e-11,1.7077e-11
4.3595e-11,5.4599e-11,6.1364e-11
7.276e-11,1.2138e-10,9.6381e-11
2.9813e-11,2.914e-11,4.2122e-11
3.0795e-11,2.8661e-11,1.5389e-11
2.5719e-11,2.9454e-11,3.3008e-11
4.1126e-11,8.2898e-11,6.4519e-11
5.9239e-11,5.4501e-11,2.0071e-11
2.794e-11,3.3854e-11,3.4809e-11
2.1507e-11,3.1228e-11,2.8998e-11
5.5137e-11,5.6635e-11,1.6856e-11
3.5626e-11,1.5366e-10,7.3862e-11
2.447e-11,2.5478e-11,1.1822e-11
5.1895e-11,5.7533e-11,1.2892e-11
2.1352e-11,2.6882e-11,2.6887e-11
1.8866e-11,2.4499e-11,3.0593e-11
3.2167e-11,1.2811e-10,7.0553e-11
1.0855e-11,1.961e-11,2.1563e-11
1.394e-11,2.1201e-11,2.6704e-11
2.3789e-11,1.0917e-10,6.1609e-11
2.6503e-11,2.8606e-11,9.6059e-12
1.6977e-11,1.5463e-11,1.1172e-11
1.6553e-11,2.3194e-11,1.5865e-11
2.2277e-11,1.6218e-11,7.7427e-12
2.6318e-11,2.5934e-11,8.7517e-12
1.7383e-11,1.7529e-11,1.4472e-11
1.9801e-11,2.0964e-11,2.5015e-11
9.4363e-11,4.0011e-11,1.0113e-10
9.0213e-11,4.7485e-11,1.2393e-10
7.0115e-11,3.5763e-11,9.6574e-11
8.5956e-11,4.1755e-11,1.1109e-10
6.7657e-11,3.6535e-11,5.2133e-11
5.2047e-11,3.4091e-11,5.6175e-11
7.5308e-11,4.2102e-11,1.0432e-10
4.7743e-11,2.5771e-11,3.7839e-11
4.3173e-11,2.6014e-11,6.3915e-11
7.0481e-11,3.4424e-11,8.7669e-11
6.9312e-11,3.7155e-11,9.1899e-11
5.5778e-11,4.24e-11,2.8297e-11
8.8027e-11,6.2008e-11,3.6094e-11
3.2508e-11,2.0476e-11,2.2624e-11
3.7551e-11,3.2373e-11,2.4647e-11
9.982e-11,6.3717e-11,4.235e-11
5.1909e-11,4.0615e-11,7.6784e-11
7.6657e-11,4.7277e-11,1.0742e-10
2.6778e-11,1.971e-11,2.4049e-11
2.2923e-11,2.0018e-11,1.6233e-11
2.34e-11,2.0084e-11,1.6238e-11
1.7964e-11,2.3077e-11,3.034e-11
2.0526e-11,2.3724e-11,3.4193e-11
2.0959e-11,1.6524e-11,1.3346e-11
3.0747e-11,2.3774e-11,3.2913e-11
1.9285e-11,1.8169e-11,2.7737e-11
2.1583e-11,1.899e-11,1.4478e-11
4.4518e-11,5.4641e-11,6.1893e-11
3.5964e-11,3.1008e-11,3.3612e-11
2.6241e-11,2.7996e-11,3.7752e-11
2.1444e-11,1.9655e-11,1.6764e-11
2.4087e-11,1.8744e-11,2.8154e-11
1.8719e-11,2.1252e-11,3.3607e-11
3.0024e-11,3.17e-11,4.3083e-11
6.2535e-11,1.2093e-10,8.3591e-11
6.1371e-11,5.8124e-11,2.2246e-11
2.3672e-11,2.2283e-11,1.8642e-11
2.2018e-11,2.3502e-11,2.7995e-11
7.1559e-11,7.1296e-11,2.1838e-11
1.3996e-11,1.6371e-11,1.9607e-11
2.5038e-11,2.456e-11,1.945e-11
1.4136e-11,1.9673e-11,1.1363e-11
4.0443e-11,4.4754e-11,1.2044e-11
1.9252e-11,3.1105e-11,2.673e-11
1.9293e-11,8.8672e-11,5.3809e-11
1.8839e-11,1.4123e-11,1.773e-11
6.5933e-11,8.7751e-11,1.6619e-11
2.1466e-11,1.9456e-11,2.2524e-11
1.1341e-11,2.7316e-11,2.4179e-11
1.1351e-11,1.8785e-11,1.0541e-11
2.2762e-11,7.0983e-11,5.0517e-11
2.06e-11,8.5683e-11,5.4866e-11
2.2318e-11,2.2034e-11,2.3013e-11
2.6467e-11,2.6793e-11,8.8662e-12
1.4746e-11,1.453e-11,7.2813e-12
1.4762e-11,1.6096e-11,2.6385e-11
1.1368e-11,2.1777e-11,2.8274e-11
2.5494e-11,2.7624e-11,3.0597e-11
1.8563e-11,2.755e-11,2.9022e-11
9.5397e-11,3.9409e-11,9.6451e-11
9.9128e-11,3.9313e-11,7.8873e-11
8.0373e-11,3.552e-11,7.9743e-11
8.099e-11,3.3106e-11,6.5325e-11
6.3505e-11,3.4447e-11,9.0967e-11
5.1534e-11,2.8633e-11,4.6242e-11
4.9158e-11,2.8417e-11,4.7048e-11
4.7714e-11,2.4765e-11,4.2951e-11
4.7646e-11,2.7625e-11,6.929e-11
4.6302e-11,3.3314e-11,7.0595e-11
5.639e-11,3.0869e-11,7.1081e-11
6.5567e-11,4.1798e-11,9.2274e-11
9.7787e-11,6.7396e-11,3.6818e-11
6.441e-11,4.8944e-11,9.9753e-11
4.2647e-11,3.7828e-11,6.3538e-11
2.0731e-11,2.2627e-11,3.1015e-11
4.6946e-11,3.1069e-11,5.9842e-11
2.1682e-11,1.9833e-11,3.071e-11
5.1751e-11,4.9394e-11,1.8924e-11
2.1932e-11,2.1464e-11,3.2386e-11
2.1893e-11,1.7683e-11,1.6479e-11
2.2488e-11,2.1478e-11,2.5474e-11
1.6564e-11,1.7376e-11,2.24e-11
2.2179e-11,1.627e-11,2.1538e-11
2.3169e-11,1.6394e-11,2.0928e-11
3.7554e-11,3.7348e-11,1.3658e-11
2.4697e-11,3.4364e-11,3.5633e-11
9.5553e-11,9.4216e-11,3.1297e-11
1.8797e-11,1.7918e-11,1.3675e-11
3.5367e-11,1.3664e-10,7.6431e-11
1.9547e-11,7.2969e-11,4.846e-11
7.0853e-11,8.9964e-11,1.9428e-11
1.7486e-11,1.4065e-11,1.2022e-11
1.622e-11,2.5031e-11,1.7876e-11
1.1548e-11,1.8964e-11,2.2997e-11
9.0944e-12,1.5077e-11,1.5862e-11
1.1737e-11,1.4327e-11,1.1068e-11
2.382e-11,9.8603e-11,6.8072e-11
1.1145e-11,1.2318e-11,9.8938e-12
2.3285e-11,1.7905e-11,1.3221e-11
2.1942e-11,1.6144e-11,8.8552e-12
1.0009e-11,4.903e-11,3.6228e-11
8.4205e-11,3.4571e-11,7.7484e-11
8.6826e-11,3.8138e-11,6.7293e-11
8.4937e-11,4.2592e-11,1.1152e-10
7.8386e-11,4.2959e-11,1.0772e-10
5.5343e-11,2.8485e-11,7.8294e-11
4.9678e-11,3.2162e-11,6.846e-11
5.9401e-11,3.2944e-11,4.2697e-11
4.4532e-11,2.93e-11,4.6502e-11
6.4755e-11,4.7133e-11,3.0798e-11
4.7391e-11,2.9909e-11,6.7486e-11
4.5856e-11,3.5545e-11,3.7136e-11
6.4797e-11,4.1662e-11,9.5e-11
4.1965e-11,2.2549e-11,4.993e-11
9.0923e-11,7.4066e-11,1.1158e-10
5.2915e-11,4.0982e-11,2.3033e-11
2.8184e-11,2.4628e-11,3.9142e-11
6.0267e-11,4.9903e-11,8.3563e-11
4.6162e-11,3.4912e-11,2.6007e-11
1.9232e-11,1.8305e-11,2.586e-11
2.0051e-11,2.036e-11,1.5905e-11
3.7714e-11,3.3946e-11,5.6386e-11
2.2789e-11,1.9534e-11,2.3638e-11
7.148e-11,6.771e-11,2.6856e-11
1.9985e-11,2.1314e-11,2.8342e-11
4.0064e-11,8.3786e-11,6.5298e-11
6.8914e-11,6.4518e-11,2.5892e-11
2.3328e-11,2.7031e-11,3.4395e-11
2.4719e-11,2.237e-11,2.0771e-11
2.0098e-11,2.2437e-11,1.8195e-11
3.3905e-11,6.9522e-11,5.6774e-11
2.9075e-11,2.6541e-11,2.761e-11
2.3283e-11,2.5434e-11,2.9182e-11
2.6251e-11,4.039e-11,3.427e-11
6.5767e-11,6.6588e-11,2.3411e-11
2.2466e-11,3.1922e-11,3.5252e-11
1.4203e-11,1.9588e-11,1.2511e-11
1.4702e-11,1.9355e-11,1.9504e-11
9.5263e-12,1.9541e-11,2.5783e-11
9.387e-11,1.0331e-10,2.7055e-11
1.651e-11,1.5221e-11,1.678e-11
2.7699e-11,1.0475e-10,7.029e-11
1.4661e-11,1.487e-11,1.6058e-11
1.272e-11,1.3422e-11,1.1701e-11
2.4557e-11,5.8272e-11,4.2946e-11
1.3403e-11,2.575e-11,3.037e-11
3.1643e-11,3.0896e-11,7.9767e-12
2.1784e-11,1.5764e-11,6.3466e-12
9.5521e-12,1.7209e-11,1.8326e-11
2.4063e-11,2.4786e-11,2.2152e-11
8.6193e-12,2.0391e-11,2.4732e-11
8.8042e-11,3.9522e-11,8.4582e-11
8.5126e-11,3.7911e-11,6.9636e-11
7.8801e-11,4.3182e-11,1.1016e-10
6.9972e-11,3.9834e-11,9.6531e-11
5.3469e-11,2.982e-11,7.6092e-11
6.2006e-11,3.9769e-11,4.3192e-11
5.2811e-11,3.8995e-11,5.9578e-11
6.1127e-11,3.5837e-11,8.298e-11
4.4556e-11,2.9579e-11,4.508e-11
3.8095e-11,2.4943e-11,5.5393e-11
2.9493e-11,3.3647e-11,4.0033e-11
3.3572e-11,2.2414e-11,1.9884e-11
4.3059e-11,2.2759e-11,5.3104e-11
3.1461e-11,2.8794e-11,3.9058e-11
6.3096e-11,5.6661e-11,8.3604e-11
6.287e-11,5.6047e-11,8.3637e-11
1.9653e-11,2.1619e-11,1.7523e-11
6.0892e-11,5.9676e-11,2.4616e-11
3.2805e-11,4.3709e-11,4.8958e-11
2.7723e-11,3.2156e-11,3.9043e-11
2.1484e-11,1.7827e-11,1.527e-11
2.0177e-11,3.1047e-11,2.8979e-11
3.7824e-11,8.3114e-11,6.4575e-11
2.07e-11,2.1881e-11,1.8863e-11
3.5698e-11,6.8373e-11,5.7296e-11
1.7691e-11,1.6066e-11,1.0077e-11
2.3732e-11,2.4986e-11,2.8287e-11
2.4725e-11,2.5907e-11,1.6851e-11
7.4668e-11,7.7557e-11,2.332e-11
2.493e-11,6.4277e-11,4.8717e-11
2.0666e-11,2.9736e-11,3.3396e-11
2.2715e-11,3.8019e-11,3.8022e-11
2.4371e-11,4.6807e-11,4.2422e-11
2.6013e-11,2.6497e-11,8.208e-12
2.0937e-11,1.9107e-11,1.44e-11
1.3403e-11,1.9138e-11,1.8958e-11
1.6791e-11,8.4366e-11,5.8396e-11
1.1215e-11,1.336e-11,1.3304e-11
1.8127e-11,1.6525e-11,1.4066e-11
2.4246e-11,9.1839e-11,6.6393e-11
4.2627e-11,5.0128e-11,6.808e-12
3.5712e-11,4.0562e-11,1.6867e-11
4.0977e-11,4.6773e-11,1.7567e-11
1.4535e-11,1.5678e-11,8.2124e-12
2.8459e-11,2.4968e-11,1.4186e-11
1.7888e-11,1.726e-11,1.6204e-11
1.1888e-11,2.2116e-11,2.4895e-11
1.4963e-11,1.5302e-11,1.0868e-11
1.5247e-11,4.469e-11,4.0737e-11
8.8923e-11,3.7362e-11,7.9108e-11
8.1738e-11,3.4279e-11,7.8964e-11
8.2554e-11,3.6375e-11,7.334e-11
7.4553e-11,3.4458e-11,6.9493e-11
7.6286e-11,3.9414e-11,9.8857e-11
7.7176e-11,3.9177e-11,1.0639e-10
7.2128e-11,4.6624e-11,5.37e-11
4.9293e-11,2.9284e-11,7.2846e-11
5.781e-11,4.0657e-11,3.9262e-11
5.1667e-11,3.6085e-11,6.9462e-11
6.9045e-11,3.5787e-11,8.9586e-11
7.6521e-11,5.0027e-11,4.3088e-11
5.7145e-11,3.9481e-11,3.5623e-11
4.4215e-11,2.9365e-11,4.0867e-11
4.5914e-11,3.2682e-11,3.0909e-11
5.4903e-11,3.3789e-11,7.5818e-11
6.2046e-11,3.877e-11,7.7236e-11
3.1252e-11,4.377e-11,3.9136e-11
3.5154e-11,3.1424e-11,1.6928e-11
6.9253e-11,7.9021e-11,8.1374e-11
1.8373e-11,1.8221e-11,2.5902e-11
3.735e-11,3.3764e-11,1.5903e-11
3.5963e-11,3.3442e-11,3.5902e-11
2.2231e-11,2.5416e-11,2.7971e-11
2.8132e-11,2.1868e-11,2.9625e-11
4.5706e-11,7.9791e-11,7.6424e-11
1.9915e-11,1.7258e-11,1.8071e-11
2.5771e-11,2.3062e-11,2.3248e-11
1.7282e-11,1.4901e-11,1.7379e-11
7.0273e-11,7.2418e-11,2.2626e-11
1.5283e-11,2.6815e-11,2.8764e-11
2.3412e-11,6.1418e-11,4.8345e-11
1.832e-11,5.1359e-11,4.4144e-11
1.557e-11,1.9633e-11,2.4628e-11
1.703e-11,2.7422e-11,2.8358e-11
1.8111e-11,2.5785e-11,3.2168e-11
1.2207e-11,2.1154e-11,1.1867e-11
1.1904e-11,2.059e-11,2.8433e-11
1.5931e-11,3.6964e-11,4.0861e-11
1.5672e-11,2.1215e-11,2.1866e-11
2.0576e-11,2.43e-11,1.9569e-11
3.0299e-11,2.9021e-11,8.7606e-12
8.5261e-12,1.3776e-11,1.2393e-11
2.2716e-11,6.6476e-11,5.4404e-11
1.9387e-11,7.0536e-11,5.81e-11
1.4965e-11,2.2419e-11,2.4718e-11
9.2147e-11,3.9239e-11,7.384e-11
5.0822e-11,2.8479e-11,6.0677e-11
4.9285e-11,2.966e-11,5.745e-11
4.5555e-11,2.731e-11,3.3093e-11
4.1441e-11,2.8724e-11,5.934e-11
3.9627e-11,3.0148e-11,4.6623e-11
7.5122e-11,4.2822e-11,9.6507e-11
8.2873e-11,5.3391e-11,1.0005e-10
4.77e-11,3.4381e-11,2.4363e-11
2.3541e-11,2.013e-11,3.1008e-11
4.0674e-11,3.9942e-11,1.9636e-11
2.1681e-11,2.239e-11,2.6257e-11
4.1115e-11,3.7772e-11,6.6056e-11
4.1572e-11,3.5405e-11,6.1065e-11
2.6302e-11,2.1229e-11,1.7477e-11
2.5459e-11,2.992e-11,3.1978e-11
3.1092e-11,3.1456e-11,4.1239e-11
3.8104e-11,3.6512e-11,1.6598e-11
3.2971e-11,3.388e-11,4.2803e-11
3.1516e-11,3.5361e-11,4.1578e-11
7.0413e-11,6.6755e-11,2.572e-11
2.4449e-11,1.7588e-11,2.0783e-11
7.6617e-11,7.1976e-11,2.6033e-11
1.9491e-11,1.6869e-11,2.0108e-11
4.5198e-11,4.4846e-11,1.9927e-11
1.7982e-11,1.61e-11,1.5544e-11
1.7636e-11,1.5606e-11,1.6555e-11
2.305e-11,4.8633e-11,4.5851e-11
9.3448e-12,2.5462e-11,2.7871e-11
2.8374e-11,1.0308e-10,7.2419e-11
1.8551e-11,1.9942e-11,2.3557e-11
3.0629e-11,2.8794e-11,1.7433e-11
1.5205e-11,1.8032e-11,1.004e-11
2.6476e-11,2.413e-11,1.1474e-11
2.4939e-11,1.7163e-11,1.7099e-11
4.1525e-11,4.8934e-11,8.3968e-12
2.308e-11,3.5001e-11,4.9146e-11
2.5581e-11,2.0087e-11,9.778e-12
1.6477e-11,2.7056e-11,2.1939e-11
1.1966e-11,1.4686e-11,9.5492e-12
2.3145e-11,4.9194e-11,5.0798e-11
8.2507e-11,5.0262e-11,1.1146e-10
7.3227e-11,4.1606e-11,8.6264e-11
7.0136e-11,4.4092e-11,4.7075e-11
7.1115e-11,4.8048e-11,5.4621e-11
6.9028e-11,4.1267e-11,9.0632e-11
8.543e-11,6.0963e-11,3.8768e-11
4.6609e-11,2.6035e-11,3.196e-11
6.1578e-11,4.1493e-11,7.8524e-11
5.0137e-11,3.5932e-11,3.1701e-11
7.6283e-11,5.277e-11,1.0349e-10
3.2829e-11,2.3025e-11,4.3553e-11
3.1932e-11,2.2493e-11,3.9249e-11
3.6427e-11,2.4125e-11,4.7702e-11
4.5535e-11,3.441e-11,2.9343e-11
3.2643e-11,2.208e-11,2.3599e-11
6.9442e-11,5.8611e-11,1.0775e-10
2.9605e-11,2.64e-11,1.8107e-11
3.683e-11,2.7823e-11,4.7492e-11
6.0874e-11,4.8505e-11,2.4552e-11
5.715e-11,3.6564e-11,6.4064e-11
3.1896e-11,2.5841e-11,2.4384e-11
1.9509e-11,1.7369e-11,2.2935e-11
1.96e-11,2.3663e-11,2.1355e-11
6.5757e-11,6.4561e-11,2.8451e-11
2.1212e-11,1.7592e-11,1.4802e-11
4.1923e-11,8.6135e-11,6.7631e-11
2.5514e-11,3.8189e-11,3.3813e-11
3.7472e-11,7.5958e-11,6.3152e-11
2.5036e-11,2.4692e-11,1.7017e-11
1.8602e-11,4.7103e-11,4.4767e-11
7.4085e-11,9.108e-11,1.5181e-11
6.6448e-11,8.1681e-11,1.1625e-11
1.5684e-11,2.0315e-11,1.1772e-11
1.0667e-11,1.5954e-11,1.1605e-11
1.5492e-11,7.944e-11,6.1592e-11
4.0236e-11,3.963e-11,8.437e-12
1.4307e-11,1.7006e-11,1.6463e-11
1.6906e-11,2.7201e-11,1.109e-11
1.4447e-11,1.587e-11,1.3463e-11
1.3628e-11,1.3169e-11,1.1784e-11
1.2981e-11,1.6373e-11,1.2037e-11
1.4495e-11,1.6145e-11,1.1198e-11
1.7853e-11,2.3838e-11,2.7948e-11
6.5434e-11,4.2811e-11,9.2972e-11
8.6884e-11,5.9607e-11,6.4773e-11
5.8311e-11,3.5433e-11,7.5913e-11
4.9604e-11,2.9686e-11,5.9308e-11
6.9177e-11,3.4619e-11,8.0971e-11
3.7095e-11,2.4514e-11,4.855e-11
3.5339e-11,2.9343e-11,3.4821e-11
4.0336e-11,2.9182e-11,2.893e-11
2.7882e-11,3.337e-11,3.7827e-11
3.0694e-11,2.4135e-11,3.888e-11
3.0731e-11,3.5825e-11,4.0688e-11
2.3108e-11,2.1689e-11,2.7119e-11
8.0581e-11,8.9656e-11,1.0688e-10
3.8226e-11,3.1381e-11,4.5546e-11
3.5689e-11,3.2431e-11,1.7311e-11
6.0526e-11,5.8412e-11,2.142e-11
2.0768e-11,1.7309e-11,1.4622e-11
3.9255e-11,3.765e-11,1.7284e-11
2.6746e-11,1.9626e-11,3.1496e-11
1.7097e-11,2.2504e-11,2.5279e-11
2.2744e-11,3.4214e-11,2.7395e-11
2.2152e-11,3.1408e-11,3.0196e-11
2.2091e-11,2.8503e-11,2.8983e-11
2.7531e-11,2.495e-11,1.998e-11
2.4304e-11,3.6134e-11,2.6519e-11
1.5857e-11,2.6408e-11,2.9287e-11
1.7624e-11,2.9764e-11,3.3596e-11
2.5529e-11,6.4956e-11,5.8943e-11
2.2388e-11,2.0067e-11,1.1355e-11
2.4504e-11,2.1622e-11,1.3273e-11
3.0494e-11,1.0355e-10,7.9986e-11
2.0542e-11,6.0584e-11,5.2648e-11
1.3685e-11,2.5659e-11,2.4333e-11
1.2754e-11,1.4416e-11,9.1094e-12
1.7468e-11,1.5296e-11,1.5049e-11
1.2817e-11,1.4777e-11,1.467e-11
1.8956e-11,1.88e-11,1.8878e-11
1.6564e-11,4.8171e-11,4.0793e-11
2.1496e-11,2.6175e-11,2.7633e-11
1.8932e-11,6.0882e-11,4.9172e-11
4.1276e-11,4.3901e-11,1.1119e-11
1.0075e-11,2.7679e-11,2.6126e-11
1.1942e-11,1.9664e-11,1.2084e-11
1.63e-11,1.8051e-11,8.7206e-12
1.1702e-11,1.5234e-11,1.1757e-11
1.7997e-11,1.7262e-11,1.3047e-11
1.5374e-11,1.7029e-11,1.6598e-11
1.1903e-11,1.9936e-11,1.889e-11
2.1055e-11,2.5665e-11,2.5809e-11
1.0116e-10,4.4155e-11,7.9517e-11
9.0959e-11,3.9521e-11,7.3464e-11
8.7984e-11,4.2393e-11,6.3036e-11
7.5841e-11,4.323e-11,1.0175e-10
7.0084e-11,3.7941e-11,8.9864e-11
4.5328e-11,2.8616e-11,3.2318e-11
2.8204e-11,2.5482e-11,3.841e-11
3.0094e-11,2.4718e-11,1.8318e-11
2.2259e-11,1.8608e-11,2.3285e-11
4.5715e-11,4.5219e-11,7.3005e-11
2.7891e-11,1.9236e-11,1.8732e-11
6.897e-11,9.0423e-11,9.8239e-11
5.2703e-11,5.0593e-11,2.0176e-11
2.0999e-11,2.2181e-11,1.9327e-11
2.6332e-11,2.6409e-11,2.9927e-11
2.6667e-11,2.2312e-11,1.3785e-11
3.6949e-11,3.6088e-11,1.6602e-11
3.2106e-11,3.1036e-11,1.394e-11
1.7057e-11,2.0208e-11,1.6652e-11
2.9347e-11,9.9341e-11,8.4858e-11
5.6296e-11,6.7798e-11,1.2955e-11
2.6048e-11,3.6629e-11,4.1695e-11
2.376e-11,2.1736e-11,2.5288e-11
7.3569e-11,9.0682e-11,1.5624e-11
1.2529e-11,4.4401e-11,3.9771e-11
2.862e-11,2.8187e-11,9.3808e-12
1.532e-11,1.8607e-11,1.0333e-11
1.1735e-11,2.3928e-11,2.7493e-11
1.9093e-11,1.6282e-11,4.7917e-12
4.4437e-11,5.1854e-11,6.7905e-12
1.3211e-11,1.5903e-11,1.9199e-11
2.113e-11,4.0854e-11,4.1484e-11
2.9543e-11,2.3832e-11,1.3212e-11
1.8528e-11,4.8124e-11,4.5933e-11
1.1463e-11,3.1589e-11,3.5428e-11
6.755e-11,4.0145e-11,6.06e-11
4.8799e-11,3.1093e-11,3.318e-11
7.871e-11,4.8625e-11,1.0564e-10
7.0509e-11,4.6876e-11,9.6066e-11
7.3043e-11,3.7237e-11,9.148e-11
7.629e-11,5.5747e-11,9.5132e-11
2.762e-11,2.8428e-11,3.5547e-11
3.168e-11,2.5659e-11,3.7485e-11
2.6478e-11,2.6645e-11,3.3362e-11
3.8333e-11,2.8541e-11,2.0383e-11
4.0328e-11,3.0836e-11,2.0462e-11
5.3768e-11,3.4294e-11,5.8697e-11
3.0781e-11,2.4175e-11,1.8117e-11
5.9857e-11,4.3815e-11,6.4857e-11
2.4072e-11,2.5761e-11,2.756e-11
2.7252e-11,2.0663e-11,1.8774e-11
2.2763e-11,2.2456e-11,2.1361e-11
1.954e-11,1.7183e-11,2.0971e-11
2.932e-11,2.5164e-11,1.4361e-11
3.8024e-11,4.7909e-11,6.0478e-11
1.8325e-11,1.8913e-11,1.9126e-11
2.5521e-11,3.6196e-11,2.7242e-11
2.486e-11,2.2775e-11,1.104e-11
3.1903e-11,4.7549e-11,3.1842e-11
7.748e-11,7.4585e-11,2.53e-11
1.5977e-11,2.8716e-11,2.8054e-11
1.7661e-11,2.2945e-11,1.1373e-11
2.3497e-11,7.7178e-11,6.6217e-11
2.9199e-11,2.9759e-11,8.4966e-12
2.3237e-11,8.7408e-11,7.4435e-11
2.28e-11,4.0467e-11,4.2193e-11
6.3841e-11,7.8183e-11,1.2884e-11
3.8794e-11,4.3805e-11,1.1275e-11
1.4315e-11,1.5611e-11,1.1569e-11
1.6779e-11,1.6359e-11,1.4021e-11
1.6738e-11,1.8246e-11,2.1196e-11
1.9969e-11,1.7851e-11,1.7089e-11
2.3512e-11,3.3602e-11,3.2194e-11
4.2117e-11,4.2611e-11,1.069e-11
1.4202e-11,2.6235e-11,3.1795e-11
1.5654e-11,1.7856e-11,1.269e-11
1.2579e-11,1.7526e-11,1.4384e-11
1.7667e-11,1.9581e-11,1.4892e-11
1.3366e-11,1.5578e-11,1.3582e-11
1.8017e-11,1.8101e-11,2.0349e-11
7.8281e-11,3.8754e-11,6.0146e-11
8.7091e-11,6.8079e-11,6.3403e-11
6.6556e-11,4.2992e-11,6.0916e-11
6.8408e-11,3.8254e-11,4.5497e-11
9.4827e-11,6.7373e-11,5.1773e-11
5.7245e-11,3.6024e-11,7.571e-11
4.5576e-11,3.943e-11,5.4431e-11
8.2957e-11,5.8349e-11,3.6807e-11
8.7733e-11,6.0503e-11,1.0314e-10
7.0722e-11,5.0659e-11,9.0541e-11
3.3899e-11,2.6762e-11,3.9309e-11
2.9505e-11,3.4374e-11,4.0621e-11
6.537e-11,3.5147e-11,7.3928e-11
8.0019e-11,6.3768e-11,9.4158e-11
6.4933e-11,4.9311e-11,2.9942e-11
6.3353e-11,5.8567e-11,8.9822e-11
4.6331e-11,3.8929e-11,5.8425e-11
2.3528e-11,2.1422e-11,2.6789e-11
3.1801e-11,2.5742e-11,3.3445e-11
6.6159e-11,6.7563e-11,1.0242e-10
5.3273e-11,4.9316e-11,2.2306e-11
7.0448e-11,8.9953e-11,9.4343e-11
1.9999e-11,2.7503e-11,2.1534e-11
1.852e-11,2.0363e-11,1.7165e-11
3.5583e-11,3.1588e-11,2.6948e-11
6.075e-11,9.27e-11,9.1118e-11
2.8936e-11,2.4608e-11,1.4217e-11
3.2329e-11,3.2063e-11,3.5207e-11
2.5886e-11,2.144e-11,1.1489e-11
2.1408e-11,1.9651e-11,2.0846e-11
6.7887e-11,6.7198e-11,2.131e-11
2.0049e-11,1.8162e-11,1.7701e-11
4.023e-11,4.0029e-11,2.4763e-11
1.8107e-11,3.8114e-11,4.015e-11
1.8582e-11,2.2055e-11,8.6791e-12
1.5876e-11,2.8798e-11,3.3376e-11
6.729e-11,7.6192e-11,1.5025e-11
1.9824e-11,1.824e-11,5.9738e-12
2.7169e-11,2.5246e-11,2.3666e-11
2.0407e-11,1.8824e-11,1.1e-11
2.63e-11,2.3384e-11,5.2487e-12
4.4838e-11,4.927e-11,1.0095e-11
1.2901e-11,2.6493e-11,2.4845e-11
1.1918e-11,3.6335e-11,3.8504e-11
1.1076e-11,1.5361e-11,1.0175e-11
1.0523e-11,1.9471e-11,2.1652e-11
8.8468e-12,1.7471e-11,1.8059e-11
5.5866e-12,3.2419e-11,3.4949e-11
9.5643e-11,4.7345e-11,6.757e-11
7.7201e-11,4.5069e-11,1.0082e-10
7.0612e-11,4.4739e-11,8.7173e-11
9.1614e-11,4.6227e-11,1.1012e-10
7.8968e-11,5.2731e-11,1.0049e-10
6.4831e-11,4.7978e-11,3.8203e-11
4.0947e-11,2.7272e-11,3.5853e-11
5.7877e-11,4.3867e-11,3.6048e-11
4.6982e-11,3.3995e-11,3.0437e-11
3.3065e-11,3.2366e-11,4.0036e-11
6.3827e-11,4.8179e-11,7.1619e-11
6.2708e-11,6.3956e-11,8.142e-11
2.8704e-11,2.2702e-11,2.3549e-11
2.5333e-11,2.154e-11,2.7972e-11
2.0648e-11,2.0391e-11,2.0609e-11
3.7862e-11,3.3055e-11,1.8719e-11
2.8925e-11,2.3426e-11,1.4149e-11
2.899e-11,2.3527e-11,1.4341e-11
2.2931e-11,1.9788e-11,1.7468e-11
1.6426e-11,2.8178e-11,2.1366e-11
2.0397e-11,3.4739e-11,3.3993e-11
1.9398e-11,3.4967e-11,4.0333e-11
4.0592e-11,3.9857e-11,2.1212e-11
2.0959e-11,1.8287e-11,2.0015e-11
2.3265e-11,2.2072e-11,9.7721e-12
2.4706e-11,1.968e-11,1.5775e-11
6.6324e-11,7.0997e-11,1.8315e-11
1.2072e-11,4.3689e-11,4.1843e-11
1.4223e-11,1.8901e-11,1.3954e-11
3.6996e-11,4.1584e-11,9.636e-12
2.6951e-11,2.4621e-11,2.3106e-11
1.3739e-11,4.904e-11,4.9095e-11
4.6467e-11,4.8636e-11,7.7861e-12
1.4191e-11,1.8175e-11,9.6537e-12
3.0842e-11,2.5366e-11,1.5302e-11
2.1373e-11,5.6485e-11,5.1211e-11
1.333e-11,1.7331e-11,1.6165e-11
1.2752e-11,3.4988e-11,3.3673e-11
7.9048e-11,5.1847e-11,9.9886e-11
5.9049e-11,4.8946e-11,7.7488e-11
8.2878e-11,5.7133e-11,5.4909e-11
5.6739e-11,3.3959e-11,3.9555e-11
4.4397e-11,3.0915e-11,5.1736e-11
5.4042e-11,3.5649e-11,3.2998e-11
9.412e-11,5.7347e-11,1.051e-10
3.2965e-11,2.7082e-11,2.8359e-11
7.568e-11,6.2944e-11,9.168e-11
3.338e-11,2.5249e-11,2.9195e-11
3.9498e-11,3.4532e-11,5.4862e-11
3.7093e-11,2.9208e-11,2.2354e-11
3.4792e-11,2.6309e-11,2.0116e-11
2.3157e-11,2.2732e-11,2.6731e-11
2.1591e-11,2.2343e-11,2.2256e-11
6.9987e-11,6.6775e-11,2.6143e-11
2.5189e-11,3.1023e-11,3.0307e-11
2.4331e-11,4.2853e-11,3.9905e-11
3.422e-11,3.0341e-11,2.0485e-11
2.4965e-11,2.4858e-11,9.2676e-12
3.7056e-11,3.9692e-11,2.104e-11
2.1548e-11,1.9391e-11,9.6303e-12
2.1115e-11,3.3268e-11,4.459e-11
1.6823e-11,2.0656e-11,1.6757e-11
1.536e-11,1.7259e-11,1.6403e-11
2.1801e-11,1.9173e-11,2.4322e-11
1.7424e-11,2.3964e-11,2.8651e-11
1.6149e-11,3.1489e-11,3.0346e-11
2.251e-11,2.1242e-11,9.0849e-12
3.2665e-11,3.1276e-11,1.3807e-11
9.5598e-12,3.4143e-11,3.6747e-11
7.8027e-12,3.5877e-11,3.3641e-11
1.6821e-11,1.6472e-11,1.1682e-11
1.2588e-11,1.6949e-11,9.2344e-12
1.5997e-11,1.9562e-11,1.7831e-11
1.207e-11,1.7951e-11,1.6346e-11
1.111e-11,2.0513e-11,1.7964e-11
9.1268e-11,4.3053e-11,7.0657e-11
8.3811e-11,5.1513e-11,9.8738e-11
6.7174e-11,4.3852e-11,8.7672e-11
7.8362e-11,4.8863e-11,5.306e-11
6.2113e-11,3.8421e-11,6.2771e-11
5.678e-11,4.6903e-11,6.6836e-11
6.9122e-11,4.7576e-11,9.7067e-11
6.3341e-11,4.5548e-11,8.883e-11
7.7636e-11,5.0451e-11,1.0946e-10
9.0839e-11,6.5034e-11,4.5877e-11
4.6114e-11,3.8087e-11,5.8663e-11
6.0654e-11,4.0956e-11,3.5889e-11
5.7948e-11,3.7928e-11,3.455e-11
3.4856e-11,3.2427e-11,4.2164e-11
6.3669e-11,4.8342e-11,6.607e-11
6.9744e-11,7.2768e-11,9.7703e-11
2.853e-11,2.2788e-11,2.0822e-11
6.7172e-11,6.5855e-11,1.0635e-10
7.0842e-11,5.9462e-11,2.8071e-11
6.0923e-11,6.0608e-11,9.8842e-11
5.9452e-11,6.1419e-11,9.6531e-11
2.6882e-11,2.5002e-11,1.914e-11
4.7548e-11,4.4921e-11,2.7797e-11
2.008e-11,2.7097e-11,2.0427e-11
2.3662e-11,2.2385e-11,1.7013e-11
3.8442e-11,3.4115e-11,1.3909e-11
2.0883e-11,2.4187e-11,1.488e-11
2.3394e-11,3.4099e-11,2.9614e-11
4.183e-11,3.9513e-11,1.8456e-11
3.7914e-11,4.1073e-11,2.2311e-11
1.4953e-11,2.4108e-11,1.6495e-11
1.3577e-11,1.6845e-11,1.7932e-11
1.6599e-11,2.6497e-11,2.3846e-11
1.371e-11,3.4004e-11,3.0924e-11
3.0067e-11,2.6836e-11,7.2838e-12
1.5641e-11,1.8882e-11,2.1996e-11
1.5909e-11,1.8557e-11,1.8072e-11
1.1299e-11,7.0807e-11,5.8016e-11
1.249e-11,1.6419e-11,1.4866e-11
6.7808e-11,4.6485e-11,6.6967e-11
6.4529e-11,4.6247e-11,7.8758e-11
7.7884e-11,4.3261e-11,5.2444e-11
6.2493e-11,3.6737e-11,5.1254e-11
6.2234e-11,4.5756e-11,7.9443e-11
8.9833e-11,6.5197e-11,5.0849e-11
5.2893e-11,3.4784e-11,3.5444e-11
9.2136e-11,6.9569e-11,4.2612e-11
5.5856e-11,3.2276e-11,7.2597e-11
3.2957e-11,2.591e-11,2.059e-11
4.0577e-11,3.6507e-11,2.3218e-11
3.2867e-11,2.7128e-11,2.8552e-11
6.0401e-11,4.8872e-11,5.9265e-11
3.2503e-11,2.8752e-11,4.4866e-11
3.591e-11,3.0293e-11,2.3373e-11
3.5721e-11,3.0469e-11,2.2826e-11
3.4202e-11,5.2823e-11,5.0427e-11
2.942e-11,2.6146e-11,1.5267e-11
3.6901e-11,5.6812e-11,4.9531e-11
2.6815e-11,2.9399e-11,3.2867e-11
2.2835e-11,2.3255e-11,1.9374e-11
2.8265e-11,4.1748e-11,4.9277e-11
3.4392e-11,3.0237e-11,2.0726e-11
2.3912e-11,2.266e-11,1.2428e-11
2.9877e-11,2.6164e-11,1.5072e-11
2.9506e-11,2.5956e-11,1.2005e-11
2.3366e-11,2.1652e-11,1.9282e-11
1.1611e-11,1.5787e-11,1.2898e-11
1.6093e-11,2.6071e-11,1.9959e-11
2.0666e-11,2.5377e-11,2.417e-11
1.4541e-11,1.5815e-11,1.053e-11
1.4076e-11,1.7298e-11,1.6422e-11
2.0656e-11,2.5402e-11,2.385e-11
1.1418e-11,6.8219e-11,5.6563e-11
1.1076e-11,1.6276e-11,1.5382e-11
1.6003e-11,1.9622e-11,1.2122e-11
1.6659e-11,2.002e-11,1.3447e-11
1.5377e-11,2.1247e-11,1.3078e-11
8.0916e-11,4.2842e-11,6.3606e-11
7.5416e-11,4.6375e-11,5.0871e-11
6.8195e-11,4.8261e-11,8.8698e-11
7.3316e-11,5.1033e-11,9.672e-11
6.7005e-11,4.33e-11,7.9999e-11
5.1703e-11,4.2479e-11,6.5902e-11
4.6809e-11,3.8328e-11,5.9276e-11
4.729e-11,3.1361e-11,2.9161e-11
4.814e-11,3.404e-11,5.3705e-11
9.2559e-11,6.7051e-11,1.0774e-10
4.7804e-11,4.027e-11,6.557e-11
7.3508e-11,5.5229e-11,3.6948e-11
3.9807e-11,3.6197e-11,3.3045e-11
6.8803e-11,5.3163e-11,3.0908e-11
7.4772e-11,6.7494e-11,8.008e-11
7.4378e-11,6.0923e-11,7.7195e-11
3.9383e-11,3.0789e-11,2.3743e-11
6.9257e-11,6.0434e-11,2.8079e-11
3.179e-11,2.6691e-11,3.3849e-11
6.9066e-11,6.2977e-11,2.6229e-11
2.9839e-11,3.0246e-11,2.7567e-11
2.2806e-11,2.9327e-11,2.3521e-11
5.7939e-11,5.7435e-11,2.1503e-11
2.4215e-11,2.5005e-11,2.6411e-11
3.7028e-11,3.2076e-11,1.4363e-11
2.3326e-11,2.3371e-11,1.6914e-11
2.1964e-11,1.9656e-11,1.7306e-11
1.8725e-11,3.5213e-11,3.959e-11
1.8652e-11,2.5777e-11,2.2339e-11
2.4133e-11,2.2617e-11,1.6613e-11
2.8236e-11,2.6594e-11,1.2635e-11
4.2655e-11,4.7364e-11,1.7032e-11
3.445e-11,3.2449e-11,1.251e-11
3.5635e-11,3.7682e-11,8.3965e-12
1.0966e-11,1.9319e-11,2.0527e-11
1.8417e-11,5.2853e-11,5.0073e-11
1.139e-11,1.5361e-11,1.2449e-11
1.1136e-11,1.603e-11,1.4823e-11
1.51e-11,2.4753e-11,1.443e-11
1.5378e-11,1.7699e-11,1.3848e-11
2.5433e-11,3.042e-11,2.4871e-11
1.4581e-11,2.2207e-11,1.6799e-11
2.2259e-11,5.7381e-11,5.2915e-11
1.633e-11,3.5143e-11,2.7914e-11
1.5201e-11,2.0883e-11,1.2928e-11
1.2069e-11,2.5267e-11,2.4201e-11
1.2222e-11,2.2322e-11,1.8204e-11
1.2198e-11,3.5854e-11,3.8949e-11
1.4504e-11,2.6082e-11,2.5218e-11
1.2398e-11,3.8479e-11,4.4609e-11
8.1693e-11,4.6624e-11,5.5904e-11
9.049e-11,6.1031e-11,5.9075e-11
9.6574e-11,6.7146e-11,5.8304e-11
6.9533e-11,5.4371e-11,4.2709e-11
8.5425e-11,5.0714e-11,1.0913e-10
4.729e-11,3.4288e-11,3.6316e-11
3.8638e-11,3.1094e-11,4.2376e-11
2.7883e-11,2.7714e-11,3.195e-11
6.0663e-11,7.0617e-11,9.8186e-11
4.4069e-11,3.6644e-11,2.1388e-11
3.8047e-11,3.0684e-11,2.1561e-11
3.138e-11,3.7565e-11,4.119e-11
7.0921e-11,6.6347e-11,2.6067e-11
2.7325e-11,3.1178e-11,3.3453e-11
2.1258e-11,2.7936e-11,1.8254e-11
3.7129e-11,3.1945e-11,1.6149e-11
1.9734e-11,2.6005e-11,1.7698e-11
1.885e-11,2.3345e-11,1.959e-11
2.2249e-11,2.3583e-11,1.7339e-11
3.5663e-11,6.7582e-11,7.003e-11
2.0248e-11,2.1429e-11,1.5211e-11
1.6511e-11,1.8507e-11,1.5097e-11
1.3302e-11,2.1015e-11,1.4504e-11
1.287e-11,2.3358e-11,2.3716e-11
1.3966e-11,2.1513e-11,1.6795e-11
1.586e-11,2.0561e-11,1.4549e-11
1.2767e-11,2.1415e-11,1.6348e-11
1.9498e-11,2.3997e-11,1.3406e-11
1.3318e-11,1.7929e-11,1.5421e-11
1.335e-11,2.3814e-11,1.5472e-11
1.1878e-11,3.0062e-11,2.4999e-11
1.8201e-11,2.7145e-11,2.9416e-11
1.597e-11,2.6811e-11,2.3485e-11
8.9088e-11,4.7388e-11,6.9382e-11
8.4037e-11,4.6369e-11,6.5141e-11
6.1024e-11,4.1904e-11,6.5892e-11
4.9909e-11,3.7347e-11,2.7421e-11
3.6186e-11,3.0283e-11,2.5246e-11
6.8836e-11,6.035e-11,2.692e-11
2.6972e-11,3.3669e-11,2.5987e-11
5.2191e-11,7.1188e-11,8.2202e-11
3.0985e-11,3.0641e-11,3.6227e-11
2.4453e-11,4.1339e-11,4.698e-11
1.8571e-11,2.7178e-11,2.426e-11
1.3676e-11,1.8539e-11,1.8165e-11
1.9405e-11,3.3537e-11,2.6388e-11
1.273e-11,1.6917e-11,1.4455e-11
4.2303e-11,4.1545e-11,1.8519e-11
1.2757e-11,1.7243e-11,1.395e-11
1.9979e-11,3.1013e-11,2.3826e-11
1.989e-11,3.4479e-11,3.1211e-11
2.264e-11,2.2866e-11,1.6051e-11
2.0473e-11,2.0214e-11,1.5506e-11
1.4836e-11,2.2021e-11,2.3668e-11
2.3737e-11,2.2869e-11,1.1656e-11
2.2122e-11,2.2705e-11,1.6972e-11
1.4842e-11,1.8603e-11,1.6318e-11
9.4698e-12,2.5137e-11,1.9622e-11
1.4792e-11,2.3487e-11,1.9534e-11
1.0437e-11,7.43e-11,6.1748e-11
1.4757e-11,1.8237e-11,1.3093e-11
7.7828e-11,4.4814e-11,6.1395e-11
7.7771e-11,4.5765e-11,7.2032e-11
8.6577e-11,5.3e-11,5.7713e-11
6.1706e-11,4.1313e-11,5.4147e-11
6.3396e-11,4.6349e-11,8.9136e-11
5.4122e-11,3.6954e-11,4.975e-11
4.5588e-11,3.5986e-11,4.3277e-11
9.1843e-11,6.2503e-11,9.4088e-11
7.1989e-11,5.737e-11,3.44e-11
5.6095e-11,4.2327e-11,7.7773e-11
3.2218e-11,2.8071e-11,3.7383e-11
4.4442e-11,3.978e-11,2.0347e-11
2.6704e-11,3.173e-11,3.1897e-11
6.587e-11,6.6649e-11,2.6865e-11
2.8289e-11,2.4868e-11,2.0479e-11
3.2156e-11,4.5483e-11,5.2754e-11
2.0479e-11,2.4029e-11,1.7744e-11
2.2684e-11,2.3675e-11,1.6414e-11
1.7853e-11,1.9637e-11,1.7617e-11
5.1939e-11,5.1661e-11,1.7582e-11
2.1172e-11,3.1163e-11,2.5868e-11
1.8145e-11,2.6758e-11,2.5365e-11
2.1718e-11,2.9683e-11,2.044e-11
2.1595e-11,2.5646e-11,1.6773e-11
5.4651e-11,5.9218e-11,1.5468e-11
2.6024e-11,2.809e-11,1.2815e-11
1.2292e-11,1.8065e-11,1.5622e-11
1.4894e-11,7.9523e-11,7.076e-11
1.2353e-11,1.904e-11,1.339e-11
1.5778e-11,2.8397e-11,1.7036e-11
4.2513e-11,4.4257e-11,9.3167e-12
1.1692e-11,3.1871e-11,2.5221e-11
3.7421e-11,3.338e-11,8.4055e-12
1.5234e-11,3.1287e-11,2.6043e-11
1.2689e-11,2.1819e-11,1.5895e-11
2.1816e-11,3.4249e-11,3.3651e-11
1.7959e-11,3.838e-11,4.0722e-11
1.1621e-11,1.616e-11,1.2297e-11
1.3267e-11,8.9046e-11,6.9487e-11
1.4606e-11,1.9372e-11,1.3989e-11
1.3412e-11,2.1438e-11,1.8621e-11
1.407e-11,1.8174e-11,1.2745e-11
1.7882e-11,3.21e-11,3.8424e-11
6.0269e-11,4.1663e-11,4.1796e-11
5.1407e-11,4.1753e-11,4.2437e-11
4.9703e-11,3.5627e-11,5.5246e-11
4.9719e-11,3.8217e-11,3.9608e-11
4.1406e-11,3.6172e-11,3.9745e-11
7.5964e-11,6.399e-11,8.8454e-11
6.1252e-11,3.961e-11,7.602e-11
3.6724e-11,4.0219e-11,4.9077e-11
4.6753e-11,3.97e-11,2.6836e-11
4.7476e-11,4.1746e-11,2.0921e-11
3.0365e-11,2.8719e-11,1.8757e-11
3.5751e-11,5.2996e-11,5.7804e-11
3.5008e-11,6.2954e-11,6.5795e-11
2.0755e-11,2.4519e-11,1.6845e-11
2.9045e-11,4.7068e-11,4.0108e-11
3.8929e-11,9.5755e-11,8.6932e-11
2.4051e-11,2.3449e-11,1.5575e-11
2.0105e-11,2.6598e-11,2.6521e-11
4.3069e-11,4.3879e-11,1.527e-11
1.8808e-11,5.6798e-11,6.0628e-11
1.649e-11,3.4166e-11,4.1333e-11
5.7748e-11,6.5401e-11,1.5854e-11
3.6733e-11,4.7814e-11,6.0693e-11
4.4018e-11,5.0724e-11,1.5432e-11
1.7281e-11,3.4332e-11,3.7132e-11
2.1325e-11,8.7185e-11,7.6516e-11
1.429e-11,1.9875e-11,1.7407e-11
1.7308e-11,2.1994e-11,1.8388e-11
3.0433e-11,2.8118e-11,1.3191e-11
1.2544e-11,2.0178e-11,1.7667e-11
1.6271e-11,2.5704e-11,1.8085e-11
1.7156e-11,2.4512e-11,1.5089e-11
7.7854e-11,5.0418e-11,7.349e-11
9.2294e-11,5.933e-11,6.1554e-11
7.319e-11,5.3319e-11,8.0384e-11
6.2341e-11,4.3042e-11,6.5853e-11
6.0298e-11,4.2893e-11,5.3732e-11
7.4452e-11,5.6751e-11,4.5067e-11
5.6316e-11,4.0346e-11,3.5656e-11
7.4423e-11,5.6709e-11,4.465e-11
5.027e-11,3.4565e-11,4.7702e-11
5.2831e-11,4.073e-11,3.2116e-11
5.3496e-11,4.379e-11,5.0017e-11
4.3842e-11,3.4622e-11,3.7683e-11
4.123e-11,4.9049e-11,5.5129e-11
7.3651e-11,9.3072e-11,1.0283e-10
5.0821e-11,5.1537e-11,5.8052e-11
4.6163e-11,3.6446e-11,5.0972e-11
4.8666e-11,4.5596e-11,5.2603e-11
3.3383e-11,3.544e-11,4.3735e-11
5.013e-11,5.7067e-11,5.5163e-11
3.8361e-11,4.5994e-11,4.8873e-11
4.7915e-11,5.9011e-11,5.4759e-11
7.1066e-11,6.5879e-11,2.6852e-11
5.3308e-11,6.9726e-11,6.7516e-11
4.9703e-11,4.4559e-11,2.3032e-11
2.1191e-11,2.3841e-11,2.1102e-11
2.1607e-11,3.1709e-11,2.5679e-11
4.3341e-11,4.1477e-11,1.5781e-11
2.0512e-11,2.2374e-11,1.6852e-11
2.4015e-11,2.9013e-11,2.3386e-11
2.3266e-11,2.139e-11,1.5936e-11
1.387e-11,2.0007e-11,1.8093e-11
3.8245e-11,3.7157e-11,1.6583e-11
2.1545e-11,3.6579e-11,3.82e-11
3.7929e-11,3.9897e-11,1.6925e-11
1.3221e-11,2.254e-11,1.5986e-11
4.5052e-11,4.6668e-11,1.0246e-11
1.6278e-11,2.0298e-11,1.5475e-11
1.4684e-11,5.8412e-11,5.5832e-11
1.1124e-11,9.2571e-11,7.0622e-11
2.4161e-11,3.1349e-11,1.7356e-11
1.6316e-11,3.2347e-11,2.4537e-11
9.1614e-11,5.5456e-11,6.0362e-11
7.6154e-11,4.8385e-11,5.872e-11
7.4481e-11,4.8646e-11,5.9695e-11
6.766e-11,4.9834e-11,6.8601e-11
6.2061e-11,4.3916e-11,5.9495e-11
5.6511e-11,4.5415e-11,5.618e-11
7.4886e-11,5.1254e-11,1.0913e-10
4.9386e-11,3.9869e-11,4.6728e-11
4.7601e-11,5.1743e-11,5.2503e-11
5.1034e-11,3.8401e-11,2.8379e-11
4.1643e-11,3.8515e-11,4.5671e-11
8.3845e-11,7.1955e-11,8.8879e-11
6.3381e-11,5.5506e-11,3.1231e-11
5.8808e-11,4.8524e-11,2.6847e-11
5.0047e-11,3.74e-11,5.7682e-11
2.9225e-11,3.1677e-11,2.5097e-11
3.0448e-11,3.3748e-11,2.845e-11
4.7343e-11,4.4386e-11,1.9428e-11
2.6852e-11,3.0391e-11,2.5123e-11
2.7287e-11,3.1552e-11,2.556e-11
4.484e-11,6.5079e-11,7.2058e-11
5.7397e-11,5.7162e-11,1.9928e-11
1.9348e-11,2.2421e-11,1.8607e-11
4.5817e-11,7.9324e-11,8.0854e-11
1.9226e-11,2.1482e-11,2.0335e-11
1.8793e-11,2.6976e-11,2.0483e-11
1.9441e-11,2.2988e-11,1.4296e-11
1.9345e-11,2.2605e-11,1.4999e-11
5.8522e-11,5.8746e-11,1.8458e-11
3.1781e-11,4.6964e-11,5.6765e-11
1.8873e-11,2.7081e-11,1.895e-11
2.6321e-11,5.642e-11,6.3012e-11
1.8239e-11,2.5609e-11,2.1291e-11
2.6058e-11,2.2962e-11,1.7603e-11
5.9479e-11,6.418e-11,2.1701e-11
2.8467e-11,8.6359e-11,8.5999e-11
2.6003e-11,2.6873e-11,1.5256e-11
2.6726e-11,4.4003e-11,3.4505e-11
2.1266e-11,4.2648e-11,3.307e-11
2.2952e-11,4.3957e-11,3.2865e-11
3.46e-11,3.695e-11,3.6692e-11
1.9363e-11,8.0542e-11,7.5552e-11
2.208e-11,3.0166e-11,1.5873e-11
3.9231e-11,4.2022e-11,1.0774e-11
1.6745e-11,9.7027e-11,8.0427e-11
1.5479e-11,2.3446e-11,2.1318e-11
2.1329e-11,6.1505e-11,6.3593e-11
2.8253e-11,3.2481e-11,1.3914e-11
1.1115e-11,8.7835e-11,6.927e-11
2.0698e-11,3.8101e-11,4.4646e-11
3.3271e-11,4.0259e-11,4.3382e-11
1.6344e-11,3.2275e-11,2.9086e-11
2.3568e-11,3.0186e-11,1.2958e-11
1.764e-11,2.4923e-11,1.7941e-11
1.5461e-11,3.3242e-11,3.4902e-11
1.0457e-11,7.3262e-11,5.5693e-11
1.8982e-11,2.6578e-11,1.5492e-11
1.4769e-11,2.0812e-11,1.5901e-11
1.5544e-11,2.46e-11,2.0928e-11
1.8662e-11,3.2332e-11,2.686e-11
1.4343e-11,2.6026e-11,1.9131e-11
1.624e-11,2.6796e-11,2.125e-11
6.999e-11,4.6237e-11,5.5079e-11
8.2169e-11,5.2284e-11,7.5651e-11
6.9149e-11,4.6829e-11,5.0274e-11
7.4603e-11,6.3638e-11,8.0318e-11
3.2545e-11,3.5529e-11,3.1027e-11
3.2055e-11,3.0194e-11,2.373e-11
6.6735e-11,6.2828e-11,2.8296e-11
5.8799e-11,5.4721e-11,2.3033e-11
3.7934e-11,3.3165e-11,2.2021e-11
3.2016e-11,2.8197e-11,2.6033e-11
4.2572e-11,7.182e-11,7.2685e-11
4.374e-11,6.8779e-11,7.6915e-11
2.5515e-11,2.6407e-11,1.9056e-11
4.754e-11,7.5819e-11,8.1685e-11
3.965e-11,7.1e-11,7.6702e-11
4.2606e-11,4.0994e-11,2.1508e-11
1.9311e-11,2.28e-11,2.0395e-11
4.7394e-11,9.0278e-11,9.0478e-11
1.999e-11,2.5282e-11,1.6554e-11
2.1081e-11,2.492e-11,1.7213e-11
3.2854e-11,4.7861e-11,5.586e-11
2.2182e-11,2.1861e-11,1.7316e-11
3.6447e-11,3.8017e-11,1.2778e-11
2.6431e-11,4.402e-11,3.248e-11
2.8406e-11,4.492e-11,4.1489e-11
2.8296e-11,3.4642e-11,3.2756e-11
2.1566e-11,8.4415e-11,8.0583e-11
1.9247e-11,4.4332e-11,3.3325e-11
2.1463e-11,8.9138e-11,8.1958e-11
1.9483e-11,3.7492e-11,3.5207e-11
1.5176e-11,6.3403e-11,6.0162e-11
1.6193e-11,2.0734e-11,1.8516e-11
1.2752e-11,1.8096e-11,1.4548e-11
2.8226e-11,2.8817e-11,9.786e-12
1.5973e-11,2.0969e-11,1.6292e-11
1.2902e-11,6.1446e-11,5.666e-11
1.5342e-11,3.3456e-11,2.9562e-11
1.9412e-11,2.9258e-11,2.3129e-11
8.5671e-11,5.2508e-11,6.3409e-11
8.5459e-11,5.3948e-11,5.6926e-11
8.1005e-11,5.3033e-11,7.4262e-11
5.9158e-11,4.4105e-11,5.5924e-11
6.078e-11,4.5129e-11,6.1836e-11
6.7064e-11,6.0684e-11,8.5237e-11
5.1668e-11,4.4663e-11,5.2122e-11
4.4674e-11,3.2502e-11,3.9988e-11
5.6305e-11,4.2261e-11,7.7145e-11
4.3743e-11,3.4572e-11,3.1934e-11
4.5171e-11,4.7732e-11,4.7092e-11
7.0686e-11,9.6602e-11,8.696e-11
6.9597e-11,9.9185e-11,9.3043e-11
3.8e-11,4.6913e-11,3.9229e-11
6.3317e-11,9.2851e-11,8.4973e-11
5.6002e-11,9.1586e-11,8.0172e-11
4.323e-11,3.8756e-11,4.2108e-11
2.9043e-11,3.1153e-11,2.1343e-11
2.8074e-11,3.2634e-11,3.1765e-11
5.0866e-11,4.6947e-11,2.1889e-11
2.157e-11,2.8115e-11,1.6217e-11
2.346e-11,2.8333e-11,2.017e-11
2.547e-11,4.2375e-11,4.6633e-11
1.9556e-11,2.6868e-11,2.1928e-11
2.9913e-11,4.368e-11,3.2207e-11
2.0601e-11,5.2267e-11,5.6112e-11
1.6725e-11,3.8423e-11,3.367e-11
3.1756e-11,5.0291e-11,4.7015e-11
1.4773e-11,2.5363e-11,1.9251e-11
1.2321e-11,2.1675e-11,1.5534e-11
2.0303e-11,1.9755e-11,1.7844e-11
1.4646e-11,1.8711e-11,1.7128e-11
1.468e-11,3.4005e-11,2.5357e-11
1.5515e-11,3.0375e-11,2.3723e-11
7.7326e-11,5.8266e-11,8.3852e-11
6.6928e-11,5.0732e-11,6.0741e-11
8.5571e-11,5.3171e-11,5.5575e-11
5.943e-11,3.7637e-11,5.2443e-11
5.2616e-11,6.3996e-11,5.7765e-11
5.9248e-11,5.1935e-11,8.7999e-11
4.5324e-11,3.9968e-11,4.0678e-11
5.0372e-11,4.0454e-11,6.36e-11
7.884e-11,1.0102e-10,8.8948e-11
5.9003e-11,8.3572e-11,7.5582e-11
3.1396e-11,3.7657e-11,2.9759e-11
3.2317e-11,4.083e-11,3.515e-11
2.3186e-11,3.1359e-11,1.8761e-11
2.5948e-11,3.6167e-11,2.7413e-11
3.3997e-11,5.8552e-11,4.7685e-11
2.5336e-11,5.0946e-11,4.9473e-11
3.587e-11,3.6268e-11,1.3405e-11
4.3228e-11,4.5944e-11,1.9817e-11
2.645e-11,9.8505e-11,9.1001e-11
6.6781e-11,7.2885e-11,1.999e-11
2.0623e-11,3.9569e-11,2.8323e-11
1.9168e-11,2.6057e-11,1.693e-11
3.4873e-11,4.2591e-11,3.7891e-11
2.401e-11,2.158e-11,1.7313e-11
1.9307e-11,8.9139e-11,7.7613e-11
1.5369e-11,2.4633e-11,2.0576e-11
5.6916e-11,6.4819e-11,1.0525e-11
1.6176e-11,2.575e-11,1.9107e-11
2.6437e-11,5.1233e-11,5.428e-11
5.9203e-11,6.2991e-11,8.7267e-12
1.4271e-11,1.8676e-11,1.717e-11
1.9479e-11,2.431e-11,1.8335e-11
2.5576e-11,4.0546e-11,3.8709e-11
7.1513e-11,5.5472e-11,6.4451e-11
6.22e-11,5.065e-11,5.5344e-11
8.5352e-11,5.7492e-11,5.2614e-11
6.7979e-11,6.5248e-11,9.4113e-11
6.1123e-11,5.2424e-11,9.4054e-11
4.5866e-11,4.1811e-11,3.1263e-11
4.2054e-11,3.4252e-11,4.4053e-11
6.2968e-11,7.4378e-11,7.2935e-11
7.3838e-11,9.2356e-11,8.3485e-11
3.8595e-11,3.6233e-11,2.69e-11
5.6518e-11,8.0562e-11,7.3089e-11
5.6644e-11,5.1177e-11,1.9988e-11
4.4549e-11,4.0028e-11,2.4164e-11
2.4013e-11,2.6143e-11,2.544e-11
2.7032e-11,2.6377e-11,2.0481e-11
2.8523e-11,4.7249e-11,3.802e-11
2.7373e-11,2.6331e-11,2.1276e-11
2.676e-11,2.6246e-11,2.0808e-11
2.4006e-11,3.457e-11,2.4768e-11
2.1034e-11,2.5192e-11,1.8867e-11
2.7837e-11,5.5581e-11,5.1798e-11
2.6453e-11,2.3102e-11,1.8413e-11
2.6173e-11,3.2129e-11,2.0225e-11
1.6332e-11,2.548e-11,2.1636e-11
5.6656e-11,6.0672e-11,7.7298e-12
3.1368e-11,3.2941e-11,1.0557e-11
3.2963e-11,3.582e-11,1.1998e-11
1.7298e-11,1.1098e-10,8.254e-11
2.0705e-11,2.3941e-11,1.4529e-11
1.4616e-11,1.9188e-11,1.9464e-11
1.7568e-11,3.7378e-11,2.6015e-11
1.5945e-11,1.0763e-10,7.6894e-11
1.6932e-11,3.7191e-11,2.9942e-11
1.2027e-11,8.8803e-11,7.1137e-11
1.9241e-11,2.7345e-11,2.1758e-11
1.4056e-11,6.5911e-11,6.2149e-11
1.6241e-11,2.3744e-11,1.6811e-11
1.4738e-11,2.5002e-11,1.9445e-11
1.6516e-11,4.0188e-11,3.9562e-11
1.9885e-11,4.2531e-11,4.3426e-11
7.679e-11,5.401e-11,5.4247e-11
7.4275e-11,5.5726e-11,7.9343e-11
6.6685e-11,5.1235e-11,4.533e-11
5.54e-11,4.8174e-11,4.5973e-11
5.4973e-11,4.4893e-11,5.2436e-11
6.987e-11,5.2897e-11,4.0023e-11
4.6537e-11,3.9066e-11,4.1398e-11
7.1381e-11,5.7416e-11,8.1301e-11
3.6852e-11,3.5695e-11,3.3854e-11
6.4891e-11,8.3647e-11,7.877e-11
4.0514e-11,3.7555e-11,2.8237e-11
3.0046e-11,3.9269e-11,2.7817e-11
7.1686e-11,6.8101e-11,2.6509e-11
5.0082e-11,7.7429e-11,7.878e-11
3.487e-11,3.9684e-11,3.4056e-11
6.2946e-11,5.7764e-11,2.4026e-11
2.2988e-11,3.1774e-11,2.4888e-11
2.7155e-11,2.7836e-11,2.0026e-11
2.5278e-11,3.9729e-11,2.5508e-11
2.4157e-11,3.5643e-11,2.5455e-11
3.1409e-11,3.1488e-11,2.4811e-11
2.1022e-11,2.7663e-11,2.2452e-11
2.7996e-11,2.8621e-11,1.9899e-11
2.3008e-11,3.0491e-11,1.7091e-11
6.9574e-11,7.0415e-11,2.118e-11
2.3341e-11,3.1577e-11,1.738e-11
2.0746e-11,2.425e-11,2.0305e-11
2.8395e-11,1.047e-10,9.2975e-11
3.5581e-11,3.7007e-11,1.5934e-11
1.5096e-11,2.4519e-11,2.142e-11
4.4648e-11,4.9679e-11,1.5712e-11
2.4114e-11,7.1392e-11,7.7498e-11
4.2778e-11,4.3593e-11,1.543e-11
5.1771e-11,5.9556e-11,1.3403e-11
1.3798e-11,2.6564e-11,2.0749e-11
1.6564e-11,2.281e-11,2.1243e-11
1.9922e-11,3.5658e-11,2.822e-11
2.15e-11,3.9971e-11,2.9937e-11
1.5523e-11,2.3951e-11,1.3872e-11
1.8566e-11,3.0742e-11,2.1716e-11
1.8676e-11,2.1731e-11,1.3508e-11
1.7273e-11,2.4453e-11,1.7159e-11
1.3281e-11,2.416e-11,1.8794e-11
7.6679e-11,5.2913e-11,5.0128e-11
6.2728e-11,5.0972e-11,5.6211e-11
5.6556e-11,4.8331e-11,5.5792e-11
4.9109e-11,4.431e-11,4.8456e-11
6.1862e-11,5.9661e-11,9.4047e-11
7.0681e-11,5.5893e-11,8.6149e-11
4.3085e-11,3.841e-11,4.0217e-11
3.8595e-11,3.2606e-11,3.6154e-11
7.2389e-11,9.2392e-11,8.4432e-11
6.51e-11,6.2959e-11,2.5141e-11
3.43e-11,3.1684e-11,2.098e-11
4.4513e-11,7.5273e-11,7.8819e-11
4.1983e-11,7.1001e-11,7.7394e-11
2.0798e-11,2.4041e-11,1.9288e-11
2.9457e-11,2.7933e-11,1.9641e-11
3.1636e-11,3.1885e-11,2.4682e-11
2.2602e-11,3.3178e-11,2.1862e-11
1.9145e-11,2.2981e-11,1.787e-11
2.8812e-11,8.3394e-11,8.716e-11
2.1194e-11,2.8094e-11,1.798e-11
2.6771e-11,2.8988e-11,2.1428e-11
4.904e-11,5.5471e-11,1.8107e-11
1.7763e-11,2.3406e-11,2.2893e-11
1.5508e-11,3.0183e-11,2.0978e-11
1.7049e-11,2.6269e-11,1.569e-11
1.3365e-11,1.8837e-11,1.5218e-11
2.0479e-11,2.4003e-11,1.9066e-11
2.0399e-11,2.7648e-11,1.8155e-11
2.1048e-11,2.3967e-11,1.6147e-11
1.5381e-11,2.7185e-11,2.1474e-11
5.5303e-11,5.1351e-11,4.8991e-11
7.8379e-11,5.6222e-11,4.6955e-11
5.8698e-11,4.4833e-11,5.1851e-11
6.0004e-11,4.8838e-11,3.9507e-11
6.4574e-11,5.6891e-11,3.5644e-11
3.001e-11,3.2665e-11,2.3128e-11
3.4909e-11,4.2273e-11,3.2403e-11
5.0623e-11,9.3549e-11,8.2225e-11
2.7504e-11,4.1651e-11,2.0397e-11
3.1935e-11,3.8313e-11,3.5358e-11
3.582e-11,7.2663e-11,6.524e-11
3.6945e-11,6.3886e-11,5.552e-11
6.0829e-11,6.32e-11,2.1646e-11
2.1089e-11,2.6759e-11,2.0804e-11
6.4235e-11,6.7881e-11,2.0524e-11
3.9499e-11,4.0215e-11,2.0287e-11
2.1675e-11,2.7202e-11,1.819e-11
6.7951e-11,7.955e-11,1.2023e-11
1.7536e-11,2.3595e-11,2.1725e-11
4.594e-11,5.153e-11,1.574e-11
1.6321e-11,2.3032e-11,2.3318e-11
1.8972e-11,3.751e-11,2.9307e-11
1.849e-11,4.376e-11,3.1326e-11
2.0607e-11,4.2343e-11,3.3944e-11
2.5557e-11,3.108e-11,1.439e-11
1.6287e-11,1.9767e-11,1.7422e-11
2.6571e-11,6.436e-11,5.8469e-11
2.1017e-11,2.6788e-11,1.6306e-11
7.9207e-11,5.9437e-11,5.4613e-11
6.2895e-11,4.4822e-11,5.4746e-11
6.3808e-11,5.615e-11,8.8098e-11
6.113e-11,5.4967e-11,8.0886e-11
6.2619e-11,5.469e-11,3.8638e-11
5.312e-11,4.8615e-11,3.2623e-11
4.7765e-11,3.9861e-11,3.4348e-11
3.325e-11,3.5169e-11,2.6743e-11
4.5408e-11,7.65e-11,6.6129e-11
3.7805e-11,3.6379e-11,2.1929e-11
2.7833e-11,3.4975e-11,1.8445e-11
3.2515e-11,3.795e-11,3.9863e-11
6.086e-11,6.9609e-11,1.9464e-11
2.0339e-11,2.4333e-11,1.976e-11
2.8361e-11,5.8005e-11,6.2444e-11
5.3992e-11,5.8135e-11,1.657e-11
2.1946e-11,3.4418e-11,2.5667e-11
2.0096e-11,2.8027e-11,2.2885e-11
2.9861e-11,3.3553e-11,2.2817e-11
2.8704e-11,5.6267e-11,5.3858e-11
2.2442e-11,4.97e-11,3.7394e-11
6.8434e-11,8.2179e-11,1.8276e-11
2.0935e-11,3.238e-11,2.1503e-11
2.844e-11,3.044e-11,2.1885e-11
2.3444e-11,2.7054e-11,1.7756e-11
2.2272e-11,2.6063e-11,1.5992e-11
4.3818e-11,4.2803e-11,1.4456e-11
2.183e-11,7.6911e-11,7.1176e-11
1.9094e-11,2.6416e-11,2.903e-11
2.0762e-11,9.4264e-11,7.8236e-11
1.4245e-11,3.3544e-11,2.351e-11
2.1392e-11,8.6006e-11,8.1694e-11
4.1918e-11,4.5604e-11,1.3261e-11
1.561e-11,2.0799e-11,2.0288e-11
2.3217e-11,5.0275e-11,4.4975e-11
8.0523e-11,7.5797e-11,8.6897e-11
5.8645e-11,5.0569e-11,5.1304e-11
7.0997e-11,6.0147e-11,4.2029e-11
5.2638e-11,4.6546e-11,4.5703e-11
4.8187e-11,3.8338e-11,4.2061e-11
5.7729e-11,5.1384e-11,7e-11
4.3771e-11,3.9142e-11,3.2837e-11
3.3373e-11,3.2807e-11,2.8234e-11
3.5422e-11,4.3108e-11,2.7315e-11
4.8636e-11,8.0742e-11,7.0766e-11
4.2288e-11,6.9353e-11,6.3478e-11
2.3488e-11,2.7292e-11,2.4212e-11
2.1937e-11,3.1755e-11,2.5056e-11
2.5583e-11,2.7958e-11,1.8668e-11
2.7402e-11,4.7445e-11,3.9146e-11
2.5868e-11,5.8721e-11,5.0154e-11
3.816e-11,4.1373e-11,1.8617e-11
2.9891e-11,5.2854e-11,3.718e-11
6.8697e-11,7.8269e-11,1.2038e-11
1.8442e-11,2.3101e-11,1.6278e-11
1.935e-11,2.7772e-11,1.8074e-11
1.8879e-11,4.0337e-11,2.9054e-11
1.6611e-11,2.9307e-11,2.3255e-11
1.8663e-11,5.1905e-11,4.5416e-11
6.7471e-11,5.6945e-11,5.6419e-11
6.51e-11,5.2588e-11,5.4843e-11
6.6774e-11,4.7387e-11,5.6066e-11
6.1802e-11,5.6376e-11,6.3622e-11
7.0653e-11,7.6493e-11,7.1694e-11
5.9734e-11,4.9734e-11,3.7333e-11
6.4149e-11,7.5772e-11,6.8927e-11
5.586e-11,5.1176e-11,2.7294e-11
4.0348e-11,5.3683e-11,3.7061e-11
2.15e-11,3.0109e-11,2.3036e-11
2.3393e-11,3.2101e-11,2.1936e-11
2.934e-11,6.503e-11,5.9398e-11
5.0847e-11,5.1726e-11,2.3487e-11
2.2362e-11,3.0112e-11,2.2618e-11
3.9671e-11,4.6488e-11,1.6616e-11
2.1803e-11,2.7621e-11,1.769e-11
2.3379e-11,3.3144e-11,1.9513e-11
1.6094e-11,2.2835e-11,2.0599e-11
1.6435e-11,2.5372e-11,2.4633e-11
1.4531e-11,3.4e-11,2.5524e-11
7.4044e-11,5.7416e-11,5.3093e-11
6.6045e-11,4.5197e-11,5.8679e-11
7.3978e-11,5.5197e-11,6.8077e-11
5.8605e-11,5.2099e-11,4.6696e-11
5.5783e-11,5.3471e-11,4.2742e-11
5.8727e-11,5.0221e-11,4.566e-11
3.5939e-11,4.0522e-11,3.113e-11
3.7373e-11,3.9365e-11,3.2116e-11
5.6295e-11,5.2859e-11,3.3857e-11
4.9685e-11,9.8151e-11,8.0662e-11
4.0875e-11,4.1256e-11,3.1442e-11
4.67e-11,8.557e-11,8.1484e-11
6.7367e-11,7.1605e-11,2.3066e-11
3.8244e-11,3.8649e-11,2.6995e-11
3.6598e-11,7.1669e-11,7.0957e-11
3.1689e-11,6.5219e-11,5.9045e-11
4.9906e-11,5.1172e-11,2.1759e-11
7.8662e-11,8.8953e-11,1.6884e-11
2.1031e-11,4.3459e-11,3.1367e-11
1.9436e-11,4.0299e-11,2.9825e-11
1.8304e-11,4.2968e-11,2.8653e-11
3.0489e-11,5.1427e-11,3.7194e-11
2.9133e-11,6.6655e-11,6.6499e-11
1.8952e-11,2.2864e-11,1.8383e-11
1.7309e-11,2.8111e-11,2.205e-11
2.296e-11,5.7692e-11,5.142e-11
2.1453e-11,3.3996e-11,2.1043e-11
2.2168e-11,5.9974e-11,5.893e-11
4.1424e-11,5.5598e-11,2.025e-11
1.8045e-11,2.2342e-11,1.8827e-11
1.6994e-11,2.1828e-11,1.9245e-11
6.7316e-11,5.9298e-11,6.1754e-11
4.9175e-11,4.5564e-11,4.1576e-11
4.9027e-11,4.7154e-11,3.4801e-11
5.6139e-11,5.041e-11,2.997e-11
4.636e-11,4.6906e-11,5.0199e-11
3.6693e-11,3.7578e-11,2.3388e-11
2.9221e-11,3.5767e-11,2.8481e-11
4.5584e-11,7.2619e-11,6.7853e-11
5.4895e-11,1.0785e-10,8.995e-11
4.9998e-11,9.9249e-11,8.3049e-11
2.6316e-11,4.2266e-11,2.8688e-11
4.3422e-11,7.8081e-11,8.1085e-11
3.7923e-11,3.4563e-11,2.6424e-11
5.5463e-11,5.6352e-11,2.1935e-11
6.4396e-11,6.8614e-11,2.3519e-11
2.2396e-11,3.7655e-11,2.5196e-11
2.0799e-11,4.2591e-11,2.9684e-11
7.1312e-11,8.0771e-11,1.3877e-11
5.102e-11,5.3898e-11,1.762e-11
2.1421e-11,4.7006e-11,3.0353e-11
1.6058e-11,2.5352e-11,2.445e-11
2.0085e-11,2.4235e-11,1.8759e-11
1.644e-11,2.4981e-11,2.4761e-11
1.9149e-11,5.0981e-11,4.1341e-11
2.7162e-11,7.9572e-11,7.3492e-11
7.4924e-11,5.3036e-11,6.8036e-11
6.3605e-11,6.0198e-11,5.127e-11
7.545e-11,6.2086e-11,4.7446e-11
7.086e-11,5.9169e-11,4.6529e-11
6.2234e-11,6.0588e-11,7.1363e-11
4.3553e-11,4.4395e-11,3.223e-11
5.3476e-11,5.0683e-11,3.095e-11
3.1279e-11,3.5133e-11,2.8466e-11
5.0107e-11,5.0027e-11,5.7677e-11
2.9314e-11,3.118e-11,2.5294e-11
4.4249e-11,6.5874e-11,6.2855e-11
5.411e-11,5.4081e-11,2.5365e-11
4.3685e-11,6.9777e-11,6.5024e-11
5.058e-11,5.1303e-11,2.7055e-11
5.7101e-11,5.8226e-11,2.1516e-11
4.273e-11,7.9775e-11,6.1775e-11
4.9458e-11,5.1994e-11,2.2974e-11
4.0491e-11,4.2257e-11,2.9144e-11
3.3387e-11,3.3755e-11,2.3098e-11
2.5552e-11,3.6852e-11,2.8422e-11
2.0169e-11,3.2621e-11,2.6078e-11
3.0824e-11,6.5923e-11,5.708e-11
7.7016e-11,8.6017e-11,2.0523e-11
2.6117e-11,2.8883e-11,1.9222e-11
2.7017e-11,3.0071e-11,2.059e-11
3.1088e-11,2.9296e-11,2.3707e-11
2.8457e-11,6.7767e-11,6.7417e-11
2.9001e-11,2.8186e-11,2.073e-11
2.8887e-11,2.6916e-11,2.0459e-11
2.1336e-11,3.6084e-11,2.4377e-11
2.091e-11,5.4637e-11,4.2639e-11
1.7748e-11,3.5957e-11,2.7313e-11
4.4841e-11,5.1041e-11,1.5754e-11
2.3758e-11,2.657e-11,1.8152e-11
1.7791e-11,2.3485e-11,2.0859e-11
2.2813e-11,6.248e-11,5.715e-11
1.5408e-11,2.6641e-11,2.406e-11
3.9748e-11,5.8429e-11,2.0686e-11
1.773e-11,2.3154e-11,1.5995e-11
1.8135e-11,5.1484e-11,4.0775e-11
2.0626e-11,3.4834e-11,2.7222e-11
1.6308e-11,2.2814e-11,2.0432e-11
2.0148e-11,5.7758e-11,5.2654e-11
1.7703e-11,2.1903e-11,1.8851e-11
7.3209e-11,5.8609e-11,6.7828e-11
6.5862e-11,5.1705e-11,5.4104e-11
6.1079e-11,5.6778e-11,4.9488e-11
5.523e-11,5.0503e-11,4.1955e-11
6.8236e-11,7.8328e-11,7.3839e-11
5.1859e-11,4.7944e-11,3.8301e-11
6.4593e-11,7.0377e-11,6.1465e-11
5.9289e-11,5.9864e-11,6.9631e-11
3.7329e-11,4.495e-11,3.5159e-11
3.7435e-11,3.9669e-11,3.2528e-11
5.9451e-11,6.2661e-11,5.4091e-11
6.1055e-11,5.6402e-11,3.4079e-11
5.8719e-11,5.5403e-11,3.3186e-11
5.6933e-11,9.6392e-11,8.5052e-11
4.7273e-11,7.4776e-11,7.08e-11
5.3865e-11,5.429e-11,2.6255e-11
4.4326e-11,8.4137e-11,6.5997e-11
3.9114e-11,3.5086e-11,2.6895e-11
2.8448e-11,3.4367e-11,2.1982e-11
3.5624e-11,5.7414e-11,4.4345e-11
2.6203e-11,4.0165e-11,3.3511e-11
7.0957e-11,8.083e-11,2.2483e-11
2.9009e-11,3.4898e-11,2.1074e-11
2.3222e-11,3.1281e-11,2.2765e-11
2.5625e-11,5.2614e-11,3.478e-11
7.4698e-11,8.4122e-11,1.6629e-11
2.1988e-11,5.8178e-11,4.5055e-11
2.6586e-11,3.6319e-11,2.1416e-11
2.9281e-11,7.6141e-11,7.3651e-11
2.4834e-11,5.488e-11,3.9631e-11
2.725e-11,7.4143e-11,7.0242e-11
1.8501e-11,2.4226e-11,1.6797e-11
7.0203e-11,6.0811e-11,4.5896e-11
6.6931e-11,5.938e-11,3.9843e-11
5.0429e-11,4.8703e-11,3.4323e-11
5.9384e-11,5.658e-11,3.4072e-11
4.2231e-11,5.7176e-11,3.7031e-11
3.3908e-11,4.4504e-11,2.3623e-11
2.7752e-11,3.2514e-11,2.1788e-11
2.3981e-11,3.3341e-11,2.5005e-11
4.7313e-11,5.553e-11,2.7676e-11
2.9304e-11,3.7465e-11,2.1236e-11
7.1755e-11,7.4371e-11,1.5735e-11
5.5154e-11,6.1017e-11,1.7686e-11
2.7696e-11,3.4571e-11,1.9887e-11
4.8609e-11,6.3617e-11,2.3795e-11
1.9577e-11,2.6846e-11,2.3907e-11
2.0532e-11,4.4769e-11,3.7797e-11
7.7201e-11,6.269e-11,7.2886e-11
5.9007e-11,5.5951e-11,4.5132e-11
5.0335e-11,4.7821e-11,3.68e-11
4.1284e-11,4.6895e-11,3.7446e-11
3.611e-11,3.7833e-11,3.1221e-11
4.4834e-11,6.278e-11,4.2825e-11
5.1508e-11,4.9241e-11,3.5205e-11
3.0605e-11,4.1604e-11,3.3257e-11
3.4036e-11,4.9614e-11,3.3199e-11
6.3405e-11,6.4398e-11,2.8174e-11
6.4362e-11,6.7475e-11,2.5345e-11
6.341e-11,6.8054e-11,2.334e-11
3.5496e-11,4.7965e-11,4.319e-11
5.6066e-11,6.3746e-11,2.7478e-11
3.0806e-11,4.6737e-11,4.0673e-11
3.131e-11,5.8928e-11,4.8833e-11
2.6997e-11,4.9902e-11,4.1396e-11
2.2331e-11,3.6119e-11,2.6354e-11
2.2328e-11,3.4589e-11,2.5705e-11
2.0743e-11,3.4664e-11,2.7189e-11
6.3255e-11,6.2371e-11,2.357e-11
2.2646e-11,2.8103e-11,2.3128e-11
2.0695e-11,4.7104e-11,3.4111e-11
2.9244e-11,6.9999e-11,6.4861e-11
3.1361e-11,3.226e-11,2.2436e-11
2.7442e-11,3.9037e-11,2.1559e-11
5.6062e-11,6.0662e-11,1.8266e-11
4.7728e-11,6.3931e-11,2.2936e-11
2.5555e-11,6.7546e-11,5.9854e-11
4.9996e-11,7.1085e-11,2.1862e-11
1.9511e-11,2.4566e-11,1.8395e-11
2.1973e-11,3.3407e-11,2.1862e-11
2.6592e-11,6.9406e-11,6.3148e-11
6.2144e-11,5.403e-11,5.6904e-11
8.104e-11,9.3482e-11,7.1706e-11
6.0658e-11,5.872e-11,4.2958e-11
6.7759e-11,6.6312e-11,7.5793e-11
5.2662e-11,5.01e-11,3.4077e-11
4.0079e-11,5.677e-11,3.8422e-11
6.0775e-11,7.2592e-11,8.397e-11
4.4474e-11,6.2351e-11,4.2448e-11
5.6387e-11,9.6995e-11,8.958e-11
5.093e-11,9.2987e-11,7.7093e-11
4.2829e-11,3.8661e-11,3.322e-11
3.2166e-11,5.0498e-11,4.613e-11
4.4805e-11,5.094e-11,2.9483e-11
2.4441e-11,3.8564e-11,2.879e-11
7.921e-11,8.1612e-11,1.8558e-11
3.1035e-11,4.2202e-11,2.8067e-11
2.6883e-11,3.6729e-11,2.0322e-11
7.3293e-11,6.9912e-11,1.8764e-11
4.3247e-11,6.1759e-11,2.1095e-11
4.7556e-11,6.7486e-11,2.3077e-11
2.0919e-11,2.6879e-11,1.9497e-11
2.5791e-11,4.0703e-11,2.1735e-11
2.5312e-11,5.7978e-11,4.6802e-11
2.1606e-11,4.5135e-11,3.6611e-11
6.2818e-11,5.6103e-11,4.8053e-11
4.3533e-11,6.5712e-11,4.1682e-11
5.0885e-11,6.1302e-11,6.4658e-11
4.904e-11,4.3568e-11,3.05e-11
4.0379e-11,4.0128e-11,2.4362e-11
3.3261e-11,4.6382e-11,3.9662e-11
4.4974e-11,4.0615e-11,3.2382e-11
3.0733e-11,4.5568e-11,3.755e-11
5.827e-11,6.7323e-11,2.527e-11
4.9008e-11,5.4308e-11,3.3599e-11
3.64e-11,3.5426e-11,2.5241e-11
2.2338e-11,3.5285e-11,2.848e-11
7.2391e-11,7.074e-11,2.3659e-11
2.1595e-11,3.0161e-11,2.5651e-11
3.5267e-11,3.6757e-11,2.6166e-11
3.0243e-11,7.4786e-11,6.9485e-11
2.6195e-11,7.0166e-11,6.1034e-11
6.7201e-11,6.0763e-11,5.9217e-11
7.2025e-11,8.1693e-11,6.3957e-11
7.1579e-11,6.9794e-11,8.3774e-11
5.2384e-11,5.306e-11,3.4901e-11
6.5063e-11,6.8482e-11,8.0617e-11
4.2976e-11,4.7103e-11,2.5621e-11
3.2437e-11,4.7721e-11,3.5048e-11
4.3813e-11,6.2968e-11,4.3085e-11
2.9753e-11,4.5737e-11,3.288e-11
5.994e-11,7.3718e-11,8.1779e-11
3.7173e-11,6.0102e-11,3.8684e-11
5.1711e-11,4.5016e-11,3.4617e-11
5.1661e-11,4.3105e-11,3.3598e-11
2.829e-11,4.8816e-11,3.3912e-11
3.9043e-11,7.3577e-11,5.8503e-11
2.8961e-11,3.3674e-11,2.644e-11
2.7717e-11,3.9231e-11,2.8776e-11
5.1324e-11,5.3939e-11,3.558e-11
2.7147e-11,4.6276e-11,3.8783e-11
3.597e-11,8.6789e-11,6.2144e-11
3.6027e-11,8.4673e-11,6.6534e-11
3.3019e-11,4.0979e-11,2.6128e-11
3.6938e-11,8.1943e-11,6.6649e-11
6.9206e-11,7.2845e-11,2.5848e-11
2.3473e-11,3.6793e-11,2.8904e-11
3.5042e-11,4.0298e-11,2.4276e-11
3.7045e-11,3.7548e-11,2.8233e-11
2.6579e-11,7.0064e-11,5.8781e-11
2.2948e-11,5.1704e-11,4.0114e-11
3.0166e-11,4.0138e-11,2.2874e-11
2.7293e-11,6.4874e-11,5.4101e-11
2.882e-11,7.375e-11,6.4527e-11
2.8629e-11,7.1036e-11,6.1987e-11
2.5156e-11,5.3481e-11,4.273e-11
7.017e-11,6.1272e-11,6.3823e-11
6.0309e-11,5.4861e-11,5.4974e-11
7.7982e-11,8.4903e-11,6.7445e-11
6.7814e-11,7.5823e-11,5.9939e-11
5.7955e-11,5.7211e-11,3.924e-11
5.8961e-11,8.3133e-11,5.241e-11
6.7985e-11,8.0839e-11,6.0647e-11
6.1722e-11,6.9873e-11,5.8428e-11
6.4508e-11,7.0341e-11,6.3764e-11
4.4798e-11,6.8137e-11,4.3129e-11
4.196e-11,6.7241e-11,4.0773e-11
5.5896e-11,6.0681e-11,3.3082e-11
2.7223e-11,4.8018e-11,3.3179e-11
6.5945e-11,7.454e-11,3.049e-11
2.4999e-11,4.1298e-11,3.0195e-11
6.8651e-11,7.3249e-11,2.8012e-11
2.465e-11,5.1111e-11,3.8386e-11
5.715e-11,7.2944e-11,2.8743e-11
5.4073e-11,7.1739e-11,2.6965e-11
2.4744e-11,3.5102e-11,2.9081e-11
7.1376e-11,7.4919e-11,2.4195e-11
2.5152e-11,3.1189e-11,2.5666e-11
3.4814e-11,4.2058e-11,2.9853e-11
8.0176e-11,8.0395e-11,2.2885e-11
2.4083e-11,5.2275e-11,4.1504e-11
2.3481e-11,2.8853e-11,2.4045e-11
2.2482e-11,3.2236e-11,2.9186e-11
2.5601e-11,5.0405e-11,4.0801e-11
6.8349e-11,6.539e-11,5.2743e-11
6.6141e-11,6.5117e-11,5.2051e-11
4.7386e-11,4.9913e-11,4.0574e-11
5.3265e-11,5.6967e-11,3.5376e-11
6.45e-11,7.5446e-11,9.1909e-11
5.2294e-11,4.373e-11,3.4534e-11
2.894e-11,3.9617e-11,3.1516e-11
3.2814e-11,3.9243e-11,2.8943e-11
3.6906e-11,7.6356e-11,5.7733e-11
5.7618e-11,7.2973e-11,3.1044e-11
3.7481e-11,8.5486e-11,6.0773e-11
2.6898e-11,4.1349e-11,3.2248e-11
2.7565e-11,3.5573e-11,2.9651e-11
2.6629e-11,3.7182e-11,3.0411e-11
3.3145e-11,8.1486e-11,6.286e-11
3.1395e-11,3.479e-11,2.4512e-11
2.9891e-11,3.5801e-11,2.6278e-11
7.6816e-11,7.8877e-11,2.503e-11
2.5775e-11,3.577e-11,2.9538e-11
3.4157e-11,7.45e-11,5.8575e-11
4.497e-11,5.1524e-11,2.8176e-11
2.3599e-11,4.2248e-11,3.438e-11
2.4001e-11,4.9697e-11,3.9798e-11
4.2042e-11,6.0785e-11,2.4042e-11
3.4221e-11,4.1105e-11,2.9439e-11
5.9636e-11,5.8846e-11,4.6386e-11
6.9211e-11,8.6004e-11,5.8691e-11
7.5943e-11,7.4629e-11,8.1263e-11
5.8982e-11,5.6781e-11,4.1162e-11
5.0591e-11,5.2991e-11,3.3073e-11
6.1059e-11,7.9202e-11,5.6436e-11
3.6172e-11,4.6159e-11,3.1081e-11
4.3307e-11,4.806e-11,2.9149e-11
6.2217e-11,5.8611e-11,4.0442e-11
4.8779e-11,4.6779e-11,3.1777e-11
3.1507e-11,5.1819e-11,3.669e-11
5.4764e-11,4.4965e-11,3.823e-11
6.4345e-11,7.1247e-11,3.6172e-11
5.8257e-11,6.8863e-11,3.4612e-11
3.9577e-11,7.4715e-11,5.8849e-11
3.8018e-11,4.1423e-11,2.6176e-11
3.8174e-11,8.9118e-11,6.5276e-11
2.7347e-11,4.0515e-11,3.3207e-11
3.9529e-11,4.6712e-11,3.0322e-11
2.6592e-11,4.0255e-11,3.2151e-11
8.0607e-11,8.2337e-11,2.5522e-11
5.0805e-11,6.7371e-11,2.706e-11
3.3959e-11,4.6319e-11,2.4848e-11
2.4536e-11,3.2442e-11,2.5459e-11
2.4092e-11,3.1783e-11,2.4381e-11
3.289e-11,7.9618e-11,6.6917e-11
4.4429e-11,6.1267e-11,2.6886e-11
6.799e-11,5.7102e-11,6.2899e-11
5.9772e-11,6.0805e-11,4.5277e-11
4.8434e-11,6.9197e-11,4.9568e-11
4.9974e-11,7.4435e-11,4.9167e-11
5.8301e-11,5.53e-11,4.0989e-11
4.5028e-11,6.467e-11,4.9586e-11
6.4178e-11,6.7251e-11,3.7647e-11
6.3748e-11,7.7826e-11,3.6457e-11
3.8097e-11,4.3473e-11,2.5514e-11
4.4411e-11,4.7747e-11,3.2605e-11
2.9246e-11,3.8441e-11,3.1064e-11
2.8665e-11,3.6343e-11,2.5272e-11
2.6316e-11,3.6234e-11,3.1139e-11
3.1079e-11,7.3021e-11,5.6033e-11
2.7411e-11,3.9141e-11,3.435e-11
3.1166e-11,6.7892e-11,5.6774e-11
2.8246e-11,3.5818e-11,2.4209e-11
3.158e-11,5.2289e-11,4.2823e-11
6.2859e-11,6.8818e-11,6.0659e-11
6.1419e-11,8.7522e-11,5.6056e-11
3.9319e-11,4.8744e-11,3.6277e-11
3.5163e-11,4.7052e-11,3.5487e-11
6.0376e-11,5.045e-11,4.155e-11
5.912e-11,4.8299e-11,4.0751e-11
3.8829e-11,4.6419e-11,2.9325e-11
3.0196e-11,4.0609e-11,3.404e-11
3.2964e-11,3.6855e-11,2.7894e-11
3.2837e-11,4.1062e-11,2.8283e-11
2.7407e-11,3.7839e-11,3.4606e-11
4.9871e-11,6.3637e-11,3.1319e-11
3.5463e-11,8.2166e-11,6.7906e-11
5.4662e-11,7.0048e-11,2.9328e-11
2.7844e-11,3.5895e-11,2.8479e-11
3.5687e-11,4.9165e-11,2.8574e-11
3.5149e-11,4.8915e-11,2.7934e-11
5.9669e-11,6.4375e-11,4.1855e-11
5.2131e-11,5.7542e-11,4.0591e-11
4.8657e-11,6.0149e-11,4.9322e-11
5.2419e-11,8.1667e-11,5.1012e-11
4.5283e-11,5.1548e-11,3.2982e-11
5.3013e-11,6.4127e-11,5.9281e-11
4.2735e-11,6.5697e-11,4.5244e-11
5.1648e-11,5.1996e-11,3.4373e-11
4.4077e-11,6.6061e-11,5.984e-11
4.8478e-11,5.4427e-11,3.1382e-11
4.3126e-11,8.6413e-11,6.7443e-11
3.664e-11,8.0853e-11,6.0716e-11
3.7277e-11,8.1543e-11,6.2665e-11
2.8255e-11,3.8591e-11,3.3739e-11
3.3952e-11,7.4943e-11,5.9069e-11
4.9761e-11,6.602e-11,3.1071e-11
4.8691e-11,6.3352e-11,3.2245e-11
2.9785e-11,3.7193e-11,2.9453e-11
6.0275e-11,6.4095e-11,5.5931e-11
6.4152e-11,8.1256e-11,6.3068e-11
4.6477e-11,6.097e-11,4.8674e-11
4.5378e-11,5.2248e-11,3.5501e-11
3.5547e-11,6.237e-11,4.4685e-11
4.9574e-11,6.7291e-11,6.329e-11
6.6221e-11,5.4862e-11,4.5391e-11
7.108e-11,7.5843e-11,4.3176e-11
3.945e-11,6.2787e-11,5.3642e-11
4.3704e-11,4.9116e-11,3.1847e-11
6.1778e-11,4.9914e-11,3.9091e-11
4.0886e-11,4.5702e-11,2.9332e-11
3.4959e-11,6.1408e-11,5.0373e-11
3.4372e-11,5.2125e-11,4.2387e-11
4.2186e-11,5.3445e-11,3.1293e-11
3.2645e-11,6.232e-11,5.1836e-11
5.1316e-11,5.5732e-11,3.3542e-11
4.1649e-11,4.6702e-11,3.2573e-11
5.0571e-11,6.3234e-11,3.2922e-11
3.5798e-11,4.4559e-11,2.6413e-11
6.0392e-11,6.8691e-11,5.2162e-11
5.7819e-11,7.7572e-11,5.75e-11
5.8576e-11,6.4804e-11,4.0958e-11
4.565e-11,6.4723e-11,4.8245e-11
4.6874e-11,5.6821e-11,3.8572e-11
4.9617e-11,7.1043e-11,5.0203e-11
5.4653e-11,6.8505e-11,6.1386e-11
7.3678e-11,7.2886e-11,4.8258e-11
4.0034e-11,6.5434e-11,4.8378e-11
7.5714e-11,7.878e-11,4.7512e-11
7.2732e-11,7.4296e-11,4.753e-11
3.1393e-11,4.258e-11,3.6191e-11
3.5803e-11,4.2426e-11,2.7332e-11
4.7948e-11,5.3994e-11,3.44e-11
4.2492e-11,5.6056e-11,3.1021e-11
3.2876e-11,4.1997e-11,3.2488e-11
6.6045e-11,6.8888e-11,5.8771e-11
6.5579e-11,6.7699e-11,5.4869e-11
6.3375e-11,6.732e-11,4.1844e-11
5.2745e-11,6.4624e-11,4.6032e-11
4.5552e-11,6.2083e-11,4.5151e-11
4.6949e-11,6.7212e-11,4.9675e-11
4.2519e-11,6.123e-11,4.8364e-11
4.4636e-11,6.8342e-11,5.8845e-11
4.5633e-11,5.0012e-11,3.6246e-11
4.0322e-11,4.6232e-11,3.5012e-11
4.571e-11,5.2894e-11,3.2666e-11
4.9923e-11,5.9699e-11,3.7389e-11
3.5429e-11,4.8644e-11,4.2944e-11
3.6628e-11,6.473e-11,5.4177e-11
3.2999e-11,4.9808e-11,4.3956e-11
3.5391e-11,4.7123e-11,3.8648e-11
5.5734e-11,6.6732e-11,3.3204e-11
4.29e-11,5.8104e-11,3.0706e-11
3.7458e-11,4.3872e-11,3.0509e-11
4.3567e-11,6.0672e-11,3.6193e-11
3.5937e-11,4.223e-11,2.8144e-11
6.4577e-11,7.0858e-11,5.7798e-11
4.6079e-11,6.8349e-11,5.0401e-11
4.031e-11,6.5412e-11,4.8692e-11
3.9408e-11,6.005e-11,4.7013e-11
4.7064e-11,5.3917e-11,3.7222e-11
4.1531e-11,4.8995e-11,3.8312e-11
4.5053e-11,4.9946e-11,3.5486e-11
7.2763e-11,7.3344e-11,4.6297e-11
6.2932e-11,6.1159e-11,4.2607e-11
5.3319e-11,6.126e-11,4.1263e-11
3.7607e-11,6.7783e-11,5.6988e-11
4.6342e-11,5.9469e-11,4.0463e-11
5.6446e-11,6.3368e-11,3.5254e-11
4.5259e-11,6.4146e-11,3.2834e-11
3.2529e-11,4.9656e-11,4.324e-11
3.2341e-11,4.391e-11,3.6571e-11
6.1104e-11,7.1235e-11,5.3099e-11
5.9632e-11,6.7636e-11,4.6227e-11
5.982e-11,6.7224e-11,4.7019e-11
5.7816e-11,6.9171e-11,4.2686e-11
4.2077e-11,6.9787e-11,5.1054e-11
4.4357e-11,7.365e-11,5.1509e-11
4.1529e-11,6.9813e-11,5.0546e-11
6.3042e-11,6.8402e-11,4.2744e-11
5.5268e-11,6.168e-11,3.6993e-11
4.0073e-11,6.2937e-11,4.9467e-11
8.0421e-11,7.8971e-11,5.3967e-11
7.8225e-11,7.6035e-11,5.0202e-11
5.163e-11,6.6493e-11,3.8987e-11
3.7802e-11,7.0704e-11,6.0585e-11
3.7578e-11,6.5823e-11,5.5073e-11
3.9251e-11,6.9109e-11,5.7204e-11
3.3975e-11,4.5624e-11,3.7103e-11
6.2811e-11,7.0983e-11,5.0121e-11
5.0779e-11,6.941e-11,5.2221e-11
8.1937e-11,7.5871e-11,5.5218e-11
6.6409e-11,6.8663e-11,4.6553e-11
7.8044e-11,6.7597e-11,5.1957e-11
5.4227e-11,6.5157e-11,3.7235e-11
6.5825e-11,6.6225e-11,4.5497e-11
4.9058e-11,5.8159e-11,3.6482e-11
5.3808e-11,6.2724e-11,4.3376e-11
3.8291e-11,6.4497e-11,5.5102e-11
5.0751e-11,7.2769e-11,3.9362e-11
3.7312e-11,4.6698e-11,3.417e-11
4.6708e-11,6.8723e-11,5.2007e-11
6.767e-11,7.2838e-11,4.7938e-11
4.4303e-11,7.1383e-11,5.4443e-11
6.2261e-11,7.3235e-11,4.3188e-11
5.0497e-11,5.8004e-11,4.1923e-11
4.3552e-11,6.7693e-11,5.3251e-11
6.6684e-11,7.1132e-11,4.6069e-11
6.099e-11,7.4935e-11,4.3914e-11
6.2672e-11,6.8381e-11,4.7594e-11
4.1284e-11,5.7587e-11,5.0559e-11
4.1401e-11,5.708e-11,4.994e-11
5.2471e-11,7.2738e-11,4.1585e-11
4.0735e-11,5.4872e-11,4.6684e-11
5.043e-11,7.0949e-11,3.7265e-11
3.9561e-11,5.1002e-11,3.8802e-11
4.6597e-11,6.3099e-11,5.4785e-11
4.3727e-11,7.1407e-11,6.2754e-11
5.3944e-11,8.0325e-11,4.1415e-11
4.2752e-11,7.2753e-11,6.3501e-11
4.0533e-11,5.5905e-11,4.6287e-11
3.8954e-11,5.2796e-11,4.2806e-11
5.0899e-11,6.3976e-11,4.6202e-11
6.7986e-11,7.6606e-11,5.3474e-11
7.0951e-11,7.0147e-11,5.0766e-11
4.2697e-11,5.567e-11,4.2874e-11
5.6309e-11,7.7654e-11,5.0732e-11
4.4553e-11,6.3582e-11,5.813e-11
4.3095e-11,5.9944e-11,5.0852e-11
5.1209e-11,6.5256e-11,4.9531e-11
6.0559e-11,7.5765e-11,4.5261e-11
5.8044e-11,7.474e-11,4.4797e-11
6.7318e-11,7.5046e-11,5.4789e-11
5.6208e-11,7.4941e-11,4.0813e-11
5.9263e-11,7.9579e-11,4.4089e-11
4.4091e-11,6.7489e-11,5.868e-11
4.2676e-11,5.7847e-11,4.7696e-11
4.6957e-11,5.7281e-11,4.121e-11
5.3694e-11,6.8796e-11,5.1427e-11
6.2787e-11,8.2796e-11,4.7509e-11
4.7142e-11,6.2395e-11,4.7534e-11
4.8139e-11,6.3483e-11,5.0562e-11
5.2022e-11,6.5222e-11,4.6461e-11
5.2516e-11,7.1865e-11,5.8565e-11
5.2801e-11,6.5439e-11,4.5794e-11
5.2605e-11,7.0439e-11,5.2697e-11
5.0532e-11,6.74e-11,5.2622e-11
5.4314e-11,6.7475e-11,4.7513e-11
5.2867e-11,7.0711e-11,5.7933e-11
5.5828e-11,7.0666e-11,5.0653e-11
5.2983e-11,7.0694e-11,5.2261e-11
5.6037e-11,7.4325e-11,5.8114e-11
5.5459e-11,7.2495e-11,5.436e-11
1.6999e-11,8.4676e-11,8.3342e-11
1.4917e-11,7.8538e-11,8.3532e-11
2.9142e-11,8e-11,8.9815e-11
2.47e-11,7.34e-11,8.3586e-11
1.6262e-11,8.4367e-11,7.963e-11
2.0196e-11,7.4456e-11,7.5634e-11
3.7491e-11,6.3631e-11,7.2288e-11
2.8799e-11,7.9632e-11,8.6693e-11
4.5524e-11,7.1174e-11,7.791e-11
1.1583e-11,8.6714e-11,8.2068e-11
2.0979e-11,7.6404e-11,7.9929e-11
2.533e-11,6.1105e-11,7.5438e-11
2.2184e-11,6.3664e-11,7.5101e-11
4.3221e-11,7.5433e-11,8.0686e-11
1.1475e-11,7.8678e-11,7.8899e-11
4.673e-11,7.7805e-11,8.3496e-11
5.6319e-11,6.8822e-11,8.1733e-11
1.3859e-11,5.3536e-11,6.1027e-11
2.8529e-11,8.222e-11,9.6967e-11
4.5249e-11,6.89e-11,8.102e-11
1.8847e-11,6.8048e-11,6.7081e-11
2.2575e-11,6.6013e-11,5.7959e-11
2.1929e-11,5.9816e-11,5.6632e-11
2.4517e-11,6.1201e-11,5.5459e-11
3.1874e-11,6.7633e-11,6.0125e-11
3.6289e-11,6.6796e-11,8.4777e-11
5.0235e-11,6.1908e-11,7.3607e-11
6.7809e-11,7.6572e-11,9.9832e-11
6.3849e-11,6.9057e-11,8.9655e-11
1.4656e-11,7.9151e-11,8.4111e-11
1.5244e-11,6.1243e-11,5.4474e-11
3.2419e-11,8.1482e-11,9.5925e-11
1.9697e-11,5.6386e-11,5.2622e-11
3.663e-11,7.145e-11,9.5531e-11
3.5243e-11,5.5264e-11,6.4388e-11
3.6551e-11,7.1368e-11,8.8641e-11
4.4447e-11,6.552e-11,7.672e-11
5.1953e-11,7.1615e-11,8.4564e-11
2.6166e-11,6.8437e-11,7.5045e-11
2.0563e-11,7.892e-11,8.975e-11
1.3798e-11,5.4813e-11,4.8744e-11
3.1742e-11,8.2829e-11,9.0633e-11
2.3055e-11,5.6602e-11,6.8392e-11
3.8209e-11,5.7851e-11,6.8391e-11
3.9054e-11,7.6025e-11,8.916e-11
6.3353e-11,6.4251e-11,8.7995e-11
1.342e-11,5.9064e-11,5.444e-11
1.7255e-11,5.6799e-11,5.1033e-11
2.3402e-11,6.4347e-11,5.0866e-11
2.3679e-11,6.272e-11,4.9959e-11
2.097e-11,6.0859e-11,5.4015e-11
3.5892e-11,7.1247e-11,8.5102e-11
4.581e-11,6.4837e-11,7.6738e-11
5.4371e-11,5.7219e-11,7.2857e-11
1.4782e-11,5.071e-11,4.6213e-11
1.5142e-11,7.569e-11,7.4766e-11
2.3025e-11,6.6285e-11,6.0192e-11
3.4465e-11,6.2765e-11,7.5507e-11
3.6794e-11,8.5796e-11,9.9765e-11
2.7141e-11,6.4927e-11,5.6882e-11
3.2124e-11,5.4287e-11,5.5089e-11
5.623e-11,7.4685e-11,9.1691e-11
6.3782e-11,6.4201e-11,8.0228e-11
1.1078e-11,8.1122e-11,7.8871e-11
1.7389e-11,6.0316e-11,5.3121e-11
1.9596e-11,4.4952e-11,4.6941e-11
2.0661e-11,5.616e-11,5.1772e-11
2.5991e-11,6.155e-11,5.8243e-11
6.3464e-11,5.6783e-11,8.1665e-11
1.5678e-11,7.3402e-11,7.1112e-11
1.9977e-11,5.3605e-11,5.3879e-11
1.6483e-11,5.7504e-11,5.5958e-11
1.0306e-11,4.8024e-11,4.2885e-11
2.613e-11,5.9108e-11,5.4589e-11
3.6457e-11,7.3525e-11,7.7724e-11
5.9467e-11,7.7428e-11,9.535e-11
6.7803e-11,6.9882e-11,9.7229e-11
2.2569e-11,9.2224e-11,8.5451e-11
4.9299e-11,6.761e-11,9.4572e-11
1.3817e-11,5.101e-11,4.5971e-11
1.2087e-11,6.3371e-11,5.007e-11
1.3084e-11,4.4792e-11,3.9575e-11
2.5374e-11,4.771e-11,4.2104e-11
2.4534e-11,5.3932e-11,6.7253e-11
2.4544e-11,4.6991e-11,4.2918e-11
2.5239e-11,5.7354e-11,6.9976e-11
3.1831e-11,6.2022e-11,6.5299e-11
3.7096e-11,4.5705e-11,5.0742e-11
5.1598e-11,4.9715e-11,6.7485e-11
5.5116e-11,4.7338e-11,6.6624e-11
5.6955e-11,3.8225e-11,7.0534e-11
6.6234e-11,6.4908e-11,9.6214e-11
6.677e-11,3.9417e-11,7.2863e-11
1.7704e-11,9.0919e-11,7.5425e-11
1.0318e-11,5.5526e-11,4.6567e-11
1.813e-11,5.4371e-11,4.4198e-11
2.6567e-11,9.6495e-11,8.6662e-11
1.1856e-11,4.2631e-11,3.9198e-11
2.9646e-11,6.193e-11,6.8615e-11
1.8913e-11,4.9546e-11,4.2846e-11
2.9582e-11,5.886e-11,7.192e-11
4.0548e-11,7.3209e-11,9.0406e-11
4.859e-11,4.8859e-11,5.3612e-11
5.3338e-11,3.6376e-11,6.6746e-11
6.075e-11,6.3189e-11,8.0201e-11
9.2678e-12,6.5548e-11,6.682e-11
1.5809e-11,4.4957e-11,4.2969e-11
1.3625e-11,5.7566e-11,4.6025e-11
1.4938e-11,4.6778e-11,4.2967e-11
1.6081e-11,4.3987e-11,4.6807e-11
4.447e-11,7.8246e-11,9.5812e-11
3.7606e-11,6.7497e-11,7.8244e-11
3.7909e-11,4.3185e-11,4.8357e-11
4.4885e-11,4.6955e-11,5.0597e-11
5.3366e-11,5.2512e-11,6.3086e-11
5.8426e-11,3.5269e-11,6.0052e-11
7.6907e-11,4.1746e-11,7.8842e-11
2.1252e-11,4.587e-11,4.0054e-11
2.175e-11,5.1696e-11,5.0174e-11
1.9585e-11,5.0847e-11,3.8055e-11
1.4625e-11,4.0782e-11,3.9856e-11
3.8111e-11,9.9972e-11,9.5083e-11
2.2819e-11,6.1872e-11,6.5635e-11
3.1623e-11,8.0583e-11,8.3739e-11
2.2646e-11,3.7534e-11,4.2229e-11
3.7578e-11,5.3167e-11,5.7244e-11
7.6788e-11,4.3225e-11,8.3471e-11
1.5602e-11,6.2137e-11,6.3174e-11
1.6751e-11,4.4355e-11,4.2963e-11
1.5559e-11,5.6243e-11,4.4864e-11
1.4259e-11,6.3935e-11,6.2965e-11
2.6447e-11,9.4971e-11,8.281e-11
2.7572e-11,5.5881e-11,6.0747e-11
9.9386e-12,4.1548e-11,3.8169e-11
1.3276e-11,4.1088e-11,4.2646e-11
2.1173e-11,4.3899e-11,4.0411e-11
3.1177e-11,4.4904e-11,4.7912e-11
4.909e-11,7.8e-11,8.7324e-11
5.5274e-11,7.0098e-11,8.9012e-11
4.7606e-11,4.9947e-11,6.6074e-11
5.393e-11,4.4626e-11,7.0572e-11
6.5596e-11,2.8692e-11,6.5377e-11
6.0364e-11,6.3986e-11,9.3636e-11
9.1739e-12,3.555e-11,3.3481e-11
3.6465e-11,8.8937e-11,9.2239e-11
3.6738e-11,7.1369e-11,8.1955e-11
2.4594e-11,3.9018e-11,3.7729e-11
3.3315e-11,6.4261e-11,7.0328e-11
3.2364e-11,4.5882e-11,5.0623e-11
4.3454e-11,2.9729e-11,4.9435e-11
5.0886e-11,4.1548e-11,6.6477e-11
5.4697e-11,4.4055e-11,7.0136e-11
5.9495e-11,6.3387e-11,8.1584e-11
1.3134e-11,4.2201e-11,4.1642e-11
1.3839e-11,5.2564e-11,5.767e-11
1.0537e-11,3.8325e-11,3.5388e-11
1.7178e-11,3.9377e-11,4.1081e-11
1.1059e-11,3.8788e-11,3.4009e-11
1.389e-11,3.5709e-11,4.004e-11
2.2012e-11,5.1788e-11,5.3383e-11
2.4678e-11,4.0718e-11,3.6963e-11
1.5125e-10,1.6998e-10,7.3299e-11
4.663e-11,8.0093e-11,8.7088e-11
1.6642e-10,2.0059e-10,6.1426e-11
4.6255e-11,3.7587e-11,4.6573e-11
1.7943e-10,1.8703e-10,9.5599e-11
1.8735e-10,1.7849e-10,8.7994e-11
5.4379e-11,2.5543e-11,5.7569e-11
6.5504e-11,5.6953e-11,8.5347e-11
7.4545e-11,2.8178e-11,6.8905e-11
7.5225e-11,2.7087e-11,6.8755e-11
1.3546e-11,4.3831e-11,3.9908e-11
1.0046e-11,3.6958e-11,3.6307e-11
1.8751e-11,8.5194e-11,7.249e-11
1.7672e-11,6.0445e-11,5.7971e-11
1.443e-11,3.3547e-11,4.1256e-11
1.0532e-11,3.4941e-11,3.48e-11
1.3818e-11,3.8354e-11,3.8421e-11
1.3983e-11,4.2973e-11,3.2549e-11
2.9598e-11,8.7251e-11,8.0308e-11
1.9524e-11,4.2244e-11,3.2746e-11
1.5543e-11,3.4238e-11,4.0336e-11
1.4604e-10,1.7466e-10,6.3489e-11
5.0961e-11,2.7329e-11,4.7989e-11
5.7832e-11,2.6444e-11,4.9376e-11
6.9677e-11,3.5687e-11,5.7246e-11
6.7787e-11,2.9933e-11,6.441e-11
7.1997e-11,3.1703e-11,6.2704e-11
2.2854e-10,1.6786e-10,8.9612e-11
6.9244e-11,4.5079e-11,7.7136e-11
6.9968e-11,2.5912e-11,6.5175e-11
1.9927e-10,1.455e-10,1.0343e-10
7.3809e-11,3.0198e-11,6.7022e-11
2.1808e-10,1.4889e-10,9.8915e-11
8.0396e-11,3.3414e-11,7.583e-11
8.3966e-11,2.6179e-11,7.5226e-11
2.4529e-11,4.4307e-11,5.3025e-11
1.5794e-11,5.2331e-11,4.0128e-11
2.6887e-11,6.3288e-11,6.1158e-11
2.0456e-11,4.5091e-11,4.2629e-11
1.5022e-11,4.0699e-11,3.0335e-11
3.1005e-11,7.4443e-11,7.6362e-11
2.8943e-11,4.3402e-11,5.1895e-11
3.8109e-11,4.5394e-11,5.4955e-11
1.7373e-10,1.6597e-10,6.9337e-11
1.7216e-10,1.994e-10,6.7155e-11
4.3462e-11,3.874e-11,5.1863e-11
4.7497e-11,2.4739e-11,4.7716e-11
5.6919e-11,2.5007e-11,4.9464e-11
5.2262e-11,4.2156e-11,6.0302e-11
6.3635e-11,5.1505e-11,7.5882e-11
2.2901e-10,1.8142e-10,7.9524e-11
1.9363e-10,1.4626e-10,9.1125e-11
8.5178e-11,2.8137e-11,7.5793e-11
8.9806e-11,2.9026e-11,8.3204e-11
9.3447e-11,3.4939e-11,8.3352e-11
9.29e-11,3.5037e-11,7.8649e-11
1.9678e-11,4.6845e-11,4.4584e-11
9.6555e-12,3.4041e-11,3.6117e-11
2.0175e-11,3.7541e-11,3.4141e-11
2.3189e-11,7.9981e-11,6.7805e-11
1.4881e-11,3.7971e-11,3.7876e-11
1.6764e-11,3.263e-11,3.2587e-11
1.3833e-10,1.7035e-10,5.5443e-11
1.4535e-10,1.7007e-10,7.0567e-11
3.0595e-11,3.7294e-11,4.5297e-11
3.6232e-11,2.7836e-11,4.06e-11
3.6139e-11,3.6713e-11,4.7839e-11
4.8301e-11,2.9203e-11,4.1029e-11
1.8217e-10,1.7213e-10,8.6489e-11
1.8782e-10,1.9094e-10,6.2677e-11
2.1076e-10,1.9566e-10,6.1229e-11
5.1454e-11,4.2634e-11,6.5071e-11
5.9725e-11,2.7713e-11,5.7868e-11
6.7157e-11,3.1747e-11,6.813e-11
6.6533e-11,2.5331e-11,6.0293e-11
9.0078e-11,5.0288e-11,5.575e-11
1.7527e-11,3.1522e-11,3.0646e-11
2.1066e-11,3.935e-11,3.9022e-11
3.8883e-11,9.1474e-11,8.9009e-11
1.5157e-11,3.1165e-11,3.1713e-11
2.286e-11,3.5392e-11,2.99e-11
2.5885e-11,3.667e-11,3.8337e-11
2.7283e-11,3.3893e-11,3.2593e-11
2.1228e-11,3.5665e-11,3.5764e-11
1.4093e-10,1.6951e-10,4.6377e-11
1.4105e-10,1.9873e-10,4.8034e-11
3.9194e-11,2.7955e-11,4.1932e-11
3.9925e-11,2.4599e-11,4.2107e-11
5.1607e-11,7.0541e-11,7.9024e-11
1.6349e-10,1.4232e-10,9.1628e-11
5.4883e-11,7.2251e-11,8.3014e-11
1.5657e-10,1.3802e-10,9.4491e-11
5.1022e-11,4.2255e-11,5.8104e-11
5.6626e-11,5.7933e-11,6.2984e-11
4.9127e-11,4.0311e-11,5.8415e-11
5.4762e-11,2.3694e-11,4.8156e-11
7.33e-11,3.6837e-11,5.8558e-11
5.8645e-11,5.1164e-11,7.9205e-11
7.6114e-11,3.5554e-11,6.3336e-11
7.0317e-11,5.4647e-11,8.6015e-11
2.615e-10,1.3942e-10,9.7494e-11
8.9991e-11,3.0317e-11,8.0186e-11
1.8504e-11,3.9449e-11,3.4134e-11
1.2165e-11,3.5559e-11,3.2932e-11
1.8977e-11,3.7815e-11,3.1346e-11
4.1388e-11,9.2268e-11,9.7466e-11
1.6638e-11,3.4064e-11,3.9276e-11
2.0484e-11,3.3651e-11,2.8582e-11
1.5457e-11,3.0625e-11,3.1469e-11
1.8394e-11,3.2086e-11,3.0829e-11
4.482e-11,6.7294e-11,7.4321e-11
5.3822e-11,7.6514e-11,8.3262e-11
5.4292e-11,2.9147e-11,4.2639e-11
3.6065e-11,3.2669e-11,4.6585e-11
4.4229e-11,3.1197e-11,4.8505e-11
1.5655e-10,1.2504e-10,8.5003e-11
1.6906e-10,1.3614e-10,7.2141e-11
6.2124e-11,4.1494e-11,7.0512e-11
5.774e-11,4.4338e-11,7.2383e-11
6.6683e-11,4.9715e-11,8.1589e-11
7.0672e-11,3.58e-11,7.5594e-11
1.5172e-11,3.211e-11,4.2551e-11
1.4855e-11,4.0691e-11,3.856e-11
1.8107e-11,3.5796e-11,3.2804e-11
1.8839e-11,3.9188e-11,3.3218e-11
4.2583e-11,9.3979e-11,9.7569e-11
3.1338e-11,3.8211e-11,4.4563e-11
2.4624e-11,3.3048e-11,3.5832e-11
2.3968e-11,3.4304e-11,3.0717e-11
1.4322e-10,1.9494e-10,4.1802e-11
1.4913e-10,2.1891e-10,4.0508e-11
3.3813e-11,2.6923e-11,3.4324e-11
3.5845e-11,4.894e-11,6.0545e-11
1.6054e-10,1.5672e-10,6.5149e-11
4.2138e-11,2.5258e-11,4.1382e-11
8.6076e-11,4.7078e-11,5.0574e-11
5.8389e-11,6.9809e-11,7.9561e-11
5.5214e-11,5.7341e-11,6.2738e-11
5.622e-11,3.5797e-11,5.7266e-11
8.6802e-11,4.8576e-11,5.4878e-11
7.8362e-11,3.7626e-11,6.032e-11
8.5616e-11,4.6929e-11,5.8491e-11
7.4027e-11,4.4634e-11,7.9068e-11
7.9251e-11,3.6888e-11,8.1822e-11
8.0886e-11,4.2531e-11,6.5223e-11
8.9372e-11,3.9147e-11,7.3762e-11
1.5218e-10,9.6684e-11,1.1283e-10
1.8933e-11,3.6365e-11,3.6712e-11
1.0279e-11,3.4353e-11,3.3546e-11
1.3909e-11,4.6769e-11,3.9671e-11
9.1554e-12,2.9892e-11,3.0676e-11
1.737e-11,3.8015e-11,3.0585e-11
1.1081e-11,3.1914e-11,3.035e-11
4.3227e-11,9.7241e-11,9.8749e-11
1.5336e-11,3.3092e-11,2.7749e-11
2.7106e-11,4.9749e-11,5.7822e-11
2.4737e-11,3.1267e-11,3.3901e-11
1.3319e-10,1.6079e-10,4.5513e-11
1.3612e-10,1.6178e-10,4.0074e-11
1.3259e-10,1.6176e-10,5.3622e-11
2.3949e-11,3.0668e-11,3.2394e-11
2.9379e-11,3.479e-11,3.4511e-11
4.1208e-11,2.6185e-11,3.5399e-11
3.3773e-11,3.0064e-11,4.0651e-11
1.5206e-10,1.0614e-10,6.3735e-11
4.4332e-11,2.7455e-11,4.5779e-11
3.4315e-11,4.2625e-11,5.2215e-11
7.6476e-11,4.6373e-11,4.41e-11
4.286e-11,2.3892e-11,4.2254e-11
4.7302e-11,2.5583e-11,4.2912e-11
8.0422e-11,4.6612e-11,4.983e-11
2.4599e-10,1.6884e-10,1.0455e-10
1.5896e-10,1.1511e-10,9.8885e-11
8.4415e-11,4.8958e-11,8.6473e-11
2.0931e-10,1.1756e-10,9.5485e-11
8.9628e-11,3.9335e-11,7.7994e-11
1.6869e-10,1.0466e-10,1.0573e-10
1.3555e-11,3.7863e-11,3.7516e-11
8.2571e-12,3.0742e-11,3.2171e-11
1.0397e-11,3.47e-11,3.4335e-11
1.0911e-11,3.187e-11,3.1111e-11
8.4459e-12,3.3082e-11,3.4151e-11
1.0287e-11,3.6109e-11,3.374e-11
1.4228e-11,3.8971e-11,3.2073e-11
2.4823e-11,5.757e-11,6.0462e-11
1.6035e-11,2.9833e-11,3.6062e-11
1.8392e-11,3.2288e-11,2.8063e-11
2.4712e-11,3.0738e-11,3.333e-11
2.4951e-11,3.0571e-11,3.1819e-11
3.9019e-11,4.3693e-11,4.7522e-11
1.5889e-10,2.0023e-10,3.8354e-11
3.14e-11,2.6675e-11,4.0411e-11
1.4621e-10,1.037e-10,6.2737e-11
3.3726e-11,3.7045e-11,4.8224e-11
9.6195e-11,5.3771e-11,3.4759e-11
1.6364e-10,1.5706e-10,6.1366e-11
1.38e-10,8.4014e-11,6.1196e-11
1.8514e-10,1.4359e-10,6.1608e-11
2.0381e-10,2.1781e-10,9.1134e-11
6.5001e-11,6.6557e-11,7.2988e-11
6.8772e-11,3.3877e-11,5.6351e-11
2.3331e-10,1.3351e-10,9.9389e-11
7.3168e-11,4.8038e-11,8.4758e-11
1.0814e-10,7.4911e-11,8.5806e-11
1.4883e-10,9.0898e-11,1.2778e-10
9.1553e-12,3.5136e-11,3.3473e-11
1.4069e-11,3.2345e-11,3.3053e-11
1.5842e-11,3.1558e-11,3.1553e-11
1.0451e-11,3.1131e-11,3.2612e-11
9.8766e-12,3.4632e-11,2.9527e-11
2.1934e-11,4.5556e-11,3.92e-11
1.1635e-11,2.9396e-11,2.7942e-11
3.4159e-11,8.2224e-11,6.7081e-11
2.2612e-11,4.0239e-11,3.2066e-11
1.8808e-11,3.2185e-11,3.0803e-11
1.7117e-11,3.1786e-11,2.7791e-11
2.2597e-11,3.5257e-11,3.4956e-11
2.8432e-11,3.3441e-11,4.0695e-11
2.3053e-11,2.7401e-11,3.1172e-11
4.0699e-11,6.6695e-11,7.4195e-11
1.3055e-10,1.5137e-10,6.282e-11
2.417e-11,3.0075e-11,3.1599e-11
1.2095e-10,1.5849e-10,7.3539e-11
1.3201e-10,1.2418e-10,5.7213e-11
3.3165e-11,2.5446e-11,4.2358e-11
1.6672e-10,1.9288e-10,4.1382e-11
1.003e-10,6.2011e-11,4.1326e-11
1.6212e-10,2.1527e-10,5.2879e-11
1.327e-10,8.0786e-11,5.9552e-11
5.1016e-11,6.2432e-11,7.1048e-11
7.2339e-11,4.476e-11,4.4759e-11
3.9224e-11,2.6629e-11,4.4798e-11
4.4448e-11,3.5442e-11,5.3617e-11
4.5463e-11,3.4143e-11,5.2989e-11
1.7106e-10,1.1775e-10,8.9618e-11
6.6866e-11,5.643e-11,8.7066e-11
6.0988e-11,4.4458e-11,7.5888e-11
6.7353e-11,3.8857e-11,7.5325e-11
9.863e-11,6.6798e-11,7.5429e-11
9.0914e-11,4.917e-11,6.7849e-11
1.332e-10,9.6868e-11,1.0737e-10
1.513e-11,3.0004e-11,3.6608e-11
1.0641e-11,2.6798e-11,2.973e-11
1.1048e-11,3.1039e-11,2.9607e-11
2.2348e-11,7.065e-11,6.2766e-11
1.7134e-11,3.9746e-11,3.5114e-11
1.0412e-11,2.6596e-11,2.7292e-11
1.2732e-11,2.9311e-11,2.5936e-11
1.4996e-11,2.8369e-11,2.5729e-11
3.1885e-11,5.4995e-11,5.3494e-11
2.2124e-11,3.2652e-11,3.4241e-11
2.1646e-11,2.9673e-11,2.9554e-11
1.2796e-10,1.546e-10,3.8805e-11
1.2084e-10,1.5787e-10,7.7452e-11
2.924e-11,2.4465e-11,3.3918e-11
1.4084e-10,8.6348e-11,6.0211e-11
8.5381e-11,5.9603e-11,4.6721e-11
6.5217e-11,4.4549e-11,3.9466e-11
4.3249e-11,3.9707e-11,4.9594e-11
2.0514e-10,2.1188e-10,8.5738e-11
4.4813e-11,3.2339e-11,5.1704e-11
4.8187e-11,3.3502e-11,5.3974e-11
1.1897e-10,9.3754e-11,7.6469e-11
2.0929e-10,1.8719e-10,1.0575e-10
5.2045e-11,3.1667e-11,6.2529e-11
8.7118e-11,4.5894e-11,5.66e-11
6.0536e-11,2.25e-11,5.0668e-11
1.3451e-10,8.658e-11,7.8875e-11
6.5269e-11,2.397e-11,5.4841e-11
8.5332e-11,4.7738e-11,6.0812e-11
7.6415e-11,2.8934e-11,6.797e-11
9.6677e-11,5.0597e-11,7.5988e-11
1.2786e-10,8.7945e-11,1.1169e-10
9.2057e-11,4.9695e-11,7.651e-11
1.4884e-11,3.2248e-11,3.1953e-11
1.1079e-11,2.6334e-11,2.9358e-11
2.0416e-11,4.8247e-11,5.1121e-11
1.7511e-11,3.0174e-11,3.0754e-11
2.7065e-11,4.625e-11,4.7298e-11
1.4424e-11,2.6854e-11,2.8016e-11
1.1675e-11,2.4244e-11,2.6249e-11
1.2376e-11,2.9142e-11,2.6286e-11
1.4447e-11,2.4723e-11,3.2462e-11
2.9597e-11,4.7292e-11,4.8236e-11
2.0592e-11,2.5252e-11,2.8743e-11
2.5436e-11,2.9271e-11,3.0522e-11
1.3718e-10,1.7257e-10,2.676e-11
5.6453e-11,7.347e-11,8.4391e-11
3.2728e-11,3.8464e-11,3.8962e-11
1.4915e-10,1.6225e-10,4.7647e-11
4.9467e-11,3.0519e-11,3.4449e-11
3.6926e-11,3.0628e-11,4.6692e-11
9.365e-11,5.7389e-11,4.7207e-11
1.1814e-10,7.606e-11,5.7517e-11
1.2275e-10,7.5928e-11,6.5294e-11
6.0789e-11,2.3097e-11,5.1061e-11
2.2867e-10,1.6585e-10,9.2449e-11
8.8761e-11,4.5798e-11,5.4487e-11
6.4028e-11,2.9208e-11,5.9167e-11
6.6371e-11,3.6109e-11,7.5427e-11
7.4587e-11,3.1348e-11,6.5727e-11
1.5692e-10,8.2405e-11,1.1261e-10
1.0709e-10,6.837e-11,8.7698e-11
1.3753e-10,8.138e-11,1.1664e-10
1.3714e-11,2.7993e-11,2.8802e-11
2.0268e-11,4.7865e-11,4.9769e-11
9.5083e-12,2.9546e-11,2.77e-11
2.8491e-11,8.8151e-11,7.3698e-11
1.1966e-11,3.1223e-11,2.5874e-11
1.8005e-11,3.3625e-11,2.6859e-11
1.8601e-11,2.6641e-11,2.6366e-11
3.6243e-11,5.9451e-11,6.7005e-11
2.6211e-11,3.4687e-11,3.5504e-11
6.1769e-11,3.6486e-11,3.3602e-11
3.9142e-11,5.0853e-11,5.9699e-11
1.5803e-10,1.6597e-10,4.3959e-11
5.1305e-11,2.9034e-11,4.2415e-11
3.1994e-11,3.0585e-11,3.5773e-11
4.3099e-11,2.1703e-11,3.9495e-11
1.1296e-10,7.7573e-11,6.5652e-11
9.8146e-11,7.0204e-11,6.2352e-11
6.1154e-11,2.4297e-11,5.8451e-11
6.3699e-11,4.7819e-11,8.0203e-11
1.2336e-10,7.283e-11,7.4614e-11
6.5899e-11,3.2076e-11,5.5005e-11
1.8479e-10,1.0052e-10,9.5031e-11
8.3169e-11,4.1991e-11,7.774e-11
8.942e-11,5.5362e-11,7.2945e-11
1.283e-11,2.8384e-11,3.3455e-11
1.1488e-11,2.6649e-11,2.5376e-11
4.5805e-11,8.8754e-11,8.8076e-11
4.2349e-11,7.0272e-11,7.9444e-11
2.5841e-11,3.5648e-11,3.6501e-11
1.3619e-10,1.5959e-10,1.7875e-11
2.1833e-11,2.9739e-11,3.1985e-11
1.3358e-10,1.6678e-10,2.5686e-11
1.4206e-10,1.7579e-10,2.8468e-11
1.0325e-10,7.8895e-11,3.3781e-11
1.388e-10,1.979e-10,3.4737e-11
1.3882e-10,1.3904e-10,4.5777e-11
2.6275e-11,2.3635e-11,3.5314e-11
3.259e-11,2.5484e-11,3.2047e-11
3.2936e-11,2.3928e-11,3.1967e-11
4.931e-11,3.1219e-11,3.4973e-11
1.0867e-10,9.0359e-11,4.4281e-11
1.0936e-10,6.1641e-11,4.8685e-11
3.4009e-11,3.9118e-11,3.8394e-11
1.0615e-10,5.7846e-11,4.7572e-11
3.9131e-11,2.0168e-11,3.9609e-11
3.7982e-11,2.6725e-11,4.2128e-11
9.0914e-11,5.8142e-11,4.2721e-11
4.7004e-11,5.0745e-11,5.7939e-11
1.9147e-10,1.9429e-10,8.371e-11
1.1522e-10,7.2838e-11,5.2971e-11
4.8721e-11,4.4565e-11,5.9854e-11
4.7744e-11,2.0591e-11,4.8542e-11
1.1854e-10,7.3479e-11,5.9812e-11
1.6885e-10,1.2845e-10,6.6879e-11
6.2399e-11,4.0024e-11,4.5126e-11
1.8969e-10,1.0366e-10,8.1459e-11
8.7368e-11,6.5948e-11,6.2084e-11
1.248e-10,8.025e-11,7.6331e-11
6.3839e-11,3.9029e-11,7.6448e-11
7.2516e-11,3.4772e-11,7.7499e-11
1.0191e-10,6.9297e-11,9.3688e-11
1.5068e-11,2.7431e-11,3.4546e-11
2.8768e-11,8.4213e-11,6.9582e-11
1.4952e-11,3.5253e-11,3.193e-11
1.5559e-11,2.9758e-11,2.7769e-11
1.4272e-11,2.9859e-11,2.6169e-11
1.5333e-11,4.1823e-11,3.9853e-11
1.622e-11,3.2804e-11,2.6148e-11
1.7702e-11,3.1489e-11,2.5986e-11
1.7684e-11,3.5689e-11,2.5684e-11
1.5515e-11,3.5912e-11,3.2294e-11
1.5661e-11,3.4591e-11,2.8948e-11
2.0798e-11,2.3714e-11,2.7157e-11
2.5332e-11,2.6606e-11,2.9537e-11
1.1531e-10,1.0069e-10,3.2941e-11
1.0883e-10,7.8277e-11,3.2341e-11
4.6884e-11,5.7103e-11,6.5273e-11
1.1217e-10,8.7089e-11,4.1898e-11
1.346e-10,1.417e-10,4.7247e-11
9.1757e-11,5.7462e-11,3.8369e-11
6.318e-11,4.3691e-11,3.879e-11
5.7964e-11,3.3235e-11,4.0174e-11
4.5997e-11,2.3737e-11,4.0235e-11
4.0137e-11,3.6103e-11,4.9962e-11
4.3447e-11,2.9189e-11,4.9617e-11
9.4811e-11,5.8112e-11,5.1903e-11
6.6655e-11,5.7452e-11,7.7802e-11
9.8397e-11,6.7629e-11,6.5493e-11
6.1369e-11,4.4964e-11,7.7106e-11
1.1202e-10,7.5623e-11,7.1848e-11
1.1872e-10,8.3785e-11,1.0139e-10
1.5104e-10,7.44e-11,1.0728e-10
9.5296e-11,4.941e-11,8.2373e-11
1.1783e-10,7.602e-11,1.1012e-10
1.8028e-11,2.9889e-11,3.2887e-11
7.3029e-12,2.8595e-11,3.0548e-11
1.5498e-11,2.8928e-11,3.2963e-11
1.6105e-11,3.4466e-11,3.7833e-11
1.3634e-11,2.7386e-11,2.994e-11
1.3232e-11,2.9849e-11,2.5014e-11
1.3824e-10,1.5578e-10,1.7527e-11
1.5096e-10,1.6448e-10,3.4185e-11
1.1034e-10,1.2844e-10,5.4072e-11
3.4007e-11,2.8964e-11,2.926e-11
1.3942e-10,1.6989e-10,2.3772e-11
8.195e-11,4.8222e-11,2.6197e-11
7.0259e-11,4.5835e-11,3.5434e-11
4.4913e-11,3.0315e-11,3.4112e-11
1.2114e-10,1.1554e-10,4.3507e-11
3.447e-11,4.2861e-11,4.6919e-11
1.3645e-10,1.3742e-10,5.3528e-11
2.9549e-11,3.382e-11,3.4835e-11
2.7955e-11,2.7048e-11,3.2842e-11
2.879e-11,2.4143e-11,3.7173e-11
5.0338e-11,6.0691e-11,6.3497e-11
3.3579e-11,1.9614e-11,3.5405e-11
4.427e-11,2.2891e-11,4.4228e-11
7.2854e-11,4.443e-11,4.4114e-11
6.6302e-11,5.6484e-11,8.0452e-11
6.4864e-11,5.5988e-11,7.5694e-11
7.1111e-11,4.505e-11,5.1234e-11
9.3686e-11,7.1096e-11,7.6086e-11
7.6685e-11,4.3256e-11,7.4085e-11
8.1526e-11,5.3959e-11,6.8854e-11
9.8451e-11,6.8036e-11,8.2549e-11
9.1088e-11,5.181e-11,7.6597e-11
8.4738e-11,4.6693e-11,7.4148e-11
1.1209e-10,6.8418e-11,1.1081e-10
1.1331e-10,6.9379e-11,1.0887e-10
1.474e-11,2.8894e-11,3.0473e-11
7.4888e-12,2.7223e-11,2.8178e-11
3.2134e-11,8.4681e-11,7.2016e-11
1.0372e-11,2.6191e-11,2.5913e-11
1.6214e-11,3.2494e-11,3.0878e-11
1.0402e-11,2.7424e-11,2.4495e-11
1.5434e-11,3.8041e-11,3.7438e-11
1.1271e-11,2.913e-11,2.9728e-11
1.834e-11,3.3724e-11,2.8132e-11
2.2308e-11,3.0054e-11,2.7412e-11
6.4536e-11,4.2989e-11,3.1298e-11
1.1504e-10,9.0204e-11,4.5323e-11
5.3532e-11,7.1831e-11,7.9139e-11
2.941e-11,3.522e-11,3.72e-11
1.4036e-10,1.6752e-10,2.7202e-11
2.2915e-11,3.0601e-11,3.0763e-11
9.5874e-11,6.6244e-11,3.0063e-11
5.074e-11,3.3067e-11,2.9793e-11
6.1705e-11,3.7853e-11,2.9743e-11
1.2475e-10,1.6066e-10,3.3073e-11
6.7583e-11,4.432e-11,3.2915e-11
2.283e-11,2.6547e-11,2.9523e-11
3.5988e-11,2.3569e-11,3.1592e-11
7.8101e-11,5.2877e-11,3.1105e-11
3.8879e-11,2.015e-11,3.4847e-11
5.2109e-11,5.6765e-11,6.3182e-11
8.5172e-11,5.2723e-11,3.1251e-11
1.2843e-10,7.3279e-11,4.9915e-11
4.2749e-11,2.2251e-11,3.956e-11
4.5253e-11,2.394e-11,3.897e-11
3.9822e-11,3.427e-11,4.8232e-11
4.4916e-11,3.8518e-11,5.3793e-11
4.5021e-11,3.3504e-11,5.3386e-11
9.2005e-11,5.7098e-11,4.7908e-11
5.7319e-11,2.9901e-11,4.6677e-11
4.6636e-11,3.0557e-11,5.8495e-11
1.0856e-10,6.4946e-11,5.4468e-11
5.2258e-11,2.0228e-11,4.4822e-11
8.3718e-11,5.6462e-11,5.4141e-11
5.7438e-11,3.5914e-11,6.4584e-11
7.2779e-11,3.7187e-11,6.0853e-11
8.6444e-11,6.5249e-11,5.5957e-11
8.8436e-11,7.4439e-11,5.9476e-11
6.3203e-11,4.0007e-11,7.2292e-11
9.5472e-11,7.3328e-11,9.777e-11
7.7361e-11,4.2795e-11,6.9405e-11
1.1871e-10,8.0581e-11,1.0965e-10
1.232e-10,7.4563e-11,1.2254e-10
1.4204e-11,2.3374e-11,3.0827e-11
3.0298e-11,5.1351e-11,4.5016e-11
1.6699e-11,2.8662e-11,2.6075e-11
1.621e-11,2.9405e-11,2.3857e-11
1.3777e-11,2.8009e-11,3.1927e-11
1.0463e-11,2.3692e-11,2.4317e-11
2.9469e-11,5.962e-11,5.1009e-11
1.1877e-11,2.8101e-11,2.7256e-11
2.9604e-11,6.0631e-11,5.6924e-11
3.1056e-11,5.8821e-11,5.2668e-11
1.8978e-11,2.7226e-11,2.5342e-11
1.3545e-10,1.4086e-10,2.6452e-11
2.4292e-11,3.1171e-11,2.5888e-11
2.6823e-11,3.7627e-11,4.0695e-11
1.077e-10,1.2602e-10,4.7624e-11
4.4818e-11,2.8454e-11,2.8013e-11
2.2795e-11,2.8689e-11,3.1391e-11
1.3568e-10,1.6199e-10,1.9451e-11
1.1414e-10,8.8477e-11,4.2549e-11
2.1594e-11,2.3636e-11,2.6937e-11
1.1339e-10,1.1336e-10,3.5208e-11
1.3416e-10,1.6847e-10,3.2608e-11
1.2973e-10,1.1468e-10,4.6019e-11
5.6274e-11,7.1977e-11,7.926e-11
3.4384e-11,3.2854e-11,4.0427e-11
1.4072e-10,1.699e-10,7.2621e-11
5.7029e-11,4.3419e-11,3.4506e-11
3.4193e-11,2.6025e-11,4.2585e-11
4.5831e-11,2.1619e-11,4.4272e-11
4.928e-11,2.6232e-11,5.169e-11
4.9477e-11,2.7556e-11,5.1084e-11
1.6557e-10,9.8786e-11,6.8605e-11
7.8622e-11,4.356e-11,6.0064e-11
9.3538e-11,7.031e-11,6.524e-11
6.4195e-11,3.7198e-11,7.5975e-11
6.8055e-11,3.1379e-11,6.0717e-11
1.1163e-10,7.0053e-11,8.4653e-11
7.6365e-11,5.6645e-11,6.6669e-11
7.7474e-11,7.1974e-11,6.3874e-11
8.2953e-11,7.0526e-11,6.9964e-11
8.3534e-11,4.6742e-11,7.3188e-11
8.1883e-11,4.3913e-11,7.6725e-11
8.8488e-11,5.0985e-11,8.3737e-11
2.36e-11,2.2956e-11,2.7532e-11
1.3143e-11,2.8927e-11,3.2472e-11
1.7241e-11,2.7004e-11,2.7483e-11
9.8063e-12,2.4302e-11,2.7053e-11
1.1609e-11,2.4359e-11,2.2366e-11
1.2269e-11,2.7769e-11,2.4364e-11
1.3034e-11,3.135e-11,2.6813e-11
3.3151e-11,5.6058e-11,4.2959e-11
3.5026e-11,6.1644e-11,6.0662e-11
1.0495e-10,1.0213e-10,3.5016e-11
1.3686e-10,1.3764e-10,2.4591e-11
9.8322e-11,1.0382e-10,3.7935e-11
1.2081e-10,1.425e-10,2.6e-11
2.2606e-11,3.1034e-11,3.5314e-11
3.2992e-11,3.4765e-11,3.1546e-11
9.5318e-11,5.6326e-11,2.3705e-11
1.1712e-10,1.4311e-10,2.2048e-11
3.8041e-11,4.4616e-11,5.0897e-11
6.0866e-11,4.3825e-11,2.677e-11
1.9755e-11,2.3428e-11,2.6118e-11
4.1553e-11,4.7836e-11,5.6299e-11
1.2155e-10,1.5527e-10,2.2626e-11
4.7036e-11,5.6074e-11,6.3107e-11
2.6186e-11,2.2476e-11,3.2486e-11
1.2164e-10,8.501e-11,4.0416e-11
9.2376e-11,9.2003e-11,5.2308e-11
6.5792e-11,4.938e-11,3.9578e-11
1.3389e-10,1.31e-10,5.5863e-11
3.6532e-11,2.076e-11,3.5302e-11
5.6559e-11,6.3515e-11,6.8634e-11
3.9993e-11,2.4519e-11,3.946e-11
9.011e-11,5.6615e-11,4.204e-11
6.2854e-11,6.0626e-11,6.8764e-11
4.4874e-11,1.9809e-11,4.2231e-11
9.5466e-11,6.7448e-11,5.261e-11
6.1325e-11,5.6516e-11,6.968e-11
1.0999e-10,8.1728e-11,6.6668e-11
4.4986e-11,2.8844e-11,5.5834e-11
6.6249e-11,3.5835e-11,5.1547e-11
9.8615e-11,7.0172e-11,7.0659e-11
1.4636e-10,8.5841e-11,7.8313e-11
2.3744e-10,1.2281e-10,1.4896e-10
5.327e-11,2.8263e-11,6.2822e-11
1.9131e-10,1.1857e-10,9.411e-11
5.5004e-11,3.0854e-11,5.9228e-11
6.4067e-11,3.7363e-11,7.4602e-11
2.0188e-10,1.0663e-10,1.2035e-10
1.0347e-10,6.8694e-11,8.0638e-11
1.1886e-10,8.1485e-11,8.161e-11
6.9577e-11,4.3291e-11,5.9602e-11
7.3825e-11,3.7224e-11,6.8252e-11
9.5288e-11,6.1953e-11,8.8028e-11
1.0994e-10,6.7769e-11,1.1022e-10
1.1081e-10,7.3695e-11,1.1547e-10
1.6377e-11,2.1983e-11,2.7894e-11
1.1836e-11,2.6708e-11,3.1029e-11
9.0696e-12,2.6507e-11,3.0612e-11
1.3872e-11,2.7032e-11,2.9275e-11
2.7947e-11,6.6257e-11,6.0638e-11
6.7436e-12,2.3286e-11,2.5095e-11
1.1962e-11,2.4692e-11,2.5282e-11
9.6007e-11,7.0473e-11,2.9495e-11
4.3091e-11,3.8205e-11,2.7461e-11
1.2431e-10,1.3936e-10,3.5194e-11
1.9858e-11,2.2169e-11,2.4909e-11
1.197e-10,1.5348e-10,2.3651e-11
2.0139e-11,2.2829e-11,2.5806e-11
1.1992e-10,1.3301e-10,3.0563e-11
1.0837e-10,8.7574e-11,4.5263e-11
9.9341e-11,8.5963e-11,4.6379e-11
7.054e-11,4.873e-11,3.6044e-11
6.3726e-11,4.7541e-11,4.1846e-11
3.8563e-11,2.3063e-11,3.7256e-11
1.4883e-10,1.4346e-10,5.9763e-11
3.8642e-11,2.9151e-11,4.6153e-11
6.7594e-11,5.5056e-11,5.1907e-11
5.0326e-11,2.6571e-11,5.4476e-11
1.4103e-10,7.2582e-11,5.8204e-11
2.5534e-10,1.4609e-10,1.3864e-10
9.3701e-11,5.642e-11,5.8545e-11
1.5643e-10,8.9489e-11,6.8915e-11
8.9177e-11,5.706e-11,6.8171e-11
2.1534e-10,1.4914e-10,1.2028e-10
6.458e-11,4.1685e-11,7.8011e-11
6.6567e-11,3.8827e-11,7.8981e-11
6.2902e-11,3.4235e-11,5.6319e-11
2.3877e-10,1.0164e-10,1.4808e-10
6.8583e-11,2.6548e-11,5.8608e-11
1.5184e-10,7.138e-11,9.2727e-11
8.3895e-11,4.6231e-11,7.4007e-11
8.6639e-11,5.4213e-11,7.9788e-11
9.9427e-11,5.6434e-11,9.35e-11
1.2733e-11,2.7935e-11,2.9498e-11
1.3741e-11,2.4671e-11,3.0082e-11
1.9214e-11,2.3506e-11,2.9627e-11
1.3724e-11,2.1346e-11,2.7971e-11
1.5675e-11,1.989e-11,2.4393e-11
1.2106e-11,2.5455e-11,2.8279e-11
8.4441e-12,1.8546e-11,2.2245e-11
1.0272e-11,2.7176e-11,2.7889e-11
1.3385e-11,2.3694e-11,2.4004e-11
1.293e-11,2.5647e-11,2.564e-11
2.1152e-11,3.2047e-11,2.6577e-11
1.8438e-11,2.3846e-11,2.5288e-11
5.2081e-11,9.7462e-11,8.1944e-11
1.037e-10,1.147e-10,3.6541e-11
9.5096e-11,7.2006e-11,3.0398e-11
1.7604e-11,2.5101e-11,2.3814e-11
1.0347e-10,1.1434e-10,3.0885e-11
1.5326e-10,1.4902e-10,7.612e-12
2.6778e-11,2.9541e-11,3.2059e-11
8.7424e-11,6.2423e-11,3.0467e-11
1.867e-11,2.2449e-11,2.5917e-11
1.2513e-10,1.4011e-10,3.7014e-11
2.0151e-11,2.099e-11,2.536e-11
2.676e-11,2.8291e-11,3.5844e-11
1.216e-10,1.3047e-10,3.0331e-11
1.3113e-10,1.0908e-10,4.5257e-11
4.7333e-11,5.4021e-11,5.7284e-11
5.1053e-11,4.8811e-11,5.5228e-11
3.5189e-11,1.7998e-11,3.2686e-11
3.9931e-11,2.0506e-11,3.7613e-11
1.5227e-10,1.0959e-10,5.2479e-11
4.7467e-11,4.8061e-11,5.354e-11
8.742e-11,5.6366e-11,4.0607e-11
8.8041e-11,5.3505e-11,4.3731e-11
4.0125e-11,2.7004e-11,4.7719e-11
9.7953e-11,6.5324e-11,4.935e-11
4.8412e-11,2.2855e-11,4.3824e-11
1.4871e-10,8.6637e-11,8.3178e-11
1.6787e-10,8.6708e-11,7.3642e-11
7.8186e-11,5.3577e-11,6.3451e-11
1.6815e-10,9.7433e-11,1.028e-10
6.2859e-11,3.0766e-11,5.7172e-11
7.0965e-11,3.9037e-11,7.5799e-11
9.282e-11,5.2655e-11,9.497e-11
1.0987e-11,2.1078e-11,2.7472e-11
1.8397e-11,3.3262e-11,3.3376e-11
2.386e-11,4.0751e-11,3.6728e-11
1.5908e-11,2.5376e-11,2.6811e-11
4.6747e-11,9.6128e-11,7.2513e-11
2.5289e-11,6.3013e-11,5.0874e-11
2.1918e-11,2.3288e-11,2.8099e-11
1.1992e-11,2.1967e-11,2.2902e-11
1.022e-10,1.0941e-10,2.8729e-11
2.3844e-11,3.6303e-11,3.5178e-11
3.1785e-11,3.927e-11,3.8538e-11
6.0316e-11,9.4265e-11,8.673e-11
3.0876e-11,4.0649e-11,3.9733e-11
1.8971e-11,2.3597e-11,2.7483e-11
1.5131e-10,1.5214e-10,1.5037e-11
3.1039e-11,3.3381e-11,2.9406e-11
2.6314e-11,2.5135e-11,2.7113e-11
6.2914e-11,4.5089e-11,2.3321e-11
1.3174e-10,1.4276e-10,2.6161e-11
1.0408e-10,1.1901e-10,2.8499e-11
5.7064e-11,4.477e-11,2.8244e-11
5.9582e-11,8.2462e-11,7.9927e-11
1.2314e-10,1.623e-10,3.0294e-11
3.2191e-11,2.2737e-11,3.077e-11
5.6634e-11,3.4473e-11,3.2705e-11
3.5094e-11,1.7103e-11,3.3027e-11
1.0479e-10,7.1448e-11,4.9816e-11
6.3863e-11,5.1158e-11,3.1684e-11
4.202e-11,2.7337e-11,3.9093e-11
1.2834e-10,8.0913e-11,4.9669e-11
7.5686e-11,5.3462e-11,4.1116e-11
1.8088e-10,9.3903e-11,9.1431e-11
1.3023e-10,7.1615e-11,5.6642e-11
2.2592e-10,1.2738e-10,1.0206e-10
8.7381e-11,5.5232e-11,6.6087e-11
9.2818e-11,7.2442e-11,8.4169e-11
9.8543e-11,5.8138e-11,9.8334e-11
9.4371e-11,4.8572e-11,8.5406e-11
9.5336e-11,5.0247e-11,9.7398e-11
2.421e-11,2.3126e-11,2.8028e-11
9.9928e-12,2.4803e-11,3.064e-11
2.4459e-11,4.0295e-11,3.7623e-11
3.4316e-11,6.6109e-11,5.557e-11
9.259e-12,1.7357e-11,2.239e-11
1.2716e-11,2.0517e-11,2.205e-11
1.86e-11,3.1995e-11,2.2472e-11
3.1035e-11,5.2456e-11,4.1926e-11
2.1821e-11,3.9875e-11,3.4647e-11
1.5946e-11,2.2544e-11,2.3962e-11
2.3286e-11,2.927e-11,2.224e-11
8.5702e-11,8.4852e-11,3.168e-11
1.7947e-11,2.1812e-11,2.4802e-11
2.3275e-11,2.8514e-11,2.2806e-11
1.7366e-11,2.08e-11,2.3971e-11
8.163e-11,6.0893e-11,3.3525e-11
9.6507e-11,8.7005e-11,3.5964e-11
2.7115e-11,2.0765e-11,2.8485e-11
9.9516e-11,8.5703e-11,3.3086e-11
3.0341e-11,3.262e-11,3.8064e-11
2.3032e-11,2.2546e-11,2.7719e-11
3.5683e-11,2.2843e-11,3.2723e-11
8.0253e-11,5.6265e-11,3.083e-11
9.2525e-11,9.2202e-11,5.241e-11
3.8763e-11,2.2889e-11,3.3528e-11
2.9761e-11,2.5663e-11,3.324e-11
4.6551e-11,2.7739e-11,4.0237e-11
6.7098e-11,4.6267e-11,3.3588e-11
6.1255e-11,4.6034e-11,3.6219e-11
1.3639e-10,1.0371e-10,5.083e-11
6.2869e-11,4.4657e-11,3.8527e-11
3.7595e-11,2.6244e-11,3.3847e-11
4.8608e-11,2.0783e-11,4.2314e-11
6.2668e-11,5.514e-11,7.0895e-11
5.9137e-11,4.4576e-11,6.4954e-11
8.158e-11,5.3566e-11,4.8159e-11
5.6816e-11,2.4236e-11,5.028e-11
5.991e-11,4.3408e-11,6.7542e-11
2.6138e-10,1.2545e-10,1.6326e-10
5.5196e-11,2.8916e-11,5.5657e-11
6.0341e-11,3.1932e-11,7.2224e-11
6.7874e-11,3.4861e-11,7.7312e-11
1.0218e-10,7.0641e-11,1.1011e-10
9.2463e-11,4.6123e-11,9.4335e-11
1.7905e-11,2.5054e-11,3.5471e-11
1.3718e-11,2.3987e-11,2.7906e-11
1.7562e-11,1.9343e-11,2.3828e-11
1.8304e-11,2.0258e-11,2.5128e-11
3.5597e-11,4.7379e-11,3.8044e-11
1.1788e-11,2.682e-11,2.6165e-11
1.882e-11,2.1821e-11,2.7175e-11
1.1478e-11,2.0597e-11,2.3238e-11
1.3562e-10,1.3469e-10,1.837e-11
1.0384e-10,1.1677e-10,2.65e-11
4.3146e-11,3.9411e-11,3.0701e-11
6.0814e-11,4.5229e-11,2.5468e-11
2.5907e-11,2.9834e-11,3.232e-11
2.562e-11,1.9844e-11,2.9437e-11
1.8814e-11,2.0346e-11,2.7452e-11
9.1424e-11,7.3004e-11,3.9247e-11
9.5855e-11,8.6596e-11,3.3306e-11
1.2059e-10,1.5941e-10,3.2614e-11
7.5339e-11,5.89e-11,3.3416e-11
2.0351e-11,1.9522e-11,2.6302e-11
2.4859e-11,2.0127e-11,2.9836e-11
2.3306e-11,1.8116e-11,2.8764e-11
3.9605e-11,1.9209e-11,3.915e-11
3.8408e-11,3.2343e-11,4.1709e-11
4.5514e-11,1.8495e-11,4.0014e-11
5.2473e-11,4.6761e-11,6.0429e-11
3.9068e-11,2.5792e-11,4.356e-11
2.4063e-10,1.4385e-10,1.4412e-10
5.4566e-11,2.6823e-11,4.7541e-11
5.4334e-11,2.206e-11,4.7641e-11
5.4136e-11,2.9568e-11,5.2372e-11
7.2118e-11,5.2288e-11,5.9309e-11
8.9267e-11,5.6199e-11,6.3525e-11
7.8426e-11,5.9922e-11,6.8948e-11
1.0253e-10,6.3533e-11,7.4359e-11
7.4565e-11,3.7781e-11,7.3946e-11
8.9965e-11,5.0739e-11,9.1111e-11
1.052e-10,6.9179e-11,1.0303e-10
1.219e-10,6.5836e-11,1.1226e-10
1.2701e-10,6.7897e-11,1.2237e-10
1.8721e-11,2.6547e-11,2.9006e-11
1.0165e-11,1.8201e-11,2.4609e-11
1.2381e-11,1.9218e-11,2.281e-11
1.4896e-11,2.6565e-11,2.4734e-11
2.3448e-11,3.0107e-11,2.8255e-11
2.9774e-11,5.2402e-11,4.3987e-11
4.3358e-11,7.5919e-11,6.0637e-11
9.7954e-11,8.9368e-11,4.1219e-11
2.4857e-11,4.2757e-11,3.6517e-11
3.1028e-11,3.2723e-11,2.2937e-11
7.5718e-11,5.0782e-11,3.161e-11
9.5117e-11,9.111e-11,2.6172e-11
1.883e-11,2.1222e-11,2.3195e-11
2.0525e-11,1.9472e-11,2.4398e-11
4.9179e-11,6.2184e-11,6.1452e-11
5.9343e-11,7.318e-11,7.3763e-11
2.0994e-11,2.2214e-11,2.3442e-11
8.1758e-11,5.5192e-11,3.0563e-11
4.6291e-11,5.0772e-11,5.5418e-11
1.3414e-10,1.1356e-10,5.4995e-11
5.4213e-11,6.0042e-11,6.1284e-11
7.3547e-11,5.4371e-11,3.6413e-11
1.4113e-10,1.8073e-10,6.2939e-11
1.1906e-10,9.456e-11,5.4007e-11
3.4199e-11,2.8014e-11,3.9163e-11
3.4397e-11,2.1055e-11,3.6111e-11
4.7293e-11,4.0747e-11,4.9577e-11
4.6795e-11,2.1996e-11,4.2658e-11
4.598e-11,1.9342e-11,4.0987e-11
1.6723e-10,8.8595e-11,8.3904e-11
4.0314e-11,2.4011e-11,4.6034e-11
7.0188e-11,5.7497e-11,4.9756e-11
5.365e-11,3.8344e-11,6.0165e-11
5.5201e-11,3.9147e-11,4.2105e-11
8.5418e-11,5.2303e-11,7.3885e-11
1.0238e-10,6.136e-11,8.3769e-11
8.0382e-11,6.4754e-11,7.7855e-11
8.2983e-11,4.9662e-11,9.2541e-11
8.166e-11,3.6644e-11,8.7015e-11
1.0003e-10,6.8398e-11,1.1227e-10
8.8293e-11,5.3739e-11,9.5789e-11
9.1667e-11,4.279e-11,9.1711e-11
9.4161e-12,2.2071e-11,2.8428e-11
4.5246e-11,9.0286e-11,6.5449e-11
1.4569e-11,2.9489e-11,2.4088e-11
1.0292e-10,9.3716e-11,3.2135e-11
4.9882e-11,7.9995e-11,6.6622e-11
1.3738e-11,2.2379e-11,2.2465e-11
3.0734e-11,3.4415e-11,2.2658e-11
1.2084e-10,1.2532e-10,1.7346e-11
1.994e-11,2.8635e-11,2.8552e-11
1.5445e-11,2.4336e-11,2.3132e-11
4.6764e-11,6.1095e-11,5.9589e-11
1.4508e-10,1.5926e-10,2.3171e-11
3.5052e-11,3.2019e-11,2.9985e-11
9.4664e-11,1.0149e-10,3.4141e-11
1.1698e-10,1.3394e-10,3.7125e-11
1.296e-10,1.5685e-10,2.8893e-11
5.1934e-11,3.064e-11,3.7606e-11
1.1173e-10,1.0767e-10,4.7187e-11
2.7096e-11,1.8419e-11,3.0626e-11
1.3324e-10,1.0869e-10,5.3684e-11
1.0165e-10,7.3926e-11,4.7621e-11
1.4811e-10,1.7855e-10,7.8358e-11
1.4157e-10,1.0147e-10,7.5429e-11
4.8749e-11,3.194e-11,3.1163e-11
1.611e-10,1.3508e-10,7.8099e-11
4.1262e-11,1.7166e-11,3.7001e-11
2.1773e-10,1.5748e-10,1.252e-10
5.1698e-11,4.5294e-11,5.8717e-11
1.6958e-10,8.3662e-11,9.7147e-11
4.9654e-11,2.8001e-11,5.3757e-11
5.0864e-11,2.2534e-11,4.4803e-11
1.4502e-10,7.5962e-11,7.3389e-11
1.1112e-10,6.6186e-11,7.059e-11
7.27e-11,3.8178e-11,7.1727e-11
7.1524e-11,3.0126e-11,6.7098e-11
7.2871e-11,3.8543e-11,7.4996e-11
8.5298e-11,6.3919e-11,7.8515e-11
6.2781e-11,3.8969e-11,6.3921e-11
8.0817e-11,5.1122e-11,7.184e-11
7.4874e-11,3.2012e-11,6.7441e-11
6.0513e-11,3.5382e-11,6.1842e-11
7.8579e-11,3.1847e-11,7.2833e-11
8.2088e-11,5.6936e-11,8.717e-11
1.0571e-10,6.339e-11,1.13e-10
1.1408e-10,6.1731e-11,1.1586e-10
1.3715e-11,2.3632e-11,2.6416e-11
1.9246e-11,2.8313e-11,3.1199e-11
3.254e-11,4.5266e-11,4.261e-11
5.9992e-12,2.2198e-11,2.3557e-11
5.0419e-11,9.1532e-11,6.705e-11
3.6702e-11,6.3309e-11,5.0046e-11
1.1755e-11,2.4889e-11,2.596e-11
1.5561e-11,2.8316e-11,3.0227e-11
1.5811e-11,2.1226e-11,2.4556e-11
9.4149e-11,1.0186e-10,4.4383e-11
1.0023e-10,9.1639e-11,2.4169e-11
4.547e-11,3.7315e-11,2.6337e-11
6.7998e-11,5.6063e-11,3.1747e-11
1.9302e-11,1.9471e-11,2.2989e-11
5.9573e-11,7.762e-11,7.199e-11
2.0023e-11,2.14e-11,2.3485e-11
2.8478e-11,2.2219e-11,3.1214e-11
8.0078e-11,7.404e-11,3.8416e-11
1.3863e-10,1.6768e-10,4.385e-11
2.4831e-11,1.8935e-11,2.7038e-11
3.0977e-11,2.1253e-11,3.2274e-11
4.8532e-11,2.9906e-11,4.193e-11
1.1328e-10,8.4501e-11,3.842e-11
1.0773e-10,1.0346e-10,4.1004e-11
1.2548e-10,1.6296e-10,4.1818e-11
2.7462e-11,2.1216e-11,2.5809e-11
3.6413e-11,2.0734e-11,3.5073e-11
2.7257e-11,1.7321e-11,2.9602e-11
3.556e-11,2.1995e-11,2.9635e-11
1.1244e-10,1.0285e-10,3.97e-11
2.9414e-11,1.9284e-11,3.1287e-11
1.5255e-10,1.7091e-10,1.0693e-10
1.3376e-10,1.2956e-10,6.1253e-11
4.985e-11,2.061e-11,4.4772e-11
1.3052e-10,7.443e-11,7.237e-11
5.3496e-11,2.3191e-11,4.7678e-11
1.1185e-10,7.3726e-11,7.471e-11
6.0726e-11,2.7049e-11,5.669e-11
6.3959e-11,4.1736e-11,6.1465e-11
1.3515e-10,6.8359e-11,1.0137e-10
7.8576e-11,3.1878e-11,7.3682e-11
8.8227e-11,4.06e-11,9.0676e-11
1.1687e-10,6.2803e-11,1.235e-10
1.284e-10,6.0587e-11,1.4359e-10
2.5443e-11,2.7127e-11,3.2728e-11
1.8262e-11,2.2047e-11,2.619e-11
1.0599e-11,2.3043e-11,2.4415e-11
5.1697e-11,9.3572e-11,6.8511e-11
1.1301e-11,2.5923e-11,2.6205e-11
2.0661e-11,2.6461e-11,2.3251e-11
1.689e-11,2.7441e-11,2.5099e-11
1.4231e-11,2.1193e-11,1.964e-11
8.6941e-11,6.7097e-11,3.4186e-11
2.0739e-11,3.3379e-11,2.6975e-11
2.0472e-11,2.9633e-11,2.9212e-11
3.2476e-11,4.1181e-11,2.5868e-11
1.759e-11,2.186e-11,2.2873e-11
1.5493e-10,1.4838e-10,1.4862e-11
9.9198e-11,1.0994e-10,2.2647e-11
1.4816e-10,1.522e-10,2.6829e-11
3.9514e-11,3.3448e-11,3.616e-11
2.8332e-11,2.0394e-11,3.005e-11
5.1785e-11,6.0005e-11,6.2185e-11
3.2328e-11,3.3081e-11,3.6349e-11
6.2156e-11,5.2043e-11,2.6235e-11
1.287e-10,1.6541e-10,5.254e-11
2.4104e-11,2.1495e-11,2.874e-11
2.3966e-11,2.134e-11,2.9031e-11
6.8394e-11,5.4278e-11,3.7912e-11
6.6148e-11,4.3126e-11,3.1095e-11
3.9115e-11,3.9303e-11,4.4015e-11
5.2334e-11,3.0417e-11,3.6245e-11
6.4514e-11,4.7479e-11,3.9734e-11
3.9653e-11,2.7482e-11,3.406e-11
4.1376e-11,2.1017e-11,3.5879e-11
7.0824e-11,5.2155e-11,6.9575e-11
7.1287e-11,2.7451e-11,7.2212e-11
1.6215e-10,8.6249e-11,1.2487e-10
6.9654e-11,3.3597e-11,7.5536e-11
6.8135e-11,3.6727e-11,6.7051e-11
1.3693e-10,6.0755e-11,1.1852e-10
1.146e-10,5.8224e-11,1.1714e-10
2.1922e-11,2.0366e-11,2.4517e-11
1.085e-11,2.2317e-11,2.4658e-11
1.4303e-11,2.3561e-11,2.5652e-11
1.6291e-11,2.0495e-11,2.6011e-11
2.3117e-11,3.8482e-11,3.1578e-11
1.453e-11,1.7704e-11,2.7086e-11
1.2771e-11,2.0642e-11,1.9367e-11
8.6041e-11,7.0692e-11,3.562e-11
4.4369e-11,6.4376e-11,5.028e-11
4.2083e-11,3.8528e-11,2.3731e-11
9.2369e-11,9.9859e-11,2.7196e-11
2.1573e-11,1.9987e-11,2.2833e-11
1.1422e-10,1.4191e-10,3.036e-11
7.9306e-11,5.5611e-11,2.5809e-11
4.4547e-11,3.2077e-11,2.5442e-11
3.2252e-11,2.0075e-11,3.2129e-11
1.4461e-10,1.0741e-10,6.2474e-11
2.6817e-11,1.8081e-11,3.0386e-11
2.6885e-11,1.7532e-11,3.0125e-11
8.9615e-11,5.1692e-11,3.8723e-11
3.4431e-11,1.8849e-11,3.4406e-11
5.9375e-11,2.9195e-11,4.7381e-11
5.913e-11,5.7726e-11,6.8745e-11
5.2846e-11,4.121e-11,2.929e-11
7.4474e-11,4.7105e-11,4.3417e-11
1.9986e-10,1.3346e-10,1.2187e-10
2.0877e-10,1.3387e-10,1.2446e-10
5.1524e-11,2.7371e-11,5.9213e-11
1.4502e-10,6.8206e-11,8.7724e-11
5.7447e-11,2.9444e-11,6.5029e-11
7.5811e-11,5.1261e-11,6.4257e-11
5.6795e-11,3.2223e-11,6.08e-11
1.0438e-10,6.3222e-11,7.7586e-11
8.0682e-11,4.8474e-11,7.5889e-11
7.7426e-11,4.8939e-11,9.3635e-11
1.3462e-10,7.0192e-11,1.2444e-10
7.143e-11,4.3276e-11,7.334e-11
7.9234e-11,4.0478e-11,8.2454e-11
9.7803e-11,4.4241e-11,1.0912e-10
1.8558e-11,2.4329e-11,2.7168e-11
2.4218e-11,2.4518e-11,2.8509e-11
2.3502e-11,2.1075e-11,2.2847e-11
1.5202e-11,1.9492e-11,2.3626e-11
4.0301e-11,6.0732e-11,4.5591e-11
1.9198e-11,1.9428e-11,1.9544e-11
1.615e-11,2.3209e-11,1.9769e-11
8.6027e-11,6.6717e-11,3.1407e-11
2.265e-11,2.6836e-11,2.1095e-11
8.8379e-11,6.9209e-11,4.2829e-11
1.9504e-11,2.5799e-11,1.9738e-11
8.5073e-11,6.9775e-11,3.4447e-11
1.3217e-11,2.2826e-11,2.2547e-11
3.5148e-11,3.4019e-11,2.734e-11
4.0076e-11,3.5393e-11,2.4158e-11
9.9773e-11,9.2257e-11,2.8655e-11
4.55e-11,5.8596e-11,5.005e-11
5.9574e-11,4.712e-11,1.9229e-11
5.5019e-11,4.5261e-11,2.3555e-11
1.6518e-11,1.9098e-11,2.1643e-11
1.9184e-11,2.0922e-11,2.2965e-11
3.7885e-11,4.1592e-11,4.3051e-11
1.1402e-10,1.4301e-10,4.0831e-11
2.9774e-11,2.088e-11,3.3997e-11
5.0179e-11,3.3096e-11,2.5131e-11
1.0924e-10,9.7969e-11,3.9525e-11
1.2755e-10,1.4205e-10,5.6087e-11
2.634e-11,1.6836e-11,2.9363e-11
6.4448e-11,4.9137e-11,3.5373e-11
2.7618e-11,1.7488e-11,3.1355e-11
4.5968e-11,2.9505e-11,3.6066e-11
6.2359e-11,4.6547e-11,3.8944e-11
6.2105e-11,6.3218e-11,7.0907e-11
6.9309e-11,5.6035e-11,4.076e-11
4.934e-11,2.011e-11,4.4932e-11
1.1847e-10,5.7412e-11,7.6653e-11
7.8119e-11,3.9843e-11,8.0661e-11
8.5928e-11,4.078e-11,8.7849e-11
7.7683e-11,3.5903e-11,7.9277e-11
9.6329e-11,5.0798e-11,1.0911e-10
1.0484e-10,4.3817e-11,1.1939e-10
8.8979e-12,1.8244e-11,2.2374e-11
1.6049e-11,2.7702e-11,2.8466e-11
1.9072e-11,2.1361e-11,2.3113e-11
1.5944e-11,2.294e-11,2.0173e-11
2.3629e-11,2.5675e-11,2.4286e-11
1.0149e-10,9.3896e-11,3.3424e-11
5.2599e-11,4.392e-11,2.1087e-11
8.7947e-11,8.4944e-11,2.8681e-11
1.1854e-10,1.2586e-10,2.0348e-11
1.447e-10,1.431e-10,1.6283e-11
2.2753e-11,2.4233e-11,2.4629e-11
2.6138e-11,2.7764e-11,2.9644e-11
7.829e-11,5.8421e-11,3.2087e-11
8.3717e-11,6.5931e-11,3.0931e-11
6.1562e-11,5.2633e-11,2.6465e-11
2.2197e-11,1.6508e-11,2.6689e-11
8.5552e-11,6.1763e-11,4.4328e-11
6.7393e-11,4.9083e-11,3.0764e-11
2.5454e-11,2.2747e-11,3.0222e-11
3.5312e-11,3.6726e-11,3.8256e-11
3.5936e-11,3.7146e-11,3.8752e-11
4.212e-11,4.2653e-11,4.6076e-11
9.0689e-11,6.2852e-11,4.5163e-11
3.7563e-11,2.7315e-11,3.0482e-11
5.6343e-11,2.8902e-11,4.5126e-11
7.929e-11,6.2752e-11,4.6738e-11
3.6807e-11,2.3222e-11,3.1877e-11
3.501e-11,1.9552e-11,3.6717e-11
4.5366e-11,2.07e-11,4.2466e-11
5.2157e-11,2.6425e-11,4.7079e-11
2.2149e-10,1.3937e-10,1.3528e-10
4.4272e-11,3.1008e-11,4.8383e-11
1.6885e-10,8.9434e-11,1.0613e-10
4.1645e-11,2.2742e-11,3.8904e-11
1.8537e-10,8.7413e-11,1.2798e-10
2.4496e-10,9.3893e-11,1.6841e-10
6.668e-11,3.7197e-11,7.0539e-11
1.2248e-10,5.7995e-11,8.4775e-11
5.806e-11,2.4971e-11,5.9398e-11
6.0185e-11,2.8876e-11,6.8754e-11
1.5771e-10,7.3199e-11,1.1824e-10
7.2928e-11,4.1316e-11,7.5922e-11
1.0055e-10,5.1239e-11,1.1174e-10
1.3873e-10,5.0707e-11,1.4077e-10
1.2205e-10,4.9212e-11,1.3852e-10
1.1103e-10,4.5762e-11,1.247e-10
1.3091e-10,5.0083e-11,1.4582e-10
1.4506e-11,1.9419e-11,2.06e-11
1.8681e-11,2.0656e-11,2.8312e-11
1.7073e-11,3.038e-11,2.6917e-11
2.8843e-11,3.0967e-11,3.0403e-11
1.8702e-11,3.1658e-11,2.6895e-11
8.1031e-11,6.6145e-11,2.6251e-11
4.4345e-11,6.4655e-11,5.13e-11
1.4896e-11,2.2382e-11,2.1703e-11
4.673e-11,6.6544e-11,5.4835e-11
2.2488e-11,2.3625e-11,2.9143e-11
3.4087e-11,3.261e-11,2.3909e-11
2.6384e-11,2.9421e-11,2.733e-11
6.2011e-11,4.3087e-11,2.3231e-11
5.7065e-11,5.8639e-11,5.8183e-11
9.9171e-11,8.0132e-11,4.6153e-11
1.2536e-10,1.5043e-10,6.4696e-11
2.584e-11,1.8751e-11,2.9126e-11
4.8794e-11,5.0294e-11,5.1723e-11
3.3245e-11,3.434e-11,3.582e-11
9.2587e-11,6.496e-11,4.4014e-11
1.5394e-10,1.2936e-10,9.3659e-11
1.8067e-10,1.4945e-10,1.0252e-10
4.1076e-11,1.9841e-11,4.1959e-11
2.0462e-10,9.4854e-11,1.0438e-10
3.6896e-11,2.3996e-11,3.4497e-11
4.6205e-11,2.2852e-11,4.478e-11
2.3655e-10,1.006e-10,1.5698e-10
5.0273e-11,2.7491e-11,5.0291e-11
7.826e-11,4.3271e-11,8.3275e-11
7.7662e-11,4.5588e-11,8.1179e-11
9.9122e-11,5.5388e-11,1.0753e-10
1.0482e-10,4.2222e-11,1.2477e-10
1.2738e-11,1.8422e-11,2.0565e-11
5.629e-11,8.3257e-11,6.4033e-11
1.0172e-11,2.0384e-11,2.3855e-11
5.3645e-11,4.532e-11,2.4702e-11
1.7424e-11,2.5755e-11,2.5611e-11
6.6094e-11,5.5841e-11,1.8932e-11
1.7713e-11,1.9794e-11,2.1494e-11
5.7515e-11,5.6018e-11,2.7117e-11
8.7059e-11,8.2843e-11,2.5787e-11
2.0759e-11,2.8024e-11,2.2207e-11
4.1334e-11,4.9948e-11,4.5076e-11
7.8838e-11,5.9031e-11,2.9178e-11
9.1805e-11,9.0579e-11,2.9785e-11
2.0276e-11,2.3117e-11,2.4986e-11
2.3649e-11,2.6094e-11,2.502e-11
5.2133e-11,5.771e-11,5.8095e-11
7.2224e-11,5.1653e-11,2.8497e-11
3.0447e-11,2.3424e-11,2.2734e-11
1.3134e-10,1.58e-10,3.2635e-11
5.8527e-11,6.4775e-11,6.5782e-11
1.285e-10,1.6129e-10,4.8591e-11
5.015e-11,3.4458e-11,2.811e-11
4.2393e-11,2.9853e-11,2.6172e-11
8.7557e-11,6.8163e-11,4.5137e-11
2.6226e-11,2.3714e-11,3.0381e-11
7.7587e-11,5.0843e-11,3.5018e-11
6.6153e-11,4.7487e-11,4.0737e-11
6.1242e-11,4.0751e-11,4.2699e-11
5.3307e-11,3.4218e-11,4.4683e-11
3.7099e-11,2.1353e-11,4.0358e-11
3.8437e-11,2.1978e-11,3.6257e-11
5.5312e-11,2.7408e-11,5.4584e-11
7.4256e-11,4.1227e-11,7.7706e-11
1.3848e-10,6.529e-11,1.3613e-10
1.0451e-10,5.4036e-11,1.1047e-10
8.3347e-11,3.7127e-11,9.6121e-11
1.3005e-10,4.8802e-11,1.5859e-10
2.5144e-11,3.2982e-11,3.3532e-11
6.571e-11,6.1249e-11,2.4057e-11
4.7366e-11,4.8369e-11,2.8768e-11
8.1628e-11,6.3308e-11,3.5995e-11
3.3868e-11,3.4767e-11,2.546e-11
6.5916e-11,5.7328e-11,2.3695e-11
8.0662e-11,5.9941e-11,2.7834e-11
2.9335e-11,3.4023e-11,2.4824e-11
4.8654e-11,3.8908e-11,2.0626e-11
9.6055e-11,9.4016e-11,3.8e-11
6.7942e-11,4.3097e-11,2.6368e-11
8.5401e-11,7.3878e-11,3.9614e-11
4.111e-11,3.9536e-11,4.2667e-11
7.0561e-11,5.5113e-11,3.7828e-11
3.484e-11,3.675e-11,3.7924e-11
1.316e-10,1.4056e-10,6.3304e-11
6.5239e-11,4.3728e-11,3.6764e-11
7.8708e-11,4.615e-11,4.1004e-11
4.031e-11,1.8483e-11,3.5104e-11
4.8423e-11,2.6652e-11,5.0116e-11
2.2587e-10,8.491e-11,1.5545e-10
1.2347e-10,4.0011e-11,1.3641e-10
9.6728e-12,2.158e-11,2.1922e-11
3.1165e-11,1.8493e-11,2.5246e-11
2.9988e-11,4.6601e-11,3.801e-11
1.6446e-11,2.3025e-11,2.3652e-11
3.5309e-11,3.9331e-11,2.532e-11
1.6138e-11,2.4926e-11,2.2867e-11
8.4537e-11,6.7624e-11,3.3546e-11
1.7933e-11,2.4317e-11,2.0698e-11
3.1576e-11,4.528e-11,3.6291e-11
1.3463e-11,1.7647e-11,2.0403e-11
7.0053e-11,6.4493e-11,2.1087e-11
7.4141e-11,7.5106e-11,2.5568e-11
8.6683e-11,8.0346e-11,3.0896e-11
1.1069e-10,1.217e-10,3.5767e-11
3.8081e-11,3.2899e-11,2.3485e-11
4.5242e-11,3.063e-11,2.417e-11
6.5705e-11,4.6504e-11,3.5961e-11
3.1502e-11,2.4464e-11,2.2878e-11
4.3206e-11,3.6545e-11,2.5407e-11
1.0403e-10,1.1401e-10,4.321e-11
3.7294e-11,3.1111e-11,2.5798e-11
2.3714e-11,2.0374e-11,2.5418e-11
7.1491e-11,4.9268e-11,3.5544e-11
1.4197e-10,1.3763e-10,7.6689e-11
3.266e-11,1.9897e-11,3.2504e-11
5.6783e-11,4.6701e-11,6.0817e-11
1.4358e-10,6.7154e-11,8.4562e-11
3.7437e-11,2.0097e-11,3.6708e-11
3.3666e-11,2.0901e-11,3.4994e-11
1.2952e-10,6.6357e-11,8.3776e-11
5.2522e-11,2.1907e-11,5.7074e-11
6.8606e-11,4.3826e-11,6.7303e-11
6.1029e-11,3.3965e-11,6.4919e-11
6.8182e-11,2.5417e-11,7.5125e-11
7.1064e-11,3.4934e-11,8.1151e-11
9.1604e-11,3.4554e-11,1.1192e-10
1.086e-10,3.873e-11,1.4003e-10
1.3749e-10,4.6791e-11,1.4672e-10
1.0638e-10,4.1022e-11,1.2033e-10
1.6663e-11,2.0089e-11,2.0368e-11
1.5075e-11,2.0199e-11,2.4134e-11
2.5083e-11,2.5613e-11,2.4605e-11
1.2597e-11,2.394e-11,2.297e-11
1.4807e-11,2.5037e-11,2.3271e-11
1.1033e-11,1.7264e-11,2.0463e-11
6.171e-11,7.8708e-11,6.0868e-11
1.3175e-11,1.9351e-11,1.9165e-11
6.8216e-11,6.2356e-11,2.6179e-11
1.5259e-11,2.0446e-11,1.9607e-11
1.4472e-11,2.0732e-11,2.1031e-11
2.2601e-11,3.8208e-11,2.5332e-11
2.1063e-11,2.5989e-11,2.4656e-11
7.5918e-11,7.5734e-11,3.2708e-11
3.2608e-11,3.3404e-11,2.2881e-11
5.2775e-11,6.8145e-11,5.5693e-11
1.8712e-11,2.6565e-11,2.0021e-11
5.4062e-11,6.3412e-11,5.4112e-11
8.4875e-11,7.9153e-11,2.5364e-11
5.3907e-11,6.0419e-11,6.0491e-11
9.585e-11,1.1026e-10,2.9702e-11
2.642e-11,2.5373e-11,2.6892e-11
6.2477e-11,6.4734e-11,6.624e-11
5.1682e-11,3.3668e-11,2.6806e-11
8.2072e-11,6.8399e-11,4.0098e-11
9.8764e-11,1.0851e-10,4.6355e-11
1.0052e-10,1.3735e-10,4.0375e-11
4.1152e-11,3.9977e-11,4.3276e-11
1.1235e-10,1.0911e-10,5.7113e-11
3.4032e-11,3.3456e-11,3.6459e-11
2.8538e-11,1.8816e-11,3.0804e-11
1.5532e-10,1.1809e-10,7.7819e-11
1.3573e-10,9.313e-11,9.9438e-11
2.2054e-10,1.2215e-10,1.1756e-10
4.2529e-11,1.7283e-11,4.134e-11
4.2161e-11,2.5727e-11,4.5801e-11
8.419e-11,5.7e-11,7.1846e-11
5.3751e-11,2.1041e-11,5.9742e-11
7.9983e-11,5.6423e-11,7.2008e-11
2.1834e-10,7.9664e-11,1.476e-10
2.1024e-10,7.8148e-11,1.5504e-10
6.273e-11,3.6123e-11,6.6987e-11
6.1395e-11,3.1397e-11,7.2385e-11
6.6857e-11,3.3447e-11,7.6761e-11
6.5337e-11,3.4197e-11,7.2118e-11
7.1674e-11,2.7331e-11,8.1592e-11
8.9433e-11,4.7696e-11,1.0981e-10
1.8021e-11,2.7677e-11,2.687e-11
1.4742e-11,2.098e-11,2.4084e-11
2.5003e-11,2.6461e-11,2.5514e-11
4.3e-11,5.5372e-11,4.0941e-11
1.6124e-11,2.9657e-11,3.1649e-11
5.3792e-11,7.9272e-11,5.5708e-11
3.1282e-11,3.9548e-11,3.1574e-11
3.6487e-11,4.7766e-11,3.9833e-11
1.848e-11,2.0092e-11,2.8231e-11
1.5817e-11,2.3853e-11,2.2704e-11
3.6038e-11,3.7259e-11,2.2154e-11
7.7012e-11,7.1594e-11,2.4071e-11
2.161e-11,2.4667e-11,2.3883e-11
7.4677e-11,7.0443e-11,2.5499e-11
7.7313e-11,5.4939e-11,3.1004e-11
5.3337e-11,3.966e-11,2.5027e-11
5.3549e-11,3.984e-11,2.4649e-11
1.0016e-10,9.3443e-11,4.0738e-11
1.2022e-10,1.4502e-10,2.858e-11
4.7844e-11,3.3403e-11,2.525e-11
8.6795e-11,1.125e-10,3.2711e-11
5.0917e-11,3.1063e-11,3.0566e-11
3.1989e-11,3.2272e-11,3.5004e-11
2.416e-11,1.9518e-11,2.5973e-11
5.8542e-11,4.5839e-11,3.3654e-11
1.2135e-10,1.3518e-10,5.309e-11
3.95e-11,4.0407e-11,4.2114e-11
5.537e-11,5.4725e-11,6.2687e-11
3.3652e-11,2.4177e-11,3.5446e-11
3.0879e-11,1.7811e-11,3.146e-11
3.6971e-11,1.845e-11,3.3821e-11
1.4056e-10,8.3336e-11,7.6746e-11
5.6481e-11,4.5934e-11,6.5462e-11
5.2093e-11,4.0912e-11,5.4705e-11
6.2415e-11,4.3246e-11,6.0922e-11
4.4121e-11,2.581e-11,4.8248e-11
4.7894e-11,2.713e-11,5.3027e-11
1.7825e-10,7.2585e-11,1.4891e-10
5.5759e-11,2.8685e-11,5.6352e-11
9.4055e-11,4.0684e-11,1.0032e-10
8.1376e-11,3.5904e-11,8.5398e-11
8.4007e-11,3.8444e-11,8.6307e-11
8.1103e-11,3.7796e-11,9.0943e-11
8.2413e-11,3.7186e-11,9.7847e-11
1.5735e-11,1.9236e-11,2.1549e-11
3.9489e-11,5.1076e-11,3.9148e-11
2.9489e-11,3.9626e-11,3.1999e-11
9.011e-11,6.979e-11,3.2175e-11
2.0535e-11,2.2314e-11,2.1101e-11
4.9713e-11,4.704e-11,2.3604e-11
1.7373e-11,1.868e-11,2.1792e-11
3.8522e-11,3.448e-11,1.7453e-11
2.7988e-11,3.4162e-11,2.6322e-11
6.5583e-11,5.4843e-11,2.1626e-11
3.876e-11,4.7125e-11,3.4841e-11
2.1351e-11,2.9361e-11,2.3842e-11
2.8605e-11,3.0441e-11,2.2413e-11
4.3429e-11,4.1379e-11,2.3255e-11
8.758e-11,9.2909e-11,4.4721e-11
4.9693e-11,3.1318e-11,2.785e-11
4.6371e-11,3.063e-11,2.976e-11
4.2173e-11,3.9283e-11,4.1651e-11
1.4106e-10,1.3041e-10,7.3677e-11
3.6454e-11,2.8208e-11,3.6346e-11
3.2894e-11,1.7441e-11,3.4332e-11
8.8797e-11,5.5743e-11,7.2597e-11
6.4937e-11,3.5332e-11,6.6788e-11
4.6957e-11,2.8145e-11,4.8677e-11
4.894e-11,2.1399e-11,4.9059e-11
9.6079e-11,6.4995e-11,9.3889e-11
1.0787e-10,6.2218e-11,1.0152e-10
6.439e-11,2.5596e-11,7.3758e-11
7.0498e-11,2.4752e-11,8.1931e-11
7.6925e-11,2.6471e-11,9.0593e-11
8.6965e-11,5.0935e-11,9.7862e-11
1.2328e-10,4.9153e-11,1.2993e-10
1.1324e-10,3.4861e-11,1.4415e-10
1.3911e-11,1.8441e-11,2.3204e-11
1.5906e-11,1.9476e-11,2.4775e-11
1.3889e-11,2.3983e-11,2.456e-11
1.9946e-11,3.3812e-11,2.2268e-11
2.8117e-11,3.4197e-11,2.1022e-11
4.5264e-11,5.5182e-11,3.7698e-11
8.4e-11,6.7748e-11,2.2631e-11
1.615e-11,2.1914e-11,2.1082e-11
2.0043e-11,2.2002e-11,2.0204e-11
1.2259e-11,1.8141e-11,1.8624e-11
1.2371e-11,1.734e-11,1.8914e-11
2.8886e-11,4.1631e-11,3.1489e-11
4.1198e-11,3.6336e-11,2.0149e-11
2.203e-11,1.908e-11,2.3998e-11
2.9469e-11,4.1602e-11,3.1218e-11
7.0353e-11,7.0294e-11,3.6495e-11
3.5754e-11,3.7694e-11,3.5916e-11
6.5391e-11,5.547e-11,3.3613e-11
7.9269e-11,8.0087e-11,3.76e-11
3.8977e-11,3.0026e-11,3.3188e-11
2.9823e-11,2.3817e-11,2.9058e-11
4.45e-11,4.0922e-11,2.2552e-11
1.037e-10,1.3996e-10,3.5934e-11
4.9398e-11,5.1946e-11,5.2052e-11
7.8868e-11,4.8799e-11,4.5186e-11
6.9591e-11,4.8074e-11,4.0763e-11
3.6899e-11,1.5317e-11,3.6244e-11
1.1711e-10,5.3299e-11,8.6676e-11
4.2497e-11,1.9671e-11,4.3727e-11
4.4833e-11,2.31e-11,4.3945e-11
5.1586e-11,2.4311e-11,6.1192e-11
6.6786e-11,3.7065e-11,7.1367e-11
7.5974e-11,2.6445e-11,9.0033e-11
7.5293e-11,2.931e-11,9.1425e-11
1.2132e-10,4.6902e-11,1.2838e-10
1.0843e-10,3.0064e-11,1.3694e-10
2.1606e-11,2.2261e-11,2.6378e-11
1.7722e-11,2.1798e-11,2.4361e-11
1.4961e-11,1.8811e-11,2.3383e-11
1.6465e-11,1.921e-11,2.0226e-11
1.3432e-11,2.5075e-11,2.356e-11
1.9708e-11,2.1101e-11,2.3549e-11
1.5083e-11,1.8996e-11,2.5224e-11
5.9562e-11,7.3116e-11,5.2282e-11
2.4506e-11,3.2812e-11,3.1968e-11
2.9983e-11,3.4358e-11,2.2487e-11
6.2089e-11,8.177e-11,6.3984e-11
1.0499e-11,1.5986e-11,2.521e-11
2.9879e-11,3.6926e-11,3.4732e-11
3.4341e-11,3.711e-11,4.0367e-11
5.2825e-11,5.633e-11,5.5763e-11
4.5889e-11,4.0737e-11,2.2072e-11
4.8605e-11,4.0877e-11,3.2051e-11
7.5627e-11,6.889e-11,3.7524e-11
1.1279e-10,1.4415e-10,3.6286e-11
1.1294e-10,1.4832e-10,4.0606e-11
3.9999e-11,3.151e-11,2.9867e-11
2.4339e-11,2.0447e-11,2.6897e-11
4.3693e-11,3.8782e-11,3.4346e-11
2.5124e-11,1.9101e-11,2.7168e-11
5.3705e-11,4.8869e-11,6.0813e-11
3.3282e-11,1.665e-11,2.9441e-11
8.9831e-11,5.4864e-11,7.6949e-11
4.6166e-11,2.6967e-11,4.9115e-11
4.2466e-11,2.556e-11,4.3015e-11
4.1555e-11,2.4085e-11,4.2242e-11
4.4432e-11,2.1342e-11,4.6566e-11
6.5524e-11,3.3413e-11,7.4437e-11
6.3882e-11,2.5125e-11,7.2187e-11
5.6583e-11,2.2289e-11,6.8216e-11
6.765e-11,3.4309e-11,7.5616e-11
6.949e-11,3.514e-11,7.8791e-11
1.1762e-10,5.3746e-11,1.2207e-10
1.1266e-10,4.2054e-11,1.1078e-10
9.5741e-11,3.3857e-11,1.2008e-10
1.6286e-11,2.1203e-11,1.9304e-11
1.2497e-11,1.7636e-11,1.7773e-11
1.7294e-11,2.2163e-11,2.9769e-11
5.6514e-11,4.8525e-11,2.0722e-11
6.0465e-11,8.4568e-11,6.0174e-11
1.5609e-11,1.9468e-11,2.5097e-11
5.9273e-11,5.1223e-11,2.6113e-11
2.286e-11,2.824e-11,2.1398e-11
1.114e-11,1.7698e-11,2.8128e-11
3.55e-11,3.9437e-11,3.5103e-11
4.5493e-11,3.3709e-11,2.8102e-11
3.6571e-11,3.115e-11,3.0059e-11
3.7911e-11,3.1735e-11,3.2163e-11
5.6586e-11,4.5447e-11,2.6643e-11
4.9666e-11,3.1157e-11,2.7547e-11
3.0101e-11,3.1492e-11,3.3804e-11
1.0026e-10,8.799e-11,5.7193e-11
5.587e-11,4.3177e-11,3.329e-11
1.1162e-10,9.1193e-11,6.7275e-11
1.2051e-10,8.7594e-11,6.8858e-11
1.1445e-10,8.5293e-11,7.1838e-11
2.7801e-11,2.0213e-11,2.9933e-11
1.5769e-10,9.158e-11,1.0527e-10
1.4774e-10,1.1059e-10,7.1677e-11
3.2441e-11,1.4806e-11,3.004e-11
5.1467e-11,3.759e-11,5.2654e-11
6.3895e-11,4.0467e-11,6.1236e-11
5.0163e-11,3.2802e-11,5.7239e-11
4.7672e-11,2.6226e-11,5.5305e-11
1.4965e-10,7.1423e-11,1.3818e-10
5.4206e-11,1.6975e-11,5.8559e-11
1.5693e-10,6.9703e-11,1.3863e-10
1.155e-10,6.5981e-11,1.1384e-10
7.9696e-11,3.3037e-11,9.4195e-11
1.3162e-10,5.7264e-11,1.3575e-10
7.7092e-11,2.567e-11,9.1526e-11
9.1801e-11,2.881e-11,1.1115e-10
1.1769e-10,3.8387e-11,1.3031e-10
9.9425e-11,3.9801e-11,1.2647e-10
1.2774e-10,3.8289e-11,1.38e-10
9.5466e-11,3.3216e-11,1.161e-10
1.1802e-11,1.972e-11,2.2887e-11
1.4572e-11,1.5485e-11,2.3413e-11
1.4137e-11,1.8013e-11,2.1027e-11
1.5152e-11,1.9089e-11,1.7638e-11
1.8322e-11,2.1972e-11,2.5521e-11
7.9257e-11,6.5238e-11,2.4372e-11
2.4963e-11,2.4311e-11,2.4626e-11
8.3742e-11,6.8561e-11,2.0115e-11
8.9186e-11,6.7678e-11,3.1816e-11
2.7123e-11,3.2258e-11,2.2822e-11
7.5626e-11,6.8234e-11,2.753e-11
1.6779e-11,1.9685e-11,1.9346e-11
2.6847e-11,3.4965e-11,2.2267e-11
6.4556e-11,5.5886e-11,2.736e-11
4.6148e-11,5.5452e-11,4.4669e-11
3.9425e-11,3.2488e-11,3.3387e-11
7.3342e-11,6.9407e-11,4.0541e-11
2.16e-11,2.421e-11,2.5146e-11
5.007e-11,3.1012e-11,2.9579e-11
2.3376e-11,2.2927e-11,2.5928e-11
3.7847e-11,2.2463e-11,3.0686e-11
5.1093e-11,5.1725e-11,5.2517e-11
5.5807e-11,4.2658e-11,3.2691e-11
3.0067e-11,3.0318e-11,3.4727e-11
2.5856e-11,2.4876e-11,2.9021e-11
3.1658e-11,1.3323e-11,2.9268e-11
9.0028e-11,5.4816e-11,7.5283e-11
3.4582e-11,1.4024e-11,3.4133e-11
3.8292e-11,1.5674e-11,3.688e-11
6.8243e-11,3.9419e-11,5.8805e-11
7.5657e-11,3.8571e-11,6.5075e-11
1.8868e-10,8.3133e-11,1.1106e-10
6.623e-11,4.3501e-11,6.8331e-11
8.4155e-11,3.9242e-11,9.0164e-11
5.0903e-11,2.7307e-11,5.8484e-11
8.1496e-11,3.8128e-11,9.2204e-11
1.147e-10,6.6448e-11,1.3114e-10
1.1232e-10,5.5896e-11,1.2515e-10
1.2459e-10,5.9232e-11,1.3135e-10
8.2653e-11,2.8492e-11,1.0942e-10
9.3618e-11,3.2383e-11,1.1702e-10
1.3107e-11,1.6766e-11,2.184e-11
1.9217e-11,1.9609e-11,2.5584e-11
3.7509e-11,4.3176e-11,3.77e-11
1.707e-11,1.7553e-11,2.2401e-11
2.1609e-11,1.6073e-11,2.5997e-11
1.7676e-11,1.8544e-11,2.1596e-11
1.6402e-11,1.6074e-11,2.2202e-11
3.4833e-11,2.6512e-11,2.3687e-11
4.095e-11,3.9732e-11,2.2756e-11
5.4121e-11,7.1629e-11,5.064e-11
5.1206e-11,7.1904e-11,5.0032e-11
1.8156e-11,2.8152e-11,1.8285e-11
3.5035e-11,3.7167e-11,2.8869e-11
7.375e-11,6.6054e-11,2.3185e-11
6.5044e-11,5.7003e-11,3.1845e-11
4.963e-11,3.6499e-11,2.7527e-11
3.5355e-11,2.9909e-11,3.6816e-11
3.3809e-11,3.012e-11,2.3942e-11
3.9999e-11,3.6114e-11,3.6246e-11
6.3206e-11,6.6303e-11,6.4021e-11
4.7633e-11,4.1677e-11,3.4024e-11
3.1704e-11,2.9014e-11,2.3889e-11
2.993e-11,2.4413e-11,2.7671e-11
4.7074e-11,4.0588e-11,3.2038e-11
5.4914e-11,4.2456e-11,2.8997e-11
4.5844e-11,4.6025e-11,3.2392e-11
5.4045e-11,5.7829e-11,6.061e-11
5.2708e-11,4.6126e-11,2.5898e-11
4.1254e-11,3.9852e-11,3.1745e-11
5.4361e-11,3.999e-11,4.5252e-11
2.6011e-11,1.7794e-11,2.788e-11
1.5725e-10,1.2443e-10,7.2907e-11
3.4035e-11,1.7265e-11,3.0918e-11
5.1772e-11,3.4806e-11,5.3395e-11
5.6653e-11,3.2701e-11,6.1076e-11
6.938e-11,3.9814e-11,7.512e-11
6.669e-11,3.9278e-11,7.1456e-11
5.976e-11,2.2328e-11,6.5507e-11
6.4371e-11,3.1445e-11,7.7417e-11
6.3593e-11,3.1538e-11,7.1524e-11
1.0113e-10,5.1894e-11,1.1339e-10
8.3623e-11,3.012e-11,1.031e-10
1.531e-11,1.6521e-11,2.0018e-11
3.8843e-11,4.4368e-11,3.6199e-11
1.2986e-11,1.7358e-11,1.8117e-11
2.2968e-11,2.7205e-11,2.2119e-11
2.1473e-11,3.8056e-11,4.0171e-11
2.3887e-11,2.2825e-11,2.8884e-11
1.9417e-11,2.7137e-11,2.8914e-11
1.168e-11,1.6033e-11,1.8825e-11
1.8074e-11,1.7193e-11,2.179e-11
5.0871e-11,7.1338e-11,5.7415e-11
2.3015e-11,2.9686e-11,2.9658e-11
2.2306e-11,2.4992e-11,3.2792e-11
4.797e-11,3.7679e-11,2.7365e-11
4.861e-11,5.7868e-11,4.7498e-11
3.1207e-11,2.9291e-11,3.0081e-11
3.8758e-11,3.337e-11,2.6316e-11
4.8245e-11,4.1794e-11,3.3694e-11
5.1705e-11,3.848e-11,2.7055e-11
2.7082e-11,3.1033e-11,3.0934e-11
4.494e-11,3.8327e-11,2.0872e-11
4.5407e-11,3.4918e-11,2.0685e-11
4.4187e-11,3.4516e-11,2.0771e-11
4.9183e-11,3.3341e-11,2.407e-11
5.2214e-11,5.4922e-11,5.7194e-11
8.9597e-11,6.3666e-11,4.8612e-11
5.6604e-11,5.6964e-11,5.7449e-11
1.0102e-10,7.2886e-11,5.6954e-11
2.3159e-11,1.7599e-11,2.5377e-11
1.4434e-10,1.1386e-10,7.4447e-11
3.0426e-11,1.4291e-11,2.8103e-11
3.7742e-11,2.6979e-11,3.8596e-11
5.8786e-11,4.7039e-11,6.2259e-11
4.0776e-11,2.125e-11,4.5597e-11
4.6792e-11,2.7247e-11,5.4157e-11
6.4764e-11,3.543e-11,6.902e-11
7.0054e-11,3.497e-11,8.2541e-11
7.4936e-11,3.462e-11,1.0281e-10
1.1446e-10,2.1839e-11,1.4422e-10
1.92e-11,1.8498e-11,2.5446e-11
1.8739e-11,1.909e-11,2.3967e-11
1.5014e-11,1.9399e-11,1.8329e-11
2.3257e-11,2.7132e-11,1.8906e-11
4.7735e-11,5.2667e-11,3.4609e-11
1.5026e-11,1.7964e-11,1.9178e-11
2.3126e-11,3.3036e-11,3.3948e-11
1.4529e-11,1.7521e-11,2.0235e-11
5.3434e-11,7.4383e-11,4.8923e-11
1.4898e-11,1.9247e-11,1.9622e-11
2.2209e-11,3.3114e-11,2.1701e-11
1.1424e-11,1.6788e-11,1.9084e-11
5.2841e-11,5.0679e-11,2.7001e-11
6.141e-11,7.1447e-11,5.7807e-11
5.2866e-11,6.4183e-11,5.152e-11
3.8572e-11,3.3823e-11,2.5353e-11
2.6045e-11,2.0923e-11,2.0645e-11
3.1343e-11,3.0329e-11,2.9221e-11
3.3508e-11,3.6252e-11,3.4405e-11
2.5754e-11,3.1355e-11,2.9438e-11
2.6591e-11,2.2972e-11,2.5503e-11
7.8725e-11,7.5507e-11,3.4786e-11
6.1579e-11,6.3687e-11,6.6332e-11
6.5289e-11,6.8217e-11,4.2566e-11
2.5222e-11,2.6575e-11,2.8709e-11
1.9669e-11,2.2705e-11,2.2816e-11
3.0139e-11,3.201e-11,3.2982e-11
2.9773e-11,2.1953e-11,2.6268e-11
6.7775e-11,4.3841e-11,3.6129e-11
6.9688e-11,5.3463e-11,4.5821e-11
9.4898e-11,1.2479e-10,4.7189e-11
8.511e-11,7.226e-11,4.9815e-11
5.0596e-11,4.9843e-11,5.3642e-11
3.2625e-11,1.7192e-11,3.2368e-11
4.9547e-11,3.7286e-11,4.8588e-11
7.4562e-11,5.1806e-11,7.0217e-11
1.4301e-10,7.7197e-11,1.1156e-10
5.2544e-11,3.4133e-11,5.4168e-11
8.6892e-11,2.4665e-11,1.1654e-10
1.2821e-10,2.8898e-11,1.5294e-10
1.032e-11,1.5124e-11,2.094e-11
9.3231e-12,2.0238e-11,2.6715e-11
3.1877e-11,4.0224e-11,3.2971e-11
1.9912e-11,1.8538e-11,3.0149e-11
2.1981e-11,3.2098e-11,2.2702e-11
5.5311e-11,5.024e-11,2.2066e-11
1.7098e-11,2.0207e-11,2.0104e-11
5.536e-11,5.1432e-11,2.5925e-11
4.7783e-11,4.073e-11,3.0938e-11
2.3363e-11,3.5045e-11,2.4546e-11
1.7881e-11,2.0393e-11,2.3786e-11
3.8746e-11,3.3742e-11,2.467e-11
4.7626e-11,4.4419e-11,3.5835e-11
7.3459e-11,7.1153e-11,4.2591e-11
4.6298e-11,3.2973e-11,2.4673e-11
5.9347e-11,5.5991e-11,3.7918e-11
4.3911e-11,4.3604e-11,4.7916e-11
4.5679e-11,3.5379e-11,2.7829e-11
2.4028e-11,2.1271e-11,2.639e-11
2.3098e-11,1.4998e-11,2.4231e-11
9.52e-11,9.7408e-11,5.5942e-11
1.0666e-10,1.3485e-10,4.6254e-11
4.1203e-11,4.1196e-11,4.5155e-11
2.9215e-11,2.6861e-11,3.2428e-11
2.8423e-11,2.1445e-11,2.9781e-11
8.9899e-11,5.2912e-11,8.2267e-11
4.0972e-11,2.5439e-11,4.2493e-11
1.0824e-10,2.2101e-11,1.3652e-10
1.1758e-10,3.1663e-11,1.5615e-10
1.5322e-11,1.8157e-11,2.0778e-11
2.5191e-11,3.0789e-11,2.9527e-11
2.6794e-11,2.7626e-11,3.8276e-11
4.6813e-11,6.3341e-11,3.7693e-11
1.7117e-11,1.9736e-11,1.6917e-11
4.5419e-11,4.57e-11,3.3715e-11
2.1889e-11,2.981e-11,3.3359e-11
5.729e-11,6.2698e-11,4.4461e-11
1.9553e-11,2.2096e-11,2.5259e-11
1.8258e-11,1.9145e-11,3.2546e-11
5.6926e-11,4.9474e-11,1.958e-11
1.1494e-11,1.5205e-11,1.7203e-11
5.65e-11,5.1364e-11,2.276e-11
3.2096e-11,3.1697e-11,3.2971e-11
6.4372e-11,5.8873e-11,3.216e-11
1.6892e-11,2.2075e-11,2.2361e-11
3.0633e-11,3.0887e-11,3.0301e-11
5.1775e-11,3.3697e-11,2.5695e-11
4.9658e-11,4.3853e-11,2.7568e-11
3.8328e-11,2.7248e-11,2.7207e-11
5.409e-11,5.4626e-11,5.4992e-11
6.7424e-11,6.7071e-11,4.2669e-11
2.2108e-11,2.4396e-11,2.3935e-11
5.3563e-11,3.9554e-11,2.6654e-11
2.1568e-11,2.2203e-11,2.3288e-11
6.3108e-11,5.3143e-11,3.9139e-11
4.1942e-11,4.0108e-11,4.5681e-11
8.1499e-11,5.8735e-11,5.1224e-11
2.176e-11,1.4403e-11,2.25e-11
8.9088e-11,6.5503e-11,6.1228e-11
3.2666e-11,2.2576e-11,3.3718e-11
4.4899e-11,2.2873e-11,4.2558e-11
4.9149e-11,3.8115e-11,5.2753e-11
4.8562e-11,2.8914e-11,4.6284e-11
3.8363e-11,2.7283e-11,4.2266e-11
1.1254e-10,5.5733e-11,9.9023e-11
3.8263e-11,2.3851e-11,3.5557e-11
4.3109e-11,2.0784e-11,4.6393e-11
7.6199e-11,3.4569e-11,9.522e-11
1.0509e-10,2.8192e-11,1.3231e-10
1.1068e-10,3.5353e-11,1.4591e-10
1.166e-10,1.6336e-11,1.4946e-10
1.247e-11,1.7287e-11,2.5699e-11
1.8946e-11,1.9496e-11,2.2936e-11
2.5607e-11,2.4213e-11,2.4142e-11
1.4903e-11,2.5702e-11,3.4527e-11
2.4592e-11,2.9163e-11,2.8348e-11
3.9471e-11,4.7595e-11,3.2814e-11
2.3376e-11,2.4704e-11,3.0546e-11
3.7967e-11,4.2219e-11,4.2163e-11
6.0516e-11,5.5247e-11,2.7397e-11
4.3059e-11,4.6397e-11,4.1494e-11
4.5833e-11,3.6883e-11,2.1963e-11
6.3919e-11,5.9512e-11,3.4842e-11
3.2736e-11,3.1266e-11,3.0063e-11
3.3941e-11,3.2219e-11,2.9684e-11
2.7602e-11,3.1886e-11,2.6726e-11
2.719e-11,3.0302e-11,2.7727e-11
3.0232e-11,2.7534e-11,3.0569e-11
2.3507e-11,2.593e-11,2.5972e-11
3.2852e-11,2.5375e-11,2.0679e-11
2.7518e-11,2.774e-11,2.2379e-11
5.6161e-11,5.6655e-11,3.4119e-11
9.106e-11,1.2739e-10,3.7146e-11
3.7388e-11,3.0297e-11,2.6332e-11
7.5837e-11,7.4181e-11,5.8068e-11
2.7046e-11,2.2673e-11,2.5284e-11
3.0195e-11,2.897e-11,3.3699e-11
9.575e-11,5.1832e-11,7.1424e-11
1.5804e-10,1.128e-10,6.6753e-11
6.0433e-11,5.5181e-11,6.6197e-11
3.0227e-11,1.8147e-11,3.3413e-11
1.4304e-10,6.285e-11,8.8855e-11
5.3706e-11,3.5871e-11,5.7787e-11
3.1777e-11,2.026e-11,3.2542e-11
3.3097e-11,1.5862e-11,3.001e-11
6.0929e-11,4.6083e-11,6.2911e-11
1.8271e-10,7.8262e-11,1.1682e-10
3.7167e-11,1.4736e-11,4.3019e-11
4.0689e-11,1.5113e-11,4.9801e-11
4.5845e-11,2.6464e-11,4.6833e-11
5.4156e-11,2.8885e-11,5.5816e-11
4.8583e-11,1.7048e-11,5.8727e-11
1.0181e-10,3.0195e-11,1.3234e-10
9.3405e-11,3.0541e-11,1.13e-10
8.9007e-11,2.4887e-11,1.1304e-10
9.0053e-11,1.9302e-11,1.1783e-10
1.1499e-10,1.4844e-11,1.4091e-10
1.1965e-10,2.7838e-11,1.4304e-10
1.1149e-10,2.1452e-11,1.4837e-10
1.2264e-10,1.7051e-11,1.5237e-10
1.1453e-10,1.9514e-11,1.4258e-10
1.1647e-10,1.9867e-11,1.5286e-10
1.0769e-11,1.6263e-11,2.3662e-11
1.5713e-11,1.9586e-11,2.3627e-11
1.9407e-11,2.2053e-11,2.8803e-11
1.7909e-11,1.9123e-11,3.2656e-11
1.7803e-11,2.8497e-11,4.0152e-11
1.3981e-11,1.7595e-11,1.8388e-11
5.2628e-11,5.1578e-11,2.6399e-11
2.7421e-11,4.7166e-11,3.7313e-11
1.7185e-11,1.808e-11,2.4419e-11
5.6348e-11,6.453e-11,4.3186e-11
2.2118e-11,2.6729e-11,2.64e-11
4.5763e-11,3.6758e-11,2.1666e-11
3.0678e-11,3.2443e-11,3.1692e-11
4.7488e-11,4.3465e-11,3.1132e-11
6.1393e-11,6.2858e-11,2.8839e-11
2.388e-11,1.9284e-11,2.3703e-11
6.1315e-11,4.8711e-11,3.0944e-11
4.0976e-11,2.8264e-11,2.6296e-11
5.9572e-11,4.1345e-11,2.9954e-11
8.9838e-11,1.2628e-10,4.3288e-11
9.8639e-11,1.316e-10,4.9929e-11
2.4269e-11,2.0398e-11,2.4602e-11
3.8968e-11,3.2735e-11,4.2416e-11
2.8503e-11,2.0633e-11,2.5974e-11
2.7114e-11,2.171e-11,2.626e-11
1.4835e-10,1.0545e-10,9.1065e-11
3.0713e-11,1.8046e-11,3.2713e-11
3.2897e-11,1.9951e-11,3.3923e-11
3.2172e-11,1.6524e-11,3.0109e-11
4.168e-11,2.096e-11,4.1893e-11
3.7831e-11,2.454e-11,3.8566e-11
4.5046e-11,2.2616e-11,4.5023e-11
5.3763e-11,3.4114e-11,5.7298e-11
6.233e-11,2.8037e-11,8.3757e-11
6.3843e-11,2.8097e-11,8.6702e-11
6.5176e-11,3.2016e-11,7.4963e-11
7.1397e-11,1.7467e-11,8.8525e-11
8.6786e-11,2.4577e-11,1.116e-10
1.1389e-10,2.753e-11,1.4095e-10
1.7624e-11,2.5225e-11,3.6713e-11
1.44e-11,1.7626e-11,1.8298e-11
1.8006e-11,2.1013e-11,2.7419e-11
3.2472e-11,3.3467e-11,3.3031e-11
3.594e-11,3.5889e-11,3.7707e-11
1.6173e-11,2.5444e-11,3.3211e-11
3.6947e-11,4.8691e-11,2.9913e-11
3.6158e-11,4.76e-11,2.884e-11
2.0987e-11,1.7678e-11,2.0394e-11
2.3247e-11,3.4883e-11,2.2335e-11
4.2986e-11,5.019e-11,3.7711e-11
4.3578e-11,4.8108e-11,3.8829e-11
2.2499e-11,3.4552e-11,2.3453e-11
5.6445e-11,5.1347e-11,2.1537e-11
5.4858e-11,5.212e-11,2.7007e-11
5.3682e-11,4.7467e-11,2.5427e-11
1.5717e-11,2.014e-11,2.3279e-11
2.9719e-11,2.5546e-11,2.7519e-11
2.9761e-11,2.4754e-11,2.7924e-11
3.7269e-11,3.272e-11,2.021e-11
2.7187e-11,3.0943e-11,2.8516e-11
7.2601e-11,5.6824e-11,4.9319e-11
9.9564e-11,1.1689e-10,5.6128e-11
2.8966e-11,2.7694e-11,3.2451e-11
5.2557e-11,4.9942e-11,5.6419e-11
2.6394e-11,1.7236e-11,2.5218e-11
1.6792e-10,1.0722e-10,6.5018e-11
3.0483e-11,1.6274e-11,2.6943e-11
3.7069e-11,1.7031e-11,4.6193e-11
6.7523e-11,3.9281e-11,7.3789e-11
7.4783e-11,2.2737e-11,9.8847e-11
2.0727e-11,1.9911e-11,2.9406e-11
3.0867e-11,2.4574e-11,2.5591e-11
1.7231e-11,1.8923e-11,1.8866e-11
1.5262e-11,3.1357e-11,2.3763e-11
4.7482e-11,5.6571e-11,3.2086e-11
1.5759e-11,2.1484e-11,2.2998e-11
1.8994e-11,1.8869e-11,2.2782e-11
4.765e-11,3.8481e-11,2.4621e-11
4.6141e-11,3.4314e-11,2.3521e-11
2.9604e-11,2.425e-11,2.8366e-11
5.5183e-11,4.2213e-11,2.666e-11
3.8636e-11,4.1447e-11,4.2416e-11
5.0751e-11,5.0545e-11,4.9409e-11
3.3057e-11,2.7893e-11,2.7962e-11
1.1622e-10,1.1507e-10,5.223e-11
7.7687e-11,5.2852e-11,6.313e-11
5.8042e-11,3.8988e-11,6.1935e-11
2.8695e-11,2.4312e-11,2.8712e-11
3.4308e-11,2.6522e-11,3.6334e-11
3.0681e-11,1.447e-11,3.5073e-11
4.0609e-11,2.0858e-11,4.4439e-11
3.3734e-11,1.9028e-11,3.1946e-11
4.4449e-11,2.9918e-11,5.61e-11
5.8565e-11,4.4324e-11,6.2016e-11
4.6596e-11,2.3091e-11,6.0226e-11
4.7483e-11,2.434e-11,5.9107e-11
4.46e-11,1.4334e-11,5.2025e-11
5.0908e-11,2.5302e-11,5.1181e-11
5.4078e-11,1.7414e-11,6.128e-11
7.7957e-11,2.9809e-11,9.0342e-11
6.8941e-11,2.3216e-11,8.4774e-11
8.4463e-11,2.1139e-11,1.0174e-10
1.0832e-10,1.3485e-11,1.3361e-10
1.502e-11,2.3162e-11,2.9014e-11
2.9765e-11,2.8521e-11,2.5042e-11
1.5522e-11,1.741e-11,1.8158e-11
1.6619e-11,1.8214e-11,2.1009e-11
1.3226e-11,2.1598e-11,2.7176e-11
2.8979e-11,2.981e-11,2.2848e-11
1.8843e-11,2.3469e-11,3.3406e-11
2.7168e-11,2.2309e-11,2.501e-11
1.6862e-11,2.4891e-11,3.0821e-11
4.7063e-11,5.7059e-11,2.2898e-11
4.7814e-11,5.1148e-11,2.9573e-11
4.518e-11,5.4531e-11,2.5517e-11
1.3423e-11,1.5015e-11,1.7004e-11
6.0339e-11,5.6771e-11,2.4268e-11
3.4438e-11,3.816e-11,3.4881e-11
5.7096e-11,5.3064e-11,2.5798e-11
4.862e-11,3.6089e-11,2.6456e-11
3.3062e-11,3.3142e-11,3.2817e-11
1.9151e-11,1.607e-11,1.9857e-11
2.6249e-11,3.0006e-11,1.6575e-11
2.6315e-11,1.5295e-11,2.3437e-11
2.8236e-11,2.4708e-11,2.5277e-11
5.9896e-11,5.6324e-11,3.9216e-11
2.4112e-11,2.7476e-11,3.3202e-11
5.3588e-11,4.037e-11,3.8896e-11
4.3232e-11,4.4832e-11,4.6078e-11
3.1527e-11,3.5251e-11,3.9613e-11
2.4124e-11,1.6018e-11,2.346e-11
2.5438e-11,1.6616e-11,2.4512e-11
3.6727e-11,2.8723e-11,3.935e-11
3.0956e-11,1.6836e-11,2.8754e-11
4.3922e-11,2.1103e-11,4.679e-11
6.1059e-11,3.6942e-11,6.6753e-11
5.1465e-11,1.5379e-11,6.1244e-11
5.9432e-11,1.4394e-11,7.1573e-11
7.0907e-11,2.9503e-11,8.7044e-11
6.4069e-11,3.3823e-11,6.9477e-11
5.7001e-11,1.7431e-11,6.9925e-11
5.4382e-11,2.4815e-11,6.5871e-11
6.7391e-11,3.2245e-11,8.2067e-11
8.0349e-11,3.1777e-11,1.058e-10
1.0737e-10,1.718e-11,1.3315e-10
1.5136e-11,1.97e-11,2.3637e-11
1.4457e-11,1.8825e-11,2.2221e-11
2.1074e-11,2.6039e-11,3.0572e-11
3.293e-11,4.1749e-11,2.1751e-11
1.8293e-11,2.225e-11,2.0628e-11
1.8057e-11,2.2528e-11,2.1577e-11
4.329e-11,5.2978e-11,3.63e-11
3.3722e-11,4.2002e-11,2.7259e-11
3.479e-11,3.6682e-11,3.9073e-11
1.4569e-11,1.4214e-11,1.8251e-11
4.1272e-11,3.295e-11,3.4641e-11
2.4833e-11,1.612e-11,2.3233e-11
1.8676e-11,1.8109e-11,2.0894e-11
2.1319e-11,1.8833e-11,2.0489e-11
6.3852e-11,4.0472e-11,3.2076e-11
6.7246e-11,5.618e-11,4.1716e-11
2.5411e-11,1.845e-11,2.4079e-11
4.6715e-11,3.8391e-11,3.5187e-11
4.5943e-11,4.8197e-11,4.8505e-11
2.2744e-11,1.8894e-11,2.194e-11
1.181e-10,9.2945e-11,6.9002e-11
5.499e-11,3.9592e-11,5.7986e-11
2.8405e-11,2.2261e-11,2.8139e-11
3.0202e-11,1.3399e-11,3.2372e-11
9.5851e-11,5.1309e-11,9.4253e-11
3.3533e-11,1.8858e-11,3.0309e-11
3.4328e-11,2.1033e-11,3.1902e-11
3.9932e-11,2.6752e-11,4.9785e-11
5.3825e-11,3.7346e-11,6.5841e-11
6.1789e-11,3.2563e-11,7.4624e-11
1.1367e-10,5.7507e-11,1.1101e-10
5.9865e-11,3.5739e-11,7.088e-11
1.5703e-10,5.6313e-11,1.257e-10
5.2129e-11,3.034e-11,5.5942e-11
1.0056e-10,5.7019e-11,1.09e-10
4.2569e-11,2.3962e-11,4.9845e-11
5.4124e-11,2.7852e-11,5.6089e-11
5.7468e-11,1.9062e-11,7.6487e-11
6.4381e-11,3.6309e-11,7.123e-11
5.6588e-11,2.9619e-11,6.0969e-11
5.4874e-11,1.9954e-11,6.1955e-11
5.7059e-11,1.2628e-11,6.8518e-11
9.0549e-11,3.7464e-11,1.0842e-10
9.5597e-11,3.4114e-11,1.1477e-10
1.0718e-10,4.4987e-11,1.1925e-10
9.1441e-11,1.8475e-11,1.1433e-10
1.0157e-10,2.302e-11,1.3063e-10
1.1263e-10,1.6463e-11,1.4541e-10
1.039e-10,1.4943e-11,1.379e-10
1.1214e-10,1.1599e-11,1.4334e-10
3.1993e-11,2.5776e-11,2.4135e-11
1.7881e-11,1.9995e-11,2.9907e-11
2.2685e-11,2.5388e-11,2.6989e-11
1.6999e-11,2.7955e-11,1.8275e-11
1.4624e-11,2.5048e-11,1.9251e-11
4.7102e-11,5.7423e-11,3.0792e-11
1.8195e-11,2.3272e-11,1.665e-11
1.3029e-11,1.4341e-11,1.8277e-11
1.9518e-11,2.9829e-11,2.6475e-11
1.5079e-11,2.0426e-11,1.9792e-11
3.1952e-11,4.3063e-11,2.832e-11
2.8698e-11,3.6858e-11,2.785e-11
5.2984e-11,6.505e-11,4.5902e-11
2.5015e-11,3.2749e-11,2.2038e-11
3.8994e-11,4.7609e-11,3.8051e-11
3.4818e-11,3.5306e-11,2.8052e-11
5.8714e-11,4.178e-11,2.7587e-11
2.7476e-11,2.8018e-11,2.6176e-11
6.1247e-11,4.953e-11,3.9135e-11
4.9772e-11,5.0982e-11,4.8131e-11
1.3768e-10,1.1087e-10,6.7291e-11
2.6909e-11,1.2281e-11,2.3893e-11
3.3529e-11,1.6709e-11,3.8972e-11
5.5573e-11,3.4614e-11,6.1006e-11
1.2126e-10,7.2102e-11,8.0095e-11
1.913e-10,7.0701e-11,9.6487e-11
4.0405e-11,1.1955e-11,4.8314e-11
7.2186e-11,3.3104e-11,9.0769e-11
4.2327e-11,1.8474e-11,4.4704e-11
5.6854e-11,3.4968e-11,6.2928e-11
5.0577e-11,2.4773e-11,5.1545e-11
6.216e-11,1.2914e-11,8.6052e-11
7.5409e-11,2.9427e-11,9.7165e-11
7.7447e-11,1.347e-11,1.0462e-10
9.3406e-11,1.4562e-11,1.1868e-10
9.1432e-11,8.2503e-12,1.2011e-10
1.1107e-10,1.2293e-11,1.4183e-10
3.3425e-11,2.8409e-11,2.3248e-11
2.8113e-11,2.3814e-11,3.5102e-11
3.7522e-11,4.5952e-11,2.9471e-11
2.5059e-11,3.5237e-11,3.9787e-11
1.6918e-11,1.88e-11,1.6475e-11
1.9694e-11,2.5537e-11,1.7415e-11
1.4964e-11,1.4405e-11,2.0364e-11
1.7102e-11,2.2714e-11,2.14e-11
2.9967e-11,3.7049e-11,3.1057e-11
6.6325e-11,5.9137e-11,3.0501e-11
2.8579e-11,2.8316e-11,2.394e-11
2.6929e-11,2.3449e-11,2.3894e-11
2.0648e-11,1.6578e-11,2.107e-11
1.6591e-11,1.5691e-11,1.6139e-11
1.8433e-11,1.615e-11,1.8827e-11
2.0345e-11,1.4218e-11,1.53e-11
2.7757e-11,2.4342e-11,2.8816e-11
2.3749e-11,2.0032e-11,2.0908e-11
5.3551e-11,4.7758e-11,4.083e-11
6.6112e-11,5.455e-11,5.5311e-11
2.2208e-11,1.4797e-11,2.1032e-11
2.4427e-11,1.3439e-11,2.1581e-11
2.848e-11,1.3332e-11,2.4934e-11
2.8977e-11,1.6756e-11,2.4477e-11
2.8554e-11,2.0129e-11,2.8522e-11
3.1192e-11,1.857e-11,3.1014e-11
6.1908e-11,5.0785e-11,6.3632e-11
1.221e-10,5.2982e-11,1.0442e-10
6.6103e-11,3.0739e-11,8.3217e-11
9.8314e-11,5.3468e-11,1.1133e-10
9.4404e-11,5.4528e-11,1.1525e-10
8.6719e-11,2.8293e-11,1.0806e-10
1.096e-10,3.6735e-11,1.2313e-10
2.1971e-11,1.7837e-11,2.0862e-11
1.6206e-11,1.7984e-11,1.7219e-11
4.6818e-11,5.4965e-11,3.4867e-11
1.4108e-11,1.6774e-11,1.9082e-11
2.2164e-11,1.8217e-11,2.8124e-11
3.1656e-11,2.8307e-11,3.6025e-11
2.9349e-11,3.6472e-11,3.0313e-11
6.172e-11,5.5732e-11,2.5721e-11
2.9677e-11,2.8322e-11,3.6258e-11
5.9672e-11,5.6325e-11,2.7325e-11
2.7361e-11,3.5264e-11,2.1379e-11
7.4592e-11,8.4229e-11,2.9691e-11
4.0458e-11,4.6389e-11,4.2372e-11
3.5113e-11,3.9301e-11,3.1712e-11
3.121e-11,1.994e-11,2.204e-11
5.7931e-11,5.0445e-11,3.3313e-11
7.6553e-11,8.9934e-11,3.6308e-11
2.4332e-11,2.0086e-11,2.4278e-11
2.4231e-11,1.6526e-11,2.1242e-11
2.2742e-11,1.9843e-11,2.5272e-11
5.4583e-11,5.7657e-11,5.4769e-11
2.9642e-11,2.9096e-11,3.3972e-11
1.1904e-10,9.8053e-11,5.6637e-11
4.8363e-11,3.3063e-11,4.9779e-11
2.5635e-11,1.3415e-11,2.1882e-11
2.7197e-11,1.6311e-11,2.6056e-11
2.9952e-11,1.2905e-11,3.0239e-11
3.2399e-11,1.6391e-11,3.2718e-11
3.3393e-11,2.476e-11,3.4454e-11
4.319e-11,3.0362e-11,4.6537e-11
1.3016e-10,6.4336e-11,1.2825e-10
4.5428e-11,2.1315e-11,5.2725e-11
9.9512e-11,4.1195e-11,1.2469e-10
3.5649e-11,2.7531e-11,2.3958e-11
3.4511e-11,4.2636e-11,2.7625e-11
2.0741e-11,2.2795e-11,4.3176e-11
1.4562e-11,1.8882e-11,3.7549e-11
3.0213e-11,4.2446e-11,2.0199e-11
2.4089e-11,2.8731e-11,3.0241e-11
6.5748e-11,5.9265e-11,2.2794e-11
2.0549e-11,2.8115e-11,2.1319e-11
1.6712e-11,2.4179e-11,2.0143e-11
6.8149e-11,6.2321e-11,3.5387e-11
1.4345e-11,2.0208e-11,1.9218e-11
4.0646e-11,3.256e-11,3.1112e-11
3.0476e-11,2.9843e-11,3.337e-11
7.963e-11,1.0014e-10,2.8729e-11
7.5295e-11,8.1869e-11,3.4835e-11
4.9687e-11,5.0548e-11,4.6755e-11
5.1303e-11,4.1358e-11,3.7519e-11
3.0354e-11,1.864e-11,2.5288e-11
5.564e-11,3.9586e-11,4.203e-11
5.4593e-11,5.6938e-11,5.3105e-11
7.7764e-11,5.6639e-11,6.2025e-11
5.1372e-11,5.1695e-11,4.9832e-11
2.2612e-11,2.1961e-11,2.2666e-11
7.4171e-11,4.8684e-11,6.7757e-11
1.1568e-10,9.0416e-11,5.7638e-11
3.7558e-11,1.125e-11,4.5484e-11
4.4344e-11,1.939e-11,4.5494e-11
4.5941e-11,1.6133e-11,5.4381e-11
5.5536e-11,1.9534e-11,8.0421e-11
6.5507e-11,2.5062e-11,8.4245e-11
1.018e-10,4.7009e-11,1.2905e-10
7.1855e-11,2.6959e-11,9.1871e-11
7.5457e-11,2.7723e-11,9.4807e-11
2.1096e-11,1.8677e-11,1.6121e-11
2.9247e-11,3.5967e-11,2.4027e-11
2.3947e-11,2.0566e-11,1.867e-11
3.4544e-11,2.1664e-11,2.3006e-11
3.037e-11,3.5015e-11,3.5438e-11
4.8921e-11,5.6738e-11,5.0977e-11
5.1056e-11,6.1007e-11,4.0667e-11
1.8544e-11,2.2833e-11,2.0744e-11
1.8668e-11,2.29e-11,2.2181e-11
3.1836e-11,3.7544e-11,2.3159e-11
3.8629e-11,4.2447e-11,4.9147e-11
3.8856e-11,3.6966e-11,4.2093e-11
2.2728e-11,2.0747e-11,2.4911e-11
2.8913e-11,2.5754e-11,2.7935e-11
5.7543e-11,5.0769e-11,3.3417e-11
7.4084e-11,7.9343e-11,3.185e-11
2.1911e-11,2.8428e-11,2.4737e-11
4.1524e-11,4.6468e-11,4.2448e-11
2.2763e-11,1.7216e-11,2.31e-11
2.457e-11,1.3857e-11,1.9598e-11
5.1999e-11,5.6539e-11,4.0013e-11
3.6916e-11,4.0193e-11,3.6637e-11
1.9467e-11,2.1127e-11,2.0954e-11
3.3113e-11,3.2719e-11,3.5856e-11
5.2384e-11,2.9976e-11,4.9935e-11
2.3264e-11,1.316e-11,2.0051e-11
4.3782e-11,3.5949e-11,4.3923e-11
2.7842e-11,1.3776e-11,2.9121e-11
4.0755e-11,2.6198e-11,4.9087e-11
1.3303e-10,6.4305e-11,8.7375e-11
1.6408e-10,7.7271e-11,8.7387e-11
5.7749e-11,4.6111e-11,5.9065e-11
5.6977e-11,3.6723e-11,7.5756e-11
6.0511e-11,4.4468e-11,6.8868e-11
4.0702e-11,2.1472e-11,4.3486e-11
4.6418e-11,2.475e-11,4.9224e-11
4.5875e-11,2.2935e-11,5.3067e-11
7.3131e-11,3.8451e-11,1.0351e-10
6.1483e-11,2.6421e-11,9.1014e-11
5.8877e-11,2.1433e-11,7.4769e-11
2.1491e-11,1.5795e-11,2.7415e-11
3.4003e-11,4.0395e-11,3.9744e-11
4.5139e-11,5.4499e-11,3.8043e-11
2.4111e-11,2.2321e-11,2.3743e-11
3.9682e-11,5.7301e-11,3.561e-11
5.0199e-11,6.0059e-11,4.1185e-11
1.9181e-11,2.3031e-11,2.6775e-11
1.6694e-11,1.5432e-11,2.8049e-11
3.9843e-11,5.531e-11,4.3852e-11
1.6328e-11,1.9759e-11,2.6705e-11
2.442e-11,2.8346e-11,2.4677e-11
3.7425e-11,3.6898e-11,3.8383e-11
1.7241e-11,1.3262e-11,1.9166e-11
5.8796e-11,7.3546e-11,4.965e-11
6.2224e-11,7.1586e-11,5.5088e-11
2.1268e-11,2.6959e-11,2.367e-11
5.7024e-11,4.8211e-11,3.7978e-11
2.1867e-11,2.6213e-11,2.3126e-11
7.0521e-11,5.6702e-11,5.4338e-11
2.0166e-11,2.0689e-11,2.4552e-11
7.0071e-11,5.5314e-11,5.5773e-11
6.8645e-11,6.0662e-11,5.3037e-11
2.5819e-11,1.6901e-11,2.4766e-11
2.7934e-11,1.2889e-11,3.0129e-11
3.12e-11,1.4343e-11,3.3363e-11
3.1846e-11,2.3748e-11,3.0821e-11
4.0192e-11,1.672e-11,4.5425e-11
6.1652e-11,3.4999e-11,8.5471e-11
4.6409e-11,1.3863e-11,5.4414e-11
5.8858e-11,3.3217e-11,6.5293e-11
6.4103e-11,2.5849e-11,8.3335e-11
2.9673e-11,1.8864e-11,2.9767e-11
2.5964e-11,1.853e-11,2.1851e-11
1.9381e-11,2.4326e-11,2.2818e-11
6.0423e-11,5.7517e-11,6.9629e-11
4.761e-11,5.7695e-11,3.7204e-11
1.3289e-11,1.9122e-11,2.1957e-11
1.5606e-11,2.5403e-11,2.2258e-11
4.6982e-11,5.4518e-11,4.7004e-11
4.1808e-11,5.4244e-11,3.6668e-11
2.0531e-11,2.0432e-11,1.7875e-11
2.0041e-11,1.2781e-11,1.9045e-11
5.5176e-11,3.6061e-11,3.1713e-11
1.6176e-11,1.3143e-11,1.584e-11
5.4036e-11,5.5092e-11,3.9349e-11
5.2676e-11,3.8573e-11,3.499e-11
5.0002e-11,5.7083e-11,4.1137e-11
3.0967e-11,3.4187e-11,2.868e-11
5.8702e-11,4.7795e-11,4.379e-11
5.5341e-11,3.746e-11,4.0569e-11
5.6704e-11,5.7261e-11,5.3824e-11
4.7071e-11,4.7376e-11,4.4503e-11
2.2075e-11,2.5242e-11,2.3143e-11
2.7975e-11,1.7233e-11,2.572e-11
5.9663e-11,5.3856e-11,5.8703e-11
3.8233e-11,3.4089e-11,4.0584e-11
3.2035e-11,1.8675e-11,3.4392e-11
3.3617e-11,2.7655e-11,3.4148e-11
3.0174e-11,1.9034e-11,2.8223e-11
4.6602e-11,3.8434e-11,4.9321e-11
3.7568e-11,1.7672e-11,3.6849e-11
1.6575e-10,6.7654e-11,1.023e-10
3.8041e-11,1.8549e-11,3.6792e-11
4.5711e-11,2.1982e-11,6.6536e-11
6.4054e-11,3.3748e-11,9.1984e-11
5.2703e-11,2.6397e-11,5.6402e-11
4.8241e-11,2.1553e-11,7.4296e-11
5.2432e-11,2.5929e-11,5.6799e-11
6.6653e-11,2.3919e-11,8.9998e-11
3.308e-11,3.0918e-11,3.2118e-11
4.161e-11,4.4401e-11,3.1801e-11
2.5345e-11,2.8235e-11,2.473e-11
9.9135e-11,1.2608e-10,2.0994e-11
1.9509e-11,1.9942e-11,1.6577e-11
6.0359e-11,6.8069e-11,2.277e-11
3.6348e-11,4.7275e-11,2.1738e-11
9.9122e-11,1.0154e-10,2.6026e-11
2.5078e-11,2.8683e-11,2.0618e-11
3.5186e-11,4.7619e-11,3.2355e-11
3.8293e-11,3.5269e-11,2.2042e-11
7.2764e-11,9.7826e-11,3.2651e-11
6.076e-11,8.4557e-11,3.5239e-11
3.3105e-11,2.0568e-11,2.7761e-11
5.1521e-11,5.4315e-11,3.9936e-11
5.7627e-11,4.1155e-11,3.6628e-11
5.9331e-11,7.3526e-11,3.7116e-11
4.5371e-11,4.7691e-11,4.1518e-11
2.8136e-11,3.1094e-11,2.7599e-11
2.8765e-11,2.0807e-11,2.0015e-11
5.3543e-11,6.3409e-11,4.9333e-11
8.1289e-11,5.3517e-11,6.2863e-11
4.7507e-11,3.3437e-11,4.4513e-11
2.186e-11,1.611e-11,2.0414e-11
4.7566e-11,2.9804e-11,5.2622e-11
4.9963e-11,4.7942e-11,4.9546e-11
5.756e-11,5.53e-11,5.753e-11
3.3468e-11,1.8521e-11,3.7085e-11
3.0106e-11,1.0391e-11,3.4247e-11
3.1577e-11,1.4183e-11,3.5098e-11
2.9778e-11,1.7362e-11,2.7277e-11
3.815e-11,2.3094e-11,5.2486e-11
4.1178e-11,3.1576e-11,4.3242e-11
2.9236e-11,1.6065e-11,2.7885e-11
1.3974e-10,6.1418e-11,9.0691e-11
6.2938e-11,5.0536e-11,6.9179e-11
3.212e-11,1.3651e-11,3.123e-11
8.116e-11,4.8589e-11,1.1053e-10
4.3595e-11,1.467e-11,5.2634e-11
5.5468e-11,1.6552e-11,7.0308e-11
4.6432e-11,2.3255e-11,4.7257e-11
6.2536e-11,2.6789e-11,9.6762e-11
4.9734e-11,1.513e-11,6.4175e-11
5.8694e-11,1.6229e-11,7.5939e-11
8.8078e-11,2.8822e-11,1.1659e-10
8.9411e-11,2.9344e-11,1.0801e-10
6.7704e-11,2.713e-11,7.7542e-11
7.4341e-11,2.1423e-11,1.0133e-10
9.1456e-11,1.0947e-11,1.1842e-10
2.2906e-11,2.4668e-11,1.6726e-11
9.9354e-11,1.2369e-10,2.0493e-11
2.0899e-11,2.2208e-11,2.0943e-11
3.0016e-11,2.2227e-11,3.5879e-11
1.8175e-11,2.667e-11,2.3084e-11
2.8177e-11,3.7483e-11,3.0197e-11
1.0331e-10,1.4405e-10,1.915e-11
3.9034e-11,5.2203e-11,2.5282e-11
4.8884e-11,4.5333e-11,5.389e-11
6.2101e-11,8.7505e-11,2.9215e-11
1.7383e-11,1.9207e-11,2.279e-11
5.5995e-11,7.0591e-11,3.5137e-11
5.9177e-11,8.8861e-11,2.9083e-11
4.9593e-11,5.4918e-11,3.8328e-11
7.3063e-11,1.2076e-10,3.9946e-11
1.5355e-11,1.5301e-11,1.9421e-11
5.0659e-11,5.418e-11,3.778e-11
2.7119e-11,1.9491e-11,2.6439e-11
3.5713e-11,3.2997e-11,4.1639e-11
5.975e-11,4.1393e-11,4.2547e-11
5.0925e-11,5.1204e-11,4.0171e-11
3.641e-11,3.9824e-11,3.5975e-11
2.0707e-11,2.2355e-11,2.0864e-11
2.4014e-11,2.151e-11,2.5235e-11
2.7874e-11,2.7466e-11,2.7433e-11
8.0036e-11,4.644e-11,6.6032e-11
3.6145e-11,1.8589e-11,3.6995e-11
4.2856e-11,3.8827e-11,4.4291e-11
3.8496e-11,1.5351e-11,4.2872e-11
3.1543e-11,1.1645e-11,3.0798e-11
1.5138e-10,6.0344e-11,1.0504e-10
4.3611e-11,2.9857e-11,4.6299e-11
4.2646e-11,2.2746e-11,6.189e-11
9.5518e-11,4.7845e-11,1.1347e-10
5.7688e-11,3.5377e-11,6.4459e-11
4.5832e-11,2.3641e-11,4.7257e-11
5.5156e-11,1.7835e-11,7.0529e-11
5.3094e-11,1.3587e-11,6.8538e-11
6.1896e-11,1.9242e-11,7.3627e-11
6.2897e-11,3.3333e-11,6.7051e-11
8.6966e-11,3.2861e-11,1.1572e-10
6.2492e-11,2.927e-11,6.7152e-11
6.4187e-11,4.724e-12,8.6484e-11
8.7396e-11,1.1416e-11,1.1187e-10
8.141e-11,3.0559e-11,1.0493e-10
8.438e-11,2.6627e-11,1.0955e-10
1.0313e-10,2.7423e-11,1.3154e-10
1.0771e-10,1.435e-11,1.3925e-10
1.138e-10,1.9849e-11,1.4671e-10
4.8923e-11,4.9788e-11,4.6972e-11
5.1545e-11,5.9738e-11,5.3467e-11
9.8706e-11,6.5474e-11,3.5387e-11
7.2135e-11,7.3561e-11,5.4809e-11
1.5903e-11,1.8283e-11,1.5552e-11
9.7607e-11,1.0809e-10,1.3118e-11
2.1474e-11,2.1018e-11,2.3649e-11
9.5462e-11,1.1824e-10,1.8575e-11
2.4944e-11,2.6979e-11,2.1243e-11
7.633e-11,5.8675e-11,4.1952e-11
1.0607e-10,1.3869e-10,1.901e-11
2.6431e-11,3.3312e-11,3.678e-11
3.9512e-11,5.6195e-11,2.6487e-11
4.0836e-11,4.9539e-11,2.4685e-11
3.6673e-11,4.8984e-11,3.1429e-11
3.2774e-11,4.4029e-11,3.1077e-11
1.9255e-11,1.9057e-11,2.6137e-11
5.8658e-11,6.8886e-11,4.7934e-11
5.6612e-11,6.4235e-11,4.5878e-11
6.0251e-11,7.0224e-11,3.7259e-11
2.1464e-11,1.5148e-11,1.9236e-11
2.6754e-11,3.1248e-11,2.5602e-11
2.3228e-11,2.5999e-11,2.4681e-11
2.0668e-11,1.9795e-11,1.7924e-11
2.1977e-11,1.8162e-11,2.3313e-11
2.7573e-11,2.0528e-11,2.5064e-11
2.7352e-11,1.5603e-11,2.4775e-11
7.3138e-11,2.8875e-11,1.0111e-10
6.4045e-11,2.583e-11,8.4921e-11
1.0346e-10,3.1204e-11,1.2828e-10
7.4122e-11,2.9924e-11,9.3071e-11
7.7703e-11,2.1982e-11,1.0465e-10
8.4293e-11,7.9859e-11,5.9709e-11
8.3783e-11,7.6206e-11,4.802e-11
9.2011e-11,8.1097e-11,6.7256e-11
8.1918e-11,8.8515e-11,7.365e-11
2.147e-11,2.4609e-11,2.2958e-11
2.4352e-11,2.0494e-11,3.0301e-11
1.232e-10,1.5841e-10,1.6994e-11
1.144e-10,1.3762e-10,2.3819e-11
6.29e-11,7.8041e-11,2.3124e-11
4.6911e-11,5.1612e-11,3.4448e-11
3.2148e-11,3.7897e-11,3.541e-11
7.296e-11,5.9908e-11,4.9907e-11
1.0099e-10,1.6843e-10,3.6477e-11
1.1314e-10,1.2665e-10,2.6431e-11
5.2004e-11,4.1047e-11,5.4056e-11
5.5524e-11,5.2785e-11,4.4831e-11
2.421e-11,1.6164e-11,1.8466e-11
5.0961e-11,6.6165e-11,4.6411e-11
4.8188e-11,6.1713e-11,4.0279e-11
5.2495e-11,5.2767e-11,4.8048e-11
5.6994e-11,5.737e-11,5.2564e-11
5.4276e-11,3.1078e-11,5.2887e-11
3.5233e-11,2.1208e-11,4.0657e-11
6.1312e-11,5.807e-11,5.7702e-11
3.3291e-11,1.3141e-11,3.8526e-11
3.3598e-11,2.6241e-11,2.7219e-11
4.0246e-11,3.0886e-11,3.9637e-11
6.7359e-11,5.7282e-11,7.0418e-11
1.1511e-10,5.2766e-11,9.9534e-11
4.2215e-11,1.4318e-11,5.8049e-11
4.7033e-11,2.4605e-11,4.9117e-11
4.3315e-11,1.8224e-11,5.0898e-11
5.3236e-11,2.8076e-11,5.6865e-11
6.6153e-11,3.8722e-11,7.1282e-11
5.2145e-11,2.4614e-11,6.2235e-11
8.4627e-11,3.2546e-11,1.192e-10
8.7717e-11,3.1861e-11,1.1879e-10
5.8254e-11,1.4902e-11,8.1374e-11
7.8783e-11,1.2115e-11,9.4536e-11
7.2538e-11,1.0376e-11,1.0061e-10
9.7659e-11,1.2685e-11,1.3054e-10
1.1e-10,1.8399e-11,1.4855e-10
7.4687e-11,6.3089e-11,3.9218e-11
1.2153e-10,1.6e-10,2.3359e-11
1.1577e-10,1.4251e-10,1.9644e-11
2.2249e-11,2.2061e-11,1.6883e-11
9.8107e-11,1.2506e-10,2.8577e-11
1.3903e-10,1.9853e-10,2.2764e-11
4.9891e-11,4.8006e-11,4.6884e-11
2.2336e-11,1.7481e-11,1.7146e-11
1.5515e-11,1.6433e-11,1.345e-11
2.6012e-11,2.4063e-11,2.3708e-11
5.5854e-11,4.9463e-11,2.5342e-11
1.8513e-11,1.9373e-11,1.7734e-11
2.5473e-11,3.0709e-11,2.167e-11
5.0622e-11,7.1545e-11,3.6182e-11
5.0649e-11,3.9829e-11,5.2183e-11
6.4504e-11,7.1919e-11,3.5375e-11
5.7708e-11,9.0225e-11,3.1184e-11
2.3268e-11,2.1747e-11,3.2824e-11
4.2046e-11,3.7382e-11,4.6051e-11
2.0323e-11,2.0177e-11,2.5764e-11
1.937e-11,1.9507e-11,2.5005e-11
1.9747e-11,1.5057e-11,1.6434e-11
7.1503e-11,1.1793e-10,3.997e-11
4.8729e-11,6.9236e-11,4.7153e-11
1.9666e-11,1.9107e-11,2.4029e-11
7.1148e-11,5.6626e-11,5.4969e-11
2.1946e-11,1.7495e-11,2.1682e-11
3.6014e-11,1.9666e-11,4.2338e-11
1.0944e-10,5.1687e-11,8.6655e-11
5.6547e-11,4.2924e-11,6.2315e-11
6.8154e-11,5.401e-11,7.4564e-11
3.6044e-11,1.3129e-11,4.5307e-11
4.0452e-11,1.2604e-11,5.2534e-11
6.0231e-11,3.8991e-11,6.7265e-11
5.1229e-11,1.4715e-11,6.4448e-11
5.4412e-11,1.361e-11,6.8225e-11
7.7669e-11,2.9161e-11,1.0956e-10
6.7345e-11,1.6841e-11,9.1726e-11
9.2287e-11,8.0494e-12,1.2549e-10
1.0132e-10,1.1373e-11,1.321e-10
1.0172e-10,6.3121e-12,1.3212e-10
4.5021e-11,4.1717e-11,3.1246e-11
6.4953e-11,9.1174e-11,5.4811e-11
1.6189e-11,1.7904e-11,1.3508e-11
1.524e-11,2.9148e-11,1.9056e-11
1.664e-11,2.9883e-11,2.1173e-11
3.7542e-11,3.4501e-11,4.737e-11
2.9968e-11,3.2431e-11,2.7237e-11
7.6056e-11,6.8785e-11,1.9626e-11
1.2349e-10,1.8541e-10,2.5074e-11
1.6405e-11,1.9608e-11,2.0367e-11
6.8089e-11,1.1008e-10,2.748e-11
1.2205e-10,1.8036e-10,2.4562e-11
1.6953e-11,1.3525e-11,1.7213e-11
2.4905e-11,3.4823e-11,2.8968e-11
9.2415e-11,1.5069e-10,3.4698e-11
9.6634e-11,1.6626e-10,3.7447e-11
1.8193e-11,2.3056e-11,1.5599e-11
2.825e-11,2.9434e-11,2.6144e-11
4.2979e-11,5.3234e-11,3.4863e-11
7.3809e-11,1.3823e-10,3.5105e-11
4.3769e-11,5.211e-11,3.5955e-11
1.7377e-11,2.3908e-11,2.13e-11
1.6905e-11,1.8853e-11,1.6661e-11
2.2029e-11,1.8273e-11,1.6133e-11
6.8173e-11,1.2406e-10,3.3972e-11
1.9036e-11,1.6438e-11,2.3044e-11
5.7771e-11,7.8462e-11,4.8485e-11
5.3974e-11,5.7107e-11,4.9995e-11
4.6318e-11,5.8492e-11,5.1831e-11
3.2938e-11,1.7727e-11,3.7408e-11
2.633e-11,2.1826e-11,2.635e-11
7.2518e-11,3.7276e-11,6.5859e-11
6.1137e-11,5.9715e-11,6.0555e-11
2.8987e-11,1.3227e-11,3.2358e-11
4.9077e-11,1.5031e-11,6.1291e-11
4.9628e-11,1.3429e-11,6.1934e-11
6.8893e-11,3.203e-11,7.849e-11
2.4773e-11,1.8089e-11,2.2576e-11
1.6004e-11,1.8308e-11,1.4673e-11
9.6063e-11,6.3096e-11,2.4501e-11
1.1066e-10,1.421e-10,1.6542e-11
2.0335e-11,1.7378e-11,1.5681e-11
1.3116e-10,1.7517e-10,1.813e-11
9.3763e-11,6.5294e-11,3.5242e-11
5.3507e-11,5.6495e-11,5.0282e-11
9.2758e-11,1.4833e-10,3.772e-11
9.347e-11,1.4788e-10,2.4454e-11
2.6351e-11,3.5272e-11,2.2027e-11
2.765e-11,3.7463e-11,2.4356e-11
7.4508e-11,9.5439e-11,2.4526e-11
2.2734e-11,1.5363e-11,1.9015e-11
2.2718e-11,2.3077e-11,2.6975e-11
2.2128e-11,2.4335e-11,2.1412e-11
1.7476e-11,1.9334e-11,1.8031e-11
1.9753e-11,1.3054e-11,1.4574e-11
1.5097e-11,1.6362e-11,1.9926e-11
3.3056e-11,3.8274e-11,3.1104e-11
5.6513e-11,9.7304e-11,4.4227e-11
1.7241e-11,1.4843e-11,1.9709e-11
4.5348e-11,7.0938e-11,4.1456e-11
4.8779e-11,6.7917e-11,4.7099e-11
4.9251e-11,6.1069e-11,5.0614e-11
6.5593e-11,1.0924e-10,5.2171e-11
6.1029e-11,3.4152e-11,5.6824e-11
2.1819e-11,1.5393e-11,2.0473e-11
2.2584e-11,1.9965e-11,2.5431e-11
5.989e-11,3.7501e-11,7.2435e-11
2.5859e-11,1.4613e-11,2.0919e-11
2.5325e-11,1.5892e-11,2.2812e-11
2.964e-11,9.53e-12,2.7836e-11
2.9507e-11,9.2766e-12,3.0454e-11
3.1427e-11,7.8395e-12,3.5017e-11
3.2497e-11,2.3583e-11,3.3143e-11
3.251e-11,1.4644e-11,3.0951e-11
3.7525e-11,1.647e-11,5.3382e-11
3.7696e-11,1.7209e-11,4.3138e-11
4.6296e-11,2.6901e-11,4.9611e-11
3.9899e-11,9.9279e-12,4.8794e-11
5.2034e-11,2.7068e-11,6.4372e-11
4.7586e-11,1.9747e-11,7.617e-11
6.2676e-11,3.4515e-11,6.659e-11
4.5551e-11,1.7836e-11,5.6374e-11
4.6602e-11,1.0985e-11,5.8613e-11
1.0111e-10,5.3914e-11,1.2635e-10
6.5196e-11,9.4402e-12,8.1287e-11
6.3252e-11,2.7689e-11,6.9111e-11
6.5787e-11,2.85e-11,7.1673e-11
6.5513e-11,2.7767e-11,7.2744e-11
9.1093e-11,2.5866e-11,1.2455e-10
1.0731e-10,2.8865e-11,1.3473e-10
8.5897e-11,1.0354e-11,1.1873e-10
1.0226e-10,6.5669e-12,1.3733e-10
2.5789e-11,2.5497e-11,3.5275e-11
1.1455e-10,2.1505e-10,1.1722e-11
1.2955e-11,1.6629e-11,1.816e-11
1.1166e-10,2.1671e-10,1.4193e-11
7.5547e-11,6.8905e-11,1.8197e-11
5.596e-11,4.5624e-11,3.2867e-11
3.7003e-11,3.0919e-11,2.891e-11
1.0611e-10,1.3688e-10,2.259e-11
6.1222e-11,5.4812e-11,3.6652e-11
1.2136e-10,1.7041e-10,2.2391e-11
1.1731e-10,1.8009e-10,2.9005e-11
5.6399e-11,1.1384e-10,3.266e-11
1.1375e-10,1.2519e-10,1.8942e-11
3.1329e-11,3.3188e-11,2.5494e-11
1.145e-10,1.8117e-10,3.3786e-11
7.1175e-11,8.5234e-11,2.7439e-11
8.6909e-11,1.394e-10,2.4895e-11
2.005e-11,2.29e-11,1.8739e-11
2.3516e-11,1.6211e-11,2.0028e-11
1.6517e-11,1.2438e-11,1.4134e-11
2.4352e-11,1.5402e-11,2.4721e-11
2.6523e-11,2.8468e-11,2.6718e-11
3.1535e-11,3.2477e-11,3.0388e-11
5.4436e-11,5.4987e-11,5.2185e-11
4.3903e-11,2.2598e-11,5.5755e-11
3.3347e-11,1.8618e-11,3.028e-11
1.1181e-10,4.6684e-11,9.5505e-11
6.156e-11,3.3408e-11,9.856e-11
6.7209e-11,3.9757e-11,7.1566e-11
4.492e-11,1.7201e-11,5.1601e-11
7.0784e-11,3.1174e-11,7.7714e-11
7.436e-11,3.2793e-11,8.6068e-11
1.1143e-10,2.9916e-11,1.4198e-10
9.2379e-11,6.6735e-11,2.501e-11
1.2551e-10,1.8505e-10,1.5751e-11
2.4755e-11,1.9685e-11,1.6274e-11
1.5305e-11,1.817e-11,2.1014e-11
8.0576e-11,7.8474e-11,5.6364e-11
9.3045e-11,6.693e-11,3.5827e-11
2.7531e-11,2.6925e-11,2.0672e-11
1.9368e-11,1.7549e-11,1.5192e-11
6.4718e-11,6.9795e-11,3.5082e-11
1.7213e-11,1.4201e-11,1.6095e-11
1.9197e-11,1.471e-11,1.787e-11
1.3331e-11,1.8352e-11,1.5658e-11
2.1464e-11,2.3823e-11,1.8994e-11
1.0193e-10,1.6243e-10,2.6119e-11
1.7784e-11,2.4464e-11,2.0978e-11
1.9233e-11,2.3512e-11,1.8051e-11
4.2798e-11,5.4098e-11,3.2516e-11
2.6306e-11,1.9827e-11,3.8584e-11
1.9781e-11,1.4243e-11,1.6529e-11
1.8195e-11,2.2415e-11,2.2812e-11
2.622e-11,2.6581e-11,2.3479e-11
2.2824e-11,1.9168e-11,2.2873e-11
7.0083e-11,1.0071e-10,4.0747e-11
2.272e-11,1.3744e-11,2.1296e-11
6.3035e-11,6.4905e-11,5.7137e-11
5.5902e-11,6.4537e-11,4.8726e-11
6.5713e-11,6.0434e-11,5.6894e-11
7.7302e-11,1.3575e-10,5.6405e-11
2.7295e-11,2.276e-11,2.6301e-11
2.7703e-11,1.4619e-11,2.0881e-11
2.5145e-11,1.3497e-11,2.2956e-11
2.6178e-11,1.679e-11,2.377e-11
5.8183e-11,4.5984e-11,6.1668e-11
9.3803e-11,4.9636e-11,1.0335e-10
1.0035e-10,4.7946e-11,1.0946e-10
6.2862e-11,2.6045e-11,1.0137e-10
7.1404e-11,2.3442e-11,9.0702e-11
5.7302e-11,1.95e-11,7.6313e-11
7.6995e-11,1.8489e-11,1.0225e-10
1.0682e-10,5.8523e-12,1.4302e-10
8.2188e-11,1.0592e-10,3.7465e-11
2.372e-11,1.998e-11,2.0648e-11
3.1045e-11,2.8818e-11,2.2062e-11
1.1465e-10,1.4746e-10,3.2579e-11
4.7623e-11,4.2391e-11,3.2649e-11
9.8255e-11,6.2291e-11,2.1814e-11
7.2472e-11,7.2957e-11,2.6162e-11
4.3717e-11,4.898e-11,3.4561e-11
2.8354e-11,2.5756e-11,1.9598e-11
5.0343e-11,5.6567e-11,4.1801e-11
2.798e-11,2.8811e-11,3.7827e-11
6.6936e-11,1.3489e-10,4.4423e-11
1.8917e-11,2.2481e-11,2.7053e-11
6.5558e-11,1.3214e-10,4.2518e-11
2.7881e-11,2.5822e-11,2.6002e-11
7.569e-11,1.5037e-10,3.8742e-11
2.4259e-11,2.4151e-11,3.2072e-11
1.8377e-11,1.4611e-11,1.4276e-11
4.4533e-11,6.7908e-11,4.228e-11
5.6104e-11,9.3271e-11,4.7742e-11
7.0721e-11,1.3962e-10,6.1035e-11
7.0662e-11,1.2823e-10,4.9143e-11
7.5269e-11,1.159e-10,4.8303e-11
2.1981e-11,1.6801e-11,2.3564e-11
3.5921e-11,2.2181e-11,4.772e-11
2.6729e-11,2.0028e-11,2.4503e-11
3.802e-11,3.1148e-11,5.9165e-11
3.8287e-11,2.3625e-11,5.3642e-11
4.0907e-11,1.7992e-11,5.582e-11
5.7283e-11,5.2625e-11,5.1512e-11
2.3778e-11,1.7722e-11,2.5807e-11
3.1744e-11,1.4501e-11,3.0561e-11
3.175e-11,1.3343e-11,3.2388e-11
3.0892e-11,1.1373e-11,3.1154e-11
3.4856e-11,1.972e-11,3.2294e-11
5.4384e-11,2.2728e-11,7.3368e-11
7.1843e-11,3.8981e-11,1.0911e-10
4.0356e-11,1.842e-11,4.7444e-11
7.0049e-11,2.7339e-11,9.251e-11
6.1054e-11,2.11e-11,8.4771e-11
8.9488e-11,4.0254e-11,1.3197e-10
7.3353e-11,3.2078e-11,7.9838e-11
8.1557e-11,1.9642e-11,1.0492e-10
6.6726e-11,9.5809e-12,8.9064e-11
1.1244e-10,1.6839e-10,3.0373e-11
7.6658e-11,7.3126e-11,2.7145e-11
1.8248e-11,4.9015e-11,2.8188e-11
9.3829e-11,1.017e-10,2.3247e-11
6.6912e-11,8.3573e-11,3.42e-11
1.0665e-10,1.3022e-10,1.6854e-11
2.8161e-11,1.7799e-11,2.6955e-11
4.6067e-11,5.7092e-11,3.6938e-11
6.9486e-11,1.1045e-10,2.9304e-11
2.1275e-11,2.238e-11,2.2424e-11
6.7993e-11,9.9095e-11,3.3349e-11
6.4693e-11,1.0511e-10,4.0058e-11
4.1874e-11,4.5273e-11,3.5985e-11
2.8359e-11,2.795e-11,1.9468e-11
1.9595e-11,1.7194e-11,1.8758e-11
5.4089e-11,1.07e-10,4.0405e-11
4.2407e-11,6.1409e-11,4.289e-11
6.9003e-11,6.7171e-11,6.0273e-11
6.479e-11,1.2142e-10,4.681e-11
3.807e-11,3.3056e-11,5.8477e-11
3.3e-11,2.9984e-11,4.7442e-11
2.5531e-11,2.1523e-11,2.2988e-11
3.5683e-11,2.6758e-11,4.9256e-11
2.5286e-11,1.978e-11,2.2516e-11
3.9163e-11,2.7067e-11,6.2123e-11
3.5842e-11,2.7767e-11,5.9039e-11
2.8436e-11,2.2252e-11,2.6332e-11
5.0634e-11,4.0353e-11,5.1663e-11
6.7749e-11,5.4443e-11,6.39e-11
4.2105e-11,2.4454e-11,4.2952e-11
4.3537e-11,9.7853e-12,5.4112e-11
4.9274e-11,2.1239e-11,6.235e-11
6.1175e-11,2.9792e-11,6.4277e-11
4.9456e-11,2.535e-11,5.3061e-11
7.057e-11,3.1486e-11,9.9218e-11
6.7232e-11,8.5099e-12,9.6815e-11
8.2101e-11,1.578e-11,1.0562e-10
1.0467e-10,2.6749e-11,1.3432e-10
9.6172e-11,1.4126e-11,1.2674e-10
3.8105e-11,4.1596e-11,5.5703e-11
9.8571e-11,1.1344e-10,8.0961e-11
9.1045e-11,1.1843e-10,6.288e-11
8.5033e-11,6.8529e-11,2.8483e-11
4.4246e-11,5.0719e-11,3.7419e-11
1.0367e-10,1.9442e-10,1.8925e-11
2.4536e-11,3.0432e-11,1.7626e-11
2.381e-11,2.1924e-11,2.1105e-11
2.3827e-11,1.5955e-11,2.263e-11
1.1302e-10,1.668e-10,4.0586e-11
8.5233e-11,1.3351e-10,2.9698e-11
8.3582e-11,1.6828e-10,4.4834e-11
1.9901e-11,2.2272e-11,2.2748e-11
1.5097e-11,1.4453e-11,1.2657e-11
2.8317e-11,2.3591e-11,4.2696e-11
2.6228e-11,2.9319e-11,3.6723e-11
6.4269e-11,1.3749e-10,5.5567e-11
6.3203e-11,1.1673e-10,3.6583e-11
2.0483e-11,1.6256e-11,1.8701e-11
7.1276e-11,1.4646e-10,4.2366e-11
5.2698e-11,9.7267e-11,3.7661e-11
5.7106e-11,7.959e-11,5.4284e-11
4.475e-11,6.119e-11,4.4659e-11
4.327e-11,5.4686e-11,5.5263e-11
5.369e-11,5.3376e-11,4.7381e-11
6.5658e-11,7.4216e-11,4.59e-11
3.6554e-11,2.2012e-11,5.0409e-11
5.8406e-11,5.7541e-11,5.3136e-11
8.7585e-11,7.9492e-11,5.3783e-11
4.3955e-11,4.0452e-11,4.1381e-11
2.5023e-11,2.1195e-11,2.1695e-11
4.949e-11,2.9885e-11,6.3366e-11
3.5623e-11,1.7747e-11,3.9448e-11
9.2222e-11,3.8636e-11,1.0684e-10
4.0021e-11,2.1308e-11,4.5944e-11
9.422e-11,4.2635e-11,1.0852e-10
4.242e-11,1.5055e-11,5.7299e-11
8.5939e-11,3.454e-11,1.2944e-10
5.3805e-11,2.15e-11,5.8275e-11
5.8788e-11,1.0374e-11,8.2055e-11
9.2344e-11,3.6427e-11,1.3593e-10
7.1396e-11,3.2158e-11,7.713e-11
7.4868e-11,2.7688e-11,8.8405e-11
8.623e-11,1.3187e-11,1.1637e-10
8.8087e-11,7.1147e-12,1.1829e-10
1.1895e-10,2.5284e-11,1.4785e-10
1.0471e-10,6.6832e-12,1.3832e-10
2.1366e-11,1.8627e-11,1.7422e-11
2.4473e-11,1.8264e-11,2.4459e-11
9.9817e-11,1.1983e-10,6.5901e-11
2.7624e-11,3.5363e-11,3.3806e-11
9.865e-11,1.973e-10,1.9087e-11
2.1527e-11,1.8391e-11,1.8019e-11
2.0668e-11,3.8893e-11,2.7688e-11
7.3969e-11,9.7426e-11,1.9369e-11
8.964e-11,1.0262e-10,1.4995e-11
4.4471e-11,4.4483e-11,2.9826e-11
9.4076e-11,1.6012e-10,3.4985e-11
1.8677e-11,1.8328e-11,1.9482e-11
1.1382e-10,1.6478e-10,3.8636e-11
2.3971e-11,2.5709e-11,2.439e-11
2.5247e-11,2.1314e-11,3.921e-11
1.9187e-11,1.8453e-11,1.7296e-11
2.3075e-11,1.426e-11,1.4992e-11
7.6366e-11,1.3854e-10,5.7521e-11
6.5917e-11,5.9873e-11,6.3112e-11
2.7851e-11,1.7424e-11,3.4135e-11
8.329e-11,1.1831e-10,6.3798e-11
6.22e-11,3.9564e-11,6.9185e-11
2.8431e-11,1.7093e-11,2.4675e-11
6.018e-11,4.9302e-11,6.3309e-11
3.8461e-11,2.3722e-11,3.7239e-11
3.355e-11,2.309e-11,2.8589e-11
3.6308e-11,8.8968e-12,4.6695e-11
6.5292e-11,4.5187e-11,6.5827e-11
7.6482e-11,3.7557e-11,1.1437e-10
8.9831e-11,3.9754e-11,1.2017e-10
7.9282e-11,3.1269e-11,1.2263e-10
6.0336e-11,1.0096e-11,8.4379e-11
1.0095e-10,2.7705e-11,1.4347e-10
7.1968e-11,1.1363e-11,9.7463e-11
8.9578e-11,7.4247e-12,1.1954e-10
1.19e-10,2.4466e-11,1.4983e-10
2.5112e-11,3.1064e-11,2.8572e-11
1.7506e-11,2.0823e-11,1.4951e-11
7.3858e-11,9.5599e-11,1.7031e-11
6.4942e-11,7.3701e-11,2.8336e-11
3.0695e-11,2.3868e-11,1.6203e-11
1.1228e-10,1.6025e-10,3.4757e-11
5.3801e-11,6.5461e-11,4.044e-11
9.5269e-11,1.6029e-10,3.7341e-11
1.876e-11,1.9868e-11,1.7315e-11
5.8148e-11,1.1353e-10,4.3952e-11
7.8524e-11,9.3424e-11,5.4403e-11
1.1476e-10,7.8822e-11,6.9551e-11
3.0205e-11,2.5603e-11,2.8761e-11
4.2654e-11,2.4132e-11,6.1455e-11
3.1973e-11,1.914e-11,4.2466e-11
2.6965e-11,1.7783e-11,2.3483e-11
3.4144e-11,1.8043e-11,4.3073e-11
3.9419e-11,7.7198e-12,5.3037e-11
8.3131e-11,4.1561e-11,1.0752e-10
4.5388e-11,2.5012e-11,4.7365e-11
4.6672e-11,1.3518e-11,5.9885e-11
5.4255e-11,2.5213e-11,6.9835e-11
6.1549e-11,1.295e-11,8.6806e-11
9.3086e-11,3.2752e-11,1.3614e-10
5.9636e-11,1.7106e-11,7.4912e-11
7.9701e-11,2.1116e-11,1.0169e-10
1.0624e-10,2.1014e-11,1.3093e-10
1.1042e-10,1.8814e-11,1.3411e-10
9.4404e-11,8.2187e-12,1.2762e-10
1.0352e-10,1.3255e-10,3.7496e-11
3.8152e-11,3.9283e-11,2.9232e-11
2.0127e-11,1.8991e-11,2.3783e-11
1.7256e-11,2.02e-11,2.1294e-11
1.1184e-10,1.5622e-10,2.7191e-11
6.3791e-11,7.278e-11,2.8193e-11
4.8036e-11,5.2678e-11,3.6062e-11
1.7181e-11,1.9823e-11,2.1422e-11
2.4993e-11,2.262e-11,2.1486e-11
2.1317e-11,2.6592e-11,2.1296e-11
3.6716e-11,3.2863e-11,2.2335e-11
2.8845e-11,3.1401e-11,2.6292e-11
4.6161e-11,4.8546e-11,2.977e-11
2.0424e-11,1.7662e-11,1.6989e-11
1.7413e-11,1.524e-11,1.4699e-11
9.9764e-11,1.88e-10,2.9205e-11
6.7002e-11,1.1199e-10,2.4238e-11
3.4261e-11,4.0976e-11,2.9184e-11
3.1794e-11,3.597e-11,2.4134e-11
1.8998e-11,1.6666e-11,1.835e-11
5.5178e-11,6.4945e-11,4.9608e-11
3.086e-11,3.6315e-11,2.7549e-11
9.1117e-11,1.6323e-10,4.8198e-11
7.8251e-11,1.3307e-10,3.614e-11
1.7474e-11,1.2901e-11,1.4442e-11
5.7343e-11,6.2425e-11,4.8134e-11
2.7765e-11,2.7547e-11,2.2727e-11
5.8151e-11,5.8321e-11,4.9107e-11
6.7256e-11,1.3384e-10,5.3891e-11
3.0373e-11,2.701e-11,5.0096e-11
8.3711e-11,1.0784e-10,6.6576e-11
8.8212e-11,6.6096e-11,5.5738e-11
5.0927e-11,3.1162e-11,6.9054e-11
1.1736e-10,6.0701e-11,6.9684e-11
3.4562e-11,2.068e-11,4.4271e-11
2.9697e-11,1.9319e-11,2.9096e-11
2.827e-11,1.064e-11,3.4623e-11
2.6155e-11,1.4222e-11,2.2313e-11
5.1404e-11,4.1484e-11,4.7608e-11
1.3611e-10,7.8797e-11,7.0165e-11
2.8507e-11,1.8752e-11,2.493e-11
3.2821e-11,2.029e-11,3.4993e-11
4.5943e-11,2.1317e-11,4.7214e-11
4.9613e-11,9.0824e-12,7.0578e-11
5.7154e-11,2.5627e-11,7.248e-11
8.8343e-11,2.28e-11,1.246e-10
1.0326e-10,2.4122e-11,1.2951e-10
3.2044e-11,3.0058e-11,4.9115e-11
8.9639e-11,8.301e-11,3.3848e-11
6.1049e-11,7.8784e-11,3.6865e-11
7.0977e-11,6.3672e-11,2.6557e-11
9.2537e-11,1.3015e-10,3.5338e-11
2.0471e-11,2.6998e-11,2.6357e-11
6.2917e-11,7.8076e-11,3.7387e-11
2.965e-11,2.3712e-11,1.8975e-11
1.6716e-11,1.606e-11,1.5005e-11
6.3276e-11,1.0918e-10,2.6596e-11
9.2646e-11,1.8573e-10,3.7376e-11
4.8554e-11,5.8248e-11,4.273e-11
1.8752e-11,1.4764e-11,1.5603e-11
7.837e-11,1.2169e-10,3.6911e-11
2.8326e-11,2.663e-11,2.062e-11
2.2836e-11,1.6222e-11,1.4706e-11
5.1961e-11,1.2153e-10,3.6978e-11
8.3489e-11,1.4817e-10,6.3024e-11
3.9645e-11,4.1211e-11,3.2747e-11
2.0047e-11,1.9458e-11,1.7039e-11
3.7489e-11,3.8301e-11,3.4739e-11
7.8278e-11,6.7521e-11,5.3625e-11
5.1317e-11,4.9765e-11,4.3755e-11
4.1288e-11,3.3969e-11,7.3994e-11
9.2223e-11,5.2113e-11,6.3638e-11
3.9321e-11,3.5069e-11,4.2583e-11
1.1008e-10,5.3597e-11,7.1228e-11
3.2221e-11,2.0705e-11,3.4972e-11
3.2527e-11,2.0706e-11,3.137e-11
1.5632e-10,1.0075e-10,7.7043e-11
3.8895e-11,1.2962e-11,5.4924e-11
4.9031e-11,3.2198e-11,4.2873e-11
3.2258e-11,2.0157e-11,2.6889e-11
4.1996e-11,1.2498e-11,5.4628e-11
6.7518e-11,4.1879e-11,6.874e-11
4.3714e-11,1.5087e-11,5.5866e-11
8.3982e-11,1.9022e-11,1.0362e-10
7.0797e-11,2.985e-11,8.0767e-11
7.6779e-11,1.9365e-11,9.748e-11
7.6622e-11,1.3883e-11,1.0054e-10
1.1527e-10,2.5208e-11,1.4112e-10
1.0318e-10,1.5636e-11,1.3527e-10
1.5052e-11,1.7615e-11,1.4291e-11
2.4343e-11,2.9276e-11,2.2806e-11
2.3747e-11,1.9666e-11,1.5802e-11
1.7256e-11,1.651e-11,1.4462e-11
8.0761e-11,1.8105e-10,1.4147e-11
9.9872e-11,1.1865e-10,2.2086e-11
6.4363e-11,1.1353e-10,3.6188e-11
5.0943e-11,6.013e-11,3.6376e-11
2.0065e-11,2.253e-11,1.4801e-11
8.4973e-11,1.5575e-10,4.9602e-11
6.5025e-11,7.0933e-11,5.6605e-11
5.0252e-11,9.602e-11,4.3038e-11
9.0446e-11,1.4698e-10,8.0483e-11
5.8972e-11,1.2544e-10,4.3194e-11
1.8392e-11,1.9468e-11,1.6627e-11
6.5218e-11,8.6228e-11,4.7192e-11
2.7296e-11,2.7413e-11,2.1911e-11
3.4463e-11,2.9046e-11,5.8924e-11
6.2172e-11,6.6033e-11,5.5389e-11
5.1764e-11,3.3945e-11,6.7022e-11
2.6374e-11,2.4531e-11,2.7603e-11
3.0176e-11,1.6624e-11,3.2635e-11
3.3738e-11,2.1602e-11,5.0359e-11
5.0248e-11,2.9639e-11,6.9271e-11
4.2831e-11,3.4814e-11,7.7012e-11
2.8216e-11,1.7509e-11,2.591e-11
3.066e-11,1.892e-11,3.2992e-11
3.5856e-11,2.3067e-11,3.8743e-11
4.6233e-11,2.7644e-11,4.2723e-11
4.2701e-11,1.8075e-11,6.4589e-11
3.7318e-11,1.7451e-11,3.9556e-11
4.4282e-11,1.8534e-11,6.1312e-11
4.6853e-11,2.5735e-11,4.5256e-11
4.1097e-11,2.233e-11,4.2334e-11
4.8541e-11,1.0596e-11,6.7027e-11
4.2515e-11,1.7189e-11,5.0114e-11
5.4277e-11,1.0527e-11,7.035e-11
6.5539e-11,3.4554e-11,6.5576e-11
6.9074e-11,1.5057e-11,8.9427e-11
7.9525e-11,1.8661e-11,1.0087e-10
6.7757e-11,2.5076e-11,8.7962e-11
7.1403e-11,2.8852e-11,8.1406e-11
1.0654e-10,2.5321e-11,1.341e-10
8.7411e-11,1.9975e-11,1.2054e-10
2.7292e-11,2.7926e-11,2.5875e-11
3.7701e-11,1.8811e-11,3.0924e-11
8.3241e-11,1.8103e-10,2.0729e-11
2.526e-11,3.0839e-11,2.2665e-11
2.0083e-11,1.766e-11,1.284e-11
2.02e-11,1.5746e-11,1.2436e-11
1.9208e-11,2.9202e-11,3.7579e-11
8.0852e-11,1.0279e-10,2.4628e-11
2.9343e-11,3.3013e-11,2.3344e-11
9.607e-11,1.2376e-10,2.6983e-11
5.3667e-11,6.1832e-11,3.9052e-11
8.8286e-11,1.772e-10,2.3284e-11
1.8462e-11,2.0594e-11,1.9374e-11
2.9287e-11,2.4517e-11,1.8063e-11
1.5385e-11,1.7573e-11,1.6544e-11
2.5725e-11,2.5275e-11,2.8449e-11
7.1006e-11,1.1272e-10,2.968e-11
8.451e-11,1.3666e-10,3.2075e-11
1.9909e-11,1.9507e-11,2.1314e-11
6.8832e-11,1.1828e-10,3.3261e-11
2.5905e-11,2.2399e-11,2.4736e-11
6.6459e-11,1.3909e-10,3.5571e-11
1.7772e-11,1.1305e-11,1.3482e-11
8.9041e-11,1.5435e-10,6.0621e-11
8.3646e-11,1.5315e-10,6.3111e-11
3.2051e-11,3.1426e-11,2.8521e-11
5.5596e-11,5.6187e-11,4.6438e-11
5.295e-11,5.3402e-11,4.3903e-11
5.6095e-11,1.1356e-10,5.5899e-11
2.3853e-11,1.1515e-11,3.017e-11
2.5966e-11,1.5042e-11,3.0953e-11
6.4866e-11,6.6473e-11,5.6632e-11
3.5141e-11,2.9459e-11,5.343e-11
2.8086e-11,8.953e-12,3.1921e-11
3.7298e-11,3.0985e-11,3.123e-11
8.5946e-11,5.9343e-11,6.2345e-11
9.2309e-11,7.5575e-11,6.167e-11
2.5488e-11,2.3834e-11,3.1705e-11
1.013e-10,1.0802e-10,6.7474e-11
4.2334e-11,3.2227e-11,7.7929e-11
1.2973e-10,7.1261e-11,6.891e-11
1.2189e-10,5.4174e-11,7.0227e-11
3.015e-11,1.3038e-11,2.9521e-11
1.6312e-10,1.1621e-10,8.1801e-11
3.4901e-11,4.9946e-12,4.9756e-11
3.7922e-11,2.0876e-11,3.512e-11
4.5961e-11,1.5466e-11,6.1245e-11
5.0515e-11,2.4961e-11,8.5612e-11
5.7944e-11,3.3937e-11,5.813e-11
7.0008e-11,3.1065e-11,1.0765e-10
5.2462e-11,1.8032e-11,7.2354e-11
8.7361e-11,2.3135e-11,1.2042e-10
8.295e-11,2.4879e-11,1.0258e-10
8.3653e-11,1.4623e-11,1.1689e-10
2.1714e-11,2.4568e-11,2.0891e-11
2.1324e-11,2.2108e-11,1.9352e-11
2.3457e-11,1.5391e-11,1.8768e-11
2.5921e-11,2.368e-11,1.9667e-11
7.1009e-11,1.425e-10,5.7893e-11
1.6676e-11,1.6325e-11,1.4412e-11
7.3435e-11,1.3845e-10,6.778e-11
7.4378e-11,1.4059e-10,9.056e-11
4.829e-11,4.9602e-11,5.9409e-11
5.7625e-11,1.1348e-10,6.0309e-11
3.2711e-11,1.8668e-11,5.1045e-11
2.8694e-11,2.3605e-11,3.0258e-11
2.6892e-11,2.4578e-11,2.6981e-11
9.5294e-11,1.1925e-10,7.9455e-11
3.3124e-11,1.5867e-11,4.2919e-11
2.9386e-11,1.7274e-11,2.6585e-11
4.3926e-11,3.0628e-11,7.9321e-11
3.0616e-11,1.5135e-11,3.3108e-11
2.9941e-11,1.2265e-11,3.8537e-11
2.9681e-11,1.5714e-11,2.6585e-11
1.4447e-10,8.3574e-11,7.2015e-11
1.8005e-10,1.0153e-10,8.4903e-11
4.6788e-11,2.437e-11,8.6497e-11
4.9509e-11,2.2808e-11,8.8921e-11
3.9786e-11,1.5712e-11,6.0489e-11
5.8204e-11,2.5787e-11,1.0109e-10
6.9454e-11,3.6062e-11,6.9597e-11
5.4043e-11,2.0023e-11,6.2155e-11
6.2005e-11,1.986e-11,7.9363e-11
8.4913e-11,2.9371e-11,1.0071e-10
9.1891e-11,8.7849e-12,1.2637e-10
2.6233e-11,2.8647e-11,2.6471e-11
1.0774e-10,1.504e-10,3.0651e-11
4.9649e-11,5.8975e-11,3.5612e-11
8.6656e-11,1.5342e-10,2.7967e-11
8.2114e-11,1.5141e-10,2.6631e-11
3.2866e-11,3.1476e-11,2.0602e-11
8.3357e-11,1.5805e-10,3.5315e-11
1.813e-11,1.8773e-11,1.6027e-11
5.7505e-11,6.7789e-11,4.9108e-11
7.4516e-11,1.1398e-10,3.4404e-11
7.6872e-11,1.331e-10,4.2388e-11
2.5759e-11,2.908e-11,2.0032e-11
1.8987e-11,2.2924e-11,2.6225e-11
1.9183e-11,1.9026e-11,1.129e-11
6.2021e-11,1.3392e-10,3.6133e-11
1.7076e-11,1.2383e-11,1.3389e-11
2.0339e-11,2.1308e-11,1.3581e-11
5.4455e-11,5.7084e-11,4.7742e-11
2.3679e-11,2.3432e-11,2.1875e-11
5.9464e-11,1.2004e-10,4.3841e-11
6.2127e-11,1.1602e-10,5.8768e-11
2.823e-11,1.4513e-11,3.4874e-11
3.6651e-11,2.3332e-11,6.0133e-11
3.0414e-11,2.8997e-11,2.8142e-11
5.2428e-11,5.1195e-11,4.6737e-11
2.9479e-11,1.7329e-11,5.4623e-11
3.7829e-11,2.7377e-11,7.4688e-11
2.7315e-11,1.4031e-11,2.3291e-11
1.2264e-10,5.2134e-11,7.4443e-11
2.7185e-11,1.887e-11,2.4094e-11
4.3094e-11,2.3496e-11,7.182e-11
3.7374e-11,7.9709e-12,5.381e-11
6.8044e-11,2.7625e-11,1.0871e-10
4.7253e-11,6.2908e-12,6.2145e-11
5.9167e-11,2.6291e-11,5.9588e-11
4.7573e-11,2.0284e-11,5.7475e-11
5.1424e-11,2.0975e-11,5.8057e-11
6.3108e-11,1.1463e-11,8.0675e-11
7.9228e-11,2.1559e-11,1.0172e-10
3.9352e-11,3.0913e-11,3.9606e-11
2.2232e-11,2.2025e-11,2.1906e-11
2.3436e-11,2.6073e-11,2.2376e-11
2.1726e-11,2.4466e-11,3.6195e-11
2.5384e-11,2.4165e-11,1.6396e-11
2.1189e-11,1.4839e-11,1.4542e-11
7.5916e-11,1.5738e-10,2.2109e-11
2.0589e-11,1.8604e-11,1.7861e-11
1.7351e-11,1.1471e-11,1.1404e-11
1.9194e-11,1.4129e-11,2.0965e-11
7.3404e-11,1.329e-10,2.5084e-11
7.6078e-11,1.3108e-10,4.6653e-11
2.5907e-11,2.9267e-11,2.021e-11
4.9903e-11,5.8782e-11,3.8731e-11
8.2969e-11,1.7145e-10,4.5937e-11
6.3731e-11,6.8905e-11,5.2842e-11
5.6442e-11,1.3572e-10,4.4906e-11
1.9536e-11,1.8579e-11,1.5545e-11
5.1267e-11,7.1632e-11,4.4422e-11
2.4358e-11,2.4098e-11,2.2031e-11
2.3632e-11,1.0039e-11,2.7819e-11
3.1287e-11,1.566e-11,4.4699e-11
2.7866e-11,2.39e-11,2.7049e-11
7.2768e-11,5.866e-11,6.6841e-11
2.8279e-11,1.2576e-11,2.7964e-11
3.2193e-11,1.3976e-11,3.5709e-11
1.4321e-10,1.0708e-10,8.9212e-11
1.6927e-10,9.6201e-11,9.1291e-11
1.7611e-10,8.7266e-11,8.869e-11
3.6131e-11,1.3815e-11,4.184e-11
6.7726e-11,2.763e-11,1.1162e-10
6.5669e-11,2.2874e-11,1.0662e-10
5.923e-11,2.7563e-11,6.297e-11
9.5066e-11,1.3136e-11,1.2562e-10
5.9247e-11,5.1628e-11,6.059e-11
7.3994e-11,6.5069e-11,3.7681e-11
1.9647e-11,2.3203e-11,2.0742e-11
2.0349e-11,1.5469e-11,1.378e-11
7.6873e-11,1.5468e-10,2.1496e-11
8.0073e-11,1.4488e-10,4.0712e-11
6.8001e-11,1.5376e-10,1.1546e-11
3.8542e-11,4.2816e-11,2.7453e-11
5.6604e-11,6.6712e-11,3.9943e-11
6.8317e-11,1.4912e-10,2.2103e-11
2.5976e-11,3.0599e-11,2.3195e-11
1.8823e-11,1.5242e-11,1.6094e-11
6.8755e-11,1.6768e-10,3.3989e-11
6.2964e-11,7.1747e-11,5.1539e-11
5.5187e-11,1.2949e-10,4.4178e-11
4.179e-11,1.0337e-10,3.7347e-11
3.6504e-11,7.7466e-11,4.2566e-11
5.2327e-11,1.3096e-10,4.6549e-11
4.9097e-11,1.1351e-10,4.817e-11
6.7896e-11,1.5187e-10,5.9363e-11
2.7984e-11,1.3975e-11,3.0942e-11
5.6593e-11,3.7053e-11,6.1827e-11
4.2088e-11,2.6019e-11,7.6158e-11
1.2573e-10,1.1253e-10,8.2071e-11
3.9971e-11,2.1184e-11,6.9438e-11
3.2154e-11,1.5601e-11,3.3753e-11
8.9286e-11,4.1732e-11,9.2262e-11
1.4259e-10,4.744e-11,8.5747e-11
1.7381e-10,1.165e-10,9.9775e-11
5.329e-11,2.2908e-11,9.5597e-11
4.6051e-11,1.9191e-11,5.6798e-11
7.7301e-11,3.0169e-11,1.1578e-10
5.896e-11,2.6624e-11,5.9406e-11
7.7907e-11,2.7155e-11,1.2602e-10
6.6951e-11,2.4746e-11,8.1597e-11
7.9252e-11,2.7431e-11,1.0196e-10
8.5055e-11,2.6295e-11,1.0835e-10
9.1751e-11,8.968e-11,3.7094e-11
4.1257e-11,5.0903e-11,3.198e-11
3.7996e-11,2.3861e-11,3.1407e-11
9.9523e-11,1.0839e-10,2.6726e-11
8.9433e-11,1.4173e-10,2.4606e-11
2.2307e-11,1.4381e-11,1.7069e-11
5.9665e-11,6.7928e-11,4.2702e-11
4.1106e-11,4.8207e-11,3.2097e-11
6.8584e-11,1.4735e-10,4.1939e-11
1.9743e-11,1.4089e-11,1.7437e-11
6.8112e-11,1.2543e-10,4.1131e-11
2.7655e-11,2.6683e-11,2.094e-11
4.9936e-11,1.2356e-10,4.3114e-11
2.7086e-11,1.9331e-11,4.4047e-11
5.8714e-11,4.1702e-11,6.0185e-11
2.6941e-11,2.3522e-11,2.319e-11
7.404e-11,1.2975e-10,6.0997e-11
2.7416e-11,1.2314e-11,2.9006e-11
5.6663e-11,4.5256e-11,4.7593e-11
2.7764e-11,2.3754e-11,2.5209e-11
3.5116e-11,2.5345e-11,3.6218e-11
1.1252e-10,5.106e-11,8.1344e-11
4.2991e-11,2.0574e-11,8.1595e-11
1.1388e-10,4.9708e-11,8.8403e-11
1.6061e-10,7.0158e-11,8.862e-11
4.5081e-11,2.0659e-11,8.2107e-11
1.6018e-10,7.2598e-11,9.025e-11
6.8582e-11,2.6256e-11,1.0962e-10
7.3154e-11,4.2134e-11,7.1765e-11
7.2417e-11,9.3144e-12,9.85e-11
8.1322e-11,3.2872e-11,9.135e-11
9.6062e-11,7.3841e-12,1.3252e-10
1.6082e-11,1.5381e-11,1.2223e-11
4.367e-11,5.442e-11,3.2382e-11
3.403e-11,4.1305e-11,2.378e-11
1.9125e-11,1.9463e-11,2.9461e-11
2.2921e-11,2.2428e-11,2.0583e-11
7.0666e-11,1.2522e-10,2.7116e-11
2.097e-11,2.4881e-11,2.0187e-11
2.1193e-11,2.105e-11,1.9721e-11
5.4116e-11,5.8992e-11,3.1966e-11
7.0645e-11,1.4528e-10,3.4325e-11
5.8231e-11,6.5376e-11,4.4319e-11
8.4584e-11,1.5094e-10,5.2369e-11
2.4612e-11,2.3428e-11,2.2632e-11
4.0343e-11,4.1288e-11,3.165e-11
1.9859e-11,1.9835e-11,1.6818e-11
3.8245e-11,7.3039e-11,4.9352e-11
3.6294e-11,5.5581e-11,4.2716e-11
2.4976e-11,1.318e-11,3.2735e-11
5.4769e-11,5.493e-11,4.2828e-11
6.8398e-11,7.1031e-11,5.5364e-11
3.7406e-11,2.9097e-11,6.2749e-11
2.7837e-11,1.8912e-11,5.3093e-11
4.225e-11,3.4399e-11,3.4965e-11
3.4208e-11,1.5967e-11,4.585e-11
7.777e-11,1.2893e-10,7.2216e-11
6.4588e-11,3.4617e-11,7.8223e-11
7.2469e-11,2.9025e-11,8.0777e-11
4.7361e-11,2.6332e-11,8.8688e-11
7.8751e-11,3.7944e-11,9.5853e-11
5.3553e-11,3.5581e-11,4.9887e-11
3.83e-11,9.8987e-12,5.1385e-11
4.9342e-11,1.5231e-11,7.2644e-11
4.8962e-11,1.4764e-11,7.6578e-11
7.3772e-11,5.0007e-11,6.7851e-11
6.3565e-11,3.8649e-11,6.1973e-11
8.2406e-11,3.0805e-11,1.0038e-10
1.9065e-11,1.791e-11,1.3422e-11
2.982e-11,3.702e-11,2.1982e-11
7.1034e-11,1.387e-10,2.4985e-11
3.898e-11,4.1084e-11,3.063e-11
7.9416e-11,1.4782e-10,1.9705e-11
2.757e-11,1.8816e-11,1.857e-11
4.3093e-11,5.4439e-11,3.9091e-11
3.0224e-11,3.7778e-11,2.4892e-11
1.8518e-11,1.9147e-11,2.2578e-11
3.835e-11,4.7656e-11,3.3053e-11
2.7706e-11,2.8828e-11,2.6725e-11
1.7655e-11,1.8921e-11,1.4693e-11
4.2011e-11,4.4748e-11,2.9022e-11
2.0907e-11,2.339e-11,1.6101e-11
3.378e-11,6.4867e-11,4.4961e-11
4.8693e-11,1.2131e-10,4.9841e-11
3.5996e-11,6.4757e-11,4.6921e-11
4.5188e-11,1.0215e-10,5.1428e-11
2.7623e-11,1.6195e-11,2.9791e-11
4.0546e-11,3.1771e-11,6.228e-11
2.3985e-11,1.7908e-11,5.163e-11
6.3137e-11,3.6802e-11,6.0778e-11
4.7249e-11,3.2818e-11,6.6765e-11
3.0046e-11,2.2151e-11,4.3558e-11
3.3502e-11,2.1747e-11,6.48e-11
2.5237e-11,2.1537e-11,2.3454e-11
3.946e-11,3.2211e-11,3.469e-11
2.4669e-11,1.2406e-11,2.1524e-11
7.2281e-11,5.2391e-11,5.8538e-11
2.8412e-11,2.4734e-11,2.5181e-11
7.0553e-11,6.3851e-11,6.3968e-11
9.8215e-11,6.4536e-11,5.1276e-11
7.8e-11,3.004e-11,9.0113e-11
6.5655e-11,4.7942e-11,5.8958e-11
4.569e-11,1.8188e-11,6.9348e-11
4.7529e-11,1.4674e-11,7.8463e-11
1.544e-10,4.7609e-11,9.1415e-11
5.0901e-11,1.9539e-11,8.4489e-11
6.8769e-11,2.6366e-11,1.0205e-10
6.0998e-11,1.0728e-11,7.7681e-11
7.9138e-11,3.7609e-11,8.4542e-11
8.7947e-11,7.0188e-12,1.1838e-10
9.0694e-11,1.2703e-10,1.9683e-11
6.553e-11,1.3625e-10,1.2689e-11
2.8566e-11,3.4498e-11,2.0507e-11
6.3461e-11,1.1957e-10,1.5879e-11
8.9076e-11,1.2462e-10,2.572e-11
1.7035e-11,1.5191e-11,1.2304e-11
2.0517e-11,2.2749e-11,1.3694e-11
4.8367e-11,5.3215e-11,3.8314e-11
6.2886e-11,6.5085e-11,4.7549e-11
4.1526e-11,4.1979e-11,3.1985e-11
6.5856e-11,6.5289e-11,5.2689e-11
3.2888e-11,5.5457e-11,3.9514e-11
1.9107e-11,2.3925e-11,1.8021e-11
6.6409e-11,1.1087e-10,7.1247e-11
2.6857e-11,1.1742e-11,4.8414e-11
7.1121e-11,7.1801e-11,6.3239e-11
2.9472e-11,1.4663e-11,4.2041e-11
3.3211e-11,2.3757e-11,5.6107e-11
2.4329e-11,1.6209e-11,2.0295e-11
7.2296e-11,6.6823e-11,6.0846e-11
2.6576e-11,1.2733e-11,2.8308e-11
9.4147e-11,9.5312e-11,7.3603e-11
2.9925e-11,2.2379e-11,2.7436e-11
9.5101e-11,9.1707e-11,6.8516e-11
3.486e-11,2.6474e-11,3.612e-11
5.9098e-11,4.6315e-11,5.2564e-11
1.2651e-10,7.1593e-11,6.8646e-11
4.338e-11,2.8197e-11,3.7974e-11
6.6135e-11,2.9227e-11,8.974e-11
5.1055e-11,3.3085e-11,8.217e-11
4.8164e-11,3.2425e-11,4.6178e-11
5.5199e-11,1.5196e-11,8.2788e-11
7.4706e-11,2.7661e-11,1.2817e-10
7.7562e-11,3.8891e-11,7.5406e-11
7.6395e-11,2.6831e-11,1.2005e-10
8.0747e-11,2.3597e-11,1.3048e-10
8.4964e-11,1.3446e-11,1.1463e-10
1.9178e-11,1.9448e-11,1.724e-11
5.4599e-11,8.6754e-11,4.4173e-11
3.3404e-11,3.168e-11,3.7035e-11
7.587e-11,1.4012e-10,2.122e-11
6.5503e-11,1.166e-10,2.4973e-11
6.1737e-11,1.1566e-10,1.7755e-11
6.313e-11,1.2995e-10,3.2367e-11
6.4261e-11,1.1524e-10,3.3995e-11
8.8235e-11,1.1781e-10,2.4743e-11
7.1858e-11,1.1679e-10,1.7495e-11
6.5204e-11,1.3122e-10,2.3864e-11
2.2554e-11,1.7599e-11,1.7911e-11
7.292e-11,1.5047e-10,3.846e-11
2.1275e-11,2.212e-11,1.3975e-11
4.57e-11,4.3615e-11,3.5295e-11
2.7333e-11,2.5109e-11,1.8952e-11
4.7029e-11,7.7207e-11,4.6448e-11
2.7574e-11,1.2415e-11,4.9774e-11
3.5078e-11,4.668e-11,5.9234e-11
5.9506e-11,9.419e-11,4.9342e-11
9.0214e-11,1.4897e-10,6.4909e-11
2.7111e-11,1.2703e-11,2.505e-11
4.8714e-11,4.0299e-11,5.6761e-11
2.7206e-11,2.3451e-11,2.294e-11
2.6654e-11,1.7797e-11,2.6719e-11
3.0814e-11,1.5559e-11,4.7598e-11
2.5774e-11,1.7467e-11,3.1757e-11
2.5565e-11,2.5762e-11,2.6904e-11
2.7438e-11,1.8466e-11,2.4779e-11
3.4779e-11,1.8913e-11,5.2507e-11
6.4009e-11,3.2286e-11,7.957e-11
3.7987e-11,1.7596e-11,7.381e-11
9.4886e-11,4.5438e-11,6.7695e-11
6.6104e-11,5.0568e-11,5.8288e-11
4.1261e-11,1.5393e-11,6.2963e-11
5.3487e-11,2.0536e-11,9.7693e-11
3.901e-11,2.448e-11,3.6927e-11
1.5973e-10,5.1152e-11,9.7909e-11
6.1073e-11,1.9138e-11,9.0634e-11
7.5043e-11,2.7089e-11,1.2735e-10
5.2557e-11,8.3439e-12,6.5606e-11
7.0153e-11,2.9862e-11,7.0948e-11
9.3768e-11,2.7702e-11,1.1929e-10
8.5666e-11,7.6847e-12,1.1527e-10
2.4987e-11,4.7077e-11,3.5182e-11
2.5502e-11,2.4845e-11,3.5161e-11
2.1568e-11,2.845e-11,1.8208e-11
3.2457e-11,4.2776e-11,2.705e-11
7.0597e-11,1.226e-10,2.6318e-11
1.4814e-11,1.5402e-11,8.2311e-12
2.1561e-11,1.3823e-11,1.8528e-11
2.0162e-11,1.712e-11,1.5468e-11
7.4097e-11,1.3127e-10,5.5538e-11
2.5439e-11,2.6167e-11,2.1365e-11
5.0239e-11,1.1003e-10,5.515e-11
4.9013e-11,4.8272e-11,3.7175e-11
7.9229e-11,1.4946e-10,8.0929e-11
4.3183e-11,2.9603e-11,5.8589e-11
2.6268e-11,1.4317e-11,2.5474e-11
2.9414e-11,1.5281e-11,3.6396e-11
3.0871e-11,1.6805e-11,4.6762e-11
2.8298e-11,2.0549e-11,6.5168e-11
6.5973e-11,6.4883e-11,5.265e-11
8.1729e-11,6.8916e-11,6.1156e-11
8.6274e-11,3.7602e-11,7.0278e-11
3.1894e-11,1.5387e-11,3.2625e-11
4.5163e-11,2.2579e-11,4.5448e-11
7.9288e-11,1.8259e-11,1.1156e-10
8.246e-11,2.0641e-11,1.126e-10
9.3394e-11,1.0352e-11,1.2892e-10
3.3063e-11,3.1166e-11,4.5395e-11
6.7171e-11,1.193e-10,2.9104e-11
7.2611e-11,1.1152e-10,1.9091e-11
8.6861e-11,1.2273e-10,2.1378e-11
2.546e-11,2.9151e-11,1.8973e-11
2.8094e-11,1.8992e-11,2.4603e-11
1.9783e-11,1.9545e-11,1.5338e-11
9.0223e-11,1.0745e-10,3.7778e-11
1.6573e-11,1.9163e-11,1.5617e-11
5.2075e-11,1.1519e-10,3.5066e-11
2.4592e-11,1.5249e-11,2.2249e-11
5.1453e-11,1.1335e-10,4.1033e-11
2.5368e-11,2.1456e-11,1.6447e-11
2.171e-11,1.8257e-11,1.1583e-11
5.1922e-11,1.1035e-10,5.6602e-11
5.0225e-11,1.3574e-10,6.6218e-11
4.731e-11,1.0826e-10,4.8225e-11
3.1036e-11,3.1093e-11,2.1867e-11
7.1715e-11,1.2413e-10,5.719e-11
3.2922e-11,7.605e-11,4.1831e-11
2.5938e-11,1.8219e-11,3.9959e-11
5.9387e-11,5.88e-11,4.5607e-11
5.4573e-11,1.3398e-10,7.0668e-11
8.3848e-11,1.495e-10,5.1833e-11
2.2489e-11,1.8677e-11,2.3038e-11
2.9911e-11,1.9181e-11,6.1523e-11
2.5741e-11,5.7252e-12,3.0345e-11
3.5676e-11,1.0736e-11,5.8186e-11
6.894e-11,3.147e-11,8.6834e-11
4.1634e-11,3.1362e-11,3.8422e-11
7.0183e-11,3.7071e-11,1.0633e-10
1.6737e-10,7.4891e-11,1.0062e-10
7.9394e-11,5.4781e-11,6.7223e-11
5.4936e-11,1.8818e-11,9.7184e-11
4.8933e-11,3.6753e-11,5.2029e-11
5.2434e-11,7.9223e-12,7.7295e-11
5.5147e-11,8.2947e-12,8.0711e-11
8.2674e-11,4.2941e-11,7.6313e-11
8.1075e-11,2.4441e-11,1.284e-10
5.9953e-11,2.2513e-11,7.4938e-11
8.4272e-11,1.9627e-11,1.1566e-10
6.6657e-11,1.2987e-11,8.2917e-11
7.2216e-11,1.8244e-11,9.8672e-11
8.6317e-11,1.665e-11,1.0795e-10
8.6169e-11,1.1983e-11,1.1461e-10
1.0092e-10,1.6757e-11,1.2845e-10
1.0435e-10,2.2706e-11,1.3097e-10
1.5256e-11,1.7103e-11,9.3116e-12
1.6526e-11,1.4712e-11,1.5673e-11
1.7072e-11,1.5024e-11,1.751e-11
2.1384e-11,2.07e-11,1.6748e-11
7.8921e-11,1.1302e-10,2.1262e-11
8.269e-11,1.205e-10,2.6587e-11
1.4178e-11,1.6857e-11,1.2018e-11
2.2465e-11,2.2994e-11,2.2192e-11
2.6896e-11,2.3995e-11,1.9245e-11
6.7259e-11,1.2246e-10,1.8312e-11
5.1378e-11,1.3e-10,5.0658e-11
3.0141e-11,2.5275e-11,2.1167e-11
4.078e-11,1.0868e-10,4.51e-11
2.5111e-11,1.0619e-11,3.2826e-11
6.0039e-11,5.8315e-11,4.3868e-11
9.5417e-11,1.2808e-10,7.9596e-11
4.6302e-11,3.6827e-11,6.4376e-11
3.3948e-11,2.5785e-11,5.6714e-11
2.8867e-11,3.1952e-11,6.417e-11
4.5123e-11,3.9673e-11,3.4067e-11
3.1294e-11,1.7474e-11,6.3418e-11
2.2091e-11,1.7558e-11,1.8075e-11
2.7287e-11,1.6075e-11,3.0408e-11
2.9953e-11,1.5681e-11,4.3789e-11
8.4292e-11,1.0703e-10,6.6516e-11
2.6281e-11,1.6838e-11,2.3498e-11
3.0838e-11,1.0285e-11,4.0571e-11
8.5298e-11,6.6561e-11,6.6046e-11
3.9829e-11,2.5539e-11,8.1914e-11
3.5366e-11,1.5809e-11,5.3901e-11
3.824e-11,1.9666e-11,5.924e-11
3.104e-11,1.8362e-11,2.8949e-11
6.0924e-11,3.3429e-11,9.0223e-11
3.9994e-11,1.2585e-11,5.6559e-11
1.0938e-10,4.2573e-11,8.432e-11
5.4952e-11,2.3404e-11,1.0023e-10
7.0344e-11,3.0848e-11,9.6353e-11
1.5133e-10,5.3947e-11,9.7123e-11
4.1832e-11,1.9571e-11,6.1111e-11
4.8195e-11,2.3079e-11,4.4659e-11
4.2478e-11,1.935e-11,4.6459e-11
1.0802e-10,3.6169e-11,1.0774e-10
5.375e-11,1.2553e-11,7.922e-11
5.0696e-11,1.8144e-11,5.7371e-11
4.9749e-11,2.1118e-11,5.6881e-11
6.3835e-11,1.4287e-11,9.2719e-11
6.6179e-11,1.8161e-11,9.3899e-11
8.7937e-11,4.3678e-11,8.9206e-11
8.7075e-11,3.0351e-11,1.1936e-10
1.0808e-10,2.0283e-11,1.3541e-10
2.1561e-11,1.759e-11,1.7739e-11
1.9332e-11,1.3375e-11,1.9407e-11
8.1807e-11,8.1321e-11,3.2032e-11
8.1921e-11,1.1414e-10,3.0069e-11
6.4994e-11,1.0007e-10,3.4174e-11
2.4349e-11,2.2177e-11,1.8572e-11
5.8144e-11,1.142e-10,2.4694e-11
5.3887e-11,1.2117e-10,3.2059e-11
8.3525e-11,8.6524e-11,2.929e-11
1.9207e-11,1.3847e-11,1.1337e-11
5.9324e-11,1.0244e-10,2.0462e-11
2.4589e-11,2.4514e-11,1.6131e-11
8.806e-11,1.0766e-10,4.0477e-11
8.8072e-11,1.1021e-10,3.8973e-11
4.2959e-11,4.1906e-11,3.6492e-11
2.9205e-11,2.9794e-11,2.3579e-11
5.6313e-11,1.2356e-10,5.7733e-11
5.7887e-11,6.0056e-11,4.1357e-11
2.8727e-11,2.7754e-11,2.3231e-11
6.5309e-11,6.6386e-11,4.6908e-11
1.9824e-11,1.6785e-11,1.1856e-11
2.1672e-11,1.6801e-11,1.0593e-11
5.5694e-11,1.4e-10,6.8308e-11
2.319e-11,1.8939e-11,1.4417e-11
4.711e-11,6.8353e-11,4.7836e-11
2.1101e-11,1.2723e-11,2.7556e-11
2.9688e-11,2.7538e-11,4.7575e-11
2.5294e-11,8.641e-12,3.8153e-11
2.5639e-11,3.1346e-11,6.0523e-11
4.5821e-11,4.1544e-11,3.1658e-11
7.985e-11,1.6444e-10,8.1921e-11
4.3182e-11,3.7248e-11,3.0121e-11
2.7427e-11,1.5686e-11,2.6659e-11
4.6123e-11,4.9783e-11,5.8488e-11
2.505e-11,8.8326e-12,3.7645e-11
7.9068e-11,6.2265e-11,6.0645e-11
2.3144e-11,1.296e-11,1.8446e-11
3.3273e-11,2.0962e-11,4.9702e-11
2.5147e-11,1.7948e-11,2.2489e-11
1.4903e-10,8.7513e-11,1.032e-10
3.7045e-11,1.6482e-11,5.179e-11
5.0131e-11,2.232e-11,9.3613e-11
5.09e-11,2.1613e-11,9.5619e-11
4.0783e-11,1.4902e-11,6.4728e-11
1.0816e-10,3.4965e-11,8.3786e-11
6.2783e-11,2.4388e-11,1.0971e-10
9.3965e-11,3.3369e-11,1.0467e-10
5.9218e-11,1.4392e-11,8.6848e-11
7.263e-11,2.0385e-11,8.6376e-11
8.5384e-11,1.9651e-11,1.0952e-10
8.6503e-11,2.0476e-11,1.1397e-10
2.1287e-11,2.3393e-11,2.5163e-11
2.1153e-11,1.8473e-11,3.0791e-11
8.8924e-11,9.8517e-11,2.0801e-11
6.6971e-11,1.0024e-10,1.6115e-11
6.4657e-11,8.569e-11,2.0795e-11
2.5586e-11,1.2259e-11,2.1114e-11
5.3313e-11,1.174e-10,2.8424e-11
5.2501e-11,9.2442e-11,3.0494e-11
1.8163e-11,1.9835e-11,1.8219e-11
3.6073e-11,3.5255e-11,2.2892e-11
4.8349e-11,1.202e-10,5.3817e-11
5.8401e-11,1.3491e-10,5.6761e-11
3.4497e-11,3.0247e-11,2.6272e-11
5.6584e-11,5.5573e-11,4.4478e-11
5.5111e-11,1.1873e-10,8.4974e-11
2.83e-11,2.0459e-11,4.4269e-11
3.0019e-11,1.1788e-11,4.0428e-11
2.5869e-11,1.9699e-11,2.1816e-11
2.5097e-11,1.4437e-11,2.0757e-11
5.1454e-11,4.042e-11,3.9065e-11
2.5902e-11,1.9179e-11,2.5192e-11
1.0004e-10,1.2379e-10,7.9806e-11
1.0381e-10,1.3004e-10,1.0909e-10
3.909e-11,2.3538e-11,7.3252e-11
4.6549e-11,2.1527e-11,7.7755e-11
6.8622e-11,5.834e-11,6.0171e-11
3.6376e-11,1.7389e-11,4.2749e-11
3.836e-11,1.5318e-11,7.0157e-11
3.4633e-11,1.5632e-11,3.4754e-11
3.5158e-11,1.2329e-11,4.6819e-11
1.4769e-10,7.8332e-11,1.0461e-10
6.7571e-11,4.8439e-11,5.8337e-11
7.4918e-11,5.601e-11,6.5296e-11
1.4411e-10,7.0552e-11,9.9966e-11
3.9754e-11,2.1532e-11,4.1597e-11
5.6996e-11,2.4301e-11,1.0584e-10
7.9451e-11,2.5853e-11,1.0771e-10
1.0393e-10,3.1135e-11,1.0693e-10
6.9984e-11,4.5592e-11,6.6266e-11
5.3691e-11,1.7266e-11,8.2115e-11
8.0179e-11,3.9125e-11,7.9808e-11
7.454e-11,1.9716e-11,9.8869e-11
7.9588e-11,2.2735e-11,9.428e-11
9.4254e-11,1.8049e-11,1.1764e-10
1.0984e-10,2.1362e-11,1.3924e-10
3.9713e-11,3.5428e-11,2.902e-11
4.2001e-11,4.0952e-11,4.5243e-11
8.1285e-11,1.1027e-10,3.0006e-11
3.0596e-11,3.0627e-11,1.7896e-11
2.6852e-11,3.3197e-11,1.8382e-11
3.2231e-11,3.102e-11,1.9335e-11
7.2401e-11,1.0194e-10,3.0266e-11
5.5058e-11,1.1522e-10,2.5332e-11
4.8351e-11,9.6098e-11,1.9431e-11
5.9422e-11,8.1091e-11,1.73e-11
6.4335e-11,1.1357e-10,2.5259e-11
6.0669e-11,8.0745e-11,1.8218e-11
1.5953e-11,1.3331e-11,1.2583e-11
5.2002e-11,5.8548e-11,3.3814e-11
2.0921e-11,1.3449e-11,1.2016e-11
8.5162e-11,1.0008e-10,4.1099e-11
2.0999e-11,1.5385e-11,1.5147e-11
5.2854e-11,5.6123e-11,3.0753e-11
4.7302e-11,1.1743e-10,4.6617e-11
7.7524e-11,7.4809e-11,5.5942e-11
5.4391e-11,5.0598e-11,3.7953e-11
4.671e-11,1.0643e-10,7.3481e-11
2.5022e-11,7.4595e-12,3.7752e-11
2.1873e-11,1.8e-11,1.5593e-11
7.976e-11,1.2783e-10,9.5369e-11
6.0643e-11,4.4426e-11,5.9066e-11
3.1067e-11,2.3652e-11,2.5536e-11
8.3857e-11,1.0245e-10,1.0101e-10
1.089e-10,1.2001e-10,1.1455e-10
3.6132e-11,1.727e-11,5.6407e-11
5.3909e-11,2.6347e-11,7.8744e-11
6.9826e-11,5.561e-11,5.578e-11
3.2262e-11,1.4375e-11,3.2745e-11
1.0408e-10,4.5341e-11,8.5926e-11
5.6883e-11,3.0352e-11,1.016e-10
4.7322e-11,3.6781e-11,4.7146e-11
4.0055e-11,2.5343e-11,5.7874e-11
5.2155e-11,2.1729e-11,8.083e-11
7.7287e-11,2.8469e-11,1.1604e-10
7.2037e-11,4.6746e-11,6.7626e-11
5.7982e-11,2.1014e-11,7.1935e-11
6.7028e-11,1.5194e-11,8.6014e-11
9.6679e-11,1.6206e-11,1.2284e-10
5.1391e-11,8.5949e-11,3.707e-11
2.4193e-11,3.0752e-11,3.1294e-11
1.6782e-11,1.4788e-11,1.4502e-11
2.489e-11,2.1361e-11,1.4915e-11
6.0429e-11,7.6746e-11,2.0473e-11
5.5623e-11,1.2061e-10,2.2459e-11
6.4841e-11,7.3672e-11,2.6798e-11
5.9765e-11,1.0945e-10,2.4097e-11
1.8473e-11,1.7788e-11,1.7939e-11
1.7497e-11,1.73e-11,1.6953e-11
2.3473e-11,1.9026e-11,3.31e-11
8.4319e-11,1.1945e-10,5.3129e-11
6.6385e-11,1.2452e-10,3.1566e-11
7.1582e-11,1.4835e-10,5.0996e-11
6.0153e-11,5.413e-11,5.0866e-11
3.8169e-11,1.1859e-10,4.1554e-11
6.7834e-11,1.489e-10,6.7176e-11
3.4881e-11,9.4183e-11,6.0065e-11
5.0286e-11,1.0392e-10,7.3309e-11
2.7983e-11,1.0151e-11,3.9376e-11
2.9212e-11,3.6656e-11,5.0885e-11
2.1378e-11,1.6032e-11,1.5553e-11
4.1548e-11,3.8421e-11,5.7431e-11
5.8856e-11,9.0921e-11,8.5193e-11
5.2775e-11,6.5382e-11,5.421e-11
4.6452e-11,4.0676e-11,3.4203e-11
3.0259e-11,2.61e-11,2.1443e-11
2.0673e-11,1.5054e-11,1.5913e-11
3.5299e-11,3.2552e-11,2.7486e-11
7.2697e-11,1.1882e-10,8.2527e-11
2.934e-11,2.0147e-11,5.3635e-11
3.141e-11,2.4798e-11,6.757e-11
4.0952e-11,2.3867e-11,7.7885e-11
8.9504e-11,5.3129e-11,6.9922e-11
1.1126e-10,1.1475e-10,1.0044e-10
2.589e-11,1.3921e-11,2.2623e-11
7.1514e-11,2.5945e-11,7.9371e-11
1.111e-10,7.3278e-11,8.9899e-11
7.0886e-11,5.4146e-11,6.0172e-11
4.3212e-11,1.4206e-11,8.2266e-11
4.439e-11,1.849e-11,8.4013e-11
5.4357e-11,2.7164e-11,9.816e-11
1.0429e-10,4.5521e-11,8.8725e-11
1.3722e-10,7.0682e-11,9.3847e-11
6.6034e-11,4.1202e-11,6.085e-11
7.4736e-11,2.5801e-11,1.2632e-10
5.481e-11,1.6152e-11,6.3427e-11
8.0613e-11,2.4618e-11,1.3642e-10
7.9462e-11,3.6303e-11,8.6552e-11
7.5201e-11,1.9093e-11,1.0787e-10
7.5578e-11,2.7572e-11,9.0464e-11
9.8584e-11,1.4314e-11,1.341e-10
9.8105e-11,1.1519e-11,1.1965e-10
1.0382e-10,1.3643e-11,1.3746e-10
2.287e-11,2.0404e-11,1.4904e-11
2.3489e-11,2.2025e-11,3.3099e-11
2.7569e-11,2.4458e-11,3.4198e-11
2.3473e-11,2.0011e-11,2.249e-11
6.0044e-11,1.0164e-10,3.1601e-11
2.8108e-11,3.2397e-11,1.727e-11
5.6857e-11,1.0048e-10,4.0331e-11
5.8098e-11,6.6824e-11,3.475e-11
3.2016e-11,1.6617e-11,2.9929e-11
6.7646e-11,1.0829e-10,2.0833e-11
8.6987e-11,1.0725e-10,6.0872e-11
4.4113e-11,4.4267e-11,2.986e-11
6.0904e-11,1.1477e-10,6.2526e-11
6.8097e-11,6.5384e-11,4.5514e-11
6.2006e-11,5.4899e-11,3.7438e-11
8.2227e-11,7.585e-11,5.7022e-11
8.0859e-11,1.4121e-10,6.076e-11
8.127e-11,1.3979e-10,6.867e-11
2.3525e-11,5.477e-11,3.735e-11
2.514e-11,1.394e-11,5.9543e-11
2.5429e-11,2.2525e-11,5.8128e-11
4.8786e-11,4.5984e-11,5.208e-11
2.1901e-11,1.6289e-11,1.6033e-11
2.7993e-11,1.6581e-11,5.1703e-11
9.7725e-11,1.5247e-10,1.1199e-10
4.8962e-11,7.9931e-11,5.6342e-11
9.2336e-11,1.4554e-10,1.1814e-10
2.9982e-11,2.7838e-11,4.8441e-11
2.7063e-11,1.9183e-11,2.2267e-11
3.4313e-11,1.4667e-11,5.3775e-11
3.3824e-11,2.447e-11,2.8747e-11
6.1107e-11,4.3947e-11,5.0959e-11
4.1282e-11,1.7765e-11,8.7506e-11
9.4868e-11,6.527e-11,8.2959e-11
3.3149e-11,2.1489e-11,3.2471e-11
3.2022e-11,1.767e-11,3.1113e-11
5.1893e-11,2.0099e-11,9.4044e-11
4.1198e-11,2.3268e-11,5.1626e-11
7.4372e-11,4.9058e-11,6.3744e-11
6.5136e-11,2.9194e-11,1.1662e-10
5.1495e-11,1.6996e-11,7.8244e-11
5.88e-11,1.3599e-11,9.0634e-11
5.996e-11,1.3065e-11,8.9276e-11
5.7799e-11,9.9505e-12,7.2266e-11
6.8145e-11,1.7611e-11,1.0549e-10
6.6546e-11,1.6523e-11,9.7622e-11
7.2423e-11,1.8298e-11,1.113e-10
6.8713e-11,1.6784e-11,9.1532e-11
6.7439e-11,1.6148e-11,9.2106e-11
6.8553e-11,2.6574e-11,7.7447e-11
9.286e-11,2.1094e-11,1.3053e-10
7.9998e-11,3.6847e-11,8.3963e-11
2.5022e-11,3.0386e-11,3.2598e-11
1.5114e-11,1.1944e-11,1.114e-11
2.7288e-11,3.2112e-11,1.8085e-11
1.8881e-11,2.5852e-11,1.8427e-11
5.381e-11,1.0453e-10,2.9976e-11
6.14e-11,1.0682e-10,2.3694e-11
3.9486e-11,4.761e-11,2.5045e-11
5.6554e-11,6.9586e-11,1.8537e-11
6.4296e-11,9.9269e-11,2.3313e-11
2.5336e-11,1.9896e-11,1.6586e-11
2.329e-11,2.005e-11,1.7753e-11
7.225e-11,1.2367e-10,5.3916e-11
5.5985e-11,1.1297e-10,6.4404e-11
2.5409e-11,2.114e-11,1.8779e-11
3.269e-11,8.5293e-11,5.6501e-11
3.2813e-11,6.7163e-11,6.0136e-11
3.6886e-11,3.3858e-11,3.1947e-11
4.1832e-11,3.7945e-11,5.5872e-11
4.7855e-11,8.9735e-11,7.3353e-11
8.6949e-11,1.306e-10,8.8368e-11
2.7349e-11,1.9812e-11,4.1738e-11
9.8027e-11,1.4827e-10,1.2703e-10
7.3224e-11,1.348e-10,8.485e-11
5.3935e-11,4.5746e-11,5.142e-11
3.3149e-11,2.7298e-11,2.6817e-11
2.3723e-11,1.8119e-11,2.0345e-11
7.0141e-11,4.9532e-11,6.0092e-11
3.3608e-11,2.0168e-11,6.9146e-11
3.5333e-11,2.1321e-11,6.1988e-11
4.1713e-11,2.283e-11,8.2785e-11
3.3641e-11,2.3527e-11,4.2396e-11
6.3047e-11,2.3142e-11,7.3928e-11
6.7704e-11,3.2432e-11,7.9002e-11
9.4617e-11,2.6237e-11,9.783e-11
8.081e-11,2.3626e-11,1.0421e-10
4.8309e-11,5.9194e-12,6.8507e-11
6.5051e-11,4.2078e-11,5.9597e-11
8.4701e-11,2.7388e-11,1.1384e-10
6.3638e-11,1.7166e-11,1.1266e-10
6.7105e-11,1.7836e-11,1.1427e-10
5.8337e-11,1.9081e-11,7.0647e-11
6.4231e-11,2.9157e-11,6.8412e-11
8.2762e-11,2.36e-11,9.6137e-11
8.5933e-11,3.5869e-11,9.3792e-11
9.4609e-11,3.596e-11,1.0779e-10
5.2723e-11,7.642e-11,3.7015e-11
6.5842e-11,1.1084e-10,2.1239e-11
1.9154e-11,1.6455e-11,1.0336e-11
6.4155e-11,1.0609e-10,2.3131e-11
4.1563e-11,7.0852e-11,1.8564e-11
3.1547e-11,3.487e-11,2.095e-11
3.7615e-11,4.6628e-11,2.2332e-11
5.5459e-11,7.3262e-11,3.4501e-11
4.8742e-11,9.7753e-11,2.6067e-11
5.0838e-11,9.0072e-11,2.5851e-11
5.2036e-11,6.5259e-11,3.5562e-11
1.6595e-11,1.5405e-11,1.3819e-11
1.9303e-11,1.4712e-11,1.4071e-11
2.6955e-11,1.8561e-11,2.7509e-11
7.6948e-11,8.7132e-11,4.9564e-11
4.2385e-11,9.2583e-11,5.6532e-11
3.2888e-11,1.0444e-10,4.0671e-11
3.4502e-11,9.9782e-11,5.2619e-11
3.8733e-11,8.947e-11,6.8124e-11
7.887e-11,7.0643e-11,5.4656e-11
7.0099e-11,1.2258e-10,5.6322e-11
8.5202e-11,1.2236e-10,7.9507e-11
7.1574e-11,6.5195e-11,4.9887e-11
2.6489e-11,5.192e-11,3.8393e-11
3.4596e-11,3.1415e-11,2.4472e-11
3.3229e-11,5.5497e-11,4.1624e-11
2.2559e-11,1.3776e-11,4.6237e-11
2.6339e-11,1.5909e-11,6.1274e-11
6.6875e-11,1.32e-10,9.3687e-11
2.987e-11,2.6647e-11,2.2714e-11
5.8488e-11,7.9286e-11,8.8453e-11
6.9862e-11,5.9453e-11,5.3768e-11
5.1424e-11,2.4244e-11,6.5604e-11
2.7958e-11,2.0539e-11,6.2089e-11
4.7432e-11,3.536e-11,3.7809e-11
3.2141e-11,1.7683e-11,4.9808e-11
9.6505e-11,6.5034e-11,8.9393e-11
2.8674e-11,1.5227e-11,2.4891e-11
3.6526e-11,2.1526e-11,7.7682e-11
3.5487e-11,9.9266e-12,3.78e-11
3.04e-11,1.764e-11,2.7664e-11
5.9885e-11,1.8753e-11,1.0938e-10
6.9283e-11,3.9788e-11,6.6313e-11
6.6611e-11,2.2375e-11,1.1233e-10
7.1357e-11,1.8291e-11,1.1479e-10
8.566e-11,4.2531e-11,8.2004e-11
6.346e-11,2.0667e-11,7.6691e-11
9.9733e-11,2.2904e-11,1.3773e-10
9.3297e-11,3.2239e-11,1.0795e-10
1.0569e-10,1.6666e-11,1.4424e-10
2.6418e-11,2.5692e-11,1.4837e-11
5.6222e-11,1.1385e-10,1.9061e-11
2.7133e-11,2.7649e-11,1.6263e-11
2.6063e-11,1.9942e-11,1.8479e-11
2.3394e-11,2.057e-11,1.8422e-11
4.1316e-11,5.8395e-11,2.6045e-11
1.7178e-11,1.5138e-11,2.0954e-11
1.8507e-11,1.975e-11,2.0877e-11
5.054e-11,8.9796e-11,2.9768e-11
5.9033e-11,1.0414e-10,3.2893e-11
2.0923e-11,1.951e-11,1.538e-11
5.8503e-11,6.5303e-11,4.0113e-11
7.7288e-11,1.0354e-10,6.1175e-11
7.1746e-11,1.0509e-10,4.9017e-11
7.076e-11,1.0472e-10,6.5097e-11
7.0516e-11,6.4142e-11,4.5038e-11
3.4273e-11,8.4619e-11,6.3477e-11
5.1094e-11,1.0413e-10,6.3325e-11
2.9808e-11,7.0005e-11,4.7492e-11
3.5141e-11,3.2033e-11,2.4382e-11
2.5511e-11,1.02e-11,4.2715e-11
2.822e-11,1.8926e-11,3.7047e-11
3.4747e-11,4.4372e-11,4.1542e-11
4.6193e-11,6.9955e-11,6.4023e-11
2.2955e-11,1.5397e-11,4.6447e-11
4.3469e-11,6.8883e-11,5.4853e-11
1.0237e-10,1.2412e-10,1.1922e-10
6.2288e-11,5.7088e-11,4.5578e-11
2.9677e-11,1.3617e-11,2.8534e-11
3.4472e-11,2.3987e-11,7.0121e-11
9.0647e-11,9.5592e-11,9.9766e-11
3.2035e-11,1.8831e-11,3.7519e-11
7.8231e-11,5.7778e-11,8.6726e-11
2.7858e-11,2.027e-11,3.2525e-11
3.954e-11,3.1127e-11,3.5592e-11
3.4741e-11,1.4851e-11,5.3717e-11
4.5103e-11,1.4266e-11,7.3816e-11
4.5093e-11,3.0067e-11,4.2594e-11
7.0366e-11,2.8831e-11,1.0694e-10
4.2788e-11,2.3057e-11,4.4586e-11
1.1035e-10,3.2982e-11,1.067e-10
7.7046e-11,2.6628e-11,1.1694e-10
5.9279e-11,2.4192e-11,6.4219e-11
7.796e-11,1.9447e-11,1.2491e-10
7.1377e-11,1.7931e-11,8.3243e-11
8.9358e-11,2.1699e-11,1.1102e-10
1.9673e-11,2.9582e-11,2.3945e-11
1.7872e-11,2.3075e-11,2.8566e-11
4.784e-11,8.6118e-11,2.4275e-11
2.4173e-11,2.2343e-11,1.8442e-11
6.1471e-11,7.6586e-11,3.4622e-11
1.7669e-11,1.4527e-11,1.7883e-11
1.6191e-11,1.8833e-11,1.9944e-11
2.9338e-11,2.2881e-11,3.1357e-11
1.6138e-11,1.3404e-11,1.2258e-11
5.3378e-11,8.6121e-11,2.5474e-11
5.352e-11,6.9744e-11,2.0683e-11
2.7578e-11,2.2212e-11,2.0031e-11
4.9703e-11,7.4291e-11,4.8457e-11
4.495e-11,9.148e-11,3.8888e-11
6.6366e-11,1.0177e-10,5.2294e-11
4.4507e-11,9.4491e-11,4.4804e-11
3.6524e-11,2.2127e-11,1.5331e-11
8.2336e-11,7.5669e-11,5.0933e-11
6.7374e-11,1.2089e-10,6.0025e-11
5.0965e-11,9.442e-11,7.2547e-11
2.9314e-11,1.6164e-11,6.0641e-11
3.5954e-11,3.057e-11,2.4754e-11
7.7429e-11,1.0619e-10,7.8999e-11
2.8506e-11,1.8115e-11,5.1284e-11
2.2632e-11,1.8385e-11,1.9357e-11
2.6955e-11,2.7294e-11,4.844e-11
4.1131e-11,2.3053e-11,6.4973e-11
2.6782e-11,2.1183e-11,2.2959e-11
8.6515e-11,5.7181e-11,8.556e-11
5.3328e-11,3.95e-11,3.968e-11
2.9364e-11,1.888e-11,3.0824e-11
4.0486e-11,2.3727e-11,7.5989e-11
3.2288e-11,1.5658e-11,3.3227e-11
3.2124e-11,1.7302e-11,3.7252e-11
8.0648e-11,6.2622e-11,5.6799e-11
9.3036e-11,4.0323e-11,8.4642e-11
6.2373e-11,3.6793e-11,8.5622e-11
4.0796e-11,1.8101e-11,6.5446e-11
1.259e-10,4.5811e-11,1.0574e-10
1.2355e-10,5.6941e-11,1.08e-10
4.4065e-11,3.2426e-11,4.2106e-11
8.2242e-11,2.2506e-11,1.0229e-10
5.0514e-11,2.7406e-11,4.99e-11
5.4362e-11,1.3516e-11,6.0288e-11
6.4425e-11,1.1609e-11,8.8089e-11
6.5666e-11,1.2545e-11,8.7332e-11
8.0345e-11,2.2463e-11,1.31e-10
6.666e-11,1.1695e-11,8.9452e-11
7.8803e-11,2.6393e-11,8.8834e-11
9.6974e-11,2.5544e-11,1.4655e-10
9.2282e-11,3.8788e-11,9.9256e-11
9.2808e-11,3.2207e-11,1.0511e-10
7.6204e-11,3.808e-11,3.044e-11
2.2683e-11,1.8481e-11,3.0777e-11
1.8234e-11,1.9442e-11,1.513e-11
2.4702e-11,2.5434e-11,2.3591e-11
2.4501e-11,2.3694e-11,1.2047e-11
1.6765e-11,1.5873e-11,1.6714e-11
2.1205e-11,2.0641e-11,2.891e-11
5.65e-11,1.0632e-10,2.3414e-11
5.8223e-11,9.313e-11,3.1979e-11
2.218e-11,2.314e-11,1.7554e-11
5.2471e-11,6.4241e-11,2.5462e-11
7.2284e-11,7.2056e-11,4.25e-11
4.5427e-11,7.7031e-11,4.243e-11
3.1718e-11,2.6095e-11,1.6779e-11
4.9446e-11,9.0522e-11,5.6015e-11
5.3256e-11,8.672e-11,6.6081e-11
3.3048e-11,8.0359e-11,6.1905e-11
5.3161e-11,8.6548e-11,7.5002e-11
2.9934e-11,7.2376e-11,4.5281e-11
8.086e-11,7.4378e-11,5.5671e-11
2.4285e-11,1.3453e-11,4.1514e-11
7.1423e-11,6.4756e-11,5.188e-11
4.2653e-11,3.6929e-11,3.068e-11
3.0596e-11,2.7006e-11,2.1706e-11
3.0549e-11,3.1686e-11,3.7034e-11
2.9926e-11,2.7391e-11,4.6932e-11
4.9284e-11,3.91e-11,5.2257e-11
2.9127e-11,1.6028e-11,4.6114e-11
3.7289e-11,2.0487e-11,6.9552e-11
7.628e-11,5.642e-11,7.3857e-11
6.8184e-11,3.9479e-11,6.3488e-11
8.1202e-11,6.467e-11,5.93e-11
6.6528e-11,3.3728e-11,6.366e-11
2.8449e-11,1.5199e-11,3.0617e-11
1.0115e-10,6.8153e-11,9.4892e-11
9.5522e-11,9.3975e-11,9.304e-11
3.2844e-11,1.7439e-11,3.0785e-11
3.9378e-11,2.0862e-11,7.5344e-11
4.3756e-11,1.7431e-11,5.2627e-11
6.7133e-11,3.6057e-11,9.1543e-11
5.1406e-11,1.3136e-11,9.7702e-11
6.0467e-11,2.3583e-11,1.1331e-10
5.0759e-11,1.356e-11,6.0556e-11
8.4248e-11,2.4217e-11,1.1369e-10
5.9065e-11,3.1234e-11,6.5754e-11
6.6276e-11,1.2053e-11,8.1571e-11
7.0204e-11,1.4543e-11,9.563e-11
7.3074e-11,1.7693e-11,9.768e-11
7.7861e-11,2.5222e-11,8.7514e-11
1.0014e-10,1.5282e-11,1.3159e-10
2.868e-11,3.1762e-11,2.5743e-11
2.1677e-11,1.9651e-11,1.0623e-11
2.0462e-11,1.4197e-11,1.7494e-11
1.7452e-11,2.1269e-11,1.8927e-11
3.7823e-11,5.0919e-11,2.3901e-11
1.7643e-11,1.927e-11,2.1051e-11
1.4069e-11,1.1926e-11,1.2262e-11
1.86e-11,1.5555e-11,1.9053e-11
5.6276e-11,5.8762e-11,1.8258e-11
2.6064e-11,2.2212e-11,1.4951e-11
4.9041e-11,5.2336e-11,2.7655e-11
3.9393e-11,9.3108e-11,3.6714e-11
5.1789e-11,6.7963e-11,3.4284e-11
2.1398e-11,1.8709e-11,1.3903e-11
6.037e-11,7.2738e-11,3.9868e-11
7.114e-11,9.8131e-11,5.5751e-11
7.3301e-11,6.9511e-11,4.0396e-11
2.4212e-11,1.9933e-11,1.7564e-11
5.2555e-11,9.0117e-11,2.8319e-11
6.4556e-11,9.7789e-11,5.8708e-11
6.8237e-11,5.7666e-11,4.1177e-11
9.0228e-11,1.0335e-10,6.4555e-11
2.084e-11,1.9848e-11,1.3297e-11
4.1454e-11,7.5596e-11,7.2919e-11
3.2128e-11,7.4546e-11,4.9187e-11
8.5679e-11,1.2475e-10,9.5276e-11
2.5786e-11,2.0802e-11,2.0057e-11
3.0269e-11,4.8218e-11,4.6256e-11
3.3061e-11,7.1297e-11,5.4697e-11
3.7287e-11,3.5929e-11,4.9694e-11
2.3413e-11,1.6676e-11,5.6065e-11
2.4122e-11,1.7208e-11,5.5887e-11
2.7148e-11,1.3931e-11,5.7509e-11
2.2336e-11,2.2929e-11,5.7704e-11
5.7691e-11,8.1414e-11,8.9935e-11
1.0054e-10,9.5412e-11,1.177e-10
3.2528e-11,2.2468e-11,3.6652e-11
3.0569e-11,2.8401e-11,3.3015e-11
2.6987e-11,2.0636e-11,2.7471e-11
3.2351e-11,1.2905e-11,4.1547e-11
2.7623e-11,2.361e-11,3.8632e-11
6.713e-11,5.3689e-11,5.4551e-11
8.0685e-11,6.0737e-11,5.8143e-11
3.4264e-11,1.7092e-11,4.6901e-11
5.2158e-11,2.6309e-11,7.853e-11
3.9296e-11,1.5434e-11,7.9666e-11
3.6778e-11,9.8836e-12,5.5603e-11
3.9691e-11,2.3601e-11,6.0133e-11
5.2569e-11,2.1359e-11,1.0299e-10
3.7942e-11,2.4056e-11,4.152e-11
1.075e-10,3.8586e-11,1.076e-10
4.6085e-11,1.7938e-11,5.2576e-11
7.0766e-11,2.7098e-11,1.1285e-10
4.7118e-11,1.821e-11,5.3443e-11
7.6106e-11,2.0677e-11,1.3444e-10
7.482e-11,3.5613e-11,7.4397e-11
8.7783e-11,2.1381e-11,1.4438e-10
8.7087e-11,4.1486e-11,8.7206e-11
8.8231e-11,3.6067e-11,9.4143e-11
5.6566e-11,9.3257e-11,2.0827e-11
1.8926e-11,2.2537e-11,2.7044e-11
3.8588e-11,4.9596e-11,2.5517e-11
2.1864e-11,1.5572e-11,2.209e-11
4.6245e-11,4.4504e-11,3.1113e-11
2.2673e-11,1.7738e-11,1.1957e-11
8.2484e-11,8.2476e-11,6.0995e-11
1.8795e-11,1.237e-11,1.6377e-11
2.3697e-11,2.0996e-11,1.8145e-11
3.708e-11,3.0474e-11,1.8602e-11
4.2158e-11,4.0317e-11,2.7081e-11
4.1204e-11,3.622e-11,2.3548e-11
6.1593e-11,9.5283e-11,6.0613e-11
7.3171e-11,1.0985e-10,5.6714e-11
3.6846e-11,9.6924e-11,4.6312e-11
9.335e-11,9.8808e-11,5.9877e-11
2.5666e-11,2.1301e-11,1.9081e-11
2.5176e-11,2.182e-11,5.6604e-11
3.7486e-11,3.2315e-11,2.8178e-11
2.6952e-11,2.0861e-11,4.947e-11
7.342e-11,6.1201e-11,5.0775e-11
2.57e-11,1.527e-11,5.4572e-11
2.6467e-11,1.5981e-11,5.8717e-11
9.0763e-11,8.5676e-11,9.1282e-11
2.6016e-11,1.9923e-11,2.6917e-11
3.5251e-11,1.6953e-11,5.1049e-11
3.4384e-11,1.5439e-11,4.9152e-11
6.9891e-11,3.5348e-11,7.5277e-11
1.185e-10,7.5502e-11,1.012e-10
3.4148e-11,2.2162e-11,3.0764e-11
3.413e-11,1.7611e-11,3.1654e-11
1.2859e-10,5.6689e-11,1.1002e-10
3.5093e-11,2.735e-11,3.7034e-11
1.1436e-10,5.0541e-11,1.0376e-10
7.1394e-11,4.8054e-11,5.5189e-11
4.211e-11,1.0551e-11,4.5909e-11
5.855e-11,2.2329e-11,1.1112e-10
7.7293e-11,2.541e-11,1.2454e-10
8.6097e-11,5.0603e-11,8.0199e-11
6.745e-11,1.2321e-11,8.8156e-11
6.7796e-11,1.9732e-11,7.6754e-11
8.3618e-11,2.7896e-11,9.0619e-11
9.2639e-11,1.2914e-11,1.1752e-10
2.8921e-11,5.4952e-11,2.8109e-11
4.4187e-11,3.9029e-11,3.815e-11
1.8551e-11,1.5461e-11,1.4789e-11
2.0318e-11,1.9177e-11,1.2602e-11
1.7372e-11,1.3106e-11,1.4786e-11
1.9358e-11,1.4978e-11,1.7765e-11
5.133e-11,8.9924e-11,2.3104e-11
5.044e-11,6.3492e-11,3.1072e-11
8.0345e-11,7.3077e-11,5.0628e-11
3.9259e-11,6.452e-11,2.4473e-11
6.8352e-11,5.3569e-11,3.2836e-11
8.3981e-11,8.7653e-11,6.5016e-11
6.9475e-11,8.8721e-11,3.7995e-11
5.095e-11,5.0642e-11,2.1175e-11
2.7149e-11,2.4834e-11,1.5186e-11
5.3077e-11,6.3298e-11,3.2954e-11
6.0111e-11,8.9486e-11,4.9295e-11
1.9804e-11,1.9259e-11,1.5911e-11
9.5987e-11,1.1347e-10,1.1416e-10
1.9385e-11,1.9164e-11,2.3229e-11
6.7268e-11,8.7249e-11,7.8089e-11
2.5345e-11,2.0738e-11,1.6441e-11
1.0002e-10,1.0601e-10,1.1477e-10
2.5458e-11,1.367e-11,3.9514e-11
5.7016e-11,7.4428e-11,8.3756e-11
2.4958e-11,3.2063e-11,5.6776e-11
2.5765e-11,1.7617e-11,2.076e-11
1.0493e-10,8.8094e-11,1.1666e-10
6.2302e-11,5.0415e-11,4.2148e-11
9.1974e-11,8.2133e-11,1.0463e-10
2.485e-11,6.3204e-12,3.7401e-11
3.1541e-11,1.7365e-11,7.0237e-11
3.8796e-11,1.8032e-11,7.8445e-11
8.281e-11,2.9615e-11,7.6123e-11
7.9993e-11,3.9154e-11,7.669e-11
1.0461e-10,4.472e-11,9.6707e-11
3.5505e-11,1.623e-11,3.5233e-11
5.1931e-11,1.9219e-11,7.1425e-11
7.3595e-11,2.4332e-11,1.3463e-10
8.4398e-11,2.7507e-11,1.285e-10
6.2112e-11,1.8486e-11,6.3491e-11
6.6949e-11,1.3093e-11,7.8861e-11
6.6812e-11,2.7891e-11,7.1962e-11
8.3215e-11,2.0262e-11,1.4288e-10
8.5414e-11,3.7114e-11,8.8414e-11
8.5726e-11,2.6843e-11,9.8107e-11
1.0348e-10,1.9811e-11,1.3609e-10
1.7543e-11,1.2684e-11,1.5916e-11
1.8145e-11,1.0294e-11,8.6397e-12
6.4029e-11,9.2909e-11,3.8864e-11
1.5098e-11,1.6238e-11,2.4155e-11
1.7887e-11,1.9431e-11,2.5718e-11
3.2228e-11,3.8775e-11,1.8792e-11
4.1557e-11,4.509e-11,2.8213e-11
3.5936e-11,7.4992e-11,4.5908e-11
2.2397e-11,1.7617e-11,1.2714e-11
2.1514e-11,1.5307e-11,2.1807e-11
2.3676e-11,1.635e-11,1.7394e-11
3.4046e-11,5.594e-11,2.7777e-11
5.456e-11,6.6197e-11,3.5926e-11
2.326e-11,1.9365e-11,1.4235e-11
4.1061e-11,8.3499e-11,2.8135e-11
5.1085e-11,6.3235e-11,3.476e-11
6.0407e-11,5.5473e-11,2.9766e-11
8.5359e-11,7.4486e-11,4.8604e-11
7.8532e-11,6.9591e-11,3.717e-11
4.2479e-11,3.8199e-11,2.753e-11
8.911e-11,1.1264e-10,9.5954e-11
2.2671e-11,2.188e-11,1.363e-11
5.5505e-11,8.9538e-11,8.1417e-11
4.4578e-11,4.1795e-11,2.8813e-11
1.9073e-11,1.8327e-11,2.1236e-11
4.4824e-11,4.3014e-11,3.4767e-11
2.2693e-11,9.4086e-12,3.6994e-11
2.3319e-11,1.7527e-11,2.0028e-11
4.0573e-11,2.9122e-11,5.1185e-11
6.4273e-11,5.7219e-11,4.3911e-11
4.5655e-11,3.3099e-11,5.4317e-11
3.8081e-11,3.2223e-11,3.196e-11
5.5761e-11,3.1037e-11,6.0863e-11
2.4365e-11,1.837e-11,2.4352e-11
2.4906e-11,2.0398e-11,2.6033e-11
3.9164e-11,2.8424e-11,7.2193e-11
2.5847e-11,2.134e-11,2.45e-11
3.2806e-11,2.2912e-11,2.7394e-11
7.4792e-11,3.6874e-11,7.2029e-11
3.4462e-11,3.1774e-11,3.4581e-11
5.7972e-11,2.6288e-11,6.8332e-11
3.3995e-11,2.569e-11,7.6239e-11
8.2902e-11,3.8973e-11,7.8566e-11
7.0779e-11,2.7095e-11,7.7467e-11
1.1536e-10,6.1359e-11,1.0357e-10
6.3276e-11,2.3314e-11,1.0906e-10
4.9056e-11,1.6558e-11,5.9733e-11
9.8305e-11,3.4906e-11,1.061e-10
5.3126e-11,1.532e-11,7.0089e-11
8.7712e-11,5.2487e-11,8.175e-11
7.2263e-11,1.9468e-11,8.1345e-11
8.1354e-11,2.7049e-11,1.4421e-10
7.7496e-11,2.2004e-11,8.2947e-11
8.0084e-11,2.3212e-11,1.0157e-10
9.9124e-11,1.3749e-11,1.2514e-10
3.5496e-11,3.5833e-11,2.9427e-11
2.5639e-11,3.2288e-11,2.9081e-11
1.5953e-11,1.2007e-11,1.4924e-11
5.5539e-11,7.9994e-11,2.5418e-11
3.5938e-11,4.0081e-11,1.9613e-11
6.7852e-11,6.1265e-11,4.0991e-11
2.1407e-11,2.1121e-11,2.3766e-11
2.0598e-11,1.6367e-11,1.9519e-11
4.9222e-11,6.2008e-11,3.3784e-11
7.8406e-11,7.5424e-11,3.7924e-11
8.2165e-11,7.6951e-11,4.1048e-11
2.0214e-11,1.9559e-11,1.6186e-11
2.1598e-11,1.9081e-11,1.4537e-11
3.6707e-11,3.8103e-11,4.3261e-11
3.5159e-11,3.5922e-11,4.2319e-11
6.7851e-11,7.334e-11,7.9521e-11
3.0877e-11,3.1898e-11,4.9968e-11
2.079e-11,1.4837e-11,1.3388e-11
2.3089e-11,1.8048e-11,5.6984e-11
5.1849e-11,6.5234e-11,7.6042e-11
4.0787e-11,3.5912e-11,2.7287e-11
4.6507e-11,2.8204e-11,5.67e-11
3.1579e-11,1.852e-11,5.3452e-11
4.1177e-11,3.6553e-11,3.2687e-11
2.6755e-11,1.8506e-11,6.6977e-11
4.2554e-11,3.7875e-11,3.7243e-11
3.3905e-11,1.6339e-11,7.6891e-11
3.6723e-11,2.1377e-11,8.185e-11
3.4513e-11,2.1566e-11,7.9072e-11
5.2881e-11,4.0547e-11,4.4863e-11
5.7594e-11,2.1894e-11,1.0542e-10
7.7825e-11,2.4972e-11,9.5993e-11
5.2641e-11,1.5775e-11,5.4148e-11
7.0673e-11,2.5413e-11,1.2503e-10
5.8041e-11,2.8631e-11,5.974e-11
6.8704e-11,2.614e-11,1.041e-10
7.4623e-11,1.8553e-11,9.1785e-11
7.5706e-11,2.0563e-11,1.3634e-10
7.5817e-11,1.5603e-11,1.136e-10
9.5927e-11,2.3778e-11,1.4016e-10
9.9175e-11,1.9728e-11,1.1928e-10
1.0362e-10,1.501e-11,1.3139e-10
4.666e-11,5.739e-11,3.1717e-11
2.4795e-11,2.2737e-11,2.0397e-11
1.4215e-11,1.4519e-11,1.8886e-11
3.8551e-11,8.0434e-11,2.3588e-11
2.0839e-11,2.759e-11,2.7891e-11
2.7247e-11,2.6555e-11,4.1938e-11
1.7274e-11,1.6272e-11,1.6691e-11
3.6024e-11,5.2614e-11,2.3669e-11
2.5389e-11,1.609e-11,1.6932e-11
9.2255e-11,1.0539e-10,7.3875e-11
2.55e-11,1.809e-11,2.6624e-11
2.0515e-11,1.8577e-11,1.6806e-11
2.3338e-11,1.9555e-11,1.8461e-11
4.654e-11,4.7558e-11,3.152e-11
3.9283e-11,3.0429e-11,1.7796e-11
7.249e-11,6.7718e-11,3.7e-11
3.9755e-11,5.7856e-11,4.0432e-11
2.2509e-11,2.0798e-11,1.5785e-11
5.6839e-11,7.1833e-11,5.3201e-11
2.0886e-11,1.8237e-11,1.2014e-11
7.7597e-11,6.6235e-11,4.6798e-11
7.0571e-11,6.152e-11,4.0666e-11
5.3722e-11,4.9254e-11,2.8834e-11
3.3917e-11,3.0338e-11,2.0346e-11
2.4526e-11,2.5e-11,2.0879e-11
2.3482e-11,2.0139e-11,2.0729e-11
2.9684e-11,4.5827e-11,3.6603e-11
6.9968e-11,6.1141e-11,4.0703e-11
2.73e-11,1.6535e-11,5.7515e-11
1.1539e-10,9.0749e-11,1.2335e-10
2.7381e-11,2.3756e-11,2.5322e-11
8.0106e-11,7.2659e-11,8.0947e-11
2.4738e-11,1.7193e-11,2.0276e-11
2.8913e-11,1.9876e-11,2.7678e-11
3.1245e-11,1.7108e-11,3.1401e-11
4.774e-11,3.5909e-11,3.3699e-11
3.944e-11,1.7777e-11,7.9307e-11
6.1909e-11,2.4925e-11,6.7659e-11
4.0922e-11,2.1128e-11,3.7063e-11
4.6823e-11,4.1382e-11,3.879e-11
3.8206e-11,2.9535e-11,3.5031e-11
4.2013e-11,2.0571e-11,4.1955e-11
7.7688e-11,5.5883e-11,6.3853e-11
1.0996e-10,3.7131e-11,1.0904e-10
5.9331e-11,2.8509e-11,6.4722e-11
7.9754e-11,3.0176e-11,1.4119e-10
8.5654e-11,2.7589e-11,1.5284e-10
8.814e-11,2.1998e-11,1.3056e-10
9.177e-11,4.1664e-11,8.5811e-11
1.9613e-11,1.1248e-11,6.7475e-12
2.9493e-11,2.3072e-11,2.1594e-11
3.6222e-11,7.1822e-11,2.5309e-11
2.3011e-11,2.3059e-11,3.1229e-11
2.8028e-11,2.7221e-11,1.8449e-11
5.3408e-11,5.0647e-11,2.8054e-11
7.8632e-11,1.1742e-10,8.2609e-11
3.0293e-11,2.6009e-11,1.5138e-11
1.879e-11,1.7501e-11,1.3019e-11
1.7679e-11,1.2845e-11,1.3047e-11
1.9829e-11,1.1679e-11,1.7361e-11
3.1938e-11,6.8115e-11,3.1085e-11
2.104e-11,2.1491e-11,1.4554e-11
2.622e-11,2.286e-11,1.4073e-11
5.2931e-11,6.4237e-11,5.1018e-11
5.9868e-11,7.1598e-11,6.1258e-11
2.4218e-11,2.3481e-11,2.2149e-11
2.7263e-11,3.0058e-11,4.7539e-11
3.1044e-11,4.2802e-11,4.1751e-11
7.5732e-11,9.1424e-11,6.8886e-11
2.5174e-11,1.6781e-11,2.0535e-11
2.5201e-11,2.0734e-11,2.272e-11
8.3576e-11,5.8013e-11,8.5913e-11
9.3972e-11,7.6799e-11,1.0181e-10
4.3164e-11,3.451e-11,3.3376e-11
4.5061e-11,2.4234e-11,6.745e-11
2.9037e-11,2.1693e-11,2.827e-11
7.5613e-11,3.3703e-11,7.2538e-11
1.1944e-10,5.759e-11,1.1083e-10
4.9921e-11,2.3369e-11,9.3694e-11
6.8088e-11,5.1396e-11,5.593e-11
5.8719e-11,1.5364e-11,6.4659e-11
5.9555e-11,2.1452e-11,8.7265e-11
7.2561e-11,3.9712e-11,6.6796e-11
6.7631e-11,1.4261e-11,9.9903e-11
7.7466e-11,1.6031e-11,8.733e-11
8.9336e-11,2.0005e-11,1.0579e-10
9.5626e-11,1.687e-11,1.2421e-10
6.4983e-11,6.3892e-11,2.4722e-11
1.229e-11,1.2435e-11,1.2794e-11
2.6155e-11,2.4548e-11,1.475e-11
7.3196e-11,9.6814e-11,4.116e-11
2.2088e-11,1.3457e-11,1.1027e-11
8.6352e-11,1.2495e-10,8.3554e-11
2.4965e-11,1.7547e-11,1.3406e-11
3.6475e-11,7.0038e-11,2.8679e-11
2.6358e-11,1.9537e-11,2.072e-11
3.4148e-11,5.1429e-11,2.808e-11
5.9285e-11,6.7719e-11,5.6952e-11
2.0237e-11,1.8975e-11,1.5744e-11
3.6628e-11,3.2075e-11,2.0582e-11
8.2029e-11,7.2882e-11,4.9218e-11
2.6693e-11,3.4954e-11,4.0979e-11
2.2378e-11,1.6373e-11,4.6787e-11
2.2537e-11,2.5385e-11,5.2667e-11
1.052e-10,9.7658e-11,1.002e-10
2.4862e-11,1.7912e-11,2.1979e-11
3.6223e-11,3.7941e-11,4.1541e-11
5.8231e-11,5.4872e-11,8.3345e-11
4.1399e-11,3.4031e-11,2.6e-11
8.1448e-11,7.3199e-11,5.2821e-11
6.8889e-11,4.3436e-11,7.9213e-11
7.0449e-11,5.5647e-11,6.5321e-11
7.0994e-11,4.2736e-11,7.3893e-11
3.3585e-11,2.2875e-11,3.2061e-11
7.7758e-11,4.4424e-11,7.4308e-11
3.43e-11,1.8469e-11,7.6787e-11
4.0836e-11,2.2602e-11,3.7182e-11
5.1697e-11,2.3451e-11,9.7396e-11
1.1234e-10,5.2206e-11,1.0391e-10
4.0687e-11,2.2766e-11,3.9937e-11
4.5627e-11,1.7828e-11,4.7638e-11
4.8223e-11,1.8269e-11,4.8514e-11
1.0521e-10,3.7446e-11,1.0821e-10
7.9265e-11,2.4837e-11,1.0109e-10
5.9434e-11,2.0848e-11,9.1069e-11
8.6849e-11,3.1023e-11,1.2909e-10
7.9549e-11,2.8438e-11,8.0632e-11
9.169e-11,2.8075e-11,1.4608e-10
1.0415e-10,2.0059e-11,1.2168e-10
1.5516e-11,1.3616e-11,1.9314e-11
1.6855e-11,2.411e-11,3.0319e-11
1.3528e-11,1.5228e-11,2.3885e-11
3.7682e-11,3.9075e-11,3.0152e-11
3.8546e-11,3.4e-11,2.6115e-11
3.9847e-11,4.2587e-11,3.3589e-11
3.6708e-11,3.8418e-11,1.862e-11
3.4544e-11,3.2403e-11,1.8777e-11
2.8503e-11,2.7651e-11,1.4892e-11
2.2417e-11,1.6972e-11,1.3251e-11
6.2605e-11,7.4695e-11,3.2879e-11
1.6536e-11,2.2578e-11,2.75e-11
5.026e-11,5.416e-11,3.0385e-11
3.3817e-11,3.3398e-11,1.755e-11
2.5507e-11,2.0273e-11,1.5118e-11
3.4157e-11,3.2506e-11,1.7791e-11
1.9862e-11,1.4259e-11,1.7995e-11
3.2259e-11,4.9184e-11,3.5105e-11
3.2355e-11,4.7925e-11,3.1739e-11
5.8921e-11,5.3533e-11,3.2866e-11
5.6986e-11,8.8715e-11,4.749e-11
6.6714e-11,5.607e-11,3.133e-11
4.5374e-11,5.797e-11,4.1309e-11
7.2534e-11,1.17e-10,7.9964e-11
2.6263e-11,2.0179e-11,1.6131e-11
2.5943e-11,2.9376e-11,3.9271e-11
1.8775e-11,1.248e-11,1.6153e-11
1.0445e-10,9.783e-11,8.8321e-11
3.9901e-11,3.9208e-11,2.8423e-11
2.8402e-11,3.4767e-11,3.8696e-11
7.0263e-11,6.0319e-11,3.8826e-11
7.4753e-11,6.9811e-11,9.189e-11
2.3383e-11,1.5593e-11,1.7519e-11
5.4235e-11,5.2894e-11,7.3712e-11
1.1866e-10,9.2146e-11,1.1733e-10
2.3708e-11,1.9431e-11,2.4606e-11
9.2728e-11,6.9896e-11,9.1666e-11
4.8582e-11,3.8768e-11,3.2747e-11
2.5367e-11,1.9482e-11,2.41e-11
2.4815e-11,1.5666e-11,2.2474e-11
3.0715e-11,2.494e-11,3.5934e-11
5.7927e-11,2.0409e-11,6.6312e-11
1.1263e-10,6.8508e-11,9.9862e-11
3.8379e-11,1.8025e-11,8.6934e-11
5.297e-11,2.7923e-11,8.7998e-11
3.8562e-11,2.477e-11,3.5631e-11
4.2678e-11,1.9259e-11,8.9916e-11
4.0465e-11,1.5661e-11,5.2936e-11
5.4535e-11,2.5692e-11,9.3838e-11
5.523e-11,2.2748e-11,1.01e-10
9.9733e-11,3.5714e-11,9.8156e-11
8.0786e-11,3.9104e-11,7.4548e-11
7.8364e-11,2.2701e-11,7.9209e-11
7.7696e-11,2.47e-11,8.3674e-11
9.1195e-11,3.6752e-11,8.6708e-11
9.0457e-11,1.983e-11,1.1606e-10
9.2992e-11,2.3367e-11,1.6475e-10
2.1548e-11,1.658e-11,1.7082e-11
2.1271e-11,2.1415e-11,1.8503e-11
1.7592e-11,1.7276e-11,2.1536e-11
1.8012e-11,1.4081e-11,1.3689e-11
1.623e-11,1.8137e-11,1.8192e-11
3.0293e-11,5.3554e-11,2.676e-11
3.0605e-11,5.4561e-11,2.8075e-11
3.5342e-11,3.2994e-11,2.2075e-11
3.0059e-11,2.7326e-11,2.9147e-11
5.8827e-11,5.852e-11,2.8821e-11
3.1615e-11,3.206e-11,1.6627e-11
7.9423e-11,1.3566e-10,8.6521e-11
3.501e-11,7.0516e-11,2.2875e-11
3.6308e-11,5.4778e-11,4.361e-11
3.1702e-11,2.029e-11,1.4263e-11
2.2404e-11,1.6726e-11,1.5146e-11
2.0529e-11,1.2871e-11,1.7738e-11
3.1886e-11,5.0125e-11,3.5225e-11
1.7455e-11,1.5032e-11,1.4427e-11
5.2058e-11,5.8841e-11,4.8786e-11
5.728e-11,6.5039e-11,5.7746e-11
6.4064e-11,5.3917e-11,3.3751e-11
6.5284e-11,7.6631e-11,7.7194e-11
2.3598e-11,2.3181e-11,4.7593e-11
1.9965e-11,1.1517e-11,1.4154e-11
2.8131e-11,3.0365e-11,4.1069e-11
2.5126e-11,1.8119e-11,1.9534e-11
4.4393e-11,3.1014e-11,5.9022e-11
3.4014e-11,2.8878e-11,5.0839e-11
6.3309e-11,4.9122e-11,5.315e-11
3.0618e-11,2.4354e-11,2.424e-11
4.0942e-11,2.1065e-11,3.527e-11
3.0148e-11,1.9128e-11,7.3019e-11
3.4603e-11,1.8669e-11,7.5685e-11
3.6336e-11,1.4498e-11,7.3747e-11
1.1105e-10,6.0771e-11,9.9825e-11
4.0196e-11,1.7651e-11,5.4832e-11
7.8197e-11,5.6011e-11,6.2573e-11
8.9687e-11,3.1464e-11,9.9891e-11
5.9453e-11,4.5889e-11,4.7351e-11
7.4226e-11,2.1924e-11,1.0043e-10
4.9563e-11,2.4002e-11,4.9273e-11
5.8779e-11,1.5245e-11,1.0203e-10
6.3735e-11,2.3366e-11,6.2519e-11
7.5096e-11,1.9256e-11,1.0081e-10
1.8384e-11,1.6409e-11,1.2946e-11
2.3246e-11,1.1034e-11,1.7509e-11
1.4942e-11,1.6579e-11,1.4778e-11
4.315e-11,4.8628e-11,2.3174e-11
2.8071e-11,2.1309e-11,1.6637e-11
8.2616e-11,9.3804e-11,4.109e-11
1.8273e-11,1.3716e-11,1.0864e-11
4.7536e-11,8.7899e-11,4.1158e-11
6.3013e-11,5.2051e-11,2.7536e-11
3.5001e-11,4.0954e-11,2.4425e-11
1.6879e-11,1.3849e-11,1.6971e-11
1.9589e-11,1.7559e-11,2.3219e-11
1.471e-11,1.3159e-11,1.1578e-11
3.3644e-11,4.0452e-11,2.2574e-11
3.4191e-11,3.1655e-11,2.2211e-11
1.9445e-11,1.0598e-11,1.3412e-11
3.2914e-11,2.9342e-11,2.0387e-11
3.4667e-11,3.2157e-11,2.2579e-11
4.3907e-11,9.1801e-11,4.6135e-11
6.1843e-11,1.0935e-10,6.4712e-11
5.0955e-11,4.3607e-11,2.8812e-11
6.8594e-11,5.8404e-11,3.6086e-11
2.886e-11,2.3012e-11,1.9159e-11
8.1275e-11,7.2551e-11,4.8294e-11
4.5336e-11,4.3045e-11,2.9704e-11
8.2535e-11,1.1741e-10,1.0636e-10
1.9544e-11,1.1617e-11,1.3734e-11
2.586e-11,2.7303e-11,3.7253e-11
2.3512e-11,1.9092e-11,1.5961e-11
3.858e-11,3.4904e-11,2.7514e-11
3.4132e-11,2.8301e-11,2.2118e-11
3.7734e-11,3.4682e-11,3.0725e-11
3.5806e-11,3.3784e-11,2.6328e-11
4.9399e-11,2.3448e-11,5.4805e-11
2.8293e-11,1.9719e-11,1.9294e-11
1.1072e-10,7.354e-11,9.9145e-11
3.804e-11,3.1662e-11,3.0535e-11
2.9991e-11,1.5822e-11,6.0564e-11
4.0727e-11,2.0557e-11,7.0029e-11
4.6782e-11,1.7376e-11,5.6542e-11
3.0363e-11,2.0235e-11,7.2152e-11
3.0034e-11,2.2752e-11,2.8999e-11
3.5104e-11,1.6358e-11,6.5472e-11
3.9565e-11,2.1492e-11,7.8644e-11
1.0318e-10,5.5996e-11,9.6759e-11
3.4311e-11,2.2025e-11,2.9992e-11
4.9016e-11,2.2767e-11,8.5249e-11
6.1532e-11,4.4491e-11,4.6905e-11
4.6191e-11,2.1916e-11,9.7761e-11
5.6254e-11,1.8268e-11,6.7511e-11
7.1177e-11,2.5354e-11,1.2178e-10
8.0887e-11,2.7164e-11,1.1597e-10
6.9958e-11,1.6257e-11,1.2366e-10
7.2652e-11,1.8294e-11,7.1112e-11
7.8016e-11,2.0849e-11,8.2858e-11
8.3902e-11,3.2921e-11,8.0796e-11
8.9738e-11,2.2303e-11,1.4786e-10
9.5728e-11,1.59e-11,1.1837e-10
1.0273e-10,1.7366e-11,1.117e-10
1.0204e-10,1.6761e-11,1.2815e-10
2.1934e-11,1.8201e-11,2.4981e-11
4.1544e-11,7.1297e-11,2.3153e-11
7.6687e-11,1.2493e-10,6.9431e-11
7.4848e-11,9.147e-11,3.9263e-11
3.0658e-11,5.6757e-11,3.2806e-11
4.7813e-11,7.2214e-11,3.821e-11
2.9009e-11,7.119e-11,2.9613e-11
1.4454e-11,1.7295e-11,1.4926e-11
1.8069e-11,1.3817e-11,1.0499e-11
3.1379e-11,6.2724e-11,3.4715e-11
3.0998e-11,5.3644e-11,3.2015e-11
1.7912e-11,1.0769e-11,1.51e-11
3.8251e-11,1.4501e-11,1.6081e-11
3.037e-11,2.0539e-11,2.2907e-11
3.2796e-11,4.1717e-11,3.7384e-11
4.4064e-11,9.8908e-11,4.9867e-11
4.4564e-11,3.253e-11,1.7059e-11
4.6315e-11,4.8374e-11,3.5559e-11
7.487e-11,6.4979e-11,3.3861e-11
6.4013e-11,1.394e-10,8.3852e-11
5.3054e-11,5.8796e-11,4.7849e-11
7.5331e-11,1.4156e-10,8.7779e-11
6.4928e-11,7.9805e-11,6.3201e-11
3.174e-11,2.8494e-11,1.5752e-11
4.8626e-11,4.0604e-11,5.1807e-11
8.1804e-11,1.1101e-10,8.0592e-11
2.3245e-11,1.5178e-11,2.1632e-11
2.4231e-11,2.4527e-11,3.9767e-11
5.8524e-11,4.9919e-11,3.9933e-11
8.2645e-11,7.0911e-11,5.2558e-11
3.2172e-11,2.2789e-11,5.7538e-11
4.0787e-11,3.3528e-11,3.1335e-11
4.1045e-11,1.5617e-11,8.6733e-11
3.7846e-11,2.4449e-11,5.141e-11
5.2906e-11,1.3357e-11,5.5536e-11
6.1924e-11,1.69e-11,8.7402e-11
3.1758e-11,2.7917e-11,3.9807e-11
2.1962e-11,1.6379e-11,1.1594e-11
1.6037e-11,1.6682e-11,1.2096e-11
1.7377e-11,2.0628e-11,1.8821e-11
3.9689e-11,3.7898e-11,2.0349e-11
1.6896e-11,1.8033e-11,1.4637e-11
6.7627e-11,7.243e-11,3.294e-11
8.3404e-11,9.6662e-11,4.1821e-11
3.5757e-11,5.0595e-11,2.8117e-11
1.7239e-11,1.2958e-11,9.1449e-12
4.9832e-11,1.0591e-10,5.3839e-11
4.2186e-11,1.0234e-10,4.7405e-11
2.4841e-11,2.5138e-11,2.7691e-11
3.0178e-11,5.6147e-11,3.1797e-11
1.9279e-11,1.4622e-11,1.8976e-11
3.2466e-11,5.0035e-11,3.1071e-11
2.0322e-11,1.8735e-11,1.521e-11
6.4292e-11,5.163e-11,2.68e-11
7.5605e-11,6.3923e-11,3.2274e-11
1.7977e-11,1.558e-11,1.3091e-11
5.6541e-11,4.5706e-11,4.6555e-11
7.1896e-11,6.0834e-11,3.0203e-11
3.2446e-11,4.3095e-11,4.5465e-11
2.1406e-11,2.44e-11,1.9408e-11
1.9979e-11,2.2165e-11,1.6873e-11
3.2414e-11,2.9977e-11,1.7376e-11
2.7042e-11,2.2086e-11,1.991e-11
8.1575e-11,7.2881e-11,4.5619e-11
8.46e-11,1.137e-10,8.6768e-11
1.0844e-10,1.216e-10,9.7088e-11
6.9419e-11,5.9354e-11,4.7428e-11
4.8456e-11,4.5884e-11,3.1787e-11
7.3741e-11,4.4038e-11,5.693e-11
3.7938e-11,2.0474e-11,6.483e-11
3.2345e-11,2.6828e-11,2.3311e-11
6.0188e-11,2.4147e-11,6.6254e-11
3.8945e-11,3.0715e-11,3.1803e-11
3.1562e-11,2.5643e-11,7.2351e-11
9.0696e-11,3.4129e-11,1.0328e-10
5.3749e-11,1.8565e-11,8.1101e-11
7.028e-11,4.4122e-11,5.6331e-11
6.4395e-11,2.1068e-11,5.9373e-11
8.779e-11,5.5228e-11,7.4362e-11
6.5198e-11,2.2896e-11,7.5964e-11
7.1934e-11,3.2278e-11,6.4322e-11
8.8452e-11,4.34e-11,7.6399e-11
1.1279e-10,2.0287e-11,1.2089e-10
2.257e-11,2.2485e-11,1.7833e-11
1.9024e-11,1.8542e-11,1.4153e-11
2.2383e-11,1.6055e-11,1.5644e-11
2.6372e-11,5.6952e-11,1.9229e-11
2.3066e-11,1.7981e-11,1.0077e-11
3.2691e-11,2.4353e-11,1.9178e-11
2.6615e-11,2.4562e-11,1.4298e-11
2.6621e-11,1.7143e-11,2.2581e-11
2.0369e-11,1.4461e-11,1.1263e-11
3.4416e-11,3.0368e-11,1.9488e-11
3.7482e-11,4.5032e-11,2.1404e-11
4.3856e-11,9.5916e-11,4.7562e-11
1.742e-11,1.35e-11,8.6375e-12
1.5946e-11,2.0381e-11,1.0298e-11
3.6876e-11,8.4468e-11,3.6217e-11
2.5484e-11,3.1621e-11,2.9484e-11
4.9707e-11,1.2483e-10,6.6313e-11
4.3675e-11,3.3425e-11,1.8876e-11
2.0379e-11,1.3003e-11,1.6428e-11
1.4422e-11,1.0985e-11,8.5097e-12
1.7587e-11,1.6399e-11,1.1017e-11
6.7586e-11,1.3699e-10,8.0574e-11
6.5121e-11,8.0081e-11,6.1983e-11
2.0011e-11,2.257e-11,1.7646e-11
2.2405e-11,2.3378e-11,1.4753e-11
2.0443e-11,1.6254e-11,1.6533e-11
4.7046e-11,4.2207e-11,5.5034e-11
7.1001e-11,6.0333e-11,8.0271e-11
4.6591e-11,4.072e-11,2.6074e-11
2.4976e-11,1.5463e-11,4.6019e-11
3.4042e-11,3.1914e-11,4.141e-11
4.1995e-11,3.0938e-11,4.9594e-11
2.8748e-11,2.7676e-11,2.5452e-11
3.147e-11,2.2459e-11,2.2344e-11
1.1814e-10,8.7766e-11,1.0693e-10
3.5149e-11,2.2477e-11,6.8007e-11
3.4859e-11,2.5567e-11,3.3619e-11
3.6284e-11,2.7185e-11,2.8316e-11
5.6104e-11,4.1915e-11,4.0693e-11
3.8185e-11,2.7108e-11,3.0338e-11
3.6582e-11,1.9195e-11,6.3458e-11
4.3824e-11,1.1612e-11,7.4628e-11
4.9947e-11,3.6344e-11,4.4161e-11
8.8352e-11,3.5371e-11,1.0012e-10
8.3773e-11,5.6431e-11,6.5533e-11
7.347e-11,3.4088e-11,6.4623e-11
8.8801e-11,3.5614e-11,8.3172e-11
1.1615e-10,2.3025e-11,1.3192e-10
3.8779e-11,4.7046e-11,3.7457e-11
1.5678e-11,1.1588e-11,9.1011e-12
2.3403e-11,1.2309e-11,8.7128e-12
2.2468e-11,2.0858e-11,1.2047e-11
2.036e-11,1.9899e-11,1.3511e-11
6.9303e-11,6.9369e-11,3.3063e-11
3.3933e-11,3.7505e-11,2.4218e-11
1.7103e-11,1.4829e-11,2.8469e-11
1.6613e-11,1.5912e-11,2.6804e-11
1.9412e-11,1.5107e-11,8.6704e-12
1.5805e-11,1.3211e-11,1.5076e-11
1.7149e-11,1.349e-11,7.8003e-12
5.653e-11,1.3715e-10,7.3605e-11
4.7357e-11,1.1113e-10,5.3907e-11
4.4247e-11,8.737e-11,3.9806e-11
2.5996e-11,3.4667e-11,2.4389e-11
3.1254e-11,3.5275e-11,2.8039e-11
2.0781e-11,1.8875e-11,1.2838e-11
3.9427e-11,9.0966e-11,4.6182e-11
5.2563e-11,4.3537e-11,2.4377e-11
2.2431e-11,2.1358e-11,1.6334e-11
3.122e-11,3.9268e-11,4.4746e-11
4.0675e-11,3.9847e-11,4.4829e-11
3.5481e-11,3.421e-11,2.1571e-11
1.0231e-10,1.2315e-10,9.8666e-11
2.2673e-11,1.882e-11,4.303e-11
1.001e-10,1.0898e-10,9.6747e-11
3.8561e-11,2.1066e-11,4.6373e-11
2.5337e-11,2.4628e-11,5.1814e-11
7.3175e-11,5.2381e-11,7.0528e-11
2.2733e-11,1.5579e-11,1.7401e-11
3.1296e-11,2.3598e-11,2.4326e-11
1.1181e-10,6.6271e-11,9.2474e-11
3.6219e-11,1.6683e-11,3.1538e-11
3.8821e-11,1.3972e-11,6.8693e-11
7.2507e-11,2.8976e-11,8.1267e-11
4.0364e-11,1.6298e-11,4.1439e-11
4.4028e-11,1.9004e-11,5.4763e-11
5.4512e-11,1.9812e-11,9.5571e-11
4.7376e-11,1.8348e-11,8.4359e-11
6.1566e-11,1.5371e-11,8.704e-11
6.2223e-11,2.0432e-11,7.348e-11
7.3632e-11,3.1117e-11,6.1291e-11
8.5654e-11,3.6187e-11,7.0033e-11
1.6103e-11,1.1534e-11,9.0659e-12
1.7584e-11,1.5034e-11,2.5057e-11
2.8085e-11,2.6932e-11,2.0815e-11
2.6136e-11,5.6269e-11,2.4551e-11
1.8752e-11,2.1055e-11,2.7917e-11
2.0707e-11,1.6865e-11,1.2576e-11
1.8739e-11,1.4153e-11,1.6447e-11
2.2435e-11,2.0592e-11,1.3626e-11
1.7989e-11,1.5679e-11,1.3818e-11
4.0775e-11,9.8116e-11,4.4415e-11
5.2616e-11,1.5877e-10,7.766e-11
7.2931e-11,6.2099e-11,3.1707e-11
3.7222e-11,5.4362e-11,3.4822e-11
3.2985e-11,4.9324e-11,4.5088e-11
3.0602e-11,2.5783e-11,1.6909e-11
3.8962e-11,4.0302e-11,4.449e-11
3.2652e-11,2.6587e-11,1.501e-11
7.0458e-11,5.4606e-11,3.0062e-11
3.6021e-11,3.3574e-11,1.9057e-11
1.9697e-11,1.5476e-11,1.4604e-11
2.2097e-11,1.8604e-11,1.8322e-11
2.6612e-11,2.2632e-11,4.3269e-11
2.2444e-11,1.749e-11,4.0474e-11
2.9331e-11,2.6849e-11,2.0572e-11
3.4543e-11,2.47e-11,4.1307e-11
3.2794e-11,2.8762e-11,2.2733e-11
8.6525e-11,7.6708e-11,7.6027e-11
2.6407e-11,2.2698e-11,2.0834e-11
1.1672e-10,9.1546e-11,1.0553e-10
3.3298e-11,2.7901e-11,2.3004e-11
2.682e-11,1.5854e-11,1.8362e-11
4.1635e-11,2.5557e-11,5.1009e-11
5.9497e-11,3.3445e-11,6.303e-11
4.1288e-11,3.4985e-11,3.1683e-11
3.2161e-11,2.6996e-11,7.4663e-11
4.2412e-11,2.0747e-11,5.4172e-11
7.8827e-11,6.1694e-11,5.1198e-11
7.002e-11,5.4885e-11,5.0721e-11
7.7452e-11,3.8072e-11,8.5225e-11
4.6204e-11,2.307e-11,8.7324e-11
7.3476e-11,2.6386e-11,9.0689e-11
5.0421e-11,1.6926e-11,7.4538e-11
7.8632e-11,3.6879e-11,6.1599e-11
1.091e-10,3.5359e-11,1.0241e-10
2.0061e-11,2.5089e-11,2.4884e-11
2.73e-11,1.4419e-11,1.1579e-11
2.0647e-11,1.7943e-11,2.3366e-11
2.3922e-11,2.0114e-11,1.1844e-11
5.9278e-11,1.2617e-10,6.5117e-11
2.962e-11,4.4335e-11,2.509e-11
3.1098e-11,4.8743e-11,2.6664e-11
7.6763e-11,6.4273e-11,3.2252e-11
2.2082e-11,5.4892e-11,2.5271e-11
2.3141e-11,4.416e-11,3.2391e-11
1.4477e-11,1.6253e-11,1.0551e-11
1.8459e-11,1.6488e-11,2.7248e-11
5.0795e-11,1.67e-10,8.3291e-11
1.426e-11,1.5351e-11,1.154e-11
1.4002e-11,1.1659e-11,9.1883e-12
4.0514e-11,3.5433e-11,4.649e-11
6.6111e-11,5.613e-11,6.535e-11
9.1501e-11,1.0582e-10,8.9907e-11
7.1546e-11,6.3971e-11,7.4003e-11
7.5056e-11,6.5532e-11,4.0781e-11
4.4469e-11,3.0163e-11,5.4932e-11
7.0884e-11,6.3121e-11,3.9682e-11
6.6939e-11,5.7783e-11,4.1713e-11
2.6811e-11,1.6268e-11,5.9038e-11
2.3674e-11,1.3254e-11,5.5482e-11
7.1826e-11,3.8579e-11,7.7957e-11
3.5669e-11,1.7822e-11,7.8293e-11
8.4296e-11,4.101e-11,9.217e-11
4.4892e-11,3.6982e-11,3.6664e-11
4.8775e-11,2.3923e-11,9.2748e-11
6.2977e-11,2.582e-11,7.9012e-11
5.0769e-11,2.1777e-11,8.8118e-11
6.2471e-11,4.1498e-11,5.5307e-11
7.1443e-11,4.7796e-11,6.0871e-11
8.3749e-11,2.5911e-11,1.1252e-10
8.5393e-11,3.7315e-11,6.7575e-11
7.5734e-11,2.1044e-11,8.8828e-11
8.3917e-11,2.384e-11,1.1554e-10
8.5087e-11,2.3518e-11,1.4386e-10
9.4651e-11,2.1025e-11,1.2535e-10
5.2545e-11,4.437e-11,2.328e-11
2.0751e-11,2.4408e-11,1.8162e-11
3.1112e-11,2.4586e-11,1.1888e-11
1.5196e-11,2.7588e-11,1.5023e-11
1.8413e-11,1.4992e-11,7.1344e-12
2.7974e-11,3.4695e-11,2.6091e-11
4.3433e-11,3.3506e-11,1.92e-11
3.0635e-11,3.0644e-11,2.8225e-11
2.2449e-11,5.3102e-11,2.5708e-11
3.8004e-11,1.0616e-10,5.0673e-11
1.8815e-11,3.3924e-11,2.5159e-11
2.683e-11,3.2424e-11,2.5913e-11
2.0146e-11,1.7235e-11,1.5582e-11
2.5295e-11,2.6039e-11,3.3211e-11
7.8342e-11,6.5973e-11,3.7652e-11
2.0005e-11,1.8582e-11,1.7908e-11
3.3427e-11,2.8871e-11,1.3581e-11
7.5951e-11,6.2771e-11,3.3793e-11
7.981e-11,7.3134e-11,4.2678e-11
2.7865e-11,2.6964e-11,1.4367e-11
3.0155e-11,3.1946e-11,1.8911e-11
6.5571e-11,5.8814e-11,3.528e-11
2.4996e-11,2.3887e-11,2.0528e-11
3.4608e-11,3.0617e-11,2.0837e-11
7.0507e-11,5.1029e-11,6.3423e-11
4.3354e-11,2.6783e-11,5.2583e-11
2.4403e-11,1.2904e-11,5.0923e-11
5.1005e-11,3.4246e-11,4.9845e-11
7.9779e-11,5.5069e-11,7.4622e-11
4.42e-11,2.3058e-11,5.4401e-11
6.3614e-11,3.5213e-11,6.2942e-11
2.5453e-11,1.459e-11,6.0117e-11
3.1605e-11,2.0452e-11,6.8816e-11
7.5055e-11,3.7788e-11,8.1117e-11
5.2854e-11,4.3004e-11,4.021e-11
3.5965e-11,1.3527e-11,5.3989e-11
4.5903e-11,3.7772e-11,3.3891e-11
3.6266e-11,1.7166e-11,2.8497e-11
4.0754e-11,2.2507e-11,6.8672e-11
4.7709e-11,2.0766e-11,8.9183e-11
5.9981e-11,1.7124e-11,1.2092e-10
6.8393e-11,2.1377e-11,8.3538e-11
8.7159e-11,2.0514e-11,1.1195e-10
9.7227e-11,3.3917e-11,8.4439e-11
1.0713e-10,3.3418e-11,9.554e-11
1.0797e-10,2.1053e-11,1.3518e-10
1.1247e-10,2.1843e-11,1.2673e-10
1.9102e-11,1.9543e-11,1.5468e-11
3.3458e-11,4.694e-11,3.8347e-11
1.9641e-11,1.424e-11,6.1233e-12
2.2691e-11,2.1145e-11,1.9609e-11
2.8109e-11,2.5902e-11,3.8237e-11
2.8074e-11,3.7434e-11,2.0581e-11
4.8875e-11,4.2518e-11,2.2398e-11
4.1449e-11,4.0678e-11,1.9165e-11
1.1604e-11,1.1843e-11,1.4944e-11
3.1128e-11,2.3541e-11,1.3975e-11
1.7353e-11,1.3935e-11,1.6011e-11
3.1189e-11,4.764e-11,3.3827e-11
3.4728e-11,3.146e-11,2.8548e-11
2.0795e-11,1.6603e-11,1.3573e-11
1.8668e-11,1.6851e-11,1.1355e-11
2.973e-11,8.136e-11,4.1112e-11
4.6931e-11,1.5222e-10,7.9811e-11
2.1489e-11,1.9942e-11,2.3706e-11
8.4197e-11,7.1352e-11,3.7396e-11
2.056e-11,3.31e-11,3.1725e-11
2.6558e-11,3.4582e-11,2.8731e-11
4.2277e-11,8.2731e-11,4.6218e-11
3.6776e-11,3.128e-11,2.0958e-11
4.8741e-11,5.4607e-11,5.0431e-11
3.5982e-11,3.5821e-11,4.5394e-11
3.4347e-11,3.5747e-11,4.0973e-11
1.8774e-11,1.4454e-11,1.4324e-11
2.5885e-11,2.2887e-11,1.6206e-11
3.6682e-11,2.2968e-11,4.3422e-11
8.5327e-11,7.2643e-11,8.2939e-11
3.6779e-11,3.1779e-11,2.511e-11
2.8896e-11,2.0031e-11,1.8906e-11
3.3093e-11,2.5325e-11,2.1792e-11
5.0189e-11,2.5244e-11,6.149e-11
7.7193e-11,6.2017e-11,4.9008e-11
4.4402e-11,2.1167e-11,5.8144e-11
7.8001e-11,4.1554e-11,7.7102e-11
3.9261e-11,1.4889e-11,5.9279e-11
4.0946e-11,1.288e-11,5.0922e-11
8.4899e-11,4.3392e-11,9.3424e-11
6.5368e-11,4.8724e-11,4.7609e-11
4.0247e-11,1.3587e-11,3.5988e-11
7.8564e-11,3.2568e-11,9.7667e-11
6.921e-11,4.7624e-11,5.6213e-11
5.6826e-11,2.2283e-11,1.1244e-10
5.9402e-11,2.1485e-11,4.5895e-11
7.0411e-11,1.704e-11,7.8817e-11
8.9361e-11,3.111e-11,8.6682e-11
9.7556e-11,2.972e-11,8.5892e-11
9.4233e-11,3.1184e-11,8.6862e-11
1.2029e-10,3.4869e-11,1.0606e-10
1.9556e-11,1.6873e-11,1.3866e-11
2.2503e-11,2.2058e-11,2.4736e-11
1.7278e-11,2.4987e-11,1.3321e-11
3.2647e-11,2.3692e-11,4.3774e-11
1.6594e-11,1.8043e-11,1.5892e-11
2.7019e-11,4.3989e-11,2.6393e-11
2.0587e-11,1.9738e-11,1.8909e-11
1.8748e-11,3.375e-11,2.3483e-11
3.1354e-11,2.5496e-11,1.4486e-11
3.4158e-11,2.997e-11,1.8644e-11
4.834e-11,3.8703e-11,2.0077e-11
1.8034e-11,1.6672e-11,1.3561e-11
2.3152e-11,2.0116e-11,1.5488e-11
3.1451e-11,2.9665e-11,3.327e-11
6.1414e-11,6.5945e-11,4.7914e-11
2.5656e-11,2.1658e-11,1.7842e-11
2.8081e-11,2.0067e-11,1.9298e-11
3.6224e-11,2.1459e-11,3.4591e-11
2.9075e-11,2.1265e-11,4.4261e-11
9.1134e-11,5.8385e-11,8.6689e-11
6.631e-11,3.476e-11,7.5294e-11
1.0424e-10,6.1569e-11,9.1903e-11
8.2767e-11,6.5618e-11,5.5281e-11
3.529e-11,2.7378e-11,8.4803e-11
6.5049e-11,2.6439e-11,8.1363e-11
9.2334e-11,4.0674e-11,1.054e-10
7.7477e-11,3.487e-11,1.0058e-10
5.2189e-11,2.3736e-11,1.0414e-10
4.6282e-11,2.2623e-11,3.9746e-11
5.375e-11,2.9804e-11,3.9316e-11
6.4393e-11,3.8928e-11,4.9606e-11
5.5884e-11,2.109e-11,8.4271e-11
5.6765e-11,1.5426e-11,1.1515e-10
5.6509e-11,1.8579e-11,4.3642e-11
7.2663e-11,2.3246e-11,5.9089e-11
8.5939e-11,2.9737e-11,1.2319e-10
7.853e-11,2.3717e-11,6.6973e-11
8.2352e-11,2.4896e-11,7.4204e-11
7.9233e-11,2.6999e-11,1.5188e-10
8.3386e-11,2.8753e-11,1.5238e-10
1.054e-10,2.7131e-11,9.5829e-11
1.0666e-10,3.255e-11,9.3804e-11
1.1917e-10,2.1954e-11,1.346e-10
1.3645e-11,2.5616e-11,3.3615e-11
1.6668e-11,1.494e-11,1.3441e-11
5.1757e-11,4.0497e-11,2.166e-11
6.193e-11,5.562e-11,2.6312e-11
1.1544e-11,2.3937e-11,1.824e-11
2.4853e-11,2.8321e-11,2.3789e-11
7.217e-11,5.8263e-11,3.1386e-11
3.3994e-11,2.9283e-11,1.3556e-11
2.279e-11,4.1417e-11,2.5832e-11
2.1705e-11,3.2077e-11,2.2185e-11
9.4783e-11,7.5074e-11,4.296e-11
3.6904e-11,3.1536e-11,1.8244e-11
1.6663e-11,2.504e-11,2.0845e-11
2.488e-11,2.2912e-11,1.1767e-11
2.9778e-11,2.507e-11,2.6915e-11
3.3684e-11,3.0273e-11,3.2928e-11
3.5039e-11,3.122e-11,1.4024e-11
2.1476e-11,1.7742e-11,1.6508e-11
2.2159e-11,1.4815e-11,2.0439e-11
1.8676e-11,1.799e-11,1.7983e-11
2.3815e-11,1.8526e-11,1.7392e-11
2.4819e-11,2.1759e-11,2.1261e-11
2.5936e-11,2.1193e-11,2.1624e-11
1.0898e-10,1.025e-10,9.31e-11
4.4299e-11,3.9599e-11,3.544e-11
6.567e-11,4.3548e-11,6.5114e-11
1.0875e-10,7.7522e-11,9.4153e-11
3.854e-11,2.0796e-11,5.1105e-11
1.0181e-10,6.6606e-11,9.6589e-11
5.7869e-11,4.3414e-11,3.789e-11
7.7859e-11,4.6022e-11,8.5129e-11
5.5227e-11,2.2106e-11,7.6062e-11
4.1465e-11,1.4832e-11,3.7138e-11
7.8578e-11,5.0048e-11,6.0043e-11
6.661e-11,2.0513e-11,5.1994e-11
7.8847e-11,3.0078e-11,1.4169e-10
8.6194e-11,3.0873e-11,7.3325e-11
9.2825e-11,3.2924e-11,7.1984e-11
1.0255e-10,2.0889e-11,1.244e-10
1.0769e-10,2.3964e-11,1.2162e-10
1.1231e-10,2.6969e-11,1.0062e-10
1.1186e-10,2.3133e-11,1.2839e-10
1.2093e-10,2.8371e-11,1.0165e-10
4.2591e-11,3.8848e-11,2.1196e-11
1.2187e-11,2.0793e-11,1.4687e-11
4.6551e-11,4.3087e-11,2.1051e-11
2.0342e-11,1.8168e-11,1.0202e-11
1.3685e-11,1.3329e-11,1.7376e-11
2.7753e-11,4.7579e-11,2.5932e-11
6.5895e-11,5.3291e-11,2.8909e-11
2.4754e-11,2.5244e-11,2.2982e-11
3.1832e-11,2.6265e-11,1.3321e-11
1.6961e-11,3.0262e-11,2.2247e-11
2.02e-11,1.6625e-11,2.1218e-11
1.6694e-11,1.5538e-11,1.4149e-11
1.3392e-11,2.103e-11,1.5369e-11
5.9652e-11,4.9906e-11,2.8009e-11
1.3892e-11,1.6355e-11,1.1723e-11
1.5762e-11,1.9784e-11,1.6781e-11
2.1334e-11,2.051e-11,2.4446e-11
2.8169e-11,2.5723e-11,1.3301e-11
7.5556e-11,6.1261e-11,3.0754e-11
3.5364e-11,3.1421e-11,1.3974e-11
5.5766e-11,9.1751e-11,5.787e-11
2.1339e-11,2.0174e-11,1.895e-11
2.3997e-11,1.8465e-11,1.7343e-11
3.1144e-11,3.0719e-11,2.0647e-11
2.1661e-11,1.5221e-11,1.251e-11
7.2935e-11,5.8397e-11,6.2724e-11
4.5406e-11,4.1068e-11,3.508e-11
2.4271e-11,1.7513e-11,5.2639e-11
3.206e-11,1.927e-11,3.018e-11
7.4222e-11,4.6111e-11,6.9443e-11
1.0732e-10,7.5018e-11,9.2142e-11
3.4722e-11,1.8104e-11,5.2957e-11
3.878e-11,3.1706e-11,6.208e-11
3.9475e-11,2.6942e-11,7.8977e-11
4.4235e-11,2.4136e-11,8.7343e-11
4.5871e-11,1.424e-11,9.7359e-11
4.3667e-11,2.5364e-11,4.0557e-11
9.3783e-11,4.3454e-11,1.0783e-10
9.0375e-11,3.9707e-11,1.0474e-10
8.5761e-11,3.6582e-11,1.0259e-10
6.6354e-11,2.0769e-11,5.8536e-11
5.9024e-11,2.5984e-11,1.109e-10
8.1298e-11,3.1937e-11,1.2853e-10
9.2751e-11,3.2893e-11,7.332e-11
9.1915e-11,2.3998e-11,1.389e-10
9.4985e-11,2.3211e-11,1.4766e-10
1.1567e-11,1.2332e-11,1.6691e-11
1.6178e-11,3.2622e-11,3.6762e-11
2.2601e-11,1.7127e-11,1.7872e-11
1.3844e-11,1.2523e-11,9.8982e-12
1.0386e-11,2.5674e-11,1.5813e-11
4.521e-11,4.382e-11,1.8996e-11
1.6738e-11,1.4023e-11,2.4062e-11
1.7427e-11,1.7105e-11,2.5427e-11
4.6414e-11,1.3466e-10,6.7072e-11
3.0169e-11,3.3193e-11,2.281e-11
2.462e-11,3.6758e-11,2.3465e-11
1.1211e-11,2.3635e-11,1.3618e-11
2.4058e-11,2.1549e-11,2.2567e-11
2.6405e-11,2.6882e-11,3.5218e-11
2.1529e-11,1.724e-11,3.1357e-11
1.6035e-11,1.4732e-11,1.6612e-11
1.6875e-11,1.7881e-11,7.9581e-12
3.6078e-11,1.3963e-10,6.8125e-11
5.34e-11,4.5822e-11,2.8311e-11
2.5569e-11,2.1668e-11,1.7854e-11
4.4302e-11,1.6617e-10,8.668e-11
1.6593e-11,2.0794e-11,2.2047e-11
4.872e-11,1.6832e-10,8.4272e-11
3.2434e-11,8.0301e-11,4.3988e-11
2.5391e-11,2.5169e-11,1.3184e-11
6.8688e-11,8.2606e-11,5.4948e-11
3.6283e-11,3.3492e-11,3.8683e-11
2.4137e-11,1.739e-11,4.2969e-11
4.2482e-11,2.8924e-11,4.8227e-11
2.9662e-11,2.7115e-11,2.3947e-11
2.4559e-11,1.9034e-11,5.0245e-11
3.2456e-11,1.7527e-11,3.2019e-11
2.7897e-11,1.4044e-11,6.0964e-11
1.0354e-10,6.6929e-11,9.4181e-11
4.4218e-11,3.1763e-11,3.2343e-11
3.6608e-11,1.9899e-11,5.8254e-11
4.1895e-11,1.7727e-11,6.2243e-11
4.5722e-11,2.6945e-11,7.3286e-11
7.1065e-11,5.3851e-11,5.1497e-11
8.6626e-11,3.7675e-11,1.0541e-10
8.5597e-11,3.6341e-11,1.0229e-10
7.7651e-11,3.4837e-11,1.0271e-10
6.3684e-11,3.3214e-11,4.6406e-11
8.914e-11,4.3549e-11,7.6248e-11
9.9107e-11,2.5711e-11,8.9551e-11
1.0274e-10,2.5992e-11,1.0023e-10
2.8319e-11,2.1732e-11,3.2588e-11
2.1841e-11,1.9702e-11,7.6074e-12
1.3251e-11,1.2354e-11,1.173e-11
1.8857e-11,2.0191e-11,9.7747e-12
4.4317e-11,3.7767e-11,2.0582e-11
8.721e-11,7.2001e-11,4.0663e-11
2.79e-11,2.5993e-11,1.4497e-11
1.2887e-11,1.0465e-11,6.1932e-12
3.7052e-11,1.0214e-10,5.1385e-11
2.212e-11,2.1866e-11,1.0172e-11
6.5266e-11,5.7147e-11,3.1585e-11
4.5349e-11,1.3162e-10,6.8368e-11
3.3558e-11,2.9041e-11,3.0966e-11
7.1114e-11,1.271e-10,7.5629e-11
4.4815e-11,4.2549e-11,2.1762e-11
3.232e-11,2.721e-11,1.8162e-11
5.6239e-11,4.7281e-11,2.9473e-11
2.4266e-11,1.4208e-11,4.1288e-11
4.0489e-11,2.5567e-11,4.4342e-11
2.4462e-11,1.7969e-11,1.733e-11
1.0792e-10,1.0913e-10,9.0661e-11
2.7695e-11,1.7652e-11,1.9286e-11
3.0453e-11,3.2676e-11,2.7788e-11
2.943e-11,1.6723e-11,5.8039e-11
5.0193e-11,3.0115e-11,5.9686e-11
3.0611e-11,1.7693e-11,4.2194e-11
3.4754e-11,2.2165e-11,3.3818e-11
4.3114e-11,3.2334e-11,2.9846e-11
6.6851e-11,5.3764e-11,4.4709e-11
4.5251e-11,3.2191e-11,3.8447e-11
9.129e-11,4.1102e-11,1.1069e-10
6.1892e-11,2.393e-11,4.5339e-11
9.363e-11,3.2679e-11,1.6356e-10
1.1683e-10,3.1866e-11,9.9334e-11
1.1635e-10,2.5274e-11,1.3235e-10
1.8385e-11,1.6182e-11,1.265e-11
2.9467e-11,2.9899e-11,1.3269e-11
1.3252e-11,1.274e-11,1.179e-11
2.2925e-11,4.9647e-11,2.8433e-11
2.6382e-11,8.1554e-11,4.1073e-11
3.5165e-11,1.005e-10,4.5179e-11
1.0452e-11,2.31e-11,1.3256e-11
4.1957e-11,1.4319e-10,7.2615e-11
1.37e-11,1.4986e-11,1.0661e-11
1.0702e-11,1.3265e-11,8.7075e-12
1.2759e-11,1.2446e-11,1.0054e-11
1.7787e-11,2.0494e-11,1.0584e-11
2.7404e-11,9.8878e-11,4.8978e-11
2.2576e-11,1.9175e-11,2.8736e-11
4.2333e-11,1.5075e-10,7.6195e-11
3.012e-11,2.1883e-11,2.725e-11
4.3322e-11,1.4434e-10,7.1456e-11
4.4614e-11,1.3004e-10,6.7165e-11
2.0612e-11,1.9217e-11,1.3248e-11
3.7556e-11,3.9848e-11,3.242e-11
3.7058e-11,3.0329e-11,3.0157e-11
4.6262e-11,4.4126e-11,2.4428e-11
8.0458e-11,1.6027e-10,8.872e-11
9.0362e-11,1.3024e-10,7.8171e-11
3.6328e-11,3.2415e-11,3.8636e-11
4.4991e-11,3.6296e-11,4.2058e-11
2.753e-11,2.1081e-11,2.0691e-11
8.5877e-11,7.3837e-11,7.1347e-11
6.4077e-11,5.7658e-11,3.681e-11
2.5118e-11,1.6762e-11,3.3359e-11
2.8429e-11,1.9411e-11,4.2174e-11
1.1531e-10,9.4432e-11,9.6367e-11
2.765e-11,2.017e-11,5.4401e-11
7.5683e-11,5.8819e-11,5.0423e-11
3.7636e-11,1.587e-11,6.7192e-11
5.1482e-11,2.0699e-11,8.1444e-11
5.3508e-11,2.0762e-11,6.071e-11
8.1623e-11,5.8863e-11,5.5695e-11
6.2017e-11,2.1893e-11,1.0199e-10
7.573e-11,3.8468e-11,5.7478e-11
9.8332e-11,2.6417e-11,1.2201e-10
9.5913e-11,2.5239e-11,1.3187e-10
1.1412e-10,2.5321e-11,1.3291e-10
1.3731e-11,1.4247e-11,1.4839e-11
2.0322e-11,1.7274e-11,1.4679e-11
1.3369e-11,2.6885e-11,3.1837e-11
1.9968e-11,2.1868e-11,3.6877e-11
1.125e-11,1.6764e-11,1.6978e-11
2.3109e-11,3.1738e-11,2.5323e-11
1.8393e-11,1.5557e-11,1.2688e-11
2.8688e-11,2.2241e-11,2.5272e-11
1.7477e-11,1.8357e-11,8.2241e-12
1.65e-11,1.2153e-11,1.1643e-11
3.8819e-11,1.019e-10,5.1588e-11
4.3101e-11,4.0964e-11,2.0472e-11
4.9871e-11,4.8229e-11,2.6122e-11
4.0785e-11,4.1545e-11,3.9844e-11
4.4997e-11,2.927e-11,4.1441e-11
1.9979e-11,1.5568e-11,3.5773e-11
4.3939e-11,3.4637e-11,4.7294e-11
4.3742e-11,3.9152e-11,2.7468e-11
2.8554e-11,2.4094e-11,3.6161e-11
2.6861e-11,2.0179e-11,3.8535e-11
2.7388e-11,1.6237e-11,4.4925e-11
2.8069e-11,2.0686e-11,1.6782e-11
5.4951e-11,3.52e-11,6.428e-11
2.8349e-11,1.8955e-11,5.1793e-11
3.0243e-11,2.1072e-11,5.0678e-11
4.9278e-11,4.0281e-11,3.1979e-11
3.8032e-11,2.5289e-11,2.6872e-11
4.3249e-11,2.6475e-11,3.309e-11
5.0408e-11,1.9599e-11,9.7025e-11
8.5383e-11,4.2914e-11,1.0313e-10
6.8345e-11,4.5153e-11,5.0884e-11
8.1377e-11,3.2395e-11,1.0535e-10
6.0519e-11,2.4533e-11,1.1106e-10
8.3245e-11,4.2917e-11,6.0246e-11
8.6228e-11,3.1625e-11,1.2519e-10
7.4843e-11,3.1043e-11,1.2948e-10
9.3313e-11,4.504e-11,7.0965e-11
1.0557e-10,3.3989e-11,8.5089e-11
1.2262e-10,2.8488e-11,1.2511e-10
4.3804e-11,4.3334e-11,1.5874e-11
1.7084e-11,2.1495e-11,1.2136e-11
2.4019e-11,2.2367e-11,1.3052e-11
1.6944e-11,3.0915e-11,2.5234e-11
3.7392e-11,2.9291e-11,3.8932e-11
2.7103e-11,2.4928e-11,3.2115e-11
2.098e-11,2.2115e-11,2.4831e-11
3.5634e-11,3.4695e-11,1.2968e-11
2.381e-11,2.3193e-11,1.4239e-11
1.5925e-11,2.4122e-11,1.9006e-11
1.5416e-11,2.9975e-11,2.6387e-11
1.7042e-11,4.1657e-11,3.0031e-11
2.2699e-11,7.026e-11,4.1241e-11
2.1467e-11,6.3834e-11,3.64e-11
2.0048e-11,5.27e-11,3.2856e-11
1.5533e-11,1.8133e-11,1.1759e-11
1.9634e-11,2.1344e-11,1.5124e-11
7.071e-11,6.3264e-11,3.1509e-11
1.9839e-11,2.0075e-11,9.9032e-12
2.4298e-11,2.9448e-11,3.3727e-11
5.0427e-11,1.4641e-10,7.6603e-11
2.5601e-11,3.2152e-11,3.8206e-11
3.6643e-11,3.4383e-11,3.6231e-11
5.9451e-11,4.9938e-11,2.4093e-11
3.2798e-11,2.9202e-11,4.2248e-11
6.7267e-11,6.8706e-11,6.2092e-11
6.8707e-11,5.9631e-11,3.7559e-11
2.7308e-11,2.1824e-11,1.6705e-11
6.0261e-11,4.3165e-11,5.6363e-11
2.5697e-11,2.1238e-11,4.1207e-11
1.0517e-10,1.2137e-10,9.4697e-11
2.5683e-11,1.7001e-11,4.2171e-11
2.7736e-11,1.7197e-11,4.3899e-11
8.1605e-11,6.6303e-11,4.8012e-11
2.8983e-11,2.2168e-11,5.5248e-11
3.0434e-11,1.5613e-11,2.9461e-11
3.51e-11,1.6324e-11,6.7816e-11
4.1064e-11,2.4962e-11,6.1472e-11
4.2844e-11,2.7186e-11,6.354e-11
7.5642e-11,5.8647e-11,5.0861e-11
4.1962e-11,2.775e-11,2.8811e-11
4.0782e-11,2.291e-11,3.8389e-11
3.7162e-11,1.7879e-11,7.086e-11
4.3192e-11,2.5509e-11,3.868e-11
5.064e-11,3.3959e-11,3.5014e-11
4.3369e-11,1.7955e-11,8.176e-11
4.9478e-11,2.2995e-11,3.5645e-11
5.3278e-11,3.4253e-11,3.9529e-11
7.7909e-11,5.4791e-11,5.1178e-11
8.4685e-11,3.2683e-11,1.2432e-10
8.8735e-11,3.9033e-11,6.4656e-11
8.686e-11,2.9976e-11,6.9211e-11
8.5637e-11,3.5735e-11,9.5068e-11
9.7567e-11,4.3004e-11,7.7075e-11
2.4289e-11,2.1308e-11,9.7345e-12
1.526e-11,1.7353e-11,1.7308e-11
2.3316e-11,2.1115e-11,1.7307e-11
2.1128e-11,1.8226e-11,1.0659e-11
1.9959e-11,1.8622e-11,1.8036e-11
1.9254e-11,3.2155e-11,2.8982e-11
4.7779e-11,4.9907e-11,1.9382e-11
1.3893e-11,1.9874e-11,2.7226e-11
1.4287e-11,1.697e-11,1.2064e-11
2.0198e-11,2.2866e-11,3.3903e-11
2.1405e-11,7.0838e-11,3.9749e-11
2.0996e-11,2.1574e-11,2.6887e-11
1.4969e-11,2.0681e-11,2.1006e-11
2.4497e-11,2.4517e-11,2.2749e-11
2.3961e-11,2.3484e-11,1.2923e-11
1.3676e-11,1.8505e-11,1.5162e-11
1.2876e-11,2.4885e-11,2.0619e-11
2.5025e-11,4.7711e-11,2.9856e-11
1.6953e-11,2.9829e-11,2.6581e-11
1.392e-11,2.2649e-11,1.1938e-11
8.7139e-11,7.3713e-11,3.9639e-11
2.0288e-11,1.7092e-11,2.4123e-11
1.9598e-11,1.7957e-11,2.4099e-11
8.1814e-11,6.8861e-11,3.8032e-11
2.3391e-11,2.2888e-11,2.9488e-11
4.3052e-11,3.9404e-11,1.7612e-11
2.6615e-11,2.5494e-11,2.5294e-11
6.7936e-11,6.1286e-11,2.8868e-11
4.735e-11,4.5644e-11,2.3862e-11
2.2095e-11,1.9316e-11,3.1248e-11
8.8766e-11,1.5752e-10,8.9579e-11
2.668e-11,1.9949e-11,3.7214e-11
2.4434e-11,1.5456e-11,1.297e-11
2.2539e-11,1.569e-11,3.3185e-11
2.2514e-11,1.4372e-11,3.5291e-11
4.4322e-11,2.8021e-11,4.0913e-11
5.3711e-11,4.7564e-11,2.7993e-11
4.2004e-11,2.7296e-11,4.5344e-11
2.6176e-11,2.616e-11,3.1558e-11
2.4144e-11,1.5337e-11,4.4625e-11
2.6681e-11,1.5615e-11,3.8839e-11
3.3544e-11,2.1364e-11,4.9217e-11
3.4911e-11,2.2285e-11,4.7379e-11
7.7293e-11,6.5291e-11,4.348e-11
3.7732e-11,2.1456e-11,5.0182e-11
5.0667e-11,4.1573e-11,3.0442e-11
8.1813e-11,5.5587e-11,7.8775e-11
9.563e-11,7.4957e-11,8.6746e-11
3.3899e-11,2.4852e-11,2.6604e-11
2.7391e-11,1.7026e-11,4.7178e-11
3.7966e-11,2.0445e-11,2.8344e-11
7.7958e-11,4.6962e-11,8.2066e-11
8.125e-11,4.8352e-11,9.0212e-11
4.5905e-11,2.1897e-11,5.4759e-11
4.5121e-11,2.7942e-11,4.2409e-11
5.8438e-11,2.566e-11,4.3117e-11
6.1911e-11,2.9246e-11,9.3342e-11
6.6394e-11,3.243e-11,9.6336e-11
5.9146e-11,3.1796e-11,4.2635e-11
6.5581e-11,2.3806e-11,1.0716e-10
7.8012e-11,3.03e-11,1.3003e-10
8.4565e-11,3.2556e-11,1.4227e-10
1.0507e-10,3.0575e-11,9.5394e-11
1.1261e-10,3.0705e-11,1.0595e-10
1.9042e-11,1.5012e-11,2.9046e-11
1.9378e-11,5.7544e-11,3.5779e-11
1.3501e-11,2.0948e-11,1.6364e-11
1.3608e-11,2.3034e-11,1.5033e-11
3.4866e-11,1.2724e-10,6.3943e-11
2.0938e-11,2.3146e-11,2.426e-11
1.9602e-11,1.3697e-11,9.5718e-12
2.6419e-11,2.7452e-11,3.2228e-11
2.3181e-11,2.0952e-11,1.0006e-11
2.0517e-11,1.8e-11,1.5735e-11
1.326e-11,1.9016e-11,2.0567e-11
2.4346e-11,3.6665e-11,2.7332e-11
1.2503e-11,1.3764e-11,8.997e-12
2.8558e-11,1.1252e-10,5.6327e-11
1.71e-11,2.2395e-11,1.8362e-11
4.7697e-11,4.3442e-11,2.1813e-11
7.0392e-11,6.302e-11,3.0049e-11
4.2276e-11,1.1423e-10,5.9364e-11
2.5754e-11,3.6095e-11,3.5508e-11
3.5713e-11,3.3928e-11,1.5738e-11
5.1259e-11,9.1657e-11,5.2831e-11
2.1551e-11,1.9216e-11,2.7735e-11
5.2364e-11,1.567e-10,8.3543e-11
2.6566e-11,2.3886e-11,1.5964e-11
3.7857e-11,3.0922e-11,3.8527e-11
7.8445e-11,9.57e-11,6.8078e-11
2.7463e-11,1.8676e-11,3.132e-11
2.1839e-11,2.8268e-11,3.5638e-11
3.2578e-11,2.3983e-11,4.8088e-11
2.4127e-11,1.99e-11,3.9954e-11
2.8704e-11,1.7184e-11,1.5877e-11
2.5503e-11,2.3053e-11,4.1989e-11
4.7542e-11,3.3325e-11,5.5137e-11
4.0036e-11,2.3102e-11,6.1984e-11
7.9149e-11,6.5007e-11,5.1737e-11
3.5454e-11,2.2704e-11,2.5061e-11
7.5505e-11,3.8044e-11,9.6512e-11
4.4813e-11,2.8349e-11,3.0353e-11
7.305e-11,3.4522e-11,9.4507e-11
7.5023e-11,3.2673e-11,1.0334e-10
8.7229e-11,3.7033e-11,1.4637e-10
9.0257e-11,4.0228e-11,1.3551e-10
2.0189e-11,1.9791e-11,8.2869e-12
1.5311e-11,1.6159e-11,1.296e-11
3.1934e-11,3.5599e-11,1.6876e-11
1.6887e-11,1.9922e-11,2.3603e-11
1.7187e-11,2.1544e-11,2.4854e-11
2.1517e-11,2.1189e-11,1.2342e-11
1.8146e-11,1.6271e-11,2.7597e-11
1.8405e-11,4.7378e-11,3.4397e-11
1.6073e-11,1.323e-11,7.7846e-12
1.5502e-11,2.099e-11,1.6308e-11
7.8768e-12,1.7232e-11,2.0157e-11
1.8853e-11,4.1018e-11,2.8345e-11
1.3241e-11,2.3198e-11,1.5723e-11
1.3327e-11,2.2984e-11,2.2411e-11
7.4761e-11,6.2344e-11,3.1226e-11
2.1477e-11,2.9462e-11,2.5426e-11
6.797e-11,5.6075e-11,2.5534e-11
2.3298e-11,4.911e-11,3.7185e-11
2.935e-11,6.777e-11,4.0651e-11
7.6968e-11,6.543e-11,3.1481e-11
2.8202e-11,5.4188e-11,3.4434e-11
2.384e-11,2.3854e-11,9.8182e-12
4.9119e-11,7.5952e-11,5.0359e-11
4.3728e-11,5.2171e-11,4.3967e-11
4.1874e-11,3.3691e-11,4.2057e-11
2.2542e-11,1.5347e-11,1.9077e-11
2.6572e-11,2.0011e-11,2.4332e-11
7.5542e-11,7.0111e-11,7.0764e-11
2.6318e-11,1.4644e-11,4.0553e-11
2.3917e-11,2.1274e-11,4.2681e-11
9.6641e-11,1.0846e-10,9.0854e-11
3.116e-11,1.9823e-11,3.593e-11
3.5929e-11,2.8537e-11,2.5766e-11
3.124e-11,2.0087e-11,1.9763e-11
2.7063e-11,1.6841e-11,3.142e-11
2.7748e-11,2.0674e-11,4.8361e-11
3.6137e-11,2.3192e-11,2.698e-11
2.7913e-11,1.899e-11,4.735e-11
3.3729e-11,2.7042e-11,3.3862e-11
3.5147e-11,2.0094e-11,3.4981e-11
4.0864e-11,2.3795e-11,6.062e-11
4.4192e-11,2.175e-11,4.2865e-11
6.686e-11,4.9585e-11,4.2916e-11
5.1647e-11,4.0054e-11,8.0239e-11
5.2313e-11,2.3593e-11,3.7302e-11
7.1512e-11,3.0638e-11,9.694e-11
5.9193e-11,3.8989e-11,3.8169e-11
6.5523e-11,2.3927e-11,9.9318e-11
7.8173e-11,3.0365e-11,1.1417e-10
7.9153e-11,3.1679e-11,1.1515e-10
7.3208e-11,2.497e-11,1.228e-10
8.7015e-11,3.3712e-11,1.3455e-10
1.0034e-10,4.005e-11,7.7024e-11
9.2991e-11,3.481e-11,1.4917e-10
1.1142e-10,3.9265e-11,8.5663e-11
1.1215e-10,3.5807e-11,9.0004e-11
1.4761e-11,1.686e-11,1.2292e-11
2.6589e-11,2.5422e-11,3.1345e-11
1.5732e-11,3.2702e-11,2.6024e-11
8.0559e-12,1.5257e-11,2.7744e-11
2.2744e-11,2.5779e-11,2.636e-11
1.5943e-11,1.6612e-11,1.5963e-11
2.0848e-11,5.3903e-11,3.2439e-11
1.1368e-11,2.2939e-11,1.2219e-11
2.305e-11,2.1497e-11,1.4031e-11
2.5742e-11,1.098e-10,5.6308e-11
1.4145e-11,1.6067e-11,2.0909e-11
7.1716e-11,6.5605e-11,3.0468e-11
6.5001e-11,5.6815e-11,2.8115e-11
3.8575e-11,8.1403e-11,4.5724e-11
3.8457e-11,5.6053e-11,4.0929e-11
2.7732e-11,2.5201e-11,3.4823e-11
2.317e-11,1.5459e-11,1.092e-11
1.8416e-11,2.4853e-11,3.2973e-11
4.7886e-11,3.4245e-11,4.3229e-11
2.999e-11,1.8791e-11,2.5795e-11
2.9886e-11,1.9139e-11,2.3016e-11
2.4164e-11,1.9048e-11,3.7189e-11
2.6413e-11,1.6303e-11,4.1185e-11
7.983e-11,7.0596e-11,7.517e-11
3.2828e-11,2.2663e-11,5.5108e-11
3.7268e-11,2.2248e-11,5.256e-11
3.8523e-11,3.0105e-11,2.2907e-11
6.6247e-11,6.0233e-11,4.0399e-11
3.8202e-11,2.2169e-11,2.3744e-11
4.474e-11,2.6908e-11,2.8664e-11
7.483e-11,4.4532e-11,8.6537e-11
8.2285e-11,6.3364e-11,5.2092e-11
6.5776e-11,5.4335e-11,4.0507e-11
3.9683e-11,1.7296e-11,6.8858e-11
5.2245e-11,3.531e-11,4.181e-11
7.0964e-11,3.7132e-11,9.4349e-11
6.9613e-11,3.4126e-11,1.0063e-10
5.6874e-11,3.3601e-11,9.5291e-11
6.1037e-11,3.408e-11,4.6196e-11
8.6887e-11,4.4177e-11,6.3624e-11
8.8653e-11,3.6023e-11,1.4125e-10
1.4625e-11,1.7277e-11,1.0398e-11
2.9236e-11,2.6959e-11,1.0442e-11
1.822e-11,2.0852e-11,8.9848e-12
1.6865e-11,2.4642e-11,3.4149e-11
2.1351e-11,8.595e-11,4.806e-11
1.4573e-11,2.3637e-11,1.1732e-11
1.269e-11,1.8481e-11,1.2347e-11
1.1474e-11,1.7171e-11,2.1683e-11
1.5253e-11,2.1628e-11,3.1415e-11
1.0725e-11,1.9391e-11,2.1387e-11
1.7042e-11,2.5211e-11,2.3598e-11
1.7579e-11,2.0833e-11,2.0375e-11
1.2123e-11,2.6294e-11,1.2445e-11
2.1589e-11,9.927e-11,5.1296e-11
2.2959e-11,1.9115e-11,2.7494e-11
7.85e-11,6.7864e-11,3.0682e-11
2.7912e-11,1.113e-10,5.862e-11
2.4321e-11,8.9469e-11,4.82e-11
2.6787e-11,3.0784e-11,3.6265e-11
2.6324e-11,2.5616e-11,1.8021e-11
2.247e-11,2.0181e-11,1.3965e-11
2.8651e-11,2.5952e-11,1.6748e-11
1.745e-11,1.9021e-11,2.8326e-11
7.3127e-11,1.0309e-10,7.4704e-11
2.5482e-11,1.712e-11,1.4179e-11
2.3965e-11,1.5903e-11,1.47e-11
2.2547e-11,2.2731e-11,3.0183e-11
2.5055e-11,1.7387e-11,2.2828e-11
2.6804e-11,1.9262e-11,2.2468e-11
2.8495e-11,2.1648e-11,4.8686e-11
2.985e-11,1.7148e-11,2.1137e-11
2.829e-11,2.553e-11,2.2522e-11
4.9587e-11,3.3257e-11,5.9463e-11
3.599e-11,2.5802e-11,2.1359e-11
4.0749e-11,2.4711e-11,5.6918e-11
3.7704e-11,1.972e-11,5.8642e-11
7.646e-11,6.2401e-11,4.5586e-11
3.9967e-11,2.1455e-11,2.9629e-11
6.4391e-11,4.1299e-11,4.0541e-11
5.6627e-11,3.1396e-11,8.4272e-11
7.4275e-11,3.5713e-11,1.0741e-10
7.0772e-11,3.0102e-11,4.8277e-11
8.6873e-11,3.1397e-11,1.3547e-10
9.0757e-11,3.6001e-11,1.3986e-10
9.2155e-11,3.8372e-11,6.8768e-11
1.0646e-10,3.1321e-11,1.0259e-10
1.0485e-10,3.2132e-11,1.4316e-10
8.7581e-12,1.2686e-11,9.2436e-12
1.69e-11,1.2604e-11,3.9687e-12
6.0146e-11,6.8431e-11,2.593e-11
1.5733e-11,1.8895e-11,1.0199e-11
1.1031e-11,1.3333e-11,2.3665e-11
3.1727e-11,1.0615e-10,5.7945e-11
1.1525e-11,1.6484e-11,9.9637e-12
1.7398e-11,1.7939e-11,2.1357e-11
1.4145e-11,2.7133e-11,1.2798e-11
1.4875e-11,1.5396e-11,2.424e-11
2.7944e-11,2.9473e-11,3.1949e-11
6.6741e-11,1.6476e-10,9.6536e-11
2.3723e-11,1.5785e-11,1.5755e-11
2.2238e-11,1.7928e-11,1.8233e-11
2.6463e-11,1.7658e-11,3.7344e-11
2.6025e-11,2.1747e-11,2.1112e-11
2.4242e-11,1.7304e-11,3.4169e-11
2.7179e-11,1.8679e-11,3.876e-11
2.2753e-11,2.2965e-11,3.6352e-11
2.5347e-11,1.3602e-11,3.8869e-11
2.4393e-11,1.6729e-11,2.3046e-11
2.3477e-11,1.6306e-11,3.7413e-11
4.4537e-11,3.3242e-11,5.2421e-11
3.7307e-11,3.0094e-11,2.5146e-11
2.5162e-11,1.8655e-11,3.948e-11
2.9504e-11,1.8238e-11,2.3142e-11
3.2876e-11,2.0451e-11,2.9029e-11
3.6957e-11,2.4356e-11,3.5071e-11
3.5741e-11,1.9468e-11,5.416e-11
4.4917e-11,2.8777e-11,3.1788e-11
8.4549e-11,4.8738e-11,9.5782e-11
4.7942e-11,2.4601e-11,3.2269e-11
4.8303e-11,2.6138e-11,7.4638e-11
5.9619e-11,2.8834e-11,4.3246e-11
5.4353e-11,3.1085e-11,8.8774e-11
7.4307e-11,4.333e-11,4.5728e-11
7.2705e-11,3.0293e-11,5.8275e-11
8.4043e-11,3.2025e-11,1.2168e-10
1.0794e-10,3.1306e-11,9.7455e-11
9.6571e-11,3.1894e-11,1.4038e-10
4.3094e-11,5.4263e-11,1.4978e-11
3.3876e-11,3.6793e-11,1.8149e-11
1.2251e-11,1.3091e-11,8.5191e-12
1.5449e-11,1.7024e-11,2.3838e-11
2.0003e-11,8.8793e-11,5.2693e-11
1.0196e-11,2.2462e-11,2.7972e-11
2.3142e-11,1.0325e-10,5.9498e-11
2.1265e-11,2.7069e-11,1.7364e-11
3.4733e-11,3.5932e-11,1.3868e-11
1.2873e-11,2.12e-11,1.6263e-11
1.8365e-11,1.3443e-11,2.0057e-11
2.0592e-11,2.4195e-11,3.5813e-11
2.5536e-11,2.6238e-11,1.2737e-11
1.1636e-11,1.7917e-11,1.3189e-11
1.1766e-11,1.4281e-11,1.3458e-11
1.1878e-11,2.0734e-11,2.3511e-11
1.4108e-11,2.1762e-11,1.6158e-11
1.9005e-11,6.5333e-11,3.9781e-11
1.6552e-11,1.5878e-11,2.3726e-11
5.4053e-11,1.6332e-10,8.6595e-11
2.643e-11,2.6777e-11,2.8579e-11
3.1006e-11,3.7122e-11,3.4508e-11
4.2639e-11,4.0907e-11,2.6271e-11
3.8616e-11,5.1846e-11,4.1036e-11
3.7251e-11,4.549e-11,3.9951e-11
6.7308e-11,5.7921e-11,2.8889e-11
2.0882e-11,1.514e-11,1.5315e-11
3.493e-11,3.24e-11,2.086e-11
1.9422e-11,2.2371e-11,3.0541e-11
7.3398e-11,1.0034e-10,7.8417e-11
3.4389e-11,2.1426e-11,2.7038e-11
2.0557e-11,1.6188e-11,3.2187e-11
2.7339e-11,2.2803e-11,4.1529e-11
4.4309e-11,3.4963e-11,2.5389e-11
3.102e-11,2.4289e-11,3.5141e-11
4.8464e-11,2.7804e-11,7.4244e-11
5.0036e-11,3.1382e-11,7.6411e-11
4.7912e-11,3.6489e-11,6.8545e-11
4.8777e-11,2.3349e-11,3.9764e-11
5.7769e-11,2.7557e-11,8.3791e-11
7.208e-11,3.0018e-11,5.8368e-11
9.585e-11,4.0461e-11,6.9846e-11
1.0269e-10,3.9242e-11,6.8184e-11
1.1793e-10,3.9986e-11,1.0914e-10
5.2098e-11,6.5426e-11,1.9112e-11
3.9193e-11,4.3229e-11,1.2168e-11
1.4933e-11,1.4017e-11,1.002e-11
1.2119e-11,1.4342e-11,8.8259e-12
6.5288e-11,7.4482e-11,2.1825e-11
2.3197e-11,1.6811e-11,2.9578e-11
1.6366e-11,2.137e-11,2.4074e-11
2.1581e-11,1.917e-11,2.5488e-11
4.6428e-11,5.1027e-11,1.7412e-11
1.2819e-11,2.0555e-11,1.5253e-11
1.2141e-11,1.5085e-11,2.2835e-11
1.2034e-11,1.7316e-11,2.4133e-11
1.643e-11,2.0288e-11,1.2492e-11
1.7204e-11,1.6514e-11,2.1473e-11
2.0047e-11,2.2664e-11,3.4709e-11
2.045e-11,2.7398e-11,2.9501e-11
1.5518e-11,1.4229e-11,2.0878e-11
2.3652e-11,2.0137e-11,3.1696e-11
2.6441e-11,2.1236e-11,2.8966e-11
2.3781e-11,8.9433e-11,4.8786e-11
3.0466e-11,2.9905e-11,1.2369e-11
4.1402e-11,6.3762e-11,4.4003e-11
6.0724e-11,1.3291e-10,8.0621e-11
6.0927e-11,1.4854e-10,9.3317e-11
2.3138e-11,1.9485e-11,1.439e-11
5.6151e-11,8.7252e-11,6.4407e-11
2.352e-11,1.5212e-11,1.2283e-11
1.952e-11,2.3019e-11,2.9142e-11
3.7435e-11,2.6051e-11,3.0312e-11
2.4108e-11,1.5668e-11,3.6814e-11
3.4697e-11,2.551e-11,1.7562e-11
2.3089e-11,1.6437e-11,3.6562e-11
2.4721e-11,1.9443e-11,4.4624e-11
5.2623e-11,3.6979e-11,6.2794e-11
2.9843e-11,1.9281e-11,2.2673e-11
2.8249e-11,2.086e-11,2.5856e-11
3.592e-11,2.3111e-11,5.3874e-11
3.1775e-11,2.3511e-11,4.6876e-11
7.7561e-11,5.2999e-11,8.6955e-11
4.0151e-11,2.1443e-11,3.1374e-11
5.1252e-11,2.9088e-11,7.3217e-11
7.0415e-11,4.0704e-11,9.627e-11
4.9996e-11,2.5977e-11,6.3188e-11
5.5441e-11,2.9587e-11,3.1866e-11
6.9102e-11,4.4524e-11,4.3846e-11
7.3013e-11,4.2236e-11,4.4724e-11
7.9753e-11,3.452e-11,1.1387e-10
9.2138e-11,4.0092e-11,1.3366e-10
9.9556e-11,3.0311e-11,1.1485e-10
1.2005e-11,1.4414e-11,1.0912e-11
1.7012e-11,1.6576e-11,1.6246e-11
1.0499e-11,1.4296e-11,1.4149e-11
1.447e-11,1.5415e-11,1.1986e-11
1.2322e-11,1.5442e-11,1.2506e-11
1.7674e-11,2.9322e-11,1.5091e-11
1.5904e-11,1.9055e-11,2.1738e-11
1.7308e-11,2.9008e-11,1.6495e-11
1.4023e-11,1.8709e-11,7.6419e-12
3.6939e-11,4.1332e-11,1.2456e-11
1.8967e-11,2.1366e-11,9.53e-12
1.3598e-11,1.213e-11,1.326e-11
1.3813e-11,1.8131e-11,1.8208e-11
1.7885e-11,2.8937e-11,2.8836e-11
2.2737e-11,1.6327e-11,3.0377e-11
1.8994e-11,2.5906e-11,1.5533e-11
2.2279e-11,1.9461e-11,2.225e-11
3.9423e-11,3.7302e-11,2.147e-11
5.3252e-11,7.7449e-11,6.2439e-11
4.2279e-11,4.5578e-11,4.5753e-11
2.63e-11,2.2653e-11,3.5681e-11
2.6343e-11,2.2101e-11,3.7388e-11
5.1659e-11,5.2886e-11,6.5385e-11
2.4266e-11,2.2613e-11,1.9158e-11
3.2107e-11,2.5155e-11,4.0057e-11
2.1527e-11,2.2604e-11,2.9145e-11
2.7396e-11,2.0235e-11,3.2749e-11
2.4981e-11,2.3764e-11,4.0795e-11
4.8366e-11,3.691e-11,2.6995e-11
2.9842e-11,1.8284e-11,4.8251e-11
5.5418e-11,3.2024e-11,3.397e-11
5.9572e-11,3.3981e-11,3.8717e-11
8.212e-11,3.0038e-11,6.6725e-11
8.7863e-11,4.1841e-11,5.5542e-11
8.7684e-11,3.9487e-11,1.2469e-10
9.8233e-11,3.8055e-11,1.2819e-10
1.1936e-11,1.4606e-11,1.0601e-11
1.4061e-11,1.2704e-11,1.0299e-11
1.1365e-11,2.0971e-11,1.5696e-11
9.8829e-12,1.6412e-11,2.3003e-11
2.4288e-11,3.4284e-11,3.4278e-11
2.3591e-11,3.2122e-11,3.2442e-11
2.5184e-11,3.1893e-11,2.8742e-11
6.5258e-11,7.5252e-11,2.3849e-11
1.814e-11,1.4229e-11,6.564e-12
1.4641e-11,1.3584e-11,1.5776e-11
5.4771e-11,5.6462e-11,1.6832e-11
1.4121e-11,1.3361e-11,1.2777e-11
1.5171e-11,3.8604e-11,3.1455e-11
4.4705e-11,4.7055e-11,1.7218e-11
1.7789e-11,1.5439e-11,2.0187e-11
3.074e-11,1.2288e-10,7.0542e-11
2.2339e-11,7.8244e-11,4.6339e-11
2.2263e-11,2.359e-11,1.5046e-11
4.9815e-11,4.7259e-11,2.3147e-11
2.5868e-11,2.2605e-11,1.2668e-11
2.7841e-11,2.7588e-11,3.039e-11
2.0554e-11,1.6547e-11,1.3505e-11
3.2415e-11,3.536e-11,3.7961e-11
2.3043e-11,1.5276e-11,1.3629e-11
4.0873e-11,3.7994e-11,2.6179e-11
2.8082e-11,1.8329e-11,3.072e-11
2.1516e-11,2.5976e-11,2.9598e-11
2.4388e-11,1.5689e-11,3.4995e-11
2.815e-11,2.1868e-11,4.1015e-11
3.1036e-11,3.1204e-11,1.8168e-11
5.0125e-11,3.8109e-11,2.8129e-11
3.3427e-11,2.7538e-11,5.0684e-11
3.5724e-11,2.8352e-11,5.7052e-11
6.2614e-11,3.8203e-11,3.861e-11
7.1683e-11,3.8811e-11,4.5712e-11
9.2904e-11,3.6203e-11,9.355e-11
1.0411e-10,4.0592e-11,7.0681e-11
9.8699e-11,3.4386e-11,7.6405e-11
1.0111e-10,3.6886e-11,1.2799e-10
1.0514e-10,3.5148e-11,1.2015e-10
1.0523e-11,1.9255e-11,1.6515e-11
1.1911e-11,1.6725e-11,1.2383e-11
8.9901e-12,1.5939e-11,1.9192e-11
2.8831e-11,2.039e-11,2.8622e-11
1.5623e-11,4.7847e-11,3.6211e-11
2.128e-11,2.5848e-11,1.7891e-11
1.0943e-11,1.9047e-11,1.6249e-11
1.7747e-11,1.9848e-11,2.9495e-11
1.6672e-11,2.5951e-11,1.8764e-11
1.2448e-11,1.6846e-11,1.6233e-11
1.8383e-11,1.9718e-11,1.5331e-11
1.4766e-11,1.3689e-11,1.877e-11
1.7561e-11,1.3793e-11,2.3323e-11
2.0623e-11,2.3642e-11,9.2199e-12
1.7875e-11,2.3305e-11,1.2383e-11
1.8455e-11,1.5665e-11,1.0055e-11
1.9984e-11,6.4554e-11,4.1368e-11
2.9318e-11,1.1239e-10,6.7597e-11
2.5539e-11,2.7649e-11,1.4067e-11
3.6667e-11,1.3779e-10,7.8123e-11
2.8906e-11,8.6118e-11,5.5296e-11
5.4913e-11,1.1338e-10,7.1952e-11
1.975e-11,2.1766e-11,2.6769e-11
2.8803e-11,2.5289e-11,1.3809e-11
2.1243e-11,1.7185e-11,1.559e-11
7.9526e-11,6.8958e-11,3.0544e-11
2.3175e-11,2.4266e-11,3.1534e-11
3.6453e-11,4.0497e-11,4.3883e-11
4.2125e-11,3.8247e-11,4.1887e-11
2.6783e-11,2.0281e-11,3.4847e-11
6.4888e-11,5.8009e-11,3.2322e-11
4.954e-11,4.4076e-11,2.5078e-11
2.6375e-11,2.8427e-11,2.7337e-11
3.4864e-11,2.586e-11,1.6043e-11
2.5295e-11,2.2475e-11,3.5963e-11
2.5187e-11,2.3547e-11,3.6605e-11
5.4357e-11,5.077e-11,6.4171e-11
2.6365e-11,1.9435e-11,4.4528e-11
6.3428e-11,5.2806e-11,7.3785e-11
5.1848e-11,4.1727e-11,2.8283e-11
3.5912e-11,2.7925e-11,4.5422e-11
4.2166e-11,2.6442e-11,3.6809e-11
6.5735e-11,4.0809e-11,9.0093e-11
5.0585e-11,2.3775e-11,7.2309e-11
4.7083e-11,3.2965e-11,6.9854e-11
5.6084e-11,3.2045e-11,4.169e-11
5.7883e-11,3.0072e-11,7.979e-11
6.5394e-11,3.512e-11,9.9006e-11
6.8328e-11,3.628e-11,1.0249e-10
6.138e-11,3.2856e-11,3.6594e-11
1.1619e-11,1.581e-11,1.2824e-11
1.7073e-11,1.3519e-11,1.0041e-11
1.1885e-11,1.6214e-11,1.9458e-11
1.1999e-11,1.6174e-11,1.3302e-11
1.4433e-11,2.5191e-11,9.1956e-12
9.7363e-12,1.4413e-11,1.9307e-11
2.1387e-11,6.5324e-11,4.3643e-11
1.3013e-11,1.4162e-11,1.3336e-11
2.1349e-11,3.7183e-11,3.3132e-11
2.4748e-11,1.979e-11,2.2994e-11
4.7176e-11,4.8808e-11,2.1594e-11
2.2155e-11,2.3906e-11,1.5273e-11
3.3728e-11,1.1354e-10,6.9963e-11
5.2458e-11,1.0773e-10,7.1396e-11
6.9264e-11,6.2073e-11,3.564e-11
2.2788e-11,2.0151e-11,3.0648e-11
2.4671e-11,1.7701e-11,3.4437e-11
2.6982e-11,1.9521e-11,4.052e-11
4.6239e-11,3.1529e-11,5.8086e-11
3.5719e-11,2.4944e-11,2.3416e-11
4.4521e-11,3.0308e-11,2.6869e-11
7.4575e-11,5.6921e-11,8.8511e-11
5.6787e-11,4.2076e-11,3.2402e-11
3.7808e-11,2.5132e-11,3.7224e-11
3.5357e-11,2.3913e-11,4.0946e-11
4.5398e-11,2.3899e-11,6.3407e-11
6.2934e-11,3.4543e-11,9.1878e-11
6.3348e-11,2.9826e-11,7.4659e-11
7.0206e-11,3.5666e-11,5.3367e-11
7.3062e-11,3.5237e-11,1.0441e-10
7.7396e-11,3.1949e-11,1.1037e-10
8.8286e-11,3.9788e-11,6.3675e-11
1.0907e-10,3.724e-11,9.556e-11
1.1273e-11,1.6913e-11,1.0391e-11
2.7435e-11,2.8892e-11,5.2949e-12
7.6068e-11,9.6372e-11,2.6324e-11
9.8016e-12,1.4782e-11,1.4068e-11
1.5768e-11,1.5878e-11,2.5082e-11
1.5005e-11,2.1929e-11,1.478e-11
1.6406e-11,1.427e-11,1.9716e-11
9.5844e-12,1.1006e-11,1.7925e-11
1.5872e-11,1.6625e-11,1.825e-11
1.9864e-11,4.4987e-11,3.6326e-11
2.6838e-11,3.087e-11,8.7299e-12
2.4029e-11,3.0694e-11,2.6641e-11
2.3379e-11,2.6299e-11,1.7575e-11
3.9079e-11,7.4615e-11,5.0686e-11
2.4186e-11,2.8093e-11,3.1964e-11
2.7024e-11,4.1629e-11,3.6136e-11
5.0369e-11,4.5952e-11,1.9007e-11
1.9969e-11,1.883e-11,1.5228e-11
2.3524e-11,1.7696e-11,1.4772e-11
3.0732e-11,2.1553e-11,2.1882e-11
2.9151e-11,2.214e-11,3.2508e-11
3.336e-11,2.9104e-11,4.4998e-11
6.3304e-11,5.5957e-11,3.1791e-11
5.8674e-11,5.9009e-11,7.1295e-11
3.5143e-11,2.4598e-11,4.8514e-11
2.5618e-11,2.5626e-11,3.605e-11
2.7864e-11,2.1667e-11,3.8105e-11
3.7109e-11,2.4672e-11,4.298e-11
5.0001e-11,4.5017e-11,6.2837e-11
3.8178e-11,2.742e-11,2.1771e-11
5.7288e-11,4.4611e-11,3.1602e-11
3.7874e-11,2.5592e-11,5.1506e-11
6.7981e-11,4.2836e-11,9.5325e-11
6.2687e-11,3.5218e-11,9.3079e-11
6.5898e-11,3.838e-11,4.247e-11
6.1984e-11,3.3503e-11,5.0181e-11
8.2733e-11,4.7981e-11,5.2923e-11
7.0736e-11,3.5314e-11,1e-10
7.7148e-11,4.2182e-11,4.9733e-11
7.278e-11,3.2198e-11,6.8658e-11
9.2756e-11,4.9719e-11,5.7633e-11
1.0052e-10,4.8566e-11,6.7793e-11
2.3032e-11,1.8935e-11,8.6784e-12
1.4253e-11,1.8727e-11,9.3522e-12
8.7601e-12,1.6873e-11,1.174e-11
1.2906e-11,1.732e-11,1.905e-11
1.2664e-11,1.8128e-11,2.0265e-11
4.8787e-11,6.1546e-11,1.097e-11
1.4876e-11,2.0435e-11,2.0518e-11
1.5353e-11,3.3594e-11,3.0584e-11
1.9623e-11,1.9911e-11,3.4005e-11
1.9246e-11,2.6509e-11,3.1887e-11
2.143e-11,5.2658e-11,4.3524e-11
9.576e-12,1.2313e-11,1.2433e-11
1.4902e-11,1.5116e-11,2.7686e-11
3.8741e-11,4.4805e-11,1.3466e-11
3.2449e-11,3.5007e-11,1.5417e-11
1.6341e-11,1.4592e-11,1.3254e-11
1.1311e-11,1.8427e-11,1.543e-11
2.7012e-11,3.071e-11,1.2468e-11
1.1209e-11,1.4351e-11,1.4169e-11
1.799e-11,2.0036e-11,2.4026e-11
1.7704e-11,3.196e-11,3.1863e-11
2.429e-11,5.6759e-11,4.1001e-11
5.6705e-11,5.3781e-11,2.6338e-11
3.1303e-11,2.7055e-11,2.8285e-11
7.6488e-11,7.0288e-11,3.4133e-11
3.3803e-11,2.4149e-11,1.7794e-11
8.4891e-11,7.2231e-11,3.6367e-11
2.3079e-11,1.5943e-11,3.3081e-11
2.3748e-11,1.7738e-11,3.4423e-11
5.6052e-11,6.105e-11,6.7869e-11
3.0887e-11,2.1998e-11,2.1106e-11
3.1149e-11,2.5171e-11,3.9689e-11
4.0927e-11,3.237e-11,6.1558e-11
6.7523e-11,5.0755e-11,8.8957e-11
4.5544e-11,2.5139e-11,5.3929e-11
6.7417e-11,4.3752e-11,9.2458e-11
6.2112e-11,3.6564e-11,9.2703e-11
5.9661e-11,3.1487e-11,4.0322e-11
6.0158e-11,3.5186e-11,7.2084e-11
7.5479e-11,3.2908e-11,1.0336e-10
8.2121e-11,3.8614e-11,1.1498e-10
9.3367e-11,4.5565e-11,6.208e-11
3.2109e-11,3.4345e-11,6.8456e-12
1.2895e-11,1.8419e-11,9.3435e-12
7.0679e-11,9.2678e-11,2.1563e-11
2.2048e-11,3.2744e-11,3.5638e-11
1.1069e-11,1.1046e-11,1.6655e-11
7.4824e-11,8.5878e-11,2.4337e-11
1.4561e-11,1.8002e-11,2.3567e-11
1.9289e-11,2.0927e-11,7.28e-12
1.2982e-11,1.3602e-11,1.7714e-11
1.14e-11,1.9677e-11,2.1523e-11
3.9596e-11,4.2665e-11,1.3807e-11
9.6043e-12,1.8665e-11,1.3568e-11
2.0736e-11,2.1529e-11,7.3931e-12
1.7056e-11,2.1699e-11,2.3082e-11
1.7439e-11,2.0717e-11,2.4953e-11
3.007e-11,6.1915e-11,4.7276e-11
5.1629e-11,4.948e-11,2.1402e-11
2.089e-11,1.6971e-11,1.4998e-11
2.3735e-11,1.9264e-11,1.4479e-11
2.1974e-11,2.2424e-11,1.4493e-11
2.4584e-11,1.9934e-11,1.3566e-11
7.3089e-11,6.7867e-11,3.3458e-11
3.2855e-11,3.0324e-11,1.6184e-11
2.7872e-11,2.2153e-11,2.4223e-11
2.6595e-11,2.4673e-11,4.2535e-11
4.2504e-11,5.4381e-11,5.5814e-11
6.4982e-11,5.9051e-11,3.2389e-11
2.8005e-11,2.2937e-11,2.5511e-11
3.8553e-11,2.6249e-11,5.9352e-11
3.4627e-11,2.3998e-11,2.2988e-11
3.3061e-11,2.3296e-11,5.3569e-11
3.1403e-11,2.8586e-11,3.9778e-11
4.5449e-11,2.3286e-11,5.596e-11
6.4788e-11,3.8402e-11,8.9615e-11
6.3788e-11,3.767e-11,9.862e-11
6.4092e-11,3.8807e-11,1.0314e-10
7.828e-11,4.9776e-11,5.1397e-11
7.2596e-11,3.7475e-11,5.42e-11
7.8958e-11,4.0674e-11,7.8137e-11
8.8337e-11,4.2835e-11,1.1685e-10
9.5625e-11,3.9441e-11,1.0102e-10
1.0427e-10,3.7582e-11,8.2339e-11
1.037e-10,4.1373e-11,7.5958e-11
1.0336e-10,4.2713e-11,1.0081e-10
1.223e-11,2.4119e-11,1.4762e-11
1.2708e-11,1.6339e-11,1.7425e-11
3.5216e-11,3.8833e-11,8.3394e-12
9.6337e-12,1.4355e-11,2.6349e-11
1.3145e-11,1.8998e-11,2.5841e-11
2.3633e-11,4.8776e-11,4.6085e-11
3.3326e-11,6.5018e-11,5.3979e-11
4.4768e-11,5.1907e-11,1.1294e-11
1.1843e-11,1.9521e-11,2.812e-11
7.8112e-11,9.3029e-11,2.5215e-11
1.9466e-11,2.1232e-11,6.131e-12
2.5178e-11,2.6457e-11,1.217e-11
1.4209e-11,1.6312e-11,1.4236e-11
1.3228e-11,1.554e-11,2.0419e-11
1.5979e-11,2.1218e-11,2.371e-11
1.2695e-11,1.6504e-11,1.1258e-11
2.2846e-11,5.532e-11,4.1368e-11
1.2704e-11,1.6418e-11,1.8619e-11
2.629e-11,3.1626e-11,2.1279e-11
2.0794e-11,1.7244e-11,1.1023e-11
3.2565e-11,5.925e-11,4.6667e-11
3.6644e-11,3.5816e-11,1.8908e-11
2.6534e-11,2.1874e-11,2.5544e-11
4.7847e-11,4.288e-11,2.1602e-11
6.9219e-11,5.9054e-11,3.3318e-11
3.5071e-11,3.7766e-11,4.8898e-11
3.0315e-11,2.0631e-11,1.8723e-11
5.3559e-11,6.1123e-11,6.9375e-11
5.605e-11,5.8688e-11,7.0471e-11
3.7638e-11,2.3701e-11,4.3035e-11
5.1388e-11,3.3824e-11,7.806e-11
4.8558e-11,3.2082e-11,7.3553e-11
5.3455e-11,3.7478e-11,3.1398e-11
4.1764e-11,2.4975e-11,5.9308e-11
4.8172e-11,3.3935e-11,7.5788e-11
7.0714e-11,4.806e-11,3.9845e-11
5.0118e-11,3.1746e-11,7.5023e-11
5.3368e-11,3.1425e-11,3.5193e-11
8.79e-11,4.9072e-11,5.8818e-11
7.9526e-11,3.8321e-11,1.0771e-10
8.8753e-11,3.9377e-11,1.1778e-10
1.6737e-11,1.7769e-11,9.6763e-12
3.0665e-11,3.2612e-11,7.6501e-12
2.5345e-11,2.2608e-11,6.042e-12
1.3584e-11,2.0615e-11,2.1001e-11
1.0797e-11,1.4859e-11,2.157e-11
1.8266e-11,2.4562e-11,1.8004e-11
1.4856e-11,1.6965e-11,1.1192e-11
1.6811e-11,2.2359e-11,1.5909e-11
1.6763e-11,1.6405e-11,1.4356e-11
1.9772e-11,7.3434e-11,5.7475e-11
1.9772e-11,1.5712e-11,1.9697e-11
1.1484e-11,1.9509e-11,1.4938e-11
3.8378e-11,4.0104e-11,1.1754e-11
1.3126e-11,1.8992e-11,2.9973e-11
6.6769e-11,7.1274e-11,2.1538e-11
2.5373e-11,3.3641e-11,1.703e-11
2.5125e-11,2.1708e-11,1.5549e-11
2.074e-11,1.692e-11,1.1376e-11
2.8965e-11,3.3521e-11,1.4423e-11
2.4113e-11,4.3047e-11,4.051e-11
2.4673e-11,1.9551e-11,1.3615e-11
4.6007e-11,4.4276e-11,2.3838e-11
1.7981e-11,2.7307e-11,3.3133e-11
4.597e-11,4.4057e-11,2.0793e-11
2.8706e-11,2.7887e-11,2.9977e-11
2.9496e-11,2.3737e-11,1.5998e-11
3.0173e-11,2.4141e-11,2.4607e-11
2.9216e-11,3.3171e-11,4.529e-11
6.9975e-11,6.4561e-11,3.625e-11
4.0768e-11,3.3533e-11,2.1164e-11
2.8358e-11,2.9497e-11,3.2016e-11
2.824e-11,2.2808e-11,3.0518e-11
3.5803e-11,2.7529e-11,4.9972e-11
3.603e-11,2.7446e-11,2.0556e-11
3.2476e-11,2.4628e-11,2.0229e-11
3.2104e-11,2.5393e-11,3.1762e-11
4.6169e-11,2.605e-11,5.9662e-11
3.7787e-11,2.3309e-11,4.7641e-11
5.1054e-11,3.3082e-11,7.6721e-11
5.0894e-11,2.8909e-11,6.0062e-11
6.4162e-11,3.8549e-11,1.0208e-10
6.7649e-11,3.7758e-11,8.7062e-11
7.5145e-11,4.1089e-11,1.0102e-10
8.552e-11,4.1521e-11,1.1083e-10
1.8336e-11,1.6349e-11,1.1538e-11
1.902e-11,2.2604e-11,1.2102e-11
1.3737e-11,2.7663e-11,1.834e-11
5.3838e-11,7.0275e-11,1.1242e-11
1.6309e-11,1.7415e-11,1.1276e-11
1.3634e-11,1.5938e-11,1.2402e-11
8.2108e-12,1.6911e-11,2.4468e-11
1.0382e-11,1.5056e-11,2.3327e-11
1.5001e-11,1.8617e-11,1.4044e-11
1.8572e-11,5.4653e-11,4.8145e-11
1.22e-11,1.3237e-11,1.7989e-11
1.2464e-11,1.7694e-11,2.0253e-11
1.3264e-11,1.4821e-11,2.1668e-11
1.6137e-11,1.7993e-11,2.8491e-11
6.8301e-11,6.3399e-11,2.5949e-11
1.662e-11,3.179e-11,3.4652e-11
1.7144e-11,1.9092e-11,2.0497e-11
1.7492e-11,1.9259e-11,1.9693e-11
3.7966e-11,3.4728e-11,1.9397e-11
2.4262e-11,2.239e-11,1.7895e-11
2.5902e-11,2.8633e-11,3.7018e-11
4.4363e-11,5.1301e-11,6.2561e-11
3.8688e-11,3.0015e-11,1.9254e-11
2.5539e-11,2.1426e-11,2.9897e-11
2.8321e-11,2.7857e-11,3.6052e-11
3.1663e-11,2.3097e-11,5.1675e-11
4.1857e-11,2.9381e-11,3.7227e-11
4.6146e-11,2.7739e-11,6.4838e-11
7.5096e-11,5.1947e-11,4.1187e-11
5.7739e-11,4.0263e-11,9.2869e-11
6.1516e-11,3.1286e-11,8.899e-11
5.2459e-11,3.1535e-11,6.1454e-11
5.7875e-11,2.9574e-11,7.4302e-11
5.3627e-11,3.4574e-11,7.2472e-11
5.8201e-11,3.9787e-11,7.1874e-11
6.6686e-11,3.5241e-11,8.4655e-11
6.2618e-11,3.9739e-11,7.1198e-11
7.5334e-11,3.9208e-11,9.9992e-11
8.0756e-11,4.03e-11,1.0199e-10
7.7839e-11,4.2407e-11,1.0221e-10
1.0312e-10,4.538e-11,7.3422e-11
9.5112e-11,4.3673e-11,9.73e-11
9.9474e-11,4.1036e-11,1.1521e-10
3.5465e-11,3.8845e-11,8.4553e-12
1.2046e-11,1.7363e-11,1.3519e-11
1.0752e-11,1.358e-11,9.9438e-12
2.0419e-11,1.9031e-11,1.5767e-11
1.9374e-11,1.9022e-11,1.5511e-11
1.5965e-11,1.7403e-11,1.3733e-11
1.2013e-11,1.3751e-11,8.4092e-12
1.2301e-11,1.6309e-11,1.9081e-11
1.6064e-11,2.2484e-11,2.8201e-11
1.7964e-11,6.1033e-11,5.2031e-11
1.6882e-11,1.9692e-11,1.4755e-11
1.155e-11,2.0614e-11,1.9497e-11
2.0355e-11,2.2611e-11,2.3902e-11
9.7534e-12,1.3749e-11,1.3237e-11
2.7871e-11,3.0477e-11,1.7905e-11
1.3276e-11,1.6925e-11,1.6199e-11
2.0642e-11,1.772e-11,1.2836e-11
4.3059e-11,9.7774e-11,8.3321e-11
1.9258e-11,1.789e-11,1.6598e-11
2.6696e-11,2.3888e-11,1.7152e-11
2.3048e-11,2.682e-11,4.046e-11
2.4676e-11,2.5701e-11,4.1672e-11
2.5974e-11,2.2288e-11,3.1125e-11
4.2131e-11,3.2298e-11,2.3378e-11
3.9914e-11,3.0242e-11,2.4095e-11
3.3189e-11,2.4327e-11,3.4359e-11
5.5004e-11,4.1067e-11,2.8973e-11
5.2912e-11,3.6829e-11,3.2039e-11
4.1054e-11,2.689e-11,3.037e-11
4.0412e-11,2.6007e-11,3.0414e-11
5.48e-11,3.4697e-11,8.8074e-11
7.615e-11,4.9789e-11,4.3098e-11
4.8346e-11,3.8386e-11,6.0451e-11
1.0958e-10,4.5905e-11,7.9979e-11
2.9633e-11,2.6966e-11,7.8476e-12
2.623e-11,2.3816e-11,5.1224e-12
1.3368e-11,1.6403e-11,1.5813e-11
1.9553e-11,1.8849e-11,1.893e-11
1.0904e-11,1.6375e-11,2.035e-11
1.862e-11,1.8371e-11,8.6159e-12
1.8873e-11,2.0539e-11,1.671e-11
1.6814e-11,2.4689e-11,2.4337e-11
1.786e-11,1.4566e-11,1.5635e-11
2.3011e-11,3.3623e-11,3.4931e-11
1.8721e-11,7.367e-11,5.7972e-11
7.9957e-11,8.927e-11,2.6954e-11
4.5717e-11,4.394e-11,2.452e-11
3.3772e-11,8.0733e-11,6.5857e-11
2.9009e-11,3.4328e-11,4.085e-11
8.7155e-11,7.8678e-11,3.4563e-11
2.3277e-11,2.7784e-11,2.7854e-11
1.9175e-11,1.9368e-11,1.7395e-11
3.6317e-11,6.1015e-11,5.7193e-11
1.9071e-11,1.8844e-11,1.7221e-11
4.4947e-11,8.0105e-11,7.294e-11
6.4408e-11,5.776e-11,2.9557e-11
2.3956e-11,2.0134e-11,1.8281e-11
6.4456e-11,5.7421e-11,2.9712e-11
4.3996e-11,4.0312e-11,2.8377e-11
4.0438e-11,4.0771e-11,6.0787e-11
3.9958e-11,3.1201e-11,5.7879e-11
5.6582e-11,4.1602e-11,2.8296e-11
7.1249e-11,5.5292e-11,3.9453e-11
3.2111e-11,2.8095e-11,3.8142e-11
4.5872e-11,4.0789e-11,5.5324e-11
6.6726e-11,3.6805e-11,9.6116e-11
5.8152e-11,4.04e-11,7.044e-11
7.72e-11,4.0217e-11,1.0023e-10
7.9183e-11,4.2584e-11,9.829e-11
9.7265e-12,1.3195e-11,1.026e-11
1.5296e-11,1.9951e-11,1.3161e-11
9.4659e-12,1.536e-11,2.3154e-11
6.5491e-11,8.9479e-11,1.4965e-11
1.193e-11,1.3735e-11,1.5272e-11
9.5882e-12,1.4127e-11,1.0191e-11
1.1454e-11,1.6172e-11,1.5362e-11
1.2549e-11,1.8318e-11,1.225e-11
1.3006e-11,1.5417e-11,1.1362e-11
1.7792e-11,1.6146e-11,1.9749e-11
5.4892e-11,6.5294e-11,1.1809e-11
1.8622e-11,1.5458e-11,6.6053e-12
1.1109e-11,1.73e-11,2.0848e-11
7.7373e-11,9.0442e-11,2.2018e-11
1.6753e-11,2.2227e-11,2.0703e-11
2.2448e-11,4.5884e-11,4.5083e-11
1.9126e-11,2.8264e-11,2.7822e-11
1.4712e-11,1.8606e-11,2.0814e-11
3.1678e-11,3.2767e-11,2.0266e-11
2.5791e-11,4.8261e-11,4.18e-11
3.3689e-11,2.8814e-11,2.0853e-11
3.212e-11,5.0895e-11,5.0554e-11
3.2522e-11,2.5049e-11,3.4633e-11
4.377e-11,3.1549e-11,6.4182e-11
3.3789e-11,2.7572e-11,3.4861e-11
5.5976e-11,3.5958e-11,8.4876e-11
5.3548e-11,3.5989e-11,3.273e-11
5.8388e-11,3.338e-11,8.4751e-11
8.001e-11,5.6118e-11,4.7596e-11
5.4392e-11,3.9284e-11,6.5826e-11
5.7794e-11,3.725e-11,7.3495e-11
7.2436e-11,4.0221e-11,1.0201e-10
7.9633e-11,4.0929e-11,8.8823e-11
2.4864e-11,2.3057e-11,2.8213e-12
1.2101e-11,1.4839e-11,1.2201e-11
1.1645e-11,1.2457e-11,1.4613e-11
1.517e-11,2.0756e-11,1.1762e-11
1.1668e-11,1.3603e-11,1.4338e-11
1.3901e-11,1.5822e-11,1.4902e-11
3.3117e-11,3.8101e-11,7.9265e-12
9.5089e-12,1.5904e-11,1.1022e-11
1.7276e-11,1.8214e-11,1.4212e-11
1.0347e-11,1.8564e-11,1.4419e-11
3.0288e-11,3.6898e-11,9.2626e-12
1.7319e-11,2.3285e-11,1.7512e-11
1.2876e-11,2.0311e-11,2.5293e-11
6.5553e-11,8.0098e-11,1.5126e-11
7.2403e-11,8.3729e-11,1.826e-11
9.5312e-12,2.5835e-11,3.3431e-11
2.0883e-11,1.7294e-11,9.9403e-12
1.6532e-11,2.0794e-11,1.8126e-11
1.522e-11,1.843e-11,1.3006e-11
2.0142e-11,2.0712e-11,1.2095e-11
1.9202e-11,2.4929e-11,2.6791e-11
1.9684e-11,2.1763e-11,1.2445e-11
2.2043e-11,3.9457e-11,3.6522e-11
2.1325e-11,1.9948e-11,1.4997e-11
2.9097e-11,2.3673e-11,1.4561e-11
1.6323e-11,1.9522e-11,1.5651e-11
1.8492e-11,3.0827e-11,3.4413e-11
2.7733e-11,4.7869e-11,4.6702e-11
3.8208e-11,9.2874e-11,8.0881e-11
3.4821e-11,5.7517e-11,5.4833e-11
2.7118e-11,2.314e-11,1.5046e-11
2.1145e-11,2.1514e-11,3.1257e-11
2.7115e-11,4.5323e-11,4.7533e-11
4.4421e-11,7.9525e-11,8.2376e-11
7.9269e-11,7.2505e-11,3.4415e-11
2.4013e-11,2.2843e-11,3.3052e-11
2.6489e-11,3.0287e-11,4.4111e-11
2.3475e-11,2.5555e-11,2.5113e-11
2.7356e-11,2.6526e-11,3.2721e-11
2.7993e-11,2.2373e-11,4.5702e-11
5.3032e-11,4.8459e-11,7.6964e-11
6.5416e-11,5.4418e-11,3.088e-11
3.3073e-11,3.322e-11,3.5817e-11
6.7688e-11,5.1214e-11,3.5243e-11
3.6247e-11,3.2742e-11,4.1005e-11
5.2155e-11,3.1138e-11,7.6499e-11
4.6196e-11,3.0278e-11,4.8825e-11
5.182e-11,3.524e-11,5.9567e-11
7.4234e-11,4.9558e-11,4.4987e-11
6.3651e-11,3.8094e-11,9.1177e-11
6.3837e-11,3.9427e-11,4.6548e-11
8.5941e-11,4.8478e-11,9.9482e-11
1.0048e-10,4.8373e-11,7.4924e-11
9.6603e-11,4.4749e-11,7.5859e-11
1.2641e-11,1.8964e-11,1.0728e-11
1.8008e-11,1.8198e-11,1.1045e-11
6.6829e-11,9.2218e-11,1.6009e-11
1.6486e-11,2.0426e-11,2.0409e-11
4.9463e-11,5.8369e-11,6.9114e-12
1.3759e-11,2.0107e-11,1.2724e-11
8.4129e-12,1.8076e-11,2.2397e-11
2.7914e-11,2.8696e-11,1.3699e-11
3.0323e-11,3.6389e-11,9.2669e-12
1.5839e-11,2.1425e-11,1.0518e-11
1.4527e-11,1.6071e-11,1.1393e-11
1.9388e-11,6.9554e-11,6.3752e-11
1.418e-11,1.8697e-11,1.3078e-11
1.238e-11,1.8962e-11,1.3918e-11
1.4001e-11,2.1121e-11,2.114e-11
2.4381e-11,5.084e-11,4.7312e-11
2.3466e-11,2.368e-11,1.1506e-11
2.6772e-11,2.7967e-11,1.3319e-11
2.4815e-11,7.5501e-11,6.4066e-11
2.0714e-11,3.7844e-11,3.8303e-11
2.8e-11,6.5325e-11,5.9936e-11
1.9875e-11,1.7808e-11,2.3835e-11
2.6728e-11,2.0687e-11,3.0285e-11
2.1974e-11,1.9328e-11,2.5274e-11
2.1584e-11,3.2263e-11,3.4016e-11
4.0892e-11,7.0753e-11,6.7925e-11
1.9631e-11,2.3872e-11,1.9048e-11
2.3429e-11,2.7458e-11,4.0877e-11
3.0936e-11,2.5052e-11,3.4302e-11
3.339e-11,2.596e-11,4.9459e-11
3.593e-11,2.2025e-11,5.0155e-11
3.4255e-11,2.6025e-11,3.2352e-11
7.168e-11,5.8726e-11,3.6555e-11
6.0154e-11,5.0722e-11,8.4926e-11
4.1293e-11,2.5086e-11,4.1761e-11
7.0931e-11,5.302e-11,3.7887e-11
7.8558e-11,6.1097e-11,4.4613e-11
5.5209e-11,3.9543e-11,4.5123e-11
6.6145e-11,3.921e-11,9.447e-11
6.7241e-11,4.0382e-11,9.791e-11
7.9681e-11,4.1888e-11,1.0081e-10
8.5595e-11,4.2975e-11,9.2182e-11
9.4916e-11,4.7211e-11,8.6977e-11
8.9782e-11,4.5496e-11,9.7872e-11
1.6152e-11,1.9781e-11,1.1377e-11
3.9649e-11,4.1428e-11,8.8568e-12
2.5891e-11,2.5082e-11,3.4607e-12
1.2654e-11,1.7838e-11,1.0729e-11
1.5003e-11,1.4974e-11,1.4354e-11
1.7764e-11,2.2861e-11,1.5101e-11
1.2905e-11,1.498e-11,1.6245e-11
5.9206e-11,6.9117e-11,9.4159e-12
3.3996e-11,3.4653e-11,1.1933e-11
1.4377e-11,2.0295e-11,1.3756e-11
1.0388e-11,2.6147e-11,3.3714e-11
3.0532e-11,3.6642e-11,1.5993e-11
1.5454e-11,1.937e-11,1.4055e-11
2.0946e-11,8.2706e-11,7.0355e-11
8.1749e-11,9.0177e-11,2.8091e-11
2.3306e-11,2.6804e-11,1.2486e-11
2.3807e-11,3.8215e-11,4.3322e-11
7.126e-11,7.4143e-11,2.0783e-11
2.6767e-11,7.7979e-11,6.9472e-11
1.8507e-11,2.6873e-11,3.3643e-11
1.7779e-11,2.384e-11,1.7591e-11
1.9651e-11,1.8946e-11,2.4887e-11
2.0607e-11,1.8495e-11,2.4852e-11
2.6376e-11,4.1653e-11,4.6351e-11
2.3806e-11,2.3184e-11,1.6652e-11
2.0668e-11,2.1619e-11,2.5725e-11
2.2778e-11,3.6414e-11,3.137e-11
2.563e-11,2.3881e-11,1.7625e-11
7.4893e-11,6.5057e-11,3.2642e-11
2.74e-11,2.3092e-11,2.2098e-11
7.8268e-11,7.0967e-11,3.8099e-11
2.8594e-11,2.6842e-11,3.4621e-11
2.9236e-11,2.5161e-11,3.5562e-11
3.3549e-11,2.6341e-11,4.5459e-11
3.1918e-11,2.6045e-11,4.9269e-11
3.4373e-11,2.7555e-11,3.1131e-11
3.8346e-11,2.7877e-11,2.6908e-11
3.5235e-11,2.7671e-11,3.109e-11
5.8329e-11,4.4622e-11,3.2427e-11
5.5477e-11,4.4224e-11,8.4008e-11
4.9876e-11,3.105e-11,6.4361e-11
4.7602e-11,2.8792e-11,5.8653e-11
7.0452e-11,5.2342e-11,4.0078e-11
6.0086e-11,3.8675e-11,8.7466e-11
7.9094e-11,5.2688e-11,4.9631e-11
5.7133e-11,3.7732e-11,8.2735e-11
8.2845e-11,5.0592e-11,5.056e-11
6.7041e-11,4.0065e-11,4.9849e-11
7.2001e-11,3.8361e-11,7.9808e-11
7.3555e-11,4.2022e-11,6.9427e-11
1.0029e-10,5.0201e-11,7.5656e-11
1.5891e-11,2.2194e-11,1.0962e-11
1.4622e-11,1.8613e-11,1.1029e-11
1.1428e-11,1.4038e-11,1.4908e-11
1.0793e-11,1.6125e-11,1.4698e-11
1.0528e-11,1.511e-11,1.2416e-11
6.3767e-11,7.6346e-11,1.2698e-11
1.7586e-11,6.2533e-11,6.0784e-11
5.0455e-11,5.6468e-11,1.9664e-11
1.6127e-11,3.0086e-11,2.9621e-11
2.7516e-11,3.3121e-11,1.4721e-11
2.3736e-11,7.47e-11,6.5595e-11
4.0293e-11,5.1799e-11,2.1612e-11
2.0703e-11,2.4659e-11,2.4368e-11
1.7466e-11,2.2766e-11,1.8304e-11
1.9904e-11,2.5215e-11,2.9983e-11
3.4981e-11,2.8145e-11,1.9256e-11
1.9529e-11,2.4473e-11,2.0243e-11
2.4963e-11,1.9568e-11,2.562e-11
2.5443e-11,1.9275e-11,2.5861e-11
2.5159e-11,1.9402e-11,2.7215e-11
4.7831e-11,4.077e-11,2.6983e-11
5.1315e-11,4.3024e-11,2.9226e-11
6.2289e-11,5.146e-11,3.2821e-11
3.9739e-11,2.7417e-11,3.7053e-11
5.823e-11,5.7946e-11,8.538e-11
3.6496e-11,3.5289e-11,5.834e-11
3.7837e-11,2.8365e-11,3.577e-11
6.1391e-11,4.7519e-11,3.5243e-11
5.2895e-11,3.7462e-11,5.419e-11
7.9568e-11,5.0536e-11,4.8622e-11
7.3039e-11,3.8596e-11,9.4322e-11
7.9122e-11,4.5485e-11,1.0011e-10
1.9701e-11,2.4359e-11,2.1369e-11
1.512e-11,1.9727e-11,1.8237e-11
3.6018e-11,4.034e-11,1.3717e-11
9.5376e-12,1.6054e-11,1.4455e-11
1.6645e-11,3.1064e-11,4.0255e-11
5.6631e-11,6.6376e-11,6.49e-12
5.3256e-11,6.3013e-11,9.4807e-12
1.727e-11,2.8091e-11,3.1792e-11
2.1417e-11,5.9127e-11,5.8528e-11
1.8235e-11,2.6777e-11,3.3516e-11
1.7781e-11,4.7447e-11,4.7911e-11
1.8588e-11,2.7374e-11,2.484e-11
6.5234e-11,6.9653e-11,1.7161e-11
2.0523e-11,2.1615e-11,1.3974e-11
3.2205e-11,2.9158e-11,1.5324e-11
7.5882e-11,7.9132e-11,2.4193e-11
1.7202e-11,1.8875e-11,1.6746e-11
1.9676e-11,4.2131e-11,4.8061e-11
6.9792e-11,7.3716e-11,2.6343e-11
1.7873e-11,2.6582e-11,1.6859e-11
2.2079e-11,2.3467e-11,2.6179e-11
1.9492e-11,1.6364e-11,2.2098e-11
3.9089e-11,4.8103e-11,6.5265e-11
4.5822e-11,3.6654e-11,2.621e-11
3.5474e-11,2.4179e-11,3.4311e-11
3.6426e-11,3.4806e-11,5.7701e-11
3.655e-11,2.7227e-11,3.2885e-11
6.1537e-11,5.5768e-11,8.8036e-11
4.217e-11,3.5016e-11,6.095e-11
5.8933e-11,4.0814e-11,8.7936e-11
4.7178e-11,3.5027e-11,4.8927e-11
6.6985e-11,4.0424e-11,9.0978e-11
8.7056e-11,5.4082e-11,5.4906e-11
8.3061e-11,5.6626e-11,9.1326e-11
9.9904e-11,4.8708e-11,1.0147e-10
9.9304e-11,5.4274e-11,1.0165e-10
4.2017e-11,4.3251e-11,7.1242e-12
1.5711e-11,2.0793e-11,1.3163e-11
1.4625e-11,1.7935e-11,1.3809e-11
1.9976e-11,2.1299e-11,1.2635e-11
2.069e-11,1.8484e-11,2.0384e-11
1.8214e-11,1.575e-11,1.4342e-11
1.7578e-11,3.1191e-11,4.0226e-11
1.7212e-11,2.3466e-11,1.388e-11
1.6072e-11,2.7554e-11,2.7239e-11
1.6304e-11,1.8348e-11,1.4275e-11
1.8995e-11,2.355e-11,1.851e-11
1.4114e-11,1.4393e-11,1.123e-11
1.3845e-11,1.7507e-11,1.162e-11
2.0137e-11,2.2392e-11,1.5475e-11
7.7313e-11,8.2921e-11,2.5009e-11
2.764e-11,2.346e-11,1.367e-11
1.693e-11,2.8032e-11,3.0789e-11
3.2872e-11,3.048e-11,1.6615e-11
8.1526e-11,8.1169e-11,3.1085e-11
2.0449e-11,3.0944e-11,3.7262e-11
2.0436e-11,2.4221e-11,1.9449e-11
2.6611e-11,4.3764e-11,4.7284e-11
4.9363e-11,5.1695e-11,2.3257e-11
2.5965e-11,2.548e-11,1.6983e-11
2.0805e-11,2.6425e-11,3.1792e-11
2.3964e-11,3.0117e-11,3.3398e-11
4.4509e-11,3.9999e-11,2.3949e-11
2.7774e-11,2.7666e-11,2.212e-11
5.2129e-11,4.4643e-11,2.7636e-11
2.6032e-11,2.1261e-11,3.144e-11
7.9791e-11,7.8458e-11,3.7345e-11
3.6112e-11,3.2898e-11,5.207e-11
4.0949e-11,4.4193e-11,6.2834e-11
3.5001e-11,3.1619e-11,3.7454e-11
3.8332e-11,3.4205e-11,5.8105e-11
5.8578e-11,4.3918e-11,3.7556e-11
8.7856e-11,5.3716e-11,5.5509e-11
7.9981e-11,4.8651e-11,6.1575e-11
7.2364e-11,4.8018e-11,7.9289e-11
8.9479e-11,4.9295e-11,6.5673e-11
1.9986e-11,2.3265e-11,1.3365e-11
1.6774e-11,2.0472e-11,1.0889e-11
1.8521e-11,2.3984e-11,1.1935e-11
1.2237e-11,1.833e-11,1.1658e-11
1.442e-11,1.5695e-11,1.0939e-11
1.5756e-11,1.9575e-11,1.5716e-11
1.2485e-11,1.5202e-11,9.7502e-12
1.1476e-11,2.1611e-11,1.9729e-11
1.1361e-11,2.0003e-11,1.9528e-11
1.9138e-11,3.0674e-11,3.5978e-11
1.8435e-11,1.7568e-11,2.0716e-11
2.2922e-11,7.7322e-11,7.5162e-11
1.3215e-11,2.5333e-11,2.5229e-11
1.6525e-11,1.5757e-11,1.4918e-11
2.2106e-11,2.4031e-11,9.2694e-12
1.4855e-11,1.6021e-11,1.7963e-11
1.5848e-11,5.0873e-11,5.271e-11
7.5671e-11,7.5468e-11,2.6889e-11
2.3295e-11,2.2313e-11,2.3083e-11
1.9389e-11,1.991e-11,2.0688e-11
2.0432e-11,3.2446e-11,1.805e-11
2.7404e-11,2.3211e-11,2.4928e-11
1.912e-11,2.1647e-11,1.8189e-11
2.2607e-11,2.4513e-11,2.0799e-11
4.5735e-11,3.7945e-11,2.8633e-11
2.5075e-11,2.1057e-11,2.5978e-11
2.9026e-11,2.7194e-11,2.3292e-11
7.8478e-11,7.2702e-11,3.4596e-11
5.151e-11,4.5435e-11,2.6345e-11
4.3572e-11,3.6051e-11,2.362e-11
3.3007e-11,3.2492e-11,4.6059e-11
2.8808e-11,2.3829e-11,2.3885e-11
3.4131e-11,2.8193e-11,3.4019e-11
5.4334e-11,5.0748e-11,8.1824e-11
3.816e-11,3.6605e-11,5.2365e-11
5.8115e-11,4.4683e-11,3.533e-11
4.3258e-11,3.2798e-11,4.0923e-11
8.5892e-11,5.1632e-11,5.8113e-11
9.0847e-11,5.4649e-11,8.6963e-11
4.8403e-11,5.1276e-11,4.1594e-12
2.409e-11,1.9517e-11,1.1319e-11
1.2152e-11,1.6869e-11,1.2567e-11
1.3728e-11,2.4501e-11,2.6332e-11
1.9475e-11,2.6214e-11,1.1818e-11
1.6098e-11,2.3898e-11,2.7869e-11
1.4554e-11,1.5844e-11,1.3531e-11
1.4109e-11,2.6235e-11,2.9554e-11
1.2488e-11,1.793e-11,1.4241e-11
1.7e-11,1.7683e-11,1.5209e-11
2.3849e-11,2.4143e-11,1.2003e-11
1.3826e-11,2.5191e-11,3.1117e-11
2.0677e-11,7.4044e-11,6.7874e-11
1.1884e-11,1.5861e-11,1.1186e-11
1.6715e-11,1.6945e-11,1.6517e-11
1.9056e-11,3.6329e-11,4.3595e-11
4.8168e-11,6.1527e-11,1.7625e-11
3.4681e-11,4.485e-11,1.6529e-11
2.5638e-11,4.1992e-11,5.7423e-11
4.7364e-11,5.3878e-11,2.6724e-11
4.8848e-11,5.7851e-11,2.6527e-11
4.538e-11,5.0694e-11,2.6575e-11
1.855e-11,2.0311e-11,1.852e-11
1.7907e-11,1.9326e-11,1.7712e-11
2.125e-11,4.8552e-11,5.3868e-11
2.5144e-11,1.9165e-11,1.6355e-11
2.2912e-11,1.9767e-11,1.7529e-11
2.3089e-11,2.5145e-11,2.0308e-11
2.1449e-11,1.9191e-11,2.2506e-11
2.5112e-11,3.6085e-11,3.1935e-11
2.3739e-11,3.0818e-11,3.1492e-11
2.3073e-11,2.1949e-11,1.7159e-11
2.6155e-11,4.3028e-11,5.1521e-11
2.7358e-11,2.7403e-11,2.2582e-11
2.7183e-11,3.4109e-11,4.6187e-11
2.7388e-11,2.77e-11,2.0859e-11
2.8465e-11,2.7967e-11,2.4713e-11
3.4754e-11,2.5365e-11,3.4158e-11
4.9351e-11,3.7929e-11,6.9078e-11
6.1158e-11,5.7757e-11,9.0546e-11
4.4683e-11,3.8177e-11,3.4723e-11
4.2412e-11,2.8195e-11,4.6023e-11
5.2017e-11,3.2184e-11,6.9209e-11
5.0177e-11,3.5711e-11,7.2614e-11
6.3403e-11,4.1318e-11,8.6523e-11
7.0263e-11,4.4444e-11,9.3863e-11
6.6035e-11,4.7547e-11,5.0125e-11
7.5025e-11,4.57e-11,9.3141e-11
9.1692e-11,5.3395e-11,9.7497e-11
1.8258e-11,2.5608e-11,1.1538e-11
3.3145e-11,3.4807e-11,7.3247e-12
1.6107e-11,1.8369e-11,1.4717e-11
2.4155e-11,2.8344e-11,1.4821e-11
1.7355e-11,2.1752e-11,2.0884e-11
8.5269e-12,1.6036e-11,1.0682e-11
4.0739e-11,4.5335e-11,9.8754e-12
1.7928e-11,2.2402e-11,1.4455e-11
1.6207e-11,1.8874e-11,1.4411e-11
1.7218e-11,7.0227e-11,6.5419e-11
3.5493e-11,4.3032e-11,1.1386e-11
1.8121e-11,1.738e-11,1.2373e-11
1.3387e-11,2.0689e-11,1.6966e-11
1.0213e-11,2.4104e-11,2.7053e-11
1.0591e-11,1.722e-11,1.2174e-11
2.1343e-11,2.3515e-11,1.3625e-11
1.5617e-11,1.7731e-11,1.4702e-11
1.781e-11,2.0577e-11,2.3994e-11
1.9904e-11,3.5738e-11,4.2258e-11
2.3929e-11,2.5771e-11,1.6081e-11
1.765e-11,3.3981e-11,3.5936e-11
1.8644e-11,5.5779e-11,5.8101e-11
2.3658e-11,2.3615e-11,2.4949e-11
2.2149e-11,3.2185e-11,3.1848e-11
2.1084e-11,3.639e-11,4.0743e-11
2.3541e-11,2.5553e-11,2.0152e-11
2.5565e-11,2.0236e-11,1.7764e-11
2.076e-11,2.1332e-11,2.2059e-11
2.3326e-11,2.4183e-11,2.4776e-11
2.3418e-11,3.105e-11,3.9968e-11
2.4208e-11,2.529e-11,2.7943e-11
2.3236e-11,2.0847e-11,2.4304e-11
5.4353e-11,5.1041e-11,2.7685e-11
3.4773e-11,3.3928e-11,2.2087e-11
2.9605e-11,2.7468e-11,2.6543e-11
4.7663e-11,5.8932e-11,7.7037e-11
5.5845e-11,6.256e-11,8.5302e-11
5.5658e-11,5.3874e-11,8.4884e-11
4.6424e-11,3.6522e-11,6.8527e-11
4.6402e-11,3.3875e-11,5.8664e-11
5.6018e-11,4.7387e-11,8.5006e-11
7.339e-11,5.0821e-11,6.5697e-11
9.1907e-11,5.6235e-11,6.1982e-11
8.1063e-11,5.3243e-11,6.0176e-11
7.5067e-11,5.4891e-11,7.3053e-11
1.0557e-11,2.2621e-11,1.34e-11
1.205e-11,1.881e-11,1.3435e-11
3.1523e-11,3.6868e-11,8.281e-12
2.2456e-11,2.9437e-11,1.2936e-11
1.1903e-11,1.876e-11,1.2758e-11
2.228e-11,2.4363e-11,1.5462e-11
1.4975e-11,1.6755e-11,1.2121e-11
3.0068e-11,3.7368e-11,9.4422e-12
1.9948e-11,2.6062e-11,1.7649e-11
4.0027e-11,4.8286e-11,1.6533e-11
4.7816e-11,6.4513e-11,1.2232e-11
1.9297e-11,2.9439e-11,1.5844e-11
3.6073e-11,5.0068e-11,1.4012e-11
2.1497e-11,2.2687e-11,2.4103e-11
2.278e-11,2.7869e-11,2.0953e-11
2.2518e-11,2.7411e-11,2.0335e-11
5.6161e-11,6.9303e-11,2.3339e-11
4.311e-11,5.2613e-11,2.341e-11
3.9895e-11,4.6469e-11,2.383e-11
2.4211e-11,4.3091e-11,5.6186e-11
2.1119e-11,2.3937e-11,1.7402e-11
4.7486e-11,5.4062e-11,2.3357e-11
2.212e-11,3.0332e-11,3.2305e-11
2.4267e-11,2.0415e-11,1.6296e-11
2.0479e-11,2.1574e-11,2.031e-11
2.1201e-11,2.2565e-11,2.1148e-11
6.86e-11,7.2425e-11,3.0469e-11
2.7455e-11,2.8896e-11,2.0175e-11
5.3691e-11,5.0141e-11,2.6757e-11
4.2412e-11,3.3373e-11,2.5181e-11
3.6529e-11,3.5652e-11,4.6189e-11
3.7524e-11,3.2317e-11,4.3047e-11
4.0353e-11,2.9299e-11,3.4964e-11
4.8961e-11,3.4932e-11,6.6818e-11
4.4382e-11,2.97e-11,4.9676e-11
4.8119e-11,3.5267e-11,5.7827e-11
5.12e-11,4.365e-11,7.1035e-11
6.7468e-11,4.2881e-11,4.6374e-11
8.0561e-11,5.0806e-11,5.8209e-11
7.8409e-11,5.628e-11,6.8394e-11
4.4131e-11,4.7723e-11,4.1933e-12
1.588e-11,1.9205e-11,1.4953e-11
1.2699e-11,2.5785e-11,2.5253e-11
1.7227e-11,1.907e-11,1.3193e-11
2.6642e-11,2.5475e-11,1.0697e-11
2.1518e-11,2.7778e-11,2.7489e-11
9.9472e-12,2.1644e-11,1.7964e-11
1.0073e-11,2.1562e-11,1.7001e-11
1.5102e-11,1.7633e-11,1.2173e-11
1.4381e-11,2.834e-11,2.7428e-11
1.2033e-11,2.4105e-11,2.1517e-11
1.8828e-11,7.3425e-11,6.8599e-11
2.2115e-11,2.5475e-11,1.3598e-11
1.5339e-11,1.7401e-11,1.1964e-11
3.1115e-11,3.0524e-11,1.9706e-11
2.1243e-11,5.5796e-11,5.6348e-11
2.0769e-11,5.6532e-11,5.8162e-11
2.2532e-11,2.3286e-11,2.4028e-11
4.6735e-11,5.5282e-11,2.3497e-11
2.3857e-11,2.1672e-11,2.41e-11
2.2987e-11,2.0612e-11,2.1105e-11
3.4878e-11,5.7229e-11,6.5525e-11
2.3453e-11,2.7961e-11,2.7233e-11
6.6579e-11,6.4934e-11,3.1673e-11
3.5374e-11,3.1016e-11,4.5859e-11
4.0564e-11,3.583e-11,3.288e-11
5.0679e-11,6.2209e-11,8.0636e-11
3.8021e-11,2.7171e-11,3.1636e-11
4.3222e-11,3.0492e-11,5.1693e-11
6.99e-11,5.4763e-11,4.2023e-11
4.1124e-11,2.8277e-11,4.3829e-11
5.5437e-11,4.2874e-11,3.4464e-11
5.1037e-11,3.7946e-11,4.9307e-11
5.8145e-11,4.126e-11,8.1781e-11
5.7707e-11,4.3613e-11,8.0776e-11
8.2441e-11,5.8473e-11,5.7725e-11
7.5537e-11,4.7147e-11,5.3484e-11
7.4375e-11,5.2171e-11,7.2077e-11
7.8506e-11,5.4017e-11,7.5235e-11
8.5371e-11,5.73e-11,8.0879e-11
1.2143e-11,1.9313e-11,1.7792e-11
1.5893e-11,1.8012e-11,1.1465e-11
1.1513e-11,1.9921e-11,1.1665e-11
1.4344e-11,1.9715e-11,1.2459e-11
1.8675e-11,2.071e-11,1.5439e-11
5.0499e-11,6.0859e-11,8.7576e-12
1.3935e-11,2.4106e-11,1.4783e-11
4.5059e-11,5.3467e-11,1.6493e-11
1.7033e-11,1.9358e-11,1.5935e-11
1.8045e-11,7.0349e-11,6.7227e-11
2.5577e-11,2.7373e-11,1.1089e-11
1.0786e-11,1.7633e-11,1.1866e-11
1.6776e-11,1.9844e-11,1.8607e-11
2.0434e-11,5.1869e-11,5.1016e-11
2.0945e-11,4.3408e-11,4.5878e-11
2.1322e-11,3.9549e-11,4.5684e-11
2.0277e-11,2.0381e-11,1.6269e-11
1.9359e-11,2.1988e-11,1.7428e-11
2.5629e-11,3.6664e-11,4.0839e-11
1.8655e-11,2.6755e-11,1.6004e-11
1.744e-11,2.0256e-11,1.8424e-11
3.3155e-11,3.2243e-11,1.9651e-11
2.1762e-11,2.3746e-11,2.0494e-11
3.0371e-11,6.7329e-11,7.1341e-11
3.3792e-11,5.6777e-11,6.3048e-11
3.6257e-11,3.3405e-11,4.4558e-11
3.7147e-11,3.2725e-11,2.4457e-11
5.8931e-11,4.4191e-11,3.806e-11
5.622e-11,4.5216e-11,3.3926e-11
6.9977e-11,4.7532e-11,4.4593e-11
6.3978e-11,4.2204e-11,6.2674e-11
7.0892e-11,4.3432e-11,6.7266e-11
7.724e-11,4.9229e-11,9.4775e-11
8.5452e-11,5.2321e-11,8.1989e-11
1.4844e-11,2.3706e-11,2.0604e-11
1.2513e-11,2.5439e-11,2.0946e-11
1.6145e-11,1.7464e-11,1.0402e-11
1.7008e-11,2.2023e-11,1.9888e-11
1.0474e-11,3.0514e-11,3.337e-11
1.5883e-11,2.9625e-11,2.9577e-11
1.7058e-11,2.3787e-11,1.8914e-11
2.0267e-11,3.0718e-11,3.0447e-11
2.7794e-11,3.5936e-11,2.6465e-11
2.0134e-11,2.3408e-11,2.8012e-11
2.648e-11,7.6979e-11,8.0059e-11
6.1598e-11,6.5863e-11,3.0845e-11
2.9057e-11,4.0797e-11,4.2498e-11
2.1675e-11,2.4429e-11,1.9529e-11
3.6533e-11,3.3087e-11,2.3858e-11
3.457e-11,2.9196e-11,3.9646e-11
4.089e-11,3.493e-11,4.4822e-11
7.2588e-11,5.9193e-11,4.3545e-11
4.8214e-11,3.4458e-11,3.749e-11
7.2035e-11,5.5322e-11,4.5132e-11
6.7155e-11,4.6397e-11,8.8487e-11
7.0766e-11,4.5804e-11,9.2169e-11
7.7926e-11,5.0771e-11,5.0461e-11
8.8403e-11,5.5049e-11,5.7909e-11
7.9714e-11,5.0907e-11,7.8807e-11
2.9126e-11,2.6378e-11,1.5518e-11
4.4319e-11,5.1062e-11,8.2541e-12
1.4763e-11,1.812e-11,1.3337e-11
9.5504e-12,2.8285e-11,2.4585e-11
1.2689e-11,2.8177e-11,3.0054e-11
1.4402e-11,2.7576e-11,2.5979e-11
1.1069e-11,2.9461e-11,2.4239e-11
2.1677e-11,5.6978e-11,5.6227e-11
1.6348e-11,2.2572e-11,1.8987e-11
1.8379e-11,7.4326e-11,7.1875e-11
2.4254e-11,3.7089e-11,1.8761e-11
1.8475e-11,2.2749e-11,2.1308e-11
3.9926e-11,5.6726e-11,1.6636e-11
4.8218e-11,6.6529e-11,1.9227e-11
2.3536e-11,7.9888e-11,7.2187e-11
6.7117e-11,8.1712e-11,2.1033e-11
3.0055e-11,3.175e-11,1.7168e-11
1.8754e-11,3.9117e-11,4.38e-11
2.0985e-11,4.1736e-11,4.7033e-11
1.9224e-11,3.0473e-11,2.6246e-11
2.5892e-11,3.2407e-11,1.8481e-11
2.3837e-11,3.4742e-11,3.0951e-11
4.7906e-11,5.5643e-11,3.0822e-11
5.6151e-11,6.6081e-11,2.6787e-11
2.9271e-11,7.1973e-11,7.2793e-11
2.6561e-11,3.8667e-11,3.906e-11
6.5239e-11,6.3573e-11,3.2177e-11
3.776e-11,3.8524e-11,2.1774e-11
4.2556e-11,5.939e-11,7.3247e-11
4.403e-11,3.7168e-11,2.6911e-11
5.6657e-11,5.7608e-11,8.4102e-11
4.7687e-11,3.4903e-11,3.8298e-11
4.8075e-11,3.3653e-11,5.4463e-11
5.5102e-11,4.9873e-11,7.7113e-11
6.7091e-11,3.7163e-11,6.4494e-11
8.6115e-11,5.9939e-11,5.6917e-11
8.2169e-11,5.6501e-11,5.6673e-11
7.3479e-11,5.0758e-11,7.1278e-11
1.876e-11,2.6993e-11,1.5075e-11
1.8863e-11,2.094e-11,1.1553e-11
1.2313e-11,1.6146e-11,1.1499e-11
1.435e-11,1.7008e-11,1.2159e-11
9.9062e-12,2.8702e-11,2.8109e-11
1.4313e-11,1.8097e-11,1.3602e-11
1.2999e-11,1.8479e-11,1.4635e-11
5.8946e-11,7.4059e-11,1.3922e-11
3.5003e-11,4.169e-11,2.0174e-11
1.823e-11,2.188e-11,1.4369e-11
1.5284e-11,4.0529e-11,3.9833e-11
2.1868e-11,8.2481e-11,7.2872e-11
2.1638e-11,2.3258e-11,1.6594e-11
2.0312e-11,7.3664e-11,6.9388e-11
6.697e-11,8.0183e-11,2.3138e-11
2.4553e-11,4.2105e-11,4.4892e-11
5.8166e-11,6.2189e-11,2.7693e-11
3.6257e-11,8.091e-11,8.4746e-11
2.8258e-11,3.1992e-11,3.4667e-11
3.3631e-11,7.6573e-11,7.6656e-11
7.7092e-11,8.2275e-11,3.662e-11
2.8932e-11,3.117e-11,2.1687e-11
3.1576e-11,4.5916e-11,5.3488e-11
7.6456e-11,7.8305e-11,3.8472e-11
3.641e-11,4.3726e-11,5.5096e-11
3.9243e-11,3.3001e-11,4.9625e-11
3.9228e-11,3.6677e-11,4.7259e-11
4.4237e-11,4.1097e-11,5.6464e-11
4.7566e-11,4.1135e-11,6.3448e-11
4.9365e-11,4.0373e-11,6.2913e-11
5.8242e-11,3.9657e-11,4.5458e-11
7.6764e-11,4.9028e-11,9.3513e-11
6.8487e-11,5.097e-11,6.1001e-11
7.7001e-11,4.7876e-11,8.2215e-11
8.206e-11,5.1991e-11,8.0952e-11
2.6545e-11,3.0694e-11,1.6431e-11
1.9057e-11,2.7095e-11,1.7007e-11
1.4726e-11,2.4439e-11,1.4475e-11
1.1175e-11,1.8023e-11,1.2403e-11
1.7729e-11,3.5508e-11,3.6878e-11
1.5618e-11,1.8856e-11,1.4993e-11
1.8668e-11,5.1612e-11,5.3598e-11
2.2519e-11,2.1844e-11,1.8951e-11
1.9155e-11,2.2637e-11,2.0202e-11
1.4697e-11,2.1599e-11,1.432e-11
1.4328e-11,2.3483e-11,1.9876e-11
1.8185e-11,7.0428e-11,6.5112e-11
7.1167e-11,8.9109e-11,2.3618e-11
2.7355e-11,4.0373e-11,3.9269e-11
5.8526e-11,5.4784e-11,3.3051e-11
3.8058e-11,3.1957e-11,3.5281e-11
5.7456e-11,4.8513e-11,3.3833e-11
4.2639e-11,3.1501e-11,3.3804e-11
6.1396e-11,5.0732e-11,3.5478e-11
5.7491e-11,3.7349e-11,5.5469e-11
6.8877e-11,5.1673e-11,4.1706e-11
6.6901e-11,4.4533e-11,8.2644e-11
7.5879e-11,5.6733e-11,6.4229e-11
7.6152e-11,5.758e-11,6.4902e-11
2.4082e-11,3.4064e-11,1.3653e-11
1.7708e-11,2.2951e-11,1.5781e-11
3.5094e-11,3.242e-11,1.4836e-11
1.4315e-11,2.0843e-11,1.1493e-11
6.2316e-11,7.5321e-11,5.1867e-12
2.0751e-11,6.7044e-11,6.3416e-11
2.2191e-11,7.3995e-11,6.9885e-11
1.8287e-11,2.2558e-11,1.8408e-11
2.5388e-11,4.4185e-11,4.539e-11
1.9412e-11,2.4419e-11,1.5331e-11
4.6053e-11,6.6933e-11,2.0819e-11
2.1573e-11,3.5771e-11,2.528e-11
2.1249e-11,2.2823e-11,1.7962e-11
3.0375e-11,3.6254e-11,2.1017e-11
1.9725e-11,3.0651e-11,2.6982e-11
2.9956e-11,3.6517e-11,2.1615e-11
7.0699e-11,8.0731e-11,3.4259e-11
2.4551e-11,2.7558e-11,2.1362e-11
2.9528e-11,2.6033e-11,2.8431e-11
4.7131e-11,4.0215e-11,2.8253e-11
4.9309e-11,5.441e-11,7.1167e-11
6.949e-11,5.7391e-11,4.1402e-11
8.0801e-11,6.2873e-11,5.0414e-11
5.9693e-11,4.5503e-11,4.9606e-11
6.6953e-11,4.7282e-11,4.9975e-11
6.5732e-11,4.8422e-11,5.1142e-11
7.1122e-11,4.7627e-11,8.4403e-11
8.1159e-11,5.1792e-11,8.4941e-11
1.4004e-11,2.0265e-11,1.3887e-11
1.9403e-11,2.2838e-11,1.332e-11
5.0467e-11,6.1135e-11,1.5951e-11
1.3245e-11,2.095e-11,1.4842e-11
2.0111e-11,5.3786e-11,5.628e-11
4.3527e-11,5.8602e-11,1.8633e-11
1.9267e-11,2.068e-11,1.4954e-11
1.7491e-11,3.5844e-11,3.3151e-11
1.6739e-11,2.3917e-11,1.8437e-11
2.0818e-11,3.2358e-11,3.0163e-11
3.6708e-11,4.6499e-11,2.032e-11
6.4308e-11,8.3181e-11,2.7247e-11
2.1447e-11,2.3199e-11,1.7356e-11
2.3028e-11,3.2981e-11,2.9411e-11
2.7746e-11,3.8538e-11,3.3589e-11
3.2264e-11,4.0488e-11,2.3063e-11
2.1995e-11,2.5995e-11,3.0023e-11
5.1174e-11,4.8083e-11,2.6569e-11
3.1094e-11,3.7231e-11,2.4593e-11
2.8124e-11,3.1577e-11,3.4121e-11
2.3323e-11,2.7483e-11,2.5546e-11
3.5585e-11,4.6077e-11,5.2129e-11
5.7005e-11,4.6992e-11,3.1088e-11
3.3076e-11,2.9943e-11,3.7193e-11
4.8247e-11,6.6871e-11,8.011e-11
5.0915e-11,6.3503e-11,7.6423e-11
4.2641e-11,3.7388e-11,3.9495e-11
4.7673e-11,3.6322e-11,4.3961e-11
7.5701e-11,5.7294e-11,5.7323e-11
2.6903e-11,3.791e-11,1.4623e-11
1.6481e-11,2.939e-11,1.9705e-11
1.0476e-11,1.7468e-11,1.0677e-11
2.4052e-11,3.8409e-11,2.2465e-11
1.8941e-11,2.1621e-11,1.6371e-11
1.9889e-11,4.5564e-11,4.4443e-11
1.3018e-11,1.7608e-11,1.4204e-11
2.1044e-11,3.1404e-11,2.5856e-11
1.763e-11,4.1271e-11,3.9656e-11
1.9941e-11,5.4505e-11,5.7184e-11
4.2549e-11,4.919e-11,2.1482e-11
2.9351e-11,3.5467e-11,2.3566e-11
7.0119e-11,9.2731e-11,2.8747e-11
2.2689e-11,2.5283e-11,2.0807e-11
3.8014e-11,4.0513e-11,2.2832e-11
2.4039e-11,2.5846e-11,1.7615e-11
2.2464e-11,2.8059e-11,2.4198e-11
2.9651e-11,6.7686e-11,7.2504e-11
2.7138e-11,2.9517e-11,3.2081e-11
5.3156e-11,4.5948e-11,3.0012e-11
2.7718e-11,3.1496e-11,2.3239e-11
3.4823e-11,4.069e-11,4.2667e-11
3.0774e-11,3.3327e-11,3.6278e-11
4.2817e-11,6.0243e-11,7.115e-11
3.503e-11,3.3717e-11,2.8269e-11
7.2336e-11,6.2996e-11,3.9665e-11
4.1069e-11,3.7921e-11,3.56e-11
4.1337e-11,3.699e-11,4.8244e-11
5.8304e-11,4.7094e-11,3.7884e-11
5.7857e-11,4.795e-11,4.314e-11
1.3248e-11,2.8714e-11,2.1249e-11
1.4004e-11,2.1802e-11,1.319e-11
2.4226e-11,3.8624e-11,2.2413e-11
1.3931e-11,2.7368e-11,2.1967e-11
5.6326e-11,6.7975e-11,1.1892e-11
7.0048e-11,9.0244e-11,1.2247e-11
3.7422e-11,4.185e-11,1.5487e-11
1.4734e-11,3.2061e-11,2.7486e-11
1.6619e-11,2.0504e-11,1.589e-11
3.1067e-11,4.0044e-11,2.1931e-11
2.5228e-11,5.4902e-11,5.7371e-11
2.0148e-11,3.0618e-11,2.6755e-11
2.2179e-11,2.2176e-11,2.0908e-11
2.3203e-11,3.165e-11,2.8907e-11
3.7259e-11,4.9373e-11,5.2908e-11
2.7378e-11,2.9817e-11,2.9482e-11
3.274e-11,2.9167e-11,3.7005e-11
5.1676e-11,6.8756e-11,8.1099e-11
6.8639e-11,5.6458e-11,3.9298e-11
4.6265e-11,4.0235e-11,5.5112e-11
5.8156e-11,5.8481e-11,7.3881e-11
4.6948e-11,4.4988e-11,3.2756e-11
5.4626e-11,5.4258e-11,6.9605e-11
4.7678e-11,3.545e-11,5.4283e-11
6.1308e-11,5.9781e-11,7.9023e-11
7.2784e-11,5.7148e-11,4.3585e-11
7.0678e-11,5.5599e-11,4.2841e-11
6.6064e-11,5.2015e-11,4.2444e-11
6.1382e-11,4.7172e-11,7.3573e-11
6.2978e-11,5.174e-11,7.7735e-11
1.3376e-11,3.1582e-11,2.3202e-11
1.3172e-11,3.0515e-11,2.4482e-11
3.9436e-11,4.0355e-11,1.13e-11
2.2383e-11,5.1527e-11,5.3339e-11
1.5234e-11,2.4387e-11,1.5889e-11
3.5901e-11,4.2246e-11,1.775e-11
6.9229e-11,9.332e-11,1.0997e-11
1.5901e-11,3.0668e-11,2.7476e-11
1.3065e-11,2.1025e-11,1.6538e-11
6.202e-11,8.8689e-11,1.829e-11
1.7807e-11,3.0976e-11,2.5551e-11
4.2391e-11,4.6533e-11,2.0816e-11
3.3022e-11,7.744e-11,8.2805e-11
3.0623e-11,4.3062e-11,4.0993e-11
5.5087e-11,4.805e-11,2.9874e-11
2.7879e-11,2.7088e-11,2.8831e-11
3.1224e-11,3.2804e-11,2.5268e-11
3.7933e-11,3.4651e-11,3.032e-11
4.3586e-11,3.6589e-11,4.8774e-11
4.9097e-11,4.0949e-11,5.5465e-11
5.6124e-11,5.3634e-11,6.96e-11
6.584e-11,5.3769e-11,3.8879e-11
5.6288e-11,4.9642e-11,6.821e-11
7.0842e-11,5.2109e-11,4.4762e-11
7.5354e-11,5.4851e-11,6.9733e-11
2.3264e-11,3.1603e-11,1.8613e-11
2.7704e-11,3.9894e-11,1.9e-11
1.1955e-11,2.2325e-11,2.0107e-11
1.6455e-11,2.4077e-11,2.1628e-11
1.5615e-11,2.5003e-11,1.4289e-11
2.3488e-11,6.5697e-11,6.2045e-11
5.1518e-11,5.8212e-11,2.4071e-11
1.8938e-11,2.7364e-11,2.5936e-11
2.2791e-11,2.956e-11,2.2784e-11
3.2014e-11,7.1508e-11,7.3654e-11
2.9663e-11,4.2242e-11,3.8656e-11
6.4061e-11,6.1861e-11,3.1614e-11
4.7446e-11,4.6053e-11,2.9385e-11
6.7994e-11,6.2376e-11,3.486e-11
3.644e-11,3.9244e-11,2.7756e-11
4.0793e-11,3.6646e-11,3.3494e-11
4.5574e-11,3.8564e-11,5.336e-11
5.3943e-11,4.8794e-11,6.0055e-11
6.0373e-11,6.0197e-11,7.8637e-11
6.4271e-11,4.8388e-11,4.454e-11
6.7308e-11,4.8115e-11,7.3667e-11
7.689e-11,5.6773e-11,5.2535e-11
7.3769e-11,5.1577e-11,8.322e-11
8.2523e-11,5.257e-11,7.0961e-11
1.1961e-11,1.9586e-11,1.195e-11
1.8158e-11,2.5104e-11,1.401e-11
1.6188e-11,2.9103e-11,2.3439e-11
1.7081e-11,2.0643e-11,1.648e-11
2.1286e-11,2.4225e-11,1.6575e-11
2.3284e-11,2.704e-11,1.9867e-11
1.4627e-11,2.2351e-11,1.709e-11
1.6075e-11,2.6613e-11,1.8782e-11
2.7481e-11,4.8501e-11,4.5316e-11
1.8499e-11,2.5706e-11,1.5211e-11
7.2953e-11,1.004e-10,2.9479e-11
1.894e-11,2.9977e-11,2.743e-11
2.4242e-11,2.8993e-11,2.152e-11
2.3878e-11,2.8109e-11,1.8477e-11
2.7836e-11,3.7027e-11,3.7469e-11
6.3339e-11,5.5737e-11,3.2725e-11
2.7731e-11,3.1565e-11,2.2679e-11
4.1567e-11,4.9785e-11,5.1247e-11
4.6801e-11,3.6548e-11,4.0939e-11
5.8224e-11,5.1476e-11,6.8247e-11
5.0081e-11,3.7137e-11,4.4043e-11
6.418e-11,5.4554e-11,7.6962e-11
6.3829e-11,5.0862e-11,4.5846e-11
6.303e-11,5.0394e-11,7.2339e-11
7.6743e-11,5.6151e-11,6.3755e-11
8.089e-11,5.6808e-11,6.9961e-11
3.2085e-11,4.5683e-11,1.8013e-11
4.608e-11,4.47e-11,1.5771e-11
2.0288e-11,2.6301e-11,1.799e-11
1.403e-11,3.5032e-11,2.6773e-11
2.7991e-11,3.0171e-11,2.1117e-11
2.6286e-11,4.7407e-11,4.3547e-11
3.6435e-11,4.1346e-11,1.8512e-11
2.8187e-11,2.8539e-11,2.1242e-11
1.8077e-11,2.5028e-11,1.6482e-11
4.0328e-11,4.54e-11,1.9919e-11
2.9874e-11,2.6215e-11,2.3463e-11
3.2849e-11,4.6454e-11,2.6303e-11
2.5108e-11,2.9308e-11,1.8993e-11
2.0296e-11,2.5206e-11,1.8882e-11
1.9693e-11,3.4672e-11,2.7606e-11
2.5574e-11,2.9586e-11,2.0525e-11
3.2389e-11,3.5196e-11,2.5734e-11
2.2047e-11,2.9882e-11,2.7273e-11
2.9836e-11,3.5784e-11,2.8992e-11
3.8743e-11,7.9532e-11,8.0877e-11
6.3185e-11,5.7316e-11,3.185e-11
3.894e-11,4.1676e-11,4.5567e-11
3.8384e-11,4.866e-11,4.8536e-11
4.095e-11,5.1433e-11,5.2737e-11
3.7579e-11,3.8607e-11,4.834e-11
4.9587e-11,6.7816e-11,7.4973e-11
5.8419e-11,5.5582e-11,3.1638e-11
3.9144e-11,3.8624e-11,2.8475e-11
4.1775e-11,3.7298e-11,4.53e-11
4.2528e-11,3.5765e-11,4.927e-11
6.2363e-11,5.5088e-11,3.6595e-11
7.5213e-11,6.1412e-11,4.1955e-11
6.2533e-11,5.1379e-11,7.2854e-11
6.2129e-11,5.1265e-11,3.8923e-11
6.3069e-11,5.109e-11,4.5162e-11
7.4344e-11,5.6565e-11,4.6629e-11
6.6266e-11,5.2026e-11,4.7126e-11
6.9531e-11,5.2757e-11,5.2548e-11
6.9497e-11,4.8864e-11,5.8098e-11
2.8905e-11,4.039e-11,2.0151e-11
1.5536e-11,2.395e-11,1.3721e-11
1.8163e-11,3.2748e-11,2.5412e-11
3.1782e-11,5.7026e-11,5.8581e-11
1.7511e-11,2.5155e-11,1.996e-11
5.3015e-11,6.4674e-11,2.2165e-11
1.8933e-11,2.5093e-11,1.5798e-11
2.4493e-11,4.042e-11,3.2347e-11
2.8843e-11,4.6927e-11,3.725e-11
1.9244e-11,3.0227e-11,2.4336e-11
6.1905e-11,6.9785e-11,2.8282e-11
2.6053e-11,3.6354e-11,3.0878e-11
2.7436e-11,2.8502e-11,2.2144e-11
5.1741e-11,5.091e-11,2.5691e-11
5.1115e-11,5.2171e-11,2.7427e-11
3.1149e-11,2.7835e-11,2.1416e-11
2.6974e-11,3.2334e-11,3.1556e-11
3.3264e-11,3.2105e-11,2.4181e-11
4.2026e-11,5.0758e-11,5.1061e-11
3.7112e-11,4.0636e-11,3.3368e-11
5.7587e-11,6.3942e-11,7.3155e-11
3.5413e-11,3.7138e-11,3.5465e-11
6.5228e-11,5.3337e-11,7.3434e-11
6.9177e-11,4.8639e-11,7.4465e-11
6.9492e-11,5.1521e-11,7.3748e-11
7.4883e-11,5.5525e-11,7.1375e-11
3.5179e-11,5.5873e-11,2.1455e-11
1.9904e-11,4.3013e-11,3.7686e-11
2.2278e-11,4.5727e-11,4.2863e-11
6.3563e-11,8.1168e-11,1.2222e-11
4.897e-11,5.7419e-11,2.0483e-11
3.2724e-11,4.3901e-11,2.7795e-11
1.7671e-11,2.5452e-11,1.6854e-11
3.6092e-11,4.6404e-11,2.8382e-11
5.6626e-11,6.5659e-11,2.7389e-11
7.1584e-11,1.003e-10,3.1492e-11
2.1941e-11,3.1733e-11,2.7167e-11
3.4257e-11,3.5473e-11,2.5091e-11
3.8055e-11,6.5603e-11,6.2457e-11
2.8634e-11,2.8169e-11,2.046e-11
2.5092e-11,3.1084e-11,2.0536e-11
2.4975e-11,2.9165e-11,2.2056e-11
3.4684e-11,3.7531e-11,3.9876e-11
3.808e-11,3.2124e-11,2.7643e-11
4.4201e-11,5.0167e-11,2.9408e-11
4.6672e-11,5.0039e-11,5.733e-11
3.643e-11,3.5331e-11,2.7621e-11
3.9711e-11,3.3617e-11,3.5632e-11
5.5528e-11,4.0599e-11,5.0993e-11
7.837e-11,5.5515e-11,7.0833e-11
3.8998e-11,5.4742e-11,1.9637e-11
2.3926e-11,2.9135e-11,1.809e-11
1.6817e-11,3.5126e-11,2.9269e-11
3.972e-11,5.347e-11,2.4661e-11
2.0038e-11,2.4529e-11,2.1332e-11
2.0572e-11,3.7543e-11,3.1776e-11
2.8034e-11,2.8093e-11,1.9876e-11
1.9539e-11,3.6411e-11,2.8091e-11
2.6287e-11,3.6267e-11,3.5392e-11
3.6956e-11,7.4936e-11,6.935e-11
2.9453e-11,3.5493e-11,3.7709e-11
3.2726e-11,2.9221e-11,2.2712e-11
3.5725e-11,4.085e-11,3.1767e-11
4.291e-11,6.6658e-11,6.3615e-11
5.16e-11,7.0493e-11,7.4836e-11
3.9239e-11,3.2579e-11,2.7161e-11
5.0138e-11,5.29e-11,6.0567e-11
5.7399e-11,6.7512e-11,7.7806e-11
7.6624e-11,6.45e-11,4.1591e-11
7.4756e-11,6.3086e-11,4.413e-11
5.5468e-11,4.6019e-11,5.9948e-11
8.1924e-11,6e-11,7.6694e-11
2.3738e-11,3.4742e-11,2.1191e-11
2.0754e-11,2.357e-11,1.8733e-11
2.0589e-11,2.8874e-11,2.3482e-11
1.7837e-11,2.3032e-11,1.7978e-11
1.7754e-11,2.8769e-11,1.6952e-11
1.909e-11,2.5978e-11,1.737e-11
1.8014e-11,2.7388e-11,1.5148e-11
2.3481e-11,2.9808e-11,1.686e-11
2.8696e-11,3.3347e-11,2.5601e-11
2.2364e-11,3.8156e-11,2.9842e-11
6.8377e-11,9.0548e-11,2.8686e-11
5.9377e-11,6.1172e-11,3.07e-11
2.4319e-11,2.9129e-11,2.4198e-11
4.0603e-11,7.6007e-11,7.2112e-11
5.36e-11,5.7257e-11,3.099e-11
4.2301e-11,4.1486e-11,3.1609e-11
3.6584e-11,3.6098e-11,2.7482e-11
4.2907e-11,4.2578e-11,3.1902e-11
3.8323e-11,4.0824e-11,4.8339e-11
3.8535e-11,4.0057e-11,3.9781e-11
6.6794e-11,6.4798e-11,3.5966e-11
4.1995e-11,4.2604e-11,4.973e-11
3.78e-11,3.3839e-11,4.0815e-11
5.4059e-11,4.436e-11,5.6187e-11
5.9315e-11,4.9776e-11,4.4734e-11
5.492e-11,4.2285e-11,4.2918e-11
6.9195e-11,5.3056e-11,6.0364e-11
2.0548e-11,2.8476e-11,2.3419e-11
2.2841e-11,3.1359e-11,2.6641e-11
4.4786e-11,5.5505e-11,2.3427e-11
3.5102e-11,4.9058e-11,2.7407e-11
2.1142e-11,4.4023e-11,3.7036e-11
2.5686e-11,6.4625e-11,5.8411e-11
2.7129e-11,7.4934e-11,7.2977e-11
1.8338e-11,3.6195e-11,3.0128e-11
2.1141e-11,2.6144e-11,2.2649e-11
6.8714e-11,9.1394e-11,2.7037e-11
5.4553e-11,6.0644e-11,2.6845e-11
2.1081e-11,2.5927e-11,2.1173e-11
2.2513e-11,2.6369e-11,2.2808e-11
2.7225e-11,3.0017e-11,2.1328e-11
3.9614e-11,6.6781e-11,6.0782e-11
4.3238e-11,7.0793e-11,6.5398e-11
4.5187e-11,6.6866e-11,6.2718e-11
4.1022e-11,5.4747e-11,5.6184e-11
3.872e-11,3.6682e-11,2.94e-11
3.8059e-11,3.3606e-11,2.8623e-11
4.3225e-11,4.4497e-11,5.4756e-11
5.5725e-11,5.5258e-11,4.3087e-11
5.3681e-11,4.8965e-11,6.1044e-11
6.5444e-11,5.3989e-11,6.712e-11
7.208e-11,5.3795e-11,5.7221e-11
7.6814e-11,5.8239e-11,6.7642e-11
5.819e-11,6.2969e-11,2.093e-11
3.1067e-11,3.9844e-11,2.1804e-11
3.4884e-11,3.6947e-11,2.6186e-11
5.852e-11,6.4426e-11,1.7949e-11
2.0835e-11,5.7606e-11,5.1117e-11
7.83e-11,1.0338e-10,1.9145e-11
2.9491e-11,8.1203e-11,7.2329e-11
2.8993e-11,3.1043e-11,2.0006e-11
2.0625e-11,2.7721e-11,2.2662e-11
5.4651e-11,6.176e-11,2.6142e-11
3.5844e-11,3.6082e-11,2.722e-11
2.1975e-11,2.9187e-11,2.0565e-11
5.0144e-11,5.7156e-11,2.7643e-11
2.5835e-11,4.8024e-11,4.3718e-11
2.2874e-11,2.8487e-11,1.7737e-11
2.1379e-11,2.9812e-11,2.0223e-11
6.1565e-11,6.7393e-11,3.483e-11
2.8081e-11,3.1865e-11,2.1294e-11
2.7305e-11,3.3756e-11,3.4697e-11
3.1801e-11,3.2175e-11,2.6571e-11
2.753e-11,3.0936e-11,2.0889e-11
2.7806e-11,3.4065e-11,2.7632e-11
5.1643e-11,6.2876e-11,3.5147e-11
4.3958e-11,7.0863e-11,6.6216e-11
3.5326e-11,4.5012e-11,4.6326e-11
4.3342e-11,4.3137e-11,3.3002e-11
3.127e-11,3.2756e-11,3.0636e-11
5.3735e-11,7.8628e-11,7.9194e-11
5.6698e-11,7.5817e-11,7.5435e-11
4.2112e-11,4.074e-11,3.1347e-11
4.8395e-11,5.0863e-11,3.5165e-11
4.3548e-11,4.4744e-11,5.345e-11
4.9311e-11,5.3269e-11,6.3416e-11
5.4258e-11,4.749e-11,4.4985e-11
6.759e-11,5.494e-11,5.7888e-11
5.3594e-11,6.7867e-11,2.3019e-11
4.0296e-11,6.3715e-11,2.7329e-11
4.2654e-11,6.5356e-11,3.2084e-11
1.9723e-11,2.4896e-11,1.965e-11
7.1449e-11,8.1079e-11,2.2906e-11
8.1846e-11,1.0783e-10,2.0464e-11
2.2258e-11,4.3812e-11,3.704e-11
3.0163e-11,6.9369e-11,6.2105e-11
2.3944e-11,2.7909e-11,2.2838e-11
4.67e-11,6.8703e-11,3.4158e-11
4.5883e-11,6.8199e-11,3.7405e-11
2.2977e-11,3.0129e-11,1.9429e-11
2.8225e-11,4.3923e-11,4.0338e-11
2.4403e-11,3.2155e-11,2.0651e-11
6.5037e-11,6.7942e-11,3.3445e-11
3.6946e-11,3.3626e-11,2.5992e-11
3.303e-11,3.2819e-11,3.1281e-11
5.1401e-11,5.7109e-11,3.9722e-11
4.256e-11,4.4589e-11,5.0581e-11
5.1627e-11,5.6277e-11,3.8795e-11
4.4649e-11,4.1495e-11,5.1198e-11
5.6017e-11,5.9924e-11,6.7708e-11
5.2689e-11,4.8428e-11,3.7575e-11
5.783e-11,5.5144e-11,6.4264e-11
6.1185e-11,5.3447e-11,4.6852e-11
6.3626e-11,4.9124e-11,5.3514e-11
6.4415e-11,5.1804e-11,6.1833e-11
5.4794e-11,6.4742e-11,2.5622e-11
4.8707e-11,7.3948e-11,2.9499e-11
3.0196e-11,3.8389e-11,2.4281e-11
6.8407e-11,7.4676e-11,2.0903e-11
1.98e-11,3.6945e-11,3.1222e-11
3.1468e-11,3.1952e-11,2.2123e-11
2.7454e-11,7.7738e-11,6.8333e-11
2.3548e-11,4.1752e-11,3.6957e-11
2.2878e-11,2.9944e-11,1.9071e-11
2.7652e-11,3.9907e-11,3.297e-11
2.7827e-11,3.4266e-11,2.9019e-11
2.6811e-11,3.7378e-11,2.3673e-11
6.0345e-11,7.0058e-11,3.9027e-11
6.302e-11,7.1123e-11,3.6516e-11
4.9273e-11,5.2521e-11,6.0605e-11
5.8113e-11,6.2984e-11,3.9237e-11
5.7701e-11,6.1501e-11,4.0484e-11
6.4292e-11,5.6059e-11,7.2189e-11
6.6557e-11,5.2408e-11,5.182e-11
5.8882e-11,6.5835e-11,2.812e-11
2.26e-11,2.7038e-11,2.1305e-11
2.5882e-11,6.2859e-11,5.5373e-11
7.3724e-11,8.1754e-11,2.3907e-11
2.1328e-11,3.1514e-11,1.7635e-11
2.0528e-11,2.9264e-11,1.7257e-11
3.3765e-11,3.5815e-11,2.4033e-11
4.7796e-11,7.2308e-11,4.0628e-11
2.6217e-11,3.2967e-11,2.4778e-11
2.2001e-11,3.1327e-11,2.5566e-11
3.2337e-11,3.4461e-11,2.3202e-11
5.301e-11,7.5323e-11,4.24e-11
5.2165e-11,7.3857e-11,4.0427e-11
2.7544e-11,4.4325e-11,4.108e-11
3.3088e-11,3.7919e-11,2.6532e-11
3.684e-11,4.7678e-11,5.1039e-11
4.4453e-11,6.0095e-11,5.9728e-11
5.4742e-11,6.6685e-11,7.1681e-11
4.3126e-11,4.2431e-11,3.4885e-11
4.1461e-11,4.4796e-11,3.4645e-11
4.2906e-11,4.4999e-11,5.3909e-11
4.7002e-11,4.651e-11,5.614e-11
5.6342e-11,5.8955e-11,7.023e-11
4.3508e-11,4.4347e-11,4.7171e-11
6.9277e-11,7.2032e-11,4.5631e-11
6.8415e-11,6.5736e-11,4.6442e-11
5.1567e-11,4.5126e-11,4.0349e-11
6.16e-11,5.4939e-11,6.6776e-11
6.0496e-11,5.5595e-11,5.2541e-11
6.2884e-11,5.2807e-11,5.4358e-11
6.446e-11,7.4785e-11,2.6012e-11
6.0933e-11,7.4648e-11,3.1333e-11
2.6765e-11,3.3424e-11,2.5598e-11
2.789e-11,4.6222e-11,4.064e-11
6.0963e-11,7.6518e-11,3.6265e-11
6.9687e-11,7.5549e-11,3.524e-11
6.9878e-11,7.6332e-11,3.6887e-11
3.1007e-11,3.2883e-11,2.7032e-11
4.7694e-11,6.351e-11,6.3963e-11
5.1611e-11,4.8375e-11,3.8865e-11
6.6991e-11,6.7212e-11,4.3713e-11
4.8605e-11,4.5606e-11,3.7549e-11
5.7206e-11,5.2827e-11,4.5299e-11
5.3754e-11,5.221e-11,5.2755e-11
5.7363e-11,5.2386e-11,6.1152e-11
6.1665e-11,5.1362e-11,4.7156e-11
5.6361e-11,5.5485e-11,5.0316e-11
3.7602e-11,4.263e-11,2.7827e-11
3.9541e-11,5.2605e-11,2.9973e-11
6.677e-11,7.8084e-11,2.8948e-11
2.945e-11,7.2054e-11,6.5618e-11
3.4882e-11,4.0515e-11,2.6092e-11
7.9435e-11,9.126e-11,2.9965e-11
2.3594e-11,3.495e-11,2.9061e-11
5.5251e-11,6.7999e-11,3.9948e-11
2.7109e-11,3.4832e-11,2.6192e-11
3.215e-11,7.1047e-11,6.2483e-11
2.5616e-11,3.5398e-11,2.0842e-11
2.6059e-11,3.515e-11,2.3046e-11
5.7108e-11,6.6675e-11,4.1018e-11
5.7638e-11,6.0954e-11,4.319e-11
5.0049e-11,4.6677e-11,3.7908e-11
5.431e-11,4.9985e-11,4.2488e-11
5.2434e-11,5.1913e-11,5.8514e-11
6.4998e-11,5.865e-11,6.2866e-11
2.9128e-11,4.0296e-11,2.2431e-11
2.3515e-11,3.2893e-11,2.0174e-11
2.2639e-11,2.9718e-11,2.1302e-11
2.3368e-11,5.2617e-11,4.6582e-11
2.8561e-11,6.9282e-11,6.1712e-11
2.4882e-11,3.5769e-11,2.2481e-11
2.9915e-11,4.484e-11,3.9823e-11
6.8495e-11,8.268e-11,3.8625e-11
3.4751e-11,6.2647e-11,5.6428e-11
3.3015e-11,4.4657e-11,4.1586e-11
5.6824e-11,5.7988e-11,4.1919e-11
3.2066e-11,3.7267e-11,3.885e-11
6.1332e-11,6.7918e-11,4.5657e-11
4.5907e-11,5.8984e-11,6.1011e-11
5.449e-11,5.4394e-11,5.7062e-11
3.4974e-11,4.1992e-11,2.8948e-11
2.7469e-11,3.877e-11,2.2348e-11
2.6738e-11,4.0041e-11,2.1869e-11
7.5822e-11,8.2727e-11,3.4355e-11
2.7594e-11,3.8758e-11,2.6372e-11
3.4791e-11,6.5096e-11,5.9673e-11
5.5137e-11,5.5574e-11,4.1764e-11
3.0014e-11,3.8719e-11,3.088e-11
3.4986e-11,4.7349e-11,4.3433e-11
5.8178e-11,5.433e-11,4.4066e-11
4.5077e-11,4.1968e-11,3.3785e-11
4.8565e-11,4.8771e-11,3.8561e-11
5.0039e-11,5.0489e-11,4.0019e-11
2.9122e-11,4.6577e-11,3.8934e-11
5.103e-11,6.6936e-11,4.1035e-11
4.6785e-11,4.7325e-11,3.7261e-11
6.9587e-11,8.7511e-11,3.8483e-11
2.7732e-11,4.0567e-11,2.4835e-11
3.4667e-11,7.7087e-11,6.7987e-11
7.4954e-11,8.9613e-11,4.0755e-11
2.8617e-11,3.6071e-11,2.4897e-11
7.0457e-11,8.8132e-11,4.316e-11
3.6227e-11,6.6114e-11,6.1187e-11
3.1673e-11,3.9419e-11,3.799e-11
3.4859e-11,4.5697e-11,4.3452e-11
5.7577e-11,5.3866e-11,4.2135e-11
4.085e-11,4.3926e-11,3.371e-11
4.5365e-11,5.2139e-11,5.4998e-11
5.0426e-11,5.1712e-11,4.2932e-11
5.8873e-11,5.5171e-11,4.7499e-11
5.6544e-11,5.7546e-11,4.6035e-11
2.8343e-11,3.8003e-11,2.3882e-11
4.5916e-11,5.4374e-11,3.5261e-11
2.4597e-11,3.2767e-11,2.428e-11
2.9831e-11,4.0374e-11,3.8662e-11
5.3063e-11,5.7914e-11,4.4815e-11
3.2721e-11,6.4775e-11,6.1155e-11
3.0389e-11,3.4563e-11,3.1548e-11
3.4571e-11,4.2697e-11,2.3204e-11
3.3561e-11,4.0883e-11,2.2941e-11
4.2872e-11,4.1992e-11,2.7609e-11
3.1976e-11,4.0758e-11,3.8447e-11
4.262e-11,4.3517e-11,2.8588e-11
4.0027e-11,4.2196e-11,2.9068e-11
4.1856e-11,4.689e-11,4.3516e-11
4.8463e-11,5.2846e-11,4.7863e-11
5.2829e-11,5.0178e-11,4.0706e-11
5.4103e-11,5.2721e-11,4.3597e-11
3.7916e-11,4.848e-11,2.9129e-11
2.7784e-11,3.4629e-11,2.8829e-11
2.6981e-11,3.7007e-11,3.034e-11
3.1512e-11,6.3772e-11,5.756e-11
3.502e-11,6.8334e-11,6.2168e-11
5.0108e-11,5.4673e-11,3.9318e-11
3.5768e-11,4.5785e-11,2.3743e-11
3.316e-11,3.6664e-11,3.4796e-11
3.4431e-11,4.9499e-11,4.5396e-11
3.551e-11,4.3685e-11,4.1357e-11
6.4658e-11,6.421e-11,4.5806e-11
6.7453e-11,7.1836e-11,4.9649e-11
3.8157e-11,6.4407e-11,5.9643e-11
4.6863e-11,4.3896e-11,3.0441e-11
4.3439e-11,5.2124e-11,4.8321e-11
5.1142e-11,5.027e-11,3.8472e-11
5.2273e-11,5.2545e-11,4.0189e-11
4.8277e-11,5.2312e-11,4.4504e-11
5.0505e-11,5.9616e-11,6.2288e-11
5.4998e-11,5.2853e-11,4.1634e-11
5.3503e-11,5.7037e-11,4.7688e-11
5.9117e-11,5.9473e-11,4.819e-11
4.5844e-11,4.8168e-11,3.4596e-11
3.3465e-11,4.4555e-11,4.2634e-11
4.4454e-11,4.5434e-11,2.9112e-11
3.6269e-11,4.4348e-11,4.065e-11
4.3111e-11,4.5964e-11,3.0045e-11
4.0283e-11,4.5095e-11,3.9353e-11
4.4779e-11,5.5738e-11,5.396e-11
5.1379e-11,5.827e-11,5.8491e-11
5.8499e-11,5.4793e-11,4.3498e-11
4.9478e-11,5.6109e-11,4.9086e-11
4.989e-11,5.4233e-11,4.4334e-11
5.4566e-11,5.9728e-11,4.6009e-11
5.7906e-11,5.8666e-11,4.568e-11
4.5072e-11,5.1233e-11,3.3229e-11
3.4651e-11,4.6283e-11,2.8903e-11
3.1305e-11,4.5892e-11,4.2094e-11
3.5425e-11,4.9207e-11,2.7577e-11
4.7172e-11,5.1675e-11,3.283e-11
3.0509e-11,3.8965e-11,2.9602e-11
3.1417e-11,3.7974e-11,3.4004e-11
3.2757e-11,4.4553e-11,2.5534e-11
3.9561e-11,6.3888e-11,6.2021e-11
5.6065e-11,5.1071e-11,3.8848e-11
4.5684e-11,4.7993e-11,3.2139e-11
6.5773e-11,5.9133e-11,4.8165e-11
6.351e-11,6.0222e-11,4.7427e-11
4.9302e-11,5.6822e-11,4.7152e-11
3.031e-11,4.1527e-11,2.7308e-11
4.564e-11,5.9951e-11,3.5706e-11
3.1195e-11,3.8428e-11,3.2443e-11
3.7856e-11,4.9834e-11,2.9299e-11
4.2132e-11,6.8677e-11,6.5757e-11
4.4051e-11,5.9766e-11,5.4108e-11
4.5007e-11,5.776e-11,5.3223e-11
4.0893e-11,5.1016e-11,3.7507e-11
4.3741e-11,5.0184e-11,4.3861e-11
4.5283e-11,5.7449e-11,5.1834e-11
4.7596e-11,5.7562e-11,3.8998e-11
4.8128e-11,5.5838e-11,4.0562e-11
4.7839e-11,6.0862e-11,5.5928e-11
4.5416e-11,5.4547e-11,4.7991e-11
3.4352e-11,3.9842e-11,2.9167e-11
3.7376e-11,4.9196e-11,3.0218e-11
3.9794e-11,5.4074e-11,2.7628e-11
3.5437e-11,4.7196e-11,2.8006e-11
3.7143e-11,7.0357e-11,6.7265e-11
3.7193e-11,4.2043e-11,3.9913e-11
4.3256e-11,5.025e-11,4.5057e-11
5.7258e-11,5.46e-11,3.9173e-11
6.0632e-11,5.8336e-11,4.1355e-11
4.4672e-11,5.7614e-11,3.8772e-11
4.5037e-11,5.7202e-11,4.002e-11
6.6305e-11,5.9563e-11,4.7032e-11
4.7591e-11,5.4634e-11,4.9715e-11
4.8991e-11,6.4017e-11,5.5856e-11
5.7031e-11,5.7209e-11,4.0278e-11
6.8412e-11,6.1164e-11,5.2508e-11
5.2465e-11,6.2277e-11,4.311e-11
6.2158e-11,6.0355e-11,4.7883e-11
4.0048e-11,4.5542e-11,2.9156e-11
3.7901e-11,6.3266e-11,5.613e-11
5.2283e-11,5.7137e-11,3.6357e-11
4.0162e-11,5.6974e-11,3.216e-11
4.2954e-11,5.064e-11,4.584e-11
5.053e-11,6.1674e-11,5.7003e-11
4.9351e-11,5.9453e-11,5.4857e-11
5.9153e-11,6.4943e-11,4.7175e-11
3.8517e-11,4.5656e-11,3.2552e-11
3.8412e-11,4.529e-11,3.4173e-11
4.6141e-11,6.7187e-11,6.239e-11
4.3136e-11,4.9085e-11,3.8373e-11
4.2984e-11,5.2701e-11,3.3383e-11
4.4855e-11,5.2753e-11,4.736e-11
4.0074e-11,5.0562e-11,3.3286e-11
4.6397e-11,7.5608e-11,6.9474e-11
4.3109e-11,5.742e-11,5.3263e-11
4.1376e-11,5.1973e-11,4.9391e-11
4.2696e-11,4.9275e-11,3.512e-11
4.2804e-11,5.1576e-11,3.8311e-11
5.3536e-11,6.3059e-11,3.8534e-11
4.1689e-11,5.5253e-11,3.2679e-11
5.2917e-11,6.4555e-11,3.8499e-11
4.4038e-11,5.9145e-11,3.4077e-11
4.5584e-11,5.2848e-11,3.9609e-11
4.8754e-11,5.7135e-11,5.2009e-11
3.7953e-11,4.752e-11,4.0845e-11
4.0222e-11,4.7201e-11,3.9811e-11
4.9778e-11,6.6685e-11,3.6245e-11
5.7785e-11,6.8543e-11,4.1588e-11
4.7079e-11,5.3131e-11,5.1036e-11
6.2912e-11,6.4959e-11,4.3369e-11
4.7342e-11,6.7566e-11,5.9812e-11
4.9536e-11,7.6943e-11,7.426e-11
5.1668e-11,7.269e-11,6.6568e-11
5.4755e-11,7.0776e-11,3.9821e-11
4.9547e-11,6.0542e-11,3.7971e-11
5.3271e-11,6.1149e-11,5.9186e-11
5.5967e-11,6.8774e-11,6.6242e-11
5.0997e-11,6.058e-11,3.9222e-11
5.3027e-11,5.9833e-11,5.8089e-11
5.2719e-11,6.2737e-11,4.0659e-11
4.6493e-11,5.7916e-11,5.012e-11
4.7352e-11,5.7773e-11,5.2616e-11
5.0088e-11,6.8151e-11,3.8787e-11
5.7169e-11,6.8439e-11,4.3476e-11
5.4033e-11,6.4214e-11,6.3594e-11
5.829e-11,7.5413e-11,7.3165e-11
5.45e-11,6.3289e-11,5.7564e-11
5.993e-11,6.6804e-11,6.6426e-11
5.777e-11,7.068e-11,4.5597e-11
